compound_id,Canonical_SMILES,pPotency,Virus
12187083,Nc1ncnc2c1ncn2C1=C[C@H](CO)[C@@H](O)[C@H]1O,6.42021640338319,Ebola
118714010,Nc1ncnc2c1ncn2C1=C[C@@H](CO)[C@H](O)[C@@H]1O,6.119186407719209,Ebola
66552950,Nc1ncc(Br)c2c1ncn2[C@@H]1C=C(CO)[C@@H](O)[C@H]1O,6.494850021680094,Ebola
66552950,Nc1ncc(Br)c2c1ncn2[C@@H]1C=C(CO)[C@@H](O)[C@H]1O,5.519993057042849,Ebola
118895044,Nc1nccc2c1ncn2C1=C[C@@H](CO)[C@H](O)[C@@H]1O,6.494850021680094,Ebola
118895044,Nc1nccc2c1ncn2C1=C[C@@H](CO)[C@H](O)[C@@H]1O,6.494850021680094,Ebola
118895042,Nc1nccc2c1ncn2C1=C[C@H](CO)[C@@H](O)[C@H]1O,6.494850021680094,Ebola
118895042,Nc1nccc2c1ncn2C1=C[C@H](CO)[C@@H](O)[C@H]1O,4.130181792020672,Ebola
118895046,Nc1ncc(Br)c2c1ncn2C1=C[C@@H](CO)[C@H](O)[C@@H]1O,5.454692883534176,Ebola
118895043,Nc1ncc(Br)c2c1ncn2C1=C[C@H](CO)[C@@H](O)[C@H]1O,7.0,Ebola
44468216,N#C[C@@]1(c2ccc3c(N)ncnn23)O[C@H](CO)[C@@H](O)[C@H]1O,6.113509274827519,Ebola
134133102,CCC(CC)OC(=O)[C@H](C)N[P@@](=O)(OC[C@H]1O[C@@](C#N)(c2ccc3c(N)ncnn23)[C@H](O)[C@@H]1O)Oc1ccccc1,7.221848749616356,Ebola
90467922,COc1cc(-c2cnc3c(N4CCOCC4)snc3c2)ccc1N,4.659357622439295,Ebola
90467922,COc1cc(-c2cnc3c(N4CCOCC4)snc3c2)ccc1N,4.925915310971757,Ebola
134817201,COc1cc(-c2cnc3c(N4C[C@@H](C)O[C@@H](C)C4)snc3c2)ccc1N,5.111708154643485,Ebola
134817201,COc1cc(-c2cnc3c(N4C[C@@H](C)O[C@@H](C)C4)snc3c2)ccc1N,5.613322716039162,Ebola
145951454,COc1cc(-c2cnc3c(N4CCO[C@@H](C)C4)snc3c2)ccc1N,5.093557206182968,Ebola
145951454,COc1cc(-c2cnc3c(N4CCO[C@@H](C)C4)snc3c2)ccc1N,5.564155634015559,Ebola
145957629,COc1cc(-c2cnc3c(N4CCOC(C)C4)snc3c2)ccc1N,5.104301273040695,Ebola
145957629,COc1cc(-c2cnc3c(N4CCOC(C)C4)snc3c2)ccc1N,5.698752911363789,Ebola
145959760,COc1cc(-c2cnc3c(N4CCO[C@H](C)C4)snc3c2)ccc1N,5.362010219215315,Ebola
145959760,COc1cc(-c2cnc3c(N4CCO[C@H](C)C4)snc3c2)ccc1N,5.0,Ebola
3696,CN(C)CCCN1c2ccccc2CCc2ccccc21,4.87942606879415,Ebola
2801,CN(C)CCCN1c2ccccc2CCc2ccc(Cl)cc21,4.987162775294828,Ebola
5452,CSc1ccc2c(c1)N(CCC1CCCCN1C)c1ccccc1S2,5.10790539730952,Ebola
3005573,CN(C)CCOc1ccc(/C(=C(/CCCl)c2ccccc2)c2ccccc2)cc1,6.823908740944319,Ebola
2801,CN(C)CCCN1c2ccccc2CCc2ccc(Cl)cc21,4.943095148663527,Ebola
5452,CSc1ccc2c(c1)N(CCC1CCCCN1C)c1ccccc1S2,5.204815410317576,Ebola
3005573,CN(C)CCOc1ccc(/C(=C(/CCCl)c2ccccc2)c2ccccc2)cc1,6.790484985457369,Ebola
3696,CN(C)CCCN1c2ccccc2CCc2ccccc21,4.863279432843593,Ebola
2801,CN(C)CCCN1c2ccccc2CCc2ccc(Cl)cc21,5.30189945437661,Ebola
3005573,CN(C)CCOc1ccc(/C(=C(/CCCl)c2ccccc2)c2ccccc2)cc1,6.247183568811729,Ebola
71254944,COC(=O)c1ccc(COc2ccccc2CN2CCN(C(=O)CNC(=O)CC34CC5CC(CC(C5)C3)C4)CC2)cc1,7.886056647693163,Ebola
71527848,O=C(CC12CC3CC(CC(C3)C1)C2)NCC(=O)N1CCN(Cc2cc(Br)ccc2O)CC1,6.301029995663981,Ebola
145963887,N#Cc1ccc(Br)cc1CN1CCN(C(=O)CNC(=O)CC23CC4CC(CC(C4)C2)C3)CC1,6.508638306165728,Ebola
145964344,O=C(CC12CC3CC(CC(Br)(C3)C1)C2)NCC(=O)N1CCN(Cc2ccccc2OCc2ccc(Br)cc2)CC1,6.221848749616356,Ebola
145964514,O=C(CC12CC3CC(CC(C3)C1)C2)NCC(=O)N1CCN(Cc2ccccc2OCc2ccc(Br)cc2)CC1,6.657577319177793,Ebola
145964515,O=C(CC12CC3CC(CC(C3)C1)C2)NCC(=O)N1CCN(Cc2cc(Cl)ccc2O)CC1,6.698970004336019,Ebola
145964605,O=C(CC12CC3CC(CC(C3)C1)C2)NCC(=O)N1CCN(Cc2cc(Cl)ccc2F)CC1,6.443697499232712,Ebola
145964921,COC(=O)c1ccc(COc2ccc(Cl)cc2CN2CCN(C(=O)CNC(=O)CC3CCC(F)(F)CC3)CC2)cc1,7.823908740944319,Ebola
145964945,COC(=O)c1ccc(COc2ccc(F)cc2CN2CCN(C(=O)CNC(=O)CC3CCC(F)(F)CC3)CC2)cc1,7.744727494896693,Ebola
145965349,Nc1ccc(Cl)cc1CN1CCN(C(=O)CNC(=O)C2CC23CCC(F)(F)CC3)CC1,7.0,Ebola
145965374,COC(=O)c1cccc(-c2ccc(Cl)cc2CN2CCN(C(=O)CNC(=O)CC34CC5CC(CC(C5)C3)C4)CC2)c1,6.6020599913279625,Ebola
145965457,NC(=O)c1ccc(COc2ccccc2CN2CCN(C(=O)CNC(=O)CC34CC5CC(CC(C5)C3)C4)CC2)cc1,6.154901959985743,Ebola
145965478,COC(=O)c1ccc(COc2ccccc2CN2CCN(C(=O)CNC(=O)CC34CC5CC(C3)CC(C(=O)O)(C5)C4)CC2)cc1,5.698970004336019,Ebola
145965580,COC(=O)c1ccc(COc2ccccc2CN2CCN(C(=O)CNC(=O)CC3CC3(C)C)CC2)cc1,6.522878745280337,Ebola
145965722,CN(C)S(=O)(=O)c1ccc(COc2ccccc2CN2CCN(C(=O)CNC(=O)CC34CC5CC(CC(C5)C3)C4)CC2)cc1,6.3979400086720375,Ebola
145965881,O=C(CC12CC3CC(CC(C3)C1)C2)NCC(=O)N1CCN(Cc2cc(Br)ccc2F)CC1,5.920818753952375,Ebola
145965907,O=C(CC12CC3CC(CC(C3)C1)C2)NCC(=O)N1CCN(Cc2ccccc2OCc2ccc(-c3ncco3)cc2)CC1,6.568636235841013,Ebola
137550812,O=C(CC1CCC(F)(F)CC1)NCC(=O)N1CCN(Cc2cc(Cl)cc(Cl)c2O)CC1,5.443697499232713,Ebola
145966015,[2H]C([2H])(c1cc(Cl)ccc1N)N1CCN(C(=O)CNC(=O)CC2CCC(F)(F)CC2)CC1,6.459670525209126,Ebola
145966423,CC(=O)Nc1ccc(Cl)cc1CN1CCN(C(=O)CNC(=O)CC23CC4CC(CC(C4)C2)C3)CC1,6.022276394711152,Ebola
145966761,COC(=O)c1ccc(COc2ccc(C#N)cc2CN2CCN(C(=O)CNC(=O)CC34CC5CC(CC(C5)C3)C4)CC2)cc1,7.301029995663981,Ebola
145966802,[2H]C([2H])(c1cc(Cl)ccc1N)N1CCN(C(=O)CNC(=O)C2CC23CCC(F)(F)CC3)CC1,7.026872146400302,Ebola
145966802,[2H]C([2H])(c1cc(Cl)ccc1N)N1CCN(C(=O)CNC(=O)C2CC23CCC(F)(F)CC3)CC1,7.292429823902063,Ebola
145966802,[2H]C([2H])(c1cc(Cl)ccc1N)N1CCN(C(=O)CNC(=O)C2CC23CCC(F)(F)CC3)CC1,6.7447274948966935,Ebola
145966804,O=C(CC12CC3CC(CC(C3)C1)C2)NCC(=O)N1CCN(Cc2cc(F)c(F)cc2Cl)CC1,5.838631997765025,Ebola
137550817,O=C(CC1CCC(F)(F)CC1)NCC(=O)N1CCN(Cc2cc(Cl)cc(F)c2O)CC1,5.552841968657781,Ebola
145967017,COC(=O)c1ccc(COc2ccccc2CN2CCN(C(=O)CNC(=O)CC3CC34CCCCC4)CC2)cc1,7.136677139879544,Ebola
145967063,Nc1ccc(Cl)cc1CN1CCN(C(=O)CNC(=O)C2CC23CCC3)CC1,5.6020599913279625,Ebola
137550799,Nc1ccc(Cl)cc1CN1CCN(C(=O)CNC(=O)CC2CCC(F)(F)CC2)CC1,6.468521082957745,Ebola
145967454,COC(=O)c1ccc(COc2ccc(Br)cc2CN2CCN(C(=O)CNC(=O)CC34CC5CC(CC(C5)C3)C4)CC2)cc1,8.045757490560675,Ebola
145967531,COC(=O)c1ccc(COc2ccccc2CN2CCN(C(=O)CNC(=O)CC3(F)CC3)CC2)cc1,5.537602002101044,Ebola
145968217,O=C(CC12CC3CC(CC(C3)C1)C2)NCC(=O)N1CCN(Cc2cc(Cl)ccc2C(F)(F)F)CC1,5.698970004336019,Ebola
145970278,NC(=O)c1ccc(Cl)cc1CN1CCN(C(=O)CNC(=O)CC23CC4CC(CC(C4)C2)C3)CC1,5.721246399047171,Ebola
145970976,O=C(CC1CCC(F)(F)CC1)NCC(=O)N1CCN(Cc2cc(Cl)ccc2NC(=O)C2CC2)CC1,5.455931955649724,Ebola
145971310,O=C(CC12CC3CC(CC(C3)C1)C2)NCC(=O)N1CCN(Cc2cc(Br)ccc2Cl)CC1,5.657577319177793,Ebola
145971628,O=C(CC12CC3CC(CC(Cl)(C3)C1)C2)NCC(=O)N1CCN(Cc2ccccc2OCc2ccc(Br)cc2)CC1,6.301029995663981,Ebola
145971904,COC(=O)c1ccc(COc2ccc(F)cc2CN2CCN(C(=O)CNC(=O)CC34CC5CC(CC(C5)C3)C4)CC2)cc1,8.853871964321762,Ebola
145972264,Nc1ccc(Cl)cc1CN1CCN(C(=O)CNC(=O)C2CC23CCCC3)CC1,6.619788758288394,Ebola
145972344,O=C(CC12CC3CC(CC(C3)C1)C2)NCC(=O)N1CCN(Cc2c(F)ccc(Cl)c2F)CC1,5.869666231504994,Ebola
137550823,O=C(CC1CCC(F)(F)CC1)NCC(=O)N1CCN(Cc2cc(Cl)ccc2O)CC1,6.327902142064283,Ebola
145973032,O=C(CC12CC3CC(CC(C3)C1)C2)NCC(=O)N1CCN(Cc2cc(Cl)cc(Cl)c2Cl)CC1,6.366531544420414,Ebola
145973424,O=C(CC1CCC(F)(F)CC1)NCC(=O)N1CCN(Cc2cc(Cl)ccc2NS(=O)(=O)C2CC2)CC1,5.657577319177793,Ebola
145973565,COC(=O)c1ccc(COc2ccc(C)cc2CN2CCN(C(=O)CNC(=O)CC34CC5CC(CC(C5)C3)C4)CC2)cc1,7.920818753952375,Ebola
145973778,Nc1ccc(Cl)cc1C(=O)N1CCN(C(=O)CNC(=O)C2CC23CCC(F)(F)CC3)CC1,5.301029995663981,Ebola
137550801,COC(=O)c1ccc(COc2ccc(Cl)cc2CN2CCN(C(=O)CNC(=O)C(F)(F)C(F)F)CC2)cc1,6.795880017344075,Ebola
145974630,O=C(CC12CC3CC(C1)CC(c1ccccc1)(C3)C2)NCC(=O)N1CCN(Cc2ccccc2OCc2ccc(Br)cc2)CC1,6.154901959985743,Ebola
145974644,COC(=O)c1ccc(CCc2ccccc2CN2CCN(C(=O)CNC(=O)CC34CC5CC(CC(C5)C3)C4)CC2)cc1,7.698970004336019,Ebola
145974694,COC(=O)c1ccc(COc2ccccc2CN2CCN(C(=O)CNC(=O)CC3(C)CCCCC3)CC2)cc1,7.096910013008056,Ebola
145974707,Nc1ccc(C2CC2)cc1CN1CCN(C(=O)CNC(=O)C2CC23CCC(F)(F)CC3)CC1,5.376750709602099,Ebola
137550809,COC(=O)c1ccc(COc2ccccc2CN2CCN(C(=O)CNC(=O)CC3CCC(F)(F)CC3)CC2)cc1,7.301029995663981,Ebola
145975638,O=C(CC(F)(F)C1CCCCC1)NCC(=O)N1CCN(Cc2ccccc2OCc2ccc(Br)cc2)CC1,5.698970004336019,Ebola
145975807,CCC1(CC)CC1C(=O)NCC(=O)N1CCN(Cc2cc(Cl)ccc2N)CC1,6.795880017344075,Ebola
145976362,O=C(NCC(=O)N1CCN(Cc2cc(Cl)ccc2O)CC1)C1CC12CCC(F)(F)CC2,6.7447274948966935,Ebola
137550813,Nc1ccc(Br)cc1CN1CCN(C(=O)CNC(=O)CC2CCC(F)(F)CC2)CC1,5.7594507517174005,Ebola
145976763,O=C(CC12CC3CC(CC(O)(C3)C1)C2)NCC(=O)N1CCN(Cc2ccccc2OCc2ccc(Br)cc2)CC1,6.301029995663981,Ebola
145976808,COC(=O)c1ccc(/C=C/c2ccccc2CN2CCN(C(=O)CNC(=O)CC34CC5CC(CC(C5)C3)C4)CC2)cc1,5.823908740944319,Ebola
145977004,CNS(=O)(=O)c1ccc(COc2ccccc2CN2CCN(C(=O)CNC(=O)CC34CC5CC(CC(C5)C3)C4)CC2)cc1,6.522878745280337,Ebola
137550810,COC(=O)c1ccc(COc2ccccc2CN2CCN(C(=O)CNC(=O)CC3CC(F)(F)C3)CC2)cc1,6.522878745280337,Ebola
145977119,CC1(CC(=O)NCC(=O)N2CCN(Cc3ccccc3OCc3ccc(Br)cc3)CC2)CCCCC1,6.2839966563652006,Ebola
145977569,O=C(CC12CC3CC(CC(C3)C1)C2)NCC(=O)N1CCN(Cc2cc(Cl)c(F)cc2F)CC1,6.431798275933005,Ebola
145977640,COS(=O)(=O)c1ccc(COc2ccc(F)cc2CN2CCN(C(=O)CNC(=O)CC34CC5CC(CC(C5)C3)C4)CC2)cc1,8.301029995663981,Ebola
145978015,O=C(CC12CC3(F)CC(F)(CC(F)(C3)C1)C2)NCC(=O)N1CCN(Cc2ccccc2OCc2ccc(Br)cc2)CC1,6.698970004336019,Ebola
145978190,COC(=O)c1ccc(COc2ccc(OC)cc2CN2CCN(C(=O)CNC(=O)CC34CC5CC(CC(C5)C3)C4)CC2)cc1,5.853871964321762,Ebola
145978194,Nc1ccc(Cl)cc1CN1CCN(C(=O)CNC(=O)CC23CC4CC(CC(C4)C2)C3)CC1,7.045757490560675,Ebola
145978239,COC(=O)c1ccc(Oc2cc(Cl)cc(CN3CCN(C(=O)CNC(=O)CC45CC6CC(CC(C6)C4)C5)CC3)c2)cc1,7.795880017344075,Ebola
145978416,O=C(CC12CC3CC(C1)CC(c1ccc(O)c([N+](=O)[O-])c1)(C3)C2)NCC(=O)N1CCN(Cc2ccccc2OCc2ccc(Br)cc2)CC1,6.221848749616356,Ebola
145978708,O=C(CC12CC3CC(CC(C3)C1)C2)NCC(=O)N1CCN(Cc2cc(Cl)cc(F)c2F)CC1,6.173925197299174,Ebola
137550804,O=C(CC1CCC(F)(F)CC1)NCC(=O)N1CCN(Cc2cc(Br)ccc2O)CC1,6.102372908709558,Ebola
145978766,COC(=O)c1ccc(COc2ccc(Cl)cc2CN2CCN(C(=O)CNC(=O)CC34CC5CC(CC(C5)C3)C4)CC2)cc1,8.958607314841775,Ebola
145978846,NS(=O)(=O)c1ccc(COc2ccccc2CN2CCN(C(=O)CNC(=O)CC34CC5CC(CC(C5)C3)C4)CC2)cc1,6.455931955649724,Ebola
145969173,[2H]C([2H])(c1cc(Cl)ccc1NCc1ccc(S(C)(=O)=O)cc1)N1CCN(C(=O)CNC(=O)C2CC23CCC(F)(F)CC3)CC1,6.962573502059376,Ebola
145975877,CS(=O)(=O)c1ccc(COc2ccc(Cl)cc2CN2CCN(C(=O)CNC(=O)C3CC34CCC(F)(F)CC4)CC2)cc1,7.031517051446065,Ebola
71254944,COC(=O)c1ccc(COc2ccccc2CN2CCN(C(=O)CNC(=O)CC34CC5CC(CC(C5)C3)C4)CC2)cc1,6.552841968657781,Ebola
145975877,CS(=O)(=O)c1ccc(COc2ccc(Cl)cc2CN2CCN(C(=O)CNC(=O)C3CC34CCC(F)(F)CC4)CC2)cc1,6.6777807052660805,Ebola
145976469,CS(=O)(=O)c1ccc(CNc2ccc(Cl)cc2CN2CCN(C(=O)CNC(=O)CC3CCC(F)(F)CC3)CC2)cc1,7.920818753952375,Ebola
145978230,CS(=O)(=O)c1ccc(CNc2ccc(Cl)cc2CN2CCN(C(=O)CNC(=O)C3CC34CCC(F)(F)CC4)CC2)cc1,8.045757490560675,Ebola
71254944,COC(=O)c1ccc(COc2ccccc2CN2CCN(C(=O)CNC(=O)CC34CC5CC(CC(C5)C3)C4)CC2)cc1,7.1938200260161125,Ebola
145964639,CS(=O)(=O)c1ccc(COc2ccc(Cl)cc2CN2CCN(C(=O)CNC(=O)CC3CCC(F)(F)CC3)CC2)cc1,7.42021640338319,Ebola
145966015,[2H]C([2H])(c1cc(Cl)ccc1N)N1CCN(C(=O)CNC(=O)CC2CCC(F)(F)CC2)CC1,5.922632094715843,Ebola
145966802,[2H]C([2H])(c1cc(Cl)ccc1N)N1CCN(C(=O)CNC(=O)C2CC23CCC(F)(F)CC3)CC1,6.787812395596042,Ebola
145969173,[2H]C([2H])(c1cc(Cl)ccc1NCc1ccc(S(C)(=O)=O)cc1)N1CCN(C(=O)CNC(=O)C2CC23CCC(F)(F)CC3)CC1,7.67778070526608,Ebola
145975877,CS(=O)(=O)c1ccc(COc2ccc(Cl)cc2CN2CCN(C(=O)CNC(=O)C3CC34CCC(F)(F)CC4)CC2)cc1,7.455931955649724,Ebola
145975877,CS(=O)(=O)c1ccc(COc2ccc(Cl)cc2CN2CCN(C(=O)CNC(=O)C3CC34CCC(F)(F)CC4)CC2)cc1,7.721246399047171,Ebola
145976469,CS(=O)(=O)c1ccc(CNc2ccc(Cl)cc2CN2CCN(C(=O)CNC(=O)CC3CCC(F)(F)CC3)CC2)cc1,7.552841968657781,Ebola
145978230,CS(=O)(=O)c1ccc(CNc2ccc(Cl)cc2CN2CCN(C(=O)CNC(=O)C3CC34CCC(F)(F)CC4)CC2)cc1,7.397940008672037,Ebola
71254944,COC(=O)c1ccc(COc2ccccc2CN2CCN(C(=O)CNC(=O)CC34CC5CC(CC(C5)C3)C4)CC2)cc1,6.795880017344075,Ebola
145975877,CS(=O)(=O)c1ccc(COc2ccc(Cl)cc2CN2CCN(C(=O)CNC(=O)C3CC34CCC(F)(F)CC4)CC2)cc1,6.853871964321762,Ebola
145976469,CS(=O)(=O)c1ccc(CNc2ccc(Cl)cc2CN2CCN(C(=O)CNC(=O)CC3CCC(F)(F)CC3)CC2)cc1,7.2839966563652,Ebola
145978230,CS(=O)(=O)c1ccc(CNc2ccc(Cl)cc2CN2CCN(C(=O)CNC(=O)C3CC34CCC(F)(F)CC4)CC2)cc1,7.769551078621726,Ebola
71254944,COC(=O)c1ccc(COc2ccccc2CN2CCN(C(=O)CNC(=O)CC34CC5CC(CC(C5)C3)C4)CC2)cc1,6.229147988357856,Ebola
145975877,CS(=O)(=O)c1ccc(COc2ccc(Cl)cc2CN2CCN(C(=O)CNC(=O)C3CC34CCC(F)(F)CC4)CC2)cc1,6.376750709602099,Ebola
145976469,CS(=O)(=O)c1ccc(CNc2ccc(Cl)cc2CN2CCN(C(=O)CNC(=O)CC3CCC(F)(F)CC3)CC2)cc1,7.481486060122113,Ebola
145978230,CS(=O)(=O)c1ccc(CNc2ccc(Cl)cc2CN2CCN(C(=O)CNC(=O)C3CC34CCC(F)(F)CC4)CC2)cc1,7.455931955649724,Ebola
162147,C1=C2CCCN[C@H]2[C@@H]2C[C@H]1[C@H]1CCCCN1C2,4.906578314837765,Ebola
145964144,O=S(=O)(c1cccs1)N1CCCC2=C[C@H]3C[C@H](CN4CCCC[C@H]34)[C@@H]21,4.478861916295964,Ebola
145964165,O=S(=O)(c1cc(Cl)cc(Cl)c1)N1CCCC2=C[C@H]3C[C@H](CN4CCCC[C@H]34)[C@@H]21,4.97469413473523,Ebola
145964586,Clc1cc(Cl)cc(CCCN2CCCC3=C[C@H]4C[C@H](CN5CCCC[C@H]45)[C@@H]32)c1,5.214670164989233,Ebola
13408688,CN[C@@H]1CC[C@H](c2ccc(Cl)c(Cl)c2)c2ccccc21.Cl,5.522878745280337,Ebola
145966425,O=C(c1cc(Cl)cc(Cl)c1)N1CCCC2=C[C@H]3C[C@H](CN4CCCC[C@H]34)[C@@H]21,4.400116927926312,Ebola
145966448,Clc1ccc(CN2CCCC3=C[C@H]4C[C@H](CN5CCCC[C@H]45)[C@@H]32)c(Cl)c1,5.180456064458132,Ebola
145967145,O=C(c1ccc(Cl)cc1)N1CCCC2=C[C@H]3C[C@H](CN4CCCC[C@H]34)[C@@H]21,4.467245621007502,Ebola
145971839,O=S(=O)(c1ccc(Cl)cc1)N1CCCC2=C[C@H]3C[C@H](CN4CCCC[C@H]34)[C@@H]21,4.661543506395395,Ebola
145972380,N#Cc1cccc(S(=O)(=O)N2CCCC3=C[C@H]4C[C@H](CN5CCCC[C@H]45)[C@@H]32)c1,4.158640529545145,Ebola
145973105,Clc1ccc(CCCN2CCCC3=C[C@H]4C[C@H](CN5CCCC[C@H]45)[C@@H]32)cc1,5.1487416512809245,Ebola
145973503,Fc1ccc(CN2CCCC3=C[C@H]4C[C@H](CN5CCCC[C@H]45)[C@@H]32)cc1,4.769551078621726,Ebola
145974178,FC(F)(F)Oc1ccc(CN2CCCC3=C[C@H]4C[C@H](CN5CCCC[C@H]45)[C@@H]32)cc1,4.982966660701219,Ebola
145975034,COc1cccc(CN2CCCC3=C[C@H]4C[C@H](CN5CCCC[C@H]45)[C@@H]32)c1,4.91721462968355,Ebola
145975079,Clc1ccc(CCN2CCCC3=C[C@H]4C[C@H](CN5CCCC[C@H]45)[C@@H]32)cc1,5.221848749616356,Ebola
145975201,Clc1cc(Cl)cc(CN2CCCC3=C[C@H]4C[C@H](CN5CCCC[C@H]45)[C@@H]32)c1,5.091514981121351,Ebola
145975253,Clc1cc(Cl)cc(CCN2CCCC3=C[C@H]4C[C@H](CN5CCCC[C@H]45)[C@@H]32)c1,5.2441251443275085,Ebola
145975673,Clc1ccc(CCCN2CCCC3=C[C@H]4C[C@H](CN5CCCC[C@H]45)[C@@H]32)cc1Cl,5.236572006437063,Ebola
11472743,C1=C2CCCN(Cc3ccccc3)[C@H]2[C@@H]2C[C@H]1[C@H]1CCCCN1C2,4.818156412055227,Ebola
145976695,Clc1ccc(CN2CCCC3=C[C@H]4C[C@H](CN5CCCC[C@H]45)[C@@H]32)cc1Cl,5.318758762624412,Ebola
145977391,O=C(c1ccc(Cl)c(Cl)c1)N1CCCC2=C[C@H]3C[C@H](CN4CCCC[C@H]34)[C@@H]21,4.309803919971486,Ebola
145977519,Clc1ccc(CCN2CCCC3=C[C@H]4C[C@H](CN5CCCC[C@H]45)[C@@H]32)cc1Cl,5.167491087293763,Ebola
145977524,Cc1ccccc1CN1CCCC2=C[C@H]3C[C@H](CN4CCCC[C@H]34)[C@@H]21,4.779891911959945,Ebola
145978324,Clc1ccc(CN2CCCC3=C[C@H]4C[C@H](CN5CCCC[C@H]45)[C@@H]32)cc1,4.924453038607469,Ebola
145978625,O=S(=O)(c1ccc(Cl)c(Cl)c1)N1CCCC2=C[C@H]3C[C@H](CN4CCCC[C@H]34)[C@@H]21,4.617982957425132,Ebola
145990608,Nc1cccc2c1ncn2[C@@H]1C(F)=C(CO)[C@@H](O)[C@H]1O,6.443697499232712,Ebola
145983439,Nc1ccnc2c1ncn2[C@@H]1C=C(CO)[C@@H](O)[C@H]1O,5.3979400086720375,Ebola
145991490,Nc1cccc2c1ncn2[C@@H]1C=C(CO)[C@@H](O)[C@H]1O,5.698970004336019,Ebola
44468216,N#C[C@@]1(c2ccc3c(N)ncnn23)O[C@H](CO)[C@@H](O)[C@H]1O,4.698970004336019,Ebola
58059506,CCC(CC)COC(=O)[C@H](C)NP(=O)(OC[C@H]1O[C@@](C#N)(c2ccc3c(N)ncnn23)[C@](C)(O)[C@@H]1O)Oc1ccccc1,4.568636235841013,Ebola
44470275,C[C@@]1(O)[C@H](O)[C@@H](CO)O[C@@]1(C#N)c1ccc2c(N)ncnn12,4.301029995663981,Ebola
58059494,CC(C)OC(=O)[C@H](C)NP(=O)(OC[C@H]1O[C@@](C#N)(c2ccc3c(N)ncnn23)[C@](C)(O)[C@@H]1OC(=O)C(C)C)Oc1ccccc1,4.698970004336019,Ebola
121304016,CCC(CC)COC(=O)[C@H](C)N[P@](=O)(OC[C@H]1O[C@@](C#N)(c2ccc3c(N)ncnn23)[C@H](O)[C@@H]1O)Oc1ccccc1,7.0,Ebola
121304049,C[C@H](NP(=O)(OC[C@H]1O[C@@](C#N)(c2ccc3c(N)ncnn23)[C@H](O)[C@@H]1O)Oc1ccccc1)C(=O)OC1CCC1,6.376750709602099,Ebola
137634202,CC(C)OC(=O)[C@H](C)NP(=O)(OC[C@H]1O[C@@](C#N)(n2ccc(N)nc2=O)[C@H](O)[C@@H]1O)Oc1ccccc1,4.698970004336019,Ebola
121304026,CCC(CC)COC(=O)[C@H](C)N[P@@](=O)(OC[C@H]1O[C@@](C#N)(c2ccc3c(N)ncnn23)[C@H](O)[C@@H]1O)Oc1ccccc1,7.096910013008056,Ebola
56832850,CC(C)OC(=O)[C@H](C)NP(=O)(OC[C@H]1O[C@@](C#N)(c2ccc3c(N)ncnn23)[C@H](O)[C@@H]1O)Oc1ccccc1,5.734003629504921,Ebola
58069402,CCOC(=O)[C@H](C)NP(=O)(N[C@@H](C)C(=O)OCC)OC[C@H]1O[C@@](C#N)(c2ccc3c(N)ncnn23)[C@H](O)[C@@H]1O,4.689944262249108,Ebola
121304045,C[C@H](NP(=O)(OC[C@H]1O[C@@](C#N)(c2ccc3c(N)ncnn23)[C@H](O)[C@@H]1O)Oc1ccccc1)C(=O)OC1CCCC1,6.198596289982645,Ebola
137641304,CCOC(=O)[C@H](CC)NP(=O)(OC[C@H]1O[C@@](C#N)(c2ccc3c(N)ncnn23)[C@H](O)[C@@H]1O)Oc1ccccc1,5.072116589669293,Ebola
135329188,CCC(CC)COC(=O)[C@@H](C)NP(=O)(OC[C@H]1O[C@@](C#N)(c2ccc3c(N)ncnn23)[C@H](O)[C@@H]1O)Oc1ccccc1,6.259637310505756,Ebola
70907629,N#C[C@@]1(n2ccc(N)nc2=O)O[C@H](CO)[C@@H](O)[C@H]1O,4.301029995663981,Ebola
121310008,CCOC(=O)[C@H](Cc1ccccc1)NP(=O)(OC[C@H]1O[C@@](C#N)(c2ccc3c(N)ncnn23)[C@H](O)[C@@H]1O)Oc1ccccc1,5.3585258894959,Ebola
134443512,C[C@H](NP(=O)(OC[C@H]1O[C@@](C#N)(c2ccc3c(N)ncnn23)[C@H](O)[C@@H]1O)Oc1ccccc1)C(=O)OCC(C)(C)C,6.774690718274137,Ebola
137654168,C[C@H](NP(=O)(OC[C@H]1O[C@@](C#N)(c2ccc3c(N)ncnn23)[C@H](O)[C@@H]1O)Oc1ccccc1)C(=O)OC(C)(C)C,4.516983579855868,Ebola
56832852,CCOC(=O)[C@H](C)NP(=O)(OC[C@H]1O[C@@](C#N)(c2ccc3c(N)ncnn23)[C@H](O)[C@@H]1O)Oc1ccccc1,5.615288257061717,Ebola
137659538,CCC(CC)OC(=O)[C@H](C)NP(=O)(OC[C@H]1O[C@@](C#N)(c2ccc3c(N)ncnn23)[C@H](O)[C@@H]1O)Oc1ccccc1,5.742321425130816,Ebola
121310011,CCOC(=O)[C@@H](NP(=O)(OC[C@H]1O[C@@](C#N)(c2ccc3c(N)ncnn23)[C@H](O)[C@@H]1O)Oc1ccccc1)C(C)C,5.152427340857888,Ebola
137661605,CCC(CC)OC(=O)[C@H](C)NP(=O)(N[C@@H](C)C(=O)OC(CC)CC)OC[C@H]1O[C@@](C#N)(c2ccc3c(N)ncnn23)[C@H](O)[C@@H]1O,6.013228265733755,Ebola
44468216,N#C[C@@]1(c2ccc3c(N)ncnn23)O[C@H](CO)[C@@H](O)[C@H]1O,6.107905397309519,Ebola
44468217,C[C@@]1(c2ccc3c(N)ncnn23)O[C@H](CO)[C@@H](O)[C@H]1O,5.0,Ebola
58059506,CCC(CC)COC(=O)[C@H](C)NP(=O)(OC[C@H]1O[C@@](C#N)(c2ccc3c(N)ncnn23)[C@](C)(O)[C@@H]1O)Oc1ccccc1,4.886056647693163,Ebola
44470275,C[C@@]1(O)[C@H](O)[C@@H](CO)O[C@@]1(C#N)c1ccc2c(N)ncnn12,5.0,Ebola
58059494,CC(C)OC(=O)[C@H](C)NP(=O)(OC[C@H]1O[C@@](C#N)(c2ccc3c(N)ncnn23)[C@](C)(O)[C@@H]1OC(=O)C(C)C)Oc1ccccc1,4.3979400086720375,Ebola
121304016,CCC(CC)COC(=O)[C@H](C)N[P@](=O)(OC[C@H]1O[C@@](C#N)(c2ccc3c(N)ncnn23)[C@H](O)[C@@H]1O)Oc1ccccc1,7.275724130399211,Ebola
121304049,C[C@H](NP(=O)(OC[C@H]1O[C@@](C#N)(c2ccc3c(N)ncnn23)[C@H](O)[C@@H]1O)Oc1ccccc1)C(=O)OC1CCC1,7.055517327849832,Ebola
70587122,N#C[C@@]1(n2cnc3c(N)ncnc32)O[C@H](CO)[C@@H](O)[C@H]1O,4.251811972993799,Ebola
121304026,CCC(CC)COC(=O)[C@H](C)N[P@@](=O)(OC[C@H]1O[C@@](C#N)(c2ccc3c(N)ncnn23)[C@H](O)[C@@H]1O)Oc1ccccc1,7.275724130399211,Ebola
56832850,CC(C)OC(=O)[C@H](C)NP(=O)(OC[C@H]1O[C@@](C#N)(c2ccc3c(N)ncnn23)[C@H](O)[C@@H]1O)Oc1ccccc1,6.43533393574791,Ebola
58069402,CCOC(=O)[C@H](C)NP(=O)(N[C@@H](C)C(=O)OCC)OC[C@H]1O[C@@](C#N)(c2ccc3c(N)ncnn23)[C@H](O)[C@@H]1O,5.040863168829626,Ebola
121304045,C[C@H](NP(=O)(OC[C@H]1O[C@@](C#N)(c2ccc3c(N)ncnn23)[C@H](O)[C@@H]1O)Oc1ccccc1)C(=O)OC1CCCC1,6.795880017344075,Ebola
137641304,CCOC(=O)[C@H](CC)NP(=O)(OC[C@H]1O[C@@](C#N)(c2ccc3c(N)ncnn23)[C@H](O)[C@@H]1O)Oc1ccccc1,5.79997073344623,Ebola
135329188,CCC(CC)COC(=O)[C@@H](C)NP(=O)(OC[C@H]1O[C@@](C#N)(c2ccc3c(N)ncnn23)[C@H](O)[C@@H]1O)Oc1ccccc1,6.285670240254767,Ebola
70907629,N#C[C@@]1(n2ccc(N)nc2=O)O[C@H](CO)[C@@H](O)[C@H]1O,5.0,Ebola
137644822,C#C[C@@]1(c2ccc3c(N)ncnn23)O[C@H](COP(=O)(N[C@@H](C)C(=O)OCC(CC)CC)Oc2ccccc2)[C@@H](O)[C@H]1O,5.4089353929735005,Ebola
121310008,CCOC(=O)[C@H](Cc1ccccc1)NP(=O)(OC[C@H]1O[C@@](C#N)(c2ccc3c(N)ncnn23)[C@H](O)[C@@H]1O)Oc1ccccc1,6.231361898752385,Ebola
134443512,C[C@H](NP(=O)(OC[C@H]1O[C@@](C#N)(c2ccc3c(N)ncnn23)[C@H](O)[C@@H]1O)Oc1ccccc1)C(=O)OCC(C)(C)C,7.036212172654444,Ebola
137654168,C[C@H](NP(=O)(OC[C@H]1O[C@@](C#N)(c2ccc3c(N)ncnn23)[C@H](O)[C@@H]1O)Oc1ccccc1)C(=O)OC(C)(C)C,5.421360790031928,Ebola
56832852,CCOC(=O)[C@H](C)NP(=O)(OC[C@H]1O[C@@](C#N)(c2ccc3c(N)ncnn23)[C@H](O)[C@@H]1O)Oc1ccccc1,6.196542884351587,Ebola
137659538,CCC(CC)OC(=O)[C@H](C)NP(=O)(OC[C@H]1O[C@@](C#N)(c2ccc3c(N)ncnn23)[C@H](O)[C@@H]1O)Oc1ccccc1,6.073143291050307,Ebola
121310011,CCOC(=O)[C@@H](NP(=O)(OC[C@H]1O[C@@](C#N)(c2ccc3c(N)ncnn23)[C@H](O)[C@@H]1O)Oc1ccccc1)C(C)C,5.501551596826,Ebola
137661605,CCC(CC)OC(=O)[C@H](C)NP(=O)(N[C@@H](C)C(=O)OC(CC)CC)OC[C@H]1O[C@@](C#N)(c2ccc3c(N)ncnn23)[C@H](O)[C@@H]1O,6.168770306132937,Ebola
44468216,N#C[C@@]1(c2ccc3c(N)ncnn23)O[C@H](CO)[C@@H](O)[C@H]1O,4.698970004336019,Ebola
121304016,CCC(CC)COC(=O)[C@H](C)N[P@](=O)(OC[C@H]1O[C@@](C#N)(c2ccc3c(N)ncnn23)[C@H](O)[C@@H]1O)Oc1ccccc1,7.0655015487564325,Ebola
121304026,CCC(CC)COC(=O)[C@H](C)N[P@@](=O)(OC[C@H]1O[C@@](C#N)(c2ccc3c(N)ncnn23)[C@H](O)[C@@H]1O)Oc1ccccc1,6.954677021213342,Ebola
56832850,CC(C)OC(=O)[C@H](C)NP(=O)(OC[C@H]1O[C@@](C#N)(c2ccc3c(N)ncnn23)[C@H](O)[C@@H]1O)Oc1ccccc1,6.527243550682788,Ebola
121304045,C[C@H](NP(=O)(OC[C@H]1O[C@@](C#N)(c2ccc3c(N)ncnn23)[C@H](O)[C@@H]1O)Oc1ccccc1)C(=O)OC1CCCC1,6.920818753952375,Ebola
135329188,CCC(CC)COC(=O)[C@@H](C)NP(=O)(OC[C@H]1O[C@@](C#N)(c2ccc3c(N)ncnn23)[C@H](O)[C@@H]1O)Oc1ccccc1,6.137272471682025,Ebola
121310008,CCOC(=O)[C@H](Cc1ccccc1)NP(=O)(OC[C@H]1O[C@@](C#N)(c2ccc3c(N)ncnn23)[C@H](O)[C@@H]1O)Oc1ccccc1,6.568636235841013,Ebola
91824158,COc1nc(N)ncc1-c1cn(COCCO)cn1,4.0,Ebola
122443067,COc1nc(N)ncc1-c1cn(COCCOC(C)=O)cn1,4.356547323513812,Ebola
137656307,CCC(CC)COC(=O)[C@H](C)N[P@](=O)(OCCOCn1cnc(-c2cnc(N)nc2OC)c1)Oc1ccccc1,4.537602002101044,Ebola
91824158,COc1nc(N)ncc1-c1cn(COCCO)cn1,4.0,Ebola
122443067,COc1nc(N)ncc1-c1cn(COCCOC(C)=O)cn1,4.698970004336019,Ebola
137656307,CCC(CC)COC(=O)[C@H](C)N[P@](=O)(OCCOCn1cnc(-c2cnc(N)nc2OC)c1)Oc1ccccc1,5.154901959985743,Ebola
91824158,COc1nc(N)ncc1-c1cn(COCCO)cn1,5.657577319177793,Ebola
137656307,CCC(CC)COC(=O)[C@H](C)N[P@](=O)(OCCOCn1cnc(-c2cnc(N)nc2OC)c1)Oc1ccccc1,4.565431095965802,Ebola
44468216,N#C[C@@]1(c2ccc3c(N)ncnn23)O[C@H](CO)[C@@H](O)[C@H]1O,4.698970004336019,Ebola
121304016,CCC(CC)COC(=O)[C@H](C)N[P@](=O)(OC[C@H]1O[C@@](C#N)(c2ccc3c(N)ncnn23)[C@H](O)[C@@H]1O)Oc1ccccc1,7.0655015487564325,Ebola
44468216,N#C[C@@]1(c2ccc3c(N)ncnn23)O[C@H](CO)[C@@H](O)[C@H]1O,4.698970004336019,Ebola
121304016,CCC(CC)COC(=O)[C@H](C)N[P@](=O)(OC[C@H]1O[C@@](C#N)(c2ccc3c(N)ncnn23)[C@H](O)[C@@H]1O)Oc1ccccc1,6.853871964321762,Ebola
44468216,N#C[C@@]1(c2ccc3c(N)ncnn23)O[C@H](CO)[C@@H](O)[C@H]1O,5.823908740944319,Ebola
121304016,CCC(CC)COC(=O)[C@H](C)N[P@](=O)(OC[C@H]1O[C@@](C#N)(c2ccc3c(N)ncnn23)[C@H](O)[C@@H]1O)Oc1ccccc1,7.154901959985743,Ebola
492405,NC(=O)c1nc(F)c[nH]c1=O,3.397940008672037,Ebola
492405,NC(=O)c1nc(F)c[nH]c1=O,4.173925197299174,Ebola
68617,CN[C@H]1CC[C@@H](c2ccc(Cl)c(Cl)c2)c2ccccc21,3.0222763947111524,Ebola
2351,CC(C)COCC(CN(Cc1ccccc1)c1ccccc1)N1CCCC1,3.537602002101044,Ebola
3005573,CN(C)CCOc1ccc(/C(=C(/CCCl)c2ccccc2)c2ccccc2)cc1,4.795880017344075,Ebola
43815,Fc1ccc([C@@H]2CCNC[C@H]2COc2ccc3c(c2)OCO3)cc1,3.1870866433571443,Ebola
6832,CN1[C@@H]2CC[C@@H]1CC(OC(c1ccccc1)c1ccccc1)C2,2.886056647693163,Ebola
68617,CN[C@H]1CC[C@@H](c2ccc(Cl)c(Cl)c2)c2ccccc21,5.504455662453552,Ebola
2351,CC(C)COCC(CN(Cc1ccccc1)c1ccccc1)N1CCCC1,5.294136287716081,Ebola
3005573,CN(C)CCOc1ccc(/C(=C(/CCCl)c2ccccc2)c2ccccc2)cc1,6.790484985457369,Ebola
43815,Fc1ccc([C@@H]2CCNC[C@H]2COc2ccc3c(c2)OCO3)cc1,5.127843727251707,Ebola
6832,CN1[C@@H]2CC[C@@H]1CC(OC(c1ccccc1)c1ccccc1)C2,5.09312646527793,Ebola
68617,CN[C@H]1CC[C@@H](c2ccc(Cl)c(Cl)c2)c2ccccc21,5.841637507904751,Ebola
2351,CC(C)COCC(CN(Cc1ccccc1)c1ccccc1)N1CCCC1,5.493494967595128,Ebola
3005573,CN(C)CCOc1ccc(/C(=C(/CCCl)c2ccccc2)c2ccccc2)cc1,7.585026652029182,Ebola
43815,Fc1ccc([C@@H]2CCNC[C@H]2COc2ccc3c(c2)OCO3)cc1,5.860120913598763,Ebola
6832,CN1[C@@H]2CC[C@@H]1CC(OC(c1ccccc1)c1ccccc1)C2,5.549750891680639,Ebola
2733526,CC/C(=C(\c1ccccc1)c1ccc(OCCN(C)C)cc1)c1ccccc1,6.136677139879544,Ebola
5328940,COc1cc(Nc2c(C#N)cnc3cc(OCCCN4CCN(C)CC4)c(OC)cc23)c(Cl)cc1Cl,5.414539270491499,Ebola
154257,Cc1c(-c2ccc(O)cc2)n(Cc2ccc(OCCN3CCCCCC3)cc2)c2ccc(O)cc12,5.464705879957229,Ebola
60663,COCC(=O)O[C@]1(CCN(C)CCCc2nc3ccccc3[nH]2)CCc2cc(F)ccc2[C@@H]1C(C)C,5.364516253185088,Ebola
123631,COc1cc2ncnc(Nc3ccc(F)c(Cl)c3)c2cc1OCCCN1CCOCC1,5.014124642691606,Ebola
3191,CC(C)(C)c1ccc(C(=O)CCCN2CCC(OC(c3ccccc3)c3ccccc3)CC2)cc1,5.0195421077239,Ebola
2344,CN1C2CCC1CC(OC(c1ccccc1)c1ccccc1)C2,5.578396073130169,Ebola
219077,CC(=O)N(C)C1(c2ccccc2)CCN(CCC[C@]2(c3ccc(Cl)c(Cl)c3)CCCN(C(=O)c3ccccc3)C2)CC1,5.015472686656207,Ebola
73078,COc1ccc2cc1Oc1ccc(cc1)C[C@H]1c3cc(c(OC)cc3CCN1C)Oc1c(OC)c(OC)cc3c1[C@H](C2)N(C)CC3,5.665546248849069,Ebola
208898,CCCCc1oc2ccc(NS(C)(=O)=O)cc2c1C(=O)c1ccc(OCCCN(CCCC)CCCC)cc1,5.657577319177793,Ebola
9825149,Nc1ncnc2c1c(-c1cccc(OCc3ccccc3)c1)cn2C1CC(CN2CCCC2)C1,5.515700160653214,Ebola
9933475,COc1cc2c(Oc3ccc4[nH]c(C)cc4c3F)ncnc2cc1OCCCN1CCCC1,5.115204636051019,Ebola
421610,CN(C)c1ccccc1CN1CCCN(Cc2ccccc2N(C)C)C1c1ccncc1,5.165579296318468,Ebola
26987,CN1CCC[C@@H]1CCO[C@](C)(c1ccccc1)c1ccc(Cl)cc1,5.958607314841775,Ebola
10206,COc1ccc2cc1Oc1ccc(cc1)C[C@H]1c3c(cc4c(c3Oc3cc5c(cc3OC)CCN(C)[C@@H]5C2)OCO4)CCN1C,5.815308569182402,Ebola
25150857,COc1cc2nc(N3CCCN(C)CC3)nc(NC3CCN(Cc4ccccc4)CC3)c2cc1OC,6.015022873584507,Ebola
9429,CN1CCN(CCCN2c3ccccc3Sc3ccc(S(=O)(=O)N(C)C)cc32)CC1,5.364516253185088,Ebola
10090750,CC/C(=C(\c1ccc(O)cc1)c1ccc(OCCNC)cc1)c1ccccc1,5.515700160653214,Ebola
2218,CCN(CC)CCCN(c1ccccc1)C1Cc2ccccc2C1,5.114073660198569,Ebola
203911,CN1[C@@H]2CC[C@H]1CC(OC1c3ccccc3CCc3ccccc31)C2,5.181774106386045,Ebola
5978,CC[C@]1(O)C[C@H]2CN(CCc3c([nH]c4ccccc34)[C@@](C(=O)OC)(c3cc4c(cc3OC)N(C=O)[C@H]3[C@@](O)(C(=O)OC)[C@H](OC(C)=O)[C@]5(CC)C=CCN6CC[C@]43[C@@H]65)C2)C1,6.85078088734462,Ebola
5311497,CCC1=C[C@@H]2CN(C1)Cc1c([nH]c3ccccc13)[C@@](C(=O)OC)(c1cc3c(cc1OC)N(C)[C@H]1[C@@](O)(C(=O)OC)[C@H](OC(C)=O)[C@]4(CC)C=CCN5CC[C@]31[C@@H]54)C2,7.180456064458132,Ebola
241903,CC[C@]1(O)C[C@H]2CN(CCc3c([nH]c4ccccc34)[C@@](C(=O)OC)(c3cc4c(cc3OC)N(C)[C@H]3[C@@](O)(C(=O)OC)[C@H](OC(C)=O)[C@]5(CC)C=CCN6CC[C@]43[C@@H]65)C2)C1,7.318758762624412,Ebola
63062,CCC(=C(c1ccc(O)cc1)c1ccc(OCCN(C)C)cc1)c1ccccc1,5.707743928643524,Ebola
11643449,CC[C@]1(O)C[C@@H]2CN(CCc3c([nH]c4ccccc34)[C@@](C(=O)OC)(c3cc4c(cc3OC)N(C)[C@H]3[C@@](O)(C(N)=O)[C@H](O)[C@]5(CC)C=CCN6CC[C@]43[C@@H]65)C2)C1,6.565431095965802,Ebola
77898264,Cc1[nH]c2c(CN3CC(CO)C(CN4CCCC4)C3)cccc2c1C,5.215382707367125,Ebola
56755329,Cc1ccc(CN2CCCN(C)C3(CCN(C)CC3)C2)cc1C,5.165579296318468,Ebola
44195701,CNC1CCC(N(Cc2cccc(-c3ccncc3)c2)C(=O)c2sc3c(F)ccc(F)c3c2Cl)CC1,5.115204636051019,Ebola
9825149,Nc1ncnc2c1c(-c1cccc(OCc3ccccc3)c1)cn2C1CC(CN2CCCC2)C1,6.0,Ebola
25150857,COc1cc2nc(N3CCCN(C)CC3)nc(NC3CCN(Cc4ccccc4)CC3)c2cc1OC,6.0,Ebola
77898264,Cc1[nH]c2c(CN3CC(CO)C(CN4CCCC4)C3)cccc2c1C,6.0,Ebola
56755329,Cc1ccc(CN2CCCN(C)C3(CCN(C)CC3)C2)cc1C,6.0,Ebola
44588117,N#Cc1ccc(-c2cnc3[nH]cc(NC(=O)c4cccnc4)c3c2)cc1,5.0,Ebola
44588117,N#Cc1ccc(-c2cnc3[nH]cc(NC(=O)c4cccnc4)c3c2)cc1,5.0,Ebola
138393295,COc1ccc(-c2cnc3[nH]cc(C#Cc4cccnc4)c3c2)cc1OC,5.798602875679548,Ebola
138393295,COc1ccc(-c2cnc3[nH]cc(C#Cc4cccnc4)c3c2)cc1OC,5.120330794367947,Ebola
10156251,COc1ccc(-c2cnc3[nH]cc(NC(=O)c4cccnc4)c3c2)cc1OC,5.372634143407267,Ebola
10156251,COc1ccc(-c2cnc3[nH]cc(NC(=O)c4cccnc4)c3c2)cc1OC,4.906578314837765,Ebola
44588117,N#Cc1ccc(-c2cnc3[nH]cc(NC(=O)c4cccnc4)c3c2)cc1,5.0,Ebola
138393295,COc1ccc(-c2cnc3[nH]cc(C#Cc4cccnc4)c3c2)cc1OC,5.0,Ebola
10156251,COc1ccc(-c2cnc3[nH]cc(NC(=O)c4cccnc4)c3c2)cc1OC,4.698970004336019,Ebola
4721887,COc1ccc(Br)cc1CNC12CC3CC(C)(CC(C)(C3)C1)C2,6.041914151478915,Ebola
492405,NC(=O)c1nc(F)c[nH]c1=O,4.173925197299174,Ebola
3005573,CN(C)CCOc1ccc(/C(=C(/CCCl)c2ccccc2)c2ccccc2)cc1,6.013228265733755,Ebola
155535640,Cl.Cl.Cl.Cl.c1cc(NCCN2CCOCC2)c2ccc3c(ccc4c(NCCN5CCOCC5)ccnc43)c2n1,6.154901959985743,Ebola
102574640,Nc1ncnc2c(C[C@@H]3N[C@H](CO)[C@@H](O)[C@H]3O)c[nH]c12,5.468521082957745,Ebola
155511106,CCN(CC)CCNc1ccnc2c(NCCN(CC)CC)ccnc12,4.850472986245652,Ebola
155511106,CCN(CC)CCNc1ccnc2c(NCCN(CC)CC)ccnc12,4.20342566678957,Ebola
155518041,Cl.Cl.Cl.Cl.c1cc(NCCCCN2CCOCC2)c2ccc3c(ccc4c(NCCN5CCOCC5)ccnc43)c2n1,6.585026652029182,Ebola
155518041,Cl.Cl.Cl.Cl.c1cc(NCCCCN2CCOCC2)c2ccc3c(ccc4c(NCCN5CCOCC5)ccnc43)c2n1,6.070581074285707,Ebola
155522402,c1cc(NCCCCN2CCOCC2)c2nccc(NCCCCN3CCOCC3)c2n1,5.649751981665837,Ebola
155522402,c1cc(NCCCCN2CCOCC2)c2nccc(NCCCCN3CCOCC3)c2n1,5.00436480540245,Ebola
155522896,Cl.Cl.Cl.Cl.OC(CNc1ccnc2c1ccc1c2ccc2c(NCCN3CCOCC3)ccnc21)CN1CCOCC1,6.221848749616356,Ebola
155522896,Cl.Cl.Cl.Cl.OC(CNc1ccnc2c1ccc1c2ccc2c(NCCN3CCOCC3)ccnc21)CN1CCOCC1,5.455931955649724,Ebola
155524251,c1cc(NCCCN2CCOCC2)c2nccc(NCCCN3CCOCC3)c2n1,5.0,Ebola
155531403,Cl.Cl.NCCCCNc1ccnc2c1ccc1c2ccc2c(NCCCCN)ccnc21,5.0,Ebola
155531403,Cl.Cl.NCCCCNc1ccnc2c1ccc1c2ccc2c(NCCCCN)ccnc21,4.628932137728264,Ebola
155532114,CCN(CC)CCCNc1ccnc2cccnc12,5.0,Ebola
155535640,Cl.Cl.Cl.Cl.c1cc(NCCN2CCOCC2)c2ccc3c(ccc4c(NCCN5CCOCC5)ccnc43)c2n1,6.154901959985743,Ebola
155535640,Cl.Cl.Cl.Cl.c1cc(NCCN2CCOCC2)c2ccc3c(ccc4c(NCCN5CCOCC5)ccnc43)c2n1,5.301029995663981,Ebola
155540052,CN(C)CCOCCNc1ccnc2c1ccc1c2ccc2c(NCCOCCN(C)C)ccnc21.Cl.Cl.Cl.Cl,5.452225294612178,Ebola
155540052,CN(C)CCOCCNc1ccnc2c1ccc1c2ccc2c(NCCOCCN(C)C)ccnc21.Cl.Cl.Cl.Cl,5.17134010346468,Ebola
224620,CCN(CC)CCCC(C)Nc1ccnc2cccnc12,5.0,Ebola
155555234,CCN(CC)CCCNc1ccnc2c(NCCCN(CC)CC)ccnc12,5.31695296176115,Ebola
155555234,CCN(CC)CCCNc1ccnc2c(NCCCN(CC)CC)ccnc12,4.426780172885578,Ebola
155559378,Clc1ccc2c(NCCCCNc3ccnc4cccnc34)ccnc2c1,5.542118103266008,Ebola
155559378,Clc1ccc2c(NCCCCNc3ccnc4cccnc34)ccnc2c1,4.886056647693163,Ebola
155563916,CCN(CC)CCCNc1ccnc2c1ccc1c2ccc2c(NCCN3CCOCC3)ccnc21.Cl.Cl.Cl.Cl,6.102372908709558,Ebola
155563916,CCN(CC)CCCNc1ccnc2c1ccc1c2ccc2c(NCCN3CCOCC3)ccnc21.Cl.Cl.Cl.Cl,5.314258261397736,Ebola
155565573,Cl.Cl.Cl.Cl.NCCCNc1ccnc2c1ccc1c2ccc2c(NCCCN)ccnc21,5.0,Ebola
155565573,Cl.Cl.Cl.Cl.NCCCNc1ccnc2c1ccc1c2ccc2c(NCCCN)ccnc21,4.688246138944246,Ebola
155569213,CCN(CC)CCCC(C)Nc1ccnc2c(NC(C)CCCN(CC)CC)ccnc12,6.107905397309519,Ebola
155569213,CCN(CC)CCCC(C)Nc1ccnc2c(NC(C)CCCN(CC)CC)ccnc12,5.325138859262188,Ebola
155518041,Cl.Cl.Cl.Cl.c1cc(NCCCCN2CCOCC2)c2ccc3c(ccc4c(NCCN5CCOCC5)ccnc43)c2n1,6.6777807052660805,Ebola
155518041,Cl.Cl.Cl.Cl.c1cc(NCCCCN2CCOCC2)c2ccc3c(ccc4c(NCCN5CCOCC5)ccnc43)c2n1,6.10790539730952,Ebola
155535640,Cl.Cl.Cl.Cl.c1cc(NCCN2CCOCC2)c2ccc3c(ccc4c(NCCN5CCOCC5)ccnc43)c2n1,6.259637310505756,Ebola
155535640,Cl.Cl.Cl.Cl.c1cc(NCCN2CCOCC2)c2ccc3c(ccc4c(NCCN5CCOCC5)ccnc43)c2n1,5.866461091629782,Ebola
2719,CCN(CC)CCCC(C)Nc1ccnc2cc(Cl)ccc12,4.795880017344075,Ebola
155545375,Nc1nccc2c1ncn2C1=CC[C@@H](O)[C@H]1O,6.366531544420414,Ebola
155545434,Nc1ncc(Br)c2c1ncn2C1=CC[C@H](O)[C@@H]1O,4.454569170534649,Ebola
155546750,Nc1ncc(Br)c2c1ncn2C1=CC[C@@H](O)[C@H]1O,6.455931955649724,Ebola
3005573,CN(C)CCOc1ccc(/C(=C(/CCCl)c2ccccc2)c2ccccc2)cc1,7.045757490560675,Ebola
3005573,CN(C)CCOc1ccc(/C(=C(/CCCl)c2ccccc2)c2ccccc2)cc1,5.522878745280337,Ebola
135652656,Cc1[nH]nc(-c2ccc(OCCN3CCC(C(N)=O)CC3)cc2O)c1-c1ccc(Cl)cc1,7.301029995663981,Ebola
135652656,Cc1[nH]nc(-c2ccc(OCCN3CCC(C(N)=O)CC3)cc2O)c1-c1ccc(Cl)cc1,6.4089353929735005,Ebola
135652670,NC(=O)C1CCN(CCOc2ccc(-c3[nH]ncc3-c3ccccc3)c(O)c2)CC1,5.508638306165727,Ebola
135652670,NC(=O)C1CCN(CCOc2ccc(-c3[nH]ncc3-c3ccccc3)c(O)c2)CC1,4.301029995663981,Ebola
3154059,O=C(NC1CCN(Cc2ccccc2)CC1)C12CC3CC(CC(C3)C1)C2,5.4089353929735005,Ebola
130269490,O=C(NC1CCNCC1)C12CC3CC(C1)CC(c1ccc(Cl)cc1)(C3)C2,6.721246399047171,Ebola
52990849,O=C(N1CCc2ccccc2C1)C12CC3CC(C1)CC(c1ccccc1)(C3)C2,5.638272163982407,Ebola
130269728,CC12CC3CC(C(=O)N4CCNCC4)(C1)CC(c1ccccc1)(C3)C2,6.886056647693163,Ebola
130269983,CC12CC3CC(C(=O)N4CCC(N)CC4)(C1)CC(c1ccccc1)(C3)C2,7.292429823902063,Ebola
130269307,O=C(NC1CCNCC1)C12CC3CC1CC(c1ccccc1)(C3)C2,6.481486060122113,Ebola
156010657,CCC12CC3CC(C(=O)NC4CCC(N)CC4)(C1)CC(c1ccccc1)(C3)C2,8.0,Ebola
156010657,CCC12CC3CC(C(=O)NC4CCC(N)CC4)(C1)CC(c1ccccc1)(C3)C2,7.920818753952375,Ebola
156010657,CCC12CC3CC(C(=O)NC4CCC(N)CC4)(C1)CC(c1ccccc1)(C3)C2,6.455931955649724,Ebola
130268996,CC12CC3CC(C(=O)NC4CCNCC4)(C1)CC(c1ccccc1)(C3)C2,7.366531544420414,Ebola
130268996,CC12CC3CC(C(=O)NC4CCNCC4)(C1)CC(c1ccccc1)(C3)C2,7.552841968657781,Ebola
130268996,CC12CC3CC(C(=O)NC4CCNCC4)(C1)CC(c1ccccc1)(C3)C2,6.619788758288394,Ebola
130269347,c1ccc(C23CC4CC(CC(CNC5CCNCC5)(C4)C2)C3)cc1,6.327902142064283,Ebola
130269671,CC12CC3CC(C(=O)NC4CC5(CC(N)C5)C4)(C1)CC(c1ccccc1)(C3)C2,7.397940008672037,Ebola
152871733,CC12CC3CC(C(=O)NC4CCC(N)CC4)(C1)CC(c1ccccc1)(C3)C2,7.508638306165728,Ebola
152871733,CC12CC3CC(C(=O)NC4CCC(N)CC4)(C1)CC(c1ccccc1)(C3)C2,7.853871964321762,Ebola
152871733,CC12CC3CC(C(=O)NC4CCC(N)CC4)(C1)CC(c1ccccc1)(C3)C2,6.853871964321762,Ebola
152871733,CC12CC3CC(C(=O)NC4CCC(N)CC4)(C1)CC(c1ccccc1)(C3)C2,6.958607314841775,Ebola
130269489,COc1ccc(C23CC4CC(CC(C(=O)NC5CCNCC5)(C4)C2)C3)cc1,6.42021640338319,Ebola
130269240,CC12CC3(C)CC(C(=O)NC4CCNCC4)(C1)CC(c1ccccc1)(C2)C3,6.494850021680094,Ebola
130269420,CC12CC3CC(C(=O)NC4CCC(CN)CC4)(C1)CC(c1ccccc1)(C3)C2,7.522878745280337,Ebola
130269420,CC12CC3CC(C(=O)NC4CCC(CN)CC4)(C1)CC(c1ccccc1)(C3)C2,8.0,Ebola
130269420,CC12CC3CC(C(=O)NC4CCC(CN)CC4)(C1)CC(c1ccccc1)(C3)C2,7.130768280269024,Ebola
51109926,O=C(NC1CCN(Cc2ccccc2)CC1)C12CC3CC(C1)CC(c1ccccc1)(C3)C2,6.42021640338319,Ebola
130269237,CC12CC3CC(C(=O)NCC4CCNCC4)(C1)CC(c1ccccc1)(C3)C2,6.376750709602099,Ebola
130269226,CCC12CC3CC(C(=O)NC4CCNCC4)(C1)CC(c1ccccc1)(C3)C2,7.698970004336019,Ebola
130269718,O=C(N1CCNCC1)C12CC3CC(C1)CC(c1ccccc1)(C3)C2,6.585026652029182,Ebola
130269348,CC12CC3CC(C(=O)NC4CNC4)(C1)CC(c1ccccc1)(C3)C2,6.552841968657781,Ebola
156015205,C[C@H]1C[C@H](NC(=O)C23CC4CC(C)(C2)CC(c2ccccc2)(C4)C3)CCN1,7.337242168318426,Ebola
130269257,O=C(NC12CC3CC(C1)CC(c1ccccc1)(C3)C2)C1CCNCC1,6.0,Ebola
156018000,CC12CC3CC(C(=O)NC4[C@H]5CNC[C@@H]45)(C1)CC(c1ccccc1)(C3)C2,6.920818753952375,Ebola
130269289,O=C(NC1CCNCC1)C1C2CC3CC1CC(c1ccccc1)(C3)C2,6.7447274948966935,Ebola
130269278,CN1CCC(N(C)C(=O)C23CC4CC(C2)CC(c2ccccc2)(C4)C3)CC1,6.552841968657781,Ebola
130269419,O=C(NC1CCNCC1)C12CC3CC(C1)CC(c1ccc(F)cc1)(C3)C2,6.508638306165728,Ebola
130269301,O=C(NC1CCNCC1)C12CC3CC(C1)CC(c1ccc(O)cc1)(C3)C2,5.769551078621726,Ebola
130269723,CN1CCC(NC(=O)C23CC4CC(C2)CC(c2ccccc2)(C4)C3)CC1,6.795880017344075,Ebola
130269234,CC12CC3CC(C(=O)N[C@@H]4CCNC[C@H]4F)(C1)CC(c1ccccc1)(C3)C2,7.481486060122113,Ebola
130247335,O=C(NC1CCNCC1)NC12CC3CC(C1)CC(c1ccccc1)(C3)C2,6.0,Ebola
130269350,O=C(NC1CCNCC1)C12CC3CC(C1)CC(c1ccc([N+](=O)[O-])cc1)(C3)C2,5.522878745280337,Ebola
130269339,NC1CCN(C(=O)C23CC4CC(C2)CC(c2ccccc2)(C4)C3)CC1,6.920818753952375,Ebola
130269616,CC12CC3CC(C(=O)NCCN)(C1)CC(c1ccccc1)(C3)C2,6.6020599913279625,Ebola
130268989,O=C(CC12CC3CC(C1)CC(c1ccccc1)(C3)C2)NC1CCNCC1,6.309803919971486,Ebola
130268852,O=C(NC1CCNCC1)C12CC3CC(C1)CC(c1ccccc1)(C3)C2,7.142667503568732,Ebola
156010657,CCC12CC3CC(C(=O)NC4CCC(N)CC4)(C1)CC(c1ccccc1)(C3)C2,6.853871964321762,Ebola
152871733,CC12CC3CC(C(=O)NC4CCC(N)CC4)(C1)CC(c1ccccc1)(C3)C2,6.619788758288394,Ebola
130269420,CC12CC3CC(C(=O)NC4CCC(CN)CC4)(C1)CC(c1ccccc1)(C3)C2,6.366531544420414,Ebola
130268996,CC12CC3CC(C(=O)NC4CCNCC4)(C1)CC(c1ccccc1)(C3)C2,5.6777807052660805,Ebola
152871733,CC12CC3CC(C(=O)NC4CCC(N)CC4)(C1)CC(c1ccccc1)(C3)C2,6.1249387366083,Ebola
130269420,CC12CC3CC(C(=O)NC4CCC(CN)CC4)(C1)CC(c1ccccc1)(C3)C2,6.259637310505756,Ebola
3005573,CN(C)CCOc1ccc(/C(=C(/CCCl)c2ccccc2)c2ccccc2)cc1,6.173925197299174,Ebola
156009489,CC(c1ccc(C(=O)N2CC(C(C)(C)C)c3ccccc32)cc1)N1CCCCC1,6.060480747381382,Ebola
156009574,O=C(Nc1ccc(SC(F)(F)F)c(Cl)c1)c1ccc(CN2CCCCC2)cc1,5.950781977329818,Ebola
154729054,CC1CCN(c2ccc(NC(=O)c3ccc(CN4CCOCC4)cc3)cc2C(F)(F)F)CC1,6.508638306165728,Ebola
156014872,O=C(Nc1ccc(C2CCCCC2)cc1)c1ccc(CN2CCCCC2)c(F)c1,5.982966660701219,Ebola
156015470,CC(c1ccc(C(=O)N2CCc3cc(C(C)(C)C)ccc32)cc1)N1CCCCC1,5.681936665037239,Ebola
156015699,CC(C)(C)c1ccc(NC(=O)c2ccc(CN3CCCCC3)cc2)c(C(C)(C)C)c1,6.229147988357856,Ebola
156018046,O=C(c1ccc(CN2CCCCC2)cc1)N1CCc2ccc(C(F)(F)F)cc21,5.492144128304169,Ebola
156018209,O=C(Nc1ccc(C23CC4CC(CC(C4)C2)C3)cc1)c1ccc(CN2CCCCC2)cc1,6.958607314841775,Ebola
156019313,CC(c1ccc(C(=O)Nc2ccc(C3CCCCC3)cc2)cc1)N1CCCCC1,5.7447274948966935,Ebola
126034583,O=C(Nc1ccc(C23CC4CC(CC(C4)C2)C3)cc1)c1ccc(CN2CCOCC2)cc1,6.080921907623926,Ebola
41455479,COC(=O)c1ccc(NC(=O)c2ccc(CN3CCCCC3)cc2)cc1,4.6020599913279625,Ebola
41455479,COC(=O)c1ccc(NC(=O)c2ccc(CN3CCCCC3)cc2)cc1,5.54821356447571,Ebola
41455479,COC(=O)c1ccc(NC(=O)c2ccc(CN3CCCCC3)cc2)cc1,5.0,Ebola
237,CCN(CC)CCCC(C)Nc1c2ccc(Cl)cc2nc2ccc(OC)cc12,5.978810700930062,Ebola
107771,COc1ccc2nc3cc(Cl)ccc3c(Nc3cc(CN4CCCC4)c(O)c(CN4CCCC4)c3)c2n1,6.086186147616283,Ebola
5475,CCN(CC)CCOc1ccc2c(c1)C(=O)c1cc(OCCN(CC)CC)ccc1-2,5.943095148663527,Ebola
5035,O=C(c1ccc(OCCN2CCCCC2)cc1)c1c(-c2ccc(O)cc2)sc2cc(O)ccc12,5.906578314837765,Ebola
2733526,CC/C(=C(\c1ccccc1)c1ccc(OCCN(C)C)cc1)c1ccccc1,7.0,Ebola
4416,COc1ccc2c(c1)CCC(c1ccccc1)=C2c1ccc(OCCN2CCCC2)cc1,7.0,Ebola
154257,Cc1c(-c2ccc(O)cc2)n(Cc2ccc(OCCN3CCCCCC3)cc2)c2ccc(O)cc12,5.649751981665837,Ebola
23648275,Oc1ccc2c(Oc3ccc(OCCN4CCCCC4)cc3)c(-c3ccc(F)cc3)sc2c1,6.008773924307505,Ebola
15429026,Oc1ccc2c(Oc3ccc(OCCN4CCCCC4)cc3)c(-c3ccccc3)sc2c1,6.522878745280337,Ebola
16719866,Nc1ccc(-c2sc3cc(O)ccc3c2Oc2ccc(OCCN3CCCCC3)cc2)cc1,6.886056647693163,Ebola
11548000,CCC(=C(c1ccc(OCCN2CCCC2)cc1)c1ccc(OCCN2CCCC2)cc1)c1ccccc1,7.698970004336019,Ebola
135484659,Cc1c(-c2ccc(O)cc2)nn(-c2ccc(O)cc2)c1-c1ccc(OCCN2CCCCC2)cc1,5.882728704344236,Ebola
3005573,CN(C)CCOc1ccc(/C(=C(/CCCl)c2ccccc2)c2ccccc2)cc1,7.154901959985743,Ebola
3036505,OCCOc1ccc(/C(=C(/CCCl)c2ccccc2)c2ccccc2)cc1,5.42021640338319,Ebola
23642301,CCNCCc1ccc(CN(CC)c2cc(OC)ccc2[C@@H]2CCc3cc(O)ccc3C2)cc1,6.619788758288394,Ebola
137503296,Cc1ccccc1C(=O)c1sc2cc(O)ccc2c1Oc1ccc(OCCN2CC(CF)C2)cc1,5.991399828238083,Ebola
137503669,Cc1cc(F)cc(C)c1C(=O)c1sc2cc(O)ccc2c1Oc1ccc(OCCN2CC(CF)C2)cc1,5.87942606879415,Ebola
162645816,CC/C(=C(/c1ccc(NC(=O)CN2CCOCC2)cc1)c1ccc(OCCN2CCCC2)cc1)c1ccccc1,6.455931955649724,Ebola
162646855,CC/C(=C(/c1ccc(NCCN2CCCC2)cc1)c1ccc(OCCN2CCCC2)cc1)c1ccccc1,6.481486060122113,Ebola
15429025,COc1ccc2c(Oc3ccc(OCCN4CCCCC4)cc3)c(-c3ccccc3)sc2c1,6.585026652029182,Ebola
16720684,COc1ccc2c(Oc3ccc(OCCN4CCCCC4)cc3)c(-c3ccc(Br)cc3)sc2c1,6.200659450546419,Ebola
162648190,CC/C(=C(/c1ccc(N)cc1)c1ccc(OCCN2CCCC2)cc1)c1ccccc1,6.886056647693163,Ebola
153939546,CC1=C(c2ccc(O)cc2)[C@H](c2ccc(OCCN3CCCCC3)cc2)Oc2ccccc21,5.823908740944319,Ebola
162652347,CC/C(=C(/c1ccc(NC(=O)CC2CCN(C)CC2)cc1)c1ccc(OCCN2CCCC2)cc1)c1ccccc1,8.221848749616356,Ebola
16719864,COc1ccc2c(c1)S(=O)C(c1ccc(Br)cc1)=C2Oc1ccc(OCCN2CCCCC2)cc1,5.669586226650809,Ebola
13106542,CCC(c1ccccc1)C(O)(c1ccc(OCCN(C)C)cc1)c1cccc(O)c1,5.7594507517174005,Ebola
162655017,CC/C(=C(/c1ccc(NC(=O)C2CCN(C)CC2)cc1)c1ccc(OCCN2CCCC2)cc1)c1ccccc1,8.0,Ebola
162656588,CC/C(=C(/c1ccc(NC(=O)N2CCN(C)CC2)cc1)c1ccc(OCCN2CCCC2)cc1)c1ccccc1,7.522878745280337,Ebola
162658904,CC/C(=C(/c1ccc(NC(=O)CN2CCOCC2)cc1)c1ccc(OCCN2CCOCC2)cc1)c1ccccc1,6.130768280269024,Ebola
162660733,CC/C(=C(/c1ccc(NC(=O)CN2CCN(C)CC2)cc1)c1ccc(OCCN2CCCC2)cc1)c1ccccc1,8.0,Ebola
162663958,CC/C(=C(/c1ccc(NC(=O)C2CCN(C)C2)cc1)c1ccc(OCCN2CCCC2)cc1)c1ccccc1,7.698970004336019,Ebola
162673587,CC/C(=C(/c1ccc(NCCN2CCOCC2)cc1)c1ccc(OCCN2CCOCC2)cc1)c1ccccc1,6.638272163982407,Ebola
162674887,COc1ccc(-c2sc3cc(OC)ccc3c2Oc2ccc(OCCN3CCC(CCNC(=O)CCCCNC(=O)OC(C)(C)C)CC3)cc2)cc1,6.096910013008056,Ebola
162675841,CC/C(=C(/c1ccc(NC(=O)C2CCN(C3CCN(C)CC3)CC2)cc1)c1ccc(OCCN2CCCC2)cc1)c1ccccc1,6.7447274948966935,Ebola
162645872,COc1ncc(-c2cnn(COCCOC(C)=O)c2)c(OC)n1,5.086186147616283,Ebola
145979369,CC1(C)[C@H]2CC[C@]1(C)[C@H](OC(=O)CCN1CCCCC1)C2,4.323306390375134,Ebola
145990523,CC1CCN(CCC(=O)O[C@@H]2C[C@@H]3CC[C@@]2(C)C3(C)C)CC1,4.265200170411153,Ebola
162658580,CC1(C)[C@H]2CC[C@]1(C)[C@H](OC(=O)CCN1CCCCC1)C2.Cl,5.040958607678906,Ebola
162671952,CC1CCN(CCC(=O)O[C@@H]2C[C@@H]3CC[C@@]2(C)C3(C)C)CC1.Cl,4.189095719331299,Ebola
2290378,N#Cc1c(NCCN)nc(-c2ccccc2)c2c1CCCC2,4.61261017366127,Ebola
4841411,O=[N+]([O-])c1cc(S(=O)(=O)NCCN2CCOCC2)ccc1Sc1nnnn1-c1ccccc1,5.721246399047171,Ebola
162662939,CCCNC(=O)[C@@H]1O[C@H]1C(=O)N[C@@H](Cc1ccc(C)cc1)C(=O)N[C@H](C(=O)N1CCN(Cc2ccccc2)CC1)c1ccccc1,7.154901959985743,Ebola
68617,CN[C@H]1CC[C@@H](c2ccc(Cl)c(Cl)c2)c2ccccc21,5.428291168191312,Ebola
492405,NC(=O)c1nc(F)c[nH]c1=O,4.173925197299174,Ebola
160006980,CCOP(=O)(Cc1ccc(COc2ccccc2OC2CCN(Cc3ccc4nc(-c5ccc(C(F)(F)F)cc5)[nH]c4c3)CC2)cc1)OCC,5.761953896871205,Ebola
134346181,CCOP(=O)(Cc1cccc(COc2ccccc2OC2CCN(Cc3ccc4nc(-c5ccc(C(F)(F)F)cc5)[nH]c4c3)CC2)c1)OCC,5.058985756294431,Ebola
134346194,CCOP(=O)(Cc1ccc(COc2ccccc2OC2CCN(Cc3ccc4nc(-c5cccc(C(F)(F)F)c5)[nH]c4c3)CC2)cc1)OCC,4.527682453683158,Ebola
134346135,CCOP(=O)(Cc1cccc(COc2ccccc2CC2CCN(Cc3ccc4nc(-c5ccc(OC(F)(F)F)cc5)[nH]c4c3)CC2)c1)OCC,5.954677021213342,Ebola
134346221,CCOP(=O)(Cc1cccc(COc2ccccc2OC2CCN(Cc3ccc4nc(-c5ccccc5)[nH]c4c3)CC2)c1)OCC,5.72584215073632,Ebola
134346163,CCOP(=O)(Cc1ccc(COc2ccccc2OC2CCN(Cc3ccc4nc(-c5ccc(OC(F)(F)F)cc5)[nH]c4c3)CC2)cc1)OCC,5.924453038607469,Ebola
6536897,CN(C)CCOc1ccc(/C(=C(\CCCl)c2ccccc2)c2ccccc2)cc1,6.42021640338319,Ebola
134346196,CCOP(=O)(Cc1ccc(COc2ccccc2CC2CCN(Cc3ccc4nc(-c5ccccc5)[nH]c4c3)CC2)cc1)OCC,6.1938200260161125,Ebola
134359848,CCOP(=O)(Cc1cccc(COc2ccccc2CC2CCN(Cc3ccc4nc(-c5ccccc5)[nH]c4c3)CC2)c1)OCC,6.031517051446065,Ebola
134356093,CCOP(=O)(Cc1cccc(COc2ccccc2CC2CCN(Cc3ccc4nc(-c5ccc(C(F)(F)F)cc5)[nH]c4c3)CC2)c1)OCC,5.804100347590766,Ebola
134356180,CCOP(=O)(Cc1cccc(COc2ccccc2CC2CCN(Cc3ccc4nc(-c5cccc(C(F)(F)F)c5)[nH]c4c3)CC2)c1)OCC,5.853871964321762,Ebola
134346167,CCOP(=O)(Cc1ccc(COc2ccccc2OC2CCN(Cc3ccc4nc(-c5ccccc5)[nH]c4c3)CC2)cc1)OCC,5.5301779840218375,Ebola
162669570,CCOP(=O)(Cc1cccc(COc2ccccc2CC2CCN(Cc3ccc4nc(-c5cccc(OC(F)(F)F)c5)[nH]c4c3)CC2)c1)OCC,6.060480747381382,Ebola
134346150,CCOP(=O)(Cc1cccc(COc2ccccc2OC2CCN(Cc3ccc4nc(-c5cccc(C(F)(F)F)c5)[nH]c4c3)CC2)c1)OCC,5.603800652904264,Ebola
134346155,CCOP(=O)(Cc1ccc(COc2ccccc2OC2CCN(Cc3ccc4nc(-c5cccc(OC(F)(F)F)c5)[nH]c4c3)CC2)cc1)OCC,5.5301779840218375,Ebola
134346225,CCOP(=O)(Cc1cccc(COc2ccccc2OC2CCN(Cc3ccc4nc(-c5ccc(OC(F)(F)F)cc5)[nH]c4c3)CC2)c1)OCC,5.705533773838407,Ebola
134346216,CCOP(=O)(Cc1cccc(COc2ccccc2OC2CCN(Cc3ccc4nc(-c5cccc(OC(F)(F)F)c5)[nH]c4c3)CC2)c1)OCC,5.681936665037239,Ebola
134346196,CCOP(=O)(Cc1ccc(COc2ccccc2CC2CCN(Cc3ccc4nc(-c5ccccc5)[nH]c4c3)CC2)cc1)OCC,5.869666231504994,Ebola
134359848,CCOP(=O)(Cc1cccc(COc2ccccc2CC2CCN(Cc3ccc4nc(-c5ccccc5)[nH]c4c3)CC2)c1)OCC,5.534617148551582,Ebola
162516429,Cc1c(Cc2ccccc2)c(=O)oc2cc(OCC(CN3CCC(C(N)=O)CC3)Oc3ccccc3F)ccc12,4.647817481888637,Ebola
162516434,Cc1cc(=O)oc2cc(OCC(O)CN3CCC(C(N)=O)CC3)ccc12,5.031517051446065,Ebola
162516414,Cc1c(Cc2ccc(-c3ccccc3C#N)cc2)c(=O)oc2cc(OCC(O)CN3CCC(C(N)=O)CC3)ccc12,5.7447274948966935,Ebola
45133659,Cc1c(Cc2ccccc2)c(=O)oc2cc(OCC(O)CN3CCC(C(N)=O)CC3)ccc12,5.468521082957745,Ebola
162516432,Cc1c(Cc2ccc(-c3ccccc3)cc2)c(=O)oc2cc(OCC(O)CNc3nccs3)ccc12,5.568636235841013,Ebola
162516435,Cc1c(Cc2ccc(F)cc2F)c(=O)oc2cc(OCC(O)CN3CCC(C(N)=O)CC3)ccc12,5.920818753952375,Ebola
162516402,Cc1c(Cc2ccc(OC(F)(F)F)cc2)c(=O)oc2cc(OC[C@H](O)CN3CCC(C(N)=O)CC3)ccc12,6.045757490560675,Ebola
162516458,Cc1c(Cc2ccccc2)c(=O)oc2cc(OCC(O)CNCc3cccs3)ccc12,5.455931955649724,Ebola
162516410,Cc1c(Cc2ccc(-c3ccc(Cl)cc3)cc2)c(=O)oc2cc(OCC(O)CN3CCC(C(N)=O)CC3)ccc12,5.853871964321762,Ebola
162516420,COc1ccc(OC(COc2ccc3c(C)c(Cc4ccccc4)c(=O)oc3c2)CN2CCC(C(N)=O)CC2)cc1,4.978810700930062,Ebola
162516416,Cc1c(Cc2ccc(OC(F)(F)F)cc2)c(=O)oc2cc(OCC(O)CNCCc3ccncc3)ccc12,5.657577319177793,Ebola
162516417,Cc1c(Cc2ccccc2)c(=O)oc2cc(OCC(CN3CCC(C(N)=O)CC3)Oc3ccc([N+](=O)[O-])cc3)ccc12,4.795880017344075,Ebola
162516459,Cc1cc(F)ccc1Cc1c(C)c2ccc(OCC(O)CN3CCC(C(N)=O)CC3)cc2oc1=O,5.920818753952375,Ebola
162516419,Cc1c(Cc2ccccc2C(F)(F)F)c(=O)oc2cc(OCC(O)CN3CCC(C(N)=O)CC3)ccc12,5.795880017344075,Ebola
162516457,Cc1c(Cc2ccccc2)c(=O)oc2cc(OCC(O)CNc3nc4ccccc4[nH]3)ccc12,4.0,Ebola
162516445,Cc1c(Cc2ccccc2)c(=O)oc2cc(OCC(O)CNc3ccc(Br)cc3)ccc12,4.0,Ebola
162516426,Cc1c(Cc2ccccc2)c(=O)oc2cc(OCCCNc3nccs3)ccc12,4.7447274948966935,Ebola
162516413,Cc1c(Cc2ccccc2)c(=O)oc2cc(OCC(O)CNCCc3cccnc3)ccc12,5.886056647693163,Ebola
162516455,Cc1c(Cc2ccccc2)c(=O)oc2cc(OCC(O)CNC3CCOCC3)ccc12,5.657577319177793,Ebola
162516444,Cc1c(Cc2ccccc2)c(=O)oc2cc(OCC(O)CNCC3CC3)ccc12,5.522878745280337,Ebola
162663994,Cc1c(Cc2ccc(OC(F)(F)F)cc2)c(=O)oc2cc(OCC(CNCCc3ccccc3)Oc3ccccc3)ccc12,5.468521082957745,Ebola
162516397,NC(=O)C1CCN(CC(O)COc2ccc3c(C4CC4)cc(=O)oc3c2)CC1,4.752026733638194,Ebola
162516431,Cc1c(Cc2ccccc2)c(=O)oc2cc(OCC(O)CNCc3ccccc3)ccc12,5.886056647693163,Ebola
162666104,Cc1c(Cc2ccccc2)c(=O)oc2cc(OCC(CN3CCC(C(N)=O)CC3)Oc3ccc(-c4ncc(N)s4)cc3)ccc12,4.847711655616943,Ebola
162516443,Cc1c(Cc2ccc(OC(F)(F)F)cc2)c(=O)oc2cc(OC[C@@H](O)CN3CCC(C(N)=O)CC3)ccc12,6.154901959985743,Ebola
162516438,Cc1c(Cc2ccc(-c3ccc(F)cc3)cc2)c(=O)oc2cc(OCC(O)CN3CCC(C(N)=O)CC3)ccc12,5.823908740944319,Ebola
162516421,Cc1c(Cc2ccc(Cl)cc2)c(=O)oc2cc(OCC(O)CN3CCC(C(N)=O)CC3)ccc12,5.6020599913279625,Ebola
162516460,Cc1c(Cc2ccc(F)cc2Cl)c(=O)oc2cc(OCC(O)CN3CCC(C(N)=O)CC3)ccc12,5.508638306165727,Ebola
162516453,Cc1c(Cc2ccc(-c3ccc(C(F)(F)F)cc3)cc2)c(=O)oc2cc(OCC(O)CN3CCC(C(N)=O)CC3)ccc12,5.920818753952375,Ebola
162516405,Cc1noc(C)c1-c1ccc(Cc2c(C)c3ccc(OCC(O)CN4CCC(C(N)=O)CC4)cc3oc2=O)cc1,5.2839966563652006,Ebola
162516399,Cc1c(Cc2ccccc2)c(=O)oc2cc(OCC(O)CNCCCO)ccc12,5.050609993355087,Ebola
162516456,Cc1c(Cc2ccc(F)cc2)c(=O)oc2cc(OCC(O)CN3CCC(C(N)=O)CC3)ccc12,5.958607314841775,Ebola
162516408,Cc1c(Cc2ccc(C(F)(F)F)cc2)c(=O)oc2cc(OCC(O)CN3CCC(C(N)=O)CC3)ccc12,5.958607314841775,Ebola
162516447,COc1ccccc1-c1ccc(Cc2c(C)c3ccc(OCC(O)CN4CCC(C(N)=O)CC4)cc3oc2=O)cc1,5.823908740944319,Ebola
162516425,Cc1c(Cc2cccc3ccccc23)c(=O)oc2cc(OCC(O)CN3CCC(C(N)=O)CC3)ccc12,5.823908740944319,Ebola
162516446,Cc1c(Cc2ccccc2)c(=O)oc2cc(OCC(O)CNc3ccccc3)ccc12,4.0,Ebola
162516441,Cc1c(Cc2cccc(F)c2)c(=O)oc2cc(OCC(O)CN3CCC(C(N)=O)CC3)ccc12,5.795880017344075,Ebola
162516407,Cc1c(Cc2ccccc2)c(=O)oc2cc(OCC(O)CNCCc3ccncc3)ccc12,6.045757490560675,Ebola
162516452,Cc1c(Cc2ccc(-c3ccc(C#N)c(F)c3)cc2)c(=O)oc2cc(OCC(O)CN3CCC(C(N)=O)CC3)ccc12,5.455931955649724,Ebola
162516422,Cc1c(Cc2ccc(OC(F)(F)F)cc2)c(=O)oc2cc(OCC(O)CN3CCC(C(N)=O)CC3)ccc12,6.301029995663981,Ebola
162516454,Cc1c(Cc2ccc(-c3ccccc3)cc2)c(=O)oc2cc(OCC(O)CN3CCC(C(N)=O)CC3)ccc12,6.154901959985743,Ebola
162516415,Cc1c(Cc2ccccc2)c(=O)oc2cc(OCC(O)CNCCCCCCO)ccc12,6.0,Ebola
162516418,Cc1c(Cc2ccccc2)c(=O)oc2cc(OCC(O)CNCCc3ccccn3)ccc12,5.443697499232713,Ebola
162516448,Cc1c(Cc2ccc(Br)cc2)c(=O)oc2cc(OCC(O)CN3CCC(C(N)=O)CC3)ccc12,6.045757490560675,Ebola
162516396,Cc1c(Cc2ccccc2)c(=O)oc2cc(OCC(O)CNc3cc([N+](=O)[O-])ccc3O)ccc12,4.089909454405932,Ebola
162516427,C#CCNCC(O)COc1ccc2c(C)c(Cc3ccccc3)c(=O)oc2c1,5.229147988357856,Ebola
162516430,NC(=O)C1CCN(CC(O)COc2ccc3c(C4CC4)c(Cc4ccccc4)c(=O)oc3c2)CC1,5.026872146400302,Ebola
162516424,COC(CNCCc1ccncc1)COc1ccc2c(C)c(Cc3ccccc3)c(=O)oc2c1,5.552841968657781,Ebola
162516423,Cc1c(Cc2ccc(OC(F)(F)F)cc2)c(=O)oc2cc(OCC(O)CNc3nccs3)ccc12,5.823908740944319,Ebola
162516436,Cc1c(Cc2ccccc2)c(=O)oc2cc(OCC(CN3CCC(C(N)=O)CC3)Oc3ccc(F)cc3)ccc12,4.982966660701219,Ebola
162516440,Cc1c(Cc2ccc(C(C)(C)C)cc2)c(=O)oc2cc(OCC(O)CN3CCC(C(N)=O)CC3)ccc12,4.931814138253839,Ebola
162516442,COc1ccc(Cc2c(C)c3ccc(OCC(O)CN4CCC(C(N)=O)CC4)cc3oc2=O)c(Br)c1,5.6020599913279625,Ebola
162516406,COC(=O)c1ccc(Cc2c(C)c3ccc(OCC(O)CN4CCC(C(N)=O)CC4)cc3oc2=O)cc1,5.1249387366083,Ebola
162516428,NC(=O)C1CCN(CC(O)COc2ccc3c(-c4ccccc4)c(Cc4ccccc4)c(=O)oc3c2)CC1,5.537602002101044,Ebola
162516439,Cc1ccc2nc(NCC(O)COc3ccc4c(C)c(Cc5ccccc5)c(=O)oc4c3)sc2c1,4.991399828238082,Ebola
162516400,Cc1c(Cc2ccccc2)c(=O)oc2cc(OCC(O)CNc3nccs3)ccc12,5.6777807052660805,Ebola
162516398,Cc1c(Cc2ccc(-c3ccc(C=O)c(F)c3)cc2)c(=O)oc2cc(OCC(O)CN3CCC(C(N)=O)CC3)ccc12,4.962573502059376,Ebola
162516451,Cc1c(Cc2ccccc2)c(=O)oc2cc(OCC(O)CNn3ccnn3)ccc12,4.0,Ebola
162677023,CC(=O)C1CCN(CC(O)COc2ccc3c(C)c(Cc4cccc([N+](=O)[O-])c4)c(=O)oc3c2)CC1,5.431798275933005,Ebola
162516429,Cc1c(Cc2ccccc2)c(=O)oc2cc(OCC(CN3CCC(C(N)=O)CC3)Oc3ccccc3F)ccc12,4.692503962086787,Ebola
162516434,Cc1cc(=O)oc2cc(OCC(O)CN3CCC(C(N)=O)CC3)ccc12,5.075720713938118,Ebola
162516414,Cc1c(Cc2ccc(-c3ccccc3C#N)cc2)c(=O)oc2cc(OCC(O)CN3CCC(C(N)=O)CC3)ccc12,5.7447274948966935,Ebola
45133659,Cc1c(Cc2ccccc2)c(=O)oc2cc(OCC(O)CN3CCC(C(N)=O)CC3)ccc12,4.530177984021837,Ebola
162516432,Cc1c(Cc2ccc(-c3ccccc3)cc2)c(=O)oc2cc(OCC(O)CNc3nccs3)ccc12,5.886056647693163,Ebola
162516435,Cc1c(Cc2ccc(F)cc2F)c(=O)oc2cc(OCC(O)CN3CCC(C(N)=O)CC3)ccc12,5.376750709602099,Ebola
162516402,Cc1c(Cc2ccc(OC(F)(F)F)cc2)c(=O)oc2cc(OC[C@H](O)CN3CCC(C(N)=O)CC3)ccc12,5.853871964321762,Ebola
162516458,Cc1c(Cc2ccccc2)c(=O)oc2cc(OCC(O)CNCc3cccs3)ccc12,5.455931955649724,Ebola
162516410,Cc1c(Cc2ccc(-c3ccc(Cl)cc3)cc2)c(=O)oc2cc(OCC(O)CN3CCC(C(N)=O)CC3)ccc12,6.0,Ebola
162516420,COc1ccc(OC(COc2ccc3c(C)c(Cc4ccccc4)c(=O)oc3c2)CN2CCC(C(N)=O)CC2)cc1,5.096910013008056,Ebola
162516416,Cc1c(Cc2ccc(OC(F)(F)F)cc2)c(=O)oc2cc(OCC(O)CNCCc3ccncc3)ccc12,5.886056647693163,Ebola
162516417,Cc1c(Cc2ccccc2)c(=O)oc2cc(OCC(CN3CCC(C(N)=O)CC3)Oc3ccc([N+](=O)[O-])cc3)ccc12,5.086186147616283,Ebola
162516459,Cc1cc(F)ccc1Cc1c(C)c2ccc(OCC(O)CN3CCC(C(N)=O)CC3)cc2oc1=O,5.522878745280337,Ebola
162516419,Cc1c(Cc2ccccc2C(F)(F)F)c(=O)oc2cc(OCC(O)CN3CCC(C(N)=O)CC3)ccc12,5.522878745280337,Ebola
162516457,Cc1c(Cc2ccccc2)c(=O)oc2cc(OCC(O)CNc3nc4ccccc4[nH]3)ccc12,4.0,Ebola
162516445,Cc1c(Cc2ccccc2)c(=O)oc2cc(OCC(O)CNc3ccc(Br)cc3)ccc12,4.0,Ebola
162516426,Cc1c(Cc2ccccc2)c(=O)oc2cc(OCCCNc3nccs3)ccc12,4.795880017344075,Ebola
162516413,Cc1c(Cc2ccccc2)c(=O)oc2cc(OCC(O)CNCCc3cccnc3)ccc12,5.769551078621726,Ebola
162516455,Cc1c(Cc2ccccc2)c(=O)oc2cc(OCC(O)CNC3CCOCC3)ccc12,5.657577319177793,Ebola
162516444,Cc1c(Cc2ccccc2)c(=O)oc2cc(OCC(O)CNCC3CC3)ccc12,5.494850021680094,Ebola
162663994,Cc1c(Cc2ccc(OC(F)(F)F)cc2)c(=O)oc2cc(OCC(CNCCc3ccccc3)Oc3ccccc3)ccc12,5.886056647693163,Ebola
162516397,NC(=O)C1CCN(CC(O)COc2ccc3c(C4CC4)cc(=O)oc3c2)CC1,4.474955192963154,Ebola
162516431,Cc1c(Cc2ccccc2)c(=O)oc2cc(OCC(O)CNCc3ccccc3)ccc12,5.657577319177793,Ebola
162666104,Cc1c(Cc2ccccc2)c(=O)oc2cc(OCC(CN3CCC(C(N)=O)CC3)Oc3ccc(-c4ncc(N)s4)cc3)ccc12,4.872895201635193,Ebola
162516443,Cc1c(Cc2ccc(OC(F)(F)F)cc2)c(=O)oc2cc(OC[C@@H](O)CN3CCC(C(N)=O)CC3)ccc12,5.853871964321762,Ebola
162516438,Cc1c(Cc2ccc(-c3ccc(F)cc3)cc2)c(=O)oc2cc(OCC(O)CN3CCC(C(N)=O)CC3)ccc12,5.958607314841775,Ebola
162516421,Cc1c(Cc2ccc(Cl)cc2)c(=O)oc2cc(OCC(O)CN3CCC(C(N)=O)CC3)ccc12,5.537602002101044,Ebola
162516460,Cc1c(Cc2ccc(F)cc2Cl)c(=O)oc2cc(OCC(O)CN3CCC(C(N)=O)CC3)ccc12,4.924453038607469,Ebola
162516453,Cc1c(Cc2ccc(-c3ccc(C(F)(F)F)cc3)cc2)c(=O)oc2cc(OCC(O)CN3CCC(C(N)=O)CC3)ccc12,5.886056647693163,Ebola
162516405,Cc1noc(C)c1-c1ccc(Cc2c(C)c3ccc(OCC(O)CN4CCC(C(N)=O)CC4)cc3oc2=O)cc1,5.494850021680094,Ebola
162516399,Cc1c(Cc2ccccc2)c(=O)oc2cc(OCC(O)CNCCCO)ccc12,5.075720713938118,Ebola
162516456,Cc1c(Cc2ccc(F)cc2)c(=O)oc2cc(OCC(O)CN3CCC(C(N)=O)CC3)ccc12,5.958607314841775,Ebola
162516408,Cc1c(Cc2ccc(C(F)(F)F)cc2)c(=O)oc2cc(OCC(O)CN3CCC(C(N)=O)CC3)ccc12,5.958607314841775,Ebola
162516447,COc1ccccc1-c1ccc(Cc2c(C)c3ccc(OCC(O)CN4CCC(C(N)=O)CC4)cc3oc2=O)cc1,5.6777807052660805,Ebola
162516425,Cc1c(Cc2cccc3ccccc23)c(=O)oc2cc(OCC(O)CN3CCC(C(N)=O)CC3)ccc12,5.920818753952375,Ebola
162516446,Cc1c(Cc2ccccc2)c(=O)oc2cc(OCC(O)CNc3ccccc3)ccc12,4.0,Ebola
162516441,Cc1c(Cc2cccc(F)c2)c(=O)oc2cc(OCC(O)CN3CCC(C(N)=O)CC3)ccc12,5.619788758288394,Ebola
162516407,Cc1c(Cc2ccccc2)c(=O)oc2cc(OCC(O)CNCCc3ccncc3)ccc12,5.568636235841013,Ebola
162516452,Cc1c(Cc2ccc(-c3ccc(C#N)c(F)c3)cc2)c(=O)oc2cc(OCC(O)CN3CCC(C(N)=O)CC3)ccc12,5.638272163982407,Ebola
162516422,Cc1c(Cc2ccc(OC(F)(F)F)cc2)c(=O)oc2cc(OCC(O)CN3CCC(C(N)=O)CC3)ccc12,5.920818753952375,Ebola
162516454,Cc1c(Cc2ccc(-c3ccccc3)cc2)c(=O)oc2cc(OCC(O)CN3CCC(C(N)=O)CC3)ccc12,6.045757490560675,Ebola
162516415,Cc1c(Cc2ccccc2)c(=O)oc2cc(OCC(O)CNCCCCCCO)ccc12,5.619788758288394,Ebola
162516418,Cc1c(Cc2ccccc2)c(=O)oc2cc(OCC(O)CNCCc3ccccn3)ccc12,5.229147988357856,Ebola
162516448,Cc1c(Cc2ccc(Br)cc2)c(=O)oc2cc(OCC(O)CN3CCC(C(N)=O)CC3)ccc12,5.920818753952375,Ebola
162516396,Cc1c(Cc2ccccc2)c(=O)oc2cc(OCC(O)CNc3cc([N+](=O)[O-])ccc3O)ccc12,4.0,Ebola
162516427,C#CCNCC(O)COc1ccc2c(C)c(Cc3ccccc3)c(=O)oc2c1,5.251811972993799,Ebola
162516430,NC(=O)C1CCN(CC(O)COc2ccc3c(C4CC4)c(Cc4ccccc4)c(=O)oc3c2)CC1,5.187086643357144,Ebola
162516424,COC(CNCCc1ccncc1)COc1ccc2c(C)c(Cc3ccccc3)c(=O)oc2c1,5.769551078621726,Ebola
162516423,Cc1c(Cc2ccc(OC(F)(F)F)cc2)c(=O)oc2cc(OCC(O)CNc3nccs3)ccc12,5.920818753952375,Ebola
162516436,Cc1c(Cc2ccccc2)c(=O)oc2cc(OCC(CN3CCC(C(N)=O)CC3)Oc3ccc(F)cc3)ccc12,4.91721462968355,Ebola
162516440,Cc1c(Cc2ccc(C(C)(C)C)cc2)c(=O)oc2cc(OCC(O)CN3CCC(C(N)=O)CC3)ccc12,5.236572006437063,Ebola
162516442,COc1ccc(Cc2c(C)c3ccc(OCC(O)CN4CCC(C(N)=O)CC4)cc3oc2=O)c(Br)c1,5.2839966563652006,Ebola
162516406,COC(=O)c1ccc(Cc2c(C)c3ccc(OCC(O)CN4CCC(C(N)=O)CC4)cc3oc2=O)cc1,5.040958607678906,Ebola
162516428,NC(=O)C1CCN(CC(O)COc2ccc3c(-c4ccccc4)c(Cc4ccccc4)c(=O)oc3c2)CC1,5.657577319177793,Ebola
162516439,Cc1ccc2nc(NCC(O)COc3ccc4c(C)c(Cc5ccccc5)c(=O)oc4c3)sc2c1,5.055517327849832,Ebola
162516400,Cc1c(Cc2ccccc2)c(=O)oc2cc(OCC(O)CNc3nccs3)ccc12,5.552841968657781,Ebola
162516398,Cc1c(Cc2ccc(-c3ccc(C=O)c(F)c3)cc2)c(=O)oc2cc(OCC(O)CN3CCC(C(N)=O)CC3)ccc12,5.2839966563652006,Ebola
162516451,Cc1c(Cc2ccccc2)c(=O)oc2cc(OCC(O)CNn3ccnn3)ccc12,4.0,Ebola
162677023,CC(=O)C1CCN(CC(O)COc2ccc3c(C)c(Cc4cccc([N+](=O)[O-])c4)c(=O)oc3c2)CC1,5.568636235841013,Ebola
162516429,Cc1c(Cc2ccccc2)c(=O)oc2cc(OCC(CN3CCC(C(N)=O)CC3)Oc3ccccc3F)ccc12,4.099086932262331,Ebola
162516434,Cc1cc(=O)oc2cc(OCC(O)CN3CCC(C(N)=O)CC3)ccc12,4.0,Ebola
162516414,Cc1c(Cc2ccc(-c3ccccc3C#N)cc2)c(=O)oc2cc(OCC(O)CN3CCC(C(N)=O)CC3)ccc12,4.478861916295964,Ebola
45133659,Cc1c(Cc2ccccc2)c(=O)oc2cc(OCC(O)CN3CCC(C(N)=O)CC3)ccc12,4.0,Ebola
162516432,Cc1c(Cc2ccc(-c3ccccc3)cc2)c(=O)oc2cc(OCC(O)CNc3nccs3)ccc12,4.419075024324381,Ebola
162516435,Cc1c(Cc2ccc(F)cc2F)c(=O)oc2cc(OCC(O)CN3CCC(C(N)=O)CC3)ccc12,4.0,Ebola
162516402,Cc1c(Cc2ccc(OC(F)(F)F)cc2)c(=O)oc2cc(OC[C@H](O)CN3CCC(C(N)=O)CC3)ccc12,4.2839966563652006,Ebola
162516458,Cc1c(Cc2ccccc2)c(=O)oc2cc(OCC(O)CNCc3cccs3)ccc12,4.058985756294431,Ebola
162516410,Cc1c(Cc2ccc(-c3ccc(Cl)cc3)cc2)c(=O)oc2cc(OCC(O)CN3CCC(C(N)=O)CC3)ccc12,4.482804102050026,Ebola
162516420,COc1ccc(OC(COc2ccc3c(C)c(Cc4ccccc4)c(=O)oc3c2)CN2CCC(C(N)=O)CC2)cc1,4.022733787572707,Ebola
162516416,Cc1c(Cc2ccc(OC(F)(F)F)cc2)c(=O)oc2cc(OCC(O)CNCCc3ccncc3)ccc12,4.844663962534939,Ebola
162516417,Cc1c(Cc2ccccc2)c(=O)oc2cc(OCC(CN3CCC(C(N)=O)CC3)Oc3ccc([N+](=O)[O-])cc3)ccc12,4.023191662661934,Ebola
162516459,Cc1cc(F)ccc1Cc1c(C)c2ccc(OCC(O)CN3CCC(C(N)=O)CC3)cc2oc1=O,4.0,Ebola
162516419,Cc1c(Cc2ccccc2C(F)(F)F)c(=O)oc2cc(OCC(O)CN3CCC(C(N)=O)CC3)ccc12,4.0,Ebola
162516457,Cc1c(Cc2ccccc2)c(=O)oc2cc(OCC(O)CNc3nc4ccccc4[nH]3)ccc12,4.0,Ebola
162516445,Cc1c(Cc2ccccc2)c(=O)oc2cc(OCC(O)CNc3ccc(Br)cc3)ccc12,4.0,Ebola
162516426,Cc1c(Cc2ccccc2)c(=O)oc2cc(OCCCNc3nccs3)ccc12,4.300162274132754,Ebola
162516413,Cc1c(Cc2ccccc2)c(=O)oc2cc(OCC(O)CNCCc3cccnc3)ccc12,4.562249437179612,Ebola
162516455,Cc1c(Cc2ccccc2)c(=O)oc2cc(OCC(O)CNC3CCOCC3)ccc12,4.417936637088292,Ebola
162516444,Cc1c(Cc2ccccc2)c(=O)oc2cc(OCC(O)CNCC3CC3)ccc12,4.0,Ebola
162663994,Cc1c(Cc2ccc(OC(F)(F)F)cc2)c(=O)oc2cc(OCC(CNCCc3ccccc3)Oc3ccccc3)ccc12,4.374687549038327,Ebola
162516397,NC(=O)C1CCN(CC(O)COc2ccc3c(C4CC4)cc(=O)oc3c2)CC1,4.0,Ebola
162516431,Cc1c(Cc2ccccc2)c(=O)oc2cc(OCC(O)CNCc3ccccc3)ccc12,4.0,Ebola
162666104,Cc1c(Cc2ccccc2)c(=O)oc2cc(OCC(CN3CCC(C(N)=O)CC3)Oc3ccc(-c4ncc(N)s4)cc3)ccc12,4.0,Ebola
162516443,Cc1c(Cc2ccc(OC(F)(F)F)cc2)c(=O)oc2cc(OC[C@@H](O)CN3CCC(C(N)=O)CC3)ccc12,4.187755303199631,Ebola
162516438,Cc1c(Cc2ccc(-c3ccc(F)cc3)cc2)c(=O)oc2cc(OCC(O)CN3CCC(C(N)=O)CC3)ccc12,4.714442690992226,Ebola
162516421,Cc1c(Cc2ccc(Cl)cc2)c(=O)oc2cc(OCC(O)CN3CCC(C(N)=O)CC3)ccc12,4.3979400086720375,Ebola
162516460,Cc1c(Cc2ccc(F)cc2Cl)c(=O)oc2cc(OCC(O)CN3CCC(C(N)=O)CC3)ccc12,4.041914151478915,Ebola
162516453,Cc1c(Cc2ccc(-c3ccc(C(F)(F)F)cc3)cc2)c(=O)oc2cc(OCC(O)CN3CCC(C(N)=O)CC3)ccc12,4.0,Ebola
162516405,Cc1noc(C)c1-c1ccc(Cc2c(C)c3ccc(OCC(O)CN4CCC(C(N)=O)CC4)cc3oc2=O)cc1,4.432973633840939,Ebola
162516399,Cc1c(Cc2ccccc2)c(=O)oc2cc(OCC(O)CNCCCO)ccc12,4.272458742971444,Ebola
162516456,Cc1c(Cc2ccc(F)cc2)c(=O)oc2cc(OCC(O)CN3CCC(C(N)=O)CC3)ccc12,4.049148541111453,Ebola
162516408,Cc1c(Cc2ccc(C(F)(F)F)cc2)c(=O)oc2cc(OCC(O)CN3CCC(C(N)=O)CC3)ccc12,4.049148541111453,Ebola
162516447,COc1ccccc1-c1ccc(Cc2c(C)c3ccc(OCC(O)CN4CCC(C(N)=O)CC4)cc3oc2=O)cc1,4.03810452633215,Ebola
162516425,Cc1c(Cc2cccc3ccccc23)c(=O)oc2cc(OCC(O)CN3CCC(C(N)=O)CC3)ccc12,4.372634143407267,Ebola
162516446,Cc1c(Cc2ccccc2)c(=O)oc2cc(OCC(O)CNc3ccccc3)ccc12,4.0,Ebola
162516441,Cc1c(Cc2cccc(F)c2)c(=O)oc2cc(OCC(O)CN3CCC(C(N)=O)CC3)ccc12,4.273272790973428,Ebola
162516407,Cc1c(Cc2ccccc2)c(=O)oc2cc(OCC(O)CNCCc3ccncc3)ccc12,4.0,Ebola
162516452,Cc1c(Cc2ccc(-c3ccc(C#N)c(F)c3)cc2)c(=O)oc2cc(OCC(O)CN3CCC(C(N)=O)CC3)ccc12,4.536107011014093,Ebola
162516422,Cc1c(Cc2ccc(OC(F)(F)F)cc2)c(=O)oc2cc(OCC(O)CN3CCC(C(N)=O)CC3)ccc12,4.166215625343521,Ebola
162516454,Cc1c(Cc2ccc(-c3ccccc3)cc2)c(=O)oc2cc(OCC(O)CN3CCC(C(N)=O)CC3)ccc12,4.0,Ebola
162516415,Cc1c(Cc2ccccc2)c(=O)oc2cc(OCC(O)CNCCCCCCO)ccc12,4.394694953858891,Ebola
162516418,Cc1c(Cc2ccccc2)c(=O)oc2cc(OCC(O)CNCCc3ccccn3)ccc12,4.260427655549908,Ebola
162516448,Cc1c(Cc2ccc(Br)cc2)c(=O)oc2cc(OCC(O)CN3CCC(C(N)=O)CC3)ccc12,4.0,Ebola
162516396,Cc1c(Cc2ccccc2)c(=O)oc2cc(OCC(O)CNc3cc([N+](=O)[O-])ccc3O)ccc12,4.0,Ebola
162516427,C#CCNCC(O)COc1ccc2c(C)c(Cc3ccccc3)c(=O)oc2c1,4.019996628416254,Ebola
162516430,NC(=O)C1CCN(CC(O)COc2ccc3c(C4CC4)c(Cc4ccccc4)c(=O)oc3c2)CC1,4.0,Ebola
162516424,COC(CNCCc1ccncc1)COc1ccc2c(C)c(Cc3ccccc3)c(=O)oc2c1,4.779891911959945,Ebola
162516423,Cc1c(Cc2ccc(OC(F)(F)F)cc2)c(=O)oc2cc(OCC(O)CNc3nccs3)ccc12,4.00436480540245,Ebola
162516436,Cc1c(Cc2ccccc2)c(=O)oc2cc(OCC(CN3CCC(C(N)=O)CC3)Oc3ccc(F)cc3)ccc12,4.177831920631983,Ebola
162516440,Cc1c(Cc2ccc(C(C)(C)C)cc2)c(=O)oc2cc(OCC(O)CN3CCC(C(N)=O)CC3)ccc12,4.832682665251824,Ebola
162516442,COc1ccc(Cc2c(C)c3ccc(OCC(O)CN4CCC(C(N)=O)CC4)cc3oc2=O)c(Br)c1,4.35261702988538,Ebola
162516406,COC(=O)c1ccc(Cc2c(C)c3ccc(OCC(O)CN4CCC(C(N)=O)CC4)cc3oc2=O)cc1,4.0,Ebola
162516428,NC(=O)C1CCN(CC(O)COc2ccc3c(-c4ccccc4)c(Cc4ccccc4)c(=O)oc3c2)CC1,4.598599459218456,Ebola
162516439,Cc1ccc2nc(NCC(O)COc3ccc4c(C)c(Cc5ccccc5)c(=O)oc4c3)sc2c1,4.0,Ebola
162516400,Cc1c(Cc2ccccc2)c(=O)oc2cc(OCC(O)CNc3nccs3)ccc12,4.031517051446065,Ebola
162516398,Cc1c(Cc2ccc(-c3ccc(C=O)c(F)c3)cc2)c(=O)oc2cc(OCC(O)CN3CCC(C(N)=O)CC3)ccc12,4.204815410317576,Ebola
162516451,Cc1c(Cc2ccccc2)c(=O)oc2cc(OCC(O)CNn3ccnn3)ccc12,4.0,Ebola
162677023,CC(=O)C1CCN(CC(O)COc2ccc3c(C)c(Cc4cccc([N+](=O)[O-])c4)c(=O)oc3c2)CC1,4.043351420794797,Ebola
492405,NC(=O)c1nc(F)c[nH]c1=O,4.180456064458132,Ebola
164615726,Nc1nccc2c1ncn2[C@@H]1C(F)=C[C@@H](O)[C@H]1O,6.920818753952375,Ebola
164626295,Nc1ncc(Br)c2c1ncn2[C@@H]1C(F)=C[C@@H](O)[C@H]1O,6.958607314841775,Ebola
11005,CCCCCCCCCCCCCC(=O)O,4.301029995663981,Ebola
378339,CCSCCCCCCCCCCCC(=O)O,4.301029995663981,Ebola
1754,CCCCCCCCCCOCCC(=O)O,4.301029995663981,Ebola
121304016,CCC(CC)COC(=O)[C@H](C)N[P@](=O)(OC[C@H]1O[C@@](C#N)(c2ccc3c(N)ncnn23)[C@H](O)[C@@H]1O)Oc1ccccc1,6.494850021680094,Ebola
166627382,CCCCCCCCCCOCCC(=O)O[C@H]1[C@@H](O)[C@](C#N)(c2ccc3c(N)ncnn23)O[C@@H]1CO[P@@](=O)(N[C@H](C)C(=O)OCC(CC)CC)Oc1ccccc1,6.795880017344075,Ebola
166627582,CCCCCCCCCCOCCC(=O)O[C@H]1[C@@H](OC(=O)CCOCCCCCCCCCC)[C@](C#N)(c2ccc3c(N)ncnn23)O[C@@H]1CO[P@@](=O)(N[C@H](C)C(=O)OCC(CC)CC)Oc1ccccc1,4.301029995663981,Ebola
166628000,CCCCCCCCCCOCCC(=O)O[C@@H]1[C@H](O)[C@@H](CO[P@@](=O)(N[C@H](C)C(=O)OCC(CC)CC)Oc2ccccc2)O[C@@]1(C#N)c1ccc2c(N)ncnn12,6.522878745280337,Ebola
166628169,CCCCCCCCCCCCCCCC(=O)O[C@@H]1[C@H](O)[C@@H](CO[P@@](=O)(N[C@H](C)C(=O)OCC(CC)CC)Oc2ccccc2)O[C@@]1(C#N)c1ccc2c(N)ncnn12,5.142667503568732,Ebola
166631658,CCCCCCCCCCCCCC(=O)O[C@H]1[C@@H](OC(=O)CCCCCCCCCCCCC)[C@](C#N)(c2ccc3c(N)ncnn23)O[C@@H]1CO[P@@](=O)(N[C@H](C)C(=O)OCC(CC)CC)Oc1ccccc1,4.91721462968355,Ebola
166633037,CCCCCCCCCCCCCC(=O)O[C@@H]1[C@H](O)[C@@H](CO[P@@](=O)(N[C@H](C)C(=O)OCC(CC)CC)Oc2ccccc2)O[C@@]1(C#N)c1ccc2c(N)ncnn12,6.173925197299174,Ebola
166633489,CCCCCCCCCCCCCCCC(=O)O[C@H]1[C@@H](O)[C@](C#N)(c2ccc3c(N)ncnn23)O[C@@H]1CO[P@@](=O)(N[C@H](C)C(=O)OCC(CC)CC)Oc1ccccc1,5.537602002101044,Ebola
381108,[N-]=[N+]=NCCCCCCCCCCCC(=O)O,4.301029995663981,Ebola
166634245,CCC(CC)COC(=O)[C@@H](C)N[P@](=O)(OC[C@H]1O[C@@](C#N)(c2ccc3c(N)ncnn23)[C@H](OC(=O)CCCCCCCCCCCN=[N+]=[N-])[C@@H]1O)Oc1ccccc1,6.301029995663981,Ebola
166635069,CCCCCCCCCCCCCC(=O)O[C@H]1[C@@H](O)[C@](C#N)(c2ccc3c(N)ncnn23)O[C@@H]1CO[P@@](=O)(N[C@H](C)C(=O)OCC(CC)CC)Oc1ccccc1,6.1487416512809245,Ebola
166635207,CCC(CC)COC(=O)[C@@H](C)N[P@](=O)(OC[C@H]1O[C@@](C#N)(c2ccc3c(N)ncnn23)[C@H](O)[C@@H]1OC(=O)CCCCCCCCCCCN=[N+]=[N-])Oc1ccccc1,6.346787486224656,Ebola
166635493,CCSCCCCCCCCCCCC(=O)O[C@H]1[C@@H](O)[C@](C#N)(c2ccc3c(N)ncnn23)O[C@@H]1CO[P@@](=O)(N[C@H](C)C(=O)OCC(CC)CC)Oc1ccccc1,6.552841968657781,Ebola
166636356,CCSCCCCCCCCCCCC(=O)O[C@@H]1[C@H](O)[C@@H](CO[P@@](=O)(N[C@H](C)C(=O)OCC(CC)CC)Oc2ccccc2)O[C@@]1(C#N)c1ccc2c(N)ncnn12,6.6020599913279625,Ebola
11005,CCCCCCCCCCCCCC(=O)O,4.301029995663981,Ebola
378339,CCSCCCCCCCCCCCC(=O)O,4.301029995663981,Ebola
1754,CCCCCCCCCCOCCC(=O)O,4.301029995663981,Ebola
121304016,CCC(CC)COC(=O)[C@H](C)N[P@](=O)(OC[C@H]1O[C@@](C#N)(c2ccc3c(N)ncnn23)[C@H](O)[C@@H]1O)Oc1ccccc1,4.619788758288394,Ebola
166627382,CCCCCCCCCCOCCC(=O)O[C@H]1[C@@H](O)[C@](C#N)(c2ccc3c(N)ncnn23)O[C@@H]1CO[P@@](=O)(N[C@H](C)C(=O)OCC(CC)CC)Oc1ccccc1,4.853871964321762,Ebola
166627582,CCCCCCCCCCOCCC(=O)O[C@H]1[C@@H](OC(=O)CCOCCCCCCCCCC)[C@](C#N)(c2ccc3c(N)ncnn23)O[C@@H]1CO[P@@](=O)(N[C@H](C)C(=O)OCC(CC)CC)Oc1ccccc1,4.301029995663981,Ebola
166628000,CCCCCCCCCCOCCC(=O)O[C@@H]1[C@H](O)[C@@H](CO[P@@](=O)(N[C@H](C)C(=O)OCC(CC)CC)Oc2ccccc2)O[C@@]1(C#N)c1ccc2c(N)ncnn12,4.443697499232713,Ebola
166628169,CCCCCCCCCCCCCCCC(=O)O[C@@H]1[C@H](O)[C@@H](CO[P@@](=O)(N[C@H](C)C(=O)OCC(CC)CC)Oc2ccccc2)O[C@@]1(C#N)c1ccc2c(N)ncnn12,4.301029995663981,Ebola
166631658,CCCCCCCCCCCCCC(=O)O[C@H]1[C@@H](OC(=O)CCCCCCCCCCCCC)[C@](C#N)(c2ccc3c(N)ncnn23)O[C@@H]1CO[P@@](=O)(N[C@H](C)C(=O)OCC(CC)CC)Oc1ccccc1,4.301029995663981,Ebola
166633037,CCCCCCCCCCCCCC(=O)O[C@@H]1[C@H](O)[C@@H](CO[P@@](=O)(N[C@H](C)C(=O)OCC(CC)CC)Oc2ccccc2)O[C@@]1(C#N)c1ccc2c(N)ncnn12,4.301029995663981,Ebola
166633489,CCCCCCCCCCCCCCCC(=O)O[C@H]1[C@@H](O)[C@](C#N)(c2ccc3c(N)ncnn23)O[C@@H]1CO[P@@](=O)(N[C@H](C)C(=O)OCC(CC)CC)Oc1ccccc1,4.301029995663981,Ebola
381108,[N-]=[N+]=NCCCCCCCCCCCC(=O)O,4.301029995663981,Ebola
166634245,CCC(CC)COC(=O)[C@@H](C)N[P@](=O)(OC[C@H]1O[C@@](C#N)(c2ccc3c(N)ncnn23)[C@H](OC(=O)CCCCCCCCCCCN=[N+]=[N-])[C@@H]1O)Oc1ccccc1,4.301029995663981,Ebola
166635069,CCCCCCCCCCCCCC(=O)O[C@H]1[C@@H](O)[C@](C#N)(c2ccc3c(N)ncnn23)O[C@@H]1CO[P@@](=O)(N[C@H](C)C(=O)OCC(CC)CC)Oc1ccccc1,4.301029995663981,Ebola
166635207,CCC(CC)COC(=O)[C@@H](C)N[P@](=O)(OC[C@H]1O[C@@](C#N)(c2ccc3c(N)ncnn23)[C@H](O)[C@@H]1OC(=O)CCCCCCCCCCCN=[N+]=[N-])Oc1ccccc1,4.301029995663981,Ebola
166635493,CCSCCCCCCCCCCCC(=O)O[C@H]1[C@@H](O)[C@](C#N)(c2ccc3c(N)ncnn23)O[C@@H]1CO[P@@](=O)(N[C@H](C)C(=O)OCC(CC)CC)Oc1ccccc1,4.301029995663981,Ebola
166636356,CCSCCCCCCCCCCCC(=O)O[C@@H]1[C@H](O)[C@@H](CO[P@@](=O)(N[C@H](C)C(=O)OCC(CC)CC)Oc2ccccc2)O[C@@]1(C#N)c1ccc2c(N)ncnn12,4.537602002101044,Ebola
121304016,CCC(CC)COC(=O)[C@H](C)N[P@](=O)(OC[C@H]1O[C@@](C#N)(c2ccc3c(N)ncnn23)[C@H](O)[C@@H]1O)Oc1ccccc1,6.0,Ebola
166627582,CCCCCCCCCCOCCC(=O)O[C@H]1[C@@H](OC(=O)CCOCCCCCCCCCC)[C@](C#N)(c2ccc3c(N)ncnn23)O[C@@H]1CO[P@@](=O)(N[C@H](C)C(=O)OCC(CC)CC)Oc1ccccc1,5.301029995663981,Ebola
166634245,CCC(CC)COC(=O)[C@@H](C)N[P@](=O)(OC[C@H]1O[C@@](C#N)(c2ccc3c(N)ncnn23)[C@H](OC(=O)CCCCCCCCCCCN=[N+]=[N-])[C@@H]1O)Oc1ccccc1,6.721246399047171,Ebola
166635207,CCC(CC)COC(=O)[C@@H](C)N[P@](=O)(OC[C@H]1O[C@@](C#N)(c2ccc3c(N)ncnn23)[C@H](O)[C@@H]1OC(=O)CCCCCCCCCCCN=[N+]=[N-])Oc1ccccc1,6.080921907623926,Ebola
5281855,O=c1oc2c(O)c(O)cc3c(=O)oc4c(O)c(O)cc1c4c23,5.853871964321762,Ebola
168280558,C=C(C)O[C@@H]1[C@@H](OC(C)=O)[C@H](NC(=O)[C@]23CCC(C)(C)C[C@H]2C2=CC[C@@H]4[C@@]5(C)CCC(=O)C(C)(C)[C@@H]5CC[C@@]4(C)[C@]2(C)CC3=O)O[C@H](COC(C)=O)[C@@H]1OC(C)=O,7.22767829327708,Ebola
168290682,C#CN(CCCC1(C)N=N1)C(=O)[C@]12CCC(C)(C)C[C@H]1C1=CC[C@@H]3[C@@]4(C)CCC(=O)C(C)(C)[C@@H]4CC[C@@]3(C)[C@]1(C)CC2=O,6.330404218975687,Ebola
492405,NC(=O)c1nc(F)c[nH]c1=O,4.173925197299174,Ebola
492405,NC(=O)c1nc(F)c[nH]c1=O,3.958607314841775,Ebola
10445549,Nc1ncnc2c([C@@H]3N[C@H](CO)[C@@H](O)[C@H]3O)c[nH]c12,4.928117992693875,Ebola
3314,C=CCc1ccc(O)c(OC)c1,5.886056647693163,Ebola
492405,NC(=O)c1nc(F)c[nH]c1=O,4.173925197299174,Ebola
71254944,COC(=O)c1ccc(COc2ccccc2CN2CCN(C(=O)CNC(=O)CC34CC5CC(CC(C5)C3)C4)CC2)cc1,6.795880017344075,Ebola
1319386,COc1ccc(S(=O)(=O)N(CC(=O)Nc2ccccc2-c2ccccc2)c2ccc(C)cc2)cc1,5.0655015487564325,Ebola
1313921,CCOc1ccc(NC(=O)CSc2nnc(COc3cccc(N(C)C)c3)n2-c2ccccc2)cc1,4.590066876668706,Ebola
1319386,COc1ccc(S(=O)(=O)N(CC(=O)Nc2ccccc2-c2ccccc2)c2ccc(C)cc2)cc1,5.09312646527793,Ebola
1313921,CCOc1ccc(NC(=O)CSc2nnc(COc3cccc(N(C)C)c3)n2-c2ccccc2)cc1,5.0,Ebola
168269649,O=C(CNCCC1CCN(Cc2ccccc2)CC1)Nn1c2ccccc2c2ccccc21,6.431798275933005,Ebola
12445957,CCN(CC)CC(=O)NNc1ccccc1Sc1cc(Cl)ccc1[N+](=O)[O-],5.328827157284917,Ebola
12445958,O=C(CN1CCCC1)NNc1ccccc1Sc1cc(Cl)ccc1[N+](=O)[O-],5.690369832574102,Ebola
168272138,FC(C1=Nc2ccccc2N=C(c2ccccc2)C1)C(F)(F)F,4.91721462968355,Ebola
168272138,FC(C1=Nc2ccccc2N=C(c2ccccc2)C1)C(F)(F)F,5.0,Ebola
3005573,CN(C)CCOc1ccc(/C(=C(/CCCl)c2ccccc2)c2ccccc2)cc1,6.790484985457369,Ebola
2801,CN(C)CCCN1c2ccccc2CCc2ccc(Cl)cc21,4.943095148663527,Ebola
5452,CSc1ccc2c(c1)N(CCC1CCCCN1C)c1ccccc1S2,5.204815410317576,Ebola
68617,CN[C@H]1CC[C@@H](c2ccc(Cl)c(Cl)c2)c2ccccc21,5.504455662453552,Ebola
2351,CC(C)COCC(CN(Cc1ccccc1)c1ccccc1)N1CCCC1,5.294136287716081,Ebola
43815,Fc1ccc([C@@H]2CCNC[C@H]2COc2ccc3c(c2)OCO3)cc1,5.127843727251707,Ebola
1201549,CN1[C@@H]2CC[C@H]1CC(OC(c1ccccc1)c1ccccc1)C2,5.09312646527793,Ebola
3696,CN(C)CCCN1c2ccccc2CCc2ccccc21,4.863279432843593,Ebola
137435881,C[C@]12CC3CC(C(=O)NC4CCC(N)CC4)(C1)C[C@@](c1ccccc1)(C3)C2,6.619788758288394,Ebola
137435881,C[C@]12CC3CC(C(=O)NC4CCC(N)CC4)(C1)C[C@@](c1ccccc1)(C3)C2,6.619788758288394,Ebola
44468216,N#C[C@@]1(c2ccc3c(N)ncnn23)O[C@H](CO)[C@@H](O)[C@H]1O,4.698970004336019,Ebola
168297134,CCC(CC)OC(=O)[C@H](C)N[P@](=O)(OC[C@H]1O[C@@](C#N)(c2ccc3c(N)ncnn23)[C@H](O)[C@@H]1O)Oc1ccccc1,7.0655015487564325,Ebola
44468216,N#C[C@@]1(c2ccc3c(N)ncnn23)O[C@H](CO)[C@@H](O)[C@H]1O,4.698970004336019,Ebola
168297134,CCC(CC)OC(=O)[C@H](C)N[P@](=O)(OC[C@H]1O[C@@](C#N)(c2ccc3c(N)ncnn23)[C@H](O)[C@@H]1O)Oc1ccccc1,6.853871964321762,Ebola
9851116,CN1CCN(C(=O)N[C@@H](Cc2ccccc2)C(=O)N[C@H](/C=C/S(=O)(=O)c2ccccc2)CCc2ccccc2)CC1,9.443697499232712,Ebola
154572904,COCCN1CCN(C(=O)N[C@@H](Cc2ccccc2)C(=O)N[C@H](/C=C/S(=O)(=O)c2ccccc2)CCc2ccccc2)CC1,10.397940008672036,Ebola
154572858,CC(C)(C)N1CCN(C(=O)N[C@@H](Cc2ccccc2)C(=O)N[C@H](/C=C/S(=O)(=O)c2ccccc2)CCc2ccccc2)CC1,10.397940008672036,Ebola
168276350,CCCN1CCN(C(=O)N[C@@H](Cc2ccccc2)C(=O)N[C@H](/C=C/S(=O)(=O)c2ccccc2)CCc2ccccc2)CC1,10.397940008672036,Ebola
168282190,CC(C)N1CCN(C(=O)N[C@@H](Cc2ccccc2)C(=O)N[C@H](/C=C/S(=O)(=O)c2ccccc2)CCc2ccccc2)CC1,10.397940008672036,Ebola
168286881,CCN1CCN(C(=O)N[C@@H](Cc2ccccc2)C(=O)N[C@H](/C=C/S(=O)(=O)c2ccccc2)CCc2ccccc2)CC1,10.397940008672036,Ebola
168289789,O=C(N[C@H](/C=C/S(=O)(=O)c1ccccc1)CCc1ccccc1)[C@H](Cc1ccccc1)NC(=O)N1CCN(c2ccccc2)CC1,10.397940008672036,Ebola
6918508,CN1CCC(Nc2ncc3ncnc(Nc4ccc(F)c(Cl)c4)c3n2)CC1,5.958607314841775,Ebola
6918508,CN1CCC(Nc2ncc3ncnc(Nc4ccc(F)c(Cl)c4)c3n2)CC1,5.920818753952375,Ebola
6918508,CN1CCC(Nc2ncc3ncnc(Nc4ccc(F)c(Cl)c4)c3n2)CC1,5.795880017344075,Ebola
10173277,Cc1cccc(/C=N/Nc2cc(N3CCOCC3)nc(OCCc3ccccn3)n2)c1,8.0,Ebola
10027278,NCC(=O)Nc1ccc(-n2nc(C(F)(F)F)cc2-c2ccc3c(ccc4ccccc43)c2)cc1,6.522878745280337,Ebola
5329102,CCN(CC)CCNC(=O)c1c(C)[nH]c(/C=C2\C(=O)Nc3ccc(F)cc32)c1C,6.327902142064283,Ebola
176870,C#Cc1cccc(Nc2ncnc3cc(OCCOC)c(OCCOC)cc23)c1,4.889410289700751,Ebola
10173277,Cc1cccc(/C=N/Nc2cc(N3CCOCC3)nc(OCCc3ccccn3)n2)c1,8.0,Ebola
138393295,COc1ccc(-c2cnc3[nH]cc(C#Cc4cccnc4)c3c2)cc1OC,5.798602875679548,Ebola
6918508,CN1CCC(Nc2ncc3ncnc(Nc4ccc(F)c(Cl)c4)c3n2)CC1,5.958607314841775,Ebola
10027278,NCC(=O)Nc1ccc(-n2nc(C(F)(F)F)cc2-c2ccc3c(ccc4ccccc43)c2)cc1,6.522878745280337,Ebola
3973,O=c1cc(N2CCOCC2)oc2c(-c3ccccc3)cccc12,5.7447274948966935,Ebola
23631927,CC(C)(C)OC(=O)N[C@@H](Cc1c[nH]c2ccccc12)C(=O)NNC(=O)OCC(=O)N1CCCc2ccccc21,3.714442690992226,Ebola
23631927,CC(C)(C)OC(=O)N[C@@H](Cc1c[nH]c2ccccc12)C(=O)NNC(=O)OCC(=O)N1CCCc2ccccc21,6.714442690992226,Ebola
121304016,CCC(CC)COC(=O)[C@H](C)N[P@](=O)(OC[C@H]1O[C@@](C#N)(c2ccc3c(N)ncnn23)[C@H](O)[C@@H]1O)Oc1ccccc1,7.221848749616356,Ebola
121304016,CCC(CC)COC(=O)[C@H](C)N[P@](=O)(OC[C@H]1O[C@@](C#N)(c2ccc3c(N)ncnn23)[C@H](O)[C@@H]1O)Oc1ccccc1,7.221848749616356,Ebola
121304016,CCC(CC)COC(=O)[C@H](C)N[P@](=O)(OC[C@H]1O[C@@](C#N)(c2ccc3c(N)ncnn23)[C@H](O)[C@@H]1O)Oc1ccccc1,7.221848749616356,Ebola
121304016,CCC(CC)COC(=O)[C@H](C)N[P@](=O)(OC[C@H]1O[C@@](C#N)(c2ccc3c(N)ncnn23)[C@H](O)[C@@H]1O)Oc1ccccc1,7.221848749616356,Ebola
121304016,CCC(CC)COC(=O)[C@H](C)N[P@](=O)(OC[C@H]1O[C@@](C#N)(c2ccc3c(N)ncnn23)[C@H](O)[C@@H]1O)Oc1ccccc1,7.221848749616356,Ebola
71623467,[N-]=[N+]=NCCO[C@H]1C[C@H](C(=O)NCc2ccc(CO)cc2)[C@@H](C(=O)NCc2ccc(CO)cc2)C[C@@H]1O[C@H]1O[C@H](CO)[C@@H](O)[C@H](O)[C@@H]1O,7.221848749616356,Ebola
171358115,COC(=O)[C@H]1C[C@H](OCCN)[C@@H](O[C@H]2O[C@H](CO)[C@@H](O)[C@H](O)[C@@H]2O)C[C@@H]1C(=O)OC,7.221848749616356,Ebola
171358115,COC(=O)[C@H]1C[C@H](OCCN)[C@@H](O[C@H]2O[C@H](CO)[C@@H](O)[C@H](O)[C@@H]2O)C[C@@H]1C(=O)OC,3.207608310501746,Ebola
408371,CCCCN(CCCC)Cc1cc(Nc2ccnc3cc(Cl)ccc23)ccc1O,6.142667503568732,Ebola
171347821,CCN(CC)Cc1cc(Nc2c(Oc3ccccc3)cnc3cc(Cl)ccc23)ccc1O,6.136677139879544,Ebola
153301340,CCCCCCCCN(C)Cc1cc(Nc2ccnc3cc(I)ccc23)ccc1O,6.585026652029182,Ebola
73891608,CCN(CC)Cc1cc(Nc2ccnc3cc(I)ccc23)ccc1O,6.1938200260161125,Ebola
135358665,CCCCCCNCc1cc(Nc2ccnc3cc(Cl)ccc23)ccc1O,6.537602002101044,Ebola
447043,CC[C@H]1OC(=O)[C@H](C)[C@@H](O[C@H]2C[C@@](C)(OC)[C@@H](O)[C@H](C)O2)[C@H](C)[C@@H](O[C@@H]2O[C@H](C)C[C@H](N(C)C)[C@H]2O)[C@](C)(O)C[C@@H](C)CN(C)[C@H](C)[C@@H](O)[C@]1(C)O,5.292429823902063,Ebola
492405,NC(=O)c1nc(F)c[nH]c1=O,4.619788758288394,Ebola
171353037,Nc1ncc(F)c2c1ncn2C1=C[C@H](CO)[C@@H](O)[C@H]1O,7.0,Ebola
492405,NC(=O)c1nc(F)c[nH]c1=O,3.0,Ebola
171353037,Nc1ncc(F)c2c1ncn2C1=C[C@H](CO)[C@@H](O)[C@H]1O,4.0,Ebola
10445549,Nc1ncnc2c([C@@H]3N[C@H](CO)[C@@H](O)[C@H]3O)c[nH]c12,5.522878745280337,Ebola
10445549,Nc1ncnc2c([C@@H]3N[C@H](CO)[C@@H](O)[C@H]3O)c[nH]c12,5.522878745280337,Ebola
121304016,CCC(CC)COC(=O)[C@H](C)N[P@](=O)(OC[C@H]1O[C@@](C#N)(c2ccc3c(N)ncnn23)[C@H](O)[C@@H]1O)Oc1ccccc1,7.920818753952375,Ebola
71254944,COC(=O)c1ccc(COc2ccccc2CN2CCN(C(=O)CNC(=O)CC34CC5CC(CC(C5)C3)C4)CC2)cc1,6.886056647693163,Ebola
2993072,O=C(CC12CC3CC(CC(C3)C1)C2)NCC(=O)N1CCN(Cc2ccccc2)CC1,5.795880017344075,Ebola
168272138,FC(C1=Nc2ccccc2N=C(c2ccccc2)C1)C(F)(F)F,5.0,Ebola
3005573,CN(C)CCOc1ccc(/C(=C(/CCCl)c2ccccc2)c2ccccc2)cc1,7.154901959985743,Ebola
168269649,O=C(CNCCC1CCN(Cc2ccccc2)CC1)Nn1c2ccccc2c2ccccc21,6.431798275933005,Ebola
172439279,O=C(CNCCC1CCN(Cc2ccccc2)CC1)NN(Cc1ccccc1)c1ccccc1,5.978810700930062,Ebola
172439945,O=C(CCNCCC1CCN(Cc2ccccc2)CC1)Nn1c2ccccc2c2ccccc21,6.795880017344075,Ebola
172441990,O=C(CCN1CCCCC1)Nn1c2ccccc2c2ccccc21,5.552841968657781,Ebola
172444274,O=C(CCNCCN1CCN(Cc2ccccc2)CC1)NN(Cc1ccccc1)c1ccccc1,5.440093374963888,Ebola
172446737,CN1CCN(CCC(=O)NN(c2ccccc2)c2ccccc2)CC1,6.568636235841013,Ebola
172449934,O=C(CCN1CCCC1)Nn1c2ccccc2c2ccccc21,5.889410289700751,Ebola
172454212,O=C(CCNCCC1CCN(Cc2ccccc2)CC1)NN(c1ccccc1)c1ccccc1,7.301029995663981,Ebola
172457917,O=C(CNCCC1CCN(Cc2ccccc2)CC1)NN(c1ccccc1)c1ccccc1,5.504455662453552,Ebola
172459396,CN1CCN(CCC(=O)Nn2c3ccccc3c3ccccc32)CC1,5.619788758288394,Ebola
172463060,O=C(CNCCC1CCN(Cc2ccccc2)CC1)NC1c2ccccc2-c2ccccc21,5.769551078621726,Ebola
172466261,O=C(CCNCCN1CCN(Cc2ccccc2)CC1)NN(c1ccccc1)c1ccccc1,6.236572006437063,Ebola
172466407,O=C(CNCCN1CCN(Cc2ccccc2)CC1)NN(c1ccccc1)c1ccccc1,5.663540266151471,Ebola
3779088,CN1CCN(CC(=O)NN(Cc2ccccc2)c2ccccc2)CC1,4.0,Ebola
168269649,O=C(CNCCC1CCN(Cc2ccccc2)CC1)Nn1c2ccccc2c2ccccc21,5.823908740944319,Ebola
172439945,O=C(CCNCCC1CCN(Cc2ccccc2)CC1)Nn1c2ccccc2c2ccccc21,6.2839966563652006,Ebola
172446737,CN1CCN(CCC(=O)NN(c2ccccc2)c2ccccc2)CC1,4.0,Ebola
172454212,O=C(CCNCCC1CCN(Cc2ccccc2)CC1)NN(c1ccccc1)c1ccccc1,6.522878745280337,Ebola
172457917,O=C(CNCCC1CCN(Cc2ccccc2)CC1)NN(c1ccccc1)c1ccccc1,5.721246399047171,Ebola
172463060,O=C(CNCCC1CCN(Cc2ccccc2)CC1)NC1c2ccccc2-c2ccccc21,6.6020599913279625,Ebola
172466261,O=C(CCNCCN1CCN(Cc2ccccc2)CC1)NN(c1ccccc1)c1ccccc1,5.568636235841013,Ebola
172466407,O=C(CNCCN1CCN(Cc2ccccc2)CC1)NN(c1ccccc1)c1ccccc1,5.10790539730952,Ebola
44588117,N#Cc1ccc(-c2cnc3[nH]cc(NC(=O)c4cccnc4)c3c2)cc1,5.0,Ebola
10156251,COc1ccc(-c2cnc3[nH]cc(NC(=O)c4cccnc4)c3c2)cc1OC,5.372634143407267,Ebola
44588117,N#Cc1ccc(-c2cnc3[nH]cc(NC(=O)c4cccnc4)c3c2)cc1,5.0,Ebola
138393295,COc1ccc(-c2cnc3[nH]cc(C#Cc4cccnc4)c3c2)cc1OC,5.798602875679548,Ebola
5329102,CCN(CC)CCNC(=O)c1c(C)[nH]c(/C=C2\C(=O)Nc3ccc(F)cc32)c1C,6.327902142064283,Ebola
177649264,CCCCCN(CC)c1ccc(Oc2ccc(-c3c(C)c(=O)c4c(F)cccc4n3C)cc2F)cc1,8.154901959985743,Ebola
492405,NC(=O)c1nc(F)c[nH]c1=O,4.20844969497267,Ebola
121304016,CCC(CC)COC(=O)[C@H](C)N[P@](=O)(OC[C@H]1O[C@@](C#N)(c2ccc3c(N)ncnn23)[C@H](O)[C@@H]1O)Oc1ccccc1,6.113509274827519,Ebola
121304016,CCC(CC)COC(=O)[C@H](C)N[P@](=O)(OC[C@H]1O[C@@](C#N)(c2ccc3c(N)ncnn23)[C@H](O)[C@@H]1O)Oc1ccccc1,4.20844969497267,Ebola
45496049,CN(C)CCNC(=O)c1cc2occc2n1Cc1ccc(Cl)cc1,5.8996294548824375,Ebola
45496049,CN(C)CCNC(=O)c1cc2occc2n1Cc1ccc(Cl)cc1,5.2839966563652006,Ebola
51048533,CN1CCN(C(=O)c2cc3sccc3n2Cc2ccc(Cl)cc2)CC1,5.010995384301463,Ebola
177641220,CC(C)N1CCN(C(=O)c2cc3sccc3n2Cc2ccc(Cl)cc2)CC1,5.2335871528876,Ebola
177641223,CN(C)C1CCN(C(=O)c2cc3ccccc3n2Cc2cccnc2)CC1,5.275724130399211,Ebola
177641473,CN(C)CCNC(=O)c1cc2occc2n1C(=O)OCc1ccccc1,5.090979145788844,Ebola
177641516,CN(C)C1CCN(C(=O)c2cc3occc3n2C(=O)OCc2ccccc2)CC1,5.774690718274138,Ebola
177641541,CN(C)CCNC(=O)c1cc2occc2n1Cc1ccccc1,5.345823458122039,Ebola
177641560,CN(C)CCNC(=O)c1cc2ccccc2n1Cc1ccc(-c2ccccc2)cc1,5.557520230935552,Ebola
177641584,O=C(NCCN1CCC1)c1cc2occc2n1Cc1cccc(C(F)(F)F)c1,5.712198270069774,Ebola
177642093,CN(C)C1CCN(C(=O)CN(Cc2ccccc2)c2ccccc2)CC1,4.97061622231479,Ebola
177642113,CN(C)C1CCN(C(=O)c2cc3ccccc3n2CC2CCCCC2)CC1,6.530177984021837,Ebola
177642414,CC1CCN(c2ccc(NC(=O)c3cc4occc4n3Cc3ccc(Cl)cc3)cc2C(F)(F)F)CC1,5.394694953858891,Ebola
51043276,CN(C)CCNC(=O)c1cc2sccc2n1Cc1ccc(Cl)cc1,5.663540266151471,Ebola
45495254,O=C(NCCCn1ccnc1)c1cc2occc2n1Cc1ccc(Cl)cc1,5.204815410317576,Ebola
177642608,CN(C)C1CCN(C(=O)c2cn(Cc3ccc(F)cc3)c3ccccc23)CC1,5.595166283380062,Ebola
10805736,CN(C)CCNC(=O)c1cc2ccccc2n1Cc1ccccc1,5.562249437179612,Ebola
177642649,CCOc1ncc(NC(=O)c2cc3occc3n2Cc2ccc(Cl)cc2)cc1F,5.614393726401688,Ebola
177642882,CN(C)CCCNC(=O)c1cc2occc2n1Cc1ccc(Cl)cc1,5.696803942579511,Ebola
177643093,CN(C)C1CCN(C(=O)c2cc3ccccc3n2Cc2ccc(F)cc2)CC1,6.343901797987169,Ebola
177643153,CN(C)CCNC(=O)c1cc2occc2n1Cc1ccc(F)cc1,5.581698708680254,Ebola
177643404,CCN(CC)CCNC(=O)c1cc2occc2n1Cc1ccc(Cl)cc1,5.79317412396815,Ebola
177643461,CC(C)N1CCN(C(=O)c2cc3occc3n2Cc2cccc(C(F)(F)F)c2)CC1,5.464705879957229,Ebola
177643498,CN(C)C1CCN(C(=O)c2cc3sccc3n2Cc2ccc(Cl)cc2)CC1,6.046240308266771,Ebola
177643513,CN(C)CCNC(=O)c1cc2ccccc2n1Cc1ccc(Cl)cc1,5.45717457304082,Ebola
177643673,O=C(c1cc2sccc2n1Cc1ccc(Cl)cc1)N1CCN(C2CCCCC2)CC1,4.962573502059376,Ebola
10710921,CN(C)CCNC(=O)c1cn(Cc2ccccc2)c2ccccc12,5.484126156288321,Ebola
177643761,O=C(Nc1ccc(N2CCC(F)(F)CC2)cc1)c1cc2occc2n1Cc1ccc(Cl)cc1,4.931814138253839,Ebola
177644047,CN1CCCN(C(=O)c2cc3sccc3n2Cc2ccc(Cl)cc2)CC1,5.380906669373258,Ebola
45496049,CN(C)CCNC(=O)c1cc2occc2n1Cc1ccc(Cl)cc1,5.8996294548824375,Ebola
177644334,CN(C)C1CCN(C(=O)c2cc3ccccc3n2Cc2ccncc2)CC1,3.790484985457369,Ebola
177644731,CN(C)CCNC(=O)c1cc2occc2n1Cc1ccc(Cl)c(C(F)(F)F)c1,5.721246399047171,Ebola
177645039,CN(C)C1CCN(C(=O)c2cc3occc3n2Cc2ccc(F)cc2)CC1,5.405607449624573,Ebola
177645061,CN(C)C1CCN(C(=O)c2cc3ccccc3n2C)CC1,4.782516055786093,Ebola
177645068,O=C(c1cc2ccccc2n1Cc1ccccc1)N1CCCCC1,5.040481623027002,Ebola
177645090,CN1CCCN(C(=O)c2cc3occc3n2Cc2cccc(C(F)(F)F)c2)CC1,5.761953896871205,Ebola
177645295,CN(C)C1CCN(C(=O)c2cc3occc3n2Cc2ccc(Cl)cc2)CC1,5.978810700930062,Ebola
177645622,CN1CCCN(C(=O)c2cc3occc3n2Cc2ccc(Cl)cc2)CC1,5.85078088734462,Ebola
10521053,CN(C)CCNC(=O)c1cn(Cc2ccc(F)cc2)c2ccccc12,5.522878745280337,Ebola
177645953,CN(C)CCNC(=O)c1cc2ccccc2n1Cc1ccc(F)cc1,5.4698003017969175,Ebola
177646073,CN1CCN(CCCNC(=O)c2cc3occc3n2Cc2ccc(Cl)cc2)CC1,5.730487055782084,Ebola
177646117,CN(C)C1CCN(C(=O)c2cccn2Cc2ccccc2)CC1,5.954677021213342,Ebola
177647060,CN(C)C1CCN(C(=O)c2cc3ccccc3n2Cc2ccc(-c3ccccc3)cc2)CC1,5.97469413473523,Ebola
177647492,CN(C)C1CCN(C(=O)c2cc3occc3n2Cc2cccc(C(F)(F)F)c2)CC1,5.823908740944319,Ebola
42790937,CN(C)CCNC(=O)c1cc2occc2n1Cc1cccc(C(F)(F)F)c1,5.774690718274138,Ebola
177648217,COc1ccc(Cn2c(C(=O)N3CCC(N(C)C)CC3)cc3ccccc32)cc1,6.265200170411153,Ebola
177648491,CN(C)C1CCN(C(=O)c2cn(Cc3ccccc3)c3ccccc23)CC1,5.546681659952962,Ebola
177648726,CN(C)C1CCN(C(=O)c2cc3ccccc3n2Cc2ccccc2)CC1,6.259637310505756,Ebola
177648986,O=C(NCCCn1ccnc1)c1cc2occc2n1Cc1cccc(C(F)(F)F)c1,5.364516253185088,Ebola
177649008,O=C(Nc1ccc(N2CCOCC2)cc1)c1cc2occc2n1Cc1ccc(Cl)cc1,4.0,Ebola
52023243,CN(C)CCNC(=O)c1cc2occc2n1C,4.0,Ebola
177649638,CN(C)CC1CN(C(=O)c2cc3occc3n2Cc2ccc(Cl)cc2)C1,5.910094888560602,Ebola
177649871,CN(C)C1CCN(C(=O)c2cc3ccccc3n2Cc2ccc(Cl)cc2)CC1,5.860120913598763,Ebola
177643093,CN(C)C1CCN(C(=O)c2cc3ccccc3n2Cc2ccc(F)cc2)CC1,6.2564902352715706,Ebola
177643498,CN(C)C1CCN(C(=O)c2cc3sccc3n2Cc2ccc(Cl)cc2)CC1,5.995678626217358,Ebola
177643513,CN(C)CCNC(=O)c1cc2ccccc2n1Cc1ccc(Cl)cc1,6.078833949362261,Ebola
177643761,O=C(Nc1ccc(N2CCC(F)(F)CC2)cc1)c1cc2occc2n1Cc1ccc(Cl)cc1,5.621602099051862,Ebola
45496049,CN(C)CCNC(=O)c1cc2occc2n1Cc1ccc(Cl)cc1,5.982966660701219,Ebola
177644334,CN(C)C1CCN(C(=O)c2cc3ccccc3n2Cc2ccncc2)CC1,6.112945621949043,Ebola
177645295,CN(C)C1CCN(C(=O)c2cc3occc3n2Cc2ccc(Cl)cc2)CC1,6.193141970481182,Ebola
177648217,COc1ccc(Cn2c(C(=O)N3CCC(N(C)C)CC3)cc3ccccc32)cc1,5.910094888560602,Ebola
177649871,CN(C)C1CCN(C(=O)c2cc3ccccc3n2Cc2ccc(Cl)cc2)CC1,6.053547734986927,Ebola
177643093,CN(C)C1CCN(C(=O)c2cc3ccccc3n2Cc2ccc(F)cc2)CC1,5.568636235841013,Ebola
177643498,CN(C)C1CCN(C(=O)c2cc3sccc3n2Cc2ccc(Cl)cc2)CC1,5.382999658879101,Ebola
177643513,CN(C)CCNC(=O)c1cc2ccccc2n1Cc1ccc(Cl)cc1,5.42712839779952,Ebola
177643761,O=C(Nc1ccc(N2CCC(F)(F)CC2)cc1)c1cc2occc2n1Cc1ccc(Cl)cc1,4.0,Ebola
45496049,CN(C)CCNC(=O)c1cc2occc2n1Cc1ccc(Cl)cc1,5.366531544420414,Ebola
177644334,CN(C)C1CCN(C(=O)c2cc3ccccc3n2Cc2ccncc2)CC1,5.772113295386326,Ebola
177645295,CN(C)C1CCN(C(=O)c2cc3occc3n2Cc2ccc(Cl)cc2)CC1,5.251811972993799,Ebola
177648217,COc1ccc(Cn2c(C(=O)N3CCC(N(C)C)CC3)cc3ccccc32)cc1,5.277366077466188,Ebola
177649871,CN(C)C1CCN(C(=O)c2cc3ccccc3n2Cc2ccc(Cl)cc2)CC1,5.305394801066432,Ebola
177642113,CN(C)C1CCN(C(=O)c2cc3ccccc3n2CC2CCCCC2)CC1,6.407823242604133,Ebola
177643093,CN(C)C1CCN(C(=O)c2cc3ccccc3n2Cc2ccc(F)cc2)CC1,4.698970004336019,Ebola
45496049,CN(C)CCNC(=O)c1cc2occc2n1Cc1ccc(Cl)cc1,5.614393726401688,Ebola
177645295,CN(C)C1CCN(C(=O)c2cc3occc3n2Cc2ccc(Cl)cc2)CC1,5.20690839982342,Ebola
177648217,COc1ccc(Cn2c(C(=O)N3CCC(N(C)C)CC3)cc3ccccc32)cc1,6.068542129310995,Ebola
177642113,CN(C)C1CCN(C(=O)c2cc3ccccc3n2CC2CCCCC2)CC1,6.185752404268079,Ebola
177643093,CN(C)C1CCN(C(=O)c2cc3ccccc3n2Cc2ccc(F)cc2)CC1,5.995678626217358,Ebola
45496049,CN(C)CCNC(=O)c1cc2occc2n1Cc1ccc(Cl)cc1,5.482804102050026,Ebola
177645295,CN(C)C1CCN(C(=O)c2cc3occc3n2Cc2ccc(Cl)cc2)CC1,6.301029995663981,Ebola
177648217,COc1ccc(Cn2c(C(=O)N3CCC(N(C)C)CC3)cc3ccccc32)cc1,4.698970004336019,Ebola
3005573,CN(C)CCOc1ccc(/C(=C(/CCCl)c2ccccc2)c2ccccc2)cc1,6.698970004336019,Ebola
177641133,CN1CCN(CC(=O)O[C@H]2C(C)(C)[C@H]3CC[C@]2(C)C3)CC1,4.690369832574102,Ebola
177641197,C[C@@H]1[C@H]2C[C@@H](C[C@H]1OC(=O)CN1CCN(c3ccccc3)CC1)C2(C)C,5.045757490560675,Ebola
177641289,C[C@@H]1[C@H]2C[C@@H](C[C@H]1OC(=O)CCN1CCOCC1)C2(C)C,4.2441251443275085,Ebola
177641716,CCN1CCN(CCC(=O)O[C@H]2C(C)(C)[C@H]3CC[C@]2(C)C3)CC1,5.091514981121351,Ebola
177641768,CC1CCN(CC(=O)O[C@H]2C(C)(C)[C@H]3CC[C@]2(C)C3)CC1,4.688246138944246,Ebola
177642380,C[C@@H]1[C@H]2C[C@@H](C[C@H]1OC(=O)CCN1CCCCC1)C2(C)C,4.844663962534939,Ebola
177642407,C[C@@H]1[C@H]2C[C@@H](C[C@H]1OC(=O)CCCN1CCN(C)CC1)C2(C)C,5.552841968657781,Ebola
177642642,CC1CCN(CCC(=O)O[C@H]2C(C)(C)[C@H]3CC[C@]2(C)C3)CC1,5.4089353929735005,Ebola
177642713,C[C@@H]1[C@H]2C[C@@H](C[C@H]1OC(=O)CCCN1CCOCC1)C2(C)C,4.6777807052660805,Ebola
177642860,CC1(C)[C@H]2CC[C@](C)(C2)[C@H]1OC(=O)CN1CCCCC1,4.767003889607846,Ebola
25154980,C[C@@H]1[C@H]2C[C@@H](C[C@H]1OC(=O)CN1CCCCC1)C2(C)C,4.376750709602099,Ebola
177643186,CC1(C)[C@H]2CC[C@](C)(C2)[C@H]1OC(=O)CCN1CCCCC1,4.769551078621726,Ebola
177643386,C[C@@H]1[C@H]2C[C@@H](C[C@H]1OC(=O)CCN1CCN(C)CC1)C2(C)C,5.309803919971486,Ebola
25154978,C[C@@H]1[C@H]2C[C@@H](C[C@H]1OC(=O)CN1CCOCC1)C2(C)C,3.9746941347352296,Ebola
177643825,C[C@@H]1[C@H]2C[C@@H](C[C@H]1OC(=O)CCCN1CCCCC1)C2(C)C,5.3979400086720375,Ebola
177643992,CN1CCN(CCC(=O)O[C@H]2C(C)(C)[C@H]3CC[C@]2(C)C3)CC1,4.995678626217358,Ebola
177644000,C[C@@H]1[C@H]2C[C@@H](C[C@H]1OC(=O)CCCN1CCN(c3ccccc3)CC1)C2(C)C,5.10790539730952,Ebola
177644348,CCN1CCN(CCCC(=O)O[C@H]2C(C)(C)[C@H]3CC[C@]2(C)C3)CC1,5.619788758288394,Ebola
177644379,CC1(C)[C@H]2CC[C@](C)(C2)[C@H]1OC(=O)CCCN1CCN(c2ccccc2)CC1,6.267606240177032,Ebola
177644411,CC1(C)[C@H]2CC[C@](C)(C2)[C@H]1OC(=O)CCCN1CCOCC1,5.187086643357144,Ebola
177644621,CN1CCN(CCCC(=O)O[C@H]2C(C)(C)[C@H]3CC[C@]2(C)C3)CC1,5.508638306165727,Ebola
177644637,C[C@@H]1[C@H]2C[C@@H](C[C@H]1OC(=O)CCN1CCN(c3ccccc3)CC1)C2(C)C,4.267606240177032,Ebola
177644697,CC1(C)[C@H]2CC[C@](C)(C2)[C@H]1OC(=O)CCN1CCN(c2ccccc2)CC1,5.0,Ebola
177644826,CC1(C)[C@H]2CC[C@](C)(C2)[C@H]1OC(=O)CCN1CCOCC1,4.237321436272564,Ebola
177645018,C[C@@H]1[C@H]2C[C@@H](C[C@H]1OC(=O)CN1CCN(C)CC1)C2(C)C,5.318758762624412,Ebola
177645028,CCN1CCN(CC(=O)O[C@H]2C(C)(C)[C@H]3CC[C@]2(C)C3)CC1,5.040958607678906,Ebola
177645223,CC1(C)[C@H]2CC[C@](C)(C2)[C@H]1OC(=O)CN1CCOCC1,4.886056647693163,Ebola
177645371,CC1CCN(CCCC(=O)O[C@H]2C(C)(C)[C@H]3CC[C@]2(C)C3)CC1,5.552841968657781,Ebola
177645601,CC1(C)[C@H]2CC[C@](C)(C2)[C@H]1OC(=O)CN1CCN(c2ccccc2)CC1,5.236572006437063,Ebola
177645874,CC1(C)[C@H]2CC[C@](C)(C2)[C@H]1OC(=O)CCCN1CCCCC1,5.721246399047171,Ebola
3005573,CN(C)CCOc1ccc(/C(=C(/CCCl)c2ccccc2)c2ccccc2)cc1,4.910094888560602,Ebola
177641133,CN1CCN(CC(=O)O[C@H]2C(C)(C)[C@H]3CC[C@]2(C)C3)CC1,4.769551078621726,Ebola
177641768,CC1CCN(CC(=O)O[C@H]2C(C)(C)[C@H]3CC[C@]2(C)C3)CC1,4.467245621007502,Ebola
177643386,C[C@@H]1[C@H]2C[C@@H](C[C@H]1OC(=O)CCN1CCN(C)CC1)C2(C)C,4.494850021680094,Ebola
177644348,CCN1CCN(CCCC(=O)O[C@H]2C(C)(C)[C@H]3CC[C@]2(C)C3)CC1,4.537602002101044,Ebola
177644621,CN1CCN(CCCC(=O)O[C@H]2C(C)(C)[C@H]3CC[C@]2(C)C3)CC1,4.508638306165727,Ebola
177644826,CC1(C)[C@H]2CC[C@](C)(C2)[C@H]1OC(=O)CCN1CCOCC1,4.468521082957745,Ebola
177645018,C[C@@H]1[C@H]2C[C@@H](C[C@H]1OC(=O)CN1CCN(C)CC1)C2(C)C,4.468521082957745,Ebola
177645028,CCN1CCN(CC(=O)O[C@H]2C(C)(C)[C@H]3CC[C@]2(C)C3)CC1,4.494850021680094,Ebola
177645371,CC1CCN(CCCC(=O)O[C@H]2C(C)(C)[C@H]3CC[C@]2(C)C3)CC1,4.661543506395395,Ebola
177645874,CC1(C)[C@H]2CC[C@](C)(C2)[C@H]1OC(=O)CCCN1CCCCC1,4.494850021680094,Ebola
3005573,CN(C)CCOc1ccc(/C(=C(/CCCl)c2ccccc2)c2ccccc2)cc1,6.154901959985743,Ebola
177641133,CN1CCN(CC(=O)O[C@H]2C(C)(C)[C@H]3CC[C@]2(C)C3)CC1,5.070581074285707,Ebola
177641768,CC1CCN(CC(=O)O[C@H]2C(C)(C)[C@H]3CC[C@]2(C)C3)CC1,4.468521082957745,Ebola
177643386,C[C@@H]1[C@H]2C[C@@H](C[C@H]1OC(=O)CCN1CCN(C)CC1)C2(C)C,4.494850021680094,Ebola
177644348,CCN1CCN(CCCC(=O)O[C@H]2C(C)(C)[C@H]3CC[C@]2(C)C3)CC1,5.275724130399211,Ebola
177644621,CN1CCN(CCCC(=O)O[C@H]2C(C)(C)[C@H]3CC[C@]2(C)C3)CC1,5.309803919971486,Ebola
177644826,CC1(C)[C@H]2CC[C@](C)(C2)[C@H]1OC(=O)CCN1CCOCC1,4.468521082957745,Ebola
177645018,C[C@@H]1[C@H]2C[C@@H](C[C@H]1OC(=O)CN1CCN(C)CC1)C2(C)C,4.468521082957745,Ebola
177645028,CCN1CCN(CC(=O)O[C@H]2C(C)(C)[C@H]3CC[C@]2(C)C3)CC1,5.795880017344075,Ebola
177645371,CC1CCN(CCCC(=O)O[C@H]2C(C)(C)[C@H]3CC[C@]2(C)C3)CC1,4.508638306165727,Ebola
177645874,CC1(C)[C@H]2CC[C@](C)(C2)[C@H]1OC(=O)CCCN1CCCCC1,5.1487416512809245,Ebola
3005573,CN(C)CCOc1ccc(/C(=C(/CCCl)c2ccccc2)c2ccccc2)cc1,5.721246399047171,Ebola
177641133,CN1CCN(CC(=O)O[C@H]2C(C)(C)[C@H]3CC[C@]2(C)C3)CC1,5.769551078621726,Ebola
177641768,CC1CCN(CC(=O)O[C@H]2C(C)(C)[C@H]3CC[C@]2(C)C3)CC1,4.728158393463501,Ebola
177643386,C[C@@H]1[C@H]2C[C@@H](C[C@H]1OC(=O)CCN1CCN(C)CC1)C2(C)C,5.259637310505756,Ebola
177644348,CCN1CCN(CCCC(=O)O[C@H]2C(C)(C)[C@H]3CC[C@]2(C)C3)CC1,6.045757490560675,Ebola
177644621,CN1CCN(CCCC(=O)O[C@H]2C(C)(C)[C@H]3CC[C@]2(C)C3)CC1,5.508638306165727,Ebola
177644826,CC1(C)[C@H]2CC[C@](C)(C2)[C@H]1OC(=O)CCN1CCOCC1,6.045757490560675,Ebola
177645018,C[C@@H]1[C@H]2C[C@@H](C[C@H]1OC(=O)CN1CCN(C)CC1)C2(C)C,5.167491087293763,Ebola
177645028,CCN1CCN(CC(=O)O[C@H]2C(C)(C)[C@H]3CC[C@]2(C)C3)CC1,5.236572006437063,Ebola
177645371,CC1CCN(CCCC(=O)O[C@H]2C(C)(C)[C@H]3CC[C@]2(C)C3)CC1,5.468521082957745,Ebola
177645874,CC1(C)[C@H]2CC[C@](C)(C2)[C@H]1OC(=O)CCCN1CCCCC1,5.494850021680094,Ebola
859959,CC1(C)[C@@H]2CC[C@@]1(CS(=O)(=O)N1CCOCC1)C(=O)C2,6.045757490560675,Ebola
859961,CN1CCN(S(=O)(=O)C[C@]23CC[C@H](CC2=O)C3(C)C)CC1,3.2676062401770314,Ebola
7335506,CC1(C)[C@@H]2CC[C@@]1(CS(=O)(=O)N1CCCCC1)C(=O)C2,4.221848749616356,Ebola
2196090,CCN1CCN(S(=O)(=O)C[C@]23CC[C@H](CC2=O)C3(C)C)CC1,4.040958607678906,Ebola
6436223,CO/C1=C\C(C)=C\[C@@H](C)[C@@H](O)[C@@H](C)C/C(C)=C/C=C/[C@H](OC)[C@@H]([C@@H](C)[C@@H](O)[C@H](C)[C@@]2(O)C[C@@H](O)[C@H](C)[C@@H](C(C)C)O2)OC1=O,8.522878745280337,Ebola
100492,COc1cc2c(O)c3c(c(-c4ccc5c(c4)OCO5)c2cc1OC)C(=O)OC3,5.964170174747172,Ebola
11785812,COc1cc2c(O[C@@H]3O[C@H](C)[C@@H](O)[C@H](O)[C@H]3O)c3c(c(-c4ccc5c(c4)OCO5)c2cc1OC)C(=O)OC3,6.368556230986828,Ebola
139511793,COc1cc2c(OCCCN3CCOCC3)c3c(c(-c4ccc5c(c4)OCO5)c2cc1OC)C(=O)OC3,7.022276394711152,Ebola
177641348,COc1cc2c(OCCCN3CCN(S(C)(=O)=O)CC3)c3c(c(-c4ccc5c(c4)OCO5)c2cc1OC)C(=O)OC3,7.455931955649724,Ebola
177641354,COC(=O)N1CCN(CCCOc2c3c(c(-c4ccc5c(c4)OCO5)c4cc(OC)c(OC)cc24)C(=O)OC3)CC1,7.657577319177793,Ebola
171714103,COc1cc2c(OC3CCOC3)c3c(c(-c4ccc5c(c4)OCO5)c2cc1OC)C(=O)OC3,7.397940008672037,Ebola
146680959,COCCN1CCN(CC(O)COc2c3c(c(-c4ccc5c(c4)OCO5)c4cc(OC)c(OC)cc24)C(=O)OC3)CC1,7.356547323513813,Ebola
177641908,COc1cc2c(OCC(O)CN3CCN(C)CC3)c3c(c(-c4ccc5c(c4)OCO5)c2cc1OC)C(=O)OC3,7.267606240177032,Ebola
177642160,COc1cc2c(OCCCN3CC4CCC(C3)N4C)c3c(c(-c4ccc5c(c4)OCO5)c2cc1OC)C(=O)OC3,8.0,Ebola
177642505,COc1cc2c(OC3CCNC3)c3c(c(-c4ccc5c(c4)OCO5)c2cc1OC)C(=O)OC3,7.0655015487564325,Ebola
177642966,COc1cc2c(OCC(O)CN3CC4CCC(C3)N4C)c3c(c(-c4ccc5c(c4)OCO5)c2cc1OC)C(=O)OC3,8.154901959985743,Ebola
177643005,COc1cc2c(OCCCN3CCNC(=O)C3)c3c(c(-c4ccc5c(c4)OCO5)c2cc1OC)C(=O)OC3,6.355561410532162,Ebola
177643233,COc1cc2c(OCCCN3CC4CCC3CO4)c3c(c(-c4ccc5c(c4)OCO5)c2cc1OC)C(=O)OC3,7.552841968657781,Ebola
177643855,COc1cc2c(OCCCN3CC4CC3CO4)c3c(c(-c4ccc5c(c4)OCO5)c2cc1OC)C(=O)OC3,7.318758762624412,Ebola
177643887,COC(=O)N1CCN(CC(O)COc2c3c(c(-c4ccc5c(c4)OCO5)c4cc(OC)c(OC)cc24)C(=O)OC3)CC1,7.387216143280264,Ebola
177644196,COc1cc2c(OCCCN3C4CCC3COC4)c3c(c(-c4ccc5c(c4)OCO5)c2cc1OC)C(=O)OC3,6.844663962534939,Ebola
177644215,COc1cc2c(OCCCN3CC4CC3CN4C)c3c(c(-c4ccc5c(c4)OCO5)c2cc1OC)C(=O)OC3,6.935542010773082,Ebola
177644479,COc1cc2c(OCCCN3CC4CCC(C3)O4)c3c(c(-c4ccc5c(c4)OCO5)c2cc1OC)C(=O)OC3,6.896196279044043,Ebola
177644488,COc1cc2c(OC3CCOCC3)c3c(c(-c4ccc5c(c4)OCO5)c2cc1OC)C(=O)OC3,6.906578314837765,Ebola
177644550,COc1cc2c(OCCCN3CCN(C=O)CC3)c3c(c(-c4ccc5c(c4)OCO5)c2cc1OC)C(=O)OC3,7.508638306165728,Ebola
177644843,COc1cc2c(OCCN3CCOCC3)c3c(c(-c4ccc5c(c4)OCO5)c2cc1OC)C(=O)OC3,6.186419011431808,Ebola
177644887,COc1cc2c(OCCCN3CCN(C)C(=O)C3)c3c(c(-c4ccc5c(c4)OCO5)c2cc1OC)C(=O)OC3,7.130768280269024,Ebola
177644906,COc1cc2c(OCC(O)CN3CCOCC3)c3c(c(-c4ccc5c(c4)OCO5)c2cc1OC)C(=O)OC3,6.804100347590766,Ebola
177645143,COc1cc2c(OCCCN3CC4CCC3CN4C)c3c(c(-c4ccc5c(c4)OCO5)c2cc1OC)C(=O)OC3,7.585026652029182,Ebola
177645144,COc1cc2c(OCCCN3CCS(=O)(=O)CC3)c3c(c(-c4ccc5c(c4)OCO5)c2cc1OC)C(=O)OC3,6.931814138253839,Ebola
177645377,COc1cc2c(OCCCN3CCN(C(C)=O)CC3)c3c(c(-c4ccc5c(c4)OCO5)c2cc1OC)C(=O)OC3,7.376750709602099,Ebola
156124647,COc1cc2c(OCC#N)c3c(c(-c4ccc5c(c4)OCO5)c2cc1OC)C(=O)OC3,6.739928612014925,Ebola
177645414,COc1cc2c(OCCCN3C4CCC3CN(C)C4)c3c(c(-c4ccc5c(c4)OCO5)c2cc1OC)C(=O)OC3,7.744727494896693,Ebola
177645686,COc1cc2c(OC3CNC3)c3c(c(-c4ccc5c(c4)OCO5)c2cc1OC)C(=O)OC3,6.669586226650809,Ebola
177645867,COc1cc2c(OC3CCNCC3)c3c(c(-c4ccc5c(c4)OCO5)c2cc1OC)C(=O)OC3,7.494850021680094,Ebola
177645876,COc1cc2c(OCCN3CCN(C)CC3)c3c(c(-c4ccc5c(c4)OCO5)c2cc1OC)C(=O)OC3,7.443697499232713,Ebola
177646003,COc1cc2c(OC3COC3)c3c(c(-c4ccc5c(c4)OCO5)c2cc1OC)C(=O)OC3,6.497572880015567,Ebola
139511863,COc1cc2c(OCCCN3CCN(C)CC3)c3c(c(-c4ccc5c(c4)OCO5)c2cc1OC)C(=O)OC3,8.154901959985743,Ebola
139511855,COc1cc2c(OCCCC#N)c3c(c(-c4ccc5c(c4)OCO5)c2cc1OC)C(=O)OC3,7.431798275933005,Ebola
11785812,COc1cc2c(O[C@@H]3O[C@H](C)[C@@H](O)[C@H](O)[C@H]3O)c3c(c(-c4ccc5c(c4)OCO5)c2cc1OC)C(=O)OC3,7.070581074285707,Ebola
171714103,COc1cc2c(OC3CCOC3)c3c(c(-c4ccc5c(c4)OCO5)c2cc1OC)C(=O)OC3,6.97061622231479,Ebola
177641908,COc1cc2c(OCC(O)CN3CCN(C)CC3)c3c(c(-c4ccc5c(c4)OCO5)c2cc1OC)C(=O)OC3,7.481486060122113,Ebola
177642160,COc1cc2c(OCCCN3CC4CCC(C3)N4C)c3c(c(-c4ccc5c(c4)OCO5)c2cc1OC)C(=O)OC3,8.0,Ebola
177643233,COc1cc2c(OCCCN3CC4CCC3CO4)c3c(c(-c4ccc5c(c4)OCO5)c2cc1OC)C(=O)OC3,7.721246399047171,Ebola
177644887,COc1cc2c(OCCCN3CCN(C)C(=O)C3)c3c(c(-c4ccc5c(c4)OCO5)c2cc1OC)C(=O)OC3,6.777283528852417,Ebola
177645143,COc1cc2c(OCCCN3CC4CCC3CN4C)c3c(c(-c4ccc5c(c4)OCO5)c2cc1OC)C(=O)OC3,8.698970004336019,Ebola
177645144,COc1cc2c(OCCCN3CCS(=O)(=O)CC3)c3c(c(-c4ccc5c(c4)OCO5)c2cc1OC)C(=O)OC3,6.7447274948966935,Ebola
177645414,COc1cc2c(OCCCN3C4CCC3CN(C)C4)c3c(c(-c4ccc5c(c4)OCO5)c2cc1OC)C(=O)OC3,7.602059991327962,Ebola
177645876,COc1cc2c(OCCN3CCN(C)CC3)c3c(c(-c4ccc5c(c4)OCO5)c2cc1OC)C(=O)OC3,7.522878745280337,Ebola
172407973,O=C(Nc1ccccc1)c1ccc(-c2ccc(OC3CCNCC3)cc2)s1,5.088309841246139,Ebola
176182044,O=C(NCCc1ccccc1)c1ccc(-c2ccccc2OC2CCNCC2)o1,5.665546248849069,Ebola
176182142,O=C(Nc1cccc(Cl)c1)c1ccc(-c2ccc(OC3CCNCC3)cc2)s1,5.101823516502323,Ebola
177658061,O=C(NCCc1ccccc1)c1ccc(-c2cccc(OC3CCNCC3)c2)s1,5.275724130399211,Ebola
176182242,O=C(Nc1ccccc1)c1ccc(-c2cccc(OC3CCNCC3)c2)o1,5.082494490447453,Ebola
177658778,O=C(Nc1ccc(Cl)cc1)c1ccc(-c2ccc(OC3CCNCC3)cc2)s1,5.1438755557577,Ebola
176182032,O=C(Nc1cccc(Cl)c1)c1ccc(-c2ccccc2OC2CCNCC2)s1,5.332547047110047,Ebola
176182104,O=C(Nc1ccccc1)c1ccc(-c2ccccc2OC2CCNCC2)o1,4.6850799440075805,Ebola
176182243,O=C(Nc1ccc(Cl)cc1)c1ccc(-c2ccccc2OC2CCNCC2)o1,5.197226274708024,Ebola
176181978,O=C(Nc1cccc(Cl)c1)c1ccc(-c2cccc(OC3CCNCC3)c2)s1,5.1249387366083,Ebola
176182017,O=C(NCCc1ccccc1)c1ccc(-c2ccccc2OC2CCNCC2)s1,5.2839966563652006,Ebola
176182011,O=C(Nc1ccc(Cl)cc1)c1ccc(-c2ccccc2OC2CCNCC2)s1,5.075720713938118,Ebola
177659652,O=C(Nc1ccc(N2CCOCC2)cc1)c1ccc(-c2ccccc2OC2CCNCC2)s1,5.013228265733755,Ebola
176182134,O=C(NCCC1CCN(Cc2ccccc2)CC1)c1ccc(-c2ccccc2OC2CCNCC2)s1,5.031517051446065,Ebola
176182144,O=C(NCCc1ccccc1)c1cnc(-c2ccccc2OC2CCNCC2)s1,5.202732459169283,Ebola
176182240,O=C(NCCC1CCN(Cc2ccccc2)CC1)c1cnc(-c2ccc(OC3CCNCC3)cc2)s1,5.080921907623926,Ebola
176182037,O=C(Nc1ccccc1)c1ccc(-c2cccc(OC3CCNCC3)c2)s1,5.1432711096171175,Ebola
176182059,O=C(Nc1ccc(Cl)cc1)c1ccc(-c2cccc(OC3CCNCC3)c2)s1,5.452225294612178,Ebola
176182039,O=C(Nc1ccccc1)c1ccc(-c2ccccc2OC2CCNCC2)s1,5.228412519118745,Ebola
176182008,O=C(NCCC1CCN(Cc2ccccc2)CC1)c1ccc(-c2ccccc2OC2CCNCC2)o1,5.317854923626168,Ebola
176182140,O=C(Nc1ccccc1)c1ccc(-c2ccc(OC3CCNCC3)cc2)o1,5.221848749616356,Ebola
176182168,O=C(Nc1cccc(Cl)c1)c1ccc(-c2ccc(OC3CCNCC3)cc2)o1,5.30715308072277,Ebola
172407973,O=C(Nc1ccccc1)c1ccc(-c2ccc(OC3CCNCC3)cc2)s1,6.721246399047171,Ebola
176182044,O=C(NCCc1ccccc1)c1ccc(-c2ccccc2OC2CCNCC2)o1,5.208309350979882,Ebola
176182142,O=C(Nc1cccc(Cl)c1)c1ccc(-c2ccc(OC3CCNCC3)cc2)s1,5.924453038607469,Ebola
177658061,O=C(NCCc1ccccc1)c1ccc(-c2cccc(OC3CCNCC3)c2)s1,5.30715308072277,Ebola
176182242,O=C(Nc1ccccc1)c1ccc(-c2cccc(OC3CCNCC3)c2)o1,5.033389013318065,Ebola
177658778,O=C(Nc1ccc(Cl)cc1)c1ccc(-c2ccc(OC3CCNCC3)cc2)s1,5.616184634019569,Ebola
176182032,O=C(Nc1cccc(Cl)c1)c1ccc(-c2ccccc2OC2CCNCC2)s1,5.886056647693163,Ebola
176182243,O=C(Nc1ccc(Cl)cc1)c1ccc(-c2ccccc2OC2CCNCC2)o1,5.596879478824183,Ebola
176181978,O=C(Nc1cccc(Cl)c1)c1ccc(-c2cccc(OC3CCNCC3)c2)s1,5.730487055782084,Ebola
176182017,O=C(NCCc1ccccc1)c1ccc(-c2ccccc2OC2CCNCC2)s1,6.102372908709558,Ebola
176182011,O=C(Nc1ccc(Cl)cc1)c1ccc(-c2ccccc2OC2CCNCC2)s1,5.809668301829708,Ebola
177659652,O=C(Nc1ccc(N2CCOCC2)cc1)c1ccc(-c2ccccc2OC2CCNCC2)s1,5.111259039317107,Ebola
176182134,O=C(NCCC1CCN(Cc2ccccc2)CC1)c1ccc(-c2ccccc2OC2CCNCC2)s1,5.528708288941061,Ebola
176182144,O=C(NCCc1ccccc1)c1cnc(-c2ccccc2OC2CCNCC2)s1,4.804653941651581,Ebola
176182240,O=C(NCCC1CCN(Cc2ccccc2)CC1)c1cnc(-c2ccc(OC3CCNCC3)cc2)s1,5.106238237942057,Ebola
176182037,O=C(Nc1ccccc1)c1ccc(-c2cccc(OC3CCNCC3)c2)s1,6.522878745280337,Ebola
176182059,O=C(Nc1ccc(Cl)cc1)c1ccc(-c2cccc(OC3CCNCC3)c2)s1,5.950781977329818,Ebola
176182039,O=C(Nc1ccccc1)c1ccc(-c2ccccc2OC2CCNCC2)s1,5.823908740944319,Ebola
176182008,O=C(NCCC1CCN(Cc2ccccc2)CC1)c1ccc(-c2ccccc2OC2CCNCC2)o1,5.022276394711152,Ebola
23602127,O=C(NCCc1ccccc1)c1ccc(-c2ccccc2)s1,4.0,Ebola
176182140,O=C(Nc1ccccc1)c1ccc(-c2ccc(OC3CCNCC3)cc2)o1,5.018634490921456,Ebola
176182168,O=C(Nc1cccc(Cl)c1)c1ccc(-c2ccc(OC3CCNCC3)cc2)o1,5.536107011014093,Ebola
492405,NC(=O)c1nc(F)c[nH]c1=O,4.173925197299174,Ebola
172407973,O=C(Nc1ccccc1)c1ccc(-c2ccc(OC3CCNCC3)cc2)s1,5.774690718274138,Ebola
176182037,O=C(Nc1ccccc1)c1ccc(-c2cccc(OC3CCNCC3)c2)s1,5.515700160653214,Ebola
176182039,O=C(Nc1ccccc1)c1ccc(-c2ccccc2OC2CCNCC2)s1,5.578396073130169,Ebola
162513664,CC(C)C(=O)OC[C@H]1O[C@@](C#N)(c2ccc3c(N)ncnn23)[C@H](O)[C@@H]1O,5.380906669373258,Ebola
3005573,CN(C)CCOc1ccc(/C(=C(/CCCl)c2ccccc2)c2ccccc2)cc1,6.790484985457369,Ebola
121304016,CCC(CC)COC(=O)[C@H](C)N[P@](=O)(OC[C@H]1O[C@@](C#N)(c2ccc3c(N)ncnn23)[C@H](O)[C@@H]1O)Oc1ccccc1,6.853871964321762,Ebola
10445549,Nc1ncnc2c([C@@H]3N[C@H](CO)[C@@H](O)[C@H]3O)c[nH]c12,4.928117992693875,Ebola
2157,CCCCc1oc2ccccc2c1C(=O)c1cc(I)c(OCCN(CC)CC)c(I)c1,5.251811972993799,Ebola
177656448,CNc1nc(N)ncc1-c1cn([C@@H]2O[C@H](CO[P@@](=O)(N[C@@H](C)C(=O)OC(C)C)Oc3ccccc3)[C@@H](O)[C@@]2(C)F)cn1,4.522878745280337,Ebola
5477931,N=C(N)c1ccc2oc(/C=C/c3nc4ccc(C(=N)N)cc4[nH]3)cc2c1,7.0,Ebola
5477931,N=C(N)c1ccc2oc(/C=C/c3nc4ccc(C(=N)N)cc4[nH]3)cc2c1,6.481486060122113,Ebola
5477931,N=C(N)c1ccc2oc(/C=C/c3nc4ccc(C(=N)N)cc4[nH]3)cc2c1,6.376750709602099,Ebola
5477931,N=C(N)c1ccc2oc(/C=C/c3nc4ccc(C(=N)N)cc4[nH]3)cc2c1,6.017728766960432,Ebola
5477931,N=C(N)c1ccc2oc(/C=C/c3nc4ccc(C(=N)N)cc4[nH]3)cc2c1,4.301029995663981,Ebola
5477931,N=C(N)c1ccc2oc(/C=C/c3nc4ccc(C(=N)N)cc4[nH]3)cc2c1,4.301029995663981,Ebola
5477931,N=C(N)c1ccc2oc(/C=C/c3nc4ccc(C(=N)N)cc4[nH]3)cc2c1,4.301029995663981,Ebola
5477931,N=C(N)c1ccc2oc(/C=C/c3nc4ccc(C(=N)N)cc4[nH]3)cc2c1,4.301029995663981,Ebola
5477931,N=C(N)c1ccc2oc(/C=C/c3nc4ccc(C(=N)N)cc4[nH]3)cc2c1,4.301029995663981,Ebola
5477931,N=C(N)c1ccc2oc(/C=C/c3nc4ccc(C(=N)N)cc4[nH]3)cc2c1,4.301029995663981,Ebola
5477931,N=C(N)c1ccc2oc(/C=C/c3nc4ccc(C(=N)N)cc4[nH]3)cc2c1,5.6020599913279625,Ebola
5477931,N=C(N)c1ccc2oc(/C=C/c3nc4ccc(C(=N)N)cc4[nH]3)cc2c1,5.6020599913279625,Ebola
54584093,CCN(CC)CCNc1cc(C)nc2c1ccc1c2ccc2c(NCCN(CC)CC)cc(C)nc21.Cl,5.301029995663981,Ebola
54584094,Cc1cc(NCCCN2CCOCC2)c2ccc3c(ccc4c(NCCCN5CCOCC5)cc(C)nc43)c2n1.Cl,5.6020599913279625,Ebola
54586979,Cc1cc(NCCCN2CCCCC2)c2ccc3c(ccc4c(NCCCN5CCCCC5)cc(C)nc43)c2n1.Cl,5.301029995663981,Ebola
51050339,CCN(CC)CC(=O)NCc1cc(-c2cccc(OC)c2)no1,5.0,Ebola
1480148,CCN(CC)CC(=O)NCc1cc(-c2ccc(OC)cc2)no1,4.522878745280337,Ebola
51039202,CCN(CC)CC(=O)NCc1cn(-c2c(Br)cc(Br)cc2Br)nn1,5.301029995663981,Ebola
51039200,CCN(CC)CC(=O)NCc1cc(-c2ccc(I)cc2)no1,5.6020599913279625,Ebola
51039201,CCN(CC)CC(=O)NCc1cn(-c2ccc(I)cc2)nn1,5.301029995663981,Ebola
51050339,CCN(CC)CC(=O)NCc1cc(-c2cccc(OC)c2)no1,5.0,Ebola
1480148,CCN(CC)CC(=O)NCc1cc(-c2ccc(OC)cc2)no1,4.522878745280337,Ebola
51039202,CCN(CC)CC(=O)NCc1cn(-c2c(Br)cc(Br)cc2Br)nn1,5.301029995663981,Ebola
51039200,CCN(CC)CC(=O)NCc1cc(-c2ccc(I)cc2)no1,5.6020599913279625,Ebola
51039201,CCN(CC)CC(=O)NCc1cn(-c2ccc(I)cc2)nn1,5.301029995663981,Ebola
71262811,O=C(CC12CC3CC(CC(C3)C1)C2)NCC(=O)N1CCN(Cc2ccccc2OCc2ccncc2)CC1,6.096910013008056,Ebola
71262816,O=C(CC12CC3CC(CC(C3)C1)C2)NCC(=O)N1CCN(Cc2cccnc2)CC1,5.167491087293763,Ebola
71262878,O=C(CC12CC3CC(CC(C3)C1)C2)NCC(=O)N1CCN(Cc2ccc(Cl)cc2)CC1,5.6020599913279625,Ebola
71262877,O=C(CC12CC3CC(CC(C3)C1)C2)NCC(=O)N1CCN(Cc2ccc(O)cc2)CC1,5.154901959985743,Ebola
71262875,O=C(CC12CC3CC(CC(C3)C1)C2)NCC(=O)N1CCN(Cc2ccc(Cl)cc2Cl)CC1,5.180456064458132,Ebola
71527483,O=C(CC12CC3CC(CC(C3)C1)C2)NCC(=O)N1CCN(Cc2ccccc2OCc2cccc(Br)c2)CC1,5.619788758288394,Ebola
71527484,COC(=O)c1cccc(COc2ccccc2CN2CCN(C(=O)CNC(=O)CC34CC5CC(CC(C5)C3)C4)CC2)c1,5.619788758288394,Ebola
71262832,O=C(CC12CC3CC(CC(C3)C1)C2)NCC(=O)N1CCN(Cc2ccccc2OCc2ccc([N+](=O)[O-])cc2)CC1,5.769551078621726,Ebola
71716215,O=C(CC12CC3CC(CC(C3)C1)C2)NC(CCO)C(=O)N1CCN(Cc2ccccc2)CC1,4.3979400086720375,Ebola
71262879,COc1ccccc1CN1CCN(C(=O)CNC(=O)CC23CC4CC(CC(C4)C2)C3)CC1,5.6777807052660805,Ebola
71262809,O=C(CC12CC3CC(CC(C3)C1)C2)NCC(=O)N1CCN(Cc2ccccc2C(=O)O)CC1,4.3979400086720375,Ebola
71527118,O=C(CC12CC3CC(CC(C3)C1)C2)NCC(=O)N1CCN(Cc2cccc(Br)c2)CC1,6.0,Ebola
71262822,N#Cc1ccc(COc2ccccc2CN2CCN(C(=O)CNC(=O)CC34CC5CC(CC(C5)C3)C4)CC2)cc1,5.356547323513813,Ebola
9414279,O=C(CC12CC3CC(CC(C3)C1)C2)NCC(=O)N1CCC(Cc2ccccc2)CC1,5.886056647693163,Ebola
71716817,O=C(CC12CC3CC(CC(C3)C1)C2)NCC(=O)N1CCN(C(c2ccccc2)c2ccccc2)CC1,5.0,Ebola
71262804,O=C(CC12CC3CC(CC(C3)C1)C2)NCC(=O)N1CCN(Cc2cccc(C(F)(F)F)c2)CC1,5.585026652029182,Ebola
9226368,O=C(CC12CC3CC(CC(C3)C1)C2)NCC(=O)N1CCN(Cc2ccncc2)CC1,4.838631997765025,Ebola
71262881,Cc1cc(O)cc(C)c1CN1CCN(C(=O)CNC(=O)CC23CC4CC(CC(C4)C2)C3)CC1,5.096910013008056,Ebola
71528582,CC(C)CC(NC(=O)CC12CC3CC(CC(C3)C1)C2)C(=O)N1CCN(Cc2ccccc2)CC1,4.537602002101044,Ebola
71262887,O=C(CC12CC3CC(CC(C3)C1)C2)NCC(=O)N1CCN(Cc2ccccc2Cl)CC1,5.494850021680094,Ebola
71527010,O=C(CC12CC3CC(CC(C3)C1)C2)NCC(=O)N1CCN(Cc2ccccn2)CC1,5.070581074285707,Ebola
2231893,O=C(Cc1ccc(Cl)cc1)NCC(=O)N1CCN(Cc2ccccc2)CC1,4.721246399047171,Ebola
71506569,O=C(CC12CC3CC(CC(C3)C1)C2)NCC(=O)N1CCN(Cc2ccccc2OCc2ccc(C(=O)O)cc2)CC1,5.3979400086720375,Ebola
9105639,Cc1cccc(CN2CCN(C(=O)CNC(=O)CC34CC5CC(CC(C5)C3)C4)CC2)c1,5.958607314841775,Ebola
71505497,COC(=O)c1ccc(CN2CCN(C(=O)CNC(=O)CC34CC5CC(CC(C5)C3)C4)CC2)cc1,4.823908740944319,Ebola
71262836,COc1cccc(COc2ccccc2CN2CCN(C(=O)CNC(=O)CC34CC5CC(CC(C5)C3)C4)CC2)c1,5.721246399047171,Ebola
71262890,O=C(CC12CC3CC(CC(C3)C1)C2)NCC(=O)N1CCN(Cc2ccccc2OCc2cccnc2)CC1,5.6777807052660805,Ebola
2095623,O=C(NCC(=O)N1CCN(Cc2ccccc2)CC1)c1ccccc1,4.508638306165727,Ebola
71262805,O=C(CC12CC3CC(CC(C3)C1)C2)NCCC(=O)N1CCN(Cc2ccccc2)CC1,4.769551078621726,Ebola
71254944,COC(=O)c1ccc(COc2ccccc2CN2CCN(C(=O)CNC(=O)CC34CC5CC(CC(C5)C3)C4)CC2)cc1,7.698970004336019,Ebola
71262888,Cc1ccc(CN2CCN(C(=O)CNC(=O)CC34CC5CC(CC(C5)C3)C4)CC2)cc1,5.958607314841775,Ebola
71262812,CC(=O)Nc1ccc(CN2CCN(C(=O)CNC(=O)CC34CC5CC(CC(C5)C3)C4)CC2)cc1,5.1249387366083,Ebola
71527482,Cc1cccc(COc2ccccc2CN2CCN(C(=O)CNC(=O)CC34CC5CC(CC(C5)C3)C4)CC2)c1,6.455931955649724,Ebola
71262803,O=C(CC12CC3CC(CC(C3)C1)C2)NCC(=O)N1CCN(Cc2ccccc2O)CC1,5.537602002101044,Ebola
71262876,N#Cc1cccc(CN2CCN(C(=O)CNC(=O)CC34CC5CC(CC(C5)C3)C4)CC2)c1,5.920818753952375,Ebola
2993072,O=C(CC12CC3CC(CC(C3)C1)C2)NCC(=O)N1CCN(Cc2ccccc2)CC1,5.886056647693163,Ebola
71528441,CC(C)(C)CC(=O)NCC(=O)N1CCN(Cc2ccccc2)CC1,4.3979400086720375,Ebola
71527598,CNC(=O)c1ccc(COc2ccccc2CN2CCN(C(=O)CNC(=O)CC34CC5CC(CC(C5)C3)C4)CC2)cc1,5.6777807052660805,Ebola
71262817,O=C(CC12CC3CC(CC(C3)C1)C2)NCC(=O)N1CCN(Cc2ccc(Br)cc2)CC1,5.494850021680094,Ebola
71505671,O=C(CC12CC3CC(CC(C3)C1)C2)NCC(=O)N1CCN(Cc2ccc(C(=O)O)cc2)CC1,4.3979400086720375,Ebola
71527848,O=C(CC12CC3CC(CC(C3)C1)C2)NCC(=O)N1CCN(Cc2cc(Br)ccc2O)CC1,6.301029995663981,Ebola
71262883,O=C(CC12CC3CC(CC(C3)C1)C2)NCC(=O)N1CCN(Cc2ccc(Cl)c(Cl)c2)CC1,6.1249387366083,Ebola
71262826,O=C(CC12CC3CC(CC(C3)C1)C2)NC(CCC(=O)OCc1ccccc1)C(=O)N1CCN(Cc2ccccc2)CC1,5.060480747381382,Ebola
71718657,O=C(CC12CC3CC(CC(C3)C1)C2)NCCCC(=O)N1CCN(Cc2ccccc2)CC1,4.657577319177793,Ebola
71262807,COc1cccc(CN2CCN(C(=O)CNC(=O)CC34CC5CC(CC(C5)C3)C4)CC2)c1,5.698970004336019,Ebola
56268405,O=C(CC1CCCCC1)NCC(=O)N1CCN(Cc2ccccc2)CC1,4.3979400086720375,Ebola
71527717,CN(C)C(=O)c1ccc(COc2ccccc2CN2CCN(C(=O)CNC(=O)CC34CC5CC(CC(C5)C3)C4)CC2)cc1,5.481486060122113,Ebola
71505837,COC(=O)c1cccc(CN2CCN(C(=O)CNC(=O)CC34CC5CC(CC(C5)C3)C4)CC2)c1,4.853871964321762,Ebola
71262825,O=C(CC12CC3CC(CC(C3)C1)C2)NCC(=O)N1CCN(Cc2cccc(C(=O)O)c2)CC1,4.3979400086720375,Ebola
31595421,COc1ccc(CN2CCN(C(=O)CNC(=O)CC34CC5CC(CC(C5)C3)C4)CC2)cc1,5.267606240177032,Ebola
27755981,N#Cc1ccc(CN2CCN(C(=O)CNC(=O)CC34CC5CC(CC(C5)C3)C4)CC2)cc1,5.096910013008056,Ebola
71527356,O=C(CC12CC3CC(CC(C3)C1)C2)NCC(=O)N1CCN(Cc2ccccc2OCc2ccccc2[N+](=O)[O-])CC1,5.795880017344075,Ebola
71528583,N#CCC(NC(=O)CC12CC3CC(CC(C3)C1)C2)C(=O)N1CCN(Cc2ccccc2)CC1,4.657577319177793,Ebola
71528584,CC(O)C(NC(=O)CC12CC3CC(CC(C3)C1)C2)C(=O)N1CCN(Cc2ccccc2)CC1,4.3979400086720375,Ebola
71528585,CC(OCc1ccccc1)C(NC(=O)CC12CC3CC(CC(C3)C1)C2)C(=O)N1CCN(Cc2ccccc2)CC1,4.537602002101044,Ebola
71504369,O=C(CC12CC3CC(CC(C3)C1)C2)NCC(=O)N1CCN(Cc2ccccc2Br)CC1,5.468521082957745,Ebola
71262806,O=C(CC12CC3CC(CC(C3)C1)C2)NCC(=O)N1CCN(Cc2ccccc2C(F)(F)F)CC1,5.7447274948966935,Ebola
71262873,O=C(CC12CC3CC(CC(C3)C1)C2)NCC(=O)N1CCN(Cc2cccc(OCc3ccccc3)c2)CC1,5.3979400086720375,Ebola
27671580,O=C(Cc1ccccc1)NCC(=O)N1CCN(Cc2ccccc2)CC1,4.3979400086720375,Ebola
18108752,O=C(CNC(=O)C12CC3CC(CC(C3)C1)C2)N1CCN(Cc2ccccc2)CC1,4.537602002101044,Ebola
71262885,O=C(CC12CC3CC(CC(C3)C1)C2)NCC(=O)N1CCN(Cc2ccc3ccccc3c2)CC1,5.522878745280337,Ebola
71528443,CC(C)C(NC(=O)CC12CC3CC(CC(C3)C1)C2)C(=O)N1CCN(Cc2ccccc2)CC1,4.3979400086720375,Ebola
71262824,N#Cc1ccccc1CN1CCN(C(=O)CNC(=O)CC23CC4CC(CC(C4)C2)C3)CC1,5.4089353929735005,Ebola
71262810,COC(=O)c1ccccc1CN1CCN(C(=O)CNC(=O)CC23CC4CC(CC(C4)C2)C3)CC1,5.096910013008056,Ebola
71528442,CC(NC(=O)CC12CC3CC(CC(C3)C1)C2)C(=O)N1CCN(Cc2ccccc2)CC1,4.3979400086720375,Ebola
7601500,O=C(CC12CC3CC(CC(C3)C1)C2)NCC(=O)N1CCN(C(=O)c2ccccc2)CC1,5.522878745280337,Ebola
71262814,O=C(CC12CC3CC(CC(C3)C1)C2)NCC(=O)N1CCN(Cc2cccc3ccccc23)CC1,5.468521082957745,Ebola
71528728,CN(CC(=O)N1CCN(Cc2ccccc2)CC1)C(=O)CC12CC3CC(CC(C3)C1)C2,5.173925197299174,Ebola
71528730,O=C(CC12CC3CC(CC(C3)C1)C2)NCC(=O)N1CCN(Cc2ccccc2OCc2ccccc2)CC1,5.698970004336019,Ebola
1526596,O=C(NCC(=O)N1CCN(Cc2ccccc2)CC1)C1CCCCC1,4.568636235841013,Ebola
CHEMBL4751715,CCOP(=O)(Cc1cccc(COc2ccccc2OC2CCN(Cc3ccc4nc(-c5ccccc5)[nH]c4c3)CC2)c1)OCC,5.72584215073632,Ebola
CHEMBL4792617,CCOP(=O)(Cc1cccc(COc2ccccc2OC2CCN(Cc3ccc4nc(-c5cccc(C(F)(F)F)c5)[nH]c4c3)CC2)c1)OCC,5.603800652904264,Ebola
CHEMBL5084473,CCC(CC)COC(=O)[C@@H](C)N[P@](=O)(OC[C@H]1O[C@@](C#N)(c2ccc3c(N)ncnn23)[C@H](O)[C@@H]1OC(=O)CCCCCCCCCCCN=[N+]=[N-])Oc1ccccc1,6.080921907623926,Ebola
CHEMBL2323050,N#Cc1ccc(CN2CCN(C(=O)CNC(=O)CC34CC5CC(CC(C5)C3)C4)CC2)cc1,5.096910013008056,Ebola
CHEMBL2323047,COc1ccc(CN2CCN(C(=O)CNC(=O)CC34CC5CC(CC(C5)C3)C4)CC2)cc1,5.267606240177032,Ebola
CHEMBL2323043,Cc1cccc(CN2CCN(C(=O)CNC(=O)CC34CC5CC(CC(C5)C3)C4)CC2)c1,5.958607314841775,Ebola
CHEMBL2323263,O=C(CC12CC3CC(CC(C3)C1)C2)NCC(=O)N1CCN(Cc2ccccc2Cl)CC1,5.494850021680094,Ebola
CHEMBL2323283,O=C(CC12CC3CC(CC(C3)C1)C2)NCCC(=O)N1CCN(Cc2ccccc2)CC1,4.769551078621726,Ebola
CHEMBL2323281,O=C(CNC(=O)C12CC3CC(CC(C3)C1)C2)N1CCN(Cc2ccccc2)CC1,4.537602002101044,Ebola
CHEMBL2323035,CNC(=O)c1ccc(COc2ccccc2CN2CCN(C(=O)CNC(=O)CC34CC5CC(CC(C5)C3)C4)CC2)cc1,5.6777807052660805,Ebola
CHEMBL2323053,COC(=O)c1ccc(CN2CCN(C(=O)CNC(=O)CC34CC5CC(CC(C5)C3)C4)CC2)cc1,4.823908740944319,Ebola
CHEMBL2323249,COC(=O)c1cccc(COc2ccccc2CN2CCN(C(=O)CNC(=O)CC34CC5CC(CC(C5)C3)C4)CC2)c1,5.619788758288394,Ebola
CHEMBL1773160,CCN(CC)CCNc1cc(C)nc2c1ccc1c2ccc2c(NCCN(CC)CC)cc(C)nc21.Cl,5.301029995663981,Ebola
CHEMBL1256768,N=C(N)c1ccc2oc(/C=C/c3nc4cc(C(=N)N)ccc4[nH]3)cc2c1,7.0,Ebola
CHEMBL3753637,Nc1nccc2c1ncn2C1=C[C@H](CO)[C@@H](O)[C@H]1O,4.130181792020672,Ebola
CHEMBL4065821,C[C@H](NP(=O)(OC[C@H]1O[C@@](C#N)(c2ccc3c(N)ncnn23)[C@H](O)[C@@H]1O)Oc1ccccc1)C(=O)OC1CCC1,6.376750709602099,Ebola
CHEMBL4086934,C#C[C@@]1(c2ccc3c(N)ncnn23)O[C@H](COP(=O)(N[C@@H](C)C(=O)OCC(CC)CC)Oc2ccccc2)[C@@H](O)[C@H]1O,5.4089353929735005,Ebola
CHEMBL1650595,NCC(=O)Nc1ccc(-n2nc(C(F)(F)F)cc2-c2ccc3c(ccc4ccccc43)c2)cc1,6.522878745280337,Ebola
CHEMBL4064522,Cc1[nH]c2c(CN3CC(CO)C(CN4CCCC4)C3)cccc2c1C,6.0,Ebola
CHEMBL2323038,O=C(CC12CC3CC(CC(C3)C1)C2)NCC(=O)N1CCN(Cc2ccccc2OCc2ccc(C(=O)O)cc2)CC1,5.3979400086720375,Ebola
CHEMBL2323034,N#Cc1ccc(COc2ccccc2CN2CCN(C(=O)CNC(=O)CC34CC5CC(CC(C5)C3)C4)CC2)cc1,5.356547323513812,Ebola
CHEMBL2323056,O=C(CC12CC3CC(CC(C3)C1)C2)NCC(=O)N1CCN(Cc2ccncc2)CC1,4.838631997765026,Ebola
CHEMBL5591525,CN(C)C1CCN(C(=O)c2cc3ccccc3n2Cc2ccc(Cl)cc2)CC1,5.860120913598763,Ebola
CHEMBL4069927,CCOC(=O)[C@H](C)NP(=O)(N[C@@H](C)C(=O)OCC)OC[C@H]1O[C@@](C#N)(c2ccc3c(N)ncnn23)[C@H](O)[C@@H]1O,4.689944262249108,Ebola
CHEMBL5613813,O=C(NCCc1ccccc1)c1ccc(-c2ccccc2OC2CCNCC2)s1,5.2839966563652006,Ebola
CHEMBL5612925,O=C(Nc1cccc(Cl)c1)c1ccc(-c2ccc(OC3CCNCC3)cc2)o1,5.30715308072277,Ebola
CHEMBL5612002,O=C(NCCc1ccccc1)c1cnc(-c2ccccc2OC2CCNCC2)s1,5.202732459169283,Ebola
CHEMBL5614212,O=C(Nc1ccc(Cl)cc1)c1ccc(-c2ccccc2OC2CCNCC2)o1,5.197226274708024,Ebola
CHEMBL2323039,COC(=O)c1ccc(COc2ccccc2CN2CCN(C(=O)CNC(=O)CC34CC5CC(CC(C5)C3)C4)CC2)cc1,7.698970004336019,Ebola
CHEMBL2323048,O=C(CC12CC3CC(CC(C3)C1)C2)NCC(=O)N1CCN(Cc2ccc(Cl)cc2)CC1,5.6020599913279625,Ebola
CHEMBL2323045,COC(=O)c1cccc(CN2CCN(C(=O)CNC(=O)CC34CC5CC(CC(C5)C3)C4)CC2)c1,4.853871964321762,Ebola
CHEMBL2323271,COc1cccc(CN2CCN(C(=O)CNC(=O)CC34CC5CC(CC(C5)C3)C4)CC2)c1,5.698970004336019,Ebola
CHEMBL2323265,N#Cc1ccccc1CN1CCN(C(=O)CNC(=O)CC23CC4CC(CC(C4)C2)C3)CC1,5.4089353929735005,Ebola
CHEMBL2323260,O=C(CC12CC3CC(CC(C3)C1)C2)NCCCC(=O)N1CCN(Cc2ccccc2)CC1,4.657577319177793,Ebola
CHEMBL2323254,N#CCC(NC(=O)CC12CC3CC(CC(C3)C1)C2)C(=O)N1CCN(Cc2ccccc2)CC1,4.657577319177793,Ebola
CHEMBL2323253,CC(C)CC(NC(=O)CC12CC3CC(CC(C3)C1)C2)C(=O)N1CCN(Cc2ccccc2)CC1,4.537602002101044,Ebola
CHEMBL5595280,C[C@@H]1[C@H]2C[C@@H](C[C@H]1OC(=O)CN1CCCCC1)C2(C)C,4.376750709602099,Ebola
CHEMBL5593652,C[C@@H]1[C@H]2C[C@@H](C[C@H]1OC(=O)CCN1CCCCC1)C2(C)C,4.844663962534938,Ebola
CHEMBL5592622,C[C@@H]1[C@H]2C[C@@H](C[C@H]1OC(=O)CN1CCN(C)CC1)C2(C)C,5.318758762624412,Ebola
CHEMBL5590772,CN(C)C1CCN(C(=O)c2cccn2Cc2ccccc2)CC1,5.954677021213342,Ebola
CHEMBL4636836,CC12CC3CC(C(=O)N[C@H]4CC[C@H](N)CC4)(C1)CC(c1ccccc1)(C3)C2,6.1249387366083,Ebola
CHEMBL5205032,CCC(CC)OC(=O)[C@H](C)N[P@](=O)(OC[C@H]1O[C@@](C#N)(c2ccc3c(N)ncnn23)[C@H](O)[C@@H]1O)Oc1ccccc1,6.853871964321762,Ebola
CHEMBL5592840,CC1CCN(CC(=O)O[C@H]2C(C)(C)[C@H]3CC[C@]2(C)C3)CC1,4.467245621007502,Ebola
CHEMBL5584026,CN1CCN(CC(=O)O[C@H]2C(C)(C)[C@H]3CC[C@]2(C)C3)CC1,5.070581074285707,Ebola
CHEMBL5592994,CCN1CCN(CC(=O)O[C@H]2C(C)(C)[C@H]3CC[C@]2(C)C3)CC1,5.795880017344075,Ebola
CHEMBL1655,CN(C)CCOc1ccc(/C(=C(/CCCl)c2ccccc2)c2ccccc2)cc1,6.154901959985743,Ebola
CHEMBL5583953,CN1CCN(CCCC(=O)O[C@H]2C(C)(C)[C@H]3CC[C@]2(C)C3)CC1,5.508638306165727,Ebola
CHEMBL5592840,CC1CCN(CC(=O)O[C@H]2C(C)(C)[C@H]3CC[C@]2(C)C3)CC1,4.688246138944246,Ebola
CHEMBL5592994,CCN1CCN(CC(=O)O[C@H]2C(C)(C)[C@H]3CC[C@]2(C)C3)CC1,5.040958607678906,Ebola
CHEMBL5595696,C[C@@H]1[C@H]2C[C@@H](C[C@H]1OC(=O)CCCN1CCOCC1)C2(C)C,4.6777807052660805,Ebola
CHEMBL4781632,CCOP(=O)(Cc1ccc(COc2ccccc2OC2CCN(Cc3ccc4nc(-c5ccccc5)[nH]c4c3)CC2)cc1)OCC,5.530177984021837,Ebola
CHEMBL4752249,CCOP(=O)(Cc1cccc(COc2ccccc2CC2CCN(Cc3ccc4nc(-c5ccc(OC(F)(F)F)cc5)[nH]c4c3)CC2)c1)OCC,5.954677021213342,Ebola
CHEMBL1256768,N=C(N)c1ccc2oc(/C=C/c3nc4cc(C(=N)N)ccc4[nH]3)cc2c1,6.376750709602099,Ebola
CHEMBL3120779,C[C@@]1(O)[C@H](O)[C@@H](CO)O[C@@]1(C#N)c1ccc2c(N)ncnn12,4.301029995663981,Ebola
CHEMBL4084735,CCOC(=O)[C@H](Cc1ccccc1)NP(=O)(OC[C@H]1O[C@@](C#N)(c2ccc3c(N)ncnn23)[C@H](O)[C@@H]1O)Oc1ccccc1,5.3585258894959,Ebola
CHEMBL4208300,COC(=O)c1ccc(COc2ccc(OC)cc2CN2CCN(C(=O)CNC(=O)CC34CC5CC(CC(C5)C3)C4)CC2)cc1,5.853871964321762,Ebola
CHEMBL479,CSc1ccc2c(c1)N(CCC1CCCCN1C)c1ccccc1S2,5.107905397309519,Ebola
CHEMBL1655,CN(C)CCOc1ccc(/C(=C(/CCCl)c2ccccc2)c2ccccc2)cc1,6.247183568811728,Ebola
CHEMBL4212624,CN[C@@H]1CC[C@H](c2ccc(Cl)c(Cl)c2)c2ccccc21.Cl,5.522878745280337,Ebola
CHEMBL4215553,O=S(=O)(c1ccc(Cl)cc1)N1CCCC2=C[C@H]3C[C@H](CN4CCCC[C@H]34)[C@@H]21,4.661543506395395,Ebola
CHEMBL4212060,O=S(=O)(c1cccs1)N1CCCC2=C[C@H]3C[C@H](CN4CCCC[C@H]34)[C@@H]21,4.478861916295964,Ebola
CHEMBL4215857,FC(F)(F)Oc1ccc(CN2CCCC3=C[C@H]4C[C@H](CN5CCCC[C@H]45)[C@@H]32)cc1,4.982966660701219,Ebola
CHEMBL4061258,CCC(CC)COC(=O)[C@H](C)N[P@@](=O)(OC[C@H]1O[C@@](C#N)(c2ccc3c(N)ncnn23)[C@H](O)[C@@H]1O)Oc1ccccc1,7.096910013008056,Ebola
CHEMBL4101182,CCOC(=O)[C@@H](NP(=O)(OC[C@H]1O[C@@](C#N)(c2ccc3c(N)ncnn23)[C@H](O)[C@@H]1O)Oc1ccccc1)C(C)C,5.501551596826,Ebola
CHEMBL4065821,C[C@H](NP(=O)(OC[C@H]1O[C@@](C#N)(c2ccc3c(N)ncnn23)[C@H](O)[C@@H]1O)Oc1ccccc1)C(=O)OC1CCC1,7.055517327849831,Ebola
CHEMBL5595241,CN1CCCN(C(=O)c2cc3occc3n2Cc2ccc(Cl)cc2)CC1,5.85078088734462,Ebola
CHEMBL5592829,CN(C)CCNC(=O)c1cc2occc2n1C(=O)OCc1ccccc1,5.090979145788844,Ebola
CHEMBL5594413,CN(C)CCNC(=O)c1cc2occc2n1Cc1ccccc1,5.345823458122039,Ebola
CHEMBL4065616,CCC(CC)COC(=O)[C@H](C)N[P@](=O)(OC[C@H]1O[C@@](C#N)(c2ccc3c(N)ncnn23)[C@H](O)[C@@H]1O)Oc1ccccc1,7.221848749616356,Ebola
CHEMBL4065616,CCC(CC)COC(=O)[C@H](C)N[P@](=O)(OC[C@H]1O[C@@](C#N)(c2ccc3c(N)ncnn23)[C@H](O)[C@@H]1O)Oc1ccccc1,7.0655015487564325,Ebola
CHEMBL4749838,CCOP(=O)(Cc1ccc(COc2ccccc2OC2CCN(Cc3ccc4nc(-c5cccc(C(F)(F)F)c5)[nH]c4c3)CC2)cc1)OCC,4.527682453683158,Ebola
CHEMBL5426718,O=C(CNCCC1CCN(Cc2ccccc2)CC1)NC1c2ccccc2-c2ccccc21,5.769551078621726,Ebola
CHEMBL4065616,CCC(CC)COC(=O)[C@H](C)N[P@](=O)(OC[C@H]1O[C@@](C#N)(c2ccc3c(N)ncnn23)[C@H](O)[C@@H]1O)Oc1ccccc1,7.221848749616356,Ebola
CHEMBL4090912,CCC(CC)COC(=O)[C@@H](C)NP(=O)(OC[C@H]1O[C@@](C#N)(c2ccc3c(N)ncnn23)[C@H](O)[C@@H]1O)Oc1ccccc1,6.137272471682025,Ebola
CHEMBL2323247,O=C(CC12CC3CC(CC(C3)C1)C2)NCC(=O)N1CCN(Cc2ccccc2OCc2cccc(Br)c2)CC1,5.619788758288394,Ebola
CHEMBL399021,Nc1ncnc2c1c(-c1cccc(OCc3ccccc3)c1)cn2[C@H]1C[C@H](CN2CCCC2)C1,6.0,Ebola
CHEMBL4215782,COC(=O)c1ccc(CCc2ccccc2CN2CCN(C(=O)CNC(=O)CC34CC5CC(CC(C5)C3)C4)CC2)cc1,7.698970004336019,Ebola
CHEMBL2323051,O=C(CC12CC3CC(CC(C3)C1)C2)NCC(=O)N1CCN(Cc2ccc(O)cc2)CC1,5.154901959985743,Ebola
CHEMBL2323261,COc1ccccc1CN1CCN(C(=O)CNC(=O)CC23CC4CC(CC(C4)C2)C3)CC1,5.6777807052660805,Ebola
CHEMBL1729263,O=C(Cc1ccc(Cl)cc1)NCC(=O)N1CCN(Cc2ccccc2)CC1,4.721246399047171,Ebola
CHEMBL2323275,O=C(CC12CC3CC(CC(C3)C1)C2)NCC(=O)N1CCN(Cc2ccccc2)CC1,5.886056647693163,Ebola
CHEMBL2323272,O=C(CC12CC3CC(CC(C3)C1)C2)NCC(=O)N1CCN(Cc2cccc(OCc3ccccc3)c2)CC1,5.3979400086720375,Ebola
CHEMBL2323259,CN(CC(=O)N1CCN(Cc2ccccc2)CC1)C(=O)CC12CC3CC(CC(C3)C1)C2,5.173925197299173,Ebola
CHEMBL4083126,C[C@H](NP(=O)(OC[C@H]1O[C@@](C#N)(c2ccc3c(N)ncnn23)[C@H](O)[C@@H]1O)Oc1ccccc1)C(=O)OCC(C)(C)C,6.774690718274137,Ebola
CHEMBL4065616,CCC(CC)COC(=O)[C@H](C)N[P@](=O)(OC[C@H]1O[C@@](C#N)(c2ccc3c(N)ncnn23)[C@H](O)[C@@H]1O)Oc1ccccc1,7.0,Ebola
CHEMBL4061258,CCC(CC)COC(=O)[C@H](C)N[P@@](=O)(OC[C@H]1O[C@@](C#N)(c2ccc3c(N)ncnn23)[C@H](O)[C@@H]1O)Oc1ccccc1,6.954677021213342,Ebola
CHEMBL5200782,C[C@]12CC3CC(C(=O)N[C@H]4CC[C@H](N)CC4)(C1)C[C@@](c1ccccc1)(C3)C2,6.619788758288394,Ebola
CHEMBL4794298,CCOP(=O)(Cc1ccc(COc2ccccc2OC2CCN(Cc3ccc4nc(-c5cccc(OC(F)(F)F)c5)[nH]c4c3)CC2)cc1)OCC,5.530177984021837,Ebola
CHEMBL4084735,CCOC(=O)[C@H](Cc1ccccc1)NP(=O)(OC[C@H]1O[C@@](C#N)(c2ccc3c(N)ncnn23)[C@H](O)[C@@H]1O)Oc1ccccc1,6.231361898752386,Ebola
CHEMBL4093434,CCOC(=O)[C@H](C)NP(=O)(OC[C@H]1O[C@@](C#N)(c2ccc3c(N)ncnn23)[C@H](O)[C@@H]1O)Oc1ccccc1,6.196542884351586,Ebola
CHEMBL4069927,CCOC(=O)[C@H](C)NP(=O)(N[C@@H](C)C(=O)OCC)OC[C@H]1O[C@@](C#N)(c2ccc3c(N)ncnn23)[C@H](O)[C@@H]1O,5.040863168829626,Ebola
CHEMBL5596273,COc1cc2c(OCCN3CCOCC3)c3c(c(-c4ccc5c(c4)OCO5)c2cc1OC)C(=O)OC3,6.186419011431808,Ebola
CHEMBL5596938,COc1cc2c(OCCCN3CCS(=O)(=O)CC3)c3c(c(-c4ccc5c(c4)OCO5)c2cc1OC)C(=O)OC3,6.7447274948966935,Ebola
CHEMBL5596938,COc1cc2c(OCCCN3CCS(=O)(=O)CC3)c3c(c(-c4ccc5c(c4)OCO5)c2cc1OC)C(=O)OC3,6.931814138253838,Ebola
CHEMBL5597241,COc1cc2c(OCCCN3C4CCC3CN(C)C4)c3c(c(-c4ccc5c(c4)OCO5)c2cc1OC)C(=O)OC3,7.602059991327962,Ebola
CHEMBL2323040,O=C(CC12CC3CC(CC(C3)C1)C2)NCC(=O)N1CCC(Cc2ccccc2)CC1,5.886056647693163,Ebola
CHEMBL2323245,O=C(CC12CC3CC(CC(C3)C1)C2)NCC(=O)N1CCN(Cc2ccccc2OCc2ccccc2[N+](=O)[O-])CC1,5.795880017344075,Ebola
CHEMBL2323060,Cc1cc(O)cc(C)c1CN1CCN(C(=O)CNC(=O)CC23CC4CC(CC(C4)C2)C3)CC1,5.096910013008056,Ebola
CHEMBL2323046,O=C(CC12CC3CC(CC(C3)C1)C2)NCC(=O)N1CCN(Cc2cccnc2)CC1,5.167491087293763,Ebola
CHEMBL2323274,N#Cc1cccc(CN2CCN(C(=O)CNC(=O)CC34CC5CC(CC(C5)C3)C4)CC2)c1,5.920818753952375,Ebola
CHEMBL2323258,O=C(CC12CC3CC(CC(C3)C1)C2)NC(CCC(=O)OCc1ccccc1)C(=O)N1CCN(Cc2ccccc2)CC1,5.060480747381382,Ebola
CHEMBL2323276,O=C(NCC(=O)N1CCN(Cc2ccccc2)CC1)C1CCCCC1,4.568636235841012,Ebola
CHEMBL4565849,Nc1nccc2c1ncn2C1=CC[C@@H](O)[C@H]1O,6.366531544420414,Ebola
CHEMBL2323036,CN(C)C(=O)c1ccc(COc2ccccc2CN2CCN(C(=O)CNC(=O)CC34CC5CC(CC(C5)C3)C4)CC2)cc1,5.481486060122112,Ebola
CHEMBL2323055,CC(=O)Nc1ccc(CN2CCN(C(=O)CNC(=O)CC34CC5CC(CC(C5)C3)C4)CC2)cc1,5.1249387366083,Ebola
CHEMBL4574120,CCN(CC)CCCNc1ccnc2c1ccc1c2ccc2c(NCCN3CCOCC3)ccnc21.Cl.Cl.Cl.Cl,5.314258261397736,Ebola
CHEMBL263634,CC(C)(C)OC(=O)N[C@@H](Cc1c[nH]c2ccccc12)C(=O)NNC(=O)OCC(=O)N1CCCc2ccccc21,3.714442690992226,Ebola
CHEMBL5558689,CCCCCN(CC)c1ccc(Oc2ccc(-c3c(C)c(=O)c4c(F)cccc4n3C)cc2F)cc1,8.154901959985743,Ebola
CHEMBL5176722,FC(C1=Nc2ccccc2N=C(c2ccccc2)C1)C(F)(F)F,5.0,Ebola
CHEMBL1655,CN(C)CCOc1ccc(/C(=C(/CCCl)c2ccccc2)c2ccccc2)cc1,6.790484985457369,Ebola
CHEMBL1655,CN(C)CCOc1ccc(/C(=C(/CCCl)c2ccccc2)c2ccccc2)cc1,6.013228265733755,Ebola
CHEMBL4454384,c1cc(NCCCN2CCOCC2)c2nccc(NCCCN3CCOCC3)c2n1,5.0,Ebola
CHEMBL4451043,c1cc(NCCCCN2CCOCC2)c2nccc(NCCCCN3CCOCC3)c2n1,5.649751981665837,Ebola
CHEMBL2323039,COC(=O)c1ccc(COc2ccccc2CN2CCN(C(=O)CNC(=O)CC34CC5CC(CC(C5)C3)C4)CC2)cc1,7.886056647693163,Ebola
CHEMBL4214399,O=C(CC1CCC(F)(F)CC1)NCC(=O)N1CCN(Cc2cc(Cl)ccc2NS(=O)(=O)C2CC2)CC1,5.657577319177793,Ebola
CHEMBL4209297,Nc1ccc(Cl)cc1CN1CCN(C(=O)CNC(=O)C2CC23CCC3)CC1,5.6020599913279625,Ebola
CHEMBL4217000,Nc1ccc(C2CC2)cc1CN1CCN(C(=O)CNC(=O)C2CC23CCC(F)(F)CC3)CC1,5.376750709602099,Ebola
CHEMBL4217113,COC(=O)c1ccc(COc2ccc(F)cc2CN2CCN(C(=O)CNC(=O)CC34CC5CC(CC(C5)C3)C4)CC2)cc1,8.853871964321762,Ebola
CHEMBL4202839,CNS(=O)(=O)c1ccc(COc2ccccc2CN2CCN(C(=O)CNC(=O)CC34CC5CC(CC(C5)C3)C4)CC2)cc1,6.522878745280337,Ebola
CHEMBL4209870,O=C(CC12CC3CC(CC(C3)C1)C2)NCC(=O)N1CCN(Cc2cc(Cl)ccc2O)CC1,6.698970004336019,Ebola
CHEMBL4208401,Nc1ccc(Cl)cc1CN1CCN(C(=O)CNC(=O)CC23CC4CC(CC(C4)C2)C3)CC1,7.045757490560675,Ebola
CHEMBL4215666,O=C(CC12CC3CC(CC(C3)C1)C2)NCC(=O)N1CCN(Cc2cc(Cl)cc(Cl)c2Cl)CC1,6.366531544420414,Ebola
CHEMBL4205782,CS(=O)(=O)c1ccc(COc2ccc(Cl)cc2CN2CCN(C(=O)CNC(=O)C3CC34CCC(F)(F)CC4)CC2)cc1,7.455931955649724,Ebola
CHEMBL4203388,CS(=O)(=O)c1ccc(CNc2ccc(Cl)cc2CN2CCN(C(=O)CNC(=O)C3CC34CCC(F)(F)CC4)CC2)cc1,7.769551078621726,Ebola
CHEMBL6246,O=c1oc2c(O)c(O)cc3c(=O)oc4c(O)c(O)cc1c4c23,5.853871964321762,Ebola
CHEMBL5176722,FC(C1=Nc2ccccc2N=C(c2ccccc2)C1)C(F)(F)F,5.0,Ebola
CHEMBL5593695,CC1CCN(CCC(=O)O[C@H]2C(C)(C)[C@H]3CC[C@]2(C)C3)CC1,5.4089353929735005,Ebola
CHEMBL5590104,CCN1CCN(CCC(=O)O[C@H]2C(C)(C)[C@H]3CC[C@]2(C)C3)CC1,5.091514981121351,Ebola
CHEMBL4435242,CCN(CC)CCNc1ccnc2c(NCCN(CC)CC)ccnc12,4.850472986245652,Ebola
CHEMBL4212614,O=S(=O)(c1cc(Cl)cc(Cl)c1)N1CCCC2=C[C@H]3C[C@H](CN4CCCC[C@H]34)[C@@H]21,4.97469413473523,Ebola
CHEMBL5598387,COC(=O)N1CCN(CC(O)COc2c3c(c(-c4ccc5c(c4)OCO5)c4cc(OC)c(OC)cc24)C(=O)OC3)CC1,7.387216143280264,Ebola
CHEMBL5596191,COc1cc2c(OCCCN3CC4CCC(C3)N4C)c3c(c(-c4ccc5c(c4)OCO5)c2cc1OC)C(=O)OC3,8.0,Ebola
CHEMBL5590879,COc1cc2c(OCCCC#N)c3c(c(-c4ccc5c(c4)OCO5)c2cc1OC)C(=O)OC3,7.431798275933005,Ebola
CHEMBL5596937,COc1cc2c(OCCCN3CC4CCC3CN4C)c3c(c(-c4ccc5c(c4)OCO5)c2cc1OC)C(=O)OC3,8.698970004336019,Ebola
CHEMBL5612846,O=C(Nc1ccc(Cl)cc1)c1ccc(-c2cccc(OC3CCNCC3)c2)s1,5.452225294612178,Ebola
CHEMBL4863829,CC(C)C(=O)OC[C@H]1O[C@@](C#N)(c2ccc3c(N)ncnn23)[C@H](O)[C@@H]1O,5.380906669373257,Ebola
CHEMBL1236524,Nc1ncnc2c([C@@H]3N[C@H](CO)[C@@H](O)[C@H]3O)c[nH]c12,4.928117992693874,Ebola
CHEMBL5614222,O=C(Nc1ccc(N2CCOCC2)cc1)c1ccc(-c2ccccc2OC2CCNCC2)s1,5.013228265733755,Ebola
CHEMBL2323044,O=C(CC12CC3CC(CC(C3)C1)C2)NCC(=O)N1CCN(Cc2cccc(C(F)(F)F)c2)CC1,5.585026652029182,Ebola
CHEMBL2323266,O=C(CC12CC3CC(CC(C3)C1)C2)NCC(=O)N1CCN(Cc2ccccc2O)CC1,5.537602002101044,Ebola
CHEMBL4205619,O=C(NCC(=O)N1CCN(Cc2cc(Cl)ccc2O)CC1)C1CC12CCC(F)(F)CC2,6.7447274948966935,Ebola
CHEMBL1655,CN(C)CCOc1ccc(/C(=C(/CCCl)c2ccccc2)c2ccccc2)cc1,4.910094888560602,Ebola
CHEMBL1655,CN(C)CCOc1ccc(/C(=C(/CCCl)c2ccccc2)c2ccccc2)cc1,5.721246399047171,Ebola
CHEMBL4528226,Nc1ncc(Br)c2c1ncn2C1=CC[C@H](O)[C@@H]1O,4.454569170534649,Ebola
CHEMBL4435242,CCN(CC)CCNc1ccnc2c(NCCN(CC)CC)ccnc12,4.20342566678957,Ebola
CHEMBL4213824,COC(=O)c1ccc(COc2ccccc2CN2CCN(C(=O)CNC(=O)CC3CC34CCCCC4)CC2)cc1,7.136677139879544,Ebola
CHEMBL2323270,O=C(CC12CC3CC(CC(C3)C1)C2)NCC(=O)N1CCN(Cc2ccccn2)CC1,5.070581074285707,Ebola
CHEMBL2323268,COC(=O)c1ccccc1CN1CCN(C(=O)CNC(=O)CC23CC4CC(CC(C4)C2)C3)CC1,5.096910013008056,Ebola
CHEMBL2323267,O=C(CC12CC3CC(CC(C3)C1)C2)NCC(=O)N1CCN(Cc2ccccc2C(F)(F)F)CC1,5.7447274948966935,Ebola
CHEMBL5583989,CC1(C)[C@H]2CC[C@](C)(C2)[C@H]1OC(=O)CN1CCOCC1,4.886056647693163,Ebola
CHEMBL5594482,CC1(C)[C@H]2CC[C@](C)(C2)[C@H]1OC(=O)CCN1CCCCC1,4.769551078621726,Ebola
CHEMBL4541962,COc1ccc(-c2cnc3[nH]cc(NC(=O)c4cccnc4)c3c2)cc1OC,5.372634143407267,Ebola
CHEMBL5414982,O=C(CCNCCC1CCN(Cc2ccccc2)CC1)NN(c1ccccc1)c1ccccc1,7.301029995663981,Ebola
CHEMBL5428579,O=C(CNCCN1CCN(Cc2ccccc2)CC1)NN(c1ccccc1)c1ccccc1,5.663540266151471,Ebola
CHEMBL4174075,COc1cc(-c2cnc3c(N4CCO[C@@H](C)C4)snc3c2)ccc1N,5.564155634015559,Ebola
CHEMBL4159994,COc1cc(-c2cnc3c(N4CCOC(C)C4)snc3c2)ccc1N,5.698752911363789,Ebola
CHEMBL4065616,CCC(CC)COC(=O)[C@H](C)N[P@](=O)(OC[C@H]1O[C@@](C#N)(c2ccc3c(N)ncnn23)[C@H](O)[C@@H]1O)Oc1ccccc1,7.221848749616356,Ebola
CHEMBL4439128,COc1ccc(-c2cnc3[nH]cc(C#Cc4cccnc4)c3c2)cc1OC,5.798602875679548,Ebola
CHEMBL5395403,O=C(CCNCCN1CCN(Cc2ccccc2)CC1)NN(Cc1ccccc1)c1ccccc1,5.440093374963888,Ebola
CHEMBL558805,CN1[C@@H]2CC[C@@H]1CC(OC(c1ccccc1)c1ccccc1)C2,5.09312646527793,Ebola
CHEMBL1008,CC(C)COCC(CN(Cc1ccccc1)c1ccccc1)N1CCCC1,5.29413628771608,Ebola
CHEMBL490,Fc1ccc([C@@H]2CCNC[C@H]2COc2ccc3c(c2)OCO3)cc1,5.860120913598763,Ebola
CHEMBL4065616,CCC(CC)COC(=O)[C@H](C)N[P@](=O)(OC[C@H]1O[C@@](C#N)(c2ccc3c(N)ncnn23)[C@H](O)[C@@H]1O)Oc1ccccc1,7.0655015487564325,Ebola
CHEMBL4093197,CCC(CC)COC(=O)[C@H](C)N[P@](=O)(OCCOCn1cnc(-c2cnc(N)nc2OC)c1)Oc1ccccc1,4.565431095965801,Ebola
CHEMBL4211619,N#Cc1ccc(Br)cc1CN1CCN(C(=O)CNC(=O)CC23CC4CC(CC(C4)C2)C3)CC1,6.508638306165727,Ebola
CHEMBL4215531,O=C(CC12CC3CC(C1)CC(c1ccccc1)(C3)C2)NCC(=O)N1CCN(Cc2ccccc2OCc2ccc(Br)cc2)CC1,6.154901959985743,Ebola
CHEMBL4213290,COC(=O)c1ccc(COc2ccccc2CN2CCN(C(=O)CNC(=O)CC3CC3(C)C)CC2)cc1,6.522878745280337,Ebola
CHEMBL4212571,[2H]C([2H])(c1cc(Cl)ccc1N)N1CCN(C(=O)CNC(=O)CC2CCC(F)(F)CC2)CC1,6.459670525209126,Ebola
CHEMBL4208672,[2H]C([2H])(c1cc(Cl)ccc1N)N1CCN(C(=O)CNC(=O)C2CC23CCC(F)(F)CC3)CC1,7.292429823902063,Ebola
CHEMBL4084735,CCOC(=O)[C@H](Cc1ccccc1)NP(=O)(OC[C@H]1O[C@@](C#N)(c2ccc3c(N)ncnn23)[C@H](O)[C@@H]1O)Oc1ccccc1,6.568636235841012,Ebola
CHEMBL4064050,CC(C)OC(=O)[C@H](C)NP(=O)(OC[C@H]1O[C@@](C#N)(c2ccc3c(N)ncnn23)[C@H](O)[C@@H]1O)Oc1ccccc1,6.435333935747911,Ebola
CHEMBL4093197,CCC(CC)COC(=O)[C@H](C)N[P@](=O)(OCCOCn1cnc(-c2cnc(N)nc2OC)c1)Oc1ccccc1,4.537602002101044,Ebola
CHEMBL3596788,COc1nc(N)ncc1-c1cn(COCCO)cn1,5.657577319177793,Ebola
CHEMBL4065538,COc1nc(N)ncc1-c1cn(COCCOC(C)=O)cn1,4.698970004336019,Ebola
CHEMBL2323039,COC(=O)c1ccc(COc2ccccc2CN2CCN(C(=O)CNC(=O)CC34CC5CC(CC(C5)C3)C4)CC2)cc1,6.886056647693163,Ebola
CHEMBL4204421,O=C(CC12CC3CC(CC(C3)C1)C2)NCC(=O)N1CCN(Cc2cc(Cl)c(F)cc2F)CC1,6.431798275933005,Ebola
CHEMBL4213070,CS(=O)(=O)c1ccc(COc2ccc(Cl)cc2CN2CCN(C(=O)CNC(=O)CC3CCC(F)(F)CC3)CC2)cc1,7.42021640338319,Ebola
CHEMBL4208258,CS(=O)(=O)c1ccc(CNc2ccc(Cl)cc2CN2CCN(C(=O)CNC(=O)CC3CCC(F)(F)CC3)CC2)cc1,7.552841968657781,Ebola
CHEMBL4205782,CS(=O)(=O)c1ccc(COc2ccc(Cl)cc2CN2CCN(C(=O)CNC(=O)C3CC34CCC(F)(F)CC4)CC2)cc1,6.853871964321762,Ebola
CHEMBL5395997,CN1CCN(CCC(=O)NN(c2ccccc2)c2ccccc2)CC1,6.568636235841012,Ebola
CHEMBL5402943,O=C(CNCCC1CCN(Cc2ccccc2)CC1)NN(Cc1ccccc1)c1ccccc1,5.978810700930062,Ebola
CHEMBL4209473,O=C(CC1CCC(F)(F)CC1)NCC(=O)N1CCN(Cc2cc(Cl)cc(F)c2O)CC1,5.552841968657781,Ebola
CHEMBL4586014,Nc1ncnc2c(C[C@@H]3N[C@H](CO)[C@@H](O)[C@H]3O)c[nH]c12,5.468521082957745,Ebola
CHEMBL4206118,COS(=O)(=O)c1ccc(COc2ccc(F)cc2CN2CCN(C(=O)CNC(=O)CC34CC5CC(CC(C5)C3)C4)CC2)cc1,8.301029995663981,Ebola
CHEMBL4210142,NC(=O)c1ccc(COc2ccccc2CN2CCN(C(=O)CNC(=O)CC34CC5CC(CC(C5)C3)C4)CC2)cc1,6.154901959985743,Ebola
CHEMBL4209367,O=C(CC12CC3CC(CC(C3)C1)C2)NCC(=O)N1CCN(Cc2cc(Br)ccc2F)CC1,5.920818753952375,Ebola
CHEMBL4218620,[2H]C([2H])(c1cc(Cl)ccc1NCc1ccc(S(C)(=O)=O)cc1)N1CCN(C(=O)CNC(=O)C2CC23CCC(F)(F)CC3)CC1,6.962573502059376,Ebola
CHEMBL2323039,COC(=O)c1ccc(COc2ccccc2CN2CCN(C(=O)CNC(=O)CC34CC5CC(CC(C5)C3)C4)CC2)cc1,7.1938200260161125,Ebola
CHEMBL4205782,CS(=O)(=O)c1ccc(COc2ccc(Cl)cc2CN2CCN(C(=O)CNC(=O)C3CC34CCC(F)(F)CC4)CC2)cc1,6.6777807052660805,Ebola
CHEMBL2323039,COC(=O)c1ccc(COc2ccccc2CN2CCN(C(=O)CNC(=O)CC34CC5CC(CC(C5)C3)C4)CC2)cc1,6.795880017344075,Ebola
CHEMBL4216072,O=C(CC12CC3CC(CC(Cl)(C3)C1)C2)NCC(=O)N1CCN(Cc2ccccc2OCc2ccc(Br)cc2)CC1,6.301029995663981,Ebola
CHEMBL415,CN(C)CCCN1c2ccccc2CCc2ccc(Cl)cc21,4.987162775294828,Ebola
CHEMBL1655,CN(C)CCOc1ccc(/C(=C(/CCCl)c2ccccc2)c2ccccc2)cc1,6.823908740944319,Ebola
CHEMBL221722,NC(=O)c1nc(F)cnc1O,4.173925197299173,Ebola
CHEMBL4065616,CCC(CC)COC(=O)[C@H](C)N[P@](=O)(OC[C@H]1O[C@@](C#N)(c2ccc3c(N)ncnn23)[C@H](O)[C@@H]1O)Oc1ccccc1,6.769551078621726,Ebola
CHEMBL4065616,CCC(CC)COC(=O)[C@H](C)N[P@](=O)(OC[C@H]1O[C@@](C#N)(c2ccc3c(N)ncnn23)[C@H](O)[C@@H]1O)Oc1ccccc1,7.0,Ebola
CHEMBL3120789,CCC(CC)COC(=O)[C@H](C)NP(=O)(OC[C@H]1O[C@@](C#N)(c2ccc3c(N)ncnn23)[C@](C)(O)[C@@H]1O)Oc1ccccc1,4.568636235841012,Ebola
CHEMBL4090912,CCC(CC)COC(=O)[C@@H](C)NP(=O)(OC[C@H]1O[C@@](C#N)(c2ccc3c(N)ncnn23)[C@H](O)[C@@H]1O)Oc1ccccc1,6.259637310505756,Ebola
CHEMBL3120789,CCC(CC)COC(=O)[C@H](C)NP(=O)(OC[C@H]1O[C@@](C#N)(c2ccc3c(N)ncnn23)[C@](C)(O)[C@@H]1O)Oc1ccccc1,4.886056647693163,Ebola
CHEMBL4064050,CC(C)OC(=O)[C@H](C)NP(=O)(OC[C@H]1O[C@@](C#N)(c2ccc3c(N)ncnn23)[C@H](O)[C@@H]1O)Oc1ccccc1,6.527243550682788,Ebola
CHEMBL4204116,COC(=O)c1ccc(/C=C/c2ccccc2CN2CCN(C(=O)CNC(=O)CC34CC5CC(CC(C5)C3)C4)CC2)cc1,5.823908740944319,Ebola
CHEMBL2323039,COC(=O)c1ccc(COc2ccccc2CN2CCN(C(=O)CNC(=O)CC34CC5CC(CC(C5)C3)C4)CC2)cc1,6.552841968657781,Ebola
CHEMBL4205782,CS(=O)(=O)c1ccc(COc2ccc(Cl)cc2CN2CCN(C(=O)CNC(=O)C3CC34CCC(F)(F)CC4)CC2)cc1,6.376750709602099,Ebola
CHEMBL1256768,N=C(N)c1ccc2oc(/C=C/c3nc4cc(C(=N)N)ccc4[nH]3)cc2c1,6.017728766960432,Ebola
CHEMBL4452787,Cl.Cl.Cl.Cl.OC(CNc1ccnc2c1ccc1c2ccc2c(NCCN3CCOCC3)ccnc21)CN1CCOCC1,5.455931955649724,Ebola
CHEMBL3425867,COc1cc(-c2cnc3c(N4CCOCC4)snc3c2)ccc1N,4.659357622439295,Ebola
CHEMBL4213694,Nc1ccc(Cl)cc1CN1CCN(C(=O)CNC(=O)C2CC23CCC(F)(F)CC3)CC1,7.0,Ebola
CHEMBL4216746,COC(=O)c1ccc(COc2ccccc2CN2CCN(C(=O)CNC(=O)CC3(C)CCCCC3)CC2)cc1,7.096910013008056,Ebola
CHEMBL5077949,CCCCCCCCCCOCCC(=O)O[C@@H]1[C@H](O)[C@@H](CO[P@@](=O)(N[C@H](C)C(=O)OCC(CC)CC)Oc2ccccc2)O[C@@]1(C#N)c1ccc2c(N)ncnn12,6.522878745280337,Ebola
CHEMBL5086796,CCC(CC)COC(=O)[C@@H](C)N[P@](=O)(OC[C@H]1O[C@@](C#N)(c2ccc3c(N)ncnn23)[C@H](OC(=O)CCCCCCCCCCCN=[N+]=[N-])[C@@H]1O)Oc1ccccc1,6.301029995663981,Ebola
CHEMBL5079736,CCCCCCCCCCOCCC(=O)O[C@H]1[C@@H](O)[C@](C#N)(c2ccc3c(N)ncnn23)O[C@@H]1CO[P@@](=O)(N[C@H](C)C(=O)OCC(CC)CC)Oc1ccccc1,6.795880017344075,Ebola
CHEMBL3334764,Nc1ncnc2c1ncn2C1=C[C@@H](CO)[C@H](O)[C@@H]1O,6.119186407719209,Ebola
CHEMBL4098638,CCC(CC)OC(=O)[C@H](C)NP(=O)(N[C@@H](C)C(=O)OC(CC)CC)OC[C@H]1O[C@@](C#N)(c2ccc3c(N)ncnn23)[C@H](O)[C@@H]1O,6.013228265733755,Ebola
CHEMBL4099554,CCC(CC)OC(=O)[C@H](C)NP(=O)(OC[C@H]1O[C@@](C#N)(c2ccc3c(N)ncnn23)[C@H](O)[C@@H]1O)Oc1ccccc1,6.073143291050307,Ebola
CHEMBL4211136,CN(C)S(=O)(=O)c1ccc(COc2ccccc2CN2CCN(C(=O)CNC(=O)CC34CC5CC(CC(C5)C3)C4)CC2)cc1,6.3979400086720375,Ebola
CHEMBL4203875,O=C(CC12CC3CC(CC(C3)C1)C2)NCC(=O)N1CCN(Cc2cc(Cl)cc(F)c2F)CC1,6.173925197299173,Ebola
CHEMBL5198546,O=C(N[C@H](/C=C/S(=O)(=O)c1ccccc1)CCc1ccccc1)[C@H](Cc1ccccc1)NC(=O)N1CCN(c2ccccc2)CC1,10.397940008672036,Ebola
CHEMBL5183759,C=C(C)O[C@@H]1[C@@H](OC(C)=O)[C@H](NC(=O)[C@]23CCC(C)(C)C[C@H]2C2=CC[C@@H]4[C@@]5(C)CCC(=O)C(C)(C)[C@@H]5CC[C@@]4(C)[C@]2(C)CC3=O)O[C@H](COC(C)=O)[C@@H]1OC(C)=O,7.22767829327708,Ebola
CHEMBL221722,NC(=O)c1nc(F)cnc1O,3.958607314841775,Ebola
CHEMBL263634,CC(C)(C)OC(=O)N[C@@H](Cc1c[nH]c2ccccc12)C(=O)NNC(=O)OCC(=O)N1CCCc2ccccc21,6.714442690992226,Ebola
CHEMBL4065538,COc1nc(N)ncc1-c1cn(COCCOC(C)=O)cn1,4.356547323513812,Ebola
CHEMBL4065616,CCC(CC)COC(=O)[C@H](C)N[P@](=O)(OC[C@H]1O[C@@](C#N)(c2ccc3c(N)ncnn23)[C@H](O)[C@@H]1O)Oc1ccccc1,7.275724130399211,Ebola
CHEMBL3120793,CC(C)OC(=O)[C@H](C)N[P@+]([O-])(OC[C@H]1O[C@@](C#N)(c2ccc3c(N)ncnn23)[C@](C)(O)[C@@H]1OC(=O)C(C)C)Oc1ccccc1,4.3979400086720375,Ebola
CHEMBL4061258,CCC(CC)COC(=O)[C@H](C)N[P@@](=O)(OC[C@H]1O[C@@](C#N)(c2ccc3c(N)ncnn23)[C@H](O)[C@@H]1O)Oc1ccccc1,7.275724130399211,Ebola
CHEMBL5613994,O=C(Nc1cccc(Cl)c1)c1ccc(-c2ccccc2OC2CCNCC2)s1,5.332547047110046,Ebola
CHEMBL4065616,CCC(CC)COC(=O)[C@H](C)N[P@](=O)(OC[C@H]1O[C@@](C#N)(c2ccc3c(N)ncnn23)[C@H](O)[C@@H]1O)Oc1ccccc1,7.154901959985743,Ebola
CHEMBL2059155,Nc1ncc(Br)c2c1ncn2[C@@H]1C=C(CO)[C@@H](O)[C@H]1O,5.519993057042849,Ebola
CHEMBL4439128,COc1ccc(-c2cnc3[nH]cc(C#Cc4cccnc4)c3c2)cc1OC,5.798602875679548,Ebola
CHEMBL4093434,CCOC(=O)[C@H](C)NP(=O)(OC[C@H]1O[C@@](C#N)(c2ccc3c(N)ncnn23)[C@H](O)[C@@H]1O)Oc1ccccc1,5.615288257061717,Ebola
CHEMBL4072649,C[C@H](NP(=O)(OC[C@H]1O[C@@](C#N)(c2ccc3c(N)ncnn23)[C@H](O)[C@@H]1O)Oc1ccccc1)C(=O)OC1CCCC1,6.198596289982645,Ebola
CHEMBL1256768,N=C(N)c1ccc2oc(/C=C/c3nc4cc(C(=N)N)ccc4[nH]3)cc2c1,6.481486060122112,Ebola
CHEMBL5275329,CCN(CC)Cc1cc(Nc2ccnc3cc(I)ccc23)ccc1O,6.1938200260161125,Ebola
CHEMBL4218620,[2H]C([2H])(c1cc(Cl)ccc1NCc1ccc(S(C)(=O)=O)cc1)N1CCN(C(=O)CNC(=O)C2CC23CCC(F)(F)CC3)CC1,7.67778070526608,Ebola
CHEMBL1236524,Nc1ncnc2c([C@@H]3N[C@H](CO)[C@@H](O)[C@H]3O)c[nH]c12,5.522878745280337,Ebola
CHEMBL4207713,NS(=O)(=O)c1ccc(COc2ccccc2CN2CCN(C(=O)CNC(=O)CC34CC5CC(CC(C5)C3)C4)CC2)cc1,6.455931955649724,Ebola
CHEMBL4214271,O=C(CC12CC3CC(CC(C3)C1)C2)NCC(=O)N1CCN(Cc2cc(Br)ccc2Cl)CC1,5.657577319177793,Ebola
CHEMBL4093197,CCC(CC)COC(=O)[C@H](C)N[P@](=O)(OCCOCn1cnc(-c2cnc(N)nc2OC)c1)Oc1ccccc1,5.154901959985743,Ebola
CHEMBL5181012,CCCN1CCN(C(=O)N[C@@H](Cc2ccccc2)C(=O)N[C@H](/C=C/S(=O)(=O)c2ccccc2)CCc2ccccc2)CC1,10.397940008672036,Ebola
CHEMBL4172550,COc1cc(-c2cnc3c(N4C[C@@H](C)O[C@@H](C)C4)snc3c2)ccc1N,5.111708154643485,Ebola
CHEMBL4159994,COc1cc(-c2cnc3c(N4CCOC(C)C4)snc3c2)ccc1N,5.104301273040695,Ebola
CHEMBL4563048,Clc1ccc2c(NCCCCNc3ccnc4cccnc34)ccnc2c1,5.542118103266008,Ebola
CHEMBL4445585,Cl.Cl.Cl.Cl.c1cc(NCCCCN2CCOCC2)c2ccc3c(ccc4c(NCCN5CCOCC5)ccnc43)c2n1,6.6777807052660805,Ebola
CHEMBL3754027,Nc1ncc(Br)c2c1ncn2C1=C[C@@H](CO)[C@H](O)[C@@H]1O,5.454692883534176,Ebola
CHEMBL4174075,COc1cc(-c2cnc3c(N4CCO[C@@H](C)C4)snc3c2)ccc1N,5.093557206182968,Ebola
CHEMBL76,CCN(CC)CCCC(C)Nc1ccnc2cc(Cl)ccc12,4.795880017344075,Ebola
CHEMBL4467176,CCN(CC)CCCNc1ccnc2cccnc12,5.0,Ebola
CHEMBL4452787,Cl.Cl.Cl.Cl.OC(CNc1ccnc2c1ccc1c2ccc2c(NCCN3CCOCC3)ccnc21)CN1CCOCC1,6.221848749616356,Ebola
CHEMBL4465489,Cl.Cl.NCCCCNc1ccnc2c1ccc1c2ccc2c(NCCCCN)ccnc21,5.0,Ebola
CHEMBL4277261,Nc1ccnc2c1ncn2[C@@H]1C=C(CO)[C@@H](O)[C@H]1O,5.3979400086720375,Ebola
CHEMBL4744269,COc1ncc(-c2cnn(COCCOC(C)=O)c2)c(OC)n1,5.086186147616283,Ebola
CHEMBL1655,CN(C)CCOc1ccc(/C(=C(/CCCl)c2ccccc2)c2ccccc2)cc1,7.045757490560675,Ebola
CHEMBL7568,CCN(CC)CCCC(C)Nc1c2ccc(Cl)cc2nc2ccc(OC)cc12,5.978810700930062,Ebola
CHEMBL4589472,CCN(CC)CCCC(C)Nc1ccnc2c(NC(C)CCCN(CC)CC)ccnc12,6.107905397309519,Ebola
CHEMBL4451043,c1cc(NCCCCN2CCOCC2)c2nccc(NCCCCN3CCOCC3)c2n1,5.00436480540245,Ebola
CHEMBL4472278,Cl.Cl.Cl.Cl.c1cc(NCCN2CCOCC2)c2ccc3c(ccc4c(NCCN5CCOCC5)ccnc43)c2n1,5.866461091629782,Ebola
CHEMBL4065616,CCC(CC)COC(=O)[C@H](C)N[P@](=O)(OC[C@H]1O[C@@](C#N)(c2ccc3c(N)ncnn23)[C@H](O)[C@@H]1O)Oc1ccccc1,6.113509274827518,Ebola
CHEMBL2323039,COC(=O)c1ccc(COc2ccccc2CN2CCN(C(=O)CNC(=O)CC34CC5CC(CC(C5)C3)C4)CC2)cc1,6.795880017344075,Ebola
CHEMBL809,CN[C@H]1CC[C@@H](c2ccc(Cl)c(Cl)c2)c2ccccc21,5.504455662453552,Ebola
CHEMBL4163357,COc1cc(-c2cnc3c(N4CCO[C@H](C)C4)snc3c2)ccc1N,5.362010219215315,Ebola
CHEMBL3425867,COc1cc(-c2cnc3c(N4CCOCC4)snc3c2)ccc1N,4.925915310971757,Ebola
CHEMBL4550796,CCN(CC)CCCNc1ccnc2c(NCCCN(CC)CC)ccnc12,5.31695296176115,Ebola
CHEMBL4574120,CCN(CC)CCCNc1ccnc2c1ccc1c2ccc2c(NCCN3CCOCC3)ccnc21.Cl.Cl.Cl.Cl,6.102372908709558,Ebola
CHEMBL4589472,CCN(CC)CCCC(C)Nc1ccnc2c(NC(C)CCCN(CC)CC)ccnc12,5.325138859262188,Ebola
CHEMBL4472278,Cl.Cl.Cl.Cl.c1cc(NCCN2CCOCC2)c2ccc3c(ccc4c(NCCN5CCOCC5)ccnc43)c2n1,6.259637310505756,Ebola
CHEMBL4285221,Nc1cccc2c1ncn2[C@@H]1C=C(CO)[C@@H](O)[C@H]1O,5.698970004336019,Ebola
CHEMBL535,CCN(CC)CCNC(=O)c1c(C)[nH]c(/C=C2\C(=O)Nc3ccc(F)cc32)c1C,6.327902142064283,Ebola
CHEMBL5594239,CN(C)C1CCN(C(=O)c2cc3occc3n2C(=O)OCc2ccccc2)CC1,5.774690718274137,Ebola
CHEMBL4203855,O=C(CC12CC3(F)CC(F)(CC(F)(C3)C1)C2)NCC(=O)N1CCN(Cc2ccccc2OCc2ccc(Br)cc2)CC1,6.698970004336019,Ebola
CHEMBL4208035,O=C(CC1CCC(F)(F)CC1)NCC(=O)N1CCN(Cc2cc(Cl)ccc2NC(=O)C2CC2)CC1,5.455931955649724,Ebola
CHEMBL4216089,O=C(CC12CC3CC(CC(C3)C1)C2)NCC(=O)N1CCN(Cc2c(F)ccc(Cl)c2F)CC1,5.8696662315049934,Ebola
CHEMBL4206732,NC(=O)c1ccc(Cl)cc1CN1CCN(C(=O)CNC(=O)CC23CC4CC(CC(C4)C2)C3)CC1,5.721246399047171,Ebola
CHEMBL4217574,Clc1ccc(CCCN2CCCC3=C[C@H]4C[C@H](CN5CCCC[C@H]45)[C@@H]32)cc1,5.1487416512809245,Ebola
CHEMBL4211002,O=C(c1ccc(Cl)cc1)N1CCCC2=C[C@H]3C[C@H](CN4CCCC[C@H]34)[C@@H]21,4.467245621007502,Ebola
CHEMBL4202702,COc1cccc(CN2CCCC3=C[C@H]4C[C@H](CN5CCCC[C@H]45)[C@@H]32)c1,4.91721462968355,Ebola
CHEMBL4205951,Clc1ccc(CN2CCCC3=C[C@H]4C[C@H](CN5CCCC[C@H]45)[C@@H]32)cc1,4.924453038607469,Ebola
CHEMBL5092860,CCSCCCCCCCCCCCC(=O)O[C@H]1[C@@H](O)[C@](C#N)(c2ccc3c(N)ncnn23)O[C@@H]1CO[P@@](=O)(N[C@H](C)C(=O)OCC(CC)CC)Oc1ccccc1,6.552841968657781,Ebola
CHEMBL5086796,CCC(CC)COC(=O)[C@@H](C)N[P@](=O)(OC[C@H]1O[C@@](C#N)(c2ccc3c(N)ncnn23)[C@H](OC(=O)CCCCCCCCCCCN=[N+]=[N-])[C@@H]1O)Oc1ccccc1,6.721246399047171,Ebola
CHEMBL1773163,Cc1cc(NCCCN2CCCCC2)c2ccc3c(ccc4c(NCCCN5CCCCC5)cc(C)nc43)c2n1.Cl,5.301029995663981,Ebola
CHEMBL1773165,Cc1cc(NCCCN2CCOCC2)c2ccc3c(ccc4c(NCCCN5CCOCC5)cc(C)nc43)c2n1.Cl,5.6020599913279625,Ebola
CHEMBL4065616,CCC(CC)COC(=O)[C@H](C)N[P@](=O)(OC[C@H]1O[C@@](C#N)(c2ccc3c(N)ncnn23)[C@H](O)[C@@H]1O)Oc1ccccc1,6.853871964321762,Ebola
CHEMBL4205398,COC(=O)c1ccc(COc2ccc(Cl)cc2CN2CCN(C(=O)CNC(=O)CC34CC5CC(CC(C5)C3)C4)CC2)cc1,8.958607314841775,Ebola
CHEMBL5593168,CC(C)N1CCN(C(=O)c2cc3sccc3n2Cc2ccc(Cl)cc2)CC1,5.2335871528876,Ebola
CHEMBL5593153,CN(C)C1CCN(C(=O)c2cc3occc3n2Cc2ccc(Cl)cc2)CC1,5.20690839982342,Ebola
CHEMBL5591328,COc1ccc(Cn2c(C(=O)N3CCC(N(C)C)CC3)cc3ccccc32)cc1,6.265200170411153,Ebola
CHEMBL5612941,O=C(Nc1ccccc1)c1ccc(-c2ccc(OC3CCNCC3)cc2)s1,5.088309841246139,Ebola
CHEMBL5612525,O=C(Nc1ccccc1)c1ccc(-c2cccc(OC3CCNCC3)c2)o1,5.082494490447454,Ebola
CHEMBL4563048,Clc1ccc2c(NCCCCNc3ccnc4cccnc34)ccnc2c1,4.886056647693163,Ebola
CHEMBL5612511,O=C(NCCc1ccccc1)c1ccc(-c2cccc(OC3CCNCC3)c2)s1,5.275724130399211,Ebola
CHEMBL490,Fc1ccc([C@@H]2CCNC[C@H]2COc2ccc3c(c2)OCO3)cc1,5.127843727251707,Ebola
CHEMBL4101182,CCOC(=O)[C@@H](NP(=O)(OC[C@H]1O[C@@](C#N)(c2ccc3c(N)ncnn23)[C@H](O)[C@@H]1O)Oc1ccccc1)C(C)C,5.152427340857888,Ebola
CHEMBL4090912,CCC(CC)COC(=O)[C@@H](C)NP(=O)(OC[C@H]1O[C@@](C#N)(c2ccc3c(N)ncnn23)[C@H](O)[C@@H]1O)Oc1ccccc1,6.285670240254767,Ebola
CHEMBL4441098,Cc1[nH]nc(-c2ccc(OCCN3CCC(C(N)=O)CC3)cc2O)c1-c1ccc(Cl)cc1,7.301029995663981,Ebola
CHEMBL5593581,CN(C)C1CCN(C(=O)c2cc3ccccc3n2Cc2cccnc2)CC1,5.275724130399211,Ebola
CHEMBL2323049,O=C(CC12CC3CC(CC(C3)C1)C2)NCC(=O)N1CCN(Cc2ccc(Br)cc2)CC1,5.494850021680094,Ebola
CHEMBL4743872,CCOP(=O)(Cc1ccc(COc2ccccc2OC2CCN(Cc3ccc4nc(-c5ccc(C(F)(F)F)cc5)[nH]c4c3)CC2)cc1)OCC,5.761953896871205,Ebola
CHEMBL4741050,CCOP(=O)(Cc1cccc(COc2ccccc2OC2CCN(Cc3ccc4nc(-c5ccc(C(F)(F)F)cc5)[nH]c4c3)CC2)c1)OCC,5.058985756294431,Ebola
CHEMBL4764870,CCOP(=O)(Cc1cccc(COc2ccccc2CC2CCN(Cc3ccc4nc(-c5ccc(C(F)(F)F)cc5)[nH]c4c3)CC2)c1)OCC,5.804100347590766,Ebola
CHEMBL2323273,O=C(CC12CC3CC(CC(C3)C1)C2)NCC(=O)N1CCN(Cc2cccc(Br)c2)CC1,6.0,Ebola
CHEMBL2323264,O=C(CC12CC3CC(CC(C3)C1)C2)NCC(=O)N1CCN(Cc2ccccc2Br)CC1,5.468521082957745,Ebola
CHEMBL2323262,O=C(CC12CC3CC(CC(C3)C1)C2)NCC(=O)N1CCN(Cc2ccccc2OCc2ccccc2)CC1,5.698970004336019,Ebola
CHEMBL2323256,CC(OCc1ccccc1)C(NC(=O)CC12CC3CC(CC(C3)C1)C2)C(=O)N1CCN(Cc2ccccc2)CC1,4.537602002101044,Ebola
CHEMBL5593153,CN(C)C1CCN(C(=O)c2cc3occc3n2Cc2ccc(Cl)cc2)CC1,5.978810700930062,Ebola
CHEMBL5593953,O=C(Nc1ccc(N2CCC(F)(F)CC2)cc1)c1cc2occc2n1Cc1ccc(Cl)cc1,4.931814138253838,Ebola
CHEMBL1655,CN(C)CCOc1ccc(/C(=C(/CCCl)c2ccccc2)c2ccccc2)cc1,6.698970004336019,Ebola
CHEMBL1650595,NCC(=O)Nc1ccc(-n2nc(C(F)(F)F)cc2-c2ccc3c(ccc4ccccc43)c2)cc1,6.522878745280337,Ebola
CHEMBL5584196,CN(C)C1CCN(C(=O)c2cc3ccccc3n2Cc2ccc(F)cc2)CC1,6.343901797987169,Ebola
CHEMBL5589828,CN(C)C1CCN(C(=O)c2cc3ccccc3n2Cc2ccncc2)CC1,3.790484985457369,Ebola
CHEMBL5594342,CN(C)C1CCN(C(=O)c2cc3ccccc3n2C)CC1,4.782516055786093,Ebola
CHEMBL5589753,CN(C)CCNC(=O)c1cn(Cc2ccc(F)cc2)c2ccccc12,5.522878745280337,Ebola
CHEMBL5593065,CN(C)C1CCN(C(=O)c2cn(Cc3ccc(F)cc3)c3ccccc23)CC1,5.5951662833800615,Ebola
CHEMBL5591817,CN(C)C1CCN(C(=O)c2cn(Cc3ccccc3)c3ccccc23)CC1,5.546681659952962,Ebola
CHEMBL5597227,COc1cc2c(OCCCN3CCN(C)C(=O)C3)c3c(c(-c4ccc5c(c4)OCO5)c2cc1OC)C(=O)OC3,7.130768280269024,Ebola
CHEMBL5590448,COc1cc2c(OCCN3CCN(C)CC3)c3c(c(-c4ccc5c(c4)OCO5)c2cc1OC)C(=O)OC3,7.443697499232712,Ebola
CHEMBL5597937,COc1cc2c(OCC(O)CN3CCOCC3)c3c(c(-c4ccc5c(c4)OCO5)c2cc1OC)C(=O)OC3,6.804100347590766,Ebola
CHEMBL5596254,COc1cc2c(OCCCN3CC4CC3CO4)c3c(c(-c4ccc5c(c4)OCO5)c2cc1OC)C(=O)OC3,7.318758762624412,Ebola
CHEMBL5596788,COc1cc2c(OC3CCOC3)c3c(c(-c4ccc5c(c4)OCO5)c2cc1OC)C(=O)OC3,7.397940008672037,Ebola
CHEMBL5597260,COc1cc2c(OC3CNC3)c3c(c(-c4ccc5c(c4)OCO5)c2cc1OC)C(=O)OC3,6.669586226650809,Ebola
CHEMBL5590402,COc1cc2c(OC3CCNCC3)c3c(c(-c4ccc5c(c4)OCO5)c2cc1OC)C(=O)OC3,7.494850021680094,Ebola
CHEMBL5590448,COc1cc2c(OCCN3CCN(C)CC3)c3c(c(-c4ccc5c(c4)OCO5)c2cc1OC)C(=O)OC3,7.522878745280337,Ebola
CHEMBL5398314,O=C(CCNCCC1CCN(Cc2ccccc2)CC1)Nn1c2ccccc2c2ccccc21,6.795880017344075,Ebola
CHEMBL5416183,O=C(CCN1CCCC1)Nn1c2ccccc2c2ccccc21,5.889410289700751,Ebola
CHEMBL5424648,CN1CCN(CCC(=O)Nn2c3ccccc3c3ccccc32)CC1,5.619788758288394,Ebola
CHEMBL5590535,CN(C)CCNC(=O)c1cc2ccccc2n1Cc1ccc(F)cc1,5.4698003017969175,Ebola
CHEMBL5594358,O=C(c1cc2ccccc2n1Cc1ccccc1)N1CCCCC1,5.040481623027002,Ebola
CHEMBL5594941,CN(C)CCNC(=O)c1cc2ccccc2n1Cc1ccc(-c2ccccc2)cc1,5.557520230935552,Ebola
CHEMBL5594836,CN(C)C1CCN(C(=O)c2cc3sccc3n2Cc2ccc(Cl)cc2)CC1,6.046240308266771,Ebola
CHEMBL5592919,CN1CCCN(C(=O)c2cc3sccc3n2Cc2ccc(Cl)cc2)CC1,5.380906669373257,Ebola
CHEMBL5595187,CN1CCCN(C(=O)c2cc3occc3n2Cc2cccc(C(F)(F)F)c2)CC1,5.761953896871205,Ebola
CHEMBL5593252,CN(C)CCNC(=O)c1cc2occc2n1Cc1ccc(F)cc1,5.581698708680254,Ebola
CHEMBL5583881,CN(C)CCNC(=O)c1cc2occc2n1Cc1ccc(Cl)cc1,5.8996294548824375,Ebola
CHEMBL5593540,CN(C)C1CCN(C(=O)c2cc3occc3n2Cc2ccc(F)cc2)CC1,5.405607449624573,Ebola
CHEMBL5593948,CN(C)CCNC(=O)c1cn(Cc2ccccc2)c2ccccc12,5.484126156288321,Ebola
CHEMBL5595942,CC1(C)[C@H]2CC[C@](C)(C2)[C@H]1OC(=O)CCN1CCOCC1,4.237321436272564,Ebola
CHEMBL5593073,CC1(C)[C@H]2CC[C@](C)(C2)[C@H]1OC(=O)CN1CCCCC1,4.767003889607846,Ebola
CHEMBL5595048,C[C@@H]1[C@H]2C[C@@H](C[C@H]1OC(=O)CN1CCOCC1)C2(C)C,3.9746941347352296,Ebola
CHEMBL5591011,C[C@@H]1[C@H]2C[C@@H](C[C@H]1OC(=O)CCN1CCN(c3ccccc3)CC1)C2(C)C,4.267606240177031,Ebola
CHEMBL5592622,C[C@@H]1[C@H]2C[C@@H](C[C@H]1OC(=O)CN1CCN(C)CC1)C2(C)C,5.167491087293763,Ebola
CHEMBL4789633,CCOP(=O)(Cc1cccc(COc2ccccc2CC2CCN(Cc3ccc4nc(-c5cccc(OC(F)(F)F)c5)[nH]c4c3)CC2)c1)OCC,6.060480747381382,Ebola
CHEMBL4763942,CCOP(=O)(Cc1cccc(COc2ccccc2CC2CCN(Cc3ccc4nc(-c5cccc(C(F)(F)F)c5)[nH]c4c3)CC2)c1)OCC,5.853871964321762,Ebola
CHEMBL5611967,O=C(Nc1cccc(Cl)c1)c1ccc(-c2cccc(OC3CCNCC3)c2)s1,5.1249387366083,Ebola
CHEMBL5612505,O=C(Nc1cccc(Cl)c1)c1ccc(-c2ccc(OC3CCNCC3)cc2)s1,5.101823516502323,Ebola
CHEMBL5612845,O=C(Nc1ccccc1)c1ccc(-c2cccc(OC3CCNCC3)c2)s1,5.1432711096171175,Ebola
CHEMBL5595489,CN(C)CCNC(=O)c1cc2ccccc2n1Cc1ccc(Cl)cc1,5.45717457304082,Ebola
CHEMBL5593688,CN(C)CCNC(=O)c1cc2ccccc2n1Cc1ccccc1,5.562249437179612,Ebola
CHEMBL1655,CN(C)CCOc1ccc(/C(=C(/CCCl)c2ccccc2)c2ccccc2)cc1,6.790484985457369,Ebola
CHEMBL2016757,N#C[C@@]1(c2ccc3c(N)ncnn23)O[C@H](CO)[C@@H](O)[C@H]1O,5.823908740944319,Ebola
CHEMBL4445585,Cl.Cl.Cl.Cl.c1cc(NCCCCN2CCOCC2)c2ccc3c(ccc4c(NCCN5CCOCC5)ccnc43)c2n1,6.585026652029182,Ebola
CHEMBL4795234,CCOP(=O)(Cc1cccc(COc2ccccc2OC2CCN(Cc3ccc4nc(-c5ccc(OC(F)(F)F)cc5)[nH]c4c3)CC2)c1)OCC,5.705533773838408,Ebola
CHEMBL5169358,COc1ccc(S(=O)(=O)N(CC(=O)Nc2ccccc2-c2ccccc2)c2ccc(C)cc2)cc1,5.0655015487564325,Ebola
CHEMBL5193528,CCOc1ccc(NC(=O)CSc2nnc(COc3cccc(N(C)C)c3)n2-c2ccccc2)cc1,4.590066876668706,Ebola
CHEMBL5197749,O=C(CN1CCCC1)NNc1ccccc1Sc1cc(Cl)ccc1[N+](=O)[O-],5.690369832574101,Ebola
CHEMBL5171151,CCN(CC)CC(=O)NNc1ccccc1Sc1cc(Cl)ccc1[N+](=O)[O-],5.328827157284917,Ebola
CHEMBL415,CN(C)CCCN1c2ccccc2CCc2ccc(Cl)cc21,4.943095148663527,Ebola
CHEMBL11,CN(C)CCCN1c2ccccc2CCc2ccccc21,4.863279432843593,Ebola
CHEMBL4065616,CCC(CC)COC(=O)[C@H](C)N[P@](=O)(OC[C@H]1O[C@@](C#N)(c2ccc3c(N)ncnn23)[C@H](O)[C@@H]1O)Oc1ccccc1,7.920818753952375,Ebola
CHEMBL221722,NC(=O)c1nc(F)cnc1O,4.173925197299173,Ebola
CHEMBL1236524,Nc1ncnc2c([C@@H]3N[C@H](CO)[C@@H](O)[C@H]3O)c[nH]c12,4.928117992693874,Ebola
CHEMBL4206756,Clc1ccc(CCCN2CCCC3=C[C@H]4C[C@H](CN5CCCC[C@H]45)[C@@H]32)cc1Cl,5.236572006437063,Ebola
CHEMBL4203879,Clc1ccc(CCN2CCCC3=C[C@H]4C[C@H](CN5CCCC[C@H]45)[C@@H]32)cc1,5.221848749616356,Ebola
CHEMBL4217037,N#Cc1cccc(S(=O)(=O)N2CCCC3=C[C@H]4C[C@H](CN5CCCC[C@H]45)[C@@H]32)c1,4.158640529545145,Ebola
CHEMBL558805,CN1[C@@H]2CC[C@@H]1CC(OC(c1ccccc1)c1ccccc1)C2,5.549750891680639,Ebola
CHEMBL4752401,CCOP(=O)(Cc1ccc(COc2ccccc2OC2CCN(Cc3ccc4nc(-c5ccc(OC(F)(F)F)cc5)[nH]c4c3)CC2)cc1)OCC,5.924453038607469,Ebola
CHEMBL4758604,CCOP(=O)(Cc1ccc(COc2ccccc2CC2CCN(Cc3ccc4nc(-c5ccccc5)[nH]c4c3)CC2)cc1)OCC,6.1938200260161125,Ebola
CHEMBL4752424,CN(C)CCOc1ccc(/C(=C(\CCCl)c2ccccc2)c2ccccc2)cc1,6.42021640338319,Ebola
CHEMBL2323277,O=C(NCC(=O)N1CCN(Cc2ccccc2)CC1)c1ccccc1,4.508638306165727,Ebola
CHEMBL5092756,CCCCCCCCCCCCCC(=O)O[C@@H]1[C@H](O)[C@@H](CO[P@@](=O)(N[C@H](C)C(=O)OCC(CC)CC)Oc2ccccc2)O[C@@]1(C#N)c1ccc2c(N)ncnn12,6.173925197299173,Ebola
CHEMBL4297643,Cc1cccc(/C=N/Nc2cc(N3CCOCC3)nc(OCCc3ccccn3)n2)c1,8.0,Ebola
CHEMBL4211416,O=C(c1cc(Cl)cc(Cl)c1)N1CCCC2=C[C@H]3C[C@H](CN4CCCC[C@H]34)[C@@H]21,4.400116927926312,Ebola
CHEMBL4209988,O=C(CC1CCC(F)(F)CC1)NCC(=O)N1CCN(Cc2cc(Cl)cc(Cl)c2O)CC1,5.443697499232712,Ebola
CHEMBL4208214,O=C(CC12CC3CC(C1)CC(c1ccc(O)c([N+](=O)[O-])c1)(C3)C2)NCC(=O)N1CCN(Cc2ccccc2OCc2ccc(Br)cc2)CC1,6.221848749616356,Ebola
CHEMBL4211342,CC(=O)Nc1ccc(Cl)cc1CN1CCN(C(=O)CNC(=O)CC23CC4CC(CC(C4)C2)C3)CC1,6.022276394711152,Ebola
CHEMBL4212571,[2H]C([2H])(c1cc(Cl)ccc1N)N1CCN(C(=O)CNC(=O)CC2CCC(F)(F)CC2)CC1,5.922632094715843,Ebola
CHEMBL4205782,CS(=O)(=O)c1ccc(COc2ccc(Cl)cc2CN2CCN(C(=O)CNC(=O)C3CC34CCC(F)(F)CC4)CC2)cc1,7.721246399047171,Ebola
CHEMBL4203388,CS(=O)(=O)c1ccc(CNc2ccc(Cl)cc2CN2CCN(C(=O)CNC(=O)C3CC34CCC(F)(F)CC4)CC2)cc1,7.397940008672037,Ebola
CHEMBL2323039,COC(=O)c1ccc(COc2ccccc2CN2CCN(C(=O)CNC(=O)CC34CC5CC(CC(C5)C3)C4)CC2)cc1,6.229147988357856,Ebola
CHEMBL4208258,CS(=O)(=O)c1ccc(CNc2ccc(Cl)cc2CN2CCN(C(=O)CNC(=O)CC3CCC(F)(F)CC3)CC2)cc1,7.481486060122112,Ebola
CHEMBL5185113,CC(C)N1CCN(C(=O)N[C@@H](Cc2ccccc2)C(=O)N[C@H](/C=C/S(=O)(=O)c2ccccc2)CCc2ccccc2)CC1,10.397940008672036,Ebola
CHEMBL4065616,CCC(CC)COC(=O)[C@H](C)N[P@](=O)(OC[C@H]1O[C@@](C#N)(c2ccc3c(N)ncnn23)[C@H](O)[C@@H]1O)Oc1ccccc1,6.853871964321762,Ebola
CHEMBL4579818,Cl.Cl.Cl.Cl.NCCCNc1ccnc2c1ccc1c2ccc2c(NCCCN)ccnc21,5.0,Ebola
CHEMBL5583881,CN(C)CCNC(=O)c1cc2occc2n1Cc1ccc(Cl)cc1,5.2839966563652006,Ebola
CHEMBL5590524,CN(C)CC1CN(C(=O)c2cc3occc3n2Cc2ccc(Cl)cc2)C1,5.910094888560602,Ebola
CHEMBL5594989,CC1CCN(c2ccc(NC(=O)c3cc4occc4n3Cc3ccc(Cl)cc3)cc2C(F)(F)F)CC1,5.394694953858891,Ebola
CHEMBL5589831,O=C(NCCCn1ccnc1)c1cc2occc2n1Cc1cccc(C(F)(F)F)c1,5.364516253185088,Ebola
CHEMBL5595813,O=C(NCCN1CCC1)c1cc2occc2n1Cc1cccc(C(F)(F)F)c1,5.7121982700697735,Ebola
CHEMBL5594325,CN(C)CCNC(=O)c1cc2occc2n1Cc1ccc(Cl)c(C(F)(F)F)c1,5.721246399047171,Ebola
CHEMBL5598132,COc1cc2c(OCCCN3CCN(S(C)(=O)=O)CC3)c3c(c(-c4ccc5c(c4)OCO5)c2cc1OC)C(=O)OC3,7.455931955649724,Ebola
CHEMBL5190923,CCN1CCN(C(=O)N[C@@H](Cc2ccccc2)C(=O)N[C@H](/C=C/S(=O)(=O)c2ccccc2)CCc2ccccc2)CC1,10.397940008672036,Ebola
CHEMBL258940,CN1CCC(Nc2ncc3ncnc(Nc4ccc(F)c(Cl)c4)c3n2)CC1,5.958607314841775,Ebola
CHEMBL258940,CN1CCC(Nc2ncc3ncnc(Nc4ccc(F)c(Cl)c4)c3n2)CC1,5.795880017344075,Ebola
CHEMBL4084475,Cc1ccc(CN2CCCN(C)C3(CCN(C)CC3)C2)cc1C,6.0,Ebola
CHEMBL569864,COc1cc2nc(N3CCCN(C)CC3)nc(NC3CCN(Cc4ccccc4)CC3)c2cc1OC,6.0,Ebola
CHEMBL3334763,Nc1ncnc2c1ncn2C1=C[C@H](CO)[C@@H](O)[C@H]1O,6.42021640338319,Ebola
CHEMBL4172550,COc1cc(-c2cnc3c(N4C[C@@H](C)O[C@@H](C)C4)snc3c2)ccc1N,5.613322716039162,Ebola
CHEMBL4536298,NC(=O)C1CCN(CCOc2ccc(-c3n[nH]cc3-c3ccccc3)c(O)c2)CC1,5.508638306165727,Ebola
CHEMBL1655,CN(C)CCOc1ccc(/C(=C(/CCCl)c2ccccc2)c2ccccc2)cc1,5.522878745280337,Ebola
CHEMBL1360108,N#Cc1c(NCCN)nc(-c2ccccc2)c2c1CCCC2,4.61261017366127,Ebola
CHEMBL1372119,O=[N+]([O-])c1cc(S(=O)(=O)NCCN2CCOCC2)ccc1Sc1nnnn1-c1ccccc1,5.721246399047171,Ebola
CHEMBL809,CN[C@H]1CC[C@@H](c2ccc(Cl)c(Cl)c2)c2ccccc21,5.428291168191312,Ebola
CHEMBL5199121,C#CN(CCCC1(C)N=N1)C(=O)[C@]12CCC(C)(C)C[C@H]1C1=CC[C@@H]3[C@@]4(C)CCC(=O)C(C)(C)[C@@H]4CC[C@@]3(C)[C@]1(C)CC2=O,6.330404218975687,Ebola
CHEMBL528236,CCCCN(CCCC)Cc1cc(Nc2ccnc3cc(Cl)ccc23)ccc1O,6.142667503568732,Ebola
CHEMBL3911379,CCC(CC)OC(=O)[C@H](C)N[P@@](=O)(OC[C@H]1O[C@@](C#N)(c2ccc3c(N)ncnn23)[C@H](O)[C@@H]1O)Oc1ccccc1,7.221848749616356,Ebola
CHEMBL35228,COc1ccc2nc3cc(Cl)ccc3c(Nc3cc(CN4CCCC4)c(O)c(CN4CCCC4)c3)c2n1,6.086186147616283,Ebola
CHEMBL4441098,Cc1[nH]nc(-c2ccc(OCCN3CCC(C(N)=O)CC3)cc2O)c1-c1ccc(Cl)cc1,6.4089353929735005,Ebola
CHEMBL4207565,Clc1ccc(CN2CCCC3=C[C@H]4C[C@H](CN5CCCC[C@H]45)[C@@H]32)cc1Cl,5.318758762624412,Ebola
CHEMBL4211932,Clc1ccc(CN2CCCC3=C[C@H]4C[C@H](CN5CCCC[C@H]45)[C@@H]32)c(Cl)c1,5.180456064458132,Ebola
CHEMBL4218225,COC(=O)c1ccc(COc2ccccc2CN2CCN(C(=O)CNC(=O)CC3(F)CC3)CC2)cc1,5.537602002101044,Ebola
CHEMBL4205104,O=C(CC1CCC(F)(F)CC1)NCC(=O)N1CCN(Cc2cc(Br)ccc2O)CC1,6.102372908709558,Ebola
CHEMBL4213225,COC(=O)c1ccc(COc2ccc(C#N)cc2CN2CCN(C(=O)CNC(=O)CC34CC5CC(CC(C5)C3)C4)CC2)cc1,7.301029995663981,Ebola
CHEMBL4203573,COC(=O)c1ccc(Oc2cc(Cl)cc(CN3CCN(C(=O)CNC(=O)CC45CC6CC(CC(C6)C4)C5)CC3)c2)cc1,7.795880017344075,Ebola
CHEMBL2323057,O=C(CC12CC3CC(CC(C3)C1)C2)NCC(=O)N1CCN(Cc2cc(Br)ccc2O)CC1,6.301029995663981,Ebola
CHEMBL415,CN(C)CCCN1c2ccccc2CCc2ccc(Cl)cc21,4.943095148663527,Ebola
CHEMBL5281963,CCCCCCNCc1cc(Nc2ccnc3cc(Cl)ccc23)ccc1O,6.537602002101044,Ebola
CHEMBL4065616,CCC(CC)COC(=O)[C@H](C)N[P@](=O)(OC[C@H]1O[C@@](C#N)(c2ccc3c(N)ncnn23)[C@H](O)[C@@H]1O)Oc1ccccc1,4.2084496949726695,Ebola
CHEMBL4208672,[2H]C([2H])(c1cc(Cl)ccc1N)N1CCN(C(=O)CNC(=O)C2CC23CCC(F)(F)CC3)CC1,6.7447274948966935,Ebola
CHEMBL4516357,CN(C)CCOCCNc1ccnc2c1ccc1c2ccc2c(NCCOCCN(C)C)ccnc21.Cl.Cl.Cl.Cl,5.452225294612178,Ebola
CHEMBL4516357,CN(C)CCOCCNc1ccnc2c1ccc1c2ccc2c(NCCOCCN(C)C)ccnc21.Cl.Cl.Cl.Cl,5.17134010346468,Ebola
CHEMBL4465489,Cl.Cl.NCCCCNc1ccnc2c1ccc1c2ccc2c(NCCCCN)ccnc21,4.628932137728263,Ebola
CHEMBL4472278,Cl.Cl.Cl.Cl.c1cc(NCCN2CCOCC2)c2ccc3c(ccc4c(NCCN5CCOCC5)ccnc43)c2n1,6.154901959985743,Ebola
CHEMBL4065616,CCC(CC)COC(=O)[C@H](C)N[P@](=O)(OC[C@H]1O[C@@](C#N)(c2ccc3c(N)ncnn23)[C@H](O)[C@@H]1O)Oc1ccccc1,7.221848749616356,Ebola
CHEMBL4472278,Cl.Cl.Cl.Cl.c1cc(NCCN2CCOCC2)c2ccc3c(ccc4c(NCCN5CCOCC5)ccnc43)c2n1,6.154901959985743,Ebola
CHEMBL4528301,CCN(CC)CCCC(C)Nc1ccnc2cccnc12,5.0,Ebola
CHEMBL5596144,COc1cc2c(OCCCN3CCN(C(C)=O)CC3)c3c(c(-c4ccc5c(c4)OCO5)c2cc1OC)C(=O)OC3,7.376750709602099,Ebola
CHEMBL5597241,COc1cc2c(OCCCN3C4CCC3CN(C)C4)c3c(c(-c4ccc5c(c4)OCO5)c2cc1OC)C(=O)OC3,7.744727494896693,Ebola
CHEMBL5596264,COc1cc2c(OCCCN3CC4CCC(C3)O4)c3c(c(-c4ccc5c(c4)OCO5)c2cc1OC)C(=O)OC3,6.896196279044043,Ebola
CHEMBL1008,CC(C)COCC(CN(Cc1ccccc1)c1ccccc1)N1CCCC1,5.29413628771608,Ebola
CHEMBL5281554,CCCCCCCCN(C)Cc1cc(Nc2ccnc3cc(I)ccc23)ccc1O,6.585026652029182,Ebola
CHEMBL4065616,CCC(CC)COC(=O)[C@H](C)N[P@](=O)(OC[C@H]1O[C@@](C#N)(c2ccc3c(N)ncnn23)[C@H](O)[C@@H]1O)Oc1ccccc1,7.221848749616356,Ebola
CHEMBL5084473,CCC(CC)COC(=O)[C@@H](C)N[P@](=O)(OC[C@H]1O[C@@](C#N)(c2ccc3c(N)ncnn23)[C@H](O)[C@@H]1OC(=O)CCCCCCCCCCCN=[N+]=[N-])Oc1ccccc1,6.346787486224656,Ebola
CHEMBL5290974,COC(=O)[C@H]1C[C@H](OCCN)[C@@H](O[C@H]2O[C@H](CO)[C@@H](O)[C@H](O)[C@@H]2O)C[C@@H]1C(=O)OC,3.207608310501746,Ebola
CHEMBL5287023,CCN(CC)Cc1cc(Nc2c(Oc3ccccc3)cnc3cc(Cl)ccc23)ccc1O,6.136677139879544,Ebola
CHEMBL809,CN[C@H]1CC[C@@H](c2ccc(Cl)c(Cl)c2)c2ccccc21,5.504455662453552,Ebola
CHEMBL809,CN[C@H]1CC[C@@H](c2ccc(Cl)c(Cl)c2)c2ccccc21,5.841637507904751,Ebola
CHEMBL4778899,CCCNC(=O)[C@@H]1O[C@H]1C(=O)N[C@@H](Cc1ccc(C)cc1)C(=O)N[C@H](C(=O)N1CCN(Cc2ccccc2)CC1)c1ccccc1,7.154901959985743,Ebola
CHEMBL5584026,CN1CCN(CC(=O)O[C@H]2C(C)(C)[C@H]3CC[C@]2(C)C3)CC1,5.769551078621726,Ebola
CHEMBL5595103,CN(C)CCNC(=O)c1cc2sccc2n1Cc1ccc(Cl)cc1,5.663540266151471,Ebola
CHEMBL5589621,CN(C)CCNC(=O)c1cc2occc2n1Cc1cccc(C(F)(F)F)c1,5.774690718274137,Ebola
CHEMBL5594107,CC(C)N1CCN(C(=O)c2cc3occc3n2Cc2cccc(C(F)(F)F)c2)CC1,5.464705879957229,Ebola
CHEMBL5583744,CN(C)C1CCN(C(=O)c2cc3occc3n2Cc2cccc(C(F)(F)F)c2)CC1,5.823908740944319,Ebola
CHEMBL5583881,CN(C)CCNC(=O)c1cc2occc2n1Cc1ccc(Cl)cc1,5.614393726401688,Ebola
CHEMBL5591328,COc1ccc(Cn2c(C(=O)N3CCC(N(C)C)CC3)cc3ccccc32)cc1,6.068542129310995,Ebola
CHEMBL5593892,CN(C)CCCNC(=O)c1cc2occc2n1Cc1ccc(Cl)cc1,5.696803942579511,Ebola
CHEMBL5592531,CCN(CC)CCNC(=O)c1cc2occc2n1Cc1ccc(Cl)cc1,5.79317412396815,Ebola
CHEMBL5591223,CN1CCN(CCCNC(=O)c2cc3occc3n2Cc2ccc(Cl)cc2)CC1,5.730487055782084,Ebola
CHEMBL4203388,CS(=O)(=O)c1ccc(CNc2ccc(Cl)cc2CN2CCN(C(=O)CNC(=O)C3CC34CCC(F)(F)CC4)CC2)cc1,7.455931955649724,Ebola
CHEMBL4217701,COC(=O)c1ccc(COc2ccc(Cl)cc2CN2CCN(C(=O)CNC(=O)C(F)(F)C(F)F)CC2)cc1,6.795880017344075,Ebola
CHEMBL4205827,CC1(CC(=O)NCC(=O)N2CCN(Cc3ccccc3OCc3ccc(Br)cc3)CC2)CCCCC1,6.2839966563652006,Ebola
CHEMBL221722,NC(=O)c1nc(F)cnc1O,4.173925197299173,Ebola
CHEMBL4445585,Cl.Cl.Cl.Cl.c1cc(NCCCCN2CCOCC2)c2ccc3c(ccc4c(NCCN5CCOCC5)ccnc43)c2n1,6.070581074285707,Ebola
CHEMBL2323275,O=C(CC12CC3CC(CC(C3)C1)C2)NCC(=O)N1CCN(Cc2ccccc2)CC1,5.795880017344075,Ebola
CHEMBL4439128,COc1ccc(-c2cnc3[nH]cc(C#Cc4cccnc4)c3c2)cc1OC,5.798602875679548,Ebola
CHEMBL4534385,Nc1ncc(Br)c2c1ncn2C1=CC[C@@H](O)[C@H]1O,6.455931955649724,Ebola
CHEMBL4202738,Nc1ccc(Br)cc1CN1CCN(C(=O)CNC(=O)CC2CCC(F)(F)CC2)CC1,5.7594507517174005,Ebola
CHEMBL4212693,COC(=O)c1ccc(COc2ccc(Br)cc2CN2CCN(C(=O)CNC(=O)CC34CC5CC(CC(C5)C3)C4)CC2)cc1,8.045757490560675,Ebola
CHEMBL4217639,COC(=O)c1ccc(COc2ccc(C)cc2CN2CCN(C(=O)CNC(=O)CC34CC5CC(CC(C5)C3)C4)CC2)cc1,7.920818753952375,Ebola
CHEMBL4208459,COC(=O)c1cccc(-c2ccc(Cl)cc2CN2CCN(C(=O)CNC(=O)CC34CC5CC(CC(C5)C3)C4)CC2)c1,6.6020599913279625,Ebola
CHEMBL4209431,COC(=O)c1ccc(COc2ccc(F)cc2CN2CCN(C(=O)CNC(=O)CC3CCC(F)(F)CC3)CC2)cc1,7.744727494896693,Ebola
CHEMBL4214214,Nc1ccc(Cl)cc1CN1CCN(C(=O)CNC(=O)C2CC23CCCC3)CC1,6.619788758288394,Ebola
CHEMBL4203991,CCC1(CC)CC1C(=O)NCC(=O)N1CCN(Cc2cc(Cl)ccc2N)CC1,6.795880017344075,Ebola
CHEMBL5595960,CC1CCN(CCCC(=O)O[C@H]2C(C)(C)[C@H]3CC[C@]2(C)C3)CC1,5.552841968657781,Ebola
CHEMBL5595146,C[C@@H]1[C@H]2C[C@@H](C[C@H]1OC(=O)CCCN1CCCCC1)C2(C)C,5.3979400086720375,Ebola
CHEMBL4212162,O=C(CC12CC3CC(CC(C3)C1)C2)NCC(=O)N1CCN(Cc2cc(Cl)ccc2F)CC1,6.443697499232712,Ebola
CHEMBL4205057,COC(=O)c1ccc(COc2ccccc2CN2CCN(C(=O)CNC(=O)CC3CC(F)(F)C3)CC2)cc1,6.522878745280337,Ebola
CHEMBL4204562,COC(=O)c1ccc(COc2ccccc2CN2CCN(C(=O)CNC(=O)CC3CCC(F)(F)CC3)CC2)cc1,7.301029995663981,Ebola
CHEMBL4208752,O=C(CC12CC3CC(CC(C3)C1)C2)NCC(=O)N1CCN(Cc2cc(F)c(F)cc2Cl)CC1,5.838631997765025,Ebola
CHEMBL4208672,[2H]C([2H])(c1cc(Cl)ccc1N)N1CCN(C(=O)CNC(=O)C2CC23CCC(F)(F)CC3)CC1,6.787812395596042,Ebola
CHEMBL4210009,Nc1ccc(Cl)cc1CN1CCN(C(=O)CNC(=O)CC2CCC(F)(F)CC2)CC1,6.468521082957745,Ebola
CHEMBL4541962,COc1ccc(-c2cnc3[nH]cc(NC(=O)c4cccnc4)c3c2)cc1OC,4.906578314837764,Ebola
CHEMBL5592994,CCN1CCN(CC(=O)O[C@H]2C(C)(C)[C@H]3CC[C@]2(C)C3)CC1,5.236572006437063,Ebola
CHEMBL5593990,CC1(C)[C@H]2CC[C@](C)(C2)[C@H]1OC(=O)CCCN1CCOCC1,5.187086643357144,Ebola
CHEMBL5590446,CC1(C)[C@H]2CC[C@](C)(C2)[C@H]1OC(=O)CCCN1CCCCC1,5.721246399047171,Ebola
CHEMBL5584026,CN1CCN(CC(=O)O[C@H]2C(C)(C)[C@H]3CC[C@]2(C)C3)CC1,4.690369832574101,Ebola
CHEMBL5590891,CN1CCN(CCC(=O)O[C@H]2C(C)(C)[C@H]3CC[C@]2(C)C3)CC1,4.995678626217357,Ebola
CHEMBL5591441,C[C@@H]1[C@H]2C[C@@H](C[C@H]1OC(=O)CCCN1CCN(c3ccccc3)CC1)C2(C)C,5.107905397309519,Ebola
CHEMBL4550796,CCN(CC)CCCNc1ccnc2c(NCCCN(CC)CC)ccnc12,4.426780172885578,Ebola
CHEMBL4579818,Cl.Cl.Cl.Cl.NCCCNc1ccnc2c1ccc1c2ccc2c(NCCCN)ccnc21,4.688246138944246,Ebola
CHEMBL5090826,CCCCCCCCCCCCCC(=O)O[C@H]1[C@@H](O)[C@](C#N)(c2ccc3c(N)ncnn23)O[C@@H]1CO[P@@](=O)(N[C@H](C)C(=O)OCC(CC)CC)Oc1ccccc1,6.1487416512809245,Ebola
CHEMBL5176722,FC(C1=Nc2ccccc2N=C(c2ccccc2)C1)C(F)(F)F,4.91721462968355,Ebola
CHEMBL5597831,COc1cc2c(OCC(O)CN3CCN(C)CC3)c3c(c(-c4ccc5c(c4)OCO5)c2cc1OC)C(=O)OC3,7.267606240177032,Ebola
CHEMBL5596937,COc1cc2c(OCCCN3CC4CCC3CN4C)c3c(c(-c4ccc5c(c4)OCO5)c2cc1OC)C(=O)OC3,7.585026652029182,Ebola
CHEMBL5596568,COc1cc2c(OCCCN3CCOCC3)c3c(c(-c4ccc5c(c4)OCO5)c2cc1OC)C(=O)OC3,7.022276394711152,Ebola
CHEMBL5596482,COc1cc2c(OC3CCOCC3)c3c(c(-c4ccc5c(c4)OCO5)c2cc1OC)C(=O)OC3,6.906578314837765,Ebola
CHEMBL290814,CO/C1=C\C(C)=C\[C@@H](C)[C@@H](O)[C@@H](C)C/C(C)=C/C=C/[C@H](OC)[C@@H]([C@@H](C)[C@@H](O)[C@H](C)[C@@]2(O)C[C@@H](O)[C@H](C)[C@@H](C(C)C)O2)OC1=O,8.522878745280337,Ebola
CHEMBL1655,CN(C)CCOc1ccc(/C(=C(/CCCl)c2ccccc2)c2ccccc2)cc1,6.790484985457369,Ebola
CHEMBL5613181,O=C(Nc1ccccc1)c1ccc(-c2ccccc2OC2CCNCC2)s1,5.228412519118745,Ebola
CHEMBL5614079,O=C(NCCC1CCN(Cc2ccccc2)CC1)c1cnc(-c2ccc(OC3CCNCC3)cc2)s1,5.080921907623926,Ebola
CHEMBL5612904,O=C(Nc1ccccc1)c1ccc(-c2ccc(OC3CCNCC3)cc2)o1,5.221848749616356,Ebola
CHEMBL5612104,O=C(NCCc1ccccc1)c1ccc(-c2ccccc2OC2CCNCC2)o1,5.665546248849069,Ebola
CHEMBL2323251,O=C(CC12CC3CC(CC(C3)C1)C2)NCC(=O)N1CCN(Cc2ccccc2OCc2ccc([N+](=O)[O-])cc2)CC1,5.769551078621726,Ebola
CHEMBL2323248,COc1cccc(COc2ccccc2CN2CCN(C(=O)CNC(=O)CC34CC5CC(CC(C5)C3)C4)CC2)c1,5.721246399047171,Ebola
CHEMBL2321891,O=C(CC12CC3CC(CC(C3)C1)C2)NCC(=O)N1CCN(Cc2cccc3ccccc23)CC1,5.468521082957745,Ebola
CHEMBL4211634,Clc1cc(Cl)cc(CCCN2CCCC3=C[C@H]4C[C@H](CN5CCCC[C@H]45)[C@@H]32)c1,5.214670164989233,Ebola
CHEMBL4445585,Cl.Cl.Cl.Cl.c1cc(NCCCCN2CCOCC2)c2ccc3c(ccc4c(NCCN5CCOCC5)ccnc43)c2n1,6.107905397309519,Ebola
CHEMBL4065616,CCC(CC)COC(=O)[C@H](C)N[P@](=O)(OC[C@H]1O[C@@](C#N)(c2ccc3c(N)ncnn23)[C@H](O)[C@@H]1O)Oc1ccccc1,4.619788758288394,Ebola
CHEMBL4065616,CCC(CC)COC(=O)[C@H](C)N[P@](=O)(OC[C@H]1O[C@@](C#N)(c2ccc3c(N)ncnn23)[C@H](O)[C@@H]1O)Oc1ccccc1,6.0,Ebola
CHEMBL2323041,O=C(CC12CC3CC(CC(C3)C1)C2)NCC(=O)N1CCN(C(=O)c2ccccc2)CC1,5.522878745280337,Ebola
CHEMBL2323037,O=C(CC12CC3CC(CC(C3)C1)C2)NCC(=O)N1CCN(Cc2ccccc2OCc2ccncc2)CC1,6.096910013008056,Ebola
CHEMBL2323250,O=C(CC12CC3CC(CC(C3)C1)C2)NCC(=O)N1CCN(Cc2ccccc2OCc2cccnc2)CC1,5.6777807052660805,Ebola
CHEMBL2323246,Cc1cccc(COc2ccccc2CN2CCN(C(=O)CNC(=O)CC34CC5CC(CC(C5)C3)C4)CC2)c1,6.455931955649724,Ebola
CHEMBL2323244,O=C(CC12CC3CC(CC(C3)C1)C2)NCC(=O)N1CCN(Cc2ccc3ccccc3c2)CC1,5.522878745280337,Ebola
CHEMBL4203338,O=C(CC12CC3CC(CC(O)(C3)C1)C2)NCC(=O)N1CCN(Cc2ccccc2OCc2ccc(Br)cc2)CC1,6.301029995663981,Ebola
CHEMBL4208899,COC(=O)c1ccc(COc2ccc(Cl)cc2CN2CCN(C(=O)CNC(=O)CC3CCC(F)(F)CC3)CC2)cc1,7.823908740944319,Ebola
CHEMBL4208258,CS(=O)(=O)c1ccc(CNc2ccc(Cl)cc2CN2CCN(C(=O)CNC(=O)CC3CCC(F)(F)CC3)CC2)cc1,7.2839966563652,Ebola
CHEMBL4214380,O=C(CC1CCC(F)(F)CC1)NCC(=O)N1CCN(Cc2cc(Cl)ccc2O)CC1,6.327902142064283,Ebola
CHEMBL4208672,[2H]C([2H])(c1cc(Cl)ccc1N)N1CCN(C(=O)CNC(=O)C2CC23CCC(F)(F)CC3)CC1,7.026872146400302,Ebola
CHEMBL4209778,O=C(CC12CC3CC(CC(C3)C1)C2)NCC(=O)N1CCN(Cc2ccccc2OCc2ccc(Br)cc2)CC1,6.657577319177793,Ebola
CHEMBL4209813,O=C(CC12CC3CC(CC(C3)C1)C2)NCC(=O)N1CCN(Cc2ccccc2OCc2ccc(-c3ncco3)cc2)CC1,6.568636235841012,Ebola
CHEMBL4065616,CCC(CC)COC(=O)[C@H](C)N[P@](=O)(OC[C@H]1O[C@@](C#N)(c2ccc3c(N)ncnn23)[C@H](O)[C@@H]1O)Oc1ccccc1,7.221848749616356,Ebola
CHEMBL5597205,COc1cc2c(OCCCN3C4CCC3COC4)c3c(c(-c4ccc5c(c4)OCO5)c2cc1OC)C(=O)OC3,6.844663962534938,Ebola
CHEMBL221190,COc1cc2c(O)c3c(c(-c4ccc5c(c4)OCO5)c2cc1OC)C(=O)OC3,5.964170174747172,Ebola
CHEMBL458904,COc1cc2c(O[C@@H]3O[C@H](C)[C@@H](O)[C@H](O)[C@H]3O)c3c(c(-c4ccc5c(c4)OCO5)c2cc1OC)C(=O)OC3,6.368556230986828,Ebola
CHEMBL5597831,COc1cc2c(OCC(O)CN3CCN(C)CC3)c3c(c(-c4ccc5c(c4)OCO5)c2cc1OC)C(=O)OC3,7.481486060122112,Ebola
CHEMBL5596788,COc1cc2c(OC3CCOC3)c3c(c(-c4ccc5c(c4)OCO5)c2cc1OC)C(=O)OC3,6.97061622231479,Ebola
CHEMBL4211103,O=C(CC12CC3CC(CC(Br)(C3)C1)C2)NCC(=O)N1CCN(Cc2ccccc2OCc2ccc(Br)cc2)CC1,6.221848749616356,Ebola
CHEMBL4205782,CS(=O)(=O)c1ccc(COc2ccc(Cl)cc2CN2CCN(C(=O)CNC(=O)C3CC34CCC(F)(F)CC4)CC2)cc1,7.031517051446065,Ebola
CHEMBL4208258,CS(=O)(=O)c1ccc(CNc2ccc(Cl)cc2CN2CCN(C(=O)CNC(=O)CC3CCC(F)(F)CC3)CC2)cc1,7.920818753952375,Ebola
CHEMBL4203388,CS(=O)(=O)c1ccc(CNc2ccc(Cl)cc2CN2CCN(C(=O)CNC(=O)C3CC34CCC(F)(F)CC4)CC2)cc1,8.045757490560675,Ebola
CHEMBL4203360,Clc1ccc(CCN2CCCC3=C[C@H]4C[C@H](CN5CCCC[C@H]45)[C@@H]32)cc1Cl,5.167491087293763,Ebola
CHEMBL4206112,O=C(c1ccc(Cl)c(Cl)c1)N1CCCC2=C[C@H]3C[C@H](CN4CCCC[C@H]34)[C@@H]21,4.309803919971486,Ebola
CHEMBL4216378,Fc1ccc(CN2CCCC3=C[C@H]4C[C@H](CN5CCCC[C@H]45)[C@@H]32)cc1,4.769551078621726,Ebola
CHEMBL4204187,C1=C2CCCN(Cc3ccccc3)[C@H]2[C@@H]2C[C@H]1[C@H]1CCCCN1C2,4.818156412055227,Ebola
CHEMBL11,CN(C)CCCN1c2ccccc2CCc2ccccc21,4.87942606879415,Ebola
CHEMBL415,CN(C)CCCN1c2ccccc2CCc2ccc(Cl)cc21,5.30189945437661,Ebola
CHEMBL4536298,NC(=O)C1CCN(CCOc2ccc(-c3n[nH]cc3-c3ccccc3)c(O)c2)CC1,4.301029995663981,Ebola
CHEMBL5172194,O=C(CNCCC1CCN(Cc2ccccc2)CC1)Nn1c2ccccc2c2ccccc21,6.431798275933005,Ebola
CHEMBL5424177,O=C(CNCCC1CCN(Cc2ccccc2)CC1)NN(c1ccccc1)c1ccccc1,5.504455662453552,Ebola
CHEMBL1655,CN(C)CCOc1ccc(/C(=C(/CCCl)c2ccccc2)c2ccccc2)cc1,7.154901959985743,Ebola
CHEMBL5172194,O=C(CNCCC1CCN(Cc2ccccc2)CC1)Nn1c2ccccc2c2ccccc21,6.431798275933005,Ebola
CHEMBL4203365,Cc1ccccc1CN1CCCC2=C[C@H]3C[C@H](CN4CCCC[C@H]34)[C@@H]21,4.779891911959945,Ebola
CHEMBL5200782,C[C@]12CC3CC(C(=O)N[C@H]4CC[C@H](N)CC4)(C1)C[C@@](c1ccccc1)(C3)C2,6.619788758288394,Ebola
CHEMBL3329704,C1=C2CCCN[C@H]2[C@@H]2C[C@H]1[C@H]1CCCCN1C2,4.906578314837764,Ebola
CHEMBL4208233,Clc1cc(Cl)cc(CCN2CCCC3=C[C@H]4C[C@H](CN5CCCC[C@H]45)[C@@H]32)c1,5.2441251443275085,Ebola
CHEMBL4207706,O=S(=O)(c1ccc(Cl)c(Cl)c1)N1CCCC2=C[C@H]3C[C@H](CN4CCCC[C@H]34)[C@@H]21,4.617982957425132,Ebola
CHEMBL4207052,Clc1cc(Cl)cc(CN2CCCC3=C[C@H]4C[C@H](CN5CCCC[C@H]45)[C@@H]32)c1,5.091514981121351,Ebola
CHEMBL5590446,CC1(C)[C@H]2CC[C@](C)(C2)[C@H]1OC(=O)CCCN1CCCCC1,5.1487416512809245,Ebola
CHEMBL5583953,CN1CCN(CCCC(=O)O[C@H]2C(C)(C)[C@H]3CC[C@]2(C)C3)CC1,5.309803919971486,Ebola
CHEMBL5595942,CC1(C)[C@H]2CC[C@](C)(C2)[C@H]1OC(=O)CCN1CCOCC1,6.045757490560675,Ebola
CHEMBL5595960,CC1CCN(CCCC(=O)O[C@H]2C(C)(C)[C@H]3CC[C@]2(C)C3)CC1,5.468521082957745,Ebola
CHEMBL535,CCN(CC)CCNC(=O)c1c(C)[nH]c(/C=C2\C(=O)Nc3ccc(F)cc32)c1C,6.327902142064283,Ebola
CHEMBL4297643,Cc1cccc(/C=N/Nc2cc(N3CCOCC3)nc(OCCc3ccccn3)n2)c1,8.0,Ebola
CHEMBL5592840,CC1CCN(CC(=O)O[C@H]2C(C)(C)[C@H]3CC[C@]2(C)C3)CC1,4.7281583934635005,Ebola
CHEMBL5591685,C[C@@H]1[C@H]2C[C@@H](C[C@H]1OC(=O)CCN1CCN(C)CC1)C2(C)C,5.259637310505756,Ebola
CHEMBL5594429,CN(C)C1CCN(C(=O)c2cc3ccccc3n2CC2CCCCC2)CC1,6.530177984021837,Ebola
CHEMBL5595960,CC1CCN(CCCC(=O)O[C@H]2C(C)(C)[C@H]3CC[C@]2(C)C3)CC1,4.661543506395395,Ebola
CHEMBL4099554,CCC(CC)OC(=O)[C@H](C)NP(=O)(OC[C@H]1O[C@@](C#N)(c2ccc3c(N)ncnn23)[C@H](O)[C@@H]1O)Oc1ccccc1,5.742321425130816,Ebola
CHEMBL42710,C=CCc1ccc(O)c(OC)c1,5.886056647693163,Ebola
CHEMBL5205032,CCC(CC)OC(=O)[C@H](C)N[P@](=O)(OC[C@H]1O[C@@](C#N)(c2ccc3c(N)ncnn23)[C@H](O)[C@@H]1O)Oc1ccccc1,7.0655015487564325,Ebola
CHEMBL4439128,COc1ccc(-c2cnc3[nH]cc(C#Cc4cccnc4)c3c2)cc1OC,5.120330794367947,Ebola
CHEMBL4065616,CCC(CC)COC(=O)[C@H](C)N[P@](=O)(OC[C@H]1O[C@@](C#N)(c2ccc3c(N)ncnn23)[C@H](O)[C@@H]1O)Oc1ccccc1,4.0655015487564325,Ebola
CHEMBL1201203,CN1[C@@H]2CC[C@H]1C[C@@H](OC(c1ccccc1)c1ccccc1)C2,5.09312646527793,Ebola
CHEMBL490,Fc1ccc([C@@H]2CCNC[C@H]2COc2ccc3c(c2)OCO3)cc1,5.127843727251707,Ebola
CHEMBL479,CSc1ccc2c(c1)N(CCC1CCCCN1C)c1ccccc1S2,5.204815410317576,Ebola
CHEMBL5591747,CCN1CCN(CCCC(=O)O[C@H]2C(C)(C)[C@H]3CC[C@]2(C)C3)CC1,6.045757490560675,Ebola
CHEMBL479,CSc1ccc2c(c1)N(CCC1CCCCN1C)c1ccccc1S2,5.204815410317576,Ebola
CHEMBL4074442,CCOC(=O)[C@H](CC)NP(=O)(OC[C@H]1O[C@@](C#N)(c2ccc3c(N)ncnn23)[C@H](O)[C@@H]1O)Oc1ccccc1,5.072116589669293,Ebola
CHEMBL2016757,N#C[C@@]1(c2ccc3c(N)ncnn23)O[C@H](CO)[C@@H](O)[C@H]1O,6.107905397309519,Ebola
CHEMBL4065501,N#C[C@@]1(n2cnc3c(N)ncnc32)O[C@H](CO)[C@@H](O)[C@H]1O,4.251811972993799,Ebola
CHEMBL4074442,CCOC(=O)[C@H](CC)NP(=O)(OC[C@H]1O[C@@](C#N)(c2ccc3c(N)ncnn23)[C@H](O)[C@@H]1O)Oc1ccccc1,5.79997073344623,Ebola
CHEMBL4091811,C[C@H](NP(=O)(OC[C@H]1O[C@@](C#N)(c2ccc3c(N)ncnn23)[C@H](O)[C@@H]1O)Oc1ccccc1)C(=O)OC(C)(C)C,5.421360790031928,Ebola
CHEMBL4072649,C[C@H](NP(=O)(OC[C@H]1O[C@@](C#N)(c2ccc3c(N)ncnn23)[C@H](O)[C@@H]1O)Oc1ccccc1)C(=O)OC1CCCC1,6.795880017344075,Ebola
CHEMBL4083126,C[C@H](NP(=O)(OC[C@H]1O[C@@](C#N)(c2ccc3c(N)ncnn23)[C@H](O)[C@@H]1O)Oc1ccccc1)C(=O)OCC(C)(C)C,7.036212172654444,Ebola
CHEMBL4098638,CCC(CC)OC(=O)[C@H](C)NP(=O)(N[C@@H](C)C(=O)OC(CC)CC)OC[C@H]1O[C@@](C#N)(c2ccc3c(N)ncnn23)[C@H](O)[C@@H]1O,6.168770306132936,Ebola
CHEMBL4072649,C[C@H](NP(=O)(OC[C@H]1O[C@@](C#N)(c2ccc3c(N)ncnn23)[C@H](O)[C@@H]1O)Oc1ccccc1)C(=O)OC1CCCC1,6.920818753952375,Ebola
CHEMBL1655,CN(C)CCOc1ccc(/C(=C(/CCCl)c2ccccc2)c2ccccc2)cc1,7.585026652029182,Ebola
CHEMBL5597227,COc1cc2c(OCCCN3CCN(C)C(=O)C3)c3c(c(-c4ccc5c(c4)OCO5)c2cc1OC)C(=O)OC3,6.777283528852417,Ebola
CHEMBL458904,COc1cc2c(O[C@@H]3O[C@H](C)[C@@H](O)[C@H](O)[C@H]3O)c3c(c(-c4ccc5c(c4)OCO5)c2cc1OC)C(=O)OC3,7.070581074285707,Ebola
CHEMBL5583953,CN1CCN(CCCC(=O)O[C@H]2C(C)(C)[C@H]3CC[C@]2(C)C3)CC1,5.508638306165727,Ebola
CHEMBL5594558,CC1(C)[C@H]2CC[C@](C)(C2)[C@H]1OC(=O)CN1CCN(c2ccccc2)CC1,5.236572006437063,Ebola
CHEMBL5592940,CC1(C)[C@H]2CC[C@](C)(C2)[C@H]1OC(=O)CCCN1CCN(c2ccccc2)CC1,6.267606240177032,Ebola
CHEMBL5595631,C[C@@H]1[C@H]2C[C@@H](C[C@H]1OC(=O)CCN1CCOCC1)C2(C)C,4.2441251443275085,Ebola
CHEMBL5591685,C[C@@H]1[C@H]2C[C@@H](C[C@H]1OC(=O)CCN1CCN(C)CC1)C2(C)C,5.309803919971486,Ebola
CHEMBL5594623,C[C@@H]1[C@H]2C[C@@H](C[C@H]1OC(=O)CCCN1CCN(C)CC1)C2(C)C,5.552841968657781,Ebola
CHEMBL5592638,C[C@@H]1[C@H]2C[C@@H](C[C@H]1OC(=O)CN1CCN(c3ccccc3)CC1)C2(C)C,5.045757490560675,Ebola
CHEMBL11,CN(C)CCCN1c2ccccc2CCc2ccccc21,4.863279432843593,Ebola
CHEMBL5612585,O=C(Nc1ccccc1)c1ccc(-c2ccccc2OC2CCNCC2)o1,4.68507994400758,Ebola
CHEMBL5612466,O=C(NCCC1CCN(Cc2ccccc2)CC1)c1ccc(-c2ccccc2OC2CCNCC2)o1,5.317854923626168,Ebola
CHEMBL221722,NC(=O)c1nc(F)cnc1O,4.173925197299173,Ebola
CHEMBL221722,NC(=O)c1nc(F)cnc1O,4.173925197299173,Ebola
CHEMBL5583881,CN(C)CCNC(=O)c1cc2occc2n1Cc1ccc(Cl)cc1,5.8996294548824375,Ebola
CHEMBL5594263,CCOc1ncc(NC(=O)c2cc3occc3n2Cc2ccc(Cl)cc2)cc1F,5.614393726401688,Ebola
CHEMBL91704,CN1CCN(C(=O)N[C@@H](Cc2ccccc2)C(=O)N[C@H](/C=C/S(=O)(=O)c2ccccc2)CCc2ccccc2)CC1,9.443697499232712,Ebola
CHEMBL4743491,COCCN1CCN(C(=O)N[C@@H](Cc2ccccc2)C(=O)N[C@H](/C=C/S(=O)(=O)c2ccccc2)CCc2ccccc2)CC1,10.397940008672036,Ebola
CHEMBL4755358,CC(C)(C)N1CCN(C(=O)N[C@@H](Cc2ccccc2)C(=O)N[C@H](/C=C/S(=O)(=O)c2ccccc2)CCc2ccccc2)CC1,10.397940008672036,Ebola
CHEMBL5598489,COC(=O)N1CCN(CCCOc2c3c(c(-c4ccc5c(c4)OCO5)c4cc(OC)c(OC)cc24)C(=O)OC3)CC1,7.657577319177793,Ebola
CHEMBL5597447,COCCN1CCN(CC(O)COc2c3c(c(-c4ccc5c(c4)OCO5)c4cc(OC)c(OC)cc24)C(=O)OC3)CC1,7.356547323513812,Ebola
CHEMBL5597921,COc1cc2c(OCCCN3CC4CC3CN4C)c3c(c(-c4ccc5c(c4)OCO5)c2cc1OC)C(=O)OC3,6.935542010773082,Ebola
CHEMBL5596191,COc1cc2c(OCCCN3CC4CCC(C3)N4C)c3c(c(-c4ccc5c(c4)OCO5)c2cc1OC)C(=O)OC3,8.0,Ebola
CHEMBL5596240,COc1cc2c(OCCCN3CC4CCC3CO4)c3c(c(-c4ccc5c(c4)OCO5)c2cc1OC)C(=O)OC3,7.721246399047171,Ebola
CHEMBL5611978,O=C(Nc1ccc(Cl)cc1)c1ccc(-c2ccccc2OC2CCNCC2)s1,5.075720713938118,Ebola
CHEMBL5613624,O=C(NCCC1CCN(Cc2ccccc2)CC1)c1ccc(-c2ccccc2OC2CCNCC2)s1,5.031517051446065,Ebola
CHEMBL5612768,O=C(Nc1ccc(Cl)cc1)c1ccc(-c2ccc(OC3CCNCC3)cc2)s1,5.1438755557577,Ebola
CHEMBL5593647,CN(C)C1CCN(C(=O)CN(Cc2ccccc2)c2ccccc2)CC1,4.97061622231479,Ebola
CHEMBL5591841,CN(C)C1CCN(C(=O)c2cc3ccccc3n2Cc2ccccc2)CC1,6.259637310505756,Ebola
CHEMBL5584120,CN(C)C1CCN(C(=O)c2cc3ccccc3n2Cc2ccc(-c3ccccc3)cc2)CC1,5.97469413473523,Ebola
CHEMBL4065616,CCC(CC)COC(=O)[C@H](C)N[P@](=O)(OC[C@H]1O[C@@](C#N)(c2ccc3c(N)ncnn23)[C@H](O)[C@@H]1O)Oc1ccccc1,7.221848749616356,Ebola
CHEMBL4065616,CCC(CC)COC(=O)[C@H](C)N[P@](=O)(OC[C@H]1O[C@@](C#N)(c2ccc3c(N)ncnn23)[C@H](O)[C@@H]1O)Oc1ccccc1,6.920818753952375,Ebola
CHEMBL4064050,CC(C)OC(=O)[C@H](C)NP(=O)(OC[C@H]1O[C@@](C#N)(c2ccc3c(N)ncnn23)[C@H](O)[C@@H]1O)Oc1ccccc1,5.734003629504921,Ebola
CHEMBL4091811,C[C@H](NP(=O)(OC[C@H]1O[C@@](C#N)(c2ccc3c(N)ncnn23)[C@H](O)[C@@H]1O)Oc1ccccc1)C(=O)OC(C)(C)C,4.516983579855868,Ebola
CHEMBL47298,CCN(CC)CCOc1ccc2c(c1)C(=O)c1cc(OCCN(CC)CC)ccc1-2,5.943095148663527,Ebola
CHEMBL1655,CN(C)CCOc1ccc(/C(=C(/CCCl)c2ccccc2)c2ccccc2)cc1,6.790484985457369,Ebola
CHEMBL4636836,CC12CC3CC(C(=O)N[C@H]4CC[C@H](N)CC4)(C1)CC(c1ccccc1)(C3)C2,6.619788758288394,Ebola
CHEMBL4639721,CC12CC3CC(C(=O)N[C@H]4CC[C@H](CN)CC4)(C1)CC(c1ccccc1)(C3)C2,6.366531544420414,Ebola
CHEMBL4633310,CCC12CC3CC(C(=O)N[C@H]4CC[C@H](N)CC4)(C1)CC(c1ccccc1)(C3)C2,6.853871964321762,Ebola
CHEMBL4633940,CC12CC3CC(C(=O)NC4CCNCC4)(C1)CC(c1ccccc1)(C3)C2,5.6777807052660805,Ebola
CHEMBL5074199,CCSCCCCCCCCCCCC(=O)O[C@@H]1[C@H](O)[C@@H](CO[P@@](=O)(N[C@H](C)C(=O)OCC(CC)CC)Oc2ccccc2)O[C@@]1(C#N)c1ccc2c(N)ncnn12,6.6020599913279625,Ebola
CHEMBL5079736,CCCCCCCCCCOCCC(=O)O[C@H]1[C@@H](O)[C@](C#N)(c2ccc3c(N)ncnn23)O[C@@H]1CO[P@@](=O)(N[C@H](C)C(=O)OCC(CC)CC)Oc1ccccc1,4.853871964321762,Ebola
CHEMBL553,C#Cc1cccc(Nc2ncnc3cc(OCCOC)c(OCCOC)cc23)c1,4.889410289700751,Ebola
CHEMBL258940,CN1CCC(Nc2ncc3ncnc(Nc4ccc(F)c(Cl)c4)c3n2)CC1,5.958607314841775,Ebola
CHEMBL1008,CC(C)COCC(CN(Cc1ccccc1)c1ccccc1)N1CCCC1,5.493494967595128,Ebola
CHEMBL5598420,COc1cc2c(OCCCN3CCN(C=O)CC3)c3c(c(-c4ccc5c(c4)OCO5)c2cc1OC)C(=O)OC3,7.508638306165727,Ebola
CHEMBL5591196,COc1cc2c(OCCCN3CCN(C)CC3)c3c(c(-c4ccc5c(c4)OCO5)c2cc1OC)C(=O)OC3,8.154901959985743,Ebola
CHEMBL5598341,COc1cc2c(OCCCN3CCNC(=O)C3)c3c(c(-c4ccc5c(c4)OCO5)c2cc1OC)C(=O)OC3,6.355561410532162,Ebola
CHEMBL5085366,CCCCCCCCCCCCCCCC(=O)O[C@H]1[C@@H](O)[C@](C#N)(c2ccc3c(N)ncnn23)O[C@@H]1CO[P@@](=O)(N[C@H](C)C(=O)OCC(CC)CC)Oc1ccccc1,5.537602002101044,Ebola
CHEMBL5086165,CCCCCCCCCCCCCC(=O)O[C@H]1[C@@H](OC(=O)CCCCCCCCCCCCC)[C@](C#N)(c2ccc3c(N)ncnn23)O[C@@H]1CO[P@@](=O)(N[C@H](C)C(=O)OCC(CC)CC)Oc1ccccc1,4.91721462968355,Ebola
CHEMBL5077949,CCCCCCCCCCOCCC(=O)O[C@@H]1[C@H](O)[C@@H](CO[P@@](=O)(N[C@H](C)C(=O)OCC(CC)CC)Oc2ccccc2)O[C@@]1(C#N)c1ccc2c(N)ncnn12,4.443697499232712,Ebola
CHEMBL5074199,CCSCCCCCCCCCCCC(=O)O[C@@H]1[C@H](O)[C@@H](CO[P@@](=O)(N[C@H](C)C(=O)OCC(CC)CC)Oc2ccccc2)O[C@@]1(C#N)c1ccc2c(N)ncnn12,4.537602002101044,Ebola
CHEMBL5084250,CCCCCCCCCCCCCCCC(=O)O[C@@H]1[C@H](O)[C@@H](CO[P@@](=O)(N[C@H](C)C(=O)OCC(CC)CC)Oc2ccccc2)O[C@@]1(C#N)c1ccc2c(N)ncnn12,5.142667503568731,Ebola
CHEMBL5596649,COc1cc2c(OCC(O)CN3CC4CCC(C3)N4C)c3c(c(-c4ccc5c(c4)OCO5)c2cc1OC)C(=O)OC3,8.154901959985743,Ebola
CHEMBL5596240,COc1cc2c(OCCCN3CC4CCC3CO4)c3c(c(-c4ccc5c(c4)OCO5)c2cc1OC)C(=O)OC3,7.552841968657781,Ebola
CHEMBL5596535,COc1cc2c(OCC#N)c3c(c(-c4ccc5c(c4)OCO5)c2cc1OC)C(=O)OC3,6.739928612014925,Ebola
CHEMBL5590637,COc1cc2c(OC3COC3)c3c(c(-c4ccc5c(c4)OCO5)c2cc1OC)C(=O)OC3,6.497572880015567,Ebola
CHEMBL5598529,COc1cc2c(OC3CCNC3)c3c(c(-c4ccc5c(c4)OCO5)c2cc1OC)C(=O)OC3,7.0655015487564325,Ebola
CHEMBL2323059,O=C(CC12CC3CC(CC(C3)C1)C2)NCC(=O)N1CCN(Cc2ccc(Cl)c(Cl)c2)CC1,6.1249387366083,Ebola
CHEMBL2323058,O=C(CC12CC3CC(CC(C3)C1)C2)NCC(=O)N1CCN(Cc2ccc(Cl)cc2Cl)CC1,5.180456064458132,Ebola
CHEMBL2323057,O=C(CC12CC3CC(CC(C3)C1)C2)NCC(=O)N1CCN(Cc2cc(Br)ccc2O)CC1,6.301029995663981,Ebola
CHEMBL2323052,Cc1ccc(CN2CCN(C(=O)CNC(=O)CC34CC5CC(CC(C5)C3)C4)CC2)cc1,5.958607314841775,Ebola
CHEMBL5583751,O=C(NCCCn1ccnc1)c1cc2occc2n1Cc1ccc(Cl)cc1,5.204815410317576,Ebola
CHEMBL3438758,CN1CCN(C(=O)c2cc3sccc3n2Cc2ccc(Cl)cc2)CC1,5.010995384301463,Ebola
CHEMBL5589707,O=C(c1cc2sccc2n1Cc1ccc(Cl)cc1)N1CCN(C2CCCCC2)CC1,4.962573502059376,Ebola
CHEMBL633,CCCCc1oc2ccccc2c1C(=O)c1cc(I)c(OCCN(CC)CC)c(I)c1,5.251811972993799,Ebola
CHEMBL4795764,CCOP(=O)(Cc1cccc(COc2ccccc2OC2CCN(Cc3ccc4nc(-c5cccc(OC(F)(F)F)c5)[nH]c4c3)CC2)c1)OCC,5.681936665037238,Ebola
CHEMBL4761883,CCOP(=O)(Cc1cccc(COc2ccccc2CC2CCN(Cc3ccc4nc(-c5ccccc5)[nH]c4c3)CC2)c1)OCC,6.031517051446065,Ebola
CHEMBL5593499,CC1(C)[C@@H]2CC[C@@]1(CS(=O)(=O)N1CCCCC1)C(=O)C2,4.221848749616356,Ebola
CHEMBL5595049,CN1CCN(S(=O)(=O)C[C@]23CC[C@H](CC2=O)C3(C)C)CC1,3.2676062401770314,Ebola
CHEMBL5592371,CCN1CCN(S(=O)(=O)C[C@]23CC[C@H](CC2=O)C3(C)C)CC1,4.040958607678906,Ebola
CHEMBL5591747,CCN1CCN(CCCC(=O)O[C@H]2C(C)(C)[C@H]3CC[C@]2(C)C3)CC1,5.619788758288394,Ebola
CHEMBL5592964,CC1(C)[C@H]2CC[C@](C)(C2)[C@H]1OC(=O)CCN1CCN(c2ccccc2)CC1,5.0,Ebola
CHEMBL4065616,CCC(CC)COC(=O)[C@H](C)N[P@](=O)(OC[C@H]1O[C@@](C#N)(c2ccc3c(N)ncnn23)[C@H](O)[C@@H]1O)Oc1ccccc1,6.494850021680094,Ebola
CHEMBL5396731,O=C(CCN1CCCCC1)Nn1c2ccccc2c2ccccc21,5.552841968657781,Ebola
CHEMBL5433897,O=C(CCNCCN1CCN(Cc2ccccc2)CC1)NN(c1ccccc1)c1ccccc1,6.236572006437063,Ebola
CHEMBL258940,CN1CCC(Nc2ncc3ncnc(Nc4ccc(F)c(Cl)c4)c3n2)CC1,5.920818753952375,Ebola
CHEMBL4639721,CC12CC3CC(C(=O)N[C@H]4CC[C@H](CN)CC4)(C1)CC(c1ccccc1)(C3)C2,6.259637310505756,Ebola
CHEMBL5594429,CN(C)C1CCN(C(=O)c2cc3ccccc3n2CC2CCCCC2)CC1,6.407823242604133,Ebola
CHEMBL5590446,CC1(C)[C@H]2CC[C@](C)(C2)[C@H]1OC(=O)CCCN1CCCCC1,5.494850021680094,Ebola
CHEMBL5594689,CC1(C)[C@@H]2CC[C@@]1(CS(=O)(=O)N1CCOCC1)C(=O)C2,6.045757490560675,Ebola
CHEMBL5591747,CCN1CCN(CCCC(=O)O[C@H]2C(C)(C)[C@H]3CC[C@]2(C)C3)CC1,5.275724130399211,Ebola
CHEMBL221722,NC(=O)c1nc(F)cnc1O,4.2084496949726695,Ebola
CHEMBL4541962,COc1ccc(-c2cnc3[nH]cc(NC(=O)c4cccnc4)c3c2)cc1OC,5.372634143407267,Ebola
CHEMBL4751715,CCOP(=O)(Cc1cccc(COc2ccccc2OC2CCN(Cc3ccc4nc(-c5ccccc5)[nH]c4c3)CC2)c1)OCC,5.72584215073632,Ebola
CHEMBL4792617,CCOP(=O)(Cc1cccc(COc2ccccc2OC2CCN(Cc3ccc4nc(-c5cccc(C(F)(F)F)c5)[nH]c4c3)CC2)c1)OCC,5.603800652904264,Ebola
CHEMBL5084473,CCC(CC)COC(=O)[C@@H](C)N[P@](=O)(OC[C@H]1O[C@@](C#N)(c2ccc3c(N)ncnn23)[C@H](O)[C@@H]1OC(=O)CCCCCCCCCCCN=[N+]=[N-])Oc1ccccc1,6.080921907623926,Ebola
CHEMBL2323050,N#Cc1ccc(CN2CCN(C(=O)CNC(=O)CC34CC5CC(CC(C5)C3)C4)CC2)cc1,5.096910013008056,Ebola
CHEMBL2323047,COc1ccc(CN2CCN(C(=O)CNC(=O)CC34CC5CC(CC(C5)C3)C4)CC2)cc1,5.267606240177032,Ebola
CHEMBL2323043,Cc1cccc(CN2CCN(C(=O)CNC(=O)CC34CC5CC(CC(C5)C3)C4)CC2)c1,5.958607314841775,Ebola
CHEMBL2323263,O=C(CC12CC3CC(CC(C3)C1)C2)NCC(=O)N1CCN(Cc2ccccc2Cl)CC1,5.494850021680094,Ebola
CHEMBL2323283,O=C(CC12CC3CC(CC(C3)C1)C2)NCCC(=O)N1CCN(Cc2ccccc2)CC1,4.769551078621726,Ebola
CHEMBL2323281,O=C(CNC(=O)C12CC3CC(CC(C3)C1)C2)N1CCN(Cc2ccccc2)CC1,4.537602002101044,Ebola
CHEMBL2323035,CNC(=O)c1ccc(COc2ccccc2CN2CCN(C(=O)CNC(=O)CC34CC5CC(CC(C5)C3)C4)CC2)cc1,5.6777807052660805,Ebola
CHEMBL2323053,COC(=O)c1ccc(CN2CCN(C(=O)CNC(=O)CC34CC5CC(CC(C5)C3)C4)CC2)cc1,4.823908740944319,Ebola
CHEMBL2323249,COC(=O)c1cccc(COc2ccccc2CN2CCN(C(=O)CNC(=O)CC34CC5CC(CC(C5)C3)C4)CC2)c1,5.619788758288394,Ebola
CHEMBL1773160,CCN(CC)CCNc1cc(C)nc2c1ccc1c2ccc2c(NCCN(CC)CC)cc(C)nc21.Cl,5.301029995663981,Ebola
CHEMBL1256768,N=C(N)c1ccc2oc(/C=C/c3nc4cc(C(=N)N)ccc4[nH]3)cc2c1,7.0,Ebola
CHEMBL3753637,Nc1nccc2c1ncn2C1=C[C@H](CO)[C@@H](O)[C@H]1O,4.130181792020672,Ebola
CHEMBL4065821,C[C@H](NP(=O)(OC[C@H]1O[C@@](C#N)(c2ccc3c(N)ncnn23)[C@H](O)[C@@H]1O)Oc1ccccc1)C(=O)OC1CCC1,6.376750709602099,Ebola
CHEMBL4086934,C#C[C@@]1(c2ccc3c(N)ncnn23)O[C@H](COP(=O)(N[C@@H](C)C(=O)OCC(CC)CC)Oc2ccccc2)[C@@H](O)[C@H]1O,5.4089353929735005,Ebola
CHEMBL1650595,NCC(=O)Nc1ccc(-n2nc(C(F)(F)F)cc2-c2ccc3c(ccc4ccccc43)c2)cc1,6.522878745280337,Ebola
CHEMBL4064522,Cc1[nH]c2c(CN3CC(CO)C(CN4CCCC4)C3)cccc2c1C,6.0,Ebola
CHEMBL2323038,O=C(CC12CC3CC(CC(C3)C1)C2)NCC(=O)N1CCN(Cc2ccccc2OCc2ccc(C(=O)O)cc2)CC1,5.3979400086720375,Ebola
CHEMBL2323034,N#Cc1ccc(COc2ccccc2CN2CCN(C(=O)CNC(=O)CC34CC5CC(CC(C5)C3)C4)CC2)cc1,5.356547323513812,Ebola
CHEMBL2323056,O=C(CC12CC3CC(CC(C3)C1)C2)NCC(=O)N1CCN(Cc2ccncc2)CC1,4.838631997765026,Ebola
CHEMBL5591525,CN(C)C1CCN(C(=O)c2cc3ccccc3n2Cc2ccc(Cl)cc2)CC1,5.860120913598763,Ebola
CHEMBL5591525,CN(C)C1CCN(C(=O)c2cc3ccccc3n2Cc2ccc(Cl)cc2)CC1,5.860120913598763,Ebola
CHEMBL5591525,CN(C)C1CCN(C(=O)c2cc3ccccc3n2Cc2ccc(Cl)cc2)CC1,5.860120913598763,Ebola
CHEMBL5591525,CN(C)C1CCN(C(=O)c2cc3ccccc3n2Cc2ccc(Cl)cc2)CC1,5.860120913598763,Ebola
CHEMBL4069927,CCOC(=O)[C@H](C)NP(=O)(N[C@@H](C)C(=O)OCC)OC[C@H]1O[C@@](C#N)(c2ccc3c(N)ncnn23)[C@H](O)[C@@H]1O,4.689944262249108,Ebola
CHEMBL5613813,O=C(NCCc1ccccc1)c1ccc(-c2ccccc2OC2CCNCC2)s1,5.2839966563652006,Ebola
CHEMBL5613813,O=C(NCCc1ccccc1)c1ccc(-c2ccccc2OC2CCNCC2)s1,5.2839966563652006,Ebola
CHEMBL5612925,O=C(Nc1cccc(Cl)c1)c1ccc(-c2ccc(OC3CCNCC3)cc2)o1,5.30715308072277,Ebola
CHEMBL5612925,O=C(Nc1cccc(Cl)c1)c1ccc(-c2ccc(OC3CCNCC3)cc2)o1,5.30715308072277,Ebola
CHEMBL5612002,O=C(NCCc1ccccc1)c1cnc(-c2ccccc2OC2CCNCC2)s1,5.202732459169283,Ebola
CHEMBL5612002,O=C(NCCc1ccccc1)c1cnc(-c2ccccc2OC2CCNCC2)s1,5.202732459169283,Ebola
CHEMBL5614212,O=C(Nc1ccc(Cl)cc1)c1ccc(-c2ccccc2OC2CCNCC2)o1,5.197226274708024,Ebola
CHEMBL5614212,O=C(Nc1ccc(Cl)cc1)c1ccc(-c2ccccc2OC2CCNCC2)o1,5.197226274708024,Ebola
CHEMBL2323039,COC(=O)c1ccc(COc2ccccc2CN2CCN(C(=O)CNC(=O)CC34CC5CC(CC(C5)C3)C4)CC2)cc1,7.698970004336019,Ebola
CHEMBL2323048,O=C(CC12CC3CC(CC(C3)C1)C2)NCC(=O)N1CCN(Cc2ccc(Cl)cc2)CC1,5.6020599913279625,Ebola
CHEMBL2323045,COC(=O)c1cccc(CN2CCN(C(=O)CNC(=O)CC34CC5CC(CC(C5)C3)C4)CC2)c1,4.853871964321762,Ebola
CHEMBL2323271,COc1cccc(CN2CCN(C(=O)CNC(=O)CC34CC5CC(CC(C5)C3)C4)CC2)c1,5.698970004336019,Ebola
CHEMBL2323265,N#Cc1ccccc1CN1CCN(C(=O)CNC(=O)CC23CC4CC(CC(C4)C2)C3)CC1,5.4089353929735005,Ebola
CHEMBL2323260,O=C(CC12CC3CC(CC(C3)C1)C2)NCCCC(=O)N1CCN(Cc2ccccc2)CC1,4.657577319177793,Ebola
CHEMBL2323254,N#CCC(NC(=O)CC12CC3CC(CC(C3)C1)C2)C(=O)N1CCN(Cc2ccccc2)CC1,4.657577319177793,Ebola
CHEMBL2323253,CC(C)CC(NC(=O)CC12CC3CC(CC(C3)C1)C2)C(=O)N1CCN(Cc2ccccc2)CC1,4.537602002101044,Ebola
CHEMBL5595280,C[C@@H]1[C@H]2C[C@@H](C[C@H]1OC(=O)CN1CCCCC1)C2(C)C,4.376750709602099,Ebola
CHEMBL5593652,C[C@@H]1[C@H]2C[C@@H](C[C@H]1OC(=O)CCN1CCCCC1)C2(C)C,4.844663962534938,Ebola
CHEMBL5592622,C[C@@H]1[C@H]2C[C@@H](C[C@H]1OC(=O)CN1CCN(C)CC1)C2(C)C,5.318758762624412,Ebola
CHEMBL5590772,CN(C)C1CCN(C(=O)c2cccn2Cc2ccccc2)CC1,5.954677021213342,Ebola
CHEMBL4636836,CC12CC3CC(C(=O)N[C@H]4CC[C@H](N)CC4)(C1)CC(c1ccccc1)(C3)C2,6.1249387366083,Ebola
CHEMBL5205032,CCC(CC)OC(=O)[C@H](C)N[P@](=O)(OC[C@H]1O[C@@](C#N)(c2ccc3c(N)ncnn23)[C@H](O)[C@@H]1O)Oc1ccccc1,6.853871964321762,Ebola
CHEMBL5592840,CC1CCN(CC(=O)O[C@H]2C(C)(C)[C@H]3CC[C@]2(C)C3)CC1,4.467245621007502,Ebola
CHEMBL5584026,CN1CCN(CC(=O)O[C@H]2C(C)(C)[C@H]3CC[C@]2(C)C3)CC1,5.070581074285707,Ebola
CHEMBL5592994,CCN1CCN(CC(=O)O[C@H]2C(C)(C)[C@H]3CC[C@]2(C)C3)CC1,5.795880017344075,Ebola
CHEMBL1655,CN(C)CCOc1ccc(/C(=C(/CCCl)c2ccccc2)c2ccccc2)cc1,6.154901959985743,Ebola
CHEMBL1655,CN(C)CCOc1ccc(/C(=C(/CCCl)c2ccccc2)c2ccccc2)cc1,6.154901959985743,Ebola
CHEMBL5583953,CN1CCN(CCCC(=O)O[C@H]2C(C)(C)[C@H]3CC[C@]2(C)C3)CC1,5.508638306165727,Ebola
CHEMBL5592840,CC1CCN(CC(=O)O[C@H]2C(C)(C)[C@H]3CC[C@]2(C)C3)CC1,4.688246138944246,Ebola
CHEMBL5592994,CCN1CCN(CC(=O)O[C@H]2C(C)(C)[C@H]3CC[C@]2(C)C3)CC1,5.040958607678906,Ebola
CHEMBL5595696,C[C@@H]1[C@H]2C[C@@H](C[C@H]1OC(=O)CCCN1CCOCC1)C2(C)C,4.6777807052660805,Ebola
CHEMBL4781632,CCOP(=O)(Cc1ccc(COc2ccccc2OC2CCN(Cc3ccc4nc(-c5ccccc5)[nH]c4c3)CC2)cc1)OCC,5.530177984021837,Ebola
CHEMBL4752249,CCOP(=O)(Cc1cccc(COc2ccccc2CC2CCN(Cc3ccc4nc(-c5ccc(OC(F)(F)F)cc5)[nH]c4c3)CC2)c1)OCC,5.954677021213342,Ebola
CHEMBL1256768,N=C(N)c1ccc2oc(/C=C/c3nc4cc(C(=N)N)ccc4[nH]3)cc2c1,6.376750709602099,Ebola
CHEMBL3120779,C[C@@]1(O)[C@H](O)[C@@H](CO)O[C@@]1(C#N)c1ccc2c(N)ncnn12,4.301029995663981,Ebola
CHEMBL4084735,CCOC(=O)[C@H](Cc1ccccc1)NP(=O)(OC[C@H]1O[C@@](C#N)(c2ccc3c(N)ncnn23)[C@H](O)[C@@H]1O)Oc1ccccc1,5.3585258894959,Ebola
CHEMBL4208300,COC(=O)c1ccc(COc2ccc(OC)cc2CN2CCN(C(=O)CNC(=O)CC34CC5CC(CC(C5)C3)C4)CC2)cc1,5.853871964321762,Ebola
CHEMBL479,CSc1ccc2c(c1)N(CCC1CCCCN1C)c1ccccc1S2,5.107905397309519,Ebola
CHEMBL1655,CN(C)CCOc1ccc(/C(=C(/CCCl)c2ccccc2)c2ccccc2)cc1,6.247183568811728,Ebola
CHEMBL1655,CN(C)CCOc1ccc(/C(=C(/CCCl)c2ccccc2)c2ccccc2)cc1,6.247183568811728,Ebola
CHEMBL4212624,CN[C@@H]1CC[C@H](c2ccc(Cl)c(Cl)c2)c2ccccc21.Cl,5.522878745280337,Ebola
CHEMBL4215553,O=S(=O)(c1ccc(Cl)cc1)N1CCCC2=C[C@H]3C[C@H](CN4CCCC[C@H]34)[C@@H]21,4.661543506395395,Ebola
CHEMBL4212060,O=S(=O)(c1cccs1)N1CCCC2=C[C@H]3C[C@H](CN4CCCC[C@H]34)[C@@H]21,4.478861916295964,Ebola
CHEMBL4215857,FC(F)(F)Oc1ccc(CN2CCCC3=C[C@H]4C[C@H](CN5CCCC[C@H]45)[C@@H]32)cc1,4.982966660701219,Ebola
CHEMBL4061258,CCC(CC)COC(=O)[C@H](C)N[P@@](=O)(OC[C@H]1O[C@@](C#N)(c2ccc3c(N)ncnn23)[C@H](O)[C@@H]1O)Oc1ccccc1,7.096910013008056,Ebola
CHEMBL4101182,CCOC(=O)[C@@H](NP(=O)(OC[C@H]1O[C@@](C#N)(c2ccc3c(N)ncnn23)[C@H](O)[C@@H]1O)Oc1ccccc1)C(C)C,5.501551596826,Ebola
CHEMBL4065821,C[C@H](NP(=O)(OC[C@H]1O[C@@](C#N)(c2ccc3c(N)ncnn23)[C@H](O)[C@@H]1O)Oc1ccccc1)C(=O)OC1CCC1,7.055517327849831,Ebola
CHEMBL5595241,CN1CCCN(C(=O)c2cc3occc3n2Cc2ccc(Cl)cc2)CC1,5.85078088734462,Ebola
CHEMBL5592829,CN(C)CCNC(=O)c1cc2occc2n1C(=O)OCc1ccccc1,5.090979145788844,Ebola
CHEMBL5594413,CN(C)CCNC(=O)c1cc2occc2n1Cc1ccccc1,5.345823458122039,Ebola
CHEMBL4065616,CCC(CC)COC(=O)[C@H](C)N[P@](=O)(OC[C@H]1O[C@@](C#N)(c2ccc3c(N)ncnn23)[C@H](O)[C@@H]1O)Oc1ccccc1,7.221848749616356,Ebola
CHEMBL4065616,CCC(CC)COC(=O)[C@H](C)N[P@](=O)(OC[C@H]1O[C@@](C#N)(c2ccc3c(N)ncnn23)[C@H](O)[C@@H]1O)Oc1ccccc1,7.0655015487564325,Ebola
CHEMBL4749838,CCOP(=O)(Cc1ccc(COc2ccccc2OC2CCN(Cc3ccc4nc(-c5cccc(C(F)(F)F)c5)[nH]c4c3)CC2)cc1)OCC,4.527682453683158,Ebola
CHEMBL5426718,O=C(CNCCC1CCN(Cc2ccccc2)CC1)NC1c2ccccc2-c2ccccc21,5.769551078621726,Ebola
CHEMBL5426718,O=C(CNCCC1CCN(Cc2ccccc2)CC1)NC1c2ccccc2-c2ccccc21,5.769551078621726,Ebola
CHEMBL4065616,CCC(CC)COC(=O)[C@H](C)N[P@](=O)(OC[C@H]1O[C@@](C#N)(c2ccc3c(N)ncnn23)[C@H](O)[C@@H]1O)Oc1ccccc1,7.221848749616356,Ebola
CHEMBL4090912,CCC(CC)COC(=O)[C@@H](C)NP(=O)(OC[C@H]1O[C@@](C#N)(c2ccc3c(N)ncnn23)[C@H](O)[C@@H]1O)Oc1ccccc1,6.137272471682025,Ebola
CHEMBL2323247,O=C(CC12CC3CC(CC(C3)C1)C2)NCC(=O)N1CCN(Cc2ccccc2OCc2cccc(Br)c2)CC1,5.619788758288394,Ebola
CHEMBL399021,Nc1ncnc2c1c(-c1cccc(OCc3ccccc3)c1)cn2[C@H]1C[C@H](CN2CCCC2)C1,6.0,Ebola
CHEMBL4215782,COC(=O)c1ccc(CCc2ccccc2CN2CCN(C(=O)CNC(=O)CC34CC5CC(CC(C5)C3)C4)CC2)cc1,7.698970004336019,Ebola
CHEMBL2323051,O=C(CC12CC3CC(CC(C3)C1)C2)NCC(=O)N1CCN(Cc2ccc(O)cc2)CC1,5.154901959985743,Ebola
CHEMBL2323261,COc1ccccc1CN1CCN(C(=O)CNC(=O)CC23CC4CC(CC(C4)C2)C3)CC1,5.6777807052660805,Ebola
CHEMBL1729263,O=C(Cc1ccc(Cl)cc1)NCC(=O)N1CCN(Cc2ccccc2)CC1,4.721246399047171,Ebola
CHEMBL2323275,O=C(CC12CC3CC(CC(C3)C1)C2)NCC(=O)N1CCN(Cc2ccccc2)CC1,5.886056647693163,Ebola
CHEMBL2323272,O=C(CC12CC3CC(CC(C3)C1)C2)NCC(=O)N1CCN(Cc2cccc(OCc3ccccc3)c2)CC1,5.3979400086720375,Ebola
CHEMBL2323259,CN(CC(=O)N1CCN(Cc2ccccc2)CC1)C(=O)CC12CC3CC(CC(C3)C1)C2,5.173925197299173,Ebola
CHEMBL4083126,C[C@H](NP(=O)(OC[C@H]1O[C@@](C#N)(c2ccc3c(N)ncnn23)[C@H](O)[C@@H]1O)Oc1ccccc1)C(=O)OCC(C)(C)C,6.774690718274137,Ebola
CHEMBL4065616,CCC(CC)COC(=O)[C@H](C)N[P@](=O)(OC[C@H]1O[C@@](C#N)(c2ccc3c(N)ncnn23)[C@H](O)[C@@H]1O)Oc1ccccc1,7.0,Ebola
CHEMBL4061258,CCC(CC)COC(=O)[C@H](C)N[P@@](=O)(OC[C@H]1O[C@@](C#N)(c2ccc3c(N)ncnn23)[C@H](O)[C@@H]1O)Oc1ccccc1,6.954677021213342,Ebola
CHEMBL5200782,C[C@]12CC3CC(C(=O)N[C@H]4CC[C@H](N)CC4)(C1)C[C@@](c1ccccc1)(C3)C2,6.619788758288394,Ebola
CHEMBL4794298,CCOP(=O)(Cc1ccc(COc2ccccc2OC2CCN(Cc3ccc4nc(-c5cccc(OC(F)(F)F)c5)[nH]c4c3)CC2)cc1)OCC,5.530177984021837,Ebola
CHEMBL4084735,CCOC(=O)[C@H](Cc1ccccc1)NP(=O)(OC[C@H]1O[C@@](C#N)(c2ccc3c(N)ncnn23)[C@H](O)[C@@H]1O)Oc1ccccc1,6.231361898752386,Ebola
CHEMBL4093434,CCOC(=O)[C@H](C)NP(=O)(OC[C@H]1O[C@@](C#N)(c2ccc3c(N)ncnn23)[C@H](O)[C@@H]1O)Oc1ccccc1,6.196542884351586,Ebola
CHEMBL4069927,CCOC(=O)[C@H](C)NP(=O)(N[C@@H](C)C(=O)OCC)OC[C@H]1O[C@@](C#N)(c2ccc3c(N)ncnn23)[C@H](O)[C@@H]1O,5.040863168829626,Ebola
CHEMBL5596273,COc1cc2c(OCCN3CCOCC3)c3c(c(-c4ccc5c(c4)OCO5)c2cc1OC)C(=O)OC3,6.186419011431808,Ebola
CHEMBL5596938,COc1cc2c(OCCCN3CCS(=O)(=O)CC3)c3c(c(-c4ccc5c(c4)OCO5)c2cc1OC)C(=O)OC3,6.7447274948966935,Ebola
CHEMBL5596938,COc1cc2c(OCCCN3CCS(=O)(=O)CC3)c3c(c(-c4ccc5c(c4)OCO5)c2cc1OC)C(=O)OC3,6.931814138253838,Ebola
CHEMBL5597241,COc1cc2c(OCCCN3C4CCC3CN(C)C4)c3c(c(-c4ccc5c(c4)OCO5)c2cc1OC)C(=O)OC3,7.602059991327962,Ebola
CHEMBL2323040,O=C(CC12CC3CC(CC(C3)C1)C2)NCC(=O)N1CCC(Cc2ccccc2)CC1,5.886056647693163,Ebola
CHEMBL2323245,O=C(CC12CC3CC(CC(C3)C1)C2)NCC(=O)N1CCN(Cc2ccccc2OCc2ccccc2[N+](=O)[O-])CC1,5.795880017344075,Ebola
CHEMBL2323060,Cc1cc(O)cc(C)c1CN1CCN(C(=O)CNC(=O)CC23CC4CC(CC(C4)C2)C3)CC1,5.096910013008056,Ebola
CHEMBL2323046,O=C(CC12CC3CC(CC(C3)C1)C2)NCC(=O)N1CCN(Cc2cccnc2)CC1,5.167491087293763,Ebola
CHEMBL2323274,N#Cc1cccc(CN2CCN(C(=O)CNC(=O)CC34CC5CC(CC(C5)C3)C4)CC2)c1,5.920818753952375,Ebola
CHEMBL2323258,O=C(CC12CC3CC(CC(C3)C1)C2)NC(CCC(=O)OCc1ccccc1)C(=O)N1CCN(Cc2ccccc2)CC1,5.060480747381382,Ebola
CHEMBL2323276,O=C(NCC(=O)N1CCN(Cc2ccccc2)CC1)C1CCCCC1,4.568636235841012,Ebola
CHEMBL4565849,Nc1nccc2c1ncn2C1=CC[C@@H](O)[C@H]1O,6.366531544420414,Ebola
CHEMBL2323036,CN(C)C(=O)c1ccc(COc2ccccc2CN2CCN(C(=O)CNC(=O)CC34CC5CC(CC(C5)C3)C4)CC2)cc1,5.481486060122112,Ebola
CHEMBL2323055,CC(=O)Nc1ccc(CN2CCN(C(=O)CNC(=O)CC34CC5CC(CC(C5)C3)C4)CC2)cc1,5.1249387366083,Ebola
CHEMBL4574120,CCN(CC)CCCNc1ccnc2c1ccc1c2ccc2c(NCCN3CCOCC3)ccnc21.Cl.Cl.Cl.Cl,5.314258261397736,Ebola
CHEMBL263634,CC(C)(C)OC(=O)N[C@@H](Cc1c[nH]c2ccccc12)C(=O)NNC(=O)OCC(=O)N1CCCc2ccccc21,3.714442690992226,Ebola
CHEMBL5558689,CCCCCN(CC)c1ccc(Oc2ccc(-c3c(C)c(=O)c4c(F)cccc4n3C)cc2F)cc1,8.154901959985743,Ebola
CHEMBL5176722,FC(C1=Nc2ccccc2N=C(c2ccccc2)C1)C(F)(F)F,5.0,Ebola
CHEMBL1655,CN(C)CCOc1ccc(/C(=C(/CCCl)c2ccccc2)c2ccccc2)cc1,6.790484985457369,Ebola
CHEMBL1655,CN(C)CCOc1ccc(/C(=C(/CCCl)c2ccccc2)c2ccccc2)cc1,6.790484985457369,Ebola
CHEMBL1655,CN(C)CCOc1ccc(/C(=C(/CCCl)c2ccccc2)c2ccccc2)cc1,6.013228265733755,Ebola
CHEMBL1655,CN(C)CCOc1ccc(/C(=C(/CCCl)c2ccccc2)c2ccccc2)cc1,6.013228265733755,Ebola
CHEMBL4454384,c1cc(NCCCN2CCOCC2)c2nccc(NCCCN3CCOCC3)c2n1,5.0,Ebola
CHEMBL4451043,c1cc(NCCCCN2CCOCC2)c2nccc(NCCCCN3CCOCC3)c2n1,5.649751981665837,Ebola
CHEMBL2323039,COC(=O)c1ccc(COc2ccccc2CN2CCN(C(=O)CNC(=O)CC34CC5CC(CC(C5)C3)C4)CC2)cc1,7.886056647693163,Ebola
CHEMBL4214399,O=C(CC1CCC(F)(F)CC1)NCC(=O)N1CCN(Cc2cc(Cl)ccc2NS(=O)(=O)C2CC2)CC1,5.657577319177793,Ebola
CHEMBL4209297,Nc1ccc(Cl)cc1CN1CCN(C(=O)CNC(=O)C2CC23CCC3)CC1,5.6020599913279625,Ebola
CHEMBL4217000,Nc1ccc(C2CC2)cc1CN1CCN(C(=O)CNC(=O)C2CC23CCC(F)(F)CC3)CC1,5.376750709602099,Ebola
CHEMBL4217113,COC(=O)c1ccc(COc2ccc(F)cc2CN2CCN(C(=O)CNC(=O)CC34CC5CC(CC(C5)C3)C4)CC2)cc1,8.853871964321762,Ebola
CHEMBL4202839,CNS(=O)(=O)c1ccc(COc2ccccc2CN2CCN(C(=O)CNC(=O)CC34CC5CC(CC(C5)C3)C4)CC2)cc1,6.522878745280337,Ebola
CHEMBL4209870,O=C(CC12CC3CC(CC(C3)C1)C2)NCC(=O)N1CCN(Cc2cc(Cl)ccc2O)CC1,6.698970004336019,Ebola
CHEMBL4208401,Nc1ccc(Cl)cc1CN1CCN(C(=O)CNC(=O)CC23CC4CC(CC(C4)C2)C3)CC1,7.045757490560675,Ebola
CHEMBL4215666,O=C(CC12CC3CC(CC(C3)C1)C2)NCC(=O)N1CCN(Cc2cc(Cl)cc(Cl)c2Cl)CC1,6.366531544420414,Ebola
CHEMBL4205782,CS(=O)(=O)c1ccc(COc2ccc(Cl)cc2CN2CCN(C(=O)CNC(=O)C3CC34CCC(F)(F)CC4)CC2)cc1,7.455931955649724,Ebola
CHEMBL4203388,CS(=O)(=O)c1ccc(CNc2ccc(Cl)cc2CN2CCN(C(=O)CNC(=O)C3CC34CCC(F)(F)CC4)CC2)cc1,7.769551078621726,Ebola
CHEMBL6246,O=c1oc2c(O)c(O)cc3c(=O)oc4c(O)c(O)cc1c4c23,5.853871964321762,Ebola
CHEMBL5176722,FC(C1=Nc2ccccc2N=C(c2ccccc2)C1)C(F)(F)F,5.0,Ebola
CHEMBL5593695,CC1CCN(CCC(=O)O[C@H]2C(C)(C)[C@H]3CC[C@]2(C)C3)CC1,5.4089353929735005,Ebola
CHEMBL5590104,CCN1CCN(CCC(=O)O[C@H]2C(C)(C)[C@H]3CC[C@]2(C)C3)CC1,5.091514981121351,Ebola
CHEMBL4435242,CCN(CC)CCNc1ccnc2c(NCCN(CC)CC)ccnc12,4.850472986245652,Ebola
CHEMBL4212614,O=S(=O)(c1cc(Cl)cc(Cl)c1)N1CCCC2=C[C@H]3C[C@H](CN4CCCC[C@H]34)[C@@H]21,4.97469413473523,Ebola
CHEMBL5598387,COC(=O)N1CCN(CC(O)COc2c3c(c(-c4ccc5c(c4)OCO5)c4cc(OC)c(OC)cc24)C(=O)OC3)CC1,7.387216143280264,Ebola
CHEMBL5596191,COc1cc2c(OCCCN3CC4CCC(C3)N4C)c3c(c(-c4ccc5c(c4)OCO5)c2cc1OC)C(=O)OC3,8.0,Ebola
CHEMBL5590879,COc1cc2c(OCCCC#N)c3c(c(-c4ccc5c(c4)OCO5)c2cc1OC)C(=O)OC3,7.431798275933005,Ebola
CHEMBL5596937,COc1cc2c(OCCCN3CC4CCC3CN4C)c3c(c(-c4ccc5c(c4)OCO5)c2cc1OC)C(=O)OC3,8.698970004336019,Ebola
CHEMBL5612846,O=C(Nc1ccc(Cl)cc1)c1ccc(-c2cccc(OC3CCNCC3)c2)s1,5.452225294612178,Ebola
CHEMBL5612846,O=C(Nc1ccc(Cl)cc1)c1ccc(-c2cccc(OC3CCNCC3)c2)s1,5.452225294612178,Ebola
CHEMBL4863829,CC(C)C(=O)OC[C@H]1O[C@@](C#N)(c2ccc3c(N)ncnn23)[C@H](O)[C@@H]1O,5.380906669373257,Ebola
CHEMBL1236524,Nc1ncnc2c([C@@H]3N[C@H](CO)[C@@H](O)[C@H]3O)c[nH]c12,4.928117992693874,Ebola
CHEMBL1236524,Nc1ncnc2c([C@@H]3N[C@H](CO)[C@@H](O)[C@H]3O)c[nH]c12,4.928117992693874,Ebola
CHEMBL5614222,O=C(Nc1ccc(N2CCOCC2)cc1)c1ccc(-c2ccccc2OC2CCNCC2)s1,5.013228265733755,Ebola
CHEMBL5614222,O=C(Nc1ccc(N2CCOCC2)cc1)c1ccc(-c2ccccc2OC2CCNCC2)s1,5.013228265733755,Ebola
CHEMBL2323044,O=C(CC12CC3CC(CC(C3)C1)C2)NCC(=O)N1CCN(Cc2cccc(C(F)(F)F)c2)CC1,5.585026652029182,Ebola
CHEMBL2323266,O=C(CC12CC3CC(CC(C3)C1)C2)NCC(=O)N1CCN(Cc2ccccc2O)CC1,5.537602002101044,Ebola
CHEMBL4205619,O=C(NCC(=O)N1CCN(Cc2cc(Cl)ccc2O)CC1)C1CC12CCC(F)(F)CC2,6.7447274948966935,Ebola
CHEMBL1655,CN(C)CCOc1ccc(/C(=C(/CCCl)c2ccccc2)c2ccccc2)cc1,4.910094888560602,Ebola
CHEMBL1655,CN(C)CCOc1ccc(/C(=C(/CCCl)c2ccccc2)c2ccccc2)cc1,4.910094888560602,Ebola
CHEMBL1655,CN(C)CCOc1ccc(/C(=C(/CCCl)c2ccccc2)c2ccccc2)cc1,5.721246399047171,Ebola
CHEMBL1655,CN(C)CCOc1ccc(/C(=C(/CCCl)c2ccccc2)c2ccccc2)cc1,5.721246399047171,Ebola
CHEMBL4528226,Nc1ncc(Br)c2c1ncn2C1=CC[C@H](O)[C@@H]1O,4.454569170534649,Ebola
CHEMBL4435242,CCN(CC)CCNc1ccnc2c(NCCN(CC)CC)ccnc12,4.20342566678957,Ebola
CHEMBL4213824,COC(=O)c1ccc(COc2ccccc2CN2CCN(C(=O)CNC(=O)CC3CC34CCCCC4)CC2)cc1,7.136677139879544,Ebola
CHEMBL2323270,O=C(CC12CC3CC(CC(C3)C1)C2)NCC(=O)N1CCN(Cc2ccccn2)CC1,5.070581074285707,Ebola
CHEMBL2323268,COC(=O)c1ccccc1CN1CCN(C(=O)CNC(=O)CC23CC4CC(CC(C4)C2)C3)CC1,5.096910013008056,Ebola
CHEMBL2323267,O=C(CC12CC3CC(CC(C3)C1)C2)NCC(=O)N1CCN(Cc2ccccc2C(F)(F)F)CC1,5.7447274948966935,Ebola
CHEMBL5583989,CC1(C)[C@H]2CC[C@](C)(C2)[C@H]1OC(=O)CN1CCOCC1,4.886056647693163,Ebola
CHEMBL5594482,CC1(C)[C@H]2CC[C@](C)(C2)[C@H]1OC(=O)CCN1CCCCC1,4.769551078621726,Ebola
CHEMBL4541962,COc1ccc(-c2cnc3[nH]cc(NC(=O)c4cccnc4)c3c2)cc1OC,5.372634143407267,Ebola
CHEMBL5414982,O=C(CCNCCC1CCN(Cc2ccccc2)CC1)NN(c1ccccc1)c1ccccc1,7.301029995663981,Ebola
CHEMBL5414982,O=C(CCNCCC1CCN(Cc2ccccc2)CC1)NN(c1ccccc1)c1ccccc1,7.301029995663981,Ebola
CHEMBL5428579,O=C(CNCCN1CCN(Cc2ccccc2)CC1)NN(c1ccccc1)c1ccccc1,5.663540266151471,Ebola
CHEMBL5428579,O=C(CNCCN1CCN(Cc2ccccc2)CC1)NN(c1ccccc1)c1ccccc1,5.663540266151471,Ebola
CHEMBL4174075,COc1cc(-c2cnc3c(N4CCO[C@@H](C)C4)snc3c2)ccc1N,5.564155634015559,Ebola
CHEMBL4159994,COc1cc(-c2cnc3c(N4CCOC(C)C4)snc3c2)ccc1N,5.698752911363789,Ebola
CHEMBL4065616,CCC(CC)COC(=O)[C@H](C)N[P@](=O)(OC[C@H]1O[C@@](C#N)(c2ccc3c(N)ncnn23)[C@H](O)[C@@H]1O)Oc1ccccc1,7.221848749616356,Ebola
CHEMBL4439128,COc1ccc(-c2cnc3[nH]cc(C#Cc4cccnc4)c3c2)cc1OC,5.798602875679548,Ebola
CHEMBL5395403,O=C(CCNCCN1CCN(Cc2ccccc2)CC1)NN(Cc1ccccc1)c1ccccc1,5.440093374963888,Ebola
CHEMBL558805,CN1[C@@H]2CC[C@@H]1CC(OC(c1ccccc1)c1ccccc1)C2,5.09312646527793,Ebola
CHEMBL1008,CC(C)COCC(CN(Cc1ccccc1)c1ccccc1)N1CCCC1,5.29413628771608,Ebola
CHEMBL490,Fc1ccc([C@@H]2CCNC[C@H]2COc2ccc3c(c2)OCO3)cc1,5.860120913598763,Ebola
CHEMBL4065616,CCC(CC)COC(=O)[C@H](C)N[P@](=O)(OC[C@H]1O[C@@](C#N)(c2ccc3c(N)ncnn23)[C@H](O)[C@@H]1O)Oc1ccccc1,7.0655015487564325,Ebola
CHEMBL4093197,CCC(CC)COC(=O)[C@H](C)N[P@](=O)(OCCOCn1cnc(-c2cnc(N)nc2OC)c1)Oc1ccccc1,4.565431095965801,Ebola
CHEMBL4211619,N#Cc1ccc(Br)cc1CN1CCN(C(=O)CNC(=O)CC23CC4CC(CC(C4)C2)C3)CC1,6.508638306165727,Ebola
CHEMBL4215531,O=C(CC12CC3CC(C1)CC(c1ccccc1)(C3)C2)NCC(=O)N1CCN(Cc2ccccc2OCc2ccc(Br)cc2)CC1,6.154901959985743,Ebola
CHEMBL4213290,COC(=O)c1ccc(COc2ccccc2CN2CCN(C(=O)CNC(=O)CC3CC3(C)C)CC2)cc1,6.522878745280337,Ebola
CHEMBL4212571,[2H]C([2H])(c1cc(Cl)ccc1N)N1CCN(C(=O)CNC(=O)CC2CCC(F)(F)CC2)CC1,6.459670525209126,Ebola
CHEMBL4208672,[2H]C([2H])(c1cc(Cl)ccc1N)N1CCN(C(=O)CNC(=O)C2CC23CCC(F)(F)CC3)CC1,7.292429823902063,Ebola
CHEMBL4084735,CCOC(=O)[C@H](Cc1ccccc1)NP(=O)(OC[C@H]1O[C@@](C#N)(c2ccc3c(N)ncnn23)[C@H](O)[C@@H]1O)Oc1ccccc1,6.568636235841012,Ebola
CHEMBL4064050,CC(C)OC(=O)[C@H](C)NP(=O)(OC[C@H]1O[C@@](C#N)(c2ccc3c(N)ncnn23)[C@H](O)[C@@H]1O)Oc1ccccc1,6.435333935747911,Ebola
CHEMBL4093197,CCC(CC)COC(=O)[C@H](C)N[P@](=O)(OCCOCn1cnc(-c2cnc(N)nc2OC)c1)Oc1ccccc1,4.537602002101044,Ebola
CHEMBL3596788,COc1nc(N)ncc1-c1cn(COCCO)cn1,5.657577319177793,Ebola
CHEMBL4065538,COc1nc(N)ncc1-c1cn(COCCOC(C)=O)cn1,4.698970004336019,Ebola
CHEMBL2323039,COC(=O)c1ccc(COc2ccccc2CN2CCN(C(=O)CNC(=O)CC34CC5CC(CC(C5)C3)C4)CC2)cc1,6.886056647693163,Ebola
CHEMBL4204421,O=C(CC12CC3CC(CC(C3)C1)C2)NCC(=O)N1CCN(Cc2cc(Cl)c(F)cc2F)CC1,6.431798275933005,Ebola
CHEMBL4213070,CS(=O)(=O)c1ccc(COc2ccc(Cl)cc2CN2CCN(C(=O)CNC(=O)CC3CCC(F)(F)CC3)CC2)cc1,7.42021640338319,Ebola
CHEMBL4208258,CS(=O)(=O)c1ccc(CNc2ccc(Cl)cc2CN2CCN(C(=O)CNC(=O)CC3CCC(F)(F)CC3)CC2)cc1,7.552841968657781,Ebola
CHEMBL4205782,CS(=O)(=O)c1ccc(COc2ccc(Cl)cc2CN2CCN(C(=O)CNC(=O)C3CC34CCC(F)(F)CC4)CC2)cc1,6.853871964321762,Ebola
CHEMBL5395997,CN1CCN(CCC(=O)NN(c2ccccc2)c2ccccc2)CC1,6.568636235841012,Ebola
CHEMBL5395997,CN1CCN(CCC(=O)NN(c2ccccc2)c2ccccc2)CC1,6.568636235841012,Ebola
CHEMBL5402943,O=C(CNCCC1CCN(Cc2ccccc2)CC1)NN(Cc1ccccc1)c1ccccc1,5.978810700930062,Ebola
CHEMBL4209473,O=C(CC1CCC(F)(F)CC1)NCC(=O)N1CCN(Cc2cc(Cl)cc(F)c2O)CC1,5.552841968657781,Ebola
CHEMBL4586014,Nc1ncnc2c(C[C@@H]3N[C@H](CO)[C@@H](O)[C@H]3O)c[nH]c12,5.468521082957745,Ebola
CHEMBL4206118,COS(=O)(=O)c1ccc(COc2ccc(F)cc2CN2CCN(C(=O)CNC(=O)CC34CC5CC(CC(C5)C3)C4)CC2)cc1,8.301029995663981,Ebola
CHEMBL4210142,NC(=O)c1ccc(COc2ccccc2CN2CCN(C(=O)CNC(=O)CC34CC5CC(CC(C5)C3)C4)CC2)cc1,6.154901959985743,Ebola
CHEMBL4209367,O=C(CC12CC3CC(CC(C3)C1)C2)NCC(=O)N1CCN(Cc2cc(Br)ccc2F)CC1,5.920818753952375,Ebola
CHEMBL4218620,[2H]C([2H])(c1cc(Cl)ccc1NCc1ccc(S(C)(=O)=O)cc1)N1CCN(C(=O)CNC(=O)C2CC23CCC(F)(F)CC3)CC1,6.962573502059376,Ebola
CHEMBL2323039,COC(=O)c1ccc(COc2ccccc2CN2CCN(C(=O)CNC(=O)CC34CC5CC(CC(C5)C3)C4)CC2)cc1,7.1938200260161125,Ebola
CHEMBL4205782,CS(=O)(=O)c1ccc(COc2ccc(Cl)cc2CN2CCN(C(=O)CNC(=O)C3CC34CCC(F)(F)CC4)CC2)cc1,6.6777807052660805,Ebola
CHEMBL2323039,COC(=O)c1ccc(COc2ccccc2CN2CCN(C(=O)CNC(=O)CC34CC5CC(CC(C5)C3)C4)CC2)cc1,6.795880017344075,Ebola
CHEMBL4216072,O=C(CC12CC3CC(CC(Cl)(C3)C1)C2)NCC(=O)N1CCN(Cc2ccccc2OCc2ccc(Br)cc2)CC1,6.301029995663981,Ebola
CHEMBL415,CN(C)CCCN1c2ccccc2CCc2ccc(Cl)cc21,4.987162775294828,Ebola
CHEMBL1655,CN(C)CCOc1ccc(/C(=C(/CCCl)c2ccccc2)c2ccccc2)cc1,6.823908740944319,Ebola
CHEMBL1655,CN(C)CCOc1ccc(/C(=C(/CCCl)c2ccccc2)c2ccccc2)cc1,6.823908740944319,Ebola
CHEMBL221722,NC(=O)c1nc(F)cnc1O,4.173925197299173,Ebola
CHEMBL221722,NC(=O)c1nc(F)cnc1O,4.173925197299173,Ebola
CHEMBL4065616,CCC(CC)COC(=O)[C@H](C)N[P@](=O)(OC[C@H]1O[C@@](C#N)(c2ccc3c(N)ncnn23)[C@H](O)[C@@H]1O)Oc1ccccc1,6.769551078621726,Ebola
CHEMBL4065616,CCC(CC)COC(=O)[C@H](C)N[P@](=O)(OC[C@H]1O[C@@](C#N)(c2ccc3c(N)ncnn23)[C@H](O)[C@@H]1O)Oc1ccccc1,7.0,Ebola
CHEMBL3120789,CCC(CC)COC(=O)[C@H](C)NP(=O)(OC[C@H]1O[C@@](C#N)(c2ccc3c(N)ncnn23)[C@](C)(O)[C@@H]1O)Oc1ccccc1,4.568636235841012,Ebola
CHEMBL4090912,CCC(CC)COC(=O)[C@@H](C)NP(=O)(OC[C@H]1O[C@@](C#N)(c2ccc3c(N)ncnn23)[C@H](O)[C@@H]1O)Oc1ccccc1,6.259637310505756,Ebola
CHEMBL3120789,CCC(CC)COC(=O)[C@H](C)NP(=O)(OC[C@H]1O[C@@](C#N)(c2ccc3c(N)ncnn23)[C@](C)(O)[C@@H]1O)Oc1ccccc1,4.886056647693163,Ebola
CHEMBL4064050,CC(C)OC(=O)[C@H](C)NP(=O)(OC[C@H]1O[C@@](C#N)(c2ccc3c(N)ncnn23)[C@H](O)[C@@H]1O)Oc1ccccc1,6.527243550682788,Ebola
CHEMBL4204116,COC(=O)c1ccc(/C=C/c2ccccc2CN2CCN(C(=O)CNC(=O)CC34CC5CC(CC(C5)C3)C4)CC2)cc1,5.823908740944319,Ebola
CHEMBL2323039,COC(=O)c1ccc(COc2ccccc2CN2CCN(C(=O)CNC(=O)CC34CC5CC(CC(C5)C3)C4)CC2)cc1,6.552841968657781,Ebola
CHEMBL4205782,CS(=O)(=O)c1ccc(COc2ccc(Cl)cc2CN2CCN(C(=O)CNC(=O)C3CC34CCC(F)(F)CC4)CC2)cc1,6.376750709602099,Ebola
CHEMBL1256768,N=C(N)c1ccc2oc(/C=C/c3nc4cc(C(=N)N)ccc4[nH]3)cc2c1,6.017728766960432,Ebola
CHEMBL4452787,Cl.Cl.Cl.Cl.OC(CNc1ccnc2c1ccc1c2ccc2c(NCCN3CCOCC3)ccnc21)CN1CCOCC1,5.455931955649724,Ebola
CHEMBL3425867,COc1cc(-c2cnc3c(N4CCOCC4)snc3c2)ccc1N,4.659357622439295,Ebola
CHEMBL4213694,Nc1ccc(Cl)cc1CN1CCN(C(=O)CNC(=O)C2CC23CCC(F)(F)CC3)CC1,7.0,Ebola
CHEMBL4216746,COC(=O)c1ccc(COc2ccccc2CN2CCN(C(=O)CNC(=O)CC3(C)CCCCC3)CC2)cc1,7.096910013008056,Ebola
CHEMBL5077949,CCCCCCCCCCOCCC(=O)O[C@@H]1[C@H](O)[C@@H](CO[P@@](=O)(N[C@H](C)C(=O)OCC(CC)CC)Oc2ccccc2)O[C@@]1(C#N)c1ccc2c(N)ncnn12,6.522878745280337,Ebola
CHEMBL5086796,CCC(CC)COC(=O)[C@@H](C)N[P@](=O)(OC[C@H]1O[C@@](C#N)(c2ccc3c(N)ncnn23)[C@H](OC(=O)CCCCCCCCCCCN=[N+]=[N-])[C@@H]1O)Oc1ccccc1,6.301029995663981,Ebola
CHEMBL5079736,CCCCCCCCCCOCCC(=O)O[C@H]1[C@@H](O)[C@](C#N)(c2ccc3c(N)ncnn23)O[C@@H]1CO[P@@](=O)(N[C@H](C)C(=O)OCC(CC)CC)Oc1ccccc1,6.795880017344075,Ebola
CHEMBL3334764,Nc1ncnc2c1ncn2C1=C[C@@H](CO)[C@H](O)[C@@H]1O,6.119186407719209,Ebola
CHEMBL4098638,CCC(CC)OC(=O)[C@H](C)NP(=O)(N[C@@H](C)C(=O)OC(CC)CC)OC[C@H]1O[C@@](C#N)(c2ccc3c(N)ncnn23)[C@H](O)[C@@H]1O,6.013228265733755,Ebola
CHEMBL4099554,CCC(CC)OC(=O)[C@H](C)NP(=O)(OC[C@H]1O[C@@](C#N)(c2ccc3c(N)ncnn23)[C@H](O)[C@@H]1O)Oc1ccccc1,6.073143291050307,Ebola
CHEMBL4211136,CN(C)S(=O)(=O)c1ccc(COc2ccccc2CN2CCN(C(=O)CNC(=O)CC34CC5CC(CC(C5)C3)C4)CC2)cc1,6.3979400086720375,Ebola
CHEMBL4203875,O=C(CC12CC3CC(CC(C3)C1)C2)NCC(=O)N1CCN(Cc2cc(Cl)cc(F)c2F)CC1,6.173925197299173,Ebola
CHEMBL5198546,O=C(N[C@H](/C=C/S(=O)(=O)c1ccccc1)CCc1ccccc1)[C@H](Cc1ccccc1)NC(=O)N1CCN(c2ccccc2)CC1,10.397940008672036,Ebola
CHEMBL5183759,C=C(C)O[C@@H]1[C@@H](OC(C)=O)[C@H](NC(=O)[C@]23CCC(C)(C)C[C@H]2C2=CC[C@@H]4[C@@]5(C)CCC(=O)C(C)(C)[C@@H]5CC[C@@]4(C)[C@]2(C)CC3=O)O[C@H](COC(C)=O)[C@@H]1OC(C)=O,7.22767829327708,Ebola
CHEMBL221722,NC(=O)c1nc(F)cnc1O,3.958607314841775,Ebola
CHEMBL221722,NC(=O)c1nc(F)cnc1O,3.958607314841775,Ebola
CHEMBL263634,CC(C)(C)OC(=O)N[C@@H](Cc1c[nH]c2ccccc12)C(=O)NNC(=O)OCC(=O)N1CCCc2ccccc21,6.714442690992226,Ebola
CHEMBL4065538,COc1nc(N)ncc1-c1cn(COCCOC(C)=O)cn1,4.356547323513812,Ebola
CHEMBL4065616,CCC(CC)COC(=O)[C@H](C)N[P@](=O)(OC[C@H]1O[C@@](C#N)(c2ccc3c(N)ncnn23)[C@H](O)[C@@H]1O)Oc1ccccc1,7.275724130399211,Ebola
CHEMBL3120793,CC(C)OC(=O)[C@H](C)N[P@+]([O-])(OC[C@H]1O[C@@](C#N)(c2ccc3c(N)ncnn23)[C@](C)(O)[C@@H]1OC(=O)C(C)C)Oc1ccccc1,4.3979400086720375,Ebola
CHEMBL4061258,CCC(CC)COC(=O)[C@H](C)N[P@@](=O)(OC[C@H]1O[C@@](C#N)(c2ccc3c(N)ncnn23)[C@H](O)[C@@H]1O)Oc1ccccc1,7.275724130399211,Ebola
CHEMBL5613994,O=C(Nc1cccc(Cl)c1)c1ccc(-c2ccccc2OC2CCNCC2)s1,5.332547047110046,Ebola
CHEMBL5613994,O=C(Nc1cccc(Cl)c1)c1ccc(-c2ccccc2OC2CCNCC2)s1,5.332547047110046,Ebola
CHEMBL4065616,CCC(CC)COC(=O)[C@H](C)N[P@](=O)(OC[C@H]1O[C@@](C#N)(c2ccc3c(N)ncnn23)[C@H](O)[C@@H]1O)Oc1ccccc1,7.154901959985743,Ebola
CHEMBL2059155,Nc1ncc(Br)c2c1ncn2[C@@H]1C=C(CO)[C@@H](O)[C@H]1O,5.519993057042849,Ebola
CHEMBL4439128,COc1ccc(-c2cnc3[nH]cc(C#Cc4cccnc4)c3c2)cc1OC,5.798602875679548,Ebola
CHEMBL4093434,CCOC(=O)[C@H](C)NP(=O)(OC[C@H]1O[C@@](C#N)(c2ccc3c(N)ncnn23)[C@H](O)[C@@H]1O)Oc1ccccc1,5.615288257061717,Ebola
CHEMBL4072649,C[C@H](NP(=O)(OC[C@H]1O[C@@](C#N)(c2ccc3c(N)ncnn23)[C@H](O)[C@@H]1O)Oc1ccccc1)C(=O)OC1CCCC1,6.198596289982645,Ebola
CHEMBL1256768,N=C(N)c1ccc2oc(/C=C/c3nc4cc(C(=N)N)ccc4[nH]3)cc2c1,6.481486060122112,Ebola
CHEMBL5275329,CCN(CC)Cc1cc(Nc2ccnc3cc(I)ccc23)ccc1O,6.1938200260161125,Ebola
CHEMBL4218620,[2H]C([2H])(c1cc(Cl)ccc1NCc1ccc(S(C)(=O)=O)cc1)N1CCN(C(=O)CNC(=O)C2CC23CCC(F)(F)CC3)CC1,7.67778070526608,Ebola
CHEMBL1236524,Nc1ncnc2c([C@@H]3N[C@H](CO)[C@@H](O)[C@H]3O)c[nH]c12,5.522878745280337,Ebola
CHEMBL1236524,Nc1ncnc2c([C@@H]3N[C@H](CO)[C@@H](O)[C@H]3O)c[nH]c12,5.522878745280337,Ebola
CHEMBL4207713,NS(=O)(=O)c1ccc(COc2ccccc2CN2CCN(C(=O)CNC(=O)CC34CC5CC(CC(C5)C3)C4)CC2)cc1,6.455931955649724,Ebola
CHEMBL4214271,O=C(CC12CC3CC(CC(C3)C1)C2)NCC(=O)N1CCN(Cc2cc(Br)ccc2Cl)CC1,5.657577319177793,Ebola
CHEMBL4093197,CCC(CC)COC(=O)[C@H](C)N[P@](=O)(OCCOCn1cnc(-c2cnc(N)nc2OC)c1)Oc1ccccc1,5.154901959985743,Ebola
CHEMBL5181012,CCCN1CCN(C(=O)N[C@@H](Cc2ccccc2)C(=O)N[C@H](/C=C/S(=O)(=O)c2ccccc2)CCc2ccccc2)CC1,10.397940008672036,Ebola
CHEMBL4172550,COc1cc(-c2cnc3c(N4C[C@@H](C)O[C@@H](C)C4)snc3c2)ccc1N,5.111708154643485,Ebola
CHEMBL4159994,COc1cc(-c2cnc3c(N4CCOC(C)C4)snc3c2)ccc1N,5.104301273040695,Ebola
CHEMBL4563048,Clc1ccc2c(NCCCCNc3ccnc4cccnc34)ccnc2c1,5.542118103266008,Ebola
CHEMBL4445585,Cl.Cl.Cl.Cl.c1cc(NCCCCN2CCOCC2)c2ccc3c(ccc4c(NCCN5CCOCC5)ccnc43)c2n1,6.6777807052660805,Ebola
CHEMBL4445585,Cl.Cl.Cl.Cl.c1cc(NCCCCN2CCOCC2)c2ccc3c(ccc4c(NCCN5CCOCC5)ccnc43)c2n1,6.6777807052660805,Ebola
CHEMBL3754027,Nc1ncc(Br)c2c1ncn2C1=C[C@@H](CO)[C@H](O)[C@@H]1O,5.454692883534176,Ebola
CHEMBL4174075,COc1cc(-c2cnc3c(N4CCO[C@@H](C)C4)snc3c2)ccc1N,5.093557206182968,Ebola
CHEMBL76,CCN(CC)CCCC(C)Nc1ccnc2cc(Cl)ccc12,4.795880017344075,Ebola
CHEMBL76,CCN(CC)CCCC(C)Nc1ccnc2cc(Cl)ccc12,4.795880017344075,Ebola
CHEMBL4467176,CCN(CC)CCCNc1ccnc2cccnc12,5.0,Ebola
CHEMBL4452787,Cl.Cl.Cl.Cl.OC(CNc1ccnc2c1ccc1c2ccc2c(NCCN3CCOCC3)ccnc21)CN1CCOCC1,6.221848749616356,Ebola
CHEMBL4465489,Cl.Cl.NCCCCNc1ccnc2c1ccc1c2ccc2c(NCCCCN)ccnc21,5.0,Ebola
CHEMBL4277261,Nc1ccnc2c1ncn2[C@@H]1C=C(CO)[C@@H](O)[C@H]1O,5.3979400086720375,Ebola
CHEMBL4744269,COc1ncc(-c2cnn(COCCOC(C)=O)c2)c(OC)n1,5.086186147616283,Ebola
CHEMBL1655,CN(C)CCOc1ccc(/C(=C(/CCCl)c2ccccc2)c2ccccc2)cc1,7.045757490560675,Ebola
CHEMBL1655,CN(C)CCOc1ccc(/C(=C(/CCCl)c2ccccc2)c2ccccc2)cc1,7.045757490560675,Ebola
CHEMBL7568,CCN(CC)CCCC(C)Nc1c2ccc(Cl)cc2nc2ccc(OC)cc12,5.978810700930062,Ebola
CHEMBL4589472,CCN(CC)CCCC(C)Nc1ccnc2c(NC(C)CCCN(CC)CC)ccnc12,6.107905397309519,Ebola
CHEMBL4589472,CCN(CC)CCCC(C)Nc1ccnc2c(NC(C)CCCN(CC)CC)ccnc12,6.107905397309519,Ebola
CHEMBL4451043,c1cc(NCCCCN2CCOCC2)c2nccc(NCCCCN3CCOCC3)c2n1,5.00436480540245,Ebola
CHEMBL4472278,Cl.Cl.Cl.Cl.c1cc(NCCN2CCOCC2)c2ccc3c(ccc4c(NCCN5CCOCC5)ccnc43)c2n1,5.866461091629782,Ebola
CHEMBL4065616,CCC(CC)COC(=O)[C@H](C)N[P@](=O)(OC[C@H]1O[C@@](C#N)(c2ccc3c(N)ncnn23)[C@H](O)[C@@H]1O)Oc1ccccc1,6.113509274827518,Ebola
CHEMBL2323039,COC(=O)c1ccc(COc2ccccc2CN2CCN(C(=O)CNC(=O)CC34CC5CC(CC(C5)C3)C4)CC2)cc1,6.795880017344075,Ebola
CHEMBL809,CN[C@H]1CC[C@@H](c2ccc(Cl)c(Cl)c2)c2ccccc21,5.504455662453552,Ebola
CHEMBL4163357,COc1cc(-c2cnc3c(N4CCO[C@H](C)C4)snc3c2)ccc1N,5.362010219215315,Ebola
CHEMBL3425867,COc1cc(-c2cnc3c(N4CCOCC4)snc3c2)ccc1N,4.925915310971757,Ebola
CHEMBL4550796,CCN(CC)CCCNc1ccnc2c(NCCCN(CC)CC)ccnc12,5.31695296176115,Ebola
CHEMBL4574120,CCN(CC)CCCNc1ccnc2c1ccc1c2ccc2c(NCCN3CCOCC3)ccnc21.Cl.Cl.Cl.Cl,6.102372908709558,Ebola
CHEMBL4589472,CCN(CC)CCCC(C)Nc1ccnc2c(NC(C)CCCN(CC)CC)ccnc12,5.325138859262188,Ebola
CHEMBL4589472,CCN(CC)CCCC(C)Nc1ccnc2c(NC(C)CCCN(CC)CC)ccnc12,5.325138859262188,Ebola
CHEMBL4472278,Cl.Cl.Cl.Cl.c1cc(NCCN2CCOCC2)c2ccc3c(ccc4c(NCCN5CCOCC5)ccnc43)c2n1,6.259637310505756,Ebola
CHEMBL4285221,Nc1cccc2c1ncn2[C@@H]1C=C(CO)[C@@H](O)[C@H]1O,5.698970004336019,Ebola
CHEMBL535,CCN(CC)CCNC(=O)c1c(C)[nH]c(/C=C2\C(=O)Nc3ccc(F)cc32)c1C,6.327902142064283,Ebola
CHEMBL5594239,CN(C)C1CCN(C(=O)c2cc3occc3n2C(=O)OCc2ccccc2)CC1,5.774690718274137,Ebola
CHEMBL4203855,O=C(CC12CC3(F)CC(F)(CC(F)(C3)C1)C2)NCC(=O)N1CCN(Cc2ccccc2OCc2ccc(Br)cc2)CC1,6.698970004336019,Ebola
CHEMBL4208035,O=C(CC1CCC(F)(F)CC1)NCC(=O)N1CCN(Cc2cc(Cl)ccc2NC(=O)C2CC2)CC1,5.455931955649724,Ebola
CHEMBL4216089,O=C(CC12CC3CC(CC(C3)C1)C2)NCC(=O)N1CCN(Cc2c(F)ccc(Cl)c2F)CC1,5.8696662315049934,Ebola
CHEMBL4206732,NC(=O)c1ccc(Cl)cc1CN1CCN(C(=O)CNC(=O)CC23CC4CC(CC(C4)C2)C3)CC1,5.721246399047171,Ebola
CHEMBL4217574,Clc1ccc(CCCN2CCCC3=C[C@H]4C[C@H](CN5CCCC[C@H]45)[C@@H]32)cc1,5.1487416512809245,Ebola
CHEMBL4211002,O=C(c1ccc(Cl)cc1)N1CCCC2=C[C@H]3C[C@H](CN4CCCC[C@H]34)[C@@H]21,4.467245621007502,Ebola
CHEMBL4202702,COc1cccc(CN2CCCC3=C[C@H]4C[C@H](CN5CCCC[C@H]45)[C@@H]32)c1,4.91721462968355,Ebola
CHEMBL4205951,Clc1ccc(CN2CCCC3=C[C@H]4C[C@H](CN5CCCC[C@H]45)[C@@H]32)cc1,4.924453038607469,Ebola
CHEMBL5092860,CCSCCCCCCCCCCCC(=O)O[C@H]1[C@@H](O)[C@](C#N)(c2ccc3c(N)ncnn23)O[C@@H]1CO[P@@](=O)(N[C@H](C)C(=O)OCC(CC)CC)Oc1ccccc1,6.552841968657781,Ebola
CHEMBL5086796,CCC(CC)COC(=O)[C@@H](C)N[P@](=O)(OC[C@H]1O[C@@](C#N)(c2ccc3c(N)ncnn23)[C@H](OC(=O)CCCCCCCCCCCN=[N+]=[N-])[C@@H]1O)Oc1ccccc1,6.721246399047171,Ebola
CHEMBL1773163,Cc1cc(NCCCN2CCCCC2)c2ccc3c(ccc4c(NCCCN5CCCCC5)cc(C)nc43)c2n1.Cl,5.301029995663981,Ebola
CHEMBL1773165,Cc1cc(NCCCN2CCOCC2)c2ccc3c(ccc4c(NCCCN5CCOCC5)cc(C)nc43)c2n1.Cl,5.6020599913279625,Ebola
CHEMBL4065616,CCC(CC)COC(=O)[C@H](C)N[P@](=O)(OC[C@H]1O[C@@](C#N)(c2ccc3c(N)ncnn23)[C@H](O)[C@@H]1O)Oc1ccccc1,6.853871964321762,Ebola
CHEMBL4205398,COC(=O)c1ccc(COc2ccc(Cl)cc2CN2CCN(C(=O)CNC(=O)CC34CC5CC(CC(C5)C3)C4)CC2)cc1,8.958607314841775,Ebola
CHEMBL5593168,CC(C)N1CCN(C(=O)c2cc3sccc3n2Cc2ccc(Cl)cc2)CC1,5.2335871528876,Ebola
CHEMBL5593153,CN(C)C1CCN(C(=O)c2cc3occc3n2Cc2ccc(Cl)cc2)CC1,5.20690839982342,Ebola
CHEMBL5593153,CN(C)C1CCN(C(=O)c2cc3occc3n2Cc2ccc(Cl)cc2)CC1,5.20690839982342,Ebola
CHEMBL5593153,CN(C)C1CCN(C(=O)c2cc3occc3n2Cc2ccc(Cl)cc2)CC1,5.20690839982342,Ebola
CHEMBL5593153,CN(C)C1CCN(C(=O)c2cc3occc3n2Cc2ccc(Cl)cc2)CC1,5.20690839982342,Ebola
CHEMBL5591328,COc1ccc(Cn2c(C(=O)N3CCC(N(C)C)CC3)cc3ccccc32)cc1,6.265200170411153,Ebola
CHEMBL5591328,COc1ccc(Cn2c(C(=O)N3CCC(N(C)C)CC3)cc3ccccc32)cc1,6.265200170411153,Ebola
CHEMBL5591328,COc1ccc(Cn2c(C(=O)N3CCC(N(C)C)CC3)cc3ccccc32)cc1,6.265200170411153,Ebola
CHEMBL5591328,COc1ccc(Cn2c(C(=O)N3CCC(N(C)C)CC3)cc3ccccc32)cc1,6.265200170411153,Ebola
CHEMBL5612941,O=C(Nc1ccccc1)c1ccc(-c2ccc(OC3CCNCC3)cc2)s1,5.088309841246139,Ebola
CHEMBL5612941,O=C(Nc1ccccc1)c1ccc(-c2ccc(OC3CCNCC3)cc2)s1,5.088309841246139,Ebola
CHEMBL5612941,O=C(Nc1ccccc1)c1ccc(-c2ccc(OC3CCNCC3)cc2)s1,5.088309841246139,Ebola
CHEMBL5612525,O=C(Nc1ccccc1)c1ccc(-c2cccc(OC3CCNCC3)c2)o1,5.082494490447454,Ebola
CHEMBL5612525,O=C(Nc1ccccc1)c1ccc(-c2cccc(OC3CCNCC3)c2)o1,5.082494490447454,Ebola
CHEMBL4563048,Clc1ccc2c(NCCCCNc3ccnc4cccnc34)ccnc2c1,4.886056647693163,Ebola
CHEMBL5612511,O=C(NCCc1ccccc1)c1ccc(-c2cccc(OC3CCNCC3)c2)s1,5.275724130399211,Ebola
CHEMBL5612511,O=C(NCCc1ccccc1)c1ccc(-c2cccc(OC3CCNCC3)c2)s1,5.275724130399211,Ebola
CHEMBL490,Fc1ccc([C@@H]2CCNC[C@H]2COc2ccc3c(c2)OCO3)cc1,5.127843727251707,Ebola
CHEMBL4101182,CCOC(=O)[C@@H](NP(=O)(OC[C@H]1O[C@@](C#N)(c2ccc3c(N)ncnn23)[C@H](O)[C@@H]1O)Oc1ccccc1)C(C)C,5.152427340857888,Ebola
CHEMBL4090912,CCC(CC)COC(=O)[C@@H](C)NP(=O)(OC[C@H]1O[C@@](C#N)(c2ccc3c(N)ncnn23)[C@H](O)[C@@H]1O)Oc1ccccc1,6.285670240254767,Ebola
CHEMBL4441098,Cc1[nH]nc(-c2ccc(OCCN3CCC(C(N)=O)CC3)cc2O)c1-c1ccc(Cl)cc1,7.301029995663981,Ebola
CHEMBL5593581,CN(C)C1CCN(C(=O)c2cc3ccccc3n2Cc2cccnc2)CC1,5.275724130399211,Ebola
CHEMBL2323049,O=C(CC12CC3CC(CC(C3)C1)C2)NCC(=O)N1CCN(Cc2ccc(Br)cc2)CC1,5.494850021680094,Ebola
CHEMBL4743872,CCOP(=O)(Cc1ccc(COc2ccccc2OC2CCN(Cc3ccc4nc(-c5ccc(C(F)(F)F)cc5)[nH]c4c3)CC2)cc1)OCC,5.761953896871205,Ebola
CHEMBL4741050,CCOP(=O)(Cc1cccc(COc2ccccc2OC2CCN(Cc3ccc4nc(-c5ccc(C(F)(F)F)cc5)[nH]c4c3)CC2)c1)OCC,5.058985756294431,Ebola
CHEMBL4764870,CCOP(=O)(Cc1cccc(COc2ccccc2CC2CCN(Cc3ccc4nc(-c5ccc(C(F)(F)F)cc5)[nH]c4c3)CC2)c1)OCC,5.804100347590766,Ebola
CHEMBL2323273,O=C(CC12CC3CC(CC(C3)C1)C2)NCC(=O)N1CCN(Cc2cccc(Br)c2)CC1,6.0,Ebola
CHEMBL2323264,O=C(CC12CC3CC(CC(C3)C1)C2)NCC(=O)N1CCN(Cc2ccccc2Br)CC1,5.468521082957745,Ebola
CHEMBL2323262,O=C(CC12CC3CC(CC(C3)C1)C2)NCC(=O)N1CCN(Cc2ccccc2OCc2ccccc2)CC1,5.698970004336019,Ebola
CHEMBL2323256,CC(OCc1ccccc1)C(NC(=O)CC12CC3CC(CC(C3)C1)C2)C(=O)N1CCN(Cc2ccccc2)CC1,4.537602002101044,Ebola
CHEMBL5593153,CN(C)C1CCN(C(=O)c2cc3occc3n2Cc2ccc(Cl)cc2)CC1,5.978810700930062,Ebola
CHEMBL5593153,CN(C)C1CCN(C(=O)c2cc3occc3n2Cc2ccc(Cl)cc2)CC1,5.978810700930062,Ebola
CHEMBL5593153,CN(C)C1CCN(C(=O)c2cc3occc3n2Cc2ccc(Cl)cc2)CC1,5.978810700930062,Ebola
CHEMBL5593153,CN(C)C1CCN(C(=O)c2cc3occc3n2Cc2ccc(Cl)cc2)CC1,5.978810700930062,Ebola
CHEMBL5593953,O=C(Nc1ccc(N2CCC(F)(F)CC2)cc1)c1cc2occc2n1Cc1ccc(Cl)cc1,4.931814138253838,Ebola
CHEMBL5593953,O=C(Nc1ccc(N2CCC(F)(F)CC2)cc1)c1cc2occc2n1Cc1ccc(Cl)cc1,4.931814138253838,Ebola
CHEMBL5593953,O=C(Nc1ccc(N2CCC(F)(F)CC2)cc1)c1cc2occc2n1Cc1ccc(Cl)cc1,4.931814138253838,Ebola
CHEMBL5593953,O=C(Nc1ccc(N2CCC(F)(F)CC2)cc1)c1cc2occc2n1Cc1ccc(Cl)cc1,4.931814138253838,Ebola
CHEMBL1655,CN(C)CCOc1ccc(/C(=C(/CCCl)c2ccccc2)c2ccccc2)cc1,6.698970004336019,Ebola
CHEMBL1655,CN(C)CCOc1ccc(/C(=C(/CCCl)c2ccccc2)c2ccccc2)cc1,6.698970004336019,Ebola
CHEMBL1650595,NCC(=O)Nc1ccc(-n2nc(C(F)(F)F)cc2-c2ccc3c(ccc4ccccc43)c2)cc1,6.522878745280337,Ebola
CHEMBL5584196,CN(C)C1CCN(C(=O)c2cc3ccccc3n2Cc2ccc(F)cc2)CC1,6.343901797987169,Ebola
CHEMBL5584196,CN(C)C1CCN(C(=O)c2cc3ccccc3n2Cc2ccc(F)cc2)CC1,6.343901797987169,Ebola
CHEMBL5584196,CN(C)C1CCN(C(=O)c2cc3ccccc3n2Cc2ccc(F)cc2)CC1,6.343901797987169,Ebola
CHEMBL5584196,CN(C)C1CCN(C(=O)c2cc3ccccc3n2Cc2ccc(F)cc2)CC1,6.343901797987169,Ebola
CHEMBL5589828,CN(C)C1CCN(C(=O)c2cc3ccccc3n2Cc2ccncc2)CC1,3.790484985457369,Ebola
CHEMBL5589828,CN(C)C1CCN(C(=O)c2cc3ccccc3n2Cc2ccncc2)CC1,3.790484985457369,Ebola
CHEMBL5589828,CN(C)C1CCN(C(=O)c2cc3ccccc3n2Cc2ccncc2)CC1,3.790484985457369,Ebola
CHEMBL5589828,CN(C)C1CCN(C(=O)c2cc3ccccc3n2Cc2ccncc2)CC1,3.790484985457369,Ebola
CHEMBL5594342,CN(C)C1CCN(C(=O)c2cc3ccccc3n2C)CC1,4.782516055786093,Ebola
CHEMBL5589753,CN(C)CCNC(=O)c1cn(Cc2ccc(F)cc2)c2ccccc12,5.522878745280337,Ebola
CHEMBL5593065,CN(C)C1CCN(C(=O)c2cn(Cc3ccc(F)cc3)c3ccccc23)CC1,5.5951662833800615,Ebola
CHEMBL5591817,CN(C)C1CCN(C(=O)c2cn(Cc3ccccc3)c3ccccc23)CC1,5.546681659952962,Ebola
CHEMBL5597227,COc1cc2c(OCCCN3CCN(C)C(=O)C3)c3c(c(-c4ccc5c(c4)OCO5)c2cc1OC)C(=O)OC3,7.130768280269024,Ebola
CHEMBL5590448,COc1cc2c(OCCN3CCN(C)CC3)c3c(c(-c4ccc5c(c4)OCO5)c2cc1OC)C(=O)OC3,7.443697499232712,Ebola
CHEMBL5597937,COc1cc2c(OCC(O)CN3CCOCC3)c3c(c(-c4ccc5c(c4)OCO5)c2cc1OC)C(=O)OC3,6.804100347590766,Ebola
CHEMBL5596254,COc1cc2c(OCCCN3CC4CC3CO4)c3c(c(-c4ccc5c(c4)OCO5)c2cc1OC)C(=O)OC3,7.318758762624412,Ebola
CHEMBL5596788,COc1cc2c(OC3CCOC3)c3c(c(-c4ccc5c(c4)OCO5)c2cc1OC)C(=O)OC3,7.397940008672037,Ebola
CHEMBL5597260,COc1cc2c(OC3CNC3)c3c(c(-c4ccc5c(c4)OCO5)c2cc1OC)C(=O)OC3,6.669586226650809,Ebola
CHEMBL5590402,COc1cc2c(OC3CCNCC3)c3c(c(-c4ccc5c(c4)OCO5)c2cc1OC)C(=O)OC3,7.494850021680094,Ebola
CHEMBL5590448,COc1cc2c(OCCN3CCN(C)CC3)c3c(c(-c4ccc5c(c4)OCO5)c2cc1OC)C(=O)OC3,7.522878745280337,Ebola
CHEMBL5398314,O=C(CCNCCC1CCN(Cc2ccccc2)CC1)Nn1c2ccccc2c2ccccc21,6.795880017344075,Ebola
CHEMBL5398314,O=C(CCNCCC1CCN(Cc2ccccc2)CC1)Nn1c2ccccc2c2ccccc21,6.795880017344075,Ebola
CHEMBL5416183,O=C(CCN1CCCC1)Nn1c2ccccc2c2ccccc21,5.889410289700751,Ebola
CHEMBL5424648,CN1CCN(CCC(=O)Nn2c3ccccc3c3ccccc32)CC1,5.619788758288394,Ebola
CHEMBL5590535,CN(C)CCNC(=O)c1cc2ccccc2n1Cc1ccc(F)cc1,5.4698003017969175,Ebola
CHEMBL5594358,O=C(c1cc2ccccc2n1Cc1ccccc1)N1CCCCC1,5.040481623027002,Ebola
CHEMBL5594941,CN(C)CCNC(=O)c1cc2ccccc2n1Cc1ccc(-c2ccccc2)cc1,5.557520230935552,Ebola
CHEMBL5594836,CN(C)C1CCN(C(=O)c2cc3sccc3n2Cc2ccc(Cl)cc2)CC1,6.046240308266771,Ebola
CHEMBL5594836,CN(C)C1CCN(C(=O)c2cc3sccc3n2Cc2ccc(Cl)cc2)CC1,6.046240308266771,Ebola
CHEMBL5594836,CN(C)C1CCN(C(=O)c2cc3sccc3n2Cc2ccc(Cl)cc2)CC1,6.046240308266771,Ebola
CHEMBL5594836,CN(C)C1CCN(C(=O)c2cc3sccc3n2Cc2ccc(Cl)cc2)CC1,6.046240308266771,Ebola
CHEMBL5592919,CN1CCCN(C(=O)c2cc3sccc3n2Cc2ccc(Cl)cc2)CC1,5.380906669373257,Ebola
CHEMBL5595187,CN1CCCN(C(=O)c2cc3occc3n2Cc2cccc(C(F)(F)F)c2)CC1,5.761953896871205,Ebola
CHEMBL5593252,CN(C)CCNC(=O)c1cc2occc2n1Cc1ccc(F)cc1,5.581698708680254,Ebola
CHEMBL5583881,CN(C)CCNC(=O)c1cc2occc2n1Cc1ccc(Cl)cc1,5.8996294548824375,Ebola
CHEMBL5583881,CN(C)CCNC(=O)c1cc2occc2n1Cc1ccc(Cl)cc1,5.8996294548824375,Ebola
CHEMBL5583881,CN(C)CCNC(=O)c1cc2occc2n1Cc1ccc(Cl)cc1,5.8996294548824375,Ebola
CHEMBL5583881,CN(C)CCNC(=O)c1cc2occc2n1Cc1ccc(Cl)cc1,5.8996294548824375,Ebola
CHEMBL5593540,CN(C)C1CCN(C(=O)c2cc3occc3n2Cc2ccc(F)cc2)CC1,5.405607449624573,Ebola
CHEMBL5593948,CN(C)CCNC(=O)c1cn(Cc2ccccc2)c2ccccc12,5.484126156288321,Ebola
CHEMBL5595942,CC1(C)[C@H]2CC[C@](C)(C2)[C@H]1OC(=O)CCN1CCOCC1,4.237321436272564,Ebola
CHEMBL5593073,CC1(C)[C@H]2CC[C@](C)(C2)[C@H]1OC(=O)CN1CCCCC1,4.767003889607846,Ebola
CHEMBL5595048,C[C@@H]1[C@H]2C[C@@H](C[C@H]1OC(=O)CN1CCOCC1)C2(C)C,3.9746941347352296,Ebola
CHEMBL5591011,C[C@@H]1[C@H]2C[C@@H](C[C@H]1OC(=O)CCN1CCN(c3ccccc3)CC1)C2(C)C,4.267606240177031,Ebola
CHEMBL5592622,C[C@@H]1[C@H]2C[C@@H](C[C@H]1OC(=O)CN1CCN(C)CC1)C2(C)C,5.167491087293763,Ebola
CHEMBL4789633,CCOP(=O)(Cc1cccc(COc2ccccc2CC2CCN(Cc3ccc4nc(-c5cccc(OC(F)(F)F)c5)[nH]c4c3)CC2)c1)OCC,6.060480747381382,Ebola
CHEMBL4763942,CCOP(=O)(Cc1cccc(COc2ccccc2CC2CCN(Cc3ccc4nc(-c5cccc(C(F)(F)F)c5)[nH]c4c3)CC2)c1)OCC,5.853871964321762,Ebola
CHEMBL5611967,O=C(Nc1cccc(Cl)c1)c1ccc(-c2cccc(OC3CCNCC3)c2)s1,5.1249387366083,Ebola
CHEMBL5611967,O=C(Nc1cccc(Cl)c1)c1ccc(-c2cccc(OC3CCNCC3)c2)s1,5.1249387366083,Ebola
CHEMBL5612505,O=C(Nc1cccc(Cl)c1)c1ccc(-c2ccc(OC3CCNCC3)cc2)s1,5.101823516502323,Ebola
CHEMBL5612505,O=C(Nc1cccc(Cl)c1)c1ccc(-c2ccc(OC3CCNCC3)cc2)s1,5.101823516502323,Ebola
CHEMBL5612845,O=C(Nc1ccccc1)c1ccc(-c2cccc(OC3CCNCC3)c2)s1,5.1432711096171175,Ebola
CHEMBL5612845,O=C(Nc1ccccc1)c1ccc(-c2cccc(OC3CCNCC3)c2)s1,5.1432711096171175,Ebola
CHEMBL5612845,O=C(Nc1ccccc1)c1ccc(-c2cccc(OC3CCNCC3)c2)s1,5.1432711096171175,Ebola
CHEMBL5595489,CN(C)CCNC(=O)c1cc2ccccc2n1Cc1ccc(Cl)cc1,5.45717457304082,Ebola
CHEMBL5595489,CN(C)CCNC(=O)c1cc2ccccc2n1Cc1ccc(Cl)cc1,5.45717457304082,Ebola
CHEMBL5595489,CN(C)CCNC(=O)c1cc2ccccc2n1Cc1ccc(Cl)cc1,5.45717457304082,Ebola
CHEMBL5595489,CN(C)CCNC(=O)c1cc2ccccc2n1Cc1ccc(Cl)cc1,5.45717457304082,Ebola
CHEMBL5593688,CN(C)CCNC(=O)c1cc2ccccc2n1Cc1ccccc1,5.562249437179612,Ebola
CHEMBL1655,CN(C)CCOc1ccc(/C(=C(/CCCl)c2ccccc2)c2ccccc2)cc1,6.790484985457369,Ebola
CHEMBL1655,CN(C)CCOc1ccc(/C(=C(/CCCl)c2ccccc2)c2ccccc2)cc1,6.790484985457369,Ebola
CHEMBL2016757,N#C[C@@]1(c2ccc3c(N)ncnn23)O[C@H](CO)[C@@H](O)[C@H]1O,5.823908740944319,Ebola
CHEMBL4445585,Cl.Cl.Cl.Cl.c1cc(NCCCCN2CCOCC2)c2ccc3c(ccc4c(NCCN5CCOCC5)ccnc43)c2n1,6.585026652029182,Ebola
CHEMBL4445585,Cl.Cl.Cl.Cl.c1cc(NCCCCN2CCOCC2)c2ccc3c(ccc4c(NCCN5CCOCC5)ccnc43)c2n1,6.585026652029182,Ebola
CHEMBL4795234,CCOP(=O)(Cc1cccc(COc2ccccc2OC2CCN(Cc3ccc4nc(-c5ccc(OC(F)(F)F)cc5)[nH]c4c3)CC2)c1)OCC,5.705533773838408,Ebola
CHEMBL5169358,COc1ccc(S(=O)(=O)N(CC(=O)Nc2ccccc2-c2ccccc2)c2ccc(C)cc2)cc1,5.0655015487564325,Ebola
CHEMBL5169358,COc1ccc(S(=O)(=O)N(CC(=O)Nc2ccccc2-c2ccccc2)c2ccc(C)cc2)cc1,5.0655015487564325,Ebola
CHEMBL5193528,CCOc1ccc(NC(=O)CSc2nnc(COc3cccc(N(C)C)c3)n2-c2ccccc2)cc1,4.590066876668706,Ebola
CHEMBL5193528,CCOc1ccc(NC(=O)CSc2nnc(COc3cccc(N(C)C)c3)n2-c2ccccc2)cc1,4.590066876668706,Ebola
CHEMBL5197749,O=C(CN1CCCC1)NNc1ccccc1Sc1cc(Cl)ccc1[N+](=O)[O-],5.690369832574101,Ebola
CHEMBL5171151,CCN(CC)CC(=O)NNc1ccccc1Sc1cc(Cl)ccc1[N+](=O)[O-],5.328827157284917,Ebola
CHEMBL415,CN(C)CCCN1c2ccccc2CCc2ccc(Cl)cc21,4.943095148663527,Ebola
CHEMBL11,CN(C)CCCN1c2ccccc2CCc2ccccc21,4.863279432843593,Ebola
CHEMBL4065616,CCC(CC)COC(=O)[C@H](C)N[P@](=O)(OC[C@H]1O[C@@](C#N)(c2ccc3c(N)ncnn23)[C@H](O)[C@@H]1O)Oc1ccccc1,7.920818753952375,Ebola
CHEMBL221722,NC(=O)c1nc(F)cnc1O,4.173925197299173,Ebola
CHEMBL221722,NC(=O)c1nc(F)cnc1O,4.173925197299173,Ebola
CHEMBL1236524,Nc1ncnc2c([C@@H]3N[C@H](CO)[C@@H](O)[C@H]3O)c[nH]c12,4.928117992693874,Ebola
CHEMBL1236524,Nc1ncnc2c([C@@H]3N[C@H](CO)[C@@H](O)[C@H]3O)c[nH]c12,4.928117992693874,Ebola
CHEMBL4206756,Clc1ccc(CCCN2CCCC3=C[C@H]4C[C@H](CN5CCCC[C@H]45)[C@@H]32)cc1Cl,5.236572006437063,Ebola
CHEMBL4203879,Clc1ccc(CCN2CCCC3=C[C@H]4C[C@H](CN5CCCC[C@H]45)[C@@H]32)cc1,5.221848749616356,Ebola
CHEMBL4217037,N#Cc1cccc(S(=O)(=O)N2CCCC3=C[C@H]4C[C@H](CN5CCCC[C@H]45)[C@@H]32)c1,4.158640529545145,Ebola
CHEMBL558805,CN1[C@@H]2CC[C@@H]1CC(OC(c1ccccc1)c1ccccc1)C2,5.549750891680639,Ebola
CHEMBL4752401,CCOP(=O)(Cc1ccc(COc2ccccc2OC2CCN(Cc3ccc4nc(-c5ccc(OC(F)(F)F)cc5)[nH]c4c3)CC2)cc1)OCC,5.924453038607469,Ebola
CHEMBL4758604,CCOP(=O)(Cc1ccc(COc2ccccc2CC2CCN(Cc3ccc4nc(-c5ccccc5)[nH]c4c3)CC2)cc1)OCC,6.1938200260161125,Ebola
CHEMBL4752424,CN(C)CCOc1ccc(/C(=C(\CCCl)c2ccccc2)c2ccccc2)cc1,6.42021640338319,Ebola
CHEMBL2323277,O=C(NCC(=O)N1CCN(Cc2ccccc2)CC1)c1ccccc1,4.508638306165727,Ebola
CHEMBL5092756,CCCCCCCCCCCCCC(=O)O[C@@H]1[C@H](O)[C@@H](CO[P@@](=O)(N[C@H](C)C(=O)OCC(CC)CC)Oc2ccccc2)O[C@@]1(C#N)c1ccc2c(N)ncnn12,6.173925197299173,Ebola
CHEMBL4297643,Cc1cccc(/C=N/Nc2cc(N3CCOCC3)nc(OCCc3ccccn3)n2)c1,8.0,Ebola
CHEMBL4211416,O=C(c1cc(Cl)cc(Cl)c1)N1CCCC2=C[C@H]3C[C@H](CN4CCCC[C@H]34)[C@@H]21,4.400116927926312,Ebola
CHEMBL4209988,O=C(CC1CCC(F)(F)CC1)NCC(=O)N1CCN(Cc2cc(Cl)cc(Cl)c2O)CC1,5.443697499232712,Ebola
CHEMBL4208214,O=C(CC12CC3CC(C1)CC(c1ccc(O)c([N+](=O)[O-])c1)(C3)C2)NCC(=O)N1CCN(Cc2ccccc2OCc2ccc(Br)cc2)CC1,6.221848749616356,Ebola
CHEMBL4211342,CC(=O)Nc1ccc(Cl)cc1CN1CCN(C(=O)CNC(=O)CC23CC4CC(CC(C4)C2)C3)CC1,6.022276394711152,Ebola
CHEMBL4212571,[2H]C([2H])(c1cc(Cl)ccc1N)N1CCN(C(=O)CNC(=O)CC2CCC(F)(F)CC2)CC1,5.922632094715843,Ebola
CHEMBL4205782,CS(=O)(=O)c1ccc(COc2ccc(Cl)cc2CN2CCN(C(=O)CNC(=O)C3CC34CCC(F)(F)CC4)CC2)cc1,7.721246399047171,Ebola
CHEMBL4203388,CS(=O)(=O)c1ccc(CNc2ccc(Cl)cc2CN2CCN(C(=O)CNC(=O)C3CC34CCC(F)(F)CC4)CC2)cc1,7.397940008672037,Ebola
CHEMBL2323039,COC(=O)c1ccc(COc2ccccc2CN2CCN(C(=O)CNC(=O)CC34CC5CC(CC(C5)C3)C4)CC2)cc1,6.229147988357856,Ebola
CHEMBL4208258,CS(=O)(=O)c1ccc(CNc2ccc(Cl)cc2CN2CCN(C(=O)CNC(=O)CC3CCC(F)(F)CC3)CC2)cc1,7.481486060122112,Ebola
CHEMBL5185113,CC(C)N1CCN(C(=O)N[C@@H](Cc2ccccc2)C(=O)N[C@H](/C=C/S(=O)(=O)c2ccccc2)CCc2ccccc2)CC1,10.397940008672036,Ebola
CHEMBL4065616,CCC(CC)COC(=O)[C@H](C)N[P@](=O)(OC[C@H]1O[C@@](C#N)(c2ccc3c(N)ncnn23)[C@H](O)[C@@H]1O)Oc1ccccc1,6.853871964321762,Ebola
CHEMBL4579818,Cl.Cl.Cl.Cl.NCCCNc1ccnc2c1ccc1c2ccc2c(NCCCN)ccnc21,5.0,Ebola
CHEMBL5583881,CN(C)CCNC(=O)c1cc2occc2n1Cc1ccc(Cl)cc1,5.2839966563652006,Ebola
CHEMBL5583881,CN(C)CCNC(=O)c1cc2occc2n1Cc1ccc(Cl)cc1,5.2839966563652006,Ebola
CHEMBL5583881,CN(C)CCNC(=O)c1cc2occc2n1Cc1ccc(Cl)cc1,5.2839966563652006,Ebola
CHEMBL5583881,CN(C)CCNC(=O)c1cc2occc2n1Cc1ccc(Cl)cc1,5.2839966563652006,Ebola
CHEMBL5590524,CN(C)CC1CN(C(=O)c2cc3occc3n2Cc2ccc(Cl)cc2)C1,5.910094888560602,Ebola
CHEMBL5594989,CC1CCN(c2ccc(NC(=O)c3cc4occc4n3Cc3ccc(Cl)cc3)cc2C(F)(F)F)CC1,5.394694953858891,Ebola
CHEMBL5589831,O=C(NCCCn1ccnc1)c1cc2occc2n1Cc1cccc(C(F)(F)F)c1,5.364516253185088,Ebola
CHEMBL5595813,O=C(NCCN1CCC1)c1cc2occc2n1Cc1cccc(C(F)(F)F)c1,5.7121982700697735,Ebola
CHEMBL5594325,CN(C)CCNC(=O)c1cc2occc2n1Cc1ccc(Cl)c(C(F)(F)F)c1,5.721246399047171,Ebola
CHEMBL5598132,COc1cc2c(OCCCN3CCN(S(C)(=O)=O)CC3)c3c(c(-c4ccc5c(c4)OCO5)c2cc1OC)C(=O)OC3,7.455931955649724,Ebola
CHEMBL5190923,CCN1CCN(C(=O)N[C@@H](Cc2ccccc2)C(=O)N[C@H](/C=C/S(=O)(=O)c2ccccc2)CCc2ccccc2)CC1,10.397940008672036,Ebola
CHEMBL258940,CN1CCC(Nc2ncc3ncnc(Nc4ccc(F)c(Cl)c4)c3n2)CC1,5.958607314841775,Ebola
CHEMBL258940,CN1CCC(Nc2ncc3ncnc(Nc4ccc(F)c(Cl)c4)c3n2)CC1,5.795880017344075,Ebola
CHEMBL4084475,Cc1ccc(CN2CCCN(C)C3(CCN(C)CC3)C2)cc1C,6.0,Ebola
CHEMBL569864,COc1cc2nc(N3CCCN(C)CC3)nc(NC3CCN(Cc4ccccc4)CC3)c2cc1OC,6.0,Ebola
CHEMBL3334763,Nc1ncnc2c1ncn2C1=C[C@H](CO)[C@@H](O)[C@H]1O,6.42021640338319,Ebola
CHEMBL4172550,COc1cc(-c2cnc3c(N4C[C@@H](C)O[C@@H](C)C4)snc3c2)ccc1N,5.613322716039162,Ebola
CHEMBL4536298,NC(=O)C1CCN(CCOc2ccc(-c3n[nH]cc3-c3ccccc3)c(O)c2)CC1,5.508638306165727,Ebola
CHEMBL1655,CN(C)CCOc1ccc(/C(=C(/CCCl)c2ccccc2)c2ccccc2)cc1,5.522878745280337,Ebola
CHEMBL1655,CN(C)CCOc1ccc(/C(=C(/CCCl)c2ccccc2)c2ccccc2)cc1,5.522878745280337,Ebola
CHEMBL1360108,N#Cc1c(NCCN)nc(-c2ccccc2)c2c1CCCC2,4.61261017366127,Ebola
CHEMBL1372119,O=[N+]([O-])c1cc(S(=O)(=O)NCCN2CCOCC2)ccc1Sc1nnnn1-c1ccccc1,5.721246399047171,Ebola
CHEMBL809,CN[C@H]1CC[C@@H](c2ccc(Cl)c(Cl)c2)c2ccccc21,5.428291168191312,Ebola
CHEMBL5199121,C#CN(CCCC1(C)N=N1)C(=O)[C@]12CCC(C)(C)C[C@H]1C1=CC[C@@H]3[C@@]4(C)CCC(=O)C(C)(C)[C@@H]4CC[C@@]3(C)[C@]1(C)CC2=O,6.330404218975687,Ebola
CHEMBL528236,CCCCN(CCCC)Cc1cc(Nc2ccnc3cc(Cl)ccc23)ccc1O,6.142667503568732,Ebola
CHEMBL3911379,CCC(CC)OC(=O)[C@H](C)N[P@@](=O)(OC[C@H]1O[C@@](C#N)(c2ccc3c(N)ncnn23)[C@H](O)[C@@H]1O)Oc1ccccc1,7.221848749616356,Ebola
CHEMBL35228,COc1ccc2nc3cc(Cl)ccc3c(Nc3cc(CN4CCCC4)c(O)c(CN4CCCC4)c3)c2n1,6.086186147616283,Ebola
CHEMBL4441098,Cc1[nH]nc(-c2ccc(OCCN3CCC(C(N)=O)CC3)cc2O)c1-c1ccc(Cl)cc1,6.4089353929735005,Ebola
CHEMBL4207565,Clc1ccc(CN2CCCC3=C[C@H]4C[C@H](CN5CCCC[C@H]45)[C@@H]32)cc1Cl,5.318758762624412,Ebola
CHEMBL4211932,Clc1ccc(CN2CCCC3=C[C@H]4C[C@H](CN5CCCC[C@H]45)[C@@H]32)c(Cl)c1,5.180456064458132,Ebola
CHEMBL4218225,COC(=O)c1ccc(COc2ccccc2CN2CCN(C(=O)CNC(=O)CC3(F)CC3)CC2)cc1,5.537602002101044,Ebola
CHEMBL4205104,O=C(CC1CCC(F)(F)CC1)NCC(=O)N1CCN(Cc2cc(Br)ccc2O)CC1,6.102372908709558,Ebola
CHEMBL4213225,COC(=O)c1ccc(COc2ccc(C#N)cc2CN2CCN(C(=O)CNC(=O)CC34CC5CC(CC(C5)C3)C4)CC2)cc1,7.301029995663981,Ebola
CHEMBL4203573,COC(=O)c1ccc(Oc2cc(Cl)cc(CN3CCN(C(=O)CNC(=O)CC45CC6CC(CC(C6)C4)C5)CC3)c2)cc1,7.795880017344075,Ebola
CHEMBL2323057,O=C(CC12CC3CC(CC(C3)C1)C2)NCC(=O)N1CCN(Cc2cc(Br)ccc2O)CC1,6.301029995663981,Ebola
CHEMBL415,CN(C)CCCN1c2ccccc2CCc2ccc(Cl)cc21,4.943095148663527,Ebola
CHEMBL5281963,CCCCCCNCc1cc(Nc2ccnc3cc(Cl)ccc23)ccc1O,6.537602002101044,Ebola
CHEMBL4065616,CCC(CC)COC(=O)[C@H](C)N[P@](=O)(OC[C@H]1O[C@@](C#N)(c2ccc3c(N)ncnn23)[C@H](O)[C@@H]1O)Oc1ccccc1,4.2084496949726695,Ebola
CHEMBL4208672,[2H]C([2H])(c1cc(Cl)ccc1N)N1CCN(C(=O)CNC(=O)C2CC23CCC(F)(F)CC3)CC1,6.7447274948966935,Ebola
CHEMBL4516357,CN(C)CCOCCNc1ccnc2c1ccc1c2ccc2c(NCCOCCN(C)C)ccnc21.Cl.Cl.Cl.Cl,5.452225294612178,Ebola
CHEMBL4516357,CN(C)CCOCCNc1ccnc2c1ccc1c2ccc2c(NCCOCCN(C)C)ccnc21.Cl.Cl.Cl.Cl,5.17134010346468,Ebola
CHEMBL4465489,Cl.Cl.NCCCCNc1ccnc2c1ccc1c2ccc2c(NCCCCN)ccnc21,4.628932137728263,Ebola
CHEMBL4472278,Cl.Cl.Cl.Cl.c1cc(NCCN2CCOCC2)c2ccc3c(ccc4c(NCCN5CCOCC5)ccnc43)c2n1,6.154901959985743,Ebola
CHEMBL4065616,CCC(CC)COC(=O)[C@H](C)N[P@](=O)(OC[C@H]1O[C@@](C#N)(c2ccc3c(N)ncnn23)[C@H](O)[C@@H]1O)Oc1ccccc1,7.221848749616356,Ebola
CHEMBL4472278,Cl.Cl.Cl.Cl.c1cc(NCCN2CCOCC2)c2ccc3c(ccc4c(NCCN5CCOCC5)ccnc43)c2n1,6.154901959985743,Ebola
CHEMBL4528301,CCN(CC)CCCC(C)Nc1ccnc2cccnc12,5.0,Ebola
CHEMBL5596144,COc1cc2c(OCCCN3CCN(C(C)=O)CC3)c3c(c(-c4ccc5c(c4)OCO5)c2cc1OC)C(=O)OC3,7.376750709602099,Ebola
CHEMBL5597241,COc1cc2c(OCCCN3C4CCC3CN(C)C4)c3c(c(-c4ccc5c(c4)OCO5)c2cc1OC)C(=O)OC3,7.744727494896693,Ebola
CHEMBL5596264,COc1cc2c(OCCCN3CC4CCC(C3)O4)c3c(c(-c4ccc5c(c4)OCO5)c2cc1OC)C(=O)OC3,6.896196279044043,Ebola
CHEMBL1008,CC(C)COCC(CN(Cc1ccccc1)c1ccccc1)N1CCCC1,5.29413628771608,Ebola
CHEMBL5281554,CCCCCCCCN(C)Cc1cc(Nc2ccnc3cc(I)ccc23)ccc1O,6.585026652029182,Ebola
CHEMBL4065616,CCC(CC)COC(=O)[C@H](C)N[P@](=O)(OC[C@H]1O[C@@](C#N)(c2ccc3c(N)ncnn23)[C@H](O)[C@@H]1O)Oc1ccccc1,7.221848749616356,Ebola
CHEMBL5084473,CCC(CC)COC(=O)[C@@H](C)N[P@](=O)(OC[C@H]1O[C@@](C#N)(c2ccc3c(N)ncnn23)[C@H](O)[C@@H]1OC(=O)CCCCCCCCCCCN=[N+]=[N-])Oc1ccccc1,6.346787486224656,Ebola
CHEMBL5290974,COC(=O)[C@H]1C[C@H](OCCN)[C@@H](O[C@H]2O[C@H](CO)[C@@H](O)[C@H](O)[C@@H]2O)C[C@@H]1C(=O)OC,3.207608310501746,Ebola
CHEMBL5287023,CCN(CC)Cc1cc(Nc2c(Oc3ccccc3)cnc3cc(Cl)ccc23)ccc1O,6.136677139879544,Ebola
CHEMBL809,CN[C@H]1CC[C@@H](c2ccc(Cl)c(Cl)c2)c2ccccc21,5.504455662453552,Ebola
CHEMBL809,CN[C@H]1CC[C@@H](c2ccc(Cl)c(Cl)c2)c2ccccc21,5.841637507904751,Ebola
CHEMBL4778899,CCCNC(=O)[C@@H]1O[C@H]1C(=O)N[C@@H](Cc1ccc(C)cc1)C(=O)N[C@H](C(=O)N1CCN(Cc2ccccc2)CC1)c1ccccc1,7.154901959985743,Ebola
CHEMBL5584026,CN1CCN(CC(=O)O[C@H]2C(C)(C)[C@H]3CC[C@]2(C)C3)CC1,5.769551078621726,Ebola
CHEMBL5595103,CN(C)CCNC(=O)c1cc2sccc2n1Cc1ccc(Cl)cc1,5.663540266151471,Ebola
CHEMBL5589621,CN(C)CCNC(=O)c1cc2occc2n1Cc1cccc(C(F)(F)F)c1,5.774690718274137,Ebola
CHEMBL5594107,CC(C)N1CCN(C(=O)c2cc3occc3n2Cc2cccc(C(F)(F)F)c2)CC1,5.464705879957229,Ebola
CHEMBL5583744,CN(C)C1CCN(C(=O)c2cc3occc3n2Cc2cccc(C(F)(F)F)c2)CC1,5.823908740944319,Ebola
CHEMBL5583881,CN(C)CCNC(=O)c1cc2occc2n1Cc1ccc(Cl)cc1,5.614393726401688,Ebola
CHEMBL5583881,CN(C)CCNC(=O)c1cc2occc2n1Cc1ccc(Cl)cc1,5.614393726401688,Ebola
CHEMBL5583881,CN(C)CCNC(=O)c1cc2occc2n1Cc1ccc(Cl)cc1,5.614393726401688,Ebola
CHEMBL5583881,CN(C)CCNC(=O)c1cc2occc2n1Cc1ccc(Cl)cc1,5.614393726401688,Ebola
CHEMBL5591328,COc1ccc(Cn2c(C(=O)N3CCC(N(C)C)CC3)cc3ccccc32)cc1,6.068542129310995,Ebola
CHEMBL5591328,COc1ccc(Cn2c(C(=O)N3CCC(N(C)C)CC3)cc3ccccc32)cc1,6.068542129310995,Ebola
CHEMBL5591328,COc1ccc(Cn2c(C(=O)N3CCC(N(C)C)CC3)cc3ccccc32)cc1,6.068542129310995,Ebola
CHEMBL5591328,COc1ccc(Cn2c(C(=O)N3CCC(N(C)C)CC3)cc3ccccc32)cc1,6.068542129310995,Ebola
CHEMBL5593892,CN(C)CCCNC(=O)c1cc2occc2n1Cc1ccc(Cl)cc1,5.696803942579511,Ebola
CHEMBL5592531,CCN(CC)CCNC(=O)c1cc2occc2n1Cc1ccc(Cl)cc1,5.79317412396815,Ebola
CHEMBL5591223,CN1CCN(CCCNC(=O)c2cc3occc3n2Cc2ccc(Cl)cc2)CC1,5.730487055782084,Ebola
CHEMBL4203388,CS(=O)(=O)c1ccc(CNc2ccc(Cl)cc2CN2CCN(C(=O)CNC(=O)C3CC34CCC(F)(F)CC4)CC2)cc1,7.455931955649724,Ebola
CHEMBL4217701,COC(=O)c1ccc(COc2ccc(Cl)cc2CN2CCN(C(=O)CNC(=O)C(F)(F)C(F)F)CC2)cc1,6.795880017344075,Ebola
CHEMBL4205827,CC1(CC(=O)NCC(=O)N2CCN(Cc3ccccc3OCc3ccc(Br)cc3)CC2)CCCCC1,6.2839966563652006,Ebola
CHEMBL221722,NC(=O)c1nc(F)cnc1O,4.173925197299173,Ebola
CHEMBL221722,NC(=O)c1nc(F)cnc1O,4.173925197299173,Ebola
CHEMBL4445585,Cl.Cl.Cl.Cl.c1cc(NCCCCN2CCOCC2)c2ccc3c(ccc4c(NCCN5CCOCC5)ccnc43)c2n1,6.070581074285707,Ebola
CHEMBL4445585,Cl.Cl.Cl.Cl.c1cc(NCCCCN2CCOCC2)c2ccc3c(ccc4c(NCCN5CCOCC5)ccnc43)c2n1,6.070581074285707,Ebola
CHEMBL2323275,O=C(CC12CC3CC(CC(C3)C1)C2)NCC(=O)N1CCN(Cc2ccccc2)CC1,5.795880017344075,Ebola
CHEMBL4439128,COc1ccc(-c2cnc3[nH]cc(C#Cc4cccnc4)c3c2)cc1OC,5.798602875679548,Ebola
CHEMBL4534385,Nc1ncc(Br)c2c1ncn2C1=CC[C@@H](O)[C@H]1O,6.455931955649724,Ebola
CHEMBL4202738,Nc1ccc(Br)cc1CN1CCN(C(=O)CNC(=O)CC2CCC(F)(F)CC2)CC1,5.7594507517174005,Ebola
CHEMBL4212693,COC(=O)c1ccc(COc2ccc(Br)cc2CN2CCN(C(=O)CNC(=O)CC34CC5CC(CC(C5)C3)C4)CC2)cc1,8.045757490560675,Ebola
CHEMBL4217639,COC(=O)c1ccc(COc2ccc(C)cc2CN2CCN(C(=O)CNC(=O)CC34CC5CC(CC(C5)C3)C4)CC2)cc1,7.920818753952375,Ebola
CHEMBL4208459,COC(=O)c1cccc(-c2ccc(Cl)cc2CN2CCN(C(=O)CNC(=O)CC34CC5CC(CC(C5)C3)C4)CC2)c1,6.6020599913279625,Ebola
CHEMBL4209431,COC(=O)c1ccc(COc2ccc(F)cc2CN2CCN(C(=O)CNC(=O)CC3CCC(F)(F)CC3)CC2)cc1,7.744727494896693,Ebola
CHEMBL4214214,Nc1ccc(Cl)cc1CN1CCN(C(=O)CNC(=O)C2CC23CCCC3)CC1,6.619788758288394,Ebola
CHEMBL4203991,CCC1(CC)CC1C(=O)NCC(=O)N1CCN(Cc2cc(Cl)ccc2N)CC1,6.795880017344075,Ebola
CHEMBL5595960,CC1CCN(CCCC(=O)O[C@H]2C(C)(C)[C@H]3CC[C@]2(C)C3)CC1,5.552841968657781,Ebola
CHEMBL5595146,C[C@@H]1[C@H]2C[C@@H](C[C@H]1OC(=O)CCCN1CCCCC1)C2(C)C,5.3979400086720375,Ebola
CHEMBL4212162,O=C(CC12CC3CC(CC(C3)C1)C2)NCC(=O)N1CCN(Cc2cc(Cl)ccc2F)CC1,6.443697499232712,Ebola
CHEMBL4205057,COC(=O)c1ccc(COc2ccccc2CN2CCN(C(=O)CNC(=O)CC3CC(F)(F)C3)CC2)cc1,6.522878745280337,Ebola
CHEMBL4204562,COC(=O)c1ccc(COc2ccccc2CN2CCN(C(=O)CNC(=O)CC3CCC(F)(F)CC3)CC2)cc1,7.301029995663981,Ebola
CHEMBL4208752,O=C(CC12CC3CC(CC(C3)C1)C2)NCC(=O)N1CCN(Cc2cc(F)c(F)cc2Cl)CC1,5.838631997765025,Ebola
CHEMBL4208672,[2H]C([2H])(c1cc(Cl)ccc1N)N1CCN(C(=O)CNC(=O)C2CC23CCC(F)(F)CC3)CC1,6.787812395596042,Ebola
CHEMBL4210009,Nc1ccc(Cl)cc1CN1CCN(C(=O)CNC(=O)CC2CCC(F)(F)CC2)CC1,6.468521082957745,Ebola
CHEMBL4541962,COc1ccc(-c2cnc3[nH]cc(NC(=O)c4cccnc4)c3c2)cc1OC,4.906578314837764,Ebola
CHEMBL5592994,CCN1CCN(CC(=O)O[C@H]2C(C)(C)[C@H]3CC[C@]2(C)C3)CC1,5.236572006437063,Ebola
CHEMBL5593990,CC1(C)[C@H]2CC[C@](C)(C2)[C@H]1OC(=O)CCCN1CCOCC1,5.187086643357144,Ebola
CHEMBL5590446,CC1(C)[C@H]2CC[C@](C)(C2)[C@H]1OC(=O)CCCN1CCCCC1,5.721246399047171,Ebola
CHEMBL5584026,CN1CCN(CC(=O)O[C@H]2C(C)(C)[C@H]3CC[C@]2(C)C3)CC1,4.690369832574101,Ebola
CHEMBL5590891,CN1CCN(CCC(=O)O[C@H]2C(C)(C)[C@H]3CC[C@]2(C)C3)CC1,4.995678626217357,Ebola
CHEMBL5591441,C[C@@H]1[C@H]2C[C@@H](C[C@H]1OC(=O)CCCN1CCN(c3ccccc3)CC1)C2(C)C,5.107905397309519,Ebola
CHEMBL4550796,CCN(CC)CCCNc1ccnc2c(NCCCN(CC)CC)ccnc12,4.426780172885578,Ebola
CHEMBL4579818,Cl.Cl.Cl.Cl.NCCCNc1ccnc2c1ccc1c2ccc2c(NCCCN)ccnc21,4.688246138944246,Ebola
CHEMBL5090826,CCCCCCCCCCCCCC(=O)O[C@H]1[C@@H](O)[C@](C#N)(c2ccc3c(N)ncnn23)O[C@@H]1CO[P@@](=O)(N[C@H](C)C(=O)OCC(CC)CC)Oc1ccccc1,6.1487416512809245,Ebola
CHEMBL5176722,FC(C1=Nc2ccccc2N=C(c2ccccc2)C1)C(F)(F)F,4.91721462968355,Ebola
CHEMBL5597831,COc1cc2c(OCC(O)CN3CCN(C)CC3)c3c(c(-c4ccc5c(c4)OCO5)c2cc1OC)C(=O)OC3,7.267606240177032,Ebola
CHEMBL5596937,COc1cc2c(OCCCN3CC4CCC3CN4C)c3c(c(-c4ccc5c(c4)OCO5)c2cc1OC)C(=O)OC3,7.585026652029182,Ebola
CHEMBL5596568,COc1cc2c(OCCCN3CCOCC3)c3c(c(-c4ccc5c(c4)OCO5)c2cc1OC)C(=O)OC3,7.022276394711152,Ebola
CHEMBL5596482,COc1cc2c(OC3CCOCC3)c3c(c(-c4ccc5c(c4)OCO5)c2cc1OC)C(=O)OC3,6.906578314837765,Ebola
CHEMBL290814,CO/C1=C\C(C)=C\[C@@H](C)[C@@H](O)[C@@H](C)C/C(C)=C/C=C/[C@H](OC)[C@@H]([C@@H](C)[C@@H](O)[C@H](C)[C@@]2(O)C[C@@H](O)[C@H](C)[C@@H](C(C)C)O2)OC1=O,8.522878745280337,Ebola
CHEMBL1655,CN(C)CCOc1ccc(/C(=C(/CCCl)c2ccccc2)c2ccccc2)cc1,6.790484985457369,Ebola
CHEMBL1655,CN(C)CCOc1ccc(/C(=C(/CCCl)c2ccccc2)c2ccccc2)cc1,6.790484985457369,Ebola
CHEMBL5613181,O=C(Nc1ccccc1)c1ccc(-c2ccccc2OC2CCNCC2)s1,5.228412519118745,Ebola
CHEMBL5613181,O=C(Nc1ccccc1)c1ccc(-c2ccccc2OC2CCNCC2)s1,5.228412519118745,Ebola
CHEMBL5613181,O=C(Nc1ccccc1)c1ccc(-c2ccccc2OC2CCNCC2)s1,5.228412519118745,Ebola
CHEMBL5614079,O=C(NCCC1CCN(Cc2ccccc2)CC1)c1cnc(-c2ccc(OC3CCNCC3)cc2)s1,5.080921907623926,Ebola
CHEMBL5614079,O=C(NCCC1CCN(Cc2ccccc2)CC1)c1cnc(-c2ccc(OC3CCNCC3)cc2)s1,5.080921907623926,Ebola
CHEMBL5612904,O=C(Nc1ccccc1)c1ccc(-c2ccc(OC3CCNCC3)cc2)o1,5.221848749616356,Ebola
CHEMBL5612904,O=C(Nc1ccccc1)c1ccc(-c2ccc(OC3CCNCC3)cc2)o1,5.221848749616356,Ebola
CHEMBL5612104,O=C(NCCc1ccccc1)c1ccc(-c2ccccc2OC2CCNCC2)o1,5.665546248849069,Ebola
CHEMBL5612104,O=C(NCCc1ccccc1)c1ccc(-c2ccccc2OC2CCNCC2)o1,5.665546248849069,Ebola
CHEMBL2323251,O=C(CC12CC3CC(CC(C3)C1)C2)NCC(=O)N1CCN(Cc2ccccc2OCc2ccc([N+](=O)[O-])cc2)CC1,5.769551078621726,Ebola
CHEMBL2323248,COc1cccc(COc2ccccc2CN2CCN(C(=O)CNC(=O)CC34CC5CC(CC(C5)C3)C4)CC2)c1,5.721246399047171,Ebola
CHEMBL2321891,O=C(CC12CC3CC(CC(C3)C1)C2)NCC(=O)N1CCN(Cc2cccc3ccccc23)CC1,5.468521082957745,Ebola
CHEMBL4211634,Clc1cc(Cl)cc(CCCN2CCCC3=C[C@H]4C[C@H](CN5CCCC[C@H]45)[C@@H]32)c1,5.214670164989233,Ebola
CHEMBL4445585,Cl.Cl.Cl.Cl.c1cc(NCCCCN2CCOCC2)c2ccc3c(ccc4c(NCCN5CCOCC5)ccnc43)c2n1,6.107905397309519,Ebola
CHEMBL4445585,Cl.Cl.Cl.Cl.c1cc(NCCCCN2CCOCC2)c2ccc3c(ccc4c(NCCN5CCOCC5)ccnc43)c2n1,6.107905397309519,Ebola
CHEMBL4065616,CCC(CC)COC(=O)[C@H](C)N[P@](=O)(OC[C@H]1O[C@@](C#N)(c2ccc3c(N)ncnn23)[C@H](O)[C@@H]1O)Oc1ccccc1,4.619788758288394,Ebola
CHEMBL4065616,CCC(CC)COC(=O)[C@H](C)N[P@](=O)(OC[C@H]1O[C@@](C#N)(c2ccc3c(N)ncnn23)[C@H](O)[C@@H]1O)Oc1ccccc1,6.0,Ebola
CHEMBL2323041,O=C(CC12CC3CC(CC(C3)C1)C2)NCC(=O)N1CCN(C(=O)c2ccccc2)CC1,5.522878745280337,Ebola
CHEMBL2323037,O=C(CC12CC3CC(CC(C3)C1)C2)NCC(=O)N1CCN(Cc2ccccc2OCc2ccncc2)CC1,6.096910013008056,Ebola
CHEMBL2323250,O=C(CC12CC3CC(CC(C3)C1)C2)NCC(=O)N1CCN(Cc2ccccc2OCc2cccnc2)CC1,5.6777807052660805,Ebola
CHEMBL2323246,Cc1cccc(COc2ccccc2CN2CCN(C(=O)CNC(=O)CC34CC5CC(CC(C5)C3)C4)CC2)c1,6.455931955649724,Ebola
CHEMBL2323244,O=C(CC12CC3CC(CC(C3)C1)C2)NCC(=O)N1CCN(Cc2ccc3ccccc3c2)CC1,5.522878745280337,Ebola
CHEMBL4203338,O=C(CC12CC3CC(CC(O)(C3)C1)C2)NCC(=O)N1CCN(Cc2ccccc2OCc2ccc(Br)cc2)CC1,6.301029995663981,Ebola
CHEMBL4208899,COC(=O)c1ccc(COc2ccc(Cl)cc2CN2CCN(C(=O)CNC(=O)CC3CCC(F)(F)CC3)CC2)cc1,7.823908740944319,Ebola
CHEMBL4208258,CS(=O)(=O)c1ccc(CNc2ccc(Cl)cc2CN2CCN(C(=O)CNC(=O)CC3CCC(F)(F)CC3)CC2)cc1,7.2839966563652,Ebola
CHEMBL4214380,O=C(CC1CCC(F)(F)CC1)NCC(=O)N1CCN(Cc2cc(Cl)ccc2O)CC1,6.327902142064283,Ebola
CHEMBL4208672,[2H]C([2H])(c1cc(Cl)ccc1N)N1CCN(C(=O)CNC(=O)C2CC23CCC(F)(F)CC3)CC1,7.026872146400302,Ebola
CHEMBL4209778,O=C(CC12CC3CC(CC(C3)C1)C2)NCC(=O)N1CCN(Cc2ccccc2OCc2ccc(Br)cc2)CC1,6.657577319177793,Ebola
CHEMBL4209813,O=C(CC12CC3CC(CC(C3)C1)C2)NCC(=O)N1CCN(Cc2ccccc2OCc2ccc(-c3ncco3)cc2)CC1,6.568636235841012,Ebola
CHEMBL4065616,CCC(CC)COC(=O)[C@H](C)N[P@](=O)(OC[C@H]1O[C@@](C#N)(c2ccc3c(N)ncnn23)[C@H](O)[C@@H]1O)Oc1ccccc1,7.221848749616356,Ebola
CHEMBL5597205,COc1cc2c(OCCCN3C4CCC3COC4)c3c(c(-c4ccc5c(c4)OCO5)c2cc1OC)C(=O)OC3,6.844663962534938,Ebola
CHEMBL221190,COc1cc2c(O)c3c(c(-c4ccc5c(c4)OCO5)c2cc1OC)C(=O)OC3,5.964170174747172,Ebola
CHEMBL458904,COc1cc2c(O[C@@H]3O[C@H](C)[C@@H](O)[C@H](O)[C@H]3O)c3c(c(-c4ccc5c(c4)OCO5)c2cc1OC)C(=O)OC3,6.368556230986828,Ebola
CHEMBL5597831,COc1cc2c(OCC(O)CN3CCN(C)CC3)c3c(c(-c4ccc5c(c4)OCO5)c2cc1OC)C(=O)OC3,7.481486060122112,Ebola
CHEMBL5596788,COc1cc2c(OC3CCOC3)c3c(c(-c4ccc5c(c4)OCO5)c2cc1OC)C(=O)OC3,6.97061622231479,Ebola
CHEMBL4211103,O=C(CC12CC3CC(CC(Br)(C3)C1)C2)NCC(=O)N1CCN(Cc2ccccc2OCc2ccc(Br)cc2)CC1,6.221848749616356,Ebola
CHEMBL4205782,CS(=O)(=O)c1ccc(COc2ccc(Cl)cc2CN2CCN(C(=O)CNC(=O)C3CC34CCC(F)(F)CC4)CC2)cc1,7.031517051446065,Ebola
CHEMBL4208258,CS(=O)(=O)c1ccc(CNc2ccc(Cl)cc2CN2CCN(C(=O)CNC(=O)CC3CCC(F)(F)CC3)CC2)cc1,7.920818753952375,Ebola
CHEMBL4203388,CS(=O)(=O)c1ccc(CNc2ccc(Cl)cc2CN2CCN(C(=O)CNC(=O)C3CC34CCC(F)(F)CC4)CC2)cc1,8.045757490560675,Ebola
CHEMBL4203360,Clc1ccc(CCN2CCCC3=C[C@H]4C[C@H](CN5CCCC[C@H]45)[C@@H]32)cc1Cl,5.167491087293763,Ebola
CHEMBL4206112,O=C(c1ccc(Cl)c(Cl)c1)N1CCCC2=C[C@H]3C[C@H](CN4CCCC[C@H]34)[C@@H]21,4.309803919971486,Ebola
CHEMBL4216378,Fc1ccc(CN2CCCC3=C[C@H]4C[C@H](CN5CCCC[C@H]45)[C@@H]32)cc1,4.769551078621726,Ebola
CHEMBL4204187,C1=C2CCCN(Cc3ccccc3)[C@H]2[C@@H]2C[C@H]1[C@H]1CCCCN1C2,4.818156412055227,Ebola
CHEMBL11,CN(C)CCCN1c2ccccc2CCc2ccccc21,4.87942606879415,Ebola
CHEMBL415,CN(C)CCCN1c2ccccc2CCc2ccc(Cl)cc21,5.30189945437661,Ebola
CHEMBL4536298,NC(=O)C1CCN(CCOc2ccc(-c3n[nH]cc3-c3ccccc3)c(O)c2)CC1,4.301029995663981,Ebola
CHEMBL5172194,O=C(CNCCC1CCN(Cc2ccccc2)CC1)Nn1c2ccccc2c2ccccc21,6.431798275933005,Ebola
CHEMBL5172194,O=C(CNCCC1CCN(Cc2ccccc2)CC1)Nn1c2ccccc2c2ccccc21,6.431798275933005,Ebola
CHEMBL5424177,O=C(CNCCC1CCN(Cc2ccccc2)CC1)NN(c1ccccc1)c1ccccc1,5.504455662453552,Ebola
CHEMBL5424177,O=C(CNCCC1CCN(Cc2ccccc2)CC1)NN(c1ccccc1)c1ccccc1,5.504455662453552,Ebola
CHEMBL1655,CN(C)CCOc1ccc(/C(=C(/CCCl)c2ccccc2)c2ccccc2)cc1,7.154901959985743,Ebola
CHEMBL1655,CN(C)CCOc1ccc(/C(=C(/CCCl)c2ccccc2)c2ccccc2)cc1,7.154901959985743,Ebola
CHEMBL5172194,O=C(CNCCC1CCN(Cc2ccccc2)CC1)Nn1c2ccccc2c2ccccc21,6.431798275933005,Ebola
CHEMBL5172194,O=C(CNCCC1CCN(Cc2ccccc2)CC1)Nn1c2ccccc2c2ccccc21,6.431798275933005,Ebola
CHEMBL4203365,Cc1ccccc1CN1CCCC2=C[C@H]3C[C@H](CN4CCCC[C@H]34)[C@@H]21,4.779891911959945,Ebola
CHEMBL5200782,C[C@]12CC3CC(C(=O)N[C@H]4CC[C@H](N)CC4)(C1)C[C@@](c1ccccc1)(C3)C2,6.619788758288394,Ebola
CHEMBL3329704,C1=C2CCCN[C@H]2[C@@H]2C[C@H]1[C@H]1CCCCN1C2,4.906578314837764,Ebola
CHEMBL4208233,Clc1cc(Cl)cc(CCN2CCCC3=C[C@H]4C[C@H](CN5CCCC[C@H]45)[C@@H]32)c1,5.2441251443275085,Ebola
CHEMBL4207706,O=S(=O)(c1ccc(Cl)c(Cl)c1)N1CCCC2=C[C@H]3C[C@H](CN4CCCC[C@H]34)[C@@H]21,4.617982957425132,Ebola
CHEMBL4207052,Clc1cc(Cl)cc(CN2CCCC3=C[C@H]4C[C@H](CN5CCCC[C@H]45)[C@@H]32)c1,5.091514981121351,Ebola
CHEMBL5590446,CC1(C)[C@H]2CC[C@](C)(C2)[C@H]1OC(=O)CCCN1CCCCC1,5.1487416512809245,Ebola
CHEMBL5583953,CN1CCN(CCCC(=O)O[C@H]2C(C)(C)[C@H]3CC[C@]2(C)C3)CC1,5.309803919971486,Ebola
CHEMBL5595942,CC1(C)[C@H]2CC[C@](C)(C2)[C@H]1OC(=O)CCN1CCOCC1,6.045757490560675,Ebola
CHEMBL5595960,CC1CCN(CCCC(=O)O[C@H]2C(C)(C)[C@H]3CC[C@]2(C)C3)CC1,5.468521082957745,Ebola
CHEMBL535,CCN(CC)CCNC(=O)c1c(C)[nH]c(/C=C2\C(=O)Nc3ccc(F)cc32)c1C,6.327902142064283,Ebola
CHEMBL4297643,Cc1cccc(/C=N/Nc2cc(N3CCOCC3)nc(OCCc3ccccn3)n2)c1,8.0,Ebola
CHEMBL5592840,CC1CCN(CC(=O)O[C@H]2C(C)(C)[C@H]3CC[C@]2(C)C3)CC1,4.7281583934635005,Ebola
CHEMBL5591685,C[C@@H]1[C@H]2C[C@@H](C[C@H]1OC(=O)CCN1CCN(C)CC1)C2(C)C,5.259637310505756,Ebola
CHEMBL5594429,CN(C)C1CCN(C(=O)c2cc3ccccc3n2CC2CCCCC2)CC1,6.530177984021837,Ebola
CHEMBL5594429,CN(C)C1CCN(C(=O)c2cc3ccccc3n2CC2CCCCC2)CC1,6.530177984021837,Ebola
CHEMBL5595960,CC1CCN(CCCC(=O)O[C@H]2C(C)(C)[C@H]3CC[C@]2(C)C3)CC1,4.661543506395395,Ebola
CHEMBL4099554,CCC(CC)OC(=O)[C@H](C)NP(=O)(OC[C@H]1O[C@@](C#N)(c2ccc3c(N)ncnn23)[C@H](O)[C@@H]1O)Oc1ccccc1,5.742321425130816,Ebola
CHEMBL42710,C=CCc1ccc(O)c(OC)c1,5.886056647693163,Ebola
CHEMBL5205032,CCC(CC)OC(=O)[C@H](C)N[P@](=O)(OC[C@H]1O[C@@](C#N)(c2ccc3c(N)ncnn23)[C@H](O)[C@@H]1O)Oc1ccccc1,7.0655015487564325,Ebola
CHEMBL4439128,COc1ccc(-c2cnc3[nH]cc(C#Cc4cccnc4)c3c2)cc1OC,5.120330794367947,Ebola
CHEMBL4065616,CCC(CC)COC(=O)[C@H](C)N[P@](=O)(OC[C@H]1O[C@@](C#N)(c2ccc3c(N)ncnn23)[C@H](O)[C@@H]1O)Oc1ccccc1,4.0655015487564325,Ebola
CHEMBL1201203,CN1[C@@H]2CC[C@H]1C[C@@H](OC(c1ccccc1)c1ccccc1)C2,5.09312646527793,Ebola
CHEMBL490,Fc1ccc([C@@H]2CCNC[C@H]2COc2ccc3c(c2)OCO3)cc1,5.127843727251707,Ebola
CHEMBL479,CSc1ccc2c(c1)N(CCC1CCCCN1C)c1ccccc1S2,5.204815410317576,Ebola
CHEMBL5591747,CCN1CCN(CCCC(=O)O[C@H]2C(C)(C)[C@H]3CC[C@]2(C)C3)CC1,6.045757490560675,Ebola
CHEMBL479,CSc1ccc2c(c1)N(CCC1CCCCN1C)c1ccccc1S2,5.204815410317576,Ebola
CHEMBL4074442,CCOC(=O)[C@H](CC)NP(=O)(OC[C@H]1O[C@@](C#N)(c2ccc3c(N)ncnn23)[C@H](O)[C@@H]1O)Oc1ccccc1,5.072116589669293,Ebola
CHEMBL2016757,N#C[C@@]1(c2ccc3c(N)ncnn23)O[C@H](CO)[C@@H](O)[C@H]1O,6.107905397309519,Ebola
CHEMBL4065501,N#C[C@@]1(n2cnc3c(N)ncnc32)O[C@H](CO)[C@@H](O)[C@H]1O,4.251811972993799,Ebola
CHEMBL4074442,CCOC(=O)[C@H](CC)NP(=O)(OC[C@H]1O[C@@](C#N)(c2ccc3c(N)ncnn23)[C@H](O)[C@@H]1O)Oc1ccccc1,5.79997073344623,Ebola
CHEMBL4091811,C[C@H](NP(=O)(OC[C@H]1O[C@@](C#N)(c2ccc3c(N)ncnn23)[C@H](O)[C@@H]1O)Oc1ccccc1)C(=O)OC(C)(C)C,5.421360790031928,Ebola
CHEMBL4072649,C[C@H](NP(=O)(OC[C@H]1O[C@@](C#N)(c2ccc3c(N)ncnn23)[C@H](O)[C@@H]1O)Oc1ccccc1)C(=O)OC1CCCC1,6.795880017344075,Ebola
CHEMBL4083126,C[C@H](NP(=O)(OC[C@H]1O[C@@](C#N)(c2ccc3c(N)ncnn23)[C@H](O)[C@@H]1O)Oc1ccccc1)C(=O)OCC(C)(C)C,7.036212172654444,Ebola
CHEMBL4098638,CCC(CC)OC(=O)[C@H](C)NP(=O)(N[C@@H](C)C(=O)OC(CC)CC)OC[C@H]1O[C@@](C#N)(c2ccc3c(N)ncnn23)[C@H](O)[C@@H]1O,6.168770306132936,Ebola
CHEMBL4072649,C[C@H](NP(=O)(OC[C@H]1O[C@@](C#N)(c2ccc3c(N)ncnn23)[C@H](O)[C@@H]1O)Oc1ccccc1)C(=O)OC1CCCC1,6.920818753952375,Ebola
CHEMBL1655,CN(C)CCOc1ccc(/C(=C(/CCCl)c2ccccc2)c2ccccc2)cc1,7.585026652029182,Ebola
CHEMBL1655,CN(C)CCOc1ccc(/C(=C(/CCCl)c2ccccc2)c2ccccc2)cc1,7.585026652029182,Ebola
CHEMBL5597227,COc1cc2c(OCCCN3CCN(C)C(=O)C3)c3c(c(-c4ccc5c(c4)OCO5)c2cc1OC)C(=O)OC3,6.777283528852417,Ebola
CHEMBL458904,COc1cc2c(O[C@@H]3O[C@H](C)[C@@H](O)[C@H](O)[C@H]3O)c3c(c(-c4ccc5c(c4)OCO5)c2cc1OC)C(=O)OC3,7.070581074285707,Ebola
CHEMBL5583953,CN1CCN(CCCC(=O)O[C@H]2C(C)(C)[C@H]3CC[C@]2(C)C3)CC1,5.508638306165727,Ebola
CHEMBL5594558,CC1(C)[C@H]2CC[C@](C)(C2)[C@H]1OC(=O)CN1CCN(c2ccccc2)CC1,5.236572006437063,Ebola
CHEMBL5592940,CC1(C)[C@H]2CC[C@](C)(C2)[C@H]1OC(=O)CCCN1CCN(c2ccccc2)CC1,6.267606240177032,Ebola
CHEMBL5595631,C[C@@H]1[C@H]2C[C@@H](C[C@H]1OC(=O)CCN1CCOCC1)C2(C)C,4.2441251443275085,Ebola
CHEMBL5591685,C[C@@H]1[C@H]2C[C@@H](C[C@H]1OC(=O)CCN1CCN(C)CC1)C2(C)C,5.309803919971486,Ebola
CHEMBL5594623,C[C@@H]1[C@H]2C[C@@H](C[C@H]1OC(=O)CCCN1CCN(C)CC1)C2(C)C,5.552841968657781,Ebola
CHEMBL5592638,C[C@@H]1[C@H]2C[C@@H](C[C@H]1OC(=O)CN1CCN(c3ccccc3)CC1)C2(C)C,5.045757490560675,Ebola
CHEMBL11,CN(C)CCCN1c2ccccc2CCc2ccccc21,4.863279432843593,Ebola
CHEMBL5612585,O=C(Nc1ccccc1)c1ccc(-c2ccccc2OC2CCNCC2)o1,4.68507994400758,Ebola
CHEMBL5612466,O=C(NCCC1CCN(Cc2ccccc2)CC1)c1ccc(-c2ccccc2OC2CCNCC2)o1,5.317854923626168,Ebola
CHEMBL5612466,O=C(NCCC1CCN(Cc2ccccc2)CC1)c1ccc(-c2ccccc2OC2CCNCC2)o1,5.317854923626168,Ebola
CHEMBL221722,NC(=O)c1nc(F)cnc1O,4.173925197299173,Ebola
CHEMBL221722,NC(=O)c1nc(F)cnc1O,4.173925197299173,Ebola
CHEMBL221722,NC(=O)c1nc(F)cnc1O,4.173925197299173,Ebola
CHEMBL221722,NC(=O)c1nc(F)cnc1O,4.173925197299173,Ebola
CHEMBL5583881,CN(C)CCNC(=O)c1cc2occc2n1Cc1ccc(Cl)cc1,5.8996294548824375,Ebola
CHEMBL5583881,CN(C)CCNC(=O)c1cc2occc2n1Cc1ccc(Cl)cc1,5.8996294548824375,Ebola
CHEMBL5583881,CN(C)CCNC(=O)c1cc2occc2n1Cc1ccc(Cl)cc1,5.8996294548824375,Ebola
CHEMBL5583881,CN(C)CCNC(=O)c1cc2occc2n1Cc1ccc(Cl)cc1,5.8996294548824375,Ebola
CHEMBL5594263,CCOc1ncc(NC(=O)c2cc3occc3n2Cc2ccc(Cl)cc2)cc1F,5.614393726401688,Ebola
CHEMBL91704,CN1CCN(C(=O)N[C@@H](Cc2ccccc2)C(=O)N[C@H](/C=C/S(=O)(=O)c2ccccc2)CCc2ccccc2)CC1,9.443697499232712,Ebola
CHEMBL4743491,COCCN1CCN(C(=O)N[C@@H](Cc2ccccc2)C(=O)N[C@H](/C=C/S(=O)(=O)c2ccccc2)CCc2ccccc2)CC1,10.397940008672036,Ebola
CHEMBL4755358,CC(C)(C)N1CCN(C(=O)N[C@@H](Cc2ccccc2)C(=O)N[C@H](/C=C/S(=O)(=O)c2ccccc2)CCc2ccccc2)CC1,10.397940008672036,Ebola
CHEMBL5598489,COC(=O)N1CCN(CCCOc2c3c(c(-c4ccc5c(c4)OCO5)c4cc(OC)c(OC)cc24)C(=O)OC3)CC1,7.657577319177793,Ebola
CHEMBL5597447,COCCN1CCN(CC(O)COc2c3c(c(-c4ccc5c(c4)OCO5)c4cc(OC)c(OC)cc24)C(=O)OC3)CC1,7.356547323513812,Ebola
CHEMBL5597921,COc1cc2c(OCCCN3CC4CC3CN4C)c3c(c(-c4ccc5c(c4)OCO5)c2cc1OC)C(=O)OC3,6.935542010773082,Ebola
CHEMBL5596191,COc1cc2c(OCCCN3CC4CCC(C3)N4C)c3c(c(-c4ccc5c(c4)OCO5)c2cc1OC)C(=O)OC3,8.0,Ebola
CHEMBL5596240,COc1cc2c(OCCCN3CC4CCC3CO4)c3c(c(-c4ccc5c(c4)OCO5)c2cc1OC)C(=O)OC3,7.721246399047171,Ebola
CHEMBL5611978,O=C(Nc1ccc(Cl)cc1)c1ccc(-c2ccccc2OC2CCNCC2)s1,5.075720713938118,Ebola
CHEMBL5611978,O=C(Nc1ccc(Cl)cc1)c1ccc(-c2ccccc2OC2CCNCC2)s1,5.075720713938118,Ebola
CHEMBL5613624,O=C(NCCC1CCN(Cc2ccccc2)CC1)c1ccc(-c2ccccc2OC2CCNCC2)s1,5.031517051446065,Ebola
CHEMBL5613624,O=C(NCCC1CCN(Cc2ccccc2)CC1)c1ccc(-c2ccccc2OC2CCNCC2)s1,5.031517051446065,Ebola
CHEMBL5612768,O=C(Nc1ccc(Cl)cc1)c1ccc(-c2ccc(OC3CCNCC3)cc2)s1,5.1438755557577,Ebola
CHEMBL5612768,O=C(Nc1ccc(Cl)cc1)c1ccc(-c2ccc(OC3CCNCC3)cc2)s1,5.1438755557577,Ebola
CHEMBL5593647,CN(C)C1CCN(C(=O)CN(Cc2ccccc2)c2ccccc2)CC1,4.97061622231479,Ebola
CHEMBL5591841,CN(C)C1CCN(C(=O)c2cc3ccccc3n2Cc2ccccc2)CC1,6.259637310505756,Ebola
CHEMBL5584120,CN(C)C1CCN(C(=O)c2cc3ccccc3n2Cc2ccc(-c3ccccc3)cc2)CC1,5.97469413473523,Ebola
CHEMBL4065616,CCC(CC)COC(=O)[C@H](C)N[P@](=O)(OC[C@H]1O[C@@](C#N)(c2ccc3c(N)ncnn23)[C@H](O)[C@@H]1O)Oc1ccccc1,7.221848749616356,Ebola
CHEMBL4065616,CCC(CC)COC(=O)[C@H](C)N[P@](=O)(OC[C@H]1O[C@@](C#N)(c2ccc3c(N)ncnn23)[C@H](O)[C@@H]1O)Oc1ccccc1,6.920818753952375,Ebola
CHEMBL4064050,CC(C)OC(=O)[C@H](C)NP(=O)(OC[C@H]1O[C@@](C#N)(c2ccc3c(N)ncnn23)[C@H](O)[C@@H]1O)Oc1ccccc1,5.734003629504921,Ebola
CHEMBL4091811,C[C@H](NP(=O)(OC[C@H]1O[C@@](C#N)(c2ccc3c(N)ncnn23)[C@H](O)[C@@H]1O)Oc1ccccc1)C(=O)OC(C)(C)C,4.516983579855868,Ebola
CHEMBL47298,CCN(CC)CCOc1ccc2c(c1)C(=O)c1cc(OCCN(CC)CC)ccc1-2,5.943095148663527,Ebola
CHEMBL1655,CN(C)CCOc1ccc(/C(=C(/CCCl)c2ccccc2)c2ccccc2)cc1,6.790484985457369,Ebola
CHEMBL1655,CN(C)CCOc1ccc(/C(=C(/CCCl)c2ccccc2)c2ccccc2)cc1,6.790484985457369,Ebola
CHEMBL4636836,CC12CC3CC(C(=O)N[C@H]4CC[C@H](N)CC4)(C1)CC(c1ccccc1)(C3)C2,6.619788758288394,Ebola
CHEMBL4639721,CC12CC3CC(C(=O)N[C@H]4CC[C@H](CN)CC4)(C1)CC(c1ccccc1)(C3)C2,6.366531544420414,Ebola
CHEMBL4633310,CCC12CC3CC(C(=O)N[C@H]4CC[C@H](N)CC4)(C1)CC(c1ccccc1)(C3)C2,6.853871964321762,Ebola
CHEMBL4633940,CC12CC3CC(C(=O)NC4CCNCC4)(C1)CC(c1ccccc1)(C3)C2,5.6777807052660805,Ebola
CHEMBL5074199,CCSCCCCCCCCCCCC(=O)O[C@@H]1[C@H](O)[C@@H](CO[P@@](=O)(N[C@H](C)C(=O)OCC(CC)CC)Oc2ccccc2)O[C@@]1(C#N)c1ccc2c(N)ncnn12,6.6020599913279625,Ebola
CHEMBL5079736,CCCCCCCCCCOCCC(=O)O[C@H]1[C@@H](O)[C@](C#N)(c2ccc3c(N)ncnn23)O[C@@H]1CO[P@@](=O)(N[C@H](C)C(=O)OCC(CC)CC)Oc1ccccc1,4.853871964321762,Ebola
CHEMBL553,C#Cc1cccc(Nc2ncnc3cc(OCCOC)c(OCCOC)cc23)c1,4.889410289700751,Ebola
CHEMBL258940,CN1CCC(Nc2ncc3ncnc(Nc4ccc(F)c(Cl)c4)c3n2)CC1,5.958607314841775,Ebola
CHEMBL1008,CC(C)COCC(CN(Cc1ccccc1)c1ccccc1)N1CCCC1,5.493494967595128,Ebola
CHEMBL5598420,COc1cc2c(OCCCN3CCN(C=O)CC3)c3c(c(-c4ccc5c(c4)OCO5)c2cc1OC)C(=O)OC3,7.508638306165727,Ebola
CHEMBL5591196,COc1cc2c(OCCCN3CCN(C)CC3)c3c(c(-c4ccc5c(c4)OCO5)c2cc1OC)C(=O)OC3,8.154901959985743,Ebola
CHEMBL5598341,COc1cc2c(OCCCN3CCNC(=O)C3)c3c(c(-c4ccc5c(c4)OCO5)c2cc1OC)C(=O)OC3,6.355561410532162,Ebola
CHEMBL5085366,CCCCCCCCCCCCCCCC(=O)O[C@H]1[C@@H](O)[C@](C#N)(c2ccc3c(N)ncnn23)O[C@@H]1CO[P@@](=O)(N[C@H](C)C(=O)OCC(CC)CC)Oc1ccccc1,5.537602002101044,Ebola
CHEMBL5086165,CCCCCCCCCCCCCC(=O)O[C@H]1[C@@H](OC(=O)CCCCCCCCCCCCC)[C@](C#N)(c2ccc3c(N)ncnn23)O[C@@H]1CO[P@@](=O)(N[C@H](C)C(=O)OCC(CC)CC)Oc1ccccc1,4.91721462968355,Ebola
CHEMBL5077949,CCCCCCCCCCOCCC(=O)O[C@@H]1[C@H](O)[C@@H](CO[P@@](=O)(N[C@H](C)C(=O)OCC(CC)CC)Oc2ccccc2)O[C@@]1(C#N)c1ccc2c(N)ncnn12,4.443697499232712,Ebola
CHEMBL5074199,CCSCCCCCCCCCCCC(=O)O[C@@H]1[C@H](O)[C@@H](CO[P@@](=O)(N[C@H](C)C(=O)OCC(CC)CC)Oc2ccccc2)O[C@@]1(C#N)c1ccc2c(N)ncnn12,4.537602002101044,Ebola
CHEMBL5084250,CCCCCCCCCCCCCCCC(=O)O[C@@H]1[C@H](O)[C@@H](CO[P@@](=O)(N[C@H](C)C(=O)OCC(CC)CC)Oc2ccccc2)O[C@@]1(C#N)c1ccc2c(N)ncnn12,5.142667503568731,Ebola
CHEMBL5596649,COc1cc2c(OCC(O)CN3CC4CCC(C3)N4C)c3c(c(-c4ccc5c(c4)OCO5)c2cc1OC)C(=O)OC3,8.154901959985743,Ebola
CHEMBL5596240,COc1cc2c(OCCCN3CC4CCC3CO4)c3c(c(-c4ccc5c(c4)OCO5)c2cc1OC)C(=O)OC3,7.552841968657781,Ebola
CHEMBL5596535,COc1cc2c(OCC#N)c3c(c(-c4ccc5c(c4)OCO5)c2cc1OC)C(=O)OC3,6.739928612014925,Ebola
CHEMBL5590637,COc1cc2c(OC3COC3)c3c(c(-c4ccc5c(c4)OCO5)c2cc1OC)C(=O)OC3,6.497572880015567,Ebola
CHEMBL5598529,COc1cc2c(OC3CCNC3)c3c(c(-c4ccc5c(c4)OCO5)c2cc1OC)C(=O)OC3,7.0655015487564325,Ebola
CHEMBL2323059,O=C(CC12CC3CC(CC(C3)C1)C2)NCC(=O)N1CCN(Cc2ccc(Cl)c(Cl)c2)CC1,6.1249387366083,Ebola
CHEMBL2323058,O=C(CC12CC3CC(CC(C3)C1)C2)NCC(=O)N1CCN(Cc2ccc(Cl)cc2Cl)CC1,5.180456064458132,Ebola
CHEMBL2323057,O=C(CC12CC3CC(CC(C3)C1)C2)NCC(=O)N1CCN(Cc2cc(Br)ccc2O)CC1,6.301029995663981,Ebola
CHEMBL2323052,Cc1ccc(CN2CCN(C(=O)CNC(=O)CC34CC5CC(CC(C5)C3)C4)CC2)cc1,5.958607314841775,Ebola
CHEMBL5583751,O=C(NCCCn1ccnc1)c1cc2occc2n1Cc1ccc(Cl)cc1,5.204815410317576,Ebola
CHEMBL3438758,CN1CCN(C(=O)c2cc3sccc3n2Cc2ccc(Cl)cc2)CC1,5.010995384301463,Ebola
CHEMBL5589707,O=C(c1cc2sccc2n1Cc1ccc(Cl)cc1)N1CCN(C2CCCCC2)CC1,4.962573502059376,Ebola
CHEMBL633,CCCCc1oc2ccccc2c1C(=O)c1cc(I)c(OCCN(CC)CC)c(I)c1,5.251811972993799,Ebola
CHEMBL4795764,CCOP(=O)(Cc1cccc(COc2ccccc2OC2CCN(Cc3ccc4nc(-c5cccc(OC(F)(F)F)c5)[nH]c4c3)CC2)c1)OCC,5.681936665037238,Ebola
CHEMBL4761883,CCOP(=O)(Cc1cccc(COc2ccccc2CC2CCN(Cc3ccc4nc(-c5ccccc5)[nH]c4c3)CC2)c1)OCC,6.031517051446065,Ebola
CHEMBL5593499,CC1(C)[C@@H]2CC[C@@]1(CS(=O)(=O)N1CCCCC1)C(=O)C2,4.221848749616356,Ebola
CHEMBL5595049,CN1CCN(S(=O)(=O)C[C@]23CC[C@H](CC2=O)C3(C)C)CC1,3.2676062401770314,Ebola
CHEMBL5592371,CCN1CCN(S(=O)(=O)C[C@]23CC[C@H](CC2=O)C3(C)C)CC1,4.040958607678906,Ebola
CHEMBL5591747,CCN1CCN(CCCC(=O)O[C@H]2C(C)(C)[C@H]3CC[C@]2(C)C3)CC1,5.619788758288394,Ebola
CHEMBL5592964,CC1(C)[C@H]2CC[C@](C)(C2)[C@H]1OC(=O)CCN1CCN(c2ccccc2)CC1,5.0,Ebola
CHEMBL4065616,CCC(CC)COC(=O)[C@H](C)N[P@](=O)(OC[C@H]1O[C@@](C#N)(c2ccc3c(N)ncnn23)[C@H](O)[C@@H]1O)Oc1ccccc1,6.494850021680094,Ebola
CHEMBL5396731,O=C(CCN1CCCCC1)Nn1c2ccccc2c2ccccc21,5.552841968657781,Ebola
CHEMBL5433897,O=C(CCNCCN1CCN(Cc2ccccc2)CC1)NN(c1ccccc1)c1ccccc1,6.236572006437063,Ebola
CHEMBL5433897,O=C(CCNCCN1CCN(Cc2ccccc2)CC1)NN(c1ccccc1)c1ccccc1,6.236572006437063,Ebola
CHEMBL258940,CN1CCC(Nc2ncc3ncnc(Nc4ccc(F)c(Cl)c4)c3n2)CC1,5.920818753952375,Ebola
CHEMBL4639721,CC12CC3CC(C(=O)N[C@H]4CC[C@H](CN)CC4)(C1)CC(c1ccccc1)(C3)C2,6.259637310505756,Ebola
CHEMBL5594429,CN(C)C1CCN(C(=O)c2cc3ccccc3n2CC2CCCCC2)CC1,6.407823242604133,Ebola
CHEMBL5594429,CN(C)C1CCN(C(=O)c2cc3ccccc3n2CC2CCCCC2)CC1,6.407823242604133,Ebola
CHEMBL5590446,CC1(C)[C@H]2CC[C@](C)(C2)[C@H]1OC(=O)CCCN1CCCCC1,5.494850021680094,Ebola
CHEMBL5594689,CC1(C)[C@@H]2CC[C@@]1(CS(=O)(=O)N1CCOCC1)C(=O)C2,6.045757490560675,Ebola
CHEMBL5591747,CCN1CCN(CCCC(=O)O[C@H]2C(C)(C)[C@H]3CC[C@]2(C)C3)CC1,5.275724130399211,Ebola
CHEMBL221722,NC(=O)c1nc(F)cnc1O,4.2084496949726695,Ebola
CHEMBL221722,NC(=O)c1nc(F)cnc1O,4.2084496949726695,Ebola
CHEMBL4541962,COc1ccc(-c2cnc3[nH]cc(NC(=O)c4cccnc4)c3c2)cc1OC,5.372634143407267,Ebola
CHEMBL5591328,COc1ccc(Cn2c(C(=O)N3CCC(N(C)C)CC3)cc3ccccc32)cc1,5.856985199745905,Ebola
CHEMBL5591328,COc1ccc(Cn2c(C(=O)N3CCC(N(C)C)CC3)cc3ccccc32)cc1,5.856985199745905,Ebola
CHEMBL5591328,COc1ccc(Cn2c(C(=O)N3CCC(N(C)C)CC3)cc3ccccc32)cc1,5.856985199745905,Ebola
CHEMBL5591328,COc1ccc(Cn2c(C(=O)N3CCC(N(C)C)CC3)cc3ccccc32)cc1,5.856985199745905,Ebola
CHEMBL5594836,CN(C)C1CCN(C(=O)c2cc3sccc3n2Cc2ccc(Cl)cc2)CC1,5.721246399047171,Ebola
CHEMBL5594836,CN(C)C1CCN(C(=O)c2cc3sccc3n2Cc2ccc(Cl)cc2)CC1,5.721246399047171,Ebola
CHEMBL5594836,CN(C)C1CCN(C(=O)c2cc3sccc3n2Cc2ccc(Cl)cc2)CC1,5.721246399047171,Ebola
CHEMBL5594836,CN(C)C1CCN(C(=O)c2cc3sccc3n2Cc2ccc(Cl)cc2)CC1,5.721246399047171,Ebola
CHEMBL5595489,CN(C)CCNC(=O)c1cc2ccccc2n1Cc1ccc(Cl)cc1,5.575118363368933,Ebola
CHEMBL5595489,CN(C)CCNC(=O)c1cc2ccccc2n1Cc1ccc(Cl)cc1,5.575118363368933,Ebola
CHEMBL5595489,CN(C)CCNC(=O)c1cc2ccccc2n1Cc1ccc(Cl)cc1,5.575118363368933,Ebola
CHEMBL5595489,CN(C)CCNC(=O)c1cc2ccccc2n1Cc1ccc(Cl)cc1,5.575118363368933,Ebola
CHEMBL5583881,CN(C)CCNC(=O)c1cc2occc2n1Cc1ccc(Cl)cc1,5.709965388637482,Ebola
CHEMBL5583881,CN(C)CCNC(=O)c1cc2occc2n1Cc1ccc(Cl)cc1,5.709965388637482,Ebola
CHEMBL5583881,CN(C)CCNC(=O)c1cc2occc2n1Cc1ccc(Cl)cc1,5.709965388637482,Ebola
CHEMBL5583881,CN(C)CCNC(=O)c1cc2occc2n1Cc1ccc(Cl)cc1,5.709965388637482,Ebola
CHEMBL5593153,CN(C)C1CCN(C(=O)c2cc3occc3n2Cc2ccc(Cl)cc2)CC1,5.701146923590294,Ebola
CHEMBL5593153,CN(C)C1CCN(C(=O)c2cc3occc3n2Cc2ccc(Cl)cc2)CC1,5.701146923590294,Ebola
CHEMBL5593153,CN(C)C1CCN(C(=O)c2cc3occc3n2Cc2ccc(Cl)cc2)CC1,5.701146923590294,Ebola
CHEMBL5593153,CN(C)C1CCN(C(=O)c2cc3occc3n2Cc2ccc(Cl)cc2)CC1,5.701146923590294,Ebola
CHEMBL5589828,CN(C)C1CCN(C(=O)c2cc3ccccc3n2Cc2ccncc2)CC1,6.568636235841012,Ebola
CHEMBL5589828,CN(C)C1CCN(C(=O)c2cc3ccccc3n2Cc2ccncc2)CC1,6.568636235841012,Ebola
CHEMBL5589828,CN(C)C1CCN(C(=O)c2cc3ccccc3n2Cc2ccncc2)CC1,6.568636235841012,Ebola
CHEMBL5589828,CN(C)C1CCN(C(=O)c2cc3ccccc3n2Cc2ccncc2)CC1,6.568636235841012,Ebola
CHEMBL5593953,O=C(Nc1ccc(N2CCC(F)(F)CC2)cc1)c1cc2occc2n1Cc1ccc(Cl)cc1,4.438898616350944,Ebola
CHEMBL5593953,O=C(Nc1ccc(N2CCC(F)(F)CC2)cc1)c1cc2occc2n1Cc1ccc(Cl)cc1,4.438898616350944,Ebola
CHEMBL5593953,O=C(Nc1ccc(N2CCC(F)(F)CC2)cc1)c1cc2occc2n1Cc1ccc(Cl)cc1,4.438898616350944,Ebola
CHEMBL5593953,O=C(Nc1ccc(N2CCC(F)(F)CC2)cc1)c1cc2occc2n1Cc1ccc(Cl)cc1,4.438898616350944,Ebola
CHEMBL5591525,CN(C)C1CCN(C(=O)c2cc3ccccc3n2Cc2ccc(Cl)cc2)CC1,5.866461091629782,Ebola
CHEMBL5591525,CN(C)C1CCN(C(=O)c2cc3ccccc3n2Cc2ccc(Cl)cc2)CC1,5.866461091629782,Ebola
CHEMBL5591525,CN(C)C1CCN(C(=O)c2cc3ccccc3n2Cc2ccc(Cl)cc2)CC1,5.866461091629782,Ebola
CHEMBL5591525,CN(C)C1CCN(C(=O)c2cc3ccccc3n2Cc2ccc(Cl)cc2)CC1,5.866461091629782,Ebola
CHEMBL5584196,CN(C)C1CCN(C(=O)c2cc3ccccc3n2Cc2ccc(F)cc2)CC1,6.452225294612178,Ebola
CHEMBL5584196,CN(C)C1CCN(C(=O)c2cc3ccccc3n2Cc2ccc(F)cc2)CC1,6.452225294612178,Ebola
CHEMBL5584196,CN(C)C1CCN(C(=O)c2cc3ccccc3n2Cc2ccc(F)cc2)CC1,6.452225294612178,Ebola
CHEMBL5584196,CN(C)C1CCN(C(=O)c2cc3ccccc3n2Cc2ccc(F)cc2)CC1,6.452225294612178,Ebola
CHEMBL5613181,O=C(Nc1ccccc1)c1ccc(-c2ccccc2OC2CCNCC2)s1,5.578396073130169,Ebola
CHEMBL5613181,O=C(Nc1ccccc1)c1ccc(-c2ccccc2OC2CCNCC2)s1,5.578396073130169,Ebola
CHEMBL5613181,O=C(Nc1ccccc1)c1ccc(-c2ccccc2OC2CCNCC2)s1,5.578396073130169,Ebola
CHEMBL5591328,COc1ccc(Cn2c(C(=O)N3CCC(N(C)C)CC3)cc3ccccc32)cc1,5.910094888560602,Ebola
CHEMBL5591328,COc1ccc(Cn2c(C(=O)N3CCC(N(C)C)CC3)cc3ccccc32)cc1,5.910094888560602,Ebola
CHEMBL5591328,COc1ccc(Cn2c(C(=O)N3CCC(N(C)C)CC3)cc3ccccc32)cc1,5.910094888560602,Ebola
CHEMBL5591328,COc1ccc(Cn2c(C(=O)N3CCC(N(C)C)CC3)cc3ccccc32)cc1,5.910094888560602,Ebola
CHEMBL5584196,CN(C)C1CCN(C(=O)c2cc3ccccc3n2Cc2ccc(F)cc2)CC1,5.995678626217358,Ebola
CHEMBL5584196,CN(C)C1CCN(C(=O)c2cc3ccccc3n2Cc2ccc(F)cc2)CC1,5.995678626217358,Ebola
CHEMBL5584196,CN(C)C1CCN(C(=O)c2cc3ccccc3n2Cc2ccc(F)cc2)CC1,5.995678626217358,Ebola
CHEMBL5584196,CN(C)C1CCN(C(=O)c2cc3ccccc3n2Cc2ccc(F)cc2)CC1,5.995678626217358,Ebola
CHEMBL5612845,O=C(Nc1ccccc1)c1ccc(-c2cccc(OC3CCNCC3)c2)s1,5.515700160653214,Ebola
CHEMBL5612845,O=C(Nc1ccccc1)c1ccc(-c2cccc(OC3CCNCC3)c2)s1,5.515700160653214,Ebola
CHEMBL5612845,O=C(Nc1ccccc1)c1ccc(-c2cccc(OC3CCNCC3)c2)s1,5.515700160653214,Ebola
CHEMBL5612941,O=C(Nc1ccccc1)c1ccc(-c2ccc(OC3CCNCC3)cc2)s1,5.774690718274137,Ebola
CHEMBL5612941,O=C(Nc1ccccc1)c1ccc(-c2ccc(OC3CCNCC3)cc2)s1,5.774690718274137,Ebola
CHEMBL5612941,O=C(Nc1ccccc1)c1ccc(-c2ccc(OC3CCNCC3)cc2)s1,5.774690718274137,Ebola
CHEMBL5593953,O=C(Nc1ccc(N2CCC(F)(F)CC2)cc1)c1cc2occc2n1Cc1ccc(Cl)cc1,5.621602099051862,Ebola
CHEMBL5593953,O=C(Nc1ccc(N2CCC(F)(F)CC2)cc1)c1cc2occc2n1Cc1ccc(Cl)cc1,5.621602099051862,Ebola
CHEMBL5593953,O=C(Nc1ccc(N2CCC(F)(F)CC2)cc1)c1cc2occc2n1Cc1ccc(Cl)cc1,5.621602099051862,Ebola
CHEMBL5593953,O=C(Nc1ccc(N2CCC(F)(F)CC2)cc1)c1cc2occc2n1Cc1ccc(Cl)cc1,5.621602099051862,Ebola
CHEMBL5591328,COc1ccc(Cn2c(C(=O)N3CCC(N(C)C)CC3)cc3ccccc32)cc1,4.698970004336019,Ebola
CHEMBL5591328,COc1ccc(Cn2c(C(=O)N3CCC(N(C)C)CC3)cc3ccccc32)cc1,4.698970004336019,Ebola
CHEMBL5591328,COc1ccc(Cn2c(C(=O)N3CCC(N(C)C)CC3)cc3ccccc32)cc1,4.698970004336019,Ebola
CHEMBL5591328,COc1ccc(Cn2c(C(=O)N3CCC(N(C)C)CC3)cc3ccccc32)cc1,4.698970004336019,Ebola
CHEMBL5594429,CN(C)C1CCN(C(=O)c2cc3ccccc3n2CC2CCCCC2)CC1,6.185752404268079,Ebola
CHEMBL5594429,CN(C)C1CCN(C(=O)c2cc3ccccc3n2CC2CCCCC2)CC1,6.185752404268079,Ebola
CHEMBL5584196,CN(C)C1CCN(C(=O)c2cc3ccccc3n2Cc2ccc(F)cc2)CC1,6.2564902352715706,Ebola
CHEMBL5584196,CN(C)C1CCN(C(=O)c2cc3ccccc3n2Cc2ccc(F)cc2)CC1,6.2564902352715706,Ebola
CHEMBL5584196,CN(C)C1CCN(C(=O)c2cc3ccccc3n2Cc2ccc(F)cc2)CC1,6.2564902352715706,Ebola
CHEMBL5584196,CN(C)C1CCN(C(=O)c2cc3ccccc3n2Cc2ccc(F)cc2)CC1,6.2564902352715706,Ebola
CHEMBL5589828,CN(C)C1CCN(C(=O)c2cc3ccccc3n2Cc2ccncc2)CC1,6.112945621949043,Ebola
CHEMBL5589828,CN(C)C1CCN(C(=O)c2cc3ccccc3n2Cc2ccncc2)CC1,6.112945621949043,Ebola
CHEMBL5589828,CN(C)C1CCN(C(=O)c2cc3ccccc3n2Cc2ccncc2)CC1,6.112945621949043,Ebola
CHEMBL5589828,CN(C)C1CCN(C(=O)c2cc3ccccc3n2Cc2ccncc2)CC1,6.112945621949043,Ebola
CHEMBL5583881,CN(C)CCNC(=O)c1cc2occc2n1Cc1ccc(Cl)cc1,5.982966660701219,Ebola
CHEMBL5583881,CN(C)CCNC(=O)c1cc2occc2n1Cc1ccc(Cl)cc1,5.982966660701219,Ebola
CHEMBL5583881,CN(C)CCNC(=O)c1cc2occc2n1Cc1ccc(Cl)cc1,5.982966660701219,Ebola
CHEMBL5583881,CN(C)CCNC(=O)c1cc2occc2n1Cc1ccc(Cl)cc1,5.982966660701219,Ebola
CHEMBL5591525,CN(C)C1CCN(C(=O)c2cc3ccccc3n2Cc2ccc(Cl)cc2)CC1,6.053547734986927,Ebola
CHEMBL5591525,CN(C)C1CCN(C(=O)c2cc3ccccc3n2Cc2ccc(Cl)cc2)CC1,6.053547734986927,Ebola
CHEMBL5591525,CN(C)C1CCN(C(=O)c2cc3ccccc3n2Cc2ccc(Cl)cc2)CC1,6.053547734986927,Ebola
CHEMBL5591525,CN(C)C1CCN(C(=O)c2cc3ccccc3n2Cc2ccc(Cl)cc2)CC1,6.053547734986927,Ebola
CHEMBL5595489,CN(C)CCNC(=O)c1cc2ccccc2n1Cc1ccc(Cl)cc1,6.078833949362261,Ebola
CHEMBL5595489,CN(C)CCNC(=O)c1cc2ccccc2n1Cc1ccc(Cl)cc1,6.078833949362261,Ebola
CHEMBL5595489,CN(C)CCNC(=O)c1cc2ccccc2n1Cc1ccc(Cl)cc1,6.078833949362261,Ebola
CHEMBL5595489,CN(C)CCNC(=O)c1cc2ccccc2n1Cc1ccc(Cl)cc1,6.078833949362261,Ebola
CHEMBL1236524,Nc1ncnc2c([C@@H]3N[C@H](CO)[C@@H](O)[C@H]3O)c[nH]c12,5.522878745280337,Ebola
CHEMBL1236524,Nc1ncnc2c([C@@H]3N[C@H](CO)[C@@H](O)[C@H]3O)c[nH]c12,5.522878745280337,Ebola
CHEMBL5583881,CN(C)CCNC(=O)c1cc2occc2n1Cc1ccc(Cl)cc1,5.482804102050026,Ebola
CHEMBL5583881,CN(C)CCNC(=O)c1cc2occc2n1Cc1ccc(Cl)cc1,5.482804102050026,Ebola
CHEMBL5583881,CN(C)CCNC(=O)c1cc2occc2n1Cc1ccc(Cl)cc1,5.482804102050026,Ebola
CHEMBL5583881,CN(C)CCNC(=O)c1cc2occc2n1Cc1ccc(Cl)cc1,5.482804102050026,Ebola
CHEMBL5593153,CN(C)C1CCN(C(=O)c2cc3occc3n2Cc2ccc(Cl)cc2)CC1,6.193141970481182,Ebola
CHEMBL5593153,CN(C)C1CCN(C(=O)c2cc3occc3n2Cc2ccc(Cl)cc2)CC1,6.193141970481182,Ebola
CHEMBL5593153,CN(C)C1CCN(C(=O)c2cc3occc3n2Cc2ccc(Cl)cc2)CC1,6.193141970481182,Ebola
CHEMBL5593153,CN(C)C1CCN(C(=O)c2cc3occc3n2Cc2ccc(Cl)cc2)CC1,6.193141970481182,Ebola
CHEMBL5594836,CN(C)C1CCN(C(=O)c2cc3sccc3n2Cc2ccc(Cl)cc2)CC1,5.995678626217358,Ebola
CHEMBL5594836,CN(C)C1CCN(C(=O)c2cc3sccc3n2Cc2ccc(Cl)cc2)CC1,5.995678626217358,Ebola
CHEMBL5594836,CN(C)C1CCN(C(=O)c2cc3sccc3n2Cc2ccc(Cl)cc2)CC1,5.995678626217358,Ebola
CHEMBL5594836,CN(C)C1CCN(C(=O)c2cc3sccc3n2Cc2ccc(Cl)cc2)CC1,5.995678626217358,Ebola
CHEMBL5593153,CN(C)C1CCN(C(=O)c2cc3occc3n2Cc2ccc(Cl)cc2)CC1,6.301029995663981,Ebola
CHEMBL5593153,CN(C)C1CCN(C(=O)c2cc3occc3n2Cc2ccc(Cl)cc2)CC1,6.301029995663981,Ebola
CHEMBL5593153,CN(C)C1CCN(C(=O)c2cc3occc3n2Cc2ccc(Cl)cc2)CC1,6.301029995663981,Ebola
CHEMBL5593153,CN(C)C1CCN(C(=O)c2cc3occc3n2Cc2ccc(Cl)cc2)CC1,6.301029995663981,Ebola
CHEMBL5594836,CN(C)C1CCN(C(=O)c2cc3sccc3n2Cc2ccc(Cl)cc2)CC1,5.382999658879101,Ebola
CHEMBL5594836,CN(C)C1CCN(C(=O)c2cc3sccc3n2Cc2ccc(Cl)cc2)CC1,5.382999658879101,Ebola
CHEMBL5594836,CN(C)C1CCN(C(=O)c2cc3sccc3n2Cc2ccc(Cl)cc2)CC1,5.382999658879101,Ebola
CHEMBL5594836,CN(C)C1CCN(C(=O)c2cc3sccc3n2Cc2ccc(Cl)cc2)CC1,5.382999658879101,Ebola
CHEMBL5591525,CN(C)C1CCN(C(=O)c2cc3ccccc3n2Cc2ccc(Cl)cc2)CC1,5.305394801066432,Ebola
CHEMBL5591525,CN(C)C1CCN(C(=O)c2cc3ccccc3n2Cc2ccc(Cl)cc2)CC1,5.305394801066432,Ebola
CHEMBL5591525,CN(C)C1CCN(C(=O)c2cc3ccccc3n2Cc2ccc(Cl)cc2)CC1,5.305394801066432,Ebola
CHEMBL5591525,CN(C)C1CCN(C(=O)c2cc3ccccc3n2Cc2ccc(Cl)cc2)CC1,5.305394801066432,Ebola
CHEMBL5584196,CN(C)C1CCN(C(=O)c2cc3ccccc3n2Cc2ccc(F)cc2)CC1,5.568636235841012,Ebola
CHEMBL5584196,CN(C)C1CCN(C(=O)c2cc3ccccc3n2Cc2ccc(F)cc2)CC1,5.568636235841012,Ebola
CHEMBL5584196,CN(C)C1CCN(C(=O)c2cc3ccccc3n2Cc2ccc(F)cc2)CC1,5.568636235841012,Ebola
CHEMBL5584196,CN(C)C1CCN(C(=O)c2cc3ccccc3n2Cc2ccc(F)cc2)CC1,5.568636235841012,Ebola
CHEMBL5589828,CN(C)C1CCN(C(=O)c2cc3ccccc3n2Cc2ccncc2)CC1,5.772113295386326,Ebola
CHEMBL5589828,CN(C)C1CCN(C(=O)c2cc3ccccc3n2Cc2ccncc2)CC1,5.772113295386326,Ebola
CHEMBL5589828,CN(C)C1CCN(C(=O)c2cc3ccccc3n2Cc2ccncc2)CC1,5.772113295386326,Ebola
CHEMBL5589828,CN(C)C1CCN(C(=O)c2cc3ccccc3n2Cc2ccncc2)CC1,5.772113295386326,Ebola
CHEMBL5593153,CN(C)C1CCN(C(=O)c2cc3occc3n2Cc2ccc(Cl)cc2)CC1,5.251811972993799,Ebola
CHEMBL5593153,CN(C)C1CCN(C(=O)c2cc3occc3n2Cc2ccc(Cl)cc2)CC1,5.251811972993799,Ebola
CHEMBL5593153,CN(C)C1CCN(C(=O)c2cc3occc3n2Cc2ccc(Cl)cc2)CC1,5.251811972993799,Ebola
CHEMBL5593153,CN(C)C1CCN(C(=O)c2cc3occc3n2Cc2ccc(Cl)cc2)CC1,5.251811972993799,Ebola
CHEMBL5595489,CN(C)CCNC(=O)c1cc2ccccc2n1Cc1ccc(Cl)cc1,5.42712839779952,Ebola
CHEMBL5595489,CN(C)CCNC(=O)c1cc2ccccc2n1Cc1ccc(Cl)cc1,5.42712839779952,Ebola
CHEMBL5595489,CN(C)CCNC(=O)c1cc2ccccc2n1Cc1ccc(Cl)cc1,5.42712839779952,Ebola
CHEMBL5595489,CN(C)CCNC(=O)c1cc2ccccc2n1Cc1ccc(Cl)cc1,5.42712839779952,Ebola
CHEMBL5583881,CN(C)CCNC(=O)c1cc2occc2n1Cc1ccc(Cl)cc1,5.366531544420414,Ebola
CHEMBL5583881,CN(C)CCNC(=O)c1cc2occc2n1Cc1ccc(Cl)cc1,5.366531544420414,Ebola
CHEMBL5583881,CN(C)CCNC(=O)c1cc2occc2n1Cc1ccc(Cl)cc1,5.366531544420414,Ebola
CHEMBL5583881,CN(C)CCNC(=O)c1cc2occc2n1Cc1ccc(Cl)cc1,5.366531544420414,Ebola
CHEMBL5591328,COc1ccc(Cn2c(C(=O)N3CCC(N(C)C)CC3)cc3ccccc32)cc1,5.277366077466188,Ebola
CHEMBL5591328,COc1ccc(Cn2c(C(=O)N3CCC(N(C)C)CC3)cc3ccccc32)cc1,5.277366077466188,Ebola
CHEMBL5591328,COc1ccc(Cn2c(C(=O)N3CCC(N(C)C)CC3)cc3ccccc32)cc1,5.277366077466188,Ebola
CHEMBL5591328,COc1ccc(Cn2c(C(=O)N3CCC(N(C)C)CC3)cc3ccccc32)cc1,5.277366077466188,Ebola
CHEMBL221722,NC(=O)c1nc(F)cnc1O,4.173925197299173,Ebola
CHEMBL221722,NC(=O)c1nc(F)cnc1O,4.173925197299173,Ebola
CHEMBL221722,NC(=O)c1nc(F)cnc1O,4.619788758288394,Ebola
CHEMBL221722,NC(=O)c1nc(F)cnc1O,4.619788758288394,Ebola
CHEMBL5611967,O=C(Nc1cccc(Cl)c1)c1ccc(-c2cccc(OC3CCNCC3)c2)s1,5.730487055782084,Ebola
CHEMBL5611967,O=C(Nc1cccc(Cl)c1)c1ccc(-c2cccc(OC3CCNCC3)c2)s1,5.730487055782084,Ebola
CHEMBL5612466,O=C(NCCC1CCN(Cc2ccccc2)CC1)c1ccc(-c2ccccc2OC2CCNCC2)o1,5.022276394711152,Ebola
CHEMBL5612466,O=C(NCCC1CCN(Cc2ccccc2)CC1)c1ccc(-c2ccccc2OC2CCNCC2)o1,5.022276394711152,Ebola
CHEMBL83,CC/C(=C(\c1ccccc1)c1ccc(OCCN(C)C)cc1)c1ccccc1,7.0,Ebola
CHEMBL392916,CCC(=C(c1ccc(OCCN2CCCC2)cc1)c1ccc(OCCN2CCCC2)cc1)c1ccccc1,7.698970004336019,Ebola
CHEMBL5172194,O=C(CNCCC1CCN(Cc2ccccc2)CC1)Nn1c2ccccc2c2ccccc21,5.823908740944319,Ebola
CHEMBL5172194,O=C(CNCCC1CCN(Cc2ccccc2)CC1)Nn1c2ccccc2c2ccccc21,5.823908740944319,Ebola
CHEMBL5433897,O=C(CCNCCN1CCN(Cc2ccccc2)CC1)NN(c1ccccc1)c1ccccc1,5.568636235841012,Ebola
CHEMBL5433897,O=C(CCNCCN1CCN(Cc2ccccc2)CC1)NN(c1ccccc1)c1ccccc1,5.568636235841012,Ebola
CHEMBL226327,Oc1ccc2c(Oc3ccc(OCCN4CCCCC4)cc3)c(-c3ccccc3)sc2c1,6.522878745280337,Ebola
CHEMBL4751659,COc1ccc2c(Oc3ccc(OCCN4CCCCC4)cc3)c(-c3ccc(Br)cc3)[s+]([O-])c2c1,5.669586226650809,Ebola
CHEMBL46740,Cc1c(-c2ccc(O)cc2)n(Cc2ccc(OCCN3CCCCCC3)cc2)c2ccc(O)cc12,5.649751981665837,Ebola
CHEMBL4745844,CC/C(=C(/c1ccc(N)cc1)c1ccc(OCCN2CCCC2)cc1)c1ccccc1,6.886056647693163,Ebola
CHEMBL4796723,CC/C(=C(/c1ccc(NC(=O)C2CCN(C3CCN(C)CC3)CC2)cc1)c1ccc(OCCN2CCCC2)cc1)c1ccccc1,6.7447274948966935,Ebola
CHEMBL4751531,CC/C(=C(/c1ccc(NC(=O)CC2CCN(C)CC2)cc1)c1ccc(OCCN2CCCC2)cc1)c1ccccc1,8.221848749616356,Ebola
CHEMBL5613813,O=C(NCCc1ccccc1)c1ccc(-c2ccccc2OC2CCNCC2)s1,6.102372908709558,Ebola
CHEMBL5613813,O=C(NCCc1ccccc1)c1ccc(-c2ccccc2OC2CCNCC2)s1,6.102372908709558,Ebola
CHEMBL5612525,O=C(Nc1ccccc1)c1ccc(-c2cccc(OC3CCNCC3)c2)o1,5.033389013318065,Ebola
CHEMBL5612525,O=C(Nc1ccccc1)c1ccc(-c2cccc(OC3CCNCC3)c2)o1,5.033389013318065,Ebola
CHEMBL28211,COc1ccc2c(c1)CCC(c1ccccc1)=C2c1ccc(OCCN2CCCC2)cc1,7.0,Ebola
CHEMBL4754864,CCC(c1ccccc1)C(O)(c1ccc(OCCN(C)C)cc1)c1cccc(O)c1,5.7594507517174005,Ebola
CHEMBL2105395,OCCOc1ccc(/C(=C(/CCCl)c2ccccc2)c2ccccc2)cc1,5.42021640338319,Ebola
CHEMBL4747864,CC1=C(c2ccc(O)cc2)[C@H](c2ccc(OCCN3CCCCC3)cc2)Oc2ccccc21,5.823908740944319,Ebola
CHEMBL4532671,Cc1ccccc1C(=O)c1sc2cc(O)ccc2c1Oc1ccc(OCCN2CC(CF)C2)cc1,5.991399828238082,Ebola
CHEMBL4754810,CC/C(=C(/c1ccc(NC(=O)C2CCN(C)CC2)cc1)c1ccc(OCCN2CCCC2)cc1)c1ccccc1,8.0,Ebola
CHEMBL4754810,CC/C(=C(/c1ccc(NC(=O)C2CCN(C)CC2)cc1)c1ccc(OCCN2CCCC2)cc1)c1ccccc1,8.0,Ebola
CHEMBL4760524,CC/C(=C(/c1ccc(NC(=O)CN2CCOCC2)cc1)c1ccc(OCCN2CCOCC2)cc1)c1ccccc1,6.130768280269024,Ebola
CHEMBL4648334,COC(=O)c1ccc(NC(=O)c2ccc(CN3CCCCC3)cc2)cc1,5.548213564475709,Ebola
CHEMBL4634276,O=C(Nc1ccc(SC(F)(F)F)c(Cl)c1)c1ccc(CN2CCCCC2)cc1,5.950781977329818,Ebola
CHEMBL226269,Oc1ccc2c(Oc3ccc(OCCN4CCCCC4)cc3)c(-c3ccc(F)cc3)sc2c1,6.008773924307505,Ebola
CHEMBL4757636,CC/C(=C(/c1ccc(NC(=O)N2CCN(C)CC2)cc1)c1ccc(OCCN2CCCC2)cc1)c1ccccc1,7.522878745280337,Ebola
CHEMBL81,O=C(c1ccc(OCCN2CCCCC2)cc1)c1c(-c2ccc(O)cc2)sc2cc(O)ccc12,5.906578314837765,Ebola
CHEMBL4759028,CC1(C)[C@H]2CC[C@]1(C)[C@H](OC(=O)CCN1CCCCC1)C2.Cl,5.040958607678906,Ebola
CHEMBL4288786,CC1CCN(CCC(=O)O[C@@H]2C[C@@H]3CC[C@@]2(C)C3(C)C)CC1,4.265200170411153,Ebola
CHEMBL4640955,CC(C)(C)c1ccc(NC(=O)c2ccc(CN3CCCCC3)cc2)c(C(C)(C)C)c1,6.229147988357856,Ebola
CHEMBL1655,CN(C)CCOc1ccc(/C(=C(/CCCl)c2ccccc2)c2ccccc2)cc1,6.173925197299173,Ebola
CHEMBL1655,CN(C)CCOc1ccc(/C(=C(/CCCl)c2ccccc2)c2ccccc2)cc1,6.173925197299173,Ebola
CHEMBL4638872,CC1CCN(c2ccc(NC(=O)c3ccc(CN4CCOCC4)cc3)cc2C(F)(F)F)CC1,6.508638306165727,Ebola
CHEMBL5426718,O=C(CNCCC1CCN(Cc2ccccc2)CC1)NC1c2ccccc2-c2ccccc21,6.6020599913279625,Ebola
CHEMBL5426718,O=C(CNCCC1CCN(Cc2ccccc2)CC1)NC1c2ccccc2-c2ccccc21,6.6020599913279625,Ebola
CHEMBL5414982,O=C(CCNCCC1CCN(Cc2ccccc2)CC1)NN(c1ccccc1)c1ccccc1,6.522878745280337,Ebola
CHEMBL5414982,O=C(CCNCCC1CCN(Cc2ccccc2)CC1)NN(c1ccccc1)c1ccccc1,6.522878745280337,Ebola
CHEMBL5428579,O=C(CNCCN1CCN(Cc2ccccc2)CC1)NN(c1ccccc1)c1ccccc1,5.107905397309519,Ebola
CHEMBL5428579,O=C(CNCCN1CCN(Cc2ccccc2)CC1)NN(c1ccccc1)c1ccccc1,5.107905397309519,Ebola
CHEMBL5612511,O=C(NCCc1ccccc1)c1ccc(-c2cccc(OC3CCNCC3)c2)s1,5.30715308072277,Ebola
CHEMBL5612511,O=C(NCCc1ccccc1)c1ccc(-c2cccc(OC3CCNCC3)c2)s1,5.30715308072277,Ebola
CHEMBL5612941,O=C(Nc1ccccc1)c1ccc(-c2ccc(OC3CCNCC3)cc2)s1,6.721246399047171,Ebola
CHEMBL5612941,O=C(Nc1ccccc1)c1ccc(-c2ccc(OC3CCNCC3)cc2)s1,6.721246399047171,Ebola
CHEMBL5612941,O=C(Nc1ccccc1)c1ccc(-c2ccc(OC3CCNCC3)cc2)s1,6.721246399047171,Ebola
CHEMBL5612768,O=C(Nc1ccc(Cl)cc1)c1ccc(-c2ccc(OC3CCNCC3)cc2)s1,5.616184634019569,Ebola
CHEMBL5612768,O=C(Nc1ccc(Cl)cc1)c1ccc(-c2ccc(OC3CCNCC3)cc2)s1,5.616184634019569,Ebola
CHEMBL5612925,O=C(Nc1cccc(Cl)c1)c1ccc(-c2ccc(OC3CCNCC3)cc2)o1,5.536107011014093,Ebola
CHEMBL5612925,O=C(Nc1cccc(Cl)c1)c1ccc(-c2ccc(OC3CCNCC3)cc2)o1,5.536107011014093,Ebola
CHEMBL4874341,Nc1ncc(Br)c2c1ncn2[C@@H]1C(F)=C[C@@H](O)[C@H]1O,6.958607314841775,Ebola
CHEMBL5613181,O=C(Nc1ccccc1)c1ccc(-c2ccccc2OC2CCNCC2)s1,5.823908740944319,Ebola
CHEMBL5613181,O=C(Nc1ccccc1)c1ccc(-c2ccccc2OC2CCNCC2)s1,5.823908740944319,Ebola
CHEMBL5613181,O=C(Nc1ccccc1)c1ccc(-c2ccccc2OC2CCNCC2)s1,5.823908740944319,Ebola
CHEMBL1655,CN(C)CCOc1ccc(/C(=C(/CCCl)c2ccccc2)c2ccccc2)cc1,7.154901959985743,Ebola
CHEMBL1655,CN(C)CCOc1ccc(/C(=C(/CCCl)c2ccccc2)c2ccccc2)cc1,7.154901959985743,Ebola
CHEMBL4797649,COc1ccc(-c2sc3cc(OC)ccc3c2Oc2ccc(OCCN3CCC(CCNC(=O)CCCCNC(=O)OC(C)(C)C)CC3)cc2)cc1,6.096910013008056,Ebola
CHEMBL4297509,CCNCCc1ccc(CN(CC)c2cc(OC)ccc2[C@@H]2CCc3cc(O)ccc3C2)cc1,6.619788758288394,Ebola
CHEMBL5614222,O=C(Nc1ccc(N2CCOCC2)cc1)c1ccc(-c2ccccc2OC2CCNCC2)s1,5.111259039317107,Ebola
CHEMBL5614222,O=C(Nc1ccc(N2CCOCC2)cc1)c1ccc(-c2ccccc2OC2CCNCC2)s1,5.111259039317107,Ebola
CHEMBL5612002,O=C(NCCc1ccccc1)c1cnc(-c2ccccc2OC2CCNCC2)s1,4.80465394165158,Ebola
CHEMBL5612002,O=C(NCCc1ccccc1)c1cnc(-c2ccccc2OC2CCNCC2)s1,4.80465394165158,Ebola
CHEMBL5193528,CCOc1ccc(NC(=O)CSc2nnc(COc3cccc(N(C)C)c3)n2-c2ccccc2)cc1,5.0,Ebola
CHEMBL5193528,CCOc1ccc(NC(=O)CSc2nnc(COc3cccc(N(C)C)c3)n2-c2ccccc2)cc1,5.0,Ebola
CHEMBL226329,Nc1ccc(-c2sc3cc(O)ccc3c2Oc2ccc(OCCN3CCCCC3)cc2)cc1,6.886056647693163,Ebola
CHEMBL4761341,CC/C(=C(/c1ccc(NC(=O)CN2CCN(C)CC2)cc1)c1ccc(OCCN2CCCC2)cc1)c1ccccc1,8.0,Ebola
CHEMBL529,CC[C@H]1OC(=O)[C@H](C)[C@@H](O[C@H]2C[C@@](C)(OC)[C@@H](O)[C@H](C)O2)[C@H](C)[C@@H](O[C@@H]2O[C@H](C)C[C@H](N(C)C)[C@H]2O)[C@](C)(O)C[C@@H](C)CN(C)[C@H](C)[C@@H](O)[C@]1(C)O,5.292429823902063,Ebola
CHEMBL4644544,O=C(Nc1ccc(C23CC4CC(CC(C4)C2)C3)cc1)c1ccc(CN2CCCCC2)cc1,6.958607314841775,Ebola
CHEMBL4640931,CC(c1ccc(C(=O)N2CCc3cc(C(C)(C)C)ccc32)cc1)N1CCCCC1,5.681936665037238,Ebola
CHEMBL4448515,COc1ccc(Br)cc1CNC12CC3CC(C)(CC(C)(C3)C1)C2,6.041914151478915,Ebola
CHEMBL5613994,O=C(Nc1cccc(Cl)c1)c1ccc(-c2ccccc2OC2CCNCC2)s1,5.886056647693163,Ebola
CHEMBL5613994,O=C(Nc1cccc(Cl)c1)c1ccc(-c2ccccc2OC2CCNCC2)s1,5.886056647693163,Ebola
CHEMBL5612845,O=C(Nc1ccccc1)c1ccc(-c2cccc(OC3CCNCC3)c2)s1,6.522878745280337,Ebola
CHEMBL5612845,O=C(Nc1ccccc1)c1ccc(-c2cccc(OC3CCNCC3)c2)s1,6.522878745280337,Ebola
CHEMBL5612845,O=C(Nc1ccccc1)c1ccc(-c2cccc(OC3CCNCC3)c2)s1,6.522878745280337,Ebola
CHEMBL4640843,O=C(Nc1ccc(C2CCCCC2)cc1)c1ccc(CN2CCCCC2)c(F)c1,5.982966660701219,Ebola
CHEMBL4645609,CC(c1ccc(C(=O)Nc2ccc(C3CCCCC3)cc2)cc1)N1CCCCC1,5.7447274948966935,Ebola
CHEMBL4647732,O=C(Nc1ccc(C23CC4CC(CC(C4)C2)C3)cc1)c1ccc(CN2CCOCC2)cc1,6.080921907623926,Ebola
CHEMBL4645123,O=C(c1ccc(CN2CCCCC2)cc1)N1CCc2ccc(C(F)(F)F)cc21,5.492144128304169,Ebola
CHEMBL5612505,O=C(Nc1cccc(Cl)c1)c1ccc(-c2ccc(OC3CCNCC3)cc2)s1,5.924453038607469,Ebola
CHEMBL5612505,O=C(Nc1cccc(Cl)c1)c1ccc(-c2ccc(OC3CCNCC3)cc2)s1,5.924453038607469,Ebola
CHEMBL5612904,O=C(Nc1ccccc1)c1ccc(-c2ccc(OC3CCNCC3)cc2)o1,5.018634490921455,Ebola
CHEMBL5612904,O=C(Nc1ccccc1)c1ccc(-c2ccc(OC3CCNCC3)cc2)o1,5.018634490921455,Ebola
CHEMBL5614212,O=C(Nc1ccc(Cl)cc1)c1ccc(-c2ccccc2OC2CCNCC2)o1,5.596879478824182,Ebola
CHEMBL5614212,O=C(Nc1ccc(Cl)cc1)c1ccc(-c2ccccc2OC2CCNCC2)o1,5.596879478824182,Ebola
CHEMBL5612104,O=C(NCCc1ccccc1)c1ccc(-c2ccccc2OC2CCNCC2)o1,5.208309350979882,Ebola
CHEMBL5612104,O=C(NCCc1ccccc1)c1ccc(-c2ccccc2OC2CCNCC2)o1,5.208309350979882,Ebola
CHEMBL4633085,CC(c1ccc(C(=O)N2CC(C(C)(C)C)c3ccccc32)cc1)N1CCCCC1,6.060480747381382,Ebola
CHEMBL4278533,CC1(C)[C@H]2CC[C@]1(C)[C@H](OC(=O)CCN1CCCCC1)C2,4.323306390375134,Ebola
CHEMBL4792802,CC1CCN(CCC(=O)O[C@@H]2C[C@@H]3CC[C@@]2(C)C3(C)C)CC1.Cl,4.189095719331299,Ebola
CHEMBL5611978,O=C(Nc1ccc(Cl)cc1)c1ccc(-c2ccccc2OC2CCNCC2)s1,5.809668301829708,Ebola
CHEMBL5611978,O=C(Nc1ccc(Cl)cc1)c1ccc(-c2ccccc2OC2CCNCC2)s1,5.809668301829708,Ebola
CHEMBL5613624,O=C(NCCC1CCN(Cc2ccccc2)CC1)c1ccc(-c2ccccc2OC2CCNCC2)s1,5.528708288941061,Ebola
CHEMBL5613624,O=C(NCCC1CCN(Cc2ccccc2)CC1)c1ccc(-c2ccccc2OC2CCNCC2)s1,5.528708288941061,Ebola
CHEMBL5612846,O=C(Nc1ccc(Cl)cc1)c1ccc(-c2cccc(OC3CCNCC3)c2)s1,5.950781977329818,Ebola
CHEMBL5612846,O=C(Nc1ccc(Cl)cc1)c1ccc(-c2cccc(OC3CCNCC3)c2)s1,5.950781977329818,Ebola
CHEMBL5614079,O=C(NCCC1CCN(Cc2ccccc2)CC1)c1cnc(-c2ccc(OC3CCNCC3)cc2)s1,5.106238237942057,Ebola
CHEMBL5614079,O=C(NCCC1CCN(Cc2ccccc2)CC1)c1cnc(-c2ccc(OC3CCNCC3)cc2)s1,5.106238237942057,Ebola
CHEMBL221722,NC(=O)c1nc(F)cnc1O,4.180456064458131,Ebola
CHEMBL221722,NC(=O)c1nc(F)cnc1O,4.180456064458131,Ebola
CHEMBL4853962,Nc1nccc2c1ncn2[C@@H]1C(F)=C[C@@H](O)[C@H]1O,6.920818753952375,Ebola
CHEMBL5169358,COc1ccc(S(=O)(=O)N(CC(=O)Nc2ccccc2-c2ccccc2)c2ccc(C)cc2)cc1,5.09312646527793,Ebola
CHEMBL5169358,COc1ccc(S(=O)(=O)N(CC(=O)Nc2ccccc2-c2ccccc2)c2ccc(C)cc2)cc1,5.09312646527793,Ebola
CHEMBL4741938,COc1ccc2c(Oc3ccc(OCCN4CCCCC4)cc3)c(-c3ccccc3)sc2c1,6.585026652029182,Ebola
CHEMBL4746824,COc1ccc2c(Oc3ccc(OCCN4CCCCC4)cc3)c(-c3ccc(Br)cc3)sc2c1,6.200659450546418,Ebola
CHEMBL4543096,Cc1cc(F)cc(C)c1C(=O)c1sc2cc(O)ccc2c1Oc1ccc(OCCN2CC(CF)C2)cc1,5.87942606879415,Ebola
CHEMBL4795040,CC/C(=C(/c1ccc(NCCN2CCOCC2)cc1)c1ccc(OCCN2CCOCC2)cc1)c1ccccc1,6.638272163982407,Ebola
CHEMBL520107,Cc1c(-c2ccc(O)cc2)nn(-c2ccc(O)cc2)c1-c1ccc(OCCN2CCCCC2)cc1,5.882728704344236,Ebola
CHEMBL4743737,CC/C(=C(/c1ccc(NCCN2CCCC2)cc1)c1ccc(OCCN2CCCC2)cc1)c1ccccc1,6.481486060122112,Ebola
CHEMBL4782391,CC/C(=C(/c1ccc(NC(=O)C2CCN(C)C2)cc1)c1ccc(OCCN2CCCC2)cc1)c1ccccc1,7.698970004336019,Ebola
CHEMBL4782391,CC/C(=C(/c1ccc(NC(=O)C2CCN(C)C2)cc1)c1ccc(OCCN2CCCC2)cc1)c1ccccc1,7.698970004336019,Ebola
CHEMBL98350,O=c1cc(N2CCOCC2)oc2c(-c3ccccc3)cccc12,5.7447274948966935,Ebola
CHEMBL5618812,CNc1nc(N)ncc1-c1cn([C@@H]2O[C@H](CO[P@@](=O)(N[C@@H](C)C(=O)OC(C)C)Oc3ccccc3)[C@@H](O)[C@@]2(C)F)cn1,4.522878745280337,Ebola
CHEMBL5398314,O=C(CCNCCC1CCN(Cc2ccccc2)CC1)Nn1c2ccccc2c2ccccc21,6.2839966563652006,Ebola
CHEMBL5398314,O=C(CCNCCC1CCN(Cc2ccccc2)CC1)Nn1c2ccccc2c2ccccc21,6.2839966563652006,Ebola
CHEMBL5424177,O=C(CNCCC1CCN(Cc2ccccc2)CC1)NN(c1ccccc1)c1ccccc1,5.721246399047171,Ebola
CHEMBL5424177,O=C(CNCCC1CCN(Cc2ccccc2)CC1)NN(c1ccccc1)c1ccccc1,5.721246399047171,Ebola
CHEMBL4742939,CC/C(=C(/c1ccc(NC(=O)CN2CCOCC2)cc1)c1ccc(OCCN2CCCC2)cc1)c1ccccc1,6.455931955649724,Ebola
