PUBCHEM_RESULT_TAG,PUBCHEM_SID,PUBCHEM_CID,PUBCHEM_EXT_DATASOURCE_SMILES,PUBCHEM_ACTIVITY_OUTCOME,PUBCHEM_ACTIVITY_SCORE,PUBCHEM_ACTIVITY_URL,PUBCHEM_ASSAYDATA_COMMENT,Phenotype,Potency,Efficacy,Analysis Comment,Curve_Description,Fit_LogAC50,Fit_HillSlope,Fit_R2,Fit_InfiniteActivity,Fit_ZeroActivity,Fit_CurveClass,Excluded_Points,Max_Response,Activity at 0.00295 uM,Activity at 0.015 uM,Activity at 0.074 uM,Activity at 0.369 uM,Activity at 1.843 uM,Activity at 9.217 uM,Activity at 46.08 uM,Compound QC
RESULT_TYPE,,,,,,,,STRING,FLOAT,FLOAT,STRING,STRING,FLOAT,FLOAT,FLOAT,FLOAT,FLOAT,FLOAT,STRING,FLOAT,FLOAT,FLOAT,FLOAT,FLOAT,FLOAT,FLOAT,FLOAT,STRING
RESULT_DESCR,,,,,,,,"Indicates type of activity observed: inhibitor, activator, fluorescent, cytotoxic, inactive, or inconclusive.","Concentration at which compound exhibits half-maximal efficacy, AC50. Extrapolated AC50s also include the highest efficacy observed and the concentration of compound at which it was observed.","Maximal efficacy of compound, reported as a percentage of control. These values are estimated based on fits of the Hill equation to the dose-response curves.",Annotation/notes on a particular compound's data or its analysis.,"A description of dose-response curve quality. A complete curve has two observed asymptotes; a partial curve may not have attained its second asymptote at the highest concentration tested. High efficacy curves exhibit efficacy greater than 80% of control. Partial efficacies are statistically significant, but below 80% of control.",The logarithm of the AC50 from a fit of the data to the Hill equation (calculated based on Molar Units).,The Hill slope from a fit of the data to the Hill equation.,R^2 fit value of the curve. Closer to 1.0 equates to better Hill equation fit.,The asymptotic efficacy from a fit of the data to the Hill equation.,Efficacy at zero concentration of compound from a fit of the data to the Hill equation.,Numerical encoding of curve description for the fitted Hill equation.,"Which dose-response titration points were excluded from analysis based on outlier analysis. Each number represents whether a titration point was (1) or was not (0) excluded, for the titration series going from smallest to highest compound concentrations.",Maximum activity observed for compound (usually at highest concentration tested).,% Activity at given concentration.,% Activity at given concentration.,% Activity at given concentration.,% Activity at given concentration.,% Activity at given concentration.,% Activity at given concentration.,% Activity at given concentration.,"NCGC designation for data stage: 'qHTS', 'qHTS Verification', 'Secondary Profiling'"
RESULT_UNIT,,,,,,,,NONE,MICROMOLAR,PERCENT,NONE,NONE,NONE,NONE,NONE,PERCENT,PERCENT,NONE,NONE,PERCENT,PERCENT,PERCENT,PERCENT,PERCENT,PERCENT,PERCENT,PERCENT,NONE
RESULT_IS_ACTIVE_CONCENTRATION,,,,,,,,,TRUE,,,,,,,,,,,,,,,,,,,
RESULT_ATTR_CONC_MICROMOL,,,,,,,,,,,,,,,,,,,,,0.00294931,0.0147465,0.0737327,0.368664,1.84332,9.21659,46.0829,
1,50106811,9829825,C[C@H]1[C@@H]([C@H]([C@H]([C@@H](O1)O[C@H]2C[C@H]([C@@]3([C@H]4[C@@H](C[C@@]5([C@H](CC[C@@]5(C4CC[C@@]3(C2)O)O)C6=CC(=O)OC6)C)O)CO)O)O)O)O,Active,93,,,Inhibitor,0.1,91.4516,,Complete curve; high efficacy,-7,2.4064,0.9938,-100.06,-8.6088,-1.1,0 0 0 0 0 0 0,-100.975,-13.954,-3.6364,-38.8952,-96.5189,-97.3287,-101.088,-100.975,QC'd by SigmaAldrich
2,50106243,3068143,CC[C@H]1CN2CCC3=CC(=C(C=C3[C@@H]2C[C@@H]1C[C@@H]4C5=CC(=C(C=C5CCN4)OC)OC)OC)OC.Cl.Cl,Active,91,,,Inhibitor,0.1585,94.8285,,Complete curve; high efficacy,-6.8,1.2876,0.9931,-96.5999,-1.7714,-1.1,0 0 0 0 0 0 0,-97.2975,-8.0477,0.4164,-28.2549,-71.2794,-92.9647,-95.97,-97.2975,QC'd by SigmaAldrich
3,50106134,2733504,C1=CC=C2C(=C1)C3=CC=CC=C3[I+]2.[Cl-],Active,91,,,Inhibitor,0.2512,111.567,,Complete curve; high efficacy,-6.6,0.8,0.9839,-100.642,10.9256,-1.1,0 0 0 0 0 0 0,-95.1599,8.0457,3.1721,-26.0804,-44.2103,-88.9086,-96.0077,-95.1599,QC'd by SigmaAldrich
4,50103918,5282230,COC1=C(C=C(C=C1)/C=C/C(=O)NC2=CC=CC=C2C(=O)O)OC,Active,87,,,Inhibitor,2.8184,96.8348,,Complete curve; high efficacy,-5.55,0.9,0.9668,-126.14,-29.3055,-1.1,0 0 0 0 0 0 0,-116.482,-30.9286,-19.234,-44.198,-41.0035,-66.4911,-105.172,-116.482,QC'd by SigmaAldrich
5,50105902,11957469,C[C@H]1CCC/C=C/C2C[C@@H](C[C@]2(C/C=C/C(=O)O1)O)O,Active,87,,,Inhibitor,1.122,90.8399,,Complete curve; high efficacy,-5.95,4.9549,0.9723,-90.8399,0,-1.1,0 0 0 0 0 0 0,-90.6482,-11.6538,-5.0503,1.7181,14.2948,-82.8004,-92.6296,-90.6482,QC'd by SigmaAldrich
6,50106088,62920,CC(=O)O[C@@H]1[C@@H](SC2=CC=CC=C2N(C1=O)CCN(C)C)C3=CC=C(C=C3)OC.Cl,Active,86,,,Inhibitor,1.4125,89.5479,,Complete curve; high efficacy,-5.85,3.0654,0.97,-84.2402,5.3077,-1.1,1 0 0 0 0 0 0,-93.6424,20.8617,-1.8701,3.985,12.5109,-56.459,-74.3059,-93.6424,QC'd by SigmaAldrich
7,50106118,24867490,C[C@H]1[C@@H]([C@H]([C@H]([C@@H](O1)O[C@H]2C[C@H]([C@@]3([C@@H]4[C@@H](CC[C@@]3(C2)O)[C@]5(CC[C@@H]([C@]5(C[C@H]4O)C)[C@H]6CC(=O)OC6)O)CO)O)O)O)O,Active,86,,,Inhibitor,1.5849,88.8784,,Complete curve; high efficacy,-5.8,1.9673,0.9753,-97.9157,-9.0373,-1.1,0 0 0 0 0 0 0,-98.3321,-19.6737,-11.8158,2.0819,-10.447,-61.5922,-94.4776,-98.3321,QC'd by SigmaAldrich
8,50107012,68635,C[N+]1=C2C(=C3C=CC4=C(C3=C1)OCO4)C=CC5=CC6=C(C=C52)OCO6.[Cl-],Active,86,,,Inhibitor,1.9953,102.913,,Complete curve; high efficacy,-5.7,1.8265,0.9853,-97.4866,5.4261,-1.1,0 0 0 0 0 0 0,-94.1306,3.5874,-4.1008,13.7181,3.8935,-41.5411,-94.8041,-94.1306,QC'd by SigmaAldrich
9,50107203,5614,CC(C)(C)C1=CC(=CC(=C1O)C(C)(C)C)C=C(C#N)C#N,Active,85,,,Inhibitor,2.5119,92.7453,,Complete curve; high efficacy,-5.6,2.7202,0.91,-89.752,2.9933,-1.1,0 0 0 0 0 0 0,-91.7554,3.7701,-18.029,-0.7332,27.9767,-25.5111,-85.5671,-91.7554,QC'd by SigmaAldrich
10,50107213,24867540,CCCCCCCC(=O)O[C@@H]1[C@H](C(=C2C1[C@@](C[C@H]([C@]3([C@H]2OC(=O)[C@@]3(C)O)O)OC(=O)CCC)(C)OC(=O)C)C)OC(=O)/C(=C\C)/C,Active,85,,,Inhibitor,3.1623,86.5386,,Complete curve; high efficacy,-5.5,1.21,0.9745,-99.3746,-12.836,-1.1,0 0 0 0 0 0 0,-97.3772,-11.6706,-7.8166,-24.5427,-12.3919,-44.5119,-78.8943,-97.3772,QC'd by SigmaAldrich
11,50106712,4477,C1=CC(=C(C=C1[N+](=O)[O-])Cl)NC(=O)C2=C(C=CC(=C2)Cl)O,Active,84,,,Inhibitor,5.0119,108.45,,Complete curve; high efficacy,-5.3,4.9549,0.9613,-103.625,4.8249,-1.1,0 0 0 1 0 0 0,-101.934,-8.3685,-5.7139,18.6874,78.4871,14.9249,-100.072,-101.934,QC'd by SigmaAldrich
12,50104896,262093,C1=CC=C2C(=C1)C(=O)C(=C(C2=O)SCCO)SCCO,Active,84,,,Inhibitor,5.0119,90.6728,,Complete curve; high efficacy,-5.3,4.9549,0.9669,-87.5207,3.1522,-1.1,0 0 0 0 0 0 0,-84.1139,-6.0549,-0.6563,1.2029,3.3733,18.5664,-86.5057,-84.1139,QC'd by SigmaAldrich
13,50107164,5712,C1=CC=C(C=C1)CN2C3=CC=CC=C3C(=N2)C4=CC=C(O4)CO,Active,84,,,Inhibitor,4.4668,80.3036,,Complete curve; high efficacy,-5.35,2.3031,0.9563,-83.0228,-2.7192,-1.1,1 0 0 0 0 0 0,-82.7017,37.7946,-15.1849,-1.5068,9.4902,-13.7389,-69.8768,-82.7017,QC'd by SigmaAldrich
14,50106195,11957527,C[C@@H]1OC[C@@H]2[C@@](O1)(C[C@H]([C@@H](O2)O[C@H]3[C@H]4COC(=O)[C@@H]4[C@@H](C5=CC6=C(C=C35)OCO6)C7=CC(=C(C(=C7)OC)O)OC)O)O,Active,84,,,Inhibitor,3.9811,91.6887,,Complete curve; high efficacy,-5.4,2.0937,0.9926,-91.4484,0.2403,-1.1,0 0 0 0 0 0 0,-90.59,7.0069,1.0899,-4.0713,-3.1079,-14.2812,-78.7296,-90.59,QC'd by SigmaAldrich
15,50106049,99625,C1=CC=C(C=C1)C[C@@H](C(=O)CCl)NC(=O)OCC2=CC=CC=C2,Active,83,,,Inhibitor,6.3096,98.6528,,Complete curve; high efficacy,-5.2,4.095,0.9801,-87.4176,11.2353,-1.1,0 0 0 0 0 0 0,-88.2965,8.653,8.0961,3.8315,24.0561,11.1392,-69.1115,-88.2965,QC'd by SigmaAldrich
16,50106605,51082,C1=CC(=C2C(=C1NCCNCCO)C(=O)C3=C(C=CC(=C3C2=O)O)O)NCCNCCO.Cl.Cl,Active,66,,,Inhibitor,0.2818,60.6139,,Complete curve; partial efficacy,-6.55,4.5045,0.9019,-60.8149,-0.201,-1.2,0 0 0 0 0 0 0,-79.9316,-5.6864,7.0785,-1.9715,-46.9516,-53.541,-49.6338,-79.9316,QC'd by SigmaAldrich
17,50107149,9951825,C1=CC=C(C(=C1)N)S/C(=C(\C(=C(/SC2=CC=CC=C2N)\N)\C#N)/C#N)/N,Active,65,,,Inhibitor,0.7943,88.2494,,Complete curve; partial efficacy,-6.1,1.9282,0.9571,-67.2017,21.0476,-1.2,0 0 0 0 0 0 0,-73.5412,29.1303,27.7623,3.6499,7.012,-54.4761,-58.7073,-73.5412,QC'd by SigmaAldrich
18,50104850,5040063,CCCC1=C(N(N=C1C2=CC=C(C=C2)O)C3=CC=C(C=C3)O)C4=CC=C(C=C4)O,Active,64,,,Inhibitor,1.9953,70.5882,,Complete curve; partial efficacy,-5.7,0.9,0.9855,-70.531,0.0572,-1.2,0 0 0 0 0 0 0,-63.8235,-3.6274,0.6044,0.366,-15.5885,-30.5238,-59.3966,-63.8235,QC'd by SigmaAldrich
19,50106929,24867531,COC1=CC2=C(C=CN=C2C=C1)[C@H]([C@@H]3C[C@H]4CCN3C[C@H]4C=C)O.COC1=CC2=C(C=CN=C2C=C1)[C@H]([C@@H]3C[C@H]4CCN3C[C@H]4C=C)O.OS(=O)(=O)O,Active,46,,,Inhibitor,1.9953,96.3288,,Partial curve; partial efficacy,-5.7,0.5,0.9989,-93.5337,2.7951,-2.2,0 0 0 0 0 1 0,-77.3663,-0.4257,-4.7962,-12.4619,-27.5247,-42.8174,-18.0392,-77.3663,QC'd by SigmaAldrich
20,50106355,9853099,C1CC1CN2CC[C@]34[C@@H]5C6=C(C[C@]3([C@H]2CC7=C4C(=C(C=C7)O)O5)O)C8=C(N6)C=CC(=C8)N=C(N)N.C(=O)(C(F)(F)F)O.C(=O)(C(F)(F)F)O,Active,46,,,Inhibitor,0.8913,80.5235,,Partial curve; partial efficacy,-6.05,0.9,0.9913,-76.4907,4.0328,-2.2,0 0 0 0 0 1 0,-74.1316,5.2123,3.1082,-8.6214,-17.1706,-50.1172,16.3448,-74.1316,QC'd by SigmaAldrich
21,50104781,11957499,C[C@@H]1CC[C@]2([C@@H](C[C@H]([C@H](O2)[C@H](C)C(=O)C3=CC=CN3)C)C)O[C@@H]1CC4=NC5=C(O4)C=CC(=C5C(=O)O)NC,Active,44,,,Inhibitor,7.0795,118.459,,Partial curve; high efficacy,-5.15,1.6266,0.9448,-123.178,-4.7196,-2.1,0 0 0 0 0 0 0,-111.989,6,-25.7153,-5.691,-1.1208,-8.941,-78.6688,-111.989,QC'd by SigmaAldrich
22,50106013,9868848,CC(C1=CC=CC=C1)(C2=CC=C(C=C2)Cl)OCCC3CCCN3C.C(=C/C(=O)O)\C(=O)O,Active,43,,,Inhibitor,10,95.9719,,Partial curve; high efficacy,-5,2.7202,0.9507,-102.443,-6.4714,-2.1,0 0 0 0 0 0 0,-100.649,-13.9143,-16.0728,-9.7073,7.2069,1.0963,-50.5635,-100.649,QC'd by SigmaAldrich
23,50107082,439647,CC1=CC=C(C=C1)S(=O)(=O)N[C@@H](CC2=CC=CC=C2)C(=O)CCl,Active,43,,,Inhibitor,7.0795,92.2014,,Partial curve; partial efficacy,-5.15,1.8851,0.9417,-86.8226,5.3788,-2.2,0 0 0 0 0 0 0,-79.6502,9.3651,-12.9243,9.3639,12.7745,2.0324,-54.0724,-79.6502,QC'd by SigmaAldrich
24,50106167,9853645,CC1=[N+](C2=CC=CC=C2C(=C1)N)CCCCCCCCCCCCCC[N+]3=C(C=C(C4=CC=CC=C43)N)C.[I-].[I-],Active,43,,,Inhibitor,7.0795,102.314,,Partial curve; high efficacy,-5.15,2.4064,0.9206,-93.8232,8.4905,-2.1,0 0 0 0 0 0 0,-90.9217,5.5947,11.6728,-14.0378,15.803,22.2847,-62.405,-90.9217,QC'd by SigmaAldrich
25,50106108,203135,CN1C2CCC1CC(C2)OC(C3=CC=CC=C3)C4=CC=C(C=C4)Cl.Cl,Active,43,,,Inhibitor,8.9125,104.77,,Partial curve; high efficacy,-5.05,2.4064,0.9701,-100.413,4.3577,-2.1,0 0 0 0 0 0 0,-97.2952,-0.9892,-6.8769,5.3805,11.6477,11.4012,-52.6395,-97.2952,QC'd by SigmaAldrich
26,50107017,6758,CC(=C)[C@H]1CC2=C(O1)C=CC3=C2O[C@@H]4COC5=CC(=C(C=C5[C@@H]4C3=O)OC)OC,Active,43,,,Inhibitor,5.6234,74.767,,Partial curve; partial efficacy,-5.25,1.21,0.9145,-82.2323,-7.4653,-2.2,0 0 0 0 0 0 0,-75.1936,-15.062,9.4596,-12.816,-16.6203,-18.5108,-58.7232,-75.1936,QC'd by SigmaAldrich
27,50105550,5770,CO[C@H]1[C@@H](C[C@@H]2CN3CCC4=C([C@H]3C[C@@H]2[C@@H]1C(=O)OC)NC5=C4C=CC(=C5)OC)OC(=O)C6=CC(=C(C(=C6)OC)OC)OC,Active,43,,,Inhibitor,7.9433,100.307,,Partial curve; high efficacy,-5.1,3.0654,0.9275,-93.1835,7.1232,-2.1,0 0 0 0 0 0 0,-93.4822,-9.5619,7.2987,-2.5436,12.8416,25.2375,-53.4078,-93.4822,QC'd by SigmaAldrich
28,50106617,11497466,CC1=C(C=CC(=C1)C2=NOC(=N2)C)C3=CC=C(C=C3)C(=O)NC4=CC(=C(C=C4)OC)N5CCN(CC5)C.Cl,Active,43,,,Inhibitor,7.9433,101.614,,Partial curve; high efficacy,-5.1,1.8851,0.9423,-103.779,-2.1652,-2.1,0 0 0 0 0 0 0,-100.016,4.5198,-21.628,-4.2124,8.2457,-3.5439,-61.159,-100.016,QC'd by SigmaAldrich
29,50105998,2545,CC12C3CCC(C1(C(=O)OC2=O)C)O3,Active,43,,,Inhibitor,10,104.669,,Partial curve; high efficacy,-5,2.0479,0.9616,-101.21,3.4591,-2.1,0 0 0 0 1 0 0,-96.3524,0.6464,-5.3798,-0.3261,18.9518,57.6052,-46.1158,-96.3524,QC'd by SigmaAldrich
30,50106799,11957658,CS(=O)(=O)O.C1CC1CN2CCC34[C@@H]5C6=C(C[C@]3(C2CC7=C4C(=C(C=C7)O)O5)O)C8=CC=CC=C8O6,Active,43,,,Inhibitor,7.9433,79.7569,,Partial curve; partial efficacy,-5.1,0.5,0.9489,-87.3018,-7.5449,-2.2,0 0 0 0 1 0 0,-70.069,-10.8242,-5.6882,-14.8708,-26.8719,5.1232,-41.5239,-70.069,QC'd by SigmaAldrich
31,50105955,24867482,C[C@]1(CCCC(C1)C(C)(C)NC(=O)CBr)NCC(COC2=CC=CC=C2CC=C)O,Active,43,,,Inhibitor,7.9433,95.971,,Partial curve; high efficacy,-5.1,1.331,0.9773,-98.9786,-3.0076,-2.1,0 0 0 0 0 1 0,-90.3925,-11.5385,-0.6346,4.6834,-5.413,-15.4958,20.6179,-90.3925,QC'd by SigmaAldrich
32,50107208,6918162,CN([C@@H]1CCCC[C@H]1N2CCCC2)C(=O)CC3=CC(=C(C=C3)Cl)Cl.Cl,Active,42,,,Inhibitor,11.2202,72.0786,,Partial curve; partial efficacy,-4.95,4.095,0.9222,-74.2928,-2.2142,-2.2,0 0 0 0 0 0 0,-73.7558,3.5816,-9.2518,-14.5854,8.3862,2.5238,-25.9438,-73.7558,QC'd by SigmaAldrich
33,50105933,238053,CN1C2CCC1CC(C2)OC(C3=CC=CC=C3)C4=CC=CC=C4.CS(=O)(=O)O,Active,42,,,Inhibitor,10,86.9462,,Partial curve; high efficacy,-5,3.99,0.921,-92.033,-5.0868,-2.1,0 0 0 0 0 0 0,-91.9545,-15.5988,6.0253,-13.4827,-11.7898,9.7808,-40.9359,-91.9545,QC'd by SigmaAldrich
34,50106706,11957649,C1CC1CN2CCC34[C@@H]5C6=C(C[C@]3(C2CC7=C4C(=C(C=C7)O)O5)O)C8=CC=CC=C8N6.Cl,Active,42,,,Inhibitor,11.2202,64.7452,,Partial curve; partial efficacy,-4.95,0.9,0.9767,-76.8605,-12.1153,-2.2,0 0 0 0 0 1 0,-62.7487,-7.1277,-16.7646,-13.8564,-14.0115,-22.8736,36.9879,-62.7487,QC'd by SigmaAldrich
35,50106705,11957648,C[N+](C)(C)CCC(=O)C1=CC=CC2=CC=CC=C21.[I-],Active,42,,,Inhibitor,10,91.3559,,Partial curve; high efficacy,-5,4.9549,0.9049,-83.6646,7.6912,-2.1,0 0 0 0 0 0 0,-84.3705,-10.1534,16.3003,4.2153,1.396,25.5041,-26.4923,-84.3705,QC'd by SigmaAldrich
36,50106792,1756,C1=CC=C(C=C1)C2=NO[N+](=C2C#N)[O-],Active,42,,,Inhibitor,10,57.8927,,Partial curve; partial efficacy,-5,4.9549,0.9625,-61.676,-3.7832,-2.2,0 0 0 0 0 0 0,-62.0493,-1.6464,-11.0214,-8.125,0.0327,0.7831,-25.4104,-62.0493,QC'd by SigmaAldrich
37,50106347,361655,CCCCCCCCCCCCCCCC(=O)NCC(COP(=O)([O-])OCC[N+](C)(C)C)OCC,Active,42,,,Inhibitor,11.2202,97.3456,,Partial curve; high efficacy,-4.95,4.095,0.925,-84.9564,12.3892,-2.1,1 0 0 0 0 0 0,-84.0712,30.7295,6.5788,3.951,33.9211,5.752,-19.8338,-84.0712,QC'd by SigmaAldrich
38,50106282,5359318,C[C@@H]([C@@H](C1=CC=CC=C1)O)NC.C[C@@H]([C@@H](C1=CC=CC=C1)O)NC.OS(=O)(=O)O,Active,42,,,Inhibitor,10,95.4201,,Partial curve; high efficacy,-5,4.9549,0.9419,-95.4201,0,-2.1,0 0 0 0 0 0 0,-96.3123,-13.6804,0.5472,8.0115,-8.7974,12.6315,-36.1099,-96.3123,QC'd by SigmaAldrich
39,50107088,3117,CCN(CC)C(=S)SSC(=S)N(CC)CC,Active,42,,,Inhibitor,10,101.491,,Partial curve; high efficacy,-5,2.5334,0.9748,-95.2169,6.2741,-2.1,0 0 0 0 0 0 0,-93.2899,-6.9562,11.2789,10.5487,9.5704,4.777,-39.2025,-93.2899,QC'd by SigmaAldrich
40,26753614,16759252,CN[C@H]1CCC(C2=CC=CC=C12)C3=CC(=C(C=C3)Cl)Cl.Cl,Active,42,,,Inhibitor,12.5893,83.3837,,Partial curve; high efficacy,-4.9,1.9673,0.9758,-89.965,-6.5812,-2.1,0 0 0 0 0 0 0,-83.963,-13.3433,-9.5168,1.8494,-5.4889,-9.2324,-35.9762,-83.963,QC'd by SigmaAldrich
41,50106029,644274,C1=CC(=CC=C1C(C2=CC=C(C=C2)Cl)N3C=C[N+](=C3)CC(C4=C(C=C(C=C4)Cl)Cl)OCC5=C(C=C(C=C5)Cl)Cl)Cl.[Cl-],Active,42,,,Inhibitor,11.2202,94.1129,,Partial curve; partial efficacy,-4.95,4.095,0.9739,-78.0526,16.0603,-2.2,0 0 0 0 0 0 0,-77.1727,20.048,23.2044,5.1416,14.186,18.0249,-15.4062,-77.1727,QC'd by SigmaAldrich
42,50106525,71420,CN(C)C(=O)C(CCN1CCC(CC1)(C2=CC=C(C=C2)Cl)O)(C3=CC=CC=C3)C4=CC=CC=C4.Cl,Active,42,,,Inhibitor,12.5893,72.5951,,Partial curve; partial efficacy,-4.9,4.5045,0.9629,-75.7061,-3.1109,-2.2,0 0 0 0 0 0 0,-75.727,-4.5735,-7.0681,-10.9797,5.3822,0.9165,-16.9403,-75.727,QC'd by SigmaAldrich
43,50105982,72311,C[N+]1=C2C(=C3C=CC(=C(C3=C1)OC)OC)C=CC4=CC5=C(C=C42)OCO5.[Cl-],Active,42,,,Inhibitor,10,96.5799,,Partial curve; high efficacy,-5,4.9549,0.9914,-91.0258,5.554,-2.1,0 0 0 1 0 0 0,-91.8437,4.2381,8.5643,-0.4362,52.343,9.1386,-30.4511,-91.8437,QC'd by SigmaAldrich
44,50105983,5280754,CCC1C(=O)N(CC(=O)N(C(C(=O)NC(C(=O)N(C(C(=O)NC(C(=O)NC(C(=O)N(C(C(=O)N(C(C(=O)N(C(C(=O)N(C(C(=O)N1)C(C(C)C/C=C/C)O)C)C(C)C)C)CC(C)C)C)CC(C)C)C)C)C)CC(C)C)C)C(C)C)CC(C)C)C)C,Active,42,,,Inhibitor,11.2202,85.376,,Partial curve; high efficacy,-4.95,4.5045,0.96,-95.1322,-9.7562,-2.1,0 0 0 0 1 0 0,-95.3237,-15.8915,2.2384,-16.4223,-13.3474,32.7965,-34.2897,-95.3237,QC'd by SigmaAldrich
45,26753555,16759248,CCCCN1C2CCC1CC(C2)OC(C3=CC=C(C=C3)F)C4=CC=C(C=C4)F.Cl,Active,42,,,Inhibitor,10,91.0164,,Partial curve; high efficacy,-5,2.2526,0.9178,-97.4659,-6.4495,-2.1,0 0 0 0 0 0 0,-93.7215,-18.4461,-20.7659,3.2354,5.7732,-3.14,-49.4651,-93.7215,QC'd by SigmaAldrich
46,50106535,3885,CC1(CCC2=C(O1)C3=CC=CC=C3C(=O)C2=O)C,Active,42,,,Inhibitor,11.2202,106.979,,Partial curve; high efficacy,-4.95,4.095,0.9188,-107.619,-0.6405,-2.1,0 0 0 0 0 0 0,-106.23,-15.6644,-8.1799,-4.5348,4.962,21.8783,-37.2397,-106.23,QC'd by SigmaAldrich
47,50107098,11226716,CC1=C(C=CC(=C1)C2=NOC(=N2)C)C3=CC=C(C=C3)C(=O)N4CCC5=CC6=C(C=C54)C7(CCN(CC7)C)CO6.Cl,Active,42,,,Inhibitor,10,96.747,,Partial curve; high efficacy,-5,3.5117,0.9806,-83.668,13.0789,-2.1,1 0 0 0 0 0 0,-83.2383,-14.6079,5.1763,21.3933,9.6455,16.0291,-27.7061,-83.2383,QC'd by SigmaAldrich
48,50106267,9798284,CNCC[C@H](C1=CC=CC=C1)OC2=CC=C(C=C2)C(F)(F)F.Cl,Active,42,,,Inhibitor,10,77.2498,,Partial curve; high efficacy,-5,3.5117,0.9522,-84.0909,-6.8411,-2.1,0 0 0 0 0 0 0,-84.5267,-15.0179,-12.7739,-1.0299,-9.6444,3.8842,-38.3186,-84.5267,QC'd by SigmaAldrich
49,50105904,3038495,COC1=CC=CC=C1N2CCN(CC2)CCCCNC(=O)C3=CC4=CC=CC=C4C=C3,Active,42,,,Inhibitor,11.2202,63.9722,,Partial curve; partial efficacy,-4.95,4.095,0.9436,-67.2696,-3.2974,-2.2,0 0 0 0 1 0 0,-66.7225,-13.1673,6.2515,-0.6293,-3.4453,31.5508,-25.0126,-66.7225,QC'd by SigmaAldrich
50,50104943,5353432,CC(C)(C)C1=CC=C(C=C1)S(=O)(=O)/C=C/C#N,Active,42,,,Inhibitor,11.2202,88.1055,,Partial curve; high efficacy,-4.95,4.9549,0.9713,-97.0064,-8.9009,-2.1,0 0 0 0 0 0 0,-97.4228,-11.7018,-13.8912,-15.3367,-6.255,1.5865,-31.7439,-97.4228,QC'd by SigmaAldrich
51,50106620,4053,C1=CC(=CC=C1CC(C(=O)O)N)N(CCCl)CCCl,Active,42,,,Inhibitor,8.9125,87.0958,,Partial curve; partial efficacy,-5.05,0.8,0.9978,-84.6317,2.4641,-2.2,1 0 0 0 1 0 0,-66.3298,-22.0563,4.0295,-1.349,-3.3658,37.5732,-41.8176,-66.3298,QC'd by SigmaAldrich
52,50107139,11957714,CC[C@@]12C=CCN3[C@@H]1[C@]4(CC3)C([C@]([C@@H]2OC(=O)C)(C(=O)OC)O)N(C5=CC(=C(C=C45)[C@]6(CC7CC(CN(C7)CCC8=C6NC9=CC=CC=C89)(CC)O)C(=O)OC)OC)C=O.OS(=O)(=O)O,Active,41,,,Inhibitor,19.9526,82.8762,,Partial curve; partial efficacy,-4.7,1.4641,0.9237,-92.0404,-9.1642,-2.2,0 0 1 0 0 0 0,-76.7004,-1.3584,-19.1179,-32.3537,-9.9242,-20.995,-26.6131,-76.7004,QC'd by SigmaAldrich
53,50107160,11957719,CC[C@@]12C=CCN3[C@@H]1[C@]4(CC3)C([C@]([C@@H]2OC(=O)C)(C(=O)OC)O)N(C5=CC(=C(C=C45)[C@]6(CC7CC(CN(C7)CCC8=C6NC9=CC=CC=C89)(CC)O)C(=O)OC)OC)C.OS(=O)(=O)O,Active,41,,,Inhibitor,15.8489,79.8794,,Partial curve; high efficacy,-4.8,1.4641,0.9218,-96.8587,-16.9792,-2.1,1 0 1 0 0 0 0,-83.2155,-25.5057,-7.8706,-40.2973,-30.5977,-17.4912,-41.5645,-83.2155,QC'd by SigmaAldrich
54,50106461,154494,C1CN=C(N1)C2COC3=CC=CC=C3O2.Cl,Active,41,,,Inhibitor,19.9526,110.707,,Partial curve; high efficacy,-4.7,0.9,0.9076,-126.463,-15.756,-2.1,0 0 0 0 0 0 0,-97.7672,-7.3579,-21.2628,-6.3448,-26.3608,-38.5922,-42.198,-97.7672,QC'd by SigmaAldrich
55,50104726,24360,CC[C@@]1(C2=C(COC1=O)C(=O)N3CC4=CC5=CC=CC=C5N=C4C3=C2)O,Inconclusive,28,,,Inhibitor,0.0447,40.6227,,Complete curve; partial efficacy,-7.35,4.9549,0.993,-59.3033,-18.6806,-1.2,0 0 0 0 1 0 0,-59.2835,-20.9252,-16.2196,-55.8134,-58.1574,-38.4009,-60.5594,-59.2835,QC'd by SigmaAldrich
56,50106837,6093162,CC1C(O1)P(=O)([O-])[O-].[Na+].[Na+],Inconclusive,25,,,Inhibitor,0.3548,54.7307,,Partial curve; partial efficacy,-6.45,3.132,0.9644,-48.2307,6.5,-2.2,0 0 0 0 0 1 1,8.0346,-1.1741,11.0504,8.8241,-22.9586,-47.578,17.1854,8.0346,QC'd by SigmaAldrich
57,50106352,62857,CNCCC(C1=CC=CC=C1)OC2=CC=C(C=C2)C(F)(F)F.Cl,Inconclusive,24,,,Inhibitor,2.8184,101.44,,Partial curve; partial efficacy,-5.55,0.5,0.9966,-74.836,26.6043,-2.2,1 0 0 0 0 1 0,-55.9165,31.3573,21.4457,10.1221,0.0091,-17.1431,19.8145,-55.9165,QC'd by SigmaAldrich
58,50107226,11957728,C[N+]1(C2CCC1CC(C2)OC(=O)C3=CNC4=CC=CC=C43)C.[I-],Inconclusive,24,,,Inhibitor,1,31.1453,,Complete curve; partial efficacy,-6,4.9549,0.948,-55.6174,-24.4721,-1.2,0 0 0 0 0 1 0,-54.8152,-23.0986,-27.4803,-28.3727,-18.3101,-55.0979,-30.9221,-54.8152,QC'd by SigmaAldrich
59,50105897,148673,COC1=C(C=CC(=C1)NS(=O)(=O)C)NC2=C3C=CC=CC3=NC4=CC=CC=C42.Cl,Inconclusive,24,,,Inhibitor,1.4125,88.8371,,Complete curve; partial efficacy,-5.85,2.7202,0.9754,-66.5648,22.2723,-1.2,0 0 0 0 0 0 0,-59.9151,13.5304,17.7062,26.9552,28.0504,-37.3703,-73.1872,-59.9151,QC'd by SigmaAldrich
60,50106101,10649,CC1=[N+](C2=CC=CC=C2C(=C1)N)CCCCCCCCCC[N+]3=C(C=C(C4=CC=CC=C43)N)C.[Cl-].[Cl-],Inconclusive,23,,,Inhibitor,1.7783,48.0901,,Partial curve; partial efficacy,-5.75,3.0654,0.9298,-51.5958,-3.5057,-2.2,0 0 0 0 0 1 0,-53.0059,-6.2454,-5.2614,-9.1022,7.0509,-30.5619,12.0152,-53.0059,QC'd by SigmaAldrich
61,50104688,133633,C1CN(CCC1(C2=CC=C(C=C2)Cl)O)CC3=CNC4=CC=CC=C43,Inconclusive,23,,,Inhibitor,2.8184,53.1644,,Partial curve; partial efficacy,-5.55,0.7,0.9431,-51.7573,1.4072,-2.2,0 0 0 0 0 1 0,-45.0597,6.797,-7.4571,-1.8342,-6.8087,-22.1764,16.0402,-45.0597,QC'd by SigmaAldrich
62,50106818,5420804,C/C/1=C/CC[C@@]2([C@H](O2)[C@@H]3[C@@H](CC1)C(=C)C(=O)O3)C,Inconclusive,23,,,Inhibitor,1.4125,56.224,,Partial curve; partial efficacy,-5.85,1.111,0.9306,-48.2137,8.0103,-2.2,0 0 0 0 0 1 0,-47.2785,-1.9352,12.8171,12.9267,-5.6702,-22.9032,0.8987,-47.2785,QC'd by SigmaAldrich
63,50106710,24867517,CC[C@@H](CO)NC(=O)[C@@H]1CN([C@@H]2CC3=CN(C4=CC=CC(=C34)C2=C1)C)C.C(=C\C(=O)O)\C(=O)O,Inconclusive,22,,,Inhibitor,8.9125,65.1002,,Partial curve; partial efficacy,-5.05,3.132,0.9236,-60.3205,4.7797,-2.2,1 0 0 0 0 0 0,-59.017,-14.3106,-1.9014,-5.1318,10.7761,15.3883,-30.94,-59.017,QC'd by SigmaAldrich
64,50106919,5288600,COC1=CC(=C(C(=C1)OC)/C=C/2\C3=CC=CC=C3NC2=O)OC,Inconclusive,22,,,Inhibitor,7.0795,59.2368,,Partial curve; partial efficacy,-5.15,1.6266,0.9732,-51.2661,7.9707,-2.2,1 0 0 0 0 0 0,-47.354,-8.4577,1.0425,12.0596,10.7835,2.7099,-28.7982,-47.354,QC'd by SigmaAldrich
65,50104244,1967,CC1=C(C(=O)C(=C(C1=O)C)CCCCC#CCCCC#CCO)C,Inconclusive,22,,,Inhibitor,8.9125,58.4747,,Partial curve; partial efficacy,-5.05,2.4064,0.9657,-54.7551,3.7196,-2.2,0 0 0 0 0 0 0,-53.9626,1.6971,0.0723,-0.8434,11.6457,5.5007,-26.6874,-53.9626,QC'd by SigmaAldrich
66,50106266,11973707,CCC1=CC(=C(C(=C1O)C(=O)NC[C@@H]2CCN(C2)CC)OC)Cl.Cl,Inconclusive,22,,,Inhibitor,6.3096,42.6785,,Complete curve; partial efficacy,-5.2,4.5045,0.9795,-57.3807,-14.7022,-1.2,0 0 0 1 0 0 0,-57.5914,-13.9124,-12.6904,-20.5092,26.0397,-12.6755,-50.5759,-57.5914,QC'd by SigmaAldrich
67,50105876,24867470,C1=CN2[C@H]3[C@H]([C@H]([C@H](O3)CO)O)OC2=NC1=N.Cl,Inconclusive,22,,,Inhibitor,7.0795,56.5013,,Partial curve; partial efficacy,-5.15,1.6266,0.9054,-55.8854,0.616,-2.2,0 0 0 0 0 0 0,-51.6678,-11.0233,12.1726,1.702,-2.852,-3.3105,-35.8955,-51.6678,QC'd by SigmaAldrich
68,50106539,11957591,C1CC2=CC=CC=C2C3(C1)CCN(CC3)CC4=CC=CC=C4.Cl,Inconclusive,21,,,Inhibitor,10,27.6783,,Partial curve; partial efficacy,-5,3.9295,0.9067,-45.6828,-18.0045,-2.2,1 1 0 0 0 0 0,-45.9856,-22.9223,14.6613,-23.8889,-16.8662,-12.9204,-29.2896,-45.9856,QC'd by SigmaAldrich
69,50105923,24867479,CC(C)(C)[C@@]1(CCN2CC3C4=CC=CC=C4CCC5=C3C(=CC=C5)[C@@H]2C1)O.Cl,Inconclusive,20,,,Inhibitor,11.2202,59.2829,,Single point of activity,-4.95,4.9549,0.8551,-65.097,-5.8141,-3,0 0 0 0 0 0 0,-65.3425,-11.7726,-3.0225,-14.6341,-11.8984,12.7982,-21.0029,-65.3425,QC'd by SigmaAldrich
70,50105924,24867479,CC(C)(C)[C@@]1(CCN2CC3C4=CC=CC=C4CCC5=C3C(=CC=C5)[C@@H]2C1)O.Cl,Inconclusive,20,,,Inhibitor,10,76.2013,,Single point of activity,-5,4.9549,0.7678,-67.9098,8.2916,-3,1 0 0 0 0 0 0,-68.2515,-18.1702,-3.2788,-15.0323,15.1976,35.393,-21.6078,-68.2515,QC'd by SigmaAldrich
71,50107133,2733525,CC/C(=C(\C1=CC=CC=C1)/C2=CC=C(C=C2)OCCN(C)C)/C3=CC=CC=C3.C(C(=O)O)C(CC(=O)O)(C(=O)O)O,Inconclusive,20,,,Inhibitor,14.1254,116.917,,Single point of activity,-4.85,4.095,0.9513,-85.3347,31.5823,-3,0 0 0 0 0 0 0,-82.0783,24.9562,30.3546,18.7722,35.3291,49.5145,13.0448,-82.0783,QC'd by SigmaAldrich
72,50106647,71478,CNCCCC12CCC(C3=CC=CC=C31)C4=CC=CC=C24.Cl,Inconclusive,20,,,Inhibitor,14.1254,104.761,,Single point of activity,-4.85,3.6772,0.9064,-91.2339,13.527,-3,0 0 0 0 0 0 0,-84.9523,-6.1036,10.3622,8.6341,27.0939,27.7731,-4.8249,-84.9523,QC'd by SigmaAldrich
73,50106085,11957503,CNC(=O)[C@@H]1[C@H]([C@H]([C@@H](O1)N2C=NC3=C(N=C(N=C32)Cl)NCC4=CC=C(C=C4)I)O)O,Inconclusive,20,,,Inhibitor,10,59.0737,,Partial curve; partial efficacy; poor fit,-5,3.99,0.7311,-52.5737,6.5,-2.4,0 0 0 0 0 0 0,-52.901,-5.3699,-14.0607,25.2505,20.619,3.9916,-17.1223,-52.901,QC'd by SigmaAldrich
74,50107064,11957704,CN1CCN(CC1)CC/C=C\2/C3=CC=CC=C3SC4=C2C=C(C=C4)S(=O)(=O)N(C)C.Cl,Inconclusive,20,,,Inhibitor,35.4813,104.018,,Single point of activity,-4.45,4.9549,0.9111,-100.108,3.9099,-3,0 0 0 0 0 0 0,-77.8568,-12.161,-5.0112,13.7611,4.6509,8.4731,13.9447,-77.8568,QC'd by SigmaAldrich
75,50105740,6917843,CCN(CC)CCCCCCCCOC(=O)C1=CC(=C(C(=C1)OC)OC)OC.Cl,Inconclusive,20,,,Inhibitor,22.3872,60.7467,,Single point of activity,-4.65,3.6772,0.9009,-56.9994,3.7473,-3,0 0 0 0 0 0 0,-52.9117,-7.8098,10.9975,12.142,5.647,-2.3928,0.9923,-52.9117,QC'd by SigmaAldrich
76,50106789,4615,C1CN(CCN1CCCN2C3=CC=CC=C3NC2=O)C(C4=CC=CC=C4)C5=CC=CC=C5,Inconclusive,20,,,Inhibitor,12.5893,58.657,,Single point of activity,-4.9,4.095,0.7769,-52.657,6,-3,0 0 0 0 1 0 0,-52.1291,-13.5423,9.1932,25.8287,4.3156,33.099,-7.9692,-52.1291,QC'd by SigmaAldrich
77,50106505,11957587,CC[C@@H](C)[C@@H]1[C@H](CC[C@@]2(O1)C[C@@H]3C[C@H](O2)C/C=C(/[C@H]([C@H](/C=C/C=C/4\CO[C@H]5[C@@]4([C@@H](C=C([C@H]5O)C)C(=O)O3)O)C)O[C@H]6C[C@@H]([C@H]([C@@H](O6)C)O[C@H]7C[C@@H]([C@H]([C@@H](O7)C)O)OC)OC)\C)C,Inconclusive,20,,,Inhibitor,14.1254,98.9781,,Single point of activity,-4.85,3.6772,0.8273,-89.4448,9.5332,-3,0 0 0 0 0 0 0,-85.1298,-3.5798,-7.6672,5.6947,10.0165,41.98,-7.3268,-85.1298,QC'd by SigmaAldrich
78,50107065,66069,CN(C)CCCN1C2=CC=CC=C2SC3=C1C=C(C=C3)C(F)(F)F.Cl,Inconclusive,20,,,Inhibitor,14.1254,82.9621,,Single point of activity,-4.85,4.095,0.9851,-68.7517,14.2105,-3,1 0 0 0 0 0 0,-64.0256,-9.8354,14.6495,12.6601,10.1659,20.1841,0.23,-64.0256,QC'd by SigmaAldrich
79,50106852,6239,CCN(CC)CCCC(C)NC1=C2C=C(C=CC2=NC3=C1C=CC(=C3)Cl)OC.Cl.Cl,Inconclusive,20,,,Inhibitor,14.1254,118.591,,Partial curve; high efficacy; poor fit,-4.85,3.2975,0.8452,-117.136,1.455,-2.3,0 0 0 0 0 0 0,-109.739,-6.926,3.2087,-3.713,35.7609,-22.5384,-20.1928,-109.739,QC'd by SigmaAldrich
80,50104233,4748,C1CN(CCN1CCCN2C3=CC=CC=C3SC4=C2C=C(C=C4)Cl)CCO,Inconclusive,20,,,Inhibitor,15.8489,76.7185,,Single point of activity,-4.8,3.6772,0.9089,-73.9939,2.7246,-3,0 0 0 0 0 0 0,-68.9321,-5.3821,-0.3824,6.7843,-5.374,18.8224,-6.0131,-68.9321,QC'd by SigmaAldrich
81,50104791,5169,C1=CC(=CC=C1C2=NC(=C(N2)C3=CC=NC=C3)C4=CC=C(C=C4)F)O,Inconclusive,20,,,Inhibitor,12.5893,70.8693,,Single point of activity,-4.9,4.095,0.8468,-57.8684,13.0009,-3,1 0 0 0 0 0 0,-57.3919,-9.6072,-4.4645,15.2541,32.6264,8.3708,-2.3306,-57.3919,QC'd by SigmaAldrich
82,50105858,9951033,C1[C@H](O[C@H](C2=C1C(=C(C=C2)O)O)CN)C34CC5CC(C3)CC(C5)C4.Cl,Inconclusive,20,,,Inhibitor,22.3872,89.6361,,Single point of activity,-4.65,4.095,0.9065,-77.6361,12,-3,1 0 0 0 0 0 0,-72.8176,-16.9227,20.9504,-6.939,9.1117,24.7326,9.105,-72.8176,QC'd by SigmaAldrich
83,50106081,2544,CC1(C2CCC(C1(C)C(=O)O)O2)C(=O)O,Inconclusive,20,,,Inhibitor,11.2202,89.9562,,Partial curve; high efficacy; poor fit,-4.95,4.095,0.8331,-95.2768,-5.3206,-2.3,0 0 0 0 0 0 0,-94.6695,-14.6092,-25.4554,-9.1015,-0.647,23.5664,-33.7495,-94.6695,QC'd by SigmaAldrich
84,50104653,16362,C1CN(CCC1N2C3=CC=CC=C3NC2=O)CCCC(C4=CC=C(C=C4)F)C5=CC=C(C=C5)F,Inconclusive,20,,,Inhibitor,12.5893,73.5853,,Single point of activity,-4.9,4.095,0.7909,-68.5849,5.0004,-3,0 0 0 0 0 0 0,-67.9867,-14.962,1.0693,-0.303,9.2892,32.0046,-12.4755,-67.9867,QC'd by SigmaAldrich
85,50106711,11565569,COC1=CC2=C(C[C@@H]3[C@H]4[C@@]2(CCCC4)CCN3)C=C1.Cl,Inconclusive,20,,,Inhibitor,10,75.564,,Single point of activity,-5,4.9549,0.863,-51.4906,24.0734,-3,1 0 0 0 0 0 0,-51.6588,-1.249,14.0152,8.0619,32.4003,42.164,-5.0514,-51.6588,QC'd by SigmaAldrich
86,50104231,3194,C1=CC=C(C=C1)N2C(=O)C3=CC=CC=C3[Se]2,Inconclusive,20,,,Inhibitor,12.5893,70.5555,,Single point of activity,-4.9,4.095,0.8044,-79.8357,-9.2802,-3,0 0 0 0 0 0 0,-79.6799,-22.5389,-13.4385,-17.2968,-10.4686,18.1222,-24.5578,-79.6799,QC'd by SigmaAldrich
87,50106572,60662,CC(C)[C@H]1C2=C(CC[C@@]1(CCN(C)CCCC3=NC4=CC=CC=C4N3)OC(=O)COC)C=C(C=C2)F.Cl.Cl,Inconclusive,20,,,Inhibitor,17.7828,99.2984,,Single point of activity,-4.75,3.2975,0.9266,-100.851,-1.5528,-3,0 0 0 0 0 0 0,-92.2381,-18.0589,-6.2635,-0.0668,6.1806,11.2833,-12.8132,-92.2381,QC'd by SigmaAldrich
88,50104663,104895,CCCCCCC(C)(C)C1=CC(=C(C=C1)[C@@H]2C[C@@H](CC[C@H]2CCCO)O)O,Inconclusive,20,,,Inhibitor,11.2202,80.2489,,Single point of activity,-4.95,4.9549,0.8956,-68.7335,11.5154,-3,0 0 0 0 0 0 0,-68.543,0.4163,15.1507,6.8082,3.3152,31.5912,-10.7295,-68.543,QC'd by SigmaAldrich
89,50106577,11957600,C1C[C@@H]([C@@H](NC1)C2=CC=CC=C2)OCC3=CC(=CC(=C3)C(F)(F)F)C(F)(F)F.Cl,Inconclusive,20,,,Inhibitor,11.2202,100.419,,Single point of activity,-4.95,4.5045,0.9535,-87.8991,12.5198,-3,0 0 0 0 0 0 0,-87.9506,18.9329,4.9584,10.3674,1.0231,25.8662,-16.477,-87.9506,QC'd by SigmaAldrich
90,50106516,8228,CN(C)CCCN1C2=CC=CC=C2CCC3=CC=CC=C31.Cl,Inconclusive,20,,,Inhibitor,22.3872,75.5831,,Single point of activity,-4.65,3.6772,0.9035,-77.9902,-2.4071,-3,0 0 0 0 0 0 0,-71.3192,7.7523,6.4079,-13.6266,-12.6995,1.044,-6.4384,-71.3192,QC'd by SigmaAldrich
91,50106076,2812,C1=CC=C(C=C1)C(C2=CC=CC=C2)(C3=CC=CC=C3Cl)N4C=CN=C4,Inconclusive,20,,,Inhibitor,10,55.4946,,Single point of activity,-5,4.9549,0.7442,-53.1361,2.3584,-3,0 0 0 0 0 0 0,-53.5648,-11.8004,-8.6446,-5.9645,19.2667,18.2449,-18.7376,-53.5648,QC'd by SigmaAldrich
92,26753532,1697,C1=CC=C(C=C1)NC2=C(C=C3C(=C2)C(=O)NC3=O)NC4=CC=CC=C4,Inconclusive,20,,,Inhibitor,11.2202,65.4107,,Single point of activity,-4.95,4.9549,0.8255,-57.9107,7.5,-3,0 0 0 0 0 0 0,-58.0143,2.168,-11.9376,5.8283,15.9842,24.0505,-9.626,-58.0143,QC'd by SigmaAldrich
93,50106497,10314472,CN[C@@H]1C[C@H](C2=CC=CC=C12)C3=CC(=C(C=C3)Cl)Cl.Cl,Inconclusive,20,,,Inhibitor,35.4813,102.344,,Single point of activity,-4.45,4.9549,0.9874,-91.0563,11.2877,-3,0 0 0 0 0 0 0,-69.1507,7.5212,16.6037,9.7962,6.7301,12.8373,12.7797,-69.1507,QC'd by SigmaAldrich
94,50105732,9884715,C1=CC2=C(C=CC=C2Cl)C(=C1)S(=O)(=O)NCCCCN.Cl,Inconclusive,20,,,Inhibitor,3.1623,75.25,,Single point of activity,-5.5,2.5334,0.9886,-64.2713,10.9787,-3,0 0 0 0 0 1 0,-64.375,6.8903,15.1984,7.7803,13.3796,-4.0702,29.913,-64.375,QC'd by SigmaAldrich
95,50106219,37274,CCN1C2=NC=C(C(=C2C=N1)NN=C(C)C)C(=O)OCC.Cl,Inconclusive,20,,,Inhibitor,12.5893,58.3381,,Single point of activity,-4.9,4.095,0.892,-54.2119,4.1262,-3,0 0 0 0 0 0 0,-53.7162,3.4883,-8.8651,-0.0074,13.7594,11.704,-9.5531,-53.7162,QC'd by SigmaAldrich
96,50106858,6603149,CNCCCC1C2=CC=CC=C2C=CC3=CC=CC=C13.Cl,Inconclusive,20,,,Inhibitor,3.9811,71.409,,Partial curve; partial efficacy; poor fit,-5.4,2.4064,0.8979,-79.6353,-8.2262,-2.4,0 0 0 0 0 1 0,-79.4679,-14.837,-0.2079,-23.0339,2.7945,-18.8788,26.3869,-79.4679,QC'd by SigmaAldrich
97,50106356,11957553,C1CN(CCN1CCCC2=CC=CC=C2)CCOC(C3=CC=CC=C3)C4=CC=CC=C4.Cl.Cl,Inconclusive,20,,,Inhibitor,35.4813,73.3684,,Single point of activity,-4.45,4.9549,0.6429,-63.8684,9.5,-3,0 0 0 1 0 0 0,-48.1782,11.1475,32.3673,6.0077,42.3093,-20.6375,19.5114,-48.1782,QC'd by SigmaAldrich
98,50104223,445154,C1=CC(=CC=C1/C=C/C2=CC(=CC(=C2)O)O)O,Inconclusive,20,,,Inhibitor,35.4813,100.434,,Single point of activity,-4.45,4.9549,0.8439,-89.434,11,-3,0 0 0 0 0 0 0,-67.9551,-5.0698,0.8017,1.1968,20.4799,16.7456,30.9232,-67.9551,QC'd by SigmaAldrich
99,50107199,66062,CN1CCCCC1CCN2C3=CC=CC=C3SC4=C2C=C(C=C4)SC.Cl,Inconclusive,20,,,Inhibitor,11.2202,107.152,,Partial curve; high efficacy; poor fit,-4.95,4.9549,0.8965,-105.875,1.2772,-2.3,0 0 0 0 0 0 0,-105.79,15.4138,-16.4307,-8.2433,-7.4817,21.9282,-27.0985,-105.79,QC'd by SigmaAldrich
100,50106071,68539,CN(C)CCCN1C2=CC=CC=C2CCC3=C1C=C(C=C3)Cl.Cl,Inconclusive,20,,,Inhibitor,15.8489,91.1325,,Single point of activity,-4.8,3.2975,0.9207,-90.0574,1.0751,-3,1 0 0 0 0 0 0,-83.0271,-22.776,0.7662,1.7791,-14.262,16.2217,-12.1989,-83.0271,QC'd by SigmaAldrich
101,50106582,13830713,CNC1=C2C(=NC=N1)N(C=N2)[C@H]3[C@@H]([C@H]([C@H](O3)CO)O)O,Inconclusive,20,,,Inhibitor,8.9125,41.884,,Partial curve; partial efficacy; poor fit,-5.05,0.5,0.623,-58.3964,-16.5124,-2.4,0 0 0 0 0 1 0,-45.3303,-19.5168,-20.6187,-29.0379,-10.427,-34.2097,-5.7289,-45.3303,QC'd by SigmaAldrich
102,50105795,1720,C1=CC2=C(C=CC3=C2C(=C1)C(=O)NC3=O)N,Inconclusive,20,,,Inhibitor,11.2202,57.0968,,Single point of activity,-4.95,4.095,0.9154,-58.5307,-1.4339,-3,0 0 0 0 0 0 0,-58.3038,-13.7155,-4.392,6.0353,2.8439,3.3616,-20.1051,-58.3038,QC'd by SigmaAldrich
103,50105228,5405,CC(C)(C)C1=CC=C(C=C1)C(CCCN2CCC(CC2)C(C3=CC=CC=C3)(C4=CC=CC=C4)O)O,Inconclusive,20,,,Inhibitor,10,94.0417,,Partial curve; high efficacy; poor fit,-5,4.9549,0.8963,-87.3864,6.6553,-2.3,0 0 0 0 0 0 0,-88.0737,5.7729,6.7196,-17.1652,22.8474,15.2774,-29.6487,-88.0737,QC'd by SigmaAldrich
104,50106291,6603857,CN(C)C1=NC=C2C(=C1)C(=NC=N2)NC3=CC4=C(C=C3)N(N=C4)CC5=CC=CC=C5,Inconclusive,20,,,Inhibitor,11.2202,72.683,,Single point of activity,-4.95,4.095,0.8071,-61.683,11,-3,1 0 0 0 0 0 0,-60.8492,-14.2434,-5.1758,0.2912,12.9743,35.8719,-12.8553,-60.8492,QC'd by SigmaAldrich
105,50106634,3039995,CN1CCN(CC1)C2CC3=CC=CC=C3SC4=C2C=C(C=C4)SC.CS(=O)(=O)O,Inconclusive,20,,,Inhibitor,15.8489,113.475,,Single point of activity,-4.8,4.095,0.9508,-92.1024,21.3725,-3,1 0 0 0 0 0 0,-86.1519,-14.9824,4.96,29.1072,19.0617,32.5844,9.5568,-86.1519,QC'd by SigmaAldrich
106,50104855,6450842,CN(C)C1=CC=C(C=C1)/C=C\2/C3=CC=CC=C3NC2=O,Inconclusive,20,,,Inhibitor,7.9433,83.3398,,Partial curve; partial efficacy; poor fit,-5.1,3.132,0.8605,-56.7444,26.5955,-2.4,1 0 0 1 0 0 0,-57.69,-17.3419,12.636,15.6048,51.2264,50.8629,-22.555,-57.69,QC'd by SigmaAldrich
107,50106074,60839,CCC1=CC(=CC=C1)N(C)C(=NC2=CC=CC3=CC=CC=C32)N.Cl,Inconclusive,20,,,Inhibitor,35.4813,106.396,,Single point of activity,-4.45,4.9549,0.8558,-95.1057,11.2906,-3,0 0 0 0 0 0 0,-72.0861,3.6323,2.0793,-3.7152,18.2773,35.443,11.3307,-72.0861,QC'd by SigmaAldrich
108,50106350,67356,C1CN(CCN1CCCN2C3=CC=CC=C3SC4=C2C=C(C=C4)C(F)(F)F)CCO.Cl.Cl,Inconclusive,20,,,Inhibitor,22.3872,53.9319,,Single point of activity,-4.65,3.2975,0.8566,-57.3054,-3.3735,-3,0 0 0 0 1 0 0,-52.8599,10.8748,-14.8636,-4.7506,-3.4347,47.3101,-6.8433,-52.8599,QC'd by SigmaAldrich
109,50107079,5282318,CC(CN1C2=CC=CC=C2CCC3=CC=CC=C31)CN(C)C.C(=C\C(=O)O)\C(=O)O,Inconclusive,20,,,Inhibitor,10,72.1037,,Single point of activity,-5,3.99,0.8364,-65.1037,7,-3,0 0 0 0 0 0 0,-64.202,-2.8268,24.5725,-6.452,-1.9652,21.8349,-24.6437,-64.202,QC'd by SigmaAldrich
110,50106585,11957605,C1CN2CCC1C(C2C(C3=CC=CC=C3)C4=CC=CC=C4)NCC5=CC=CC=C5I.C(=O)(C(=O)O)O,Inconclusive,20,,,Inhibitor,35.4813,125.145,,Single point of activity,-4.45,4.4495,0.9752,-125.145,0,-3,0 0 0 0 0 0 0,-95.6759,-7.4409,-7.3276,-0.2994,4.6096,7.6646,2.8349,-95.6759,QC'd by SigmaAldrich
111,50106226,104920,C1CN(CCN1CCCC2=CC=CC=C2)CCOC(C3=CC=C(C=C3)F)C4=CC=C(C=C4)F.Cl.Cl,Inconclusive,20,,,Inhibitor,12.5893,94.3515,,Single point of activity,-4.9,4.5045,0.8746,-95.5486,-1.1971,-3,0 0 0 0 0 0 0,-95.585,-15.8739,-14.3166,4.7658,-3.4991,24.1233,-19.3926,-95.585,QC'd by SigmaAldrich
112,50106348,11957551,C[C@@]12CCN(C1N(C3=C2C=C(C=C3)O)C)C.C(=C\C(=O)O)\C(=O)O,Inconclusive,20,,,Inhibitor,15.8489,100.605,,Single point of activity,-4.8,3.6772,0.8854,-92.3221,8.2831,-3,0 0 0 0 0 0 0,-86.3029,-9.3677,5.6849,1.104,11.1281,32.0276,-4.0894,-86.3029,QC'd by SigmaAldrich
113,50106402,42890,C[C@H]1[C@H]([C@H](C[C@@H](O1)O[C@H]2C[C@@](CC3=C2C(=C4C(=C3O)C(=O)C5=CC=CC=C5C4=O)O)(C(=O)C)O)N)O,Inconclusive,20,,,Inhibitor,0.0562,67.471,,Complete curve; high efficacy; poor fit,-7.25,2.7202,0.7656,-61.3671,6.1039,-1.3,0 0 0 0 0 0 0,-90.9842,-0.2671,10.7476,-39.6889,-70.6041,-44.6072,-39.5736,-90.9842,QC'd by SigmaAldrich
114,50106349,9884593,CNCC[C@@H](C1=CC=CC=C1)OC2=CC=C(C=C2)C(F)(F)F.Cl,Inconclusive,20,,,Inhibitor,11.2202,107.693,,Partial curve; high efficacy; poor fit,-4.95,4.9549,0.8993,-111.581,-3.8883,-2.3,0 0 0 0 0 0 0,-111.886,-15.2144,-25.0362,-1.3268,2.5706,17.7243,-33.0088,-111.886,QC'd by SigmaAldrich
115,50105841,11065,CN(C)CCC=C1C2=CC=CC=C2CCC3=CC=CC=C31.Cl,Inconclusive,20,,,Inhibitor,10,57.2522,,Single point of activity,-5,4.9549,0.998,-49.8057,7.4465,-3,1 0 1 0 0 0 0,-50.2102,20.8114,6.0592,36.009,8.7201,7.2178,-14.3872,-50.2102,QC'd by SigmaAldrich
116,50106471,11957578,CC(C)C1=CC(=CC2=C1C[C@](CC2)(CCN(C)CCCC3=NC4=CC=CC=C4N3)OC(=O)C5CC5)F.Cl.Cl,Inconclusive,20,,,Inhibitor,10,97.6708,,Partial curve; high efficacy; poor fit,-5,3.99,0.872,-94.1789,3.4919,-2.3,0 0 0 0 0 0 0,-93.5169,-5.8231,22.5814,-11.2982,-10.2684,22.8786,-39.2423,-93.5169,QC'd by SigmaAldrich
117,50107146,9852041,CC1=NC=CC(=C1)CN2C(=C(C3=C(C2=O)C(=NC=C3)OCC4=NC=CC=N4)C5=CC(=C(C(=C5)OC)OC)OC)C(=O)OC.Cl,Inconclusive,20,,,Inhibitor,12.5893,52.0432,,Single point of activity,-4.9,4.9549,0.9801,-59.9489,-7.9057,-3,0 0 1 0 0 0 0,-59.7339,-9.5318,-12.2979,-27.7621,-3.5748,-6.2836,-16.4309,-59.7339,QC'd by SigmaAldrich
118,50105542,1318,C1=CC2=C(C3=C(C=CC=N3)C=C2)N=C1,Inconclusive,20,,,Inhibitor,14.1254,117.908,,Single point of activity,-4.85,1.2475,0.988,-94.4485,23.4593,-3,1 0 0 0 0 0 0,-74.3628,-5.8012,29.9007,19.1347,21.7219,10.7278,-16.7439,-74.3628,QC'd by SigmaAldrich
119,50106470,11957577,C[C@@H](CN1CCC2=C1C=C(C=C2)Br)N.C[C@@H](CN1CCC2=C1C=C(C=C2)Br)N.C(=C/C(=O)O)\C(=O)O,Inconclusive,20,,,Inhibitor,35.4813,91.288,,Single point of activity,-4.45,4.9549,0.7734,-84.6343,6.6537,-3,0 0 0 0 0 0 0,-64.9514,3.9299,-2.3654,-10.0692,-2.789,20.3739,31.9753,-64.9514,QC'd by SigmaAldrich
120,50105470,9444,C1=NC(=NC(=O)N1[C@H]2[C@@H]([C@@H]([C@H](O2)CO)O)O)N,Inconclusive,20,,,Inhibitor,7.0795,70.2432,,Partial curve; partial efficacy; poor fit,-5.15,2.7202,0.8945,-62.7339,7.5092,-2.4,1 0 0 0 0 0 0,-61.8693,-13.446,-9.4036,2.2738,17.9462,16.7995,-39.3443,-61.8693,QC'd by SigmaAldrich
121,50105910,11957471,CN(C)CC/C=C/1\C2=C(C=C(C=C2)Cl)SC3=CC=CC=C31.Cl,Inconclusive,20,,,Inhibitor,10,103.133,,Partial curve; high efficacy; poor fit,-5,0.5,0.6478,-111.835,-8.7028,-2.3,0 0 0 0 0 1 0,-85.9439,1.0841,-49.7131,-16.4275,-17.9988,-32.4229,5.4402,-85.9439,QC'd by SigmaAldrich
122,50106222,1609,C1=CC=C2C(=C1)C(=C(OC2=O)Cl)Cl,Inconclusive,20,,,Inhibitor,11.2202,50.3497,,Partial curve; partial efficacy; poor fit,-4.95,4.095,0.8338,-52.1283,-1.7786,-2.4,0 0 0 0 0 0 0,-51.5891,-2.1662,-12.0879,-11.5458,5.2659,11.197,-18.513,-51.5891,QC'd by SigmaAldrich
123,50107148,24867538,C[C@]12CC=C3C([C@@H]1CC[C@@H]2C(=O)CN4CCN(CC4)C5=NC(=NC(=C5)N6CCCC6)N7CCCC7)CCC8=CC(=O)C=C[C@@]83C.C(=C\C(=O)O)\C(=O)O,Inconclusive,20,,,Inhibitor,7.9433,57.1475,,Partial curve; partial efficacy; poor fit,-5.1,2.7202,0.8227,-52.6394,4.5082,-2.4,0 0 0 0 0 0 0,-53.0328,-7.5837,14.7579,-11.4565,16.8036,8.5816,-28.5961,-53.0328,QC'd by SigmaAldrich
124,50106979,11957689,CN=C1N=C(N(S1)C2=CC=CC=C2)C3=CC=CC=C3.Br,Inconclusive,20,,,Inhibitor,15.8489,100.284,,Single point of activity,-4.8,3.6772,0.9175,-93.8366,6.4476,-3,0 0 0 0 0 0 0,-87.9662,-1.3894,2.1322,0.8632,2.9448,29.2623,-8.5672,-87.9662,QC'd by SigmaAldrich
125,50106342,6435335,CCOC(=O)NC1=C(N=C(C=C1)NCC2=CC=C(C=C2)F)N.C(=C\C(=O)O)\C(=O)O,Inconclusive,20,,,Inhibitor,12.5893,45.644,,Single point of activity,-4.9,4.9549,0.9322,-54.781,-9.1371,-3,1 0 0 0 0 0 0,-54.5514,-29.2036,-6.4932,-17.8927,-10.1206,-3.3472,-17.4225,-54.5514,QC'd by SigmaAldrich
126,50107158,107656,CC1=C(C2=C(CCC(O2)(C)CN3CCN(CC3)C4=NC(=NC(=C4)N5CCCC5)N6CCCC6)C(=C1O)C)C.Cl.Cl,Inconclusive,20,,,Inhibitor,35.4813,81.854,,Single point of activity,-4.45,3.99,0.9425,-95.9772,-14.1232,-3,1 0 0 0 0 0 0,-74.8175,-20.68,-7.8558,-25.7528,-13.6024,-10.9128,-13.6356,-74.8175,QC'd by SigmaAldrich
127,50106717,1871,C1=CC2=C(C=CC(=O)O2)C=C1N=O,Inconclusive,20,,,Inhibitor,14.1254,97.0608,,Partial curve; high efficacy; poor fit,-4.85,4.095,0.8688,-105.11,-8.0488,-2.3,0 0 0 0 0 0 0,-104.102,-18.1605,19.7257,-4.4576,-22.0436,-16.5832,-22.8284,-104.102,QC'd by SigmaAldrich
128,50104102,3957,CCOC(=O)N1CCC(=C2C3=C(CCC4=C2N=CC=C4)C=C(C=C3)Cl)CC1,Inconclusive,20,,,Inhibitor,12.5893,61.9966,,Single point of activity,-4.9,4.095,0.9215,-55.9966,6,-3,0 0 0 0 0 0 0,-55.5926,11.0989,-5.1767,16.5527,3.5202,4.5789,-8.6224,-55.5926,QC'd by SigmaAldrich
129,50106715,441358,CNCCC=C1C2=CC=CC=C2CCC3=CC=CC=C31.Cl,Inconclusive,20,,,Inhibitor,35.4813,101.396,,Single point of activity,-4.45,4.4495,0.8165,-111.77,-10.3732,-3,0 0 0 0 0 0 0,-87.5225,-20.2171,-18.0985,-23.0757,-16.7692,16.209,-2.2368,-87.5225,QC'd by SigmaAldrich
130,50106779,36708,CCCNCC(COC1=CC=CC=C1C(=O)CCC2=CC=CC=C2)O.Cl,Inconclusive,20,,,Inhibitor,10,53.3582,,Single point of activity,-5,4.9549,0.9218,-53.029,0.3292,-3,0 0 0 0 0 0 0,-53.4999,-1.6466,-0.3483,6.1222,-10.3471,8.2084,-20.2099,-53.4999,QC'd by SigmaAldrich
131,50106270,4362,CCN1C(=O)C=CC1=O,Inconclusive,20,,,Inhibitor,15.8489,104.939,,Single point of activity,-4.8,3.6772,0.9474,-95.6822,9.2571,-3,0 0 0 0 0 0 0,-88.357,-0.7796,8.1549,-0.3,18.723,20.5504,-3.7773,-88.357,QC'd by SigmaAldrich
132,50104521,132496,CCCCCCN(CCCCCC)C(=O)CC1=C(NC2=CC=CC=C21)C3=CC=C(C=C3)F,Inconclusive,20,,,Inhibitor,19.9526,87.5614,,Single point of activity,-4.7,2.9523,0.9784,-97.0558,-9.4945,-3,0 0 0 0 0 0 0,-87.9242,-5.7159,-12.4245,-15.3911,-2.4564,-10.3155,-18.6538,-87.9242,QC'd by SigmaAldrich
133,50105848,441325,CCCCC1=C(C2=CC=CC=C2O1)C(=O)C3=CC(=C(C(=C3)I)OCCN(CC)CC)I.Cl,Inconclusive,20,,,Inhibitor,12.5893,77.993,,Single point of activity,-4.9,4.5045,0.9116,-81.624,-3.631,-3,0 0 0 0 0 0 0,-81.0459,-10.3088,-11.9444,-7.0748,-4.3479,15.2643,-19.6718,-81.0459,QC'd by SigmaAldrich
134,50104036,5074,CC1=C(C(=O)N2C=CSC2=N1)CCN3CCC(=C(C4=CC=C(C=C4)F)C5=CC=C(C=C5)F)CC3,Inconclusive,20,,,Inhibitor,14.1254,82.6087,,Single point of activity,-4.85,1.2475,0.9527,-71.5941,11.0147,-3,1 0 0 0 0 0 0,-59.6617,-13.6509,9.913,7.6005,20.6316,-2.4098,-16.7427,-59.6617,QC'd by SigmaAldrich
135,50106415,11957564,C1CCC(CC1)[Si](CCCN2CCCCC2)(C3=CC=C(C=C3)F)O.Cl,Inconclusive,20,,,Inhibitor,11.2202,80.9186,,Single point of activity,-4.95,4.095,0.9189,-71.9186,9,-3,0 0 0 0 0 0 0,-70.6814,8.7857,2.8543,9.1256,-1.1737,27.3021,-18.8212,-70.6814,QC'd by SigmaAldrich
136,50107155,6917841,CN(CCC1=CC(=C(C=C1)OC)OC)CCC2=CC(=C(C=C2)OC)OC.Cl,Inconclusive,20,,,Inhibitor,12.5893,53.148,,Single point of activity,-4.9,4.5045,0.8422,-59.1707,-6.0227,-3,1 0 0 0 0 0 0,-58.9206,-19.5371,-20.7038,-10.4467,1.3064,-12.8459,-16.0066,-58.9206,QC'd by SigmaAldrich
137,50107101,135419190,CC(C)(C)C1=CC(=CC(=C1O)C(C)(C)C)/C=C(\C#N)/C(=S)N,Inconclusive,20,,,Inhibitor,7.9433,57.7275,,Partial curve; partial efficacy; poor fit,-5.1,2.7202,0.8727,-58.0631,-0.3355,-2.4,0 0 0 0 0 0 0,-57.5525,-13.1889,-10.2429,10.8026,4.7874,6.7411,-35.5943,-57.5525,QC'd by SigmaAldrich
138,50106822,6603967,C1CN=C2C3=CC=CC=C3SC(=N)N2C1,Inconclusive,20,,,Inhibitor,7.9433,71.5962,,Partial curve; partial efficacy; poor fit,-5.1,3.0654,0.8438,-77.1054,-5.5092,-2.4,0 0 0 0 0 0 0,-76.7545,-18.4503,-16.0919,-11.0926,-0.387,18.3376,-50.1868,-76.7545,QC'd by SigmaAldrich
139,50106883,24351,CCC(=O)C1=CC2=C(C=C1)SC3=CC=CC=C3N2CCCN(C)C.Cl,Inconclusive,20,,,Inhibitor,35.4813,79.489,,Single point of activity,-4.45,4.9549,0.7758,-85.158,-5.669,-3,0 0 0 0 0 0 0,-67.9075,-14.3586,8.7826,-23.6373,-15.7364,4.8734,6.014,-67.9075,QC'd by SigmaAldrich
140,50106106,11957507,C1CCCC(CCC1)C(CN)O.Cl,Inconclusive,20,,,Inhibitor,15.8489,65.5357,,Single point of activity,-4.8,1,0.8437,-67.5973,-2.0616,-3,0 0 0 0 0 0 0,-53.5971,0.1694,-12.1909,12.0191,-6.1861,-15.5559,-20.8947,-53.5971,QC'd by SigmaAldrich
141,50106261,72241,CCCCCCCCCCCCCCCCCC(=O)NCC(COP(=O)([O-])OCC[N+](C)(C)C)OCC,Inconclusive,20,,,Inhibitor,17.7828,57.7092,,Partial curve; partial efficacy; poor fit,-4.75,1,0.7416,-63.5682,-5.8591,-2.4,0 0 0 0 0 0 0,-48.5076,-17.4076,10.0831,-4.6057,-17.2746,-11.0725,-23.1443,-48.5076,QC'd by SigmaAldrich
142,50106959,5282106,CCCCCCCC/C=C\CCCCCCCC(=O)NCCC1=CC(=C(C=C1)O)O,Inconclusive,20,,,Inhibitor,1.122,54.7592,,Complete curve; partial efficacy; poor fit,-5.95,4.4495,0.8279,-43.2831,11.4761,-1.4,0 1 0 0 0 0 0,-63.4499,13.5065,-20.9652,4.9919,16.0729,-38.6321,-23.0777,-63.4499,QC'd by SigmaAldrich
143,50104008,3213,CC1=C2C=CN=CC2=C(C3=C1NC4=CC=CC=C43)C,Inconclusive,20,,,Inhibitor,25.1189,96.1104,,Single point of activity,-4.6,3.6272,0.8386,-106.915,-10.8042,-3,0 0 0 0 0 0 0,-97.1987,-22.2152,-31.9618,-15.94,0.1848,10.8434,-13.547,-97.1987,QC'd by SigmaAldrich
144,50105770,73314,CC(C)CN(C)C1=NC(=C(N=C1Cl)C(=O)N=C(N)N)N,Inconclusive,20,,,Inhibitor,31.6228,100.405,,Single point of activity,-4.5,3.6772,0.9609,-102.694,-2.2887,-3,0 0 0 0 1 0 0,-82.421,-13.7727,5.4655,2.6756,-2.9133,35.8309,-3.5161,-82.421,QC'd by SigmaAldrich
145,50106052,11957495,CCN1C=NC2=C(N=C(N=C21)N[C@@H]3CCCC[C@@H]3N)NC4=CC(=CC=C4)Cl.Cl,Inconclusive,20,,,Inhibitor,35.4813,121.998,,Single point of activity,-4.45,4.9549,0.8769,-111.03,10.9685,-3,0 0 0 0 0 0 0,-84.9077,-1.1654,-3.3112,3.9631,15.7424,36.9645,13.1729,-84.9077,QC'd by SigmaAldrich
146,50106451,3758,CC(C)CN1C2=C(C(=O)N(C1=O)C)NC=N2,Inconclusive,20,,,Inhibitor,3.1623,73.6283,,Single point of activity,-5.5,3.5722,0.9659,-70.2022,3.4262,-3,0 0 0 0 0 0 1,15.1845,-1.8152,-1.9208,12.9133,4.3396,-6.1636,-68.5633,15.1845,QC'd by SigmaAldrich
147,50104826,443390,COC1=C(C=C2C(=C1)CCN2C(=O)NC3=CC(=CC(=C3)C4=CN=CC=C4)F)C(F)(F)F,Inconclusive,20,,,Inhibitor,8.9125,64.1429,,Partial curve; partial efficacy; poor fit,-5.05,3.9295,0.8243,-64.9199,-0.777,-2.4,1 0 0 0 0 0 0,-66.0903,-27.7962,-13.1265,-11.1908,-1.7351,21.6796,-32.6625,-66.0903,QC'd by SigmaAldrich
148,50107036,66007,C1CCC(CC1)C(CCN2CCCCC2)(C3=CC=CC=C3)O.Cl,Inconclusive,20,,,Inhibitor,11.2202,71.8332,,Single point of activity,-4.95,1.6436,0.9914,-64.3332,7.5,-3,1 0 0 0 0 0 0,-57.7831,-12.8868,12.347,5.6445,5.201,3.9724,-22.9361,-57.7831,QC'd by SigmaAldrich
149,50104076,28693,CN1C[C@@H](C[C@H]2[C@H]1CC3=CN(C4=CC=CC2=C34)C)CNC(=O)OCC5=CC=CC=C5,Inconclusive,20,,,Inhibitor,31.6228,138.203,,Single point of activity,-4.5,4.9549,0.9478,-107.811,30.392,-3,1 0 0 0 0 0 0,-89.2533,-8.6329,24.5238,18.3339,27.6138,52.1046,30.5075,-89.2533,QC'd by SigmaAldrich
150,50106171,3136,COC1=C(C(=O)C2=CC=CC=C2C1=O)OC,Inconclusive,20,,,Inhibitor,11.2202,71.9051,,Single point of activity,-4.95,4.095,0.7863,-57.5237,14.3814,-3,0 0 0 0 0 0 0,-57.0042,13.3946,13.6569,-7.9685,13.659,40.6231,-8.8378,-57.0042,QC'd by SigmaAldrich
151,50105766,1795,CCN(C1=NC(=C(N=C1Cl)C(=O)N=C(N)N)N)C(C)C,Inconclusive,20,,,Inhibitor,11.2202,78.719,,Single point of activity,-4.95,4.095,0.9831,-60.2545,18.4645,-3,0 0 0 0 0 0 0,-60.0633,16.3737,20.2168,26.367,15.7232,14.7588,-5.8047,-60.0633,QC'd by SigmaAldrich
152,50106733,11957654,CN1CCN(CC1)C2CC3=CC=CC=C3SC4=C2C=C(C=C4)Cl.C(=C\C(=O)O)\C(=O)O,Inconclusive,20,,,Inhibitor,11.2202,86.084,,Single point of activity,-4.95,4.9549,0.9334,-69.6053,16.4787,-3,0 0 0 0 0 0 0,-69.1619,8.1424,16.5242,7.9828,16.6136,33.8299,-7.9399,-69.1619,QC'd by SigmaAldrich
153,50107234,5697,CCCN1C2=C(C(=O)N(C1=O)CCC)NC(=N2)C3=CC=C(C=C3)OCC(=O)NCCN,Inconclusive,20,,,Inhibitor,1,62.7169,,Partial curve; partial efficacy; poor fit,-6,0.3,0.7774,-60.9524,1.7645,-2.4,1 0 0 0 0 0 0,-52.5474,-45.419,-10.4575,-16.4597,-24.4339,-40.9032,-27.3947,-52.5474,QC'd by SigmaAldrich
154,50107161,212231,C1CCC(C(C1)N2CCC(CC2)C3=CC=CC=C3)O.Cl,Inconclusive,20,,,Inhibitor,25.1189,65.7326,,Single point of activity,-4.6,4.095,0.8652,-62.8112,2.9214,-3,0 0 0 0 0 0 0,-57.6283,13.9441,-13.5084,-0.7913,11.9627,3.023,1.9016,-57.6283,QC'd by SigmaAldrich
155,50105973,26964,C1=CC(=C(C(=C1CNNC(=O)C(CO)N)O)O)O.Cl,Inconclusive,20,,,Inhibitor,11.2202,85.418,,Single point of activity,-4.95,4.9549,0.8912,-77.2941,8.1239,-3,1 0 0 0 0 0 0,-77.9515,-27.0517,6.1701,-3.3483,-1.1824,30.3667,-13.1557,-77.9515,QC'd by SigmaAldrich
156,50106255,9912313,CN([C@H]1CCCC[C@@H]1N2CCCC2)C(=O)CC3=CC(=C(C=C3)Cl)Cl.CS(=O)(=O)O,Inconclusive,20,,,Inhibitor,14.1254,65.2423,,Single point of activity,-4.85,4.095,0.8682,-52.2393,13.003,-3,0 0 0 0 0 0 0,-50.1943,-1.2774,9.2966,13.9398,13.6521,29.8661,3.5906,-50.1943,QC'd by SigmaAldrich
157,50105831,1794,C1CCCN(CC1)C2=NC(=C(N=C2Cl)C(=O)N=C(N)N)N,Inconclusive,20,,,Inhibitor,11.2202,96.4709,,Single point of activity,-4.95,4.5045,0.9257,-82.6849,13.7859,-3,0 0 0 0 0 0 0,-82.3071,-0.4703,17.4256,32.5758,6.0265,14.1984,-14.5188,-82.3071,QC'd by SigmaAldrich
158,50106949,54900,C1CCN(CC1)CCOC2=CC=C(C=C2)C(=O)C3=C(SC4=C3C=CC(=C4)O)C5=CC=C(C=C5)O.Cl,Inconclusive,20,,,Inhibitor,11.2202,58.6357,,Partial curve; partial efficacy; poor fit,-4.95,3.6772,0.8587,-79.8299,-21.1942,-2.4,0 0 0 0 0 0 0,-79.0647,-12.0798,-32.363,-30.0109,-30.4435,-14.2143,-40.8861,-79.0647,QC'd by SigmaAldrich
159,50107169,66064,CN1CCN(CC1)CCCN2C3=CC=CC=C3SC4=C2C=C(C=C4)C(F)(F)F.Cl.Cl,Inconclusive,20,,,Inhibitor,35.4813,87.7964,,Single point of activity,-4.45,4.9549,0.9015,-80.7964,7,-3,0 0 0 0 0 0 0,-61.8564,18.8312,-0.5502,-5.4401,6.1424,7.089,16.5009,-61.8564,QC'd by SigmaAldrich
160,50105477,785,C1=CC(=CC=C1O)O,Inconclusive,20,,,Inhibitor,11.2202,99.2516,,Single point of activity,-4.95,4.9549,0.9551,-86.242,13.0096,-3,0 0 0 0 0 0 0,-86.7751,2.8336,21.4799,16.8265,1.9441,21.6379,-12.0258,-86.7751,QC'd by SigmaAldrich
161,50107045,11957700,CCC1=CC=CC=C1OC[C@H](CN[C@H]2CCC3=CC=CC=C3C2)O.C(=O)(C(=O)O)O,Inconclusive,20,,,Inhibitor,28.1838,91.7575,,Single point of activity,-4.55,4.9549,0.9875,-86.3224,5.4351,-3,0 0 0 0 0 0 0,-78.9105,1.4492,5.9588,1.9903,6.3048,12.387,5.0219,-78.9105,QC'd by SigmaAldrich
162,50106180,24867499,C=CCN1CCC2=C3C1CC4=C(C3=CC=C2)C(=C(C=C4)O)O.Br,Inconclusive,20,,,Inhibitor,5.6234,87.2274,,Single point of activity,-5.25,0.5,0.8571,-64.671,22.5564,-3,0 0 0 0 0 0 0,-47.8737,12.532,24.3521,22.2886,-1.2254,-19.3409,-11.587,-47.8737,QC'd by SigmaAldrich
163,50106894,68546,COC1=C(C=C2C(=C1)C(=NC(=N2)N3CCN(CC3)C(=O)C4=CC=CO4)N)OC.Cl,Inconclusive,20,,,Inhibitor,14.1254,96.454,,Single point of activity,-4.85,3.6772,0.9649,-85.454,11,-3,0 0 0 0 0 0 0,-78.9657,11.284,13.3752,-1.3034,13.8206,17.9861,-7.2619,-78.9657,QC'd by SigmaAldrich
164,50106615,11957617,CC1=CC=CC=C1/C=C/C2=NCCN2.C(=O)(C(=O)O)O,Inconclusive,20,,,Inhibitor,11.2202,64.3515,,Single point of activity,-4.95,4.9549,0.8508,-62.6913,1.6602,-3,0 0 0 0 0 0 0,-63.2258,-9.2089,7.349,-14.0355,13.5709,10.3575,-14.3263,-63.2258,QC'd by SigmaAldrich
165,50106946,11957682,CN(C)C1=CC=CC2=C1C=CC=C2S(=O)(=O)NCCCCN3CCN(CC3)C4=CC=CC=C4OC.C(=C\C(=O)O)\C(=O)O,Inconclusive,20,,,Inhibitor,14.1254,80.8558,,Single point of activity,-4.85,3.6772,0.9396,-70.8558,10,-3,1 0 0 0 0 0 0,-65.8277,-12.944,10.2838,-3.7524,17.7985,15.2167,-3.4596,-65.8277,QC'd by SigmaAldrich
166,50106316,5282483,C1CN(CCN1CC/C=C\2/C3=CC=CC=C3SC4=C2C=C(C=C4)C(F)(F)F)CCO.Cl.Cl,Inconclusive,20,,,Inhibitor,14.1254,95.7412,,Single point of activity,-4.85,4.095,0.8801,-82.081,13.6602,-3,0 0 0 0 0 0 0,-77.8871,-5.0042,12.5953,5.6152,18.5342,35.9479,-0.4963,-77.8871,QC'd by SigmaAldrich
167,50104985,24867458,CC(C)[C@@]1(C(=O)N2[C@H](C(=O)N3CCCC3[C@@]2(O1)O)CC4=CC=CC=C4)NC(=O)[C@@H]5C[C@H]6[C@@H](CC7=CNC8=CC=CC6=C78)N(C5)C.CS(=O)(=O)O,Inconclusive,20,,,Inhibitor,31.6228,138.98,,Single point of activity,-4.5,4.095,0.9095,-107.684,31.2962,-3,0 0 0 0 1 0 0,-83.2165,18.4309,30.1424,18.9394,59.0388,82.5866,30.4617,-83.2165,QC'd by SigmaAldrich
168,50106248,446849,CC[C@@H]1CC2=C(C=CC(=C2)O)C3=C1C4=C(C[C@H]3CC)C=C(C=C4)O,Inconclusive,20,,,Inhibitor,10,52.7879,,Single point of activity,-5,4.9549,0.9093,-53.0345,-0.2466,-3,0 0 0 0 1 0 0,-53.5675,-2.7166,8.8984,2.7764,-11.6011,27.94,-20.1001,-53.5675,QC'd by SigmaAldrich
169,50106122,65327,CNCCCN1C2=CC=CC=C2CCC3=CC=CC=C31.Cl,Inconclusive,20,,,Inhibitor,35.4813,109.834,,Single point of activity,-4.45,4.9549,0.8432,-105.422,4.4118,-3,0 0 0 0 0 0 0,-81.8775,-6.7865,-14.6853,11.4125,-2.0689,28.4171,9.2536,-81.8775,QC'd by SigmaAldrich
170,50106691,176406,CC(C)N(CCC(=O)C1=CC2=CC=CC=C2C=C1)CC3=CC=CC=C3.Cl,Inconclusive,20,,,Inhibitor,19.9526,105.877,,Single point of activity,-4.7,3.6772,0.9387,-100.794,5.0828,-3,0 0 0 0 0 0 0,-93.4076,-10.1548,4.6423,1.2837,13.4692,19.5443,-2.771,-93.4076,QC'd by SigmaAldrich
171,50106762,65341,CCCC(C1=CC=CC=C1)(C2=CC=CC=C2)C(=O)OCCN(CC)CC.Cl,Inconclusive,20,,,Inhibitor,35.4813,82.8929,,Single point of activity,-4.45,4.4495,0.9186,-84.2012,-1.3083,-3,0 0 0 0 1 0 0,-64.4941,-11.4438,4.3805,-8.85,8.5894,36.6286,0.5844,-64.4941,QC'd by SigmaAldrich
172,50106312,172306,COC1=CC=CC2=C1[C@@H]3CN(C[C@@H]3CO2)CCCCN4C(=O)C5=C(C6=NC(=CN=C6S5)C7=CC=CC=C7)NC4=O.Cl,Inconclusive,20,,,Inhibitor,35.4813,60.4547,,Single point of activity,-4.45,4.4495,0.7923,-65.8396,-5.3849,-3,0 0 0 0 1 0 0,-51.6289,-7.4941,-23.8076,2.2204,0.6052,33.6291,-5.2238,-51.6289,QC'd by SigmaAldrich
173,50107113,10098248,CC(C)(C)NC(=O)C1CN(CCN1C(=O)OCC2=CC=CC=C2)C3=NC4=CC(=C(C=C4C(=N3)N)OC)OC,Inconclusive,20,,,Inhibitor,5.0119,49.0032,,Complete curve; partial efficacy; poor fit,-5.3,4.9549,0.8977,-50.9296,-1.9264,-1.4,0 0 0 0 0 0 0,-49.723,-2.7375,-12.7465,-9.595,6.2856,8.9672,-50.2966,-49.723,QC'd by SigmaAldrich
174,50106187,11957525,C1=CC(=C(C=C1CN=C(N)NC(=O)C2=C(N=C(C(=N2)Cl)N)N)Cl)Cl.Cl,Inconclusive,20,,,Inhibitor,22.3872,98.5448,,Single point of activity,-4.65,4.095,0.9643,-88.0099,10.5348,-3,0 0 0 0 0 0 0,-81.2845,0.0805,5.2309,11.618,17.4155,19.0473,6.3012,-81.2845,QC'd by SigmaAldrich
175,50106437,107794,C1=C(C(=CC(=C1O)O)O)CC(C(=O)O)N,Inconclusive,20,,,Inhibitor,17.7828,62.1488,,Single point of activity,-4.75,3.6772,0.9194,-56.3613,5.7875,-3,1 0 0 0 0 0 0,-52.0303,-13.319,7.4071,11.0153,-6.6675,12.2192,-1.2175,-52.0303,QC'd by SigmaAldrich
176,50105873,5702541,C1=CC2=C(C=CN=C2)C(=C1)S(=O)(=O)NCCNC/C=C/C3=CC=C(C=C3)Br.Cl.Cl,Inconclusive,20,,,Inhibitor,22.3872,65.1197,,Single point of activity,-4.65,3.6772,0.8115,-61.9674,3.1523,-3,0 0 0 0 0 0 0,-57.7266,10.8857,-14.4163,-6.3805,5.9608,19.228,0.3981,-57.7266,QC'd by SigmaAldrich
177,50106063,22576,CN(C)CCC=C1C2=CC=CC=C2C=CC3=CC=CC=C31.Cl,Inconclusive,20,,,Inhibitor,11.2202,87.0421,,Single point of activity,-4.95,4.095,0.8809,-68.8026,18.2396,-3,1 0 0 0 0 0 0,-68.5117,-9.2033,21.5182,-1.0988,14.15,38.78,-8.4104,-68.5117,QC'd by SigmaAldrich
178,50106001,6240,CN(C)CCCN1C2=CC=CC=C2SC3=C1C=C(C=C3)Cl.Cl,Inconclusive,20,,,Inhibitor,15.8489,95.7155,,Single point of activity,-4.8,3.2975,0.8609,-96.8625,-1.147,-3,0 0 0 0 0 0 0,-89.7994,-15.7299,-5.6463,2.5315,-11.5505,24.904,-14.7144,-89.7994,QC'd by SigmaAldrich
179,50104777,126941,CN(CC1=CN=C2C(=N1)C(=NC(=N2)N)N)C3=CC=C(C=C3)C(=O)N[C@@H](CCC(=O)O)C(=O)O,Inconclusive,20,,,Inhibitor,0.1413,46.7772,,Complete curve; partial efficacy; poor fit,-6.85,1.331,0.7847,-53.099,-6.3218,-1.4,0 0 0 0 1 0 0,-41.0526,2.1825,-23.159,-11.7488,-50.1182,-26.4447,-61.0355,-41.0526,QC'd by SigmaAldrich
180,50106749,719408,C1=CC=C(C=C1)NC(=S)NC2=NC=CS2,Inconclusive,20,,,Inhibitor,2.8184,83.173,,Partial curve; high efficacy; poor fit,-5.55,2.4064,0.856,-83.6982,-0.5252,-2.3,0 0 0 0 0 1 0,-83.3172,-0.3614,-2.2398,-20.4821,21.7306,-24.9275,37.4613,-83.3172,QC'd by SigmaAldrich
181,50105807,5702010,CN1CCC2=C3C1CC4=C(C3=CC=C2)C(=C(C=C4)O)O.Cl,Inconclusive,20,,,Inhibitor,11.2202,102.946,,Single point of activity,-4.95,4.9549,0.9242,-87.7012,15.2449,-3,0 0 0 0 0 0 0,-87.3128,1.602,13.6313,4.4054,21.8991,34.6461,-13.0495,-87.3128,QC'd by SigmaAldrich
182,50106935,5281032,CN1CCN(CC1)CCCN2C3=C(SC4=CC=CC=C24)C=CC(=C3)Cl.C(=C\C(=O)O)\C(=O)O.C(=C\C(=O)O)\C(=O)O,Inconclusive,20,,,Inhibitor,11.2202,70.7278,,Single point of activity,-4.95,4.5045,0.9641,-63.7278,7,-3,1 0 0 0 0 0 0,-63.5182,-25.7888,6.766,-0.3243,4.617,16.4216,-13.4212,-63.5182,QC'd by SigmaAldrich
183,26753519,62878,C1CNC[C@H]([C@@H]1C2=CC=C(C=C2)F)COC3=CC4=C(C=C3)OCO4.Cl,Inconclusive,20,,,Inhibitor,12.5893,92.365,,Single point of activity,-4.9,4.095,0.8907,-91.8041,0.5609,-3,0 0 0 0 0 0 0,-90.9942,-10.7025,-15.6059,21.1928,1.7916,7.5708,-20.9236,-90.9942,QC'd by SigmaAldrich
184,50106934,517348,C1CCN(C1)C(=S)[S-].[NH4+],Inconclusive,20,,,Inhibitor,2.5119,60.2867,,Complete curve; partial efficacy; poor fit,-5.6,2.3332,0.8568,-57.6283,2.6584,-1.4,0 0 0 0 0 0 0,-57.6069,-11.4362,19.2249,-10.5978,12.9704,-17.1409,-54.9575,-57.6069,QC'd by SigmaAldrich
185,50103926,3339,CC(C)OC(=O)C(C)(C)OC1=CC=C(C=C1)C(=O)C2=CC=C(C=C2)Cl,Inconclusive,20,,,Inhibitor,8.9125,59.1984,,Partial curve; partial efficacy; poor fit,-5.05,0.6,0.8297,-65.4476,-6.2492,-2.4,0 0 0 0 0 0 0,-50.4287,-16.3505,-1.0967,-18.7555,-14.3007,-15.4848,-40.4239,-50.4287,QC'd by SigmaAldrich
186,50106559,24867508,C[C@]12CCC3C([C@@H]1CC[C@@H]2O)CCC4=CC(=C(C=C34)OC)O,Inconclusive,20,,,Inhibitor,7.9433,54.5736,,Partial curve; partial efficacy; poor fit,-5.1,3.132,0.8431,-51.1412,3.4324,-2.4,0 0 0 0 0 0 0,-51.3677,-5.7497,-6.9855,-0.8899,9.9672,19.9834,-29.3796,-51.3677,QC'd by SigmaAldrich
187,50106932,122634,CCCCCCCCCCCCCC(=O)O[C@@H]1[C@H]([C@]2([C@@H](C=C(C[C@@]3([C@H]2C=C(C3=O)C)O)CO)[C@H]4[C@@]1(C4(C)C)OC(=O)C)O)C,Inconclusive,20,,,Inhibitor,11.2202,84.1483,,Partial curve; high efficacy; poor fit,-4.95,4.9549,0.867,-102.625,-18.4769,-2.3,1 0 0 0 0 0 0,-102.865,-31.0917,-7.4458,-22.6402,-43.5432,-18.6497,-40.4398,-102.865,QC'd by SigmaAldrich
188,50104906,5281847,CC1=C(C(=C(C(=C1O)C(=O)C)O)CC2=C(C(=C3C(=C2O)C=CC(O3)(C)C)C(=O)/C=C/C4=CC=CC=C4)O)O,Inconclusive,20,,,Inhibitor,12.5893,83.6979,,Single point of activity,-4.9,4.4495,0.8543,-72.6459,11.052,-3,0 0 0 0 0 0 0,-69.3097,-4.3427,4.0686,10.3884,9.5171,35.9477,-5.1611,-69.3097,QC'd by SigmaAldrich
189,50104205,2170,C1CN(CCN1)C2=NC3=CC=CC=C3OC4=C2C=C(C=C4)Cl,Inconclusive,20,,,Inhibitor,22.3872,77.5424,,Single point of activity,-4.65,2.9523,0.9882,-93.0055,-15.4631,-3,1 0 0 0 1 0 0,-83.5433,-25.6442,-11.008,-14.0927,-19.3294,17.0983,-22.8992,-83.5433,QC'd by SigmaAldrich
190,50106303,3396,C1CN(CCC12C(=O)NCN2C3=CC=CC=C3)CCCC(C4=CC=C(C=C4)F)C5=CC=C(C=C5)F,Inconclusive,20,,,Inhibitor,22.3872,77.2163,,Single point of activity,-4.65,3.6772,0.7856,-77.2163,0,-3,0 0 0 0 1 0 0,-72.2735,-12.7607,-0.1275,-15.1105,27.8518,54.7147,-3.3742,-72.2735,QC'd by SigmaAldrich
191,50105994,13770,CN1CCC(=C2C3=CC=CC=C3C=CC4=CC=CC=C42)CC1.Cl,Inconclusive,20,,,Inhibitor,11.2202,96.7296,,Single point of activity,-4.95,4.095,0.8473,-83.7569,12.9727,-3,0 0 0 0 0 0 0,-82.5736,-2.0723,23.3368,-10.1726,18.7413,35.3604,-19.5027,-82.5736,QC'd by SigmaAldrich
192,50104779,3003565,CC(=O)O[C@@H]1C[C@]2(C(CCC2=O)C3=C1[C@]4([C@H](OC(=O)C5=COC(=C54)C3=O)COC)C)C,Inconclusive,20,,,Inhibitor,3.5481,94.45,,Partial curve; partial efficacy; poor fit,-5.45,0.3,0.7523,-80.95,13.5,-2.4,0 0 0 0 0 0 0,-64.4212,8.4702,1.8945,-22.7371,-18.8982,-31.5481,-19.7261,-64.4212,QC'd by SigmaAldrich
193,50106561,5281672,C1=C(C=C(C(=C1O)O)O)C2=C(C(=O)C3=C(C=C(C=C3O2)O)O)O,Inconclusive,20,,,Inhibitor,35.4813,65.5257,,Single point of activity,-4.45,4.9549,0.8567,-71.3595,-5.8338,-3,0 0 0 0 1 0 0,-57.1047,-15.854,-9.6011,-12.1371,2.1804,28.667,6.2335,-57.1047,QC'd by SigmaAldrich
194,50106756,11957656,C=CCN1C2[C@]3([C@]4(C5=C(C2)C=CC(=C5O[C@@H]4/C(=N/N=C\6/[C@H]7OC8=C(C=CC9=C8[C@]72[C@](C(C9)N(CC2)CC=C)(CC6)O)O)/CC3)O)CC1)O.Cl.Cl,Inconclusive,20,,,Inhibitor,19.9526,83.4045,,Single point of activity,-4.7,3.6772,0.8574,-79.7444,3.6601,-3,0 0 0 0 0 0 0,-74.2205,-5.5712,-11.5907,-0.8392,15.9589,22.5775,-2.7206,-74.2205,QC'd by SigmaAldrich
195,50106490,3965,CC(C1=CC=C(C=C1)CC2CCCC2=O)C(=O)O,Inconclusive,10,,,Activator,17.7828,47.0988,,Partial curve; partial efficacy,-4.75,1.21,0.9013,68.4439,21.3451,2.2,0 1 0 0 0 0 0,58.1317,23.2954,50.1524,21.9903,15.3146,31.3178,32.3556,58.1317,QC'd by SigmaAldrich
196,50104166,4488,C1=CC(=CC(=C1)NC2=C(C=CC=N2)C(=O)O)C(F)(F)F,Inconclusive,10,,,Activator,35.4813,64.0449,,Single point of activity,-4.45,4.9549,0.8894,74.5449,10.5,3,0 0 0 0 0 0 0,60.9469,14.459,14.8412,9.3184,24.1255,6.7428,10.4703,60.9469,QC'd by SigmaAldrich
197,50105737,11957443,C[C@H](CCC(=O)NCCS(=O)(=O)[O-])C1CCC2C1([C@H](CC3C2[C@@H](CC4C3(CC[C@H](C4)O)C)O)O)C.[Na+],Inconclusive,10,,,Activator,8.9125,44.3882,,Partial curve; partial efficacy; poor fit,-5.05,3.132,0.5769,49.3938,5.0057,2.4,0 1 0 0 0 0 0,48.4011,22.6462,-19.7234,14.0275,10.1065,-22.2048,30.4616,48.4011,QC'd by SigmaAldrich
198,50106990,65752,C1CN2C(=NC3=CC=CC=C3C2=O)C4=C1C5=CC=CC=C5N4,Inconclusive,10,,,Activator,0.4467,79.9927,,Complete curve; high efficacy,-6.35,4.9549,0.9261,66.5453,-13.4474,1.1,0 0 0 0 0 0 0,62.5724,-21.8534,-15.9943,-0.3218,6.4692,84.619,52.9715,62.5724,QC'd by SigmaAldrich
199,50105739,2724023,C1CSC2=N[C@H](CN21)C3=CC=C(C=C3)Br.C(=O)(C(=O)O)O,Inconclusive,10,,,Activator,17.7828,74.6828,,Partial curve; partial efficacy; poor fit,-4.75,1.1,0.8772,78.4124,3.7297,2.4,0 0 0 0 0 0 0,60.1869,-8.1419,12.02,6.836,15.6091,8.8188,26.1832,60.1869,QC'd by SigmaAldrich
200,50106087,43834282,C1C[N+](=C(N)N)CC2=CC=CC=C21.C1C[N+](=C(N)N)CC2=CC=CC=C21.[O-]S(=O)(=O)[O-],Inconclusive,10,,,Activator,0.01,39.6969,,Complete curve; partial efficacy; poor fit,-8,3.132,0.5344,31.3818,-8.315,1.4,0 0 0 1 0 0 0,51.5826,-7.0437,21.4083,42.1333,61.9113,23.0435,10.0925,51.5826,QC'd by SigmaAldrich
201,50107135,11957711,C1=CN(C(=O)NC1=O)[C@H]2[C@@H]([C@@H]([C@H](O2)COP(=O)([O-])OP(=O)(O)[O-])O)O.[Na+].[Na+],Inconclusive,10,,,Activator,10,69.0704,,Single point of activity,-5,4.9549,0.9342,53.8229,-15.2475,3,1 0 0 1 0 0 0,54.9152,57.0076,-15.0943,-3.2822,37.4069,-25.6719,10.1463,54.9152,QC'd by SigmaAldrich
202,50106571,28767,CN(CCCOC1=C(C=C(C=C1)Cl)Cl)CC#C.Cl,Inconclusive,10,,,Activator,11.2202,44.3403,,Partial curve; partial efficacy; poor fit,-4.95,4.9549,0.8889,48.4798,4.1395,2.4,0 0 0 0 0 0 0,48.7571,6.0606,12.1199,7.1935,3.1034,-7.216,15.4581,48.7571,QC'd by SigmaAldrich
203,50107130,10047903,CC(COC1=CC=C(C=C1)/C=C/C2=CC=CC=C2)[N+](C)(C)C.[I-],Inconclusive,10,,,Activator,11.2202,87.2894,,Partial curve; partial efficacy,-4.95,0.8,0.921,86.2127,-1.0767,2.2,0 0 0 0 0 0 0,67.3154,0.918,5.1077,-11.2543,1.4171,26.1116,32.7234,67.3154,QC'd by SigmaAldrich
204,50105869,3452,C#CC(CCC(=O)O)N,Inconclusive,10,,,Activator,17.7828,50.8899,,Partial curve; partial efficacy; poor fit,-4.75,0.4,0.3973,61.0104,10.1204,2.4,1 0 0 0 0 0 0,49.4573,-5.5659,25.8057,18.6733,7.0491,32.9765,19.4495,49.4573,QC'd by SigmaAldrich
205,50106863,5312137,CN(C)S(=O)(=O)C1=CC\2=C(C=C1)NC(=O)/C2=C\C3=CC4=C(N3)CCCC4,Inconclusive,10,,,Activator,0.2818,36.5834,,Complete curve; partial efficacy; poor fit,-6.55,4.5045,0.8235,41.7605,5.1771,1.4,0 0 0 0 0 0 0,26.9641,2.078,10.2061,4.4254,33.2467,55.3072,43.5359,26.9641,QC'd by SigmaAldrich
206,50106475,11957583,C1CN=C(N1)NC2=C(C=C(C=C2Cl)I)Cl.Cl,Inconclusive,10,,,Activator,14.1254,78.2571,,Partial curve; partial efficacy; poor fit,-4.85,0.6,0.8848,81.944,3.6869,2.4,0 0 1 0 0 0 0,63.2107,4.3533,0.0797,38.6686,17.7193,26.1947,25.2438,63.2107,QC'd by SigmaAldrich
207,50106030,6604076,CS(=O)(=O)O.C1CCC(C1)N2C=NC3=C(N=CN=C32)N,Inconclusive,10,,,Activator,14.1254,56.582,,Partial curve; partial efficacy; poor fit,-4.85,0.6,0.8896,59.4799,2.8979,2.4,0 0 0 0 0 0 0,46.0648,-1.5351,5.5706,8.092,16.297,13.6295,21.9572,46.0648,QC'd by SigmaAldrich
208,26753605,448949,C1=CC=C2C(=C1)C(=C(N2)C3=C(NC4=C3C=CC(=C4)Br)O)N=O,Inconclusive,10,,,Activator,0.5623,113.006,,Complete curve; high efficacy,-6.25,2.3332,0.9956,109.057,-3.9488,1.1,0 0 0 0 0 0 1,-59.398,-7.5507,-0.5003,-0.7446,23.1445,105.929,106.051,-59.398,QC'd by SigmaAldrich
209,50106909,11957672,C1CN(CCN1)C2=NC3=C(C=C2)C=C(C=C3)[N+](=O)[O-].C(=C\C(=O)O)\C(=O)O,Inconclusive,10,,,Activator,7.9433,46.8757,,Partial curve; partial efficacy; poor fit,-5.1,2.7202,0.8558,46.3997,-0.4759,2.4,0 0 0 0 0 0 0,46.2072,-0.3441,8.4653,-10.5424,9.8647,-8.0723,28.1213,46.2072,QC'd by SigmaAldrich
210,50106583,24867509,[Li+].[Li+].C1=NC(=C2C(=N1)N(C=N2)[C@H]3[C@@H]([C@H]([C@H](O3)COP(=O)(CP(=O)(O)OP(=O)([O-])[O-])O)O)O)N,Inconclusive,10,,,Activator,19.9526,49.6471,,Partial curve; partial efficacy; poor fit,-4.7,0.4,0.4003,55.9885,6.3414,2.4,0 0 0 0 0 0 0,45.4315,13.9766,10.2806,28.159,2.2601,22.1628,16.8238,45.4315,QC'd by SigmaAldrich
211,50104372,5310956,C1[C@@H]([C@H]1C(=O)O)[C@@H](C(=O)O)N,Inconclusive,10,,,Activator,0.0112,30.5,,Complete curve; partial efficacy; poor fit,-7.95,1.7885,0.7361,34.5,4,1.4,0 0 0 0 0 1 0,46.373,6.5715,22.5785,34.1359,30.6208,25.8541,10.7044,46.373,QC'd by SigmaAldrich
212,50104878,644213,C1=CC=C(C=C1)NC(=O)C2=C(C=CC(=C2)[N+](=O)[O-])Cl,Inconclusive,10,,,Activator,1,71.8349,,Complete curve; high efficacy,-6,1.6604,0.9202,77.3785,5.5436,1.1,0 0 0 0 0 0 0,63.7412,6.813,-4.7482,15.2556,17.8526,56.4368,90.4232,63.7412,QC'd by SigmaAldrich
213,50106836,24867524,C[C@H](CC1=CC=CC=C1)NC2=C3C(=NC=N2)N(C=N3)[C@H]4[C@@H]([C@H]([C@H](O4)CO)O)O,Inconclusive,10,,,Activator,11.2202,101.828,,Single point of activity,-4.95,0.5,0.771,75.5839,-26.2441,3,0 0 0 0 0 0 0,56.2931,-28.2579,-17.6181,-33.0668,8.0514,7.0235,1.2546,56.2931,QC'd by SigmaAldrich
214,50106729,24867518,C1C=CN(C=C1C(=O)N)C2C(C(C(O2)COP(=O)([O-])OP(=O)([O-])OC[C@@H]3[C@@H]([C@H]([C@@H](O3)N4C=NC5=C(N=CN=C54)N)OP(=O)([O-])[O-])O)O)O.[Na+].[Na+].[Na+].[Na+],Inconclusive,10,,,Activator,7.0795,40.5774,,Complete curve; partial efficacy; poor fit,-5.15,4.5045,0.711,45.3147,4.7373,1.4,0 0 1 0 0 0 0,46.0639,9.4309,23.8916,-16.3538,10.1664,-4.3856,35.6933,46.0639,QC'd by SigmaAldrich
215,50106655,10404739,C(CC(=O)N[C@H](CSN=O)C(=O)NCC(=O)O)[C@@H](C(=O)O)N,Inconclusive,10,,,Activator,25.1189,47.5146,,Single point of activity,-4.6,4.095,0.7761,51.0472,3.5325,3,0 0 0 1 0 0 0,47.1789,16.9732,14.4531,-0.9612,26.6955,6.0875,5.453,47.1789,QC'd by SigmaAldrich
216,50106964,692416,COC1=CC=C(C=C1)NC(=O)/C=C/C2=CC=C(C=C2)Cl,Inconclusive,10,,,Activator,1.2589,76.1334,,Partial curve; partial efficacy,-5.9,1,0.9965,88.1159,11.9825,2.2,0 0 0 0 0 0 1,1.7887,9.3451,15.2342,15.9791,29.0315,57.1084,78.9959,1.7887,QC'd by SigmaAldrich
217,50107087,11957707,CN1C=CC2=CC3=C(CCN3C(=O)NC4=CN=CC=C4)C=C21.Cl,Inconclusive,10,,,Activator,3.1623,87.4471,,Complete curve; partial efficacy,-5.5,0.8,0.9853,89.7993,2.3522,1.2,0 0 0 0 0 0 0,78.638,-0.2185,6.1743,4.5794,20.2337,31.7487,68.1598,78.638,QC'd by SigmaAldrich
218,50106092,9841284,C1CCC(CC1)NC2=C3C(=NC=N2)N(C=N3)[C@H]4[C@@H]([C@@H]([C@H](O4)CO)O)O,Inconclusive,10,,,Activator,1.7783,56.3688,,Partial curve; partial efficacy; poor fit,-5.75,0.4,0.7869,60.6714,4.3026,2.4,0 0 0 0 0 0 0,48.563,14.1642,1.5891,26.7847,13.1324,38.8701,41.9664,48.563,QC'd by SigmaAldrich
219,50105713,3125,CC(CC1=CC=C(C=C1)O)(C(=O)O)N,Inconclusive,10,,,Activator,0.0032,43,,Complete curve; partial efficacy; poor fit,-8.5,4.9549,0.5143,39,-4,1.4,0 0 1 0 0 0 0,31.2575,13.6594,42.7842,23.3069,23.851,44.6955,51.8073,31.2575,QC'd by SigmaAldrich
220,50104867,8515,C1=CC=C2C(=C1)C3=NNC4=CC=CC(=C43)C2=O,Inconclusive,10,,,Activator,5.6234,58.4457,,Single point of activity,-5.25,4.9549,0.7246,57.0385,-1.4073,3,0 1 0 0 0 0 1,7.5763,-8.3516,47.6646,-18.3941,22.0318,-1.5227,52.4343,7.5763,QC'd by SigmaAldrich
221,50104104,5070,C1=CC2=C(C=C1OC(F)(F)F)SC(=N2)N,Inconclusive,10,,,Activator,0.1778,64.0908,,Complete curve; partial efficacy; poor fit,-6.75,0.4,0.8383,46.7407,-17.3501,1.4,0 0 0 1 0 0 0,36.2439,-9.6083,-1.4689,16.0468,-10.1802,16.3672,48.5926,36.2439,QC'd by SigmaAldrich
222,50106235,92222,C1=CC(=C(C=C1C[C@H](C(=O)O)N)O)O,Inconclusive,10,,,Activator,0.0089,42.5132,,Complete curve; partial efficacy; poor fit,-8.05,4.5045,0.7598,31.5322,-10.981,1.4,0 0 0 0 1 0 0,26.7897,-10.5367,27.5475,17.3895,34.6713,10.9499,46.2016,26.7897,QC'd by SigmaAldrich
223,50104869,4826,CC(C(C)(C)C)N=C(NC#N)NC1=CC=NC=C1,Inconclusive,10,,,Activator,5.6234,48.5968,,Single point of activity,-5.25,4.9549,0.762,53.6671,5.0703,3,0 0 0 0 0 0 1,29.6869,16.1283,17.5812,-2.8758,2.8047,-7.7563,49.7998,29.6869,QC'd by SigmaAldrich
224,50106089,23679632,C1=CC=C(C=C1)C2(C(=O)NC(=N2)[O-])C3=CC=CC=C3.[Na+],Inconclusive,10,,,Activator,35.4813,40,,Single point of activity,-4.45,4.9549,0.9308,60.5,20.5,3,0 0 0 0 1 0 0,52.0654,19.594,17.2706,19.109,27.1432,57.9101,18.2617,52.0654,QC'd by SigmaAldrich
225,50107092,5328773,C1=CC=C(C=C1)CCNC(=O)/C(=C/C2=CC(=C(C=C2)O)O)/C#N,Inconclusive,10,,,Activator,8.9125,51.0781,,Partial curve; partial efficacy; poor fit,-5.05,1.9673,0.7736,61.5781,10.5,2.4,0 0 0 1 0 0 0,59.5791,25.6804,23.4997,7.8899,52.0426,6.0329,37.6428,59.5791,QC'd by SigmaAldrich
226,50104963,3707,C1=CC=C2C(=C1)C(=C(N2)O)C3=C(C4=CC=CC=C4N3)N=O,Inconclusive,10,,,Activator,0.1778,65.6693,,Complete curve; partial efficacy; poor fit,-6.75,1.3723,0.875,53.4682,-12.2011,1.4,0 0 0 0 0 0 0,32.8591,-10.2759,-13.9229,5.5907,33.8574,55.0129,71.0135,32.8591,QC'd by SigmaAldrich
227,50106090,5280569,C1=CC(=C(C2=C1C=CC(=O)O2)O)O,Inconclusive,10,,,Activator,1.122,30,,Complete curve; partial efficacy; poor fit,-5.95,4.9549,0.8864,64,34,1.4,1 0 0 0 0 0 1,41.9813,48.7267,40.889,36.2898,25.6853,62.7042,63.1695,41.9813,QC'd by SigmaAldrich
228,50105781,2259,C1=CC(=C(C=C1C(=C2C=CC(=O)C(=C2)C(=O)O)C3=CC(=C(C=C3)O)C(=O)O)C(=O)O)O,Inconclusive,10,,,Activator,0.0089,26.5,,Complete curve; partial efficacy; poor fit,-8.05,3.2975,0.7437,43,16.5,1.4,0 0 0 1 0 0 0,46.0564,17.1102,38.8006,44.8131,2.3222,49.5729,31.6255,46.0564,QC'd by SigmaAldrich
229,26753634,16759253,C1=CC=C(C=C1)CCNC2=C3C(=NC=N2)N(C=N3)[C@H]4[C@@H]([C@H]([C@H](O4)CO)O)O,Inconclusive,10,,,Activator,14.1254,55.9295,,Single point of activity,-4.85,4.095,0.8356,59.6063,3.6769,3,0 0 0 0 0 0 0,59.0392,1.1943,-7.7693,4.6062,22.1649,3.9786,12.6425,59.0392,QC'd by SigmaAldrich
230,50106111,9926639,C1CCN(CC1)CCOC(=O)C2=CNC3=CC=CC=C32.Cl,Inconclusive,10,,,Activator,25.1189,65.0215,,Single point of activity,-4.6,0.9,0.6714,69.3326,4.3111,3,0 0 0 0 0 0 0,54.2515,-1.0733,-3.5811,13.8653,21.1421,16.363,9.0912,54.2515,QC'd by SigmaAldrich
231,50104578,443586,C1=C(C=C(C=C1O)O)[C@@H](C(=O)O)N,Inconclusive,10,,,Activator,0.0794,66.3182,,Complete curve; partial efficacy; poor fit,-7.1,1.111,0.9895,53.3037,-13.0145,1.4,1 0 0 0 1 0 1,21.4868,66.3621,-5.9179,22.2442,40.7404,-1.3764,53.2117,21.4868,QC'd by SigmaAldrich
232,50104824,3277600,CC1=NSC(=C1)NC(=O)NC2=CC3=C(C=C2)N(C=C3)C,Inconclusive,10,,,Activator,0.3162,98.324,,Partial curve; partial efficacy,-6.5,0.4,0.9813,82.0245,-16.2995,2.2,0 0 0 0 1 0 1,80.3433,-7.6159,10.9948,17.4071,32.9019,10.3731,63.9889,80.3433,QC'd by SigmaAldrich
233,50106546,11957594,CC(C)NCC(COC1=CC=C(C=C1)CCOC)O.CC(C)NCC(COC1=CC=C(C=C1)CCOC)O.[C@@H]([C@@H](C(=O)O)O)(C(=O)O)O,Inconclusive,10,,,Activator,4.4668,53.3754,,Complete curve; partial efficacy; poor fit,-5.35,4.9549,0.7171,43.5986,-9.7768,1.4,0 0 0 1 0 0 0,36.9673,12.8601,-24.6657,3.1185,40.5982,-30.693,49.5261,36.9673,QC'd by SigmaAldrich
234,50106891,11957670,CN1CCN(CC1)C2=NC3=CC=CC=C3C=C2.C(=C\C(=O)O)\C(=O)O.C(=C\C(=O)O)\C(=O)O,Inconclusive,10,,,Activator,5.6234,67.656,,Partial curve; partial efficacy; poor fit,-5.25,0.4,0.8401,69.7899,2.1339,2.4,0 0 0 0 1 0 0,55.4135,-2.8764,18.907,8.8905,22.697,-5.4571,30.879,55.4135,QC'd by SigmaAldrich
235,50106890,135419184,CS(=O)(=O)O.C1=CC=C(C=C1)N=C(N)NC(=O)C2=C(N=C(C(=N2)Cl)N)N,Inconclusive,10,,,Activator,2.5119,77.9556,,Complete curve; high efficacy,-5.6,3.9295,0.9241,72.6722,-5.2834,1.1,0 0 0 0 0 0 0,61.3497,0.588,-15.6318,8.8244,-12.2645,10.1852,83.8638,61.3497,QC'd by SigmaAldrich
236,50104195,3883,CC1=C(C=CN=C1CS(=O)C2=NC3=CC=CC=C3N2)OCC(F)(F)F,Inconclusive,10,,,Activator,17.7828,124.869,,Partial curve; high efficacy,-4.75,0.9,0.9308,130.406,5.537,2.1,0 0 0 0 0 0 0,101.114,0.0647,7.9201,-3.2102,15.8829,32.4134,37.9405,101.114,QC'd by SigmaAldrich
237,50104882,197690,CC#CCOC(=O)C1=C(N=C2C(=C1N)C3=C(S2)CC(CC3)O)C,Inconclusive,10,,,Activator,15.8489,85.455,,Partial curve; partial efficacy,-4.8,1.21,0.9828,89.0281,3.5731,2.2,0 0 0 0 1 0 0,70.8042,2.2283,2.8648,-0.6512,11.1107,54.336,31.9278,70.8042,QC'd by SigmaAldrich
238,50107014,5329098,CC1=CC(=C(N1)/C=C\2/C3=CC=CC=C3NC2=O)C,Inconclusive,10,,,Activator,35.4813,69.4116,,Single point of activity,-4.45,4.9549,0.949,65.635,-3.7766,3,0 0 0 0 0 0 0,51.3433,-5.4676,-4.289,-5.5221,-1.1014,4.6084,-11.1685,51.3433,QC'd by SigmaAldrich
239,50104016,5281670,C1=CC(=C(C=C1O)O)C2=C(C(=O)C3=C(C=C(C=C3O2)O)O)O,Inconclusive,10,,,Activator,12.5893,47.9802,,Partial curve; partial efficacy,-4.9,4.9549,0.9826,54.9023,6.9221,2.2,1 0 1 0 0 0 0,54.9563,21.437,6.4321,23.1197,3.3982,11.1762,15.3406,54.9563,QC'd by SigmaAldrich
240,50106396,9351,C1=CC=C2C(=C1)C=NN=C2NN.Cl,Inconclusive,10,,,Activator,0.1413,64.8682,,Complete curve; partial efficacy,-6.85,1.8079,0.9985,70.0594,5.1911,1.2,0 0 0 0 1 0 0,71.96,6.4712,5.783,20.4844,59.2512,103.096,69.2275,71.96,QC'd by SigmaAldrich
241,50106183,53708,CC1=C(NC(=O)N1)C(=O)C2=CC=C(C=C2)SC,Inconclusive,10,,,Activator,14.1254,55.4712,,Single point of activity,-4.85,4.095,0.7009,46.4803,-8.9909,3,0 0 0 1 0 0 0,46.2701,7.3253,-1.6432,-5.3176,40.4092,-35.5122,-0.9348,46.2701,QC'd by SigmaAldrich
242,50104764,5311432,CC1=NC(=CC=C1)/C=C/C2=CC=CC=C2,Inconclusive,10,,,Activator,2.5119,83.9784,,Complete curve; high efficacy,-5.6,1.9673,0.9325,91.444,7.4656,1.1,0 0 0 0 0 0 0,86.089,21.7873,14.3331,-9.3561,6.3494,33.8799,91.687,86.089,QC'd by SigmaAldrich
243,50106182,10158019,CCCN(CCC)CCC1=CNC2=C1C=C(C=C2)C(=O)N.C(=C\C(=O)O)\C(=O)O,Inconclusive,10,,,Activator,0.01,31.0978,,Complete curve; partial efficacy; poor fit,-8,3.6272,0.5358,35.0978,4,1.4,0 0 0 0 1 0 0,27.7779,4.4326,29.1622,28.7921,57.3377,70.1125,26.8444,27.7779,QC'd by SigmaAldrich
244,50107020,5311308,C1=CC(=CC(=C1)F)C2=C(N=CS2)C(=O)NCCN.Cl,Inconclusive,10,,,Activator,5.6234,56.5834,,Single point of activity,-5.25,4.9549,0.9087,49.5698,-7.0136,3,1 0 0 0 0 0 1,-4.9028,-28.1692,3.2642,-3.1957,-12.3357,-15.0158,45.0916,-4.9028,QC'd by SigmaAldrich
245,50105829,6603339,CP(=O)(CCCN)O.Cl,Inconclusive,10,,,Activator,0.3981,46.6265,,Complete curve; partial efficacy,-6.4,1.5095,0.977,61.6476,15.0211,1.2,0 0 0 0 1 0 0,56.8332,16.3148,12.7462,19.7528,36.3826,-1.2543,66.2202,56.8332,QC'd by SigmaAldrich
246,50104762,4713,COC1=CC=CC(=C1N)C2=CC(=O)C3=CC=CC=C3O2,Inconclusive,10,,,Activator,1.9953,120.521,,Partial curve; high efficacy,-5.7,0.8,0.9708,128.214,7.6928,2.1,1 0 0 0 0 0 1,22.5285,33.3874,2.9052,22.1155,36.4711,58.7833,105.477,22.5285,QC'd by SigmaAldrich
247,50104331,40539,C([C@@H](C(=O)O)N)N1C(=O)NC(=O)O1,Inconclusive,10,,,Activator,5.6234,39,,Single point of activity,-5.25,4.9549,0.9561,52.5,13.5,3,0 0 0 0 0 0 1,22.4555,13.5771,18.5379,9.4691,15.3658,11.7897,49.418,22.4555,QC'd by SigmaAldrich
248,50104766,5218788,CC1=NC(=C(C=C1)O)N=NC2=CC=CC=C2,Inconclusive,10,,,Activator,0.5012,97.7892,,Complete curve; high efficacy,-6.3,4.5045,0.9454,98.8971,1.1079,1.1,0 0 0 0 0 0 1,-41.7296,15.8605,-14.0143,0.641,21.1442,109.607,88.1317,-41.7296,QC'd by SigmaAldrich
249,50105751,69398,C(CCN)CC(=O)O.Cl,Inconclusive,10,,,Activator,0.0045,36.7559,,Complete curve; partial efficacy; poor fit,-8.35,4.9549,0.6548,31.2034,-5.5526,1.4,0 0 0 0 1 0 0,49.1067,-1.263,32.1496,20.7433,27.0934,8.3424,27.1653,49.1067,QC'd by SigmaAldrich
250,50106550,72430,CC(C)[C@@H](C(=O)N[C@@H](CC1=CC=CC=C1)C=O)NC(=O)OCC2=CC=CC=C2,Inconclusive,10,,,Activator,12.5893,58.4298,,Single point of activity,-4.9,4.095,0.8279,51.8544,-6.5754,3,1 0 0 0 0 0 0,51.2585,28.5612,-12.7823,-2.9961,10.463,-21.204,7.3853,51.2585,QC'd by SigmaAldrich
251,50106871,11957667,C1=CC(=CC=C1CCSC(=N)N)CCSC(=N)N.Br.Br,Inconclusive,10,,,Activator,22.3872,51.5543,,Single point of activity,-4.65,4.095,0.8703,49.1085,-2.4458,3,0 0 1 0 0 0 0,45.922,-1.8728,-6.4141,25.7411,-11.8527,10.9738,-0.7441,45.922,QC'd by SigmaAldrich
252,50104154,5546,C1=CC=C(C=C1)C2=NC3=C(N=C(N=C3N=C2N)N)N,Inconclusive,10,,,Activator,0.1122,42.2813,,Complete curve; partial efficacy; poor fit,-6.95,3.2975,0.7562,42.585,0.3036,1.4,0 1 0 0 0 0 0,55.3947,-0.1207,48.7031,9.7329,40.7333,51.0911,22.8701,55.3947,QC'd by SigmaAldrich
253,50104919,6604893,C1=CC(=CC(=C1)F)/C=N/N=C/C2=CC(=CC=C2)F,Inconclusive,10,,,Activator,10,117.344,,Partial curve; high efficacy,-5,4.4495,0.9773,115.831,-1.5132,2.1,1 0 0 0 0 0 0,117.01,28.1018,11.6064,-10.2771,-4.6974,-1.6383,43.7816,117.01,QC'd by SigmaAldrich
254,50106376,11665606,COC1=C(C=C(C=C1)CCN)O.Cl,Inconclusive,10,,,Activator,35.4813,41,,Single point of activity,-4.45,4.9549,0.866,65,24,3,0 0 0 0 0 0 0,56.291,28.0814,25.2652,30.9162,28.1023,23.2133,17.7796,56.291,QC'd by SigmaAldrich
255,50106188,547,C1=CC(=C(C=C1CC(=O)O)O)O,Inconclusive,10,,,Activator,8.9125,20,,Complete curve; partial efficacy; poor fit,-5.05,3.132,0.7682,48,28,1.4,0 0 0 1 0 0 0,47.6699,23.6865,36.0843,29.0067,49.8969,23.7896,39.2336,47.6699,QC'd by SigmaAldrich
256,50104771,5280443,C1=CC(=CC=C1C2=CC(=O)C3=C(C=C(C=C3O2)O)O)O,Inconclusive,10,,,Activator,4.4668,59.2449,,Complete curve; partial efficacy,-5.35,4.9549,0.9507,62.5999,3.355,1.2,1 0 0 0 0 0 0,60.8576,-19.9191,15.4774,7.0211,-0.7053,-2.2189,62.6046,60.8576,QC'd by SigmaAldrich
257,50106938,12997925,C1=CC=C(C=C1)NC2=C3C(=NC=N2)N(C=N3)[C@H]4[C@@H]([C@H]([C@H](O4)CO)O)O,Inconclusive,10,,,Activator,8.9125,81.4972,,Partial curve; high efficacy,-5.05,3.132,0.9198,85.1183,3.6212,2.1,1 0 0 0 0 0 0,85.9459,36.8097,11.2842,16.4291,0.9899,-12.3271,44.695,85.9459,QC'd by SigmaAldrich
258,50104432,3870203,C1=C(C=C(C(=C1[N+](=O)[O-])O)O)[N+](=O)[O-],Inconclusive,10,,,Activator,4.4668,39.162,,Complete curve; partial efficacy; poor fit,-5.35,4.9549,0.7722,43.2193,4.0573,1.4,0 0 0 0 0 0 0,40.493,9.696,18.9041,-4.5356,15.054,-2.2402,45.0902,40.493,QC'd by SigmaAldrich
259,50105886,11957462,CN1CCC2=C1C=CC(=C2)NC(=O)NC3=CN=CC=C3.Cl,Inconclusive,10,,,Activator,2.2387,33,,Complete curve; partial efficacy,-5.65,3.0654,0.9583,56,23,1.2,0 0 1 0 0 0 0,51.5657,24.5531,24.6715,-10.985,20.4765,33.7507,60.376,51.5657,QC'd by SigmaAldrich
260,50104838,3820,C1C2=C(C3=CC=CC=C3NC1=O)NC4=C2C=C(C=C4)Br,Inconclusive,10,,,Activator,0.1259,83.0816,,Complete curve; high efficacy,-6.9,4.045,0.9448,109.71,26.6287,1.1,0 0 0 0 0 0 1,30.8783,15.2496,38.7885,35.5403,108.995,121.764,98.0017,30.8783,QC'd by SigmaAldrich
261,50105813,6076,C1[C@@H]2[C@H]([C@H]([C@@H](O2)N3C=NC4=C(N=CN=C43)N)O)OP(=O)(O1)O,Inconclusive,10,,,Activator,0.0316,12.5,,Complete curve; partial efficacy; poor fit,-7.5,4.9549,0.6425,45,32.5,1.4,0 0 0 1 0 0 0,42.0412,36.7966,27.9593,48.8068,60.0625,49.3139,39.5586,42.0412,QC'd by SigmaAldrich
262,50106558,9794588,CC1=NC(=CC=C1)C#CC2=CC=CC=C2.Cl,Inconclusive,10,,,Activator,1.5849,84.325,,Partial curve; partial efficacy,-5.8,0.4,0.9027,70.326,-13.9989,2.2,0 0 0 0 0 0 0,61.2757,-9.1318,1.3139,-2.8133,23.8542,31.8957,30.4585,61.2757,QC'd by SigmaAldrich
263,50105952,5702295,C1=CC=C(C=C1)CN=C(N)NC(=O)C2=C(N=C(C(=N2)Cl)N)N.Cl,Inconclusive,10,,,Activator,14.1254,58.7599,,Partial curve; partial efficacy; poor fit,-4.85,1.2221,0.8431,61.306,2.546,2.4,1 0 0 0 0 0 0,50.2021,17.685,15.5365,-3.3387,-7.3601,11.5678,23.2049,50.2021,QC'd by SigmaAldrich
264,50106806,120729,CC1(CCCC(N1C)(C)C)C.[C@@H]([C@H](C(=O)O)O)(C(=O)O)O,Inconclusive,10,,,Activator,19.9526,54.4111,,Single point of activity,-4.7,4.5045,0.6844,54.2982,-0.1128,3,0 0 0 1 0 0 0,52.9813,9.9311,18.5925,-3.8888,24.6282,-24.5875,1.89,52.9813,QC'd by SigmaAldrich
265,50106138,11957516,C1CN(CCC1=C(C2=CC=C(C=C2)F)C3=CC=C(C=C3)F)CCN4C(=O)C5C=CC=CC5=NC4=S,Inactive,0,,,Inactive,,,,,,,,,,4,,20.1154,8.2018,16.886,5.5373,29.9827,39.4329,8.4169,20.1154,QC'd by SigmaAldrich
266,50107062,11315337,C1CCN(C(C1)CN2CCCC2)C(=O)CC3=CC(=C(C=C3)Cl)Cl.Cl,Inactive,0,,,Inactive,,,,,,,,,,4,0 0 0 0 0 0 0,-32.8774,15.2251,1.7345,10.585,10.6247,4.2939,9.5695,-32.8774,QC'd by SigmaAldrich
267,50104655,4652,C1=CC(=CC=C1CC(C(=O)O)N)Cl,Inactive,0,,,Inactive,,,,,,,,,,4,,1.6442,-2.1716,-3.3437,-0.8671,8.8157,14.5416,1.7446,1.6442,QC'd by SigmaAldrich
268,50104796,4592,CN1C=NC2=C(N=C(N=C21)NCCO)NCC3=CC=CC=C3,Inactive,0,,,Inactive,,,,,,,,,,4,0 0 0 0 0 1 0,12.5609,-0.6376,4.5456,9.8885,22.4415,21.0692,-10.0906,12.5609,QC'd by SigmaAldrich
269,50106787,91505,CCN(CC)CC#CCOC(=O)C(C1CCCCC1)(C2=CC=CC=C2)O.Cl,Inactive,0,,,Inactive,,,,,,,,,,4,0 0 1 0 0 0 0,-15.2226,14.1247,23.1966,-7.9429,17.9565,13.3952,-2.8844,-15.2226,QC'd by SigmaAldrich
270,50106988,71077,C([C@H](C(=O)O)N)O,Inactive,0,,,Inactive,,,,,,,,,,4,0 0 0 0 1 0 1,-9.2394,12.2076,-0.5274,3.3367,-0.7996,43.3736,-27.5465,-9.2394,QC'd by SigmaAldrich
271,50106084,24867487,CCNC(=O)[C@@H]1[C@@H]([C@H]([C@@H](O1)N2C=NC3=C(N=C(N=C32)NCCC4=CC=C(C=C4)CCC(=O)O)N)O)O.Cl,Inactive,0,,,Inactive,,,,,,,,,,4,0 1 0 0 0 0 1,18.4262,8.6224,47.4434,22.0538,20.7896,23.8205,0.4755,18.4262,QC'd by SigmaAldrich
272,50105583,4211,C1=CC=C(C(=C1)C(C2=CC=C(C=C2)Cl)C(Cl)Cl)Cl,Inactive,0,,,Inactive,,,,,,,,,,4,1 0 0 0 0 0 0,-9.7203,1.7331,20.5498,17.5165,16.2338,25.4563,-3.7135,-9.7203,QC'd by SigmaAldrich
273,50106507,55305,CC(C)NC(C)CC1=CC=C(C=C1)I.Cl,Inactive,0,,,Inactive,,,,,,,,,,4,,-0.7303,-37.3423,-2.3876,-16.1975,-0.2693,19.8214,-11.9845,-0.7303,QC'd by SigmaAldrich
274,26753526,71587,C1CN(CCN1CCCN2C3=CC=CC=C3C=CC4=CC=CC=C42)CCO.Cl.Cl,Inactive,0,,,Inactive,,,,,,,,,,4,0 0 0 0 1 0 0,-30.3701,1.3909,9.1488,3.674,17.2179,37.2454,13.7449,-30.3701,QC'd by SigmaAldrich
275,50105861,186136,C1=CC(=CC=C1CCN)S(=O)(=O)F.Cl,Inactive,0,,,Inactive,,,,,,,,,,4,,-0.3253,-16.1101,-2.5506,15.3433,-9.2616,0.9875,-10.8198,-0.3253,QC'd by SigmaAldrich
276,50105356,638278,C1=CC(=CC=C1/C=C/C(=O)C2=C(C=C(C=C2)O)O)O,Inactive,0,,,Inactive,,,,,,,,,,4,0 0 0 0 0 0 0,27.969,4.3216,14.7481,12.6456,17.4013,14.0062,24.3148,27.969,QC'd by SigmaAldrich
277,50106137,29976,COC1=CC(=CC(=C1OC)OC)C(=O)OCCC[NH+]2CCC[NH+](CC2)CCCOC(=O)C3=CC(=C(C(=C3)OC)OC)OC.[Cl-].[Cl-],Inactive,0,,,Inactive,,,,,,,,,,4,0 0 0 0 1 0 0,-40.4793,-10.8881,1.5603,-0.2337,3.0008,23.4979,-24.5717,-40.4793,QC'd by SigmaAldrich
278,50107063,11957703,C=CCN1CCC2=CC(=C(C=C2C(C1)C3=CC=CC=C3)O)O.Br,Inactive,0,,,Inactive,,,,,,,,,,4,,5.2578,7.8496,1.4151,16.7304,1.9213,21.7569,6.8279,5.2578,QC'd by SigmaAldrich
279,26753589,4170,CC1NC2=CC(=C(C=C2C(=O)N1C3=CC=CC=C3C)S(=O)(=O)N)Cl,Inactive,0,,,Inactive,,,,,,,,,,4,0 0 0 0 0 0 1,23.9082,-12.4519,14.468,8.297,4.4628,15.0173,-8.2988,23.9082,QC'd by SigmaAldrich
280,50104471,4201,C1CCN(CC1)C2=NC(=N)N(C(=C2)N)O,Inactive,0,,,Inactive,,,,,,,,,,4,,0.884,-12.9118,1.4092,-1.8165,4.7429,20.1325,-16.4374,0.884,QC'd by SigmaAldrich
281,50106709,107759,COC1=CC=CC=C1CNCCCCCCNCCCCCCCCNCCCCCCNCC2=CC=CC=C2OC.Cl.Cl.Cl.Cl,Inactive,0,,,Inactive,,,,,,,,,,4,0 1 0 0 0 0 0,-2.0073,5.3468,38.3481,-1.2912,17.9684,28.531,-5.6067,-2.0073,QC'd by SigmaAldrich
282,50106927,66366,CC(C)NC[C@H](COC1=CC=CC2=CC=CC=C21)O.Cl,Inactive,0,,,Inactive,,,,,,,,,,4,1 0 0 0 0 0 0,-12.2499,-7.982,22.3906,20.2314,17.5108,13.5108,11.2689,-12.2499,QC'd by SigmaAldrich
283,50106421,1864,CC(=O)NCCC1=CNC2=CC(=C(C=C21)OC)O,Inactive,0,,,Inactive,,,,,,,,,,4,,0.5957,7.0789,-10.8718,19.6456,-1.3752,10.2931,-5.5023,0.5957,QC'd by SigmaAldrich
284,50104360,68841,C([C@@H](C(=O)O)N)OP(=O)(O)O,Inactive,0,,,Inactive,,,,,,,,,,4,0 0 0 0 1 0 1,11.656,4.2354,26.1419,-20.0408,5.2592,33.1857,-1.4722,11.656,QC'd by SigmaAldrich
285,50104718,40632,CC1=CN(C(=O)C=C1)C2=CC=CC=C2,Inactive,0,,,Inactive,,,,,,,,,,4,0 1 0 0 0 0 1,12.4027,12.0683,-0.134,14.2852,6.7516,11.1415,-15.2537,12.4027,QC'd by SigmaAldrich
286,50105799,3408,CC12CCC(=O)C(=C1CCC3C2CCC4(C3CCC4=O)C)O,Inactive,0,,,Inactive,,,,,,,,,,4,0 1 0 0 0 0 0,-20.8136,8.3507,-8.6807,7.0927,15.8884,27.1293,-3.9747,-20.8136,QC'd by SigmaAldrich
287,50106847,5795,CCN(CC)CCOC(=O)C1=CC=C(C=C1)N.Cl,Inactive,0,,,Inactive,,,,,,,,,,4,1 0 0 0 0 1 0,-0.093,-29.4145,-10.5592,-0.6203,6.5658,1.258,-22.906,-0.093,QC'd by SigmaAldrich
288,50103916,2727,CCCNC(=O)NS(=O)(=O)C1=CC=C(C=C1)Cl,Inactive,0,,,Inactive,,,,,,,,,,4,,-4.1307,-8.288,13.7686,-6.4248,7.13,34.8039,-10.2711,-4.1307,QC'd by SigmaAldrich
289,50106014,5281068,CN(C)CCC(C1=CC=C(C=C1)Cl)C2=CC=CC=N2.C(=C\C(=O)O)\C(=O)O,Inactive,0,,,Inactive,,,,,,,,,,4,0 0 0 0 1 0 0,16.5953,-2.6039,0.3498,3.3987,11.9178,28.2986,1.0889,16.5953,QC'd by SigmaAldrich
290,50105176,4740,CC(=O)CCCCN1C(=O)C2=C(N=CN2C)N(C1=O)C,Inactive,0,,,Inactive,,,,,,,,,,4,1 0 0 0 0 0 0,3.069,3.8171,15.3239,22.8401,16.0325,35.682,-8.6501,3.069,QC'd by SigmaAldrich
291,50106508,11957588,C1=CC(=CC=C1C(C2=CC=C(C=C2)F)OCCCC3=CN=CN3)F.Cl,Inactive,0,,,Inactive,,,,,,,,,,4,0 0 0 0 0 0 1,-6.5106,-13.8429,-13.5496,14.2614,11.3865,9.3951,1.7883,-6.5106,QC'd by SigmaAldrich
292,50106207,6918215,CCCCCCCCCCCCCCCCCCOC[C@H](COP(=O)([O-])OCC[N+](C)(C)C)OC,Inactive,0,,,Inactive,,,,,,,,,,4,0 0 0 0 1 0 1,-2.659,-4.3689,-8.4275,-9.533,13.8053,45.788,6.3697,-2.659,QC'd by SigmaAldrich
293,50106296,6207,C(COCCOCCN(CC(=O)O)CC(=O)O)N(CC(=O)O)CC(=O)O,Inactive,0,,,Inactive,,,,,,,,,,4,0 0 0 1 0 0 1,4.6694,-2.4245,-8.6855,16.0709,2.8641,17.6912,9.2201,4.6694,QC'd by SigmaAldrich
294,50105862,1232,C1CN(C(=O)C1N)O,Inactive,0,,,Inactive,,,,,,,,,,4,0 0 0 0 1 0 1,-8.606,-14.5993,14.3235,3.9675,4.2415,25.0332,-32.0849,-8.606,QC'd by SigmaAldrich
295,50105925,2578,C(CCl)NC(=O)N(CCCl)N=O,Inactive,0,,,Inactive,,,,,,,,,,4,0 0 0 0 1 0 0,1.5359,3.0007,24.1854,6.4535,-7.0367,45.0521,-8.3847,1.5359,QC'd by SigmaAldrich
296,50107206,736715,C1=C(NC=N1)/C=C/C(=O)O,Inactive,0,,,Inactive,,,,,,,,,,4,,1.0404,-3.6519,-0.3286,-0.3233,10.5799,46.4541,-5.4574,1.0404,QC'd by SigmaAldrich
297,50106140,11601888,C[C@@H]1O[C@@H](CS1)C[N+](C)(C)C.[I-],Inactive,0,,,Inactive,,,,,,,,,,4,0 0 0 0 1 0 0,-16.997,-7.953,-2.806,-19.2129,-15.2721,10.4524,-22.9884,-16.997,QC'd by SigmaAldrich
298,50106928,184822,CCCNC[C@@H](COC1=CC=CC=C1C(=O)CCC2=CC=CC=C2)O.Cl,Inactive,0,,,Inactive,,,,,,,,,,4,0 0 0 0 1 0 0,-48.5762,-2.7493,5.0308,8.2392,3.2978,25.7152,-0.0931,-48.5762,QC'd by SigmaAldrich
299,50106365,3661,CN1C2CCC1CC(C2)OC(=O)C(CO)C3=CC=CC=C3,Inactive,0,,,Inactive,,,,,,,,,,4,0 0 0 0 0 1 0,11.6559,-9.5665,14.5674,14.9964,30.6131,35.0698,-13.3477,11.6559,QC'd by SigmaAldrich
300,50106851,11957665,CC1=CC(=CC=C1)C(=O)NCN2CCN(CC2)C3=CC=CC=C3C#N.C(=C\C(=O)O)\C(=O)O,Inactive,0,,,Inactive,,,,,,,,,,4,1 0 0 0 1 0 1,9.776,35.8573,14.4738,9.5058,2.4856,54.2251,-13.8138,9.776,QC'd by SigmaAldrich
301,50107134,6419995,CC1=C2C(=CS1)C(=O)NC3=CC=CC=C3N2C(=O)CN4CCN(CC4)C.Cl.Cl,Inactive,0,,,Inactive,,,,,,,,,,4,0 0 0 1 0 0 1,-7.725,-1.5627,-1.0466,-6.1072,18.8865,10.3403,5.9673,-7.725,QC'd by SigmaAldrich
302,50106488,24867507,CNC(=O)[C@@H]1[C@@H]([C@H]([C@@H](O1)N2C=NC3=C(N=CN=C32)NCC4=CC(=CC=C4)I)O)O,Inactive,0,,,Inactive,,,,,,,,,,4,1 0 0 0 0 0 0,-12.9439,4.3139,13.7997,16.3879,-8.9003,0.5766,-2.7493,-12.9439,QC'd by SigmaAldrich
303,26753666,8514,CC1=C(C=C(C=C1)C(=O)NC2=C3C(=CC(=CC3=C(C=C2)S(=O)(=O)[O-])S(=O)(=O)[O-])S(=O)(=O)[O-])NC(=O)C4=CC(=CC=C4)NC(=O)NC5=CC=CC(=C5)C(=O)NC6=C(C=CC(=C6)C(=O)NC7=C8C(=CC(=CC8=C(C=C7)S(=O)(=O)[O-])S(=O)(=O)[O-])S(=O)(=O)[O-])C.[Na+].[Na+].[Na+].[Na+].[Na+].[Na+],Inactive,0,,,Inactive,,,,,,,,,,4,1 0 0 0 0 0 0,-19.524,-11.3773,9.7608,-4.0885,24.177,37.2252,-10.825,-19.524,QC'd by SigmaAldrich
304,50105802,11957445,C1CC1(C(=O)O)N.Cl,Inactive,0,,,Inactive,,,,,,,,,,4,0 0 0 0 1 0 0,20.4772,7.1301,14.3965,10.9248,21.3029,35.4298,11.467,20.4772,QC'd by SigmaAldrich
305,50106210,3053,C(CN(CC(=O)O)CC(=O)O)N(CCN(CC(=O)O)CC(=O)O)CC(=O)O,Inactive,0,,,Inactive,,,,,,,,,,4,0 0 0 0 1 0 0,-18.9039,8.6459,7.9221,8.7812,-4.2067,22.029,-1.9466,-18.9039,QC'd by SigmaAldrich
306,50104611,4671,CCCCCCCCCCCCCCCC(=O)NCCO,Inactive,0,,,Inactive,,,,,,,,,,4,0 0 0 0 1 0 1,8.3553,-2.8816,10.8516,11.0744,-1.9275,23.9528,-3.8281,8.3553,QC'd by SigmaAldrich
307,50106568,104762,C1=NC(=C(N1[C@H]2[C@@H]([C@@H]([C@H](O2)CO)O)O)O)C(=O)N,Inactive,0,,,Inactive,,,,,,,,,,4,0 0 0 0 1 0 1,-6.7608,2.5165,-0.7052,8.6695,20.2145,34.8751,12.481,-6.7608,QC'd by SigmaAldrich
308,50104235,5429,CN1C=NC2=C1C(=O)NC(=O)N2C,Inactive,0,,,Inactive,,,,,,,,,,4,0 0 0 0 0 1 0,3.596,-8.8811,-5.6334,6.781,11.7851,17.6765,-26.7539,3.596,QC'd by SigmaAldrich
309,50106850,23682212,CC(=O)[C@H]1CCC2[C@@]1(CCC3C2CC=C4[C@@]3(CC[C@@H](C4)OS(=O)(=O)[O-])C)C.[Na+],Inactive,0,,,Inactive,,,,,,,,,,4,0 0 0 0 0 0 1,-2.5201,-3.1272,7.2697,-5.2428,23.8471,22.7846,15.1036,-2.5201,QC'd by SigmaAldrich
310,50106364,66091,C1=C(NC=N1)C[C@@H](C(=O)O)N.Cl,Inactive,0,,,Inactive,,,,,,,,,,4,0 0 0 0 1 0 0,-3.6727,-16.9627,9.5716,-3.1339,0.0955,15.5559,-6.6481,-3.6727,QC'd by SigmaAldrich
311,50106419,2935,C(CC(=O)NCS(=O)(=O)O)C(C(=O)O)N,Inactive,0,,,Inactive,,,,,,,,,,4,0 0 0 0 0 1 0,12.1394,-7.3157,11.475,1.5763,11.3504,15.7453,-5.5171,12.1394,QC'd by SigmaAldrich
312,50106707,181458,CC12CC3CC(C1)(CC(C3)(C2)N)C.Cl,Inactive,0,,,Inactive,,,,,,,,,,4,0 0 0 0 0 1 0,20.6868,-13.8392,23.2824,8.2616,16.821,18.3172,-3.568,20.6868,QC'd by SigmaAldrich
313,50106017,5281070,CN(C)CC[C@@H](C1=CC=C(C=C1)Cl)C2=CC=CC=N2.C(=C\C(=O)O)\C(=O)O,Inactive,0,,,Inactive,,,,,,,,,,4,0 0 0 0 1 0 1,29.2845,13.1607,13.4547,24.2875,8.1702,29.5369,6.5386,29.2845,QC'd by SigmaAldrich
314,50106016,24867484,C1[C@@H]2[C@H]([C@@H]([C@H](O2)N3C4=NC=NC(=C4N=C3SC5=CC=C(C=C5)Cl)N)O)OP(=O)(O1)[O-].[Na+],Inactive,0,,,Inactive,,,,,,,,,,4,0 0 0 0 1 0 0,-14.0954,1.8381,8.8903,8.0522,8.2912,28.8325,-7.1633,-14.0954,QC'd by SigmaAldrich
315,50104658,1727,C1=CN=CC=C1N,Inactive,0,,,Inactive,,,,,,,,,,4,0 1 0 0 0 0 1,15.9415,2.9496,12.9544,-0.8109,1.3282,0.015,-10.4113,15.9415,QC'd by SigmaAldrich
316,50104549,2910,C1C2CC(C1C=C2)C3NC4=CC(=C(C=C4S(=O)(=O)N3)S(=O)(=O)N)Cl,Inactive,0,,,Inactive,,,,,,,,,,4,0 0 0 0 0 0 0,47.4933,2.6425,23.7927,17.0512,19.6812,18.8758,31.8783,47.4933,QC'd by SigmaAldrich
317,50105864,1908,CN1C2=C(C(=O)N(C1=O)C)NC(=N2)C3=CC=C(C=C3)S(=O)(=O)O,Inactive,0,,,Inactive,,,,,,,,,,4,,-30.4624,-17.3071,-14.0315,-3.2528,-5.2366,2.3417,-16.8625,-30.4624,QC'd by SigmaAldrich
318,26753525,71587,C1CN(CCN1CCCN2C3=CC=CC=C3C=CC4=CC=CC=C42)CCO.Cl.Cl,Inactive,0,,,Inactive,,,,,,,,,,4,1 0 0 0 0 0 0,-27.8722,-14.516,17.8851,-1.0808,26.0028,24.1296,20.4473,-27.8722,QC'd by SigmaAldrich
319,50106489,84003,C1CN2C(=CC=C2C(=O)C3=CC=CC=C3)C1C(=O)O.C(C(CO)(CO)N)O,Inactive,0,,,Inactive,,,,,,,,,,4,0 0 0 0 1 0 0,4.4999,-3.5407,-10.6173,-2.1881,9.1803,13.4428,-2.8859,4.4999,QC'd by SigmaAldrich
320,50105801,75626,C1=CC(=CC=C1C(=N)N)N.Cl.Cl,Inactive,0,,,Inactive,,,,,,,,,,4,0 0 0 0 1 0 0,2.5313,-1.5272,-8.6936,3.1657,10.1605,31.4317,5.4185,2.5313,QC'd by SigmaAldrich
321,50106018,11957491,CN1C(=NC(=O)C(=N1)[O-])SCC2=C(N3C([C@@H](C3=O)NC(=O)/C(=N\OC)/C4=CSC(=N4)N)SC2)C(=O)[O-].[Na+].[Na+],Inactive,0,,,Inactive,,,,,,,,,,4,0 0 0 1 0 0 0,11.8201,-24.1999,-18.5254,-10.3719,27.9065,7.1471,-6.4518,11.8201,QC'd by SigmaAldrich
322,50106922,6420043,C1NCCN(C1)C2=NC3=CC=CC=C3C=C2.C(=C\C(=O)O)\C(=O)O.C(=C\C(=O)O)\C(=O)O,Inactive,0,,,Inactive,,,,,,,,,,4,0 0 1 0 0 0 0,49.8962,2.4225,9.4733,-11.3066,18.0579,24.1419,11.0325,49.8962,QC'd by SigmaAldrich
323,50105734,451515,CC1=CN(C(=O)NC1=O)[C@H]2C[C@H]([C@H](O2)CO)N=[N+]=[N-],Inactive,0,,,Inactive,,,,,,,,,,4,1 0 0 0 0 0 1,10.8759,11.6901,34.0059,16.4322,28.939,18.9447,-4.2802,10.8759,QC'd by SigmaAldrich
324,50106853,61100,C1=CC=C(C=C1)CCNN.OS(=O)(=O)O,Inactive,0,,,Inactive,,,,,,,,,,4,1 0 0 0 0 0 0,19.2684,-34.6796,-13.9878,-21.8976,-9.7619,1.9765,-3.373,19.2684,QC'd by SigmaAldrich
325,50106782,5284443,CNC[C@@H](C1=CC(=CC=C1)O)O.Cl,Inactive,0,,,Inactive,,,,,,,,,,4,1 0 0 0 1 0 1,4.7232,21.5256,-0.957,-1.888,16.7286,29.9028,7.8422,4.7232,QC'd by SigmaAldrich
326,50106424,11957565,CC(=O)O.C(C[C@@H](C(=O)O)N)CN=C(N)NO,Inactive,0,,,Inactive,,,,,,,,,,4,0 0 0 0 0 1 0,5.7285,1.0769,-13.6198,-1.2252,27.1714,26.1225,-14.6004,5.7285,QC'd by SigmaAldrich
327,50106714,6093161,C1=CC(=C(C=C1S(=O)(=O)[O-])S(=O)(=O)[O-])NC(=O)C2=CC(=CC(=C2)NC(=O)NC3=CC(=CC(=C3)C(=O)NC4=C(C=C(C=C4)S(=O)(=O)[O-])S(=O)(=O)[O-])C(=O)NC5=C(C=C(C=C5)S(=O)(=O)[O-])S(=O)(=O)[O-])C(=O)NC6=C(C=C(C=C6)S(=O)(=O)[O-])S(=O)(=O)[O-].[Na+].[Na+].[Na+].[Na+].[Na+].[Na+].[Na+].[Na+],Inactive,0,,,Inactive,,,,,,,,,,4,,2.0907,4.6454,0.219,5.8518,12.6527,33.124,2.877,2.0907,QC'd by SigmaAldrich
328,50106142,24867492,CC[C@@H](C)C1CN[C@@H]([C@H]1CC(=O)O)C(=O)O,Inactive,0,,,Inactive,,,,,,,,,,4,,-2.1921,-3.5787,-1.6821,-0.1228,7.6166,-1.8641,-9.4103,-2.1921,QC'd by SigmaAldrich
329,50106573,9082,C(CS)N.Cl,Inactive,0,,,Inactive,,,,,,,,,,4,0 1 0 0 0 0 0,-21.7484,-2.2101,-11.074,-2.6337,16.1096,19.3428,-16.8078,-21.7484,QC'd by SigmaAldrich
330,50105927,24867481,CCCC.CCCCCCCC.CCCCCCCCCCCCCCC/C=C/[C@H]([C@H](NC(=O)CCCCCCCCCCCCC)OC)O,Inactive,0,,,Inactive,,,,,,,,,,4,1 0 0 0 0 0 1,7.8349,13.5093,4.0954,4.1888,7.9022,15.9556,18.0819,7.8349,QC'd by SigmaAldrich
331,50105857,11957454,CC(C(=O)OC(C)(C)CC1=CC=C(C=C1)Cl)N.Cl,Inactive,0,,,Inactive,,,,,,,,,,4,0 0 0 0 0 0 0,18.9132,0.5266,9.2783,-2.4376,17.9004,26.1772,11.052,18.9132,QC'd by SigmaAldrich
332,50106204,99562,CN1C=NC2=C1C(=O)N(C(=O)N2C)CC#C,Inactive,0,,,Inactive,,,,,,,,,,4,0 0 0 0 1 0 1,-12.1167,-17.0363,-15.5948,-16.969,-1.5566,24.4274,2.1524,-12.1167,QC'd by SigmaAldrich
333,50107128,471,C1=CC(=C(C=C1C2C(C(=O)C3=C(C=C(C=C3O2)O)O)O)O)O,Inactive,0,,,Inactive,,,,,,,,,,4,0 0 0 0 1 0 0,17.0706,8.2765,-3.3859,-4.1555,11.4776,36.4899,-2.3953,17.0706,QC'd by SigmaAldrich
334,50106644,441350,C[C@](CC1=CC=C(C=C1)O)(C(=O)O)N,Inactive,0,,,Inactive,,,,,,,,,,4,0 0 0 0 0 0 1,-4.1474,-10.3144,12.397,0.8309,10.5985,9.5001,-1.2325,-4.1474,QC'd by SigmaAldrich
335,50104862,16758830,CC#C[C@@]1(CC[C@@H]2[C@@]1(C[C@@H](C3=C4CCC(=O)C=C4CCC23)C5=CC=C(C=C5)N(C)C)C)O,Inactive,0,,,Inactive,,,,,,,,,,4,1 0 0 0 0 0 0,-33.1545,-12.412,10.8594,18.698,4.745,2.0625,-4.5452,-33.1545,QC'd by SigmaAldrich
336,50104357,1884,C1=CC2=C(C=C1Cl)NC(=CC2=O)C(=O)O,Inactive,0,,,Inactive,,,,,,,,,,4,,-0.4742,-0.3135,-4.2228,-4.4372,-14.2181,8.9497,-9.874,-0.4742,QC'd by SigmaAldrich
337,50106992,11957691,C[C@H]1[C@@H]([C@H]([C@H]([C@@H](O1)OP(=O)(NC(CC(C)C)C(=O)NC(CC2=CNC3=CC=CC=C32)C(=O)[O-])[O-])O)O)O.[Na+].[Na+],Inactive,0,,,Inactive,,,,,,,,,,4,,7.1646,-9.84,3.7612,6.7047,8.2592,23.1778,-5.851,7.1646,QC'd by SigmaAldrich
338,50106503,196663,CC(C)C[C@@H](CSSC[C@H](CC(C)C)N)N.Cl.Cl,Inactive,0,,,Inactive,,,,,,,,,,4,0 0 0 0 0 0 0,-32.8989,12.1633,23.4921,20.2625,23.4369,31.7381,14.4713,-32.8989,QC'd by SigmaAldrich
339,50106301,5469318,CC(=CCC/C(=C/CC/C(=C/CSC1=CC=CC=C1C(=O)O)/C)/C)C,Inactive,0,,,Inactive,,,,,,,,,,4,0 0 0 0 0 0 1,6.9602,14.3536,15.3029,8.4287,5.5901,17.6892,-13.3186,6.9602,QC'd by SigmaAldrich
340,50106993,197067,COC(=O)[C@@H]1[C@H](CC[C@H]2[C@@H]1C[C@H]3C4=C(CCN3C2)C5=CC=CC=C5N4)O.Cl,Inactive,0,,,Inactive,,,,,,,,,,4,,6.268,-17.4573,-7.1949,-0.5623,-1.1356,1.8229,-9.209,6.268,QC'd by SigmaAldrich
341,50106019,23666711,CN1C(=NN=N1)SCC2=C(N3[C@@H]([C@@](C3=O)(NC(=O)CSCC#N)OC)SC2)C(=O)[O-].[Na+],Inactive,0,,,Inactive,,,,,,,,,,4,,-12.6976,-10.418,0.0926,-3.7572,-15.217,28.3379,-7.1398,-12.6976,QC'd by SigmaAldrich
342,50106923,10018826,CCCN1CCCC2C1CC3=CN=C(N=C3C2)N.Cl.Cl,Inactive,0,,,Inactive,,,,,,,,,,4,0 0 0 0 1 0 1,30.6249,1.537,19.2372,6.2137,18.3378,39.0335,-0.9389,30.6249,QC'd by SigmaAldrich
343,50106362,16759250,CC(=O)[C@]1(CC[C@@H]2[C@@]1(CCC3C2CCC4=CC(=O)CC[C@]34C)C)O,Inactive,0,,,Inactive,,,,,,,,,,4,0 0 0 0 0 0 1,-7.8565,-1.626,6.4091,10.1053,-1.7507,3.189,-29.3551,-7.8565,QC'd by SigmaAldrich
344,50106080,6252,C1=CN(C(=O)N=C1N)[C@H]2[C@H]([C@@H]([C@H](O2)CO)O)O.Cl,Inactive,0,,,Inactive,,,,,,,,,,4,1 0 0 0 0 0 0,-16.3507,3.3887,32.4229,16.2621,19.6817,4.5324,-25.1909,-16.3507,QC'd by SigmaAldrich
345,50105733,9433,CN1C2=C(C(=O)N(C1=O)C)NC=N2.CN1C2=C(C(=O)N(C1=O)C)NC=N2.C(CN)N,Inactive,0,,,Inactive,,,,,,,,,,4,0 0 0 0 0 0 1,17.7736,5.9923,3.6971,15.2516,4.4084,18.5519,-19.0304,17.7736,QC'd by SigmaAldrich
346,50104722,441276,CC1=C2[C@H](C(=O)[C@@]3([C@H](C[C@@H]4[C@](C3[C@@H]([C@@](C2(C)C)(C[C@@H]1OC(=O)[C@@H]([C@H](C5=CC=CC=C5)NC(=O)C6=CC=CC=C6)O)O)OC(=O)C7=CC=CC=C7)(CO4)OC(=O)C)O)C)OC(=O)C,Inactive,0,,,Inactive,,,,,,,,,,4,1 0 0 0 0 0 0,-22.5783,-10.1268,-0.4574,-13.1018,-6.7497,-3.5796,-17.2852,-22.5783,QC'd by SigmaAldrich
347,50106425,11957566,CCCN(CCC)C1CCC2=C(C1)C=C(C=C2)O.Br,Inactive,0,,,Inactive,,,,,,,,,,4,,-9.4274,-12.7394,4.5348,-4.5947,17.0269,28.5593,-10.7655,-9.4274,QC'd by SigmaAldrich
348,50105421,650,CC(=O)C(=O)C,Inactive,0,,,Inactive,,,,,,,,,,4,1 0 1 0 0 0 0,-30.568,-22.1978,7.2192,-8.1187,15.3595,22.214,-3.5623,-30.568,QC'd by SigmaAldrich
349,50105220,4891,C1CCC(CC1)C(=O)N2CC3C4=CC=CC=C4CCN3C(=O)C2,Inactive,0,,,Inactive,,,,,,,,,,4,,-0.3006,0.5353,-0.0839,20.4166,-2.5951,5.798,-7.9947,-0.3006,QC'd by SigmaAldrich
350,50105928,4353,CC(=O)NBr,Inactive,0,,,Inactive,,,,,,,,,,4,0 0 0 0 0 1 0,29.3627,19.5515,4.0084,11.318,20.4905,25.7577,6.5113,29.3627,QC'd by SigmaAldrich
351,50106141,11957517,CC(C)(C)NCC(COC1=CC=CC2=C1NC(=O)N2)O.Cl,Inactive,0,,,Inactive,,,,,,,,,,4,1 0 0 0 0 0 0,4.0969,3.0998,-6.0305,-13.8045,10.4354,7.926,10.6782,4.0969,QC'd by SigmaAldrich
352,50105803,5283389,CCCCC/C=C\C/C=C\C/C=C\C/C=C\CCCC(=O)NCC(=O)O,Inactive,0,,,Inactive,,,,,,,,,,4,1 0 0 0 0 0 0,2.4513,10.8743,28.8452,27.1767,24.3025,21.7483,4.3537,2.4513,QC'd by SigmaAldrich
353,50106203,23615947,CN1CCC2=C3C1CC4=C(C3=CC=C2)C(=C(C=C4)OC)O.Cl,Inactive,0,,,Inactive,,,,,,,,,,4,1 0 0 0 0 0 0,-30.2235,-19.3261,-8.8331,6.3375,19.9648,3.8728,-18.8882,-30.2235,QC'd by SigmaAldrich
354,50106643,6093160,C1=CC(=CC(=C1)NC(=O)NC2=CC=CC(=C2)C(=O)NC3=C4C(=CC(=CC4=C(C=C3)S(=O)(=O)[O-])S(=O)(=O)[O-])S(=O)(=O)[O-])C(=O)NC5=C6C(=CC(=CC6=C(C=C5)S(=O)(=O)[O-])S(=O)(=O)[O-])S(=O)(=O)[O-].[Na+].[Na+].[Na+].[Na+].[Na+].[Na+],Inactive,0,,,Inactive,,,,,,,,,,4,,6.8516,4.3174,-13.6553,2.6394,-2.0722,29.4404,-11.5527,6.8516,QC'd by SigmaAldrich
355,50105578,2331,C1=CC=C(C=C1)C(=O)N,Inactive,0,,,Inactive,,,,,,,,,,4,0 0 0 0 1 0 0,4.3138,-11.3361,-5.3566,-14.3649,-10.8963,14.1894,-17.9397,4.3138,QC'd by SigmaAldrich
356,50106504,27944,C1CSC2=N[C@H](CN21)C3=CC=CC=C3.Cl,Inactive,0,,,Inactive,,,,,,,,,,4,,11.2255,-3.3701,7.7012,8.1855,-2.2402,31.0894,-2.2925,11.2255,QC'd by SigmaAldrich
357,50104171,44093,C[C@H](CS)C(=O)N1CCC[C@H]1C(=O)O,Inactive,0,,,Inactive,,,,,,,,,,4,0 0 0 0 1 0 0,3.7456,-9.0063,0.9456,-10.419,-6.945,27.9826,4.7124,3.7456,QC'd by SigmaAldrich
358,50104865,5283454,CCCCCCCC/C=C\CCCCCCCC(=O)NCCO,Inactive,0,,,Inactive,,,,,,,,,,4,0 0 0 0 0 0 0,-17.3437,11.082,12.7534,17.5954,17.5028,21.2437,-23.0437,-17.3437,QC'd by SigmaAldrich
359,50104794,2051,COC1=C(C=C2C(=C1)C(=NC=N2)NC3=CC(=CC=C3)Cl)OC,Inactive,0,,,Inactive,,,,,,,,,,4,0 1 0 0 0 0 0,-20.9253,13.8306,-6.2302,-5.5827,29.9768,45.9431,10.8236,-20.9253,QC'd by SigmaAldrich
360,50105736,11957442,CN(C)C1=NC(=C(N=C1Cl)C(=O)N=C(N)N)N.Cl,Inactive,0,,,Inactive,,,,,,,,,,4,,1.0012,-11.359,-2.2721,-8.0084,-8.4154,23.4786,-5.5004,1.0012,QC'd by SigmaAldrich
361,50104972,3932,C1=CC=C(C=C1)N2C3=CC=CC=C3C(C2=O)(CC4=CC=NC=C4)CC5=CC=NC=C5,Inactive,0,,,Inactive,,,,,,,,,,4,0 0 1 0 0 0 1,-4.4753,0.5311,-5.1206,13.0425,1.3526,19.6835,20.3624,-4.4753,QC'd by SigmaAldrich
362,50107068,5329255,C1=CC(=C(C=C1/C=C(/C(=O)NCCCNC(=O)/C(=C/C2=CC(=C(C=C2)O)O)/C#N)\C#N)O)O,Inactive,0,,,Inactive,,,,,,,,,,4,,4.1286,0.1254,6.6685,-2.5188,3.1356,14.778,5.5777,4.1286,QC'd by SigmaAldrich
363,50106361,2723890,COC1=C(C=CC(=C1)C(CO)O)O.COC1=C(C=CC(=C1)C(CO)O)O.C1CNCCN1,Inactive,0,,,Inactive,,,,,,,,,,4,0 0 0 1 0 0 0,-18.2609,-9.6236,8.4626,14.0363,-11.4762,13.1099,1.6609,-18.2609,QC'd by SigmaAldrich
364,50106924,9373,CN(CC#C)CC1=CC=CC=C1.Cl,Inactive,0,,,Inactive,,,,,,,,,,4,0 0 0 0 1 0 1,4.5346,10.3315,27.3491,6.0998,5.9193,54.1249,-8.3007,4.5346,QC'd by SigmaAldrich
365,50104614,1456,C1=CC=C2C(=C1)N=CC3=NOC(=O)N23,Inactive,0,,,Inactive,,,,,,,,,,4,1 0 0 0 1 0 1,-10.1389,-32.3156,7.9637,-21.9011,0.4922,45.1721,-32.7224,-10.1389,QC'd by SigmaAldrich
366,50107210,6440459,C1COCCN1C(=O)NCCNCC(COC2=CC=C(C=C2)O)O.C1COCCN1C(=O)NCCNCC(COC2=CC=C(C=C2)O)O.C(=C/C(=O)O)\C(=O)O,Inactive,0,,,Inactive,,,,,,,,,,4,0 0 0 0 1 0 1,-0.9103,12.9919,-18.2899,-24.9139,-9.4133,24.4005,-16.4896,-0.9103,QC'd by SigmaAldrich
367,50106020,401,C1C(C(=O)NO1)N,Inactive,0,,,Inactive,,,,,,,,,,4,0 0 0 0 0 1 0,10.0328,0.3173,6.6627,7.2263,14.7598,24.3235,-10.4653,10.0328,QC'd by SigmaAldrich
368,50104474,38853,C[C@](CC1=CC(=C(C=C1)O)O)(C(=O)O)N,Inactive,0,,,Inactive,,,,,,,,,,4,,35.3871,-2.2331,-8.2538,14.5334,26.0007,13.6614,-12.302,35.3871,QC'd by SigmaAldrich
369,50106206,57004,C(CC(C(F)F)(C(=O)O)N)CN.Cl,Inactive,0,,,Inactive,,,,,,,,,,4,,-14.5693,-13.9539,-22.7505,-5.9131,-6.934,18.0456,-19.8555,-14.5693,QC'd by SigmaAldrich
370,50105806,124887,C1=CC2=C(C=CC=C2Cl)C(=C1)S(=O)(=O)NCCCCCCN.Cl,Inactive,0,,,Inactive,,,,,,,,,,4,0 0 1 0 0 0 0,-8.5934,8.4051,7.3752,-2.8563,17.7713,19.8773,16.8299,-8.5934,QC'd by SigmaAldrich
371,50106145,8980,CN(C)CCOC(C1=CC=CC=C1)C2=CC=CC=C2.Cl,Inactive,0,,,Inactive,,,,,,,,,,4,1 0 0 0 0 0 0,-37.8136,-15.504,-20.6315,-6.8159,-0.4054,13.3263,-19.7895,-37.8136,QC'd by SigmaAldrich
372,50105859,135873470,C1[C@H]2[C@@H](C(C(O2)N3C4=C(C(=O)NC(=N4)N)N=C3Br)O)OP(=O)(O1)[O-].[Na+],Inactive,0,,,Inactive,,,,,,,,,,4,1 0 0 0 0 0 0,8.1019,6.7113,-16.4527,-21.2116,-0.3013,12.3588,-6.6928,8.1019,QC'd by SigmaAldrich
373,50106785,4551,C1C2=NOC(=O)N2C3=C(O1)C=CC(=C3)Br,Inactive,0,,,Inactive,,,,,,,,,,4,0 0 0 0 1 0 0,14.6927,-5.3219,3.1884,3.0187,3.0952,24.9305,-6.7657,14.6927,QC'd by SigmaAldrich
374,50106299,2837663,CC(C)(C(COC1=CC=CC2=C1N(C(=O)C=C2OC)C)O)O,Inactive,0,,,Inactive,,,,,,,,,,4,,19.0087,5.1089,1.4863,15.5977,-7.6387,24.8786,4.5568,19.0087,QC'd by SigmaAldrich
375,50106423,93550,C[N+](C)(C)CCCCCC[N+](C)(C)C.[Cl-].[Cl-],Inactive,0,,,Inactive,,,,,,,,,,4,0 0 0 0 0 0 1,-23.0857,-19.3075,-10.0655,3.2776,-2.9007,14.6187,10.945,-23.0857,QC'd by SigmaAldrich
376,50105735,11957441,C1CCN(C1)CCOC(=O)CC2=CC(=C(C=C2)Cl)Cl.C(=O)(C(=O)O)O,Inactive,0,,,Inactive,,,,,,,,,,4,1 0 0 0 0 0 1,-0.8884,-11.332,17.1338,18.2122,8.5437,8.2595,-9.2828,-0.8884,QC'd by SigmaAldrich
377,50103922,3151,C1CN(CCC1N2C3=C(C=C(C=C3)Cl)NC2=O)CCCN4C5=CC=CC=C5NC4=O,Inactive,0,,,Inactive,,,,,,,,,,4,1 0 0 0 0 0 0,-23.2902,3.308,32.0637,-7.259,32.3197,50.6017,-3.4907,-23.2902,QC'd by SigmaAldrich
378,50106783,4401,CN1C=NC2=C(N=CN=C21)NC3CCCC3,Inactive,0,,,Inactive,,,,,,,,,,4,0 0 0 1 0 0 0,10.4353,-2.2517,9.0596,5.7842,-0.5196,11.9317,10.0276,10.4353,QC'd by SigmaAldrich
379,50107209,2733515,CC(=NCC1=CC=CC(=C1)CN)N.Cl.Cl,Inactive,0,,,Inactive,,,,,,,,,,4,0 0 0 0 0 1 0,3.8244,-3.0735,-14.0127,-11.3282,5.6405,15.8621,-31.1253,3.8244,QC'd by SigmaAldrich
380,50105930,11957476,CC1=C(C2=CC=CC=C2S1)CC3=NCCN3.C(=O)(C(=O)O)O,Inactive,0,,,Inactive,,,,,,,,,,4,1 0 0 0 0 0 0,-23.9846,-12.0556,3.7121,2.9759,4.7244,-4.3207,-3.3114,-23.9846,QC'd by SigmaAldrich
381,50106143,445227,C1=CC(=C(C=C1[N+](=O)[O-])[N+](=O)[O-])O[C@H]2[C@@H]([C@H]([C@@H]([C@H](O2)CO)O)O)F,Inactive,0,,,Inactive,,,,,,,,,,4,0 0 0 0 0 0 0,10.0763,-22.0928,13.6477,9.4449,18.0381,5.0744,2.1666,10.0763,QC'd by SigmaAldrich
382,50105860,24867469,C[C@]12CCC3C([C@@H]1CC[C@@H]2O)CCC4[C@@]3(CC[C@H](C4)O)C,Inactive,0,,,Inactive,,,,,,,,,,4,1 0 0 0 0 0 1,-10.2308,-23.6939,-8.1067,-12.621,-17.7916,-18.5205,-28.0356,-10.2308,QC'd by SigmaAldrich
383,26753521,11401613,C1=CC=C2C(=C1)C=CC3=C2C=CN=C3Cl,Inactive,0,,,Inactive,,,,,,,,,,4,0 0 0 0 1 0 1,11.7061,13.3464,6.1021,-0.8251,-3.0943,51.2416,-2.0127,11.7061,QC'd by SigmaAldrich
384,50104354,4498,C1CC(CNC1)C(=O)O,Inactive,0,,,Inactive,,,,,,,,,,4,1 0 0 0 0 0 0,6.1898,-15.8596,1.8044,-14.9516,-7.9674,11.4865,3.672,6.1898,QC'd by SigmaAldrich
385,50104169,5870,C[C@]12CC[C@H]3[C@H]([C@@H]1CCC2=O)CCC4=C3C=CC(=C4)O,Inactive,0,,,Inactive,,,,,,,,,,4,1 0 0 0 0 0 0,-24.0272,-25.9234,-0.6907,16.5132,4.6585,3.7254,-4.8721,-24.0272,QC'd by SigmaAldrich
386,50106485,656717,C[C@]1(CC2=CC(=C(C(=C2C1=O)Cl)Cl)OCC(=O)O)C3CCCC3,Inactive,0,,,Inactive,,,,,,,,,,4,0 0 0 0 1 0 0,2.0506,4.1016,37.9087,18.9698,9.8348,30.6091,-5.6995,2.0506,QC'd by SigmaAldrich
387,50106083,11957500,C(CON=C(N)N)[C@@H](C(=O)O)N.OS(=O)(=O)O,Inactive,0,,,Inactive,,,,,,,,,,4,0 0 0 0 1 0 0,6.0501,-13.0225,11.8609,-3.1042,4.5336,52.9451,-1.0911,6.0501,QC'd by SigmaAldrich
388,50107131,6850813,CC1=CC=CC=C1OC(CCNC)C2=CC=CC=C2,Inactive,0,,,Inactive,,,,,,,,,,4,1 0 0 0 0 0 0,-3.6259,44.088,26.6749,27.9189,35.5009,21.21,28.6436,-3.6259,QC'd by SigmaAldrich
389,50106298,23663954,C1=CC(=CN=C1)CC2=CC3=C(C=C2)OC(=C3)C(=O)[O-].[Na+],Inactive,0,,,Inactive,,,,,,,,,,4,1 0 0 0 0 0 0,-15.9865,-5.8547,-11.5675,0.8512,13.5547,5.322,-12.4498,-15.9865,QC'd by SigmaAldrich
390,50106702,157991,CC(=O)N[C@H](C(=O)O)C(C)(C)SN=O,Inactive,0,,,Inactive,,,,,,,,,,4,0 0 0 0 0 1 0,12.3143,-1.1298,10.9584,4.4774,14.2979,28.2338,-12.0393,12.3143,QC'd by SigmaAldrich
391,50106289,3333,CCOC(=O)C1=C(NC(=C(C1C2=C(C(=CC=C2)Cl)Cl)C(=O)OC)C)C,Inactive,0,,,Inactive,,,,,,,,,,4,0 0 0 0 1 0 1,-20.743,-13.6861,-7.0988,-7.1181,13.2283,34.905,-10.0389,-20.743,QC'd by SigmaAldrich
392,50107195,68554,CC1=C(C(=CC=C1)C)NC2=NCCCS2.Cl,Inactive,0,,,Inactive,,,,,,,,,,4,0 0 0 0 0 0 0,42.3911,-1.0193,6.1107,-12.705,15.1266,5.2561,-3.1361,42.3911,QC'd by SigmaAldrich
393,50106980,22475,C[N+](C)(C)CCOC(=O)CCC(=O)OCC[N+](C)(C)C.[Cl-].[Cl-],Inactive,0,,,Inactive,,,,,,,,,,4,0 0 0 0 1 0 0,-21.8086,14.7836,-8.4604,9.7077,3.9595,26.6512,-11.2181,-21.8086,QC'd by SigmaAldrich
394,50106005,2733,C1=CC2=C(C=C1Cl)NC(=O)O2,Inactive,0,,,Inactive,,,,,,,,,,4,0 1 0 0 0 0 0,-2.4148,1.2172,-8.8213,12.8243,16.7492,-1.4336,-15.1859,-2.4148,QC'd by SigmaAldrich
395,50106428,11957567,C[C@H](CC1=CN=CN1)N.Cl.Cl,Inactive,0,,,Inactive,,,,,,,,,,4,0 0 0 0 1 0 0,4.6607,19.0806,5.3991,14.7841,13.6997,39.371,7.2424,4.6607,QC'd by SigmaAldrich
396,50106857,4971,CC1=C(C2=CC3=NC(=CC4=NC(=CC5=C(C(=C(N5)C=C1N2)C=C)C)C(=C4CCC(=O)O)C)C(=C3C)CCC(=O)O)C=C,Inactive,0,,,Inactive,,,,,,,,,,4,1 0 0 0 0 0 1,8.5469,-4.45,4.4516,12.54,13.1309,3.6311,-8.5771,8.5469,QC'd by SigmaAldrich
397,50104157,2435,C1CN=C(N1)NC2=C(C3=NC=CN=C3C=C2)Br,Inactive,0,,,Inactive,,,,,,,,,,4,1 0 1 0 0 0 0,-32.5288,20.1872,-3.9738,-6.9957,31.5914,25.2716,26.4577,-32.5288,QC'd by SigmaAldrich
398,50106918,11957674,C1=CC=C(C=C1)C#CCN.Cl,Inactive,0,,,Inactive,,,,,,,,,,4,0 0 0 0 0 0 1,-13.738,-2.0455,-4.8591,6.9118,12.7799,26.5778,16.1213,-13.738,QC'd by SigmaAldrich
399,50104419,2717,CN1C(S(=O)(=O)CCC1=O)C2=CC=C(C=C2)Cl,Inactive,0,,,Inactive,,,,,,,,,,4,1 0 0 0 0 0 0,-6.4041,-1.9246,8.7362,10.5398,3.1563,15.745,-7.0723,-6.4041,QC'd by SigmaAldrich
400,50106359,3539,CC1CC2=CC3=C(C=C2C(=NN1)C4=CC=C(C=C4)N)OCO3,Inactive,0,,,Inactive,,,,,,,,,,4,0 0 0 0 1 0 0,0.3154,-16.1865,-2.784,-5.7332,2.5032,24.1824,-3.3207,0.3154,QC'd by SigmaAldrich
401,50105931,107952,CC(C)NCC(COC1=CC=C(C=C1)CCOCC2CC2)O.Cl,Inactive,0,,,Inactive,,,,,,,,,,4,0 0 0 1 0 0 0,23.8451,-0.6655,15.3635,20.2327,9.0578,22.9453,9.5657,23.8451,QC'd by SigmaAldrich
402,26753596,9883259,CCC1=C(NC2=C1C(=O)C(CC2)CN3CCOCC3)C.Cl,Inactive,0,,,Inactive,,,,,,,,,,4,,-16.6957,-19.3745,1.671,-16.1553,6.532,27.7908,-10.8725,-16.6957,QC'd by SigmaAldrich
403,50106075,90010,CCN(CC)CCOCCOC(=O)C1(CCCC1)C2=CC=CC=C2.C(C(=O)O)C(CC(=O)O)(C(=O)O)O,Inactive,0,,,Inactive,,,,,,,,,,4,1 0 0 0 1 0 0,-27.036,-20.4373,4.9618,0.0899,8.9999,32.6294,-13.3508,-27.036,QC'd by SigmaAldrich
404,50104541,24867455,CC12CCC3C([C@@H]1CC[C@]2(C#C)O)CCC4=CC5=C(CC34C)C=NO5,Inactive,0,,,Inactive,,,,,,,,,,4,1 0 0 0 0 0 0,-17.9592,-9.8719,11.5485,6.8427,1.8698,9.1996,-17.6093,-17.9592,QC'd by SigmaAldrich
405,50106217,24195776,CCCN1CCC2=C3C1CC4=C(C3=CC=C2)C(=C(C=C4)O)O.Cl,Inactive,0,,,Inactive,,,,,,,,,,4,0 0 0 0 1 0 0,-14.5423,-6.0279,3.376,-3.3255,-1.7924,21.891,-11.2515,-14.5423,QC'd by SigmaAldrich
406,50105791,67652,C1=CC=C2C(=C1)C(=CN2)CCN.Cl,Inactive,0,,,Inactive,,,,,,,,,,4,0 0 0 0 0 0 1,23.4488,8.242,15.8963,22.1283,7.1349,9.8263,-12.6953,23.4488,QC'd by SigmaAldrich
407,50107070,5702285,CC(C)(C)NCC(C1=CC=CC=C1Cl)O.Cl,Inactive,0,,,Inactive,,,,,,,,,,4,0 0 1 0 0 0 0,-40.716,-9.9233,-6.4833,-25.6746,-4.8744,4.3988,2.0256,-40.716,QC'd by SigmaAldrich
408,50106640,41114,CC1=C(C(C(=C(N1)C)C(=O)OCCN(C)CC2=CC=CC=C2)C3=CC(=CC=C3)[N+](=O)[O-])C(=O)OC.Cl,Inactive,0,,,Inactive,,,,,,,,,,4,,-5.0981,-14.1114,7.6891,3.9099,5.8246,16.6598,-12.1215,-5.0981,QC'd by SigmaAldrich
409,26753225,60703,C1CN(CCC1CC2=CC=C(C=C2)F)CC(C3=CC=C(C=C3)Cl)O,Inactive,0,,,Inactive,,,,,,,,,,4,0 0 0 0 1 0 0,-44.7293,20.6035,15.9174,-10.6415,4.4272,28.0309,-20.0379,-44.7293,QC'd by SigmaAldrich
410,50106701,9859122,C1COCCN1[N+]2=CC(=N)O[N-]2.Cl,Inactive,0,,,Inactive,,,,,,,,,,4,0 0 1 0 0 0 0,9.1674,-12.3851,10.6078,-6.9605,4.9526,16.024,-6.7847,9.1674,QC'd by SigmaAldrich
411,50105728,4386,C1=CC=C(C=C1)NC2=CC=CC=C2C(=O)O,Inactive,0,,,Inactive,,,,,,,,,,4,0 1 0 0 0 0 1,4.1452,-11.9847,22.9612,1.1492,-12.8035,-2.3702,16.2193,4.1452,QC'd by SigmaAldrich
412,50104604,132837,CC(=O)N[C@@H](CC1=CNC2=CC=CC=C21)C(=O)OCC3=CC(=CC(=C3)C(F)(F)F)C(F)(F)F,Inactive,0,,,Inactive,,,,,,,,,,4,0 0 0 0 1 0 1,4.1353,-2.0183,1.367,11.8007,14.2997,40.1412,8.1333,4.1353,QC'd by SigmaAldrich
413,50106578,11231255,CC1=NC(=C(C(=N1)Cl)NC2=NCCN2)OC.Cl,Inactive,0,,,Inactive,,,,,,,,,,4,1 0 0 0 0 0 0,7.5152,-30.4524,-0.1134,-17.9705,1.7752,-2.0831,-18.2995,7.5152,QC'd by SigmaAldrich
414,50106981,5282379,CC1=C(C(CCC1)(C)C)/C=C/C(=C/C=C/C(=C\C(=O)O)/C)/C,Inactive,0,,,Inactive,,,,,,,,,,4,1 0 0 0 1 0 1,0.5975,-28.2408,1.196,-16.7177,-11.3482,14.2224,-26.0388,0.5975,QC'd by SigmaAldrich
415,50106500,71412,CC(CCC1=CC=CC=C1)NCC(C2=CC(=C(C=C2)O)C(=O)N)O.Cl,Inactive,0,,,Inactive,,,,,,,,,,4,0 0 0 0 0 1 0,11.0358,-2.2975,-6.0457,6.5347,16.1732,24.8815,-9.966,11.0358,QC'd by SigmaAldrich
416,50104479,4549,C1=CC=C(C=C1)CCCNC2=C(C=C(C=C2)[N+](=O)[O-])C(=O)O,Inactive,0,,,Inactive,,,,,,,,,,4,0 0 0 1 0 0 0,-14.8535,-6.1929,15.644,-0.6386,27.8507,-1.1534,-10.1039,-14.8535,QC'd by SigmaAldrich
417,50106429,5938,C[N+](C)(C)CCCCCC[N+](C)(C)C.[Br-].[Br-],Inactive,0,,,Inactive,,,,,,,,,,4,0 1 0 0 0 0 0,11.7973,-7.2078,12.3735,-9.3612,8.9215,0.7471,-1.0655,11.7973,QC'd by SigmaAldrich
418,50107071,2063,COC1=CC=C(C=C1)C=C(C#N)C#N,Inactive,0,,,Inactive,,,,,,,,,,4,0 0 0 1 0 0 0,-22.9348,12.1871,-14.1202,-3.0106,43.1577,-0.3219,8.3356,-22.9348,QC'd by SigmaAldrich
419,50106856,9532,C(CCN)CN.Cl.Cl,Inactive,0,,,Inactive,,,,,,,,,,4,0 0 0 0 1 0 0,-15.9781,8.2734,5.5485,4.1641,4.734,24.5346,-10.9507,-15.9781,QC'd by SigmaAldrich
420,26753597,824226,C1=CC(=CC=C1C2=NC3=C(N2)C=C(C=C3)C4=NC5=C(N4)C=C(C=C5)N)N,Inactive,0,,,Inactive,,,,,,,,,,4,0 0 1 0 0 0 0,-29.9431,-8.8908,-11.6708,-20.2826,11.2774,9.4233,-1.197,-29.9431,QC'd by SigmaAldrich
421,50106639,24867513,CN1CCC[C@H]1C2=CN=CC=C2.[C@@H]([C@@H](C(=O)O)O)(C(=O)O)O.[C@@H]([C@@H](C(=O)O)O)(C(=O)O)O,Inactive,0,,,Inactive,,,,,,,,,,4,0 0 0 0 0 0 1,23.0198,10.3662,15.7518,3.0124,28.1875,12.5002,-13.6791,23.0198,QC'd by SigmaAldrich
422,50105790,2794990,C(CCN=C(N)N)CN.OS(=O)(=O)O,Inactive,0,,,Inactive,,,,,,,,,,4,,4.5207,6.174,11.0078,2.2886,23.4156,36.0778,-0.7641,4.5207,QC'd by SigmaAldrich
423,50103978,3639,C1NC2=CC(=C(C=C2S(=O)(=O)N1)S(=O)(=O)N)Cl,Inactive,0,,,Inactive,,,,,,,,,,4,0 0 0 0 1 0 1,-17.7979,-12.2883,-21.2989,-2.9144,-21.4026,8.6048,-28.1465,-17.7979,QC'd by SigmaAldrich
424,50107142,6169,COC(=O)[C@H]1[C@H](CC[C@@H]2[C@@H]1C[C@H]3C4=C(CCN3C2)C5=CC=CC=C5N4)O.Cl,Inactive,0,,,Inactive,,,,,,,,,,4,0 0 0 0 1 0 0,40.8238,2.0927,14.0023,9.4581,38.7571,20.282,35.4898,40.8238,QC'd by SigmaAldrich
425,50105871,2252,CC(C)(C)C1=C(C(=O)NO1)CC(C(=O)[O-])[NH3+],Inactive,0,,,Inactive,,,,,,,,,,4,,-11.4731,-5.5926,-1.642,-11.7998,-0.3331,23.4529,-1.7046,-11.4731,QC'd by SigmaAldrich
426,50105510,4650,C1=CC(=O)C=CC1=O,Inactive,0,,,Inactive,,,,,,,,,,4,0 0 0 0 0 0 0,-37.3401,-1.1934,-8.9038,-12.0314,10.7315,2.1605,-22.3258,-37.3401,QC'd by SigmaAldrich
427,50106700,16817,C[C@H]1[C@@H](C[C@H](O1)C[N+](C)(C)C)O.[Cl-],Inactive,0,,,Inactive,,,,,,,,,,4,1 0 0 0 0 0 1,-1.07,-17.4823,10.0309,-6.4886,3.9587,0.4675,-20.0233,-1.07,QC'd by SigmaAldrich
428,50106797,6610290,COC1=CC(=CC(=C1OC)OC)[C@H]2[C@@H]3C(COC3=O)[C@H](C4=CC5=C(C=C24)OCO5)O,Inactive,0,,,Inactive,,,,,,,,,,4,0 0 0 0 1 0 0,-29.4796,-14.7446,-8.6247,-37.6566,-35.4823,-22.6105,-41.5678,-29.4796,QC'd by SigmaAldrich
429,50106007,24867483,C1CC1NC(=O)[C@@H]2[C@@H]([C@H]([C@@H](O2)N3C=NC4=C(N=CN=C43)N)O)O,Inactive,0,,,Inactive,,,,,,,,,,4,1 0 0 0 0 0 0,-0.3062,2.0573,17.714,10.1314,16.8048,28.339,-7.6623,-0.3062,QC'd by SigmaAldrich
430,50107197,5353685,COC1=C(C(=CC(=C1)/C=C(\C#N)/C(=O)C2=CC(=C(C=C2)O)O)I)O,Inactive,0,,,Inactive,,,,,,,,,,4,0 0 0 0 0 1 0,22.8461,3.7237,-2.0435,10.2772,30.1071,35.5674,-1.3931,22.8461,QC'd by SigmaAldrich
431,50106496,24848913,CC(=NCCCC(C(=O)O)N)N.Cl,Inactive,0,,,Inactive,,,,,,,,,,4,,20.4877,-10.6238,-0.2208,3.5165,7.5736,9.6435,-13.0775,20.4877,QC'd by SigmaAldrich
432,50104367,1779,C1=C(C=C(C2=C1NC(=CC2=O)C(=O)O)Cl)Cl,Inactive,0,,,Inactive,,,,,,,,,,4,1 0 0 0 0 0 0,-8.9516,-21.7222,-4.6821,0.5007,6.5408,14.1173,-21.4297,-8.9516,QC'd by SigmaAldrich
433,50106287,133012,CCCN1C(=O)C2=C(N=C(N2)C3CCCC3)N(C1=O)CCCOC(=O)C4=CC=C(C=C4)S(=O)(=O)F,Inactive,0,,,Inactive,,,,,,,,,,4,0 0 0 0 1 0 0,13.6654,-4.1583,5.824,-5.9096,18.3238,28.2055,4.3052,13.6654,QC'd by SigmaAldrich
434,50106575,5702206,CC(=O)O.CN=C(N)NCCCC(C(=O)O)N,Inactive,0,,,Inactive,,,,,,,,,,4,1 0 0 0 0 0 0,-11.0545,-5.7753,9.1452,10.2953,21.4246,18.9483,-16.2333,-11.0545,QC'd by SigmaAldrich
435,50104417,34359,C[C@](CC1=CC(=C(C=C1)O)O)(C(=O)O)NN,Inactive,0,,,Inactive,,,,,,,,,,4,0 0 0 0 0 0 0,-47.5504,-0.5966,18.4848,7.2226,10.1662,-1.6067,-15.1531,-47.5504,QC'd by SigmaAldrich
436,50106357,155107,C1CNCC=C1C(=O)O.Cl,Inactive,0,,,Inactive,,,,,,,,,,4,0 0 0 0 0 0 0,-22.2205,1.0924,-8.7576,1.2621,-6.9441,1.7995,-7.8258,-22.2205,QC'd by SigmaAldrich
437,50106513,101615,CN1[C@@H](CCC[C@@H]1CC(=O)C2=CC=CC=C2)C[C@@H](C3=CC=CC=C3)O.Cl,Inactive,0,,,Inactive,,,,,,,,,,4,1 0 0 0 0 0 0,-7.2319,11.9868,21.5732,10.7896,37.7707,40.6595,4.3343,-7.2319,QC'd by SigmaAldrich
438,50106426,6603901,CCCC1=C(C=CC(=C1O)C(=O)C)OCCCOC2=CC=C(C=C2)OCC(=O)O,Inactive,0,,,Inactive,,,,,,,,,,4,0 0 0 0 1 0 0,-7.9587,9.1255,2.8686,15.4389,16.7217,37.6312,-13.1941,-7.9587,QC'd by SigmaAldrich
439,50106638,23681234,C1=CC(=CC=C1C(/C=C/C(=O)[O-])O)Cl.[Na+],Inactive,0,,,Inactive,,,,,,,,,,4,,18.3492,9.9205,24.4696,-3.0059,15.2175,36.8302,0.198,18.3492,QC'd by SigmaAldrich
440,50107143,8695,CCCCNC1=CC=C(C=C1)C(=O)OCCN(C)C.Cl,Inactive,0,,,Inactive,,,,,,,,,,4,0 0 0 0 0 0 0,3.3622,-13.7528,-26.5829,-17.3555,21.6888,14.4586,15.1911,3.3622,QC'd by SigmaAldrich
441,50104602,6160690,CN(C)CCC1=CNC2=C1C=C(C=C2)/C=C/C(=O)NCC3=CC=C(C=C3)OC,Inactive,0,,,Inactive,,,,,,,,,,4,0 0 0 0 1 0 0,-47.4638,-3.6113,10.6702,-5.5853,-2.5948,34.6369,15.085,-47.4638,QC'd by SigmaAldrich
442,50107074,6917797,C1CC(CN(C1)CCC=C(C2=CC=CC=C2)C3=CC=CC=C3)C(=O)O.Cl,Inactive,0,,,Inactive,,,,,,,,,,4,,-0.0707,-9.5708,-16.1076,-2.2251,8.6513,11.5549,-16.4515,-0.0707,QC'd by SigmaAldrich
443,50106983,11957690,C[C@@H](CN1CCC(CC1)CC2=CC=CC=C2)[C@H](C3=CC=C(C=C3)O)O.Cl,Inactive,0,,,Inactive,,,,,,,,,,4,1 0 0 0 0 0 0,-16.7674,-3.3867,17.4619,24.5135,-3.7947,12.7917,-3.7853,-16.7674,QC'd by SigmaAldrich
444,50106008,40958,C1C(=C(N2[C@H](S1)[C@@H](C2=O)NC(=O)C(C3=CC=CC=C3)N)C(=O)O)Cl,Inactive,0,,,Inactive,,,,,,,,,,4,0 0 0 0 1 0 0,0.3397,19.1167,17.181,14.2795,26.6629,37.6557,14.0721,0.3397,QC'd by SigmaAldrich
445,50107196,23696706,C1=CC=C2C(=C1)C(=NO2)CS(=N)(=O)[O-].[Na+],Inactive,0,,,Inactive,,,,,,,,,,4,1 0 0 0 0 0 0,24.266,7.2882,-4.0114,-1.5072,30.4902,19.2581,1.6353,24.266,QC'd by SigmaAldrich
446,50106796,11314197,C1CCC(CC1)(C2=CC=CC=C2)C(=O)OCCN3CCOCC3.Cl,Inactive,0,,,Inactive,,,,,,,,,,4,,9.6404,-3.4832,24.9982,-0.5486,16.2509,17.4333,-12.1836,9.6404,QC'd by SigmaAldrich
447,50106148,1775,C1=CC=C(C=C1)C2(C(=O)NC(=O)N2)C3=CC=CC=C3,Inactive,0,,,Inactive,,,,,,,,,,4,0 0 0 0 1 0 1,4.5239,11.1465,13.3988,9.9288,22.0892,59.536,-9.5139,4.5239,QC'd by SigmaAldrich
448,50106576,11957599,CCCN1CC[C@H]2[C@@H]1CCC3=C2C=C(C=C3)O.Br,Inactive,0,,,Inactive,,,,,,,,,,4,0 1 0 0 0 0 0,-20.1751,-7.764,21.6486,-5.9125,-9.1977,2.6582,-8.7126,-20.1751,QC'd by SigmaAldrich
449,50106498,3825,CC(C1=CC(=CC=C1)C(=O)C2=CC=CC=C2)C(=O)O,Inactive,0,,,Inactive,,,,,,,,,,4,,16.7595,6.9823,6.2754,-1.5734,22.4456,16.5222,0.5729,16.7595,QC'd by SigmaAldrich
450,50105222,2576,CCCC(C)(COC(=O)N)COC(=O)NC(C)C,Inactive,0,,,Inactive,,,,,,,,,,4,0 0 0 0 1 0 0,15.1026,2.0581,1.6317,-16.9742,2.0119,29.1095,-8.6255,15.1026,QC'd by SigmaAldrich
451,50106514,4172142,CCCC(=O)NCCC1=C2C3=CC=CC=C3CN2C4=C1C=C(C=C4)OC,Inactive,0,,,Inactive,,,,,,,,,,4,,-19.7525,-18.6825,-7.7732,-30.831,-15.2916,-5.9866,-27.8118,-19.7525,QC'd by SigmaAldrich
452,50105934,11957477,CN(CCCl)CC1=CC(=C(C(=C1)Cl)NC2=NCCN2)Cl.Cl.Cl,Inactive,0,,,Inactive,,,,,,,,,,4,0 0 0 0 1 0 0,-30.3491,-1.1439,5.7207,0.1859,3.3967,32.8423,-16.7291,-30.3491,QC'd by SigmaAldrich
453,50106637,11957626,C1CC1CN2CC[C@]34[C@@H]5C6=C(C[C@]3([C@H]2CC7=C4C(=C(C=C7)O)O5)O)C8=C(N6)[C@H]9[C@@]12CCN([C@@H]([C@@]1(C8)O)CC1=C2C(=C(C=C1)O)O9)CC1CC1.Cl.Cl,Inactive,0,,,Inactive,,,,,,,,,,4,0 0 0 0 0 1 0,22.7166,7.3433,6.3494,15.6478,16.2402,18.5926,-21.8962,22.7166,QC'd by SigmaAldrich
454,50105792,119020,C(CCN=C(N)N)CN=C(N)N.OS(=O)(=O)O,Inactive,0,,,Inactive,,,,,,,,,,4,0 0 0 1 0 0 1,19.1915,17.3459,2.8074,4.4508,42.0235,20.1482,-2.819,19.1915,QC'd by SigmaAldrich
455,50106218,147514,C1CNCC(C2=CC(=C(C=C21)O)O)C3=CC=CC=C3.Cl,Inactive,0,,,Inactive,,,,,,,,,,4,1 0 0 0 0 0 1,-20.2628,-20.5909,-13.1034,-11.4661,-19.0156,-6.8311,-42.7686,-20.2628,QC'd by SigmaAldrich
456,50105731,24867464,C1=CC(=CC=C1CSC2=NC(=NC3=C2N=CN3[C@H]4[C@@H]([C@H]([C@H](O4)CO)O)O)N)[N+](=O)[O-],Inactive,0,,,Inactive,,,,,,,,,,4,1 0 0 0 0 0 0,15.215,-6.0621,5.0735,3.094,0.0631,2.2842,3.164,15.215,QC'd by SigmaAldrich
457,50104728,456201,CC(=O)N1CCN(CC1)C2=CC=C(C=C2)OC[C@H]3CO[C@](O3)(CN4C=CN=C4)C5=C(C=C(C=C5)Cl)Cl,Inactive,0,,,Inactive,,,,,,,,,,4,1 0 0 0 0 0 0,-31.1632,-13.5484,13.1989,16.2245,19.8983,31.1241,3.4559,-31.1632,QC'd by SigmaAldrich
458,50106921,24867530,C1=CC=C(C(=C1)C(=O)N[C@@H](CCC(=O)[O-])C(=O)[O-])C(=O)[O-].[Na+].[Na+].[Na+],Inactive,0,,,Inactive,,,,,,,,,,4,1 0 0 0 1 0 1,3.1395,-27.2552,3.4259,-2.2335,-4.2045,22.3986,-13.4526,3.1395,QC'd by SigmaAldrich
459,50104365,1233,C1=C(ONC1=O)C(C(=O)O)N,Inactive,0,,,Inactive,,,,,,,,,,4,0 0 1 0 0 0 1,-10.3479,-4.3573,-9.3823,3.179,-14.8866,-12.3638,19.6799,-10.3479,QC'd by SigmaAldrich
460,50104485,4497,CC1=C(C(C(=C(N1)C)C(=O)OC(C)C)C2=CC(=CC=C2)[N+](=O)[O-])C(=O)OCCOC,Inactive,0,,,Inactive,,,,,,,,,,4,1 0 0 0 0 0 0,-20.5849,-18.056,11.9723,2.3692,11.9782,5.4273,-7.2851,-20.5849,QC'd by SigmaAldrich
461,50106433,11957569,C1CN=C(N1)N(CC2=CC=C(C=C2)F)C3=C(C=CC=C3Cl)Cl.Cl,Inactive,0,,,Inactive,,,,,,,,,,4,0 0 0 0 1 0 0,-34.2804,-3.5432,-15.0244,-5.522,15.5896,34.9579,-2.7129,-34.2804,QC'd by SigmaAldrich
462,50106581,11957601,CN1C=C(N=C1)CCN.Cl.Cl,Inactive,0,,,Inactive,,,,,,,,,,4,1 0 0 0 0 0 0,5.0599,0.8841,-14.1558,-9.0656,-7.8864,14.2949,3.7721,5.0599,QC'd by SigmaAldrich
463,50106151,11601903,C1CC2=CC(=C(C=C2[C@@H]3C1NCC4=CC=CC=C34)O)O.Cl,Inactive,0,,,Inactive,,,,,,,,,,4,1 0 0 0 0 0 0,-47.0746,-9.8925,-4.6391,-0.3075,5.8564,14.0636,9.1295,-47.0746,QC'd by SigmaAldrich
464,50106984,11663304,CCN1CCC[C@H]1CNC(=O)C2=C(C(=CC(=C2OC)Cl)Cl)O.C(C(C(=O)O)O)(C(=O)O)O,Inactive,0,,,Inactive,,,,,,,,,,4,0 0 0 0 0 1 0,15.7859,-5.3972,7.5033,-2.0971,37.0436,22.7014,-23.1842,15.7859,QC'd by SigmaAldrich
465,50106511,6603900,CCCCOC(=O)NS(=O)(=O)C1=C(C=C(S1)CC(C)C)C2=CC=C(C=C2)CN3C(=NC4=C3N=C(C=C4C)C)CC,Inactive,0,,,Inactive,,,,,,,,,,4,1 0 0 0 0 0 0,-40.4283,-14.5009,8.8438,-16.7938,7.6581,14.1855,0.8314,-40.4283,QC'd by SigmaAldrich
466,50106293,8307,CC[N+](C)(C)C1=CC(=CC=C1)O.[Cl-],Inactive,0,,,Inactive,,,,,,,,,,4,,-14.575,-9.8893,-17.8642,-7.4746,-1.1839,15.442,-12.9401,-14.575,QC'd by SigmaAldrich
467,50107075,6419304,COC1=CC=C(C=C1)C2=N[N+](=C(C=C2)N)CCCC(=O)O.[Br-],Inactive,0,,,Inactive,,,,,,,,,,4,0 0 0 0 0 1 0,23.2779,-12.9986,3.7574,-7.2148,13.7352,23.5829,2.623,23.2779,QC'd by SigmaAldrich
468,50103913,2196,COC1=CC=C(C=C1)C(=O)N2CCCC2=O,Inactive,0,,,Inactive,,,,,,,,,,4,0 0 0 0 1 0 0,-6.6848,-21.9246,-12.4502,-4.3253,9.1892,27.8109,-10.8635,-6.6848,QC'd by SigmaAldrich
469,50105725,443600,CCCCC[C@H](CC(=O)NO)C(=O)N[C@@H](C(C)C)C(=O)N1CCC[C@H]1CO,Inactive,0,,,Inactive,,,,,,,,,,4,0 0 0 0 0 0 0,-46.7901,31.0326,24.0598,29.4168,29.3926,63.6766,40.7551,-46.7901,QC'd by SigmaAldrich
470,50107136,11957712,CN([C@@H]1CC[C@]2(CCCO2)C[C@H]1N3CCCC3)C(=O)CC4=CC=CC=C4,Inactive,0,,,Inactive,,,,,,,,,,4,0 0 0 1 0 0 0,-4.7939,24.4567,16.3819,-2.0034,72.7918,41.6749,0.2796,-4.7939,QC'd by SigmaAldrich
471,50106791,6604151,C1=CC(=CC=C1C(=N)N)OCCCCCOC2=CC=C(C=C2)C(=N)N.C(COS(=O)[O-])O.C(COS(=O)[O-])O,Inactive,0,,,Inactive,,,,,,,,,,4,0 0 0 0 0 0 1,-9.5338,-9.7956,17.3925,19.5686,33.1627,40.3619,8.4228,-9.5338,QC'd by SigmaAldrich
472,50105414,896,CC(=O)NCCC1=CNC2=C1C=C(C=C2)OC,Inactive,0,,,Inactive,,,,,,,,,,4,0 0 0 0 1 0 0,35.172,-6.1258,-8.5181,3.462,-13.9381,41.3355,-20.2749,35.172,QC'd by SigmaAldrich
473,50105935,11957478,C[N+](C)(C)CCOC(=O)CBr.[Br-],Inactive,0,,,Inactive,,,,,,,,,,4,0 0 0 0 1 0 1,16.8864,12.9515,2.0174,35.1336,8.9545,47.7013,-9.7524,16.8864,QC'd by SigmaAldrich
474,50104303,6100,CC[N+](C)(C)CC1=CC=CC=C1Br.CC1=CC=C(C=C1)S(=O)(=O)[O-],Inactive,0,,,Inactive,,,,,,,,,,4,0 0 0 0 0 1 0,20.4206,13.1611,8.7073,17.8114,16.0854,33.5067,0.2454,20.4206,QC'd by SigmaAldrich
475,50106861,12997926,C1=CC=C(C=C1)NC2=NC(=C3C(=N2)N(C=N3)[C@H]4[C@@H]([C@H]([C@H](O4)CO)O)O)N,Inactive,0,,,Inactive,,,,,,,,,,4,1 0 0 0 0 0 1,0.0139,-1.8826,-2.7486,15.0791,9.332,5.8249,-14.7446,0.0139,QC'd by SigmaAldrich
476,50106432,23676659,CCCCCC(CCCC(=O)[O-])O.[Na+],Inactive,0,,,Inactive,,,,,,,,,,4,1 0 0 0 0 0 1,8.1086,28.1679,7.0498,16.4096,16.0547,22.3674,-5.5694,8.1086,QC'd by SigmaAldrich
477,50106434,10042240,CC1=NN=C(C2=CC3=C(C=C2C1)OCO3)C4=CC=C(C=C4)N.Cl,Inactive,0,,,Inactive,,,,,,,,,,4,0 0 0 0 0 1 0,15.7637,-4.6595,4.4536,-9.2533,12.3558,16.6482,0.7605,15.7637,QC'd by SigmaAldrich
478,50104413,1858,CC(=O)NCCC1=CNC2=CC(=C(C=C21)OC)Cl,Inactive,0,,,Inactive,,,,,,,,,,4,0 0 0 0 1 0 0,27.1192,-6.4966,25.0156,8.1662,8.683,59.954,6.1321,27.1192,QC'd by SigmaAldrich
479,50106150,24867493,C[C@]12CCC3C([C@@H]1CCC2=O)CC=C4[C@@]3(CC[C@@H](C4)OS(=O)(=O)[O-])C.[Na+],Inactive,0,,,Inactive,,,,,,,,,,4,0 0 0 0 1 0 0,16.6702,-14.4976,-7.6328,-15.3207,9.8834,47.418,-2.1132,16.6702,QC'd by SigmaAldrich
480,50106495,73332,CC1CNCCN1S(=O)(=O)C2=CC=CC3=C2C=CN=C3.Cl.Cl,Inactive,0,,,Inactive,,,,,,,,,,4,0 1 0 0 0 0 1,2.402,4.6775,19.798,6.3206,9.4872,20.1279,22.7456,2.402,QC'd by SigmaAldrich
481,50106010,77995,CN(C)CCCC1(C2=C(CO1)C=C(C=C2)C#N)C3=CC=C(C=C3)F.Br,Inactive,0,,,Inactive,,,,,,,,,,4,0 0 0 0 1 0 0,-19.1451,-0.4728,13.6731,-20.5932,-6.9104,30.0667,-22.2827,-19.1451,QC'd by SigmaAldrich
482,50107076,11957705,CCN(CC)CCOC(=O)C1=CC(=C(C=C1OC)N)Cl.Cl,Inactive,0,,,Inactive,,,,,,,,,,4,0 0 0 1 0 0 0,16.2246,-5.619,0.0117,8.8377,25.6249,21.1409,-0.611,16.2246,QC'd by SigmaAldrich
483,50105866,189406,CN1CCC=C(C1)C(=O)OCC#C.Br,Inactive,0,,,Inactive,,,,,,,,,,4,1 0 0 0 0 0 0,-9.8305,1.1142,5.2865,8.6672,10.6075,11.1987,-4.992,-9.8305,QC'd by SigmaAldrich
484,50106985,4306515,COC1=CC=C(C=C1)N2C(=CC(=N2)C(F)(F)F)C3=CC=C(C=C3)Cl,Inactive,0,,,Inactive,,,,,,,,,,4,0 0 0 0 1 0 0,15.4958,-0.5004,-3.1621,1.5291,17.7202,32.729,5.333,15.4958,QC'd by SigmaAldrich
485,50106635,6603913,C1=CC=C(C=C1)/C(=C\C2=C(NC3=C2C(=CC(=C3)Cl)Cl)C(=O)O)/C(=O)O,Inactive,0,,,Inactive,,,,,,,,,,4,,8.3913,-5.5283,3.4248,8.5858,-1.4803,38.3964,-8.9646,8.3913,QC'd by SigmaAldrich
486,50107138,11957713,CCCN(CCC)C1CC2=CC(=C(C=C2C1)OC)OC.C(=C\C(=O)O)\C(=O)O,Inactive,0,,,Inactive,,,,,,,,,,4,,-12.2292,-2.9483,9.4061,1.8915,39.7859,-13.3173,8.9822,-12.2292,QC'd by SigmaAldrich
487,50105936,2436,CC(CC1=CC=C(C=C1)OCC(=O)[O-])NCC(C2=CC(=CC=C2)Cl)O.[Na+],Inactive,0,,,Inactive,,,,,,,,,,4,,3.4434,-14.0522,-4.2596,-5.8825,24.1832,36.5572,-12.7711,3.4434,QC'd by SigmaAldrich
488,50105447,6035,C1[C@@H]([C@H](O[C@H]1N2C=C(C(=O)NC2=O)Br)CO)O,Inactive,0,,,Inactive,,,,,,,,,,4,,-3.7929,8.6285,-7.8481,4.7079,13.6632,10.4565,3.5106,-3.7929,QC'd by SigmaAldrich
489,50106860,24867525,C1C(C(C(C(C1N)OC2C(C(C(C(O2)CO)O)O)N)O[C@@H]3[C@H]([C@H]([C@H](O3)CO)OC4C(C(C(C(O4)CN)O)O)N)O)O)N.OS(=O)(=O)O,Inactive,0,,,Inactive,,,,,,,,,,4,0 0 0 1 0 0 1,-13.2275,-19.8994,-18.3628,-9.6076,24.0584,17.6357,-19.5269,-13.2275,QC'd by SigmaAldrich
490,50103974,4495,CS(=O)(=O)NC1=C(C=C(C=C1)[N+](=O)[O-])OC2=CC=CC=C2,Inactive,0,,,Inactive,,,,,,,,,,4,,-22.2223,-26.6721,-28.3599,-0.8791,-14.2977,-14.6406,-35.7202,-22.2223,QC'd by SigmaAldrich
491,50106212,441344,CCN(CC)CCOC(=O)C1(CCCCC1)C2CCCCC2.Cl,Inactive,0,,,Inactive,,,,,,,,,,4,1 0 0 0 0 0 0,-47.8792,-20.0588,-2.175,7.9633,4.5769,-0.2787,-20.5512,-47.8792,QC'd by SigmaAldrich
492,50106072,14426724,C1CCC(C1)NC2=C3C(=NC=N2)N(C=N3)[C@H]4[C@@H]([C@H]([C@H](O4)CO)O)O,Inactive,0,,,Inactive,,,,,,,,,,4,,-5.3868,-13.0124,1.0534,-13.8147,3.8059,16.7235,-20.2395,-5.3868,QC'd by SigmaAldrich
493,50106509,5311198,CCCC(=O)NCCC1=C2C3=CC=CC=C3CCCN2C4=C1C=C(C=C4)OC,Inactive,0,,,Inactive,,,,,,,,,,4,0 0 0 0 1 0 0,-13.7793,4.1272,8.3325,7.162,4.6716,42.5318,4.4242,-13.7793,QC'd by SigmaAldrich
494,50106492,68624,CCN1C=C(C(=O)C2=CC(=C(C(=C21)F)N3CCNC(C3)C)F)C(=O)O.Cl,Inactive,0,,,Inactive,,,,,,,,,,4,0 0 0 0 0 1 0,14.05,-6.7869,-14.3482,10.1048,-2.3137,16.1094,-27.0515,14.05,QC'd by SigmaAldrich
495,50106579,13347,CSC(=N)N.CSC(=N)N.OS(=O)(=O)O,Inactive,0,,,Inactive,,,,,,,,,,4,0 0 0 0 1 0 1,-13.8496,-12.2539,-0.8418,-3.2938,5.7537,16.7825,-3.8641,-13.8496,QC'd by SigmaAldrich
496,50107077,114924,CCCCCCCCCCCCCCSCC(=O)O,Inactive,0,,,Inactive,,,,,,,,,,4,0 0 0 0 0 1 0,14.0899,-0.7377,5.3832,16.7676,15.3912,18.859,6.0024,14.0899,QC'd by SigmaAldrich
497,50106704,102542,COC1=C(C=CC(=C1)C(CN)O)O.Cl,Inactive,0,,,Inactive,,,,,,,,,,4,1 0 0 0 0 1 0,6.5901,-29.8683,-7.8504,-25.8416,3.1102,14.8617,-29.4292,6.5901,QC'd by SigmaAldrich
498,50105798,23663660,C(CN)CS(=O)(=O)[O-].[Na+],Inactive,0,,,Inactive,,,,,,,,,,4,0 0 0 0 0 0 0,-36.3955,4.072,13.7884,-3.7628,28.4006,36.8063,-17.0502,-36.3955,QC'd by SigmaAldrich
499,50105867,6603977,C1=CC=C(C=C1)CCCCOC2=C3C=CC(=O)OC3=CC4=C2C=CO4,Inactive,0,,,Inactive,,,,,,,,,,4,0 0 0 0 1 0 0,-20.901,2.6463,5.2502,6.5176,27.2,48.5177,-16.5843,-20.901,QC'd by SigmaAldrich
500,50106073,2733277,COC(=O)C(CC1=CC=C(C=C1)Cl)N.Cl,Inactive,0,,,Inactive,,,,,,,,,,4,0 1 0 0 0 0 1,-3.4784,6.3717,16.9596,-3.924,8.5638,34.7366,18.1677,-3.4784,QC'd by SigmaAldrich
501,50106215,6510278,C/C=C/1\C(=O)CC2[C@@]1(CCC3C2CCC4=CC(=O)CC[C@]34C)C,Inactive,0,,,Inactive,,,,,,,,,,4,,-34.5562,-35.5178,-16.1271,-21.3742,-8.5533,6.5044,-20.891,-34.5562,QC'd by SigmaAldrich
502,50104116,18283,CC1=CN(C(=O)NC1=O)[C@H]2C=C[C@H](O2)CO,Inactive,0,,,Inactive,,,,,,,,,,4,0 0 0 0 0 0 1,20.1817,13.4061,14.3078,21.8389,1.7947,10.9967,-26.1171,20.1817,QC'd by SigmaAldrich
503,50106430,24867504,C[C@]12CCC(=O)C=C1CCC3[C@@H]2[C@H](C[C@]4([C@H]3CC[C@@]4(C(=O)COC(=O)CCC(=O)[O-])O)C)O.[Na+],Inactive,0,,,Inactive,,,,,,,,,,4,1 1 0 0 0 0 0,-1.0469,-24.294,7.5091,-19.0025,-1.0059,10.4037,-13.1457,-1.0469,QC'd by SigmaAldrich
504,50107202,9818540,CN1C2CCC1CC(C2)OC(=O)C3=CNC4=CC=CC=C43.Cl,Inactive,0,,,Inactive,,,,,,,,,,4,0 0 0 0 0 1 0,21.6663,2.7154,7.5721,-1.1069,19.0321,38.7581,-9.0522,21.6663,QC'd by SigmaAldrich
505,50106916,4938,CCCN1C=NC2=C1C(=O)N(C(=O)N2C)CCCCC(=O)C,Inactive,0,,,Inactive,,,,,,,,,,4,0 0 0 0 1 0 1,-12.1532,-12.6745,-12.1842,-9.6131,10.17,26.6714,0.7478,-12.1532,QC'd by SigmaAldrich
506,50106493,9884487,CC[N+](CC)(CC)CC(=O)NC1=C(C=CC=C1C)C.[Br-],Inactive,0,,,Inactive,,,,,,,,,,4,0 0 0 0 0 1 0,11.5673,-0.4274,-1.1262,0.426,34.1906,42.6014,-9.235,11.5673,QC'd by SigmaAldrich
507,50104362,1564,C1=CC(=CC=C1C(CN)(CS(=O)(=O)O)O)Cl,Inactive,0,,,Inactive,,,,,,,,,,4,0 0 0 0 1 0 1,-17.4785,-25.6269,-18.1214,-15.5923,-8.7878,16.7557,-10.7984,-17.4785,QC'd by SigmaAldrich
508,50106152,2821,C1=C(C(=CC2=C1N=C(C(=N2)[O-])[O-])[N+](=O)[O-])C#N.[Na+].[Na+],Inactive,0,,,Inactive,,,,,,,,,,4,0 1 0 0 0 0 0,-27.8042,-8.8314,-23.0509,3.6726,-0.0963,17.8233,-40.16,-27.8042,QC'd by SigmaAldrich
509,50106580,5311302,CNC1=C2C(=NC=N1)N(C=N2)[C@H]3C[C@@H]([C@H](O3)COP(=O)(O)[O-])OP(=O)(O)[O-].[NH4+].[NH4+],Inactive,0,,,Inactive,,,,,,,,,,4,0 0 0 0 1 0 0,29.1018,-5.606,13.7442,-14.2338,-4.7063,26.0233,-11.8942,29.1018,QC'd by SigmaAldrich
510,50104055,3899,CC1=C(C=NO1)C(=O)NC2=CC=C(C=C2)C(F)(F)F,Inactive,0,,,Inactive,,,,,,,,,,4,0 0 0 0 1 0 0,-49.3873,10.119,12.023,22.3614,7.7363,59.6694,12.4661,-49.3873,QC'd by SigmaAldrich
511,50105515,439280,C1=CC2=C(C=C1O)C(=CN2)C[C@@H](C(=O)O)N,Inactive,0,,,Inactive,,,,,,,,,,4,0 0 0 0 1 0 1,11.9761,2.2222,9.2669,15.6281,10.9298,48.3529,-13.815,11.9761,QC'd by SigmaAldrich
512,50106987,173870,CN1CCC2=CC(=C(C=C2C(C1)C3=CC=CC=C3)O)O.Br,Inactive,0,,,Inactive,,,,,,,,,,4,1 0 0 0 0 0 0,-1.21,0.4733,4.655,-2.2484,22.5269,19.3282,-13.8285,-1.21,QC'd by SigmaAldrich
513,50105938,449215,C1[C@@H](C(=O)NO1)N,Inactive,0,,,Inactive,,,,,,,,,,4,0 0 0 0 0 1 0,27.6694,12.5775,3.8702,17.7377,26.6198,22.7228,3.0721,27.6694,QC'd by SigmaAldrich
514,50106012,656644,C1C(=C(N2[C@H](S1)[C@@H](C2=O)NC(=O)[C@@H](C3=CC=CC=C3)S(=O)(=O)[O-])C(=O)[O-])C[N+]4=CC=C(C=C4)C(=O)N.[Na+],Inactive,0,,,Inactive,,,,,,,,,,4,0 0 1 0 0 0 1,-7.1992,-13.5253,-4.3646,23.1688,5.7315,12.2405,-5.249,-7.1992,QC'd by SigmaAldrich
515,50107140,11957716,C[C@]12CCC3C([C@@H]1CC[C@]2(C#N)O)CCC4=CC5=NC6=NC7=CC=CC=C7N6C=C5C[C@]34C,Inactive,0,,,Inactive,,,,,,,,,,4,1 0 0 0 0 0 0,-48.6768,25.1046,11.0148,-1.8893,28.5695,31.2013,8.6434,-48.6768,QC'd by SigmaAldrich
516,50106633,11957625,CC12C3=CC=CC=C3CC(N1)C4=CC=CC=C24.C(=C/C(=O)O)\C(=O)O,Inactive,0,,,Inactive,,,,,,,,,,4,0 0 0 0 0 1 0,18.3958,7.2427,12.9308,1.1226,7.2145,17.0459,-3.1757,18.3958,QC'd by SigmaAldrich
517,50106431,23668244,COC1=C(C=CC(=C1)C(CO)O)OS(=O)(=O)[O-].[K+],Inactive,0,,,Inactive,,,,,,,,,,4,0 0 0 0 1 0 0,3.1168,-7.2698,-8.1657,-20.4163,-5.5311,24.904,-4.6314,3.1168,QC'd by SigmaAldrich
518,50106862,135484645,CC1=C(C(=C(C(=N1)N=NC2=C(C=C(C=C2)S(=O)(=O)[O-])S(=O)(=O)[O-])COP(=O)([O-])[O-])C=O)O.[Na+].[Na+].[Na+].[Na+],Inactive,0,,,Inactive,,,,,,,,,,4,,11.554,7.426,-7.8583,10.0321,16.6951,27.7027,-8.2821,11.554,QC'd by SigmaAldrich
519,50104732,5280961,C1=CC(=CC=C1C2=COC3=CC(=CC(=C3C2=O)O)O)O,Inactive,0,,,Inactive,,,,,,,,,,4,1 0 0 0 0 0 1,-2.6058,-0.5369,-9.6391,-7.802,-3.6532,6.5027,17.4692,-2.6058,QC'd by SigmaAldrich
520,50106031,23675322,CC1=NN=C(S1)SCC2=C(N3[C@@H]([C@@H](C3=O)NC(=O)CN4C=NN=N4)SC2)C(=O)[O-].[Na+],Inactive,0,,,Inactive,,,,,,,,,,4,0 0 0 0 1 0 1,6.4341,-3.5831,18.6856,25.0844,14.5561,35.8467,4.8014,6.4341,QC'd by SigmaAldrich
521,50106664,11957631,CN1C[C@H](C[C@H]2[C@H]1CC3=CN(C4=CC=CC2=C34)C)CS(=O)(=O)N(C)C.Cl,Inactive,0,,,Inactive,,,,,,,,,,4,,14.0813,-2.0285,6.5328,13.1552,30.7998,26.7262,-4.4555,14.0813,QC'd by SigmaAldrich
522,50105782,5462653,C(CN)C#N.C(CN)C#N.C(=C/C(=O)O)\C(=O)O,Inactive,0,,,Inactive,,,,,,,,,,4,,-2.6185,-9.6745,-1.0176,8.9104,23.5517,7.2882,-0.5179,-2.6185,QC'd by SigmaAldrich
523,50106769,6098006,C1=CC2=C3C(=CC(=C2C(=C1)S(=O)(=O)N)[N+](=O)[O-])N=C(C(=N3)[O-])[O-].[Na+].[Na+],Inactive,0,,,Inactive,,,,,,,,,,4,0 1 0 0 0 0 1,2.8089,-1.1672,6.8801,-8.7585,0.8088,1.911,-14.8657,2.8089,QC'd by SigmaAldrich
524,50106972,24867533,N.N.N.N.N.N.N.N.N.N.N.N.N.N.O.O.[Cl-].[Cl-].[Cl-].[Cl-].[Cl-].[Cl-].[Ru].[Ru].[Ru],Inactive,0,,,Inactive,,,,,,,,,,4,0 0 0 0 1 0 0,-19.831,0.549,-8.9769,2.3377,-15.954,4.0254,-17.7811,-19.831,QC'd by SigmaAldrich
525,50104376,119,C(CC(=O)O)CN,Inactive,0,,,Inactive,,,,,,,,,,4,0 0 0 0 0 1 0,16.5372,-17.2283,30.8578,13.8638,35.0019,30.7623,5.3547,16.5372,QC'd by SigmaAldrich
526,50104534,1345,CCC(C)N(C)C(=O)C1=CC2=CC=CC=C2C(=N1)C3=CC=CC=C3Cl,Inactive,0,,,Inactive,,,,,,,,,,4,1 0 0 0 0 1 0,23.1641,-25.3262,-7.1947,-0.2917,23.9679,22.0598,-8.4914,23.1641,QC'd by SigmaAldrich
527,50106224,377339,C1C(C(C(C(N1)CO)O)O)O.Cl,Inactive,0,,,Inactive,,,,,,,,,,4,1 0 0 0 0 0 1,28.7528,19.675,39.662,39.5091,18.9123,32.6185,9.2233,28.7528,QC'd by SigmaAldrich
528,50105845,2724466,C1CCC(CC1)(C(=O)O)N.Cl,Inactive,0,,,Inactive,,,,,,,,,,4,0 0 0 0 0 0 0,21.4658,-4.188,21.3951,19.1511,17.7607,10.7823,31.0278,21.4658,QC'd by SigmaAldrich
529,50104393,5328779,C1=CC=C(C=C1)CNC(=O)/C(=C/C2=CC(=C(C=C2)O)O)/C#N,Inactive,0,,,Inactive,,,,,,,,,,4,,15.4471,5.0815,27.1143,9.6868,8.2031,38.6092,2.5391,15.4471,QC'd by SigmaAldrich
530,50106524,9795082,CC1=C(C(=CC=C1)C)NC(=O)C[N+](C)(C)C.[Cl-],Inactive,0,,,Inactive,,,,,,,,,,4,0 0 0 0 1 0 0,-20.0397,0.8477,-18.032,-16.8192,-17.1942,23.7334,-23.5588,-20.0397,QC'd by SigmaAldrich
531,50106586,23659,CCN(CC)CCNC(=O)C1=CC(=C(C=C1OC)N)Cl.Cl,Inactive,0,,,Inactive,,,,,,,,,,4,0 0 0 1 0 0 0,12.8192,-18.9871,8.4877,7.6277,24.8995,10.3515,-4.1773,12.8192,QC'd by SigmaAldrich
532,50105907,11957470,C1CN=C(N1)C2=NC3=CC=CC=C3C=C2.Cl,Inactive,0,,,Inactive,,,,,,,,,,4,0 0 0 0 1 0 0,-17.4332,-13.0874,3.8645,-2.1443,-7.8616,42.1373,-12.7331,-17.4332,QC'd by SigmaAldrich
533,50107219,10440396,C[N+](C)(CCCCCC[N+](C)(C)CCCN1C(=O)C2=CC=CC3=C2C(=CC=C3)C1=O)CCCN4C(=O)C5=CC=CC6=C5C(=CC=C6)C4=O.[Br-].[Br-],Inactive,0,,,Inactive,,,,,,,,,,4,1 0 0 0 0 0 0,-21.9701,-3.5048,5.5589,2.3725,17.4925,36.8202,-15.8967,-21.9701,QC'd by SigmaAldrich
534,50106154,10921,C[N+](C)(C)CCCCCCCCCC[N+](C)(C)C.[Br-].[Br-],Inactive,0,,,Inactive,,,,,,,,,,4,0 0 0 0 1 0 0,13.7279,-10.1202,5.3113,-0.8488,8.3802,30.3122,6.2239,13.7279,QC'd by SigmaAldrich
535,50106910,4788,C1=CC(=CC=C1CCC(=O)C2=C(C=C(C=C2O)O)O)O,Inactive,0,,,Inactive,,,,,,,,,,4,0 0 0 0 0 0 1,-16.1572,-15.5357,2.6472,-5.1019,0.6067,2.7244,-3.5169,-16.1572,QC'd by SigmaAldrich
536,50106726,107966,COC1=CC=CC=C1N2CCN(CC2)CCCCN3C(=O)C4=CC=CC=C4C3=O.Br,Inactive,0,,,Inactive,,,,,,,,,,4,0 0 0 0 1 0 0,9.0824,-10.2394,16.8391,-5.3572,26.6573,58.9214,3.3137,9.0824,QC'd by SigmaAldrich
537,50104812,119376,CN1C=C(C2=CC=CC=C21)C(=O)OCC3CCN(CC3)CCNS(=O)(=O)C,Inactive,0,,,Inactive,,,,,,,,,,4,0 0 0 0 0 0 0,22.8348,-11.3728,2.1126,5.6783,3.0047,20.09,12.9151,22.8348,QC'd by SigmaAldrich
538,50106405,5702062,CC(=O)O.C1=CC(=C(C(=C1)Cl)/C=N/N=C(N)N)Cl,Inactive,0,,,Inactive,,,,,,,,,,4,0 0 0 0 1 0 0,-19.8269,10.1329,4.5569,12.6625,-17.5314,33.6102,13.0144,-19.8269,QC'd by SigmaAldrich
539,50106832,6084,COC1=C(C=C(C=C1)CC2=NC=CC3=CC(=C(C=C32)OC)OC)OC.Cl,Inactive,0,,,Inactive,,,,,,,,,,4,1 0 0 0 0 0 0,-22.1684,-9.9617,-10.2793,-7.7186,10.6058,12.3408,-21.7098,-22.1684,QC'd by SigmaAldrich
540,50105783,1367,C1=CC=C2C(=C1)N=NN2N,Inactive,0,,,Inactive,,,,,,,,,,4,1 0 0 0 0 0 0,-15.9885,-7.4049,-6.4078,2.0009,16.8304,24.195,-8.1854,-15.9885,QC'd by SigmaAldrich
541,50106281,11957546,C[C@@H](CC1=CC=C(C=C1)C=O)NC[C@H](C2=CC(=C(C=C2)O)NCO)O.C[C@@H](CC1=CC=C(C=C1)C=O)NC[C@H](C2=CC(=C(C=C2)O)NCO)O.C(=C/C(=O)O)\C(=O)O,Inactive,0,,,Inactive,,,,,,,,,,4,1 1 0 0 0 0 0,2.388,22.7693,2.0589,5.1028,20.827,28.6786,-6.1611,2.388,QC'd by SigmaAldrich
542,50106770,5242,C(=O)(C(=O)[O-])N.[Na+],Inactive,0,,,Inactive,,,,,,,,,,4,0 0 0 0 0 0 0,36.5536,1.3444,27.8199,10.4734,17.3952,14.8826,15.186,36.5536,QC'd by SigmaAldrich
543,50106100,11957506,CN1CCC23CCCCC2C1CC4=C3C=C(C=C4)OC.Br,Inactive,0,,,Inactive,,,,,,,,,,4,0 0 0 0 0 0 0,-40.9803,14.7389,5.0332,7.896,19.487,40.3252,-16.5208,-40.9803,QC'd by SigmaAldrich
544,50106474,11957581,CC(=NCCCC[C@H](C(=O)O)N)N.Cl,Inactive,0,,,Inactive,,,,,,,,,,4,0 0 0 0 0 0 1,-15.0127,-13.2247,-19.4213,-13.8385,5.878,14.6365,-6.401,-15.0127,QC'd by SigmaAldrich
545,50104182,5503,CC1=CC=C(C=C1)S(=O)(=O)NC(=O)NN2CCCCCC2,Inactive,0,,,Inactive,,,,,,,,,,4,0 1 0 0 0 0 0,20.6319,-14.8445,35.7733,0.8968,25.8116,42.2322,-5.5493,20.6319,QC'd by SigmaAldrich
546,50106665,11957633,COC1=CC=CC=C1N2CCN(CC2)CCN(C3=CC=CC=N3)C(=O)C4=CC=C(C=C4)F.Cl.Cl,Inactive,0,,,Inactive,,,,,,,,,,4,0 1 0 0 0 0 1,-14.0984,-6.7134,8.0195,-6.5955,24.3827,24.512,6.3267,-14.0984,QC'd by SigmaAldrich
547,50105844,11957453,C[N+](C)(CCC(=O)CC[N+](C)(C)C1=CC=C(C=C1)CC=C)C2=CC=C(C=C2)CC=C.[Br-].[Br-],Inactive,0,,,Inactive,,,,,,,,,,4,0 1 0 0 0 0 0,13.4109,-15.204,7.4202,-13.2953,15.9214,24.9878,-4.9963,13.4109,QC'd by SigmaAldrich
548,50107220,5282386,CC1=CC(=CC(=C1CC2=NCCN2)C)C(C)(C)C.Cl,Inactive,0,,,Inactive,,,,,,,,,,4,1 0 0 0 0 0 0,-37.0214,-13.7791,-3.912,-13.383,11.5842,23.335,-23.2995,-37.0214,QC'd by SigmaAldrich
549,50105906,62884,CC(C(=O)C1=CC(=CC=C1)Cl)NC(C)(C)C.Cl,Inactive,0,,,Inactive,,,,,,,,,,4,0 0 0 0 0 1 0,41.6087,16.0535,30.492,16.7214,39.8809,43.0407,-2.7046,41.6087,QC'd by SigmaAldrich
550,50106225,24867502,CN1CCC2=C3C1CC4=C(C3=CC(=C2)O)C(=C(C=C4)O)O.Br,Inactive,0,,,Inactive,,,,,,,,,,4,1 0 0 0 0 0 1,15.0181,-29.2114,13.2225,17.3139,32.5823,18.8945,-15.1397,15.0181,QC'd by SigmaAldrich
551,50105721,198382,C1C(C=CC=C1C(=O)O)N.Cl,Inactive,0,,,Inactive,,,,,,,,,,4,0 1 0 0 0 0 1,9.6087,0.6411,23.2231,-3.042,8.4896,23.7291,-20.9173,9.6087,QC'd by SigmaAldrich
552,50106155,11957520,C1=C2C(=CC(=C1Cl)Cl)N=C(N2)[C@H]3[C@@H]([C@@H]([C@H](O3)CO)O)O,Inactive,0,,,Inactive,,,,,,,,,,4,1 0 0 1 0 0 0,-34.1819,-25.7553,-13.23,-13.1099,14.2834,10.1201,-26.4635,-34.1819,QC'd by SigmaAldrich
553,50106727,71398,C[C@H](CC1=CC(=C(C=C1)O)O)[C@@H](C)CC2=CC(=C(C=C2)O)O,Inactive,0,,,Inactive,,,,,,,,,,4,1 0 0 0 0 0 1,9.0189,14.0002,19.5778,7.6631,49.7127,46.3639,-16.8898,9.0189,QC'd by SigmaAldrich
554,50106351,11957552,C1CNCC(C2=CC(=C(C(=C21)Cl)O)O)C3=CC=C(C=C3)O.Br,Inactive,0,,,Inactive,,,,,,,,,,4,,26.5961,5.688,19.3085,9.6725,15.6409,55.141,8.4829,26.5961,QC'd by SigmaAldrich
555,50104671,3019,CC1=NS(=O)(=O)C2=C(N1)C=CC(=C2)Cl,Inactive,0,,,Inactive,,,,,,,,,,4,0 0 0 0 1 0 1,61.4633,-4.8634,22.2962,24.0151,7.7849,32.6519,-5.8104,61.4633,QC'd by SigmaAldrich
556,50104374,1222,CC(C1=CC=C(C=C1)C(=O)O)(C(=O)O)N,Inactive,0,,,Inactive,,,,,,,,,,4,0 0 1 0 0 0 0,-9.7738,-1.112,-3.7166,-7.0899,13.6153,14.3412,-8.3781,-9.7738,QC'd by SigmaAldrich
557,50106913,9279,CC(C)[N+](C)(CCOC(=O)C1C2=CC=CC=C2OC3=CC=CC=C13)C(C)C.[Br-],Inactive,0,,,Inactive,,,,,,,,,,4,,-3.0223,-2.8508,-24.8778,6.7046,-10.3916,24.5704,-15.2627,-3.0223,QC'd by SigmaAldrich
558,50106771,6436473,C1CN(CC1)CC#CCN2C(=O)CCC2.C1CN(CC1)CC#CCN2C(=O)CCC2.C(=C/C(=O)O)\C(=O)O.C(=C/C(=O)O)\C(=O)O.C(=C/C(=O)O)\C(=O)O,Inactive,0,,,Inactive,,,,,,,,,,4,0 0 0 1 0 0 0,12.9681,-6.1356,-2.8152,10.5465,-1.8943,3.3475,1.637,12.9681,QC'd by SigmaAldrich
559,50106974,5073,CC1=C(C(=O)N2CCCCC2=N1)CCN3CCC(CC3)C4=NOC5=C4C=CC(=C5)F,Inactive,0,,,Inactive,,,,,,,,,,4,1 0 0 0 0 0 0,-21.2493,-5.0588,1.7752,1.2108,2.7099,-2.7287,-12.1433,-21.2493,QC'd by SigmaAldrich
560,50106662,150584,CNCCNS(=O)(=O)C1=CC=CC2=C1C=CN=C2.Cl.Cl,Inactive,0,,,Inactive,,,,,,,,,,4,0 1 0 0 0 0 0,5.0228,-11.2605,18.6292,-5.9214,22.2282,6.8096,12.5939,5.0228,QC'd by SigmaAldrich
561,50104675,4780,C1=CC=C(C=C1)N=C(N)N=C(N)N,Inactive,0,,,Inactive,,,,,,,,,,4,0 0 0 0 0 1 0,5.9983,-4.2255,-2.0912,-0.6646,10.0792,13.9368,-18.6276,5.9983,QC'd by SigmaAldrich
562,50104096,3331,C1=CC=C(C=C1)C(COC(=O)N)COC(=O)N,Inactive,0,,,Inactive,,,,,,,,,,4,1 0 0 0 0 0 0,-18.8473,-2.1339,6.3764,7.969,20.733,13.353,-18.7534,-18.8473,QC'd by SigmaAldrich
563,50106473,11957580,CC1CN(CCN1)S(=O)(=O)C2=CC=CC3=C2C=CN=C3.Cl.Cl,Inactive,0,,,Inactive,,,,,,,,,,4,,-4.0783,20.5147,8.1798,-5.8246,9.7631,18.8526,3.491,-4.0783,QC'd by SigmaAldrich
564,50105230,24867460,CCCC1O[C@@H]2C[C@H]3[C@@H]4CCC5=CC(=O)C=C[C@@]5(C4[C@H](C[C@@]3([C@@]2(O1)C(=O)CO)C)O)C,Inactive,0,,,Inactive,,,,,,,,,,4,1 0 0 0 0 0 0,-9.319,11.1738,21.2331,38.3691,14.2503,40.3096,23.502,-9.319,QC'd by SigmaAldrich
565,50105722,2723609,C(C(=O)O)ON.C(C(=O)O)ON.Cl,Inactive,0,,,Inactive,,,,,,,,,,4,0 0 1 0 0 0 1,19.9999,21.0995,26.0403,13.3724,44.5265,46.2476,-1.4757,19.9999,QC'd by SigmaAldrich
566,50104737,5280343,C1=CC(=C(C=C1C2=C(C(=O)C3=C(C=C(C=C3O2)O)O)O)O)O,Inactive,0,,,Inactive,,,,,,,,,,4,0 0 0 0 0 1 0,7.0887,-6.3829,8.8054,14.7929,29.3156,27.9845,-13.011,7.0887,QC'd by SigmaAldrich
567,50106912,11957673,C1C(C1N)C2=CC=CC=C2.Cl,Inactive,0,,,Inactive,,,,,,,,,,4,1 0 0 0 0 0 1,9.6148,3.4419,20.7462,7.6458,24.7196,25.1695,-2.9069,9.6148,QC'd by SigmaAldrich
568,50106584,9976794,CN1CCC2(CCN3CCC4=C(C3C2)OC5=CC=CC=C45)N(C1=O)C.Cl,Inactive,0,,,Inactive,,,,,,,,,,4,,-15.7984,-4.228,-2.6569,-17.492,20.4829,23.1153,-16.8224,-15.7984,QC'd by SigmaAldrich
569,50106772,667639,C1=CC(=C(C=C1/C=C/C2=CC(=CC(=C2)O)O)O)O,Inactive,0,,,Inactive,,,,,,,,,,4,0 0 0 0 1 0 0,-39.4038,4.368,-7.6051,-5.6441,-8.1065,20.5316,2.9255,-39.4038,QC'd by SigmaAldrich
570,50103902,5328770,C1=CC=C(C=C1)CCCNC(=O)/C(=C/C2=CC(=C(C=C2)O)O)/C#N,Inactive,0,,,Inactive,,,,,,,,,,4,0 0 0 1 0 0 0,-17.9994,24.6018,-15.002,-3.3253,6.3822,-11.1221,-15.3366,-17.9994,QC'd by SigmaAldrich
571,50107151,2998,CCCCCCCCC(=O)NCC1=CC(=C(C=C1)O)OC,Inactive,0,,,Inactive,,,,,,,,,,4,1 0 0 0 0 0 0,-31.9878,14.8224,6.8764,-17.7976,0.1807,3.5397,14.2147,-31.9878,QC'd by SigmaAldrich
572,50105597,3397,CC(C)C(=O)NC1=CC(=C(C=C1)[N+](=O)[O-])C(F)(F)F,Inactive,0,,,Inactive,,,,,,,,,,4,0 0 0 0 1 0 0,-2.3933,9.3045,11.4489,2.9997,6.9478,38.4851,-7.3027,-2.3933,QC'd by SigmaAldrich
573,50106102,6419921,CN(C)CC/C=C/1\C2=CC=CC=C2COC3=CC=CC=C31.Cl,Inactive,0,,,Inactive,,,,,,,,,,4,1 0 0 0 0 0 0,-43.3127,-8.66,-6.9395,19.2401,10.8061,30.7116,28.5885,-43.3127,QC'd by SigmaAldrich
574,50106663,9922558,CC(CC1=CNC2=C1C=C(C=C2)O)N.C(=C\C(=O)O)\C(=O)O,Inactive,0,,,Inactive,,,,,,,,,,4,0 0 1 0 0 0 1,5.4496,-0.6798,7.4066,-7.4131,17.7919,8.5849,-16.364,5.4496,QC'd by SigmaAldrich
575,50106472,11957579,CC(C(C1=CC=C(C=C1)O)O)N2CCC(CC2)CC3=CC=CC=C3.CC(C(C1=CC=C(C=C1)O)O)N2CCC(CC2)CC3=CC=CC=C3.C(C(C(=O)O)O)(C(=O)O)O,Inactive,0,,,Inactive,,,,,,,,,,4,0 0 0 0 0 0 0,-45.118,21.3881,15.1865,12.2185,22.7597,17.1847,-23.7279,-45.118,QC'd by SigmaAldrich
576,50106032,1730,C1=CC(=CC=C1C(=O)O)[Hg]Cl,Inactive,0,,,Inactive,,,,,,,,,,4,0 0 0 0 1 0 0,-29.9467,-4.4957,-4.76,-11.6283,-8.7077,31.3215,-26.7338,-29.9467,QC'd by SigmaAldrich
577,50106973,3033332,CN/C(=C\[N+](=O)[O-])/NCCSCC1=CC=C(O1)CN(C)C.Cl,Inactive,0,,,Inactive,,,,,,,,,,4,,-7.8353,-3.3502,-9.109,0.9525,18.3303,1.8318,-7.26,-7.8353,QC'd by SigmaAldrich
578,50105785,122215,CCCCCCCCCC[Si](C)(C)CCC(=O)NC(CC1=CC=C(C=C1)C)C2=CC=CC=C2,Inactive,0,,,Inactive,,,,,,,,,,4,0 0 0 0 1 0 0,-7.9092,-12.382,19.6261,9.4896,2.6758,24.5442,-18.0928,-7.9092,QC'd by SigmaAldrich
579,50106521,5282408,CN1CCC(=C2C3=C(C(=O)CC4=CC=CC=C42)SC=C3)CC1.C(=C/C(=O)O)\C(=O)O,Inactive,0,,,Inactive,,,,,,,,,,4,0 1 0 0 0 0 0,-28.9518,-2.2811,-14.2494,-2.2432,19.0705,16.3089,-19.5182,-28.9518,QC'd by SigmaAldrich
580,50105846,4397,C1=CC(=CC=C1CCNC2=C3C(=NC=N2)N(C=N3)C4C(C(C(O4)CO)O)O)N,Inactive,0,,,Inactive,,,,,,,,,,4,0 0 0 0 0 1 0,0.2239,-5.1932,-14.8457,-2.6796,16.1889,22.1548,-24.5037,0.2239,QC'd by SigmaAldrich
581,50106279,5702160,C1=C(N=C(S1)N=C(N)N)CSCC/C(=N/S(=O)(=O)N)/N,Inactive,0,,,Inactive,,,,,,,,,,4,0 0 0 0 1 0 0,-13.0503,-10.0003,10.9865,-5.5942,11.9182,36.9321,9.1742,-13.0503,QC'd by SigmaAldrich
582,50105908,2763,CC(C)(C(=O)O)OC1=CC=C(C=C1)C2CC2(Cl)Cl,Inactive,0,,,Inactive,,,,,,,,,,4,0 0 0 0 0 0 1,-5.8786,1.7061,-7.0181,1.2669,-3.8543,9.62,-28.7311,-5.8786,QC'd by SigmaAldrich
583,50106227,11957532,CN1CCC23CCCC[C@H]2C1CC4=C3C=C(C=C4)O.C(C(C(=O)O)O)(C(=O)O)O,Inactive,0,,,Inactive,,,,,,,,,,4,0 1 0 0 0 0 1,17.1054,12.0089,39.0378,13.9207,22.9994,22.3682,28.2255,17.1054,QC'd by SigmaAldrich
584,50105723,71417,CCN(CC)CCNC(=O)C1=CC=C(C=C1)NC(=O)C.Cl,Inactive,0,,,Inactive,,,,,,,,,,4,0 0 0 0 1 0 0,44.0418,20.7536,43.491,12.9793,30.7993,62.6699,41.9067,44.0418,QC'd by SigmaAldrich
585,50106157,9964741,CN(C)C(=NCCC[C@@H](C(=O)O)N)N.Cl,Inactive,0,,,Inactive,,,,,,,,,,4,,-30.4586,-6.6797,-23.8811,-16.1102,-12.0971,33.0164,-9.2429,-30.4586,QC'd by SigmaAldrich
586,50104454,155806,CC(C)CN1C2=C(C(=O)N(C1=O)C)NC(=N2)COC,Inactive,0,,,Inactive,,,,,,,,,,4,1 0 0 0 0 0 0,0.3094,1.3694,9.5075,17.0363,32.9275,4.728,-15.3598,0.3094,QC'd by SigmaAldrich
587,26753247,2921148,CC1=C(C=C(C=C1)[N+](=O)[O-])S(=O)(=O)N(C)C,Inactive,0,,,Inactive,,,,,,,,,,4,0 0 0 0 1 0 1,-8.9469,-14.7296,-7.9684,-3.9551,-10.0453,47.9289,-22.6991,-8.9469,QC'd by SigmaAldrich
588,50104305,2207,C(CP(=O)(O)O)C(C(=O)O)N,Inactive,0,,,Inactive,,,,,,,,,,4,0 0 0 0 0 0 1,-13.3457,3.9142,17.4733,11.3172,19.7572,30.9373,-33.3888,-13.3457,QC'd by SigmaAldrich
589,50106220,5018304,C1=CC=C(C(=C1)CC(=O)[O-])NC2=C(C=CC=C2Cl)Cl.[Na+],Inactive,0,,,Inactive,,,,,,,,,,4,0 0 0 1 0 0 0,23.2188,9.2705,-4.1135,-3.7942,35.6007,0.5031,-0.3047,23.2188,QC'd by SigmaAldrich
590,50106976,6604165,[C-]#N.[C-]#N.[C-]#N.[C-]#N.[C-]#N.N#[O+].[Na+].[Na+].[Fe+2],Inactive,0,,,Inactive,,,,,,,,,,4,0 0 1 0 0 0 0,-16.2395,-0.7972,12.5123,-7.5275,3.59,12.9789,-14.8394,-16.2395,QC'd by SigmaAldrich
591,50106520,129407,CN(C(CN1CCCC1)C2=CC(=CC=C2)OCC(=O)O)C(=O)CC3=CC(=C(C=C3)Cl)Cl.Cl,Inactive,0,,,Inactive,,,,,,,,,,4,,-7.8663,-15.7955,-5.883,-7.2453,10.3158,-3.3896,-18.2493,-7.8663,QC'd by SigmaAldrich
592,50106284,11957547,CCCCCC[C@@H]([C@@H](C)O)N1C=NC2=C(N=CN=C21)N.Cl,Inactive,0,,,Inactive,,,,,,,,,,4,0 0 0 0 1 0 1,-2.5645,-7.3209,-5.0027,13.338,8.6456,23.0356,2.6293,-2.5645,QC'd by SigmaAldrich
593,50106660,6603999,CC1=CC2=C(C=C1Cl)N(CC2)C(=O)NC3=CC=NC4=CC=CC=C43,Inactive,0,,,Inactive,,,,,,,,,,4,0 0 0 0 0 1 0,12.5276,-7.3996,2.175,5.7321,-1.2621,2.5114,-16.4022,12.5276,QC'd by SigmaAldrich
594,50106765,135403829,CC1=C([C@@](SC1=O)(C)/C=C(\C)/C=C)O,Inactive,0,,,Inactive,,,,,,,,,,4,1 0 0 0 0 0 1,0.5789,-9.0664,9.5822,7.7826,3.3253,5.9591,-10.7934,0.5789,QC'd by SigmaAldrich
595,50106906,4779,C1=CC=C(C(=C1)CP(=O)(O)O)C2=CC=CC(=C2)CC(C(=O)O)N,Inactive,0,,,Inactive,,,,,,,,,,4,1 1 0 0 0 0 1,-16.8856,-30.9941,16.544,-11.2935,-31.3088,19.8729,0.3199,-16.8856,QC'd by SigmaAldrich
596,50104310,1216,C(CC(C(=O)O)N)CP(=O)(O)O,Inactive,0,,,Inactive,,,,,,,,,,4,0 1 0 0 0 0 0,40.1428,9.8461,35.8527,2.3441,34.229,49.2158,12.1115,40.1428,QC'd by SigmaAldrich
597,50104600,6604769,C1[C@H](N[C@@H]1C(=O)O)C(=O)O,Inactive,0,,,Inactive,,,,,,,,,,4,1 0 0 0 0 0 0,11.7573,0.6724,-16.4454,12.7234,8.9967,4.0868,12.9305,11.7573,QC'd by SigmaAldrich
598,50106977,517999,CN1C2CC(CC1C3C2O3)OC(=O)C(CO)C4=CC=CC=C4.Br,Inactive,0,,,Inactive,,,,,,,,,,4,0 0 0 1 0 0 1,16.9724,0.152,-7.9583,9.835,31.529,11.1292,-18.3844,16.9724,QC'd by SigmaAldrich
599,50106035,10695961,CC(=O)OCC1=C(N2[C@@H]([C@@H](C2=O)NC(=O)/C(=N\OC)/C3=CSC(=N3)N)SC1)C(=O)[O-].[Na+],Inactive,0,,,Inactive,,,,,,,,,,4,1 0 0 0 0 0 0,2.5757,3.1134,15.5453,24.5442,29.2201,47.6483,4.1253,2.5757,QC'd by SigmaAldrich
600,50106346,6172,CC[N+](CC)(CC)CCOC1=C(C(=CC=C1)OCC[N+](CC)(CC)CC)OCC[N+](CC)(CC)CC.[I-].[I-].[I-],Inactive,0,,,Inactive,,,,,,,,,,4,,27.0588,-4.634,4.614,12.6945,9.8651,12.6009,-7.3572,27.0588,QC'd by SigmaAldrich
601,26753610,5311299,COC1=CC(=C(C=C1C(=O)OCCN2CCCCC2)Cl)N,Inactive,0,,,Inactive,,,,,,,,,,4,0 0 0 0 1 0 1,15.4805,8.5021,4.4702,10.3605,0.9243,38.8828,-15.6299,15.4805,QC'd by SigmaAldrich
602,50106590,4051,CC1=CN=C(S1)NC(=O)C2=C(C3=CC=CC=C3S(=O)(=O)N2C)[O-].[Na+],Inactive,0,,,Inactive,,,,,,,,,,4,0 0 0 0 1 0 1,-6.3378,-19.1945,-4.2178,-2.9953,2.3404,19.1608,-12.278,-6.3378,QC'd by SigmaAldrich
603,50105911,24867476,CC(C)C[C@H]1C(=O)N2CCCC2[C@]3(N1C(=O)[C@](O3)(C(C)C)NC(=O)[C@H]4CN([C@@H]5CC6=C(NC7=CC=CC(=C67)C5=C4)Br)C)O.CS(=O)(=O)O,Inactive,0,,,Inactive,,,,,,,,,,4,0 1 0 0 0 0 0,-49.082,-17.0691,14.2702,-7.0301,-3.7482,0.2715,2.0285,-49.082,QC'd by SigmaAldrich
604,50107223,2046,C1=CC(=C(C=C1C=C(C#N)C#N)O)[N+](=O)[O-],Inactive,0,,,Inactive,,,,,,,,,,4,0 0 0 0 1 0 1,3.4983,16.4551,-10.8631,-7.3113,-0.273,25.2327,-16.0653,3.4983,QC'd by SigmaAldrich
605,50104028,12035,CC(=O)N[C@@H](CS)C(=O)O,Inactive,0,,,Inactive,,,,,,,,,,4,0 0 1 0 0 0 1,8.9144,0.7794,3.0529,25.7254,9.2408,26.7623,38.5286,8.9144,QC'd by SigmaAldrich
606,50106158,4687,CN1C=NC2=C1C(=O)N(C(=O)N2)C,Inactive,0,,,Inactive,,,,,,,,,,4,0 0 0 0 1 0 0,-22.1489,-6.4791,12.9268,5.9648,6.4725,35.095,-1.5282,-22.1489,QC'd by SigmaAldrich
607,50106730,123738,C1CN(CC(=C1)C(=O)O)CCON=C(C2=CC=CC=C2)C3=CC=CC=C3.Cl,Inactive,0,,,Inactive,,,,,,,,,,4,0 0 0 0 1 0 0,9.1556,-18.839,-0.2567,2.6105,8.5749,32.6182,4.0353,9.1556,QC'd by SigmaAldrich
608,50106409,433294,[Li+].[Cl-],Inactive,0,,,Inactive,,,,,,,,,,4,0 0 0 0 1 0 1,4.7433,7.4455,-1.3408,18.9949,27.729,32.0547,4.4546,4.7433,QC'd by SigmaAldrich
609,50104089,3878,C1=CC(=C(C(=C1)Cl)Cl)C2=C(N=C(N=N2)N)N,Inactive,0,,,Inactive,,,,,,,,,,4,0 1 0 0 0 0 0,26.3105,-8.0503,26.2692,-6.2222,24.9091,15.9778,8.6133,26.3105,QC'd by SigmaAldrich
610,50105787,22411,CC(=O)SCC[N+](C)(C)C.[Cl-],Inactive,0,,,Inactive,,,,,,,,,,4,0 1 0 0 0 0 0,-4.3934,10.2528,-1.8476,-0.3862,34.8191,31.5113,-19.9893,-4.3934,QC'd by SigmaAldrich
611,50106519,172975,CCN1C=CN=C1CC2COC3=CC=CC=C3O2.Cl,Inactive,0,,,Inactive,,,,,,,,,,4,0 0 0 0 0 0 0,11.6763,-21.042,-28.5635,-15.6352,-24.3968,-16.3627,-13.7719,11.6763,QC'd by SigmaAldrich
612,50106285,3448892,CC1=C(C2=C(N1CC3=CC=C(C=C3)F)C=CC(=C2)OC)CC(=O)O,Inactive,0,,,Inactive,,,,,,,,,,4,0 0 0 0 0 1 0,11.8714,-8.1502,5.225,4.6348,13.6747,12.2664,-6.0682,11.8714,QC'd by SigmaAldrich
613,50105666,9601084,C=CCN1CC[C@]23[C@@H]4/C(=N/NC(=O)C5=CC=CC=C5)/CC[C@]2([C@H]1CC6=C3C(=C(C=C6)O)O4)O,Inactive,0,,,Inactive,,,,,,,,,,4,1 0 0 0 0 0 1,14.7106,8.7584,14.8145,9.9306,15.2412,16.6626,3.6084,14.7106,QC'd by SigmaAldrich
614,50103904,4847,CC1=C(C(=O)N2C=CC=CC2=N1)CCN3CCC(CC3)C(=O)C4=CC=C(C=C4)F,Inactive,0,,,Inactive,,,,,,,,,,4,0 0 0 0 1 0 1,7.3677,10.4663,16.0544,-0.3571,20.2955,40.8039,-1.6403,7.3677,QC'd by SigmaAldrich
615,50104390,175540,CC(C)NC[C@@H](COC1=CC=C(C=C1)CC(=O)N)O,Inactive,0,,,Inactive,,,,,,,,,,4,,6.362,-5.6984,-2.4063,-7.3554,13.2042,1.0791,-11.8977,6.362,QC'd by SigmaAldrich
616,50105717,178,CC(=O)N,Inactive,0,,,Inactive,,,,,,,,,,4,0 1 0 0 0 0 0,24.8058,10.2365,57.6379,29.1639,33.1806,21.3885,27.0607,24.8058,QC'd by SigmaAldrich
617,50106096,11957504,C(C1C(C(C([C@H](O1)O)Cl)O)O)O,Inactive,0,,,Inactive,,,,,,,,,,4,0 0 0 0 0 0 1,40.617,21.2282,20.1872,25.9039,26.5222,26.0931,-2.605,40.617,QC'd by SigmaAldrich
618,50106408,122926,C1=C(NC=N1)CO.Cl,Inactive,0,,,Inactive,,,,,,,,,,4,0 1 0 0 0 0 0,6.4708,-9.3467,10.6455,-12.8384,11.3956,9.4495,-3.421,6.4708,QC'd by SigmaAldrich
619,50106034,5926,C[N+](C)(C)CC#CCOC(=O)NC1=CC(=CC=C1)Cl.[Cl-],Inactive,0,,,Inactive,,,,,,,,,,4,0 0 0 0 1 0 1,5.9115,-0.7724,1.3022,5.1546,4.5459,26.0181,-15.2936,5.9115,QC'd by SigmaAldrich
620,50106905,11957671,CCCN(CCC1=CC=CC=C1)C2CCC3=C(C2)C=CC=C3O.Cl,Inactive,0,,,Inactive,,,,,,,,,,4,1 0 0 0 0 0 0,-12.0899,12.8645,-7.1202,-1.5033,17.2633,7.4952,-5.5468,-12.0899,QC'd by SigmaAldrich
621,50106589,11957606,CC[N+](CC)(CC)COC1=CC=C(C=C1)/C=C/C2=CC=CC=C2.[I-],Inactive,0,,,Inactive,,,,,,,,,,4,1 0 0 0 0 0 0,-28.7791,-9.5962,13.2686,8.8027,8.7068,0.5359,-2.9823,-28.7791,QC'd by SigmaAldrich
622,50105840,16230,C1(=C(N=C(C(=N1)Cl)N)N)C(=O)N=C(N)N.Cl,Inactive,0,,,Inactive,,,,,,,,,,4,,-1.7165,0.0298,0.848,-1.1775,0.1146,7.6678,-7.4495,-1.7165,QC'd by SigmaAldrich
623,50106731,9568,CC1=CC=CC=C1C(C2=CC=CC=C2)OCCN(C)C.Cl,Inactive,0,,,Inactive,,,,,,,,,,4,0 0 0 0 0 0 0,-38.6992,10.5104,29.9142,16.6063,23.1338,33.7213,-6.9076,-38.6992,QC'd by SigmaAldrich
624,50105788,6603710,CCS(=O)(=O)NC1=CC=CC(=C1)C(=C2CCCCC2)C3=CN=CN3,Inactive,0,,,Inactive,,,,,,,,,,4,,-1.6896,-1.415,-18.7646,-9.0551,-5.8133,23.7836,-6.1919,-1.6896,QC'd by SigmaAldrich
625,50104185,9363,CCN(CC)C(=O)C1=CC(=C(C=C1)O)OC,Inactive,0,,,Inactive,,,,,,,,,,4,0 0 0 0 1 0 1,11.3312,13.7173,5.619,4.1019,7.3027,47.3543,-5.6742,11.3312,QC'd by SigmaAldrich
626,50104387,2249,CC(C)NCC(COC1=CC=C(C=C1)CC(=O)N)O,Inactive,0,,,Inactive,,,,,,,,,,4,1 0 0 0 0 0 1,24.0341,35.0389,2.6992,11.5185,26.1784,7.6323,-8.7961,24.0341,QC'd by SigmaAldrich
627,50106469,11957576,CC1(C2=CC=CC=C2N(C1=O)CCN3CCC(CC3)C(=O)C4=CC=C(C=C4)F)C.Cl,Inactive,0,,,Inactive,,,,,,,,,,4,0 0 0 0 0 0 0,-8.7169,19.1957,28.14,16.9443,34.2271,32.8158,-9.6676,-8.7169,QC'd by SigmaAldrich
628,50104528,440005,C(C[C@@H](C(=O)O)N)CN=C(N)N[N+](=O)[O-],Inactive,0,,,Inactive,,,,,,,,,,4,,25.5306,30.1338,20.7434,3.8695,28.8014,34.7457,17.3636,25.5306,QC'd by SigmaAldrich
629,50106908,24867529,COC1=CC2=C(C=CN=C2C=C1)[C@H]([C@H]3C[C@H]4CCN3C[C@H]4C=C)O.COC1=CC2=C(C=CN=C2C=C1)[C@H]([C@H]3C[C@H]4CCN3C[C@H]4C=C)O.OS(=O)(=O)O,Inactive,0,,,Inactive,,,,,,,,,,4,0 0 0 0 1 0 0,-39.0125,-13.7313,6.9272,-1.2427,3.5829,32.919,-14.5206,-39.0125,QC'd by SigmaAldrich
630,50105913,446727,C1[C@@H]([C@H](O[C@H]1N2C=C(C(=O)NC2=O)/C=C/Br)CO)O,Inactive,0,,,Inactive,,,,,,,,,,4,0 0 0 0 1 0 1,6.8904,10.8448,17.4557,8.818,5.5997,25.7333,0.1622,6.8904,QC'd by SigmaAldrich
631,50107086,11957706,C1CNCC(C2=CC(=C(C(=C21)Cl)O)O)C3=CC=CC=C3.Br,Inactive,0,,,Inactive,,,,,,,,,,4,0 0 0 0 0 0 0,-45.4737,4.3626,-5.2474,13.2087,12.1439,35.8639,-3.2707,-45.4737,QC'd by SigmaAldrich
632,50104308,3122,C(CCC(C(=O)O)N)CCP(=O)(O)O,Inactive,0,,,Inactive,,,,,,,,,,4,0 0 0 0 0 1 0,35.728,-3.9485,10.678,16.137,25.1502,38.2724,1.2111,35.728,QC'd by SigmaAldrich
633,50106767,5702098,CC(CCC1=CC=CC=C1)NC(C)C(C2=CC=C(C=C2)O)O.Cl,Inactive,0,,,Inactive,,,,,,,,,,4,0 0 1 0 0 0 0,-17.7329,0.3098,2.5663,-13.8701,12.6813,-3.1967,-9.4407,-17.7329,QC'd by SigmaAldrich
634,50106037,11957494,CC(=O)OCC1=C(N2[C@@H]([C@@H](C2=O)NC(=O)CCC[C@H](C(=O)[O-])N)SC1)C(=O)[O-].[Zn+2],Inactive,0,,,Inactive,,,,,,,,,,4,0 0 0 0 0 1 0,25.5296,-4.083,5.2401,0.3574,24.2358,21.9239,-18.9432,25.5296,QC'd by SigmaAldrich
635,50106160,86470,CNCCC1=CC(=C(C=C1)O)O.Cl,Inactive,0,,,Inactive,,,,,,,,,,4,,-34.4782,-21.2876,-23.9987,-18.4511,-8.116,4.6081,-25.8274,-34.4782,QC'd by SigmaAldrich
636,50104457,4375,CNC(=O)C1=NC=C2C(=C1)C3=CC=CC=C3N2,Inactive,0,,,Inactive,,,,,,,,,,4,0 0 0 0 0 0 0,38.9577,-1.4728,22.0971,21.616,10.576,32.7148,27.8085,38.9577,QC'd by SigmaAldrich
637,50106161,1917,CN1C2=C(C(=O)N(C1=O)C)NC(=N2)C3CCCC3,Inactive,0,,,Inactive,,,,,,,,,,4,,16.3889,-6.6231,30.2091,-2.3461,7.7686,34.5672,1.3068,16.3889,QC'd by SigmaAldrich
638,50107147,11211984,C1CCC(CC1)NC(=S)N2CCC(CC2)C3=CN=CN3.C(=C\C(=O)O)\C(=O)O,Inactive,0,,,Inactive,,,,,,,,,,4,0 0 0 1 0 0 0,-24.2443,18.6652,1.0223,-12.6525,24.9547,-2.204,-16.9139,-24.2443,QC'd by SigmaAldrich
639,50106098,11957505,COC1=C(C(=CC=C1)OC)OCCNCC2COC3=CC=CC=C3O2.Cl,Inactive,0,,,Inactive,,,,,,,,,,4,0 0 0 0 1 0 0,17.8598,-15.4562,9.7772,3.6763,9.8824,33.8283,7.9295,17.8598,QC'd by SigmaAldrich
640,50106283,6852374,CNC[C@@H](C1=CC(=C(C=C1)O)O)O.C(C(C(=O)O)O)(C(=O)O)O,Inactive,0,,,Inactive,,,,,,,,,,4,,-10.77,-16.4343,4.7082,-8.8106,8.9487,-9.7284,-13.3804,-10.77,QC'd by SigmaAldrich
641,50106468,24867506,CCN1C[C@@]2(CC[C@@H]([C@@]34[C@H]2C[C@@H]([C@H]31)[C@]5(C[C@@H]([C@H]6C[C@@H]4C5[C@H]6O)OC)O)O)C,Inactive,0,,,Inactive,,,,,,,,,,4,,1.2785,-0.6249,-2.2568,1.3658,5.7633,20.9373,-0.8809,1.2785,QC'd by SigmaAldrich
642,50104371,447196,C1=C(C(=O)NC(=O)N1C[C@@H](C(=O)O)N)I,Inactive,0,,,Inactive,,,,,,,,,,4,0 0 0 0 0 0 1,8.1508,-7.9113,-4.333,1.7709,27.3391,24.6705,17.7273,8.1508,QC'd by SigmaAldrich
643,50103969,444795,CC1=C(C(CCC1)(C)C)/C=C/C(=C/C=C/C(=C/C(=O)O)/C)/C,Inactive,0,,,Inactive,,,,,,,,,,4,1 0 0 0 0 0 0,23.6543,-14.027,2.6128,-4.3106,-0.3585,0.3255,0.1256,23.6543,QC'd by SigmaAldrich
644,50106978,9384,C(CCNCCCN)CNCCCN.Cl.Cl.Cl.Cl,Inactive,0,,,Inactive,,,,,,,,,,4,0 0 0 0 1 0 1,1.6913,-7.6022,7.6859,6.2238,20.584,33.025,-1.2438,1.6913,QC'd by SigmaAldrich
645,50106036,23675312,CC(=O)OCC1=C(N2[C@@H]([C@@H](C2=O)NC(=O)CSC3=CC=NC=C3)SC1)C(=O)[O-].[Na+],Inactive,0,,,Inactive,,,,,,,,,,4,0 0 0 0 0 1 0,30.4277,2.8815,11.3202,4.2557,25.6526,38.4411,16.5313,30.4277,QC'd by SigmaAldrich
646,50106406,1245,COC1=C(C=CC(=C1)C(C(=O)O)O)O,Inactive,0,,,Inactive,,,,,,,,,,4,0 0 0 0 0 0 0,-21.1299,-0.4436,-1.1431,18.0792,12.7336,0.9283,-12.446,-21.1299,QC'd by SigmaAldrich
647,50107085,62935,C1CN(CCN1CCCN2C(=O)N3C=CC=CC3=N2)C4=CC(=CC=C4)Cl.Cl,Inactive,0,,,Inactive,,,,,,,,,,4,0 1 0 0 0 0 1,1.1512,22.9767,-29.4217,2.1543,14.5058,-2.2345,-26.7799,1.1512,QC'd by SigmaAldrich
648,50106838,657349,CC[C@H]1[C@H](COC1=O)CC2=CN=CN2C.[N+](=O)(O)[O-],Inactive,0,,,Inactive,,,,,,,,,,4,0 0 0 0 0 0 1,6.4969,4.2003,6.1576,7.2309,18.8843,35.2054,19.4435,6.4969,QC'd by SigmaAldrich
649,50105719,64150,C1C2CC3CC1CC(C2)(C3)N.Cl,Inactive,0,,,Inactive,,,,,,,,,,4,0 1 0 0 0 0 0,34.3354,7.8477,36.3786,8.757,20.1151,39.1787,15.4995,34.3354,QC'd by SigmaAldrich
650,50106587,11538542,CCOC(=O)C1=C(N(C(=C(C1C2=CC(=CC=C2)[N+](=O)[O-])C(=O)OC)C)CC#C)C,Inactive,0,,,Inactive,,,,,,,,,,4,,-6.1932,-14.653,5.6588,4.9053,-14.3276,17.3287,-7.1313,-6.1932,QC'd by SigmaAldrich
651,26753607,16759251,CC(=O)NCCC(=O)C1=C(C=CC(=C1)OC)CN=O,Inactive,0,,,Inactive,,,,,,,,,,4,0 0 0 0 0 0 1,19.8915,-16.4674,14.1292,-0.893,6.2377,15.1674,-10.1289,19.8915,QC'd by SigmaAldrich
652,50105912,11545,C[N+](C)(C)CC(=O)O.[Cl-],Inactive,0,,,Inactive,,,,,,,,,,4,1 0 0 0 0 0 1,-9.0497,1.0259,-12.5792,9.2911,3.6146,14.2221,0.2575,-9.0497,QC'd by SigmaAldrich
653,50106413,160436,C1=CC2=C(C=C1O)C(=CN2)CCN.Cl,Inactive,0,,,Inactive,,,,,,,,,,4,1 0 0 0 0 0 1,9.8222,7.7,-1.767,0.3841,13.5422,24.4115,20.3271,9.8222,QC'd by SigmaAldrich
654,50106533,6603892,CCCN1C(=C(C2=CC=CC=C21)C(=O)C3=CC4=CC=CC=C4C=C3)C,Inactive,0,,,Inactive,,,,,,,,,,4,0 0 0 0 0 1 0,33.9882,4.591,-3.8848,-2.4701,45.0892,42.3133,19.0871,33.9882,QC'd by SigmaAldrich
655,50106902,92163,CCCNC(C)C(=O)NC1=CC=CC=C1C.Cl,Inactive,0,,,Inactive,,,,,,,,,,4,0 0 0 0 1 0 1,-7.8144,-14.0627,-2.48,1.4501,3.1448,24.42,-11.052,-7.8144,QC'd by SigmaAldrich
656,50104804,5353454,CC(/C=C/C1=CC(=CC=C1)OC2=CC=C(C=C2)F)N(C(=O)N)O,Inactive,0,,,Inactive,,,,,,,,,,4,1 0 0 0 0 0 0,-19.8392,-17.9501,-2.654,-0.5595,2.6393,5.6042,-7.617,-19.8392,QC'd by SigmaAldrich
657,50106232,6603822,CCCCCCCCCCCCCCC[C@@H]([C@@H](CO)N)O,Inactive,0,,,Inactive,,,,,,,,,,4,,32.3736,16.0243,2.7432,26.7593,11.7529,14.9353,14.0672,32.3736,QC'd by SigmaAldrich
658,50106483,5807,CC(C)NCC(C1=CC(=C(C=C1)O)O)O.Cl,Inactive,0,,,Inactive,,,,,,,,,,4,,2.2397,-9.0596,-6.5975,-8.3009,1.6314,7.7914,-3.5946,2.2397,QC'd by SigmaAldrich
659,50105240,3308,CCC1=C2C(=CC=C1)C3=C(N2)C(OCC3)(CC)CC(=O)O,Inactive,0,,,Inactive,,,,,,,,,,4,0 0 0 0 1 0 0,20.6938,14.5309,8.1927,-10.21,0.1769,21.6432,-4.6493,20.6938,QC'd by SigmaAldrich
660,50106839,5887,CN(C)CCCN1C2=CC=CC=C2SC3=CC=CC=C31.Cl,Inactive,0,,,Inactive,,,,,,,,,,4,1 0 0 0 0 0 0,-28.2448,4.6988,9.5106,14.6731,13.3409,37.9967,36.7147,-28.2448,QC'd by SigmaAldrich
661,50105027,1893668,CCN\1C2=C(C=CC(=C2)OC)S/C1=C\C(=O)C,Inactive,0,,,Inactive,,,,,,,,,,4,1 0 0 0 0 0 1,9.5931,-9.5276,6.2135,-5.1626,11.564,12.7524,-27.5443,9.5931,QC'd by SigmaAldrich
662,50104526,6322,C(C[C@@H](C(=O)O)N)CN=C(N)N,Inactive,0,,,Inactive,,,,,,,,,,4,0 0 0 0 0 1 0,9.0223,-16.3575,-14.1738,-32.9552,4.8691,4.2146,-29.3097,9.0223,QC'd by SigmaAldrich
663,50105915,171729,C[N+]1(CCC2=CC3=C(C=C2C1C4C5=C(C6=C(C=C5)OCO6)C(=O)O4)OCO3)C.[Br-],Inactive,0,,,Inactive,,,,,,,,,,4,0 0 0 0 1 0 0,-4.02,-17.378,-10.4428,-11.2854,-10.062,14.0199,-28.1458,-4.02,QC'd by SigmaAldrich
664,26753552,4712,C1=CC(=CC=C1C2=NC(=C(N2)C3=CC=NC=C3)C4=CC=C(C=C4)F)[N+](=O)[O-],Inactive,0,,,Inactive,,,,,,,,,,4,1 0 0 0 0 0 0,-10.0362,-7.0002,8.4027,5.2687,5.5019,0.5462,-4.9971,-10.0362,QC'd by SigmaAldrich
665,50106023,5281787,C1=CC=C(C=C1)CCOC(=O)/C=C/C2=CC(=C(C=C2)O)O,Inactive,0,,,Inactive,,,,,,,,,,4,0 0 0 0 0 1 0,8.2725,-16.3929,-0.8544,-7.307,10.0377,20.8397,-27.2635,8.2725,QC'd by SigmaAldrich
666,50107211,5328760,C1=CC(=C(C=C1/C=C(\C#N)/C(=O)C2=CC(=C(C=C2)O)O)O)O,Inactive,0,,,Inactive,,,,,,,,,,4,,3.1031,3.5358,-8.302,4.236,28.8256,3.2281,-5.2695,3.1031,QC'd by SigmaAldrich
667,50106595,6081,CC(C(C1=C(C=CC(=C1)OC)OC)O)N.Cl,Inactive,0,,,Inactive,,,,,,,,,,4,0 0 0 0 1 0 0,12.2739,-11.1028,-1.2638,-0.7513,10.8475,64.6395,-7.6116,12.2739,QC'd by SigmaAldrich
668,50106343,5961,C(CC(=O)N)[C@@H](C(=O)O)N,Inactive,0,,,Inactive,,,,,,,,,,4,0 0 0 0 0 1 0,11.7825,-5.6109,-7.2789,4.433,5.1316,14.3761,-12.9533,11.7825,QC'd by SigmaAldrich
669,50106272,11957545,C1CC2CC1C[C@@H]2NC3=C4C(=NC=N3)N(C=N4)[C@H]5[C@@H]([C@@H]([C@H](O5)CO)O)O,Inactive,0,,,Inactive,,,,,,,,,,4,0 0 0 0 1 0 0,8.3595,-7.4799,11.6912,20.0107,8.3313,34.1554,5.8445,8.3595,QC'd by SigmaAldrich
670,50104315,3857,C(C(C(=O)O)N)P(=O)(O)O,Inactive,0,,,Inactive,,,,,,,,,,4,,-30.8145,-13.3855,-14.1982,-13.6862,1.5186,-9.7633,-8.1168,-30.8145,QC'd by SigmaAldrich
671,50104402,2284,C1=CC(=CC=C1C(CC(=O)O)CN)Cl,Inactive,0,,,Inactive,,,,,,,,,,4,0 0 0 0 1 0 0,22.3311,-14.4032,4.6019,0.4854,-2.5076,26.9344,-15.5717,22.3311,QC'd by SigmaAldrich
672,26753676,115227,CC1=C(C=C(C(=O)N1)C#N)C2=CN3C=CN=C3C=C2.Cl,Inactive,0,,,Inactive,,,,,,,,,,4,0 0 0 0 0 1 0,13.1828,-17.1135,15.4349,0.1398,11.0811,30.049,-13.7183,13.1828,QC'd by SigmaAldrich
673,50104464,5328772,C[C@H](C1=CC=CC=C1)NC(=O)/C(=C/C2=CC(=C(C=C2)O)O)/C#N,Inactive,0,,,Inactive,,,,,,,,,,4,0 0 0 0 1 0 0,-14.7246,20.9886,-9.9689,16.2263,-8.0203,23.986,-9.0611,-14.7246,QC'd by SigmaAldrich
674,50105466,2265,CN1C=NC(=C1SC2=NC=NC3=C2NC=N3)[N+](=O)[O-],Inactive,0,,,Inactive,,,,,,,,,,4,0 0 0 1 0 0 0,-30.0548,-2.3289,-5.6623,-6.1706,13.1117,-7.3025,-18.2486,-30.0548,QC'd by SigmaAldrich
675,50106532,11957590,CC1=C2CCCC2=C(C=C1)OCC(C(C)NC(C)C)O.Cl,Inactive,0,,,Inactive,,,,,,,,,,4,1 0 0 0 1 0 0,-36.7511,-21.8271,-6.067,-4.6704,6.7185,22.999,-13.0728,-36.7511,QC'd by SigmaAldrich
676,50106482,23702,CCC(C(C1=CC(=C(C=C1)O)O)O)NC(C)C.CS(=O)(=O)O,Inactive,0,,,Inactive,,,,,,,,,,4,0 1 0 0 0 0 0,2.6242,8.3884,-4.386,12.2446,10.9176,8.1956,-4.1013,2.6242,QC'd by SigmaAldrich
677,50105775,2734952,C(=NN)(N)N.C(=NN)(N)N.OS(=O)(=O)O,Inactive,0,,,Inactive,,,,,,,,,,4,0 0 0 0 0 0 0,23.3844,-6.5032,9.7087,7.6473,5.6655,16.1226,22.9006,23.3844,QC'd by SigmaAldrich
678,50104680,4828,CC(C)NCC(COC1=CC=CC2=C1C=CN2)O,Inactive,0,,,Inactive,,,,,,,,,,4,1 0 0 0 0 1 0,19.9606,-23.3269,-0.0801,-9.5993,-0.0598,19.0525,-5.2696,19.9606,QC'd by SigmaAldrich
679,50106657,39214,CC1=NC=C(C(=N1)N)CNC(=O)N(CCCl)N=O,Inactive,0,,,Inactive,,,,,,,,,,4,1 0 0 0 0 0 0,-0.6761,-2.748,8.1306,10.7714,23.9267,20.909,-4.5502,-0.6761,QC'd by SigmaAldrich
680,50105852,2145,CCC1(CCC(=O)NC1=O)C2=CC=C(C=C2)N,Inactive,0,,,Inactive,,,,,,,,,,4,,-13.9915,-14.2866,-11.1564,-20.4471,-3.2267,-15.4198,-16.3746,-13.9915,QC'd by SigmaAldrich
681,50103892,440707,C[C@]12CCC(=O)C=C1CC[C@@H]3[C@@H]2CC[C@]4([C@H]3CC[C@@]4(C(=O)CO)O)C,Inactive,0,,,Inactive,,,,,,,,,,4,0 0 1 0 0 0 0,5.9874,-17.4058,-13.8179,-34.3836,-16.6571,-5.4347,-24.391,5.9874,QC'd by SigmaAldrich
682,50106022,20179,C1CN=C(N1)NC2=C(C=CC=C2Cl)Cl.Cl,Inactive,0,,,Inactive,,,,,,,,,,4,0 0 0 0 0 1 0,34.115,0.2589,9.3494,1.2882,19.2254,33.2672,-9.2642,34.115,QC'd by SigmaAldrich
683,50106778,5460033,N.N.Cl[Pt]Cl,Inactive,0,,,Inactive,,,,,,,,,,4,0 0 0 1 0 0 0,1.1941,-6.0888,-15.528,-1.6636,21.6803,9.2579,-2.8783,1.1941,QC'd by SigmaAldrich
684,50106594,11957608,CC(C)(CCP(=O)(O)O)C(=O)O.Cl,Inactive,0,,,Inactive,,,,,,,,,,4,0 0 0 0 1 0 0,22.9189,10.6959,6.3768,10.6834,6.4298,38.9894,18.0174,22.9189,QC'd by SigmaAldrich
685,50106163,9909521,C=CCN1CCC2=C(C(=C(C=C2C(C1)C3=CC=CC=C3)O)O)Cl.Br,Inactive,0,,,Inactive,,,,,,,,,,4,0 1 0 0 0 0 1,1.1713,-6.5268,29.6989,2.5682,19.2114,19.5026,24.8648,1.1713,QC'd by SigmaAldrich
686,50106963,71279,CC1=C(C(=CC=C1)C)NC(=O)CN2CCN(CC2)CC(COC3=CC=CC=C3OC)O.Cl.Cl,Inactive,0,,,Inactive,,,,,,,,,,4,1 0 0 0 1 0 1,-0.7074,24.4377,-2.7529,-1.7649,40.3591,47.4655,2.9418,-0.7074,QC'd by SigmaAldrich
687,50106531,23704140,CC1=CC(=C(C(=C1)C(=O)N2CCC3(CCCC3)CC2)NC(=O)C[C@H](CC(=O)[O-])C4=CC=CC5=CC=CC=C54)C.[Na+],Inactive,0,,,Inactive,,,,,,,,,,4,,1.8871,4.5959,5.5533,-19.2764,-3.0208,2.8542,8.2159,1.8871,QC'd by SigmaAldrich
688,50106411,1309,CN1CCC2=CC3=C(C=C2C1C4C5=C(C(=C(C=C5)OC)OC)C(=O)O4)OCO3,Inactive,0,,,Inactive,,,,,,,,,,4,0 0 0 0 0 0 1,-1.187,1.0399,-1.5242,11.5932,20.4999,30.2223,12.1536,-1.187,QC'd by SigmaAldrich
689,50106340,41022,CC(=O)O.C1CCNC(C1)CNC(=O)C2=C(C=CC(=C2)OCC(F)(F)F)OCC(F)(F)F,Inactive,0,,,Inactive,,,,,,,,,,4,1 0 0 0 0 0 1,0.2747,-1.4499,5.1836,9.7527,4.3957,15.7883,-17.0436,0.2747,QC'd by SigmaAldrich
690,50104745,5281404,CC1=NC=CC2=C1NC3=CC=CC=C23,Inactive,0,,,Inactive,,,,,,,,,,4,0 0 0 0 0 0 0,5.3884,-17.9193,-22.8638,4.119,4.8805,13.6574,7.8908,5.3884,QC'd by SigmaAldrich
691,50106269,200213,CCSC(=N)N.Br,Inactive,0,,,Inactive,,,,,,,,,,4,,0.3934,-8.4622,4.4919,-3.8687,1.6151,24.0789,-4.1265,0.3934,QC'd by SigmaAldrich
692,50106592,6420039,CC1=CC(=C(C=C1OC(=O)C)C(C)C)OCCN(C)C.Cl,Inactive,0,,,Inactive,,,,,,,,,,4,,-8.1065,-28.7661,-14.3045,-21.6992,1.4316,14.2827,-24.7788,-8.1065,QC'd by SigmaAldrich
693,50104312,22880,CN[C@H](CC(=O)O)C(=O)O,Inactive,0,,,Inactive,,,,,,,,,,4,0 0 0 1 0 0 0,-8.2251,-21.4695,-9.4085,-16.0307,12.9651,-9.11,-15.4655,-8.2251,QC'd by SigmaAldrich
694,50106234,9926237,C1CC2CN(CC1N2)C3=NN=C(C=C3)Cl.Cl.Cl,Inactive,0,,,Inactive,,,,,,,,,,4,1 0 0 0 1 0 0,-11.853,-27.9841,-4.5655,5.3706,-2.6272,20.5266,-2.5345,-11.853,QC'd by SigmaAldrich
695,50105917,74724,C[N+](C)(C)CCO.[Br-],Inactive,0,,,Inactive,,,,,,,,,,4,0 0 0 1 0 0 1,-5.4475,-5.2816,-5.559,-19.3392,27.8311,18.3447,-7.0734,-5.4475,QC'd by SigmaAldrich
696,50106653,8246,CN(C)C(=O)OC1=CC=CC(=C1)[N+](C)(C)C.[Br-],Inactive,0,,,Inactive,,,,,,,,,,4,0 0 0 0 1 0 0,9.4462,-16.9372,8.5029,-0.9112,28.8805,38.6076,-5.5782,9.4462,QC'd by SigmaAldrich
697,50105776,2266,C(CCCC(=O)O)CCCC(=O)O,Inactive,0,,,Inactive,,,,,,,,,,4,0 1 0 0 0 0 0,-2.9639,-13.5206,15.6585,3.6479,2.7185,9.7188,2.7396,-2.9639,QC'd by SigmaAldrich
698,50106095,9901617,C[C@H](C1CCC(CC1)C(=O)NC2=CC=NC=C2)N.Cl.Cl,Inactive,0,,,Inactive,,,,,,,,,,4,0 0 0 1 0 0 0,11.5368,16.5104,20.3163,15.4468,26.0862,6.9607,5.9054,11.5368,QC'd by SigmaAldrich
699,50107090,3060974,CC1=CC(=C(C(=C1)C)N=C2C=C3C4=CC(=C(C=C4CCN3C(=O)N2C)OC)OC)C.Cl,Inactive,0,,,Inactive,,,,,,,,,,4,1 0 0 0 0 0 0,-23.6149,-19.7133,3.5394,0.4696,4.5514,16.5599,-10.6858,-23.6149,QC'd by SigmaAldrich
700,50105855,2143,CN1C2CCC1CC(C2)OC(C3=CC=CC=C3)C4=CC=CC=C4N,Inactive,0,,,Inactive,,,,,,,,,,4,0 0 0 0 1 0 0,-49.2267,1.8415,-13.7861,-22.5802,-21.7535,54.3995,-17.1171,-49.2267,QC'd by SigmaAldrich
701,50106164,5353365,CN1C(=NC2=C1C(=O)N(C(=O)N2C)C)/C=C/C3=CC(=CC=C3)Cl,Inactive,0,,,Inactive,,,,,,,,,,4,0 0 0 0 1 0 1,-10.3477,-8.7428,-10.0132,12.4634,9.3146,14.4013,-7.6169,-10.3477,QC'd by SigmaAldrich
702,50106966,131746,C1CN(CCC1N)C2=NC(=CC=C2)Cl.Cl,Inactive,0,,,Inactive,,,,,,,,,,4,0 0 0 1 0 0 0,0.9201,-4.0063,-4.7239,-13.9152,11.2253,-9.2725,-4.4622,0.9201,QC'd by SigmaAldrich
703,50106842,71405,CN1CCN(CC1)CC(=O)N2C3=CC=CC=C3C(=O)NC4=C2N=CC=C4.Cl.Cl,Inactive,0,,,Inactive,,,,,,,,,,4,1 0 0 0 0 0 0,31.3318,-20.0661,6.7893,-0.8129,-9.2005,8.7921,4.4415,31.3318,QC'd by SigmaAldrich
704,50105916,169743,CCN1CCC2=C(CC1)OC(=N2)N.Cl.Cl,Inactive,0,,,Inactive,,,,,,,,,,4,0 0 0 0 1 0 0,-5.313,9.0266,-6.9086,-10.9642,5.9978,30.114,-14.2398,-5.313,QC'd by SigmaAldrich
705,50105715,1868,COC1=CC2=C(C=C1)NC3=C2CCNC3,Inactive,0,,,Inactive,,,,,,,,,,4,1 0 0 0 0 0 0,17.4618,-21.6946,-9.7284,-2.6223,-12.109,-6.4364,4.0936,17.4618,QC'd by SigmaAldrich
706,50104959,128355,C1=CC=C2C(=C1)C=CC(=N2)COC3=CC=CC(=C3)NC4=CC=CC=C4C(=O)O,Inactive,0,,,Inactive,,,,,,,,,,4,0 0 0 0 1 0 0,30.3022,2.7604,0.1446,19.0529,33.0466,45.1029,16.0529,30.3022,QC'd by SigmaAldrich
707,50107159,11957718,CN([C@@H]1CC[C@]2(CCCO2)C[C@H]1N3CCCC3)C(=O)CC4=CC(=C(C=C4)Cl)Cl.CS(=O)(=O)O,Inactive,0,,,Inactive,,,,,,,,,,4,1 0 0 0 0 0 0,-43.8329,20.0784,0.49,-3.4144,19.397,11.8193,1.4857,-43.8329,QC'd by SigmaAldrich
708,50106094,6438352,CN1CCN(CC1)C2=NC3=C(C=CC(=C3)C(F)(F)F)N4C2=CC=C4.C(=C\C(=O)O)\C(=O)O,Inactive,0,,,Inactive,,,,,,,,,,4,1 0 0 0 0 0 0,-21.4289,-14.6159,-7.7793,-4.9219,2.506,3.9837,-19.864,-21.4289,QC'd by SigmaAldrich
709,50105854,1328,CCN1C2=C(C(=O)N(C1=O)CC)NC(=N2)C3=CC=CC=C3,Inactive,0,,,Inactive,,,,,,,,,,4,1 0 0 0 0 0 0,-27.1381,12.744,-2.5524,3.0894,1.1954,0.2026,-8.6399,-27.1381,QC'd by SigmaAldrich
710,50107214,5520,CP(=O)(C1=CC[NH2+]CC1)[O-],Inactive,0,,,Inactive,,,,,,,,,,4,,-3.6422,6.0074,6.1494,5.3429,14.9377,-5.5721,-7.7767,-3.6422,QC'd by SigmaAldrich
711,50106651,4549312,CC1=CC=CC=C1CNC2=C3C(=NC=N2)N(C=N3)C4C(C(C(O4)CO)O)O,Inactive,0,,,Inactive,,,,,,,,,,4,0 0 1 0 0 0 0,11.252,-4.5294,10.7611,28.4062,14.7025,27.5747,-2.0553,11.252,QC'd by SigmaAldrich
712,26753246,2921148,CC1=C(C=C(C=C1)[N+](=O)[O-])S(=O)(=O)N(C)C,Inactive,0,,,Inactive,,,,,,,,,,4,0 0 0 0 1 0 0,25.7159,7.3989,22.2096,27.7348,15.7858,45.0911,8.2028,25.7159,QC'd by SigmaAldrich
713,50106722,84605,CNC(=O)OCC[N+](C)(C)C.[Cl-],Inactive,0,,,Inactive,,,,,,,,,,4,,16.2619,-20.0843,7.3254,18.4453,4.308,34.1313,12.0215,16.2619,QC'd by SigmaAldrich
714,50106338,716312,C1=CC(=CC=C1C[C@@H](C(=O)O)N)F,Inactive,0,,,Inactive,,,,,,,,,,4,,-3.5542,-14.6819,14.0628,9.7751,-9.5055,5.2732,-10.3614,-3.5542,QC'd by SigmaAldrich
715,50106843,11957662,C1=CC(=CC(=C1)CCSC(=N)N)CCSC(=N)N.Br.Br,Inactive,0,,,Inactive,,,,,,,,,,4,1 0 0 0 0 0 0,-21.1878,-11.4557,-1.1359,6.206,9.239,22.9084,-27.6638,-21.1878,QC'd by SigmaAldrich
716,50106228,11417991,C1CN(CCC1OC(=O)C(C2=CC=CC=C2)C3=CC=CC=C3)CCCl.Cl,Inactive,0,,,Inactive,,,,,,,,,,4,1 0 0 0 0 0 0,-35.3213,-12.0561,-4.2693,-19.7087,17.7726,32.2252,-6.2706,-35.3213,QC'd by SigmaAldrich
717,50106529,135398700,C1=NC2=C(NC1=O)N=C(NC2=O)N,Inactive,0,,,Inactive,,,,,,,,,,4,0 0 0 0 1 0 1,-19.2828,-24.8075,-19.3857,-26.7874,-2.8586,18.7327,-15.6437,-19.2828,QC'd by SigmaAldrich
718,50106968,24867532,CC(=O)SC1CC2=CC(=O)CC[C@@]2(C3C1[C@@H]4CC[C@]5([C@]4(CC3)C)CCC(=O)O5)C,Inactive,0,,,Inactive,,,,,,,,,,4,,8.6872,0.9068,1.1471,-6.3374,-0.1326,28.0843,-7.4247,8.6872,QC'd by SigmaAldrich
719,50105533,135401907,C1=NNC2=C1C(=O)NC=N2,Inactive,0,,,Inactive,,,,,,,,,,4,0 0 0 0 0 0 1,-5.3829,-0.6939,-2.646,1.3271,3.5644,-10.5865,-20.2099,-5.3829,QC'd by SigmaAldrich
720,50106166,24867495,C1=NC(=C2C(=N1)N(C=N2)[C@@H]3[C@H]([C@@H]([C@@H](O3)COP(=O)(O)OP(=O)([O-])OP(=O)([O-])OP(=O)([O-])OC[C@@H]4[C@@H]([C@H]([C@@H](O4)N5C=NC6=C(N=CN=C65)N)O)O)O)O)N.[NH4+].[NH4+].[NH4+],Inactive,0,,,Inactive,,,,,,,,,,4,0 0 0 0 1 0 0,22.0943,-13.5795,7.974,2.5689,0.2609,39.9221,-4.3016,22.0943,QC'd by SigmaAldrich
721,50106479,6314,CCN(CC)CC(=O)NC1=C(C=CC=C1C)C.Cl,Inactive,0,,,Inactive,,,,,,,,,,4,0 0 0 0 0 0 1,2.9924,8.0573,4.4984,30.1249,23.5228,31.7352,16.0592,2.9924,QC'd by SigmaAldrich
722,50105673,6603827,C1=CC=C(C=C1)C(CCNCC(=O)N)C2=CC=CC=C2,Inactive,0,,,Inactive,,,,,,,,,,4,0 0 0 0 1 0 0,-6.2839,12.5545,14.7477,11.0764,21.4216,41.2373,-2.4991,-6.2839,QC'd by SigmaAldrich
723,50106276,68626,C1CN(CCC12CNC(=O)O2)CCC3=CC=CC=C3.Cl,Inactive,0,,,Inactive,,,,,,,,,,4,,13.3809,-8.7325,24.3848,-0.2155,6.6014,22.9767,-13.1911,13.3809,QC'd by SigmaAldrich
724,50105918,4578,C1=CC=C(C=C1)COC2=NC(=NC3=C2NC=N3)N,Inactive,0,,,Inactive,,,,,,,,,,4,,-17.2856,-17.1478,-15.4378,-6.976,5.8474,17.3246,-25.0535,-17.2856,QC'd by SigmaAldrich
725,50107153,5123,C1=CN(C(=O)NC1=O)CC(C(=O)O)N,Inactive,0,,,Inactive,,,,,,,,,,4,,12.3356,22.4803,20.8768,14.9399,45.4342,28.3442,20.5544,12.3356,QC'd by SigmaAldrich
726,50106723,5358907,CN1CC(C2=C(C1)C(=CC=C2)N)C3=CC=CC=C3.C(=C\C(=O)O)\C(=O)O,Inactive,0,,,Inactive,,,,,,,,,,4,0 0 0 0 1 0 0,10.5335,-7.2667,13.1082,0.9975,5.1916,32.8624,7.2397,10.5335,QC'd by SigmaAldrich
727,50104098,104845,CC(=O)[C@H]1CC[C@@H]2[C@@]1(CC(=O)[C@H]3[C@H]2CC[C@@H]4[C@@]3(CC[C@H](C4)O)C)C,Inactive,0,,,Inactive,,,,,,,,,,4,1 0 0 0 0 0 0,15.424,11.4501,-5.5145,2.0676,35.4693,31.2705,5.8825,15.424,QC'd by SigmaAldrich
728,50106416,145685,C1=C(NC=N1)CC(=O)O.Cl,Inactive,0,,,Inactive,,,,,,,,,,4,0 0 0 0 0 0 1,-4.989,-11.0034,19.5983,13.1669,19.1125,16.1203,5.4332,-4.989,QC'd by SigmaAldrich
729,50104801,54676905,C/C(=C(\C#N)/C(=O)NC1=C(C=CC(=C1)Br)Br)/O,Inactive,0,,,Inactive,,,,,,,,,,4,1 0 0 0 0 0 0,-5.7119,6.7536,12.116,2.9419,43.4074,46.8305,-2.0105,-5.7119,QC'd by SigmaAldrich
730,50106229,11957534,CCCN1CCC[C@H](C1)C2=CC=CC(=C2)C#N.Cl,Inactive,0,,,Inactive,,,,,,,,,,4,,28.3007,12.1416,10.89,3.1603,13.6637,7.7536,3.8283,28.3007,QC'd by SigmaAldrich
731,50106897,4814,COC1=C(C=C(C=C1)C(=O)NCC2=CN=CC=C2)C(=O)NCC3=CN=CC=C3,Inactive,0,,,Inactive,,,,,,,,,,4,,30.7362,12.729,8.6941,35.4026,18.5713,23.1858,4.3804,30.7362,QC'd by SigmaAldrich
732,50106844,11957663,C1C[C@H]([C@H](NC1)C(=O)O)C(=O)O,Inactive,0,,,Inactive,,,,,,,,,,4,0 0 0 0 1 0 1,6.1318,9.1709,3.3959,14.6342,5.1126,27.158,-8.2408,6.1318,QC'd by SigmaAldrich
733,50106598,4138,CC(CC1=CC(=C(C=C1)O)O)(C(=O)O)N,Inactive,0,,,Inactive,,,,,,,,,,4,,7.7942,9.8868,-3.1139,-0.5547,1.8005,8.6127,-0.2662,7.7942,QC'd by SigmaAldrich
734,50107216,167980,CN1C(=CC(=O)N(C1=O)C)NCCCN2CCN(CC2)C3=CC=CC=C3OC.Cl,Inactive,0,,,Inactive,,,,,,,,,,4,0 0 0 0 1 0 1,37.4772,4.2703,18.9955,9.2086,11.2372,32.8659,-3.2997,37.4772,QC'd by SigmaAldrich
735,50106967,11957685,CC1=CC(=CC=C1)C2CN(CCC3=C(C(=C(C=C23)O)O)Cl)C.Br,Inactive,0,,,Inactive,,,,,,,,,,4,0 0 0 0 0 0 0,30.1267,3.4622,38.6348,22.5426,25.3965,32.8787,26.2643,30.1267,QC'd by SigmaAldrich
736,50106527,5807,CC(C)NCC(C1=CC(=C(C=C1)O)O)O.Cl,Inactive,0,,,Inactive,,,,,,,,,,4,,-9.2028,10.4563,-13.2217,-1.9175,11.7242,2.5383,-1.2511,-9.2028,QC'd by SigmaAldrich
737,50106478,11957584,CC1=CC=CC=C1N2CCN(CC2)S(=O)(=O)C[C@@]34CCC(C3(C)C)CC4NC(=O)[C@H](CCS(=O)(=O)C)N.Cl,Inactive,0,,,Inactive,,,,,,,,,,4,,15.3331,-14.9337,14.7045,-2.3559,-15.0345,17.7935,3.4014,15.3331,QC'd by SigmaAldrich
738,50104240,5353788,CCO/C(=N/C1=C[N+](=NO1)N2CCOCC2)/[O-],Inactive,0,,,Inactive,,,,,,,,,,4,1 0 0 0 0 0 1,26.2623,12.7976,27.8849,19.3232,38.0148,12.9539,-2.3123,26.2623,QC'd by SigmaAldrich
739,50103896,54676228,CN1C(=C(C2=CC=CC=C2S1(=O)=O)O)C(=O)NC3=CC=CC=N3,Inactive,0,,,Inactive,,,,,,,,,,4,,0.2207,-4.5966,-2.0585,-8.186,37.3132,7.8596,7.318,0.2207,QC'd by SigmaAldrich
740,50105779,5860,C[N+]1(C2CCC1CC(C2)OC(=O)C(CO)C3=CC=CC=C3)C.[N+](=O)([O-])[O-],Inactive,0,,,Inactive,,,,,,,,,,4,1 0 0 0 0 0 0,8.6935,3.1388,-7.9339,-11.0304,24.2736,11.0636,-0.2919,8.6935,QC'd by SigmaAldrich
741,50107091,135873472,CC([C@H]([C@H]1CNC2=C(N1)C(=O)NC(=N2)N)O)O.Cl.Cl,Inactive,0,,,Inactive,,,,,,,,,,4,0 0 0 0 0 1 0,14.591,5.5763,-11.9026,-21.0272,3.2448,15.6764,-13.9639,14.591,QC'd by SigmaAldrich
742,50107156,3034797,C1=CC(=C(C=C1C=C(C#N)C(=S)N)O)O,Inactive,0,,,Inactive,,,,,,,,,,4,,-5.6319,-9.7208,5.467,-4.3294,-7.0268,41.1993,6.874,-5.6319,QC'd by SigmaAldrich
743,50106649,9836150,CC1=C(C2=C(N1)C=CC(=C2)O)CCN.C(=C\C(=O)O)\C(=O)O,Inactive,0,,,Inactive,,,,,,,,,,4,0 0 0 1 0 0 1,-1.3123,-14.9117,20.4679,13.039,34.8769,19.4836,-1.9458,-1.3123,QC'd by SigmaAldrich
744,50107217,9931141,CN([C@H]1CCCC[C@@H]1N2CCCC2)C(=O)CC3=CC(=C(C=C3)Cl)Cl.Cl,Inactive,0,,,Inactive,,,,,,,,,,4,0 0 0 1 0 0 0,-46.4882,15.0666,1.9906,-1.0152,32.7877,6.9507,0.2694,-46.4882,QC'd by SigmaAldrich
745,50106230,6603792,C1CCC(C1)N2C=C(C3=C(N=CN=C32)N)C4=CC=C(C=C4)OC5=CC=CC=C5,Inactive,0,,,Inactive,,,,,,,,,,4,0 0 0 0 1 0 0,-38.444,5.5429,-10.8612,-3.895,4.7415,46.8518,-16.5438,-38.444,QC'd by SigmaAldrich
746,50106274,9560989,COCCCC/C(=N\OCCN)/C1=CC=C(C=C1)C(F)(F)F.C(=C\C(=O)O)\C(=O)O,Inactive,0,,,Inactive,,,,,,,,,,4,0 0 0 0 0 0 0,-35.4032,1.8416,7.5087,17.3025,22.4872,14.4751,-2.6397,-35.4032,QC'd by SigmaAldrich
747,50106526,11957589,C1COCCN1C2=CC(=O)C3=C(O2)C(=CC=C3)C4=CC=CC=C4.Cl,Inactive,0,,,Inactive,,,,,,,,,,4,1 0 0 0 0 0 0,-20.7403,-12.4076,3.9068,14.8457,7.0301,23.8212,-12.3016,-20.7403,QC'd by SigmaAldrich
748,50106168,5353800,CN(C)C(=O)/N=N/C(=O)N(C)C,Inactive,0,,,Inactive,,,,,,,,,,4,,9.8801,-5.3428,-1.8859,3.2723,26.1009,6.6769,8.8598,9.8801,QC'd by SigmaAldrich
749,50105922,11957475,C1CN(CCN1CC(C(C2=CC=CC=C2)C3=CC=CC=C3)O)C4=CC(=CC=C4)Cl.Cl,Inactive,0,,,Inactive,,,,,,,,,,4,0 0 0 0 1 0 0,-26.144,-9.3084,-10.558,-1.6877,-22.4315,6.2487,-41.4787,-26.144,QC'd by SigmaAldrich
750,26753546,5326976,CN(C)C1=NC2=C(N1)C(=C(C(=C2Br)Br)Br)Br,Inactive,0,,,Inactive,,,,,,,,,,4,0 0 0 0 1 0 1,6.1106,2.5755,20.1604,18.9557,6.5206,41.3595,15.861,6.1106,QC'd by SigmaAldrich
751,50105780,5813,C1=CC(=C(C=C1C(CN)O)O)O.[C@@H]([C@H](C(=O)O)O)(C(=O)O)O,Inactive,0,,,Inactive,,,,,,,,,,4,0 0 1 0 0 0 0,-26.6191,-6.4248,-1.1032,-17.7282,1.2041,12.9774,-3.4624,-26.6191,QC'd by SigmaAldrich
752,50106970,1548887,CC\1=C(C2=C(/C1=C\C3=CC=C(C=C3)S(=O)C)C=CC(=C2)F)CC(=O)O,Inactive,0,,,Inactive,,,,,,,,,,4,1 0 0 0 0 0 0,-14.5431,-11.6471,3.0031,-4.3484,22.6562,9.9882,-9.7838,-14.5431,QC'd by SigmaAldrich
753,50105851,447916,C1=NC(=C2C(=N1)N(C=N2)[C@H]3[C@@H]([C@H]([C@H](O3)CO)O)O)N,Inactive,0,,,Inactive,,,,,,,,,,4,,-19.7312,-13.3636,2.443,-19.5486,-4.3738,-7.5814,-13.8302,-19.7312,QC'd by SigmaAldrich
754,50106775,24867522,CC(=C)[C@@H]1C2[C@@H]3[C@@]4([C@](C1C(=O)O2)(C[C@@H]5[C@]4(O5)C(=O)O3)O)C.C[C@@]12[C@H]3C4C(C([C@@]1(C[C@@H]5[C@]2(O5)C(=O)O3)O)C(=O)O4)C(C)(C)O,Inactive,0,,,Inactive,,,,,,,,,,4,0 0 1 0 0 0 0,16.1917,-10.4908,3.0173,28.3684,10.6164,15.0912,-2.7282,16.1917,QC'd by SigmaAldrich
755,50106719,1607,CN(C1=CC(=C(C=C1)O)O)N=O,Inactive,0,,,Inactive,,,,,,,,,,4,,-3.3768,-19.2156,26.3654,-0.1168,-9.0728,12.5903,-16.7461,-3.3768,QC'd by SigmaAldrich
756,50105710,3773,C1CNCCC1C(=O)O,Inactive,0,,,Inactive,,,,,,,,,,4,0 1 0 0 0 0 0,33.3101,-7.0012,15.8234,-19.6165,18.6973,17.5489,-7.2134,33.3101,QC'd by SigmaAldrich
757,50107094,667645,COC1=CC(=CC(=C1O)O)C=C(C#N)C#N,Inactive,0,,,Inactive,,,,,,,,,,4,,47.6462,15.0141,-7.5007,11.5936,12.9522,24.0249,-2.8475,47.6462,QC'd by SigmaAldrich
758,50106650,24867514,CSC1=NC(=C2C(=N1)N(C=N2)[C@H]3[C@@H]([C@H]([C@H](O3)COP(=O)([O-])OP(=O)([O-])[O-])O)O)N.[Na+].[Na+].[Na+],Inactive,0,,,Inactive,,,,,,,,,,4,0 1 0 0 0 0 1,-5.7025,-5.5467,28.6815,-17.8567,-1.0195,19.8406,-28.0239,-5.7025,QC'd by SigmaAldrich
759,50106721,6420042,C[C@@]12C3=CC=CC=C3C[C@@H](N1)C4=CC=CC=C24.C(=C\C(=O)O)\C(=O)O,Inactive,0,,,Inactive,,,,,,,,,,4,0 0 0 0 0 1 0,1.7963,-24.8286,14.3246,14.4923,10.2882,18.7668,-4.2351,1.7963,QC'd by SigmaAldrich
760,26753615,132787,C1CN(CCN1C2CC3=CC=CC=C3C2)C4=C5C(=CC=C4)OCCO5,Inactive,0,,,Inactive,,,,,,,,,,4,,-1.404,-21.2948,0.044,-16.2953,-2.1818,9.3025,-17.5021,-1.404,QC'd by SigmaAldrich
761,50105428,5288209,CC1=C(C(CCC1)(C)C)/C=C/C(=C/C=C/C(=C/C(=O)NC2=CC=C(C=C2)O)/C)/C,Inactive,0,,,Inactive,,,,,,,,,,4,0 0 0 0 0 0 0,-43.9748,10.1914,-1.0121,-0.8223,9.6572,6.2001,-20.8968,-43.9748,QC'd by SigmaAldrich
762,50105920,2735510,C[N+](C)(C)CC=O.[Cl-],Inactive,0,,,Inactive,,,,,,,,,,4,1 0 0 0 0 0 1,12.2651,-9.9488,7.5885,10.5636,-7.1333,27.6749,20.4189,12.2651,QC'd by SigmaAldrich
763,50107218,24867541,C[C@H]1[C@H]([C@@](C[C@@H](O1)O[C@@H]2[C@H]([C@@H]([C@H](O[C@H]2OC3=C4C=C5C=C3OC6=C(C=C(C=C6)[C@H]([C@H](C(=O)N[C@H](C(=O)N[C@H]5C(=O)NC7C8=CC(=C(C=C8)O)C9=C(C=C(C=C9O)O)[C@H](NC(=O)[C@H]([C@@H](C1=CC(=C(O4)C=C1)Cl)O)NC7=O)C(=O)O)CC(=O)N)NC(=O)[C@@H](CC(C)C)NC)O)Cl)CO)O)O)(C)N)O.Cl,Inactive,0,,,Inactive,,,,,,,,,,4,,6.6862,9.9332,6.4786,4.2215,-1.7449,20.9009,-1.4379,6.6862,QC'd by SigmaAldrich
764,50104317,1617430,C(CC[C@H](C(=O)O)N)CCP(=O)(O)O,Inactive,0,,,Inactive,,,,,,,,,,4,0 0 0 0 0 1 0,9.1022,-0.9685,3.3288,0.6539,11.3543,12.7349,-6.077,9.1022,QC'd by SigmaAldrich
765,50103960,443955,CC[C@@]12CCCN3[C@@H]1C4=C(CC3)C5=CC=CC=C5N4C(=C2)C(=O)OCC,Inactive,0,,,Inactive,,,,,,,,,,4,0 0 0 0 0 0 0,-28.5902,-2.9487,-3.036,6.2384,10.623,-9.2344,-30.7282,-28.5902,QC'd by SigmaAldrich
766,50106899,9883500,CC(=O)[C@H]1CCC2[C@@]1(CCC3C2CC[C@@H]4[C@@]3(CC[C@H](C4)O)C)C,Inactive,0,,,Inactive,,,,,,,,,,4,1 0 0 0 0 0 0,-7.5876,-5.4131,0.3866,-5.9498,10.5139,11.6283,-15.2422,-7.5876,QC'd by SigmaAldrich
767,50106846,11957664,C1CN(CCN1CC2=CC3=C(C=C2)OCO3)C4=NC=CC=N4.C(=C\C(=O)O)\C(=O)O,Inactive,0,,,Inactive,,,,,,,,,,4,0 0 0 0 1 0 1,41.6475,22.9112,33.8591,27.2978,7.9275,58.6395,6.6752,41.6475,QC'd by SigmaAldrich
768,50106476,54679302,C1=CC=C(C=C1)OC2=CC=C(C=C2)C3=C(C4=C(C=C(C=C4)Cl)NC3=O)O,Inactive,0,,,Inactive,,,,,,,,,,4,0 0 0 0 1 0 0,-3.4079,8.8672,3.7033,21.9307,21.91,39.528,-21.6631,-3.4079,QC'd by SigmaAldrich
769,50104238,3715,CC1=C(C2=C(N1C(=O)C3=CC=C(C=C3)Cl)C=CC(=C2)OC)CC(=O)O,Inactive,0,,,Inactive,,,,,,,,,,4,0 0 0 0 0 1 0,24.6373,-10.0791,3.1678,3.2853,18.8514,7.1154,-1.4021,24.6373,QC'd by SigmaAldrich
770,50104038,16758819,C[C@]12CCC(=O)C=C1CC[C@@H]3C2[C@H](C[C@]4([C@H]3CC[C@@H]4C(=O)CO)C)O,Inactive,0,,,Inactive,,,,,,,,,,4,,-17.0858,-8.0014,-22.5704,-4.0454,9.3031,39.924,-23.1937,-17.0858,QC'd by SigmaAldrich
771,50104396,5087,CCCCOC1=C(C=CC(=C1)CC2CNC(=O)N2)OC,Inactive,0,,,Inactive,,,,,,,,,,4,0 0 0 0 1 0 0,-14.9107,-13.1199,-1.8568,4.6449,-6.89,34.3528,-14.9636,-14.9107,QC'd by SigmaAldrich
772,50106336,5702161,CC(CC1=CC=C(C=C1)O)NCC(C2=CC(=CC(=C2)O)O)O.Br,Inactive,0,,,Inactive,,,,,,,,,,4,0 0 1 0 0 0 0,-10.6842,14.8636,8.1397,-8.6194,10.8054,24.5829,-3.3585,-10.6842,QC'd by SigmaAldrich
773,50104379,70547,CC(=O)NCCC1=CNC2=CC=CC=C21,Inactive,0,,,Inactive,,,,,,,,,,4,0 0 0 0 0 0 0,-5.3919,7.9524,17.6017,7.4682,10.6201,12.8647,5.3254,-5.3919,QC'd by SigmaAldrich
774,50104466,5328769,C[C@@H](C1=CC=CC=C1)NC(=O)/C(=C/C2=CC(=C(C=C2)O)O)/C#N,Inactive,0,,,Inactive,,,,,,,,,,4,,-2.9811,12.6068,-1.1971,-11.0116,16.4733,29.0738,-13.8231,-2.9811,QC'd by SigmaAldrich
775,50106969,11957687,C1CN(CCC12C(=O)NCN2C3=CC=CC=C3)CCCC(=O)C4=CC=C(C=C4)F.Cl,Inactive,0,,,Inactive,,,,,,,,,,4,0 0 0 0 0 0 0,-48.3692,8.3822,20.0696,3.7194,17.6963,40.8596,18.4354,-48.3692,QC'd by SigmaAldrich
776,50106028,11957493,C([C@@H](C(=O)O)N)Cl.Cl,Inactive,0,,,Inactive,,,,,,,,,,4,1 1 0 0 0 0 0,3.4622,23.2812,6.697,5.4039,20.5249,22.7838,0.4325,3.4622,QC'd by SigmaAldrich
777,50105921,24867477,C1[C@H]2[C@@H](C(C(O2)N3C4=NC=NC(=C4N=C3Br)N)O)OP(=O)(O1)[O-].[Na+],Inactive,0,,,Inactive,,,,,,,,,,4,0 0 0 0 0 0 0,-12.3887,7.5373,19.0707,13.4481,30.719,10.0666,-24.1655,-12.3887,QC'd by SigmaAldrich
778,50104873,4197,CC1=C(C=C(C(=O)N1)C#N)C2=CC=NC=C2,Inactive,0,,,Inactive,,,,,,,,,,4,0 0 0 1 0 0 0,11.7704,-6.8878,-7.6343,6.1141,19.2981,14.4414,-6.8225,11.7704,QC'd by SigmaAldrich
779,50106776,1922,CN1C2=C(C(=O)N(C1=O)C)NC(=N2)C3=CC=CC=C3,Inactive,0,,,Inactive,,,,,,,,,,4,0 0 0 0 1 0 0,-16.4108,-4.4244,-5.0781,-15.7982,-2.3808,25.1552,-15.6245,-16.4108,QC'd by SigmaAldrich
780,50106600,11957609,C=CCN1CC[C@]23CCCCC2[C@H]1CC4=C3C=C(C=C4)O.C(C(C(=O)O)O)(C(=O)O)O,Inactive,0,,,Inactive,,,,,,,,,,4,,4.4928,-9.7588,-3.0387,-4.852,5.7923,13.0094,-1.2839,4.4928,QC'd by SigmaAldrich
781,50104201,3559,C1CN(CCC1(C2=CC=C(C=C2)Cl)O)CCCC(=O)C3=CC=C(C=C3)F,Inactive,0,,,Inactive,,,,,,,,,,4,0 0 0 0 0 0 0,-42.9508,-5.4269,-4.7519,3.0374,3.6069,16.9131,-17.7494,-42.9508,QC'd by SigmaAldrich
782,50106884,1853,C1=CC=C2C(=C1)C3=CC=CC=C3NC2=O,Inactive,0,,,Inactive,,,,,,,,,,4,0 0 0 0 0 0 1,-16.852,-19.8304,-16.5943,-11.3314,9.6684,9.1755,-9.8558,-16.852,QC'd by SigmaAldrich
783,50106385,3035523,C1=CC(=CC=C1CN2C=CNC2=S)O,Inactive,0,,,Inactive,,,,,,,,,,4,,-10.3211,-25.9779,-9.5224,-3.0743,-14.9401,4.2432,-15.06,-10.3211,QC'd by SigmaAldrich
784,50106332,3225,C1CC2C(C(C1O2)C(=O)O)C(=O)O,Inactive,0,,,Inactive,,,,,,,,,,4,0 0 0 0 1 0 1,-10.3235,-13.8154,-3.2031,-2.9394,-0.5332,38.5887,-2.7666,-10.3235,QC'd by SigmaAldrich
785,50104831,5924208,C1=CC2=C(C=C1I)/C(=C/C3=CC(=C(C(=C3)Br)O)Br)/C(=O)N2,Inactive,0,,,Inactive,,,,,,,,,,4,0 0 0 0 1 0 0,-1.8388,6.3987,7.8954,9.3379,10.2663,29.231,-5.9842,-1.8388,QC'd by SigmaAldrich
786,50107031,135398579,C[C@@H](C(=O)C1=NC2=C(NC1)N=C(NC2=O)N)O,Inactive,0,,,Inactive,,,,,,,,,,4,,6.747,2.3706,-4.9457,19.8971,24.4118,21.1492,-11.5063,6.747,QC'd by SigmaAldrich
787,50105958,9064,C1[C@@H]([C@H](OC2=CC(=CC(=C21)O)O)C3=CC(=C(C=C3)O)O)O,Inactive,0,,,Inactive,,,,,,,,,,4,1 0 0 0 0 0 0,-22.1716,-8.0002,-9.2517,9.0179,2.1939,19.5103,-12.1349,-22.1716,QC'd by SigmaAldrich
788,50107173,11957722,CCN(CC)C(=O)N[C@@H]1C[C@H]2[C@@H](CC3=CNC4=CC=CC2=C34)N(C1)C,Inactive,0,,,Inactive,,,,,,,,,,4,0 0 0 0 1 0 0,-41.0013,7.527,-16.9459,-8.5566,-12.136,11.3357,-24.2853,-41.0013,QC'd by SigmaAldrich
789,50106107,2730228,C1=CC(=CC(=C1)Cl)N=C(N)N=C(N)N.Cl,Inactive,0,,,Inactive,,,,,,,,,,4,0 0 0 0 0 0 0,7.6451,-13.2215,-12.8681,2.9687,4.5403,14.4909,-0.5302,7.6451,QC'd by SigmaAldrich
790,50106262,5983,C[C@@]12CCN([C@@H]1N(C3=C2C=C(C=C3)OC(=O)NC)C)C,Inactive,0,,,Inactive,,,,,,,,,,4,0 0 0 0 0 1 0,20.8581,13.7423,12.2419,10.225,18.2925,27.1164,-3.0319,20.8581,QC'd by SigmaAldrich
791,50104079,12304008,C[C@]12CCC(=O)C=C1CC[C@@H]3C2[C@H](C[C@]4([C@H]3CC[C@@]4(C(=O)CO)O)C)O,Inactive,0,,,Inactive,,,,,,,,,,4,0 0 0 0 1 0 0,2.5568,-4.7159,5.1536,3.5442,15.2598,23.2015,2.0751,2.5568,QC'd by SigmaAldrich
792,50105835,11957451,CC1C2CC3=C(C1(CCN2CC=C)C)C=C(C=C3)O.Cl,Inactive,0,,,Inactive,,,,,,,,,,4,1 0 1 0 0 0 0,19.7227,23.8712,7.3457,12.08,0.0784,26.5966,18.1859,19.7227,QC'd by SigmaAldrich
793,50107023,5472495,CC\1=C(C2=C(/C1=C\C3=CC=C(C=C3)S(=O)(=O)C)C=CC(=C2)F)CC(=O)O,Inactive,0,,,Inactive,,,,,,,,,,4,,21.1897,0.8557,15.8351,-9.3701,12.332,44.4,-7.5647,21.1897,QC'd by SigmaAldrich
794,50106053,15573114,C1=NC2=C(N=C(N=C2N1[C@H]3[C@@H]([C@H]([C@H](O3)CO)O)O)Cl)N,Inactive,0,,,Inactive,,,,,,,,,,4,0 0 1 0 0 0 0,-10.3708,6.8646,1.0348,26.4158,2.6911,15.9407,-7.1319,-10.3708,QC'd by SigmaAldrich
795,50103956,68712,C1CC1C(C2CC2)NC3=NCCO3,Inactive,0,,,Inactive,,,,,,,,,,4,1 0 0 0 0 0 0,9.0101,3.2648,18.7606,22.3772,23.7913,36.9677,-6.3974,9.0101,QC'd by SigmaAldrich
796,50106455,11957572,C1=CC(=CC(=C1)I)CN=C(N)N.C1=CC(=CC(=C1)I)CN=C(N)N.OS(=O)(=O)O,Inactive,0,,,Inactive,,,,,,,,,,4,1 0 0 0 0 0 0,1.469,9.8509,21.2837,22.9666,30.9855,26.9151,-2.148,1.469,QC'd by SigmaAldrich
797,50104893,2303,CC1=C(C(C(=C(N1)C)[N+](=O)[O-])C2=CC=CC=C2C(F)(F)F)C(=O)OC,Inactive,0,,,Inactive,,,,,,,,,,4,0 1 0 0 0 0 0,-10.882,-6.7828,-10.4021,3.361,-3.1687,11.8603,-17.0912,-10.882,QC'd by SigmaAldrich
798,50104581,5665,C=CC(CCC(=O)O)N,Inactive,0,,,Inactive,,,,,,,,,,4,0 0 0 0 0 0 1,29.7206,0.5035,4.0927,6.4675,-3.7703,14.0684,-14.3979,29.7206,QC'd by SigmaAldrich
799,50106961,11957684,CC1CCN(CC1)CC[C@H]2CCCN2S(=O)(=O)C3=CC=CC(=C3)O.Cl,Inactive,0,,,Inactive,,,,,,,,,,4,0 0 0 0 1 0 1,0.1782,7.4439,8.0097,-2.3787,-16.8065,27.2083,-13.1017,0.1782,QC'd by SigmaAldrich
800,50104752,72124,CC1CC(=O)NN=C1C2=CC=C(C=C2)NC(=NC)NC#N,Inactive,0,,,Inactive,,,,,,,,,,4,1 0 0 0 0 0 0,-15.993,-4.9567,8.7835,-0.1329,-5.2355,15.479,8.3067,-15.993,QC'd by SigmaAldrich
801,50106740,4552,C1=CC2=C(C=C1C(F)(F)F)NC(=O)N2C3=C(C=CC(=C3)C(F)(F)F)O,Inactive,0,,,Inactive,,,,,,,,,,4,0 0 1 0 0 0 0,-4.9707,10.5562,5.1731,-2.8653,17.3027,9.9055,-10.7931,-4.9707,QC'd by SigmaAldrich
802,50104502,5280335,CCCCCCCCCCCCC/C=C/[C@H]([C@H](CO)N)O,Inactive,0,,,Inactive,,,,,,,,,,4,0 0 0 0 1 0 1,1.9269,-0.0166,20.308,13.214,19.7773,46.9476,13.4874,1.9269,QC'd by SigmaAldrich
803,50106601,11957611,CC1=C(C(=CC=C1)C)OCC(C(C)C)N.I,Inactive,0,,,Inactive,,,,,,,,,,4,1 0 0 0 0 0 1,-5.4924,-10.0846,3.2377,7.1182,-1.1921,-3.835,-13.5449,-5.4924,QC'd by SigmaAldrich
804,50105772,9301,CN1CCC=C(C1)C(=O)OC.Br,Inactive,0,,,Inactive,,,,,,,,,,4,,1.2631,-9.7653,17.3639,-2.1532,-3.6302,11.6963,-11.7281,1.2631,QC'd by SigmaAldrich
805,50104934,108137,CC1=C(N2C=CC=C(C2=N1)OCC3=CC=CC=C3)CC#N,Inactive,0,,,Inactive,,,,,,,,,,4,,26.4238,2.4644,-6.3697,-20.3114,4.6666,24.7716,-11.3983,26.4238,QC'd by SigmaAldrich
806,50106177,2990,CN(C1=C(C=CC(=C1)O)O)N=O,Inactive,0,,,Inactive,,,,,,,,,,4,0 0 0 0 0 1 0,22.673,-14.8249,20.0162,23.7773,24.7923,13.632,-5.4848,22.673,QC'd by SigmaAldrich
807,50105834,16746587,C[C@H]1C2CC3=C([C@@]1(CCN2CC=C)C)C=C(C=C3)O.Cl,Inactive,0,,,Inactive,,,,,,,,,,4,0 0 0 0 1 0 0,12.3812,-1.561,4.9379,8.6758,-3.5239,12.6054,0.9206,12.3812,QC'd by SigmaAldrich
808,50105490,2244,CC(=O)OC1=CC=CC=C1C(=O)O,Inactive,0,,,Inactive,,,,,,,,,,4,0 0 0 0 0 1 0,14.3282,3.1958,0.2058,6.27,8.723,18.6107,-12.1945,14.3282,QC'd by SigmaAldrich
809,50106678,11957638,CC1NC2=CC(=C(C=C2C(=O)N1C3=CC=CC=C3C)S(=O)ON)Cl,Inactive,0,,,Inactive,,,,,,,,,,4,0 1 0 0 0 0 0,-0.0411,-19.7737,-6.6967,-15.5391,-0.9211,-5.4181,-2.9127,-0.0411,QC'd by SigmaAldrich
810,50106456,11957573,C1=C(NC=N1)CCSC(=N)N.Br.Br,Inactive,0,,,Inactive,,,,,,,,,,4,0 0 0 0 1 0 1,13.5576,-8.0337,24.9018,18.3463,-19.738,31.5544,-17.2879,13.5576,QC'd by SigmaAldrich
811,50107024,5702250,CCCCCCCCCCCCCCCCCC(=O)OC(CC(=O)O)C[N+](C)(C)C.[Cl-],Inactive,0,,,Inactive,,,,,,,,,,4,1 0 0 0 1 0 0,-30.0541,-27.514,0.4756,-9.8748,-17.1855,14.3378,-13.7687,-30.0541,QC'd by SigmaAldrich
812,50106054,5312115,C[C@H](CC1=CC2=C(C=C1)OC(O2)(C(=O)[O-])C(=O)[O-])NC[C@@H](C3=CC(=CC=C3)Cl)O.[Na+].[Na+],Inactive,0,,,Inactive,,,,,,,,,,4,0 0 0 0 1 0 1,-9.8671,-14.4174,-7.8405,-13.7237,10.1043,24.7212,-0.1946,-9.8671,QC'd by SigmaAldrich
813,50106962,107681,CCCCCCCCCCCCCCCCCCNC(=O)OCC(COP(=O)([O-])OCC[N+]1=CSC=C1)OC,Inactive,0,,,Inactive,,,,,,,,,,4,0 0 0 0 0 1 0,-1.945,-14.2148,-7.7927,-8.3331,19.3216,14.2835,-23.6745,-1.945,QC'd by SigmaAldrich
814,50106387,65340,C1=CC(=C(C=C1CCN)O)O.Cl,Inactive,0,,,Inactive,,,,,,,,,,4,0 1 0 0 0 0 0,-19.5696,1.4695,-13.3687,-13.8527,9.5434,6.2606,-25.9726,-19.5696,QC'd by SigmaAldrich
815,50106334,104999,CCC1=C2C3=CC(=C(C=C3NC2=CN=C1C(=O)OC)OC)OC,Inactive,0,,,Inactive,,,,,,,,,,4,0 0 0 0 1 0 0,-33.6423,4.0555,4.7451,-7.8831,-9.0438,11.3817,-20.0549,-33.6423,QC'd by SigmaAldrich
816,50104203,2554,C1=CC=C2C(=C1)C=CC3=CC=CC=C3N2C(=O)N,Inactive,0,,,Inactive,,,,,,,,,,4,0 0 0 0 1 0 1,1.3135,1.1052,6.0377,11.8624,-14.247,7.4494,-22.7169,1.3135,QC'd by SigmaAldrich
817,50106602,4519262,CC(C)C1=CC2=C(C=C1)N(C(=C2SC(C)(C)C)CC(C)(C)C(=O)[O-])CC3=CC=C(C=C3)Cl.[Na+],Inactive,0,,,Inactive,,,,,,,,,,4,0 0 0 0 1 0 0,-8.9441,1.2999,10.3333,0.6571,-9.3658,33.6769,-9.8195,-8.9441,QC'd by SigmaAldrich
818,50105956,11957483,C=CCN1CCC2=C(C(=C(C=C2[C@H](C1)C3=CC=CC=C3)O)O)Br.Br,Inactive,0,,,Inactive,,,,,,,,,,4,0 0 0 0 1 0 0,-24.9233,-2.2198,2.6892,-7.4352,-19.0864,37.142,-14.749,-24.9233,QC'd by SigmaAldrich
819,50104505,2083,CC(C)(C)NCC(C1=CC(=C(C=C1)O)CO)O,Inactive,0,,,Inactive,,,,,,,,,,4,0 1 0 0 0 0 0,29.7238,-1.9084,18.08,5.3582,10.8739,34.2203,20.3724,29.7238,QC'd by SigmaAldrich
820,50107029,9899402,COC1=CC=CC=C1N2CCNCC2.Cl,Inactive,0,,,Inactive,,,,,,,,,,4,0 0 0 0 1 0 0,3.3534,-6.8421,-0.0442,7.6423,12.8269,18.0891,-7.417,3.3534,QC'd by SigmaAldrich
821,50106457,3802,CC1=CC2=C(C=C1)NC3=C(C=CC=N3)N=C2N4CCN(CC4)C,Inactive,0,,,Inactive,,,,,,,,,,4,0 0 0 0 0 1 0,20.1942,1.3152,8.8142,3.0219,28.8596,23.1373,-25.1034,20.1942,QC'd by SigmaAldrich
822,50106540,71399,CN1CCN(CC1)C2=NC3=CC=CC=C3OC4=C2C=C(C=C4)Cl.C(CC(=O)O)C(=O)O,Inactive,0,,,Inactive,,,,,,,,,,4,0 0 0 0 1 0 0,-16.4565,-5.9793,-8.3592,-11.5258,0.545,45.8539,-17.3046,-16.4565,QC'd by SigmaAldrich
823,50105833,11957448,C1=CC=C(C=C1)CN(CC2=NC=CN2)C3=CC=CC=C3.Cl,Inactive,0,,,Inactive,,,,,,,,,,4,1 0 0 0 0 0 0,-23.1716,-14.365,-9.8852,-14.0986,-10.6763,-5.4025,-21.4,-23.1716,QC'd by SigmaAldrich
824,50106681,11957640,COC1=C2C3=C(CC4[C@]5(C3(CCN4CC6CC6)[C@@H](O2)C(=O)CC5)O)C=C1.Cl,Inactive,0,,,Inactive,,,,,,,,,,4,0 0 0 0 1 0 1,2.7748,-12.6325,7.559,19.5846,28.9539,29.9115,-12.8784,2.7748,QC'd by SigmaAldrich
825,26753635,9861903,C1=CC2=C(C=CC=C2Cl)C(=C1)S(=O)(=O)NCCN.Cl,Inactive,0,,,Inactive,,,,,,,,,,4,0 0 0 0 0 0 0,-18.6753,10.8949,0.1268,8.45,4.458,12.5737,-3.9359,-18.6753,QC'd by SigmaAldrich
826,50107099,5382,C1=CC(=CC=C1OC2=C(C=C(C=N2)Cl)Cl)OC3=C(C=C(C=N3)Cl)Cl,Inactive,0,,,Inactive,,,,,,,,,,4,0 0 0 0 1 0 1,-14.4531,-16.5572,-11.9584,-7.4497,6.5362,19.6033,-3.0791,-14.4531,QC'd by SigmaAldrich
827,50105980,4059895,CC1=C(C2=C(N1CC3=CC=C(C=C3)Cl)C=CC(=C2)OC)CC(=O)O,Inactive,0,,,Inactive,,,,,,,,,,4,0 0 0 0 1 0 0,7.9447,-15.2175,-1.1466,-10.9248,8.1921,30.8034,0.1114,7.9447,QC'd by SigmaAldrich
828,50107021,71754,COC1=C(C=C(C=C1)CCNC[C@H](C2=CC=C(C=C2)O)O)OC,Inactive,0,,,Inactive,,,,,,,,,,4,0 0 0 0 1 0 1,-10.774,-5.5591,2.7536,-12.8784,23.1966,36.2744,-2.046,-10.774,QC'd by SigmaAldrich
829,50105616,3220,CC1=CC2=C(C(=C1)O)C(=O)C3=C(C2=O)C=C(C=C3O)O,Inactive,0,,,Inactive,,,,,,,,,,4,0 0 0 0 1 0 0,15.2431,-7.604,-10.8609,-0.1421,-18.4535,15.2252,-12.546,15.2431,QC'd by SigmaAldrich
830,50106742,5282759,CCCCCCC/C=C\CCCCCCCCC(=O)O,Inactive,0,,,Inactive,,,,,,,,,,4,,10.8304,3.1951,7.4008,7.4898,12.9871,21.1476,7.6237,10.8304,QC'd by SigmaAldrich
831,50104828,6604858,COC(=O)[C@@H](C1=CC=CC=C1)NC(=O)C2=CC(=NC3=CC=CC=C32)C4=CC=CC=C4,Inactive,0,,,Inactive,,,,,,,,,,4,0 0 0 0 0 0 0,-16.6766,-0.3312,-12.4047,-11.4922,3.0409,2.0943,-28.1842,-16.6766,QC'd by SigmaAldrich
832,50106104,4223812,CCC(=O)N1CCN(CC1)C(=O)C2=CC=CC=C2,Inactive,0,,,Inactive,,,,,,,,,,4,1 0 0 0 0 0 1,-10.629,0.4271,-24.244,-15.6572,11.4292,17.3856,-6.7583,-10.629,QC'd by SigmaAldrich
833,50107170,5702253,C1CNCC2=C1C(=O)NO2.Cl,Inactive,0,,,Inactive,,,,,,,,,,4,1 0 0 0 0 0 1,-10.6958,11.1065,-8.8358,-5.8713,12.3269,27.5337,1.2338,-10.6958,QC'd by SigmaAldrich
834,50106603,11957614,CC(=O)O.CSC(=NCCC[C@@H](C(=O)O)N)N,Inactive,0,,,Inactive,,,,,,,,,,4,0 0 0 0 1 0 0,9.3932,-14.2972,12.4194,12.2071,-4.2195,31.8343,5.3362,9.3932,QC'd by SigmaAldrich
835,50104932,3392731,CC(C)(C(=O)O)SC1=CC=C(C=C1)CCN(CCCCC2CCCCC2)C(=O)NC3CCCCC3,Inactive,0,,,Inactive,,,,,,,,,,4,0 0 0 0 1 0 1,-4.8721,0.1712,-3.8235,-8.9649,-13.1718,30.1225,-16.8673,-4.8721,QC'd by SigmaAldrich
836,50105957,5311036,CC(CC1=CNC2=C1C=C(C=C2)OCC3=CC=CS3)N.Cl,Inactive,0,,,Inactive,,,,,,,,,,4,0 0 0 0 1 0 0,-32.0176,-11.932,14.3962,-3.5083,4.7243,42.4152,5.7695,-32.0176,QC'd by SigmaAldrich
837,50104134,1329,CCCN1C2=C(C(=O)N(C1=O)CCC)NC(=N2)C3CCCC3,Inactive,0,,,Inactive,,,,,,,,,,4,,5.691,-7.316,-15.7967,9.3462,-1.276,19.2152,-15.3239,5.691,QC'd by SigmaAldrich
838,50106541,6437377,CC(C)N1C=C2C[C@@H]3[C@H](C[C@H](CN3C)C(=O)OC(C)C(C)O)C4=C2C1=CC=C4.C(=C\C(=O)O)\C(=O)O,Inactive,0,,,Inactive,,,,,,,,,,4,1 0 0 0 0 0 0,-16.8926,-7.4946,7.4087,1.3972,11.1541,22.2144,6.7993,-16.8926,QC'd by SigmaAldrich
839,50105895,6603717,C1=CC=C2C(=C1)C(=O)N(C2=O)C3=C(C=C(C=C3)N)Cl,Inactive,0,,,Inactive,,,,,,,,,,4,,23.256,12.2763,21.8496,11.9973,0.943,20.8352,8.18,23.256,QC'd by SigmaAldrich
840,50106174,3114,CC(C)N(CCC(C1=CC=CC=C1)(C2=CC=CC=N2)C(=O)N)C(C)C,Inactive,0,,,Inactive,,,,,,,,,,4,1 0 0 0 0 0 1,18.7005,3.0365,37.6573,39.7765,23.4916,17.8228,-3.2707,18.7005,QC'd by SigmaAldrich
841,50104327,443239,[C@H]([C@@H](C(=O)O)O)(C(=O)O)N,Inactive,0,,,Inactive,,,,,,,,,,4,0 0 0 0 0 0 1,-4.716,0.7597,11.3935,3.5541,11.3125,-7.1731,-28.8511,-4.716,QC'd by SigmaAldrich
842,50105615,4943,CC(C)C1=C(C(=CC=C1)C(C)C)O,Inactive,0,,,Inactive,,,,,,,,,,4,0 0 0 1 0 0 1,17.3942,-7.2849,2.6919,0.7849,14.8482,5.6017,-5.7063,17.3942,QC'd by SigmaAldrich
843,50106880,546,C(C(=O)O)P(=O)(O)O,Inactive,0,,,Inactive,,,,,,,,,,4,0 1 0 0 0 0 0,22.0163,-6.8496,21.099,-4.3776,2.8831,22.1431,-3.5399,22.0163,QC'd by SigmaAldrich
844,50106680,11957639,C1CC(NC(C1)CCN)CCN.Cl.Cl.Cl,Inactive,0,,,Inactive,,,,,,,,,,4,0 1 0 0 0 0 0,7.8015,-11.8237,30.6448,-3.4685,13.2143,7.5069,8.2332,7.8015,QC'd by SigmaAldrich
845,50106328,135398740,C1=NC2=C(N1COC(CO)CO)N=C(NC2=O)N,Inactive,0,,,Inactive,,,,,,,,,,4,,3.2811,-4.2243,4.8456,7.0499,26.924,18.1191,-12.2217,3.2811,QC'd by SigmaAldrich
846,50106604,119442,CC(C)C(CCCN(C)CCC1=CC(=C(C=C1)OC)OC)(C#N)C2=CC(=C(C(=C2)OC)OC)OC.Cl,Inactive,0,,,Inactive,,,,,,,,,,4,0 0 0 0 1 0 0,-4.3346,0.9601,11.3072,18.2356,16.0175,36.7038,2.9732,-4.3346,QC'd by SigmaAldrich
847,50105769,24867465,CC1(O[C@@H]2[C@H](C(O[C@@H]2O1)[C@@H](CO)O)OCCCN(C)C)C.Cl,Inactive,0,,,Inactive,,,,,,,,,,4,0 0 0 0 0 0 1,47.4915,-10.1849,-1.112,12.4993,6.8387,26.793,-5.3948,47.4915,QC'd by SigmaAldrich
848,50106389,6603748,C1CN=C(N1)C2=CC3=C(O2)C=CC(=C3)SC#N,Inactive,0,,,Inactive,,,,,,,,,,4,0 1 0 0 0 0 0,-3.9727,-17.8411,33.2657,-15.8066,-11.6338,7.799,-9.5758,-3.9727,QC'd by SigmaAldrich
849,50106957,10321498,CCN(CC)C(=O)C1=CC=C(C=C1)[C@H](C2=CC(=CC=C2)OC)N3C[C@@H](N(C[C@H]3C)CC=C)C,Inactive,0,,,Inactive,,,,,,,,,,4,1 0 0 0 0 0 0,-25.353,-3.905,11.808,-6.363,33.1591,28.7933,-7.237,-25.353,QC'd by SigmaAldrich
850,50104939,2690,C1=COC(=C1)C2=NN3C(=N2)C4=C(C=CC(=C4)Cl)N=C3N,Inactive,0,,,Inactive,,,,,,,,,,4,0 0 0 0 1 0 0,-21.18,3.1034,34.0712,31.4616,29.0376,81.007,-9.5476,-21.18,QC'd by SigmaAldrich
851,50103890,2123,CN(C)C1=NC(=NC(=N1)N(C)C)N(C)C,Inactive,0,,,Inactive,,,,,,,,,,4,1 0 0 0 0 0 1,29.783,-2.422,27.7374,25.1888,33.5994,-2.6028,6.7953,29.783,QC'd by SigmaAldrich
852,50105962,50088,CC(C)COCC(CN(CC1=CC=CC=C1)C2=CC=CC=C2)N3CCCC3.Cl,Inactive,0,,,Inactive,,,,,,,,,,4,0 1 0 0 0 0 0,10.2237,-13.3735,17.7057,-3.286,-20.3963,4.5472,-12.5034,10.2237,QC'd by SigmaAldrich
853,50105987,5831,C[N+](C)(C)CCOC(=O)N.[Cl-],Inactive,0,,,Inactive,,,,,,,,,,4,1 0 0 0 0 0 0,-10.0247,-10.7361,18.5039,20.1816,12.1381,5.3793,-11.1322,-10.0247,QC'd by SigmaAldrich
854,50107177,10236521,CCCN(CCC)[C@H]1CCC2=C(C=CC(=C2C1)O)F.Cl,Inactive,0,,,Inactive,,,,,,,,,,4,0 0 0 0 0 0 0,19.0278,0.6893,-7.5859,1.204,4.5084,4.9274,-9.1955,19.0278,QC'd by SigmaAldrich
855,50104322,1641,C1=CC(=CC=C1C(CN)CP(=O)(O)O)Cl,Inactive,0,,,Inactive,,,,,,,,,,4,1 0 0 0 0 0 1,1.2665,2.5849,15.5021,0.6782,16.3095,26.149,-16.8028,1.2665,QC'd by SigmaAldrich
856,50107097,11957708,CN(C)CCCCSC(=N)N.Cl.Cl,Inactive,0,,,Inactive,,,,,,,,,,4,1 0 0 0 0 0 1,9.688,3.1687,8.2824,15.9286,11.5848,15.1636,-6.7924,9.688,QC'd by SigmaAldrich
857,50106173,5911,C[N+]1(CCN(CC1)C2=CC=CC=C2)C.[I-],Inactive,0,,,Inactive,,,,,,,,,,4,,-5.704,-2.9831,15.4163,-10.0671,-5.9095,6.4751,-6.1346,-5.704,QC'd by SigmaAldrich
858,50105892,66368,CC(C)NCC(COC1=CC=CC=C1CC=C)O.Cl,Inactive,0,,,Inactive,,,,,,,,,,4,0 0 0 0 1 0 0,14.8931,-7.0475,7.4309,18.0903,12.156,29.3859,4.3492,14.8931,QC'd by SigmaAldrich
859,50105556,289,C1=CC=C(C(=C1)O)O,Inactive,0,,,Inactive,,,,,,,,,,4,0 0 0 0 0 0 0,-47.2698,3.9021,-1.6213,-2.5973,8.0776,19.5558,-12.8639,-47.2698,QC'd by SigmaAldrich
860,50106744,62882,CC(C)NCC(COC1=CC=CC2=CC=CC=C21)O.Cl,Inactive,0,,,Inactive,,,,,,,,,,4,,-2.9781,10.8043,2.8064,-3.7677,10.8876,9.8914,-1.2702,-2.9781,QC'd by SigmaAldrich
861,50104757,4336830,CC(=O)NNC(=O)N1CC2=CC=CC=C2OC3=C1C=C(C=C3)Cl,Inactive,0,,,Inactive,,,,,,,,,,4,,3.9673,-9.4641,-4.0611,-5.5903,4.7625,22.586,2.3213,3.9673,QC'd by SigmaAldrich
862,50107028,16757702,C[N+]1(C2CC(CC1C3C2O3)OC(=O)C(CO)C4=CC=CC=C4)C.[Br-],Inactive,0,,,Inactive,,,,,,,,,,4,0 0 0 0 1 0 0,27.7051,3.4216,-14.3166,-19.6881,-8.6975,17.9378,-9.9038,27.7051,QC'd by SigmaAldrich
863,50104320,1228,C1CN(CC(N1)C(=O)O)CCCP(=O)(O)O,Inactive,0,,,Inactive,,,,,,,,,,4,0 0 0 0 1 0 0,12.0216,-12.3258,-6.1957,9.9612,2.1743,19.5554,-7.5507,12.0216,QC'd by SigmaAldrich
864,50104436,2052,C1=CC(=C(C=C1C=C(C#N)C#N)O)O,Inactive,0,,,Inactive,,,,,,,,,,4,0 1 0 0 0 0 0,20.5587,3.6462,-15.4047,6.6121,6.8569,0.7967,-17.9728,20.5587,QC'd by SigmaAldrich
865,50106674,1390,CN1C=CN=C1,Inactive,0,,,Inactive,,,,,,,,,,4,0 0 0 0 1 0 1,-6.681,-6.0443,-16.8739,8.4334,-2.3068,27.7067,-4.245,-6.681,QC'd by SigmaAldrich
866,50105838,4177957,CC1=C(C2=C(N1C(=O)C3=CC=CC=C3)C=CC(=C2)OC)CC(=O)O,Inactive,0,,,Inactive,,,,,,,,,,4,,9.4996,20.2297,13.5627,-3.699,31.0919,13.0654,28.2093,9.4996,QC'd by SigmaAldrich
867,50106747,11957655,C[C@]12CC[C@H](C[C@@H]1CCC3C2CC[C@]4(C3CC[C@@H]4C(=O)CO)C)O,Inactive,0,,,Inactive,,,,,,,,,,4,0 0 0 0 1 0 1,7.4404,2.2214,11.9385,5.7237,21.935,43.4899,-14.0053,7.4404,QC'd by SigmaAldrich
868,50104199,4781,CCCCC1C(=O)N(N(C1=O)C2=CC=CC=C2)C3=CC=CC=C3,Inactive,0,,,Inactive,,,,,,,,,,4,1 0 0 0 0 0 1,-17.8548,-14.5748,-0.8614,9.05,2.9637,20.6775,-38.1061,-17.8548,QC'd by SigmaAldrich
869,50104509,1683,CN1C2CCC1CC(C2)OC(=O)C3=CC(=CC(=C3)Cl)Cl,Inactive,0,,,Inactive,,,,,,,,,,4,0 0 0 0 0 0 0,-49.0317,1.4758,-6.0226,5.3891,26.9923,3.6245,3.512,-49.0317,QC'd by SigmaAldrich
870,26753630,16219029,C1=CC=C2C(=C1)C=CC(=N2)C3=CC=C(C=C3)N.Cl,Inactive,0,,,Inactive,,,,,,,,,,4,0 0 0 0 1 0 1,-28.8058,-4.249,7.0773,-8.6724,2.5436,143.483,48.9,-28.8058,QC'd by SigmaAldrich
871,50104011,1820,C1=CC2=C(C=C1F)C=C(N2)C(=O)O,Inactive,0,,,Inactive,,,,,,,,,,4,,22.2519,-4.5078,2.8168,-20.4332,-6.1898,12.7432,-14.2501,22.2519,QC'd by SigmaAldrich
872,50106109,11957508,C1CN(C=CC1N2C3=CC=CC=C3NC2=O)CCCC(=O)C4=CC=C(C=C4)F,Inactive,0,,,Inactive,,,,,,,,,,4,0 0 0 0 1 0 0,-17.2,10.6697,5.2769,-2.803,-22.1773,24.0242,-36.0124,-17.2,QC'd by SigmaAldrich
873,50107175,11957723,C[C@]12CCC3C(C1CC[C@@H]2NCCCCCCN4C(=O)C=CC4=O)CCC5=C3C=CC(=C5)OC,Inactive,0,,,Inactive,,,,,,,,,,4,0 0 0 1 0 0 0,-49.0405,-7.3959,-33.975,-43.1553,10.9293,-13.7775,-34.8949,-49.0405,QC'd by SigmaAldrich
874,50105960,119565,CCCCS(=N)(=O)CC[C@@H](C(=O)O)N,Inactive,0,,,Inactive,,,,,,,,,,4,1 0 0 0 0 0 0,5.4624,-25.5381,-11.1338,-12.1033,-9.6399,1.3281,3.504,5.4624,QC'd by SigmaAldrich
875,50106606,135484644,CC1=C(C(=C(C(=N1)N=NC2=CC=C(C=C2)C(=O)O)COP(=O)([O-])[O-])C=O)[O-].[Na+].[Na+].[Na+],Inactive,0,,,Inactive,,,,,,,,,,4,0 0 0 0 1 0 1,-2.7687,0.3888,-2.4366,2.98,7.6306,15.9206,-19.1378,-2.7687,QC'd by SigmaAldrich
876,50106330,135313,C(CC(=O)O)[C@@H](C(=O)O)N=C(N)N,Inactive,0,,,Inactive,,,,,,,,,,4,0 1 0 0 0 0 0,-0.4053,4.4005,-23.808,3.2596,22.3483,31.5994,-6.9099,-0.4053,QC'd by SigmaAldrich
877,50107025,11957697,CN1CCC2=C(C(=C(C=C2C(C1)C3=CC(=CC=C3)Cl)O)O)Cl.Br,Inactive,0,,,Inactive,,,,,,,,,,4,,-0.3161,-11.6213,8.0726,-23.735,-2.3593,18.8318,-9.2366,-0.3161,QC'd by SigmaAldrich
878,50107033,5702214,CCN(CC)CCNC(=O)C1=C(C=CC(=C1)S(=O)(=O)C)OC.Cl,Inactive,0,,,Inactive,,,,,,,,,,4,0 0 0 0 0 1 0,16.8363,-17.0453,-5.0439,4.4761,14.8871,16.1699,-21.9211,16.8363,QC'd by SigmaAldrich
879,50104937,3671,CC(C)C1=NN2C=CC=CC2=C1C(=O)C(C)C,Inactive,0,,,Inactive,,,,,,,,,,4,0 0 0 0 1 0 0,5.9831,-8.3507,-7.1666,10.8107,18.5725,31.8967,-8.9827,5.9831,QC'd by SigmaAldrich
880,50106391,11957559,C1=CC2=C(C=CN=C2)C(=C1)S(=O)ONCCN=C(N)N.Cl,Inactive,0,,,Inactive,,,,,,,,,,4,0 0 0 0 0 1 0,11.3026,-15.2357,-7.7862,-9.6003,-5.0151,10.1048,-5.3796,11.3026,QC'd by SigmaAldrich
881,50106886,66068,CCN(CC)CCNC(=O)C1=CC=C(C=C1)N.Cl,Inactive,0,,,Inactive,,,,,,,,,,4,1 0 0 0 0 0 0,-23.1979,-8.0536,1.572,-4.3349,4.93,21.5258,-13.7302,-23.1979,QC'd by SigmaAldrich
882,50103888,5745,CC(=O)OCC(=O)[C@]1(CC[C@@H]2[C@@]1(CC(=O)[C@H]3[C@H]2CCC4=CC(=O)CC[C@]34C)C)O,Inactive,0,,,Inactive,,,,,,,,,,4,,7.9987,-15.328,-1.5105,-6.4273,7.8795,4.7818,1.6566,7.9987,QC'd by SigmaAldrich
883,50106268,3413,CC(=O)OC1C(C2C(CCC(C2(C3(C1(OC(CC3=O)(C)C=C)C)O)C)O)(C)C)O,Inactive,0,,,Inactive,,,,,,,,,,4,0 0 0 0 0 0 0,-22.3854,6.0056,9.9725,6.6093,-4.5338,3.9033,-13.1788,-22.3854,QC'd by SigmaAldrich
884,50104324,5310987,C(/C=C/C(=O)O)N,Inactive,0,,,Inactive,,,,,,,,,,4,0 0 0 0 1 0 1,1.5851,-13.4089,4.6882,-6.5548,4.3643,25.0166,-16.2424,1.5851,QC'd by SigmaAldrich
885,50106453,9367,CC(C)NNC(=O)C1=CC=NC=C1.OP(=O)(O)O,Inactive,0,,,Inactive,,,,,,,,,,4,0 1 0 0 0 0 0,24.8608,-7.6745,16.4023,1.3867,27.3103,20.5312,19.6469,24.8608,QC'd by SigmaAldrich
886,50106607,107982,CC(C)CCCCCCC(=O)NCC1=CC(=C(C=C1)O)OC,Inactive,0,,,Inactive,,,,,,,,,,4,0 0 0 0 0 0 1,8.2209,10.3935,9.4785,5.4376,0.1285,2.6233,-11.402,8.2209,QC'd by SigmaAldrich
887,26753629,5281064,CC(C)NCC(COC1=CC=C(C=C1)COCCOC(C)C)O.CC(C)NCC(COC1=CC=C(C=C1)COCCOC(C)C)O.C(=C/C(=O)O)\C(=O)O,Inactive,0,,,Inactive,,,,,,,,,,4,0 1 0 0 0 0 1,-2.195,-18.7047,19.3047,-2.2535,6.3084,41.4913,22.1945,-2.195,QC'd by SigmaAldrich
888,50104650,6409633,C/C(=N\O)/C(=O)C,Inactive,0,,,Inactive,,,,,,,,,,4,0 0 0 0 1 0 0,31.6444,33.2761,41.6347,47.9577,36.8544,62.7018,41.6191,31.6444,QC'd by SigmaAldrich
889,50107026,4389,C1CC(N(C1)C(=O)CCC(=O)O)C(=O)O,Inactive,0,,,Inactive,,,,,,,,,,4,0 0 0 0 1 0 0,22.1466,-1.5257,-7.6446,-2.3276,9.55,61.4886,3.1185,22.1466,QC'd by SigmaAldrich
890,50106956,10220250,CN1CCC2=C(CC1)C(=CC=C2)Cl.Cl,Inactive,0,,,Inactive,,,,,,,,,,4,0 0 0 0 0 1 0,2.1833,-4.9321,-13.0671,3.978,7.9437,9.8037,-10.0728,2.1833,QC'd by SigmaAldrich
891,50106047,169373,CC1=C(N2[C@@H]([C@@H](C2=O)NC(=O)C(C3=CCC=CC3)N)SC1)C(=O)O,Inactive,0,,,Inactive,,,,,,,,,,4,,2.6046,-1.3585,13.726,-0.0243,38.3745,28.0827,7.3361,2.6046,QC'd by SigmaAldrich
892,50106392,11957560,C[NH2+]CCCCC[NH2+]CCC1CC2CCCC(C2)C1.[Br-].[Br-],Inactive,0,,,Inactive,,,,,,,,,,4,1 0 0 0 0 0 1,12.6949,1.9975,22.3905,7.2046,1.8034,3.3116,-4.8482,12.6949,QC'd by SigmaAldrich
893,50106676,4922,CCCN(CCC)C(=O)C(CCC(=O)O)NC(=O)C1=CC=CC=C1,Inactive,0,,,Inactive,,,,,,,,,,4,0 0 0 0 1 0 0,0.8508,-8.3002,-13.201,0.8388,0.3348,14.4364,-5.7895,0.8508,QC'd by SigmaAldrich
894,50105891,11957465,C1=CC2=C(C=CN=C2)C(=C1)S(=O)(=O)NCCN.Cl.Cl,Inactive,0,,,Inactive,,,,,,,,,,4,0 0 0 1 0 0 0,-23.3035,-4.1762,4.4897,-6.6956,27.0004,4.4024,-2.9635,-23.3035,QC'd by SigmaAldrich
895,50105836,6603697,C(/C=C\C(=O)O)N,Inactive,0,,,Inactive,,,,,,,,,,4,0 0 0 0 0 0 1,-11.4441,-16.0666,-1.5827,7.4204,1.4876,13.7332,1.611,-11.4441,QC'd by SigmaAldrich
896,50106170,31195,C(P(=O)(O)[O-])(P(=O)(O)[O-])(Cl)Cl.[Na+].[Na+],Inactive,0,,,Inactive,,,,,,,,,,4,0 0 0 0 1 0 0,12.138,-8.0565,12.8434,9.6993,8.7892,51.2673,1.4119,12.138,QC'd by SigmaAldrich
897,50107236,6436006,CN(C)C/C=C(/C1=CC=C(C=C1)Br)\C2=CN=CC=C2.Cl.Cl,Inactive,0,,,Inactive,,,,,,,,,,4,0 0 0 0 1 0 0,-28.7798,-8.4215,-5.3487,-10.6295,-0.9728,26.6078,-14.6106,-28.7798,QC'd by SigmaAldrich
898,50104074,4472,C1=CC=C(C=C1)CNC(=O)CCNNC(=O)C2=CC=NC=C2,Inactive,0,,,Inactive,,,,,,,,,,4,0 0 0 0 0 1 0,-1.985,-27.374,18.2847,-0.4265,8.0631,-1.6769,-22.0575,-1.985,QC'd by SigmaAldrich
899,50107096,2733516,CCSC(=NC1=CC=C(C=C1)C(F)(F)F)N.Cl,Inactive,0,,,Inactive,,,,,,,,,,4,0 0 0 1 0 0 0,31.338,16.0287,-5.8944,-5.8594,29.4102,2.3806,2.6483,31.338,QC'd by SigmaAldrich
900,50106463,11957571,CC(C)NC[C@@H](C1=CC(=C(C=C1)O)O)O.[C@H]([C@@H](C(=O)O)O)(C(=O)O)O,Inactive,0,,,Inactive,,,,,,,,,,4,,-8.1503,-5.9802,7.8136,0.7045,2.1988,7.0896,-1.7071,-8.1503,QC'd by SigmaAldrich
901,50106116,24867489,C1=NC2=C(N=C(N=C2N1[C@H]3[C@@H]([C@H]([C@H](O3)COP(=O)([O-])OP(=O)([O-])OP(=O)([O-])[O-])O)O)Cl)N.[Na+].[Na+].[Na+].[Na+],Inactive,0,,,Inactive,,,,,,,,,,4,0 0 0 0 0 0 0,-15.5519,6.0678,14.3892,0.3395,7.5925,18.1763,-9.9435,-15.5519,QC'd by SigmaAldrich
902,50104885,3519541,CC(C)(C)C1=CC(=CC(=C1O)C(C)(C)C)CC(C)(C)C=O,Inactive,0,,,Inactive,,,,,,,,,,4,0 1 0 0 0 0 0,-20.5661,9.1862,-6.5891,-2.2197,14.6745,20.9435,-9.1981,-20.5661,QC'd by SigmaAldrich
903,50104192,2762,CCN1C2=CC3=C(C=C2C(=O)C(=N1)C(=O)O)OCO3,Inactive,0,,,Inactive,,,,,,,,,,4,1 0 0 0 0 0 1,11.7727,-5.0019,20.308,8.2869,5.7931,2.5411,-7.2696,11.7727,QC'd by SigmaAldrich
904,50105827,11957447,C1=CC(=C(C=C1[C@H](CN)O)O)O.C(C(C(=O)O)O)(C(=O)O)O,Inactive,0,,,Inactive,,,,,,,,,,4,0 0 0 0 0 0 1,37.9028,4.1304,12.2703,7.4622,5.7723,0.8978,-19.7817,37.9028,QC'd by SigmaAldrich
905,50107110,5420,CC(C)NP(=O)(NC(C)C)OP(=O)(NC(C)C)NC(C)C,Inactive,0,,,Inactive,,,,,,,,,,4,,-18.2166,-15.6596,-6.7165,-27.2853,11.6013,35.4635,-24.0837,-18.2166,QC'd by SigmaAldrich
906,50107039,441334,CC(C)(C)NCC(C1=CC(=CC(=C1)O)O)O.CC(C)(C)NCC(C1=CC(=CC(=C1)O)O)O.OS(=O)(=O)O,Inactive,0,,,Inactive,,,,,,,,,,4,0 0 0 0 0 1 0,13.3255,-5.3494,9.5972,-4.2059,15.0288,30.616,-13.6685,13.3255,QC'd by SigmaAldrich
907,50106671,93004,C1CC2C3C(C1O2)C(=O)OC3=O,Inactive,0,,,Inactive,,,,,,,,,,4,0 0 0 0 1 0 1,-19.2454,-10.592,3.1713,-9.3368,9.5885,27.3034,2.8978,-19.2454,QC'd by SigmaAldrich
908,50106953,66245,CC(C)NCC(C1=CC=C(C=C1)NS(=O)(=O)C)O.Cl,Inactive,0,,,Inactive,,,,,,,,,,4,1 0 0 0 1 0 1,-10.4602,-26.1094,-5.8256,-19.866,-5.0829,25.9096,-30.7701,-10.4602,QC'd by SigmaAldrich
909,50106254,24867503,CCNC(=O)[C@@H]1[C@@H]([C@H]([C@@H](O1)N2C=NC3=C(N=CN=C32)N)O)O,Inactive,0,,,Inactive,,,,,,,,,,4,,18.5046,-0.2717,13.4072,1.2401,16.7999,4.0029,-2.0554,18.5046,QC'd by SigmaAldrich
910,50106892,1256,CC(=C)C1CCC(=CC1)C(=O)O,Inactive,0,,,Inactive,,,,,,,,,,4,0 0 0 0 0 0 0,17.7611,-16.4211,-7.6722,6.861,9.1286,7.5138,2.3668,17.7611,QC'd by SigmaAldrich
911,50106393,11957562,CC(C)[N+]1(C2CCC1CC(C2)C(=O)OC(CO)C3=CC=CC=C3)C.[Br-],Inactive,0,,,Inactive,,,,,,,,,,4,,8.4678,-3.0324,5.8205,0.2683,13.1224,-1.0811,2.7767,8.4678,QC'd by SigmaAldrich
912,50106829,160453,C1=CC=C2C(=C1)C(=O)N(C2=O)[C@@H](CCC(=O)O)C(=O)O,Inactive,0,,,Inactive,,,,,,,,,,4,0 1 0 0 0 0 0,20.2865,-6.1428,22.214,1.4009,16.9483,16.0037,12.7477,20.2865,QC'd by SigmaAldrich
913,50104699,5723,COC1=C(C=CC(=C1)C2=NNC(=O)C=C2)OC(F)F,Inactive,0,,,Inactive,,,,,,,,,,4,0 0 0 0 1 0 0,-6.1384,5.1731,-19.7473,-10.9276,-1.8467,24.789,-15.4196,-6.1384,QC'd by SigmaAldrich
914,50106464,39912,C[C@@H](C1=CC=C(C=C1)CC(C)C)C(=O)O,Inactive,0,,,Inactive,,,,,,,,,,4,1 0 0 0 1 0 0,-3.5239,-23.6952,10.0811,8.7165,4.046,26.6117,-1.5001,-3.5239,QC'd by SigmaAldrich
915,50107163,11957721,COC1=CC=CC=C1N2CCN(CC2)CCN(C3=CC=CC=N3)C(=O)C4CCCCC4.C(=C\C(=O)O)\C(=O)O,Inactive,0,,,Inactive,,,,,,,,,,4,1 0 0 0 0 0 0,-23.7619,-10.07,-14.5759,1.1961,1.4582,3.0449,-8.3146,-23.7619,QC'd by SigmaAldrich
916,50106609,3661570,CCCC1=C(C(=NC(=C1C(=O)SCC)CC)C2=CC=CC=C2)C(=O)OCCC,Inactive,0,,,Inactive,,,,,,,,,,4,,-18.8402,0.2586,-12.0097,-5.9352,-2.85,-2.1383,-7.1072,-18.8402,QC'd by SigmaAldrich
917,50104333,3899541,C1=C2C(=CC(=C1[N+](=O)[O-])[N+](=O)[O-])NC(=O)C(=O)N2,Inactive,0,,,Inactive,,,,,,,,,,4,0 1 0 0 0 0 1,5.4281,8.6024,-7.6556,17.6532,13.0216,19.2407,-15.9167,5.4281,QC'd by SigmaAldrich
918,50106115,11709509,C1=CC2=C(C=C1C(=O)N)C(=CN2)CCN.C(=C\C(=O)O)\C(=O)O,Inactive,0,,,Inactive,,,,,,,,,,4,1 0 0 0 0 0 0,9.4756,9.8727,12.3823,12.7401,25.1486,7.4533,7.244,9.4756,QC'd by SigmaAldrich
919,50104635,5593,CCN(CC1=CC=NC=C1)C(=O)C(CO)C2=CC=CC=C2,Inactive,0,,,Inactive,,,,,,,,,,4,0 0 0 0 0 1 0,12.883,-6.3936,-9.0069,-1.8269,11.3771,18.1313,-13.5616,12.883,QC'd by SigmaAldrich
920,26753257,1694,C1(=C(C2=NNN=C2C(=C1Br)Br)Br)Br,Inactive,0,,,Inactive,,,,,,,,,,4,,-12.4035,-0.9455,-20.2758,-10.5611,5.4017,24.5916,-14.9938,-12.4035,QC'd by SigmaAldrich
921,50107040,11957699,C1CN(C2=CC=CC=C21)C(=O)C(CC3=CC(=C(C=C3)O)O)C#N,Inactive,0,,,Inactive,,,,,,,,,,4,1 0 0 0 0 0 0,-21.0225,19.955,-1.097,-10.5564,12.7713,12.9316,7.1705,-21.0225,QC'd by SigmaAldrich
922,50106045,3626837,COC1=CC=CC(=C1)C(=O)NCCN2CCN(CC2)C3=CC=C(C=C3)Cl,Inactive,0,,,Inactive,,,,,,,,,,4,0 0 0 0 0 0 1,-11.2664,-2.7802,3.1118,1.0961,29.9945,29.2256,16.3407,-11.2664,QC'd by SigmaAldrich
923,26753623,5289419,COC1=CC\2=C(C=C1)NC(=O)/C2=C\C3=CN=CN3,Inactive,0,,,Inactive,,,,,,,,,,4,0 0 0 0 1 0 0,-26.6291,-6.3542,-9.8182,-18.4354,14.6938,56.9952,10.6453,-26.6291,QC'd by SigmaAldrich
924,50106670,11957636,C=CCN1CCC23[C@@H]4C(=O)CC[C@]2(C1CC5=C3C(=C(C=C5)O)O4)O.Cl,Inactive,0,,,Inactive,,,,,,,,,,4,0 0 0 1 0 0 0,1.9966,-8.8452,-14.9771,-11.3817,15.6835,10.1442,-6.028,1.9966,QC'd by SigmaAldrich
925,50105967,10386130,COC1=C(C(=CC=C1)OC)OCCNCC2CSC3=CC=CC=C3O2.Cl,Inactive,0,,,Inactive,,,,,,,,,,4,0 0 0 0 0 0 0,-32.1939,7.7038,-4.0622,1.4251,15.1517,16.3936,-10.4428,-32.1939,QC'd by SigmaAldrich
926,50104573,1645,C1=CC(=CC(=C1)N)C(=O)N,Inactive,0,,,Inactive,,,,,,,,,,4,0 1 0 0 0 0 0,17.4924,-11.0749,6.7122,2.106,-1.5756,14.1867,9.3113,17.4924,QC'd by SigmaAldrich
927,50106185,30928,CC(C)N(CCC(C1=CC=CC=C1)(C2=CC=CC=N2)C(=O)N)C(C)C.OP(=O)(O)O,Inactive,0,,,Inactive,,,,,,,,,,4,0 0 0 0 1 0 1,13.5921,13.3518,11.7095,29.6264,29.0772,5.5362,23.8867,13.5921,QC'd by SigmaAldrich
928,50106253,11957538,CC(C)C[C@@H](C(=O)O)NC(=O)[C@@H]([C@@H](CC1=CC=CC=C1)N)O.Cl,Inactive,0,,,Inactive,,,,,,,,,,4,0 0 0 0 1 0 0,-11.9148,1.6497,-16.4585,-10.7582,-12.9858,11.1754,-15.6349,-11.9148,QC'd by SigmaAldrich
929,50106394,205536,C1=C(ONC1=O)CN.Br,Inactive,0,,,Inactive,,,,,,,,,,4,,-8.9448,-16.1596,-14.3745,-10.9651,-11.7827,2.4456,-24.2403,-8.9448,QC'd by SigmaAldrich
930,50106547,6603931,CCCN1C2=C(C(=O)N(C1=O)CCC)NC(=N2)C3=CC=C(C=C3)OCC(=O)NC4=CC=C(C=C4)C#N,Inactive,0,,,Inactive,,,,,,,,,,4,0 0 0 0 0 0 0,-32.9481,15.1045,19.0708,12.4983,30.2891,46.1316,0.4447,-32.9481,QC'd by SigmaAldrich
931,50106323,18343,C[C@@H]1[C@H]([C@H]([C@@H](O1)N2C=C(C(=O)NC2=O)F)O)O,Inactive,0,,,Inactive,,,,,,,,,,4,0 0 0 0 1 0 0,-14.9036,6.3089,4.8219,-12.8301,-5.0828,35.5976,-15.7227,-14.9036,QC'd by SigmaAldrich
932,50107233,6604176,CC1=C(C2=C3N1[C@@H](COC3=CC=C2)CN4CCOCC4)C(=O)C5=CC=CC6=CC=CC=C65.CS(=O)(=O)O,Inactive,0,,,Inactive,,,,,,,,,,4,1 0 0 0 0 0 0,12.4955,10.4691,23.3302,13.2638,32.0768,29.2393,5.85,12.4955,QC'd by SigmaAldrich
933,50105972,6433334,CN(C)CC[C@@H](C1=CC=C(C=C1)Br)C2=CC=CC=N2.C(=C\C(=O)O)\C(=O)O,Inactive,0,,,Inactive,,,,,,,,,,4,1 0 0 1 0 0 0,-23.9241,-22.4231,6.3661,-6.1775,-17.0337,14.3405,-4.1666,-23.9241,QC'd by SigmaAldrich
934,50106828,3027782,C[N+](C)(C)CC#CCN1CCCC1=O.[I-],Inactive,0,,,Inactive,,,,,,,,,,4,0 0 1 0 0 0 1,13.6482,9.2189,4.1489,-3.9368,14.4226,15.3017,-22.2908,13.6482,QC'd by SigmaAldrich
935,50107013,9889433,CCCC[N+]1(C2CC(CC1C3C2O3)OC(=O)C(CO)C4=CC=CC=C4)C.[Br-],Inactive,0,,,Inactive,,,,,,,,,,4,0 0 0 0 1 0 1,18.6646,8.2308,15.1079,-15.4463,7.8528,30.0913,-13.6995,18.6646,QC'd by SigmaAldrich
936,50104883,5024764,CC(C)(C)C1=CC(=CC(=C1O)C(C)(C)C)CC(C)(C)CO,Inactive,0,,,Inactive,,,,,,,,,,4,0 0 0 0 1 0 0,-16.9934,-1.5124,18.2508,5.4178,-5.8447,40.7274,12.7416,-16.9934,QC'd by SigmaAldrich
937,50104514,5426,C1CC(=O)NC(=O)C1N2C(=O)C3=CC=CC=C3C2=O,Inactive,0,,,Inactive,,,,,,,,,,4,0 0 0 0 0 0 0,-35.3125,7.3879,22.8848,11.6491,13.3936,20.6428,-17.3412,-35.3125,QC'd by SigmaAldrich
938,50105825,100526,CC(=O)NCCC1=CC(=C(C=C1)O)O,Inactive,0,,,Inactive,,,,,,,,,,4,1 0 0 0 0 0 0,-0.59,5.3043,28.0958,16.4717,5.9602,16.5681,3.8213,-0.59,QC'd by SigmaAldrich
939,50106735,5849,C[N+]1(CCCC1)CCCCC[N+]2(CCCC2)C.[C@@H]([C@H](C(=O)[O-])O)(C(=O)O)O.[C@@H]([C@H](C(=O)[O-])O)(C(=O)O)O,Inactive,0,,,Inactive,,,,,,,,,,4,0 0 0 0 0 0 1,34.2727,-9.3254,-28.0894,-20.5762,-6.5935,32.2584,-19.5596,34.2727,QC'd by SigmaAldrich
940,50105763,903,CC(=O)NCCC1=CNC2=C1C=C(C=C2)O,Inactive,0,,,Inactive,,,,,,,,,,4,1 0 0 0 0 0 1,-3.7569,-17.0507,-3.5383,-9.6421,15.1127,3.1748,5.6739,-3.7569,QC'd by SigmaAldrich
941,50107108,6305,C1=CC=C2C(=C1)C(=CN2)C[C@@H](C(=O)O)N,Inactive,0,,,Inactive,,,,,,,,,,4,0 0 0 0 1 0 1,-1.074,4.7412,0.4885,3.6839,-0.1177,22.9699,-15.5816,-1.074,QC'd by SigmaAldrich
942,50103946,1893,C1=CC2=C(C(=C1)[N+](=O)[O-])NN=C2,Inactive,0,,,Inactive,,,,,,,,,,4,0 0 0 0 1 0 1,-11.2284,-5.6064,-19.6559,-1.2074,3.4991,29.3211,2.467,-11.2284,QC'd by SigmaAldrich
943,50106395,5821,CN1C2CCC1CC(C2)OC(=O)C(C3=CC=CC=C3)O.Br,Inactive,0,,,Inactive,,,,,,,,,,4,,7.642,13.2877,11.1208,16.3297,-0.6984,10.6971,8.9114,7.642,QC'd by SigmaAldrich
944,50106466,1340,C1=CC2=C(C=CNC2=O)C(=C1)O,Inactive,0,,,Inactive,,,,,,,,,,4,0 0 0 0 1 0 1,11.1797,9.1592,14.8972,15.9659,19.9945,40.543,-4.402,11.1797,QC'd by SigmaAldrich
945,50104821,6167,CC(=O)N[C@H]1CCC2=CC(=C(C(=C2C3=CC=C(C(=O)C=C13)OC)OC)OC)OC,Inactive,0,,,Inactive,,,,,,,,,,4,0 0 0 0 0 0 0,-25.6149,6.1863,9.5053,-15.0149,-16.6143,-27.3946,-41.9426,-25.6149,QC'd by SigmaAldrich
946,50106256,62978,COC1=C(C=C2C(=C1)C(=NC(=N2)N3CCN(CC3)C(=O)C4COC5=CC=CC=C5O4)N)OC.CS(=O)(=O)O,Inactive,0,,,Inactive,,,,,,,,,,4,0 0 0 0 1 0 0,-17.5674,-4.6386,12.2882,8.1106,26.2602,47.4274,11.6282,-17.5674,QC'd by SigmaAldrich
947,50107232,11957730,CC(C)OC1=C(N=CC=C1)N(C)C2CCN(CC2)CC3=CC=CC=C3.C(=C\C(=O)O)\C(=O)O,Inactive,0,,,Inactive,,,,,,,,,,4,1 0 0 0 0 0 1,-1.2341,7.6729,-19.0248,-7.7723,3.0323,15.2277,0.6493,-1.2341,QC'd by SigmaAldrich
948,50106951,11957683,COC1(COC2=CC=CC=C2O1)C3=NCCN3.Cl,Inactive,0,,,Inactive,,,,,,,,,,4,0 0 0 0 1 0 0,16.6978,-3.2445,7.8901,9.282,-4.6053,17.5397,1.0363,16.6978,QC'd by SigmaAldrich
949,50106827,5909,CC[C@H]1[C@H](COC1=O)CC2=CN=CN2C.Cl,Inactive,0,,,Inactive,,,,,,,,,,4,0 0 0 0 0 1 0,18.1784,-7.1804,0.0285,-11.1646,8.3493,27.5771,-24.7303,18.1784,QC'd by SigmaAldrich
950,50106611,21467,CC1=C(C(=CC=C1)C)OCC(C)N.Cl,Inactive,0,,,Inactive,,,,,,,,,,4,0 0 0 0 0 1 0,30.4203,-13.5183,1.1825,24.6671,22.8301,40.5807,-6.3517,30.4203,QC'd by SigmaAldrich
951,50104335,107812,C(CS(=O)O)N,Inactive,0,,,Inactive,,,,,,,,,,4,0 0 0 0 1 0 0,9.6216,15.0201,25.5928,32.807,-1.6923,61.629,-2.9755,9.6216,QC'd by SigmaAldrich
952,50106113,1774,CC1(CCC=[N+]1[O-])C,Inactive,0,,,Inactive,,,,,,,,,,4,,-4.9857,4.4073,-4.5827,-6.6733,22.7443,23.5629,-9.4399,-4.9857,QC'd by SigmaAldrich
953,50106734,24867520,CC(=O)O[C@H]1C[C@@H]2CCC3[C@@H]4C[C@@H]([C@@H]([C@]4(CCC3[C@]2(C[C@@H]1[N+]5(CCCCC5)C)C)C)OC(=O)C)[N+]6(CCCCC6)C.[Br-].[Br-],Inactive,0,,,Inactive,,,,,,,,,,4,0 1 0 0 0 0 0,45.1012,0.1837,54.0911,10.4789,2.8363,39.8948,6.1901,45.1012,QC'd by SigmaAldrich
954,50105762,5927,CN1C2CCC1CC(C2)OC(=O)C(CO)C3=CC=CC=C3.CN1C2CCC1CC(C2)OC(=O)C(CO)C3=CC=CC=C3.OS(=O)(=O)O,Inactive,0,,,Inactive,,,,,,,,,,4,0 0 0 1 0 0 0,-20.9022,-8.7062,-7.2386,-7.0995,3.3881,-3.4729,-11.0906,-20.9022,QC'd by SigmaAldrich
955,50105965,36431,C1CCC2(C1)CC(=O)N(C(=O)C2)CCCCN3CCN(CC3)C4=NC=CC=N4.Cl,Inactive,0,,,Inactive,,,,,,,,,,4,0 0 0 0 1 0 0,5.1573,-12.8516,-7.3873,-22.2553,-7.7034,16.1738,-24.0041,5.1573,QC'd by SigmaAldrich
956,50105823,4615193,CC(C)(C)C1=C(C(=NO1)OCP(=O)(O)O)CC(C(=O)O)N,Inactive,0,,,Inactive,,,,,,,,,,4,0 1 0 0 0 0 0,21.6679,3.9251,33.8944,18.9409,15.959,13.5604,13.2907,21.6679,QC'd by SigmaAldrich
957,50104512,5578,COC1=CC(=CC(=C1OC)OC)CC2=CN=C(N=C2N)N,Inactive,0,,,Inactive,,,,,,,,,,4,0 0 0 0 1 0 0,34.3894,14.5123,11.1413,1.5961,9.4718,33.888,5.6663,34.3894,QC'd by SigmaAldrich
958,50106889,157471,CCCN1CCCC(C1)C2=CC(=CC=C2)O.Cl,Inactive,0,,,Inactive,,,,,,,,,,4,,-2.2568,-7.0211,3.1502,-4.6404,17.8702,29.5344,-3.0606,-2.2568,QC'd by SigmaAldrich
959,50106952,6604161,C1=CC=C2C(=C1)C(=O)C3=C(C2=O)C(=C(C=C3NC4=CC(=C(C=C4)NC5=NC(=NC(=N5)NC6=CC=C(C=C6)S(=O)(=O)[O-])Cl)S(=O)(=O)[O-])S(=O)(=O)[O-])N.[Na+].[Na+].[Na+],Inactive,0,,,Inactive,,,,,,,,,,4,1 0 0 0 0 0 0,-34.6768,-19.9989,-2.7262,-18.307,-14.0603,-5.4351,-34.7675,-34.6768,QC'd by SigmaAldrich
960,50106325,3433,CC1=NC2=C(N1)C(=O)N(C(=O)N2CC3=CC=CO3)C,Inactive,0,,,Inactive,,,,,,,,,,4,0 0 1 0 0 0 0,-20.7069,-3.0888,8.0749,-26.183,15.0645,20.0634,6.0573,-20.7069,QC'd by SigmaAldrich
961,50106112,11224,CC(C1=CC=CC=C1)(C2=CC=CC=N2)OCCN(C)C.C(CC(=O)O)C(=O)O,Inactive,0,,,Inactive,,,,,,,,,,4,0 0 0 0 0 1 0,29.4218,10.7394,-3.2413,14.5599,38.3868,38.5844,6.5551,29.4218,QC'd by SigmaAldrich
962,50104947,4493,CC1(C(=O)N(C(=O)N1)C2=CC(=C(C=C2)[N+](=O)[O-])C(F)(F)F)C,Inactive,0,,,Inactive,,,,,,,,,,4,0 0 0 0 1 0 0,26.4254,-18.5867,-3.147,-8.6976,-1.8927,32.7865,3.9272,26.4254,QC'd by SigmaAldrich
963,50104889,161930,C1C=C(NC(=O)N1C2=CC=CC=C2O)C3=CC(=CC=C3)[N+](=O)[O-],Inactive,0,,,Inactive,,,,,,,,,,4,0 0 0 1 0 0 0,17.2692,-7.6281,0.1036,18.4167,27.9882,13.045,-6.2979,17.2692,QC'd by SigmaAldrich
964,50104638,2753,CN(C1CCCCC1)C(=O)CCCOC2=CC3=C(C=C2)NC(=O)C=C3,Inactive,0,,,Inactive,,,,,,,,,,4,,-5.9227,-4.5824,-5.8854,-12.1046,18.1365,30.6665,-11.2971,-5.9227,QC'd by SigmaAldrich
965,50107044,5702129,CC1=CC=C(C=C1)/C(=C\CN2CCCC2)/C3=CC=CC=N3.Cl,Inactive,0,,,Inactive,,,,,,,,,,4,0 0 0 0 0 0 0,-45.9615,15.4469,21.1032,3.8773,35.4028,42.3766,49.3003,-45.9615,QC'd by SigmaAldrich
966,50105970,21157,CCCCS(=N)(=O)CCC(C(=O)O)N,Inactive,0,,,Inactive,,,,,,,,,,4,0 0 0 1 0 0 0,-12.8525,2.2749,9.0602,-0.0226,-15.6917,5.4023,-5.7412,-12.8525,QC'd by SigmaAldrich
967,50106542,11957592,C1CN(CCN1CC2=CNC3=C2C=CC=N3)C4=CC=C(C=C4)I.Cl.Cl.Cl,Inactive,0,,,Inactive,,,,,,,,,,4,0 0 0 0 1 0 0,-28.3776,7.1802,18.3918,14.7479,11.5757,33.807,-7.1943,-28.3776,QC'd by SigmaAldrich
968,50106120,24867491,C[C@@]1(C(=O)N2[C@H](C(=O)N3CCCC3[C@@]2(O1)O)CC4=CC=CC=C4)NC(=O)[C@@H]5C[C@H]6[C@@H](CC7=CNC8=CC=CC6=C78)N(C5)C.CS(=O)(=O)O,Inactive,0,,,Inactive,,,,,,,,,,4,1 0 0 0 0 0 0,-24.3792,-12.7813,7.9248,6.6217,-4.8883,12.0106,3.1874,-24.3792,QC'd by SigmaAldrich
969,50106320,23695850,C[C@H]1[C@@H]2CC[C@]3([C@H]([C@]2(CC[C@H]1O)C)[C@@H](C[C@@H]\4C3(C[C@@H](/C4=C(\CCC=C(C)C)/C(=O)[O-])OC(=O)C)C)O)C.[Na+],Inactive,0,,,Inactive,,,,,,,,,,4,0 0 0 0 1 0 1,-15.7105,-18.6989,11.1937,-8.108,6.1872,20.672,-11.5619,-15.7105,QC'd by SigmaAldrich
970,50106459,4605800,C1CC2=C3C(=CC=C2)N(S(=O)(=O)N3C1)CCN4CCC(=CC4)C5=CNC6=C5C=CC(=C6)F,Inactive,0,,,Inactive,,,,,,,,,,4,0 0 0 1 0 0 1,1.0416,5.4268,3.719,-14.7478,34.5243,4.7448,-21.8339,1.0416,QC'd by SigmaAldrich
971,50104021,439744,C1=CC(=C(C=C1C[C@@H](C(=O)O)N)I)O,Inactive,0,,,Inactive,,,,,,,,,,4,,18.3232,9.2116,41.654,14.2107,12.5218,27.2331,4.9982,18.3232,QC'd by SigmaAldrich
972,50106258,11957541,C[C@H](CC1=CC(=C(C=C1OC)I)OC)N.Cl,Inactive,0,,,Inactive,,,,,,,,,,4,,-5.5486,-11.8158,3.2791,-6.311,-10.1918,24.5126,-13.2427,-5.5486,QC'd by SigmaAldrich
973,50107230,5640,CC1=C(N(C(=O)N(C1=O)C)C)NCCCN2CCN(CC2)C3=CC=CC=C3OC,Inactive,0,,,Inactive,,,,,,,,,,4,0 0 0 0 0 0 0,11.8769,-0.9404,-5.5643,-14.3341,25.5495,15.5367,6.2942,11.8769,QC'd by SigmaAldrich
974,50106040,408,CN1C(CCC1=O)C2=CN=CC=C2,Inactive,0,,,Inactive,,,,,,,,,,4,0 0 0 0 1 0 1,1.2783,7.6755,4.1448,3.6069,47.7393,54.4457,7.1782,1.2783,QC'd by SigmaAldrich
975,50107106,73093,CC1=CC=C(C=C1)S(=O)(=O)N[C@@H](CCCCN)C(=O)CCl.Cl,Inactive,0,,,Inactive,,,,,,,,,,4,1 0 0 0 0 1 0,9.3126,21.5355,6.4963,-16.0405,26.7341,43.6335,-12.4015,9.3126,QC'd by SigmaAldrich
976,50106737,5284451,CN(C)CCN(CC1=CC=C(C=C1)OC)C2=CC=CC=N2.C(=C\C(=O)O)\C(=O)O,Inactive,0,,,Inactive,,,,,,,,,,4,0 0 0 1 0 0 0,11.0896,-8.6051,-18.4189,-1.2379,44.8628,8.4928,-0.2622,11.0896,QC'd by SigmaAldrich
977,50105761,73334,CCNC(=O)N1CCN(CC1)CCCC(C2=CC=C(C=C2)F)C3=CC=C(C=C3)F.Cl,Inactive,0,,,Inactive,,,,,,,,,,4,0 0 0 0 1 0 0,-4.6511,8.8154,9.1025,11.9639,14.6752,36.2687,-7.2755,-4.6511,QC'd by SigmaAldrich
978,50106736,16760703,CCCC(CCC)C(=O)[O-].[Na+],Inactive,0,,,Inactive,,,,,,,,,,4,0 0 0 0 1 0 0,12.6218,2.5,7.7693,23.6722,13.5399,47.4898,7.1031,12.6218,QC'd by SigmaAldrich
979,50105901,24867475,C[C@H]1CC2[C@@H]3CCC4=CC(=O)C=C[C@@]4([C@]3([C@H](C[C@@]2([C@]1(C(=O)CO)O)C)O)Cl)C,Inactive,0,,,Inactive,,,,,,,,,,4,0 0 0 0 0 1 0,12.8474,-9.8283,-15.931,-13.0913,-0.0459,10.0824,-22.1964,12.8474,QC'd by SigmaAldrich
980,50105830,2734687,C(=NN)(N)N.Cl,Inactive,0,,,Inactive,,,,,,,,,,4,0 0 0 0 1 0 0,13.5529,-8.3107,-16.181,-17.4877,-11.0273,34.8639,-10.4621,13.5529,QC'd by SigmaAldrich
981,50105759,135398513,C1=NC2=C(N1COCCO)N=C(NC2=O)N,Inactive,0,,,Inactive,,,,,,,,,,4,1 0 0 0 0 0 0,17.1957,-0.5349,-10.6453,-10.1807,2.4278,11.5892,13.4829,17.1957,QC'd by SigmaAldrich
982,50105687,3348,CC(C)(C1=CC=C(C=C1)C(CCCN2CCC(CC2)C(C3=CC=CC=C3)(C4=CC=CC=C4)O)O)C(=O)O,Inactive,0,,,Inactive,,,,,,,,,,4,0 0 0 0 1 0 1,-3.887,8.1066,5.9051,-6.4792,1.5094,41.4139,-27.314,-3.887,QC'd by SigmaAldrich
983,50105979,11957485,C[N+](C)(C)COP(=O)([O-])OP(=O)([O-])OC[C@@H]1[C@H]([C@H]([C@@H](O1)N2C=CC(=NC2=O)N)O)O.[Na+],Inactive,0,,,Inactive,,,,,,,,,,4,0 0 0 0 0 1 0,19.4356,-7.2885,-7.1886,20.434,21.7047,23.2617,-0.9277,19.4356,QC'd by SigmaAldrich
984,50107167,6604029,C1=C(C=C(C(=C1O)O)O)/C(=C(\C=C(C#N)C#N)/N)/C#N,Inactive,0,,,Inactive,,,,,,,,,,4,0 0 0 0 0 1 0,-31.6531,-7.339,8.511,-20.5104,-20.2151,-15.9746,-1.5271,-31.6531,QC'd by SigmaAldrich
985,50106543,11957593,CC1=CNN=C1.Cl,Inactive,0,,,Inactive,,,,,,,,,,4,0 0 0 0 1 0 0,-11.7575,4.2267,19.3674,21.1664,-0.8913,33.3678,-5.4208,-11.7575,QC'd by SigmaAldrich
986,50104329,104766,C1C[C@](C[C@@H]1C(=O)O)(C(=O)O)N,Inactive,0,,,Inactive,,,,,,,,,,4,1 0 0 0 1 0 1,8.7243,-20.1812,-3.8092,-6.9518,-0.9358,37.2494,-26.8121,8.7243,QC'd by SigmaAldrich
987,50106119,10131132,COC(=O)[C@H](CC1=CC(=C(C=C1)O)O)N.Cl,Inactive,0,,,Inactive,,,,,,,,,,4,0 0 0 0 1 0 0,8.4203,-8.1279,-6.7371,-11.3206,-5.2052,32.1214,-6.6752,8.4203,QC'd by SigmaAldrich
988,50106257,11957540,CC(C1=C(C(=CC=C1)Cl)Cl)N.Cl,Inactive,0,,,Inactive,,,,,,,,,,4,0 0 0 0 1 0 0,10.5706,-2.8943,2.289,6.6317,6.9805,46.2765,13.3231,10.5706,QC'd by SigmaAldrich
989,50105255,7172,CNCC(C1=CC=C(C=C1)O)O,Inactive,0,,,Inactive,,,,,,,,,,4,0 0 0 1 0 0 0,8.8043,-5.3266,-1.4292,1.1764,7.3018,-2.5418,-12.3799,8.8043,QC'd by SigmaAldrich
990,50106825,4843,C1CC(=O)N(C1)CC(=O)N,Inactive,0,,,Inactive,,,,,,,,,,4,0 0 0 0 1 0 0,-1.0764,-6.1736,3.6965,-7.3142,-13.413,27.1942,4.2562,-1.0764,QC'd by SigmaAldrich
991,50105548,1989,CC(=O)C1=CC=C(C=C1)S(=O)(=O)NC(=O)NC2CCCCC2,Inactive,0,,,Inactive,,,,,,,,,,4,1 0 0 0 0 0 0,-1.6255,12.3057,3.7701,18.6839,31.8468,45.3714,-2.3272,-1.6255,QC'd by SigmaAldrich
992,50104189,3478,CC1=CN=C(C=N1)C(=O)NCCC2=CC=C(C=C2)S(=O)(=O)NC(=O)NC3CCCCC3,Inactive,0,,,Inactive,,,,,,,,,,4,0 0 1 0 0 0 0,24.3295,0.4277,13.9783,-4.6302,19.1587,14.0646,7.688,24.3295,QC'd by SigmaAldrich
993,50106181,3014059,C[N+]1(CCC(CC1)OC(=O)C(C2=CC=CC=C2)C3=CC=CC=C3)C.[I-],Inactive,0,,,Inactive,,,,,,,,,,4,0 0 0 0 0 1 0,40.9002,19.585,10.9286,18.6776,42.4527,48.9014,-17.471,40.9002,QC'd by SigmaAldrich
994,50104084,135398737,CN1CCN(CC1)C2=NC3=C(C=CC(=C3)Cl)NC4=CC=CC=C42,Inactive,0,,,Inactive,,,,,,,,,,4,0 0 0 0 0 0 1,-22.7337,-1.0384,-2.0295,8.464,11.8108,29.1119,25.0036,-22.7337,QC'd by SigmaAldrich
995,50104818,3373,CCOC(=O)C1=C2CN(C(=O)C3=C(N2C=N1)C=CC(=C3)F)C,Inactive,0,,,Inactive,,,,,,,,,,4,0 0 0 0 0 0 0,7.3146,-10.0231,20.3674,19.2519,6.264,15.775,4.2083,7.3146,QC'd by SigmaAldrich
996,50106398,5818,C1=C(NC=N1)CCN.Cl.Cl,Inactive,0,,,Inactive,,,,,,,,,,4,0 0 0 0 1 0 0,4.4367,-11.3067,0.2925,-8.1457,8.3565,43.0408,12.4164,4.4367,QC'd by SigmaAldrich
997,50104127,2708,C1=CC(=CC=C1CCCC(=O)O)N(CCCl)CCCl,Inactive,0,,,Inactive,,,,,,,,,,4,0 0 0 0 1 0 0,-35.3031,9.0117,1.5829,-5.0209,-1.6767,44.4475,-21.7116,-35.3031,QC'd by SigmaAldrich
998,50107107,2737391,C1CN(CCN1)C2=CC=CC3=CC=CC=C32.Cl,Inactive,0,,,Inactive,,,,,,,,,,4,1 0 0 0 0 0 0,-22.0633,-13.5486,-7.6989,-7.5915,9.2836,-1.7194,-20.2752,-22.0633,QC'd by SigmaAldrich
999,50106666,3074827,CC1(CCC(CC1)NC(=O)[C@H](CCC(=O)O)N)C,Inactive,0,,,Inactive,,,,,,,,,,4,,-20.9348,-30.904,-19.179,-33.7311,-13.1986,-3.9326,-32.1647,-20.9348,QC'd by SigmaAldrich
1000,50107042,6112,C1CSS[C@@H]1CCCCC(=O)O,Inactive,0,,,Inactive,,,,,,,,,,4,0 0 0 0 1 0 0,-7.3661,4.7672,24.5808,4.2468,38.6006,64.5949,20.7871,-7.3661,QC'd by SigmaAldrich
1001,50105898,24867473,CSC1=NC(=C2C(=N1)N(C=N2)[C@H]3[C@@H]([C@H]([C@H](O3)COP(=O)([O-])OP(=O)([O-])OP(=O)([O-])[O-])O)O)N.[Na+].[Na+].[Na+].[Na+],Inactive,0,,,Inactive,,,,,,,,,,4,0 0 0 0 1 0 1,-5.0992,-8.5111,8.3484,-1.6954,-14.1801,36.5866,-12.3981,-5.0992,QC'd by SigmaAldrich
1002,50106824,363417,CCCCCCCCCCCCCCCC(=O)OC(CC(=O)O)C[N+](C)(C)C.[Cl-],Inactive,0,,,Inactive,,,,,,,,,,4,0 1 0 0 0 0 0,15.3443,-5.5196,21.4616,-2.1888,38.5475,43.2654,-5.8006,15.3443,QC'd by SigmaAldrich
1003,50104887,24867456,CC[C@H](C)C(=O)O[C@H]1CCC=C2C1[C@H]([C@H](C=C2)C)CC[C@@H]3C[C@@H](CC(=O)O3)O,Inactive,0,,,Inactive,,,,,,,,,,4,0 0 0 0 1 0 1,7.1669,4.4176,8.2506,22.7112,17.4039,37.0456,19.5883,7.1669,QC'd by SigmaAldrich
1004,50106614,11957616,CC(CC1=CC=C(C=C1)O)(C(=O)OC)N.Cl,Inactive,0,,,Inactive,,,,,,,,,,4,0 0 0 0 0 0 1,34.0364,5.6965,7.1517,5.244,10.948,14.9493,-6.513,34.0364,QC'd by SigmaAldrich
1005,50105976,5284441,CC(COC1=CC=CC=C1)N(CCCl)CC2=CC=CC=C2.Cl,Inactive,0,,,Inactive,,,,,,,,,,4,1 0 0 0 1 0 1,1.935,-25.6498,-2.5001,4.2939,10.1478,34.7191,-21.9636,1.935,QC'd by SigmaAldrich
1006,50104129,4909,CCC1(C(=O)NCNC1=O)C2=CC=CC=C2,Inactive,0,,,Inactive,,,,,,,,,,4,0 0 0 0 1 0 0,36.3135,14.587,-7.8473,7.3565,6.7008,35.505,1.6682,36.3135,QC'd by SigmaAldrich
1007,50106544,9944443,CN(C)CCC1=CNC2=C1C=C(C=C2)OC.C(=O)(C(=O)O)O,Inactive,0,,,Inactive,,,,,,,,,,4,1 0 0 0 0 0 1,1.2849,-2.9416,1.4669,10.2477,9.505,28.4993,-20.297,1.2849,QC'd by SigmaAldrich
1008,50106947,9539,C(CCNCCCN)CN.Cl.Cl.Cl,Inactive,0,,,Inactive,,,,,,,,,,4,0 0 0 0 1 0 0,-18.4668,-1.8901,6.9575,2.6164,10.0463,45.5538,-5.8323,-18.4668,QC'd by SigmaAldrich
1009,50106399,3657,C(=O)(N)NO,Inactive,0,,,Inactive,,,,,,,,,,4,0 1 0 0 0 0 0,-12.9032,8.5156,-2.7061,6.1902,27.3972,34.3724,-2.0122,-12.9032,QC'd by SigmaAldrich
1010,50106038,23675321,CC(=O)OCC1=C(N2[C@@H]([C@@H](C2=O)NC(=O)CC3=CC=CS3)SC1)C(=O)[O-].[Na+],Inactive,0,,,Inactive,,,,,,,,,,4,,-1.9225,-0.2253,8.8592,-5.8226,12.5741,53.2403,-5.9035,-1.9225,QC'd by SigmaAldrich
1011,50106669,11957635,C1CN=C(N1)CC2=CC3=CC=CC=C3C=C2.Cl,Inactive,0,,,Inactive,,,,,,,,,,4,0 0 0 0 1 0 0,-0.1586,-13.5359,-6.0116,1.746,5.2443,8.4968,-10.8565,-0.1586,QC'd by SigmaAldrich
1012,50105968,11957484,C1CCC(CC1)(C2=CC3=CC=CC=C3S2)N4CCCCC4.Cl,Inactive,0,,,Inactive,,,,,,,,,,4,1 0 0 0 0 0 0,-36.0989,-7.2955,2.3699,-3.4371,23.6835,15.4044,-19.6816,-36.0989,QC'd by SigmaAldrich
1013,50104641,1359,C1=CC=C(C(=C1)C(F)(F)F)N2C=CN=C2,Inactive,0,,,Inactive,,,,,,,,,,4,0 0 0 0 0 0 1,13.416,7.1334,-12.8784,-11.3368,6.2846,3.4931,-19.4786,13.416,QC'd by SigmaAldrich
1014,50105969,6603770,C1CC(C1)(C(=O)O)C(=O)O.N.N.[Pt],Inactive,0,,,Inactive,,,,,,,,,,4,0 0 0 0 1 0 1,3.0034,3.315,-17.3699,8.9212,-3.2044,43.6543,-44.5764,3.0034,QC'd by SigmaAldrich
1015,50105899,5372720,C1=CC=C2C(=C1)N=C3C(=N2)NC(=O)NC3=O,Inactive,0,,,Inactive,,,,,,,,,,4,0 0 0 0 0 0 0,16.3368,10.1981,8.649,3.6628,19.6809,21.5086,25.549,16.3368,QC'd by SigmaAldrich
1016,50105828,64392,C1CCC(CC1)N=C(NC23CC4CC(C2)CC(C4)C3)N5CCOCC5.Cl,Inactive,0,,,Inactive,,,,,,,,,,4,0 0 0 0 0 0 0,-27.3565,-3.4298,0.9145,-6.5277,5.2223,5.8599,-29.1034,-27.3565,QC'd by SigmaAldrich
1017,50107104,5329275,C1=CC=C2C(=C1)C(=CN2)/C=C(\C#N)/C(=O)C3=CC(=C(C=C3)O)O,Inactive,0,,,Inactive,,,,,,,,,,4,0 0 1 0 0 0 0,-14.0272,6.2523,11.4019,-18.5067,9.3838,17.7107,-28.4183,-14.0272,QC'd by SigmaAldrich
1018,50106401,2724402,C1=CC(=CC(=C1)O)CNN.Cl.Cl,Inactive,0,,,Inactive,,,,,,,,,,4,0 0 0 0 1 0 1,32.9393,17.1513,-10.5142,-1.132,-2.9911,6.6084,-16,32.9393,QC'd by SigmaAldrich
1019,50104816,5311203,CCOC(=O)C1=C2[C@@H]3CCCN3C(=O)C4=C(N2C=N1)C=CC(=C4)OC,Inactive,0,,,Inactive,,,,,,,,,,4,1 0 0 0 0 0 0,-19.6953,-3.6458,0.8401,-3.0281,14.2184,31.8689,1.9557,-19.6953,QC'd by SigmaAldrich
1020,50106259,11957542,CC(C)C[C@@H](C(=O)NCCCCN=C(N)N)NC(=O)C1C(O1)C(=O)O,Inactive,0,,,Inactive,,,,,,,,,,4,0 0 0 0 0 1 0,42.6142,6.7577,17.2358,1.7621,33.6492,47.9608,1.7254,42.6142,QC'd by SigmaAldrich
1021,50106117,11957512,C1CC1C2=CC=CC=C2OCC3=NCCN3.Cl,Inactive,0,,,Inactive,,,,,,,,,,4,,-4.5606,-25.2914,-7.7897,-6.1743,-13.4326,0.5257,-14.3658,-4.5606,QC'd by SigmaAldrich
1022,50106321,6603849,C1=COC(=C1)CNC2=CC(=C(C=C2C(=O)O)OS(=O)N)Cl,Inactive,0,,,Inactive,,,,,,,,,,4,0 0 0 0 1 0 1,-4.727,-11.8146,0.8722,-13.369,-5.4967,27.1664,-30.8555,-4.727,QC'd by SigmaAldrich
1023,50107227,9928898,CCCCC/C=C\CC(/C=C/C1=CC=CC(=N1)CC(CCCCO)O)O,Inactive,0,,,Inactive,,,,,,,,,,4,0 0 0 0 1 0 1,6.0175,-7.9594,7.1187,0.2399,-0.1046,44.7613,-21.9051,6.0175,QC'd by SigmaAldrich
1024,50106948,121880,CCCCN1CCC(CC1)COC(=O)C2=CC(=C(C3=C2OCCO3)N)Cl.Cl,Inactive,0,,,Inactive,,,,,,,,,,4,0 0 0 0 0 0 0,-9.7987,15.0169,21.0899,14.8001,24.6071,20.928,0.0673,-9.7987,QC'd by SigmaAldrich
1025,50106545,4038,CC1=C(C(=C(C=C1)Cl)NC2=CC=CC=C2C(=O)[O-])Cl.[Na+],Inactive,0,,,Inactive,,,,,,,,,,4,,6.7684,-24.0005,8.8896,1.1121,21.0156,30.1583,0.762,6.7684,QC'd by SigmaAldrich
1026,50103941,31307,C[C@]12C[C@@H]([C@]3([C@H]([C@@H]1C[C@H]([C@@]2(C(=O)CO)O)O)CCC4=CC(=O)C=C[C@@]43C)F)O,Inactive,0,,,Inactive,,,,,,,,,,4,0 0 1 0 0 0 0,-9.7696,5.5426,0.5845,-4.7625,21.545,20.4309,1.3656,-9.7696,QC'd by SigmaAldrich
1027,50106179,54741845,C[C@@H]1C2[C@@H]([C@H]3C(C(=O)C(=C([C@]3(C(=O)C2=C(C4=C1C=CC=C4O)O)O)O)C(=O)N)N(C)C)O.Cl,Inactive,0,,,Inactive,,,,,,,,,,4,0 0 0 0 1 0 1,-4.3889,-15.0327,12.6044,19.009,3.5468,38.4719,-31.0813,-4.3889,QC'd by SigmaAldrich
1028,50106039,5309446,C1CCN(C1)CC2=NC3=CC=CC=C3N2CC4=CC=C(C=C4)Cl.Cl,Inactive,0,,,Inactive,,,,,,,,,,4,1 0 0 0 0 0 0,-22.1404,-3.1446,4.0201,1.9848,11.6148,18.5024,-6.7987,-22.1404,QC'd by SigmaAldrich
1029,50106668,23681235,C1CC(C(C2=CC=CC=C2C1)O)CC(=O)[O-].[Na+],Inactive,0,,,Inactive,,,,,,,,,,4,0 0 0 0 1 0 0,4.7896,-16.1655,-15.029,-25.2245,2.4749,25.5376,-29.8189,4.7896,QC'd by SigmaAldrich
1030,50105619,5757,C[C@]12CC[C@H]3[C@H]([C@@H]1CC[C@@H]2O)CCC4=C3C=CC(=C4)O,Inactive,0,,,Inactive,,,,,,,,,,4,0 0 0 0 0 0 0,-37.4563,-2.0624,0.2936,-13.474,-5.9108,12.0527,-24.0569,-37.4563,QC'd by SigmaAldrich
1031,50105817,1365,CN1C2=C(N=C1C3=CC=C(C=C3)S(=O)(=O)O)N(C(=O)N(C2=O)CC=C)C,Inactive,0,,,Inactive,,,,,,,,,,4,1 0 0 0 0 1 0,14.5666,-22.7937,5.2494,10.565,19.7554,17.2099,-30.2551,14.5666,QC'd by SigmaAldrich
1032,50106555,6603922,CC1=NN=C2N1N=CC(=C2)C3=CC=C(C=C3)C(F)(F)F,Inactive,0,,,Inactive,,,,,,,,,,4,1 0 0 0 0 0 0,-7.9271,9.2215,13.014,17.2142,22.3768,17.549,8.9387,-7.9271,QC'd by SigmaAldrich
1033,50104148,3488,COC1=C(C=C(C=C1)Cl)C(=O)NCCC2=CC=C(C=C2)S(=O)(=O)NC(=O)NC3CCCCC3,Inactive,0,,,Inactive,,,,,,,,,,4,0 0 0 0 1 0 0,-13.0836,9.2263,1.7445,6.384,18.8626,26.539,-4.8196,-13.0836,QC'd by SigmaAldrich
1034,50106245,5312331,CCCCCCCCCCC/C=C\C(C)(C)/C=C\CCCC(=O)O,Inactive,0,,,Inactive,,,,,,,,,,4,0 0 0 1 0 0 1,-23.4613,-15.9874,-17.2165,-5.2047,-11.3304,-3.8238,-8.485,-23.4613,QC'd by SigmaAldrich
1035,50104341,1549098,C([C@@H](C(=O)O)N)S(=O)O,Inactive,0,,,Inactive,,,,,,,,,,4,0 0 0 0 0 1 0,25.4009,-0.3868,6.7617,14.4293,4.1145,17.1131,-14.2102,25.4009,QC'd by SigmaAldrich
1036,50106695,9907039,CCCCN1CCC(CC1)N2C3=CC=CC=C3NC2=O.C(=O)(C(=O)O)O,Inactive,0,,,Inactive,,,,,,,,,,4,,1.3177,-15.5011,2.0079,-9.2977,9.5353,29.2394,-18.6429,1.3177,QC'd by SigmaAldrich
1037,50106315,5282407,C1CN(CCN1C/C=C/C2=CC=CC=C2)C(C3=CC=C(C=C3)F)C4=CC=C(C=C4)F.Cl.Cl,Inactive,0,,,Inactive,,,,,,,,,,4,1 0 0 0 0 0 0,-47.6885,-17.7056,22.3666,-3.5649,11.8051,24.0661,5.4621,-47.6885,QC'd by SigmaAldrich
1038,50107049,11957702,CC1C2=C(C(=O)N(C1=O)C)N=CN2,Inactive,0,,,Inactive,,,,,,,,,,4,0 0 0 0 1 0 0,-12.5412,6.2411,15.2764,14.9276,16.3758,50.2096,-8.7427,-12.5412,QC'd by SigmaAldrich
1039,50106370,11957554,CCCN(CCC)[C@@H]1CCC2=C(C1)C=C(C=C2)O.Br,Inactive,0,,,Inactive,,,,,,,,,,4,0 0 0 0 1 0 0,-9.4002,13.1841,2.3538,11.8727,-5.7739,43.6788,19.6214,-9.4002,QC'd by SigmaAldrich
1040,50106757,66259,CC1=CC(=C(C(=C1CC2=NCCN2)C)O)C(C)(C)C.Cl,Inactive,0,,,Inactive,,,,,,,,,,4,0 0 0 0 1 0 1,-18.3492,-19.6688,11.6442,3.3329,2.3643,25.8814,-5.5165,-18.3492,QC'd by SigmaAldrich
1041,50104627,688272,CCN1CCC[C@H]1CNC(=O)C2=C(C=CC(=C2)S(=O)(=O)N)OC,Inactive,0,,,Inactive,,,,,,,,,,4,1 0 0 0 0 1 0,30.7851,22.6053,9.1649,19.2112,24.9632,36.3486,9.5712,30.7851,QC'd by SigmaAldrich
1042,50104218,222786,C[C@]12CCC(=O)C=C1CC[C@@H]3[C@@H]2C(=O)C[C@]4([C@H]3CC[C@@]4(C(=O)CO)O)C,Inactive,0,,,Inactive,,,,,,,,,,4,0 0 0 0 1 0 0,31.1427,-13.4963,-5.1109,-1.7782,4.2907,56.1643,-12.521,31.1427,QC'd by SigmaAldrich
1043,50107188,3353976,C(CC(C(=O)O)N)CNC(=S)N,Inactive,0,,,Inactive,,,,,,,,,,4,0 0 0 0 0 0 1,3.2741,3.79,11.3304,-1.0804,8.2957,12.7047,-16.5805,3.2741,QC'd by SigmaAldrich
1044,50106193,1845,C1=C2C(=CC(=C1Cl)Cl)NC(=O)C(=O)N2,Inactive,0,,,Inactive,,,,,,,,,,4,0 0 0 0 0 0 1,70.3861,-11.5508,-5.5503,-10.4385,23.632,27.396,-6.7429,70.3861,QC'd by SigmaAldrich
1045,26753648,56801,C1=CC=C(C=C1)CCCCOCCCCCCNCC(C2=CC(=C(C=C2)O)CO)O.C1=CC=C2C(=C1)C=CC(=C2O)C(=O)O,Inactive,0,,,Inactive,,,,,,,,,,4,0 0 0 0 0 0 0,-44.4885,5.4005,-5.461,-0.45,16.2147,29.2279,-3.1745,-44.4885,QC'd by SigmaAldrich
1046,50106554,441333,CC(C)NCC(C1=CC(=CC(=C1)O)O)O.CC(C)NCC(C1=CC(=CC(=C1)O)O)O.OS(=O)(=O)O,Inactive,0,,,Inactive,,,,,,,,,,4,1 0 0 0 0 0 0,-13.7259,-4.8396,-1.2148,0.6241,4.2114,9.6355,-16.7531,-13.7259,QC'd by SigmaAldrich
1047,26753508,16759246,C[C@]12CCC3C([C@@H]1CC[C@@H]2C(=O)NC(C)(C)C)CC[C@@H]4[C@@]3(C=CC(=O)N4)C,Inactive,0,,,Inactive,,,,,,,,,,4,1 0 0 0 0 0 0,-24.5861,-12.9714,-8.0887,6.4859,8.6243,-13.9786,-28.2504,-24.5861,QC'd by SigmaAldrich
1048,50105879,24867471,C[C@]12CCC3C([C@@H]1CCC2=O)CCC4[C@@]3(CC[C@H](C4)O)C,Inactive,0,,,Inactive,,,,,,,,,,4,0 0 0 0 0 0 0,-14.5794,20.5439,8.9561,21.0333,4.5683,14.5943,-1.0887,-14.5794,QC'd by SigmaAldrich
1049,50106945,11957681,CNC1=CC(=NC(=N1)NC)NS(=O)(=O)C2=CC=C(C=C2)N.Cl.Cl,Inactive,0,,,Inactive,,,,,,,,,,4,0 0 0 0 0 0 0,-21.4555,1.2673,1.589,1.8345,2.7332,5.8505,-13.5221,-21.4555,QC'd by SigmaAldrich
1050,50106696,11957647,CC1=CC=C(C=C1)C(=O)O[C@H]([C@@H](C(=O)O)OC(=O)C2=CC=C(C=C2)C)C(=O)O.CN1CCC[C@@H]1C2=CN=CC=C2,Inactive,0,,,Inactive,,,,,,,,,,4,0 0 0 0 0 0 1,12.337,-13.1066,-10.9053,-11.2962,6.9525,-0.8967,-28.1568,12.337,QC'd by SigmaAldrich
1051,50106069,2796,CCOC(=O)C(C)(C)OC1=CC=C(C=C1)Cl,Inactive,0,,,Inactive,,,,,,,,,,4,1 0 0 0 0 0 1,4.1716,-4.5178,-0.2108,5.172,12.7089,5.4187,-26.4049,4.1716,QC'd by SigmaAldrich
1052,50107006,160355,CC[C@H](CO)NC1=NC(=C2C(=N1)N(C=N2)C(C)C)NCC3=CC=CC=C3,Inactive,0,,,Inactive,,,,,,,,,,4,0 1 0 0 0 0 0,22.552,-6.5348,23.2569,-2.9305,9.6302,11.9824,8.3322,22.552,QC'd by SigmaAldrich
1053,50104564,5289501,C/C(=C\C1=CC=C(C=C1)C(=O)O)/C2=CC3=C(C=C2)C(CCC3(C)C)(C)C,Inactive,0,,,Inactive,,,,,,,,,,4,0 0 0 0 0 0 1,9.4982,1.7499,9.9618,-2.1711,-0.6507,-3.4707,-20.2621,9.4982,QC'd by SigmaAldrich
1054,50106368,1742,C1=CC(=CC=C1C(=O)NN)O,Inactive,0,,,Inactive,,,,,,,,,,4,0 0 0 0 0 0 0,23.155,5.9587,0.8297,4.2792,11.1417,23.7887,14.9439,23.155,QC'd by SigmaAldrich
1055,50107118,2061,C1=C(C=C(C(=C1O)O)O)C=C(C#N)C#N,Inactive,0,,,Inactive,,,,,,,,,,4,0 0 0 1 0 0 0,29.5874,3.1996,4.6075,-0.4576,39.728,16.6285,6.4079,29.5874,QC'd by SigmaAldrich
1056,50106805,5311367,CC1=C(C(=C(C(=N1)N=NC2=CC3=C(C=C(C=C3S(=O)(=O)[O-])[N+](=O)[O-])C(=C2)S(=O)(=O)[O-])COP(=O)([O-])[O-])C=O)O.[Na+].[Na+].[Na+].[Na+],Inactive,0,,,Inactive,,,,,,,,,,4,0 0 0 0 1 0 1,-21.0845,-10.7499,-7.8069,-10.9733,-22.6752,-1.8344,-38.0038,-21.0845,QC'd by SigmaAldrich
1057,50106439,54685921,C1=CC(=C(C=C1/C=C/C2=CC(=CC(=O)O2)O)O)O,Inactive,0,,,Inactive,,,,,,,,,,4,0 0 0 1 0 0 0,8.7751,-19.3321,-15.5145,-13.5063,35.5172,29.1038,-2.4148,8.7751,QC'd by SigmaAldrich
1058,50106867,5282139,CN(C)CCC(C1=CC=CC=C1)C2=CC=CC=N2.C(=C\C(=O)O)\C(=O)O,Inactive,0,,,Inactive,,,,,,,,,,4,1 0 0 0 0 0 0,-7.5076,-4.2823,10.411,-0.8962,12.7799,14.8799,-1.5857,-7.5076,QC'd by SigmaAldrich
1059,50104848,656765,CCN1C2=CC(=C(C=C2NC1=O)Cl)Cl,Inactive,0,,,Inactive,,,,,,,,,,4,0 0 0 0 0 0 1,4.9681,-2.1978,-1.6113,-6.7036,2.9331,-7.9337,-20.122,4.9681,QC'd by SigmaAldrich
1060,50106616,6198,COC1=CC2=C(C=C1)NC=C2CCN.Cl,Inactive,0,,,Inactive,,,,,,,,,,4,0 0 0 0 1 0 0,19.8271,4.8931,-3.415,-1.2846,9.0103,32.7577,-8.2248,19.8271,QC'd by SigmaAldrich
1061,50105756,2723754,C1CCC2=NC3=CC=CC=C3C(=C2C1)N.Cl,Inactive,0,,,Inactive,,,,,,,,,,4,1 0 0 0 0 0 0,10.3556,-12.6116,2.5343,-2.6136,-10.5413,1.6597,-6.9044,10.3556,QC'd by SigmaAldrich
1062,50107048,23725057,CN1CCC2=CC(=C(C=C2C(C1)C3=CC=CC=C3)OC)OC.C(=C\C(=O)O)\C(=O)O,Inactive,0,,,Inactive,,,,,,,,,,4,1 0 0 0 0 0 1,7.809,-0.0072,12.0447,10.2064,13.1054,18.3263,-8.6558,7.809,QC'd by SigmaAldrich
1063,50105941,89105,C1CN1C2=C(C=C(C(=C2)C(=O)N)[N+](=O)[O-])[N+](=O)[O-],Inactive,0,,,Inactive,,,,,,,,,,4,0 0 1 0 0 0 0,6.4776,10.8783,14.5277,2.7979,23.1922,18.6943,-2.8627,6.4776,QC'd by SigmaAldrich
1064,50106557,11957596,CN([C@@H]1CCCC[C@@H]1N2CCCC2)C(=O)CC3=CC(=C(C=C3)Cl)Cl.C(C(C(=O)O)O)(C(=O)O)O,Inactive,0,,,Inactive,,,,,,,,,,4,1 0 0 0 0 0 0,-45.1774,-11.9361,-3.8456,1.263,24.5762,13.961,-13.5498,-45.1774,QC'd by SigmaAldrich
1065,50106191,161713,CCCN1C2=C(C(=O)N(C1=O)CCC)N(C=N2)C,Inactive,0,,,Inactive,,,,,,,,,,4,1 0 0 0 0 0 1,-5.2236,-9.9954,10.3876,-2.3835,3.0637,10.3313,-16.5458,-5.2236,QC'd by SigmaAldrich
1066,50106697,8667,CN(C)CCN(CC1=CC=CS1)C2=CC=CC=N2.Cl,Inactive,0,,,Inactive,,,,,,,,,,4,,56.571,11.0703,-4.6723,-0.9567,16.0736,26.5607,1.5537,56.571,QC'd by SigmaAldrich
1067,50104061,689043,C1=CC(=C(C=C1/C=C/C(=O)O)O)O,Inactive,0,,,Inactive,,,,,,,,,,4,1 0 0 0 0 0 0,20.2401,-16.5533,-2.7903,-7.797,-4.168,-2.893,-6.2574,20.2401,QC'd by SigmaAldrich
1068,50105815,2733501,CC1CCN=C(S1)N.Cl,Inactive,0,,,Inactive,,,,,,,,,,4,1 0 0 0 0 0 1,25.8772,-5.4748,20.7261,21.2284,27.2679,12.6425,-21.4027,25.8772,QC'd by SigmaAldrich
1069,50107005,68727,CCCN(CCC)CCC1=C2CC(=O)NC2=CC=C1.Cl,Inactive,0,,,Inactive,,,,,,,,,,4,0 0 1 0 0 0 1,23.3642,20.5593,15.7085,-4.5173,15.9528,23.9344,-0.9295,23.3642,QC'd by SigmaAldrich
1070,50106943,3495594,C1=CC=C(C(=C1)C(=O)C2=CC(=C(C(=C2)O)O)[N+](=O)[O-])F,Inactive,0,,,Inactive,,,,,,,,,,4,0 0 0 0 1 0 0,24.4202,-18.8197,25.0398,23.6092,13.229,36.2663,-8.8559,24.4202,QC'd by SigmaAldrich
1071,50106317,2723891,C(CC(=O)O)[C@@H](C(=O)O)N.Cl,Inactive,0,,,Inactive,,,,,,,,,,4,0 1 0 0 0 0 1,14.8656,10.3136,21.9972,2.3544,14.7798,9.5201,-2.9631,14.8656,QC'd by SigmaAldrich
1072,50105693,4838,C1CNCCC1S(=O)(=O)O,Inactive,0,,,Inactive,,,,,,,,,,4,0 0 1 0 0 0 0,-6.7768,-1.9287,7.5729,-14.9654,13.0772,32.1492,-14.6645,-6.7768,QC'd by SigmaAldrich
1073,50104488,4507,CCOC(=O)C1=C(NC(=C(C1C2=CC(=CC=C2)[N+](=O)[O-])C(=O)OC)C)C,Inactive,0,,,Inactive,,,,,,,,,,4,0 1 0 0 0 0 1,-19.6989,-17.7802,14.4942,-9.1894,-4.0712,13.0983,-5.0709,-19.6989,QC'd by SigmaAldrich
1074,50104845,5281708,C1=CC(=CC=C1C2=COC3=C(C2=O)C=CC(=C3)O)O,Inactive,0,,,Inactive,,,,,,,,,,4,1 0 0 0 1 0 0,33.5143,-23.4085,2.5212,14.9687,28.092,-8.6136,25.4141,33.5143,QC'd by SigmaAldrich
1075,50103991,2471,CCCCNC1=C(C(=CC(=C1)C(=O)O)S(=O)(=O)N)OC2=CC=CC=C2,Inactive,0,,,Inactive,,,,,,,,,,4,1 0 0 0 0 0 0,-28.3191,-6.5031,8.5109,1.5462,14.4854,-14.4982,-15.3989,-28.3191,QC'd by SigmaAldrich
1076,50104629,2756,CC1=C(N=CN1)CSCCNC(=NC)NC#N,Inactive,0,,,Inactive,,,,,,,,,,4,1 0 0 0 0 0 0,19.9367,10.2777,0.0047,3.6673,-2.4883,23.9499,18.2443,19.9367,QC'd by SigmaAldrich
1077,50103936,3446,C1CCC(CC1)(CC(=O)O)CN,Inactive,0,,,Inactive,,,,,,,,,,4,,-2.3903,-7.2781,-4.6383,-3.5964,5.6633,9.9765,-3.9781,-2.3903,QC'd by SigmaAldrich
1078,26753573,275,C(CON=C(N)N)C(C(=O)O)N,Inactive,0,,,Inactive,,,,,,,,,,4,0 0 0 0 0 0 1,-21.1153,-15.9916,-9.2319,-12.1779,16.0619,17.8744,-6.8491,-21.1153,QC'd by SigmaAldrich
1079,50107186,4234241,C1CC2C(C1)C3CC2CC3OC(=S)[S-].[K+],Inactive,0,,,Inactive,,,,,,,,,,4,,-11.9675,-5.1965,-8.826,-3.4393,22.1093,-11.9485,-9.1857,-11.9675,QC'd by SigmaAldrich
1080,50106619,23681059,C[C@@H](C1=CC2=C(C=C1)C=C(C=C2)OC)C(=O)[O-].[Na+],Inactive,0,,,Inactive,,,,,,,,,,4,0 0 0 0 0 1 0,24.6796,-2.1635,-1.7559,7.5684,15.32,20.5302,7.3609,24.6796,QC'd by SigmaAldrich
1081,50105753,51763,C1CN=C(N1)NC2=C(C=C(C=C2Cl)N)Cl.Cl,Inactive,0,,,Inactive,,,,,,,,,,4,0 0 0 0 0 0 0,16.7247,-0.5057,3.8419,-0.809,6.9103,16.0518,18.544,16.7247,QC'd by SigmaAldrich
1082,50105877,11957460,CC1=C(C(CC(=O)C1O)(C)C)/C=C/C(=C/C=C/C(=C\C=C\C=C(/C=C/C=C(/C=C/C2=C(C(C(=O)CC2(C)C)O)C)\C)\C)/C)/C,Inactive,0,,,Inactive,,,,,,,,,,4,1 0 0 0 0 0 0,-20.3425,-12.6064,-8.6229,-8.4835,2.4417,13.5814,-9.0044,-20.3425,QC'd by SigmaAldrich
1083,50105410,37542,C1=NC(=NN1[C@H]2[C@@H]([C@@H]([C@H](O2)CO)O)O)C(=O)N,Inactive,0,,,Inactive,,,,,,,,,,4,0 0 0 0 0 0 0,-25.7399,-6.6625,-5.1861,-9.6092,2.5115,1.9158,-10.6636,-25.7399,QC'd by SigmaAldrich
1084,50106441,164437,CCCCC#CC1=NC(=C2C(=N1)N(C=N2)[C@H]3[C@@H]([C@@H]([C@H](O3)C(=O)NCC)O)O)N,Inactive,0,,,Inactive,,,,,,,,,,4,,6.2442,7.6273,16.7783,-4.3366,12.5517,39.8596,1.3929,6.2442,QC'd by SigmaAldrich
1085,50105816,24867466,CNC(=O)[C@@H]1[C@@H]([C@H]([C@@H](O1)N2C=NC3=C(N=CN=C32)N)O)O,Inactive,0,,,Inactive,,,,,,,,,,4,0 0 0 0 1 0 0,-14.0314,15.7922,30.3335,5.672,11.2334,47.0784,1.3747,-14.0314,QC'd by SigmaAldrich
1086,50104344,10255,CC(=C)[C@H]1CN[C@@H]([C@H]1CC(=O)O)C(=O)O,Inactive,0,,,Inactive,,,,,,,,,,4,0 0 0 0 0 0 0,-17.4258,3.2353,13.1349,0.2227,16.351,6.265,-6.9124,-17.4258,QC'd by SigmaAldrich
1087,50107116,5384192,CC(C)(C)NCC(COC1=NSN=C1N2CCOCC2)O.C(=C\C(=O)O)\C(=O)O,Inactive,0,,,Inactive,,,,,,,,,,4,0 0 0 0 1 0 0,18.159,-17.661,-25.7236,-13.025,-7.8278,24.9484,-24.0653,18.159,QC'd by SigmaAldrich
1088,50106803,4626,C1C(CN(C1=O)CC(=O)N)O,Inactive,0,,,Inactive,,,,,,,,,,4,0 0 0 0 1 0 1,18.0552,-0.2036,-6.3715,12.349,-18.7178,6.7182,-23.1691,18.0552,QC'd by SigmaAldrich
1089,50106067,6105572,C1=CC=C(C=C1)C2=CC(=O)C3=C(N2)N=C(C=C3)Cl,Inactive,0,,,Inactive,,,,,,,,,,4,0 0 0 0 1 0 0,-25.7841,18.1173,11.3406,2.3479,-5.9819,4.1274,-23.4891,-25.7841,QC'd by SigmaAldrich
1090,50106760,4583,CC1COC2=C3N1C=C(C(=O)C3=CC(=C2N4CCN(CC4)C)F)C(=O)O,Inactive,0,,,Inactive,,,,,,,,,,4,0 0 0 1 0 0 0,11.8522,-14.0857,-10.9726,7.9214,12.4088,-10.7423,-10.2481,11.8522,QC'd by SigmaAldrich
1091,50106318,3291,CCC1(CC(=O)NC1=O)C,Inactive,0,,,Inactive,,,,,,,,,,4,0 0 0 0 1 0 0,20.0641,-11.0734,4.6753,3.3194,-7.9366,37.2222,2.3352,20.0641,QC'd by SigmaAldrich
1092,50106942,11957680,C1CN(CC=C1C2=CC=C(C=C2)F)CC(COC3=CC=C(C=C3)C(=O)N)O.Cl,Inactive,0,,,Inactive,,,,,,,,,,4,,15.2288,8.7106,36.8451,0.9329,23.0778,11.4711,2.5078,15.2288,QC'd by SigmaAldrich
1093,50106865,135418296,C[C@@H]1C(=O)NC2=NC3=C(CN12)C(=CC=C3)Cl,Inactive,0,,,Inactive,,,,,,,,,,4,1 0 0 0 1 0 0,-41.692,-24.3348,-4.9725,-14.0536,-15.5272,13.9075,-11.0865,-41.692,QC'd by SigmaAldrich
1094,50106371,3727,C(C(=O)N)I,Inactive,0,,,Inactive,,,,,,,,,,4,0 0 0 0 1 0 0,-12.3983,-5.5231,4.3675,-6.1878,-5.3064,33.1961,6.1117,-12.3983,QC'd by SigmaAldrich
1095,50107046,121930,C1CN(CCN1CCC2=CC=C(C=C2)N)C3=CC=CC(=C3)C(F)(F)F,Inactive,0,,,Inactive,,,,,,,,,,4,,-26.4281,-11.0491,-0.889,-6.4101,-18.0942,-1.6834,-6.549,-26.4281,QC'd by SigmaAldrich
1096,50105754,2154,C1=CC(=CC=C1C(=O)NC(CCC(=O)O)C(=O)O)NCC2=CN=C3C(=N2)C(=NC(=N3)N)N,Inactive,0,,,Inactive,,,,,,,,,,4,,-19.6176,-7.8127,-11.8694,-12.4324,-15.1779,36.6964,-7.8581,-19.6176,QC'd by SigmaAldrich
1097,50107187,11647992,C1CN(CCC1(C2=CC(=CC=C2)C(F)(F)F)O)CCCC(=O)C3=CC=C(C=C3)F.Cl,Inactive,0,,,Inactive,,,,,,,,,,4,1 0 0 0 1 0 0,-37.2752,31.3256,-3.7035,8.9741,15.7496,43.18,-12.6691,-37.2752,QC'd by SigmaAldrich
1098,50106618,11957618,C1CN(CCN1CC2=CNC3=C2C=CC=N3)C4=CC=C(C=C4)Cl.Cl,Inactive,0,,,Inactive,,,,,,,,,,4,,-3.7501,-11.6108,10.4059,-19.2108,-13.2947,53.2479,5.7082,-3.7501,QC'd by SigmaAldrich
1099,50107115,24867536,C1=CC(=C[N+](=C1)[C@H]2C(C([C@@H](O2)COP(=O)([O-])OP(=O)(O)OC[C@@H]3[C@@H]([C@H]([C@@H](O3)N4C=NC5=C(N=CN=C54)N)OP(=O)(O)[O-])O)O)O)C(=S)N.[Na+],Inactive,0,,,Inactive,,,,,,,,,,4,,7.8517,15.5759,-5.1465,-3.1806,20.3334,24.8279,-10.6044,7.8517,QC'd by SigmaAldrich
1100,50104337,1123,C(CS(=O)(=O)O)N,Inactive,0,,,Inactive,,,,,,,,,,4,0 0 0 0 1 0 1,-2.4984,1.2507,7.9549,4.0951,-10.6645,15.1234,-10.1664,-2.4984,QC'd by SigmaAldrich
1101,50104152,1986,CC(=O)NC1=NN=C(S1)S(=O)(=O)N,Inactive,0,,,Inactive,,,,,,,,,,4,1 0 0 0 0 0 0,-15.0933,-4.2472,1.7253,-9.5546,6.3364,22.3477,-2.0944,-15.0933,QC'd by SigmaAldrich
1102,50105821,92136,C(C[C@@H](C(=O)O)N)CC(=O)O,Inactive,0,,,Inactive,,,,,,,,,,4,,6.5005,10.8264,0.2576,6.6507,-3.9764,0.6903,-3.9266,6.5005,QC'd by SigmaAldrich
1103,50105263,5092,COC1=C(C=C(C=C1)C2CC(=O)NC2)OC3CCCC3,Inactive,0,,,Inactive,,,,,,,,,,4,0 0 0 0 0 0 0,-12.7682,1.5239,4.4356,7.3644,15.2243,-0.6013,-15.3051,-12.7682,QC'd by SigmaAldrich
1104,50106127,657346,C[C@H]1OC[C@H](O1)C[N+](C)(C)C.[I-],Inactive,0,,,Inactive,,,,,,,,,,4,0 0 0 0 1 0 0,-14.7336,-1.9103,0.2779,0.7082,8.0441,25.3641,-22.8666,-14.7336,QC'd by SigmaAldrich
1105,50107192,4046493,COC1=CC=CC=C1NC(=O)NC2=NC(=NC3=CC=CC=C32)C4=CN=CC=C4,Inactive,0,,,Inactive,,,,,,,,,,4,1 0 0 0 0 0 1,20.1469,18.9556,-0.6102,7.1105,15.4262,14.0066,-10.0519,20.1469,QC'd by SigmaAldrich
1106,50104631,2071,C1CC(C2=C1C=C(C=C2)C(=O)O)(C(=O)O)N,Inactive,0,,,Inactive,,,,,,,,,,4,0 0 0 0 1 0 1,49.62,8.2623,16.3204,23.7166,-0.28,34.9034,-1.0249,49.62,QC'd by SigmaAldrich
1107,50104774,4122,COC(=O)NC1=NC2=C(N1)C=C(C=C2)C(=O)C3=CC=CS3,Inactive,0,,,Inactive,,,,,,,,,,4,0 0 0 0 0 0 0,-31.9919,-10.9211,-4.9554,-24.4377,-40.0348,-24.0607,-36.8103,-31.9919,QC'd by SigmaAldrich
1108,50105946,80289,C1=CC=C(C=C1)C(=N)N.Cl,Inactive,0,,,Inactive,,,,,,,,,,4,0 0 1 0 0 0 0,26.8081,-0.7646,15.2503,8.7617,31.6673,17.107,8.2999,26.8081,QC'd by SigmaAldrich
1109,50106870,91430,CC1=CC=C(C=C1)N(CC2=NCCN2)C3=CC(=CC=C3)O.CS(=O)(=O)O,Inactive,0,,,Inactive,,,,,,,,,,4,0 0 0 0 0 0 0,-20.2651,8.3856,11.3738,10.0553,17.8655,21.3585,-12.1455,-20.2651,QC'd by SigmaAldrich
1110,50106800,102484,C1=CC(=CC=C1C(CN)O)O.Cl,Inactive,0,,,Inactive,,,,,,,,,,4,0 0 0 0 0 0 0,-9.4356,2.8874,-6.4709,1.6481,17.5723,10.9673,-23.8592,-9.4356,QC'd by SigmaAldrich
1111,50104921,39562,C1=CC=C2C(=C1)C(=NN2CC3=C(C=C(C=C3)Cl)Cl)C(=O)O,Inactive,0,,,Inactive,,,,,,,,,,4,0 0 0 0 0 0 0,38.6342,16.3032,6.1413,16.2264,20.5536,20.1008,19.1239,38.6342,QC'd by SigmaAldrich
1112,50106692,11957643,C1CC1CN2CCC34[C@@H]5C(=O)CC[C@]3(C2CC6=C4C(=C(C=C6)O)O5)O.Cl,Inactive,0,,,Inactive,,,,,,,,,,4,,5.4257,-8.3574,-8.3233,6.6114,2.2478,29.1288,-5.5859,5.4257,QC'd by SigmaAldrich
1113,50106250,11957536,CCCN(CCC)CCC1=CC(=C(C=C1)O)O.Br,Inactive,0,,,Inactive,,,,,,,,,,4,0 0 0 0 0 0 1,-24.0839,-23.4431,-15.7309,11.9401,22.1111,12.9867,-11.581,-24.0839,QC'd by SigmaAldrich
1114,50106435,1738,COC1=C(C=CC(=C1)CC(=O)O)O,Inactive,0,,,Inactive,,,,,,,,,,4,,-11.8083,-19.8552,3.4057,13.9268,-6.4636,38.9333,-16.3153,-11.8083,QC'd by SigmaAldrich
1115,50106190,11957526,C1CC2=CC(=C(C=C2CC1N)O)O.Br,Inactive,0,,,Inactive,,,,,,,,,,4,1 0 0 0 0 0 0,17.0816,5.111,-5.7402,8.4561,-4.8016,3.1561,-10.5982,17.0816,QC'd by SigmaAldrich
1116,50104213,3108,C1CCN(CC1)C2=NC(=NC3=C2N=C(N=C3N4CCCCC4)N(CCO)CCO)N(CCO)CCO,Inactive,0,,,Inactive,,,,,,,,,,4,0 0 0 0 0 0 0,-47.7824,2.731,17.5282,26.8163,12.2311,-11.4213,-23.3141,-47.7824,QC'd by SigmaAldrich
1117,50106128,23986637,C[C@H]1C2CC3=C([C@@]1(CCN2CC4CC4)C)C=C(C=C3)O,Inactive,0,,,Inactive,,,,,,,,,,4,0 1 0 0 0 0 1,11.7393,2.1144,33.2353,9.4607,38.2303,20.8345,14.8466,11.7393,QC'd by SigmaAldrich
1118,50106940,5059,CCCCCC(C1=CC(=CC=C1)OCC2=NC3=CC=CC=C3C=C2)O,Inactive,0,,,Inactive,,,,,,,,,,4,1 0 0 0 0 0 0,23.2132,-16.1952,7.4072,-0.297,-1.2476,-3.5765,10.8451,23.2132,QC'd by SigmaAldrich
1119,50104702,688095,CC(C)NC[C@@H](COC1=CC=CC2=C1C=CN2)O,Inactive,0,,,Inactive,,,,,,,,,,4,0 0 0 0 0 1 0,12.908,-12.5089,-6.536,-2.0098,-3.5405,19.5514,1.2796,12.908,QC'd by SigmaAldrich
1120,50107052,10648,C1CC(C2=CC=CC=C2C1)C3=NCCN3.Cl,Inactive,0,,,Inactive,,,,,,,,,,4,0 0 0 0 1 0 0,0.1214,-17.0111,-9.771,-16.9661,0.9578,31.5892,-6.6651,0.1214,QC'd by SigmaAldrich
1121,50107011,11957695,C1C(C2=C(CN1)SC=C2)C3=CC(=C(C=C3)O)O.Br,Inactive,0,,,Inactive,,,,,,,,,,4,0 0 0 0 1 0 1,-13.4605,-18.7591,-13.2739,-23.4669,-12.3136,9.6545,-35.0272,-13.4605,QC'd by SigmaAldrich
1122,50106003,6234,C1[C@H](C(=O)NO1)N,Inactive,0,,,Inactive,,,,,,,,,,4,,1.6904,-13.3152,-7.4816,9.9753,6.4464,3.7915,-7.2089,1.6904,QC'd by SigmaAldrich
1123,50104914,4210951,C1=CC=C(C(=C1)C2=C(C(=O)NC2=O)NC3=CC(=C(C=C3)O)Cl)[N+](=O)[O-],Inactive,0,,,Inactive,,,,,,,,,,4,,4.2014,6.8878,8.5181,-0.3567,-4.5937,16.6405,-1.3215,4.2014,QC'd by SigmaAldrich
1124,50106373,11957555,C1CNCC(=C1)C(=O)O.Cl,Inactive,0,,,Inactive,,,,,,,,,,4,,-20.3302,-16.4376,-1.7865,-21.7447,-2.3891,17.821,-26.554,-20.3302,QC'd by SigmaAldrich
1125,50106693,11957645,C1CC(C1)CN2CCC34[C@@H]5[C@H](CC[C@]3(C2CC6=C4C(=C(C=C6)O)O5)O)O.Cl,Inactive,0,,,Inactive,,,,,,,,,,4,0 0 1 0 0 0 0,-6.3902,-0.7044,13.3032,-8.2842,8.0937,5.8497,13.4989,-6.3902,QC'd by SigmaAldrich
1126,50104339,5960,C([C@@H](C(=O)O)N)C(=O)O,Inactive,0,,,Inactive,,,,,,,,,,4,0 0 0 0 0 0 0,-25.6718,4.8712,-3.825,9.1617,16.7665,19.0606,0.1358,-25.6718,QC'd by SigmaAldrich
1127,50106251,170617,CC(CC1=CC(=C(C=C1OC)I)OC)N.Cl,Inactive,0,,,Inactive,,,,,,,,,,4,0 0 0 0 1 0 0,-37.3665,6.7859,3.4818,-1.28,-1.4457,31.3419,14.4381,-37.3665,QC'd by SigmaAldrich
1128,50104422,2733484,C1CC2=CC(=C(C=C2CN(C1)C(=S)NCCC3=CC=C(C=C3)Cl)O)O,Inactive,0,,,Inactive,,,,,,,,,,4,1 0 0 0 0 0 0,-16.5168,-4.0452,26.8171,20.3556,19.7245,15.4152,7.6424,-16.5168,QC'd by SigmaAldrich
1129,50106553,23681233,CCCCCN(CCCCC)C(=O)C(CCC(=O)[O-])NC(=O)C1=CC(=C(C=C1)Cl)Cl.[Na+],Inactive,0,,,Inactive,,,,,,,,,,4,0 0 0 0 1 0 0,-19.0315,0.7015,3.5836,-5.64,11.0634,36.7765,6.0559,-19.0315,QC'd by SigmaAldrich
1130,50105819,2733517,C1[C@@H](N[C@@H]1C(=O)O)C(=O)O,Inactive,0,,,Inactive,,,,,,,,,,4,0 0 0 0 1 0 0,12.0111,31.2764,42.6614,33.6259,43.3134,80.984,38.7753,12.0111,QC'd by SigmaAldrich
1131,50105874,167529,C=CC[C@@H](C(=O)O)N,Inactive,0,,,Inactive,,,,,,,,,,4,0 0 0 0 0 0 1,6.6672,17.1554,25.0563,5.2055,12.1885,22.7907,-13.4046,6.6672,QC'd by SigmaAldrich
1132,50105505,2720,C1=C2C(=CC(=C1Cl)S(=O)(=O)N)S(=O)(=O)N=CN2,Inactive,0,,,Inactive,,,,,,,,,,4,1 0 0 0 0 0 1,7.7506,3.5963,23.6679,14.6906,9.9086,17.6315,-0.5003,7.7506,QC'd by SigmaAldrich
1133,50107190,11957725,C1CCN(CC1)CC2=CC(=CC=C2)OCCCNC3=NC4=CC=CC=C4S3.C(=C\C(=O)O)\C(=O)O.C(=C\C(=O)O)\C(=O)O,Inactive,0,,,Inactive,,,,,,,,,,4,0 0 0 0 0 0 0,-47.6875,18.4476,11.0294,12.3184,30.8935,14.6632,9.5652,-47.6875,QC'd by SigmaAldrich
1134,50105404,24066,C1C[C@@H](O[C@@H]1CO)N2C=CC(=NC2=O)N,Inactive,0,,,Inactive,,,,,,,,,,4,0 0 0 0 0 1 0,16.3222,13.4523,-8.7231,5.2788,15.2318,25.2875,-6.5295,16.3222,QC'd by SigmaAldrich
1135,50106125,11957514,CC([C@@H](C1=CC(=C(C=C1)O)O)O)N,Inactive,0,,,Inactive,,,,,,,,,,4,0 0 0 0 1 0 0,-28.9428,11.0993,-1.9185,-2.713,8.4473,34.8902,-19.9303,-28.9428,QC'd by SigmaAldrich
1136,50106064,11548,CC(C[N+](C)(C)C)OC(=O)N.[Cl-],Inactive,0,,,Inactive,,,,,,,,,,4,1 0 1 0 0 0 0,-10.2868,-25.9185,5.7373,-12.1445,10.2289,1.6652,-21.1841,-10.2868,QC'd by SigmaAldrich
1137,50107010,12906333,C[N+]1(C2CC(CC1C3C2O3)OC(=O)C(CO)C4=CC=CC=C4)C.[N+](=O)([O-])[O-],Inactive,0,,,Inactive,,,,,,,,,,4,0 0 1 0 0 0 1,11.7188,-1.2209,12.1827,-12.8722,-1.171,10.3231,-29.2845,11.7188,QC'd by SigmaAldrich
1138,50107051,66449,C1=CC(=CC=C1CCN)O.Cl,Inactive,0,,,Inactive,,,,,,,,,,4,0 0 0 0 0 0 0,24.3032,-4.2169,-5.6595,3.183,12.1296,21.4459,11.3712,24.3032,QC'd by SigmaAldrich
1139,50106002,19379,CN(C)CCOC(=O)COC1=CC=C(C=C1)Cl.Cl,Inactive,0,,,Inactive,,,,,,,,,,4,1 0 0 0 0 0 1,-4.6376,20.7471,-10.6613,-0.0733,30.8274,29.0209,6.0299,-4.6376,QC'd by SigmaAldrich
1140,50106939,3040551,C[C@H]([C@H](C1=CC=C(C=C1)O)O)NCCC2=CC=C(C=C2)O.Cl,Inactive,0,,,Inactive,,,,,,,,,,4,0 0 0 0 0 0 0,-34.3759,11.3923,11.6001,14.544,4.6406,-1.816,-23.189,-34.3759,QC'd by SigmaAldrich
1141,50106313,3442,CCCCC1=CN=C(C=C1)C(=O)O,Inactive,0,,,Inactive,,,,,,,,,,4,1 1 0 0 0 0 0,-3.7567,27.9639,-2.7525,19.8665,18.1532,28.1047,5.0058,-3.7567,QC'd by SigmaAldrich
1142,50107008,5702251,C1=CC(=CC=C1C(=O)NCCN)Cl.Cl,Inactive,0,,,Inactive,,,,,,,,,,4,0 1 0 0 0 0 0,28.1475,8.5067,18.4912,2.5291,15.5423,27.6865,22.5208,28.1475,QC'd by SigmaAldrich
1143,50106694,16219752,COC(=O)C(CCCN=C(N)N[N+](=O)[O-])N.Cl,Inactive,0,,,Inactive,,,,,,,,,,4,0 0 0 0 1 0 0,8.3827,-14.6426,16.2429,-4.0914,2.3679,29.0328,-0.665,8.3827,QC'd by SigmaAldrich
1144,50104912,176158,CN1C=C(C2=CC=CC=C21)C3=C(C(=O)NC3=O)C4=C(C=C(C=C4)Cl)Cl,Inactive,0,,,Inactive,,,,,,,,,,4,0 0 0 0 1 0 1,-3.9811,-0.6729,9.45,8.3225,-0.8721,38.9983,-14.4555,-3.9811,QC'd by SigmaAldrich
1145,50106252,11957537,CO[C@H]1CC=C2CCN3[C@]2(C1)C4=C(CC3)COC(=O)C4.Br,Inactive,0,,,Inactive,,,,,,,,,,4,0 0 0 0 1 0 1,-1.7833,3.0076,-1.5752,2.6452,2.7033,19.0437,-23.8562,-1.7833,QC'd by SigmaAldrich
1146,50107112,5946,CC[N+](CC)(CC)CC.[Cl-],Inactive,0,,,Inactive,,,,,,,,,,4,0 1 0 0 0 0 0,0.4025,-10.0085,16.5313,-6.841,11.9315,18.2688,-11.9233,0.4025,QC'd by SigmaAldrich
1147,50107191,11957726,CCCN(CCC)[C@@H]1CCC2=C(C=CC(=C2C1)O)F.Cl,Inactive,0,,,Inactive,,,,,,,,,,4,1 0 0 1 0 0 1,4.1577,21.9586,4.5611,-5.2577,18.7388,-9.7168,15.0146,4.1577,QC'd by SigmaAldrich
1148,50105574,3385,C1=C(C(=O)NC(=O)N1)F,Inactive,0,,,Inactive,,,,,,,,,,4,,-12.1375,-10.5191,-10.1339,-18.3219,-5.3457,-1.0172,-8.7239,-12.1375,QC'd by SigmaAldrich
1149,50106622,24867510,CCC(CO)NC(=O)[C@H]1CN([C@@H]2CC3=CNC4=CC=CC(=C34)C2=C1)C.C(=C\C(=O)O)\C(=O)O,Inactive,0,,,Inactive,,,,,,,,,,4,,2.004,-4.8772,21.5401,0.3935,24.2497,45.1476,-4.2044,2.004,QC'd by SigmaAldrich
1150,50105943,5281067,CN(C)CCC(C1=CC=C(C=C1)Br)C2=CC=CC=N2.C(=C\C(=O)O)\C(=O)O,Inactive,0,,,Inactive,,,,,,,,,,4,0 0 1 0 0 0 0,-32.1773,-1.3749,-15.1581,-16.5882,5.551,10.2578,-5.1893,-32.1773,QC'd by SigmaAldrich
1151,50105750,17882,C[N+]1(C2CCC1CC(C2)OC(=O)C(CO)C3=CC=CC=C3)C.[Br-],Inactive,0,,,Inactive,,,,,,,,,,4,,-4.0626,5.1533,-3.7242,-0.5747,1.7852,7.8057,7.9416,-4.0626,QC'd by SigmaAldrich
1152,50106375,6442840,COC(=O)N1CCN(C(C1)CN2CCCC2)C(=O)CC3=CC(=C(C=C3)Cl)Cl.C(=C/C(=O)O)\C(=O)O,Inactive,0,,,Inactive,,,,,,,,,,4,0 0 1 0 0 0 0,-10.5341,10.3988,-0.557,36.3498,14.4536,24.1311,10.5882,-10.5341,QC'd by SigmaAldrich
1153,50107009,25076018,C[C@H]1C(=O)N[C@H](C(=O)N[C@@H](C(=O)N[C@H](C(=O)NC(C(=O)N[C@H](C(=O)N1C)CC2=CC=CC=C2)C(C)C)CCCCN)CC3=CNC4=CC=CC=C43)CC5=CC=C(C=C5)O,Inactive,0,,,Inactive,,,,,,,,,,4,1 0 0 0 0 0 1,44.7604,0.5065,11.7967,17.0587,29.4007,13.4864,-18.2786,44.7604,QC'd by SigmaAldrich
1154,50105889,5940264,C1C/C(=C\Br)/OC(=O)C1C2=CC=CC3=CC=CC=C32,Inactive,0,,,Inactive,,,,,,,,,,4,1 0 0 0 0 0 0,-22.0089,1.3176,12.5732,10.5252,28.4258,31.2436,-13.7842,-22.0089,QC'd by SigmaAldrich
1155,50105950,108047,C1CNCCN(C1)S(=O)(=O)C2=CC=CC3=C2C=CC=C3Cl.Cl,Inactive,0,,,Inactive,,,,,,,,,,4,0 0 0 0 0 0 0,-32.7295,4.3373,9.3176,-0.7338,22.7148,17.4392,14.5686,-32.7295,QC'd by SigmaAldrich
1156,50106062,24867486,CC(=O)[C@]1(CC[C@@H]2[C@@]1(CCC3C2C=C(C4=CC(=O)[C@@H]5C[C@H]5[C@]34C)Cl)C)OC(=O)C,Inactive,0,,,Inactive,,,,,,,,,,4,,-27.044,-13.8355,-6.684,-21.3352,2.951,21.1063,-18.4015,-27.044,QC'd by SigmaAldrich
1157,50106686,6602625,CN1CCC2=CC3=C(C(=C2C1C4C5=C(C(=C(C=C5)OC)OC)C(=O)O4)OC)OCO3.Cl,Inactive,0,,,Inactive,,,,,,,,,,4,0 0 0 0 1 0 0,-21.4161,-1.5332,8.7256,-3.8083,-2.2739,26.3386,4.0459,-21.4161,QC'd by SigmaAldrich
1158,50106564,260390,CNCCC1=CNC2=C1C=C(C=C2)O.C(=O)(C(=O)O)O,Inactive,0,,,Inactive,,,,,,,,,,4,,5.7883,2.5895,6.9385,-7.7664,8.1764,10.9246,-9.8637,5.7883,QC'd by SigmaAldrich
1159,50106378,9399,C[N+]1(CCOC(C1)(C2=CC=C(C=C2)C3=CC=C(C=C3)C4(C[N+](CCO4)(C)C)O)O)C.[Br-].[Br-],Inactive,0,,,Inactive,,,,,,,,,,4,0 0 0 1 0 0 0,16.0883,4.7244,0.429,4.2328,28.4472,12.3291,6.7743,16.0883,QC'd by SigmaAldrich
1160,50106307,11957548,CCC1(CC2=CC=CC=C2O1)C3=NCCN3.Cl,Inactive,0,,,Inactive,,,,,,,,,,4,1 0 0 0 0 0 1,-7.9517,-6.4407,-24.4131,6.3458,14.1948,11.9178,5.349,-7.9517,QC'd by SigmaAldrich
1161,50104901,5522,CCCCNC1=C2C=NN(C2=NC(=C1C(=O)OCC)C)CC,Inactive,0,,,Inactive,,,,,,,,,,4,,-16.2874,-11.7884,-26.6495,-28.267,8.4196,2.4461,-28.5307,-16.2874,QC'd by SigmaAldrich
1162,50106626,89034,CS(=N)(=O)CC[C@@H](C(=O)O)N,Inactive,0,,,Inactive,,,,,,,,,,4,,-6.5444,-11.6775,-5.6612,-24.7088,2.9743,14.5964,-22.9834,-6.5444,QC'd by SigmaAldrich
1163,50104349,1066,C1=CC(=C(N=C1)C(=O)O)C(=O)O,Inactive,0,,,Inactive,,,,,,,,,,4,0 0 0 0 0 0 1,-6.5555,-11.501,14.0471,17.5996,5.9488,21.105,6.9989,-6.5555,QC'd by SigmaAldrich
1164,50106131,65324,CC(CCC1=CC=C(C=C1)O)NCCC2=CC(=C(C=C2)O)O.Cl,Inactive,0,,,Inactive,,,,,,,,,,4,0 0 0 1 0 0 1,-20.3102,-13.8279,-5.4658,-12.4586,11.1116,2.7516,-7.3496,-20.3102,QC'd by SigmaAldrich
1165,50105809,97587,C(CN)CP(=O)(O)O,Inactive,0,,,Inactive,,,,,,,,,,4,0 0 0 0 1 0 0,12.4051,-7.2409,-17.3485,-12.0903,-1.4542,31.8928,-11.0636,12.4051,QC'd by SigmaAldrich
1166,50107057,3132,C1=CC=C(C=C1)CC(CS)C(=O)NCC(=O)O,Inactive,0,,,Inactive,,,,,,,,,,4,0 1 0 0 0 0 0,-5.3809,-13.5085,15.6425,-13.4597,-7.8106,3.6858,-8.9353,-5.3809,QC'd by SigmaAldrich
1167,50105888,11957464,CCN(CC)C1=NC=NC2=C1N=CN2[C@H]3[C@@H]([C@@H]([C@H](O3)COP(=O)([O-])OP(=O)(C(P(=O)(O)[O-])(Br)Br)[O-])O)O.[Na+].[Na+].[Na+],Inactive,0,,,Inactive,,,,,,,,,,4,0 0 0 0 0 1 0,6.0658,-17.9559,-18.6421,-23.1207,-10,3.8049,-18.273,6.0658,QC'd by SigmaAldrich
1168,50105748,2141,C(CN)CNCCSP(=O)(O)O,Inactive,0,,,Inactive,,,,,,,,,,4,0 0 0 0 0 1 0,25.5637,4.8742,2.2362,-5.8501,9.556,19.5748,3.487,25.5637,QC'd by SigmaAldrich
1169,50106202,6604100,C1C(=NC(=O)N1/N=C/C2=CC=C(O2)C3=CC=C(C=C3)[N+](=O)[O-])[O-].[Na+],Inactive,0,,,Inactive,,,,,,,,,,4,0 0 0 0 0 0 0,24.6659,-8.1974,-6.5148,4.7503,23.9626,14.7527,11.642,24.6659,QC'd by SigmaAldrich
1170,50106687,13221,CC1(C2CCC(C2)C1(C)NC)C.Cl,Inactive,0,,,Inactive,,,,,,,,,,4,,30.3731,13.2417,19.8392,-2.0853,10.9323,-1.9349,17.4291,30.3731,QC'd by SigmaAldrich
1171,50105949,11957480,CN1CCC(CC1)C2=CNC3=C2C=C(C=C3)O.C(=C\C(=O)O)\C(=O)O,Inactive,0,,,Inactive,,,,,,,,,,4,0 1 0 0 0 0 0,-13.5321,8.6614,-1.2776,6.245,20.5865,32.3616,-5.9641,-13.5321,QC'd by SigmaAldrich
1172,50104495,5328771,C1=CC=C(C=C1)NC(=O)/C(=C/C2=CC(=C(C=C2)O)O)/C#N,Inactive,0,,,Inactive,,,,,,,,,,4,0 0 1 0 0 0 0,-1.6777,16.0662,6.6598,0.4243,21.9712,12.56,-3.0238,-1.6777,QC'd by SigmaAldrich
1173,50104840,3423,CC1=C(C(=C(N1)C)C(=O)OC)C(=O)C2=CC=CC=C2CC3=CC=CC=C3,Inactive,0,,,Inactive,,,,,,,,,,4,0 0 0 0 1 0 0,-34.8937,-5.7436,6.7401,-6.1039,-3.4935,30.3734,-19.6647,-34.8937,QC'd by SigmaAldrich
1174,50106875,202477,CCCN1CCC[C@@H](C1)C2=CC(=CC=C2)O.Cl,Inactive,0,,,Inactive,,,,,,,,,,4,0 0 1 0 0 0 0,-15.8883,6.6805,19.7579,-2.022,8.6464,26.4104,-10.1705,-15.8883,QC'd by SigmaAldrich
1175,50106563,11957598,CN1C2CCC1CC(C2)NC(=O)C3=NN(C4=CC=CC=C43)C.C(=C\C(=O)O)\C(=O)O,Inactive,0,,,Inactive,,,,,,,,,,4,,4.8744,-3.1715,3.1596,8.1273,28.5477,-1.398,9.0021,4.8744,QC'd by SigmaAldrich
1176,50106377,6917794,CCCN(CCC)C1CCC2=C(C1)C(=CC=C2)O.Br,Inactive,0,,,Inactive,,,,,,,,,,4,0 0 0 0 1 0 0,-6.9769,-13.5406,10.7739,1.9038,14.9041,20.6426,1.3559,-6.9769,QC'd by SigmaAldrich
1177,50106237,173603,CCCN1CCC2=C3C1CC4=C(C3=CC(=C2)O)C(=C(C=C4)O)O.Br,Inactive,0,,,Inactive,,,,,,,,,,4,0 0 0 0 1 0 0,-34.2999,-8.9121,16.4217,11.6547,17.5926,46.0809,-3.1271,-34.2999,QC'd by SigmaAldrich
1178,50106936,7550,C[N+]1=CC=CC(=C1)OC(=O)N(C)C.[Br-],Inactive,0,,,Inactive,,,,,,,,,,4,0 0 0 0 1 0 1,-3.5166,11.4188,15.7734,5.174,9.9837,32.5408,-31.4382,-3.5166,QC'd by SigmaAldrich
1179,50106625,11957621,COC1=C(C=CC(=C1)CCN)O.Cl,Inactive,0,,,Inactive,,,,,,,,,,4,0 0 0 0 1 0 1,1.0655,-4.2465,-4.8892,-5.9805,-0.0068,36.3935,-15.7126,1.0655,QC'd by SigmaAldrich
1180,50107181,11957724,C[C@H](C(=O)[O-])OC1=CC=C(C=C1)OC2=CN=C3C=CC(=CC3=N2)Cl.[Na+],Inactive,0,,,Inactive,,,,,,,,,,4,0 0 0 0 1 0 0,-16.5347,-17.504,-22.8697,-27.7848,-21.0994,19.0279,-12.8961,-16.5347,QC'd by SigmaAldrich
1181,50106998,5335,C1=CC=C(C=C1)N2C(=CC=N2)NS(=O)(=O)C3=CC=C(C=C3)N,Inactive,0,,,Inactive,,,,,,,,,,4,,-1.3202,1.3503,-0.2335,-2.8149,2.6722,7.417,6.8769,-1.3202,QC'd by SigmaAldrich
1182,50106813,4614,C1=CC=C(C=C1)C2=C(OC(=N2)CCC(=O)O)C3=CC=CC=C3,Inactive,0,,,Inactive,,,,,,,,,,4,0 0 0 0 0 0 1,-8.3549,-12.7756,-6.9157,-9.8225,3.0572,6.4546,-49.9877,-8.3549,QC'd by SigmaAldrich
1183,50106447,55918,C1CC(=O)NN=C1C2=CC=C(C=C2)N3C=CN=C3,Inactive,0,,,Inactive,,,,,,,,,,4,0 0 0 0 1 0 0,16.0284,-15.0495,1.2151,15.3625,4.237,49.6208,-8.8113,16.0284,QC'd by SigmaAldrich
1184,50105887,24867472,CNC(=O)[C@@H]1[C@@H]([C@H]([C@@H](O1)N2C=NC3=C(N=CN=C32)NCC4=CC=C(C=C4)N)O)O,Inactive,0,,,Inactive,,,,,,,,,,4,0 0 0 0 1 0 0,-16.8417,2.4636,17.4194,17.9241,10.9494,49.4101,-15.5003,-16.8417,QC'd by SigmaAldrich
1185,50105701,4628,CCN1C=C(C(=O)C2=CC3=C(C=C21)OCO3)C(=O)O,Inactive,0,,,Inactive,,,,,,,,,,4,,-5.2181,-15.2899,7.3235,-12.5788,3.7192,28.0066,-6.4131,-5.2181,QC'd by SigmaAldrich
1186,50107055,44383,COC1=C(C=C2C(=C1)C(=NC(=N2)N3CCN(CC3)C(=O)C4CCCO4)N)OC.Cl,Inactive,0,,,Inactive,,,,,,,,,,4,1 0 0 0 0 0 1,-13.8686,8.9781,-7.6605,-12.2301,-5.0646,8.4684,4.4949,-13.8686,QC'd by SigmaAldrich
1187,50106872,47812,CCCN1C[C@@H](C[C@H]2[C@H]1CC3=CNC4=CC=CC2=C34)CSC.CS(=O)(=O)O,Inactive,0,,,Inactive,,,,,,,,,,4,1 0 0 0 0 0 0,-13.3518,1.4724,18.4795,21.0774,27.0335,19.8128,-2.4479,-13.3518,QC'd by SigmaAldrich
1188,50107125,68628,C1CSC2=NC(CN21)C3=CC=CC=C3.Cl,Inactive,0,,,Inactive,,,,,,,,,,4,,1.8002,-28.5049,-17.0357,-8.3317,34.9999,5.7002,-36.9697,1.8002,QC'd by SigmaAldrich
1189,50105745,6114,CC(C[N+](C)(C)C)OC(=O)C.[Cl-],Inactive,0,,,Inactive,,,,,,,,,,4,0 0 0 0 1 0 1,2.5555,-14.5239,4.4808,6.6693,-6.1106,17.3547,-23.0636,2.5555,QC'd by SigmaAldrich
1190,50105948,210172,COC1=CC=CC=C1N2CCN(CC2)CCN3C(=O)CC4(CCCC4)CC3=O.Cl.Cl,Inactive,0,,,Inactive,,,,,,,,,,4,0 0 0 0 1 0 1,8.2859,10.1672,-0.5831,22.321,-7.8729,25.2943,-4.0382,8.2859,QC'd by SigmaAldrich
1191,50106060,6324610,CCOC(=O)C12CC1/C(=N/O)/C3=CC=CC=C3O2,Inactive,0,,,Inactive,,,,,,,,,,4,0 0 0 0 0 1 0,30.1877,8.8329,-7.3407,1.4347,4.9826,17.3682,-22.5177,30.1877,QC'd by SigmaAldrich
1192,50106309,5924,CNCC(C1=CC(=C(C=C1)O)O)O.Cl,Inactive,0,,,Inactive,,,,,,,,,,4,,2.7219,-2.2542,12.8363,0.7563,5.2489,41.4035,-0.6479,2.7219,QC'd by SigmaAldrich
1193,50106238,22450127,CN1CCC2=CC(=C(C=C2C(C1)C3=CC=CC=C3)O)Cl.Cl,Inactive,0,,,Inactive,,,,,,,,,,4,,-1.4164,1.1431,21.8297,7.6908,-5.904,9.8509,-5.877,-1.4164,QC'd by SigmaAldrich
1194,50103999,2754,C1CCC(CC1)N2C(=NN=N2)CCCCOC3=CC4=C(C=C3)NC(=O)CC4,Inactive,0,,,Inactive,,,,,,,,,,4,1 0 0 0 0 0 0,-39.2614,-17.4659,-19.5912,-20.6438,13.0826,22.1869,-29.7871,-39.2614,QC'd by SigmaAldrich
1195,50106450,9803932,C1CNCCN(C1)S(=O)(=O)C2=CC=CC3=C2C=CC=C3I.Cl,Inactive,0,,,Inactive,,,,,,,,,,4,1 0 0 0 0 0 1,-6.4922,-35.0057,-4.6005,-13.8553,0.1865,-14.4255,-21.6471,-6.4922,QC'd by SigmaAldrich
1196,50106380,11957557,C1CN(CCN1)S(=O)(=O)C2=CC=CC3=C2C=CC=N3.Cl,Inactive,0,,,Inactive,,,,,,,,,,4,0 0 0 0 0 0 0,-11.9874,9.2819,2.1007,17.5735,1.9934,14.0058,-6.8673,-11.9874,QC'd by SigmaAldrich
1197,50105990,194216,CC1=C(N2[C@@H]([C@@H](C2=O)NC(=O)C(C3=CC=CC=C3)N)SC1)C(=O)O,Inactive,0,,,Inactive,,,,,,,,,,4,,1.1996,-8.5497,-1.5319,-8.0066,-0.2744,-8.8376,-4.7584,1.1996,QC'd by SigmaAldrich
1198,50106810,11957660,COC1=CC=CC=C1N2CCN(CC2)CC(COC3=CC=CC4=CC=CC=C43)O.Cl.Cl,Inactive,0,,,Inactive,,,,,,,,,,4,0 0 0 0 0 0 1,-37.9366,-42.5814,-30.1708,-28.1337,-8.7501,-3.0472,-18.8957,-37.9366,QC'd by SigmaAldrich
1199,50107178,62969,CC(C)C(CCCN(C)CCC1=CC(=C(C=C1)OC)OC)(C#N)C2=CC(=C(C=C2)OC)OC.Cl,Inactive,0,,,Inactive,,,,,,,,,,4,0 0 0 1 0 0 0,-38.7001,-10.2095,-16.7753,-10.5708,22.4736,9.8257,-8.9002,-38.7001,QC'd by SigmaAldrich
1200,50105808,5940,C(CSC(=N)N)N.Br.Br,Inactive,0,,,Inactive,,,,,,,,,,4,0 1 0 0 0 0 1,-3.8102,-8.1554,10.9645,-7.1438,17.2253,30.4941,13.6894,-3.8102,QC'd by SigmaAldrich
1201,50103929,1547484,C1CN(CCN1C/C=C/C2=CC=CC=C2)C(C3=CC=CC=C3)C4=CC=CC=C4,Inactive,0,,,Inactive,,,,,,,,,,4,0 0 0 0 1 0 1,-22.7075,-19.4148,-0.3692,-16.2493,2.2695,27.1653,-35.5074,-22.7075,QC'd by SigmaAldrich
1202,50106059,11957497,CCN(CCCl)CC1=CC=CC=C1Br.Cl,Inactive,0,,,Inactive,,,,,,,,,,4,,7.0648,-0.1689,-2.8393,-1.2314,38.0564,41.0124,-9.6465,7.0648,QC'd by SigmaAldrich
1203,50105947,11957479,C1=C(C(=CC(=C1O)O)F)C(CN)O.Cl,Inactive,0,,,Inactive,,,,,,,,,,4,0 0 0 0 0 0 0,22.0304,-4.1009,-21.5121,17.0403,12.7976,19.3824,7.35,22.0304,QC'd by SigmaAldrich
1204,50106565,68551,CN1CCN2C(C1)C3=CC=CC=C3CC4=CC=CC=C42.Cl,Inactive,0,,,Inactive,,,,,,,,,,4,0 0 0 0 0 0 0,-36.0661,-1.3688,0.5167,-8.6771,9.1201,2.001,-7.5053,-36.0661,QC'd by SigmaAldrich
1205,50106239,10386195,CCCC[C@]1(CC2=CC(=C(C(=C2C1=O)Cl)Cl)OCC(=O)O)C3CCCC3,Inactive,0,,,Inactive,,,,,,,,,,4,0 0 0 0 0 0 1,2.4996,6.3219,-2.5188,-11.0693,29.6315,39.2087,4.5841,2.4996,QC'd by SigmaAldrich
1206,50106200,68368,C1=C2C(=NC=N1)N(C=N2)[C@H]3[C@@H]([C@@H]([C@H](O3)CO)O)O,Inactive,0,,,Inactive,,,,,,,,,,4,,-9.6378,-7.5797,-5.4636,-9.2491,10.4884,27.3128,-16.3346,-9.6378,QC'd by SigmaAldrich
1207,50106310,107704,COC(=O)C1=NC=C2C(=C1)C3=CC=CC=C3N2,Inactive,0,,,Inactive,,,,,,,,,,4,,37.1551,8.1149,15.4943,4.9117,26.8921,13.5013,5.395,37.1551,QC'd by SigmaAldrich
1208,50104069,5505,CCCCNC(=O)NS(=O)(=O)C1=CC=C(C=C1)C,Inactive,0,,,Inactive,,,,,,,,,,4,0 0 0 0 1 0 1,-4.4578,-12.5081,6.6048,-5.1211,11.3411,31.8182,-16.512,-4.4578,QC'd by SigmaAldrich
1209,50106379,11957556,[H+].COC1=C(C2=C(N1)C=CC(=C2)F)C(=O)OCC3CCN(CC3)CCNS(=O)(=O)C.NS(=O)(=O)[O-],Inactive,0,,,Inactive,,,,,,,,,,4,0 0 0 0 0 0 1,-15.7397,-6.1379,2.1443,28.0941,34.018,28.1198,24.6591,-15.7397,QC'd by SigmaAldrich
1210,50106449,11957571,CC(C)NC[C@@H](C1=CC(=C(C=C1)O)O)O.[C@H]([C@@H](C(=O)O)O)(C(=O)O)O,Inactive,0,,,Inactive,,,,,,,,,,4,0 0 1 0 0 0 1,26.0158,9.1358,2.4687,-11.696,3.3433,14.3708,-28.6209,26.0158,QC'd by SigmaAldrich
1211,50106996,5233,CC(C)COC(=O)OCN1C(=O)CN(CC1=O)CCN2CC(=O)N(C(=O)C2)COC(=O)OCC(C)C,Inactive,0,,,Inactive,,,,,,,,,,4,,0.3762,-5.7055,12.8965,-6.0218,0.5867,6.2994,2.9266,0.3762,QC'd by SigmaAldrich
1212,50106130,10008573,CN1C=C(N=C1C2=CC=C(C=C2)OCC(CNCCOC3=CC(=C(C=C3)O)C(=O)N)O)C(F)(F)F.CS(=O)(=O)O,Inactive,0,,,Inactive,,,,,,,,,,4,0 0 0 0 1 0 0,9.2801,-13.7909,1.5004,-0.7141,0.3213,21.0264,-1.9674,9.2801,QC'd by SigmaAldrich
1213,50105276,3672,CC(C)CC1=CC=C(C=C1)C(C)C(=O)O,Inactive,0,,,Inactive,,,,,,,,,,4,,7.9931,-7.2147,-15.2088,-6.133,-6.2101,3.3326,-8.2622,7.9931,QC'd by SigmaAldrich
1214,50106751,6014,CC(CN1C2=CC=CC=C2SC3=CC=CC=C31)N(C)C.Cl,Inactive,0,,,Inactive,,,,,,,,,,4,0 0 0 0 0 0 0,-47.0066,19.5406,-4.4541,-12.1247,-0.9768,31.5618,13.276,-47.0066,QC'd by SigmaAldrich
1215,50106690,92913,CC(CC1=CC=CC=C1)N(C)CC#C.Cl,Inactive,0,,,Inactive,,,,,,,,,,4,1 0 0 0 0 0 0,13.312,7.592,-3.1204,6.6045,-5.5915,4.0721,0.0014,13.312,QC'd by SigmaAldrich
1216,50106382,5702293,C1CC(C2=C(C3=CC=CC=C3N=C2C1)N)O.C(=C\C(=O)O)\C(=O)O,Inactive,0,,,Inactive,,,,,,,,,,4,0 0 0 0 0 0 1,-11.4117,-17.7063,-8.8179,5.9238,3.405,8.1598,-8.8398,-11.4117,QC'd by SigmaAldrich
1217,50106197,54741847,CN(C)C1[C@@H]2CC3[C@@H](C4=C(C=CC(=C4C(=C3C(=O)[C@@]2(C(=C(C1=O)C(=O)N)O)O)O)O)Cl)O.Cl,Inactive,0,,,Inactive,,,,,,,,,,4,1 0 0 0 0 0 0,-8.5895,-10.3881,-7.7516,-2.015,14.7911,11.9295,-22.6268,-8.5895,QC'd by SigmaAldrich
1218,50106878,24867527,CCCN1CCC[C@H]2C1CC3=C(C2)NN=C3.Cl,Inactive,0,,,Inactive,,,,,,,,,,4,0 0 0 0 0 0 1,-16.4556,-27.5011,-17.6842,-8.6907,-10.4048,-3.2594,-7.2508,-16.4556,QC'd by SigmaAldrich
1219,50105634,2907,C1CNP(=O)(OC1)N(CCCl)CCCl,Inactive,0,,,Inactive,,,,,,,,,,4,,6.9825,-9.7064,22.4317,-13.9636,-2.6901,37.1281,1.6841,6.9825,QC'd by SigmaAldrich
1220,50106682,24867516,C1=CC(=CC=C1CSC2=NC=NC3=C2N=CN3[C@H]4[C@@H]([C@H]([C@H](O4)CO)O)O)[N+](=O)[O-],Inactive,0,,,Inactive,,,,,,,,,,4,0 0 0 1 0 0 0,6.6711,-14.5181,-1.6118,5.9724,31.1689,22.3235,8.443,6.6711,QC'd by SigmaAldrich
1221,50105394,1046,C1=CN=C(C=N1)C(=O)N,Inactive,0,,,Inactive,,,,,,,,,,4,0 0 0 0 1 0 1,4.9374,3.4933,4.7563,4.7683,5.0562,17.4771,-16.1509,4.9374,QC'd by SigmaAldrich
1222,50107003,11957693,COC1=CC=C(C=C1)CCCOC2=C(C=CC(=C2)CCN3C=CN=C3)OC.Cl,Inactive,0,,,Inactive,,,,,,,,,,4,0 0 0 0 1 0 0,-8.7118,4.9488,12.6167,27.0644,16.7766,49.8875,-23.4025,-8.7118,QC'd by SigmaAldrich
1223,50104712,4485,CC1=C(C(C(=C(N1)C)C(=O)OC)C2=CC=CC=C2[N+](=O)[O-])C(=O)OC,Inactive,0,,,Inactive,,,,,,,,,,4,0 0 0 0 0 0 1,-13.602,-3.0551,8.2244,-1.1458,21.1625,18.0049,22.6122,-13.602,QC'd by SigmaAldrich
1224,50105996,6603782,CCCN(CCC)C(=O)CC1=C(N=C2N1C=C(C=C2Cl)Cl)C3=CC=C(C=C3)Cl,Inactive,0,,,Inactive,,,,,,,,,,4,0 0 0 0 1 0 0,-8.0883,3.722,18.974,9.7473,11.4209,33.281,-4.7186,-8.0883,QC'd by SigmaAldrich
1225,50105743,443120,C1=CC(=CC=C1C(=O)CSC[C@@H](C(=O)NCC(=O)O)NC(=O)CC[C@@H](C(=O)O)N)N=[N+]=[N-],Inactive,0,,,Inactive,,,,,,,,,,4,0 0 0 0 0 0 0,-15.8542,-6.4111,-1.0153,-11.6112,-4.2714,2.9343,-23.4255,-15.8542,QC'd by SigmaAldrich
1226,50106241,1317,C(CCCCCN)CCCCN,Inactive,0,,,Inactive,,,,,,,,,,4,0 0 0 0 1 0 0,-21.4231,-10.032,-5.2993,7.5506,7.0569,30.5596,-0.7309,-21.4231,QC'd by SigmaAldrich
1227,50106135,16759247,C[C@]12CCC3C([C@@H]1CCC2=O)CC=C4[C@@]3(CC[C@@H](C4)O)C,Inactive,0,,,Inactive,,,,,,,,,,4,1 0 0 0 1 0 0,-23.8055,-27.0818,-3.1411,-4.7457,10.2828,28.3301,2.5353,-23.8055,QC'd by SigmaAldrich
1228,50106630,6603828,C1=CC=C(C=C1)S(=O)(=O)NCCSC2=CC(=C(C(=C2)F)OCC(=O)N)F,Inactive,0,,,Inactive,,,,,,,,,,4,0 0 0 0 1 0 1,5.9666,-4.3812,4.8959,-6.4889,-0.5095,27.8469,-13.0714,5.9666,QC'd by SigmaAldrich
1229,50107185,9874535,COC1=CC(=CC(=C1OC)OC)C2=C(N(C(=O)C3=C2C=CC(=C3)OCC4=CC=CC=N4)C5=CC=C(C=C5)N)C(=O)OC.OS(=O)(=O)O,Inactive,0,,,Inactive,,,,,,,,,,4,,-0.4967,1.9861,-10.7606,-20.4717,-14.7258,8.3198,-9.9864,-0.4967,QC'd by SigmaAldrich
1230,50104836,6604009,CC[C@@H](C1=CC=CC=C1)NC(=O)C2=C(C(=NC3=CC=CC=C32)C4=CC=CC=C4)C,Inactive,0,,,Inactive,,,,,,,,,,4,1 0 0 0 0 0 1,-15.191,8.5947,-5.6052,-6.4213,20.776,37.0469,14.7137,-15.191,QC'd by SigmaAldrich
1231,50106198,442897,CC(CO)(C1CC2=C(C3=CC=CC=C3N=C2O1)OC)O,Inactive,0,,,Inactive,,,,,,,,,,4,,25.4883,15.0832,14.1081,18.266,46.7985,13.7118,20.6468,25.4883,QC'd by SigmaAldrich
1232,50104067,1676,CCCN1C2=C(C(=O)NC1=O)NC=N2,Inactive,0,,,Inactive,,,,,,,,,,4,0 0 0 0 0 0 0,-47.1605,-2.4892,5.9365,-6.8243,8.5633,1.1071,-5.9721,-47.1605,QC'd by SigmaAldrich
1233,50106381,11957558,CC1=C(C(=O)NO1)CC(C(=O)O)N.Br,Inactive,0,,,Inactive,,,,,,,,,,4,1 1 0 0 0 0 0,-1.0887,-22.5065,-5.6863,18.4943,12.8264,3.3327,-8.7381,-1.0887,QC'd by SigmaAldrich
1234,50106754,134453,CNCCC(C1=CC=CC=C1)OC2=CC=CC=C2OC.Cl,Inactive,0,,,Inactive,,,,,,,,,,4,1 0 0 0 0 0 0,-10.8333,18.624,-5.183,-1.9964,21.4207,13.1655,9.6152,-10.8333,QC'd by SigmaAldrich
1235,50106683,3864541,CCN1C=C(C(=O)C2=C1N=C(C=C2)C)C(=O)[O-].[Na+],Inactive,0,,,Inactive,,,,,,,,,,4,,-3.0828,0.3337,-3.0528,-13.542,9.4051,25.4555,-20.9864,-3.0828,QC'd by SigmaAldrich
1236,50106057,8743,C1=C(NC(=CC1=O)C(=O)O)C(=O)O,Inactive,0,,,Inactive,,,,,,,,,,4,0 0 0 0 1 0 0,21.2208,-2.2144,-0.8283,-6.3347,25.1957,40.8398,6.6628,21.2208,QC'd by SigmaAldrich
1237,50107002,39859,CC(C)(C)NCC(C1=CC(=C(C=C1)O)CO)O.CC(C)(C)NCC(C1=CC(=C(C=C1)O)CO)O.OS(=O)(=O)O,Inactive,0,,,Inactive,,,,,,,,,,4,0 0 0 0 0 1 0,22.8232,-6.5549,4.5789,16.7532,31.1021,26.1111,8.066,22.8232,QC'd by SigmaAldrich
1238,50105883,175540,CC(C)NC[C@@H](COC1=CC=C(C=C1)CC(=O)N)O,Inactive,0,,,Inactive,,,,,,,,,,4,1 0 0 0 0 0 1,-14.7545,-15.6485,1.0518,-17.9856,10.691,19.8148,-35.1436,-14.7545,QC'd by SigmaAldrich
1239,50107060,5328804,C1=CC(=CC=C1/C=C(\C#N)/C(=C(C#N)C#N)N)O,Inactive,0,,,Inactive,,,,,,,,,,4,0 0 0 0 0 0 0,-18.602,11.4039,11.6528,2.3634,25.134,9.6497,11.6426,-18.602,QC'd by SigmaAldrich
1240,50105954,11957481,CC(C)C[C@@H](C(=O)O)NC(=O)[C@H]([C@@H](CC1=CC=CC=C1)N)O.Cl,Inactive,0,,,Inactive,,,,,,,,,,4,1 0 0 0 0 0 1,5.6642,0.5509,20.1337,14.8366,10.0762,14.0329,-7.4919,5.6642,QC'd by SigmaAldrich
1241,50106443,1826,C1=CC2=C(C=C1O)C(=CN2)CC(=O)O,Inactive,0,,,Inactive,,,,,,,,,,4,,16.7979,-0.3306,19.9991,-4.4854,3.8184,31.3275,1.4842,16.7979,QC'd by SigmaAldrich
1242,50104429,135408763,C1=C(N=C(NC1=O)N)N,Inactive,0,,,Inactive,,,,,,,,,,4,,10.8922,23.8603,4.8962,22.4645,5.6064,45.7266,12.6256,10.8922,QC'd by SigmaAldrich
1243,50106629,11957622,C[Se]C[C@@H](C(=O)O)N.Cl,Inactive,0,,,Inactive,,,,,,,,,,4,0 0 0 0 1 0 0,14.8477,12.1756,-9.313,-0.8319,16.8894,48.2094,6.2602,14.8477,QC'd by SigmaAldrich
1244,50104346,3845,C1=CC=C2C(=C1)C(=O)C=C(N2)C(=O)O,Inactive,0,,,Inactive,,,,,,,,,,4,,-3.3054,-7.2196,-1.1429,7.2721,23.053,23.5665,-13.761,-3.3054,QC'd by SigmaAldrich
1245,50106056,5941,C(CSSCCN)N.Cl.Cl,Inactive,0,,,Inactive,,,,,,,,,,4,0 0 0 0 1 0 1,2.1961,-8.4661,-1.4601,4.4829,-3.4838,37.8919,-21.7415,2.1961,QC'd by SigmaAldrich
1246,50106876,11957668,CCCN1CCO[C@H]2[C@H]1COC3=C2C=C(C=C3)O.Cl,Inactive,0,,,Inactive,,,,,,,,,,4,1 0 0 0 0 0 0,-23.3478,-13.3046,6.3492,1.4495,3.4722,18.2865,-14.2686,-23.3478,QC'd by SigmaAldrich
1247,50106931,11957677,CCCCCCCCCC(=O)NC(CN1CCOCC1)[C@@H](C2=CC=CC=C2)O.Cl,Inactive,0,,,Inactive,,,,,,,,,,4,0 0 0 0 0 0 0,-20.1591,12.5313,3.6353,-20.0046,-3.959,-5.2696,-15.368,-20.1591,QC'd by SigmaAldrich
1248,50104625,5355,CCN1CCCC1CNC(=O)C2=C(C=CC(=C2)S(=O)(=O)N)OC,Inactive,0,,,Inactive,,,,,,,,,,4,0 0 0 0 0 0 0,-11.6401,19.3473,17.1527,19.0684,34.937,39.2439,29.6461,-11.6401,QC'd by SigmaAldrich
1249,50104555,1649,C1=CC2=C(NN=C2C(=C1)[N+](=O)[O-])Br,Inactive,0,,,Inactive,,,,,,,,,,4,,-2.4717,-13.7186,-17.1487,-15.5236,6.8817,2.549,-17.8191,-2.4717,QC'd by SigmaAldrich
1250,50106684,1678,C(C[N+](=O)[O-])C(=O)O,Inactive,0,,,Inactive,,,,,,,,,,4,,1.4613,-4.0188,7.5281,-5.0563,-2.1664,10.9701,6.4579,1.4613,QC'd by SigmaAldrich
1251,50107121,5270,C1CC(OC1)N2C=NC3=C(N=CN=C32)N,Inactive,0,,,Inactive,,,,,,,,,,4,0 0 0 0 0 1 0,18.5372,-4.9882,-10.9761,-12.3753,8.3888,17.0994,-9.9177,18.5372,QC'd by SigmaAldrich
1252,50104927,6518171,CN(CCOC1=CC=C(C=C1)C[C@@H](C(=O)O)NC2=CC=CC=C2C(=O)C3=CC=CC=C3)C4=CC=CC=N4,Inactive,0,,,Inactive,,,,,,,,,,4,0 0 1 0 0 0 0,-8.3562,11.933,-4.8899,-17.8148,-0.3058,9.8915,-6.6238,-8.3562,QC'd by SigmaAldrich
1253,50105741,16486,C1CN[C@@H]1C(=O)O,Inactive,0,,,Inactive,,,,,,,,,,4,0 0 0 0 1 0 0,27.5013,0.5568,27.2327,20.9756,28.7089,47.6651,8.4066,27.5013,QC'd by SigmaAldrich
1254,50105953,134645,C[C@H]1CC2[C@@H]3CCC4=CC(=O)C=C[C@@]4([C@]3([C@H](C[C@@]2([C@]1(C(=O)CO)O)C)O)F)C,Inactive,0,,,Inactive,,,,,,,,,,4,0 0 0 0 1 0 0,-8.7253,-31.0101,-24.6758,-3.9283,-9.6166,27.4745,-10.8042,-8.7253,QC'd by SigmaAldrich
1255,50107001,11236,C(=O)(N)NN.Cl,Inactive,0,,,Inactive,,,,,,,,,,4,,-3.5533,-9.6595,-3.9871,-0.1977,11.8566,-0.2529,0.3441,-3.5533,QC'd by SigmaAldrich
1256,50105811,564,C(CCC(=O)O)CCN,Inactive,0,,,Inactive,,,,,,,,,,4,0 0 0 0 1 0 0,5.4014,-6.824,15.2709,19.3373,10.169,27.9392,6.2203,5.4014,QC'd by SigmaAldrich
1257,50106133,11953777,C1[C@H]([C@@H]([C@H](N1)CO)O)O.Cl,Inactive,0,,,Inactive,,,,,,,,,,4,,-4.0294,-19.7083,-2.2897,-10.2593,17.4793,20.4323,-19.8873,-4.0294,QC'd by SigmaAldrich
1258,50106632,54741848,CC(C)C1[C@@H]2C[C@@H]3CC4=C(C=CC(=C4C(=C3C(=O)[C@@]2(C(=C(C1=O)C(=O)N)O)O)O)O)N(C)C.Cl,Inactive,0,,,Inactive,,,,,,,,,,4,0 0 0 1 0 0 0,-4.1785,11.4889,9.232,7.4557,-10.7353,12.8446,14.7316,-4.1785,QC'd by SigmaAldrich
1259,50104004,5994,CC(=O)[C@H]1CC[C@@H]2[C@@]1(CC[C@H]3[C@H]2CCC4=CC(=O)CC[C@]34C)C,Inactive,0,,,Inactive,,,,,,,,,,4,1 0 0 0 0 0 0,-12.4104,-12.5407,0.0913,1.4465,31.8879,31.1143,-16.6381,-12.4104,QC'd by SigmaAldrich
1260,50106446,11957570,CCCN(CCC)[C@@H]1CCC2=C(C1)C(=CC=C2)O.Br,Inactive,0,,,Inactive,,,,,,,,,,4,1 0 0 0 0 0 1,-1.244,-27.609,-0.5784,-4.5233,-2.9521,17.096,2.8943,-1.244,QC'd by SigmaAldrich
1261,50104500,5268,C1CN(CCC12C(=O)NCN2C3=CC=CC=C3)CC4COC5=CC=CC=C5O4,Inactive,0,,,Inactive,,,,,,,,,,4,0 0 0 0 0 0 0,9.2834,-15.4535,3.1405,-5.9372,10.9024,-0.0078,9.8435,9.2834,QC'd by SigmaAldrich
1262,50105706,1474,C1=CC=NC(=C1)C2=CC=CC=N2,Inactive,0,,,Inactive,,,,,,,,,,4,0 0 0 1 0 0 0,-6.9841,14.8655,1.6865,-3.0767,15.8692,-3.9897,-2.1554,-6.9841,QC'd by SigmaAldrich
1263,50104208,6128,C[C@]12CCC(=O)C=C1CC[C@@H]3[C@@H]2CC[C@]4([C@H]3CCC4=O)C,Inactive,0,,,Inactive,,,,,,,,,,4,0 0 0 0 1 0 1,-4.4129,-10.1116,7.504,1.4521,7.8857,25.8988,-2.0939,-4.4129,QC'd by SigmaAldrich
1264,50104903,176157,CCCN(CC1CC1)C2=NC(=NC(=C2Cl)NC3=C(C=C(C=C3Cl)Cl)Cl)C,Inactive,0,,,Inactive,,,,,,,,,,4,0 0 0 0 1 0 1,-2.9288,-0.7571,10.8424,5.8115,4.6417,36.9106,-12.9586,-2.9288,QC'd by SigmaAldrich
1265,50106877,11957668,CCCN1CCO[C@H]2[C@H]1COC3=C2C=C(C=C3)O.Cl,Inactive,0,,,Inactive,,,,,,,,,,4,0 0 0 0 1 0 0,36.8534,8.2721,-4.0065,1.8165,4.3649,62.0117,-10.8506,36.8534,QC'd by SigmaAldrich
1266,50106055,64927,CCN(CC)CCCC(C)NC1=C2C=CC(=CC2=NC=C1)Cl.OP(=O)(O)O.OP(=O)(O)O,Inactive,0,,,Inactive,,,,,,,,,,4,0 0 0 0 1 0 0,-22.4098,-5.6712,2.8867,17.1313,17.5625,64.6296,12.33,-22.4098,QC'd by SigmaAldrich
1267,50104834,2415,CC1=C(C2=C(N1C(=O)C3=CC=C(C=C3)Cl)C=CC(=C2)OC)CC(=O)N4CCOCC4,Inactive,0,,,Inactive,,,,,,,,,,4,0 1 0 0 0 0 0,-26.9188,-7.4413,26.1212,2.5192,0.2721,19.4251,-4.8811,-26.9188,QC'd by SigmaAldrich
1268,50106930,9994453,CCCN1CCCC2C1CC3=C(C2)NN=C3.Cl.Cl,Inactive,0,,,Inactive,,,,,,,,,,4,,23.2297,2.6571,1.6518,-11.8078,26.5973,15.3429,-8.0946,23.2297,QC'd by SigmaAldrich
1269,50106306,71401,C1=CC(=C(C(=C1)Cl)CC(=O)N=C(N)N)Cl.Cl,Inactive,0,,,Inactive,,,,,,,,,,4,0 0 0 0 1 0 0,-0.717,4.9795,9.8187,11.2033,15.2839,43.9724,15.9575,-0.717,QC'd by SigmaAldrich
1270,50105951,6419997,C1=C(NC=N1)CCNC(=O)CCN.Cl.Cl,Inactive,0,,,Inactive,,,,,,,,,,4,0 0 0 0 1 0 0,-17.5799,8.2211,1.7162,14.8238,8.4868,38.0898,-17.6069,-17.5799,QC'd by SigmaAldrich
1271,50105397,2519,CN1C=NC2=C1C(=O)N(C(=O)N2C)C,Inactive,0,,,Inactive,,,,,,,,,,4,0 0 1 0 0 0 0,-6.4423,0.9563,10.0327,-12.9301,8.2124,6.3216,-12.2417,-6.4423,QC'd by SigmaAldrich
1272,50107120,135348,C1CN(CCC1C(=O)C2=CC=C(C=C2)F)CCN3C(=O)C4=CC=CC=C4NC3=O.C(C(C(=O)O)O)(C(=O)O)O,Inactive,0,,,Inactive,,,,,,,,,,4,,-6.911,-8.1258,-3.6409,-4.9046,8.5358,19.2259,-16.5011,-6.911,QC'd by SigmaAldrich
1273,50106807,5917,C1CCC2=NN=NN2CC1,Inactive,0,,,Inactive,,,,,,,,,,4,0 0 0 0 0 0 1,18.2894,10.1175,-0.29,9.9613,3.6515,15.3325,-15.6337,18.2894,QC'd by SigmaAldrich
1274,50104929,4350931,CN1CCC2=CC=CC=C2CC3=C(CC1)C4=CC=CC=C4N3,Inactive,0,,,Inactive,,,,,,,,,,4,1 0 0 0 0 0 0,3.7153,10.6081,21.7621,15.9983,18.7812,33.2623,0.5404,3.7153,QC'd by SigmaAldrich
1275,50105993,11957487,C1CN(CCN1)C2=CC(=CC=C2)Cl.Cl.Cl,Inactive,0,,,Inactive,,,,,,,,,,4,0 0 0 0 1 0 0,7.6175,-4.1745,10.2818,12.7518,4.5543,15.4489,-2.3673,7.6175,QC'd by SigmaAldrich
1276,50105881,1330,CCCN1C2=C(C(=O)N(C1=O)CCC)NC(=N2)C3=CC=C(C=C3)S(=O)(=O)O,Inactive,0,,,Inactive,,,,,,,,,,4,1 0 0 0 0 0 0,-5.3844,-8.6292,0.1212,9.7847,17.1354,-0.2359,-12.1726,-5.3844,QC'd by SigmaAldrich
1277,50106445,443297,NO.Cl,Inactive,0,,,Inactive,,,,,,,,,,4,1 1 0 0 0 0 0,3.9524,-23.84,-4.6776,-15.9099,-26.8086,8.0628,-7.54,3.9524,QC'd by SigmaAldrich
1278,50107183,135399235,CCCOC1=CC=CC=C1C2=NC3=NNN=C3C(=O)N2,Inactive,0,,,Inactive,,,,,,,,,,4,0 0 0 0 1 0 0,24.1364,17.2463,-9.3788,-3.2495,9.616,37.428,-8.0118,24.1364,QC'd by SigmaAldrich
1279,50106244,9855833,C[C@H](CC1=CC=CC=C1)NCC#C.Cl,Inactive,0,,,Inactive,,,,,,,,,,4,0 0 0 0 1 0 0,4.1302,12.1941,30.1165,18.8946,11.904,36.0952,7.5936,4.1302,QC'd by SigmaAldrich
