compound_id,Canonical_SMILES,pPotency,Bacteria
76310067,O=C([O-])[C@H](Cc1ccccc1)N1C(=O)/C(=C\c2ccc(-c3ccc(Cl)c(Cl)c3)o2)NC1=S.[Na+],4.086186147616283,BacillusAnthracis
73055013,Cc1cc(N)c2cc(NC(=O)c3ccc(-c4ccc5ncccc5c4)cc3)ccc2n1,5.943095148663527,BacillusAnthracis
73055018,COc1ccccc1CCC(=O)Nc1ccc2nc(C)cc(N)c2c1,5.540607512240769,BacillusAnthracis
73055013,Cc1cc(N)c2cc(NC(=O)c3ccc(-c4ccc5ncccc5c4)cc3)ccc2n1,5.957818405484234,BacillusAnthracis
73055018,COc1ccccc1CCC(=O)Nc1ccc2nc(C)cc(N)c2c1,5.913996294381618,BacillusAnthracis
73055013,Cc1cc(N)c2cc(NC(=O)c3ccc(-c4ccc5ncccc5c4)cc3)ccc2n1,5.936291440608582,BacillusAnthracis
73055018,COc1ccccc1CCC(=O)Nc1ccc2nc(C)cc(N)c2c1,5.9582126810282485,BacillusAnthracis
73055013,Cc1cc(N)c2cc(NC(=O)c3ccc(-c4ccc5ncccc5c4)cc3)ccc2n1,5.914709421769935,BacillusAnthracis
73055018,COc1ccccc1CCC(=O)Nc1ccc2nc(C)cc(N)c2c1,6.021226215669878,BacillusAnthracis
73055013,Cc1cc(N)c2cc(NC(=O)c3ccc(-c4ccc5ncccc5c4)cc3)ccc2n1,5.9044819576768495,BacillusAnthracis
73055018,COc1ccccc1CCC(=O)Nc1ccc2nc(C)cc(N)c2c1,6.07504911108439,BacillusAnthracis
73055013,Cc1cc(N)c2cc(NC(=O)c3ccc(-c4ccc5ncccc5c4)cc3)ccc2n1,5.899974269892137,BacillusAnthracis
73055018,COc1ccccc1CCC(=O)Nc1ccc2nc(C)cc(N)c2c1,6.137212901764656,BacillusAnthracis
71166,Cc1cc(N)c2cc(NC(=O)Nc3ccc4nc(C)cc(N)c4c3)ccc2n1,4.0,BacillusAnthracis
73054735,Cc1cc(N)c2cc(NC(=O)c3ccc(-c4ccccc4)cc3)ccc2n1,4.0,BacillusAnthracis
73055014,Cc1cc(N)c2cc(NC(=O)c3cccc(-c4ccc(N(C)C)cc4)c3)ccc2n1,4.0,BacillusAnthracis
73055907,Cc1cc(N)c2cc(NC(=O)c3cccc(-c4cnc5ccccc5c4)c3)ccc2n1,4.795880017344075,BacillusAnthracis
73056180,Cc1cc(N)c2cc(NC(=O)c3cccc(-c4cccc5ncccc45)c3)ccc2n1,4.301029995663981,BacillusAnthracis
73055013,Cc1cc(N)c2cc(NC(=O)c3ccc(-c4ccc5ncccc5c4)cc3)ccc2n1,5.769551078621726,BacillusAnthracis
73055605,Cc1cc(N)c2cc(NC(=O)Nc3ccc(C(=O)c4ccccc4)cc3)ccc2n1,4.0,BacillusAnthracis
73055018,COc1ccccc1CCC(=O)Nc1ccc2nc(C)cc(N)c2c1,4.0,BacillusAnthracis
73055903,Cc1cc(N)c2cc(NC(=O)c3ccc(-c4cncc5ccccc45)cc3)ccc2n1,5.026872146400302,BacillusAnthracis
73056183,Cc1cc(N)c2cc(NC(=O)CCc3ccccc3C(F)(F)F)ccc2n1,4.0,BacillusAnthracis
73056181,Cc1cc(N)c2cc(NC(=O)c3cccc(-c4cccc5cccnc45)c3)ccc2n1,4.0,BacillusAnthracis
73054734,COc1ccc2[nH]c(C(=O)Nc3ccc4nc(C)cc(N)c4c3)cc2c1,4.0,BacillusAnthracis
73056773,COc1ncccc1CCC(=O)Nc1ccc2nc(C)cc(N)c2c1,4.0,BacillusAnthracis
73055016,Cc1cc(N)c2cc(NC(=O)COc3ccc(OCc4ccccc4)cc3)ccc2n1,4.0,BacillusAnthracis
73055905,Cc1cc(N)c2cc(NC(=O)c3ccc(-c4cccc5cccnc45)cc3)ccc2n1,4.769551078621726,BacillusAnthracis
73055906,Cc1cc(N)c2cc(NC(=O)c3cccc(-c4ccc5ncccc5c4)c3)ccc2n1,4.0,BacillusAnthracis
73056185,COc1ccccc1/C=C/C(=O)Nc1ccc2nc(C)cc(N)c2c1,4.0,BacillusAnthracis
73055902,Cc1cc(N)c2cc(NC(=O)c3ccc(-c4cnc5ccccc5c4)cc3)ccc2n1,4.958607314841775,BacillusAnthracis
73054451,Cc1cc(N)c2cc(NC(=O)c3ccc(Oc4ccccc4)cc3)ccc2n1,4.0,BacillusAnthracis
73056179,Cc1cc(N)c2cc(NC(=O)c3cccc(-c4cncc5ccccc45)c3)ccc2n1,4.318758762624412,BacillusAnthracis
73054736,Cc1cc(N)c2cc(NC(=O)c3ccc(-c4cccnc4)cc3)ccc2n1,4.0,BacillusAnthracis
71166,Cc1cc(N)c2cc(NC(=O)Nc3ccc4nc(C)cc(N)c4c3)ccc2n1,4.508638306165727,BacillusAnthracis
73055907,Cc1cc(N)c2cc(NC(=O)c3cccc(-c4cnc5ccccc5c4)c3)ccc2n1,4.0,BacillusAnthracis
73056180,Cc1cc(N)c2cc(NC(=O)c3cccc(-c4cccc5ncccc45)c3)ccc2n1,4.187086643357144,BacillusAnthracis
73055013,Cc1cc(N)c2cc(NC(=O)c3ccc(-c4ccc5ncccc5c4)cc3)ccc2n1,4.0,BacillusAnthracis
73055605,Cc1cc(N)c2cc(NC(=O)Nc3ccc(C(=O)c4ccccc4)cc3)ccc2n1,4.0,BacillusAnthracis
73055018,COc1ccccc1CCC(=O)Nc1ccc2nc(C)cc(N)c2c1,4.0,BacillusAnthracis
73055903,Cc1cc(N)c2cc(NC(=O)c3ccc(-c4cncc5ccccc45)cc3)ccc2n1,4.0,BacillusAnthracis
73056183,Cc1cc(N)c2cc(NC(=O)CCc3ccccc3C(F)(F)F)ccc2n1,4.0,BacillusAnthracis
73056181,Cc1cc(N)c2cc(NC(=O)c3cccc(-c4cccc5cccnc45)c3)ccc2n1,4.0,BacillusAnthracis
73056773,COc1ncccc1CCC(=O)Nc1ccc2nc(C)cc(N)c2c1,4.0,BacillusAnthracis
73055016,Cc1cc(N)c2cc(NC(=O)COc3ccc(OCc4ccccc4)cc3)ccc2n1,4.0,BacillusAnthracis
73055905,Cc1cc(N)c2cc(NC(=O)c3ccc(-c4cccc5cccnc45)cc3)ccc2n1,4.0,BacillusAnthracis
73055906,Cc1cc(N)c2cc(NC(=O)c3cccc(-c4ccc5ncccc5c4)c3)ccc2n1,4.0,BacillusAnthracis
73056185,COc1ccccc1/C=C/C(=O)Nc1ccc2nc(C)cc(N)c2c1,4.0,BacillusAnthracis
73055902,Cc1cc(N)c2cc(NC(=O)c3ccc(-c4cnc5ccccc5c4)cc3)ccc2n1,4.107905397309519,BacillusAnthracis
73054451,Cc1cc(N)c2cc(NC(=O)c3ccc(Oc4ccccc4)cc3)ccc2n1,4.0,BacillusAnthracis
73056179,Cc1cc(N)c2cc(NC(=O)c3cccc(-c4cncc5ccccc45)c3)ccc2n1,4.301029995663981,BacillusAnthracis
71166,Cc1cc(N)c2cc(NC(=O)Nc3ccc4nc(C)cc(N)c4c3)ccc2n1,5.142667503568732,BacillusAnthracis
15133398,Cc1cc(N)c2cc(NC(=O)CCc3ccccc3)ccc2n1,4.0,BacillusAnthracis
73056771,Cc1cc(N)c2cc(NC(=O)Cc3ccccc3Cl)ccc2n1,4.0,BacillusAnthracis
59079459,COc1ccc(NC(=O)Nc2ccc3nc(C)cc(N)c3c2)cc1,4.3872161432802645,BacillusAnthracis
73055603,Cc1cc(N)c2cc(NC(=O)Nc3ccc(F)cc3)ccc2n1,4.494850021680094,BacillusAnthracis
73055607,COc1ccccc1CNC(=O)Nc1ccc2nc(C)cc(N)c2c1,4.0,BacillusAnthracis
73055303,Cc1cc(N)c2cc(NC(=O)CCc3ccccc3OC(=O)c3ccccc3)ccc2n1,4.0,BacillusAnthracis
73056474,COc1ccc(Cl)cc1CCC(=O)Nc1ccc2nc(C)cc(N)c2c1,4.0,BacillusAnthracis
73054452,Cc1cc(N)c2cc(NC(=O)c3cccc(C(=O)c4ccccc4)c3)ccc2n1,4.0,BacillusAnthracis
73054453,Cc1cc(N)c2cc(NC(=O)c3cccnc3)ccc2n1,4.0,BacillusAnthracis
73054735,Cc1cc(N)c2cc(NC(=O)c3ccc(-c4ccccc4)cc3)ccc2n1,4.0,BacillusAnthracis
73056772,COc1ccccc1CCCC(=O)Nc1ccc2nc(C)cc(N)c2c1,4.0,BacillusAnthracis
73056775,COc1ccsc1CCC(=O)Nc1ccc2nc(C)cc(N)c2c1,4.0,BacillusAnthracis
73055606,Cc1cc(N)c2cc(NC(=O)NCc3ccccc3Cl)ccc2n1,4.0,BacillusAnthracis
73055014,Cc1cc(N)c2cc(NC(=O)c3cccc(-c4ccc(N(C)C)cc4)c3)ccc2n1,4.161150909262744,BacillusAnthracis
73055015,COc1ccc(/C=C/C(=O)Nc2ccc3nc(C)cc(N)c3c2)cc1,4.0,BacillusAnthracis
73055907,Cc1cc(N)c2cc(NC(=O)c3cccc(-c4cnc5ccccc5c4)c3)ccc2n1,4.346787486224656,BacillusAnthracis
73056180,Cc1cc(N)c2cc(NC(=O)c3cccc(-c4cccc5ncccc45)c3)ccc2n1,4.167491087293763,BacillusAnthracis
73055300,COc1cccc(CCC(=O)Nc2ccc3nc(C)cc(N)c3c2)c1,4.0,BacillusAnthracis
73055302,COc1cccc(CCC(=O)Nc2ccc3nc(C)cc(N)c3c2)c1OC,4.0,BacillusAnthracis
73055304,Cc1cc(N)c2cc(NC(=O)CCc3ccccc3Cl)ccc2n1,4.0,BacillusAnthracis
73054731,Cc1cc(N)c2cc(NC(=O)c3cc4ccccc4cn3)ccc2n1,4.0,BacillusAnthracis
73055013,Cc1cc(N)c2cc(NC(=O)c3ccc(-c4ccc5ncccc5c4)cc3)ccc2n1,4.42021640338319,BacillusAnthracis
73056774,COc1ccncc1CCC(=O)Nc1ccc2nc(C)cc(N)c2c1,4.0,BacillusAnthracis
73055305,Cc1cc(N)c2cc(NC(=O)Nc3ccc4c(c3)OCO4)ccc2n1,4.3872161432802645,BacillusAnthracis
73055605,Cc1cc(N)c2cc(NC(=O)Nc3ccc(C(=O)c4ccccc4)cc3)ccc2n1,4.173925197299174,BacillusAnthracis
234080,Cc1cc(N)c2cc(NC(=O)Cc3ccccc3)ccc2n1,4.0,BacillusAnthracis
73055017,Cc1cc(N)c2cc(NC(=O)Cc3ccc4c(c3)OCO4)ccc2n1,4.0,BacillusAnthracis
73055018,COc1ccccc1CCC(=O)Nc1ccc2nc(C)cc(N)c2c1,4.0,BacillusAnthracis
73055903,Cc1cc(N)c2cc(NC(=O)c3ccc(-c4cncc5ccccc45)cc3)ccc2n1,4.187086643357144,BacillusAnthracis
73056182,Cc1cc(N)c2cc(NC(=O)CCc3ccccc3C)ccc2n1,4.0,BacillusAnthracis
73056183,Cc1cc(N)c2cc(NC(=O)CCc3ccccc3C(F)(F)F)ccc2n1,4.0,BacillusAnthracis
73055602,CCOC(=O)c1ccc(NC(=O)Nc2ccc3nc(C)cc(N)c3c2)cc1,4.292429823902063,BacillusAnthracis
73055604,Cc1cc(N)c2cc(NC(=O)Nc3ccc(C(C)C)cc3)ccc2n1,4.2076083105017466,BacillusAnthracis
73055904,Cc1cc(N)c2cc(NC(=O)c3ccc(-c4cccc5ncccc45)cc3)ccc2n1,4.468521082957745,BacillusAnthracis
73056181,Cc1cc(N)c2cc(NC(=O)c3cccc(-c4cccc5cccnc45)c3)ccc2n1,4.102372908709558,BacillusAnthracis
73054733,Cc1cc(N)c2cc(NC(=O)c3cc4ccccc4o3)ccc2n1,4.0,BacillusAnthracis
73054734,COc1ccc2[nH]c(C(=O)Nc3ccc4nc(C)cc(N)c4c3)cc2c1,4.455931955649724,BacillusAnthracis
73056773,COc1ncccc1CCC(=O)Nc1ccc2nc(C)cc(N)c2c1,4.0,BacillusAnthracis
73055306,Cc1cc(N)c2cc(NC(=O)Nc3ccc(-c4ccccc4)cc3)ccc2n1,4.102372908709558,BacillusAnthracis
73055016,Cc1cc(N)c2cc(NC(=O)COc3ccc(OCc4ccccc4)cc3)ccc2n1,4.0,BacillusAnthracis
73055905,Cc1cc(N)c2cc(NC(=O)c3ccc(-c4cccc5cccnc45)cc3)ccc2n1,4.187086643357144,BacillusAnthracis
73055906,Cc1cc(N)c2cc(NC(=O)c3cccc(-c4ccc5ncccc5c4)c3)ccc2n1,4.585026652029182,BacillusAnthracis
73056185,COc1ccccc1/C=C/C(=O)Nc1ccc2nc(C)cc(N)c2c1,4.0,BacillusAnthracis
73056477,CCOc1ccccc1CCC(=O)Nc1ccc2nc(C)cc(N)c2c1,4.0,BacillusAnthracis
73056478,CCCOc1ccccc1CCC(=O)Nc1ccc2nc(C)cc(N)c2c1,4.0,BacillusAnthracis
73055902,Cc1cc(N)c2cc(NC(=O)c3ccc(-c4cnc5ccccc5c4)cc3)ccc2n1,4.0,BacillusAnthracis
73056473,COc1ccc(Br)cc1CCC(=O)Nc1ccc2nc(C)cc(N)c2c1,4.0,BacillusAnthracis
73054451,Cc1cc(N)c2cc(NC(=O)c3ccc(Oc4ccccc4)cc3)ccc2n1,4.0,BacillusAnthracis
73054455,Cc1cc(N)c2cc(NC(=O)c3cccc(N(C)C)c3)ccc2n1,4.0,BacillusAnthracis
73054732,Cc1cc(N)c2cc(NC(=O)c3ccc4ccccc4n3)ccc2n1,4.0,BacillusAnthracis
73055301,COc1ccc(OC)c(CCC(=O)Nc2ccc3nc(C)cc(N)c3c2)c1,4.0,BacillusAnthracis
73054454,Cc1cc(N)c2cc(NC(=O)c3ccco3)ccc2n1,4.327902142064283,BacillusAnthracis
73056479,COc1ccccc1CC(=O)Nc1ccc2nc(C)cc(N)c2c1,4.0,BacillusAnthracis
73056179,Cc1cc(N)c2cc(NC(=O)c3cccc(-c4cncc5ccccc45)c3)ccc2n1,4.0,BacillusAnthracis
73055019,COc1ccc(CCC(=O)Nc2ccc3nc(C)cc(N)c3c2)cc1,4.0,BacillusAnthracis
73056184,Cc1cc(N)c2cc(NC(=O)CCc3ccc(F)cc3)ccc2n1,4.0,BacillusAnthracis
73056475,COc1cc(Cl)ccc1CCC(=O)Nc1ccc2nc(C)cc(N)c2c1,4.0,BacillusAnthracis
73056476,COc1cc(Br)ccc1CCC(=O)Nc1ccc2nc(C)cc(N)c2c1,4.0,BacillusAnthracis
73054730,Cc1cc(N)c2cc(NC(=O)c3ccc(N4CCOCC4)cc3)ccc2n1,4.568636235841013,BacillusAnthracis
73054736,Cc1cc(N)c2cc(NC(=O)c3ccc(-c4cccnc4)cc3)ccc2n1,4.638272163982407,BacillusAnthracis
73055013,Cc1cc(N)c2cc(NC(=O)c3ccc(-c4ccc5ncccc5c4)cc3)ccc2n1,5.898940645091884,BacillusAnthracis
73055018,COc1ccccc1CCC(=O)Nc1ccc2nc(C)cc(N)c2c1,6.320572103387881,BacillusAnthracis
71166,Cc1cc(N)c2cc(NC(=O)Nc3ccc4nc(C)cc(N)c4c3)ccc2n1,5.494850021680094,BacillusAnthracis
15133398,Cc1cc(N)c2cc(NC(=O)CCc3ccccc3)ccc2n1,4.0,BacillusAnthracis
73056771,Cc1cc(N)c2cc(NC(=O)Cc3ccccc3Cl)ccc2n1,4.0,BacillusAnthracis
59079459,COc1ccc(NC(=O)Nc2ccc3nc(C)cc(N)c3c2)cc1,4.0,BacillusAnthracis
73055603,Cc1cc(N)c2cc(NC(=O)Nc3ccc(F)cc3)ccc2n1,4.022276394711152,BacillusAnthracis
73055607,COc1ccccc1CNC(=O)Nc1ccc2nc(C)cc(N)c2c1,4.0,BacillusAnthracis
73055303,Cc1cc(N)c2cc(NC(=O)CCc3ccccc3OC(=O)c3ccccc3)ccc2n1,4.0,BacillusAnthracis
73056474,COc1ccc(Cl)cc1CCC(=O)Nc1ccc2nc(C)cc(N)c2c1,4.0,BacillusAnthracis
73054452,Cc1cc(N)c2cc(NC(=O)c3cccc(C(=O)c4ccccc4)c3)ccc2n1,4.136677139879544,BacillusAnthracis
73054453,Cc1cc(N)c2cc(NC(=O)c3cccnc3)ccc2n1,4.0,BacillusAnthracis
73054735,Cc1cc(N)c2cc(NC(=O)c3ccc(-c4ccccc4)cc3)ccc2n1,4.318758762624412,BacillusAnthracis
73056772,COc1ccccc1CCCC(=O)Nc1ccc2nc(C)cc(N)c2c1,4.0,BacillusAnthracis
73056775,COc1ccsc1CCC(=O)Nc1ccc2nc(C)cc(N)c2c1,4.0,BacillusAnthracis
73055606,Cc1cc(N)c2cc(NC(=O)NCc3ccccc3Cl)ccc2n1,4.214670164989233,BacillusAnthracis
73055014,Cc1cc(N)c2cc(NC(=O)c3cccc(-c4ccc(N(C)C)cc4)c3)ccc2n1,4.769551078621726,BacillusAnthracis
73055015,COc1ccc(/C=C/C(=O)Nc2ccc3nc(C)cc(N)c3c2)cc1,4.259637310505756,BacillusAnthracis
73055907,Cc1cc(N)c2cc(NC(=O)c3cccc(-c4cnc5ccccc5c4)c3)ccc2n1,5.2441251443275085,BacillusAnthracis
73056180,Cc1cc(N)c2cc(NC(=O)c3cccc(-c4cccc5ncccc45)c3)ccc2n1,4.481486060122113,BacillusAnthracis
73055300,COc1cccc(CCC(=O)Nc2ccc3nc(C)cc(N)c3c2)c1,4.0,BacillusAnthracis
73055302,COc1cccc(CCC(=O)Nc2ccc3nc(C)cc(N)c3c2)c1OC,4.0,BacillusAnthracis
73055304,Cc1cc(N)c2cc(NC(=O)CCc3ccccc3Cl)ccc2n1,4.0,BacillusAnthracis
73054731,Cc1cc(N)c2cc(NC(=O)c3cc4ccccc4cn3)ccc2n1,4.2839966563652006,BacillusAnthracis
73055013,Cc1cc(N)c2cc(NC(=O)c3ccc(-c4ccc5ncccc5c4)cc3)ccc2n1,5.795880017344075,BacillusAnthracis
73056774,COc1ccncc1CCC(=O)Nc1ccc2nc(C)cc(N)c2c1,4.301029995663981,BacillusAnthracis
73055305,Cc1cc(N)c2cc(NC(=O)Nc3ccc4c(c3)OCO4)ccc2n1,4.0,BacillusAnthracis
73055605,Cc1cc(N)c2cc(NC(=O)Nc3ccc(C(=O)c4ccccc4)cc3)ccc2n1,4.585026652029182,BacillusAnthracis
234080,Cc1cc(N)c2cc(NC(=O)Cc3ccccc3)ccc2n1,4.0,BacillusAnthracis
73055017,Cc1cc(N)c2cc(NC(=O)Cc3ccc4c(c3)OCO4)ccc2n1,4.0,BacillusAnthracis
73055018,COc1ccccc1CCC(=O)Nc1ccc2nc(C)cc(N)c2c1,5.522878745280337,BacillusAnthracis
73055903,Cc1cc(N)c2cc(NC(=O)c3ccc(-c4cncc5ccccc45)cc3)ccc2n1,4.886056647693163,BacillusAnthracis
73056182,Cc1cc(N)c2cc(NC(=O)CCc3ccccc3C)ccc2n1,4.0,BacillusAnthracis
73056183,Cc1cc(N)c2cc(NC(=O)CCc3ccccc3C(F)(F)F)ccc2n1,4.42021640338319,BacillusAnthracis
73055602,CCOC(=O)c1ccc(NC(=O)Nc2ccc3nc(C)cc(N)c3c2)cc1,4.060480747381382,BacillusAnthracis
73055604,Cc1cc(N)c2cc(NC(=O)Nc3ccc(C(C)C)cc3)ccc2n1,4.080921907623926,BacillusAnthracis
73055904,Cc1cc(N)c2cc(NC(=O)c3ccc(-c4cccc5ncccc45)cc3)ccc2n1,5.0,BacillusAnthracis
73056181,Cc1cc(N)c2cc(NC(=O)c3cccc(-c4cccc5cccnc45)c3)ccc2n1,4.443697499232713,BacillusAnthracis
73054733,Cc1cc(N)c2cc(NC(=O)c3cc4ccccc4o3)ccc2n1,4.045757490560675,BacillusAnthracis
73054734,COc1ccc2[nH]c(C(=O)Nc3ccc4nc(C)cc(N)c4c3)cc2c1,4.356547323513812,BacillusAnthracis
73056773,COc1ncccc1CCC(=O)Nc1ccc2nc(C)cc(N)c2c1,4.3872161432802645,BacillusAnthracis
73055306,Cc1cc(N)c2cc(NC(=O)Nc3ccc(-c4ccccc4)cc3)ccc2n1,4.102372908709558,BacillusAnthracis
73055016,Cc1cc(N)c2cc(NC(=O)COc3ccc(OCc4ccccc4)cc3)ccc2n1,4.481486060122113,BacillusAnthracis
73055905,Cc1cc(N)c2cc(NC(=O)c3ccc(-c4cccc5cccnc45)cc3)ccc2n1,4.958607314841775,BacillusAnthracis
73055906,Cc1cc(N)c2cc(NC(=O)c3cccc(-c4ccc5ncccc5c4)c3)ccc2n1,5.337242168318426,BacillusAnthracis
73056185,COc1ccccc1/C=C/C(=O)Nc1ccc2nc(C)cc(N)c2c1,4.337242168318426,BacillusAnthracis
73056477,CCOc1ccccc1CCC(=O)Nc1ccc2nc(C)cc(N)c2c1,4.0,BacillusAnthracis
73056478,CCCOc1ccccc1CCC(=O)Nc1ccc2nc(C)cc(N)c2c1,4.0,BacillusAnthracis
73055902,Cc1cc(N)c2cc(NC(=O)c3ccc(-c4cnc5ccccc5c4)cc3)ccc2n1,5.522878745280337,BacillusAnthracis
73056473,COc1ccc(Br)cc1CCC(=O)Nc1ccc2nc(C)cc(N)c2c1,4.0,BacillusAnthracis
73054451,Cc1cc(N)c2cc(NC(=O)c3ccc(Oc4ccccc4)cc3)ccc2n1,4.154901959985743,BacillusAnthracis
73054455,Cc1cc(N)c2cc(NC(=O)c3cccc(N(C)C)c3)ccc2n1,4.0,BacillusAnthracis
73054732,Cc1cc(N)c2cc(NC(=O)c3ccc4ccccc4n3)ccc2n1,4.091514981121351,BacillusAnthracis
73055301,COc1ccc(OC)c(CCC(=O)Nc2ccc3nc(C)cc(N)c3c2)c1,4.0,BacillusAnthracis
73054454,Cc1cc(N)c2cc(NC(=O)c3ccco3)ccc2n1,4.0,BacillusAnthracis
73056479,COc1ccccc1CC(=O)Nc1ccc2nc(C)cc(N)c2c1,4.0,BacillusAnthracis
73056179,Cc1cc(N)c2cc(NC(=O)c3cccc(-c4cncc5ccccc45)c3)ccc2n1,4.6777807052660805,BacillusAnthracis
73055019,COc1ccc(CCC(=O)Nc2ccc3nc(C)cc(N)c3c2)cc1,4.0,BacillusAnthracis
73056184,Cc1cc(N)c2cc(NC(=O)CCc3ccc(F)cc3)ccc2n1,4.0,BacillusAnthracis
73056475,COc1cc(Cl)ccc1CCC(=O)Nc1ccc2nc(C)cc(N)c2c1,4.107905397309519,BacillusAnthracis
73056476,COc1cc(Br)ccc1CCC(=O)Nc1ccc2nc(C)cc(N)c2c1,4.236572006437063,BacillusAnthracis
73054730,Cc1cc(N)c2cc(NC(=O)c3ccc(N4CCOCC4)cc3)ccc2n1,4.0,BacillusAnthracis
73054736,Cc1cc(N)c2cc(NC(=O)c3ccc(-c4cccnc4)cc3)ccc2n1,4.366531544420414,BacillusAnthracis
4369384,Cc1cc(S(=O)(=O)N[C@@H](C(=O)NO)C2CCOCC2)ccc1F,7.619788758288394,BacillusAnthracis
135403140,O=C(N/N=C/c1cc([N+](=O)[O-])ccc1O)c1ccc(O)c(O)c1,5.958607314841775,BacillusAnthracis
136241621,Cc1cc(=S)c(O)c(C(=S)NCc2ccc(-c3ccccc3)cc2)o1,4.853871964321762,BacillusAnthracis
51397591,CNC(=O)[C@@H](CCc1ccccc1)NC(=O)[C@@H](CC(=O)NO)CC(C)C,5.154901959985743,BacillusAnthracis
5348600,O=c1oc2c(O)c(O)ccc2c2c1CCC2,6.2441251443275085,BacillusAnthracis
71166,Cc1cc(N)c2cc(NC(=O)Nc3ccc4nc(C)cc(N)c4c3)ccc2n1,6.301029995663981,BacillusAnthracis
73058266,Cc1ccc(-c2cnnc(N3CCC(c4cccc([N+](=O)[O-])c4)C3)n2)o1,4.0,BacillusAnthracis
73053902,Clc1cccc(C2CCN(c3nncc(-c4ccc5c(c4)OCO5)n3)C2)c1,4.0,BacillusAnthracis
73054449,COC(=O)c1cccc(-c2ccc(-c3cnnc(N4CCC(c5cccc(Cl)c5)C4)n3)o2)c1,4.0,BacillusAnthracis
73054177,O=[N+]([O-])c1cccc(-c2ccc(-c3cnnc(N4CCC(c5cccc(Cl)c5)C4)n3)o2)c1,4.0,BacillusAnthracis
73054176,Nc1ccc(-c2cnnc(N3CCC(c4cccc(Cl)c4)C3)n2)cc1,3.5917600346881504,BacillusAnthracis
73054176,Nc1ccc(-c2cnnc(N3CCC(c4cccc(Cl)c4)C3)n2)cc1,4.795880017344075,BacillusAnthracis
73054176,Nc1ccc(-c2cnnc(N3CCC(c4cccc(Cl)c4)C3)n2)cc1,3.5917600346881504,BacillusAnthracis
73054176,Nc1ccc(-c2cnnc(N3CCC(c4cccc(Cl)c4)C3)n2)cc1,4.795880017344075,BacillusAnthracis
73054176,Nc1ccc(-c2cnnc(N3CCC(c4cccc(Cl)c4)C3)n2)cc1,3.5917600346881504,BacillusAnthracis
73054176,Nc1ccc(-c2cnnc(N3CCC(c4cccc(Cl)c4)C3)n2)cc1,4.795880017344075,BacillusAnthracis
73054176,Nc1ccc(-c2cnnc(N3CCC(c4cccc(Cl)c4)C3)n2)cc1,3.5917600346881504,BacillusAnthracis
73054176,Nc1ccc(-c2cnnc(N3CCC(c4cccc(Cl)c4)C3)n2)cc1,4.795880017344075,BacillusAnthracis
73054176,Nc1ccc(-c2cnnc(N3CCC(c4cccc(Cl)c4)C3)n2)cc1,3.5917600346881504,BacillusAnthracis
73054176,Nc1ccc(-c2cnnc(N3CCC(c4cccc(Cl)c4)C3)n2)cc1,4.795880017344075,BacillusAnthracis
73054176,Nc1ccc(-c2cnnc(N3CCC(c4cccc(Cl)c4)C3)n2)cc1,5.096910013008056,BacillusAnthracis
73054176,Nc1ccc(-c2cnnc(N3CCC(c4cccc(Cl)c4)C3)n2)cc1,3.5917600346881504,BacillusAnthracis
73054176,Nc1ccc(-c2cnnc(N3CCC(c4cccc(Cl)c4)C3)n2)cc1,3.5917600346881504,BacillusAnthracis
73054176,Nc1ccc(-c2cnnc(N3CCC(c4cccc(Cl)c4)C3)n2)cc1,4.795880017344075,BacillusAnthracis
73054176,Nc1ccc(-c2cnnc(N3CCC(c4cccc(Cl)c4)C3)n2)cc1,3.5917600346881504,BacillusAnthracis
73054176,Nc1ccc(-c2cnnc(N3CCC(c4cccc(Cl)c4)C3)n2)cc1,4.795880017344075,BacillusAnthracis
73054176,Nc1ccc(-c2cnnc(N3CCC(c4cccc(Cl)c4)C3)n2)cc1,3.5917600346881504,BacillusAnthracis
73054176,Nc1ccc(-c2cnnc(N3CCC(c4cccc(Cl)c4)C3)n2)cc1,4.795880017344075,BacillusAnthracis
73054176,Nc1ccc(-c2cnnc(N3CCC(c4cccc(Cl)c4)C3)n2)cc1,3.5917600346881504,BacillusAnthracis
73054176,Nc1ccc(-c2cnnc(N3CCC(c4cccc(Cl)c4)C3)n2)cc1,4.795880017344075,BacillusAnthracis
14969,CN[C@H](CC(C)C)C(=O)N[C@H]1C(=O)N[C@@H](CC(N)=O)C(=O)N[C@H]2C(=O)N[C@H]3C(=O)N[C@H](C(=O)N[C@H](C(=O)O)c4cc(O)cc(O)c4-c4cc3ccc4O)[C@H](O)c3ccc(c(Cl)c3)Oc3cc2cc(c3O[C@@H]2O[C@H](CO)[C@@H](O)[C@H](O)[C@H]2O[C@H]2C[C@](C)(N)[C@H](O)[C@H](C)O2)Oc2ccc(cc2Cl)[C@H]1O,6.0,BacillusAnthracis
14969,CN[C@H](CC(C)C)C(=O)N[C@H]1C(=O)N[C@@H](CC(N)=O)C(=O)N[C@H]2C(=O)N[C@H]3C(=O)N[C@H](C(=O)N[C@H](C(=O)O)c4cc(O)cc(O)c4-c4cc3ccc4O)[C@H](O)c3ccc(c(Cl)c3)Oc3cc2cc(c3O[C@@H]2O[C@H](CO)[C@@H](O)[C@H](O)[C@H]2O[C@H]2C[C@](C)(N)[C@H](O)[C@H](C)O2)Oc2ccc(cc2Cl)[C@H]1O,6.0,BacillusAnthracis
73053897,Cc1ccc(-c2cnnc(N3CCC(c4cccc(O)c4)C3)n2)o1,3.892790030352132,BacillusAnthracis
73053897,Cc1ccc(-c2cnnc(N3CCC(c4cccc(O)c4)C3)n2)o1,3.892790030352132,BacillusAnthracis
45169971,Clc1cccc(C2CCN(c3nncc(-c4ccccc4)n3)C2)c1,3.892790030352132,BacillusAnthracis
45169971,Clc1cccc(C2CCN(c3nncc(-c4ccccc4)n3)C2)c1,4.795880017344075,BacillusAnthracis
73054175,Nc1cccc(-c2cnnc(N3CCC(c4cccc(Cl)c4)C3)n2)c1,3.892790030352132,BacillusAnthracis
73054175,Nc1cccc(-c2cnnc(N3CCC(c4cccc(Cl)c4)C3)n2)c1,4.494850021680094,BacillusAnthracis
73053900,COc1ccc(-c2cnnc(N3CCC(c4cccc(Cl)c4)C3)n2)cc1OC,3.892790030352132,BacillusAnthracis
73053900,COc1ccc(-c2cnnc(N3CCC(c4cccc(Cl)c4)C3)n2)cc1OC,4.795880017344075,BacillusAnthracis
14969,CN[C@H](CC(C)C)C(=O)N[C@H]1C(=O)N[C@@H](CC(N)=O)C(=O)N[C@H]2C(=O)N[C@H]3C(=O)N[C@H](C(=O)N[C@H](C(=O)O)c4cc(O)cc(O)c4-c4cc3ccc4O)[C@H](O)c3ccc(c(Cl)c3)Oc3cc2cc(c3O[C@@H]2O[C@H](CO)[C@@H](O)[C@H](O)[C@H]2O[C@H]2C[C@](C)(N)[C@H](O)[C@H](C)O2)Oc2ccc(cc2Cl)[C@H]1O,6.0,BacillusAnthracis
14969,CN[C@H](CC(C)C)C(=O)N[C@H]1C(=O)N[C@@H](CC(N)=O)C(=O)N[C@H]2C(=O)N[C@H]3C(=O)N[C@H](C(=O)N[C@H](C(=O)O)c4cc(O)cc(O)c4-c4cc3ccc4O)[C@H](O)c3ccc(c(Cl)c3)Oc3cc2cc(c3O[C@@H]2O[C@H](CO)[C@@H](O)[C@H](O)[C@H]2O[C@H]2C[C@](C)(N)[C@H](O)[C@H](C)O2)Oc2ccc(cc2Cl)[C@H]1O,6.0,BacillusAnthracis
73053897,Cc1ccc(-c2cnnc(N3CCC(c4cccc(O)c4)C3)n2)o1,3.892790030352132,BacillusAnthracis
73053897,Cc1ccc(-c2cnnc(N3CCC(c4cccc(O)c4)C3)n2)o1,4.1938200260161125,BacillusAnthracis
73054176,Nc1ccc(-c2cnnc(N3CCC(c4cccc(Cl)c4)C3)n2)cc1,3.892790030352132,BacillusAnthracis
73054176,Nc1ccc(-c2cnnc(N3CCC(c4cccc(Cl)c4)C3)n2)cc1,4.795880017344075,BacillusAnthracis
45169971,Clc1cccc(C2CCN(c3nncc(-c4ccccc4)n3)C2)c1,3.892790030352132,BacillusAnthracis
45169971,Clc1cccc(C2CCN(c3nncc(-c4ccccc4)n3)C2)c1,4.795880017344075,BacillusAnthracis
73054175,Nc1cccc(-c2cnnc(N3CCC(c4cccc(Cl)c4)C3)n2)c1,3.892790030352132,BacillusAnthracis
73054175,Nc1cccc(-c2cnnc(N3CCC(c4cccc(Cl)c4)C3)n2)c1,4.494850021680094,BacillusAnthracis
73053900,COc1ccc(-c2cnnc(N3CCC(c4cccc(Cl)c4)C3)n2)cc1OC,3.892790030352132,BacillusAnthracis
73053900,COc1ccc(-c2cnnc(N3CCC(c4cccc(Cl)c4)C3)n2)cc1OC,4.795880017344075,BacillusAnthracis
14969,CN[C@H](CC(C)C)C(=O)N[C@H]1C(=O)N[C@@H](CC(N)=O)C(=O)N[C@H]2C(=O)N[C@H]3C(=O)N[C@H](C(=O)N[C@H](C(=O)O)c4cc(O)cc(O)c4-c4cc3ccc4O)[C@H](O)c3ccc(c(Cl)c3)Oc3cc2cc(c3O[C@@H]2O[C@H](CO)[C@@H](O)[C@H](O)[C@H]2O[C@H]2C[C@](C)(N)[C@H](O)[C@H](C)O2)Oc2ccc(cc2Cl)[C@H]1O,6.301029995663981,BacillusAnthracis
73053897,Cc1ccc(-c2cnnc(N3CCC(c4cccc(O)c4)C3)n2)o1,4.301029995663981,BacillusAnthracis
73054176,Nc1ccc(-c2cnnc(N3CCC(c4cccc(Cl)c4)C3)n2)cc1,4.795880017344075,BacillusAnthracis
45169971,Clc1cccc(C2CCN(c3nncc(-c4ccccc4)n3)C2)c1,4.301029995663981,BacillusAnthracis
73054175,Nc1cccc(-c2cnnc(N3CCC(c4cccc(Cl)c4)C3)n2)c1,4.522878745280337,BacillusAnthracis
73053900,COc1ccc(-c2cnnc(N3CCC(c4cccc(Cl)c4)C3)n2)cc1OC,4.301029995663981,BacillusAnthracis
3767,NNC(=O)c1ccncc1,3.5917600346881504,BacillusAnthracis
135398735,CO[C@H]1/C=C/O[C@@]2(C)Oc3c(C)c(O)c4c(O)c(c(/C=N/N5CCN(C)CC5)c(O)c4c3C2=O)NC(=O)/C(C)=C\C=C\[C@H](C)[C@H](O)[C@@H](C)[C@@H](O)[C@@H](C)[C@H](OC(C)=O)[C@@H]1C,6.619788758288394,BacillusAnthracis
73058266,Cc1ccc(-c2cnnc(N3CCC(c4cccc([N+](=O)[O-])c4)C3)n2)o1,4.795880017344075,BacillusAnthracis
73053902,Clc1cccc(C2CCN(c3nncc(-c4ccc5c(c4)OCO5)n3)C2)c1,4.795880017344075,BacillusAnthracis
73054173,O=[N+]([O-])c1cccc(-c2cnnc(N3CCC(c4cccc(Cl)c4)C3)n2)c1,3.892790030352132,BacillusAnthracis
73058272,Cc1ccc(-c2cnnc(N3CCC(c4cccc(N)c4)C3)n2)o1,4.326979092871104,BacillusAnthracis
73054174,O=[N+]([O-])c1ccc(-c2cnnc(N3CCC(c4cccc(Cl)c4)C3)n2)cc1,3.892790030352132,BacillusAnthracis
73054449,COC(=O)c1cccc(-c2ccc(-c3cnnc(N4CCC(c5cccc(Cl)c5)C4)n3)o2)c1,4.795880017344075,BacillusAnthracis
73053901,Clc1cccc(C2CCN(c3nncc(-c4ccc(Br)cc4)n3)C2)c1,4.1095789811990855,BacillusAnthracis
73057984,Cc1ccc(-c2cnnc(N3CCC(n4cnc5c(N)ncnc54)C3)n2)o1,3.892790030352132,BacillusAnthracis
73053897,Cc1ccc(-c2cnnc(N3CCC(c4cccc(O)c4)C3)n2)o1,4.229884705212898,BacillusAnthracis
73058271,Cc1ccc(-c2cnnc(N3CCC(c4cccc(C#N)c4)C3)n2)o1,4.298432014944073,BacillusAnthracis
73053898,Cc1ccc(-c2cnnc(N3CCC(c4ccc(O)c(O)c4)C3)n2)o1,3.892790030352132,BacillusAnthracis
73054176,Nc1ccc(-c2cnnc(N3CCC(c4cccc(Cl)c4)C3)n2)cc1,3.892790030352132,BacillusAnthracis
73054177,O=[N+]([O-])c1cccc(-c2ccc(-c3cnnc(N4CCC(c5cccc(Cl)c5)C4)n3)o2)c1,4.795880017344075,BacillusAnthracis
73058268,Cc1ccc(-c2cnnc(N3CCC(c4ccccc4)C3)n2)o1,4.262012673666569,BacillusAnthracis
73058269,Cc1ccc(-c2cnnc(N3CCC(c4cccc(F)c4)C3)n2)o1,4.319664486585436,BacillusAnthracis
73058270,Cc1ccc(-c2cnnc(N3CCC(c4cccc(C(F)(F)F)c4)C3)n2)o1,4.239577516576788,BacillusAnthracis
45169971,Clc1cccc(C2CCN(c3nncc(-c4ccccc4)n3)C2)c1,4.27083521030723,BacillusAnthracis
73054175,Nc1cccc(-c2cnnc(N3CCC(c4cccc(Cl)c4)C3)n2)c1,4.249491605148654,BacillusAnthracis
73054178,FC(F)(F)c1ccccc1-c1ccc(-c2cnnc(N3CCC(c4cccc(Cl)c4)C3)n2)o1,3.892790030352132,BacillusAnthracis
73054450,O=[N+]([O-])c1cccc(-c2ccc(-c3cnnc(N4CCC(c5cccc(Cl)c5)C4)n3)cc2)c1,3.892790030352132,BacillusAnthracis
73053899,COc1ccc(C2CCN(c3nncc(-c4ccc(C)o4)n3)C2)cc1O,3.892790030352132,BacillusAnthracis
73053900,COc1ccc(-c2cnnc(N3CCC(c4cccc(Cl)c4)C3)n2)cc1OC,3.894830572000669,BacillusAnthracis
56707911,Cc1ccc(-c2cnnc(N3CCC(c4cccc(Cl)c4)C3)n2)o1,4.230622673923862,BacillusAnthracis
3767,NNC(=O)c1ccncc1,6.346787486224656,BacillusAnthracis
135398735,CO[C@H]1/C=C/O[C@@]2(C)Oc3c(C)c(O)c4c(O)c(c(/C=N/N5CCN(C)CC5)c(O)c4c3C2=O)NC(=O)/C(C)=C\C=C\[C@H](C)[C@H](O)[C@@H](C)[C@@H](O)[C@@H](C)[C@H](OC(C)=O)[C@@H]1C,7.096910013008056,BacillusAnthracis
73058266,Cc1ccc(-c2cnnc(N3CCC(c4cccc([N+](=O)[O-])c4)C3)n2)o1,4.795880017344075,BacillusAnthracis
73053902,Clc1cccc(C2CCN(c3nncc(-c4ccc5c(c4)OCO5)n3)C2)c1,4.795880017344075,BacillusAnthracis
73054173,O=[N+]([O-])c1cccc(-c2cnnc(N3CCC(c4cccc(Cl)c4)C3)n2)c1,3.892790030352132,BacillusAnthracis
73058272,Cc1ccc(-c2cnnc(N3CCC(c4cccc(N)c4)C3)n2)o1,4.154281982033341,BacillusAnthracis
73054174,O=[N+]([O-])c1ccc(-c2cnnc(N3CCC(c4cccc(Cl)c4)C3)n2)cc1,4.505845405981558,BacillusAnthracis
73054449,COC(=O)c1cccc(-c2ccc(-c3cnnc(N4CCC(c5cccc(Cl)c5)C4)n3)o2)c1,4.795880017344075,BacillusAnthracis
73053901,Clc1cccc(C2CCN(c3nncc(-c4ccc(Br)cc4)n3)C2)c1,4.512861624522814,BacillusAnthracis
73057984,Cc1ccc(-c2cnnc(N3CCC(n4cnc5c(N)ncnc54)C3)n2)o1,3.892790030352132,BacillusAnthracis
73053897,Cc1ccc(-c2cnnc(N3CCC(c4cccc(O)c4)C3)n2)o1,4.219682687859849,BacillusAnthracis
73058271,Cc1ccc(-c2cnnc(N3CCC(c4cccc(C#N)c4)C3)n2)o1,4.191114132640188,BacillusAnthracis
73053898,Cc1ccc(-c2cnnc(N3CCC(c4ccc(O)c(O)c4)C3)n2)o1,3.892790030352132,BacillusAnthracis
73054176,Nc1ccc(-c2cnnc(N3CCC(c4cccc(Cl)c4)C3)n2)cc1,5.2441251443275085,BacillusAnthracis
73054177,O=[N+]([O-])c1cccc(-c2ccc(-c3cnnc(N4CCC(c5cccc(Cl)c5)C4)n3)o2)c1,4.795880017344075,BacillusAnthracis
73058268,Cc1ccc(-c2cnnc(N3CCC(c4ccccc4)C3)n2)o1,4.392544976785332,BacillusAnthracis
73058269,Cc1ccc(-c2cnnc(N3CCC(c4cccc(F)c4)C3)n2)o1,4.410050398674292,BacillusAnthracis
73058270,Cc1ccc(-c2cnnc(N3CCC(c4cccc(C(F)(F)F)c4)C3)n2)o1,4.280668713016273,BacillusAnthracis
45169971,Clc1cccc(C2CCN(c3nncc(-c4ccccc4)n3)C2)c1,4.494850021680094,BacillusAnthracis
73054175,Nc1cccc(-c2cnnc(N3CCC(c4cccc(Cl)c4)C3)n2)c1,4.527243550682788,BacillusAnthracis
73054178,FC(F)(F)c1ccccc1-c1ccc(-c2cnnc(N3CCC(c4cccc(Cl)c4)C3)n2)o1,3.892790030352132,BacillusAnthracis
73054450,O=[N+]([O-])c1cccc(-c2ccc(-c3cnnc(N4CCC(c5cccc(Cl)c5)C4)n3)cc2)c1,3.892790030352132,BacillusAnthracis
73053899,COc1ccc(C2CCN(c3nncc(-c4ccc(C)o4)n3)C2)cc1O,3.892790030352132,BacillusAnthracis
73053900,COc1ccc(-c2cnnc(N3CCC(c4cccc(Cl)c4)C3)n2)cc1OC,4.812479279163537,BacillusAnthracis
56707911,Cc1ccc(-c2cnnc(N3CCC(c4cccc(Cl)c4)C3)n2)o1,4.214670164989233,BacillusAnthracis
73054173,O=[N+]([O-])c1cccc(-c2cnnc(N3CCC(c4cccc(Cl)c4)C3)n2)c1,3.9273825234547632,BacillusAnthracis
73053901,Clc1cccc(C2CCN(c3nncc(-c4ccc(Br)cc4)n3)C2)c1,4.47755576649368,BacillusAnthracis
73054176,Nc1ccc(-c2cnnc(N3CCC(c4cccc(Cl)c4)C3)n2)cc1,4.055024091587952,BacillusAnthracis
73058267,Cc1ccc(-c2cnnc(N3CCC(c4cccc(OCc5ccccc5)c4)C3)n2)o1,4.199282921717615,BacillusAnthracis
73058270,Cc1ccc(-c2cnnc(N3CCC(c4cccc(C(F)(F)F)c4)C3)n2)o1,3.4503837604809147,BacillusAnthracis
45169971,Clc1cccc(C2CCN(c3nncc(-c4ccccc4)n3)C2)c1,3.993533957750768,BacillusAnthracis
73054175,Nc1cccc(-c2cnnc(N3CCC(c4cccc(Cl)c4)C3)n2)c1,4.241088107602026,BacillusAnthracis
73054178,FC(F)(F)c1ccccc1-c1ccc(-c2cnnc(N3CCC(c4cccc(Cl)c4)C3)n2)o1,4.416801226031377,BacillusAnthracis
73053900,COc1ccc(-c2cnnc(N3CCC(c4cccc(Cl)c4)C3)n2)cc1OC,4.274088367704952,BacillusAnthracis
56707911,Cc1ccc(-c2cnnc(N3CCC(c4cccc(Cl)c4)C3)n2)o1,3.8312079796858174,BacillusAnthracis
66559709,CCCCCCCCCCCCCCCC(=O)NS(=O)(=O)Oc1ccc(OC)cc1,4.455931955649724,BacillusAnthracis
90666319,CCCCCCCCCCCCCCCC(=O)CP(=O)(O)O,4.045757490560675,BacillusAnthracis
90666320,CCCCCCCCCCCCCCCC(=O)C(F)(F)P(=O)(O)O,4.301029995663981,BacillusAnthracis
87481787,CCCCCCCC/C=C/CCCCCCCC(=O)NS(=O)(=O)NCCC,3.6989700043360174,BacillusAnthracis
135981186,CC(C(=O)O)c1n[nH]c2nc(N)[nH]c(=O)c2c1=O,4.958607314841775,BacillusAnthracis
5578,COc1cc(Cc2cnc(N)nc2N)cc(OC)c1OC,4.113509274827518,BacillusAnthracis
52948202,CCc1nc(N)nc(N)c1C#CCc1cccc(-c2ccccc2)c1,5.958607314841775,BacillusAnthracis
57149550,CCc1nc(N)nc(N)c1C#CCc1cc(OC)cc(-c2ccncc2)c1,6.341988603342887,BacillusAnthracis
11687781,Cc1ccc(/C=N/NC(=O)Nc2c(C)cccc2C)cc1,5.537602002101044,BacillusAnthracis
11709164,COc1ccc(/C=N/NC(=O)Nc2c(C)cccc2C)cc1,4.903089986991944,BacillusAnthracis
77107855,Cc1cc(C)c(NC(=O)N/N=C/c2ccc(Br)cc2)c(C)c1,4.8996294548824375,BacillusAnthracis
77107856,CCc1cccc(CC)c1NC(=O)N/N=C/c1ccc(Br)cc1,4.903089986991944,BacillusAnthracis
5332392,Cc1cccc(C)c1NC(=O)N/N=C/c1ccc(Br)cc1,5.853871964321762,BacillusAnthracis
77107657,Cc1cccc(C)c1NC(=O)N/N=C/c1ccc(Br)cc1F,6.3979400086720375,BacillusAnthracis
77107858,Cc1cccc(C)c1NC(=O)N/N=C/c1ccc(Cl)cc1,5.769551078621726,BacillusAnthracis
6882230,Cc1cccc(C)c1NC(=O)N/N=C/c1ccccc1F,5.086186147616283,BacillusAnthracis
77108048,Cc1ccc(/C=N/NC(=O)Nc2c(C)cccc2C)cc1F,5.7447274948966935,BacillusAnthracis
77108049,Cc1cccc(C)c1NC(=O)N/N=C/c1ccc(F)cc1,5.154901959985743,BacillusAnthracis
77108050,Cc1cccc(C)c1NC(=O)N/N=C/c1ccc(F)cc1F,5.6777807052660805,BacillusAnthracis
77108054,Cc1cccc(/C=N/NC(=O)Nc2c(C)cccc2C)c1,4.872895201635193,BacillusAnthracis
77108055,CCc1ccc(/C=N/NC(=O)Nc2c(C)cccc2C)cc1,5.522878745280337,BacillusAnthracis
77105066,Cc1cccc(C)c1NC(=O)N/N=C/c1ccc(C(C)C)cc1,5.187086643357144,BacillusAnthracis
77105067,C#Cc1ccc(/C=N/NC(=O)Nc2c(C)cccc2C)cc1,5.769551078621726,BacillusAnthracis
77105069,Cc1cccc(C)c1NC(=O)N/N=C/c1ccc(I)cc1,5.7447274948966935,BacillusAnthracis
77105070,Cc1cccc(C)c1NC(=O)N/N=C/c1ccc(C(F)(F)F)cc1,5.585026652029182,BacillusAnthracis
77105071,Cc1cccc(C)c1NC(=O)N/N=C/c1ccc(C#N)cc1,5.6020599913279625,BacillusAnthracis
77105073,Cc1cccc(C)c1NC(=O)N/N=C/c1ccc(Br)o1,4.6020599913279625,BacillusAnthracis
77105260,Cc1cccc(C)c1NC(=O)N/N=C/c1cccs1,4.6020599913279625,BacillusAnthracis
77105261,Cc1cccc(C)c1NC(=O)N/N=C/c1ccc(Br)s1,5.769551078621726,BacillusAnthracis
77105262,Cc1cccc(C)c1NC(=O)N/N=C/c1c(F)cc(Br)cc1F,5.3979400086720375,BacillusAnthracis
77105263,Cc1cccc(C)c1NC(=O)N/N=C/c1ccc(Br)cc1Cl,5.494850021680094,BacillusAnthracis
77105264,Cc1cccc(C)c1NC(=O)N/N=C/c1ccc(Br)c(F)c1,5.823908740944319,BacillusAnthracis
77105265,Cc1cccc(C)c1NC(=O)N/N=C/c1ccc(Br)c(Cl)c1,5.468521082957745,BacillusAnthracis
77105267,C/C(=N\NC(=O)Nc1c(C)cccc1C)c1ccc(Br)cc1,5.6020599913279625,BacillusAnthracis
77105447,Cc1cccc(C)c1NC(=O)N(C)/N=C/c1ccc(Br)cc1,5.698970004336019,BacillusAnthracis
77105448,C#CCN(/N=C/c1ccc(Br)cc1)C(=O)Nc1c(C)cccc1C,4.903089986991944,BacillusAnthracis
9713922,Cc1cccc(C)c1NC(=S)N/N=C/c1ccc(Br)cc1,5.823908740944319,BacillusAnthracis
77107658,Cc1cccc(C)c1NC(=O)N/N=C/c1ccc(N=[N+]=[N-])cc1F,5.657577319177793,BacillusAnthracis
77107659,Cc1cccc(C)c1NC(=O)N/N=C/c1ccc(N=[N+]=[N-])cc1,5.552841968657781,BacillusAnthracis
77107853,Cc1cccc(C)c1NC(=O)N/N=C/c1c(F)c(F)c(N=[N+]=[N-])c(F)c1F,4.6020599913279625,BacillusAnthracis
77105451,Cc1cccc(C)c1N=C(N)N/N=C/c1ccc(Br)cc1,4.860120913598763,BacillusAnthracis
1550750,CCN1C(=O)/C(=C/c2ccc(OC)cc2)SC1=S,4.0,BacillusAnthracis
1391106,CCOc1cc(/C=C2\SC(=S)N(c3ccc(F)cc3)C2=O)ccc1O,4.3872161432802645,BacillusAnthracis
57393984,O=C1/C(=C\c2cccc(O)c2O)SC(=S)N1Cc1ccco1,4.0,BacillusAnthracis
1309822,Cc1cc(Cl)ccc1-c1ccc(/C=C2\SC(=S)N(CC(=O)O)C2=O)o1,3.585026652029182,BacillusAnthracis
1367267,O=C(O)CCN1C(=O)/C(=C/c2ccc(-c3ccc(Cl)cc3Cl)o2)SC1=S,5.6777807052660805,BacillusAnthracis
5890567,Cc1ccc(-c2ccc(/C=C3\SC(=S)N(CCCC(=O)O)C3=O)o2)c([N+](=O)[O-])c1,4.0,BacillusAnthracis
1589306,O=C(O)CCCCCN1C(=O)/C(=C/c2ccc(-c3cc(Cl)ccc3Cl)o2)SC1=S,4.0,BacillusAnthracis
2252630,CN1C(=O)/C(=C/c2ccc(-c3cc(Cl)ccc3Cl)o2)SC1=S,3.6989700043360174,BacillusAnthracis
1201112,O=C(O)c1ccc(N2C(=O)/C(=C/c3ccc(Br)cc3)SC2=S)cc1,3.6989700043360174,BacillusAnthracis
1208664,CC(=O)c1ccc(-c2ccc(/C=C3\SC(=S)N(c4ccccc4)C3=O)o2)cc1,4.070581074285707,BacillusAnthracis
2288140,CCOc1cc(/C=C2\SC(=S)N(c3cccc(F)c3)C2=O)ccc1OC(=O)c1cccs1,3.6989700043360174,BacillusAnthracis
50987670,CC1=CC(=O)/C(=C\N2C(=O)/C(=C/c3cccc(O)c3)SC2=S)C(=O)O1,4.0,BacillusAnthracis
1536941,COc1cccc(/C=C2\SC(=S)N(Cc3ccco3)C2=O)c1OC,4.0,BacillusAnthracis
1549389,O=C1/C(=C/c2ccc(Cl)cc2Cl)SC(=S)N1Cc1ccco1,4.0,BacillusAnthracis
1549566,CCN1C(=O)/C(=C/c2ccc(OCC(=O)O)cc2)SC1=S,4.0,BacillusAnthracis
1373005,CN(C)c1ccc(/C=C2\SC(=S)N(Cc3ccco3)C2=O)cc1,4.0,BacillusAnthracis
90680767,CCOc1cccc(/C=C2\SC(=S)N(Cc3ccco3)C2=O)c1O,4.0,BacillusAnthracis
1550750,CCN1C(=O)/C(=C/c2ccc(OC)cc2)SC1=S,4.0,BacillusAnthracis
1391106,CCOc1cc(/C=C2\SC(=S)N(c3ccc(F)cc3)C2=O)ccc1O,3.823908740944319,BacillusAnthracis
57393984,O=C1/C(=C\c2cccc(O)c2O)SC(=S)N1Cc1ccco1,5.275724130399211,BacillusAnthracis
1309822,Cc1cc(Cl)ccc1-c1ccc(/C=C2\SC(=S)N(CC(=O)O)C2=O)o1,5.573488738635425,BacillusAnthracis
135519137,O=C(N/N=C/c1ccc(O)cc1O)c1cc(-c2ccc(Cl)cc2)n[nH]1,4.863279432843593,BacillusAnthracis
2225582,O=C1NC(=O)C(=Cc2ccc(Sc3nc4ccccc4[nH]3)o2)C(=O)N1,5.173925197299174,BacillusAnthracis
1367267,O=C(O)CCN1C(=O)/C(=C/c2ccc(-c3ccc(Cl)cc3Cl)o2)SC1=S,5.619788758288394,BacillusAnthracis
5890567,Cc1ccc(-c2ccc(/C=C3\SC(=S)N(CCCC(=O)O)C3=O)o2)c([N+](=O)[O-])c1,5.2441251443275085,BacillusAnthracis
1589306,O=C(O)CCCCCN1C(=O)/C(=C/c2ccc(-c3cc(Cl)ccc3Cl)o2)SC1=S,5.42021640338319,BacillusAnthracis
2252630,CN1C(=O)/C(=C/c2ccc(-c3cc(Cl)ccc3Cl)o2)SC1=S,3.6989700043360174,BacillusAnthracis
1201112,O=C(O)c1ccc(N2C(=O)/C(=C/c3ccc(Br)cc3)SC2=S)cc1,3.769551078621726,BacillusAnthracis
1208664,CC(=O)c1ccc(-c2ccc(/C=C3\SC(=S)N(c4ccccc4)C3=O)o2)cc1,4.494850021680094,BacillusAnthracis
2288140,CCOc1cc(/C=C2\SC(=S)N(c3cccc(F)c3)C2=O)ccc1OC(=O)c1cccs1,3.6989700043360174,BacillusAnthracis
50987670,CC1=CC(=O)/C(=C\N2C(=O)/C(=C/c3cccc(O)c3)SC2=S)C(=O)O1,4.0,BacillusAnthracis
1536941,COc1cccc(/C=C2\SC(=S)N(Cc3ccco3)C2=O)c1OC,4.0,BacillusAnthracis
1549389,O=C1/C(=C/c2ccc(Cl)cc2Cl)SC(=S)N1Cc1ccco1,4.0,BacillusAnthracis
1549566,CCN1C(=O)/C(=C/c2ccc(OCC(=O)O)cc2)SC1=S,4.0,BacillusAnthracis
1373005,CN(C)c1ccc(/C=C2\SC(=S)N(Cc3ccco3)C2=O)cc1,4.0,BacillusAnthracis
90680767,CCOc1cccc(/C=C2\SC(=S)N(Cc3ccco3)C2=O)c1O,4.0,BacillusAnthracis
1550750,CCN1C(=O)/C(=C/c2ccc(OC)cc2)SC1=S,3.6989700043360174,BacillusAnthracis
1391106,CCOc1cc(/C=C2\SC(=S)N(c3ccc(F)cc3)C2=O)ccc1O,3.6989700043360174,BacillusAnthracis
57393984,O=C1/C(=C\c2cccc(O)c2O)SC(=S)N1Cc1ccco1,3.6989700043360174,BacillusAnthracis
1309822,Cc1cc(Cl)ccc1-c1ccc(/C=C2\SC(=S)N(CC(=O)O)C2=O)o1,5.537602002101044,BacillusAnthracis
1367267,O=C(O)CCN1C(=O)/C(=C/c2ccc(-c3ccc(Cl)cc3Cl)o2)SC1=S,6.366531544420414,BacillusAnthracis
5890567,Cc1ccc(-c2ccc(/C=C3\SC(=S)N(CCCC(=O)O)C3=O)o2)c([N+](=O)[O-])c1,5.494850021680094,BacillusAnthracis
1589306,O=C(O)CCCCCN1C(=O)/C(=C/c2ccc(-c3cc(Cl)ccc3Cl)o2)SC1=S,5.251811972993799,BacillusAnthracis
2252630,CN1C(=O)/C(=C/c2ccc(-c3cc(Cl)ccc3Cl)o2)SC1=S,3.6989700043360174,BacillusAnthracis
1201112,O=C(O)c1ccc(N2C(=O)/C(=C/c3ccc(Br)cc3)SC2=S)cc1,3.6989700043360174,BacillusAnthracis
1208664,CC(=O)c1ccc(-c2ccc(/C=C3\SC(=S)N(c4ccccc4)C3=O)o2)cc1,3.6989700043360174,BacillusAnthracis
2288140,CCOc1cc(/C=C2\SC(=S)N(c3cccc(F)c3)C2=O)ccc1OC(=O)c1cccs1,3.6989700043360174,BacillusAnthracis
50987670,CC1=CC(=O)/C(=C\N2C(=O)/C(=C/c3cccc(O)c3)SC2=S)C(=O)O1,3.6989700043360174,BacillusAnthracis
1536941,COc1cccc(/C=C2\SC(=S)N(Cc3ccco3)C2=O)c1OC,3.6989700043360174,BacillusAnthracis
1549389,O=C1/C(=C/c2ccc(Cl)cc2Cl)SC(=S)N1Cc1ccco1,3.6989700043360174,BacillusAnthracis
1549566,CCN1C(=O)/C(=C/c2ccc(OCC(=O)O)cc2)SC1=S,3.6989700043360174,BacillusAnthracis
1373005,CN(C)c1ccc(/C=C2\SC(=S)N(Cc3ccco3)C2=O)cc1,3.6989700043360174,BacillusAnthracis
90680767,CCOc1cccc(/C=C2\SC(=S)N(Cc3ccco3)C2=O)c1O,3.6989700043360174,BacillusAnthracis
1550750,CCN1C(=O)/C(=C/c2ccc(OC)cc2)SC1=S,3.6989700043360174,BacillusAnthracis
1391106,CCOc1cc(/C=C2\SC(=S)N(c3ccc(F)cc3)C2=O)ccc1O,3.6989700043360174,BacillusAnthracis
57393984,O=C1/C(=C\c2cccc(O)c2O)SC(=S)N1Cc1ccco1,3.6989700043360174,BacillusAnthracis
1309822,Cc1cc(Cl)ccc1-c1ccc(/C=C2\SC(=S)N(CC(=O)O)C2=O)o1,3.6989700043360174,BacillusAnthracis
1367267,O=C(O)CCN1C(=O)/C(=C/c2ccc(-c3ccc(Cl)cc3Cl)o2)SC1=S,3.6989700043360174,BacillusAnthracis
5890567,Cc1ccc(-c2ccc(/C=C3\SC(=S)N(CCCC(=O)O)C3=O)o2)c([N+](=O)[O-])c1,3.6989700043360174,BacillusAnthracis
1589306,O=C(O)CCCCCN1C(=O)/C(=C/c2ccc(-c3cc(Cl)ccc3Cl)o2)SC1=S,3.6989700043360174,BacillusAnthracis
2252630,CN1C(=O)/C(=C/c2ccc(-c3cc(Cl)ccc3Cl)o2)SC1=S,3.6989700043360174,BacillusAnthracis
1201112,O=C(O)c1ccc(N2C(=O)/C(=C/c3ccc(Br)cc3)SC2=S)cc1,3.6989700043360174,BacillusAnthracis
1208664,CC(=O)c1ccc(-c2ccc(/C=C3\SC(=S)N(c4ccccc4)C3=O)o2)cc1,3.6989700043360174,BacillusAnthracis
2288140,CCOc1cc(/C=C2\SC(=S)N(c3cccc(F)c3)C2=O)ccc1OC(=O)c1cccs1,3.6989700043360174,BacillusAnthracis
50987670,CC1=CC(=O)/C(=C\N2C(=O)/C(=C/c3cccc(O)c3)SC2=S)C(=O)O1,3.6989700043360174,BacillusAnthracis
1536941,COc1cccc(/C=C2\SC(=S)N(Cc3ccco3)C2=O)c1OC,3.6989700043360174,BacillusAnthracis
1549389,O=C1/C(=C/c2ccc(Cl)cc2Cl)SC(=S)N1Cc1ccco1,3.6989700043360174,BacillusAnthracis
1549566,CCN1C(=O)/C(=C/c2ccc(OCC(=O)O)cc2)SC1=S,3.6989700043360174,BacillusAnthracis
1373005,CN(C)c1ccc(/C=C2\SC(=S)N(Cc3ccco3)C2=O)cc1,3.6989700043360174,BacillusAnthracis
90680767,CCOc1cccc(/C=C2\SC(=S)N(Cc3ccco3)C2=O)c1O,3.6989700043360174,BacillusAnthracis
1550750,CCN1C(=O)/C(=C/c2ccc(OC)cc2)SC1=S,3.6989700043360174,BacillusAnthracis
1391106,CCOc1cc(/C=C2\SC(=S)N(c3ccc(F)cc3)C2=O)ccc1O,3.6989700043360174,BacillusAnthracis
57393984,O=C1/C(=C\c2cccc(O)c2O)SC(=S)N1Cc1ccco1,3.6989700043360174,BacillusAnthracis
1309822,Cc1cc(Cl)ccc1-c1ccc(/C=C2\SC(=S)N(CC(=O)O)C2=O)o1,3.6989700043360174,BacillusAnthracis
1367267,O=C(O)CCN1C(=O)/C(=C/c2ccc(-c3ccc(Cl)cc3Cl)o2)SC1=S,3.744727494896694,BacillusAnthracis
5890567,Cc1ccc(-c2ccc(/C=C3\SC(=S)N(CCCC(=O)O)C3=O)o2)c([N+](=O)[O-])c1,3.6989700043360174,BacillusAnthracis
1589306,O=C(O)CCCCCN1C(=O)/C(=C/c2ccc(-c3cc(Cl)ccc3Cl)o2)SC1=S,3.6989700043360174,BacillusAnthracis
2252630,CN1C(=O)/C(=C/c2ccc(-c3cc(Cl)ccc3Cl)o2)SC1=S,3.6989700043360174,BacillusAnthracis
1201112,O=C(O)c1ccc(N2C(=O)/C(=C/c3ccc(Br)cc3)SC2=S)cc1,3.6989700043360174,BacillusAnthracis
1208664,CC(=O)c1ccc(-c2ccc(/C=C3\SC(=S)N(c4ccccc4)C3=O)o2)cc1,3.6989700043360174,BacillusAnthracis
2288140,CCOc1cc(/C=C2\SC(=S)N(c3cccc(F)c3)C2=O)ccc1OC(=O)c1cccs1,3.6989700043360174,BacillusAnthracis
50987670,CC1=CC(=O)/C(=C\N2C(=O)/C(=C/c3cccc(O)c3)SC2=S)C(=O)O1,3.6989700043360174,BacillusAnthracis
1536941,COc1cccc(/C=C2\SC(=S)N(Cc3ccco3)C2=O)c1OC,3.6989700043360174,BacillusAnthracis
1549389,O=C1/C(=C/c2ccc(Cl)cc2Cl)SC(=S)N1Cc1ccco1,3.6989700043360174,BacillusAnthracis
1549566,CCN1C(=O)/C(=C/c2ccc(OCC(=O)O)cc2)SC1=S,3.6989700043360174,BacillusAnthracis
1373005,CN(C)c1ccc(/C=C2\SC(=S)N(Cc3ccco3)C2=O)cc1,3.6989700043360174,BacillusAnthracis
90680767,CCOc1cccc(/C=C2\SC(=S)N(Cc3ccco3)C2=O)c1O,3.6989700043360174,BacillusAnthracis
5578,COc1cc(Cc2cnc(N)nc2N)cc(OC)c1OC,4.112197095316477,BacillusAnthracis
118724615,CCCC1c2ccccc2C=NN1C(=O)/C=C/c1cc(C(=O)c2cnc(N)nc2N)cc(OC)c1OC,7.078833949362261,BacillusAnthracis
118724616,COc1cc(C(=O)c2cnc(N)nc2N)cc(/C=C/C(=O)N2N=Cc3ccccc3C2C=C(C)C)c1OC,7.82102305270683,BacillusAnthracis
118724617,CCCC1c2ccccc2C=NN1C(=O)/C=C/c1cc(Cc2cnc(N)nc2N)cc(OCC)c1OCC,7.694648630553377,BacillusAnthracis
118724618,CCOc1cc(Cc2cnc(N)nc2N)cc(/C=C/C(=O)N2N=Cc3ccccc3C2C=C(C)C)c1OCC,8.031517051446064,BacillusAnthracis
118724619,CCCC1c2ccccc2C=NN1C(=O)/C=C/c1cc(Cc2cnc(N)nc2N)cc(OC)c1OCC,8.00436480540245,BacillusAnthracis
118724620,CCOc1c(/C=C/C(=O)N2N=Cc3ccccc3C2C=C(C)C)cc(Cc2cnc(N)nc2N)cc1OC,8.05551732784983,BacillusAnthracis
118724621,CCCC1c2ccccc2C=NN1C(=O)/C=C/c1cc(Cc2cnc(N)nc2N)cc(OC)c1OCc1ccccc1,7.411168274405793,BacillusAnthracis
118724622,CCCC1c2ccccc2C=NN1C(=O)/C=C/c1cc(Cc2cnc(N)nc2N)cc2c1OCO2,5.886056647693163,BacillusAnthracis
118724623,CCCOc1cc(Cc2cnc(N)nc2N)cc(/C=C/C(=O)N2N=Cc3ccccc3C2CCC)c1OC,7.860120913598763,BacillusAnthracis
118724624,CCCC1c2ccccc2C=NN1C(=O)/C=C/c1cc(Cc2cnc(N)nc2N)cc(OC(=O)c2ccccc2)c1OC,5.657577319177793,BacillusAnthracis
118724625,CCCC1c2ccccc2C=NN1C(=O)/C=C/c1cc(Cc2cnc(N)nc2N)cc(OC(=O)c2ccc(OC)cc2)c1OC,5.638272163982407,BacillusAnthracis
118724626,CCCC1c2ccccc2C=NN1C(=O)/C=C/c1cc(Cc2cnc(N)nc2N)cc(OC(=O)c2ccc([N+](=O)[O-])cc2)c1OC,6.508638306165728,BacillusAnthracis
118724627,CCCC1c2ccccc2C=NN1C(=O)/C=C/c1cc(Cc2cnc(N)nc2N)cc(OC(=O)c2ccc(OC(F)(F)F)cc2)c1OC,5.6777807052660805,BacillusAnthracis
118724628,CCCC1c2ccccc2C=NN1C(=O)/C=C/c1cc(Cc2cnc(N)nc2N)cc(OCc2ccc(F)cc2)c1OC,5.619788758288394,BacillusAnthracis
118724629,CCCC1c2ccccc2C=NN1C(=O)/C=C/c1cc(Cc2cnc(N)nc2N)cc(OCc2ccc(C(F)(F)F)cc2)c1OC,5.657577319177793,BacillusAnthracis
118724621,CCCC1c2ccccc2C=NN1C(=O)/C=C/c1cc(Cc2cnc(N)nc2N)cc(OC)c1OCc1ccccc1,7.835647144215563,BacillusAnthracis
118724622,CCCC1c2ccccc2C=NN1C(=O)/C=C/c1cc(Cc2cnc(N)nc2N)cc2c1OCO2,5.962573502059376,BacillusAnthracis
118724623,CCCOc1cc(Cc2cnc(N)nc2N)cc(/C=C/C(=O)N2N=Cc3ccccc3C2CCC)c1OC,7.835647144215563,BacillusAnthracis
118724624,CCCC1c2ccccc2C=NN1C(=O)/C=C/c1cc(Cc2cnc(N)nc2N)cc(OC(=O)c2ccccc2)c1OC,6.142667503568732,BacillusAnthracis
118724625,CCCC1c2ccccc2C=NN1C(=O)/C=C/c1cc(Cc2cnc(N)nc2N)cc(OC(=O)c2ccc(OC)cc2)c1OC,5.657577319177793,BacillusAnthracis
118724626,CCCC1c2ccccc2C=NN1C(=O)/C=C/c1cc(Cc2cnc(N)nc2N)cc(OC(=O)c2ccc([N+](=O)[O-])cc2)c1OC,6.585026652029182,BacillusAnthracis
118724627,CCCC1c2ccccc2C=NN1C(=O)/C=C/c1cc(Cc2cnc(N)nc2N)cc(OC(=O)c2ccc(OC(F)(F)F)cc2)c1OC,6.657577319177793,BacillusAnthracis
118724628,CCCC1c2ccccc2C=NN1C(=O)/C=C/c1cc(Cc2cnc(N)nc2N)cc(OCc2ccc(F)cc2)c1OC,5.619788758288394,BacillusAnthracis
118724629,CCCC1c2ccccc2C=NN1C(=O)/C=C/c1cc(Cc2cnc(N)nc2N)cc(OCc2ccc(C(F)(F)F)cc2)c1OC,6.154901959985743,BacillusAnthracis
44222621,O=C(Nc1ccc(Cl)cc1)C(Oc1cccc2ccccc12)C1CC1,6.795880017344075,BacillusAnthracis
44219886,O=C(Nc1ccc(Cl)cc1)C(Oc1cccc2ccccc12)c1ccccc1,5.619788758288394,BacillusAnthracis
44219887,CC(C)C(Oc1cccc2ccccc12)C(=O)Nc1ccc(Cl)cc1,6.920818753952375,BacillusAnthracis
71453700,C=C(C)c1cccc(C(C)(C)NC(=O)Nc2ccc(Cl)c(C(F)(F)F)c2)c1,8.096910013008056,BacillusAnthracis
46916983,CC(=O)c1cccc(CNC(=O)Nc2ccc(Cl)cc2)c1,5.920818753952375,BacillusAnthracis
46871956,C/C(=N\O)c1cccc(C(C)(C)NC(=O)Nc2ccc(Cl)c(C(F)(F)F)c2)c1,8.698970004336019,BacillusAnthracis
52589406,C[C@H](Oc1cccc(Cl)c1Cl)C(=O)Nc1cccc(NC(=O)c2ccncc2)c1,6.522878745280337,BacillusAnthracis
71662081,C[C@H](Oc1cccc(Cl)c1Cl)C(=O)Nc1ccc2oc(-c3ccncc3)nc2c1,8.0,BacillusAnthracis
71662588,C[C@H](C(=O)Nc1ccc2oc(-c3ccncc3)nc2c1)c1ccccc1,6.045757490560675,BacillusAnthracis
71662775,C[C@H](Nc1cccc(Cl)c1Cl)C(=O)Nc1ccc2oc(-c3ccncc3)nc2c1,8.301029995663981,BacillusAnthracis
71662779,C[C@H](Oc1cccc(Cl)c1Cl)C(=O)Nc1ccc2nc(-c3ccncc3)oc2c1,8.0,BacillusAnthracis
4951707,CC(Oc1ccc(-c2ccccc2)cc1)C(=O)Nc1ccc(Cl)cc1,6.823908740944319,BacillusAnthracis
1087303,O=C(COc1cccc2ccccc12)Nc1ccc(Br)cc1,6.119186407719209,BacillusAnthracis
89031591,C/C(=N\O)c1cccc(C(C)(C)NC(=O)Nc2ccc(Cl)c(Cl)c2)c1,7.022276394711152,BacillusAnthracis
72376513,C/C(=N\O)c1cccc(C(C)(C)NC(=O)Nc2ccc(Br)cc2)c1,8.397940008672037,BacillusAnthracis
87412768,C/C(=N\O)c1cccc(C(C)(C)NC(=O)Nc2ccc(Cl)c(C(=O)N3CCN(C)CC3)c2)c1,7.0,BacillusAnthracis
73296789,CC(Oc1cccc([N+](=O)[O-])c1Cl)C(=O)Nc1ccc2oc(-c3ccncc3)nc2c1,7.853871964321762,BacillusAnthracis
44222621,O=C(Nc1ccc(Cl)cc1)C(Oc1cccc2ccccc12)C1CC1,5.301029995663981,BacillusAnthracis
44219886,O=C(Nc1ccc(Cl)cc1)C(Oc1cccc2ccccc12)c1ccccc1,5.301029995663981,BacillusAnthracis
44219887,CC(C)C(Oc1cccc2ccccc12)C(=O)Nc1ccc(Cl)cc1,6.154901959985743,BacillusAnthracis
71453700,C=C(C)c1cccc(C(C)(C)NC(=O)Nc2ccc(Cl)c(C(F)(F)F)c2)c1,8.397940008672037,BacillusAnthracis
46916983,CC(=O)c1cccc(CNC(=O)Nc2ccc(Cl)cc2)c1,5.301029995663981,BacillusAnthracis
46871956,C/C(=N\O)c1cccc(C(C)(C)NC(=O)Nc2ccc(Cl)c(C(F)(F)F)c2)c1,9.0,BacillusAnthracis
52589406,C[C@H](Oc1cccc(Cl)c1Cl)C(=O)Nc1cccc(NC(=O)c2ccncc2)c1,5.301029995663981,BacillusAnthracis
71662081,C[C@H](Oc1cccc(Cl)c1Cl)C(=O)Nc1ccc2oc(-c3ccncc3)nc2c1,8.920818753952375,BacillusAnthracis
71662588,C[C@H](C(=O)Nc1ccc2oc(-c3ccncc3)nc2c1)c1ccccc1,5.301029995663981,BacillusAnthracis
71662775,C[C@H](Nc1cccc(Cl)c1Cl)C(=O)Nc1ccc2oc(-c3ccncc3)nc2c1,9.30102999566398,BacillusAnthracis
71662779,C[C@H](Oc1cccc(Cl)c1Cl)C(=O)Nc1ccc2nc(-c3ccncc3)oc2c1,9.221848749616356,BacillusAnthracis
4951707,CC(Oc1ccc(-c2ccccc2)cc1)C(=O)Nc1ccc(Cl)cc1,5.958607314841775,BacillusAnthracis
1087303,O=C(COc1cccc2ccccc12)Nc1ccc(Br)cc1,5.301029995663981,BacillusAnthracis
89031591,C/C(=N\O)c1cccc(C(C)(C)NC(=O)Nc2ccc(Cl)c(Cl)c2)c1,6.721246399047171,BacillusAnthracis
72376513,C/C(=N\O)c1cccc(C(C)(C)NC(=O)Nc2ccc(Br)cc2)c1,8.045757490560675,BacillusAnthracis
87412768,C/C(=N\O)c1cccc(C(C)(C)NC(=O)Nc2ccc(Cl)c(C(=O)N3CCN(C)CC3)c2)c1,6.481486060122113,BacillusAnthracis
73296789,CC(Oc1cccc([N+](=O)[O-])c1Cl)C(=O)Nc1ccc2oc(-c3ccncc3)nc2c1,7.309803919971486,BacillusAnthracis
44220271,C[C@@H](Oc1cc[n+]([O-])c2ccccc12)c1cn(-c2ccc(Cl)cc2)nn1,7.42021640338319,BacillusAnthracis
46898106,O=C(Cn1c(-c2ccccn2)nc2ccccc21)Nc1ccc2ccccc2c1,6.086186147616283,BacillusAnthracis
71460873,C/C(=N\O)c1cccc(C(C)(C)NC(=O)Nc2ccc(Cl)c(C(N)=O)c2)c1,8.823908740944319,BacillusAnthracis
71297189,C[C@H](Oc1cccc2ccccc12)C(=O)Nc1ccc2oc(-c3ccncc3)nc2c1,7.619788758288394,BacillusAnthracis
71552341,Cn1nc(CC(=O)Nc2ccc3oc4c(c3c2)CCCC4)c2ccccc2c1=O,7.920818753952375,BacillusAnthracis
72376513,C/C(=N\O)c1cccc(C(C)(C)NC(=O)Nc2ccc(Br)cc2)c1,7.318758762624412,BacillusAnthracis
44220271,C[C@@H](Oc1cc[n+]([O-])c2ccccc12)c1cn(-c2ccc(Cl)cc2)nn1,8.301029995663981,BacillusAnthracis
46898106,O=C(Cn1c(-c2ccccn2)nc2ccccc21)Nc1ccc2ccccc2c1,7.886056647693163,BacillusAnthracis
71460873,C/C(=N\O)c1cccc(C(C)(C)NC(=O)Nc2ccc(Cl)c(C(N)=O)c2)c1,8.698970004336019,BacillusAnthracis
71297189,C[C@H](Oc1cccc2ccccc12)C(=O)Nc1ccc2oc(-c3ccncc3)nc2c1,7.1938200260161125,BacillusAnthracis
71552341,Cn1nc(CC(=O)Nc2ccc3oc4c(c3c2)CCCC4)c2ccccc2c1=O,8.301029995663981,BacillusAnthracis
72376513,C/C(=N\O)c1cccc(C(C)(C)NC(=O)Nc2ccc(Br)cc2)c1,7.920818753952375,BacillusAnthracis
44220271,C[C@@H](Oc1cc[n+]([O-])c2ccccc12)c1cn(-c2ccc(Cl)cc2)nn1,6.0,BacillusAnthracis
118712460,C[C@@H](Oc1cccc2cnccc12)c1cn(-c2ccc(Cl)cc2)nn1,5.698970004336019,BacillusAnthracis
118712461,C/C(=N\O)c1cccc(C(C)(C)NC(=O)Nc2ccc(C(=O)N3CCOCC3)c(Cl)c2)c1,6.0,BacillusAnthracis
118712462,CCN(CC)C(=O)c1ccc(NC(=O)NC(C)(C)c2cccc(/C(C)=N/O)c2)cc1Cl,6.301029995663981,BacillusAnthracis
44220271,C[C@@H](Oc1cc[n+]([O-])c2ccccc12)c1cn(-c2ccc(Cl)cc2)nn1,5.096910013008056,BacillusAnthracis
118712460,C[C@@H](Oc1cccc2cnccc12)c1cn(-c2ccc(Cl)cc2)nn1,4.522878745280337,BacillusAnthracis
118712461,C/C(=N\O)c1cccc(C(C)(C)NC(=O)Nc2ccc(C(=O)N3CCOCC3)c(Cl)c2)c1,5.096910013008056,BacillusAnthracis
118712462,CCN(CC)C(=O)c1ccc(NC(=O)NC(C)(C)c2cccc(/C(C)=N/O)c2)cc1Cl,4.522878745280337,BacillusAnthracis
44220271,C[C@@H](Oc1cc[n+]([O-])c2ccccc12)c1cn(-c2ccc(Cl)cc2)nn1,5.7447274948966935,BacillusAnthracis
118712460,C[C@@H](Oc1cccc2cnccc12)c1cn(-c2ccc(Cl)cc2)nn1,5.1249387366083,BacillusAnthracis
118712461,C/C(=N\O)c1cccc(C(C)(C)NC(=O)Nc2ccc(C(=O)N3CCOCC3)c(Cl)c2)c1,5.42021640338319,BacillusAnthracis
118712462,CCN(CC)C(=O)c1ccc(NC(=O)NC(C)(C)c2cccc(/C(C)=N/O)c2)cc1Cl,6.045757490560675,BacillusAnthracis
44220271,C[C@@H](Oc1cc[n+]([O-])c2ccccc12)c1cn(-c2ccc(Cl)cc2)nn1,4.522878745280337,BacillusAnthracis
118712460,C[C@@H](Oc1cccc2cnccc12)c1cn(-c2ccc(Cl)cc2)nn1,4.522878745280337,BacillusAnthracis
118712461,C/C(=N\O)c1cccc(C(C)(C)NC(=O)Nc2ccc(C(=O)N3CCOCC3)c(Cl)c2)c1,5.1249387366083,BacillusAnthracis
118712462,CCN(CC)C(=O)c1ccc(NC(=O)NC(C)(C)c2cccc(/C(C)=N/O)c2)cc1Cl,4.522878745280337,BacillusAnthracis
44220271,C[C@@H](Oc1cc[n+]([O-])c2ccccc12)c1cn(-c2ccc(Cl)cc2)nn1,5.698970004336019,BacillusAnthracis
118712460,C[C@@H](Oc1cccc2cnccc12)c1cn(-c2ccc(Cl)cc2)nn1,5.096910013008056,BacillusAnthracis
118712461,C/C(=N\O)c1cccc(C(C)(C)NC(=O)Nc2ccc(C(=O)N3CCOCC3)c(Cl)c2)c1,5.698970004336019,BacillusAnthracis
118712462,CCN(CC)C(=O)c1ccc(NC(=O)NC(C)(C)c2cccc(/C(C)=N/O)c2)cc1Cl,5.3979400086720375,BacillusAnthracis
44220271,C[C@@H](Oc1cc[n+]([O-])c2ccccc12)c1cn(-c2ccc(Cl)cc2)nn1,4.795880017344075,BacillusAnthracis
118712460,C[C@@H](Oc1cccc2cnccc12)c1cn(-c2ccc(Cl)cc2)nn1,4.522878745280337,BacillusAnthracis
118712461,C/C(=N\O)c1cccc(C(C)(C)NC(=O)Nc2ccc(C(=O)N3CCOCC3)c(Cl)c2)c1,4.522878745280337,BacillusAnthracis
118712462,CCN(CC)C(=O)c1ccc(NC(=O)NC(C)(C)c2cccc(/C(C)=N/O)c2)cc1Cl,4.522878745280337,BacillusAnthracis
44220271,C[C@@H](Oc1cc[n+]([O-])c2ccccc12)c1cn(-c2ccc(Cl)cc2)nn1,5.1249387366083,BacillusAnthracis
118712460,C[C@@H](Oc1cccc2cnccc12)c1cn(-c2ccc(Cl)cc2)nn1,5.42021640338319,BacillusAnthracis
118712461,C/C(=N\O)c1cccc(C(C)(C)NC(=O)Nc2ccc(C(=O)N3CCOCC3)c(Cl)c2)c1,4.522878745280337,BacillusAnthracis
118712462,CCN(CC)C(=O)c1ccc(NC(=O)NC(C)(C)c2cccc(/C(C)=N/O)c2)cc1Cl,4.823908740944319,BacillusAnthracis
44220271,C[C@@H](Oc1cc[n+]([O-])c2ccccc12)c1cn(-c2ccc(Cl)cc2)nn1,8.301029995663981,BacillusAnthracis
71297189,C[C@H](Oc1cccc2ccccc12)C(=O)Nc1ccc2oc(-c3ccncc3)nc2c1,7.886056647693163,BacillusAnthracis
46898106,O=C(Cn1c(-c2ccccn2)nc2ccccc21)Nc1ccc2ccccc2c1,7.853871964321762,BacillusAnthracis
71460873,C/C(=N\O)c1cccc(C(C)(C)NC(=O)Nc2ccc(Cl)c(C(N)=O)c2)c1,8.221848749616356,BacillusAnthracis
71552341,Cn1nc(CC(=O)Nc2ccc3oc4c(c3c2)CCCC4)c2ccccc2c1=O,7.309803919971486,BacillusAnthracis
72376513,C/C(=N\O)c1cccc(C(C)(C)NC(=O)Nc2ccc(Br)cc2)c1,7.823908740944319,BacillusAnthracis
44220271,C[C@@H](Oc1cc[n+]([O-])c2ccccc12)c1cn(-c2ccc(Cl)cc2)nn1,7.236572006437063,BacillusAnthracis
46898106,O=C(Cn1c(-c2ccccn2)nc2ccccc21)Nc1ccc2ccccc2c1,7.356547323513813,BacillusAnthracis
71460873,C/C(=N\O)c1cccc(C(C)(C)NC(=O)Nc2ccc(Cl)c(C(N)=O)c2)c1,8.096910013008056,BacillusAnthracis
71297189,C[C@H](Oc1cccc2ccccc12)C(=O)Nc1ccc2oc(-c3ccncc3)nc2c1,7.769551078621726,BacillusAnthracis
71552341,Cn1nc(CC(=O)Nc2ccc3oc4c(c3c2)CCCC4)c2ccccc2c1=O,6.301029995663981,BacillusAnthracis
72376513,C/C(=N\O)c1cccc(C(C)(C)NC(=O)Nc2ccc(Br)cc2)c1,8.638272163982407,BacillusAnthracis
440005,NC(=NCCC[C@H](N)C(=O)O)N[N+](=O)[O-],5.87942606879415,BacillusAnthracis
123895,NC(=NCCC[C@H](N)C(=O)O)NO,5.494850021680094,BacillusAnthracis
49852670,Cc1cc(N)nc(CCc2cc(N)cc(CCc3cc(C)cc(N)n3)c2)c1,6.040958607678906,BacillusAnthracis
71260796,Cc1cc(N)nc(CCc2cc(CN)cc(CCc3cc(C)cc(N)n3)c2)c1,4.823908740944319,BacillusAnthracis
71304800,Cc1cc(N)nc(CCc2cc(CCCN)cc(CCc3cc(C)cc(N)n3)c2)c1,4.795880017344075,BacillusAnthracis
76325672,NC(=Nc1cccc(OCC(O)c2cccc(N=C(N)c3cccs3)c2)c1)c1cccs1,4.886056647693163,BacillusAnthracis
86346620,CNc1cc(C)cc(CCc2cc(C#N)cc(CCc3cc(C)cc(N)n3)c2)n1,4.920818753952375,BacillusAnthracis
86346621,Cc1cc(N)nc(CCc2cc(C#N)cc(NCCc3ccccn3)c2)c1,4.4089353929735005,BacillusAnthracis
86346622,Cc1cc(N)nc(CCc2cc(CN)cc(CCc3ccc4cc[nH]c4n3)c2)c1,5.0,BacillusAnthracis
440005,NC(=NCCC[C@H](N)C(=O)O)N[N+](=O)[O-],5.356547323513813,BacillusAnthracis
123895,NC(=NCCC[C@H](N)C(=O)O)NO,5.721246399047171,BacillusAnthracis
49852670,Cc1cc(N)nc(CCc2cc(N)cc(CCc3cc(C)cc(N)n3)c2)c1,5.721246399047171,BacillusAnthracis
71260796,Cc1cc(N)nc(CCc2cc(CN)cc(CCc3cc(C)cc(N)n3)c2)c1,4.327902142064283,BacillusAnthracis
71304800,Cc1cc(N)nc(CCc2cc(CCCN)cc(CCc3cc(C)cc(N)n3)c2)c1,4.721246399047171,BacillusAnthracis
76325672,NC(=Nc1cccc(OCC(O)c2cccc(N=C(N)c3cccs3)c2)c1)c1cccs1,4.096910013008056,BacillusAnthracis
86346620,CNc1cc(C)cc(CCc2cc(C#N)cc(CCc3cc(C)cc(N)n3)c2)n1,4.721246399047171,BacillusAnthracis
86346621,Cc1cc(N)nc(CCc2cc(C#N)cc(NCCc3ccccn3)c2)c1,4.468521082957745,BacillusAnthracis
86346622,Cc1cc(N)nc(CCc2cc(CN)cc(CCc3ccc4cc[nH]c4n3)c2)c1,4.920818753952375,BacillusAnthracis
49852670,Cc1cc(N)nc(CCc2cc(N)cc(CCc3cc(C)cc(N)n3)c2)c1,5.537602002101044,BacillusAnthracis
71260796,Cc1cc(N)nc(CCc2cc(CN)cc(CCc3cc(C)cc(N)n3)c2)c1,4.481486060122113,BacillusAnthracis
71304800,Cc1cc(N)nc(CCc2cc(CCCN)cc(CCc3cc(C)cc(N)n3)c2)c1,4.721246399047171,BacillusAnthracis
76325672,NC(=Nc1cccc(OCC(O)c2cccc(N=C(N)c3cccs3)c2)c1)c1cccs1,4.031517051446065,BacillusAnthracis
86346620,CNc1cc(C)cc(CCc2cc(C#N)cc(CCc3cc(C)cc(N)n3)c2)n1,5.214670164989233,BacillusAnthracis
86346621,Cc1cc(N)nc(CCc2cc(C#N)cc(NCCc3ccccn3)c2)c1,4.795880017344075,BacillusAnthracis
86346622,Cc1cc(N)nc(CCc2cc(CN)cc(CCc3ccc4cc[nH]c4n3)c2)c1,4.6777807052660805,BacillusAnthracis
49852670,Cc1cc(N)nc(CCc2cc(N)cc(CCc3cc(C)cc(N)n3)c2)c1,7.070581074285707,BacillusAnthracis
71260796,Cc1cc(N)nc(CCc2cc(CN)cc(CCc3cc(C)cc(N)n3)c2)c1,7.275724130399211,BacillusAnthracis
71304800,Cc1cc(N)nc(CCc2cc(CCCN)cc(CCc3cc(C)cc(N)n3)c2)c1,6.267606240177032,BacillusAnthracis
76325672,NC(=Nc1cccc(OCC(O)c2cccc(N=C(N)c3cccs3)c2)c1)c1cccs1,6.086716098239582,BacillusAnthracis
86346620,CNc1cc(C)cc(CCc2cc(C#N)cc(CCc3cc(C)cc(N)n3)c2)n1,6.707743928643524,BacillusAnthracis
86346621,Cc1cc(N)nc(CCc2cc(C#N)cc(NCCc3ccccn3)c2)c1,5.897223385116559,BacillusAnthracis
86346622,Cc1cc(N)nc(CCc2cc(CN)cc(CCc3ccc4cc[nH]c4n3)c2)c1,6.657577319177793,BacillusAnthracis
49852670,Cc1cc(N)nc(CCc2cc(N)cc(CCc3cc(C)cc(N)n3)c2)c1,5.305394801066432,BacillusAnthracis
71260796,Cc1cc(N)nc(CCc2cc(CN)cc(CCc3cc(C)cc(N)n3)c2)c1,4.931814138253839,BacillusAnthracis
71304800,Cc1cc(N)nc(CCc2cc(CCCN)cc(CCc3cc(C)cc(N)n3)c2)c1,4.91721462968355,BacillusAnthracis
76325672,NC(=Nc1cccc(OCC(O)c2cccc(N=C(N)c3cccs3)c2)c1)c1cccs1,4.995678626217358,BacillusAnthracis
86346620,CNc1cc(C)cc(CCc2cc(C#N)cc(CCc3cc(C)cc(N)n3)c2)n1,4.927897221114824,BacillusAnthracis
86346621,Cc1cc(N)nc(CCc2cc(C#N)cc(NCCc3ccccn3)c2)c1,5.80771138743188,BacillusAnthracis
86346622,Cc1cc(N)nc(CCc2cc(CN)cc(CCc3ccc4cc[nH]c4n3)c2)c1,4.277975174692061,BacillusAnthracis
49852670,Cc1cc(N)nc(CCc2cc(N)cc(CCc3cc(C)cc(N)n3)c2)c1,5.468521082957745,BacillusAnthracis
71260796,Cc1cc(N)nc(CCc2cc(CN)cc(CCc3cc(C)cc(N)n3)c2)c1,5.199970640755866,BacillusAnthracis
71304800,Cc1cc(N)nc(CCc2cc(CCCN)cc(CCc3cc(C)cc(N)n3)c2)c1,4.488116639021126,BacillusAnthracis
76325672,NC(=Nc1cccc(OCC(O)c2cccc(N=C(N)c3cccs3)c2)c1)c1cccs1,5.2839966563652006,BacillusAnthracis
86346620,CNc1cc(C)cc(CCc2cc(C#N)cc(CCc3cc(C)cc(N)n3)c2)n1,4.841336019186011,BacillusAnthracis
86346621,Cc1cc(N)nc(CCc2cc(C#N)cc(NCCc3ccccn3)c2)c1,4.894489815230026,BacillusAnthracis
86346622,Cc1cc(N)nc(CCc2cc(CN)cc(CCc3ccc4cc[nH]c4n3)c2)c1,5.148864004988426,BacillusAnthracis
9547899,Nc1c([N+](=O)[O-])ncn1[C@@H]1O[C@H](COP(=O)(O)O)[C@@H](O)[C@H]1O,9.468521082957745,BacillusAnthracis
9547899,Nc1c([N+](=O)[O-])ncn1[C@@H]1O[C@H](COP(=O)(O)O)[C@@H](O)[C@H]1O,6.301029995663981,BacillusAnthracis
5955,O=[N+]([O-])c1cc[n+]([O-])c2ccccc12,1.8860566476931635,BacillusAnthracis
3085092,CC[C@@H](C(=O)[C@@H](C)[C@@H](O)[C@H](C)[C@@H]1O[C@@H]([C@@H](CC)C(=O)O)CC[C@@H]1C)[C@H]1O[C@]2(C=C[C@@H](O)[C@]3(CC[C@@](C)([C@H]4CC[C@](O)(CC)[C@H](C)O4)O3)O2)[C@H](C)C[C@@H]1C,1.5086383061657274,BacillusAnthracis
118728094,CC[C@@H](C(=O)[C@@H](C)[C@@H](O)[C@H](C)[C@@H]1O[C@@H]([C@@H](CC)C(=O)N(CC)CC)CC[C@@H]1C)[C@H]1O[C@]2(C=C[C@@H](O)[C@]3(CC[C@@](C)([C@H]4CC[C@](O)(CC)[C@H](C)O4)O3)O2)[C@H](C)C[C@@H]1C,1.585026652029182,BacillusAnthracis
118728095,CCCN(CCC)C(=O)[C@H](CC)[C@H]1CC[C@H](C)[C@H]([C@@H](C)[C@H](O)[C@H](C)C(=O)[C@H](CC)[C@H]2O[C@]3(C=C[C@@H](O)[C@]4(CC[C@@](C)([C@H]5CC[C@](O)(CC)[C@H](C)O5)O4)O3)[C@H](C)C[C@@H]2C)O1,1.5528419686577808,BacillusAnthracis
118728096,CCCCN(CCCC)C(=O)[C@H](CC)[C@H]1CC[C@H](C)[C@H]([C@@H](C)[C@H](O)[C@H](C)C(=O)[C@H](CC)[C@H]2O[C@]3(C=C[C@@H](O)[C@]4(CC[C@@](C)([C@H]5CC[C@](O)(CC)[C@H](C)O5)O4)O3)[C@H](C)C[C@@H]2C)O1,1.537602002101044,BacillusAnthracis
118728098,CC[C@@H](C(=O)[C@@H](C)[C@@H](O)[C@H](C)[C@@H]1O[C@@H]([C@@H](CC)C(=O)N(CCOC)CCOC)CC[C@@H]1C)[C@H]1O[C@]2(C=C[C@@H](O)[C@]3(CC[C@@](C)([C@H]4CC[C@](O)(CC)[C@H](C)O4)O3)O2)[C@H](C)C[C@@H]1C,1.8860566476931635,BacillusAnthracis
118728099,CC[C@@H](C(=O)[C@@H](C)[C@@H](O)[C@H](C)[C@@H]1O[C@@H]([C@@H](CC)C(=O)N(CCO)CCO)CC[C@@H]1C)[C@H]1O[C@]2(C=C[C@@H](O)[C@]3(CC[C@@](C)([C@H]4CC[C@](O)(CC)[C@H](C)O4)O3)O2)[C@H](C)C[C@@H]1C,1.5528419686577808,BacillusAnthracis
118728101,CC[C@@H](C(=O)[C@@H](C)[C@@H](O)[C@H](C)[C@@H]1O[C@@H]([C@@H](CC)C(=O)N2CCNCC2)CC[C@@H]1C)[C@H]1O[C@]2(C=C[C@@H](O)[C@]3(CC[C@@](C)([C@H]4CC[C@](O)(CC)[C@H](C)O4)O3)O2)[C@H](C)C[C@@H]1C,1.853871964321762,BacillusAnthracis
118728102,CC[C@@H](C(=O)[C@@H](C)[C@@H](O)[C@H](C)[C@@H]1O[C@@H]([C@@H](CC)C(=O)N(Cc2ccccc2)Cc2ccccc2)CC[C@@H]1C)[C@H]1O[C@]2(C=C[C@@H](O)[C@]3(CC[C@@](C)([C@H]4CC[C@](O)(CC)[C@H](C)O4)O3)O2)[C@H](C)C[C@@H]1C,1.6777807052660807,BacillusAnthracis
5955,O=[N+]([O-])c1cc[n+]([O-])c2ccccc12,1.619788758288394,BacillusAnthracis
3085092,CC[C@@H](C(=O)[C@@H](C)[C@@H](O)[C@H](C)[C@@H]1O[C@@H]([C@@H](CC)C(=O)O)CC[C@@H]1C)[C@H]1O[C@]2(C=C[C@@H](O)[C@]3(CC[C@@](C)([C@H]4CC[C@](O)(CC)[C@H](C)O4)O3)O2)[C@H](C)C[C@@H]1C,1.494850021680094,BacillusAnthracis
118728094,CC[C@@H](C(=O)[C@@H](C)[C@@H](O)[C@H](C)[C@@H]1O[C@@H]([C@@H](CC)C(=O)N(CC)CC)CC[C@@H]1C)[C@H]1O[C@]2(C=C[C@@H](O)[C@]3(CC[C@@](C)([C@H]4CC[C@](O)(CC)[C@H](C)O4)O3)O2)[C@H](C)C[C@@H]1C,1.585026652029182,BacillusAnthracis
118728095,CCCN(CCC)C(=O)[C@H](CC)[C@H]1CC[C@H](C)[C@H]([C@@H](C)[C@H](O)[C@H](C)C(=O)[C@H](CC)[C@H]2O[C@]3(C=C[C@@H](O)[C@]4(CC[C@@](C)([C@H]5CC[C@](O)(CC)[C@H](C)O5)O4)O3)[C@H](C)C[C@@H]2C)O1,1.585026652029182,BacillusAnthracis
118728096,CCCCN(CCCC)C(=O)[C@H](CC)[C@H]1CC[C@H](C)[C@H]([C@@H](C)[C@H](O)[C@H](C)C(=O)[C@H](CC)[C@H]2O[C@]3(C=C[C@@H](O)[C@]4(CC[C@@](C)([C@H]5CC[C@](O)(CC)[C@H](C)O5)O4)O3)[C@H](C)C[C@@H]2C)O1,1.5228787452803376,BacillusAnthracis
118728098,CC[C@@H](C(=O)[C@@H](C)[C@@H](O)[C@H](C)[C@@H]1O[C@@H]([C@@H](CC)C(=O)N(CCOC)CCOC)CC[C@@H]1C)[C@H]1O[C@]2(C=C[C@@H](O)[C@]3(CC[C@@](C)([C@H]4CC[C@](O)(CC)[C@H](C)O4)O3)O2)[C@H](C)C[C@@H]1C,1.853871964321762,BacillusAnthracis
118728099,CC[C@@H](C(=O)[C@@H](C)[C@@H](O)[C@H](C)[C@@H]1O[C@@H]([C@@H](CC)C(=O)N(CCO)CCO)CC[C@@H]1C)[C@H]1O[C@]2(C=C[C@@H](O)[C@]3(CC[C@@](C)([C@H]4CC[C@](O)(CC)[C@H](C)O4)O3)O2)[C@H](C)C[C@@H]1C,1.537602002101044,BacillusAnthracis
118728101,CC[C@@H](C(=O)[C@@H](C)[C@@H](O)[C@H](C)[C@@H]1O[C@@H]([C@@H](CC)C(=O)N2CCNCC2)CC[C@@H]1C)[C@H]1O[C@]2(C=C[C@@H](O)[C@]3(CC[C@@](C)([C@H]4CC[C@](O)(CC)[C@H](C)O4)O3)O2)[C@H](C)C[C@@H]1C,1.853871964321762,BacillusAnthracis
118728102,CC[C@@H](C(=O)[C@@H](C)[C@@H](O)[C@H](C)[C@@H]1O[C@@H]([C@@H](CC)C(=O)N(Cc2ccccc2)Cc2ccccc2)CC[C@@H]1C)[C@H]1O[C@]2(C=C[C@@H](O)[C@]3(CC[C@@](C)([C@H]4CC[C@](O)(CC)[C@H](C)O4)O3)O2)[C@H](C)C[C@@H]1C,1.6989700043360187,BacillusAnthracis
54675769,CO[C@@H]1[C@@H](OC(N)=O)[C@@H](O)[C@H](Oc2ccc3c(O)c(NC(=O)c4ccc(O)c(CC=C(C)C)c4)c(=O)oc3c2C)OC1(C)C,5.920818753952375,BacillusAnthracis
3129554,CC(C)CCNCC(O)Cn1c2ccc(Cl)cc2c2cc(Cl)ccc21,5.6020599913279625,BacillusAnthracis
2802133,CC(C)(C)NCC(O)Cn1c2ccc(Cl)cc2c2cc(Cl)ccc21,4.3979400086720375,BacillusAnthracis
2851036,OC(CNC1CCCCC1)Cn1c2ccc(Cl)cc2c2cc(Cl)ccc21,5.6020599913279625,BacillusAnthracis
16451152,OCC(CO)(CO)NCC(O)Cn1c2ccc(Cl)cc2c2cc(Cl)ccc21,4.698970004336019,BacillusAnthracis
122178368,CC(C)CCNCCCn1c2ccc(Cl)cc2c2cc(Cl)ccc21,5.301029995663981,BacillusAnthracis
40549721,OCC(CO)(CO)NC[C@H](O)Cn1c2ccc(Cl)cc2c2cc(Cl)ccc21,4.698970004336019,BacillusAnthracis
40549719,OCC(CO)(CO)NC[C@@H](O)Cn1c2ccc(Cl)cc2c2cc(Cl)ccc21,4.698970004336019,BacillusAnthracis
16451151,OCC(CO)(CO)NCC(O)Cn1c2ccccc2c2ccccc21,4.096910013008056,BacillusAnthracis
122178369,OCC(CO)(CO)NCC(O)Cn1ccc2cc(Cl)ccc21,3.494850021680094,BacillusAnthracis
72714462,OCC(CO)NCC(O)Cn1c2ccc(Cl)cc2c2cc(Cl)ccc21,4.698970004336019,BacillusAnthracis
72714463,CCC(CC)NCC(O)Cn1c2ccc(Cl)cc2c2cc(Cl)ccc21,5.301029995663981,BacillusAnthracis
72714464,CCCCCNCC(O)Cn1c2ccc(Cl)cc2c2cc(Cl)ccc21,5.301029995663981,BacillusAnthracis
72714555,CCC(CC)CNCC(O)Cn1c2ccc(Cl)cc2c2cc(Cl)ccc21,5.6020599913279625,BacillusAnthracis
122178370,CC(CO)(CO)NCC(O)Cn1c2ccc(Cl)cc2c2cc(Cl)ccc21,4.3979400086720375,BacillusAnthracis
122178371,CCC(CO)(CO)NCC(O)Cn1c2ccc(Cl)cc2c2cc(Cl)ccc21,4.698970004336019,BacillusAnthracis
3129554,CC(C)CCNCC(O)Cn1c2ccc(Cl)cc2c2cc(Cl)ccc21,4.3979400086720375,BacillusAnthracis
2802133,CC(C)(C)NCC(O)Cn1c2ccc(Cl)cc2c2cc(Cl)ccc21,3.795880017344075,BacillusAnthracis
2851036,OC(CNC1CCCCC1)Cn1c2ccc(Cl)cc2c2cc(Cl)ccc21,4.3979400086720375,BacillusAnthracis
16451152,OCC(CO)(CO)NCC(O)Cn1c2ccc(Cl)cc2c2cc(Cl)ccc21,4.096910013008056,BacillusAnthracis
122178368,CC(C)CCNCCCn1c2ccc(Cl)cc2c2cc(Cl)ccc21,4.096910013008056,BacillusAnthracis
40549721,OCC(CO)(CO)NC[C@H](O)Cn1c2ccc(Cl)cc2c2cc(Cl)ccc21,4.096910013008056,BacillusAnthracis
40549719,OCC(CO)(CO)NC[C@@H](O)Cn1c2ccc(Cl)cc2c2cc(Cl)ccc21,4.096910013008056,BacillusAnthracis
16451151,OCC(CO)(CO)NCC(O)Cn1c2ccccc2c2ccccc21,3.494850021680094,BacillusAnthracis
122178369,OCC(CO)(CO)NCC(O)Cn1ccc2cc(Cl)ccc21,3.494850021680094,BacillusAnthracis
72714462,OCC(CO)NCC(O)Cn1c2ccc(Cl)cc2c2cc(Cl)ccc21,4.3979400086720375,BacillusAnthracis
72714463,CCC(CC)NCC(O)Cn1c2ccc(Cl)cc2c2cc(Cl)ccc21,4.096910013008056,BacillusAnthracis
72714464,CCCCCNCC(O)Cn1c2ccc(Cl)cc2c2cc(Cl)ccc21,4.096910013008056,BacillusAnthracis
72714555,CCC(CC)CNCC(O)Cn1c2ccc(Cl)cc2c2cc(Cl)ccc21,4.096910013008056,BacillusAnthracis
122178370,CC(CO)(CO)NCC(O)Cn1c2ccc(Cl)cc2c2cc(Cl)ccc21,4.096910013008056,BacillusAnthracis
122178371,CCC(CO)(CO)NCC(O)Cn1c2ccc(Cl)cc2c2cc(Cl)ccc21,3.795880017344075,BacillusAnthracis
3129554,CC(C)CCNCC(O)Cn1c2ccc(Cl)cc2c2cc(Cl)ccc21,5.204119982655925,BacillusAnthracis
2851036,OC(CNC1CCCCC1)Cn1c2ccc(Cl)cc2c2cc(Cl)ccc21,5.204119982655925,BacillusAnthracis
16451152,OCC(CO)(CO)NCC(O)Cn1c2ccc(Cl)cc2c2cc(Cl)ccc21,4.301029995663981,BacillusAnthracis
72714555,CCC(CC)CNCC(O)Cn1c2ccc(Cl)cc2c2cc(Cl)ccc21,5.204119982655925,BacillusAnthracis
3129554,CC(C)CCNCC(O)Cn1c2ccc(Cl)cc2c2cc(Cl)ccc21,4.301029995663981,BacillusAnthracis
2851036,OC(CNC1CCCCC1)Cn1c2ccc(Cl)cc2c2cc(Cl)ccc21,4.0,BacillusAnthracis
16451152,OCC(CO)(CO)NCC(O)Cn1c2ccc(Cl)cc2c2cc(Cl)ccc21,4.0,BacillusAnthracis
72714555,CCC(CC)CNCC(O)Cn1c2ccc(Cl)cc2c2cc(Cl)ccc21,3.6989700043360174,BacillusAnthracis
3129554,CC(C)CCNCC(O)Cn1c2ccc(Cl)cc2c2cc(Cl)ccc21,4.6020599913279625,BacillusAnthracis
2851036,OC(CNC1CCCCC1)Cn1c2ccc(Cl)cc2c2cc(Cl)ccc21,4.301029995663981,BacillusAnthracis
16451152,OCC(CO)(CO)NCC(O)Cn1c2ccc(Cl)cc2c2cc(Cl)ccc21,4.0,BacillusAnthracis
72714555,CCC(CC)CNCC(O)Cn1c2ccc(Cl)cc2c2cc(Cl)ccc21,4.6020599913279625,BacillusAnthracis
3129554,CC(C)CCNCC(O)Cn1c2ccc(Cl)cc2c2cc(Cl)ccc21,4.6020599913279625,BacillusAnthracis
2851036,OC(CNC1CCCCC1)Cn1c2ccc(Cl)cc2c2cc(Cl)ccc21,4.301029995663981,BacillusAnthracis
16451152,OCC(CO)(CO)NCC(O)Cn1c2ccc(Cl)cc2c2cc(Cl)ccc21,4.0,BacillusAnthracis
72714555,CCC(CC)CNCC(O)Cn1c2ccc(Cl)cc2c2cc(Cl)ccc21,4.903089986991944,BacillusAnthracis
3129554,CC(C)CCNCC(O)Cn1c2ccc(Cl)cc2c2cc(Cl)ccc21,4.301029995663981,BacillusAnthracis
2851036,OC(CNC1CCCCC1)Cn1c2ccc(Cl)cc2c2cc(Cl)ccc21,3.6989700043360174,BacillusAnthracis
16451152,OCC(CO)(CO)NCC(O)Cn1c2ccc(Cl)cc2c2cc(Cl)ccc21,3.6989700043360174,BacillusAnthracis
72714555,CCC(CC)CNCC(O)Cn1c2ccc(Cl)cc2c2cc(Cl)ccc21,3.6989700043360174,BacillusAnthracis
3129554,CC(C)CCNCC(O)Cn1c2ccc(Cl)cc2c2cc(Cl)ccc21,4.301029995663981,BacillusAnthracis
2851036,OC(CNC1CCCCC1)Cn1c2ccc(Cl)cc2c2cc(Cl)ccc21,3.6989700043360174,BacillusAnthracis
16451152,OCC(CO)(CO)NCC(O)Cn1c2ccc(Cl)cc2c2cc(Cl)ccc21,3.6989700043360174,BacillusAnthracis
72714555,CCC(CC)CNCC(O)Cn1c2ccc(Cl)cc2c2cc(Cl)ccc21,3.6989700043360174,BacillusAnthracis
3129554,CC(C)CCNCC(O)Cn1c2ccc(Cl)cc2c2cc(Cl)ccc21,4.903089986991944,BacillusAnthracis
2851036,OC(CNC1CCCCC1)Cn1c2ccc(Cl)cc2c2cc(Cl)ccc21,4.6020599913279625,BacillusAnthracis
16451152,OCC(CO)(CO)NCC(O)Cn1c2ccc(Cl)cc2c2cc(Cl)ccc21,3.6989700043360174,BacillusAnthracis
72714555,CCC(CC)CNCC(O)Cn1c2ccc(Cl)cc2c2cc(Cl)ccc21,4.6020599913279625,BacillusAnthracis
3129554,CC(C)CCNCC(O)Cn1c2ccc(Cl)cc2c2cc(Cl)ccc21,4.301029995663981,BacillusAnthracis
2851036,OC(CNC1CCCCC1)Cn1c2ccc(Cl)cc2c2cc(Cl)ccc21,3.6989700043360174,BacillusAnthracis
16451152,OCC(CO)(CO)NCC(O)Cn1c2ccc(Cl)cc2c2cc(Cl)ccc21,3.6989700043360174,BacillusAnthracis
72714555,CCC(CC)CNCC(O)Cn1c2ccc(Cl)cc2c2cc(Cl)ccc21,3.6989700043360174,BacillusAnthracis
3129554,CC(C)CCNCC(O)Cn1c2ccc(Cl)cc2c2cc(Cl)ccc21,5.301029995663981,BacillusAnthracis
2851036,OC(CNC1CCCCC1)Cn1c2ccc(Cl)cc2c2cc(Cl)ccc21,5.301029995663981,BacillusAnthracis
16451152,OCC(CO)(CO)NCC(O)Cn1c2ccc(Cl)cc2c2cc(Cl)ccc21,4.3979400086720375,BacillusAnthracis
72714555,CCC(CC)CNCC(O)Cn1c2ccc(Cl)cc2c2cc(Cl)ccc21,5.301029995663981,BacillusAnthracis
3129554,CC(C)CCNCC(O)Cn1c2ccc(Cl)cc2c2cc(Cl)ccc21,5.0,BacillusAnthracis
3129554,CC(C)CCNCC(O)Cn1c2ccc(Cl)cc2c2cc(Cl)ccc21,5.301029995663981,BacillusAnthracis
2851036,OC(CNC1CCCCC1)Cn1c2ccc(Cl)cc2c2cc(Cl)ccc21,5.0,BacillusAnthracis
2851036,OC(CNC1CCCCC1)Cn1c2ccc(Cl)cc2c2cc(Cl)ccc21,5.6020599913279625,BacillusAnthracis
40549721,OCC(CO)(CO)NC[C@H](O)Cn1c2ccc(Cl)cc2c2cc(Cl)ccc21,3.769551078621726,BacillusAnthracis
40549721,OCC(CO)(CO)NC[C@H](O)Cn1c2ccc(Cl)cc2c2cc(Cl)ccc21,4.070581074285707,BacillusAnthracis
3129554,CC(C)CCNCC(O)Cn1c2ccc(Cl)cc2c2cc(Cl)ccc21,5.301029995663981,BacillusAnthracis
3129554,CC(C)CCNCC(O)Cn1c2ccc(Cl)cc2c2cc(Cl)ccc21,5.301029995663981,BacillusAnthracis
2851036,OC(CNC1CCCCC1)Cn1c2ccc(Cl)cc2c2cc(Cl)ccc21,5.0,BacillusAnthracis
2851036,OC(CNC1CCCCC1)Cn1c2ccc(Cl)cc2c2cc(Cl)ccc21,5.301029995663981,BacillusAnthracis
40549721,OCC(CO)(CO)NC[C@H](O)Cn1c2ccc(Cl)cc2c2cc(Cl)ccc21,4.376750709602099,BacillusAnthracis
40549721,OCC(CO)(CO)NC[C@H](O)Cn1c2ccc(Cl)cc2c2cc(Cl)ccc21,4.376750709602099,BacillusAnthracis
3129554,CC(C)CCNCC(O)Cn1c2ccc(Cl)cc2c2cc(Cl)ccc21,4.376750709602099,BacillusAnthracis
3129554,CC(C)CCNCC(O)Cn1c2ccc(Cl)cc2c2cc(Cl)ccc21,4.6777807052660805,BacillusAnthracis
2851036,OC(CNC1CCCCC1)Cn1c2ccc(Cl)cc2c2cc(Cl)ccc21,4.086186147616283,BacillusAnthracis
2851036,OC(CNC1CCCCC1)Cn1c2ccc(Cl)cc2c2cc(Cl)ccc21,4.6777807052660805,BacillusAnthracis
40549721,OCC(CO)(CO)NC[C@H](O)Cn1c2ccc(Cl)cc2c2cc(Cl)ccc21,3.769551078621726,BacillusAnthracis
40549721,OCC(CO)(CO)NC[C@H](O)Cn1c2ccc(Cl)cc2c2cc(Cl)ccc21,3.769551078621726,BacillusAnthracis
3129554,CC(C)CCNCC(O)Cn1c2ccc(Cl)cc2c2cc(Cl)ccc21,4.376750709602099,BacillusAnthracis
3129554,CC(C)CCNCC(O)Cn1c2ccc(Cl)cc2c2cc(Cl)ccc21,4.6777807052660805,BacillusAnthracis
2851036,OC(CNC1CCCCC1)Cn1c2ccc(Cl)cc2c2cc(Cl)ccc21,4.086186147616283,BacillusAnthracis
2851036,OC(CNC1CCCCC1)Cn1c2ccc(Cl)cc2c2cc(Cl)ccc21,4.3872161432802645,BacillusAnthracis
40549721,OCC(CO)(CO)NC[C@H](O)Cn1c2ccc(Cl)cc2c2cc(Cl)ccc21,3.769551078621726,BacillusAnthracis
40549721,OCC(CO)(CO)NC[C@H](O)Cn1c2ccc(Cl)cc2c2cc(Cl)ccc21,3.769551078621726,BacillusAnthracis
3129554,CC(C)CCNCC(O)Cn1c2ccc(Cl)cc2c2cc(Cl)ccc21,3.769551078621726,BacillusAnthracis
3129554,CC(C)CCNCC(O)Cn1c2ccc(Cl)cc2c2cc(Cl)ccc21,3.769551078621726,BacillusAnthracis
2851036,OC(CNC1CCCCC1)Cn1c2ccc(Cl)cc2c2cc(Cl)ccc21,3.785156151952302,BacillusAnthracis
2851036,OC(CNC1CCCCC1)Cn1c2ccc(Cl)cc2c2cc(Cl)ccc21,3.785156151952302,BacillusAnthracis
40549721,OCC(CO)(CO)NC[C@H](O)Cn1c2ccc(Cl)cc2c2cc(Cl)ccc21,3.769551078621726,BacillusAnthracis
40549721,OCC(CO)(CO)NC[C@H](O)Cn1c2ccc(Cl)cc2c2cc(Cl)ccc21,3.769551078621726,BacillusAnthracis
54675769,CO[C@@H]1[C@@H](OC(N)=O)[C@@H](O)[C@H](Oc2ccc3c(O)c(NC(=O)c4ccc(O)c(CC=C(C)C)c4)c(=O)oc3c2C)OC1(C)C,3.494850021680094,BacillusAnthracis
6249,CC1(C)S[C@@H]2[C@H](NC(=O)[C@H](N)c3ccccc3)C(=O)N2[C@H]1C(=O)O,5.0,BacillusAnthracis
6032,NC[C@H]1O[C@H](O[C@H]2[C@H](O)[C@@H](O[C@H]3O[C@H](CO)[C@@H](O)[C@H](N)[C@H]3O)[C@H](N)C[C@@H]2N)[C@H](O)[C@@H](O)[C@@H]1O,5.0,BacillusAnthracis
6249,CC1(C)S[C@@H]2[C@H](NC(=O)[C@H](N)c3ccccc3)C(=O)N2[C@H]1C(=O)O,6.0,BacillusAnthracis
6032,NC[C@H]1O[C@H](O[C@H]2[C@H](O)[C@@H](O[C@H]3O[C@H](CO)[C@@H](O)[C@H](N)[C@H]3O)[C@H](N)C[C@@H]2N)[C@H](O)[C@@H](O)[C@@H]1O,5.6020599913279625,BacillusAnthracis
6539679,Cc1cc(S(=O)(=O)N[C@H](C)C(=O)NO)ccc1F,6.301029995663981,BacillusAnthracis
92044070,Cc1cc(S(=O)(=O)N(C)[C@H](C)C(=O)NO)ccc1F,5.017728766960431,BacillusAnthracis
122196479,Cc1cc(S(=O)(=O)N(Cc2cc(F)cc(F)c2)[C@H](C)C(=O)NO)ccc1F,5.154901959985743,BacillusAnthracis
122196480,Cc1cc(S(=O)(=O)N(Cc2ccc(F)cc2)[C@H](C)C(=O)NO)ccc1F,4.958607314841775,BacillusAnthracis
122196481,Cc1cc(S(=O)(=O)N(Cc2ccccc2F)[C@H](C)C(=O)NO)ccc1F,5.022276394711152,BacillusAnthracis
122196482,Cc1cc(S(=O)(=O)N(Cc2c(F)cccc2F)[C@H](C)C(=O)NO)ccc1F,4.886056647693163,BacillusAnthracis
122196483,Cc1cc(S(=O)(=O)N(CCOCc2ccccc2)[C@H](C)C(=O)NO)ccc1F,4.853871964321762,BacillusAnthracis
122196484,Cc1cc(S(=O)(=O)N(Cc2ccc(CNC(=O)OC(C)(C)C)cc2)[C@H](C)C(=O)NO)ccc1F,5.468521082957745,BacillusAnthracis
122196485,Cc1cc(S(=O)(=O)N(Cc2ccc(CCNC(=O)OC(C)(C)C)cc2)[C@H](C)C(=O)NO)ccc1F,5.6777807052660805,BacillusAnthracis
122196486,Cc1cc(S(=O)(=O)N(CCCCCCCC(=O)OC(C)(C)C)[C@H](C)C(=O)NO)ccc1F,5.494850021680094,BacillusAnthracis
122196487,Cc1cc(S(=O)(=O)N(C(C)C)[C@H](C)C(=O)NO)ccc1F,4.0,BacillusAnthracis
122196488,Cc1cc(S(=O)(=O)N(Cc2ccc(N)cc2)[C@H](C)C(=O)NO)ccc1F,5.1938200260161125,BacillusAnthracis
122196489,Cc1cc(S(=O)(=O)N(Cc2cccc(CN)c2)[C@H](C)C(=O)NO)ccc1F.Cl,5.769551078621726,BacillusAnthracis
122196490,Cc1cc(S(=O)(=O)N(Cc2ccc(CCN)cc2)[C@H](C)C(=O)NO)ccc1F.Cl,5.920818753952375,BacillusAnthracis
122196492,Cc1cc(S(=O)(=O)N(CCCCCCN)[C@H](C)C(=O)NO)ccc1F.Cl,5.958607314841775,BacillusAnthracis
122196494,Cc1cc(S(=O)(=O)N(CCCCCN)[C@H](C)C(=O)NO)ccc1F.O=C(O)C(F)(F)F,5.886056647693163,BacillusAnthracis
122196496,Cc1cc(S(=O)(=O)N(CCCCN)[C@H](C)C(=O)NO)ccc1F.O=C(O)C(F)(F)F,5.7447274948966935,BacillusAnthracis
122196498,Cc1cc(S(=O)(=O)N(CCCN)[C@H](C)C(=O)NO)ccc1F.O=C(O)C(F)(F)F,5.431798275933005,BacillusAnthracis
122196500,Cc1cc(S(=O)(=O)N(CCCCCCCC(=O)O)[C@H](C)C(=O)NO)ccc1F,4.327902142064283,BacillusAnthracis
122196501,CC(=O)NCc1ccc(CN([C@H](C)C(=O)NO)S(=O)(=O)c2ccc(F)c(C)c2)cc1,5.455931955649724,BacillusAnthracis
122196502,CC(=O)NCc1cccc(CN([C@H](C)C(=O)NO)S(=O)(=O)c2ccc(F)c(C)c2)c1,5.327902142064283,BacillusAnthracis
122196503,CC(=O)NCCc1ccc(CN([C@H](C)C(=O)NO)S(=O)(=O)c2ccc(F)c(C)c2)cc1,5.494850021680094,BacillusAnthracis
122196504,CC(=O)NCCCCCCN([C@H](C)C(=O)NO)S(=O)(=O)c1ccc(F)c(C)c1,5.4089353929735005,BacillusAnthracis
122196505,CC(=O)NCCCCCN([C@H](C)C(=O)NO)S(=O)(=O)c1ccc(F)c(C)c1,5.366531544420414,BacillusAnthracis
122196506,CC(=O)NCCCN([C@H](C)C(=O)NO)S(=O)(=O)c1ccc(F)c(C)c1,4.522878745280337,BacillusAnthracis
122196507,CNC(=O)CCCCCCCN([C@H](C)C(=O)NO)S(=O)(=O)c1ccc(F)c(C)c1,5.031517051446065,BacillusAnthracis
122196508,CC(=O)Nc1cccc(CN([C@H](C)C(=O)NO)S(=O)(=O)c2ccc(F)c(C)c2)c1,5.318758762624412,BacillusAnthracis
122196509,Cc1cc(S(=O)(=O)N(Cc2ccc(CN)cc2)[C@H](C)C(=O)NO)ccc1F.Cl,5.886056647693163,BacillusAnthracis
6539679,Cc1cc(S(=O)(=O)N[C@H](C)C(=O)NO)ccc1F,5.795880017344075,BacillusAnthracis
92044070,Cc1cc(S(=O)(=O)N(C)[C@H](C)C(=O)NO)ccc1F,4.431798275933005,BacillusAnthracis
122196479,Cc1cc(S(=O)(=O)N(Cc2cc(F)cc(F)c2)[C@H](C)C(=O)NO)ccc1F,4.585026652029182,BacillusAnthracis
122196480,Cc1cc(S(=O)(=O)N(Cc2ccc(F)cc2)[C@H](C)C(=O)NO)ccc1F,4.537602002101044,BacillusAnthracis
122196481,Cc1cc(S(=O)(=O)N(Cc2ccccc2F)[C@H](C)C(=O)NO)ccc1F,4.481486060122113,BacillusAnthracis
122196482,Cc1cc(S(=O)(=O)N(Cc2c(F)cccc2F)[C@H](C)C(=O)NO)ccc1F,4.376750709602099,BacillusAnthracis
122196483,Cc1cc(S(=O)(=O)N(CCOCc2ccccc2)[C@H](C)C(=O)NO)ccc1F,4.2441251443275085,BacillusAnthracis
122196484,Cc1cc(S(=O)(=O)N(Cc2ccc(CNC(=O)OC(C)(C)C)cc2)[C@H](C)C(=O)NO)ccc1F,4.823908740944319,BacillusAnthracis
122196485,Cc1cc(S(=O)(=O)N(Cc2ccc(CCNC(=O)OC(C)(C)C)cc2)[C@H](C)C(=O)NO)ccc1F,5.161150909262744,BacillusAnthracis
122196486,Cc1cc(S(=O)(=O)N(CCCCCCCC(=O)OC(C)(C)C)[C@H](C)C(=O)NO)ccc1F,5.096910013008056,BacillusAnthracis
122196487,Cc1cc(S(=O)(=O)N(C(C)C)[C@H](C)C(=O)NO)ccc1F,4.0,BacillusAnthracis
122196488,Cc1cc(S(=O)(=O)N(Cc2ccc(N)cc2)[C@H](C)C(=O)NO)ccc1F,4.537602002101044,BacillusAnthracis
122196489,Cc1cc(S(=O)(=O)N(Cc2cccc(CN)c2)[C@H](C)C(=O)NO)ccc1F.Cl,5.0,BacillusAnthracis
122196490,Cc1cc(S(=O)(=O)N(Cc2ccc(CCN)cc2)[C@H](C)C(=O)NO)ccc1F.Cl,5.050609993355087,BacillusAnthracis
122196492,Cc1cc(S(=O)(=O)N(CCCCCCN)[C@H](C)C(=O)NO)ccc1F.Cl,5.356547323513813,BacillusAnthracis
122196494,Cc1cc(S(=O)(=O)N(CCCCCN)[C@H](C)C(=O)NO)ccc1F.O=C(O)C(F)(F)F,5.086186147616283,BacillusAnthracis
122196496,Cc1cc(S(=O)(=O)N(CCCCN)[C@H](C)C(=O)NO)ccc1F.O=C(O)C(F)(F)F,5.130768280269024,BacillusAnthracis
122196498,Cc1cc(S(=O)(=O)N(CCCN)[C@H](C)C(=O)NO)ccc1F.O=C(O)C(F)(F)F,4.920818753952375,BacillusAnthracis
122196500,Cc1cc(S(=O)(=O)N(CCCCCCCC(=O)O)[C@H](C)C(=O)NO)ccc1F,4.040958607678906,BacillusAnthracis
122196501,CC(=O)NCc1ccc(CN([C@H](C)C(=O)NO)S(=O)(=O)c2ccc(F)c(C)c2)cc1,4.795880017344075,BacillusAnthracis
122196502,CC(=O)NCc1cccc(CN([C@H](C)C(=O)NO)S(=O)(=O)c2ccc(F)c(C)c2)c1,4.823908740944319,BacillusAnthracis
122196503,CC(=O)NCCc1ccc(CN([C@H](C)C(=O)NO)S(=O)(=O)c2ccc(F)c(C)c2)cc1,4.769551078621726,BacillusAnthracis
122196504,CC(=O)NCCCCCCN([C@H](C)C(=O)NO)S(=O)(=O)c1ccc(F)c(C)c1,4.853871964321762,BacillusAnthracis
122196505,CC(=O)NCCCCCN([C@H](C)C(=O)NO)S(=O)(=O)c1ccc(F)c(C)c1,4.721246399047171,BacillusAnthracis
122196506,CC(=O)NCCCN([C@H](C)C(=O)NO)S(=O)(=O)c1ccc(F)c(C)c1,3.9318141382538383,BacillusAnthracis
122196507,CNC(=O)CCCCCCCN([C@H](C)C(=O)NO)S(=O)(=O)c1ccc(F)c(C)c1,4.721246399047171,BacillusAnthracis
122196508,CC(=O)Nc1cccc(CN([C@H](C)C(=O)NO)S(=O)(=O)c2ccc(F)c(C)c2)c1,4.6777807052660805,BacillusAnthracis
122196509,Cc1cc(S(=O)(=O)N(Cc2ccc(CN)cc2)[C@H](C)C(=O)NO)ccc1F.Cl,5.251811972993799,BacillusAnthracis
408257,CN(C)CCC(=O)c1cccs1,5.318758762624412,BacillusAnthracis
432139,CN(C)CCC(=O)c1ccc(Cl)c(Cl)c1,5.251811972993799,BacillusAnthracis
18909,Oc1cc(Cl)c(Cl)cc1O,3.739928612014925,BacillusAnthracis
161500,Nc1cncn1[C@@H]1O[C@H](COP(=O)(O)O)[C@@H](O)[C@H]1O,3.54821356447571,BacillusAnthracis
893488,CCOc1cc(CO)c(Br)cc1OC,3.4353339357479107,BacillusAnthracis
17190902,Cc1cnc(NC(=O)c2ccoc2C)s1,4.402304814074488,BacillusAnthracis
4797200,Cc1cc(C(=O)Nc2cccc(F)c2)no1,4.020451625295905,BacillusAnthracis
970600,CCOc1ccccc1C(=S)N1CCOCC1,4.210419287835575,BacillusAnthracis
127036208,Cc1ccc(C(=S)c2nnns2)cc1,4.089909454405932,BacillusAnthracis
914984,NC(=S)N1CCc2ccccc21,4.447331783887807,BacillusAnthracis
14023166,Nc1nn2c(-c3ccccc3)nnc2s1,3.218963061378868,BacillusAnthracis
25220799,NCc1cc(-c2ccccc2Cl)on1,3.39577394691553,BacillusAnthracis
17217990,CCc1ccc(C(=O)Nc2nncs2)s1,4.703334809738469,BacillusAnthracis
2756469,COc1ccc(-c2cc(N)n[nH]2)cc1,3.669586226650809,BacillusAnthracis
599939,COc1ccc2ncc(N)cc2c1,4.131943638176958,BacillusAnthracis
1820,O=C(O)c1cc2cc(F)ccc2[nH]1,3.630784142589857,BacillusAnthracis
72,O=C(O)c1ccc(O)c(O)c1,3.562249437179612,BacillusAnthracis
73742,Nc1nccc2ccccc12,3.521433504406157,BacillusAnthracis
18909,Oc1cc(Cl)c(Cl)cc1O,3.987162775294828,BacillusAnthracis
893488,CCOc1cc(CO)c(Br)cc1OC,3.8041003475907664,BacillusAnthracis
17190902,Cc1cnc(NC(=O)c2ccoc2C)s1,4.692503962086787,BacillusAnthracis
4797200,Cc1cc(C(=O)Nc2cccc(F)c2)no1,4.09799710864927,BacillusAnthracis
23009451,Cc1ccc(C(N)c2ccncc2)cc1,3.1505805862031004,BacillusAnthracis
970600,CCOc1ccccc1C(=S)N1CCOCC1,4.136677139879544,BacillusAnthracis
127036208,Cc1ccc(C(=S)c2nnns2)cc1,4.216096420727265,BacillusAnthracis
914984,NC(=S)N1CCc2ccccc21,4.452225294612178,BacillusAnthracis
14023166,Nc1nn2c(-c3ccccc3)nnc2s1,3.9172146296835497,BacillusAnthracis
25220799,NCc1cc(-c2ccccc2Cl)on1,3.3526170298853804,BacillusAnthracis
17217990,CCc1ccc(C(=O)Nc2nncs2)s1,4.8696662315049934,BacillusAnthracis
2756469,COc1ccc(-c2cc(N)n[nH]2)cc1,3.826813731587726,BacillusAnthracis
599939,COc1ccc2ncc(N)cc2c1,3.583359492661719,BacillusAnthracis
9547899,Nc1c([N+](=O)[O-])ncn1[C@@H]1O[C@H](COP(=O)(O)O)[C@@H](O)[C@H]1O,7.0655015487564325,BacillusAnthracis
72,O=C(O)c1ccc(O)c(O)c1,2.920818753952376,BacillusAnthracis
52897276,CC1(C)C(=O)C=C[C@]2(C)[C@H]3CC[C@@]4(C)[C@H](c5ccoc5)OC(=O)[C@H]5O[C@]54[C@]3(C)C=C[C@@H]12,5.301029995663981,BacillusAnthracis
5475,CCN(CC)CCOc1ccc2c(c1)C(=O)c1cc(OCCN(CC)CC)ccc1-2,5.1487416512809245,BacillusAnthracis
5118250,COc1ccc(C2CC(=O)c3c(O)cc(O)cc3O2)cc1,3.0,BacillusAnthracis
127043363,O=C1CC(c2ccc(F)c(F)c2)Oc2cc(O)cc(O)c21,4.204119982655925,BacillusAnthracis
53354549,O=C1CC(c2ccc(Cl)c(Cl)c2)Oc2cc(O)cc(O)c21,4.505149978319906,BacillusAnthracis
85594210,O=C1CC(c2ccc(F)cc2)Oc2cc(O)cc(O)c21,3.903089986991944,BacillusAnthracis
127044766,O=C1CC(c2cc(F)c(F)c(F)c2)Oc2cc(O)cc(O)c21,3.0,BacillusAnthracis
127044767,O=C1CC(c2ccc(Cl)c(F)c2)Oc2cc(O)cc(O)c21,4.204119982655925,BacillusAnthracis
5258991,O=C1CC(c2cc(O)c(O)c(O)c2)Oc2cc(O)cc(O)c21,3.0,BacillusAnthracis
54671203,C[C@H]1c2cccc(O)c2C(O)=C2C(=O)[C@]3(O)C(O)=C(C(N)=O)C(=O)[C@@H](N(C)C)[C@@H]3[C@@H](O)[C@@H]21,6.060480747381382,BacillusAnthracis
127048566,CC(=O)NCC(=O)N[C@@H](Cc1ccccc1)C(=O)NC1(C(=O)NCC(=O)NC2(C(=O)N[C@@H](CCCNC(=N)N)C(=O)NC3(C(=O)NCC(=O)NC4(C(=O)N[C@@H](Cc5ccccc5)C(=O)NC5(C(=O)NCC(=O)NC6(C(=O)NCC(=O)N[C@@H](CCCNC(=N)N)C(=O)NC7(C(=O)N[C@@H](CCCNC(=N)N)C(=O)N[C@@H](CCCNC(=N)N)C(=O)N[C@@H](CCCNC(=N)N)C(=O)N[C@@H](CCCNC(=N)N)C(N)=O)CCCC7)CCCC6)CCCC5)CCCC4)CCCC3)CCCC2)CCCC1,5.576754126063192,BacillusAnthracis
127048578,CC(=O)NCC(=O)N[C@@H](Cc1ccccc1)C(=O)NC1(C(=O)NCC(=O)NC2(C(=O)N[C@@H](CCCCN)C(=O)N[C@@H](CCCCN)C(=O)NC3(C(=O)NCC(=O)NC4(C(=O)N[C@@H](Cc5ccccc5)C(=O)NC5(C(=O)NCC(=O)NC6(C(=O)NCC(=O)N[C@@H](CCCCN)C(=O)N[C@@H](CCCCN)C(=O)NC7(C(=O)N[C@@H](CCCCN)C(=O)N[C@@H](CCCCN)C(=O)N[C@@H](CCCCN)C(=O)N[C@@H](CCCCN)C(N)=O)CCCCC7)CCCCC6)CCCCC5)CCCCC4)CCCCC3)CCCCC2)CCCCC1,5.609064892896621,BacillusAnthracis
127048903,CC(=O)N[C@@H](CCCCN)C(=O)N[C@@H](CCCCN)C(=O)N[C@@H](CCCCN)C(=O)N[C@@H](CCCCN)C(=O)NCC(=O)N[C@@H](Cc1ccccc1)C(=O)NC1(C(=O)NCC(=O)NC2(C(=O)N[C@@H](CCCCN)C(=O)NC3(C(=O)NCC(=O)NC4(C(=O)N[C@@H](Cc5ccccc5)C(=O)NC5(C(=O)NCC(=O)NC6(C(=O)NCC(=O)N[C@@H](CCCCN)C(=O)NC7(C(N)=O)CCCCC7)CCCCC6)CCCCC5)CCCCC4)CCCCC3)CCCCC2)CCCCC1,5.863279432843593,BacillusAnthracis
127049566,CC(=O)NCC(=O)N[C@@H](Cc1ccccc1)C(=O)NC1(C(=O)NCC(=O)NC2(C(=O)NC(CN)C(=O)NC3(C(=O)NCC(=O)NC4(C(=O)N[C@@H](Cc5ccccc5)C(=O)NC5(C(=O)NCC(=O)NC6(C(=O)NCC(=O)NC(CN)C(=O)NC7(C(=O)NC(CN)C(=O)NC(CN)C(=O)NC(CN)C(=O)NC(CN)C(N)=O)CCCCC7)CCCCC6)CCCCC5)CCCCC4)CCCCC3)CCCCC2)CCCCC1,5.210419287835575,BacillusAnthracis
127049890,CC(=O)NCC(=O)N[C@@H](Cc1ccccc1)C(=O)NC1(C(=O)NCC(=O)NC2(C(=O)N[C@@H](CCCNC(=N)N)C(=O)NC3(C(=O)NCC(=O)NC4(C(=O)N[C@@H](Cc5ccccc5)C(=O)NC5(C(=O)NCC(=O)NC6(C(=O)NCC(=O)N[C@@H](CCCNC(=N)N)C(=O)NC7(C(=O)N[C@@H](CCCNC(=N)N)C(=O)N[C@@H](CCCNC(=N)N)C(=O)N[C@@H](CCCNC(=N)N)C(=O)N[C@@H](CCCNC(=N)N)C(N)=O)CCCCC7)CCCCC6)CCCCC5)CCCCC4)CCCCC3)CCCCC2)CCCCC1,5.591760034688151,BacillusAnthracis
127050194,CC(=O)NCC(=O)N[C@@H](Cc1ccccc1)C(=O)NC1(C(=O)NCC(=O)NC2(C(=O)N[C@@H](CCCCN)C(=O)NC3(C(=O)NCC(=O)NC4(C(=O)N[C@@H](Cc5ccccc5)C(=O)NC5(C(=O)NCC(=O)NC6(C(=O)NCC(=O)N[C@@H](CCCCN)C(=O)NC7(C(=O)N[C@@H](CCCCN)C(=O)N[C@@H](CCCCN)C(=O)N[C@@H](CCCCN)C(=O)N[C@@H](CCCCN)C(N)=O)CCCC7)CCCCC6)CCCC5)CCCCC4)CCCC3)CCCCC2)CCCC1,4.649364391741045,BacillusAnthracis
127051387,CC(=O)NCC(=O)N[C@@H](Cc1ccccc1)C(=O)NC1(C(=O)NCC(=O)NC2(C(=O)N[C@@H](CCCCN)C(=O)NC3(C(=O)NCC(=O)NC4(C(=O)N[C@@H](Cc5ccccc5)C(=O)NC5(C(=O)NCC(=O)NC6(C(=O)NCC(=O)N[C@@H](CCCCN)C(=O)NC7(C(=O)N[C@@H](CCCCN)C(=O)N[C@@H](CCCCN)C(=O)N[C@@H](CCCCN)C(=O)N[C@@H](CCCCN)C(N)=O)CCCC7)CCCC6)CCCC5)CCCC4)CCCC3)CCCC2)CCCC1,4.337242168318426,BacillusAnthracis
127052650,CC(=O)NCC(=O)N[C@@H](Cc1ccccc1)C(=O)NC1(C(=O)NCC(=O)NC2(C(=O)NC(CCN)C(=O)NC3(C(=O)NCC(=O)NC4(C(=O)N[C@@H](Cc5ccccc5)C(=O)NC5(C(=O)NCC(=O)NC6(C(=O)NCC(=O)NC(CCN)C(=O)NC7(C(=O)NC(CCN)C(=O)NC(CCN)C(=O)NC(CCN)C(=O)NC(CCN)C(N)=O)CCCCC7)CCCCC6)CCCCC5)CCCCC4)CCCCC3)CCCCC2)CCCCC1,5.528708288941061,BacillusAnthracis
127052651,CC(=O)NCC(=O)N[C@@H](Cc1ccccc1)C(=O)NC1(C(=O)NCC(=O)NC2(C(=O)NC(CCCN)C(=O)NC3(C(=O)NCC(=O)NC4(C(=O)N[C@@H](Cc5ccccc5)C(=O)NC5(C(=O)NCC(=O)NC6(C(=O)NCC(=O)NC(CCCN)C(=O)NC7(C(=O)NC(CCCN)C(=O)NC(CCCN)C(=O)NC(CCCN)C(=O)NC(CCCN)C(N)=O)CCCCC7)CCCCC6)CCCCC5)CCCCC4)CCCCC3)CCCCC2)CCCCC1,5.546681659952962,BacillusAnthracis
145948760,CC(=O)NCC(=O)N[C@@H](Cc1ccccc1)C(=O)NC1(C(=O)NCC(=O)N2Cc3ccccc3CC2C(=O)N[C@H](CCCCN)C(=O)NC2(C(=O)NCC(=O)N3Cc4ccccc4CC3C(=O)N[C@H](Cc3ccccc3)C(=O)NC3(C(=O)NCC(=O)N4Cc5ccccc5CC4C(=O)NCC(=O)N[C@H](CCCCN)C(=O)N4Cc5ccccc5CC4C(=O)N[C@H](CCCCN)C(=O)N[C@H](CCCCN)C(=O)N[C@H](CCCCN)C(=O)N[C@H](CCCCN)C(N)=O)CCCCC3)CCCCC2)CCCCC1,4.985899678480379,BacillusAnthracis
145948819,CC(=O)NCC(=O)N[C@H](Cc1ccccc1)C(=O)NC1(C(=O)NCC(=O)N2C(C(=O)N[C@@H](CCCCN)C(=O)NC3(C(=O)NCC(=O)N4C(C(=O)N[C@@H](Cc5ccccc5)C(=O)NC5(C(=O)NCC(=O)N6C(C(=O)NCC(=O)N[C@@H](CCCCN)C(=O)N7C(C(=O)N[C@H](CCCCN)C(=O)N[C@H](CCCCN)C(=O)N[C@H](CCCCN)C(=O)N[C@H](CCCCN)C(N)=O)CC8CCCCC87)CC7CCCCC76)CCCCC5)CC5CCCCC54)CCCCC3)CC3CCCCC32)CCCCC1,4.679230771661314,BacillusAnthracis
137195723,COc1ncnc(NS(=O)(=O)c2ccc(NCc3cnc4nc(N)[nH]c(=O)c4n3)cc2)c1OC,4.818156412055227,BacillusAnthracis
137195725,CC(=O)NS(=O)(=O)c1ccc(NCc2cnc3nc(N)[nH]c(=O)c3n2)cc1,4.730487055782084,BacillusAnthracis
137195719,Cc1cc(NS(=O)(=O)c2ccc(NCc3cnc4nc(N)[nH]c(=O)c4n3)cc2)no1,4.686132779630847,BacillusAnthracis
135567184,Cc1noc(NS(=O)(=O)c2ccc(NCc3cnc4nc(N)[nH]c(=O)c4n3)cc2)c1C,4.647817481888637,BacillusAnthracis
137195720,Nc1nc2ncc(CNc3ccc(S(=O)(=O)Nc4ncccn4)cc3)nc2c(=O)[nH]1,4.714442690992226,BacillusAnthracis
137195721,Nc1nc2ncc(CNc3ccc(S(=O)(=O)Nc4ccccn4)cc3)nc2c(=O)[nH]1,4.204119982655925,BacillusAnthracis
137195722,COc1cc(NS(=O)(=O)c2ccc(NCc3cnc4nc(N)[nH]c(=O)c4n3)cc2)nc(OC)n1,4.571865205971212,BacillusAnthracis
137195724,Nc1ccc(S(=O)(=O)c2ccc(NCc3cnc4nc(N)[nH]c(=O)c4n3)cc2)cc1,4.749579997691106,BacillusAnthracis
137195723,COc1ncnc(NS(=O)(=O)c2ccc(NCc3cnc4nc(N)[nH]c(=O)c4n3)cc2)c1OC,4.939302159646388,BacillusAnthracis
137195725,CC(=O)NS(=O)(=O)c1ccc(NCc2cnc3nc(N)[nH]c(=O)c3n2)cc1,4.767003889607846,BacillusAnthracis
137195719,Cc1cc(NS(=O)(=O)c2ccc(NCc3cnc4nc(N)[nH]c(=O)c4n3)cc2)no1,5.468521082957745,BacillusAnthracis
135567184,Cc1noc(NS(=O)(=O)c2ccc(NCc3cnc4nc(N)[nH]c(=O)c4n3)cc2)c1C,5.091514981121351,BacillusAnthracis
137195720,Nc1nc2ncc(CNc3ccc(S(=O)(=O)Nc4ncccn4)cc3)nc2c(=O)[nH]1,5.026872146400302,BacillusAnthracis
137195721,Nc1nc2ncc(CNc3ccc(S(=O)(=O)Nc4ccccn4)cc3)nc2c(=O)[nH]1,5.6020599913279625,BacillusAnthracis
137195722,COc1cc(NS(=O)(=O)c2ccc(NCc3cnc4nc(N)[nH]c(=O)c4n3)cc2)nc(OC)n1,5.721246399047171,BacillusAnthracis
137195724,Nc1ccc(S(=O)(=O)c2ccc(NCc3cnc4nc(N)[nH]c(=O)c4n3)cc2)cc1,4.94692155651658,BacillusAnthracis
134130481,CCC(C)SN1CCN(c2cc3c(cc2F)c(=O)c(C(=O)O)cn3C2CC2)CC1,1.4559319556497243,BacillusAnthracis
134131227,O=C(O)c1cn(C2CC2)c2cc(N3CCN(Sc4ccc([N+](=O)[O-])cc4)CC3)c(F)cc2c1=O,1.494850021680094,BacillusAnthracis
134133346,CC(C)SN1CCN(c2cc3c(cc2F)c(=O)c(C(=O)O)cn3C2CC2)CC1,1.4436974992327127,BacillusAnthracis
134140898,CCCCSN1CCN(c2cc3c(cc2F)c(=O)c(C(=O)O)cn3C2CC2)CC1,1.431798275933005,BacillusAnthracis
134143088,CC(C)C(C)SN1CCN(c2cc3c(cc2F)c(=O)c(C(=O)O)cn3C2CC2)CC1,1.494850021680094,BacillusAnthracis
134143361,CSN1CCN(c2cc3c(cc2F)c(=O)c(C(=O)O)cn3C2CC2)CC1,1.4436974992327127,BacillusAnthracis
134143687,O=C(O)c1cn(C2CC2)c2cc(N3CCN(Sc4ccccc4[N+](=O)[O-])CC3)c(F)cc2c1=O,1.5686362358410126,BacillusAnthracis
134144681,CCCCCCSN1CCN(c2cc3c(cc2F)c(=O)c(C(=O)O)cn3C2CC2)CC1,1.5228787452803376,BacillusAnthracis
134145766,CCSN1CCN(c2cc3c(cc2F)c(=O)c(C(=O)O)cn3C2CC2)CC1,1.431798275933005,BacillusAnthracis
134148479,CCCSN1CCN(c2cc3c(cc2F)c(=O)c(C(=O)O)cn3C2CC2)CC1,1.42021640338319,BacillusAnthracis
134151008,O=C(O)c1cn(C2CC2)c2cc(N3CCN(Sc4ccc(Cl)cc4)CC3)c(F)cc2c1=O,1.4685210829577449,BacillusAnthracis
134157804,O=C(O)c1cn(C2CC2)c2cc(N3CCN(Sc4ccccc4)CC3)c(F)cc2c1=O,1.4436974992327127,BacillusAnthracis
49817546,CO[C@H]1/C=C/C=C(\C)C[C@H](C)[C@H](O)[C@H](C)/C=C(C)/C=C(\C)C(=O)O[C@@H]1[C@@H](C)[C@@H](O)[C@H](C)[C@@]1(O)C[C@@H](OC(=O)/C=C/C(=O)O)[C@H](C)[C@@H](C(C)C)O1,5.3979400086720375,BacillusAnthracis
133129,Nc1ncnc2c1ncn2[C@@H]1O[C@H](COC(=O)c2ccc(S(=O)(=O)F)cc2)[C@@H](O)[C@H]1O,4.735182176990463,BacillusAnthracis
145964280,Nc1cc(OC2CCN(C(=O)c3ccc(S(=O)(=O)F)cc3)CC2)ccn1,4.228412519118745,BacillusAnthracis
145964588,Cc1nc(N)c2cnn(C3CCN(Cc4ccc(S(=O)(=O)F)cc4)CC3)c2n1,5.337242168318426,BacillusAnthracis
145964953,Nc1ncnc2c1ncn2C1CCN(C(=O)c2ccc(S(=O)(=O)F)cc2)CC1,5.026872146400302,BacillusAnthracis
145965732,Nc1cc(OC2CN(C(=O)c3ccc(S(=O)(=O)F)cc3)C2)ccn1,4.962573502059376,BacillusAnthracis
145965950,Cc1nc(N)c2ncn(C3CCN(Cc4ccc(S(=O)(=O)F)cc4)CC3)c2n1,4.832682665251824,BacillusAnthracis
145967052,Nc1cc(OCCCNC(=O)c2ccc(S(=O)(=O)F)cc2)ccn1,4.055024091587952,BacillusAnthracis
145968929,Cc1nc(N)c2cnn(C3CCN(C(=O)c4ccc(S(=O)(=O)F)cc4)CC3)c2n1,5.6777807052660805,BacillusAnthracis
145968930,Nc1ncnc2c1ccn2C1CCN(C(=O)c2ccc(S(=O)(=O)F)cc2)CC1,6.522878745280337,BacillusAnthracis
145970745,Nc1cc(OCCNCc2ccc(S(=O)(=O)F)cc2)ccn1,4.304518323509803,BacillusAnthracis
145972159,Nc1cc(O[C@@H]2CCN(C(=O)c3ccc(S(=O)(=O)F)cc3)C2)ccn1,4.410050398674292,BacillusAnthracis
145972851,Nc1ncnc2c1ncn2CCCNC(=O)c1ccc(S(=O)(=O)F)cc1,4.423658649794207,BacillusAnthracis
145972971,Nc1cc(OCCNC(=O)c2ccc(S(=O)(=O)F)cc2)ccn1,3.894830572000669,BacillusAnthracis
145973096,Nc1ncnc2c1cnn2C1CCN(C(=O)c2ccc(S(=O)(=O)F)cc2)CC1,5.431798275933005,BacillusAnthracis
145973641,Nc1ncnc2c1ncn2[C@@H]1CCCN(C(=O)c2ccc(S(=O)(=O)F)cc2)C1,4.015472686656207,BacillusAnthracis
145974161,Cc1nc(N)c2ncn(C3CCN(C(=O)c4ccc(S(=O)(=O)F)cc4)CC3)c2n1,4.782516055786093,BacillusAnthracis
145975108,Cc1nc(N)cc(OC2CCN(C(=O)c3ccc(S(=O)(=O)F)cc3)CC2)n1,4.559090917934783,BacillusAnthracis
145975991,Nc1ncnc2c1ncn2CCOC(=O)c1ccc(S(=O)(=O)F)cc1,4.586700235918748,BacillusAnthracis
145977396,Cc1nc(N)c2ccn(C3CCN(C(=O)c4ccc(S(=O)(=O)F)cc4)CC3)c2n1,6.154901959985743,BacillusAnthracis
145977577,Nc1cc(OCc2ccc(S(=O)(=O)F)cc2)ccn1,3.020133077435097,BacillusAnthracis
145978141,Nc1cc(OCCCNCc2ccc(S(=O)(=O)F)cc2)ccn1,3.65286521708998,BacillusAnthracis
145978254,Cc1nc(N)c2cnn(CCCNC(=O)c3ccc(S(=O)(=O)F)cc3)c2n1,4.458420756053419,BacillusAnthracis
145978321,Cc1nc(N)cc(OCCNC(=O)c2ccc(S(=O)(=O)F)cc2)n1,3.543178651978401,BacillusAnthracis
145978739,Cc1cc(OC2CCN(Cc3ccc(S(=O)(=O)F)cc3)CC2)cc(N)n1,4.374687549038327,BacillusAnthracis
133129,Nc1ncnc2c1ncn2[C@@H]1O[C@H](COC(=O)c2ccc(S(=O)(=O)F)cc2)[C@@H](O)[C@H]1O,4.0,BacillusAnthracis
145964280,Nc1cc(OC2CCN(C(=O)c3ccc(S(=O)(=O)F)cc3)CC2)ccn1,4.0,BacillusAnthracis
145964588,Cc1nc(N)c2cnn(C3CCN(Cc4ccc(S(=O)(=O)F)cc4)CC3)c2n1,4.0,BacillusAnthracis
145964953,Nc1ncnc2c1ncn2C1CCN(C(=O)c2ccc(S(=O)(=O)F)cc2)CC1,4.0,BacillusAnthracis
145965950,Cc1nc(N)c2ncn(C3CCN(Cc4ccc(S(=O)(=O)F)cc4)CC3)c2n1,4.0,BacillusAnthracis
145967052,Nc1cc(OCCCNC(=O)c2ccc(S(=O)(=O)F)cc2)ccn1,4.0,BacillusAnthracis
145968929,Cc1nc(N)c2cnn(C3CCN(C(=O)c4ccc(S(=O)(=O)F)cc4)CC3)c2n1,4.0,BacillusAnthracis
145968930,Nc1ncnc2c1ccn2C1CCN(C(=O)c2ccc(S(=O)(=O)F)cc2)CC1,4.0,BacillusAnthracis
145970745,Nc1cc(OCCNCc2ccc(S(=O)(=O)F)cc2)ccn1,4.0,BacillusAnthracis
145972851,Nc1ncnc2c1ncn2CCCNC(=O)c1ccc(S(=O)(=O)F)cc1,4.0,BacillusAnthracis
145972971,Nc1cc(OCCNC(=O)c2ccc(S(=O)(=O)F)cc2)ccn1,4.0,BacillusAnthracis
145973096,Nc1ncnc2c1cnn2C1CCN(C(=O)c2ccc(S(=O)(=O)F)cc2)CC1,4.0,BacillusAnthracis
145973641,Nc1ncnc2c1ncn2[C@@H]1CCCN(C(=O)c2ccc(S(=O)(=O)F)cc2)C1,4.0,BacillusAnthracis
145974161,Cc1nc(N)c2ncn(C3CCN(C(=O)c4ccc(S(=O)(=O)F)cc4)CC3)c2n1,4.0,BacillusAnthracis
145975108,Cc1nc(N)cc(OC2CCN(C(=O)c3ccc(S(=O)(=O)F)cc3)CC2)n1,4.0,BacillusAnthracis
145975991,Nc1ncnc2c1ncn2CCOC(=O)c1ccc(S(=O)(=O)F)cc1,4.0,BacillusAnthracis
145977396,Cc1nc(N)c2ccn(C3CCN(C(=O)c4ccc(S(=O)(=O)F)cc4)CC3)c2n1,4.0,BacillusAnthracis
145977577,Nc1cc(OCc2ccc(S(=O)(=O)F)cc2)ccn1,4.0655015487564325,BacillusAnthracis
145978141,Nc1cc(OCCCNCc2ccc(S(=O)(=O)F)cc2)ccn1,4.0,BacillusAnthracis
145978254,Cc1nc(N)c2cnn(CCCNC(=O)c3ccc(S(=O)(=O)F)cc3)c2n1,4.0,BacillusAnthracis
145978321,Cc1nc(N)cc(OCCNC(=O)c2ccc(S(=O)(=O)F)cc2)n1,4.0,BacillusAnthracis
145978739,Cc1cc(OC2CCN(Cc3ccc(S(=O)(=O)F)cc3)CC2)cc(N)n1,4.0,BacillusAnthracis
145964588,Cc1nc(N)c2cnn(C3CCN(Cc4ccc(S(=O)(=O)F)cc4)CC3)c2n1,7.221848749616356,BacillusAnthracis
145968929,Cc1nc(N)c2cnn(C3CCN(C(=O)c4ccc(S(=O)(=O)F)cc4)CC3)c2n1,6.980468315468745,BacillusAnthracis
145968930,Nc1ncnc2c1ccn2C1CCN(C(=O)c2ccc(S(=O)(=O)F)cc2)CC1,7.920818753952375,BacillusAnthracis
145973096,Nc1ncnc2c1cnn2C1CCN(C(=O)c2ccc(S(=O)(=O)F)cc2)CC1,7.625251653989896,BacillusAnthracis
145975108,Cc1nc(N)cc(OC2CCN(C(=O)c3ccc(S(=O)(=O)F)cc3)CC2)n1,7.498940737782249,BacillusAnthracis
145964548,CC[C@H](C)[C@H](NC(=O)[C@H](CS)NC(=O)[C@H](CCCNC(=N)N)NC(=O)[C@H](CS)NC(=O)[C@@H](NC(=O)CNC(=O)[C@H](Cc1cnc[nH]1)NC(=O)[C@H](CC(C)C)NC(=O)[C@H](CS)NC(=O)[C@H](C)NC(=O)[C@H](CS)NC(=O)[C@H](CCCNC(=N)N)NC(=O)[C@H](CS)NC(=O)[C@H](Cc1ccccc1)NC(=O)CN)C(C)C)C(=O)N[C@@H](CS)C(=O)N[C@H](C(=O)N[C@@H](CCCNC(=N)N)C(=O)O)[C@@H](C)O,6.012780770091995,BacillusAnthracis
145966256,CC[C@H](C)[C@H](NC(=O)[C@H](CS)NC(=O)[C@@H](NC(=O)[C@H](CS)NC(=O)[C@H](Cc1cnc[nH]1)NC(=O)[C@H](CCC(=O)O)NC(=O)[C@H](CO)NC(=O)[C@H](C)NC(=O)[C@H](CS)NC(=O)[C@H](CC(N)=O)NC(=O)[C@H](CS)NC(=O)[C@H](CCCNC(=N)N)NC(=O)[C@H](CS)NC(=O)[C@H](Cc1ccccc1)NC(=O)CN)[C@@H](C)O)C(=O)N[C@@H](CS)C(=O)N[C@H](C(=O)N[C@@H](CCCNC(=N)N)C(=O)O)[C@@H](C)O,5.0,BacillusAnthracis
145966625,CC[C@H](C)[C@H](NC(=O)[C@H](CS)NC(=O)[C@H](Cc1c[nH]c2ccccc12)NC(=O)[C@H](CS)NC(=O)CNC(=O)[C@H](Cc1ccc(O)cc1)NC(=O)[C@H](CCCNC(=N)N)NC(=O)[C@H](CO)NC(=O)[C@H](CS)NC(=O)[C@@H]1CCCN1C(=O)[C@H](CS)NC(=O)[C@H](CCCNC(=N)N)NC(=O)[C@H](CS)NC(=O)[C@H](Cc1ccccc1)NC(=O)CN)C(=O)N[C@@H](CS)C(=O)N[C@H](C(=O)N[C@@H](CCCNC(=N)N)C(=O)O)[C@@H](C)O,6.012780770091995,BacillusAnthracis
16198696,CC[C@H](C)[C@H](NC(=O)[C@H](CS)NC(=O)[C@H](CCCNC(=N)N)NC(=O)[C@H](CS)NC(=O)[C@@H](NC(=O)CNC(=O)[C@H](CCCNC(=N)N)NC(=O)[C@H](CCCNC(=N)N)NC(=O)[C@H](CS)NC(=O)[C@H](CC(C)C)NC(=O)[C@H](CS)NC(=O)[C@H](CCCNC(=N)N)NC(=O)[C@H](CS)NC(=O)[C@H](Cc1ccccc1)NC(=O)CN)C(C)C)C(=O)N[C@@H](CS)C(=O)N[C@H](C(=O)N[C@@H](CCCNC(=N)N)C(=O)O)[C@@H](C)O,6.391473966422806,BacillusAnthracis
145976619,CC[C@H](C)[C@H](NC(=O)[C@H](CS)NC(=O)[C@H](CC(=O)O)NC(=O)[C@H](CS)NC(=O)[C@H](CO)NC(=O)[C@H](CO)NC(=O)[C@H](CCCNC(=N)N)NC(=O)CNC(=O)[C@H](CS)NC(=O)[C@H](Cc1ccccc1)NC(=O)[C@H](CS)NC(=O)[C@H](CCCNC(=N)N)NC(=O)[C@H](CS)NC(=O)[C@H](Cc1ccccc1)NC(=O)CN)C(=O)N[C@@H](CS)C(=O)N[C@H](C(=O)N[C@@H](CCCNC(=N)N)C(=O)O)[C@@H](C)O,5.921543181946707,BacillusAnthracis
145964548,CC[C@H](C)[C@H](NC(=O)[C@H](CS)NC(=O)[C@H](CCCNC(=N)N)NC(=O)[C@H](CS)NC(=O)[C@@H](NC(=O)CNC(=O)[C@H](Cc1cnc[nH]1)NC(=O)[C@H](CC(C)C)NC(=O)[C@H](CS)NC(=O)[C@H](C)NC(=O)[C@H](CS)NC(=O)[C@H](CCCNC(=N)N)NC(=O)[C@H](CS)NC(=O)[C@H](Cc1ccccc1)NC(=O)CN)C(C)C)C(=O)N[C@@H](CS)C(=O)N[C@H](C(=O)N[C@@H](CCCNC(=N)N)C(=O)O)[C@@H](C)O,6.024108863598207,BacillusAnthracis
145966625,CC[C@H](C)[C@H](NC(=O)[C@H](CS)NC(=O)[C@H](Cc1c[nH]c2ccccc12)NC(=O)[C@H](CS)NC(=O)CNC(=O)[C@H](Cc1ccc(O)cc1)NC(=O)[C@H](CCCNC(=N)N)NC(=O)[C@H](CO)NC(=O)[C@H](CS)NC(=O)[C@@H]1CCCN1C(=O)[C@H](CS)NC(=O)[C@H](CCCNC(=N)N)NC(=O)[C@H](CS)NC(=O)[C@H](Cc1ccccc1)NC(=O)CN)C(=O)N[C@@H](CS)C(=O)N[C@H](C(=O)N[C@@H](CCCNC(=N)N)C(=O)O)[C@@H](C)O,6.024108863598207,BacillusAnthracis
16198696,CC[C@H](C)[C@H](NC(=O)[C@H](CS)NC(=O)[C@H](CCCNC(=N)N)NC(=O)[C@H](CS)NC(=O)[C@@H](NC(=O)CNC(=O)[C@H](CCCNC(=N)N)NC(=O)[C@H](CCCNC(=N)N)NC(=O)[C@H](CS)NC(=O)[C@H](CC(C)C)NC(=O)[C@H](CS)NC(=O)[C@H](CCCNC(=N)N)NC(=O)[C@H](CS)NC(=O)[C@H](Cc1ccccc1)NC(=O)CN)C(C)C)C(=O)N[C@@H](CS)C(=O)N[C@H](C(=O)N[C@@H](CCCNC(=N)N)C(=O)O)[C@@H](C)O,6.419075024324381,BacillusAnthracis
145976619,CC[C@H](C)[C@H](NC(=O)[C@H](CS)NC(=O)[C@H](CC(=O)O)NC(=O)[C@H](CS)NC(=O)[C@H](CO)NC(=O)[C@H](CO)NC(=O)[C@H](CCCNC(=N)N)NC(=O)CNC(=O)[C@H](CS)NC(=O)[C@H](Cc1ccccc1)NC(=O)[C@H](CS)NC(=O)[C@H](CCCNC(=N)N)NC(=O)[C@H](CS)NC(=O)[C@H](Cc1ccccc1)NC(=O)CN)C(=O)N[C@@H](CS)C(=O)N[C@H](C(=O)N[C@@H](CCCNC(=N)N)C(=O)O)[C@@H](C)O,5.930701987884471,BacillusAnthracis
3117,CCN(CC)C(=S)SSC(=S)N(CC)CC,6.0,BacillusAnthracis
46700805,CCCCCCSSC(=S)N(CC)CC,5.3979400086720375,BacillusAnthracis
193582,CCN(CC)C(=S)SSC,5.3979400086720375,BacillusAnthracis
145968618,CCCCCCCSSC(=S)N(CC)CC,5.3979400086720375,BacillusAnthracis
145969447,CCCCCCCCSSC(=S)N(CC)CC,5.3979400086720375,BacillusAnthracis
19838565,CCN(CC)C(=S)SSCc1ccccc1,5.3979400086720375,BacillusAnthracis
145970412,CCCCCSSC(=S)N(CC)CC,5.3979400086720375,BacillusAnthracis
145989273,CCCSSC(=S)N(CC)CC,5.3979400086720375,BacillusAnthracis
3117,CCN(CC)C(=S)SSC(=S)N(CC)CC,5.698970004336019,BacillusAnthracis
46700805,CCCCCCSSC(=S)N(CC)CC,5.3979400086720375,BacillusAnthracis
193582,CCN(CC)C(=S)SSC,5.3979400086720375,BacillusAnthracis
145968618,CCCCCCCSSC(=S)N(CC)CC,5.698970004336019,BacillusAnthracis
145969447,CCCCCCCCSSC(=S)N(CC)CC,5.698970004336019,BacillusAnthracis
19838565,CCN(CC)C(=S)SSCc1ccccc1,5.3979400086720375,BacillusAnthracis
145970412,CCCCCSSC(=S)N(CC)CC,5.3979400086720375,BacillusAnthracis
145989273,CCCSSC(=S)N(CC)CC,5.3979400086720375,BacillusAnthracis
3117,CCN(CC)C(=S)SSC(=S)N(CC)CC,6.0,BacillusAnthracis
46700805,CCCCCCSSC(=S)N(CC)CC,5.698970004336019,BacillusAnthracis
193582,CCN(CC)C(=S)SSC,5.698970004336019,BacillusAnthracis
145968618,CCCCCCCSSC(=S)N(CC)CC,6.0,BacillusAnthracis
145969447,CCCCCCCCSSC(=S)N(CC)CC,6.0,BacillusAnthracis
19838565,CCN(CC)C(=S)SSCc1ccccc1,5.698970004336019,BacillusAnthracis
145970412,CCCCCSSC(=S)N(CC)CC,5.3979400086720375,BacillusAnthracis
145989273,CCCSSC(=S)N(CC)CC,5.3979400086720375,BacillusAnthracis
3117,CCN(CC)C(=S)SSC(=S)N(CC)CC,5.698970004336019,BacillusAnthracis
46700805,CCCCCCSSC(=S)N(CC)CC,5.096910013008056,BacillusAnthracis
193582,CCN(CC)C(=S)SSC,5.3979400086720375,BacillusAnthracis
145968618,CCCCCCCSSC(=S)N(CC)CC,5.698970004336019,BacillusAnthracis
145969447,CCCCCCCCSSC(=S)N(CC)CC,5.698970004336019,BacillusAnthracis
19838565,CCN(CC)C(=S)SSCc1ccccc1,5.3979400086720375,BacillusAnthracis
145970412,CCCCCSSC(=S)N(CC)CC,5.096910013008056,BacillusAnthracis
145989273,CCCSSC(=S)N(CC)CC,5.3979400086720375,BacillusAnthracis
44463966,Nc1ncnc2c1ncn2[C@@H]1O[C@H](Cn2cc(CO[C@@H]3O[C@H](CO)[C@H](O)[C@H](O)[C@H]3O)nn2)[C@@H](O)[C@H]1O,3.785156151952302,BacillusAnthracis
11143436,C[C@@H]1CCCCCCCCC[C@H](OC(=O)CCC(=O)O)C(=O)/C=C/C(=O)O1,5.096910013008056,BacillusAnthracis
132967551,C[C@H]1OC(=O)/C=C/C(=O)[C@@H](OC(=O)CCC(=O)O)CCCCCCCC[C@@H]1O,4.795880017344075,BacillusAnthracis
145981428,O=C(O)CCOC(=O)O[C@H]1CCCCCCCCC[C@@H](CO)OC(=O)/C=C/[C@H]1O,3.6020599913279625,BacillusAnthracis
132967554,C[C@H]1OC(=O)/C=C/[C@@H](O)[C@@H](O)CCCCCCCC[C@@H]1O,4.1938200260161125,BacillusAnthracis
145987305,C[C@H]1OC(=O)/C=C/[C@@H](O)[C@@H](OC(=O)OCCC(=O)O)CCCCCCCC[C@@H]1O,4.1938200260161125,BacillusAnthracis
145987442,C[C@@H]1CCCCCCCCC[C@H](OC(=O)OCCC(=O)O)[C@H](O)/C=C/C(=O)O1,3.903089986991944,BacillusAnthracis
135337991,C[C@@H]1CC(O)CCCCCCC[C@H](OC(=O)CCC(=O)O)C(=O)/C=C/C(=O)O1,4.494850021680094,BacillusAnthracis
132967550,C[C@@H]1CCCCCCCCC[C@H](OC(=O)CCC(=O)O)C(=O)C[C@@H](SC[C@@H](O)C(=O)O)C(=O)O1,5.096910013008056,BacillusAnthracis
132967549,C[C@@H]1CCCCCCCCC[C@H](O)C(=O)C[C@@H](SC[C@@H](O)C(=O)O)C(=O)O1,5.698970004336019,BacillusAnthracis
11143436,C[C@@H]1CCCCCCCCC[C@H](OC(=O)CCC(=O)O)C(=O)/C=C/C(=O)O1,3.903089986991944,BacillusAnthracis
132967551,C[C@H]1OC(=O)/C=C/C(=O)[C@@H](OC(=O)CCC(=O)O)CCCCCCCC[C@@H]1O,4.1938200260161125,BacillusAnthracis
145981428,O=C(O)CCOC(=O)O[C@H]1CCCCCCCCC[C@@H](CO)OC(=O)/C=C/[C@H]1O,3.6020599913279625,BacillusAnthracis
132967554,C[C@H]1OC(=O)/C=C/[C@@H](O)[C@@H](O)CCCCCCCC[C@@H]1O,3.3010299956639813,BacillusAnthracis
145987305,C[C@H]1OC(=O)/C=C/[C@@H](O)[C@@H](OC(=O)OCCC(=O)O)CCCCCCCC[C@@H]1O,3.903089986991944,BacillusAnthracis
145987442,C[C@@H]1CCCCCCCCC[C@H](OC(=O)OCCC(=O)O)[C@H](O)/C=C/C(=O)O1,3.6020599913279625,BacillusAnthracis
135337991,C[C@@H]1CC(O)CCCCCCC[C@H](OC(=O)CCC(=O)O)C(=O)/C=C/C(=O)O1,3.903089986991944,BacillusAnthracis
132967550,C[C@@H]1CCCCCCCCC[C@H](OC(=O)CCC(=O)O)C(=O)C[C@@H](SC[C@@H](O)C(=O)O)C(=O)O1,3.6020599913279625,BacillusAnthracis
132967549,C[C@@H]1CCCCCCCCC[C@H](O)C(=O)C[C@@H](SC[C@@H](O)C(=O)O)C(=O)O1,5.096910013008056,BacillusAnthracis
11143436,C[C@@H]1CCCCCCCCC[C@H](OC(=O)CCC(=O)O)C(=O)/C=C/C(=O)O1,3.903089986991944,BacillusAnthracis
132967551,C[C@H]1OC(=O)/C=C/C(=O)[C@@H](OC(=O)CCC(=O)O)CCCCCCCC[C@@H]1O,4.1938200260161125,BacillusAnthracis
145981428,O=C(O)CCOC(=O)O[C@H]1CCCCCCCCC[C@@H](CO)OC(=O)/C=C/[C@H]1O,3.6020599913279625,BacillusAnthracis
132967554,C[C@H]1OC(=O)/C=C/[C@@H](O)[C@@H](O)CCCCCCCC[C@@H]1O,3.0,BacillusAnthracis
145987305,C[C@H]1OC(=O)/C=C/[C@@H](O)[C@@H](OC(=O)OCCC(=O)O)CCCCCCCC[C@@H]1O,3.903089986991944,BacillusAnthracis
145987442,C[C@@H]1CCCCCCCCC[C@H](OC(=O)OCCC(=O)O)[C@H](O)/C=C/C(=O)O1,3.6020599913279625,BacillusAnthracis
135337991,C[C@@H]1CC(O)CCCCCCC[C@H](OC(=O)CCC(=O)O)C(=O)/C=C/C(=O)O1,3.0,BacillusAnthracis
132967550,C[C@@H]1CCCCCCCCC[C@H](OC(=O)CCC(=O)O)C(=O)C[C@@H](SC[C@@H](O)C(=O)O)C(=O)O1,4.1938200260161125,BacillusAnthracis
132967549,C[C@@H]1CCCCCCCCC[C@H](O)C(=O)C[C@@H](SC[C@@H](O)C(=O)O)C(=O)O1,4.795880017344075,BacillusAnthracis
11143436,C[C@@H]1CCCCCCCCC[C@H](OC(=O)CCC(=O)O)C(=O)/C=C/C(=O)O1,4.494850021680094,BacillusAnthracis
132967551,C[C@H]1OC(=O)/C=C/C(=O)[C@@H](OC(=O)CCC(=O)O)CCCCCCCC[C@@H]1O,4.1938200260161125,BacillusAnthracis
145981428,O=C(O)CCOC(=O)O[C@H]1CCCCCCCCC[C@@H](CO)OC(=O)/C=C/[C@H]1O,3.6020599913279625,BacillusAnthracis
132967554,C[C@H]1OC(=O)/C=C/[C@@H](O)[C@@H](O)CCCCCCCC[C@@H]1O,3.0,BacillusAnthracis
145987305,C[C@H]1OC(=O)/C=C/[C@@H](O)[C@@H](OC(=O)OCCC(=O)O)CCCCCCCC[C@@H]1O,3.903089986991944,BacillusAnthracis
145987442,C[C@@H]1CCCCCCCCC[C@H](OC(=O)OCCC(=O)O)[C@H](O)/C=C/C(=O)O1,3.6020599913279625,BacillusAnthracis
135337991,C[C@@H]1CC(O)CCCCCCC[C@H](OC(=O)CCC(=O)O)C(=O)/C=C/C(=O)O1,3.6020599913279625,BacillusAnthracis
132967550,C[C@@H]1CCCCCCCCC[C@H](OC(=O)CCC(=O)O)C(=O)C[C@@H](SC[C@@H](O)C(=O)O)C(=O)O1,4.1938200260161125,BacillusAnthracis
132967549,C[C@@H]1CCCCCCCCC[C@H](O)C(=O)C[C@@H](SC[C@@H](O)C(=O)O)C(=O)O1,4.494850021680094,BacillusAnthracis
11143436,C[C@@H]1CCCCCCCCC[C@H](OC(=O)CCC(=O)O)C(=O)/C=C/C(=O)O1,3.6020599913279625,BacillusAnthracis
132967551,C[C@H]1OC(=O)/C=C/C(=O)[C@@H](OC(=O)CCC(=O)O)CCCCCCCC[C@@H]1O,3.903089986991944,BacillusAnthracis
145981428,O=C(O)CCOC(=O)O[C@H]1CCCCCCCCC[C@@H](CO)OC(=O)/C=C/[C@H]1O,3.6020599913279625,BacillusAnthracis
132967554,C[C@H]1OC(=O)/C=C/[C@@H](O)[C@@H](O)CCCCCCCC[C@@H]1O,3.0,BacillusAnthracis
145987305,C[C@H]1OC(=O)/C=C/[C@@H](O)[C@@H](OC(=O)OCCC(=O)O)CCCCCCCC[C@@H]1O,3.903089986991944,BacillusAnthracis
145987442,C[C@@H]1CCCCCCCCC[C@H](OC(=O)OCCC(=O)O)[C@H](O)/C=C/C(=O)O1,3.6020599913279625,BacillusAnthracis
135337991,C[C@@H]1CC(O)CCCCCCC[C@H](OC(=O)CCC(=O)O)C(=O)/C=C/C(=O)O1,3.0,BacillusAnthracis
132967550,C[C@@H]1CCCCCCCCC[C@H](OC(=O)CCC(=O)O)C(=O)C[C@@H](SC[C@@H](O)C(=O)O)C(=O)O1,3.6020599913279625,BacillusAnthracis
132967549,C[C@@H]1CCCCCCCCC[C@H](O)C(=O)C[C@@H](SC[C@@H](O)C(=O)O)C(=O)O1,4.1938200260161125,BacillusAnthracis
11143436,C[C@@H]1CCCCCCCCC[C@H](OC(=O)CCC(=O)O)C(=O)/C=C/C(=O)O1,4.795880017344075,BacillusAnthracis
132967551,C[C@H]1OC(=O)/C=C/C(=O)[C@@H](OC(=O)CCC(=O)O)CCCCCCCC[C@@H]1O,4.795880017344075,BacillusAnthracis
145981428,O=C(O)CCOC(=O)O[C@H]1CCCCCCCCC[C@@H](CO)OC(=O)/C=C/[C@H]1O,3.6020599913279625,BacillusAnthracis
132967554,C[C@H]1OC(=O)/C=C/[C@@H](O)[C@@H](O)CCCCCCCC[C@@H]1O,3.6020599913279625,BacillusAnthracis
145987305,C[C@H]1OC(=O)/C=C/[C@@H](O)[C@@H](OC(=O)OCCC(=O)O)CCCCCCCC[C@@H]1O,4.1938200260161125,BacillusAnthracis
145987442,C[C@@H]1CCCCCCCCC[C@H](OC(=O)OCCC(=O)O)[C@H](O)/C=C/C(=O)O1,3.6020599913279625,BacillusAnthracis
135337991,C[C@@H]1CC(O)CCCCCCC[C@H](OC(=O)CCC(=O)O)C(=O)/C=C/C(=O)O1,4.1938200260161125,BacillusAnthracis
132967550,C[C@@H]1CCCCCCCCC[C@H](OC(=O)CCC(=O)O)C(=O)C[C@@H](SC[C@@H](O)C(=O)O)C(=O)O1,4.795880017344075,BacillusAnthracis
132967549,C[C@@H]1CCCCCCCCC[C@H](O)C(=O)C[C@@H](SC[C@@H](O)C(=O)O)C(=O)O1,5.096910013008056,BacillusAnthracis
11143436,C[C@@H]1CCCCCCCCC[C@H](OC(=O)CCC(=O)O)C(=O)/C=C/C(=O)O1,4.795880017344075,BacillusAnthracis
145981428,O=C(O)CCOC(=O)O[C@H]1CCCCCCCCC[C@@H](CO)OC(=O)/C=C/[C@H]1O,3.6020599913279625,BacillusAnthracis
145987305,C[C@H]1OC(=O)/C=C/[C@@H](O)[C@@H](OC(=O)OCCC(=O)O)CCCCCCCC[C@@H]1O,3.903089986991944,BacillusAnthracis
145987442,C[C@@H]1CCCCCCCCC[C@H](OC(=O)OCCC(=O)O)[C@H](O)/C=C/C(=O)O1,3.6020599913279625,BacillusAnthracis
132967550,C[C@@H]1CCCCCCCCC[C@H](OC(=O)CCC(=O)O)C(=O)C[C@@H](SC[C@@H](O)C(=O)O)C(=O)O1,4.494850021680094,BacillusAnthracis
132967549,C[C@@H]1CCCCCCCCC[C@H](O)C(=O)C[C@@H](SC[C@@H](O)C(=O)O)C(=O)O1,5.698970004336019,BacillusAnthracis
11143436,C[C@@H]1CCCCCCCCC[C@H](OC(=O)CCC(=O)O)C(=O)/C=C/C(=O)O1,4.795880017344075,BacillusAnthracis
145981428,O=C(O)CCOC(=O)O[C@H]1CCCCCCCCC[C@@H](CO)OC(=O)/C=C/[C@H]1O,3.6020599913279625,BacillusAnthracis
145987305,C[C@H]1OC(=O)/C=C/[C@@H](O)[C@@H](OC(=O)OCCC(=O)O)CCCCCCCC[C@@H]1O,3.903089986991944,BacillusAnthracis
145987442,C[C@@H]1CCCCCCCCC[C@H](OC(=O)OCCC(=O)O)[C@H](O)/C=C/C(=O)O1,3.6020599913279625,BacillusAnthracis
132967550,C[C@@H]1CCCCCCCCC[C@H](OC(=O)CCC(=O)O)C(=O)C[C@@H](SC[C@@H](O)C(=O)O)C(=O)O1,4.494850021680094,BacillusAnthracis
132967549,C[C@@H]1CCCCCCCCC[C@H](O)C(=O)C[C@@H](SC[C@@H](O)C(=O)O)C(=O)O1,5.3979400086720375,BacillusAnthracis
11143436,C[C@@H]1CCCCCCCCC[C@H](OC(=O)CCC(=O)O)C(=O)/C=C/C(=O)O1,4.795880017344075,BacillusAnthracis
145981428,O=C(O)CCOC(=O)O[C@H]1CCCCCCCCC[C@@H](CO)OC(=O)/C=C/[C@H]1O,3.6020599913279625,BacillusAnthracis
145987305,C[C@H]1OC(=O)/C=C/[C@@H](O)[C@@H](OC(=O)OCCC(=O)O)CCCCCCCC[C@@H]1O,3.903089986991944,BacillusAnthracis
145987442,C[C@@H]1CCCCCCCCC[C@H](OC(=O)OCCC(=O)O)[C@H](O)/C=C/C(=O)O1,3.6020599913279625,BacillusAnthracis
132967550,C[C@@H]1CCCCCCCCC[C@H](OC(=O)CCC(=O)O)C(=O)C[C@@H](SC[C@@H](O)C(=O)O)C(=O)O1,4.795880017344075,BacillusAnthracis
132967549,C[C@@H]1CCCCCCCCC[C@H](O)C(=O)C[C@@H](SC[C@@H](O)C(=O)O)C(=O)O1,5.698970004336019,BacillusAnthracis
11143436,C[C@@H]1CCCCCCCCC[C@H](OC(=O)CCC(=O)O)C(=O)/C=C/C(=O)O1,4.795880017344075,BacillusAnthracis
145981428,O=C(O)CCOC(=O)O[C@H]1CCCCCCCCC[C@@H](CO)OC(=O)/C=C/[C@H]1O,3.6020599913279625,BacillusAnthracis
145987305,C[C@H]1OC(=O)/C=C/[C@@H](O)[C@@H](OC(=O)OCCC(=O)O)CCCCCCCC[C@@H]1O,3.903089986991944,BacillusAnthracis
145987442,C[C@@H]1CCCCCCCCC[C@H](OC(=O)OCCC(=O)O)[C@H](O)/C=C/C(=O)O1,3.6020599913279625,BacillusAnthracis
132967550,C[C@@H]1CCCCCCCCC[C@H](OC(=O)CCC(=O)O)C(=O)C[C@@H](SC[C@@H](O)C(=O)O)C(=O)O1,4.795880017344075,BacillusAnthracis
132967549,C[C@@H]1CCCCCCCCC[C@H](O)C(=O)C[C@@H](SC[C@@H](O)C(=O)O)C(=O)O1,5.698970004336019,BacillusAnthracis
11143436,C[C@@H]1CCCCCCCCC[C@H](OC(=O)CCC(=O)O)C(=O)/C=C/C(=O)O1,4.301029995663981,BacillusAnthracis
132967551,C[C@H]1OC(=O)/C=C/C(=O)[C@@H](OC(=O)CCC(=O)O)CCCCCCCC[C@@H]1O,5.0,BacillusAnthracis
132967554,C[C@H]1OC(=O)/C=C/[C@@H](O)[C@@H](O)CCCCCCCC[C@@H]1O,3.823908740944319,BacillusAnthracis
132967549,C[C@@H]1CCCCCCCCC[C@H](O)C(=O)C[C@@H](SC[C@@H](O)C(=O)O)C(=O)O1,4.0,BacillusAnthracis
137631861,CC(C)C[C@@H]1NC(=O)[C@@H]2CSSC[C@H](NC(=O)[C@H](CCCNC(=N)N)NC(=O)[C@@H]3CSSC[C@H](NC1=O)C(=O)N[C@@H](CCCNC(=N)N)C(=O)N[C@@H](CCCNC(=N)N)C(=O)NCC(=O)N[C@@H](C(C)C)C(=O)N3)C(=O)N[C@@H](Cc1c[nH]c3ccccc13)C(=O)N[C@H]1CSSC[C@H](NC(=O)[C@H](Cc3ccccc3)NC(=O)CNC(=O)[C@H](CCCNC(=N)N)NC(=O)[C@H]([C@@H](C)O)NC1=O)C(=O)N[C@@H](CCCNC(=N)N)C(=O)N2,6.688246138944246,BacillusAnthracis
137633040,CC[C@H](C)[C@@H]1NC(=O)[C@@H]2CSSC[C@H](NC(=O)[C@H](CCCNC(=N)N)NC(=O)[C@@H]3CSSC[C@H](NC1=O)C(=O)N[C@@H]([C@@H](C)O)C(=O)N[C@@H](CCCNC(=N)N)C(=O)NCC(=O)N[C@@H](Cc1ccccc1)C(=O)N3)C(=O)N[C@@H](CC(C)C)C(=O)N[C@H]1CSSC[C@H](NC(=O)[C@H](C(C)C)NC(=O)[C@H](CCCNC(=N)N)NC(=O)[C@H](CCCNC(=N)N)NC(=O)[C@H](CCCNC(=N)N)NC1=O)C(=O)N[C@@H](CCCNC(=N)N)C(=O)N2,6.581698708680254,BacillusAnthracis
137635814,CC[C@H](C)[C@@H]1NC(=O)[C@@H]2CSSC[C@H](NC(=O)[C@H](CCCNC(=N)N)NC(=O)[C@@H]3CSSC[C@H](NC1=O)C(=O)N[C@@H]([C@@H](C)O)C(=O)N[C@@H](CCCNC(=N)N)C(=O)NCC(=O)N[C@@H](Cc1ccccc1)C(=O)N3)C(=O)N[C@@H](CC(C)C)C(=O)N[C@H]1CSSC[C@H](NC(=O)[C@H](Cc3c[nH]c4ccccc34)NC(=O)CNC(=O)[C@H](CCCNC(=N)N)NC(=O)[C@H](CCCNC(=N)N)NC1=O)C(=O)N[C@@H](CCCNC(=N)N)C(=O)N2,6.705533773838408,BacillusAnthracis
137638628,C[C@@H](O)[C@@H]1NC(=O)[C@@H]2CSSC[C@H](NC(=O)[C@H](Cc3c[nH]c4ccccc34)NC(=O)CNC(=O)[C@H](CCCNC(=N)N)NC1=O)C(=O)N[C@@H](CCCNC(=N)N)C(=O)N[C@H]1CSSC[C@H](NC(=O)[C@H](CCCNC(=N)N)NC(=O)[C@@H]3CSSC[C@H](NC(=O)[C@H](Cc4c[nH]c5ccccc45)NC1=O)C(=O)N[C@@H](CCCNC(=N)N)C(=O)N[C@@H](CCCNC(=N)N)C(=O)N[C@@H](CCCNC(=N)N)C(=O)N[C@@H](Cc1c[nH]c4ccccc14)C(=O)N3)C(=O)N[C@@H](Cc1c[nH]c3ccccc13)C(=O)N2,7.080921907623926,BacillusAnthracis
16130642,CC[C@H](C)[C@@H]1NC(=O)[C@@H]2CSSC[C@H](NC(=O)[C@H](CCCNC(=N)N)NC(=O)[C@@H]3CSSC[C@H](NC1=O)C(=O)N[C@@H]([C@@H](C)O)C(=O)N[C@@H](CCCNC(=N)N)C(=O)NCC(=O)N[C@@H](Cc1ccccc1)C(=O)N3)C(=O)N[C@@H](CC(C)C)C(=O)N[C@H]1CSSC[C@H](NC(=O)[C@H](C(C)C)NC(=O)CNC(=O)[C@H](CCCNC(=N)N)NC(=O)[C@H](CCCNC(=N)N)NC1=O)C(=O)N[C@@H](CCCNC(=N)N)C(=O)N2,6.437707135543525,BacillusAnthracis
16130642,CC[C@H](C)[C@@H]1NC(=O)[C@@H]2CSSC[C@H](NC(=O)[C@H](CCCNC(=N)N)NC(=O)[C@@H]3CSSC[C@H](NC1=O)C(=O)N[C@@H]([C@@H](C)O)C(=O)N[C@@H](CCCNC(=N)N)C(=O)NCC(=O)N[C@@H](Cc1ccccc1)C(=O)N3)C(=O)N[C@@H](CC(C)C)C(=O)N[C@H]1CSSC[C@H](NC(=O)[C@H](C(C)C)NC(=O)CNC(=O)[C@H](CCCNC(=N)N)NC(=O)[C@H](CCCNC(=N)N)NC1=O)C(=O)N[C@@H](CCCNC(=N)N)C(=O)N2,6.4089353929735005,BacillusAnthracis
137641350,N=C(N)NCCC[C@@H]1NC(=O)[C@H](CCCNC(=N)N)NC(=O)[C@@H]2CSSC[C@H](NC(=O)[C@H](Cc3c[nH]c4ccccc34)NC(=O)[C@H](CCCNC(=N)N)NC1=O)C(=O)N[C@@H](CCCNC(=N)N)C(=O)N[C@H]1CSSC[C@H](NC(=O)[C@H](CCCNC(=N)N)NC(=O)[C@@H]3CSSC[C@H](NC(=O)[C@H](Cc4c[nH]c5ccccc45)NC1=O)C(=O)N[C@@H](CCCNC(=N)N)C(=O)N[C@@H](CCCNC(=N)N)C(=O)N[C@@H](CCCNC(=N)N)C(=O)N[C@@H](Cc1c[nH]c4ccccc14)C(=O)N3)C(=O)N[C@@H](Cc1c[nH]c3ccccc13)C(=O)N2,7.366531544420414,BacillusAnthracis
137641350,N=C(N)NCCC[C@@H]1NC(=O)[C@H](CCCNC(=N)N)NC(=O)[C@@H]2CSSC[C@H](NC(=O)[C@H](Cc3c[nH]c4ccccc34)NC(=O)[C@H](CCCNC(=N)N)NC1=O)C(=O)N[C@@H](CCCNC(=N)N)C(=O)N[C@H]1CSSC[C@H](NC(=O)[C@H](CCCNC(=N)N)NC(=O)[C@@H]3CSSC[C@H](NC(=O)[C@H](Cc4c[nH]c5ccccc45)NC1=O)C(=O)N[C@@H](CCCNC(=N)N)C(=O)N[C@@H](CCCNC(=N)N)C(=O)N[C@@H](CCCNC(=N)N)C(=O)N[C@@H](Cc1c[nH]c4ccccc14)C(=O)N3)C(=O)N[C@@H](Cc1c[nH]c3ccccc13)C(=O)N2,7.744727494896693,BacillusAnthracis
137645962,CC[C@H](C)[C@@H]1NC(=O)[C@@H]2CSSC[C@H](NC(=O)[C@H](CCCNC(=N)N)NC(=O)[C@@H]3CSSC[C@H](NC1=O)C(=O)N[C@@H]([C@@H](C)O)C(=O)N[C@@H](CCCNC(=N)N)C(=O)NCC(=O)N[C@@H](Cc1ccccc1)C(=O)N3)C(=O)N[C@@H](Cc1c[nH]c3ccccc13)C(=O)N[C@H]1CSSC[C@H](NC(=O)[C@H](Cc3c[nH]c4ccccc34)NC(=O)[C@H](CCCNC(=N)N)NC(=O)[C@H](CCCNC(=N)N)NC(=O)[C@H](CCCNC(=N)N)NC1=O)C(=O)N[C@@H](CCCNC(=N)N)C(=O)N2,7.036212172654444,BacillusAnthracis
137650294,CC[C@H](C)[C@@H]1NC(=O)CNC(=O)[C@H](CCCNC(=N)N)NC(=O)[C@H](CCCNC(=N)N)NC(=O)[C@@H]2CSSC[C@H](NC1=O)C(=O)N[C@@H](CCCNC(=N)N)C(=O)N[C@H]1CSSC[C@H](NC(=O)[C@H](CCCNC(=N)N)NC(=O)[C@@H]3CSSC[C@H](NC(=O)[C@H]([C@@H](C)CC)NC1=O)C(=O)N[C@@H]([C@@H](C)O)C(=O)N[C@@H](CCCNC(=N)N)C(=O)NCC(=O)N[C@@H](Cc1ccccc1)C(=O)N3)C(=O)N[C@@H](CC(C)C)C(=O)N2,5.982549270489464,BacillusAnthracis
137650967,CC[C@H](C)[C@@H]1NC(=O)[C@@H]2CSSC[C@H](NC(=O)[C@H](CC(=O)O)NC(=O)[C@@H]3CSSC[C@H](NC1=O)C(=O)N[C@@H]([C@@H](C)O)C(=O)N[C@@H](CCCNC(=N)N)C(=O)NCC(=O)N[C@@H](Cc1ccccc1)C(=O)N3)C(=O)N[C@@H](CC(C)C)C(=O)N[C@H]1CSSC[C@H](NC(=O)[C@H](C(C)C)NC(=O)CNC(=O)[C@H](CCCNC(=N)N)NC(=O)[C@H](CCCNC(=N)N)NC1=O)C(=O)N[C@@H](CCCNC(=N)N)C(=O)N2,5.1938200260161125,BacillusAnthracis
137654048,CC[C@H](C)[C@@H]1NC(=O)[C@@H]2CSSC[C@H](NC(=O)[C@H](CCCNC(=N)N)NC(=O)[C@@H]3CSSC[C@H](NC1=O)C(=O)N[C@@H]([C@@H](C)O)C(=O)N[C@@H](CCCNC(=N)N)C(=O)NCC(=O)N[C@@H](Cc1ccccc1)C(=O)N3)C(=O)N[C@@H](CC(=O)O)C(=O)N[C@H]1CSSC[C@H](NC(=O)[C@H](C(C)C)NC(=O)CNC(=O)[C@H](CCCNC(=N)N)NC(=O)[C@H](CCCNC(=N)N)NC1=O)C(=O)N[C@@H](CCCNC(=N)N)C(=O)N2,5.711750774428014,BacillusAnthracis
137654231,CC[C@H](C)[C@@H]1NC(=O)[C@@H]2CSSC[C@H](NC(=O)[C@H](CCCNC(=N)N)NC(=O)[C@@H]3CSSC[C@H](NC1=O)C(=O)N[C@@H]([C@@H](C)O)C(=O)N[C@@H](CCC(=O)O)C(=O)NCC(=O)N[C@@H](Cc1ccccc1)C(=O)N3)C(=O)N[C@@H](CC(C)C)C(=O)N[C@H]1CSSC[C@H](NC(=O)[C@H](C(C)C)NC(=O)CNC(=O)[C@H](CCCNC(=N)N)NC(=O)[C@H](CCCNC(=N)N)NC1=O)C(=O)N[C@@H](CCCNC(=N)N)C(=O)N2,5.455931955649724,BacillusAnthracis
137654626,C[C@@H](O)[C@@H]1NC(=O)[C@@H]2CSSC[C@H](NC(=O)[C@H](Cc3ccccc3)NC(=O)CNC(=O)[C@H](CCCNC(=N)N)NC1=O)C(=O)N[C@@H](CCCNC(=N)N)C(=O)N[C@H]1CSSC[C@H](NC(=O)[C@H](CCCNC(=N)N)NC(=O)[C@@H]3CSSC[C@H](NC(=O)[C@H](Cc4c[nH]c5ccccc45)NC1=O)C(=O)N[C@@H](CCCNC(=N)N)C(=O)N[C@@H](CCCNC(=N)N)C(=O)N[C@@H](CCCNC(=N)N)C(=O)N[C@@H](Cc1c[nH]c4ccccc14)C(=O)N3)C(=O)N[C@@H](Cc1c[nH]c3ccccc13)C(=O)N2,7.0,BacillusAnthracis
137654654,CC[C@H](C)[C@@H]1NC(=O)[C@@H]2CSSC[C@H](NC(=O)[C@H](CCCNC(=N)N)NC(=O)[C@@H]3CSSC[C@H](NC1=O)C(=O)N[C@@H]([C@@H](C)O)C(=O)N[C@@H](CCCNC(=N)N)C(=O)NCC(=O)N[C@@H](Cc1ccccc1)C(=O)N3)C(=O)N[C@@H](CC(C)C)C(=O)N[C@H]1CSSC[C@H](NC(=O)[C@H](C(C)C)NC(=O)CNC(=O)[C@H](CCCNC(=N)N)NC(=O)[C@H](CC(C)C)NC1=O)C(=O)N[C@@H](CCCNC(=N)N)C(=O)N2,6.253365801062421,BacillusAnthracis
137655213,C[C@@H](O)[C@@H]1NC(=O)[C@@H]2CSSC[C@H](NC(=O)[C@H](Cc3c[nH]c4ccccc34)NC(=O)[C@H](CCCNC(=N)N)NC(=O)[C@H](CCCNC(=N)N)NC1=O)C(=O)N[C@@H](CCCNC(=N)N)C(=O)N[C@H]1CSSC[C@H](NC(=O)[C@H](CCCNC(=N)N)NC(=O)[C@@H]3CSSC[C@H](NC(=O)[C@H](Cc4c[nH]c5ccccc45)NC1=O)C(=O)N[C@@H](CCCNC(=N)N)C(=O)N[C@@H](CCCNC(=N)N)C(=O)N[C@@H](CCCNC(=N)N)C(=O)N[C@@H](Cc1c[nH]c4ccccc14)C(=O)N3)C(=O)N[C@@H](Cc1c[nH]c3ccccc13)C(=O)N2,7.214670164989233,BacillusAnthracis
137658315,CC[C@H](C)[C@@H]1NC(=O)[C@@H]2CSSC[C@H](NC(=O)[C@H](CCCNC(=N)N)NC(=O)[C@@H]3CSSC[C@H](NC1=O)C(=O)N[C@@H]([C@@H](C)O)C(=O)N[C@@H](CCCNC(=N)N)C(=O)NCC(=O)N[C@@H](Cc1ccccc1)C(=O)N3)C(=O)N[C@@H](Cc1c[nH]c3ccccc13)C(=O)N[C@H]1CSSC[C@H](NC(=O)[C@H](C(C)C)NC(=O)CNC(=O)[C@H](CCCNC(=N)N)NC(=O)[C@H](CCCNC(=N)N)NC1=O)C(=O)N[C@@H](CCCNC(=N)N)C(=O)N2,6.655607726314889,BacillusAnthracis
137658353,CC[C@H](C)[C@@H]1NC(=O)[C@@H]2CSSC[C@H](NC(=O)[C@H](CCCNC(=N)N)NC(=O)[C@@H]3CSSC[C@H](NC1=O)C(=O)N[C@@H]([C@@H](C)O)C(=O)N[C@@H](CCCNC(=N)N)C(=O)NCC(=O)N[C@@H](Cc1ccccc1)C(=O)N3)C(=O)N[C@@H](CC(C)C)C(=O)N[C@H]1CSSC[C@H](NC(=O)[C@H](C(C)C)NC(=O)[C@H](CC(=O)O)NC(=O)[C@H](CCCNC(=N)N)NC(=O)[C@H](CCCNC(=N)N)NC1=O)C(=O)N[C@@H](CCCNC(=N)N)C(=O)N2,6.146301788223826,BacillusAnthracis
137658826,CC[C@@H]1NC(=O)[C@H](CCCNC(=N)N)NC(=O)[C@H](CO)NC(=O)[C@H](C(C)C)NC(=O)CNC(=O)[C@H](CCCNC(=N)N)NC(=O)[C@H](CCCNC(=N)N)NC(=O)[C@H](CS)NC(=O)[C@H](CC(C)C)NC(=O)[C@H](CO)NC(=O)[C@H](CCCNC(=N)N)NC(=O)[C@H](CO)NC(=O)[C@H](Cc2ccccc2)NC(=O)CNC(=O)[C@H](CCCNC(=N)N)NC(=O)[C@H]([C@@H](C)O)NC(=O)[C@H](CO)NC(=O)[C@H]([C@@H](C)CC)NC1=O,5.0,BacillusAnthracis
137661162,CC[C@H](C)[C@@H]1NC(=O)[C@@H]2CSSC[C@H](NC(=O)[C@H](CCCNC(=N)N)NC(=O)[C@@H]3CSSC[C@H](NC1=O)C(=O)N[C@@H]([C@@H](C)O)C(=O)N[C@@H](CCCNC(=N)N)C(=O)NCC(=O)N[C@@H](Cc1ccccc1)C(=O)N3)C(=O)N[C@@H](CC(C)C)C(=O)N[C@H]1CSSC[C@H](NC(=O)[C@H](Cc3c[nH]c4ccccc34)NC(=O)[C@H](CCCNC(=N)N)NC(=O)[C@H](CCCNC(=N)N)NC(=O)[C@H](CCCNC(=N)N)NC1=O)C(=O)N[C@@H](CCCNC(=N)N)C(=O)N2,6.903089986991944,BacillusAnthracis
16130642,CC[C@H](C)[C@@H]1NC(=O)[C@@H]2CSSC[C@H](NC(=O)[C@H](CCCNC(=N)N)NC(=O)[C@@H]3CSSC[C@H](NC1=O)C(=O)N[C@@H]([C@@H](C)O)C(=O)N[C@@H](CCCNC(=N)N)C(=O)NCC(=O)N[C@@H](Cc1ccccc1)C(=O)N3)C(=O)N[C@@H](CC(C)C)C(=O)N[C@H]1CSSC[C@H](NC(=O)[C@H](C(C)C)NC(=O)CNC(=O)[C@H](CCCNC(=N)N)NC(=O)[C@H](CCCNC(=N)N)NC1=O)C(=O)N[C@@H](CCCNC(=N)N)C(=O)N2,5.975104039892515,BacillusAnthracis
137641350,N=C(N)NCCC[C@@H]1NC(=O)[C@H](CCCNC(=N)N)NC(=O)[C@@H]2CSSC[C@H](NC(=O)[C@H](Cc3c[nH]c4ccccc34)NC(=O)[C@H](CCCNC(=N)N)NC1=O)C(=O)N[C@@H](CCCNC(=N)N)C(=O)N[C@H]1CSSC[C@H](NC(=O)[C@H](CCCNC(=N)N)NC(=O)[C@@H]3CSSC[C@H](NC(=O)[C@H](Cc4c[nH]c5ccccc45)NC1=O)C(=O)N[C@@H](CCCNC(=N)N)C(=O)N[C@@H](CCCNC(=N)N)C(=O)N[C@@H](CCCNC(=N)N)C(=O)N[C@@H](Cc1c[nH]c4ccccc14)C(=O)N3)C(=O)N[C@@H](Cc1c[nH]c3ccccc13)C(=O)N2,6.6020599913279625,BacillusAnthracis
137654626,C[C@@H](O)[C@@H]1NC(=O)[C@@H]2CSSC[C@H](NC(=O)[C@H](Cc3ccccc3)NC(=O)CNC(=O)[C@H](CCCNC(=N)N)NC1=O)C(=O)N[C@@H](CCCNC(=N)N)C(=O)N[C@H]1CSSC[C@H](NC(=O)[C@H](CCCNC(=N)N)NC(=O)[C@@H]3CSSC[C@H](NC(=O)[C@H](Cc4c[nH]c5ccccc45)NC1=O)C(=O)N[C@@H](CCCNC(=N)N)C(=O)N[C@@H](CCCNC(=N)N)C(=O)N[C@@H](CCCNC(=N)N)C(=O)N[C@@H](Cc1c[nH]c4ccccc14)C(=O)N3)C(=O)N[C@@H](Cc1c[nH]c3ccccc13)C(=O)N2,6.6020599913279625,BacillusAnthracis
2956323,O=C(Nc1ccc([N+](=O)[O-])cc1)Nc1ccc(S(=O)(=O)Nc2ccc(Cl)c(Cl)c2)cc1,5.1938200260161125,BacillusAnthracis
44203969,NCc1ccc(S(=O)(=O)Nc2ccc(NC(=O)Nc3cccc([N+](=O)[O-])c3)cc2)cc1,4.815308569182402,BacillusAnthracis
44203969,NCc1ccc(S(=O)(=O)Nc2ccc(NC(=O)Nc3cccc([N+](=O)[O-])c3)cc2)cc1,3.619788758288394,BacillusAnthracis
17748273,O=C(NO)c1ccc(-c2cccc3ccccc23)cc1,4.642065152999546,BacillusAnthracis
17748273,O=C(NO)c1ccc(-c2cccc3ccccc23)cc1,4.376750709602099,BacillusAnthracis
17748273,O=C(NO)c1ccc(-c2cccc3ccccc23)cc1,4.363512103646634,BacillusAnthracis
17748273,O=C(NO)c1ccc(-c2cccc3ccccc23)cc1,3.87942606879415,BacillusAnthracis
17748273,O=C(NO)c1ccc(-c2cccc3ccccc23)cc1,5.060480747381382,BacillusAnthracis
17748273,O=C(NO)c1ccc(-c2cccc3ccccc23)cc1,4.180456064458132,BacillusAnthracis
3194,O=c1c2ccccc2[se]n1-c1ccccc1,6.0,BacillusAnthracis
25128766,NC[C@@H]1O[C@H](O[C@H]2[C@@H](O)[C@H](O[C@@H]3[C@@H](O)[C@H](N)C[C@H](N)[C@H]3O[C@H]3O[C@H](CN)[C@@H](O)[C@H](O)[C@H]3N)O[C@@H]2CNC(=O)CCCc2ccc3ccc4cccc5ccc2c3c45)[C@H](N)[C@@H](O)[C@@H]1O,4.903089986991944,BacillusAnthracis
8378,NC[C@@H]1O[C@H](O[C@H]2[C@@H](O)[C@H](O[C@@H]3[C@@H](O)[C@H](N)C[C@H](N)[C@H]3O[C@H]3O[C@H](CN)[C@@H](O)[C@H](O)[C@H]3N)O[C@@H]2CO)[C@H](N)[C@@H](O)[C@@H]1O,5.806875401645539,BacillusAnthracis
155515978,NC[C@@H]1O[C@H](O[C@H]2[C@@H](O)[C@H](O[C@@H]3[C@@H](O)[C@H](N)C[C@H](N)[C@H]3O[C@H]3O[C@H](CN)[C@@H](O)[C@H](O)[C@H]3N)O[C@@H]2CSCCNC(=O)Cc2ccc3ccc4cccc5ccc2c3c45)[C@H](N)[C@@H](O)[C@@H]1O,5.204119982655925,BacillusAnthracis
155526404,NC[C@@H]1O[C@H](O[C@H]2[C@@H](O)[C@H](O[C@@H]3[C@@H](O)[C@H](N)C[C@H](N)[C@H]3O[C@H]3O[C@H](CN)[C@@H](O)[C@H](O)[C@H]3N)O[C@@H]2CSCCNC(=S)NCCCCCCNC(=O)CCCc2ccc3ccc4cccc5ccc2c3c45)[C@H](N)[C@@H](O)[C@@H]1O,5.504455662453552,BacillusAnthracis
102021958,NC[C@@H]1O[C@H](O[C@H]2[C@@H](O)[C@H](O[C@@H]3[C@@H](O)[C@H](N)C[C@H](N)[C@H]3O[C@H]3O[C@H](CN)[C@@H](O)[C@H](O)[C@H]3N)O[C@@H]2CSCCNC(=O)CCCc2ccc3ccc4cccc5ccc2c3c45)[C@H](N)[C@@H](O)[C@@H]1O,5.204119982655925,BacillusAnthracis
1868,COc1ccc2[nH]c3c(c2c1)CCNC3,3.230622673923861,BacillusAnthracis
29147548,COc1ccc2[nH]c3c(c2c1)CN(C(C)=O)CC3,3.688246138944246,BacillusAnthracis
702220,CCC(=O)Nc1cc(OC)cc(OC)c1,3.8041003475907664,BacillusAnthracis
699704,CCC(=O)Nc1ccc(OC)cc1OC,3.769551078621726,BacillusAnthracis
6462759,CCS(=O)(=O)N(C)c1ccc(C(=O)N2CCCC2)cc1,4.173925197299174,BacillusAnthracis
25239626,CSC1(NC#N)NCCc2c1[nH]c1ccc(F)cc21,4.173925197299174,BacillusAnthracis
25252030,COc1ccc2[nH]c3c(c2c1)CCNC3(NC#N)SC,4.6777807052660805,BacillusAnthracis
16459997,COc1ccc2[nH]c3c(c2c1)CCNC31CCOCC1,3.42021640338319,BacillusAnthracis
3159598,CCC1NCCn2cccc21,4.173925197299174,BacillusAnthracis
17608739,Cn1ccc2c(CO)cccc21,4.173925197299174,BacillusAnthracis
1868,COc1ccc2[nH]c3c(c2c1)CCNC3,3.170696227168975,BacillusAnthracis
29147548,COc1ccc2[nH]c3c(c2c1)CN(C(C)=O)CC3,3.6675615400843946,BacillusAnthracis
702220,CCC(=O)Nc1cc(OC)cc(OC)c1,3.55129368009492,BacillusAnthracis
699704,CCC(=O)Nc1ccc(OC)cc1OC,3.769551078621726,BacillusAnthracis
25239626,CSC1(NC#N)NCCc2c1[nH]c1ccc(F)cc21,3.0,BacillusAnthracis
25252030,COc1ccc2[nH]c3c(c2c1)CCNC3(NC#N)SC,3.8416375079047502,BacillusAnthracis
16459997,COc1ccc2[nH]c3c(c2c1)CCNC31CCOCC1,3.503070351926785,BacillusAnthracis
25023874,CC(C)CCCC(C)CCOc1ccc[n+](CC(P(=O)([O-])O)P(=O)(O)O)c1,4.481486060122113,BacillusAnthracis
155510356,CC(C)CCCC(C)CCOc1ccc[n+](CC(O)(P(=O)([O-])O)P(=O)(O)O)c1,3.9355420107730814,BacillusAnthracis
155510599,CC(C)CCCC(C)CCOc1cc[n+](CC(P(=O)([O-])O)P(=O)(O)O)cc1,4.180456064458132,BacillusAnthracis
155539992,CC(C)CCCC(C)CCCc1cccc(NCC(P(=O)(O)O)P(=O)(O)O)n1,4.136677139879544,BacillusAnthracis
155540169,CC(C)CCCC(C)c1cnc(NCC(P(=O)(O)O)P(=O)(O)O)s1,3.8538719643217614,BacillusAnthracis
155540874,CC(C)CCCC(C)CCOc1ccnc(NCC(P(=O)(O)O)P(=O)(O)O)c1,3.9208187539523753,BacillusAnthracis
155540956,CCCCCCCCCCCCCc1ccc[n+](CC(P(=O)([O-])O)P(=O)(O)O)c1,4.173925197299174,BacillusAnthracis
155542175,CC(C)CCCC(C)CCCc1ccc[n+](CC(P(=O)([O-])O)P(=O)(O)O)c1,4.508638306165727,BacillusAnthracis
155544285,CC(C)CCCC(C)CCCn1cc[n+](CC(P(=O)([O-])O)P(=O)(O)O)c1,4.200659450546419,BacillusAnthracis
155544647,CC(C)CCCC(C)CCCC(C)CCOc1ccc[n+](CC(P(=O)([O-])O)P(=O)(O)O)c1,4.346787486224656,BacillusAnthracis
155545160,CC(C)CCCC(C)CCSc1cc[n+](CC(P(=O)([O-])O)P(=O)(O)O)cc1,4.1487416512809245,BacillusAnthracis
155547938,CC(C)CCCC(C)CCc1cnc(NCC(P(=O)(O)O)P(=O)(O)O)s1,4.075720713938118,BacillusAnthracis
155548374,CC(C)CCCC(C)CCCC(C)CCCC(C)CCOc1ccc[n+](CC(P(=O)([O-])O)P(=O)(O)O)c1,4.356547323513813,BacillusAnthracis
155552918,CC(C)CCCC(C)CCOc1ccnc(NC(P(=O)(O)O)P(=O)(O)O)c1,3.8538719643217614,BacillusAnthracis
155553056,CCCCCCCCCCCc1ccc[n+](CC(P(=O)([O-])O)P(=O)(O)O)c1,4.522878745280337,BacillusAnthracis
155553387,CC(C)CCCC(C)CCOc1cc(NCC(P(=O)(O)O)P(=O)(O)O)ccn1,4.096910013008056,BacillusAnthracis
155556240,CC(C)CCCC(C)CCNc1ccc[n+](CC(P(=O)([O-])O)P(=O)(O)O)c1,4.508638306165727,BacillusAnthracis
155560164,CC(C)CCCC(C)CCn1cc[n+](CC(P(=O)([O-])O)P(=O)(O)O)c1,4.0655015487564325,BacillusAnthracis
155560754,CC(C)CCCC(C)CCSc1ccc[n+](CC(P(=O)([O-])O)P(=O)(O)O)c1,4.3872161432802645,BacillusAnthracis
132014663,O=P(O)(O)C(CNc1nccs1)P(=O)(O)O,3.0969100130080567,BacillusAnthracis
155562529,CC(C)CCCC(C)CCc1csc(NCC(P(=O)(O)O)P(=O)(O)O)n1,4.267606240177032,BacillusAnthracis
155562995,CC(C)CCOc1ccc[n+](CC(P(=O)([O-])O)P(=O)(O)O)c1,4.318758762624412,BacillusAnthracis
155563757,CC(C)CCCC(C)CCCc1cc[n+](CC(P(=O)([O-])O)P(=O)(O)O)cc1,4.301029995663981,BacillusAnthracis
155568321,CC(C)CCCC(C)CCOc1cccc(NCC(P(=O)(O)O)P(=O)(O)O)n1,3.8538719643217614,BacillusAnthracis
25023874,CC(C)CCCC(C)CCOc1ccc[n+](CC(P(=O)([O-])O)P(=O)(O)O)c1,5.619788758288394,BacillusAnthracis
155510356,CC(C)CCCC(C)CCOc1ccc[n+](CC(O)(P(=O)([O-])O)P(=O)(O)O)c1,5.086186147616283,BacillusAnthracis
155510599,CC(C)CCCC(C)CCOc1cc[n+](CC(P(=O)([O-])O)P(=O)(O)O)cc1,4.853871964321762,BacillusAnthracis
155539992,CC(C)CCCC(C)CCCc1cccc(NCC(P(=O)(O)O)P(=O)(O)O)n1,4.221848749616356,BacillusAnthracis
155540169,CC(C)CCCC(C)c1cnc(NCC(P(=O)(O)O)P(=O)(O)O)s1,3.6020599913279625,BacillusAnthracis
155540874,CC(C)CCCC(C)CCOc1ccnc(NCC(P(=O)(O)O)P(=O)(O)O)c1,3.3767507096021,BacillusAnthracis
155540956,CCCCCCCCCCCCCc1ccc[n+](CC(P(=O)([O-])O)P(=O)(O)O)c1,4.920818753952375,BacillusAnthracis
155542175,CC(C)CCCC(C)CCCc1ccc[n+](CC(P(=O)([O-])O)P(=O)(O)O)c1,5.2839966563652006,BacillusAnthracis
155544285,CC(C)CCCC(C)CCCn1cc[n+](CC(P(=O)([O-])O)P(=O)(O)O)c1,5.3872161432802645,BacillusAnthracis
155544647,CC(C)CCCC(C)CCCC(C)CCOc1ccc[n+](CC(P(=O)([O-])O)P(=O)(O)O)c1,4.136677139879544,BacillusAnthracis
155545160,CC(C)CCCC(C)CCSc1cc[n+](CC(P(=O)([O-])O)P(=O)(O)O)cc1,4.795880017344075,BacillusAnthracis
155547938,CC(C)CCCC(C)CCc1cnc(NCC(P(=O)(O)O)P(=O)(O)O)s1,4.309803919971486,BacillusAnthracis
155548374,CC(C)CCCC(C)CCCC(C)CCCC(C)CCOc1ccc[n+](CC(P(=O)([O-])O)P(=O)(O)O)c1,3.337242168318426,BacillusAnthracis
155552918,CC(C)CCCC(C)CCOc1ccnc(NC(P(=O)(O)O)P(=O)(O)O)c1,3.638272163982408,BacillusAnthracis
155553056,CCCCCCCCCCCc1ccc[n+](CC(P(=O)([O-])O)P(=O)(O)O)c1,5.318758762624413,BacillusAnthracis
155553387,CC(C)CCCC(C)CCOc1cc(NCC(P(=O)(O)O)P(=O)(O)O)ccn1,4.318758762624412,BacillusAnthracis
155556240,CC(C)CCCC(C)CCNc1ccc[n+](CC(P(=O)([O-])O)P(=O)(O)O)c1,5.2441251443275085,BacillusAnthracis
155560164,CC(C)CCCC(C)CCn1cc[n+](CC(P(=O)([O-])O)P(=O)(O)O)c1,4.920818753952375,BacillusAnthracis
155560754,CC(C)CCCC(C)CCSc1ccc[n+](CC(P(=O)([O-])O)P(=O)(O)O)c1,5.1938200260161125,BacillusAnthracis
132014663,O=P(O)(O)C(CNc1nccs1)P(=O)(O)O,3.468521082957745,BacillusAnthracis
155562529,CC(C)CCCC(C)CCc1csc(NCC(P(=O)(O)O)P(=O)(O)O)n1,4.721246399047171,BacillusAnthracis
155562995,CC(C)CCOc1ccc[n+](CC(P(=O)([O-])O)P(=O)(O)O)c1,3.9208187539523753,BacillusAnthracis
155563757,CC(C)CCCC(C)CCCc1cc[n+](CC(P(=O)([O-])O)P(=O)(O)O)cc1,5.130768280269024,BacillusAnthracis
155568321,CC(C)CCCC(C)CCOc1cccc(NCC(P(=O)(O)O)P(=O)(O)O)n1,3.7695510786217263,BacillusAnthracis
25023874,CC(C)CCCC(C)CCOc1ccc[n+](CC(P(=O)([O-])O)P(=O)(O)O)c1,4.853871964321762,BacillusAnthracis
155510356,CC(C)CCCC(C)CCOc1ccc[n+](CC(O)(P(=O)([O-])O)P(=O)(O)O)c1,4.638272163982407,BacillusAnthracis
155510599,CC(C)CCCC(C)CCOc1cc[n+](CC(P(=O)([O-])O)P(=O)(O)O)cc1,3.4559319556497243,BacillusAnthracis
155539992,CC(C)CCCC(C)CCCc1cccc(NCC(P(=O)(O)O)P(=O)(O)O)n1,3.677780705266081,BacillusAnthracis
155540169,CC(C)CCCC(C)c1cnc(NCC(P(=O)(O)O)P(=O)(O)O)s1,3.619788758288394,BacillusAnthracis
155540874,CC(C)CCCC(C)CCOc1ccnc(NCC(P(=O)(O)O)P(=O)(O)O)c1,3.619788758288394,BacillusAnthracis
155540956,CCCCCCCCCCCCCc1ccc[n+](CC(P(=O)([O-])O)P(=O)(O)O)c1,4.795880017344075,BacillusAnthracis
155542175,CC(C)CCCC(C)CCCc1ccc[n+](CC(P(=O)([O-])O)P(=O)(O)O)c1,4.853871964321762,BacillusAnthracis
155544285,CC(C)CCCC(C)CCCn1cc[n+](CC(P(=O)([O-])O)P(=O)(O)O)c1,5.468521082957745,BacillusAnthracis
155544647,CC(C)CCCC(C)CCCC(C)CCOc1ccc[n+](CC(P(=O)([O-])O)P(=O)(O)O)c1,3.744727494896694,BacillusAnthracis
155545160,CC(C)CCCC(C)CCSc1cc[n+](CC(P(=O)([O-])O)P(=O)(O)O)cc1,3.795880017344075,BacillusAnthracis
155547938,CC(C)CCCC(C)CCc1cnc(NCC(P(=O)(O)O)P(=O)(O)O)s1,3.4559319556497243,BacillusAnthracis
155548374,CC(C)CCCC(C)CCCC(C)CCCC(C)CCOc1ccc[n+](CC(P(=O)([O-])O)P(=O)(O)O)c1,3.431798275933005,BacillusAnthracis
155552918,CC(C)CCCC(C)CCOc1ccnc(NC(P(=O)(O)O)P(=O)(O)O)c1,3.795880017344075,BacillusAnthracis
155553056,CCCCCCCCCCCc1ccc[n+](CC(P(=O)([O-])O)P(=O)(O)O)c1,4.853871964321762,BacillusAnthracis
155553387,CC(C)CCCC(C)CCOc1cc(NCC(P(=O)(O)O)P(=O)(O)O)ccn1,3.7695510786217263,BacillusAnthracis
155556240,CC(C)CCCC(C)CCNc1ccc[n+](CC(P(=O)([O-])O)P(=O)(O)O)c1,4.886056647693163,BacillusAnthracis
155560164,CC(C)CCCC(C)CCn1cc[n+](CC(P(=O)([O-])O)P(=O)(O)O)c1,4.42021640338319,BacillusAnthracis
155560754,CC(C)CCCC(C)CCSc1ccc[n+](CC(P(=O)([O-])O)P(=O)(O)O)c1,4.853871964321762,BacillusAnthracis
132014663,O=P(O)(O)C(CNc1nccs1)P(=O)(O)O,3.0,BacillusAnthracis
155562529,CC(C)CCCC(C)CCc1csc(NCC(P(=O)(O)O)P(=O)(O)O)n1,3.4559319556497243,BacillusAnthracis
155562995,CC(C)CCOc1ccc[n+](CC(P(=O)([O-])O)P(=O)(O)O)c1,3.744727494896694,BacillusAnthracis
155563757,CC(C)CCCC(C)CCCc1cc[n+](CC(P(=O)([O-])O)P(=O)(O)O)cc1,4.769551078621726,BacillusAnthracis
155568321,CC(C)CCCC(C)CCOc1cccc(NCC(P(=O)(O)O)P(=O)(O)O)n1,3.337242168318426,BacillusAnthracis
25023874,CC(C)CCCC(C)CCOc1ccc[n+](CC(P(=O)([O-])O)P(=O)(O)O)c1,5.267606240177032,BacillusAnthracis
155510356,CC(C)CCCC(C)CCOc1ccc[n+](CC(O)(P(=O)([O-])O)P(=O)(O)O)c1,5.259637310505756,BacillusAnthracis
155510599,CC(C)CCCC(C)CCOc1cc[n+](CC(P(=O)([O-])O)P(=O)(O)O)cc1,5.229147988357856,BacillusAnthracis
155539992,CC(C)CCCC(C)CCCc1cccc(NCC(P(=O)(O)O)P(=O)(O)O)n1,5.161150909262744,BacillusAnthracis
155540169,CC(C)CCCC(C)c1cnc(NCC(P(=O)(O)O)P(=O)(O)O)s1,4.552841968657781,BacillusAnthracis
155540874,CC(C)CCCC(C)CCOc1ccnc(NCC(P(=O)(O)O)P(=O)(O)O)c1,4.585026652029182,BacillusAnthracis
155540956,CCCCCCCCCCCCCc1ccc[n+](CC(P(=O)([O-])O)P(=O)(O)O)c1,5.309803919971486,BacillusAnthracis
155542175,CC(C)CCCC(C)CCCc1ccc[n+](CC(P(=O)([O-])O)P(=O)(O)O)c1,5.301029995663981,BacillusAnthracis
155544285,CC(C)CCCC(C)CCCn1cc[n+](CC(P(=O)([O-])O)P(=O)(O)O)c1,5.356547323513813,BacillusAnthracis
155544647,CC(C)CCCC(C)CCCC(C)CCOc1ccc[n+](CC(P(=O)([O-])O)P(=O)(O)O)c1,5.0,BacillusAnthracis
155545160,CC(C)CCCC(C)CCSc1cc[n+](CC(P(=O)([O-])O)P(=O)(O)O)cc1,5.6020599913279625,BacillusAnthracis
155547938,CC(C)CCCC(C)CCc1cnc(NCC(P(=O)(O)O)P(=O)(O)O)s1,4.769551078621726,BacillusAnthracis
155548374,CC(C)CCCC(C)CCCC(C)CCCC(C)CCOc1ccc[n+](CC(P(=O)([O-])O)P(=O)(O)O)c1,4.853871964321762,BacillusAnthracis
155552918,CC(C)CCCC(C)CCOc1ccnc(NC(P(=O)(O)O)P(=O)(O)O)c1,5.2839966563652006,BacillusAnthracis
155553056,CCCCCCCCCCCc1ccc[n+](CC(P(=O)([O-])O)P(=O)(O)O)c1,5.853871964321762,BacillusAnthracis
155553387,CC(C)CCCC(C)CCOc1cc(NCC(P(=O)(O)O)P(=O)(O)O)ccn1,5.136677139879544,BacillusAnthracis
155556240,CC(C)CCCC(C)CCNc1ccc[n+](CC(P(=O)([O-])O)P(=O)(O)O)c1,5.721246399047171,BacillusAnthracis
155560164,CC(C)CCCC(C)CCn1cc[n+](CC(P(=O)([O-])O)P(=O)(O)O)c1,4.958607314841775,BacillusAnthracis
155560754,CC(C)CCCC(C)CCSc1ccc[n+](CC(P(=O)([O-])O)P(=O)(O)O)c1,6.045757490560675,BacillusAnthracis
132014663,O=P(O)(O)C(CNc1nccs1)P(=O)(O)O,5.096910013008056,BacillusAnthracis
155562529,CC(C)CCCC(C)CCc1csc(NCC(P(=O)(O)O)P(=O)(O)O)n1,4.920818753952375,BacillusAnthracis
155562995,CC(C)CCOc1ccc[n+](CC(P(=O)([O-])O)P(=O)(O)O)c1,4.619788758288394,BacillusAnthracis
155563757,CC(C)CCCC(C)CCCc1cc[n+](CC(P(=O)([O-])O)P(=O)(O)O)cc1,5.2839966563652006,BacillusAnthracis
155568321,CC(C)CCCC(C)CCOc1cccc(NCC(P(=O)(O)O)P(=O)(O)O)n1,5.017728766960432,BacillusAnthracis
25023874,CC(C)CCCC(C)CCOc1ccc[n+](CC(P(=O)([O-])O)P(=O)(O)O)c1,3.207608310501746,BacillusAnthracis
155510356,CC(C)CCCC(C)CCOc1ccc[n+](CC(O)(P(=O)([O-])O)P(=O)(O)O)c1,2.958607314841775,BacillusAnthracis
155510599,CC(C)CCCC(C)CCOc1cc[n+](CC(P(=O)([O-])O)P(=O)(O)O)cc1,3.0,BacillusAnthracis
155539992,CC(C)CCCC(C)CCCc1cccc(NCC(P(=O)(O)O)P(=O)(O)O)n1,2.958607314841775,BacillusAnthracis
155540956,CCCCCCCCCCCCCc1ccc[n+](CC(P(=O)([O-])O)P(=O)(O)O)c1,4.318758762624412,BacillusAnthracis
155542175,CC(C)CCCC(C)CCCc1ccc[n+](CC(P(=O)([O-])O)P(=O)(O)O)c1,3.337242168318426,BacillusAnthracis
155544285,CC(C)CCCC(C)CCCn1cc[n+](CC(P(=O)([O-])O)P(=O)(O)O)c1,3.356547323513813,BacillusAnthracis
155545160,CC(C)CCCC(C)CCSc1cc[n+](CC(P(=O)([O-])O)P(=O)(O)O)cc1,3.0,BacillusAnthracis
155551662,O=P([O-])(O)C(C[n+]1ccn(CCCc2ccc(F)c(F)c2)c1)P(=O)(O)O,3.2218487496163566,BacillusAnthracis
155552918,CC(C)CCCC(C)CCOc1ccnc(NC(P(=O)(O)O)P(=O)(O)O)c1,2.886056647693163,BacillusAnthracis
155553056,CCCCCCCCCCCc1ccc[n+](CC(P(=O)([O-])O)P(=O)(O)O)c1,3.657577319177794,BacillusAnthracis
155553387,CC(C)CCCC(C)CCOc1cc(NCC(P(=O)(O)O)P(=O)(O)O)ccn1,2.920818753952376,BacillusAnthracis
155556240,CC(C)CCCC(C)CCNc1ccc[n+](CC(P(=O)([O-])O)P(=O)(O)O)c1,3.356547323513813,BacillusAnthracis
155560164,CC(C)CCCC(C)CCn1cc[n+](CC(P(=O)([O-])O)P(=O)(O)O)c1,3.3767507096021,BacillusAnthracis
155560754,CC(C)CCCC(C)CCSc1ccc[n+](CC(P(=O)([O-])O)P(=O)(O)O)c1,3.292429823902064,BacillusAnthracis
155563757,CC(C)CCCC(C)CCCc1cc[n+](CC(P(=O)([O-])O)P(=O)(O)O)cc1,3.154901959985743,BacillusAnthracis
25023874,CC(C)CCCC(C)CCOc1ccc[n+](CC(P(=O)([O-])O)P(=O)(O)O)c1,7.920818753952375,BacillusAnthracis
25014899,CCCCCCCCCCOc1ccc[n+](CC(P(=O)([O-])O)P(=O)(O)O)c1,8.221848749616356,BacillusAnthracis
25023868,CCCCCCCCCCOc1cccc(CC(O)(P(=O)(O)O)P(=O)(O)O)c1,4.958607314841775,BacillusAnthracis
10360553,CCCCCCCCCCCCCCOc1cccc(O)c1C(=O)O,5.823908740944319,BacillusAnthracis
11305096,O=P([O-])(O)C(O)(C[n+]1cccc(-c2cccc(-c3ccccc3)c2)c1)P(=O)(O)O,5.920818753952375,BacillusAnthracis
16122553,O=P(O)(O)C(O)(Cc1cccc(-c2cccc3c2oc2ccccc23)c1)P(=O)(O)O,5.958607314841775,BacillusAnthracis
25023874,CC(C)CCCC(C)CCOc1ccc[n+](CC(P(=O)([O-])O)P(=O)(O)O)c1,7.0,BacillusAnthracis
25014899,CCCCCCCCCCOc1ccc[n+](CC(P(=O)([O-])O)P(=O)(O)O)c1,6.958607314841775,BacillusAnthracis
155542539,CCCCCCCCOc1cccc(C(=O)Nc2ccc(F)cc2C(=O)O)c1,5.494850021680094,BacillusAnthracis
155552918,CC(C)CCCC(C)CCOc1ccnc(NC(P(=O)(O)O)P(=O)(O)O)c1,5.275724130399211,BacillusAnthracis
155568321,CC(C)CCCC(C)CCOc1cccc(NCC(P(=O)(O)O)P(=O)(O)O)n1,5.267606240177032,BacillusAnthracis
25023874,CC(C)CCCC(C)CCOc1ccc[n+](CC(P(=O)([O-])O)P(=O)(O)O)c1,4.119186407719209,BacillusAnthracis
155510599,CC(C)CCCC(C)CCOc1cc[n+](CC(P(=O)([O-])O)P(=O)(O)O)cc1,3.0969100130080567,BacillusAnthracis
155542175,CC(C)CCCC(C)CCCc1ccc[n+](CC(P(=O)([O-])O)P(=O)(O)O)c1,3.8538719643217614,BacillusAnthracis
155551662,O=P([O-])(O)C(C[n+]1ccn(CCCc2ccc(F)c(F)c2)c1)P(=O)(O)O,4.886056647693163,BacillusAnthracis
155553056,CCCCCCCCCCCc1ccc[n+](CC(P(=O)([O-])O)P(=O)(O)O)c1,5.136677139879544,BacillusAnthracis
155563757,CC(C)CCCC(C)CCCc1cc[n+](CC(P(=O)([O-])O)P(=O)(O)O)cc1,3.0,BacillusAnthracis
25023874,CC(C)CCCC(C)CCOc1ccc[n+](CC(P(=O)([O-])O)P(=O)(O)O)c1,6.638272163982407,BacillusAnthracis
155510599,CC(C)CCCC(C)CCOc1cc[n+](CC(P(=O)([O-])O)P(=O)(O)O)cc1,4.0,BacillusAnthracis
25014899,CCCCCCCCCCOc1ccc[n+](CC(P(=O)([O-])O)P(=O)(O)O)c1,6.552841968657781,BacillusAnthracis
25023868,CCCCCCCCCCOc1cccc(CC(O)(P(=O)(O)O)P(=O)(O)O)c1,6.229147988357856,BacillusAnthracis
121586,O.O=P(O)(O)C(O)(Cn1ccnc1)P(=O)(O)O,4.0,BacillusAnthracis
25023874,CC(C)CCCC(C)CCOc1ccc[n+](CC(P(=O)([O-])O)P(=O)(O)O)c1,6.638272163982407,BacillusAnthracis
25014899,CCCCCCCCCCOc1ccc[n+](CC(P(=O)([O-])O)P(=O)(O)O)c1,7.0,BacillusAnthracis
25023868,CCCCCCCCCCOc1cccc(CC(O)(P(=O)(O)O)P(=O)(O)O)c1,3.2596373105057563,BacillusAnthracis
121586,O.O=P(O)(O)C(O)(Cn1ccnc1)P(=O)(O)O,6.6020599913279625,BacillusAnthracis
25023874,CC(C)CCCC(C)CCOc1ccc[n+](CC(P(=O)([O-])O)P(=O)(O)O)c1,4.180456064458132,BacillusAnthracis
25023874,CC(C)CCCC(C)CCOc1ccc[n+](CC(P(=O)([O-])O)P(=O)(O)O)c1,4.180456064458132,BacillusAnthracis
445713,CC(C)=CCC/C(C)=C/CC/C(C)=C/COP(=O)(O)OP(=O)(O)O,4.455931955649724,BacillusAnthracis
14969,CN[C@H](CC(C)C)C(=O)N[C@H]1C(=O)N[C@@H](CC(N)=O)C(=O)N[C@H]2C(=O)N[C@H]3C(=O)N[C@H](C(=O)N[C@H](C(=O)O)c4cc(O)cc(O)c4-c4cc3ccc4O)[C@H](O)c3ccc(c(Cl)c3)Oc3cc2cc(c3O[C@@H]2O[C@H](CO)[C@@H](O)[C@H](O)[C@H]2O[C@H]2C[C@](C)(N)[C@H](O)[C@H](C)O2)Oc2ccc(cc2Cl)[C@H]1O,1.585026652029182,BacillusAnthracis
173923,CSSc1ccccn1,1.3187587626244128,BacillusAnthracis
25001887,CCC(C)SSc1ccccn1,1.6382721639824072,BacillusAnthracis
117618905,CC(C)C(C)SSc1ccccn1,1.6777807052660807,BacillusAnthracis
58493161,CCCCCSSc1ccccn1,1.3010299956639813,BacillusAnthracis
162650625,CCCCCCCCCSSc1ccccn1,1.6020599913279625,BacillusAnthracis
14899157,c1ccc(SSC2CCCCC2)nc1,1.585026652029182,BacillusAnthracis
85807422,CCCCCCSSc1ccccn1,1.3010299956639813,BacillusAnthracis
12278996,CCSSc1ccccn1,1.3010299956639813,BacillusAnthracis
155476264,c1ccc(SSC2CCCC2)nc1,1.6575773191777938,BacillusAnthracis
141482874,CCCCCCCCSSc1ccccn1,1.3187587626244128,BacillusAnthracis
121263302,CC(C)CSSc1ccccn1,1.3010299956639813,BacillusAnthracis
11333767,c1ccc(CSSc2ccccn2)cc1,1.42021640338319,BacillusAnthracis
142928612,CCCCCCCSSc1ccccn1,1.3010299956639813,BacillusAnthracis
20583793,CC(C)CCSSc1ccccn1,1.3010299956639813,BacillusAnthracis
22639905,CCCCCCCCCCSSc1ccccn1,1.5528419686577808,BacillusAnthracis
11806088,O=C(O)CCSSc1ccccn1,1.619788758288394,BacillusAnthracis
45116400,CCCCSSc1ccccn1,1.3187587626244128,BacillusAnthracis
194112,CCCSSc1ccccn1,1.4814860601221125,BacillusAnthracis
447863,Nc1ncnc2c1ncn2CCOCP(=O)(O)OP(=O)(O)OP(=O)(O)O,7.443697499232713,BacillusAnthracis
164609688,CC(C)Oc1ccc(-c2sc(N)nc2CCOCP(=O)(O)OP(=O)(O)OP(=O)(O)O)cc1,6.368556230986828,BacillusAnthracis
164612828,CC(C)Cc1sc(N)nc1-c1ccc(P(=O)(O)OP(=O)(O)OP(=O)(O)O)o1,5.295849483160201,BacillusAnthracis
164614238,Nc1nc(CCOCP(=O)(O)OP(=O)(O)OP(=O)(O)O)c(-c2cccc(F)c2)s1,5.874518734299406,BacillusAnthracis
164614382,CNC(=O)c1ccc(-c2sc(N)nc2CCOCP(=O)(O)OP(=O)(O)OP(=O)(O)O)cc1,6.152427340857888,BacillusAnthracis
164615671,Nc1nc(CCOCP(=O)(O)OP(=O)(O)OP(=O)(O)O)c(-c2ccccc2OCc2ccccc2)s1,5.107182175690424,BacillusAnthracis
164616838,Nc1nc(CCOCP(=O)(O)OP(=O)(O)OP(=O)(O)O)c(-c2cccc(OCc3ccccc3)c2)s1,6.628932137728264,BacillusAnthracis
11143436,C[C@@H]1CCCCCCCCC[C@H](OC(=O)CCC(=O)O)C(=O)/C=C/C(=O)O1,3.903089986991944,BacillusAnthracis
135338051,C[C@@H]1CCCCCCCCCC[C@H](O)/C=C/C(=O)O1,3.6020599913279625,BacillusAnthracis
15737231,C[C@@H]1CCCCCCCCC[C@H](O)[C@H](O)/C=C/C(=O)O1,3.6020599913279625,BacillusAnthracis
135338044,C[C@@H]1CCCCCCCCC[C@H](O)[C@H](OC(=O)CCC(=O)O)/C=C/C(=O)O1,3.6020599913279625,BacillusAnthracis
132967553,C[C@@H]1CCCCCCCCC[C@H](OC(=O)CCC(=O)O)[C@H](O)/C=C/C(=O)O1,3.6020599913279625,BacillusAnthracis
164619905,C[C@@H](O)CCCCCCCCC[C@H](O)[C@H]1CCC(=O)O1,4.795880017344075,BacillusAnthracis
164620579,C[C@@H]1CCC(O)CCCCCC[C@H](OC(=O)CCC(=O)O)C(=O)/C=C/C(=O)O1,3.6020599913279625,BacillusAnthracis
164625411,C[C@@H]1CCCCCCCCC[C@H](OC(=O)CCC(=O)O)[C@H](O)CCC(=O)O1,3.3010299956639813,BacillusAnthracis
164629066,C[C@@H](O)CCCCCCCCC[C@H](OC(=O)CCC(=O)O)[C@H]1CCC(=O)O1,3.3010299956639813,BacillusAnthracis
11143436,C[C@@H]1CCCCCCCCC[C@H](OC(=O)CCC(=O)O)C(=O)/C=C/C(=O)O1,5.096910013008056,BacillusAnthracis
135338051,C[C@@H]1CCCCCCCCCC[C@H](O)/C=C/C(=O)O1,3.903089986991944,BacillusAnthracis
15737231,C[C@@H]1CCCCCCCCC[C@H](O)[C@H](O)/C=C/C(=O)O1,3.6020599913279625,BacillusAnthracis
135338044,C[C@@H]1CCCCCCCCC[C@H](O)[C@H](OC(=O)CCC(=O)O)/C=C/C(=O)O1,3.903089986991944,BacillusAnthracis
132967553,C[C@@H]1CCCCCCCCC[C@H](OC(=O)CCC(=O)O)[C@H](O)/C=C/C(=O)O1,3.903089986991944,BacillusAnthracis
164619905,C[C@@H](O)CCCCCCCCC[C@H](O)[C@H]1CCC(=O)O1,3.3010299956639813,BacillusAnthracis
164620579,C[C@@H]1CCC(O)CCCCCC[C@H](OC(=O)CCC(=O)O)C(=O)/C=C/C(=O)O1,4.494850021680094,BacillusAnthracis
164621543,COC(=O)[C@]12C(=O)[C@]3(C)O[C@](C)(C=C4[C@]5(C=O)CC[C@H](OC(C)=O)C(C)(C)[C@H]5CC[C@@]41C)[C@@]2(C)C3=O,3.903089986991944,BacillusAnthracis
164625411,C[C@@H]1CCCCCCCCC[C@H](OC(=O)CCC(=O)O)[C@H](O)CCC(=O)O1,3.3010299956639813,BacillusAnthracis
164629066,C[C@@H](O)CCCCCCCCC[C@H](OC(=O)CCC(=O)O)[C@H]1CCC(=O)O1,3.3010299956639813,BacillusAnthracis
11143436,C[C@@H]1CCCCCCCCC[C@H](OC(=O)CCC(=O)O)C(=O)/C=C/C(=O)O1,3.903089986991944,BacillusAnthracis
135338051,C[C@@H]1CCCCCCCCCC[C@H](O)/C=C/C(=O)O1,3.6020599913279625,BacillusAnthracis
15737231,C[C@@H]1CCCCCCCCC[C@H](O)[C@H](O)/C=C/C(=O)O1,3.6020599913279625,BacillusAnthracis
135338044,C[C@@H]1CCCCCCCCC[C@H](O)[C@H](OC(=O)CCC(=O)O)/C=C/C(=O)O1,3.6020599913279625,BacillusAnthracis
132967553,C[C@@H]1CCCCCCCCC[C@H](OC(=O)CCC(=O)O)[C@H](O)/C=C/C(=O)O1,3.6020599913279625,BacillusAnthracis
164619905,C[C@@H](O)CCCCCCCCC[C@H](O)[C@H]1CCC(=O)O1,3.3010299956639813,BacillusAnthracis
164620579,C[C@@H]1CCC(O)CCCCCC[C@H](OC(=O)CCC(=O)O)C(=O)/C=C/C(=O)O1,3.3010299956639813,BacillusAnthracis
164621543,COC(=O)[C@]12C(=O)[C@]3(C)O[C@](C)(C=C4[C@]5(C=O)CC[C@H](OC(C)=O)C(C)(C)[C@H]5CC[C@@]41C)[C@@]2(C)C3=O,3.3010299956639813,BacillusAnthracis
164625411,C[C@@H]1CCCCCCCCC[C@H](OC(=O)CCC(=O)O)[C@H](O)CCC(=O)O1,3.3010299956639813,BacillusAnthracis
164629066,C[C@@H](O)CCCCCCCCC[C@H](OC(=O)CCC(=O)O)[C@H]1CCC(=O)O1,3.3010299956639813,BacillusAnthracis
11143436,C[C@@H]1CCCCCCCCC[C@H](OC(=O)CCC(=O)O)C(=O)/C=C/C(=O)O1,4.494850021680094,BacillusAnthracis
135338051,C[C@@H]1CCCCCCCCCC[C@H](O)/C=C/C(=O)O1,3.903089986991944,BacillusAnthracis
15737231,C[C@@H]1CCCCCCCCC[C@H](O)[C@H](O)/C=C/C(=O)O1,3.6020599913279625,BacillusAnthracis
135338044,C[C@@H]1CCCCCCCCC[C@H](O)[C@H](OC(=O)CCC(=O)O)/C=C/C(=O)O1,3.903089986991944,BacillusAnthracis
132967553,C[C@@H]1CCCCCCCCC[C@H](OC(=O)CCC(=O)O)[C@H](O)/C=C/C(=O)O1,3.6020599913279625,BacillusAnthracis
164619905,C[C@@H](O)CCCCCCCCC[C@H](O)[C@H]1CCC(=O)O1,3.3010299956639813,BacillusAnthracis
164620579,C[C@@H]1CCC(O)CCCCCC[C@H](OC(=O)CCC(=O)O)C(=O)/C=C/C(=O)O1,3.903089986991944,BacillusAnthracis
164621543,COC(=O)[C@]12C(=O)[C@]3(C)O[C@](C)(C=C4[C@]5(C=O)CC[C@H](OC(C)=O)C(C)(C)[C@H]5CC[C@@]41C)[C@@]2(C)C3=O,3.6020599913279625,BacillusAnthracis
164625411,C[C@@H]1CCCCCCCCC[C@H](OC(=O)CCC(=O)O)[C@H](O)CCC(=O)O1,3.3010299956639813,BacillusAnthracis
164629066,C[C@@H](O)CCCCCCCCC[C@H](OC(=O)CCC(=O)O)[C@H]1CCC(=O)O1,3.3010299956639813,BacillusAnthracis
11143436,C[C@@H]1CCCCCCCCC[C@H](OC(=O)CCC(=O)O)C(=O)/C=C/C(=O)O1,3.6020599913279625,BacillusAnthracis
135338051,C[C@@H]1CCCCCCCCCC[C@H](O)/C=C/C(=O)O1,3.6020599913279625,BacillusAnthracis
15737231,C[C@@H]1CCCCCCCCC[C@H](O)[C@H](O)/C=C/C(=O)O1,3.6020599913279625,BacillusAnthracis
135338044,C[C@@H]1CCCCCCCCC[C@H](O)[C@H](OC(=O)CCC(=O)O)/C=C/C(=O)O1,3.6020599913279625,BacillusAnthracis
132967553,C[C@@H]1CCCCCCCCC[C@H](OC(=O)CCC(=O)O)[C@H](O)/C=C/C(=O)O1,3.6020599913279625,BacillusAnthracis
164619905,C[C@@H](O)CCCCCCCCC[C@H](O)[C@H]1CCC(=O)O1,3.3010299956639813,BacillusAnthracis
164620579,C[C@@H]1CCC(O)CCCCCC[C@H](OC(=O)CCC(=O)O)C(=O)/C=C/C(=O)O1,3.3010299956639813,BacillusAnthracis
164621543,COC(=O)[C@]12C(=O)[C@]3(C)O[C@](C)(C=C4[C@]5(C=O)CC[C@H](OC(C)=O)C(C)(C)[C@H]5CC[C@@]41C)[C@@]2(C)C3=O,3.3010299956639813,BacillusAnthracis
164625411,C[C@@H]1CCCCCCCCC[C@H](OC(=O)CCC(=O)O)[C@H](O)CCC(=O)O1,3.3010299956639813,BacillusAnthracis
164629066,C[C@@H](O)CCCCCCCCC[C@H](OC(=O)CCC(=O)O)[C@H]1CCC(=O)O1,3.903089986991944,BacillusAnthracis
11143436,C[C@@H]1CCCCCCCCC[C@H](OC(=O)CCC(=O)O)C(=O)/C=C/C(=O)O1,4.795880017344075,BacillusAnthracis
135338051,C[C@@H]1CCCCCCCCCC[C@H](O)/C=C/C(=O)O1,3.903089986991944,BacillusAnthracis
15737231,C[C@@H]1CCCCCCCCC[C@H](O)[C@H](O)/C=C/C(=O)O1,3.6020599913279625,BacillusAnthracis
135338044,C[C@@H]1CCCCCCCCC[C@H](O)[C@H](OC(=O)CCC(=O)O)/C=C/C(=O)O1,3.6020599913279625,BacillusAnthracis
132967553,C[C@@H]1CCCCCCCCC[C@H](OC(=O)CCC(=O)O)[C@H](O)/C=C/C(=O)O1,3.6020599913279625,BacillusAnthracis
164619905,C[C@@H](O)CCCCCCCCC[C@H](O)[C@H]1CCC(=O)O1,3.3010299956639813,BacillusAnthracis
164620579,C[C@@H]1CCC(O)CCCCCC[C@H](OC(=O)CCC(=O)O)C(=O)/C=C/C(=O)O1,4.1938200260161125,BacillusAnthracis
164621543,COC(=O)[C@]12C(=O)[C@]3(C)O[C@](C)(C=C4[C@]5(C=O)CC[C@H](OC(C)=O)C(C)(C)[C@H]5CC[C@@]41C)[C@@]2(C)C3=O,3.903089986991944,BacillusAnthracis
164625411,C[C@@H]1CCCCCCCCC[C@H](OC(=O)CCC(=O)O)[C@H](O)CCC(=O)O1,3.3010299956639813,BacillusAnthracis
164629066,C[C@@H](O)CCCCCCCCC[C@H](OC(=O)CCC(=O)O)[C@H]1CCC(=O)O1,3.3010299956639813,BacillusAnthracis
168273182,O=S(=O)(CCCn1cc(CCNS(=O)(=O)c2ccc(Br)cc2Cl)nn1)Nc1ccc(Nc2ccc(C(F)(F)F)nn2)cc1,7.0,BacillusAnthracis
168273182,O=S(=O)(CCCn1cc(CCNS(=O)(=O)c2ccc(Br)cc2Cl)nn1)Nc1ccc(Nc2ccc(C(F)(F)F)nn2)cc1,7.0,BacillusAnthracis
65064,O=C(O[C@@H]1Cc2c(O)cc(O)cc2O[C@@H]1c1cc(O)c(O)c(O)c1)c1cc(O)c(O)c(O)c1,7.013228265733755,BacillusAnthracis
4369384,Cc1cc(S(=O)(=O)N[C@@H](C(=O)NO)C2CCOCC2)ccc1F,7.619788758288394,BacillusAnthracis
8378,NC[C@@H]1O[C@H](O[C@H]2[C@@H](O)[C@H](O[C@@H]3[C@@H](O)[C@H](N)C[C@H](N)[C@H]3O[C@H]3O[C@H](CN)[C@@H](O)[C@H](O)[C@H]3N)O[C@@H]2CO)[C@H](N)[C@@H](O)[C@@H]1O,8.154901959985743,BacillusAnthracis
168273827,CCN(CCCC[C@@H](C[C@@H](OC)c1ccc(F)cc1)C(=O)NO)c1ccc(F)cc1,9.568636235841012,BacillusAnthracis
168292830,CON(C)C(=O)N[C@@H](CCCN=C(N)N)C(=O)N[C@@H](CC(C)C)C(=O)N[C@H](C(=O)N[C@@H](CCCN=C(N)N)C(=O)O)C(C)C,8.193820026016112,BacillusAnthracis
6852143,O=[N+]([O-])c1ccc(Oc2ccc(Cl)cc2O)c(Cl)c1,6.522878745280337,BacillusAnthracis
25023339,CCCc1ccc(Oc2ccc([N+](=O)[O-])cc2Cl)c(O)c1,6.301029995663981,BacillusAnthracis
171354629,COc1ccc2c(c1)O/C(=C\c1cn(-c3ccccc3)nc1-c1cccs1)C2=O,1.8860566476931635,BacillusAnthracis
1201257,COc1ccc(/C=C2\SC(=S)N(CCC(=O)O)C2=O)cc1Br,5.0,BacillusAnthracis
1201118,O=C(O)CN1C(=O)/C(=C/c2ccco2)SC1=S,5.0,BacillusAnthracis
3194,O=c1c2ccccc2[se]n1-c1ccccc1,6.0,BacillusAnthracis
6439879,[C-]#[N+]/C(Cl)=C/C1(OC(C)=O)C(=O)Nc2ccccc21,6.154901959985743,BacillusAnthracis
447863,Nc1ncnc2c1ncn2CCOCP(=O)(O)OP(=O)(O)OP(=O)(O)O,7.869666231504994,BacillusAnthracis
172444999,Cc1cn(CCOCP(=O)([O-])OP(=O)([O-])OP(=O)([O-])[O-])c2ncnc(N)c12.[Na+].[Na+].[Na+].[Na+],6.966576244513051,BacillusAnthracis
172453283,Nc1ncnc2c1c(-c1ccccn1)cn2CCOCP(=O)([O-])OP(=O)([O-])OP(=O)([O-])O.[Na+].[Na+].[Na+].[Na+],7.294136287716081,BacillusAnthracis
172456911,COc1ccc(-c2cn(CCOCP(=O)([O-])OP(=O)([O-])OP(=O)([O-])[O-])c3ncnc(N)c23)cc1.[Na+].[Na+].[Na+].[Na+],7.053547734986927,BacillusAnthracis
44409116,NC(N)=Nc1cccnc1[C@H]1C[C@@H](O)[C@H](N=C(N)N)C[C@@H]1N=C(N)N,5.3872161432802645,BacillusAnthracis
44409117,NC(N)=Nc1ccc([C@H]2C[C@@H](O)[C@H](N=C(N)N)C[C@@H]2N=C(N)N)c2ccccc12,4.503070351926785,BacillusAnthracis
44409119,NC(N)=Nc1cc(N=C(N)N)c2ccccc2c1[C@H]1C[C@@H](O)[C@H](N=C(N)N)C[C@@H]1N=C(N)N,4.97061622231479,BacillusAnthracis
44409120,NC(N)=N[C@H]1C[C@@H](N=C(N)N)[C@H](O)C[C@@H]1c1ccc2nc(N)[nH]c2c1,3.813326132500255,BacillusAnthracis
44409150,NC(N)=Nc1ccc([C@H]2C[C@@H](O)[C@H](N=C(N)N)C[C@@H]2N=C(N)N)nc1,5.180456064458132,BacillusAnthracis
44409189,NC(N)=Nc1ccccc1NC(=O)O[C@H]1C[C@@H](O)[C@H](N=C(N)N)C[C@@H]1N=C(N)N,4.605548319173784,BacillusAnthracis
44409194,Cc1cc(NC(=O)O[C@@H]2C[C@H](Oc3ccc(N=C(N)N)cc3N=C(N)N)[C@@H](N=C(N)N)C[C@H]2N=C(N)N)ccc1F,6.301029995663981,BacillusAnthracis
11628682,NC(N)=Nc1ccc(O[C@H]2C[C@@H](Oc3ccc(N=C(N)N)cc3N=C(N)N)[C@H](N=C(N)N)C[C@@H]2N=C(N)N)c(N=C(N)N)c1,7.187086643357144,BacillusAnthracis
44409381,NC(N)=Nc1ccc([C@H]2C[C@@H](O)[C@H](N=C(N)N)C[C@@H]2N=C(N)N)cc1,4.826813731587726,BacillusAnthracis
44409382,NC(N)=Nc1ccccc1[C@H]1C[C@@H](O)[C@H](N=C(N)N)C[C@@H]1N=C(N)N,4.51427857351842,BacillusAnthracis
44409385,NC(N)=Nc1ccc([C@H]2C[C@@H](O)[C@H](N=C(N)N)C[C@@H]2N=C(N)N)c(N=C(N)N)c1,6.221848749616356,BacillusAnthracis
11992671,COC(=O)[C@@H]1OC(=O)N(SC)[C@H]1c1ccccc1,1.7958800173440752,BacillusAnthracis
11992672,CSN1C(=O)OCC1Cc1ccccc1,1.769551078621726,BacillusAnthracis
11992673,CSN1CC(CCl)OC1=O,1.6777807052660807,BacillusAnthracis
24897073,CCC(C)SN1CC(CCl)OC1=O,1.7212463990471711,BacillusAnthracis
11992675,CSN1C(=O)OC[C@@H]1c1ccccc1,1.5228787452803376,BacillusAnthracis
11992676,CSN1C(=O)OC[C@H]1c1ccccc1,1.537602002101044,BacillusAnthracis
11992677,CSN1C(=O)OC[C@@H]1C(C)C,1.6989700043360187,BacillusAnthracis
11992678,CSN1C(=O)OC[C@H]1C(C)C,1.6777807052660807,BacillusAnthracis
9834446,CO[C@H]1C(=O)N(SC)[C@H]1c1ccccc1,1.6020599913279625,BacillusAnthracis
11948706,CSN1C(=O)O[C@@H](CN=[N+]=[N-])[C@@H]1c1ccccc1,1.5086383061657274,BacillusAnthracis
11992671,COC(=O)[C@@H]1OC(=O)N(SC)[C@H]1c1ccccc1,1.958607314841775,BacillusAnthracis
11992672,CSN1C(=O)OCC1Cc1ccccc1,1.7212463990471711,BacillusAnthracis
11992673,CSN1CC(CCl)OC1=O,1.6989700043360187,BacillusAnthracis
24897073,CCC(C)SN1CC(CCl)OC1=O,1.7212463990471711,BacillusAnthracis
11992675,CSN1C(=O)OC[C@@H]1c1ccccc1,1.5228787452803376,BacillusAnthracis
11992676,CSN1C(=O)OC[C@H]1c1ccccc1,1.5528419686577808,BacillusAnthracis
11992677,CSN1C(=O)OC[C@@H]1C(C)C,1.6777807052660807,BacillusAnthracis
11992678,CSN1C(=O)OC[C@H]1C(C)C,1.8860566476931635,BacillusAnthracis
11948706,CSN1C(=O)O[C@@H](CN=[N+]=[N-])[C@@H]1c1ccccc1,1.494850021680094,BacillusAnthracis
11992672,CSN1C(=O)OCC1Cc1ccccc1,1.7212463990471711,BacillusAnthracis
11992673,CSN1CC(CCl)OC1=O,1.7958800173440752,BacillusAnthracis
24897073,CCC(C)SN1CC(CCl)OC1=O,1.7212463990471711,BacillusAnthracis
11992675,CSN1C(=O)OC[C@@H]1c1ccccc1,1.5528419686577808,BacillusAnthracis
11992676,CSN1C(=O)OC[C@H]1c1ccccc1,1.5528419686577808,BacillusAnthracis
11992677,CSN1C(=O)OC[C@@H]1C(C)C,1.744727494896694,BacillusAnthracis
11992678,CSN1C(=O)OC[C@H]1C(C)C,1.8239087409443189,BacillusAnthracis
11948706,CSN1C(=O)O[C@@H](CN=[N+]=[N-])[C@@H]1c1ccccc1,1.494850021680094,BacillusAnthracis
11992671,COC(=O)[C@@H]1OC(=O)N(SC)[C@H]1c1ccccc1,1.9208187539523751,BacillusAnthracis
11992672,CSN1C(=O)OCC1Cc1ccccc1,1.769551078621726,BacillusAnthracis
11992673,CSN1CC(CCl)OC1=O,1.7958800173440752,BacillusAnthracis
24897073,CCC(C)SN1CC(CCl)OC1=O,1.7212463990471711,BacillusAnthracis
11992675,CSN1C(=O)OC[C@@H]1c1ccccc1,1.5228787452803376,BacillusAnthracis
11992676,CSN1C(=O)OC[C@H]1c1ccccc1,1.5228787452803376,BacillusAnthracis
11992677,CSN1C(=O)OC[C@@H]1C(C)C,1.7212463990471711,BacillusAnthracis
11992678,CSN1C(=O)OC[C@H]1C(C)C,1.9208187539523751,BacillusAnthracis
9834446,CO[C@H]1C(=O)N(SC)[C@H]1c1ccccc1,1.5228787452803376,BacillusAnthracis
11948706,CSN1C(=O)O[C@@H](CN=[N+]=[N-])[C@@H]1c1ccccc1,1.5228787452803376,BacillusAnthracis
11992671,COC(=O)[C@@H]1OC(=O)N(SC)[C@H]1c1ccccc1,1.7212463990471711,BacillusAnthracis
11992672,CSN1C(=O)OCC1Cc1ccccc1,1.6989700043360187,BacillusAnthracis
11992673,CSN1CC(CCl)OC1=O,1.6989700043360187,BacillusAnthracis
24897073,CCC(C)SN1CC(CCl)OC1=O,1.6989700043360187,BacillusAnthracis
11992675,CSN1C(=O)OC[C@@H]1c1ccccc1,1.5086383061657274,BacillusAnthracis
11992676,CSN1C(=O)OC[C@H]1c1ccccc1,1.5228787452803376,BacillusAnthracis
11992677,CSN1C(=O)OC[C@@H]1C(C)C,1.5686362358410126,BacillusAnthracis
11992678,CSN1C(=O)OC[C@H]1C(C)C,1.6020599913279625,BacillusAnthracis
9834446,CO[C@H]1C(=O)N(SC)[C@H]1c1ccccc1,1.5228787452803376,BacillusAnthracis
11948706,CSN1C(=O)O[C@@H](CN=[N+]=[N-])[C@@H]1c1ccccc1,1.494850021680094,BacillusAnthracis
11992671,COC(=O)[C@@H]1OC(=O)N(SC)[C@H]1c1ccccc1,1.853871964321762,BacillusAnthracis
11992672,CSN1C(=O)OCC1Cc1ccccc1,1.744727494896694,BacillusAnthracis
11992673,CSN1CC(CCl)OC1=O,1.6989700043360187,BacillusAnthracis
24897073,CCC(C)SN1CC(CCl)OC1=O,1.6575773191777938,BacillusAnthracis
11992675,CSN1C(=O)OC[C@@H]1c1ccccc1,1.537602002101044,BacillusAnthracis
11992676,CSN1C(=O)OC[C@H]1c1ccccc1,1.585026652029182,BacillusAnthracis
11992677,CSN1C(=O)OC[C@@H]1C(C)C,1.6382721639824072,BacillusAnthracis
11992678,CSN1C(=O)OC[C@H]1C(C)C,1.6989700043360187,BacillusAnthracis
9834446,CO[C@H]1C(=O)N(SC)[C@H]1c1ccccc1,1.585026652029182,BacillusAnthracis
11948706,CSN1C(=O)O[C@@H](CN=[N+]=[N-])[C@@H]1c1ccccc1,1.5228787452803376,BacillusAnthracis
11992671,COC(=O)[C@@H]1OC(=O)N(SC)[C@H]1c1ccccc1,1.853871964321762,BacillusAnthracis
11992672,CSN1C(=O)OCC1Cc1ccccc1,1.769551078621726,BacillusAnthracis
11992673,CSN1CC(CCl)OC1=O,1.6989700043360187,BacillusAnthracis
24897073,CCC(C)SN1CC(CCl)OC1=O,1.6575773191777938,BacillusAnthracis
11992675,CSN1C(=O)OC[C@@H]1c1ccccc1,1.537602002101044,BacillusAnthracis
11992676,CSN1C(=O)OC[C@H]1c1ccccc1,1.5528419686577808,BacillusAnthracis
11992677,CSN1C(=O)OC[C@@H]1C(C)C,1.6575773191777938,BacillusAnthracis
11992678,CSN1C(=O)OC[C@H]1C(C)C,1.744727494896694,BacillusAnthracis
9834446,CO[C@H]1C(=O)N(SC)[C@H]1c1ccccc1,1.6020599913279625,BacillusAnthracis
11948706,CSN1C(=O)O[C@@H](CN=[N+]=[N-])[C@@H]1c1ccccc1,1.5228787452803376,BacillusAnthracis
11992671,COC(=O)[C@@H]1OC(=O)N(SC)[C@H]1c1ccccc1,1.8239087409443189,BacillusAnthracis
11992672,CSN1C(=O)OCC1Cc1ccccc1,1.7212463990471711,BacillusAnthracis
11992673,CSN1CC(CCl)OC1=O,1.6575773191777938,BacillusAnthracis
24897073,CCC(C)SN1CC(CCl)OC1=O,1.6989700043360187,BacillusAnthracis
11992675,CSN1C(=O)OC[C@@H]1c1ccccc1,1.5086383061657274,BacillusAnthracis
11992676,CSN1C(=O)OC[C@H]1c1ccccc1,1.5528419686577808,BacillusAnthracis
11992677,CSN1C(=O)OC[C@@H]1C(C)C,1.6575773191777938,BacillusAnthracis
11992678,CSN1C(=O)OC[C@H]1C(C)C,1.6989700043360187,BacillusAnthracis
9834446,CO[C@H]1C(=O)N(SC)[C@H]1c1ccccc1,1.5528419686577808,BacillusAnthracis
11948706,CSN1C(=O)O[C@@H](CN=[N+]=[N-])[C@@H]1c1ccccc1,1.5086383061657274,BacillusAnthracis
11992671,COC(=O)[C@@H]1OC(=O)N(SC)[C@H]1c1ccccc1,1.9208187539523751,BacillusAnthracis
11992672,CSN1C(=O)OCC1Cc1ccccc1,1.7212463990471711,BacillusAnthracis
11992673,CSN1CC(CCl)OC1=O,1.6777807052660807,BacillusAnthracis
24897073,CCC(C)SN1CC(CCl)OC1=O,1.6575773191777938,BacillusAnthracis
11992675,CSN1C(=O)OC[C@@H]1c1ccccc1,1.537602002101044,BacillusAnthracis
11992676,CSN1C(=O)OC[C@H]1c1ccccc1,1.5686362358410126,BacillusAnthracis
11992677,CSN1C(=O)OC[C@@H]1C(C)C,1.6575773191777938,BacillusAnthracis
11992678,CSN1C(=O)OC[C@H]1C(C)C,1.7212463990471711,BacillusAnthracis
9834446,CO[C@H]1C(=O)N(SC)[C@H]1c1ccccc1,1.5686362358410126,BacillusAnthracis
11948706,CSN1C(=O)O[C@@H](CN=[N+]=[N-])[C@@H]1c1ccccc1,1.5228787452803376,BacillusAnthracis
11992671,COC(=O)[C@@H]1OC(=O)N(SC)[C@H]1c1ccccc1,1.853871964321762,BacillusAnthracis
11992672,CSN1C(=O)OCC1Cc1ccccc1,1.769551078621726,BacillusAnthracis
11992673,CSN1CC(CCl)OC1=O,1.744727494896694,BacillusAnthracis
24897073,CCC(C)SN1CC(CCl)OC1=O,1.6777807052660807,BacillusAnthracis
11992675,CSN1C(=O)OC[C@@H]1c1ccccc1,1.537602002101044,BacillusAnthracis
11992676,CSN1C(=O)OC[C@H]1c1ccccc1,1.5686362358410126,BacillusAnthracis
11992677,CSN1C(=O)OC[C@@H]1C(C)C,1.7958800173440752,BacillusAnthracis
11992678,CSN1C(=O)OC[C@H]1C(C)C,1.7212463990471711,BacillusAnthracis
9834446,CO[C@H]1C(=O)N(SC)[C@H]1c1ccccc1,1.585026652029182,BacillusAnthracis
11948706,CSN1C(=O)O[C@@H](CN=[N+]=[N-])[C@@H]1c1ccccc1,1.5086383061657274,BacillusAnthracis
11992671,COC(=O)[C@@H]1OC(=O)N(SC)[C@H]1c1ccccc1,1.7958800173440752,BacillusAnthracis
11992672,CSN1C(=O)OCC1Cc1ccccc1,1.7212463990471711,BacillusAnthracis
11992673,CSN1CC(CCl)OC1=O,1.7212463990471711,BacillusAnthracis
24897073,CCC(C)SN1CC(CCl)OC1=O,1.6989700043360187,BacillusAnthracis
11992675,CSN1C(=O)OC[C@@H]1c1ccccc1,1.585026652029182,BacillusAnthracis
11992676,CSN1C(=O)OC[C@H]1c1ccccc1,1.585026652029182,BacillusAnthracis
11992677,CSN1C(=O)OC[C@@H]1C(C)C,1.6575773191777938,BacillusAnthracis
11992678,CSN1C(=O)OC[C@H]1C(C)C,1.6575773191777938,BacillusAnthracis
9834446,CO[C@H]1C(=O)N(SC)[C@H]1c1ccccc1,1.619788758288394,BacillusAnthracis
11948706,CSN1C(=O)O[C@@H](CN=[N+]=[N-])[C@@H]1c1ccccc1,1.5528419686577808,BacillusAnthracis
11992675,CSN1C(=O)OC[C@@H]1c1ccccc1,1.6382721639824072,BacillusAnthracis
11992676,CSN1C(=O)OC[C@H]1c1ccccc1,1.6382721639824072,BacillusAnthracis
11992677,CSN1C(=O)OC[C@@H]1C(C)C,1.6382721639824072,BacillusAnthracis
11992678,CSN1C(=O)OC[C@H]1C(C)C,1.8239087409443189,BacillusAnthracis
11992675,CSN1C(=O)OC[C@@H]1c1ccccc1,1.8239087409443189,BacillusAnthracis
11992676,CSN1C(=O)OC[C@H]1c1ccccc1,1.769551078621726,BacillusAnthracis
11992677,CSN1C(=O)OC[C@@H]1C(C)C,1.8239087409443189,BacillusAnthracis
11992678,CSN1C(=O)OC[C@H]1C(C)C,1.769551078621726,BacillusAnthracis
11992675,CSN1C(=O)OC[C@@H]1c1ccccc1,1.769551078621726,BacillusAnthracis
11992676,CSN1C(=O)OC[C@H]1c1ccccc1,1.8239087409443189,BacillusAnthracis
11992677,CSN1C(=O)OC[C@@H]1C(C)C,1.7958800173440752,BacillusAnthracis
11992675,CSN1C(=O)OC[C@@H]1c1ccccc1,1.744727494896694,BacillusAnthracis
11992676,CSN1C(=O)OC[C@H]1c1ccccc1,1.6989700043360187,BacillusAnthracis
11992677,CSN1C(=O)OC[C@@H]1C(C)C,1.744727494896694,BacillusAnthracis
11992678,CSN1C(=O)OC[C@H]1C(C)C,2.0,BacillusAnthracis
11992675,CSN1C(=O)OC[C@@H]1c1ccccc1,1.7212463990471711,BacillusAnthracis
11992676,CSN1C(=O)OC[C@H]1c1ccccc1,1.7212463990471711,BacillusAnthracis
11992677,CSN1C(=O)OC[C@@H]1C(C)C,1.769551078621726,BacillusAnthracis
11992678,CSN1C(=O)OC[C@H]1C(C)C,1.7212463990471711,BacillusAnthracis
11992675,CSN1C(=O)OC[C@@H]1c1ccccc1,1.619788758288394,BacillusAnthracis
11992676,CSN1C(=O)OC[C@H]1c1ccccc1,1.6382721639824072,BacillusAnthracis
11992677,CSN1C(=O)OC[C@@H]1C(C)C,1.6575773191777938,BacillusAnthracis
11992678,CSN1C(=O)OC[C@H]1C(C)C,1.8239087409443189,BacillusAnthracis
11992675,CSN1C(=O)OC[C@@H]1c1ccccc1,1.769551078621726,BacillusAnthracis
11992676,CSN1C(=O)OC[C@H]1c1ccccc1,1.769551078621726,BacillusAnthracis
11992677,CSN1C(=O)OC[C@@H]1C(C)C,1.769551078621726,BacillusAnthracis
44420915,NCCCSC[C@H]1O[C@@H]2O[C@H]3[C@H](O)[C@@H](O[C@H]4[C@H](O)[C@@H](O)[C@@H](O[C@H]5[C@H](O)[C@@H](O)[C@@H](O[C@H]6[C@H](O)[C@@H](O)[C@@H](O[C@H]7[C@H](O)[C@@H](O)[C@@H](O[C@H]8[C@H](O)[C@@H](O)[C@@H](OC1[C@H](O)[C@H]2O)O[C@@H]8CSCCCN)O[C@@H]7CSCCCN)O[C@@H]6CSCCCN)O[C@@H]5CSCCCN)O[C@@H]4CSCCCN)[C@@H](O)O[C@@H]3CSCCCN,5.154901959985743,BacillusAnthracis
54671203,C[C@H]1c2cccc(O)c2C(O)=C2C(=O)[C@]3(O)C(O)=C(C(N)=O)C(=O)[C@@H](N(C)C)[C@@H]3[C@@H](O)[C@@H]21,5.045753147637571,BacillusAnthracis
54671203,C[C@H]1c2cccc(O)c2C(O)=C2C(=O)[C@]3(O)C(O)=C(C(N)=O)C(=O)[C@@H](N(C)C)[C@@H]3[C@@H](O)[C@@H]21,4.8217397983052805,BacillusAnthracis
54671203,C[C@H]1c2cccc(O)c2C(O)=C2C(=O)[C@]3(O)C(O)=C(C(N)=O)C(=O)[C@@H](N(C)C)[C@@H]3[C@@H](O)[C@@H]21,4.568631410373578,BacillusAnthracis
49797216,Cl.Cl.Cl.Cl.Cl.Cl.Cl.Cl.Cl.Cl.Cl.Cl.Cl.Cl.NCCC[C@H](N)CC(=O)NC[C@H]1O[C@@H]2O[C@H]3[C@H](O)[C@@H](O)[C@@H](O[C@H]4[C@H](O)[C@@H](O)[C@@H](O[C@H]5[C@H](O)[C@@H](O)[C@@H](O[C@H]6[C@H](O)[C@@H](O)[C@@H](O[C@H]7[C@H](O)[C@@H](O)[C@@H](O[C@H]8[C@H](O)[C@@H](O)[C@@H](O[C@H]1[C@H](O)[C@H]2O)O[C@@H]8CNC(O)[C@@H](N)CCCN)O[C@@H]7CNC(=O)[C@@H](N)CCCN)O[C@@H]6CNC(=O)[C@@H](N)CCCN)O[C@@H]5CNC(=O)[C@@H](N)CCCN)O[C@@H]4CNC(=O)[C@@H](N)CCCN)O[C@@H]3CNC(=O)[C@@H](N)CCCN,4.6020599913279625,BacillusAnthracis
49797217,N[C@@H](COCc1ccccc1)CC(=O)NC[C@H]1O[C@@H]2O[C@H]3[C@H](O)[C@@H](O)[C@@H](O[C@H]4[C@H](O)[C@@H](O)[C@@H](O[C@H]5[C@H](O)[C@@H](O)[C@@H](O[C@H]6[C@H](O)[C@@H](O)[C@@H](O[C@H]7[C@H](O)[C@@H](O)[C@@H](O[C@H]8[C@H](O)[C@@H](O)[C@@H](O[C@H]1[C@H](O)[C@H]2O)O[C@@H]8CNC(O)[C@@H](N)COCc1ccccc1)O[C@@H]7CNC(=O)[C@@H](N)COCc1ccccc1)O[C@@H]6CNC(=O)[C@@H](N)COCc1ccccc1)O[C@@H]5CNC(=O)[C@@H](N)COCc1ccccc1)O[C@@H]4CNC(=O)[C@@H](N)COCc1ccccc1)O[C@@H]3CNC(=O)[C@@H](N)COCc1ccccc1.O=C(O)C(F)(F)F.O=C(O)C(F)(F)F.O=C(O)C(F)(F)F.O=C(O)C(F)(F)F.O=C(O)C(F)(F)F.O=C(O)C(F)(F)F.O=C(O)C(F)(F)F,4.6020599913279625,BacillusAnthracis
49797218,Cl.Cl.Cl.Cl.Cl.Cl.Cl.N[C@@H](CO)CC(=O)NC[C@H]1O[C@@H]2O[C@H]3[C@H](O)[C@@H](O)[C@@H](O[C@H]4[C@H](O)[C@@H](O)[C@@H](O[C@H]5[C@H](O)[C@@H](O)[C@@H](O[C@H]6[C@H](O)[C@@H](O)[C@@H](O[C@H]7[C@H](O)[C@@H](O)[C@@H](O[C@H]8[C@H](O)[C@@H](O)[C@@H](O[C@H]1[C@H](O)[C@H]2O)O[C@@H]8CNC(O)[C@@H](N)CO)O[C@@H]7CNC(=O)[C@@H](N)CO)O[C@@H]6CNC(=O)[C@@H](N)CO)O[C@@H]5CNC(=O)[C@@H](N)CO)O[C@@H]4CNC(=O)[C@@H](N)CO)O[C@@H]3CNC(=O)[C@@H](N)CO,4.6020599913279625,BacillusAnthracis
49797219,N[C@@H](CSCc1ccccc1)CC(=O)NC[C@H]1O[C@@H]2O[C@H]3[C@H](O)[C@@H](O)[C@@H](O[C@H]4[C@H](O)[C@@H](O)[C@@H](O[C@H]5[C@H](O)[C@@H](O)[C@@H](O[C@H]6[C@H](O)[C@@H](O)[C@@H](O[C@H]7[C@H](O)[C@@H](O)[C@@H](O[C@H]8[C@H](O)[C@@H](O)[C@@H](O[C@H]1[C@H](O)[C@H]2O)O[C@@H]8CNC(O)[C@@H](N)CSCc1ccccc1)O[C@@H]7CNC(=O)[C@@H](N)CSCc1ccccc1)O[C@@H]6CNC(=O)[C@@H](N)CSCc1ccccc1)O[C@@H]5CNC(=O)[C@@H](N)CSCc1ccccc1)O[C@@H]4CNC(=O)[C@@H](N)CSCc1ccccc1)O[C@@H]3CNC(=O)[C@@H](N)CSCc1ccccc1.O=C(O)C(F)(F)F.O=C(O)C(F)(F)F.O=C(O)C(F)(F)F.O=C(O)C(F)(F)F.O=C(O)C(F)(F)F.O=C(O)C(F)(F)F.O=C(O)C(F)(F)F,4.6020599913279625,BacillusAnthracis
49797220,Cl.Cl.Cl.Cl.Cl.Cl.Cl.N[C@@H](CS)CC(=O)NC[C@H]1O[C@@H]2O[C@H]3[C@H](O)[C@@H](O)[C@@H](O[C@H]4[C@H](O)[C@@H](O)[C@@H](O[C@H]5[C@H](O)[C@@H](O)[C@@H](O[C@H]6[C@H](O)[C@@H](O)[C@@H](O[C@H]7[C@H](O)[C@@H](O)[C@@H](O[C@H]8[C@H](O)[C@@H](O)[C@@H](O[C@H]1[C@H](O)[C@H]2O)O[C@@H]8CNC(O)[C@@H](N)CS)O[C@@H]7CNC(=O)[C@@H](N)CS)O[C@@H]6CNC(=O)[C@@H](N)CS)O[C@@H]5CNC(=O)[C@@H](N)CS)O[C@@H]4CNC(=O)[C@@H](N)CS)O[C@@H]3CNC(=O)[C@@H](N)CS,4.6020599913279625,BacillusAnthracis
45265869,CC(C)(C)OC(=O)N[C@@H](CCCN)CC(=O)NC[C@H]1O[C@@H]2O[C@H]3[C@H](O)[C@@H](O)[C@@H](O[C@H]4[C@H](O)[C@@H](O)[C@@H](O[C@H]5[C@H](O)[C@@H](O)[C@@H](O[C@H]6[C@H](O)[C@@H](O)[C@@H](O[C@H]7[C@H](O)[C@@H](O)[C@@H](O[C@H]8[C@H](O)[C@@H](O)[C@@H](O[C@H]1[C@H](O)[C@H]2O)O[C@@H]8CNC(O)[C@H](CCCN)NC(=O)OC(C)(C)C)O[C@@H]7CNC(=O)[C@H](CCCN)NC(=O)OC(C)(C)C)O[C@@H]6CNC(=O)[C@H](CCCN)NC(=O)OC(C)(C)C)O[C@@H]5CNC(=O)[C@H](CCCN)NC(=O)OC(C)(C)C)O[C@@H]4CNC(=O)[C@H](CCCN)NC(=O)OC(C)(C)C)O[C@@H]3CNC(=O)[C@H](CCCN)NC(=O)OC(C)(C)C.Cl.Cl.Cl.Cl.Cl.Cl,5.455931955649724,BacillusAnthracis
5959,O=C(N[C@H](CO)[C@H](O)c1ccc([N+](=O)[O-])cc1)C(Cl)Cl,1.494850021680094,BacillusAnthracis
16728987,COc1cc([C@@H]2[C@H](Cl)C(=O)N2NC(=O)CC(=O)Nc2ccccc2)ccc1OC(C)=O,2.0,BacillusAnthracis
16728988,COc1cc([C@@H]2[C@H](Cl)C(=O)N2NC(=O)CC(=O)Nc2ccccc2Cl)ccc1OC(C)=O,1.9208187539523751,BacillusAnthracis
16728989,COc1cc([C@@H]2[C@H](Cl)C(=O)N2NC(=O)CC(=O)Nc2cccc(Cl)c2)ccc1OC(C)=O,1.585026652029182,BacillusAnthracis
16214978,COc1cc([C@@H]2[C@H](Cl)C(=O)N2NC(=O)CC(=O)Nc2ccc(Cl)cc2)ccc1OC(C)=O,1.5228787452803376,BacillusAnthracis
16728990,COc1cc([C@@H]2[C@H](Cl)C(=O)N2NC(=O)CC(=O)Nc2ccccc2[N+](=O)[O-])ccc1OC(C)=O,1.958607314841775,BacillusAnthracis
16728991,COc1cc([C@@H]2[C@H](Cl)C(=O)N2NC(=O)CC(=O)Nc2cccc([N+](=O)[O-])c2)ccc1OC(C)=O,1.5686362358410126,BacillusAnthracis
135771935,O=C1[C@@H](Cl)[C@@H](c2cc(N=Nc3cccc([N+](=O)[O-])c3)ccc2O)N1c1ccccc1,1.619788758288394,BacillusAnthracis
135771936,O=C1[C@@H](Cl)[C@@H](c2cc(N=Nc3cccc([N+](=O)[O-])c3)ccc2O)N1c1ccc(F)cc1,1.537602002101044,BacillusAnthracis
135771937,O=C1[C@@H](Cl)[C@@H](c2cc(N=Nc3cccc([N+](=O)[O-])c3)ccc2O)N1c1ccc(Cl)cc1,1.5228787452803376,BacillusAnthracis
135771938,O=C1[C@@H](Cl)[C@@H](c2cc(N=Nc3cccc([N+](=O)[O-])c3)ccc2O)N1c1ccc(Br)cc1,1.958607314841775,BacillusAnthracis
135463527,O=C1[C@@H](Cl)[C@@H](c2cc(N=Nc3ccc([N+](=O)[O-])cc3)ccc2O)N1c1ccccc1,2.096910013008056,BacillusAnthracis
135463542,O=C1[C@@H](Cl)[C@@H](c2cc(N=Nc3ccc([N+](=O)[O-])cc3)ccc2O)N1c1ccc(Cl)cc1,1.769551078621726,BacillusAnthracis
5959,O=C(N[C@H](CO)[C@H](O)c1ccc([N+](=O)[O-])cc1)C(Cl)Cl,1.4436974992327127,BacillusAnthracis
16728989,COc1cc([C@@H]2[C@H](Cl)C(=O)N2NC(=O)CC(=O)Nc2cccc(Cl)c2)ccc1OC(C)=O,1.769551078621726,BacillusAnthracis
16214978,COc1cc([C@@H]2[C@H](Cl)C(=O)N2NC(=O)CC(=O)Nc2ccc(Cl)cc2)ccc1OC(C)=O,1.537602002101044,BacillusAnthracis
16728991,COc1cc([C@@H]2[C@H](Cl)C(=O)N2NC(=O)CC(=O)Nc2cccc([N+](=O)[O-])c2)ccc1OC(C)=O,1.5086383061657274,BacillusAnthracis
135771935,O=C1[C@@H](Cl)[C@@H](c2cc(N=Nc3cccc([N+](=O)[O-])c3)ccc2O)N1c1ccccc1,1.744727494896694,BacillusAnthracis
135771936,O=C1[C@@H](Cl)[C@@H](c2cc(N=Nc3cccc([N+](=O)[O-])c3)ccc2O)N1c1ccc(F)cc1,1.6777807052660807,BacillusAnthracis
135771937,O=C1[C@@H](Cl)[C@@H](c2cc(N=Nc3cccc([N+](=O)[O-])c3)ccc2O)N1c1ccc(Cl)cc1,1.5686362358410126,BacillusAnthracis
135771938,O=C1[C@@H](Cl)[C@@H](c2cc(N=Nc3cccc([N+](=O)[O-])c3)ccc2O)N1c1ccc(Br)cc1,2.096910013008056,BacillusAnthracis
135463542,O=C1[C@@H](Cl)[C@@H](c2cc(N=Nc3ccc([N+](=O)[O-])cc3)ccc2O)N1c1ccc(Cl)cc1,2.0,BacillusAnthracis
5959,O=C(N[C@H](CO)[C@H](O)c1ccc([N+](=O)[O-])cc1)C(Cl)Cl,1.4685210829577449,BacillusAnthracis
16728988,COc1cc([C@@H]2[C@H](Cl)C(=O)N2NC(=O)CC(=O)Nc2ccccc2Cl)ccc1OC(C)=O,1.6777807052660807,BacillusAnthracis
16728989,COc1cc([C@@H]2[C@H](Cl)C(=O)N2NC(=O)CC(=O)Nc2cccc(Cl)c2)ccc1OC(C)=O,1.6575773191777938,BacillusAnthracis
16214978,COc1cc([C@@H]2[C@H](Cl)C(=O)N2NC(=O)CC(=O)Nc2ccc(Cl)cc2)ccc1OC(C)=O,1.4685210829577449,BacillusAnthracis
16728990,COc1cc([C@@H]2[C@H](Cl)C(=O)N2NC(=O)CC(=O)Nc2ccccc2[N+](=O)[O-])ccc1OC(C)=O,1.769551078621726,BacillusAnthracis
16728991,COc1cc([C@@H]2[C@H](Cl)C(=O)N2NC(=O)CC(=O)Nc2cccc([N+](=O)[O-])c2)ccc1OC(C)=O,1.4814860601221125,BacillusAnthracis
16728992,COc1cc([C@@H]2[C@H](Cl)C(=O)N2NC(=O)CC(=O)Nc2ccc([N+](=O)[O-])cc2)ccc1OC(C)=O,1.9208187539523751,BacillusAnthracis
135771935,O=C1[C@@H](Cl)[C@@H](c2cc(N=Nc3cccc([N+](=O)[O-])c3)ccc2O)N1c1ccccc1,1.5086383061657274,BacillusAnthracis
135771936,O=C1[C@@H](Cl)[C@@H](c2cc(N=Nc3cccc([N+](=O)[O-])c3)ccc2O)N1c1ccc(F)cc1,1.5528419686577808,BacillusAnthracis
135771937,O=C1[C@@H](Cl)[C@@H](c2cc(N=Nc3cccc([N+](=O)[O-])c3)ccc2O)N1c1ccc(Cl)cc1,1.494850021680094,BacillusAnthracis
135771938,O=C1[C@@H](Cl)[C@@H](c2cc(N=Nc3cccc([N+](=O)[O-])c3)ccc2O)N1c1ccc(Br)cc1,1.769551078621726,BacillusAnthracis
135463527,O=C1[C@@H](Cl)[C@@H](c2cc(N=Nc3ccc([N+](=O)[O-])cc3)ccc2O)N1c1ccccc1,2.0,BacillusAnthracis
135771939,O=C1[C@@H](Cl)[C@@H](c2cc(N=Nc3ccc([N+](=O)[O-])cc3)ccc2O)N1c1ccc(F)cc1,1.9208187539523751,BacillusAnthracis
135463542,O=C1[C@@H](Cl)[C@@H](c2cc(N=Nc3ccc([N+](=O)[O-])cc3)ccc2O)N1c1ccc(Cl)cc1,1.6777807052660807,BacillusAnthracis
135463528,O=C1[C@@H](Cl)[C@@H](c2cc(N=Nc3ccc([N+](=O)[O-])cc3)ccc2O)N1c1ccc(Br)cc1,2.096910013008056,BacillusAnthracis
44425158,CN[C@H](CC(C)C)C(=O)N[C@H]1C(=O)N[C@@H](CC(N)=O)C(=O)N[C@H]2C(=O)N[C@H]3C(=O)N[C@H](C(=O)N[C@@H](C(=O)NC45CC6CC(CC(C6)C4)C5)c4cc(O)cc(O)c4-c4cc3ccc4O)[C@H](O[C@@H]3C[C@@](C)(N)[C@H](O)[C@@H](C)O3)c3ccc(cc3)Oc3cc2cc(c3O[C@H]2O[C@@H](CO)[C@H](O)[C@@H](O)[C@@H]2O[C@H]2C[C@](C)(N)[C@@H](O)[C@H](C)O2)Oc2ccc(cc2Cl)[C@H]1O,5.167510247767097,BacillusAnthracis
44425158,CN[C@H](CC(C)C)C(=O)N[C@H]1C(=O)N[C@@H](CC(N)=O)C(=O)N[C@H]2C(=O)N[C@H]3C(=O)N[C@H](C(=O)N[C@@H](C(=O)NC45CC6CC(CC(C6)C4)C5)c4cc(O)cc(O)c4-c4cc3ccc4O)[C@H](O[C@@H]3C[C@@](C)(N)[C@H](O)[C@@H](C)O3)c3ccc(cc3)Oc3cc2cc(c3O[C@H]2O[C@@H](CO)[C@H](O)[C@@H](O)[C@@H]2O[C@H]2C[C@](C)(N)[C@@H](O)[C@H](C)O2)Oc2ccc(cc2Cl)[C@H]1O,5.3708749263810605,BacillusAnthracis
44425158,CN[C@H](CC(C)C)C(=O)N[C@H]1C(=O)N[C@@H](CC(N)=O)C(=O)N[C@H]2C(=O)N[C@H]3C(=O)N[C@H](C(=O)N[C@@H](C(=O)NC45CC6CC(CC(C6)C4)C5)c4cc(O)cc(O)c4-c4cc3ccc4O)[C@H](O[C@@H]3C[C@@](C)(N)[C@H](O)[C@@H](C)O3)c3ccc(cc3)Oc3cc2cc(c3O[C@H]2O[C@@H](CO)[C@H](O)[C@@H](O)[C@@H]2O[C@H]2C[C@](C)(N)[C@@H](O)[C@H](C)O2)Oc2ccc(cc2Cl)[C@H]1O,5.2414362880094645,BacillusAnthracis
135509070,CNc1nc(N)[nH]c(=O)c1[N+](=O)[O-],3.982132281036496,BacillusAnthracis
44427759,CN(c1ccc(C(=O)NC(CCC(=O)O)C(=O)O)cc1)c1cnc2nc(N)nc(N)c2n1,7.823908740944319,BacillusAnthracis
5578,COc1cc(Cc2cnc(N)nc2N)cc(OC)c1OC,4.346787486224656,BacillusAnthracis
5578,COc1cc(Cc2cnc(N)nc2N)cc(OC)c1OC,4.376750709602099,BacillusAnthracis
25110773,CCCCN(CCCC)CCCNc1nc(NC2CCCCCC2)nc(NC23CC4CC(CC(C4)C2)C3)n1,4.3872161432802645,BacillusAnthracis
25110772,CCCCN(CCCC)CCCNc1nc(NC2CCCCCCC2)nc(NC23CC4CC(CC(C4)C2)C3)n1,4.0655015487564325,BacillusAnthracis
25095680,CCN(CC)CCCNc1nc(NCCc2ccccc2)nc(NC23CC4CC(CC(C4)C2)C3)n1,4.6777807052660805,BacillusAnthracis
439235,N[C@@H](CC=O)C(=O)O,1.853871964321762,BacillusAnthracis
1060,CC(=O)C(=O)O,2.154901959985743,BacillusAnthracis
408257,CN(C)CCC(=O)c1cccs1,5.318758762624412,BacillusAnthracis
408257,CN(C)CCC(=O)c1cccs1,4.468521082957745,BacillusAnthracis
432139,CN(C)CCC(=O)c1ccc(Cl)c(Cl)c1,4.853871964321762,BacillusAnthracis
408257,CN(C)CCC(=O)c1cccs1,4.823908740944319,BacillusAnthracis
432139,CN(C)CCC(=O)c1ccc(Cl)c(Cl)c1,4.698970004336019,BacillusAnthracis
408257,CN(C)CCC(=O)c1cccs1,5.236572006437063,BacillusAnthracis
432139,CN(C)CCC(=O)c1ccc(Cl)c(Cl)c1,5.228412519118745,BacillusAnthracis
408257,CN(C)CCC(=O)c1cccs1,4.327902142064283,BacillusAnthracis
408257,CN(C)CCC(=O)c1cccs1,4.030584087646019,BacillusAnthracis
432139,CN(C)CCC(=O)c1ccc(Cl)c(Cl)c1,4.823908740944319,BacillusAnthracis
432139,CN(C)CCC(=O)c1ccc(Cl)c(Cl)c1,4.804100347590766,BacillusAnthracis
10103241,C=CC(=O)c1cccs1,4.161150909262744,BacillusAnthracis
44454145,CCCCCCCC/C=C\CCCCCCCC(=O)NCc1ccc(O)c(O)c1,5.657577319177793,BacillusAnthracis
44454442,CCCCCCCC/C=C\CCCCCCCC(=O)NCc1ccc(C(=O)NO)cc1,5.2076083105017466,BacillusAnthracis
44454145,CCCCCCCC/C=C\CCCCCCCC(=O)NCc1ccc(O)c(O)c1,4.823908740944319,BacillusAnthracis
44454442,CCCCCCCC/C=C\CCCCCCCC(=O)NCc1ccc(C(=O)NO)cc1,4.376750709602099,BacillusAnthracis
2724387,Nc1nc(=S)c2ncn([C@@H]3O[C@H](CO)[C@@H](O)[C@H]3O)c2[nH]1,4.008773924307505,BacillusAnthracis
9570,CSc1ncnc2c1ncn2[C@@H]1O[C@H](CO)[C@@H](O)[C@H]1O,4.508638306165727,BacillusAnthracis
102197,Nc1nc(Cl)c2ncn([C@@H]3O[C@H](CO)[C@@H](O)[C@H]3O)c2n1,4.060480747381382,BacillusAnthracis
72200,Nc1nc(N)c2ncn([C@@H]3O[C@H](CO)[C@@H](O)[C@H]3O)c2n1,4.167491087293763,BacillusAnthracis
64959,O=c1[nH]c(=O)c2ncn([C@@H]3O[C@H](CO)[C@@H](O)[C@H]3O)c2[nH]1,3.109578981199086,BacillusAnthracis
96312,COc1nc(N)nc2c1ncn2[C@@H]1O[C@H](CO)[C@@H](O)[C@H]1O,4.468521082957745,BacillusAnthracis
5564,Oc1cc(Cl)ccc1Oc1ccc(Cl)cc1Cl,6.301029995663981,BacillusAnthracis
54724181,O=c1cc(O)ccn1Cc1ccccc1,4.0,BacillusAnthracis
54736914,COc1ccc(Cn2ccc(O)cc2=O)cc1,4.0,BacillusAnthracis
44449500,[O-][n+]1cc(Cl)ccc1Oc1ccc(Cl)cc1Cl,4.669586226650809,BacillusAnthracis
44449526,COc1ccc(Oc2ccc(Cl)cc2Cl)c(=O)[nH]1,4.6252516539898965,BacillusAnthracis
44449527,COc1ccc(Oc2ccccc2Cl)c[n+]1[O-],4.0,BacillusAnthracis
25167902,O=c1[nH]c(OCc2ccccc2)ccc1Cc1ccccc1,6.154901959985743,BacillusAnthracis
44449528,COc1ccc(Oc2ccccc2Cl)c(=O)[nH]1,4.72584215073632,BacillusAnthracis
44449529,CCOC(=O)c1cc(Cn2ccc(OCc3ccccc3)cc2=O)on1,4.0,BacillusAnthracis
44449559,CC(=O)Nc1ccc(Cn2ccc(OCc3ccccc3)cc2=O)c(Cl)c1,5.7447274948966935,BacillusAnthracis
44449560,C#CCn1ccc(OCc2ccccc2)cc1=O,4.0,BacillusAnthracis
25167901,Nc1ccc(Cn2ccc(OCc3ccccc3)cc2=O)c(Cl)c1,6.096910013008056,BacillusAnthracis
44449562,O=c1cc(OCc2ccccc2)ccn1Cc1ccc([N+](=O)[O-])cc1Cl,5.431798275933005,BacillusAnthracis
44449593,O=C(O)c1ccc(Cn2ccc(OCc3ccccc3)cc2=O)c(Cl)c1,4.623423042943488,BacillusAnthracis
44449594,N#Cc1ccc(Cn2ccc(OCc3ccccc3)cc2=O)c(Cl)c1,5.154901959985743,BacillusAnthracis
44449595,NC(=O)c1ccc(Cn2ccc(OCc3ccccc3)cc2=O)c(Cl)c1,5.443697499232713,BacillusAnthracis
44449629,O=c1cc(OCCCn2nnc3ccccc32)ccn1Cc1ccccc1Cl,5.795880017344075,BacillusAnthracis
44449630,O=c1cc(OCCCn2ccnc2)ccn1Cc1ccccc1Cl,4.552841968657781,BacillusAnthracis
44449631,O=c1cc(OCCCn2ccc3ccccc32)ccn1Cc1ccccc1Cl,6.096910013008056,BacillusAnthracis
44449659,O=c1cc(OCCCn2c3ccccc3c3ccccc32)ccn1Cc1ccccc1,4.0,BacillusAnthracis
44449660,O=c1cc(OCCCn2c3ccccc3c3ccccc32)ccn1Cc1ccccc1Cl,5.221848749616356,BacillusAnthracis
44449661,COc1ccc(Cn2ccc(OCCCn3c4ccccc4c4ccccc43)cc2=O)cc1,5.522878745280337,BacillusAnthracis
44449663,O=c1cc(OCc2ccc3ccccc3c2)ccn1Cc1ccccc1Cl,5.958607314841775,BacillusAnthracis
44449699,O=c1cc(OCc2cccc3ccccc23)ccn1Cc1ccccc1Cl,5.823908740944319,BacillusAnthracis
44449701,N#Cc1ccc(COc2ccn(Cc3ccccc3Cl)c(=O)c2)cc1,5.568636235841013,BacillusAnthracis
16046253,O=c1cc(OCc2ccccc2)ccn1Cc1ccccc1Cl,5.823908740944319,BacillusAnthracis
54734085,O=c1cc(O)ccn1Cc1ccc(O)cc1,4.0,BacillusAnthracis
10193032,O=c1cc(OCc2ccccc2)ccn1Cc1ccccc1,5.167491087293763,BacillusAnthracis
725473,O=C(O)c1ccc(N=Cc2c3ccccc3cc3ccccc23)cc1O,5.070683273246504,BacillusAnthracis
698187,O=C(O)c1cccc(NC(=O)c2cccc3c2C(=O)c2ccccc2-3)c1,5.736600668665997,BacillusAnthracis
698091,COc1cccc([C@H]2Nc3ccc(C(=O)O)cc3[C@@H]3C=CC[C@H]23)c1,5.761452112318672,BacillusAnthracis
707245,COC(=O)c1ccc([C@H]2Nc3ccc(C(=O)O)cc3[C@@H]3C=CC[C@H]23)cc1,4.0,BacillusAnthracis
725473,O=C(O)c1ccc(N=Cc2c3ccccc3cc3ccccc23)cc1O,5.045757490560675,BacillusAnthracis
698187,O=C(O)c1cccc(NC(=O)c2cccc3c2C(=O)c2ccccc2-3)c1,5.769551078621726,BacillusAnthracis
698091,COc1cccc([C@H]2Nc3ccc(C(=O)O)cc3[C@@H]3C=CC[C@H]23)c1,5.7447274948966935,BacillusAnthracis
82567,O=C1C=C(c2ccccc2)CCC1,4.0,BacillusAnthracis
13402571,O=C1C=C(c2cccnc2)CCC1,4.0,BacillusAnthracis
24747308,O=C1C=C(c2cccc3c2oc2ccccc23)CCC1,4.0,BacillusAnthracis
13354023,O=C1C=C(c2ccc3c(c2)OCO3)CCC1,4.275724130399211,BacillusAnthracis
24747222,O=C1C=C(c2cccc(O)c2)CCC1,4.0,BacillusAnthracis
24747203,CC1(C)CC(=O)C=C(c2ccc3[nH]ccc3c2)C1,4.0,BacillusAnthracis
24894067,COc1cccc(C2=C(C)C(=O)CC2)n1,4.522878745280337,BacillusAnthracis
25234409,Cn1cc(C2=CC(=O)CCC2)cn1,4.0,BacillusAnthracis
25234410,COc1cccc(C2=CC(=O)CCC2)n1,4.0,BacillusAnthracis
25234411,O=C1C=C(c2nccs2)CCC1,4.0,BacillusAnthracis
10866911,O=C1C=C(c2ccsc2)CCC1,4.0,BacillusAnthracis
14789268,O=C1C=C(c2cccs2)CCC1,4.0,BacillusAnthracis
25234470,O=C1C=C(c2ccoc2)CCC1,4.0,BacillusAnthracis
24894068,COc1ccc(C2=C(C)C(=O)CC2)cn1,4.619788758288394,BacillusAnthracis
11458340,COc1cccc(C2=CC(=O)CCC2)c1,4.522878745280337,BacillusAnthracis
25234412,O=C1C=C(c2ccc3ncccc3c2)CCC1,4.0,BacillusAnthracis
24747267,O=C1C=C(c2ccc3[nH]ccc3c2)CCC1,4.251811972993799,BacillusAnthracis
24747309,CC1(C)CC(=O)C=C(c2cccc3c2oc2ccccc23)C1,4.0,BacillusAnthracis
12339119,COc1ccccc1C1=CC(=O)CCC1,4.455931955649724,BacillusAnthracis
5578,COc1cc(Cc2cnc(N)nc2N)cc(OC)c1OC,4.1487416512809245,BacillusAnthracis
16110323,COc1cc(CC#Cc2cnc(N)nc2N)cc(OC)c1OC,5.638272163982407,BacillusAnthracis
16110337,COc1cc(CC#Cc2c(C)nc(N)nc2N)cc(OC)c1OC,5.431798275933005,BacillusAnthracis
16110338,COc1cc(C(C)C#Cc2cnc(N)nc2N)cc(OC)c1OC,5.318758762624412,BacillusAnthracis
16110326,COc1cc(C(C)C#Cc2c(C)nc(N)nc2N)cc(OC)c1OC,4.518557371497695,BacillusAnthracis
16110339,COc1cc(C(O)C#Cc2cnc(N)nc2N)cc(OC)c1OC,4.673664139071248,BacillusAnthracis
16110328,COc1cc(C(O)C#Cc2c(C)nc(N)nc2N)cc(OC)c1OC,4.838631997765025,BacillusAnthracis
16110329,COc1cc(C(C#Cc2cnc(N)nc2N)OC)cc(OC)c1OC,3.9617773616312815,BacillusAnthracis
16110341,COc1cc(C(C#Cc2c(C)nc(N)nc2N)OC)cc(OC)c1OC,4.536107011014093,BacillusAnthracis
25138222,COc1ccc(OC)c(CC#Cc2cnc(N)nc2N)c1,5.769551078621726,BacillusAnthracis
25138223,COc1ccc(OC)c(CC#Cc2c(C)nc(N)nc2N)c1,5.886056647693163,BacillusAnthracis
25058133,CCc1nc(N)nc(N)c1C#CCc1cc(OC)ccc1OC,6.050609993355088,BacillusAnthracis
25138224,CCCc1nc(N)nc(N)c1C#CCc1cc(OC)ccc1OC,5.259637310505756,BacillusAnthracis
25138225,CCc1nc(N)nc(N)c1C#CCc1cc(OC)c(OC)c(OC)c1,6.025949097207123,BacillusAnthracis
25138226,CCc1nc(N)nc(N)c1C#CCc1cccc(OC)c1OC,5.036212172654444,BacillusAnthracis
25138227,CCc1nc(N)nc(N)c1C#CCc1ccccc1,5.494850021680094,BacillusAnthracis
5578,COc1cc(Cc2cnc(N)nc2N)cc(OC)c1OC,3.9208187539523753,BacillusAnthracis
16110323,COc1cc(CC#Cc2cnc(N)nc2N)cc(OC)c1OC,5.835647144215563,BacillusAnthracis
16110337,COc1cc(CC#Cc2c(C)nc(N)nc2N)cc(OC)c1OC,6.3979400086720375,BacillusAnthracis
16110338,COc1cc(C(C)C#Cc2cnc(N)nc2N)cc(OC)c1OC,5.835647144215563,BacillusAnthracis
16110326,COc1cc(C(C)C#Cc2c(C)nc(N)nc2N)cc(OC)c1OC,5.860120913598763,BacillusAnthracis
16110339,COc1cc(C(O)C#Cc2cnc(N)nc2N)cc(OC)c1OC,4.844663962534939,BacillusAnthracis
16110328,COc1cc(C(O)C#Cc2c(C)nc(N)nc2N)cc(OC)c1OC,5.243363891754152,BacillusAnthracis
16110329,COc1cc(C(C#Cc2cnc(N)nc2N)OC)cc(OC)c1OC,5.935542010773082,BacillusAnthracis
16110341,COc1cc(C(C#Cc2c(C)nc(N)nc2N)OC)cc(OC)c1OC,5.913640169325252,BacillusAnthracis
25138222,COc1ccc(OC)c(CC#Cc2cnc(N)nc2N)c1,5.494850021680094,BacillusAnthracis
25138223,COc1ccc(OC)c(CC#Cc2c(C)nc(N)nc2N)c1,5.886056647693163,BacillusAnthracis
25058133,CCc1nc(N)nc(N)c1C#CCc1cc(OC)ccc1OC,5.892790030352132,BacillusAnthracis
25138224,CCCc1nc(N)nc(N)c1C#CCc1cc(OC)ccc1OC,5.928117992693875,BacillusAnthracis
25138225,CCc1nc(N)nc(N)c1C#CCc1cc(OC)c(OC)c(OC)c1,7.244125144327507,BacillusAnthracis
25138226,CCc1nc(N)nc(N)c1C#CCc1cccc(OC)c1OC,6.886056647693163,BacillusAnthracis
25138227,CCc1nc(N)nc(N)c1C#CCc1ccccc1,6.443697499232712,BacillusAnthracis
9878324,CO[C@H]1C(=O)N(SC)[C@H]1c1ccccc1Cl,1.6382721639824072,BacillusAnthracis
11948613,CCC(C)SN1C(=O)[C@H](OC)[C@@H]1c1ccccc1Cl,1.7958800173440752,BacillusAnthracis
44586750,CO[C@H]1C(=O)N(SC)[C@H]1c1ccccc1I,1.7958800173440752,BacillusAnthracis
44586751,CO[C@H]1C(=O)N(SC)[C@H]1c1cccc(I)c1,1.853871964321762,BacillusAnthracis
44586752,CO[C@H]1C(=O)N(SC)[C@H]1c1ccc(I)cc1,1.7958800173440752,BacillusAnthracis
44586753,CO[C@H]1C(=O)N(SC)[C@H]1c1cc(F)cc(F)c1F,1.744727494896694,BacillusAnthracis
44586754,CO[C@H]1C(=O)N(SC)[C@H]1c1cc(F)c(F)c(F)c1,1.6020599913279625,BacillusAnthracis
44586755,CO[C@H]1C(=O)N(SC)[C@H]1c1cc(F)c(F)cc1F,1.6020599913279625,BacillusAnthracis
44586756,CO[C@H]1C(=O)N(SC)[C@H]1c1ccc(Cl)cc1Cl,1.5686362358410126,BacillusAnthracis
44586757,CO[C@H]1C(=O)N(SC)[C@H]1c1cc(Cl)cc(Cl)c1Cl,1.6382721639824072,BacillusAnthracis
44586788,CO[C@H]1C(=O)N(SC)[C@H]1/C=C/c1ccccc1,1.5686362358410126,BacillusAnthracis
9899737,CO[C@H]1C(=O)N(SC)[C@H]1CCc1ccccc1,1.4685210829577449,BacillusAnthracis
44586814,CSN1C(=O)[C@H](Oc2ccccc2)[C@@H]1CCc1ccccc1,1.6020599913279625,BacillusAnthracis
44586815,CSN1C(=O)[C@H](OC(C)=O)[C@@H]1c1ccccc1,1.853871964321762,BacillusAnthracis
44586851,CSN1C(=O)[C@@H](OC(C)=O)[C@H]1c1ccccc1,1.853871964321762,BacillusAnthracis
44587288,CO[C@H]1C(=O)N(SC)[C@H]1c1ccccc1F,1.8239087409443189,BacillusAnthracis
44587308,CO[C@H]1C(=O)N(SC)[C@H]1c1cccc(F)c1,1.853871964321762,BacillusAnthracis
44587309,CO[C@H]1C(=O)N(SC)[C@H]1c1ccc(F)cc1,1.7958800173440752,BacillusAnthracis
9965022,CO[C@H]1C(=O)N(SC)[C@H]1c1cccc(Cl)c1,1.6382721639824072,BacillusAnthracis
44587310,CO[C@H]1C(=O)N(SC)[C@H]1c1ccccc1Br,1.6020599913279625,BacillusAnthracis
44587311,CO[C@H]1C(=O)N(SC)[C@H]1c1cccc(Br)c1,1.6989700043360187,BacillusAnthracis
44587312,CO[C@H]1C(=O)N(SC)[C@H]1c1ccc(Br)cc1,1.6020599913279625,BacillusAnthracis
9878324,CO[C@H]1C(=O)N(SC)[C@H]1c1ccccc1Cl,1.6777807052660807,BacillusAnthracis
11948613,CCC(C)SN1C(=O)[C@H](OC)[C@@H]1c1ccccc1Cl,1.8860566476931635,BacillusAnthracis
44586750,CO[C@H]1C(=O)N(SC)[C@H]1c1ccccc1I,1.8239087409443189,BacillusAnthracis
44586751,CO[C@H]1C(=O)N(SC)[C@H]1c1cccc(I)c1,1.853871964321762,BacillusAnthracis
44586752,CO[C@H]1C(=O)N(SC)[C@H]1c1ccc(I)cc1,1.9208187539523751,BacillusAnthracis
44586753,CO[C@H]1C(=O)N(SC)[C@H]1c1cc(F)cc(F)c1F,1.619788758288394,BacillusAnthracis
44586754,CO[C@H]1C(=O)N(SC)[C@H]1c1cc(F)c(F)c(F)c1,1.7212463990471711,BacillusAnthracis
44586755,CO[C@H]1C(=O)N(SC)[C@H]1c1cc(F)c(F)cc1F,1.6989700043360187,BacillusAnthracis
44586756,CO[C@H]1C(=O)N(SC)[C@H]1c1ccc(Cl)cc1Cl,1.6382721639824072,BacillusAnthracis
44586757,CO[C@H]1C(=O)N(SC)[C@H]1c1cc(Cl)cc(Cl)c1Cl,1.6575773191777938,BacillusAnthracis
44586788,CO[C@H]1C(=O)N(SC)[C@H]1/C=C/c1ccccc1,1.853871964321762,BacillusAnthracis
9899737,CO[C@H]1C(=O)N(SC)[C@H]1CCc1ccccc1,1.769551078621726,BacillusAnthracis
44586814,CSN1C(=O)[C@H](Oc2ccccc2)[C@@H]1CCc1ccccc1,1.7212463990471711,BacillusAnthracis
44586815,CSN1C(=O)[C@H](OC(C)=O)[C@@H]1c1ccccc1,1.8239087409443189,BacillusAnthracis
44586851,CSN1C(=O)[C@@H](OC(C)=O)[C@H]1c1ccccc1,1.958607314841775,BacillusAnthracis
9965022,CO[C@H]1C(=O)N(SC)[C@H]1c1cccc(Cl)c1,1.6989700043360187,BacillusAnthracis
44587310,CO[C@H]1C(=O)N(SC)[C@H]1c1ccccc1Br,1.6777807052660807,BacillusAnthracis
44587311,CO[C@H]1C(=O)N(SC)[C@H]1c1cccc(Br)c1,1.744727494896694,BacillusAnthracis
44587312,CO[C@H]1C(=O)N(SC)[C@H]1c1ccc(Br)cc1,1.6989700043360187,BacillusAnthracis
9878324,CO[C@H]1C(=O)N(SC)[C@H]1c1ccccc1Cl,1.6020599913279625,BacillusAnthracis
44586750,CO[C@H]1C(=O)N(SC)[C@H]1c1ccccc1I,1.6989700043360187,BacillusAnthracis
44586751,CO[C@H]1C(=O)N(SC)[C@H]1c1cccc(I)c1,1.7212463990471711,BacillusAnthracis
44586752,CO[C@H]1C(=O)N(SC)[C@H]1c1ccc(I)cc1,1.6575773191777938,BacillusAnthracis
44586753,CO[C@H]1C(=O)N(SC)[C@H]1c1cc(F)cc(F)c1F,1.958607314841775,BacillusAnthracis
44586754,CO[C@H]1C(=O)N(SC)[C@H]1c1cc(F)c(F)c(F)c1,1.744727494896694,BacillusAnthracis
44586755,CO[C@H]1C(=O)N(SC)[C@H]1c1cc(F)c(F)cc1F,1.853871964321762,BacillusAnthracis
44586756,CO[C@H]1C(=O)N(SC)[C@H]1c1ccc(Cl)cc1Cl,1.494850021680094,BacillusAnthracis
44586757,CO[C@H]1C(=O)N(SC)[C@H]1c1cc(Cl)cc(Cl)c1Cl,1.5086383061657274,BacillusAnthracis
44586788,CO[C@H]1C(=O)N(SC)[C@H]1/C=C/c1ccccc1,1.7958800173440752,BacillusAnthracis
44586811,CSN1C(=O)[C@H](OC(C)=O)[C@@H]1/C=C/c1ccccc1,1.853871964321762,BacillusAnthracis
44586812,CSN1C(=O)[C@H](Oc2ccccc2)[C@@H]1/C=C/c1ccccc1,2.0457574905606752,BacillusAnthracis
9899737,CO[C@H]1C(=O)N(SC)[C@H]1CCc1ccccc1,1.6989700043360187,BacillusAnthracis
44586813,CSN1C(=O)[C@H](OC(C)=O)[C@@H]1CCc1ccccc1,1.8239087409443189,BacillusAnthracis
44586814,CSN1C(=O)[C@H](Oc2ccccc2)[C@@H]1CCc1ccccc1,1.744727494896694,BacillusAnthracis
9965022,CO[C@H]1C(=O)N(SC)[C@H]1c1cccc(Cl)c1,1.6777807052660807,BacillusAnthracis
44587310,CO[C@H]1C(=O)N(SC)[C@H]1c1ccccc1Br,1.769551078621726,BacillusAnthracis
44587311,CO[C@H]1C(=O)N(SC)[C@H]1c1cccc(Br)c1,1.769551078621726,BacillusAnthracis
44587312,CO[C@H]1C(=O)N(SC)[C@H]1c1ccc(Br)cc1,1.7212463990471711,BacillusAnthracis
9878324,CO[C@H]1C(=O)N(SC)[C@H]1c1ccccc1Cl,1.769551078621726,BacillusAnthracis
44586750,CO[C@H]1C(=O)N(SC)[C@H]1c1ccccc1I,1.8239087409443189,BacillusAnthracis
44586751,CO[C@H]1C(=O)N(SC)[C@H]1c1cccc(I)c1,1.8239087409443189,BacillusAnthracis
44586752,CO[C@H]1C(=O)N(SC)[C@H]1c1ccc(I)cc1,1.7212463990471711,BacillusAnthracis
44586753,CO[C@H]1C(=O)N(SC)[C@H]1c1cc(F)cc(F)c1F,1.8239087409443189,BacillusAnthracis
44586754,CO[C@H]1C(=O)N(SC)[C@H]1c1cc(F)c(F)c(F)c1,1.769551078621726,BacillusAnthracis
44586755,CO[C@H]1C(=O)N(SC)[C@H]1c1cc(F)c(F)cc1F,1.7958800173440752,BacillusAnthracis
44586756,CO[C@H]1C(=O)N(SC)[C@H]1c1ccc(Cl)cc1Cl,1.5528419686577808,BacillusAnthracis
44586757,CO[C@H]1C(=O)N(SC)[C@H]1c1cc(Cl)cc(Cl)c1Cl,1.5228787452803376,BacillusAnthracis
44586788,CO[C@H]1C(=O)N(SC)[C@H]1/C=C/c1ccccc1,1.853871964321762,BacillusAnthracis
44586811,CSN1C(=O)[C@H](OC(C)=O)[C@@H]1/C=C/c1ccccc1,1.9208187539523751,BacillusAnthracis
9899737,CO[C@H]1C(=O)N(SC)[C@H]1CCc1ccccc1,1.619788758288394,BacillusAnthracis
44586813,CSN1C(=O)[C@H](OC(C)=O)[C@@H]1CCc1ccccc1,1.8860566476931635,BacillusAnthracis
44586814,CSN1C(=O)[C@H](Oc2ccccc2)[C@@H]1CCc1ccccc1,1.7212463990471711,BacillusAnthracis
44586815,CSN1C(=O)[C@H](OC(C)=O)[C@@H]1c1ccccc1,2.0457574905606752,BacillusAnthracis
44587288,CO[C@H]1C(=O)N(SC)[C@H]1c1ccccc1F,1.8239087409443189,BacillusAnthracis
44587308,CO[C@H]1C(=O)N(SC)[C@H]1c1cccc(F)c1,1.8860566476931635,BacillusAnthracis
9965022,CO[C@H]1C(=O)N(SC)[C@H]1c1cccc(Cl)c1,1.8860566476931635,BacillusAnthracis
9965023,CO[C@H]1C(=O)N(SC)[C@H]1c1ccc(Cl)cc1,2.0,BacillusAnthracis
44587310,CO[C@H]1C(=O)N(SC)[C@H]1c1ccccc1Br,1.8860566476931635,BacillusAnthracis
44587311,CO[C@H]1C(=O)N(SC)[C@H]1c1cccc(Br)c1,1.853871964321762,BacillusAnthracis
44587312,CO[C@H]1C(=O)N(SC)[C@H]1c1ccc(Br)cc1,1.769551078621726,BacillusAnthracis
9878324,CO[C@H]1C(=O)N(SC)[C@H]1c1ccccc1Cl,1.6989700043360187,BacillusAnthracis
44586750,CO[C@H]1C(=O)N(SC)[C@H]1c1ccccc1I,1.769551078621726,BacillusAnthracis
44586751,CO[C@H]1C(=O)N(SC)[C@H]1c1cccc(I)c1,1.7212463990471711,BacillusAnthracis
44586752,CO[C@H]1C(=O)N(SC)[C@H]1c1ccc(I)cc1,1.6989700043360187,BacillusAnthracis
44586753,CO[C@H]1C(=O)N(SC)[C@H]1c1cc(F)cc(F)c1F,1.769551078621726,BacillusAnthracis
44586754,CO[C@H]1C(=O)N(SC)[C@H]1c1cc(F)c(F)c(F)c1,1.6020599913279625,BacillusAnthracis
44586755,CO[C@H]1C(=O)N(SC)[C@H]1c1cc(F)c(F)cc1F,1.853871964321762,BacillusAnthracis
44586756,CO[C@H]1C(=O)N(SC)[C@H]1c1ccc(Cl)cc1Cl,1.6575773191777938,BacillusAnthracis
44586757,CO[C@H]1C(=O)N(SC)[C@H]1c1cc(Cl)cc(Cl)c1Cl,1.6382721639824072,BacillusAnthracis
44586788,CO[C@H]1C(=O)N(SC)[C@H]1/C=C/c1ccccc1,1.853871964321762,BacillusAnthracis
9899737,CO[C@H]1C(=O)N(SC)[C@H]1CCc1ccccc1,1.8239087409443189,BacillusAnthracis
44586814,CSN1C(=O)[C@H](Oc2ccccc2)[C@@H]1CCc1ccccc1,1.853871964321762,BacillusAnthracis
44586815,CSN1C(=O)[C@H](OC(C)=O)[C@@H]1c1ccccc1,1.8239087409443189,BacillusAnthracis
44586851,CSN1C(=O)[C@@H](OC(C)=O)[C@H]1c1ccccc1,2.0,BacillusAnthracis
9965022,CO[C@H]1C(=O)N(SC)[C@H]1c1cccc(Cl)c1,1.8860566476931635,BacillusAnthracis
9965023,CO[C@H]1C(=O)N(SC)[C@H]1c1ccc(Cl)cc1,1.853871964321762,BacillusAnthracis
44587310,CO[C@H]1C(=O)N(SC)[C@H]1c1ccccc1Br,1.7212463990471711,BacillusAnthracis
44587311,CO[C@H]1C(=O)N(SC)[C@H]1c1cccc(Br)c1,1.8239087409443189,BacillusAnthracis
44587312,CO[C@H]1C(=O)N(SC)[C@H]1c1ccc(Br)cc1,1.769551078621726,BacillusAnthracis
9878324,CO[C@H]1C(=O)N(SC)[C@H]1c1ccccc1Cl,1.4814860601221125,BacillusAnthracis
44586750,CO[C@H]1C(=O)N(SC)[C@H]1c1ccccc1I,1.6575773191777938,BacillusAnthracis
44586751,CO[C@H]1C(=O)N(SC)[C@H]1c1cccc(I)c1,1.6575773191777938,BacillusAnthracis
44586752,CO[C@H]1C(=O)N(SC)[C@H]1c1ccc(I)cc1,1.6020599913279625,BacillusAnthracis
44586753,CO[C@H]1C(=O)N(SC)[C@H]1c1cc(F)cc(F)c1F,1.6575773191777938,BacillusAnthracis
44586754,CO[C@H]1C(=O)N(SC)[C@H]1c1cc(F)c(F)c(F)c1,1.4685210829577449,BacillusAnthracis
44586755,CO[C@H]1C(=O)N(SC)[C@H]1c1cc(F)c(F)cc1F,1.6575773191777938,BacillusAnthracis
44586756,CO[C@H]1C(=O)N(SC)[C@H]1c1ccc(Cl)cc1Cl,1.5086383061657274,BacillusAnthracis
44586757,CO[C@H]1C(=O)N(SC)[C@H]1c1cc(Cl)cc(Cl)c1Cl,1.585026652029182,BacillusAnthracis
44586788,CO[C@H]1C(=O)N(SC)[C@H]1/C=C/c1ccccc1,1.8860566476931635,BacillusAnthracis
9899737,CO[C@H]1C(=O)N(SC)[C@H]1CCc1ccccc1,1.853871964321762,BacillusAnthracis
44586814,CSN1C(=O)[C@H](Oc2ccccc2)[C@@H]1CCc1ccccc1,1.853871964321762,BacillusAnthracis
44587288,CO[C@H]1C(=O)N(SC)[C@H]1c1ccccc1F,1.7212463990471711,BacillusAnthracis
44587308,CO[C@H]1C(=O)N(SC)[C@H]1c1cccc(F)c1,1.6575773191777938,BacillusAnthracis
44587309,CO[C@H]1C(=O)N(SC)[C@H]1c1ccc(F)cc1,1.6777807052660807,BacillusAnthracis
9965022,CO[C@H]1C(=O)N(SC)[C@H]1c1cccc(Cl)c1,1.5528419686577808,BacillusAnthracis
44587310,CO[C@H]1C(=O)N(SC)[C@H]1c1ccccc1Br,1.3979400086720375,BacillusAnthracis
44587311,CO[C@H]1C(=O)N(SC)[C@H]1c1cccc(Br)c1,1.744727494896694,BacillusAnthracis
44587312,CO[C@H]1C(=O)N(SC)[C@H]1c1ccc(Br)cc1,1.6382721639824072,BacillusAnthracis
9878324,CO[C@H]1C(=O)N(SC)[C@H]1c1ccccc1Cl,1.6575773191777938,BacillusAnthracis
44586750,CO[C@H]1C(=O)N(SC)[C@H]1c1ccccc1I,1.8239087409443189,BacillusAnthracis
44586751,CO[C@H]1C(=O)N(SC)[C@H]1c1cccc(I)c1,1.8239087409443189,BacillusAnthracis
44586752,CO[C@H]1C(=O)N(SC)[C@H]1c1ccc(I)cc1,1.6989700043360187,BacillusAnthracis
44586753,CO[C@H]1C(=O)N(SC)[C@H]1c1cc(F)cc(F)c1F,1.7958800173440752,BacillusAnthracis
44586754,CO[C@H]1C(=O)N(SC)[C@H]1c1cc(F)c(F)c(F)c1,1.537602002101044,BacillusAnthracis
44586755,CO[C@H]1C(=O)N(SC)[C@H]1c1cc(F)c(F)cc1F,1.853871964321762,BacillusAnthracis
44586756,CO[C@H]1C(=O)N(SC)[C@H]1c1ccc(Cl)cc1Cl,1.6777807052660807,BacillusAnthracis
44586757,CO[C@H]1C(=O)N(SC)[C@H]1c1cc(Cl)cc(Cl)c1Cl,1.7212463990471711,BacillusAnthracis
44586788,CO[C@H]1C(=O)N(SC)[C@H]1/C=C/c1ccccc1,1.7212463990471711,BacillusAnthracis
44586811,CSN1C(=O)[C@H](OC(C)=O)[C@@H]1/C=C/c1ccccc1,1.8860566476931635,BacillusAnthracis
9899737,CO[C@H]1C(=O)N(SC)[C@H]1CCc1ccccc1,1.5528419686577808,BacillusAnthracis
44586814,CSN1C(=O)[C@H](Oc2ccccc2)[C@@H]1CCc1ccccc1,1.6777807052660807,BacillusAnthracis
44586815,CSN1C(=O)[C@H](OC(C)=O)[C@@H]1c1ccccc1,1.7958800173440752,BacillusAnthracis
44586851,CSN1C(=O)[C@@H](OC(C)=O)[C@H]1c1ccccc1,1.7958800173440752,BacillusAnthracis
44587288,CO[C@H]1C(=O)N(SC)[C@H]1c1ccccc1F,1.853871964321762,BacillusAnthracis
44587308,CO[C@H]1C(=O)N(SC)[C@H]1c1cccc(F)c1,1.7958800173440752,BacillusAnthracis
9965022,CO[C@H]1C(=O)N(SC)[C@H]1c1cccc(Cl)c1,1.7212463990471711,BacillusAnthracis
44587310,CO[C@H]1C(=O)N(SC)[C@H]1c1ccccc1Br,1.6020599913279625,BacillusAnthracis
44587311,CO[C@H]1C(=O)N(SC)[C@H]1c1cccc(Br)c1,1.853871964321762,BacillusAnthracis
44587312,CO[C@H]1C(=O)N(SC)[C@H]1c1ccc(Br)cc1,1.769551078621726,BacillusAnthracis
2396,CN(C)CCCn1cc(C2=C(c3c[nH]c4ccccc34)C(=O)NC2=O)c2ccccc21,5.823908740944319,BacillusAnthracis
2157,CCCCc1oc2ccccc2c1C(=O)c1cc(I)c(OCCN(CC)CC)c(I)c1,5.455931955649724,BacillusAnthracis
2351,CC(C)COCC(CN(Cc1ccccc1)c1ccccc1)N1CCCC1,5.318758762624412,BacillusAnthracis
5282309,CCCCCCCCCCCCC/C=C/[C@@H](O)[C@H](CO)N(C)C,5.638272163982407,BacillusAnthracis
2157,CCCCc1oc2ccccc2c1C(=O)c1cc(I)c(OCCN(CC)CC)c(I)c1,5.425968732272281,BacillusAnthracis
2351,CC(C)COCC(CN(Cc1ccccc1)c1ccccc1)N1CCCC1,5.167491087293763,BacillusAnthracis
2157,CCCCc1oc2ccccc2c1C(=O)c1cc(I)c(OCCN(CC)CC)c(I)c1,5.6020599913279625,BacillusAnthracis
2351,CC(C)COCC(CN(Cc1ccccc1)c1ccccc1)N1CCCC1,5.6020599913279625,BacillusAnthracis
14969,CN[C@H](CC(C)C)C(=O)N[C@H]1C(=O)N[C@@H](CC(N)=O)C(=O)N[C@H]2C(=O)N[C@H]3C(=O)N[C@H](C(=O)N[C@H](C(=O)O)c4cc(O)cc(O)c4-c4cc3ccc4O)[C@H](O)c3ccc(c(Cl)c3)Oc3cc2cc(c3O[C@@H]2O[C@H](CO)[C@@H](O)[C@H](O)[C@H]2O[C@H]2C[C@](C)(N)[C@H](O)[C@H](C)O2)Oc2ccc(cc2Cl)[C@H]1O,1.5686362358410126,BacillusAnthracis
44561279,CSSc1ccc(F)c(F)c1,1.958607314841775,BacillusAnthracis
44561280,CSSc1ccc(C)c(C)c1,2.0,BacillusAnthracis
44561281,CCOc1cccc(SSC)c1,2.0457574905606752,BacillusAnthracis
25001885,CSSc1ccccc1CO,1.853871964321762,BacillusAnthracis
173923,CSSc1ccccn1,1.6382721639824072,BacillusAnthracis
24997137,CSSc1ccc(NC(C)=O)cc1,1.6989700043360187,BacillusAnthracis
485597,CSSc1ccc([N+](=O)[O-])cc1,1.4559319556497243,BacillusAnthracis
25001880,CCSSc1ccc([N+](=O)[O-])cc1,1.2676062401770316,BacillusAnthracis
25001881,CC(C)SSc1ccc([N+](=O)[O-])cc1,1.0705810742857071,BacillusAnthracis
25001882,CCC(C)SSc1ccc([N+](=O)[O-])cc1,1.1674910872937636,BacillusAnthracis
25001883,CCCSSc1ccc([N+](=O)[O-])cc1,1.3665315444204134,BacillusAnthracis
12336449,CCCCSSc1ccc([N+](=O)[O-])cc1,1.275724130399211,BacillusAnthracis
485622,CSSc1cccc([N+](=O)[O-])c1,1.4436974992327127,BacillusAnthracis
25001888,CCSSc1cccc([N+](=O)[O-])c1,1.3467874862246565,BacillusAnthracis
24997132,CC(C)SSc1cccc([N+](=O)[O-])c1,1.0705810742857071,BacillusAnthracis
24997133,CCC(C)SSc1cccc([N+](=O)[O-])c1,1.3467874862246565,BacillusAnthracis
485592,CSSc1ccccc1[N+](=O)[O-],1.431798275933005,BacillusAnthracis
24997134,CCSSc1ccccc1[N+](=O)[O-],1.3979400086720375,BacillusAnthracis
24997135,CC(C)SSc1ccccc1[N+](=O)[O-],1.5086383061657274,BacillusAnthracis
24997136,CCC(C)SSc1ccccc1[N+](=O)[O-],1.619788758288394,BacillusAnthracis
14969,CN[C@H](CC(C)C)C(=O)N[C@H]1C(=O)N[C@@H](CC(N)=O)C(=O)N[C@H]2C(=O)N[C@H]3C(=O)N[C@H](C(=O)N[C@H](C(=O)O)c4cc(O)cc(O)c4-c4cc3ccc4O)[C@H](O)c3ccc(c(Cl)c3)Oc3cc2cc(c3O[C@@H]2O[C@H](CO)[C@@H](O)[C@H](O)[C@H]2O[C@H]2C[C@](C)(N)[C@H](O)[C@H](C)O2)Oc2ccc(cc2Cl)[C@H]1O,1.6575773191777938,BacillusAnthracis
485597,CSSc1ccc([N+](=O)[O-])cc1,1.6382721639824072,BacillusAnthracis
25001880,CCSSc1ccc([N+](=O)[O-])cc1,1.42021640338319,BacillusAnthracis
25001881,CC(C)SSc1ccc([N+](=O)[O-])cc1,1.1249387366083,BacillusAnthracis
25001882,CCC(C)SSc1ccc([N+](=O)[O-])cc1,1.2676062401770316,BacillusAnthracis
25001883,CCCSSc1ccc([N+](=O)[O-])cc1,1.42021640338319,BacillusAnthracis
12336449,CCCCSSc1ccc([N+](=O)[O-])cc1,1.5528419686577808,BacillusAnthracis
485622,CSSc1cccc([N+](=O)[O-])c1,1.8239087409443189,BacillusAnthracis
25001888,CCSSc1cccc([N+](=O)[O-])c1,1.9208187539523751,BacillusAnthracis
24997132,CC(C)SSc1cccc([N+](=O)[O-])c1,1.42021640338319,BacillusAnthracis
24997133,CCC(C)SSc1cccc([N+](=O)[O-])c1,1.6575773191777938,BacillusAnthracis
485592,CSSc1ccccc1[N+](=O)[O-],1.585026652029182,BacillusAnthracis
24997134,CCSSc1ccccc1[N+](=O)[O-],1.5528419686577808,BacillusAnthracis
24997135,CC(C)SSc1ccccc1[N+](=O)[O-],1.6989700043360187,BacillusAnthracis
24997136,CCC(C)SSc1ccccc1[N+](=O)[O-],1.6989700043360187,BacillusAnthracis
485597,CSSc1ccc([N+](=O)[O-])cc1,1.2676062401770316,BacillusAnthracis
25001880,CCSSc1ccc([N+](=O)[O-])cc1,1.1739251972991736,BacillusAnthracis
25001881,CC(C)SSc1ccc([N+](=O)[O-])cc1,1.1487416512809248,BacillusAnthracis
25001882,CCC(C)SSc1ccc([N+](=O)[O-])cc1,1.207608310501746,BacillusAnthracis
25001883,CCCSSc1ccc([N+](=O)[O-])cc1,1.2441251443275083,BacillusAnthracis
12336449,CCCCSSc1ccc([N+](=O)[O-])cc1,1.2839966563652008,BacillusAnthracis
485622,CSSc1cccc([N+](=O)[O-])c1,1.3665315444204134,BacillusAnthracis
25001888,CCSSc1cccc([N+](=O)[O-])c1,1.3979400086720375,BacillusAnthracis
24997132,CC(C)SSc1cccc([N+](=O)[O-])c1,1.2676062401770316,BacillusAnthracis
24997133,CCC(C)SSc1cccc([N+](=O)[O-])c1,1.3872161432802643,BacillusAnthracis
485592,CSSc1ccccc1[N+](=O)[O-],1.5086383061657274,BacillusAnthracis
24997134,CCSSc1ccccc1[N+](=O)[O-],1.4559319556497243,BacillusAnthracis
24997135,CC(C)SSc1ccccc1[N+](=O)[O-],1.5686362358410126,BacillusAnthracis
24997136,CCC(C)SSc1ccccc1[N+](=O)[O-],1.6382721639824072,BacillusAnthracis
44561382,CSSCCNC(=O)CCNC(=O)[C@@H](O)C(C)(C)COP(=O)(O)OP(=O)(O)OC[C@H]1O[C@@H](n2cnc3c(N)ncnc32)[C@H](O)[C@@H]1OP(=O)(O)O,4.2441251443275085,BacillusAnthracis
2814185,COc1ccc(Oc2ccc([N+](=O)[O-])cc2C(=O)Nc2ccc(S(N)(=O)=O)cc2)cc1,3.5361070110140926,BacillusAnthracis
2222732,O=C(Nc1ccc2oc(-c3cc(Br)ccc3Cl)nc2c1)c1cccc([N+](=O)[O-])c1,4.209011524911184,BacillusAnthracis
1000677,O=C(Nc1ccc(Cc2ccc(NC(=O)c3ccc4c(c3)OCO4)cc2)cc1)c1ccc2c(c1)OCO2,4.182434630440219,BacillusAnthracis
2933226,COc1ccc(CCNC(=O)NCc2cccc(CNC(=O)NCCc3ccc(OC)cc3)c2)cc1,4.154901959985743,BacillusAnthracis
2956323,O=C(Nc1ccc([N+](=O)[O-])cc1)Nc1ccc(S(=O)(=O)Nc2ccc(Cl)c(Cl)c2)cc1,5.0,BacillusAnthracis
2888840,CCc1ccc(S(=O)(=O)Nc2c([N+](=O)[O-])ccc3ccccc23)cc1,3.774432286560529,BacillusAnthracis
44582142,Cc1ccc(-c2nc3cc(Cl)ccc3o2)cc1CC(=O)c1cc([N+](=O)[O-])c(C)c([N+](=O)[O-])c1,4.075720713938118,BacillusAnthracis
317883,O=C1C=C(Nc2ccccc2C(=O)O)C(=O)C=C1Nc1ccccc1C(=O)O,3.9281179926938745,BacillusAnthracis
5338883,O=[N+]([O-])c1ccc(-c2cnc(N/N=C/c3cccc([N+](=O)[O-])c3)nc2)cc1,3.795880017344075,BacillusAnthracis
135492237,CCOC(=O)C1=C(O)/C(=C/c2ccc([N+](=O)[O-])cc2)SC1=Nc1cccc2ccccc12,4.0655015487564325,BacillusAnthracis
2240071,O=C(Nc1ccc(S(=O)(=O)Nc2ncccn2)cc1)Nc1ccc(Cl)c(Cl)c1,4.110698297493689,BacillusAnthracis
4982467,O=C(CSc1nc(Nc2ccccc2)nc(N2CCOCC2)n1)Nc1ccc([N+](=O)[O-])cc1O,4.106238237942057,BacillusAnthracis
620951,O=[N+]([O-])c1ccc(O)c(C=Nc2cccc(O)c2)c1,4.647817481888637,BacillusAnthracis
6103830,N#C/C(=C\c1ccccc1[N+](=O)[O-])C(=O)c1ccccc1,4.292429823902063,BacillusAnthracis
5739928,O=C(Cn1cc(/C=C/c2[nH]c(=O)[nH]c(=O)c2[N+](=O)[O-])c2ccccc21)Nc1ccc(F)cc1,4.2564902352715706,BacillusAnthracis
1343659,O=C(CCC(=O)Nc1ccc(Nc2ccccc2)cc1)Nc1ccc(Nc2ccccc2)cc1,3.5917600346881504,BacillusAnthracis
2913160,O=C(Nc1ccc([N+](=O)[O-])cc1)c1ccc(-c2nnc(-c3ccccc3)o2)cc1,3.835647144215563,BacillusAnthracis
1324993,O=C(COC(=O)c1ccc(NC(=O)c2ccc([N+](=O)[O-])cc2)cc1)c1ccc(F)cc1,3.75448733218585,BacillusAnthracis
2959739,Nc1ncnc(Nc2ccc(Cl)cc2C(=O)c2ccccc2Cl)c1[N+](=O)[O-],3.636388020107856,BacillusAnthracis
627541,NC(=O)c1ccc(N=Cc2cc([N+](=O)[O-])ccc2Cl)cc1,3.5816987086802548,BacillusAnthracis
2244621,O=C(Nc1cccc(N=Cc2cc([N+](=O)[O-])ccc2O)c1)c1cccc(Br)c1,4.00436480540245,BacillusAnthracis
5194376,O=C(Nc1cccc(N=Cc2cc([N+](=O)[O-])ccc2O)c1)c1ccc(Cl)cc1Cl,3.9746941347352296,BacillusAnthracis
2805716,COc1ccc(NC(=O)Nc2cccc(NC(=O)Nc3ccc(OC)cc3)c2F)cc1,3.596879478824182,BacillusAnthracis
719170,Cc1ccc(C(=O)Nc2cccc(-c3nc4ccccc4[nH]3)c2)cc1,3.723538195826756,BacillusAnthracis
2727729,Cc1cc(-c2nnc(CSc3nnc(NC(=O)c4ccc(F)c(Cl)c4)s3)o2)ccc1[N+](=O)[O-],3.5686362358410126,BacillusAnthracis
2739361,COc1ccccc1NC(=O)NC(=O)c1ccc(-c2csnn2)cc1,3.628932137728264,BacillusAnthracis
2799971,COc1ccc(Br)c(-c2nnc(-c3ccccc3NC(=O)NC(=O)c3ccccc3Cl)o2)c1,3.657577319177794,BacillusAnthracis
2814120,Cc1onc(-c2ccccc2)c1NC(=O)Nc1ccc(Oc2ncnc3cc(Cl)ccc23)nc1,3.6345120151091,BacillusAnthracis
2814126,COc1ccc(NC(=O)Nc2ccc(Oc3ncnc4cc(Cl)ccc34)nc2)cc1OC1CCCC1,4.013228265733755,BacillusAnthracis
3816695,Nc1c(C(=O)c2ccc([N+](=O)[O-])cc2)sc(Nc2ccccc2)c1-c1nc2ccccc2[nH]1,3.769551078621726,BacillusAnthracis
9584192,N/C(=N\OC(=O)c1ccc(Cl)c(Cl)c1)c1cccc(CSc2ccccn2)c1,3.537602002101044,BacillusAnthracis
9566398,O=C(Cn1nnc(N2CCOCC2)n1)N/N=C/c1ccc(-c2cccc([N+](=O)[O-])c2)o1,3.962573502059376,BacillusAnthracis
2850015,O=C(Nc1ccc(N=Nc2ccccc2)cc1)c1ccc([N+](=O)[O-])cc1,4.119186407719209,BacillusAnthracis
2251842,O=C(Nc1ccccc1)Nc1ccc(NC(=O)c2ccc(NC(=O)Nc3ccccc3)cc2)cc1,4.102372908709558,BacillusAnthracis
1365949,O=C(Nc1cccc(Oc2ccc3c(c2)C(=O)N(c2ccccc2)C3=O)c1)c1cccc([N+](=O)[O-])c1,3.694648630553376,BacillusAnthracis
1344125,O=C(Nc1cccc(C(=O)Nc2cccc3ccccc23)c1)c1cccc([N+](=O)[O-])c1,3.647817481888637,BacillusAnthracis
1348923,Cc1cc(C)c2oc(-c3cccc(NC(=O)/C=C/c4cccc([N+](=O)[O-])c4)c3)nc2c1,4.167491087293763,BacillusAnthracis
1920201,COc1cccc(NC(=O)Nc2nnc(COc3ccc([N+](=O)[O-])cc3)s2)c1,3.906578314837765,BacillusAnthracis
2295960,NC(=O)c1c(NC(=S)NC(=O)c2cccc([N+](=O)[O-])c2)sc2c1CCCC2,3.730487055782084,BacillusAnthracis
1313630,NC(=O)c1ccc(NC(=O)c2ccc(Oc3ccc([N+](=O)[O-])cc3Cl)cc2)cc1,3.886056647693163,BacillusAnthracis
5738556,COc1ccccc1NC(=O)COc1ccc(/C=C(/C#N)c2nc3ccccc3[nH]2)cc1,3.749579997691106,BacillusAnthracis
44592141,Cc1c(NC(=O)c2ccc(N3CCCC3)c([N+](=O)[O-])c2)cccc1-c1nc2ccccc2[nH]1,3.714442690992226,BacillusAnthracis
2977840,O=C(NC(=S)Nc1cc(-c2nc3ccccc3[nH]2)ccc1Cl)c1ccccc1[N+](=O)[O-],3.614393726401688,BacillusAnthracis
62999,Cl.O=C(O)c1cn(C2CC2)c2cc(N3CCNCC3)c(F)cc2c1=O,6.301029995663981,BacillusAnthracis
2814185,COc1ccc(Oc2ccc([N+](=O)[O-])cc2C(=O)Nc2ccc(S(N)(=O)=O)cc2)cc1,3.619788758288394,BacillusAnthracis
2222732,O=C(Nc1ccc2oc(-c3cc(Br)ccc3Cl)nc2c1)c1cccc([N+](=O)[O-])c1,3.619788758288394,BacillusAnthracis
1000677,O=C(Nc1ccc(Cc2ccc(NC(=O)c3ccc4c(c3)OCO4)cc2)cc1)c1ccc2c(c1)OCO2,3.619788758288394,BacillusAnthracis
2933226,COc1ccc(CCNC(=O)NCc2cccc(CNC(=O)NCCc3ccc(OC)cc3)c2)cc1,3.690369832574101,BacillusAnthracis
2956323,O=C(Nc1ccc([N+](=O)[O-])cc1)Nc1ccc(S(=O)(=O)Nc2ccc(Cl)c(Cl)c2)cc1,5.721246399047171,BacillusAnthracis
2888840,CCc1ccc(S(=O)(=O)Nc2c([N+](=O)[O-])ccc3ccccc23)cc1,5.42021640338319,BacillusAnthracis
44582142,Cc1ccc(-c2nc3cc(Cl)ccc3o2)cc1CC(=O)c1cc([N+](=O)[O-])c(C)c([N+](=O)[O-])c1,3.619788758288394,BacillusAnthracis
317883,O=C1C=C(Nc2ccccc2C(=O)O)C(=O)C=C1Nc1ccccc1C(=O)O,3.5783960731301687,BacillusAnthracis
5338883,O=[N+]([O-])c1ccc(-c2cnc(N/N=C/c3cccc([N+](=O)[O-])c3)nc2)cc1,3.562249437179612,BacillusAnthracis
135492237,CCOC(=O)C1=C(O)/C(=C/c2ccc([N+](=O)[O-])cc2)SC1=Nc1cccc2ccccc12,3.649751981665837,BacillusAnthracis
2240071,O=C(Nc1ccc(S(=O)(=O)Nc2ncccn2)cc1)Nc1ccc(Cl)c(Cl)c1,4.823908740944319,BacillusAnthracis
4982467,O=C(CSc1nc(Nc2ccccc2)nc(N2CCOCC2)n1)Nc1ccc([N+](=O)[O-])cc1O,4.823908740944319,BacillusAnthracis
620951,O=[N+]([O-])c1ccc(O)c(C=Nc2cccc(O)c2)c1,3.4122890349810886,BacillusAnthracis
6103830,N#C/C(=C\c1ccccc1[N+](=O)[O-])C(=O)c1ccccc1,3.9208187539523753,BacillusAnthracis
5739928,O=C(Cn1cc(/C=C/c2[nH]c(=O)[nH]c(=O)c2[N+](=O)[O-])c2ccccc21)Nc1ccc(F)cc1,3.6516951369518393,BacillusAnthracis
1343659,O=C(CCC(=O)Nc1ccc(Nc2ccccc2)cc1)Nc1ccc(Nc2ccccc2)cc1,3.6536470255493616,BacillusAnthracis
2913160,O=C(Nc1ccc([N+](=O)[O-])cc1)c1ccc(-c2nnc(-c3ccccc3)o2)cc1,3.586700235918748,BacillusAnthracis
1324993,O=C(COC(=O)c1ccc(NC(=O)c2ccc([N+](=O)[O-])cc2)cc1)c1ccc(F)cc1,3.625251653989896,BacillusAnthracis
2959739,Nc1ncnc(Nc2ccc(Cl)cc2C(=O)c2ccccc2Cl)c1[N+](=O)[O-],3.607303046740334,BacillusAnthracis
627541,NC(=O)c1ccc(N=Cc2cc([N+](=O)[O-])ccc2Cl)cc1,3.4828041020500256,BacillusAnthracis
2244621,O=C(Nc1cccc(N=Cc2cc([N+](=O)[O-])ccc2O)c1)c1cccc(Br)c1,3.6439741428068775,BacillusAnthracis
5194376,O=C(Nc1cccc(N=Cc2cc([N+](=O)[O-])ccc2O)c1)c1ccc(Cl)cc1Cl,3.6345120151091,BacillusAnthracis
2805716,COc1ccc(NC(=O)Nc2cccc(NC(=O)Nc3ccc(OC)cc3)c2F)cc1,3.619788758288394,BacillusAnthracis
719170,Cc1ccc(C(=O)Nc2cccc(-c3nc4ccccc4[nH]3)c2)cc1,3.619788758288394,BacillusAnthracis
2727729,Cc1cc(-c2nnc(CSc3nnc(NC(=O)c4ccc(F)c(Cl)c4)s3)o2)ccc1[N+](=O)[O-],3.619788758288394,BacillusAnthracis
2739361,COc1ccccc1NC(=O)NC(=O)c1ccc(-c2csnn2)cc1,3.619788758288394,BacillusAnthracis
2799971,COc1ccc(Br)c(-c2nnc(-c3ccccc3NC(=O)NC(=O)c3ccccc3Cl)o2)c1,3.619788758288394,BacillusAnthracis
2814120,Cc1onc(-c2ccccc2)c1NC(=O)Nc1ccc(Oc2ncnc3cc(Cl)ccc23)nc1,3.619788758288394,BacillusAnthracis
2814126,COc1ccc(NC(=O)Nc2ccc(Oc3ncnc4cc(Cl)ccc34)nc2)cc1OC1CCCC1,3.619788758288394,BacillusAnthracis
3816695,Nc1c(C(=O)c2ccc([N+](=O)[O-])cc2)sc(Nc2ccccc2)c1-c1nc2ccccc2[nH]1,3.619788758288394,BacillusAnthracis
9584192,N/C(=N\OC(=O)c1ccc(Cl)c(Cl)c1)c1cccc(CSc2ccccn2)c1,3.619788758288394,BacillusAnthracis
9566398,O=C(Cn1nnc(N2CCOCC2)n1)N/N=C/c1ccc(-c2cccc([N+](=O)[O-])c2)o1,3.619788758288394,BacillusAnthracis
2850015,O=C(Nc1ccc(N=Nc2ccccc2)cc1)c1ccc([N+](=O)[O-])cc1,3.619788758288394,BacillusAnthracis
2251842,O=C(Nc1ccccc1)Nc1ccc(NC(=O)c2ccc(NC(=O)Nc3ccccc3)cc2)cc1,3.619788758288394,BacillusAnthracis
1365949,O=C(Nc1cccc(Oc2ccc3c(c2)C(=O)N(c2ccccc2)C3=O)c1)c1cccc([N+](=O)[O-])c1,3.619788758288394,BacillusAnthracis
1344125,O=C(Nc1cccc(C(=O)Nc2cccc3ccccc23)c1)c1cccc([N+](=O)[O-])c1,3.619788758288394,BacillusAnthracis
1348923,Cc1cc(C)c2oc(-c3cccc(NC(=O)/C=C/c4cccc([N+](=O)[O-])c4)c3)nc2c1,3.619788758288394,BacillusAnthracis
1920201,COc1cccc(NC(=O)Nc2nnc(COc3ccc([N+](=O)[O-])cc3)s2)c1,3.619788758288394,BacillusAnthracis
2295960,NC(=O)c1c(NC(=S)NC(=O)c2cccc([N+](=O)[O-])c2)sc2c1CCCC2,3.619788758288394,BacillusAnthracis
1313630,NC(=O)c1ccc(NC(=O)c2ccc(Oc3ccc([N+](=O)[O-])cc3Cl)cc2)cc1,3.619788758288394,BacillusAnthracis
5738556,COc1ccccc1NC(=O)COc1ccc(/C=C(/C#N)c2nc3ccccc3[nH]2)cc1,3.619788758288394,BacillusAnthracis
44592141,Cc1c(NC(=O)c2ccc(N3CCCC3)c([N+](=O)[O-])c2)cccc1-c1nc2ccccc2[nH]1,3.619788758288394,BacillusAnthracis
2977840,O=C(NC(=S)Nc1cc(-c2nc3ccccc3[nH]2)ccc1Cl)c1ccccc1[N+](=O)[O-],3.619788758288394,BacillusAnthracis
44419569,C=C[C@@]1(C)CC[C@@H]2C(C)(C)c3cccc4[nH]c5c(c34)[C@@]2(O)[C@]1(C#N)[C@H]1O[C@H]1C5(C)C,4.882728704344236,BacillusAnthracis
21610114,[C-]#[N+][C@@H]1[C@]2(O)c3c(C(C)(C)C=C)[nH]c4cccc(c34)C(C)(C)[C@H]2CC[C@]1(C)C=C,5.154901959985743,BacillusAnthracis
21610116,[C-]#[N+][C@]12[C@H]3O[C@H]3C(C)(C)c3[nH]c4cccc5c4c3[C@]1(O)[C@H](C[C@@H](Cl)[C@]2(C)C=C)C5(C)C,4.6777807052660805,BacillusAnthracis
21671525,[C-]#[N+][C@@H]1[C@H]2c3c[nH]c4cccc(c34)C(C)(C)[C@@H]2CC[C@]1(C)C=C,4.230622673923862,BacillusAnthracis
44139370,[C-]#[N+][C@]12C[C@@H](O)C(C)(C)c3[nH]c4cccc5c4c3[C@]1(O)[C@H](CC[C@]2(C)C=C)C5(C)C,4.567030709125595,BacillusAnthracis
21610117,[C-]#[N+][C@]12[C@@H](O)[C@H](O)C(C)(C)c3[nH]c4cccc5c4c3[C@]1(O)[C@H](C[C@@H](Cl)[C@]2(C)C=C)C5(C)C,4.213248577854439,BacillusAnthracis
21610112,[C-]#[N+][C@@H]1[C@@H]2c3c(C(C)(C)C=C)[nH]c4cccc(c34)C(C)(C)[C@H]2C[C@@H](Cl)[C@]1(C)C=C,4.330683119433888,BacillusAnthracis
11067734,[C-]#[N+][C@@H]1[C@@H]2c3c[nH]c4cccc(c34)C(C)(C)[C@H]2C[C@@H](Cl)[C@]1(C)C=C,5.167491087293763,BacillusAnthracis
44139369,[C-]#[N+][C@]12C[C@@H](O)C(C)(C)c3[nH]c4cccc5c4c3[C@]1(O)[C@H](C[C@@H](Cl)[C@]2(C)C=C)C5(C)C,5.1249387366083,BacillusAnthracis
44139241,[C-]#[N+][C@]12C=CC(C)(C)c3[nH]c4cccc5c4c3[C@]1(O)[C@H](CC[C@]2(C)C=C)C5(C)C,4.931814138253839,BacillusAnthracis
44139368,[C-]#[N+][C@]12C=CC(C)(C)c3[nH]c4cccc5c4c3[C@]1(O)[C@H](C[C@@H](Cl)[C@]2(C)C=C)C5(C)C,5.180456064458132,BacillusAnthracis
135398735,CO[C@H]1/C=C/O[C@@]2(C)Oc3c(C)c(O)c4c(O)c(c(/C=N/N5CCN(C)CC5)c(O)c4c3C2=O)NC(=O)/C(C)=C\C=C\[C@H](C)[C@H](O)[C@@H](C)[C@@H](O)[C@@H](C)[C@H](OC(C)=O)[C@@H]1C,7.0,BacillusAnthracis
44419569,C=C[C@@]1(C)CC[C@@H]2C(C)(C)c3cccc4[nH]c5c(c34)[C@@]2(O)[C@]1(C#N)[C@H]1O[C@H]1C5(C)C,3.892790030352132,BacillusAnthracis
21610114,[C-]#[N+][C@@H]1[C@]2(O)c3c(C(C)(C)C=C)[nH]c4cccc(c34)C(C)(C)[C@H]2CC[C@]1(C)C=C,4.79317412396815,BacillusAnthracis
21610116,[C-]#[N+][C@]12[C@H]3O[C@H]3C(C)(C)c3[nH]c4cccc5c4c3[C@]1(O)[C@H](C[C@@H](Cl)[C@]2(C)C=C)C5(C)C,5.443697499232713,BacillusAnthracis
21671525,[C-]#[N+][C@@H]1[C@H]2c3c[nH]c4cccc(c34)C(C)(C)[C@@H]2CC[C@]1(C)C=C,3.892790030352132,BacillusAnthracis
44139370,[C-]#[N+][C@]12C[C@@H](O)C(C)(C)c3[nH]c4cccc5c4c3[C@]1(O)[C@H](CC[C@]2(C)C=C)C5(C)C,4.510041520575165,BacillusAnthracis
21610112,[C-]#[N+][C@@H]1[C@@H]2c3c(C(C)(C)C=C)[nH]c4cccc(c34)C(C)(C)[C@H]2C[C@@H](Cl)[C@]1(C)C=C,6.0,BacillusAnthracis
11067734,[C-]#[N+][C@@H]1[C@@H]2c3c[nH]c4cccc(c34)C(C)(C)[C@H]2C[C@@H](Cl)[C@]1(C)C=C,3.892790030352132,BacillusAnthracis
44139369,[C-]#[N+][C@]12C[C@@H](O)C(C)(C)c3[nH]c4cccc5c4c3[C@]1(O)[C@H](C[C@@H](Cl)[C@]2(C)C=C)C5(C)C,4.54515513999149,BacillusAnthracis
21610113,[C-]#[N+][C@H]1[C@@](C)(C=C)[C@H](Cl)C[C@@H]2C(C)(C)c3cccc4[nH]c(C(C)(C)C=C)c(c34)[C@]21O,5.431798275933005,BacillusAnthracis
44139241,[C-]#[N+][C@]12C=CC(C)(C)c3[nH]c4cccc5c4c3[C@]1(O)[C@H](CC[C@]2(C)C=C)C5(C)C,4.790484985457369,BacillusAnthracis
44139368,[C-]#[N+][C@]12C=CC(C)(C)c3[nH]c4cccc5c4c3[C@]1(O)[C@H](C[C@@H](Cl)[C@]2(C)C=C)C5(C)C,5.130768280269024,BacillusAnthracis
44139367,[C-]#[N+][C@]12[C@H](O)C(=O)C(C)(C)c3[nH]c4cccc5c4c3[C@]1(O)[C@H](C[C@@H](Cl)[C@]2(C)C=C)C5(C)C,4.860120913598763,BacillusAnthracis
44419569,C=C[C@@]1(C)CC[C@@H]2C(C)(C)c3cccc4[nH]c5c(c34)[C@@]2(O)[C@]1(C#N)[C@H]1O[C@H]1C5(C)C,5.050609993355087,BacillusAnthracis
21610114,[C-]#[N+][C@@H]1[C@]2(O)c3c(C(C)(C)C=C)[nH]c4cccc(c34)C(C)(C)[C@H]2CC[C@]1(C)C=C,5.130768280269024,BacillusAnthracis
21610116,[C-]#[N+][C@]12[C@H]3O[C@H]3C(C)(C)c3[nH]c4cccc5c4c3[C@]1(O)[C@H](C[C@@H](Cl)[C@]2(C)C=C)C5(C)C,5.823908740944319,BacillusAnthracis
21671525,[C-]#[N+][C@@H]1[C@H]2c3c[nH]c4cccc(c34)C(C)(C)[C@@H]2CC[C@]1(C)C=C,3.892790030352132,BacillusAnthracis
44139370,[C-]#[N+][C@]12C[C@@H](O)C(C)(C)c3[nH]c4cccc5c4c3[C@]1(O)[C@H](CC[C@]2(C)C=C)C5(C)C,5.259637310505756,BacillusAnthracis
21610112,[C-]#[N+][C@@H]1[C@@H]2c3c(C(C)(C)C=C)[nH]c4cccc(c34)C(C)(C)[C@H]2C[C@@H](Cl)[C@]1(C)C=C,5.7447274948966935,BacillusAnthracis
11067734,[C-]#[N+][C@@H]1[C@@H]2c3c[nH]c4cccc(c34)C(C)(C)[C@H]2C[C@@H](Cl)[C@]1(C)C=C,3.892790030352132,BacillusAnthracis
44139369,[C-]#[N+][C@]12C[C@@H](O)C(C)(C)c3[nH]c4cccc5c4c3[C@]1(O)[C@H](C[C@@H](Cl)[C@]2(C)C=C)C5(C)C,5.327902142064283,BacillusAnthracis
21610113,[C-]#[N+][C@H]1[C@@](C)(C=C)[C@H](Cl)C[C@@H]2C(C)(C)c3cccc4[nH]c(C(C)(C)C=C)c(c34)[C@]21O,4.962573502059376,BacillusAnthracis
44139241,[C-]#[N+][C@]12C=CC(C)(C)c3[nH]c4cccc5c4c3[C@]1(O)[C@H](CC[C@]2(C)C=C)C5(C)C,4.978810700930062,BacillusAnthracis
44139368,[C-]#[N+][C@]12C=CC(C)(C)c3[nH]c4cccc5c4c3[C@]1(O)[C@H](C[C@@H](Cl)[C@]2(C)C=C)C5(C)C,5.337242168318426,BacillusAnthracis
152946,COc1c(N2C[C@@H]3CCCN[C@@H]3C2)c(F)cc2c(=O)c(C(=O)O)cn(C3CC3)c12,6.154901959985743,BacillusAnthracis
44419569,C=C[C@@]1(C)CC[C@@H]2C(C)(C)c3cccc4[nH]c5c(c34)[C@@]2(O)[C@]1(C#N)[C@H]1O[C@H]1C5(C)C,4.224025668870631,BacillusAnthracis
21610114,[C-]#[N+][C@@H]1[C@]2(O)c3c(C(C)(C)C=C)[nH]c4cccc(c34)C(C)(C)[C@H]2CC[C@]1(C)C=C,4.224753740259764,BacillusAnthracis
21610116,[C-]#[N+][C@]12[C@H]3O[C@H]3C(C)(C)c3[nH]c4cccc5c4c3[C@]1(O)[C@H](C[C@@H](Cl)[C@]2(C)C=C)C5(C)C,5.853871964321762,BacillusAnthracis
21671525,[C-]#[N+][C@@H]1[C@H]2c3c[nH]c4cccc(c34)C(C)(C)[C@@H]2CC[C@]1(C)C=C,4.402304814074488,BacillusAnthracis
44139370,[C-]#[N+][C@]12C[C@@H](O)C(C)(C)c3[nH]c4cccc5c4c3[C@]1(O)[C@H](CC[C@]2(C)C=C)C5(C)C,4.311580177997289,BacillusAnthracis
21610112,[C-]#[N+][C@@H]1[C@@H]2c3c(C(C)(C)C=C)[nH]c4cccc(c34)C(C)(C)[C@H]2C[C@@H](Cl)[C@]1(C)C=C,4.8297382846050425,BacillusAnthracis
11067734,[C-]#[N+][C@@H]1[C@@H]2c3c[nH]c4cccc(c34)C(C)(C)[C@H]2C[C@@H](Cl)[C@]1(C)C=C,4.468521082957745,BacillusAnthracis
44139369,[C-]#[N+][C@]12C[C@@H](O)C(C)(C)c3[nH]c4cccc5c4c3[C@]1(O)[C@H](C[C@@H](Cl)[C@]2(C)C=C)C5(C)C,4.58838029403677,BacillusAnthracis
21610113,[C-]#[N+][C@H]1[C@@](C)(C=C)[C@H](Cl)C[C@@H]2C(C)(C)c3cccc4[nH]c(C(C)(C)C=C)c(c34)[C@]21O,4.555955204081924,BacillusAnthracis
44139241,[C-]#[N+][C@]12C=CC(C)(C)c3[nH]c4cccc5c4c3[C@]1(O)[C@H](CC[C@]2(C)C=C)C5(C)C,4.533132379645891,BacillusAnthracis
44139368,[C-]#[N+][C@]12C=CC(C)(C)c3[nH]c4cccc5c4c3[C@]1(O)[C@H](C[C@@H](Cl)[C@]2(C)C=C)C5(C)C,4.6252516539898965,BacillusAnthracis
3823,CC(=O)N1CCN(c2ccc(OCC3COC(Cn4ccnc4)(c4ccc(Cl)cc4Cl)O3)cc2)CC1,7.522878745280337,BacillusAnthracis
44419569,C=C[C@@]1(C)CC[C@@H]2C(C)(C)c3cccc4[nH]c5c(c34)[C@@]2(O)[C@]1(C#N)[C@H]1O[C@H]1C5(C)C,5.769551078621726,BacillusAnthracis
21610114,[C-]#[N+][C@@H]1[C@]2(O)c3c(C(C)(C)C=C)[nH]c4cccc(c34)C(C)(C)[C@H]2CC[C@]1(C)C=C,6.0,BacillusAnthracis
21610116,[C-]#[N+][C@]12[C@H]3O[C@H]3C(C)(C)c3[nH]c4cccc5c4c3[C@]1(O)[C@H](C[C@@H](Cl)[C@]2(C)C=C)C5(C)C,6.045757490560675,BacillusAnthracis
21671525,[C-]#[N+][C@@H]1[C@H]2c3c[nH]c4cccc(c34)C(C)(C)[C@@H]2CC[C@]1(C)C=C,5.292429823902063,BacillusAnthracis
44139370,[C-]#[N+][C@]12C[C@@H](O)C(C)(C)c3[nH]c4cccc5c4c3[C@]1(O)[C@H](CC[C@]2(C)C=C)C5(C)C,6.0,BacillusAnthracis
21610112,[C-]#[N+][C@@H]1[C@@H]2c3c(C(C)(C)C=C)[nH]c4cccc(c34)C(C)(C)[C@H]2C[C@@H](Cl)[C@]1(C)C=C,6.0,BacillusAnthracis
11067734,[C-]#[N+][C@@H]1[C@@H]2c3c[nH]c4cccc(c34)C(C)(C)[C@H]2C[C@@H](Cl)[C@]1(C)C=C,3.892790030352132,BacillusAnthracis
44139369,[C-]#[N+][C@]12C[C@@H](O)C(C)(C)c3[nH]c4cccc5c4c3[C@]1(O)[C@H](C[C@@H](Cl)[C@]2(C)C=C)C5(C)C,5.958607314841775,BacillusAnthracis
21610113,[C-]#[N+][C@H]1[C@@](C)(C=C)[C@H](Cl)C[C@@H]2C(C)(C)c3cccc4[nH]c(C(C)(C)C=C)c(c34)[C@]21O,5.769551078621726,BacillusAnthracis
44139241,[C-]#[N+][C@]12C=CC(C)(C)c3[nH]c4cccc5c4c3[C@]1(O)[C@H](CC[C@]2(C)C=C)C5(C)C,6.0,BacillusAnthracis
44139368,[C-]#[N+][C@]12C=CC(C)(C)c3[nH]c4cccc5c4c3[C@]1(O)[C@H](C[C@@H](Cl)[C@]2(C)C=C)C5(C)C,6.045757490560675,BacillusAnthracis
44419569,C=C[C@@]1(C)CC[C@@H]2C(C)(C)c3cccc4[nH]c5c(c34)[C@@]2(O)[C@]1(C#N)[C@H]1O[C@H]1C5(C)C,3.892790030352132,BacillusAnthracis
21610114,[C-]#[N+][C@@H]1[C@]2(O)c3c(C(C)(C)C=C)[nH]c4cccc(c34)C(C)(C)[C@H]2CC[C@]1(C)C=C,4.106238237942057,BacillusAnthracis
21610116,[C-]#[N+][C@]12[C@H]3O[C@H]3C(C)(C)c3[nH]c4cccc5c4c3[C@]1(O)[C@H](C[C@@H](Cl)[C@]2(C)C=C)C5(C)C,4.370590400897281,BacillusAnthracis
21671525,[C-]#[N+][C@@H]1[C@H]2c3c[nH]c4cccc(c34)C(C)(C)[C@@H]2CC[C@]1(C)C=C,3.892790030352132,BacillusAnthracis
44139370,[C-]#[N+][C@]12C[C@@H](O)C(C)(C)c3[nH]c4cccc5c4c3[C@]1(O)[C@H](CC[C@]2(C)C=C)C5(C)C,3.926648297613099,BacillusAnthracis
21610117,[C-]#[N+][C@]12[C@@H](O)[C@H](O)C(C)(C)c3[nH]c4cccc5c4c3[C@]1(O)[C@H](C[C@@H](Cl)[C@]2(C)C=C)C5(C)C,4.237321436272564,BacillusAnthracis
21610112,[C-]#[N+][C@@H]1[C@@H]2c3c(C(C)(C)C=C)[nH]c4cccc(c34)C(C)(C)[C@H]2C[C@@H](Cl)[C@]1(C)C=C,4.585026652029182,BacillusAnthracis
11067734,[C-]#[N+][C@@H]1[C@@H]2c3c[nH]c4cccc(c34)C(C)(C)[C@H]2C[C@@H](Cl)[C@]1(C)C=C,3.892790030352132,BacillusAnthracis
44139369,[C-]#[N+][C@]12C[C@@H](O)C(C)(C)c3[nH]c4cccc5c4c3[C@]1(O)[C@H](C[C@@H](Cl)[C@]2(C)C=C)C5(C)C,4.09799710864927,BacillusAnthracis
21610113,[C-]#[N+][C@H]1[C@@](C)(C=C)[C@H](Cl)C[C@@H]2C(C)(C)c3cccc4[nH]c(C(C)(C)C=C)c(c34)[C@]21O,4.23210238398191,BacillusAnthracis
44139241,[C-]#[N+][C@]12C=CC(C)(C)c3[nH]c4cccc5c4c3[C@]1(O)[C@H](CC[C@]2(C)C=C)C5(C)C,4.350665141287858,BacillusAnthracis
44139368,[C-]#[N+][C@]12C=CC(C)(C)c3[nH]c4cccc5c4c3[C@]1(O)[C@H](C[C@@H](Cl)[C@]2(C)C=C)C5(C)C,4.274088367704952,BacillusAnthracis
44139367,[C-]#[N+][C@]12[C@H](O)C(=O)C(C)(C)c3[nH]c4cccc5c4c3[C@]1(O)[C@H](C[C@@H](Cl)[C@]2(C)C=C)C5(C)C,4.09312646527793,BacillusAnthracis
135398735,CO[C@H]1/C=C/O[C@@]2(C)Oc3c(C)c(O)c4c(O)c(c(/C=N/N5CCN(C)CC5)c(O)c4c3C2=O)NC(=O)/C(C)=C\C=C\[C@H](C)[C@H](O)[C@@H](C)[C@@H](O)[C@@H](C)[C@H](OC(C)=O)[C@@H]1C,4.009217308196862,BacillusAnthracis
24949066,CC(C)(C)c1ccc(-c2noc(C(=O)NNC(=S)Nc3ccc(C(F)(F)F)cc3)n2)cc1,6.42021640338319,BacillusAnthracis
24949066,CC(C)(C)c1ccc(-c2noc(C(=O)NNC(=S)Nc3ccc(C(F)(F)F)cc3)n2)cc1,5.318758762624412,BacillusAnthracis
45267101,Cc1csc(NS(=O)(=O)c2ccc(OC(F)(F)F)cc2)c1-c1nc2ccccc2s1,4.7447274948966935,BacillusAnthracis
45267107,CC(=O)Nc1ccc(S(=O)(=O)Nc2scc(C)c2-c2nc3ccccc3s2)cc1,4.853871964321762,BacillusAnthracis
45267121,Cc1csc(NS(=O)(=O)c2cccc(OC(F)(F)F)c2)c1-c1nc2ccccc2s1,4.958607314841775,BacillusAnthracis
45267122,O=S(=O)(Nc1sccc1-c1nc2ccccc2s1)c1ccco1,4.301029995663981,BacillusAnthracis
45267141,O=S(=O)(Nc1sccc1-c1nc2ccccc2s1)c1ccc(F)cc1,4.795880017344075,BacillusAnthracis
45267157,COc1ccc(S(=O)(=O)Nc2sccc2-c2nc3ccccc3s2)cc1OC,4.721246399047171,BacillusAnthracis
5713760,N#C/C(=C\c1ccc([N+](=O)[O-])s1)C(=O)c1ccco1,5.180456064458132,BacillusAnthracis
5713760,N#C/C(=C\c1ccc([N+](=O)[O-])s1)C(=O)c1ccco1,4.721246399047171,BacillusAnthracis
45267187,COc1ccc(-c2ccc(S(=O)(=O)Nc3sccc3-c3nc4ccccc4s3)cc2)cc1OC,5.045757490560675,BacillusAnthracis
45267962,Cc1csc(NS(=O)(=O)c2ccc([N+](=O)[O-])cc2)c1-c1nc2ccccc2s1,4.958607314841775,BacillusAnthracis
45267963,Cc1c(S(=O)(=O)Nc2sccc2-c2nc3ccccc3s2)cnn1-c1ccccc1,4.301029995663981,BacillusAnthracis
45267970,Cc1csc(NS(=O)(=O)c2cc(Cl)c(Cl)cc2Cl)c1-c1nc2ccccc2s1,4.823908740944319,BacillusAnthracis
45267971,O=S(=O)(Nc1sccc1-c1nc2ccccc2s1)c1ccc2ncsc2c1,5.0,BacillusAnthracis
45267972,O=S(=O)(Nc1sccc1-c1nc2ccccc2s1)c1ccc2c(c1)OCCO2,4.568636235841013,BacillusAnthracis
45267978,Cc1csc(NS(=O)(=O)c2ccc(C(C)(C)C)cc2)c1-c1nc2ccccc2s1,4.0,BacillusAnthracis
45267979,Cc1csc(NS(=O)(=O)c2ccc(Cl)c(Cl)c2)c1-c1nc2ccccc2s1,4.0,BacillusAnthracis
45267980,O=C(NCc1ccc(S(=O)(=O)Nc2sccc2-c2nc3ccccc3s2)s1)c1ccc(Cl)cc1,4.853871964321762,BacillusAnthracis
45267992,Cc1csc(NS(=O)(=O)c2cccc(-c3ccccc3)c2)c1-c1nc2ccccc2s1,4.721246399047171,BacillusAnthracis
45267993,COc1ccc(-c2ccc(S(=O)(=O)NCCc3nc4ccccc4s3)cc2)cc1,4.301029995663981,BacillusAnthracis
45268000,O=S(=O)(Nc1sccc1-c1nc2ccccc2s1)c1cccc(C(F)(F)F)c1,4.795880017344075,BacillusAnthracis
45268001,O=S(=O)(Nc1ccccc1-c1nc2ccccc2s1)c1ccc(-c2ccc(Cl)cc2)cc1,4.0,BacillusAnthracis
45268002,Cc1ccc(S(=O)(=O)Nc2cccs2)cc1Cl,4.301029995663981,BacillusAnthracis
45268004,Cc1ccc(S(=O)(=O)Nc2sccc2-c2nc3ccccc3s2)cc1,4.886056647693163,BacillusAnthracis
45268010,Cc1cc(S(=O)(=O)Nc2sccc2-c2nc3ccccc3s2)ccc1F,4.920818753952375,BacillusAnthracis
45268035,O=S(=O)(Nc1sccc1-c1nc2ccccc2s1)c1ccc(-c2ccc(OC(F)(F)F)cc2)cc1,5.4089353929735005,BacillusAnthracis
45268040,O=S(=O)(Nc1sccc1-c1nc2ccccc2s1)c1ccc(-c2ccc(Cl)c(Cl)c2)cc1,5.142667503568732,BacillusAnthracis
45268840,O=S(=O)(Nc1sccc1-c1nc2ccccc2s1)c1ccc(-c2cnco2)cc1,4.886056647693163,BacillusAnthracis
45268846,Cc1csc(NS(=O)(=O)c2ccc(Cl)cc2F)c1-c1nc2ccccc2s1,4.721246399047171,BacillusAnthracis
45268847,Cc1nccc(-c2cccc(S(=O)(=O)Nc3sccc3-c3nc4ccccc4s3)c2)n1,4.920818753952375,BacillusAnthracis
45268861,Cc1ccc(S(=O)(=O)Nc2scc(C)c2-c2nc3ccccc3s2)cc1[N+](=O)[O-],4.318758762624412,BacillusAnthracis
45268862,Cc1csc(NS(=O)(=O)c2ccc(Cl)c(C(F)(F)F)c2)c1-c1nc2ccccc2s1,4.958607314841775,BacillusAnthracis
45268868,Cc1csc(NS(=O)(=O)c2ccc(-c3ccc(Cl)cc3)cc2)c1-c1nc2ccccc2s1,4.920818753952375,BacillusAnthracis
45268899,O=S(=O)(Nc1sccc1-c1nc2ccccc2s1)c1ccc(Br)c(Cl)c1,5.346787486224656,BacillusAnthracis
45268903,Cc1ccc(S(=O)(=O)Nc2sccc2-c2nc3ccccc3s2)cc1[N+](=O)[O-],5.0,BacillusAnthracis
67070,Nc1ccc(Nc2ccc(N)cc2S(=O)(=O)O)cc1,6.251811972993799,BacillusAnthracis
67070,Nc1ccc(Nc2ccc(N)cc2S(=O)(=O)O)cc1,5.468521082957745,BacillusAnthracis
45268923,O=S(=O)(Nc1sccc1-c1nc2ccccc2s1)c1ccc(-c2ccc(C(F)(F)F)cc2)cc1,5.096910013008056,BacillusAnthracis
135533454,CCOC(=O)CCc1c(CC(=O)OCC)c[nH]c1/C=N/O,5.376750709602099,BacillusAnthracis
135533454,CCOC(=O)CCc1c(CC(=O)OCC)c[nH]c1/C=N/O,5.229147988357856,BacillusAnthracis
2809632,Cc1csc(NS(=O)(=O)c2ccc(Cl)cc2)c1-c1nc2ccccc2s1,5.10790539730952,BacillusAnthracis
2809632,Cc1csc(NS(=O)(=O)c2ccc(Cl)cc2)c1-c1nc2ccccc2s1,4.823908740944319,BacillusAnthracis
45269681,Cc1csc(NS(=O)(=O)c2ccccc2C(F)(F)F)c1-c1nc2ccccc2s1,4.0,BacillusAnthracis
45269682,O=S(=O)(Nc1sccc1-c1nc2ccccc2s1)c1ccc(-c2cncs2)cc1,4.920818753952375,BacillusAnthracis
45269689,Cc1csc(NS(=O)(=O)c2ccc(F)cc2)c1-c1nc2ccccc2s1,4.0,BacillusAnthracis
45269690,Cc1cc(C)n(-c2ccc(S(=O)(=O)Nc3sccc3-c3nc4ccccc4s3)cc2)n1,4.958607314841775,BacillusAnthracis
45269695,Cc1ccc(S(=O)(=O)Nc2scc(C)c2-c2nc3ccccc3s2)cc1Cl,5.050609993355087,BacillusAnthracis
45269696,Cc1csc(NS(=O)(=O)c2ccc(F)c(Cl)c2)c1-c1nc2ccccc2s1,4.0,BacillusAnthracis
45269697,CN1CCOc2cc(S(=O)(=O)Nc3sccc3-c3nc4ccccc4s3)cnc21,4.568636235841013,BacillusAnthracis
45269701,Cc1csc(NS(=O)(=O)c2cccc(Cl)c2C)c1-c1nc2ccccc2s1,4.0,BacillusAnthracis
45269702,CN1CCOc2cc(S(=O)(=O)Nc3sccc3-c3nc4ccccc4s3)ccc21,4.638272163982407,BacillusAnthracis
45269708,Cc1csc(NS(=O)(=O)c2cccc(Cl)c2)c1-c1nc2ccccc2s1,4.0,BacillusAnthracis
45269709,CS(=O)(=O)CS(=O)(=O)Nc1sccc1-c1nc2ccccc2s1,4.721246399047171,BacillusAnthracis
45269712,Cc1csc(NS(=O)(=O)c2ccc3ccccc3c2)c1-c1nc2ccccc2s1,4.920818753952375,BacillusAnthracis
45269713,COc1ccc(-c2ccc(S(=O)(=O)Nc3scc(C)c3-c3nc4ccccc4s3)cc2)cc1,4.6777807052660805,BacillusAnthracis
45269714,O=S(=O)(NC1=C(c2nc3ccccc3s2)C2CCCCC2S1)c1ccc(-c2ccc(Cl)cc2)cc1,4.301029995663981,BacillusAnthracis
45269719,COc1ccc(-c2cccc(S(=O)(=O)Nc3scc(C)c3-c3nc4ccccc4s3)c2)cc1,4.795880017344075,BacillusAnthracis
45269720,Cc1csc(NS(=O)(=O)c2cccc(-c3ccc(Cl)cc3)c2)c1-c1nc2ccccc2s1,4.657577319177793,BacillusAnthracis
45269721,O=S(=O)(Nc1sccc1-c1nc2ccccc2s1)c1ccc(OC(F)(F)F)cc1,5.017728766960431,BacillusAnthracis
45269722,COc1ccc(-c2ccc(S(=O)(=O)Nc3cccs3)cc2)cc1,4.301029995663981,BacillusAnthracis
45269727,CC(=O)Nc1ccc(S(=O)(=O)Nc2sccc2-c2nc3ccccc3s2)cc1,4.619788758288394,BacillusAnthracis
2880808,O=S(=O)(Nc1cccc(C(F)(F)F)c1)c1cccs1,4.0,BacillusAnthracis
45269728,Cc1csc(N(S(=O)(=O)c2cccc(C(F)(F)F)c2)S(=O)(=O)c2cccc(C(F)(F)F)c2)c1-c1nc2ccccc2s1,4.0,BacillusAnthracis
45269729,Cc1csc(N(S(=O)(=O)c2ccc(F)cc2)S(=O)(=O)c2ccc(F)cc2)c1-c1nc2ccccc2s1,4.0,BacillusAnthracis
45269760,O=S(=O)(Nc1sccc1-c1nc2ccccc2s1)c1ccc(-c2ccc(Cl)cc2)cc1,5.522878745280337,BacillusAnthracis
45269760,O=S(=O)(Nc1sccc1-c1nc2ccccc2s1)c1ccc(-c2ccc(Cl)cc2)cc1,5.769551078621726,BacillusAnthracis
45269770,COc1ccc(-c2ccc(S(=O)(=O)Nc3sccc3-c3nc4ccccc4s3)cc2Cl)cc1,5.522878745280337,BacillusAnthracis
45269773,CC(C)(C)C(=O)CSC1=NNC(c2ccccc2)S1,5.301029995663981,BacillusAnthracis
45269773,CC(C)(C)C(=O)CSC1=NNC(c2ccccc2)S1,4.920818753952375,BacillusAnthracis
45270516,COc1ccc(S(=O)(=O)Nc2scc(C)c2-c2nc3ccccc3s2)cc1,4.337242168318426,BacillusAnthracis
45270532,O=S(=O)(Nc1sccc1-c1nc2ccccc2s1)c1ccc(-c2ccno2)s1,4.721246399047171,BacillusAnthracis
45270540,COc1ccc(-c2ccc(S(=O)(=O)Nc3oncc3-c3nc4ccccc4s3)cc2)cc1,4.0,BacillusAnthracis
45270553,O=S(=O)(Nc1cccs1)c1ccc(-c2ccc(Cl)cc2)cc1,4.301029995663981,BacillusAnthracis
45270554,COc1ccc(S(=O)(=O)Nc2sccc2-c2nc3ccccc3s2)cc1,4.7447274948966935,BacillusAnthracis
769062,O=S(=O)(Nc1ccccc1)c1cccs1,4.0,BacillusAnthracis
45270555,Cc1csc(N(S(=O)(=O)c2ccc(OC(F)(F)F)cc2)S(=O)(=O)c2ccc(OC(F)(F)F)cc2)c1-c1nc2ccccc2s1,4.0,BacillusAnthracis
45270564,Cc1ccc(S(=O)(=O)Nc2sccc2-c2nc3ccccc3s2)cc1F,4.958607314841775,BacillusAnthracis
45270578,Cc1c(Cl)cccc1S(=O)(=O)Nc1sccc1-c1nc2ccccc2s1,4.301029995663981,BacillusAnthracis
45270582,O=S(=O)(Nc1sccc1-c1nc2ccccc2s1)c1ccc2cc(Cl)ccc2c1,4.958607314841775,BacillusAnthracis
44219672,COc1ccc(-c2ccc(S(=O)(=O)Nc3sccc3-c3nc4ccccc4s3)cc2)cc1,5.42021640338319,BacillusAnthracis
44219672,COc1ccc(-c2ccc(S(=O)(=O)Nc3sccc3-c3nc4ccccc4s3)cc2)cc1,6.0,BacillusAnthracis
45270596,O=S(=O)(Nc1sccc1-c1nc2ccccc2s1)c1cccc(-c2ccccc2)c1,4.886056647693163,BacillusAnthracis
45271340,Cc1csc(NS(=O)(=O)c2ccccc2)c1-c1nc2ccccc2s1,4.0,BacillusAnthracis
45271341,O=S(=O)(Nc1sccc1-c1nc2ccccc2s1)c1ccc(-n2cccn2)cc1,5.096910013008056,BacillusAnthracis
45271346,O=S(=O)(Nc1sccc1-c1nc2ccccc2s1)c1ccc(S(=O)(=O)N2CCOCC2)cc1,4.769551078621726,BacillusAnthracis
45271352,O=S(=O)(Nc1sccc1-c1nc2ccccc2s1)c1ccc2nonc2c1,4.522878745280337,BacillusAnthracis
45271357,Cc1csc(NS(=O)(=O)c2cccc(Cl)c2F)c1-c1nc2ccccc2s1,4.0,BacillusAnthracis
45271364,Cc1csc(NS(=O)(=O)c2ccc(-c3ccccc3)cc2)c1-c1nc2ccccc2s1,4.769551078621726,BacillusAnthracis
45271365,COc1ccc(-c2ccc(S(=O)(=O)NC3=C(c4nc5ccccc5s4)C4CCCCC4S3)cc2)cc1,4.301029995663981,BacillusAnthracis
45271378,O=S(=O)(Nc1sccc1-c1nc2ccccc2s1)c1ccccc1,4.4089353929735005,BacillusAnthracis
17432052,Cc1ccc(NS(=O)(=O)c2cccs2)cc1C(F)(F)F,4.0,BacillusAnthracis
45271384,O=S(=O)(Nc1sccc1-c1nc2ccccc2s1)c1ccc(C(F)(F)F)cc1,4.958607314841775,BacillusAnthracis
45271400,O=S(=O)(Nc1sccc1-c1nc2ccccc2s1)c1ccc(F)c(Cl)c1,4.886056647693163,BacillusAnthracis
45271401,CC(C)(C)c1ccc(S(=O)(=O)Nc2sccc2-c2nc3ccccc3s2)cc1,4.886056647693163,BacillusAnthracis
45271405,O=S(=O)(Nc1sccc1-c1nc2ccccc2s1)c1ccc(Cl)cc1,4.823908740944319,BacillusAnthracis
45271420,O=S(=O)(Nc1sccc1-c1nc2ccccc2s1)c1ccc(Oc2ccccc2Cl)cc1,5.045757490560675,BacillusAnthracis
45271421,COc1ccccc1Oc1ccc(S(=O)(=O)Nc2sccc2-c2nc3ccccc3s2)cc1,4.301029995663981,BacillusAnthracis
45271422,O=S(=O)(Nc1sccc1-c1nc2ccccc2s1)c1ccc(Oc2ccccc2)nc1,4.366531544420414,BacillusAnthracis
45272234,Cc1csc(NS(=O)(=O)c2cccc(C(F)(F)F)c2)c1-c1nc2ccccc2s1,5.026872146400302,BacillusAnthracis
45272235,Cc1nnc(-c2cccc(S(=O)(=O)Nc3sccc3-c3nc4ccccc4s3)c2)o1,4.6020599913279625,BacillusAnthracis
45272242,Cc1ccc(S(=O)(=O)Nc2scc(C)c2-c2nc3ccccc3s2)cc1,4.0,BacillusAnthracis
45272244,Cc1ccc(S(=O)(=O)Nc2scc(C)c2-c2nc3ccccc3s2)cc1F,4.455931955649724,BacillusAnthracis
45272245,O=S(=O)(Nc1sccc1-c1nc2ccccc2s1)c1ccc2c(c1)CCO2,4.657577319177793,BacillusAnthracis
45272248,COc1ccc(S(=O)(=O)Nc2scc(C)c2-c2nc3ccccc3s2)cc1OC,4.468521082957745,BacillusAnthracis
45272249,Cc1c(S(=O)(=O)Nc2sccc2-c2nc3ccccc3s2)sc2ccccc12,5.0,BacillusAnthracis
45272254,Cc1ccc(S(=O)(=O)Nc2nc3ccccc3s2)cc1Cl,4.552841968657781,BacillusAnthracis
45272261,COc1ccc(-c2ccc(S(=O)(=O)Nc3ccccc3-c3nc4ccccc4s3)cc2)cc1,4.0,BacillusAnthracis
45272275,O=S(=O)(Nc1sccc1-c1nc2ccccc2s1)c1cc(OCCC(F)(F)F)ccc1OCCC(F)(F)F,4.4089353929735005,BacillusAnthracis
45272292,Cc1ccc(-c2ccc(S(=O)(=O)Nc3sccc3-c3nc4ccccc4s3)cc2)cc1,4.552841968657781,BacillusAnthracis
45272303,COc1ccc(-c2cccc(S(=O)(=O)Nc3sccc3-c3nc4ccccc4s3)c2)cc1,4.853871964321762,BacillusAnthracis
45273101,Cc1cc(S(=O)(=O)Nc2scc(C)c2-c2nc3ccccc3s2)ccc1F,4.769551078621726,BacillusAnthracis
45273110,COc1cccc(S(=O)(=O)Nc2scc(C)c2-c2nc3ccccc3s2)c1,4.958607314841775,BacillusAnthracis
45273111,CSc1nccc(S(=O)(=O)c2ccc(S(=O)(=O)Nc3sccc3-c3nc4ccccc4s3)s2)n1,4.7447274948966935,BacillusAnthracis
45273112,COc1ccc(-c2ccc(S(=O)(=O)Nc3nc4ccccc4s3)cc2)cc1,4.301029995663981,BacillusAnthracis
45273114,O=S(=O)(Nc1nc2ccccc2s1)c1ccc(-c2ccc(Cl)cc2)cc1,4.301029995663981,BacillusAnthracis
45273119,Cc1csc(NS(=O)(=O)c2ccc(-c3cc(C(F)(F)F)cc(C(F)(F)F)c3)cc2)c1-c1nc2ccccc2s1,4.769551078621726,BacillusAnthracis
45273120,O=S(=O)(Nc1oncc1-c1nc2ccccc2s1)c1ccc(-c2ccc(Cl)cc2)cc1,4.0,BacillusAnthracis
45273121,O=S(=O)(NCCc1nc2ccccc2s1)c1ccc(-c2ccc(Cl)cc2)cc1,4.301029995663981,BacillusAnthracis
45273133,O=S(=O)(Nc1sccc1-c1nc2ccccc2s1)c1ccccc1C(F)(F)F,5.031517051446065,BacillusAnthracis
2275298,Cc1ccc(NS(=O)(=O)c2cccs2)cc1Cl,4.0,BacillusAnthracis
45273143,O=S(=O)(Nc1sccc1-c1nc2ccccc2s1)c1ccc(Cl)cc1F,4.7447274948966935,BacillusAnthracis
44219671,Cc1ccc(S(=O)(=O)Nc2sccc2-c2nc3ccccc3s2)cc1Cl,5.180456064458132,BacillusAnthracis
45273155,O=S(=O)(Nc1sccc1-c1nc2ccccc2s1)c1ccc(Cl)c(Cl)c1,5.045757490560675,BacillusAnthracis
45273162,O=S(=O)(Nc1sccc1-c1nc2ccccc2s1)c1cccc(Cl)c1F,4.522878745280337,BacillusAnthracis
45273163,O=S(=O)(Nc1sccc1-c1nc2ccccc2s1)c1ccc(Cl)c(C(F)(F)F)c1,5.0,BacillusAnthracis
45273170,O=S(=O)(Nc1sccc1-c1nc2ccccc2s1)c1ccc2ccccc2c1,5.096910013008056,BacillusAnthracis
45273171,O=S(=O)(Nc1sccc1-c1nc2ccccc2s1)c1ccc(Br)cc1,5.096910013008056,BacillusAnthracis
45273178,O=S(=O)(Nc1sccc1-c1nc2ccccc2s1)c1cccc(-c2ccc(Cl)cc2)c1,4.7447274948966935,BacillusAnthracis
2735416,Nc1sccc1-c1nc2ccccc2s1,4.0,BacillusAnthracis
2735376,Cc1csc(N)c1-c1nc2ccccc2s1,4.0,BacillusAnthracis
45267084,COc1cc(Cc2cnc(N)nc2N)cc(/C=C/C(=O)N2N=Cc3ccccc3C2C2CCCC2)c1OC,6.698970004336019,BacillusAnthracis
45267934,CCCC1c2ccccc2C=NN1C(=O)/C=C/c1cc(Cc2cnc(N)nc2N)cc(O)c1OC,7.267606240177032,BacillusAnthracis
45267939,CCC1c2ccccc2C=NN1C(=O)/C=C/c1cc(Cc2cnc(N)nc2N)cc(OC)c1OC,7.017728766960432,BacillusAnthracis
45268817,COc1cc(Cc2cnc(N)nc2N)cc(/C=C/C(=O)N2N=Cc3ccccc3C2c2ccccc2)c1OC,7.337242168318426,BacillusAnthracis
45269661,CCCCC1c2ccccc2C=NN1C(=O)/C=C/c1cc(Cc2cnc(N)nc2N)cc(OC)c1OC,6.769551078621726,BacillusAnthracis
45269665,COc1cc(Cc2cnc(N)nc2N)cc(/C=C/C(=O)N2N=Cc3ccccc3C2c2ccc(CO)cc2)c1O,7.161150909262744,BacillusAnthracis
45270497,COc1cc(Cc2cnc(N)nc2N)cc(CCC(=O)N2N=Cc3ccccc3C2C)c1OC,7.036212172654444,BacillusAnthracis
45270501,COc1cc(Cc2cnc(N)nc2N)cc(/C=C/C(=O)N2N=Cc3ccccc3C2C2CCCCC2)c1OC,6.585026652029182,BacillusAnthracis
45270504,COc1cc(Cc2cnc(N)nc2N)cc(/C=C/C(=O)N2N=Cc3ccccc3C2c2ccccc2)c1OCCN1CCOCC1,6.769551078621726,BacillusAnthracis
45271328,COc1cc(Cc2cnc(N)nc2N)cc(/C=C/C(=O)N2N=Cc3ccccc3C2CCCO)c1OC,6.920818753952375,BacillusAnthracis
45271331,COc1cc(Cc2cnc(N)nc2N)cc(/C=C/C(=O)N2N=Cc3ccccc3C2c2ccc(C)cc2)c1OC,6.823908740944319,BacillusAnthracis
45271332,COc1ncc(C2c3ccccc3C=NN2C(=O)/C=C/c2cc(Cc3cnc(N)nc3N)cc(OC)c2OC)c(OC)n1,6.221848749616356,BacillusAnthracis
45272213,COC(=O)C(C)(C)C1c2ccccc2C=NN1C(=O)/C=C/c1cc(Cc2cnc(N)nc2N)cc(OC)c1OC,6.522878745280337,BacillusAnthracis
45273072,COc1cc(Cc2cnc(N)nc2N)cc(/C=C/C(=O)N2N=Cc3ccccc3C2c2ccc(CO)cc2)c1OC,7.013228265733755,BacillusAnthracis
45273073,COc1cc(Cc2cnc(N)nc2N)cc(/C=C/C(=O)N2N=Cc3ccccc3C2c2ccccc2CN(C)C)c1OC,6.3979400086720375,BacillusAnthracis
45267084,COc1cc(Cc2cnc(N)nc2N)cc(/C=C/C(=O)N2N=Cc3ccccc3C2C2CCCC2)c1OC,4.657577319177793,BacillusAnthracis
45267934,CCCC1c2ccccc2C=NN1C(=O)/C=C/c1cc(Cc2cnc(N)nc2N)cc(O)c1OC,3.958607314841775,BacillusAnthracis
45267939,CCC1c2ccccc2C=NN1C(=O)/C=C/c1cc(Cc2cnc(N)nc2N)cc(OC)c1OC,4.568636235841013,BacillusAnthracis
45268817,COc1cc(Cc2cnc(N)nc2N)cc(/C=C/C(=O)N2N=Cc3ccccc3C2c2ccccc2)c1OC,4.795880017344075,BacillusAnthracis
45269661,CCCCC1c2ccccc2C=NN1C(=O)/C=C/c1cc(Cc2cnc(N)nc2N)cc(OC)c1OC,4.698970004336019,BacillusAnthracis
45269665,COc1cc(Cc2cnc(N)nc2N)cc(/C=C/C(=O)N2N=Cc3ccccc3C2c2ccc(CO)cc2)c1O,4.619788758288394,BacillusAnthracis
45270497,COc1cc(Cc2cnc(N)nc2N)cc(CCC(=O)N2N=Cc3ccccc3C2C)c1OC,4.552841968657781,BacillusAnthracis
45270501,COc1cc(Cc2cnc(N)nc2N)cc(/C=C/C(=O)N2N=Cc3ccccc3C2C2CCCCC2)c1OC,4.721246399047171,BacillusAnthracis
45270504,COc1cc(Cc2cnc(N)nc2N)cc(/C=C/C(=O)N2N=Cc3ccccc3C2c2ccccc2)c1OCCN1CCOCC1,4.6777807052660805,BacillusAnthracis
45271328,COc1cc(Cc2cnc(N)nc2N)cc(/C=C/C(=O)N2N=Cc3ccccc3C2CCCO)c1OC,4.6020599913279625,BacillusAnthracis
45271331,COc1cc(Cc2cnc(N)nc2N)cc(/C=C/C(=O)N2N=Cc3ccccc3C2c2ccc(C)cc2)c1OC,4.721246399047171,BacillusAnthracis
45271332,COc1ncc(C2c3ccccc3C=NN2C(=O)/C=C/c2cc(Cc3cnc(N)nc3N)cc(OC)c2OC)c(OC)n1,4.657577319177793,BacillusAnthracis
45272213,COC(=O)C(C)(C)C1c2ccccc2C=NN1C(=O)/C=C/c1cc(Cc2cnc(N)nc2N)cc(OC)c1OC,3.089909454405932,BacillusAnthracis
45273072,COc1cc(Cc2cnc(N)nc2N)cc(/C=C/C(=O)N2N=Cc3ccccc3C2c2ccc(CO)cc2)c1OC,4.638272163982407,BacillusAnthracis
45273073,COc1cc(Cc2cnc(N)nc2N)cc(/C=C/C(=O)N2N=Cc3ccccc3C2c2ccccc2CN(C)C)c1OC,4.376750709602099,BacillusAnthracis
45267084,COc1cc(Cc2cnc(N)nc2N)cc(/C=C/C(=O)N2N=Cc3ccccc3C2C2CCCC2)c1OC,6.568636235841013,BacillusAnthracis
45267934,CCCC1c2ccccc2C=NN1C(=O)/C=C/c1cc(Cc2cnc(N)nc2N)cc(O)c1OC,6.568636235841013,BacillusAnthracis
45267939,CCC1c2ccccc2C=NN1C(=O)/C=C/c1cc(Cc2cnc(N)nc2N)cc(OC)c1OC,6.568636235841013,BacillusAnthracis
45268817,COc1cc(Cc2cnc(N)nc2N)cc(/C=C/C(=O)N2N=Cc3ccccc3C2c2ccccc2)c1OC,6.568636235841013,BacillusAnthracis
45269661,CCCCC1c2ccccc2C=NN1C(=O)/C=C/c1cc(Cc2cnc(N)nc2N)cc(OC)c1OC,6.568636235841013,BacillusAnthracis
45270497,COc1cc(Cc2cnc(N)nc2N)cc(CCC(=O)N2N=Cc3ccccc3C2C)c1OC,4.431798275933005,BacillusAnthracis
45270501,COc1cc(Cc2cnc(N)nc2N)cc(/C=C/C(=O)N2N=Cc3ccccc3C2C2CCCCC2)c1OC,6.568636235841013,BacillusAnthracis
45271328,COc1cc(Cc2cnc(N)nc2N)cc(/C=C/C(=O)N2N=Cc3ccccc3C2CCCO)c1OC,6.568636235841013,BacillusAnthracis
45271331,COc1cc(Cc2cnc(N)nc2N)cc(/C=C/C(=O)N2N=Cc3ccccc3C2c2ccc(C)cc2)c1OC,6.568636235841013,BacillusAnthracis
45272213,COC(=O)C(C)(C)C1c2ccccc2C=NN1C(=O)/C=C/c1cc(Cc2cnc(N)nc2N)cc(OC)c1OC,6.568636235841013,BacillusAnthracis
17897164,COc1cc(Cc2cnc(N)nc2N)cc(/C=C/C(=O)N2Cc3ccccc3C=N2)c1OC,4.431798275933005,BacillusAnthracis
45267084,COc1cc(Cc2cnc(N)nc2N)cc(/C=C/C(=O)N2N=Cc3ccccc3C2C2CCCC2)c1OC,4.6020599913279625,BacillusAnthracis
45267934,CCCC1c2ccccc2C=NN1C(=O)/C=C/c1cc(Cc2cnc(N)nc2N)cc(O)c1OC,4.6020599913279625,BacillusAnthracis
45267939,CCC1c2ccccc2C=NN1C(=O)/C=C/c1cc(Cc2cnc(N)nc2N)cc(OC)c1OC,4.6020599913279625,BacillusAnthracis
45268817,COc1cc(Cc2cnc(N)nc2N)cc(/C=C/C(=O)N2N=Cc3ccccc3C2c2ccccc2)c1OC,4.6020599913279625,BacillusAnthracis
45269661,CCCCC1c2ccccc2C=NN1C(=O)/C=C/c1cc(Cc2cnc(N)nc2N)cc(OC)c1OC,4.6020599913279625,BacillusAnthracis
45270501,COc1cc(Cc2cnc(N)nc2N)cc(/C=C/C(=O)N2N=Cc3ccccc3C2C2CCCCC2)c1OC,4.6020599913279625,BacillusAnthracis
45271328,COc1cc(Cc2cnc(N)nc2N)cc(/C=C/C(=O)N2N=Cc3ccccc3C2CCCO)c1OC,4.6020599913279625,BacillusAnthracis
45271331,COc1cc(Cc2cnc(N)nc2N)cc(/C=C/C(=O)N2N=Cc3ccccc3C2c2ccc(C)cc2)c1OC,4.6020599913279625,BacillusAnthracis
45272213,COC(=O)C(C)(C)C1c2ccccc2C=NN1C(=O)/C=C/c1cc(Cc2cnc(N)nc2N)cc(OC)c1OC,4.6020599913279625,BacillusAnthracis
668744,Cc1ccc(C)n1-c1ccc(C(=O)O)c(O)c1,4.0,BacillusAnthracis
1296013,Cc1c(CCC(=O)O)c(=O)oc2c(C)c(OCc3ccc(Br)cc3F)ccc12,4.6020599913279625,BacillusAnthracis
5428528,Cc1c(Cc2ccccc2)c(=O)oc2c(O)c(O)ccc12,5.0,BacillusAnthracis
1313015,COc1cc(/C=C2\SC(=S)N(c3ccc(Cl)cc3)C2=O)cc(OC)c1O,4.136677139879544,BacillusAnthracis
1310066,COc1cc(/C=C2\SC(=S)N(c3cccc(C(F)(F)F)c3)C2=O)cc(OC)c1O,4.022276394711152,BacillusAnthracis
135873263,Oc1ccc(O)c(-c2ccc(-c3n[nH]c(=S)o3)o2)c1,4.0,BacillusAnthracis
2967407,CCC1(C)Cc2ccccc2-c2nc3[nH][nH]c(=S)n3c(=O)c21,4.568636235841013,BacillusAnthracis
1296839,Cc1c(CCC(=O)O)c(=O)oc2c(C)c(OCc3cccc4ccccc34)ccc12,3.9706162223147903,BacillusAnthracis
5684762,Nn1c(Cc2ccccc2F)nnc1SCc1cc(=O)oc2cc(O)c(O)cc12,4.0,BacillusAnthracis
1188149,CCOc1ccccc1C(=O)Nc1nc2ccc(S(N)(=O)=O)cc2s1,4.0,BacillusAnthracis
7131217,Cc1nc(-c2c[nH]c(C(=O)O)c2)cs1,4.0,BacillusAnthracis
2017240,COc1cc(C(=O)Nc2nc3ccc(S(=O)(=O)N4CCOCC4)cc3s2)cc(OC)c1OC,4.0,BacillusAnthracis
1238526,COc1cc(/C=C2\SC(=S)N(c3cccc(Cl)c3)C2=O)cc(OC)c1O,4.522878745280337,BacillusAnthracis
6067741,Cn1c(SCc2cc(=O)oc3cc(O)c(O)cc23)nc2ccccc21,4.0,BacillusAnthracis
942756,COc1ccc(Nc2nc(N)nc(-c3cc4ccccc4o3)n2)cc1,4.0,BacillusAnthracis
2946796,Cc1noc(NS(=O)(=O)c2ccc(NC(=O)CSc3nnc(-c4ccccc4)c(-c4ccccc4)n3)cc2)c1C,4.214670164989233,BacillusAnthracis
668744,Cc1ccc(C)n1-c1ccc(C(=O)O)c(O)c1,4.301029995663981,BacillusAnthracis
767163,Cc1ccc(C)n1-c1ccc(SCC(=O)O)cc1,4.0,BacillusAnthracis
1296013,Cc1c(CCC(=O)O)c(=O)oc2c(C)c(OCc3ccc(Br)cc3F)ccc12,5.0,BacillusAnthracis
5428528,Cc1c(Cc2ccccc2)c(=O)oc2c(O)c(O)ccc12,4.698970004336019,BacillusAnthracis
1313015,COc1cc(/C=C2\SC(=S)N(c3ccc(Cl)cc3)C2=O)cc(OC)c1O,4.0,BacillusAnthracis
5861007,COc1cc(/C=C2\SC(=S)N(c3ccc([N+](=O)[O-])cc3)C2=O)cc(OC)c1O,4.0,BacillusAnthracis
1310066,COc1cc(/C=C2\SC(=S)N(c3cccc(C(F)(F)F)c3)C2=O)cc(OC)c1O,4.0,BacillusAnthracis
135873263,Oc1ccc(O)c(-c2ccc(-c3n[nH]c(=S)o3)o2)c1,4.6020599913279625,BacillusAnthracis
2967407,CCC1(C)Cc2ccccc2-c2nc3[nH][nH]c(=S)n3c(=O)c21,4.522878745280337,BacillusAnthracis
1296839,Cc1c(CCC(=O)O)c(=O)oc2c(C)c(OCc3cccc4ccccc34)ccc12,5.221848749616356,BacillusAnthracis
5684762,Nn1c(Cc2ccccc2F)nnc1SCc1cc(=O)oc2cc(O)c(O)cc12,4.0,BacillusAnthracis
1188149,CCOc1ccccc1C(=O)Nc1nc2ccc(S(N)(=O)=O)cc2s1,4.0,BacillusAnthracis
7131217,Cc1nc(-c2c[nH]c(C(=O)O)c2)cs1,4.0,BacillusAnthracis
2017240,COc1cc(C(=O)Nc2nc3ccc(S(=O)(=O)N4CCOCC4)cc3s2)cc(OC)c1OC,4.0,BacillusAnthracis
1238526,COc1cc(/C=C2\SC(=S)N(c3cccc(Cl)c3)C2=O)cc(OC)c1O,4.0,BacillusAnthracis
6067741,Cn1c(SCc2cc(=O)oc3cc(O)c(O)cc23)nc2ccccc21,4.259637310505756,BacillusAnthracis
942756,COc1ccc(Nc2nc(N)nc(-c3cc4ccccc4o3)n2)cc1,4.0,BacillusAnthracis
2946796,Cc1noc(NS(=O)(=O)c2ccc(NC(=O)CSc3nnc(-c4ccccc4)c(-c4ccccc4)n3)cc2)c1C,4.301029995663981,BacillusAnthracis
668744,Cc1ccc(C)n1-c1ccc(C(=O)O)c(O)c1,4.301029995663981,BacillusAnthracis
767163,Cc1ccc(C)n1-c1ccc(SCC(=O)O)cc1,4.0,BacillusAnthracis
1296013,Cc1c(CCC(=O)O)c(=O)oc2c(C)c(OCc3ccc(Br)cc3F)ccc12,4.0,BacillusAnthracis
5428528,Cc1c(Cc2ccccc2)c(=O)oc2c(O)c(O)ccc12,4.619788758288394,BacillusAnthracis
1313015,COc1cc(/C=C2\SC(=S)N(c3ccc(Cl)cc3)C2=O)cc(OC)c1O,4.0,BacillusAnthracis
5861007,COc1cc(/C=C2\SC(=S)N(c3ccc([N+](=O)[O-])cc3)C2=O)cc(OC)c1O,4.0,BacillusAnthracis
1310066,COc1cc(/C=C2\SC(=S)N(c3cccc(C(F)(F)F)c3)C2=O)cc(OC)c1O,4.0,BacillusAnthracis
135873263,Oc1ccc(O)c(-c2ccc(-c3n[nH]c(=S)o3)o2)c1,4.0,BacillusAnthracis
2967407,CCC1(C)Cc2ccccc2-c2nc3[nH][nH]c(=S)n3c(=O)c21,4.0,BacillusAnthracis
1296839,Cc1c(CCC(=O)O)c(=O)oc2c(C)c(OCc3cccc4ccccc34)ccc12,4.0,BacillusAnthracis
5684762,Nn1c(Cc2ccccc2F)nnc1SCc1cc(=O)oc2cc(O)c(O)cc12,4.0,BacillusAnthracis
1188149,CCOc1ccccc1C(=O)Nc1nc2ccc(S(N)(=O)=O)cc2s1,4.0,BacillusAnthracis
7131217,Cc1nc(-c2c[nH]c(C(=O)O)c2)cs1,4.0,BacillusAnthracis
2017240,COc1cc(C(=O)Nc2nc3ccc(S(=O)(=O)N4CCOCC4)cc3s2)cc(OC)c1OC,4.0,BacillusAnthracis
1238526,COc1cc(/C=C2\SC(=S)N(c3cccc(Cl)c3)C2=O)cc(OC)c1O,4.0,BacillusAnthracis
6067741,Cn1c(SCc2cc(=O)oc3cc(O)c(O)cc23)nc2ccccc21,4.638272163982407,BacillusAnthracis
942756,COc1ccc(Nc2nc(N)nc(-c3cc4ccccc4o3)n2)cc1,4.0,BacillusAnthracis
2946796,Cc1noc(NS(=O)(=O)c2ccc(NC(=O)CSc3nnc(-c4ccccc4)c(-c4ccccc4)n3)cc2)c1C,4.1249387366083,BacillusAnthracis
668744,Cc1ccc(C)n1-c1ccc(C(=O)O)c(O)c1,5.3979400086720375,BacillusAnthracis
767163,Cc1ccc(C)n1-c1ccc(SCC(=O)O)cc1,5.3979400086720375,BacillusAnthracis
1296013,Cc1c(CCC(=O)O)c(=O)oc2c(C)c(OCc3ccc(Br)cc3F)ccc12,3.744727494896694,BacillusAnthracis
5428528,Cc1c(Cc2ccccc2)c(=O)oc2c(O)c(O)ccc12,4.376750709602099,BacillusAnthracis
1313015,COc1cc(/C=C2\SC(=S)N(c3ccc(Cl)cc3)C2=O)cc(OC)c1O,5.698970004336019,BacillusAnthracis
5861007,COc1cc(/C=C2\SC(=S)N(c3ccc([N+](=O)[O-])cc3)C2=O)cc(OC)c1O,6.154901959985743,BacillusAnthracis
1310066,COc1cc(/C=C2\SC(=S)N(c3cccc(C(F)(F)F)c3)C2=O)cc(OC)c1O,5.3979400086720375,BacillusAnthracis
135873263,Oc1ccc(O)c(-c2ccc(-c3n[nH]c(=S)o3)o2)c1,4.0,BacillusAnthracis
2967407,CCC1(C)Cc2ccccc2-c2nc3[nH][nH]c(=S)n3c(=O)c21,4.0,BacillusAnthracis
1296839,Cc1c(CCC(=O)O)c(=O)oc2c(C)c(OCc3cccc4ccccc34)ccc12,4.187086643357144,BacillusAnthracis
5684762,Nn1c(Cc2ccccc2F)nnc1SCc1cc(=O)oc2cc(O)c(O)cc12,4.823908740944319,BacillusAnthracis
1188149,CCOc1ccccc1C(=O)Nc1nc2ccc(S(N)(=O)=O)cc2s1,4.251811972993799,BacillusAnthracis
7131217,Cc1nc(-c2c[nH]c(C(=O)O)c2)cs1,4.920818753952375,BacillusAnthracis
2017240,COc1cc(C(=O)Nc2nc3ccc(S(=O)(=O)N4CCOCC4)cc3s2)cc(OC)c1OC,4.823908740944319,BacillusAnthracis
1238526,COc1cc(/C=C2\SC(=S)N(c3cccc(Cl)c3)C2=O)cc(OC)c1O,5.522878745280337,BacillusAnthracis
6067741,Cn1c(SCc2cc(=O)oc3cc(O)c(O)cc23)nc2ccccc21,4.823908740944319,BacillusAnthracis
942756,COc1ccc(Nc2nc(N)nc(-c3cc4ccccc4o3)n2)cc1,4.6777807052660805,BacillusAnthracis
2946796,Cc1noc(NS(=O)(=O)c2ccc(NC(=O)CSc3nnc(-c4ccccc4)c(-c4ccccc4)n3)cc2)c1C,4.327902142064283,BacillusAnthracis
728520,Cc1cc(=O)oc2cc(OCc3ccccc3)ccc12,4.0,BacillusAnthracis
668744,Cc1ccc(C)n1-c1ccc(C(=O)O)c(O)c1,5.3979400086720375,BacillusAnthracis
767163,Cc1ccc(C)n1-c1ccc(SCC(=O)O)cc1,5.3979400086720375,BacillusAnthracis
882892,CCc1cc(=O)oc2c(C)c(OCc3ccc(C)cc3)ccc12,4.0,BacillusAnthracis
1749090,CCOC(=O)CCc1c(C)c2ccc(OCc3cccc(F)c3)c(C)c2oc1=O,4.0,BacillusAnthracis
1296013,Cc1c(CCC(=O)O)c(=O)oc2c(C)c(OCc3ccc(Br)cc3F)ccc12,4.920818753952375,BacillusAnthracis
5428528,Cc1c(Cc2ccccc2)c(=O)oc2c(O)c(O)ccc12,5.0,BacillusAnthracis
1313015,COc1cc(/C=C2\SC(=S)N(c3ccc(Cl)cc3)C2=O)cc(OC)c1O,6.0,BacillusAnthracis
5861007,COc1cc(/C=C2\SC(=S)N(c3ccc([N+](=O)[O-])cc3)C2=O)cc(OC)c1O,6.301029995663981,BacillusAnthracis
1310066,COc1cc(/C=C2\SC(=S)N(c3cccc(C(F)(F)F)c3)C2=O)cc(OC)c1O,5.698970004336019,BacillusAnthracis
135873263,Oc1ccc(O)c(-c2ccc(-c3n[nH]c(=S)o3)o2)c1,4.6020599913279625,BacillusAnthracis
2967407,CCC1(C)Cc2ccccc2-c2nc3[nH][nH]c(=S)n3c(=O)c21,4.6020599913279625,BacillusAnthracis
1305826,CCOC(=O)CCc1c(C)c2ccc(OCc3cccc(OC)c3)cc2oc1=O,4.0,BacillusAnthracis
1296839,Cc1c(CCC(=O)O)c(=O)oc2c(C)c(OCc3cccc4ccccc34)ccc12,5.221848749616356,BacillusAnthracis
5684762,Nn1c(Cc2ccccc2F)nnc1SCc1cc(=O)oc2cc(O)c(O)cc12,5.3979400086720375,BacillusAnthracis
1188149,CCOc1ccccc1C(=O)Nc1nc2ccc(S(N)(=O)=O)cc2s1,4.920818753952375,BacillusAnthracis
7131217,Cc1nc(-c2c[nH]c(C(=O)O)c2)cs1,4.823908740944319,BacillusAnthracis
1750509,CCOC(=O)CCc1c(C)c2ccc(OCc3cccc4ccccc34)cc2oc1=O,4.0,BacillusAnthracis
2017240,COc1cc(C(=O)Nc2nc3ccc(S(=O)(=O)N4CCOCC4)cc3s2)cc(OC)c1OC,4.920818753952375,BacillusAnthracis
1801838,Cc1c(CCC(=O)O)c(=O)oc2cc(OCc3cccc4ccccc34)ccc12,4.301029995663981,BacillusAnthracis
1304079,Cc1c(CC(=O)O)c(=O)oc2c(C)c(OCc3ccc(C(C)(C)C)cc3)ccc12,4.2441251443275085,BacillusAnthracis
721093,Cc1cc(=O)oc2cc(OCc3ccc(F)cc3)ccc12,4.0,BacillusAnthracis
1121885,Cc1ccc2ccccc2c1COc1ccc2c(C)cc(=O)oc2c1,4.0,BacillusAnthracis
1238526,COc1cc(/C=C2\SC(=S)N(c3cccc(Cl)c3)C2=O)cc(OC)c1O,5.698970004336019,BacillusAnthracis
907578,Cc1c(CC(=O)O)c(=O)oc2c(C)c(OCc3ccccc3)ccc12,4.0,BacillusAnthracis
1751097,Cc1c(CCC(=O)O)c(=O)oc2c(C)c(OCc3cccc(F)c3)ccc12,4.0,BacillusAnthracis
6067741,Cn1c(SCc2cc(=O)oc3cc(O)c(O)cc23)nc2ccccc21,5.0,BacillusAnthracis
942756,COc1ccc(Nc2nc(N)nc(-c3cc4ccccc4o3)n2)cc1,4.920818753952375,BacillusAnthracis
2926533,COc1cccc(COc2ccc3c(C)c(CCC(=O)O)c(=O)oc3c2)c1,4.0,BacillusAnthracis
45271668,COC(=O)CCc1c(C)c2ccc(OCc3cccc4ccccc34)c(C)c2oc1=O,4.0,BacillusAnthracis
2946796,Cc1noc(NS(=O)(=O)c2ccc(NC(=O)CSc3nnc(-c4ccccc4)c(-c4ccccc4)n3)cc2)c1C,4.619788758288394,BacillusAnthracis
1296872,Cc1c(CC(=O)O)c(=O)oc2c(C)c(OCc3ccc4ccccc4c3)ccc12,4.6020599913279625,BacillusAnthracis
2927077,COc1ccc(COc2ccc3c(C)c(CCC(=O)O)c(=O)oc3c2)cc1,4.0,BacillusAnthracis
45272543,CCc1cc(=O)oc2c(C)c(OCCc3ccc4ccccc4c3)ccc12,4.0,BacillusAnthracis
1296416,COc1cccc(COc2ccc3c(C)c(CCC(=O)O)c(=O)oc3c2C)c1,4.031517051446065,BacillusAnthracis
1332932,CCOC(=O)CCc1c(C)c2ccc(OCc3ccc(OC)cc3)cc2oc1=O,4.0,BacillusAnthracis
668744,Cc1ccc(C)n1-c1ccc(C(=O)O)c(O)c1,4.0,BacillusAnthracis
767163,Cc1ccc(C)n1-c1ccc(SCC(=O)O)cc1,4.0,BacillusAnthracis
1296013,Cc1c(CCC(=O)O)c(=O)oc2c(C)c(OCc3ccc(Br)cc3F)ccc12,4.0,BacillusAnthracis
5428528,Cc1c(Cc2ccccc2)c(=O)oc2c(O)c(O)ccc12,5.0,BacillusAnthracis
1313015,COc1cc(/C=C2\SC(=S)N(c3ccc(Cl)cc3)C2=O)cc(OC)c1O,4.0,BacillusAnthracis
5861007,COc1cc(/C=C2\SC(=S)N(c3ccc([N+](=O)[O-])cc3)C2=O)cc(OC)c1O,4.958607314841775,BacillusAnthracis
1310066,COc1cc(/C=C2\SC(=S)N(c3cccc(C(F)(F)F)c3)C2=O)cc(OC)c1O,4.0,BacillusAnthracis
135873263,Oc1ccc(O)c(-c2ccc(-c3n[nH]c(=S)o3)o2)c1,4.180456064458132,BacillusAnthracis
2967407,CCC1(C)Cc2ccccc2-c2nc3[nH][nH]c(=S)n3c(=O)c21,4.096910013008056,BacillusAnthracis
1296839,Cc1c(CCC(=O)O)c(=O)oc2c(C)c(OCc3cccc4ccccc34)ccc12,5.221848749616356,BacillusAnthracis
5684762,Nn1c(Cc2ccccc2F)nnc1SCc1cc(=O)oc2cc(O)c(O)cc12,4.0,BacillusAnthracis
1188149,CCOc1ccccc1C(=O)Nc1nc2ccc(S(N)(=O)=O)cc2s1,5.0,BacillusAnthracis
7131217,Cc1nc(-c2c[nH]c(C(=O)O)c2)cs1,4.0,BacillusAnthracis
2017240,COc1cc(C(=O)Nc2nc3ccc(S(=O)(=O)N4CCOCC4)cc3s2)cc(OC)c1OC,4.154901959985743,BacillusAnthracis
1238526,COc1cc(/C=C2\SC(=S)N(c3cccc(Cl)c3)C2=O)cc(OC)c1O,4.0,BacillusAnthracis
6067741,Cn1c(SCc2cc(=O)oc3cc(O)c(O)cc23)nc2ccccc21,4.455931955649724,BacillusAnthracis
942756,COc1ccc(Nc2nc(N)nc(-c3cc4ccccc4o3)n2)cc1,5.3979400086720375,BacillusAnthracis
2946796,Cc1noc(NS(=O)(=O)c2ccc(NC(=O)CSc3nnc(-c4ccccc4)c(-c4ccccc4)n3)cc2)c1C,4.167491087293763,BacillusAnthracis
1296013,Cc1c(CCC(=O)O)c(=O)oc2c(C)c(OCc3ccc(Br)cc3F)ccc12,5.096910013008056,BacillusAnthracis
54707451,CO[C@@H]1[C@@H](OC(=O)c2ccc(C)[nH]2)[C@@H](O)[C@@H](Oc2ccc3c(O)c(NC(=O)c4c[nH]c(C(=O)Nc5c(O)c6ccc(O[C@H]7OC(C)(C)[C@H](OC)[C@@H](OC(=O)c8ccc(C)[nH]8)[C@H]7O)c(C)c6oc5=O)c4C)c(=O)oc3c2C)OC1(C)C,6.0,BacillusAnthracis
54675769,CO[C@@H]1[C@@H](OC(N)=O)[C@@H](O)[C@H](Oc2ccc3c(O)c(NC(=O)c4ccc(O)c(CC=C(C)C)c4)c(=O)oc3c2C)OC1(C)C,6.0,BacillusAnthracis
15187131,Oc1ccc(Cc2ccccc2)cc1O,3.6989700043360174,BacillusAnthracis
6249,CC1(C)S[C@@H]2[C@H](NC(=O)[C@H](N)c3ccccc3)C(=O)N2[C@H]1C(=O)O,7.0,BacillusAnthracis
6032,NC[C@H]1O[C@H](O[C@H]2[C@H](O)[C@@H](O[C@H]3O[C@H](CO)[C@@H](O)[C@H](N)[C@H]3O)[C@H](N)C[C@@H]2N)[C@H](O)[C@@H](O)[C@@H]1O,5.301029995663981,BacillusAnthracis
572,O=CN(O)CCCP(=O)(O)O,4.0,BacillusAnthracis
7075,Oc1ccc(-c2ccccc2)cc1O,3.6989700043360174,BacillusAnthracis
44543378,O=c1ccc(-c2ccccc2)cn1O,4.698970004336019,BacillusAnthracis
53326355,O=P([O-])(O)CCc1ccc(O)c(O)c1.[Na+],3.0,BacillusAnthracis
135408762,Nc1nc(N)c(N=O)c(=O)[nH]1,5.096910013008056,BacillusAnthracis
135443397,CC1CNc2nc(N)[nH]c(=O)c2N1,3.672436739812722,BacillusAnthracis
135566468,Nc1nc(NCCCOc2ccc(C(=O)O)cc2)c(N=O)c(=O)[nH]1,4.714442690992226,BacillusAnthracis
135454624,CN1CC=Nc2c1nc(N)[nH]c2=O,4.06198090252379,BacillusAnthracis
135735676,CC(C(=O)O)c1nn(C)c2nc(N)[nH]c(=O)c2c1=O,4.703334809738469,BacillusAnthracis
135488841,CN1CC(C(=O)O)=Nc2c1nc(N)[nH]c2=O,4.489454989793388,BacillusAnthracis
135461662,Nc1nc(N)c([N+](=O)[O-])c(=O)[nH]1,3.962972120244225,BacillusAnthracis
136180738,CN1CC(CC(C)(C)O)=Nc2c1nc(N)[nH]c2=O,3.6675615400843946,BacillusAnthracis
135431989,Nc1nc2c(c(=O)[nH]1)N=C(CCNc1ccc(C(=O)O)cc1)CN2,4.586700235918748,BacillusAnthracis
5355150,Nc1nnc(N)c2[nH]cnc12,3.3010299956639813,BacillusAnthracis
135454060,Nc1nc2ncc(CCNc3ccc(C(=O)O)cc3)nc2c(=O)[nH]1,4.059981844992337,BacillusAnthracis
135408140,Nc1nc2[nH]c(=O)c(C(=O)O)nc2c(=O)[nH]1,3.569763646588489,BacillusAnthracis
978,Nc1ccc(C(=O)O)cc1,5.250263684430939,BacillusAnthracis
135488841,CN1CC(C(=O)O)=Nc2c1nc(N)[nH]c2=O,5.279014255846261,BacillusAnthracis
135888981,Oc1ccc(Br)cc1C=NCCSCCc1ccccn1,1.3979400086720375,BacillusAnthracis
135888980,O=[N+]([O-])c1ccc(O)c(C=NCCSCCc2ccccn2)c1,1.3979400086720375,BacillusAnthracis
135888982,COc1ccc(O)c(C=NCCSCCc2ccccn2)c1,1.3979400086720375,BacillusAnthracis
135888981,Oc1ccc(Br)cc1C=NCCSCCc1ccccn1,1.3010299956639813,BacillusAnthracis
135888980,O=[N+]([O-])c1ccc(O)c(C=NCCSCCc2ccccn2)c1,1.5228787452803376,BacillusAnthracis
135888982,COc1ccc(O)c(C=NCCSCCc2ccccn2)c1,1.6989700043360187,BacillusAnthracis
135888981,Oc1ccc(Br)cc1C=NCCSCCc1ccccn1,1.3979400086720375,BacillusAnthracis
135888980,O=[N+]([O-])c1ccc(O)c(C=NCCSCCc2ccccn2)c1,1.6989700043360187,BacillusAnthracis
135888982,COc1ccc(O)c(C=NCCSCCc2ccccn2)c1,2.0,BacillusAnthracis
135888981,Oc1ccc(Br)cc1C=NCCSCCc1ccccn1,1.3010299956639813,BacillusAnthracis
135888980,O=[N+]([O-])c1ccc(O)c(C=NCCSCCc2ccccn2)c1,1.6989700043360187,BacillusAnthracis
135888982,COc1ccc(O)c(C=NCCSCCc2ccccn2)c1,1.6989700043360187,BacillusAnthracis
135888981,Oc1ccc(Br)cc1C=NCCSCCc1ccccn1,1.5228787452803376,BacillusAnthracis
135888980,O=[N+]([O-])c1ccc(O)c(C=NCCSCCc2ccccn2)c1,1.6989700043360187,BacillusAnthracis
135888982,COc1ccc(O)c(C=NCCSCCc2ccccn2)c1,1.6989700043360187,BacillusAnthracis
135888981,Oc1ccc(Br)cc1C=NCCSCCc1ccccn1,1.6989700043360187,BacillusAnthracis
135888980,O=[N+]([O-])c1ccc(O)c(C=NCCSCCc2ccccn2)c1,1.6989700043360187,BacillusAnthracis
135888982,COc1ccc(O)c(C=NCCSCCc2ccccn2)c1,2.0,BacillusAnthracis
5377323,O=C(/C=C/c1ccc([N+](=O)[O-])cc1)c1ccccc1,4.292429823902063,BacillusAnthracis
2272467,C=CCN1C(=O)/C(=C/c2ccc(-c3ccccc3)o2)SC1=S,3.701146923590293,BacillusAnthracis
2252216,O=C1/C(=C/c2cc([N+](=O)[O-])cc(Br)c2O)SC(=S)N1c1cccc(Cl)c1,4.769551078621726,BacillusAnthracis
12351836,O=c1c(Cl)c(Cl)cnn1C1CCCCC1,4.301029995663981,BacillusAnthracis
3696342,Cc1[nH]n(-c2ccccc2)c(=S)c1C=Nc1ccc([N+](=O)[O-])cc1,5.2839966563652006,BacillusAnthracis
44246280,CCOc1c(S)cnn(-c2cccc(Br)c2)c1=O,4.301029995663981,BacillusAnthracis
5725131,O=C1/C(=C/c2cc([N+](=O)[O-])cc(Br)c2O)SC(=S)N1c1ccc([N+](=O)[O-])cc1,4.920818753952375,BacillusAnthracis
2256157,Cc1ccc(N2C(=O)/C(=C/c3cc([N+](=O)[O-])cc(Br)c3O)SC2=S)c(C)c1,5.431798275933005,BacillusAnthracis
44246281,CCOc1c(S)cnn(-c2cccc(F)c2)c1=O,5.259637310505756,BacillusAnthracis
44246282,CCOc1c(S)cnn(-c2cccc(C)c2)c1=O,5.481486060122113,BacillusAnthracis
44246283,CCOc1c(S)cnn(-c2cc(Cl)cc(Cl)c2)c1=O,3.521433504406157,BacillusAnthracis
44246284,CCOc1c(S)cnn(C2CCCCC2)c1=O,4.747146969020107,BacillusAnthracis
46228085,CCOc1c(SS)cnn(-c2ccccc2)c1=O,5.823908740944319,BacillusAnthracis
44246286,CCOc1c[nH]n(-c2ccccc2)c(=O)c1=S,5.356547323513813,BacillusAnthracis
44246287,CCOc1c[nH]n(-c2cccc(F)c2)c(=O)c1=S,5.2441251443275085,BacillusAnthracis
1151340,Cc1[nH]n(-c2ccccc2)c(=S)c1C=Nc1ccc(Br)cc1,4.4089353929735005,BacillusAnthracis
3112341,Cc1[nH]n(-c2ccccc2)c(=S)c1C=Nc1ccc([N+](=O)[O-])cc1[N+](=O)[O-],5.167491087293763,BacillusAnthracis
793320,Cc1[nH]n(-c2ccccc2)c(=S)c1C=NC1CCCCC1,3.939302159646388,BacillusAnthracis
2286914,Cc1ccc(/C=C2\SC(=S)N(c3cccc(Cl)c3)C2=O)cc1[N+](=O)[O-],3.0,BacillusAnthracis
1575254,Cc1ccc(N2C(=O)/C(=C/c3cccc([N+](=O)[O-])c3)SC2=S)c(C)c1,3.924453038607469,BacillusAnthracis
44246288,CCOc1c[nH]n(-c2cccc(C)c2)c(=O)c1=S,5.508638306165727,BacillusAnthracis
44246289,CCOc1c[nH]n(-c2cc(Cl)cc(Cl)c2)c(=O)c1=S,3.779891911959945,BacillusAnthracis
555185,COc1c(Cl)cnn(-c2ccccc2)c1=O,4.301029995663981,BacillusAnthracis
3113934,Cc1[nH]n(-c2ccccc2)c(=S)c1C=Nc1ccc([N+](=O)[O-])cc1Br,5.050609993355087,BacillusAnthracis
44246309,CC1=NOC(=O)C1=Nc1ccc([N+](=O)[O-])cc1,4.769551078621726,BacillusAnthracis
135932621,CC(=O)c1ccc(N=C2C(=O)NN=C2C)cc1,4.585026652029182,BacillusAnthracis
3846243,Cc1[nH]n(-c2ccccc2)c(=S)c1C=Nc1ccc([N+](=O)[O-])cc1O,5.017728766960431,BacillusAnthracis
3112340,Cc1[nH]n(-c2ccccc2)c(=S)c1C=Nc1cc([N+](=O)[O-])ccc1O,4.853871964321762,BacillusAnthracis
738679,Cc1ccc(N=Cc2c(C)[nH]n(-c3ccccc3)c2=S)c(C)c1,4.167491087293763,BacillusAnthracis
2252351,CN1C(=O)/C(=C/c2cc([N+](=O)[O-])cc(Br)c2O)SC1=S,4.853871964321762,BacillusAnthracis
2140738,CN1C(=O)/C(=C/c2ccc(-c3ccccc3)o2)SC1=S,3.392544976785332,BacillusAnthracis
44246277,CCCN1C(=O)/C(=C/c2ccc(-c3ccccc3)o2)SC1=S,3.730487055782084,BacillusAnthracis
44246290,COc1c(Cl)cnn(-c2cccc(Br)c2)c1=O,4.301029995663981,BacillusAnthracis
44246291,COc1c(Cl)cnn(-c2cccc(F)c2)c1=O,4.301029995663981,BacillusAnthracis
768228,COc1c(Cl)cnn(-c2cccc(C)c2)c1=O,4.301029995663981,BacillusAnthracis
44246292,COc1c(Cl)cnn(-c2cc(Cl)cc(Cl)c2)c1=O,4.301029995663981,BacillusAnthracis
2863181,Cc1ccc(N=Cc2c(C)[nH]n(-c3ccccc3)c2=S)cc1C,4.2839966563652006,BacillusAnthracis
1151344,Cc1[nH]n(-c2ccccc2)c(=S)c1C=Nc1ccc(I)cc1,4.376750709602099,BacillusAnthracis
13526210,COc1c(Cl)cnn(C2CCCCC2)c1=O,4.301029995663981,BacillusAnthracis
779742,CCOc1c(Cl)cnn(-c2ccccc2)c1=O,4.301029995663981,BacillusAnthracis
44246293,CCOc1c(Cl)cnn(-c2ccc([N+](=O)[O-])cc2)c1=O,4.301029995663981,BacillusAnthracis
3114473,Cc1[nH]n(-c2ccccc2)c(=S)c1C=Nc1ccc(N=Nc2ccccc2)cc1,5.045757490560675,BacillusAnthracis
738680,Cc1[nH]n(-c2ccccc2)c(=S)c1C=Nc1ccccc1Cl,4.267606240177032,BacillusAnthracis
793655,Cc1[nH]n(-c2ccccc2)c(=S)c1C=Nc1ccccc1O,4.657577319177793,BacillusAnthracis
44246294,CCOc1c(Cl)cnn(-c2cccc(Br)c2)c1=O,4.301029995663981,BacillusAnthracis
44246295,CCOc1c(Cl)cnn(-c2cccc(F)c2)c1=O,4.301029995663981,BacillusAnthracis
44246296,CCOc1c(Cl)cnn(-c2cccc(C)c2)c1=O,4.301029995663981,BacillusAnthracis
604064,Cc1[nH]n(-c2ccccc2)c(=O)c1C=Nc1ccc([N+](=O)[O-])cc1,4.251811972993799,BacillusAnthracis
44246297,CCOc1c(Cl)cnn(-c2cc(Cl)cc(Cl)c2)c1=O,4.301029995663981,BacillusAnthracis
44246298,CCOc1c(Cl)cnn(C2CCCCC2)c1=O,4.301029995663981,BacillusAnthracis
248680,CCOc1cnn(-c2ccccc2)c(=O)c1Cl,6.0,BacillusAnthracis
6510353,O=C1/C(=C/c2ccc(-c3ccccc3)o2)SC(=S)N1Cc1ccccc1,3.30803489723264,BacillusAnthracis
2256659,CCN1C(=O)/C(=C/c2ccc(-c3cccc(Cl)c3)o2)SC1=S,3.962573502059376,BacillusAnthracis
2145944,CCN1C(=O)/C(=C/c2ccc(-c3ccccc3[N+](=O)[O-])o2)SC1=S,3.98296666070122,BacillusAnthracis
44246299,CCOc1cnn(-c2ccc([N+](=O)[O-])cc2)c(=O)c1Cl,3.6595558851598815,BacillusAnthracis
44246300,CCOc1cnn(-c2cccc(Br)c2)c(=O)c1Cl,4.301029995663981,BacillusAnthracis
44246301,CCOc1cnn(-c2cccc(F)c2)c(=O)c1Cl,4.301029995663981,BacillusAnthracis
24016224,COc1c(S)cnn(-c2cccc(Cl)c2)c1=O,5.346787486224656,BacillusAnthracis
6456205,CSc1c[nH]n(-c2ccccc2)c(=O)c1=O,4.301029995663981,BacillusAnthracis
44246278,CCn1[nH]cc(SC)c(=O)c1=O,4.301029995663981,BacillusAnthracis
779700,CSc1cnn(-c2ccccc2)c(=O)c1Cl,4.301029995663981,BacillusAnthracis
24997708,CCOc1cnn(-c2cccc(C)c2)c(=O)c1Cl,4.301029995663981,BacillusAnthracis
44246303,CCOc1cnn(C2CCCCC2)c(=O)c1Cl,4.301029995663981,BacillusAnthracis
2856783,Cc1ccc(-n2[nH]c(C)c(C=Nc3ccc([N+](=O)[O-])cc3)c2=O)cc1,4.2076083105017466,BacillusAnthracis
2856604,Cc1[nH]n(-c2ccc(Cl)cc2)c(=O)c1C=Nc1ccc([N+](=O)[O-])cc1,4.318758762624412,BacillusAnthracis
755081,COc1c[nH]n(-c2ccccc2)c(=O)c1=S,5.031517051446065,BacillusAnthracis
54694030,O=c1c(OCc2ccccc2)c(O)cnn1-c1ccccc1,4.301029995663981,BacillusAnthracis
54686949,COc1c(O)cnn(-c2ccccc2)c1=O,4.301029995663981,BacillusAnthracis
72813,O=c1c(Cl)c(Cl)cnn1-c1ccccc1,4.301029995663981,BacillusAnthracis
329050,O=c1c(Cl)c(Cl)cnn1-c1ccc([N+](=O)[O-])cc1,4.301029995663981,BacillusAnthracis
43542711,O=c1c(Cl)c(Cl)cnn1-c1cccc(Br)c1,4.301029995663981,BacillusAnthracis
2857110,Cc1cc([N+](=O)[O-])ccc1N=Cc1c(C)[nH]n(-c2ccc(Cl)cc2)c1=O,4.346787486224656,BacillusAnthracis
135432677,Cc1[nH]n(-c2ccccc2)c(=S)c1/C=N/c1ccccn1,6.119186407719209,BacillusAnthracis
2258834,Cc1cccc(N2C(=O)/C(=C/c3cc([N+](=O)[O-])cc(Br)c3O)SC2=S)c1,4.823908740944319,BacillusAnthracis
54690615,CCSc1c(O)cnn(-c2ccccc2)c1=O,4.301029995663981,BacillusAnthracis
44246279,CCOc1c(S)cnn(-c2ccc([N+](=O)[O-])cc2)c1=O,4.522878745280337,BacillusAnthracis
44246304,O=c1c(Cl)c(Cl)cnn1-c1cccc(F)c1,4.301029995663981,BacillusAnthracis
779573,Cc1cccc(-n2ncc(Cl)c(Cl)c2=O)c1,4.301029995663981,BacillusAnthracis
2774756,O=c1c(Cl)c(Cl)cnn1-c1cc(Cl)cc(Cl)c1,4.214670164989233,BacillusAnthracis
2294062,Cc1ccc(N2C(=O)/C(=C/c3cc(Br)c(O)c([N+](=O)[O-])c3)SC2=S)c(C)c1,4.455931955649724,BacillusAnthracis
5282593,CN1[C@@H]2CC[C@H]1CC(OC(=O)C(O)c1ccccc1)C2,4.301029995663981,BacillusAnthracis
2272467,C=CCN1C(=O)/C(=C/c2ccc(-c3ccccc3)o2)SC1=S,4.568636235841013,BacillusAnthracis
12351836,O=c1c(Cl)c(Cl)cnn1C1CCCCC1,4.853871964321762,BacillusAnthracis
5725131,O=C1/C(=C/c2cc([N+](=O)[O-])cc(Br)c2O)SC(=S)N1c1ccc([N+](=O)[O-])cc1,4.698970004336019,BacillusAnthracis
44246281,CCOc1c(S)cnn(-c2cccc(F)c2)c1=O,5.7447274948966935,BacillusAnthracis
44246282,CCOc1c(S)cnn(-c2cccc(C)c2)c1=O,5.769551078621726,BacillusAnthracis
44246283,CCOc1c(S)cnn(-c2cc(Cl)cc(Cl)c2)c1=O,4.853871964321762,BacillusAnthracis
44246284,CCOc1c(S)cnn(C2CCCCC2)c1=O,5.853871964321762,BacillusAnthracis
46228085,CCOc1c(SS)cnn(-c2ccccc2)c1=O,5.920818753952375,BacillusAnthracis
44246286,CCOc1c[nH]n(-c2ccccc2)c(=O)c1=S,5.920818753952375,BacillusAnthracis
44246287,CCOc1c[nH]n(-c2cccc(F)c2)c(=O)c1=S,6.045757490560675,BacillusAnthracis
44246289,CCOc1c[nH]n(-c2cc(Cl)cc(Cl)c2)c(=O)c1=S,5.2839966563652006,BacillusAnthracis
2252351,CN1C(=O)/C(=C/c2cc([N+](=O)[O-])cc(Br)c2O)SC1=S,4.886056647693163,BacillusAnthracis
44246277,CCCN1C(=O)/C(=C/c2ccc(-c3ccccc3)o2)SC1=S,4.275724130399211,BacillusAnthracis
248680,CCOc1cnn(-c2ccccc2)c(=O)c1Cl,6.522878745280337,BacillusAnthracis
2145944,CCN1C(=O)/C(=C/c2ccc(-c3ccccc3[N+](=O)[O-])o2)SC1=S,4.130768280269024,BacillusAnthracis
44246299,CCOc1cnn(-c2ccc([N+](=O)[O-])cc2)c(=O)c1Cl,3.607303046740334,BacillusAnthracis
757809,CCOc1c(S)cnn(-c2ccccc2)c1=O,5.853871964321762,BacillusAnthracis
755081,COc1c[nH]n(-c2ccccc2)c(=O)c1=S,5.7447274948966935,BacillusAnthracis
54694030,O=c1c(OCc2ccccc2)c(O)cnn1-c1ccccc1,4.301029995663981,BacillusAnthracis
54686949,COc1c(O)cnn(-c2ccccc2)c1=O,4.301029995663981,BacillusAnthracis
135432677,Cc1[nH]n(-c2ccccc2)c(=S)c1/C=N/c1ccccn1,5.853871964321762,BacillusAnthracis
54690615,CCSc1c(O)cnn(-c2ccccc2)c1=O,4.301029995663981,BacillusAnthracis
44246279,CCOc1c(S)cnn(-c2ccc([N+](=O)[O-])cc2)c1=O,5.173925197299174,BacillusAnthracis
46228096,CCOc1c(SSC)cnn(-c2ccccc2)c1=O,6.3979400086720375,BacillusAnthracis
46228097,CCOc1c(SSc2ccccn2)cnn(-c2ccccc2)c1=O,7.522878745280337,BacillusAnthracis
604064,Cc1[nH]n(-c2ccccc2)c(=O)c1C=Nc1ccc([N+](=O)[O-])cc1,6.522878745280337,BacillusAnthracis
757809,CCOc1c(S)cnn(-c2ccccc2)c1=O,6.698970004336019,BacillusAnthracis
757009,CCSc1c(S)cnn(-c2ccccc2)c1=O,5.853871964321762,BacillusAnthracis
3696342,Cc1[nH]n(-c2ccccc2)c(=S)c1C=Nc1ccc([N+](=O)[O-])cc1,3.0,BacillusAnthracis
2256157,Cc1ccc(N2C(=O)/C(=C/c3cc([N+](=O)[O-])cc(Br)c3O)SC2=S)c(C)c1,5.0,BacillusAnthracis
24016224,COc1c(S)cnn(-c2cccc(Cl)c2)c1=O,3.0,BacillusAnthracis
44246288,CCOc1c[nH]n(-c2cccc(C)c2)c(=O)c1=S,6.3979400086720375,BacillusAnthracis
3114473,Cc1[nH]n(-c2ccccc2)c(=S)c1C=Nc1ccc(N=Nc2ccccc2)cc1,5.853871964321762,BacillusAnthracis
3112345,Cc1[nH]n(-c2ccccc2)c(=S)c1C=Nc1c(Br)cc(Br)cc1Br,5.769551078621726,BacillusAnthracis
757009,CCSc1c(S)cnn(-c2ccccc2)c1=O,6.522878745280337,BacillusAnthracis
62999,Cl.O=C(O)c1cn(C2CC2)c2cc(N3CCNCC3)c(F)cc2c1=O,7.0,BacillusAnthracis
46228167,COc1c(C#N)c2c3ccccc3[nH]c2c2c1c1ccccc1n2Cc1ccccc1,3.6989700043360174,BacillusAnthracis
10266634,N#Cc1c(O)c2c3ccccc3[nH]c2c2[nH]c3ccccc3c12,5.795880017344075,BacillusAnthracis
10403187,Cn1c2ccccc2c2c(O)c(C#N)c3c4ccccc4[nH]c3c21,5.200659450546418,BacillusAnthracis
45257224,N#Cc1c(O)c2c3ccccc3n(Cc3ccccc3)c2c2[nH]c3ccccc3c12,5.795880017344075,BacillusAnthracis
11724766,COc1c(C#N)c2c3ccccc3n(C)c2c2c1c1ccccc1n2C,3.6989700043360174,BacillusAnthracis
46228198,COc1c(C#N)c2c3ccccc3n(C)c2c2[nH]c3ccccc3c12,3.6989700043360174,BacillusAnthracis
131448,COc1c(C#N)c2c3ccccc3[nH]c2c2[nH]c3ccccc3c12,5.200659450546418,BacillusAnthracis
131447,COc1c(C#N)c2c3ccccc3[nH]c2c2c1c1ccccc1n2C,3.6989700043360174,BacillusAnthracis
44259,CN[C@@H]1C[C@H]2O[C@@](C)([C@@H]1OC)n1c3ccccc3c3c4c(c5c6ccccc6n2c5c31)C(=O)NC4,3.892790030352132,BacillusAnthracis
3767,NNC(=O)c1ccncc1,6.221848749616356,BacillusAnthracis
46228167,COc1c(C#N)c2c3ccccc3[nH]c2c2c1c1ccccc1n2Cc1ccccc1,4.355561410532162,BacillusAnthracis
10266634,N#Cc1c(O)c2c3ccccc3[nH]c2c2[nH]c3ccccc3c12,4.823908740944319,BacillusAnthracis
10403187,Cn1c2ccccc2c2c(O)c(C#N)c3c4ccccc4[nH]c3c21,4.247183568811729,BacillusAnthracis
45257224,N#Cc1c(O)c2c3ccccc3n(Cc3ccccc3)c2c2[nH]c3ccccc3c12,4.217527375833714,BacillusAnthracis
11724766,COc1c(C#N)c2c3ccccc3n(C)c2c2c1c1ccccc1n2C,3.892790030352132,BacillusAnthracis
46228198,COc1c(C#N)c2c3ccccc3n(C)c2c2[nH]c3ccccc3c12,3.892790030352132,BacillusAnthracis
46228207,COc1c(C(N)=O)c2c3ccccc3[nH]c2c2c1c1ccccc1n2C,3.892790030352132,BacillusAnthracis
131448,COc1c(C#N)c2c3ccccc3[nH]c2c2[nH]c3ccccc3c12,3.892790030352132,BacillusAnthracis
131447,COc1c(C#N)c2c3ccccc3[nH]c2c2c1c1ccccc1n2C,3.892790030352132,BacillusAnthracis
44259,CN[C@@H]1C[C@H]2O[C@@](C)([C@@H]1OC)n1c3ccccc3c3c4c(c5c6ccccc6n2c5c31)C(=O)NC4,4.832682665251824,BacillusAnthracis
135398735,CO[C@H]1/C=C/O[C@@]2(C)Oc3c(C)c(O)c4c(O)c(c(/C=N/N5CCN(C)CC5)c(O)c4c3C2=O)NC(=O)/C(C)=C\C=C\[C@H](C)[C@H](O)[C@@H](C)[C@@H](O)[C@@H](C)[C@H](OC(C)=O)[C@@H]1C,7.0,BacillusAnthracis
123756,CNc1ccccc1C(=O)O[C@H]1[C@@H](O)[C@H](n2cnc3c(N)ncnc32)O[C@@H]1COP(=O)(O)OP(=O)(O)OP(=O)(O)O,6.008773924307505,BacillusAnthracis
46227723,CNc1ccccc1C(=O)N[C@@H]1[C@H](O)[C@@H](COP(=O)(O)OP(=O)(O)C(Cl)(Cl)P(=O)(O)O)O[C@H]1n1cnc2c(N)ncnc21,5.046723663332696,BacillusAnthracis
46227733,CNc1ccccc1C(=O)O[C@@H]1[C@H](O)[C@@H](COP(=O)(O)OP(=O)(O)OP(=O)(O)O)O[C@H]1n1ccc(N)nc1=O,7.0,BacillusAnthracis
46229495,C/C(=N\Nc1nc2ccccc2[nH]c1=O)c1cc2ccccc2oc1=O,1.744727494896694,BacillusAnthracis
46229508,C/C(=N\Nc1nc2ccccc2[nH]c1=O)c1cc2cc(Cl)ccc2oc1=O,1.6020599913279625,BacillusAnthracis
46229509,O=c1[nH]c2ccccc2nc1NN=C1CCCC1,2.0,BacillusAnthracis
693318,NNc1nc2ccccc2[nH]c1=O,1.619788758288394,BacillusAnthracis
46200963,CC(C)=NNc1nc2ccccc2[nH]c1=O,1.853871964321762,BacillusAnthracis
46229511,CC/C(C)=N\Nc1nc2ccccc2[nH]c1=O,1.9208187539523751,BacillusAnthracis
46229512,C/C(=N\Nc1nc2ccccc2[nH]c1=O)c1cc2cc(Br)ccc2oc1=O,1.7958800173440752,BacillusAnthracis
46229527,C/C(=N\Nc1nc2ccccc2[nH]c1=O)c1cc2cc(C)ccc2oc1=O,1.853871964321762,BacillusAnthracis
136066054,O=c1[nH]c2ccccc2nc1N=Nc1c(O)[nH]c2ccccc12,1.958607314841775,BacillusAnthracis
136066055,O=c1[nH]c2ccccc2nc1N=Nc1c(O)[nH]c2ccc(Br)cc12,2.096910013008056,BacillusAnthracis
136066056,O=c1[nH]c2ccccc2nc1N=Nc1c(O)[nH]c2ccc(Cl)cc12,1.6989700043360187,BacillusAnthracis
46229550,O=c1[nH]c2ccccc2nc1NN=C1c2ccccc2Cc2ccccc21,1.853871964321762,BacillusAnthracis
46229551,CC12CCC(C/C1=N\Nc1nc3ccccc3[nH]c1=O)C2(C)C,2.3010299956639813,BacillusAnthracis
46229553,O=c1[nH]c2ccccc2nc1N/N=C1\CCCCC1Br,1.7212463990471711,BacillusAnthracis
46229554,O=c1[nH]c2ccccc2nc1N/N=C1\CCCCC1Cl,1.853871964321762,BacillusAnthracis
46229555,CC1CCCC/C1=N\Nc1nc2ccccc2[nH]c1=O,1.7958800173440752,BacillusAnthracis
19649,CN[C@@H]1[C@H](O[C@H]2[C@H](O[C@H]3[C@H](O)[C@@H](O)[C@H](N=C(N)N)[C@@H](O)[C@@H]3N=C(N)N)O[C@@H](C)[C@]2(O)C=O)O[C@@H](CO)[C@H](O)[C@H]1O,1.744727494896694,BacillusAnthracis
16750574,CCOC(=O)c1cc(COc2cc(C(F)(F)F)nc3c(C(F)(F)F)cccc23)on1,3.892790030352132,BacillusAnthracis
46229978,O=C(O)c1cc(COc2cc(C(F)(F)F)nc3c(C(F)(F)F)cccc23)on1,4.494850021680094,BacillusAnthracis
47363,c1cc(-c2cc3ccc(C4=NCCN4)cc3[nH]2)ccc1C1=NCCN1,4.309803919971486,BacillusAnthracis
206023,c1cc(-c2cc3ccc(C4=NCCN4)cc3s2)ccc1C1=NCCN1,4.0,BacillusAnthracis
52603,c1cc(C2=NCCN2)ccc1Oc1ccc(-c2cc3ccc(C4=NCCN4)cc3[nH]2)cc1,4.366531544420414,BacillusAnthracis
45141625,NC(=O)c1ccc(Oc2ccc(-c3cc4ccc(C(N)=O)cc4[nH]3)cc2)cc1,4.0,BacillusAnthracis
45141818,N#Cc1ccc(Oc2ccc(-c3cc4ccc(C(=N)N)cc4[nH]3)cc2)cc1,4.0,BacillusAnthracis
45141819,CN(C)CCN=C(N)c1ccc(Oc2ccc(-c3cc4ccc(C(N)=NCCN(C)C)cc4[nH]3)cc2)cc1,4.552841968657781,BacillusAnthracis
45141820,c1cc(C2=NCCCN2)ccc1Oc1ccc(-c2cc3ccc(C4=NCCCN4)cc3[nH]2)cc1,4.0,BacillusAnthracis
45141821,OC1CN=C(c2ccc(Oc3ccc(-c4cc5ccc(C6=NCC(O)CN6)cc5[nH]4)cc3)cc2)NC1,4.0,BacillusAnthracis
45139447,N#Cc1ccc(Oc2ccc(-c3cc4ccc(C#N)cc4[nH]3)nc2)cc1,4.0,BacillusAnthracis
45139450,c1cc(C2=NCCN2)ccc1Oc1ccc(-c2cc3ccc(C4=NCCN4)cc3[nH]2)nc1,4.259637310505756,BacillusAnthracis
45139630,c1cc(C2=NCCCN2)ccc1Oc1ccc(-c2cc3ccc(C4=NCCCN4)cc3[nH]2)nc1,4.0,BacillusAnthracis
45139631,N#Cc1ccc(Oc2ccc(-c3cc4ccc(C5=NCCN5)cc4[nH]3)cc2)c(Cl)c1,4.0,BacillusAnthracis
45139632,c1cc(C2=NCCN2)ccc1Oc1ccc(-c2cc3ccc(C4=NCCN4)cc3s2)cc1,4.7447274948966935,BacillusAnthracis
45139633,c1cc(C2=NCCCN2)ccc1Oc1ccc(-c2cc3ccc(C4=NCCCN4)cc3s2)cc1,4.0,BacillusAnthracis
45142028,Clc1ccc(Oc2ccc(-c3cc4ccc(C5=NCCN5)cc4[nH]3)cc2)c(Cl)c1,4.0,BacillusAnthracis
45142030,Clc1ccc2cc(-c3ccc(Oc4ccc(C5=NCCN5)cc4)cc3)[nH]c2c1,4.292429823902063,BacillusAnthracis
46228743,N#Cc1ccc2cc(-c3ccc(Oc4ccc(F)cc4)cc3)[nH]c2c1,4.0,BacillusAnthracis
46228744,NC(=O)c1ccc2cc(-c3ccc(Oc4ccc(F)cc4)cc3)[nH]c2c1,4.0,BacillusAnthracis
46228780,N=C(N)c1ccc2cc(-c3ccc(Oc4ccc(F)cc4)cc3)[nH]c2c1,4.318758762624412,BacillusAnthracis
46228781,Fc1ccc(Oc2ccc(-c3cc4ccc(C5=NCCN5)cc4[nH]3)cc2)cc1,4.3979400086720375,BacillusAnthracis
46228782,COc1ccc(Oc2ccc(-c3cc4ccc(C(N)=O)cc4[nH]3)cc2)cc1,4.0,BacillusAnthracis
46228783,COc1ccc(Oc2ccc(-c3cc4ccc(C(=N)N)cc4[nH]3)cc2)cc1,4.0,BacillusAnthracis
46228784,COc1ccc(Oc2ccc(-c3cc4ccc(C5=NCCN5)cc4[nH]3)cc2)cc1,4.214670164989233,BacillusAnthracis
46228836,NC(=O)c1ccc2nc(-c3ccc(Oc4ccc(F)cc4)cc3)sc2c1,4.0,BacillusAnthracis
46228837,NCCNc1ccc(Oc2ccc(-c3nc4ccc(C5=NCCN5)cc4s3)cc2)cc1,4.0,BacillusAnthracis
45139819,c1cc(-c2cc3ccc(C4=NCCCN4)cc3[nH]2)ccc1C1=NCCCN1,4.0,BacillusAnthracis
12207688,Cl.Cl.N=C(N)c1ccc(Oc2ccc(-c3cc4ccc(C(=N)N)cc4[nH]3)cc2)cc1,4.455931955649724,BacillusAnthracis
46232267,CCCNc1nnc(Sc2ncc([N+](=O)[O-])s2)s1,4.0,BacillusAnthracis
46232269,COCCNc1nnc(Sc2ncc([N+](=O)[O-])s2)s1,4.0,BacillusAnthracis
46232270,COc1ccc(CCNc2nnc(Sc3ncc([N+](=O)[O-])s3)s2)cc1OC,4.0,BacillusAnthracis
46232312,CCC(C)Nc1nnc(Sc2ncc([N+](=O)[O-])s2)s1,4.0,BacillusAnthracis
44605340,C=C1CC[C@@H]2[C@](C)(CC[C@H]3[C@@]2(C)CC[C@H]2C(C)(C)CC[C@@H](O)[C@@]23C)[C@H]1CN=C(N)N,3.958607314841775,BacillusAnthracis
44605340,C=C1CC[C@@H]2[C@](C)(CC[C@H]3[C@@]2(C)CC[C@H]2C(C)(C)CC[C@@H](O)[C@@]23C)[C@H]1CN=C(N)N,5.221848749616356,BacillusAnthracis
44605340,C=C1CC[C@@H]2[C@](C)(CC[C@H]3[C@@]2(C)CC[C@H]2C(C)(C)CC[C@@H](O)[C@@]23C)[C@H]1CN=C(N)N,5.698970004336019,BacillusAnthracis
44605340,C=C1CC[C@@H]2[C@](C)(CC[C@H]3[C@@]2(C)CC[C@H]2C(C)(C)CC[C@@H](O)[C@@]23C)[C@H]1CN=C(N)N,4.522878745280337,BacillusAnthracis
44605340,C=C1CC[C@@H]2[C@](C)(CC[C@H]3[C@@]2(C)CC[C@H]2C(C)(C)CC[C@@H](O)[C@@]23C)[C@H]1CN=C(N)N,5.3979400086720375,BacillusAnthracis
44605340,C=C1CC[C@@H]2[C@](C)(CC[C@H]3[C@@]2(C)CC[C@H]2C(C)(C)CC[C@@H](O)[C@@]23C)[C@H]1CN=C(N)N,3.869666231504994,BacillusAnthracis
9597188,O=C(CCC(=O)Nc1cccc(Cl)c1)N/N=C/c1c2ccccc2cc2ccccc12,5.045757490560675,BacillusAnthracis
3289443,Nc1c(C(=O)Nc2cccc(F)c2)sc2nc(-c3cccs3)ccc12,4.7447274948966935,BacillusAnthracis
9597188,O=C(CCC(=O)Nc1cccc(Cl)c1)N/N=C/c1c2ccccc2cc2ccccc12,5.0,BacillusAnthracis
3289443,Nc1c(C(=O)Nc2cccc(F)c2)sc2nc(-c3cccs3)ccc12,4.494850021680094,BacillusAnthracis
9608687,O=C(CCC(=O)Nc1ccccc1Cl)N/N=C/c1ccc(/C=N/NC(=O)CCC(=O)Nc2ccccc2Cl)cc1,4.886056647693163,BacillusAnthracis
46889735,CC(/C=N/NC(=O)CCC(=O)Nc1ccc(Br)cc1)c1ccc2ccccc2c1,3.6989700043360174,BacillusAnthracis
9612242,O=C(CCC(=O)Nc1ccc(Br)cc1)N/N=C/c1cccc(Br)c1,3.769551078621726,BacillusAnthracis
9597126,O=C(CCC(=O)Nc1ccc(Br)cc1)N/N=C/c1ccc(F)cc1,3.913640169325252,BacillusAnthracis
9676085,COc1ccc(/C(C)=N/NC(=O)CNc2cc(Br)c(C)c(Br)c2)c(OC)c1,4.522878745280337,BacillusAnthracis
46889777,O=C(CCC(=O)Nc1ccc(Br)cc1)N/N=C/c1c2ccccc2cc2ccccc12,4.481486060122113,BacillusAnthracis
9597036,O=C(CCC(=O)Nc1ccccc1Br)N/N=C/c1c2ccccc2cc2ccccc12,4.6020599913279625,BacillusAnthracis
9598606,O=C(CCC(=O)Nc1cccc(Br)c1)N/N=C/c1c2ccccc2cc2ccccc12,5.3979400086720375,BacillusAnthracis
9597188,O=C(CCC(=O)Nc1cccc(Cl)c1)N/N=C/c1c2ccccc2cc2ccccc12,4.6020599913279625,BacillusAnthracis
9608687,O=C(CCC(=O)Nc1ccccc1Cl)N/N=C/c1ccc(/C=N/NC(=O)CCC(=O)Nc2ccccc2Cl)cc1,4.886056647693163,BacillusAnthracis
9608687,O=C(CCC(=O)Nc1ccccc1Cl)N/N=C/c1ccc(/C=N/NC(=O)CCC(=O)Nc2ccccc2Cl)cc1,4.795880017344075,BacillusAnthracis
46867263,O=C(O)CN(/N=C/c1cccc2ccccc12)C(=O)CCC(=O)Nc1ccccc1Cl,3.6989700043360174,BacillusAnthracis
16134627,CN[C@H]1C(=O)N[C@@H]2Cc3ccc(cc3)Oc3cc4cc(c3O[C@@H]3O[C@H](C(=O)O)[C@@H](O)[C@H](O)[C@H]3NC(=O)CCCCCCCCC(C)C)Oc3ccc(cc3Cl)[C@@H](O)[C@@H]3NC(=O)[C@H](NC(=O)[C@@H]4NC(=O)[C@@H](NC2=O)c2cc(cc(O)c2Cl)Oc2cc1ccc2O)c1ccc(O)c(c1)-c1c(O[C@H]2O[C@H](CO)[C@@H](O)[C@H](O)[C@@H]2O)cc(O)cc1[C@@H](C(=O)NCCCN(C)C)NC3=O,4.406197960961961,BacillusAnthracis
16134627,CN[C@H]1C(=O)N[C@@H]2Cc3ccc(cc3)Oc3cc4cc(c3O[C@@H]3O[C@H](C(=O)O)[C@@H](O)[C@H](O)[C@H]3NC(=O)CCCCCCCCC(C)C)Oc3ccc(cc3Cl)[C@@H](O)[C@@H]3NC(=O)[C@H](NC(=O)[C@@H]4NC(=O)[C@@H](NC2=O)c2cc(cc(O)c2Cl)Oc2cc1ccc2O)c1ccc(O)c(c1)-c1c(O[C@H]2O[C@H](CO)[C@@H](O)[C@H](O)[C@@H]2O)cc(O)cc1[C@@H](C(=O)NCCCN(C)C)NC3=O,5.077444245762957,BacillusAnthracis
6249,CC1(C)S[C@@H]2[C@H](NC(=O)[C@H](N)c3ccccc3)C(=O)N2[C@H]1C(=O)O,6.3979400086720375,BacillusAnthracis
54671203,C[C@H]1c2cccc(O)c2C(O)=C2C(=O)[C@]3(O)C(O)=C(C(N)=O)C(=O)[C@@H](N(C)C)[C@@H]3[C@@H](O)[C@@H]21,6.568636235841013,BacillusAnthracis
52940926,CC(=O)NCCC(=O)N[C@@H](Cc1ccccc1)C(=O)N1Cc2ccccc2C[C@H]1C(=O)N1C[C@@H](C(=O)NCCC(=O)N[C@@H](CCCCN)C(=O)N2Cc3ccccc3C[C@H]2C(=O)N2C[C@@H](C(=O)NCCC(=O)N[C@@H](Cc3ccccc3)C(=O)N3Cc4ccccc4C[C@H]3C(=O)N3C[C@@H](C(=O)NCCC(=O)N[C@@H](CCCCN)C(=O)N[C@@H](CCCCN)C(=O)N[C@@H](CCCCN)C(=O)N[C@@H](CCCCN)C(=O)N[C@@H](CCCCN)C(N)=O)C4CCCCC43)C3CCCCC32)C2CCCCC21,4.6020599913279625,BacillusAnthracis
52940927,CC(=O)NCC(=O)N[C@@H](Cc1ccccc1)C(=O)N1Cc2ccccc2C[C@H]1C(=O)N1C[C@@H](C(=O)NCC(=O)N[C@@H](CCCCN)C(=O)N2Cc3ccccc3C[C@H]2C(=O)N2C[C@@H](C(=O)NCC(=O)N[C@@H](Cc3ccccc3)C(=O)N3Cc4ccccc4C[C@H]3C(=O)N3C[C@@H](C(=O)NCC(=O)N[C@@H](CCCCN)C(=O)N4Cc5ccccc5C[C@H]4C(=O)NCCC(=O)N[C@@H](CCCCN)C(=O)N[C@@H](CCCCN)C(=O)N[C@@H](CCCCN)C(=O)N[C@@H](CCCCN)C(N)=O)C4CCCCC43)C3CCCCC32)C2CCCCC21,4.906578314837765,BacillusAnthracis
52943324,CC(=O)NCC(=O)N[C@@H](Cc1ccccc1)C(=O)N1Cc2ccccc2C[C@H]1C(=O)N1C[C@@H](C(=O)NCC(=O)N[C@@H](CCCNC(=N)N)C(=O)N2Cc3ccccc3C[C@H]2C(=O)N2C[C@@H](C(=O)NCC(=O)N[C@@H](Cc3ccccc3)C(=O)N3Cc4ccccc4C[C@H]3C(=O)N3C[C@@H](C(=O)NCC(=O)N[C@@H](CCCNC(=N)N)C(=O)N4Cc5ccccc5C[C@H]4C(=O)N[C@@H](CCCNC(=N)N)C(=O)N[C@@H](CCCNC(=N)N)C(=O)N[C@@H](CCCNC(=N)N)C(=O)N[C@@H](CCCNC(=N)N)C(N)=O)C4CCCCC43)C3CCCCC32)C2CCCCC21,5.223298816011589,BacillusAnthracis
52944517,CC(=O)NCCCC(=O)N[C@@H](Cc1ccccc1)C(=O)N1Cc2ccccc2C[C@H]1C(=O)N1C[C@@H](C(=O)NCCCC(=O)N[C@@H](CCCCN)C(=O)N2Cc3ccccc3C[C@H]2C(=O)N2C[C@@H](C(=O)NCCCC(=O)N[C@@H](Cc3ccccc3)C(=O)N3Cc4ccccc4C[C@H]3C(=O)N3C[C@@H](C(=O)NCCCC(=O)N[C@@H](CCCCN)C(=O)N4Cc5ccccc5C[C@H]4C(=O)N[C@@H](CCCCN)C(=O)N[C@@H](CCCCN)C(=O)N[C@@H](CCCCN)C(=O)N[C@@H](CCCCN)C(=O)N[C@@H](CCCCN)C(N)=O)C4CCCCC43)C3CCCCC32)C2CCCCC21,6.1487416512809245,BacillusAnthracis
52945770,CC(C)C[C@H](NC(=O)[C@@H](N)CCCCN)C(=O)N1Cc2ccccc2C[C@H]1C(=O)N1C[C@@H](C(=O)N[C@@H](CCCCN)C(=O)N2Cc3ccccc3C[C@H]2C(=O)N2C[C@@H](C(=O)N[C@@H](Cc3ccccc3)C(=O)N3Cc4ccccc4C[C@H]3C(=O)N3C[C@@H](C(=O)N[C@@H](CCCCN)C(=O)N4Cc5ccccc5C[C@H]4C(=O)N4C[C@@H](C(=O)N[C@@H](Cc5ccccc5)C(=O)N5Cc6ccccc6C[C@H]5C(=O)N5C[C@@H](C(=O)N[C@@H](CCCCN)C(=O)N6Cc7ccccc7C[C@H]6C(=O)N6C[C@@H](C(=O)N[C@@H](CCCCN)C(=O)N[C@@H](CCCNC(=N)N)C(N)=O)C7CCCCC76)C6CCCCC65)C5CCCCC54)C4CCCCC43)C3CCCCC32)C2CCCCC21,4.392544976785332,BacillusAnthracis
52945773,CC(C)C[C@H](NC(=O)[C@@H](N)CCCN)C(=O)N1Cc2ccccc2C[C@H]1C(=O)N1C[C@@H](C(=O)N[C@@H](CCCN)C(=O)N2Cc3ccccc3C[C@H]2C(=O)N2C[C@@H](C(=O)N[C@@H](Cc3ccccc3)C(=O)N3Cc4ccccc4C[C@H]3C(=O)N3C[C@@H](C(=O)N[C@@H](CCCN)C(=O)N4Cc5ccccc5C[C@H]4C(=O)N4C[C@@H](C(=O)N[C@@H](Cc5ccccc5)C(=O)N5Cc6ccccc6C[C@H]5C(=O)N5C[C@@H](C(=O)N[C@@H](CCCN)C(=O)N6Cc7ccccc7C[C@H]6C(=O)N6C[C@@H](C(=O)N[C@@H](CCCN)C(=O)N[C@@H](CCCN)C(=O)N[C@@H](CCCN)C(=O)N[C@@H](CCCN)C(N)=O)C7CCCCC76)C6CCCCC65)C5CCCCC54)C4CCCCC43)C3CCCCC32)C2CCCCC21,3.8068754016455375,BacillusAnthracis
52946988,CC(=O)NCC(=O)N[C@@H](Cc1ccccc1)C(=O)N1Cc2ccccc2C[C@H]1C(=O)N1C[C@@H](C(=O)NCC(=O)N[C@@H](CCCCN)C(=O)N2Cc3ccccc3C[C@H]2C(=O)N2C[C@@H](C(=O)NCC(=O)N[C@@H](Cc3ccccc3)C(=O)N3Cc4ccccc4C[C@H]3C(=O)N3C[C@@H](C(=O)NCC(=O)N[C@@H](CCCCN)C(=O)N4Cc5ccccc5C[C@H]4C(=O)N[C@@H](CCCN)C(=O)N[C@@H](CCCN)C(=O)N[C@@H](CCCN)C(=O)N[C@@H](CCCN)C(N)=O)C4CCCCC43)C3CCCCC32)C2CCCCC21,6.091514981121351,BacillusAnthracis
52946989,CC(=O)NCC(=O)N[C@@H](Cc1ccccc1)C(=O)N1Cc2ccccc2C[C@H]1C(=O)N1C[C@@H](C(=O)NCC(=O)N[C@@H](CCCCN)C(=O)N2Cc3ccccc3C[C@H]2C(=O)N2C[C@@H](C(=O)NCC(=O)N[C@@H](Cc3ccccc3)C(=O)N3Cc4ccccc4C[C@H]3C(=O)N3C[C@@H](C(=O)NCC(=O)N[C@@H](CCCCN)C(=O)N4Cc5ccccc5C[C@H]4C(=O)NCCCCCC(=O)N[C@@H](CCCCN)C(=O)N[C@@H](CCCCN)C(=O)N[C@@H](CCCCN)C(=O)N[C@@H](CCCCN)C(N)=O)C4CCCCC43)C3CCCCC32)C2CCCCC21,4.31069114087638,BacillusAnthracis
52946990,CC(=O)NCC(=O)N[C@@H](Cc1ccccc1)C(=O)N1Cc2ccccc2C[C@H]1C(=O)N1C[C@@H](C(=O)NCC(=O)N[C@@H](CCN)C(=O)N2Cc3ccccc3C[C@H]2C(=O)N2C[C@@H](C(=O)NCC(=O)N[C@@H](Cc3ccccc3)C(=O)N3Cc4ccccc4C[C@H]3C(=O)N3C[C@@H](C(=O)NCC(=O)N[C@@H](CCN)C(=O)N4Cc5ccccc5C[C@H]4C(=O)N[C@@H](CCN)C(=O)N[C@@H](CCN)C(=O)N[C@@H](CCN)C(=O)N[C@@H](CCN)C(N)=O)C4CCCCC43)C3CCCCC32)C2CCCCC21,5.167491087293763,BacillusAnthracis
52946991,CC(C)C[C@H](NC(=O)[C@@H](N)CCCCN)C(=O)N1Cc2ccccc2C[C@H]1C(=O)N1C[C@@H](C(=O)N[C@@H](CCCCN)C(=O)N2Cc3ccccc3C[C@H]2C(=O)N2C[C@@H](C(=O)N[C@@H](Cc3ccccc3)C(=O)N3Cc4ccccc4C[C@H]3C(=O)N3C[C@@H](C(=O)N[C@@H](CCCCN)C(=O)N4Cc5ccccc5C[C@H]4C(=O)N4C[C@@H](C(=O)N[C@@H](Cc5ccccc5)C(=O)N5Cc6ccccc6C[C@H]5C(=O)N5C[C@@H](C(=O)N[C@@H](CCCCN)C(=O)N6Cc7ccccc7C[C@H]6C(=O)N6C[C@@H](C(=O)N[C@@H](CCCCN)C(=O)N[C@@H](CCCCN)C(=O)N[C@@H](CCCCN)C(=O)N[C@@H](CCCCN)C(N)=O)C7CCCCC76)C6CCCCC65)C5CCCCC54)C4CCCCC43)C3CCCCC32)C2CCCCC21,3.823908740944319,BacillusAnthracis
52948192,CC(=O)N[C@@H](CCCCN)C(=O)N[C@@H](CCCCN)C(=O)N[C@@H](CCCCN)C(=O)N[C@@H](CCCCN)C(=O)NCC(=O)N[C@@H](Cc1ccccc1)C(=O)N1Cc2ccccc2C[C@H]1C(=O)N1C[C@@H](C(=O)NCC(=O)N[C@@H](CCCCN)C(=O)N2Cc3ccccc3C[C@H]2C(=O)N2C[C@@H](C(=O)NCC(=O)N[C@@H](Cc3ccccc3)C(=O)N3Cc4ccccc4C[C@H]3C(=O)N3C[C@@H](C(=O)NCC(=O)N[C@@H](CCCCN)C(=O)N4Cc5ccccc5C[C@H]4C(N)=O)C4CCCCC43)C3CCCCC32)C2CCCCC21,6.3979400086720375,BacillusAnthracis
52948193,CC(=O)NCC(=O)N[C@@H](Cc1ccccc1)C(=O)N1C[C@@H](C(=O)N2C[C@H](C(=O)NCC(=O)N[C@@H](CCCCN)C(=O)N3C[C@@H](C(=O)N4C[C@@H](C(=O)NCC(=O)N[C@@H](Cc5ccccc5)C(=O)N5C[C@@H](C(=O)N6C[C@@H](C(=O)NCC(=O)N[C@@H](CCCCN)C(=O)N7Cc8ccccc8C[C@H]7C(=O)N[C@@H](CCCCN)C(=O)N[C@@H](CCCCN)C(=O)N[C@@H](CCCCN)C(=O)N[C@@H](CCCCN)C(N)=O)C7CCCCC76)C6CCCCC65)C5CCCCC54)C4CCCCC43)C3CCCCC32)C2CCCCC21,4.585026652029182,BacillusAnthracis
52948956,CC(=O)NCC(=O)N[C@@H](Cc1ccccc1)C(=O)N1Cc2ccccc2C[C@H]1C(=O)N1C[C@@H](C(=O)NCC(=O)N[C@@H](CCCN)C(=O)N2Cc3ccccc3C[C@H]2C(=O)N2C[C@@H](C(=O)NCC(=O)N[C@@H](Cc3ccccc3)C(=O)N3Cc4ccccc4C[C@H]3C(=O)N3C[C@@H](C(=O)NCC(=O)N[C@@H](CCCN)C(=O)N4Cc5ccccc5C[C@H]4C(=O)N[C@@H](CCCN)C(=O)N[C@@H](CCCN)C(=O)N[C@@H](CCCN)C(=O)N[C@@H](CCCN)C(N)=O)C4CCCCC43)C3CCCCC32)C2CCCCC21,6.086186147616283,BacillusAnthracis
52948957,CC(=O)NCC(=O)N[C@@H](Cc1ccccc1)C(=O)N1Cc2ccccc2C[C@H]1C(=O)N1C[C@@H](C(=O)NCC(=O)N[C@@H](CCCCN)C(=O)N2Cc3ccccc3C[C@H]2C(=O)N2C[C@@H](C(=O)NCC(=O)N[C@@H](Cc3ccccc3)C(=O)N3Cc4ccccc4C[C@H]3C(=O)N3C[C@@H](C(=O)NCC(=O)N[C@@H](CCCCN)C(=O)N4Cc5ccccc5C[C@H]4C(=O)N[C@@H](CCCCN)C(=O)N[C@@H](CCCCN)C(=O)N[C@@H](CCCCN)C(N)=O)C4CCCCC43)C3CCCCC32)C2CCCCC21,4.568636235841013,BacillusAnthracis
73345354,CC(C)C[C@H](NC(=O)[C@@H](N)CCCCN)C(=O)N1Cc2ccccc2C[C@H]1C(=O)N1C[C@@H](C(=O)NCC(=O)N[C@@H](CCCCN)C(=O)N2Cc3ccccc3C[C@H]2C(=O)N2C[C@@H](C(=O)N[C@@H](Cc3ccccc3)C(=O)N3Cc4ccccc4C[C@H]3C(=O)N3C[C@@H](C(=O)NCC(=O)N[C@@H](CCCCN)C(=O)N4Cc5ccccc5C[C@H]4C(=O)N4C[C@@H](C(=O)N[C@@H](Cc5ccccc5)C(=O)N5Cc6ccccc6C[C@H]5C(=O)N5C[C@@H](C(=O)NCC(=O)N[C@@H](CCCCN)C(=O)N6Cc7ccccc7C[C@H]6C(=O)N6C[C@@H](C(=O)N[C@@H](CCCCN)C(=O)N[C@@H](CCCCN)C(=O)N[C@@H](CCCCN)C(=O)N[C@@H](CCCCN)C(N)=O)C7CCCCC76)C6CCCCC65)C5CCCCC54)C4CCCCC43)C3CCCCC32)C2CCCCC21,5.047207556955908,BacillusAnthracis
73345444,CC(=O)NCC(=O)N[C@@H](Cc1ccccc1)C(=O)N1Cc2ccccc2C[C@H]1C(=O)N1CC2CCCCC2[C@H]1C(=O)NCC(=O)N[C@@H](CCCCN)C(=O)N1Cc2ccccc2C[C@H]1C(=O)N1CC2CCCCC2[C@H]1C(=O)NCC(=O)N[C@@H](Cc1ccccc1)C(=O)N1Cc2ccccc2C[C@H]1C(=O)N1CC2CCCCC2[C@H]1C(=O)NCC(=O)N[C@@H](CCCCN)C(=O)N1Cc2ccccc2C[C@H]1C(=O)N[C@@H](CCCCN)C(=O)N[C@@H](CCCCN)C(=O)N[C@@H](CCCCN)C(=O)N[C@@H](CCCCN)C(N)=O,4.892790030352131,BacillusAnthracis
73350225,CC(=O)NCC(=O)N[C@@H](Cc1ccccc1)C(=O)N[C@@H](Cc1ccccc1)C(=O)N1CC2CCCCC2[C@H]1C(=O)NCC(=O)N[C@@H](CCCCN)C(=O)N[C@@H](Cc1ccccc1)C(=O)N1CC2CCCCC2[C@H]1C(=O)NCC(=O)N[C@@H](Cc1ccccc1)C(=O)N[C@@H](Cc1ccccc1)C(=O)N1CC2CCCCC2[C@@H]1CC(=O)N[C@@H](CCCCN)C(=O)N[C@@H](Cc1ccccc1)C(=O)NC(CCCCN)C(=O)N[C@@H](CCCCN)C(=O)N[C@H](CCCCN)C(=O)N[C@@H](CCCCN)C(N)=O,6.698970004336019,BacillusAnthracis
73352926,CC(=O)NCCCC(=O)N[C@@H](Cc1ccccc1)C(=O)N1Cc2ccccc2C[C@H]1C(=O)N1C[C@@H](C(=O)NCCCC(=O)N[C@@H](CCCCN)C(=O)N2Cc3ccccc3C[C@H]2C(=O)N2C[C@@H](C(=O)NCCCC(=O)N[C@@H](Cc3ccccc3)C(=O)N3Cc4ccccc4C[C@H]3C(=O)N3C[C@@H](C(=O)NCCCC(=O)N[C@@H](CCCCN)C(=O)N4Cc5ccccc5C[C@H]4C(=O)N[C@@H](CCCCN)C(=O)N[C@@H](CCCCN)C(=O)N[C@@H](CCCCN)C(=O)N[C@@H](CCCCN)C(N)=O)C4CCCCC43)C3CCCCC32)C2CCCCC21,4.903089986991944,BacillusAnthracis
73353211,CC(=O)N[C@@H](Cc1ccccc1)C(=O)N1Cc2ccccc2C[C@H]1C(=O)N1CC2CCCCC2[C@H]1C(=O)N[C@@H](CCCCN)C(=O)N1Cc2ccccc2C[C@H]1C(=O)N1CC2CCCCC2[C@H]1C(=O)N[C@@H](Cc1ccccc1)C(=O)N1Cc2ccccc2C[C@H]1C(=O)N1CC2CCCCC2[C@H]1C(=O)N[C@@H](CCCCN)C(=O)N1Cc2ccccc2C[C@H]1C(=O)N[C@@H](CCCCN)C(=O)N[C@@H](CCCCN)C(=O)N[C@@H](CCCCN)C(=O)N[C@@H](CCCCN)C(=O)N[C@@H](CCCCN)C(=O)N[C@@H](CCCCN)C(N)=O,6.1249387366083,BacillusAnthracis
73353213,CC(=O)NCC(=O)N[C@@H](Cc1ccc(F)cc1)C(=O)N1Cc2ccccc2C[C@H]1C(=O)N1CC2CCCCC2[C@H]1C(=O)NCC(=O)N[C@@H](CCCCN)C(=O)N1Cc2ccccc2C[C@H]1C(=O)N1CC2CCCCC2[C@H]1C(=O)NCC(=O)N[C@@H](Cc1ccc(F)cc1)C(=O)N1Cc2ccccc2C[C@H]1C(=O)N1CC2CCCCC2[C@H]1C(=O)NCC(=O)N[C@@H](CCCCN)C(=O)N1Cc2ccccc2C[C@H]1C(=O)N[C@@H](CCCCN)C(=O)N[C@@H](CCCCN)C(=O)N[C@@H](CCCCN)C(=O)N[C@@H](CCCCN)C(N)=O,4.8996294548824375,BacillusAnthracis
73356101,CC(=O)NCC(=O)N[C@@H](Cc1ccccc1)C(=O)N1Cc2ccccc2C[C@H]1C(=O)N1CC2CCCCC2[C@H]1C(=O)NCC(=O)N[C@@H](CN)C(=O)N1Cc2ccccc2C[C@H]1C(=O)N1CC2CCCCC2[C@H]1C(=O)NCC(=O)N[C@@H](Cc1ccccc1)C(=O)N1Cc2ccccc2C[C@H]1C(=O)N1CC2CCCCC2[C@H]1C(=O)NCC(=O)N[C@@H](CN)C(=O)N1Cc2ccccc2C[C@H]1C(=O)N[C@@H](CN)C(=O)N[C@@H](CN)C(=O)N[C@@H](CN)C(=O)N[C@@H](CN)C(N)=O,4.8297382846050425,BacillusAnthracis
76313497,CC(=O)NCCCCCC(=O)N[C@@H](Cc1ccccc1)C(=O)N1Cc2ccccc2C[C@H]1C(=O)N1CC2CCCCC2[C@H]1C(=O)NCCCCCC(=O)N[C@@H](CCCCN)C(=O)N1Cc2ccccc2C[C@H]1C(=O)N1CC2CCCCC2[C@H]1C(=O)NCCCCCC(=O)N[C@@H](Cc1ccccc1)C(=O)N1Cc2ccccc2C[C@H]1C(=O)N1CC2CCCCC2[C@H]1C(=O)NCCCCCC(=O)N[C@@H](CCCCN)C(=O)N1Cc2ccccc2C[C@H]1C(=O)N[C@@H](CCCCN)C(=O)N[C@@H](CCCCN)C(=O)N[C@@H](CCCCN)C(=O)N[C@@H](CCCCN)C(N)=O,5.823908740944319,BacillusAnthracis
76327938,CC(=O)NCCC(=O)N[C@@H](Cc1ccc(F)cc1)C(=O)N1Cc2ccccc2C[C@H]1C(=O)N1CC2CCCCC2[C@H]1C(=O)NCCC(=O)N[C@@H](CN)C(=O)N1Cc2ccccc2C[C@H]1C(=O)N1CC2CCCCC2[C@H]1C(=O)NCCC(=O)N[C@@H](Cc1ccc(F)cc1)C(=O)N1Cc2ccccc2C[C@H]1C(=O)N1CC2CCCCC2[C@H]1C(=O)NCCC(=O)N[C@@H](CN)C(=O)N1Cc2ccccc2C[C@H]1C(=O)N[C@@H](CN)C(=O)N[C@@H](CN)C(=O)N[C@@H](CN)C(=O)N[C@@H](CN)C(N)=O,5.167491087293763,BacillusAnthracis
6918218,Cc1oc(=O)oc1COC(=O)C1=C([C@H]2CCCO2)S[C@@H]2[C@@H]([C@@H](C)O)C(=O)N12,4.911707947820163,BacillusAnthracis
6918218,Cc1oc(=O)oc1COC(=O)C1=C([C@H]2CCCO2)S[C@@H]2[C@@H]([C@@H](C)O)C(=O)N12,4.245130517878288,BacillusAnthracis
6918218,Cc1oc(=O)oc1COC(=O)C1=C([C@H]2CCCO2)S[C@@H]2[C@@H]([C@@H](C)O)C(=O)N12,4.376522248083727,BacillusAnthracis
6918218,Cc1oc(=O)oc1COC(=O)C1=C([C@H]2CCCO2)S[C@@H]2[C@@H]([C@@H](C)O)C(=O)N12,3.747370239208061,BacillusAnthracis
6918218,Cc1oc(=O)oc1COC(=O)C1=C([C@H]2CCCO2)S[C@@H]2[C@@H]([C@@H](C)O)C(=O)N12,3.2300226100735143,BacillusAnthracis
6918218,Cc1oc(=O)oc1COC(=O)C1=C([C@H]2CCCO2)S[C@@H]2[C@@H]([C@@H](C)O)C(=O)N12,4.24899048866251,BacillusAnthracis
52941404,NCCCCCCCCSC[C@H]1O[C@H]2O[C@H]3[C@H](O)[C@@H](O)[C@H](O[C@H]4[C@H](O)[C@@H](O)[C@H](O[C@H]5[C@H](O)[C@@H](O)[C@H](O[C@H]6[C@H](O)[C@@H](O)[C@H](O[C@H]7[C@H](O)[C@@H](O)[C@H](O[C@H]8[C@H](O)[C@@H](O)[C@H](O[C@H]1[C@H](O)[C@H]2O)O[C@@H]8CSCCCCCCCCN)O[C@@H]7CSCCCCCCCCN)O[C@@H]6CSCCCCCCCCN)O[C@@H]5CSCCCCCCCCN)O[C@@H]4CSCCCCCCCCN)O[C@@H]3CSCCCCCCCCN,6.522878745280337,BacillusAnthracis
52941405,NCc1cccc(CSC[C@H]2O[C@H]3O[C@H]4[C@H](O)[C@@H](O)[C@H](O[C@H]5[C@H](O)[C@@H](O)[C@H](O[C@H]6[C@H](O)[C@@H](O)[C@H](O[C@H]7[C@H](O)[C@@H](O)[C@H](O[C@H]8[C@H](O)[C@@H](O)[C@H](O[C@H]9[C@H](O)[C@@H](O)[C@H](O[C@H]2[C@H](O)[C@H]3O)O[C@@H]9CSCc2cccc(CN)c2)O[C@@H]8CSCc2cccc(CN)c2)O[C@@H]7CSCc2cccc(CN)c2)O[C@@H]6CSCc2cccc(CN)c2)O[C@@H]5CSCc2cccc(CN)c2)O[C@@H]4CSCc2cccc(CN)c2)c1,6.301029995663981,BacillusAnthracis
11579107,NCCCSC[C@H]1O[C@H]2O[C@H]3[C@H](O)[C@@H](O)[C@H](O[C@H]4[C@H](O)[C@@H](O)[C@H](O[C@H]5[C@H](O)[C@@H](O)[C@H](O[C@H]6[C@H](O)[C@@H](O)[C@H](O[C@H]7[C@H](O)[C@@H](O)[C@H](O[C@H]8[C@H](O)[C@@H](O)[C@H](O[C@H]1[C@H](O)[C@H]2O)O[C@@H]8CSCCCN)O[C@@H]7CSCCCN)O[C@@H]6CSCCCN)O[C@@H]5CSCCCN)O[C@@H]4CSCCCN)O[C@@H]3CSCCCN,5.537602002101044,BacillusAnthracis
52947485,NCc1ccc(CSC[C@H]2O[C@H]3O[C@H]4[C@H](O)[C@@H](O)[C@H](O[C@H]5[C@H](O)[C@@H](O)[C@H](O[C@H]6[C@H](O)[C@@H](O)[C@H](O[C@H]7[C@H](O)[C@@H](O)[C@H](O[C@H]8[C@H](O)[C@@H](O)[C@H](O[C@H]9[C@H](O)[C@@H](O)[C@H](O[C@H]2[C@H](O)[C@H]3O)O[C@@H]9CSCc2ccc(CN)cc2)O[C@@H]8CSCc2ccc(CN)cc2)O[C@@H]7CSCc2ccc(CN)cc2)O[C@@H]6CSCc2ccc(CN)cc2)O[C@@H]5CSCc2ccc(CN)cc2)O[C@@H]4CSCc2ccc(CN)cc2)cc1,6.154901959985743,BacillusAnthracis
5578,COc1cc(Cc2cnc(N)nc2N)cc(OC)c1OC,4.617982957425132,BacillusAnthracis
5578,COc1cc(Cc2cnc(N)nc2N)cc(OC)c1OC,4.146301788223826,BacillusAnthracis
16110337,COc1cc(CC#Cc2c(C)nc(N)nc2N)cc(OC)c1OC,5.903089986991944,BacillusAnthracis
16110337,COc1cc(CC#Cc2c(C)nc(N)nc2N)cc(OC)c1OC,5.431798275933005,BacillusAnthracis
16110326,COc1cc(C(C)C#Cc2c(C)nc(N)nc2N)cc(OC)c1OC,4.991399828238082,BacillusAnthracis
16110326,COc1cc(C(C)C#Cc2c(C)nc(N)nc2N)cc(OC)c1OC,4.518557371497695,BacillusAnthracis
16110328,COc1cc(C(O)C#Cc2c(C)nc(N)nc2N)cc(OC)c1OC,5.31069114087638,BacillusAnthracis
16110328,COc1cc(C(O)C#Cc2c(C)nc(N)nc2N)cc(OC)c1OC,4.838631997765025,BacillusAnthracis
16110341,COc1cc(C(C#Cc2c(C)nc(N)nc2N)OC)cc(OC)c1OC,5.008330992620052,BacillusAnthracis
16110341,COc1cc(C(C#Cc2c(C)nc(N)nc2N)OC)cc(OC)c1OC,4.536107011014093,BacillusAnthracis
25093361,COc1cc(-c2ccccc2)cc(C(C)C#Cc2c(C)nc(N)nc2N)c1,5.575118363368933,BacillusAnthracis
25093361,COc1cc(-c2ccccc2)cc(C(C)C#Cc2c(C)nc(N)nc2N)c1,5.102372908709558,BacillusAnthracis
25093365,COc1cc(C(C)C#Cc2c(C)nc(N)nc2N)ccc1-c1ccccc1,5.234331445240986,BacillusAnthracis
25093365,COc1cc(C(C)C#Cc2c(C)nc(N)nc2N)ccc1-c1ccccc1,4.761953896871205,BacillusAnthracis
25138223,COc1ccc(OC)c(CC#Cc2c(C)nc(N)nc2N)c1,6.443697499232712,BacillusAnthracis
25138223,COc1ccc(OC)c(CC#Cc2c(C)nc(N)nc2N)c1,5.97469413473523,BacillusAnthracis
25058133,CCc1nc(N)nc(N)c1C#CCc1cc(OC)ccc1OC,6.522878745280337,BacillusAnthracis
25058133,CCc1nc(N)nc(N)c1C#CCc1cc(OC)ccc1OC,6.050609993355088,BacillusAnthracis
25138225,CCc1nc(N)nc(N)c1C#CCc1cc(OC)c(OC)c(OC)c1,6.494850021680094,BacillusAnthracis
25138225,CCc1nc(N)nc(N)c1C#CCc1cc(OC)c(OC)c(OC)c1,6.025949097207123,BacillusAnthracis
25187895,CCC(C#Cc1c(C)nc(N)nc1N)c1cc(OC)c(OC)c(OC)c1,5.4723700991286615,BacillusAnthracis
25187895,CCC(C#Cc1c(C)nc(N)nc1N)c1cc(OC)c(OC)c(OC)c1,5.0,BacillusAnthracis
25187896,COc1cc(C(C)(C)C#Cc2c(C)nc(N)nc2N)cc(OC)c1OC,5.368556230986828,BacillusAnthracis
25187896,COc1cc(C(C)(C)C#Cc2c(C)nc(N)nc2N)cc(OC)c1OC,4.896196279044043,BacillusAnthracis
49788717,CCc1nc(N)nc(N)c1C#CCc1cc(OC)ccc1-c1ccccc1,5.586700235918748,BacillusAnthracis
49788717,CCc1nc(N)nc(N)c1C#CCc1cc(OC)ccc1-c1ccccc1,5.113509274827518,BacillusAnthracis
52943277,COc1cc(-c2ccccc2)ccc1C(C)C#Cc1c(C)nc(N)nc1N,4.931814138253839,BacillusAnthracis
52943277,COc1cc(-c2ccccc2)ccc1C(C)C#Cc1c(C)nc(N)nc1N,4.459670525209126,BacillusAnthracis
52944456,COc1cc(C(C)C#Cc2c(C)nc(N)nc2N)c(OC)cc1-c1ccccc1,5.287350298372789,BacillusAnthracis
52944456,COc1cc(C(C)C#Cc2c(C)nc(N)nc2N)c(OC)cc1-c1ccccc1,4.815308569182402,BacillusAnthracis
49788718,CCc1nc(N)nc(N)c1C#CCc1cc(OC)cc(-c2ccccc2)c1,6.481486060122113,BacillusAnthracis
49788718,CCc1nc(N)nc(N)c1C#CCc1cc(OC)cc(-c2ccccc2)c1,6.011887159731648,BacillusAnthracis
52948202,CCc1nc(N)nc(N)c1C#CCc1cccc(-c2ccccc2)c1,6.431798275933005,BacillusAnthracis
52948202,CCc1nc(N)nc(N)c1C#CCc1cccc(-c2ccccc2)c1,5.958607314841775,BacillusAnthracis
52949513,CCc1nc(N)nc(N)c1C#CCc1cc(-c2ccccc2)ccc1OC,5.91721462968355,BacillusAnthracis
52949513,CCc1nc(N)nc(N)c1C#CCc1cc(-c2ccccc2)ccc1OC,5.443697499232713,BacillusAnthracis
5578,COc1cc(Cc2cnc(N)nc2N)cc(OC)c1OC,5.239577516576788,BacillusAnthracis
5578,COc1cc(Cc2cnc(N)nc2N)cc(OC)c1OC,4.863279432843593,BacillusAnthracis
16110337,COc1cc(CC#Cc2c(C)nc(N)nc2N)cc(OC)c1OC,5.939302159646388,BacillusAnthracis
16110337,COc1cc(CC#Cc2c(C)nc(N)nc2N)cc(OC)c1OC,6.301029995663981,BacillusAnthracis
16110326,COc1cc(C(C)C#Cc2c(C)nc(N)nc2N)cc(OC)c1OC,4.467245621007502,BacillusAnthracis
16110326,COc1cc(C(C)C#Cc2c(C)nc(N)nc2N)cc(OC)c1OC,4.8297382846050425,BacillusAnthracis
16110328,COc1cc(C(O)C#Cc2c(C)nc(N)nc2N)cc(OC)c1OC,5.357535479757878,BacillusAnthracis
16110328,COc1cc(C(O)C#Cc2c(C)nc(N)nc2N)cc(OC)c1OC,5.718966632752273,BacillusAnthracis
16110341,COc1cc(C(C#Cc2c(C)nc(N)nc2N)OC)cc(OC)c1OC,5.197226274708024,BacillusAnthracis
16110341,COc1cc(C(C#Cc2c(C)nc(N)nc2N)OC)cc(OC)c1OC,5.559090917934783,BacillusAnthracis
25093361,COc1cc(-c2ccccc2)cc(C(C)C#Cc2c(C)nc(N)nc2N)c1,5.958607314841775,BacillusAnthracis
25093361,COc1cc(-c2ccccc2)cc(C(C)C#Cc2c(C)nc(N)nc2N)c1,6.3223930472795065,BacillusAnthracis
25093365,COc1cc(C(C)C#Cc2c(C)nc(N)nc2N)ccc1-c1ccccc1,5.036212172654444,BacillusAnthracis
25093365,COc1cc(C(C)C#Cc2c(C)nc(N)nc2N)ccc1-c1ccccc1,5.3979400086720375,BacillusAnthracis
25138223,COc1ccc(OC)c(CC#Cc2c(C)nc(N)nc2N)c1,5.345823458122039,BacillusAnthracis
25138223,COc1ccc(OC)c(CC#Cc2c(C)nc(N)nc2N)c1,5.707743928643524,BacillusAnthracis
25058133,CCc1nc(N)nc(N)c1C#CCc1cc(OC)ccc1OC,5.050609993355087,BacillusAnthracis
25058133,CCc1nc(N)nc(N)c1C#CCc1cc(OC)ccc1OC,4.688246138944246,BacillusAnthracis
25138225,CCc1nc(N)nc(N)c1C#CCc1cc(OC)c(OC)c(OC)c1,5.924453038607469,BacillusAnthracis
25138225,CCc1nc(N)nc(N)c1C#CCc1cc(OC)c(OC)c(OC)c1,6.2839966563652006,BacillusAnthracis
25187895,CCC(C#Cc1c(C)nc(N)nc1N)c1cc(OC)c(OC)c(OC)c1,5.407823242604133,BacillusAnthracis
25187895,CCC(C#Cc1c(C)nc(N)nc1N)c1cc(OC)c(OC)c(OC)c1,5.769551078621726,BacillusAnthracis
25187896,COc1cc(C(C)(C)C#Cc2c(C)nc(N)nc2N)cc(OC)c1OC,5.317854923626168,BacillusAnthracis
25187896,COc1cc(C(C)(C)C#Cc2c(C)nc(N)nc2N)cc(OC)c1OC,5.679853713888946,BacillusAnthracis
49788717,CCc1nc(N)nc(N)c1C#CCc1cc(OC)ccc1-c1ccccc1,5.982966660701219,BacillusAnthracis
49788717,CCc1nc(N)nc(N)c1C#CCc1cc(OC)ccc1-c1ccccc1,6.346787486224656,BacillusAnthracis
52943277,COc1cc(-c2ccccc2)ccc1C(C)C#Cc1c(C)nc(N)nc1N,5.345823458122039,BacillusAnthracis
52943277,COc1cc(-c2ccccc2)ccc1C(C)C#Cc1c(C)nc(N)nc1N,4.982966660701219,BacillusAnthracis
52944456,COc1cc(C(C)C#Cc2c(C)nc(N)nc2N)c(OC)cc1-c1ccccc1,5.123782159408358,BacillusAnthracis
52944456,COc1cc(C(C)C#Cc2c(C)nc(N)nc2N)c(OC)cc1-c1ccccc1,5.485452247339714,BacillusAnthracis
49788718,CCc1nc(N)nc(N)c1C#CCc1cc(OC)cc(-c2ccccc2)c1,6.309803919971486,BacillusAnthracis
49788718,CCc1nc(N)nc(N)c1C#CCc1cc(OC)cc(-c2ccccc2)c1,6.671620396561262,BacillusAnthracis
52948202,CCc1nc(N)nc(N)c1C#CCc1cccc(-c2ccccc2)c1,5.882728704344236,BacillusAnthracis
52948202,CCc1nc(N)nc(N)c1C#CCc1cccc(-c2ccccc2)c1,6.2441251443275085,BacillusAnthracis
52949513,CCc1nc(N)nc(N)c1C#CCc1cc(-c2ccccc2)ccc1OC,5.769551078621726,BacillusAnthracis
52949513,CCc1nc(N)nc(N)c1C#CCc1cc(-c2ccccc2)ccc1OC,6.130768280269024,BacillusAnthracis
5578,COc1cc(Cc2cnc(N)nc2N)cc(OC)c1OC,6.318758762624412,BacillusAnthracis
5578,COc1cc(Cc2cnc(N)nc2N)cc(OC)c1OC,5.422508200162775,BacillusAnthracis
16110337,COc1cc(CC#Cc2c(C)nc(N)nc2N)cc(OC)c1OC,7.309803919971486,BacillusAnthracis
16110337,COc1cc(CC#Cc2c(C)nc(N)nc2N)cc(OC)c1OC,6.410050398674293,BacillusAnthracis
16110326,COc1cc(C(C)C#Cc2c(C)nc(N)nc2N)cc(OC)c1OC,6.769551078621726,BacillusAnthracis
16110326,COc1cc(C(C)C#Cc2c(C)nc(N)nc2N)cc(OC)c1OC,5.876148359032914,BacillusAnthracis
16110328,COc1cc(C(O)C#Cc2c(C)nc(N)nc2N)cc(OC)c1OC,6.4089353929735005,BacillusAnthracis
16110328,COc1cc(C(O)C#Cc2c(C)nc(N)nc2N)cc(OC)c1OC,5.512861624522814,BacillusAnthracis
16110341,COc1cc(C(C#Cc2c(C)nc(N)nc2N)OC)cc(OC)c1OC,5.698970004336019,BacillusAnthracis
16110341,COc1cc(C(C#Cc2c(C)nc(N)nc2N)OC)cc(OC)c1OC,4.801342913045578,BacillusAnthracis
25093361,COc1cc(-c2ccccc2)cc(C(C)C#Cc2c(C)nc(N)nc2N)c1,5.987162775294828,BacillusAnthracis
25093361,COc1cc(-c2ccccc2)cc(C(C)C#Cc2c(C)nc(N)nc2N)c1,5.092051478387727,BacillusAnthracis
25093365,COc1cc(C(C)C#Cc2c(C)nc(N)nc2N)ccc1-c1ccccc1,5.795880017344075,BacillusAnthracis
25093365,COc1cc(C(C)C#Cc2c(C)nc(N)nc2N)ccc1-c1ccccc1,4.8996294548824375,BacillusAnthracis
25138223,COc1ccc(OC)c(CC#Cc2c(C)nc(N)nc2N)c1,6.698970004336019,BacillusAnthracis
25138223,COc1ccc(OC)c(CC#Cc2c(C)nc(N)nc2N)c1,5.795880017344075,BacillusAnthracis
25058133,CCc1nc(N)nc(N)c1C#CCc1cc(OC)ccc1OC,6.161150909262744,BacillusAnthracis
25058133,CCc1nc(N)nc(N)c1C#CCc1cc(OC)ccc1OC,5.262012673666569,BacillusAnthracis
25138225,CCc1nc(N)nc(N)c1C#CCc1cc(OC)c(OC)c(OC)c1,7.1938200260161125,BacillusAnthracis
25138225,CCc1nc(N)nc(N)c1C#CCc1cc(OC)c(OC)c(OC)c1,6.29929628285498,BacillusAnthracis
25187895,CCC(C#Cc1c(C)nc(N)nc1N)c1cc(OC)c(OC)c(OC)c1,5.924453038607469,BacillusAnthracis
25187895,CCC(C#Cc1c(C)nc(N)nc1N)c1cc(OC)c(OC)c(OC)c1,5.026872146400302,BacillusAnthracis
25187896,COc1cc(C(C)(C)C#Cc2c(C)nc(N)nc2N)cc(OC)c1OC,5.531652669587842,BacillusAnthracis
25187896,COc1cc(C(C)(C)C#Cc2c(C)nc(N)nc2N)cc(OC)c1OC,4.634512015109101,BacillusAnthracis
49788717,CCc1nc(N)nc(N)c1C#CCc1cc(OC)ccc1-c1ccccc1,6.366531544420414,BacillusAnthracis
49788717,CCc1nc(N)nc(N)c1C#CCc1cc(OC)ccc1-c1ccccc1,5.468521082957745,BacillusAnthracis
52943277,COc1cc(-c2ccccc2)ccc1C(C)C#Cc1c(C)nc(N)nc1N,5.785156151952302,BacillusAnthracis
52943277,COc1cc(-c2ccccc2)ccc1C(C)C#Cc1c(C)nc(N)nc1N,4.889410289700751,BacillusAnthracis
52944456,COc1cc(C(C)C#Cc2c(C)nc(N)nc2N)c(OC)cc1-c1ccccc1,5.73754891026957,BacillusAnthracis
52944456,COc1cc(C(C)C#Cc2c(C)nc(N)nc2N)c(OC)cc1-c1ccccc1,4.841637507904751,BacillusAnthracis
49788718,CCc1nc(N)nc(N)c1C#CCc1cc(OC)cc(-c2ccccc2)c1,7.013228265733755,BacillusAnthracis
49788718,CCc1nc(N)nc(N)c1C#CCc1cc(OC)cc(-c2ccccc2)c1,6.116338564846383,BacillusAnthracis
52948202,CCc1nc(N)nc(N)c1C#CCc1cccc(-c2ccccc2)c1,7.080921907623926,BacillusAnthracis
52948202,CCc1nc(N)nc(N)c1C#CCc1cccc(-c2ccccc2)c1,6.183758700008217,BacillusAnthracis
52949513,CCc1nc(N)nc(N)c1C#CCc1cc(-c2ccccc2)ccc1OC,6.638272163982407,BacillusAnthracis
52949513,CCc1nc(N)nc(N)c1C#CCc1cc(-c2ccccc2)ccc1OC,5.749579997691106,BacillusAnthracis
52940940,CO[C@H](C[C@H](CCN1CCCC1)C(=O)NO)c1ccc(F)cc1,6.913640169325252,BacillusAnthracis
52941619,Cc1cc(NC(=O)NCCCC[C@@H](Nc2cc(C)c(F)c(C)c2)C(=O)NO)ccc1F,8.031517051446064,BacillusAnthracis
52941676,COc1ccc(CNCCCC[C@@H](Nc2cc(C)c(F)c(C)c2)C(=O)NO)cc1,9.356547323513812,BacillusAnthracis
52942110,Cc1cc(C(=O)NCCCC[C@@H](Nc2cc(C)c(F)c(C)c2)C(=O)NO)ccc1F,8.136677139879545,BacillusAnthracis
52942118,Cc1cc(S(=O)(=O)NCCCC[C@@H](Nc2cc(C)c(F)c(C)c2)C(=O)NO)ccc1F,8.508638306165727,BacillusAnthracis
52942165,Cc1cc(N[C@H](CCCCNCc2ccc([N+](=O)[O-])cc2)C(=O)NO)cc(C)c1F,9.522878745280336,BacillusAnthracis
52943189,Cc1cc(N[C@H](CCCCN)C(=O)NO)cc(C)c1F,8.086186147616283,BacillusAnthracis
25134297,CO[C@H](C[C@H](CCN(C)CCCc1ccc(F)c(C)c1)C(=O)NO)c1ccc(F)cc1,7.958607314841775,BacillusAnthracis
52944453,CO[C@H](C[C@H](CCN1CCOCC1)C(=O)NO)c1ccc(F)cc1,6.455931955649724,BacillusAnthracis
52944538,CO[C@H](C[C@H](CCN1CCCC(Cc2ccc(F)cc2)C1)C(=O)NO)c1ccc(F)cc1,7.481486060122113,BacillusAnthracis
52944559,Cc1cc(N[C@H](CCCCNCc2ccc(C(C)(C)C)cc2)C(=O)NO)cc(C)c1F,8.853871964321762,BacillusAnthracis
52945702,CO[C@H](C[C@H](CCN1CCCC(CO)C1)C(=O)NO)c1ccc(F)cc1,7.00436480540245,BacillusAnthracis
52945720,CO[C@H](C[C@H](CCN1CCN(CCc2ccccc2)CC1)C(=O)NO)c1ccc(F)cc1,6.928117992693875,BacillusAnthracis
52945792,CO[C@H](C[C@H](CCN(C)C)C(=O)NO)c1ccc(F)cc1,7.017728766960432,BacillusAnthracis
52945883,Cc1cc(N[C@H](CCCCNCc2cccc(F)c2)C(=O)NO)cc(C)c1F,9.070581074285707,BacillusAnthracis
52945891,Cc1cc(N[C@H](CCCCNCc2ccc(C(F)(F)F)cc2)C(=O)NO)cc(C)c1F,9.327902142064282,BacillusAnthracis
52945924,Cc1cc(N[C@H](CCCCNCc2ccccc2F)C(=O)NO)cc(C)c1F,9.161150909262744,BacillusAnthracis
52945932,Cc1ccc(CNCCCC[C@@H](Nc2cc(C)c(F)c(C)c2)C(=O)NO)cc1,9.387216143280265,BacillusAnthracis
52946540,CO[C@H](C[C@H](CCN1CCN(Cc2ccccc2)CC1)C(=O)NO)c1ccc(F)cc1,6.939302159646388,BacillusAnthracis
52946921,CO[C@H](C[C@H](CCN1CCN(c2ccccc2)CC1)C(=O)NO)c1ccc(F)cc1,6.82102305270683,BacillusAnthracis
52946940,CO[C@H](C[C@H](CCN(C)Cc1ccc(-c2ccc(F)c(C)c2)cc1)C(=O)NO)c1ccc(F)cc1,6.869666231504994,BacillusAnthracis
25007684,Cc1cc(CNCCCC[C@@H](Nc2cc(C)c(F)c(C)c2)C(=O)NO)ccc1F,10.30102999566398,BacillusAnthracis
52947005,CO[C@H](C[C@H](CCN1CCCCC1)C(=O)NO)c1ccc(F)cc1,6.638272163982407,BacillusAnthracis
24871537,Cc1cc(N[C@H](CCCCNCc2ccc(F)cc2)C(=O)NO)cc(C)c1F,9.619788758288394,BacillusAnthracis
52948143,CO[C@H](C[C@H](CCN(C)CCCc1ccccc1)C(=O)NO)c1ccc(F)cc1,7.376750709602099,BacillusAnthracis
52948249,Cc1cc(N[C@H](CCCCNCCc2ccc(F)cc2)C(=O)NO)cc(C)c1F,8.67778070526608,BacillusAnthracis
52949469,CO[C@H](C[C@H](CCN1CCNCC1)C(=O)NO)c1ccc(F)cc1,7.045757490560675,BacillusAnthracis
52949512,Cc1cc(N[C@H](CCCCNCCCc2ccc(F)cc2)C(=O)NO)cc(C)c1F,8.886056647693163,BacillusAnthracis
52949570,Cc1cc(N[C@H](CCCCNCc2ccc(Cl)cc2)C(=O)NO)cc(C)c1F,8.958607314841775,BacillusAnthracis
9868368,C=C(F)c1sc(CNCCCNc2cc(=O)c3ccccc3[nH]2)c(C)c1Br,4.0,BacillusAnthracis
9868368,C=C(F)c1sc(CNCCCNc2cc(=O)c3ccccc3[nH]2)c(C)c1Br,4.275724130399211,BacillusAnthracis
9868368,C=C(F)c1sc(CNCCCNc2cc(=O)c3ccccc3[nH]2)c(C)c1Br,10.397940008672036,BacillusAnthracis
9868368,C=C(F)c1sc(CNCCCNc2cc(=O)c3ccccc3[nH]2)c(C)c1Br,10.221848749616356,BacillusAnthracis
9868368,C=C(F)c1sc(CNCCCNc2cc(=O)c3ccccc3[nH]2)c(C)c1Br,3.6020599913279625,BacillusAnthracis
9868368,C=C(F)c1sc(CNCCCNc2cc(=O)c3ccccc3[nH]2)c(C)c1Br,4.698970004336019,BacillusAnthracis
9868368,C=C(F)c1sc(CNCCCNc2cc(=O)c3ccccc3[nH]2)c(C)c1Br,4.698970004336019,BacillusAnthracis
9868368,C=C(F)c1sc(CNCCCNc2cc(=O)c3ccccc3[nH]2)c(C)c1Br,4.7447274948966935,BacillusAnthracis
9868368,C=C(F)c1sc(CNCCCNc2cc(=O)c3ccccc3[nH]2)c(C)c1Br,5.221848749616356,BacillusAnthracis
9868368,C=C(F)c1sc(CNCCCNc2cc(=O)c3ccccc3[nH]2)c(C)c1Br,3.3010299956639813,BacillusAnthracis
9868368,C=C(F)c1sc(CNCCCNc2cc(=O)c3ccccc3[nH]2)c(C)c1Br,3.289036881004724,BacillusAnthracis
9868368,C=C(F)c1sc(CNCCCNc2cc(=O)c3ccccc3[nH]2)c(C)c1Br,2.920818753952376,BacillusAnthracis
9868368,C=C(F)c1sc(CNCCCNc2cc(=O)c3ccccc3[nH]2)c(C)c1Br,4.070581074285707,BacillusAnthracis
9868368,C=C(F)c1sc(CNCCCNc2cc(=O)c3ccccc3[nH]2)c(C)c1Br,4.698970004336019,BacillusAnthracis
9868368,C=C(F)c1sc(CNCCCNc2cc(=O)c3ccccc3[nH]2)c(C)c1Br,3.744727494896694,BacillusAnthracis
9868368,C=C(F)c1sc(CNCCCNc2cc(=O)c3ccccc3[nH]2)c(C)c1Br,6.0,BacillusAnthracis
9868368,C=C(F)c1sc(CNCCCNc2cc(=O)c3ccccc3[nH]2)c(C)c1Br,3.2254830342714502,BacillusAnthracis
9868368,C=C(F)c1sc(CNCCCNc2cc(=O)c3ccccc3[nH]2)c(C)c1Br,2.943095148663528,BacillusAnthracis
9868368,C=C(F)c1sc(CNCCCNc2cc(=O)c3ccccc3[nH]2)c(C)c1Br,3.086186147616284,BacillusAnthracis
9868368,C=C(F)c1sc(CNCCCNc2cc(=O)c3ccccc3[nH]2)c(C)c1Br,3.1249387366083,BacillusAnthracis
9868368,C=C(F)c1sc(CNCCCNc2cc(=O)c3ccccc3[nH]2)c(C)c1Br,3.1870866433571443,BacillusAnthracis
9868368,C=C(F)c1sc(CNCCCNc2cc(=O)c3ccccc3[nH]2)c(C)c1Br,3.3010299956639813,BacillusAnthracis
9868368,C=C(F)c1sc(CNCCCNc2cc(=O)c3ccccc3[nH]2)c(C)c1Br,3.09151498112135,BacillusAnthracis
9868368,C=C(F)c1sc(CNCCCNc2cc(=O)c3ccccc3[nH]2)c(C)c1Br,2.7931741239681505,BacillusAnthracis
9868368,C=C(F)c1sc(CNCCCNc2cc(=O)c3ccccc3[nH]2)c(C)c1Br,2.65169513695184,BacillusAnthracis
9868368,C=C(F)c1sc(CNCCCNc2cc(=O)c3ccccc3[nH]2)c(C)c1Br,3.1163385648463824,BacillusAnthracis
9868368,C=C(F)c1sc(CNCCCNc2cc(=O)c3ccccc3[nH]2)c(C)c1Br,3.1191864077192086,BacillusAnthracis
9868368,C=C(F)c1sc(CNCCCNc2cc(=O)c3ccccc3[nH]2)c(C)c1Br,4.0,BacillusAnthracis
9868368,C=C(F)c1sc(CNCCCNc2cc(=O)c3ccccc3[nH]2)c(C)c1Br,3.657577319177794,BacillusAnthracis
9868368,C=C(F)c1sc(CNCCCNc2cc(=O)c3ccccc3[nH]2)c(C)c1Br,4.6020599913279625,BacillusAnthracis
9868368,C=C(F)c1sc(CNCCCNc2cc(=O)c3ccccc3[nH]2)c(C)c1Br,3.167491087293764,BacillusAnthracis
9868368,C=C(F)c1sc(CNCCCNc2cc(=O)c3ccccc3[nH]2)c(C)c1Br,3.853871964321762,BacillusAnthracis
9868368,C=C(F)c1sc(CNCCCNc2cc(=O)c3ccccc3[nH]2)c(C)c1Br,4.1249387366083,BacillusAnthracis
9868368,C=C(F)c1sc(CNCCCNc2cc(=O)c3ccccc3[nH]2)c(C)c1Br,4.698970004336019,BacillusAnthracis
9868368,C=C(F)c1sc(CNCCCNc2cc(=O)c3ccccc3[nH]2)c(C)c1Br,4.070581074285707,BacillusAnthracis
9868368,C=C(F)c1sc(CNCCCNc2cc(=O)c3ccccc3[nH]2)c(C)c1Br,3.6020599913279625,BacillusAnthracis
9868368,C=C(F)c1sc(CNCCCNc2cc(=O)c3ccccc3[nH]2)c(C)c1Br,3.4436974992327127,BacillusAnthracis
9868368,C=C(F)c1sc(CNCCCNc2cc(=O)c3ccccc3[nH]2)c(C)c1Br,2.9706162223147903,BacillusAnthracis
9868368,C=C(F)c1sc(CNCCCNc2cc(=O)c3ccccc3[nH]2)c(C)c1Br,10.096910013008056,BacillusAnthracis
9868368,C=C(F)c1sc(CNCCCNc2cc(=O)c3ccccc3[nH]2)c(C)c1Br,9.292429823902063,BacillusAnthracis
9868368,C=C(F)c1sc(CNCCCNc2cc(=O)c3ccccc3[nH]2)c(C)c1Br,9.958607314841776,BacillusAnthracis
9868368,C=C(F)c1sc(CNCCCNc2cc(=O)c3ccccc3[nH]2)c(C)c1Br,7.070581074285707,BacillusAnthracis
9868368,C=C(F)c1sc(CNCCCNc2cc(=O)c3ccccc3[nH]2)c(C)c1Br,7.823908740944319,BacillusAnthracis
9868368,C=C(F)c1sc(CNCCCNc2cc(=O)c3ccccc3[nH]2)c(C)c1Br,6.455931955649724,BacillusAnthracis
9868368,C=C(F)c1sc(CNCCCNc2cc(=O)c3ccccc3[nH]2)c(C)c1Br,7.221848749616356,BacillusAnthracis
9868368,C=C(F)c1sc(CNCCCNc2cc(=O)c3ccccc3[nH]2)c(C)c1Br,6.045757490560675,BacillusAnthracis
9868368,C=C(F)c1sc(CNCCCNc2cc(=O)c3ccccc3[nH]2)c(C)c1Br,5.769551078621726,BacillusAnthracis
9868368,C=C(F)c1sc(CNCCCNc2cc(=O)c3ccccc3[nH]2)c(C)c1Br,5.721246399047171,BacillusAnthracis
9868368,C=C(F)c1sc(CNCCCNc2cc(=O)c3ccccc3[nH]2)c(C)c1Br,5.886056647693163,BacillusAnthracis
9868368,C=C(F)c1sc(CNCCCNc2cc(=O)c3ccccc3[nH]2)c(C)c1Br,6.031517051446065,BacillusAnthracis
9868368,C=C(F)c1sc(CNCCCNc2cc(=O)c3ccccc3[nH]2)c(C)c1Br,5.6020599913279625,BacillusAnthracis
9868368,C=C(F)c1sc(CNCCCNc2cc(=O)c3ccccc3[nH]2)c(C)c1Br,5.494850021680094,BacillusAnthracis
9868368,C=C(F)c1sc(CNCCCNc2cc(=O)c3ccccc3[nH]2)c(C)c1Br,6.0,BacillusAnthracis
9868368,C=C(F)c1sc(CNCCCNc2cc(=O)c3ccccc3[nH]2)c(C)c1Br,6.309803919971486,BacillusAnthracis
9868368,C=C(F)c1sc(CNCCCNc2cc(=O)c3ccccc3[nH]2)c(C)c1Br,4.698970004336019,BacillusAnthracis
9868368,C=C(F)c1sc(CNCCCNc2cc(=O)c3ccccc3[nH]2)c(C)c1Br,4.698970004336019,BacillusAnthracis
9868368,C=C(F)c1sc(CNCCCNc2cc(=O)c3ccccc3[nH]2)c(C)c1Br,6.568636235841013,BacillusAnthracis
9868368,C=C(F)c1sc(CNCCCNc2cc(=O)c3ccccc3[nH]2)c(C)c1Br,5.0,BacillusAnthracis
9868368,C=C(F)c1sc(CNCCCNc2cc(=O)c3ccccc3[nH]2)c(C)c1Br,6.050609993355088,BacillusAnthracis
9868368,C=C(F)c1sc(CNCCCNc2cc(=O)c3ccccc3[nH]2)c(C)c1Br,6.346787486224656,BacillusAnthracis
9868368,C=C(F)c1sc(CNCCCNc2cc(=O)c3ccccc3[nH]2)c(C)c1Br,6.3872161432802645,BacillusAnthracis
9868368,C=C(F)c1sc(CNCCCNc2cc(=O)c3ccccc3[nH]2)c(C)c1Br,6.2441251443275085,BacillusAnthracis
9868368,C=C(F)c1sc(CNCCCNc2cc(=O)c3ccccc3[nH]2)c(C)c1Br,11.0,BacillusAnthracis
9868368,C=C(F)c1sc(CNCCCNc2cc(=O)c3ccccc3[nH]2)c(C)c1Br,10.259637310505756,BacillusAnthracis
9868368,C=C(F)c1sc(CNCCCNc2cc(=O)c3ccccc3[nH]2)c(C)c1Br,8.0,BacillusAnthracis
9868368,C=C(F)c1sc(CNCCCNc2cc(=O)c3ccccc3[nH]2)c(C)c1Br,7.638272163982407,BacillusAnthracis
9868368,C=C(F)c1sc(CNCCCNc2cc(=O)c3ccccc3[nH]2)c(C)c1Br,6.647817481888637,BacillusAnthracis
9868368,C=C(F)c1sc(CNCCCNc2cc(=O)c3ccccc3[nH]2)c(C)c1Br,5.301029995663981,BacillusAnthracis
9868368,C=C(F)c1sc(CNCCCNc2cc(=O)c3ccccc3[nH]2)c(C)c1Br,4.698970004336019,BacillusAnthracis
5578,COc1cc(Cc2cnc(N)nc2N)cc(OC)c1OC,4.113509274827518,BacillusAnthracis
5002,OCCOCCN1CCN(C2=Nc3ccccc3Sc3ccccc32)CC1,3.9913998282380825,BacillusAnthracis
126941,CN(Cc1cnc2nc(N)nc(N)c2n1)c1ccc(C(=O)N[C@@H](CCC(=O)O)C(=O)O)cc1,7.823908740944319,BacillusAnthracis
126941,CN(Cc1cnc2nc(N)nc(N)c2n1)c1ccc(C(=O)N[C@@H](CCC(=O)O)C(=O)O)cc1,7.913640169325252,BacillusAnthracis
42627761,CCC[C@H]1c2ccccc2C=NN1C(=O)/C=C/c1cc(Cc2cnc(N)nc2N)cc(OC)c1OC,7.267606240177032,BacillusAnthracis
53321988,CC[C@H]1c2ccccc2C=NN1C(=O)/C=C/c1cc(Cc2cnc(N)nc2N)cc(OC)c1OC,7.017728766960432,BacillusAnthracis
53323344,C=CC(=O)N1N=Cc2ccccc2C1CCC,7.337242168318426,BacillusAnthracis
53325619,CCCC[C@H]1c2ccccc2C=NN1C(=O)/C=C/c1cc(Cc2cnc(N)nc2N)cc(OC)c1OC,6.769551078621726,BacillusAnthracis
42627761,CCC[C@H]1c2ccccc2C=NN1C(=O)/C=C/c1cc(Cc2cnc(N)nc2N)cc(OC)c1OC,3.958607314841775,BacillusAnthracis
5578,COc1cc(Cc2cnc(N)nc2N)cc(OC)c1OC,7.841637507904751,BacillusAnthracis
5578,COc1cc(Cc2cnc(N)nc2N)cc(OC)c1OC,8.356547323513812,BacillusAnthracis
213043,COc1cc(Cc2cnc(N)nc2N)c2c(c1OC)OC(C1CC1)C=C2,8.657577319177793,BacillusAnthracis
213043,COc1cc(Cc2cnc(N)nc2N)c2c(c1OC)OC(C1CC1)C=C2,8.585026652029182,BacillusAnthracis
25093369,COc1cc(-c2ccccc2)cc([C@@H](C)C#Cc2c(C)nc(N)nc2N)c1,7.214670164989233,BacillusAnthracis
45267934,CCCC1c2ccccc2C=NN1C(=O)/C=C/c1cc(Cc2cnc(N)nc2N)cc(O)c1OC,8.0268721464003,BacillusAnthracis
45267934,CCCC1c2ccccc2C=NN1C(=O)/C=C/c1cc(Cc2cnc(N)nc2N)cc(O)c1OC,8.55284196865778,BacillusAnthracis
45267934,CCCC1c2ccccc2C=NN1C(=O)/C=C/c1cc(Cc2cnc(N)nc2N)cc(O)c1OC,8.2839966563652,BacillusAnthracis
45481957,COc1cc([C@H](C)C#Cc2c(C)nc(N)nc2N)ccc1-c1c(C)cccc1C,7.214670164989233,BacillusAnthracis
42627761,CCC[C@H]1c2ccccc2C=NN1C(=O)/C=C/c1cc(Cc2cnc(N)nc2N)cc(OC)c1OC,8.537602002101044,BacillusAnthracis
42627761,CCC[C@H]1c2ccccc2C=NN1C(=O)/C=C/c1cc(Cc2cnc(N)nc2N)cc(OC)c1OC,9.045757490560677,BacillusAnthracis
42627761,CCC[C@H]1c2ccccc2C=NN1C(=O)/C=C/c1cc(Cc2cnc(N)nc2N)cc(OC)c1OC,7.903089986991944,BacillusAnthracis
10247560,COc1cc(Cc2cnc(N)nc2N)c2c(c1OC)O[C@H](C1CC1)C=C2,8.537602002101044,BacillusAnthracis
53320259,COc1ncc([C@H]2c3ccccc3C=NN2C(=O)/C=C/c2cc(Cc3cnc(N)nc3N)cc(OC)c2OC)cn1,7.939302159646388,BacillusAnthracis
53320259,COc1ncc([C@H]2c3ccccc3C=NN2C(=O)/C=C/c2cc(Cc3cnc(N)nc3N)cc(OC)c2OC)cn1,8.455931955649724,BacillusAnthracis
53320259,COc1ncc([C@H]2c3ccccc3C=NN2C(=O)/C=C/c2cc(Cc3cnc(N)nc3N)cc(OC)c2OC)cn1,8.4089353929735,BacillusAnthracis
44141864,COc1cc(Cc2cnc(N)nc2N)c2c(c1OC)O[C@@H](C1CC1)C=C2,8.619788758288394,BacillusAnthracis
5578,COc1cc(Cc2cnc(N)nc2N)cc(OC)c1OC,6.267847581934786,BacillusAnthracis
5578,COc1cc(Cc2cnc(N)nc2N)cc(OC)c1OC,7.27083521030723,BacillusAnthracis
213043,COc1cc(Cc2cnc(N)nc2N)c2c(c1OC)OC(C1CC1)C=C2,7.568636235841013,BacillusAnthracis
25093369,COc1cc(-c2ccccc2)cc([C@@H](C)C#Cc2c(C)nc(N)nc2N)c1,6.721246399047171,BacillusAnthracis
45267934,CCCC1c2ccccc2C=NN1C(=O)/C=C/c1cc(Cc2cnc(N)nc2N)cc(O)c1OC,8.05551732784983,BacillusAnthracis
45267934,CCCC1c2ccccc2C=NN1C(=O)/C=C/c1cc(Cc2cnc(N)nc2N)cc(O)c1OC,9.045757490560677,BacillusAnthracis
45267934,CCCC1c2ccccc2C=NN1C(=O)/C=C/c1cc(Cc2cnc(N)nc2N)cc(O)c1OC,7.645891560852599,BacillusAnthracis
45481957,COc1cc([C@H](C)C#Cc2c(C)nc(N)nc2N)ccc1-c1c(C)cccc1C,6.721246399047171,BacillusAnthracis
42627761,CCC[C@H]1c2ccccc2C=NN1C(=O)/C=C/c1cc(Cc2cnc(N)nc2N)cc(OC)c1OC,8.744727494896694,BacillusAnthracis
42627761,CCC[C@H]1c2ccccc2C=NN1C(=O)/C=C/c1cc(Cc2cnc(N)nc2N)cc(OC)c1OC,9.69897000433602,BacillusAnthracis
42627761,CCC[C@H]1c2ccccc2C=NN1C(=O)/C=C/c1cc(Cc2cnc(N)nc2N)cc(OC)c1OC,5.940815382368629,BacillusAnthracis
10247560,COc1cc(Cc2cnc(N)nc2N)c2c(c1OC)O[C@H](C1CC1)C=C2,8.031517051446064,BacillusAnthracis
53320259,COc1ncc([C@H]2c3ccccc3C=NN2C(=O)/C=C/c2cc(Cc3cnc(N)nc3N)cc(OC)c2OC)cn1,7.184422251675732,BacillusAnthracis
53320259,COc1ncc([C@H]2c3ccccc3C=NN2C(=O)/C=C/c2cc(Cc3cnc(N)nc3N)cc(OC)c2OC)cn1,8.187086643357144,BacillusAnthracis
53320259,COc1ncc([C@H]2c3ccccc3C=NN2C(=O)/C=C/c2cc(Cc3cnc(N)nc3N)cc(OC)c2OC)cn1,7.869666231504994,BacillusAnthracis
44141864,COc1cc(Cc2cnc(N)nc2N)c2c(c1OC)O[C@@H](C1CC1)C=C2,7.440093374963888,BacillusAnthracis
45267934,CCCC1c2ccccc2C=NN1C(=O)/C=C/c1cc(Cc2cnc(N)nc2N)cc(O)c1OC,3.958607314841775,BacillusAnthracis
62616,Oc1ccc(Cl)cc1Cc1cc(Cl)cc(Cc2cc(Cl)ccc2O)c1O,6.522878745280337,BacillusAnthracis
3037,Oc1ccc(Cl)cc1Cc1cc(Cl)ccc1O,3.795880017344075,BacillusAnthracis
12772656,Oc1ccc(Cl)cc1Cc1cc(Cl)cc(Cc2cc(Cl)cc(Cc3cc(Cl)ccc3O)c2O)c1O,4.096910013008056,BacillusAnthracis
62616,Oc1ccc(Cl)cc1Cc1cc(Cl)cc(Cc2cc(Cl)ccc2O)c1O,5.301029995663981,BacillusAnthracis
344937,Oc1ccc(Cl)cc1Cc1cc(Cl)cc(Cc2cc(Cl)cc(Cc3cc(Cl)cc(Cc4cc(Cl)ccc4O)c3O)c2O)c1O,4.096910013008056,BacillusAnthracis
3037,Oc1ccc(Cl)cc1Cc1cc(Cl)ccc1O,3.494850021680094,BacillusAnthracis
12772656,Oc1ccc(Cl)cc1Cc1cc(Cl)cc(Cc2cc(Cl)cc(Cc3cc(Cl)ccc3O)c2O)c1O,4.096910013008056,BacillusAnthracis
62616,Oc1ccc(Cl)cc1Cc1cc(Cl)cc(Cc2cc(Cl)ccc2O)c1O,4.3979400086720375,BacillusAnthracis
344937,Oc1ccc(Cl)cc1Cc1cc(Cl)cc(Cc2cc(Cl)cc(Cc3cc(Cl)cc(Cc4cc(Cl)ccc4O)c3O)c2O)c1O,4.096910013008056,BacillusAnthracis
3037,Oc1ccc(Cl)cc1Cc1cc(Cl)ccc1O,5.0,BacillusAnthracis
12772656,Oc1ccc(Cl)cc1Cc1cc(Cl)cc(Cc2cc(Cl)cc(Cc3cc(Cl)ccc3O)c2O)c1O,7.096910013008056,BacillusAnthracis
62616,Oc1ccc(Cl)cc1Cc1cc(Cl)cc(Cc2cc(Cl)ccc2O)c1O,6.522878745280337,BacillusAnthracis
344937,Oc1ccc(Cl)cc1Cc1cc(Cl)cc(Cc2cc(Cl)cc(Cc3cc(Cl)cc(Cc4cc(Cl)ccc4O)c3O)c2O)c1O,6.522878745280337,BacillusAnthracis
3037,Oc1ccc(Cl)cc1Cc1cc(Cl)ccc1O,4.698970004336019,BacillusAnthracis
12772656,Oc1ccc(Cl)cc1Cc1cc(Cl)cc(Cc2cc(Cl)cc(Cc3cc(Cl)ccc3O)c2O)c1O,6.522878745280337,BacillusAnthracis
62616,Oc1ccc(Cl)cc1Cc1cc(Cl)cc(Cc2cc(Cl)ccc2O)c1O,5.6020599913279625,BacillusAnthracis
344937,Oc1ccc(Cl)cc1Cc1cc(Cl)cc(Cc2cc(Cl)cc(Cc3cc(Cl)cc(Cc4cc(Cl)ccc4O)c3O)c2O)c1O,5.301029995663981,BacillusAnthracis
3037,Oc1ccc(Cl)cc1Cc1cc(Cl)ccc1O,4.698970004336019,BacillusAnthracis
12772656,Oc1ccc(Cl)cc1Cc1cc(Cl)cc(Cc2cc(Cl)cc(Cc3cc(Cl)ccc3O)c2O)c1O,6.795880017344075,BacillusAnthracis
62616,Oc1ccc(Cl)cc1Cc1cc(Cl)cc(Cc2cc(Cl)ccc2O)c1O,7.096910013008056,BacillusAnthracis
344937,Oc1ccc(Cl)cc1Cc1cc(Cl)cc(Cc2cc(Cl)cc(Cc3cc(Cl)cc(Cc4cc(Cl)ccc4O)c3O)c2O)c1O,5.301029995663981,BacillusAnthracis
3037,Oc1ccc(Cl)cc1Cc1cc(Cl)ccc1O,4.698970004336019,BacillusAnthracis
12772656,Oc1ccc(Cl)cc1Cc1cc(Cl)cc(Cc2cc(Cl)cc(Cc3cc(Cl)ccc3O)c2O)c1O,6.522878745280337,BacillusAnthracis
62616,Oc1ccc(Cl)cc1Cc1cc(Cl)cc(Cc2cc(Cl)ccc2O)c1O,6.221848749616356,BacillusAnthracis
344937,Oc1ccc(Cl)cc1Cc1cc(Cl)cc(Cc2cc(Cl)cc(Cc3cc(Cl)cc(Cc4cc(Cl)ccc4O)c3O)c2O)c1O,5.301029995663981,BacillusAnthracis
3037,Oc1ccc(Cl)cc1Cc1cc(Cl)ccc1O,4.096910013008056,BacillusAnthracis
12772656,Oc1ccc(Cl)cc1Cc1cc(Cl)cc(Cc2cc(Cl)cc(Cc3cc(Cl)ccc3O)c2O)c1O,6.522878745280337,BacillusAnthracis
62616,Oc1ccc(Cl)cc1Cc1cc(Cl)cc(Cc2cc(Cl)ccc2O)c1O,5.886056647693163,BacillusAnthracis
344937,Oc1ccc(Cl)cc1Cc1cc(Cl)cc(Cc2cc(Cl)cc(Cc3cc(Cl)cc(Cc4cc(Cl)ccc4O)c3O)c2O)c1O,6.221848749616356,BacillusAnthracis
3037,Oc1ccc(Cl)cc1Cc1cc(Cl)ccc1O,5.301029995663981,BacillusAnthracis
12772656,Oc1ccc(Cl)cc1Cc1cc(Cl)cc(Cc2cc(Cl)cc(Cc3cc(Cl)ccc3O)c2O)c1O,6.795880017344075,BacillusAnthracis
62616,Oc1ccc(Cl)cc1Cc1cc(Cl)cc(Cc2cc(Cl)ccc2O)c1O,6.522878745280337,BacillusAnthracis
344937,Oc1ccc(Cl)cc1Cc1cc(Cl)cc(Cc2cc(Cl)cc(Cc3cc(Cl)cc(Cc4cc(Cl)ccc4O)c3O)c2O)c1O,5.886056647693163,BacillusAnthracis
54675776,CN(C)[C@@H]1C(=O)C(C(N)=O)=C(O)[C@@]2(O)C(=O)C3=C(O)c4c(O)cccc4[C@@](C)(O)[C@H]3C[C@@H]12,7.154901959985743,BacillusAnthracis
2724387,Nc1nc(=S)c2ncn([C@@H]3O[C@H](CO)[C@@H](O)[C@H]3O)c2[nH]1,3.0,BacillusAnthracis
6477178,OC[C@H]1O[C@@H](n2cnc3c(SCc4ccccc4)ncnc32)[C@H](O)[C@@H]1O,4.301029995663981,BacillusAnthracis
71080,C[C@@H](N)C(=O)O,4.698970004336019,BacillusAnthracis
102175,CNc1ncnc2c1ncn2[C@@H]1O[C@H](CO)[C@@H](O)[C@H]1O,3.721246399047171,BacillusAnthracis
62389,c1ccc(CNc2ncnc3nc[nH]c23)cc1,2.8096683018297086,BacillusAnthracis
9570,CSc1ncnc2c1ncn2[C@@H]1O[C@H](CO)[C@@H](O)[C@H]1O,3.494850021680094,BacillusAnthracis
102197,Nc1nc(Cl)c2ncn([C@@H]3O[C@H](CO)[C@@H](O)[C@H]3O)c2n1,3.050609993355087,BacillusAnthracis
72200,Nc1nc(N)c2ncn([C@@H]3O[C@H](CO)[C@@H](O)[C@H]3O)c2n1,3.154901959985743,BacillusAnthracis
64959,O=c1[nH]c(=O)c2ncn([C@@H]3O[C@H](CO)[C@@H](O)[C@H]3O)c2[nH]1,2.143271109617117,BacillusAnthracis
96312,COc1nc(N)nc2c1ncn2[C@@H]1O[C@H](CO)[C@@H](O)[C@H]1O,3.4559319556497243,BacillusAnthracis
24405,CC(C)=CCNc1ncnc2c1ncn2[C@@H]1O[C@H](CO)[C@@H](O)[C@H]1O,3.4436974992327127,BacillusAnthracis
928063,CCN(CC)c1ncnc2c1ncn2[C@@H]1O[C@H](CO)[C@@H](O)[C@H]1O,3.508638306165728,BacillusAnthracis
53318804,CC(=O)N1CCN(c2ncnc3c2ncn3[C@@H]2O[C@H](CO)[C@@H](O)[C@H]2O)CC1,4.301029995663981,BacillusAnthracis
44776464,CCOC(=O)C1CCCN(c2ncnc3c2ncn3[C@@H]2O[C@H](CO)[C@@H](O)[C@H]2O)C1,3.154901959985743,BacillusAnthracis
7075697,OC[C@H]1O[C@@H](n2cnc3c(N4CCCCC4)ncnc32)[C@H](O)[C@@H]1O,2.962573502059376,BacillusAnthracis
11728391,O=C(Nc1ncnc2c1ncn2[C@@H]1O[C@H](CO)[C@@H](O)[C@H]1O)c1ccccc1,2.943095148663528,BacillusAnthracis
11065406,Nc1ncc2ncn([C@@H]3O[C@H](CO)[C@@H](O)[C@H]3O)c2n1,3.42021640338319,BacillusAnthracis
53325347,CCCN(CCC)c1ncnc2c1ncn2[C@@H]1O[C@H](CO)[C@@H](O)[C@H]1O,3.1191864077192086,BacillusAnthracis
11326199,CN(Cc1ccccc1)c1ncnc2c1ncn2[C@@H]1O[C@H](CO)[C@@H](O)[C@H]1O,3.9208187539523753,BacillusAnthracis
2724387,Nc1nc(=S)c2ncn([C@@H]3O[C@H](CO)[C@@H](O)[C@H]3O)c2[nH]1,5.3979400086720375,BacillusAnthracis
2723601,Nc1nc(=S)c2[nH]cnc2[nH]1,5.698970004336019,BacillusAnthracis
6477178,OC[C@H]1O[C@@H](n2cnc3c(SCc4ccccc4)ncnc32)[C@H](O)[C@@H]1O,2.98296666070122,BacillusAnthracis
71080,C[C@@H](N)C(=O)O,4.698970004336019,BacillusAnthracis
667490,S=c1nc[nH]c2nc[nH]c12,3.397940008672037,BacillusAnthracis
5360349,Nc1nc(Cl)c2[nH]cnc2n1,3.6989700043360174,BacillusAnthracis
102197,Nc1nc(Cl)c2ncn([C@@H]3O[C@H](CO)[C@@H](O)[C@H]3O)c2n1,3.721246399047171,BacillusAnthracis
676166,OC[C@H]1O[C@@H](n2cnc3c(=S)nc[nH]c32)[C@H](O)[C@@H]1O,4.3979400086720375,BacillusAnthracis
135804808,O=c1[nH]cnc2c1cnn2[C@H]1O[C@@H](CO)[C@H](O)[C@@H]1O,3.1870866433571443,BacillusAnthracis
25134297,CO[C@H](C[C@H](CCN(C)CCCc1ccc(F)c(C)c1)C(=O)NO)c1ccc(F)cc1,7.958607314841775,BacillusAnthracis
25007684,Cc1cc(CNCCCC[C@@H](Nc2cc(C)c(F)c(C)c2)C(=O)NO)ccc1F,10.30102999566398,BacillusAnthracis
24871537,Cc1cc(N[C@H](CCCCNCc2ccc(F)cc2)C(=O)NO)cc(C)c1F,9.619788758288394,BacillusAnthracis
52948249,Cc1cc(N[C@H](CCCCNCCc2ccc(F)cc2)C(=O)NO)cc(C)c1F,8.67778070526608,BacillusAnthracis
52949512,Cc1cc(N[C@H](CCCCNCCCc2ccc(F)cc2)C(=O)NO)cc(C)c1F,8.657577319177793,BacillusAnthracis
52949570,Cc1cc(N[C@H](CCCCNCc2ccc(Cl)cc2)C(=O)NO)cc(C)c1F,9.0,BacillusAnthracis
54579980,CO[C@H](C[C@H](CCCCNCc1ccc(F)c(C)c1)C(=O)NO)c1ccc(F)cc1,8.823908740944319,BacillusAnthracis
54580455,CO[C@H](C[C@H](CCCCNCc1ccc(F)c(C)c1)C(=O)NO)c1ccc(F)c(C)c1,8.886056647693163,BacillusAnthracis
54580973,Cc1cc(O[C@H](CCCCNCc2ccc(F)cc2)C(=O)NO)cc(C)c1F,8.920818753952375,BacillusAnthracis
54580974,CO[C@H](C[C@H](CCCCNCc1ccc(Cl)cc1)C(=O)NO)c1ccc(F)c(C)c1,8.853871964321762,BacillusAnthracis
54581015,Cc1cc(C[C@H](CCCCNCc2ccc(Cl)cc2)C(=O)NO)ccc1F,9.443697499232712,BacillusAnthracis
54582019,CO[C@H](C[C@H](CCCCNCc1ccc(F)cc1)C(=O)NO)c1ccc(F)cc1,9.236572006437065,BacillusAnthracis
54582020,CO[C@H](C[C@H](CCCCNCc1ccc(F)cc1)C(=O)NO)c1ccc(F)c(C)c1,9.031517051446064,BacillusAnthracis
54582048,Cc1cc(C[C@H](CCCCNCc2ccc(F)cc2)C(=O)NO)ccc1F,9.602059991327964,BacillusAnthracis
25007685,Cc1cc(COCCCC[C@@H](Nc2cc(C)c(F)c(C)c2)C(=O)NO)ccc1F,7.517126416391246,BacillusAnthracis
54582049,O=C(NO)[C@@H](CCCCNCc1ccc(F)cc1)Nc1ccc(F)c(Cl)c1,8.42021640338319,BacillusAnthracis
24990995,Cc1cc(CNCCCC[C@@H](Oc2cc(C)c(F)c(C)c2)C(=O)NO)ccc1F,8.619788758288394,BacillusAnthracis
54582964,Cc1cc(N[C@H](CCCCNCc2ccc(F)cc2)C(=O)NO)ccc1F,9.09151498112135,BacillusAnthracis
54582965,Cc1cc(N[C@H](CCCCNCc2ccc(Cl)cc2)C(=O)NO)ccc1F,9.167491087293763,BacillusAnthracis
54582997,Cc1cc(O[C@H](CCCCNCc2ccc(F)cc2)C(=O)NO)ccc1F,8.958607314841775,BacillusAnthracis
54582998,Cc1cc(CNCCCC[C@@H](Cc2ccc(F)c(C)c2)C(=O)NO)ccc1F,8.920818753952375,BacillusAnthracis
54582999,Cc1cc(O[C@H](CCCCNCc2ccc(Cl)cc2)C(=O)NO)cc(C)c1F,8.698970004336019,BacillusAnthracis
54583957,CO[C@H](C[C@H](CCCCNCc1ccc(Cl)cc1)C(=O)NO)c1ccc(F)cc1,8.920818753952375,BacillusAnthracis
24873445,Cc1cc(CNCCCC[C@@H](Oc2ccc(F)c(C)c2)C(=O)NO)ccc1F,8.522878745280337,BacillusAnthracis
54584000,Cc1cc(O[C@H](CCCCNCc2ccc(Cl)cc2)C(=O)NO)ccc1F,9.1249387366083,BacillusAnthracis
54584001,Cc1cc(COCCCC[C@@H](Cc2cc(C)c(F)c(C)c2)C(=O)NO)ccc1F,7.602059991327962,BacillusAnthracis
54584002,CO[C@H](C[C@H](CCCCCNCCc1ccc(F)cc1)C(=O)NO)c1ccc(F)cc1,8.301029995663981,BacillusAnthracis
25164605,CO[C@H](C[C@H](CCCCNCCc1ccc(F)cc1)C(=O)NO)c1ccc(F)cc1,8.958607314841775,BacillusAnthracis
25007687,Cc1cc(CNCCCC[C@@H](Nc2ccc(F)c(C)c2)C(=O)NO)ccc1F,9.207608310501746,BacillusAnthracis
24991002,Cc1cc(C[C@H](CCCCNCc2ccc(Cl)cc2)C(=O)NO)cc(C)c1F,9.148741651280924,BacillusAnthracis
24991001,Cc1cc(CNCCCC[C@@H](Cc2cc(C)c(F)c(C)c2)C(=O)NO)ccc1F,9.4089353929735,BacillusAnthracis
24991363,Cc1cc(C[C@H](CCCCNCCc2ccc(F)cc2)C(=O)NO)cc(C)c1F,8.022276394711152,BacillusAnthracis
54585907,Cc1cc(CCCCCC[C@@H](Cc2cc(C)c(F)c(C)c2)C(=O)NO)ccc1F,6.238824186844268,BacillusAnthracis
54586836,Cc1cc(O[C@H](CCCCNCCc2ccc(F)cc2)C(=O)NO)cc(C)c1F,8.337242168318426,BacillusAnthracis
24871655,Cc1cc(C[C@H](CCCCNCc2ccc(F)cc2)C(=O)NO)cc(C)c1F,9.886056647693165,BacillusAnthracis
25007686,Cc1cc(CCCCCC[C@@H](Nc2cc(C)c(F)c(C)c2)C(=O)NO)ccc1F,6.563837352959244,BacillusAnthracis
54586877,CO[C@H](C[C@H](CCCCCNCc1ccc(F)cc1)C(=O)NO)c1ccc(F)cc1,8.337242168318426,BacillusAnthracis
54586878,Cc1cc(O[C@H](CCCCCNCc2ccc(F)cc2)C(=O)NO)cc(C)c1F,8.508638306165727,BacillusAnthracis
54586879,Cc1cc(O[C@H](CCCCCNCCc2ccc(F)cc2)C(=O)NO)cc(C)c1F,8.481486060122112,BacillusAnthracis
688161,O=[N+]([O-])c1ccc([C@@H](O)[C@@H](O)CO)cc1,3.913640169325252,BacillusAnthracis
56659315,CS(=O)(=O)c1ccc([C@@H](O)[C@@H](O)CO)cc1,4.920818753952375,BacillusAnthracis
688161,O=[N+]([O-])c1ccc([C@@H](O)[C@@H](O)CO)cc1,3.823908740944319,BacillusAnthracis
5286524,COc1ccc(/C=C(\C#N)c2nc3ccccc3[nH]2)cc1,4.0,BacillusAnthracis
5334847,N#C/C(=C\c1cccs1)c1nc2ccccc2[nH]1,4.0,BacillusAnthracis
5738327,Cc1ccc(/C=C(\C#N)c2nc3ccccc3[nH]2)s1,4.0,BacillusAnthracis
5738908,N#C/C(=C\c1cccc(I)c1)c1nc2ccccc2[nH]1,4.0,BacillusAnthracis
135457658,COc1cc(/C=C(\C#N)c2nc3ccccc3[nH]2)cc(Cl)c1O,4.0,BacillusAnthracis
136042247,COc1cc(-c2ccc(/C=C(\C#N)c3nc4ccccc4[nH]3)cc2)cc(Br)c1O,4.0,BacillusAnthracis
5754107,COc1cc(/C=C(\C#N)c2nc3ccccc3[nH]2)cc(OC)c1OC,4.0,BacillusAnthracis
57393299,N#C/C(=C\c1cc(-c2ccccc2)cnc1Cl)c1nc2ccccc2[nH]1,4.0,BacillusAnthracis
57393300,N#C/C(=C\c1c(Cl)ncnc1Cl)c1nc2ccccc2[nH]1,4.0,BacillusAnthracis
57395004,N#C/C(=C\c1ccc(-c2cccs2)s1)c1nc2ccccc2s1,4.0,BacillusAnthracis
5931873,COc1ccc(/C=C(\C#N)c2nc3ccccc3[nH]2)cc1Br,4.0,BacillusAnthracis
57395030,Cc1cc(/C=C(\C#N)c2nc3ccccc3[nH]2)sc1C,4.0,BacillusAnthracis
57396753,N#C/C(=C\c1ccc(-c2cccs2)s1)c1cc2ccccc2[nH]1,4.0,BacillusAnthracis
57398522,N#C/C(=C\c1ccc(-c2cccs2)s1)c1ccc2ccccc2n1,4.0,BacillusAnthracis
5765823,COc1ccc(/C=C(\C#N)c2nc3ccccc3[nH]2)cc1Cl,4.0,BacillusAnthracis
5289928,COc1ccc(/C=C(\C#N)c2nc3ccccc3[nH]2)cc1OC,4.0,BacillusAnthracis
50943152,N#C/C(=C\c1ccc(-c2ccco2)s1)c1nc2ccccc2[nH]1,4.0,BacillusAnthracis
57400217,N#C/C(=C\c1ccc(-c2cccs2)o1)c1nc2ccccc2[nH]1,4.0,BacillusAnthracis
5915017,N#C/C(=C\c1ccc(-c2ccccc2)cc1)c1nc2ccccc2[nH]1,4.0,BacillusAnthracis
57402018,N#C/C(=C\c1ccc(-c2ncc[nH]2)cc1)c1nc2ccccc2[nH]1,4.0,BacillusAnthracis
57402019,Cc1c(/C=C(\C#N)c2nc3ccccc3[nH]2)sc2ccccc12,4.0,BacillusAnthracis
136042248,N#C/C(=C\c1c[nH]c2cccc([N+](=O)[O-])c12)c1nc2ccccc2[nH]1,4.0,BacillusAnthracis
136042249,N#C/C(=C\c1c[nH]c2c1ccc1ccccc12)c1nc2ccccc2[nH]1,4.0,BacillusAnthracis
5941957,COc1ccc(/C=C(\C#N)c2nc3ccccc3[nH]2)cc1I,4.130768280269024,BacillusAnthracis
40669841,COc1ccc(/C=C(\C#N)c2nc3ccccc3[nH]2)cc1F,4.0,BacillusAnthracis
50943150,N#C/C(=C\c1ccc(-c2cccs2)s1)c1nc2ccccc2[nH]1,4.0,BacillusAnthracis
24871537,Cc1cc(N[C@H](CCCCNCc2ccc(F)cc2)C(=O)NO)cc(C)c1F,9.619788758288394,BacillusAnthracis
54580973,Cc1cc(O[C@H](CCCCNCc2ccc(F)cc2)C(=O)NO)cc(C)c1F,8.920818753952375,BacillusAnthracis
54582019,CO[C@H](C[C@H](CCCCNCc1ccc(F)cc1)C(=O)NO)c1ccc(F)cc1,9.236572006437065,BacillusAnthracis
24871655,Cc1cc(C[C@H](CCCCNCc2ccc(F)cc2)C(=O)NO)cc(C)c1F,9.886056647693165,BacillusAnthracis
70683216,Cc1cc(C[C@H](CCCCN[C@H](CC(C)C)c2ccc(F)cc2)C(=O)NO)cc(C)c1F,9.638272163982409,BacillusAnthracis
57345500,CCC(NCCCC[C@@H](Nc1cc(C)c(F)c(C)c1)C(=O)NO)c1ccc(F)cc1,9.769551078621726,BacillusAnthracis
57345501,CCC(NCCCC[C@@H](Cc1cc(C)c(F)c(C)c1)C(=O)NO)c1ccc(F)cc1,9.508638306165729,BacillusAnthracis
70687441,Cc1cc(C[C@H](CCCCN[C@H](C)c2ccc(F)cc2)C(=O)NO)cc(C)c1F,9.522878745280336,BacillusAnthracis
70691618,CC[C@@H](NCCCC[C@@H](Cc1cc(C)c(F)c(C)c1)C(=O)NO)c1ccc(F)cc1,10.397940008672036,BacillusAnthracis
70691619,CC[C@H](NCCCC[C@@H](Cc1cc(C)c(F)c(C)c1)C(=O)NO)c1ccc(F)cc1,9.958607314841776,BacillusAnthracis
70691628,Cc1cc(C[C@H](CCCCN[C@H](Cc2ccccc2)c2ccc(F)cc2)C(=O)NO)cc(C)c1F,9.221848749616356,BacillusAnthracis
57345502,CCC(NCCCC[C@@H](C[C@@H](OC)c1ccc(F)cc1)C(=O)NO)c1ccc(F)cc1,9.568636235841012,BacillusAnthracis
70693705,Cc1cc(C[C@H](CCCCN[C@@H](C)c2ccc(F)cc2)C(=O)NO)cc(C)c1F,9.309803919971486,BacillusAnthracis
70693709,Cc1cc(C[C@H](CCCCN[C@@H](Cc2ccccc2)c2ccc(F)cc2)C(=O)NO)cc(C)c1F,8.698970004336019,BacillusAnthracis
70693710,CCC(NCCCC[C@@H](Oc1cc(C)c(F)c(C)c1)C(=O)NO)c1ccc(F)cc1,9.0,BacillusAnthracis
70695825,Cc1cc(C[C@H](CCCCN[C@@H](CC(C)C)c2ccc(F)cc2)C(=O)NO)cc(C)c1F,8.886056647693163,BacillusAnthracis
57149571,O=C(/C=C(\O)C(=O)O)NCCCc1cccc(Oc2ccccc2)c1,6.6020599913279625,BacillusAnthracis
57149571,O=C(/C=C(\O)C(=O)O)NCCCc1cccc(Oc2ccccc2)c1,4.619788758288394,BacillusAnthracis
70682284,CCCCCCCCOc1ccc(/C(O)=C/C(=O)C(=O)O)cc1,3.5228787452803374,BacillusAnthracis
70690694,CCCCCCOc1cccc(CCCNC(=O)/C=C(\O)C(=O)O)c1,3.5228787452803374,BacillusAnthracis
57336498,CCCCCCOc1cccc(Cn2ccc(O)c(C(=O)O)c2=O)c1,6.346787486224656,BacillusAnthracis
57336498,CCCCCCOc1cccc(Cn2ccc(O)c(C(=O)O)c2=O)c1,4.343901797987169,BacillusAnthracis
70690695,CCCCCCCCCCOc1cccc(Cn2ccc(O)c(C(=O)O)c2=O)c1,3.5228787452803374,BacillusAnthracis
70694869,O=C(/C=C(\O)C(=O)O)NCCCc1cccc(-c2ccccc2)c1,4.619788758288394,BacillusAnthracis
70696924,CCCCCCCCCCOc1cccc(/C(O)=C/C(=O)C(=O)O)c1,4.173925197299174,BacillusAnthracis
16122553,O=P(O)(O)C(O)(Cc1cccc(-c2cccc3c2oc2ccccc23)c1)P(=O)(O)O,6.522878745280337,BacillusAnthracis
57149571,O=C(/C=C(\O)C(=O)O)NCCCc1cccc(Oc2ccccc2)c1,5.657577319177793,BacillusAnthracis
70682284,CCCCCCCCOc1ccc(/C(O)=C/C(=O)C(=O)O)cc1,6.301029995663981,BacillusAnthracis
70690694,CCCCCCOc1cccc(CCCNC(=O)/C=C(\O)C(=O)O)c1,6.251811972993799,BacillusAnthracis
57336498,CCCCCCOc1cccc(Cn2ccc(O)c(C(=O)O)c2=O)c1,4.568636235841013,BacillusAnthracis
70690695,CCCCCCCCCCOc1cccc(Cn2ccc(O)c(C(=O)O)c2=O)c1,3.5228787452803374,BacillusAnthracis
70694869,O=C(/C=C(\O)C(=O)O)NCCCc1cccc(-c2ccccc2)c1,6.920818753952375,BacillusAnthracis
70694869,O=C(/C=C(\O)C(=O)O)NCCCc1cccc(-c2ccccc2)c1,6.619788758288394,BacillusAnthracis
70696924,CCCCCCCCCCOc1cccc(/C(O)=C/C(=O)C(=O)O)c1,5.721246399047171,BacillusAnthracis
57149571,O=C(/C=C(\O)C(=O)O)NCCCc1cccc(Oc2ccccc2)c1,5.795880017344075,BacillusAnthracis
70682284,CCCCCCCCOc1ccc(/C(O)=C/C(=O)C(=O)O)cc1,5.698970004336019,BacillusAnthracis
70690694,CCCCCCOc1cccc(CCCNC(=O)/C=C(\O)C(=O)O)c1,6.1249387366083,BacillusAnthracis
57336498,CCCCCCOc1cccc(Cn2ccc(O)c(C(=O)O)c2=O)c1,5.086186147616283,BacillusAnthracis
70690695,CCCCCCCCCCOc1cccc(Cn2ccc(O)c(C(=O)O)c2=O)c1,3.5228787452803374,BacillusAnthracis
70694869,O=C(/C=C(\O)C(=O)O)NCCCc1cccc(-c2ccccc2)c1,5.7447274948966935,BacillusAnthracis
70696924,CCCCCCCCCCOc1cccc(/C(O)=C/C(=O)C(=O)O)c1,6.136677139879544,BacillusAnthracis
57149571,O=C(/C=C(\O)C(=O)O)NCCCc1cccc(Oc2ccccc2)c1,5.3979400086720375,BacillusAnthracis
57336498,CCCCCCOc1cccc(Cn2ccc(O)c(C(=O)O)c2=O)c1,4.481486060122113,BacillusAnthracis
70682284,CCCCCCCCOc1ccc(/C(O)=C/C(=O)C(=O)O)cc1,4.522878745280337,BacillusAnthracis
70696924,CCCCCCCCCCOc1cccc(/C(O)=C/C(=O)C(=O)O)c1,4.522878745280337,BacillusAnthracis
135404232,O=C(O)[C@@H]1CSC(c2ccccc2O)=N1,3.6989700043360174,BacillusAnthracis
11009168,O=C(O)[C@@H]1CSC(c2ccccc2)N1,3.6989700043360174,BacillusAnthracis
44093,C[C@H](CS)C(=O)N1CCC[C@H]1C(=O)O,4.58838029403677,BacillusAnthracis
44093,C[C@H](CS)C(=O)N1CCC[C@H]1C(=O)O,4.747146969020107,BacillusAnthracis
70682721,O=C(O)[C@@H]1CSC(c2ccc(Cl)cc2)=N1,3.6989700043360174,BacillusAnthracis
70682722,Nc1cccc(C2=N[C@H](C(=O)O)CS2)c1,5.309803919971486,BacillusAnthracis
70682722,Nc1cccc(C2=N[C@H](C(=O)O)CS2)c1,5.292429823902063,BacillusAnthracis
70682723,CC(=O)Nc1cccc(C2=N[C@H](C(=O)O)CS2)c1,3.6989700043360174,BacillusAnthracis
70682724,CC(C)(C)OC(=O)NCC1=N[C@H](C(=O)O)CS1,3.6989700043360174,BacillusAnthracis
1491570,O=C(O)c1csc(Cc2ccccc2)n1,3.6989700043360174,BacillusAnthracis
70684803,O=C(Cc1ccccc1)NCC1=N[C@H](C(=O)O)CS1,3.6989700043360174,BacillusAnthracis
7410566,O=C(O)[C@@H]1CSC(c2ccccc2)=N1,3.6989700043360174,BacillusAnthracis
7410568,O=C(O)[C@H]1CSC(c2ccccc2)=N1,3.6989700043360174,BacillusAnthracis
70689034,CC(C)(C)OC(=O)Nc1cccc(C2=N[C@H](C(=O)O)CS2)c1,4.130181792020672,BacillusAnthracis
70689035,O=C(NCC1=N[C@H](C(=O)O)CS1)OCc1ccccc1,3.6989700043360174,BacillusAnthracis
25257916,O=C(O)[C@@H]1CSC(c2ccc(Br)cc2)=N1,3.6989700043360174,BacillusAnthracis
138928,O=C(O)c1csc(-c2ccccc2)n1,3.6989700043360174,BacillusAnthracis
11287511,O=C(O)[C@@H]1CSC(Cc2ccccc2)N1,3.6989700043360174,BacillusAnthracis
25246418,O=C(O)[C@@H]1CSC(Cc2ccccc2)=N1,3.6989700043360174,BacillusAnthracis
70697353,COc1cccc(CC(=O)NCC2=N[C@H](C(=O)O)CS2)c1,3.6989700043360174,BacillusAnthracis
6049,O=C(O)CN(CCN(CC(=O)O)CC(=O)O)CC(=O)O,2.9746941347352296,BacillusAnthracis
66559883,C=CCCCCCCCCC(=O)NS(=O)(=O)Oc1ccc(OC)cc1,4.568636235841013,BacillusAnthracis
70684776,CCCCCCCCCCCCCCCC(=O)NS(=O)(=O)Oc1ccc2c(OS(N)(=O)=O)coc2c1,4.3872161432802645,BacillusAnthracis
66559709,CCCCCCCCCCCCCCCC(=O)NS(=O)(=O)Oc1ccc(OC)cc1,5.096910013008056,BacillusAnthracis
66559888,O=C(/C=C/c1ccc(-c2ccccc2)cc1)NS(=O)(=O)Oc1ccccc1,4.0,BacillusAnthracis
66559885,O=C(CCCCCCCc1ccccc1)NS(=O)(=O)Oc1ccccc1,4.6020599913279625,BacillusAnthracis
46213586,CCCCCCCCCCCCCCCC(=O)NS(=O)(=O)Oc1ccc(Cl)cc1,5.221848749616356,BacillusAnthracis
46213587,CCCCCCCCCCCCCCCC(=O)NS(=O)(=O)Oc1ccc(C)cc1,4.920818753952375,BacillusAnthracis
66559800,CCCCCCCCCCCCCCCC(=O)NS(=O)(=O)Oc1ccc(CCNC(=O)OC(C)(C)C)cc1,4.657577319177793,BacillusAnthracis
66559803,CCCCCCCCCCCCCCCC(=O)NS(=O)(=O)Oc1ccc2ncccc2c1,5.045757490560675,BacillusAnthracis
66559882,CCCCCCCCCCCCCC(=O)NS(=O)(=O)Oc1ccc(OC)cc1,5.221848749616356,BacillusAnthracis
66559706,CCCCCCCCCCCCCCCC(=O)NS(=O)(=O)Oc1ccccc1,5.096910013008056,BacillusAnthracis
66559707,CCCCCCCCCCCCCCCC(=O)NS(=O)(=O)Oc1cccc(Cl)c1,4.853871964321762,BacillusAnthracis
66559619,CCCCCCCCCCCCCCCC(=O)NS(=O)(=O)OC1CCCC1,4.0,BacillusAnthracis
66559708,CCCCCCCCCCCCCCCC(=O)NS(=O)(=O)Oc1ccc(Cl)c(Cl)c1,5.045757490560675,BacillusAnthracis
66559710,CCCCCCCCCCCCCCCC(=O)NS(=O)(=O)Oc1ccc(CC(=O)OC)cc1,4.958607314841775,BacillusAnthracis
66559711,CCCCCCCCCCCCCCCC(=O)NS(=O)(=O)Oc1ccc(C(=O)OCC)cc1,5.0,BacillusAnthracis
66559884,O=C(CCCCCCCCCCc1ccccc1)NS(=O)(=O)Oc1ccccc1,5.096910013008056,BacillusAnthracis
66559622,CCCCCCCCCCCCCCCC(=O)NS(=O)(=O)OC1CCOCC1,4.522878745280337,BacillusAnthracis
66559624,CCCCCCCCCCCCCCCC(=O)NS(=O)(=O)OC1CCN(C(=O)OC(C)(C)C)CC1,4.823908740944319,BacillusAnthracis
66559801,CCCCCCCCCCCCCCCC(=O)NS(=O)(=O)Oc1ccc(-c2ccc([N+](=O)[O-])cc2)cc1,4.958607314841775,BacillusAnthracis
66559621,CCCCCCCCCCCCCCCC(=O)NS(=O)(=O)OC1CCCCC1,5.301029995663981,BacillusAnthracis
66559623,CCCCCCCCCCCCCCCC(=O)NS(=O)(=O)OC1CCNCC1,4.0,BacillusAnthracis
66559620,CCCCCCCCCCCCCCCC(=O)NS(=O)(=O)OC1CCOC1,4.346787486224656,BacillusAnthracis
66559887,O=C(CCCCCc1ccccc1)NS(=O)(=O)Oc1ccccc1,4.0,BacillusAnthracis
66559802,CCCCCCCCCCCCCCCC(=O)NS(=O)(=O)Oc1ccc2c(c1)OCO2,4.920818753952375,BacillusAnthracis
66559886,O=C(CCCCCCc1ccccc1)NS(=O)(=O)Oc1ccccc1,4.119186407719209,BacillusAnthracis
66559799,CCCCCCCCCCCCCCCC(=O)NS(=O)(=O)Oc1ccc(CCN)cc1,4.0,BacillusAnthracis
66559618,CCCCCCCCCCCCCCCC(=O)NS(=O)(=O)OC,4.096910013008056,BacillusAnthracis
70684920,O=C(NO)[C@H]1[C@@H](OCc2ccccc2)CCN1S(=O)(=O)c1ccc(Cl)c(Cl)c1,5.853871964321762,BacillusAnthracis
70684921,O=C(NO)[C@H]1[C@@H](OCc2ccccc2)CCN1S(=O)(=O)c1ccc(Cl)cc1,5.769551078621726,BacillusAnthracis
70687076,CCCCCCO[C@H]1CCN(S(=O)(=O)c2ccc(Cl)cc2)[C@H]1C(=O)NO,5.0,BacillusAnthracis
70695462,O=C(NO)[C@H]1C[C@@H](OCc2ccccc2)CN1S(=O)(=O)c1ccc(Cl)c(Cl)c1,5.022276394711152,BacillusAnthracis
70697478,COc1ccc(C(=O)N[C@@H]2C[C@H](C(=O)NO)N(S(=O)(=O)c3ccc(Cl)c(Cl)c3)C2)c(OC)c1,5.6777807052660805,BacillusAnthracis
3684314,CC(=O)N1CCN(c2cc3c(cc2F)c(=O)c(C(=O)O)cn3C2CC2)CC1,1.0506099933550872,BacillusAnthracis
13340181,CCC(=O)N1CCN(c2cc3c(cc2F)c(=O)c(C(=O)O)cn3C2CC2)CC1,1.0655015487564323,BacillusAnthracis
13340182,CCCC(=O)N1CCN(c2cc3c(cc2F)c(=O)c(C(=O)O)cn3C2CC2)CC1,1.0655015487564323,BacillusAnthracis
45337827,CCCCC(=O)N1CCN(c2cc3c(cc2F)c(=O)c(C(=O)O)cn3C2CC2)CC1,1.0969100130080565,BacillusAnthracis
45482297,CC(C)(C)C(=O)N1CCN(c2cc3c(cc2F)c(=O)c(C(=O)O)cn3C2CC2)CC1,1.0969100130080565,BacillusAnthracis
45482303,CCCCCCC(=O)N1CCN(c2cc3c(cc2F)c(=O)c(C(=O)O)cn3C2CC2)CC1,1.1487416512809248,BacillusAnthracis
45482304,CCCCCCCCC(=O)N1CCN(c2cc3c(cc2F)c(=O)c(C(=O)O)cn3C2CC2)CC1,1.259637310505756,BacillusAnthracis
25205744,CCCCCCCCCC(=O)N1CCN(c2cc3c(cc2F)c(=O)c(C(=O)O)cn3C2CC2)CC1,2.2218487496163566,BacillusAnthracis
71449442,CCC(CC)C(=O)N1CCN(c2cc3c(cc2F)c(=O)c(C(=O)O)cn3C2CC2)CC1,1.0915149811213505,BacillusAnthracis
45337828,CCCCCC(=O)N1CCN(c2cc3c(cc2F)c(=O)c(C(=O)O)cn3C2CC2)CC1,1.1135092748275182,BacillusAnthracis
71451236,CCC(C)(C)C(=O)N1CCN(c2cc3c(cc2F)c(=O)c(C(=O)O)cn3C2CC2)CC1,1.2441251443275083,BacillusAnthracis
71454798,CCCC(CCC)C(=O)N1CCN(c2cc3c(cc2F)c(=O)c(C(=O)O)cn3C2CC2)CC1,1.1426675035687317,BacillusAnthracis
71454799,CC(CC(=O)N1CCN(c2cc3c(cc2F)c(=O)c(C(=O)O)cn3C2CC2)CC1)CC(C)(C)C,1.0969100130080565,BacillusAnthracis
13340183,CC(C)CC(=O)N1CCN(c2cc3c(cc2F)c(=O)c(C(=O)O)cn3C2CC2)CC1,1.154901959985743,BacillusAnthracis
71456575,CCCCC(CC)C(=O)N1CCN(c2cc3c(cc2F)c(=O)c(C(=O)O)cn3C2CC2)CC1,1.1870866433571443,BacillusAnthracis
71461968,CCCCCCCC(=O)N1CCN(c2cc3c(cc2F)c(=O)c(C(=O)O)cn3C2CC2)CC1,1.1870866433571443,BacillusAnthracis
71461975,CCCC(C)C(=O)N1CCN(c2cc3c(cc2F)c(=O)c(C(=O)O)cn3C2CC2)CC1,1.1739251972991736,BacillusAnthracis
13340185,O=C(O)c1cn(C2CC2)c2cc(N3CCN(C(=O)c4ccccc4)CC3)c(F)cc2c1=O,1.3098039199714864,BacillusAnthracis
73346970,CC(=O)NCC(=O)N[C@@H](Cc1ccccc1)C(=O)N1CCc2ccccc2[C@H]1C(=O)N1C2CCCCC2C[C@H]1C(=O)NCC(=O)N[C@@H](CCCCN)C(=O)N1CCc2ccccc2[C@H]1C(=O)N1C2CCCCC2C[C@H]1C(=O)NCC(=O)N[C@@H](Cc1ccccc1)C(=O)N1CCc2ccccc2[C@H]1C(=O)N1C2CCCCC2C[C@H]1C(=O)NCC(=O)N[C@@H](CCCCN)C(=O)N1CCc2ccccc2[C@H]1C(=O)N[C@@H](CCCCN)C(=O)N[C@@H](CCCCN)C(=O)N[C@@H](CCCCN)C(=O)N[C@@H](CCCCN)C(N)=O,4.892790030352131,BacillusAnthracis
73350056,CC(=O)N[C@@H](CCCCN)C(=O)N[C@@H](CCCCN)C(=O)N[C@@H](CCCCN)C(=O)N[C@@H](CCCCN)C(=O)NCC(=O)N[C@@H](Cc1ccccc1)C(=O)N1CCc2ccccc2[C@H]1C(=O)N1C2CCCCC2C[C@H]1C(=O)NCC(=O)N[C@@H](CCCCN)C(=O)N1CCc2ccccc2[C@H]1C(=O)N1C2CCCCC2C[C@H]1C(=O)NCC(=O)N[C@@H](Cc1ccccc1)C(=O)N1CCc2ccccc2[C@H]1C(=O)N1C2CCCCC2C[C@H]1C(=O)NCC(=O)N[C@@H](CCCCN)C(=O)N1CCc2ccccc2[C@H]1C(N)=O,6.3979400086720375,BacillusAnthracis
73354531,CC(=O)NCC(=O)N[C@@H](Cc1ccccc1)C(=O)N1CCc2ccccc2[C@H]1C(=O)N1C2CCCCC2C[C@H]1C(=O)NCC(=O)N[C@@H](CCCCN)C(=O)N1CCc2ccccc2[C@H]1C(=O)N1C2CCCCC2C[C@H]1C(=O)NCC(=O)N[C@@H](Cc1ccccc1)C(=O)N1CCc2ccccc2[C@H]1C(=O)N1C2CCCCC2C[C@H]1C(=O)NCC(=O)N[C@@H](CCCCN)C(=O)N1CCc2ccccc2[C@H]1C(=O)N[C@@H](CCCCN)C(=O)N[C@@H](CCCCN)C(=O)N[C@@H](CCCCN)C(N)=O,4.568636235841013,BacillusAnthracis
1380930,Oc1ccccc1C=Nc1ccc(Cc2ccc(N=Cc3ccccc3O)c(O)c2)cc1O,6.0,BacillusAnthracis
1380943,NC(=O)c1ccccc1NC(=O)c1ccc(C(=O)Nc2ccccc2C(N)=O)cc1,6.0,BacillusAnthracis
1380930,Oc1ccccc1C=Nc1ccc(Cc2ccc(N=Cc3ccccc3O)c(O)c2)cc1O,6.0,BacillusAnthracis
1380943,NC(=O)c1ccccc1NC(=O)c1ccc(C(=O)Nc2ccccc2C(N)=O)cc1,6.0,BacillusAnthracis
1380930,Oc1ccccc1C=Nc1ccc(Cc2ccc(N=Cc3ccccc3O)c(O)c2)cc1O,6.0,BacillusAnthracis
1380943,NC(=O)c1ccccc1NC(=O)c1ccc(C(=O)Nc2ccccc2C(N)=O)cc1,6.0,BacillusAnthracis
1380930,Oc1ccccc1C=Nc1ccc(Cc2ccc(N=Cc3ccccc3O)c(O)c2)cc1O,5.522878745280337,BacillusAnthracis
1380943,NC(=O)c1ccccc1NC(=O)c1ccc(C(=O)Nc2ccccc2C(N)=O)cc1,5.522878745280337,BacillusAnthracis
71462562,Cc1c(CCC(=O)O)c(=O)oc2c(C)c(OCc3ccc(-c4ccccc4)cc3)ccc12,5.619788758288394,BacillusAnthracis
71462562,Cc1c(CCC(=O)O)c(=O)oc2c(C)c(OCc3ccc(-c4ccccc4)cc3)ccc12,5.3979400086720375,BacillusAnthracis
71462562,Cc1c(CCC(=O)O)c(=O)oc2c(C)c(OCc3ccc(-c4ccccc4)cc3)ccc12,5.823908740944319,BacillusAnthracis
71462562,Cc1c(CCC(=O)O)c(=O)oc2c(C)c(OCc3ccc(-c4ccccc4)cc3)ccc12,5.7447274948966935,BacillusAnthracis
1296839,Cc1c(CCC(=O)O)c(=O)oc2c(C)c(OCc3cccc4ccccc34)ccc12,5.221848749616356,BacillusAnthracis
71450048,Cc1c(CCC(=O)O)c(=O)oc2c(C)c(OCc3ccc(-c4ccc(Cl)c(Cl)c4)cc3)ccc12,4.716698771296451,BacillusAnthracis
71450049,CNC(=O)CCc1c(C)c2ccc(OCc3ccc(-c4ccc(Cl)cc4)cc3)c(C)c2oc1=O,4.042392712939905,BacillusAnthracis
71450050,Cc1c(OCc2ccc(-c3ccccc3)cc2)ccc2cc(CCC(=O)O)c(=O)oc12,4.0,BacillusAnthracis
1748682,Cc1c(CCC(=O)O)c(=O)oc2c(C)c(OCc3ccc4ccccc4c3)ccc12,4.42021640338319,BacillusAnthracis
71451829,Cc1c(CCC(=O)O)c(=O)oc2cc(OCc3ccccc3-c3ccccc3)ccc12,5.10790539730952,BacillusAnthracis
71451830,Cc1c(CCC(=O)O)c(=O)oc2cc(OCc3cccc(-c4ccccc4)c3)ccc12,4.995678626217358,BacillusAnthracis
71451831,Cc1c(CCC(=O)O)c(=O)oc2cc(OCc3ccc(-c4ccccc4)cc3)ccc12,4.673664139071248,BacillusAnthracis
71451864,Cc1c(CC(=O)O)c(=O)oc2c(C)c(OCc3ccc(-c4ccccc4)cc3)ccc12,3.939302159646388,BacillusAnthracis
71451865,CCc1c(OCc2ccc(-c3ccccc3)cc2)ccc2c(C)c(CCCC(=O)O)c(=O)oc12,4.812479279163537,BacillusAnthracis
71455415,Cc1c(CCC(=O)O)c(=O)oc2c(C)c(OCc3ccc(-c4ccc(C(F)(F)F)cc4)cc3)ccc12,4.692503962086787,BacillusAnthracis
71455417,Cc1c(CCC(=O)NCCN(C)C)c(=O)oc2c(C)c(OCc3ccc(-c4ccccc4)cc3)ccc12,5.958607314841775,BacillusAnthracis
71457193,Cc1c(CCC(=O)O)c(=O)oc2c(C)c(OCc3ccc(-c4ccccc4C#N)cc3)ccc12,4.709965388637482,BacillusAnthracis
71460817,Cc1c(CCC(=O)O)c(=O)oc2c(C)c(OCc3c4ccccc4cc4ccccc34)ccc12,5.080921907623926,BacillusAnthracis
71460818,Cc1c(CCC(=O)O)c(=O)oc2c(C)c(OCc3ccccc3-c3ccccc3)ccc12,5.356547323513813,BacillusAnthracis
53377571,Cc1c(CCC(=O)O)c(=O)oc2c(C)c(OCc3ccc(-c4ccc(Cl)cc4)cc3)ccc12,4.6020599913279625,BacillusAnthracis
71460857,Cc1c(CCC(=O)O)c(=O)oc2c(C)c(OCc3ccc(-c4ccc(F)cc4)cc3)ccc12,4.716698771296451,BacillusAnthracis
71460858,Cc1c(CCCC(=O)O)c(=O)oc2c(C)c(OCc3ccc(-c4ccccc4)cc3)ccc12,4.508638306165727,BacillusAnthracis
71462536,Cc1c(CCC(=O)O)c(=O)oc2c(C)c(OCc3cccc(-c4ccccc4)c3)ccc12,5.251811972993799,BacillusAnthracis
71462562,Cc1c(CCC(=O)O)c(=O)oc2c(C)c(OCc3ccc(-c4ccccc4)cc3)ccc12,4.086186147616283,BacillusAnthracis
71462563,CCc1c(OCc2ccc(-c3ccccc3)cc2)ccc2c(C)c(CCC(=O)O)c(=O)oc12,4.376750709602099,BacillusAnthracis
71450048,Cc1c(CCC(=O)O)c(=O)oc2c(C)c(OCc3ccc(-c4ccc(Cl)c(Cl)c4)cc3)ccc12,5.200659450546418,BacillusAnthracis
71450050,Cc1c(OCc2ccc(-c3ccccc3)cc2)ccc2cc(CCC(=O)O)c(=O)oc12,4.0,BacillusAnthracis
1748682,Cc1c(CCC(=O)O)c(=O)oc2c(C)c(OCc3ccc4ccccc4c3)ccc12,4.0,BacillusAnthracis
71451864,Cc1c(CC(=O)O)c(=O)oc2c(C)c(OCc3ccc(-c4ccccc4)cc3)ccc12,4.903089986991944,BacillusAnthracis
71451865,CCc1c(OCc2ccc(-c3ccccc3)cc2)ccc2c(C)c(CCCC(=O)O)c(=O)oc12,4.0,BacillusAnthracis
71455415,Cc1c(CCC(=O)O)c(=O)oc2c(C)c(OCc3ccc(-c4ccc(C(F)(F)F)cc4)cc3)ccc12,5.200659450546418,BacillusAnthracis
71460817,Cc1c(CCC(=O)O)c(=O)oc2c(C)c(OCc3c4ccccc4cc4ccccc34)ccc12,4.301029995663981,BacillusAnthracis
71460858,Cc1c(CCCC(=O)O)c(=O)oc2c(C)c(OCc3ccc(-c4ccccc4)cc3)ccc12,4.0,BacillusAnthracis
1296839,Cc1c(CCC(=O)O)c(=O)oc2c(C)c(OCc3cccc4ccccc34)ccc12,4.0,BacillusAnthracis
71450048,Cc1c(CCC(=O)O)c(=O)oc2c(C)c(OCc3ccc(-c4ccc(Cl)c(Cl)c4)cc3)ccc12,5.522878745280337,BacillusAnthracis
71450049,CNC(=O)CCc1c(C)c2ccc(OCc3ccc(-c4ccc(Cl)cc4)cc3)c(C)c2oc1=O,4.0,BacillusAnthracis
71450050,Cc1c(OCc2ccc(-c3ccccc3)cc2)ccc2cc(CCC(=O)O)c(=O)oc12,4.0,BacillusAnthracis
1748682,Cc1c(CCC(=O)O)c(=O)oc2c(C)c(OCc3ccc4ccccc4c3)ccc12,4.0,BacillusAnthracis
71451829,Cc1c(CCC(=O)O)c(=O)oc2cc(OCc3ccccc3-c3ccccc3)ccc12,4.903089986991944,BacillusAnthracis
71451830,Cc1c(CCC(=O)O)c(=O)oc2cc(OCc3cccc(-c4ccccc4)c3)ccc12,5.0,BacillusAnthracis
71451831,Cc1c(CCC(=O)O)c(=O)oc2cc(OCc3ccc(-c4ccccc4)cc3)ccc12,5.505149978319906,BacillusAnthracis
71451864,Cc1c(CC(=O)O)c(=O)oc2c(C)c(OCc3ccc(-c4ccccc4)cc3)ccc12,5.086186147616283,BacillusAnthracis
71451865,CCc1c(OCc2ccc(-c3ccccc3)cc2)ccc2c(C)c(CCCC(=O)O)c(=O)oc12,4.0,BacillusAnthracis
71453684,Cc1c(CCC(=O)O)c(=O)oc2c(C)c(OCc3ccc(-c4ccc(F)cc4F)cc3)ccc12,4.0,BacillusAnthracis
71455415,Cc1c(CCC(=O)O)c(=O)oc2c(C)c(OCc3ccc(-c4ccc(C(F)(F)F)cc4)cc3)ccc12,4.301029995663981,BacillusAnthracis
71455417,Cc1c(CCC(=O)NCCN(C)C)c(=O)oc2c(C)c(OCc3ccc(-c4ccccc4)cc3)ccc12,5.301029995663981,BacillusAnthracis
71457193,Cc1c(CCC(=O)O)c(=O)oc2c(C)c(OCc3ccc(-c4ccccc4C#N)cc3)ccc12,5.6020599913279625,BacillusAnthracis
71460817,Cc1c(CCC(=O)O)c(=O)oc2c(C)c(OCc3c4ccccc4cc4ccccc34)ccc12,4.698970004336019,BacillusAnthracis
71460818,Cc1c(CCC(=O)O)c(=O)oc2c(C)c(OCc3ccccc3-c3ccccc3)ccc12,5.0,BacillusAnthracis
53377571,Cc1c(CCC(=O)O)c(=O)oc2c(C)c(OCc3ccc(-c4ccc(Cl)cc4)cc3)ccc12,5.903089986991944,BacillusAnthracis
71460857,Cc1c(CCC(=O)O)c(=O)oc2c(C)c(OCc3ccc(-c4ccc(F)cc4)cc3)ccc12,5.522878745280337,BacillusAnthracis
71460858,Cc1c(CCCC(=O)O)c(=O)oc2c(C)c(OCc3ccc(-c4ccccc4)cc3)ccc12,4.0,BacillusAnthracis
71462536,Cc1c(CCC(=O)O)c(=O)oc2c(C)c(OCc3cccc(-c4ccccc4)c3)ccc12,4.698970004336019,BacillusAnthracis
71462562,Cc1c(CCC(=O)O)c(=O)oc2c(C)c(OCc3ccc(-c4ccccc4)cc3)ccc12,5.6020599913279625,BacillusAnthracis
71462563,CCc1c(OCc2ccc(-c3ccccc3)cc2)ccc2c(C)c(CCC(=O)O)c(=O)oc12,5.301029995663981,BacillusAnthracis
1296839,Cc1c(CCC(=O)O)c(=O)oc2c(C)c(OCc3cccc4ccccc34)ccc12,4.187086643357144,BacillusAnthracis
71450048,Cc1c(CCC(=O)O)c(=O)oc2c(C)c(OCc3ccc(-c4ccc(Cl)c(Cl)c4)cc3)ccc12,5.522878745280337,BacillusAnthracis
71450049,CNC(=O)CCc1c(C)c2ccc(OCc3ccc(-c4ccc(Cl)cc4)cc3)c(C)c2oc1=O,4.0,BacillusAnthracis
71450050,Cc1c(OCc2ccc(-c3ccccc3)cc2)ccc2cc(CCC(=O)O)c(=O)oc12,5.6020599913279625,BacillusAnthracis
1748682,Cc1c(CCC(=O)O)c(=O)oc2c(C)c(OCc3ccc4ccccc4c3)ccc12,5.301029995663981,BacillusAnthracis
71451829,Cc1c(CCC(=O)O)c(=O)oc2cc(OCc3ccccc3-c3ccccc3)ccc12,5.301029995663981,BacillusAnthracis
71451830,Cc1c(CCC(=O)O)c(=O)oc2cc(OCc3cccc(-c4ccccc4)c3)ccc12,5.6020599913279625,BacillusAnthracis
71451831,Cc1c(CCC(=O)O)c(=O)oc2cc(OCc3ccc(-c4ccccc4)cc3)ccc12,5.6020599913279625,BacillusAnthracis
71451864,Cc1c(CC(=O)O)c(=O)oc2c(C)c(OCc3ccc(-c4ccccc4)cc3)ccc12,5.6020599913279625,BacillusAnthracis
71451865,CCc1c(OCc2ccc(-c3ccccc3)cc2)ccc2c(C)c(CCCC(=O)O)c(=O)oc12,5.6020599913279625,BacillusAnthracis
71453684,Cc1c(CCC(=O)O)c(=O)oc2c(C)c(OCc3ccc(-c4ccc(F)cc4F)cc3)ccc12,4.0,BacillusAnthracis
71455415,Cc1c(CCC(=O)O)c(=O)oc2c(C)c(OCc3ccc(-c4ccc(C(F)(F)F)cc4)cc3)ccc12,6.096910013008056,BacillusAnthracis
71455417,Cc1c(CCC(=O)NCCN(C)C)c(=O)oc2c(C)c(OCc3ccc(-c4ccccc4)cc3)ccc12,5.6020599913279625,BacillusAnthracis
71457193,Cc1c(CCC(=O)O)c(=O)oc2c(C)c(OCc3ccc(-c4ccccc4C#N)cc3)ccc12,5.903089986991944,BacillusAnthracis
71460817,Cc1c(CCC(=O)O)c(=O)oc2c(C)c(OCc3c4ccccc4cc4ccccc34)ccc12,5.6020599913279625,BacillusAnthracis
71460818,Cc1c(CCC(=O)O)c(=O)oc2c(C)c(OCc3ccccc3-c3ccccc3)ccc12,5.6020599913279625,BacillusAnthracis
53377571,Cc1c(CCC(=O)O)c(=O)oc2c(C)c(OCc3ccc(-c4ccc(Cl)cc4)cc3)ccc12,6.204119982655925,BacillusAnthracis
71460857,Cc1c(CCC(=O)O)c(=O)oc2c(C)c(OCc3ccc(-c4ccc(F)cc4)cc3)ccc12,6.096910013008056,BacillusAnthracis
71460858,Cc1c(CCCC(=O)O)c(=O)oc2c(C)c(OCc3ccc(-c4ccccc4)cc3)ccc12,5.903089986991944,BacillusAnthracis
71462536,Cc1c(CCC(=O)O)c(=O)oc2c(C)c(OCc3cccc(-c4ccccc4)c3)ccc12,6.204119982655925,BacillusAnthracis
71462562,Cc1c(CCC(=O)O)c(=O)oc2c(C)c(OCc3ccc(-c4ccccc4)cc3)ccc12,5.903089986991944,BacillusAnthracis
71462563,CCc1c(OCc2ccc(-c3ccccc3)cc2)ccc2c(C)c(CCC(=O)O)c(=O)oc12,5.903089986991944,BacillusAnthracis
71450010,Cc1c(CCC(=O)O)c(=O)oc2c(C)c(OCc3ccc4ccc(Cl)cc4n3)ccc12,4.301029995663981,BacillusAnthracis
71450011,Cc1c(CCC(=O)O)c(=O)oc2cc(OCc3nccc4ccccc34)ccc12,4.0,BacillusAnthracis
71450048,Cc1c(CCC(=O)O)c(=O)oc2c(C)c(OCc3ccc(-c4ccc(Cl)c(Cl)c4)cc3)ccc12,5.619788758288394,BacillusAnthracis
71450049,CNC(=O)CCc1c(C)c2ccc(OCc3ccc(-c4ccc(Cl)cc4)cc3)c(C)c2oc1=O,4.42021640338319,BacillusAnthracis
71450050,Cc1c(OCc2ccc(-c3ccccc3)cc2)ccc2cc(CCC(=O)O)c(=O)oc12,4.853871964321762,BacillusAnthracis
71450051,C#CCOc1ccc2c(C)c(CCC(=O)O)c(=O)oc2c1C,4.0,BacillusAnthracis
1748682,Cc1c(CCC(=O)O)c(=O)oc2c(C)c(OCc3ccc4ccccc4c3)ccc12,5.096910013008056,BacillusAnthracis
71451829,Cc1c(CCC(=O)O)c(=O)oc2cc(OCc3ccccc3-c3ccccc3)ccc12,4.920818753952375,BacillusAnthracis
71451830,Cc1c(CCC(=O)O)c(=O)oc2cc(OCc3cccc(-c4ccccc4)c3)ccc12,4.823908740944319,BacillusAnthracis
71451831,Cc1c(CCC(=O)O)c(=O)oc2cc(OCc3ccc(-c4ccccc4)cc3)ccc12,5.221848749616356,BacillusAnthracis
71451864,Cc1c(CC(=O)O)c(=O)oc2c(C)c(OCc3ccc(-c4ccccc4)cc3)ccc12,5.0655015487564325,BacillusAnthracis
71451865,CCc1c(OCc2ccc(-c3ccccc3)cc2)ccc2c(C)c(CCCC(=O)O)c(=O)oc12,5.7447274948966935,BacillusAnthracis
71451866,C=CCOc1ccc2c(C)c(CCC(=O)O)c(=O)oc2c1C,4.0,BacillusAnthracis
71453652,Cc1c(CCC(=O)O)c(=O)oc2c(C)c(OCc3nccc4ccccc34)ccc12,4.0,BacillusAnthracis
71453684,Cc1c(CCC(=O)O)c(=O)oc2c(C)c(OCc3ccc(-c4ccc(F)cc4F)cc3)ccc12,5.309803919971486,BacillusAnthracis
71455415,Cc1c(CCC(=O)O)c(=O)oc2c(C)c(OCc3ccc(-c4ccc(C(F)(F)F)cc4)cc3)ccc12,5.481486060122113,BacillusAnthracis
71455416,CC(=O)NCCNC(=O)CCc1c(C)c2ccc(OCc3ccc(-c4ccccc4)cc3)c(C)c2oc1=O,4.0,BacillusAnthracis
71455417,Cc1c(CCC(=O)NCCN(C)C)c(=O)oc2c(C)c(OCc3ccc(-c4ccccc4)cc3)ccc12,5.769551078621726,BacillusAnthracis
71457193,Cc1c(CCC(=O)O)c(=O)oc2c(C)c(OCc3ccc(-c4ccccc4C#N)cc3)ccc12,5.337242168318426,BacillusAnthracis
71460815,Cc1c(CCC(=O)O)c(=O)oc2c(C)c(OCc3ccncc3)ccc12,4.0,BacillusAnthracis
71460816,Cc1c(CCC(=O)O)c(=O)oc2cc(OCc3ccc4ccc(Cl)cc4n3)ccc12,4.154901959985743,BacillusAnthracis
71460817,Cc1c(CCC(=O)O)c(=O)oc2c(C)c(OCc3c4ccccc4cc4ccccc34)ccc12,5.080921907623926,BacillusAnthracis
71460818,Cc1c(CCC(=O)O)c(=O)oc2c(C)c(OCc3ccccc3-c3ccccc3)ccc12,5.045757490560675,BacillusAnthracis
53377571,Cc1c(CCC(=O)O)c(=O)oc2c(C)c(OCc3ccc(-c4ccc(Cl)cc4)cc3)ccc12,6.0,BacillusAnthracis
71460857,Cc1c(CCC(=O)O)c(=O)oc2c(C)c(OCc3ccc(-c4ccc(F)cc4)cc3)ccc12,5.431798275933005,BacillusAnthracis
71460858,Cc1c(CCCC(=O)O)c(=O)oc2c(C)c(OCc3ccc(-c4ccccc4)cc3)ccc12,5.657577319177793,BacillusAnthracis
71462536,Cc1c(CCC(=O)O)c(=O)oc2c(C)c(OCc3cccc(-c4ccccc4)c3)ccc12,5.221848749616356,BacillusAnthracis
71462562,Cc1c(CCC(=O)O)c(=O)oc2c(C)c(OCc3ccc(-c4ccccc4)cc3)ccc12,5.698970004336019,BacillusAnthracis
71462563,CCc1c(OCc2ccc(-c3ccccc3)cc2)ccc2c(C)c(CCC(=O)O)c(=O)oc12,5.698970004336019,BacillusAnthracis
1800933,Cc1c(CCC(=O)O)c(=O)oc2c(C)c(OCc3ccccc3)ccc12,4.221848749616356,BacillusAnthracis
71450010,Cc1c(CCC(=O)O)c(=O)oc2c(C)c(OCc3ccc4ccc(Cl)cc4n3)ccc12,4.251811972993799,BacillusAnthracis
71450011,Cc1c(CCC(=O)O)c(=O)oc2cc(OCc3nccc4ccccc34)ccc12,4.0,BacillusAnthracis
71450048,Cc1c(CCC(=O)O)c(=O)oc2c(C)c(OCc3ccc(-c4ccc(Cl)c(Cl)c4)cc3)ccc12,5.522878745280337,BacillusAnthracis
71450049,CNC(=O)CCc1c(C)c2ccc(OCc3ccc(-c4ccc(Cl)cc4)cc3)c(C)c2oc1=O,4.0,BacillusAnthracis
71450050,Cc1c(OCc2ccc(-c3ccccc3)cc2)ccc2cc(CCC(=O)O)c(=O)oc12,4.6777807052660805,BacillusAnthracis
71450051,C#CCOc1ccc2c(C)c(CCC(=O)O)c(=O)oc2c1C,4.0,BacillusAnthracis
1748682,Cc1c(CCC(=O)O)c(=O)oc2c(C)c(OCc3ccc4ccccc4c3)ccc12,5.045757490560675,BacillusAnthracis
71451829,Cc1c(CCC(=O)O)c(=O)oc2cc(OCc3ccccc3-c3ccccc3)ccc12,4.721246399047171,BacillusAnthracis
71451830,Cc1c(CCC(=O)O)c(=O)oc2cc(OCc3cccc(-c4ccccc4)c3)ccc12,4.823908740944319,BacillusAnthracis
71451831,Cc1c(CCC(=O)O)c(=O)oc2cc(OCc3ccc(-c4ccccc4)cc3)ccc12,5.013228265733755,BacillusAnthracis
71451864,Cc1c(CC(=O)O)c(=O)oc2c(C)c(OCc3ccc(-c4ccccc4)cc3)ccc12,5.045757490560675,BacillusAnthracis
71451865,CCc1c(OCc2ccc(-c3ccccc3)cc2)ccc2c(C)c(CCCC(=O)O)c(=O)oc12,5.301029995663981,BacillusAnthracis
71451866,C=CCOc1ccc2c(C)c(CCC(=O)O)c(=O)oc2c1C,4.0,BacillusAnthracis
71453652,Cc1c(CCC(=O)O)c(=O)oc2c(C)c(OCc3nccc4ccccc34)ccc12,4.0,BacillusAnthracis
71453684,Cc1c(CCC(=O)O)c(=O)oc2c(C)c(OCc3ccc(-c4ccc(F)cc4F)cc3)ccc12,5.045757490560675,BacillusAnthracis
71455415,Cc1c(CCC(=O)O)c(=O)oc2c(C)c(OCc3ccc(-c4ccc(C(F)(F)F)cc4)cc3)ccc12,5.214670164989233,BacillusAnthracis
71455416,CC(=O)NCCNC(=O)CCc1c(C)c2ccc(OCc3ccc(-c4ccccc4)cc3)c(C)c2oc1=O,4.0,BacillusAnthracis
71455417,Cc1c(CCC(=O)NCCN(C)C)c(=O)oc2c(C)c(OCc3ccc(-c4ccccc4)cc3)ccc12,5.7447274948966935,BacillusAnthracis
71457193,Cc1c(CCC(=O)O)c(=O)oc2c(C)c(OCc3ccc(-c4ccccc4C#N)cc3)ccc12,5.42021640338319,BacillusAnthracis
71460815,Cc1c(CCC(=O)O)c(=O)oc2c(C)c(OCc3ccncc3)ccc12,4.0,BacillusAnthracis
71460816,Cc1c(CCC(=O)O)c(=O)oc2cc(OCc3ccc4ccc(Cl)cc4n3)ccc12,4.0,BacillusAnthracis
71460817,Cc1c(CCC(=O)O)c(=O)oc2c(C)c(OCc3c4ccccc4cc4ccccc34)ccc12,5.142667503568732,BacillusAnthracis
71460818,Cc1c(CCC(=O)O)c(=O)oc2c(C)c(OCc3ccccc3-c3ccccc3)ccc12,4.991399828238082,BacillusAnthracis
53377571,Cc1c(CCC(=O)O)c(=O)oc2c(C)c(OCc3ccc(-c4ccc(Cl)cc4)cc3)ccc12,5.823908740944319,BacillusAnthracis
71460857,Cc1c(CCC(=O)O)c(=O)oc2c(C)c(OCc3ccc(-c4ccc(F)cc4)cc3)ccc12,5.292429823902063,BacillusAnthracis
71460858,Cc1c(CCCC(=O)O)c(=O)oc2c(C)c(OCc3ccc(-c4ccccc4)cc3)ccc12,5.698970004336019,BacillusAnthracis
71462536,Cc1c(CCC(=O)O)c(=O)oc2c(C)c(OCc3cccc(-c4ccccc4)c3)ccc12,5.1249387366083,BacillusAnthracis
71462562,Cc1c(CCC(=O)O)c(=O)oc2c(C)c(OCc3ccc(-c4ccccc4)cc3)ccc12,5.522878745280337,BacillusAnthracis
71462563,CCc1c(OCc2ccc(-c3ccccc3)cc2)ccc2c(C)c(CCC(=O)O)c(=O)oc12,5.698970004336019,BacillusAnthracis
1800933,Cc1c(CCC(=O)O)c(=O)oc2c(C)c(OCc3ccccc3)ccc12,4.070581074285707,BacillusAnthracis
686892,O=C(Nc1ccccc1)c1cccc2c1C(=O)c1ccccc1-2,4.543633966870957,BacillusAnthracis
698187,O=C(O)c1cccc(NC(=O)c2cccc3c2C(=O)c2ccccc2-3)c1,5.785156151952302,BacillusAnthracis
57652688,COC(=O)c1cccc(NC(=O)c2cccc3c2C(=O)c2ccccc2-3)c1,4.958607314841775,BacillusAnthracis
57652702,Nc1cc(NC(=O)c2cccc3c2C(=O)c2ccccc2-3)cc(C(=O)O)c1,6.00436480540245,BacillusAnthracis
25234406,COc1ccc(C(=O)O)cc1NC(=O)c1cccc2c1C(=O)c1ccccc1-2,5.235823867609669,BacillusAnthracis
57652692,CSc1cccc(NC(=O)c2cccc3c2C(=O)c2ccccc2-3)c1,4.5845258318907645,BacillusAnthracis
25234402,O=C(Nc1cccc(OC(F)(F)F)c1)c1cccc2c1C(=O)c1ccccc1-2,5.167491087293763,BacillusAnthracis
57652691,O=C(O)c1cccc(NC(=O)c2cccc3c2C(=O)c2ccccc2-3)c1Cl,5.035740369803151,BacillusAnthracis
25234468,O=C(Nc1ccc(F)c(Cl)c1)c1cccc2c1C(=O)c1ccccc1-2,5.42021640338319,BacillusAnthracis
71455734,COC(=O)c1cccc(NC(=O)c2cccc(-c3ccccc3)c2)c1,4.721246399047171,BacillusAnthracis
56838292,O=C(O)c1cccc(NC(=O)c2cccc3c2C(=O)c2ccccc2-3)c1O,5.248720896016658,BacillusAnthracis
25234408,COC(=O)c1cc(NC(=O)c2cccc3c2C(=O)c2ccccc2-3)ccc1O,4.0,BacillusAnthracis
25234469,COC(=O)c1ccc(OC)c(NC(=O)c2cccc3c2C(=O)c2ccccc2-3)c1,5.1438755557577,BacillusAnthracis
25234466,O=C(NO)c1cccc(NC(=O)c2cccc3c2C(=O)c2ccccc2-3)c1,4.888737486340935,BacillusAnthracis
256617,O=C(O)c1cccc(NC(=O)c2ccccc2)c1,4.0,BacillusAnthracis
25234465,O=C(O)c1cc(NC(=O)c2cccc3c2C(=O)c2ccccc2-3)ccc1O,5.20690839982342,BacillusAnthracis
25234170,CN(C)c1cccc(NC(=O)c2cccc3c2C(=O)c2ccccc2-3)c1,5.82102305270683,BacillusAnthracis
56838293,N=C(N)c1cccc(NC(=O)c2cccc3c2C(=O)c2ccccc2-3)c1,5.567030709125595,BacillusAnthracis
25234464,Nc1ccc(NC(=O)c2cccc3c2C(=O)c2ccccc2-3)cc1C(=O)O,5.216096420727265,BacillusAnthracis
25234403,Cc1c(NC(=O)c2cccc3c2C(=O)c2ccccc2-3)cccc1C(=O)O,4.944621668625,BacillusAnthracis
57652687,Nc1ccc(NC(=O)c2cccc3c2C(=O)c2ccccc2-3)c(C(=O)O)c1,4.096910013008056,BacillusAnthracis
25234397,COC(=O)c1cccc(NC(=O)c2cccc3c2C(=O)c2ccccc2-3)c1C,4.888737486340935,BacillusAnthracis
71654703,COc1cc(C(=O)Nc2nc3ccc4nc(N5CCN(C)CC5)sc4c3s2)cc(OC)c1OC,5.0,BacillusAnthracis
71654704,COc1cc(C(=O)Nc2nc3ccc4nc(NCCO)sc4c3s2)cc(OC)c1OC,4.769551078621726,BacillusAnthracis
71655695,CNc1nc2ccc3nc(NC(=O)c4cccc(OC)c4)sc3c2s1,5.698970004336019,BacillusAnthracis
71655695,CNc1nc2ccc3nc(NC(=O)c4cccc(OC)c4)sc3c2s1,5.698970004336019,BacillusAnthracis
71654703,COc1cc(C(=O)Nc2nc3ccc4nc(N5CCN(C)CC5)sc4c3s2)cc(OC)c1OC,5.552841968657781,BacillusAnthracis
71655696,CCCNc1nc2ccc3nc(NC(=O)c4cccc(OC)c4)sc3c2s1,7.096910013008056,BacillusAnthracis
71654702,COc1cc(C(=O)Nc2nc3ccc4nc(NCCN5CCOCC5)sc4c3s2)cc(OC)c1OC,5.2441251443275085,BacillusAnthracis
71655698,COc1cccc(C(=O)Nc2nc3ccc4nc(NCC(C)C)sc4c3s2)c1,4.356547323513812,BacillusAnthracis
71655760,COc1cccc(C(=O)Nc2nc3ccc4nc(NCCO)sc4c3s2)c1,4.0,BacillusAnthracis
4220239,COc1cccc(C(=O)Nc2nc3ccc4nc(SC)sc4c3s2)c1,4.906578314837765,BacillusAnthracis
71655761,CNc1nc2ccc3nc(NC(=O)c4cc(OC)c(OC)c(OC)c4)sc3c2s1,4.0,BacillusAnthracis
71655695,CNc1nc2ccc3nc(NC(=O)c4cccc(OC)c4)sc3c2s1,4.0,BacillusAnthracis
71654704,COc1cc(C(=O)Nc2nc3ccc4nc(NCCO)sc4c3s2)cc(OC)c1OC,4.0,BacillusAnthracis
3375425,CSc1nc2ccc3nc(NC(=O)c4cccc(N5C(=O)CCC5=O)c4)sc3c2s1,4.0,BacillusAnthracis
71655758,COc1cccc(C(=O)Nc2nc3ccc4nc(NCCN5CCOCC5)sc4c3s2)c1,5.017728766960431,BacillusAnthracis
4295619,COc1cc(C(=O)Nc2nc3ccc4nc(SC)sc4c3s2)cc(OC)c1OC,4.0,BacillusAnthracis
71655759,COc1cccc(C(=O)Nc2nc3ccc4nc(N5CCOCC5)sc4c3s2)c1,4.0,BacillusAnthracis
71654701,COc1cc(C(=O)Nc2nc3ccc4nc(NCCN(C)C)sc4c3s2)cc(OC)c1OC,6.107905397309519,BacillusAnthracis
71654703,COc1cc(C(=O)Nc2nc3ccc4nc(N5CCN(C)CC5)sc4c3s2)cc(OC)c1OC,6.698970004336019,BacillusAnthracis
71655696,CCCNc1nc2ccc3nc(NC(=O)c4cccc(OC)c4)sc3c2s1,5.886056647693163,BacillusAnthracis
71654702,COc1cc(C(=O)Nc2nc3ccc4nc(NCCN5CCOCC5)sc4c3s2)cc(OC)c1OC,6.698970004336019,BacillusAnthracis
71655698,COc1cccc(C(=O)Nc2nc3ccc4nc(NCC(C)C)sc4c3s2)c1,5.045757490560675,BacillusAnthracis
71655760,COc1cccc(C(=O)Nc2nc3ccc4nc(NCCO)sc4c3s2)c1,5.376750709602099,BacillusAnthracis
71654705,COc1cc(CNc2nc3ccc4nc(SC)sc4c3s2)cc(OC)c1OC,4.0,BacillusAnthracis
4220239,COc1cccc(C(=O)Nc2nc3ccc4nc(SC)sc4c3s2)c1,5.180456064458132,BacillusAnthracis
71655756,COc1cccc(C(=O)Nc2nc3ccc4nc(NCc5ccccc5)sc4c3s2)c1,4.0,BacillusAnthracis
71655761,CNc1nc2ccc3nc(NC(=O)c4cc(OC)c(OC)c(OC)c4)sc3c2s1,6.698970004336019,BacillusAnthracis
71655695,CNc1nc2ccc3nc(NC(=O)c4cccc(OC)c4)sc3c2s1,5.657577319177793,BacillusAnthracis
71655697,COc1cccc(C(=O)Nc2nc3ccc4nc(NC(C)C)sc4c3s2)c1,4.096910013008056,BacillusAnthracis
71655699,COc1cccc(C(=O)Nc2nc3ccc4nc(NC5CCCCC5)sc4c3s2)c1,4.0,BacillusAnthracis
71654704,COc1cc(C(=O)Nc2nc3ccc4nc(NCCO)sc4c3s2)cc(OC)c1OC,6.522878745280337,BacillusAnthracis
3375425,CSc1nc2ccc3nc(NC(=O)c4cccc(N5C(=O)CCC5=O)c4)sc3c2s1,4.920818753952375,BacillusAnthracis
71655758,COc1cccc(C(=O)Nc2nc3ccc4nc(NCCN5CCOCC5)sc4c3s2)c1,5.657577319177793,BacillusAnthracis
71654706,COc1cc(/C=N/c2nc3ccc4nc(SC)sc4c3s2)cc(OC)c1OC,4.0,BacillusAnthracis
4295619,COc1cc(C(=O)Nc2nc3ccc4nc(SC)sc4c3s2)cc(OC)c1OC,6.3979400086720375,BacillusAnthracis
71655757,COc1cccc(C(=O)Nc2nc3ccc4nc(NCCN(C)C)sc4c3s2)c1,6.0,BacillusAnthracis
71655759,COc1cccc(C(=O)Nc2nc3ccc4nc(N5CCOCC5)sc4c3s2)c1,5.522878745280337,BacillusAnthracis
71654701,COc1cc(C(=O)Nc2nc3ccc4nc(NCCN(C)C)sc4c3s2)cc(OC)c1OC,6.698970004336019,BacillusAnthracis
16879825,CSc1nc2ccc3nc(NC(=O)c4cc(C)no4)sc3c2s1,4.301029995663981,BacillusAnthracis
71654703,COc1cc(C(=O)Nc2nc3ccc4nc(N5CCN(C)CC5)sc4c3s2)cc(OC)c1OC,6.698970004336019,BacillusAnthracis
4600585,CSc1nc2ccc3nc(NC(=O)c4ccccc4Cl)sc3c2s1,4.0,BacillusAnthracis
3600650,COc1ccc(C(=O)Nc2nc3ccc4nc(SC)sc4c3s2)cc1OC,5.6777807052660805,BacillusAnthracis
4080823,CSc1nc2ccc3nc(NC(=O)CN4C(=O)CCC4=O)sc3c2s1,4.0,BacillusAnthracis
71655696,CCCNc1nc2ccc3nc(NC(=O)c4cccc(OC)c4)sc3c2s1,5.958607314841775,BacillusAnthracis
71654702,COc1cc(C(=O)Nc2nc3ccc4nc(NCCN5CCOCC5)sc4c3s2)cc(OC)c1OC,6.698970004336019,BacillusAnthracis
4651889,CSc1nc2ccc3nc(NC(=O)c4ccc(C#N)cc4)sc3c2s1,4.958607314841775,BacillusAnthracis
3439001,CCOc1ccc(C(=O)Nc2nc3ccc4nc(SC)sc4c3s2)cc1,5.161150909262744,BacillusAnthracis
3340823,CSc1nc2ccc3nc(NC(=O)c4ccccc4Br)sc3c2s1,4.0,BacillusAnthracis
3574626,COc1ccc(C(=O)Nc2nc3ccc4nc(SC)sc4c3s2)c(OC)c1,4.0,BacillusAnthracis
4248576,CSc1nc2ccc3nc(NC(=O)c4ccc(C)cc4)sc3c2s1,5.119186407719209,BacillusAnthracis
3369378,CSc1nc2ccc3nc(NC(=O)COc4ccc(Cl)cc4Cl)sc3c2s1,4.0,BacillusAnthracis
4166581,COc1cc2ccccc2cc1C(=O)Nc1nc2ccc3nc(SC)sc3c2s1,4.301029995663981,BacillusAnthracis
5225046,CSc1nc2ccc3nc(NC(=O)c4ccc(N5C(=O)CCC5=O)cc4)sc3c2s1,5.886056647693163,BacillusAnthracis
4098531,COc1cccc(OC)c1C(=O)Nc1nc2ccc3nc(SC)sc3c2s1,4.0,BacillusAnthracis
5091619,CSc1nc2ccc3nc(NC(=O)c4ccc(C)c(C)c4)sc3c2s1,5.494850021680094,BacillusAnthracis
3244010,CSc1nc2ccc3nc(NC(=O)c4cccs4)sc3c2s1,4.045757490560675,BacillusAnthracis
4649936,CSc1nc2ccc3nc(NC(=O)c4ccc5c(c4)OCCO5)sc3c2s1,5.522878745280337,BacillusAnthracis
4347280,CSc1nc2ccc3nc(NC(=O)CCc4ccccc4)sc3c2s1,4.0,BacillusAnthracis
4646592,CSc1nc2ccc3nc(NC(=O)c4ccco4)sc3c2s1,3.9913998282380825,BacillusAnthracis
45501813,CSc1nc2ccc3nc(NC(=O)c4c(C)cnn4C)sc3c2s1,4.301029995663981,BacillusAnthracis
71655698,COc1cccc(C(=O)Nc2nc3ccc4nc(NCC(C)C)sc4c3s2)c1,4.886056647693163,BacillusAnthracis
71655760,COc1cccc(C(=O)Nc2nc3ccc4nc(NCCO)sc4c3s2)c1,5.657577319177793,BacillusAnthracis
71654705,COc1cc(CNc2nc3ccc4nc(SC)sc4c3s2)cc(OC)c1OC,4.0,BacillusAnthracis
4455414,CSc1nc2ccc3nc(NC(=O)c4ccc(Cl)cc4)sc3c2s1,5.301029995663981,BacillusAnthracis
49676222,CSc1nc2ccc3nc(NC(=O)c4ccc(N(C)C)cc4)sc3c2s1,5.619788758288394,BacillusAnthracis
4220239,COc1cccc(C(=O)Nc2nc3ccc4nc(SC)sc4c3s2)c1,4.903089986991944,BacillusAnthracis
3587194,CSc1nc2ccc3nc(NC(=O)c4cccc([N+](=O)[O-])c4)sc3c2s1,5.552841968657781,BacillusAnthracis
4088386,CSc1nc2ccc3nc(NC(=O)c4c(F)cccc4F)sc3c2s1,4.1904402853647325,BacillusAnthracis
71655756,COc1cccc(C(=O)Nc2nc3ccc4nc(NCc5ccccc5)sc4c3s2)c1,4.1249387366083,BacillusAnthracis
71655761,CNc1nc2ccc3nc(NC(=O)c4cc(OC)c(OC)c(OC)c4)sc3c2s1,6.698970004336019,BacillusAnthracis
3598847,CSc1nc2ccc3nc(NC(=O)c4ccc(C(C)(C)C)cc4)sc3c2s1,4.0,BacillusAnthracis
5129128,CSc1nc2ccc3nc(NC(=O)c4ccc(Oc5ccccc5)cc4)sc3c2s1,4.0,BacillusAnthracis
4175300,CSc1nc2ccc3nc(NC(=O)c4cccc(F)c4)sc3c2s1,5.481486060122113,BacillusAnthracis
4300924,CSc1nc2ccc3nc(NC(=O)C4CC4)sc3c2s1,4.0,BacillusAnthracis
5085616,CSc1nc2ccc3nc(NC(=O)Cc4ccccc4)sc3c2s1,4.327902142064283,BacillusAnthracis
73353493,COc1c(C(=O)Nc2nc3ccc4nc(SC)sc4c3s2)cnn1C,4.0,BacillusAnthracis
71655695,CNc1nc2ccc3nc(NC(=O)c4cccc(OC)c4)sc3c2s1,6.301029995663981,BacillusAnthracis
71655697,COc1cccc(C(=O)Nc2nc3ccc4nc(NC(C)C)sc4c3s2)c1,4.187086643357144,BacillusAnthracis
71655699,COc1cccc(C(=O)Nc2nc3ccc4nc(NC5CCCCC5)sc4c3s2)c1,4.045757490560675,BacillusAnthracis
71654704,COc1cc(C(=O)Nc2nc3ccc4nc(NCCO)sc4c3s2)cc(OC)c1OC,6.698970004336019,BacillusAnthracis
3375425,CSc1nc2ccc3nc(NC(=O)c4cccc(N5C(=O)CCC5=O)c4)sc3c2s1,5.301029995663981,BacillusAnthracis
15996488,CCN(CC)c1ccc(C(=O)Nc2nc3ccc4nc(SC)sc4c3s2)cc1,4.0,BacillusAnthracis
3536746,CSc1nc2ccc3nc(NC(=O)c4ccccc4C)sc3c2s1,5.180456064458132,BacillusAnthracis
71655758,COc1cccc(C(=O)Nc2nc3ccc4nc(NCCN5CCOCC5)sc4c3s2)c1,6.301029995663981,BacillusAnthracis
71654706,COc1cc(/C=N/c2nc3ccc4nc(SC)sc4c3s2)cc(OC)c1OC,4.0,BacillusAnthracis
3524535,COC(=O)c1ccc(C(=O)Nc2nc3ccc4nc(SC)sc4c3s2)cc1,5.431798275933005,BacillusAnthracis
4134431,COc1ccc(C(=O)Nc2nc3ccc4nc(SC)sc4c3s2)cc1,5.657577319177793,BacillusAnthracis
49676223,CSc1nc2ccc3nc(NC(=O)c4cccc(N(C)C)c4)sc3c2s1,4.443697499232713,BacillusAnthracis
3646039,CSc1nc2ccc3nc(NC(=O)c4cccc(Br)c4)sc3c2s1,5.638272163982407,BacillusAnthracis
5150971,CSc1nc2ccc3nc(NC(=O)c4ccccc4Oc4ccccc4)sc3c2s1,4.0,BacillusAnthracis
4576034,COc1cc(OC)cc(C(=O)Nc2nc3ccc4nc(SC)sc4c3s2)c1,5.769551078621726,BacillusAnthracis
4295619,COc1cc(C(=O)Nc2nc3ccc4nc(SC)sc4c3s2)cc(OC)c1OC,6.154901959985743,BacillusAnthracis
45497409,CSc1nc2ccc3nc(NC(=O)c4cnccn4)sc3c2s1,4.552841968657781,BacillusAnthracis
71655757,COc1cccc(C(=O)Nc2nc3ccc4nc(NCCN(C)C)sc4c3s2)c1,6.0,BacillusAnthracis
71655759,COc1cccc(C(=O)Nc2nc3ccc4nc(N5CCOCC5)sc4c3s2)c1,5.638272163982407,BacillusAnthracis
71654701,COc1cc(C(=O)Nc2nc3ccc4nc(NCCN(C)C)sc4c3s2)cc(OC)c1OC,6.698970004336019,BacillusAnthracis
4099847,CSc1nc2ccc3nc(NC(=O)c4ccc(OC(C)C)cc4)sc3c2s1,4.0,BacillusAnthracis
5048791,CCN(CC)S(=O)(=O)c1ccc(C(=O)Nc2nc3ccc4nc(SC)sc4c3s2)cc1,4.0,BacillusAnthracis
4688133,CSc1nc2ccc3nc(NC(=O)c4cccc(Cl)c4)sc3c2s1,5.275724130399211,BacillusAnthracis
5159938,CSc1nc2ccc3nc(NC(=O)c4ccccc4F)sc3c2s1,4.301029995663981,BacillusAnthracis
4117778,O=C(COc1ccccc1)NCCSc1c[nH]c2ccccc12,4.173925197299174,BacillusAnthracis
7117403,O=C(C(=O)N1CC=C(c2ccccc2)CC1)c1c[nH]c2ccccc12,4.4089353929735005,BacillusAnthracis
5564,Oc1cc(Cl)ccc1Oc1ccc(Cl)cc1Cl,5.267606240177032,BacillusAnthracis
4117778,O=C(COc1ccccc1)NCCSc1c[nH]c2ccccc12,4.522878745280337,BacillusAnthracis
7117403,O=C(C(=O)N1CC=C(c2ccccc2)CC1)c1c[nH]c2ccccc12,4.154901959985743,BacillusAnthracis
3225852,O=C(CC1CCCCC1)N1CCC(c2nc(-c3ccc(S(=O)(=O)N4CCCC4)cc3)no2)CC1,5.096910013008056,BacillusAnthracis
5564,Oc1cc(Cl)ccc1Oc1ccc(Cl)cc1Cl,5.376750709602099,BacillusAnthracis
4117778,O=C(COc1ccccc1)NCCSc1c[nH]c2ccccc12,4.522878745280337,BacillusAnthracis
7117403,O=C(C(=O)N1CC=C(c2ccccc2)CC1)c1c[nH]c2ccccc12,4.200659450546419,BacillusAnthracis
3225852,O=C(CC1CCCCC1)N1CCC(c2nc(-c3ccc(S(=O)(=O)N4CCCC4)cc3)no2)CC1,5.154901959985743,BacillusAnthracis
5564,Oc1cc(Cl)ccc1Oc1ccc(Cl)cc1Cl,5.221848749616356,BacillusAnthracis
4117778,O=C(COc1ccccc1)NCCSc1c[nH]c2ccccc12,4.096910013008056,BacillusAnthracis
7117403,O=C(C(=O)N1CC=C(c2ccccc2)CC1)c1c[nH]c2ccccc12,4.853871964321762,BacillusAnthracis
3225852,O=C(CC1CCCCC1)N1CCC(c2nc(-c3ccc(S(=O)(=O)N4CCCC4)cc3)no2)CC1,5.301029995663981,BacillusAnthracis
5564,Oc1cc(Cl)ccc1Oc1ccc(Cl)cc1Cl,6.522878745280337,BacillusAnthracis
4117778,O=C(COc1ccccc1)NCCSc1c[nH]c2ccccc12,4.920818753952375,BacillusAnthracis
7117403,O=C(C(=O)N1CC=C(c2ccccc2)CC1)c1c[nH]c2ccccc12,6.221848749616356,BacillusAnthracis
3225852,O=C(CC1CCCCC1)N1CCC(c2nc(-c3ccc(S(=O)(=O)N4CCCC4)cc3)no2)CC1,6.769551078621726,BacillusAnthracis
5564,Oc1cc(Cl)ccc1Oc1ccc(Cl)cc1Cl,7.301029995663981,BacillusAnthracis
4117778,O=C(COc1ccccc1)NCCSc1c[nH]c2ccccc12,5.522878745280337,BacillusAnthracis
7117403,O=C(C(=O)N1CC=C(c2ccccc2)CC1)c1c[nH]c2ccccc12,6.522878745280337,BacillusAnthracis
3225852,O=C(CC1CCCCC1)N1CCC(c2nc(-c3ccc(S(=O)(=O)N4CCCC4)cc3)no2)CC1,6.096910013008056,BacillusAnthracis
5564,Oc1cc(Cl)ccc1Oc1ccc(Cl)cc1Cl,4.853871964321762,BacillusAnthracis
4117778,O=C(COc1ccccc1)NCCSc1c[nH]c2ccccc12,3.903089986991944,BacillusAnthracis
7117403,O=C(C(=O)N1CC=C(c2ccccc2)CC1)c1c[nH]c2ccccc12,5.045757490560675,BacillusAnthracis
3225852,O=C(CC1CCCCC1)N1CCC(c2nc(-c3ccc(S(=O)(=O)N4CCCC4)cc3)no2)CC1,3.903089986991944,BacillusAnthracis
5564,Oc1cc(Cl)ccc1Oc1ccc(Cl)cc1Cl,5.886056647693163,BacillusAnthracis
4117778,O=C(COc1ccccc1)NCCSc1c[nH]c2ccccc12,4.698970004336019,BacillusAnthracis
7117403,O=C(C(=O)N1CC=C(c2ccccc2)CC1)c1c[nH]c2ccccc12,5.522878745280337,BacillusAnthracis
3225852,O=C(CC1CCCCC1)N1CCC(c2nc(-c3ccc(S(=O)(=O)N4CCCC4)cc3)no2)CC1,5.096910013008056,BacillusAnthracis
4829,CCc1ccc(CCOc2ccc(CC3SC(=O)NC3=O)cc2)nc1,4.102372908709558,BacillusAnthracis
6253,Nc1ccn([C@@H]2O[C@H](CO)[C@@H](O)[C@@H]2O)c(=O)n1,4.229147988357856,BacillusAnthracis
2484,CN(Cc1ccc(C(C)(C)C)cc1)Cc1cccc2ccccc12,4.119186407719209,BacillusAnthracis
54676038,O=c1oc2ccccc2c(O)c1Cc1c(O)c2ccccc2oc1=O,4.327902142064283,BacillusAnthracis
56828587,NC(=O)c1ccc(Oc2ccccc2O)c(F)c1,5.221848749616356,BacillusAnthracis
7117403,O=C(C(=O)N1CC=C(c2ccccc2)CC1)c1c[nH]c2ccccc12,4.920818753952375,BacillusAnthracis
54595320,N#Cc1ccc(Oc2ccccc2O)c(F)c1,4.958607314841775,BacillusAnthracis
43458374,CN(Cc1ccccc1N)C(=O)c1cc2ccccc2o1,4.346787486224656,BacillusAnthracis
4117778,O=C(COc1ccccc1)NCCSc1c[nH]c2ccccc12,5.468521082957745,BacillusAnthracis
3225852,O=C(CC1CCCCC1)N1CCC(c2nc(-c3ccc(S(=O)(=O)N4CCCC4)cc3)no2)CC1,5.154901959985743,BacillusAnthracis
CHEMBL1257070,Cc1oc(=O)oc1COC(=O)C1=C([C@H]2CCCO2)S[C@@H]2[C@@H]([C@@H](C)O)C(=O)N12,0.1200000000000001,BacillusAnthracis
CHEMBL529,CC[C@H]1OC(=O)[C@H](C)[C@@H](O[C@H]2C[C@@](C)(OC)[C@@H](O)[C@H](C)O2)[C@H](C)[C@@H](O[C@@H]2O[C@H](C)C[C@H](N(C)C)[C@H]2O)[C@](C)(O)C[C@@H](C)CN(C)[C@H](C)[C@@H](O)[C@]1(C)O,2.0,BacillusAnthracis
CHEMBL529,CC[C@H]1OC(=O)[C@H](C)[C@@H](O[C@H]2C[C@@](C)(OC)[C@@H](O)[C@H](C)O2)[C@H](C)[C@@H](O[C@@H]2O[C@H](C)C[C@H](N(C)C)[C@H]2O)[C@](C)(O)C[C@@H](C)CN(C)[C@H](C)[C@@H](O)[C@]1(C)O,4.0,BacillusAnthracis
CHEMBL127,C[C@@H](O)[C@H]1C(=O)N2C(C(=O)O)=C(S[C@@H]3CN[C@H](C(=O)N(C)C)C3)[C@H](C)[C@H]12,0.1200000000000001,BacillusAnthracis
CHEMBL1257070,Cc1oc(=O)oc1COC(=O)C1=C([C@H]2CCCO2)S[C@@H]2[C@@H]([C@@H](C)O)C(=O)N12,0.5,BacillusAnthracis
CHEMBL529,CC[C@H]1OC(=O)[C@H](C)[C@@H](O[C@H]2C[C@@](C)(OC)[C@@H](O)[C@H](C)O2)[C@H](C)[C@@H](O[C@@H]2O[C@H](C)C[C@H](N(C)C)[C@H]2O)[C@](C)(O)C[C@@H](C)CN(C)[C@H](C)[C@@H](O)[C@]1(C)O,2.0,BacillusAnthracis
CHEMBL127,C[C@@H](O)[C@H]1C(=O)N2C(C(=O)O)=C(S[C@@H]3CN[C@H](C(=O)N(C)C)C3)[C@H](C)[C@H]12,0.1200000000000001,BacillusAnthracis
CHEMBL1098294,c1cc2cc(-c3ccc4cc(C5=NCCN5)[nH]c4c3)[nH]c2cc1C1=NCCN1,0.2999999999999998,BacillusAnthracis
CHEMBL1688698,N=C(N)c1ccc(-c2[nH]c3cc(C(=N)N)ccc3c2-c2ccccc2)cc1,9.0,BacillusAnthracis
CHEMBL1688706,N=C(N)c1ccc2cc(/C=C/c3cc4ccc(C(=N)N)cc4o3)[nH]c2c1,2.1,BacillusAnthracis
CHEMBL1208572,CC[C@@H](C(=O)[C@@H](C)[C@@H](O)[C@H](C)[C@@H]1O[C@@H]([C@@H](CC)C(=O)O)CC[C@@H]1C)[C@H]1O[C@]2(C=C[C@@H](O)[C@]3(CC[C@@](C)([C@H]4CC[C@](O)(CC)[C@H](C)O4)O3)O2)[C@H](C)C[C@@H]1C,1.0,BacillusAnthracis
CHEMBL1688960,CCOC(=O)C1CCCN(c2ncnc3c2ncn3[C@@H]2O[C@H](CO)[C@@H](O)[C@H]2O)C1,3.154901959985743,BacillusAnthracis
CHEMBL574580,O=c1ccc(-c2ccccc2)cn1O,4.698970004336019,BacillusAnthracis
CHEMBL387847,C=CB(Oc1cccc2cccnc12)c1cccc(C#N)c1,8.0,BacillusAnthracis
CHEMBL174,CC1(C)S[C@@H]2[C@H](NC(=O)[C@H](N)c3ccccc3)C(=O)N2[C@H]1C(=O)O,7.0,BacillusAnthracis
CHEMBL507992,CC(C)SSc1ccc([N+](=O)[O-])cc1,0.125,BacillusAnthracis
CHEMBL559830,COc1cc(Cc2cnc(N)nc2N)cc(/C=C/C(=O)N2N=Cc3ccccc3C2c2ccc(CO)cc2)c1O,7.161150909262744,BacillusAnthracis
CHEMBL537959,COc1cc(Cc2cnc(N)nc2N)cc(/C=C/C(=O)N2N=Cc3ccccc3C2c2ccccc2CN(C)C)c1OC,6.3979400086720375,BacillusAnthracis
CHEMBL565020,COc1cc(Cc2cnc(N)nc2N)cc(/C=C/C(=O)N2N=Cc3ccccc3C2c2ccccc2)c1OC,7.337242168318426,BacillusAnthracis
CHEMBL476166,N#C/C(=C\c1ccccc1[N+](=O)[O-])C(=O)c1ccccc1,3.9208187539523753,BacillusAnthracis
CHEMBL1818388,CC1C(NC(=O)Nc2ccc(F)c(F)c2F)CC2CC1C2(C)C,3.12,BacillusAnthracis
CHEMBL406852,COc1nc(N)nc2c1ncn2[C@@H]1O[C@H](CO)[C@@H](O)[C@H]1O,4.468521082957745,BacillusAnthracis
CHEMBL164581,N=C(N)c1ccc2oc(/C=C/C=C/C=C/c3cc4cc(C(=N)N)ccc4o3)cc2c1,2.3,BacillusAnthracis
CHEMBL1097945,c1cc2cc(-c3ccc(-c4cc5ccc(C6=NCCN6)cc5[nH]4)cc3)[nH]c2cc1C1=NCCN1,0.2000000000000001,BacillusAnthracis
CHEMBL289577,N=C(N)c1ccc(Oc2ccc(-c3cc4ccc(C(=N)N)cc4[nH]3)cc2)cc1,4.0,BacillusAnthracis
CHEMBL1098600,c1cc2cc(-c3ccc4cc(-c5ccc6oc(C7=NCCN7)cc6c5)[nH]c4c3)[nH]c2cc1C1=NCCN1,1.4000000000000004,BacillusAnthracis
CHEMBL1098600,c1cc2cc(-c3ccc4cc(-c5ccc6oc(C7=NCCN7)cc6c5)[nH]c4c3)[nH]c2cc1C1=NCCN1,1.4000000000000004,BacillusAnthracis
CHEMBL1651367,Nc1ncc2ncn([C@@H]3O[C@H](CO)[C@@H](O)[C@H]3O)c2n1,3.42021640338319,BacillusAnthracis
CHEMBL1688959,OC[C@H]1O[C@@H](n2cnc3c(N4CCCCC4)ncnc32)[C@H](O)[C@@H]1O,2.962573502059376,BacillusAnthracis
CHEMBL1688961,CC(=O)N1CCN(c2ncnc3c2ncn3[C@@H]2O[C@H](CO)[C@@H](O)[C@H]2O)CC1,4.301029995663981,BacillusAnthracis
CHEMBL406852,COc1nc(N)nc2c1ncn2[C@@H]1O[C@H](CO)[C@@H](O)[C@H]1O,3.4559319556497243,BacillusAnthracis
CHEMBL228862,c1ccc(CNc2ncnc3[nH]cnc23)cc1,2.8096683018297086,BacillusAnthracis
CHEMBL66693,C[C@@H](N)C(=O)O,4.698970004336019,BacillusAnthracis
CHEMBL540680,Cc1c(CCC(=O)O)c(=O)oc2c(C)c(OCc3ccc(Br)cc3F)ccc12,5.0,BacillusAnthracis
CHEMBL540680,Cc1c(CCC(=O)O)c(=O)oc2c(C)c(OCc3ccc(Br)cc3F)ccc12,2.8,BacillusAnthracis
CHEMBL561925,CCC1(C)Cc2ccccc2-c2[nH]c3nnc(S)n3c(=O)c21,4.568636235841012,BacillusAnthracis
CHEMBL559791,Nn1c(Cc2ccccc2F)nnc1SCc1cc(=O)oc2cc(O)c(O)cc12,4.0,BacillusAnthracis
CHEMBL212723,Cc1ccc(C)n1-c1ccc(C(=O)O)c(O)c1,4.301029995663981,BacillusAnthracis
CHEMBL549285,Cn1c(SCc2cc(=O)oc3cc(O)c(O)cc23)nc2ccccc21,4.0,BacillusAnthracis
CHEMBL564048,[C-]#[N+][C@]12C=CC(C)(C)c3[nH]c4cccc5c4c3[C@]1(O)[C@H](CC[C@]2(C)C=C)C5(C)C,4.790484985457369,BacillusAnthracis
CHEMBL3402797,COc1ccc(Cl)c(C(=O)Nc2nnc(-c3ccc(Br)cc3)o2)c1,0.7800000000000002,BacillusAnthracis
CHEMBL3311111,c1cc2cc(-c3ccc(-c4cc5ccc(C6=NCCCN6)cc5s4)cc3)[nH]c2cc1C1=NCCCN1,0.1600000000000001,BacillusAnthracis
CHEMBL242621,C=CCN1C(=O)/C(=C/c2ccc(-c3cccc(C(=O)O)c3)o2)SC1=S,6.25,BacillusAnthracis
CHEMBL3311015,c1cc2cc(-c3ccc(-c4nc5ccc(C6=NCCN6)cc5[nH]4)cc3)[nH]c2cc1C1=NCCN1,5.0,BacillusAnthracis
CHEMBL388931,CSc1ncnc2c1ncn2[C@@H]1O[C@H](CO)[C@@H](O)[C@H]1O,4.508638306165727,BacillusAnthracis
CHEMBL559790,Cc1c(CCC(=O)O)c(=O)oc2c(C)c(OCc3cccc4ccccc34)ccc12,3.9706162223147903,BacillusAnthracis
CHEMBL540680,Cc1c(CCC(=O)O)c(=O)oc2c(C)c(OCc3ccc(Br)cc3F)ccc12,4.6020599913279625,BacillusAnthracis
CHEMBL3311276,Cc1c(-c2ccc(-c3cc4ccc(C5=NCCCN5)cc4o3)cc2)[nH]c2cccc(C#N)c12,2.5,BacillusAnthracis
CHEMBL1688706,N=C(N)c1ccc2cc(/C=C/c3cc4ccc(C(=N)N)cc4o3)[nH]c2c1,4.2,BacillusAnthracis
CHEMBL289577,N=C(N)c1ccc(Oc2ccc(-c3cc4ccc(C(=N)N)cc4[nH]3)cc2)cc1,4.0,BacillusAnthracis
CHEMBL165316,C(/C=C/c1cc2cc(C3=NCCN3)ccc2o1)=C\c1cc2cc(C3=NCCN3)ccc2o1,9.9,BacillusAnthracis
CHEMBL1688707,C(=C/c1cc2ccc(C3=NCCN3)cc2o1)\c1cc2ccc(C3=NCCN3)cc2[nH]1,4.7,BacillusAnthracis
CHEMBL1094617,C(=C/c1cc2ccc(C3=NCCN3)cc2[nH]1)\c1cc2ccc(C3=NCCN3)cc2[nH]1,1.2000000000000002,BacillusAnthracis
CHEMBL203125,O=CN(O)CCCP(=O)(O)O,4.0,BacillusAnthracis
CHEMBL1627117,O=P([O-])(O)CCc1ccc(O)c(O)c1.[Na+],3.0,BacillusAnthracis
CHEMBL4227165,CCCCCSSC(=S)N(CC)CC,5.3979400086720375,BacillusAnthracis
CHEMBL1097571,CCCCCCSSC(=S)N(CC)CC,5.096910013008056,BacillusAnthracis
CHEMBL3099409,Nc1cccc(-c2cnnc(N3CCC(c4cccc(Cl)c4)C3)n2)c1,4.494850021680094,BacillusAnthracis
CHEMBL1337691,Oc1ccc(Cl)cc1Cc1cc(Cl)cc(Cc2cc(Cl)ccc2O)c1O,6.522878745280337,BacillusAnthracis
CHEMBL3094498,Brc1c(-c2ccc(-c3[nH]c4cc(C5=NCCN5)ccc4c3Br)cc2)[nH]c2cc(C3=NCCN3)ccc12.O=C(O)C(F)(F)F,0.08,BacillusAnthracis
CHEMBL459045,CC(C)SSc1cccc([N+](=O)[O-])c1,1.0,BacillusAnthracis
CHEMBL443612,CCCSSc1ccc([N+](=O)[O-])cc1,1.0,BacillusAnthracis
CHEMBL272027,CCC(C)[C@H]1C(=O)/C(=C(\C)O)C(=O)N1Cc1ccccc1,3.12,BacillusAnthracis
CHEMBL409346,C/C(O)=C1\C(=O)[C@H](CC(C)C)N(Cc2ccc(-c3ccccc3)cc2)C1=O,0.4000000000000003,BacillusAnthracis
CHEMBL562228,CCCCC1c2ccccc2C=NN1C(=O)/C=C/c1cc(Cc2cnc(N)nc2N)cc(OC)c1OC,6.769551078621726,BacillusAnthracis
CHEMBL563999,[C-]#[N+][C@]12[C@H]3O[C@H]3C(C)(C)c3[nH]c4cccc5c4c3[C@]1(O)[C@H](C[C@@H](Cl)[C@]2(C)C=C)C5(C)C,5.443697499232712,BacillusAnthracis
CHEMBL1202,Cl.O=C(O)c1cn(C2CC2)c2cc(N3CCNCC3)c(F)cc2c1=O,6.301029995663981,BacillusAnthracis
CHEMBL476164,O=C(Nc1ccc(S(=O)(=O)Nc2ncccn2)cc1)Nc1ccc(Cl)c(Cl)c1,4.823908740944319,BacillusAnthracis
CHEMBL1255631,CC(=O)NCCCC(=O)N[C@@H](Cc1ccccc1)C(=O)N1Cc2ccccc2C[C@H]1C(=O)N1C[C@@H](C(=O)NCCCC(=O)N[C@@H](CCCCN)C(=O)N2Cc3ccccc3C[C@H]2C(=O)N2C[C@@H](C(=O)NCCCC(=O)N[C@@H](Cc3ccccc3)C(=O)N3Cc4ccccc4C[C@H]3C(=O)N3C[C@@H](C(=O)NCCCC(=O)N[C@@H](CCCCN)C(=O)N4Cc5ccccc5C[C@H]4C(=O)N[C@@H](CCCCN)C(=O)N[C@@H](CCCCN)C(=O)N[C@@H](CCCCN)C(=O)N[C@@H](CCCCN)C(=O)N[C@@H](CCCCN)C(N)=O)C4CCCCC43)C3CCCCC32)C2CCCCC21,6.1487416512809245,BacillusAnthracis
CHEMBL1255636,CC(=O)NCC(=O)N[C@@H](Cc1ccccc1)C(=O)N1Cc2ccccc2C[C@H]1C(=O)N1C[C@@H](C(=O)NCC(=O)N[C@@H](CCCCN)C(=O)N2Cc3ccccc3C[C@H]2C(=O)N2C[C@@H](C(=O)NCC(=O)N[C@@H](Cc3ccccc3)C(=O)N3Cc4ccccc4C[C@H]3C(=O)N3C[C@@H](C(=O)NCC(=O)N[C@@H](CCCCN)C(=O)N4Cc5ccccc5C[C@H]4C(=O)NCCC(=O)N[C@@H](CCCCN)C(=O)N[C@@H](CCCCN)C(=O)N[C@@H](CCCCN)C(=O)N[C@@H](CCCCN)C(N)=O)C4CCCCC43)C3CCCCC32)C2CCCCC21,4.906578314837764,BacillusAnthracis
CHEMBL2368936,CC(C)C[C@H](NC(=O)[C@@H](N)CCCCN)C(=O)N1Cc2ccccc2C[C@H]1C(=O)N1C[C@@H](C(=O)NCC(=O)N[C@@H](CCCCN)C(=O)N2Cc3ccccc3C[C@H]2C(=O)N2C[C@@H](C(=O)N[C@@H](Cc3ccccc3)C(=O)N3Cc4ccccc4C[C@H]3C(=O)N3C[C@@H](C(=O)NCC(=O)N[C@@H](CCCCN)C(=O)N4Cc5ccccc5C[C@H]4C(=O)N4C[C@@H](C(=O)N[C@@H](Cc5ccccc5)C(=O)N5Cc6ccccc6C[C@H]5C(=O)N5C[C@@H](C(=O)NCC(=O)N[C@@H](CCCCN)C(=O)N6Cc7ccccc7C[C@H]6C(=O)N6C[C@@H](C(=O)N[C@@H](CCCCN)C(=O)N[C@@H](CCCCN)C(=O)N[C@@H](CCCCN)C(=O)N[C@@H](CCCCN)C(N)=O)C7CCCCC76)C6CCCCC65)C5CCCCC54)C4CCCCC43)C3CCCCC32)C2CCCCC21,5.047207556955907,BacillusAnthracis
CHEMBL559790,Cc1c(CCC(=O)O)c(=O)oc2c(C)c(OCc3cccc4ccccc34)ccc12,1.2999999999999998,BacillusAnthracis
CHEMBL561121,COc1cc(/C=C2\SC(=S)N(c3ccc(Cl)cc3)C2=O)cc(OC)c1O,4.136677139879544,BacillusAnthracis
CHEMBL4225275,CCCCCCCCSSC(=S)N(CC)CC,5.698970004336019,BacillusAnthracis
CHEMBL1200699,C[C@H]1c2cccc(O)c2C(=O)C2=C(O)[C@]3(O)C(=O)C(C(N)=O)=C(O)[C@@H](N(C)C)[C@@H]3[C@@H](O)[C@@H]21.O,0.0300000000000002,BacillusAnthracis
CHEMBL415065,CN[C@H](CC(C)C)C(=O)N[C@H]1C(=O)N[C@@H](CC(N)=O)C(=O)N[C@H]2C(=O)N[C@H]3C(=O)N[C@H](C(=O)N[C@@H](C(=O)NC45CC6CC(CC(C6)C4)C5)c4cc(O)cc(O)c4-c4cc3ccc4O)[C@H](O[C@@H]3C[C@@](C)(N)[C@H](O)[C@@H](C)O3)c3ccc(cc3)Oc3cc2cc(c3O[C@H]2O[C@@H](CO)[C@H](O)[C@@H](O)[C@@H]2O[C@H]2C[C@](C)(N)[C@@H](O)[C@H](C)O2)Oc2ccc(cc2Cl)[C@H]1O,0.5,BacillusAnthracis
CHEMBL3287093,O=C(O)CCN1C(=O)/C(=C/c2ccc(-c3ccc(Cl)cc3Cl)o2)SC1=S,0.25,BacillusAnthracis
CHEMBL415065,CN[C@H](CC(C)C)C(=O)N[C@H]1C(=O)N[C@@H](CC(N)=O)C(=O)N[C@H]2C(=O)N[C@H]3C(=O)N[C@H](C(=O)N[C@@H](C(=O)NC45CC6CC(CC(C6)C4)C5)c4cc(O)cc(O)c4-c4cc3ccc4O)[C@H](O[C@@H]3C[C@@](C)(N)[C@H](O)[C@@H](C)O3)c3ccc(cc3)Oc3cc2cc(c3O[C@H]2O[C@@H](CO)[C@H](O)[C@@H](O)[C@@H]2O[C@H]2C[C@](C)(N)[C@@H](O)[C@H](C)O2)Oc2ccc(cc2Cl)[C@H]1O,0.25,BacillusAnthracis
CHEMBL603845,N#Cc1c(O)c2c3ccccc3[nH]c2c2[nH]c3ccccc3c12,5.795880017344075,BacillusAnthracis
CHEMBL596128,COc1c(C#N)c2c3ccccc3[nH]c2c2[nH]c3ccccc3c12,5.200659450546418,BacillusAnthracis
CHEMBL1257070,Cc1oc(=O)oc1COC(=O)C1=C([C@H]2CCCO2)S[C@@H]2[C@@H]([C@@H](C)O)C(=O)N12,0.1200000000000001,BacillusAnthracis
CHEMBL224121,Clc1ccc(B(Oc2cccc3cccnc23)c2ccc(Cl)cc2)cc1,6.25,BacillusAnthracis
CHEMBL413784,Clc1ccc(B(Oc2ccc(Cl)c3cccnc23)c2ccc(Cl)cc2)cc1,5.3,BacillusAnthracis
CHEMBL560702,CCC1c2ccccc2C=NN1C(=O)/C=C/c1cc(Cc2cnc(N)nc2N)cc(OC)c1OC,7.017728766960431,BacillusAnthracis
CHEMBL396801,C=CCN1C(=O)/C(=C/c2cc(C)n(-c3cccc(C(=O)O)c3)c2C)SC1=S,6.25,BacillusAnthracis
CHEMBL559790,Cc1c(CCC(=O)O)c(=O)oc2c(C)c(OCc3cccc4ccccc34)ccc12,1.2999999999999998,BacillusAnthracis
CHEMBL558246,Cc1noc(NS(=O)(=O)c2ccc(NC(=O)CSc3nnc(-c4ccccc4)c(-c4ccccc4)n3)cc2)c1C,4.214670164989233,BacillusAnthracis
CHEMBL561925,CCC1(C)Cc2ccccc2-c2[nH]c3nnc(S)n3c(=O)c21,4.522878745280337,BacillusAnthracis
CHEMBL559790,Cc1c(CCC(=O)O)c(=O)oc2c(C)c(OCc3cccc4ccccc34)ccc12,5.221848749616356,BacillusAnthracis
CHEMBL126,CC(=O)NC[C@H]1CN(c2ccc(N3CCOCC3)c(F)c2)C(=O)O1,3.0,BacillusAnthracis
CHEMBL3808496,O=C1CC(c2ccc(Cl)c(F)c2)Oc2cc(O)cc(O)c21,4.204119982655925,BacillusAnthracis
CHEMBL539445,COc1ncc(C2c3ccccc3C=NN2C(=O)/C=C/c2cc(Cc3cnc(N)nc3N)cc(OC)c2OC)c(OC)n1,6.221848749616356,BacillusAnthracis
CHEMBL550083,COc1cc(Cc2cnc(N)nc2N)cc(/C=C/C(=O)N2N=Cc3ccccc3C2c2ccc(C)cc2)c1OC,6.823908740944319,BacillusAnthracis
CHEMBL3311273,OC1CN=C(c2ccc3cc(-c4ccc(-c5cc6ccc(C7=NCC(O)CN7)cc6o5)cn4)[nH]c3c2)NC1,1.09,BacillusAnthracis
CHEMBL388061,C=CB(Oc1cccc2cccnc12)c1cccc(F)c1,8.0,BacillusAnthracis
CHEMBL390352,Clc1cccc(B(Oc2cccc3cccnc23)c2cccc(Cl)c2)c1,6.25,BacillusAnthracis
CHEMBL3402795,Cc1ccc(C)c(-c2nnc(NC(=O)c3cccc(Cl)c3)o2)c1,0.0999999999999996,BacillusAnthracis
CHEMBL529,CC[C@H]1OC(=O)[C@H](C)[C@@H](O[C@H]2C[C@@](C)(OC)[C@@H](O)[C@H](C)O2)[C@H](C)[C@@H](O[C@@H]2O[C@H](C)C[C@H](N(C)C)[C@H]2O)[C@](C)(O)C[C@@H](C)CN(C)[C@H](C)[C@@H](O)[C@]1(C)O,4.0,BacillusAnthracis
CHEMBL529,CC[C@H]1OC(=O)[C@H](C)[C@@H](O[C@H]2C[C@@](C)(OC)[C@@H](O)[C@H](C)O2)[C@H](C)[C@@H](O[C@@H]2O[C@H](C)C[C@H](N(C)C)[C@H]2O)[C@](C)(O)C[C@@H](C)CN(C)[C@H](C)[C@@H](O)[C@]1(C)O,4.0,BacillusAnthracis
CHEMBL1257070,Cc1oc(=O)oc1COC(=O)C1=C([C@H]2CCCO2)S[C@@H]2[C@@H]([C@@H](C)O)C(=O)N12,0.1200000000000001,BacillusAnthracis
CHEMBL127,C[C@@H](O)[C@H]1C(=O)N2C(C(=O)O)=C(S[C@@H]3CN[C@H](C(=O)N(C)C)C3)[C@H](C)[C@H]12,0.1200000000000001,BacillusAnthracis
CHEMBL529,CC[C@H]1OC(=O)[C@H](C)[C@@H](O[C@H]2C[C@@](C)(OC)[C@@H](O)[C@H](C)O2)[C@H](C)[C@@H](O[C@@H]2O[C@H](C)C[C@H](N(C)C)[C@H]2O)[C@](C)(O)C[C@@H](C)CN(C)[C@H](C)[C@@H](O)[C@]1(C)O,2.0,BacillusAnthracis
CHEMBL283078,Nc1nc(=S)c2ncn([C@@H]3O[C@H](CO)[C@@H](O)[C@H]3O)c2[nH]1,5.3979400086720375,BacillusAnthracis
CHEMBL448290,OC[C@H]1O[C@@H](n2cnc3c(S)ncnc32)[C@H](O)[C@@H]1O,4.3979400086720375,BacillusAnthracis
CHEMBL244169,Nc1nc(Cl)c2ncn([C@@H]3O[C@H](CO)[C@@H](O)[C@H]3O)c2n1,3.721246399047171,BacillusAnthracis
CHEMBL2042373,COc1cc(Cc2cnc(N)nc2N)cc(/C=C/C(=O)N2N=Cc3ccccc3C2C(C)C)c1OC,1.0,BacillusAnthracis
CHEMBL565020,COc1cc(Cc2cnc(N)nc2N)cc(/C=C/C(=O)N2N=Cc3ccccc3C2c2ccccc2)c1OC,0.375,BacillusAnthracis
CHEMBL2178443,Cc1c(CCC(=O)O)c(=O)oc2c(C)c(OCc3ccc(-c4ccccc4)cc3)ccc12,0.6500000000000004,BacillusAnthracis
CHEMBL475398,Oc1ccc(-c2ccccc2)cc1O,3.6989700043360174,BacillusAnthracis
CHEMBL1741,CC[C@H]1OC(=O)[C@H](C)[C@@H](O[C@H]2C[C@@](C)(OC)[C@@H](O)[C@H](C)O2)[C@H](C)[C@@H](O[C@@H]2O[C@H](C)C[C@H](N(C)C)[C@H]2O)[C@](C)(OC)C[C@@H](C)C(=O)[C@H](C)[C@@H](O)[C@]1(C)O,1.2999999999999998,BacillusAnthracis
CHEMBL560502,CCCC1c2ccccc2C=NN1C(=O)/C=C/c1cc(Cc2cnc(N)nc2N)cc(O)c1OC,1.0,BacillusAnthracis
CHEMBL255442,Nc1nc(N)c2ncn([C@@H]3O[C@H](CO)[C@@H](O)[C@H]3O)c2n1,3.154901959985743,BacillusAnthracis
CHEMBL3400842,CC[C@@H](C(=O)[C@@H](C)[C@@H](O)[C@H](C)[C@@H]1O[C@@H]([C@@H](CC)C(=O)N(CC)CC)CC[C@@H]1C)[C@H]1O[C@]2(C=C[C@@H](O)[C@]3(CC[C@@](C)([C@H]4CC[C@](O)(CC)[C@H](C)O4)O3)O2)[C@H](C)C[C@@H]1C,1.0,BacillusAnthracis
CHEMBL3400843,CCCN(CCC)C(=O)[C@H](CC)[C@H]1CC[C@H](C)[C@H]([C@@H](C)[C@H](O)[C@H](C)C(=O)[C@H](CC)[C@H]2O[C@]3(C=C[C@@H](O)[C@]4(CC[C@@](C)([C@H]5CC[C@](O)(CC)[C@H](C)O5)O4)O3)[C@H](C)C[C@@H]2C)O1,4.0,BacillusAnthracis
CHEMBL3301669,CN[C@H]1C(=O)N[C@@H]2Cc3ccc(cc3)Oc3cc4cc(c3O[C@@H]3O[C@H](C(=O)O)[C@@H](O)[C@H](O)[C@H]3NC(=O)CCCCCCCCC(C)C)Oc3ccc(cc3Cl)[C@@H](O)[C@@H]3NC(=O)[C@H](NC(=O)[C@@H]4NC(=O)[C@@H](NC2=O)c2cc(cc(O)c2Cl)Oc2cc1ccc2O)c1ccc(O)c(c1)-c1c(O[C@H]2O[C@H](CO)[C@@H](O)[C@H](O)[C@@H]2O)cc(O)cc1[C@@H](C(=O)NCCCN(C)C)NC3=O,0.0599999999999996,BacillusAnthracis
CHEMBL529,CC[C@H]1OC(=O)[C@H](C)[C@@H](O[C@H]2C[C@@](C)(OC)[C@@H](O)[C@H](C)O2)[C@H](C)[C@@H](O[C@@H]2O[C@H](C)C[C@H](N(C)C)[C@H]2O)[C@](C)(O)C[C@@H](C)CN(C)[C@H](C)[C@@H](O)[C@]1(C)O,4.0,BacillusAnthracis
CHEMBL1097945,c1cc2cc(-c3ccc(-c4cc5ccc(C6=NCCN6)cc5[nH]4)cc3)[nH]c2cc1C1=NCCN1,0.2000000000000001,BacillusAnthracis
CHEMBL1098294,c1cc2cc(-c3ccc4cc(C5=NCCN5)[nH]c4c3)[nH]c2cc1C1=NCCN1,0.5999999999999996,BacillusAnthracis
CHEMBL1094617,C(=C/c1cc2ccc(C3=NCCN3)cc2[nH]1)\c1cc2ccc(C3=NCCN3)cc2[nH]1,0.2999999999999998,BacillusAnthracis
CHEMBL32,COc1c(N2C[C@@H]3CCCN[C@@H]3C2)c(F)cc2c(=O)c(C(=O)O)cn(C3CC3)c12,5.603620643970535,BacillusAnthracis
CHEMBL551038,COc1cc(Cc2cnc(N)nc2N)cc(/C=C/C(=O)N2N=Cc3ccccc3C2C2CCCCC2)c1OC,1.0,BacillusAnthracis
CHEMBL550083,COc1cc(Cc2cnc(N)nc2N)cc(/C=C/C(=O)N2N=Cc3ccccc3C2c2ccc(C)cc2)c1OC,1.0,BacillusAnthracis
CHEMBL415065,CN[C@H](CC(C)C)C(=O)N[C@H]1C(=O)N[C@@H](CC(N)=O)C(=O)N[C@H]2C(=O)N[C@H]3C(=O)N[C@H](C(=O)N[C@@H](C(=O)NC45CC6CC(CC(C6)C4)C5)c4cc(O)cc(O)c4-c4cc3ccc4O)[C@H](O[C@@H]3C[C@@](C)(N)[C@H](O)[C@@H](C)O3)c3ccc(cc3)Oc3cc2cc(c3O[C@H]2O[C@@H](CO)[C@H](O)[C@@H](O)[C@@H]2O[C@H]2C[C@](C)(N)[C@@H](O)[C@H](C)O2)Oc2ccc(cc2Cl)[C@H]1O,0.5,BacillusAnthracis
CHEMBL1097945,c1cc2cc(-c3ccc(-c4cc5ccc(C6=NCCN6)cc5[nH]4)cc3)[nH]c2cc1C1=NCCN1,0.2999999999999998,BacillusAnthracis
CHEMBL3311274,FC1CN=C(c2ccc3cc(-c4ccc(-c5cc6ccc(C7=NCC(F)CN7)cc6o5)cn4)[nH]c3c2)NC1,0.6299999999999999,BacillusAnthracis
CHEMBL1255628,CC(C)C[C@H](NC(=O)[C@@H](N)CCCCN)C(=O)N1Cc2ccccc2C[C@H]1C(=O)N1C[C@@H](C(=O)N[C@@H](CCCCN)C(=O)N2Cc3ccccc3C[C@H]2C(=O)N2C[C@@H](C(=O)N[C@@H](Cc3ccccc3)C(=O)N3Cc4ccccc4C[C@H]3C(=O)N3C[C@@H](C(=O)N[C@@H](CCCCN)C(=O)N4Cc5ccccc5C[C@H]4C(=O)N4C[C@@H](C(=O)N[C@@H](Cc5ccccc5)C(=O)N5Cc6ccccc6C[C@H]5C(=O)N5C[C@@H](C(=O)N[C@@H](CCCCN)C(=O)N6Cc7ccccc7C[C@H]6C(=O)N6C[C@@H](C(=O)N[C@@H](CCCCN)C(=O)N[C@@H](CCCNC(=N)N)C(N)=O)C7CCCCC76)C6CCCCC65)C5CCCCC54)C4CCCCC43)C3CCCCC32)C2CCCCC21,4.392544976785332,BacillusAnthracis
CHEMBL2368935,CC(=O)NCCCC(=O)N[C@@H](Cc1ccccc1)C(=O)N1Cc2ccccc2C[C@H]1C(=O)N1C[C@@H](C(=O)NCCCC(=O)N[C@@H](CCCCN)C(=O)N2Cc3ccccc3C[C@H]2C(=O)N2C[C@@H](C(=O)NCCCC(=O)N[C@@H](Cc3ccccc3)C(=O)N3Cc4ccccc4C[C@H]3C(=O)N3C[C@@H](C(=O)NCCCC(=O)N[C@@H](CCCCN)C(=O)N4Cc5ccccc5C[C@H]4C(=O)N[C@@H](CCCCN)C(=O)N[C@@H](CCCCN)C(=O)N[C@@H](CCCCN)C(=O)N[C@@H](CCCCN)C(N)=O)C4CCCCC43)C3CCCCC32)C2CCCCC21,4.903089986991944,BacillusAnthracis
CHEMBL1255632,CC(=O)NCC(=O)N[C@@H](Cc1ccccc1)C(=O)N1Cc2ccccc2C[C@H]1C(=O)N1C[C@@H](C(=O)NCC(=O)N[C@@H](CCCCN)C(=O)N2Cc3ccccc3C[C@H]2C(=O)N2C[C@@H](C(=O)NCC(=O)N[C@@H](Cc3ccccc3)C(=O)N3Cc4ccccc4C[C@H]3C(=O)N3C[C@@H](C(=O)NCC(=O)N[C@@H](CCCCN)C(=O)N4Cc5ccccc5C[C@H]4C(=O)N[C@@H](CCCN)C(=O)N[C@@H](CCCN)C(=O)N[C@@H](CCCN)C(=O)N[C@@H](CCCN)C(N)=O)C4CCCCC43)C3CCCCC32)C2CCCCC21,6.091514981121351,BacillusAnthracis
CHEMBL1255640,CC(=O)N[C@@H](CCCCN)C(=O)N[C@@H](CCCCN)C(=O)N[C@@H](CCCCN)C(=O)N[C@@H](CCCCN)C(=O)NCC(=O)N[C@@H](Cc1ccccc1)C(=O)N1Cc2ccccc2C[C@H]1C(=O)N1C[C@@H](C(=O)NCC(=O)N[C@@H](CCCCN)C(=O)N2Cc3ccccc3C[C@H]2C(=O)N2C[C@@H](C(=O)NCC(=O)N[C@@H](Cc3ccccc3)C(=O)N3Cc4ccccc4C[C@H]3C(=O)N3C[C@@H](C(=O)NCC(=O)N[C@@H](CCCCN)C(=O)N4Cc5ccccc5C[C@H]4C(N)=O)C4CCCCC43)C3CCCCC32)C2CCCCC21,6.3979400086720375,BacillusAnthracis
CHEMBL174,CC1(C)S[C@@H]2[C@H](NC(=O)[C@H](N)c3ccccc3)C(=O)N2[C@H]1C(=O)O,6.3979400086720375,BacillusAnthracis
CHEMBL1097945,c1cc2cc(-c3ccc(-c4cc5ccc(C6=NCCN6)cc5[nH]4)cc3)[nH]c2cc1C1=NCCN1,0.7000000000000002,BacillusAnthracis
CHEMBL164581,N=C(N)c1ccc2oc(/C=C/C=C/C=C/c3cc4cc(C(=N)N)ccc4o3)cc2c1,9.4,BacillusAnthracis
CHEMBL2178453,Cc1c(CC(=O)O)c(=O)oc2c(C)c(OCc3ccc(-c4ccccc4)cc3)ccc12,5.6020599913279625,BacillusAnthracis
CHEMBL1213178,O=c1ncnc2n([C@H]3O[C@@H](CO)[C@H](O)[C@@H]3O)[nH]cc1-2,3.1870866433571443,BacillusAnthracis
CHEMBL1257070,Cc1oc(=O)oc1COC(=O)C1=C([C@H]2CCCO2)S[C@@H]2[C@@H]([C@@H](C)O)C(=O)N12,0.25,BacillusAnthracis
CHEMBL529,CC[C@H]1OC(=O)[C@H](C)[C@@H](O[C@H]2C[C@@](C)(OC)[C@@H](O)[C@H](C)O2)[C@H](C)[C@@H](O[C@@H]2O[C@H](C)C[C@H](N(C)C)[C@H]2O)[C@](C)(O)C[C@@H](C)CN(C)[C@H](C)[C@@H](O)[C@]1(C)O,4.0,BacillusAnthracis
CHEMBL529,CC[C@H]1OC(=O)[C@H](C)[C@@H](O[C@H]2C[C@@](C)(OC)[C@@H](O)[C@H](C)O2)[C@H](C)[C@@H](O[C@@H]2O[C@H](C)C[C@H](N(C)C)[C@H]2O)[C@](C)(O)C[C@@H](C)CN(C)[C@H](C)[C@@H](O)[C@]1(C)O,4.0,BacillusAnthracis
CHEMBL402556,O=C(O)c1ccc(OCc2nc3ccccc3[nH]2)c(OCc2ccc(Cl)cc2Cl)c1,2.0,BacillusAnthracis
CHEMBL594967,N#Cc1c(O)c2c3ccccc3n(Cc3ccccc3)c2c2[nH]c3ccccc3c12,5.795880017344075,BacillusAnthracis
CHEMBL127,C[C@@H](O)[C@H]1C(=O)N2C(C(=O)O)=C(S[C@@H]3CN[C@H](C(=O)N(C)C)C3)[C@H](C)[C@H]12,0.1200000000000001,BacillusAnthracis
CHEMBL127,C[C@@H](O)[C@H]1C(=O)N2C(C(=O)O)=C(S[C@@H]3CN[C@H](C(=O)N(C)C)C3)[C@H](C)[C@H]12,0.1200000000000001,BacillusAnthracis
CHEMBL529,CC[C@H]1OC(=O)[C@H](C)[C@@H](O[C@H]2C[C@@](C)(OC)[C@@H](O)[C@H](C)O2)[C@H](C)[C@@H](O[C@@H]2O[C@H](C)C[C@H](N(C)C)[C@H]2O)[C@](C)(O)C[C@@H](C)CN(C)[C@H](C)[C@@H](O)[C@]1(C)O,2.0,BacillusAnthracis
CHEMBL529,CC[C@H]1OC(=O)[C@H](C)[C@@H](O[C@H]2C[C@@](C)(OC)[C@@H](O)[C@H](C)O2)[C@H](C)[C@@H](O[C@@H]2O[C@H](C)C[C@H](N(C)C)[C@H]2O)[C@](C)(O)C[C@@H](C)CN(C)[C@H](C)[C@@H](O)[C@]1(C)O,2.0,BacillusAnthracis
CHEMBL529,CC[C@H]1OC(=O)[C@H](C)[C@@H](O[C@H]2C[C@@](C)(OC)[C@@H](O)[C@H](C)O2)[C@H](C)[C@@H](O[C@@H]2O[C@H](C)C[C@H](N(C)C)[C@H]2O)[C@](C)(O)C[C@@H](C)CN(C)[C@H](C)[C@@H](O)[C@]1(C)O,4.0,BacillusAnthracis
CHEMBL1255623,CC(=O)NCCC(=O)N[C@@H](Cc1ccccc1)C(=O)N1Cc2ccccc2C[C@H]1C(=O)N1C[C@@H](C(=O)NCCC(=O)N[C@@H](CCCCN)C(=O)N2Cc3ccccc3C[C@H]2C(=O)N2C[C@@H](C(=O)NCCC(=O)N[C@@H](Cc3ccccc3)C(=O)N3Cc4ccccc4C[C@H]3C(=O)N3C[C@@H](C(=O)NCCC(=O)N[C@@H](CCCCN)C(=O)N[C@@H](CCCCN)C(=O)N[C@@H](CCCCN)C(=O)N[C@@H](CCCCN)C(=O)N[C@@H](CCCCN)C(N)=O)C4CCCCC43)C3CCCCC32)C2CCCCC21,4.6020599913279625,BacillusAnthracis
CHEMBL3085541,CC(=O)NCCCCCC(=O)N[C@@H](Cc1ccccc1)C(=O)N1Cc2ccccc2C[C@H]1C(=O)N1CC2CCCCC2[C@H]1C(=O)NCCCCCC(=O)N[C@@H](CCCCN)C(=O)N1Cc2ccccc2C[C@H]1C(=O)N1CC2CCCCC2[C@H]1C(=O)NCCCCCC(=O)N[C@@H](Cc1ccccc1)C(=O)N1Cc2ccccc2C[C@H]1C(=O)N1CC2CCCCC2[C@H]1C(=O)NCCCCCC(=O)N[C@@H](CCCCN)C(=O)N1Cc2ccccc2C[C@H]1C(=O)N[C@@H](CCCCN)C(=O)N[C@@H](CCCCN)C(=O)N[C@@H](CCCCN)C(=O)N[C@@H](CCCCN)C(N)=O,5.823908740944319,BacillusAnthracis
CHEMBL60662,OC[C@H]1O[C@@H](n2cnc3c(SCc4ccccc4)ncnc32)[C@H](O)[C@@H]1O,4.301029995663981,BacillusAnthracis
CHEMBL1688958,CN(Cc1ccccc1)c1ncnc2c1ncn2[C@@H]1O[C@H](CO)[C@@H](O)[C@H]1O,3.9208187539523753,BacillusAnthracis
CHEMBL244169,Nc1nc(Cl)c2ncn([C@@H]3O[C@H](CO)[C@@H](O)[C@H]3O)c2n1,3.050609993355087,BacillusAnthracis
CHEMBL1257070,Cc1oc(=O)oc1COC(=O)C1=C([C@H]2CCCO2)S[C@@H]2[C@@H]([C@@H](C)O)C(=O)N12,0.1200000000000001,BacillusAnthracis
CHEMBL1688704,N=C(N)c1ccc2oc(CCc3cc4ccc(C(=N)N)cc4[nH]3)cc2c1,8.4,BacillusAnthracis
CHEMBL126,CC(=O)NC[C@H]1CN(c2ccc(N3CCOCC3)c(F)c2)C(=O)O1,4.0,BacillusAnthracis
CHEMBL272447,CCCCCCCCCCN1C(=O)/C(=C(/C)O)C(=O)[C@@H]1Cc1ccccc1,0.2000000000000001,BacillusAnthracis
CHEMBL1688718,c1cc2cc(-c3cc4ccc(C5=NCCN5)cc4[nH]3)[nH]c2cc1C1=NCCN1,0.5999999999999996,BacillusAnthracis
CHEMBL1688717,C(=C/c1cc2ccc(C3=NCCN3)cc2[nH]1)\c1ccc(C2=NCCN2)cc1,8.6,BacillusAnthracis
CHEMBL167605,N=C(N)c1ccc(/C=C/c2cc3ccc(C(=N)N)cc3[nH]2)cc1,7.5,BacillusAnthracis
CHEMBL1688709,O=C(Nc1ccc(C2=NCCN2)cc1)c1cc2ccc(C3=NCCN3)cc2[nH]1,8.9,BacillusAnthracis
CHEMBL32,COc1c(N2C[C@@H]3CCCN[C@@H]3C2)c(F)cc2c(=O)c(C(=O)O)cn(C3CC3)c12,0.0599999999999996,BacillusAnthracis
CHEMBL2042374,COc1cc(Cc2cnc(N)nc2N)cc(/C=C/C(=O)N2N=Cc3ccccc3C2CCC(F)(F)F)c1OC,1.0,BacillusAnthracis
CHEMBL2042475,COc1cc(Cc2cnc(N)nc2N)cc(/C=C/C(=O)N2N=Cc3ccccc3C2c2ccccc2C)c1OC,8.0,BacillusAnthracis
CHEMBL2042477,COc1cc(Cc2cnc(N)nc2N)cc(/C=C/C(=O)N2N=Cc3ccccc3C2c2cccc(F)c2)c1OC,2.0,BacillusAnthracis
CHEMBL2372020,CC(=O)NCC(=O)N[C@@H](Cc1ccc(F)cc1)C(=O)N1Cc2ccccc2C[C@H]1C(=O)N1CC2CCCCC2[C@H]1C(=O)NCC(=O)N[C@@H](CCCCN)C(=O)N1Cc2ccccc2C[C@H]1C(=O)N1CC2CCCCC2[C@H]1C(=O)NCC(=O)N[C@@H](Cc1ccc(F)cc1)C(=O)N1Cc2ccccc2C[C@H]1C(=O)N1CC2CCCCC2[C@H]1C(=O)NCC(=O)N[C@@H](CCCCN)C(=O)N1Cc2ccccc2C[C@H]1C(=O)N[C@@H](CCCCN)C(=O)N[C@@H](CCCCN)C(=O)N[C@@H](CCCCN)C(=O)N[C@@H](CCCCN)C(N)=O,4.899629454882437,BacillusAnthracis
CHEMBL2370148,CC(=O)NCC(=O)N[C@@H](Cc1ccccc1)C(=O)N1Cc2ccccc2C[C@H]1C(=O)N1CC2CCCCC2[C@H]1C(=O)NCC(=O)N[C@@H](CN)C(=O)N1Cc2ccccc2C[C@H]1C(=O)N1CC2CCCCC2[C@H]1C(=O)NCC(=O)N[C@@H](Cc1ccccc1)C(=O)N1Cc2ccccc2C[C@H]1C(=O)N1CC2CCCCC2[C@H]1C(=O)NCC(=O)N[C@@H](CN)C(=O)N1Cc2ccccc2C[C@H]1C(=O)N[C@@H](CN)C(=O)N[C@@H](CN)C(=O)N[C@@H](CN)C(=O)N[C@@H](CN)C(N)=O,4.8297382846050425,BacillusAnthracis
CHEMBL3085542,CC(=O)NCCC(=O)N[C@@H](Cc1ccc(F)cc1)C(=O)N1Cc2ccccc2C[C@H]1C(=O)N1CC2CCCCC2[C@H]1C(=O)NCCC(=O)N[C@@H](CN)C(=O)N1Cc2ccccc2C[C@H]1C(=O)N1CC2CCCCC2[C@H]1C(=O)NCCC(=O)N[C@@H](Cc1ccc(F)cc1)C(=O)N1Cc2ccccc2C[C@H]1C(=O)N1CC2CCCCC2[C@H]1C(=O)NCCC(=O)N[C@@H](CN)C(=O)N1Cc2ccccc2C[C@H]1C(=O)N[C@@H](CN)C(=O)N[C@@H](CN)C(=O)N[C@@H](CN)C(=O)N[C@@H](CN)C(N)=O,5.167491087293763,BacillusAnthracis
CHEMBL1255637,CC(=O)NCC(=O)N[C@@H](Cc1ccccc1)C(=O)N1Cc2ccccc2C[C@H]1C(=O)N1C[C@@H](C(=O)NCC(=O)N[C@@H](CCCCN)C(=O)N2Cc3ccccc3C[C@H]2C(=O)N2C[C@@H](C(=O)NCC(=O)N[C@@H](Cc3ccccc3)C(=O)N3Cc4ccccc4C[C@H]3C(=O)N3C[C@@H](C(=O)NCC(=O)N[C@@H](CCCCN)C(=O)N4Cc5ccccc5C[C@H]4C(=O)NCCCCCC(=O)N[C@@H](CCCCN)C(=O)N[C@@H](CCCCN)C(=O)N[C@@H](CCCCN)C(=O)N[C@@H](CCCCN)C(N)=O)C4CCCCC43)C3CCCCC32)C2CCCCC21,4.310691140876379,BacillusAnthracis
CHEMBL1688530,CN[C@H](CC(C)C)C(=O)N[C@H]1C(=O)N[C@@H](CC(N)=O)C(=O)N[C@H]2C(=O)N[C@H]3C(=O)N[C@H](C(=O)N[C@H](C(=O)O)c4cc(O)cc(O)c4-c4cc3ccc4O)[C@H](O[C@H]3C[C@](C)(N)[C@@H](O)[C@H](C)O3)c3ccc(c(Cl)c3)Oc3cc2cc(c3O[C@@H]2O[C@H](CO)[C@@H](O)[C@H](O)[C@H]2O[C@H]2C[C@](C)(NCc3ccc(-c4ccc(Cl)cc4)cc3)[C@@H](O)[C@H](C)O2)Oc2ccc(cc2Cl)[C@H]1O,0.0149999999999996,BacillusAnthracis
CHEMBL2178443,Cc1c(CCC(=O)O)c(=O)oc2c(C)c(OCc3ccc(-c4ccccc4)cc3)ccc12,0.5199999999999996,BacillusAnthracis
CHEMBL2178443,Cc1c(CCC(=O)O)c(=O)oc2c(C)c(OCc3ccc(-c4ccccc4)cc3)ccc12,5.903089986991944,BacillusAnthracis
CHEMBL2177806,Cc1c(CCC(=O)O)c(=O)oc2c(C)c(OCc3c4ccccc4cc4ccccc34)ccc12,5.6020599913279625,BacillusAnthracis
CHEMBL1098600,c1cc2cc(-c3ccc4cc(-c5ccc6oc(C7=NCCN7)cc6c5)[nH]c4c3)[nH]c2cc1C1=NCCN1,0.7000000000000002,BacillusAnthracis
CHEMBL166661,N=C(N)c1ccc2oc(/C=C/c3cc4cc(C(=N)N)ccc4s3)cc2c1,8.7,BacillusAnthracis
CHEMBL2042480,COc1cc(Cc2cnc(N)nc2N)cc(/C=C/C(=O)N2N=Cc3ccccc3C2Cc2ccc(C)cc2)c1OC,4.0,BacillusAnthracis
CHEMBL60662,OC[C@H]1O[C@@H](n2cnc3c(SCc4ccccc4)ncnc32)[C@H](O)[C@@H]1O,2.98296666070122,BacillusAnthracis
CHEMBL727,Nc1nc2[nH]cnc2c(=S)[nH]1,5.698970004336019,BacillusAnthracis
CHEMBL33845,Oc1ccc(Cl)cc1Cc1cc(Cl)ccc1O,5.301029995663981,BacillusAnthracis
CHEMBL1097945,c1cc2cc(-c3ccc(-c4cc5ccc(C6=NCCN6)cc5[nH]4)cc3)[nH]c2cc1C1=NCCN1,1.0999999999999996,BacillusAnthracis
CHEMBL1094617,C(=C/c1cc2ccc(C3=NCCN3)cc2[nH]1)\c1cc2ccc(C3=NCCN3)cc2[nH]1,0.5999999999999996,BacillusAnthracis
CHEMBL1094617,C(=C/c1cc2ccc(C3=NCCN3)cc2[nH]1)\c1cc2ccc(C3=NCCN3)cc2[nH]1,0.5999999999999996,BacillusAnthracis
CHEMBL1098600,c1cc2cc(-c3ccc4cc(-c5ccc6oc(C7=NCCN7)cc6c5)[nH]c4c3)[nH]c2cc1C1=NCCN1,4.9,BacillusAnthracis
CHEMBL1097945,c1cc2cc(-c3ccc(-c4cc5ccc(C6=NCCN6)cc5[nH]4)cc3)[nH]c2cc1C1=NCCN1,0.2000000000000001,BacillusAnthracis
CHEMBL87223,Cc1cc(N)c2cc(NC(=O)Nc3ccc4nc(C)cc(N)c4c3)ccc2n1,4.5,BacillusAnthracis
CHEMBL1098294,c1cc2cc(-c3ccc4cc(C5=NCCN5)[nH]c4c3)[nH]c2cc1C1=NCCN1,0.5999999999999996,BacillusAnthracis
CHEMBL262777,CN[C@H](CC(C)C)C(=O)N[C@H]1C(=O)N[C@@H](CC(N)=O)C(=O)N[C@H]2C(=O)N[C@H]3C(=O)N[C@H](C(=O)N[C@H](C(=O)O)c4cc(O)cc(O)c4-c4cc3ccc4O)[C@H](O)c3ccc(c(Cl)c3)Oc3cc2cc(c3O[C@@H]2O[C@H](CO)[C@@H](O)[C@H](O)[C@H]2O[C@H]2C[C@](C)(N)[C@H](O)[C@H](C)O2)Oc2ccc(cc2Cl)[C@H]1O,8.0,BacillusAnthracis
CHEMBL127,C[C@@H](O)[C@H]1C(=O)N2C(C(=O)O)=C(S[C@@H]3CN[C@H](C(=O)N(C)C)C3)[C@H](C)[C@H]12,0.0599999999999996,BacillusAnthracis
CHEMBL1257070,Cc1oc(=O)oc1COC(=O)C1=C([C@H]2CCCO2)S[C@@H]2[C@@H]([C@@H](C)O)C(=O)N12,0.1200000000000001,BacillusAnthracis
CHEMBL127,C[C@@H](O)[C@H]1C(=O)N2C(C(=O)O)=C(S[C@@H]3CN[C@H](C(=O)N(C)C)C3)[C@H](C)[C@H]12,0.1200000000000001,BacillusAnthracis
CHEMBL127,C[C@@H](O)[C@H]1C(=O)N2C(C(=O)O)=C(S[C@@H]3CN[C@H](C(=O)N(C)C)C3)[C@H](C)[C@H]12,0.1200000000000001,BacillusAnthracis
CHEMBL3094509,Cl.N/N=C(/N)c1ccc2cc(-c3ccc(-c4cc5ccc(/C(N)=N\N)cc5[nH]4)cc3)[nH]c2c1,0.3099999999999996,BacillusAnthracis
CHEMBL3094507,CCOC(=N)c1ccc2cc(-c3ccc(-c4cc5ccc(C(=N)OCC)cc5[nH]4)cc3)[nH]c2c1.Cl,2.5,BacillusAnthracis
CHEMBL3094506,CC1(C)CN=C(c2ccc3cc(-c4ccc(-c5cc6ccc(C7=NCC(C)(C)CN7)cc6[nH]5)cc4)[nH]c3c2)NC1.O=C(O)C(F)(F)F,0.3099999999999996,BacillusAnthracis
CHEMBL3094505,FC1CN=C(c2ccc3cc(-c4ccc(-c5cc6ccc(C7=NCC(F)CN7)cc6[nH]5)cc4)[nH]c3c2)NC1.O=C(O)C(F)(F)F,0.08,BacillusAnthracis
CHEMBL3094504,COC1CN=C(c2ccc3cc(-c4ccc(-c5cc6ccc(C7=NCC(OC)CN7)cc6[nH]5)cc4)[nH]c3c2)NC1.O=C(O)C(F)(F)F,0.1600000000000001,BacillusAnthracis
CHEMBL3094499,O=C(O)C(F)(F)F.c1cc2cc(-c3ccc(-c4cc5ccc(C6=NCCN6)cc5[nH]4)cc3)[nH]c2cc1C1=NCCN1,0.3099999999999996,BacillusAnthracis
CHEMBL1747,NC[C@H]1O[C@H](O[C@H]2[C@H](O)[C@@H](O[C@H]3O[C@H](CO)[C@@H](O)[C@H](N)[C@H]3O)[C@H](N)C[C@@H]2N)[C@H](N)C[C@@H]1O,9.4,BacillusAnthracis
CHEMBL2370151,CC(=O)NCC(=O)N[C@@H](Cc1ccccc1)C(=O)N1Cc2ccccc2C[C@H]1C(=O)N1CC2CCCCC2[C@H]1C(=O)NCC(=O)N[C@@H](CCCCN)C(=O)N1Cc2ccccc2C[C@H]1C(=O)N1CC2CCCCC2[C@H]1C(=O)NCC(=O)N[C@@H](Cc1ccccc1)C(=O)N1Cc2ccccc2C[C@H]1C(=O)N1CC2CCCCC2[C@H]1C(=O)NCC(=O)N[C@@H](CCCCN)C(=O)N1Cc2ccccc2C[C@H]1C(=O)N[C@@H](CCCCN)C(=O)N[C@@H](CCCCN)C(=O)N[C@@H](CCCCN)C(=O)N[C@@H](CCCCN)C(N)=O,4.892790030352131,BacillusAnthracis
CHEMBL1255634,CC(=O)NCC(=O)N[C@@H](Cc1ccccc1)C(=O)N1Cc2ccccc2C[C@H]1C(=O)N1C[C@@H](C(=O)NCC(=O)N[C@@H](CCCN)C(=O)N2Cc3ccccc3C[C@H]2C(=O)N2C[C@@H](C(=O)NCC(=O)N[C@@H](Cc3ccccc3)C(=O)N3Cc4ccccc4C[C@H]3C(=O)N3C[C@@H](C(=O)NCC(=O)N[C@@H](CCCN)C(=O)N4Cc5ccccc5C[C@H]4C(=O)N[C@@H](CCCN)C(=O)N[C@@H](CCCN)C(=O)N[C@@H](CCCN)C(=O)N[C@@H](CCCN)C(N)=O)C4CCCCC43)C3CCCCC32)C2CCCCC21,6.086186147616283,BacillusAnthracis
CHEMBL1255641,CC(=O)NCC(=O)N[C@@H](Cc1ccccc1)C(=O)N1C[C@@H](C(=O)N2C[C@H](C(=O)NCC(=O)N[C@@H](CCCCN)C(=O)N3C[C@@H](C(=O)N4C[C@@H](C(=O)NCC(=O)N[C@@H](Cc5ccccc5)C(=O)N5C[C@@H](C(=O)N6C[C@@H](C(=O)NCC(=O)N[C@@H](CCCCN)C(=O)N7Cc8ccccc8C[C@H]7C(=O)N[C@@H](CCCCN)C(=O)N[C@@H](CCCCN)C(=O)N[C@@H](CCCCN)C(=O)N[C@@H](CCCCN)C(N)=O)C7CCCCC76)C6CCCCC65)C5CCCCC54)C4CCCCC43)C3CCCCC32)C2CCCCC21,4.585026652029182,BacillusAnthracis
CHEMBL1255642,CC(=O)NCC(=O)N[C@@H](Cc1ccccc1)C(=O)N1Cc2ccccc2C[C@H]1C(=O)N1C[C@@H](C(=O)NCC(=O)N[C@@H](CCCCN)C(=O)N2Cc3ccccc3C[C@H]2C(=O)N2C[C@@H](C(=O)NCC(=O)N[C@@H](Cc3ccccc3)C(=O)N3Cc4ccccc4C[C@H]3C(=O)N3C[C@@H](C(=O)NCC(=O)N[C@@H](CCCCN)C(=O)N4Cc5ccccc5C[C@H]4C(=O)N[C@@H](CCCCN)C(=O)N[C@@H](CCCCN)C(=O)N[C@@H](CCCCN)C(N)=O)C4CCCCC43)C3CCCCC32)C2CCCCC21,4.568636235841012,BacillusAnthracis
CHEMBL1255643,CC(C)C[C@H](NC(=O)[C@@H](N)CCCCN)C(=O)N1Cc2ccccc2C[C@H]1C(=O)N1C[C@@H](C(=O)N[C@@H](CCCCN)C(=O)N2Cc3ccccc3C[C@H]2C(=O)N2C[C@@H](C(=O)N[C@@H](Cc3ccccc3)C(=O)N3Cc4ccccc4C[C@H]3C(=O)N3C[C@@H](C(=O)N[C@@H](CCCCN)C(=O)N4Cc5ccccc5C[C@H]4C(=O)N4C[C@@H](C(=O)N[C@@H](Cc5ccccc5)C(=O)N5Cc6ccccc6C[C@H]5C(=O)N5C[C@@H](C(=O)N[C@@H](CCCCN)C(=O)N6Cc7ccccc7C[C@H]6C(=O)N6C[C@@H](C(=O)N[C@@H](CCCCN)C(=O)N[C@@H](CCCCN)C(=O)N[C@@H](CCCCN)C(=O)N[C@@H](CCCCN)C(N)=O)C7CCCCC76)C6CCCCC65)C5CCCCC54)C4CCCCC43)C3CCCCC32)C2CCCCC21,3.823908740944319,BacillusAnthracis
CHEMBL1257070,Cc1oc(=O)oc1COC(=O)C1=C([C@H]2CCCO2)S[C@@H]2[C@@H]([C@@H](C)O)C(=O)N12,0.25,BacillusAnthracis
CHEMBL1200699,C[C@H]1c2cccc(O)c2C(=O)C2=C(O)[C@]3(O)C(=O)C(C(N)=O)=C(O)[C@@H](N(C)C)[C@@H]3[C@@H](O)[C@@H]21.O,0.25,BacillusAnthracis
CHEMBL127,C[C@@H](O)[C@H]1C(=O)N2C(C(=O)O)=C(S[C@@H]3CN[C@H](C(=O)N(C)C)C3)[C@H](C)[C@H]12,0.25,BacillusAnthracis
CHEMBL3752498,NCC[C@H](O)C(=O)NC[C@H]1O[C@H](O[C@H]2[C@H](O)[C@@H](O[C@H]3O[C@H](CO)[C@@H](O)[C@H](N)[C@H]3O)[C@H](N)C[C@@H]2N)[C@H](N)C[C@@H]1O,2.0,BacillusAnthracis
CHEMBL3751901,NCC(=O)NC[C@H]1O[C@H](O[C@H]2[C@H](O)[C@@H](O[C@H]3O[C@H](CO)[C@@H](O)[C@H](N)[C@H]3O)[C@H](N)C[C@@H]2N)[C@H](O)[C@@H](O)[C@@H]1O,2.0,BacillusAnthracis
CHEMBL556099,COc1cc(/C=C2\SC(=S)N(c3cccc(Cl)c3)C2=O)cc(OC)c1O,4.522878745280337,BacillusAnthracis
CHEMBL561728,Oc1ccc(O)c(-c2ccc(-c3nnc(S)o3)o2)c1,4.6020599913279625,BacillusAnthracis
CHEMBL558246,Cc1noc(NS(=O)(=O)c2ccc(NC(=O)CSc3nnc(-c4ccccc4)c(-c4ccccc4)n3)cc2)c1C,4.301029995663981,BacillusAnthracis
CHEMBL3400847,CC[C@@H](C(=O)[C@@H](C)[C@@H](O)[C@H](C)[C@@H]1O[C@@H]([C@@H](CC)C(=O)N(CCO)CCO)CC[C@@H]1C)[C@H]1O[C@]2(C=C[C@@H](O)[C@]3(CC[C@@](C)([C@H]4CC[C@](O)(CC)[C@H](C)O4)O3)O2)[C@H](C)C[C@@H]1C,2.0,BacillusAnthracis
CHEMBL3094496,Fc1c(-c2ccc(-c3[nH]c4cc(C5=NCCN5)ccc4c3F)cc2)[nH]c2cc(C3=NCCN3)ccc12.O=C(O)C(F)(F)F,0.08,BacillusAnthracis
CHEMBL3094488,CC(=O)O.c1cc2cc(-c3ccc(-c4cc5ccc(C6=NCCCN6)cc5[nH]4)s3)[nH]c2cc1C1=NCCCN1,0.1600000000000001,BacillusAnthracis
CHEMBL3094511,NCc1ccc2cc(-c3ccc(-c4cc5ccc(CN)cc5[nH]4)cc3)[nH]c2c1.O=C(O)C(F)(F)F,1.25,BacillusAnthracis
CHEMBL3094502,CC1CN=C(c2ccc3cc(-c4ccc(-c5cc6ccc(C7=NCC(C)CN7)cc6[nH]5)cc4)[nH]c3c2)NC1.O=C(O)C(F)(F)F,0.08,BacillusAnthracis
CHEMBL415065,CN[C@H](CC(C)C)C(=O)N[C@H]1C(=O)N[C@@H](CC(N)=O)C(=O)N[C@H]2C(=O)N[C@H]3C(=O)N[C@H](C(=O)N[C@@H](C(=O)NC45CC6CC(CC(C6)C4)C5)c4cc(O)cc(O)c4-c4cc3ccc4O)[C@H](O[C@@H]3C[C@@](C)(N)[C@H](O)[C@@H](C)O3)c3ccc(cc3)Oc3cc2cc(c3O[C@H]2O[C@@H](CO)[C@H](O)[C@@H](O)[C@@H]2O[C@H]2C[C@](C)(N)[C@@H](O)[C@H](C)O2)Oc2ccc(cc2Cl)[C@H]1O,0.5,BacillusAnthracis
CHEMBL1688828,c1cc(-c2nc3cc(-c4nc5ccc(C6=NCCN6)cc5[nH]4)ccc3[nH]2)ccc1C1=NCCN1,1.4000000000000004,BacillusAnthracis
CHEMBL167317,C(=C/c1cc2ccc(C3=NCCN3)cc2[nH]1)\c1ccc(Oc2ccc(C3=NCCN3)cc2)cc1,2.6,BacillusAnthracis
CHEMBL166516,N=C(N)c1ccc2cc(/C=C/c3cc4ccc(C(=N)N)cc4o3)oc2c1,8.3,BacillusAnthracis
CHEMBL1688702,N=C(N)c1ccc2[nH]c(/C=C/c3cc4ccc(C(=N)N)cc4o3)cc2c1,8.0,BacillusAnthracis
CHEMBL1425,Sc1ncnc2nc[nH]c12,3.397940008672037,BacillusAnthracis
CHEMBL226396,Nc1nc(Cl)c2nc[nH]c2n1,3.6989700043360174,BacillusAnthracis
CHEMBL537336,CC(C)CCNCC(O)Cn1c2ccc(Cl)cc2c2cc(Cl)ccc21,5.301029995663981,BacillusAnthracis
CHEMBL3986341,O=[N+]([O-])c1ccc(-c2cccc(O)c2)s1,7.0,BacillusAnthracis
CHEMBL459663,CCC(C)SSc1ccc([N+](=O)[O-])cc1,0.5,BacillusAnthracis
CHEMBL2177809,Cc1c(CCC(=O)O)c(=O)oc2cc(OCc3cccc(-c4ccccc4)c3)ccc12,5.6020599913279625,BacillusAnthracis
CHEMBL388978,CN[C@@H]1C[C@H]2O[C@@](C)([C@@H]1OC)n1c3ccccc3c3c4c(c5c6ccccc6n2c5c31)C(=O)NC4,3.892790030352132,BacillusAnthracis
CHEMBL270276,CCCCCCCCCCN1C(=O)/C(=C(/C)O)C(=O)[C@H]1CC(C)C,0.7999999999999998,BacillusAnthracis
CHEMBL271758,CC(C)=CCCC(C)CCN1C(=O)/C(=C(/C)O)C(=O)[C@@H]1CC(C)C,0.4000000000000003,BacillusAnthracis
CHEMBL550976,[C-]#[N+][C@]12C=CC(C)(C)c3[nH]c4cccc5c4c3[C@]1(O)[C@H](C[C@@H](Cl)[C@]2(C)C=C)C5(C)C,5.130768280269024,BacillusAnthracis
CHEMBL563881,[C-]#[N+][C@]12[C@H](O)C(=O)C(C)(C)c3[nH]c4cccc5c4c3[C@]1(O)[C@H](C[C@@H](Cl)[C@]2(C)C=C)C5(C)C,4.860120913598763,BacillusAnthracis
CHEMBL559636,[C-]#[N+][C@@H]1[C@@H]2c3c(C(C)(C)C=C)[nH]c4cccc(c34)C(C)(C)[C@H]2C[C@@H](Cl)[C@]1(C)C=C,6.0,BacillusAnthracis
CHEMBL552445,[C-]#[N+][C@H]1[C@@](C)(C=C)[C@H](Cl)C[C@@H]2C(C)(C)c3cccc4[nH]c(C(C)(C)C=C)c(c34)[C@]21O,5.431798275933005,BacillusAnthracis
CHEMBL1255644,CC(C)C[C@H](NC(=O)[C@@H](N)CCCN)C(=O)N1Cc2ccccc2C[C@H]1C(=O)N1C[C@@H](C(=O)N[C@@H](CCCN)C(=O)N2Cc3ccccc3C[C@H]2C(=O)N2C[C@@H](C(=O)N[C@@H](Cc3ccccc3)C(=O)N3Cc4ccccc4C[C@H]3C(=O)N3C[C@@H](C(=O)N[C@@H](CCCN)C(=O)N4Cc5ccccc5C[C@H]4C(=O)N4C[C@@H](C(=O)N[C@@H](Cc5ccccc5)C(=O)N5Cc6ccccc6C[C@H]5C(=O)N5C[C@@H](C(=O)N[C@@H](CCCN)C(=O)N6Cc7ccccc7C[C@H]6C(=O)N6C[C@@H](C(=O)N[C@@H](CCCN)C(=O)N[C@@H](CCCN)C(=O)N[C@@H](CCCN)C(=O)N[C@@H](CCCN)C(N)=O)C7CCCCC76)C6CCCCC65)C5CCCCC54)C4CCCCC43)C3CCCCC32)C2CCCCC21,3.8068754016455375,BacillusAnthracis
CHEMBL1200699,C[C@H]1c2cccc(O)c2C(=O)C2=C(O)[C@]3(O)C(=O)C(C(N)=O)=C(O)[C@@H](N(C)C)[C@@H]3[C@@H](O)[C@@H]21.O,6.568636235841012,BacillusAnthracis
CHEMBL201900,CCc1cc(Nc2cc(=O)n(CCCCN3CCN(c4c(F)cc5c(=O)c(C(=O)O)cn(C6CC6)c5c4F)CC3C)c(=O)[nH]2)ccc1C,0.1559999999999997,BacillusAnthracis
CHEMBL3094508,N/C(=N\O)c1ccc2cc(-c3ccc(-c4cc5ccc(/C(N)=N\O)cc5[nH]4)cc3)[nH]c2c1,0.1600000000000001,BacillusAnthracis
CHEMBL372795,CN[C@@H]1[C@H](O[C@H]2[C@H](O[C@H]3[C@H](O)[C@@H](O)[C@H](N=C(N)N)[C@@H](O)[C@@H]3N=C(N)N)O[C@@H](C)[C@]2(O)C=O)O[C@@H](CO)[C@H](O)[C@H]1O,0.25,BacillusAnthracis
CHEMBL1741,CC[C@H]1OC(=O)[C@H](C)[C@@H](O[C@H]2C[C@@](C)(OC)[C@@H](O)[C@H](C)O2)[C@H](C)[C@@H](O[C@@H]2O[C@H](C)C[C@H](N(C)C)[C@H]2O)[C@](C)(OC)C[C@@H](C)C(=O)[C@H](C)[C@@H](O)[C@]1(C)O,0.25,BacillusAnthracis
CHEMBL2372016,CC(=O)NCC(=O)N[C@@H](Cc1ccccc1)C(=O)N[C@@H](Cc1ccccc1)C(=O)N1CC2CCCCC2[C@H]1C(=O)NCC(=O)N[C@@H](CCCCN)C(=O)N[C@@H](Cc1ccccc1)C(=O)N1CC2CCCCC2[C@H]1C(=O)NCC(=O)N[C@@H](Cc1ccccc1)C(=O)N[C@@H](Cc1ccccc1)C(=O)N1CC2CCCCC2[C@@H]1CC(=O)N[C@@H](CCCCN)C(=O)N[C@@H](Cc1ccccc1)C(=O)NC(CCCCN)C(=O)N[C@@H](CCCCN)C(=O)N[C@H](CCCCN)C(=O)N[C@@H](CCCCN)C(N)=O,6.698970004336019,BacillusAnthracis
CHEMBL2372017,CC(=O)N[C@@H](Cc1ccccc1)C(=O)N1Cc2ccccc2C[C@H]1C(=O)N1CC2CCCCC2[C@H]1C(=O)N[C@@H](CCCCN)C(=O)N1Cc2ccccc2C[C@H]1C(=O)N1CC2CCCCC2[C@H]1C(=O)N[C@@H](Cc1ccccc1)C(=O)N1Cc2ccccc2C[C@H]1C(=O)N1CC2CCCCC2[C@H]1C(=O)N[C@@H](CCCCN)C(=O)N1Cc2ccccc2C[C@H]1C(=O)N[C@@H](CCCCN)C(=O)N[C@@H](CCCCN)C(=O)N[C@@H](CCCCN)C(=O)N[C@@H](CCCCN)C(=O)N[C@@H](CCCCN)C(=O)N[C@@H](CCCCN)C(N)=O,6.1249387366083,BacillusAnthracis
CHEMBL564808,[C-]#[N+][C@]12C[C@@H](O)C(C)(C)c3[nH]c4cccc5c4c3[C@]1(O)[C@H](C[C@@H](Cl)[C@]2(C)C=C)C5(C)C,4.54515513999149,BacillusAnthracis
CHEMBL559449,[C-]#[N+][C@@H]1[C@]2(O)c3c(C(C)(C)C=C)[nH]c4cccc(c34)C(C)(C)[C@H]2CC[C@]1(C)C=C,4.79317412396815,BacillusAnthracis
CHEMBL2392289,COc1cc(C(=O)Nc2nc3ccc4nc(N5CCN(C)CC5)sc4c3s2)cc(OC)c1OC,5.0,BacillusAnthracis
CHEMBL2392741,O=C(Nc1ccc(S(=O)(=O)Nc2ccc(Cl)nn2)cc1)NC12CC3CC(CC(C3)C1)C2,1.5600000000000005,BacillusAnthracis
CHEMBL1440,CN(C)[C@@H]1C(O)=C(C(N)=O)C(=O)[C@@]2(O)C(O)=C3C(=O)c4c(O)cccc4[C@@](C)(O)[C@H]3C[C@@H]12,7.154901959985743,BacillusAnthracis
CHEMBL1688962,O=C(Nc1ncnc2c1ncn2[C@@H]1O[C@H](CO)[C@@H](O)[C@H]1O)c1ccccc1,2.943095148663528,BacillusAnthracis
CHEMBL2042478,COc1cc(Cc2cnc(N)nc2N)cc(/C=C/C(=O)N2N=Cc3ccccc3C2c2ccc(F)cc2)c1OC,1.0,BacillusAnthracis
CHEMBL2178445,Cc1c(CCC(=O)O)c(=O)oc2c(C)c(OCc3ccc(-c4ccc(Cl)cc4)cc3)ccc12,6.204119982655925,BacillusAnthracis
CHEMBL2177810,Cc1c(CCC(=O)O)c(=O)oc2c(C)c(OCc3cccc(-c4ccccc4)c3)ccc12,6.204119982655925,BacillusAnthracis
CHEMBL1384,NC[C@H]1O[C@H](O[C@H]2[C@H](O)[C@@H](O[C@H]3O[C@H](CO)[C@@H](O)[C@H](N)[C@H]3O)[C@H](N)C[C@@H]2N)[C@H](O)[C@@H](O)[C@@H]1O,5.301029995663981,BacillusAnthracis
CHEMBL15511,CCN1CCN(c2cc3c(cc2F)c(=O)c(C(=O)O)cn3C2CC2)CC1,0.0780000000000002,BacillusAnthracis
CHEMBL1688704,N=C(N)c1ccc2oc(CCc3cc4ccc(C(=N)N)cc4[nH]3)cc2c1,8.4,BacillusAnthracis
CHEMBL495454,C(=C/c1cc2ccc(C3=NCCN3)cc2[nH]1)\c1ccc2cc(C3=NCCN3)[nH]c2c1,9.3,BacillusAnthracis
CHEMBL262777,CN[C@H](CC(C)C)C(=O)N[C@H]1C(=O)N[C@@H](CC(N)=O)C(=O)N[C@H]2C(=O)N[C@H]3C(=O)N[C@H](C(=O)N[C@H](C(=O)O)c4cc(O)cc(O)c4-c4cc3ccc4O)[C@H](O)c3ccc(c(Cl)c3)Oc3cc2cc(c3O[C@@H]2O[C@H](CO)[C@@H](O)[C@H](O)[C@H]2O[C@H]2C[C@](C)(N)[C@H](O)[C@H](C)O2)Oc2ccc(cc2Cl)[C@H]1O,2.0,BacillusAnthracis
CHEMBL439032,C=CCN1C(=O)/C(=C/c2ccc(-c3ccc(C(=O)O)cc3)o2)SC1=S,3.13,BacillusAnthracis
CHEMBL1688956,CCN(CC)c1ncnc2c1ncn2[C@@H]1O[C@H](CO)[C@@H](O)[C@H]1O,3.508638306165728,BacillusAnthracis
CHEMBL551038,COc1cc(Cc2cnc(N)nc2N)cc(/C=C/C(=O)N2N=Cc3ccccc3C2C2CCCCC2)c1OC,6.585026652029182,BacillusAnthracis
CHEMBL565059,COC(=O)C(C)(C)C1c2ccccc2C=NN1C(=O)/C=C/c1cc(Cc2cnc(N)nc2N)cc(OC)c1OC,6.522878745280337,BacillusAnthracis
CHEMBL1257070,Cc1oc(=O)oc1COC(=O)C1=C([C@H]2CCCO2)S[C@@H]2[C@@H]([C@@H](C)O)C(=O)N12,0.1200000000000001,BacillusAnthracis
CHEMBL127,C[C@@H](O)[C@H]1C(=O)N2C(C(=O)O)=C(S[C@@H]3CN[C@H](C(=O)N(C)C)C3)[C@H](C)[C@H]12,0.1200000000000001,BacillusAnthracis
CHEMBL127,C[C@@H](O)[C@H]1C(=O)N2C(C(=O)O)=C(S[C@@H]3CN[C@H](C(=O)N(C)C)C3)[C@H](C)[C@H]12,0.25,BacillusAnthracis
CHEMBL127,C[C@@H](O)[C@H]1C(=O)N2C(C(=O)O)=C(S[C@@H]3CN[C@H](C(=O)N(C)C)C3)[C@H](C)[C@H]12,0.25,BacillusAnthracis
CHEMBL127,C[C@@H](O)[C@H]1C(=O)N2C(C(=O)O)=C(S[C@@H]3CN[C@H](C(=O)N(C)C)C3)[C@H](C)[C@H]12,0.5,BacillusAnthracis
CHEMBL529,CC[C@H]1OC(=O)[C@H](C)[C@@H](O[C@H]2C[C@@](C)(OC)[C@@H](O)[C@H](C)O2)[C@H](C)[C@@H](O[C@@H]2O[C@H](C)C[C@H](N(C)C)[C@H]2O)[C@](C)(O)C[C@@H](C)CN(C)[C@H](C)[C@@H](O)[C@]1(C)O,2.0,BacillusAnthracis
CHEMBL529,CC[C@H]1OC(=O)[C@H](C)[C@@H](O[C@H]2C[C@@](C)(OC)[C@@H](O)[C@H](C)O2)[C@H](C)[C@@H](O[C@@H]2O[C@H](C)C[C@H](N(C)C)[C@H]2O)[C@](C)(O)C[C@@H](C)CN(C)[C@H](C)[C@@H](O)[C@]1(C)O,2.0,BacillusAnthracis
CHEMBL1257070,Cc1oc(=O)oc1COC(=O)C1=C([C@H]2CCCO2)S[C@@H]2[C@@H]([C@@H](C)O)C(=O)N12,0.1200000000000001,BacillusAnthracis
CHEMBL424381,N=C(N)N/N=C/c1ccc2cc(-c3ccc(/C=N/N=C(N)N)cc3)sc2c1,4.5,BacillusAnthracis
CHEMBL1098600,c1cc2cc(-c3ccc4cc(-c5ccc6oc(C7=NCCN7)cc6c5)[nH]c4c3)[nH]c2cc1C1=NCCN1,0.4000000000000003,BacillusAnthracis
CHEMBL436050,N=C(N)c1ccc(/C=C/C=C/c2cc3cc(C(=N)N)ccc3o2)cc1,8.1,BacillusAnthracis
CHEMBL352988,N=C(N)c1ccc2oc(/C=C/C=C/c3cc4cc(C(=N)N)ccc4o3)cc2c1,2.2,BacillusAnthracis
CHEMBL167317,C(=C/c1cc2ccc(C3=NCCN3)cc2[nH]1)\c1ccc(Oc2ccc(C3=NCCN3)cc2)cc1,2.6,BacillusAnthracis
CHEMBL1688718,c1cc2cc(-c3cc4ccc(C5=NCCN5)cc4[nH]3)[nH]c2cc1C1=NCCN1,1.0999999999999996,BacillusAnthracis
CHEMBL1098294,c1cc2cc(-c3ccc4cc(C5=NCCN5)[nH]c4c3)[nH]c2cc1C1=NCCN1,1.0999999999999996,BacillusAnthracis
CHEMBL1094617,C(=C/c1cc2ccc(C3=NCCN3)cc2[nH]1)\c1cc2ccc(C3=NCCN3)cc2[nH]1,0.4000000000000003,BacillusAnthracis
CHEMBL3301669,CN[C@H]1C(=O)N[C@@H]2Cc3ccc(cc3)Oc3cc4cc(c3O[C@@H]3O[C@H](C(=O)O)[C@@H](O)[C@H](O)[C@H]3NC(=O)CCCCCCCCC(C)C)Oc3ccc(cc3Cl)[C@@H](O)[C@@H]3NC(=O)[C@H](NC(=O)[C@@H]4NC(=O)[C@@H](NC2=O)c2cc(cc(O)c2Cl)Oc2cc1ccc2O)c1ccc(O)c(c1)-c1c(O[C@H]2O[C@H](CO)[C@@H](O)[C@H](O)[C@@H]2O)cc(O)cc1[C@@H](C(=O)NCCCN(C)C)NC3=O,0.0300000000000002,BacillusAnthracis
CHEMBL66693,C[C@@H](N)C(=O)O,4.698970004336019,BacillusAnthracis
CHEMBL589291,C/C(=N\Nc1nc2ccccc2[nH]c1=O)c1cc2cc(Cl)ccc2oc1=O,7.8,BacillusAnthracis
CHEMBL529,CC[C@H]1OC(=O)[C@H](C)[C@@H](O[C@H]2C[C@@](C)(OC)[C@@H](O)[C@H](C)O2)[C@H](C)[C@@H](O[C@@H]2O[C@H](C)C[C@H](N(C)C)[C@H]2O)[C@](C)(O)C[C@@H](C)CN(C)[C@H](C)[C@@H](O)[C@]1(C)O,4.0,BacillusAnthracis
CHEMBL291507,Oc1ccc(Cc2ccccc2)cc1O,3.6989700043360174,BacillusAnthracis
CHEMBL1202,Cl.O=C(O)c1cn(C2CC2)c2cc(N3CCNCC3)c(F)cc2c1=O,7.0,BacillusAnthracis
CHEMBL594732,Cn1c2ccccc2c2c(O)c(C#N)c3c4ccccc4[nH]c3c21,5.200659450546418,BacillusAnthracis
CHEMBL2178456,CCc1c(OCc2ccc(-c3ccccc3)cc2)ccc2c(C)c(CCC(=O)O)c(=O)oc12,5.903089986991944,BacillusAnthracis
CHEMBL2178455,Cc1c(OCc2ccc(-c3ccccc3)cc2)ccc2cc(CCC(=O)O)c(=O)oc12,5.6020599913279625,BacillusAnthracis
CHEMBL459869,CCCCSSc1ccc([N+](=O)[O-])cc1,1.0,BacillusAnthracis
CHEMBL243514,C=CCN1C(=O)/C(=C/c2ccc(-c3ccc(C(=O)O)c(Cl)c3)o2)SC1=S,3.13,BacillusAnthracis
CHEMBL451471,CCC(C)SSc1cccc([N+](=O)[O-])c1,8.0,BacillusAnthracis
CHEMBL1818389,CC1(C)C2CCC(CNC(=O)Nc3ccc(F)c(F)c3F)C1C2,1.5999999999999996,BacillusAnthracis
CHEMBL475957,O=C(Nc1ccc([N+](=O)[O-])cc1)Nc1ccc(S(=O)(=O)Nc2ccc(Cl)c(Cl)c2)cc1,5.721246399047171,BacillusAnthracis
CHEMBL3099421,Cc1ccc(-c2cnnc(N3CCC(c4cccc(O)c4)C3)n2)o1,3.892790030352132,BacillusAnthracis
CHEMBL3099425,COc1ccc(-c2cnnc(N3CCC(c4cccc(Cl)c4)C3)n2)cc1OC,4.795880017344075,BacillusAnthracis
CHEMBL436832,CCCCN(CCCC)CCCNc1nc(NC2CCCCCC2)nc(NC23CC4CC(CC(C4)C2)C3)n1,4.3872161432802645,BacillusAnthracis
CHEMBL1673285,Oc1ccc(Cl)cc1Cc1cc(Cl)cc(Cc2cc(Cl)cc(Cc3cc(Cl)ccc3O)c2O)c1O,6.795880017344075,BacillusAnthracis
CHEMBL1673284,Oc1ccc(Cl)cc1Cc1cc(Cl)cc(Cc2cc(Cl)cc(Cc3cc(Cl)cc(Cc4cc(Cl)ccc4O)c3O)c2O)c1O,5.886056647693163,BacillusAnthracis
CHEMBL559790,Cc1c(CCC(=O)O)c(=O)oc2c(C)c(OCc3cccc4ccccc34)ccc12,1.2999999999999998,BacillusAnthracis
CHEMBL549285,Cn1c(SCc2cc(=O)oc3cc(O)c(O)cc23)nc2ccccc21,4.259637310505756,BacillusAnthracis
CHEMBL560919,Cc1c(Cc2ccccc2)c(=O)oc2c(O)c(O)ccc12,4.698970004336019,BacillusAnthracis
CHEMBL2042482,COc1cc(Cc2cnc(N)nc2N)cc(/C=C/C(=O)N2N=Cc3ccccc3C2Cc2ccc(OC(F)(F)F)cc2)c1OC,4.0,BacillusAnthracis
CHEMBL605819,O=C(O)c1cc(COc2cc(C(F)(F)F)nc3c(C(F)(F)F)cccc23)on1,4.494850021680094,BacillusAnthracis
CHEMBL3094490,CC(=O)O.c1cc2cc(-c3ccc(-c4cc5ccc(C6=NCCCN6)cc5[nH]4)nc3)[nH]c2cc1C1=NCCCN1,0.1600000000000001,BacillusAnthracis
CHEMBL3094489,CC(=O)O.c1cc2cc(-c3ccc(-c4cc5ccc(C6=NCCN6)cc5[nH]4)nc3)[nH]c2cc1C1=NCCN1,0.3099999999999996,BacillusAnthracis
CHEMBL3094512,C(=C/Cc1cc2ccc(C3=NCCCN3)cc2[nH]1)\Cc1cc2ccc(C3=NCCCN3)cc2[nH]1.O=C(O)C(F)(F)F,0.1600000000000001,BacillusAnthracis
CHEMBL1098600,c1cc2cc(-c3ccc4cc(-c5ccc6oc(C7=NCCN7)cc6c5)[nH]c4c3)[nH]c2cc1C1=NCCN1,0.4000000000000003,BacillusAnthracis
CHEMBL1097945,c1cc2cc(-c3ccc(-c4cc5ccc(C6=NCCN6)cc5[nH]4)cc3)[nH]c2cc1C1=NCCN1,0.2999999999999998,BacillusAnthracis
CHEMBL1098294,c1cc2cc(-c3ccc4cc(C5=NCCN5)[nH]c4c3)[nH]c2cc1C1=NCCN1,1.0999999999999996,BacillusAnthracis
CHEMBL1094617,C(=C/c1cc2ccc(C3=NCCN3)cc2[nH]1)\c1cc2ccc(C3=NCCN3)cc2[nH]1,0.5999999999999996,BacillusAnthracis
CHEMBL1098600,c1cc2cc(-c3ccc4cc(-c5ccc6oc(C7=NCCN7)cc6c5)[nH]c4c3)[nH]c2cc1C1=NCCN1,0.2000000000000001,BacillusAnthracis
CHEMBL540217,COc1cc(Cc2cnc(N)nc2N)cc(/C=C/C(=O)N2N=Cc3ccccc3C2c2ccccc2)c1OCCN1CCOCC1,6.769551078621726,BacillusAnthracis
CHEMBL564880,COc1cc(Cc2cnc(N)nc2N)cc(CCC(=O)N2N=Cc3ccccc3C2C)c1OC,7.036212172654444,BacillusAnthracis
CHEMBL3094493,O=C(O)C(F)(F)F.c1cc2cc(CCc3cc4ccc(C5=NCCCN5)cc4[nH]3)[nH]c2cc1C1=NCCCN1,0.6299999999999999,BacillusAnthracis
CHEMBL3094492,CC(=O)O.c1cc2cc(-c3cnc(-c4cc5ccc(C6=NCCCN6)cc5[nH]4)cn3)[nH]c2cc1C1=NCCCN1,0.1600000000000001,BacillusAnthracis
CHEMBL3094501,O=C(O)C(F)(F)F.c1cc2cc(-c3ccc(-c4cc5ccc(C6=NCCCN6)cc5[nH]4)cc3)[nH]c2cc1C1=NCCCN1,0.08,BacillusAnthracis
CHEMBL2417981,CCC[C@@H]1C[C@@H](C(=O)NC([C@H]2O[C@H](SC)[C@H](O)[C@@H](O)[C@H]2O)[C@@H](C)SCCOCCSCC(=O)N[C@H](CO)[C@H](O)c2ccc([N+](=O)[O-])cc2)N(C)C1,2.3,BacillusAnthracis
CHEMBL2417984,CCC[C@@H]1C[C@@H](C(=O)NC([C@H]2O[C@H](SC)[C@H](O)[C@@H](O)[C@H]2O)[C@@H](C)SCCOCCSSCCOCCSC[C@H]2O[C@@H](O[C@@H]3[C@@H](O)[C@H](O[C@H]4O[C@H](CN)[C@@H](O)C[C@H]4N)[C@@H](N)C[C@H]3N)[C@H](O)[C@@H](N)[C@@H]2O)N(C)C1,2.3,BacillusAnthracis
CHEMBL3099410,Nc1ccc(-c2cnnc(N3CCC(c4cccc(Cl)c4)C3)n2)cc1,4.795880017344075,BacillusAnthracis
CHEMBL3099421,Cc1ccc(-c2cnnc(N3CCC(c4cccc(O)c4)C3)n2)o1,4.1938200260161125,BacillusAnthracis
CHEMBL459661,CSSc1ccc([N+](=O)[O-])cc1,1.0,BacillusAnthracis
CHEMBL445770,NC[C@@H]1O[C@H](O[C@H]2[C@@H](O)[C@H](O[C@@H]3[C@@H](O)[C@H](N)C[C@H](N)[C@H]3O[C@H]3O[C@H](CN)[C@@H](O)[C@H](O)[C@H]3N)O[C@@H]2CNC(=O)CCCc2ccc3ccc4cccc5ccc2c3c45)[C@H](N)[C@@H](O)[C@@H]1O,4.903089986991944,BacillusAnthracis
CHEMBL1098294,c1cc2cc(-c3ccc4cc(C5=NCCN5)[nH]c4c3)[nH]c2cc1C1=NCCN1,0.2000000000000001,BacillusAnthracis
CHEMBL4227165,CCCCCSSC(=S)N(CC)CC,5.3979400086720375,BacillusAnthracis
CHEMBL2418137,CCC[C@@H]1C[C@@H](C(=O)N[C@H]([C@H]2O[C@H](SC)[C@H](O)[C@@H](O)[C@H]2O)[C@@H](C)SCCOCCS)N(C)C1,2.3,BacillusAnthracis
CHEMBL3360984,CCCOc1cc(Cc2cnc(N)nc2N)cc(/C=C/C(=O)N2N=Cc3ccccc3C2CCC)c1OC,4.0,BacillusAnthracis
CHEMBL3360982,CCCC1c2ccccc2C=NN1C(=O)/C=C/c1cc(Cc2cnc(N)nc2N)cc(OC)c1OCc1ccccc1,4.0,BacillusAnthracis
CHEMBL4542478,CO[C@@H]1[C@@H](OC)[C@H](C)O[C@@H](OC(=O)C[C@@H](C)CC(=O)O[C@@H](CCCCCCCCCCC(C)C)CC(=O)O[C@H]2CN(C)[C@@H]([C@H](O[C@@H]3O[C@H](CN)[C@@H](O)[C@H]3O)[C@H]3O[C@@H](n4ccc(=O)[nH]c4=O)[C@H](O)[C@@H]3O)C(=O)N(C)[C@@H]2C(=O)O)[C@@H]1OC,0.7800000000000002,BacillusAnthracis
CHEMBL4227290,CCCCCCCSSC(=S)N(CC)CC,5.698970004336019,BacillusAnthracis
CHEMBL3808779,O=C1CC(c2ccc(F)c(F)c2)Oc2cc(O)cc(O)c21,4.204119982655925,BacillusAnthracis
CHEMBL389941,C=CB(Oc1cccc2cccnc12)c1cccc(Cl)c1,8.0,BacillusAnthracis
CHEMBL4225275,CCCCCCCCSSC(=S)N(CC)CC,6.0,BacillusAnthracis
CHEMBL964,CCN(CC)C(=S)SSC(=S)N(CC)CC,5.698970004336019,BacillusAnthracis
CHEMBL3311121,c1cc2cc(-c3ccc(-c4cnc(N5CCCC5)nc4)cc3)[nH]c2cc1C1=NCCCN1,0.6299999999999999,BacillusAnthracis
CHEMBL3311127,c1cc2cc(-c3ccc(-c4cc5ccc(C6=NCCN6)cc5o4)s3)[nH]c2cc1C1=NCCN1,1.09,BacillusAnthracis
CHEMBL1243084,CCCc1ccc(Oc2ccc([N+](=O)[O-])cc2Cl)c(O)c1,1.9000000000000004,BacillusAnthracis
CHEMBL3094495,c1cc2cc(CCCCc3cc4ccc(C5=NCCCN5)cc4[nH]3)[nH]c2cc1C1=NCCCN1,1.25,BacillusAnthracis
CHEMBL130,O=C(N[C@H](CO)[C@H](O)c1ccc([N+](=O)[O-])cc1)C(Cl)Cl,4.7,BacillusAnthracis
CHEMBL4229120,CCCSSC(=S)N(CC)CC,5.3979400086720375,BacillusAnthracis
CHEMBL1097571,CCCCCCSSC(=S)N(CC)CC,5.3979400086720375,BacillusAnthracis
CHEMBL3099424,Clc1cccc(C2CCN(c3nncc(-c4ccccc4)n3)C2)c1,3.892790030352132,BacillusAnthracis
CHEMBL3091494,Cl.N=C(N)c1ccc2cc(-c3ccc(-c4cc5ccc(C(=N)N)cc5[nH]4)cc3)[nH]c2c1,0.08,BacillusAnthracis
CHEMBL3311112,c1cc2oc(-c3ccc(-c4cc5ccc(C6=NCCCN6)cc5[nH]4)cc3)cc2cc1C1=NCCCN1,0.08,BacillusAnthracis
CHEMBL1097945,c1cc2cc(-c3ccc(-c4cc5ccc(C6=NCCN6)cc5[nH]4)cc3)[nH]c2cc1C1=NCCN1,0.3099999999999996,BacillusAnthracis
CHEMBL3311016,c1cc2cc(-c3ccc(-c4nc5ccc(C6=NCCCN6)cc5[nH]4)cc3)[nH]c2cc1C1=NCCCN1,0.3099999999999996,BacillusAnthracis
CHEMBL3311128,CC1CNC(c2ccc3cc(-c4ccc(-c5cc6ccc(C7=NC(C)CN7)cc6o5)s4)[nH]c3c2)=N1,0.5199999999999996,BacillusAnthracis
CHEMBL3311119,c1cc2cc(-c3ccc(-c4cnc(N5CCOCC5)nc4)cc3)[nH]c2cc1C1=NCCCN1,0.5499999999999998,BacillusAnthracis
CHEMBL3311118,FC1CN=C(c2ccc3cc(-c4ccc(-c5cc6ccc(C7=NCC(F)CN7)cc6o5)cc4)[nH]c3c2)NC1,0.3099999999999996,BacillusAnthracis
CHEMBL3094500,C(=C/Cc1cc2ccc(C3=NCCN3)cc2[nH]1)\Cc1cc2ccc(C3=NCCN3)cc2[nH]1.O=C(O)C(F)(F)F,0.3099999999999996,BacillusAnthracis
CHEMBL3360987,CCCC1c2ccccc2C=NN1C(=O)/C=C/c1cc(Cc2cnc(N)nc2N)cc(OC(=O)c2ccc([N+](=O)[O-])cc2)c1OC,8.0,BacillusAnthracis
CHEMBL3360978,CCCC1c2ccccc2C=NN1C(=O)/C=C/c1cc(Cc2cnc(N)nc2N)cc(OCC)c1OCC,4.0,BacillusAnthracis
CHEMBL1097571,CCCCCCSSC(=S)N(CC)CC,5.698970004336019,BacillusAnthracis
CHEMBL4294879,C[C@@H]1CCCCCCCCC[C@H](O)C(=O)C[C@@H](SC[C@@H](O)C(=O)O)C(=O)O1,5.096910013008056,BacillusAnthracis
CHEMBL3311125,Fc1cc(-c2cc3ccc(C4=NCCCN4)cc3[nH]2)ccc1-c1cc2ccc(C3=NCCCN3)cc2o1,0.08,BacillusAnthracis
CHEMBL3311113,c1cc2cc(-c3ccc(-c4cc5ccc(C6=NCCN6)cc5o4)cc3)[nH]c2cc1C1=NCCN1,0.3099999999999996,BacillusAnthracis
CHEMBL3311115,CC1CNC(c2ccc3cc(-c4ccc(-c5cc6ccc(C7=NC(C)CN7)cc6o5)cc4)[nH]c3c2)=N1,0.3099999999999996,BacillusAnthracis
CHEMBL3311270,FC1CN=C(c2ccc3cc(-c4ccc(-c5cc6ccc(C7=NCC(F)CN7)cc6o5)s4)[nH]c3c2)NC1,0.3099999999999996,BacillusAnthracis
CHEMBL3311275,Cc1c(-c2ccc(-c3cc4ccc(C5=NCCCN5)cc4o3)cc2)[nH]c2cc(C3=NCCCN3)ccc12,0.08,BacillusAnthracis
CHEMBL3360989,CCCC1c2ccccc2C=NN1C(=O)/C=C/c1cc(Cc2cnc(N)nc2N)cc(OCc2ccc(F)cc2)c1OC,8.0,BacillusAnthracis
CHEMBL1255639,CC(=O)NCC(=O)N[C@@H](Cc1ccccc1)C(=O)N1Cc2ccccc2C[C@H]1C(=O)N1C[C@@H](C(=O)NCC(=O)N[C@@H](CCCNC(=N)N)C(=O)N2Cc3ccccc3C[C@H]2C(=O)N2C[C@@H](C(=O)NCC(=O)N[C@@H](Cc3ccccc3)C(=O)N3Cc4ccccc4C[C@H]3C(=O)N3C[C@@H](C(=O)NCC(=O)N[C@@H](CCCNC(=N)N)C(=O)N4Cc5ccccc5C[C@H]4C(=O)N[C@@H](CCCNC(=N)N)C(=O)N[C@@H](CCCNC(=N)N)C(=O)N[C@@H](CCCNC(=N)N)C(=O)N[C@@H](CCCNC(=N)N)C(N)=O)C4CCCCC43)C3CCCCC32)C2CCCCC21,5.223298816011589,BacillusAnthracis
CHEMBL271628,CCCCCCCCCCN1C(=O)/C(=C(/C)O)C(=O)[C@@H]1CC(C)C,0.7999999999999998,BacillusAnthracis
CHEMBL540680,Cc1c(CCC(=O)O)c(=O)oc2c(C)c(OCc3ccc(Br)cc3F)ccc12,2.8,BacillusAnthracis
CHEMBL540680,Cc1c(CCC(=O)O)c(=O)oc2c(C)c(OCc3ccc(Br)cc3F)ccc12,2.8,BacillusAnthracis
CHEMBL537958,COc1cc(Cc2cnc(N)nc2N)cc(/C=C/C(=O)N2N=Cc3ccccc3C2c2ccc(CO)cc2)c1OC,7.013228265733755,BacillusAnthracis
CHEMBL549882,COc1cc(Cc2cnc(N)nc2N)cc(/C=C/C(=O)N2N=Cc3ccccc3C2CCCO)c1OC,6.920818753952375,BacillusAnthracis
CHEMBL3400843,CCCN(CCC)C(=O)[C@H](CC)[C@H]1CC[C@H](C)[C@H]([C@@H](C)[C@H](O)[C@H](C)C(=O)[C@H](CC)[C@H]2O[C@]3(C=C[C@@H](O)[C@]4(CC[C@@](C)([C@H]5CC[C@](O)(CC)[C@H](C)O5)O4)O3)[C@H](C)C[C@@H]2C)O1,4.0,BacillusAnthracis
CHEMBL1098294,c1cc2cc(-c3ccc4cc(C5=NCCN5)[nH]c4c3)[nH]c2cc1C1=NCCN1,0.2999999999999998,BacillusAnthracis
CHEMBL243293,C=CCN1C(=O)/C(=C/c2ccc(-c3ccccc3)o2)SC1=S,0.7800000000000002,BacillusAnthracis
CHEMBL4227165,CCCCCSSC(=S)N(CC)CC,5.3979400086720375,BacillusAnthracis
CHEMBL4227290,CCCCCCCSSC(=S)N(CC)CC,5.698970004336019,BacillusAnthracis
CHEMBL4227290,CCCCCCCSSC(=S)N(CC)CC,6.0,BacillusAnthracis
CHEMBL4225275,CCCCCCCCSSC(=S)N(CC)CC,5.3979400086720375,BacillusAnthracis
CHEMBL4227502,CCN(CC)C(=S)SSCc1ccccc1,5.3979400086720375,BacillusAnthracis
CHEMBL964,CCN(CC)C(=S)SSC(=S)N(CC)CC,6.0,BacillusAnthracis
CHEMBL1255638,CC(=O)NCC(=O)N[C@@H](Cc1ccccc1)C(=O)N1Cc2ccccc2C[C@H]1C(=O)N1C[C@@H](C(=O)NCC(=O)N[C@@H](CCN)C(=O)N2Cc3ccccc3C[C@H]2C(=O)N2C[C@@H](C(=O)NCC(=O)N[C@@H](Cc3ccccc3)C(=O)N3Cc4ccccc4C[C@H]3C(=O)N3C[C@@H](C(=O)NCC(=O)N[C@@H](CCN)C(=O)N4Cc5ccccc5C[C@H]4C(=O)N[C@@H](CCN)C(=O)N[C@@H](CCN)C(=O)N[C@@H](CCN)C(=O)N[C@@H](CCN)C(N)=O)C4CCCCC43)C3CCCCC32)C2CCCCC21,5.167491087293763,BacillusAnthracis
CHEMBL1727,CC1=C(C(=O)O)N2C(=O)[C@@H](NC(=O)[C@H](N)c3ccccc3)[C@H]2SC1,3.13,BacillusAnthracis
CHEMBL3094514,O=C(O)C(F)(F)F.c1cc2cc(-c3ccc(-c4cc5ccc(C6=NCCN6)cc5[nH]4)s3)[nH]c2cc1C1=NCCN1,0.1600000000000001,BacillusAnthracis
CHEMBL253645,CCCCN(CCCC)CCCNc1nc(NC2CCCCCCC2)nc(NC23CC4CC(CC(C4)C2)C3)n1,4.0655015487564325,BacillusAnthracis
CHEMBL3360979,CCOc1cc(Cc2cnc(N)nc2N)cc(/C=C/C(=O)N2N=Cc3ccccc3C2C=C(C)C)c1OCC,1.0,BacillusAnthracis
CHEMBL849,Oc1cc(Cl)ccc1Oc1ccc(Cl)cc1Cl,3.1,BacillusAnthracis
CHEMBL4459175,NC[C@@H]1O[C@H](O[C@H]2[C@@H](O)[C@H](O[C@@H]3[C@@H](O)[C@H](N)C[C@H](N)[C@H]3O[C@H]3O[C@H](CN)[C@@H](O)[C@H](O)[C@H]3N)O[C@@H]2CSCCNC(=S)NCCCCCCNC(=O)CCCc2ccc3ccc4cccc5ccc2c3c45)[C@H](N)[C@@H](O)[C@@H]1O,5.504455662453552,BacillusAnthracis
CHEMBL1257070,Cc1oc(=O)oc1COC(=O)C1=C([C@H]2CCCO2)S[C@@H]2[C@@H]([C@@H](C)O)C(=O)N12,0.1200000000000001,BacillusAnthracis
CHEMBL1257070,Cc1oc(=O)oc1COC(=O)C1=C([C@H]2CCCO2)S[C@@H]2[C@@H]([C@@H](C)O)C(=O)N12,0.1200000000000001,BacillusAnthracis
CHEMBL127,C[C@@H](O)[C@H]1C(=O)N2C(C(=O)O)=C(S[C@@H]3CN[C@H](C(=O)N(C)C)C3)[C@H](C)[C@H]12,0.25,BacillusAnthracis
CHEMBL529,CC[C@H]1OC(=O)[C@H](C)[C@@H](O[C@H]2C[C@@](C)(OC)[C@@H](O)[C@H](C)O2)[C@H](C)[C@@H](O[C@@H]2O[C@H](C)C[C@H](N(C)C)[C@H]2O)[C@](C)(O)C[C@@H](C)CN(C)[C@H](C)[C@@H](O)[C@]1(C)O,2.0,BacillusAnthracis
CHEMBL529,CC[C@H]1OC(=O)[C@H](C)[C@@H](O[C@H]2C[C@@](C)(OC)[C@@H](O)[C@H](C)O2)[C@H](C)[C@@H](O[C@@H]2O[C@H](C)C[C@H](N(C)C)[C@H]2O)[C@](C)(O)C[C@@H](C)CN(C)[C@H](C)[C@@H](O)[C@]1(C)O,4.0,BacillusAnthracis
CHEMBL580701,OC(CNC1CCCCC1)Cn1c2ccc(Cl)cc2c2cc(Cl)ccc21,5.301029995663981,BacillusAnthracis
CHEMBL1077120,CC[C@@H](C(=O)[C@@H](C)[C@@H](O)[C@H](C)[C@@H]1O[C@@H]([C@@H](CC)C(=O)[O-])CC[C@@H]1C)[C@H]1O[C@]2(C=C[C@@H](O)[C@]3(CC[C@@](C)([C@H]4CC[C@](O)(CC)[C@H](C)O4)O3)O2)[C@H](C)C[C@@H]1C.[Na+],1.0,BacillusAnthracis
CHEMBL3578304,OCC(CO)(CO)NC[C@H](O)Cn1c2ccc(Cl)cc2c2cc(Cl)ccc21,4.376750709602099,BacillusAnthracis
CHEMBL3578304,OCC(CO)(CO)NC[C@H](O)Cn1c2ccc(Cl)cc2c2cc(Cl)ccc21,4.376750709602099,BacillusAnthracis
CHEMBL428422,CCN(CC)CCCNc1nc(NCCc2ccccc2)nc(NC23CC4CC(CC(C4)C2)C3)n1,4.6777807052660805,BacillusAnthracis
CHEMBL4447933,FC(F)(F)c1cc(-c2nnc(Sc3cc(Cl)nc(Sc4ccccc4)n3)[nH]2)cc(C(F)(F)F)c1,0.75,BacillusAnthracis
CHEMBL2417988,CCC[C@@H]1C[C@@H](C(=O)NC([C@H]2O[C@H](SC)[C@H](O)[C@@H](O)[C@H]2O)[C@@H](C)SCCOCCSSCCOCCS[C@H](C)C(NC(=O)[C@@H]2C[C@@H](CCC)CN2C)[C@H]2O[C@H](SC)[C@H](O)[C@@H](O)[C@H]2O)N(C)C1,2.3,BacillusAnthracis
CHEMBL1257070,Cc1oc(=O)oc1COC(=O)C1=C([C@H]2CCCO2)S[C@@H]2[C@@H]([C@@H](C)O)C(=O)N12,0.0599999999999996,BacillusAnthracis
CHEMBL127,C[C@@H](O)[C@H]1C(=O)N2C(C(=O)O)=C(S[C@@H]3CN[C@H](C(=O)N(C)C)C3)[C@H](C)[C@H]12,0.1200000000000001,BacillusAnthracis
CHEMBL127,C[C@@H](O)[C@H]1C(=O)N2C(C(=O)O)=C(S[C@@H]3CN[C@H](C(=O)N(C)C)C3)[C@H](C)[C@H]12,0.1200000000000001,BacillusAnthracis
CHEMBL1257070,Cc1oc(=O)oc1COC(=O)C1=C([C@H]2CCCO2)S[C@@H]2[C@@H]([C@@H](C)O)C(=O)N12,0.25,BacillusAnthracis
CHEMBL127,C[C@@H](O)[C@H]1C(=O)N2C(C(=O)O)=C(S[C@@H]3CN[C@H](C(=O)N(C)C)C3)[C@H](C)[C@H]12,4.0,BacillusAnthracis
CHEMBL3754713,NCCCCNC(=O)C(c1ccc(Br)cc1)N(Cc1ccccc1)C(=O)CCS,4.0,BacillusAnthracis
CHEMBL1818411,Fc1ccc(NC(=S)NC2C3CC4CC(C3)CC2C4)c(F)c1F,3.12,BacillusAnthracis
CHEMBL4280688,CC1=CC[C@@H]2[C@H]3/C(O)=C/C(=O)[C@@H](C)C(=O)O[C@H](C)/C=C/C=C\[C@@H](C)[C@H]3C=C[C@H]2C1,0.0300000000000002,BacillusAnthracis
CHEMBL3311126,NCCCNc1cc(-c2cc3ccc(C4=NCCCN4)cc3[nH]2)ccc1-c1cc2ccc(C3=NCCCN3)cc2o1,0.6299999999999999,BacillusAnthracis
CHEMBL3311269,OC1CN=C(c2ccc3cc(-c4ccc(-c5cc6ccc(C7=NCC(O)CN7)cc6o5)s4)[nH]c3c2)NC1,1.25,BacillusAnthracis
CHEMBL4286436,C[C@@H]1CCCCCCCCC[C@H](OC(=O)CCC(=O)O)C(=O)C[C@@H](SC[C@@H](O)C(=O)O)C(=O)O1,4.795880017344075,BacillusAnthracis
CHEMBL15613,CC1CN(c2c(F)cc3c(=O)c(C(=O)O)cn(C4CC4)c3c2F)CCN1,0.0780000000000002,BacillusAnthracis
CHEMBL5267520,COc1ccc(/C=C/C(=O)c2ccc(O)c(C)c2)cc1Br,1.5600000000000005,BacillusAnthracis
CHEMBL9,CCn1cc(C(=O)O)c(=O)c2cc(F)c(N3CCNCC3)cc21,0.3129999999999997,BacillusAnthracis
CHEMBL327687,CCc1cc(Nc2cc(=O)n(CCCCO)c(=O)[nH]2)ccc1C,2.5,BacillusAnthracis
CHEMBL4846875,C[C@@H]1CCCCCCCCCC[C@H](O)/C=C/C(=O)O1,3.903089986991944,BacillusAnthracis
CHEMBL4643440,CC1=C(Cc2c(C)cccc2O)C(=O)[C@@](C)(O)[C@@H](O)C1,0.1900000000000004,BacillusAnthracis
CHEMBL1094617,C(=C/c1cc2ccc(C3=NCCN3)cc2[nH]1)\c1cc2ccc(C3=NCCN3)cc2[nH]1,0.2000000000000001,BacillusAnthracis
CHEMBL5314365,CC[C@@]1([C@H]2O[C@H]([C@H]3O[C@@](O)(CO)[C@H](C)C[C@@H]3C)C[C@H]2C)CC[C@H]([C@@]2(C)CC[C@]3(C[C@H](O)[C@@H](C)[C@@H]([C@H](C)[C@H](OC)[C@@H](C)C(=O)[O-])O3)O2)O1.[Na+],1.0,BacillusAnthracis
CHEMBL1945507,Cc1cc2ncn(Cc3ccc(Cl)c(Cl)c3)c2cc1C,9.4,BacillusAnthracis
CHEMBL1257070,Cc1oc(=O)oc1COC(=O)C1=C([C@H]2CCCO2)S[C@@H]2[C@@H]([C@@H](C)O)C(=O)N12,0.1200000000000001,BacillusAnthracis
CHEMBL127,C[C@@H](O)[C@H]1C(=O)N2C(C(=O)O)=C(S[C@@H]3CN[C@H](C(=O)N(C)C)C3)[C@H](C)[C@H]12,0.1200000000000001,BacillusAnthracis
CHEMBL127,C[C@@H](O)[C@H]1C(=O)N2C(C(=O)O)=C(S[C@@H]3CN[C@H](C(=O)N(C)C)C3)[C@H](C)[C@H]12,0.1200000000000001,BacillusAnthracis
CHEMBL1257070,Cc1oc(=O)oc1COC(=O)C1=C([C@H]2CCCO2)S[C@@H]2[C@@H]([C@@H](C)O)C(=O)N12,0.25,BacillusAnthracis
CHEMBL127,C[C@@H](O)[C@H]1C(=O)N2C(C(=O)O)=C(S[C@@H]3CN[C@H](C(=O)N(C)C)C3)[C@H](C)[C@H]12,0.25,BacillusAnthracis
CHEMBL127,C[C@@H](O)[C@H]1C(=O)N2C(C(=O)O)=C(S[C@@H]3CN[C@H](C(=O)N(C)C)C3)[C@H](C)[C@H]12,0.25,BacillusAnthracis
CHEMBL127,C[C@@H](O)[C@H]1C(=O)N2C(C(=O)O)=C(S[C@@H]3CN[C@H](C(=O)N(C)C)C3)[C@H](C)[C@H]12,0.25,BacillusAnthracis
CHEMBL1257070,Cc1oc(=O)oc1COC(=O)C1=C([C@H]2CCCO2)S[C@@H]2[C@@H]([C@@H](C)O)C(=O)N12,1.0,BacillusAnthracis
CHEMBL529,CC[C@H]1OC(=O)[C@H](C)[C@@H](O[C@H]2C[C@@](C)(OC)[C@@H](O)[C@H](C)O2)[C@H](C)[C@@H](O[C@@H]2O[C@H](C)C[C@H](N(C)C)[C@H]2O)[C@](C)(O)C[C@@H](C)CN(C)[C@H](C)[C@@H](O)[C@]1(C)O,2.0,BacillusAnthracis
CHEMBL529,CC[C@H]1OC(=O)[C@H](C)[C@@H](O[C@H]2C[C@@](C)(OC)[C@@H](O)[C@H](C)O2)[C@H](C)[C@@H](O[C@@H]2O[C@H](C)C[C@H](N(C)C)[C@H]2O)[C@](C)(O)C[C@@H](C)CN(C)[C@H](C)[C@@H](O)[C@]1(C)O,4.0,BacillusAnthracis
CHEMBL127,C[C@@H](O)[C@H]1C(=O)N2C(C(=O)O)=C(S[C@@H]3CN[C@H](C(=O)N(C)C)C3)[C@H](C)[C@H]12,8.0,BacillusAnthracis
CHEMBL529,CC[C@H]1OC(=O)[C@H](C)[C@@H](O[C@H]2C[C@@](C)(OC)[C@@H](O)[C@H](C)O2)[C@H](C)[C@@H](O[C@@H]2O[C@H](C)C[C@H](N(C)C)[C@H]2O)[C@](C)(O)C[C@@H](C)CN(C)[C@H](C)[C@@H](O)[C@]1(C)O,4.0,BacillusAnthracis
CHEMBL529,CC[C@H]1OC(=O)[C@H](C)[C@@H](O[C@H]2C[C@@](C)(OC)[C@@H](O)[C@H](C)O2)[C@H](C)[C@@H](O[C@@H]2O[C@H](C)C[C@H](N(C)C)[C@H]2O)[C@](C)(O)C[C@@H](C)CN(C)[C@H](C)[C@@H](O)[C@]1(C)O,4.0,BacillusAnthracis
CHEMBL529,CC[C@H]1OC(=O)[C@H](C)[C@@H](O[C@H]2C[C@@](C)(OC)[C@@H](O)[C@H](C)O2)[C@H](C)[C@@H](O[C@@H]2O[C@H](C)C[C@H](N(C)C)[C@H]2O)[C@](C)(O)C[C@@H](C)CN(C)[C@H](C)[C@@H](O)[C@]1(C)O,4.0,BacillusAnthracis
CHEMBL529,CC[C@H]1OC(=O)[C@H](C)[C@@H](O[C@H]2C[C@@](C)(OC)[C@@H](O)[C@H](C)O2)[C@H](C)[C@@H](O[C@@H]2O[C@H](C)C[C@H](N(C)C)[C@H]2O)[C@](C)(O)C[C@@H](C)CN(C)[C@H](C)[C@@H](O)[C@]1(C)O,4.0,BacillusAnthracis
CHEMBL529,CC[C@H]1OC(=O)[C@H](C)[C@@H](O[C@H]2C[C@@](C)(OC)[C@@H](O)[C@H](C)O2)[C@H](C)[C@@H](O[C@@H]2O[C@H](C)C[C@H](N(C)C)[C@H]2O)[C@](C)(O)C[C@@H](C)CN(C)[C@H](C)[C@@H](O)[C@]1(C)O,4.0,BacillusAnthracis
CHEMBL443363,CSSc1cccc([N+](=O)[O-])c1,8.0,BacillusAnthracis
CHEMBL4744444,CCCCCCCCCC(=O)N[C@@H](Cc1c[nH]c2ccccc12)C(=O)N[C@H](CC(N)=O)C(=O)N[C@@H](CC(=O)O)C(=O)N[C@@H]1C(=O)NCC(=O)N[C@@H](CCCN)C(=O)N[C@@H](CC(=O)O)C(=O)N[C@H](C)C(=O)N[C@@H](CC(=O)O)C(=O)NCC(=O)N[C@H](CO)C(=O)N[C@@H]([C@H](C)CC(=O)O)C(=O)N[C@@H](CC(=O)c2ccccc2N)C(=O)O[C@@H]1C,0.5,BacillusAnthracis
CHEMBL415065,CN[C@H](CC(C)C)C(=O)N[C@H]1C(=O)N[C@@H](CC(N)=O)C(=O)N[C@H]2C(=O)N[C@H]3C(=O)N[C@H](C(=O)N[C@@H](C(=O)NC45CC6CC(CC(C6)C4)C5)c4cc(O)cc(O)c4-c4cc3ccc4O)[C@H](O[C@@H]3C[C@@](C)(N)[C@H](O)[C@@H](C)O3)c3ccc(cc3)Oc3cc2cc(c3O[C@H]2O[C@@H](CO)[C@H](O)[C@@H](O)[C@@H]2O[C@H]2C[C@](C)(N)[C@@H](O)[C@H](C)O2)Oc2ccc(cc2Cl)[C@H]1O,0.25,BacillusAnthracis
CHEMBL271412,CCCCCCCCCCN1C(=O)/C(=C(/C)O)C(=O)[C@@H]1C(C)C,0.7999999999999998,BacillusAnthracis
CHEMBL515932,O=C(CSc1nc(Nc2ccccc2)nc(N2CCOCC2)n1)Nc1ccc([N+](=O)[O-])cc1O,4.823908740944319,BacillusAnthracis
CHEMBL510650,CS[C@H]1SC[C@H]2C(=O)N(C)[C@@H](C(C)C)C(=O)OC[C@@H](NC(=O)c3cnc4ccccc4n3)C(=O)N[C@@H](C)C(=O)N(C)[C@@H]1C(=O)N(C)[C@@H](C(C)C)C(=O)OC[C@@H](NC(=O)c1cnc3ccccc3n1)C(=O)N[C@@H](C)C(=O)N2C,1.0,BacillusAnthracis
CHEMBL2177811,Cc1c(CCC(=O)O)c(=O)oc2cc(OCc3ccc(-c4ccccc4)cc3)ccc12,5.6020599913279625,BacillusAnthracis
CHEMBL2177808,Cc1c(CCC(=O)O)c(=O)oc2cc(OCc3ccccc3-c3ccccc3)ccc12,5.301029995663981,BacillusAnthracis
CHEMBL3808772,O=C1CC(c2ccc(F)cc2)Oc2cc(O)cc(O)c21,3.903089986991944,BacillusAnthracis
CHEMBL2178457,CCc1c(OCc2ccc(-c3ccccc3)cc2)ccc2c(C)c(CCCC(=O)O)c(=O)oc12,5.6020599913279625,BacillusAnthracis
CHEMBL2178454,Cc1c(CCCC(=O)O)c(=O)oc2c(C)c(OCc3ccc(-c4ccccc4)cc3)ccc12,5.903089986991944,BacillusAnthracis
CHEMBL3360988,CCCC1c2ccccc2C=NN1C(=O)/C=C/c1cc(Cc2cnc(N)nc2N)cc(OC(=O)c2ccc(OC(F)(F)F)cc2)c1OC,8.0,BacillusAnthracis
CHEMBL3360986,CCCC1c2ccccc2C=NN1C(=O)/C=C/c1cc(Cc2cnc(N)nc2N)cc(OC(=O)c2ccc(OC)cc2)c1OC,8.0,BacillusAnthracis
CHEMBL3360985,CCCC1c2ccccc2C=NN1C(=O)/C=C/c1cc(Cc2cnc(N)nc2N)cc(OC(=O)c2ccccc2)c1OC,4.0,BacillusAnthracis
CHEMBL243296,C=CCN1C(=O)/C(=C/c2ccc(-c3ccc(O)cc3)o2)SC1=S,6.25,BacillusAnthracis
CHEMBL4850315,C[C@@H]1CCCCCCCCC[C@H](O)[C@H](OC(=O)CCC(=O)O)/C=C/C(=O)O1,3.6020599913279625,BacillusAnthracis
CHEMBL184618,NC[C@@H]1O[C@H](O[C@H]2[C@@H](O)[C@H](O[C@@H]3[C@@H](O)[C@H](N)C[C@H](N)[C@H]3O[C@H]3O[C@H](CN)[C@@H](O)[C@H](O)[C@H]3N)O[C@@H]2CO)[C@H](N)[C@@H](O)[C@@H]1O,5.806875401645538,BacillusAnthracis
CHEMBL475958,CCc1ccc(S(=O)(=O)Nc2c([N+](=O)[O-])ccc3ccccc23)cc1,5.42021640338319,BacillusAnthracis
CHEMBL1200699,C[C@H]1c2cccc(O)c2C(=O)C2=C(O)[C@]3(O)C(=O)C(C(N)=O)=C(O)[C@@H](N(C)C)[C@@H]3[C@@H](O)[C@@H]21.O,1.0,BacillusAnthracis
CHEMBL3311117,COC1CN=C(c2ccc3cc(-c4ccc(-c5cc6ccc(C7=NCC(OC)CN7)cc6o5)cc4)[nH]c3c2)NC1,0.3099999999999996,BacillusAnthracis
CHEMBL3356445,CN(C)c1ccc(-c2ccc(-c3cc4ccc(C5=NCCCN5)cc4[nH]3)cc2)cc1,0.4699999999999997,BacillusAnthracis
CHEMBL3311116,OC1CN=C(c2ccc3cc(-c4ccc(-c5cc6ccc(C7=NCC(O)CN7)cc6o5)cc4)[nH]c3c2)NC1,0.5499999999999998,BacillusAnthracis
CHEMBL2042481,COc1ccc(CC2c3ccccc3C=NN2C(=O)/C=C/c2cc(Cc3cnc(N)nc3N)cc(OC)c2OC)cc1,8.0,BacillusAnthracis
CHEMBL186366,COc1cc(O)cc(/C=C/c2ccccc2)c1,8.0,BacillusAnthracis
CHEMBL447718,CCSSc1cccc([N+](=O)[O-])c1,8.0,BacillusAnthracis
CHEMBL459662,CCSSc1ccc([N+](=O)[O-])cc1,0.25,BacillusAnthracis
CHEMBL3402794,Cc1c(C(=O)Nc2nnc(-c3cc(Cl)ccc3Cl)o2)c(-c2ccccc2)nc2ccccc12,0.0999999999999996,BacillusAnthracis
CHEMBL3402796,Cc1ccc(C)c(-c2nnc(NC(=O)c3cc(Cl)sc3Cl)o2)c1,0.0499999999999998,BacillusAnthracis
CHEMBL3360981,CCOc1c(/C=C/C(=O)N2N=Cc3ccccc3C2C=C(C)C)cc(Cc2cnc(N)nc2N)cc1OC,0.5,BacillusAnthracis
CHEMBL2178445,Cc1c(CCC(=O)O)c(=O)oc2c(C)c(OCc3ccc(-c4ccc(Cl)cc4)cc3)ccc12,0.6500000000000004,BacillusAnthracis
CHEMBL4241488,CC(C)CC1NC(=O)C(C(=O)NCCCC(=O)N[C@@H](C(=O)N[C@@H]2C(=O)N3[C@@H]2SC(C)(C)[C@@H]3C(=O)O)c2ccccc2)=C1O,3.13,BacillusAnthracis
CHEMBL4249515,CC(C)CC1NC(=O)C(C(=O)NCCCCCC(=O)N[C@@H](C(=O)N[C@@H]2C(=O)N3[C@@H]2SC(C)(C)[C@@H]3C(=O)O)c2ccccc2)=C1O,3.13,BacillusAnthracis
CHEMBL3809137,O=C1CC(c2ccc(Cl)c(Cl)c2)Oc2cc(O)cc(O)c21,4.505149978319906,BacillusAnthracis
CHEMBL485252,COc1ccc(C2CC(=O)c3c(O)cc(O)cc3O2)cc1,3.0,BacillusAnthracis
CHEMBL4227735,CCN(CC)C(=S)SSC,5.3979400086720375,BacillusAnthracis
CHEMBL4227735,CCN(CC)C(=S)SSC,5.698970004336019,BacillusAnthracis
CHEMBL702,CCN1CCN(C(=O)N[C@@H](C(=O)N[C@@H]2C(=O)N3[C@@H]2SC(C)(C)[C@@H]3C(=O)O)c2ccccc2)C(=O)C1=O,1.0,BacillusAnthracis
CHEMBL3099424,Clc1cccc(C2CCN(c3nncc(-c4ccccc4)n3)C2)c1,4.795880017344075,BacillusAnthracis
CHEMBL3099410,Nc1ccc(-c2cnnc(N3CCC(c4cccc(Cl)c4)C3)n2)cc1,3.892790030352132,BacillusAnthracis
CHEMBL4227165,CCCCCSSC(=S)N(CC)CC,5.096910013008056,BacillusAnthracis
CHEMBL283078,Nc1nc(=S)c2ncn([C@@H]3O[C@H](CO)[C@@H](O)[C@H]3O)c2[nH]1,3.0,BacillusAnthracis
CHEMBL388931,CSc1ncnc2c1ncn2[C@@H]1O[C@H](CO)[C@@H](O)[C@H]1O,3.494850021680094,BacillusAnthracis
CHEMBL383144,CNc1ncnc2c1ncn2[C@@H]1O[C@H](CO)[C@@H](O)[C@H]1O,3.721246399047171,BacillusAnthracis
CHEMBL1688957,CCCN(CCC)c1ncnc2c1ncn2[C@@H]1O[C@H](CO)[C@@H](O)[C@H]1O,3.1191864077192086,BacillusAnthracis
CHEMBL452867,CC(C)=CCNc1ncnc2c1ncn2[C@@H]1O[C@H](CO)[C@@H](O)[C@H]1O,3.4436974992327127,BacillusAnthracis
CHEMBL4227290,CCCCCCCSSC(=S)N(CC)CC,5.3979400086720375,BacillusAnthracis
CHEMBL4227502,CCN(CC)C(=S)SSCc1ccccc1,5.3979400086720375,BacillusAnthracis
CHEMBL3400842,CC[C@@H](C(=O)[C@@H](C)[C@@H](O)[C@H](C)[C@@H]1O[C@@H]([C@@H](CC)C(=O)N(CC)CC)CC[C@@H]1C)[C@H]1O[C@]2(C=C[C@@H](O)[C@]3(CC[C@@](C)([C@H]4CC[C@](O)(CC)[C@H](C)O4)O3)O2)[C@H](C)C[C@@H]1C,1.0,BacillusAnthracis
CHEMBL3753499,NCC(=O)NC[C@H]1O[C@H](O[C@H]2[C@H](O)[C@@H](O[C@H]3O[C@H](CO)[C@@H](O)[C@H](N)[C@H]3O)[C@H](N)C[C@@H]2N)[C@H](N)C[C@@H]1O,0.5,BacillusAnthracis
CHEMBL4238197,C=CC1=C(C(=O)O)N2C(=O)[C@@H](NC(=O)CCNC(=O)C3=C(O)C(CC(C)C)NC3=O)[C@H]2SC1,6.25,BacillusAnthracis
CHEMBL4237751,CC(C)CC1NC(=O)C(C(=O)N[C@@H](C(=O)N[C@@H]2C(=O)N3[C@@H]2SC(C)(C)[C@@H]3C(=O)O)c2ccccc2)=C1O,3.13,BacillusAnthracis
CHEMBL1836125,CS(=O)(=O)c1ccc([C@@H](O)[C@@H](O)CO)cc1,4.920818753952375,BacillusAnthracis
CHEMBL1257070,Cc1oc(=O)oc1COC(=O)C1=C([C@H]2CCCO2)S[C@@H]2[C@@H]([C@@H](C)O)C(=O)N12,0.1200000000000001,BacillusAnthracis
CHEMBL127,C[C@@H](O)[C@H]1C(=O)N2C(C(=O)O)=C(S[C@@H]3CN[C@H](C(=O)N(C)C)C3)[C@H](C)[C@H]12,0.1200000000000001,BacillusAnthracis
CHEMBL2042375,COc1cc(Cc2cnc(N)nc2N)cc(/C=C/C(=O)N2N=Cc3ccccc3C2CC(C)C)c1OC,1.0,BacillusAnthracis
CHEMBL2042372,CCCC1c2ccccc2C=NN1C(=O)/C=C/c1cc(Cc2cnc(N)nc2N)cc(OC)c1OC,1.0,BacillusAnthracis
CHEMBL2042377,CCC(CC)C1c2ccccc2C=NN1C(=O)/C=C/c1cc(Cc2cnc(N)nc2N)cc(OC)c1OC,4.0,BacillusAnthracis
CHEMBL2042476,COc1cc(Cc2cnc(N)nc2N)cc(/C=C/C(=O)N2N=Cc3ccccc3C2c2cc(C)cc(C)c2)c1OC,4.0,BacillusAnthracis
CHEMBL2042479,COc1cc(Cc2cnc(N)nc2N)cc(/C=C/C(=O)N2N=Cc3ccccc3C2Cc2ccccc2)c1OC,8.0,BacillusAnthracis
CHEMBL3809461,O=C1CC(c2cc(F)c(F)c(F)c2)Oc2cc(O)cc(O)c21,3.0,BacillusAnthracis
CHEMBL3753875,NCC[C@H](O)C(=O)NC[C@H]1O[C@H](O[C@H]2[C@H](O)[C@@H](O[C@H]3O[C@H](CO)[C@@H](O)[C@H](N)[C@H]3O)[C@H](N)C[C@@H]2N)[C@H](O)[C@@H](O)[C@@H]1O,4.0,BacillusAnthracis
CHEMBL2370144,CC(=O)NCC(=O)N[C@@H](Cc1ccccc1)C(=O)N1CCc2ccccc2[C@H]1C(=O)N1C2CCCCC2C[C@H]1C(=O)NCC(=O)N[C@@H](CCCCN)C(=O)N1CCc2ccccc2[C@H]1C(=O)N1C2CCCCC2C[C@H]1C(=O)NCC(=O)N[C@@H](Cc1ccccc1)C(=O)N1CCc2ccccc2[C@H]1C(=O)N1C2CCCCC2C[C@H]1C(=O)NCC(=O)N[C@@H](CCCCN)C(=O)N1CCc2ccccc2[C@H]1C(=O)N[C@@H](CCCCN)C(=O)N[C@@H](CCCCN)C(=O)N[C@@H](CCCCN)C(N)=O,4.568636235841012,BacillusAnthracis
CHEMBL2370146,CC(=O)NCC(=O)N[C@@H](Cc1ccccc1)C(=O)N1CCc2ccccc2[C@H]1C(=O)N1C2CCCCC2C[C@H]1C(=O)NCC(=O)N[C@@H](CCCCN)C(=O)N1CCc2ccccc2[C@H]1C(=O)N1C2CCCCC2C[C@H]1C(=O)NCC(=O)N[C@@H](Cc1ccccc1)C(=O)N1CCc2ccccc2[C@H]1C(=O)N1C2CCCCC2C[C@H]1C(=O)NCC(=O)N[C@@H](CCCCN)C(=O)N1CCc2ccccc2[C@H]1C(=O)N[C@@H](CCCCN)C(=O)N[C@@H](CCCCN)C(=O)N[C@@H](CCCCN)C(=O)N[C@@H](CCCCN)C(N)=O,4.892790030352131,BacillusAnthracis
CHEMBL4853410,CCCCCCC/C=C/[C@@H]1O[C@@]2(O)C(=O)C=C3C[C@H](O[C@@H]4O[C@H](CO)[C@@H](O)[C@H](O)[C@H]4O)C[C@H]3[C@@H]2C=C1C,4.0,BacillusAnthracis
CHEMBL2178452,Cc1c(CCC(=O)NCCN(C)C)c(=O)oc2c(C)c(OCc3ccc(-c4ccccc4)cc3)ccc12,5.6020599913279625,BacillusAnthracis
CHEMBL2177807,Cc1c(CCC(=O)O)c(=O)oc2c(C)c(OCc3ccccc3-c3ccccc3)ccc12,5.6020599913279625,BacillusAnthracis
CHEMBL532,CC[C@H]1OC(=O)[C@H](C)[C@@H](O[C@H]2C[C@@](C)(OC)[C@@H](O)[C@H](C)O2)[C@H](C)[C@@H](O[C@@H]2O[C@H](C)C[C@H](N(C)C)[C@H]2O)[C@](C)(O)C[C@@H](C)C(=O)[C@H](C)[C@@H](O)[C@]1(C)O,0.25,BacillusAnthracis
CHEMBL4536151,NC[C@@H]1O[C@H](O[C@H]2[C@@H](O)[C@H](O[C@@H]3[C@@H](O)[C@H](N)C[C@H](N)[C@H]3O[C@H]3O[C@H](CN)[C@@H](O)[C@H](O)[C@H]3N)O[C@@H]2CSCCNC(=O)CCCc2ccc3ccc4cccc5ccc2c3c45)[C@H](N)[C@@H](O)[C@@H]1O,5.204119982655925,BacillusAnthracis
CHEMBL4442608,NC[C@@H]1O[C@H](O[C@H]2[C@@H](O)[C@H](O[C@@H]3[C@@H](O)[C@H](N)C[C@H](N)[C@H]3O[C@H]3O[C@H](CN)[C@@H](O)[C@H](O)[C@H]3N)O[C@@H]2CSCCNC(=O)Cc2ccc3ccc4cccc5ccc2c3c45)[C@H](N)[C@@H](O)[C@@H]1O,5.204119982655925,BacillusAnthracis
CHEMBL1080831,C=C1CC[C@@H]2[C@](C)(CC[C@H]3[C@@]2(C)CC[C@H]2C(C)(C)CC[C@@H](O)[C@@]23C)[C@H]1CNC(=N)N,5.221848749616356,BacillusAnthracis
CHEMBL3311110,c1cc2cc(-c3ccc(-c4cn5ccc(C6=NCCCN6)cc5n4)cc3)[nH]c2cc1C1=NCCCN1,1.25,BacillusAnthracis
CHEMBL1834405,O=CN1CCN(c2cc3c(cc2F)c(=O)c(C(=O)O)cn3C2CC2)CC1,0.2350000000000003,BacillusAnthracis
CHEMBL4227502,CCN(CC)C(=S)SSCc1ccccc1,5.3979400086720375,BacillusAnthracis
CHEMBL4229120,CCCSSC(=S)N(CC)CC,5.3979400086720375,BacillusAnthracis
CHEMBL4227735,CCN(CC)C(=S)SSC,5.3979400086720375,BacillusAnthracis
CHEMBL5269159,Cc1cc(C(=O)CC(Sc2ccc(Cl)cc2)c2ccc(Cl)cc2)ccc1O,3.125,BacillusAnthracis
CHEMBL2370143,CC(=O)N[C@@H](CCCCN)C(=O)N[C@@H](CCCCN)C(=O)N[C@@H](CCCCN)C(=O)N[C@@H](CCCCN)C(=O)NCC(=O)N[C@@H](Cc1ccccc1)C(=O)N1CCc2ccccc2[C@H]1C(=O)N1C2CCCCC2C[C@H]1C(=O)NCC(=O)N[C@@H](CCCCN)C(=O)N1CCc2ccccc2[C@H]1C(=O)N1C2CCCCC2C[C@H]1C(=O)NCC(=O)N[C@@H](Cc1ccccc1)C(=O)N1CCc2ccccc2[C@H]1C(=O)N1C2CCCCC2C[C@H]1C(=O)NCC(=O)N[C@@H](CCCCN)C(=O)N1CCc2ccccc2[C@H]1C(N)=O,6.3979400086720375,BacillusAnthracis
CHEMBL3311108,c1cc2cc(-c3ccc(-c4cn5cc(C6=NCCCN6)ccc5n4)cc3)[nH]c2cc1C1=NCCCN1,1.25,BacillusAnthracis
CHEMBL3752721,CCN[C@@H]1C[C@H](N)[C@@H](O[C@H]2OC(CNC(=O)CN)=CC[C@H]2N)[C@H](O)[C@H]1O[C@H]1OC[C@](C)(O)[C@H](NC)[C@H]1O,0.5,BacillusAnthracis
CHEMBL564329,[C-]#[N+][C@]12C[C@@H](O)C(C)(C)c3[nH]c4cccc5c4c3[C@]1(O)[C@H](CC[C@]2(C)C=C)C5(C)C,4.510041520575165,BacillusAnthracis
CHEMBL589291,C/C(=N\Nc1nc2ccccc2[nH]c1=O)c1cc2cc(Cl)ccc2oc1=O,7.8,BacillusAnthracis
CHEMBL244169,Nc1nc(Cl)c2ncn([C@@H]3O[C@H](CO)[C@@H](O)[C@H]3O)c2n1,4.060480747381382,BacillusAnthracis
CHEMBL283078,Nc1nc(=S)c2ncn([C@@H]3O[C@H](CO)[C@@H](O)[C@H]3O)c2[nH]1,4.008773924307505,BacillusAnthracis
CHEMBL4283064,C[C@H]1OC(=O)/C=C/C(=O)[C@@H](OC(=O)CCC(=O)O)CCCCCCCC[C@@H]1O,4.795880017344075,BacillusAnthracis
CHEMBL3360990,CCCC1c2ccccc2C=NN1C(=O)/C=C/c1cc(Cc2cnc(N)nc2N)cc(OCc2ccc(C(F)(F)F)cc2)c1OC,8.0,BacillusAnthracis
CHEMBL3360980,CCCC1c2ccccc2C=NN1C(=O)/C=C/c1cc(Cc2cnc(N)nc2N)cc(OC)c1OCC,2.0,BacillusAnthracis
CHEMBL374478,CO[C@H]1/C=C/O[C@@]2(C)Oc3c(C)c(O)c4c(O)c(c(/C=N/N5CCN(C)CC5)c(O)c4c3C2=O)NC(=O)/C(C)=C\C=C\[C@H](C)[C@H](O)[C@@H](C)[C@@H](O)[C@@H](C)[C@H](OC(C)=O)[C@@H]1C,0.25,BacillusAnthracis
CHEMBL3916579,O=[N+]([O-])c1ccc(-c2ccccc2O)s1,7.0,BacillusAnthracis
CHEMBL3311115,CC1CNC(c2ccc3cc(-c4ccc(-c5cc6ccc(C7=NC(C)CN7)cc6o5)cc4)[nH]c3c2)=N1,0.6299999999999999,BacillusAnthracis
CHEMBL3311272,CC1CN=C(c2ccc3cc(-c4ccc(-c5cc6ccc(C7=NCC(C)CN7)cc6o5)cn4)[nH]c3c2)NC1,0.6299999999999999,BacillusAnthracis
CHEMBL3356444,CC1CNC(c2ccc3cc(-c4ccc(-c5ccc(N(C)C)cc5)cc4)[nH]c3c2)=N1,2.1,BacillusAnthracis
CHEMBL3311114,c1cc2cc(-c3ccc(-c4cc5ccc(C6=NCCCN6)cc5o4)cc3)[nH]c2cc1C1=NCCCN1,5.0,BacillusAnthracis
CHEMBL3287090,Cc1cc(Cl)ccc1-c1ccc(/C=C2\SC(=S)N(CC(=O)O)C2=O)o1,1.2400000000000002,BacillusAnthracis
CHEMBL3311129,c1cc2cc(-c3ccc(-c4cc5ccc(C6=NCCCN6)cc5o4)s3)[nH]c2cc1C1=NCCCN1,0.1600000000000001,BacillusAnthracis
CHEMBL537336,CC(C)CCNCC(O)Cn1c2ccc(Cl)cc2c2cc(Cl)ccc21,5.301029995663981,BacillusAnthracis
CHEMBL4245716,CC(C)CC1NC(=O)C(C(=O)NCCC(=O)N[C@@H](C(=O)N[C@@H]2C(=O)N3[C@@H]2SC(C)(C)[C@@H]3C(=O)O)c2ccccc2)=C1O,3.13,BacillusAnthracis
CHEMBL4229120,CCCSSC(=S)N(CC)CC,5.3979400086720375,BacillusAnthracis
CHEMBL4229120,CCCSSC(=S)N(CC)CC,5.3979400086720375,BacillusAnthracis
CHEMBL5286236,CCN(CC)c1ccc(/C=C/C(=O)c2ccc(O)cc2O)cc1,3.125,BacillusAnthracis
CHEMBL1809124,C[C@@H]1CCCCCCCCC[C@H](OC(=O)CCC(=O)O)C(=O)/C=C/C(=O)O1,4.795880017344075,BacillusAnthracis
CHEMBL4854739,C[C@@H]1CCCCCCCCC[C@H](O)[C@H](O)/C=C/C(=O)O1,3.6020599913279625,BacillusAnthracis
CHEMBL1270439,CCc1nc(N)nc(N)c1C#CCc1cccc(-c2ccccc2)c1,10.0,BacillusAnthracis
CHEMBL2178448,Cc1c(CCC(=O)O)c(=O)oc2c(C)c(OCc3ccc(-c4ccc(Cl)c(Cl)c4)cc3)ccc12,5.522878745280337,BacillusAnthracis
CHEMBL2178444,Cc1c(CCC(=O)O)c(=O)oc2c(C)c(OCc3ccc(-c4ccccc4C#N)cc3)ccc12,5.903089986991944,BacillusAnthracis
CHEMBL2177801,Cc1c(CCC(=O)O)c(=O)oc2c(C)c(OCc3ccc4ccccc4c3)ccc12,5.301029995663981,BacillusAnthracis
CHEMBL415065,CN[C@H](CC(C)C)C(=O)N[C@H]1C(=O)N[C@@H](CC(N)=O)C(=O)N[C@H]2C(=O)N[C@H]3C(=O)N[C@H](C(=O)N[C@@H](C(=O)NC45CC6CC(CC(C6)C4)C5)c4cc(O)cc(O)c4-c4cc3ccc4O)[C@H](O[C@@H]3C[C@@](C)(N)[C@H](O)[C@@H](C)O3)c3ccc(cc3)Oc3cc2cc(c3O[C@H]2O[C@@H](CO)[C@H](O)[C@@H](O)[C@@H]2O[C@H]2C[C@](C)(N)[C@@H](O)[C@H](C)O2)Oc2ccc(cc2Cl)[C@H]1O,0.5,BacillusAnthracis
CHEMBL680,N[C@@H](C(=O)N[C@@H]1C(=O)N2C(C(=O)O)=C(Cl)CS[C@H]12)c1ccccc1,0.3899999999999997,BacillusAnthracis
CHEMBL5286851,Bc1ccc(SC(CC(=O)c2ccc(O)c(C)c2)c2ccc(Cl)cc2)cc1,3.125,BacillusAnthracis
CHEMBL4227735,CCN(CC)C(=S)SSC,5.3979400086720375,BacillusAnthracis
CHEMBL4227502,CCN(CC)C(=S)SSCc1ccccc1,5.698970004336019,BacillusAnthracis
CHEMBL964,CCN(CC)C(=S)SSC(=S)N(CC)CC,5.698970004336019,BacillusAnthracis
CHEMBL156887,O=C(NO)c1ccc(-c2cccc3ccccc23)cc1,6.58,BacillusAnthracis
CHEMBL4645172,CC1=C(Cc2c(C)cccc2O)C(=O)[C@@](C)(O)[C@H](O)C1,0.3899999999999997,BacillusAnthracis
CHEMBL203125,O=CN(O)CCCP(=O)(O)O,0.7800000000000002,BacillusAnthracis
CHEMBL1818408,O=C(Nc1cccc(C(F)(F)F)c1F)NC1CCCCCCC1,3.12,BacillusAnthracis
CHEMBL1818386,O=C(NCC12CC3CC(CC(C3)C1)C2)Nc1ccc(F)c(F)c1F,1.5999999999999996,BacillusAnthracis
CHEMBL3287090,Cc1cc(Cl)ccc1-c1ccc(/C=C2\SC(=S)N(CC(=O)O)C2=O)o1,1.0,BacillusAnthracis
CHEMBL402439,OC[C@H]1O[C@@H](n2cnc3c(O)nc(O)nc32)[C@H](O)[C@@H]1O,3.109578981199085,BacillusAnthracis
CHEMBL255442,Nc1nc(N)c2ncn([C@@H]3O[C@H](CO)[C@@H](O)[C@H]3O)c2n1,4.167491087293763,BacillusAnthracis
CHEMBL2392290,COc1cc(C(=O)Nc2nc3ccc4nc(NCCO)sc4c3s2)cc(OC)c1OC,4.769551078621726,BacillusAnthracis
CHEMBL3099409,Nc1cccc(-c2cnnc(N3CCC(c4cccc(Cl)c4)C3)n2)c1,3.892790030352132,BacillusAnthracis
CHEMBL3094497,Clc1c(-c2ccc(-c3[nH]c4cc(C5=NCCN5)ccc4c3Cl)cc2)[nH]c2cc(C3=NCCN3)ccc12.O=C(O)C(F)(F)F,0.08,BacillusAnthracis
CHEMBL3094503,O=C(O)C(F)(F)F.OC1CN=C(c2ccc3cc(-c4ccc(-c5cc6ccc(C7=NCC(O)CN7)cc6[nH]5)cc4)[nH]c3c2)NC1,0.1600000000000001,BacillusAnthracis
CHEMBL5276986,CC1CCN(c2ccc(/C=C/C(=O)c3ccc(O)cc3O)cc2)CC1,1.5600000000000005,BacillusAnthracis
CHEMBL3809755,O=C1CC(c2cc(O)c(O)c(O)c2)Oc2cc(O)cc(O)c21,3.0,BacillusAnthracis
CHEMBL4282646,C[C@H]1OC(=O)/C=C/[C@@H](O)[C@@H](O)CCCCCCCC[C@@H]1O,3.6020599913279625,BacillusAnthracis
CHEMBL1208572,CC[C@@H](C(=O)[C@@H](C)[C@@H](O)[C@H](C)[C@@H]1O[C@@H]([C@@H](CC)C(=O)O)CC[C@@H]1C)[C@H]1O[C@]2(C=C[C@@H](O)[C@]3(CC[C@@](C)([C@H]4CC[C@](O)(CC)[C@H](C)O4)O3)O2)[C@H](C)C[C@@H]1C,1.0,BacillusAnthracis
CHEMBL580701,OC(CNC1CCCCC1)Cn1c2ccc(Cl)cc2c2cc(Cl)ccc21,5.0,BacillusAnthracis
CHEMBL559790,Cc1c(CCC(=O)O)c(=O)oc2c(C)c(OCc3cccc4ccccc34)ccc12,4.187086643357144,BacillusAnthracis
CHEMBL2178445,Cc1c(CCC(=O)O)c(=O)oc2c(C)c(OCc3ccc(-c4ccc(Cl)cc4)cc3)ccc12,0.1699999999999999,BacillusAnthracis
CHEMBL402439,OC[C@H]1O[C@@H](n2cnc3c(O)nc(O)nc32)[C@H](O)[C@@H]1O,2.143271109617117,BacillusAnthracis
CHEMBL3311271,c1cc2cc(-c3ccc(-c4cc5ccc(C6=NCCCN6)cc5o4)cn3)[nH]c2cc1C1=NCCCN1,0.1600000000000001,BacillusAnthracis
CHEMBL964,CCN(CC)C(=S)SSC(=S)N(CC)CC,6.0,BacillusAnthracis
CHEMBL1097571,CCCCCCSSC(=S)N(CC)CC,5.3979400086720375,BacillusAnthracis
CHEMBL4225275,CCCCCCCCSSC(=S)N(CC)CC,5.698970004336019,BacillusAnthracis
CHEMBL271965,C/C(O)=C1\C(=O)[C@H](CC(C)C)N(CC2=CCC3CC2C3(C)C)C1=O,0.7999999999999998,BacillusAnthracis
CHEMBL3094491,CC(=O)O.c1cc2cc(-c3cnc(-c4cc5ccc(C6=NCCN6)cc5[nH]4)cn3)[nH]c2cc1C1=NCCN1,2.5,BacillusAnthracis
CHEMBL3094513,O=C(O)C(F)(F)F.c1cc2cc(-c3ccc(-c4cc5ccc(C6=NCCN6)cc5[nH]4)o3)[nH]c2cc1C1=NCCN1,5.0,BacillusAnthracis
CHEMBL5420889,[C-]#[N+]/C(Cl)=C/C1(OC(C)=O)C(=O)Nc2ccccc21,6.154901959985743,BacillusAnthracis
CHEMBL3947857,CO[C@H]1/C=C/C=C(\C)C[C@H](C)[C@H](O)[C@H](C)/C=C(C)/C=C(\C)C(=O)O[C@@H]1[C@@H](C)[C@@H](O)[C@H](C)[C@@]1(O)C[C@@H](OC(=O)/C=C/C(=O)O)[C@H](C)[C@@H](C(C)C)O1,5.3979400086720375,BacillusAnthracis
CHEMBL561644,COc1cc(Cc2cnc(N)nc2N)cc(/C=C/C(=O)N2N=Cc3ccccc3C2C2CCCC2)c1OC,6.698970004336019,BacillusAnthracis
CHEMBL15613,CC1CN(c2c(F)cc3c(=O)c(C(=O)O)cn(C4CC4)c3c2F)CCN1,0.0389999999999997,BacillusAnthracis
CHEMBL1809124,C[C@@H]1CCCCCCCCC[C@H](OC(=O)CCC(=O)O)C(=O)/C=C/C(=O)O1,4.795880017344075,BacillusAnthracis
CHEMBL4289857,C[C@H]1OC(=O)/C=C/[C@@H](O)[C@@H](OC(=O)OCCC(=O)O)CCCCCCCC[C@@H]1O,4.1938200260161125,BacillusAnthracis
CHEMBL4290928,C[C@@H]1CC(O)CCCCCCC[C@H](OC(=O)CCC(=O)O)C(=O)/C=C/C(=O)O1,4.1938200260161125,BacillusAnthracis
CHEMBL130,O=C(N[C@H](CO)[C@H](O)c1ccc([N+](=O)[O-])cc1)C(Cl)Cl,3.125,BacillusAnthracis
CHEMBL1257070,Cc1oc(=O)oc1COC(=O)C1=C([C@H]2CCCO2)S[C@@H]2[C@@H]([C@@H](C)O)C(=O)N12,0.1200000000000001,BacillusAnthracis
CHEMBL127,C[C@@H](O)[C@H]1C(=O)N2C(C(=O)O)=C(S[C@@H]3CN[C@H](C(=O)N(C)C)C3)[C@H](C)[C@H]12,0.1200000000000001,BacillusAnthracis
CHEMBL529,CC[C@H]1OC(=O)[C@H](C)[C@@H](O[C@H]2C[C@@](C)(OC)[C@@H](O)[C@H](C)O2)[C@H](C)[C@@H](O[C@@H]2O[C@H](C)C[C@H](N(C)C)[C@H]2O)[C@](C)(O)C[C@@H](C)CN(C)[C@H](C)[C@@H](O)[C@]1(C)O,1.0,BacillusAnthracis
CHEMBL529,CC[C@H]1OC(=O)[C@H](C)[C@@H](O[C@H]2C[C@@](C)(OC)[C@@H](O)[C@H](C)O2)[C@H](C)[C@@H](O[C@@H]2O[C@H](C)C[C@H](N(C)C)[C@H]2O)[C@](C)(O)C[C@@H](C)CN(C)[C@H](C)[C@@H](O)[C@]1(C)O,4.0,BacillusAnthracis
CHEMBL529,CC[C@H]1OC(=O)[C@H](C)[C@@H](O[C@H]2C[C@@](C)(OC)[C@@H](O)[C@H](C)O2)[C@H](C)[C@@H](O[C@@H]2O[C@H](C)C[C@H](N(C)C)[C@H]2O)[C@](C)(O)C[C@@H](C)CN(C)[C@H](C)[C@@H](O)[C@]1(C)O,4.0,BacillusAnthracis
CHEMBL529,CC[C@H]1OC(=O)[C@H](C)[C@@H](O[C@H]2C[C@@](C)(OC)[C@@H](O)[C@H](C)O2)[C@H](C)[C@@H](O[C@@H]2O[C@H](C)C[C@H](N(C)C)[C@H]2O)[C@](C)(O)C[C@@H](C)CN(C)[C@H](C)[C@@H](O)[C@]1(C)O,4.0,BacillusAnthracis
CHEMBL529,CC[C@H]1OC(=O)[C@H](C)[C@@H](O[C@H]2C[C@@](C)(OC)[C@@H](O)[C@H](C)O2)[C@H](C)[C@@H](O[C@@H]2O[C@H](C)C[C@H](N(C)C)[C@H]2O)[C@](C)(O)C[C@@H](C)CN(C)[C@H](C)[C@@H](O)[C@]1(C)O,4.0,BacillusAnthracis
CHEMBL156887,O=C(NO)c1ccc(-c2cccc3ccccc23)cc1,7.89,BacillusAnthracis
CHEMBL4866762,C[C@@H]1CCC(O)CCCCCC[C@H](OC(=O)CCC(=O)O)C(=O)/C=C/C(=O)O1,4.1938200260161125,BacillusAnthracis
CHEMBL4870547,COC(=O)[C@]12C(=O)[C@]3(C)O[C@](C)(C=C4[C@]5(C=O)CC[C@H](OC(C)=O)C(C)(C)[C@H]5CC[C@@]41C)[C@@]2(C)C3=O,3.903089986991944,BacillusAnthracis
CHEMBL1809124,C[C@@H]1CCCCCCCCC[C@H](OC(=O)CCC(=O)O)C(=O)/C=C/C(=O)O1,6.0,BacillusAnthracis
CHEMBL3219804,CCc1nc(N)nc(N)c1C#CCc1cc(OC)cc(-c2ccncc2)c1,12.0,BacillusAnthracis
CHEMBL5275790,Cc1cc(C(=O)/C=C/c2ccc(N3CCCCC3)cc2)ccc1O,1.5600000000000005,BacillusAnthracis
CHEMBL560502,CCCC1c2ccccc2C=NN1C(=O)/C=C/c1cc(Cc2cnc(N)nc2N)cc(O)c1OC,7.267606240177032,BacillusAnthracis
CHEMBL561523,COc1cc(/C=C2\SC(=S)N(c3cccc(C(F)(F)F)c3)C2=O)cc(OC)c1O,4.022276394711152,BacillusAnthracis
CHEMBL560919,Cc1c(Cc2ccccc2)c(=O)oc2c(O)c(O)ccc12,5.0,BacillusAnthracis
CHEMBL5191499,O=C1CC(c2ccccc2)=NN1c1nc2ccccc2[nH]c1=O,7.8,BacillusAnthracis
CHEMBL5552940,C=CCN1C(=O)/C(=C\c2ccc(-c3cccc(C(=O)O)c3)o2)SC1=S,0.0999999999999996,BacillusAnthracis
