Canonical_SMILES,molecular_weight,logP,hydrogen_bond_acceptors,hydrogen_bond_donors,Lipinski,QED,stereo_centers,tpsa,PAINS_alert,BRENK_alert,NIH_alert,AMES,BBB_Martins,Bioavailability_Ma,CYP1A2_Veith,CYP2C19_Veith,CYP2C9_Substrate_CarbonMangels,CYP2C9_Veith,CYP2D6_Substrate_CarbonMangels,CYP2D6_Veith,CYP3A4_Substrate_CarbonMangels,CYP3A4_Veith,Carcinogens_Lagunin,ClinTox,DILI,HIA_Hou,NR-AR-LBD,NR-AR,NR-AhR,NR-Aromatase,NR-ER-LBD,NR-ER,NR-PPAR-gamma,PAMPA_NCATS,Pgp_Broccatelli,SR-ARE,SR-ATAD5,SR-HSE,SR-MMP,SR-p53,Skin_Reaction,hERG,Caco2_Wang,Clearance_Hepatocyte_AZ,Clearance_Microsome_AZ,Half_Life_Obach,HydrationFreeEnergy_FreeSolv,LD50_Zhu,Lipophilicity_AstraZeneca,PPBR_AZ,Solubility_AqSolDB,VDss_Lombardo,molecular_weight_drugbank_approved_percentile,logP_drugbank_approved_percentile,hydrogen_bond_acceptors_drugbank_approved_percentile,hydrogen_bond_donors_drugbank_approved_percentile,Lipinski_drugbank_approved_percentile,QED_drugbank_approved_percentile,stereo_centers_drugbank_approved_percentile,tpsa_drugbank_approved_percentile,PAINS_alert_drugbank_approved_percentile,BRENK_alert_drugbank_approved_percentile,NIH_alert_drugbank_approved_percentile,AMES_drugbank_approved_percentile,BBB_Martins_drugbank_approved_percentile,Bioavailability_Ma_drugbank_approved_percentile,CYP1A2_Veith_drugbank_approved_percentile,CYP2C19_Veith_drugbank_approved_percentile,CYP2C9_Substrate_CarbonMangels_drugbank_approved_percentile,CYP2C9_Veith_drugbank_approved_percentile,CYP2D6_Substrate_CarbonMangels_drugbank_approved_percentile,CYP2D6_Veith_drugbank_approved_percentile,CYP3A4_Substrate_CarbonMangels_drugbank_approved_percentile,CYP3A4_Veith_drugbank_approved_percentile,Carcinogens_Lagunin_drugbank_approved_percentile,ClinTox_drugbank_approved_percentile,DILI_drugbank_approved_percentile,HIA_Hou_drugbank_approved_percentile,NR-AR-LBD_drugbank_approved_percentile,NR-AR_drugbank_approved_percentile,NR-AhR_drugbank_approved_percentile,NR-Aromatase_drugbank_approved_percentile,NR-ER-LBD_drugbank_approved_percentile,NR-ER_drugbank_approved_percentile,NR-PPAR-gamma_drugbank_approved_percentile,PAMPA_NCATS_drugbank_approved_percentile,Pgp_Broccatelli_drugbank_approved_percentile,SR-ARE_drugbank_approved_percentile,SR-ATAD5_drugbank_approved_percentile,SR-HSE_drugbank_approved_percentile,SR-MMP_drugbank_approved_percentile,SR-p53_drugbank_approved_percentile,Skin_Reaction_drugbank_approved_percentile,hERG_drugbank_approved_percentile,Caco2_Wang_drugbank_approved_percentile,Clearance_Hepatocyte_AZ_drugbank_approved_percentile,Clearance_Microsome_AZ_drugbank_approved_percentile,Half_Life_Obach_drugbank_approved_percentile,HydrationFreeEnergy_FreeSolv_drugbank_approved_percentile,LD50_Zhu_drugbank_approved_percentile,Lipophilicity_AstraZeneca_drugbank_approved_percentile,PPBR_AZ_drugbank_approved_percentile,Solubility_AqSolDB_drugbank_approved_percentile,VDss_Lombardo_drugbank_approved_percentile
CCC(CC)CC(=O)[C@H](C)N[P@@](=O)(Oc1ccccc1)OP(=O)(O)O,393.3130000000001,3.656300000000003,5,3,4.0,0.487072109762086,2,122.16000000000004,0,1,2,0.057863712,0.5846526,0.6428746,0.23451337,0.4341577,0.28318232,0.29104885,0.1191078,0.47963667,0.36509854,0.20468068,0.4502359,0.22625622,0.40803832,0.7003368,0.021124134,0.04805494,0.057671703,0.09166898,0.1015894,0.25342694,0.12431165,0.3107007,0.24468264,0.2291822,0.016970951,0.041093234,0.1116545,0.042367507,0.48890853,0.4791852,-5.707082,8.364305,47.037292,5.2929573,-14.303146,3.0321379,1.7463505,85.13237,-1.7164673,0.14501777,64.11247803163445,71.84534270650265,61.880492091388405,78.20738137082601,63.44463971880493,44.39367311072056,69.84182776801407,79.5079086115993,47.59226713532514,66.52021089630932,95.07908611599298,15.746924428822496,39.26186291739895,26.29173989455185,68.36555360281196,82.56590509666081,85.02636203866433,80.597539543058,52.86467486818981,84.53427065026362,42.81195079086116,68.2249560632689,90.7908611599297,72.79437609841828,50.19332161687171,19.64850615114236,67.34622144112478,75.39543057996485,64.56942003514939,74.02460456942003,86.81898066783832,87.87346221441126,90.26362038664324,26.713532513181026,65.23725834797892,65.20210896309315,61.58172231985941,68.18980667838314,65.62390158172232,57.32864674868191,45.09666080843586,61.72231985940247,19.36731107205624,23.690685413005276,66.6432337434095,31.52899824253076,39.156414762741655,83.33919156414764,57.46924428822496,61.44112478031635,74.83304042179263,36.555360281195085
O=C(O)c1ccccc1,122.12299999999996,1.3848,1,1,4.0,0.6106035394285076,0,37.3,0,0,0,0.027552858,0.7397954,0.8870443,0.019626055,0.013642469,0.29014635,0.0112809,0.04099046,0.0074132322,0.10980153,0.00024302276,0.38315767,0.073946565,0.5281258,0.98465216,0.00325055,0.0147524895,0.011363918,0.0010490044,0.009661036,0.059895646,0.009704737,0.3095259,0.0031978798,0.030713683,0.0026001474,0.0046882266,0.006640248,0.0040452555,0.36938235,0.020507375,-4.522954,33.185497,-4.3913803,-16.665302,-8.810057,1.9919182,-0.5456966,63.49701,-1.7032986,-2.8972607,5.342706502636204,36.44991212653779,6.854130052724078,36.59050966608085,63.44463971880493,61.40597539543059,22.601054481546576,19.68365553602812,47.59226713532514,25.869947275922677,37.188049209138846,7.275922671353252,52.16168717047452,74.02460456942003,36.80140597539543,20.210896309314588,86.18629173989456,33.77855887521969,27.029876977152902,21.15992970123023,16.695957820738137,9.068541300527242,86.18629173989456,42.14411247803164,56.76625659050967,37.04745166959579,19.0158172231986,29.912126537785596,41.58172231985941,11.31810193321617,34.62214411247803,30.68541300527241,57.57469244288225,26.678383128295252,23.58523725834798,16.62565905096661,28.22495606326889,26.78383128295255,31.669595782073817,17.434094903339194,30.158172231985944,13.04042179261863,80.45694200351494,51.56414762741653,19.578207381370827,3.057996485061512,77.71528998242532,23.233743409490337,23.304042179261867,39.71880492091389,74.90333919156416,10.579964850615116
Oc1ccccc1,94.113,1.3922,1,1,4.0,0.514729544768675,0,20.23,0,0,0,0.05648623,0.8335414,0.8831953,0.2845206,0.081998624,0.16179024,0.01947917,0.075756595,0.039555907,0.1619389,0.0015955132,0.11006675,0.025708482,0.17205094,0.99995995,0.0032749777,0.012041658,0.022547256,0.005983363,0.056686185,0.19581854,0.007436485,0.8405296,0.0049024397,0.10711163,0.004115359,0.026995972,0.094594404,0.009566899,0.7841946,0.04784248,-4.1979094,93.47062,33.191936,-5.6412783,-6.5641656,2.194898,1.4403118,45.13231,-0.49433786,-0.78548986,3.5149384885764503,36.52021089630932,6.854130052724078,36.59050966608085,63.44463971880493,48.26010544815466,22.601054481546576,9.666080843585238,47.59226713532514,25.869947275922677,37.188049209138846,15.184534270650264,60.73813708260106,72.82952548330405,71.70474516695958,48.33040421792619,60.105448154657296,40.94903339191565,40.0,45.62390158172232,22.7768014059754,21.124780316344467,33.427065026362044,16.414762741652023,30.931458699472763,81.47627416520211,19.086115992970125,23.65553602811951,51.07205623901582,32.196836555360285,77.78558875219684,83.12829525483305,52.829525483304046,56.41476274165203,26.818980667838314,45.90509666080844,35.430579964850615,60.24604569420036,63.55008787346222,29.279437609841832,83.47978910369069,23.79613356766257,95.3602811950791,85.62390158172232,56.44991212653779,12.829525483304044,89.66608084358525,34.516695957820744,52.4780316344464,24.60456942003515,89.8066783831283,27.59226713532513
CC(C)=CCc1ccccc1O,162.232,2.9009000000000014,1,1,4.0,0.6627927610966273,0,20.23,0,1,0,0.06938491,0.8819765,0.80995166,0.71650994,0.47833028,0.18145558,0.17268947,0.23949012,0.44487056,0.42105788,0.030330632,0.11623025,0.046063595,0.13334367,0.999941,0.0039739884,0.008769462,0.072338305,0.057649232,0.1294985,0.26492804,0.025915572,0.92642564,0.07107646,0.23843774,0.009290842,0.09868379,0.5000232,0.03733366,0.8193885,0.38964835,-4.4283533,133.82246,93.07143,-2.6126838,-5.8046503,2.0853736,3.0583694,78.679565,-2.9076962,0.7780193,11.56414762741652,59.89455184534271,6.854130052724078,36.59050966608085,63.44463971880493,69.10369068541301,22.601054481546576,9.666080843585238,47.59226713532514,66.52021089630932,37.188049209138846,19.086115992970125,66.18629173989456,52.93497363796134,88.11950790861161,84.14762741652022,65.62390158172232,73.42706502636204,72.091388400703,83.40949033391917,48.01405975395431,44.25307557117751,35.39543057996485,30.298769771529003,24.42882249560633,78.55887521968366,22.39015817223199,15.219683655536029,67.69771528998243,66.57293497363797,89.24428822495607,88.7170474516696,71.35325131810194,71.45869947275924,49.42003514938489,65.94024604569421,49.701230228471005,83.62038664323376,87.80316344463972,54.58699472759227,86.71353251318102,57.15289982425308,86.1511423550088,95.60632688927944,88.43585237258348,17.926186291739896,91.63444639718806,27.697715289982423,80.73813708260106,54.6572934973638,54.55184534270651,43.58523725834798
CCN[P@@](=O)(Oc1cccc(C(=O)OCC(CC)CC)c1)OP(=O)(O)O,409.3120000000001,3.485300000000003,6,3,4.0,0.3711214850520596,1,131.39,0,1,2,0.023837399,0.5659088,0.736008,0.38759995,0.47668418,0.34811848,0.37264088,0.13079756,0.41599798,0.36417508,0.111117676,0.43966666,0.19279113,0.51810426,0.8093866,0.010260417,0.04174783,0.08267581,0.078260064,0.09001491,0.2331845,0.120824695,0.38052994,0.20829873,0.19255443,0.01349097,0.02622028,0.16738048,0.035606842,0.37097993,0.39861408,-5.6179247,18.599697,53.44442,11.567482,-14.0980425,2.9237573,1.8467747,88.76506,-1.8131739,2.038259,67.55711775043937,69.06854130052724,72.46045694200352,78.20738137082601,63.44463971880493,29.420035149384887,55.32513181019333,81.792618629174,47.59226713532514,66.52021089630932,95.07908611599298,6.467486818980668,38.03163444639719,38.4182776801406,76.4499121265378,84.14762741652022,92.12653778558877,84.81546572934974,56.44991212653779,82.60105448154658,42.74165202108964,59.64850615114237,90.1230228471002,69.13884007029877,56.27416520210897,22.88224956063269,48.08435852372584,70.50966608084359,69.10369068541301,71.45869947275924,85.3427065026362,86.29173989455185,90.01757469244289,29.314586994727595,62.95254833040423,60.597539543058005,57.29349736379614,59.92970123022848,71.21265377855889,53.77855887521969,30.298769771529003,57.53954305799649,21.195079086116,35.465729349736385,71.07205623901582,42.81195079086116,40.77328646748682,78.76977152899825,59.19156414762743,67.41652021089631,73.67311072056239,55.71177504393673
CCC(CC)COC(=O)O[C@H](C)N[P@@](=O)(Oc1ccccc1)OP(=O)(O)O,425.3110000000001,3.807800000000004,7,3,4.0,0.2722224222677108,2,140.62,0,2,3,0.03370558,0.59445304,0.68783236,0.31789112,0.47271848,0.31565213,0.3182345,0.110650554,0.45961633,0.34252536,0.15469739,0.45866007,0.20512733,0.47902888,0.7356522,0.012162341,0.04033927,0.07101335,0.08774772,0.09017899,0.2504652,0.119434774,0.31979495,0.22615878,0.21381338,0.014053179,0.030531872,0.13278139,0.04124085,0.4184162,0.4305726,-5.626987,16.432705,56.001354,9.381718,-13.766693,2.912585,1.9232582,89.05322,-1.6510853,1.1959345,71.07205623901582,73.95430579964851,79.85940246045695,78.20738137082601,63.44463971880493,17.188049209138843,69.84182776801407,83.8664323374341,47.59226713532514,87.9261862917399,98.89279437609842,9.068541300527242,39.82425307557118,31.84534270650264,73.49736379613357,84.07732864674868,88.92794376098419,81.93321616871705,50.43936731107206,83.8664323374341,41.30052724077329,64.14762741652022,91.35325131810194,70.54481546572936,54.72759226713533,20.45694200351494,52.68892794376099,69.52548330404218,67.41652021089631,73.32161687170475,85.37785588752197,87.69771528998243,89.87697715289983,26.889279437609844,63.93673110720563,63.198594024604574,58.03163444639719,62.601054481546576,67.94376098418279,56.80140597539543,36.41476274165203,59.12126537785589,20.949033391915645,32.93497363796134,72.86467486818981,38.87521968365554,43.02284710017575,78.34797891036908,61.01933216168717,67.87346221441125,75.53602811950792,48.08435852372584
Oc1cccc(O)c1,110.11199999999998,1.0978,2,2,4.0,0.5245841402909771,0,40.46,0,0,0,0.10499449,0.41235566,0.7479905,0.42917222,0.11059113,0.09762405,0.057538547,0.045991227,0.11303592,0.14485213,0.020420793,0.08289902,0.053395547,0.20722942,0.99962837,0.010270887,0.026617462,0.21694586,0.026242,0.19035383,0.2816977,0.010549339,0.5481332,0.010246831,0.3630585,0.019558808,0.07680883,0.39081758,0.051198136,0.8100778,0.083967194,-4.538662,96.470314,39.065853,-17.894491,-9.815058,2.1760252,1.3454549,48.550037,-0.51142824,-0.0063167093,4.586994727592267,32.89982425307557,17.10017574692443,61.37082601054482,63.44463971880493,49.73637961335677,22.601054481546576,23.02284710017575,47.59226713532514,25.869947275922677,37.188049209138846,28.64674868189807,26.502636203866437,40.597539543058,78.55887521968366,53.49736379613357,36.48506151142355,57.15289982425308,29.068541300527244,62.46045694200352,21.15992970123023,40.35149384885765,25.30755711775044,33.5676625659051,35.149384885764505,64.42882249560633,48.154657293497365,51.31810193321618,82.07381370826012,54.02460456942004,92.89982425307558,89.49033391915643,58.76977152899825,36.063268892794376,33.286467486818985,75.57117750439367,63.831282952548335,79.7188049209139,83.33919156414764,60.87873462214412,85.90509666080844,29.630931458699475,78.91036906854131,86.95957820738138,61.30052724077329,2.636203866432337,72.05623901581723,33.11072056239016,50.86115992970124,26.959578207381373,89.56063268892795,34.93848857644991
CCC(C)(C)COC(=O)[C@H](C)N[P@@](=O)(Oc1ccccc1)OP(=O)(O)O,409.312,3.240300000000002,6,3,4.0,0.3935137024126721,2,131.39,0,1,2,0.049681604,0.5832397,0.6045804,0.22373375,0.33697274,0.18100369,0.17772213,0.12330972,0.4792034,0.33180434,0.119661175,0.38158196,0.19760923,0.26218626,0.63178635,0.013335286,0.03821797,0.03427557,0.07590141,0.121533275,0.26882452,0.07045839,0.30890042,0.17728761,0.23645088,0.010627583,0.033445425,0.1030831,0.031021405,0.5142239,0.44171652,-5.644557,14.414827,51.997986,5.5981984,-13.948848,2.9260828,1.8365825,87.39974,-1.628726,0.53114784,67.55711775043937,64.88576449912127,72.46045694200352,78.20738137082601,63.44463971880493,32.337434094903344,69.84182776801407,81.792618629174,47.59226713532514,66.52021089630932,95.07908611599298,13.216168717047452,39.19156414762742,22.987697715289983,67.48681898066785,76.66080843585237,65.51845342706503,73.81370826010546,53.95430579964851,84.53427065026362,40.21089630931459,60.49209138840071,85.94024604569421,69.59578207381371,40.38664323374341,17.926186291739896,55.07908611599297,67.41652021089631,57.01230228471002,70.82601054481547,88.54130052724078,88.89279437609842,84.18277680140598,26.60808435852373,60.140597539543066,65.79964850615114,52.61862917398946,63.79613356766257,64.78031634446398,51.35325131810194,48.89279437609842,59.92970123022848,20.597539543058,30.72056239015817,69.98242530755712,32.056239015817226,41.86291739894552,78.84007029876977,59.12126537785589,65.09666080843586,75.85237258347979,40.28119507908612
Oc1ccccc1O,110.11199999999998,1.0978,2,2,4.0,0.4907276689015206,0,40.46,1,1,1,0.42239937,0.5424199,0.77062225,0.37928408,0.05270775,0.073594525,0.019490007,0.07906566,0.06753183,0.1784117,0.015485709,0.13150059,0.059172194,0.18150035,0.9989435,0.016940147,0.018759193,0.28039303,0.020817708,0.10209392,0.13850456,0.011517188,0.63585377,0.0061105518,0.41242948,0.027448505,0.09667441,0.24455531,0.060530614,0.87946844,0.1011042,-4.6031895,72.51923,17.444067,-20.077595,-10.253347,2.2902036,1.0062324,46.94924,-0.3748374,-0.9741195,4.586994727592267,32.89982425307557,17.10017574692443,61.37082601054482,63.44463971880493,45.061511423550094,22.601054481546576,23.02284710017575,97.39894551845344,66.52021089630932,83.09314586994728,72.05623901581723,35.922671353251324,44.8506151142355,76.06326889279438,40.73813708260106,28.96309314586995,40.98418277680141,41.12478031634447,53.67311072056239,24.534270650263625,38.242530755711776,40.597539543058,36.063268892794376,32.16168717047452,55.99297012302285,61.82776801405976,38.03163444639719,86.1511423550088,50.896309314587,86.81898066783832,71.91564147627417,60.24604569420036,40.17574692442883,28.752196836555363,78.48857644991213,68.78734622144113,83.30404217926187,76.4499121265378,63.3743409490334,93.21616871704748,31.669595782073817,73.74340949033393,76.02811950790861,41.6871704745167,2.1441124780316345,68.54130052724078,40.17574692442883,45.51845342706503,25.83479789103691,91.24780316344464,25.9402460456942
Oc1ccc(O)cc1,110.11199999999998,1.0978,2,2,4.0,0.4907276689015206,0,40.46,0,1,1,0.42185897,0.3953107,0.70027745,0.7595253,0.22138306,0.088545464,0.11267865,0.05398673,0.09742738,0.22511928,0.05341689,0.08716297,0.051557817,0.3106398,0.99945307,0.031998083,0.043915175,0.4792374,0.056991506,0.3872717,0.4230536,0.020393267,0.6833851,0.013960163,0.6433612,0.09675584,0.16257274,0.63203543,0.1620919,0.89759713,0.12289454,-4.4588084,97.15794,34.080147,-11.4973955,-9.396189,2.0424883,1.241278,42.539055,-0.15220156,0.6277314,4.586994727592267,32.89982425307557,17.10017574692443,61.37082601054482,63.44463971880493,45.061511423550094,22.601054481546576,23.02284710017575,47.59226713532514,66.52021089630932,83.09314586994728,71.9859402460457,25.237258347978912,33.49736379613357,89.38488576449913,67.34622144112478,33.63796133567663,67.38137082601055,31.634446397188054,59.92970123022848,30.158172231985944,50.57996485061512,26.5377855887522,32.79437609841828,44.07732864674868,61.05448154657294,76.27416520210897,72.68892794376099,92.54833040421794,66.32688927943761,96.8365553602812,94.23550087873464,68.40070298769773,42.88224956063269,35.71177504393673,91.63444639718806,85.3427065026362,90.01757469244289,91.9859402460457,81.0896309314587,94.90333919156416,33.84885764499121,84.4639718804921,87.48681898066785,57.15289982425308,6.608084358523726,74.34094903339192,25.483304042179263,48.99824253075572,22.35500878734622,92.72407732864676,41.61687170474517
O=C(O)c1ccccc1O,138.122,1.0903999999999998,2,2,4.0,0.6102585058580265,0,57.53,0,0,0,0.03964021,0.5465117,0.80940676,0.031910248,0.021814913,0.19639784,0.021337915,0.02971122,0.015504157,0.1087202,0.0010808532,0.32987094,0.11686651,0.4491768,0.95558816,0.004371348,0.020862684,0.039596904,0.0022111512,0.02041866,0.06680499,0.008507202,0.16226146,0.003701958,0.06017361,0.0051586377,0.008823504,0.01566829,0.008925986,0.39784798,0.031080345,-4.781301,31.10709,-0.28513488,-21.840313,-10.551025,2.1243396,-0.71191436,62.335552,-1.5842911,-1.2238687,7.592267135325132,32.75922671353251,17.10017574692443,61.37082601054482,63.44463971880493,61.37082601054482,22.601054481546576,36.063268892794376,47.59226713532514,25.869947275922677,37.188049209138846,10.54481546572935,36.37961335676626,52.72407732864675,41.6871704745167,26.643233743409493,68.8224956063269,42.21441124780317,22.530755711775047,31.21265377855888,16.520210896309315,18.383128295254835,80.91388400702988,55.11423550087874,52.68892794376099,31.282952548330407,25.026362038664324,42.1792618629174,59.050966608084366,19.82425307557118,54.90333919156415,36.37961335676626,55.39543057996485,20.632688927943764,24.67486818980668,31.599297012302287,38.91036906854131,38.52372583479789,39.92970123022848,28.22495606326889,33.5676625659051,18.523725834797894,60.94903339191565,49.66608084358524,24.007029876977157,1.6871704745166962,66.29173989455185,29.841827768014063,20.984182776801408,38.31282952548331,76.4499121265378,24.28822495606327
CC(=O)Oc1ccccc1,136.14999999999998,1.6119,2,0,4.0,0.4327747976813635,0,26.3,0,1,0,0.09606983,0.9905095,0.94075906,0.69618195,0.24019651,0.27465898,0.023804242,0.17550598,0.012548554,0.31720525,0.0011924577,0.14387004,0.015896771,0.3956031,0.99999696,0.0014562075,0.0093714595,0.009456266,0.0024481607,0.0042957175,0.0977822,0.0036682598,0.9824934,0.004722796,0.01582918,0.0022911963,0.005935767,0.0069463877,0.0018554917,0.6777428,0.04678115,-4.004525,108.8892,52.998627,2.469298,-3.9396381,1.8449357,1.6543806,56.147484,-1.5074005,-1.8791912,7.240773286467488,39.29701230228471,17.10017574692443,11.63444639718805,63.44463971880493,37.46924428822496,22.601054481546576,12.9701230228471,47.59226713532514,66.52021089630932,37.188049209138846,26.5377855887522,96.62565905096662,93.286467486819,87.2407732864675,68.92794376098419,83.72583479789104,44.147627416520216,64.60456942003516,27.838312829525485,39.0158172231986,19.191564147627417,44.18277680140598,10.650263620386644,49.45518453427066,95.4657293497364,8.506151142355009,16.801405975395433,38.62917398945519,21.0896309314587,15.711775043936733,55.50087873462215,40.24604569420036,94.0597539543058,26.502636203866437,7.065026362038665,25.83479789103691,30.931458699472763,32.16168717047452,9.52548330404218,70.47451669595783,23.47978910369069,98.13708260105447,90.72056239015818,70.82601054481547,26.256590509666083,95.21968365553604,15.92267135325132,55.95782073813709,32.86467486818981,77.29349736379613,18.488576449912127
CCN[P@@](=O)(Oc1ccc(C(=O)OCC(CC)CC)cc1)OP(=O)(O)O,409.31200000000007,3.485300000000003,6,3,4.0,0.3711214850520596,1,131.39,0,1,2,0.032065403,0.5327188,0.71021956,0.3762606,0.48402333,0.32821235,0.36678675,0.118058026,0.39643154,0.36188686,0.114245966,0.444588,0.20886874,0.522195,0.7601126,0.01216196,0.047553852,0.09109519,0.09309067,0.11628882,0.26197293,0.1334498,0.33347932,0.21042971,0.21603575,0.019512903,0.032835826,0.1841276,0.047742594,0.37305215,0.39392442,-5.62209,17.40301,53.49865,11.683337,-14.287168,2.9647489,1.8620603,88.65483,-1.8443779,2.1249175,67.55711775043937,69.06854130052724,72.46045694200352,78.20738137082601,63.44463971880493,29.420035149384887,55.32513181019333,81.792618629174,47.59226713532514,66.52021089630932,95.07908611599298,8.576449912126538,35.21968365553603,34.62214411247803,76.02811950790861,84.42882249560634,90.43936731107206,84.49912126537787,52.30228471001758,81.61687170474518,42.56590509666081,59.92970123022848,90.36906854130054,70.896309314587,56.41476274165203,21.40597539543058,52.68892794376099,75.18453427065027,70.33391915641477,74.09490333919157,88.33040421792619,88.47100175746925,91.1072056239016,27.55711775043937,63.16344463971881,63.58523725834799,63.79613356766257,63.47978910369069,72.72407732864676,59.507908611599305,30.509666080843587,57.32864674868191,21.15992970123023,33.95430579964851,71.14235500878735,43.05799648506152,39.29701230228471,80.42179261862918,59.43760984182777,67.27592267135326,73.21616871704745,56.30931458699473
CCC(CC)c1cccc(O[P@](=O)(N[C@@H](C)C(=O)OC)OP(=O)(O)O)c1,409.31200000000007,3.337500000000002,6,3,4.0,0.3931482029713531,2,131.39,0,1,2,0.074659444,0.44004363,0.64797556,0.2877986,0.53989005,0.30512205,0.4133296,0.11670606,0.45775992,0.43152612,0.31477374,0.45056757,0.20797661,0.52120465,0.7044498,0.027845424,0.05468474,0.09318494,0.18158269,0.1322309,0.25054342,0.19235484,0.33136958,0.27359703,0.33071375,0.035337493,0.0778222,0.22147122,0.094841234,0.42439348,0.4852733,-5.833389,5.145547,40.57528,16.740957,-15.498449,2.9466805,1.4675019,86.35258,-1.8288091,0.34531817,67.55711775043937,66.4323374340949,72.46045694200352,78.20738137082601,63.44463971880493,32.337434094903344,69.84182776801407,81.792618629174,47.59226713532514,66.52021089630932,95.07908611599298,20.70298769771529,28.26010544815466,26.748681898066785,72.02108963093147,86.60808435852374,88.04920913884008,86.18629173989456,52.02108963093146,83.83128295254834,48.822495606326896,74.97363796133568,90.7908611599297,70.86115992970123,56.344463971880494,19.82425307557118,73.70826010544816,79.7188049209139,70.50966608084359,84.63971880492092,89.56063268892795,87.69771528998243,94.20035149384888,27.346221441124783,67.20562390158173,72.86467486818981,72.12653778558875,80.07029876977154,75.07908611599298,72.40773286467487,37.4340949033392,61.93321616871705,16.871704745166962,19.71880492091389,62.108963093145874,52.4780316344464,32.196836555360285,79.7188049209139,53.04042179261863,63.30404217926187,73.28646748681899,38.66432337434095
O=C(O)c1ccc(O)cc1,138.122,1.0903999999999998,2,2,4.0,0.6102585058580265,0,57.53,0,0,0,0.05432279,0.29730168,0.65525925,0.04405245,0.029339228,0.113972805,0.033160437,0.014022621,0.018078525,0.09501132,0.0017245658,0.24637036,0.1210178,0.4820799,0.92088187,0.005588001,0.0313383,0.07615838,0.0034630843,0.07048308,0.14266184,0.008772612,0.08159581,0.004364828,0.1287978,0.012027581,0.015211071,0.048422914,0.018995767,0.47675744,0.03344224,-4.92356,37.256653,1.8184685,-20.18365,-12.160321,1.9431984,-0.6830795,62.357887,-1.7034667,-1.4648474,7.592267135325132,32.75922671353251,17.10017574692443,61.37082601054482,63.44463971880493,61.37082601054482,22.601054481546576,36.063268892794376,47.59226713532514,25.869947275922677,37.188049209138846,14.481546572934976,19.15641476274165,27.521968365553604,45.41300527240774,31.634446397188054,42.42530755711776,49.27943760984184,14.83304042179262,33.53251318101933,14.657293497363796,21.54657293497364,67.90861159929702,55.92267135325133,54.833040421792624,27.94376098418278,30.439367311072058,58.38312829525484,68.29525483304043,25.13181019332162,81.65202108963094,72.72407732864676,56.09841827768015,16.30931458699473,25.9402460456942,50.474516695957824,55.21968365553603,49.2091388400703,54.41124780316345,40.73813708260106,43.93673110720563,19.507908611599294,50.896309314587,54.833040421792624,26.04569420035149,2.0386643233743413,53.919156414762746,20.84358523725835,21.33567662565905,38.34797891036907,74.90333919156416,22.1792618629174
O=CC=CC=CC(=O)O,126.11099999999998,0.3822999999999999,2,1,4.0,0.3376664518610825,0,54.370000000000005,0,3,1,0.541715,0.6346763,0.55934334,0.008256191,0.015814634,0.08896297,0.010012074,0.014711037,0.00594662,0.16047312,0.00060401455,0.376103,0.10312279,0.3142361,0.541469,0.04024058,0.0131296115,0.010618029,0.0017198769,0.032750778,0.037270717,0.032208133,0.102785565,0.0010577808,0.32330617,0.03577469,0.06241102,0.005376025,0.06321247,0.79601943,0.012506139,-4.886518,5.6970224,-16.612116,-5.8208375,-11.463524,2.0081124,-1.6974643,48.555183,-1.4488266,-2.6098378,5.6942003514938495,25.97539543057997,17.10017574692443,36.59050966608085,63.44463971880493,24.92091388400703,22.601054481546576,34.235500878734626,47.59226713532514,96.62565905096662,83.09314586994728,82.14411247803164,43.09314586994728,20.210896309314588,28.857644991212656,22.35500878734622,33.77855887521969,31.84534270650264,15.008787346221444,18.066783831282955,22.671353251318106,15.043936731107207,85.51845342706504,51.59929701230229,44.21792618629174,16.168717047451672,80.52724077328648,26.22144112478032,40.28119507908612,16.660808435852374,65.72934973637962,11.036906854130054,74.30579964850615,17.504393673110723,14.727592267135329,72.44288224956064,72.40773286467487,76.62565905096662,29.490333919156416,64.04217926186293,84.60456942003516,7.557117750439368,53.53251318101934,20.52724077328647,10.755711775043938,12.688927943760984,59.19156414762743,24.007029876977157,10.720562390158172,26.959578207381373,78.06678383128296,12.302284710017576
CCC(CC)COC(=O)C(C)(C)N[P@@](=O)(Oc1ccccc1)OP(=O)(O)O,423.33900000000006,3.6304000000000025,6,3,4.0,0.3605218523881857,1,131.39,0,1,2,0.017203042,0.4715878,0.6738681,0.15423846,0.4064861,0.28540018,0.28030103,0.09017186,0.3348472,0.35014373,0.15952964,0.39918476,0.13530615,0.42209682,0.72868663,0.01048563,0.037892845,0.029590469,0.06393683,0.09070629,0.23720613,0.11986375,0.32842287,0.22563171,0.19625501,0.007043718,0.026902389,0.11211133,0.022830931,0.424053,0.39630938,-5.6153283,18.949013,52.37513,9.836113,-13.651998,2.9020889,1.9639685,90.232925,-1.8927803,1.0858488,70.68541300527241,71.45869947275924,72.46045694200352,78.20738137082601,63.44463971880493,27.90861159929701,55.32513181019333,81.792618629174,47.59226713532514,66.52021089630932,95.07908611599298,4.6045694200351495,30.861159929701238,29.736379613356767,61.86291739894553,81.44112478031636,85.3427065026362,80.1054481546573,44.49912126537786,79.08611599297014,41.6871704745167,64.4639718804921,87.55711775043937,59.43760984182777,51.10720562390159,20.316344463971884,48.57644991212654,66.95957820738138,55.36028119507909,68.40070298769773,85.48330404217927,86.60808435852374,89.9121265377856,27.205623901581724,63.93673110720563,60.94903339191565,44.00702987697716,60.21089630931459,65.79964850615114,44.78031634446398,37.4340949033392,57.39894551845343,21.33567662565905,35.99297012302285,70.33391915641477,39.64850615114236,43.69068541300528,77.68014059753955,61.75746924428823,69.84182776801407,72.68892794376099,46.67838312829526
O=CC=CC=C(O)C=O,126.11099999999998,0.3822999999999998,3,1,4.0,0.257248116422452,0,54.37,0,4,1,0.7037817,0.7156235,0.59223145,0.030152906,0.03028191,0.10771157,0.01563825,0.02567702,0.011345938,0.2235688,0.002210299,0.4020508,0.10654964,0.3203233,0.76173764,0.07599695,0.013163336,0.021618148,0.004081034,0.047538392,0.047124486,0.055422585,0.25840038,0.0019010181,0.46579337,0.059216104,0.13563325,0.014451666,0.11820541,0.86599815,0.02273188,-4.7543516,13.88194,-19.653706,-13.399893,-11.307289,2.2308884,-1.2672545,29.388922,-0.36621022,-3.828011,5.6942003514938495,25.97539543057997,32.653778558875224,36.59050966608085,63.44463971880493,15.92267135325132,22.601054481546576,33.936731107205624,47.59226713532514,99.27943760984184,83.09314586994728,91.35325131810194,49.701230228471005,21.89806678383129,41.30052724077329,31.985940246045697,39.64850615114236,37.85588752196837,20.77328646748682,26.643233743409493,29.876977152899823,22.7768014059754,87.76801405975397,52.54833040421793,44.60456942003516,21.441124780316347,88.33040421792619,26.256590509666083,50.26362038664324,26.99472759226714,74.0597539543058,18.769771528998245,81.47627416520211,24.67486818980668,19.121265377855888,81.65202108963094,79.36731107205624,87.90861159929702,39.29701230228471,75.64147627416521,91.63444639718806,14.200351493848858,62.636203866432346,30.052724077328648,8.506151142355009,4.850615114235501,60.63268892794377,36.80140597539543,14.657293497363796,14.481546572934976,91.31810193321616,6.256590509666081
CCC(C)(CC)COC(=O)[C@H](C)N[P@@](=O)(Oc1ccccc1)OP(=O)(O)O,423.33900000000006,3.6304000000000025,6,3,4.0,0.3605218523881857,2,131.39,0,1,2,0.05939301,0.6014779,0.57982177,0.24029091,0.31957,0.17201154,0.1742313,0.14040303,0.56134325,0.35257643,0.16511202,0.3751621,0.21971667,0.24233055,0.5921333,0.0160783,0.043771915,0.03686279,0.07618612,0.11304388,0.27085397,0.070892975,0.31545907,0.20198879,0.22669479,0.010457622,0.036402695,0.08764887,0.03349201,0.56110775,0.5009545,-5.646271,14.775281,54.86564,13.273108,-14.012807,2.9465022,1.9833853,88.50606,-1.7130133,1.5069269,70.68541300527241,71.45869947275924,72.46045694200352,78.20738137082601,63.44463971880493,27.90861159929701,69.84182776801407,81.792618629174,47.59226713532514,66.52021089630932,95.07908611599298,16.203866432337435,40.35149384885765,20.91388400702988,68.78734622144113,75.43057996485062,63.05799648506152,73.53251318101934,58.76977152899825,86.92442882249561,41.792618629174,65.02636203866433,85.4481546572935,72.23198594024605,38.62917398945519,17.082601054481547,60.56239015817224,72.58347978910369,58.06678383128296,70.86115992970123,87.76801405975397,89.06854130052724,84.32337434094904,26.818980667838314,62.31985940246047,64.81546572934974,52.12653778558876,65.58875219683657,62.636203866432346,52.513181019332166,55.36028119507909,62.84710017574693,20.597539543058,31.142355008787348,72.05623901581723,46.08084358523726,41.335676625659055,79.7188049209139,62.17926186291741,67.06502636203867,74.83304042179263,51.45869947275923
CCC(CC)COC(=O)[C@H](C)N[P@@](=O)(Oc1ccccc1CC=C(C)C)OP(=O)(O)O,477.4310000000002,4.749000000000005,6,3,4.0,0.2091868294113611,2,131.39,0,2,2,0.06219422,0.5600848,0.6027514,0.40088946,0.4624075,0.24016905,0.3063285,0.20427182,0.6579461,0.53137964,0.3179976,0.42562038,0.21320018,0.31215757,0.72646654,0.01680511,0.035751734,0.06618018,0.17760876,0.14008085,0.25820374,0.1589924,0.48004776,0.38094726,0.3506308,0.017137224,0.082922384,0.26115802,0.07285674,0.5618384,0.69047695,-5.649598,20.098772,67.0855,18.5375,-13.715967,2.847405,2.541885,94.22046,-2.1408837,1.9805691,79.85940246045695,86.5377855887522,72.46045694200352,78.20738137082601,63.44463971880493,12.16168717047452,69.84182776801407,81.792618629174,47.59226713532514,87.9261862917399,95.07908611599298,16.836555360281196,37.4340949033392,22.917398945518457,77.25834797891038,83.72583479789104,77.99648506151144,81.51142355008788,68.43585237258348,88.89279437609842,59.22671353251319,75.07908611599298,89.34973637961336,71.56414762741653,44.11247803163445,20.246045694200355,61.6871704745167,64.56942003514939,66.6432337434095,84.39367311072057,90.72056239015818,88.2249560632689,92.5834797891037,33.25131810193322,72.89982425307558,74.41124780316345,61.75746924428823,80.84358523725835,77.18804920913885,67.06502636203867,55.43057996485062,71.52899824253076,20.45694200351494,37.50439367311073,79.08611599297014,55.7469244288225,43.30404217926187,74.76274165202109,71.84534270650265,77.01230228471002,68.57644991212655,55.07908611599297
CCC(CC[C@H](C)N[P@@](=O)(Oc1ccccc1)OP(=O)(O)O)COC=O,409.3120000000001,3.240300000000003,6,3,4.0,0.3317561778392856,3,131.39,0,2,2,0.06261963,0.62743753,0.67311037,0.22441006,0.3985291,0.2751291,0.24923778,0.09410105,0.3973444,0.31308395,0.13277164,0.4592278,0.22646964,0.4339214,0.669098,0.015836144,0.04086172,0.047904044,0.0518016,0.070423245,0.22225031,0.10954319,0.27089533,0.17239165,0.18382476,0.014073695,0.027005274,0.055168964,0.034380913,0.49989063,0.38027692,-5.7662177,13.708463,44.85371,3.8653672,-14.581575,2.8995106,1.5078663,85.317764,-1.8155231,0.82561,67.55711775043937,64.88576449912127,72.46045694200352,78.20738137082601,63.44463971880493,24.28822495606327,76.60808435852373,81.792618629174,47.59226713532514,87.9261862917399,95.07908611599298,16.906854130052725,42.39015817223199,29.595782073813712,67.5219683655536,80.94903339191565,83.90158172231986,78.55887521968366,45.4481546572935,81.65202108963094,38.80492091388401,62.07381370826011,91.42355008787348,72.79437609841828,51.880492091388405,18.875219683655537,60.24604569420036,69.98242530755712,61.968365553602816,64.11247803163445,81.65202108963094,85.51845342706504,89.10369068541301,25.20210896309315,59.92970123022848,59.613356766256594,58.03163444639719,60.281195079086125,56.06326889279438,52.86467486818981,46.4323374340949,56.52021089630932,18.066783831282955,29.876977152899823,65.23725834797892,28.927943760984185,37.609841827768015,77.60984182776802,53.5676625659051,61.6871704745167,73.60281195079087,44.07732864674868
CC(C)=CCOc1ccccc1,162.232,3.031600000000002,1,0,4.0,0.6206040374649066,0,9.23,0,1,0,0.08489545,0.9928945,0.8684031,0.95483434,0.7538987,0.17535816,0.1332347,0.34219545,0.17990936,0.4879046,0.021518055,0.081173874,0.019713297,0.19295254,0.9999994,0.0007582213,0.007850693,0.02881133,0.015386535,0.01224806,0.120372795,0.004189863,0.99139434,0.038132958,0.031693608,0.0025831824,0.01883512,0.050219286,0.0028007138,0.778937,0.33481202,-4.241931,151.81854,104.80559,12.346209,-2.0475283,1.6825683,3.2221687,83.11194,-3.7850776,1.4960485,11.56414762741652,61.58172231985941,6.854130052724078,11.63444639718805,63.44463971880493,62.98769771528999,22.601054481546576,5.62390158172232,47.59226713532514,66.52021089630932,37.188049209138846,23.83128295254833,98.0316344463972,68.18980667838314,97.39894551845344,93.32161687170476,64.00702987697716,70.08787346221442,79.5079086115993,70.12302284710019,54.48154657293498,41.0896309314587,24.710017574692444,12.759226713532517,33.32161687170475,98.38312829525483,3.760984182776802,13.04042179261863,54.692442882249566,46.60808435852373,41.23022847100176,66.46748681898067,42.39015817223199,98.06678383128296,43.3743409490334,17.258347978910372,28.049209138840077,53.67311072056239,54.97363796133568,13.321616871704746,82.81195079086116,53.18101933216169,94.51669595782074,97.71528998242532,90.86115992970124,44.3585237258348,97.01230228471005,9.806678383128297,83.58523725834799,59.12126537785589,36.66080843585237,51.45869947275923
CCC(CC)COC1O[P@](=O)(Oc2ccccc2)N[C@H]1C,313.334,3.960700000000002,4,1,4.0,0.772162068625318,3,56.790000000000006,0,1,2,0.7143151,0.9267827,0.8842758,0.11331271,0.3405531,0.20948835,0.08043026,0.3697618,0.083822586,0.72309786,0.32651573,0.14057353,0.18522148,0.49100953,0.9996418,0.010798407,0.027159046,0.062348593,0.06861996,0.018338645,0.10963001,0.027924549,0.9532404,0.43388185,0.19742274,0.017092943,0.033876803,0.12247546,0.02746043,0.5779911,0.63584936,-4.9591866,51.661522,82.16127,33.23584,-7.2884994,3.4347427,3.2898471,84.12822,-3.5735474,4.9344726,44.88576449912127,76.66080843585237,48.55887521968366,36.59050966608085,63.44463971880493,85.27240773286468,76.60808435852373,35.430579964850615,47.59226713532514,66.52021089630932,95.07908611599298,91.63444639718806,73.14586994727593,73.14586994727593,57.57469244288225,77.01230228471002,72.16168717047452,62.636203866432346,81.15992970123024,57.08260105448155,84.00702987697716,75.46572934973639,43.23374340949034,67.80316344463972,55.149384885764505,64.81546572934974,49.3145869947276,52.23198594024605,65.76449912126539,69.06854130052724,52.4780316344464,61.47627416520211,72.61862917398946,80.24604569420036,75.00878734622145,61.05448154657294,61.6871704745167,64.11247803163445,67.02987697715291,48.506151142355016,57.57469244288225,69.3145869947276,48.154657293497365,65.20210896309315,85.23725834797892,70.86115992970123,87.27592267135326,93.53251318101934,84.9560632688928,60.45694200351495,40.73813708260106,73.95430579964851
O=C(O)c1cccc(O)c1,138.122,1.0903999999999998,2,2,4.0,0.6102585058580265,0,57.53,0,0,0,0.053732775,0.5098125,0.76288605,0.04464689,0.022540169,0.1579964,0.022834197,0.027658701,0.01786314,0.108305946,0.0012251951,0.30656967,0.12843564,0.44587907,0.94496554,0.0055472017,0.024726111,0.062141787,0.0026132804,0.027325949,0.082633704,0.0069940584,0.14505129,0.0036348284,0.08044394,0.0065434226,0.011290254,0.023873303,0.011743882,0.43973112,0.030532226,-4.8793097,37.03948,-0.38819808,-19.064774,-11.477935,1.906051,-0.7726295,59.051758,-1.3465346,-1.0458642,7.592267135325132,32.75922671353251,17.10017574692443,61.37082601054482,63.44463971880493,61.37082601054482,22.601054481546576,36.063268892794376,47.59226713532514,25.869947275922677,37.188049209138846,14.340949033391915,33.5676625659051,43.12829525483304,45.659050966608085,27.205623901581724,58.840070298769774,43.33919156414763,21.79261862917399,33.427065026362044,16.449912126537786,19.40246045694201,77.89103690685414,57.57469244288225,52.4780316344464,30.40421792618629,30.333919156414765,48.85764499121266,65.72934973637962,21.47627416520211,61.58172231985941,46.85413005272408,51.77504393673111,19.507908611599294,24.49912126537786,38.69947275922672,42.91739894551846,43.33919156414763,44.71001757469244,32.79437609841828,39.19156414762742,18.383128295254835,53.95430579964851,54.76274165202109,23.90158172231986,2.3550087873462218,59.08611599297013,19.226713532513184,20.14059753954306,35.50087873462215,79.43760984182778,25.13181019332162
CCC(CC)COC1=[N+]([P@@](=O)(Oc2ccccc2)OP(=O)(O)O)[C@H]1C,392.30500000000006,3.548700000000004,5,2,4.0,0.6193332986508907,2,105.3,0,1,3,0.03399696,0.41611466,0.4454515,0.17101479,0.26410335,0.08560888,0.118038535,0.084560566,0.46958047,0.19053856,0.10036955,0.32840535,0.07089589,0.21262327,0.32586855,0.008724751,0.0526434,0.029590493,0.046464648,0.07305823,0.22458982,0.024522174,0.14304093,0.10468805,0.15767232,0.0055528777,0.016242743,0.047953665,0.0155492965,0.46101308,0.41088945,-5.6881638,13.272298,50.058846,2.9988742,-14.100482,2.9611602,1.8675339,88.906746,-1.9263687,0.049548723,63.76098418277681,70.08787346221442,61.880492091388405,61.37082601054482,63.44463971880493,62.81195079086117,69.84182776801407,71.0017574692443,47.59226713532514,66.52021089630932,98.89279437609842,9.068541300527242,26.78383128295255,14.376098418277682,63.12829525483305,71.28295254833041,32.37258347978911,68.04920913884007,43.02284710017575,84.18277680140598,25.69420035149385,58.277680140597546,80.597539543058,40.80843585237259,35.85237258347979,12.72407732864675,43.30404217926187,78.34797891036908,55.36028119507909,62.17926186291741,82.07381370826012,85.83479789103691,70.7908611599297,19.47275922671353,53.42706502636205,55.71177504393673,40.0,50.86115992970124,54.30579964850616,37.11775043936731,41.968365553602816,58.13708260105449,19.75395430579965,29.455184534270654,68.64674868189807,27.205623901581724,40.73813708260106,80.28119507908612,59.57820738137083,67.59226713532514,72.47803163444641,35.39543057996485
CCC(CC)C(OC(=O)[C@H](C)N[P@@](=O)(Oc1ccccc1)OP(=O)(O)O)C(=O)O,453.3210000000001,2.6935,7,4,4.0,0.2710815694524096,3,168.69,0,1,2,0.009954336,0.24634643,0.5940095,0.02866501,0.20933643,0.15153249,0.18324189,0.007989102,0.09545769,0.10365327,0.021480834,0.36539382,0.13969864,0.51785076,0.27294502,0.0038883947,0.03209755,0.0077362256,0.008595829,0.047553483,0.18664369,0.021951381,0.020775069,0.03256625,0.077309415,0.0044605504,0.0058466205,0.004591,0.009793034,0.24754699,0.07735236,-6.2356696,2.6542225,41.797947,12.793949,-18.268835,2.9385552,0.24817613,82.69796,-1.6514177,-1.1467774,76.30931458699473,56.27416520210897,79.85940246045695,86.90685413005274,63.44463971880493,17.188049209138843,76.60808435852373,88.6115992970123,47.59226713532514,66.52021089630932,95.07908611599298,2.776801405975396,15.465729349736382,22.073813708260108,40.87873462214412,66.29173989455185,56.41476274165203,74.41124780316345,11.775043936731109,59.68365553602813,15.992970123022848,41.0896309314587,84.39367311072057,60.24604569420036,56.27416520210897,11.493848857644991,21.968365553602816,59.40246045694201,34.692442882249566,37.78558875219684,74.09490333919157,81.75746924428823,69.59578207381371,10.087873462214413,41.86291739894552,37.46924428822496,36.871704745166966,30.65026362038665,27.732864674868196,29.525483304042183,15.325131810193325,28.752196836555363,10.896309314586995,16.977152899824254,62.98769771528999,45.13181019332162,20.84358523725835,79.33216168717048,33.98945518453427,58.840070298769774,75.53602811950792,24.67486818980668
CC(C)=CCc1ccc(O)cc1,162.232,2.900900000000001,1,1,4.0,0.6627927610966273,0,20.23,0,1,0,0.09343396,0.7230603,0.8017166,0.6388343,0.37320942,0.1923966,0.14885603,0.21229775,0.31758314,0.42372626,0.04682728,0.09755341,0.056591947,0.14996226,0.9997938,0.0073681995,0.016848389,0.10321929,0.07851753,0.2572809,0.3846142,0.033232026,0.8649742,0.0771247,0.3085401,0.020936623,0.11970272,0.5989167,0.06466568,0.78436077,0.34164652,-4.524356,141.31232,96.17649,-0.2747814,-6.1043677,1.7743915,3.1593516,83.813805,-3.175898,1.7833496,11.56414762741652,59.89455184534271,6.854130052724078,36.59050966608085,63.44463971880493,69.10369068541301,22.601054481546576,9.666080843585238,47.59226713532514,66.52021089630932,37.188049209138846,26.01054481546573,50.50966608084359,50.896309314587,85.58875219683657,79.05096660808437,68.18980667838314,71.42355008787347,69.34973637961336,78.06678383128296,48.154657293497365,48.85764499121266,29.244288224956065,34.833040421792624,27.662565905096663,69.24428822495607,38.80492091388401,34.833040421792624,71.49384885764499,71.49384885764499,94.69244288224957,93.56766256590512,74.6572934973638,59.613356766256594,50.08787346221442,71.14235500878735,65.06151142355009,86.57293497363797,91.17750439367312,64.63971880492092,83.58523725834799,54.09490333919157,80.24604569420036,96.90685413005274,88.99824253075572,21.61687170474517,90.72056239015818,12.9701230228471,82.2847100175747,60.105448154657296,48.57644991212654,53.5676625659051
CCC(CC)CC(=O)[C@H](C)N[P@](=O)(O)Oc1ccccc1,313.334,3.5393000000000017,3,2,4.0,0.682003247011245,2,75.63000000000001,0,1,2,0.069719896,0.7677765,0.793853,0.11737386,0.2560532,0.32043427,0.15294528,0.25827396,0.23383546,0.5177485,0.1328824,0.21983138,0.16620603,0.316804,0.99368274,0.010685211,0.023886018,0.029251728,0.043674856,0.037471704,0.1410661,0.07760784,0.8011097,0.31278962,0.1293017,0.006793129,0.042219486,0.110698596,0.023748193,0.55216056,0.5436484,-5.148185,30.630701,48.88436,8.622221,-10.230009,3.2333367,2.4896946,77.101,-2.1848392,2.7279108,44.88576449912127,69.9121265377856,32.653778558875224,61.37082601054482,63.44463971880493,72.16168717047452,69.84182776801407,51.17750439367312,47.59226713532514,66.52021089630932,95.07908611599298,19.15641476274165,54.1652021089631,49.45518453427066,58.34797891036907,70.47451669595783,89.49033391915643,71.66959578207381,73.91915641476275,73.46221441124781,57.99648506151143,62.07381370826011,63.47978910369069,65.02636203866433,44.39367311072056,42.84710017574693,48.927943760984185,47.7328646748682,54.97363796133568,61.15992970123023,69.10369068541301,72.26713532513182,85.16695957820738,51.95079086115994,69.45518453427066,50.61511423550088,43.514938488576455,68.78734622144113,65.5536028119508,45.34270650263621,54.41124780316345,65.20210896309315,38.34797891036907,49.2091388400703,67.94376098418279,37.39894551845343,68.78734622144113,88.89279437609842,70.82601054481547,53.04042179261863,67.80316344463972,60.80843585237259
CCC(CC)COC(=O)[C@@](C)(N[P@@](=O)(Oc1ccccc1)OP(=O)(O)O)C(=O)O,453.3210000000001,2.6951,7,4,4.0,0.2084829729792611,2,168.69,0,2,2,0.021751782,0.44572973,0.5268987,0.153657,0.5679579,0.1843889,0.42974004,0.024925986,0.37577355,0.19778883,0.15299264,0.48249453,0.22461267,0.4696091,0.28040367,0.015810382,0.06525427,0.030776074,0.039149575,0.116439365,0.28708196,0.06688863,0.060787152,0.09788036,0.22790937,0.01437982,0.020294186,0.020911086,0.03129915,0.32138953,0.24325168,-6.1149178,4.451974,45.58628,19.99468,-16.98412,2.9812653,0.5314468,88.67961,-1.7106405,-1.5163718,76.30931458699473,56.344463971880494,79.85940246045695,86.90685413005274,63.44463971880493,12.16168717047452,69.84182776801407,88.6115992970123,47.59226713532514,87.9261862917399,95.07908611599298,5.975395430579965,28.7170474516696,18.453427065026364,61.6871704745167,87.6274165202109,66.46748681898067,87.10017574692444,20.421792618629176,80.73813708260106,26.572934973637963,64.04217926186293,92.79437609841828,72.68892794376099,54.09490333919157,11.70474516695958,60.21089630931459,84.04217926186293,56.13356766256591,59.64850615114237,88.33040421792619,89.701230228471,83.55008787346222,14.797891036906856,52.68892794376099,65.02636203866433,58.48857644991213,55.39543057996485,43.02284710017575,51.45869947275923,24.04217926186292,45.86994727592268,12.372583479789103,19.086115992970125,65.69420035149385,57.78558875219685,25.65905096660809,81.195079086116,39.0158172231986,67.31107205623903,74.83304042179263,21.72231985940246
CCC(CC)COC(=O)C(C)(N[P@](=O)(O)Oc1ccccc1)C(=O)OCC(CC)CC,457.5040000000003,4.472900000000004,6,2,4.0,0.2390891380192487,1,111.16,0,2,2,0.020763706,0.6787394,0.6766535,0.035827048,0.4591981,0.27313086,0.4963151,0.14723746,0.15134819,0.71739477,0.7865453,0.16400819,0.07671283,0.44692722,0.99903756,0.015153426,0.029955247,0.014429416,0.07225521,0.04571846,0.105162755,0.11320015,0.9042764,0.69669545,0.2575583,0.0074504255,0.06741409,0.17860715,0.03237526,0.38528216,0.66650206,-5.1902366,100.12068,128.38908,41.59336,-9.047071,2.559942,3.5985153,97.832726,-3.3796413,11.094313,77.11775043936731,83.47978910369069,72.46045694200352,61.37082601054482,63.44463971880493,14.340949033391915,55.32513181019333,74.30579964850615,47.59226713532514,87.9261862917399,95.07908611599298,5.834797891036907,46.57293497363796,30.26362038664324,43.16344463971881,83.58523725834799,83.65553602811951,89.66608084358525,59.89455184534271,67.59226713532514,83.3743409490334,90.75571177504396,49.87697715289983,42.98769771528999,52.4780316344464,56.66080843585237,59.156414762741655,56.48506151142355,45.061511423550094,69.8066783831283,73.35676625659052,59.367311072056246,89.38488576449913,66.25659050966608,85.23725834797892,67.20562390158173,45.09666080843586,77.96133567662567,72.091388400703,51.9859402460457,31.95079086115993,70.61511423550088,36.27416520210897,88.18980667838314,94.79789103690686,76.62565905096662,76.55536028119509,57.15289982425308,89.94727592267137,84.60456942003516,44.3585237258348,91.66959578207384
CCCC(CC)OC(=O)[C@H](C)N[P@@](=O)(Oc1ccccc1)OP(=O)(O)O,409.31200000000007,3.3828000000000022,6,3,4.0,0.3716347529295119,3,131.39,0,1,2,0.041153,0.5288567,0.6873553,0.32528752,0.56724167,0.353102,0.42523783,0.10272257,0.40685874,0.39999682,0.25067312,0.4856636,0.1789331,0.5486118,0.790785,0.018095741,0.04439759,0.08579656,0.14535022,0.122356534,0.26734778,0.21468678,0.37636322,0.3116726,0.2905409,0.023927337,0.0551656,0.23429067,0.060183756,0.41519117,0.46223307,-5.695216,15.766879,50.759594,5.1516724,-14.123919,2.8713474,1.7335905,86.421165,-1.5714582,0.9328636,67.55711775043937,67.06502636203867,72.46045694200352,78.20738137082601,63.44463971880493,29.525483304042183,76.60808435852373,81.792618629174,47.59226713532514,66.52021089630932,95.07908611599298,11.00175746924429,34.86818980667839,31.810193321616875,74.09490333919157,87.59226713532514,92.51318101933217,86.74868189806679,48.2249560632689,82.00351493848858,46.010544815465735,71.17750439367312,92.9701230228471,66.78383128295255,57.53954305799649,22.14411247803164,63.69068541300528,73.14586994727593,69.42003514938489,81.23022847100177,88.6115992970123,88.8224956063269,94.97363796133568,29.173989455184536,69.3145869947276,69.8066783831283,66.92442882249561,74.2706502636204,75.85237258347979,63.3743409490334,36.239015817223205,60.597539543058005,19.71880492091389,32.09138840070299,69.17398945518454,31.353251318101936,40.52724077328647,75.95782073813709,57.32864674868191,63.47978910369069,76.69595782073814,44.8506151142355
CCC(CC)C1OC(O)[C@H](C)N[P@@](=O)(Oc2ccccc2)OP(=O)(O)O1,409.31200000000007,3.396100000000002,7,3,4.0,0.627862281301791,5,123.55,0,1,2,0.32615075,0.5483656,0.71562415,0.028288897,0.44280013,0.1540929,0.18058884,0.101317085,0.160345,0.44392523,0.28707668,0.2696817,0.14287424,0.50269854,0.78925234,0.018347958,0.036729716,0.042854555,0.13409932,0.052054305,0.18211564,0.09325981,0.46164894,0.387865,0.3050444,0.026157314,0.037169605,0.16829808,0.06227506,0.39900795,0.46410233,-5.7435904,5.8351545,49.06543,-0.86446875,-15.626828,3.2022972,2.0282083,82.79298,-1.6561741,-0.37755576,67.55711775043937,67.38137082601055,79.85940246045695,78.20738137082601,63.44463971880493,64.00702987697716,85.04393673110721,80.0,47.59226713532514,66.52021089630932,95.07908611599298,62.95254833040423,36.41476274165203,35.21968365553603,40.63268892794377,83.09314586994728,57.22319859402461,74.02460456942003,47.838312829525485,68.47100175746925,49.87697715289983,73.28646748681899,72.54833040421794,60.77328646748683,55.81722319859403,22.10896309314587,63.831282952548335,65.72934973637962,60.24604569420036,80.03514938488577,76.16871704745168,81.05448154657294,87.10017574692444,32.37258347978911,73.14586994727593,70.86115992970123,68.18980667838314,66.22144112478033,71.24780316344464,63.93673110720563,33.708260105448154,60.66783831282953,18.453427065026364,20.84358523725835,68.04920913884007,20.52724077328647,31.3884007029877,88.18980667838314,63.09314586994728,58.87521968365554,75.46572934973639,32.12653778558875
CCC(C)COC(=O)C(C)(C)N[P@@](=O)(Oc1ccccc1)OP(=O)(O)O,409.312,3.240300000000002,6,3,4.0,0.3935137024126721,2,131.39,0,1,2,0.020476097,0.47119704,0.67463195,0.1587874,0.4250009,0.28994182,0.284998,0.08146258,0.3095086,0.3424929,0.144618,0.42236906,0.13891359,0.4402787,0.72367156,0.011318951,0.035581723,0.032931667,0.06972732,0.09787096,0.2373975,0.12021339,0.31170422,0.20058885,0.21149711,0.00902109,0.029393774,0.11932428,0.02640768,0.41317016,0.3711747,-5.620374,18.202238,50.40023,4.5504584,-13.784213,2.9132073,1.8293629,88.94294,-1.7874453,0.45206514,67.55711775043937,64.88576449912127,72.46045694200352,78.20738137082601,63.44463971880493,32.337434094903344,69.84182776801407,81.792618629174,47.59226713532514,66.52021089630932,95.07908611599298,5.729349736379614,30.790861159929705,29.912126537785596,62.31985940246047,82.42530755711776,86.1511423550088,80.28119507908612,41.968365553602816,77.57469244288225,41.30052724077329,63.30404217926187,89.03339191564149,60.03514938488577,52.23198594024605,20.210896309314588,50.61511423550088,64.39367311072057,56.66080843585237,69.34973637961336,86.4323374340949,86.60808435852374,89.98242530755712,26.78383128295255,62.24956063268893,62.91739894551846,48.822495606326896,61.652021089630935,66.6432337434095,47.7328646748682,35.85237258347979,55.85237258347979,21.195079086116,34.86818980667839,68.92794376098419,30.298769771529003,42.88224956063269,78.34797891036908,59.0158172231986,67.7328646748682,74.09490333919157,39.54305799648507
CCC(CC)COC(=O)[C@@](C)(N[P@@](=O)(Oc1ccccc1)OP(=O)(O)O)C(C)=O,451.3490000000001,3.1995000000000022,7,3,4.0,0.2456798760644411,2,148.46,0,2,2,0.051620483,0.43767196,0.64630806,0.11170433,0.37345704,0.26593754,0.2751631,0.07148473,0.28393194,0.35841036,0.23343678,0.4083644,0.18876827,0.48391882,0.62979186,0.027532067,0.063321665,0.031259086,0.067316316,0.108458556,0.25355047,0.13091461,0.2284956,0.23465367,0.23418677,0.017523251,0.037030462,0.0563583,0.0492139,0.42972946,0.35728472,-5.6491985,17.173103,56.20163,9.187761,-14.335691,2.9776027,1.9205523,91.49728,-2.013154,0.32050204,75.92267135325133,64.28822495606327,79.85940246045695,78.20738137082601,63.44463971880493,14.797891036906856,69.84182776801407,85.5536028119508,47.59226713532514,87.9261862917399,95.07908611599298,13.637961335676628,28.22495606326889,26.713532513181026,57.39894551845343,79.05096660808437,82.8822495606327,79.89455184534272,38.17223198594025,76.3444639718805,42.31985940246046,70.05272407732865,88.04920913884008,68.50615114235501,54.90333919156415,17.785588752196837,73.60281195079087,83.3743409490334,56.239015817223205,68.92794376098419,87.34622144112478,87.87346221441126,90.82601054481547,23.47978910369069,64.56942003514939,65.62390158172232,62.07381370826011,66.15114235500879,56.344463971880494,60.07029876977153,37.96133567662567,55.11423550087874,20.45694200351494,33.67311072056239,72.89982425307558,38.31282952548331,39.08611599297013,81.0896309314587,60.87873462214412,72.091388400703,70.96660808435853,38.48857644991213
CCC(O)(CC)COC(=O)[C@H](C)N[P@@](=O)(Oc1ccccc1)OP(=O)(O)O,425.3110000000001,2.355200000000001,7,4,4.0,0.3070495611907402,2,151.61999999999998,0,1,2,0.06764044,0.4758123,0.58018386,0.14182946,0.27886134,0.15813756,0.17358609,0.065990075,0.3077759,0.2481964,0.11075791,0.33185014,0.22302577,0.34451845,0.47522926,0.023383785,0.066009685,0.03767107,0.044243395,0.084979795,0.24417034,0.046029136,0.13331614,0.1044117,0.1680669,0.016351499,0.024618166,0.031610955,0.033155974,0.41630954,0.3051923,-5.909373,8.414183,45.705494,1.7069256,-16.420853,2.9445262,1.0935382,75.343735,-1.1353306,0.9158346,71.07205623901582,49.8066783831283,79.85940246045695,86.90685413005274,63.44463971880493,21.01933216168717,69.84182776801407,86.1511423550088,47.59226713532514,66.52021089630932,95.07908611599298,18.488576449912127,31.00175746924429,20.91388400702988,60.66783831282953,72.51318101933217,58.87521968365554,73.49736379613357,35.67662565905097,77.5395430579965,32.196836555360285,59.613356766256594,81.15992970123024,72.65377855887523,46.4323374340949,15.254833040421794,69.94727592267137,84.42882249560634,58.34797891036907,61.47627416520211,84.32337434094904,87.34622144112478,78.87521968365554,18.910369068541304,53.35676625659051,57.50439367311073,60.913884007029885,58.69947275922672,48.2249560632689,52.40773286467487,36.30931458699473,50.75571177504394,15.782073813708262,23.690685413005276,65.76449912126539,24.9560632688928,27.6274165202109,79.54305799648508,46.85413005272408,51.45869947275923,81.96836555360282,44.56942003514939
CCC(CC)COC(=O)[C@](C)(O)N[P@@](=O)(Oc1ccccc1)OP(=O)(O)O,425.3110000000001,2.5603000000000007,7,4,4.0,0.2364174513593647,2,151.61999999999998,0,2,3,0.056993805,0.60758036,0.6176282,0.24058405,0.41243845,0.2290866,0.23547323,0.10473897,0.4955818,0.32575297,0.17177263,0.40320235,0.23489109,0.374587,0.6023008,0.017248427,0.059462696,0.059959494,0.08375416,0.09689479,0.25956303,0.0904706,0.24737349,0.20630303,0.22713427,0.015914783,0.036203783,0.10383817,0.044098973,0.44925705,0.44263262,-5.829293,16.265524,51.54142,8.804696,-15.3149,2.8440177,1.6673257,87.42326,-1.610706,0.4019863,71.07205623901582,53.53251318101934,79.85940246045695,86.90685413005274,63.44463971880493,14.024604569420037,69.84182776801407,86.1511423550088,47.59226713532514,87.9261862917399,98.89279437609842,15.395430579964852,40.73813708260106,24.11247803163445,68.8224956063269,81.6871704745167,75.71177504393674,77.71528998242532,48.61159929701231,85.0615114235501,39.85940246045695,65.5536028119508,87.80316344463972,73.46221441124781,48.26010544815466,17.223198594024606,62.31985940246047,81.72231985940246,65.27240773286468,72.47803163444641,86.25659050966608,88.29525483304043,86.74868189806679,24.14762741652021,62.67135325131811,64.88576449912127,60.421792618629176,65.3427065026362,65.02636203866433,57.96133567662567,40.24604569420036,59.96485061511424,16.977152899824254,32.68892794376099,69.84182776801407,37.750439367311074,33.46221441124781,74.58699472759227,56.06326889279438,65.13181019332163,76.16871704745168,39.0158172231986
CC(C)C(C)COC(=O)[C@H](C)N[P@@](=O)(Oc1ccccc1)OP(=O)(O)O,409.31200000000007,3.0962000000000014,6,3,4.0,0.3938964924902337,3,131.39,0,1,2,0.04910955,0.5819381,0.66527635,0.28244656,0.4314882,0.2537004,0.2672622,0.12298211,0.46285266,0.35362828,0.16768058,0.43370086,0.20325592,0.3815996,0.709997,0.013871433,0.04064958,0.054062653,0.08443314,0.104865335,0.2550765,0.09397207,0.32895795,0.2082912,0.22972587,0.0138451485,0.035664536,0.1185926,0.034871683,0.47863674,0.45564312,-5.6916933,13.788968,50.309994,6.93631,-13.989985,2.878858,1.7927902,87.65759,-1.6833454,0.9466295,67.55711775043937,62.601054481546576,72.46045694200352,78.20738137082601,63.44463971880493,32.37258347978911,76.60808435852373,81.792618629174,47.59226713532514,66.52021089630932,95.07908611599298,13.005272407732866,39.12126537785589,28.54130052724077,71.56414762741653,82.56590509666081,80.52724077328648,79.68365553602813,53.81370826010545,83.90158172231986,41.968365553602816,65.20210896309315,89.77152899824254,70.33391915641477,48.7170474516696,19.929701230228478,56.44991212653779,69.66608084358525,63.831282952548335,72.58347978910369,87.10017574692444,87.97891036906854,87.20562390158173,27.205623901581724,62.95254833040423,65.30755711775045,57.85588752196837,65.09666080843586,66.57293497363797,53.145869947275926,44.11247803163445,60.38664323374341,19.75395430579965,29.94727592267136,68.78734622144113,34.481546572934974,41.40597539543058,76.4499121265378,58.34797891036907,65.62390158172232,75.1493848857645,44.9560632688928
CCC(CC)[C@](C)(N[P@@](=O)(Oc1ccccc1)OP(=O)(O)O)C(=O)OC,409.3120000000001,3.240300000000003,6,3,4.0,0.393513702412672,2,131.39,0,1,2,0.059043664,0.43312716,0.68586266,0.05191359,0.4698481,0.31921476,0.36806244,0.0639077,0.1911026,0.3834924,0.2226905,0.4111309,0.16657095,0.5463402,0.7447743,0.02600869,0.049109146,0.034024157,0.07049464,0.09500046,0.2114977,0.16531923,0.2813892,0.22589183,0.2162801,0.018269958,0.03781868,0.074076615,0.04503232,0.41136748,0.3492566,-5.6766305,18.184252,51.124413,1.718737,-14.131895,2.9117355,1.6810299,87.80282,-1.832505,0.21461734,67.55711775043937,64.88576449912127,72.46045694200352,78.20738137082601,63.44463971880493,32.337434094903344,69.84182776801407,81.792618629174,47.59226713532514,66.52021089630932,95.07908611599298,16.028119507908613,28.08435852372584,31.634446397188054,47.27592267135326,84.00702987697716,89.3145869947276,84.56942003514939,34.90333919156415,70.82601054481547,44.60456942003516,69.20913884007031,88.2249560632689,65.16695957820738,57.53954305799649,20.808435852372583,72.19683655536029,76.02811950790861,56.94200351493849,69.42003514938489,86.0456942003515,84.74516695957821,92.89982425307558,25.62390158172232,63.93673110720563,63.65553602811951,62.91739894551846,66.74868189806679,60.03514938488577,58.34797891036907,35.571177504393674,54.55184534270651,19.96485061511424,34.86818980667839,69.49033391915643,24.9560632688928,40.49209138840071,78.31282952548331,56.41476274165203,65.83479789103691,73.25131810193322,37.3286467486819
CCC(CC)C(C)OC(=O)CN[P@@](=O)(Oc1ccccc1)OP(=O)(O)O,409.312,3.240300000000002,6,3,4.0,0.3721723445993769,2,131.39,0,1,2,0.039423507,0.5926418,0.6914316,0.16980445,0.4589232,0.2784563,0.2803387,0.098305956,0.45125103,0.3370271,0.17479694,0.46151018,0.1882195,0.42432076,0.73420256,0.011473688,0.036397286,0.035156954,0.059036233,0.073327735,0.23290527,0.10354908,0.31801543,0.21747895,0.19368933,0.0100184865,0.02660887,0.08263562,0.025500959,0.480182,0.438013,-5.7181497,14.486623,48.590015,10.436781,-13.742518,2.7817395,1.5686262,87.38726,-1.5874577,1.217994,67.55711775043937,64.88576449912127,72.46045694200352,78.20738137082601,63.44463971880493,29.701230228471005,69.84182776801407,81.792618629174,47.59226713532514,66.52021089630932,95.07908611599298,10.474516695957822,39.57820738137083,32.23198594024605,63.02284710017575,83.55008787346222,84.32337434094904,80.1054481546573,47.31107205623902,83.62038664323376,40.702987697715294,65.62390158172232,91.70474516695958,68.36555360281196,51.24780316344464,20.38664323374341,50.86115992970124,65.30755711775045,57.36379613356767,66.88927943760984,82.14411247803164,86.29173989455185,88.33040421792619,26.85413005272408,63.44463971880493,60.77328646748683,51.07205623901582,60.140597539543066,61.75746924428823,46.88927943760984,44.3585237258348,59.789103690685415,19.05096660808436,30.790861159929705,67.6274165202109,40.94903339191565,43.16344463971881,70.61511423550088,54.62214411247804,65.02636203866433,76.4499121265378,48.33040421792619
CCC(CO)CC(CC)(CC)CO,188.31099999999995,2.1937,2,2,4.0,0.6427160329075052,1,40.46,0,0,0,0.034062333,0.87290066,0.8131989,0.0044809906,0.005561018,0.08804834,0.0019277188,0.38811603,0.019806428,0.19280735,0.00088286755,0.15276687,0.019584427,0.032846667,0.9976862,0.0024041818,0.009927021,0.0005671918,0.0007101897,0.003640686,0.031461753,0.0006398104,0.86918116,0.003729465,0.011732315,0.00014883715,0.0022346654,0.00091484346,0.00047923328,0.8099898,0.09970936,-4.0859556,104.873,41.35679,45.265343,-6.2433953,1.5864753,1.0796721,33.0096,-1.3736217,10.263107,16.063268892794376,47.38137082601055,17.10017574692443,61.37082601054482,63.44463971880493,65.76449912126539,55.32513181019333,23.02284710017575,47.59226713532514,25.869947275922677,37.188049209138846,9.068541300527242,64.74516695957821,53.42706502636205,23.690685413005276,9.560632688927944,33.25131810193322,13.462214411247803,81.792618629174,34.76274165202109,25.90509666080844,17.363796133567664,46.57293497363796,12.65377855887522,6.854130052724078,49.45518453427066,14.340949033391915,17.891036906854133,6.854130052724078,7.978910369068542,12.899824253075572,7.135325131810194,14.586994727592268,59.85940246045695,24.850615114235502,4.499121265377856,3.4094903339191567,15.641476274165203,12.16168717047452,3.1282952548330405,85.90509666080844,31.669595782073817,97.08260105448156,89.45518453427066,62.67135325131811,79.0158172231986,90.26362038664324,7.170474516695959,46.643233743409496,16.731107205623903,79.0158172231986,90.6854130052724
CCC(CC)(COC(=O)[C@H](C)N[P@@](=O)(Oc1ccccc1)OP(=O)(O)O)C(=O)O,453.3210000000001,2.6951,7,4,4.0,0.2710824105135386,2,168.69,0,1,2,0.046259146,0.3257038,0.51689905,0.03645935,0.20237383,0.13236453,0.16580059,0.018657539,0.14524198,0.15746723,0.03829405,0.34831458,0.21556571,0.41158476,0.24058859,0.0178972,0.05576632,0.015211185,0.014742764,0.061235808,0.20588616,0.028919214,0.02727952,0.040834993,0.11865761,0.011498256,0.013776851,0.0046425792,0.023140956,0.33170414,0.12028627,-6.079106,16.576054,54.275444,-8.085315,-17.795055,2.9121468,0.83274156,81.45506,-1.5676062,-0.5066153,76.30931458699473,56.344463971880494,79.85940246045695,86.90685413005274,63.44463971880493,17.188049209138843,69.84182776801407,88.6115992970123,47.59226713532514,66.52021089630932,95.07908611599298,12.442882249560634,20.808435852372583,17.961335676625662,43.33919156414763,65.23725834797892,50.36906854130053,73.04042179261863,17.152899824253076,66.85413005272409,22.42530755711775,46.78383128295256,83.02284710017575,71.70474516695958,50.298769771529,10.86115992970123,63.40949033391916,80.17574692442884,45.79964850615114,46.0456942003515,79.54305799648508,84.14762741652022,73.00527240773287,11.07205623901582,44.04217926186292,48.64674868189808,54.44639718804921,47.41652021089632,27.838312829525485,44.88576449912127,25.166959578207383,33.53251318101933,12.759226713532517,33.145869947275926,71.66959578207381,9.771528998242532,22.63620386643234,78.34797891036908,43.30404217926187,57.46924428822496,76.76625659050967,30.615114235500883
CC(C)=CCc1cccc(O)c1,162.232,2.900900000000002,1,1,4.0,0.6627927610966273,0,20.23,0,1,0,0.07663578,0.85707724,0.82001144,0.76460004,0.5128985,0.17981258,0.18668158,0.2514128,0.42718214,0.41094607,0.05721218,0.09807243,0.052074336,0.14375922,0.9999527,0.0036733989,0.011805547,0.09562833,0.06514059,0.12436174,0.25857297,0.016807083,0.9220498,0.07356032,0.20144598,0.009269131,0.08538499,0.47019702,0.028463278,0.7893905,0.3899928,-4.501107,143.57243,98.01545,-2.8537428,-6.1301355,1.7855953,3.1626003,83.63472,-3.1610456,1.2219014,11.56414762741652,59.89455184534271,6.854130052724078,36.59050966608085,63.44463971880493,69.10369068541301,22.601054481546576,9.666080843585238,47.59226713532514,66.52021089630932,37.188049209138846,21.65202108963093,62.91739894551846,55.2548330404218,89.63093145869948,85.86994727592268,65.20210896309315,74.58699472759227,73.0755711775044,82.91739894551846,47.38137082601055,51.52899824253076,29.560632688927942,33.00527240773287,26.39718804920914,80.45694200351494,21.0896309314587,22.74165202108963,70.68541300527241,68.50615114235501,88.78734622144113,88.26010544815466,65.58875219683657,70.01757469244289,49.66608084358524,61.792618629174,49.59578207381372,81.23022847100177,86.6432337434095,49.34973637961336,84.04217926186293,57.15289982425308,81.75746924428823,97.0474516695958,89.52548330404218,17.504393673110723,90.65026362038664,13.391915641476276,82.2847100175747,60.00000000000001,49.13884007029878,48.36555360281196
CCC(O)(CC)COC(O)[C@H](C)N[P@@](=O)(Oc1ccccc1)OP(=O)(O)O,427.3270000000001,2.147000000000001,7,5,4.0,0.24747207995179,3,154.77999999999997,0,2,3,0.041710407,0.398061,0.54665685,0.101666704,0.25181642,0.08991231,0.13924506,0.062519565,0.2769222,0.18376756,0.093878664,0.2332693,0.13363095,0.2918643,0.43820247,0.012768937,0.063036926,0.030579526,0.034763467,0.06127771,0.22361489,0.02989084,0.10370971,0.10022862,0.11209583,0.007305325,0.011106065,0.026952956,0.014583595,0.3691387,0.3047078,-6.090617,8.701202,45.965893,3.9532952,-18.396215,2.8600318,1.1341941,72.89458,-1.1975551,1.7617366,71.52899824253076,46.81898066783832,79.85940246045695,91.493848857645,63.44463971880493,14.973637961335678,76.60808435852373,86.50263620386644,47.59226713532514,87.9261862917399,98.89279437609842,11.107205623901583,25.51845342706503,19.543057996485064,55.85237258347979,70.05272407732865,34.024604569420035,70.72056239015818,34.44639718804921,76.13356766256591,25.096660808435853,57.188049209138846,65.94024604569421,58.94551845342707,42.53075571177505,14.692442882249562,53.95430579964851,83.30404217926187,55.92267135325133,57.96133567662567,79.54305799648508,85.76449912126539,73.49736379613357,17.504393673110723,53.00527240773287,47.34622144112478,44.88576449912127,42.98769771528999,46.115992970123024,35.85237258347979,30.123022847100177,50.61511423550088,12.618629173989456,24.04217926186292,65.97539543057997,29.138840070298773,20.562390158172235,75.43057996485062,47.5219683655536,48.822495606326896,81.37082601054482,53.39191564147628
CCC(CC)c1ccc(O[P@](=O)(N[C@@H](C)C(=O)OC)OP(=O)(O)O)cc1,409.31200000000007,3.337500000000003,6,3,4.0,0.3931482029713531,2,131.39,0,1,2,0.08350113,0.40240473,0.6341324,0.24597888,0.51577926,0.2898184,0.38383597,0.10291342,0.40132087,0.4265737,0.28805086,0.43857044,0.20197828,0.51378524,0.6567456,0.03151674,0.05721861,0.08156773,0.18067633,0.15885998,0.26770848,0.20835027,0.2931844,0.24584523,0.33511603,0.041243054,0.08334365,0.2184287,0.10769663,0.4287259,0.45059484,-5.842696,4.0203075,40.584213,18.039509,-15.596804,2.966367,1.4592474,86.210754,-1.8207588,0.3950544,67.55711775043937,66.4323374340949,72.46045694200352,78.20738137082601,63.44463971880493,32.337434094903344,69.84182776801407,81.792618629174,47.59226713532514,66.52021089630932,95.07908611599298,23.58523725834798,25.799648506151144,25.51845342706503,69.10369068541301,85.90509666080844,86.1511423550088,85.16695957820738,48.2249560632689,81.792618629174,48.471001757469246,73.32161687170475,89.98242530755712,70.29876977152901,56.239015817223205,18.629173989455182,76.06326889279438,80.91388400702988,68.92794376098419,84.53427065026362,91.59929701230227,88.8224956063269,94.83304042179265,26.15114235500879,65.30755711775045,73.11072056239017,74.37609841827769,80.91388400702988,74.97363796133568,74.41124780316345,37.750439367311074,60.31634446397189,16.695957820738137,18.629173989455182,62.14411247803164,54.97363796133568,31.493848857644995,80.56239015817224,52.79437609841828,63.12829525483305,73.39191564147627,39.0158172231986
CCC(CC)COC(O)[C@H](C)N[P@@]1(=O)Oc2ccc(cc2)OP(=O)(O)O1,409.31200000000007,3.432200000000002,7,3,4.0,0.4375013312128614,4,123.55,0,2,2,0.059740983,0.51735055,0.826111,0.07204988,0.2638708,0.2512614,0.18173695,0.15970543,0.20232466,0.3619356,0.15209413,0.24659152,0.19378665,0.4803318,0.9201561,0.011108729,0.05186851,0.0338613,0.044956848,0.031846054,0.16113254,0.058946453,0.47208467,0.2674405,0.12803765,0.008515014,0.016530422,0.091798976,0.023441175,0.32476985,0.38093978,-5.5650673,16.199198,45.21075,15.250325,-13.486328,2.8840382,2.1304505,88.573235,-2.188805,3.084884,67.55711775043937,67.97891036906854,79.85940246045695,78.20738137082601,63.44463971880493,38.03163444639719,81.28295254833041,80.0,47.59226713532514,87.9261862917399,95.07908611599298,16.2390158172232,33.98945518453427,56.97715289982426,51.03690685413006,71.28295254833041,80.14059753954307,74.20035149384887,62.24956063268893,71.42355008787347,42.56590509666081,63.8664323374341,67.90861159929702,69.20913884007031,54.79789103690686,27.87346221441125,50.08787346221442,77.99648506151144,56.90685413005273,61.72231985940247,65.27240773286468,77.64499121265379,82.03866432337435,32.86467486818981,66.88927943760984,50.333919156414765,47.48681898066784,51.14235500878735,63.12829525483305,45.061511423550094,24.3585237258348,56.555360281195085,22.35500878734622,32.61862917398946,65.48330404217927,49.45518453427066,44.63971880492092,76.69595782073814,64.63971880492092,67.10017574692444,67.80316344463972,63.33919156414763
CCC(C)COC(=O)[C@H](C)N[P@@](=O)(Oc1ccccc1)OP(=O)(O)O,395.285,2.850200000000001,6,3,4.0,0.4040713090809401,3,131.39,0,1,2,0.050655227,0.5865289,0.65459746,0.26808834,0.422265,0.26755518,0.26966065,0.1060818,0.43617368,0.3335703,0.15969364,0.45136547,0.22109246,0.41418225,0.68812066,0.017433561,0.04581176,0.06347336,0.08570433,0.100680985,0.2517434,0.10227458,0.2813095,0.18955234,0.23398063,0.017740812,0.039776493,0.11107347,0.0448102,0.44477224,0.41474715,-5.687595,12.704857,47.68914,4.0424595,-14.138258,2.936587,1.6707407,85.700264,-1.5528014,0.44189954,64.60456942003516,59.08611599297013,72.46045694200352,78.20738137082601,63.44463971880493,33.391915641476274,76.60808435852373,81.792618629174,47.59226713532514,66.52021089630932,95.07908611599298,13.462214411247803,39.26186291739895,27.416520210896312,70.93145869947277,82.31985940246047,83.09314586994728,79.78910369068542,48.99824253075572,83.16344463971882,40.38664323374341,64.53427065026362,90.896309314587,72.33743409490334,50.474516695957824,19.33216168717048,62.53075571177505,74.0597539543058,66.08084358523726,72.86467486818981,86.74868189806679,87.80316344463972,88.2249560632689,25.62390158172232,61.47627416520211,65.58875219683657,62.21441124780317,67.7328646748682,65.58875219683657,58.24253075571178,39.75395430579965,58.34797891036907,19.789103690685412,28.78734622144113,66.95957820738138,29.279437609841832,40.421792618629176,79.26186291739896,56.13356766256591,62.284710017574696,76.90685413005274,39.40246045694201
CCC(CC)COC(=O)[C@H](C)N[P@@](=O)(Oc1ccccc1)OP(=O)(O)OP(=O)(O)O,489.2910000000001,3.3573000000000026,8,4,4.0,0.2349178250724458,3,177.92,0,1,3,0.03824079,0.5460521,0.4700052,0.21672364,0.46373862,0.15459177,0.287398,0.046896737,0.62497437,0.22221705,0.18443267,0.434326,0.20645626,0.33639827,0.35372132,0.011522105,0.04759417,0.045055415,0.08256159,0.10313593,0.28325826,0.059986137,0.091087155,0.14999464,0.23816343,0.010823199,0.03049913,0.06316861,0.04062159,0.38140327,0.38940918,-6.173361,1.3550999,58.684685,34.263336,-18.410517,2.8682902,1.1523821,86.48098,-1.2025031,-1.4820344,81.15992970123024,66.57293497363797,84.51669595782074,86.90685413005274,63.44463971880493,13.884007029876978,76.60808435852373,89.77152899824254,47.59226713532514,66.52021089630932,98.89279437609842,10.158172231985942,36.344463971880494,15.430579964850615,66.92442882249561,83.76098418277681,57.50439367311073,80.35149384885766,29.244288224956065,88.11950790861161,29.490333919156416,66.46748681898067,89.77152899824254,70.72056239015818,45.79964850615114,13.145869947275925,51.00175746924429,75.2548330404218,60.913884007029885,72.30228471001759,86.95957820738138,89.56063268892795,82.35500878734622,16.94200351493849,58.13708260105449,65.90509666080844,53.0755711775044,62.601054481546576,58.24253075571178,56.37961335676626,31.52899824253076,57.15289982425308,11.458699472759228,16.063268892794376,74.0597539543058,71.70474516695958,20.492091388400706,75.81722319859404,47.6274165202109,63.514938488576455,81.37082601054482,22.073813708260108
CCC(CC)COC(=O)[C@H](C)N[P@@](=O)(Oc1ccccc1C(=O)O)OP(=O)(O)O,453.32100000000014,2.938500000000001,7,4,4.0,0.2710772015669083,2,168.68999999999997,0,1,2,0.0344737,0.3508131,0.44413796,0.113268755,0.3635866,0.09821136,0.25046438,0.015877094,0.3245041,0.123653196,0.052154202,0.42434257,0.27436644,0.3930916,0.14263728,0.008229273,0.053724747,0.036706734,0.024586905,0.094777256,0.2420446,0.022205751,0.02559032,0.041165583,0.15683481,0.010147585,0.01356229,0.015691886,0.023990195,0.29566675,0.17758088,-6.161891,4.8166857,47.8748,16.895931,-17.68166,2.9833605,0.4192337,86.051765,-1.9314026,-1.0758579,76.30931458699473,60.35149384885765,79.85940246045695,86.90685413005274,63.44463971880493,17.188049209138843,69.84182776801407,88.6115992970123,47.59226713532514,66.52021089630932,95.07908611599298,9.138840070298771,22.24956063268893,14.305799648506152,57.53954305799649,78.59402460456943,36.73110720562391,78.66432337434095,15.53602811950791,78.4182776801406,18.699472759226715,50.4042179261863,89.3145869947276,77.08260105448156,49.27943760984184,8.998242530755713,41.72231985940246,78.91036906854131,57.99648506151143,53.18101933216169,86.0456942003515,87.2407732864675,69.73637961335677,11.00175746924429,44.18277680140598,55.64147627416521,51.3884007029877,46.924428822495614,39.96485061511424,45.48330404217926,20.667838312829527,40.105448154657296,11.528998242530756,19.47275922671353,67.20562390158173,52.65377855887522,23.19859402460457,81.26537785588754,36.977152899824254,62.7768014059754,72.44288224956064,24.9560632688928
CCCCOC(=O)[C@H](C)N[P@@](=O)(Oc1ccccc1CC)OP(=O)(O)O,409.3120000000001,3.1666000000000025,6,3,4.0,0.2863875120402025,2,131.39,0,2,2,0.053910624,0.54490334,0.6905446,0.38986534,0.52630603,0.3373799,0.3772716,0.13294446,0.434326,0.43479484,0.26227862,0.4600997,0.19972268,0.52893484,0.77074903,0.024932368,0.05000291,0.10457251,0.16322199,0.12292743,0.25006565,0.20331554,0.41425103,0.29478556,0.3193091,0.029501623,0.062221505,0.24105215,0.078553006,0.43633336,0.48681593,-5.714756,17.24605,52.347767,2.8526723,-14.358515,2.8756356,1.7756975,87.342094,-1.6500986,0.12626056,67.55711775043937,63.69068541300528,72.46045694200352,78.20738137082601,63.44463971880493,18.453427065026364,69.84182776801407,81.792618629174,47.59226713532514,87.9261862917399,95.07908611599298,14.376098418277682,36.27416520210897,32.196836555360285,76.66080843585237,86.22144112478033,91.35325131810194,85.02636203866433,57.08260105448155,83.05799648506152,49.06854130052725,71.77504393673111,91.493848857645,69.9121265377856,56.80140597539543,21.82776801405976,71.56414762741653,76.59050966608085,71.70474516695958,83.12829525483305,88.64674868189807,87.69771528998243,94.62214411247804,30.509666080843587,68.47100175746925,71.9859402460457,69.66608084358525,76.59050966608085,76.2390158172232,68.64674868189807,38.73462214411248,62.03866432337435,19.15641476274165,33.77855887521969,70.33391915641477,26.818980667838314,38.94551845342707,76.16871704745168,58.101933216168725,65.02636203866433,75.53602811950792,36.37961335676626
CCC(CC)c1cccc(O[P@@](=O)(O)N[C@@H](C)C(=O)OC)c1,329.3330000000001,3.2205000000000013,4,2,4.0,0.56254882494575,2,84.86,0,1,2,0.1127068,0.6360666,0.8004981,0.29055154,0.59121025,0.35814708,0.4279686,0.2806457,0.31881115,0.6086552,0.5195842,0.25647992,0.16287868,0.4953907,0.9960043,0.018781275,0.03441545,0.09855303,0.1601485,0.07355755,0.16785932,0.13658808,0.858292,0.4576977,0.26929197,0.02687798,0.08167343,0.30705753,0.06594465,0.43818378,0.603681,-5.21796,21.463734,42.893005,8.879466,-11.0642395,3.2400188,2.3870637,82.36772,-2.3575428,3.4276817,48.99824253075572,64.67486818980669,48.55887521968366,61.37082601054482,63.44463971880493,55.28998242530757,69.84182776801407,57.9261862917399,47.59226713532514,66.52021089630932,95.07908611599298,30.36906854130053,43.16344463971881,50.650263620386646,72.091388400703,88.33040421792619,92.79437609841828,87.06502636203867,75.57117750439367,78.17223198594026,68.7170474516696,83.33919156414764,69.94727592267137,64.18277680140598,55.36028119507909,46.18629173989456,64.28822495606327,62.601054481546576,70.96660808435853,82.91739894551846,82.14411247803164,78.94551845342707,91.24780316344464,58.48857644991213,76.09841827768015,68.29525483304043,68.43585237258348,80.73813708260106,79.40246045694201,64.92091388400704,38.98066783831283,67.59226713532514,34.90333919156415,39.36731107205624,64.04217926186293,37.85588752196837,62.03866432337435,89.03339191564149,68.64674868189807,58.34797891036907,64.67486818980669,65.5536028119508
CCC(CC)(CC)COC(=O)[C@H](C)N[P@@](=O)(Oc1ccccc1)OP(=O)(O)O,437.3660000000001,4.020500000000005,6,3,4.0,0.3276088740482372,2,131.39,0,1,2,0.057338543,0.5883853,0.559464,0.24691579,0.3201422,0.16829294,0.18066409,0.14613199,0.5807358,0.36249366,0.20926058,0.3664852,0.22431783,0.2514983,0.55622005,0.01948578,0.05310599,0.038063172,0.07169088,0.11055074,0.2776274,0.0706258,0.31814203,0.22729878,0.21784553,0.011315495,0.035607595,0.07335369,0.03264991,0.573299,0.5355374,-5.676287,16.089806,58.498634,21.17918,-14.250689,2.9136167,2.0085552,88.07438,-1.669549,3.3114662,73.49736379613357,77.50439367311073,72.46045694200352,78.20738137082601,63.44463971880493,23.79613356766257,69.84182776801407,81.792618629174,47.59226713532514,66.52021089630932,95.07908611599298,15.465729349736382,39.33216168717048,20.210896309314588,69.17398945518454,75.43057996485062,62.108963093145874,74.02460456942003,59.75395430579965,87.38137082601055,42.601054481546576,68.43585237258348,84.49912126537787,72.68892794376099,39.5079086115993,16.485061511423552,65.20210896309315,78.6291739894552,58.52372583479789,69.77152899824253,87.59226713532514,89.27943760984184,84.25307557117752,26.85413005272408,64.18277680140598,63.8664323374341,54.02460456942004,65.06151142355009,59.89455184534271,52.09138840070299,56.66080843585237,64.78031634446398,19.96485061511424,32.54833040421793,74.02460456942003,59.54305799648507,39.613356766256594,78.34797891036908,62.636203866432346,66.36203866432338,75.32513181019333,65.02636203866433
CCN[P@@](=O)(Oc1ccccc1)OP(=O)(O)O,281.141,1.8923,4,3,4.0,0.6835477655162883,1,105.09,0,1,2,0.027342096,0.7124197,0.7575186,0.14081702,0.24886367,0.28889567,0.12166593,0.06642647,0.16688028,0.1804873,0.010475959,0.42920047,0.1595187,0.46066037,0.82327825,0.0056865206,0.02635451,0.050382234,0.017946934,0.031367227,0.15079045,0.033999376,0.20990925,0.05187133,0.0946461,0.0056844605,0.010578418,0.042671837,0.012923887,0.33500516,0.15231761,-5.725306,-0.3665344,22.123772,3.3704445,-14.122618,3.0254958,0.70302653,70.28658,-1.0961344,-0.8664913,35.04393673110721,42.88224956063269,48.55887521968366,78.20738137082601,63.44463971880493,72.51318101933217,55.32513181019333,70.96660808435853,47.59226713532514,66.52021089630932,95.07908611599298,7.240773286467488,49.49033391915642,42.07381370826011,60.63268892794377,69.84182776801407,86.01054481546574,68.47100175746925,35.746924428822496,69.20913884007031,24.710017574692444,34.93848857644991,89.49033391915643,63.79613356766257,53.32161687170475,23.19859402460457,31.07205623901582,50.966608084358526,62.67135325131811,48.61159929701231,64.92091388400704,74.79789103690686,75.00878734622145,22.601054481546576,46.18629173989456,42.63620386643234,40.35149384885765,42.31985940246046,52.4780316344464,34.30579964850615,25.342706502636204,37.71528998242531,18.875219683655537,15.008787346221444,46.78383128295256,28.049209138840077,40.52724077328647,83.05799648506152,41.47627416520211,46.25659050966608,82.35500878734622,26.959578207381373
CCCCOC(=O)[C@](C)(CC)N[P@](=O)(O)Oc1ccccc1,329.333,3.267400000000001,4,2,4.0,0.4108116270407256,2,84.86,0,2,2,0.093484536,0.8178358,0.7996802,0.10229762,0.510637,0.3088636,0.3349911,0.16200502,0.055281382,0.5719166,0.3666862,0.13159676,0.068672165,0.5114128,0.9994761,0.011010703,0.032964326,0.050730776,0.0635111,0.029460847,0.11784464,0.057612937,0.9118171,0.35925618,0.14608195,0.012510237,0.042423554,0.13562289,0.022199798,0.42768615,0.37359175,-4.9013886,74.43199,77.37312,1.5337589,-9.358,2.8622956,2.8585565,83.33174,-2.5026817,2.9098833,48.99824253075572,65.48330404217927,48.55887521968366,61.37082601054482,63.44463971880493,34.376098418277685,69.84182776801407,57.9261862917399,47.59226713532514,87.9261862917399,95.07908611599298,26.01054481546573,59.19156414762743,50.54481546572936,55.95782073813709,85.79964850615114,88.36555360281196,82.63620386643234,62.81195079086117,50.57996485061512,63.79613356766257,77.4340949033392,40.597539543058,40.07029876977153,56.09841827768015,61.40597539543059,49.98242530755712,60.52724077328647,62.7768014059754,68.36555360281196,63.05799648506152,65.37785588752197,81.82776801405976,67.90861159929702,71.70474516695958,53.70826010544816,56.06326889279438,68.89279437609842,68.2249560632689,44.32337434094904,37.609841827768015,55.95782073813709,52.72407732864675,76.97715289982426,83.2688927943761,24.850615114235502,74.72759226713534,75.60632688927944,77.08260105448156,59.472759226713535,61.546572934973646,62.21441124780317
CCC(CC)CC(CC)(CC)CO,186.339,3.611400000000003,1,1,4.0,0.6436886282053095,0,20.23,0,0,0,0.018809179,0.9531442,0.7874429,0.057083588,0.039998088,0.1109213,0.011621122,0.55062604,0.10148935,0.32637912,0.003970111,0.14098155,0.02767917,0.038458597,0.9996568,0.0014984489,0.0078944005,0.0010649747,0.0021625897,0.0057078484,0.03383169,0.0014224353,0.972384,0.017816838,0.016938038,0.00019103986,0.004720713,0.00570709,0.0005563091,0.8413639,0.28499013,-4.1517677,144.21895,92.061966,64.95188,-2.2436223,1.4548404,2.3911107,62.484447,-3.3950756,13.902478,15.711775043936733,71.14235500878735,6.854130052724078,36.59050966608085,63.44463971880493,65.83479789103691,22.601054481546576,9.666080843585238,47.59226713532514,25.869947275922677,37.188049209138846,5.30755711775044,79.12126537785589,48.189806678383135,48.36555360281196,36.80140597539543,40.91388400702988,34.16520210896309,89.27943760984184,60.56239015817224,39.89455184534271,27.697715289982423,43.40949033391916,17.539543057996486,7.732864674868191,65.3427065026362,8.787346221441126,13.075571177504395,9.244288224956064,19.507908611599294,21.15992970123023,8.681898066783832,23.2688927943761,88.89279437609842,37.46924428822496,7.803163444639719,4.2179261862917405,26.889279437609844,30.08787346221441,3.655536028119508,88.8224956063269,49.38488576449912,96.30931458699472,97.18804920913884,88.18980667838314,87.69771528998243,96.94200351493848,4.463971880492092,68.75219683655537,38.48857644991213,44.25307557117751,95.2548330404218
CCCCOC(=O)[C@H](CCC)N[P@@](=O)(Oc1ccccc1)OP(=O)(O)O,409.312,3.384400000000002,6,3,4.0,0.2699653671194544,2,131.39,0,2,2,0.057029683,0.55222005,0.7120757,0.32799166,0.5171114,0.37601453,0.39133698,0.11263309,0.32308167,0.39979467,0.22998974,0.45596176,0.21687579,0.59266865,0.7895179,0.023849826,0.054686952,0.11229136,0.13542227,0.122871995,0.26734528,0.21508172,0.37699047,0.29865646,0.28209287,0.034549713,0.052752383,0.19777516,0.06995965,0.41459233,0.42498884,-5.6991215,20.98026,53.744843,-0.086710736,-14.261149,2.8330705,1.7831196,87.67163,-1.7663715,0.6067212,67.55711775043937,67.17047451669596,72.46045694200352,78.20738137082601,63.44463971880493,17.152899824253076,69.84182776801407,81.792618629174,47.59226713532514,87.9261862917399,95.07908611599298,15.395430579964852,36.871704745166966,34.90333919156415,74.13005272407733,85.97539543057998,94.13005272407732,85.4481546572935,51.00175746924429,78.38312829525483,46.010544815465735,69.73637961335677,91.24780316344464,71.73989455184535,60.17574692442883,22.10896309314587,70.47451669595783,79.7188049209139,72.75922671353251,80.24604569420036,88.64674868189807,88.8224956063269,95.0439367311072,29.209138840070302,68.64674868189807,69.38488576449913,71.81019332161688,73.46221441124781,73.77855887521969,66.4323374340949,36.13356766256591,58.69947275922672,19.543057996485064,38.69947275922672,71.35325131810194,21.968365553602816,39.5079086115993,73.95430579964851,58.17223198594025,65.69420035149385,74.34094903339192,41.37082601054482
CCC(C)(CC)COC(=O)CN[P@@](=O)(Oc1ccccc1)OP(=O)(O)O,409.312,3.241900000000002,6,3,4.0,0.3721673489456422,1,131.39,0,1,2,0.062135678,0.66727746,0.6019726,0.17802341,0.29105118,0.15634951,0.123840734,0.12947214,0.5249509,0.2902819,0.10675025,0.4020579,0.21664783,0.2128181,0.5953351,0.011466615,0.035237245,0.02912798,0.04396356,0.07981973,0.25081408,0.044217505,0.29205233,0.1319339,0.17908598,0.0074772127,0.021675298,0.045328423,0.02257422,0.5805787,0.44045153,-5.67251,16.276117,52.380424,11.249433,-13.869153,2.8518422,1.6917133,88.148865,-1.6598555,1.1692154,67.55711775043937,64.9560632688928,72.46045694200352,78.20738137082601,63.44463971880493,29.701230228471005,55.32513181019333,81.792618629174,47.59226713532514,66.52021089630932,95.07908611599298,16.836555360281196,45.72934973637962,22.81195079086116,63.62038664323375,73.63796133567664,58.13708260105449,68.7170474516696,55.92267135325133,86.1511423550088,36.76625659050967,59.12126537785589,87.76801405975397,71.73989455184535,35.887521968365554,17.082601054481547,50.82601054481547,63.831282952548335,54.833040421792624,61.37082601054482,83.51493848857646,87.7328646748682,78.48857644991213,26.01054481546573,56.27416520210897,58.80492091388401,45.16695957820738,56.66080843585237,53.46221441124781,44.71001757469244,57.644991212653785,59.82425307557119,20.035149384885766,32.72407732864675,70.33391915641477,42.1792618629174,42.39015817223199,74.86818980667839,56.62565905096661,66.50263620386644,75.39543057996485,47.7328646748682
OC1=CC2OC2C=C1,110.11199999999998,0.7654999999999998,2,1,4.0,0.4668951659576661,2,32.76,0,1,0,0.12787576,0.6346916,0.81805295,0.050441224,0.030186404,0.1360921,0.012027925,0.062339984,0.015648833,0.184715,0.001280314,0.13366373,0.056518454,0.1741446,0.9934802,0.007907845,0.013181649,0.03448514,0.005805888,0.042312495,0.097106025,0.014676924,0.5211345,0.0030169908,0.14145057,0.0097461855,0.030608747,0.04991758,0.019137328,0.6682729,0.032765057,-4.549493,11.617891,-17.79752,-2.3624086,-9.860466,3.011688,0.049352266,24.96138,-0.1786294,-1.9082874,4.586994727592267,29.66608084358524,17.10017574692443,36.59050966608085,63.44463971880493,42.1792618629174,69.84182776801407,16.660808435852374,47.59226713532514,66.52021089630932,37.188049209138846,33.602811950790866,43.09314586994728,54.72759226713533,46.88927943760984,31.985940246045697,51.35325131810194,34.76274165202109,34.376098418277685,31.318101933216173,25.13181019332162,19.96485061511424,41.195079086116,34.797891036906854,31.247803163444644,42.53075571177505,40.91388400702988,26.32688927943761,57.04745166959579,31.84534270650264,71.91564147627417,55.28998242530757,64.04217926186293,34.97363796133568,23.09314586994728,52.829525483304046,50.54481546572936,62.636203866432346,54.90333919156415,40.87873462214412,69.3145869947276,19.36731107205624,77.96133567662567,27.451669595782075,9.876977152899824,18.242530755711776,71.81019332161688,82.39015817223199,31.599297012302287,11.810193321616874,92.5834797891037,18.242530755711776
OC1=CC=CC2OC12,110.11199999999998,0.7654999999999998,2,1,4.0,0.4668951659576661,2,32.76,0,1,0,0.11644702,0.7220342,0.89483356,0.033001292,0.03015098,0.16400228,0.009803558,0.06795953,0.005701936,0.1778099,0.0006196532,0.12831804,0.047701627,0.26762348,0.9968621,0.0038948134,0.010810161,0.022069706,0.003006162,0.01609884,0.063612856,0.0072469986,0.58131623,0.002375257,0.053398676,0.00497522,0.011161048,0.021366578,0.008208761,0.5374294,0.02238597,-4.53995,8.464685,-20.085056,-2.2723615,-9.679346,2.9930027,-0.047186803,26.02416,-0.20467058,-1.7131968,4.586994727592267,29.66608084358524,17.10017574692443,36.59050966608085,63.44463971880493,42.1792618629174,69.84182776801407,16.660808435852374,47.59226713532514,66.52021089630932,37.188049209138846,31.45869947275923,50.333919156414765,77.01230228471002,42.1792618629174,31.985940246045697,60.94903339191565,31.493848857644995,36.73110720562391,17.398945518453427,24.42882249560633,15.1493848857645,39.472759226713535,31.107205623901585,40.94903339191565,47.697715289982426,21.968365553602816,20.14059753954306,50.72056239015818,23.374340949033392,48.57644991212654,33.81370826010545,52.30228471001758,37.46924428822496,20.84358523725835,28.998242530755714,38.277680140597546,43.12829525483304,43.514938488576455,26.60808435852373,52.02108963093146,14.094903339191566,78.80492091388402,23.72583479789104,8.1195079086116,18.453427065026364,72.51318101933217,81.61687170474518,29.876977152899823,12.688927943760984,92.33743409490334,19.68365553602812
CCC(C)COC(=O)[C@H](C)N[P@@](=O)(Oc1cccc(C)c1)OP(=O)(O)O,409.31200000000007,3.158620000000002,6,3,4.0,0.39375263720361,3,131.39,0,1,2,0.06407721,0.55588686,0.6829596,0.34212106,0.48996037,0.2936289,0.32601398,0.14905128,0.4694844,0.43631873,0.2737399,0.42781934,0.22280204,0.45932388,0.75442725,0.021681542,0.049478345,0.087536484,0.13517372,0.11588843,0.25029984,0.13876346,0.401861,0.2944595,0.29330653,0.024115624,0.052114777,0.19270536,0.06354676,0.44842428,0.5162656,-5.692166,15.678595,52.219227,6.656302,-14.039656,2.8556154,1.8510557,88.090385,-1.6327347,0.6594907,67.55711775043937,63.62038664323375,72.46045694200352,78.20738137082601,63.44463971880493,32.37258347978911,76.60808435852373,81.792618629174,47.59226713532514,66.52021089630932,95.07908611599298,17.609841827768015,37.08260105448155,31.07205623901582,74.58699472759227,84.81546572934974,86.5377855887522,82.21441124780317,60.21089630931459,84.18277680140598,49.10369068541301,72.47803163444641,89.38488576449913,72.65377855887523,53.286467486818985,21.15992970123023,68.11950790861161,76.16871704745168,69.701230228471,80.21089630931459,88.29525483304043,87.69771528998243,91.2829525483304,30.08787346221441,68.47100175746925,69.9121265377856,67.06502636203867,73.28646748681899,73.25131810193322,64.18277680140598,40.07029876977153,63.62038664323375,19.75395430579965,32.09138840070299,70.26362038664324,34.13005272407733,41.01933216168717,75.1493848857645,59.26186291739895,66.36203866432338,75.81722319859404,42.108963093145874
CCC(CC)COC(=O)[C@H](C)N[P@@](=O)(Oc1ccccc1O)OP(=O)(O)O,425.3110000000001,2.9459000000000013,7,4,4.0,0.3075173859868193,2,151.61999999999998,0,1,2,0.046582893,0.46145803,0.5348715,0.1967264,0.36219868,0.1694645,0.24195175,0.073268846,0.4034389,0.2681003,0.1275354,0.37807435,0.25417933,0.32052478,0.46811208,0.015985807,0.056182016,0.07054618,0.062954925,0.123679444,0.24821095,0.05328976,0.12940146,0.11400721,0.20629291,0.017750934,0.03681289,0.0674047,0.03985704,0.3801672,0.37858096,-5.8603835,15.663913,54.388622,1.2917668,-15.967064,2.9089913,1.7265955,87.18559,-1.6924721,0.9673332,71.07205623901582,60.35149384885765,79.85940246045695,86.90685413005274,63.44463971880493,21.124780316344467,69.84182776801407,86.1511423550088,47.59226713532514,66.52021089630932,95.07908611599298,12.4780316344464,30.193321616871707,19.05096660808436,65.30755711775045,78.55887521968366,62.35500878734623,78.03163444639719,39.05096660808436,81.86291739894553,34.833040421792624,61.44112478031635,85.69420035149386,75.3602811950791,44.60456942003516,15.1493848857645,60.45694200351495,80.42179261862918,67.38137082601055,68.2249560632689,88.78734622144113,87.5219683655536,80.84358523725835,18.804920913884008,54.41124780316345,62.31985940246047,62.21441124780317,65.90509666080844,58.94551845342707,56.09841827768015,31.493848857644995,56.30931458699473,16.485061511423552,32.02108963093146,71.70474516695958,24.60456942003515,29.66608084358524,78.20738137082601,57.04745166959579,64.60456942003516,75.07908611599298,45.16695957820738
CCC(CC)(COC=O)[C@H](C)N[P@@](=O)(Oc1ccccc1)OP(=O)(O)O,409.312,3.240300000000002,6,3,4.0,0.3515401564822724,2,131.39,0,2,2,0.06775719,0.57296723,0.5810759,0.15279292,0.32605293,0.16819328,0.19489364,0.08349092,0.4463547,0.26590914,0.15028375,0.38335684,0.2035521,0.32538325,0.5252024,0.020605095,0.05613135,0.029194022,0.028373022,0.06320252,0.24228963,0.059655506,0.19310346,0.12552175,0.14741185,0.010531203,0.017158642,0.022117645,0.025248323,0.5456203,0.3840639,-5.7440376,13.919019,51.336525,3.6623597,-14.810056,2.9552457,1.5657856,85.388885,-1.8425133,-0.10711865,67.55711775043937,64.88576449912127,72.46045694200352,78.20738137082601,63.44463971880493,26.99472759226714,69.84182776801407,81.792618629174,47.59226713532514,87.9261862917399,95.07908611599298,18.594024604569423,38.4182776801406,20.949033391915645,61.6871704745167,75.85237258347979,62.108963093145874,75.1493848857645,42.6713532513181,83.44463971880492,34.481546572934974,63.72583479789104,86.25659050966608,70.33391915641477,44.99121265377856,15.92267135325132,66.95957820738138,80.42179261862918,54.90333919156415,54.93848857644992,80.07029876977154,87.2407732864675,82.31985940246047,21.93321616871705,55.57117750439368,54.02460456942004,52.30228471001758,51.91564147627417,43.831282952548335,46.60808435852373,53.42706502636205,56.871704745166966,18.453427065026364,30.052724077328648,69.8066783831283,28.611599297012305,36.30931458699473,80.0,54.62214411247804,61.72231985940247,73.21616871704745,34.20035149384886
CCC(CC)C(CC)OC(=O)[C@H](C)N[P@@](=O)(Oc1ccccc1)OP(=O)(O)O,437.3660000000001,4.018900000000005,6,3,4.0,0.327628686143909,3,131.39,0,1,2,0.037106242,0.49892035,0.67034763,0.26091394,0.52455795,0.3221004,0.40522012,0.11710495,0.47017694,0.4572267,0.29649252,0.44919547,0.16245499,0.47940475,0.7784262,0.016093869,0.041243803,0.054061245,0.1436471,0.12797031,0.27280167,0.21152823,0.41734362,0.38376623,0.29057902,0.015922572,0.057826094,0.25887364,0.05027653,0.46021366,0.5429157,-5.6714945,15.562332,55.29294,12.862744,-13.7154255,2.8736238,2.063706,89.49603,-1.7706993,1.7866764,73.49736379613357,77.46924428822496,72.46045694200352,78.20738137082601,63.44463971880493,23.79613356766257,76.60808435852373,81.792618629174,47.59226713532514,66.52021089630932,95.07908611599298,9.806678383128297,32.89982425307557,29.173989455184536,70.47451669595783,86.22144112478033,89.63093145869948,85.97539543057998,52.09138840070299,84.18277680140598,51.07205623901582,73.84885764499121,90.7908611599297,64.11247803163445,54.72759226713533,21.93321616871705,60.597539543058005,70.01757469244289,63.831282952548335,81.12478031634447,89.17398945518454,89.17398945518454,94.8681898066784,30.615114235500883,72.93497363796135,69.8066783831283,60.421792618629176,75.28998242530757,77.08260105448156,60.17574692442883,41.86291739894552,65.16695957820738,20.07029876977153,31.880492091388405,72.40773286467487,45.34270650263621,43.30404217926187,76.13356766256591,63.65553602811951,68.64674868189807,74.30579964850615,53.60281195079087
CCC(CC)COC(O)[C@H](C)N[P@@]1(=O)Oc2cccc(c2)OP(=O)(O)O1,409.31200000000007,3.432200000000002,7,3,4.0,0.4375013312128614,4,123.55,0,2,2,0.064539984,0.55166817,0.81015825,0.107712105,0.31854135,0.2625898,0.23087482,0.18644279,0.27742115,0.38053423,0.22462633,0.26568484,0.20153007,0.47567743,0.9408902,0.012076897,0.050473697,0.051765632,0.061294414,0.03313186,0.15997164,0.06653272,0.5055035,0.31413406,0.15889028,0.009820749,0.02146164,0.107082784,0.028002385,0.33560842,0.45422617,-5.561682,17.847672,47.07377,14.500819,-13.365082,2.885079,2.1842797,89.74939,-2.2928536,3.0027122,67.55711775043937,67.97891036906854,79.85940246045695,78.20738137082601,63.44463971880493,38.03163444639719,81.28295254833041,80.0,47.59226713532514,87.9261862917399,95.07908611599298,17.750439367311074,36.80140597539543,52.97012302284711,56.695957820738144,75.43057996485062,82.39015817223199,77.60984182776802,66.11599297012303,76.13356766256591,44.3585237258348,69.3145869947276,71.9859402460457,70.26362038664324,54.51669595782074,29.876977152899823,52.513181019332166,77.18804920913885,63.05799648506152,67.76801405975397,65.83479789103691,77.29349736379613,83.44463971880492,34.481546572934974,69.45518453427066,56.06326889279438,50.68541300527241,56.555360281195085,65.30755711775045,49.10369068541301,25.413005272407734,60.38664323374341,22.42530755711775,34.55184534270651,66.67838312829527,48.189806678383135,45.48330404217926,76.73110720562391,65.48330404217927,69.10369068541301,65.72934973637962,62.81195079086117
CCC(CC)C(O)OC(=O)[C@H](C)N[P@@](=O)(Oc1ccccc1)OP(=O)(O)O,425.311,2.558700000000001,7,4,4.0,0.2364159182205507,3,151.61999999999998,0,2,3,0.032648917,0.46727124,0.6165508,0.15500627,0.36195266,0.2170752,0.2414736,0.061710894,0.34352615,0.25816083,0.12000038,0.3931628,0.1846375,0.41820192,0.5895006,0.01451249,0.048898526,0.03967829,0.05445535,0.08448997,0.23489442,0.07471862,0.14813182,0.124994084,0.1778458,0.011706578,0.025710125,0.05466027,0.029975861,0.3633979,0.31556028,-5.8605266,12.608231,48.91522,4.5568333,-15.780714,2.8792424,1.4453064,82.77501,-1.4462522,0.93696916,71.07205623901582,53.49736379613357,79.85940246045695,86.90685413005274,63.44463971880493,14.024604569420037,76.60808435852373,86.1511423550088,47.59226713532514,87.9261862917399,98.89279437609842,8.822495606326891,30.439367311072058,24.007029876977157,61.93321616871705,78.45342706502637,73.74340949033393,78.03163444639719,34.235500878734626,79.54305799648508,33.391915641476274,60.597539543058005,87.1353251318102,67.69771528998243,50.896309314587,17.012302284710017,58.101933216168725,75.95782073813709,59.08611599297013,65.30755711775045,84.28822495606327,86.46748681898067,84.74516695957821,19.64850615114236,55.53602811950791,58.558875219683664,54.76274165202109,59.71880492091389,55.99297012302285,50.82601054481547,29.384885764499124,51.56414762741653,16.485061511423552,28.752196836555363,67.94376098418279,30.333919156414765,30.544815465729357,76.4499121265378,52.61862917398946,58.87521968365554,78.06678383128296,44.8506151142355
CCC(CC)COC(=O)OP(=O)(O)O,226.165,1.6685,4,2,4.0,0.5466680970836701,0,93.06,0,1,0,0.005900589,0.6586035,0.6438023,0.01671943,0.04496167,0.16836776,0.027129114,0.045395892,0.07690694,0.10359546,0.0011012035,0.33421385,0.075489625,0.16454612,0.7517353,0.0032863761,0.018592814,0.0037195205,0.0033880516,0.025816252,0.089284465,0.012349063,0.14388332,0.0129083665,0.060229838,0.0009866736,0.006905439,0.0071836254,0.0038714886,0.3584582,0.04495704,-5.2253137,18.8546,20.498896,0.7015654,-10.148484,2.7307465,1.0091928,74.13555,-1.2131116,3.4329925,21.72231985940246,39.789103690685415,48.55887521968366,61.37082601054482,63.44463971880493,52.93497363796134,22.601054481546576,63.65553602811951,47.59226713532514,66.52021089630932,37.188049209138846,1.616871704745167,44.8506151142355,26.39718804920914,35.18453427065027,38.76977152899825,62.14411247803164,46.36203866432338,28.78734622144113,55.88752196836556,15.992970123022848,18.488576449912127,81.54657293497364,42.63620386643234,30.052724077328648,21.0896309314587,19.121265377855888,37.644991212653785,22.917398945518457,24.850615114235502,60.07029876977153,50.68541300527241,61.30052724077329,19.47275922671353,35.289982425307564,31.634446397188054,15.360281195079088,33.708260105448154,32.61862917398946,17.012302284710017,28.47100175746925,23.09314586994728,34.376098418277685,35.81722319859403,45.4481546572935,23.550087873462218,69.24428822495607,68.11950790861161,45.5536028119508,50.05272407732865,81.30052724077329,65.5536028119508
CCCC(CC)OC(=O)[C@H](C)N[P@](=O)(O)Oc1ccccc1,329.333,3.2658000000000014,4,2,4.0,0.5341702890892681,3,84.86,0,1,2,0.056494474,0.7671093,0.8015978,0.2520243,0.6275001,0.3547988,0.4163603,0.20683603,0.18857074,0.56741273,0.2995719,0.20621839,0.08780019,0.496252,0.9989241,0.008376184,0.024306744,0.070263945,0.10919841,0.054040946,0.17757566,0.12945402,0.8906168,0.47035623,0.21337362,0.013315657,0.06306793,0.30989805,0.03662626,0.46471485,0.52004373,-5.1107283,50.502464,60.880566,4.6344347,-9.760076,2.8513942,2.5593805,80.80245,-2.0372612,4.1314015,48.99824253075572,65.48330404217927,48.55887521968366,61.37082601054482,63.44463971880493,51.00175746924429,76.60808435852373,57.9261862917399,47.59226713532514,66.52021089630932,95.07908611599298,15.219683655536029,54.13005272407733,50.896309314587,69.701230228471,89.59578207381372,92.65377855887525,86.29173989455185,68.75219683655537,70.75571177504395,63.3743409490334,73.95430579964851,60.73813708260106,47.38137082601055,55.46572934973639,55.92267135325133,42.1792618629174,48.36555360281196,67.31107205623903,76.41476274165203,76.90685413005274,80.35149384885766,90.65026362038664,63.76098418277681,76.62565905096662,63.16344463971881,56.90685413005273,76.69595782073814,79.43760984182778,54.23550087873463,42.31985940246046,63.90158172231987,39.89455184534271,64.28822495606327,75.50087873462215,30.40421792618629,72.30228471001759,74.83304042179263,72.23198594024605,56.59050966608085,70.57996485061513,69.9121265377856
CCC(C)C(C)OC(=O)[C@H](C)N[P@@](=O)(Oc1ccccc1)OP(=O)(O)O,409.312,3.2387000000000024,6,3,4.0,0.3935189607838177,4,131.39,0,1,2,0.03793368,0.5096318,0.66348207,0.23688431,0.4859423,0.29630256,0.34575734,0.09506395,0.42144933,0.3738513,0.2224338,0.45636392,0.17092566,0.45486498,0.72630167,0.015918812,0.03981349,0.054928698,0.114814304,0.119044244,0.25817105,0.16463152,0.3268775,0.26974627,0.2649242,0.01642986,0.047365315,0.17782333,0.045455497,0.4501277,0.44423214,-5.68069,12.512449,49.444706,5.6789713,-13.93497,2.9122596,1.766494,86.8846,-1.6283348,0.60037506,67.55711775043937,64.85061511423551,72.46045694200352,78.20738137082601,63.44463971880493,32.337434094903344,81.28295254833041,81.792618629174,47.59226713532514,66.52021089630932,95.07908611599298,10.052724077328648,33.53251318101933,28.435852372583483,68.54130052724078,84.49912126537787,86.92442882249561,83.51493848857646,45.90509666080844,82.7768014059754,43.55008787346222,69.20913884007031,91.24780316344464,65.83479789103691,53.00527240773287,20.246045694200355,60.31634446397189,69.10369068541301,63.971880492091394,77.25834797891038,88.43585237258348,88.2249560632689,92.89982425307558,27.205623901581724,67.06502636203867,67.87346221441125,61.01933216168717,71.31810193321617,72.05623901581723,58.558875219683664,40.35149384885765,60.07029876977153,19.929701230228478,28.54130052724077,68.18980667838314,32.196836555360285,41.93321616871705,78.34797891036908,57.96133567662567,64.04217926186293,75.85237258347979,41.26537785588753
CCC(CC)COC(=O)[C@H](C)N[P@@](=O)(Oc1ccc(C(=O)O)cc1)OP(=O)(O)O,453.32100000000014,2.938500000000001,7,4,4.0,0.2710772015669083,2,168.68999999999997,0,1,2,0.035472713,0.3262994,0.39598447,0.10539909,0.33627155,0.08000329,0.23395805,0.013055573,0.30836734,0.10974318,0.040988386,0.39632767,0.28479785,0.3615787,0.117293835,0.007637267,0.054680705,0.034715753,0.023554523,0.113554075,0.25985605,0.01364478,0.01938011,0.03603171,0.15568869,0.011057042,0.012419919,0.015642546,0.023412485,0.2796206,0.15657337,-6.1969824,6.0078645,48.32374,21.710905,-18.1719,2.922122,0.45561418,87.37814,-2.1386766,-1.0478983,76.30931458699473,60.35149384885765,79.85940246045695,86.90685413005274,63.44463971880493,17.188049209138843,69.84182776801407,88.6115992970123,47.59226713532514,66.52021089630932,95.07908611599298,9.490333919156416,20.91388400702988,12.442882249560634,56.44991212653779,76.48506151142355,30.931458699472763,77.68014059753955,14.411247803163446,77.5395430579965,16.695957820738137,47.31107205623902,87.34622144112478,78.13708260105449,47.48681898066784,8.400702987697716,39.82425307557118,79.7188049209139,57.11775043936731,52.54833040421793,87.87346221441126,88.29525483304043,62.74165202108964,9.98242530755712,42.84710017574693,55.50087873462215,53.5676625659051,45.34270650263621,39.92970123022848,45.02636203866432,18.769771528998245,38.06678383128296,11.353251318101934,21.054481546572937,67.5219683655536,60.281195079086125,21.0896309314587,78.76977152899825,37.53954305799649,65.02636203866433,68.6115992970123,25.13181019332162
CCC(CC)COC(O)[C@@](C)(N[P@@](=O)(Oc1ccccc1)OP(=O)(O)O)C(=O)O,455.3370000000001,2.4869000000000003,7,5,4.0,0.2184782949046352,3,171.85,0,2,3,0.034297965,0.40578908,0.48959208,0.107347,0.4874154,0.11911955,0.30796704,0.037286192,0.39433494,0.17879055,0.15734151,0.3819204,0.1970953,0.34635514,0.24494544,0.014705783,0.069062784,0.030897368,0.036103196,0.091168664,0.27277318,0.048121672,0.05962321,0.09454336,0.18089247,0.009925522,0.013928227,0.019527359,0.019559834,0.3359687,0.29800063,-6.352529,7.4188766,47.121532,21.29713,-19.432089,2.812734,0.73171073,87.19169,-1.9416704,-1.1205558,76.69595782073814,52.23198594024605,79.85940246045695,91.493848857645,63.44463971880493,12.79437609841828,76.60808435852373,88.99824253075572,47.59226713532514,87.9261862917399,98.89279437609842,9.138840070298771,26.115992970123024,16.660808435852374,56.695957820738144,84.53427065026362,44.88576449912127,81.61687170474518,25.553602811950796,81.47627416520211,24.534270650263625,64.2530755711775,85.97539543057998,69.45518453427066,46.50263620386644,10.93145869947276,58.34797891036907,85.41300527240774,56.16871704745167,58.59402460456943,85.5536028119508,89.17398945518454,79.57820738137083,14.586994727592268,52.37258347978911,59.22671353251319,50.93145869947276,47.59226713532514,42.284710017574696,41.47627416520211,25.413005272407734,50.298769771529,9.771528998242532,22.49560632688928,66.74868189806679,59.68365553602813,17.785588752196837,72.54833040421794,41.968365553602816,64.63971880492092,72.26713532513182,24.74516695957821
CCC(CC)COC(=O)[C@H](C)N[P@@](=O)(Oc1cccc(O)c1)OP(=O)(O)O,425.3110000000001,2.9459000000000017,7,4,4.0,0.3075173859868193,2,151.61999999999998,0,1,2,0.053118885,0.40578493,0.49374717,0.25011146,0.42191586,0.15984546,0.2972942,0.07065302,0.46855488,0.26784092,0.17168553,0.37593466,0.27843648,0.33918285,0.44969565,0.018832255,0.06329798,0.099006265,0.09072913,0.15805286,0.27664423,0.048908334,0.11122199,0.12713325,0.22877216,0.0238861,0.044568382,0.09329411,0.051933408,0.36527437,0.41524917,-5.9138174,18.275492,56.57782,0.63914317,-16.451181,2.861117,1.6848819,86.50717,-1.6585633,1.3961833,71.07205623901582,60.35149384885765,79.85940246045695,86.90685413005274,63.44463971880493,21.124780316344467,69.84182776801407,86.1511423550088,47.59226713532514,66.52021089630932,95.07908611599298,14.165202108963094,26.115992970123024,16.766256590509666,69.38488576449913,82.31985940246047,59.40246045694201,80.87873462214412,37.82073813708261,84.14762741652022,34.797891036906854,65.51845342706503,85.51845342706504,77.50439367311073,45.90509666080844,14.903339191564148,64.42882249560633,83.3743409490334,71.0017574692443,73.81370826010546,91.59929701230227,89.24428822495607,79.7188049209139,17.820738137082603,55.7469244288225,65.09666080843586,66.92442882249561,70.08787346221442,63.3743409490334,61.05448154657294,29.525483304042183,58.34797891036907,15.676625659050968,34.93848857644991,73.04042179261863,23.51493848857645,27.521968365553604,75.50087873462215,56.44991212653779,63.514938488576455,75.43057996485062,50.50966608084359
CCCCOC(=O)[C@H](C)N[P@@](=O)(Oc1cccc(CC)c1)OP(=O)(O)O,409.3120000000001,3.1666000000000025,6,3,4.0,0.2863875120402025,2,131.39,0,2,2,0.061507452,0.5278989,0.69105023,0.42484125,0.5406512,0.34699556,0.39910397,0.14423397,0.44211823,0.45386896,0.29658365,0.4567586,0.22006753,0.5506976,0.7735468,0.03158363,0.05572311,0.12019686,0.18584588,0.13591155,0.261481,0.21415111,0.42424592,0.32285967,0.3368308,0.03788684,0.070869595,0.26126057,0.091653705,0.4288401,0.50118697,-5.740477,19.712116,53.507557,4.540627,-14.320108,2.780521,1.7818508,88.31352,-1.7307488,0.52429616,67.55711775043937,63.69068541300528,72.46045694200352,78.20738137082601,63.44463971880493,18.453427065026364,69.84182776801407,81.792618629174,47.59226713532514,87.9261862917399,95.07908611599298,16.590509666080845,34.86818980667839,32.196836555360285,78.5237258347979,86.6432337434095,92.091388400703,85.72934973637962,59.29701230228471,83.23374340949034,50.72056239015818,73.84885764499121,91.2829525483304,72.26713532513182,57.644991212653785,21.86291739894552,76.06326889279438,80.17574692442884,73.70826010544816,85.09666080843586,90.1230228471002,88.43585237258348,94.97363796133568,30.931458699472763,69.8066783831283,73.32161687170475,73.42706502636204,78.55887521968366,77.18804920913885,71.77504393673111,37.78558875219684,62.84710017574693,18.558875219683657,36.8365553602812,71.14235500878735,30.298769771529003,39.12126537785589,70.50966608084359,58.17223198594025,66.71353251318102,74.72759226713534,40.21089630931459
CCCCOC(=O)[C@](C)(CC)N[P@@](=O)(Oc1ccccc1)OP(=O)(O)O,409.312,3.384400000000002,6,3,4.0,0.285809862084833,2,131.39,0,2,2,0.053909443,0.4568904,0.69154227,0.16940267,0.44968802,0.34915224,0.3536121,0.08786386,0.24411316,0.39129466,0.2484395,0.4096567,0.19102581,0.5706329,0.7370993,0.030001387,0.061927676,0.07056175,0.1111083,0.11808002,0.25113913,0.21578114,0.32729036,0.28121814,0.2622333,0.029126275,0.051967163,0.14618887,0.06572138,0.40000504,0.37479478,-5.6382647,20.398083,52.076622,-0.021051025,-13.996008,2.926375,1.7515119,88.07911,-1.8241409,0.37871617,67.55711775043937,67.17047451669596,72.46045694200352,78.20738137082601,63.44463971880493,18.34797891036907,69.84182776801407,81.792618629174,47.59226713532514,87.9261862917399,95.07908611599298,14.376098418277682,29.77152899824253,32.23198594024605,62.98769771528999,83.19859402460457,92.19683655536028,83.93673110720563,44.00702987697716,74.13005272407733,45.23725834797892,71.14235500878735,88.11950790861161,68.92794376098419,58.62917398945519,20.562390158172235,75.3602811950791,82.84710017574693,67.38137082601055,76.55536028119509,88.36555360281196,87.7328646748682,95.0439367311072,27.205623901581724,67.7328646748682,67.7328646748682,69.59578207381371,73.28646748681899,69.20913884007031,64.85061511423551,33.84885764499121,56.06326889279438,20.738137082601057,38.03163444639719,70.08787346221442,22.214411247803167,41.335676625659055,78.84007029876977,57.57469244288225,66.36203866432338,73.35676625659052,38.840070298769774
CCC(COC(=O)[C@H](C)N[P@@](=O)(Oc1ccccc1)OP(=O)(O)O)C(C)C,423.33900000000006,3.4863000000000026,6,3,4.0,0.3614276746355647,3,131.39,0,1,2,0.048037928,0.5768502,0.6653059,0.26407078,0.3893559,0.24528614,0.2306407,0.1350272,0.48812658,0.36391625,0.179047,0.415034,0.20443061,0.3595931,0.7111202,0.01255882,0.042512994,0.045460526,0.07412653,0.09662219,0.2557522,0.090134546,0.33757582,0.22592041,0.20881143,0.010852026,0.031108877,0.100971445,0.030107219,0.5023223,0.48374152,-5.687726,14.709177,52.728687,9.459986,-13.940718,2.868487,1.9220517,88.60507,-1.7465395,1.4060953,70.68541300527241,69.06854130052724,72.46045694200352,78.20738137082601,63.44463971880493,28.1195079086116,76.60808435852373,81.792618629174,47.59226713532514,66.52021089630932,95.07908611599298,12.829525483304044,38.76977152899825,28.54130052724077,70.75571177504395,80.38664323374341,78.80492091388402,77.57469244288225,57.71528998242531,84.85061511423551,42.70650263620387,66.08084358523726,88.64674868189807,70.43936731107206,47.24077328646749,20.0,53.5676625659051,71.17750439367312,61.12478031634447,70.33391915641477,86.18629173989456,87.97891036906854,86.71353251318102,27.59226713532513,63.93673110720563,62.67135325131811,53.145869947275926,62.88224956063269,64.53427065026362,50.82601054481547,46.85413005272408,61.82776801405976,19.789103690685412,31.107205623901585,70.68541300527241,39.05096660808436,41.89806678383129,75.85237258347979,60.913884007029885,67.1353251318102,74.55184534270651,50.650263620386646
CCC(C)CCOC(=O)[C@H](C)N[P@@](=O)(Oc1ccccc1)OP(=O)(O)O,409.31200000000007,3.240300000000002,6,3,4.0,0.3721723445993768,3,131.39,0,1,2,0.04611242,0.6010699,0.663387,0.38927257,0.5085158,0.31825823,0.35720342,0.13193706,0.5055534,0.39758444,0.22504576,0.48423243,0.2170656,0.45858383,0.7549023,0.019001586,0.04190763,0.078535214,0.12762086,0.121344045,0.27160263,0.16796872,0.37965053,0.26984772,0.28388375,0.021642257,0.05440266,0.1810346,0.056609668,0.4842187,0.5082029,-5.7085686,15.900621,50.831654,10.154577,-13.952245,2.8368134,1.8177955,88.197525,-1.6912836,1.6029179,67.55711775043937,64.88576449912127,72.46045694200352,78.20738137082601,63.44463971880493,29.701230228471005,76.60808435852373,81.792618629174,47.59226713532514,66.52021089630932,95.07908611599298,12.442882249560634,40.31634446397189,28.330404217926187,76.59050966608085,85.62390158172232,89.20913884007031,84.14762741652022,56.94200351493849,85.48330404217927,45.9402460456942,69.34973637961336,92.8646748681898,71.77504393673111,53.25131810193322,21.195079086116,64.53427065026362,70.72056239015818,68.64674868189807,79.33216168717048,88.54130052724078,89.10369068541301,93.0755711775044,29.314586994727595,67.06502636203867,69.52548330404218,65.51845342706503,74.0597539543058,72.33743409490334,62.14411247803164,44.67486818980668,63.16344463971881,19.33216168717048,32.26713532513181,69.24428822495607,40.35149384885765,41.86291739894552,74.30579964850615,58.76977152899825,66.57293497363797,75.07908611599298,52.23198594024605
CCC(CC)COC(=O)[C@H](CC)N[P@@](=O)(Oc1ccccc1)OP(=O)(O)O,423.33900000000006,3.6304000000000025,6,3,4.0,0.3405355347943651,2,131.39,0,1,2,0.04938682,0.53442943,0.6690538,0.22850108,0.39734823,0.28155607,0.27339965,0.11727099,0.38780397,0.36574197,0.19142866,0.40085864,0.22209346,0.44993025,0.6939963,0.018857341,0.05558885,0.059608974,0.08625541,0.1095135,0.26454028,0.12763232,0.31735024,0.2504085,0.22470078,0.018675169,0.03757787,0.113684855,0.04418858,0.4438607,0.43421564,-5.660466,17.264074,54.807503,8.106759,-13.939278,2.9027367,2.0024226,89.139725,-1.8215492,1.4494889,70.68541300527241,71.45869947275924,72.46045694200352,78.20738137082601,63.44463971880493,25.06151142355009,69.84182776801407,81.792618629174,47.59226713532514,66.52021089630932,95.07908611599298,13.145869947275925,35.32513181019333,29.068541300527244,67.94376098418279,80.87873462214412,84.88576449912128,79.89455184534272,52.16168717047452,81.0896309314587,42.88224956063269,67.1353251318102,87.6274165202109,72.54833040421794,52.79437609841828,19.43760984182777,64.42882249560633,80.1054481546573,65.13181019332163,72.89982425307558,87.5219683655536,88.68189806678384,90.5096660808436,26.85413005272408,65.48330404217927,64.71001757469244,63.12829525483305,66.4323374340949,66.0456942003515,57.99648506151143,39.64850615114236,59.54305799648507,20.351493848857647,33.77855887521969,72.05623901581723,36.44991212653779,41.93321616871705,77.68014059753955,62.601054481546576,68.01405975395431,73.39191564147627,51.03690685413006
OC1=CC=CC(O)C1O,128.12699999999998,-0.2801,3,3,4.0,0.4201909552522266,2,60.69,0,0,0,0.17720807,0.61168194,0.76765096,0.010323704,0.0070319884,0.05946809,0.0026859671,0.10189901,0.010506512,0.14124607,0.001421282,0.10580099,0.0577429,0.061556496,0.96874636,0.0059920684,0.014828734,0.025068808,0.002788609,0.011121857,0.03407547,0.002056275,0.30903137,0.0018184098,0.04179387,0.0024140826,0.0072654127,0.010023456,0.005889301,0.5793154,0.045351643,-5.2683277,11.217982,-25.96879,1.945063,-15.543541,1.976929,-0.8466304,18.889336,0.015271997,-1.0361295,5.834797891036907,19.40246045694201,32.653778558875224,78.20738137082601,63.44463971880493,35.606326889279444,69.84182776801407,39.34973637961336,47.59226713532514,25.869947275922677,37.188049209138846,42.53075571177505,41.05448154657294,44.25307557117751,30.40421792618629,11.56414762741652,25.026362038664324,16.203866432337435,48.01405975395431,25.69420035149385,20.91388400702988,20.52724077328647,32.16168717047452,35.36028119507909,11.845342706502636,33.5676625659051,32.61862917398946,30.017574692442885,52.54833040421793,22.39015817223199,38.80492091388401,8.752196836555362,28.50615114235501,26.643233743409493,18.699472759226715,22.88224956063269,26.643233743409493,34.72759226713533,35.85237258347979,22.39015817223199,57.60984182776802,23.19859402460457,32.09138840070299,27.275922671353253,4.639718804920914,25.4481546572935,31.810193321616875,22.601054481546576,19.36731107205624,8.365553602811952,93.74340949033392,25.237258347978912
CCCCOC(=O)[C@H](C)N[P@@](=O)(Oc1ccc(CC)cc1)OP(=O)(O)O,409.3120000000001,3.1666000000000025,6,3,4.0,0.2863875120402025,2,131.39,0,2,2,0.06836964,0.5087911,0.684721,0.4166605,0.5338747,0.3363235,0.3865747,0.13574132,0.41488284,0.45515513,0.27832288,0.4519225,0.21493554,0.5503568,0.74883497,0.032712027,0.056580752,0.11116533,0.18601255,0.1567591,0.27549762,0.23101497,0.40166664,0.29977313,0.34112906,0.042790532,0.07375443,0.2703451,0.09846419,0.43724617,0.4778483,-5.747898,18.4911,52.93888,5.3442216,-14.359756,2.7976549,1.7585461,87.95579,-1.6991228,0.5235468,67.55711775043937,63.69068541300528,72.46045694200352,78.20738137082601,63.44463971880493,18.453427065026364,69.84182776801407,81.792618629174,47.59226713532514,87.9261862917399,95.07908611599298,18.804920913884008,33.49736379613357,31.45869947275923,78.13708260105449,86.5377855887522,91.2829525483304,85.20210896309315,57.82073813708261,82.53075571177506,50.93145869947276,72.68892794376099,90.96660808435853,71.59929701230229,57.57469244288225,20.984182776801408,76.48506151142355,80.597539543058,72.54833040421794,85.13181019332163,91.59929701230227,89.20913884007031,95.4657293497364,30.08787346221441,68.75219683655537,73.56766256590511,74.90333919156416,79.15641476274166,77.64499121265379,72.86467486818981,38.91036906854131,61.61687170474517,18.4182776801406,35.289982425307564,70.72056239015818,31.634446397188054,38.91036906854131,71.70474516695958,57.71528998242531,66.11599297012303,75.00878734622145,40.21089630931459
CCC(CC)COC1=[N+]([P@](=O)(O)Oc2ccccc2)[C@H]1C,312.326,3.431700000000002,3,1,4.0,0.7836738672995451,2,58.77000000000001,0,1,3,0.022347175,0.47367644,0.63656133,0.04800587,0.06717466,0.11140784,0.034777142,0.21113794,0.23158355,0.24657889,0.03234852,0.15516195,0.045584716,0.11211516,0.7684149,0.0057869637,0.03211258,0.011556418,0.019225555,0.034063403,0.1290727,0.020749738,0.4334263,0.09633171,0.07508957,0.0022233776,0.011905243,0.05723896,0.007724104,0.5152047,0.3885915,-5.080949,39.152588,55.335365,11.280788,-9.396621,3.1288037,2.711391,82.489914,-2.4821022,3.4221032,44.39367311072056,67.94376098418279,32.653778558875224,36.59050966608085,63.44463971880493,86.67838312829527,69.84182776801407,37.39894551845343,47.59226713532514,66.52021089630932,98.89279437609842,6.115992970123023,30.861159929701238,25.72934973637961,46.467486818980674,45.09666080843586,41.05448154657294,50.12302284710018,69.27943760984184,73.39191564147627,32.12653778558875,44.9560632688928,47.0298769771529,30.123022847100177,20.808435852372583,21.687170474516694,31.599297012302287,59.40246045694201,41.82776801405976,49.59578207381372,66.4323374340949,69.03339191564149,68.6115992970123,31.247803163444644,52.4780316344464,36.44991212653779,25.30755711775044,44.463971880492096,56.59050966608085,26.01054481546573,48.96309314586996,57.04745166959579,40.91388400702988,56.20386643233744,72.40773286467487,42.21441124780317,74.30579964850615,86.6432337434095,74.6572934973638,58.45342706502637,61.75746924428823,65.5536028119508
CCC(O)(CC)COC(=O)[C@H](C)N[P@](=O)(O)Oc1ccccc1,345.33200000000005,2.2382,5,3,4.0,0.4654768238717616,2,105.09,0,1,2,0.16539478,0.6497783,0.81245774,0.058169883,0.09207256,0.24394388,0.050102603,0.1880273,0.108483054,0.42144942,0.05556172,0.20113704,0.18130395,0.28587228,0.9705807,0.024039553,0.043703653,0.02096485,0.025026906,0.034833014,0.13661878,0.044050783,0.6243073,0.11587827,0.098611996,0.010398458,0.03059248,0.03147644,0.027351677,0.5190794,0.3219221,-5.2530446,29.736685,37.830605,5.618931,-12.554636,2.9939883,1.4234494,57.515846,-0.9870785,2.9505956,52.68892794376099,48.1195079086116,61.880492091388405,78.20738137082601,63.44463971880493,42.03866432337434,69.84182776801407,70.96660808435853,47.59226713532514,66.52021089630932,95.07908611599298,40.38664323374341,44.21792618629174,53.25131810193322,48.54130052724078,50.474516695957824,78.55887521968366,55.39543057996485,66.25659050966608,61.75746924428823,48.01405975395431,51.03690685413006,59.57820738137083,67.24077328646749,41.968365553602816,33.77855887521969,70.61511423550088,72.54833040421794,49.77152899824254,53.35676625659051,67.02987697715291,71.28295254833041,78.45342706502637,39.472759226713535,54.55184534270651,43.8664323374341,51.9859402460457,62.636203866432346,48.154657293497365,48.40070298769772,49.49033391915642,52.12653778558876,33.286467486818985,48.1195079086116,60.24604569420036,32.09138840070299,50.68541300527241,81.61687170474518,52.02108963093146,33.88400702987698,83.55008787346222,62.49560632688929
CCC(CC)COC(=O)[C@H](C)N[P@@](=O)(OC1=CC=CC2OC12)OP(=O)(O)O,425.3110000000001,2.399000000000001,7,3,4.0,0.2563495049683703,4,143.92000000000002,0,2,1,0.12458088,0.48410955,0.5353099,0.12640074,0.35093054,0.15522656,0.18852526,0.08028623,0.37384504,0.33998474,0.17344554,0.32944754,0.22936873,0.30551332,0.45318633,0.03522318,0.06146974,0.042163033,0.07949942,0.13384096,0.2544623,0.0849054,0.17812291,0.1418439,0.27853245,0.03098691,0.059166856,0.06345783,0.077781774,0.46764508,0.3706884,-5.7534857,1.5216637,51.35025,5.759095,-15.929997,3.2583969,1.7158314,81.85907,-1.4955308,0.37866315,71.07205623901582,50.50966608084359,79.85940246045695,78.20738137082601,63.44463971880493,15.782073813708262,81.28295254833041,84.63971880492092,47.59226713532514,87.9261862917399,83.09314586994728,33.00527240773287,31.564147627416524,19.05096660808436,59.19156414762743,77.89103690685414,57.85588752196837,74.79789103690686,41.6871704745167,80.7029876977153,41.05448154657294,65.58875219683657,80.8084358523726,73.04042179261863,43.65553602811951,14.903339191564148,78.03163444639719,82.67135325131811,60.00000000000001,71.70474516695958,89.8066783831283,87.90861159929702,86.08084358523726,21.265377855887525,57.08260105448155,69.03339191564149,70.26362038664324,75.71177504393674,58.31282952548331,68.54130052724078,42.6713532513181,55.85237258347979,18.277680140597543,16.133567662565905,69.8066783831283,32.37258347978911,29.876977152899823,89.24428822495607,56.94200351493849,57.9261862917399,77.46924428822496,38.840070298769774
CCC(CC)COC(O)[C@H](C)N[P@@]1(=O)Oc2ccccc2OP(=O)(O)O1,409.31200000000007,3.432200000000002,7,3,4.0,0.4375013312128614,4,123.55,0,2,2,0.045694888,0.58243906,0.82655317,0.06797997,0.27958956,0.2623453,0.19686666,0.17691398,0.23362395,0.3725046,0.1830932,0.2615742,0.16845118,0.45406723,0.9448997,0.008858216,0.043576397,0.02783454,0.040109254,0.024357744,0.13835844,0.06370357,0.5378275,0.2925076,0.124431625,0.005647549,0.01623521,0.07969155,0.017624754,0.331972,0.42076555,-5.5072274,15.038498,45.102448,16.568302,-13.005048,2.932838,2.21048,89.69174,-2.2595015,3.0411944,67.55711775043937,67.97891036906854,79.85940246045695,78.20738137082601,63.44463971880493,38.03163444639719,81.28295254833041,80.0,47.59226713532514,87.9261862917399,95.07908611599298,12.372583479789103,39.156414762741655,57.22319859402461,50.4042179261863,72.51318101933217,82.35500878734622,75.3602811950791,64.92091388400704,73.46221441124781,43.44463971880492,66.39718804920915,71.0017574692443,65.4481546572935,53.00527240773287,30.40421792618629,43.69068541300528,72.26713532513182,54.34094903339192,59.92970123022848,59.12126537785589,71.81019332161688,82.8822495606327,35.606326889279444,68.43585237258348,49.66608084358524,40.24604569420036,50.86115992970124,61.26537785588753,39.36731107205624,25.166959578207383,58.48857644991213,23.58523725834798,31.353251318101936,65.48330404217927,52.30228471001758,48.01405975395431,79.19156414762742,66.0456942003515,68.99824253075572,66.29173989455185,62.98769771528999
CCC(C)C(CC)COC(=O)[C@H](C)N[P@@](=O)(Oc1ccccc1)OP(=O)(O)O,437.3660000000001,3.8764000000000034,6,3,4.0,0.3292177267153711,4,131.39,0,1,2,0.05478277,0.5979668,0.64593375,0.26863736,0.39444464,0.25549832,0.24996619,0.15224108,0.5578104,0.4255435,0.2295756,0.42533702,0.2134141,0.33348975,0.7284573,0.014626777,0.039508484,0.04062294,0.0912158,0.11059318,0.2639994,0.12562828,0.38550994,0.27773985,0.24060595,0.01189579,0.045768064,0.13713834,0.03857778,0.55208004,0.55799115,-5.6719756,16.068357,55.584522,15.442614,-13.667646,2.8661084,2.1539388,90.83196,-1.9155436,2.1273987,73.49736379613357,75.00878734622145,72.46045694200352,78.20738137082601,63.44463971880493,24.077328646748683,81.28295254833041,81.792618629174,47.59226713532514,66.52021089630932,95.07908611599298,14.657293497363796,40.105448154657296,26.643233743409493,71.0017574692443,80.63268892794378,80.87873462214412,78.6291739894552,60.87873462214412,86.88927943760984,48.36555360281196,69.73637961335677,89.34973637961336,71.56414762741653,45.62390158172232,20.28119507908612,58.17223198594025,68.7170474516696,59.40246045694201,73.95430579964851,87.59226713532514,88.64674868189807,90.43936731107206,29.455184534270654,67.48681898066785,66.11599297012303,55.04393673110721,70.65026362038665,68.40070298769773,55.50087873462215,54.41124780316345,65.90509666080844,20.07029876977153,32.54833040421793,72.51318101933217,49.77152899824254,43.55008787346222,75.7469244288225,64.99121265377856,71.03690685413005,72.51318101933217,56.30931458699473
CCC(CC)COC(=O)[C@H](C)N[P@@](=O)(Oc1ccc(CC=C(C)C)cc1)OP(=O)(O)O,477.4310000000002,4.749000000000005,6,3,4.0,0.2091868294113611,2,131.39,0,2,2,0.07647851,0.48164946,0.5923011,0.39610884,0.4560659,0.23681855,0.31125468,0.19054154,0.5825651,0.5327964,0.33164462,0.40274397,0.21763869,0.3357063,0.6836704,0.023687724,0.0427927,0.07558316,0.2043546,0.17807682,0.28423625,0.17628177,0.4376076,0.3710937,0.3703676,0.025063494,0.09824653,0.27772158,0.09280823,0.544085,0.65828973,-5.671462,19.48476,66.09159,20.40267,-13.795889,2.816623,2.5030422,94.32318,-2.157192,1.9055951,79.85940246045695,86.5377855887522,72.46045694200352,78.20738137082601,63.44463971880493,12.16168717047452,69.84182776801407,81.792618629174,47.59226713532514,87.9261862917399,95.07908611599298,21.58172231985941,31.45869947275923,21.89806678383129,77.01230228471002,83.47978910369069,77.4340949033392,81.65202108963094,66.67838312829527,87.45166959578208,59.33216168717048,75.7469244288225,87.80316344463972,71.8804920913884,45.694200351493855,19.15641476274165,70.36906854130054,71.45869947275924,68.18980667838314,86.74868189806679,92.40773286467488,89.59578207381372,93.63796133567664,31.3884007029877,72.30228471001759,76.09841827768015,67.5219683655536,83.62038664323376,77.89103690685414,71.9859402460457,53.04042179261863,70.40421792618629,20.07029876977153,36.66080843585237,78.5237258347979,58.59402460456943,42.7768014059754,72.72407732864676,71.14235500878735,77.29349736379613,68.33040421792619,54.44639718804921
CCCCOC(=O)[C@H](C)N[P@@](=O)(Oc1ccccc1)OP(=O)(O)O,381.258,2.6042000000000005,6,3,4.0,0.3177837854084201,2,131.39,0,2,2,0.04831334,0.5960126,0.6804775,0.32172933,0.4873205,0.32919362,0.34014264,0.09387015,0.37464866,0.32196933,0.16907406,0.48676547,0.22286132,0.5234145,0.7327577,0.020767476,0.049894534,0.09762694,0.1040086,0.09924493,0.24609475,0.14140573,0.2827696,0.19192891,0.25088543,0.026384765,0.04601764,0.13525125,0.058998514,0.40508658,0.37879354,-5.752981,13.377652,45.003742,-0.2441822,-14.654444,2.9136765,1.3918087,83.361465,-1.4857904,-0.17407975,60.98418277680141,54.51669595782074,72.46045694200352,78.20738137082601,63.44463971880493,22.70650263620387,69.84182776801407,81.792618629174,47.59226713532514,87.9261862917399,95.07908611599298,12.934973637961336,39.92970123022848,30.65026362038665,73.88400702987698,84.53427065026362,90.5096660808436,83.16344463971882,45.41300527240774,80.73813708260106,39.43760984182777,65.30755711775045,93.11072056239016,72.65377855887523,56.48506151142355,20.351493848857647,67.06502636203867,76.52021089630932,70.86115992970123,75.88752196836556,86.5377855887522,87.41652021089632,91.45869947275924,25.62390158172232,61.6871704745167,66.71353251318102,68.29525483304043,70.72056239015818,68.2249560632689,63.02284710017575,34.516695957820744,56.37961335676626,18.277680140597543,29.525483304042183,65.4481546572935,21.65202108963093,37.3286467486819,78.34797891036908,51.493848857645,59.54305799648507,77.60984182776802,33.81370826010545
CCC(CC)COC(=O)[C@H](C)N[P@@](=O)(Oc1cccc(C(=O)O)c1)OP(=O)(O)O,453.32100000000014,2.938500000000001,7,4,4.0,0.2710772015669083,2,168.68999999999997,0,1,2,0.030417215,0.33388332,0.42903155,0.09677878,0.3165187,0.08475896,0.22459523,0.012981412,0.2921872,0.103223875,0.03479388,0.40133303,0.27364865,0.37550268,0.12888595,0.0067012557,0.05225863,0.030670876,0.018694902,0.09065656,0.24243912,0.013893215,0.018833643,0.033344787,0.1370729,0.008553955,0.010069937,0.01195742,0.019247726,0.27061388,0.13839397,-6.1859965,6.5612817,47.977165,21.94213,-17.915232,2.8989148,0.439331,87.52603,-2.0832887,-1.052451,76.30931458699473,60.35149384885765,79.85940246045695,86.90685413005274,63.44463971880493,17.188049209138843,69.84182776801407,88.6115992970123,47.59226713532514,66.52021089630932,95.07908611599298,8.1195079086116,21.195079086116,13.778558875219684,55.04393673110721,75.32513181019333,32.12653778558875,77.22319859402461,14.270650263620388,76.90685413005274,15.957820738137084,45.62390158172232,87.7328646748682,76.97715289982426,48.33040421792619,8.611599297012303,35.85237258347979,78.10193321616872,56.09841827768015,49.27943760984184,85.4481546572935,87.2407732864675,63.12829525483305,9.806678383128297,42.14411247803164,52.02108963093146,47.48681898066784,41.54657293497364,37.22319859402461,41.0896309314587,17.574692442882252,36.063268892794376,11.3884007029877,21.58172231985941,67.27592267135326,60.66783831282953,22.00351493848858,77.57469244288225,37.11775043936731,65.3427065026362,69.8066783831283,25.096660808435853
CCC(COC(=O)O)CC(CC)(CC)COC(=O)O,276.32899999999995,3.598300000000002,4,2,4.0,0.6248709019975072,1,93.06000000000002,0,0,0,0.014079106,0.5061847,0.70990884,0.0051627764,0.027458701,0.10500531,0.019926382,0.04893621,0.06652409,0.13131697,0.0004958349,0.26529497,0.08294554,0.12733528,0.71712154,0.001957555,0.00956276,0.00069973455,0.0011370735,0.020457346,0.10042252,0.010352451,0.14880212,0.00808945,0.030687321,0.0005958256,0.0030301367,0.0022366224,0.0022933276,0.57798326,0.052104395,-4.7673655,64.31103,33.90067,-17.810795,-9.26099,1.8264143,-0.123360775,81.3193,-2.8464155,0.35326847,33.602811950790866,70.96660808435853,48.55887521968366,61.37082601054482,63.44463971880493,63.65553602811951,55.32513181019333,63.77855887521969,47.59226713532514,25.869947275922677,37.188049209138846,3.620386643233744,33.35676625659051,34.58699472759227,24.74516695957821,30.544815465729357,38.80492091388401,41.195079086116,29.66608084358524,53.5676625659051,19.613356766256597,13.989455184534272,71.95079086115993,45.5536028119508,23.2688927943761,20.035149384885766,11.282952548330403,17.152899824253076,7.451669595782074,12.126537785588754,55.04393673110721,56.97715289982426,58.558875219683664,19.64850615114236,31.3884007029877,16.55536028119508,10.052724077328648,19.894551845342708,19.543057996485064,11.107205623901583,57.57469244288225,24.780316344463973,61.968365553602816,72.16168717047452,56.94200351493849,2.636203866432337,75.32513181019333,15.114235500878737,28.47100175746925,57.15289982425308,55.32513181019333,38.69947275922672
CCc1ccccc1O[P@](=O)(N[C@@H](C)C(=O)OCC(CC)CC)OP(=O)(O)O,437.36600000000016,3.802700000000004,6,3,4.0,0.329912383974505,2,131.39,0,1,2,0.061197422,0.5478903,0.68336016,0.23699877,0.37158027,0.26547766,0.2228159,0.17446491,0.4547495,0.4585208,0.23954754,0.36934352,0.19864011,0.39778072,0.7502211,0.017316027,0.049627483,0.055741657,0.10755398,0.09437524,0.24059609,0.14004579,0.43123645,0.31403583,0.25234997,0.016550183,0.046692736,0.17596696,0.05284492,0.49840394,0.5400551,-5.6875086,15.442607,51.57896,14.155782,-14.1496,2.8833477,2.004006,89.96098,-1.845369,1.162533,73.49736379613357,73.95430579964851,72.46045694200352,78.20738137082601,63.44463971880493,24.11247803163445,69.84182776801407,81.792618629174,47.59226713532514,66.52021089630932,95.07908611599298,16.520210896309315,36.41476274165203,31.177504393673114,68.54130052724078,79.0158172231986,82.8822495606327,77.11775043936731,64.42882249560633,83.79613356766258,51.24780316344464,70.54481546572936,84.99121265377856,69.701230228471,49.73637961335677,20.984182776801408,62.35500878734623,76.4499121265378,64.14762741652022,76.16871704745168,85.90509666080844,86.99472759226714,91.31810193321616,31.142355008787348,69.45518453427066,66.81898066783832,61.15992970123023,71.14235500878735,71.8804920913884,61.15992970123023,46.29173989455185,64.88576449912127,19.789103690685412,31.669595782073817,69.84182776801407,47.59226713532514,40.38664323374341,76.66080843585237,62.601054481546576,69.42003514938489,73.21616871704745,47.697715289982426
CCC(CC)COC(=O)[C@H](C)N[P@@](=O)(OC1=CC2OC2C=C1)OP(=O)(O)O,425.3110000000001,2.399000000000001,7,3,4.0,0.2563495049683703,4,143.92000000000002,0,2,1,0.10157083,0.47037426,0.53401345,0.11740329,0.32682383,0.14650169,0.17437036,0.07544902,0.3395253,0.31785122,0.15786186,0.3156548,0.20089407,0.29003298,0.4357659,0.03243737,0.058131106,0.035921402,0.072243854,0.1271775,0.24094637,0.07705791,0.17464414,0.1321775,0.26643595,0.025918424,0.055677958,0.05828283,0.06954558,0.46585432,0.33603883,-5.758958,-1.7258599,49.2774,4.574628,-16.186993,3.3399568,1.6248448,80.267624,-1.4209774,0.2883315,71.07205623901582,50.50966608084359,79.85940246045695,78.20738137082601,63.44463971880493,15.782073813708262,81.28295254833041,84.63971880492092,47.59226713532514,87.9261862917399,83.09314586994728,27.90861159929701,30.72056239015817,18.980667838312836,58.34797891036907,75.88752196836556,54.86818980667839,73.56766256590511,39.82425307557118,79.36731107205624,39.08611599297013,64.3585237258348,79.12126537785589,70.05272407732865,42.31985940246046,14.692442882249562,76.41476274165203,81.26537785588754,57.750439367311074,69.8066783831283,88.99824253075572,87.02987697715291,85.13181019332163,21.0896309314587,56.344463971880494,68.01405975395431,67.97891036906854,74.37609841827769,56.695957820738144,66.4323374340949,42.46045694200352,53.46221441124781,18.172231985940247,14.165202108963094,68.08435852372584,30.333919156414765,28.611599297012305,91.42355008787348,55.60632688927944,55.92267135325133,78.5237258347979,37.99648506151143
CCC(CC)C(=O)OC(=O)[C@H](C)N[P@@](=O)(Oc1ccccc1)OP(=O)(O)O,423.2950000000001,2.766900000000001,7,3,4.0,0.2913014088897601,2,148.45999999999998,0,2,3,0.05871753,0.44099593,0.61842585,0.16479334,0.46139893,0.28687453,0.34762225,0.044487964,0.21985844,0.27945036,0.12288211,0.4761916,0.18020785,0.5522561,0.58283025,0.026395451,0.05222272,0.052172374,0.07584864,0.119043365,0.2457126,0.15621397,0.14951523,0.13287796,0.25772038,0.03773694,0.04921461,0.06978993,0.067814425,0.36986893,0.23729992,-5.721217,9.3942,48.72953,2.097052,-15.22319,3.0654273,1.4428514,85.028366,-1.5165555,-0.44007286,70.68541300527241,57.85588752196837,79.85940246045695,78.20738137082601,63.44463971880493,19.0158172231986,69.84182776801407,85.5536028119508,47.59226713532514,87.9261862917399,98.89279437609842,15.992970123022848,28.330404217926187,24.18277680140598,62.88224956063269,83.69068541300528,85.69420035149386,83.55008787346222,28.365553602811957,72.40773286467487,35.887521968365554,60.84358523725835,92.40773286467488,67.06502636203867,57.68014059753955,16.94200351493849,72.54833040421794,78.10193321616872,63.23374340949034,70.82601054481547,88.43585237258348,87.38137082601055,92.40773286467488,19.64850615114236,56.41476274165203,67.20562390158173,73.39191564147627,72.02108963093147,59.507908611599305,65.65905096660809,30.298769771529003,45.51845342706503,18.945518453427063,25.13181019332162,67.80316344463972,25.62390158172232,33.98945518453427,84.63971880492092,52.61862917398946,61.335676625659055,77.15289982425308,31.247803163444644
COC(=O)[C@H](C)N[P@@](=O)(Oc1ccccc1)OP(=O)(O)O,339.177,1.4338999999999995,6,3,4.0,0.4983778621441397,2,131.39,0,1,2,0.046293415,0.60897017,0.663441,0.12921989,0.34618083,0.24462438,0.19349256,0.04609698,0.22727089,0.18730634,0.04079821,0.46015352,0.23448905,0.49544,0.60872084,0.013342038,0.041166164,0.060382318,0.029373068,0.050137527,0.18752497,0.04389382,0.1117126,0.054900803,0.14292769,0.013594158,0.017832829,0.025492173,0.02847054,0.34452218,0.19121225,-5.896394,1.932286,32.549706,2.0279784,-15.75028,2.973288,0.6846193,74.213104,-1.179785,-1.3549501,51.21265377855888,37.08260105448155,72.46045694200352,78.20738137082601,63.44463971880493,46.22144112478032,69.84182776801407,81.792618629174,47.59226713532514,66.52021089630932,95.07908611599298,12.442882249560634,40.84358523725835,28.365553602811957,59.507908611599305,77.57469244288225,78.69947275922672,75.04393673110721,29.103690685413007,73.11072056239017,25.483304042179263,47.27592267135326,91.493848857645,73.46221441124781,55.36028119507909,17.293497363796135,55.07908611599297,70.01757469244289,65.37785588752197,55.21968365553603,75.32513181019333,81.8980667838313,78.4182776801406,17.820738137082603,46.81898066783832,53.18101933216169,57.53954305799649,52.40773286467487,45.41300527240774,49.38488576449912,26.32688927943761,41.51142355008788,16.063268892794376,16.344463971880494,55.99297012302285,25.51845342706503,30.68541300527241,80.84358523725835,41.26537785588753,50.05272407732865,81.51142355008788,23.057996485061512
CCC(C)COC(=O)[C@H](CC)N[P@@](=O)(Oc1ccccc1)OP(=O)(O)O,409.312,3.240300000000002,6,3,4.0,0.3721723445993769,3,131.39,0,1,2,0.059279285,0.5380168,0.6720904,0.23583154,0.41980594,0.2833466,0.28215647,0.107119456,0.3656607,0.36018047,0.17624108,0.42118317,0.22603166,0.46837932,0.696839,0.020232122,0.05200846,0.06733675,0.09528275,0.11654148,0.26521927,0.1297141,0.30120632,0.2250903,0.2435166,0.023179475,0.041642386,0.12543496,0.051727723,0.43357316,0.40914172,-5.6672053,16.350895,52.575478,3.283352,-14.067335,2.9177575,1.8587621,87.78098,-1.7305787,0.84767187,67.55711775043937,64.88576449912127,72.46045694200352,78.20738137082601,63.44463971880493,29.701230228471005,76.60808435852373,81.792618629174,47.59226713532514,66.52021089630932,95.07908611599298,16.133567662565905,35.50087873462215,29.34973637961336,68.47100175746925,82.21441124780317,85.09666080843586,80.21089630931459,49.27943760984184,80.42179261862918,42.42530755711776,65.83479789103691,88.96309314586996,72.79437609841828,54.02460456942004,19.507908611599294,66.36203866432338,78.03163444639719,66.88927943760984,74.48154657293497,88.33040421792619,88.7170474516696,90.72056239015818,26.432337434094904,63.90158172231987,66.25659050966608,66.5377855887522,68.47100175746925,67.38137082601055,60.98418277680141,38.45342706502637,58.03163444639719,20.175746924428825,32.86467486818981,70.54481546572936,27.90861159929701,40.87873462214412,78.48857644991213,59.29701230228471,65.79964850615114,74.72759226713534,44.18277680140598
CCC(CC)COC(=O)c1ccc(O[P@@](=O)(O)N[C@@H](C)C(=O)OCC(CC)CC)cc1,457.50400000000025,4.716300000000004,6,2,4.0,0.3050328619765109,2,111.16,0,1,2,0.06660508,0.6274538,0.77710116,0.23948899,0.30575106,0.3158478,0.2757388,0.35001385,0.31062216,0.7061566,0.45747328,0.2155817,0.22826037,0.4470977,0.9897804,0.025158525,0.04661258,0.05720768,0.10967438,0.08334082,0.18923287,0.14050265,0.8473547,0.61081123,0.23318394,0.021914918,0.07172338,0.24038382,0.07358787,0.4598991,0.7346573,-5.176185,79.38017,116.25073,39.986988,-10.89523,2.9720745,3.7889423,97.68146,-3.7708085,10.681392,77.11775043936731,86.08084358523726,72.46045694200352,61.37082601054482,63.44463971880493,20.667838312829527,69.84182776801407,74.30579964850615,47.59226713532514,66.52021089630932,95.07908611599298,18.242530755711776,42.39015817223199,46.18629173989456,68.68189806678383,74.58699472759227,88.96309314586996,79.89455184534272,80.0,77.68014059753955,81.47627416520211,80.87873462214412,62.70650263620387,72.9701230228471,52.4780316344464,39.64850615114236,71.63444639718806,74.58699472759227,64.42882249560633,76.4499121265378,84.11247803163445,82.07381370826012,91.38840070298772,57.15289982425308,81.58172231985941,65.48330404217927,65.76449912126539,78.73462214411248,76.20386643233743,67.20562390158173,41.792618629174,74.2706502636204,36.94200351493849,79.47275922671353,92.9701230228471,75.7469244288225,63.69068541300528,80.8084358523726,92.40773286467488,84.25307557117752,36.90685413005273,91.14235500878736
CCC(COC(=O)[C@H](C)N[P@@](=O)(Oc1ccccc1)OP(=O)(O)O)C(C)O,425.311,2.2111000000000014,7,4,4.0,0.3066785144123923,4,151.62,0,1,2,0.049288742,0.5074817,0.6218364,0.15086396,0.3048345,0.18806289,0.17769548,0.07463751,0.36651438,0.25827438,0.1239812,0.37086612,0.21407,0.3534494,0.55919003,0.014305221,0.05036506,0.03916323,0.04122261,0.063490726,0.2181397,0.047568273,0.15476283,0.111287616,0.15288177,0.009157866,0.020762332,0.030264389,0.025025744,0.42434582,0.34440082,-5.9235396,9.266893,43.866627,0.33582097,-16.542807,2.923233,1.0865283,77.047676,-1.228129,0.40259594,71.07205623901582,47.697715289982426,79.85940246045695,86.90685413005274,63.44463971880493,20.949033391915645,81.28295254833041,86.1511423550088,47.59226713532514,66.52021089630932,95.07908611599298,13.11072056239016,33.35676625659051,24.46397188049209,61.51142355008788,74.55184534270651,67.17047451669596,73.81370826010546,39.472759226713535,80.42179261862918,33.391915641476274,60.87873462214412,85.09666080843586,71.59929701230229,46.88927943760984,16.55536028119508,57.57469244288225,77.11775043936731,58.91036906854131,60.31634446397189,80.14059753954307,85.27240773286468,79.47275922671353,19.929701230228478,54.1652021089631,55.008787346221446,49.42003514938489,55.782073813708266,47.697715289982426,46.57293497363796,37.4340949033392,54.20035149384886,15.360281195079088,25.026362038664324,64.53427065026362,22.88224956063269,27.17047451669596,78.76977152899825,46.74868189806679,53.04042179261863,81.23022847100177,39.0158172231986
CCC(C)COC(=O)[C@H](C)N[P@@](=O)(Oc1ccccc1C)OP(=O)(O)O,409.31200000000007,3.158620000000002,6,3,4.0,0.39375263720361,3,131.39,0,1,2,0.06389455,0.5607965,0.6752021,0.30677286,0.45233792,0.2751469,0.2840559,0.13579941,0.45181084,0.41091624,0.23095289,0.4248844,0.2096709,0.4336273,0.73279804,0.019171366,0.04695026,0.073837996,0.115767516,0.10942356,0.24544506,0.12717494,0.37176073,0.25607768,0.27447194,0.020547302,0.04673865,0.16156904,0.056999426,0.45995268,0.4880034,-5.667708,12.570952,49.997105,6.2716866,-14.083186,2.9544353,1.8197101,87.19409,-1.5992825,0.30150145,67.55711775043937,63.62038664323375,72.46045694200352,78.20738137082601,63.44463971880493,32.37258347978911,76.60808435852373,81.792618629174,47.59226713532514,66.52021089630932,95.07908611599298,17.504393673110723,37.50439367311073,30.08787346221441,72.82952548330405,83.33919156414764,83.90158172231986,80.28119507908612,57.89103690685413,83.62038664323376,47.38137082601055,69.8066783831283,89.3145869947276,71.0017574692443,51.880492091388405,20.351493848857647,64.78031634446398,74.79789103690686,67.97891036906854,77.36379613356767,87.5219683655536,87.38137082601055,90.5096660808436,29.068541300527244,66.08084358523726,68.78734622144113,64.81546572934974,71.14235500878735,70.54481546572936,62.24956063268893,41.792618629174,62.14411247803164,20.175746924428825,28.681898066783837,68.6115992970123,33.35676625659051,40.80843585237259,79.96485061511424,58.80492091388401,64.63971880492092,76.37961335676626,38.277680140597546
c1ccccc1,78.11399999999999,1.6866,0,0,4.0,0.4426283718993647,0,0.0,0,0,0,0.107249275,0.9965145,0.9346693,0.74305284,0.25208634,0.18014565,0.011040106,0.14395273,0.013429063,0.1989631,0.0006613412,0.10824688,0.0055896505,0.19080284,0.9999999,0.00046670096,0.006178832,0.003003809,0.001204231,0.0025269967,0.07668113,0.0009735032,0.98893607,0.0023344152,0.008173097,0.0005221941,0.0048828116,0.0028337303,0.00044784564,0.799183,0.036796518,-3.9824054,115.73434,51.19057,6.986534,-0.8032894,1.7161579,1.8650427,53.09388,-1.6297617,0.66756904,2.636203866432337,40.03514938488577,1.933216168717048,11.63444639718805,63.44463971880493,38.55887521968366,22.601054481546576,1.810193321616872,47.59226713532514,25.869947275922677,37.188049209138846,28.998242530755714,99.75395430579964,91.493848857645,88.92794376098419,70.08787346221442,65.27240773286468,33.35676625659051,59.22671353251319,28.927943760984185,26.60808435852373,15.360281195079088,32.970123022847105,4.780316344463972,33.145869947275926,99.402460456942,2.0738137082601056,9.068541300527242,19.297012302284717,12.759226713532517,7.908611599297013,43.33919156414763,18.523725834797894,96.8365553602812,20.70298769771529,2.6010544815465733,9.103690685413008,27.6274165202109,22.39015817223199,3.093145869947276,84.92091388400704,20.45694200351494,98.48857644991212,92.26713532513182,69.63093145869948,34.62214411247803,97.89103690685414,11.07205623901582,59.507908611599305,30.72056239015817,75.85237258347979,42.14411247803164
CCC(CC)C(O)C(C=O)(CC)CC,200.32199999999995,2.788800000000001,2,1,4.0,0.6415732041823,1,37.3,0,1,1,0.11572035,0.9693898,0.8232834,0.041094773,0.1547567,0.16060147,0.04222844,0.2199178,0.025808891,0.501639,0.031526126,0.12014532,0.02747218,0.15064679,0.9999153,0.0045405077,0.01049917,0.0024681748,0.0070294803,0.007748329,0.033061303,0.0044976226,0.97997916,0.02085124,0.034824017,0.0011971467,0.01974166,0.0070887236,0.002904585,0.73000324,0.14327472,-4.0907593,135.83173,86.63998,34.387634,-4.047047,1.6191957,2.3531942,57.408123,-2.900714,6.6802664,17.855887521968366,58.17223198594025,17.10017574692443,36.59050966608085,63.44463971880493,65.58875219683657,55.32513181019333,19.68365553602812,47.59226713532514,66.52021089630932,83.09314586994728,31.247803163444644,85.13181019332163,56.20386643233744,44.49912126537786,60.105448154657296,59.613356766256594,53.286467486818985,70.15817223198594,39.40246045694201,55.95782073813709,44.88576449912127,37.11775043936731,17.398945518453427,27.732864674868196,75.11423550087873,25.72934973637961,19.47275922671353,16.871704745166962,34.797891036906854,28.50615114235501,7.943760984182777,43.62038664323375,92.688927943761,38.66432337434095,19.05096660808436,17.223198594024606,54.76274165202109,32.4780316344464,13.74340949033392,76.27416520210897,36.555360281195085,97.01230228471005,95.92267135325132,86.50263620386644,71.81019332161688,94.93848857644991,8.224956063268893,68.04920913884007,33.81370826010545,54.6572934973638,81.01933216168717
CCC(C)(C)COC(=O)[C@H](C)N[P@](=O)(O)Oc1ccccc1,329.333,3.1233000000000013,4,2,4.0,0.5629217238271337,2,84.86,0,1,2,0.07725115,0.74872005,0.8125927,0.09695847,0.12469722,0.26368788,0.05348893,0.31703687,0.26025972,0.53561836,0.052625835,0.22251138,0.16893877,0.1863102,0.98824465,0.010583315,0.023313105,0.012796709,0.032514468,0.061176352,0.16964516,0.06413739,0.81933534,0.22538772,0.13029598,0.005739694,0.03345357,0.10419695,0.021386558,0.62509173,0.5288057,-5.078803,49.590427,64.967636,8.643847,-9.604049,2.9714007,2.6997592,83.258316,-2.3143058,4.1083646,48.99824253075572,62.88224956063269,48.55887521968366,61.37082601054482,63.44463971880493,55.36028119507909,69.84182776801407,57.9261862917399,47.59226713532514,66.52021089630932,95.07908611599298,21.86291739894552,52.97012302284711,53.25131810193322,55.07908611599297,55.92267135325133,82.63620386643234,56.09841827768015,77.89103690685414,75.43057996485062,59.613356766256594,50.50966608084359,64.11247803163445,65.48330404217927,33.00527240773287,38.73462214411248,48.64674868189808,46.5377855887522,43.23374340949034,56.94200351493849,79.54305799648508,79.26186291739896,83.02284710017575,53.67311072056239,63.93673110720563,51.00175746924429,40.45694200351494,63.79613356766257,65.06151142355009,43.514938488576455,63.8664323374341,64.42882249560633,40.98418277680141,63.47978910369069,77.89103690685414,37.46924428822496,73.0755711775044,80.73813708260106,74.48154657293497,59.43760984182777,65.16695957820738,69.66608084358525
CCC(COC(O)[C@H](C)N[P@@](=O)(Oc1ccccc1)OP(=O)(O)O)C(C)O,427.32700000000006,2.0029,7,5,4.0,0.2470479671577591,5,154.78,0,2,3,0.027655954,0.42840385,0.61202127,0.078821585,0.22893465,0.1095299,0.11722267,0.07072244,0.29426733,0.1841263,0.07673886,0.25640425,0.11358966,0.28663403,0.53622913,0.0064155543,0.04345146,0.02323382,0.025254482,0.040136494,0.18865621,0.02987057,0.122131385,0.09982961,0.09038846,0.0034621754,0.007886239,0.024758149,0.008354144,0.37964433,0.31732875,-6.097501,10.685666,43.38172,3.3133934,-18.507633,2.7750046,1.1301644,74.87578,-1.2721711,1.1478868,71.52899824253076,44.60456942003516,79.85940246045695,91.493848857645,63.44463971880493,14.868189806678384,85.04393673110721,86.50263620386644,47.59226713532514,87.9261862917399,98.89279437609842,7.416520210896309,27.59226713532513,23.51493848857645,52.44288224956064,68.08435852372584,40.38664323374341,67.94376098418279,37.82073813708261,76.97715289982426,25.13181019332162,54.55184534270651,69.94727592267137,54.27065026362039,41.968365553602816,16.168717047451672,34.86818980667839,72.091388400703,51.493848857645,53.46221441124781,70.54481546572936,82.03866432337435,73.49736379613357,18.383128295254835,52.93497363796134,41.335676625659055,32.26713532513181,36.27416520210897,44.99121265377856,26.92442882249561,31.318101933216173,51.73989455184535,12.583479789103691,26.748681898066785,64.21792618629175,27.90861159929701,20.351493848857647,70.40421792618629,47.45166959578208,50.966608084358526,80.7029876977153,47.38137082601055
CCC(CC)[C@](C)(N[P@](=O)(O)Oc1ccccc1)C(=O)OC,329.3330000000001,3.1233000000000013,4,2,4.0,0.5629217238271336,2,84.86,0,1,2,0.13875726,0.8042313,0.7749836,0.026347175,0.54847026,0.2478766,0.36007515,0.1110159,0.034619883,0.5473979,0.4500547,0.1307514,0.05981142,0.5096433,0.99973565,0.00952694,0.021741264,0.029052611,0.050126553,0.021539282,0.088016264,0.032333974,0.90016747,0.2688746,0.14111969,0.0077142804,0.051028233,0.09545358,0.020044258,0.4450136,0.33777446,-4.946231,71.55428,76.42012,2.1572018,-9.352453,2.8276293,2.8156242,83.388084,-2.5662742,2.6940022,48.99824253075572,62.88224956063269,48.55887521968366,61.37082601054482,63.44463971880493,55.36028119507909,69.84182776801407,57.9261862917399,47.59226713532514,66.52021089630932,95.07908611599298,35.887521968365554,57.57469244288225,45.76449912126538,39.89455184534271,86.88927943760984,79.33216168717048,84.25307557117752,50.50966608084359,43.3743409490334,60.94903339191565,80.56239015817224,40.38664323374341,36.27416520210897,56.06326889279438,67.76801405975397,45.97539543057997,43.69068541300528,54.833040421792624,63.62038664323375,56.41476274165203,50.017574692442885,74.37609841827769,65.30755711775045,66.95957820738138,52.68892794376099,45.659050966608085,72.93497363796135,63.76098418277681,42.1792618629174,39.85940246045695,53.60281195079087,49.3145869947276,75.53602811950792,82.95254833040423,25.76449912126538,74.76274165202109,73.67311072056239,76.3444639718805,59.64850615114237,60.21089630931459,60.45694200351495
CCN[P@](=O)(O)Oc1ccccc1C(=O)OCC(CC)CC,329.33300000000014,3.3683000000000023,4,2,4.0,0.5336080890722879,1,84.86,0,1,2,0.024487367,0.8298133,0.8883114,0.41758886,0.4169392,0.4010234,0.28097185,0.37649542,0.23668918,0.5936078,0.122795366,0.19373961,0.13238817,0.4766663,0.9990484,0.0068224287,0.022883207,0.08087671,0.04651885,0.026913797,0.1182881,0.057498135,0.9327897,0.31833172,0.10285385,0.0076691075,0.021395098,0.17116596,0.017590528,0.4282566,0.52768236,-4.912016,67.17561,77.80385,15.38824,-9.790972,2.94936,2.7475827,81.51744,-2.386949,6.9686356,48.99824253075572,66.71353251318102,48.55887521968366,61.37082601054482,63.44463971880493,50.966608084358526,55.32513181019333,57.9261862917399,47.59226713532514,66.52021089630932,95.07908611599298,6.608084358523726,60.281195079086125,74.44639718804922,78.17223198594026,82.00351493848858,95.28998242530756,80.17574692442884,81.47627416520211,73.56766256590511,66.85413005272409,60.84358523725835,57.53954305799649,58.66432337434095,54.55184534270651,56.8365553602812,36.30931458699473,45.834797891036914,68.85764499121267,62.17926186291741,61.12478031634447,65.58875219683657,81.82776801405976,73.14586994727593,69.66608084358525,44.99121265377856,45.58875219683656,56.52021089630932,71.56414762741653,39.29701230228471,37.71528998242531,64.3585237258348,51.77504393673111,73.53251318101934,83.44463971880492,49.59578207381372,72.16168717047452,79.78910369068542,75.3602811950791,57.50439367311073,64.00702987697716,82.1792618629174
CCC1COC(O)[C@H](C)N[P@@](=O)(Oc2ccccc2)OP(=O)(O)OC1C,409.31200000000007,3.048500000000001,7,3,4.0,0.64634417712277,6,123.55,0,1,3,0.27951485,0.5860596,0.76377743,0.03767223,0.42553383,0.1783571,0.18728021,0.101845786,0.14778087,0.43673667,0.22607848,0.26527792,0.14363244,0.5493203,0.83857,0.011998933,0.029732171,0.05299756,0.12041934,0.037635453,0.16385749,0.07818793,0.47898215,0.3735257,0.2747237,0.020248998,0.027193949,0.16283171,0.045515306,0.36048645,0.43525535,-5.8122,5.293779,44.029255,-5.0688167,-16.202185,3.1803505,1.7280753,76.06932,-1.4114386,-1.0138468,67.55711775043937,61.968365553602816,79.85940246045695,78.20738137082601,63.44463971880493,66.32688927943761,88.10193321616873,80.0,47.59226713532514,66.52021089630932,98.89279437609842,57.96133567662567,39.26186291739895,43.514938488576455,43.65553602811951,82.42530755711776,64.88576449912127,74.69244288224957,48.01405975395431,67.24077328646749,49.13884007029878,69.42003514938489,71.95079086115993,60.94903339191565,57.57469244288225,23.83128295254833,52.196836555360285,56.06326889279438,63.30404217926187,78.24253075571178,69.17398945518454,78.20738137082601,85.27240773286468,33.145869947275926,72.44288224956064,68.78734622144113,64.60456942003516,60.38664323374341,70.7908611599297,58.59402460456943,28.78734622144113,59.64850615114237,17.398945518453427,19.96485061511424,64.56942003514939,13.919156414762742,28.54130052724077,87.6274165202109,57.08260105448155,51.95079086115994,78.55887521968366,25.483304042179263
CCC(CC)COC(=O)[C@H](C)N[P@@](=O)(Oc1cccc(C)c1)OP(=O)(O)O,423.3390000000001,3.548720000000003,6,3,4.0,0.3610660166256901,2,131.39,0,1,2,0.054537725,0.55153245,0.68275714,0.3287055,0.46378374,0.28994235,0.3132762,0.16286024,0.4884277,0.44458804,0.29170322,0.40672177,0.21875039,0.44269958,0.7557217,0.020111762,0.052554168,0.078907594,0.12302427,0.10658421,0.24899995,0.13583973,0.4169115,0.32590514,0.27181512,0.019495929,0.046968706,0.17490217,0.05449589,0.4595979,0.54500693,-5.688691,16.378391,54.343792,11.427527,-13.927945,2.8416562,1.9889923,89.356186,-1.7256327,1.2973868,70.68541300527241,70.08787346221442,72.46045694200352,78.20738137082601,63.44463971880493,28.1195079086116,69.84182776801407,81.792618629174,47.59226713532514,66.52021089630932,95.07908611599298,14.51669595782074,36.76625659050967,31.07205623901582,74.13005272407733,83.76098418277681,86.1511423550088,81.82776801405976,62.84710017574693,84.85061511423551,49.98242530755712,73.49736379613357,87.97891036906854,72.02108963093147,52.337434094903344,21.265377855887525,66.22144112478033,78.31282952548331,68.7170474516696,78.73462214411248,87.17047451669596,87.59226713532514,91.21265377855887,30.615114235500883,69.9121265377856,68.68189806678383,63.79613356766257,71.21265377855889,71.84534270650265,61.86291739894553,41.75746924428823,65.23725834797892,19.75395430579965,32.86467486818981,71.70474516695958,42.601054481546576,41.968365553602816,74.55184534270651,62.35500878734623,68.36555360281196,74.72759226713534,49.42003514938489
CCC(CC)COC(=O)[C@H](C)N[P@@](=O)(Oc1cccc(CC=C(C)C)c1)OP(=O)(O)O,477.4310000000002,4.749000000000006,6,3,4.0,0.2091868294113611,2,131.39,0,2,2,0.06574559,0.51357734,0.60490763,0.4171791,0.46573824,0.2465009,0.3277533,0.20633917,0.624146,0.53265256,0.3453282,0.4154098,0.22575185,0.3390495,0.72006977,0.020769903,0.040905666,0.07970039,0.19517735,0.15289384,0.26863518,0.16622737,0.4658154,0.39638442,0.36188594,0.020994036,0.09079963,0.26992217,0.08181622,0.53918755,0.68060195,-5.6649194,21.072422,66.74579,19.459785,-13.707174,2.8007817,2.5177646,94.511696,-2.1719296,1.9787076,79.85940246045695,86.5377855887522,72.46045694200352,78.20738137082601,63.44463971880493,12.16168717047452,69.84182776801407,81.792618629174,47.59226713532514,87.9261862917399,95.07908611599298,18.031634446397188,33.743409490333924,22.987697715289983,78.17223198594026,83.83128295254834,78.98066783831284,82.21441124780317,68.64674868189807,88.11950790861161,59.33216168717048,76.4499121265378,88.64674868189807,72.79437609841828,45.90509666080844,20.14059753954306,67.06502636203867,69.98242530755712,68.7170474516696,86.11599297012303,91.42355008787348,88.89279437609842,92.89982425307558,32.653778558875224,73.63796133567664,75.46572934973639,65.09666080843586,82.1792618629174,77.60984182776802,69.59578207381371,52.30228471001758,71.14235500878735,20.210896309314588,38.76977152899825,78.84007029876977,57.11775043936731,43.30404217926187,71.9859402460457,71.38840070298771,77.75043936731107,68.04920913884007,55.07908611599297
CCC(C)COC(=O)[C@H](C)N[P@@](=O)(Oc1ccc(C)cc1)OP(=O)(O)O,409.31200000000007,3.158620000000002,6,3,4.0,0.39375263720361,3,131.39,0,1,2,0.06929414,0.53534514,0.67731583,0.34192476,0.49255913,0.28966054,0.32577604,0.14200282,0.4393863,0.44213158,0.26739353,0.4197517,0.22116944,0.47129592,0.73794866,0.02398457,0.051850855,0.0861639,0.14626801,0.13843815,0.27027506,0.15425585,0.39082128,0.2951371,0.30469713,0.028836321,0.055075765,0.21764505,0.071552716,0.44680014,0.50450724,-5.700077,14.758331,52.050354,7.611029,-14.112712,2.8718116,1.8451487,87.83899,-1.6158653,0.6596606,67.55711775043937,63.62038664323375,72.46045694200352,78.20738137082601,63.44463971880493,32.37258347978911,76.60808435852373,81.792618629174,47.59226713532514,66.52021089630932,95.07908611599298,19.086115992970125,35.39543057996485,30.298769771529003,74.58699472759227,84.88576449912128,86.1511423550088,82.21441124780317,59.0158172231986,83.16344463971882,49.77152899824254,71.9859402460457,88.85764499121267,72.33743409490334,54.23550087873463,20.597539543058,70.57996485061513,77.99648506151144,69.45518453427066,81.33567662565906,90.5096660808436,88.99824253075572,92.23198594024603,29.77152899824253,68.47100175746925,70.7908611599297,69.49033391915643,74.2706502636204,74.90333919156416,66.85413005272409,39.96485061511424,62.98769771528999,19.507908611599294,31.142355008787348,70.05272407732865,35.67662565905097,40.66783831282953,75.95782073813709,59.19156414762743,65.90509666080844,76.09841827768015,42.108963093145874
CCC(CC)C(C)C(CC)COC(=O)[C@H](C)N[P@@](=O)(Oc1ccccc1)OP(=O)(O)O,479.4470000000001,4.902600000000006,6,3,4.0,0.251687735582507,4,131.39,0,1,2,0.053122886,0.6059005,0.61790115,0.20166636,0.35834283,0.24479178,0.24002752,0.17522255,0.62955683,0.5247629,0.2875687,0.41706544,0.18647435,0.277884,0.75935847,0.010113696,0.027912572,0.022954673,0.10404001,0.109488145,0.2524408,0.14834504,0.50006306,0.40825447,0.27170417,0.0070736283,0.059309013,0.19964035,0.035491414,0.6399668,0.6899593,-5.6800165,16.498468,63.450256,29.220203,-13.476675,2.8753622,2.4973793,93.77162,-2.1523724,4.140399,80.1054481546573,87.80316344463972,72.46045694200352,78.20738137082601,63.44463971880493,15.430579964850615,81.28295254833041,81.792618629174,47.59226713532514,66.52021089630932,95.07908611599298,14.165202108963094,40.63268892794377,24.11247803163445,65.90509666080844,78.4182776801406,78.69947275922672,77.89103690685414,64.60456942003516,88.18980667838314,58.558875219683664,73.28646748681899,88.7170474516696,67.97891036906854,41.37082601054482,21.370826010544818,47.7328646748682,53.21616871704746,51.28295254833041,75.88752196836556,87.5219683655536,87.80316344463972,92.091388400703,34.20035149384886,74.0597539543058,68.68189806678383,44.04217926186292,75.71177504393674,73.95430579964851,53.60281195079087,66.29173989455185,71.49384885764499,19.929701230228478,33.00527240773287,76.97715289982426,68.15465729349737,44.67486818980668,76.16871704745168,71.0017574692443,76.20386643233743,68.40070298769773,69.98242530755712
CCC(C)(CC)COC(=O)[C@H](C)N[P@](=O)(O)Oc1ccccc1,343.36000000000007,3.5134000000000016,4,2,4.0,0.527104433758368,2,84.86,0,1,2,0.084160045,0.7818759,0.7731246,0.12587324,0.12912004,0.24947056,0.06717308,0.34241152,0.3659435,0.55063486,0.09833646,0.22106314,0.20413971,0.17740548,0.98426026,0.01381127,0.027066667,0.016315758,0.034665026,0.054526575,0.15868625,0.065623954,0.8169214,0.26905876,0.13528341,0.0058638444,0.03863742,0.09095003,0.023188736,0.6607316,0.6178764,-5.097473,52.674366,72.43013,20.324423,-9.654758,2.990903,2.894855,86.05957,-2.5881336,6.3142123,52.26713532513182,69.27943760984184,48.55887521968366,61.37082601054482,63.44463971880493,49.94727592267136,69.84182776801407,57.9261862917399,47.59226713532514,66.52021089630932,95.07908611599298,23.690685413005276,55.50087873462215,45.34270650263621,59.19156414762743,56.59050966608085,79.82425307557118,59.82425307557119,79.5079086115993,80.42179261862918,61.47627416520211,57.9261862917399,63.72583479789104,70.36906854130054,31.669595782073817,37.01230228471002,56.30931458699473,52.02108963093146,46.5377855887522,57.9261862917399,77.11775043936731,77.08260105448156,83.30404217926187,53.42706502636205,66.95957820738138,51.70474516695958,40.98418277680141,67.1353251318102,63.09314586994728,44.88576449912127,68.40070298769773,68.33040421792619,40.38664323374341,65.79964850615114,81.40597539543059,58.418277680140605,72.72407732864676,81.51142355008788,77.78558875219684,62.81195079086117,60.03514938488577,79.64850615114236
CCC(CC)COC(=O)[C@H](C)N[P@](=O)(O)Oc1ccccc1CC=C(C)C,397.45200000000017,4.632000000000004,4,2,4.0,0.3216510876165918,2,84.86,0,2,2,0.095485605,0.787086,0.7465731,0.27267775,0.36890864,0.29649353,0.2140378,0.41784072,0.49858636,0.71759313,0.46434584,0.22481838,0.20637457,0.29158697,0.9973453,0.014225638,0.02054678,0.060963787,0.12564088,0.064123616,0.14772809,0.10967586,0.90688145,0.63345087,0.2791336,0.013120212,0.1048495,0.30555886,0.06129386,0.61247814,0.8312909,-5.2011805,68.350716,97.70321,28.125345,-9.495098,2.7202766,3.579811,95.88853,-3.4187884,7.6090293,64.92091388400704,85.20210896309315,48.55887521968366,61.37082601054482,63.44463971880493,23.02284710017575,69.84182776801407,57.9261862917399,47.59226713532514,87.9261862917399,95.07908611599298,26.432337434094904,56.02811950790861,40.45694200351494,71.17750439367312,78.91036906854131,86.99472759226714,76.4499121265378,83.33919156414764,85.16695957820738,83.3743409490334,81.23022847100177,64.53427065026362,70.68541300527241,42.53075571177505,48.85764499121266,57.39894551845343,41.40597539543058,65.4481546572935,79.05096660808437,80.24604569420036,73.77855887521969,89.13884007029878,66.92442882249561,82.8822495606327,69.17398945518454,56.76625659050967,84.60456942003516,79.36731107205624,63.65553602811951,62.56590509666081,81.47627416520211,35.85237258347979,73.98945518453428,89.42003514938489,67.06502636203867,73.63796133567664,67.45166959578208,89.8066783831283,80.49209138840071,43.93673110720563,84.14762741652022
CCC(CC)COC(=O)[C@H](C)N[P@@](=O)(OC(=O)C=CC=CC=O)OP(=O)(O)O,441.3100000000001,2.0158000000000005,8,3,4.0,0.125789607434146,2,165.52999999999997,0,4,2,0.40545917,0.4384466,0.27560043,0.0838816,0.33311328,0.077083625,0.18399253,0.029116977,0.28701884,0.3003257,0.1248703,0.37320143,0.23758069,0.21330385,0.07563037,0.11358271,0.046337415,0.020117374,0.069558345,0.2700199,0.24242094,0.1319819,0.057202756,0.05143367,0.4890358,0.15257016,0.14544797,0.03355319,0.212449,0.6236592,0.20292154,-5.880535,5.1037374,52.028423,7.118407,-16.492971,3.1080017,1.1248432,82.50926,-1.6448599,-0.20218483,74.09490333919157,45.061511423550094,84.51669595782074,78.20738137082601,63.44463971880493,6.362038664323375,69.84182776801407,88.26010544815466,47.59226713532514,99.27943760984184,95.07908611599298,70.75571177504395,28.26010544815466,8.857644991212654,53.04042179261863,76.2390158172232,30.08787346221441,74.48154657293497,22.35500878734622,76.4499121265378,37.609841827768015,61.08963093145871,85.37785588752197,73.88400702987698,35.99297012302285,7.205623901581723,90.54481546572936,74.34094903339192,49.13884007029878,69.27943760984184,95.00878734622144,87.2407732864675,90.896309314587,14.235500878734625,46.115992970123024,82.95254833040423,91.24780316344464,88.78734622144113,49.42003514938489,85.65905096660809,63.55008787346222,42.53075571177505,16.2390158172232,19.68365553602812,70.01757469244289,34.72759226713533,27.31107205623902,85.83479789103691,47.34622144112478,58.45342706502637,75.60632688927944,33.427065026362044
CCC(CC)COC(=O)[C@H](C)N[P@@](=O)(Oc1ccccc1)OP(=O)(O)O,409.31200000000007,3.240300000000002,6,3,4.0,0.3721723445993768,2,131.39,0,1,2,0.042574607,0.58224696,0.65460455,0.26302418,0.39920458,0.265467,0.25741076,0.11722781,0.45831147,0.33969605,0.17146158,0.42881116,0.21589835,0.40122372,0.6899532,0.016258456,0.048950113,0.056412525,0.07728555,0.093454964,0.25316697,0.09981259,0.29758763,0.21431255,0.2135253,0.014236609,0.035150494,0.098113015,0.03779503,0.45662603,0.44112068,-5.6809096,13.6915,49.94283,8.66351,-14.002948,2.9152572,1.8187355,87.18374,-1.6521444,1.0882871,67.55711775043937,64.88576449912127,72.46045694200352,78.20738137082601,63.44463971880493,29.701230228471005,69.84182776801407,81.792618629174,47.59226713532514,66.52021089630932,95.07908611599298,11.212653778558876,39.12126537785589,27.416520210896312,70.65026362038665,81.01933216168717,82.8822495606327,79.0158172231986,52.16168717047452,83.83128295254834,41.01933216168717,65.48330404217927,89.45518453427066,71.70474516695958,49.87697715289983,19.33216168717048,60.84358523725835,75.95782073813709,64.32337434094904,71.21265377855889,85.79964850615114,87.83831282952549,87.94376098418279,26.32688927943761,63.33919156414763,63.16344463971881,58.17223198594025,64.71001757469244,64.18277680140598,55.008787346221446,41.30052724077329,59.82425307557119,19.929701230228478,29.841827768014063,68.6115992970123,37.50439367311073,41.335676625659055,78.45342706502637,58.80492091388401,64.60456942003516,75.50087873462215,46.67838312829526
CCC(C)(CC)CO,116.20399999999998,1.805,1,1,4.0,0.5958406756278831,0,20.23,0,0,0,0.07198228,0.91843,0.8705867,0.019030472,0.015447617,0.1130654,0.004095743,0.43048948,0.018457461,0.23155467,0.000552427,0.24957189,0.025425207,0.034852576,0.9979763,0.0035411865,0.007995598,0.0013937938,0.0018951896,0.0092229,0.040983118,0.0024298225,0.9278309,0.0033989088,0.023287395,0.0004727075,0.0060539413,0.0046709673,0.0014439647,0.78425634,0.080447726,-3.9316742,108.9921,44.737877,35.024395,-2.9855158,1.5894606,1.3124083,37.6262,-1.4813784,6.9669847,4.850615114235501,41.75746924428823,6.854130052724078,36.59050966608085,63.44463971880493,59.40246045694201,22.601054481546576,9.666080843585238,47.59226713532514,25.869947275922677,37.188049209138846,19.859402460456945,71.77504393673111,68.7170474516696,36.48506151142355,21.79261862917399,41.792618629174,20.52724077328647,83.9718804920914,33.84885764499121,31.00175746924429,14.586994727592268,68.57644991212655,16.203866432337435,7.029876977152901,50.298769771529,20.492091388400706,13.286467486818982,11.599297012302284,17.855887521968366,33.286467486818985,13.81370826010545,32.44288224956063,71.77504393673111,23.97188049209139,12.126537785588754,8.506151142355009,31.21265377855888,27.94376098418278,7.275922671353252,83.58523725834799,29.244288224956065,98.91036906854131,90.72056239015818,65.20210896309315,72.37258347978911,96.37961335676628,7.275922671353252,50.08787346221442,19.086115992970125,77.64499121265379,82.14411247803164
CCC1(CC)COC(O)[C@H](C)N[P@@](=O)(Oc2ccccc2)OP(=O)(O)O1,409.31200000000007,3.192600000000002,7,3,4.0,0.6433066196034374,4,123.55,0,1,2,0.40126175,0.5761657,0.7569233,0.020697061,0.32002053,0.16111955,0.104359746,0.09692374,0.12297501,0.43880692,0.18544784,0.26071256,0.1585518,0.53217614,0.86431515,0.01876372,0.04179486,0.033037357,0.089056574,0.039581627,0.167339,0.069495104,0.44309807,0.29508078,0.24994293,0.024229934,0.031203315,0.0904194,0.057228655,0.41075855,0.3958053,-5.7505274,4.4561267,46.344612,-2.7222939,-15.805017,3.2487712,1.7585278,76.07487,-1.310487,-0.17378941,67.55711775043937,64.14762741652022,79.85940246045695,78.20738137082601,63.44463971880493,65.76449912126539,81.28295254833041,80.0,47.59226713532514,66.52021089630932,95.07908611599298,70.47451669595783,38.66432337434095,41.968365553602816,37.36379613356767,75.43057996485062,59.92970123022848,66.25659050966608,46.60808435852373,63.69068541300528,49.38488576449912,66.50263620386644,70.72056239015818,63.62038664323375,56.94200351493849,24.56942003514939,64.28822495606327,70.54481546572936,56.66080843585237,73.56766256590511,70.15817223198594,78.84007029876977,84.14762741652022,31.70474516695958,68.47100175746925,66.67838312829527,67.1353251318102,62.91739894551846,63.05799648506152,62.31985940246047,35.465729349736385,57.36379613356767,18.34797891036907,19.121265377855888,66.22144112478033,17.680140597539545,30.439367311072058,89.10369068541301,57.71528998242531,51.95079086115994,79.85940246045695,33.81370826010545
CCN[P@@](=O)(Oc1ccccc1C(=O)OCC(CC)CC)OP(=O)(O)O,409.3120000000002,3.485300000000003,6,3,4.0,0.3711214850520596,1,131.39,0,1,2,0.020392371,0.57346433,0.74641305,0.38087797,0.4888503,0.35901707,0.38304543,0.13298641,0.42762256,0.37463975,0.11884475,0.44321948,0.17655408,0.5197755,0.82914793,0.009577271,0.03909127,0.0805076,0.08058046,0.08011608,0.22298598,0.1349453,0.40265855,0.22860527,0.19505508,0.012141223,0.02725405,0.17598541,0.035206165,0.3796106,0.41819555,-5.601758,18.323185,54.416496,9.1778965,-13.914549,2.975182,1.8089917,87.93412,-1.7576641,2.0864463,67.55711775043937,69.06854130052724,72.46045694200352,78.20738137082601,63.44463971880493,29.420035149384887,55.32513181019333,81.792618629174,47.59226713532514,66.52021089630932,95.07908611599298,5.6942003514938495,38.45342706502637,40.421792618629176,76.20386643233743,84.67486818980669,92.8646748681898,85.16695957820738,57.08260105448155,82.91739894551846,43.65553602811951,60.35149384885765,90.298769771529,66.46748681898067,56.344463971880494,23.51493848857645,46.0456942003515,68.43585237258348,68.8224956063269,71.95079086115993,83.51493848857646,85.62390158172232,91.17750439367312,30.123022847100177,64.21792618629175,60.87873462214412,55.64147627416521,60.421792618629176,71.8804920913884,53.39191564147628,31.318101933216173,58.45342706502637,21.687170474516694,35.114235500878735,71.70474516695958,38.31282952548331,42.03866432337434,80.94903339191565,58.62917398945519,66.0456942003515,74.41124780316345,56.02811950790861
CCC[C@H](N[P@@](=O)(Oc1ccccc1)OP(=O)(O)O)C(=O)OCC(CC)CC,437.3660000000003,4.020500000000004,6,3,4.0,0.3091717002349231,2,131.39,0,1,2,0.048435908,0.53793216,0.68661743,0.24784866,0.4268666,0.30710536,0.30778927,0.13243692,0.39214712,0.41502982,0.23288155,0.4018249,0.21543458,0.47179013,0.7457716,0.01833536,0.05276785,0.063656084,0.102450825,0.11497258,0.2689745,0.15688124,0.38064623,0.31701604,0.24581459,0.019191269,0.04196971,0.15675525,0.047505047,0.45670992,0.48588237,-5.6443496,20.899923,58.52014,10.613317,-13.690468,2.8486733,2.176503,90.64195,-1.9384365,1.8561277,73.49736379613357,77.50439367311073,72.46045694200352,78.20738137082601,63.44463971880493,21.441124780316347,69.84182776801407,81.792618629174,47.59226713532514,66.52021089630932,95.07908611599298,12.9701230228471,35.50087873462215,31.70474516695958,69.3145869947276,82.46045694200352,88.18980667838314,81.58172231985941,57.01230228471002,81.44112478031636,47.697715289982426,70.01757469244289,87.76801405975397,71.70474516695958,54.27065026362039,20.878734622144115,63.831282952548335,78.38312829525483,66.08084358523726,75.57117750439367,88.11950790861161,88.89279437609842,92.44288224956064,29.314586994727595,69.66608084358525,66.50263620386644,63.514938488576455,68.75219683655537,70.12302284710019,59.43760984182777,41.335676625659055,62.03866432337435,20.597539543058,38.52372583479789,74.0597539543058,41.37082601054482,43.47978910369069,74.76274165202109,65.37785588752197,70.54481546572936,72.30228471001759,54.13005272407733
CCC(CC)(CC)COC(=O)[C@H](C)N[P@](=O)(O)Oc1ccccc1,357.38700000000006,3.903500000000003,4,2,4.0,0.4878673035019622,2,84.86,0,1,2,0.083136305,0.78557867,0.73220694,0.14931388,0.13013059,0.24089877,0.07809006,0.34040183,0.3951216,0.55267584,0.15705737,0.2196259,0.21529832,0.19316766,0.9818991,0.01749917,0.032476857,0.018087564,0.03398187,0.051235396,0.15524624,0.0686972,0.80261976,0.31049275,0.14068457,0.007194,0.04469607,0.07351412,0.027302623,0.65748775,0.65170527,-5.1056147,58.057213,79.68297,32.989716,-9.871959,2.940892,2.9227693,85.735,-2.6117442,8.899218,55.21968365553603,75.64147627416521,48.55887521968366,61.37082601054482,63.44463971880493,44.53427065026362,69.84182776801407,57.9261862917399,47.59226713532514,66.52021089630932,95.07908611599298,23.44463971880492,55.88752196836556,37.750439367311074,61.335676625659055,56.695957820738144,78.06678383128296,62.14411247803164,79.43760984182778,81.54657293497364,61.72231985940247,64.2530755711775,63.44463971880493,71.66959578207381,33.32161687170475,36.555360281195085,62.67135325131811,59.789103690685415,47.94376098418278,57.50439367311073,75.85237258347979,76.06326889279438,84.00702987697716,52.09138840070299,69.27943760984184,52.61862917398946,44.463971880492096,70.22847100175747,59.92970123022848,48.29525483304042,68.01405975395431,70.08787346221442,40.07029876977153,69.27943760984184,84.04217926186293,70.61511423550088,71.77504393673111,79.40246045694201,78.45342706502637,62.31985940246047,59.613356766256594,87.41652021089632
CCC(CC)(COC=O)[C@H](C)N[P@](=O)(O)Oc1ccccc1,329.333,3.1233000000000013,4,2,4.0,0.5066452309374316,2,84.86,0,2,2,0.12091224,0.76753837,0.7824572,0.1391964,0.13300136,0.23545937,0.09065453,0.22478977,0.20476206,0.41795707,0.11933824,0.23028274,0.16054392,0.28342032,0.97925603,0.014693931,0.032311074,0.018871415,0.01007233,0.018403,0.10765664,0.04050552,0.7148759,0.12633058,0.06293889,0.005288236,0.015516576,0.02172972,0.014548853,0.6315831,0.44178724,-5.113777,47.827415,61.37484,1.0828997,-10.922824,3.0848937,2.435214,77.67226,-2.4461296,1.6944603,48.99824253075572,62.88224956063269,48.55887521968366,61.37082601054482,63.44463971880493,47.24077328646749,69.84182776801407,57.9261862917399,47.59226713532514,87.9261862917399,95.07908611599298,32.12653778558875,54.13005272407733,47.20562390158173,60.49209138840071,57.08260105448155,77.01230228471002,64.39367311072057,70.72056239015818,71.49384885764499,47.94376098418278,60.421792618629176,65.30755711775045,63.8664323374341,41.82776801405976,35.746924428822496,58.34797891036907,59.57820738137083,48.61159929701231,40.45694200351494,52.61862917398946,60.49209138840071,77.3286467486819,44.88576449912127,55.71177504393673,32.40773286467487,39.43760984182777,49.52548330404218,43.65553602811951,35.746924428822496,64.78031634446398,59.92970123022848,39.789103690685415,62.39015817223199,75.7469244288225,24.32337434094904,63.514938488576455,85.30755711775045,69.63093145869948,53.67311072056239,62.53075571177505,52.86467486818981
CCC(CC)COC(N)[C@H](C)N[P@@](=O)(Oc1ccccc1)OP(=O)(O)O,410.3440000000001,2.9985000000000017,6,4,4.0,0.3022244587006393,3,140.34,0,2,3,0.063062906,0.5437648,0.5544764,0.24455181,0.29419,0.09877103,0.12924051,0.18161203,0.5778192,0.22886948,0.13673335,0.29864052,0.14342682,0.20799008,0.5460194,0.010351059,0.06483285,0.06265473,0.058525432,0.050092436,0.22991493,0.03047878,0.247906,0.17009012,0.13166973,0.007384931,0.0169763,0.0560189,0.01633335,0.50659835,0.53317887,-5.974855,12.54347,51.844666,6.0864816,-16.233593,2.8791714,1.6069324,84.05648,-1.7924201,2.0066106,67.66256590509667,61.30052724077329,72.46045694200352,86.90685413005274,63.44463971880493,20.351493848857647,76.60808435852373,83.72583479789104,47.59226713532514,87.9261862917399,98.89279437609842,17.047451669595784,36.13356766256591,19.894551845342708,69.10369068541301,73.98945518453428,36.871704745166966,69.56063268892795,65.48330404217927,87.31107205623903,30.65026362038665,62.46045694200352,76.8365553602812,60.87873462214412,35.254833040421794,16.2390158172232,48.40070298769772,84.00702987697716,65.83479789103691,66.85413005272409,75.32513181019333,86.01054481546574,73.67311072056239,24.14762741652021,59.82425307557119,51.28295254833041,44.9560632688928,51.63444639718806,56.239015817223205,38.10193321616872,47.6274165202109,64.67486818980669,14.51669595782074,28.57644991212654,69.94727592267137,32.89982425307557,28.40070298769772,76.4499121265378,55.2548330404218,60.31634446397189,74.0597539543058,55.39543057996485
CCC(CC)C(=O)OC(=O)O,160.16899999999998,1.6438,3,1,4.0,0.5031895027811248,0,63.60000000000001,0,1,1,0.04926057,0.73956937,0.8773621,0.008037014,0.014514497,0.31560397,0.012266609,0.027688567,0.002259089,0.13517277,0.00013300525,0.3602734,0.054137893,0.6136273,0.962811,0.006655848,0.011704889,0.0047705937,0.0012525133,0.009421828,0.053390414,0.021746578,0.2884205,0.0022629886,0.047050152,0.005711125,0.008660603,0.0023580727,0.010729454,0.4116326,0.008921282,-4.3490953,46.73434,8.111073,-16.437592,-6.86984,1.9728785,-0.41783684,58.22169,-1.086343,-0.20721392,11.24780316344464,39.64850615114236,32.653778558875224,36.59050966608085,63.44463971880493,46.924428822495614,22.601054481546576,41.91564147627417,47.59226713532514,66.52021089630932,83.09314586994728,13.11072056239016,52.09138840070299,70.57996485061513,28.78734622144113,21.0896309314587,88.89279437609842,34.90333919156415,21.79261862917399,7.275922671353252,20.0,6.01054481546573,83.8664323374341,33.84885764499121,60.913884007029885,32.4780316344464,35.85237258347979,22.63620386643234,26.502636203866437,12.9701230228471,33.98945518453427,24.21792618629174,69.52548330404218,25.869947275922677,20.421792618629176,25.553602811950796,40.38664323374341,38.13708260105449,20.316344463971884,30.72056239015817,35.606326889279444,5.483304042179262,90.4042179261863,61.30052724077329,31.810193321616875,3.19859402460457,88.7170474516696,22.35500878734622,24.81546572934974,34.58699472759227,82.46045694200352,33.391915641476274
CCC(CC)COC(=O)[C@H](C)N[P@@](=O)(Oc1ccc(O)cc1)OP(=O)(O)O,425.3110000000001,2.9459000000000017,7,4,4.0,0.3075173859868193,2,151.61999999999998,0,1,2,0.08621473,0.36541966,0.4359025,0.22059253,0.4033192,0.1294702,0.26880032,0.059855003,0.40997887,0.2596078,0.14817867,0.35116702,0.29415604,0.31442264,0.36427414,0.021556552,0.071182154,0.10229795,0.09565894,0.20206085,0.30657625,0.048200507,0.0827656,0.10700767,0.24672103,0.03488023,0.05241388,0.092822164,0.063439324,0.3714172,0.3861671,-5.9170666,17.668743,56.05645,2.9520135,-16.508617,2.8423162,1.6897175,86.32099,-1.6414274,1.6143605,71.07205623901582,60.35149384885765,79.85940246045695,86.90685413005274,63.44463971880493,21.124780316344467,69.84182776801407,86.1511423550088,47.59226713532514,66.52021089630932,95.07908611599298,24.18277680140598,22.95254833040422,13.954305799648507,67.17047451669596,81.26537785588754,49.27943760984184,79.7188049209139,33.708260105448154,82.39015817223199,33.53251318101933,63.58523725834799,83.23374340949034,78.66432337434095,44.21792618629174,13.251318101933215,67.94376098418279,85.83479789103691,71.42355008787347,74.62214411247804,93.39191564147627,90.896309314587,79.6133567662566,16.344463971880494,53.60281195079087,66.57293497363797,71.8804920913884,73.35676625659052,63.23374340949034,64.11247803163445,30.298769771529003,56.94200351493849,15.60632688927944,34.340949033391915,72.86467486818981,27.135325131810195,27.275922671353253,74.55184534270651,56.59050966608085,63.30404217926187,75.71177504393674,52.337434094903344
CCC(CC)COC(=O)[C@H](CO)N[P@@](=O)(Oc1ccccc1)OP(=O)(O)O,425.3110000000001,2.2127,7,4,4.0,0.2896815470137969,2,151.61999999999998,0,1,2,0.069339454,0.5898739,0.5886844,0.23565409,0.4388644,0.20777583,0.25358143,0.09384046,0.4792916,0.30612817,0.18435606,0.4287993,0.24798842,0.37928575,0.521284,0.021668196,0.060691513,0.058734387,0.07839311,0.10186036,0.26238728,0.09034904,0.20301345,0.17801528,0.24029891,0.02118754,0.037978172,0.07074341,0.0495767,0.4543675,0.42293787,-5.8588977,17.034275,53.119366,6.802539,-15.741885,2.833308,1.6826284,87.67244,-1.666601,0.70852447,71.07205623901582,47.7328646748682,79.85940246045695,86.90685413005274,63.44463971880493,18.769771528998245,69.84182776801407,86.1511423550088,47.59226713532514,66.52021089630932,95.07908611599298,19.086115992970125,39.36731107205624,21.51142355008788,68.43585237258348,82.8822495606327,71.77504393673111,78.73462214411248,45.41300527240774,84.53427065026362,38.03163444639719,66.4323374340949,89.45518453427066,74.79789103690686,48.57644991212654,15.817223198594029,68.04920913884007,82.39015817223199,64.85061511423551,71.45869947275924,86.81898066783832,88.50615114235502,86.71353251318102,22.31985940246046,60.24604569420036,66.08084358523726,65.3427065026362,66.81898066783832,59.613356766256594,60.105448154657296,41.0896309314587,58.59402460456943,16.485061511423552,33.602811950790866,70.93145869947277,34.376098418277685,30.755711775043935,74.02460456942003,56.44991212653779,65.69420035149385,75.32513181019333,42.601054481546576
CCC(C)C(C)OC(=O)[C@H](C)N[P@](=O)(O)Oc1ccccc1,329.333,3.121700000000001,4,2,4.0,0.5629268984210184,4,84.86,0,1,2,0.04706946,0.70529616,0.7992667,0.1408743,0.41792473,0.32871488,0.26719102,0.20825157,0.20676184,0.5410818,0.203338,0.2240216,0.103183344,0.37066403,0.9962722,0.007731597,0.020146374,0.032096617,0.06722275,0.052627504,0.15620807,0.10103087,0.8351401,0.37985831,0.16670711,0.0075631007,0.050221723,0.21425197,0.025609085,0.50980026,0.5129161,-5.120311,44.81499,58.792473,6.9696503,-9.556234,2.9302363,2.6109703,81.68387,-2.1697676,3.9062684,48.99824253075572,62.88224956063269,48.55887521968366,61.37082601054482,63.44463971880493,55.36028119507909,81.28295254833041,57.9261862917399,47.59226713532514,66.52021089630932,95.07908611599298,12.618629173989456,48.64674868189808,50.43936731107206,60.63268892794377,82.03866432337435,90.47451669595785,79.68365553602813,68.92794376098419,71.73989455184535,60.105448154657296,68.08435852372584,64.28822495606327,51.59929701230229,47.978910369068544,46.57293497363796,40.24604569420036,40.73813708260106,56.48506151142355,68.92794376098419,76.30931458699473,76.30931458699473,88.08435852372584,55.57117750439368,72.82952548330405,57.29349736379614,45.30755711775044,72.51318101933217,74.72759226713534,46.924428822495614,48.189806678383135,63.55008787346222,39.54305799648507,60.21089630931459,74.1652021089631,34.55184534270651,73.35676625659052,79.12126537785589,73.04042179261863,57.60984182776802,68.11950790861161,68.78734622144113
CCC(C=O)(CC)C(=O)O,144.17,1.0763,2,1,4.0,0.4740822207010215,0,54.370000000000005,0,2,1,0.28940117,0.8388127,0.79959023,0.010820245,0.025118316,0.23544738,0.016155716,0.056793123,0.0060575665,0.25257576,0.0011414762,0.44955745,0.08522306,0.31802547,0.9343031,0.025543775,0.012619825,0.0034035307,0.0033351635,0.013491562,0.049377758,0.031837914,0.46842822,0.0026611553,0.1301844,0.0139530655,0.034850907,0.0028181742,0.033883132,0.62530094,0.0207395,-4.4396615,40.987236,-3.3076491,-12.89827,-8.426313,1.780748,-0.6220134,38.74285,-0.81494236,-2.6060898,8.400702987697716,32.40773286467487,17.10017574692443,36.59050966608085,63.44463971880493,43.09314586994728,22.601054481546576,34.235500878734626,47.59226713532514,87.9261862917399,83.09314586994728,59.12126537785589,61.15992970123023,50.54481546572936,31.177504393673114,28.611599297012305,77.01230228471002,38.10193321616872,32.79437609841828,18.4182776801406,32.61862917398946,18.84007029876977,90.7908611599297,46.467486818980674,44.42882249560633,29.209138840070302,71.8804920913884,25.30755711775044,21.54657293497364,24.710017574692444,44.28822495606328,20.84358523725835,74.1652021089631,32.75922671353251,21.86291739894552,50.966608084358526,57.96133567662567,64.4639718804921,22.39015817223199,52.61862917398946,63.971880492091394,13.286467486818982,85.69420035149386,57.68014059753955,20.808435852372583,5.342706502636204,80.73813708260106,13.11072056239016,22.214411247803167,19.613356766256597,85.86994727592268,12.33743409490334
CCC(CC)COC(=O)[C@H](C)N(C(C)=O)[P@@](=O)(Oc1ccccc1)OP(=O)(O)O,451.3490000000001,3.4992000000000028,7,2,4.0,0.3820482026545928,2,139.67000000000002,0,1,2,0.07926895,0.43525067,0.65950507,0.12700915,0.44130078,0.2937867,0.31446865,0.061751228,0.2892561,0.40023404,0.23026633,0.47792768,0.16641691,0.5656955,0.6593327,0.023954371,0.04428793,0.044333577,0.120330215,0.12900701,0.25935724,0.22268029,0.25034934,0.26317012,0.2958513,0.029816246,0.06028551,0.15582323,0.086737394,0.4687837,0.38573322,-5.6356125,24.486776,50.420982,10.858279,-13.400085,2.7888794,1.3343209,91.52169,-2.0276155,0.97504103,75.92267135325133,69.20913884007031,79.85940246045695,61.37082601054482,63.44463971880493,30.790861159929705,69.84182776801407,83.51493848857646,47.59226713532514,66.52021089630932,95.07908611599298,22.42530755711775,28.08435852372584,28.049209138840077,59.22671353251319,82.98769771528998,86.57293497363797,81.8980667838313,34.235500878734626,76.69595782073814,46.010544815465735,69.73637961335677,92.44288224956064,65.16695957820738,58.418277680140605,18.66432337434095,70.57996485061513,73.0755711775044,60.702987697715294,78.20738137082601,89.24428822495607,88.29525483304043,95.21968365553604,24.21792618629174,66.60808435852373,70.19332161687171,69.87697715289983,75.92267135325133,70.08787346221442,70.54481546572936,42.91739894551846,56.90685413005273,20.808435852372583,43.198594024604574,68.92794376098419,41.86291739894552,45.30755711775044,71.24780316344464,50.68541300527241,72.091388400703,70.75571177504395,45.27240773286468
CCC(CC)COC(=O)[C@@](C)(N[P@](=O)(O)Oc1ccccc1)C(CC)CC,399.4680000000002,4.929700000000005,4,2,4.0,0.3829056272051991,2,84.86,0,1,2,0.070001155,0.74757224,0.7332407,0.038849365,0.4480206,0.23770234,0.39700755,0.1972341,0.10085821,0.69042027,0.7150085,0.12610824,0.090595625,0.43158975,0.9996015,0.00984242,0.025497898,0.019519437,0.05209862,0.029551065,0.09044715,0.052503984,0.93452847,0.61082226,0.17758422,0.0053572794,0.050016053,0.16090143,0.019236356,0.42698726,0.6529732,-5.0810404,93.99976,113.25525,34.94725,-8.355087,2.5992672,3.8261523,97.53964,-3.9690826,8.956988,65.37785588752197,87.97891036906854,48.55887521968366,61.37082601054482,63.44463971880493,30.896309314587,69.84182776801407,57.9261862917399,47.59226713532514,66.52021089630932,95.07908611599298,19.15641476274165,52.93497363796134,37.89103690685413,43.971880492091394,83.16344463971882,77.68014059753955,85.65905096660809,67.41652021089631,60.421792618629176,79.36731107205624,88.8224956063269,38.69947275922672,48.26010544815466,51.70474516695958,63.58523725834799,47.10017574692444,49.87697715289983,48.927943760984185,64.2530755711775,63.09314586994728,51.17750439367312,80.63268892794378,73.81370826010546,81.58172231985941,58.48857644991213,39.57820738137083,72.44288224956064,70.47451669595783,41.05448154657294,37.57469244288225,70.08787346221442,40.91388400702988,85.76449912126539,92.54833040421794,72.30228471001759,81.30052724077329,60.00000000000001,92.89982425307558,84.04217926186293,33.04042179261863,87.55711775043937
CCCC(CC)COC(=O)CN[P@@](=O)(Oc1ccccc1)OP(=O)(O)O,409.312,3.241900000000002,6,3,4.0,0.3515354377735314,2,131.39,0,1,2,0.050105743,0.6811609,0.6859139,0.23760004,0.42992145,0.28423133,0.23633762,0.13363688,0.5073038,0.34301022,0.14958385,0.46969423,0.24111673,0.39568406,0.74422246,0.013811881,0.039471865,0.049723048,0.06279477,0.07173373,0.23759525,0.096659936,0.34055996,0.20810267,0.20204493,0.011644779,0.029778603,0.07694857,0.032793242,0.5083357,0.46923932,-5.695769,17.313778,50.088974,9.075137,-13.747778,2.7961957,1.7158295,89.12543,-1.7626569,1.0571535,67.55711775043937,64.9560632688928,72.46045694200352,78.20738137082601,63.44463971880493,26.99472759226714,69.84182776801407,81.792618629174,47.59226713532514,66.52021089630932,95.07908611599298,13.321616871704746,46.74868189806679,31.634446397188054,68.57644991212655,82.56590509666081,85.16695957820738,77.71528998242532,57.25834797891037,85.5536028119508,41.30052724077329,63.65553602811951,92.02108963093148,74.41124780316345,49.45518453427066,20.808435852372583,56.30931458699473,68.7170474516696,62.601054481546576,68.15465729349737,81.86291739894553,86.67838312829527,87.45166959578208,27.662565905096663,62.95254833040423,61.82776801405976,54.692442882249566,61.968365553602816,60.56239015817224,52.23198594024605,47.978910369068544,60.94903339191565,19.64850615114236,33.84885764499121,68.64674868189807,38.10193321616872,43.16344463971881,71.56414762741653,56.94200351493849,67.97891036906854,74.37609841827769,46.22144112478032
CCC(CC)COC(=O)CN[P@@](=O)(Oc1ccccc1)OP(=O)(O)O,395.285,2.8518000000000017,6,3,4.0,0.382156993787766,1,131.39,0,1,2,0.04253004,0.6544701,0.68131936,0.19755465,0.3754604,0.25186598,0.20082302,0.10966828,0.44007522,0.28096437,0.11060456,0.44657293,0.22758949,0.38341242,0.6962938,0.011844625,0.041193634,0.04511129,0.044135652,0.060301382,0.22801924,0.058293886,0.26759315,0.14961413,0.16456814,0.009503904,0.020991152,0.049116455,0.02410664,0.46825927,0.39002126,-5.7069483,14.750079,47.112946,7.2337327,-13.936465,2.8267593,1.5245222,86.551315,-1.565967,0.84898794,64.60456942003516,59.156414762741655,72.46045694200352,78.20738137082601,63.44463971880493,30.790861159929705,55.32513181019333,81.792618629174,47.59226713532514,66.52021089630932,95.07908611599298,11.212653778558876,44.42882249560633,30.826010544815468,65.37785588752197,79.05096660808437,80.24604569420036,75.60632688927944,50.19332161687171,83.19859402460457,36.02811950790861,59.57820738137083,90.5096660808436,72.93497363796135,48.75219683655536,19.507908611599294,51.73989455184535,70.01757469244289,60.94903339191565,61.47627416520211,79.33216168717048,85.94024604569421,81.96836555360282,25.166959578207383,58.101933216168725,56.871704745166966,50.15817223198594,56.13356766256591,54.48154657293498,45.58875219683656,42.7768014059754,57.15289982425308,19.36731107205624,31.142355008787348,66.74868189806679,35.04393673110721,41.93321616871705,73.56766256590511,54.02460456942004,63.65553602811951,76.76625659050967,44.18277680140598
CCC(CC)COC(O)(C#N)[C@H](C)N[P@@](=O)(Oc1ccccc1)OP(=O)(O)O,436.33800000000014,2.925880000000002,7,4,4.0,0.2179812755754281,3,158.33999999999995,0,3,4,0.0187137,0.41821146,0.66266745,0.18550928,0.34963036,0.2056251,0.2630012,0.08873949,0.3539863,0.30240408,0.15743124,0.30283278,0.16489992,0.40751117,0.6752967,0.009477554,0.05040003,0.038212687,0.05128623,0.076332256,0.23545304,0.075367704,0.21125129,0.17662708,0.14877693,0.0070582265,0.019106427,0.07989808,0.020132512,0.3351747,0.37892956,-5.8213034,7.0450087,56.51941,4.3726344,-16.24052,3.1065183,1.9428961,86.01603,-1.6134388,0.19567433,73.42706502636204,60.24604569420036,79.85940246045695,86.90685413005274,63.44463971880493,12.72407732864675,76.60808435852373,87.2407732864675,47.59226713532514,96.62565905096662,99.68365553602813,5.272407732864675,26.92442882249561,28.295254833040424,64.00702987697716,77.75043936731107,71.17750439367312,79.40246045694201,44.147627416520216,79.96485061511424,37.89103690685413,64.2530755711775,77.46924428822496,64.67486818980669,50.15817223198594,18.980667838312836,45.76449912126538,77.11775043936731,58.59402460456943,63.93673110720563,82.81195079086116,86.46748681898067,84.85061511423551,22.7768014059754,60.140597539543066,54.376098418277685,44.04217926186292,53.919156414762746,61.30052724077329,42.31985940246046,25.37785588752197,56.37961335676626,17.082601054481547,22.14411247803164,73.04042179261863,30.017574692442885,28.365553602811957,85.79964850615114,61.44112478031635,62.74165202108964,76.16871704745168,36.94200351493849
CCC(CC[C@H](C)N[P@](=O)(O)Oc1ccccc1)COC=O,329.3330000000001,3.1233000000000013,4,2,4.0,0.4791684312947691,3,84.86000000000001,0,2,2,0.09551587,0.80191547,0.8560258,0.19063364,0.2059782,0.33842456,0.11326315,0.24622431,0.17240418,0.45996922,0.06690572,0.27091867,0.16279498,0.36924854,0.9905199,0.010363514,0.023313794,0.026808625,0.018309569,0.019083943,0.11349764,0.06974654,0.7713307,0.1914938,0.07503048,0.0067033656,0.02009957,0.046421066,0.017365653,0.60994136,0.4027876,-5.1169596,42.881134,48.60068,1.0500752,-10.805028,3.0275161,2.2474484,74.99393,-2.189419,2.8164573,48.99824253075572,62.88224956063269,48.55887521968366,61.37082601054482,63.44463971880493,43.33919156414763,76.60808435852373,57.96133567662567,47.59226713532514,87.9261862917399,95.07908611599298,26.432337434094904,57.39894551845343,64.99121265377856,64.60456942003516,65.79964850615114,91.45869947275924,67.41652021089631,72.65377855887523,69.701230228471,51.35325131810194,53.11072056239016,72.75922671353251,64.18277680140598,47.94376098418278,39.96485061511424,48.40070298769772,46.5377855887522,53.67311072056239,48.927943760984185,53.53251318101934,63.05799648506152,84.18277680140598,49.2091388400703,61.6871704745167,36.44991212653779,43.30404217926187,55.2548330404218,53.77855887521969,38.98066783831283,62.35500878734623,57.85588752196837,39.68365553602812,59.08611599297013,67.66256590509667,24.14762741652021,64.39367311072057,83.09314586994728,66.4323374340949,51.10720562390159,67.76801405975397,61.58172231985941
CCC(CC)COC(=O)[C@H](C)N[P@@](=O)(Oc1ccccc1C)OP(=O)(O)O,423.3390000000001,3.548720000000003,6,3,4.0,0.3610660166256901,2,131.39,0,1,2,0.054315526,0.5560772,0.67453116,0.29371005,0.4270919,0.27163607,0.27050406,0.1489583,0.47122782,0.41934538,0.24651892,0.402244,0.20562541,0.41794285,0.7351702,0.017741343,0.04993502,0.065770544,0.10473897,0.10122968,0.24533436,0.124232054,0.38736278,0.28472996,0.2532632,0.016651746,0.042157013,0.14487447,0.048886366,0.471852,0.5153399,-5.6616635,13.286047,52.136864,11.124517,-13.970442,2.940913,1.9618578,88.56561,-1.695718,0.98076135,70.68541300527241,70.08787346221442,72.46045694200352,78.20738137082601,63.44463971880493,28.1195079086116,69.84182776801407,81.792618629174,47.59226713532514,66.52021089630932,95.07908611599298,14.481546572934976,37.08260105448155,29.876977152899823,72.23198594024605,82.46045694200352,83.47978910369069,79.78910369068542,60.21089630931459,84.21792618629175,47.94376098418278,70.93145869947277,87.76801405975397,70.61511423550088,50.86115992970124,20.421792618629176,63.05799648506152,76.55536028119509,66.60808435852373,75.92267135325133,86.74868189806679,87.38137082601055,90.26362038664324,29.560632688927942,67.97891036906854,66.88927943760984,61.15992970123023,68.78734622144113,69.13884007029877,59.85940246045695,43.30404217926187,63.58523725834799,20.316344463971884,29.490333919156416,70.12302284710019,42.108963093145874,41.61687170474517,79.40246045694201,61.75746924428823,67.10017574692444,75.04393673110721,45.27240773286468
CCC(CC)COC(=O)CCN[P@@](=O)(Oc1ccccc1)OP(=O)(O)O,409.312,3.241900000000002,6,3,4.0,0.3515354377735314,1,131.39,0,1,2,0.034050304,0.6075195,0.6720258,0.20948648,0.3525427,0.26984778,0.21542577,0.11634594,0.42994317,0.31296706,0.13395223,0.4185525,0.21503873,0.38273987,0.6985584,0.0127440365,0.04374052,0.04413576,0.05322182,0.06619383,0.22714515,0.07923822,0.28937164,0.18284492,0.16729902,0.009085467,0.025786499,0.063963644,0.026371986,0.460855,0.4130106,-5.6898575,19.510834,52.156097,6.718352,-14.170733,2.8473058,1.7299083,88.66732,-1.7583926,1.245324,67.55711775043937,64.9560632688928,72.46045694200352,78.20738137082601,63.44463971880493,26.99472759226714,55.32513181019333,81.792618629174,47.59226713532514,66.52021089630932,95.07908611599298,9.068541300527242,40.73813708260106,29.34973637961336,66.36203866432338,77.99648506151144,83.30404217926187,76.62565905096662,51.880492091388405,82.95254833040423,38.80492091388401,62.14411247803164,88.8224956063269,71.66959578207381,48.75219683655536,19.543057996485064,53.88400702987698,72.54833040421794,60.597539543058005,64.78031634446398,80.7029876977153,85.94024604569421,85.51845342706504,25.869947275922677,60.63268892794377,57.32864674868191,49.13884007029878,59.82425307557119,58.31282952548331,47.697715289982426,41.968365553602816,58.17223198594025,19.75395430579965,36.69595782073814,70.15817223198594,34.20035149384886,40.28119507908612,74.76274165202109,57.15289982425308,67.31107205623903,74.41124780316345,48.506151142355016
CCC(CC)C(O)OC(O)[C@H](C)N[P@@](=O)(Oc1ccccc1)OP(=O)(O)O,427.32700000000006,2.350500000000001,7,5,4.0,0.2479234985180423,4,154.77999999999997,0,2,3,0.024053844,0.4323152,0.5972145,0.11314672,0.29705587,0.12432697,0.17219155,0.07277947,0.38041952,0.20107022,0.112672016,0.27463624,0.11454666,0.3099881,0.5509614,0.0073042894,0.04356457,0.029659603,0.03785052,0.05097454,0.20488802,0.030817974,0.13322666,0.12031522,0.11363359,0.004042468,0.009393575,0.03962616,0.01056443,0.3507052,0.36298102,-6.084754,13.704358,50.995476,5.294446,-18.467924,2.7971272,1.4670404,81.0365,-1.5784569,0.7955012,71.52899824253076,49.66608084358524,79.85940246045695,91.493848857645,63.44463971880493,15.008787346221444,81.28295254833041,86.50263620386644,47.59226713532514,87.9261862917399,98.89279437609842,6.502636203866433,28.014059753954307,22.42530755711775,57.53954305799649,74.09490333919157,47.24077328646749,73.39191564147627,38.80492091388401,80.8084358523726,26.713532513181026,59.82425307557119,73.21616871704745,54.34094903339192,44.07732864674868,16.344463971880494,38.62917398945519,72.26713532513182,55.39543057996485,59.0158172231986,75.78207381370827,84.04217926186293,73.91915641476275,18.910369068541304,55.11423550087874,47.66256590509666,35.149384885764505,39.96485061511424,51.73989455184535,30.40421792618629,27.346221441124783,55.39543057996485,12.72407732864675,29.841827768014063,69.42003514938489,31.564147627416524,20.421792618629176,71.66959578207381,53.04042179261863,56.8365553602812,76.59050966608085,43.7609841827768
C[C@H](N[P@@](=O)(Oc1ccccc1)OP(=O)(O)O)C(=O)O,325.15000000000003,1.3455,5,4,4.0,0.546034465112184,2,142.39,0,1,2,0.029637128,0.58631575,0.42610788,0.05677495,0.34000278,0.08976777,0.16675751,0.011201622,0.21343336,0.07755764,0.012003377,0.4294289,0.24583642,0.3329028,0.15124056,0.0061933966,0.03711368,0.03687228,0.01018565,0.045555368,0.16904327,0.011016583,0.018216271,0.01301414,0.12507865,0.008389232,0.007886044,0.006327045,0.0134875085,0.25647753,0.09343024,-6.421562,-12.408704,25.499722,19.602417,-19.485897,2.9733996,-0.41821176,71.204796,-1.3740479,-1.5510381,48.01405975395431,35.922671353251324,61.880492091388405,86.90685413005274,63.44463971880493,52.86467486818981,69.84182776801407,84.3585237258348,47.59226713532514,66.52021089630932,95.07908611599298,7.908611599297013,39.26186291739895,13.532513181019333,48.29525483304042,77.01230228471002,34.024604569420035,73.04042179261863,13.637961335676628,71.9859402460457,12.759226713532517,35.95782073813709,89.52548330404218,74.69244288224957,45.58875219683656,9.033391915641475,33.63796133567663,66.25659050966608,58.06678383128296,40.597539543058,73.28646748681899,79.08611599297014,59.64850615114237,9.771528998242532,35.32513181019333,49.73637961335677,47.17047451669596,36.27416520210897,31.177504393673114,34.97363796133568,16.098418277680143,30.861159929701238,9.2091388400703,7.732864674868191,50.05272407732865,57.32864674868191,17.680140597539545,80.84358523725835,24.780316344463973,47.34622144112478,79.0158172231986,21.300527240773288
CCC(C)(CC)COC(=O)O,160.213,2.5073,2,1,4.0,0.6425398507734182,0,46.53,0,0,0,0.024345975,0.7873966,0.87378854,0.006300968,0.0124382945,0.16358498,0.0064406106,0.15416048,0.017649094,0.18758738,0.00016854306,0.25630823,0.045027,0.094885185,0.9776934,0.0028625424,0.008017664,0.00072331214,0.001042122,0.011938016,0.064294994,0.008334861,0.6253889,0.0042325123,0.022649964,0.0005531849,0.0038321733,0.0034929342,0.0021520262,0.6271974,0.04266287,-4.2481256,79.650406,33.22721,-9.048782,-5.1229296,1.8362011,0.81599367,73.26219,-2.4942307,1.3137791,11.282952548330403,52.54833040421793,17.10017574692443,36.59050966608085,63.44463971880493,65.76449912126539,22.601054481546576,28.26010544815466,47.59226713532514,25.869947275922677,37.188049209138846,6.537785588752198,56.06326889279438,69.63093145869948,26.5377855887522,18.84007029876977,60.913884007029885,25.553602811950796,61.335676625659055,33.21616871704745,25.51845342706503,6.854130052724078,69.9121265377856,29.560632688927942,18.207381370826013,35.465729349736385,16.906854130052725,13.321616871704746,7.627416520210897,11.24780316344464,40.28119507908612,34.09490333919157,54.72759226713533,39.57820738137083,25.72934973637961,11.739894551845344,9.455184534270652,23.233743409490337,24.46397188049209,10.474516695957822,64.28822495606327,22.46045694200352,94.34094903339192,79.57820738137083,56.48506151142355,8.541300527240773,93.0755711775044,15.500878734622145,43.09314586994728,49.2091388400703,61.652021089630935,49.59578207381372
CCC(CC)COC(=O)[C@H](C)N(P(=O)(O)O)[P@@](=O)(Oc1ccccc1)OP(=O)(O)O,489.29100000000017,3.0454000000000034,7,4,4.0,0.2492869790210562,2,180.13,0,1,3,0.052033253,0.47331557,0.4020478,0.14434075,0.48300904,0.13200817,0.2788813,0.025325114,0.4554351,0.21943077,0.16914718,0.43319988,0.21945775,0.36350712,0.20863628,0.012340025,0.047889773,0.03347849,0.07364842,0.13198027,0.30323303,0.06037878,0.05818341,0.117760494,0.2533163,0.015223935,0.032476082,0.05389147,0.04621915,0.3913602,0.33731467,-6.4717307,15.366051,59.296642,45.753864,-20.18661,2.578483,0.8933593,90.06696,-1.703501,-1.853624,81.15992970123024,61.968365553602816,79.85940246045695,86.90685413005274,63.44463971880493,15.254833040421794,69.84182776801407,89.98242530755712,47.59226713532514,66.52021089630932,98.89279437609842,13.708260105448156,30.861159929701238,12.618629173989456,60.77328646748683,84.3585237258348,50.22847100175748,80.03514938488577,20.70298769771529,83.83128295254834,29.03339191564148,65.3427065026362,89.73637961335677,72.19683655536029,47.557117750439375,10.263620386643234,53.11072056239016,75.32513181019333,56.76625659050967,70.19332161687171,89.52548330404218,90.75571177504396,82.42530755711776,14.446397188049213,54.6572934973638,66.88927943760984,59.57820738137083,63.3743409490334,55.7469244288225,59.0158172231986,32.72407732864675,53.49736379613357,8.892794376098418,31.599297012302287,74.51669595782074,79.19156414762742,16.660808435852374,58.62917398945519,44.11247803163445,69.56063268892795,74.90333919156416,18.769771528998245
CCN[P@](=O)(O)Oc1ccccc1,201.162,1.7752999999999997,2,2,4.0,0.7286968580158786,1,58.56,0,1,2,0.05554107,0.8940617,0.9361803,0.15432331,0.09026213,0.3290288,0.02397141,0.21861832,0.045391522,0.27923054,0.00328352,0.21813901,0.076640286,0.37893558,0.9989387,0.002797495,0.012670656,0.025294978,0.006110212,0.0089723775,0.09162076,0.011265749,0.8363427,0.02159244,0.031819522,0.0028864606,0.007056061,0.024346648,0.00454594,0.4689123,0.11227081,-4.9419713,14.757421,3.3991215,2.172195,-10.020952,3.076726,0.8706918,41.428787,-0.46187478,-0.38034144,17.926186291739896,41.23022847100176,17.10017574692443,61.37082601054482,63.44463971880493,78.94551845342707,55.32513181019333,37.188049209138846,47.59226713532514,66.52021089630932,95.07908611599298,14.938488576449911,67.7328646748682,91.73989455184535,61.89806678383129,50.19332161687171,90.47451669595785,44.25307557117751,70.05272407732865,47.697715289982426,35.85237258347979,25.869947275922677,63.16344463971881,42.98769771528999,48.54130052724078,55.95782073813709,16.344463971880494,25.4481546572935,52.65377855887522,32.513181019332166,32.37258347978911,52.056239015817226,59.85940246045695,55.92267135325133,39.0158172231986,17.258347978910372,29.77152899824253,34.09490333919157,44.88576449912127,19.297012302284717,42.91739894551846,32.75922671353251,49.560632688927946,31.142355008787348,27.6274165202109,25.799648506151144,70.7908611599297,85.16695957820738,43.69068541300528,21.40597539543058,90.15817223198594,32.09138840070299
CCC(CC)C(=O)OP(=O)(O)O,196.139,1.0585,3,2,4.0,0.6564574830483864,0,83.83000000000001,0,1,0,0.009588133,0.53827584,0.64198285,0.0037704497,0.023379304,0.15368468,0.01650072,0.020922968,0.018177792,0.08420088,0.0003753728,0.3152402,0.066328205,0.2176807,0.69424576,0.0045248787,0.016850632,0.003016371,0.0021581198,0.018885532,0.06907416,0.012267577,0.073292084,0.004738167,0.054069042,0.0014725107,0.008515114,0.0035436344,0.005378847,0.33739972,0.017210301,-5.2117443,8.489922,2.862639,-1.7555265,-11.310833,2.575632,0.33024606,54.008842,-0.49725217,0.94453174,17.117750439367313,32.26713532513181,32.653778558875224,61.37082601054482,63.44463971880493,68.01405975395431,22.601054481546576,57.39894551845343,47.59226713532514,66.52021089630932,37.188049209138846,2.636203866432337,35.53602811950791,26.15114235500879,22.39015817223199,27.6274165202109,57.08260105448155,38.48857644991213,18.137082601054484,33.53251318101933,13.637961335676628,11.8804920913884,79.05096660808437,39.43760984182777,36.344463971880494,19.43760984182777,25.69420035149385,34.86818980667839,19.33216168717048,19.507908611599294,53.25131810193322,38.4182776801406,61.195079086116,15.641476274165203,26.572934973637963,29.384885764499124,20.246045694200355,37.78558875219684,24.60456942003515,21.23022847100176,25.51845342706503,10.93145869947276,35.18453427065027,23.72583479789104,26.889279437609844,19.40246045694201,60.597539543058005,58.38312829525484,35.21968365553603,31.282952548330407,89.66608084358525,44.9560632688928
CCC(CC)COC(=O)[C@](C)(CC)N[P@@](=O)(Oc1ccccc1)OP(=O)(O)O,437.3660000000001,4.020500000000005,6,3,4.0,0.3276088740482372,2,131.39,0,1,2,0.047823668,0.44242758,0.6671649,0.12056239,0.3625653,0.2820057,0.27943468,0.10149206,0.29782665,0.4067251,0.26117024,0.3610413,0.18781576,0.45480818,0.70051897,0.022621784,0.06089462,0.04169344,0.085291386,0.11057111,0.25199452,0.15731025,0.3367284,0.3036005,0.23492351,0.016325489,0.041959368,0.11930325,0.045672882,0.43951187,0.4358452,-5.5792494,20.930475,57.10326,11.180139,-13.388637,2.9346328,2.1508045,91.25105,-2.0208821,1.6669598,73.49736379613357,77.50439367311073,72.46045694200352,78.20738137082601,63.44463971880493,23.79613356766257,69.84182776801407,81.792618629174,47.59226713532514,66.52021089630932,95.07908611599298,12.759226713532517,28.40070298769772,28.822495606326893,58.76977152899825,78.59402460456943,84.88576449912128,80.07029876977154,47.873462214411255,77.15289982425308,46.78383128295256,71.70474516695958,83.93673110720563,68.2249560632689,53.00527240773287,19.64850615114236,69.20913884007031,82.53075571177506,59.789103690685415,72.82952548330405,87.59226713532514,87.80316344463972,92.44288224956064,27.55711775043937,68.96309314586995,65.65905096660809,60.84358523725835,68.7170474516696,66.6432337434095,58.66432337434095,39.19156414762742,59.64850615114237,22.1792618629174,38.55887521968366,73.39191564147627,42.108963093145874,45.30755711775044,79.22671353251319,64.9560632688928,71.70474516695958,70.896309314587,52.68892794376099
CCC(CC)COC(=O)[C@H](C)N[P@@](=O)(OC1=CC(O)C(O)C=C1)OP(=O)(O)O,443.3260000000001,1.3533999999999995,8,5,4.0,0.2304874487973117,4,171.85,0,1,1,0.10976596,0.35041326,0.37049443,0.04889604,0.17671454,0.050167866,0.07003782,0.04689119,0.25268918,0.21481721,0.08661397,0.19758096,0.14208955,0.13646401,0.1851049,0.021007994,0.062905386,0.024404963,0.034792297,0.10719247,0.21705382,0.017007789,0.0635554,0.06155495,0.1908935,0.012912045,0.024964968,0.027099425,0.0362807,0.4299136,0.26792255,-6.1862173,1.4933021,52.184822,1.0202906,-20.567205,3.2073205,1.2462008,75.06816,-1.2937987,-0.81551343,74.48154657293497,36.13356766256591,84.51669595782074,91.493848857645,63.44463971880493,13.673110720562391,81.28295254833041,88.99824253075572,47.59226713532514,66.52021089630932,83.09314586994728,29.66608084358524,22.24956063268893,11.493848857644991,46.57293497363796,62.95254833040423,22.63620386643234,60.35149384885765,29.244288224956065,74.69244288224957,28.154657293497365,56.06326889279438,58.277680140597546,60.49209138840071,25.06151142355009,9.701230228471005,67.20562390158173,83.2688927943761,52.16168717047452,57.99648506151143,87.17047451669596,85.20210896309315,65.72934973637962,14.973637961335678,47.873462214411255,60.35149384885765,56.555360281195085,58.94551845342707,46.25659050966608,54.02460456942004,37.96133567662567,48.04920913884008,11.353251318101934,16.098418277680143,70.19332161687171,24.11247803163445,15.711775043936733,88.36555360281196,49.03339191564148,51.10720562390159,80.17574692442884,27.24077328646749
CCCCOC(=O)[C@H](C)N[P@](=O)(O)Oc1ccccc1,301.279,2.4872000000000005,4,2,4.0,0.4357660916130184,2,84.86,0,2,2,0.08398642,0.806558,0.8509038,0.2940707,0.39094916,0.4031547,0.19923127,0.23756056,0.14439413,0.4995888,0.10935094,0.2411441,0.12305921,0.47580743,0.99702644,0.013303721,0.030542305,0.073499836,0.056289364,0.03888419,0.16342881,0.103271544,0.8556967,0.24362056,0.1465466,0.017733324,0.041931577,0.14284371,0.034677323,0.496346,0.38151422,-5.1002984,41.419075,44.635246,-4.842916,-10.5543165,2.935931,2.0314865,73.696335,-1.617801,1.3564332,40.77328646748682,52.23198594024605,48.55887521968366,61.37082601054482,63.44463971880493,37.78558875219684,69.84182776801407,57.9261862917399,47.59226713532514,87.9261862917399,95.07908611599298,23.65553602811951,57.750439367311074,63.831282952548335,72.26713532513182,80.45694200351494,95.39543057996484,75.46572934973639,71.95079086115993,66.74868189806679,55.782073813708266,59.472759226713535,67.06502636203867,56.41476274165203,54.51669595782074,48.04920913884008,55.008787346221446,57.29349736379614,67.94376098418279,66.11599297012303,69.8066783831283,78.17223198594026,88.33040421792619,58.101933216168725,65.13181019332163,53.919156414762746,62.17926186291741,68.68189806678383,68.99824253075572,52.97012302284711,45.86994727592268,56.59050966608085,40.35149384885765,58.101933216168725,65.13181019332163,14.13005272407733,66.25659050966608,79.22671353251319,63.12829525483305,49.52548330404218,76.02811950790861,50.15817223198594
COC(=O)[C@H](C)N[P@](=O)(O)Oc1ccccc1,259.198,1.3168999999999995,4,2,4.0,0.612378971436723,2,84.86,0,1,2,0.10804691,0.80856836,0.88824415,0.10925241,0.1578625,0.35699242,0.055197608,0.1432555,0.055939697,0.30788848,0.016668504,0.2813693,0.12802687,0.47214708,0.99368477,0.009161739,0.024660772,0.038017232,0.01411674,0.018051093,0.12147788,0.03647984,0.68543994,0.038273886,0.07372795,0.0098522855,0.017646383,0.021806661,0.016387776,0.47180524,0.15375842,-5.236459,16.071995,15.756502,-7.236516,-11.649473,2.94254,0.84029436,55.795612,-0.76006746,-1.7700131,29.595782073813712,35.430579964850615,48.55887521968366,61.37082601054482,63.44463971880493,61.546572934973646,69.84182776801407,57.9261862917399,47.59226713532514,66.52021089630932,95.07908611599298,29.279437609841832,57.96133567662567,74.41124780316345,56.90685413005273,60.52724077328647,92.75922671353251,56.62565905096661,59.19156414762743,50.790861159929705,38.20738137082601,38.73462214411248,74.37609841827769,57.46924428822496,54.34094903339192,42.84710017574693,44.81546572934974,48.822495606326896,58.52372583479789,45.30755711775044,51.81019332161688,66.74868189806679,75.88752196836556,43.02284710017575,43.3743409490334,35.887521968365554,50.790861159929705,52.337434094903344,43.65553602811951,38.10193321616872,43.30404217926187,37.89103690685413,33.98945518453427,32.54833040421793,40.03514938488577,10.790861159929705,57.644991212653785,79.47275922671353,43.40949033391916,32.653778558875224,86.67838312829527,19.297012302284717
CCCC(C)COC(=O)[C@H](C)N[P@@](=O)(Oc1ccccc1)OP(=O)(O)O,409.31200000000007,3.240300000000002,6,3,4.0,0.3721723445993768,3,131.39,0,1,2,0.05649404,0.6087847,0.6675619,0.29867068,0.45188054,0.29509395,0.29195684,0.12557514,0.47390118,0.3862727,0.19520724,0.46601167,0.21821186,0.42787385,0.7419237,0.018305112,0.043995857,0.068303406,0.109752275,0.108687855,0.25881183,0.14285867,0.35231528,0.25102687,0.26275235,0.019071426,0.049872648,0.15098074,0.053603433,0.48487917,0.47416663,-5.6820846,15.267912,50.65117,5.906733,-13.957321,2.888369,1.8414166,87.85117,-1.6995056,0.79668784,67.55711775043937,64.88576449912127,72.46045694200352,78.20738137082601,63.44463971880493,29.701230228471005,76.60808435852373,81.792618629174,47.59226713532514,66.52021089630932,95.07908611599298,15.219683655536029,40.84358523725835,28.857644991212656,72.47803163444641,83.30404217926187,86.85413005272409,80.597539543058,54.51669595782074,84.32337434094904,44.78031634446398,67.34622144112478,91.84534270650263,72.02108963093147,51.56414762741653,20.738137082601057,63.831282952548335,72.79437609841828,67.06502636203867,76.4499121265378,87.34622144112478,88.26010544815466,91.63444639718806,28.154657293497365,65.48330404217927,67.76801405975397,63.3743409490334,72.40773286467487,69.701230228471,61.44112478031635,44.71001757469244,61.335676625659055,19.929701230228478,31.599297012302287,69.06854130052724,32.513181019332166,41.82776801405976,76.97715289982426,59.156414762741655,65.94024604569421,74.97363796133568,43.7609841827768
CCC(CC)COC(O)[C@H](C)N[P@@](=O)(Oc1ccccc1)OP(=O)(O)O,411.328,3.0321000000000016,6,4,4.0,0.302300174342897,3,134.55,0,2,3,0.025151944,0.5124266,0.63715553,0.19375974,0.32968158,0.17096198,0.18936548,0.11988201,0.429708,0.26614213,0.1251835,0.3140877,0.13866954,0.32535648,0.65603876,0.00822855,0.04292689,0.042888813,0.055547524,0.060919113,0.22545104,0.057501793,0.25239557,0.19617271,0.14889915,0.005430473,0.015479168,0.07767178,0.014938431,0.41208988,0.43810907,-5.853645,13.542959,49.58941,9.502436,-15.772928,2.861588,1.8160486,85.62313,-1.7245846,1.8319197,67.97891036906854,61.61687170474517,72.46045694200352,86.90685413005274,63.44463971880493,20.351493848857647,76.60808435852373,82.49560632688929,47.59226713532514,87.9261862917399,98.89279437609842,6.818980667838313,33.63796133567663,25.76449912126538,64.99121265377856,76.02811950790861,62.74165202108964,74.90333919156416,53.11072056239016,82.95254833040423,34.516695957820744,61.08963093145871,78.98066783831284,60.00000000000001,44.9560632688928,18.629173989455182,41.72231985940246,71.56414762741653,60.24604569420036,65.79964850615114,79.40246045694201,85.83479789103691,81.82776801405976,24.28822495606327,61.93321616871705,54.376098418277685,39.68365553602812,49.52548330404218,60.702987697715294,36.37961335676626,35.67662565905097,59.789103690685415,16.485061511423552,29.66608084358524,68.29525483304043,39.19156414762742,30.615114235500883,75.53602811950792,58.76977152899825,62.108963093145874,74.72759226713534,53.88400702987698
CCC(CC)COC(=O)[C@H](CC(=O)O)N[P@@](=O)(Oc1ccccc1)OP(=O)(O)O,453.32100000000014,2.695100000000001,7,4,4.0,0.255826433291034,2,168.69,0,1,2,0.046048146,0.48286295,0.45634896,0.13577771,0.40094107,0.1276107,0.23960376,0.024966557,0.40574175,0.17182276,0.07092299,0.43373972,0.2935448,0.35787883,0.18998082,0.010859322,0.049938828,0.031171154,0.03415719,0.11249082,0.28007206,0.042482007,0.04667243,0.07241226,0.2008665,0.014762667,0.020692041,0.017399272,0.029548515,0.37877795,0.2421935,-6.22244,6.7181807,46.65812,14.875296,-17.865582,2.896008,0.457781,86.09729,-1.748904,-1.38832,76.30931458699473,56.344463971880494,79.85940246045695,86.90685413005274,63.44463971880493,15.711775043936733,69.84182776801407,88.6115992970123,47.59226713532514,66.52021089630932,95.07908611599298,12.442882249560634,31.564147627416524,14.868189806678384,60.21089630931459,81.0896309314587,48.75219683655536,77.89103690685414,20.421792618629176,82.00351493848858,23.72583479789104,53.74340949033392,89.77152899824254,78.59402460456943,47.1353251318102,9.736379613356767,49.45518453427066,76.55536028119509,56.239015817223205,57.60984182776802,87.69771528998243,89.42003514938489,78.10193321616872,13.356766256590513,49.59578207381372,61.6871704745167,59.050966608084366,55.71177504393673,41.15992970123023,50.50966608084359,31.21265377855888,45.834797891036914,11.107205623901583,21.82776801405976,66.4323374340949,48.96309314586996,22.284710017574696,77.50439367311073,37.68014059753955,62.95254833040423,74.55184534270651,22.7768014059754
CCCC(CC)COC(=O)[C@H](C)N[P@@](=O)(Oc1ccccc1)OP(=O)(O)O,423.33900000000006,3.6304000000000025,6,3,4.0,0.3405355347943651,3,131.39,0,1,2,0.04891973,0.611273,0.66144955,0.30647853,0.44238964,0.29730564,0.29291597,0.14161156,0.5130509,0.4029581,0.21746826,0.45007324,0.2203298,0.41390944,0.7439163,0.018255044,0.04647761,0.061383773,0.10616289,0.10696336,0.26230422,0.15070376,0.3775336,0.28694403,0.25454724,0.01671468,0.048041623,0.1456891,0.049253948,0.49868518,0.5161494,-5.6719813,15.893573,52.523327,10.5094385,-13.850189,2.8876998,1.9945972,89.488266,-1.8355103,1.2908171,70.68541300527241,71.45869947275924,72.46045694200352,78.20738137082601,63.44463971880493,25.06151142355009,76.60808435852373,81.792618629174,47.59226713532514,66.52021089630932,95.07908611599298,13.005272407732866,41.01933216168717,28.26010544815466,72.79437609841828,83.05799648506152,87.10017574692444,80.7029876977153,58.98066783831283,85.86994727592268,46.18629173989456,68.92794376098419,90.7908611599297,72.33743409490334,50.43936731107206,20.808435852372583,63.79613356766257,74.41124780316345,65.5536028119508,76.06326889279438,87.17047451669596,88.50615114235502,92.16168717047452,29.209138840070302,68.18980667838314,66.92442882249561,61.30052724077329,71.56414762741653,69.13884007029877,60.07029876977153,46.29173989455185,63.62038664323375,20.07029876977153,32.26713532513181,70.40421792618629,41.15992970123023,42.53075571177505,76.87170474516697,62.39015817223199,68.57644991212655,73.25131810193322,49.3145869947276
CCC(C=O)CC(C=O)(CC)CC,184.279,2.6069000000000004,2,0,4.0,0.5698394748663611,1,34.14,0,1,1,0.3406849,0.98125666,0.84633577,0.077884726,0.07498704,0.1783121,0.013965162,0.15409516,0.0057725767,0.45888105,0.0059916154,0.2277362,0.028847814,0.18757632,0.99982035,0.010778856,0.009921966,0.0018824752,0.0036556353,0.005922201,0.031482704,0.007862927,0.97304106,0.0051923976,0.043213803,0.004143317,0.023545638,0.0020477702,0.0064819194,0.8246953,0.05740405,-3.9497113,128.43652,71.602844,23.323483,-4.197636,1.50939,1.7636006,47.37849,-2.22961,3.266513,15.430579964850615,54.55184534270651,17.10017574692443,11.63444639718805,63.44463971880493,56.239015817223205,55.32513181019333,17.521968365553604,47.59226713532514,66.52021089630932,83.09314586994728,64.32337434094904,90.72056239015818,62.24956063268893,52.16168717047452,47.17047451669596,64.88576449912127,36.52021089630932,61.335676625659055,17.504393673110723,51.24780316344464,30.861159929701238,64.99121265377856,18.4182776801406,33.00527240773287,70.01757469244289,49.24428822495607,17.891036906854133,13.954305799648507,25.799648506151144,22.03866432337434,7.170474516695959,53.67311072056239,89.27943760984184,27.31107205623902,23.550087873462218,35.606326889279444,58.03163444639719,18.804920913884008,23.690685413005276,87.34622144112478,25.869947275922677,98.73462214411248,94.69244288224957,81.23022847100177,62.03866432337435,94.79789103690686,5.377855887521969,57.89103690685413,25.9402460456942,67.06502636203867,64.53427065026362
CCCCOC(=O)[C@H](CCC)N[P@](=O)(O)Oc1ccccc1,329.333,3.267400000000001,4,2,4.0,0.3892361101048861,2,84.86,0,2,2,0.11074629,0.8290375,0.846834,0.28962606,0.52608395,0.39204025,0.3147142,0.2410481,0.091452256,0.5997256,0.23933491,0.17720374,0.10052486,0.567994,0.9990386,0.012330272,0.031868305,0.09539533,0.076014504,0.038010567,0.16070506,0.11064196,0.91745615,0.41522408,0.18141422,0.02439059,0.046747245,0.19331336,0.039290655,0.453789,0.44638643,-5.061811,65.89043,72.34083,-0.8633434,-9.867909,2.7928407,2.729708,83.07302,-2.3716502,2.969893,48.99824253075572,65.48330404217927,48.55887521968366,61.37082601054482,63.44463971880493,31.84534270650264,69.84182776801407,57.9261862917399,47.59226713532514,87.9261862917399,95.07908611599298,29.94727592267136,60.281195079086125,62.49560632688929,72.091388400703,86.22144112478033,95.0439367311072,81.8980667838313,72.30228471001759,58.87521968365554,67.80316344463972,70.54481546572936,53.35676625659051,50.93145869947276,58.52372583479789,56.66080843585237,53.0755711775044,59.08611599297013,70.68541300527241,70.86115992970123,69.45518453427066,77.4340949033392,89.13884007029878,68.96309314586995,74.37609841827769,59.33216168717048,67.20562390158173,71.14235500878735,73.35676625659052,55.85237258347979,41.05448154657294,60.21089630931459,41.6871704745167,72.9701230228471,81.37082601054482,20.52724077328647,71.77504393673111,71.45869947275924,74.83304042179263,59.08611599297013,64.3585237258348,62.601054481546576
CCC(CC)C(C)OC(=O)[C@H](C)N[P@@](=O)(Oc1ccccc1)OP(=O)(O)O,423.33900000000006,3.6288000000000022,6,3,4.0,0.3605333255327833,3,131.39,0,1,2,0.037192635,0.51173806,0.6656187,0.22694087,0.4833303,0.29524162,0.3481369,0.10334786,0.4615899,0.3934402,0.2479639,0.4499331,0.17023216,0.44739658,0.7347213,0.01532002,0.041577198,0.04739996,0.10773952,0.112280965,0.26023728,0.16462076,0.35034597,0.30188173,0.25395203,0.014110319,0.044884983,0.16989723,0.04126212,0.46379152,0.48213512,-5.690497,13.479132,51.875244,10.656702,-13.8694,2.8805442,1.8931166,88.071396,-1.6836367,1.3922045,70.68541300527241,71.45869947275924,72.46045694200352,78.20738137082601,63.44463971880493,27.90861159929701,76.60808435852373,81.792618629174,47.59226713532514,66.52021089630932,95.07908611599298,9.876977152899824,33.602811950790866,28.54130052724077,67.80316344463972,84.3585237258348,86.88927943760984,83.62038664323376,48.33040421792619,83.90158172231986,45.51845342706503,71.03690685413005,90.7908611599297,65.72934973637962,52.4780316344464,20.38664323374341,59.54305799648507,70.40421792618629,61.792618629174,76.20386643233743,87.69771528998243,88.33040421792619,92.89982425307558,28.08435852372584,68.78734622144113,66.88927943760984,58.03163444639719,70.40421792618629,71.42355008787347,56.80140597539543,42.1792618629174,61.75746924428823,19.75395430579965,29.630931458699475,69.98242530755712,41.44112478031635,42.39015817223199,76.52021089630932,60.21089630931459,66.36203866432338,75.11423550087873,50.50966608084359
CCC(CC)C(CC)(CC)COC(=O)[C@H](C)N[P@](=O)(O)Oc1ccccc1,399.4680000000001,4.929700000000006,4,2,4.0,0.3829056272051992,2,84.86,0,1,2,0.09620493,0.86094856,0.67751104,0.09167232,0.15394554,0.23192017,0.11841514,0.34365267,0.48376942,0.644152,0.28430957,0.22846353,0.21947639,0.16911632,0.9945828,0.012085752,0.019490913,0.013022212,0.041114118,0.051831037,0.13901815,0.08612101,0.8794109,0.44340602,0.18797874,0.0051702047,0.06589853,0.13132617,0.030362979,0.7412923,0.7918269,-5.217374,71.32307,99.13845,46.480946,-9.885225,2.7565908,3.3556302,93.891174,-3.2367814,12.11617,65.37785588752197,87.97891036906854,48.55887521968366,61.37082601054482,63.44463971880493,30.896309314587,69.84182776801407,57.9261862917399,47.59226713532514,66.52021089630932,95.07908611599298,26.572934973637963,63.02284710017575,30.298769771529003,54.30579964850616,60.07029876977153,76.52021089630932,68.08435852372584,79.6133567662566,84.71001757469244,73.00527240773287,73.04042179261863,65.02636203866433,72.19683655536029,30.509666080843587,43.7609841827768,52.513181019332166,39.43760984182777,43.58523725834798,60.281195079086125,76.09841827768015,72.05623901581723,86.18629173989456,61.6871704745167,75.50087873462215,59.96485061511424,38.98066783831283,77.4340949033392,67.87346221441125,50.93145869947276,77.82073813708261,78.27768014059755,34.97363796133568,75.2548330404218,89.73637961335677,79.75395430579965,71.66959578207381,69.34973637961336,86.01054481546574,76.4499121265378,47.1353251318102,93.0755711775044
OC1C=CC=CC1(O)O,128.12699999999998,-0.8458000000000001,3,3,4.0,0.3724503615641461,1,60.69,0,1,1,0.24975035,0.6328386,0.69804984,0.014041153,0.013387586,0.054992445,0.0033742865,0.118621565,0.015826559,0.15098152,0.0016425981,0.120344795,0.054047175,0.04936869,0.90398645,0.012031462,0.018282076,0.025028551,0.004844908,0.015718002,0.041908342,0.0034674227,0.30731916,0.003024195,0.05792082,0.0037267294,0.0102507165,0.0123572275,0.008627333,0.6320416,0.066531494,-5.4800963,3.0195115,-21.254688,8.117723,-16.873562,2.1185074,-0.56439173,21.284016,-0.036417294,-0.5267109,5.834797891036907,15.782073813708262,32.653778558875224,78.20738137082601,63.44463971880493,29.701230228471005,55.32513181019333,39.34973637961336,47.59226713532514,66.52021089630932,83.09314586994728,54.27065026362039,42.81195079086116,33.145869947275926,33.67311072056239,19.894551845342708,23.866432337434095,18.523725834797894,52.65377855887522,31.564147627416524,21.79261862917399,21.23022847100176,37.15289982425308,33.84885764499121,9.876977152899824,26.502636203866437,52.337434094903344,37.15289982425308,52.54833040421793,29.701230228471005,48.04920913884008,14.411247803163446,39.05096660808436,26.572934973637963,23.09314586994728,30.790861159929705,33.88400702987698,41.86291739894552,37.57469244288225,27.48681898066784,64.92091388400704,27.451669595782075,24.21792618629174,17.258347978910372,7.592267135325132,36.44991212653779,26.15114235500879,29.66608084358524,23.02284710017575,9.666080843585238,93.42706502636204,30.474516695957824
CCC(COC(=O)[C@H](C)N[P@@](=O)(Oc1ccccc1)OP(=O)(O)O)C(C)C(=O)O,453.3210000000001,2.551,7,4,4.0,0.270962878613797,4,168.69,0,1,2,0.031468622,0.32161823,0.544389,0.03743875,0.25446346,0.13770026,0.17977157,0.0175096,0.18022092,0.15866704,0.045975577,0.37825677,0.20280072,0.4006967,0.24213004,0.009404205,0.04667135,0.013969541,0.014454286,0.060433984,0.21109927,0.027590847,0.031218588,0.04053826,0.11111115,0.007836585,0.01035283,0.0052960417,0.01495478,0.33602622,0.14629136,-6.2112923,3.9572997,40.66574,2.1897683,-18.600775,3.0045018,0.36864722,79.87166,-1.6581838,-1.7494614,76.30931458699473,53.286467486818985,79.85940246045695,86.90685413005274,63.44463971880493,17.188049209138843,81.28295254833041,88.6115992970123,47.59226713532514,66.52021089630932,95.07908611599298,8.400702987697716,20.597539543058,19.47275922671353,43.65553602811951,70.29876977152901,51.95079086115994,73.88400702987698,16.55536028119508,70.15817223198594,22.49560632688928,48.75219683655536,85.69420035149386,70.29876977152901,49.8066783831283,10.896309314586995,45.5536028119508,74.6572934973638,44.63971880492092,45.58875219683656,79.33216168717048,84.71001757469244,72.58347978910369,11.423550087873464,43.8664323374341,47.065026362038665,45.97539543057997,42.00351493848858,29.314586994727595,36.37961335676626,25.413005272407734,36.8365553602812,11.24780316344464,18.4182776801406,62.17926186291741,25.83479789103691,19.96485061511424,82.14411247803164,35.95782073813709,55.81722319859403,75.46572934973639,19.43760984182777
OC1=CC(O)C(O)C=C1,128.12699999999998,-0.2801,3,3,4.0,0.4201909552522266,2,60.69,0,0,0,0.16304497,0.488806,0.6378883,0.030108284,0.012982609,0.056810807,0.006872923,0.07350389,0.022254022,0.14099424,0.0025244527,0.10547759,0.07282242,0.05909089,0.94494724,0.011881778,0.016604587,0.039622374,0.0053201974,0.03054443,0.050466157,0.006419774,0.23284046,0.00242684,0.109721676,0.0067322426,0.017797941,0.028032541,0.012971488,0.6375009,0.047840916,-5.1664166,9.232009,-24.224945,0.03666229,-14.716759,2.27422,-0.7143243,17.627148,0.09043584,-1.4148948,5.834797891036907,19.40246045694201,32.653778558875224,78.20738137082601,63.44463971880493,35.606326889279444,69.84182776801407,39.34973637961336,47.59226713532514,25.869947275922677,37.188049209138846,39.789103690685415,32.09138840070299,25.83479789103691,41.30052724077329,19.543057996485064,24.46397188049209,26.502636203866437,39.05096660808436,36.69595782073814,20.878734622144115,23.72583479789104,32.02108963093146,41.44112478031635,11.423550087873464,30.40421792618629,51.73989455184535,34.059753954305805,59.050966608084366,30.826010544815468,63.971880492091394,21.687170474516694,49.98242530755712,23.72583479789104,21.01933216168717,46.467486818980674,43.3743409490334,52.37258347978911,46.467486818980674,34.41124780316345,65.97539543057997,23.7609841827768,37.25834797891037,24.9560632688928,5.518453427065027,22.31985940246046,36.8365553602812,39.36731107205624,20.91388400702988,7.768014059753955,94.20035149384888,22.56590509666081
CCC(CC)COC(O)[C@](C)(O)N[P@@](=O)(Oc1ccccc1)OP(=O)(O)O,427.32700000000006,2.352100000000001,7,5,4.0,0.2479263934285447,3,154.77999999999997,0,2,4,0.062317826,0.5013366,0.5808841,0.09424965,0.2537641,0.106937125,0.09448782,0.09035572,0.36430535,0.24065487,0.10722466,0.23499843,0.13575009,0.26154685,0.5043959,0.010294447,0.05354472,0.028664786,0.04881028,0.05497683,0.21950717,0.044775423,0.16962594,0.15204741,0.14531243,0.0066584894,0.015399173,0.049370628,0.020403791,0.42488986,0.3816723,-6.058381,14.517016,50.49573,9.368436,-17.993988,2.7885537,1.5869472,85.783295,-1.7425816,0.5440703,71.52899824253076,49.701230228471005,79.85940246045695,91.493848857645,63.44463971880493,15.008787346221444,76.60808435852373,86.50263620386644,47.59226713532514,87.9261862917399,99.68365553602813,16.871704745166962,33.04042179261863,20.91388400702988,54.6572934973638,70.19332161687171,39.43760984182777,65.06151142355009,44.60456942003516,80.35149384885766,31.77504393673111,59.19156414762743,66.25659050966608,59.472759226713535,40.31634446397189,15.53602811950791,48.189806678383135,78.76977152899825,54.6572934973638,63.16344463971881,77.25834797891038,85.41300527240774,78.66432337434095,20.84358523725835,58.38312829525484,53.49736379613357,43.23374340949034,49.38488576449912,54.62214411247804,42.56590509666081,37.53954305799649,56.59050966608085,13.216168717047452,30.790861159929705,68.99824253075572,38.840070298769774,21.65202108963093,71.17750439367312,54.90333919156415,62.35500878734623,74.58699472759227,40.45694200351494
CCC(COC(=O)CN[P@@](=O)(Oc1ccccc1)OP(=O)(O)O)C(C)C,409.31200000000007,3.097800000000002,6,3,4.0,0.372531266267012,2,131.39,0,1,2,0.04826107,0.6438333,0.6926233,0.20099625,0.36658496,0.23441437,0.17373738,0.1274539,0.46991548,0.30384865,0.1176676,0.4435164,0.21558258,0.3389636,0.7137909,0.008964228,0.035687953,0.035073604,0.040170472,0.06336744,0.23190673,0.054162793,0.31045783,0.1537342,0.15846626,0.0075545697,0.018036783,0.047804702,0.018774742,0.51203525,0.43217406,-5.713772,15.909747,50.12339,7.979922,-13.851389,2.776593,1.6343998,88.07581,-1.6712732,1.1709483,67.55711775043937,62.636203866432346,72.46045694200352,78.20738137082601,63.44463971880493,29.701230228471005,69.84182776801407,81.792618629174,47.59226713532514,66.52021089630932,95.07908611599298,12.899824253075572,43.79613356766257,32.30228471001758,65.83479789103691,78.84007029876977,76.8365553602812,73.53251318101934,55.46572934973639,84.18277680140598,37.96133567662567,60.17574692442883,90.33391915641477,71.70474516695958,45.90509666080844,20.035149384885766,44.07732864674868,64.4639718804921,57.32864674868191,59.92970123022848,80.14059753954307,86.18629173989456,81.0896309314587,26.713532513181026,58.48857644991213,55.95782073813709,45.30755711775044,52.79437609841828,54.27065026362039,40.38664323374341,48.64674868189808,59.19156414762743,19.15641476274165,32.30228471001758,68.68189806678383,36.09841827768015,42.53075571177505,70.43936731107206,55.71177504393673,66.36203866432338,75.32513181019333,47.7328646748682
CCc1cccc(O[P@](=O)(N[C@@H](C)C(=O)OCC(CC)CC)OP(=O)(O)O)c1,437.36600000000016,3.8027000000000033,6,3,4.0,0.329912383974505,2,131.39,0,1,2,0.07044036,0.5279697,0.6821343,0.25924304,0.38414603,0.26944914,0.23263204,0.18734884,0.463453,0.47665444,0.27272195,0.36415926,0.21796536,0.4172721,0.749071,0.022227619,0.056986026,0.06570274,0.12549701,0.106766656,0.2557875,0.14646815,0.43788895,0.34920448,0.2701356,0.02068076,0.052586604,0.19440003,0.06204323,0.4909216,0.5569797,-5.713473,17.805721,52.635956,15.473857,-14.096288,2.7929156,2.0001194,90.77431,-1.9253161,1.393399,73.49736379613357,73.95430579964851,72.46045694200352,78.20738137082601,63.44463971880493,24.11247803163445,69.84182776801407,81.792618629174,47.59226713532514,66.52021089630932,95.07908611599298,19.297012302284717,34.86818980667839,31.00175746924429,70.29876977152901,79.96485061511424,83.2688927943761,77.68014059753955,66.15114235500879,83.90158172231986,53.18101933216169,72.40773286467487,84.25307557117752,71.9859402460457,50.790861159929705,20.984182776801408,68.7170474516696,80.66783831282953,66.60808435852373,79.05096660808437,87.17047451669596,87.97891036906854,91.81019332161688,31.3884007029877,71.24780316344464,68.47100175746925,64.92091388400704,73.39191564147627,73.53251318101934,63.8664323374341,45.13181019332162,65.83479789103691,19.15641476274165,34.481546572934974,70.57996485061513,49.8066783831283,40.80843585237259,71.45869947275924,62.601054481546576,70.86115992970123,72.47803163444641,50.50966608084359
CCC(CC)(COC(=O)O)C(=O)O,190.195,1.572,3,2,4.0,0.6426319276092112,0,83.83,0,0,0,0.07673412,0.58502084,0.76198983,0.0012117226,0.009568731,0.12741312,0.008023018,0.01671544,0.0046313913,0.089987025,0.00012768584,0.31524056,0.09384322,0.28923216,0.748438,0.00572502,0.0137260035,0.0016568253,0.00061233935,0.008186915,0.051471956,0.0059211245,0.063770935,0.001589893,0.035264056,0.0022835997,0.004503222,0.00053889625,0.0062558963,0.42069378,0.0082407445,-4.858661,42.720352,12.830403,-26.106792,-10.322271,1.839975,-1.1413571,53.75819,-1.1548661,-1.8718243,16.203866432337435,38.840070298769774,32.653778558875224,61.37082601054482,63.44463971880493,65.76449912126539,22.601054481546576,57.31107205623902,47.59226713532514,25.869947275922677,37.188049209138846,21.65202108963093,39.26186291739895,42.95254833040422,14.903339191564148,15.079086115992972,48.57644991212654,28.64674868189807,16.063268892794376,14.481546572934976,14.270650263620388,5.869947275922672,79.05096660808437,48.99824253075572,42.24956063268893,20.984182776801408,31.21265377855888,27.662565905096663,13.145869947275925,7.381370826010546,30.08787346221441,22.56590509666081,48.506151142355016,14.973637961335678,17.820738137082603,19.40246045694201,25.72934973637961,25.869947275922677,8.681898066783832,23.19859402460457,36.90685413005273,4.956063268892795,55.18453427065027,59.08611599297013,36.80140597539543,0.8435852372583481,68.01405975395431,15.641476274165203,15.992970123022848,31.036906854130056,81.82776801405976,18.488576449912127
CCC(CC)COC(=O)[C@H](C)N[P@@](=O)(Oc1ccc(C)cc1)OP(=O)(O)O,423.3390000000001,3.548720000000003,6,3,4.0,0.3610660166256901,2,131.39,0,1,2,0.05899497,0.5301557,0.67698634,0.32698363,0.46354875,0.28515053,0.30922872,0.15448716,0.45589596,0.44899455,0.2819685,0.39918357,0.21629195,0.45397305,0.73841614,0.021881085,0.05515675,0.07714559,0.13222644,0.12666555,0.268644,0.14773008,0.403565,0.324547,0.2809693,0.022801597,0.048744682,0.19729124,0.060780756,0.4573788,0.53064764,-5.6956186,15.462682,54.168793,12.368425,-13.999481,2.8575008,1.9842027,89.13028,-1.70863,1.2966111,70.68541300527241,70.08787346221442,72.46045694200352,78.20738137082601,63.44463971880493,28.1195079086116,69.84182776801407,81.792618629174,47.59226713532514,66.52021089630932,95.07908611599298,16.028119507908613,34.93848857644991,30.298769771529003,74.13005272407733,83.76098418277681,85.27240773286468,81.61687170474518,61.40597539543059,83.83128295254834,50.298769771529,72.89982425307558,87.55711775043937,71.70474516695958,52.97012302284711,20.597539543058,68.43585237258348,79.89455184534272,68.50615114235501,79.92970123022847,88.92794376098419,88.89279437609842,92.02108963093148,30.228471001757477,69.84182776801407,69.34973637961336,66.15114235500879,71.84534270650265,73.77855887521969,63.40949033391916,41.44112478031635,64.49912126537787,19.68365553602812,31.669595782073817,71.66959578207381,44.39367311072056,41.335676625659055,75.21968365553603,62.17926186291741,67.97891036906854,74.86818980667839,49.38488576449912
CCC(CC)C(OC(=O)[C@H](C)N[P@](=O)(O)Oc1ccccc1)C(CC)CC,399.4680000000002,4.928100000000004,4,2,4.0,0.3829700197358987,2,84.86,0,1,2,0.033301868,0.74937403,0.68699867,0.07002209,0.6094433,0.24387851,0.5260743,0.2188973,0.3053137,0.7060154,0.6899538,0.16152482,0.08213216,0.40726915,0.99954545,0.00503959,0.015247176,0.023948291,0.109538235,0.04627151,0.12415671,0.08537879,0.92381084,0.8015911,0.2723034,0.0039404808,0.08933234,0.3526637,0.026400547,0.46864176,0.80865383,-5.2206564,60.927746,90.32932,38.632652,-9.119295,2.7790713,3.442779,93.85844,-3.2217937,9.781433,65.37785588752197,87.94376098418279,48.55887521968366,61.37082601054482,63.44463971880493,30.896309314587,69.84182776801407,57.9261862917399,47.59226713532514,66.52021089630932,95.07908611599298,9.068541300527242,53.00527240773287,31.739894551845342,50.650263620386646,88.78734622144113,78.55887521968366,90.61511423550088,70.12302284710019,77.4340949033392,81.44112478031636,88.04920913884008,49.10369068541301,45.23725834797892,50.15817223198594,62.49560632688929,28.049209138840077,31.107205623901585,51.84534270650264,76.4499121265378,73.60281195079087,67.59226713532514,86.1511423550088,70.57996485061513,89.63093145869948,68.68189806678383,34.833040421792624,81.93321616871705,81.54657293497364,47.7328646748682,42.84710017574693,79.96485061511424,34.692442882249566,70.43936731107206,87.87346221441126,75.28998242530757,76.06326889279438,70.47451669595783,87.7328646748682,76.37961335676626,47.41652021089632,89.63093145869948
CCC(CC)COC(=O)c1cccc(O[P@@](=O)(O)N[C@@H](C)C(=O)OCC(CC)CC)c1,457.50400000000025,4.716300000000004,6,2,4.0,0.3050328619765109,2,111.16,0,1,2,0.048959743,0.71607435,0.78719103,0.27826232,0.36444208,0.31986055,0.32408574,0.3902009,0.35877174,0.7193473,0.5463894,0.20267093,0.2178837,0.4428305,0.9967734,0.018377392,0.04100244,0.058968794,0.087872684,0.05698363,0.1524351,0.10193839,0.90185374,0.6387445,0.20433965,0.0138923945,0.05465387,0.20658037,0.044690695,0.45647687,0.76539695,-5.175957,82.51353,117.87041,40.20792,-10.591607,2.8991904,3.7785885,97.77795,-3.737348,10.559611,77.11775043936731,86.08084358523726,72.46045694200352,61.37082601054482,63.44463971880493,20.667838312829527,69.84182776801407,74.30579964850615,47.59226713532514,66.52021089630932,95.07908611599298,13.005272407732866,49.73637961335677,48.154657293497365,71.42355008787347,78.69947275922672,89.38488576449913,82.21441124780317,81.86291739894553,80.21089630931459,83.47978910369069,84.3585237258348,60.03514938488577,71.9859402460457,52.337434094903344,47.45166959578208,63.8664323374341,69.98242530755712,64.92091388400704,73.35676625659052,77.99648506151144,75.21968365553603,88.15465729349737,65.65905096660809,83.02284710017575,62.00351493848858,57.89103690685413,74.1652021089631,74.30579964850615,58.24253075571178,41.30052724077329,76.27416520210897,36.94200351493849,80.94903339191565,93.14586994727593,75.85237258347979,65.97539543057997,77.57469244288225,92.16168717047452,84.53427065026362,37.609841827768015,91.03690685413008
CCC(CC)COC(O)[C@](C)(O)N[P@](=O)(O)Oc1ccccc1,347.34800000000007,2.2351,5,4,4.0,0.3795763917017331,3,108.25,0,2,4,0.08731567,0.6671446,0.7999059,0.03753686,0.10966822,0.18418148,0.045421377,0.26479355,0.21215436,0.40752107,0.07460987,0.12249367,0.118314624,0.1830391,0.96922624,0.0077436105,0.035664894,0.016457902,0.029445708,0.021401515,0.10775318,0.049084924,0.65555745,0.21478395,0.08928313,0.002570848,0.01945207,0.07302815,0.012744891,0.5113761,0.46955603,-5.445075,31.716253,40.435814,4.524915,-13.623663,2.7085352,2.0957923,77.485085,-1.7128655,4.117751,52.89982425307558,48.1195079086116,61.880492091388405,86.90685413005274,63.44463971880493,30.474516695957824,76.60808435852373,72.82952548330405,47.59226713532514,87.9261862917399,99.68365553602813,24.46397188049209,45.659050966608085,50.61511423550088,43.65553602811951,53.35676625659051,66.39718804920915,54.27065026362039,74.30579964850615,71.95079086115993,46.95957820738138,54.20035149384886,37.85588752196837,55.43057996485062,32.337434094903344,33.63796133567663,40.31634446397189,64.4639718804921,46.643233743409496,55.2548330404218,56.239015817223205,60.56239015817224,79.75395430579965,41.23022847100176,63.3743409490334,40.84358523725835,27.978910369068544,54.376098418277685,59.82425307557119,33.98945518453427,48.471001757469246,60.98418277680141,25.237258347978912,50.08787346221442,62.03866432337435,30.228471001757477,44.00702987697716,66.32688927943761,64.00702987697716,53.5676625659051,74.83304042179263,69.73637961335677
CCC(CCO)COC(O)[C@H](C)N[P@@](=O)(Oc1ccccc1)OP(=O)(O)O,427.3270000000001,2.0045,7,5,4.0,0.2331495177206055,4,154.77999999999997,0,2,3,0.026859904,0.44999376,0.5767971,0.09284943,0.24089012,0.120311454,0.13399234,0.06540756,0.30247992,0.18265606,0.08438044,0.29644775,0.123249635,0.2917698,0.48666978,0.008375706,0.044506155,0.026178548,0.028144008,0.042354483,0.18944092,0.028301965,0.111689724,0.10052619,0.10947843,0.00407332,0.010118094,0.021203607,0.011233108,0.39050636,0.3091837,-6.114358,12.052763,44.35592,5.2537827,-18.505878,2.7872455,1.1937816,76.96321,-1.3732184,1.9099476,71.52899824253076,44.63971880492092,79.85940246045695,91.493848857645,63.44463971880493,13.778558875219684,81.28295254833041,86.50263620386644,47.59226713532514,87.9261862917399,98.89279437609842,7.029876977152901,29.314586994727595,20.77328646748682,54.41124780316345,68.96309314586995,45.51845342706503,70.15817223198594,35.465729349736385,77.36379613356767,24.99121265377856,55.782073813708266,76.48506151142355,56.52021089630932,42.53075571177505,15.395430579964852,42.1792618629174,73.1810193321617,53.25131810193322,54.79789103690686,71.9859402460457,82.10896309314587,72.79437609841828,17.820738137082603,53.00527240773287,46.467486818980674,35.32513181019333,41.58172231985941,43.30404217926187,31.634446397188054,32.61862917398946,51.00175746924429,12.372583479789103,27.94376098418278,64.74516695957821,31.45869947275923,20.351493848857647,71.0017574692443,48.1195079086116,52.86467486818981,79.0158172231986,54.48154657293498
C[C@H](N[P@](=O)(O)Oc1ccccc1)C(=O)O,245.171,1.2285,3,3,4.0,0.6749823827583238,2,95.86,0,1,2,0.049388576,0.67381155,0.7293088,0.046765525,0.10336529,0.20174854,0.053946365,0.05311512,0.096436694,0.13720952,0.004498124,0.3512787,0.19641379,0.30995792,0.73079795,0.009651434,0.037810057,0.02769788,0.0075604864,0.024659954,0.117384315,0.024667857,0.123683676,0.01392334,0.06604734,0.008278051,0.009701801,0.008002362,0.012221905,0.3508843,0.084309466,-5.921218,-5.302166,5.5613546,-1.8444862,-15.379946,2.7301502,-0.40881476,56.796772,-0.9284798,-0.6491293,26.04569420035149,34.41124780316345,32.653778558875224,78.20738137082601,63.44463971880493,70.96660808435853,69.84182776801407,65.27240773286468,47.59226713532514,66.52021089630932,95.07908611599298,13.145869947275925,46.29173989455185,37.4340949033392,46.08084358523726,52.44288224956064,70.19332161687171,56.20386643233744,31.353251318101936,59.75395430579965,20.316344463971884,28.22495606326889,83.23374340949034,69.38488576449913,44.07732864674868,20.316344463971884,46.36203866432338,66.92442882249561,54.23550087873463,35.95782073813709,59.19156414762743,65.09666080843586,70.896309314587,18.453427065026364,35.67662565905097,33.32161687170475,46.88927943760984,40.66783831282953,33.53251318101933,33.32161687170475,27.416520210896312,29.630931458699475,15.430579964850615,11.56414762741652,29.490333919156416,19.297012302284717,33.07557117750439,68.11950790861161,24.850615114235502,33.427065026362044,84.4639718804921,29.103690685413007
CCC(CC)COC(=O)[C@H](C)N(C)[P@@](=O)(Oc1ccccc1)OP(=O)(O)O,423.33900000000006,3.582500000000003,6,2,4.0,0.4060014788713935,2,122.60000000000002,0,1,2,0.045472432,0.49939042,0.6718839,0.17717,0.43092364,0.29585132,0.30524412,0.100389004,0.34333557,0.37416476,0.21295822,0.41917235,0.18306623,0.44828576,0.7184898,0.016148569,0.045207255,0.060387123,0.10603464,0.10406445,0.25441533,0.13730268,0.32028276,0.26807284,0.24491176,0.016409706,0.04484449,0.15824586,0.044712353,0.45288116,0.42592472,-5.610245,19.327631,54.243195,9.751746,-13.463298,2.951444,1.9736135,89.455605,-1.8072729,2.009946,70.68541300527241,70.68541300527241,72.46045694200352,61.37082601054482,63.44463971880493,33.708260105448154,69.84182776801407,79.7188049209139,47.59226713532514,66.52021089630932,95.07908611599298,12.33743409490334,32.93497363796134,29.314586994727595,63.58523725834799,82.56590509666081,86.88927943760984,81.40597539543059,47.7328646748682,79.5079086115993,43.55008787346222,68.7170474516696,88.8224956063269,67.45166959578208,52.54833040421793,20.07029876977153,60.77328646748683,73.60281195079087,65.37785588752197,76.06326889279438,86.99472759226714,87.90861159929702,91.24780316344464,26.92442882249561,66.88927943760984,66.4323374340949,60.98418277680141,70.29876977152901,70.19332161687171,58.24253075571178,40.94903339191565,58.734622144112485,21.51142355008788,36.555360281195085,71.66959578207381,39.43760984182777,44.81546572934974,79.82425307557118,62.03866432337435,68.50615114235501,73.77855887521969,55.43057996485062
CCC(CC)(CC)COC(=O)O,174.23999999999998,2.897400000000001,2,1,4.0,0.6516869084296874,0,46.53,0,0,0,0.022764124,0.77926415,0.84981215,0.011303529,0.015668636,0.1676791,0.009694322,0.17196056,0.029163862,0.2034363,0.0003821426,0.24987468,0.04732246,0.104936145,0.97074634,0.0041477764,0.010592055,0.00091382983,0.0013850885,0.0133686615,0.07158059,0.009888545,0.6273628,0.006810884,0.02627562,0.000724974,0.0051804218,0.0036579235,0.003291355,0.64726657,0.06053117,-4.2260756,86.741066,39.317036,1.4088945,-5.2442384,1.7816627,0.88016856,71.431435,-2.6190522,2.8459284,13.42706502636204,59.75395430579965,17.10017574692443,36.59050966608085,63.44463971880493,67.17047451669596,22.601054481546576,28.26010544815466,47.59226713532514,25.869947275922677,37.188049209138846,6.1862917398945525,55.2548330404218,63.26889279437611,31.45869947275923,22.24956063268893,62.00351493848858,31.282952548330407,64.04217926186293,40.87873462214412,26.99472759226714,12.02108963093146,68.6115992970123,31.07205623901582,19.859402460456945,33.81370826010545,23.7609841827768,19.613356766256597,8.400702987697716,14.0597539543058,44.04217926186292,40.24604569420036,58.03163444639719,39.82425307557118,29.806678383128297,14.13005272407733,11.775043936731109,28.752196836555363,25.237258347978912,15.219683655536029,66.92442882249561,26.32688927943761,94.8681898066784,82.7768014059754,61.37082601054482,24.67486818980668,92.79437609841828,13.216168717047452,43.831282952548335,47.45166959578208,59.54305799648507,61.82776801405976
O=CO,46.025,-0.2991999999999999,1,1,4.0,0.3801607209681124,0,37.3,0,1,0,0.18465893,0.9024768,0.8637613,0.004112863,0.004385279,0.16115302,0.0017032356,0.040847816,0.0021147705,0.12097813,7.31672e-05,0.44519854,0.059659876,0.26465103,0.97717667,0.006503892,0.0068723196,0.002825762,0.00050615455,0.0037128865,0.027281452,0.00537827,0.40977517,0.0004837438,0.036959518,0.0025068477,0.007930212,0.0009663144,0.005363234,0.5771419,0.0074017895,-4.4421377,19.740423,-36.64587,-2.4625547,-8.317995,1.4735628,-1.7764807,21.48381,0.7003375,-0.691728,1.124780316344464,19.191564147627417,6.854130052724078,36.59050966608085,63.44463971880493,30.615114235500883,22.601054481546576,19.68365553602812,47.59226713532514,66.52021089630932,37.188049209138846,44.28822495606328,69.13884007029877,66.95957820738138,23.09314586994728,7.627416520210897,59.96485061511424,12.231985940246046,26.959578207381373,6.818980667838313,18.34797891036907,4.112478031634447,90.4042179261863,36.20386643233744,40.66783831282953,35.114235500878735,35.254833040421794,11.107205623901583,18.4182776801406,6.502636203866433,13.42706502636204,4.674868189806679,46.74868189806679,30.36906854130053,9.103690685413008,20.421792618629176,27.135325131810195,36.344463971880494,12.548330404217928,21.195079086116,57.29349736379614,4.569420035149386,85.51845342706504,36.90685413005273,1.616871704745167,18.031634446397188,81.6871704745167,4.710017574692444,10.017574692442883,9.91212653778559,98.5237258347979,28.681898066783837
OC12C=CC=CC1O2,110.11199999999998,0.1997999999999999,2,1,4.0,0.4516626960574946,2,32.76,0,1,1,0.4332983,0.94909686,0.92626905,0.12450248,0.084399655,0.17121986,0.0063102446,0.13958095,0.009181791,0.29624754,0.0019217739,0.10256119,0.026615635,0.18281794,0.9998438,0.004964544,0.009544658,0.0134915635,0.006160603,0.008293045,0.062181365,0.004583175,0.9257879,0.0034490179,0.052848686,0.004858313,0.015852556,0.01395199,0.0067910897,0.74599725,0.04020858,-4.338402,17.340918,-12.934402,11.648994,-8.354907,2.9877367,0.57032806,27.420559,-0.33352566,0.383641,4.586994727592267,24.710017574692444,17.10017574692443,36.59050966608085,63.44463971880493,39.85940246045695,69.84182776801407,16.660808435852374,47.59226713532514,66.52021089630932,83.09314586994728,72.9701230228471,78.03163444639719,88.50615114235502,59.156414762741655,48.99824253075572,62.84710017574693,25.237258347978912,58.69947275922672,24.04217926186292,37.188049209138846,22.31985940246046,30.966608084358526,16.977152899824254,32.337434094903344,70.96660808435853,27.6274165202109,17.152899824253076,44.32337434094904,32.653778558875224,30.298769771529003,32.68892794376099,43.831282952548335,71.31810193321617,24.18277680140598,28.7170474516696,37.85588752196837,50.15817223198594,38.91036906854131,24.253075571177508,78.4182776801406,21.51142355008788,90.7908611599297,33.919156414762746,12.899824253075572,42.95254833040422,81.30052724077329,81.33567662565906,39.789103690685415,13.673110720562391,91.59929701230227,38.91036906854131
CCC(CC)COC(=O)[C@H](C)N[P@@](=O)(OC1(O)C=CC=CC1O)OP(=O)(O)O,443.3260000000001,1.3533999999999993,8,5,4.0,0.1772623626469814,4,171.85,0,2,2,0.093380556,0.36450282,0.4011503,0.0149802985,0.15767075,0.052931983,0.052535415,0.03832852,0.20035262,0.2162529,0.094599865,0.15914308,0.12958777,0.13922593,0.21644053,0.022022601,0.07489653,0.01220191,0.032123692,0.09151032,0.22532454,0.015683062,0.0701575,0.06866856,0.17066866,0.009825749,0.020336017,0.020361656,0.033595797,0.4065188,0.25452358,-6.111031,12.63887,54.43277,4.7892838,-19.141102,2.9505212,1.4870071,79.71984,-1.4382718,-0.17117901,74.48154657293497,36.13356766256591,84.51669595782074,91.493848857645,63.44463971880493,9.806678383128297,81.28295254833041,88.99824253075572,47.59226713532514,87.9261862917399,95.07908611599298,26.01054481546573,22.95254833040422,12.583479789103691,34.481546572934974,60.52724077328647,23.2688927943761,55.99297012302285,25.869947275922677,71.31810193321617,28.50615114235501,57.22319859402461,48.471001757469246,57.750439367311074,25.483304042179263,10.439367311072058,68.57644991212655,86.88927943760984,42.56590509666081,56.66080843585237,85.58875219683657,85.83479789103691,64.67486818980669,15.325131810193325,49.03339191564148,57.71528998242531,50.72056239015818,55.50087873462215,42.7768014059754,52.54833040421793,34.692442882249566,46.85413005272408,12.442882249560634,28.752196836555363,71.70474516695958,30.68541300527241,18.34797891036907,79.82425307557118,53.32161687170475,55.67662565905097,78.20738137082601,33.81370826010545
CCCCOC(=O)[C@H](C)N[P@](=O)(O)Oc1ccccc1CC,329.3330000000001,3.0496000000000016,4,2,4.0,0.4113987581607325,2,84.86,0,2,2,0.09872095,0.80579567,0.82772094,0.34716758,0.5367694,0.3662009,0.2810271,0.30317146,0.19508706,0.62521756,0.31616935,0.19514623,0.116688415,0.48238507,0.9989885,0.012517758,0.029966757,0.10034867,0.10925587,0.043507405,0.14772066,0.119361505,0.9173137,0.46187925,0.2170517,0.020636255,0.059030294,0.27460983,0.051938497,0.48332056,0.5550584,-5.1132708,52.29237,62.20581,0.58274996,-10.065085,2.8211064,2.6133137,83.11675,-2.16918,3.346637,48.99824253075572,61.968365553602816,48.55887521968366,61.37082601054482,63.44463971880493,34.41124780316345,69.84182776801407,57.9261862917399,47.59226713532514,87.9261862917399,95.07908611599298,27.10017574692443,57.750439367311074,57.4340949033392,74.86818980667839,86.57293497363797,93.4622144112478,80.17574692442884,77.01230228471002,71.17750439367312,70.43936731107206,75.04393673110721,57.9261862917399,55.07908611599297,54.833040421792624,56.30931458699473,53.46221441124781,56.52021089630932,71.14235500878735,76.41476274165203,72.44288224956064,73.77855887521969,89.87697715289983,68.96309314586995,76.27416520210897,63.72583479789104,64.92091388400704,75.64147627416521,77.85588752196837,61.05448154657294,44.63971880492092,65.79964850615114,39.789103690685415,65.5536028119508,76.06326889279438,23.304042179261867,70.22847100175747,73.28646748681899,73.0755711775044,59.12126537785589,68.11950790861161,65.27240773286468
O=P(O)(O)Oc1ccccc1,174.092,1.1581,2,2,4.0,0.6598442426208292,0,66.76,0,1,1,0.007072075,0.600773,0.7039359,0.01280586,0.040197603,0.20810941,0.025056649,0.027918687,0.039359264,0.08988972,0.00052301714,0.32809523,0.093180835,0.24890426,0.8599491,0.0022805408,0.014706662,0.007706282,0.0029404883,0.024820013,0.08616569,0.016813802,0.096022025,0.006628377,0.052560996,0.0017287495,0.0064682765,0.010745529,0.0041247164,0.3175725,0.036077015,-5.4508767,10.332031,-2.2994123,5.7519755,-12.574556,2.2464855,0.11009085,58.628685,-0.6822998,1.2623489,13.321616871704746,33.5676625659051,17.10017574692443,61.37082601054482,63.44463971880493,68.54130052724078,22.601054481546576,44.56942003514939,47.59226713532514,66.52021089630932,83.09314586994728,1.933216168717048,40.31634446397189,33.919156414762746,32.72407732864675,36.871704745166966,71.81019332161688,44.88576449912127,21.86291739894552,45.51845342706503,14.270650263620388,14.200351493848858,80.56239015817224,48.822495606326896,39.12126537785589,24.46397188049209,13.391915641476276,29.876977152899823,34.692442882249566,22.987697715289983,59.367311072056246,48.64674868189808,65.65905096660809,17.223198594024606,29.525483304042183,28.681898066783837,22.284710017574696,32.40773286467487,36.30931458699473,17.926186291739896,23.550087873462218,20.210896309314588,24.99121265377856,26.36203866432337,21.72231985940246,32.37258347978911,50.61511423550088,37.750439367311074,32.513181019332166,34.90333919156415,87.66256590509667,48.75219683655536
CCC(CC)C(OC=O)[C@H](C)N[P@](=O)(O)Oc1ccccc1,329.333,3.121700000000001,4,2,4.0,0.5066498882160599,3,84.86,0,2,2,0.12909085,0.68664587,0.8389223,0.121720456,0.35629603,0.32919365,0.21699576,0.17386739,0.10099763,0.5122558,0.1431719,0.24234793,0.11980671,0.47320408,0.9924536,0.010023216,0.02079609,0.03425068,0.040634323,0.027807936,0.12861781,0.084507406,0.7794074,0.29669344,0.118286215,0.009708059,0.034922406,0.11593497,0.024556099,0.5067426,0.40939122,-5.149599,39.34613,53.73161,3.1708565,-10.645754,3.085345,2.485212,77.41781,-2.2473786,2.4032168,48.99824253075572,62.88224956063269,48.55887521968366,61.37082601054482,63.44463971880493,47.24077328646749,76.60808435852373,57.9261862917399,47.59226713532514,87.9261862917399,95.07908611599298,33.84885764499121,47.065026362038665,60.07029876977153,58.87521968365554,78.17223198594026,90.5096660808436,76.80140597539544,64.39367311072057,60.421792618629176,57.46924428822496,63.23374340949034,67.20562390158173,55.7469244288225,54.376098418277685,41.61687170474517,47.557117750439375,42.00351493848858,57.01230228471002,60.00000000000001,61.792618629174,68.99824253075572,86.08084358523726,49.98242530755712,68.57644991212655,48.57644991212654,50.36906854130053,64.56942003514939,66.36203866432338,46.0456942003515,47.66256590509666,58.03163444639719,38.31282952548331,56.344463971880494,71.35325131810194,27.697715289982423,65.65905096660809,85.30755711775045,70.72056239015818,53.46221441124781,66.67838312829527,58.52372583479789
CCC(CC)COC(=O)C(OC(=O)[C@H](C)N[P@](=O)(O)Oc1ccccc1)C(CC)CC,457.50400000000025,4.471300000000004,6,2,4.0,0.3109123850681151,3,111.16,0,1,2,0.035625264,0.66508037,0.6962801,0.091745004,0.67452884,0.2777932,0.6360918,0.14942513,0.17131743,0.7155648,0.75457203,0.19111891,0.083102904,0.5327662,0.99893916,0.011557739,0.022753427,0.03414377,0.11390855,0.05426253,0.13161264,0.14376119,0.90605974,0.7337768,0.2923594,0.01011178,0.08923547,0.2811296,0.045379154,0.39287645,0.6891152,-5.193766,74.90298,102.21727,23.437864,-10.495297,2.7712271,3.3068223,94.2353,-3.0909495,8.552687,77.11775043936731,83.47978910369069,72.46045694200352,61.37082601054482,63.44463971880493,21.65202108963093,76.60808435852373,74.30579964850615,47.59226713532514,66.52021089630932,95.07908611599298,9.490333919156416,45.41300527240774,32.93497363796134,54.34094903339192,91.03690685413008,84.21792618629175,93.56766256590512,60.24604569420036,69.66608084358525,83.19859402460457,89.84182776801407,56.66080843585237,45.62390158172232,56.97715289982426,55.95782073813709,51.10720562390159,45.51845342706503,57.01230228471002,77.04745166959579,77.01230228471002,69.87697715289983,91.66959578207384,66.71353251318102,86.71353251318102,69.8066783831283,51.31810193321618,81.93321616871705,77.99648506151144,58.48857644991213,32.86467486818981,71.45869947275924,36.239015817223205,77.29349736379613,90.61511423550088,62.108963093145874,66.71353251318102,70.01757469244289,85.20210896309315,77.04745166959579,50.75571177504394,86.60808435852374
CCC(CC)COC(=O)OC(=O)O,190.195,2.2538,4,1,4.0,0.5432780278532198,0,72.83,0,1,1,0.019156814,0.8228426,0.865688,0.051523685,0.039157327,0.3209729,0.030305643,0.062420838,0.015312849,0.18958957,0.00045599937,0.4004191,0.093542755,0.47863895,0.96818465,0.005045509,0.013348413,0.0063830055,0.0019382129,0.015371868,0.07577517,0.027656784,0.45070046,0.0074090213,0.05473391,0.0052542826,0.0077930028,0.0050498173,0.008423878,0.38333768,0.032454457,-4.436976,62.05918,28.096384,-14.621454,-5.9368553,2.0197377,0.0484988,72.37087,-1.5597973,1.8453534,16.203866432337435,48.26010544815466,48.55887521968366,36.59050966608085,63.44463971880493,52.4780316344464,22.601054481546576,48.66432337434095,47.59226713532514,66.52021089630932,83.09314586994728,5.377855887521969,59.789103690685415,67.41652021089631,47.1353251318102,36.344463971880494,89.56063268892795,48.154657293497365,34.41124780316345,30.931458699472763,25.58875219683656,13.356766256590513,87.6274165202109,48.89279437609842,54.62214411247804,33.49736379613357,28.049209138840077,26.572934973637963,31.00175746924429,18.066783831282955,47.41652021089632,42.91739894551846,72.58347978910369,32.056239015817226,30.790861159929705,29.630931458699475,39.29701230228471,35.782073813708266,28.822495606326893,27.029876977152902,31.669595782073817,19.261862917398947,85.83479789103691,70.96660808435853,52.513181019332166,4.2179261862917405,91.07205623901582,24.534270650263625,31.599297012302287,48.33040421792619,76.8365553602812,53.98945518453428
CCC(C)(C=O)CC,114.18799999999996,2.0116,1,0,4.0,0.5128096879257282,0,17.07,0,1,1,0.1481367,0.98316306,0.91478634,0.16592021,0.05811745,0.19848846,0.00972386,0.25440317,0.0051424005,0.400935,0.0009941485,0.23018765,0.022261996,0.16290954,0.99990654,0.004046656,0.0059859073,0.002216245,0.0023135317,0.004570974,0.035758696,0.0047342516,0.9824482,0.0025382382,0.024392618,0.0018668653,0.011914698,0.003069681,0.0026692557,0.74938595,0.044206303,-3.8697464,126.123535,63.40277,22.760136,-1.4400605,1.3689911,1.6000025,43.945896,-1.9345745,3.6578,4.780316344463972,44.8506151142355,6.854130052724078,11.63444639718805,63.44463971880493,48.04920913884008,22.601054481546576,8.383128295254833,47.59226713532514,66.52021089630932,83.09314586994728,37.50439367311073,91.95079086115994,84.21792618629175,62.88224956063269,42.39015817223199,69.20913884007031,31.3884007029877,73.42706502636204,16.098418277680143,46.0456942003515,17.996485061511425,65.30755711775045,14.024604569420037,29.77152899824253,74.6572934973638,22.987697715289983,8.541300527240773,15.53602811950791,20.175746924428825,16.801405975395433,9.876977152899824,44.56942003514939,94.02460456942003,21.47627416520211,12.829525483304044,23.2688927943761,44.463971880492096,23.02284710017575,12.864674868189809,78.84007029876977,22.70650263620387,99.33216168717048,94.13005272407732,76.97715289982426,61.51142355008788,97.4340949033392,3.4094903339191567,55.07908611599297,23.550087873462218,72.40773286467487,67.02987697715291
CCC(O)(CC)COC(O)[C@H](C)N[P@](=O)(O)Oc1ccccc1,347.34800000000007,2.03,5,4,4.0,0.3787283656724287,3,108.25,0,2,3,0.1023248,0.52984697,0.781737,0.047144555,0.09898837,0.15229297,0.046112668,0.20568332,0.13946767,0.3268432,0.055224407,0.13959336,0.1168374,0.20287731,0.9459941,0.011779821,0.04019438,0.020637086,0.025706908,0.02830166,0.12863386,0.033129252,0.53052884,0.13238992,0.079175964,0.004657428,0.020913053,0.040699355,0.013650881,0.48348045,0.37813362,-5.485957,22.544186,33.62985,11.7751665,-14.795515,2.9321425,1.3963484,52.73645,-1.0789331,3.9749846,52.89982425307558,45.23725834797892,61.880492091388405,86.90685413005274,63.44463971880493,30.333919156414765,76.60808435852373,72.82952548330405,47.59226713532514,87.9261862917399,98.89279437609842,28.049209138840077,34.90333919156415,47.1353251318102,46.22144112478032,51.70474516695958,56.52021089630932,54.44639718804921,68.64674868189807,66.18629173989456,39.92970123022848,51.00175746924429,42.98769771528999,55.07908611599297,34.86818980667839,30.544815465729357,51.66959578207382,69.42003514938489,49.52548330404218,53.74340949033392,62.21441124780317,68.99824253075572,74.58699472759227,35.36028119507909,56.344463971880494,38.20738137082601,37.46924428822496,55.99297012302285,52.02108963093146,34.97363796133568,44.63971880492092,56.27416520210897,24.11247803163445,40.84358523725835,56.76625659050967,43.33919156414763,36.44991212653779,79.15641476274166,51.56414762741653,30.439367311072058,82.53075571177506,69.20913884007031
CCCCC,72.151,2.1965000000000003,0,0,4.0,0.4687855098011332,0,0.0,0,0,0,0.034108058,0.9945291,0.9241948,0.8309973,0.26036766,0.1614941,0.024638291,0.30727926,0.00873551,0.35151514,0.0009962332,0.09173368,0.006256444,0.18513648,0.99999905,0.0004817169,0.005450637,0.0048945835,0.0024331817,0.0026376634,0.041834243,0.0014540987,0.99558944,0.004751221,0.008231714,0.00079897774,0.005065352,0.0062946426,0.0005332473,0.66293883,0.042938948,-4.0135307,136.93071,76.347084,30.72232,2.0610783,1.3888695,2.2342172,59.22874,-3.2971466,6.223638,2.249560632688928,47.45166959578208,1.933216168717048,11.63444639718805,63.44463971880493,42.24956063268893,22.601054481546576,1.810193321616872,47.59226713532514,25.869947275922677,37.188049209138846,9.103690685413008,99.0158172231986,87.69771528998243,92.05623901581724,70.896309314587,60.00000000000001,44.78031634446398,77.25834797891038,23.58523725834798,41.6871704745167,18.031634446397188,27.732864674868196,5.237258347978911,32.75922671353251,97.5395430579965,2.179261862917399,6.889279437609843,27.17047451669596,21.01933216168717,8.400702987697716,14.376098418277682,23.550087873462218,99.57820738137085,26.60808435852373,2.6010544815465733,12.583479789103691,28.40070298769772,31.036906854130056,3.5149384885764503,68.64674868189807,22.49560632688928,97.99648506151144,96.20386643233743,82.95254833040423,68.85764499121267,99.78910369068542,3.655536028119508,66.32688927943761,35.64147627416521,46.010544815465735,79.43760984182778
CCC(C=O)(CC)CC,128.21499999999995,2.401700000000001,1,0,4.0,0.5312104531500171,0,17.07,0,1,1,0.14136814,0.9824975,0.89166135,0.20666738,0.078979164,0.20065477,0.015336966,0.23565786,0.0070314035,0.42447868,0.001985166,0.20705101,0.02300318,0.18496351,0.9998809,0.00666269,0.007724613,0.0026611118,0.0034026962,0.006974767,0.03921971,0.0061712153,0.9810257,0.0041083535,0.03418415,0.002488155,0.01915779,0.004061305,0.0049821115,0.7524761,0.054436736,-3.918389,133.95073,74.78099,33.93389,-1.8463411,1.3857553,1.7465881,46.96068,-2.4794505,5.4548225,5.869947275922672,50.61511423550088,6.854130052724078,11.63444639718805,63.44463971880493,50.57996485061512,22.601054481546576,8.383128295254833,47.59226713532514,66.52021089630932,83.09314586994728,36.27416520210897,91.63444639718806,75.85237258347979,66.25659050966608,47.838312829525485,69.8066783831283,37.57469244288225,71.73989455184535,20.492091388400706,48.189806678383135,22.46045694200352,60.84358523725835,14.411247803163446,32.72407732864675,73.00527240773287,35.85237258347979,12.864674868189809,17.609841827768015,24.92091388400703,25.51845342706503,12.302284710017576,49.13884007029878,93.4622144112478,25.58875219683656,18.84007029876977,27.065026362038665,53.98945518453428,26.572934973637963,20.175746924428825,79.15641476274166,25.20210896309315,99.0158172231986,95.60632688927944,82.2847100175747,71.45869947275924,97.11775043936731,3.620386643233744,57.46924428822496,25.83479789103691,61.89806678383129,76.41476274165203
CCC(CC)COC(=O)[C@H](C)N[P@@](=O)(OC12C=CC=CC1O2)OP(=O)(O)O,425.3110000000001,2.399000000000001,7,3,4.0,0.2563495049683703,4,143.92000000000002,0,2,2,0.11140846,0.42771834,0.52184975,0.03600473,0.27021283,0.11430327,0.13013585,0.04889654,0.26452714,0.29947457,0.1686463,0.25827026,0.1872908,0.29414847,0.4005398,0.030450279,0.06345502,0.017691892,0.061289977,0.11330632,0.2425832,0.053257562,0.13976304,0.12676203,0.24230671,0.021546716,0.039878458,0.04115032,0.059763324,0.44864148,0.30247346,-5.7849946,11.023083,53.80774,3.1413202,-15.698619,3.0977917,1.8030338,84.468185,-1.704224,0.71648455,71.07205623901582,50.50966608084359,79.85940246045695,78.20738137082601,63.44463971880493,15.782073813708262,81.28295254833041,84.63971880492092,47.59226713532514,87.9261862917399,95.07908611599298,30.08787346221441,27.59226713532513,18.172231985940247,43.23374340949034,71.84534270650265,42.56590509666081,69.73637961335677,29.66608084358524,75.64147627416521,37.46924428822496,65.30755711775045,70.22847100175747,68.11950790861161,42.63620386643234,13.954305799648507,75.57117750439367,83.44463971880492,47.59226713532514,67.76801405975397,87.87346221441126,87.2407732864675,80.84358523725835,19.33216168717048,55.71177504393673,66.15114235500879,65.4481546572935,67.7328646748682,52.196836555360285,63.23374340949034,40.07029876977153,50.50966608084359,17.574692442882252,27.10017574692443,71.38840070298771,27.6274165202109,30.931458699472763,85.51845342706504,58.52372583479789,60.63268892794377,74.90333919156416,42.601054481546576
CCC(CC)COC[C@H](C)N[P@@](=O)(Oc1ccccc1)OP(=O)(O)O,395.32900000000006,3.713700000000003,5,3,4.0,0.4590406504376033,2,114.32000000000002,0,1,2,0.031107059,0.5577105,0.69417655,0.23325543,0.34412727,0.2560529,0.21145728,0.16437057,0.461654,0.36593932,0.13800582,0.35085934,0.17497146,0.39208165,0.7668637,0.009404096,0.03799592,0.050991215,0.0804911,0.076327264,0.23652306,0.09935376,0.38067394,0.29937783,0.19139378,0.008187526,0.026094232,0.16034324,0.024899393,0.44946313,0.4947967,-5.6594286,11.250492,45.40107,11.068306,-13.74838,2.966198,1.8600233,85.67182,-1.7743714,2.5028594,64.60456942003516,72.47803163444641,61.880492091388405,78.20738137082601,63.44463971880493,41.40597539543058,69.84182776801407,75.92267135325133,47.59226713532514,66.52021089630932,95.07908611599298,8.295254833040422,37.22319859402461,32.58347978910369,68.29525483304043,77.36379613356767,81.01933216168717,76.37961335676626,63.02284710017575,83.90158172231986,42.88224956063269,62.601054481546576,83.19859402460457,66.32688927943761,49.24428822495607,21.61687170474517,45.5536028119508,67.06502636203867,62.84710017574693,71.91564147627417,82.81195079086116,86.57293497363797,87.83831282952549,29.314586994727595,68.7170474516696,60.45694200351495,46.643233743409496,59.89455184534271,70.47451669595783,46.39718804920914,40.31634446397189,62.56590509666081,20.351493848857647,27.31107205623902,65.58875219683657,42.00351493848858,43.16344463971881,80.52724077328648,59.40246045694201,62.17926186291741,74.2706502636204,59.19156414762743
CCC(CC)(COC(=O)[C@H](C)N[P@](=O)(O)Oc1ccccc1)C(=O)O,373.3420000000001,2.5781,5,3,4.0,0.4224754918871221,2,122.16,0,1,2,0.10212202,0.42874846,0.7878196,0.015917683,0.053000193,0.23243308,0.049903788,0.059092958,0.03369748,0.26489753,0.0267797,0.2476546,0.1644175,0.41439214,0.8245324,0.027000085,0.056193937,0.010672828,0.011143783,0.025886958,0.11939758,0.03658354,0.21215348,0.04891471,0.065300375,0.008175654,0.015777271,0.005629368,0.021715943,0.4341034,0.10408424,-5.4730983,40.00578,51.47924,-22.338804,-13.894346,2.8808596,1.2179753,71.40169,-1.6541828,-0.30081558,59.367311072056246,53.919156414762746,61.880492091388405,78.20738137082601,63.44463971880493,35.95782073813709,69.84182776801407,79.5079086115993,47.59226713532514,66.52021089630932,95.07908611599298,27.978910369068544,27.6274165202109,48.33040421792619,34.97363796133568,40.87873462214412,76.52021089630932,55.39543057996485,33.602811950790866,42.98769771528999,34.376098418277685,43.198594024604574,68.01405975395431,64.56942003514939,50.474516695957824,23.2688927943761,73.04042179261863,80.42179261862918,40.421792618629176,41.75746924428823,60.140597539543066,66.0456942003515,75.92267135325133,22.7768014059754,45.659050966608085,33.07557117750439,46.60808435852373,50.08787346221442,30.017574692442885,43.79613356766257,38.45342706502637,32.09138840070299,24.534270650263625,57.08260105448155,69.84182776801407,1.5817223198594026,42.1792618629174,76.52021089630932,48.40070298769772,47.41652021089632,75.50087873462215,32.61862917398946
CCC(CC)(COC(=O)O)COC(=O)O,220.221,2.182,4,2,4.0,0.6661662566725602,0,93.06000000000002,0,0,0,0.023028277,0.49371377,0.75947034,0.0028406032,0.016388696,0.10280776,0.010413773,0.025510436,0.020177294,0.07460891,0.00012080728,0.27358106,0.08085482,0.20283802,0.6935214,0.002411125,0.011687834,0.0009363761,0.00046178856,0.010880614,0.07362807,0.004715771,0.07550098,0.0024562893,0.020000238,0.00087408954,0.0018915765,0.0006383797,0.0022167629,0.40986863,0.018109944,-4.810212,53.24041,23.404343,-23.844141,-10.067582,1.7897396,-0.9362074,70.70885,-1.9846258,-0.51183885,20.878734622144115,47.20562390158173,48.55887521968366,61.37082601054482,63.44463971880493,69.59578207381371,22.601054481546576,63.77855887521969,47.59226713532514,25.869947275922677,37.188049209138846,6.291739894551846,32.44288224956063,42.46045694200352,20.667838312829527,22.63620386643234,38.242530755711776,32.513181019332166,20.738137082601057,35.04393673110721,12.196836555360282,5.729349736379614,73.04042179261863,44.74516695957821,34.86818980667839,19.40246045694201,14.446397188049213,22.56590509666081,8.435852372583481,6.01054481546573,38.20738137082601,41.86291739894552,44.39367311072056,15.817223198594029,21.0896309314587,9.84182776801406,13.637961335676628,13.81370826010545,9.947275922671354,10.755711775043938,35.36028119507909,11.56414762741652,58.418277680140605,66.0456942003515,47.838312829525485,1.335676625659051,70.22847100175747,13.673110720562391,18.453427065026364,46.57293497363796,71.38840070298771,30.544815465729357
CCC(CC)c1ccccc1O[P@](=O)(N[C@@H](C)C(=O)OC)OP(=O)(O)O,409.3120000000001,3.337500000000002,6,3,4.0,0.393148202971353,2,131.39,0,1,2,0.060330104,0.46297294,0.66216123,0.24561723,0.51284724,0.30528766,0.37577015,0.10890528,0.4257099,0.41344666,0.26270118,0.45332918,0.19156733,0.51304954,0.71689194,0.023696078,0.04905093,0.07784192,0.15184696,0.11722003,0.239091,0.19116421,0.33229303,0.26168793,0.30621925,0.028604245,0.06478794,0.20407613,0.07952689,0.42388564,0.46162882,-5.79452,4.6820793,41.075005,13.646258,-15.375677,3.0171235,1.5272448,86.40126,-1.8135357,-0.34968096,67.55711775043937,66.4323374340949,72.46045694200352,78.20738137082601,63.44463971880493,32.337434094903344,69.84182776801407,81.792618629174,47.59226713532514,66.52021089630932,95.07908611599298,16.414762741652023,30.26362038664324,28.295254833040424,69.10369068541301,85.86994727592268,88.11950790861161,84.92091388400704,49.84182776801406,82.91739894551846,47.6274165202109,71.81019332161688,91.1072056239016,68.92794376098419,56.16871704745167,20.035149384885766,70.36906854130054,75.99297012302286,68.57644991212655,81.82776801405976,88.33040421792619,86.74868189806679,94.13005272407732,27.416520210896312,66.50263620386644,71.0017574692443,69.34973637961336,77.25834797891038,74.23550087873463,68.99824253075572,37.3286467486819,60.52724077328647,17.539543057996486,19.40246045694201,62.49560632688929,46.74868189806679,33.11072056239016,82.67135325131811,54.09490333919157,63.3743409490334,73.67311072056239,32.37258347978911
CCC(C=O)(C=O)CC,128.17099999999996,1.1906,2,0,4.0,0.4207074452340454,0,34.14,0,2,1,0.78141737,0.95395404,0.84533864,0.059999682,0.037634417,0.22635639,0.008051844,0.11466126,0.0040820735,0.44799453,0.0021871284,0.46395063,0.058490507,0.2828516,0.99473065,0.043221854,0.008265617,0.0036799156,0.0056212237,0.013143977,0.044808675,0.0425717,0.9032852,0.0020285705,0.19071913,0.02843817,0.08872851,0.0037073598,0.05389911,0.8553337,0.02797763,-3.8983967,91.90322,35.910606,7.7478166,-5.386482,1.7851995,0.9421137,35.6334,-1.2522186,-0.6954376,5.869947275922672,34.13005272407733,17.10017574692443,11.63444639718805,63.44463971880493,35.746924428822496,22.601054481546576,17.521968365553604,47.59226713532514,87.9261862917399,83.09314586994728,94.44639718804922,79.29701230228471,61.968365553602816,48.927943760984185,35.53602811950791,75.32513181019333,28.64674868189807,51.493848857645,13.005272407732866,50.26362038664324,22.74165202108963,91.77504393673112,35.782073813708266,41.72231985940246,44.04217926186292,81.54657293497364,13.74340949033392,22.70650263620387,31.634446397188054,43.55008787346222,16.801405975395433,78.13708260105449,66.0456942003515,19.71880492091389,60.35149384885765,69.20913884007031,81.792618629174,25.37785588752197,61.546572934973646,90.4042179261863,17.293497363796135,99.12126537785588,84.88576449912128,58.734622144112485,35.746924428822496,92.40773286467488,13.391915641476276,44.88576449912127,18.031634446397188,80.91388400702988,28.611599297012305
CCC(CC)C(OC=O)[C@H](C)N[P@@](=O)(Oc1ccccc1)OP(=O)(O)O,409.312,3.2387000000000024,6,3,4.0,0.3515448539771858,3,131.39,0,2,2,0.061067116,0.5016242,0.68996865,0.17922089,0.48440942,0.30532774,0.34382012,0.07378054,0.29064503,0.35481817,0.16982861,0.45686588,0.18245652,0.52754414,0.7047273,0.015963828,0.04091947,0.051229637,0.072739415,0.08850555,0.23394422,0.147901,0.2908826,0.2279377,0.20999643,0.018182551,0.030438047,0.100255944,0.039293893,0.43413582,0.37929755,-5.7374144,11.88135,49.14573,1.7800696,-14.610631,2.9446855,1.7190201,85.348854,-1.7500788,0.20114212,67.55711775043937,64.85061511423551,72.46045694200352,78.20738137082601,63.44463971880493,26.99472759226714,76.60808435852373,81.792618629174,47.59226713532514,87.9261862917399,95.07908611599298,16.520210896309315,33.04042179261863,32.09138840070299,63.72583479789104,84.42882249560634,88.11950790861161,83.3743409490334,39.156414762741655,76.73110720562391,42.03866432337434,65.3427065026362,91.2829525483304,67.27592267135326,56.73110720562391,19.82425307557118,60.38664323374341,69.98242530755712,62.91739894551846,69.94727592267137,85.16695957820738,86.36203866432338,92.05623901581724,25.869947275922677,64.21792618629175,62.70650263620387,62.74165202108964,62.53075571177505,64.3585237258348,55.85237258347979,38.52372583479789,56.41476274165203,18.629173989455182,27.697715289982423,68.08435852372584,25.026362038664324,37.4340949033392,79.54305799648508,57.01230228471002,61.6871704745167,74.51669595782074,37.01230228471002
CCC1(CC)COC(O)[C@H](C)N[P@@](=O)(Oc2ccccc2)O1,329.333,3.075600000000001,5,2,4.0,0.8268440800751427,3,77.02000000000001,0,1,2,0.7398225,0.89596283,0.8814619,0.078750946,0.3950478,0.19841862,0.09161035,0.2848609,0.086620815,0.68501425,0.42063516,0.16043898,0.15025724,0.4900535,0.9993045,0.012063356,0.024230279,0.067045905,0.086036436,0.020465598,0.10959816,0.025494432,0.9255328,0.35240394,0.23276277,0.02544708,0.03733225,0.10370376,0.037257135,0.5430953,0.6149454,-5.213404,16.188488,45.692314,5.390521,-12.215891,3.7564507,2.1644185,67.113304,-1.846509,1.163491,48.99824253075572,62.31985940246047,61.880492091388405,61.37082601054482,63.44463971880493,92.4780316344464,76.60808435852373,51.9859402460457,47.59226713532514,66.52021089630932,95.07908611599298,92.79437609841828,67.97891036906854,72.16168717047452,52.44288224956064,80.66783831282953,69.17398945518454,64.49912126537787,75.99297012302286,57.750439367311074,78.76977152899825,79.64850615114236,48.787346221441126,62.00351493848858,55.11423550087874,58.94551845342707,52.4780316344464,48.33040421792619,66.88927943760984,72.89982425307558,55.04393673110721,61.47627416520211,71.03690685413005,71.21265377855889,71.42355008787347,65.41300527240774,67.69771528998243,66.29173989455185,65.02636203866433,54.55184534270651,52.86467486818981,68.2249560632689,35.149384885764505,32.61862917398946,65.72934973637962,31.669595782073817,53.32161687170475,97.18804920913884,65.16695957820738,43.16344463971881,73.21616871704745,47.697715289982426
CCC(CC)c1ccccc1O[P@@](=O)(O)N[C@@H](C)C(=O)OC,329.3330000000001,3.220500000000002,4,2,4.0,0.56254882494575,2,84.86,0,1,2,0.08465806,0.6700089,0.81194556,0.2347484,0.53404546,0.35431027,0.35374326,0.2657794,0.29138818,0.5832675,0.37229198,0.25053665,0.15131964,0.47044033,0.996548,0.013373827,0.028247077,0.070448816,0.11418525,0.05546556,0.1523025,0.13175985,0.8641056,0.4310886,0.22370434,0.018274851,0.06252749,0.26356682,0.047950007,0.4405179,0.5678727,-5.1593757,21.723053,44.00011,7.529376,-10.77504,3.2943673,2.481677,82.6896,-2.396791,2.8371685,48.99824253075572,64.67486818980669,48.55887521968366,61.37082601054482,63.44463971880493,55.28998242530757,69.84182776801407,57.9261862917399,47.59226713532514,66.52021089630932,95.07908611599298,23.79613356766257,46.0456942003515,53.25131810193322,68.36555360281196,86.5377855887522,92.5834797891037,83.9718804920914,74.37609841827769,76.8365553602812,65.30755711775045,77.64499121265379,68.78734622144113,62.14411247803164,54.1652021089631,47.065026362038665,55.149384885764505,53.98945518453428,67.38137082601055,77.15289982425308,77.39894551845343,75.21968365553603,90.86115992970124,59.507908611599305,74.93848857644991,64.49912126537787,62.91739894551846,76.62565905096662,77.36379613356767,59.54305799648507,39.29701230228471,66.18629173989456,37.609841827768015,39.82425307557118,64.56942003514939,35.465729349736385,64.74516695957821,90.298769771529,70.57996485061513,58.76977152899825,63.76098418277681,61.792618629174
CCc1ccc(O[P@](=O)(N[C@@H](C)C(=O)OCC(CC)CC)OP(=O)(O)O)cc1,437.36600000000016,3.802700000000004,6,3,4.0,0.329912383974505,2,131.39,0,1,2,0.07718257,0.50926584,0.6746968,0.24974775,0.37641746,0.25710338,0.21787314,0.17162843,0.43625346,0.47472987,0.24876037,0.35687536,0.21284485,0.41654223,0.7162692,0.024042688,0.05956465,0.058241807,0.1268411,0.124583915,0.2725811,0.15419373,0.40891576,0.32548565,0.27312773,0.023178067,0.053319246,0.20072654,0.066984795,0.49322954,0.5308069,-5.72398,16.757626,52.34176,16.471863,-14.152319,2.8075213,1.9826702,90.48643,-1.8979409,1.4104637,73.49736379613357,73.95430579964851,72.46045694200352,78.20738137082601,63.44463971880493,24.11247803163445,69.84182776801407,81.792618629174,47.59226713532514,66.52021089630932,95.07908611599298,21.79261862917399,33.53251318101933,29.94727592267136,69.34973637961336,79.15641476274166,81.30052724077329,76.80140597539544,63.8664323374341,83.16344463971882,52.89982425307558,71.14235500878735,83.65553602811951,71.56414762741653,50.57996485061512,20.035149384885766,70.61511423550088,81.75746924428823,64.78031634446398,79.22671353251319,88.8224956063269,89.17398945518454,92.23198594024603,30.298769771529003,69.9121265377856,68.7170474516696,66.5377855887522,73.63796133567664,74.02460456942003,65.23725834797892,45.4481546572935,64.53427065026362,18.875219683655537,33.286467486818985,70.33391915641477,52.12653778558876,40.35149384885765,72.33743409490334,62.17926186291741,70.36906854130054,72.61862917398946,50.650263620386646
CCC(C)(CC)COC(=O)CN[P@](=O)(O)Oc1ccccc1,329.333,3.124900000000001,4,2,4.0,0.5347238393152474,1,84.86,0,1,2,0.083554484,0.8448431,0.81710684,0.07932982,0.09829464,0.23541999,0.032117765,0.34833533,0.29097894,0.48225227,0.035220742,0.23854323,0.18916357,0.14544511,0.99151814,0.00860319,0.021745432,0.009983746,0.012900452,0.029252583,0.1347223,0.03210505,0.84016216,0.13497078,0.084090546,0.0037525005,0.016281862,0.031131763,0.011058496,0.6783808,0.52592486,-5.054992,59.82667,71.90234,12.543516,-9.155542,2.797111,2.565727,84.18466,-2.3261564,5.498038,48.99824253075572,62.91739894551846,48.55887521968366,61.37082601054482,63.44463971880493,51.07205623901582,55.32513181019333,57.9261862917399,47.59226713532514,66.52021089630932,95.07908611599298,23.620386643233747,61.792618629174,54.51669595782074,52.44288224956064,51.59929701230229,77.01230228471002,48.99824253075572,79.96485061511424,76.8365553602812,53.74340949033392,45.694200351493855,66.57293497363797,68.57644991212655,26.78383128295255,40.66783831282953,42.91739894551846,43.72583479789104,39.40246045694201,44.07732864674868,62.81195079086117,70.72056239015818,74.30579964850615,56.27416520210897,56.73110720562391,40.0,33.919156414762746,50.86115992970124,48.08435852372584,31.3884007029877,70.54481546572936,64.28822495606327,42.07381370826011,70.12302284710019,81.26537785588754,44.71001757469244,75.78207381370827,71.66959578207381,72.26713532513182,60.52724077328647,65.02636203866433,76.80140597539544
CCC(C)(C)CO,102.17699999999998,1.4149,1,1,4.0,0.5586541703076433,0,20.23,0,0,0,0.09041639,0.9107849,0.8884115,0.019310927,0.026485529,0.11611297,0.005584443,0.36600715,0.013499322,0.24003892,0.00039291373,0.29146346,0.020186856,0.03915208,0.9978579,0.0039593317,0.006377857,0.0015294546,0.0029982005,0.015022966,0.044996537,0.0043060444,0.93406165,0.0030782279,0.03686749,0.00069866783,0.009125781,0.010969352,0.0019853578,0.74034137,0.057682037,-3.8849976,95.20908,27.764399,24.72753,-3.1164255,1.6252025,0.98964185,31.702938,-0.81488955,5.1258035,4.077328646748683,36.8365553602812,6.854130052724078,36.59050966608085,63.44463971880493,54.6572934973638,22.601054481546576,9.666080843585238,47.59226713532514,25.869947275922677,37.188049209138846,25.30755711775044,70.61511423550088,74.6572934973638,36.62565905096661,29.912126537785596,43.3743409490334,23.72583479789104,81.01933216168717,29.103690685413007,31.739894551845342,12.231985940246046,75.67662565905097,12.864674868189809,7.768014059753955,49.94727592267136,22.31985940246046,9.52548330404218,12.548330404217928,23.304042179261867,46.85413005272408,16.871704745166962,42.98769771528999,73.63796133567664,23.233743409490337,20.38664323374341,11.493848857644991,39.33216168717048,36.44991212653779,9.98242530755712,77.68014059753955,25.869947275922677,99.15641476274166,86.25659050966608,52.196836555360285,63.90158172231987,96.20386643233743,8.435852372583481,45.37785588752197,15.676625659050968,85.86994727592268,74.86818980667839
CCC(CCO)COC(O)[C@H](C)N[P@](=O)(O)Oc1ccccc1,347.34800000000007,1.8875,5,4,4.0,0.3574733994164747,4,108.25,0,2,3,0.04939105,0.5910534,0.799283,0.04014208,0.08991677,0.1874278,0.0490737,0.21654825,0.16093117,0.31974825,0.04978957,0.16640484,0.11212838,0.202647,0.9647152,0.0064142696,0.028783306,0.017192474,0.017535435,0.01720659,0.10213842,0.02779146,0.54894364,0.13829541,0.059097774,0.0022953195,0.013659162,0.0308065,0.00794333,0.5035484,0.3764221,-5.527306,27.73075,32.27754,9.7469015,-14.915297,2.7746506,1.4611143,59.207417,-1.2128735,4.8098936,52.89982425307558,42.81195079086116,61.880492091388405,86.90685413005274,63.44463971880493,27.451669595782075,81.28295254833041,72.82952548330405,47.59226713532514,87.9261862917399,98.89279437609842,13.145869947275925,39.5079086115993,50.43936731107206,44.28822495606328,50.017574692442885,67.02987697715291,55.149384885764505,69.94727592267137,68.57644991212655,39.19156414762742,49.49033391915642,50.82601054481547,54.02460456942004,34.86818980667839,32.89982425307557,34.86818980667839,54.6572934973638,47.27592267135326,48.26010544815466,50.333919156414765,57.89103690685413,72.58347978910369,36.09841827768015,56.871704745166966,31.142355008787348,25.83479789103691,47.1353251318102,48.01405975395431,26.256590509666083,47.065026362038665,56.13356766256591,23.19859402460457,46.18629173989456,55.92267135325133,39.43760984182777,35.606326889279444,70.36906854130054,52.829525483304046,35.571177504393674,81.30052724077329,73.49736379613357
CCN[P@](=O)(O)Oc1ccc(C(=O)OCC(CC)CC)cc1,329.3330000000001,3.3683000000000023,4,2,4.0,0.5336080890722879,1,84.86,0,1,2,0.034428474,0.6858691,0.8803052,0.30893135,0.28155857,0.41235024,0.2179294,0.33418584,0.20137314,0.56162447,0.06849533,0.23165543,0.16249865,0.48036844,0.9935466,0.012363182,0.03248434,0.07601608,0.0610213,0.058891118,0.1762443,0.095293775,0.8362775,0.28153527,0.12955238,0.015526044,0.02946027,0.20372355,0.03621803,0.4201522,0.4524551,-4.9574137,62.79902,76.32002,17.119387,-10.604233,3.067937,2.9140763,83.14669,-2.6456485,6.863968,48.99824253075572,66.71353251318102,48.55887521968366,61.37082601054482,63.44463971880493,50.966608084358526,55.32513181019333,57.9261862917399,47.59226713532514,66.52021089630932,95.07908611599298,9.138840070298771,47.0298769771529,71.66959578207381,72.86467486818981,72.72407732864676,95.6414762741652,76.80140597539544,79.0158172231986,71.42355008787347,62.84710017574693,53.35676625659051,65.65905096660809,64.14762741652022,54.79789103690686,42.56590509666081,53.145869947275926,59.82425307557119,68.18980667838314,67.66256590509667,78.73462214411248,80.17574692442884,87.31107205623903,55.92267135325133,67.80316344463972,50.68541300527241,60.00000000000001,61.6871704745167,74.23550087873463,54.02460456942004,36.76625659050967,60.35149384885765,48.40070298769772,71.28295254833041,82.95254833040423,53.21616871704746,65.94024604569421,84.78031634446398,78.31282952548331,59.22671353251319,58.91036906854131,81.75746924428823
CCC(CO)C(C)O,118.17599999999996,0.3857,2,2,4.0,0.5623287849564084,2,40.46,0,0,0,0.047415316,0.93206656,0.9183259,0.014849685,0.008217007,0.13439445,0.002343099,0.28231102,0.006394867,0.17134134,0.00041392137,0.23002872,0.016344404,0.064911336,0.99917173,0.0019442622,0.007840997,0.0017772071,0.0010963859,0.002171699,0.023201799,0.0011691805,0.89889795,0.0014507793,0.010848652,0.0002785726,0.003084207,0.0013470454,0.0007958856,0.64848477,0.03517887,-4.1250234,61.5807,-13.166957,19.718355,-7.2892084,1.4147707,-0.089738846,13.931288,0.42875785,4.944249,4.991212653778559,25.97539543057997,17.10017574692443,61.37082601054482,63.44463971880493,55.2548330404218,69.84182776801407,23.02284710017575,47.59226713532514,25.869947275922677,37.188049209138846,12.65377855887522,74.09490333919157,85.4481546572935,34.340949033391915,13.321616871704746,50.966608084358526,14.868189806678384,75.71177504393674,18.875219683655537,23.690685413005276,12.513181019332162,65.30755711775045,10.755711775043938,12.40773286467487,57.78558875219685,11.212653778558876,13.005272407732866,13.462214411247803,11.739894551845344,6.643233743409491,2.390158172231986,20.878734622144115,65.16695957820738,17.082601054481547,4.182776801405976,5.518453427065027,20.105448154657296,15.219683655536029,4.674868189806679,67.02987697715291,19.894551845342708,96.59050966608083,70.72056239015818,12.688927943760984,57.50439367311073,87.27592267135326,4.042179261862918,29.173989455184536,6.045694200351495,97.0474516695958,74.02460456942003
CCC(CC)COC(=O)[C@H](C)N(C(N)=O)[P@@](=O)(Oc1ccccc1)OP(=O)(O)O,452.3370000000001,3.031400000000001,7,3,4.0,0.3377627607793495,2,165.68999999999997,0,1,2,0.120868705,0.47323155,0.61092335,0.16585739,0.46766883,0.25115725,0.29316622,0.05934906,0.34688428,0.3774909,0.21946688,0.4832322,0.2128654,0.5294993,0.5458514,0.029293349,0.050959688,0.05118562,0.11579789,0.14528212,0.28403017,0.18674137,0.19537893,0.20595212,0.30235004,0.04263463,0.062312722,0.13271363,0.098587275,0.49039906,0.3841329,-5.8443995,26.4492,54.147633,11.048809,-15.090326,2.6560223,1.313405,91.12514,-2.1635442,-0.04116888,76.06326889279438,61.58172231985941,79.85940246045695,78.20738137082601,63.44463971880493,24.92091388400703,69.84182776801407,88.26010544815466,47.59226713532514,66.52021089630932,95.07908611599298,32.12653778558875,30.861159929701238,23.44463971880492,62.88224956063269,83.8664323374341,80.1054481546573,80.7029876977153,33.67311072056239,79.6133567662566,44.00702987697716,69.03339191564149,92.82952548330404,71.56414762741653,56.8365553602812,16.2390158172232,74.79789103690686,77.50439367311073,62.88224956063269,77.36379613356767,90.93145869947276,89.59578207381372,93.98945518453428,22.00351493848858,62.67135325131811,70.61511423550088,74.90333919156416,76.62565905096662,67.94376098418279,72.86467486818981,45.13181019332162,56.871704745166966,16.62565905096661,45.061511423550094,71.63444639718806,42.00351493848858,34.833040421792624,63.3743409490334,50.12302284710018,71.45869947275924,68.26010544815466,34.72759226713533
CCC(COC=O)C(C)[C@H](C)N[P@@](=O)(Oc1ccccc1)OP(=O)(O)O,409.312,3.0962000000000014,6,3,4.0,0.3518821168331849,4,131.39,0,2,2,0.060645938,0.5942289,0.6707817,0.1617406,0.38041502,0.23550288,0.22126126,0.081254154,0.38324898,0.29061133,0.106735684,0.44708425,0.20639586,0.38694078,0.65719944,0.012025903,0.03749356,0.03084991,0.03484478,0.06421332,0.21861145,0.07404731,0.24332051,0.13508657,0.15219949,0.009039092,0.018052077,0.039421447,0.021195058,0.5139703,0.3555337,-5.7719336,9.2422905,44.002907,1.3941877,-14.851067,2.9914172,1.4168417,83.37296,-1.735815,0.019112062,67.55711775043937,62.601054481546576,72.46045694200352,78.20738137082601,63.44463971880493,27.029876977152902,81.28295254833041,81.792618629174,47.59226713532514,87.9261862917399,95.07908611599298,16.485061511423552,39.75395430579965,29.244288224956065,62.601054481546576,79.5079086115993,77.01230228471002,76.97715289982426,41.968365553602816,80.87873462214412,36.76625659050967,59.12126537785589,90.57996485061511,70.68541300527241,48.85764499121266,18.629173989455182,52.337434094903344,66.71353251318102,56.13356766256591,58.03163444639719,80.28119507908612,85.37785588752197,84.67486818980669,24.04217926186292,56.73110720562391,54.86818980667839,48.96309314586996,52.829525483304046,51.73989455184535,43.33919156414763,48.89279437609842,54.93848857644992,17.891036906854133,24.99121265377856,64.56942003514939,24.67486818980668,35.782073813708266,81.54657293497364,51.880492091388405,59.54305799648507,74.69244288224957,35.149384885764505
CCC(CC)C(O)O,118.17599999999996,0.7332999999999998,2,2,4.0,0.5362961108750254,0,40.46,0,1,1,0.040585756,0.8231538,0.86513865,0.005498356,0.0053067678,0.11201723,0.0025263776,0.22015882,0.011847679,0.13784124,0.00029133412,0.2490613,0.022034964,0.056046426,0.98674977,0.0037631746,0.009221307,0.0020796028,0.0016710684,0.0050973855,0.030591482,0.0021668738,0.6932204,0.0020737643,0.020238828,0.00040475366,0.0042679673,0.0029775538,0.001549627,0.6045035,0.038319916,-4.225314,68.01361,-0.30419388,16.627338,-7.6327972,1.4696922,0.41692486,24.848846,-0.21604738,4.5013075,4.991212653778559,29.420035149384887,17.10017574692443,61.37082601054482,63.44463971880493,51.10720562390159,22.601054481546576,23.02284710017575,47.59226713532514,66.52021089630932,83.09314586994728,10.86115992970123,59.82425307557119,67.27592267135326,25.237258347978912,9.279437609841828,41.26537785588753,15.500878734622145,70.22847100175747,27.065026362038665,20.421792618629176,10.017574692442883,68.47100175746925,13.989455184534272,10.86115992970123,37.96133567662567,21.33567662565905,16.414762741652023,14.797891036906856,16.274165202108964,19.121265377855888,6.783831282952549,29.630931458699475,43.58523725834798,19.789103690685412,10.087873462214413,7.627416520210897,24.81546572934974,22.671353251318106,7.838312829525484,61.546572934973646,21.054481546572937,94.8681898066784,73.88400702987698,23.936731107205627,52.37258347978911,85.72934973637962,4.674868189806679,36.977152899824254,11.810193321616874,92.3022847100176,71.91564147627417
CCC(CC)COC(=O)[C@H](C)N[P@](=O)(O)OC1(O)C=CC=CC1O,363.347,1.2363999999999995,6,4,4.0,0.2738594765434138,4,125.32,0,2,2,0.22044238,0.61880153,0.7048805,0.011198391,0.073787026,0.108431295,0.018690806,0.17890431,0.08647563,0.43675375,0.107240774,0.1001489,0.11306902,0.11323681,0.9272563,0.02427225,0.049821455,0.015930854,0.02522945,0.033382524,0.112188675,0.01592905,0.55085385,0.09897284,0.111273214,0.007475923,0.022279078,0.029294794,0.02834867,0.54577535,0.34459782,-5.5638895,32.583607,40.40678,4.9235,-15.519972,2.5672348,1.7232208,67.66217,-1.2205803,3.4195008,56.97715289982426,34.58699472759227,72.46045694200352,86.90685413005274,63.44463971880493,17.398945518453427,81.28295254833041,80.597539543058,47.59226713532514,87.9261862917399,95.07908611599298,50.12302284710018,41.652021089630935,34.059753954305805,31.3884007029877,46.71353251318102,39.82425307557118,40.28119507908612,65.13181019332163,57.71528998242531,49.13884007029878,59.19156414762743,30.26362038664324,54.20035149384886,20.91388400702988,28.365553602811957,71.0017574692443,76.52021089630932,46.25659050966608,53.39191564147628,65.90509666080844,62.53075571177505,64.88576449912127,36.20386643233744,52.829525483304046,47.065026362038665,45.16695957820738,57.04745166959579,47.10017574692444,49.34973637961336,53.42706502636205,54.20035149384886,22.35500878734622,51.07205623901582,62.03866432337435,30.931458699472763,32.02108963093146,57.85588752196837,57.01230228471002,43.55008787346222,81.23022847100177,65.51845342706503
CCC(O)(CC)CO,118.176,0.5298,2,2,4.0,0.5671773773017986,0,40.46,0,0,0,0.16979511,0.8818661,0.8868343,0.0088370945,0.005641301,0.1006367,0.0018490485,0.23957717,0.0045059333,0.17253381,0.00044434046,0.24327123,0.02319794,0.06299256,0.9942144,0.00809841,0.012396466,0.0025559287,0.0016455327,0.0051955413,0.034609597,0.0017897922,0.8037162,0.0015095598,0.031253602,0.0010787444,0.006712618,0.0018046116,0.0032083932,0.66920984,0.034609027,-4.1420646,60.276512,-7.6683006,25.15675,-7.413877,1.5514925,-0.061966468,10.017734,0.27022618,5.430509,4.991212653778559,27.416520210896312,17.10017574692443,61.37082601054482,63.44463971880493,55.88752196836556,22.601054481546576,23.02284710017575,47.59226713532514,25.869947275922677,37.188049209138846,41.23022847100176,66.18629173989456,73.91915641476275,29.34973637961336,9.630931458699472,37.4340949033392,12.829525483304044,72.12653778558875,14.0597539543058,23.83128295254833,13.145869947275925,67.48681898066785,14.551845342706503,12.16168717047452,43.2688927943761,41.26537785588753,24.60456942003515,17.152899824253076,16.028119507908613,19.47275922671353,9.103690685413008,26.15114235500879,52.30228471001758,17.398945518453427,16.977152899824254,16.133567662565905,33.145869947275926,17.680140597539545,14.903339191564148,69.34973637961336,19.82425307557118,96.37961335676628,70.22847100175747,16.485061511423552,64.28822495606327,86.85413005272409,6.362038664323375,29.701230228471005,4.885764499121266,95.8523725834798,76.2390158172232
CCC(CC)COC(=O)O[C@H](C)N[P@](=O)(O)Oc1ccccc1,345.33200000000005,3.690800000000002,5,2,4.0,0.4002893896228689,2,94.09,0,2,3,0.041570287,0.7436203,0.84967744,0.18859749,0.25659037,0.37526232,0.13682719,0.26917845,0.19081947,0.51386154,0.07020117,0.23413472,0.14976034,0.41026124,0.99209034,0.0087875705,0.025008217,0.038848322,0.037768163,0.037362386,0.15504424,0.07910849,0.812123,0.2905494,0.10581885,0.0076170703,0.023041079,0.1226332,0.02132977,0.47858438,0.4543119,-5.0982594,60.072205,76.62107,9.444458,-9.5902815,2.8352125,2.89511,86.983475,-2.5219254,5.397123,52.68892794376099,72.23198594024605,61.880492091388405,61.37082601054482,63.44463971880493,33.04042179261863,69.84182776801407,64.00702987697716,47.59226713532514,87.9261862917399,98.89279437609842,11.07205623901582,52.4780316344464,63.26889279437611,64.3585237258348,70.47451669595783,94.13005272407732,70.36906854130054,74.69244288224957,70.82601054481547,57.60984182776802,53.74340949033392,66.11599297012303,61.89806678383129,50.298769771529,41.23022847100176,43.514938488576455,49.17398945518454,58.80492091388401,59.0158172231986,69.03339191564149,76.02811950790861,85.48330404217927,53.00527240773287,68.36555360281196,45.48330404217926,45.51845342706503,57.68014059753955,67.06502636203867,43.40949033391916,44.11247803163445,60.38664323374341,40.38664323374341,70.19332161687171,82.95254833040423,38.94551845342707,73.21616871704745,74.0597539543058,77.78558875219684,64.18277680140598,61.08963093145871,76.02811950790861
CCC(O)(CC)COC(O)O,164.20100000000002,-0.1776999999999998,4,3,4.0,0.4929976276212673,0,69.92,0,1,1,0.09373541,0.69027764,0.80680525,0.0033854148,0.014812241,0.08726044,0.004306444,0.122756794,0.010596139,0.123585835,0.00042284263,0.23464516,0.026165739,0.08524151,0.9082726,0.008122812,0.015675316,0.0025152867,0.0031576108,0.011983166,0.058414668,0.0052382695,0.42661443,0.0026873604,0.03837306,0.001533401,0.007182829,0.004667271,0.00445747,0.59777087,0.035835594,-4.8004203,46.69365,-9.233381,15.776857,-11.781009,1.3165083,-0.22956583,18.825163,-0.15989585,5.1266737,11.739894551845344,20.597539543058,48.55887521968366,78.20738137082601,63.44463971880493,45.37785588752197,22.601054481546576,46.57293497363796,47.59226713532514,66.52021089630932,83.09314586994728,26.115992970123024,47.34622144112478,52.12653778558876,21.687170474516694,21.23022847100176,33.00527240773287,21.01933216168717,53.70826010544816,25.83479789103691,18.699472759226715,12.618629173989456,66.18629173989456,16.660808435852374,16.55536028119508,26.889279437609844,41.335676625659055,31.880492091388405,17.047451669595784,23.79613356766257,40.35149384885765,29.173989455184536,46.25659050966608,31.00175746924429,21.89806678383129,21.15992970123023,20.597539543058,34.516695957820744,27.94376098418278,19.0158172231986,60.281195079086125,20.105448154657296,59.33216168717048,61.26537785588753,15.325131810193325,50.57996485061512,56.76625659050967,2.636203866432337,26.959578207381373,8.330404217926187,92.65377855887525,74.86818980667839
COc1ccccc1,108.13999999999996,1.6952,1,0,4.0,0.5316253154127668,0,9.23,0,0,0,0.12629311,0.9955311,0.9518813,0.9191127,0.52224594,0.16612591,0.02506865,0.22384563,0.02355649,0.30311933,0.0058228644,0.061067272,0.008027872,0.26785612,0.9999999,0.0003437217,0.0075481967,0.01554817,0.0037920482,0.0027467317,0.070196345,0.00070861576,0.99339545,0.004770304,0.008772779,0.0010825637,0.005029249,0.005405667,0.0005600627,0.7126025,0.086132154,-4.008317,121.28621,60.64323,4.793275,-1.8265407,1.687928,1.8370361,54.92588,-1.825415,-0.6102446,4.463971880492092,40.14059753954306,6.854130052724078,11.63444639718805,63.44463971880493,50.68541300527241,22.601054481546576,5.62390158172232,47.59226713532514,25.869947275922677,37.188049209138846,33.25131810193322,99.47275922671352,96.2390158172232,95.60632688927944,86.1511423550088,61.58172231985941,44.88576449912127,70.61511423550088,37.71528998242531,37.926186291739896,30.615114235500883,19.121265377855888,5.975395430579965,40.94903339191565,99.402460456942,1.5817223198594026,12.40773286467487,45.97539543057997,26.256590509666083,9.068541300527242,39.33216168717048,15.395430579964852,98.59402460456944,26.643233743409493,3.1282952548330405,16.168717047451672,28.1195079086116,29.525483304042183,3.655536028119508,74.30579964850615,29.876977152899823,98.0316344463972,93.25131810193322,75.3602811950791,30.68541300527241,97.11775043936731,10.052724077328648,59.12126537785589,32.12653778558875,73.32161687170475,29.560632688927942
CCC(CC)COC(=O)c1ccccc1O[P@@](=O)(O)N[C@@H](C)C(=O)OCC(CC)CC,457.5040000000003,4.716300000000004,6,2,4.0,0.3050328619765109,2,111.16,0,1,2,0.042414118,0.75779325,0.7772616,0.3007223,0.43023545,0.31269374,0.3775487,0.384176,0.36282313,0.7324921,0.6390527,0.19444394,0.20263276,0.4556376,0.998351,0.015850853,0.038634844,0.06479891,0.0819323,0.04429251,0.13179173,0.09448276,0.9222428,0.68696004,0.20316097,0.011556277,0.05273173,0.20090847,0.03722062,0.4475119,0.792309,-5.1535125,83.81942,118.36253,40.333496,-10.09908,2.861301,3.6608326,96.73418,-3.5813394,10.960628,77.11775043936731,86.08084358523726,72.46045694200352,61.37082601054482,63.44463971880493,20.667838312829527,69.84182776801407,74.30579964850615,47.59226713532514,66.52021089630932,95.07908611599298,11.212653778558876,53.60281195079087,46.18629173989456,72.51318101933217,82.56590509666081,88.6115992970123,85.02636203866433,81.65202108963094,80.35149384885766,85.0615114235501,86.67838312829527,57.71528998242531,70.29876977152901,53.0755711775044,52.02108963093146,60.281195079086125,67.97891036906854,66.36203866432338,72.19683655536029,72.79437609841828,69.87697715289983,87.2407732864675,70.15817223198594,84.81546572934974,61.93321616871705,54.58699472759227,73.46221441124781,74.02460456942003,54.55184534270651,39.96485061511424,78.34797891036908,37.96133567662567,81.47627416520211,93.1810193321617,75.95782073813709,69.94727592267137,75.50087873462215,90.65026362038664,82.49560632688929,40.66783831282953,91.63444639718806
CCC(CO)C(C)CO,132.203,0.6333,2,2,4.0,0.5888016202058111,2,40.46,0,0,0,0.08838995,0.9377923,0.90914726,0.010967419,0.0070731877,0.12165369,0.0017539872,0.29972655,0.005728782,0.194194,0.00037560615,0.24810997,0.017563434,0.054505695,0.99893045,0.0023355037,0.0075015523,0.0012760682,0.00082103664,0.0022036135,0.02335341,0.0008750431,0.8977329,0.0014660517,0.011315783,0.00027872558,0.0032413774,0.0008576191,0.0008464699,0.73010683,0.041514426,-4.05623,67.74576,-2.1415896,23.705978,-6.6553755,1.726662,0.2968722,17.828207,0.11509724,5.37027,6.748681898066785,28.295254833040424,17.10017574692443,61.37082601054482,63.44463971880493,58.66432337434095,69.84182776801407,23.02284710017575,47.59226713532514,25.869947275922677,37.188049209138846,24.74516695957821,75.53602811950792,82.49560632688929,31.282952548330407,11.70474516695958,46.0456942003515,12.40773286467487,76.8365553602812,17.434094903339194,26.08084358523726,11.8804920913884,68.11950790861161,11.528998242530756,10.61511423550088,55.95782073813709,13.81370826010545,12.33743409490334,10.650263620386644,9.173989455184534,6.71353251318102,2.4253075571177507,17.504393673110723,64.92091388400704,17.188049209138843,4.323374340949034,5.518453427065027,20.738137082601057,11.915641476274166,4.885764499121266,76.30931458699473,22.073813708260108,97.68014059753956,73.81370826010546,21.82776801405976,62.31985940246047,89.38488576449913,11.212653778558876,34.62214411247803,7.943760984182777,94.55184534270651,75.92267135325133
CCC(C)COC(=O)C(C)(C)N[P@](=O)(O)Oc1ccccc1,329.333,3.1233000000000013,4,2,4.0,0.5629217238271337,2,84.86,0,1,2,0.021938378,0.6788551,0.82774985,0.03758157,0.24267468,0.32523113,0.13053314,0.17469956,0.10769956,0.4986121,0.069521874,0.19745442,0.074339874,0.32091585,0.9973162,0.004855416,0.015259149,0.00987829,0.029715259,0.03526507,0.12088084,0.058830827,0.8432218,0.22453067,0.09436275,0.0028435371,0.027156213,0.10742836,0.010289133,0.47171706,0.3749553,-4.971981,58.338295,66.26001,4.3321815,-9.485938,2.9087424,2.8597496,84.979454,-2.3983665,4.2072244,48.99824253075572,62.88224956063269,48.55887521968366,61.37082601054482,63.44463971880493,55.36028119507909,69.84182776801407,57.9261862917399,47.59226713532514,66.52021089630932,95.07908611599298,6.01054481546573,46.57293497363796,57.4340949033392,43.65553602811951,69.24428822495607,90.26362038664324,69.8066783831283,64.42882249560633,61.75746924428823,55.7469244288225,53.46221441124781,58.277680140597546,42.24956063268893,44.63971880492092,48.822495606326896,27.10017574692443,31.177504393673114,39.22671353251319,55.36028119507909,67.34622144112478,66.6432337434095,82.03866432337435,56.695957820738144,63.90158172231987,42.601054481546576,29.490333919156416,60.38664323374341,65.30755711775045,30.017574692442885,43.2688927943761,56.09841827768015,47.6274165202109,69.52548330404218,78.6291739894552,29.912126537785596,73.70826010544816,78.17223198594026,77.08260105448156,61.26537785588753,63.69068541300528,70.29876977152901
CCC(CC)COC(=O)CN[P@@](=O)(Oc1ccc(C)cc1)OP(=O)(O)O,409.31200000000007,3.1602200000000025,6,3,4.0,0.372394427315866,1,131.39,0,1,2,0.060379468,0.6127665,0.7023625,0.26572806,0.46497115,0.2741678,0.26529282,0.15018575,0.4649797,0.38827506,0.21213925,0.41749674,0.2357454,0.43692535,0.74109524,0.016695548,0.048097745,0.064348415,0.08486594,0.08868849,0.2486557,0.09334209,0.37556347,0.24913831,0.23029892,0.01608756,0.030423392,0.11485074,0.04172482,0.4699708,0.49482068,-5.7194986,16.819729,51.57081,10.8286,-13.8942995,2.7677817,1.7003447,88.66667,-1.6311821,0.99409705,67.55711775043937,63.65553602811951,72.46045694200352,78.20738137082601,63.44463971880493,29.701230228471005,55.32513181019333,81.792618629174,47.59226713532514,66.52021089630932,95.07908611599298,16.414762741652023,41.195079086116,33.67311072056239,70.82601054481547,83.83128295254834,83.69068541300528,79.57820738137083,60.38664323374341,83.93673110720563,44.99121265377856,68.64674868189807,88.78734622144113,73.56766256590511,52.02108963093146,20.738137082601057,61.546572934973646,75.39543057996485,66.25659050966608,72.65377855887523,85.16695957820738,87.55711775043937,87.10017574692444,29.138840070298773,65.48330404217927,65.30755711775045,60.597539543058005,62.49560632688929,66.29173989455185,56.97715289982426,43.05799648506152,62.601054481546576,19.05096660808436,33.35676625659051,69.84182776801407,41.86291739894552,42.1792618629174,69.94727592267137,56.76625659050967,67.31107205623903,75.85237258347979,45.51845342706503
CCC(C)C(C)O,102.17699999999998,1.4133,1,1,4.0,0.5586305568134092,2,20.23,0,0,0,0.040690098,0.97502244,0.9315306,0.12253125,0.051885355,0.15345088,0.0070694746,0.3503402,0.010405638,0.29194397,0.0005661249,0.17436472,0.013455972,0.09156221,0.99995697,0.0009711771,0.004925246,0.0021014246,0.0019649405,0.003378943,0.030850027,0.0020739585,0.9819609,0.0028799786,0.011289513,0.0004417344,0.004776768,0.0051907566,0.0006592929,0.67627186,0.05098663,-3.892508,91.02159,22.275324,25.096508,-3.1280532,1.5792576,0.88174963,28.5328,-0.6961456,5.2203956,4.077328646748683,36.8365553602812,6.854130052724078,36.59050966608085,63.44463971880493,54.6572934973638,69.84182776801407,9.666080843585238,47.59226713532514,25.869947275922677,37.188049209138846,10.896309314586995,87.31107205623903,90.5096660808436,58.98066783831283,40.597539543058,57.01230228471002,26.889279437609844,80.0,25.553602811950796,36.8365553602812,14.83304042179262,52.72407732864675,8.963093145869948,17.785588752196837,81.15992970123024,5.30755711775044,5.553602811950792,14.868189806678384,18.34797891036907,11.63444639718805,6.924428822495607,28.611599297012305,93.70826010544816,22.49560632688928,4.323374340949034,8.084358523725836,27.065026362038665,29.103690685413007,4.112478031634447,70.26362038664324,24.56942003514939,99.12126537785588,84.74516695957821,46.95957820738138,64.28822495606327,96.20386643233743,6.959578207381371,43.93673110720563,14.0597539543058,87.45166959578208,75.18453427065027
CCC(CC)C(O)OC(O)O,164.201,0.0257999999999999,4,3,4.0,0.5011267413381796,1,69.92,0,1,1,0.035346437,0.67180645,0.8137482,0.0064647594,0.021557366,0.12569048,0.008432053,0.14320742,0.028307255,0.134918,0.0007201068,0.23852289,0.025135208,0.09812266,0.94100106,0.0033242411,0.012549831,0.0028795383,0.003846557,0.011059274,0.05546558,0.0046894634,0.4853572,0.005274416,0.029087704,0.0006005155,0.0044835014,0.00794922,0.0020528145,0.5274736,0.05568676,-4.897402,46.052307,-7.667245,6.5450525,-12.338221,1.3171698,0.10809586,33.841015,-0.6737716,3.9501686,11.739894551845344,23.02284710017575,48.55887521968366,78.20738137082601,63.44463971880493,46.50263620386644,55.32513181019333,46.57293497363796,47.59226713532514,66.52021089630932,83.09314586994728,9.490333919156416,46.1511423550088,53.60281195079087,26.748681898066785,26.432337434094904,48.2249560632689,29.244288224956065,59.19156414762743,40.49209138840071,19.96485061511424,16.133567662565905,66.57293497363797,16.028119507908613,18.629173989455182,29.912126537785596,19.261862917398947,25.13181019332162,18.594024604569423,26.39718804920914,38.69947275922672,26.15114235500879,44.32337434094904,33.53251318101933,27.416520210896312,15.500878734622145,10.158172231985942,25.76449912126538,33.46221441124781,10.087873462214413,50.896309314587,25.483304042179263,52.75922671353252,61.01933216168717,16.485061511423552,33.84885764499121,52.16168717047452,2.636203866432337,32.4780316344464,17.188049209138843,87.7328646748682,69.10369068541301
CCC(C)CC,86.178,2.442500000000001,0,0,4.0,0.4838902980848686,0,0.0,0,0,0,0.020185849,0.9902412,0.9016919,0.59876186,0.20328864,0.15719342,0.026738832,0.41251254,0.021087026,0.3784104,0.0010401694,0.12198017,0.009812253,0.11044462,0.99999654,0.0005272479,0.0042973934,0.0026549809,0.002646035,0.0040049977,0.041160546,0.0016962358,0.9941489,0.0074887695,0.009297391,0.0004346414,0.005069862,0.009926612,0.0004650092,0.68966246,0.08875803,-4.1404867,143.98792,89.00449,45.073673,2.420884,1.3393126,2.568443,67.68734,-3.908299,9.535096,3.163444639718805,51.35325131810194,1.933216168717048,11.63444639718805,63.44463971880493,43.90158172231986,22.601054481546576,1.810193321616872,47.59226713532514,25.869947275922677,37.188049209138846,5.62390158172232,96.55536028119508,79.68365553602813,83.8664323374341,65.37785588752197,58.52372583479789,46.1511423550088,83.23374340949034,35.922671353251324,44.07732864674868,18.312829525483306,37.53954305799649,6.748681898066785,20.70298769771529,94.97363796133568,2.565905096660809,4.253075571177504,17.609841827768015,21.757469244288227,14.340949033391915,13.884007029876978,25.30755711775044,98.87521968365554,30.861159929701238,3.3743409490333924,8.014059753954307,28.40070298769772,35.71177504393673,3.1282952548330405,71.63444639718806,30.017574692442885,96.37961335676628,97.18804920913884,87.41652021089632,78.98066783831284,99.78910369068542,2.8471001757469248,72.33743409490334,43.55008787346222,33.98945518453427,89.13884007029878
CCC(O)(C=O)CC,116.15999999999998,0.7363999999999999,2,1,4.0,0.5519456529831936,0,37.3,0,1,1,0.3073812,0.94786656,0.8903263,0.0521203,0.019483801,0.21409532,0.0049599023,0.1625915,0.0056945467,0.309055,0.0005228476,0.3276841,0.054865144,0.18869556,0.997402,0.012026513,0.00720575,0.003234744,0.0030193462,0.0070370054,0.03712709,0.011376525,0.8887867,0.0017535299,0.066662535,0.005025102,0.025385905,0.0038659456,0.012133206,0.6829785,0.027694961,-4.007194,66.763916,4.2867503,12.395868,-6.8467712,1.7112777,0.26191887,18.307903,-0.12520309,1.6232224,4.850615114235501,29.490333919156416,17.10017574692443,36.59050966608085,63.44463971880493,53.95430579964851,22.601054481546576,19.68365553602812,47.59226713532514,66.52021089630932,83.09314586994728,61.01933216168717,77.64499121265379,75.2548330404218,47.31107205623902,25.096660808435853,73.00527240773287,22.42530755711775,62.84710017574693,17.398945518453427,38.45342706502637,14.200351493848858,80.56239015817224,34.09490333919157,33.11072056239016,48.96309314586996,52.337434094903344,11.669595782073817,20.632688927943764,23.374340949033392,25.869947275922677,10.896309314586995,59.96485061511424,63.514938488576455,18.488576449912127,33.49736379613357,38.45342706502637,59.26186291739895,26.04569420035149,33.25131810193322,71.10720562390159,17.188049209138843,98.06678383128296,73.39191564147627,28.330404217926187,44.39367311072056,88.7170474516696,11.00175746924429,34.09490333919157,8.084358523725836,92.8646748681898,52.337434094903344
CCC(CC)COC(O)[C@H](CO)N[P@@](=O)(Oc1ccccc1)OP(=O)(O)O,427.32700000000006,2.0045,7,5,4.0,0.2331495177206055,3,154.77999999999997,0,2,3,0.038858663,0.46256685,0.57201815,0.1717765,0.37272725,0.1274629,0.2088097,0.09815283,0.4349597,0.23954034,0.17524715,0.30561516,0.1532969,0.32009816,0.4915096,0.0111015625,0.057827134,0.047451638,0.054397177,0.06209464,0.23097749,0.04323528,0.16803665,0.17248866,0.15892026,0.0082011195,0.015681079,0.047958057,0.018253468,0.39229184,0.4388915,-6.0750594,15.564697,52.11978,7.5783224,-18.072105,2.7931201,1.6136315,85.6455,-1.739672,0.9638381,71.52899824253076,44.63971880492092,79.85940246045695,91.493848857645,63.44463971880493,13.778558875219684,76.60808435852373,86.50263620386644,47.59226713532514,87.9261862917399,98.89279437609842,10.369068541300528,30.193321616871707,20.597539543058,63.12829525483305,79.05096660808437,48.57644991212654,76.2390158172232,47.31107205623902,83.05799648506152,31.739894551845342,65.69420035149385,77.89103690685414,62.636203866432346,44.53427065026362,15.430579964850615,50.08787346221442,81.23022847100177,61.792618629174,65.30755711775045,79.78910369068542,86.0456942003515,78.34797891036908,20.808435852372583,59.96485061511424,56.06326889279438,46.67838312829526,49.94727592267136,54.30579964850616,39.82425307557118,32.86467486818981,59.789103690685415,12.79437609841828,31.880492091388405,70.08787346221442,35.606326889279444,21.40597539543058,71.45869947275924,55.39543057996485,62.17926186291741,74.6572934973638,45.13181019332162
CCC(CC)COC(=O)[C@H](C)NP1(=O)OP(=O)(O)O1,315.19900000000007,2.1992,6,2,4.0,0.54305547880771,1,111.16,0,1,1,0.29294124,0.6898684,0.6487654,0.020700375,0.20890088,0.1620065,0.06329298,0.09975316,0.18245545,0.3329547,0.076517954,0.36846417,0.15632732,0.25441903,0.7322917,0.049912788,0.06817615,0.009067932,0.035320245,0.067859404,0.23525152,0.06027522,0.3452611,0.10340389,0.2731935,0.02119566,0.04214723,0.019688688,0.06535348,0.58054847,0.17718562,-5.354313,5.9794965,33.95743,13.660828,-11.5914,3.0293908,1.3926375,76.99619,-1.5333328,1.9311192,45.5536028119508,47.5219683655536,72.46045694200352,61.37082601054482,63.44463971880493,52.4780316344464,55.32513181019333,74.30579964850615,47.59226713532514,66.52021089630932,83.09314586994728,59.472759226713535,47.27592267135326,26.85413005272408,37.36379613356767,66.22144112478033,60.17574692442883,58.76977152899825,47.59226713532514,70.40421792618629,40.31634446397189,54.51669595782074,84.78031634446398,63.16344463971881,39.68365553602812,20.351493848857647,83.62038664323376,85.13181019332163,37.89103690685413,58.418277680140605,81.0896309314587,86.46748681898067,82.39015817223199,27.90861159929701,53.21616871704746,68.7170474516696,65.3427065026362,68.78734622144113,42.39015817223199,64.74516695957821,57.644991212653785,40.03514938488577,28.365553602811957,21.01933216168717,57.01230228471002,46.78383128295256,58.03163444639719,83.2688927943761,51.52899824253076,53.00527240773287,77.04745166959579,54.58699472759227
CCC(CC)COC(=O)C(C)(C)N[P@](=O)(O)Oc1ccccc1,343.36000000000007,3.5134000000000016,4,2,4.0,0.527104433758368,1,84.86,0,1,2,0.017333044,0.6985297,0.8118111,0.0389444,0.22908592,0.3141737,0.14378044,0.18965544,0.13244312,0.50401443,0.08995019,0.18190917,0.079089746,0.3072721,0.99752206,0.004805665,0.016784977,0.008953489,0.027138492,0.031349927,0.113370255,0.057755597,0.8472029,0.27022907,0.08810296,0.0021118768,0.025512299,0.09793039,0.0089654345,0.4701481,0.42405266,-4.9881854,61.067818,71.454185,12.282888,-9.321016,2.8819222,3.027865,87.94601,-2.6719518,5.9319673,52.26713532513182,69.27943760984184,48.55887521968366,61.37082601054482,63.44463971880493,49.94727592267136,55.32513181019333,57.9261862917399,47.59226713532514,66.52021089630932,95.07908611599298,4.6045694200351495,48.08435852372584,53.25131810193322,43.971880492091394,68.11950790861161,88.78734622144113,71.14235500878735,66.4323374340949,65.27240773286468,56.27416520210897,56.695957820738144,54.376098418277685,43.831282952548335,43.79613356766257,49.13884007029878,26.92442882249561,34.6572934973638,37.50439367311073,54.30579964850616,64.88576449912127,63.05799648506152,81.8980667838313,57.15289982425308,67.06502636203867,40.702987697715294,24.63971880492092,59.367311072056246,64.18277680140598,28.22495606326889,43.05799648506152,58.62917398945519,46.4323374340949,70.43936731107206,81.195079086116,44.21792618629174,74.97363796133568,76.62565905096662,80.0,66.08084358523726,58.17223198594025,78.5237258347979
CCC(CC)C(O)OC(O)[C@H](C)N[P@](=O)(O)Oc1ccccc1,347.34800000000007,2.2335000000000003,5,4,4.0,0.3795708154606661,4,108.25,0,2,3,0.03628372,0.559031,0.79773825,0.046868064,0.14312436,0.1894817,0.080059305,0.22944672,0.22711654,0.35501355,0.07304301,0.14690077,0.10172205,0.21252915,0.97683513,0.0049657216,0.025850529,0.019744134,0.02667051,0.023322672,0.11450311,0.029688349,0.6051813,0.1881479,0.07076652,0.0020845246,0.0132380575,0.068589196,0.007210179,0.44037247,0.46533918,-5.5313187,29.188238,43.722393,7.3680534,-14.824788,2.8787262,1.9456484,68.68742,-1.6930189,3.700687,52.89982425307558,48.1195079086116,61.880492091388405,86.90685413005274,63.44463971880493,30.439367311072058,81.28295254833041,72.82952548330405,47.59226713532514,87.9261862917399,98.89279437609842,9.560632688927944,37.3286467486819,50.12302284710018,46.115992970123024,58.69947275922672,67.45166959578208,62.49560632688929,71.35325131810194,73.11072056239017,42.03866432337434,53.98945518453428,45.09666080843586,51.24780316344464,35.85237258347979,35.008787346221446,27.6274165202109,50.43936731107206,49.03339191564148,54.13005272407733,58.17223198594025,63.514938488576455,73.42706502636204,38.52372583479789,61.37082601054482,34.90333919156415,24.42882249560633,46.39718804920914,59.156414762741655,25.20210896309315,39.29701230228471,60.702987697715294,23.12829525483304,47.697715289982426,64.49912126537787,35.18453427065027,36.16871704745167,76.37961335676626,61.51142355008788,44.42882249560633,75.07908611599298,67.31107205623903
CCC(CC)C(O)C(CC)CO,174.28399999999996,1.802,2,2,4.0,0.6443662377744329,2,40.46,0,0,0,0.020088471,0.92534685,0.88866377,0.02053215,0.034139957,0.13280079,0.011813691,0.39055762,0.03705687,0.29122084,0.0053462978,0.11803961,0.019113386,0.06661846,0.99977034,0.0011283719,0.008849714,0.0015674317,0.0019257996,0.0028585433,0.023467906,0.00087872986,0.957435,0.009063767,0.008912764,0.00013565128,0.0027095578,0.0028679846,0.00041452525,0.6809909,0.14040911,-4.0844927,97.66322,35.704765,31.057978,-5.6379957,1.6902729,1.5016611,42.283623,-1.4094212,7.780595,13.462214411247803,41.6871704745167,17.10017574692443,61.37082601054482,63.44463971880493,66.01054481546574,69.84182776801407,23.02284710017575,47.59226713532514,25.869947275922677,37.188049209138846,5.588752196836555,72.89982425307558,74.79789103690686,37.3286467486819,33.88400702987698,50.61511423550088,34.41124780316345,81.86291739894553,44.463971880492096,36.80140597539543,29.806678383128297,36.344463971880494,12.548330404217928,12.618629173989456,68.7170474516696,6.291739894551846,15.430579964850615,12.65377855887522,18.031634446397188,9.701230228471005,2.4253075571177507,17.504393673110723,81.86291739894553,32.196836555360285,3.163444639718805,3.1282952548330405,18.066783831282955,22.39015817223199,2.882249560632689,71.03690685413005,36.30931458699473,97.18804920913884,87.59226713532514,58.66432337434095,69.20913884007031,92.02108963093148,10.263620386643234,53.49736379613357,22.14411247803164,78.55887521968366,84.60456942003516
CCC(CC)C(O)CO,132.203,0.7757999999999998,2,2,4.0,0.5930042578858603,1,40.46,0,0,0,0.05604728,0.9314337,0.9289387,0.01847333,0.010442795,0.16216569,0.002950814,0.30200192,0.005152798,0.22450237,0.00046763997,0.181981,0.018399846,0.10866825,0.999225,0.0022155736,0.009244014,0.0020064525,0.001169267,0.0025018232,0.027258733,0.0014222453,0.91646546,0.0022791915,0.010111293,0.00038391803,0.00271625,0.0017997015,0.0008323363,0.61050665,0.038926262,-4.117994,79.86851,9.909617,20.576479,-6.7954125,1.4900106,0.70059013,28.611408,-0.44562587,6.05012,6.748681898066785,29.736379613356767,17.10017574692443,61.37082601054482,63.44463971880493,59.12126537785589,55.32513181019333,23.02284710017575,47.59226713532514,25.869947275922677,37.188049209138846,15.1493848857645,73.98945518453428,89.59578207381372,36.13356766256591,16.30931458699473,60.21089630931459,17.258347978910372,76.94200351493849,16.168717047451672,29.98242530755712,13.602811950790862,54.41124780316345,11.95079086115993,20.492091388400706,58.31282952548331,12.934973637961336,16.449912126537786,14.340949033391915,12.40773286467487,7.838312829525484,4.674868189806679,23.2688927943761,68.8224956063269,20.45694200351494,3.725834797891037,7.275922671353252,18.172231985940247,17.644991212653782,4.885764499121266,62.42530755711776,21.195079086116,96.69595782073814,79.6133567662566,33.46221441124781,58.80492091388401,88.8224956063269,5.131810193321617,41.44112478031635,14.200351493848858,90.33391915641477,78.73462214411248
CCC(CC)(CO)CO,132.203,0.7773999999999999,2,2,4.0,0.5930490211600274,0,40.46,0,0,0,0.059961747,0.7832726,0.82297593,0.0037668527,0.0044221953,0.07445566,0.0021723881,0.29931843,0.006607701,0.12205758,0.00047865883,0.20767197,0.015961852,0.030192364,0.9828574,0.0049880072,0.012655827,0.0012422868,0.0010248407,0.0062114783,0.036588203,0.001205493,0.69803464,0.0022394117,0.01960839,0.0003054181,0.0033065728,0.0011480916,0.0012932807,0.7393556,0.040021785,-4.134907,87.72054,15.935953,26.44997,-7.514863,1.3526032,0.3723225,24.309467,-0.5032748,6.463909,6.748681898066785,29.736379613356767,17.10017574692443,61.37082601054482,63.44463971880493,59.12126537785589,22.601054481546576,23.02284710017575,47.59226713532514,25.869947275922677,37.188049209138846,16.30931458699473,55.71177504393673,56.16871704745167,22.39015817223199,7.697715289982426,29.103690685413007,14.376098418277682,76.80140597539544,19.578207381370827,18.488576449912127,13.74340949033392,60.94903339191565,10.650263620386644,6.432337434094904,36.69595782073814,27.732864674868196,25.413005272407734,10.474516695957822,11.107205623901583,23.02284710017575,10.439367311072058,21.265377855887525,43.90158172231986,20.28119507908612,9.701230228471005,5.975395430579965,20.949033391915645,13.989455184534272,6.502636203866433,77.68014059753955,21.51142355008788,96.41476274165204,83.2688927943761,40.14059753954306,65.62390158172232,86.22144112478033,3.0228471001757478,36.063268892794376,11.63444639718805,89.59578207381372,80.24604569420036
CCC(CC)COC(O)(C#N)[C@H](C)N[P@](=O)(O)Oc1ccccc1,356.3590000000001,2.8088800000000003,5,3,4.0,0.3356238930994368,3,111.81,0,3,4,0.028875658,0.57849824,0.8303019,0.092880495,0.23881292,0.27494997,0.19273634,0.23177616,0.16260362,0.49617594,0.17799962,0.14596036,0.11561815,0.32570362,0.9872268,0.007617475,0.031088745,0.028783958,0.045364127,0.040724315,0.13234754,0.062401902,0.74603397,0.27950662,0.10887833,0.004250089,0.027515102,0.13775632,0.015279442,0.40332562,0.4565443,-5.3240023,22.260769,58.65911,13.236814,-12.350744,3.5356584,2.6243885,79.95113,-2.1918783,4.055574,54.86818980667839,58.418277680140605,61.880492091388405,78.20738137082601,63.44463971880493,24.710017574692444,76.60808435852373,74.58699472759227,47.59226713532514,96.62565905096662,99.68365553602813,7.838312829525484,38.87521968365554,58.101933216168725,54.41124780316345,68.85764499121267,83.83128295254834,75.00878734622145,71.42355008787347,68.68189806678383,55.46572934973639,66.0456942003515,44.67486818980668,54.6572934973638,45.02636203866432,38.31282952548331,39.71880492091389,58.13708260105449,54.692442882249566,61.82776801405976,70.82601054481547,69.98242530755712,82.7768014059754,47.31107205623902,67.66256590509667,46.36203866432338,35.99297012302285,60.597539543058005,68.47100175746925,36.871704745166966,34.340949033391915,60.421792618629176,29.806678383128297,40.56239015817224,74.0597539543058,45.97539543057997,52.12653778558876,94.90333919156416,73.21616871704745,55.81722319859403,67.69771528998243,69.56063268892795
CCCCCCOC(=O)[C@H](C)N[P@@](=O)(Oc1ccccc1)OP(=O)(O)O,409.31200000000007,3.384400000000002,6,3,4.0,0.2699653671194544,2,131.39,0,2,2,0.052768074,0.61620784,0.68033975,0.45910278,0.5564206,0.38842264,0.43105072,0.13801466,0.4411537,0.44642335,0.25253305,0.5029775,0.21079607,0.55338115,0.8164485,0.024915587,0.04552901,0.11673744,0.17554772,0.13485613,0.27669057,0.27186787,0.44272298,0.33868703,0.33142763,0.03506262,0.080913015,0.2633893,0.08768861,0.47771937,0.5088898,-5.726334,17.686893,49.891846,4.9153795,-14.159399,2.8431218,1.756588,88.38874,-1.8485947,0.6804451,67.55711775043937,67.17047451669596,72.46045694200352,78.20738137082601,63.44463971880493,17.152899824253076,69.84182776801407,81.792618629174,47.59226713532514,87.9261862917399,95.07908611599298,14.024604569420037,41.44112478031635,30.57996485061512,79.68365553602813,87.34622144112478,94.83304042179265,87.20562390158173,58.24253075571178,83.19859402460457,50.22847100175748,71.21265377855889,93.81370826010546,71.21265377855889,57.750439367311074,23.02284710017575,71.52899824253076,73.84885764499121,73.0755711775044,84.18277680140598,89.98242530755712,89.24428822495607,96.48506151142357,31.599297012302287,70.61511423550088,72.86467486818981,71.91564147627417,80.597539543058,77.36379613356767,70.896309314587,44.07732864674868,63.16344463971881,18.84007029876977,34.376098418277685,68.6115992970123,30.896309314587,40.35149384885765,74.55184534270651,57.68014059753955,66.85413005272409,73.1810193321617,42.35500878734622
CCC(CO)C(C)C(CC)CO,174.28399999999996,1.6595,2,2,4.0,0.6426532112742199,2,40.46,0,0,0,0.031458266,0.9073235,0.8787235,0.0054631634,0.007942298,0.10477348,0.002436351,0.31579852,0.013469565,0.2062488,0.0009115568,0.1626173,0.016804848,0.047107186,0.9992997,0.0013698931,0.007935157,0.00063548004,0.0007508203,0.0022205021,0.022944141,0.00056141167,0.9077446,0.0034113862,0.0075044865,9.231985e-05,0.0022088983,0.0009572855,0.0003533595,0.7547902,0.08519253,-4.100009,84.240776,22.987926,34.43863,-6.153659,1.8528095,1.0875641,32.490112,-0.82640743,8.193659,13.462214411247803,39.75395430579965,17.10017574692443,61.37082601054482,63.44463971880493,65.76449912126539,69.84182776801407,23.02284710017575,47.59226713532514,25.869947275922677,37.188049209138846,8.400702987697716,69.98242530755712,70.896309314587,25.20210896309315,13.005272407732866,38.76977152899825,15.184534270650264,77.82073813708261,28.998242530755714,27.346221441124783,17.398945518453427,49.42003514938489,11.107205623901583,9.279437609841828,58.87521968365554,8.1195079086116,13.145869947275925,7.205623901581723,8.471001757469246,6.71353251318102,2.249560632688928,13.532513181019333,67.06502636203867,24.077328646748683,2.284710017574693,2.0035149384885766,15.571177504393674,12.513181019332162,2.6010544815465733,79.40246045694201,29.77152899824253,96.87170474516697,81.61687170474518,47.59226713532514,71.8804920913884,90.54481546572936,16.133567662565905,46.74868189806679,16.414762741652023,85.76449912126539,85.3427065026362
CCC(CCO)COC(=O)[C@H](C)N[P@@](=O)(Oc1ccccc1)OP(=O)(O)O,425.3110000000001,2.2127000000000008,7,4,4.0,0.2896815470137969,3,151.61999999999998,0,1,2,0.04436613,0.5221351,0.5990748,0.14773485,0.32844236,0.19917713,0.19996084,0.06811536,0.3646101,0.25486264,0.12146394,0.40541023,0.21190915,0.36596677,0.5263598,0.017421283,0.050770056,0.036222108,0.043025892,0.06722768,0.21506159,0.056649815,0.15094599,0.12059619,0.17210965,0.010915453,0.025050152,0.028472055,0.029035294,0.43518505,0.33588633,-5.9515095,12.348732,45.469624,2.7954938,-16.670351,2.892033,1.224615,80.07375,-1.3551161,1.2489628,71.07205623901582,47.7328646748682,79.85940246045695,86.90685413005274,63.44463971880493,18.769771528998245,76.60808435852373,86.1511423550088,47.59226713532514,66.52021089630932,95.07908611599298,11.8804920913884,34.340949033391915,22.530755711775047,61.05448154657294,75.92267135325133,69.49033391915643,75.53602811950792,36.8365553602812,80.38664323374341,32.72407732864675,60.66783831282953,87.87346221441126,71.45869947275924,47.873462214411255,15.957820738137084,62.49560632688929,77.39894551845343,57.89103690685413,60.87873462214412,80.87873462214412,85.0615114235501,81.65202108963094,19.71880492091389,55.11423550087874,57.78558875219685,53.21616871704746,58.98066783831283,46.60808435852373,50.19332161687171,38.55887521968366,53.42706502636205,14.938488576449911,28.22495606326889,65.62390158172232,26.78383128295255,26.643233743409493,77.18804920913885,48.64674868189808,55.85237258347979,79.29701230228471,48.61159929701231
CCC(C=O)C(C)O,116.15999999999998,0.5923,2,1,4.0,0.5478683643596944,2,37.3,0,1,1,0.26959002,0.97372895,0.9294294,0.048215054,0.024674706,0.20420782,0.0042862343,0.17269826,0.003550021,0.29949552,0.00058181613,0.30673805,0.02855151,0.16097218,0.99968183,0.004274078,0.0049887463,0.002639619,0.0021045213,0.0029379604,0.026206458,0.0049165245,0.94726765,0.0010187116,0.029845288,0.0020162347,0.012851226,0.001993122,0.0039116037,0.7117232,0.022113627,-3.992522,58.09013,-10.3876295,10.048932,-6.669084,1.6044613,0.080344655,17.649683,0.14935704,1.350165,4.850615114235501,27.76801405975396,17.10017574692443,36.59050966608085,63.44463971880493,53.145869947275926,69.84182776801407,19.68365553602812,47.59226713532514,66.52021089630932,83.09314586994728,57.11775043936731,86.67838312829527,89.73637961335677,46.5377855887522,28.435852372583483,70.7908611599297,21.01933216168717,64.14762741652022,11.423550087873464,37.46924428822496,14.903339191564148,77.9261862917399,18.34797891036907,29.455184534270654,65.94024604569421,24.56942003514939,5.729349736379614,17.539543057996486,19.15641476274165,9.91212653778559,4.077328646748683,45.30755711775044,77.4340949033392,14.551845342706503,15.85237258347979,24.007029876977157,45.86994727592268,18.558875219683657,17.047451669595784,74.20035149384887,14.024604569420037,98.4182776801406,69.27943760984184,14.481546572934976,40.105448154657296,89.38488576449913,7.873462214411249,32.056239015817226,7.803163444639719,94.83304042179265,50.05272407732865
CCC(CC)C(CC)(CC)CO,172.31199999999998,3.2213000000000025,1,1,4.0,0.6519365640398962,0,20.23,0,0,0,0.060719498,0.9525405,0.8180745,0.0405608,0.02866866,0.114993095,0.0065360814,0.50619024,0.06311503,0.33843192,0.002439048,0.17312662,0.033694368,0.03361438,0.9994761,0.0021724978,0.007443171,0.0010670207,0.0015239428,0.005810565,0.03649386,0.0016670706,0.9687624,0.009301788,0.01772655,0.0003010018,0.0056404625,0.0037701349,0.0009409789,0.87802887,0.22679791,-4.1545057,146.36124,94.493004,56.328125,-2.7554173,1.4450282,2.3222272,60.752357,-3.2865784,11.617525,13.216168717047452,64.71001757469244,6.854130052724078,36.59050966608085,63.44463971880493,67.17047451669596,22.601054481546576,9.666080843585238,47.59226713532514,25.869947275922677,37.188049209138846,16.485061511423552,79.0158172231986,54.72759226713533,44.3585237258348,31.107205623901585,42.81195079086116,25.76449912126538,87.2407732864675,52.829525483304046,40.98418277680141,23.51493848857645,52.37258347978911,22.1792618629174,6.959578207381371,61.40597539543059,12.618629173989456,12.16168717047452,9.279437609841828,15.184534270650264,21.65202108963093,10.439367311072058,25.026362038664324,86.46748681898067,32.40773286467487,8.189806678383128,5.940246045694201,29.77152899824253,25.553602811950796,5.2021089630931465,93.0755711775044,44.88576449912127,96.30931458699472,97.36379613356767,88.75219683655537,84.18277680140598,96.55536028119508,4.288224956063269,67.66256590509667,36.871704745166966,46.0456942003515,92.37258347978911
CCC(CC)(CC)CO,130.231,2.1951000000000005,1,1,4.0,0.6181883212577809,0,20.23,0,0,0,0.04608401,0.9218338,0.85960436,0.029377064,0.010458118,0.120402835,0.0032847181,0.46398187,0.02189714,0.22271457,0.0006499505,0.20413002,0.025566876,0.043335408,0.99798334,0.0032561414,0.00977839,0.0014541264,0.0011082832,0.0053511597,0.037278377,0.0013064593,0.92073786,0.0037012927,0.015608931,0.00037400608,0.0038341284,0.0019503236,0.0010851489,0.77642006,0.095280856,-3.9598382,118.87114,56.08548,46.130882,-3.2561107,1.5120913,1.3310096,37.879005,-1.8979603,8.710844,6.291739894551846,47.38137082601055,6.854130052724078,36.59050966608085,63.44463971880493,62.67135325131811,22.601054481546576,9.666080843585238,47.59226713532514,25.869947275922677,37.188049209138846,12.442882249560634,72.30228471001759,65.69420035149385,41.01933216168717,16.30931458699473,45.58875219683656,18.34797891036907,85.5536028119508,36.27416520210897,29.630931458699475,15.325131810193325,60.31634446397189,16.344463971880494,8.506151142355009,50.36906854130053,19.05096660808436,17.574692442882252,12.056239015817225,11.915641476274166,20.0,11.036906854130054,22.42530755711775,69.59578207381371,24.63971880492092,6.854130052724078,7.135325131810194,23.233743409490337,18.34797891036907,5.659050966608085,82.49560632688929,31.142355008787348,98.66432337434097,92.8646748681898,72.86467486818981,79.40246045694201,96.09841827768015,5.413005272407734,50.61511423550088,19.086115992970125,72.61862917398946,86.99472759226714
CCC(CC)CO,102.177,1.4149,1,1,4.0,0.5709677520374143,0,20.23,0,0,0,0.032781955,0.9659834,0.91797715,0.07500386,0.01843657,0.15097299,0.0037716054,0.33818376,0.008326116,0.21328266,0.00030984991,0.21241334,0.016833285,0.08009867,0.99977285,0.0017413758,0.0070979423,0.0016791669,0.001094233,0.0023397848,0.02465738,0.0012204822,0.95662004,0.0017944891,0.009274645,0.00036002154,0.0036319538,0.0015767204,0.0006403994,0.6503077,0.040478505,-3.90389,92.63599,24.779663,28.643055,-3.2377725,1.667087,1.0132602,31.861385,-0.81630945,6.0137973,4.077328646748683,36.8365553602812,6.854130052724078,36.59050966608085,63.44463971880493,56.37961335676626,22.601054481546576,9.666080843585238,47.59226713532514,25.869947275922677,37.188049209138846,8.857644991212654,83.72583479789104,85.30755711775045,51.423550087873465,24.18277680140598,56.239015817223205,19.578207381370827,79.36731107205624,22.88224956063269,28.049209138840077,10.22847100175747,62.14411247803164,11.107205623901583,15.500878734622145,68.7170474516696,10.298769771529,11.493848857644991,13.181019332161688,11.739894551845344,7.170474516695959,2.9173989455184537,21.441124780316347,81.47627416520211,18.629173989455182,3.339191564147628,6.994727592267136,22.073813708260108,16.379613356766257,3.936731107205624,67.17047451669596,21.61687170474517,99.08611599297014,85.09666080843586,49.38488576449912,67.5219683655536,96.13356766256592,9.314586994727591,45.58875219683656,15.746924428822496,85.79964850615114,78.73462214411248
CCC(C)CO,88.14999999999999,1.0248,1,1,4.0,0.5340885234757722,1,20.23,0,0,0,0.06344484,0.96421397,0.92592126,0.06067065,0.020107636,0.14427172,0.0034479604,0.2863463,0.006230404,0.22640593,0.00026182318,0.26216716,0.01705116,0.08158496,0.99978125,0.0021431805,0.00538815,0.0018287373,0.001455543,0.0032050102,0.026335185,0.0020711638,0.9590883,0.0014196225,0.016430896,0.0006139413,0.005640986,0.0027208712,0.0010990746,0.6481989,0.029586732,-3.8884175,83.602135,13.787537,21.899275,-3.5340219,1.6937249,0.75072604,26.985647,-0.27599186,5.035283,3.19859402460457,31.985940246045697,6.854130052724078,36.59050966608085,63.44463971880493,51.00175746924429,55.32513181019333,9.666080843585238,47.59226713532514,25.869947275922677,37.188049209138846,17.293497363796135,83.2688927943761,88.36555360281196,49.06854130052725,25.483304042179263,53.919156414762746,18.699472759226715,76.02811950790861,18.594024604569423,30.228471001757477,9.595782073813709,71.17750439367312,11.24780316344464,15.817223198594029,68.96309314586995,12.33743409490334,6.748681898066785,13.708260105448156,14.481546572934976,10.826010544815468,4.182776801405976,28.57644991212654,82.39015817223199,16.871704745166962,7.521968365553604,10.298769771529,29.77152899824253,21.93321616871705,5.6942003514938495,67.02987697715291,17.926186291739896,99.15641476274166,81.40597539543059,37.926186291739896,60.597539543058005,95.74692442882252,10.404217926186291,42.35500878734622,13.075571177504395,91.8804920913884,74.6572934973638
CCC(C)COC(=O)[C@H](C)N[P@](=O)(O)Oc1ccccc1,315.306,2.733200000000001,4,2,4.0,0.5666089900725855,3,84.86,0,1,2,0.08201555,0.77925193,0.84036666,0.16722786,0.24398558,0.34849113,0.11563679,0.27126947,0.20234272,0.519169,0.092411116,0.24346669,0.1543236,0.33650747,0.99458694,0.011796669,0.027229583,0.03451956,0.041222353,0.04201396,0.15810524,0.07637165,0.8334848,0.24724369,0.12850027,0.009342415,0.035933338,0.11260657,0.025087139,0.54436374,0.46037585,-5.08788,42.84652,53.149902,3.6813145,-9.866798,2.9859796,2.451043,79.12734,-1.9519355,3.232656,45.5536028119508,57.22319859402461,48.55887521968366,61.37082601054482,63.44463971880493,55.782073813708266,76.60808435852373,57.9261862917399,47.59226713532514,66.52021089630932,95.07908611599298,23.2688927943761,55.2548330404218,60.31634446397189,62.91739894551846,69.3145869947276,92.12653778558877,67.87346221441125,74.97363796133568,71.45869947275924,58.03163444639719,57.08260105448155,67.48681898066785,62.84710017574693,45.79964850615114,43.7609841827768,51.70474516695958,52.26713532513182,57.04745166959579,60.31634446397189,71.66959578207381,76.97715289982426,84.9560632688928,55.32513181019333,65.3427065026362,50.43936731107206,49.87697715289983,65.23725834797892,65.79964850615114,46.57293497363796,53.11072056239016,60.52724077328647,40.77328646748682,59.08611599297013,70.93145869947277,28.7170474516696,71.77504393673111,81.26537785588754,69.98242530755712,55.07908611599297,72.05623901581723,64.39367311072057
CCC(CO)C(CC)(CC)CO,174.28399999999996,1.8036,2,2,4.0,0.6443838926580235,1,40.46,0,0,0,0.09207222,0.92112625,0.85072577,0.02279824,0.009636624,0.10632907,0.002611279,0.37695834,0.016018817,0.24759217,0.0013107238,0.18063554,0.025092661,0.039331075,0.99837935,0.0029369951,0.009659724,0.0014910559,0.0008171195,0.0034209657,0.032674227,0.0008563146,0.90755856,0.0038203783,0.013928989,0.000310262,0.0033408154,0.0010647153,0.0009268943,0.8312362,0.10951936,-4.0707073,111.0589,48.27364,39.21246,-6.176612,1.5920843,1.2667042,36.015972,-1.4871807,8.517015,13.462214411247803,41.6871704745167,17.10017574692443,61.37082601054482,63.44463971880493,66.01054481546574,55.32513181019333,23.02284710017575,47.59226713532514,25.869947275922677,37.188049209138846,25.72934973637961,72.26713532513182,63.72583479789104,38.45342706502637,15.219683655536029,39.33216168717048,15.992970123022848,81.51142355008788,31.739894551845342,32.16168717047452,20.105448154657296,54.09490333919157,15.992970123022848,7.803163444639719,52.12653778558876,17.223198594024606,17.3286467486819,12.267135325131813,9.103690685413008,11.810193321616874,7.732864674868191,17.258347978910372,66.99472759226714,25.13181019332162,5.588752196836555,6.01054481546573,21.0896309314587,13.286467486818982,5.166959578207382,87.94376098418279,32.44288224956063,97.3286467486819,91.2829525483304,67.45166959578208,75.46572934973639,90.47451669595785,7.311072056239016,49.42003514938489,18.172231985940247,77.57469244288225,86.46748681898067
CCCCCCO,102.177,1.559,1,1,4.0,0.5339278817039772,0,20.23,0,1,0,0.04112239,0.98975706,0.8985939,0.51453245,0.12491472,0.17808917,0.016104845,0.2719195,0.008346425,0.32255843,0.000878855,0.13790263,0.010041247,0.14476344,0.9999922,0.001148604,0.0050496696,0.004134524,0.003013093,0.0031243495,0.03316085,0.0032720577,0.9885748,0.004077402,0.014662826,0.0010277682,0.008934731,0.005755433,0.001155678,0.70567995,0.037722893,-3.9885495,91.341774,22.64542,19.781878,-3.825264,1.6546915,1.1644812,40.93479,-1.1494852,4.8032393,4.077328646748683,38.52372583479789,6.854130052724078,36.59050966608085,63.44463971880493,51.00175746924429,22.601054481546576,9.666080843585238,47.59226713532514,66.52021089630932,37.188049209138846,10.966608084358525,96.3444639718805,78.20738137082601,81.37082601054482,55.92267135325133,64.78031634446398,38.10193321616872,74.97363796133568,22.88224956063269,39.472759226713535,17.3286467486819,42.53075571177505,6.959578207381371,26.643233743409493,91.81019332161688,6.537785588752198,5.869947275922672,24.28822495606327,23.374340949033392,10.474516695957822,8.049209138840071,37.85588752196837,96.62565905096662,25.553602811950796,6.080843585237259,15.782073813708262,38.87521968365554,30.08787346221441,5.905096660808437,73.67311072056239,20.77328646748682,98.4182776801406,84.81546572934974,47.24077328646749,57.57469244288225,95.32513181019333,9.068541300527242,47.80316344463972,21.15992970123023,81.82776801405976,73.49736379613357
CCCC=O,72.107,0.9854,1,0,4.0,0.4443450475833798,0,17.07,0,1,1,0.2631711,0.9922163,0.9437788,0.34531897,0.03196755,0.20151806,0.0033312202,0.18914424,0.00281189,0.30872017,0.0002697605,0.2947143,0.022991376,0.21826375,0.9999782,0.002716687,0.004398104,0.0036391108,0.0011706523,0.0018047066,0.027344882,0.0033311825,0.9843594,0.00058681594,0.01880571,0.002427184,0.010296734,0.0012652858,0.0021635473,0.74461967,0.017333347,-3.7814732,90.91509,20.177633,5.8476005,-2.9616556,1.5744927,0.5994483,27.63355,-0.37625322,0.11156998,2.249560632688928,31.77504393673111,6.854130052724078,11.63444639718805,63.44463971880493,38.91036906854131,22.601054481546576,8.383128295254833,47.59226713532514,66.52021089630932,83.09314586994728,56.20386643233744,97.6449912126538,94.23550087873464,74.83304042179263,32.89982425307557,70.12302284710019,18.488576449912127,66.36203866432338,8.787346221441126,38.38312829525484,9.701230228471005,76.27416520210897,14.411247803163446,36.41476274165203,85.97539543057998,15.92267135325132,4.499121265377856,22.70650263620387,12.40773286467487,5.2021089630931465,4.710017574692444,38.31282952548331,94.93848857644991,10.333919156414764,9.138840070298771,26.713532513181026,41.93321616871705,14.551845342706503,10.509666080843584,78.24253075571178,11.036906854130054,99.78910369068542,84.74516695957821,45.30755711775044,32.44288224956063,96.37961335676628,6.783831282952549,40.24604569420036,13.848857644991211,91.21265377855887,36.20386643233744
CCCC(C)CO,102.177,1.4149,1,1,4.0,0.5709677520374143,1,20.23,0,0,0,0.070615515,0.975749,0.9267928,0.08110776,0.025770182,0.1498721,0.0036966056,0.32970843,0.0077849203,0.2683589,0.00033049096,0.22935505,0.017403942,0.07847686,0.9999045,0.0017480094,0.005005782,0.0016695589,0.0015511976,0.00289842,0.026829202,0.0019939747,0.97338593,0.0021206203,0.014420034,0.00054569024,0.0056231916,0.0029695048,0.0009966942,0.7107345,0.039812088,-3.9522119,93.394104,25.862146,24.418861,-3.2443492,1.6842868,1.107221,35.278442,-0.8449694,5.6180267,4.077328646748683,36.8365553602812,6.854130052724078,36.59050966608085,63.44463971880493,56.37961335676626,55.32513181019333,9.666080843585238,47.59226713532514,25.869947275922677,37.188049209138846,19.33216168717048,87.69771528998243,88.68189806678384,52.72407732864675,29.384885764499124,55.71177504393673,19.33216168717048,78.80492091388402,21.82776801405976,34.86818980667839,10.86115992970123,65.16695957820738,11.3884007029877,15.219683655536029,74.51669595782074,10.333919156414764,5.729349736379614,13.145869947275925,15.325131810193325,9.876977152899824,4.499121265377856,27.87346221441125,89.45518453427066,19.894551845342708,5.834797891036907,9.384885764499122,29.77152899824253,22.63620386643234,5.30755711775044,74.09490333919157,21.441124780316347,98.73462214411248,85.5536028119508,50.4042179261863,63.3743409490334,96.13356766256592,9.876977152899824,47.1353251318102,17.855887521968366,85.48330404217927,77.15289982425308
CCC(CC)C(C)O,116.20399999999998,1.8034,1,1,4.0,0.5958243786434456,1,20.23,0,0,0,0.031688638,0.9790944,0.92139566,0.12689957,0.05965197,0.16509151,0.0083664935,0.4150776,0.017942142,0.3019237,0.00089096604,0.15224062,0.015656207,0.08529522,0.99995965,0.0008916395,0.0060445475,0.0020117194,0.0019071067,0.0028166547,0.030186351,0.0015216185,0.9844327,0.0041264934,0.008460635,0.00032337665,0.0039998167,0.004191395,0.0005195505,0.69679457,0.075402915,-3.9299874,103.7391,37.71206,30.19617,-2.6795204,1.5383205,1.2534153,35.89795,-1.3214321,6.2392035,4.850615114235501,41.6871704745167,6.854130052724078,36.59050966608085,63.44463971880493,59.40246045694201,55.32513181019333,9.666080843585238,47.59226713532514,25.869947275922677,37.188049209138846,8.471001757469246,89.52548330404218,86.60808435852374,59.22671353251319,42.95254833040422,61.26537785588753,29.173989455184536,83.2688927943761,33.427065026362044,37.82073813708261,17.363796133567664,46.326889279437616,10.333919156414764,16.55536028119508,81.44112478031636,4.6045694200351495,8.822495606326891,14.340949033391915,17.855887521968366,9.455184534270652,6.467486818980668,24.007029876977157,94.93848857644991,25.58875219683656,2.81195079086116,6.39718804920914,24.04217926186292,26.818980667838314,3.339191564147628,72.72407732864676,28.50615114235501,98.94551845342708,89.20913884007031,60.24604569420036,68.7170474516696,96.62565905096662,6.045694200351495,49.2091388400703,18.137082601054484,79.78910369068542,79.43760984182778
CCCCCCOC(=O)[C@H](C)N[P@](=O)(O)Oc1ccccc1,329.333,3.267400000000001,4,2,4.0,0.3892361101048861,2,84.86,0,2,2,0.087149955,0.85872805,0.7845971,0.4596683,0.5993764,0.3832813,0.38071927,0.2759718,0.24083439,0.60703385,0.28817138,0.22251134,0.11392896,0.4872976,0.99897766,0.014464033,0.030519689,0.09921276,0.11934129,0.061623264,0.2017829,0.16433236,0.9105443,0.5101921,0.2404286,0.023964625,0.08748422,0.30487862,0.062310893,0.56781083,0.5803617,-5.1255355,50.52143,57.199596,1.5904343,-9.923223,2.8443387,2.5646815,84.30481,-2.4007964,3.7605095,48.99824253075572,65.48330404217927,48.55887521968366,61.37082601054482,63.44463971880493,31.84534270650264,69.84182776801407,57.9261862917399,47.59226713532514,87.9261862917399,95.07908611599298,24.32337434094904,62.95254833040423,47.59226713532514,79.68365553602813,88.54130052724078,94.41124780316343,85.13181019332163,75.18453427065027,73.95430579964851,68.47100175746925,73.32161687170475,64.11247803163445,54.27065026362039,55.07908611599297,56.16871704745167,57.96133567662567,57.29349736379614,71.0017574692443,78.10193321616872,79.57820738137083,83.72583479789104,92.8646748681898,67.66256590509667,78.13708260105449,66.08084358523726,66.92442882249561,81.58172231985941,79.36731107205624,63.93673110720563,55.92267135325133,66.78383128295255,39.472759226713535,64.32337434094904,73.49736379613357,24.88576449912127,71.45869947275924,74.62214411247804,72.26713532513182,60.52724077328647,63.55008787346222,67.6274165202109
CCN[P@](=O)(O)Oc1cccc(C(=O)OCC(CC)CC)c1,329.3330000000001,3.3683000000000023,4,2,4.0,0.5336080890722879,1,84.86,0,1,2,0.026219737,0.7826874,0.8928442,0.36833772,0.3278358,0.40773472,0.23678617,0.37297416,0.21553287,0.5724293,0.08048603,0.20703113,0.14343375,0.47016954,0.9981925,0.008042229,0.025657654,0.074259326,0.04644996,0.03552152,0.13848588,0.063096516,0.9074434,0.2754988,0.100972734,0.009279862,0.02184128,0.16837306,0.020676326,0.42339978,0.47473994,-4.938716,66.12016,76.9807,16.41242,-10.273443,2.9794974,2.9057279,83.68327,-2.5933723,6.8569365,48.99824253075572,66.71353251318102,48.55887521968366,61.37082601054482,63.44463971880493,50.966608084358526,55.32513181019333,57.9261862917399,47.59226713532514,66.52021089630932,95.07908611599298,6.994727592267136,55.57117750439368,76.16871704745168,75.60632688927944,75.88752196836556,95.50087873462216,77.78558875219684,81.30052724077329,72.02108963093147,63.8664323374341,55.11423550087874,60.84358523725835,60.87873462214412,54.1652021089631,51.3884007029877,41.15992970123023,50.15817223198594,68.01405975395431,62.17926186291741,67.45166959578208,71.91564147627417,82.84710017574693,66.99472759226714,67.34622144112478,44.53427065026362,49.59578207381372,56.695957820738144,71.24780316344464,42.7768014059754,37.293497363796135,61.335676625659055,49.73637961335677,73.11072056239017,83.12829525483305,52.056239015817226,68.36555360281196,81.0896309314587,78.06678383128296,60.00000000000001,59.92970123022848,81.6871704745167
CCC(COC(O)O)C(C)O,164.201,-0.3217999999999999,4,3,4.0,0.4868952636015853,2,69.92,0,1,1,0.044090413,0.6955844,0.85197526,0.002138268,0.009119488,0.095848195,0.0031108866,0.13076821,0.009860592,0.1067266,0.0002900124,0.21920986,0.020767352,0.08465911,0.9556673,0.0029627667,0.011147892,0.0021149153,0.0018852918,0.006929051,0.04374551,0.00330384,0.47287542,0.0020888324,0.020163815,0.00051811314,0.0034617546,0.0048468173,0.0016258676,0.56001914,0.029471615,-4.8099422,50.169014,-10.778079,12.536108,-12.123095,1.1878356,-0.24963887,21.514242,-0.1864709,4.513665,11.739894551845344,18.910369068541304,48.55887521968366,78.20738137082601,63.44463971880493,44.39367311072056,69.84182776801407,46.57293497363796,47.59226713532514,66.52021089630932,83.09314586994728,11.810193321616874,47.66256590509666,64.18277680140598,18.488576449912127,14.481546572934976,35.922671353251324,17.926186291739896,56.44991212653779,24.88576449912127,16.344463971880494,9.98242530755712,63.40949033391916,13.181019332161688,16.485061511423552,31.318101933216173,17.3286467486819,21.01933216168717,14.903339191564148,17.855887521968366,25.4481546572935,15.92267135325132,38.03163444639719,32.93497363796134,19.82425307557118,9.98242530755712,9.033391915641475,21.370826010544818,28.47100175746925,8.400702987697716,55.2548330404218,17.891036906854133,58.48857644991213,63.90158172231987,14.340949033391915,44.71001757469244,54.1652021089631,1.3005272407732866,26.643233743409493,9.91212653778559,92.4780316344464,71.91564147627417
CCC(CC)COC(=O)C(CC)(CC)COC(=O)[C@H](C)N[P@](=O)(O)Oc1ccccc1,457.5040000000001,4.472900000000004,6,2,4.0,0.3108784325917558,2,111.16,0,1,2,0.09856913,0.6751879,0.68320644,0.08884628,0.40152302,0.26106375,0.36937705,0.1918546,0.18455938,0.72732306,0.7975331,0.20628467,0.15903522,0.42905888,0.9963217,0.03520047,0.044619314,0.036417548,0.09557038,0.06311926,0.13769335,0.12553264,0.87693006,0.6482854,0.3146367,0.019464787,0.09579562,0.15638569,0.06266619,0.4732678,0.6889192,-5.170127,92.21028,123.50077,28.297754,-11.499611,2.8752694,3.6447835,96.12008,-3.3732657,9.573149,77.11775043936731,83.47978910369069,72.46045694200352,61.37082601054482,63.44463971880493,21.65202108963093,69.84182776801407,74.30579964850615,47.59226713532514,66.52021089630932,95.07908611599298,27.029876977152902,46.29173989455185,31.177504393673114,53.81370826010545,81.12478031634447,82.03866432337435,84.60456942003516,66.92442882249561,70.47451669595783,84.39367311072057,91.2829525483304,60.73813708260106,63.69068541300528,51.63444639718806,46.60808435852373,78.03163444639719,73.25131810193322,57.9261862917399,74.62214411247804,80.07029876977154,71.66959578207381,90.43936731107206,61.195079086116,83.23374340949034,71.56414762741653,63.79613356766257,83.16344463971882,70.12302284710019,64.00702987697716,43.44463971880492,71.45869947275924,37.15289982425308,84.99121265377856,93.91915641476275,67.31107205623903,58.87521968365554,76.16871704745168,90.5096660808436,80.94903339191565,44.49912126537786,89.17398945518454
CCCCC(CC)CO,130.231,2.1951000000000005,1,1,4.0,0.6045431522728564,1,20.23,0,0,0,0.02950244,0.98230755,0.88642895,0.19194844,0.0516811,0.1566973,0.008352576,0.42382112,0.024113143,0.30028072,0.0010808858,0.15749541,0.019657176,0.07021111,0.999952,0.0013368072,0.0068199337,0.0020609186,0.0021103676,0.0029825568,0.027565356,0.0017576456,0.982018,0.00601429,0.0108016,0.00037469916,0.005693533,0.003530838,0.0007038494,0.7459815,0.095410585,-4.011778,108.89758,45.531746,32.846382,-2.8389134,1.6427634,1.7108368,48.786266,-1.9382654,7.2170725,6.291739894551846,47.38137082601055,6.854130052724078,36.59050966608085,63.44463971880493,60.702987697715294,55.32513181019333,9.666080843585238,47.59226713532514,25.869947275922677,37.188049209138846,7.873462214411249,91.52899824253076,73.77855887521969,64.88576449912127,40.56239015817224,58.24253075571178,29.173989455184536,83.79613356766258,38.13708260105449,37.609841827768015,18.4182776801406,47.94376098418278,12.759226713532517,13.462214411247803,80.42179261862918,7.873462214411249,10.966608084358525,14.657293497363796,19.15641476274165,10.087873462214413,4.815465729349737,25.90509666080844,93.74340949033392,28.64674868189807,4.182776801405976,7.170474516695959,29.94727592267136,24.60456942003515,4.358523725834798,78.4182776801406,31.142355008787348,98.0316344463972,90.72056239015818,65.65905096660809,70.47451669595783,96.48506151142357,8.717047451669597,56.94200351493849,27.275922671353253,72.30228471001759,82.74165202108964
CCC(CC)COC(=O)CN[P@@](=O)(Oc1cccc(C)c1)OP(=O)(O)O,409.31200000000007,3.1602200000000025,6,3,4.0,0.372394427315866,1,131.39,0,1,2,0.055836506,0.62894374,0.7083906,0.26393157,0.4560069,0.27811974,0.26364937,0.15662766,0.481366,0.3822844,0.2115138,0.42474976,0.23387775,0.42666808,0.7610945,0.014756754,0.044715323,0.066693544,0.07690396,0.07240242,0.22745974,0.087120704,0.3846489,0.2439218,0.21936932,0.013581458,0.029039064,0.09909378,0.037061494,0.47052535,0.5008027,-5.712247,17.820675,51.800873,9.821913,-13.824213,2.7506263,1.7042404,88.91777,-1.6485513,0.98778325,67.55711775043937,63.65553602811951,72.46045694200352,78.20738137082601,63.44463971880493,29.701230228471005,55.32513181019333,81.792618629174,47.59226713532514,66.52021089630932,95.07908611599298,15.114235500878737,42.601054481546576,34.481546572934974,70.68541300527241,83.47978910369069,84.25307557117752,79.47275922671353,61.792618629174,84.56942003514939,44.49912126537786,68.64674868189807,89.3145869947276,73.39191564147627,51.45869947275923,21.40597539543058,58.34797891036907,73.28646748681899,66.78383128295255,71.10720562390159,81.8980667838313,85.94024604569421,86.36203866432338,29.455184534270654,65.16695957820738,63.971880492091394,57.50439367311073,61.546572934973646,64.28822495606327,54.51669595782074,43.05799648506152,62.84710017574693,19.191564147627417,34.481546572934974,69.9121265377856,39.613356766256594,42.6713532513181,68.96309314586995,56.8365553602812,67.6274165202109,75.60632688927944,45.37785588752197
CCC(CO)C(C)C,116.20399999999998,1.6609,1,1,4.0,0.5942430018912268,1,20.23,0,0,0,0.031306088,0.96583384,0.9263606,0.051179655,0.019485924,0.14743201,0.003636467,0.40601355,0.009993173,0.25470588,0.0003973387,0.19566064,0.017176326,0.0652534,0.9998592,0.0012182198,0.006060973,0.001377437,0.0010734776,0.0026360352,0.026670912,0.0010367099,0.97063285,0.0022895478,0.0080636665,0.00024343022,0.0029098834,0.001956902,0.0004659397,0.6993382,0.05794247,-3.9691844,101.53027,35.900196,29.431677,-2.9711132,1.585779,1.3228226,38.73186,-1.1856458,6.5220785,4.850615114235501,39.75395430579965,6.854130052724078,36.59050966608085,63.44463971880493,59.26186291739895,55.32513181019333,9.666080843585238,47.59226713532514,25.869947275922677,37.188049209138846,8.365553602811952,83.69068541300528,88.50615114235502,47.0298769771529,25.096660808435853,55.21968365553603,19.226713532513184,83.02284710017575,24.9560632688928,32.68892794376099,12.302284710017576,57.96133567662567,11.282952548330403,12.40773286467487,71.91564147627417,7.029876977152901,8.857644991212654,11.458699472759228,11.493848857644991,8.400702987697716,4.428822495606327,19.086115992970125,87.87346221441126,20.562390158172235,2.565905096660809,4.991212653778559,19.297012302284717,18.383128295254835,3.1282952548330405,72.93497363796135,25.869947275922677,98.55887521968369,88.78734622144113,58.734622144112485,68.33040421792619,96.37961335676628,7.170474516695959,50.333919156414765,19.613356766256597,81.51142355008788,80.49209138840071
CCC(C)(C)C=O,100.16099999999996,1.6215,1,0,4.0,0.4817801559463606,0,17.07,0,1,1,0.14264567,0.97895193,0.93326455,0.14277676,0.048879307,0.2047863,0.0071287067,0.23654774,0.0032596798,0.36675778,0.0004741949,0.2671464,0.01845172,0.17131823,0.9998701,0.0029405367,0.004568145,0.0019916533,0.0017655132,0.004361843,0.036510713,0.004542544,0.9810953,0.0015737282,0.02184543,0.0016937811,0.008929302,0.0031465713,0.0020802873,0.71221334,0.028413374,-3.82738,114.592026,48.057434,14.612414,-1.609142,1.3563473,1.2563761,38.12956,-1.3060671,2.2225938,3.866432337434096,39.472759226713535,6.854130052724078,11.63444639718805,63.44463971880493,43.514938488576455,22.601054481546576,8.383128295254833,47.59226713532514,66.52021089630932,83.09314586994728,36.44991212653779,89.49033391915643,91.14235500878736,60.66783831282953,39.85940246045695,70.96660808435853,27.10017574692443,71.77504393673111,9.947275922671354,42.95254833040422,13.673110720562391,72.16168717047452,11.95079086115993,30.861159929701238,72.58347978910369,17.223198594024606,4.92091388400703,14.305799648506152,17.117750439367313,15.957820738137084,10.439367311072058,43.79613356766257,93.53251318101934,17.785588752196837,11.107205623901583,22.00351493848858,38.87521968365554,23.33919156414763,10.123022847100176,74.23550087873463,17.504393673110723,99.54305799648508,91.95079086115994,67.31107205623903,48.54130052724078,97.2231985940246,3.163444639718805,49.24428822495607,19.261862917398947,80.0,57.04745166959579
CCC(CO)CC(C)C(CC)CO,188.31099999999995,2.0496000000000003,2,2,4.0,0.6416901506400089,3,40.46,0,0,0,0.028002191,0.91732585,0.854107,0.0054754117,0.007540827,0.1042213,0.0022403682,0.39022836,0.025189888,0.21863127,0.00084414304,0.17210548,0.019533712,0.033209328,0.9989756,0.001423612,0.0070811613,0.0005627786,0.00086142635,0.0029871366,0.025821635,0.00075981155,0.92321044,0.0043422007,0.009898735,9.606454e-05,0.002408395,0.0012955777,0.00038925651,0.79472744,0.11153561,-4.1052103,91.76574,29.526031,37.68241,-5.8770204,1.7651541,1.2659562,37.21531,-1.1969043,9.196289,16.063268892794376,45.37785588752197,17.10017574692443,61.37082601054482,63.44463971880493,65.58875219683657,76.60808435852373,23.02284710017575,47.59226713532514,25.869947275922677,37.188049209138846,7.521968365553604,71.52899824253076,64.49912126537787,25.237258347978912,12.372583479789103,38.69947275922672,14.586994727592268,81.86291739894553,38.76977152899825,28.892794376098426,17.188049209138843,52.16168717047452,12.65377855887522,6.924428822495607,56.13356766256591,8.260105448154658,11.493848857644991,6.783831282952549,9.455184534270652,10.123022847100176,3.725834797891037,15.92267135325132,70.40421792618629,25.869947275922677,3.5500878734622145,2.0386643233743413,16.590509666080845,14.657293497363796,2.776801405975396,84.56942003514939,32.68892794376099,96.87170474516697,84.88576449912128,53.74340949033392,74.62214411247804,91.2829525483304,12.583479789103691,49.38488576449912,18.875219683655537,81.37082601054482,88.29525483304043
CCC(CC)COC(=O)[C@H](C)N[P@](=O)(O)Oc1ccccc1O,345.33200000000005,2.8289000000000013,5,3,4.0,0.4667012621634068,2,105.09,0,1,2,0.08163847,0.6336263,0.7659554,0.16572301,0.20388791,0.2591217,0.12567136,0.25791723,0.2391175,0.47477952,0.14328696,0.19260077,0.20191452,0.25925034,0.97960246,0.01726688,0.03719746,0.06953813,0.05402707,0.06603195,0.17016962,0.05996584,0.6736918,0.20524219,0.1477292,0.015151156,0.05174815,0.12375097,0.038392186,0.49567634,0.4859708,-5.2827425,41.967033,59.771553,2.838251,-11.865328,3.0677803,2.572078,83.32994,-2.2250123,4.611676,52.68892794376099,58.62917398945519,61.880492091388405,78.20738137082601,63.44463971880493,42.14411247803164,69.84182776801407,70.96660808435853,47.59226713532514,66.52021089630932,95.07908611599298,23.163444639718808,42.91739894551846,43.831282952548335,62.88224956063269,65.48330404217927,81.792618629174,68.89279437609842,73.91915641476275,73.77855887521969,52.89982425307558,63.23374340949034,57.188049209138846,70.29876977152901,40.03514938488577,35.85237258347979,62.31985940246047,66.36203866432338,67.20562390158173,65.09666080843586,80.66783831282953,79.36731107205624,82.35500878734622,42.39015817223199,62.636203866432346,54.09490333919157,59.472759226713535,73.25131810193322,67.17047451669596,55.43057996485062,45.694200351493855,62.03866432337435,31.45869947275923,58.558875219683664,74.93848857644991,26.818980667838314,55.99297012302285,84.78031634446398,72.37258347978911,59.472759226713535,67.10017574692444,72.37258347978911
CCC(CC)CCl,120.623,2.6614000000000013,0,0,4.0,0.5026999948016785,0,0.0,0,1,1,0.137142,0.99405134,0.9171096,0.68827355,0.13773851,0.17952493,0.011558791,0.37306958,0.017444275,0.45690805,0.001845909,0.17041063,0.015635956,0.13819535,0.99999535,0.002009022,0.006231442,0.004956587,0.0031347512,0.003737269,0.040657178,0.0022974417,0.994065,0.0037305027,0.017307382,0.0014969095,0.009977053,0.005639778,0.001973301,0.8040347,0.080090836,-4.049352,131.42807,76.86742,48.497066,1.3337826,1.5954107,2.6195729,65.90422,-3.5826213,9.806963,5.166959578207382,55.782073813708266,1.933216168717048,11.63444639718805,63.44463971880493,46.78383128295256,22.601054481546576,1.810193321616872,47.59226713532514,66.52021089630932,83.09314586994728,35.50087873462215,98.69947275922672,84.99121265377856,87.17047451669596,57.750439367311074,65.13181019332163,34.059753954305805,81.30052724077329,33.07557117750439,51.07205623901582,22.03866432337434,51.91564147627417,10.333919156414764,25.413005272407734,93.88400702987698,11.599297012302284,9.2091388400703,27.416520210896312,23.72583479789104,13.49736379613357,13.532513181019333,31.00175746924429,98.87521968365554,24.850615114235502,7.943760984182777,20.45694200351494,41.44112478031635,30.017574692442885,9.947275922671354,85.37785588752197,29.173989455184536,97.68014059753956,95.11423550087876,83.05799648506152,80.7029876977153,99.7188049209139,7.451669595782074,73.14586994727593,41.792618629174,40.56239015817224,89.66608084358525
CCC(CC)COC(O)[C@H](C)NP1(=O)Oc2ccccc2O1,329.333,3.3152000000000017,5,2,4.0,0.5627020999508954,2,77.02000000000001,0,2,2,0.13365044,0.94953346,0.8857461,0.41631976,0.59429795,0.23937714,0.30047882,0.4689603,0.28290647,0.63890177,0.5328291,0.13584432,0.12462088,0.41581067,0.99997854,0.0025187568,0.020556271,0.0855021,0.04891563,0.00807747,0.06560156,0.0066074445,0.97981465,0.37292695,0.0793962,0.0031059836,0.014727277,0.06780958,0.0037297637,0.44750056,0.71003103,-4.947228,60.362617,72.95443,22.153496,-9.037252,2.872851,3.3567948,94.13318,-3.9375076,6.546941,48.99824253075572,66.11599297012303,61.880492091388405,61.37082601054482,63.44463971880493,55.32513181019333,69.84182776801407,51.9859402460457,47.59226713532514,87.9261862917399,95.07908611599298,34.62214411247803,78.10193321616872,73.56766256590511,78.13708260105449,88.36555360281196,77.89103690685414,81.0896309314587,85.69420035149386,76.3444639718805,72.40773286467487,83.72583479789104,41.93321616871705,56.94200351493849,50.54481546572936,86.18629173989456,15.114235500878737,41.47627416520211,69.38488576449913,63.23374340949034,29.701230228471005,35.254833040421794,50.57996485061512,92.61862917398946,72.44288224956064,38.34797891036907,30.615114235500883,48.43585237258348,58.98066783831283,16.520210896309315,39.96485061511424,72.54833040421794,49.24428822495607,70.26362038664324,81.65202108963094,60.87873462214412,76.59050966608085,75.99297012302286,86.01054481546574,76.87170474516697,33.53251318101933,80.597539543058
CCC(C)C(CC)CO,130.231,2.0510000000000006,1,1,4.0,0.6172037423729706,2,20.23,0,0,0,0.036512725,0.97287977,0.90192616,0.05766076,0.03001831,0.13890783,0.0054576406,0.4278067,0.019121934,0.29815507,0.00076271815,0.17705865,0.020525927,0.0559072,0.99989974,0.0011451546,0.0058539496,0.0011694327,0.0013178921,0.0029838241,0.026633421,0.0011640973,0.9765011,0.003820587,0.008418866,0.00021788152,0.0036822904,0.0026264833,0.00047421904,0.7671523,0.093961105,-4.0407777,112.73781,51.49682,36.872093,-2.5046947,1.6066669,1.7467655,47.804585,-1.8762815,8.18538,6.291739894551846,45.37785588752197,6.854130052724078,36.59050966608085,63.44463971880493,62.42530755711776,69.84182776801407,9.666080843585238,47.59226713532514,25.869947275922677,37.188049209138846,9.595782073813709,86.32688927943762,79.75395430579965,48.506151142355016,31.985940246045697,52.12653778558876,23.374340949033392,83.93673110720563,34.27065026362039,37.3286467486819,16.449912126537786,53.35676625659051,13.075571177504395,10.86115992970123,74.0597539543058,6.502636203866433,8.189806678383128,9.876977152899824,13.49736379613357,10.123022847100176,4.428822495606327,20.84358523725835,91.2829525483304,25.13181019332162,2.776801405975396,4.674868189806679,22.24956063268893,21.40597539543058,3.1282952548330405,81.30052724077329,30.861159929701238,97.85588752196836,91.73989455184535,69.84182776801407,73.91915641476275,96.76625659050968,7.908611599297013,57.46924428822496,26.32688927943761,72.82952548330405,85.3427065026362
CCCC(C)C=O,100.161,1.6215,1,0,4.0,0.4923993182856671,1,17.07,0,1,1,0.18420951,0.9920319,0.943297,0.2940808,0.06021409,0.20718515,0.006011796,0.2422709,0.003574996,0.36329594,0.00051853084,0.2283074,0.017663706,0.20269509,0.99998486,0.0016633958,0.0047137598,0.0026461326,0.0014627692,0.0017327697,0.028119331,0.0023125084,0.9882487,0.0012596843,0.011621889,0.0012855657,0.006406636,0.0014697078,0.0012041645,0.73810565,0.026717007,-3.8672168,113.462906,46.63523,14.710993,-1.5413175,1.4433779,1.4229857,41.759514,-1.421436,2.535091,3.866432337434096,39.472759226713535,6.854130052724078,11.63444639718805,63.44463971880493,45.27240773286468,55.32513181019333,8.383128295254833,47.59226713532514,66.52021089630932,83.09314586994728,44.147627416520216,97.46924428822496,94.02460456942003,72.26713532513182,43.05799648506152,71.56414762741653,24.74516695957821,72.37258347978911,11.528998242530756,42.63620386643234,14.200351493848858,65.02636203866433,11.528998242530756,34.86818980667839,88.18980667838314,9.876977152899824,5.237258347978911,17.574692442882252,14.551845342706503,4.885764499121266,5.166959578207382,31.142355008787348,96.59050966608083,16.063268892794376,4.428822495606327,18.312829525483306,32.26713532513181,16.063268892794376,6.1862917398945525,77.60984182776802,16.520210896309315,99.33216168717048,91.8804920913884,66.4323374340949,48.7170474516696,97.3286467486819,4.288224956063269,52.02108963093146,21.61687170474517,78.5237258347979,59.29701230228471
CCC(CC)COC(=O)[C@@](C)(N[P@](=O)(O)Oc1ccccc1)C(=O)O,373.3420000000001,2.5781,5,3,4.0,0.3249157567716995,2,122.16,0,2,2,0.02746587,0.5372792,0.7630132,0.1166774,0.3237739,0.35012087,0.2840019,0.07954405,0.14154308,0.35338455,0.14564112,0.36565834,0.17717317,0.52263355,0.842136,0.020052418,0.06665979,0.029370043,0.034349263,0.05870549,0.18513933,0.12685345,0.35892758,0.15555476,0.16587868,0.013915621,0.02470783,0.0371762,0.033407774,0.38112938,0.2372076,-5.501596,17.68558,34.960094,-9.337708,-11.826086,2.9159145,0.9189957,84.9282,-1.6134119,1.2096831,59.367311072056246,53.919156414762746,61.880492091388405,78.20738137082601,63.44463971880493,23.40949033391916,69.84182776801407,79.5079086115993,47.59226713532514,87.9261862917399,95.07908611599298,7.275922671353252,35.430579964850615,43.23374340949034,58.277680140597546,75.64147627416521,92.23198594024603,80.28119507908612,41.30052724077329,66.39718804920915,41.93321616871705,63.3743409490334,84.42882249560634,66.5377855887522,56.41476274165203,23.90158172231986,66.11599297012303,84.74516695957821,55.07908611599297,57.71528998242531,78.66432337434095,81.65202108963094,90.5096660808436,28.40070298769772,58.558875219683664,57.22319859402461,57.89103690685413,58.734622144112485,51.00175746924429,52.513181019332166,31.52899824253076,45.51845342706503,23.7609841827768,34.376098418277685,58.06678383128296,8.295254833040422,56.30931458699473,78.48857644991213,44.56942003514939,61.26537785588753,76.16871704745168,48.189806678383135
CCC(CC)COCO,132.203,1.389,2,1,4.0,0.5726605193890861,0,29.46,0,1,1,0.039073884,0.9763772,0.92886055,0.10338479,0.045070577,0.16897663,0.0061828257,0.37369055,0.010209912,0.29914078,0.0007100566,0.16420457,0.016975518,0.1073367,0.99993324,0.0012655733,0.0068713203,0.0021069907,0.0015941563,0.0024084984,0.02843691,0.0015631763,0.9760887,0.0033772145,0.008712182,0.00040522526,0.0033490262,0.0025272737,0.0006090379,0.6722476,0.06234894,-3.9930923,104.14046,39.941963,30.888165,-3.6192684,1.6288617,1.5820509,45.781902,-1.4722775,6.9753494,6.748681898066785,36.52021089630932,17.10017574692443,36.59050966608085,63.44463971880493,56.695957820738144,22.601054481546576,14.657293497363796,47.59226713532514,66.52021089630932,83.09314586994728,10.369068541300528,87.97891036906854,89.59578207381372,56.20386643233744,38.80492091388401,62.284710017574696,25.026362038664324,81.33567662565906,25.20210896309315,37.46924428822496,15.992970123022848,49.94727592267136,11.24780316344464,20.316344463971884,77.60984182776802,7.275922671353252,11.107205623901583,14.868189806678384,15.711775043936733,7.521968365553604,5.413005272407734,24.28822495606327,91.1072056239016,23.90158172231986,2.987697715289982,7.627416520210897,21.0896309314587,21.01933216168717,3.796133567662566,69.66608084358525,26.818980667838314,98.34797891036908,89.42003514938489,61.72231985940247,68.92794376098419,95.60632688927944,8.471001757469246,54.86818980667839,24.99121265377856,77.89103690685414,82.24956063268894
CCC(CC)COC(=O)[C@H](CC(CC)CC)N[P@](=O)(O)Oc1ccccc1,399.4680000000001,4.929700000000006,4,2,4.0,0.3613564624477183,2,84.86,0,1,2,0.04343549,0.81228733,0.7427597,0.096953355,0.33438617,0.28479525,0.27420008,0.32075632,0.22046378,0.68674695,0.36835927,0.15918693,0.12488214,0.36960813,0.9990056,0.008000055,0.022903163,0.024004688,0.06287925,0.04713112,0.13837525,0.092425674,0.9204,0.6941344,0.20615888,0.0058580195,0.058344472,0.25092188,0.026279563,0.5080058,0.74735075,-5.167945,80.088234,105.89198,40.70054,-8.694704,2.6431587,3.648148,95.74521,-3.537017,10.404068,65.37785588752197,87.97891036906854,48.55887521968366,61.37082601054482,63.44463971880493,28.1195079086116,69.84182776801407,57.9261862917399,47.59226713532514,66.52021089630932,95.07908611599298,11.458699472759228,58.38312829525484,39.71880492091389,55.07908611599297,76.30931458699473,85.23725834797892,79.89455184534272,78.20738137082601,72.54833040421794,78.91036906854131,77.5395430579965,48.471001757469246,56.94200351493849,47.94376098418278,56.48506151142355,41.12478031634447,45.834797891036914,51.91564147627417,68.2249560632689,73.95430579964851,71.81019332161688,86.95957820738138,69.59578207381371,85.13181019332163,62.284710017574696,40.98418277680141,75.43057996485062,76.87170474516697,47.697715289982426,47.873462214411255,75.28998242530757,37.25834797891037,79.68365553602813,91.1072056239016,76.2390158172232,78.80492091388402,62.7768014059754,90.54481546572936,80.1054481546573,41.54657293497364,90.896309314587
CCC(CC)C1OC(O)O1,146.18599999999998,1.0714,3,1,4.0,0.6469246061278711,0,38.69,0,0,0,0.5152775,0.9710043,0.9275665,0.14780918,0.28300127,0.18823862,0.023000905,0.17921743,0.0051335273,0.44831195,0.0063693495,0.19383097,0.017026128,0.31838506,0.9997047,0.0032940102,0.006573615,0.0083661955,0.009687927,0.006751614,0.049707554,0.007844745,0.95366764,0.0075996905,0.055199794,0.0032530993,0.012196338,0.011145888,0.0043191803,0.69683015,0.05730191,-4.3047585,66.31659,20.683086,13.93162,-6.9047546,2.058846,1.5431536,51.347248,-1.4789437,4.430204,8.822495606326891,32.37258347978911,32.653778558875224,36.59050966608085,63.44463971880493,66.36203866432338,22.601054481546576,21.423550087873465,47.59226713532514,25.869947275922677,37.188049209138846,80.14059753954307,85.90509666080844,88.92794376098419,61.05448154657294,72.93497363796135,67.20562390158173,43.514938488576455,65.13181019332163,16.063268892794376,50.26362038664324,31.247803163444644,57.53954305799649,11.24780316344464,44.42882249560633,66.74868189806679,19.15641476274165,10.22847100175747,36.30931458699473,39.89455184534271,24.81546572934974,21.124780316344467,53.63796133567663,80.38664323374341,31.00175746924429,29.912126537785596,31.353251318101936,44.88576449912127,36.59050966608085,18.66432337434095,72.72407732864676,25.83479789103691,92.688927943761,73.1810193321617,45.51845342706503,47.27592267135326,88.57644991212655,26.256590509666083,54.34094903339192,29.279437609841832,77.71528998242532,71.52899824253076
CC=C(C=O)CC,98.145,1.5416,1,0,4.0,0.3779570547631942,0,17.07,0,2,1,0.44285926,0.98530436,0.91502315,0.26001638,0.052744985,0.19973321,0.007788147,0.15157102,0.0038922825,0.38270885,0.0007890073,0.31107602,0.028268075,0.22153354,0.99992543,0.0095397085,0.005824638,0.004507635,0.0025313664,0.004623654,0.03357002,0.008687583,0.97644484,0.0006862297,0.056665897,0.008047744,0.028469507,0.002613726,0.0086858105,0.79416627,0.019729374,-3.916143,99.18866,41.718266,1.806031,-3.8963037,1.7580315,0.96307504,34.220444,-0.7197614,-0.94967234,3.796133567662566,38.03163444639719,6.854130052724078,11.63444639718805,63.44463971880493,30.26362038664324,22.601054481546576,8.383128295254833,47.59226713532514,87.9261862917399,83.09314586994728,73.63796133567664,93.35676625659052,84.21792618629175,70.33391915641477,40.73813708260106,69.63093145869948,28.014059753954307,60.77328646748683,12.548330404217928,44.53427065026362,16.695957820738137,78.48857644991213,18.066783831282955,36.66080843585237,76.66080843585237,46.010544815465735,8.154657293497365,25.65905096660809,21.370826010544818,17.012302284710017,8.400702987697716,55.88752196836556,91.24780316344464,11.423550087873464,30.439367311072058,46.36203866432338,61.08963093145871,21.40597539543058,27.59226713532513,84.49912126537787,12.548330404217928,99.0158172231986,88.01405975395431,62.95254833040423,25.06151142355009,95.28998242530756,12.33743409490334,45.23725834797892,17.258347978910372,87.20562390158173,26.04569420035149
CCC(CC)COP(=O)(O)O,182.156,1.5318999999999998,2,2,4.0,0.6325177238833111,0,66.76,0,1,0,0.010976635,0.66525286,0.72433627,0.01458523,0.042263728,0.1399341,0.024396565,0.09658968,0.045888394,0.11563337,0.0007671414,0.29056838,0.03838968,0.12575206,0.8618325,0.0029249466,0.01547513,0.0031282646,0.0036796934,0.017885681,0.08579264,0.009953642,0.28730735,0.015406847,0.04075758,0.0006854924,0.005809545,0.010343391,0.0024136014,0.4567067,0.054437242,-5.2289906,34.31962,5.4697,0.32750243,-11.80968,1.8094113,0.7937339,51.084373,-0.6375642,3.4047158,14.83304042179262,37.99648506151143,17.10017574692443,61.37082601054482,63.44463971880493,64.42882249560633,22.601054481546576,44.56942003514939,47.59226713532514,66.52021089630932,37.188049209138846,2.9525483304042184,45.41300527240774,36.8365553602812,34.16520210896309,37.82073813708261,52.68892794376099,44.60456942003516,46.39718804920914,47.80316344463972,17.750439367311074,16.520210896309315,75.57117750439367,25.413005272407734,22.95254833040422,24.46397188049209,17.223198594024606,31.423550087873465,19.929701230228478,25.869947275922677,51.493848857645,48.471001757469246,58.17223198594025,25.799648506151144,36.59050966608085,22.31985940246046,11.282952548330403,30.40421792618629,36.02811950790861,11.775043936731109,41.335676625659055,25.20210896309315,34.20035149384886,52.37258347978911,29.384885764499124,22.88224956063269,56.44991212653779,14.376098418277682,42.81195079086116,28.998242530755714,87.97891036906854,65.48330404217927
CCC(CC)C(O)C#N,127.18699999999998,1.30708,2,1,4.0,0.5806856143973999,1,44.02,0,1,1,0.02519972,0.9515665,0.9333972,0.06509031,0.033997532,0.19741541,0.0071685365,0.29585594,0.0071708076,0.2929073,0.0010799844,0.15726483,0.019288667,0.13560615,0.99984133,0.0015668347,0.0077124173,0.0022321853,0.0016127778,0.002671736,0.024655519,0.001808615,0.9663728,0.0017696328,0.008698622,0.00048207887,0.0037780441,0.0023331442,0.0008295885,0.54731214,0.03686995,-4.039551,64.41252,24.884878,19.641735,-5.040559,2.7180212,1.2408129,32.599155,-0.958945,2.434859,5.834797891036907,35.32513181019333,17.10017574692443,36.59050966608085,63.44463971880493,57.750439367311074,55.32513181019333,26.29173989455185,47.59226713532514,66.52021089630932,83.09314586994728,6.818980667838313,78.84007029876977,91.21265377855887,49.94727592267136,33.88400702987698,68.92794376098419,27.17047451669596,76.59050966608085,20.808435852372583,37.04745166959579,18.383128295254835,47.80316344463972,12.618629173989456,24.88576449912127,70.82601054481547,9.2091388400703,12.864674868189809,15.676625659050968,15.782073813708262,8.506151142355009,2.9173989455184537,26.15114235500879,85.30755711775045,18.558875219683657,2.9525483304042184,8.717047451669597,22.95254833040422,20.246045694200355,4.885764499121266,53.60281195079087,20.492091388400706,97.89103690685414,72.26713532513182,49.42003514938489,57.32864674868191,93.286467486819,67.1353251318102,48.96309314586996,16.485061511423552,84.11247803163445,58.69947275922672
CCCCO,74.12299999999999,0.7787999999999999,1,1,4.0,0.5128217987135146,0,20.23,0,0,0,0.048225053,0.9830386,0.9464881,0.16917588,0.027039781,0.18683767,0.003958826,0.22046593,0.002113449,0.23835763,0.00015679101,0.20625778,0.011714909,0.16507797,0.9999668,0.0012900685,0.004487946,0.0025274218,0.0010296939,0.001626116,0.021800902,0.0020376293,0.9775524,0.00083875936,0.010011924,0.0007786539,0.00453679,0.0016858183,0.0008392922,0.5793498,0.013783611,-3.8924599,75.019485,1.6261132,14.306772,-4.412739,1.6664499,0.37667793,21.473959,0.15416622,3.4287477,2.319859402460457,29.736379613356767,6.854130052724078,36.59050966608085,63.44463971880493,48.04920913884008,22.601054481546576,9.666080843585238,47.59226713532514,25.869947275922677,37.188049209138846,12.864674868189809,91.91564147627416,94.72759226713534,62.98769771528999,30.193321616871707,66.88927943760984,20.035149384885766,70.26362038664324,6.818980667838313,31.634446397188054,6.71353251318102,60.73813708260106,8.014059753954307,30.123022847100177,83.44463971880492,7.416520210896309,4.780316344463972,17.082601054481547,11.142355008787348,4.463971880492092,1.968365553602812,28.365553602811957,91.73989455184535,13.286467486818982,3.690685413005273,12.33743409490334,26.01054481546573,17.012302284710017,4.885764499121266,57.60984182776802,8.330404217926187,99.12126537785588,77.29349736379613,25.799648506151144,47.80316344463972,94.481546572935,9.314586994727591,36.09841827768015,9.84182776801406,94.83304042179265,65.5536028119508
CCC(C)CCO,102.177,1.4149,1,1,4.0,0.5709677520374143,1,20.23,0,0,0,0.030193966,0.9819484,0.92436665,0.18245529,0.056542255,0.16962703,0.007644934,0.33336976,0.006925255,0.29770714,0.0004282977,0.17661051,0.012140438,0.102304995,0.99997663,0.0008821936,0.004229519,0.0018253133,0.001557536,0.002328664,0.024921015,0.0018560443,0.98616135,0.002387287,0.00939177,0.00042423798,0.004322283,0.0029078207,0.00055383926,0.68691885,0.040947035,-3.9906433,94.912834,28.233074,29.699457,-3.1120315,1.6687342,1.2402098,39.63877,-1.0545585,7.1143694,4.077328646748683,36.8365553602812,6.854130052724078,36.59050966608085,63.44463971880493,56.37961335676626,55.32513181019333,9.666080843585238,47.59226713532514,25.869947275922677,37.188049209138846,8.014059753954307,91.31810193321616,87.83831282952549,63.93673110720563,42.00351493848858,62.39015817223199,27.90861159929701,79.0158172231986,20.28119507908612,37.22319859402461,12.829525483304044,53.25131810193322,8.224956063268893,19.40246045694201,85.72934973637962,4.569420035149386,4.147627416520211,13.673110720562391,15.395430579964852,7.135325131810194,3.0228471001757478,26.60808435852373,95.8523725834798,20.84358523725835,3.4094903339191567,7.908611599297013,25.096660808435853,22.530755711775047,3.655536028119508,71.38840070298771,21.757469244288227,98.4182776801406,86.18629173989456,52.68892794376099,68.54130052724078,96.20386643233743,9.349736379613358,48.927943760984185,20.316344463971884,82.7768014059754,82.53075571177506
CCC(C)(C)COC(=O)O,146.18599999999998,2.1172,2,1,4.0,0.6201134185047543,0,46.53,0,0,0,0.024395624,0.7779991,0.8855974,0.003832978,0.00942533,0.16527501,0.004123668,0.12726295,0.010686457,0.17435496,7.494085e-05,0.26511034,0.037532046,0.1006436,0.9813746,0.0022872372,0.006551212,0.0006350797,0.0009796701,0.012347363,0.060177367,0.009209568,0.61444694,0.002609738,0.024009211,0.00060534454,0.0038961216,0.0038693429,0.0020678265,0.565879,0.028505709,-4.2416253,73.209724,25.808905,-16.347864,-5.109315,1.7818083,0.49017626,69.132935,-2.0092113,0.27551502,8.822495606326891,46.36203866432338,17.10017574692443,36.59050966608085,63.44463971880493,62.98769771528999,22.601054481546576,28.26010544815466,47.59226713532514,25.869947275922677,37.188049209138846,6.608084358523726,55.149384885764505,73.46221441124781,22.530755711775047,14.797891036906856,61.37082601054482,20.597539543058,55.36028119507909,25.869947275922677,24.077328646748683,4.147627416520211,71.8804920913884,25.026362038664324,19.086115992970125,36.44991212653779,13.462214411247803,10.123022847100176,7.205623901581723,10.685413005272409,41.51142355008788,30.896309314587,56.62565905096661,38.91036906854131,21.687170474516694,12.618629173989456,10.193321616871703,23.620386643233747,26.04569420035149,10.123022847100176,55.85237258347979,17.504393673110723,94.51669595782074,76.3444639718805,50.4042179261863,3.233743409490334,93.14586994727593,13.251318101933215,38.34797891036907,45.09666080843586,70.96660808435853,37.78558875219684
COC(=O)O,76.051,0.3107999999999999,2,1,4.0,0.4221948749176473,0,46.53,0,0,0,0.037610628,0.84665143,0.83954257,0.004699006,0.00728387,0.17614749,0.00428057,0.038941674,0.006211357,0.09971817,9.367957e-05,0.443998,0.07431424,0.24676022,0.9599907,0.0033432697,0.007952208,0.0032956444,0.0005723334,0.0050388025,0.03331692,0.004416492,0.28284818,0.0008836776,0.0326251,0.0012582442,0.0048627346,0.0012758921,0.003365464,0.41773528,0.010757915,-4.68378,11.03705,-26.321545,-4.7792273,-8.976817,1.7757753,-1.842473,34.03902,0.1749123,0.05956745,2.460456942003515,25.51845342706503,17.10017574692443,36.59050966608085,63.44463971880493,35.95782073813709,22.601054481546576,28.26010544815466,47.59226713532514,25.869947275922677,37.188049209138846,9.947275922671354,61.968365553602816,60.140597539543066,23.97188049209139,12.056239015817225,64.18277680140598,21.01933216168717,26.04569420035149,18.594024604569423,15.254833040421794,4.885764499121266,90.33391915641477,42.24956063268893,38.91036906854131,32.16168717047452,19.33216168717048,13.181019332161688,20.949033391915645,7.135325131810194,18.66432337434095,8.189806678383128,43.30404217926187,25.62390158172232,13.567662565905096,17.926186291739896,17.996485061511425,27.59226713532513,14.586994727592268,15.360281195079088,36.37961335676626,6.39718804920914,67.87346221441125,27.10017574692443,4.499121265377856,14.305799648506152,76.73110720562391,12.9701230228471,9.666080843585238,17.223198594024606,95.0439367311072,35.606326889279444
CCC(C)CC=O,100.161,1.6215,1,0,4.0,0.4923993182856671,1,17.07,0,1,1,0.14156125,0.9916875,0.9328949,0.23371752,0.06001349,0.20067878,0.0057070134,0.25936216,0.004672483,0.37145925,0.0004081404,0.2374827,0.019247562,0.14458199,0.9999857,0.0016862506,0.0039173514,0.0017359303,0.0013940661,0.0022582083,0.028129164,0.003025414,0.9893562,0.0012140786,0.013014095,0.0012092886,0.0074762306,0.0018145388,0.0012415929,0.7720608,0.03108612,-3.880389,106.454666,43.679806,16.549906,-1.5193651,1.625191,1.4006126,41.21396,-1.4608767,2.7134504,3.866432337434096,39.472759226713535,6.854130052724078,11.63444639718805,63.44463971880493,45.27240773286468,55.32513181019333,8.383128295254833,47.59226713532514,66.52021089630932,83.09314586994728,36.37961335676626,97.25834797891038,91.07205623901582,68.33040421792619,43.02284710017575,69.8066783831283,24.04217926186292,74.02460456942003,14.657293497363796,43.33919156414763,12.442882249560634,66.36203866432338,12.618629173989456,26.643233743409493,88.36555360281196,9.98242530755712,3.725834797891037,13.42706502636204,14.165202108963094,6.783831282952549,5.166959578207382,36.41476274165203,96.94200351493848,15.817223198594029,5.166959578207382,17.469244288224957,35.149384885764505,17.715289982425308,6.291739894551846,81.96836555360282,18.558875219683657,99.2267135325132,90.1230228471002,64.4639718804921,52.26713532513182,97.3286467486819,8.435852372583481,51.70474516695958,21.33567662565905,77.96133567662567,60.702987697715294
CCC(CCO)COC(O)O,164.20100000000002,-0.3201999999999999,4,3,4.0,0.4704667166957716,1,69.92,0,1,1,0.037137695,0.702912,0.8264332,0.0027293733,0.010319779,0.102414764,0.0029470494,0.11279831,0.008678926,0.10262136,0.00022826213,0.2675611,0.020144124,0.09745943,0.94399595,0.0036135588,0.010232354,0.0019914978,0.001473338,0.0061172126,0.040319182,0.0029691537,0.42384705,0.0018952824,0.021366213,0.000595447,0.003675192,0.0025284865,0.0018515453,0.58347386,0.026574712,-4.7980347,55.89032,-9.035986,15.009378,-11.911815,1.1353048,-0.15606622,24.585697,-0.24505548,5.694909,11.739894551845344,18.945518453427063,48.55887521968366,78.20738137082601,63.44463971880493,42.63620386643234,55.32513181019333,46.57293497363796,47.59226713532514,66.52021089630932,83.09314586994728,9.806678383128297,48.43585237258348,57.15289982425308,20.351493848857647,15.992970123022848,38.13708260105449,17.223198594024606,51.00175746924429,23.47978910369069,15.817223198594029,8.365553602811952,72.23198594024605,12.864674868189809,18.558875219683657,30.333919156414765,20.808435852372583,18.804920913884008,14.305799648506152,14.622144112478033,22.671353251318106,13.181019332161688,36.063268892794376,30.931458699472763,19.086115992970125,10.720562390158172,10.052724077328648,22.24956063268893,21.01933216168717,9.455184534270652,58.17223198594025,16.485061511423552,59.43760984182777,67.69771528998243,15.571177504393674,49.06854130052725,55.64147627416521,1.0896309314586996,27.978910369068544,11.70474516695958,92.12653778558877,77.4340949033392
CCC1COC(O)OC1C,146.18599999999998,0.7238,3,1,4.0,0.5921779063817376,3,38.69,0,0,0,0.39748046,0.9771701,0.9599663,0.13857004,0.20105466,0.19422309,0.013970275,0.16691217,0.0024247454,0.37095723,0.0018260855,0.16200335,0.013130379,0.3568998,0.99993724,0.001293694,0.004617156,0.0057541765,0.0043329266,0.0023713429,0.034160163,0.0028983515,0.95662516,0.002917923,0.022378221,0.0013279597,0.0048520504,0.005001935,0.0014444818,0.6039014,0.030568969,-4.2606735,69.52994,8.235104,10.870171,-7.4144974,1.5536901,0.8277267,35.416283,-0.5381552,3.3250976,8.822495606326891,29.314586994727595,32.653778558875224,36.59050966608085,63.44463971880493,58.98066783831283,76.60808435852373,21.423550087873465,47.59226713532514,25.869947275922677,37.188049209138846,70.05272407732865,88.50615114235502,98.13708260105447,60.45694200351495,65.16695957820738,68.33040421792619,36.52021089630932,63.40949033391916,7.451669595782074,43.33919156414763,22.00351493848858,49.24428822495607,8.752196836555362,47.0298769771529,78.17223198594026,7.451669595782074,5.026362038664324,29.490333919156416,28.08435852372584,7.311072056239016,8.927943760984183,35.71177504393673,81.47627416520211,22.63620386643234,11.599297012302284,18.73462214411248,27.521968365553604,28.78734622144113,7.275922671353252,61.44112478031635,18.383128295254835,93.98945518453428,74.41124780316345,31.915641476274168,41.86291739894552,86.85413005272409,6.467486818980668,43.2688927943761,17.891036906854133,89.3145869947276,65.09666080843586
CCC(C=O)C(=O)C(CC)CC,170.25199999999998,2.2168,2,0,4.0,0.4521799889207521,1,34.14,0,2,1,0.30639938,0.9851332,0.8461955,0.14589581,0.20584738,0.16917914,0.023441665,0.1478541,0.00577447,0.49336916,0.009154379,0.16993621,0.018618634,0.20854886,0.9999463,0.0073263943,0.007830752,0.002765992,0.0065812,0.006480734,0.03511763,0.008133995,0.98487014,0.004184503,0.044260066,0.0042796806,0.029140737,0.0042909007,0.005994348,0.80939084,0.048387416,-3.9238515,99.254654,59.80728,20.040977,-4.761024,2.2528844,2.087782,51.406147,-2.4025576,1.8221945,12.899824253075572,47.80316344463972,17.10017574692443,11.63444639718805,63.44463971880493,40.0,55.32513181019333,17.521968365553604,47.59226713532514,87.9261862917399,83.09314586994728,60.913884007029885,93.25131810193322,62.17926186291741,60.84358523725835,65.79964850615114,62.284710017574696,43.79613356766257,59.96485061511424,17.504393673110723,55.21968365553603,33.81370826010545,51.70474516695958,12.02108963093146,35.36028119507909,79.26186291739896,38.69947275922672,13.005272407732866,18.172231985940247,33.743409490333924,23.866432337434095,9.349736379613358,54.41124780316345,95.1493848857645,25.72934973637961,24.11247803163445,36.16871704745167,61.58172231985941,26.959578207381373,22.671353251318106,85.86994727592268,23.83128295254833,98.94551845342708,88.04920913884008,74.97363796133568,57.89103690685413,93.95430579964852,38.03163444639719,63.8664323374341,29.314586994727595,63.514938488576455,53.81370826010545
CCC(O)C(CC)CC,130.231,2.1935,1,1,4.0,0.6181785843222221,1,20.23,0,0,0,0.026965525,0.98208714,0.9088895,0.14232235,0.074716255,0.15747155,0.012634588,0.40812263,0.019270007,0.35111278,0.0012793107,0.11514585,0.015585336,0.088803604,0.9999773,0.00068809104,0.0057402058,0.0018507236,0.0020668965,0.0028852825,0.029464781,0.0011075858,0.98620445,0.0053993533,0.007303335,0.00026377419,0.0035256185,0.0048878435,0.00044284778,0.680979,0.092973664,-3.9693007,114.89827,52.200195,34.683636,-2.3624184,1.4932405,1.606597,43.64624,-1.9091246,7.137254,6.291739894551846,47.34622144112478,6.854130052724078,36.59050966608085,63.44463971880493,62.636203866432346,55.32513181019333,9.666080843585238,47.59226713532514,25.869947275922677,37.188049209138846,7.029876977152901,91.42355008787348,82.42530755711776,60.66783831282953,47.0298769771529,58.734622144112485,35.254833040421794,83.09314586994728,34.41124780316345,41.6871704745167,19.96485061511424,35.008787346221446,10.263620386643234,17.223198594024606,85.83479789103691,3.4797891036906856,7.838312829525484,13.778558875219684,18.945518453427063,9.84182776801406,6.01054481546573,19.75395430579965,95.8523725834798,27.521968365553604,2.2144112478031635,5.30755711775044,21.65202108963093,28.57644991212654,3.0228471001757478,71.03690685413005,30.790861159929705,98.55887521968369,92.05623901581724,70.22847100175747,72.19683655536029,96.8365553602812,5.166959578207382,55.2548330404218,23.233743409490337,72.54833040421794,82.53075571177506
CC(C)C(C)CO,102.177,1.2708,1,1,4.0,0.5563716538155499,1,20.23,0,0,0,0.040608175,0.96326625,0.93170106,0.05639007,0.024869967,0.14203675,0.0039179823,0.35571137,0.007655752,0.25644416,0.00030827982,0.23617673,0.014840123,0.06870159,0.999835,0.0014647164,0.0050643785,0.0015093795,0.0012546952,0.0032013357,0.028082883,0.0015870485,0.96940863,0.0017296607,0.01197656,0.00039245124,0.003979275,0.0026940608,0.0006807899,0.6785532,0.0420269,-3.9519095,93.654686,24.99141,25.519144,-3.2483776,1.5706509,1.100929,35.307167,-0.781324,5.8907022,4.077328646748683,34.833040421792624,6.854130052724078,36.59050966608085,63.44463971880493,54.51669595782074,55.32513181019333,9.666080843585238,47.59226713532514,25.869947275922677,37.188049209138846,10.86115992970123,82.91739894551846,90.57996485061511,48.189806678383135,28.50615114235501,53.46221441124781,19.859402460456945,80.49209138840071,21.72231985940246,33.11072056239016,10.22847100175747,66.32688927943761,9.947275922671354,13.251318101933215,70.50966608084359,8.576449912126538,5.869947275922672,12.4780316344464,13.005272407732866,10.826010544815468,5.166959578207382,24.49912126537786,86.85413005272409,18.453427065026364,4.6045694200351495,7.416520210896309,24.04217926186292,21.65202108963093,4.288224956063269,70.61511423550088,22.1792618629174,98.73462214411248,85.65905096660809,49.560632688927946,64.78031634446398,96.13356766256592,6.783831282952549,47.065026362038665,17.855887521968366,86.4323374340949,78.27768014059755
CC(C)C(C)COC(=O)O,146.186,1.9731,2,1,4.0,0.6190031883296396,1,46.53,0,0,0,0.017584007,0.8119564,0.9061715,0.010812028,0.015667338,0.23773193,0.007076753,0.1251615,0.012526318,0.19201544,0.00011916016,0.29816642,0.04748277,0.17370261,0.9869588,0.0020274327,0.007271667,0.0012115659,0.0010038454,0.008804462,0.053702842,0.010019756,0.6266602,0.0034128644,0.02097297,0.0007246609,0.0036478373,0.004004389,0.0020290893,0.49927956,0.030965414,-4.318246,65.72719,18.132967,-15.338165,-5.422685,1.7097213,0.30734923,67.22496,-1.8599837,0.77459306,8.822495606326891,44.11247803163445,17.10017574692443,36.59050966608085,63.44463971880493,62.70650263620387,55.32513181019333,28.26010544815466,47.59226713532514,25.869947275922677,37.188049209138846,4.639718804920914,58.38312829525484,81.33567662565906,31.177504393673114,22.214411247803167,77.68014059753955,26.959578207381373,54.44639718804921,27.732864674868196,25.869947275922677,5.659050966608085,76.76625659050967,31.07205623901582,31.21265377855888,38.242530755711776,11.775043936731109,11.739894551845344,10.22847100175747,10.826010544815468,31.70474516695958,24.60456942003515,58.24253075571178,39.71880492091389,24.11247803163445,10.404217926186291,11.775043936731109,22.073813708260108,26.46748681898067,10.087873462214413,46.36203866432338,18.453427065026364,91.9859402460457,72.79437609841828,42.63620386643234,3.760984182776802,92.3022847100176,10.86115992970123,34.76274165202109,43.23374340949034,73.11072056239017,43.58523725834798
CCC(CC)COC(=O)[C@H](CC)N[P@](=O)(O)Oc1ccccc1,343.36000000000007,3.5134000000000016,4,2,4.0,0.4994213062884088,2,84.86,0,1,2,0.074063584,0.77308565,0.8222073,0.1246091,0.24876852,0.33322853,0.15790191,0.26375175,0.1424941,0.56049263,0.14900154,0.18711475,0.15194015,0.3948304,0.99547786,0.013145246,0.033793528,0.03419321,0.04056552,0.038482875,0.14662711,0.07936301,0.8454922,0.35747463,0.1348323,0.010284519,0.03634753,0.107143186,0.025511097,0.48971653,0.49232453,-5.0962114,58.959553,75.308556,13.474277,-9.535853,2.9306636,2.9827676,86.67782,-2.701218,5.392197,52.26713532513182,69.27943760984184,48.55887521968366,61.37082601054482,63.44463971880493,46.326889279437616,69.84182776801407,57.9261862917399,47.59226713532514,66.52021089630932,95.07908611599298,20.45694200351494,54.6572934973638,55.88752196836556,59.156414762741655,69.84182776801407,90.96660808435853,72.26713532513182,74.23550087873463,66.46748681898067,62.74165202108964,63.62038664323375,55.71177504393673,62.284710017574696,49.38488576449912,45.27240773286468,54.76274165202109,61.82776801405976,57.01230228471002,60.00000000000001,69.56063268892795,73.53251318101934,85.51845342706504,56.90685413005273,71.70474516695958,51.66959578207382,51.63444639718806,65.5536028119508,65.30755711775045,46.924428822495614,45.09666080843586,62.35500878734623,40.49209138840071,69.77152899824253,82.53075571177506,46.5377855887522,73.46221441124781,79.12126537785589,79.22671353251319,63.831282952548335,57.57469244288225,75.95782073813709
CCC(CC)CN,101.193,1.3813,1,1,4.0,0.5707309696429477,0,26.02,0,0,0,0.052284144,0.9408615,0.84124863,0.083449125,0.020731408,0.08304756,0.0047410564,0.44212645,0.043864038,0.16151829,0.0010567975,0.31706715,0.019910673,0.03181268,0.9992224,0.0028232704,0.009701153,0.003150729,0.0022646326,0.0036200273,0.031884782,0.00072788954,0.9309373,0.0025354887,0.018568063,0.00040488908,0.0054133856,0.0022225764,0.0010731338,0.78469086,0.10701305,-4.007104,36.687065,-22.199444,19.275732,-4.122013,2.4128737,-0.18911175,15.407743,-0.28597426,3.7940373,3.9718804920913886,36.344463971880494,6.854130052724078,36.59050966608085,63.44463971880493,56.37961335676626,22.601054481546576,12.583479789103691,47.59226713532514,25.869947275922677,37.188049209138846,13.778558875219684,75.99297012302286,60.66783831282953,52.97012302284711,25.83479789103691,31.810193321616875,21.968365553602816,84.39367311072057,47.0298769771529,22.74165202108963,18.34797891036907,79.19156414762742,12.79437609841828,6.71353251318102,58.277680140597546,16.62565905096661,17.363796133567664,20.035149384885766,20.07029876977153,12.829525483304044,7.416520210896309,15.676625659050968,72.75922671353251,21.47627416520211,8.892794376098418,7.627416520210897,29.525483304042183,19.543057996485064,5.588752196836555,83.58523725834799,32.23198594024605,98.06678383128296,54.55184534270651,6.818980667838313,56.8365553602812,94.83304042179265,47.978910369068544,27.521968365553604,6.71353251318102,91.81019332161688,68.01405975395431
CCC(CC)C(OC(=O)O)C(=O)O,190.195,1.5704,3,2,4.0,0.6426089295049519,1,83.83,0,0,0,0.010716996,0.5851062,0.7790583,0.0021608965,0.018113632,0.19381605,0.013470727,0.012564667,0.008430984,0.079793915,0.000119798606,0.33094773,0.077568784,0.38109916,0.7976442,0.0027494791,0.012106409,0.0014972922,0.00073881826,0.010242965,0.059820164,0.01038004,0.068386,0.0021467307,0.032939278,0.0015065417,0.0037796893,0.001076162,0.0036008996,0.34159118,0.00978622,-5.0788383,13.36441,-8.385978,-8.248078,-11.404791,1.81825,-1.9936594,58.092052,-1.0706455,0.21613578,16.203866432337435,38.840070298769774,32.653778558875224,61.37082601054482,63.44463971880493,65.76449912126539,55.32513181019333,57.31107205623902,47.59226713532514,25.869947275922677,37.188049209138846,2.9173989455184537,39.26186291739895,46.467486818980674,18.558875219683657,23.936731107205627,68.33040421792619,36.063268892794376,14.094903339191566,23.09314586994728,13.11072056239016,5.659050966608085,81.05448154657294,43.2688927943761,48.68189806678384,22.56590509666081,16.098418277680143,23.72583479789104,12.302284710017576,8.365553602811952,36.555360281195085,30.68541300527241,58.59402460456943,15.1493848857645,19.96485061511424,18.207381370826013,20.492091388400706,22.95254833040422,13.391915641476276,16.203866432337435,26.115992970123024,5.659050966608085,40.98418277680141,29.525483304042183,16.098418277680143,9.490333919156416,59.68365553602813,14.657293497363796,8.717047451669597,34.41124780316345,82.56590509666081,37.3286467486819
CCC(CC)COC(=O)C(CC)(CC)COC(=O)O,274.357,3.466800000000002,4,1,4.0,0.6516540237012048,0,72.83,0,0,0,0.05025658,0.6741419,0.8087889,0.030108642,0.07664399,0.27851725,0.06279055,0.11629598,0.047450103,0.45589405,0.013611642,0.26264632,0.091233864,0.32838863,0.97229403,0.014028927,0.019831922,0.0036641266,0.008308041,0.036197364,0.10129742,0.078433834,0.7128083,0.05456542,0.09655293,0.0059324736,0.021017257,0.01744889,0.017964661,0.6040829,0.12451643,-4.3814993,118.50968,86.31388,-9.232378,-6.8794913,2.0532002,1.9922069,90.49453,-3.566959,3.375667,33.21616871704745,68.68189806678383,48.55887521968366,36.59050966608085,63.44463971880493,67.17047451669596,22.601054481546576,48.66432337434095,47.59226713532514,25.869947275922677,37.188049209138846,13.391915641476276,46.29173989455185,52.54833040421793,41.30052724077329,47.34622144112478,84.32337434094904,58.59402460456943,51.84534270650264,48.154657293497365,51.07205623901582,37.293497363796135,71.28295254833041,48.43585237258348,45.23725834797892,33.95430579964851,56.8365553602812,40.07029876977153,22.70650263620387,37.3286467486819,68.04920913884007,57.4340949033392,85.27240773286468,44.71001757469244,46.78383128295256,43.33919156414763,41.15992970123023,56.16871704745167,41.15992970123023,39.64850615114236,61.47627416520211,34.235500878734626,88.26010544815466,92.75922671353251,86.50263620386644,8.400702987697716,88.7170474516696,26.01054481546573,62.35500878734623,70.40421792618629,40.87873462214412,65.3427065026362
CCC(CC)COC(N)=O,145.202,1.5179,2,1,4.0,0.6516016055402403,0,52.32,0,0,0,0.07474041,0.98294127,0.9255334,0.13544783,0.039335523,0.18974827,0.004950579,0.4064638,0.02346629,0.35004252,0.0008081963,0.2208606,0.0380408,0.09924032,0.9998826,0.0022392734,0.0079503,0.0028924723,0.0015534589,0.0030495306,0.03685149,0.0018916283,0.97625816,0.0030579027,0.0112341475,0.00070239825,0.004241302,0.0022612412,0.0010737588,0.7018868,0.083235286,-4.080376,88.48385,38.964664,11.352144,-5.471382,2.008903,1.7360489,51.559074,-1.7739435,1.9188694,8.681898066783832,37.71528998242531,17.10017574692443,36.59050966608085,63.44463971880493,67.17047451669596,22.601054481546576,32.02108963093146,47.59226713532514,25.869947275922677,37.188049209138846,20.738137082601057,91.84534270650263,88.29525483304043,60.17574692442883,36.48506151142355,67.48681898066785,22.42530755711775,83.02284710017575,37.644991212653785,41.6871704745167,16.871704745166962,63.65553602811951,25.237258347978912,18.910369068541304,73.04042179261863,13.11072056239016,13.181019332161688,18.66432337434095,15.360281195079088,10.298769771529,10.720562390158172,26.99472759226714,91.14235500878736,23.12829525483304,4.323374340949034,11.493848857644991,24.780316344463973,19.75395430579965,5.588752196836555,73.21616871704745,29.525483304042183,97.25834797891038,83.55008787346222,61.195079086116,42.35500878734622,92.26713532513182,24.007029876977157,57.32864674868191,29.455184534270654,74.2706502636204,54.51669595782074
CCCCC(CC)COC(=O)[C@H](C)N[P@@](=O)(Oc1ccccc1)OP(=O)(O)O,437.3660000000001,4.020500000000005,6,3,4.0,0.3091717002349232,3,131.39,0,1,2,0.04602515,0.61516225,0.6584026,0.34225863,0.4535663,0.3206251,0.32321373,0.16469297,0.5265423,0.45701241,0.25956717,0.4437631,0.21350408,0.42877373,0.7806261,0.02001591,0.045002706,0.065183744,0.1349373,0.11982715,0.27206215,0.19431385,0.44455537,0.3713252,0.28601795,0.018266482,0.06378875,0.20448029,0.059227258,0.5205363,0.5686485,-5.668895,17.304308,54.568275,13.153195,-13.749243,2.878774,2.1364639,91.02431,-1.9700413,1.6233135,73.49736379613357,77.50439367311073,72.46045694200352,78.20738137082601,63.44463971880493,21.441124780316347,76.60808435852373,81.792618629174,47.59226713532514,66.52021089630932,95.07908611599298,12.40773286467487,41.37082601054482,27.94376098418278,74.58699472759227,83.33919156414764,89.49033391915643,82.14411247803164,63.02284710017575,86.1511423550088,51.07205623901582,71.59929701230229,90.33391915641477,71.56414762741653,51.63444639718806,21.93321616871705,66.11599297012303,73.49736379613357,66.50263620386644,80.17574692442884,88.43585237258348,89.10369068541301,94.30579964850617,31.70474516695958,72.37258347978911,69.59578207381371,62.91739894551846,76.94200351493849,74.23550087873463,63.02284710017575,49.9121265377856,66.18629173989456,20.07029876977153,33.81370826010545,71.81019332161688,45.79964850615114,43.16344463971881,76.4499121265378,64.71001757469244,71.31810193321617,71.77504393673111,52.337434094903344
CCC(CC)COC(C)=O,144.21399999999997,1.9857,2,0,4.0,0.5638542074438334,0,26.3,0,0,0,0.052989066,0.99398243,0.928109,0.30187446,0.06763206,0.2011416,0.006200114,0.45560783,0.021351676,0.40783748,0.00088212977,0.15276627,0.027265662,0.10979996,0.99997747,0.0010218702,0.007067465,0.0019179344,0.0011230729,0.0016553681,0.029287532,0.0010040322,0.990962,0.0038667389,0.005733175,0.00035791192,0.0028219246,0.0012488333,0.00047986544,0.7325105,0.09768159,-3.979679,138.67667,83.85075,24.588217,-2.0027308,1.5311447,2.1232927,59.14678,-2.5452666,3.8388743,8.435852372583481,44.32337434094904,17.10017574692443,11.63444639718805,63.44463971880493,55.50087873462215,22.601054481546576,12.9701230228471,47.59226713532514,25.869947275922677,37.188049209138846,14.094903339191566,98.66432337434097,89.24428822495607,72.54833040421794,45.34270650263621,70.01757469244289,25.026362038664324,85.13181019332163,35.95782073813709,46.95957820738138,17.3286467486819,46.57293497363796,17.258347978910372,20.562390158172235,85.86994727592268,5.553602811950792,11.423550087873464,14.0597539543058,12.056239015817225,4.6045694200351495,5.834797891036907,18.804920913884008,97.8207381370826,25.237258347978912,1.6871704745166962,6.959578207381371,18.699472759226715,14.481546572934976,3.1282952548330405,76.69595782073814,31.282952548330407,98.48857644991212,96.37961335676628,85.79964850615114,63.69068541300528,97.11775043936731,5.940246045694201,64.4639718804921,35.50087873462215,60.66783831282953,68.29525483304043
CCC(CC)(CO)C(=O)O,146.18599999999998,0.8696999999999999,2,2,4.0,0.6183315569045219,0,57.53,0,0,0,0.127846,0.79437345,0.8446544,0.011127489,0.015512349,0.1717359,0.013595305,0.1109164,0.010287276,0.20465942,0.0023195846,0.30548832,0.053704478,0.17655909,0.9627816,0.01036646,0.015494746,0.0036395793,0.0022629104,0.00926061,0.04373726,0.0072867423,0.5246893,0.003722713,0.048741512,0.0024574231,0.009356336,0.0021749174,0.0085609695,0.5558058,0.035637427,-4.5375137,57.92472,5.104655,-6.846532,-9.164368,1.6224673,-0.22667566,34.64732,-0.6115643,-0.49657375,8.822495606326891,30.544815465729357,17.10017574692443,61.37082601054482,63.44463971880493,62.70650263620387,22.601054481546576,36.063268892794376,47.59226713532514,25.869947275922677,37.188049209138846,33.602811950790866,56.62565905096661,61.58172231985941,31.3884007029877,21.968365553602816,62.98769771528999,36.09841827768015,50.50966608084359,25.30755711775044,27.065026362038665,23.02284710017575,77.85588752196837,33.743409490333924,31.599297012302287,32.4780316344464,48.40070298769772,31.493848857644995,22.70650263620387,20.07029876977153,33.46221441124781,15.92267135325132,52.37258347978911,35.114235500878735,24.850615114235502,26.572934973637963,26.99472759226714,39.92970123022848,19.297012302284717,27.381370826010546,54.86818980667839,20.035149384885766,79.0158172231986,69.17398945518454,28.927943760984185,11.24780316344464,75.78207381370827,8.365553602811952,27.029876977152902,17.363796133567664,88.36555360281196,30.72056239015817
CCC(CC)C(O)OC(=O)O,162.18499999999997,1.4356,3,2,4.0,0.4844764455749222,1,66.76,0,1,1,0.017872712,0.6698465,0.84828806,0.0042463792,0.014769288,0.2332077,0.011711811,0.05472499,0.0118873585,0.13220823,0.00020472151,0.26954228,0.062379904,0.24353608,0.95697975,0.0026727496,0.011876778,0.0018071791,0.0013706225,0.011383025,0.05341826,0.009834956,0.2976154,0.0036604903,0.023843262,0.00085880235,0.0041004634,0.0029596589,0.0030030862,0.36318904,0.02207903,-4.559161,44.438988,-1.0908763,-16.228733,-8.093053,1.5947174,-0.53140783,54.36668,-1.1716707,-0.0111347195,11.528998242530756,37.08260105448155,32.653778558875224,61.37082601054482,63.44463971880493,44.04217926186292,55.32513181019333,44.56942003514939,47.59226713532514,66.52021089630932,83.09314586994728,4.815465729349737,45.97539543057997,62.98769771528999,23.304042179261867,21.23022847100176,76.62565905096662,34.235500878734626,31.77504393673111,27.065026362038665,19.68365553602812,7.732864674868191,72.51318101933217,37.39894551845343,38.80492091388401,31.45869947275923,15.641476274165203,23.057996485061512,13.49736379613357,13.954305799648507,39.40246045694201,24.253075571177508,57.9261862917399,26.32688927943761,24.534270650263625,12.513181019332162,13.462214411247803,24.28822495606327,22.601054481546576,13.954305799648507,29.279437609841832,13.954305799648507,77.25834797891038,60.03514938488577,23.2688927943761,3.268892794376099,83.30404217926187,7.451669595782074,23.51493848857645,31.634446397188054,81.61687170474518,34.90333919156415
CCC(CC)C(OC(=O)[C@H](C)N[P@](=O)(O)Oc1ccccc1)C(=O)O,373.3420000000001,2.5765,5,3,4.0,0.4224729390922908,3,122.16,0,1,2,0.019123737,0.28963417,0.8237839,0.009306041,0.052678645,0.24613416,0.05776187,0.02227735,0.019855242,0.16761938,0.006678941,0.26949045,0.10363414,0.53625095,0.80767775,0.0061331275,0.031084573,0.004239075,0.00480472,0.0203651,0.10976161,0.034966648,0.10765912,0.032121435,0.041567747,0.003323678,0.006365017,0.0049401657,0.008997868,0.32118726,0.057533912,-5.6704564,18.72481,30.526234,-15.5084,-14.006651,2.7327816,0.47385198,76.14103,-1.6810062,0.1570479,59.367311072056246,53.88400702987698,61.880492091388405,78.20738137082601,63.44463971880493,35.95782073813709,76.60808435852373,79.5079086115993,47.59226713532514,66.52021089630932,95.07908611599298,5.342706502636204,18.558875219683657,56.27416520210897,29.630931458699475,40.73813708260106,78.91036906854131,57.22319859402461,18.769771528998245,34.797891036906854,23.374340949033392,31.45869947275923,72.51318101933217,51.73989455184535,57.15289982425308,22.7768014059754,33.32161687170475,58.13708260105449,24.56942003514939,29.630931458699475,54.79789103690686,61.51142355008788,75.28998242530757,17.680140597539545,41.792618629174,22.671353251318106,31.634446397188054,32.12653778558875,28.611599297012305,28.295254833040424,24.04217926186292,25.869947275922677,20.07029876977153,35.64147627416521,54.833040421792624,3.5852372583479792,41.335676625659055,68.18980667838314,38.10193321616872,52.02108963093146,75.21968365553603,36.66080843585237
CCC1(CC)COC(O)O1,146.18599999999998,0.8678999999999999,3,1,4.0,0.6278123244045588,1,38.69,0,0,0,0.65539515,0.99074423,0.95185244,0.13446467,0.14525186,0.1945275,0.00863992,0.214866,0.004048991,0.44129413,0.004223613,0.18371098,0.021748923,0.31189576,0.9999865,0.002395487,0.006730261,0.007317213,0.0047703683,0.002448849,0.038096983,0.0023716972,0.98114,0.0033085935,0.028882151,0.0027329538,0.0070574684,0.002994119,0.0023564247,0.7262282,0.046038162,-4.1717124,79.70757,20.381178,19.007317,-6.5794587,1.5715415,0.99875146,36.302876,-0.6731125,5.601473,8.822495606326891,30.439367311072058,32.653778558875224,36.59050966608085,63.44463971880493,63.971880492091394,55.32513181019333,21.423550087873465,47.59226713532514,25.869947275922677,37.188049209138846,89.27943760984184,96.66080843585236,96.2390158172232,59.89455184534271,58.98066783831283,68.40070298769773,29.525483304042183,69.56063268892795,12.899824253075572,49.701230228471005,27.94376098418278,54.72759226713533,13.708260105448156,44.11247803163445,88.57644991212655,14.340949033391915,10.755711775043938,33.84885764499121,29.420035149384887,7.627416520210897,11.56414762741652,31.84534270650264,93.53251318101934,23.79613356766257,15.465729349736382,29.068541300527244,34.09490333919157,22.70650263620387,11.458699472759228,75.88752196836556,23.374340949033392,95.8523725834798,79.57820738137083,45.41300527240774,56.344463971880494,89.59578207381372,6.783831282952549,45.41300527240774,18.312829525483306,87.7328646748682,77.15289982425308
CCC(CC)COC(=O)[C@H](C)N[P@](=O)(O)Oc1ccc(CC=C(C)C)cc1,397.45200000000017,4.632000000000004,4,2,4.0,0.3216510876165918,2,84.86,0,2,2,0.10617541,0.66699636,0.75101674,0.23040056,0.30203363,0.30472967,0.20240018,0.38569146,0.37766537,0.7309916,0.4360996,0.22411919,0.2102013,0.31484422,0.99292487,0.021422865,0.025853133,0.059016384,0.15968698,0.10036818,0.18287623,0.14677711,0.87137187,0.613901,0.31904286,0.020758944,0.13412245,0.3608606,0.09423951,0.5864024,0.79267544,-5.2348833,65.79867,95.34881,28.052689,-9.701642,2.7251096,3.5360992,95.823,-3.437717,7.436067,64.92091388400704,85.20210896309315,48.55887521968366,61.37082601054482,63.44463971880493,23.02284710017575,69.84182776801407,57.9261862917399,47.59226713532514,87.9261862917399,95.07908611599298,28.78734622144113,45.58875219683656,40.91388400702988,68.11950790861161,74.41124780316345,88.01405975395431,75.78207381370827,81.65202108963094,80.73813708260106,84.92091388400704,79.96485061511424,64.3585237258348,71.10720562390159,44.21792618629174,42.1792618629174,67.7328646748682,50.43936731107206,64.92091388400704,82.84710017574693,86.6432337434095,81.23022847100177,91.84534270650263,60.24604569420036,81.72231985940246,71.91564147627417,64.9560632688928,87.80316344463972,82.1792618629174,72.37258347978911,58.45342706502637,78.34797891036908,33.98945518453427,72.89982425307558,88.89279437609842,66.99472759226714,72.37258347978911,67.87346221441125,89.17398945518454,80.31634446397189,43.69068541300528,83.47978910369069
CCCC(CC)CO,116.204,1.805,1,1,4.0,0.5935295901722362,1,20.23,0,0,0,0.037446935,0.9790119,0.9085139,0.114012696,0.030103508,0.15286615,0.004744327,0.38187447,0.013122821,0.26341727,0.00050319603,0.18823054,0.018716983,0.07097359,0.9999197,0.0014393439,0.0061097713,0.001722284,0.0014257127,0.0024663205,0.024983896,0.0013894907,0.9754155,0.0029254053,0.00981391,0.00036426805,0.004618226,0.0022473393,0.00068544765,0.7240286,0.061107248,-3.9661949,101.837425,36.798775,29.808191,-3.0692897,1.6866659,1.3707225,40.02625,-1.347941,6.3832984,4.850615114235501,41.75746924428823,6.854130052724078,36.59050966608085,63.44463971880493,59.19156414762743,55.32513181019333,9.666080843585238,47.59226713532514,25.869947275922677,37.188049209138846,9.947275922671354,89.49033391915643,82.31985940246047,57.71528998242531,31.985940246045697,56.94200351493849,22.00351493848858,81.54657293497364,28.681898066783837,34.059753954305805,14.0597539543058,56.09841827768015,12.16168717047452,13.567662565905096,75.67662565905097,8.365553602811952,8.892794376098418,13.356766256590513,14.340949033391915,7.697715289982426,3.057996485061512,23.09314586994728,90.65026362038664,22.671353251318106,3.5500878734622145,7.029876977152901,26.29173989455185,19.64850615114236,4.288224956063269,75.57117750439367,26.572934973637963,98.6291739894552,88.85764499121267,59.367311072056246,68.6115992970123,96.2390158172232,10.017574692442883,51.17750439367312,20.70298769771529,79.40246045694201,79.89455184534272
CCC(CO)CCCO,132.203,0.7773999999999999,2,2,4.0,0.579958747805125,1,40.46,0,0,0,0.053640764,0.9414503,0.89377624,0.010698127,0.0070211836,0.13213734,0.0016241323,0.26404867,0.0046164016,0.17887658,0.00027194023,0.24302928,0.01668632,0.060880374,0.9991404,0.002512314,0.0077290037,0.00091657357,0.0008538654,0.0021838308,0.021231705,0.0014049271,0.901162,0.0014495831,0.011221607,0.00034270514,0.003751892,0.000860337,0.00090681406,0.70661604,0.03156263,-4.1559067,66.86339,-4.1395617,26.104153,-7.186187,1.6209075,0.07765839,17.77058,0.06229191,6.0422235,6.748681898066785,29.736379613356767,17.10017574692443,61.37082601054482,63.44463971880493,57.68014059753955,55.32513181019333,23.02284710017575,47.59226713532514,25.869947275922677,37.188049209138846,14.270650263620388,76.09841827768015,76.52021089630932,31.142355008787348,11.528998242530756,50.26362038664324,11.8804920913884,74.23550087873463,14.446397188049213,24.534270650263625,9.701230228471005,67.41652021089631,11.036906854130054,11.775043936731109,57.53954305799649,15.114235500878737,12.899824253075572,8.400702987697716,9.349736379613358,6.71353251318102,1.933216168717048,23.163444639718808,65.48330404217927,17.082601054481547,4.288224956063269,6.748681898066785,22.7768014059754,11.915641476274166,5.0966608084358525,73.84885764499121,18.804920913884008,96.27416520210896,73.46221441124781,19.929701230228478,65.37785588752197,87.59226713532514,8.260105448154658,32.056239015817226,7.908611599297013,94.02460456942003,78.73462214411248
CCC(CC)COC(O)[C@@](C)(N[P@](=O)(O)Oc1ccccc1)C(=O)O,375.35800000000006,2.3698999999999995,5,4,4.0,0.3430955086801003,3,125.32,0,2,3,0.043303877,0.49444,0.7383825,0.07527353,0.24241304,0.23277918,0.1829395,0.12728958,0.192326,0.35494217,0.18506566,0.25664958,0.17779759,0.33447033,0.79019725,0.014647025,0.060610585,0.027188051,0.03350136,0.04700945,0.17488514,0.08493895,0.36776644,0.1765209,0.12915066,0.006871032,0.02176379,0.037785623,0.018844154,0.40503836,0.35903195,-5.827004,18.6267,35.009468,-5.432687,-14.769096,2.739479,1.116358,81.98987,-1.7884821,1.351953,59.64850615114237,50.08787346221442,61.880492091388405,86.90685413005274,63.44463971880493,25.4481546572935,76.60808435852373,80.597539543058,47.59226713532514,87.9261862917399,98.89279437609842,11.423550087873464,32.4780316344464,38.91036906854131,51.493848857645,69.20913884007031,76.55536028119509,74.37609841827769,55.36028119507909,70.96660808435853,42.03866432337434,66.46748681898067,69.94727592267137,66.57293497363797,45.62390158172232,22.10896309314587,58.20738137082601,82.35500878734622,54.02460456942004,57.32864674868191,73.95430579964851,80.03514938488577,86.08084358523726,28.927943760984185,60.140597539543066,50.57996485061512,43.65553602811951,56.695957820738144,51.14235500878735,40.421792618629176,34.516695957820744,55.18453427065027,17.012302284710017,35.465729349736385,58.20738137082601,13.181019332161688,36.66080843585237,68.50615114235501,47.27592267135326,58.03163444639719,74.09490333919157,50.05272407732865
CCC(CO)CC(O)C(CC)CC,188.31099999999995,2.1921,2,2,4.0,0.6427058855875726,2,40.46,0,0,0,0.016297068,0.9293564,0.8722315,0.015447246,0.02113038,0.1274406,0.006958434,0.42161447,0.03512784,0.2784629,0.0021337532,0.1330668,0.020293748,0.05176314,0.9996444,0.001178882,0.008246133,0.0008932663,0.0014888542,0.0032779165,0.02614187,0.0010493223,0.956494,0.008540021,0.009429814,0.00012339838,0.0027703068,0.0028150294,0.00038328697,0.72169983,0.1418021,-4.0825186,98.948364,39.673134,35.10732,-5.3909554,1.7595398,1.5804228,43.19352,-1.6714175,8.51997,16.063268892794376,47.31107205623902,17.10017574692443,61.37082601054482,63.44463971880493,65.76449912126539,69.84182776801407,23.02284710017575,47.59226713532514,25.869947275922677,37.188049209138846,4.323374340949034,73.70826010544816,69.20913884007031,34.797891036906854,26.15114235500879,48.57644991212654,26.643233743409493,83.65553602811951,43.79613356766257,35.85237258347979,22.63620386643234,41.05448154657294,12.899824253075572,10.158172231985942,64.92091388400704,6.748681898066785,13.74340949033392,8.330404217926187,14.797891036906856,11.17750439367311,4.007029876977153,19.191564147627417,81.47627416520211,31.810193321616875,3.4446397188049214,2.776801405975396,18.488576449912127,22.35500878734622,2.776801405975396,75.28998242530757,36.44991212653779,97.25834797891038,87.94376098418279,61.652021089630935,72.44288224956064,92.40773286467488,12.372583479789103,54.79789103690686,22.81195079086116,75.32513181019333,86.46748681898067
CCC(CC)COC,116.204,2.069,1,0,4.0,0.5460371722763138,0,9.23,0,0,0,0.039744128,0.9904606,0.9370909,0.16982184,0.061966628,0.14784552,0.0052841567,0.4393386,0.007798823,0.35197484,0.0007606878,0.11094298,0.014056879,0.09191899,0.99999255,0.0006892255,0.00632557,0.0017091914,0.0013729604,0.0017859957,0.026536057,0.0006443822,0.9920146,0.0032193705,0.0055533857,0.0002702827,0.0026218002,0.0019493181,0.00030601167,0.68493825,0.066727236,-3.9044185,122.54916,59.638023,36.504215,-0.031769656,1.5031166,1.6690687,45.10125,-2.1982598,6.9182053,4.850615114235501,45.694200351493855,6.854130052724078,11.63444639718805,63.44463971880493,52.86467486818981,22.601054481546576,5.62390158172232,47.59226713532514,25.869947275922677,37.188049209138846,10.61511423550088,96.62565905096662,91.95079086115994,63.02284710017575,43.62038664323375,55.36028119507909,23.02284710017575,84.18277680140598,21.86291739894552,41.6871704745167,16.414762741652023,33.77855887521969,9.420035149384889,17.855887521968366,92.26713532513182,3.4797891036906856,9.490333919156416,13.321616871704746,13.989455184534272,5.166959578207382,4.323374340949034,14.622144112478033,98.24253075571178,23.620386643233747,1.5817223198594026,5.413005272407734,17.715289982425308,18.34797891036907,2.390158172231986,71.35325131810194,27.48681898066784,99.08611599297014,93.63796133567664,74.69244288224957,73.53251318101934,99.08611599297014,5.30755711775044,56.09841827768015,24.534270650263625,67.66256590509667,81.96836555360282
CCC(CC)COC(=O)C[C@H](N[P@](=O)(O)Oc1ccccc1)C(=O)OCC(CC)CC,457.5040000000003,4.472900000000004,6,2,4.0,0.2930821750173661,2,111.16,0,1,2,0.07732818,0.7399627,0.7248162,0.0942675,0.2754576,0.27249807,0.21212168,0.28180742,0.21916804,0.71957535,0.5774968,0.18206422,0.19049752,0.38215104,0.99676216,0.019470021,0.037499644,0.026004702,0.060561158,0.046290964,0.1356715,0.11034461,0.87985104,0.69116986,0.23328924,0.011448742,0.059905507,0.15677059,0.040522836,0.5054353,0.75000554,-5.246067,84.939316,114.384476,35.2788,-9.9709835,2.6393132,3.5083652,97.07269,-3.2858002,9.74249,77.11775043936731,83.47978910369069,72.46045694200352,61.37082601054482,63.44463971880493,19.261862917398947,69.84182776801407,74.30579964850615,47.59226713532514,66.52021089630932,95.07908611599298,21.89806678383129,52.16168717047452,36.90685413005273,54.6572934973638,72.26713532513182,83.62038664323376,76.37961335676626,75.71177504393674,72.30228471001759,83.51493848857646,84.99121265377856,54.41124780316345,68.78734622144113,48.75219683655536,47.41652021089632,65.20210896309315,66.74868189806679,53.21616871704746,67.45166959578208,73.63796133567664,71.07205623901582,89.13884007029878,61.82776801405976,85.09666080843586,65.48330404217927,54.30579964850616,75.85237258347979,70.12302284710019,56.344463971880494,47.34622144112478,75.50087873462215,33.63796133567663,81.86291739894553,92.688927943761,72.54833040421794,71.03690685413005,62.46045694200352,88.78734622144113,83.23374340949034,46.0456942003515,89.56063268892795
CCC(CC)COC(O)[C@@]1(C)N[P@@](=O)(Oc2ccccc2)OP(=O)(O)O1,409.31200000000007,3.3977000000000017,7,3,4.0,0.4376963490995546,4,123.55,0,2,3,0.2946208,0.63864785,0.7746898,0.037911374,0.4033442,0.19463168,0.16974083,0.15387084,0.20385751,0.4826073,0.34760347,0.2473559,0.15196605,0.47004563,0.8941515,0.015021734,0.05368171,0.034466248,0.09094934,0.034171186,0.17161186,0.07603998,0.57635933,0.4007166,0.22822979,0.015530733,0.03048641,0.119105026,0.040926456,0.44612497,0.50927436,-5.511013,11.264824,49.44639,10.798431,-12.995517,3.1414375,2.303434,86.143776,-1.884022,1.8720376,67.55711775043937,67.41652021089631,79.85940246045695,78.20738137082601,63.44463971880493,38.06678383128296,81.28295254833041,80.0,47.59226713532514,87.9261862917399,98.89279437609842,59.54305799648507,43.3743409490334,45.76449912126538,43.7609841827768,81.26537785588754,68.40070298769773,73.21616871704745,61.30052724077329,71.45869947275924,53.77855887521969,76.62565905096662,67.97891036906854,62.284710017574696,54.13005272407733,26.04569420035149,59.050966608084366,78.87521968365554,57.04745166959579,73.91915641476275,66.57293497363797,79.43760984182778,84.9560632688928,37.08260105448155,73.84885764499121,65.09666080843586,60.03514938488577,62.601054481546576,66.6432337434095,56.555360281195085,39.92970123022848,63.198594024604574,23.58523725834798,27.31107205623902,68.18980667838314,41.75746924428823,48.04920913884008,86.88927943760984,67.45166959578208,63.05799648506152,72.75922671353251,54.20035149384886
CCC(C)C(C)=O,100.161,1.6215,1,0,4.0,0.5150193170931499,1,17.07,0,0,0,0.06620052,0.99179375,0.94101155,0.32988906,0.06871704,0.18902859,0.007257916,0.31509107,0.004335646,0.37660888,0.00064133044,0.13767138,0.013875639,0.15201792,0.99999267,0.001088683,0.005708383,0.0023553667,0.0014062829,0.0020187665,0.029604077,0.0012983048,0.99153453,0.0018760307,0.0077923937,0.0006618586,0.0041892473,0.0019150261,0.00061602436,0.66556156,0.035998795,-3.8055744,96.11827,32.55048,14.829457,-2.9038002,1.7022349,0.88963825,28.013927,-0.64951336,1.6732609,3.866432337434096,39.472759226713535,6.854130052724078,11.63444639718805,63.44463971880493,48.29525483304042,55.32513181019333,8.383128295254833,47.59226713532514,25.869947275922677,37.188049209138846,18.207381370826013,97.36379613356767,93.42706502636204,74.13005272407733,45.659050966608085,67.31107205623903,27.346221441124783,77.75043936731107,13.602811950790862,43.8664323374341,15.325131810193325,42.53075571177505,9.244288224956064,27.90861159929701,92.37258347978911,6.01054481546573,7.662565905096661,16.274165202108964,14.270650263620388,6.115992970123023,6.080843585237259,22.35500878734622,98.13708260105447,18.945518453427063,2.460456942003515,10.93145869947276,24.780316344463973,18.207381370826013,3.866432337434096,68.96309314586995,20.210896309314588,99.68365553602813,86.85413005272409,55.99297012302285,48.89279437609842,96.4499121265378,10.579964850615116,44.07732864674868,13.954305799648507,87.83831282952549,52.68892794376099
CCC(CC)COC(O)[C@@H]1COP(=O)(O)O[P@](=O)(Oc2ccccc2)N1,409.31200000000007,3.0501000000000005,7,3,4.0,0.4389315218453893,4,123.55,0,2,3,0.36309296,0.5719321,0.66576266,0.05173226,0.38898927,0.15916905,0.16769083,0.16805139,0.398295,0.48052493,0.33696967,0.26696026,0.23831312,0.40272802,0.8165364,0.027836734,0.05817914,0.05875088,0.16053858,0.06986432,0.23111233,0.10847434,0.47592577,0.4518407,0.335589,0.042799555,0.06410547,0.21317568,0.103107646,0.4697504,0.62252265,-5.622445,11.571032,53.676098,9.117546,-14.196932,3.127248,2.3024724,84.92595,-1.7347358,2.3622432,67.55711775043937,61.968365553602816,79.85940246045695,78.20738137082601,63.44463971880493,38.20738137082601,81.28295254833041,80.0,47.59226713532514,87.9261862917399,98.89279437609842,66.74868189806679,38.4182776801406,28.54130052724077,47.20562390158173,80.35149384885766,59.26186291739895,73.0755711775044,63.58523725834799,81.65202108963094,53.67311072056239,76.02811950790861,72.16168717047452,73.95430579964851,49.98242530755712,23.02284710017575,73.70826010544816,81.26537785588754,64.85061511423551,82.95254833040423,81.51142355008788,86.08084358523726,88.96309314586996,33.11072056239016,75.92267135325133,73.1810193321617,74.90333919156416,76.94200351493849,74.6572934973638,73.81370826010546,43.02284710017575,68.47100175746925,21.15992970123023,27.416520210896312,71.31810193321617,38.17223198594025,40.105448154657296,86.36203866432338,67.45166959578208,61.26537785588753,74.72759226713534,58.20738137082601
CCC(CC)COC(O)[C@H](C)N[P@](=O)(O)Oc1ccccc1,331.34900000000005,2.9151000000000007,4,3,4.0,0.4512277780358328,3,88.02000000000001,0,2,3,0.045484744,0.692999,0.82111007,0.10838226,0.18384601,0.23642115,0.1128747,0.33814135,0.27284545,0.43857813,0.10045643,0.16624792,0.12920354,0.2260788,0.98938334,0.0057753655,0.024979627,0.027221236,0.039277755,0.027250815,0.12369801,0.050710518,0.77546656,0.29806584,0.099130794,0.0029617944,0.023680292,0.12833937,0.010848005,0.5108788,0.56441027,-5.2868567,33.31414,48.26545,15.207975,-11.867375,3.0246768,2.4904845,77.83054,-2.0914047,5.5474577,49.42003514938489,60.07029876977153,48.55887521968366,78.20738137082601,63.44463971880493,39.75395430579965,76.60808435852373,59.85940246045695,47.59226713532514,87.9261862917399,98.89279437609842,12.33743409490334,47.557117750439375,55.60632688927944,56.73110720562391,63.44463971880493,77.3286467486819,67.41652021089631,79.36731107205624,75.92267135325133,49.3145869947276,58.31282952548331,50.790861159929705,57.71528998242531,36.977152899824254,39.36731107205624,31.493848857644995,49.13884007029878,54.02460456942004,59.68365553602813,61.58172231985941,67.34622144112478,80.21089630931459,49.59578207381372,68.64674868189807,43.971880492091394,30.08787346221441,58.101933216168725,67.7328646748682,30.931458699472763,48.40070298769772,66.08084358523726,31.318101933216173,51.66959578207382,67.45166959578208,49.42003514938489,55.99297012302285,83.02284710017575,70.82601054481547,53.74340949033392,69.66608084358525,77.04745166959579
CCC1CCO[P@](=O)(Oc2ccccc2)N[C@@H](C)C(O)OC1,329.33300000000014,2.9331000000000005,5,2,4.0,0.8304659979199415,4,77.02000000000001,0,1,2,0.61523646,0.89684933,0.90055,0.10196905,0.31077904,0.21022587,0.071385466,0.33102053,0.13520989,0.62031776,0.25064105,0.16106273,0.16988558,0.4792396,0.99955016,0.006644697,0.02021993,0.06100378,0.068521656,0.014310593,0.10558411,0.02367339,0.91110194,0.3501157,0.19364765,0.012809242,0.024138572,0.11172225,0.022464087,0.5017711,0.633287,-5.3488436,8.739298,37.446007,3.0073266,-12.834111,3.674652,1.9720705,66.063484,-1.7006042,0.609663,48.99824253075572,60.31634446397189,61.880492091388405,61.37082601054482,63.44463971880493,92.93497363796136,81.28295254833041,51.9859402460457,47.59226713532514,66.52021089630932,95.07908611599298,86.78383128295256,68.08435852372584,79.22671353251319,55.88752196836556,74.97363796133568,72.19683655536029,60.56239015817224,78.94551845342707,65.69420035149385,69.77152899824253,71.17750439367312,48.927943760984185,65.58875219683657,54.72759226713533,62.56590509666081,35.81722319859403,40.94903339191565,65.48330404217927,69.03339191564149,45.79964850615114,59.54305799648507,70.40421792618629,67.69771528998243,71.31810193321617,60.77328646748683,56.44991212653779,58.31282952548331,65.65905096660809,44.463971880492096,46.78383128295256,68.99824253075572,28.54130052724077,24.04217926186292,60.07029876977153,27.205623901581724,48.89279437609842,96.4499121265378,61.968365553602816,42.07381370826011,74.97363796133568,41.37082601054482
CCC(CC)COC(N)[C@H](C)N[P@](=O)(O)Oc1ccccc1,330.365,2.881500000000001,4,3,4.0,0.4510303385362635,3,93.81,0,2,3,0.115414776,0.72757304,0.76379454,0.16484201,0.14719275,0.13918254,0.06142484,0.46207753,0.4199489,0.37028426,0.14854088,0.15990558,0.13085137,0.14639726,0.9855078,0.0074657137,0.03597443,0.048059642,0.028926563,0.01900867,0.11933939,0.01655982,0.7568574,0.24043985,0.07869249,0.0039649047,0.018000443,0.06499058,0.011962341,0.61444247,0.7101261,-5.405972,27.867954,47.010555,9.9261,-11.976008,3.1728044,2.0693524,74.19019,-2.06701,5.248934,49.17398945518454,59.472759226713535,48.55887521968366,78.20738137082601,63.44463971880493,39.71880492091389,76.60808435852373,63.93673110720563,47.59226713532514,87.9261862917399,98.89279437609842,31.247803163444644,50.75571177504394,43.514938488576455,62.88224956063269,59.19156414762743,52.30228471001758,58.31282952548331,85.51845342706504,82.70650263620388,43.23374340949034,63.58523725834799,48.57644991212654,58.20738137082601,27.029876977152902,37.293497363796135,39.19156414762742,64.92091388400704,62.07381370826011,55.11423550087874,53.35676625659051,66.01054481546574,65.37785588752197,48.08435852372584,64.81546572934974,38.13708260105449,34.93848857644991,52.68892794376099,58.45342706502637,33.07557117750439,62.67135325131811,72.54833040421794,26.256590509666083,46.39718804920914,66.57293497363797,39.82425307557118,55.07908611599297,87.5219683655536,63.69068541300528,50.05272407732865,70.08787346221442,75.39543057996485
CCC(C=O)CCCC(C=O)CC,184.279,2.6069000000000004,2,0,4.0,0.5432872006455641,2,34.14,0,1,1,0.31347743,0.98910725,0.8506495,0.27441502,0.13803324,0.19194746,0.026272416,0.20714752,0.009595951,0.49154449,0.013560702,0.23176852,0.028699305,0.1888207,0.999951,0.006943576,0.009317142,0.0038400986,0.0049536005,0.004761772,0.03354299,0.007555281,0.98599136,0.0064704656,0.033820786,0.0036251317,0.024031794,0.002976879,0.005108285,0.84801245,0.07453804,-3.9335666,120.00161,59.092827,17.108555,-4.0758424,1.4816794,1.8129123,50.51399,-2.1091094,2.249018,15.465729349736382,54.55184534270651,17.10017574692443,11.63444639718805,63.44463971880493,52.4780316344464,69.84182776801407,17.521968365553604,47.59226713532514,66.52021089630932,83.09314586994728,61.61687170474517,95.8523725834798,63.69068541300528,71.21265377855889,57.85588752196837,68.04920913884007,45.90509666080844,68.75219683655537,24.46397188049209,54.93848857644992,37.25834797891037,65.72934973637962,18.383128295254835,33.11072056239016,80.21089630931459,36.76625659050967,16.695957820738137,23.47978910369069,30.017574692442885,17.504393673110723,8.400702987697716,53.11072056239016,95.74692442882252,29.34973637961336,18.66432337434095,33.25131810193322,58.31282952548331,22.671353251318106,20.45694200351494,89.49033391915643,28.435852372583483,98.87521968365554,93.11072056239016,74.34094903339192,53.21616871704746,94.90333919156416,4.956063268892795,58.69947275922672,28.611599297012305,69.13884007029877,57.36379613356767
CCCCOC(=O)[C@H](C)N[P@](=O)(O)Oc1cccc(CC)c1,329.3330000000001,3.0496000000000016,4,2,4.0,0.4113987581607325,2,84.86,0,2,2,0.10711931,0.780511,0.8224357,0.3896017,0.57542694,0.364317,0.32672077,0.31833798,0.21068986,0.647913,0.41314358,0.19057845,0.12868719,0.5160106,0.99904615,0.015050026,0.036667127,0.119779386,0.1371895,0.052193332,0.164411,0.114916846,0.9164308,0.5236766,0.24579482,0.025301695,0.06407491,0.3084128,0.05684492,0.465727,0.58364284,-5.155627,55.494812,64.48888,-0.29248923,-10.092409,2.7284546,2.6395473,84.784805,-2.3077998,3.386898,48.99824253075572,61.968365553602816,48.55887521968366,61.37082601054482,63.44463971880493,34.41124780316345,69.84182776801407,57.9261862917399,47.59226713532514,87.9261862917399,95.07908611599298,28.998242530755714,55.36028119507909,55.99297012302285,76.59050966608085,87.90861159929702,93.35676625659052,82.21441124780317,77.9261862917399,71.81019332161688,73.46221441124781,79.47275922671353,56.62565905096661,57.57469244288225,56.27416520210897,56.8365553602812,59.12126537785589,65.69420035149385,73.56766256590511,80.45694200351494,76.20386643233743,78.34797891036908,89.63093145869948,68.8224956063269,78.80492091388402,66.50263620386644,67.6274165202109,76.94200351493849,79.43760984182778,62.21441124780317,42.39015817223199,66.95957820738138,37.85588752196837,67.45166959578208,77.71528998242532,21.54657293497364,70.01757469244289,68.01405975395431,73.46221441124781,60.98418277680141,65.3427065026362,65.37785588752197
CCC(C=O)CC,100.161,1.6215,1,0,4.0,0.4923993182856671,0,17.07,0,1,1,0.13379155,0.9897404,0.9349991,0.3361624,0.062452115,0.21233281,0.00848767,0.23100281,0.004011955,0.35370994,0.00072024984,0.21670786,0.018316584,0.21027584,0.99997866,0.0022556297,0.0055441605,0.0033188672,0.0018628666,0.0022704238,0.02953636,0.0028308686,0.9866851,0.001500732,0.014975292,0.0015460579,0.008272678,0.0018642962,0.0016102549,0.6988003,0.027920816,-3.8219504,109.53154,44.61571,17.022291,-1.7665049,1.5074018,1.2896304,37.562096,-1.368924,2.4696755,3.866432337434096,39.472759226713535,6.854130052724078,11.63444639718805,63.44463971880493,45.27240773286468,22.601054481546576,8.383128295254833,47.59226713532514,66.52021089630932,83.09314586994728,34.76274165202109,96.30931458699472,91.493848857645,74.48154657293497,43.7609841827768,72.54833040421794,29.244288224956065,71.42355008787347,12.79437609841828,41.968365553602816,16.133567662565905,62.95254833040423,11.845342706502636,35.50087873462215,86.22144112478033,13.216168717047452,7.100175746924429,21.01933216168717,17.785588752196837,6.889279437609843,6.080843585237259,35.36028119507909,96.06326889279438,17.363796133567664,6.221441124780317,20.70298769771529,37.36379613356767,18.137082601054484,8.260105448154658,72.82952548330405,17.258347978910372,99.57820738137085,90.93145869947276,65.13181019332163,52.93497363796134,97.15289982425308,5.377855887521969,49.66608084358524,19.0158172231986,79.08611599297014,58.87521968365554
CCC(COC(O)[C@H](C)N[P@](=O)(O)Oc1ccccc1)C(C)O,347.348,1.8859,5,4,4.0,0.3779625573999927,5,108.25,0,2,3,0.0585667,0.5797921,0.8220099,0.026629338,0.094043076,0.17022976,0.051650632,0.23471451,0.14769968,0.32176378,0.05310629,0.13840446,0.104163386,0.19326563,0.9778064,0.0051078154,0.02665186,0.015474886,0.019215401,0.016907819,0.098206,0.029501056,0.59578675,0.1425312,0.06061375,0.0021432424,0.014238958,0.04860012,0.007465656,0.48483905,0.39186066,-5.49924,25.658947,30.97562,7.9215584,-14.945681,2.7684767,1.3944734,55.90489,-1.1392149,3.5470338,52.89982425307558,42.7768014059754,61.880492091388405,86.90685413005274,63.44463971880493,30.26362038664324,85.04393673110721,72.82952548330405,47.59226713532514,87.9261862917399,98.89279437609842,15.92267135325132,39.08611599297013,55.782073813708266,40.07029876977153,50.75571177504394,62.49560632688929,55.85237258347979,71.56414762741653,67.24077328646749,39.40246045694201,50.50966608084359,42.63620386643234,51.84534270650264,33.32161687170475,35.465729349736385,28.64674868189807,51.423550087873465,45.9402460456942,49.59578207381372,49.87697715289983,55.71177504393673,73.42706502636204,37.99648506151143,57.15289982425308,31.77504393673111,24.850615114235502,47.94376098418278,54.48154657293498,25.62390158172232,44.71001757469244,57.25834797891037,23.866432337434095,44.25307557117751,55.149384885764505,35.95782073813709,35.50087873462215,69.98242530755712,51.52899824253076,32.75922671353251,81.8980667838313,66.32688927943761
CCC(C)C=O,86.13399999999999,1.2314,1,0,4.0,0.4618018883133205,1,17.07,0,1,1,0.16660634,0.9890005,0.9419897,0.2658789,0.04476909,0.20839083,0.0056476025,0.21586494,0.0031988178,0.32554445,0.00037370916,0.2642059,0.019110708,0.20498192,0.9999692,0.0021377213,0.0046874476,0.0028573615,0.0013771538,0.0020368649,0.028548557,0.002757911,0.98344994,0.00092679524,0.01479359,0.001625878,0.0077098967,0.0015717937,0.0016064502,0.69731337,0.021035723,-3.7978148,101.3752,32.354607,11.928087,-1.9838686,1.4761261,0.9760102,32.330677,-0.7674693,1.8608265,3.1282952548330405,34.55184534270651,6.854130052724078,11.63444639718805,63.44463971880493,41.6871704745167,55.32513181019333,8.383128295254833,47.59226713532514,66.52021089630932,83.09314586994728,40.597539543058,95.81722319859404,93.53251318101934,70.82601054481547,38.73462214411248,71.91564147627417,23.79613356766257,69.77152899824253,9.771528998242532,39.85940246045695,11.8804920913884,71.59929701230229,12.548330404217928,35.008787346221446,83.83128295254834,12.33743409490334,5.237258347978911,18.453427065026364,14.0597539543058,6.1862917398945525,5.413005272407734,34.797891036906854,94.481546572935,14.0597539543058,6.1862917398945525,21.40597539543058,35.571177504393674,16.379613356766257,8.189806678383128,72.72407732864676,13.567662565905096,99.7188049209139,88.7170474516696,55.92267135325133,43.55008787346222,97.11775043936731,4.815465729349737,45.27240773286468,16.274165202108964,86.5377855887522,54.1652021089631
CC(C)C(C)COC(=O)[C@H](C)N[P@](=O)(O)Oc1ccccc1,329.333,2.9792000000000014,4,2,4.0,0.5632714044303442,3,84.86,0,1,2,0.07593847,0.76896495,0.84613115,0.16766337,0.25462452,0.33520007,0.12504849,0.30622664,0.23640184,0.5506917,0.10138284,0.23927219,0.156197,0.29440433,0.9948715,0.008835392,0.023059845,0.02712963,0.03912546,0.04501909,0.15272164,0.07120657,0.8499697,0.26565802,0.12309327,0.0072687706,0.035903342,0.12256144,0.02223436,0.5715582,0.52706546,-5.1359224,46.219532,59.8805,7.691565,-9.6719,2.90503,2.6123157,83.06203,-2.2489734,4.423497,48.99824253075572,60.98418277680141,48.55887521968366,61.37082601054482,63.44463971880493,55.46572934973639,76.60808435852373,57.9261862917399,47.59226713532514,66.52021089630932,95.07908611599298,21.370826010544818,54.20035149384886,62.17926186291741,62.95254833040423,70.36906854130054,91.24780316344464,68.85764499121267,77.11775043936731,73.53251318101934,61.47627416520211,58.48857644991213,66.67838312829527,63.16344463971881,42.63620386643234,44.11247803163445,43.58523725834798,46.0456942003515,53.95430579964851,59.64850615114237,73.0755711775044,75.28998242530757,84.3585237258348,57.50439367311073,66.74868189806679,49.38488576449912,44.81546572934974,65.23725834797892,67.06502636203867,44.3585237258348,56.555360281195085,64.32337434094904,39.05096660808436,61.08963093145871,74.97363796133568,35.746924428822496,72.51318101933217,77.9261862917399,73.0755711775044,59.08611599297013,66.6432337434095,71.52899824253076
CCC(CC)C(O)C(=O)O,146.18599999999998,0.8681000000000001,2,2,4.0,0.6182882482511821,1,57.53,0,0,0,0.031119281,0.8000313,0.9211477,0.004778872,0.006451673,0.18152572,0.0030456744,0.09133299,0.004044882,0.13502814,0.0001266311,0.22059682,0.03694819,0.20057356,0.985113,0.0026018287,0.011906942,0.0013857523,0.00053039996,0.0028867244,0.03309403,0.002823802,0.50516164,0.0015680876,0.010334221,0.000549089,0.001848002,0.0010018602,0.0013889397,0.42460632,0.01492924,-4.7936316,32.721367,-18.718225,-7.288104,-9.984625,1.3542312,-0.9921743,37.765907,-0.27196223,0.3094644,8.822495606326891,30.439367311072058,17.10017574692443,61.37082601054482,63.44463971880493,62.70650263620387,55.32513181019333,36.063268892794376,47.59226713532514,25.869947275922677,37.188049209138846,8.295254833040422,57.32864674868191,86.4323374340949,24.04217926186292,10.685413005272409,65.65905096660809,17.574692442882252,44.88576449912127,12.899824253075572,19.96485061511424,5.834797891036907,63.65553602811951,24.67486818980668,34.376098418277685,37.08260105448155,15.395430579964852,23.304042179261867,11.528998242530756,6.783831282952549,9.84182776801406,7.978910369068542,35.289982425307564,34.44639718804921,17.785588752196837,3.90158172231986,9.384885764499122,13.74340949033392,12.864674868189809,6.959578207381371,37.50439367311073,9.138840070298771,59.89455184534271,51.21265377855888,9.103690685413008,10.720562390158172,71.0017574692443,3.093145869947276,17.644991212653782,19.086115992970125,91.8804920913884,38.38312829525484
CCC(CC)COC(O)[C@H](C)NP1(=O)Oc2cccc(c2)O1,329.333,3.3152000000000017,5,2,4.0,0.5627020999508954,2,77.02000000000001,0,2,2,0.19822982,0.92881984,0.8814247,0.49079505,0.61535275,0.24542756,0.33945584,0.48442125,0.3199004,0.65056145,0.63319635,0.13862772,0.16030514,0.45462018,0.999967,0.003852561,0.026279058,0.15952125,0.07586725,0.012819265,0.083765,0.008315171,0.9748739,0.4160183,0.11387813,0.0067565693,0.02073746,0.10697325,0.0069458103,0.44772524,0.7386307,-4.982109,63.94115,73.1836,18.393337,-9.497206,2.8185716,3.25307,92.83967,-3.7892952,6.1478796,48.99824253075572,66.11599297012303,61.880492091388405,61.37082601054482,63.44463971880493,55.32513181019333,69.84182776801407,51.9859402460457,47.59226713532514,87.9261862917399,95.07908611599298,46.643233743409496,73.63796133567664,72.16168717047452,80.84358523725835,89.03339191564149,78.80492091388402,83.16344463971882,86.36203866432338,78.27768014059755,73.95430579964851,86.4323374340949,42.63620386643234,63.8664323374341,53.00527240773287,83.44463971880492,21.82776801405976,50.82601054481547,77.99648506151144,70.82601054481547,42.74165202108964,47.48681898066784,54.6572934973638,90.33391915641477,74.37609841827769,47.66256590509666,43.3743409490334,55.7469244288225,65.27240773286468,24.67486818980668,40.0,74.48154657293497,46.81898066783832,71.95079086115993,81.72231985940246,55.57117750439368,73.60281195079087,72.82952548330405,84.32337434094904,74.23550087873463,36.48506151142355,78.98066783831284
CCC1COC(O)[C@H](C)N[P@@](=O)(Oc2ccccc2)OC1C,329.333,2.931500000000001,5,2,4.0,0.8304687329643533,5,77.02000000000001,0,1,3,0.64368415,0.87707776,0.8942196,0.09114482,0.48561135,0.2122478,0.13144371,0.27137208,0.08050029,0.65146357,0.3135896,0.16390207,0.11305432,0.53699946,0.99901307,0.007089293,0.015890932,0.076216586,0.097689986,0.017753713,0.106911704,0.02816948,0.9103607,0.36626908,0.22765498,0.017011452,0.029633725,0.16028564,0.026858384,0.49060488,0.6027378,-5.279994,13.874578,42.06602,1.5821762,-12.561322,3.7162366,2.1186447,67.82035,-1.9315869,0.17278238,48.99824253075572,60.31634446397189,61.880492091388405,61.37082601054482,63.44463971880493,92.93497363796136,85.04393673110721,51.9859402460457,47.59226713532514,66.52021089630932,98.89279437609842,88.7170474516696,65.41300527240774,76.73110720562391,54.20035149384886,84.49912126537787,72.54833040421794,69.94727592267137,74.97363796133568,56.41476274165203,74.0597539543058,74.90333919156416,49.87697715289983,54.20035149384886,57.15289982425308,56.52021089630932,37.39894551845343,32.44288224956063,68.29525483304043,74.83304042179263,51.24780316344464,59.96485061511424,72.75922671353251,67.66256590509667,72.16168717047452,64.99121265377856,61.61687170474517,61.75746924428823,70.47451669595783,48.01405975395431,45.13181019332162,67.55711775043937,31.634446397188054,30.052724077328648,63.198594024604574,24.88576449912127,50.68541300527241,96.69595782073814,64.39367311072057,43.69068541300528,72.44288224956064,36.76625659050967
CCCC(O)CC,102.177,1.5574,1,1,4.0,0.5729664843005483,1,20.23,0,0,0,0.030224115,0.9850941,0.93368375,0.2969839,0.08090262,0.16712278,0.0096544875,0.31328207,0.008082131,0.30606455,0.00059722963,0.11882566,0.010596063,0.1321859,0.9999896,0.00063704944,0.004520288,0.0028817093,0.0019895977,0.0022690152,0.028423661,0.0013192429,0.9874857,0.0025320014,0.008769484,0.00044955686,0.0041058986,0.0043667513,0.00052680366,0.61992764,0.04133232,-3.8948185,90.854225,22.262192,25.03172,-3.3354154,1.5887908,0.8506376,28.402893,-0.7538101,4.8969293,4.077328646748683,38.45342706502637,6.854130052724078,36.59050966608085,63.44463971880493,56.695957820738144,55.32513181019333,9.666080843585238,47.59226713532514,25.869947275922677,37.188049209138846,8.014059753954307,93.21616871704748,91.35325131810194,72.47803163444641,48.26010544815466,61.86291739894553,31.142355008787348,77.57469244288225,22.49560632688928,38.03163444639719,14.938488576449911,36.62565905096661,7.275922671353252,24.18277680140598,90.08787346221442,3.19859402460457,4.815465729349737,18.594024604569423,18.558875219683657,6.889279437609843,5.413005272407734,22.46045694200352,96.3444639718805,21.47627416520211,3.1282952548330405,8.189806678383128,24.28822495606327,27.205623901581724,3.4797891036906856,63.16344463971881,22.00351493848858,99.12126537785588,84.74516695957821,46.88927943760984,64.2530755711775,96.0281195079086,7.240773286467488,43.55008787346222,14.024604569420037,86.88927943760984,73.81370826010546
CCC(CC)COC(O)[C@H](C)NP1(=O)Oc2ccc(cc2)O1,329.333,3.3152000000000017,5,2,4.0,0.5627020999508954,2,77.02000000000001,0,2,2,0.20709038,0.916319,0.8957753,0.3813848,0.543744,0.25188878,0.29037285,0.46460944,0.2341862,0.6514735,0.52815235,0.1320727,0.15380554,0.473557,0.99995345,0.0043169884,0.028189536,0.12158243,0.06323225,0.013583479,0.09002279,0.009522578,0.9731556,0.39673567,0.10438968,0.0064427005,0.018877726,0.104970634,0.007521796,0.439298,0.69273734,-4.9959025,59.486145,68.17018,18.276173,-9.651202,2.8252385,3.1497397,90.933975,-3.5566406,6.4673676,48.99824253075572,66.11599297012303,61.880492091388405,61.37082601054482,63.44463971880493,55.32513181019333,69.84182776801407,51.9859402460457,47.59226713532514,87.9261862917399,95.07908611599298,47.978910369068544,71.35325131810194,77.36379613356767,76.20386643233743,86.85413005272409,80.24604569420036,80.49209138840071,85.58875219683657,73.46221441124781,74.0597539543058,83.58523725834799,40.77328646748682,62.74165202108964,54.376098418277685,80.66783831282953,24.88576449912127,53.919156414762746,73.81370826010546,68.33040421792619,44.42882249560633,50.93145869947276,57.22319859402461,89.3145869947276,73.63796133567664,45.13181019332162,42.7768014059754,53.74340949033392,65.13181019332163,25.65905096660809,39.19156414762742,71.59929701230229,45.694200351493855,70.01757469244289,79.85940246045695,55.36028119507909,72.75922671353251,73.53251318101934,82.07381370826012,71.24780316344464,41.195079086116,80.24604569420036
CCC(CO)CCO,118.176,0.3873,2,2,4.0,0.5602036316609342,1,40.46,0,0,0,0.054227255,0.9482336,0.90592813,0.021113817,0.00870139,0.1348271,0.0020836275,0.26021034,0.0037821098,0.17306134,0.00029619475,0.25833726,0.014742221,0.068116084,0.999318,0.0022301238,0.007360319,0.0015145156,0.0008512523,0.001752324,0.019834599,0.0011621559,0.90526056,0.001203194,0.0107129915,0.00035972046,0.0034059964,0.00078845286,0.0008358384,0.68080986,0.027411666,-4.1227446,60.999573,-11.359048,21.507206,-7.138813,1.6450475,-0.06025219,14.329359,0.3243516,4.799191,4.991212653778559,26.01054481546573,17.10017574692443,61.37082601054482,63.44463971880493,54.97363796133568,55.32513181019333,23.02284710017575,47.59226713532514,25.869947275922677,37.188049209138846,14.446397188049213,77.75043936731107,81.30052724077329,37.57469244288225,13.884007029876978,51.07205623901582,14.024604569420037,74.09490333919157,12.267135325131813,23.90158172231986,10.052724077328648,70.22847100175747,9.91212653778559,13.04042179261863,59.08611599297013,13.005272407732866,12.02108963093146,12.513181019332162,9.349736379613358,4.956063268892795,1.5114235500878737,20.84358523725835,66.39718804920915,15.746924428822496,4.182776801405976,6.994727592267136,21.265377855887525,11.31810193321617,4.885764499121266,70.96660808435853,17.047451669595784,96.62565905096662,70.43936731107206,13.778558875219684,60.07029876977153,87.76801405975397,8.752196836555362,29.701230228471005,6.256590509666081,96.41476274165204,73.49736379613357
CCC(CC)COC(=O)[C@H](C)N[P@](=O)(O)OC(C=O)=CC=CC=O,361.3310000000001,1.8988,6,2,4.0,0.1350681929577774,2,119.0,0,5,2,0.6990055,0.67448294,0.5638028,0.05186376,0.15707321,0.13980196,0.061748125,0.08954646,0.11281711,0.4837429,0.10688217,0.32077447,0.16106491,0.21533343,0.6586145,0.2061367,0.04801043,0.01618232,0.04913121,0.1284031,0.15134935,0.1638398,0.43077192,0.050762992,0.423217,0.14880268,0.1641351,0.041444115,0.24270491,0.7887932,0.19335763,-5.256974,22.013798,46.50665,-1.2544388,-12.262412,3.3132482,1.7182982,71.00567,-1.8276408,1.9899137,56.344463971880494,43.16344463971881,72.46045694200352,61.37082601054482,63.44463971880493,6.994727592267136,69.84182776801407,78.20738137082601,47.59226713532514,99.89455184534272,95.07908611599298,91.24780316344464,46.29173989455185,20.351493848857647,47.24077328646749,60.35149384885765,52.65377855887522,58.38312829525484,44.3585237258348,62.42530755711776,53.81370826010545,59.12126537785589,79.6133567662566,63.8664323374341,36.063268892794376,18.66432337434095,93.14586994727593,75.32513181019333,46.467486818980674,63.3743409490334,89.20913884007031,75.00878734622145,92.82952548330404,31.142355008787348,46.0456942003515,78.91036906854131,90.86115992970124,90.19332161687171,52.26713532513182,87.5219683655536,83.93673110720563,41.6871704745167,32.970123022847105,40.105448154657296,66.29173989455185,20.035149384885766,52.829525483304046,90.61511423550088,56.97715289982426,47.1353251318102,73.28646748681899,55.149384885764505
CCC(CC)C(OC(=O)O)C(CC)COC(=O)O,262.302,3.2066000000000017,4,2,4.0,0.6522766452139891,2,93.06000000000002,0,0,0,0.008983826,0.37710002,0.8196254,0.006243809,0.04583261,0.2337308,0.054374207,0.025802031,0.026652575,0.16317616,0.0008299439,0.30511764,0.068146914,0.42045394,0.8762948,0.0018575812,0.010365479,0.0011990278,0.0017606292,0.016858634,0.077832066,0.025985036,0.16299032,0.012735376,0.030501515,0.000706527,0.0036488608,0.004291534,0.0031904099,0.36608258,0.035483852,-4.821347,51.934235,26.044022,-24.622671,-9.174863,1.9957237,-0.124177076,81.562935,-2.6921482,-0.56079805,30.36906854130053,64.49912126537787,48.55887521968366,61.37082601054482,63.44463971880493,67.27592267135326,69.84182776801407,63.77855887521969,47.59226713532514,25.869947275922677,37.188049209138846,2.4253075571177507,23.83128295254833,55.11423550087874,26.432337434094904,38.98066783831283,76.69595782073814,56.30931458699473,20.77328646748682,39.789103690685415,22.95254833040422,17.082601054481547,77.75043936731107,39.92970123022848,50.966608084358526,25.30755711775044,10.896309314586995,19.086115992970125,10.193321616871703,17.047451669595784,49.84182776801406,43.93673110720563,71.38840070298771,20.632688927943764,35.114235500878735,16.414762741652023,11.56414762741652,22.073813708260108,26.959578207381373,14.83304042179262,29.595782073813712,19.96485061511424,57.644991212653785,65.37785588752197,50.68541300527241,1.195079086115993,75.71177504393674,23.33919156414763,28.47100175746925,57.53954305799649,57.89103690685413,30.158172231985944
CCC(CC)COC(=O)[C@H](C)N[P@@](=O)(OC1=CC=CC(O)C1O)OP(=O)(O)O,443.3260000000001,1.3533999999999993,8,5,4.0,0.2304874487973117,4,171.85,0,1,1,0.09226577,0.36824498,0.41948682,0.042405255,0.1687648,0.06021201,0.06605824,0.050182473,0.24329963,0.2225997,0.07870808,0.18573433,0.14588939,0.15193558,0.2355227,0.018589549,0.067734644,0.023624131,0.03079312,0.090796635,0.21573846,0.017375853,0.070206545,0.065293655,0.166554,0.010389516,0.02182201,0.023096044,0.032777876,0.40782696,0.2660279,-6.149087,7.0972075,52.932312,3.8345828,-19.80582,3.0456073,1.3358116,77.800255,-1.4004816,-0.17089462,74.48154657293497,36.13356766256591,84.51669595782074,91.493848857645,63.44463971880493,13.673110720562391,81.28295254833041,88.99824253075572,47.59226713532514,66.52021089630932,83.09314586994728,25.72934973637961,23.09314586994728,13.11072056239016,44.99121265377856,61.93321616871705,25.27240773286468,59.57820738137083,30.333919156414765,74.13005272407733,29.630931458699475,54.833040421792624,55.2548330404218,61.40597539543059,27.90861159929701,10.755711775043938,64.14762741652022,84.99121265377856,51.70474516695958,56.02811950790861,85.48330404217927,85.09666080843586,66.01054481546574,15.325131810193325,48.506151142355016,57.25834797891037,51.95079086115994,56.695957820738144,44.3585237258348,52.196836555360285,34.90333919156415,47.94376098418278,11.669595782073817,22.1792618629174,70.72056239015818,28.927943760984185,17.398945518453427,83.65553602811951,50.68541300527241,53.74340949033392,78.73462214411248,33.81370826010545
CCC(CC)COC(=O)OC(C)=O,188.223,2.1223,4,0,4.0,0.500573536242363,0,52.6,0,1,1,0.047920965,0.98834145,0.92218554,0.40720257,0.105478,0.30065334,0.01842061,0.29918802,0.0133851245,0.4478383,0.0013818545,0.22099371,0.034190703,0.303193,0.9998949,0.0036873375,0.011346379,0.0042694793,0.002171644,0.0036054626,0.04820653,0.0052885567,0.9843464,0.005503399,0.016139459,0.0022595788,0.0056839595,0.0025821095,0.0022026906,0.62736726,0.060567074,-4.1365747,152.91428,110.07393,18.541714,-3.0018246,1.7184515,2.2953093,70.26641,-2.6521134,4.3257213,15.887521968365554,46.4323374340949,48.55887521968366,11.63444639718805,63.44463971880493,46.467486818980674,22.601054481546576,32.49560632688928,47.59226713532514,66.52021089630932,83.09314586994728,12.759226713532517,95.21968365553604,86.81898066783832,77.64499121265379,52.68892794376099,87.41652021089632,40.21089630931459,76.80140597539544,28.892794376098426,50.26362038664324,20.316344463971884,63.72583479789104,22.49560632688928,43.40949033391916,73.70826010544816,21.0896309314587,21.58172231985941,24.710017574692444,19.543057996485064,12.72407732864675,19.71880492091389,46.39718804920914,94.93848857644991,27.697715289982423,7.381370826010546,25.483304042179263,29.876977152899823,21.370826010544818,10.579964850615116,64.32337434094904,26.32688927943761,96.41476274165204,97.85588752196836,91.95079086115994,55.7469244288225,96.3444639718805,11.107205623901583,67.41652021089631,46.25659050966608,58.734622144112485,71.10720562390159
CCC(CC)COC(=O)[C@](C)(O)N[P@](=O)(O)Oc1ccccc1,345.33200000000005,2.4433,5,3,4.0,0.3585361055250695,2,105.09,0,2,3,0.0728534,0.7804659,0.80140054,0.12830308,0.22851773,0.32848778,0.11041532,0.27975735,0.28231344,0.5056764,0.13419574,0.22723475,0.18215545,0.29718775,0.987689,0.013778105,0.040416535,0.034254402,0.044364285,0.039456584,0.1498208,0.07553506,0.7762573,0.31398225,0.14095226,0.007963332,0.035250314,0.11551352,0.024793943,0.52793145,0.51120645,-5.206218,38.759182,47.065876,3.4170074,-10.862082,2.8011622,2.3032994,81.780525,-1.7678506,4.6401105,52.68892794376099,51.3884007029877,61.880492091388405,78.20738137082601,63.44463971880493,27.59226713532513,69.84182776801407,70.96660808435853,47.59226713532514,87.9261862917399,98.89279437609842,20.14059753954306,55.36028119507909,50.82601054481547,59.33216168717048,68.01405975395431,90.47451669595785,67.1353251318102,75.46572934973639,76.3444639718805,56.62565905096661,62.21441124780317,64.99121265377856,67.27592267135326,42.84710017574693,38.55887521968366,56.27416520210897,69.59578207381371,57.01230228471002,61.47627416520211,70.05272407732865,74.62214411247804,84.85061511423551,49.63093145869948,69.45518453427066,52.61862917398946,46.1511423550088,64.81546572934974,66.32688927943761,46.326889279437616,50.896309314587,63.3743409490334,35.50087873462215,55.95782073813709,66.67838312829527,28.18980667838313,63.8664323374341,71.9859402460457,67.45166959578208,57.71528998242531,74.30579964850615,72.47803163444641
CCC(CC)C(O)OC(=O)[C@H](C)N[P@](=O)(O)Oc1ccccc1,345.33200000000005,2.4417,5,3,4.0,0.358532739223707,3,105.09,0,2,3,0.04382738,0.6011209,0.80992544,0.06710709,0.17549884,0.30950195,0.112249956,0.16699056,0.14486161,0.4180457,0.07253514,0.21976805,0.132298,0.35691032,0.986812,0.011271845,0.030588258,0.02361237,0.03664685,0.038496763,0.14237633,0.075889245,0.6539138,0.18934795,0.10814055,0.006621238,0.030689308,0.0775512,0.021438519,0.42459697,0.33628383,-5.273444,38.48547,48.854027,3.3675888,-11.6817045,2.8941576,2.0934339,74.07774,-1.6715384,3.5394943,52.68892794376099,51.31810193321618,61.880492091388405,78.20738137082601,63.44463971880493,27.59226713532513,76.60808435852373,70.96660808435853,47.59226713532514,87.9261862917399,98.89279437609842,11.669595782073817,40.35149384885765,52.93497363796134,50.26362038664324,62.84710017574693,88.43585237258348,67.27592267135326,63.47978910369069,66.85413005272409,47.94376098418278,53.95430579964851,63.47978910369069,58.62917398945519,47.0298769771529,38.06678383128296,50.50966608084359,57.39894551845343,51.70474516695958,58.76977152899825,69.59578207381371,72.54833040421794,84.88576449912128,41.23022847100176,61.47627416520211,46.18629173989456,43.16344463971881,62.70650263620387,60.702987697715294,43.514938488576455,37.50439367311073,53.49736379613357,31.915641476274168,55.71177504393673,67.94376098418279,28.049209138840077,57.50439367311073,77.25834797891038,64.00702987697716,50.05272407732865,75.32513181019333,66.22144112478033
CCC(CCC(=O)O)COC(=O)[C@H](C)N[P@@](=O)(Oc1ccccc1)OP(=O)(O)O,453.3210000000001,2.695100000000002,7,4,4.0,0.2558264332910341,3,168.68999999999997,0,1,2,0.025210986,0.42116755,0.4995235,0.03736866,0.20539322,0.109062955,0.1303035,0.018076446,0.23305175,0.12126748,0.021836504,0.36243048,0.23389316,0.31944096,0.2048922,0.0068538883,0.041592743,0.0124548655,0.010390824,0.05357496,0.21854022,0.018561909,0.026171993,0.033567555,0.095911525,0.005082317,0.007910856,0.0041114995,0.010991372,0.3369882,0.13525233,-6.196536,8.476954,43.954445,1.7974043,-18.384026,2.9502919,0.49031267,82.58626,-1.7871825,-1.5688229,76.30931458699473,56.344463971880494,79.85940246045695,86.90685413005274,63.44463971880493,15.711775043936733,76.60808435852373,88.6115992970123,47.59226713532514,66.52021089630932,95.07908611599298,6.818980667838313,27.205623901581724,16.94200351493849,43.65553602811951,65.76449912126539,40.21089630931459,69.8066783831283,16.836555360281196,73.46221441124781,18.4182776801406,41.15992970123023,84.07732864674868,73.39191564147627,44.53427065026362,10.123022847100176,36.344463971880494,70.40421792618629,42.7768014059754,40.87873462214412,76.69595782073814,85.37785588752197,66.74868189806679,11.036906854130054,42.1792618629174,43.16344463971881,38.73462214411248,36.27416520210897,26.678383128295252,31.21265377855888,25.51845342706503,35.67662565905097,11.353251318101934,23.72583479789104,64.56942003514939,25.06151142355009,20.597539543058,79.82425307557118,38.34797891036907,58.59402460456943,74.09490333919157,21.15992970123023
CCC(CC)COC(=O)CCC(CC)COC(=O)[C@H](C)N[P@](=O)(O)Oc1ccccc1,457.5040000000001,4.472900000000004,6,2,4.0,0.2930821750173663,3,111.16,0,1,2,0.06164471,0.82418555,0.71416616,0.14540428,0.27784783,0.28396007,0.20377965,0.31738716,0.36329544,0.69501245,0.56510246,0.20196943,0.21338668,0.31836948,0.9977158,0.016881289,0.03364686,0.02848791,0.05350265,0.03818641,0.1274364,0.08653821,0.88936937,0.6326901,0.19907847,0.007499513,0.05548229,0.11820004,0.031454656,0.5758568,0.78873235,-5.165117,79.94445,104.369095,24.54704,-10.881007,2.8129697,3.5017095,95.716125,-3.2760901,8.767674,77.11775043936731,83.47978910369069,72.46045694200352,61.37082601054482,63.44463971880493,19.261862917398947,76.60808435852373,74.30579964850615,47.59226713532514,66.52021089630932,95.07908611599298,16.660808435852374,59.96485061511424,35.04393673110721,60.84358523725835,72.37258347978911,85.16695957820738,75.85237258347979,77.89103690685414,80.35149384885766,79.96485061511424,84.67486818980669,59.75395430579965,71.56414762741653,44.42882249560633,49.52548330404218,61.82776801405976,61.58172231985941,54.55184534270651,64.85061511423551,69.49033391915643,68.64674868189807,86.36203866432338,63.55008787346222,82.8822495606327,61.44112478031635,45.20210896309315,74.30579964850615,66.50263620386644,51.56414762741653,57.01230228471002,78.10193321616872,37.3286467486819,79.6133567662566,90.82601054481547,63.58523725834799,63.76098418277681,72.54833040421794,88.68189806678384,80.03514938488577,46.25659050966608,87.20562390158173
CCC(CC)C(C)=O,114.188,2.0116,1,0,4.0,0.5481896504339717,0,17.07,0,0,0,0.052725445,0.9920986,0.9319444,0.27015343,0.0701895,0.19651006,0.007932639,0.32488364,0.004790995,0.38944417,0.00082601595,0.1261252,0.013671441,0.14643566,0.9999914,0.0011127854,0.0066811917,0.0020125234,0.0014880525,0.0021865193,0.03067847,0.0013229618,0.99199593,0.0025744734,0.007206791,0.0005387002,0.0040004943,0.0019121583,0.0005848167,0.6849174,0.04248309,-3.8343768,107.99449,48.059013,21.450947,-2.6418796,1.6803167,1.2886742,34.967937,-1.2957208,2.8595493,4.780316344463972,44.8506151142355,6.854130052724078,11.63444639718805,63.44463971880493,53.21616871704746,22.601054481546576,8.383128295254833,47.59226713532514,25.869947275922677,37.188049209138846,13.989455184534272,97.50439367311073,90.6854130052724,71.07205623901582,46.010544815465735,68.85764499121267,28.40070298769772,78.45342706502637,15.1493848857645,44.99121265377856,17.047451669595784,38.69947275922672,9.103690685413008,27.029876977152902,91.07205623901582,6.1862917398945525,10.650263620386644,14.376098418277682,14.727592267135329,6.71353251318102,6.889279437609843,22.46045694200352,98.24253075571178,21.47627416520211,2.2144112478031635,9.244288224956064,24.04217926186292,18.207381370826013,3.655536028119508,71.35325131810194,22.42530755711775,99.5079086115993,90.54481546572936,67.31107205623903,60.00000000000001,96.62565905096662,9.771528998242532,49.66608084358524,17.574692442882252,80.17574692442884,61.86291739894553
CCC(CC)C(CC)OC(=O)O,174.23999999999998,2.8958000000000004,2,1,4.0,0.6516883937989437,1,46.53,0,0,0,0.012477137,0.7106942,0.89389086,0.013091704,0.03817862,0.33100563,0.03139633,0.094972394,0.010998564,0.27744982,0.00050851994,0.2407243,0.03319364,0.35528952,0.9939438,0.0023653586,0.008746594,0.0012719149,0.002869131,0.011569006,0.05836127,0.02893211,0.7094733,0.01329158,0.023693828,0.0008501634,0.006236546,0.010258818,0.0032212138,0.4774805,0.043329082,-4.2832,84.10573,36.253407,-10.306902,-4.842277,1.6800873,1.0055234,74.911804,-2.5692384,1.563164,13.42706502636204,59.75395430579965,17.10017574692443,36.59050966608085,63.44463971880493,67.17047451669596,55.32513181019333,28.26010544815466,47.59226713532514,25.869947275922677,37.188049209138846,3.304042179261863,49.42003514938489,76.59050966608085,32.86467486818981,35.922671353251324,90.6854130052724,48.68189806678384,45.90509666080844,26.256590509666083,35.782073813708266,14.094903339191566,66.85413005272409,21.82776801405976,46.95957820738138,43.02284710017575,14.13005272407733,15.219683655536029,10.579964850615116,22.671353251318106,39.75395430579965,29.103690685413007,73.00527240773287,44.53427065026362,35.465729349736385,12.40773286467487,13.462214411247803,31.70474516695958,35.99297012302285,15.008787346221444,44.04217926186292,22.530755711775047,93.39191564147627,81.51142355008788,59.050966608084366,7.768014059753955,93.60281195079088,9.736379613356767,45.51845342706503,51.00175746924429,60.17574692442883,51.91564147627417
CCC(COC(=O)O)C(C)O,162.185,1.088,3,2,4.0,0.6070078640773983,2,66.76,0,0,0,0.0261009,0.74571687,0.88092005,0.002433793,0.0067068054,0.17992106,0.0037165447,0.07334428,0.0073927594,0.11828934,9.501984e-05,0.2727129,0.049217574,0.16937368,0.96547174,0.002527752,0.009928833,0.0011155825,0.0006613614,0.0058069713,0.04473851,0.0047326516,0.37267488,0.0017651748,0.015331857,0.0005348806,0.0023752744,0.0013467489,0.0018705518,0.4589985,0.018041644,-4.5633693,39.24811,-8.177947,-13.0075655,-8.868725,1.6411234,-1.0503759,38.169975,-0.48271546,-0.33178765,11.528998242530756,32.68892794376099,32.653778558875224,61.37082601054482,63.44463971880493,61.12478031634447,69.84182776801407,44.56942003514939,47.59226713532514,25.869947275922677,37.188049209138846,6.994727592267136,52.65377855887522,71.84534270650265,19.15641476274165,11.00175746924429,65.23725834797892,19.47275922671353,39.05096660808436,21.15992970123023,18.031634446397188,4.956063268892795,72.9701230228471,31.77504393673111,30.509666080843587,32.970123022847105,15.184534270650264,17.891036906854133,9.595782073813709,7.627416520210897,21.65202108963093,16.766256590509666,44.56942003514939,29.068541300527244,18.558875219683657,6.572934973637962,9.173989455184534,16.449912126537786,15.219683655536029,9.666080843585238,41.6871704745167,11.528998242530756,76.97715289982426,56.30931458699473,16.203866432337435,5.272407732864675,77.46924428822496,8.717047451669597,16.906854130052725,19.33216168717048,89.98242530755712,32.513181019332166
CCC(CC)COC(=O)[C@H](C)N[P@](=O)(O)Oc1ccccc1C(=O)O,373.3420000000001,2.8215000000000003,5,3,4.0,0.4226646356506885,2,122.16,0,1,2,0.0741195,0.37121975,0.72979546,0.06917351,0.123201706,0.19095527,0.09928565,0.059782308,0.1273092,0.23715131,0.026813155,0.31014332,0.24337327,0.44933096,0.6701886,0.017574722,0.059265234,0.031985678,0.019677794,0.060275815,0.18506154,0.043492924,0.1369578,0.057601105,0.09403332,0.013559016,0.017061373,0.02425533,0.028876474,0.37622225,0.18402603,-5.5857406,21.779703,38.128803,-8.987188,-13.278328,2.7853217,0.76432055,82.37758,-2.1339183,1.3272128,59.367311072056246,58.52372583479789,61.880492091388405,78.20738137082601,63.44463971880493,35.95782073813709,69.84182776801407,79.5079086115993,47.59226713532514,66.52021089630932,95.07908611599298,20.492091388400706,23.304042179261867,37.4340949033392,50.57996485061512,55.60632688927944,67.76801405975397,65.72934973637962,33.708260105448154,64.42882249560633,31.564147627416524,43.198594024604574,78.38312829525483,74.55184534270651,52.72407732864675,18.945518453427063,62.81195079086117,81.65202108963094,56.48506151142355,49.98242530755712,79.33216168717048,81.65202108963094,78.34797891036908,19.15641476274165,47.38137082601055,42.39015817223199,57.4340949033392,51.73989455184535,44.88576449912127,49.98242530755712,30.861159929701238,40.73813708260106,22.03866432337434,39.89455184534271,60.56239015817224,8.576449912126538,46.010544815465735,70.86115992970123,42.49560632688928,58.38312829525484,68.64674868189807,49.87697715289983
CCC(O)(CC)COC(=O)O,162.185,1.2321,3,2,4.0,0.609979915360414,0,66.76,0,0,0,0.054117583,0.7550923,0.8570059,0.0037934002,0.010525199,0.16586007,0.0054669958,0.07431386,0.008911741,0.13556464,0.00016197853,0.28330603,0.06137991,0.1696039,0.94307435,0.005692198,0.013749361,0.0015939979,0.001079073,0.009275526,0.056760054,0.0078040333,0.35835758,0.0024143192,0.028283978,0.0016404854,0.005062155,0.0016606618,0.004666923,0.4992288,0.021547873,-4.552348,37.293953,-8.192292,-10.310694,-8.469911,1.6325617,-1.0730102,35.102554,-0.41864666,-0.026962757,11.528998242530756,34.55184534270651,32.653778558875224,61.37082601054482,63.44463971880493,61.335676625659055,22.601054481546576,44.56942003514939,47.59226713532514,25.869947275922677,37.188049209138846,14.446397188049213,53.35676625659051,65.13181019332163,22.46045694200352,16.344463971880494,61.44112478031635,23.374340949033392,39.36731107205624,23.83128295254833,20.0,6.783831282952549,74.62214411247804,36.977152899824254,30.509666080843587,30.228471001757477,31.07205623901582,27.662565905096663,12.899824253075572,11.56414762741652,33.46221441124781,27.31107205623902,53.5676625659051,28.40070298769772,20.984182776801408,15.184534270650264,21.47627416520211,28.365553602811957,16.871704745166962,19.64850615114236,46.36203866432338,13.637961335676628,77.82073813708261,54.86818980667839,16.203866432337435,7.768014059753955,80.49209138840071,8.506151142355009,16.62565905096661,17.750439367311074,90.65026362038664,34.833040421792624
OC[C@H]1O[C@H](Oc2ccccc2)[C@H](O)[C@@H](O)[C@@H]1O,256.254,-1.1347000000000005,6,4,4.0,0.5456992480000845,5,99.38,0,0,0,0.40441972,0.66386354,0.73211396,0.003918578,0.01979224,0.04706321,0.0021988922,0.09802748,0.02591927,0.26318341,0.0018879592,0.068723395,0.09116194,0.16141117,0.8450012,0.016996127,0.031570863,0.008328496,0.010226756,0.020218397,0.09587553,0.011666746,0.211972,0.028196085,0.06192007,0.009332343,0.0069083674,0.018445129,0.019893266,0.5006484,0.16733608,-5.3609715,23.922215,-10.018748,7.715233,-18.29945,2.0883284,0.19630072,46.09583,-1.0470173,1.9964492,28.892794376098426,13.74340949033392,72.46045694200352,86.90685413005274,63.44463971880493,52.79437609841828,85.04393673110721,67.38137082601055,47.59226713532514,25.869947275922677,37.188049209138846,70.65026362038665,45.30755711775044,37.71528998242531,22.671353251318106,25.342706502636204,21.61687170474517,14.446397188049213,47.27592267135326,39.5079086115993,34.059753954305805,22.214411247803167,21.61687170474517,48.43585237258348,29.560632688927942,23.97188049209139,61.89806678383129,58.69947275922672,36.239015817223205,40.702987697715294,54.58699472759227,54.6572934973638,60.38664323374341,22.7768014059754,41.01933216168717,32.26713532513181,49.87697715289983,33.708260105448154,41.82776801405976,42.07381370826011,46.60808435852373,38.98066783831283,27.978910369068544,42.53075571177505,14.762741652021091,35.746924428822496,20.738137082601057,27.80316344463972,33.427065026362044,25.096660808435853,82.81195079086116,55.2548330404218
CCC(CC)C(C=O)(CC)CC,170.29599999999996,3.427900000000002,1,0,4.0,0.558086775190632,0,17.07,0,1,1,0.1461381,0.9861742,0.7982743,0.15749237,0.23600897,0.14754803,0.05170585,0.22005215,0.019681167,0.5418233,0.017049277,0.14604032,0.02140257,0.11325705,0.9999603,0.0058780126,0.0096673425,0.0023420185,0.0070360554,0.012030536,0.04326886,0.006609508,0.98759234,0.013480617,0.0448812,0.0022201568,0.030127268,0.009306168,0.0043954714,0.8367299,0.12654112,-4.129035,159.18857,112.03044,43.861156,-1.0889833,1.3666013,2.7682178,69.14837,-3.9528565,8.382837,12.899824253075572,67.87346221441125,6.854130052724078,11.63444639718805,63.44463971880493,54.55184534270651,22.601054481546576,8.383128295254833,47.59226713532514,66.52021089630932,83.09314586994728,37.11775043936731,93.77855887521967,50.26362038664324,62.14411247803164,68.50615114235501,55.28998242530757,55.88752196836556,70.15817223198594,34.692442882249566,60.140597539543066,38.94551845342707,44.67486818980668,13.49736379613357,20.91388400702988,81.58172231985941,32.02108963093146,17.3286467486819,16.168717047451672,34.833040421792624,40.49209138840071,15.53602811950791,50.57996485061512,96.37961335676628,35.465729349736385,24.42882249560633,25.27240773286468,62.31985940246047,35.18453427065027,18.769771528998245,88.29525483304043,34.55184534270651,96.4499121265378,98.45342706502636,92.3022847100176,78.10193321616872,97.75043936731107,3.3743409490333924,75.67662565905097,45.09666080843586,33.391915641476274,86.0456942003515
CCC(CC)COC(=O)[C@H](C)N(C(N)=O)[P@](=O)(O)Oc1ccccc1,372.35800000000006,2.9144000000000005,5,2,4.0,0.5080233485592163,2,119.16,0,1,2,0.1953167,0.7758368,0.78393644,0.14052145,0.42443198,0.355882,0.24724153,0.1593081,0.119475946,0.59221,0.34335232,0.24851203,0.13187423,0.5473229,0.9941901,0.035013497,0.041042663,0.071060695,0.10661711,0.06329365,0.15625653,0.17631857,0.8368031,0.33136392,0.26410738,0.049373806,0.09068682,0.2248292,0.11104368,0.5143112,0.42376193,-5.004212,68.50993,63.90846,-0.42324638,-9.569232,2.2947814,2.067132,87.30787,-2.5167775,2.9020314,59.12126537785589,60.07029876977153,61.880492091388405,61.37082601054482,63.44463971880493,47.34622144112478,69.84182776801407,78.38312829525483,47.59226713532514,66.52021089630932,95.07908611599298,46.115992970123024,54.93848857644992,47.48681898066784,60.63268892794377,82.39015817223199,92.688927943761,78.4182776801406,62.21441124780317,63.40949033391916,66.6432337434095,76.41476274165203,68.2249560632689,58.52372583479789,57.53954305799649,43.23374340949034,77.89103690685414,69.98242530755712,67.41652021089631,76.09841827768015,80.14059753954307,76.3444639718805,93.63796133567664,55.92267135325133,70.15817223198594,67.80316344463972,77.5395430579965,82.10896309314587,75.32513181019333,74.83304042179263,48.89279437609842,58.62917398945519,45.20210896309315,74.13005272407733,77.36379613356767,21.300527240773288,73.21616871704745,40.421792618629176,63.65553602811951,64.99121265377856,61.30052724077329,62.21441124780317
CCC(C)COC(=O)[C@H](C)N[P@](=O)(O)Oc1cccc(C)c1,329.333,3.041620000000001,4,2,4.0,0.5631481615879452,3,84.86,0,1,2,0.11362703,0.7945707,0.84340584,0.2523473,0.4376192,0.34153095,0.2006205,0.34836125,0.23695746,0.6491654,0.33970663,0.19612959,0.15422685,0.3970323,0.99875975,0.010985573,0.029723372,0.068452746,0.083517194,0.046092916,0.14665122,0.07194204,0.92229426,0.4469645,0.19128065,0.013709041,0.047281716,0.22546978,0.03388787,0.5123841,0.61918247,-5.1401052,50.291653,64.44954,6.063488,-9.754404,2.854221,2.7311184,84.642426,-2.2629368,4.116825,48.99824253075572,61.86291739894553,48.55887521968366,61.37082601054482,63.44463971880493,55.39543057996485,76.60808435852373,57.9261862917399,47.59226713532514,66.52021089630932,95.07908611599298,30.68541300527241,56.62565905096661,61.335676625659055,69.73637961335677,82.81195079086116,91.77504393673112,75.60632688927944,79.96485061511424,73.56766256590511,73.70826010544816,76.2390158172232,58.06678383128296,62.84710017574693,49.63093145869948,54.376098418277685,49.87697715289983,56.06326889279438,67.10017574692444,72.44288224956064,73.53251318101934,73.53251318101934,84.4639718804921,70.15817223198594,75.71177504393674,60.45694200351495,57.68014059753955,71.28295254833041,75.46572934973639,52.61862917398946,48.7170474516696,68.36555360281196,38.69947275922672,64.11247803163445,77.71528998242532,32.89982425307557,72.33743409490334,75.00878734622145,74.83304042179263,60.87873462214412,66.18629173989456,69.73637961335677
CCC(C=O)C(C)C(O)C(CC)CC,200.322,2.644700000000001,2,1,4.0,0.6414275633199588,3,37.3,0,1,1,0.06740749,0.9681109,0.850585,0.021440022,0.11669724,0.14955637,0.021760253,0.25594836,0.026236404,0.4467764,0.011392685,0.14082995,0.025828606,0.10227666,0.9999033,0.0018044591,0.006411864,0.0014052173,0.0040320167,0.0043802774,0.027355721,0.002272896,0.97754014,0.010060574,0.017745676,0.00042388838,0.009263139,0.004506635,0.0010761574,0.7525813,0.1279912,-4.0393624,114.398056,64.16608,29.958576,-4.312867,1.7664846,2.0722222,51.53028,-2.4235003,5.7773347,17.855887521968366,55.43057996485062,17.10017574692443,36.59050966608085,63.44463971880493,65.51845342706503,76.60808435852373,19.68365553602812,47.59226713532514,66.52021089630932,83.09314586994728,18.383128295254835,84.56942003514939,63.62038664323375,37.750439367311074,54.62214411247804,55.57117750439368,42.601054481546576,73.74340949033393,39.613356766256594,50.22847100175748,35.465729349736385,43.33919156414763,16.449912126537786,19.40246045694201,74.37609841827769,10.720562390158172,9.595782073813709,11.70474516695958,26.85413005272408,15.992970123022848,4.710017574692444,30.755711775043935,91.73989455184535,33.18101933216169,8.224956063268893,7.908611599297013,39.64850615114236,27.662565905096663,5.62390158172232,79.15641476274166,34.797891036906854,97.89103690685414,91.91564147627416,77.5395430579965,68.6115992970123,94.58699472759228,12.65377855887522,63.79613356766257,29.420035149384887,63.02284710017575,77.75043936731107
CC(C)C(C)C=O,100.161,1.4774,1,0,4.0,0.4801917203059835,1,17.07,0,1,1,0.08420738,0.98750335,0.9406002,0.2557074,0.06879975,0.20470731,0.007842578,0.23779829,0.0038972266,0.36125213,0.00043478858,0.21274133,0.013488871,0.18209071,0.9999844,0.0012820667,0.003704568,0.0019849087,0.0015060354,0.0025415118,0.029974809,0.0029851564,0.9890404,0.0013513727,0.012414141,0.0010385781,0.0065725953,0.0025753516,0.0010083488,0.6970135,0.026665878,-3.8549294,109.49707,42.868004,12.9261675,-1.6443594,1.3849247,1.2726152,38.923237,-1.2301177,2.2333918,3.866432337434096,37.39894551845343,6.854130052724078,11.63444639718805,63.44463971880493,43.40949033391916,55.32513181019333,8.383128295254833,47.59226713532514,66.52021089630932,83.09314586994728,23.72583479789104,94.44639718804922,93.286467486819,70.12302284710019,45.694200351493855,70.96660808435853,28.22495606326889,71.95079086115993,12.548330404217928,42.53075571177505,12.899824253075572,62.21441124780317,8.998242530755713,32.23198594024605,88.04920913884008,7.346221441124781,3.5500878734622145,14.270650263620388,14.973637961335678,8.049209138840071,6.256590509666081,36.09841827768015,96.90685413005274,16.520210896309315,4.850615114235501,15.817223198594029,32.829525483304046,21.370826010544818,5.377855887521969,72.72407732864676,16.520210896309315,99.402460456942,90.896309314587,64.00702987697716,45.4481546572935,97.2231985940246,3.620386643233744,49.52548330404218,19.859402460456945,81.23022847100177,57.188049209138846
CCC(C=O)C(C=O)(CC)CC,170.25199999999998,2.2168,2,0,4.0,0.5726498845883455,1,34.14,0,1,1,0.539982,0.9779196,0.82264745,0.059011824,0.14457168,0.15901051,0.026540637,0.09538555,0.0045658955,0.49605718,0.010311415,0.20678261,0.025825003,0.20781653,0.99983966,0.018311534,0.0096671125,0.0025308772,0.008143266,0.010692607,0.036806606,0.016119394,0.973102,0.003748048,0.09425996,0.0108238235,0.056206606,0.004284623,0.015217754,0.8470354,0.039529968,-3.9258714,121.045105,68.64747,19.35218,-4.1229043,1.6467712,1.7574289,47.039925,-2.196902,1.7613094,12.899824253075572,47.80316344463972,17.10017574692443,11.63444639718805,63.44463971880493,56.695957820738144,55.32513181019333,17.521968365553604,47.59226713532514,66.52021089630932,83.09314586994728,82.07381370826012,88.92794376098419,56.09841827768015,48.68189806678384,58.91036906854131,59.22671353251319,46.010544815465735,46.010544815465735,14.305799648506152,55.39543057996485,34.76274165202109,60.80843585237259,16.449912126537786,35.254833040421794,70.82601054481547,63.831282952548335,17.3286467486819,17.082601054481547,36.90685413005273,37.644991212653785,10.579964850615116,64.9560632688928,89.27943760984184,24.99121265377856,42.53075571177505,53.0755711775044,74.58699472759227,26.92442882249561,36.76625659050967,89.42003514938489,21.370826010544818,98.94551845342708,93.21616871704748,80.17574692442884,56.90685413005273,94.83304042179265,8.752196836555362,57.71528998242531,25.869947275922677,67.66256590509667,53.39191564147628
CCC(CC)C[C@H](N[P@@](=O)(Oc1ccccc1)OP(=O)(O)O)C(=O)OC,409.3120000000001,3.240300000000003,6,3,4.0,0.3721723445993768,2,131.39,0,1,2,0.041403025,0.5517014,0.6875753,0.22601743,0.4519241,0.3256012,0.3174711,0.103332415,0.35383847,0.35289916,0.15995114,0.44757113,0.20246665,0.50076675,0.74197686,0.01469065,0.0457617,0.06015737,0.078609765,0.09376286,0.24714942,0.13877393,0.320584,0.23133063,0.21207777,0.016837468,0.032562196,0.11742713,0.03708192,0.42337227,0.41351706,-5.73879,14.883588,51.63099,6.8307977,-14.344124,2.8692038,1.6993043,87.034584,-1.7278963,1.0182686,67.55711775043937,64.88576449912127,72.46045694200352,78.20738137082601,63.44463971880493,29.701230228471005,69.84182776801407,81.792618629174,47.59226713532514,66.52021089630932,95.07908611599298,11.07205623901582,36.80140597539543,31.810193321616875,67.6274165202109,83.30404217926187,90.26362038664324,81.8980667838313,48.33040421792619,79.96485061511424,41.89806678383129,64.53427065026362,90.61511423550088,70.29876977152901,55.7469244288225,20.738137082601057,58.34797891036907,73.98945518453428,65.30755711775045,71.52899824253076,85.83479789103691,87.45166959578208,91.2829525483304,26.959578207381373,64.39367311072057,63.05799648506152,61.44112478031635,63.3743409490334,66.39718804920915,54.51669595782074,37.293497363796135,58.17223198594025,18.629173989455182,31.21265377855888,69.84182776801407,34.376098418277685,39.05096660808436,75.88752196836556,56.76625659050967,64.28822495606327,74.72759226713534,45.79964850615114
CCC(CC)C(CC)(CC)COC[C@H]1O[C@@](C#N)(c2ccc3c(N)ncnn23)[C@H](O)[C@@H]1O,445.5640000000001,2.41018,8,3,4.0,0.5065776412996065,4,138.92,0,0,0,0.5512611,0.317659,0.7537379,0.0029320084,0.038916398,0.055991124,0.03274532,0.08473114,0.04670974,0.5624685,0.17729662,0.05464847,0.4656027,0.4561225,0.89295924,0.04464111,0.058280636,0.026431698,0.059855856,0.04779049,0.10561772,0.041784164,0.30782482,0.20664182,0.17229035,0.06784861,0.056669116,0.090711996,0.20256262,0.3839088,0.4685072,-5.4146633,37.121437,77.76959,57.441948,-18.035719,3.5355287,2.9972394,90.95611,-4.4949727,15.867142,74.86818980667839,50.790861159929705,84.51669595782074,78.20738137082601,63.44463971880493,47.24077328646749,81.28295254833041,83.30404217926187,47.59226713532514,25.869947275922677,37.188049209138846,83.09314586994728,20.316344463971884,41.335676625659055,20.949033391915645,36.27416520210897,24.32337434094904,49.13884007029878,43.02284710017575,48.01405975395431,62.91739894551846,65.86994727592268,17.644991212653782,90.72056239015818,53.0755711775044,25.97539543057997,81.93321616871705,81.26537785588754,53.46221441124781,67.1353251318102,74.13005272407733,59.54305799648507,77.85588752196837,26.572934973637963,62.84710017574693,57.78558875219685,81.01933216168717,74.90333919156416,63.05799648506152,84.92091388400704,31.669595782073817,60.87873462214412,26.08084358523726,54.76274165202109,83.3743409490334,84.63971880492092,21.58172231985941,94.90333919156416,79.43760984182778,71.28295254833041,22.81195079086116,96.8365553602812
CCC(C=O)CCC=O,128.171,1.1906,2,0,4.0,0.521032179349083,1,34.14,0,1,1,0.6718727,0.9884836,0.9112954,0.12797514,0.03190144,0.22219205,0.004102095,0.16482203,0.0027697098,0.40295482,0.00081288564,0.41016635,0.04078213,0.22451906,0.9997139,0.010372562,0.005875642,0.0027363505,0.0017880568,0.0027576943,0.028630745,0.008314135,0.96702564,0.0010769066,0.03980645,0.006011566,0.019487893,0.0008466003,0.0073556947,0.8557804,0.024733737,-3.8576064,81.45253,15.817314,3.1851745,-5.288343,1.7199177,0.60139716,31.12672,-0.62347203,-1.1425699,5.869947275922672,34.13005272407733,17.10017574692443,11.63444639718805,63.44463971880493,49.24428822495607,55.32513181019333,17.521968365553604,47.59226713532514,66.52021089630932,83.09314586994728,90.19332161687171,95.39543057996484,82.95254833040423,59.26186291739895,32.89982425307557,74.41124780316345,20.52724077328647,63.05799648506152,8.752196836555362,46.18629173989456,16.94200351493849,88.11950790861161,26.748681898066785,36.94200351493849,67.02987697715291,48.40070298769772,8.224956063268893,17.891036906854133,17.223198594024606,9.103690685413008,5.483304042179262,54.6572934973638,85.62390158172232,14.903339191564148,21.687170474516694,41.44112478031635,54.48154657293498,11.845342706502636,25.4481546572935,90.54481546572936,15.1493848857645,99.402460456942,80.28119507908612,40.105448154657296,27.697715289982423,92.65377855887525,11.142355008787348,40.31634446397189,15.430579964850615,88.2249560632689,24.67486818980668
CCC(CC)CCC(CC)COC(=O)[C@H](C)N[P@](=O)(O)Oc1ccccc1,399.4680000000001,4.929700000000006,4,2,4.0,0.3613564624477183,3,84.86,0,1,2,0.046144426,0.88521034,0.6965648,0.17851987,0.22673485,0.27154619,0.15451145,0.40539056,0.524123,0.65873194,0.2880534,0.20716271,0.18908557,0.22867593,0.998381,0.008325444,0.019949418,0.01802298,0.055239685,0.045585047,0.14283806,0.087133855,0.9046075,0.6306425,0.19414869,0.004123411,0.06596624,0.19444731,0.02635,0.68829167,0.82845926,-5.205252,61.276024,86.62736,44.925793,-9.082299,2.7765934,3.3924975,94.82296,-3.303125,11.426544,65.37785588752197,87.97891036906854,48.55887521968366,61.37082601054482,63.44463971880493,28.1195079086116,76.60808435852373,57.9261862917399,47.59226713532514,66.52021089630932,95.07908611599298,12.442882249560634,66.6432337434095,32.93497363796134,63.72583479789104,67.80316344463972,83.44463971880492,71.8804920913884,82.91739894551846,86.11599297012303,75.1493848857645,73.32161687170475,60.913884007029885,68.57644991212655,37.25834797891037,52.12653778558876,42.00351493848858,40.421792618629176,47.80316344463972,65.69420035149385,73.32161687170475,72.79437609841828,86.36203866432338,66.25659050966608,82.7768014059754,60.80843585237259,35.571177504393674,77.46924428822496,73.53251318101934,47.697715289982426,71.52899824253076,81.15992970123024,35.53602811950791,70.54481546572936,86.50263620386644,78.91036906854131,76.4499121265378,70.43936731107206,86.74868189806679,78.38312829525483,45.90509666080844,92.091388400703
CCC(C)C(C)OC(=O)O,146.18599999999998,2.1156,2,1,4.0,0.6201023369167366,2,46.53,0,0,0,0.013983901,0.7018643,0.9004139,0.00958327,0.021355873,0.28924853,0.013882744,0.07306654,0.009206494,0.1903378,0.00019144747,0.2829593,0.040459096,0.3021533,0.9841921,0.0023384502,0.007954317,0.0011331979,0.0013253958,0.009869287,0.052784633,0.01670406,0.52938426,0.005228096,0.022628125,0.00090226735,0.004763622,0.0051511377,0.0026983304,0.4484992,0.02345252,-4.258993,66.58945,17.673702,-15.464328,-5.231374,1.6934122,0.352966,64.57786,-1.7007835,0.2318997,8.822495606326891,46.36203866432338,17.10017574692443,36.59050966608085,63.44463971880493,62.98769771528999,69.84182776801407,28.26010544815466,47.59226713532514,25.869947275922677,37.188049209138846,3.620386643233744,48.33040421792619,79.15641476274166,29.806678383128297,26.36203866432337,86.0456942003515,36.344463971880494,38.94551845342707,24.04217926186292,25.69420035149385,7.416520210896309,74.62214411247804,26.46748681898067,43.3743409490334,36.977152899824254,13.848857644991211,13.181019332161688,9.630931458699472,13.567662565905096,35.21968365553603,23.51493848857645,65.48330404217927,35.289982425307564,27.381370826010546,11.739894551845344,14.165202108963094,27.065026362038665,28.998242530755714,13.04042179261863,40.07029876977153,14.551845342706503,94.02460456942003,73.32161687170475,41.93321616871705,3.655536028119508,92.79437609841828,10.369068541300528,35.606326889279444,40.597539543058,74.97363796133568,37.39894551845343
CCC(COC(=O)O)C(CC)(CC)COC(=O)O,262.3019999999999,3.208200000000001,4,2,4.0,0.6522687075630215,1,93.06000000000002,0,0,0,0.032663204,0.55935913,0.7044201,0.0016758278,0.019598642,0.106363654,0.011971863,0.03226959,0.043288104,0.11651585,0.00018468607,0.29736823,0.09172483,0.12449156,0.7061368,0.0022456148,0.0077963336,0.00051995256,0.00076085154,0.018496579,0.089296505,0.009898435,0.093142755,0.0032783714,0.034537565,0.000816569,0.0033922628,0.0014661292,0.0029334116,0.60187036,0.031232085,-4.787733,65.452255,34.25641,-20.056849,-9.601156,1.727623,-0.25402194,82.86142,-2.9541264,0.0954382,30.36906854130053,64.53427065026362,48.55887521968366,61.37082601054482,63.44463971880493,67.24077328646749,55.32513181019333,63.77855887521969,47.59226713532514,25.869947275922677,37.188049209138846,8.822495606326891,37.36379613356767,33.95430579964851,16.766256590509666,25.20210896309315,39.33216168717048,34.6572934973638,23.7609841827768,46.95957820738138,17.785588752196837,7.275922671353252,76.59050966608085,48.54130052724078,22.70650263620387,19.859402460456945,13.145869947275925,13.005272407732866,6.537785588752198,8.576449912126538,52.65377855887522,50.68541300527241,58.06678383128296,17.082601054481547,23.690685413005276,18.910369068541304,13.145869947275925,21.195079086116,16.063268892794376,13.848857644991211,61.12478031634447,18.594024604569423,60.45694200351495,72.65377855887523,57.29349736379614,2.1441124780316345,73.0755711775044,11.212653778558876,26.572934973637963,58.94551845342707,53.63796133567663,36.02811950790861
CC(=O)OC[C@H]1O[C@@](C#N)(c2ccc3c(N)ncnn23)[C@H](O)[C@@H]1O,333.30400000000003,-1.2859199999999995,9,3,4.0,0.5815819869050942,4,155.98999999999998,0,0,0,0.67797065,0.44050306,0.77590686,0.00048054443,0.004829498,0.059018157,0.002725304,0.016170222,0.0038282562,0.22301908,0.0023082152,0.07234862,0.36871228,0.800985,0.8170498,0.019326543,0.035341714,0.016868386,0.015037337,0.014324124,0.08840194,0.007840061,0.05865588,0.0039977417,0.07070823,0.027982727,0.013855604,0.009069525,0.1480825,0.34061345,0.08033125,-5.6482596,3.9485335,24.436258,1.3892208,-20.775457,3.1718488,0.24481173,51.211708,-2.6430876,-0.28489804,49.87697715289983,12.9701230228471,88.08435852372584,78.20738137082601,63.44463971880493,57.85588752196837,81.28295254833041,86.71353251318102,47.59226713532514,25.869947275922677,37.188049209138846,90.4042179261863,28.295254833040424,46.010544815465735,10.790861159929705,8.260105448154658,24.88576449912127,16.414762741652023,15.60632688927944,12.40773286467487,29.736379613356767,23.02284710017575,22.74165202108963,84.49912126537787,72.51318101933217,23.02284710017575,65.06151142355009,64.00702987697716,46.924428822495614,46.36203866432338,45.79964850615114,50.19332161687171,53.60281195079087,14.481546572934976,25.483304042179263,34.90333919156415,69.03339191564149,47.48681898066784,34.90333919156415,79.68365553602813,25.90509666080844,29.209138840070302,20.562390158172235,18.4182776801406,48.75219683655536,24.67486818980668,15.1493848857645,87.48681898066785,33.95430579964851,29.173989455184536,58.94551845342707,32.75922671353251
CCC(C=O)C(C)C(CC)CC,170.29599999999996,3.283800000000002,1,0,4.0,0.5589966293854977,2,17.07,0,1,1,0.071879975,0.98790103,0.82555896,0.106607676,0.21252768,0.1369101,0.03453709,0.28081822,0.024554448,0.4899457,0.009228542,0.14247823,0.01811495,0.09702554,0.99998105,0.0015392224,0.0054771425,0.0013715232,0.0044351965,0.0052000126,0.03151797,0.0027719582,0.99004984,0.012457045,0.019235807,0.00054205675,0.014211753,0.0067839203,0.0011574763,0.8233551,0.13928236,-4.17956,144.76596,97.01987,43.472622,-0.5068003,1.444052,2.8505683,72.28922,-4.031121,9.188548,12.899824253075572,65.76449912126539,6.854130052724078,11.63444639718805,63.44463971880493,54.692442882249566,69.84182776801407,8.383128295254833,47.59226713532514,66.52021089630932,83.09314586994728,19.859402460456945,94.8681898066784,56.871704745166966,56.555360281195085,66.5377855887522,51.66959578207382,50.05272407732865,75.60632688927944,38.38312829525484,54.72759226713533,33.88400702987698,43.93673110720563,11.669595782073817,18.453427065026364,86.92442882249561,9.068541300527242,6.924428822495607,11.423550087873464,28.57644991212654,19.47275922671353,7.170474516695959,34.833040421792624,97.15289982425308,34.93848857644991,9.595782073813709,9.279437609841828,47.90861159929702,31.915641476274168,5.905096660808437,87.20562390158173,36.239015817223205,95.81722319859404,97.2231985940246,89.20913884007031,77.85588752196837,98.31282952548332,4.288224956063269,76.87170474516697,48.33040421792619,31.84534270650264,88.2249560632689
CCC(C=O)C(C)C,114.188,1.8675,1,0,4.0,0.5117468946760989,1,17.07,0,1,1,0.1147507,0.9876064,0.93503344,0.21589184,0.074438944,0.2043566,0.008682402,0.23705289,0.0038116234,0.39514884,0.00081228575,0.18807851,0.014348736,0.18719344,0.9999812,0.0016622746,0.0044313762,0.0020819772,0.0020858562,0.0027913894,0.030068133,0.0028651338,0.9897345,0.0015655623,0.014526539,0.0011815736,0.008032928,0.002635678,0.0013128503,0.7192072,0.029405702,-3.8755524,115.37805,53.869152,18.157177,-1.5624273,1.4627264,1.5495524,42.828533,-1.7198118,2.9235356,4.780316344463972,42.42530755711776,6.854130052724078,11.63444639718805,63.44463971880493,47.873462214411255,55.32513181019333,8.383128295254833,47.59226713532514,66.52021089630932,83.09314586994728,31.07205623901582,94.55184534270651,91.493848857645,66.92442882249561,46.924428822495614,70.7908611599297,29.560632688927942,71.8804920913884,12.372583479789103,45.62390158172232,16.94200351493849,56.06326889279438,9.736379613356767,33.00527240773287,86.95957820738138,9.876977152899824,4.6045694200351495,14.83304042179262,19.0158172231986,9.384885764499122,6.32688927943761,35.571177504393674,97.11775043936731,17.785588752196837,5.940246045694201,17.047451669595784,36.62565905096661,21.441124780316347,6.643233743409491,75.11423550087873,17.891036906854133,99.2267135325132,92.19683655536028,71.38840070298771,55.149384885764505,97.29349736379616,4.534270650263621,54.376098418277685,22.601054481546576,74.79789103690686,62.284710017574696
CCC(C)C(C=O)CC,128.21499999999995,2.2576,1,0,4.0,0.5306255577418365,2,17.07,0,1,1,0.11590537,0.99030954,0.90756094,0.2125313,0.117228165,0.1804094,0.01364398,0.24626787,0.0060293972,0.43885756,0.0018144216,0.15818582,0.014976708,0.15243919,0.99998665,0.0016666984,0.0048433,0.0019475846,0.0027509795,0.0032467605,0.030681634,0.0028671152,0.9913009,0.0027014583,0.014753151,0.001061285,0.009842035,0.0031973128,0.0013248182,0.77639955,0.046931047,-3.9613361,127.43227,69.300964,24.581814,-0.90054494,1.4695842,2.02611,52.809654,-2.4449584,4.617978,5.869947275922672,48.29525483304042,6.854130052724078,11.63444639718805,63.44463971880493,50.50966608084359,69.84182776801407,8.383128295254833,47.59226713532514,66.52021089630932,83.09314586994728,31.247803163444644,96.55536028119508,82.07381370826012,66.5377855887522,54.62214411247804,65.3427065026362,36.13356766256591,72.65377855887523,18.34797891036907,49.38488576449912,22.00351493848858,48.26010544815466,10.017574692442883,28.014059753954307,88.57644991212655,9.876977152899824,5.448154657293498,14.13005272407733,22.31985940246046,11.036906854130054,6.889279437609843,35.606326889279444,98.06678383128296,22.00351493848858,6.151142355008788,15.992970123022848,41.0896309314587,23.44463971880492,6.678383128295256,82.49560632688929,23.51493848857645,98.66432337434097,94.55184534270651,80.49209138840071,63.65553602811951,97.8207381370826,4.674868189806679,63.02284710017575,30.474516695957824,62.53075571177505,72.37258347978911
CCC(CC)C(=O)O,116.15999999999998,1.5072,1,1,4.0,0.6064010060918424,0,37.3,0,0,0,0.03733178,0.8901669,0.9100704,0.0069151134,0.0066004037,0.24661763,0.0041887835,0.10372697,0.002946122,0.16983603,0.000105249404,0.2987476,0.03907329,0.21597452,0.993731,0.0035750393,0.008451173,0.0017608904,0.00074479333,0.0035370465,0.03131024,0.005198251,0.68200743,0.0012338979,0.01811012,0.0009007626,0.0043686586,0.0013225103,0.0024360246,0.4628219,0.012912726,-4.110321,53.588665,-6.5837417,-9.095002,-6.4058943,1.6553075,-0.24352936,33.647533,-0.43807548,-1.9214836,4.850615114235501,37.57469244288225,6.854130052724078,36.59050966608085,63.44463971880493,61.08963093145871,22.601054481546576,19.68365553602812,47.59226713532514,25.869947275922677,37.188049209138846,9.947275922671354,67.24077328646749,82.70650263620388,27.24077328646749,10.93145869947276,79.05096660808437,20.738137082601057,48.471001757469246,9.103690685413008,23.51493848857645,5.342706502636204,76.8365553602812,25.90509666080844,36.09841827768015,42.84710017574693,20.667838312829527,14.305799648506152,13.462214411247803,8.400702987697716,12.302284710017576,7.135325131810194,46.08084358523726,42.88224956063269,15.92267135325132,8.400702987697716,14.13005272407733,25.237258347978912,14.973637961335678,11.8804920913884,42.14411247803164,7.803163444639719,96.87170474516697,66.4323374340949,17.504393673110723,8.506151142355009,89.98242530755712,9.068541300527242,26.713532513181026,17.117750439367313,90.47451669595785,18.031634446397188
CCC(COC(=O)O)C(C)COC(=O)O,220.221,2.0379,4,2,4.0,0.6650834904282312,2,93.06000000000002,0,0,0,0.018808518,0.57535315,0.7646848,0.0016825419,0.015454104,0.13178131,0.010227957,0.017215358,0.020339586,0.08119816,6.7547255e-05,0.3388844,0.11005726,0.21277377,0.7602668,0.0014534834,0.0080920635,0.0008863827,0.0004840916,0.0106249545,0.063669965,0.0062145926,0.058765102,0.0015867237,0.024166577,0.00076525536,0.0021885755,0.0008847926,0.0022006817,0.3974508,0.015011184,-4.865927,45.397346,15.275564,-23.768219,-10.24077,1.7319515,-0.95508116,73.12473,-2.1425865,-0.8051182,20.878734622144115,45.27240773286468,48.55887521968366,61.37082601054482,63.44463971880493,69.3145869947276,69.84182776801407,63.77855887521969,47.59226713532514,25.869947275922677,37.188049209138846,5.30755711775044,38.55887521968366,43.69068541300528,16.766256590509666,21.82776801405976,50.15817223198594,32.02108963093146,16.485061511423552,35.18453427065027,13.145869947275925,3.690685413005273,82.10896309314587,53.46221441124781,35.887521968365554,21.40597539543058,8.471001757469246,13.42706502636204,8.295254833040422,6.256590509666081,37.53954305799649,33.84885764499121,49.3145869947276,14.51669595782074,17.785588752196837,12.688927943760984,12.267135325131813,15.465729349736382,11.95079086115993,10.579964850615116,33.49736379613357,9.349736379613358,54.833040421792624,60.63268892794377,39.613356766256594,1.335676625659051,68.7170474516696,11.353251318101934,18.207381370826013,49.03339191564148,68.57644991212655,27.48681898066784
CCCCOC(=O)[C@H](C)N[P@](=O)(O)Oc1ccc(CC)cc1,329.3330000000001,3.0496000000000016,4,2,4.0,0.4113987581607325,2,84.86,0,2,2,0.10655483,0.7114343,0.82692784,0.30541748,0.49036947,0.3774549,0.28186178,0.28943115,0.18334967,0.6490254,0.3132916,0.2096155,0.13147356,0.5212617,0.9974028,0.019983351,0.038600843,0.090801194,0.14012596,0.072162494,0.18740273,0.16417441,0.88570607,0.50163555,0.2641675,0.02923503,0.07299616,0.34052223,0.07614167,0.469554,0.5451199,-5.17503,52.919666,62.77838,0.7404362,-10.172197,2.7518494,2.6029956,84.36769,-2.2796226,3.535567,48.99824253075572,61.968365553602816,48.55887521968366,61.37082601054482,63.44463971880493,34.41124780316345,69.84182776801407,57.9261862917399,47.59226713532514,87.9261862917399,95.07908611599298,28.857644991212656,49.42003514938489,57.29349736379614,72.72407732864676,84.81546572934974,94.13005272407732,80.21089630931459,76.2390158172232,70.40421792618629,73.70826010544816,74.90333919156416,61.37082601054482,58.418277680140605,56.344463971880494,48.96309314586996,66.11599297012303,67.97891036906854,70.33391915641477,80.66783831282953,81.8980667838313,81.8980667838313,92.8646748681898,63.09314586994728,77.89103690685414,67.80316344463972,69.59578207381371,78.98066783831284,80.87873462214412,67.94376098418279,43.02284710017575,65.27240773286468,36.977152899824254,65.90509666080844,76.41476274165203,23.65553602811951,69.13884007029877,69.06854130052724,73.00527240773287,60.56239015817224,66.01054481546574,66.18629173989456
CCCC(C=O)CC,114.188,2.0116,1,0,4.0,0.5108206545150248,1,17.07,0,1,1,0.14309536,0.9926585,0.92282313,0.43368396,0.11098169,0.19389895,0.011928655,0.24807397,0.00547494,0.39366752,0.0012748276,0.17750971,0.016551828,0.19602275,0.9999908,0.0017224865,0.0054732203,0.0036306859,0.002332784,0.0023069866,0.030862082,0.002635001,0.9909426,0.002302486,0.013851775,0.0014274926,0.008632064,0.0023149073,0.0013873198,0.754435,0.038680617,-3.8933792,121.60286,58.405964,18.744432,-1.3444697,1.4611478,1.7098217,46.469288,-1.9583031,2.974375,4.780316344463972,44.8506151142355,6.854130052724078,11.63444639718805,63.44463971880493,47.66256590509666,55.32513181019333,8.383128295254833,47.59226713532514,66.52021089630932,83.09314586994728,36.52021089630932,97.89103690685414,87.17047451669596,78.66432337434095,53.49736379613357,68.33040421792619,34.62214411247803,72.82952548330405,16.731107205623903,45.5536028119508,19.894551845342708,53.39191564147628,10.86115992970123,33.63796133567663,90.82601054481547,10.123022847100176,6.889279437609843,22.70650263620387,20.246045694200355,7.065026362038665,6.924428822495607,33.77855887521969,97.78558875219684,20.632688927943764,5.518453427065027,19.75395430579965,38.13708260105449,20.14059753954306,6.959578207381371,79.33216168717048,21.124780316344467,99.12126537785588,93.35676625659052,73.98945518453428,56.06326889279438,97.50439367311073,4.499121265377856,56.90685413005273,25.4481546572935,71.91564147627417,62.601054481546576
CCC(COC(=O)O)C(C)C(=O)O,190.195,1.4279000000000002,3,2,4.0,0.6403978451960922,2,83.83,0,0,0,0.022217931,0.52250886,0.8135482,0.00052344875,0.0064418847,0.12026397,0.004422183,0.012663981,0.0036850856,0.06436062,4.636151e-05,0.2870421,0.06977202,0.24868536,0.7848259,0.002110739,0.011094579,0.0008028002,0.0003086516,0.005161985,0.04567134,0.002822085,0.05204003,0.00087899977,0.015559986,0.00063472876,0.0015606787,0.00034863525,0.0018641936,0.3596205,0.006272803,-4.970997,25.84512,-3.6915956,-20.297287,-11.464955,1.7428882,-1.6245304,53.019653,-1.3207629,-1.9735241,16.203866432337435,37.01230228471002,32.653778558875224,61.37082601054482,63.44463971880493,65.37785588752197,69.84182776801407,57.31107205623902,47.59226713532514,25.869947275922677,37.188049209138846,6.115992970123023,34.41124780316345,53.53251318101934,11.142355008787348,10.685413005272409,45.48330404217926,21.23022847100176,14.094903339191566,11.810193321616874,10.720562390158172,3.19859402460457,75.18453427065027,40.31634446397189,39.08611599297013,22.03866432337434,12.196836555360282,20.91388400702988,7.873462214411249,4.323374340949034,19.33216168717048,17.469244288224957,35.289982425307564,13.778558875219684,13.567662565905096,6.783831282952549,10.509666080843584,12.09138840070299,6.39718804920914,9.595782073813709,28.64674868189807,3.620386643233744,47.697715289982426,44.49912126537786,20.45694200351494,2.0386643233743413,59.19156414762743,11.70474516695958,11.17750439367311,30.65026362038665,79.78910369068542,17.574692442882252
CCC(CC)C1OC(O)[C@H](C)N[P@@](=O)(Oc2ccccc2)O1,329.333,3.279100000000001,5,2,4.0,0.8074476251478049,4,77.02000000000001,0,1,2,0.66929567,0.8565038,0.8539875,0.0714338,0.48585433,0.18837436,0.13509874,0.26561758,0.101177335,0.67197007,0.43026948,0.1827817,0.13151383,0.4793349,0.9976797,0.011888559,0.021981277,0.06753277,0.11788677,0.027583424,0.116517305,0.038223393,0.8968142,0.41350967,0.27648428,0.024050029,0.04704879,0.18168709,0.040898208,0.5227787,0.6431917,-5.230035,20.527658,55.367798,7.5681677,-11.880221,3.6657093,2.699713,79.70493,-2.5655887,1.7918386,48.99824253075572,65.69420035149385,61.880492091388405,61.37082601054482,63.44463971880493,90.4042179261863,81.28295254833041,51.9859402460457,47.59226713532514,66.52021089630932,95.07908611599298,90.05272407732865,62.7768014059754,64.49912126537787,50.93145869947276,84.49912126537787,67.20562390158173,70.22847100175747,74.37609841827769,60.49209138840071,77.01230228471002,79.82425307557118,54.55184534270651,58.45342706502637,54.72759226713533,49.45518453427066,51.81019332161688,44.11247803163445,66.99472759226714,77.89103690685414,61.72231985940247,64.63971880492092,76.59050966608085,64.81546572934974,74.2706502636204,68.89279437609842,66.99472759226714,71.24780316344464,72.40773286467487,56.555360281195085,50.22847100175748,69.56063268892795,34.16520210896309,38.242530755711776,72.44288224956064,35.606326889279444,55.95782073813709,96.3444639718805,74.48154657293497,55.64147627416521,60.21089630931459,53.60281195079087
CCC1CCOP(=O)(O)O[P@](=O)(Oc2ccccc2)N[C@@H](C)C(O)OC1,409.31200000000007,3.0501000000000005,7,3,4.0,0.6463397753813822,5,123.55000000000004,0,1,2,0.29025692,0.64141655,0.7465919,0.04424723,0.3739107,0.18015721,0.1354033,0.13091052,0.2682618,0.4264625,0.21806653,0.2776404,0.20625608,0.49379748,0.89800245,0.013941402,0.037105232,0.05157864,0.11595254,0.038375653,0.17616603,0.06432545,0.48358995,0.3716962,0.287572,0.018950425,0.030090788,0.15605481,0.051146664,0.38749567,0.50995475,-5.82822,3.9494014,41.415596,-5.004426,-16.259867,3.1357098,1.6697884,76.44102,-1.3931367,-0.64610726,67.55711775043937,61.968365553602816,79.85940246045695,78.20738137082601,63.44463971880493,66.32688927943761,85.04393673110721,80.0,47.59226713532514,66.52021089630932,95.07908611599298,59.19156414762743,43.65553602811951,40.45694200351494,45.4481546572935,79.05096660808437,65.27240773286468,70.26362038664324,56.52021089630932,75.78207381370827,48.471001757469246,68.92794376098419,73.81370826010546,70.68541300527241,55.28998242530757,26.22144112478032,56.62565905096661,66.25659050966608,63.05799648506152,77.39894551845343,69.56063268892795,80.17574692442884,83.05799648506152,33.46221441124781,72.40773286467487,69.66608084358525,63.26889279437611,62.24956063268893,70.08787346221442,60.84358523725835,32.16168717047452,63.26889279437611,17.012302284710017,18.4182776801406,62.74165202108964,13.954305799648507,28.26010544815466,86.74868189806679,56.09841827768015,52.26713532513182,78.76977152899825,29.138840070298773
CCC(CC)COC(O)(O)C(OC(=O)O)C(CC)CC,292.37200000000007,2.577000000000001,5,3,4.0,0.4228428687834917,1,96.22,0,1,1,0.0029968645,0.44475856,0.8258421,0.0037823308,0.06462397,0.19508219,0.05771799,0.070397474,0.029756531,0.2387846,0.0060878554,0.15795687,0.027523931,0.24547717,0.9337683,0.0014336039,0.013464598,0.0013707768,0.003916177,0.01902466,0.08432277,0.019421397,0.43712464,0.035673607,0.02857976,0.000340849,0.0037045826,0.012968568,0.0015022854,0.41208905,0.08509755,-4.939212,72.03142,37.328777,-10.657171,-10.189928,1.7286465,1.2606905,77.71372,-2.432813,3.6663795,38.20738137082601,53.88400702987698,61.880492091388405,78.20738137082601,63.44463971880493,35.95782073813709,55.32513181019333,65.76449912126539,47.59226713532514,66.52021089630932,83.09314586994728,0.8084358523725835,28.681898066783837,56.90685413005273,22.46045694200352,44.42882249560633,68.47100175746925,57.22319859402461,37.78558875219684,41.01933216168717,31.669595782073817,31.00175746924429,48.154657293497365,17.398945518453427,38.87521968365554,29.068541300527244,8.365553602811952,26.85413005272408,11.423550087873464,26.643233743409493,53.35676625659051,47.557117750439375,67.45166959578208,31.3884007029877,42.81195079086116,15.289982425307558,6.748681898066785,22.42530755711775,38.20738137082601,7.557117750439368,35.67662565905097,29.77152899824253,49.701230228471005,75.71177504393674,59.92970123022848,7.627416520210897,68.99824253075572,11.212653778558876,49.34973637961336,53.70826010544816,62.74165202108964,67.1353251318102
CCC(C=O)C(C)C=O,128.171,1.0465,2,0,4.0,0.5300951582164264,2,34.14,0,1,1,0.63226396,0.97955215,0.90945005,0.039863277,0.027106244,0.20436974,0.0036312442,0.12092553,0.0024165963,0.38109443,0.00076869887,0.38191158,0.032463517,0.21458933,0.999609,0.011047623,0.005451762,0.0019189492,0.0023530838,0.00391148,0.03037775,0.00988446,0.95434874,0.0007885209,0.05448694,0.006073583,0.02615491,0.0012104274,0.008941315,0.8325464,0.017544262,-3.8311267,76.67473,12.335422,4.714966,-4.8973484,1.708939,0.6228031,29.53863,-0.4721631,-0.44013476,5.869947275922672,32.16168717047452,17.10017574692443,11.63444639718805,63.44463971880493,50.43936731107206,69.84182776801407,17.521968365553604,47.59226713532514,66.52021089630932,83.09314586994728,88.01405975395431,89.73637961335677,82.53075571177506,44.21792618629174,30.298769771529003,70.7908611599297,19.226713532513184,53.39191564147628,7.451669595782074,44.39367311072056,16.520210896309315,85.97539543057998,21.195079086116,36.02811950790861,63.831282952548335,50.017574692442885,6.889279437609843,14.0597539543058,20.28119507908612,13.884007029876978,6.608084358523726,58.03163444639719,80.66783831282953,12.79437609841828,29.525483304042183,41.58172231985941,59.92970123022848,14.340949033391915,28.22495606326889,88.01405975395431,11.24780316344464,99.5079086115993,78.34797891036908,36.37961335676626,30.544815465729357,93.53251318101934,10.826010544815468,40.52724077328647,14.551845342706503,90.05272407732865,31.247803163444644
CCC(CC)c1ccc(O[P@@](=O)(O)N[C@@H](C)C(=O)OC)cc1,329.3330000000001,3.220500000000002,4,2,4.0,0.56254882494575,2,84.86,0,1,2,0.116723195,0.54007894,0.80273896,0.20286413,0.4775371,0.35553926,0.3483755,0.24153657,0.23449573,0.6004814,0.39844176,0.26609597,0.16013955,0.48900184,0.9905485,0.023541322,0.03667272,0.07231812,0.16028325,0.09895823,0.19289282,0.17343839,0.7986002,0.40378326,0.28018332,0.0325917,0.09162435,0.31607372,0.08496548,0.44053563,0.53836757,-5.2324553,18.877369,41.741817,10.622088,-11.195496,3.2772942,2.3703654,82.247284,-2.3625305,3.6820087,48.99824253075572,64.67486818980669,48.55887521968366,61.37082601054482,63.44463971880493,55.28998242530757,69.84182776801407,57.9261862917399,47.59226713532514,66.52021089630932,95.07908611599298,31.599297012302287,35.782073813708266,51.28295254833041,66.0456942003515,84.14762741652022,92.688927943761,83.62038664323376,72.30228471001759,73.46221441124781,67.83831282952549,78.73462214411248,72.05623901581723,63.831282952548335,55.07908611599297,39.96485061511424,70.15817223198594,65.69420035149385,67.69771528998243,82.91739894551846,86.5377855887522,82.56590509666081,93.32161687170476,51.84534270650264,74.02460456942003,69.27943760984184,71.07205623901582,82.35500878734622,79.85940246045695,70.19332161687171,39.29701230228471,64.88576449912127,34.059753954305805,35.81722319859403,62.95254833040423,41.40597539543058,61.335676625659055,89.94727592267137,68.33040421792619,58.24253075571178,64.60456942003516,67.20562390158173
CCC(CC)COC(=O)[C@@](C)(N[P@](=O)(O)Oc1ccccc1)C(C)=O,371.3700000000001,3.0825000000000014,5,2,4.0,0.3700989211425398,2,101.93,0,2,2,0.07140658,0.6540361,0.80678403,0.04438127,0.2214264,0.33577862,0.16946979,0.14486638,0.06749382,0.531372,0.2678705,0.20899197,0.120969035,0.4831926,0.9944232,0.021365259,0.04284536,0.021769516,0.040129308,0.034084834,0.11923568,0.09716388,0.7755066,0.29894724,0.1513994,0.0114392685,0.04140425,0.06560025,0.035831165,0.43340534,0.35784417,-5.0124846,57.87504,77.682556,9.637825,-9.6927805,3.0241826,3.0023293,89.64021,-2.9069276,4.763808,58.94551845342707,62.39015817223199,61.880492091388405,61.37082601054482,63.44463971880493,29.244288224956065,69.84182776801407,69.34973637961336,47.59226713532514,87.9261862917399,95.07908611599298,19.68365553602812,44.42882249560633,52.12653778558876,45.48330404217926,67.38137082601055,91.24780316344464,73.21616871704745,59.472759226713535,53.63796133567663,59.22671353251319,71.9859402460457,61.26537785588753,55.88752196836556,54.833040421792624,43.55008787346222,67.66256590509667,71.49384885764499,50.4042179261863,59.92970123022848,66.50263620386644,65.97539543057997,87.48681898066785,49.59578207381372,68.7170474516696,54.79789103690686,54.30579964850616,68.33040421792619,58.62917398945519,53.81370826010545,38.45342706502637,55.11423550087874,44.63971880492092,69.17398945518454,83.3743409490334,39.29701230228471,72.40773286467487,83.02284710017575,79.6133567662566,68.89279437609842,54.58699472759227,73.28646748681899
CCC(CC)CC(=O)O,130.187,1.8973,1,1,4.0,0.6306362992241078,0,37.3,0,0,0,0.016830463,0.8158968,0.90518016,0.0028459434,0.00680653,0.23180303,0.003936924,0.086557224,0.0040220236,0.1451223,7.370704e-05,0.253157,0.03031212,0.19054714,0.9897949,0.0026879122,0.008655886,0.0007046777,0.0006757529,0.0043469267,0.038125314,0.005585664,0.5689829,0.0016205516,0.012739743,0.00049787515,0.0030661714,0.0012845484,0.0016397726,0.48892158,0.015679678,-4.204744,55.012794,0.23483162,-9.073544,-6.0115523,1.7607343,0.04910736,47.368004,-1.1555475,-1.3742816,6.291739894551846,43.09314586994728,6.854130052724078,36.59050966608085,63.44463971880493,64.18277680140598,22.601054481546576,19.68365553602812,47.59226713532514,25.869947275922677,37.188049209138846,4.534270650263621,58.98066783831283,80.87873462214412,20.667838312829527,11.17750439367311,76.4499121265378,19.929701230228478,43.79613356766257,12.829525483304044,21.195079086116,4.112478031634447,69.13884007029877,19.43760984182777,33.145869947275926,39.64850615114236,15.746924428822496,14.938488576449911,7.486818980667839,7.732864674868191,15.957820738137084,11.56414762741652,47.31107205623902,36.76625659050967,17.926186291739896,4.991212653778559,8.857644991212654,20.035149384885766,14.586994727592268,8.435852372583481,45.09666080843586,9.91212653778559,95.2548330404218,67.38137082601055,24.67486818980668,8.506151142355009,90.93145869947276,12.372583479789103,31.599297012302287,25.9402460456942,81.82776801405976,22.847100175746927
CCC(CC)COC(=O)[C@H](C)N[P@@](=O)(O)OP(=O)(O)O,333.21400000000006,1.1535999999999995,5,4,4.0,0.3607551809935183,2,142.39,0,1,2,0.048661232,0.5733152,0.32129097,0.05457754,0.20779994,0.050374668,0.0923759,0.0449048,0.36040145,0.12253307,0.032441057,0.3068068,0.103567794,0.08078877,0.13100144,0.010730856,0.047722813,0.014745262,0.022514597,0.063684836,0.20064974,0.012105523,0.06077505,0.043141045,0.1798368,0.0038496784,0.017325968,0.013930815,0.016907249,0.4480291,0.17236006,-5.969128,17.277672,37.384007,8.934454,-16.907629,2.5495794,1.0643898,74.49234,-1.2872978,0.97969896,49.87697715289983,33.49736379613357,61.880492091388405,86.90685413005274,63.44463971880493,28.049209138840077,69.84182776801407,84.3585237258348,47.59226713532514,66.52021089630932,95.07908611599298,13.005272407732866,38.4182776801406,10.193321616871703,47.80316344463972,66.01054481546574,22.63620386643234,64.60456942003516,28.50615114235501,80.28119507908612,18.558875219683657,45.02636203866432,77.9261862917399,51.70474516695958,15.676625659050968,8.752196836555362,49.03339191564148,75.2548330404218,45.48330404217926,51.9859402460457,80.14059753954307,83.65553602811951,61.08963093145871,14.797891036906856,44.53427065026362,59.08611599297013,34.376098418277685,52.056239015817226,38.91036906854131,38.59402460456943,40.03514938488577,39.54305799648507,14.657293497363796,33.81370826010545,60.00000000000001,37.926186291739896,25.90509666080844,56.555360281195085,46.4323374340949,50.50966608084359,80.35149384885766,45.27240773286468
CCC(CC)CC(C)C(CC)CO,186.339,3.467300000000003,1,1,4.0,0.645246812844437,2,20.23,0,0,0,0.015501472,0.97295076,0.820179,0.06366747,0.060712297,0.122072294,0.015999967,0.5344728,0.11077762,0.3756807,0.0038481832,0.1416429,0.026948053,0.040372293,0.99991435,0.0007363261,0.0054850266,0.0009287824,0.0023043468,0.004804419,0.031154161,0.0015844635,0.98437613,0.022770958,0.012900069,0.00012253296,0.004946101,0.008157138,0.0004058796,0.8351679,0.32105586,-4.259993,132.5338,83.83923,60.98418,-1.8901713,1.6075008,2.7608516,71.304665,-3.6618943,13.958188,15.711775043936733,68.7170474516696,6.854130052724078,36.59050966608085,63.44463971880493,66.11599297012303,69.84182776801407,9.666080843585238,47.59226713532514,25.869947275922677,37.188049209138846,4.112478031634447,86.36203866432338,55.32513181019333,49.560632688927946,43.23374340949034,46.25659050966608,37.926186291739896,88.57644991212655,62.07381370826011,43.79613356766257,27.416520210896312,43.58523725834798,17.082601054481547,7.873462214411249,75.00878734622145,3.690685413005273,6.959578207381371,8.400702987697716,20.175746924428825,17.680140597539545,7.065026362038665,24.46397188049209,94.93848857644991,39.26186291739895,5.061511423550089,2.741652021089631,27.838312829525485,33.88400702987698,2.8471001757469248,88.15465729349737,52.056239015817226,94.02460456942003,95.39543057996484,85.76449912126539,86.25659050966608,97.11775043936731,7.908611599297013,75.60632688927944,47.38137082601055,39.12126537785589,95.28998242530756
CCC(CC)C(C)C(CC)CO,172.31199999999998,3.0772000000000026,1,1,4.0,0.6525317755353978,2,20.23,0,0,0,0.023955267,0.97028095,0.83560956,0.046563916,0.06577739,0.1172204,0.015277214,0.45935163,0.06775076,0.36320233,0.003601168,0.1452405,0.022843756,0.046763934,0.99990976,0.00086516497,0.0057549686,0.0008817562,0.0022421875,0.0040260153,0.027642298,0.0013015901,0.98048556,0.015350153,0.011806445,0.00012427109,0.004967987,0.006596236,0.00041648047,0.82567024,0.23975317,-4.2376394,131.05656,80.273575,54.821693,-1.9746431,1.5650443,2.625488,68.531525,-3.3922107,12.545495,13.216168717047452,62.31985940246047,6.854130052724078,36.59050966608085,63.44463971880493,67.31107205623903,69.84182776801407,9.666080843585238,47.59226713532514,25.869947275922677,37.188049209138846,6.502636203866433,85.62390158172232,59.472759226713535,46.0456942003515,44.78031634446398,43.93673110720563,37.50439367311073,85.27240773286468,53.77855887521969,42.63620386643234,26.78383128295255,44.56942003514939,14.235500878734625,9.244288224956064,74.83304042179263,4.499121265377856,7.838312829525484,8.224956063268893,19.96485061511424,14.622144112478033,4.815465729349737,22.42530755711775,93.04042179261864,36.59050966608085,4.534270650263621,2.776801405975396,27.978910369068544,31.52899824253076,2.882249560632689,87.48681898066785,45.58875219683656,94.62214411247804,95.07908611599298,84.18277680140598,83.44463971880492,97.11775043936731,6.748681898066785,73.25131810193322,44.25307557117751,44.32337434094904,93.49736379613356
CCC(C)COC(=O)O,132.159,1.7271,2,1,4.0,0.5945835483128994,1,46.53,0,0,0,0.023951132,0.8319591,0.9062424,0.010578295,0.012104865,0.25816283,0.006235683,0.100465104,0.009076763,0.18043453,9.78614e-05,0.31805772,0.04966413,0.23358968,0.9884025,0.0027997785,0.0076118014,0.0014497481,0.0008930819,0.0074388967,0.048014563,0.011060665,0.59051675,0.0028470154,0.023634743,0.0010622942,0.004376526,0.0029088112,0.0028531272,0.4626499,0.021597717,-4.2576284,63.71339,14.748851,-17.079174,-5.5476356,1.7932146,0.1852791,61.05855,-1.4329574,0.10667634,6.678383128295256,40.45694200351494,17.10017574692443,36.59050966608085,63.44463971880493,59.29701230228471,55.32513181019333,28.26010544815466,47.59226713532514,25.869947275922677,37.188049209138846,6.502636203866433,60.52724077328647,81.33567662565906,30.826010544815468,18.383128295254835,81.47627416520211,25.096660808435853,47.7328646748682,23.936731107205627,24.710017574692444,4.956063268892795,79.22671353251319,32.02108963093146,37.82073813708261,38.73462214411248,16.414762741652023,12.548330404217928,12.02108963093146,9.736379613356767,27.275922671353253,19.43760984182777,59.68365553602813,37.750439367311074,22.49560632688928,12.40773286467487,15.992970123022848,25.27240773286468,22.530755711775047,13.532513181019333,42.14411247803164,13.673110720562391,94.09490333919156,71.84534270650265,39.05096660808436,2.741652021089631,92.12653778558877,13.708260105448156,33.391915641476274,37.01230228471002,78.34797891036908,36.09841827768015
CCC(CC)COC(=O)CCN[P@](=O)(O)Oc1ccccc1,329.333,3.124900000000001,4,2,4.0,0.5066405464098117,1,84.86,0,1,2,0.051497333,0.81551564,0.8353945,0.13033994,0.17284717,0.32931298,0.08314776,0.3201236,0.23429818,0.49065748,0.080803774,0.2239937,0.19496472,0.2834929,0.9948659,0.009695137,0.02898777,0.026550982,0.021715548,0.022021553,0.11970749,0.03898416,0.82028276,0.23466082,0.080092266,0.0046388684,0.020122234,0.04550443,0.012920743,0.54066336,0.5080873,-5.0738406,56.72077,65.7964,5.985585,-10.274135,2.9146729,2.5689607,82.43752,-2.1933348,5.262023,48.99824253075572,62.91739894551846,48.55887521968366,61.37082601054482,63.44463971880493,47.24077328646749,55.32513181019333,57.9261862917399,47.59226713532514,66.52021089630932,95.07908611599298,13.532513181019333,58.94551845342707,59.43760984182777,59.54305799648507,62.24956063268893,90.54481546572936,63.12829525483305,78.17223198594026,73.46221441124781,54.79789103690686,55.11423550087874,64.28822495606327,69.3145869947276,41.82776801405976,44.11247803163445,46.60808435852373,54.93848857644992,53.49736379613357,51.31810193321618,56.90685413005273,66.18629173989456,76.90685413005274,53.77855887521969,64.56942003514939,38.62917398945519,37.46924428822496,55.2548330404218,53.5676625659051,34.27065026362039,52.4780316344464,63.16344463971881,41.23022847100176,68.29525483304043,78.34797891036908,32.79437609841828,68.36555360281196,78.45342706502637,72.33743409490334,58.418277680140605,67.69771528998243,75.46572934973639
CCC(C=O)CCO,116.16,0.5939000000000001,2,1,4.0,0.5457906941049129,1,37.3,0,1,1,0.20839794,0.9782697,0.9180444,0.05510273,0.01980966,0.21173346,0.0036731984,0.16942587,0.0026864144,0.28554994,0.0003651922,0.341539,0.02660272,0.15874654,0.99969596,0.0039283447,0.005154151,0.0020850128,0.0012692796,0.0020533758,0.022439588,0.004211947,0.94579726,0.0008427858,0.021101108,0.0017146554,0.00933902,0.0008838639,0.0026581553,0.7301825,0.019054879,-4.0141845,65.21003,-4.970731,8.030421,-6.6554885,1.6040518,0.15113075,22.201733,0.087429,1.2952888,4.850615114235501,27.80316344463972,17.10017574692443,36.59050966608085,63.44463971880493,52.79437609841828,55.32513181019333,19.68365553602812,47.59226713532514,66.52021089630932,83.09314586994728,48.08435852372584,89.13884007029878,85.30755711775045,47.90861159929702,25.342706502636204,72.47803163444641,19.33216168717048,63.62038664323375,8.541300527240773,36.48506151142355,11.775043936731109,82.2847100175747,16.977152899824254,28.892794376098426,66.4323374340949,22.14411247803164,6.221441124780317,14.83304042179262,13.11072056239016,6.1862917398945525,2.2144112478031635,42.601054481546576,77.11775043936731,13.356766256590513,10.509666080843584,22.1792618629174,39.92970123022848,11.95079086115993,12.864674868189809,76.30931458699473,12.231985940246046,97.96133567662568,72.61862917398946,19.191564147627417,36.20386643233744,89.38488576449913,7.838312829525484,33.04042179261863,10.263620386643234,94.20035149384888,49.38488576449912
CCC(CC)C(C)OC(=O)O,160.213,2.5057,2,1,4.0,0.6425348392050886,1,46.53,0,0,0,0.012139722,0.6970945,0.89750576,0.011149721,0.024371266,0.3049206,0.017222593,0.08315712,0.012656739,0.21462993,0.00028205445,0.27554002,0.040066756,0.3198921,0.98720723,0.002570462,0.00908452,0.0012451808,0.001720009,0.010781158,0.058741786,0.021498587,0.5842144,0.007736931,0.02288797,0.0008144152,0.004894563,0.006636338,0.0028615238,0.46871614,0.03242891,-4.2945795,71.109505,22.700006,-12.765104,-5.162388,1.6790863,0.59018034,70.34013,-2.1810286,0.6977891,11.282952548330403,52.54833040421793,17.10017574692443,36.59050966608085,63.44463971880493,65.76449912126539,55.32513181019333,28.26010544815466,47.59226713532514,25.869947275922677,37.188049209138846,3.19859402460457,47.90861159929702,77.75043936731107,31.3884007029877,28.22495606326889,88.04920913884008,39.12126537785589,42.601054481546576,27.978910369068544,28.154657293497365,9.91212653778559,73.32161687170475,26.256590509666083,44.53427065026362,38.242530755711776,15.325131810193325,16.098418277680143,10.474516695957822,16.660808435852374,37.89103690685413,29.66608084358524,69.20913884007031,37.609841827768015,31.142355008787348,11.915641476274166,13.04042179261863,27.732864674868196,31.634446397188054,13.567662565905096,42.91739894551846,19.261862917398947,93.04042179261864,75.1493848857645,47.31107205623902,5.448154657293498,92.93497363796136,9.701230228471005,40.105448154657296,46.29173989455185,67.80316344463972,42.53075571177505
CCC(CC)COC(=O)O,146.186,2.1172,2,1,4.0,0.6177081864335339,0,46.53,0,0,0,0.016274046,0.8271305,0.9035711,0.014063604,0.014409038,0.26880807,0.008206402,0.121494606,0.013012108,0.18864281,0.0001441675,0.29123044,0.04810456,0.23374692,0.98975146,0.002579623,0.008903608,0.0014935482,0.0010034597,0.0073846215,0.052167542,0.0109375045,0.6284477,0.0046183364,0.01976352,0.00078621664,0.003727705,0.0032200546,0.002371848,0.47578517,0.029490298,-4.261567,68.99424,19.977295,-13.897222,-5.393682,1.7747781,0.46225986,66.65026,-1.943251,0.5150421,8.822495606326891,46.36203866432338,17.10017574692443,36.59050966608085,63.44463971880493,62.49560632688929,22.601054481546576,28.26010544815466,47.59226713532514,25.869947275922677,37.188049209138846,4.323374340949034,60.140597539543066,80.28119507908612,33.708260105448154,21.054481546572937,83.19859402460457,28.998242530755714,53.53251318101934,28.57644991212654,25.58875219683656,6.362038664323375,75.64147627416521,31.353251318101936,37.85588752196837,39.64850615114236,15.325131810193325,15.500878734622145,12.267135325131813,10.826010544815468,27.135325131810195,23.09314586994728,59.57820738137083,39.82425307557118,26.36203866432337,9.806678383128297,12.4780316344464,22.63620386643234,23.58523725834798,11.599297012302284,43.79613356766257,17.891036906854133,93.98945518453428,74.2706502636204,45.16695957820738,4.639718804920914,92.40773286467488,12.9701230228471,37.78558875219684,42.70650263620387,72.26713532513182,40.17574692442883
CCCC(=O)CC,100.161,1.7656,1,0,4.0,0.5278529243600644,0,17.07,0,0,0,0.11854084,0.9948179,0.9387082,0.4670237,0.077245854,0.1800429,0.005972258,0.29756585,0.00556897,0.3677873,0.00080972735,0.13328056,0.018464355,0.16276589,0.9999958,0.0015311281,0.006261705,0.0035073855,0.0015464177,0.0016410627,0.02962171,0.00115481,0.99197465,0.0015910218,0.009484754,0.0010370617,0.005661609,0.0014348201,0.000912375,0.71070546,0.03754303,-3.8044324,105.919174,39.925335,16.337912,-2.9217808,1.5926406,0.9520315,30.897533,-0.922908,1.8692019,3.866432337434096,40.77328646748682,6.854130052724078,11.63444639718805,63.44463971880493,50.08787346221442,22.601054481546576,8.383128295254833,47.59226713532514,25.869947275922677,37.188049209138846,31.810193321616875,99.08611599297014,92.688927943761,79.92970123022847,47.45166959578208,65.27240773286468,24.67486818980668,76.66080843585237,17.047451669595784,43.12829525483304,16.871704745166962,41.15992970123023,11.985940246045695,29.736379613356767,94.37609841827768,8.998242530755713,9.2091388400703,22.1792618629174,15.289982425307558,4.569420035149386,6.115992970123023,20.738137082601057,98.24253075571178,17.820738137082603,3.4446397188049214,15.817223198594029,29.841827768014063,15.957820738137084,5.0966608084358525,74.0597539543058,20.70298769771529,99.7188049209139,89.94727592267137,61.72231985940247,51.91564147627417,96.4499121265378,7.381370826010546,45.061511423550094,15.360281195079088,84.56942003514939,54.20035149384886
CCC(C)CCOC(=O)[C@H](C)N[P@](=O)(O)Oc1ccccc1,329.333,3.1233000000000013,4,2,4.0,0.5347287835081511,3,84.86,0,1,2,0.07068247,0.8074788,0.8056115,0.28706175,0.43327206,0.36918482,0.2536609,0.29910976,0.29212496,0.58229554,0.18913129,0.25359148,0.15176442,0.37494785,0.99694556,0.011977327,0.024195308,0.05442047,0.07685694,0.057692967,0.17834768,0.12666826,0.8858264,0.4048288,0.19476941,0.013119811,0.06333572,0.224372,0.037634302,0.5798304,0.5915388,-5.1365633,49.62876,60.68041,10.46548,-9.612509,2.8264725,2.6339765,84.81335,-2.313433,5.683707,48.99824253075572,62.88224956063269,48.55887521968366,61.37082601054482,63.44463971880493,51.07205623901582,76.60808435852373,57.9261862917399,47.59226713532514,66.52021089630932,95.07908611599298,19.36731107205624,57.9261862917399,51.9859402460457,71.9859402460457,82.56590509666081,93.70826010544816,78.73462214411248,76.80140597539544,76.90685413005274,65.16695957820738,66.78383128295255,69.3145869947276,62.14411247803164,48.26010544815466,47.90861159929702,52.056239015817226,48.26010544815466,63.90158172231987,71.10720562390159,78.38312829525483,80.42179261862918,90.5096660808436,63.09314586994728,74.02460456942003,60.84358523725835,56.76625659050967,76.76625659050967,75.28998242530757,54.76274165202109,57.60984182776802,67.17047451669596,39.0158172231986,63.514938488576455,75.3602811950791,41.05448154657294,73.00527240773287,73.53251318101934,73.32161687170475,61.08963093145871,65.20210896309315,77.39894551845343
CCC(CC)c1cc([C@]2(C#N)O[C@H](COC)[C@@H](O)[C@H]2O)n2ncnc(N)c12,375.4290000000001,0.7009799999999999,8,3,4.0,0.6704096944200899,4,138.92000000000002,0,0,0,0.5195392,0.25297278,0.856485,0.0018461861,0.059913315,0.09921632,0.03369386,0.041097097,0.009176657,0.5028327,0.16165528,0.052176215,0.27024555,0.8614124,0.9415744,0.025605168,0.05061541,0.04021548,0.105433084,0.022456843,0.08340784,0.03379878,0.32524008,0.16227312,0.20660107,0.07149683,0.02366696,0.14647326,0.19362645,0.22536635,0.330679,-5.3478045,20.56961,46.481865,24.478611,-17.679705,3.3299072,2.1203454,78.12996,-3.6837776,7.1181307,59.68365553602813,29.03339191564148,84.51669595782074,78.20738137082601,63.44463971880493,70.15817223198594,81.28295254833041,83.30404217926187,47.59226713532514,25.869947275922677,37.188049209138846,80.42179261862918,15.817223198594029,65.06151142355009,17.363796133567664,43.02284710017575,37.04745166959579,49.52548330404218,27.17047451669596,24.04217926186292,56.13356766256591,64.74516695957821,17.047451669595784,76.55536028119509,77.60984182776802,29.98242530755712,71.95079086115993,77.36379613356767,59.367311072056246,76.06326889279438,57.53954305799649,47.27592267135326,74.93848857644991,27.135325131810195,59.050966608084366,62.35500878734623,81.51142355008788,58.101933216168725,69.27943760984184,84.04217926186293,13.673110720562391,52.75922671353252,28.681898066783837,38.242530755711776,66.29173989455185,63.44463971880493,23.19859402460457,91.1072056239016,64.39367311072057,54.059753954305805,38.69947275922672,82.53075571177506
CCC(CC)COC=O,130.18699999999998,1.5956,2,0,4.0,0.5281848423569534,0,26.3,0,1,0,0.15560625,0.991634,0.943833,0.25968462,0.054611098,0.23793364,0.0060306885,0.29310504,0.0042737434,0.40260673,0.0005973856,0.22568336,0.022537783,0.21467963,0.99997073,0.0020520159,0.0063833096,0.002423679,0.0010298522,0.0015720881,0.027332459,0.0023889204,0.98662376,0.0017339751,0.008506144,0.0011886484,0.0038390183,0.0010473015,0.0010646383,0.72738886,0.034127887,-3.99636,130.39458,72.53861,22.517736,-1.5132812,1.5066628,2.000206,58.57677,-2.4486477,3.695747,6.291739894551846,39.12126537785589,17.10017574692443,11.63444639718805,63.44463971880493,50.12302284710018,22.601054481546576,12.9701230228471,47.59226713532514,66.52021089630932,37.188049209138846,38.87521968365554,97.2231985940246,94.23550087873464,70.33391915641477,41.335676625659055,77.68014059753955,24.81546572934974,76.3444639718805,13.391915641476276,46.18629173989456,14.938488576449911,64.74516695957821,14.094903339191566,36.02811950790861,84.14762741652022,11.810193321616874,9.52548330404218,16.590509666080845,11.142355008787348,4.182776801405976,4.710017574692444,32.056239015817226,96.0281195079086,18.453427065026364,2.81195079086116,17.082601054481547,23.233743409490337,13.075571177504395,5.588752196836555,76.02811950790861,19.64850615114236,98.31282952548332,95.00878734622144,81.44112478031636,61.26537785588753,97.3286467486819,5.342706502636204,62.601054481546576,34.833040421792624,62.53075571177505,67.31107205623903
CCC(CC)COC(=O)[C@H](C)N(C(C)=O)[P@](=O)(O)Oc1ccccc1,371.37000000000006,3.382200000000002,5,1,4.0,0.5283120308549114,2,93.14,0,1,2,0.11317594,0.78784025,0.7853602,0.051029254,0.4349247,0.34221822,0.26844734,0.13294406,0.07798672,0.59032446,0.30268687,0.21375135,0.08660263,0.55230975,0.99829036,0.020469133,0.03193049,0.034825347,0.07981927,0.043288253,0.12973724,0.14332291,0.86901844,0.39200598,0.23045829,0.019545795,0.06728803,0.19536956,0.06706331,0.47992626,0.4054412,-4.79313,81.051865,71.66606,3.500505,-8.066107,2.2907407,2.115362,87.6219,-2.546104,3.6826699,58.94551845342707,67.06502636203867,61.880492091388405,36.59050966608085,63.44463971880493,50.12302284710018,69.84182776801407,63.79613356766257,47.59226713532514,66.52021089630932,95.07908611599298,30.544815465729357,56.16871704745167,47.7328646748682,47.0298769771529,82.56590509666081,91.81019332161688,79.7188049209139,57.08260105448155,55.92267135325133,66.39718804920915,74.20035149384887,62.46045694200352,47.065026362038665,57.68014059753955,51.70474516695958,66.71353251318102,59.156414762741655,57.188049209138846,71.81019332161688,72.30228471001759,69.27943760984184,91.63444639718806,59.85940246045695,73.42706502636204,65.30755711775045,63.831282952548335,77.9261862917399,73.63796133567664,65.27240773286468,44.3585237258348,57.99648506151143,59.96485061511424,80.14059753954307,81.23022847100177,28.295254833040424,83.40949033391917,40.17574692442883,64.3585237258348,65.5536028119508,60.66783831282953,67.20562390158173
CCCCCC=O,100.161,1.7656,1,0,4.0,0.3883941773179648,0,17.07,0,2,1,0.22282024,0.9952301,0.9045172,0.7235061,0.16495296,0.18669231,0.015638135,0.23612972,0.0070018405,0.39976636,0.0014160203,0.20161314,0.01596693,0.20457844,0.9999962,0.0024027072,0.005483784,0.005394034,0.0027950522,0.002999416,0.03762219,0.0043260176,0.99223316,0.002277575,0.020927414,0.0029453046,0.015350848,0.0033874593,0.0023228358,0.81611025,0.03685806,-3.879261,109.67851,42.27254,10.4936075,-2.1512594,1.5205965,1.3888248,45.45655,-1.6264817,1.1799725,3.866432337434096,40.77328646748682,6.854130052724078,11.63444639718805,63.44463971880493,31.739894551845342,22.601054481546576,8.383128295254833,47.59226713532514,87.9261862917399,83.09314586994728,50.474516695957824,99.36731107205624,80.66783831282953,88.26010544815466,61.230228471001766,66.88927943760984,37.85588752196837,71.77504393673111,20.421792618629176,46.010544815465735,20.52724077328647,59.613356766256594,10.650263620386644,34.97363796133568,94.58699472759228,14.340949033391915,6.924428822495607,28.57644991212654,22.42530755711775,10.158172231985942,11.17750439367311,43.05799648506152,98.24253075571178,20.45694200351494,10.404217926186291,30.017574692442885,49.38488576449912,24.04217926186292,11.31810193321617,86.4323374340949,20.492091388400706,99.2267135325132,90.96660808435853,63.40949033391916,41.15992970123023,97.01230228471005,5.659050966608085,51.423550087873465,24.780316344463973,75.92267135325133,47.978910369068544
CCC(COC=O)C(C)[C@H](C)N[P@](=O)(O)Oc1ccccc1,329.333,2.9792000000000014,4,2,4.0,0.5069599532202447,4,84.86,0,2,2,0.095665075,0.7611368,0.85645086,0.1197049,0.19024166,0.30011368,0.0974158,0.21189475,0.14434001,0.43912163,0.058474123,0.26638153,0.14325437,0.32737646,0.9895512,0.0076800124,0.01881815,0.01582716,0.012983794,0.016857252,0.10486219,0.045848913,0.74062145,0.14408945,0.0601107,0.0038170628,0.01525907,0.040985644,0.011578667,0.6142961,0.3834514,-5.140507,36.160046,45.651924,-1.9466549,-11.029524,3.1092281,2.1337395,72.0703,-2.1196234,1.5193977,48.99824253075572,60.98418277680141,48.55887521968366,61.37082601054482,63.44463971880493,47.24077328646749,81.28295254833041,57.9261862917399,47.59226713532514,87.9261862917399,95.07908611599298,26.432337434094904,53.81370826010545,65.06151142355009,58.59402460456943,64.21792618629175,87.38137082601055,65.4481546572935,69.34973637961336,66.74868189806679,49.38488576449912,51.84534270650264,72.16168717047452,60.87873462214412,45.20210896309315,39.472759226713535,39.96485061511424,38.10193321616872,46.1511423550088,44.07732864674868,49.84182776801406,59.19156414762743,78.87521968365554,46.85413005272408,57.29349736379614,31.599297012302287,34.16520210896309,49.24428822495607,52.16168717047452,32.37258347978911,62.67135325131811,56.8365553602812,38.69947275922672,53.95430579964851,65.72934973637962,19.05096660808436,62.35500878734623,85.94024604569421,64.63971880492092,48.08435852372584,68.99824253075572,51.52899824253076
CCC(CC)C(O)C(CC)CC,172.31199999999995,3.2197000000000022,1,1,4.0,0.6519448120286946,0,20.23,0,0,0,0.015537518,0.97885275,0.84593284,0.14007804,0.19880232,0.13758495,0.051157784,0.4699543,0.105858445,0.43693128,0.01244993,0.09553805,0.021435348,0.072279505,0.99998266,0.00055552775,0.0060106036,0.0021583657,0.0040666657,0.0043008844,0.030195102,0.0012140922,0.98951674,0.027374119,0.011240937,0.00016239757,0.0050625345,0.011917255,0.00040229727,0.7059517,0.28518605,-4.152819,144.29984,91.85057,48.990257,-1.3072199,1.4281948,2.5906224,64.30901,-3.440232,10.687802,13.216168717047452,64.63971880492092,6.854130052724078,36.59050966608085,63.44463971880493,67.17047451669596,22.601054481546576,9.666080843585238,47.59226713532514,25.869947275922677,37.188049209138846,4.147627416520211,89.45518453427066,62.14411247803164,60.597539543058005,64.88576449912127,51.91564147627417,55.67662565905097,85.72934973637962,61.44112478031635,49.13884007029878,36.37961335676626,28.78734622144113,13.49736379613357,13.919156414762742,87.34622144112478,2.741652021089631,8.681898066783832,15.254833040421794,26.959578207381373,15.711775043936733,6.467486818980668,21.40597539543058,97.01230228471005,40.66783831282953,4.323374340949034,3.5500878734622145,28.365553602811957,37.188049209138846,2.81195079086116,73.70826010544816,49.38488576449912,96.30931458699472,97.18804920913884,88.15465729349737,81.01933216168717,97.50439367311073,4.182776801405976,72.72407732864676,40.38664323374341,43.62038664323375,91.14235500878736
CCC(C=O)CCC(O)C(CC)CC,200.322,2.788800000000001,2,1,4.0,0.6116784208239536,2,37.3,0,1,1,0.058371,0.97596455,0.8536662,0.08285852,0.08890733,0.18244818,0.024188722,0.3425138,0.03052564,0.441995,0.008907398,0.16954212,0.03196131,0.10698573,0.99987143,0.0023330557,0.008342745,0.0019624466,0.003553853,0.004715533,0.032264918,0.003556446,0.98051625,0.015016153,0.018400168,0.00065578485,0.009638248,0.005169336,0.0014664774,0.7693753,0.15875135,-4.0529404,122.264626,65.88966,31.621511,-4.241712,1.5696847,2.0295599,53.14381,-2.47012,6.511162,17.855887521968366,58.17223198594025,17.10017574692443,36.59050966608085,63.44463971880493,61.47627416520211,69.84182776801407,19.68365553602812,47.59226713532514,66.52021089630932,83.09314586994728,15.887521968365554,87.80316344463972,64.49912126537787,52.86467486818981,49.8066783831283,65.90509666080844,44.39367311072056,79.5079086115993,41.26537785588753,49.77152899824254,33.708260105448154,51.66959578207382,20.667838312829527,20.28119507908612,72.61862917398946,13.778558875219684,13.989455184534272,14.235500878734625,25.483304042179263,17.3286467486819,7.627416520210897,39.613356766256594,93.04042179261864,36.30931458699473,8.787346221441126,10.826010544815468,40.597539543058,29.03339191564148,7.416520210896309,81.54657293497364,38.277680140597546,97.68014059753956,93.56766256590512,78.4182776801406,69.63093145869948,94.6572934973638,6.783831282952549,63.09314586994728,30.72056239015817,62.17926186291741,80.49209138840071
CCC(CC)COC(=O)[C@H](C)N[P@](=O)(O)Oc1ccc(C(=O)O)cc1,373.3420000000001,2.8215000000000003,5,3,4.0,0.4226646356506885,2,122.16,0,1,2,0.07217472,0.34037155,0.6704209,0.0581357,0.10003655,0.14394304,0.08317751,0.04378591,0.12606773,0.19193923,0.01502874,0.28968915,0.25450498,0.3801517,0.54540265,0.01531433,0.05750689,0.025696948,0.016711881,0.074020855,0.19754334,0.025133748,0.08354431,0.036789995,0.0853908,0.012366364,0.013694447,0.019415924,0.025149262,0.35781652,0.14452119,-5.6099434,23.358286,39.93867,-6.2664437,-13.999504,2.786822,0.86933804,85.07927,-2.5947788,1.2262987,59.367311072056246,58.52372583479789,61.880492091388405,78.20738137082601,63.44463971880493,35.95782073813709,69.84182776801407,79.5079086115993,47.59226713532514,66.52021089630932,95.07908611599298,19.929701230228478,21.61687170474517,29.173989455184536,48.54130052724078,51.84534270650264,53.84885764499122,63.12829525483305,28.08435852372584,64.28822495606327,25.869947275922677,38.03163444639719,75.46572934973639,75.46572934973639,48.64674868189808,16.2390158172232,59.54305799648507,81.12478031634447,52.93497363796134,47.697715289982426,82.21441124780317,83.30404217926187,71.0017574692443,16.379613356766257,42.95254833040422,40.21089630931459,55.92267135325133,47.17047451669596,42.284710017574696,46.57293497363796,28.330404217926187,36.69595782073814,21.51142355008788,41.93321616871705,61.72231985940247,12.09138840070299,41.335676625659055,70.93145869947277,43.69068541300528,61.335676625659055,59.85940246045695,48.43585237258348
CCC(C=O)C(C)C(C=O)CC,170.25199999999995,2.0727,2,0,4.0,0.5717685736228654,2,34.14,0,1,1,0.41073474,0.9812595,0.87596524,0.031072214,0.08619022,0.16761217,0.012390822,0.118608795,0.002757933,0.43979368,0.0040031886,0.2340751,0.018813327,0.19593446,0.99989665,0.0058704554,0.0060143457,0.0015359927,0.003903672,0.003970565,0.02727687,0.0054318914,0.97855246,0.0021940074,0.034334645,0.0025287336,0.022118736,0.0017930819,0.0042784736,0.8226053,0.029661482,-3.904103,103.92745,50.522972,15.364406,-4.0974436,1.791975,1.6171198,42.99457,-1.6733692,1.6080513,12.899824253075572,45.76449912126538,17.10017574692443,11.63444639718805,63.44463971880493,56.555360281195085,69.84182776801407,17.521968365553604,47.59226713532514,66.52021089630932,83.09314586994728,71.21265377855889,90.72056239015818,70.22847100175747,41.37082601054482,49.42003514938489,62.00351493848858,35.04393673110721,52.65377855887522,8.717047451669597,49.42003514938489,27.732864674868196,66.11599297012303,12.33743409490334,33.63796133567663,73.84885764499121,31.915641476274168,8.681898066783832,12.583479789103691,26.572934973637963,14.13005272407733,4.674868189806679,46.85413005272408,92.05623901581724,20.105448154657296,18.875219683655537,27.48681898066784,57.04745166959579,17.574692442882252,18.594024604569423,87.10017574692444,17.926186291739896,99.08611599297014,89.3145869947276,68.99824253075572,49.560632688927946,94.83304042179265,13.708260105448156,55.46572934973639,22.63620386643234,75.28998242530757,52.26713532513182
CCC(CO)C(C)C(=O)O,146.18599999999998,0.7256,2,2,4.0,0.6142108050187457,2,57.53,0,0,0,0.04475556,0.8146807,0.8834117,0.0014407847,0.005069655,0.1573065,0.0023839595,0.07843065,0.0031446212,0.1373811,0.00016619371,0.2620027,0.034526706,0.118839465,0.97759485,0.004032565,0.011389925,0.0008747595,0.00057028676,0.0034435242,0.03393804,0.0025293776,0.46935004,0.0012099168,0.015242681,0.00047530382,0.0030019651,0.0005653287,0.0017483063,0.54061913,0.015237185,-4.59285,28.898432,-23.224869,-9.073549,-9.310907,1.6265297,-1.0594431,27.753647,-0.10671444,-1.3837945,8.822495606326891,29.34973637961336,17.10017574692443,61.37082601054482,63.44463971880493,61.86291739894553,69.84182776801407,36.063268892794376,47.59226713532514,25.869947275922677,37.188049209138846,11.985940246045695,58.80492091388401,72.86467486818981,15.957820738137084,8.646748681898067,58.59402460456943,15.043936731107207,40.84358523725835,9.630931458699472,20.351493848857647,6.818980667838313,71.10720562390159,22.847100175746927,22.03866432337434,35.430579964850615,22.847100175746927,21.79261862917399,8.224956063268893,7.100175746924429,11.915641476274166,8.752196836555362,33.04042179261863,32.75922671353251,15.782073813708262,6.432337434094904,8.646748681898067,19.789103690685412,9.103690685413008,8.857644991212654,52.4780316344464,9.560632688927944,74.48154657293497,47.31107205623902,6.151142355008788,8.506151142355009,75.04393673110721,8.435852372583481,16.836555360281196,13.884007029876978,93.04042179261864,22.81195079086116
CCC(CO)CCC(CC)CO,174.28399999999996,1.8036,2,2,4.0,0.6176337843663503,2,40.46,0,0,0,0.026450014,0.91400826,0.84023774,0.007252612,0.0053456523,0.10807842,0.0018665788,0.39115214,0.018765045,0.18000892,0.00045697438,0.19002259,0.0201192,0.034408733,0.9978633,0.002188206,0.008264144,0.0007112179,0.000902665,0.0033488418,0.02629998,0.0011848246,0.89692193,0.0037005045,0.012229504,0.00015891176,0.0031729594,0.0013411602,0.000617056,0.7681179,0.07884912,-4.0786586,87.12627,19.544144,34.44429,-6.2555494,1.6792927,0.90220106,32.020027,-0.9584217,8.195269,13.462214411247803,41.6871704745167,17.10017574692443,61.37082601054482,63.44463971880493,62.46045694200352,69.84182776801407,23.02284710017575,47.59226713532514,25.869947275922677,37.188049209138846,6.994727592267136,71.0017574692443,60.31634446397189,27.732864674868196,9.349736379613358,39.75395430579965,13.04042179261863,82.00351493848858,34.024604569420035,24.63971880492092,13.356766256590513,56.48506151142355,12.864674868189809,6.994727592267136,49.94727592267136,12.829525483304044,13.74340949033392,7.592267135325132,9.806678383128297,11.493848857644991,4.147627416520211,20.949033391915645,64.81546572934974,24.60456942003515,4.780316344463972,3.5500878734622145,20.421792618629176,15.184534270650264,3.866432337434096,81.33567662565906,29.03339191564148,97.25834797891038,82.91739894551846,44.42882249560633,71.8804920913884,90.26362038664324,9.701230228471005,44.32337434094904,15.887521968365554,84.11247803163445,85.3427065026362
CCC(C=O)C(C)C(=O)O,144.17,0.9322,2,1,4.0,0.5970207388208654,2,54.370000000000005,0,1,1,0.15235557,0.8374546,0.8385642,0.0017943969,0.008189452,0.20341782,0.0036703038,0.046494994,0.0035568767,0.1827909,0.00023822056,0.3838361,0.06690753,0.19357966,0.953509,0.011470582,0.009808486,0.0011693344,0.0011930364,0.0068470975,0.03627116,0.012419572,0.40758386,0.0010076298,0.05024898,0.0030463059,0.012562962,0.0009777617,0.00875353,0.60087156,0.0124586625,-4.5674615,19.561476,-22.504602,-12.109697,-8.951044,1.7546387,-1.2575169,35.74478,-0.45097694,-2.5510716,8.400702987697716,31.282952548330407,17.10017574692443,36.59050966608085,63.44463971880493,59.64850615114237,69.84182776801407,34.235500878734626,47.59226713532514,66.52021089630932,83.09314586994728,38.4182776801406,61.01933216168717,60.03514938488577,17.082601054481547,13.251318101933215,70.57996485061513,19.33216168717048,29.173989455184536,11.458699472759228,24.99121265377856,8.752196836555362,86.29173989455185,39.54305799648507,33.35676625659051,31.177504393673114,50.82601054481547,17.644991212653782,9.876977152899824,12.688927943760984,25.166959578207383,10.369068541300528,61.37082601054482,30.298769771529003,14.481546572934976,27.416520210896312,30.40421792618629,45.4481546572935,12.618629173989456,27.697715289982423,60.87873462214412,7.557117750439368,76.62565905096662,36.69595782073814,6.502636203866433,6.01054481546573,76.87170474516697,12.302284710017576,14.797891036906856,18.031634446397188,90.26362038664324,12.79437609841828
CCC(CC)C(=O)C(=O)O,144.17,1.0763,2,1,4.0,0.600387313949459,0,54.370000000000005,0,1,1,0.15981364,0.8487669,0.87189436,0.01231977,0.029042473,0.29137132,0.011713077,0.06717647,0.009300547,0.2416375,0.0004884671,0.37482014,0.0794378,0.38411826,0.9753582,0.012478744,0.01175394,0.0042237574,0.0027444672,0.012175644,0.05627774,0.028594855,0.5681845,0.003519158,0.07209115,0.008236469,0.017913708,0.0046891994,0.018122543,0.58177024,0.02262441,-4.403874,40.368317,-2.422963,-12.597171,-7.8962007,1.9434836,-0.63165987,41.007072,-0.54584754,-1.2256974,8.400702987697716,32.40773286467487,17.10017574692443,36.59050966608085,63.44463971880493,60.281195079086125,22.601054481546576,34.235500878734626,47.59226713532514,66.52021089630932,83.09314586994728,39.29701230228471,62.17926186291741,69.06854130052724,32.30228471001758,31.45869947275923,86.29173989455185,34.235500878734626,36.30931458699473,24.18277680140598,31.810193321616875,13.919156414762742,85.41300527240774,43.93673110720563,48.822495606326896,34.62214411247803,53.39191564147628,22.671353251318106,24.534270650263625,22.31985940246046,41.05448154657294,26.85413005272408,72.86467486818981,36.76625659050967,24.28822495606327,35.32513181019333,46.78383128295256,52.61862917398946,28.014059753954307,39.75395430579965,57.85588752196837,14.13005272407733,87.5219683655536,57.29349736379614,21.65202108963093,5.659050966608085,84.21792618629175,20.84358523725835,22.00351493848858,21.23022847100176,89.20913884007031,24.21792618629174
CCC(CC)C(CC)(CC)COC(=O)O,216.321,3.923600000000003,2,1,4.0,0.6558810402787967,0,46.53,0,0,0,0.02889571,0.8107732,0.8030156,0.0075802905,0.0216768,0.17436907,0.014848461,0.21917376,0.0610147,0.30871862,0.00094020425,0.24690919,0.049871117,0.07177974,0.98115855,0.0031631961,0.0074652783,0.00060065667,0.0020085736,0.01877642,0.07724201,0.021836068,0.7663127,0.01332664,0.039630666,0.0006326668,0.0076703476,0.010494733,0.003218554,0.785785,0.12426646,-4.353715,107.15074,62.48821,8.101126,-5.2048316,1.6551363,1.6700172,86.622536,-3.664542,5.803907,20.562390158172235,75.99297012302286,17.10017574692443,36.59050966608085,63.44463971880493,67.97891036906854,22.601054481546576,28.26010544815466,47.59226713532514,25.869947275922677,37.188049209138846,7.838312829525484,58.24253075571178,51.3884007029877,28.1195079086116,26.60808435852373,63.72583479789104,37.3286467486819,70.15817223198594,52.30228471001758,38.38312829525484,17.504393673110723,67.90861159929702,32.09138840070299,13.848857644991211,36.37961335676626,18.629173989455182,12.231985940246046,7.135325131810194,18.66432337434095,53.145869947275926,43.69068541300528,69.59578207381371,48.7170474516696,35.465729349736385,21.61687170474517,10.509666080843584,35.50087873462215,36.13356766256591,15.008787346221444,83.62038664323376,34.16520210896309,90.15817223198594,90.36906854130054,76.16871704745168,36.44991212653779,92.79437609841828,9.068541300527242,56.09841827768015,63.76098418277681,39.05096660808436,77.82073813708261
CCC(CC)COC(=O)OC,160.213,2.2056000000000004,3,0,4.0,0.5912882625407828,0,35.53,0,0,0,0.026981592,0.9923687,0.9145814,0.46125025,0.18495277,0.20637783,0.021638844,0.36218688,0.017730791,0.42403045,0.0027661542,0.12097392,0.01994483,0.16555583,0.9999936,0.00085390534,0.008067164,0.0033038151,0.0020307137,0.0019879811,0.030553034,0.0011592247,0.9928237,0.00487431,0.0061887116,0.00055266486,0.0032159104,0.0017564988,0.00045343448,0.63235825,0.077691086,-4.114867,151.9811,104.68723,24.73943,-1.8206167,1.6382548,2.5337262,71.28257,-2.9893336,5.477036,11.282952548330403,47.557117750439375,32.653778558875224,11.63444639718805,63.44463971880493,58.91036906854131,22.601054481546576,18.049209138840077,47.59226713532514,25.869947275922677,37.188049209138846,7.029876977152901,97.71528998242532,84.14762741652022,79.68365553602813,63.58523725834799,71.42355008787347,42.49560632688928,80.84358523725835,33.35676625659051,48.189806678383135,24.32337434094904,37.36379613356767,12.79437609841828,30.123022847100177,92.79437609841828,4.393673110720563,13.321616871704746,20.984182776801408,18.804920913884008,5.869947275922672,6.748681898066785,20.84358523725835,98.31282952548332,26.748681898066785,1.7574692442882252,9.455184534270652,20.597539543058,17.398945518453427,3.093145869947276,64.92091388400704,28.822495606326893,96.8365553602812,97.71528998242532,90.82601054481547,63.90158172231987,97.11775043936731,8.681898066783832,71.70474516695958,47.38137082601055,53.00527240773287,76.59050966608085
CCCCC(C=O)CC,128.21499999999995,2.401700000000001,1,0,4.0,0.5194851323205288,1,17.07,0,1,1,0.10687641,0.99385357,0.89765227,0.60600173,0.19911161,0.18416044,0.023427248,0.27363515,0.008613453,0.42622104,0.0030242484,0.143608,0.013953803,0.18625192,0.99999475,0.0015934138,0.006332887,0.00446601,0.003291946,0.0028203174,0.034448005,0.002848706,0.9932157,0.004414524,0.014352593,0.0014543048,0.010155517,0.0034727051,0.0013724753,0.77075577,0.055890054,-3.9530838,128.4299,66.85386,22.36324,-1.185632,1.4263306,2.0271943,54.461975,-2.5274165,3.959938,5.869947275922672,50.61511423550088,6.854130052724078,11.63444639718805,63.44463971880493,48.822495606326896,55.32513181019333,8.383128295254833,47.59226713532514,66.52021089630932,83.09314586994728,28.927943760984185,98.59402460456944,77.78558875219684,84.18277680140598,64.99121265377856,66.39718804920915,43.79613356766257,75.04393673110721,23.40949033391916,48.43585237258348,25.096660808435853,44.11247803163445,9.349736379613358,33.00527240773287,93.39191564147627,9.384885764499122,9.490333919156416,25.4481546572935,24.534270650263625,9.455184534270652,9.068541300527242,35.50087873462215,98.5237258347979,26.01054481546573,5.799648506151143,20.035149384885766,41.61687170474517,24.393673110720563,6.924428822495607,81.82776801405976,25.553602811950796,98.69947275922672,94.69244288224957,78.87521968365554,61.15992970123023,97.68014059753956,4.147627416520211,63.05799648506152,31.739894551845342,60.94903339191565,69.10369068541301
CCC(CC)COC(O)[C@H](CO)N[P@](=O)(O)Oc1ccccc1,347.34800000000007,1.8875,5,4,4.0,0.3574733994164747,3,108.25,0,2,3,0.06450454,0.6220552,0.79431826,0.13149226,0.22210045,0.20874886,0.13555467,0.30222392,0.27520618,0.43059486,0.2350009,0.17230015,0.14110719,0.2567303,0.97390586,0.008621866,0.038757823,0.048503704,0.04251314,0.025815967,0.12630336,0.046015136,0.66924644,0.29292408,0.108321145,0.0051118457,0.022300184,0.08208748,0.013974875,0.48504582,0.5703008,-5.5136614,33.220234,47.827995,5.6980143,-14.06431,2.8692017,2.2166862,77.998795,-1.8668487,4.603343,52.89982425307558,42.81195079086116,61.880492091388405,86.90685413005274,63.44463971880493,27.451669595782075,76.60808435852373,72.82952548330405,47.59226713532514,87.9261862917399,98.89279437609842,17.750439367311074,41.968365553602816,49.560632688927946,59.57820738137083,67.45166959578208,72.05623901581723,70.26362038664324,76.94200351493849,76.09841827768015,48.7170474516696,70.22847100175747,52.196836555360285,60.38664323374341,39.82425307557118,34.340949033391915,42.95254833040422,68.01405975395431,62.24956063268893,60.80843585237259,60.07029876977153,68.29525483304043,78.87521968365554,42.03866432337434,68.43585237258348,46.22144112478032,38.840070298769774,57.04745166959579,61.652021089630935,35.21968365553603,44.74516695957821,66.25659050966608,23.47978910369069,51.56414762741653,67.1353251318102,32.30228471001758,40.87873462214412,75.88752196836556,66.0456942003515,53.88400702987698,73.04042179261863,72.37258347978911
CCC(CC)C(CC)OC(=O)[C@H](C)N[P@](=O)(O)Oc1ccccc1,357.38700000000006,3.901900000000003,4,2,4.0,0.4878919889008127,3,84.86,0,1,2,0.04345595,0.75029826,0.7585403,0.12909584,0.54497975,0.307559,0.39945522,0.22477078,0.268071,0.62452537,0.39494377,0.19736525,0.09734347,0.40375727,0.9986488,0.00742625,0.021168806,0.03520956,0.101626456,0.05508255,0.155231,0.114448115,0.8931996,0.5840326,0.21794121,0.007179669,0.07031458,0.31583953,0.0310002,0.48871654,0.6496954,-5.156413,54.750427,74.33816,18.956644,-9.264981,2.8225884,2.9890306,88.17136,-2.6740603,6.7870383,55.21968365553603,75.60632688927944,48.55887521968366,61.37082601054482,63.44463971880493,44.53427065026362,76.60808435852373,57.9261862917399,47.59226713532514,66.52021089630932,95.07908611599298,11.458699472759228,53.04042179261863,42.284710017574696,59.472759226713535,86.85413005272409,88.18980667838314,85.72934973637962,70.72056239015818,75.78207381370827,70.33391915641477,78.48857644991213,58.24253075571178,49.98242530755712,50.017574692442885,53.74340949033392,39.12126537785589,42.81195079086116,57.36379613356767,75.32513181019333,77.25834797891038,76.06326889279438,89.56063268892795,64.14762741652022,80.56239015817224,63.8664323374341,44.42882249560633,78.48857644991213,79.82425307557118,51.35325131810194,45.09666080843586,69.98242530755712,37.78558875219684,67.17047451669596,82.10896309314587,56.27416520210897,75.32513181019333,73.42706502636204,79.29701230228471,66.50263620386644,58.17223198594025,81.30052724077329
CCC(CO)CCCC(CC)CO,188.311,2.1937,2,2,4.0,0.6127679982335911,2,40.46,0,0,0,0.028530518,0.9173209,0.8140154,0.0104563,0.009243017,0.11779256,0.0030878438,0.42224914,0.034510896,0.2207449,0.0012005848,0.19151294,0.025187885,0.036525182,0.99849635,0.0025272097,0.00902776,0.00088517263,0.0017091861,0.004554808,0.02963455,0.0020985925,0.91656876,0.008093682,0.017865356,0.0002222774,0.005501642,0.0028035522,0.0009545304,0.8007021,0.1293802,-4.1151633,91.30107,26.238781,38.555027,-6.139691,1.7222363,1.1825762,39.203724,-1.4057562,9.372528,16.063268892794376,47.38137082601055,17.10017574692443,61.37082601054482,63.44463971880493,61.58172231985941,69.84182776801407,23.02284710017575,47.59226713532514,25.869947275922677,37.188049209138846,7.662565905096661,71.52899824253076,53.74340949033392,30.68541300527241,14.586994727592268,44.11247803163445,17.785588752196837,83.72583479789104,43.33919156414763,29.173989455184536,19.191564147627417,56.8365553602812,16.028119507908613,7.627416520210897,52.68892794376099,15.184534270650264,15.887521968365554,8.224956063268893,16.590509666080845,16.695957820738137,6.151142355008788,28.892794376098426,68.8224956063269,31.3884007029877,8.260105448154658,4.745166959578208,29.630931458699475,22.24956063268893,5.2021089630931465,85.02636203866433,34.93848857644991,96.8365553602812,84.81546572934974,50.86115992970124,75.18453427065027,90.61511423550088,11.142355008787348,47.978910369068544,19.894551845342708,78.59402460456943,88.6115992970123
CCC(C)COC(=O)[C@H](C)N[P@](=O)(O)Oc1ccccc1C,329.333,3.041620000000001,4,2,4.0,0.5631481615879452,3,84.86,0,1,2,0.113483645,0.7961934,0.8455008,0.19285525,0.3384285,0.34339017,0.14310758,0.32745203,0.20951399,0.6234894,0.21911606,0.20456989,0.15384421,0.37145314,0.9978479,0.0117215905,0.027458388,0.052585702,0.06406155,0.040760305,0.13852648,0.07848003,0.9072708,0.37700883,0.16424042,0.0121193435,0.042832285,0.17325914,0.032126747,0.531033,0.56518877,-5.094571,45.785423,61.109753,8.227392,-9.709095,2.9659693,2.7044296,83.47728,-2.2477758,3.996735,48.99824253075572,61.86291739894553,48.55887521968366,61.37082601054482,63.44463971880493,55.39543057996485,76.60808435852373,57.9261862917399,47.59226713532514,66.52021089630932,95.07908611599298,30.68541300527241,56.94200351493849,61.968365553602816,64.99121265377856,76.8365553602812,91.84534270650263,71.14235500878735,78.6291739894552,71.81019332161688,70.26362038664324,69.03339191564149,60.49209138840071,62.74165202108964,48.08435852372584,49.87697715289983,51.59929701230229,52.65377855887522,63.23374340949034,68.40070298769773,70.82601054481547,71.91564147627417,85.27240773286468,66.99472759226714,72.65377855887523,56.80140597539543,55.53602811950791,69.17398945518454,71.81019332161688,51.81019332161688,51.423550087873465,66.08084358523726,40.52724077328647,60.87873462214412,75.64147627416521,36.59050966608085,72.37258347978911,80.52724077328648,74.51669595782074,59.68365553602813,66.6432337434095,69.27943760984184
CCC(COC(=O)O)C(C)C(CC)COC(=O)O,262.302,3.0641000000000016,4,2,4.0,0.6528377631751393,2,93.06000000000002,0,0,0,0.013274726,0.54429644,0.7481087,0.0028061245,0.023874506,0.1285862,0.017002884,0.036183022,0.059046365,0.12405707,0.00023617726,0.29997033,0.09730967,0.13710982,0.77609503,0.0012963113,0.0080568,0.00065954775,0.0009856834,0.016185855,0.08602766,0.011077454,0.11685799,0.005000163,0.026405165,0.00048309116,0.0024967236,0.0023545267,0.0019110875,0.52568686,0.03971856,-4.8422875,52.883858,25.32957,-20.906992,-9.438233,1.88414,-0.19815631,84.30128,-2.9087434,-0.22780037,30.36906854130053,62.108963093145874,48.55887521968366,61.37082601054482,63.44463971880493,67.41652021089631,69.84182776801407,63.77855887521969,47.59226713532514,25.869947275922677,37.188049209138846,3.4094903339191567,36.13356766256591,40.63268892794377,20.562390158172235,27.94376098418278,49.06854130052725,38.94551845342707,25.13181019332162,51.73989455184535,18.769771528998245,8.681898066783832,76.94200351493849,49.98242530755712,25.237258347978912,21.89806678383129,7.486818980667839,13.321616871704746,7.346221441124781,10.720562390158172,48.75219683655536,48.61159929701231,59.71880492091389,18.207381370826013,27.029876977152902,14.305799648506152,8.717047451669597,17.082601054481547,20.316344463971884,9.701230228471005,50.650263620386646,21.40597539543058,56.27416520210897,65.90509666080844,49.98242530755712,1.8629173989455183,74.0597539543058,18.137082601054484,27.451669595782075,60.52724077328647,54.51669595782074,33.18101933216169
CCC(CC)COC(O)[C@@]1(C)N[P@@](=O)(Oc2ccccc2)O1,329.333,3.2807000000000013,5,2,4.0,0.5628919406041945,3,77.02000000000001,0,2,3,0.4866658,0.89980763,0.88582593,0.11231812,0.43018562,0.21487494,0.14538483,0.36113307,0.09772138,0.68107826,0.4833973,0.12963092,0.13180435,0.45132098,0.99941146,0.0054120687,0.030053819,0.055880733,0.051219374,0.012231153,0.088893294,0.01571789,0.9471097,0.37168205,0.12096675,0.008522479,0.016826298,0.076623045,0.009789246,0.48789462,0.64170635,-5.055181,51.179283,76.041336,24.14568,-8.427106,3.2442806,3.0349853,84.29649,-3.0750394,4.7527504,48.99824253075572,65.76449912126539,61.880492091388405,61.37082601054482,63.44463971880493,55.36028119507909,76.60808435852373,51.9859402460457,47.59226713532514,87.9261862917399,98.89279437609842,77.78558875219684,68.64674868189807,73.60281195079087,57.46924428822496,82.56590509666081,73.21616871704745,71.21265377855889,80.73813708260106,60.00000000000001,78.17223198594026,81.96836555360282,40.0,58.52372583479789,52.79437609841828,60.56239015817224,29.736379613356767,56.66080843585237,64.28822495606327,63.93673110720563,41.23022847100176,50.43936731107206,64.71001757469244,77.36379613356767,72.40773286467487,48.927943760984185,47.48681898066784,51.45869947275923,60.49209138840071,29.525483304042183,44.9560632688928,69.52548330404218,42.07381370826011,64.85061511423551,82.84710017574693,62.84710017574693,80.73813708260106,89.03339191564149,80.1054481546573,60.52724077328647,51.35325131810194,73.25131810193322
CCC(CC)CC(O)C(CC)CC,186.33899999999997,3.6098000000000026,1,1,4.0,0.6437084026429191,1,20.23,0,0,0,0.009606004,0.9789362,0.8131406,0.1487569,0.17484632,0.13161273,0.049540512,0.49179325,0.11435591,0.44285965,0.0074938326,0.1012058,0.02125123,0.061122943,0.9999836,0.00045515932,0.0051107216,0.0014932643,0.003986315,0.0053802296,0.033079125,0.0016017603,0.9904043,0.036392357,0.012100031,0.00015310479,0.0056082155,0.018110584,0.00037918423,0.7466024,0.3300811,-4.221109,143.38176,96.02553,57.72978,-1.1484802,1.5120578,2.8037376,70.27419,-3.9322135,13.04476,15.711775043936733,71.14235500878735,6.854130052724078,36.59050966608085,63.44463971880493,65.83479789103691,55.32513181019333,9.666080843585238,47.59226713532514,25.869947275922677,37.188049209138846,2.636203866432337,89.49033391915643,53.42706502636205,61.230228471001766,62.74165202108964,50.12302284710018,55.32513181019333,86.57293497363797,62.7768014059754,49.84182776801406,32.40773286467487,30.68541300527241,13.391915641476276,11.810193321616874,87.76801405975397,2.0035149384885766,6.045694200351495,12.267135325131813,26.78383128295255,20.07029876977153,7.943760984182777,24.60456942003515,97.39894551845344,42.91739894551846,4.710017574692444,3.4797891036906856,29.701230228471005,41.61687170474517,2.741652021089631,78.5237258347979,52.72407732864675,94.97363796133568,97.01230228471005,88.99824253075572,84.74516695957821,97.71528998242532,5.413005272407734,76.20386643233743,46.25659050966608,33.5676625659051,93.91915641476275
CCC(CC)COC(=O)CN[P@@](=O)(Oc1ccccc1C)OP(=O)(O)O,409.31200000000007,3.1602200000000025,6,3,4.0,0.372394427315866,1,131.39,0,1,2,0.05493751,0.6352491,0.6998023,0.23649459,0.41575956,0.25849405,0.2215445,0.14269531,0.46823436,0.35834655,0.17522034,0.4241566,0.22180188,0.39815506,0.73668796,0.013258141,0.042973388,0.05568515,0.06429963,0.06744208,0.22291186,0.07619916,0.35507402,0.2079966,0.20240286,0.011480916,0.026270445,0.078621954,0.032374065,0.48451227,0.4724493,-5.687295,14.546789,49.517178,9.374761,-13.864603,2.8533528,1.6744789,88.01546,-1.612348,0.66751695,67.55711775043937,63.65553602811951,72.46045694200352,78.20738137082601,63.44463971880493,29.701230228471005,55.32513181019333,81.792618629174,47.59226713532514,66.52021089630932,95.07908611599298,14.692442882249562,43.12829525483304,33.427065026362044,68.47100175746925,81.82776801405976,81.51142355008788,77.01230228471002,59.08611599297013,84.14762741652022,42.284710017574696,65.65905096660809,89.3145869947276,72.54833040421794,49.73637961335677,20.492091388400706,54.97363796133568,71.63444639718806,64.14762741652022,68.40070298769773,80.98418277680142,85.5536028119508,84.9560632688928,28.330404217926187,62.95254833040423,61.82776801405976,54.41124780316345,59.96485061511424,61.08963093145871,51.95079086115994,44.71001757469244,61.15992970123023,19.82425307557118,30.826010544815468,68.29525483304043,38.840070298769774,42.42530755711776,74.97363796133568,56.30931458699473,66.22144112478033,76.16871704745168,42.14411247803164
CC(=O)Nc1ncnn2c([C@]3(C#N)O[C@H](C=O)[C@@H](O)[C@H]3O)ccc12,331.28800000000007,-1.2739199999999995,8,3,4.0,0.5889154481472875,4,149.84,0,1,1,0.6879305,0.4868986,0.74547416,0.0015452311,0.007548666,0.067556195,0.0041488474,0.008900088,0.0033973705,0.16873749,0.0016559896,0.1331568,0.31342345,0.90898067,0.6715443,0.023895832,0.025989339,0.03059858,0.014061034,0.014094805,0.09241917,0.008089975,0.033152346,0.0038612026,0.10821547,0.03708645,0.012966208,0.010668542,0.17207047,0.4167339,0.051647276,-5.727557,-3.6829364,8.238301,3.5030296,-20.958506,2.7432594,-0.096222684,53.88081,-2.659942,-2.6003585,49.34973637961336,13.04042179261863,84.51669595782074,78.20738137082601,63.44463971880493,58.66432337434095,81.28295254833041,85.86994727592268,47.59226713532514,66.52021089630932,83.09314586994728,90.75571177504396,31.985940246045697,40.21089630931459,16.55536028119508,12.40773286467487,27.31107205623902,20.597539543058,12.16168717047452,10.755711775043938,23.47978910369069,21.370826010544818,41.05448154657294,80.45694200351494,83.93673110720563,18.945518453427063,70.54481546572936,50.50966608084359,55.95782073813709,45.27240773286468,45.41300527240774,52.44288224956064,54.34094903339192,11.845342706502636,25.237258347978912,46.18629173989456,72.9701230228471,46.0456942003515,36.20386643233744,82.00351493848858,36.37961335676626,24.74516695957821,18.84007029876977,12.688927943760984,31.915641476274168,28.295254833040424,14.868189806678384,68.68189806678383,29.068541300527244,31.21265377855888,58.558875219683664,12.33743409490334
CCN[P@@](=O)(O)OC[C@H]1O[C@@](C#N)(c2ccc3c(N)ncnn23)[C@H](O)[C@@H]1O,398.316,-1.1225199999999995,9,5,4.0,0.3705739837855378,5,188.25,0,1,1,0.6159561,0.271038,0.6231677,0.00019776894,0.005927111,0.021972066,0.0034251406,0.008187597,0.005056258,0.14356625,0.0022784632,0.053624928,0.39181092,0.7316598,0.48959312,0.016991746,0.049466684,0.014673032,0.013098458,0.018722653,0.10151915,0.0042394036,0.014269598,0.0034596901,0.053016387,0.020207819,0.006445906,0.0067500873,0.13196327,0.2440201,0.08620685,-6.3741198,-5.209138,32.503254,7.600428,-25.190601,2.958943,0.12167418,39.537037,-1.5958873,3.171938,65.06151142355009,13.848857644991211,88.08435852372584,91.493848857645,63.44463971880493,29.420035149384887,85.04393673110721,90.896309314587,47.59226713532514,66.52021089630932,83.09314586994728,86.78383128295256,16.906854130052725,24.56942003514939,8.365553602811952,10.123022847100176,13.532513181019333,18.629173989455182,11.8804920913884,15.85237258347979,20.984182776801408,22.987697715289983,17.3286467486819,85.76449912126539,67.76801405975397,15.430579964850615,61.89806678383129,76.16871704745168,45.41300527240774,44.21792618629174,53.11072056239016,57.53954305799649,42.70650263620387,8.787346221441126,24.18277680140598,28.7170474516696,64.49912126537787,32.37258347978911,31.84534270650264,77.60984182776802,15.114235500878737,29.876977152899823,9.666080843585238,11.599297012302284,55.95782073813709,35.606326889279444,8.927943760984183,80.17574692442884,32.68892794376099,20.210896309314588,76.4499121265378,64.07732864674868
CCC1CCOC(O)OC1,146.18599999999998,0.7254,3,1,4.0,0.5922244655442306,2,38.69,0,0,0,0.32808343,0.9850277,0.95484143,0.12702748,0.14343855,0.20429626,0.009086719,0.20758934,0.0063204817,0.3532483,0.0013767093,0.19339584,0.023408879,0.2711224,0.9999415,0.0015728141,0.005424336,0.0044935355,0.0037825182,0.0022990862,0.037115365,0.0026816651,0.9551506,0.0033194148,0.023110189,0.0013787831,0.004921151,0.0038154677,0.0015411761,0.6392716,0.04195667,-4.2829266,69.61717,6.46579,9.063539,-7.3150434,1.4884053,0.81334794,36.87066,-0.5549933,3.134458,8.822495606326891,29.34973637961336,32.653778558875224,36.59050966608085,63.44463971880493,59.0158172231986,69.84182776801407,21.423550087873465,47.59226713532514,25.869947275922677,37.188049209138846,63.05799648506152,93.1810193321617,97.01230228471005,59.22671353251319,58.734622144112485,70.7908611599297,30.08787346221441,68.8224956063269,18.66432337434095,41.93321616871705,20.316344463971884,57.4340949033392,14.797891036906856,41.01933216168717,78.55887521968366,9.244288224956064,6.818980667838313,25.553602811950796,26.22144112478032,7.029876977152901,10.896309314586995,34.235500878734626,80.98418277680142,23.79613356766257,12.09138840070299,19.261862917398947,27.76801405975396,25.76449912126538,7.768014059753955,66.18629173989456,22.1792618629174,93.39191564147627,74.51669595782074,30.228471001757477,38.10193321616872,87.17047451669596,5.0966608084358525,43.09314586994728,18.66432337434095,89.10369068541301,63.76098418277681
CCC(CC)C(COC(=O)O)OC(=O)O,220.221,2.1804,4,2,4.0,0.6661555301569956,1,93.06000000000002,0,0,0,0.013732145,0.4803771,0.783074,0.0036534765,0.035359833,0.18378071,0.029146787,0.013752455,0.02290984,0.08926134,0.00018524227,0.36436695,0.098895475,0.39627796,0.7696273,0.0016123675,0.010075357,0.001598121,0.00094821444,0.013609903,0.07484795,0.011833529,0.06702993,0.004095023,0.032901417,0.0010987904,0.0029479794,0.0018197696,0.0032262113,0.3412877,0.017576115,-4.9229937,41.981956,16.199139,-20.123203,-9.9442425,1.774134,-1.0413586,74.234795,-2.0556724,-0.23409691,20.878734622144115,47.20562390158173,48.55887521968366,61.37082601054482,63.44463971880493,69.59578207381371,55.32513181019333,63.77855887521969,47.59226713532514,25.869947275922677,37.188049209138846,3.5852372583479792,31.353251318101936,47.38137082601055,22.24956063268893,34.340949033391915,66.25659050966608,47.38137082601055,14.797891036906856,37.25834797891037,14.270650263620388,7.275922671353252,84.32337434094904,50.36906854130053,49.52548330404218,21.757469244288227,9.455184534270652,18.172231985940247,12.899824253075572,10.333919156414764,44.463971880492096,42.42530755711776,60.63268892794377,15.079086115992972,25.553602811950796,18.172231985940247,16.203866432337435,19.507908611599294,17.820738137082603,15.008787346221444,25.97539543057997,11.24780316344464,50.93145869947276,58.59402460456943,40.45694200351494,2.1089630931458703,71.28295254833041,12.9701230228471,17.012302284710017,50.05272407732865,70.29876977152901,33.07557117750439
CCC(CC)C[C@H](N[P@](=O)(O)Oc1ccccc1)C(=O)OC,329.3330000000001,3.1233000000000013,4,2,4.0,0.534728783508151,2,84.86,0,1,2,0.06491279,0.80485696,0.83577526,0.117071524,0.3828146,0.3628207,0.25269294,0.23748472,0.10624741,0.53837025,0.14402473,0.19687513,0.11262055,0.4538552,0.99853146,0.007618226,0.022468846,0.042859953,0.04802384,0.03365282,0.13630246,0.088970795,0.8863033,0.33938164,0.14099821,0.010092261,0.039923362,0.14510527,0.02251872,0.47050303,0.45055836,-5.137317,51.54365,64.574776,7.1338396,-9.89301,2.8880475,2.5915058,82.94924,-2.3643022,4.3590155,48.99824253075572,62.88224956063269,48.55887521968366,61.37082601054482,63.44463971880493,51.07205623901582,69.84182776801407,57.9261862917399,47.59226713532514,66.52021089630932,95.07908611599298,17.855887521968366,57.71528998242531,59.57820738137083,58.34797891036907,79.75395430579965,93.1810193321617,78.73462214411248,71.95079086115993,61.51142355008788,59.82425307557119,63.30404217926187,58.20738137082601,54.09490333919157,52.97012302284711,52.97012302284711,39.71880492091389,44.99121265377856,60.24604569420036,62.70650263620387,66.08084358523726,71.28295254833041,86.57293497363797,63.198594024604574,70.72056239015818,52.61862917398946,51.28295254833041,67.7328646748682,69.13884007029877,44.53427065026362,43.05799648506152,60.31634446397189,38.94551845342707,65.16695957820738,77.75043936731107,34.72759226713533,71.66959578207381,76.90685413005274,72.72407732864676,59.0158172231986,64.56942003514939,71.31810193321617
CCC(CC)C(=O)C=O,128.171,1.1906,2,0,4.0,0.4207074452340454,0,34.14,0,2,2,0.4853223,0.9837717,0.92031604,0.14128274,0.06651012,0.24076745,0.007883155,0.12825234,0.002551385,0.41601682,0.0010053861,0.26996756,0.02433261,0.34336138,0.9998394,0.009158946,0.0065679504,0.0039251386,0.0030180567,0.0041439934,0.03694582,0.0101234075,0.97230065,0.0011390911,0.044839416,0.007866497,0.019714814,0.0020106963,0.009435513,0.7886514,0.018347282,-3.8692594,86.54299,31.592413,5.631744,-5.1164455,2.007568,0.94600403,34.98853,-0.8224018,-0.7443948,5.869947275922672,34.13005272407733,17.10017574692443,11.63444639718805,63.44463971880493,35.746924428822496,22.601054481546576,17.521968365553604,47.59226713532514,87.9261862917399,95.07908611599298,77.64499121265379,92.23198594024603,86.08084358523726,60.63268892794377,44.99121265377856,78.03163444639719,28.295254833040424,55.64147627416521,7.978910369068542,47.80316344463972,18.10193321616872,72.58347978910369,15.465729349736382,46.326889279437616,70.82601054481547,44.81546572934974,10.193321616871703,23.72583479789104,23.374340949033392,14.938488576449911,10.826010544815468,58.277680140597546,88.8224956063269,15.360281195079088,24.3585237258348,46.0456942003515,54.6572934973638,18.629173989455182,28.998242530755714,83.90158172231986,11.739894551845344,99.33216168717048,82.63620386643234,55.39543057996485,32.12653778558875,93.11072056239016,23.97188049209139,44.99121265377856,17.609841827768015,85.76449912126539,27.87346221441125
CCC(CO)CCC(=O)O,146.186,0.8697000000000001,2,2,4.0,0.6046832263027613,1,57.53,0,0,0,0.025449935,0.7390509,0.84781474,0.00051160547,0.0018408593,0.09013464,0.0008976537,0.054863244,0.0019453967,0.06304218,2.2733722e-05,0.2266891,0.025835004,0.08945698,0.93812037,0.0025209063,0.009221436,0.00044464512,0.0002101156,0.0025898528,0.032454267,0.0009727316,0.22184663,0.0005207759,0.009212883,0.00023712213,0.0013984164,0.00024445629,0.00094900525,0.49966687,0.008129183,-4.614077,35.798088,-18.407589,-6.9424195,-9.610453,1.5921631,-1.2102811,27.591064,-0.30467993,-1.0319426,8.822495606326891,30.544815465729357,17.10017574692443,61.37082601054482,63.44463971880493,60.702987697715294,55.32513181019333,36.063268892794376,47.59226713532514,25.869947275922677,37.188049209138846,6.889279437609843,52.02108963093146,62.88224956063269,11.107205623901583,3.655536028119508,34.059753954305805,7.311072056239016,31.880492091388405,6.32688927943761,10.404217926186291,2.179261862917399,64.88576449912127,16.449912126537786,17.293497363796135,29.595782073813712,15.114235500878737,16.414762741652023,6.291739894551846,3.4094903339191567,8.084358523725836,7.662565905096661,18.488576449912127,23.19859402460457,9.455184534270652,3.339191564147628,4.92091388400703,11.493848857644991,5.237258347978911,5.2021089630931465,46.36203866432338,4.92091388400703,72.93497363796135,53.53251318101934,9.420035149384889,11.107205623901583,73.00527240773287,7.346221441124781,15.395430579964852,13.81370826010545,91.77504393673112,25.30755711775044
CCC(CC)COC(=O)[C@H](C)N[P@](=O)(O)Oc1ccc(C)cc1,343.36000000000007,3.431720000000002,4,2,4.0,0.5277347355881168,2,84.86,0,1,2,0.081053056,0.744994,0.82543814,0.1893017,0.3397757,0.32975143,0.18541834,0.33399355,0.22340019,0.65000486,0.31888983,0.18630634,0.1600815,0.38625398,0.997303,0.013190043,0.034992658,0.04822903,0.07879789,0.053974885,0.15608773,0.0938215,0.8943081,0.49596184,0.1870502,0.01241461,0.04895083,0.22693935,0.037885763,0.49736214,0.6302149,-5.1678824,50.818317,69.13999,15.238513,-9.720891,2.8539758,2.9010723,87.55685,-2.5527747,5.812831,52.26713532513182,67.94376098418279,48.55887521968366,61.37082601054482,63.44463971880493,50.05272407732865,69.84182776801407,57.9261862917399,47.59226713532514,66.52021089630932,95.07908611599298,22.987697715289983,52.5834797891037,56.871704745166966,64.49912126537787,76.97715289982426,90.65026362038664,74.51669595782074,79.0158172231986,72.86467486818981,73.91915641476275,75.1493848857645,55.46572934973639,63.79613356766257,48.822495606326896,48.822495606326896,54.93848857644992,63.30404217926187,62.17926186291741,71.56414762741653,76.90685413005274,76.30931458699473,87.20562390158173,64.42882249560633,77.71528998242532,59.89455184534271,55.95782073813709,71.91564147627417,75.46572934973639,55.07908611599297,46.115992970123024,68.8224956063269,37.25834797891037,64.63971880492092,80.42179261862918,49.42003514938489,72.37258347978911,75.00878734622145,77.9261862917399,65.41300527240774,60.52724077328647,77.85588752196837
CCC(CC)C(=O)OC(=O)[C@H](C)N[P@](=O)(O)Oc1ccccc1,343.31600000000003,2.6499000000000006,5,2,4.0,0.4248583190777536,2,101.93,0,2,3,0.10877345,0.6277173,0.79690164,0.11086682,0.33945215,0.37037897,0.22079809,0.10250344,0.05753564,0.4282599,0.13299128,0.2763502,0.09106685,0.5558232,0.9894478,0.031024357,0.04092405,0.043165743,0.06466319,0.05813729,0.1736016,0.14800312,0.68745273,0.17183138,0.21394876,0.032653876,0.071199976,0.10440354,0.06729781,0.4462306,0.20845024,-5.1229196,40.20495,57.012978,-2.0669713,-11.068731,3.1497593,2.2767615,78.685555,-2.0217156,2.0622883,52.26713532513182,55.57117750439368,61.880492091388405,61.37082601054482,63.44463971880493,36.37961335676626,69.84182776801407,69.34973637961336,47.59226713532514,87.9261862917399,98.89279437609842,29.455184534270654,42.39015817223199,49.98242530755712,57.32864674868191,76.97715289982426,93.74340949033392,76.87170474516697,48.1195079086116,51.493848857645,48.54130052724078,62.108963093145874,73.49736379613357,48.43585237258348,57.89103690685413,39.43760984182777,75.85237258347979,69.98242530755712,60.31634446397189,68.47100175746925,78.59402460456943,79.68365553602813,92.05623901581724,43.23374340949034,59.89455184534271,63.26889279437611,71.10720562390159,78.6291739894552,65.09666080843586,65.48330404217927,39.92970123022848,43.12829525483304,39.5079086115993,57.15289982425308,73.39191564147627,18.629173989455182,61.93321616871705,87.17047451669596,67.06502636203867,54.6572934973638,70.86115992970123,55.88752196836556
CCC[C@H](N[P@](=O)(O)Oc1ccccc1)C(=O)OCC(CC)CC,357.3870000000002,3.903500000000003,4,2,4.0,0.4614088838189693,2,84.86,0,1,2,0.078883044,0.7916826,0.8179208,0.14788756,0.32312444,0.33796424,0.21364239,0.2893967,0.14484432,0.61824435,0.2420913,0.17393754,0.141155,0.4266073,0.9978796,0.01211896,0.031635437,0.041563317,0.051974755,0.03822164,0.14043656,0.09060866,0.89419544,0.47815943,0.158667,0.01109078,0.04292893,0.15215017,0.028455764,0.48361602,0.57643116,-5.097258,70.38235,87.117226,17.283192,-9.211986,2.7826076,3.2198384,89.98299,-2.969719,6.443956,55.21968365553603,75.64147627416521,48.55887521968366,61.37082601054482,63.44463971880493,41.61687170474517,69.84182776801407,57.9261862917399,47.59226713532514,66.52021089630932,95.07908611599298,22.35500878734622,56.41476274165203,54.692442882249566,61.12478031634447,75.60632688927944,91.38840070298772,76.4499121265378,76.2390158172232,66.85413005272409,69.52548330404218,70.61511423550088,52.65377855887522,60.38664323374341,51.45869947275923,49.94727592267136,52.61862917398946,58.76977152899825,59.71880492091389,64.18277680140598,69.49033391915643,72.16168717047452,86.74868189806679,64.42882249560633,76.87170474516697,56.02811950790861,53.63796133567663,69.24428822495607,69.77152899824253,49.34973637961336,44.67486818980668,66.57293497363797,40.421792618629176,74.93848857644991,86.6432337434095,53.46221441124781,75.60632688927944,70.68541300527241,83.55008787346222,69.42003514938489,53.39191564147628,80.21089630931459
CCC(CC)C(=O)C(O)C(CC)CC,200.322,2.788800000000001,2,1,4.0,0.6858368685488574,1,37.3,0,0,0,0.034781206,0.9768982,0.81849545,0.099827185,0.30011874,0.14076826,0.07865516,0.27117765,0.030543962,0.51221067,0.03377973,0.07792725,0.01978213,0.14803863,0.999986,0.0014548212,0.008702644,0.0026787028,0.00745103,0.005953134,0.032878436,0.002474675,0.9888266,0.029933821,0.020421743,0.0005554723,0.011433745,0.011651379,0.001104174,0.64937526,0.18641475,-4.076398,133.01413,86.117294,32.480274,-4.1850853,1.7409754,2.4770882,56.37815,-2.7157073,6.40288,17.855887521968366,58.17223198594025,17.10017574692443,36.59050966608085,63.44463971880493,72.79437609841828,55.32513181019333,19.68365553602812,47.59226713532514,25.869947275922677,37.188049209138846,9.279437609841828,88.36555360281196,54.90333919156415,55.50087873462215,74.30579964850615,53.0755711775044,62.24956063268893,74.93848857644991,41.26537785588753,57.46924428822496,45.34270650263621,24.11247803163445,12.79437609841828,27.31107205623902,88.54130052724078,8.471001757469246,15.008787346221444,17.680140597539545,35.67662565905097,22.10896309314587,7.838312829525484,32.75922671353251,96.80140597539544,41.54657293497364,10.22847100175747,9.595782073813709,43.65553602811951,37.01230228471002,5.729349736379614,67.1353251318102,41.05448154657294,97.25834797891038,95.50087873462216,86.4323374340949,70.22847100175747,94.79789103690686,11.528998242530756,70.40421792618629,33.11072056239016,57.188049209138846,80.07029876977154
CCC(CC)COC(=O)[C@H](C)N[P@](=O)(O)Oc1cccc(C(=O)O)c1,373.3420000000001,2.8215000000000003,5,3,4.0,0.4226646356506885,2,122.16,0,1,2,0.06270181,0.3505825,0.7213817,0.055476893,0.09040644,0.1617455,0.07766596,0.04752641,0.10710587,0.18782985,0.013129284,0.29271597,0.22908314,0.40999928,0.6243278,0.0143152755,0.055174787,0.023084164,0.013833071,0.055768203,0.18016648,0.025056291,0.09595326,0.036507808,0.07278754,0.009636285,0.011792239,0.01647518,0.020615708,0.35452062,0.12659176,-5.585494,24.33725,39.35374,-6.946524,-13.638559,2.7482886,0.8571914,85.61574,-2.5195413,1.1321864,59.367311072056246,58.52372583479789,61.880492091388405,78.20738137082601,63.44463971880493,35.95782073813709,69.84182776801407,79.5079086115993,47.59226713532514,66.52021089630932,95.07908611599298,16.977152899824254,22.24956063268893,36.09841827768015,47.978910369068544,50.19332161687171,60.03514938488577,62.00351493848858,29.384885764499124,61.6871704745167,25.553602811950796,37.01230228471002,76.06326889279438,73.00527240773287,50.26362038664324,17.574692442882252,57.60984182776802,79.89455184534272,51.35325131810194,45.02636203866432,77.46924428822496,80.8084358523726,70.93145869947277,17.223198594024606,42.91739894551846,35.606326889279444,50.333919156414765,44.18277680140598,40.421792618629176,42.7768014059754,27.94376098418278,34.58699472759227,22.03866432337434,42.88224956063269,61.40597539543059,11.107205623901583,43.90158172231986,68.92794376098419,43.62038664323375,62.108963093145874,61.195079086116,47.1353251318102
CCC(CC)COC[C@H]1O[C@@](C#N)(c2ccc3c(N)ncnn23)[C@H](O)[C@@H]1OP(=O)(O)O,455.4080000000001,0.7207799999999993,9,4,4.0,0.3903770981305612,4,185.45,0,1,0,0.12937757,0.1734112,0.42695457,0.0018317543,0.10327456,0.04711794,0.0698459,0.011632982,0.12721162,0.19454244,0.027986253,0.15598679,0.5104369,0.63339174,0.23490281,0.01836029,0.07438131,0.021013062,0.055816967,0.08018786,0.20461234,0.018631238,0.0118824765,0.045266233,0.14677441,0.028476536,0.017237505,0.025455331,0.1312401,0.17199843,0.24338698,-6.4926224,7.2920675,49.422794,12.503151,-24.061115,2.812199,1.1541586,73.94426,-2.0737138,4.76708,76.69595782073814,29.279437609841832,88.08435852372584,86.90685413005274,63.44463971880493,32.056239015817226,81.28295254833041,90.61511423550088,47.59226713532514,66.52021089630932,37.188049209138846,33.919156414762746,11.985940246045695,13.637961335676628,17.258347978910372,52.40773286467487,21.61687170474517,60.35149384885765,13.884007029876978,64.39367311072057,26.115992970123024,43.65553602811951,47.31107205623902,92.9701230228471,62.108963093145874,10.755711775043938,63.831282952548335,86.74868189806679,49.8066783831283,65.86994727592268,83.55008787346222,84.00702987697716,66.78383128295255,8.224956063268893,44.8506151142355,53.95430579964851,69.24428822495607,51.95079086115994,45.34270650263621,77.50439367311073,8.927943760984183,45.86994727592268,8.752196836555362,22.39015817223199,68.18980667838314,44.60456942003516,10.369068541300528,72.54833040421794,47.697715289982426,49.87697715289983,70.01757469244289,73.39191564147627
CCC(CC)C(OC(=O)O)C(CC)CC,216.321,3.9220000000000015,2,1,4.0,0.6559152859255581,0,46.53,0,0,0,0.0073126866,0.67048633,0.8694929,0.019430663,0.07886928,0.32022506,0.0852319,0.12667331,0.016735958,0.4205947,0.0030430066,0.18509649,0.023712493,0.35089082,0.9978523,0.0020524997,0.00817254,0.0011332972,0.0053949915,0.015706096,0.060937602,0.048414357,0.8618536,0.053204753,0.03465666,0.00057711,0.009674644,0.03063258,0.0034723957,0.50156516,0.10087391,-4.374096,104.60852,62.697376,2.1149974,-4.4523635,1.7620004,2.073083,86.79438,-3.703053,4.0747056,20.562390158172235,75.99297012302286,17.10017574692443,36.59050966608085,63.44463971880493,67.97891036906854,22.601054481546576,28.26010544815466,47.59226713532514,25.869947275922677,37.188049209138846,2.0035149384885766,46.0456942003515,68.50615114235501,36.73110720562391,47.7328646748682,89.49033391915643,63.55008787346222,54.93848857644992,32.30228471001758,47.978910369068544,25.166959578207383,54.93848857644992,14.973637961335678,46.78383128295256,49.9121265377856,11.810193321616874,13.673110720562391,9.630931458699472,31.00175746924429,48.04920913884008,31.52899824253076,79.64850615114236,59.08611599297013,46.467486818980674,18.945518453427063,9.947275922671354,40.66783831282953,47.873462214411255,15.711775043936733,46.67838312829526,31.669595782073817,88.57644991212655,89.45518453427066,76.30931458699473,25.65905096660809,94.481546572935,12.4780316344464,63.79613356766257,63.971880492091394,38.31282952548331,69.59578207381371
CCC(C)COC(=O)[C@H](C)N[P@](=O)(O)Oc1ccc(C)cc1,329.333,3.041620000000001,4,2,4.0,0.5631481615879452,3,84.86,0,1,2,0.104838766,0.7291465,0.84202516,0.1975004,0.3747023,0.3455995,0.17977472,0.31523943,0.19716528,0.65027297,0.26642877,0.20010129,0.15231748,0.40901884,0.99716985,0.01355626,0.03158782,0.053741414,0.09001972,0.062404234,0.17220116,0.10165384,0.89479077,0.450914,0.20717685,0.016230324,0.052188672,0.26231214,0.043731634,0.50361145,0.587641,-5.158272,47.99132,63.50768,7.3454757,-9.877553,2.8818915,2.7289336,84.635666,-2.2885108,4.1888447,48.99824253075572,61.86291739894553,48.55887521968366,61.37082601054482,63.44463971880493,55.39543057996485,76.60808435852373,57.9261862917399,47.59226713532514,66.52021089630932,95.07908611599298,28.54130052724077,50.86115992970124,60.87873462214412,65.37785588752197,79.05096660808437,91.9859402460457,73.88400702987698,77.75043936731107,71.17750439367312,73.95430579964851,71.95079086115993,59.19156414762743,62.39015817223199,50.19332161687171,48.29525483304042,55.60632688927944,58.734622144112485,63.72583479789104,73.81370826010546,79.82425307557118,79.5079086115993,88.11950790861161,64.49912126537787,75.88752196836556,62.46045694200352,60.80843585237259,73.28646748681899,77.29349736379613,57.78558875219685,47.10017574692444,67.02987697715291,37.71528998242531,62.49560632688929,76.97715289982426,35.114235500878735,71.77504393673111,76.62565905096662,74.79789103690686,60.87873462214412,65.79964850615114,70.26362038664324
CCC(CC)COC(=O)[C@H](C)N[P@](=O)(O)Oc1ccccc1C,343.36000000000007,3.431720000000002,4,2,4.0,0.5277347355881168,2,84.86,0,1,2,0.08941518,0.8085035,0.82713187,0.1838172,0.30734187,0.32792002,0.14960496,0.3487173,0.2397536,0.62341774,0.27154878,0.18958813,0.16287297,0.35185236,0.99807626,0.012039806,0.031097893,0.047918558,0.056880873,0.035561267,0.124786615,0.07450609,0.90672576,0.42939273,0.151618,0.009708738,0.040779483,0.14714393,0.028785836,0.523315,0.6110061,-5.1072164,48.805794,67.00146,16.16423,-9.5554905,2.936803,2.882666,86.611855,-2.5265048,5.687164,52.26713532513182,67.94376098418279,48.55887521968366,61.37082601054482,63.44463971880493,50.05272407732865,69.84182776801407,57.9261862917399,47.59226713532514,66.52021089630932,95.07908611599298,25.06151142355009,57.9261862917399,57.32864674868191,63.971880492091394,74.69244288224957,90.43936731107206,71.45869947275924,79.96485061511424,73.84885764499121,70.19332161687171,72.40773286467487,56.344463971880494,64.18277680140598,46.88927943760984,50.86115992970124,52.40773286467487,58.17223198594025,61.968365553602816,66.32688927943761,67.48681898066785,67.87346221441125,84.74516695957821,66.88927943760984,74.86818980667839,54.79789103690686,50.36906854130053,68.08435852372584,69.27943760984184,49.87697715289983,50.333919156414765,67.97891036906854,40.0,63.02284710017575,79.0158172231986,51.70474516695958,73.35676625659052,79.33216168717048,77.64499121265379,63.76098418277681,60.94903339191565,77.39894551845343
CCC(CC)COC(=O)[C@H](C)N[P@](=O)(O)OC12C=CC=CC1O2,345.33200000000005,2.282,5,2,4.0,0.3757605341875734,4,97.39,0,2,2,0.35883608,0.70464087,0.75488454,0.017725285,0.14706631,0.17778489,0.052322157,0.16314591,0.080028675,0.5285446,0.17770442,0.16201712,0.16432914,0.2687483,0.9714403,0.03521756,0.0426195,0.018790837,0.04738494,0.045984726,0.13137147,0.047180228,0.6640259,0.17031696,0.18115784,0.020279068,0.04274621,0.04873837,0.045050144,0.58463335,0.36488742,-5.220217,36.159424,53.23628,12.513043,-11.823024,3.0683324,2.4194887,77.71388,-2.0306516,4.9357595,52.68892794376099,48.54130052724078,61.880492091388405,61.37082601054482,63.44463971880493,30.123022847100177,81.28295254833041,66.0456942003515,47.59226713532514,87.9261862917399,95.07908611599298,66.39718804920915,48.61159929701231,41.652021089630935,35.81722319859403,59.19156414762743,64.74516695957821,55.95782073813709,62.84710017574693,56.239015817223205,58.87521968365554,65.97539543057997,49.24428822495607,64.53427065026362,40.98418277680141,33.919156414762746,78.03163444639719,71.24780316344464,48.54130052724078,62.49560632688929,73.42706502636204,69.87697715289983,79.33216168717048,41.82776801405976,59.82425307557119,59.33216168717048,64.63971880492092,69.10369068541301,54.48154657293498,58.34797891036907,58.20738137082601,55.57117750439368,34.76274165202109,53.95430579964851,70.93145869947277,44.67486818980668,56.37961335676626,84.78031634446398,69.27943760984184,53.70826010544816,70.75571177504395,73.95430579964851
CCC(CC)COC(=O)[C@H](C)N(C)[P@](=O)(O)Oc1ccccc1,343.36000000000007,3.4655000000000022,4,1,4.0,0.5464895906816288,2,76.07000000000001,0,1,2,0.08303505,0.8907329,0.8054652,0.25820306,0.554532,0.30899245,0.3297,0.30157226,0.21161632,0.6259175,0.36685747,0.1756685,0.117279336,0.41129246,0.9997324,0.007465641,0.025511663,0.06543885,0.056187175,0.025552904,0.11517401,0.043532066,0.9462369,0.4006001,0.13516465,0.007883991,0.033459693,0.117514946,0.015284702,0.5211889,0.5733957,-4.9360466,81.58031,91.80208,20.53492,-8.33415,2.7718918,3.0941904,86.85359,-2.818674,6.1304445,52.26713532513182,68.6115992970123,48.55887521968366,36.59050966608085,63.44463971880493,52.93497363796134,69.84182776801407,51.493848857645,47.59226713532514,66.52021089630932,95.07908611599298,23.44463971880492,67.34622144112478,51.9859402460457,70.26362038664324,87.27592267135326,88.40070298769773,82.31985940246047,76.94200351493849,71.8804920913884,70.61511423550088,77.46924428822496,53.00527240773287,55.149384885764505,50.298769771529,67.76801405975397,39.19156414762742,49.9121265377856,66.5377855887522,66.11599297012303,60.03514938488577,63.93673110720563,78.38312829525483,77.15289982425308,73.84885764499121,51.70474516695958,46.0456942003515,63.79613356766257,66.39718804920915,36.871704745166966,50.05272407732865,66.46748681898067,49.87697715289983,80.38664323374341,88.15465729349737,58.734622144112485,81.51142355008788,70.15817223198594,81.195079086116,64.04217926186293,55.95782073813709,78.98066783831284
CCC(CC)COC(=O)[C@](C)(CC)N[P@](=O)(O)Oc1ccccc1,357.38700000000006,3.903500000000003,4,2,4.0,0.4878673035019622,2,84.86,0,1,2,0.06859644,0.78178275,0.78032756,0.044754528,0.31496987,0.26786518,0.24165574,0.20232923,0.09152013,0.5979029,0.36375123,0.13269135,0.104824945,0.39029607,0.9988845,0.011020035,0.031949393,0.02270808,0.04058423,0.030020177,0.10441329,0.047729205,0.8937267,0.42778498,0.13376123,0.0065508424,0.03726821,0.105973646,0.015766187,0.4514935,0.50228894,-4.96143,80.436584,92.96584,20.447205,-8.716498,2.8131416,3.3430371,90.50796,-3.1705558,6.5432386,55.21968365553603,75.64147627416521,48.55887521968366,61.37082601054482,63.44463971880493,44.53427065026362,69.84182776801407,57.9261862917399,47.59226713532514,66.52021089630932,95.07908611599298,18.910369068541304,55.50087873462215,46.924428822495614,45.694200351493855,75.21968365553603,83.12829525483305,78.03163444639719,68.08435852372584,58.87521968365554,67.59226713532514,77.29349736379613,40.98418277680141,51.880492091388405,49.10369068541301,55.60632688927944,49.98242530755712,59.156414762741655,51.10720562390159,60.00000000000001,63.47978910369069,59.0158172231986,79.5079086115993,64.21792618629175,74.79789103690686,51.52899824253076,42.95254833040422,66.25659050966608,65.16695957820738,37.4340949033392,40.597539543058,62.88224956063269,48.08435852372584,79.82425307557118,88.40070298769773,58.59402460456943,78.66432337434095,72.54833040421794,85.69420035149386,70.40421792618629,48.787346221441126,80.56239015817224
CCC(C=O)CC(C)C(C=O)CC,184.279,2.4628000000000005,2,0,4.0,0.569475419393583,3,34.14,0,1,1,0.31380782,0.984399,0.86203086,0.08414807,0.11236946,0.18150221,0.018210672,0.15772453,0.0065130345,0.47878093,0.007453551,0.23656225,0.023954116,0.18586507,0.99993134,0.005649259,0.0068866313,0.002059472,0.0042633517,0.0045073507,0.030025244,0.0063677467,0.98306626,0.0039456356,0.03260537,0.002560643,0.02122289,0.002433093,0.004078741,0.83118516,0.05410241,-3.9396138,116.91194,61.302803,17.286118,-3.8199165,1.6313518,1.868428,48.57925,-2.0417573,2.375502,15.430579964850615,51.77504393673111,17.10017574692443,11.63444639718805,63.44463971880493,56.239015817223205,76.60808435852373,17.521968365553604,47.59226713532514,66.52021089630932,83.09314586994728,61.61687170474517,92.79437609841828,66.25659050966608,53.0755711775044,53.77855887521969,65.65905096660809,39.92970123022848,61.93321616871705,19.297012302284717,53.42706502636205,32.337434094903344,66.32688927943761,15.254833040421794,32.89982425307557,77.39894551845343,30.861159929701238,11.142355008787348,14.657293497363796,27.87346221441125,16.449912126537786,6.291739894551846,49.84182776801406,94.34094903339192,25.37785588752197,17.891036906854133,27.90861159929701,56.27416520210897,20.632688927943764,17.680140597539545,87.94376098418279,25.096660808435853,98.76977152899823,92.44288224956064,75.7469244288225,53.46221441124781,95.32513181019333,8.506151142355009,59.613356766256594,26.959578207381373,70.50966608084359,58.31282952548331
CCC(CC)C(=O)C(CC)CC,170.29599999999996,3.427900000000002,1,0,4.0,0.596590511854536,0,17.07,0,0,0,0.043070704,0.9891254,0.79182154,0.30681935,0.44112,0.12131214,0.10001479,0.2654814,0.028090438,0.5158564,0.027780121,0.08499453,0.01242432,0.12951455,0.9999944,0.0014057143,0.0074124574,0.0032307184,0.008783016,0.0072921677,0.038697004,0.0028929068,0.99262273,0.02297775,0.023467116,0.00082867406,0.017647536,0.014730468,0.0013527528,0.7413622,0.1685643,-4.028828,138.82071,96.69386,42.620876,-1.7983124,1.7942339,2.800628,63.987072,-3.4596527,7.6688166,12.899824253075572,67.87346221441125,6.854130052724078,11.63444639718805,63.44463971880493,59.43760984182777,22.601054481546576,8.383128295254833,47.59226713532514,25.869947275922677,37.188049209138846,11.423550087873464,95.88752196836556,49.06854130052725,72.82952548330405,82.98769771528998,45.86994727592268,65.83479789103691,74.37609841827769,40.45694200351494,57.71528998242531,43.65553602811951,26.04569420035149,8.400702987697716,23.690685413005276,93.1810193321617,8.189806678383128,12.126537785588754,20.632688927943764,38.03163444639719,26.60808435852373,11.775043936731109,35.67662565905097,98.27768014059755,39.472759226713535,12.302284710017576,13.251318101933215,52.337434094903344,39.43760984182777,6.889279437609843,77.82073813708261,39.12126537785589,97.92618629173992,96.37961335676628,89.13884007029878,77.22319859402461,97.11775043936731,13.74340949033392,76.20386643233743,40.03514938488577,42.98769771528999,84.39367311072057
CCC(CC)COC(=O)[C@H](CO)N[P@](=O)(O)Oc1ccccc1,345.33200000000005,2.0957,5,3,4.0,0.4403828260084548,2,105.09,0,1,2,0.118491985,0.76213825,0.7948591,0.17472117,0.24560753,0.32442555,0.12777223,0.27730078,0.25898087,0.5084168,0.16865368,0.27604812,0.21224146,0.33254665,0.97733086,0.021625873,0.045234717,0.04873649,0.047594953,0.04468912,0.16402198,0.09928794,0.74009097,0.2778419,0.15531817,0.016712671,0.04188437,0.08778867,0.0373813,0.5573346,0.4979828,-5.2868423,41.80382,55.360313,3.1342177,-11.379705,2.899741,2.4252465,83.41172,-2.0349014,4.275244,52.68892794376099,46.22144112478032,61.880492091388405,78.20738137082601,63.44463971880493,38.34797891036907,69.84182776801407,70.96660808435853,47.59226713532514,66.52021089630932,95.07908611599298,31.77504393673111,53.88400702987698,49.63093145869948,63.30404217926187,69.49033391915643,90.1230228471002,69.17398945518454,75.2548330404218,75.28998242530757,56.94200351493849,65.30755711775045,73.35676625659052,71.49384885764499,45.51845342706503,35.21968365553603,68.01405975395431,73.63796133567664,62.31985940246047,62.601054481546576,73.04042179261863,78.24253075571178,87.76801405975397,46.81898066783832,67.48681898066785,55.46572934973639,61.30052724077329,68.68189806678383,62.67135325131811,54.58699472759227,55.04393673110721,62.7768014059754,31.318101933216173,58.45342706502637,72.44288224956064,27.59226713532513,60.07029876977153,77.60984182776802,69.27943760984184,59.68365553602813,70.61511423550088,70.72056239015818
CCC(CC)COC[C@H](C)N[P@](=O)(O)Oc1ccccc1,315.35,3.596700000000002,3,2,4.0,0.6457761081307759,2,67.79,0,1,2,0.049972497,0.7733367,0.84058887,0.1270491,0.1902465,0.2795185,0.1113052,0.37174195,0.28019476,0.52536595,0.0910553,0.16167457,0.14660564,0.27683264,0.99626064,0.0057988376,0.020689528,0.025029963,0.04238087,0.03162017,0.12931862,0.05679644,0.8579758,0.40655738,0.11524725,0.0036633715,0.030608643,0.16545369,0.014344571,0.53158027,0.6020535,-5.0134583,39.646416,50.944267,21.083565,-9.526711,3.1859274,2.646457,77.24113,-2.295121,6.5449476,45.58875219683656,70.96660808435853,32.653778558875224,61.37082601054482,63.44463971880493,66.18629173989456,69.84182776801407,45.18453427065027,47.59226713532514,66.52021089630932,95.07908611599298,13.321616871704746,54.692442882249566,60.35149384885765,59.22671353251319,64.21792618629175,84.60456942003516,67.20562390158173,81.23022847100177,76.2390158172232,58.62917398945519,56.90685413005273,49.17398945518454,61.51142355008788,41.26537785588753,46.50263620386644,31.634446397188054,41.792618629174,52.54833040421793,60.77328646748683,65.02636203866433,69.03339191564149,81.65202108963094,58.45342706502637,74.02460456942003,47.978910369068544,33.427065026362044,62.636203866432346,71.0017574692443,35.465729349736385,51.45869947275923,67.5219683655536,44.63971880492092,56.695957820738144,69.38488576449913,59.507908611599305,73.56766256590511,87.7328646748682,73.56766256590511,53.18101933216169,65.65905096660809,80.56239015817224
CCC(C)COC(=O)[C@H](CC)N[P@](=O)(O)Oc1ccccc1,329.333,3.1233000000000013,4,2,4.0,0.5347287835081511,3,84.86,0,1,2,0.10111119,0.7628161,0.8420089,0.12470255,0.27033165,0.34744766,0.14652532,0.24588616,0.11777558,0.56060225,0.1176445,0.20026214,0.14117676,0.41920328,0.9952356,0.012819162,0.029844562,0.037379283,0.045213453,0.043072753,0.16211742,0.082147755,0.8486546,0.30542362,0.1430256,0.012608791,0.03755295,0.12119117,0.028725216,0.5008456,0.44043845,-5.0821733,55.989136,69.36583,5.704999,-9.707102,2.9565134,2.8050072,83.54934,-2.4296653,3.7247627,48.99824253075572,62.88224956063269,48.55887521968366,61.37082601054482,63.44463971880493,51.07205623901582,76.60808435852373,57.9261862917399,47.59226713532514,66.52021089630932,95.07908611599298,27.697715289982423,53.919156414762746,60.87873462214412,59.19156414762743,71.84534270650265,92.091388400703,71.24780316344464,72.61862917398946,63.16344463971881,62.74165202108964,60.17574692442883,59.19156414762743,60.38664323374341,50.93145869947276,44.8506151142355,54.02460456942004,56.239015817223205,58.20738137082601,61.75746924428823,72.23198594024605,77.9261862917399,85.76449912126539,57.25834797891037,69.03339191564149,53.18101933216169,56.20386643233744,66.4323374340949,66.92442882249561,49.701230228471005,46.60808435852373,59.82425307557119,40.87873462214412,67.76801405975397,80.49209138840071,32.37258347978911,72.37258347978911,80.03514938488577,76.20386643233743,59.71880492091389,62.7768014059754,67.55711775043937
CCC(CC)C(C)C(CC)COC(=O)[C@H](C)N[P@](=O)(O)Oc1ccccc1,399.4680000000001,4.785600000000005,4,2,4.0,0.3884282251920681,4,84.86,0,1,2,0.06464966,0.8548849,0.7014307,0.07404746,0.25832146,0.2502327,0.18912713,0.3329254,0.47200376,0.6735602,0.3715337,0.21901616,0.17135498,0.21993403,0.9977981,0.0064696595,0.015136361,0.012520594,0.05516892,0.042584337,0.123994924,0.07594767,0.90732527,0.59945947,0.20406553,0.0033407286,0.07166012,0.20374647,0.023431089,0.68759507,0.83772814,-5.234482,61.445568,90.28178,42.569557,-9.234849,2.7693188,3.456408,95.022545,-3.3852832,10.579416,65.37785588752197,86.81898066783832,48.55887521968366,61.37082601054482,63.44463971880493,31.739894551845342,81.28295254833041,57.9261862917399,47.59226713532514,66.52021089630932,95.07908611599298,17.820738137082603,62.56590509666081,33.63796133567663,51.28295254833041,70.68541300527241,79.96485061511424,74.86818980667839,79.0158172231986,84.21792618629175,77.22319859402461,77.60984182776802,63.3743409490334,65.90509666080844,36.555360281195085,49.701230228471005,35.07908611599297,31.00175746924429,42.84710017574693,65.65905096660809,72.02108963093147,67.5219683655536,84.88576449912128,66.99472759226714,81.12478031634447,61.968365553602816,31.70474516695958,78.73462214411248,74.23550087873463,45.061511423550094,71.42355008787347,82.00351493848858,34.024604569420035,70.61511423550088,87.87346221441126,77.22319859402461,75.57117750439367,69.98242530755712,88.01405975395431,78.91036906854131,44.3585237258348,91.07205623901582
CCC(CC)COC(=O)[C@H](C)N[P@](=O)(O)Oc1cccc(CC=C(C)C)c1,397.45200000000017,4.632000000000004,4,2,4.0,0.3216510876165918,2,84.86,0,2,2,0.09777121,0.7387604,0.75096196,0.2794838,0.36984554,0.30517852,0.24341366,0.4187457,0.45150942,0.72908086,0.52591574,0.22274753,0.21794315,0.32782727,0.99694747,0.017030124,0.024537597,0.074325584,0.14369482,0.074824266,0.15881534,0.10924319,0.901233,0.65008754,0.30141962,0.015986215,0.1125716,0.32777265,0.06861271,0.5854934,0.82363874,-5.2218423,69.495316,97.88975,27.083073,-9.567814,2.6843657,3.5564842,96.02252,-3.446799,7.403408,64.92091388400704,85.20210896309315,48.55887521968366,61.37082601054482,63.44463971880493,23.02284710017575,69.84182776801407,57.9261862917399,47.59226713532514,87.9261862917399,95.07908611599298,26.85413005272408,52.02108963093146,40.91388400702988,71.45869947275924,78.94551845342707,88.11950790861161,78.13708260105449,83.3743409490334,83.62038664323376,84.60456942003516,83.51493848857646,64.14762741652022,71.9859402460457,45.23725834797892,47.90861159929702,62.03866432337435,48.68189806678384,68.01405975395431,81.12478031634447,82.39015817223199,77.11775043936731,89.06854130052724,65.51845342706503,83.23374340949034,70.57996485061513,60.49209138840071,85.72934973637962,80.38664323374341,65.86994727592268,58.38312829525484,80.94903339191565,34.58699472759227,74.41124780316345,89.45518453427066,66.18629173989456,73.21616871704745,64.9560632688928,89.42003514938489,80.7029876977153,43.40949033391916,83.33919156414764
CCC(CC)COC(=O)CN[P@](=O)(O)Oc1cccc(C)c1,329.333,3.0432200000000007,4,2,4.0,0.5349403530413623,1,84.86,0,1,2,0.088214576,0.88814944,0.8737461,0.21078339,0.3445215,0.33511162,0.117385104,0.39535484,0.23772688,0.6062065,0.21153662,0.19412497,0.18724817,0.34186316,0.99945533,0.0070910156,0.027721528,0.043070644,0.028637487,0.018540956,0.1028951,0.028122878,0.9405755,0.2962607,0.09695446,0.0065667555,0.018601444,0.06045408,0.011764387,0.52236754,0.59516597,-5.1129355,60.836834,69.810135,6.417711,-9.151111,2.627271,2.583117,85.75053,-2.26012,4.9702682,48.99824253075572,61.89806678383129,48.55887521968366,61.37082601054482,63.44463971880493,51.07205623901582,55.32513181019333,57.9261862917399,47.59226713532514,66.52021089630932,95.07908611599298,24.63971880492092,66.95957820738138,69.63093145869948,66.39718804920915,77.36379613356767,91.24780316344464,67.97891036906854,82.14411247803164,73.63796133567664,68.29525483304043,68.64674868189807,57.57469244288225,68.11950790861161,46.18629173989456,61.15992970123023,37.39894551845343,53.00527240773287,60.31634446397189,55.008787346221446,52.75922671353252,58.34797891036907,72.72407732864676,75.21968365553603,68.57644991212655,43.44463971880492,42.98769771528999,53.39191564147628,57.22319859402461,32.829525483304046,50.12302284710018,67.24077328646749,39.789103690685415,70.36906854130054,80.49209138840071,33.743409490333924,75.81722319859404,61.72231985940247,72.54833040421794,62.35500878734623,66.25659050966608,74.1652021089631
CCC(CC)C(C)OC(=O)[C@H](C)N[P@](=O)(O)Oc1ccccc1,343.36000000000007,3.511800000000002,4,2,4.0,0.5271178223198746,3,84.86,0,1,2,0.044915814,0.7280139,0.78367054,0.12613587,0.4084897,0.3163995,0.2732633,0.22352476,0.24448498,0.56242114,0.251642,0.22011833,0.10946105,0.36259526,0.99685067,0.00793674,0.02163899,0.026096564,0.063908756,0.04851381,0.14964858,0.1032027,0.8501215,0.4446504,0.16936493,0.0066470997,0.05312734,0.20484261,0.02588791,0.50906837,0.57294244,-5.1476717,48.173904,65.08568,14.671077,-9.44479,2.872122,2.768069,84.8976,-2.4067752,5.7517705,52.26713532513182,69.27943760984184,48.55887521968366,61.37082601054482,63.44463971880493,49.94727592267136,76.60808435852373,57.9261862917399,47.59226713532514,66.52021089630932,95.07908611599298,12.09138840070299,50.75571177504394,47.45166959578208,59.19156414762743,81.47627416520211,88.99824253075572,79.89455184534272,70.61511423550088,74.13005272407733,62.91739894551846,71.21265377855889,63.55008787346222,53.21616871704746,47.5219683655536,47.66256590509666,41.05448154657294,43.55008787346222,53.25131810193322,68.40070298769773,74.6572934973638,74.58699472759227,88.33040421792619,57.50439367311073,75.64147627416521,57.57469244288225,43.23374340949034,73.60281195079087,74.2706502636204,47.20562390158173,48.04920913884008,66.46748681898067,38.4182776801406,62.67135325131811,77.9261862917399,48.64674868189808,73.98945518453428,75.95782073813709,75.67662565905097,61.195079086116,63.514938488576455,77.71528998242532
CCCC(CC)COC(=O)CN[P@](=O)(O)Oc1ccccc1,329.333,3.124900000000001,4,2,4.0,0.5066405464098117,2,84.86,0,1,2,0.06875801,0.90765417,0.8477384,0.15452318,0.2698717,0.35435432,0.097013064,0.34329137,0.2720498,0.5340588,0.07943123,0.24904938,0.19607702,0.2951713,0.9982327,0.007678931,0.023121824,0.022981016,0.019974835,0.019353475,0.11744392,0.047105737,0.9037484,0.24521077,0.089984626,0.0054307957,0.020665128,0.047816686,0.011646263,0.6037759,0.54811716,-5.07666,58.613384,65.618454,6.23235,-9.108462,2.702244,2.5704193,85.59827,-2.370012,4.9759016,48.99824253075572,62.91739894551846,48.55887521968366,61.37082601054482,63.44463971880493,47.24077328646749,69.84182776801407,57.9261862917399,47.59226713532514,66.52021089630932,95.07908611599298,18.945518453427063,70.01757469244289,62.88224956063269,61.93321616871705,71.84534270650265,92.5834797891037,65.41300527240774,79.57820738137083,75.85237258347979,59.472759226713535,54.93848857644992,68.47100175746925,69.38488576449913,42.7768014059754,51.493848857645,39.96485061511424,46.22144112478032,51.31810193321618,50.15817223198594,53.74340949033392,65.09666080843586,79.29701230228471,66.11599297012303,65.30755711775045,41.0896309314587,39.68365553602812,55.71177504393673,54.27065026362039,32.54833040421793,61.44112478031635,65.4481546572935,41.05448154657294,69.63093145869948,78.27768014059755,33.18101933216169,76.27416520210897,66.01054481546574,72.37258347978911,62.00351493848858,64.3585237258348,74.20035149384887
CCC(CC)C(=O)OC[C@H]1O[C@@](C#N)(c2ccc3c(N)ncnn23)[C@H](O)[C@@H]1O,389.412,0.1303799999999997,9,3,4.0,0.5842545678758079,4,155.98999999999998,0,0,0,0.5770029,0.31217533,0.7941237,0.0009570325,0.01733452,0.08378954,0.012515897,0.027058195,0.00666233,0.35672674,0.037352767,0.06496968,0.3449637,0.8220478,0.8937933,0.03194182,0.054801654,0.026171431,0.054194193,0.02325634,0.09214423,0.023285562,0.13999163,0.039904278,0.12962806,0.059527595,0.02715391,0.037308536,0.20397714,0.28366145,0.19222493,-5.4683785,21.015066,51.98335,7.9274244,-19.819061,3.5546432,1.725991,73.89865,-3.6241517,3.746437,62.95254833040423,24.11247803163445,88.08435852372584,78.20738137082601,63.44463971880493,58.24253075571178,81.28295254833041,86.71353251318102,47.59226713532514,25.869947275922677,37.188049209138846,84.53427065026362,19.96485061511424,49.49033391915642,13.708260105448156,23.47978910369069,31.95079086115993,35.149384885764505,21.370826010544818,19.613356766256597,42.21441124780317,46.60808435852373,20.562390158172235,82.7768014059754,74.34094903339192,25.97539543057997,76.20386643233743,79.75395430579965,53.25131810193322,65.27240773286468,58.03163444639719,52.30228471001758,70.29876977152901,19.33216168717048,43.7609841827768,50.68541300527241,79.40246045694201,60.38664323374341,51.00175746924429,85.09666080843586,19.191564147627417,41.58172231985941,24.67486818980668,38.73462214411248,69.98242530755712,35.95782073813709,17.398945518453427,95.11423550087876,57.04745166959579,49.73637961335677,39.789103690685415,67.59226713532514
CCC(CC)COC(C(CC)CC)[C@H]1O[C@@](C#N)(c2ccc3c(N)ncnn23)[C@H](O)[C@@H]1O,445.5640000000001,2.40858,8,3,4.0,0.5065724663677362,5,138.92,0,0,0,0.26993495,0.19362032,0.8455373,0.0013657869,0.049392253,0.091649756,0.05076574,0.0791424,0.02109049,0.610092,0.31392723,0.04395671,0.40074077,0.72238386,0.93084955,0.030579915,0.061712384,0.035620254,0.101587035,0.030647874,0.07667412,0.046977364,0.42328143,0.371808,0.21258672,0.05218733,0.040925723,0.15864849,0.17284444,0.16709681,0.5793961,-5.341713,32.431633,73.73952,46.22946,-16.908026,3.681572,3.3497887,96.546074,-4.773764,11.445166,74.86818980667839,50.75571177504394,84.51669595782074,78.20738137082601,63.44463971880493,47.24077328646749,85.04393673110721,83.30404217926187,47.59226713532514,25.869947275922677,37.188049209138846,57.11775043936731,12.9701230228471,61.968365553602816,15.325131810193325,40.0,34.41124780316345,55.53602811950791,41.12478031634447,35.922671353251324,68.78734622144113,74.90333919156416,15.184534270650264,86.46748681898067,67.20562390158173,28.78734622144113,75.64147627416521,82.84710017574693,57.644991212653785,75.32513181019333,64.07732864674868,43.33919156414763,79.19156414762742,30.931458699472763,72.40773286467487,63.12829525483305,78.10193321616872,68.08435852372584,70.22847100175747,82.07381370826012,8.646748681898067,66.67838312829527,28.927943760984185,50.896309314587,82.00351493848858,79.54305799648508,25.90509666080844,96.4499121265378,85.97539543057998,81.93321616871705,17.785588752196837,92.091388400703
CCC(CC)COC[C@H]1O[C@@](C#N)(c2ccc3c(N)nc(C(CC)CC)nn23)[C@H](O)[C@@H]1O,445.5640000000002,2.507380000000001,8,3,4.0,0.506854224180956,4,138.92,0,0,0,0.49753624,0.26345462,0.7967995,0.0043152305,0.09534958,0.09876251,0.083134055,0.11693479,0.045789503,0.66337246,0.41841397,0.06489666,0.4006794,0.724422,0.93327916,0.06569232,0.077146105,0.0712795,0.1873552,0.05291729,0.11040552,0.10174291,0.53434026,0.5292914,0.35685688,0.122080944,0.07667392,0.36269933,0.29791635,0.25162032,0.65926516,-5.190442,23.31105,63.067528,43.888935,-16.434866,3.9022408,3.2493515,93.09565,-4.6322274,10.545819,74.86818980667839,52.54833040421793,84.51669595782074,78.20738137082601,63.44463971880493,47.24077328646749,81.28295254833041,83.30404217926187,47.59226713532514,25.869947275922677,37.188049209138846,78.91036906854131,16.520210896309315,49.98242530755712,23.40949033391916,50.82601054481547,36.871704745166966,63.12829525483305,52.056239015817226,47.76801405975396,75.88752196836556,79.64850615114236,20.562390158172235,86.46748681898067,67.31107205623903,28.998242530755714,86.6432337434095,87.31107205623903,67.59226713532514,85.23725834797892,76.4499121265378,61.6871704745167,88.11950790861161,35.53602811950791,78.87521968365554,74.79789103690686,88.57644991212655,79.7188049209139,82.24956063268894,90.33391915641477,15.711775043936733,70.47451669595783,36.27416520210897,41.93321616871705,76.62565905096662,78.13708260105449,27.55711775043937,97.85588752196836,84.14762741652022,74.69244288224957,20.28119507908612,91.0017574692443
CCC(COC(=O)O)C(C)C,160.213,2.3632,2,1,4.0,0.6419861486460632,1,46.53,0,0,0,0.015038155,0.8077909,0.90570486,0.010872519,0.014634224,0.23913193,0.0072426163,0.14791141,0.017651064,0.19826777,0.00015340681,0.27426407,0.046825774,0.16190387,0.98820096,0.001890533,0.008069224,0.0010327268,0.001034991,0.008434162,0.05633471,0.009418924,0.66293925,0.0046943105,0.017976195,0.0005064512,0.0030282554,0.0039037347,0.0017289661,0.5290394,0.038947873,-4.3128805,71.89293,24.623566,-14.072496,-5.3480215,1.7307456,0.59759223,71.26125,-2.2764082,0.85843915,11.282952548330403,49.84182776801406,17.10017574692443,36.59050966608085,63.44463971880493,65.58875219683657,55.32513181019333,28.26010544815466,47.59226713532514,25.869947275922677,37.188049209138846,3.90158172231986,57.9261862917399,81.195079086116,31.282952548330407,21.15992970123023,77.85588752196837,27.31107205623902,60.00000000000001,33.21616871704745,26.60808435852373,6.608084358523726,73.14586994727593,30.72056239015817,29.595782073813712,38.73462214411248,11.036906854130054,13.321616871704746,8.998242530755713,11.212653778558876,30.755711775043935,26.99472759226714,57.04745166959579,41.792618629174,26.432337434094904,8.330404217926187,8.927943760984183,19.894551845342708,26.15114235500879,8.752196836555362,51.14235500878735,21.195079086116,92.3022847100176,75.64147627416521,48.99824253075572,4.499121265377856,92.51318101933217,11.31810193321617,40.14059753954306,47.38137082601055,66.01054481546574,44.18277680140598
CCC(CC)C(C)OC(=O)CN[P@](=O)(O)Oc1ccccc1,329.333,3.1233000000000013,4,2,4.0,0.5347287835081511,2,84.86,0,1,2,0.050330855,0.8399712,0.8339952,0.075385936,0.3119194,0.32785207,0.13622215,0.24902129,0.22247705,0.5204834,0.113869585,0.23598364,0.14008965,0.31248793,0.9979933,0.005864756,0.019709323,0.01511043,0.022904286,0.022345588,0.11460672,0.05677735,0.87468374,0.26683098,0.098351344,0.004351051,0.022395,0.06439428,0.010926896,0.531105,0.51474696,-5.10761,55.168816,63.245728,7.461441,-8.949834,2.6438415,2.3939385,82.60625,-2.1058362,5.024927,48.99824253075572,62.88224956063269,48.55887521968366,61.37082601054482,63.44463971880493,51.07205623901582,69.84182776801407,57.9261862917399,47.59226713532514,66.52021089630932,95.07908611599298,13.391915641476276,61.230228471001766,59.12126537785589,51.56414762741653,75.04393673110721,90.43936731107206,70.29876977152901,72.93497363796135,72.82952548330405,58.03163444639719,59.92970123022848,66.32688927943761,60.24604569420036,44.11247803163445,50.36906854130053,31.880492091388405,39.789103690685415,45.72934973637962,52.30228471001758,57.4340949033392,63.55008787346222,81.65202108963094,60.80843585237259,66.85413005272409,43.831282952548335,36.555360281195085,57.15289982425308,58.38312829525484,31.07205623901582,51.423550087873465,63.55008787346222,40.0,67.38137082601055,76.76625659050967,35.254833040421794,76.87170474516697,62.7768014059754,68.78734622144113,58.59402460456943,69.34973637961336,74.58699472759227
CCN[P@]1(=O)OC[C@H]2O[C@@](C#N)(c3ccc4c(N)ncnn34)[C@H](O)[C@@H]2O1,380.301,-0.0769199999999999,9,3,4.0,0.6153126861626584,5,157.01999999999998,0,1,1,0.85944366,0.44581318,0.7919085,0.00052769337,0.0047579696,0.035410095,0.0029326002,0.0111358715,0.003206112,0.2880078,0.0042228876,0.06292258,0.3450596,0.89674056,0.82767475,0.01904583,0.02879474,0.013875392,0.021515366,0.013904514,0.10026978,0.0045996634,0.09550326,0.0038937423,0.10569789,0.035728894,0.010309907,0.014590514,0.23108315,0.34661442,0.103543475,-5.932737,-15.001025,33.339638,10.20085,-19.795202,3.698548,0.614062,48.419212,-1.7864397,1.199992,60.66783831282953,21.47627416520211,88.08435852372584,78.20738137082601,63.44463971880493,62.17926186291741,85.04393673110721,87.06502636203867,47.59226713532514,66.52021089630932,83.09314586994728,96.4499121265378,28.752196836555363,49.10369068541301,11.212653778558876,8.154657293497365,17.926186291739896,17.152899824253076,13.567662565905096,9.84182776801406,36.69595782073814,27.94376098418278,19.96485061511424,82.7768014059754,82.49560632688929,23.44463971880492,64.60456942003516,54.6572934973638,44.60456942003516,51.17750439367312,45.061511423550094,56.94200351493849,43.8664323374341,17.223198594024606,25.30755711775044,45.48330404217926,72.37258347978911,41.93321616871705,39.36731107205624,86.67838312829527,26.748681898066785,32.02108963093146,15.184534270650264,6.678383128295256,56.59050966608085,40.421792618629176,17.398945518453427,96.55536028119508,40.49209138840071,26.889279437609844,74.09490333919157,48.1195079086116
CCC(C)COC[C@H]1O[C@@](C#N)(c2ccc3c(N)ncnn23)[C@H](O)[C@@H]1O,361.402,0.2136799999999996,8,3,4.0,0.6635813588594889,5,138.92,0,0,0,0.5942038,0.30743104,0.8355298,0.0008044505,0.014992644,0.07134281,0.008823151,0.034674592,0.005748977,0.3975541,0.025789637,0.05413256,0.38180593,0.80050117,0.9182439,0.031361423,0.046307057,0.028092856,0.06274314,0.025421688,0.09159,0.024343532,0.18907627,0.04180969,0.1434703,0.05940185,0.027659636,0.059389044,0.20540789,0.25323987,0.23099852,-5.484734,14.732889,40.401127,20.31776,-18.455353,3.4476693,1.6950716,71.71755,-3.329892,6.493232,56.48506151142355,24.850615114235502,84.51669595782074,78.20738137082601,63.44463971880493,69.17398945518454,85.04393673110721,83.30404217926187,47.59226713532514,25.869947275922677,37.188049209138846,85.58875219683657,19.789103690685412,59.472759226713535,12.829525483304044,21.40597539543058,28.295254833040424,29.701230228471005,24.67486818980668,17.434094903339194,45.9402460456942,42.81195079086116,17.539543057996486,85.27240773286468,72.44288224956064,27.838312829525485,75.99297012302286,74.34094903339192,54.41124780316345,68.15465729349737,59.89455184534271,52.02108963093146,70.75571177504395,21.72231985940246,44.32337434094904,53.18101933216169,79.40246045694201,60.66783831282953,56.97715289982426,85.30755711775045,15.957820738137084,45.09666080843586,24.11247803163445,31.142355008787348,62.03866432337435,58.418277680140605,20.45694200351494,93.60281195079088,56.62565905096661,47.80316344463972,45.37785588752197,80.35149384885766
CCC(CC)COC(=O)[C@H](C)N[P@](=O)(O)OC1=CC2OC2C=C1,345.33200000000005,2.282,5,2,4.0,0.3757605341875734,4,97.39,0,2,1,0.25282952,0.74730724,0.78660375,0.08217566,0.17084856,0.22304206,0.059299488,0.23415382,0.12178077,0.5537356,0.166291,0.17132764,0.1558757,0.26280034,0.98874056,0.029196322,0.036945682,0.034741294,0.040183913,0.040450342,0.11398216,0.052242626,0.80667293,0.16471021,0.15903766,0.017859876,0.05093477,0.06276278,0.047981255,0.5762543,0.39543423,-5.183663,13.237593,51.148037,19.573053,-11.916044,3.8099716,2.3369412,70.861374,-1.9971542,3.8016853,52.68892794376099,48.54130052724078,61.880492091388405,61.37082601054482,63.44463971880493,30.123022847100177,81.28295254833041,66.0456942003515,47.59226713532514,87.9261862917399,83.09314586994728,54.692442882249566,52.829525483304046,48.08435852372584,52.829525483304046,62.07381370826011,74.51669595782074,57.71528998242531,71.56414762741653,63.65553602811951,61.82776801405976,65.16695957820738,52.056239015817226,63.12829525483305,40.45694200351494,38.80492091388401,74.79789103690686,66.15114235500879,57.11775043936731,59.92970123022848,70.68541300527241,63.198594024604574,80.56239015817224,52.4780316344464,59.26186291739895,56.06326889279438,62.284710017574696,72.89982425307558,58.13708260105449,59.54305799648507,57.11775043936731,57.36379613356767,36.69595782073814,29.455184534270654,69.59578207381371,57.25834797891037,55.64147627416521,97.5395430579965,67.83831282952549,46.81898066783832,71.10720562390159,68.04920913884007
CCC(CC)COC(=O)[C@H](C)N[P@](=O)(O)Oc1ccc(O)cc1,345.33200000000005,2.828900000000001,5,3,4.0,0.4667012621634068,2,105.09,0,1,2,0.13782343,0.38443762,0.66419566,0.15191087,0.19016209,0.19218536,0.11866238,0.16369106,0.22570889,0.4181396,0.11480582,0.1776227,0.24432203,0.26574597,0.90296763,0.02831227,0.06027466,0.111431226,0.09789402,0.19527084,0.3054994,0.06484036,0.36080268,0.15506348,0.2141662,0.049561914,0.08243864,0.20878968,0.09092878,0.4683683,0.43106055,-5.3884344,48.797523,63.227978,1.7555916,-12.898537,2.8921604,2.513253,82.03009,-2.1171043,5.136887,52.68892794376099,58.62917398945519,61.880492091388405,78.20738137082601,63.44463971880493,42.14411247803164,69.84182776801407,70.96660808435853,47.59226713532514,66.52021089630932,95.07908611599298,35.64147627416521,24.21792618629174,28.47100175746925,61.61687170474517,64.21792618629175,68.04920913884007,68.11950790861161,62.88224956063269,72.9701230228471,47.94376098418278,59.96485061511424,53.42706502636205,74.58699472759227,40.73813708260106,26.432337434094904,74.23550087873463,82.1792618629174,72.58347978910369,74.86818980667839,93.00527240773287,90.86115992970124,83.2688927943761,28.50615114235501,58.558875219683664,63.30404217926187,77.60984182776802,80.8084358523726,74.41124780316345,71.63444639718806,42.7768014059754,59.156414762741655,27.135325131810195,63.02284710017575,76.76625659050967,24.99121265377856,48.36555360281196,77.18804920913885,71.35325131810194,58.06678383128296,69.06854130052724,74.93848857644991
CCC(CCC(=O)O)COC(=O)O,190.195,1.572,3,2,4.0,0.6208604236195648,1,83.83,0,0,0,0.01627639,0.5765296,0.7777298,0.0005412464,0.004953704,0.09310705,0.0032216634,0.013471575,0.0061094756,0.04813976,1.8828097e-05,0.27518705,0.069592774,0.18443482,0.7460927,0.0013863842,0.008660878,0.0005840314,0.0002105193,0.0046241297,0.045836337,0.001879635,0.03798569,0.00063454715,0.0138167795,0.0003527251,0.0012217613,0.00030665105,0.0012849357,0.3597918,0.0062797978,-4.9106884,37.165306,3.1752365,-23.368114,-11.117033,1.6519152,-1.3860972,58.671703,-1.6435382,-2.0717483,16.203866432337435,38.840070298769774,32.653778558875224,61.37082601054482,63.44463971880493,62.98769771528999,55.32513181019333,57.31107205623902,47.59226713532514,25.869947275922677,37.188049209138846,4.323374340949034,38.73462214411248,46.25659050966608,11.282952548330403,8.471001757469246,35.07908611599297,18.172231985940247,14.586994727592268,18.488576449912127,8.471001757469246,2.0386643233743413,73.32161687170475,40.31634446397189,32.58347978910369,20.91388400702988,8.1195079086116,14.938488576449911,7.029876977152901,3.4094903339191567,17.012302284710017,17.715289982425308,26.92442882249561,12.40773286467487,10.896309314586995,5.518453427065027,6.959578207381371,10.474516695957822,6.045694200351495,6.502636203866433,28.7170474516696,3.655536028119508,51.84534270650264,54.79789103690686,27.31107205623902,1.335676625659051,61.6871704745167,8.927943760984183,13.356766256590513,35.008787346221446,75.60632688927944,16.94200351493849
CCC(CC)CCC(CC)CO,172.31199999999998,3.2213000000000025,1,1,4.0,0.6248729240481626,1,20.23,0,0,0,0.0167918,0.9744791,0.8234264,0.13217631,0.04638732,0.13537613,0.011671876,0.55472815,0.09557493,0.33046627,0.0022603902,0.15405336,0.026488984,0.042935077,0.99987334,0.0011399474,0.0070449263,0.0012219043,0.0023110062,0.004737647,0.033906896,0.001888349,0.9823483,0.019594196,0.013245819,0.00020782635,0.005380269,0.00646851,0.00056834175,0.82878274,0.25516802,-4.1803617,126.55166,72.298195,56.80068,-2.1830254,1.5766289,2.5105069,68.5188,-3.3906968,13.11899,13.216168717047452,64.71001757469244,6.854130052724078,36.59050966608085,63.44463971880493,63.65553602811951,55.32513181019333,9.666080843585238,47.59226713532514,25.869947275922677,37.188049209138846,4.499121265377856,86.99472759226714,56.20386643233744,59.68365553602813,39.156414762741655,51.28295254833041,34.20035149384886,89.3145869947276,59.71880492091389,40.105448154657296,22.917398945518457,46.81898066783832,16.871704745166962,8.365553602811952,72.68892794376099,6.467486818980668,11.353251318101934,10.263620386643234,20.175746924428825,17.398945518453427,8.752196836555362,26.99472759226714,93.98945518453428,38.277680140597546,5.342706502636204,4.499121265377856,29.525483304042183,31.353251318101936,3.655536028119508,87.80316344463972,46.924428822495614,95.81722319859404,94.20035149384888,81.37082601054482,84.32337434094904,96.94200351493848,6.854130052724078,71.21265377855889,44.21792618629174,44.32337434094904,94.0597539543058
CCC(C)C(C)OC[C@H]1O[C@@](C#N)(c2ccc3c(N)ncnn23)[C@H](O)[C@@H]1O,375.429,0.6021799999999995,8,3,4.0,0.6669779526047589,6,138.92,0,0,0,0.58347607,0.28290984,0.84308517,0.0008034505,0.02041189,0.071803614,0.012116034,0.039493725,0.006828451,0.42722565,0.035459958,0.054633565,0.3694618,0.7660891,0.91511536,0.026256274,0.043371882,0.023643557,0.04891228,0.024120945,0.08733754,0.01948903,0.21222362,0.057577867,0.13286513,0.04887258,0.023851538,0.055966318,0.17161947,0.2684848,0.25477204,-5.4980288,17.164303,47.504272,25.044752,-18.419872,3.5054698,1.9631923,76.1418,-3.5876899,7.910022,59.68365553602813,28.014059753954307,84.51669595782074,78.20738137082601,63.44463971880493,69.66608084358525,88.10193321616873,83.30404217926187,47.59226713532514,25.869947275922677,37.188049209138846,85.09666080843586,17.996485061511425,61.230228471001766,12.829525483304044,25.65905096660809,28.40070298769772,34.833040421792624,26.29173989455185,20.035149384885766,48.471001757469246,45.90509666080844,17.644991212653782,84.49912126537787,70.12302284710019,27.451669595782075,72.40773286467487,72.05623901581723,51.70474516695958,63.23374340949034,58.87521968365554,49.560632688927946,67.45166959578208,22.7768014059754,47.38137082601055,51.35325131810194,77.18804920913885,58.24253075571178,56.239015817223205,81.93321616871705,17.293497363796135,46.85413005272408,23.90158172231986,33.67311072056239,66.85413005272409,64.2530755711775,20.492091388400706,94.44639718804922,61.75746924428823,52.02108963093146,40.421792618629176,84.74516695957821
CCC(=O)C(CC)CC,128.21499999999995,2.401700000000001,1,0,4.0,0.567859928304154,0,17.07,0,0,0,0.08270404,0.99235475,0.89321387,0.41355795,0.18024261,0.16091254,0.020233909,0.2883984,0.009830467,0.44027415,0.0031863046,0.10882839,0.014909443,0.14270246,0.99999535,0.0016054576,0.007265552,0.0035333335,0.003410576,0.00348846,0.03626444,0.001847653,0.99236596,0.005076514,0.012944715,0.001027552,0.00894484,0.003948115,0.0011585564,0.74304354,0.06815134,-3.8677163,119.52405,63.042225,27.0475,-2.439323,1.6906401,1.6978004,43.69452,-1.9176998,4.1125355,5.869947275922672,50.61511423550088,6.854130052724078,11.63444639718805,63.44463971880493,55.95782073813709,22.601054481546576,8.383128295254833,47.59226713532514,25.869947275922677,37.188049209138846,23.40949033391916,97.71528998242532,76.3444639718805,77.96133567662567,63.09314586994728,59.82425307557119,41.51142355008788,76.20386643233743,24.81546572934974,49.49033391915642,25.69420035149385,33.18101933216169,10.017574692442883,26.186291739894557,93.88400702987698,9.420035149384889,11.739894551845344,22.214411247803167,24.9560632688928,12.02108963093146,10.369068541300528,26.572934973637963,98.24253075571178,27.065026362038665,5.0966608084358525,15.782073813708262,38.91036906854131,26.186291739894557,5.940246045694201,78.03163444639719,27.521968365553604,99.33216168717048,93.0755711775044,76.62565905096662,66.15114235500879,96.80140597539544,10.263620386643234,56.73110720562391,23.2688927943761,72.51318101933217,69.701230228471
CCC(CCC(=O)O)COC(=O)[C@H](C)N[P@](=O)(O)Oc1ccccc1,373.342,2.578100000000001,5,3,4.0,0.3995634545567021,3,122.16,0,1,2,0.039618745,0.4754002,0.7647041,0.014496081,0.046430778,0.19519913,0.031194132,0.059004746,0.07946199,0.20357153,0.007799129,0.2569617,0.19328874,0.29675278,0.7685327,0.010288805,0.03994354,0.0067921593,0.006757644,0.02553072,0.14193311,0.029641086,0.13176753,0.0345288,0.04742869,0.0037005146,0.009724306,0.005032592,0.009746897,0.43820468,0.12428328,-5.614409,26.06839,33.683754,-22.221695,-14.357292,2.7663317,0.72560406,75.03175,-1.8509858,-0.71048075,59.367311072056246,53.919156414762746,61.880492091388405,78.20738137082601,63.44463971880493,33.00527240773287,76.60808435852373,79.5079086115993,47.59226713532514,66.52021089630932,95.07908611599298,10.509666080843584,30.966608084358526,43.69068541300528,34.09490333919157,39.19156414762742,68.47100175746925,48.61159929701231,33.602811950790866,56.16871704745167,27.029876977152902,32.653778558875224,69.94727592267137,69.20913884007031,42.81195079086116,21.72231985940246,48.189806678383135,69.3145869947276,32.4780316344464,34.27065026362039,60.00000000000001,72.54833040421794,73.42706502636204,18.910369068541304,42.46045694200352,25.869947275922677,33.63796133567663,40.702987697715294,28.78734622144113,29.490333919156416,38.98066783831283,34.16520210896309,21.370826010544818,44.63971880492092,56.8365553602812,1.616871704745167,38.94551845342707,69.87697715289983,41.93321616871705,51.10720562390159,73.1810193321617,28.26010544815466
CCc1ccccc1O[P@@](=O)(O)N[C@@H](C)C(=O)OCC(CC)CC,357.38700000000017,3.6857000000000015,4,2,4.0,0.4907069618076688,2,84.86,0,1,2,0.100549474,0.79049337,0.826982,0.22028367,0.2816166,0.31081244,0.12672773,0.40676913,0.3063721,0.62581396,0.28483433,0.19277844,0.18409804,0.329218,0.9976586,0.010866595,0.031763174,0.037353292,0.055205572,0.035934698,0.12557235,0.07250838,0.9064868,0.44449633,0.14477667,0.009521075,0.035943832,0.15799405,0.030344432,0.5244255,0.6742426,-5.1224217,49.321266,72.465866,16.316534,-9.740644,3.0326412,3.1119835,89.03383,-2.842521,5.7035136,55.21968365553603,72.23198594024605,48.55887521968366,61.37082601054482,63.44463971880493,45.02636203866432,69.84182776801407,57.9261862917399,47.59226713532514,66.52021089630932,95.07908611599298,27.48681898066784,56.30931458699473,57.32864674868191,67.17047451669596,72.72407732864676,88.47100175746925,69.06854130052724,83.02284710017575,77.46924428822496,70.54481546572936,73.04042179261863,57.25834797891037,67.59226713532514,45.23725834797892,49.42003514938489,49.560632688927946,58.94551845342707,58.20738137082601,65.65905096660809,67.87346221441125,68.08435852372584,84.49912126537787,66.74868189806679,75.64147627416521,53.35676625659051,50.15817223198594,65.23725834797892,70.19332161687171,50.93145869947276,50.4042179261863,70.86115992970123,39.5079086115993,63.23374340949034,81.44112478031636,51.880492091388405,72.37258347978911,83.3743409490334,81.40597539543059,67.83831282952549,55.46572934973639,77.50439367311073
CCC(CC)COC(=O)[C@H](C)N[P@](=O)(O)Oc1cccc(O)c1,345.33200000000005,2.828900000000001,5,3,4.0,0.4667012621634068,2,105.09,0,1,2,0.08655959,0.4644753,0.7113968,0.1845312,0.22943619,0.2341272,0.15901093,0.20738229,0.28983682,0.44229975,0.16398813,0.19300081,0.24075043,0.28272986,0.95485467,0.021376159,0.04663702,0.10714756,0.087525636,0.13730223,0.2518978,0.05947005,0.48827273,0.19891249,0.1917068,0.028661545,0.0693531,0.19301908,0.06544626,0.45690697,0.48786893,-5.373975,48.334606,63.661438,-0.8876066,-12.784482,2.9633574,2.498382,81.679115,-2.1197753,4.616546,52.68892794376099,58.62917398945519,61.880492091388405,78.20738137082601,63.44463971880493,42.14411247803164,69.84182776801407,70.96660808435853,47.59226713532514,66.52021089630932,95.07908611599298,24.253075571177508,30.36906854130053,34.76274165202109,64.00702987697716,68.11950790861161,76.76625659050967,72.40773286467487,68.75219683655537,76.73110720562391,49.8066783831283,64.88576449912127,57.32864674868191,74.30579964850615,41.72231985940246,31.247803163444644,67.66256590509667,74.58699472759227,72.091388400703,73.21616871704745,90.43936731107206,87.80316344463972,82.21441124780317,33.67311072056239,62.17926186291741,60.49209138840071,69.38488576449913,78.27768014059755,73.32161687170475,64.74516695957821,41.335676625659055,62.108963093145874,27.59226713532513,62.74165202108964,77.11775043936731,20.492091388400706,49.03339191564148,80.35149384885766,71.03690685413005,57.60984182776802,68.96309314586995,72.37258347978911
CCC(CC)CCCC(CC)CO,186.339,3.611400000000003,1,1,4.0,0.6136952744227827,1,20.23,0,0,0,0.018146515,0.9782518,0.7773167,0.19352698,0.08273078,0.1351022,0.021339318,0.56383955,0.15685295,0.38358253,0.006065356,0.14299095,0.030172694,0.045400336,0.99993277,0.0012839098,0.0078062317,0.0016911514,0.0041778153,0.00644638,0.039651092,0.0026420767,0.9853072,0.04086147,0.019298855,0.00027083294,0.008897534,0.012115,0.0008316029,0.85061896,0.3647521,-4.246123,129.5779,77.96863,63.07136,-2.0857782,1.5774381,2.7089093,73.863174,-3.7881649,14.878873,15.711775043936733,71.14235500878735,6.854130052724078,36.59050966608085,63.44463971880493,61.72231985940247,55.32513181019333,9.666080843585238,47.59226713532514,25.869947275922677,37.188049209138846,5.061511423550089,89.13884007029878,46.18629173989456,64.99121265377856,48.54130052724078,51.24780316344464,42.284710017574696,89.9121265377856,68.18980667838314,44.60456942003516,30.931458699472763,44.00702987697716,19.36731107205624,8.963093145869948,77.5395430579965,7.381370826010546,13.005272407732866,13.251318101933215,27.48681898066784,23.7609841827768,12.72407732864675,33.77855887521969,95.3602811950791,44.04217926186292,9.595782073813709,5.413005272407734,38.840070298769774,37.3286467486819,4.885764499121266,89.8066783831283,55.57117750439368,94.41124780316343,94.93848857644991,83.58523725834799,87.10017574692444,97.01230228471005,6.889279437609843,74.58699472759227,49.701230228471005,36.555360281195085,96.16871704745168
CCC(CC)COC[C@H]1O[C@@](C#N)(c2ccc3c(N)ncnn23)[C@H](OCC(CC)CC)[C@@H]1O,459.5910000000002,3.064280000000001,8,2,4.0,0.495548093604812,4,127.92,0,0,0,0.45488167,0.42065668,0.87275743,0.004461905,0.13907093,0.12114203,0.15952608,0.1398551,0.025432844,0.74095243,0.5893006,0.05205909,0.40615067,0.773613,0.9851119,0.030410215,0.056406222,0.084315814,0.18219265,0.031282436,0.072424695,0.047684472,0.7630755,0.5463679,0.33815336,0.09045398,0.0706411,0.2575582,0.17008795,0.1865343,0.7392916,-5.0440965,66.05773,98.15694,57.756683,-13.470846,3.422605,3.8947997,98.712204,-5.224472,14.383342,77.46924428822496,62.108963093145874,84.51669595782074,61.37082601054482,63.44463971880493,45.79964850615114,81.28295254833041,81.0896309314587,47.59226713532514,25.869947275922677,37.188049209138846,75.07908611599298,27.17047451669596,69.27943760984184,23.690685413005276,58.101933216168725,45.79964850615114,72.51318101933217,58.734622144112485,39.05096660808436,86.08084358523726,85.37785588752197,17.047451669595784,86.92442882249561,70.47451669595783,37.08260105448155,75.57117750439367,80.42179261862918,69.20913884007031,84.71001757469244,64.81546572934974,40.87873462214412,79.47275922671353,48.43585237258348,79.47275922671353,73.42706502636204,84.49912126537787,78.55887521968366,77.04745166959579,81.792618629174,9.98242530755712,74.48154657293497,42.7768014059754,73.0755711775044,89.56063268892795,84.74516695957821,44.71001757469244,93.25131810193322,93.53251318101934,86.32688927943762,11.3884007029877,95.67662565905096
CCC(CCCOC(=O)O)COC(=O)O,220.221,2.182,4,2,4.0,0.5041864381521357,1,93.06000000000002,0,1,0,0.021485025,0.6148973,0.7220212,0.0069456073,0.03486668,0.17006996,0.026001746,0.02489626,0.043670677,0.112494625,0.00029315794,0.38894477,0.14905453,0.26436692,0.74645424,0.0025698622,0.009539428,0.002451935,0.0012333574,0.018240081,0.07447777,0.014886891,0.08283967,0.0052960976,0.051208228,0.0017568264,0.00533031,0.002134258,0.005084155,0.4175675,0.03032654,-4.885272,47.44114,16.04049,-24.041464,-10.307847,1.7070745,-0.97244513,72.25356,-2.0885656,-0.93711233,20.878734622144115,47.20562390158173,48.55887521968366,61.37082601054482,63.44463971880493,46.99472759226714,55.32513181019333,63.77855887521969,47.59226713532514,66.52021089630932,37.188049209138846,5.940246045694201,41.37082601054482,36.30931458699473,27.416520210896312,34.235500878734626,62.42530755711776,45.51845342706503,20.38664323374341,46.95957820738138,17.3286467486819,10.017574692442883,86.81898066783832,61.86291739894553,40.52724077328647,20.91388400702988,15.325131810193325,17.152899824253076,16.801405975395433,12.864674868189809,52.196836555360285,42.35500878734622,64.14762741652022,16.344463971880494,27.416520210896312,27.87346221441125,22.530755711775047,29.314586994727595,19.226713532513184,20.45694200351494,36.37961335676626,18.277680140597543,53.63796133567663,61.86291739894553,40.35149384885765,1.3005272407732866,68.04920913884007,10.790861159929705,18.031634446397188,48.29525483304042,69.701230228471,26.15114235500879
CCC(C)CCOC[C@H]1O[C@@](C#N)(c2ccc3c(N)ncnn23)[C@H](O)[C@@H]1O,375.429,0.6037799999999993,8,3,4.0,0.5980818750880669,5,138.92,0,1,0,0.55942523,0.3189858,0.8338151,0.001860414,0.025378883,0.08632598,0.016017877,0.053886015,0.012055481,0.47061223,0.06288512,0.06242454,0.43184486,0.7839175,0.92832434,0.038003303,0.049294595,0.042030714,0.08949987,0.031778093,0.09686603,0.03814266,0.27648103,0.09196414,0.18503855,0.07781467,0.038298845,0.08946742,0.23227558,0.26267347,0.34071326,-5.5061016,19.074936,46.9261,28.514557,-18.269276,3.4476323,1.9931666,77.39879,-3.5630589,9.323467,59.68365553602813,28.014059753954307,84.51669595782074,78.20738137082601,63.44463971880493,59.789103690685415,85.04393673110721,83.30404217926187,47.59226713532514,66.52021089630932,37.188049209138846,83.62038664323376,20.316344463971884,59.050966608084366,17.363796133567664,28.822495606326893,32.54833040421793,37.99648506151143,31.599297012302287,27.31107205623902,52.65377855887522,52.37258347978911,19.68365553602812,88.47100175746925,71.17750439367312,28.54130052724077,79.08611599297014,76.06326889279438,59.96485061511424,73.63796133567664,65.23725834797892,55.11423550087874,76.59050966608085,25.4481546572935,52.056239015817226,59.75395430579965,82.60105448154658,67.02987697715291,62.91739894551846,86.78383128295256,16.731107205623903,53.84885764499122,23.620386643233747,36.13356766256591,66.5377855887522,67.41652021089631,20.84358523725835,93.60281195079088,62.39015817223199,53.42706502636205,41.05448154657294,88.50615114235502
CCC(CC)COC[C@H]1O[C@@](C#N)(c2cc(C(CC)CC)c3c(N)ncnn23)[C@H](O)[C@@H]1O,445.5640000000002,2.50738,8,3,4.0,0.506854224180956,4,138.92,0,0,0,0.47463146,0.2468001,0.8204363,0.0033943641,0.11328848,0.104221836,0.09431791,0.09208993,0.029905558,0.6867374,0.463233,0.05905094,0.3776226,0.7782175,0.9422682,0.052040327,0.06054171,0.060048204,0.21442387,0.04928881,0.09620941,0.106951095,0.5529074,0.5725449,0.38822326,0.123067975,0.0762787,0.40072814,0.3092,0.22143857,0.65026957,-5.189546,28.21078,73.124275,56.296253,-16.141052,3.872415,3.5910213,97.13258,-4.848739,12.587786,74.86818980667839,52.54833040421793,84.51669595782074,78.20738137082601,63.44463971880493,47.24077328646749,81.28295254833041,83.30404217926187,47.59226713532514,25.869947275922677,37.188049209138846,76.76625659050967,15.465729349736382,55.43057996485062,21.687170474516694,53.919156414762746,38.69947275922672,65.06151142355009,45.13181019332162,41.05448154657294,78.91036906854131,81.195079086116,18.594024604569423,84.9560632688928,70.72056239015818,30.08787346221441,84.32337434094904,82.35500878734622,65.30755711775045,87.38137082601055,75.04393673110721,54.833040421792624,88.7170474516696,36.20386643233744,80.17574692442884,77.22319859402461,88.68189806678384,79.7188049209139,83.8664323374341,90.86115992970124,13.42706502636204,70.05272407732865,36.30931458699473,46.74868189806679,81.72231985940246,84.18277680140598,28.998242530755714,97.71528998242532,89.94727592267137,83.3743409490334,16.660808435852374,93.53251318101934
CCC(CC)COC(=O)C(C)C(CC)COC(=O)[C@H](C)N[P@](=O)(O)Oc1ccccc1,457.5040000000001,4.328800000000003,6,2,4.0,0.3137077752660535,4,111.16,0,1,2,0.07915198,0.7203255,0.7025611,0.07420474,0.4814991,0.26044136,0.40101284,0.21482046,0.22387357,0.72964907,0.80173,0.19518602,0.13846068,0.41507888,0.9987224,0.017257676,0.030509925,0.031855103,0.08487724,0.043938845,0.118256845,0.092746764,0.9055069,0.68973696,0.26546723,0.010429649,0.08215387,0.1588141,0.039364453,0.48374134,0.74548453,-5.15448,75.84546,100.76105,21.853039,-10.86878,2.8437314,3.429214,94.535805,-3.2202926,8.06512,77.11775043936731,81.792618629174,72.46045694200352,61.37082601054482,63.44463971880493,22.073813708260108,81.28295254833041,74.30579964850615,47.59226713532514,66.52021089630932,95.07908611599298,22.42530755711775,50.22847100175748,33.708260105448154,51.31810193321618,84.28822495606327,82.00351493848858,85.76449912126539,69.56063268892795,72.86467486818981,84.67486818980669,91.38840070298772,57.9261862917399,59.96485061511424,50.50966608084359,54.13005272407733,62.31985940246047,57.29349736379614,56.44991212653779,72.65377855887523,72.65377855887523,65.5536028119508,86.99472759226714,66.50263620386644,85.02636203866433,67.87346221441125,52.09138840070299,80.8084358523726,70.22847100175747,55.92267135325133,44.67486818980668,75.18453427065027,37.926186291739896,77.96133567662567,90.26362038664324,60.56239015817224,63.831282952548335,74.55184534270651,87.48681898066785,77.82073813708261,47.45166959578208,85.27240773286468
CCC(CC)OC=O,116.15999999999998,1.348,2,0,4.0,0.5180579641869422,0,26.3,0,1,0,0.29154706,0.9910652,0.9459076,0.34310928,0.10144718,0.23627913,0.009404821,0.2117931,0.0028166866,0.4223942,0.00073114247,0.21311137,0.017008308,0.3331766,0.9999859,0.0023932713,0.0057045417,0.004718872,0.002052296,0.0020245027,0.03250927,0.0031404882,0.98854923,0.0013563074,0.014325252,0.0028667725,0.0068415888,0.0019113515,0.0020857155,0.7139666,0.024023259,-3.9255414,131.24,65.78267,17.077097,-1.6596752,1.2877345,1.5058575,44.9295,-1.5069432,2.8946087,4.850615114235501,35.922671353251324,17.10017574692443,11.63444639718805,63.44463971880493,48.64674868189808,22.601054481546576,12.9701230228471,47.59226713532514,66.52021089630932,37.188049209138846,59.40246045694201,96.97715289982426,94.6572934973638,74.62214411247804,52.12653778558876,77.29349736379613,30.65026362038665,69.34973637961336,8.787346221441126,48.1195079086116,16.2390158172232,62.35500878734623,11.24780316344464,45.62390158172232,88.43585237258348,14.340949033391915,7.627416520210897,26.39718804920914,18.910369068541304,6.151142355008788,7.662565905096661,36.8365553602812,96.62565905096662,16.55536028119508,5.799648506151143,29.630931458699475,33.53251318101933,18.207381370826013,10.158172231985942,74.41124780316345,14.903339191564148,98.94551845342708,95.11423550087876,78.34797891036908,53.0755711775044,97.2231985940246,2.284710017574693,53.53251318101934,24.32337434094904,77.29349736379613,62.14411247803164
CCC(CC)COC[C@H]1O[C@@](C#N)(c2c(C(CC)CC)cc3c(N)ncnn23)[C@H](O)[C@@H]1O,445.56400000000014,2.50738,8,3,4.0,0.506854224180956,4,138.92,0,0,0,0.32990128,0.2126185,0.8405592,0.0023939554,0.100021206,0.10970545,0.099783204,0.078356326,0.019853342,0.6789185,0.4703742,0.053353764,0.3367296,0.78889436,0.95687866,0.03674258,0.058758736,0.045355655,0.18456952,0.038791984,0.08300682,0.08670233,0.5481166,0.5524102,0.35371202,0.08482003,0.060025416,0.3368524,0.2377646,0.17533894,0.620042,-5.2087708,29.317057,73.48581,57.36544,-16.174118,3.816166,3.62728,97.41398,-4.89614,13.008886,74.86818980667839,52.54833040421793,84.51669595782074,78.20738137082601,63.44463971880493,47.24077328646749,81.28295254833041,83.30404217926187,47.59226713532514,25.869947275922677,37.188049209138846,63.198594024604574,14.094903339191566,60.35149384885765,19.086115992970125,51.84534270650264,40.45694200351494,65.76449912126539,40.77328646748682,34.797891036906854,77.85588752196837,81.51142355008788,17.3286467486819,82.1792618629174,71.49384885764499,31.45869947275923,78.69947275922672,81.33567662565906,61.05448154657294,84.92091388400704,69.73637961335677,47.0298769771529,86.36203866432338,36.063268892794376,79.6133567662566,74.6572934973638,83.76098418277681,75.85237258347979,80.73813708260106,87.17047451669596,9.173989455184534,68.43585237258348,35.289982425307564,47.76801405975396,81.792618629174,84.63971880492092,28.7170474516696,97.57469244288224,90.33391915641477,83.79613356766258,16.133567662565905,93.91915641476275
CO[C@H]1[C@@H](O)[C@](C#N)(c2ccc3c(N)ncnn23)O[C@@H]1C=O,303.2780000000001,-0.99602,8,2,4.0,0.689283721236861,4,135.76,0,1,1,0.727054,0.45772687,0.8061527,0.00072061265,0.0066286772,0.07233079,0.003400971,0.011615929,0.0017429786,0.20636523,0.0020587,0.10984363,0.25340167,0.8914051,0.80220616,0.014575882,0.025618106,0.021099856,0.013787396,0.011087284,0.08474184,0.004999429,0.066014156,0.0023269304,0.0843731,0.028960949,0.012491943,0.008242564,0.12907477,0.3668988,0.050965685,-5.4330673,5.9343843,19.870213,3.196776,-17.868376,3.1787353,0.5543364,53.88334,-2.864561,-1.8513943,41.51142355008788,14.83304042179262,84.51669595782074,61.37082601054482,63.44463971880493,73.25131810193322,81.28295254833041,82.74165202108964,47.59226713532514,66.52021089630932,83.09314586994728,92.26713532513182,29.806678383128297,52.02108963093146,12.40773286467487,10.93145869947276,28.611599297012305,18.594024604569423,13.884007029876978,5.588752196836555,27.346221441124783,22.56590509666081,33.32161687170475,75.32513181019333,81.65202108963094,22.63620386643234,58.13708260105449,50.05272407732865,49.9121265377856,44.99121265377856,38.73462214411248,47.838312829525485,45.48330404217926,15.043936731107207,20.70298769771529,40.07029876977153,69.52548330404218,45.37785588752197,34.16520210896309,77.08260105448156,29.630931458699475,24.56942003514939,25.65905096660809,20.84358523725835,44.99121265377856,27.732864674868196,22.284710017574696,87.6274165202109,39.43760984182777,31.21265377855888,55.2548330404218,18.769771528998245
CCC(C)(C)COC[C@H]1O[C@@](C#N)(c2ccc3c(N)ncnn23)[C@H](O)[C@@H]1O,375.429,0.6037799999999993,8,3,4.0,0.6670354023870415,4,138.92,0,0,0,0.6203039,0.26571363,0.80271435,0.00045990146,0.0163115,0.04554511,0.009001194,0.040474128,0.0075791636,0.39682087,0.025948102,0.045967527,0.4043548,0.64563507,0.8626358,0.039390437,0.05218046,0.01674756,0.05831793,0.038976975,0.10814524,0.023954041,0.18090357,0.05607494,0.1580084,0.056313463,0.030734573,0.06444175,0.2017562,0.29602748,0.25713223,-5.419499,21.824518,51.163383,23.93034,-18.0328,3.4852576,2.0696988,77.88265,-3.6349883,7.3767557,59.68365553602813,28.014059753954307,84.51669595782074,78.20738137082601,63.44463971880493,69.66608084358525,81.28295254833041,83.30404217926187,47.59226713532514,25.869947275922677,37.188049209138846,86.99472759226714,16.590509666080845,51.28295254833041,10.650263620386644,22.601054481546576,21.124780316344467,29.912126537785596,26.818980667838314,21.51142355008788,45.86994727592268,42.88224956063269,15.60632688927944,86.71353251318102,62.70650263620387,24.534270650263625,79.89455184534272,78.10193321616872,46.924428822495614,66.81898066783832,69.8066783831283,60.597539543058005,70.65026362038665,21.40597539543058,47.065026362038665,55.81722319859403,78.84007029876977,62.74165202108964,58.38312829525484,84.85061511423551,20.738137082601057,47.1353251318102,25.97539543057997,39.89455184534271,69.63093145869948,62.636203866432346,21.58172231985941,94.34094903339192,63.72583479789104,53.77855887521969,39.68365553602812,83.19859402460457
CCC(CC)COC(=O)[C@H](C)N[P@](=O)(O)OC(=O)C=CC=CC=O,361.3310000000001,1.8988,6,2,4.0,0.1882534075579021,2,119.0,0,4,2,0.6991205,0.6394283,0.54502344,0.09165906,0.16940945,0.14785448,0.08354594,0.09498526,0.12567902,0.4900461,0.11568044,0.32023272,0.1853781,0.23422012,0.6344362,0.23960653,0.0515899,0.02503871,0.065232724,0.16502972,0.16997156,0.2045453,0.41121262,0.059132803,0.45907012,0.18892905,0.20448837,0.055031467,0.28278255,0.7715906,0.21429363,-5.227589,25.281078,47.778404,0.32034168,-11.8110485,3.158222,1.7461059,77.09685,-2.056979,3.0793123,56.344463971880494,43.16344463971881,72.46045694200352,61.37082601054482,63.44463971880493,11.07205623901582,69.84182776801407,78.20738137082601,47.59226713532514,99.27943760984184,95.07908611599298,91.24780316344464,43.40949033391916,19.47275922671353,54.30579964850616,62.00351493848858,55.36028119507909,63.16344463971881,45.90509666080844,64.14762741652022,54.72759226713533,60.07029876977153,79.54305799648508,67.83831282952549,37.926186291739896,17.926186291739896,93.63796133567664,77.78558875219684,52.54833040421793,68.54130052724078,91.9859402460457,79.26186291739896,94.6572934973638,30.36906854130053,47.6274165202109,81.26537785588754,93.35676625659052,92.23198594024603,56.02811950790861,89.73637961335677,81.8980667838313,43.65553602811951,34.30579964850615,43.831282952548335,67.06502636203867,22.88224956063269,56.41476274165203,87.27592267135326,57.46924428822496,53.04042179261863,70.26362038664324,63.26889279437611
CCC(CC)COC(=O)CN[P@](=O)(O)Oc1ccccc1C,329.333,3.0432200000000007,4,2,4.0,0.5349403530413623,1,84.86,0,1,2,0.08324687,0.8877322,0.8755269,0.14864704,0.24222127,0.33089018,0.07052664,0.36967382,0.19618261,0.57126296,0.11572142,0.20029016,0.17624636,0.30969295,0.99902964,0.0071703517,0.02572127,0.029876038,0.018405149,0.015864853,0.09752779,0.028021643,0.92582655,0.22028425,0.078248516,0.005159098,0.015973618,0.03836439,0.010745155,0.5429978,0.5281023,-5.067086,56.332703,66.71844,8.687269,-9.110037,2.7438045,2.5678427,84.7251,-2.2574944,4.8367586,48.99824253075572,61.89806678383129,48.55887521968366,61.37082601054482,63.44463971880493,51.07205623901582,55.32513181019333,57.9261862917399,47.59226713532514,66.52021089630932,95.07908611599298,23.44463971880492,66.88927943760984,70.12302284710019,61.230228471001766,69.20913884007031,90.6854130052724,60.45694200351495,81.15992970123024,71.17750439367312,63.79613356766257,60.07029876977153,59.19156414762743,66.4323374340949,44.00702987697716,56.62565905096661,37.78558875219684,50.19332161687171,55.46572934973639,49.03339191564148,48.26010544815466,55.43057996485062,72.65377855887523,71.31810193321617,63.55008787346222,37.89103690685413,38.91036906854131,50.36906854130053,51.493848857645,30.755711775043935,52.829525483304046,64.42882249560633,41.51142355008788,68.11950790861161,78.84007029876977,37.53954305799649,76.27416520210897,68.68189806678383,72.30228471001759,60.913884007029885,66.36203866432338,73.74340949033393
CCN1c2ncnn3c(ccc23)[C@]2(C#N)O[C@H](CO[P@]1(=O)Oc1ccccc1)[C@@H](O)[C@H]2O,457.3830000000001,1.6123799999999997,9,2,4.0,0.55705344087866,5,142.44,0,1,2,0.70486134,0.4417921,0.87517136,0.02327058,0.124521576,0.17611778,0.09168025,0.051224314,0.053737678,0.57217824,0.22352572,0.13376403,0.3163279,0.9617011,0.9893985,0.029389665,0.029445142,0.13214442,0.20962581,0.029037008,0.13127436,0.08963903,0.48423576,0.2970726,0.39779487,0.1681493,0.04341684,0.28523532,0.32003546,0.28876305,0.4857491,-5.5435157,6.4314575,45.56006,4.396426,-17.432186,3.6613414,1.9006941,80.88847,-3.0718827,-2.7766938,77.04745166959579,39.29701230228471,88.08435852372584,61.37082601054482,63.44463971880493,54.51669595782074,85.04393673110721,84.3585237258348,47.59226713532514,66.52021089630932,95.07908611599298,91.35325131810194,28.365553602811957,70.05272407732865,38.55887521968366,55.85237258347979,64.18277680140598,64.53427065026362,30.57996485061512,50.43936731107206,63.8664323374341,69.20913884007031,41.26537785588753,80.77328646748683,92.40773286467488,39.36731107205624,74.86818980667839,55.7469244288225,75.50087873462215,87.17047451669596,62.636203866432346,69.84182776801407,86.6432337434095,33.49736379613357,68.57644991212655,77.64499121265379,92.19683655536028,69.49033391915643,78.13708260105449,91.2829525483304,19.64850615114236,62.03866432337435,22.7768014059754,21.441124780316347,65.65905096660809,30.052724077328648,23.936731107205627,96.27416520210896,60.35149384885765,56.73110720562391,51.423550087873465,11.24780316344464
COC[C@H]1O[C@@](C#N)(c2ccc3c(N)ncnn23)[C@H](O)[C@@H]1O,305.29400000000004,-1.2026199999999996,8,3,4.0,0.6421379839414074,4,138.92,0,0,0,0.642591,0.39495793,0.8404463,0.00032553048,0.0036862777,0.056273125,0.001953789,0.014531607,0.0011249742,0.22607367,0.0020423352,0.053093642,0.2917563,0.8432814,0.90211564,0.013662623,0.029393708,0.017129423,0.01456109,0.009308441,0.06584894,0.004839583,0.08053621,0.0031167672,0.060015004,0.024212431,0.009063611,0.009578634,0.118949905,0.26831287,0.067039706,-5.6372743,-1.9011192,10.866412,11.935362,-20.185337,3.0539346,0.13719788,44.080223,-2.1801217,1.9255016,42.1792618629174,13.391915641476276,84.51669595782074,78.20738137082601,63.44463971880493,65.65905096660809,81.28295254833041,83.30404217926187,47.59226713532514,25.869947275922677,37.188049209138846,88.64674868189807,25.166959578207383,60.35149384885765,9.349736379613358,6.221441124780317,24.32337434094904,13.602811950790862,15.008787346221444,3.057996485061512,30.228471001757477,22.56590509666081,17.258347978910372,78.48857644991213,76.09841827768015,26.32688927943761,56.09841827768015,55.57117750439368,47.17047451669596,45.76449912126538,33.602811950790866,35.606326889279444,44.99121265377856,16.2390158172232,23.40949033391916,31.599297012302287,67.1353251318102,39.22671353251319,35.430579964850615,75.64147627416521,17.293497363796135,27.48681898066784,20.808435852372583,14.024604569420037,34.72759226713533,43.55008787346222,16.695957820738137,84.04217926186293,32.93497363796134,23.65553602811951,67.83831282952549,54.51669595782074
CCCC(CC)OC[C@H]1O[C@@](C#N)(c2ccc3c(N)ncnn23)[C@H](O)[C@@H]1O,375.429,0.7462799999999994,8,3,4.0,0.6440122254121855,5,138.92,0,0,0,0.5717262,0.31920424,0.8556674,0.002218035,0.036494557,0.09595468,0.021688987,0.043542497,0.007937783,0.46064886,0.07750206,0.055401314,0.36221907,0.8401989,0.9508813,0.027811,0.04692515,0.0492588,0.09709592,0.023979645,0.086086825,0.034025412,0.28538078,0.0907598,0.17314336,0.07409643,0.03284366,0.09353181,0.20582977,0.23855336,0.2963864,-5.5205374,20.32835,48.337135,25.183346,-18.670155,3.4046662,1.8737551,74.93241,-3.5767288,8.350179,59.68365553602813,29.560632688927942,84.51669595782074,78.20738137082601,63.44463971880493,65.90509666080844,85.04393673110721,83.30404217926187,47.59226713532514,25.869947275922677,37.188049209138846,84.39367311072057,20.316344463971884,64.81546572934974,18.769771528998245,35.008787346221446,35.99297012302285,42.53075571177505,28.014059753954307,22.10896309314587,51.3884007029877,54.692442882249566,17.750439367311074,84.00702987697716,75.78207381370827,31.036906854130056,73.70826010544816,74.79789103690686,62.46045694200352,74.79789103690686,58.840070298769774,48.61159929701231,75.00878734622145,25.76449912126538,51.73989455184535,57.89103690685413,82.03866432337435,63.47978910369069,63.40949033391916,85.3427065026362,14.762741652021091,50.19332161687171,23.374340949033392,37.89103690685413,67.5219683655536,64.32337434094904,19.789103690685412,93.0755711775044,59.75395430579965,51.07205623901582,40.702987697715294,85.94024604569421
CCC(CC)[C@@]1(COC)O[C@@](C#N)(c2ccc3c(N)ncnn23)[C@H](O)[C@@H]1O,375.429,0.6037799999999993,8,3,4.0,0.6670354023870415,4,138.92,0,0,0,0.42004442,0.3982226,0.8906862,0.0009995413,0.03294594,0.10900961,0.024938751,0.05213339,0.004735683,0.51606685,0.12395102,0.038866878,0.28273487,0.82043636,0.9878837,0.017456044,0.048669897,0.037109476,0.056545448,0.012675801,0.052615095,0.011860886,0.4165349,0.081291296,0.10984544,0.034878254,0.021989426,0.045789476,0.09658627,0.18876061,0.2991872,-5.470244,32.763115,55.72245,17.716862,-18.353441,3.1579227,1.9823587,75.70201,-3.6111095,7.272264,59.68365553602813,28.014059753954307,84.51669595782074,78.20738137082601,63.44463971880493,69.66608084358525,81.28295254833041,83.30404217926187,47.59226713532514,25.869947275922677,37.188049209138846,71.95079086115993,25.51845342706503,75.3602811950791,13.919156414762742,33.35676625659051,40.17574692442883,44.8506151142355,30.966608084358526,14.973637961335678,57.750439367311074,60.87873462214412,14.200351493848858,77.9261862917399,74.23550087873463,38.59402460456943,62.56590509666081,75.81722319859404,58.101933216168725,66.25659050966608,42.39015817223199,23.374340949033392,60.73813708260106,30.615114235500883,50.650263620386646,46.57293497363796,71.8804920913884,56.90685413005273,53.63796133567663,72.58347978910369,10.087873462214413,50.333919156414765,24.60456942003515,51.28295254833041,72.58347978910369,54.23550087873463,20.632688927943764,87.27592267135326,62.17926186291741,51.59929701230229,39.89455184534271,82.8822495606327
CCC(CC)COC[C@H]1O[C@@]2(C#N)c3ccc4c(N)nc(nn34)O[C@H]1[C@H]2O,373.41300000000007,1.0038799999999997,8,2,4.0,0.7674919708751708,4,127.92,0,0,0,0.5847583,0.5126034,0.9052825,0.050886035,0.15398882,0.16644084,0.13327202,0.11231381,0.025410246,0.58908397,0.22923875,0.117736995,0.30570102,0.92225504,0.98861104,0.023364434,0.043279324,0.14908198,0.12304302,0.030213047,0.122469045,0.03469154,0.63297594,0.26317006,0.28099447,0.106208526,0.030041147,0.18683858,0.1720761,0.27070984,0.46057892,-5.0064135,24.47604,44.635376,24.195911,-14.200971,3.520408,2.3017635,80.9006,-4.051402,6.9033575,59.40246045694201,31.810193321616875,84.51669595782074,61.37082601054482,63.44463971880493,84.4639718804921,81.28295254833041,81.0896309314587,47.59226713532514,25.869947275922677,37.188049209138846,85.20210896309315,33.67311072056239,80.91388400702988,46.99472759226714,60.07029876977153,61.61687170474517,70.12302284710019,50.93145869947276,39.05096660808436,66.29173989455185,69.701230228471,36.20386643233744,79.89455184534272,85.90509666080844,38.76977152899825,69.94727592267137,71.8804920913884,77.04745166959579,78.73462214411248,63.58523725834799,67.06502636203867,75.18453427065027,40.03514938488577,66.60808435852373,69.34973637961336,86.57293497363797,62.17926186291741,72.93497363796135,82.00351493848858,17.574692442882252,60.52724077328647,45.02636203866432,43.12829525483304,65.13181019332163,62.95254833040423,40.03514938488577,94.69244288224957,67.45166959578208,56.73110720562391,31.318101933216173,81.93321616871705
CCC(C)C(CC)COC(=O)O,174.23999999999998,2.7533000000000003,2,1,4.0,0.6517065184980243,2,46.53,0,0,0,0.01506635,0.8145369,0.881724,0.011072512,0.020629618,0.24477968,0.011554668,0.16566013,0.030163568,0.24878493,0.000306913,0.27790958,0.05314663,0.14218137,0.9889368,0.002153885,0.007690574,0.0009154275,0.001516512,0.011907701,0.06310071,0.01634413,0.70843154,0.008505695,0.025342572,0.0005899395,0.004893085,0.006941757,0.0023221099,0.60711664,0.06206479,-4.3298616,82.71978,35.371685,-9.624191,-5.0653625,1.7056382,1.0903406,79.84593,-2.9006627,2.1205819,13.42706502636204,57.60984182776802,17.10017574692443,36.59050966608085,63.44463971880493,67.17047451669596,69.84182776801407,28.26010544815466,47.59226713532514,25.869947275922677,37.188049209138846,3.90158172231986,58.734622144112485,72.33743409490334,31.318101933216173,25.76449912126538,78.69947275922672,34.059753954305805,63.33919156414763,41.195079086116,32.26713532513181,10.193321616871703,73.88400702987698,33.427065026362044,26.08084358523726,38.94551845342707,12.4780316344464,12.688927943760984,8.400702987697716,15.079086115992972,40.21089630931459,33.53251318101933,65.13181019332163,44.463971880492096,31.810193321616875,13.391915641476276,10.017574692442883,27.732864674868196,32.12653778558875,11.31810193321617,62.00351493848858,26.748681898066785,91.38840070298772,81.05448154657294,58.38312829525484,8.049209138840071,93.1810193321617,10.790861159929705,46.78383128295256,55.81722319859403,54.6572934973638,56.30931458699473
N#C[C@@]1(c2ccc3c(N)ncnn23)O[C@H](COP(=O)(O)O)[C@@H](O)[C@H]1O,371.246,-1.7397200000000006,9,5,4.0,0.3824440667117172,4,196.45,0,1,0,0.14891067,0.2179133,0.27561375,0.00026557298,0.01860987,0.016196413,0.009919364,0.0021198918,0.015296844,0.053371627,0.0011113392,0.11122217,0.41856542,0.5850097,0.080292165,0.007983874,0.045141846,0.01522705,0.006484162,0.024609927,0.11876067,0.0012845894,0.0012811804,0.0023098013,0.051987737,0.007267993,0.0030583132,0.0021439628,0.04574772,0.17176387,0.04387594,-6.7682853,-3.4535408,25.685146,8.043976,-27.8341,2.4548252,-0.18680076,49.819557,-1.5517344,1.5176522,58.80492091388401,10.474516695957822,88.08435852372584,91.493848857645,63.44463971880493,30.790861159929705,81.28295254833041,91.8804920913884,47.59226713532514,66.52021089630932,37.188049209138846,37.609841827768015,14.551845342706503,8.857644991212654,8.787346221441126,24.28822495606327,11.07205623901582,31.70474516695958,6.362038664323375,30.931458699472763,9.384885764499122,18.488576449912127,33.81370826010545,87.5219683655536,59.54305799648507,7.346221441124781,41.12478031634447,73.60281195079087,45.79964850615114,33.391915641476274,59.19156414762743,65.83479789103691,22.214411247803167,4.112478031634447,20.632688927943764,28.330404217926187,44.81546572934974,19.96485061511424,19.226713532513184,58.76977152899825,8.892794376098418,22.601054481546576,7.135325131810194,12.79437609841828,50.22847100175748,36.239015817223205,6.994727592267136,51.17750439367312,27.521968365553604,27.978910369068544,76.90685413005274,51.52899824253076
CCC1COC[C@H]2O[C@@](C#N)(c3ccc4c(N)ncnn34)[C@H](O)[C@@H]2OC1C,373.41300000000007,0.6201799999999997,8,2,4.0,0.7839711830533207,6,127.92,0,0,0,0.6395526,0.41874257,0.90621156,0.0012743898,0.017605152,0.078992195,0.010348107,0.022018852,0.001828537,0.42445153,0.029036427,0.059768528,0.23059109,0.92110956,0.98022574,0.009330204,0.021197215,0.024749788,0.050926,0.008055838,0.06144754,0.008044461,0.31655186,0.02208684,0.13223453,0.037373673,0.012164164,0.03438594,0.1267033,0.20595165,0.17254129,-5.487574,9.123526,33.465843,17.038374,-17.784916,3.3732886,1.4322455,65.55632,-3.1229205,5.121288,59.40246045694201,28.154657293497365,84.51669595782074,61.37082601054482,63.44463971880493,86.71353251318102,88.10193321616873,81.0896309314587,47.59226713532514,25.869947275922677,37.188049209138846,88.54130052724078,26.959578207381373,81.33567662565906,15.184534270650264,23.58523725834798,30.509666080843587,32.337434094903344,18.629173989455182,5.869947275922672,48.189806678383135,43.93673110720563,18.804920913884008,73.11072056239017,85.79964850615114,35.99297012302285,45.27240773286468,42.84710017574693,52.44288224956064,63.831282952548335,29.560632688927942,31.95079086115993,54.23550087873463,26.85413005272408,39.22671353251319,51.31810193321618,73.04042179261863,44.8506151142355,49.63093145869948,76.87170474516697,12.02108963093146,39.57820738137083,24.11247803163445,24.710017574692444,56.66080843585237,52.97012302284711,22.63620386643234,92.23198594024603,52.30228471001758,41.51142355008788,49.98242530755712,74.86818980667839
CCC(CC)C(CC)OC[C@H]1O[C@@](C#N)(c2ccc3c(N)ncnn23)[C@H](O)[C@@H]1O,403.48300000000006,1.3823799999999995,8,3,4.0,0.6006750093545494,5,138.92,0,0,0,0.49950042,0.25927117,0.83797044,0.0017213306,0.04122098,0.08500817,0.02929166,0.054214478,0.015066035,0.5211905,0.13936928,0.051942933,0.3957638,0.74921256,0.9302527,0.03271497,0.051825296,0.037535205,0.09310095,0.029790398,0.08399744,0.042997833,0.3060383,0.17726313,0.17903042,0.063859105,0.043706164,0.10835099,0.19811459,0.2402029,0.39009485,-5.440188,28.842112,62.904305,34.77699,-17.78544,3.5144973,2.6141496,87.380585,-4.181152,10.587297,66.08084358523726,36.344463971880494,84.51669595782074,78.20738137082601,63.44463971880493,60.31634446397189,85.04393673110721,83.30404217926187,47.59226713532514,25.869947275922677,37.188049209138846,79.08611599297014,16.133567662565905,59.85940246045695,16.836555360281196,37.188049209138846,32.16168717047452,47.48681898066784,31.669595782073817,30.68541300527241,58.17223198594025,62.74165202108964,17.012302284710017,86.0456942003515,69.17398945518454,28.7170474516696,76.48506151142355,77.96133567662567,58.31282952548331,74.09490333919157,63.30404217926187,47.5219683655536,78.34797891036908,26.5377855887522,60.140597539543066,58.80492091388401,80.28119507908612,69.52548330404218,65.41300527240774,84.60456942003516,14.903339191564148,57.15289982425308,25.483304042179263,47.27592267135326,76.59050966608085,72.23198594024605,22.63620386643234,94.51669595782074,73.0755711775044,65.02636203866433,28.54130052724077,91.07205623901582
CCC(C)COC[C@]1(C)O[C@@](C#N)(c2ccc3c(N)ncnn23)[C@H](O)[C@@H]1O,375.429,0.6037799999999993,8,3,4.0,0.6670354023870415,5,138.92,0,0,0,0.55885357,0.3010242,0.85195524,0.0005093014,0.01700307,0.08120302,0.011769868,0.041585177,0.005761267,0.46548834,0.060579173,0.043727178,0.36156684,0.78245,0.9584714,0.03115738,0.053602803,0.02275139,0.06522621,0.020607268,0.07461632,0.022822965,0.26396585,0.06900088,0.1483124,0.052787196,0.031728305,0.06009803,0.18867041,0.2366159,0.26555112,-5.4356585,25.191889,48.583733,18.915228,-17.847738,3.2906194,1.9672768,77.88604,-3.644909,6.7866845,59.68365553602813,28.014059753954307,84.51669595782074,78.20738137082601,63.44463971880493,69.66608084358525,85.04393673110721,83.30404217926187,47.59226713532514,25.869947275922677,37.188049209138846,83.58523725834799,19.40246045694201,64.18277680140598,11.107205623901583,23.09314586994728,31.3884007029877,34.30579964850615,27.381370826010546,17.469244288224957,52.02108963093146,52.09138840070299,15.079086115992972,84.00702987697716,71.07205623901582,31.84534270650264,75.95782073813709,78.87521968365554,51.14235500878735,68.54130052724078,55.11423550087874,42.35500878734622,70.05272407732865,24.92091388400703,49.06854130052725,54.1652021089631,78.27768014059755,63.09314586994728,57.11775043936731,83.40949033391917,14.446397188049213,47.90861159929702,25.553602811950796,43.72583479789104,67.6274165202109,56.239015817223205,22.31985940246046,90.19332161687171,61.86291739894553,53.77855887521969,39.472759226713535,81.30052724077329
CCC(CC)C(OC)[C@H]1O[C@@](C#N)(c2ccc3c(N)ncnn23)[C@H](O)[C@@H]1O,375.429,0.6021799999999995,8,3,4.0,0.6669779526047589,5,138.92,0,0,0,0.36208892,0.22587068,0.8620737,0.0006965351,0.020952981,0.08208685,0.013244206,0.03416743,0.005881647,0.41083178,0.039242733,0.043115947,0.326039,0.79206294,0.92374915,0.019185383,0.04371548,0.02221759,0.04502947,0.018355196,0.06777449,0.017032983,0.19171785,0.052899458,0.09261509,0.030945504,0.01817923,0.03984069,0.11808679,0.18679336,0.24627319,-5.5117183,18.13711,47.959496,22.412983,-18.595642,3.4373589,1.9337204,77.195755,-3.6837687,6.9449186,59.68365553602813,28.014059753954307,84.51669595782074,78.20738137082601,63.44463971880493,69.66608084358525,85.04393673110721,83.30404217926187,47.59226713532514,25.869947275922677,37.188049209138846,66.71353251318102,14.83304042179262,66.25659050966608,12.231985940246046,25.9402460456942,31.599297012302287,35.887521968365554,24.56942003514939,17.855887521968366,47.34622144112478,46.924428822495614,14.973637961335678,81.44112478031636,71.63444639718806,28.08435852372584,64.78031634446398,72.54833040421794,50.790861159929705,61.72231985940247,52.513181019332166,37.188049209138846,65.72934973637962,21.86291739894552,46.467486818980674,42.07381370826011,70.26362038664324,52.86467486818981,51.81019332161688,75.64147627416521,9.98242530755712,45.97539543057997,23.58523725834798,34.76274165202109,67.27592267135326,61.230228471001766,20.0,93.53251318101934,61.230228471001766,53.145869947275926,38.69947275922672,82.10896309314587
CCC(COC)CC(=O)O,146.186,1.1337,2,1,4.0,0.6321165478679054,1,46.53,0,0,0,0.034621883,0.8036586,0.90871716,0.0008202846,0.0033933695,0.17264155,0.0014248842,0.06810798,0.0021588323,0.12379732,5.9589576e-05,0.22078276,0.037406467,0.16561154,0.9816055,0.0032123793,0.010529857,0.0005654476,0.00040216846,0.0031156517,0.036336515,0.0024466189,0.44088683,0.00096665847,0.010963685,0.00044583096,0.0022939108,0.0005042909,0.001646097,0.49751815,0.012371553,-4.3508606,36.904915,-17.794727,-11.024431,-7.713113,1.6846914,-1.0749266,28.742092,-0.13259383,-1.9610932,8.822495606326891,33.35676625659051,17.10017574692443,36.59050966608085,63.44463971880493,64.39367311072057,55.32513181019333,28.26010544815466,47.59226713532514,25.869947275922677,37.188049209138846,9.2091388400703,57.57469244288225,82.35500878734622,12.899824253075572,5.869947275922672,63.26889279437611,11.00175746924429,36.8365553602812,7.065026362038665,18.699472759226715,3.4797891036906856,63.65553602811951,24.99121265377856,30.158172231985944,36.48506151142355,18.84007029876977,19.543057996485064,6.818980667838313,5.272407732864675,10.474516695957822,10.369068541300528,32.513181019332166,31.52899824253076,14.235500878734625,4.182776801405976,8.1195079086116,16.028119507908613,8.224956063268893,8.435852372583481,46.115992970123024,7.486818980667839,90.298769771529,54.6572934973638,9.876977152899824,7.275922671353252,85.37785588752197,9.91212653778559,16.62565905096661,14.200351493848858,92.75922671353251,17.785588752196837
CCCCC(CC)COC(=O)O,174.23999999999998,2.897400000000001,2,1,4.0,0.6296086338882065,1,46.53,0,0,0,0.013166775,0.84220076,0.8824093,0.039974578,0.03518917,0.3314634,0.02344902,0.17634681,0.027964657,0.29903153,0.00053578743,0.2882548,0.05500611,0.25841516,0.9937873,0.0030411584,0.0089657325,0.0020682556,0.002682175,0.013754442,0.066363685,0.03783948,0.7791077,0.01867477,0.03434778,0.0012761197,0.007871889,0.01238337,0.0040596537,0.5567114,0.06816597,-4.2906814,83.951805,34.856827,-12.91788,-5.033738,1.7146299,1.1063595,79.39878,-2.9158015,1.1129398,13.42706502636204,59.75395430579965,17.10017574692443,36.59050966608085,63.44463971880493,64.11247803163445,55.32513181019333,28.26010544815466,47.59226713532514,25.869947275922677,37.188049209138846,3.3743409490333924,61.51142355008788,72.61862917398946,44.25307557117751,34.30579964850615,90.75571177504396,43.79613356766257,64.74516695957821,40.421792618629176,37.46924428822496,14.376098418277682,75.28998242530757,34.13005272407733,39.96485061511424,42.91739894551846,18.066783831282955,15.711775043936733,14.727592267135329,22.00351493848858,44.88576449912127,36.063268892794376,76.3444639718805,49.98242530755712,37.926186291739896,18.875219683655537,18.172231985940247,36.16871704745167,37.609841827768015,17.609841827768015,54.90333919156415,27.521968365553604,93.11072056239016,81.51142355008788,57.99648506151143,5.342706502636204,93.286467486819,11.036906854130054,47.1353251318102,55.46572934973639,54.44639718804921,46.95957820738138
CCC(CC)COC(=O)[C@H](C)N[P@](=O)(O)Oc1cccc(C)c1,343.36000000000007,3.431720000000002,4,2,4.0,0.5277347355881168,2,84.86,0,1,2,0.08666514,0.8079587,0.82452744,0.23849244,0.4002863,0.32548913,0.21145144,0.36798695,0.26634413,0.6481558,0.40477675,0.18159184,0.1646575,0.37588596,0.99885607,0.011168319,0.033306252,0.06152893,0.073195055,0.040170245,0.13142464,0.067418024,0.9219462,0.49613562,0.17546842,0.010655354,0.04471762,0.1939218,0.02981868,0.5047166,0.6625541,-5.1517143,53.290424,70.24112,13.951857,-9.594431,2.8238142,2.904676,87.66373,-2.5357237,5.7589827,52.26713532513182,67.94376098418279,48.55887521968366,61.37082601054482,63.44463971880493,50.05272407732865,69.84182776801407,57.9261862917399,47.59226713532514,66.52021089630932,95.07908611599298,24.28822495606327,57.9261862917399,56.59050966608085,68.6115992970123,81.0896309314587,90.26362038664324,76.37961335676626,81.05448154657294,75.67662565905097,73.46221441124781,79.0158172231986,54.34094903339192,64.60456942003516,48.33040421792619,55.2548330404218,50.22847100175748,61.08963093145871,65.58875219683657,69.98242530755712,70.54481546572936,69.87697715289983,83.65553602811951,69.98242530755712,77.75043936731107,58.277680140597546,52.68892794376099,70.22847100175747,73.42706502636204,50.68541300527241,47.27592267135326,70.54481546572936,38.10193321616872,66.0456942003515,80.66783831282953,47.34622144112478,73.14586994727593,73.49736379613357,78.03163444639719,65.62390158172232,60.80843585237259,77.71528998242532
CCC(CC)COC[C@]1(CC)O[C@@](C#N)(c2ccc3c(N)ncnn23)[C@H](O)[C@@H]1O,403.48300000000006,1.3839799999999995,8,3,4.0,0.6007012145415206,4,138.92,0,0,0,0.4625283,0.36382776,0.8586608,0.0012673874,0.031203374,0.09391478,0.029725898,0.06452991,0.01065331,0.5680646,0.2098442,0.037921824,0.36743218,0.75302714,0.98185694,0.033427946,0.06801967,0.040242203,0.087915145,0.02075852,0.065208554,0.025971502,0.42550483,0.1575112,0.17053163,0.058779366,0.041651785,0.08342185,0.16348645,0.20486906,0.38689452,-5.3403883,37.252968,64.98904,29.39737,-17.084324,3.3564384,2.54946,84.29507,-4.0982485,9.820674,66.08084358523726,36.41476274165203,84.51669595782074,78.20738137082601,63.44463971880493,60.31634446397189,81.28295254833041,83.30404217926187,47.59226713532514,25.869947275922677,37.188049209138846,75.81722319859404,22.917398945518457,65.41300527240774,15.1493848857645,32.58347978910369,35.32513181019333,47.94376098418278,35.114235500878735,25.83479789103691,63.44463971880493,68.47100175746925,14.0597539543058,84.49912126537787,69.3145869947276,36.555360281195085,76.80140597539544,85.13181019332163,59.367311072056246,73.35676625659052,55.36028119507909,35.04393673110721,71.38840070298771,31.00175746924429,58.69947275922672,57.68014059753955,79.29701230228471,68.47100175746925,61.89806678383129,81.195079086116,11.95079086115993,56.97715289982426,28.96309314586995,54.833040421792624,77.89103690685414,68.33040421792619,25.342706502636204,91.84534270650263,71.9859402460457,60.52724077328647,30.193321616871707,89.701230228471
CCC(CC)COC[C@H]1O[C@@](C#N)(c2ccc3c(N)ncnn23)[C@H](OC(C)=O)[C@@H]1O,417.4660000000001,1.1745799999999995,9,2,4.0,0.60447931135507,4,144.98999999999998,0,0,0,0.6297948,0.42036715,0.8415657,0.0014230517,0.031359725,0.10796919,0.022106724,0.06338258,0.017582115,0.5266524,0.11446116,0.07565995,0.43489796,0.7860697,0.93736905,0.02924757,0.04753662,0.02990811,0.0710058,0.02504752,0.09131036,0.023044135,0.3479386,0.112486266,0.18183306,0.055668116,0.037760574,0.057185363,0.17742102,0.2980681,0.37134764,-5.1552234,45.205696,68.4143,17.769888,-15.780261,3.3191586,2.4285014,83.60213,-4.2094135,6.684012,69.63093145869948,33.88400702987698,88.08435852372584,61.37082601054482,63.44463971880493,60.702987697715294,81.28295254833041,84.85061511423551,47.59226713532514,25.869947275922677,37.188049209138846,87.76801405975397,27.10017574692443,60.73813708260106,15.711775043936733,32.61862917398946,39.71880492091389,42.84710017574693,34.797891036906854,33.145869947275926,58.734622144112485,59.92970123022848,23.65553602811951,88.8224956063269,71.31810193321617,29.490333919156416,74.79789103690686,75.1493848857645,55.46572934973639,69.49033391915643,59.71880492091389,51.77504393673111,70.19332161687171,27.978910369068544,54.27065026362039,59.367311072056246,78.76977152899825,66.67838312829527,56.59050966608085,82.39015817223199,20.984182776801408,55.88752196836556,37.89103690685413,60.421792618629176,80.07029876977154,54.27065026362039,30.544815465729357,90.75571177504396,69.38488576449913,59.96485061511424,27.838312829525485,81.01933216168717
CCC(CC)[C@@]1(O)[C@@H](O)[C@](C#N)(c2ccc3c(N)ncnn23)O[C@@H]1COC,375.4290000000001,0.6037799999999997,8,3,4.0,0.6670354023870415,4,138.92,0,0,0,0.48003235,0.45201802,0.9071101,0.0017983146,0.05061553,0.116935015,0.03225609,0.051400013,0.003744853,0.53447163,0.1613789,0.037952848,0.23495042,0.85690033,0.9941543,0.0148546845,0.044383936,0.043145232,0.06525091,0.010781647,0.051054787,0.009981667,0.5312187,0.06990199,0.12049644,0.037285395,0.019709181,0.049708802,0.08478899,0.19091402,0.2900893,-5.326296,35.216682,54.096138,14.405911,-17.25568,3.147333,1.8156983,67.057014,-3.2777972,6.0127234,59.68365553602813,28.014059753954307,84.51669595782074,78.20738137082601,63.44463971880493,69.66608084358525,81.28295254833041,83.30404217926187,47.59226713532514,25.869947275922677,37.188049209138846,77.39894551845343,29.490333919156416,81.82776801405976,17.082601054481547,40.38664323374341,43.79613356766257,48.99824253075572,30.615114235500883,12.16168717047452,59.472759226713535,64.74516695957821,14.0597539543058,73.46221441124781,77.22319859402461,43.198594024604574,58.59402460456943,73.14586994727593,60.31634446397189,68.54130052724078,37.89103690685413,22.10896309314587,58.24253075571178,35.39543057996485,49.27943760984184,48.85764499121266,73.00527240773287,54.6572934973638,54.79789103690686,70.15817223198594,10.404217926186291,49.701230228471005,29.701230228471005,53.286467486818985,71.59929701230229,47.94376098418278,24.46397188049209,87.10017574692444,58.76977152899825,43.09314586994728,46.25659050966608,78.73462214411248
CCC(CC)C(C)C(CC)COC(=O)O,216.321,3.7795000000000014,2,1,4.0,0.6586459715292675,2,46.53,0,0,0,0.01464757,0.80900365,0.83328134,0.01175826,0.03141256,0.2232707,0.02233906,0.22127044,0.07362531,0.35643142,0.0012747243,0.25129324,0.056083106,0.10258329,0.9875606,0.0022214835,0.007174894,0.0007107819,0.0032621468,0.01913087,0.07720027,0.030928459,0.80074996,0.025637442,0.037511893,0.00046956772,0.0081665255,0.020363152,0.0028510615,0.7337855,0.15643018,-4.4301963,94.63094,53.165596,4.010936,-4.81071,1.7727668,1.8554008,89.54022,-3.8266792,4.8206716,20.562390158172235,73.74340949033393,17.10017574692443,36.59050966608085,63.44463971880493,68.26010544815466,69.84182776801407,28.26010544815466,47.59226713532514,25.869947275922677,37.188049209138846,3.760984182776802,57.99648506151143,58.734622144112485,31.739894551845342,32.61862917398946,74.51669595782074,43.02284710017575,70.33391915641477,55.28998242530757,42.21441124780317,19.894551845342708,68.8224956063269,34.72759226713533,19.47275922671353,38.45342706502637,12.9701230228471,11.599297012302284,7.592267135325132,24.42882249560633,53.53251318101934,43.58523725834798,73.95430579964851,51.95079086115994,40.17574692442883,20.667838312829527,8.435852372583481,36.871704745166966,42.7768014059754,13.49736379613357,76.80140597539544,38.06678383128296,86.08084358523726,86.0456942003515,70.93145869947277,29.279437609841832,93.6731107205624,12.864674868189809,59.29701230228471,68.8224956063269,35.606326889279444,73.60281195079087
N#C[C@]12O[C@H](C=Nc3ncnn4c1ccc34)[C@@H](O)[C@H]2O,271.23600000000005,-0.7153200000000004,7,2,4.0,0.6531661718476528,4,116.03,0,0,0,0.5829378,0.53796947,0.78963274,0.0027664208,0.0067791156,0.07802397,0.0041029854,0.015878886,0.0041197753,0.19212756,0.0013755383,0.11698917,0.3419707,0.887761,0.8116644,0.02405845,0.026575055,0.048715297,0.01642729,0.017922692,0.0892227,0.012193946,0.077186614,0.0038444265,0.107519686,0.04384417,0.01613387,0.014808627,0.17251465,0.31289512,0.080930956,-5.5569086,-4.063159,7.961129,5.3823166,-18.533012,3.1050496,0.38683227,56.957355,-2.6593008,-2.4739957,32.513181019332166,16.414762741652023,79.85940246045695,61.37082601054482,63.44463971880493,67.45166959578208,81.28295254833041,76.66080843585237,47.59226713532514,25.869947275922677,37.188049209138846,85.09666080843586,35.50087873462215,48.7170474516696,20.45694200351494,11.107205623901583,30.26362038664324,20.52724077328647,15.53602811950791,13.11072056239016,25.869947275922677,20.316344463971884,35.887521968365554,82.63620386643234,80.98418277680142,22.917398945518457,70.65026362038665,51.31810193321618,62.31985940246047,47.45166959578208,51.52899824253076,50.650263620386646,61.15992970123023,15.957820738137084,25.20210896309315,46.010544815465735,75.3602811950791,50.75571177504394,39.5079086115993,82.00351493848858,22.917398945518457,29.244288224956065,22.49560632688928,12.40773286467487,31.634446397188054,31.634446397188054,20.246045694200355,85.76449912126539,36.344463971880494,33.5676625659051,58.558875219683664,13.42706502636204
CCC(CC)COC[C@H]1O[C@@](C#N)(c2ccc3c(N)ncnn23)[C@](O)(C(CC)CC)[C@@H]1O,445.5640000000002,2.41018,8,3,4.0,0.5065776412996064,4,138.92,0,0,0,0.43876943,0.45565352,0.8699285,0.00645089,0.14069179,0.1125371,0.15477948,0.10355492,0.019246757,0.7516178,0.61758244,0.03927668,0.3372295,0.78913885,0.9948865,0.030388966,0.06283814,0.09374099,0.18058714,0.027006533,0.059527565,0.033766616,0.7737651,0.4659752,0.31851402,0.07965882,0.07558238,0.23615403,0.16276795,0.17526293,0.68248355,-5.185726,50.490314,91.74233,43.688576,-15.582741,3.6040568,3.591224,93.995094,-4.7098274,12.624586,74.86818980667839,50.790861159929705,84.51669595782074,78.20738137082601,63.44463971880493,47.24077328646749,81.28295254833041,83.30404217926187,47.59226713532514,25.869947275922677,37.188049209138846,73.49736379613357,29.77152899824253,68.6115992970123,26.713532513181026,58.34797891036907,41.51142355008788,71.95079086115993,48.43585237258348,34.41124780316345,87.38137082601055,86.11599297012303,14.235500878734625,82.21441124780317,71.52899824253076,44.11247803163445,75.57117750439367,83.23374340949034,70.57996485061513,84.53427065026362,61.26537785588753,30.439367311072058,74.93848857644991,49.49033391915642,76.55536028119509,71.91564147627417,82.84710017574693,79.36731107205624,75.95782073813709,81.15992970123024,9.173989455184534,71.21265377855889,36.62565905096661,64.28822495606327,88.15465729349737,77.99648506151144,31.564147627416524,95.78207381370828,89.94727592267137,76.66080843585237,18.629173989455182,93.56766256590512
CCC(C)(CC)COC[C@H]1O[C@@](C#N)(c2ccc3c(N)ncnn23)[C@H](O)[C@@H]1O,389.4560000000001,0.9938799999999997,8,3,4.0,0.6370784227160017,4,138.92,0,0,0,0.58836955,0.27638835,0.7883414,0.000629121,0.019463364,0.045370094,0.012552038,0.04882221,0.012027435,0.41732335,0.045689844,0.04688964,0.430929,0.5864872,0.856388,0.043953374,0.05962237,0.017948037,0.05369825,0.039317846,0.1057118,0.02713627,0.1866988,0.07119798,0.15090339,0.057202585,0.036905177,0.05949078,0.20463869,0.3125178,0.30217585,-5.3990564,24.986248,57.22044,33.991093,-18.086996,3.5627656,2.3358119,81.44636,-3.943983,9.832274,62.98769771528999,31.810193321616875,84.51669595782074,78.20738137082601,63.44463971880493,64.78031634446398,81.28295254833041,83.30404217926187,47.59226713532514,25.869947275922677,37.188049209138846,85.23725834797892,17.574692442882252,48.506151142355016,11.845342706502636,25.096660808435853,21.0896309314587,35.18453427065027,29.66608084358524,27.275922671353253,47.90861159929702,48.75219683655536,15.746924428822496,88.33040421792619,59.57820738137083,24.32337434094904,81.75746924428823,81.75746924428823,47.76801405975396,64.99121265377856,69.98242530755712,59.613356766256594,72.37258347978911,21.65202108963093,49.42003514938489,54.692442882249566,79.0158172231986,66.01054481546574,56.97715289982426,85.20210896309315,22.847100175746927,50.50966608084359,26.748681898066785,43.58523725834798,73.53251318101934,71.49384885764499,21.370826010544818,95.21968365553604,67.83831282952549,57.46924428822496,33.427065026362044,89.701230228471
CCC(CC)COC[C@H]1O[C@@](C#N)(c2ccc3c(N)ncnn23)[C@H](O)[C@@H]1OCC(CC)CC,459.5910000000002,3.064280000000001,8,2,4.0,0.495548093604812,4,127.92,0,0,0,0.38913313,0.33046824,0.867815,0.0034553069,0.099995665,0.114455044,0.12314767,0.11551304,0.024857981,0.68487686,0.48216,0.055798344,0.41755885,0.76095665,0.97039497,0.030595338,0.05811892,0.06714678,0.15373547,0.03174666,0.07524563,0.04997895,0.6429651,0.4855296,0.30759954,0.07920569,0.0661387,0.21558519,0.17799398,0.18381606,0.6586396,-5.080414,50.90263,89.50053,58.648773,-14.1568165,3.6132324,3.7787826,97.35651,-4.986638,14.630774,77.46924428822496,62.108963093145874,84.51669595782074,61.37082601054482,63.44463971880493,45.79964850615114,81.28295254833041,81.0896309314587,47.59226713532514,25.869947275922677,37.188049209138846,69.24428822495607,21.01933216168717,67.90861159929702,21.82776801405976,51.84534270650264,42.63620386643234,68.64674868189807,51.70474516695958,38.55887521968366,78.76977152899825,81.93321616871705,17.820738137082603,87.45166959578208,69.94727592267137,33.743409490333924,75.67662565905097,81.26537785588754,66.88927943760984,82.24956063268894,65.16695957820738,42.63620386643234,79.96485061511424,40.77328646748682,77.29349736379613,71.07205623901582,82.7768014059754,77.50439367311073,74.79789103690686,82.46045694200352,9.806678383128297,70.40421792618629,40.91388400702988,64.67486818980669,87.59226713532514,85.09666080843586,40.35149384885765,95.95782073813707,92.16168717047452,83.69068541300528,14.622144112478033,95.92267135325132
CCC(CC)COC(CC)[C@H]1O[C@@](C#N)(c2ccc3c(N)ncnn23)[C@H](O)[C@@H]1O,403.48300000000006,1.3823799999999995,8,3,4.0,0.6006750093545494,5,138.92,0,0,0,0.35317,0.22099705,0.8581315,0.0008529308,0.027553638,0.08837656,0.019984256,0.04846689,0.008537745,0.48597336,0.09726816,0.042522926,0.36603928,0.77565575,0.92714393,0.025236601,0.054540742,0.030134147,0.06916042,0.022480201,0.07559441,0.026105791,0.27781624,0.1265121,0.13770269,0.043228295,0.02409654,0.069801405,0.15115409,0.18377429,0.3515123,-5.447365,21.412569,55.11977,31.258053,-18.233347,3.581826,2.4594934,85.24929,-4.0930414,9.284857,66.08084358523726,36.344463971880494,84.51669595782074,78.20738137082601,63.44463971880493,60.31634446397189,85.04393673110721,83.30404217926187,47.59226713532514,25.869947275922677,37.188049209138846,65.79964850615114,14.692442882249562,65.27240773286468,13.11072056239016,30.615114235500883,33.53251318101933,41.335676625659055,29.66608084358524,23.19859402460457,54.1652021089631,57.750439367311074,14.797891036906856,84.42882249560634,70.57996485061513,28.365553602811957,71.73989455184535,79.6133567662566,55.64147627416521,69.17398945518454,57.53954305799649,42.7768014059754,71.52899824253076,25.51845342706503,55.71177504393673,52.056239015817226,75.18453427065027,58.31282952548331,59.507908611599305,80.0,9.806678383128297,54.76274165202109,25.20210896309315,39.26186291739895,72.30228471001759,69.38488576449913,20.91388400702988,95.50087873462216,70.15817223198594,61.6871704745167,30.298769771529003,88.43585237258348
CCC(CC)CO[C@H]1[C@@H](O)[C@](C#N)(c2ccc3c(N)ncnn23)O[C@@H]1C=O,373.41300000000007,0.8103799999999999,8,2,4.0,0.6806018796239716,4,135.76,0,1,1,0.6481943,0.33954567,0.81245345,0.0014195375,0.023397354,0.09486856,0.016002018,0.031945616,0.008719441,0.36678132,0.03241826,0.09422644,0.36386186,0.82437944,0.8478667,0.031052526,0.04595623,0.027094264,0.059852708,0.026862482,0.10500922,0.024823207,0.1699468,0.038500644,0.16085927,0.062483728,0.032564677,0.04484092,0.20772175,0.32536864,0.20128866,-5.269586,29.921152,56.909496,20.745586,-15.847122,3.4606304,2.425653,85.082664,-4.2107806,5.2554445,59.40246045694201,29.876977152899823,84.51669595782074,61.37082601054482,63.44463971880493,71.95079086115993,81.28295254833041,82.74165202108964,47.59226713532514,66.52021089630932,83.09314586994728,88.92794376098419,21.54657293497364,53.25131810193322,15.711775043936733,27.6274165202109,35.64147627416521,37.96133567662567,23.620386643233747,23.51493848857645,42.95254833040422,45.02636203866432,28.365553602811957,84.21792618629175,74.48154657293497,24.11247803163445,75.88752196836556,74.1652021089631,53.919156414762746,67.1353251318102,61.08963093145871,59.22671353251319,70.896309314587,20.84358523725835,43.40949033391916,56.20386643233744,80.03514938488577,63.3743409490334,53.21616871704746,85.41300527240774,24.46397188049209,42.46045694200352,32.056239015817226,48.40070298769772,73.32161687170475,59.050966608084366,30.158172231985944,93.77855887521967,69.27943760984184,61.335676625659055,27.838312829525485,75.39543057996485
CCCCOC(=O)O,118.13199999999998,1.4811,2,1,4.0,0.4506579497406312,0,46.53,0,1,0,0.02418506,0.8653663,0.8993859,0.029475097,0.021158744,0.3245637,0.012253633,0.085204385,0.007980556,0.18858342,0.00016121226,0.36519918,0.055444706,0.3666175,0.9910158,0.0036725372,0.008089656,0.004135772,0.0012924122,0.008418537,0.04798924,0.01965179,0.6079064,0.004042764,0.037730463,0.0024319002,0.007176784,0.004537312,0.0050447746,0.4290588,0.020193938,-4.322013,56.839745,6.062476,-19.717133,-6.467845,1.6777538,-0.39727083,53.20985,-0.9617586,-0.9664934,4.991212653778559,37.39894551845343,17.10017574692443,36.59050966608085,63.44463971880493,39.68365553602812,22.601054481546576,28.26010544815466,47.59226713532514,66.52021089630932,37.188049209138846,6.537785588752198,63.69068541300528,78.59402460456943,41.12478031634447,26.186291739894557,90.15817223198594,34.90333919156415,43.3743409490334,22.1792618629174,25.58875219683656,6.783831282952549,84.39367311072057,34.41124780316345,47.94376098418278,40.28119507908612,21.0896309314587,13.42706502636204,24.32337434094904,13.286467486818982,30.65026362038665,19.43760984182777,67.59226713532514,38.62917398945519,25.483304042179263,20.77328646748682,26.78383128295255,34.44639718804921,27.697715289982423,20.316344463971884,37.82073813708261,12.899824253075572,91.73989455184535,68.40070298769773,30.017574692442885,2.2144112478031635,89.87697715289983,9.560632688927944,24.9560632688928,30.755711775043935,84.07732864674868,25.97539543057997
CC(C)C(C)COC[C@H]1O[C@@](C#N)(c2ccc3c(N)ncnn23)[C@H](O)[C@@H]1O,375.429,0.4596799999999997,8,3,4.0,0.6616132504997991,5,138.92,0,0,0,0.57255846,0.29408008,0.8422244,0.0007903626,0.017066676,0.06946508,0.010192493,0.04506921,0.0072659487,0.43226752,0.033896513,0.055295635,0.394584,0.76063234,0.9091447,0.030426487,0.045509953,0.026804963,0.05784018,0.02684505,0.08916923,0.021485312,0.23646715,0.051885437,0.14067946,0.05243955,0.027088549,0.06350173,0.17995086,0.2610238,0.27167585,-5.4820085,18.417847,46.485203,22.733263,-18.219524,3.4475734,1.9563032,76.820816,-3.5681977,7.411718,59.68365553602813,26.78383128295255,84.51669595782074,78.20738137082601,63.44463971880493,68.8224956063269,85.04393673110721,83.30404217926187,47.59226713532514,25.869947275922677,37.188049209138846,84.42882249560634,19.0158172231986,61.01933216168717,12.759226713532517,23.12829525483304,27.80316344463972,31.985940246045697,28.611599297012305,20.949033391915645,48.89279437609842,45.41300527240774,17.750439367311074,85.94024604569421,69.94727592267137,26.92442882249561,75.57117750439367,73.84885764499121,53.67311072056239,66.6432337434095,61.01933216168717,50.61511423550088,69.20913884007031,23.866432337434095,46.18629173989456,52.61862917398946,78.20738137082601,60.31634446397189,58.31282952548331,82.63620386643234,16.520210896309315,48.36555360281196,24.18277680140598,35.21968365553603,66.29173989455185,61.51142355008788,20.91388400702988,93.60281195079088,61.6871704745167,52.79437609841828,40.84358523725835,83.33919156414764
CCCC(CC)COC(=O)[C@H](C)N[P@](=O)(O)Oc1ccccc1,343.36000000000007,3.5134000000000016,4,2,4.0,0.4994213062884088,3,84.86,0,1,2,0.06648439,0.8350914,0.8001523,0.19801602,0.31393272,0.34247148,0.17509115,0.32252297,0.30065206,0.57956135,0.1884901,0.22645442,0.16887791,0.32458538,0.9970687,0.011535188,0.02778579,0.036339696,0.05350963,0.042960577,0.15280691,0.096483074,0.8789321,0.41543752,0.1548501,0.008729549,0.04890214,0.15622608,0.028360981,0.5853584,0.62179834,-5.11485,50.875824,65.85661,13.540959,-9.554069,2.9035106,2.887743,87.43087,-2.6290822,5.7696586,52.26713532513182,69.27943760984184,48.55887521968366,61.37082601054482,63.44463971880493,46.326889279437616,76.60808435852373,57.9261862917399,47.59226713532514,66.52021089630932,95.07908611599298,18.242530755711776,60.84358523725835,50.61511423550088,65.48330404217927,75.11423550087873,91.81019332161688,73.60281195079087,78.27768014059755,77.3286467486819,64.81546572934974,66.74868189806679,64.85061511423551,65.4481546572935,44.8506151142355,48.1195079086116,51.03690685413006,53.04042179261863,57.9261862917399,64.85061511423551,72.19683655536029,75.32513181019333,87.45166959578208,61.61687170474517,74.37609841827769,55.43057996485062,47.873462214411255,71.8804920913884,70.08787346221442,49.34973637961336,58.34797891036907,68.47100175746925,39.75395430579965,64.67486818980669,78.38312829525483,46.60808435852373,73.39191564147627,77.82073813708261,77.71528998242532,65.16695957820738,59.22671353251319,77.71528998242532
CCC(CCO)COC(=O)[C@H](C)N[P@](=O)(O)Oc1ccccc1,345.33200000000005,2.0957,5,3,4.0,0.4403828260084548,3,105.09,0,1,2,0.07506422,0.6919716,0.808984,0.06460106,0.12713332,0.28896934,0.06688722,0.19376025,0.14680499,0.413335,0.06988381,0.24512228,0.17118406,0.30148226,0.98184663,0.01422515,0.033628304,0.02075411,0.019956212,0.023650993,0.11426469,0.050079145,0.64266914,0.14765088,0.08116744,0.00590442,0.024306294,0.024510784,0.01795684,0.5249332,0.35253862,-5.3252506,34.93274,37.93675,2.679844,-12.893476,2.8757827,1.5954891,66.06526,-1.2211101,3.8026817,52.68892794376099,46.22144112478032,61.880492091388405,78.20738137082601,63.44463971880493,38.34797891036907,76.60808435852373,70.96660808435853,47.59226713532514,66.52021089630932,95.07908611599298,20.91388400702988,47.48681898066784,52.5834797891037,49.87697715289983,56.27416520210897,86.0456942003515,59.68365553602813,67.02987697715291,67.06502636203867,47.59226713532514,53.67311072056239,67.80316344463972,65.90509666080844,43.2688927943761,36.555360281195085,57.39894551845343,61.546572934973646,49.59578207381372,50.12302284710018,58.418277680140605,63.30404217926187,79.96485061511424,40.702987697715294,57.750439367311074,38.91036906854131,41.0896309314587,58.38312829525484,44.9560632688928,39.64850615114236,50.43936731107206,54.76274165202109,29.77152899824253,52.97012302284711,60.45694200351495,26.678383128295252,48.43585237258348,76.20386643233743,55.04393673110721,42.07381370826011,81.23022847100177,68.04920913884007
CCC(CC)c1cc2c(N)ncnn2c1[C@]1(C#N)O[C@H](COC)[C@@H](O)[C@H]1O,375.4290000000001,0.7009799999999997,8,3,4.0,0.6704096944200899,4,138.92000000000002,0,0,0,0.3674171,0.22510998,0.87298375,0.0010911456,0.051690347,0.10626395,0.032644767,0.035670582,0.005605102,0.4935481,0.15830603,0.04659593,0.23210204,0.8705834,0.96038264,0.018261183,0.04719867,0.02882182,0.08717203,0.017128745,0.07018604,0.02602179,0.31498447,0.1525112,0.17469463,0.047875628,0.018014934,0.110891625,0.13760796,0.1758119,0.3029888,-5.367113,21.333584,46.41848,26.241104,-17.707584,3.2930973,2.1767673,79.265945,-3.7405562,7.875885,59.68365553602813,29.03339191564148,84.51669595782074,78.20738137082601,63.44463971880493,70.15817223198594,81.28295254833041,83.30404217926187,47.59226713532514,25.869947275922677,37.188049209138846,67.02987697715291,14.797891036906856,69.38488576449913,14.376098418277682,40.56239015817224,39.33216168717048,49.06854130052725,24.99121265377856,17.188049209138843,55.2548330404218,64.3585237258348,15.746924428822496,73.25131810193322,78.94551845342707,32.26713532513181,63.79613356766257,75.00878734622145,54.692442882249566,73.11072056239017,50.22847100175748,39.33216168717048,71.49384885764499,26.818980667838314,58.418277680140605,58.13708260105449,76.76625659050967,52.72407732864675,65.5536028119508,78.5237258347979,9.244288224956064,50.54481546572936,27.80316344463972,39.12126537785589,66.25659050966608,65.48330404217927,23.057996485061512,90.22847100175748,65.37785588752197,55.2548330404218,37.57469244288225,84.71001757469244
CCC(CC)COC[C@]1(C(CC)CC)O[C@@](C#N)(c2ccc3c(N)ncnn23)[C@H](O)[C@@H]1O,445.5640000000001,2.41018,8,3,4.0,0.5065776412996065,4,138.92,0,0,0,0.3462019,0.38047117,0.8503022,0.0021710917,0.09059834,0.1088625,0.10958227,0.10001008,0.023424532,0.7129327,0.5624355,0.03982704,0.3919539,0.7500299,0.9894616,0.036839936,0.07429101,0.06669084,0.14738768,0.02895413,0.061967116,0.042038843,0.6673997,0.49093127,0.29467732,0.07594542,0.06903443,0.20666118,0.17175156,0.16359022,0.66793835,-5.297309,49.34847,85.51686,42.369823,-16.389883,3.3999372,3.4130454,95.99208,-4.739856,12.131533,74.86818980667839,50.790861159929705,84.51669595782074,78.20738137082601,63.44463971880493,47.24077328646749,81.28295254833041,83.30404217926187,47.59226713532514,25.869947275922677,37.188049209138846,64.9560632688928,24.04217926186292,63.40949033391916,18.558875219683657,50.22847100175748,40.105448154657296,67.06502636203867,47.697715289982426,37.609841827768015,82.74165202108964,84.60456942003516,14.305799648506152,85.76449912126539,69.17398945518454,39.43760984182777,78.69947275922672,86.67838312829527,66.78383128295255,81.51142355008788,62.636203866432346,32.513181019332166,77.9261862917399,41.93321616871705,77.50439367311073,70.12302284710019,82.35500878734622,78.27768014059755,74.30579964850615,81.96836555360282,8.435852372583481,70.65026362038665,30.896309314587,63.23374340949034,86.32688927943762,77.11775043936731,27.697715289982423,92.93497363796136,87.20562390158173,80.7029876977153,18.137082601054484,93.0755711775044
CC(=O)O[C@@H]1[C@H](O)[C@@H](C=O)O[C@@]1(C#N)c1ccc2c(N)ncnn12,331.288,-1.0793200000000005,9,2,4.0,0.5278072516659763,4,152.83,0,1,1,0.73630345,0.48898983,0.73587954,0.00036828153,0.0038496864,0.068384014,0.0018502545,0.010534866,0.0036855764,0.1981365,0.0012647858,0.1155452,0.33060557,0.83446485,0.6890997,0.016147474,0.027231287,0.012715751,0.009755731,0.010925603,0.090379804,0.0044254274,0.043519415,0.0023745121,0.08452948,0.0223382,0.012400964,0.0048331846,0.14341119,0.44002348,0.049136974,-5.452817,9.793765,24.80503,-6.4242325,-18.201548,3.0409477,0.37692392,60.651093,-3.068981,-2.783352,49.34973637961336,14.376098418277682,88.08435852372584,61.37082601054482,63.44463971880493,50.08787346221442,81.28295254833041,86.29173989455185,47.59226713532514,66.52021089630932,83.09314586994728,92.75922671353251,32.09138840070299,38.34797891036907,9.771528998242532,6.572934973637962,27.521968365553604,12.829525483304044,13.181019332161688,11.810193321616874,26.60808435852373,19.789103690685412,35.21968365553603,81.75746924428823,75.46572934973639,19.33216168717048,60.77328646748683,52.26713532513182,43.09314586994728,40.0,38.4182776801406,51.17750439367312,43.33919156414763,13.145869947275925,20.84358523725835,40.105448154657296,65.90509666080844,45.30755711775044,28.435852372583483,79.12126537785589,39.19156414762742,23.90158172231986,24.9560632688928,25.65905096660809,49.38488576449912,11.775043936731109,20.984182776801408,83.47978910369069,36.09841827768015,36.8365553602812,51.56414762741653,11.212653778558876
CCC(C)COC[C@H]1O[C@@](C#N)(c2cc(C)c3c(N)ncnn23)[C@H](O)[C@@H]1O,375.429,0.5220999999999996,8,3,4.0,0.6640235387130814,5,138.92,0,0,0,0.63195753,0.329716,0.86699647,0.00078836305,0.014492117,0.08364506,0.007149321,0.04435333,0.0062735556,0.46186838,0.030802468,0.049334913,0.35787374,0.8084013,0.9442644,0.033425942,0.046606652,0.023536392,0.058771543,0.02291667,0.085792184,0.026857734,0.27512378,0.06276079,0.15071848,0.057864986,0.024847368,0.06795414,0.20786624,0.27482858,0.26077503,-5.38616,20.077822,47.84562,22.408466,-17.65509,3.5041947,2.1489034,79.756615,-3.6171653,6.9815607,59.68365553602813,27.346221441124783,84.51669595782074,78.20738137082601,63.44463971880493,69.24428822495607,85.04393673110721,83.30404217926187,47.59226713532514,25.869947275922677,37.188049209138846,87.97891036906854,21.01933216168717,67.66256590509667,12.759226713532517,21.0896309314587,31.95079086115993,27.135325131810195,28.365553602811957,18.66432337434095,51.493848857645,44.463971880492096,16.203866432337435,83.69068541300528,73.1810193321617,30.36906854130053,76.80140597539544,74.58699472759227,51.70474516695958,66.88927943760984,57.85588752196837,48.471001757469246,72.12653778558875,25.37785588752197,48.08435852372584,54.6572934973638,79.15641476274166,58.80492091388401,59.0158172231986,85.41300527240774,18.066783831282955,47.5219683655536,27.205623901581724,37.50439367311073,67.20562390158173,61.230228471001766,23.2688927943761,94.44639718804922,64.92091388400704,55.67662565905097,39.89455184534271,82.24956063268894
CCC(CC)COC(=O)CN[P@](=O)(O)Oc1ccc(C)cc1,329.333,3.0432200000000007,4,2,4.0,0.5349403530413623,1,84.86,0,1,2,0.08092549,0.84539586,0.87210894,0.1615245,0.29740492,0.34265465,0.10767297,0.3664456,0.20878796,0.60822666,0.15810429,0.19776483,0.18746416,0.34954256,0.9985989,0.008958717,0.03001279,0.03277438,0.031270053,0.02674758,0.12503676,0.04338041,0.9184138,0.30388582,0.108847044,0.007757789,0.020553159,0.078662835,0.015580779,0.51427615,0.569012,-5.1321297,57.87735,68.41195,7.6719804,-9.285924,2.6626897,2.582707,85.62245,-2.2799332,5.050807,48.99824253075572,61.89806678383129,48.55887521968366,61.37082601054482,63.44463971880493,51.07205623901582,55.32513181019333,57.9261862917399,47.59226713532514,66.52021089630932,95.07908611599298,22.987697715289983,61.86291739894553,69.17398945518454,62.56590509666081,74.13005272407733,91.84534270650263,66.71353251318102,81.01933216168717,71.77504393673111,68.64674868189807,64.3585237258348,58.31282952548331,68.15465729349737,46.67838312829526,53.49736379613357,44.07732864674868,56.555360281195085,56.66080843585237,56.13356766256591,60.98418277680141,67.87346221441125,78.34797891036908,69.20913884007031,69.03339191564149,46.36203866432338,45.72934973637962,55.67662565905097,61.08963093145871,37.15289982425308,48.89279437609842,66.25659050966608,39.22671353251319,69.17398945518454,80.03514938488577,35.746924428822496,75.1493848857645,63.58523725834799,72.54833040421794,62.108963093145874,66.01054481546574,74.69244288224957
CCC(CC)COC(=O)[C@H](CC(=O)O)N[P@](=O)(O)Oc1ccccc1,373.3420000000001,2.578100000000001,5,3,4.0,0.399563454556702,2,122.16000000000004,0,1,2,0.0879231,0.5193569,0.70729953,0.08090441,0.14709142,0.23591717,0.09688194,0.07663978,0.18710232,0.29481155,0.036601406,0.34339952,0.27670345,0.38747722,0.69230413,0.018875256,0.051183175,0.023656681,0.02333083,0.068104506,0.21683934,0.080568396,0.19610754,0.09678686,0.12908748,0.016722817,0.02750715,0.022525337,0.032089557,0.4799362,0.2346873,-5.668601,22.586277,36.322334,-12.1749325,-13.385991,2.7274165,0.7564807,82.77111,-1.8441474,0.9781804,59.367311072056246,53.919156414762746,61.880492091388405,78.20738137082601,63.44463971880493,33.00527240773287,69.84182776801407,79.5079086115993,47.59226713532514,66.52021089630932,95.07908611599298,24.60456942003515,34.20035149384886,34.27065026362039,52.68892794376099,59.19156414762743,77.08260105448156,65.41300527240774,40.17574692442883,70.61511423550088,37.188049209138846,46.39718804920914,82.31985940246047,77.25834797891038,48.927943760984185,19.36731107205624,64.4639718804921,77.60984182776802,51.70474516695958,52.4780316344464,81.12478031634447,85.20210896309315,85.65905096660809,22.03866432337434,52.4780316344464,50.54481546572936,61.335676625659055,60.597539543058005,44.147627416520216,51.81019332161688,44.3585237258348,45.37785588752197,20.105448154657296,40.87873462214412,59.08611599297013,5.940246045694201,45.30755711775044,67.97891036906854,42.42530755711776,58.87521968365554,73.21616871704745,45.27240773286468
CCC(CC)COC[C@H]1O[C@@](C#N)(c2ccc3c(N)ncnn23)[C@H](O)[C@@H]1OC(C)=O,417.4660000000001,1.1745799999999995,9,2,4.0,0.60447931135507,4,144.99,0,0,0,0.5394033,0.3470977,0.80588675,0.0014735241,0.03467893,0.10275598,0.02668277,0.056621797,0.028681124,0.48434496,0.10730596,0.08197217,0.4688035,0.75477755,0.882449,0.032577515,0.054086696,0.026053715,0.074471444,0.033363454,0.09786098,0.029832995,0.25951263,0.10624943,0.186773,0.054886144,0.049365006,0.055443354,0.19190851,0.2831908,0.35008237,-5.210578,36.94309,65.06665,18.894068,-16.272636,3.459603,2.3361409,81.13159,-4.0654054,7.0187516,69.63093145869948,33.88400702987698,88.08435852372584,61.37082601054482,63.44463971880493,60.702987697715294,81.28295254833041,84.85061511423551,47.59226713532514,25.869947275922677,37.188049209138846,82.00351493848858,22.00351493848858,52.02108963093146,16.203866432337435,34.13005272407733,38.20738137082601,46.08084358523726,32.653778558875224,40.63268892794377,53.84885764499122,59.19156414762743,24.9560632688928,90.7908611599297,69.56063268892795,25.65905096660809,76.41476274165203,79.15641476274166,53.25131810193322,70.36906854130054,65.90509666080844,55.50087873462215,73.49736379613357,24.67486818980668,53.53251318101934,59.89455184534271,78.59402460456943,72.19683655536029,56.09841827768015,83.83128295254834,19.191564147627417,54.62214411247804,35.21968365553603,54.6572934973638,77.89103690685414,56.239015817223205,28.18980667838313,93.77855887521967,67.83831282952549,56.90685413005273,31.00175746924429,82.31985940246047
CCc1cccc(O[P@@](=O)(O)N[C@@H](C)C(=O)OCC(CC)CC)c1,357.38700000000017,3.6857000000000015,4,2,4.0,0.4907069618076688,2,84.86,0,1,2,0.105324164,0.76780415,0.8267034,0.25253457,0.32254094,0.31460792,0.15667298,0.42545956,0.32081524,0.65134937,0.38042703,0.18996713,0.19883093,0.36132202,0.9977829,0.012870967,0.03846764,0.04985391,0.072010234,0.04183004,0.13729449,0.06925337,0.9089483,0.5020416,0.16351554,0.0110504655,0.03870415,0.1881743,0.033253845,0.504337,0.7002145,-5.158523,52.59444,74.735306,15.699547,-9.726983,2.939628,3.1306949,90.32505,-2.9475715,5.6710663,55.21968365553603,72.23198594024605,48.55887521968366,61.37082601054482,63.44463971880493,45.02636203866432,69.84182776801407,57.9261862917399,47.59226713532514,66.52021089630932,95.07908611599298,28.681898066783837,54.1652021089631,57.25834797891037,69.8066783831283,75.60632688927944,88.8224956063269,72.12653778558875,83.83128295254834,78.31282952548331,74.0597539543058,77.99648506151144,56.48506151142355,69.77152899824253,47.48681898066784,49.63093145869948,54.09490333919157,67.76801405975397,62.601054481546576,69.8066783831283,71.59929701230229,71.59929701230229,84.11247803163445,67.38137082601055,77.89103690685414,56.73110720562391,53.53251318101934,67.20562390158173,73.00527240773287,52.40773286467487,47.20562390158173,71.95079086115993,37.68014059753955,65.79964850615114,82.2847100175747,50.333919156414765,72.37258347978911,79.36731107205624,81.86291739894553,70.01757469244289,53.81370826010545,77.39894551845343
CCC(C)C(CC)COC[C@H]1O[C@@](C#N)(c2ccc3c(N)ncnn23)[C@H](O)[C@@H]1O,403.48300000000006,1.2398799999999996,8,3,4.0,0.5981705120384957,6,138.92,0,0,0,0.53129697,0.28941834,0.8258979,0.0016023818,0.028638992,0.07352775,0.020669784,0.06376394,0.017753264,0.5131362,0.09489934,0.054320533,0.44904175,0.66945636,0.9244021,0.035069425,0.05132076,0.031126391,0.06847294,0.033053912,0.091304004,0.034997262,0.2866811,0.13555558,0.15509677,0.057884533,0.03903784,0.08381991,0.19124755,0.27864283,0.392783,-5.4329844,25.508404,58.319904,34.639606,-17.630945,3.5240445,2.5559402,86.490005,-4.0807395,10.573598,66.08084358523726,34.58699472759227,84.51669595782074,78.20738137082601,63.44463971880493,59.82425307557119,88.10193321616873,83.30404217926187,47.59226713532514,25.869947275922677,37.188049209138846,81.26537785588754,18.488576449912127,56.90685413005273,16.660808435852374,31.107205623901585,28.96309314586995,41.792618629174,34.86818980667839,33.35676625659051,57.50439367311073,57.25834797891037,17.539543057996486,89.94727592267137,63.90158172231987,28.08435852372584,77.9261862917399,77.68014059753955,56.239015817223205,69.03339191564149,65.79964850615114,51.77504393673111,75.32513181019333,25.76449912126538,56.73110720562391,55.46572934973639,79.15641476274166,67.41652021089631,62.03866432337435,83.76098418277681,18.594024604569423,57.25834797891037,25.65905096660809,44.11247803163445,73.95430579964851,72.16168717047452,23.374340949033392,94.76274165202108,72.16168717047452,63.514938488576455,30.544815465729357,91.07205623901582
CCC(C)COC[C@H]1O[C@@](C#N)(c2ccc3c(N)ncnn23)[C@H](O)[C@@]1(C)O,375.429,0.60378,8,3,4.0,0.6670354023870415,5,138.92,0,0,0,0.5407163,0.34159788,0.88989687,0.0011316213,0.021330262,0.09700234,0.015213683,0.051349036,0.0045048157,0.48178214,0.068865575,0.053076975,0.33655518,0.82058936,0.97593117,0.024193717,0.046940953,0.0308639,0.065598294,0.018412745,0.07334609,0.016318712,0.3484393,0.05872152,0.14333993,0.046881717,0.023607813,0.05306346,0.14564747,0.21497445,0.27286777,-5.344817,23.836111,48.12284,20.414167,-17.256914,3.437194,2.0261345,74.71678,-3.670279,6.763303,59.68365553602813,28.014059753954307,84.51669595782074,78.20738137082601,63.44463971880493,69.66608084358525,85.04393673110721,83.30404217926187,47.59226713532514,25.869947275922677,37.188049209138846,82.10896309314587,21.79261862917399,75.21968365553603,14.762741652021091,26.36203866432337,36.30931458699473,37.50439367311073,30.57996485061512,14.0597539543058,53.67311072056239,53.42706502636205,17.258347978910372,82.1792618629174,74.30579964850615,34.692442882249566,70.96660808435853,74.79789103690686,56.13356766256591,68.57644991212655,52.61862917398946,41.652021089630935,65.13181019332163,28.014059753954307,47.5219683655536,53.18101933216169,76.37961335676626,58.101933216168725,55.60632688927944,79.47275922671353,12.829525483304044,48.506151142355016,28.822495606326893,42.46045694200352,67.34622144112478,58.59402460456943,24.46397188049209,93.53251318101934,63.02284710017575,50.82601054481547,38.94551845342707,81.23022847100177
CCC(CC)C(OC[C@H]1O[C@@](C#N)(c2ccc3c(N)ncnn23)[C@H](O)[C@@H]1O)C(=O)O,419.4380000000001,0.0569800000000004,9,4,4.0,0.4572542429755089,5,176.21999999999997,0,0,0,0.30236715,0.110027194,0.73549765,2.3883345e-05,0.0020790156,0.0272495,0.0017690903,0.0029122538,0.0014505637,0.11033054,0.000854054,0.041288383,0.29454497,0.83524877,0.39658025,0.0081576025,0.03944197,0.0022819596,0.0042926758,0.0073904283,0.06500168,0.0030847932,0.0060242326,0.003032343,0.027028244,0.00743181,0.002992952,0.0018031854,0.06533714,0.18300103,0.031975202,-6.1283717,2.0191078,27.672735,-4.442037,-23.247414,2.945212,0.0059290887,67.00444,-2.9409199,0.9195787,69.98242530755712,23.233743409490337,88.08435852372584,86.90685413005274,63.44463971880493,41.12478031634447,85.04393673110721,89.45518453427066,47.59226713532514,25.869947275922677,37.188049209138846,60.56239015817224,8.295254833040422,38.31282952548331,4.885764499121266,3.9718804920913886,14.762741652021091,12.4780316344464,7.100175746924429,4.499121265377856,16.766256590509666,17.258347978910372,14.551845342706503,78.66432337434095,75.53602811950792,13.919156414762742,41.44112478031635,68.7170474516696,15.85237258347979,27.94376098418278,27.17047451669596,34.797891036906854,36.59050966608085,6.71353251318102,23.09314586994728,14.692442882249562,45.061511423550094,19.64850615114236,17.680140597539545,64.74516695957821,9.736379613356767,18.980667838312836,12.126537785588754,16.379613356766257,51.95079086115994,15.043936731107207,11.458699472759228,79.57820738137083,30.68541300527241,43.09314586994728,53.88400702987698,44.60456942003516
CCCC(CC)OC(=O)O,146.186,2.2597,2,1,4.0,0.6185844963456764,1,46.53,0,0,0,0.014335051,0.7753946,0.9087313,0.021311069,0.034879733,0.35359997,0.021663547,0.0812729,0.0061562518,0.21722981,0.0002381244,0.2895199,0.034151576,0.42356086,0.99318206,0.002478036,0.008618139,0.0023097836,0.0019399582,0.0087702675,0.05404506,0.023787204,0.64577353,0.0065678456,0.024186423,0.001478981,0.0054773716,0.006551098,0.0034942504,0.42165685,0.023354238,-4.2383704,73.50592,21.902348,-16.049488,-5.327746,1.6255678,0.28533855,61.78825,-1.5347656,0.2961281,8.822495606326891,48.29525483304042,17.10017574692443,36.59050966608085,63.44463971880493,62.70650263620387,55.32513181019333,28.26010544815466,47.59226713532514,25.869947275922677,37.188049209138846,3.655536028119508,54.93848857644992,82.35500878734622,37.68014059753955,34.235500878734626,92.51318101933217,42.49560632688928,41.968365553602816,18.558875219683657,28.752196836555363,8.752196836555362,75.39543057996485,22.49560632688928,51.21265377855888,42.31985940246046,14.868189806678384,14.868189806678384,15.992970123022848,18.066783831282955,31.634446397188054,24.99121265377856,70.50966608084359,40.94903339191565,29.455184534270654,12.688927943760984,20.421792618629176,29.630931458699475,31.45869947275923,15.746924428822496,37.11775043936731,14.446397188049213,94.58699472759228,76.41476274165203,46.5377855887522,3.3743409490333924,92.51318101933217,8.435852372583481,34.41124780316345,37.85588752196837,77.04745166959579,38.10193321616872
CCCCC(CC)COC(=O)[C@H](C)N[P@](=O)(O)Oc1ccccc1,357.38700000000006,3.903500000000003,4,2,4.0,0.4614088838189694,3,84.86,0,1,2,0.060468722,0.8531082,0.77161014,0.23345976,0.36942142,0.3381232,0.23212346,0.34160587,0.33664313,0.6252434,0.28713116,0.21415535,0.16237551,0.3423222,0.9983212,0.011648821,0.028206816,0.040480398,0.07073007,0.048451044,0.15875252,0.10588555,0.9011596,0.5538446,0.18833333,0.008830147,0.06180787,0.21365884,0.03289193,0.5975839,0.70032656,-5.1327505,54.49367,70.937744,17.549881,-9.452948,2.8637345,3.0580952,90.52179,-2.9060054,6.710762,55.21968365553603,75.64147627416521,48.55887521968366,61.37082601054482,63.44463971880493,41.61687170474517,76.60808435852373,57.9261862917399,47.59226713532514,66.52021089630932,95.07908611599298,16.485061511423552,62.42530755711776,45.02636203866432,68.33040421792619,78.94551845342707,91.38840070298772,77.68014059753955,79.5079086115993,79.19156414762742,70.43936731107206,73.28646748681899,62.53075571177505,64.11247803163445,46.25659050966608,51.95079086115994,51.35325131810194,53.919156414762746,59.367311072056246,69.45518453427066,74.6572934973638,77.08260105448156,88.64674868189807,65.48330404217927,79.68365553602813,60.03514938488577,48.26010544815466,76.52021089630932,74.6572934973638,52.337434094903344,60.281195079086125,71.95079086115993,39.19156414762742,66.99472759226714,81.05448154657294,53.88400702987698,73.88400702987698,75.64147627416521,80.73813708260106,70.40421792618629,54.58699472759227,81.01933216168717
CCC(CCCC(CC)COC(=O)O)COC(=O)O,276.32899999999995,3.598300000000002,4,2,4.0,0.5920531533230665,2,93.06000000000002,0,0,0,0.014283064,0.58539325,0.7455197,0.013308304,0.042824663,0.18524015,0.034299858,0.052324217,0.085378334,0.17514157,0.0008243363,0.32310665,0.11771725,0.22552493,0.8453663,0.0020720435,0.00878448,0.0015040578,0.0021424047,0.023890752,0.09594341,0.026270915,0.19751324,0.017162366,0.048851106,0.00095057226,0.005418251,0.0050502,0.0039014574,0.5264879,0.06785134,-4.77794,65.192154,32.237316,-21.696299,-8.749469,1.7719753,0.19943173,89.12411,-3.3528938,-0.40229368,33.602811950790866,70.96660808435853,48.55887521968366,61.37082601054482,63.44463971880493,58.94551845342707,69.84182776801407,63.77855887521969,47.59226713532514,25.869947275922677,37.188049209138846,3.655536028119508,39.26186291739895,40.21089630931459,32.970123022847105,37.926186291739896,66.6432337434095,49.87697715289983,31.036906854130056,57.46924428822496,24.077328646748683,17.012302284710017,79.96485061511424,55.28998242530757,36.977152899824254,23.97188049209139,12.02108963093146,15.289982425307558,12.40773286467487,19.40246045694201,58.734622144112485,54.692442882249566,71.73989455184535,22.1792618629174,37.25834797891037,26.678383128295252,14.903339191564148,29.525483304042183,28.822495606326893,17.047451669595784,50.82601054481547,27.521968365553604,61.15992970123023,72.58347978910369,55.88752196836556,1.722319859402461,78.24253075571178,12.864674868189809,33.46221441124781,67.97891036906854,44.74516695957821,31.915641476274168
CCC(C)COC[C@H]1O[C@@](C#N)(c2ccc3c(N)nc(C)nn23)[C@H](O)[C@@H]1O,375.429,0.5220999999999996,8,3,4.0,0.6640235387130814,5,138.92,0,0,0,0.67741156,0.35003313,0.84769326,0.0008083541,0.019887855,0.06256014,0.0073015885,0.053011436,0.010532154,0.4641699,0.030828197,0.039951485,0.3597805,0.6925206,0.92800486,0.040391475,0.059797037,0.021625325,0.03913443,0.02601763,0.10161887,0.018738145,0.27699214,0.07485006,0.11740041,0.047537066,0.015528733,0.05993132,0.16288774,0.32252923,0.284222,-5.5527625,4.720205,35.54906,15.172827,-18.696356,3.6330707,1.4694054,69.46991,-3.0698495,4.606405,59.68365553602813,27.346221441124783,84.51669595782074,78.20738137082601,63.44463971880493,69.24428822495607,85.04393673110721,83.30404217926187,47.59226713532514,25.869947275922677,37.188049209138846,90.36906854130054,22.214411247803167,62.88224956063269,12.829525483304044,25.342706502636204,25.83479789103691,27.416520210896312,31.282952548330407,25.76449912126538,51.84534270650264,44.463971880492096,14.376098418277682,83.8664323374341,65.23725834797892,28.50615114235501,80.56239015817224,81.86291739894553,50.26362038664324,59.64850615114237,60.21089630931459,57.644991212653785,66.92442882249561,25.4481546572935,49.84182776801406,48.40070298769772,76.52021089630932,49.560632688927946,57.08260105448155,81.15992970123024,24.14762741652021,49.3145869947276,22.601054481546576,19.43760984182777,58.558875219683664,49.3145869947276,19.75395430579965,96.06326889279438,53.145869947275926,45.30755711775044,51.56414762741653,72.37258347978911
CCC(C=O)CCC(C=O)CC,170.25199999999998,2.2168,2,0,4.0,0.5488776478821094,2,34.14,0,1,1,0.33357733,0.9873308,0.895821,0.19534531,0.06511393,0.21058789,0.011507975,0.19957384,0.0045924513,0.44496208,0.0040057823,0.27312824,0.029156689,0.20516095,0.9998876,0.006849269,0.008402301,0.0028516683,0.0027453036,0.0031822827,0.028764624,0.006442065,0.9816419,0.0027055354,0.026978526,0.0033815682,0.015941298,0.0013855945,0.0044305464,0.8176233,0.045010094,-3.8968441,113.5095,51.33617,13.330145,-4.1693816,1.5115029,1.5505738,44.332176,-1.659962,1.2238271,12.899824253075572,47.80316344463972,17.10017574692443,11.63444639718805,63.44463971880493,53.25131810193322,69.84182776801407,17.521968365553604,47.59226713532514,66.52021089630932,83.09314586994728,63.69068541300528,94.34094903339192,77.39894551845343,65.13181019332163,44.53427065026362,72.26713532513182,33.98945518453427,67.83831282952549,14.340949033391915,50.017574692442885,27.732864674868196,73.04042179261863,18.699472759226715,35.008787346221446,73.1810193321617,36.344463971880494,14.094903339191566,18.4182776801406,22.31985940246046,10.650263620386644,5.588752196836555,49.98242530755712,93.60281195079088,22.073813708260108,14.657293497363796,31.95079086115993,50.298769771529,15.571177504393674,18.910369068541304,86.60808435852374,23.09314586994728,99.12126537785588,91.8804920913884,69.8066783831283,46.115992970123024,94.79789103690686,5.413005272407734,54.41124780316345,23.866432337434095,75.39543057996485,48.36555360281196
CCC(CC)COC(=O)[C@H](C)N[P@](=O)(O)Oc1ccccc1,329.333,3.1233000000000013,4,2,4.0,0.5347287835081511,2,84.86,0,1,2,0.062090553,0.7871674,0.8223669,0.16890219,0.22307065,0.33692592,0.12179987,0.29183534,0.23442188,0.5190556,0.113505244,0.22674306,0.16277763,0.31931844,0.9944849,0.011794535,0.030478641,0.03121593,0.03740867,0.03779778,0.146851,0.074988626,0.83063823,0.28978762,0.11834552,0.0076451353,0.034867845,0.09683069,0.022574248,0.5411097,0.5068666,-5.097665,45.98506,59.173473,11.236341,-9.694735,2.9588976,2.6517098,82.65617,-2.2447724,4.897634,48.99824253075572,62.88224956063269,48.55887521968366,61.37082601054482,63.44463971880493,51.07205623901582,69.84182776801407,57.9261862917399,47.59226713532514,66.52021089630932,95.07908611599298,16.801405975395433,56.06326889279438,55.99297012302285,62.98769771528999,67.48681898066785,91.31810193321616,68.47100175746925,76.30931458699473,73.46221441124781,58.03163444639719,59.89455184534271,64.88576449912127,64.14762741652022,44.53427065026362,43.65553602811951,51.70474516695958,57.25834797891037,56.239015817223205,58.87521968365554,69.27943760984184,73.60281195079087,84.78031634446398,55.008787346221446,68.33040421792619,48.57644991212654,45.51845342706503,64.49912126537787,64.07732864674868,44.71001757469244,52.513181019332166,63.05799648506152,40.38664323374341,60.98418277680141,74.41124780316345,42.1792618629174,72.37258347978911,80.17574692442884,73.60281195079087,58.62917398945519,66.78383128295255,73.84885764499121
CCC(C)COC(C)[C@H]1O[C@@](C#N)(c2ccc3c(N)ncnn23)[C@H](O)[C@@H]1O,375.429,0.6021799999999995,8,3,4.0,0.6669779526047589,6,138.92,0,0,0,0.4818774,0.25042436,0.85489637,0.0006893765,0.020323265,0.07868338,0.012119316,0.035032965,0.005432302,0.40960297,0.034172658,0.049829163,0.3414337,0.8019654,0.92119694,0.022994371,0.04199317,0.02546159,0.05595556,0.022695832,0.0845245,0.019679999,0.20560531,0.05657938,0.12920368,0.04640668,0.020556169,0.055421244,0.16004941,0.21587527,0.2424794,-5.504243,14.557266,43.24012,23.42122,-18.638672,3.460202,1.8825868,76.36655,-3.5396488,7.360425,59.68365553602813,28.014059753954307,84.51669595782074,78.20738137082601,63.44463971880493,69.66608084358525,88.10193321616873,83.30404217926187,47.59226713532514,25.869947275922677,37.188049209138846,77.50439367311073,15.782073813708262,64.71001757469244,12.16168717047452,25.62390158172232,30.439367311072058,34.833040421792624,24.710017574692444,16.660808435852374,47.20562390158173,45.48330404217926,16.414762741652023,82.60105448154658,72.54833040421794,27.978910369068544,69.63093145869948,70.75571177504395,52.86467486818981,65.90509666080844,57.78558875219685,47.697715289982426,67.69771528998243,22.42530755711775,47.20562390158173,50.57996485061512,76.20386643233743,55.67662565905097,56.09841827768015,80.8084358523726,12.934973637961336,45.834797891036914,23.690685413005276,30.826010544815468,64.14762741652022,62.108963093145874,19.859402460456945,93.77855887521967,59.92970123022848,52.196836555360285,41.54657293497364,83.16344463971882
CCC(COC[C@H]1O[C@@](C#N)(c2ccc3c(N)ncnn23)[C@H](O)[C@@H]1O)C(C)C(=O)O,419.4380000000001,-0.0855199999999996,9,4,4.0,0.4521930796459964,6,176.21999999999997,0,0,0,0.36850286,0.13785961,0.72091347,3.937224e-05,0.0031290234,0.031554464,0.0025074696,0.005144471,0.0016366743,0.1555882,0.0019728965,0.040658124,0.32777378,0.76533914,0.47470742,0.01297345,0.0434992,0.0035100412,0.008499981,0.011332551,0.06443708,0.005874432,0.0117011545,0.004569873,0.036972977,0.012256924,0.006517534,0.0037626694,0.09383206,0.2098701,0.057288595,-6.093792,-3.8696618,20.772871,-6.9452467,-23.482357,3.009054,-0.22649887,59.01609,-2.87729,-0.5647259,69.98242530755712,21.40597539543058,88.08435852372584,86.90685413005274,63.44463971880493,40.0,88.10193321616873,89.45518453427066,47.59226713532514,25.869947275922677,37.188049209138846,67.1353251318102,10.017574692442883,36.09841827768015,5.553602811950792,5.518453427065027,16.379613356766257,15.430579964850615,9.455184534270652,5.061511423550089,22.1792618629174,22.39015817223199,14.411247803163446,81.54657293497364,70.08787346221442,15.254833040421794,54.23550087873463,72.16168717047452,22.1792618629174,37.53954305799649,39.29701230228471,34.340949033391915,48.29525483304042,8.189806678383128,26.36203866432337,20.45694200351494,55.81722319859403,32.653778558875224,25.483304042179263,72.23198594024605,12.196836555360282,25.83479789103691,12.618629173989456,12.548330404217928,45.62390158172232,11.107205623901583,11.142355008787348,82.2847100175747,27.029876977152902,35.430579964850615,54.93848857644992,30.158172231985944
CCC(CC)COC[C@]1(C)O[C@@](C#N)(c2ccc3c(N)ncnn23)[C@H](O)[C@@H]1O,389.4560000000001,0.9938799999999997,8,3,4.0,0.6370784227160017,4,138.92,0,0,0,0.47869188,0.2969138,0.84623015,0.00056927756,0.016222548,0.079590544,0.013734831,0.046669252,0.0070477314,0.4795637,0.084394515,0.042370703,0.37666684,0.74733,0.95659864,0.03225314,0.05985018,0.022770122,0.05804824,0.01962502,0.06975503,0.022584261,0.27179623,0.087879226,0.13658164,0.047564887,0.031596854,0.051685672,0.17390439,0.2234256,0.29368293,-5.409839,28.318457,53.625927,26.413387,-17.679945,3.3214195,2.2096572,81.701035,-3.9238403,8.507283,62.98769771528999,31.810193321616875,84.51669595782074,78.20738137082601,63.44463971880493,64.78031634446398,81.28295254833041,83.30404217926187,47.59226713532514,25.869947275922677,37.188049209138846,77.22319859402461,19.121265377855888,62.17926186291741,11.458699472759228,22.601054481546576,30.826010544815468,36.27416520210897,29.244288224956065,20.52724077328647,53.53251318101934,55.782073813708266,14.797891036906856,84.88576449912128,68.96309314586995,31.423550087873465,76.37961335676626,81.8980667838313,51.17750439367312,66.78383128295255,54.09490333919157,39.08611599297013,69.98242530755712,25.27240773286468,51.493848857645,51.880492091388405,76.52021089630932,62.98769771528999,55.28998242530757,82.1792618629174,13.462214411247803,49.98242530755712,26.186291739894557,46.88927943760984,71.24780316344464,65.62390158172232,23.19859402460457,90.82601054481547,66.0456942003515,57.60984182776802,33.77855887521969,86.46748681898067
CCC(CC)COC[C@H]1O[C@@](C#N)(c2ccc3c(N)ncnn23)[C@H](OP(=O)(O)O)[C@@H]1O,455.4080000000001,0.7207799999999993,9,4,4.0,0.3903770981305612,4,185.45,0,1,0,0.17508993,0.18211158,0.46884698,0.0015826663,0.09210664,0.051342405,0.06012612,0.012641156,0.09913536,0.21180454,0.02934901,0.14661162,0.50850886,0.6746646,0.29396898,0.019712383,0.069768146,0.021431673,0.054609735,0.07029405,0.19581147,0.017740753,0.0171216,0.052323002,0.14627889,0.031060943,0.016570678,0.027428444,0.14155486,0.18417518,0.24707937,-6.4239755,10.787145,48.833393,13.029486,-23.353283,2.7344768,1.1645465,75.52916,-2.161995,4.938938,76.69595782073814,29.279437609841832,88.08435852372584,86.90685413005274,63.44463971880493,32.056239015817226,81.28295254833041,90.61511423550088,47.59226713532514,66.52021089630932,37.188049209138846,42.1792618629174,12.302284710017576,15.360281195079088,16.660808435852374,50.474516695957824,22.81195079086116,58.06678383128296,14.094903339191566,60.24604569420036,27.94376098418278,44.00702987697716,44.9560632688928,92.89982425307558,64.28822495606327,12.09138840070299,65.65905096660809,85.58875219683657,50.26362038664324,65.41300527240774,81.61687170474518,83.12829525483305,66.18629173989456,9.420035149384889,46.326889279437616,53.74340949033392,70.33391915641477,51.24780316344464,46.326889279437616,79.05096660808437,9.806678383128297,46.1511423550088,9.2091388400703,26.889279437609844,67.90861159929702,45.62390158172232,11.282952548330403,68.29525483304043,47.80316344463972,51.52899824253076,68.26010544815466,73.98945518453428
CCCC(C)COC(=O)[C@H](C)N[P@](=O)(O)Oc1ccccc1,329.333,3.1233000000000013,4,2,4.0,0.5347287835081511,3,84.86,0,1,2,0.084611066,0.8166277,0.82558954,0.18847688,0.3155044,0.35308167,0.15292947,0.29503474,0.24363434,0.570012,0.14290884,0.237976,0.15163366,0.3429156,0.99680674,0.011129998,0.025467703,0.03726863,0.054378413,0.044231527,0.16002889,0.09629591,0.8737499,0.352194,0.15701129,0.009701599,0.046208944,0.16099519,0.029915359,0.57935137,0.54972553,-5.1090636,47.929775,60.053734,6.354132,-9.69435,2.9246898,2.6806407,83.621445,-2.2876277,4.2544336,48.99824253075572,62.88224956063269,48.55887521968366,61.37082601054482,63.44463971880493,51.07205623901582,76.60808435852373,57.9261862917399,47.59226713532514,66.52021089630932,95.07908611599298,23.7609841827768,59.0158172231986,56.90685413005273,64.32337434094904,75.2548330404218,92.51318101933217,71.66959578207381,76.55536028119509,74.13005272407733,63.69068541300528,63.198594024604574,66.46748681898067,62.14411247803164,46.25659050966608,47.5219683655536,50.15817223198594,49.73637961335677,58.20738137082601,65.30755711775045,72.79437609841828,77.29349736379613,87.41652021089632,60.73813708260106,71.38840070298771,55.64147627416521,50.36906854130053,70.86115992970123,70.50966608084359,50.790861159929705,57.60984182776802,65.48330404217927,39.96485061511424,62.42530755711776,75.00878734622145,33.67311072056239,72.37258347978911,78.80492091388402,74.20035149384887,60.00000000000001,65.83479789103691,70.57996485061513
CCC(C)COC[C@H]1O[C@@](C#N)(c2ccc3c(N)ncnn23)[C@@](C)(O)[C@@H]1O,375.429,0.6037799999999998,8,3,4.0,0.6670354023870415,5,138.92,0,0,0,0.5745471,0.35313493,0.87767565,0.0010493227,0.021397963,0.09071411,0.013634136,0.045980543,0.0046027587,0.4665711,0.06562485,0.05269,0.3167449,0.79584754,0.9728569,0.025893461,0.04334285,0.030253682,0.067653164,0.019746685,0.074324496,0.020129044,0.32164562,0.059861023,0.14068574,0.047836117,0.028896606,0.06084157,0.16512366,0.2518527,0.25751325,-5.3554983,21.628101,48.891956,21.457397,-17.152302,3.5150743,2.06008,75.87607,-3.6197987,6.5051203,59.68365553602813,28.014059753954307,84.51669595782074,78.20738137082601,63.44463971880493,69.66608084358525,85.04393673110721,83.30404217926187,47.59226713532514,25.869947275922677,37.188049209138846,84.49912126537787,22.24956063268893,70.68541300527241,14.165202108963094,26.39718804920914,34.20035149384886,36.09841827768015,29.03339191564148,14.376098418277682,52.23198594024605,53.04042179261863,17.188049209138843,80.84358523725835,71.8804920913884,34.13005272407733,72.091388400703,71.95079086115993,55.7469244288225,68.96309314586995,54.20035149384886,42.284710017574696,68.01405975395431,26.959578207381373,47.7328646748682,52.61862917398946,76.76625659050967,61.37082601054482,57.36379613356767,81.33567662565906,15.782073813708262,47.20562390158173,28.330404217926187,39.64850615114236,67.94376098418279,60.03514938488577,24.780316344463973,94.55184534270651,63.62038664323375,51.880492091388405,39.82425307557118,80.45694200351494
CCC(CC)COC(=O)[C@H](C)NP(=O)(O)O,253.235,1.0365999999999995,3,3,4.0,0.4631127273380184,1,95.86,0,1,1,0.13849673,0.64829123,0.54201376,0.08065288,0.1284961,0.086682044,0.055045415,0.12681828,0.19640036,0.19662628,0.019790214,0.3254149,0.098194376,0.09641874,0.46971154,0.021235496,0.035907626,0.018980425,0.019383777,0.05138149,0.14475468,0.021241743,0.23241349,0.035554368,0.15368323,0.010537062,0.026240572,0.018401843,0.024591759,0.60369146,0.18772657,-5.576827,39.511974,23.223057,-5.4760027,-14.662697,1.9160092,1.1618481,57.571877,-0.9876348,3.0102715,27.76801405975396,32.12653778558875,32.653778558875224,78.20738137082601,63.44463971880493,41.75746924428823,55.32513181019333,65.27240773286468,47.59226713532514,66.52021089630932,83.09314586994728,35.782073813708266,44.147627416520216,19.36731107205624,52.65377855887522,56.48506151142355,32.72407732864675,56.59050966608085,55.008787346221446,71.17750439367312,26.432337434094904,40.105448154657296,80.38664323374341,50.333919156414765,18.4182776801406,15.1493848857645,67.55711775043937,64.78031634446398,48.68189806678384,49.73637961335677,75.88752196836556,73.04042179261863,69.03339191564149,23.690685413005276,42.7768014059754,55.21968365553603,52.30228471001758,59.96485061511424,41.792618629174,46.115992970123024,61.44112478031635,41.0896309314587,22.1792618629174,56.41476274165203,47.697715289982426,13.04042179261863,37.293497363796135,19.64850615114236,47.80316344463972,33.95430579964851,83.55008787346222,62.84710017574693
CCC(CC)[C@]1(O)[C@H](O)[C@@H](COC)O[C@@]1(C#N)c1ccc2c(N)ncnn12,375.429,0.6037799999999997,8,3,4.0,0.6670354023870415,4,138.92,0,0,0,0.54382277,0.4816789,0.8997132,0.0019078467,0.046565045,0.110110566,0.031689472,0.05349211,0.0043718116,0.57956374,0.20967531,0.03668826,0.23666194,0.8579979,0.9952223,0.017720247,0.04633116,0.045322634,0.08320783,0.013540564,0.052004267,0.013262121,0.56872696,0.09408784,0.1544213,0.04397192,0.031256456,0.07491592,0.1124625,0.20951626,0.31727517,-5.360085,30.3686,58.059,18.46366,-17.415745,3.3815837,2.0722237,70.72948,-3.39251,6.9924345,59.68365553602813,28.014059753954307,84.51669595782074,78.20738137082601,63.44463971880493,69.66608084358525,81.28295254833041,83.30404217926187,47.59226713532514,25.869947275922677,37.188049209138846,82.31985940246047,31.45869947275923,78.76977152899825,17.644991212653782,39.29701230228471,40.66783831282953,48.787346221441126,31.52899824253076,13.778558875219684,64.81546572934974,68.43585237258348,13.884007029876978,73.63796133567664,77.29349736379613,44.8506151142355,63.02284710017575,74.34094903339192,61.01933216168717,72.44288224956064,44.32337434094904,22.987697715289983,62.39015817223199,36.76625659050967,52.337434094903344,55.32513181019333,75.3602811950791,62.91739894551846,60.24604569420036,75.00878734622145,12.16168717047452,51.73989455184535,27.978910369068544,49.03339191564148,73.81370826010546,55.64147627416521,23.97188049209139,92.4780316344464,63.79613356766257,46.57293497363796,44.28822495606328,82.24956063268894
CCC(C=O)CCC(CC)CC,170.296,3.427900000000002,1,0,4.0,0.534919092319293,1,17.07,0,1,1,0.051089652,0.9921988,0.8273673,0.41145507,0.18719998,0.16346467,0.034360837,0.39842016,0.04720818,0.4643016,0.007172859,0.15460786,0.025257241,0.08945297,0.99998105,0.0017553711,0.00729817,0.0023022252,0.0037990739,0.00501586,0.038244236,0.0035550413,0.9918747,0.015233621,0.016807104,0.0008462096,0.011738075,0.0063757882,0.0012864826,0.8368961,0.18763089,-4.1461244,143.02127,90.97583,46.917564,-0.64848924,1.3999788,2.7595468,73.0212,-4.016365,9.775263,12.899824253075572,67.87346221441125,6.854130052724078,11.63444639718805,63.44463971880493,51.07205623901582,55.32513181019333,8.383128295254833,47.59226713532514,66.52021089630932,83.09314586994728,13.462214411247803,97.6449912126538,57.36379613356767,77.78558875219684,63.76098418277681,60.84358523725835,49.87697715289983,82.56590509666081,48.154657293497365,51.880492091388405,31.95079086115993,46.95957820738138,16.133567662565905,17.258347978910372,86.92442882249561,10.369068541300528,11.8804920913884,15.92267135325132,26.29173989455185,18.594024604569423,11.599297012302284,39.57820738137083,98.207381370826,36.52021089630932,7.732864674868191,13.42706502636204,44.18277680140598,31.21265377855888,6.502636203866433,88.29525483304043,41.0896309314587,96.3444639718805,96.94200351493848,87.97891036906854,79.89455184534272,98.0316344463972,3.866432337434096,75.60632688927944,48.96309314586996,32.23198594024605,89.59578207381372
CCC(C=O)CCC(=O)O,144.17000000000002,1.0763,2,1,4.0,0.5871350636666053,1,54.370000000000005,0,1,1,0.09565843,0.8371021,0.843541,0.0012583015,0.00420212,0.16171268,0.0019734656,0.0429701,0.002599663,0.11404048,5.2884374e-05,0.36346406,0.05674907,0.184794,0.94189346,0.006350697,0.00915432,0.00093595,0.0004546813,0.0040120664,0.03687666,0.0047642672,0.28459924,0.0007494387,0.025831416,0.0013388307,0.0050148936,0.00044479678,0.00433765,0.56157637,0.009122232,-4.509275,30.880817,-17.60874,-13.394938,-8.944641,1.6833652,-1.2164221,34.30815,-0.4261605,-2.5979595,8.400702987697716,32.40773286467487,17.10017574692443,36.59050966608085,63.44463971880493,58.59402460456943,55.32513181019333,34.235500878734626,47.59226713532514,66.52021089630932,83.09314586994728,26.432337434094904,61.01933216168717,61.37082601054482,15.114235500878737,7.240773286467488,60.03514938488577,13.602811950790862,27.732864674868196,8.224956063268893,17.504393673110723,3.3743409490333924,84.14762741652022,34.86818980667839,32.72407732864675,30.052724077328648,34.41124780316345,16.2390158172232,8.435852372583481,5.940246045694201,14.376098418277682,10.755711775043938,44.63971880492092,25.76449912126538,12.231985940246046,13.708260105448156,18.875219683655537,28.08435852372584,7.732864674868191,18.699472759226715,55.39543057996485,5.483304042179262,81.40597539543059,49.45518453427066,9.947275922671354,4.850615114235501,76.87170474516697,9.84182776801406,15.360281195079088,17.293497363796135,90.61511423550088,12.372583479789103
CCC(CC)COC(=O)[C@H](C)N[P@](=O)(O)OC1=CC=CC2OC12,345.33200000000005,2.282,5,2,4.0,0.3757605341875734,4,97.39,0,2,1,0.28890795,0.7356721,0.7720387,0.089379266,0.18372141,0.22896492,0.06427996,0.23649201,0.14174336,0.5682233,0.18261483,0.18505865,0.18762632,0.27454662,0.97985137,0.034789253,0.040218897,0.044920698,0.049250513,0.047771238,0.13225403,0.06474833,0.7727955,0.18545347,0.18037076,0.025117507,0.057496615,0.06992142,0.060872816,0.5769882,0.4348901,-5.183262,18.162622,53.207714,20.17692,-11.594813,3.626276,2.3720515,72.42328,-1.9438454,4.1685243,52.68892794376099,48.54130052724078,61.880492091388405,61.37082601054482,63.44463971880493,30.123022847100177,81.28295254833041,66.0456942003515,47.59226713532514,87.9261862917399,83.09314586994728,59.12126537785589,51.56414762741653,45.16695957820738,53.81370826010545,63.44463971880493,75.67662565905097,59.12126537785589,71.77504393673111,66.39718804920915,63.55008787346222,66.29173989455185,54.93848857644992,68.18980667838314,41.15992970123023,35.887521968365554,77.60984182776802,69.42003514938489,60.80843585237259,63.44463971880493,74.13005272407733,69.94727592267137,83.19859402460457,49.38488576449912,61.05448154657294,59.156414762741655,67.5219683655536,75.21968365553603,59.507908611599305,63.44463971880493,57.29349736379614,59.613356766256594,36.69595782073814,34.86818980667839,70.93145869947277,58.101933216168725,57.96133567662567,96.06326889279438,68.36555360281196,48.43585237258348,72.23198594024605,70.19332161687171
CCCCCCOC[C@H]1O[C@@](C#N)(c2ccc3c(N)ncnn23)[C@H](O)[C@@H]1O,375.429,0.7478799999999997,8,3,4.0,0.5744205865789548,4,138.92,0,1,0,0.5775006,0.36355966,0.8422826,0.005158692,0.042971347,0.11901039,0.028823256,0.060414772,0.01378983,0.5185963,0.118842915,0.06798724,0.4098999,0.8536196,0.95546305,0.043428168,0.053762894,0.073598795,0.14650045,0.033789918,0.10323157,0.061835684,0.36840555,0.15653595,0.25665173,0.12544833,0.05037286,0.16178632,0.29375902,0.2595157,0.3823161,-5.536363,19.354425,43.82775,21.887272,-18.618114,3.391681,1.8290339,75.912766,-3.6479118,7.420223,59.68365553602813,29.560632688927942,84.51669595782074,78.20738137082601,63.44463971880493,56.90685413005273,81.28295254833041,83.30404217926187,47.59226713532514,66.52021089630932,37.188049209138846,84.71001757469244,22.847100175746927,61.05448154657294,24.74516695957821,37.926186291739896,44.8506151142355,47.27592267135326,33.81370826010545,29.420035149384887,58.03163444639719,60.35149384885765,21.47627416520211,87.06502636203867,76.90685413005274,31.247803163444644,81.61687170474518,78.98066783831284,67.94376098418279,81.40597539543059,66.11599297012303,58.558875219683664,82.67135325131811,28.927943760984185,58.66432337434095,67.1353251318102,88.85764499121267,72.51318101933217,70.57996485061513,90.1230228471002,16.379613356766257,56.62565905096661,22.987697715289983,36.59050966608085,64.53427065026362,60.56239015817224,19.894551845342708,92.65377855887525,58.98066783831283,51.880492091388405,39.36731107205624,83.33919156414764
CCC(CC)COC[C@H]1O[C@@](C#N)(c2ccc3c(NC(C)=O)ncnn23)[C@H](O)[C@@H]1O,417.46600000000007,0.9799799999999994,8,3,4.0,0.5769259844802201,4,142.0,0,0,0,0.569245,0.32812905,0.8599679,0.002692017,0.029885646,0.106594145,0.02176649,0.046467625,0.013210371,0.44217104,0.05372026,0.07889763,0.4147331,0.85885286,0.9187027,0.049644906,0.047994234,0.04332417,0.09138348,0.031838298,0.09603211,0.04951476,0.24314508,0.11249006,0.19253896,0.087248616,0.03972102,0.10270246,0.24914749,0.2800136,0.3059197,-5.4255533,21.188076,46.485054,26.303207,-18.57896,3.2870584,1.964143,78.796104,-3.812307,7.288137,69.63093145869948,31.669595782073817,84.51669595782074,78.20738137082601,63.44463971880493,57.08260105448155,81.28295254833041,84.25307557117752,47.59226713532514,25.869947275922677,37.188049209138846,84.28822495606327,20.984182776801408,65.72934973637962,20.246045694200355,31.95079086115993,39.43760984182777,42.601054481546576,29.173989455184536,28.78734622144113,49.77152899824254,50.72056239015818,24.32337434094904,87.31107205623903,77.36379613356767,27.87346221441125,83.51493848857646,75.32513181019333,60.38664323374341,73.98945518453428,65.27240773286468,54.72759226713533,79.82425307557118,24.04217926186292,54.27065026362039,60.597539543058005,84.11247803163445,67.7328646748682,64.71001757469244,87.83831282952549,18.84007029876977,50.82601054481547,25.76449912126538,38.91036906854131,66.29173989455185,65.48330404217927,20.07029876977153,90.05272407732865,61.75746924428823,54.833040421792624,35.922671353251324,82.91739894551846
CCC(CC)COC(O)(O)C(C)C(CC)COC(=O)O,292.372,2.4345,5,3,4.0,0.4225485288646438,2,96.22,0,1,1,0.011163106,0.44324479,0.8084181,0.0014342065,0.015423501,0.11561084,0.009557396,0.09344503,0.025996108,0.16521484,0.0010888604,0.16284385,0.035219558,0.13042586,0.8787552,0.0015056923,0.012082105,0.0011591802,0.0022291495,0.013657622,0.08080961,0.0053996416,0.33124307,0.010744857,0.01871764,0.00026125577,0.0024635957,0.005133364,0.0012233659,0.5087367,0.0698207,-4.8337836,77.12809,39.902847,-10.943136,-10.763525,1.7085915,1.1217839,74.672386,-2.724346,3.0099397,38.20738137082601,51.17750439367312,61.880492091388405,78.20738137082601,63.44463971880493,35.95782073813709,69.84182776801407,65.76449912126539,47.59226713532514,66.52021089630932,83.09314586994728,2.9525483304042184,28.47100175746925,52.44288224956064,15.817223198594029,21.79261862917399,43.02284710017575,31.00175746924429,45.34270650263621,39.5079086115993,23.09314586994728,18.488576449912127,49.49033391915642,23.2688927943761,23.83128295254833,25.4481546572935,8.857644991212654,23.690685413005276,9.771528998242532,19.894551845342708,44.60456942003516,45.90509666080844,46.78383128295256,27.346221441124783,33.63796133567663,9.033391915641475,5.30755711775044,16.836555360281196,28.96309314586995,6.221441124780317,47.978910369068544,27.732864674868196,56.76625659050967,78.5237258347979,61.72231985940247,7.381370826010546,64.81546572934974,10.826010544815468,47.27592267135326,50.75571177504394,57.11775043936731,62.84710017574693
CCC(CC)CO[C@@H]1[C@H](O)[C@@H](CO)O[C@@]1(C#N)c1ccc2c(N)ncnn12,375.4290000000001,0.6037799999999998,8,3,4.0,0.6393449690110126,4,138.92,0,0,0,0.57520306,0.368028,0.8457084,0.0031132756,0.048265487,0.104491316,0.036243048,0.052702647,0.013281514,0.4849555,0.12261401,0.077934325,0.37427822,0.8148301,0.94259167,0.02468501,0.04358215,0.052394547,0.081644975,0.02615414,0.091257244,0.021813193,0.31498072,0.08199285,0.16774788,0.062406998,0.0318399,0.06927577,0.17238495,0.26088235,0.3392016,-5.4162073,28.338455,50.061928,24.908382,-17.24165,3.3527024,2.1274593,78.647064,-3.6335826,9.6720705,59.68365553602813,28.014059753954307,84.51669595782074,78.20738137082601,63.44463971880493,65.20210896309315,81.28295254833041,83.30404217926187,47.59226713532514,25.869947275922677,37.188049209138846,84.49912126537787,23.09314586994728,62.07381370826011,21.370826010544818,39.789103690685415,38.73462214411248,50.50966608084359,31.107205623901585,28.857644991212656,53.919156414762746,60.80843585237259,24.11247803163445,84.74516695957821,73.81370826010546,30.123022847100177,71.35325131810194,72.26713532513182,63.23374340949034,72.12653778558875,60.35149384885765,51.73989455184535,69.52548330404218,26.818980667838314,50.68541300527241,57.39894551845343,80.0,63.16344463971881,59.43760984182777,82.00351493848858,16.520210896309315,53.74340949033392,25.97539543057997,46.88927943760984,68.64674868189807,64.04217926186293,24.46397188049209,91.81019332161688,64.53427065026362,54.6572934973638,39.75395430579965,89.49033391915643
CCC(COC(=O)O)CC(C)C(CC)COC(=O)O,276.32899999999995,3.454200000000002,4,2,4.0,0.6263447072107593,3,93.06000000000002,0,0,0,0.013271931,0.56592447,0.7507974,0.0056347833,0.031934433,0.14387114,0.022176394,0.046379842,0.08447786,0.1508723,0.00054833887,0.3024997,0.10100818,0.1498206,0.82144517,0.0012636048,0.007209954,0.00080510357,0.0012641113,0.018465836,0.08957137,0.013869246,0.1634223,0.00918104,0.03353467,0.00045896354,0.0032163665,0.003308354,0.002145188,0.55379224,0.05717528,-4.808114,59.341682,30.141773,-21.005493,-8.956616,1.8614086,0.09614813,87.24379,-3.1776562,-0.14089346,33.602811950790866,68.40070298769773,48.55887521968366,61.37082601054482,63.44463971880493,63.8664323374341,76.60808435852373,63.77855887521969,47.59226713532514,25.869947275922677,37.188049209138846,3.4094903339191567,38.03163444639719,40.84358523725835,25.413005272407734,32.89982425307557,53.81370826010545,42.91739894551846,29.138840070298773,57.25834797891037,21.79261862917399,14.446397188049213,77.36379613356767,51.03690685413006,27.662565905096663,23.19859402460457,7.275922671353252,11.669595782073817,7.873462214411249,13.04042179261863,52.61862917398946,50.82601054481547,63.09314586994728,20.632688927943764,32.26713532513181,18.558875219683657,8.330404217926187,20.597539543058,23.90158172231986,10.474516695957822,54.62214411247804,25.83479789103691,58.59402460456943,69.98242530755712,54.34094903339192,1.7574692442882252,76.8365553602812,16.695957820738137,32.26713532513181,64.85061511423551,48.506151142355016,33.98945518453427
N#C[C@@]12O[C@H](C=O)[C@@H](O)[C@H]1Oc1cc2n2ncnc(N)c12,287.23500000000007,-1.2500200000000008,8,2,4.0,0.62078622352576,4,135.76,0,1,1,0.82139283,0.5709021,0.7821421,0.0037329246,0.007203292,0.07848458,0.00371976,0.01524608,0.0035668914,0.23208591,0.0024144263,0.17326924,0.31749225,0.91766346,0.83963203,0.0210259,0.025630463,0.052817963,0.019274248,0.013750737,0.104191996,0.0059906594,0.092433736,0.003972181,0.15502885,0.047161378,0.019483874,0.018058905,0.21687278,0.43721992,0.07767622,-5.2624464,2.2833626,13.982496,3.622399,-17.087055,3.2172463,0.73743576,66.62526,-3.4464684,-3.1919549,36.555360281195085,13.11072056239016,84.51669595782074,61.37082601054482,63.44463971880493,62.98769771528999,81.28295254833041,82.74165202108964,47.59226713532514,66.52021089630932,83.09314586994728,95.32513181019333,38.34797891036907,47.20562390158173,22.35500878734622,11.95079086115993,30.439367311072058,19.47275922671353,15.325131810193325,11.493848857644991,31.07205623901582,23.40949033391916,52.40773286467487,80.94903339191565,85.30755711775045,23.83128295254833,67.24077328646749,50.12302284710018,63.26889279437611,49.59578207381372,44.88576449912127,58.94551845342707,48.57644991212654,17.047451669595784,25.4481546572935,55.43057996485062,76.41476274165203,54.48154657293498,41.54657293497364,85.94024604569421,38.91036906854131,28.78734622144113,32.72407732864675,16.766256590509666,38.17223198594025,28.54130052724077,25.342706502636204,88.64674868189807,42.14411247803164,42.70650263620387,43.40949033391916,8.927943760984183
CCC(CC)C(C)OC[C@H]1O[C@@](C#N)(c2ccc3c(N)ncnn23)[C@H](O)[C@@H]1O,389.4560000000001,0.9922799999999994,8,3,4.0,0.637038271144885,5,138.92,0,0,0,0.54157066,0.27898762,0.8402543,0.0010920782,0.023764469,0.07523004,0.015880795,0.04568603,0.009491852,0.4571735,0.053002648,0.055761658,0.3868695,0.73824674,0.91715586,0.027637247,0.046990223,0.024169547,0.051950466,0.024997931,0.086152,0.023738714,0.23156746,0.082083896,0.13274801,0.0485397,0.027719494,0.057317555,0.1697457,0.26418155,0.3045873,-5.480888,21.85834,54.226696,31.343903,-18.196608,3.5144317,2.2217202,80.58233,-3.836898,9.6864395,62.98769771528999,31.810193321616875,84.51669595782074,78.20738137082601,63.44463971880493,64.78031634446398,85.04393673110721,83.30404217926187,47.59226713532514,25.869947275922677,37.188049209138846,82.10896309314587,17.785588752196837,60.31634446397189,14.376098418277682,27.90861159929701,29.384885764499124,37.89103690685413,28.892794376098426,24.393673110720563,51.07205623901582,50.50966608084359,17.820738137082603,85.48330404217927,68.15465729349737,27.662565905096663,73.67311072056239,74.79789103690686,52.056239015817226,64.18277680140598,59.613356766256594,48.64674868189808,70.43936731107206,23.620386643233747,50.68541300527241,51.35325131810194,77.08260105448156,60.66783831282953,56.59050966608085,81.75746924428823,16.766256590509666,50.61511423550088,24.21792618629174,39.92970123022848,71.66959578207381,69.45518453427066,20.984182776801408,94.51669595782074,66.15114235500879,56.41476274165203,35.32513181019333,89.49033391915643
CCc1ccc(O[P@@](=O)(O)N[C@@H](C)C(=O)OCC(CC)CC)cc1,357.38700000000017,3.6857000000000015,4,2,4.0,0.4907069618076688,2,84.86,0,1,2,0.11060788,0.7103256,0.82957965,0.1964314,0.26527575,0.31454438,0.13000098,0.39057273,0.28017664,0.6504977,0.2870642,0.1983045,0.19380684,0.35699874,0.9948217,0.015812721,0.03980138,0.03751286,0.07480047,0.054450907,0.15727887,0.094326675,0.8787265,0.47186065,0.1706515,0.013191317,0.04229095,0.20489435,0.042006943,0.5043751,0.6569345,-5.1708813,49.414864,72.4782,16.546347,-9.801668,2.9701984,3.0973904,89.89789,-2.9162545,5.7545285,55.21968365553603,72.23198594024605,48.55887521968366,61.37082601054482,63.44463971880493,45.02636203866432,69.84182776801407,57.9261862917399,47.59226713532514,66.52021089630932,95.07908611599298,29.94727592267136,49.34973637961336,57.9261862917399,65.30755711775045,71.42355008787347,88.8224956063269,69.73637961335677,81.86291739894553,76.2390158172232,73.95430579964851,73.28646748681899,58.48857644991213,69.20913884007031,47.0298769771529,44.11247803163445,60.21089630931459,69.10369068541301,58.31282952548331,70.50966608084359,77.11775043936731,76.66080843585237,87.20562390158173,61.51142355008788,76.62565905096662,57.71528998242531,56.76625659050967,68.78734622144113,74.2706502636204,57.01230228471002,47.20562390158173,70.33391915641477,37.11775043936731,63.23374340949034,81.44112478031636,52.23198594024605,72.091388400703,80.66783831282953,81.195079086116,69.34973637961336,54.44639718804921,77.71528998242532
N#C[C@]12O[C@H](C=O)[C@@H](Oc3cc1n1ncnc(N)c31)[C@H]2O,287.235,-1.2500200000000008,8,2,4.0,0.62078622352576,4,135.76,0,1,1,0.8941639,0.5797621,0.7634068,0.0029883145,0.007757102,0.063148364,0.0039392994,0.0140213,0.004094544,0.25007653,0.00235623,0.15880921,0.32055745,0.9100256,0.83375883,0.024815263,0.026180316,0.054041702,0.021838252,0.018508647,0.11563732,0.008136459,0.0907058,0.0035936248,0.18404928,0.059585728,0.027613629,0.02656522,0.26753294,0.51483625,0.07736971,-5.319157,0.70509374,11.941923,3.6273384,-17.128593,3.1043992,0.575216,65.343376,-3.3037777,-3.0189545,36.555360281195085,13.11072056239016,84.51669595782074,61.37082601054482,63.44463971880493,62.98769771528999,81.28295254833041,82.74165202108964,47.59226713532514,66.52021089630932,83.09314586994728,97.2231985940246,39.08611599297013,43.33919156414763,21.124780316344467,12.72407732864675,26.04569420035149,20.0,14.83304042179262,13.005272407732866,32.40773286467487,23.09314586994728,48.40070298769772,81.12478031634447,84.00702987697716,23.65553602811951,71.49384885764499,50.72056239015818,63.79613356766257,51.493848857645,52.72407732864675,64.18277680140598,54.41124780316345,16.906854130052725,24.393673110720563,59.613356766256594,79.40246045694201,60.66783831282953,45.90509666080844,89.03339191564149,48.927943760984185,28.752196836555363,29.98242530755712,15.53602811950791,35.887521968365554,28.54130052724077,24.9560632688928,85.76449912126539,39.789103690685415,41.335676625659055,45.90509666080844,9.560632688927944
CCC(CC)COC(=O)[C@H](C)N[P@](=O)(O)OC1=CC=CC(O)C1O,363.347,1.2363999999999995,6,4,4.0,0.3560889696769116,4,125.32,0,1,1,0.18205316,0.5538518,0.7114787,0.026806483,0.059120305,0.1086816,0.018112691,0.18400398,0.09307617,0.40618935,0.075025834,0.09978141,0.12247703,0.1294147,0.919143,0.02163285,0.048626736,0.027021835,0.019589718,0.035306174,0.11308827,0.017099673,0.4874851,0.08061697,0.09151049,0.007620388,0.021089682,0.030023295,0.025726343,0.5083413,0.31295156,-5.5853367,21.089674,43.7098,7.8138437,-15.856619,3.1182733,1.7095696,65.173416,-1.3411341,2.9735553,56.97715289982426,34.58699472759227,72.46045694200352,86.90685413005274,63.44463971880493,27.416520210896312,81.28295254833041,80.597539543058,47.59226713532514,66.52021089630932,83.09314586994728,43.62038664323375,36.94200351493849,34.76274165202109,40.14059753954306,42.7768014059754,40.07029876977153,39.789103690685415,65.79964850615114,59.22671353251319,46.74868189806679,54.23550087873463,30.193321616871707,56.344463971880494,23.690685413005276,27.87346221441125,68.01405975395431,75.81722319859404,53.88400702987698,49.9121265377856,67.38137082601055,62.95254833040423,65.79964850615114,33.67311072056239,50.50966608084359,41.652021089630935,45.51845342706503,56.20386643233744,47.59226713532514,46.95957820738138,47.978910369068544,51.3884007029877,22.03866432337434,38.76977152899825,64.49912126537787,35.85237258347979,30.123022847100177,86.18629173989456,56.90685413005273,41.05448154657294,79.5079086115993,62.601054481546576
CCC(C)C(CC)COC(=O)[C@H](C)N[P@](=O)(O)Oc1ccccc1,357.38700000000006,3.759400000000002,4,2,4.0,0.4898578643888088,4,84.86,0,1,2,0.0718139,0.8226162,0.789909,0.14341176,0.25101668,0.3064151,0.15213639,0.33526158,0.36103135,0.60700625,0.20195878,0.22841087,0.18445165,0.24695349,0.99659336,0.009422927,0.02199328,0.021923954,0.04808583,0.046924613,0.1455267,0.084675685,0.8795354,0.4074421,0.15688542,0.00597369,0.051637728,0.15698181,0.025255147,0.6365049,0.6837265,-5.1626024,54.46338,73.840775,21.585104,-9.359837,2.8241978,3.0685608,90.39154,-2.8791752,7.5436645,55.21968365553603,73.35676625659052,48.55887521968366,61.37082601054482,63.44463971880493,44.8506151142355,81.28295254833041,57.9261862917399,47.59226713532514,66.52021089630932,95.07908611599298,19.82425307557118,59.789103690685415,48.85764499121266,60.73813708260106,69.98242530755712,88.15465729349737,71.59929701230229,79.08611599297014,80.31634446397189,68.47100175746925,67.94376098418279,65.02636203866433,67.69771528998243,38.91036906854131,47.1353251318102,45.62390158172232,44.11247803163445,50.57996485061512,62.70650263620387,73.91915641476275,73.14586994727593,86.08084358523726,61.72231985940247,74.0597539543058,55.64147627416521,41.23022847100176,73.1810193321617,70.12302284710019,46.60808435852373,65.83479789103691,71.28295254833041,37.46924428822496,66.92442882249561,82.03866432337435,60.140597539543066,74.72759226713534,73.49736379613357,80.98418277680142,70.19332161687171,54.93848857644992,83.8664323374341
CCC(CC)COC[C@H]1O[C@@](C#N)(c2ccc3c(N)ncnn23)[C@H](O)[C@@]1(C)O,389.4560000000001,0.9938799999999997,8,3,4.0,0.6370784227160017,4,138.92,0,0,0,0.4574175,0.33621258,0.8851536,0.0014025334,0.022562634,0.098754786,0.019431408,0.060109776,0.006192652,0.5010679,0.09742259,0.050978106,0.36074686,0.7853349,0.9744636,0.025337005,0.052850734,0.03207207,0.061033987,0.018098067,0.068478756,0.017236883,0.3606222,0.07851764,0.13284825,0.042185325,0.025100082,0.046742745,0.13557954,0.20463109,0.31466505,-5.320012,27.005423,53.557404,27.687143,-17.10265,3.4768753,2.2893267,79.08264,-3.9820118,8.472888,62.98769771528999,31.810193321616875,84.51669595782074,78.20738137082601,63.44463971880493,64.78031634446398,81.28295254833041,83.30404217926187,47.59226713532514,25.869947275922677,37.188049209138846,75.3602811950791,21.40597539543058,73.35676625659052,15.676625659050968,27.205623901581724,36.871704745166966,40.84358523725835,33.743409490333924,18.594024604569423,55.92267135325133,57.78558875219685,16.801405975395433,83.9718804920914,71.24780316344464,34.44639718804921,71.73989455184535,78.45342706502637,56.48506151142355,67.66256590509667,51.84534270650264,37.926186291739896,65.94024604569421,28.50615114235501,50.298769771529,51.35325131810194,74.72759226713534,59.0158172231986,53.81370826010545,78.27768014059755,11.775043936731109,51.52899824253076,29.98242530755712,45.41300527240774,71.21265377855889,66.71353251318102,25.20210896309315,94.1652021089631,67.34622144112478,55.07908611599297,32.79437609841828,86.32688927943762
CCC(CCO)COC(=O)O,162.185,1.0896,3,2,4.0,0.5936438387073282,1,66.76,0,0,0,0.023103748,0.7580129,0.8665093,0.002596366,0.007351756,0.18256311,0.0040092613,0.061087765,0.005913834,0.11037761,8.2326886e-05,0.29837483,0.042900503,0.19127119,0.96016777,0.0028962793,0.009134233,0.00094684085,0.00055320596,0.005338724,0.03969237,0.005185296,0.34574705,0.0015979868,0.017108398,0.000628171,0.0028726864,0.0008689711,0.002197203,0.47998554,0.015449135,-4.5570316,50.193806,-2.566089,-11.804309,-8.8346815,1.5324118,-0.7666575,43.61297,-0.75937206,0.5139664,11.528998242530756,32.72407732864675,32.653778558875224,61.37082601054482,63.44463971880493,59.19156414762743,55.32513181019333,44.56942003514939,47.59226713532514,25.869947275922677,37.188049209138846,6.32688927943761,53.60281195079087,67.6274165202109,19.71880492091389,12.09138840070299,65.90509666080844,20.421792618629176,34.059753954305805,17.996485061511425,16.766256590509666,4.499121265377856,76.80140597539544,28.22495606326889,33.145869947275926,32.196836555360285,17.117750439367313,16.168717047451672,8.576449912126538,6.924428822495607,19.894551845342708,12.72407732864675,46.0456942003515,27.90861159929701,17.820738137082603,7.873462214411249,10.439367311072058,18.945518453427063,11.95079086115993,10.579964850615116,44.3585237258348,9.595782073813709,77.46924428822496,63.93673110720563,21.61687170474517,6.32688927943761,77.57469244288225,5.940246045694201,20.246045694200355,23.233743409490337,86.67838312829527,40.17574692442883
CCC(CC)C1OC[C@H]2O[C@@](C#N)(c3ccc4c(N)ncnn34)[C@H](O)[C@@H]2O1,373.41300000000007,0.9677799999999996,8,2,4.0,0.8111742260494392,5,127.92,0,0,0,0.6758785,0.38772982,0.8685988,0.000639273,0.018157618,0.06859814,0.009716167,0.023814382,0.0032140438,0.42504507,0.029674148,0.06322917,0.28794235,0.88680947,0.9544643,0.01654101,0.02918629,0.020093672,0.05679726,0.013277173,0.07107945,0.012177089,0.26453185,0.030052643,0.15304017,0.040043946,0.01718226,0.040332053,0.17553465,0.24973044,0.20314422,-5.3700223,21.16246,51.052998,22.036505,-16.768513,3.5163987,2.2750993,80.601234,-3.9398904,6.0522184,59.40246045694201,31.669595782073817,84.51669595782074,61.37082601054482,63.44463971880493,90.75571177504396,85.04393673110721,81.0896309314587,47.59226713532514,25.869947275922677,37.188049209138846,90.298769771529,24.42882249560633,68.26010544815466,11.8804920913884,23.936731107205627,27.521968365553604,31.353251318101936,19.64850615114236,9.876977152899824,48.29525483304042,44.07732864674868,20.07029876977153,78.31282952548331,80.8084358523726,31.247803163444644,61.40597539543059,55.21968365553603,49.10369068541301,66.29173989455185,43.79613356766257,39.89455184534271,61.15992970123023,24.92091388400703,41.58172231985941,55.04393673110721,74.02460456942003,51.91564147627417,51.9859402460457,82.31985940246047,15.430579964850615,42.63620386643234,27.76801405975396,38.840070298769774,69.45518453427066,60.84358523725835,26.432337434094904,94.58699472759228,67.06502636203867,56.44991212653779,33.49736379613357,78.73462214411248
CCC(CC)COC[C@H]1O[C@@](C#N)(c2cc(C)c3c(N)ncnn23)[C@H](O)[C@@H]1O,389.4560000000001,0.9121999999999996,8,3,4.0,0.6349596599343371,4,138.92,0,0,0,0.55770314,0.32481304,0.8628088,0.0009885357,0.014838872,0.083145514,0.00879885,0.05132082,0.008125722,0.47752938,0.04349419,0.047868416,0.37939495,0.7740078,0.94072676,0.034793463,0.05136463,0.023859914,0.054029185,0.02204603,0.08098881,0.027754465,0.28265163,0.08027519,0.1389308,0.05236002,0.025454292,0.058632422,0.1936238,0.26149487,0.2946982,-5.358986,22.339817,52.40135,29.889643,-17.516806,3.5509942,2.378978,83.36254,-3.9044743,8.548408,62.98769771528999,30.931458699472763,84.51669595782074,78.20738137082601,63.44463971880493,64.56942003514939,81.28295254833041,83.30404217926187,47.59226713532514,25.869947275922677,37.188049209138846,83.47978910369069,20.77328646748682,66.46748681898067,13.884007029876978,21.265377855887525,31.810193321616875,29.66608084358524,30.57996485061512,22.530755711775047,53.25131810193322,48.08435852372584,15.85237258347979,85.16695957820738,70.47451669595783,29.876977152899823,77.60984182776802,77.75043936731107,51.81019332161688,65.09666080843586,56.94200351493849,45.97539543057997,72.58347978910369,25.62390158172232,50.474516695957824,52.337434094903344,78.17223198594026,59.26186291739895,56.871704745166966,84.04217926186293,16.62565905096661,49.98242530755712,27.978910369068544,40.73813708260106,70.36906854130054,68.6115992970123,23.690685413005276,95.0439367311072,68.43585237258348,59.54305799648507,34.09490333919157,86.57293497363797
CCC(CC)COC[C@H]1O[C@@](C#N)(c2ccc3c(N)ncnn23)[C@H](O)[C@]1(O)CC,403.4830000000001,1.383979999999999,8,3,4.0,0.6007012145415206,4,138.92,0,0,0,0.5422244,0.37935466,0.8645495,0.0023553497,0.032147594,0.09435098,0.029194584,0.073538184,0.011383976,0.5691615,0.17333987,0.041014247,0.41518083,0.75720495,0.981468,0.044423796,0.072134554,0.051752873,0.10982002,0.02649439,0.07879834,0.029948855,0.43742085,0.13615647,0.18518767,0.077202186,0.05013142,0.100338876,0.20323396,0.22450761,0.39520758,-5.2896147,30.220905,61.098522,32.753185,-16.890875,3.5651596,2.5304177,80.064644,-3.9660046,10.355128,66.08084358523726,36.41476274165203,84.51669595782074,78.20738137082601,63.44463971880493,60.31634446397189,81.28295254833041,83.30404217926187,47.59226713532514,25.869947275922677,37.188049209138846,82.1792618629174,24.007029876977157,67.1353251318102,19.05096660808436,33.00527240773287,35.465729349736385,47.38137082601055,39.05096660808436,26.678383128295252,63.65553602811951,65.58875219683657,14.481546572934976,87.31107205623903,69.59578207381371,36.44991212653779,81.8980667838313,86.22144112478033,63.05799648506152,76.4499121265378,60.80843585237259,44.53427065026362,73.49736379613357,31.3884007029877,56.73110720562391,59.82425307557119,82.53075571177506,72.51318101933217,64.3585237258348,85.02636203866433,13.637961335676628,57.36379613356767,31.21265377855888,48.75219683655536,75.64147627416521,70.47451669595783,26.04569420035149,95.32513181019333,71.70474516695958,55.85237258347979,33.04042179261863,90.82601054481547
CCC(CC)COC(=O)C(C)C(CC)COC(=O)O,274.357,3.322700000000002,4,1,4.0,0.6528167732181905,2,72.83,0,0,0,0.019781103,0.69580865,0.8527519,0.012023166,0.04992905,0.28818262,0.038529716,0.12570976,0.032864273,0.42538023,0.006142823,0.23901872,0.06992118,0.278677,0.9880434,0.0058620507,0.01497563,0.0017061576,0.0043868325,0.020445725,0.07644514,0.041632902,0.75476277,0.032471742,0.048621204,0.001653217,0.010215446,0.010382764,0.0062849475,0.5747474,0.10702381,-4.33816,106.00926,66.1026,-13.38091,-6.4191513,1.8594606,1.6835811,88.10368,-3.4221916,2.2615411,33.21616871704745,66.18629173989456,48.55887521968366,36.59050966608085,63.44463971880493,67.41652021089631,69.84182776801407,48.66432337434095,47.59226713532514,25.869947275922677,37.188049209138846,5.553602811950792,47.76801405975396,64.28822495606327,31.95079086115993,40.07029876977153,85.94024604569421,51.45869947275923,54.55184534270651,42.35500878734622,48.33040421792619,31.036906854130056,66.6432337434095,40.38664323374341,41.40597539543058,38.62917398945519,31.84534270650264,30.544815465729357,13.321616871704746,28.40070298769772,55.04393673110721,43.12829525483304,77.78558875219684,48.08435852372584,41.82776801405976,26.572934973637963,21.51142355008788,41.792618629174,36.02811950790861,23.304042179261867,56.76625659050967,32.23198594024605,90.82601054481547,89.94727592267137,78.5237258347979,4.850615114235501,89.98242530755712,16.55536028119508,56.44991212653779,66.46748681898067,43.8664323374341,57.39894551845343
CCC(CC)(COC[C@H]1O[C@@](C#N)(c2ccc3c(N)ncnn23)[C@H](O)[C@@H]1O)C(=O)O,419.4380000000001,0.0585800000000002,9,4,4.0,0.4573094057605419,4,176.21999999999997,0,0,0,0.44619733,0.18420264,0.69299275,0.00010529036,0.0050441553,0.034213535,0.0055126743,0.006657727,0.0025933464,0.17013504,0.005924363,0.046026684,0.3470521,0.77074003,0.4633627,0.019066151,0.05191198,0.005361689,0.014833681,0.016979927,0.06919857,0.010307257,0.013710441,0.0071088644,0.05674387,0.019035447,0.010993855,0.006572389,0.13887821,0.23927431,0.07348509,-5.936639,17.75571,43.299747,-4.7883573,-22.776094,2.992476,0.48820347,62.804077,-3.0539386,1.93372,69.98242530755712,23.2688927943761,88.08435852372584,86.90685413005274,63.44463971880493,41.15992970123023,81.28295254833041,89.45518453427066,47.59226713532514,25.869947275922677,37.188049209138846,74.13005272407733,12.548330404217928,32.337434094903344,7.135325131810194,8.576449912126538,17.398945518453427,23.58523725834798,10.86115992970123,8.224956063268893,23.550087873462218,30.826010544815468,15.641476274165203,82.84710017574693,70.36906854130054,15.114235500878737,64.63971880492092,77.99648506151144,28.47100175746925,46.115992970123024,50.017574692442885,38.48857644991213,58.48857644991213,8.541300527240773,30.26362038664324,30.474516695957824,63.3743409490334,42.7768014059754,31.493848857644995,78.73462214411248,14.797891036906856,28.26010544815466,15.114235500878737,34.481546572934974,64.18277680140598,14.270650263620388,12.09138840070299,81.54657293497364,38.31282952548331,38.840070298769774,51.63444639718806,54.58699472759227
CCC(CC)COC(=O)CN[P@](=O)(O)Oc1ccccc1,315.306,2.734800000000001,4,2,4.0,0.5382325014153959,1,84.86,0,1,2,0.05992932,0.87654257,0.8680674,0.12084015,0.17164902,0.3391777,0.05644738,0.30864996,0.1815633,0.46313205,0.03973099,0.24760088,0.17517951,0.28612304,0.99720937,0.0074164458,0.02455051,0.01867936,0.011970328,0.016645927,0.113786414,0.031077486,0.86387634,0.13651417,0.06428321,0.004446667,0.013990733,0.025306482,0.008861703,0.55372655,0.4100913,-5.057443,52.227856,57.700157,3.8879857,-9.272975,2.768615,2.2980416,80.226036,-1.9481714,4.128363,45.5536028119508,57.32864674868191,48.55887521968366,61.37082601054482,63.44463971880493,51.59929701230229,55.32513181019333,57.9261862917399,47.59226713532514,66.52021089630932,95.07908611599298,16.30931458699473,65.3427065026362,68.01405975395431,58.76977152899825,62.07381370826011,91.45869947275924,56.80140597539543,77.39894551845343,70.33391915641477,51.63444639718806,46.95957820738138,68.01405975395431,66.32688927943761,41.968365553602816,48.471001757469246,39.05096660808436,48.7170474516696,48.471001757469246,42.84710017574693,49.49033391915642,63.09314586994728,74.0597539543058,59.43760984182777,56.73110720562391,32.829525483304046,36.871704745166966,47.7328646748682,45.30755711775044,28.014059753954307,54.62214411247804,58.101933216168725,41.93321616871705,65.51845342706503,73.67311072056239,29.103690685413007,75.2548330404218,69.98242530755712,67.41652021089631,55.92267135325133,72.12653778558875,69.87697715289983
CCN[P@]1(=O)OC[C@H]2O[C@@](C#N)(c3ccc4c(N)ncnn34)[C@H](O1)[C@@H]2O,380.301,-0.0769200000000003,9,3,4.0,0.6153126861626584,5,157.01999999999998,0,1,1,0.9344346,0.5299753,0.82696754,0.00067811145,0.0056589544,0.03910759,0.003392751,0.01374529,0.0039017342,0.362849,0.0072163776,0.074268,0.3553626,0.9094955,0.9157052,0.020515734,0.02467287,0.018319178,0.028445344,0.0144497845,0.106746756,0.005161452,0.13755469,0.006015683,0.15086655,0.047938354,0.013443241,0.022113232,0.27640897,0.41284785,0.12820396,-5.869333,-10.878356,33.9043,9.318982,-19.28654,3.6458526,0.71188575,51.33501,-1.9271215,0.6935676,60.66783831282953,21.47627416520211,88.08435852372584,78.20738137082601,63.44463971880493,62.17926186291741,85.04393673110721,87.06502636203867,47.59226713532514,66.52021089630932,83.09314586994728,98.27768014059755,34.90333919156415,57.32864674868191,12.09138840070299,9.630931458699472,18.910369068541304,18.594024604569423,14.797891036906856,12.583479789103691,42.601054481546576,32.02108963093146,23.2688927943761,83.47978910369069,84.00702987697716,27.48681898066784,66.74868189806679,48.822495606326896,48.08435852372584,54.93848857644992,45.97539543057997,59.92970123022848,45.97539543057997,19.191564147627417,28.64674868189807,54.692442882249566,76.76625659050967,46.78383128295256,43.831282952548335,89.59578207381372,35.782073813708266,34.833040421792624,16.414762741652023,8.365553602811952,56.94200351493849,38.69947275922672,18.172231985940247,96.2390158172232,41.61687170474517,29.279437609841832,72.44288224956064,42.49560632688928
CCC(CC)COC(=O)[C@H]1O[C@@](C#N)(c2ccc3c(N)ncnn23)[C@H](O)[C@@H]1O,389.4120000000001,0.1303799999999997,9,3,4.0,0.5842545678758079,4,155.98999999999998,0,0,0,0.4947474,0.3245952,0.8127,0.0016533012,0.017068157,0.08813796,0.013960093,0.028362969,0.011230451,0.32967696,0.02811263,0.085396886,0.39082474,0.8249518,0.8292168,0.026489139,0.047808517,0.026220698,0.042289604,0.024974138,0.09780672,0.023316108,0.1233834,0.033191077,0.12776825,0.04932613,0.023717524,0.032563683,0.19806883,0.27899233,0.18557881,-5.460953,19.236866,51.438488,13.5943165,-18.104355,3.500337,2.0219836,83.76509,-3.6136825,5.1104035,62.95254833040423,24.11247803163445,88.08435852372584,78.20738137082601,63.44463971880493,58.24253075571178,81.28295254833041,86.71353251318102,47.59226713532514,25.869947275922677,37.188049209138846,78.5237258347979,20.77328646748682,53.286467486818985,16.766256590509666,23.12829525483304,33.35676625659051,36.48506151142355,22.03866432337434,26.60808435852373,40.07029876977153,43.65553602811951,26.22144112478032,85.69420035149386,74.55184534270651,23.51493848857645,72.58347978910369,75.32513181019333,53.35676625659051,60.702987697715294,59.54305799648507,55.50087873462215,70.33391915641477,18.453427065026364,42.07381370826011,50.298769771529,77.5395430579965,58.101933216168725,48.89279437609842,84.60456942003516,18.629173989455182,40.91388400702988,24.780316344463973,36.37961335676626,69.8066783831283,46.643233743409496,21.33567662565905,94.44639718804922,62.84710017574693,60.105448154657296,39.89455184534271,74.86818980667839
CCC(O)(CC)COC[C@H]1O[C@@](C#N)(c2ccc3c(N)ncnn23)[C@H](O)[C@@H]1O,391.42800000000005,-0.2813199999999995,9,4,4.0,0.4975389471899828,4,159.14999999999998,0,0,0,0.5639547,0.22812608,0.76575387,0.00018685556,0.008011041,0.036754638,0.005281528,0.016439537,0.0029774061,0.27874723,0.009294081,0.038248707,0.33655754,0.7267933,0.7867416,0.03102753,0.05425046,0.013175016,0.03869336,0.022555975,0.0813363,0.015746314,0.06746421,0.014558146,0.10379732,0.038999677,0.024757981,0.028054852,0.1834814,0.24982257,0.13920364,-5.6996756,3.7912877,29.625315,27.10047,-21.401173,3.251213,0.6045903,46.277416,-2.5331604,7.791814,63.55008787346222,19.36731107205624,88.08435852372584,86.90685413005274,63.44463971880493,46.010544815465735,81.28295254833041,87.38137082601055,47.59226713532514,25.869947275922677,37.188049209138846,84.04217926186293,14.868189806678384,43.79613356766257,8.330404217926187,13.04042179261863,18.242530755711776,23.02284710017575,15.746924428822496,9.279437609841828,35.85237258347979,33.98945518453427,14.165202108963094,82.1792618629174,67.38137082601055,22.03866432337434,75.85237258347979,79.29701230228471,43.8664323374341,59.40246045694201,57.57469244288225,46.18629173989456,64.71001757469244,15.1493848857645,36.063268892794376,45.061511423550094,73.67311072056239,58.76977152899825,46.467486818980674,82.95254833040423,15.500878734622145,36.20386643233744,19.507908611599294,18.172231985940247,53.77855887521969,66.18629173989456,14.13005272407733,89.17398945518454,40.35149384885765,25.20210896309315,60.84358523725835,84.60456942003516
N#C[C@]12O[C@H](C=O)[C@@H](Oc3nc(N)c4ccc1n4n3)[C@H]2O,287.235,-1.2500200000000008,8,2,4.0,0.62078622352576,4,135.76,0,1,1,0.8641807,0.6100619,0.77241784,0.008984156,0.01976684,0.089603245,0.010407125,0.019054845,0.006900816,0.29088217,0.004840746,0.17935753,0.25834703,0.9251579,0.8595108,0.029432917,0.028000915,0.06359664,0.028387958,0.022515249,0.13578002,0.011998235,0.14083263,0.008303998,0.22388454,0.07084262,0.02339977,0.039376616,0.2507683,0.53055614,0.088740274,-5.3093,-0.75781024,9.732109,1.5710388,-16.492874,3.1338909,0.3726826,59.696205,-2.9040198,-3.0318646,36.555360281195085,13.11072056239016,84.51669595782074,61.37082601054482,63.44463971880493,62.98769771528999,81.28295254833041,82.74165202108964,47.59226713532514,66.52021089630932,83.09314586994728,96.48506151142357,40.91388400702988,45.20210896309315,29.455184534270654,25.342706502636204,34.024604569420035,32.4780316344464,17.293497363796135,20.175746924428825,36.80140597539543,28.857644991212656,53.84885764499122,75.71177504393674,86.32688927943762,24.42882249560633,74.86818980667839,53.46221441124781,66.08084358523726,54.93848857644992,57.53954305799649,71.14235500878735,60.98418277680141,19.36731107205624,31.669595782073817,64.53427065026362,81.40597539543059,57.96133567662567,51.73989455184535,87.97891036906854,51.31810193321618,30.017574692442885,30.333919156414765,14.762741652021091,33.32161687170475,24.88576449912127,27.31107205623902,86.6432337434095,36.063268892794376,35.99297012302285,54.58699472759227,9.52548330404218
CCC(COC[C@H]1O[C@@](C#N)(c2ccc3c(N)ncnn23)[C@H](O)[C@@H]1O)C(C)O,391.42800000000005,-0.4254199999999992,9,4,4.0,0.4911459173072031,6,159.14999999999998,0,0,0,0.50845116,0.24557507,0.8154329,0.0002286786,0.006683126,0.042424716,0.004692399,0.02017703,0.0023537024,0.296764,0.012087379,0.039955057,0.3355911,0.7362146,0.8510855,0.02043162,0.04399549,0.013579252,0.022779834,0.014348945,0.06705217,0.008292839,0.09098049,0.016936624,0.07003144,0.025090242,0.0127169015,0.016964423,0.12738152,0.22440965,0.14736252,-5.7208014,5.932666,26.28513,22.094242,-21.551289,3.1318636,0.6356804,50.46854,-2.6055007,6.5516214,63.55008787346222,18.312829525483306,88.08435852372584,86.90685413005274,63.44463971880493,45.13181019332162,88.10193321616873,87.38137082601055,47.59226713532514,25.869947275922677,37.188049209138846,79.57820738137083,15.430579964850615,54.20035149384886,8.541300527240773,10.966608084358525,19.894551845342708,21.79261862917399,17.891036906854133,7.381370826010546,37.188049209138846,36.063268892794376,14.376098418277682,82.1792618629174,68.11950790861161,24.28822495606327,66.71353251318102,72.79437609841828,44.42882249560633,52.26713532513182,45.79964850615114,36.69595782073814,54.62214411247804,16.94200351493849,37.15289982425308,34.6572934973638,67.5219683655536,45.694200351493855,40.77328646748682,76.90685413005274,13.637961335676628,37.04745166959579,18.980667838312836,20.84358523725835,50.896309314587,60.87873462214412,13.848857644991211,86.6432337434095,40.73813708260106,28.57644991212654,59.71880492091389,80.597539543058
CCCCOC(CC)[C@H]1O[C@@](C#N)(c2ccc3c(N)ncnn23)[C@H](O)[C@@H]1O,375.429,0.7462799999999994,8,3,4.0,0.6024479084428741,5,138.92,0,1,0,0.41505557,0.25794154,0.873634,0.0011433072,0.027761608,0.10869591,0.017816378,0.037052117,0.0043180278,0.45095176,0.062351923,0.04519392,0.30162114,0.8719119,0.9528109,0.021788487,0.047188565,0.03989916,0.08120785,0.01822575,0.07394611,0.02558196,0.28506562,0.08231899,0.14775033,0.05632754,0.020367587,0.075457044,0.16027881,0.18132761,0.26909995,-5.5532236,14.384323,42.02989,20.02122,-19.22305,3.4635231,1.745149,73.83322,-3.5280175,6.4740114,59.68365553602813,29.560632688927942,84.51669595782074,78.20738137082601,63.44463971880493,60.52724077328647,85.04393673110721,83.30404217926187,47.59226713532514,66.52021089630932,37.188049209138846,71.63444639718806,16.063268892794376,69.56063268892795,14.797891036906856,30.72056239015817,40.07029876977153,39.789103690685415,25.342706502636204,13.49736379613357,50.474516695957824,52.196836555360285,15.430579964850615,79.19156414762742,79.15641476274166,31.07205623901582,68.29525483304043,75.00878734622145,59.19156414762743,72.05623901581723,52.09138840070299,42.108963093145874,71.07205623901582,25.76449912126538,50.75571177504394,54.09490333919157,78.84007029876977,55.53602811950791,60.281195079086125,80.91388400702988,9.666080843585238,48.154657293497365,22.601054481546576,30.65026362038665,63.16344463971881,57.85588752196837,18.242530755711776,93.77855887521967,57.46924428822496,49.59578207381372,41.61687170474517,80.28119507908612
CCC(CC)c1nc(N)c2ccc([C@]3(C#N)O[C@H](COC)[C@@H](O)[C@H]3O)n2n1,375.4290000000001,0.7009799999999997,8,3,4.0,0.6704096944200899,4,138.92000000000002,0,0,0,0.5562089,0.267631,0.8353842,0.002386978,0.05495453,0.088405594,0.033317775,0.053044103,0.020026375,0.47382274,0.14784531,0.056506515,0.29951468,0.8138134,0.9291705,0.034856148,0.06361124,0.051696897,0.08682164,0.026344705,0.094725385,0.032826863,0.30059594,0.16044275,0.18848868,0.07189178,0.023004776,0.1283299,0.1918443,0.25404328,0.35568684,-5.352201,11.220049,31.667706,16.834883,-18.000607,3.3690193,1.5775253,67.44239,-3.2820747,4.161409,59.68365553602813,29.03339191564148,84.51669595782074,78.20738137082601,63.44463971880493,70.15817223198594,81.28295254833041,83.30404217926187,47.59226713532514,25.869947275922677,37.188049209138846,83.3743409490334,16.590509666080845,59.43760984182777,19.086115992970125,41.44112478031635,33.53251318101933,49.34973637961336,31.318101933216173,34.97363796133568,52.86467486818981,63.58523725834799,17.926186291739896,79.0158172231986,73.74340949033393,28.611599297012305,77.64499121265379,83.44463971880492,63.05799648506152,73.04042179261863,60.63268892794377,53.919156414762746,74.51669595782074,26.39718804920914,58.98066783831283,60.07029876977153,81.54657293497364,57.68014059753955,67.7328646748682,83.79613356766258,15.957820738137084,54.97363796133568,28.40070298769772,27.275922671353253,55.50087873462215,52.61862917398946,21.65202108963093,92.16168717047452,54.76274165202109,43.3743409490334,46.1511423550088,70.12302284710019
CCC(CCC(=O)O)COC[C@H]1O[C@@](C#N)(c2ccc3c(N)ncnn23)[C@H](O)[C@@H]1O,419.4380000000001,0.0585800000000011,9,4,4.0,0.4344058718619717,5,176.22,0,0,0,0.3098632,0.16224062,0.6723692,5.3722157e-05,0.0027784687,0.025840446,0.002192475,0.0050894693,0.0028031794,0.121379934,0.0010470367,0.044588536,0.38743216,0.68834555,0.38490874,0.011586099,0.043582745,0.003259835,0.0059772087,0.012606353,0.07903106,0.005260662,0.0074209743,0.0038382863,0.030916963,0.009882674,0.0050157034,0.002470951,0.07789133,0.20150225,0.057950635,-6.0974517,1.6138111,22.861393,-5.4567137,-23.419022,2.9234385,-0.2434371,61.7823,-3.0807393,0.58666927,69.98242530755712,23.2688927943761,88.08435852372584,86.90685413005274,63.44463971880493,37.644991212653785,85.04393673110721,89.49033391915643,47.59226713532514,25.869947275922677,37.188049209138846,61.30052724077329,11.24780316344464,29.384885764499124,5.975395430579965,4.850615114235501,14.481546572934976,14.446397188049213,9.420035149384889,8.787346221441126,18.4182776801406,18.312829525483306,15.289982425307558,85.58875219683657,65.02636203866433,13.673110720562391,51.21265377855888,72.26713532513182,20.77328646748682,32.16168717047452,42.24956063268893,44.60456942003516,46.29173989455185,7.170474516695959,25.166959578207383,16.695957820738137,50.790861159929705,28.1195079086116,20.808435852372583,68.57644991212655,11.31810193321617,25.869947275922677,12.583479789103691,16.133567662565905,47.45166959578208,13.145869947275925,11.282952548330403,78.76977152899825,26.713532513181026,37.82073813708261,51.10720562390159,41.15992970123023
CCC(C)COC[C@H]1O[C@@](C#N)(c2c(C)cc3c(N)ncnn23)[C@H](O)[C@@H]1O,375.429,0.5220999999999996,8,3,4.0,0.6640235387130814,5,138.92,0,0,0,0.5149643,0.3129769,0.8797306,0.0007772726,0.018139537,0.0916123,0.009843359,0.04498461,0.0051901853,0.47483873,0.0530806,0.045937497,0.33877987,0.81599224,0.96015704,0.023967978,0.043051887,0.025320139,0.060327828,0.018380946,0.076255314,0.021987896,0.30707243,0.06931724,0.14202598,0.050912004,0.021377407,0.063462324,0.16450623,0.22157411,0.2798781,-5.4067597,23.518045,49.425407,19.907986,-17.75682,3.414264,2.1739178,80.09764,-3.6733642,6.922261,59.68365553602813,27.346221441124783,84.51669595782074,78.20738137082601,63.44463971880493,69.24428822495607,85.04393673110721,83.30404217926187,47.59226713532514,25.869947275922677,37.188049209138846,80.14059753954307,20.035149384885766,71.45869947275924,12.688927943760984,23.936731107205627,34.41124780316345,31.564147627416524,28.54130052724077,16.274165202108964,52.89982425307558,50.50966608084359,15.60632688927944,82.39015817223199,73.91915641476275,32.16168717047452,70.57996485061513,71.77504393673111,52.68892794376099,67.31107205623903,52.54833040421793,43.09314586994728,69.63093145869948,26.572934973637963,49.17398945518454,52.93497363796134,77.89103690685414,56.52021089630932,58.31282952548331,81.33567662565906,13.42706502636204,49.06854130052725,26.256590509666083,42.1792618629174,68.18980667838314,57.78558875219685,22.671353251318106,93.11072056239016,65.3427065026362,55.85237258347979,38.91036906854131,82.00351493848858
CCC(COC(=O)O)CC(OC(=O)O)C(CC)CC,276.329,3.596700000000002,4,2,4.0,0.6248896317893851,2,93.06000000000002,0,0,0,0.008016175,0.40326437,0.8041447,0.006423826,0.03947373,0.21392119,0.04298817,0.027351245,0.036478464,0.16430512,0.0006785226,0.29990822,0.0747811,0.3629315,0.85951614,0.0015263401,0.009681564,0.0010951138,0.0017046395,0.018633258,0.082372785,0.025492266,0.16622363,0.013669936,0.031889986,0.00063839153,0.003535611,0.0044721533,0.0028188298,0.39583963,0.03985951,-4.77658,61.58091,32.10299,-22.753506,-8.556452,1.8439287,0.12683646,86.85442,-3.1080666,-0.25776982,33.602811950790866,70.96660808435853,48.55887521968366,61.37082601054482,63.44463971880493,63.65553602811951,69.84182776801407,63.77855887521969,47.59226713532514,25.869947275922677,37.188049209138846,2.1089630931458703,25.97539543057997,51.880492091388405,26.678383128295252,36.555360281195085,73.00527240773287,53.46221441124781,21.54657293497364,44.21792618629174,23.057996485061512,15.53602811950791,76.90685413005274,42.31985940246046,47.557117750439375,24.42882249560633,8.963093145869948,17.363796133567664,9.490333919156416,16.590509666080845,52.86467486818981,46.74868189806679,71.03690685413005,20.70298769771529,35.606326889279444,17.293497363796135,10.579964850615116,21.687170474516694,27.662565905096663,13.391915641476276,33.21616871704745,21.47627416520211,61.26537785588753,70.72056239015818,55.81722319859403,1.4762741652021092,79.64850615114236,15.85237258347979,32.75922671353251,64.04217926186293,50.36906854130053,32.970123022847105
CCCC(CC)COC[C@H]1O[C@@](C#N)(c2ccc3c(N)ncnn23)[C@H](O)[C@@H]1O,389.4560000000001,0.9938799999999997,8,3,4.0,0.6073930784634379,5,138.92,0,0,0,0.53467166,0.3128714,0.8297857,0.0020597845,0.026574131,0.086369224,0.019121263,0.054734368,0.013456389,0.48386288,0.0728354,0.058993243,0.44170356,0.7583811,0.93198556,0.038396772,0.053447433,0.037422344,0.077812806,0.031087037,0.0941325,0.039132558,0.25990692,0.10873173,0.1687977,0.07157138,0.03839878,0.078618325,0.2281274,0.25616142,0.35337,-5.4528775,21.98329,51.442375,28.506672,-18.072327,3.5055203,2.227614,81.2914,-3.887455,8.975001,62.98769771528999,31.810193321616875,84.51669595782074,78.20738137082601,63.44463971880493,61.15992970123023,85.04393673110721,83.30404217926187,47.59226713532514,25.869947275922677,37.188049209138846,81.51142355008788,20.035149384885766,57.96133567662567,18.10193321616872,29.98242530755712,32.61862917398946,40.56239015817224,31.77504393673111,28.998242530755714,53.81370826010545,53.98945518453428,18.558875219683657,89.42003514938489,69.8066783831283,28.857644991212656,79.15641476274166,78.76977152899825,58.277680140597546,71.38840070298771,64.56942003514939,53.67311072056239,76.94200351493849,24.67486818980668,53.88400702987698,57.53954305799649,81.51142355008788,67.02987697715291,61.08963093145871,86.5377855887522,16.098418277680143,54.79789103690686,24.9560632688928,40.07029876977153,69.8066783831283,67.41652021089631,21.40597539543058,94.44639718804922,66.25659050966608,57.15289982425308,34.62214411247803,87.6274165202109
CC(=O)O[C@H]1[C@@H](O)[C@](C#N)(c2ccc3c(N)ncnn23)O[C@@H]1CO,333.30400000000003,-1.2859199999999995,9,3,4.0,0.5815819869050942,4,155.98999999999998,0,0,0,0.6837462,0.42494488,0.71710604,0.00055683625,0.008159191,0.060067605,0.004406344,0.012974893,0.006380719,0.20263831,0.0024972712,0.10804607,0.36118066,0.79273844,0.6847652,0.017228503,0.03380269,0.015520225,0.013000622,0.01637701,0.09903968,0.0055898116,0.038436346,0.003146578,0.08377036,0.023570545,0.014455689,0.006196258,0.13845722,0.37005833,0.07317194,-5.5821056,4.095425,20.780064,1.1542904,-19.518261,3.141279,0.16174471,46.264088,-2.3102593,-0.29366285,49.87697715289983,12.9701230228471,88.08435852372584,78.20738137082601,63.44463971880493,57.85588752196837,81.28295254833041,86.71353251318102,47.59226713532514,25.869947275922677,37.188049209138846,90.61511423550088,27.346221441124783,35.39543057996485,11.353251318101934,13.216168717047452,25.27240773286468,21.195079086116,14.270650263620388,18.84007029876977,26.818980667838314,23.690685413005276,32.970123022847105,83.9718804920914,71.70474516695958,19.33216168717048,62.284710017574696,61.82776801405976,45.9402460456942,44.07732864674868,49.06854130052725,56.344463971880494,47.34622144112478,12.40773286467487,23.47978910369069,39.85940246045695,66.78383128295255,48.2249560632689,30.966608084358526,78.6291739894552,30.298769771529003,28.26010544815466,22.14411247803164,18.66432337434095,45.62390158172232,24.3585237258348,17.644991212653782,86.88927943760984,33.18101933216169,25.20210896309315,65.27240773286468,32.653778558875224
CCC(CC)COC[C@H]1O[C@@](C#N)(c2ccc3c(N)ncnn23)[C@H](O)[C@@H]1O,375.429,0.6037799999999993,8,3,4.0,0.6393449690110126,4,138.92,0,0,0,0.51926893,0.297538,0.83377665,0.0010143245,0.015674068,0.07319946,0.01106915,0.041178726,0.0076182843,0.41560897,0.03693857,0.052778352,0.40300387,0.7648219,0.9143359,0.03258108,0.051056188,0.028045807,0.058485072,0.024834737,0.08660099,0.025697943,0.19409409,0.054825444,0.13065217,0.054624688,0.028702682,0.05054245,0.19296406,0.24165206,0.26281643,-5.4593644,17.332184,45.249947,27.317814,-18.311962,3.4927688,1.9431108,75.88255,-3.6353188,8.171978,59.68365553602813,28.014059753954307,84.51669595782074,78.20738137082601,63.44463971880493,65.20210896309315,81.28295254833041,83.30404217926187,47.59226713532514,25.869947275922677,37.188049209138846,80.42179261862918,19.15641476274165,59.0158172231986,14.0597539543058,22.24956063268893,28.78734622144113,33.35676625659051,27.275922671353253,21.61687170474517,47.76801405975396,46.50263620386644,17.223198594024606,86.6432337434095,70.08787346221442,27.416520210896312,76.41476274165203,77.5395430579965,54.41124780316345,66.85413005272409,59.367311072056246,49.03339191564148,71.14235500878735,22.00351493848858,46.81898066783832,51.07205623901582,78.5237258347979,61.230228471001766,54.97363796133568,84.00702987697716,14.973637961335678,47.697715289982426,24.850615114235502,33.919156414762746,65.5536028119508,66.32688927943761,20.70298769771529,94.41124780316343,61.44112478031635,51.880492091388405,39.68365553602812,85.3427065026362
CCC(CC)COC(C)[C@H]1O[C@@](C#N)(c2ccc3c(N)ncnn23)[C@H](O)[C@@H]1O,389.4560000000001,0.9922799999999994,8,3,4.0,0.637038271144885,5,138.92,0,0,0,0.41205963,0.24542184,0.85351056,0.00085163274,0.020635042,0.079252765,0.014688276,0.040434126,0.0070298477,0.4228161,0.046767604,0.049236007,0.36116758,0.7688818,0.9165475,0.02340575,0.046778888,0.025108676,0.0514246,0.021948237,0.079822816,0.020523865,0.21165013,0.07190001,0.11745076,0.040904082,0.021178119,0.048367947,0.1497828,0.20984921,0.2747471,-5.4839635,16.925581,47.709747,30.339146,-18.528034,3.4956615,2.1025994,79.85484,-3.8119404,8.919988,62.98769771528999,31.810193321616875,84.51669595782074,78.20738137082601,63.44463971880493,64.78031634446398,85.04393673110721,83.30404217926187,47.59226713532514,25.869947275922677,37.188049209138846,71.31810193321617,15.430579964850615,64.4639718804921,13.11072056239016,25.76449912126538,30.72056239015817,37.08260105448155,26.818980667838314,20.45694200351494,48.1195079086116,48.85764499121266,16.168717047451672,83.9718804920914,70.22847100175747,27.6274165202109,69.94727592267137,74.6572934973638,52.61862917398946,63.93673110720563,56.871704745166966,45.16695957820738,68.54130052724078,22.7768014059754,49.560632688927946,48.40070298769772,74.34094903339192,56.27416520210897,54.376098418277685,79.78910369068542,12.196836555360282,48.64674868189808,24.14762741652021,33.427065026362044,66.99472759226714,68.78734622144113,20.28119507908612,94.44639718804922,64.14762741652022,55.81722319859403,35.922671353251324,87.48681898066785
CCC(COC(=O)[C@H](C)N[P@](=O)(O)Oc1ccccc1)C(C)O,345.332,2.0941,5,3,4.0,0.4647848418046189,4,105.09,0,1,2,0.08935742,0.67813885,0.82910424,0.058177672,0.10970261,0.27976543,0.05203237,0.21747498,0.14273754,0.42203563,0.06697452,0.2192386,0.17330308,0.28994513,0.9881326,0.012455778,0.031842854,0.022725113,0.021554615,0.023989404,0.117394626,0.044054918,0.6761004,0.14223127,0.07899113,0.005341363,0.024284001,0.03299006,0.017526384,0.50965744,0.36229035,-5.279819,31.743418,36.13307,0.74098647,-12.765587,2.9083717,1.447794,60.731457,-1.0866514,2.2365115,52.68892794376099,46.22144112478032,61.880492091388405,78.20738137082601,63.44463971880493,41.968365553602816,81.28295254833041,70.96660808435853,47.59226713532514,66.52021089630932,95.07908611599298,25.026362038664324,46.467486818980674,57.78558875219685,48.54130052724078,53.35676625659051,84.60456942003516,55.95782073813709,69.94727592267137,66.46748681898067,48.08435852372584,53.11072056239016,63.44463971880493,66.18629173989456,42.284710017574696,38.73462214411248,53.35676625659051,59.0158172231986,51.14235500878735,51.17750439367312,58.87521968365554,65.09666080843586,78.45342706502637,42.53075571177505,57.08260105448155,38.17223198594025,39.5079086115993,58.34797891036907,49.13884007029878,39.19156414762742,48.189806678383135,55.32513181019333,31.634446397188054,50.12302284710018,58.87521968365554,23.65553602811951,49.13884007029878,78.17223198594026,52.65377855887522,36.871704745166966,82.46045694200352,57.25834797891037
CCC(C)CCOC(=O)O,146.186,2.1172,2,1,4.0,0.6177081864335339,1,46.53,0,0,0,0.014350034,0.84392536,0.8831266,0.037521277,0.035174794,0.31690758,0.021290949,0.13493268,0.02405149,0.24045376,0.0003547293,0.35203487,0.05967638,0.25392908,0.9905914,0.0029178567,0.007727953,0.0026938259,0.0022587515,0.014325863,0.065558605,0.029048378,0.70584923,0.00936907,0.041151248,0.0016951856,0.007984213,0.009534836,0.004271634,0.5139037,0.049692504,-4.3206506,70.99931,20.830988,-13.878836,-5.4438396,1.6529071,0.3716526,69.89955,-2.0289783,1.098459,8.822495606326891,46.36203866432338,17.10017574692443,36.59050966608085,63.44463971880493,62.49560632688929,55.32513181019333,28.26010544815466,47.59226713532514,25.869947275922677,37.188049209138846,3.655536028119508,61.75746924428823,72.79437609841828,43.65553602811951,34.30579964850615,89.13884007029878,42.14411247803164,57.60984182776802,38.10193321616872,31.77504393673111,11.458699472759228,83.33919156414764,36.27416520210897,39.68365553602812,39.96485061511424,17.188049209138843,12.864674868189809,17.750439367311074,20.035149384885766,45.79964850615114,35.18453427065027,73.11072056239017,44.42882249560633,32.40773286467487,22.49560632688928,22.00351493848858,36.555360281195085,35.36028119507909,18.594024604569423,48.89279437609842,24.11247803163445,91.81019332161688,75.11423550087873,45.659050966608085,4.674868189806679,92.3022847100176,8.963093145869948,36.02811950790861,45.694200351493855,70.75571177504395,46.78383128295256
CCCC(CC)COC(=O)O,160.213,2.5073,2,1,4.0,0.6283571744887665,1,46.53,0,0,0,0.015522423,0.8415642,0.8937063,0.02038159,0.022312853,0.30029356,0.012942156,0.14499466,0.018944172,0.23822618,0.00024209879,0.30144432,0.050355278,0.24194567,0.9921883,0.0026361584,0.00852112,0.0016434636,0.0015505953,0.009858439,0.05864946,0.02032574,0.7104433,0.008572986,0.026035946,0.00095366995,0.0053056716,0.0060976297,0.0029825405,0.52854097,0.04426661,-4.2734084,77.832054,28.973196,-13.947172,-5.1680555,1.7403978,0.81339264,73.99764,-2.485908,0.7424836,11.282952548330403,52.54833040421793,17.10017574692443,36.59050966608085,63.44463971880493,64.04217926186293,55.32513181019333,28.26010544815466,47.59226713532514,25.869947275922677,37.188049209138846,4.112478031634447,61.44112478031635,76.48506151142355,37.22319859402461,27.17047451669596,87.38137082601055,35.571177504393674,59.472759226713535,34.235500878734626,31.564147627416524,8.998242530755713,77.29349736379613,32.4780316344464,38.59402460456943,41.30052724077329,15.500878734622145,14.692442882249562,13.075571177504395,15.325131810193325,35.149384885764505,29.525483304042183,68.26010544815466,44.56942003514939,31.84534270650264,13.954305799648507,14.973637961335678,29.279437609841832,30.615114235500883,13.954305799648507,51.07205623901582,22.7768014059754,93.74340949033392,78.76977152899825,53.39191564147628,4.569420035149386,92.8646748681898,11.493848857644991,43.09314586994728,49.94727592267136,61.6871704745167,43.02284710017575
CCC(COC(=O)[C@H](C)N[P@](=O)(O)Oc1ccccc1)C(C)C(=O)O,373.342,2.434,5,3,4.0,0.4221783898549018,4,122.16,0,1,2,0.0673275,0.38486114,0.7950964,0.013536607,0.07054971,0.24093553,0.054512788,0.05496248,0.0453947,0.26777488,0.023917546,0.2735962,0.16383237,0.40803033,0.8272575,0.015374328,0.041415222,0.009318532,0.010369959,0.026061555,0.1268378,0.039826646,0.18715097,0.050759804,0.06055246,0.0063359113,0.01548858,0.007154984,0.015936036,0.4250841,0.12915754,-5.6417313,19.117601,28.772593,-21.327675,-14.622561,2.825646,0.5641653,69.89766,-1.6250321,-1.3158829,59.367311072056246,51.14235500878735,61.880492091388405,78.20738137082601,63.44463971880493,35.95782073813709,81.28295254833041,79.5079086115993,47.59226713532514,66.52021089630932,95.07908611599298,18.383128295254835,24.28822495606327,49.63093145869948,33.21616871704745,46.08084358523726,78.06678383128296,56.344463971880494,31.985940246045697,47.697715289982426,34.76274165202109,41.93321616871705,73.04042179261863,64.42882249560633,50.19332161687171,23.40949033391916,59.64850615114237,70.15817223198594,38.45342706502637,40.80843585237259,60.281195079086125,68.50615114235501,77.11775043936731,21.65202108963093,46.0456942003515,31.77504393673111,42.284710017574696,49.52548330404218,32.54833040421793,37.750439367311074,37.53954305799649,34.93848857644991,20.632688927943764,36.16871704745167,53.25131810193322,1.722319859402461,37.39894551845343,73.53251318101934,39.613356766256594,45.694200351493855,75.95782073813709,23.44463971880492
N#C[C@@]1(c2ccc3c(N)ncnn23)O[C@H](CO)[C@@H](OP(=O)(O)O)[C@H]1O,371.246,-1.7397200000000006,9,5,4.0,0.3824440667117172,4,196.45,0,1,0,0.13491681,0.25983563,0.2517259,0.0007267731,0.045681916,0.023697183,0.024283962,0.0022516947,0.03692905,0.061907977,0.0025112922,0.1838378,0.44955912,0.5977906,0.086753346,0.007920552,0.043951873,0.018401518,0.008076834,0.03290921,0.13570738,0.0013427385,0.0016987004,0.0028498601,0.08071892,0.009898929,0.0049603647,0.0034267209,0.055997223,0.18758625,0.051191855,-6.7547708,-8.511761,25.440907,6.9857225,-27.188898,2.6198535,-0.1626209,48.813885,-1.3449638,1.084049,58.80492091388401,10.474516695957822,88.08435852372584,91.493848857645,63.44463971880493,30.790861159929705,81.28295254833041,91.8804920913884,47.59226713532514,66.52021089630932,37.188049209138846,34.97363796133568,16.168717047451672,8.400702987697716,12.442882249560634,38.94551845342707,13.954305799648507,44.56942003514939,6.502636203866433,44.42882249560633,10.22847100175747,23.72583479789104,54.76274165202109,89.94727592267137,60.421792618629176,7.627416520210897,41.01933216168717,72.75922671353251,48.08435852372584,36.80140597539543,65.79964850615114,71.10720562390159,22.671353251318106,4.428822495606327,22.49560632688928,38.76977152899825,50.82601054481547,27.87346221441125,24.253075571177508,62.07381370826011,10.017574692442883,24.56942003514939,7.311072056239016,9.701230228471005,50.017574692442885,34.62214411247803,7.451669595782074,61.37082601054482,27.87346221441125,27.275922671353253,79.43760984182778,46.643233743409496
CCc1nc(N)c2ccc([C@]3(C#N)O[C@H](COCC(CC)CC)[C@@H](O)[C@H]3O)n2n1,403.4830000000001,1.1661799999999996,8,3,4.0,0.5967376116622657,4,138.92000000000002,0,0,0,0.4821542,0.29051968,0.8486899,0.0019404134,0.041269533,0.083200596,0.028551484,0.06699544,0.017666494,0.50570095,0.14688459,0.051910527,0.3302785,0.746956,0.9468483,0.03426318,0.06860502,0.036276244,0.051713653,0.02398711,0.090149015,0.027157078,0.3460573,0.19313505,0.15534201,0.049159747,0.018406574,0.08708229,0.14925513,0.24918047,0.37248755,-5.34665,19.49889,43.714226,23.808424,-17.096416,3.4793053,2.0926995,79.72207,-3.7591445,7.454992,66.08084358523726,33.708260105448154,84.51669595782074,78.20738137082601,63.44463971880493,59.472759226713535,81.28295254833041,83.30404217926187,47.59226713532514,25.869947275922677,37.188049209138846,77.50439367311073,18.629173989455182,63.09314586994728,17.680140597539545,37.22319859402461,31.810193321616875,47.10017574692444,36.16871704745167,33.21616871704745,56.62565905096661,63.47978910369069,17.012302284710017,81.75746924428823,68.85764499121267,30.615114235500883,77.25834797891038,85.30755711775045,57.9261862917399,64.11247803163445,58.87521968365554,51.07205623901582,72.37258347978911,27.90861159929701,61.792618629174,55.46572934973639,77.50439367311073,53.21616871704746,62.46045694200352,79.75395430579965,15.395430579964852,55.92267135325133,28.681898066783837,36.66080843585237,64.49912126537787,62.49560632688929,25.20210896309315,94.20035149384888,64.00702987697716,55.67662565905097,37.15289982425308,83.55008787346222
CCCC(C)COC(=O)O,146.186,2.1172,2,1,4.0,0.6177081864335339,1,46.53,0,0,0,0.023041122,0.84429026,0.9051827,0.015088627,0.017144617,0.2912538,0.008778009,0.12324904,0.012298143,0.2222521,0.00015588307,0.32391497,0.050572913,0.24296412,0.99156773,0.0027437324,0.007783679,0.00155204,0.0012866686,0.00905584,0.053836405,0.017353792,0.6726388,0.0051809894,0.027010638,0.0011419978,0.005268623,0.0048539503,0.0031394802,0.509931,0.030766513,-4.27407,72.11012,23.633915,-16.6867,-5.2761593,1.7740526,0.5123482,67.8063,-1.9544281,0.32226175,8.822495606326891,46.36203866432338,17.10017574692443,36.59050966608085,63.44463971880493,62.49560632688929,55.32513181019333,28.26010544815466,47.59226713532514,25.869947275922677,37.188049209138846,6.291739894551846,61.75746924428823,80.87873462214412,34.58699472759227,23.374340949033392,86.25659050966608,29.630931458699475,53.95430579964851,27.59226713532513,29.490333919156416,6.71353251318102,80.21089630931459,32.4780316344464,38.69947275922672,40.77328646748682,16.098418277680143,13.005272407732866,12.618629173989456,13.286467486818982,32.72407732864675,24.710017574692444,66.01054481546574,42.284710017574696,27.31107205623902,14.692442882249562,16.414762741652023,29.209138840070302,28.47100175746925,14.657293497363796,48.2249560632689,18.4182776801406,93.6731107205624,75.7469244288225,47.94376098418278,3.057996485061512,92.65377855887525,12.9701230228471,38.69947275922672,43.69068541300528,72.05623901581723,38.48857644991213
N#C[C@@]1(c2ccc3c(N)ncnn23)O[C@H](C=O)[C@@H](Oc2ccccc2)[C@H]1O,365.3490000000001,0.4365799999999989,8,2,4.0,0.6356459988322055,4,135.76000000000002,0,1,1,0.58133346,0.37268367,0.870644,0.0067028836,0.04304676,0.18520314,0.026325623,0.023837168,0.00855335,0.31609228,0.022815537,0.1554355,0.28287137,0.9510031,0.919347,0.0139850825,0.031873457,0.066733375,0.051624577,0.017784499,0.13704666,0.021372806,0.18955427,0.038416456,0.14543137,0.07371831,0.018812507,0.048577208,0.14138861,0.2937237,0.18607453,-5.3299036,23.749653,36.78188,-6.443883,-17.044949,3.2135658,2.0131042,88.93713,-4.414031,-4.4756646,57.22319859402461,26.39718804920914,84.51669595782074,61.37082601054482,63.44463971880493,64.60456942003516,81.28295254833041,82.74165202108964,47.59226713532514,66.52021089630932,83.09314586994728,85.0615114235501,23.47978910369069,68.7170474516696,26.99472759226714,37.99648506151143,66.6432337434095,45.90509666080844,19.64850615114236,23.233743409490337,39.0158172231986,41.652021089630935,47.1353251318102,77.9261862917399,90.57996485061511,27.87346221441125,56.73110720562391,59.08611599297013,66.78383128295255,63.971880492091394,51.3884007029877,71.42355008787347,69.10369068541301,21.72231985940246,43.40949033391916,53.53251318101934,81.93321616871705,53.60281195079087,54.48154657293498,79.05096660808437,20.421792618629176,41.01933216168717,29.525483304042183,42.42530755711776,59.367311072056246,11.775043936731109,25.483304042179263,88.64674868189807,62.67135325131811,67.69771528998243,24.11247803163445,4.288224956063269
CCC1(CC)COC[C@H]2O[C@@](C#N)(c3ccc4c(N)ncnn34)[C@H](O)[C@@H]2O1,373.41300000000007,0.7642799999999998,8,2,4.0,0.8070893906728949,4,127.92,0,0,0,0.7841791,0.47799975,0.8809041,0.0032049224,0.026801309,0.06967063,0.015566607,0.02877619,0.00268078,0.4463686,0.07061015,0.052699964,0.28240567,0.8961107,0.98123634,0.01381581,0.03175747,0.04362725,0.065242276,0.010826867,0.07021991,0.007827878,0.32794547,0.026826253,0.15334804,0.050243538,0.01736938,0.04065706,0.16275,0.26566046,0.20138076,-5.383647,16.261766,43.201656,23.33148,-17.113518,3.4308944,1.6736877,66.445564,-3.2623527,6.7741303,59.40246045694201,29.66608084358524,84.51669595782074,61.37082601054482,63.44463971880493,90.4042179261863,81.28295254833041,81.0896309314587,47.59226713532514,25.869947275922677,37.188049209138846,94.62214411247804,31.282952548330407,71.84534270650265,21.370826010544818,30.017574692442885,27.80316344463972,37.82073813708261,22.1792618629174,8.541300527240773,50.22847100175748,53.74340949033392,17.188049209138843,77.89103690685414,82.42530755711776,36.37961335676626,56.30931458699473,58.94551845342707,60.49209138840071,68.54130052724078,38.03163444639719,39.33216168717048,53.60281195079087,27.205623901581724,40.56239015817224,55.07908611599297,77.71528998242532,52.056239015817226,52.02108963093146,81.15992970123024,16.871704745166962,42.46045694200352,27.275922671353253,32.68892794376099,64.11247803163445,62.03866432337435,25.06151142355009,93.42706502636204,56.27416520210897,42.53075571177505,46.643233743409496,81.26537785588754
CCCCOC[C@H]1O[C@@](C#N)(c2ccc3c(N)ncnn23)[C@H](O)[C@@H]1O,347.375,-0.0323200000000003,8,3,4.0,0.6190153898077854,4,138.92,0,1,0,0.58990306,0.35585138,0.8490572,0.0013698213,0.013282506,0.088663496,0.00806693,0.031915307,0.00397757,0.37885532,0.022521794,0.056769244,0.3473932,0.8626129,0.9380763,0.026622355,0.044097975,0.039627798,0.062242556,0.0186483,0.08594706,0.021134917,0.20968263,0.031107703,0.13940048,0.065249845,0.022768486,0.051092245,0.20187846,0.2467452,0.19519146,-5.5574293,9.9707,31.107334,17.020533,-19.312933,3.352037,1.1842359,62.266224,-3.032372,4.9950285,52.89982425307558,21.86291739894552,84.51669595782074,78.20738137082601,63.44463971880493,62.70650263620387,81.28295254833041,83.30404217926187,47.59226713532514,66.52021089630932,37.188049209138846,85.37785588752197,22.49560632688928,63.198594024604574,15.395430579964852,19.71880492091389,33.67311072056239,28.7170474516696,23.58523725834798,12.759226713532517,44.147627416520216,41.54657293497364,18.10193321616872,82.84710017574693,77.89103690685414,29.595782073813712,72.72407732864676,72.93497363796135,59.050966608084366,68.04920913884007,52.93497363796134,48.506151142355016,68.89279437609842,22.601054481546576,41.72231985940246,52.40773286467487,80.45694200351494,57.46924428822496,55.11423550087874,84.85061511423551,15.254833040421794,41.93321616871705,22.46045694200352,25.90509666080844,55.149384885764505,52.93497363796134,18.137082601054484,91.77504393673112,47.978910369068544,38.277680140597546,52.23198594024605,74.23550087873463
CCC(CC)(CC)COC[C@H]1O[C@@](C#N)(c2ccc3c(N)ncnn23)[C@H](O)[C@@H]1O,403.48300000000006,1.3839799999999995,8,3,4.0,0.6007012145415206,4,138.92,0,0,0,0.5364397,0.27299494,0.7677458,0.00073153304,0.018500501,0.045072205,0.013474675,0.054921757,0.016337764,0.4293138,0.054101128,0.047428433,0.43048224,0.5639818,0.8419657,0.0484017,0.06840239,0.017832736,0.05044658,0.040407825,0.1054685,0.030969262,0.18368556,0.075605065,0.14594115,0.06129057,0.04417724,0.050885875,0.2079715,0.3151185,0.33287388,-5.423749,28.023472,62.607063,46.747917,-18.436071,3.5157413,2.2990253,79.2849,-3.9712875,13.269066,66.08084358523726,36.41476274165203,84.51669595782074,78.20738137082601,63.44463971880493,60.31634446397189,81.28295254833041,83.30404217926187,47.59226713532514,25.869947275922677,37.188049209138846,81.6871704745167,17.223198594024606,44.25307557117751,12.442882249560634,24.21792618629174,20.984182776801408,36.063268892794376,31.95079086115993,32.02108963093146,48.57644991212654,50.75571177504394,15.817223198594029,88.29525483304043,58.31282952548331,23.90158172231986,83.33919156414764,85.23725834797892,47.66256590509666,63.69068541300528,70.68541300527241,59.507908611599305,73.95430579964851,21.54657293497364,49.87697715289983,53.67311072056239,79.68365553602813,69.84182776801407,55.07908611599297,85.41300527240774,23.2688927943761,53.04042179261863,25.83479789103691,46.60808435852373,76.20386643233743,79.78910369068542,20.45694200351494,94.55184534270651,67.45166959578208,55.2548330404218,33.00527240773287,94.20035149384888
CCCCOC[C@]1(CC)O[C@@](C#N)(c2ccc3c(N)ncnn23)[C@H](O)[C@@H]1O,375.429,0.7478799999999997,8,3,4.0,0.6024944541664702,4,138.92,0,1,0,0.52121925,0.42969257,0.87699956,0.002337704,0.03533285,0.112222195,0.027229656,0.05596394,0.0059087602,0.535281,0.1603677,0.037250686,0.31005976,0.84215355,0.98963946,0.028298061,0.060640045,0.056520324,0.10326884,0.0166477,0.06522299,0.022147557,0.45123404,0.102626845,0.17502332,0.07247347,0.033308603,0.0852593,0.1660594,0.21259883,0.30693913,-5.4422064,29.636591,50.87987,16.799835,-18.158312,3.2423947,1.8040085,71.84953,-3.5104096,6.5370283,59.68365553602813,29.560632688927942,84.51669595782074,78.20738137082601,63.44463971880493,60.52724077328647,81.28295254833041,83.30404217926187,47.59226713532514,66.52021089630932,37.188049209138846,80.597539543058,27.76801405975396,70.57996485061513,19.05096660808436,34.30579964850615,41.40597539543058,46.4323374340949,32.30228471001758,17.996485061511425,59.57820738137083,64.56942003514939,13.954305799648507,80.14059753954307,76.02811950790861,39.54305799648507,74.20035149384887,82.39015817223199,64.3585237258348,75.78207381370827,49.49033391915642,35.04393673110721,69.701230228471,32.056239015817226,53.145869947275926,58.24253075571178,81.61687170474518,63.72583479789104,62.21441124780317,81.47627416520211,12.583479789103691,50.93145869947276,25.413005272407734,48.04920913884008,69.24428822495607,52.513181019332166,21.0896309314587,89.03339191564149,58.558875219683664,47.90861159929702,41.82776801405976,80.52724077328648
N#C[C@@]1(c2ccc3c(N)ncnn23)O[C@H](C=O)[C@@H](O)[C@H]1O,289.25100000000003,-1.6501199999999996,8,3,4.0,0.5570054365536967,4,146.76000000000002,0,1,1,0.59715843,0.43979487,0.7159706,0.0004987512,0.0038048383,0.049432684,0.0020008238,0.008296536,0.0019944615,0.13615625,0.00082095794,0.10303569,0.3208043,0.8119124,0.649358,0.012863686,0.026933426,0.017258191,0.007286294,0.009909967,0.07558831,0.0032163574,0.02310704,0.0015200652,0.057867616,0.017257938,0.008422999,0.0038187068,0.10781946,0.33188534,0.039677966,-5.733448,-7.5281157,7.99034,2.6153054,-20.694315,3.088387,-0.02743349,51.29122,-2.6126018,-2.4854832,37.25834797891037,11.142355008787348,84.51669595782074,78.20738137082601,63.44463971880493,54.51669595782074,81.28295254833041,85.23725834797892,47.59226713532514,66.52021089630932,83.09314586994728,85.69420035149386,28.26010544815466,35.21968365553603,10.93145869947276,6.537785588752198,22.46045694200352,13.74340949033392,11.95079086115993,6.502636203866433,20.175746924428825,16.977152899824254,31.142355008787348,81.12478031634447,73.46221441124781,18.312829525483306,54.09490333919157,51.880492091388405,47.31107205623902,35.36028119507909,35.254833040421794,42.7768014059754,37.39894551845343,10.61511423550088,17.574692442882252,30.755711775043935,61.75746924428823,37.68014059753955,25.76449912126538,74.41124780316345,25.166959578207383,21.40597539543058,18.73462214411248,10.333919156414764,31.70474516695958,26.572934973637963,15.360281195079088,85.3427065026362,30.158172231985944,29.244288224956065,59.613356766256594,13.321616871704746
CCC(C=O)CC(=O)C(CC)CC,184.279,2.6069000000000004,2,0,4.0,0.5698394748663611,1,34.14,0,1,1,0.21029167,0.986107,0.8399159,0.13351317,0.17746624,0.16370834,0.030597508,0.18017587,0.007876962,0.49273077,0.016235804,0.15095685,0.023644123,0.17249118,0.9999444,0.0056396215,0.010156268,0.002890778,0.005093795,0.0048665376,0.033826806,0.0052265367,0.9849911,0.008294866,0.028160924,0.0023855849,0.018691989,0.002967442,0.0033490262,0.8003794,0.07669479,-3.891494,117.63939,63.773598,18.25918,-4.5412607,1.7291504,1.8502505,47.698124,-2.0728455,2.1117756,15.430579964850615,54.55184534270651,17.10017574692443,11.63444639718805,63.44463971880493,56.239015817223205,55.32513181019333,17.521968365553604,47.59226713532514,66.52021089630932,83.09314586994728,48.471001757469246,93.77855887521967,60.281195079086125,59.789103690685415,62.98769771528999,60.94903339191565,48.36555360281196,65.23725834797892,22.03866432337434,55.11423550087874,38.69947275922672,45.97539543057997,14.903339191564148,30.966608084358526,78.94551845342707,30.861159929701238,18.558875219683657,18.66432337434095,30.333919156414765,17.820738137082603,8.681898066783832,46.22144112478032,95.18453427065027,31.669595782073817,15.184534270650264,26.502636203866437,53.42706502636205,22.63620386643234,15.360281195079088,85.02636203866433,28.7170474516696,99.15641476274166,92.72407732864676,77.22319859402461,55.36028119507909,94.44639718804922,11.212653778558876,59.26186291739895,26.22144112478032,70.05272407732865,56.16871704745167
CCC(CC)CO[C@H]1O[C@H](CO)[C@@H](O)[C@H](O)[C@H]1O,264.318,-0.7609000000000008,6,4,4.0,0.5030904753003556,5,99.38,0,0,0,0.27126867,0.45141178,0.668491,0.00084229856,0.015076468,0.017317409,0.0022827617,0.08831878,0.008369292,0.19538362,0.0019207891,0.04076863,0.02821076,0.08241786,0.66652215,0.015861213,0.03546535,0.0027873772,0.010837963,0.025053937,0.10986006,0.0063160346,0.23633084,0.03092585,0.07153474,0.0043046316,0.005008834,0.017238328,0.014663187,0.5475447,0.09191377,-5.120084,38.711353,4.3047,20.777546,-16.055943,2.079285,0.6898303,42.951828,-1.3453432,5.373032,30.755711775043935,16.203866432337435,72.46045694200352,86.90685413005274,63.44463971880493,46.88927943760984,85.04393673110721,67.38137082601055,47.59226713532514,25.869947275922677,37.188049209138846,57.25834797891037,29.384885764499124,28.96309314586995,13.075571177504395,21.54657293497364,11.70474516695958,14.692442882249562,44.07732864674868,22.987697715289983,26.15114235500879,22.31985940246046,14.481546572934976,17.961335676625662,15.957820738137084,18.84007029876977,60.281195079086125,64.2530755711775,18.277680140597543,41.40597539543058,59.75395430579965,61.546572934973646,49.701230228471005,23.866432337434095,41.72231985940246,35.07908611599297,36.344463971880494,28.049209138840077,40.98418277680141,35.99297012302285,53.63796133567663,30.57996485061512,39.54305799648507,55.92267135325133,28.365553602811957,59.12126537785589,29.279437609841832,27.346221441124783,41.335676625659055,22.63620386643234,79.43760984182778,75.92267135325133
CCC(CCC(O)(O)OCC(CC)CC)COC(=O)O,292.372,2.5786000000000007,5,3,4.0,0.3999133190574225,1,96.22,0,1,1,0.008124666,0.46421632,0.7901317,0.0055637388,0.0325506,0.13633119,0.024486328,0.10523931,0.036972515,0.1468961,0.0012613412,0.18977208,0.032823224,0.15519777,0.8761242,0.001253336,0.011923552,0.0016740204,0.0025879454,0.017033208,0.096508406,0.008835533,0.32789433,0.016569663,0.024901606,0.0003081152,0.0022419363,0.009235041,0.0011291972,0.47563544,0.06662583,-4.773107,89.49197,44.703053,-8.321449,-10.314235,1.5133935,1.2740635,76.7318,-2.8860893,3.826781,38.20738137082601,53.919156414762746,61.880492091388405,78.20738137082601,63.44463971880493,33.04042179261863,55.32513181019333,65.76449912126539,47.59226713532514,66.52021089630932,83.09314586994728,2.1089630931458703,30.298769771529003,48.85764499121266,25.30755711775044,33.21616871704745,51.493848857645,44.63971880492092,48.787346221441126,44.463971880492096,21.370826010544818,19.75395430579965,56.41476274165203,21.51142355008788,28.47100175746925,25.27240773286468,7.240773286467488,23.374340949033392,13.181019332161688,21.47627416520211,50.12302284710018,55.04393673110721,56.20386643233744,27.205623901581724,37.08260105448155,13.216168717047452,6.01054481546573,15.676625659050968,35.114235500878735,5.764499121265378,43.79613356766257,27.451669595782075,61.51142355008788,84.07732864674868,65.16695957820738,9.384885764499122,68.01405975395431,5.448154657293498,49.52548330404218,52.68892794376099,54.833040421792624,68.26010544815466
CCC(CC)COC[C@H]1O[C@@](C#N)(c2ccc3c(N)ncnn23)[C@@](C)(O)[C@@H]1O,389.4560000000001,0.9938799999999997,8,3,4.0,0.6370784227160017,4,138.92,0,0,0,0.4984283,0.3507826,0.87151825,0.001357056,0.022464443,0.09192711,0.017402029,0.05325938,0.006115616,0.48650533,0.09387052,0.05107808,0.34160116,0.7608018,0.9693192,0.027484557,0.048696578,0.03192502,0.0631199,0.019136008,0.0689579,0.021115689,0.335228,0.07903701,0.12980115,0.043683983,0.030652845,0.053557653,0.15487836,0.2393539,0.29462814,-5.3285246,24.373016,53.81125,28.631237,-17.014244,3.5523763,2.304872,79.96678,-3.915664,8.267491,62.98769771528999,31.810193321616875,84.51669595782074,78.20738137082601,63.44463971880493,64.78031634446398,81.28295254833041,83.30404217926187,47.59226713532514,25.869947275922677,37.188049209138846,78.98066783831284,22.24956063268893,69.03339191564149,15.289982425307558,27.205623901581724,34.516695957820744,39.26186291739895,31.3884007029877,18.488576449912127,54.20035149384886,57.188049209138846,16.801405975395433,82.63620386643234,69.94727592267137,33.63796133567663,73.56766256590511,75.81722319859404,56.44991212653779,68.29525483304043,53.53251318101934,38.31282952548331,68.89279437609842,27.55711775043937,50.333919156414765,50.86115992970124,75.3602811950791,62.636203866432346,55.67662565905097,80.28119507908612,14.797891036906856,49.98242530755712,29.595782073813712,42.95254833040422,71.38840070298771,67.5219683655536,25.62390158172232,95.07908611599298,67.5219683655536,55.81722319859403,33.81370826010545,85.76449912126539
CCC(CC)COC[C@H]1O[C@@]2(C#N)c3ccc4c(N)nc(nn34)O[C@@H]2[C@@H]1O,373.41300000000007,1.0038799999999997,8,2,4.0,0.7674919708751708,4,127.92,0,0,0,0.7762582,0.54335696,0.8792592,0.021636738,0.119766094,0.1324973,0.09905718,0.10287049,0.025375307,0.6196812,0.23504953,0.08754525,0.36001834,0.89982903,0.9857389,0.05099101,0.05306711,0.14072417,0.17014733,0.040096838,0.13009942,0.048860103,0.63961154,0.3043432,0.34761947,0.15882882,0.053139567,0.2697454,0.2796639,0.3317793,0.48273677,-5.048913,28.169292,45.57325,26.411316,-14.150557,3.3621852,2.351323,85.2137,-4.07454,7.497454,59.40246045694201,31.810193321616875,84.51669595782074,61.37082601054482,63.44463971880493,84.4639718804921,81.28295254833041,81.0896309314587,47.59226713532514,25.869947275922677,37.188049209138846,94.23550087873464,36.063268892794376,71.28295254833041,37.82073813708261,55.008787346221446,50.50966608084359,65.72934973637962,48.2249560632689,39.0158172231986,69.73637961335677,70.22847100175747,26.572934973637963,83.8664323374341,82.84710017574693,37.4340949033392,84.04217926186293,78.6291739894552,76.52021089630932,83.72583479789104,70.54481546572936,69.42003514938489,79.68365553602813,40.45694200351494,69.03339191564149,74.1652021089631,91.66959578207384,73.60281195079087,77.60984182776802,89.63093145869948,25.166959578207383,61.792618629174,42.49560632688928,46.74868189806679,65.69420035149385,65.62390158172232,40.35149384885765,91.9859402460457,68.04920913884007,61.58172231985941,30.72056239015817,83.72583479789104
N#CC(O)[C@H]1O[C@@](C#N)(c2ccc3c(N)ncnn23)[C@H](O)[C@@H]1O,316.27700000000004,-1.96454,9,4,4.0,0.4581557029412931,5,173.70999999999995,0,1,1,0.36551684,0.25568184,0.67616284,0.00036608274,0.004250171,0.037680518,0.0029545801,0.006531437,0.0024362577,0.120176695,0.0017982092,0.06469083,0.3205542,0.7776612,0.54252684,0.012239659,0.036119156,0.015088128,0.009170154,0.01270221,0.06869535,0.0028901282,0.015363468,0.0022053006,0.048867032,0.015374908,0.0054511256,0.004350751,0.098415986,0.22309875,0.042960078,-6.0313907,-22.124966,9.842443,8.186069,-23.758099,3.447181,-0.175633,43.46231,-2.0518193,-1.6121632,45.9402460456942,10.087873462214413,88.08435852372584,86.90685413005274,63.44463971880493,41.26537785588753,85.04393673110721,89.17398945518454,47.59226713532514,66.52021089630932,83.09314586994728,66.88927943760984,15.92267135325132,30.193321616871707,9.771528998242532,7.451669595782074,18.558875219683657,17.293497363796135,10.650263620386644,7.451669595782074,18.277680140597543,21.82776801405976,20.52724077328647,81.12478031634447,70.72056239015818,16.168717047451672,52.86467486818981,65.02636203866433,45.72934973637962,38.73462214411248,42.42530755711776,38.10193321616872,35.67662565905097,9.173989455184534,20.175746924428825,26.678383128295252,59.75395430579965,29.560632688927942,27.10017574692443,72.86467486818981,13.462214411247803,22.49560632688928,13.532513181019333,4.850615114235501,33.391915641476274,36.52021089630932,10.650263620386644,93.60281195079088,27.662565905096663,23.12829525483304,70.36906854130054,20.77328646748682
N#C[C@@]1(c2ccc3c(N)ncnn23)O[C@H](C=O)[C@@H](O)[C@H]1Oc1ccccc1,365.3490000000001,0.4365799999999991,8,2,4.0,0.6356459988322056,4,135.76000000000002,0,1,1,0.49012917,0.3713015,0.8783817,0.0060376767,0.045661427,0.20097601,0.027226482,0.022424478,0.0064544478,0.3153087,0.020827418,0.15723182,0.25097424,0.9552687,0.9274745,0.012256388,0.029585859,0.06344372,0.049778055,0.015879327,0.13192894,0.021417819,0.19214654,0.04251154,0.13741,0.06822691,0.016412415,0.048301864,0.12445023,0.27634925,0.17483532,-5.303299,27.604603,37.21406,-7.6904726,-16.986742,3.1496542,1.9995915,87.799866,-4.3782682,-4.558015,57.22319859402461,26.39718804920914,84.51669595782074,61.37082601054482,63.44463971880493,64.60456942003516,81.28295254833041,82.74165202108964,47.59226713532514,66.52021089630932,83.09314586994728,78.10193321616872,23.304042179261867,70.86115992970123,26.22144112478032,38.94551845342707,69.98242530755712,46.4323374340949,18.875219683655537,19.086115992970125,38.98066783831283,40.63268892794377,47.80316344463972,75.11423550087873,91.03690685413008,28.435852372583483,52.86467486818981,55.88752196836556,66.08084358523726,63.55008787346222,48.29525483304042,69.9121265377856,69.17398945518454,21.86291739894552,44.463971880492096,52.02108963093146,81.0896309314587,51.00175746924429,54.34094903339192,76.48506151142355,18.277680140597543,39.71880492091389,30.65026362038665,46.0456942003515,59.85940246045695,10.123022847100176,25.65905096660809,87.17047451669596,62.601054481546576,65.83479789103691,24.850615114235502,4.112478031634447
CCC1COC[C@H]2O[C@@](C#N)(c3ccc4c(N)ncnn34)[C@H](OC1C)[C@@H]2O,373.41300000000007,0.6201799999999997,8,2,4.0,0.7839711830533207,6,127.92,0,0,0,0.7833552,0.49536553,0.9122122,0.002030035,0.02627039,0.08125432,0.012274324,0.028461307,0.0023435554,0.4970476,0.052279852,0.06787105,0.23670559,0.9272354,0.9842822,0.012372131,0.01998682,0.03558075,0.077162236,0.010452361,0.07484073,0.009833466,0.42784423,0.033032034,0.19484183,0.057786204,0.018629678,0.060157795,0.1677455,0.2639066,0.22798614,-5.414674,17.635092,36.565998,15.810092,-17.286917,3.2762566,1.6068447,67.58403,-3.3167553,5.0193076,59.40246045694201,28.154657293497365,84.51669595782074,61.37082601054482,63.44463971880493,86.71353251318102,88.10193321616873,81.0896309314587,47.59226713532514,25.869947275922677,37.188049209138846,94.62214411247804,32.54833040421793,83.19859402460457,18.031634446397188,29.77152899824253,31.45869947275923,34.90333919156415,22.073813708260108,7.381370826010546,55.64147627416521,50.4042179261863,21.33567662565905,73.63796133567664,86.50263620386644,37.01230228471002,53.145869947275926,40.45694200351494,57.60984182776802,71.21265377855889,36.977152899824254,42.42530755711776,57.9261862917399,31.07205623901582,42.07381370826011,60.84358523725835,79.12126537785589,53.39191564147628,57.11775043936731,81.65202108963094,16.766256590509666,44.99121265377856,26.08084358523726,34.16520210896309,59.22671353251319,50.61511423550088,24.32337434094904,89.94727592267137,55.2548330404218,43.514938488576455,45.62390158172232,74.58699472759227
CCC(CC)COC[C@H]1O[C@@](C#N)(c2ccc3c(N)ncnn23)[C@H](O)[C@]1(O)C(CC)CC,445.5640000000002,2.4101799999999995,8,3,4.0,0.5065776412996064,4,138.92,0,0,0,0.4117499,0.43552956,0.8731586,0.0059815045,0.13705543,0.12055727,0.15434623,0.11069752,0.022593278,0.7262942,0.57174665,0.04238585,0.37370127,0.7726705,0.9924591,0.03082795,0.063733116,0.09233394,0.16892755,0.026716966,0.0621315,0.03441453,0.74944985,0.43114942,0.29073802,0.080781125,0.071690306,0.21737659,0.1549912,0.17324474,0.6676434,-5.1875906,51.40751,90.178375,42.211475,-15.775543,3.570702,3.5061944,92.924416,-4.6814446,12.72048,74.86818980667839,50.790861159929705,84.51669595782074,78.20738137082601,63.44463971880493,47.24077328646749,81.28295254833041,83.30404217926187,47.59226713532514,25.869947275922677,37.188049209138846,71.31810193321617,28.1195079086116,69.45518453427066,26.15114235500879,57.71528998242531,45.58875219683656,71.81019332161688,50.474516695957824,37.01230228471002,84.32337434094904,84.85061511423551,14.797891036906856,84.74516695957821,70.47451669595783,41.61687170474517,75.78207381370827,83.51493848857646,70.47451669595783,83.55008787346222,60.94903339191565,32.68892794376099,75.1493848857645,47.6274165202109,74.93848857644991,69.8066783831283,83.02284710017575,78.73462214411248,74.90333919156416,80.28119507908612,8.963093145869948,70.65026362038665,36.48506151142355,65.06151142355009,87.83831282952549,77.04745166959579,30.57996485061512,95.32513181019333,88.75219683655537,74.44639718804922,19.191564147627417,93.6731107205624
CCC(CCC(CC)COC(=O)O)COC(=O)O,262.302,3.2082000000000006,4,2,4.0,0.619600981366135,2,93.06000000000002,0,0,0,0.014499256,0.57564414,0.7456697,0.008360219,0.030391108,0.15445364,0.023735872,0.043449227,0.06230759,0.13281226,0.00037959582,0.30586496,0.11116922,0.20518827,0.80903023,0.0017013714,0.00845069,0.0012136837,0.0012423088,0.017823186,0.08503754,0.014514634,0.1417708,0.009561739,0.03653206,0.00073538104,0.0035948753,0.002574684,0.0027495753,0.4931147,0.04440352,-4.784348,61.461,28.66444,-23.60995,-9.025487,1.7523749,-0.061102487,85.307076,-3.0209184,-0.56849474,30.36906854130053,64.53427065026362,48.55887521968366,61.37082601054482,63.44463971880493,62.88224956063269,69.84182776801407,63.77855887521969,47.59226713532514,25.869947275922677,37.188049209138846,3.760984182776802,38.59402460456943,40.28119507908612,28.927943760984185,32.056239015817226,57.4340949033392,44.11247803163445,27.90861159929701,52.65377855887522,19.68365553602812,12.02108963093146,77.89103690685414,53.81370826010545,35.008787346221446,22.88224956063269,10.052724077328648,14.305799648506152,10.22847100175747,12.9701230228471,51.423550087873465,47.978910369068544,63.79613356766257,19.43760984182777,32.653778558875224,20.14059753954306,11.985940246045695,21.82776801405976,21.370826010544818,13.145869947275925,45.41300527240774,22.917398945518457,60.77328646748683,70.65026362038665,53.0755711775044,1.335676625659051,76.62565905096662,12.056239015817225,29.701230228471005,61.6871704745167,52.37258347978911,30.123022847100177
CCC(CC)COC(=O)C(OC(=O)O)C(CC)CC,274.357,3.465200000000002,4,1,4.0,0.6516690602666874,1,72.83,0,0,0,0.013491618,0.64821863,0.8334297,0.04197249,0.1428314,0.34234068,0.1280806,0.09219946,0.035379443,0.44654998,0.010633866,0.2597138,0.047034573,0.4543008,0.9881851,0.007650315,0.01568563,0.0030600189,0.009430936,0.03375113,0.092175126,0.1036696,0.7576968,0.06299877,0.085778244,0.0034163457,0.019048227,0.031325035,0.014155736,0.5239067,0.11785712,-4.395392,98.17433,61.17807,-11.398882,-5.825967,1.8377669,1.4197559,88.70661,-3.2451682,2.833038,33.21616871704745,68.6115992970123,48.55887521968366,36.59050966608085,63.44463971880493,67.17047451669596,55.32513181019333,48.66432337434095,47.59226713532514,25.869947275922677,37.188049209138846,3.4446397188049214,44.147627416520216,58.840070298769774,44.88576449912127,58.69947275922672,91.81019332161688,69.27943760984184,45.13181019332162,43.8664323374341,50.22847100175748,35.008787346221446,70.54481546572936,30.790861159929705,53.00527240773287,38.73462214411248,39.89455184534271,31.95079086115993,19.64850615114236,39.33216168717048,66.08084358523726,52.337434094903344,88.33040421792619,48.154657293497365,48.1195079086116,40.21089630931459,32.09138840070299,53.919156414762746,48.1195079086116,35.36028119507909,50.36906854130053,33.391915641476274,87.87346221441126,87.66256590509667,75.67662565905097,6.818980667838313,91.493848857645,15.571177504393674,51.91564147627417,67.38137082601055,47.0298769771529,61.75746924428823
CC(=O)O[C@@H]1[C@H](O)[C@@H](CO)O[C@@]1(C#N)c1ccc2c(N)ncnn12,333.30400000000003,-1.2859199999999995,9,3,4.0,0.5815819869050942,4,155.98999999999998,0,0,0,0.73390615,0.48350793,0.77403367,0.00075261586,0.007607722,0.072291866,0.003982775,0.0166065,0.005490189,0.25005808,0.004094464,0.104719125,0.34973752,0.82432336,0.80304945,0.015748626,0.029782945,0.020743482,0.014011607,0.011618288,0.090465344,0.004513447,0.0773051,0.0040792157,0.083121695,0.025513574,0.012113022,0.0076314313,0.1335083,0.38063514,0.08356842,-5.6245966,6.2221174,19.818216,-0.051512145,-19.750319,2.9940524,0.15491803,50.941513,-2.4477186,0.27566752,49.87697715289983,12.9701230228471,88.08435852372584,78.20738137082601,63.44463971880493,57.85588752196837,81.28295254833041,86.71353251318102,47.59226713532514,25.869947275922677,37.188049209138846,92.61862917398946,31.564147627416524,45.5536028119508,12.4780316344464,12.4780316344464,28.611599297012305,20.246045694200355,15.92267135325132,16.766256590509666,32.40773286467487,27.80316344463972,31.739894551845342,83.02284710017575,74.48154657293497,22.671353251318106,60.105448154657296,56.20386643233744,49.59578207381372,45.16695957820738,39.75395430579965,51.17750439367312,43.65553602811951,15.957820738137084,25.553602811950796,39.64850615114236,67.69771528998243,44.67486818980668,33.18101933216169,78.10193321616872,31.52899824253076,29.525483304042183,21.15992970123023,21.33567662565905,44.92091388400704,22.073813708260108,17.469244288224957,81.61687170474518,33.11072056239016,28.927943760984185,62.53075571177505,37.82073813708261
N#C[C@@]1(c2ccc3c(N)ncnn23)O[C@H](C(=O)O)[C@@H](O)[C@H]1O,305.25,-1.7644200000000003,8,4,4.0,0.5017584538853965,4,166.99,0,0,0,0.21212046,0.29432946,0.54422677,0.00027909776,0.0048533594,0.021653678,0.0035102225,0.0011883877,0.0020105313,0.04009737,0.0001429443,0.11902724,0.34099323,0.839258,0.16844776,0.0029648494,0.021829916,0.009934871,0.0013910232,0.0068318667,0.066686496,0.00070489536,0.0015209895,0.00045116618,0.026665602,0.004161734,0.001277735,0.00060225703,0.031356856,0.18551478,0.013035268,-6.408989,-29.557552,-6.272326,8.202088,-24.098768,2.7229085,-1.7991276,48.522736,-1.8195292,-0.6453566,42.14411247803164,10.369068541300528,84.51669595782074,86.90685413005274,63.44463971880493,46.60808435852373,81.28295254833041,88.40070298769773,47.59226713532514,25.869947275922677,37.188049209138846,48.61159929701231,19.0158172231986,19.43760984182777,8.998242530755713,8.295254833040422,13.42706502636204,18.910369068541304,4.991212653778559,6.537785588752198,7.240773286467488,6.32688927943761,36.73110720562391,82.60105448154658,75.7469244288225,9.314586994727591,17.3286467486819,43.8664323374341,39.36731107205624,14.13005272407733,25.166959578207383,36.20386643233744,15.360281195079088,4.358523725834798,8.752196836555362,14.446397188049213,35.606326889279444,10.685413005272409,9.666080843585238,51.56414762741653,9.91212653778559,7.943760984182777,9.314586994727591,3.4446397188049214,17.855887521968366,36.555360281195085,10.298769771529,67.6274165202109,9.876977152899824,26.92442882249561,73.39191564147627,29.173989455184536
CCCC(C)COC[C@H]1O[C@@](C#N)(c2ccc3c(N)ncnn23)[C@H](O)[C@@H]1O,375.429,0.6037799999999993,8,3,4.0,0.6393449690110126,5,138.92,0,0,0,0.60612166,0.3120809,0.84019166,0.0011745048,0.020722298,0.0829123,0.012323836,0.044353,0.009109631,0.45625106,0.043920226,0.05748891,0.41089296,0.79513514,0.9339463,0.035497315,0.047973514,0.030501116,0.074159525,0.028594345,0.09542404,0.034046996,0.23776145,0.078922585,0.1676543,0.068647064,0.032020573,0.0762534,0.22832747,0.2664876,0.29988682,-5.4813256,19.822405,47.401287,22.18247,-18.200665,3.4643865,1.9775934,77.08158,-3.582718,7.5615387,59.68365553602813,28.014059753954307,84.51669595782074,78.20738137082601,63.44463971880493,65.20210896309315,85.04393673110721,83.30404217926187,47.59226713532514,25.869947275922677,37.188049209138846,86.36203866432338,19.96485061511424,60.31634446397189,14.797891036906856,25.83479789103691,31.810193321616875,34.97363796133568,28.365553602811957,23.97188049209139,51.07205623901582,48.26010544815466,18.242530755711776,87.10017574692444,71.84534270650265,29.068541300527244,78.13708260105449,75.32513181019333,55.85237258347979,70.33391915641477,62.42530755711776,54.30579964850616,75.00878734622145,23.866432337434095,50.333919156414765,57.39894551845343,81.195079086116,63.16344463971881,60.421792618629176,86.5377855887522,17.047451669595784,50.36906854130053,24.21792618629174,37.04745166959579,66.81898066783832,60.913884007029885,20.984182776801408,93.77855887521967,62.108963093145874,53.04042179261863,40.56239015817224,83.9718804920914
CCC(CC)COC[C@H]1O[C@@](C#N)(c2ccc3c(N)ncnn23)[C@H](O)[C@@H]1OC,389.4560000000001,1.2578799999999994,8,2,4.0,0.6904276514403418,4,127.92,0,0,0,0.4555065,0.3676341,0.8899256,0.0015294275,0.038479455,0.111499116,0.029069757,0.058264602,0.0071809976,0.5112741,0.100886025,0.061246704,0.32518476,0.8329426,0.97211474,0.019562494,0.038497455,0.035473354,0.07224232,0.019801755,0.069633916,0.021077301,0.41765213,0.09162268,0.15213703,0.04688754,0.030515036,0.06403066,0.12728384,0.21126246,0.33289197,-5.1942244,32.25149,58.541332,30.594015,-15.758389,3.5330372,2.4841318,79.22177,-3.93599,9.373968,62.98769771528999,34.72759226713533,84.51669595782074,61.37082601054482,63.44463971880493,73.35676625659052,81.28295254833041,81.0896309314587,47.59226713532514,25.869947275922677,37.188049209138846,75.07908611599298,23.09314586994728,75.21968365553603,16.520210896309315,35.99297012302285,41.0896309314587,47.38137082601055,33.32161687170475,20.84358523725835,57.32864674868191,58.38312829525484,19.121265377855888,81.44112478031636,75.32513181019333,33.95430579964851,65.3427065026362,67.80316344463972,57.50439367311073,69.8066783831283,54.23550087873463,39.05096660808436,68.85764499121267,30.65026362038665,51.91564147627417,54.86818980667839,76.37961335676626,62.601054481546576,58.31282952548331,76.90685413005274,12.442882249560634,53.04042179261863,36.16871704745167,50.68541300527241,74.0597539543058,68.8224956063269,30.615114235500883,94.8681898066784,70.72056239015818,55.21968365553603,33.5676625659051,88.6115992970123
CCC(COC[C@H]1O[C@@](C#N)(c2ccc3c(N)ncnn23)[C@H](O)[C@@H]1O)C(C)C,389.4560000000001,0.8497799999999995,8,3,4.0,0.6332441309609729,5,138.92,0,0,0,0.53681946,0.2838095,0.84533757,0.0009922701,0.019025039,0.0686843,0.012972919,0.049497545,0.009021421,0.45010218,0.0495314,0.051759638,0.40997806,0.724314,0.91331756,0.030422892,0.047944136,0.026252776,0.05893456,0.025837485,0.08351791,0.025208268,0.24611554,0.07066357,0.13074417,0.049369805,0.029917773,0.06133809,0.17188722,0.25775132,0.30032602,-5.4633327,21.224382,51.876923,27.53859,-18.11604,3.4887161,2.1664329,79.946594,-3.7782998,8.692248,62.98769771528999,30.26362038664324,84.51669595782074,78.20738137082601,63.44463971880493,64.4639718804921,85.04393673110721,83.30404217926187,47.59226713532514,25.869947275922677,37.188049209138846,81.72231985940246,18.10193321616872,61.968365553602816,13.884007029876978,24.63971880492092,27.59226713532513,35.571177504393674,29.94727592267136,23.866432337434095,50.43936731107206,49.38488576449912,17.012302284710017,87.06502636203867,67.31107205623903,27.346221441124783,75.57117750439367,75.32513181019333,53.35676625659051,66.88927943760984,60.07029876977153,47.31107205623902,71.03690685413005,24.11247803163445,49.38488576449912,51.10720562390159,77.5395430579965,62.03866432337435,57.644991212653785,81.96836555360282,16.203866432337435,50.36906854130053,24.74516695957821,38.94551845342707,69.98242530755712,66.46748681898067,21.23022847100176,94.41124780316343,65.20210896309315,55.81722319859403,36.69595782073814,86.95957820738138
CCC1(CC)COC[C@H]2O[C@@](C#N)(c3ccc4c(N)ncnn34)[C@H](O1)[C@@H]2O,373.41300000000007,0.7642799999999994,8,2,4.0,0.8070893906728949,4,127.92,0,0,0,0.8957755,0.56738156,0.8980544,0.003707511,0.030514201,0.074512854,0.014726581,0.033229925,0.00267302,0.51464105,0.0701267,0.061270356,0.27420098,0.9092515,0.9867288,0.01703822,0.02820848,0.05262197,0.085046284,0.013062781,0.083721876,0.009276609,0.42726284,0.033919778,0.21058401,0.07094766,0.023164919,0.060809076,0.20254056,0.33663207,0.23765182,-5.331851,23.67373,44.542805,21.189892,-16.745052,3.288098,1.7611504,68.38374,-3.3983243,6.4738464,59.40246045694201,29.66608084358524,84.51669595782074,61.37082601054482,63.44463971880493,90.4042179261863,81.28295254833041,81.0896309314587,47.59226713532514,25.869947275922677,37.188049209138846,97.29349736379616,38.06678383128296,78.03163444639719,22.24956063268893,32.056239015817226,29.173989455184536,37.15289982425308,24.28822495606327,8.471001757469246,57.644991212653785,53.67311072056239,19.121265377855888,77.08260105448156,83.9718804920914,37.96133567662567,62.03866432337435,53.919156414762746,63.23374340949034,72.68892794376099,43.2688927943761,47.45166959578208,56.871704745166966,31.07205623901582,42.24956063268893,62.7768014059754,81.40597539543059,57.82073813708261,57.36379613356767,84.92091388400704,25.483304042179263,45.51845342706503,29.384885764499124,42.39015817223199,65.09666080843586,59.54305799648507,26.432337434094904,90.1230228471002,57.82073813708261,44.11247803163445,44.18277680140598,80.28119507908612
CCC(CC)C(O)OC[C@H]1O[C@@](C#N)(c2ccc3c(N)ncnn23)[C@H](O)[C@@H]1O,391.42800000000005,-0.07782,9,4,4.0,0.4734565056714191,5,159.14999999999998,0,1,1,0.47317705,0.22994182,0.803105,0.00042612795,0.012494499,0.053906433,0.0077800476,0.022668991,0.004894362,0.325844,0.023156783,0.04521181,0.36795163,0.7597569,0.8464999,0.020290803,0.049375825,0.019297982,0.038085796,0.017908141,0.07826438,0.014327569,0.10541223,0.028923094,0.08627499,0.03087022,0.015838431,0.02723664,0.14295422,0.20417836,0.1976994,-5.680152,17.545721,44.16375,22.209421,-20.928768,3.2256489,1.3401148,64.528656,-3.1912277,7.3772798,63.55008787346222,21.47627416520211,88.08435852372584,86.90685413005274,63.44463971880493,42.91739894551846,85.04393673110721,87.38137082601055,47.59226713532514,66.52021089630932,83.09314586994728,76.69595782073814,15.008787346221444,51.3884007029877,10.333919156414764,18.945518453427063,23.51493848857645,27.978910369068544,19.0158172231986,15.395430579964852,39.85940246045695,41.72231985940246,15.430579964850615,84.49912126537787,69.87697715289983,24.04217926186292,66.4323374340949,76.13356766256591,48.85764499121266,59.19156414762743,51.493848857645,44.21792618629174,63.69068541300528,17.504393673110723,41.23022847100176,40.35149384885765,70.19332161687171,50.15817223198594,46.29173989455185,79.08611599297014,11.775043936731109,42.07381370826011,19.929701230228478,34.059753954305805,64.60456942003516,60.98418277680141,14.868189806678384,88.78734622144113,50.75571177504394,40.56239015817224,48.1195079086116,83.19859402460457
CO[C@@H]1[C@H](O)[C@@H](C=O)O[C@@]1(C#N)c1ccc2c(N)ncnn12,303.278,-0.99602,8,2,4.0,0.6892837212368609,4,135.76000000000002,0,1,1,0.67720574,0.46336955,0.81442386,0.0005866901,0.004489436,0.07700105,0.0022928251,0.011972231,0.0015831285,0.20829034,0.0016358087,0.10053518,0.26945096,0.8809255,0.8413881,0.014500186,0.02466191,0.018784553,0.013417212,0.010132771,0.07822211,0.0050266893,0.06742565,0.0024443925,0.07840352,0.026810136,0.012469332,0.008012516,0.13075253,0.3549389,0.051715225,-5.4267282,9.621935,19.27993,2.984831,-17.78301,3.0504813,0.58908284,56.892334,-2.9754937,-0.80471194,41.51142355008788,14.83304042179262,84.51669595782074,61.37082601054482,63.44463971880493,73.25131810193322,81.28295254833041,82.74165202108964,47.59226713532514,66.52021089630932,83.09314586994728,90.36906854130054,30.298769771529003,53.81370826010545,11.63444639718805,7.838312829525484,30.052724077328648,14.727592267135329,13.954305799648507,4.92091388400703,27.521968365553604,21.23022847100176,30.36906854130053,76.52021089630932,80.0,23.90158172231986,58.06678383128296,48.822495606326896,48.54130052724078,44.60456942003516,36.063268892794376,44.18277680140598,45.51845342706503,15.1493848857645,21.01933216168717,37.89103690685413,68.43585237258348,45.37785588752197,33.53251318101933,77.39894551845343,28.049209138840077,24.74516695957821,25.76449912126538,25.342706502636204,44.04217926186292,27.205623901581724,22.63620386643234,83.90158172231986,40.03514938488577,33.49736379613357,53.35676625659051,27.48681898066784
CCC(COC(=O)CN[P@](=O)(O)Oc1ccccc1)C(C)C,329.333,2.980800000000001,4,2,4.0,0.5350584422143307,2,84.86,0,1,2,0.06780484,0.8637226,0.8728882,0.099861614,0.15960349,0.32280812,0.05325637,0.3396114,0.22618231,0.5071763,0.04553627,0.25196952,0.18619077,0.2458559,0.99757594,0.0057998523,0.019938845,0.014184502,0.012712352,0.019092249,0.112683855,0.033221956,0.8838234,0.15861979,0.069848254,0.0036353625,0.014947978,0.03331973,0.008814281,0.59326816,0.48615676,-5.1131983,56.374798,65.363235,5.589161,-9.181132,2.688415,2.4446416,83.63472,-2.216082,4.899028,48.99824253075572,61.01933216168717,48.55887521968366,61.37082601054482,63.44463971880493,51.07205623901582,69.84182776801407,57.9261862917399,47.59226713532514,66.52021089630932,95.07908611599298,18.66432337434095,63.514938488576455,69.38488576449913,55.50087873462215,60.66783831282953,89.84182776801407,56.02811950790861,79.43760984182778,73.04042179261863,56.8365553602812,48.7170474516696,69.03339191564149,67.97891036906854,38.87521968365554,49.17398945518454,31.634446397188054,40.38664323374341,44.99121265377856,43.69068541300528,53.53251318101934,62.70650263620387,74.6572934973638,62.601054481546576,58.91036906854131,34.481546572934974,33.286467486818985,48.75219683655536,49.24428822495607,27.80316344463972,59.613356766256594,62.03866432337435,39.789103690685415,68.15465729349737,78.10193321616872,32.056239015817226,75.67662565905097,65.20210896309315,69.8066783831283,60.00000000000001,67.24077328646749,73.84885764499121
CCC(CC)CCC(CC)COC(=O)O,216.321,3.923600000000003,2,1,4.0,0.6253195681347539,1,46.53,0,0,0,0.0111181885,0.8431498,0.8268129,0.04697443,0.037206404,0.2515038,0.027793908,0.27598935,0.08816631,0.35022584,0.0013955486,0.24547705,0.061647605,0.1341305,0.9918214,0.0024792945,0.0077942694,0.0013454141,0.0038857409,0.02037118,0.08309759,0.039509915,0.8328334,0.039808206,0.04210671,0.000725945,0.0094107045,0.022799134,0.0033841296,0.70227003,0.17264876,-4.375312,97.598,51.916515,6.2772737,-4.6199884,1.718203,1.8708674,89.11999,-3.8217933,5.1961365,20.562390158172235,75.99297012302286,17.10017574692443,36.59050966608085,63.44463971880493,63.69068541300528,55.32513181019333,28.26010544815466,47.59226713532514,25.869947275922677,37.188049209138846,2.9525483304042184,61.6871704745167,57.25834797891037,46.18629173989456,35.21968365553603,80.14059753954307,46.74868189806679,75.18453427065027,58.03163444639719,41.6871704745167,20.45694200351494,67.83831282952549,37.15289982425308,24.49912126537786,41.05448154657294,14.903339191564148,13.005272407732866,11.24780316344464,26.502636203866437,54.79789103690686,47.1353251318102,77.04745166959579,55.2548330404218,43.72583479789104,23.057996485061512,11.810193321616874,40.0,44.18277680140598,15.430579964850615,73.25131810193322,39.57820738137083,88.50615114235502,87.59226713532514,69.98242530755712,33.35676625659051,94.30579964850617,11.107205623901583,59.68365553602813,67.97891036906854,35.746924428822496,75.1493848857645
CCC(CC)CO[C@H]1[C@@H](O)[C@](C#N)(c2ccc3c(N)ncnn23)O[C@@H]1CO,375.4290000000001,0.60378,8,3,4.0,0.6393449690110126,4,138.92,0,0,0,0.501284,0.3040281,0.8357822,0.0014539472,0.026345482,0.08629376,0.020007947,0.03558167,0.007552932,0.39104772,0.056203764,0.072089344,0.34638858,0.8096775,0.9013613,0.021348326,0.046503346,0.029824328,0.048537795,0.020862501,0.086807296,0.015162757,0.18979749,0.044059772,0.12344754,0.043872815,0.020644736,0.03373318,0.14261267,0.23759899,0.23335159,-5.4222836,24.847988,50.204517,25.356464,-17.262112,3.388799,2.0599766,76.60189,-3.5368125,8.60283,59.68365553602813,28.014059753954307,84.51669595782074,78.20738137082601,63.44463971880493,65.20210896309315,81.28295254833041,83.30404217926187,47.59226713532514,25.869947275922677,37.188049209138846,79.15641476274166,19.578207381370827,59.57820738137083,16.028119507908613,29.841827768014063,32.54833040421793,41.335676625659055,24.850615114235502,21.40597539543058,45.23725834797892,51.14235500878735,22.70650263620387,82.84710017574693,73.28646748681899,26.256590509666083,67.66256590509667,74.41124780316345,55.46572934973639,62.91739894551846,55.50087873462215,49.24428822495607,64.21792618629175,21.757469244288227,44.74516695957821,49.45518453427066,75.3602811950791,55.67662565905097,49.52548330404218,79.05096660808437,14.551845342706503,45.23725834797892,25.869947275922677,43.44463971880492,68.68189806678383,64.53427065026362,24.46397188049209,92.5834797891037,63.62038664323375,52.4780316344464,41.54657293497364,86.71353251318102
CCC(CC)COC(O)[C@@H]1CO[P@](=O)(Oc2ccccc2)N1,329.333,2.9331000000000014,5,2,4.0,0.5639722607087905,3,77.02,0,2,3,0.6174262,0.83568895,0.82713765,0.089741565,0.3344232,0.20220578,0.12383513,0.3709274,0.21322012,0.6836967,0.449541,0.15457836,0.24294575,0.41857782,0.9981686,0.015024406,0.03498785,0.09707679,0.10764418,0.03137256,0.13903202,0.048968267,0.8963542,0.53529227,0.25214174,0.026174646,0.047619868,0.2000781,0.05103279,0.54869604,0.7524924,-5.145796,34.5955,64.816025,21.931137,-10.312414,3.411839,2.9019895,82.03454,-2.706091,5.0386186,48.99824253075572,60.31634446397189,61.880492091388405,61.37082601054482,63.44463971880493,55.53602811950791,76.60808435852373,51.9859402460457,47.59226713532514,87.9261862917399,98.89279437609842,86.81898066783832,60.87873462214412,57.32864674868191,53.88400702987698,76.30931458699473,70.36906854130054,68.7170474516696,81.15992970123024,71.9859402460457,78.59402460456943,80.56239015817224,46.95957820738138,74.51669595782074,50.93145869947276,51.24780316344464,59.050966608084366,63.30404217926187,70.75571177504395,76.16871704745168,64.92091388400704,72.05623901581723,79.7188049209139,64.71001757469244,79.12126537785589,66.81898066783832,68.18980667838314,71.45869947275924,73.95430579964851,60.73813708260106,53.77855887521969,75.71177504393674,38.45342706502637,52.68892794376099,77.89103690685414,60.66783831282953,68.01405975395431,93.11072056239016,77.99648506151144,58.06678383128296,57.39894551845343,74.6572934973638
CCC(CC)COC[C@H]1O[C@@](C#N)(c2ccc3c(N)ncnn23)[C@](O)(CC)[C@@H]1O,403.4830000000001,1.383979999999999,8,3,4.0,0.6007012145415206,4,138.92,0,0,0,0.5072061,0.37141335,0.8645784,0.001568706,0.02663969,0.08843168,0.024019558,0.06338682,0.0081770215,0.5718582,0.18723452,0.03833338,0.36158517,0.7515745,0.9849766,0.037812684,0.06391998,0.03876316,0.0899032,0.02264984,0.06968359,0.02714011,0.4331662,0.1334375,0.16956416,0.060768984,0.044050314,0.08794457,0.18444824,0.22079977,0.374515,-5.3109465,26.782888,60.84187,32.85981,-16.902203,3.6247985,2.5348685,81.407715,-3.9803414,9.7040205,66.08084358523726,36.41476274165203,84.51669595782074,78.20738137082601,63.44463971880493,60.31634446397189,81.28295254833041,83.30404217926187,47.59226713532514,25.869947275922677,37.188049209138846,79.47275922671353,23.33919156414763,67.1353251318102,16.590509666080845,30.017574692442885,33.53251318101933,44.25307557117751,34.797891036906854,22.601054481546576,63.79613356766257,66.6432337434095,14.200351493848858,84.00702987697716,69.24428822495607,37.04745166959579,79.0158172231986,83.62038664323376,58.734622144112485,73.77855887521969,57.71528998242531,39.08611599297013,72.37258347978911,31.247803163444644,56.44991212653779,57.57469244288225,79.57820738137083,69.73637961335677,62.70650263620387,83.02284710017575,13.391915641476276,56.06326889279438,30.298769771529003,45.27240773286468,75.50087873462215,70.50966608084359,25.9402460456942,96.06326889279438,71.77504393673111,57.29349736379614,32.829525483304046,89.52548330404218
CCC(CC)COC(=O)[C@H](C)N[P@](=O)(O)OC1=CC(O)C(O)C=C1,363.347,1.2363999999999995,6,4,4.0,0.3560889696769116,4,125.32,0,1,1,0.22021618,0.5017276,0.66386664,0.027349766,0.05464114,0.09496947,0.017920306,0.17152952,0.097340226,0.39822912,0.06445512,0.10836536,0.12893634,0.12409212,0.8673353,0.026286805,0.04487969,0.028399676,0.023779571,0.047635768,0.121148266,0.019822221,0.41260988,0.07391815,0.1086395,0.010932215,0.026430389,0.04318034,0.033772666,0.530033,0.32121786,-5.6392717,13.061154,44.109467,6.0461826,-16.704372,3.3931713,1.6801275,62.66041,-1.4187903,1.7933595,56.97715289982426,34.58699472759227,72.46045694200352,86.90685413005274,63.44463971880493,27.416520210896312,81.28295254833041,80.597539543058,47.59226713532514,66.52021089630932,83.09314586994728,50.12302284710018,33.04042179261863,28.47100175746925,40.38664323374341,41.335676625659055,35.64147627416521,39.789103690685415,63.8664323374341,59.92970123022848,46.010544815465735,52.79437609841828,33.00527240773287,57.644991212653785,22.70650263620387,24.67486818980668,72.47803163444641,73.42706502636204,54.48154657293498,52.68892794376099,74.09490333919157,66.67838312829527,67.83831282952549,30.40421792618629,49.73637961335677,46.29173989455185,53.25131810193322,60.03514938488577,52.72407732864675,52.61862917398946,51.28295254833041,52.09138840070299,20.70298769771529,29.314586994727595,64.60456942003516,32.86467486818981,26.5377855887522,92.688927943761,56.37961335676626,38.69947275922672,78.5237258347979,53.60281195079087
CO[C@H]1[C@@H](O)[C@](C#N)(c2ccc3c(N)ncnn23)O[C@@H]1CO,305.2940000000001,-1.2026199999999996,8,3,4.0,0.6421379839414074,4,138.92,0,0,0,0.5830883,0.3904069,0.8356102,0.000631604,0.007859344,0.067410566,0.0045334874,0.01282143,0.0015197934,0.21590836,0.0033359355,0.08480197,0.2381953,0.87911,0.87097615,0.010295518,0.025429169,0.021224052,0.012830441,0.009347374,0.071967475,0.003486876,0.074463084,0.0028533419,0.061805647,0.021251515,0.007954261,0.007046932,0.08611187,0.26622245,0.060574196,-5.5712495,1.595266,11.414011,9.87351,-19.22025,3.0394642,0.15602615,42.063957,-2.0468428,1.7974774,42.1792618629174,13.391915641476276,84.51669595782074,78.20738137082601,63.44463971880493,65.65905096660809,81.28295254833041,83.30404217926187,47.59226713532514,25.869947275922677,37.188049209138846,85.09666080843586,24.710017574692444,59.472759226713535,11.8804920913884,12.79437609841828,27.31107205623902,21.370826010544818,14.094903339191566,4.674868189806679,28.50615114235501,26.01054481546573,25.97539543057997,73.95430579964851,79.7188049209139,24.88576449912127,48.189806678383135,49.73637961335677,49.94727592267136,43.90158172231986,33.63796133567663,40.56239015817224,39.22671353251319,15.676625659050968,22.49560632688928,32.26713532513181,65.3427065026362,36.48506151142355,32.4780316344464,70.40421792618629,17.012302284710017,26.32688927943761,22.31985940246046,16.133567662565905,35.36028119507909,39.71880492091389,18.242530755711776,83.47978910369069,33.11072056239016,21.89806678383129,70.43936731107206,53.60281195079087
CCC(CC)COC[C@H]1O[C@@](C#N)(c2c(C)cc3c(N)ncnn23)[C@H](O)[C@@H]1O,389.4560000000001,0.9121999999999996,8,3,4.0,0.6349596599343371,4,138.92,0,0,0,0.44123182,0.3109254,0.87552786,0.0009721223,0.01791493,0.09063642,0.012003896,0.052372493,0.0069184927,0.49088365,0.07502753,0.045397323,0.36293906,0.7794655,0.9567205,0.02576237,0.04808719,0.025596548,0.0547459,0.018039709,0.07118593,0.022229759,0.31711233,0.08946279,0.13286182,0.045555,0.0224117,0.054716576,0.15503186,0.21196146,0.3176981,-5.3806276,26.095404,54.171234,27.311829,-17.610514,3.4538753,2.4088063,83.74493,-3.9636662,8.497047,62.98769771528999,30.931458699472763,84.51669595782074,78.20738137082601,63.44463971880493,64.56942003514939,81.28295254833041,83.30404217926187,47.59226713532514,25.869947275922677,37.188049209138846,73.60281195079087,19.859402460456945,70.12302284710019,13.81370826010545,23.7609841827768,34.13005272407733,34.692442882249566,31.07205623901582,20.246045694200355,54.833040421792624,54.23550087873463,15.571177504393674,84.18277680140598,70.96660808435853,31.423550087873465,72.05623901581723,75.39543057996485,52.93497363796134,65.48330404217927,51.81019332161688,39.92970123022848,69.73637961335677,26.85413005272408,51.63444639718806,51.35325131810194,75.95782073813709,57.15289982425308,55.99297012302285,80.28119507908612,12.548330404217928,51.73989455184535,27.275922671353253,44.67486818980668,71.66959578207381,66.32688927943761,23.374340949033392,93.6731107205624,69.06854130052724,60.07029876977153,33.21616871704745,86.4323374340949
CCC(COC(=O)[C@H](C)N[P@](=O)(O)Oc1ccccc1)C(C)C,343.36,3.369300000000002,4,2,4.0,0.5281470213189523,3,84.86,0,1,2,0.0709047,0.781407,0.83377,0.14897978,0.20898816,0.32334986,0.10929177,0.32433492,0.26967928,0.56200105,0.119400546,0.2274286,0.17416754,0.27620006,0.9954308,0.008972959,0.023878273,0.0228622,0.037698876,0.041511655,0.14316732,0.07166507,0.85566646,0.30972704,0.123073086,0.0060662916,0.03725577,0.11538669,0.021904035,0.5855099,0.5763737,-5.1461887,49.743614,66.31764,12.776807,-9.61027,2.8828342,2.787642,85.67324,-2.4922276,5.60504,52.26713532513182,66.78383128295255,48.55887521968366,61.37082601054482,63.44463971880493,50.08787346221442,76.60808435852373,57.9261862917399,47.59226713532514,66.52021089630932,95.07908611599298,19.40246045694201,55.43057996485062,59.0158172231986,61.30052724077329,66.22144112478033,89.9121265377856,67.02987697715291,78.45342706502637,75.78207381370827,62.84710017574693,60.45694200351495,64.99121265377856,66.29173989455185,41.26537785588753,45.13181019332162,44.11247803163445,47.697715289982426,51.24780316344464,58.98066783831283,71.28295254833041,72.86467486818981,84.39367311072057,58.101933216168725,69.24428822495607,49.38488576449912,41.54657293497364,66.25659050966608,66.32688927943761,43.971880492091394,58.38312829525484,66.57293497363797,38.45342706502637,63.55008787346222,78.66432337434095,45.13181019332162,73.00527240773287,76.62565905096662,75.95782073813709,62.17926186291741,61.652021089630935,77.15289982425308
CCC(CC)CO[C@@H]1[C@H](O)[C@@H](C=O)O[C@@]1(C#N)c1ccc2c(N)ncnn12,373.41300000000007,0.8103799999999999,8,2,4.0,0.6806018796239716,4,135.76000000000002,0,1,1,0.5855891,0.34974727,0.8214487,0.0012491395,0.02131496,0.10626511,0.013656341,0.03449787,0.00831893,0.39039963,0.03438371,0.08919776,0.36136058,0.8221075,0.8719805,0.030421128,0.04483571,0.02520295,0.05836141,0.024946522,0.09801228,0.024250928,0.18792227,0.045626156,0.1575987,0.058973216,0.03190598,0.042248957,0.19761094,0.3097934,0.21825357,-5.249427,33.95248,55.64387,19.32487,-15.717565,3.3686988,2.4218068,86.31983,-4.3054223,5.923316,59.40246045694201,29.876977152899823,84.51669595782074,61.37082601054482,63.44463971880493,71.95079086115993,81.28295254833041,82.74165202108964,47.59226713532514,66.52021089630932,83.09314586994728,85.20210896309315,22.1792618629174,55.67662565905097,15.114235500878737,26.36203866432337,39.33216168717048,36.16871704745167,24.63971880492092,22.88224956063269,45.09666080843586,45.5536028119508,27.10017574692443,83.9718804920914,74.34094903339192,24.99121265377856,75.57117750439367,73.39191564147627,52.65377855887522,66.85413005272409,59.472759226713535,55.57117750439368,70.72056239015818,21.687170474516694,44.88576449912127,55.67662565905097,79.33216168717048,63.16344463971881,52.37258347978911,84.60456942003516,22.601054481546576,43.8664323374341,33.427065026362044,52.12653778558876,72.54833040421794,56.871704745166966,30.826010544815468,92.12653778558877,69.27943760984184,63.30404217926187,26.22144112478032,78.38312829525483
CCc1cc([C@]2(C#N)O[C@H](COCC(CC)CC)[C@@H](O)[C@H]2O)n2ncnc(N)c12,403.48300000000006,1.1661799999999996,8,3,4.0,0.5967376116622656,4,138.92000000000002,0,0,0,0.49954003,0.28198737,0.86128634,0.0012344872,0.026065523,0.090136856,0.014991281,0.059430145,0.010772757,0.51958954,0.0986989,0.047663078,0.35885477,0.7696701,0.938986,0.033844322,0.056679778,0.027960783,0.06653013,0.02363753,0.08151277,0.034071464,0.3372746,0.14750668,0.16344702,0.057514407,0.027096163,0.08521506,0.18268326,0.24042642,0.35747546,-5.299869,38.33874,63.050667,26.528418,-16.679998,3.2671711,2.6220384,87.57228,-4.10236,8.431128,66.08084358523726,33.708260105448154,84.51669595782074,78.20738137082601,63.44463971880493,59.472759226713535,81.28295254833041,83.30404217926187,47.59226713532514,25.869947275922677,37.188049209138846,79.08611599297014,17.926186291739896,66.08084358523726,15.008787346221444,29.66608084358524,34.059753954305805,37.36379613356767,33.67311072056239,25.9402460456942,58.03163444639719,57.99648506151143,15.817223198594029,83.79613356766258,70.29876977152901,29.66608084358524,77.04745166959579,80.63268892794378,54.376098418277685,68.8224956063269,58.418277680140605,46.326889279437616,75.00878734622145,27.59226713532513,57.750439367311074,56.73110720562391,79.0158172231986,60.31634446397189,62.21441124780317,82.8822495606327,14.938488576449911,55.11423550087874,30.755711775043935,55.57117750439368,76.62565905096662,65.65905096660809,26.60808435852373,89.52548330404218,73.1810193321617,65.4481546572935,30.08787346221441,86.18629173989456
CCC(CC)COC[C@@]12O[C@H]([C@@H]1O)[C@](C#N)(c1ccc3c(N)ncnn13)O2,373.4130000000001,0.96938,8,2,4.0,0.7346266170288736,4,127.92,0,0,0,0.8540906,0.5264886,0.8655672,0.00078010245,0.027174672,0.07077875,0.016209036,0.040613104,0.005579308,0.57866657,0.11735821,0.05228905,0.31422362,0.86449337,0.978817,0.0390598,0.040300034,0.029368725,0.12201594,0.023194384,0.08531262,0.02705262,0.47984642,0.109607145,0.28060406,0.09376477,0.03867608,0.13143386,0.26886958,0.35299572,0.33603972,-5.21152,37.119728,61.752888,30.526783,-15.177274,3.3787055,2.6271865,84.63434,-4.157098,8.255142,59.40246045694201,31.669595782073817,84.51669595782074,61.37082601054482,63.44463971880493,79.96485061511424,81.28295254833041,81.0896309314587,47.59226713532514,25.869947275922677,37.188049209138846,96.30931458699472,34.692442882249566,67.38137082601055,12.688927943760984,30.333919156414765,28.1195079086116,38.20738137082601,26.85413005272408,17.082601054481547,64.67486818980669,60.140597539543066,17.047451669595784,80.52724077328648,78.10193321616872,35.67662565905097,79.6133567662566,69.45518453427066,55.07908611599297,78.45342706502637,57.99648506151143,48.154657293497365,72.30228471001759,33.25131810193322,53.919156414762746,69.3145869947276,84.85061511423551,67.17047451669596,67.87346221441125,89.06854130052724,27.732864674868196,53.46221441124781,35.21968365553603,54.76274165202109,75.88752196836556,68.8224956063269,34.235500878734626,92.44288224956064,73.28646748681899,60.87873462214412,29.068541300527244,85.72934973637962
CCC(CC)C1OC[C@H]2O[C@@](C#N)(c3ccc4c(N)ncnn34)[C@H](O1)[C@@H]2O,373.41300000000007,0.9677799999999994,8,2,4.0,0.8111742260494392,5,127.92,0,0,0,0.8077552,0.45841455,0.8758456,0.0009848191,0.02805278,0.07075559,0.012622031,0.030596405,0.0039322847,0.5030509,0.057131518,0.070014365,0.2944921,0.89408875,0.9683777,0.021127483,0.028425913,0.029113626,0.08784811,0.017163573,0.08444581,0.014846829,0.36700955,0.04606574,0.22798505,0.0633951,0.026584577,0.0754026,0.22126758,0.3063248,0.26292074,-5.310605,27.04974,52.608624,21.340567,-16.340092,3.45202,2.3683069,81.268326,-4.032095,6.061521,59.40246045694201,31.669595782073817,84.51669595782074,61.37082601054482,63.44463971880493,90.75571177504396,85.04393673110721,81.0896309314587,47.59226713532514,25.869947275922677,37.188049209138846,94.97363796133568,29.912126537785596,70.22847100175747,13.884007029876978,30.826010544815468,28.08435852372584,35.254833040421794,22.847100175746927,12.72407732864675,56.16871704745167,51.493848857645,22.03866432337434,78.66432337434095,82.10896309314587,33.53251318101933,67.34622144112478,54.09490333919157,54.833040421792624,73.35676625659052,50.22847100175748,47.66256590509666,64.11247803163445,28.892794376098426,45.061511423550094,65.02636203866433,80.24604569420036,60.140597539543066,60.281195079086125,86.11599297012303,22.14411247803164,47.697715289982426,30.298769771529003,45.4481546572935,70.54481546572936,59.789103690685415,27.838312829525485,93.6731107205624,68.26010544815466,57.11775043936731,31.810193321616875,78.76977152899825
CCC(CC)COC1O[C@@H]2[C@@H]1O[C@@](C#N)(c1ccc3c(N)ncnn13)[C@@H]2O,373.41300000000007,0.96778,8,2,4.0,0.7663944153694686,5,127.92,0,0,0,0.6399302,0.31257728,0.8305992,0.0006675636,0.02090406,0.064576276,0.012795299,0.02435344,0.0051006875,0.41513747,0.027201662,0.055937074,0.3236574,0.85248774,0.8978833,0.029515674,0.04006409,0.022558328,0.072052814,0.022402253,0.090238154,0.023028255,0.21957806,0.04312464,0.18517283,0.06298183,0.026030665,0.0692146,0.24133492,0.26581204,0.22118506,-5.3244576,21.71246,52.575966,30.659534,-16.195858,3.5487542,2.4673252,84.60802,-4.0074,7.9730973,59.40246045694201,31.669595782073817,84.51669595782074,61.37082601054482,63.44463971880493,84.25307557117752,85.04393673110721,81.0896309314587,47.59226713532514,25.869947275922677,37.188049209138846,88.54130052724078,20.0,58.17223198594025,12.056239015817225,25.90509666080844,26.32688927943761,35.430579964850615,20.0,15.92267135325132,47.7328646748682,43.3743409490334,17.820738137082603,81.37082601054482,76.80140597539544,26.22144112478032,74.86818980667839,69.3145869947276,51.07205623901582,69.8066783831283,57.46924428822496,51.10720562390159,70.15817223198594,23.02284710017575,44.53427065026362,59.82425307557119,80.17574692442884,59.89455184534271,59.43760984182777,87.41652021089632,16.94200351493849,44.28822495606328,29.77152899824253,39.82425307557118,70.54481546572936,68.8224956063269,28.57644991212654,95.00878734622144,70.22847100175747,60.84358523725835,32.337434094903344,84.88576449912128
CCC(CCO)COC[C@H]1O[C@@](C#N)(c2ccc3c(N)ncnn23)[C@H](O)[C@@H]1O,391.42800000000005,-0.4238199999999994,9,4,4.0,0.4683293090018574,5,159.14999999999998,0,0,0,0.4864822,0.2572065,0.79452574,0.00027108053,0.0061498275,0.04863534,0.004447111,0.020397836,0.003102322,0.2928122,0.0114054475,0.048444476,0.3605852,0.72827435,0.8188964,0.021599647,0.04394365,0.01369485,0.021767233,0.015221216,0.06841838,0.010227478,0.076581284,0.016592775,0.072332665,0.027153676,0.014609158,0.0139569715,0.14018752,0.24289711,0.14323398,-5.764558,6.630619,27.757166,24.881947,-21.623703,3.1849687,0.7014228,54.242413,-2.679379,7.972005,63.55008787346222,18.34797891036907,88.08435852372584,86.90685413005274,63.44463971880493,42.24956063268893,85.04393673110721,87.38137082601055,47.59226713532514,25.869947275922677,37.188049209138846,77.75043936731107,16.028119507908613,49.560632688927946,8.822495606326891,10.404217926186291,22.1792618629174,21.265377855887525,17.996485061511425,9.52548330404218,37.01230228471002,35.465729349736385,15.992970123022848,83.9718804920914,67.5219683655536,23.12829525483304,67.97891036906854,72.75922671353251,44.53427065026362,51.3884007029877,47.10017574692444,37.89103690685413,58.45342706502637,15.887521968365554,37.08260105448155,35.430579964850615,68.68189806678383,48.36555360281196,38.91036906854131,78.87521968365554,15.043936731107207,36.555360281195085,18.066783831282955,21.72231985940246,52.196836555360285,63.971880492091394,13.778558875219684,87.66256590509667,41.44112478031635,31.52899824253076,58.13708260105449,84.88576449912128
N#C[C@@]1(c2ccc3c(N)ncnn23)O[C@]2(C=O)O[C@H]2[C@H]1O,287.235,-1.2845200000000003,8,2,4.0,0.5137047936060908,4,139.06,0,2,2,0.8794025,0.55257046,0.7664021,0.0011988744,0.005230481,0.055373393,0.0024737234,0.008344108,0.0023538158,0.2236274,0.0018114016,0.13905232,0.2675868,0.8997437,0.7927069,0.020010311,0.02254115,0.018456189,0.01640812,0.012936778,0.1036614,0.005698977,0.06272463,0.0019067479,0.14955911,0.037990116,0.016812602,0.010139799,0.24153003,0.5077632,0.048702784,-5.3566446,2.3470452,24.847164,6.5824747,-16.755238,3.5205483,0.92838526,61.921772,-3.1737862,-2.231484,36.555360281195085,12.9701230228471,84.51669595782074,61.37082601054482,63.44463971880493,48.1195079086116,81.28295254833041,83.33919156414764,47.59226713532514,87.9261862917399,95.07908611599298,96.94200351493848,36.871704745166966,43.90158172231986,14.868189806678384,9.068541300527242,23.866432337434095,15.289982425307558,11.95079086115993,7.381370826010546,29.876977152899823,21.968365553602816,42.84710017574693,76.30931458699473,82.84710017574693,22.24956063268893,66.11599297012303,45.13181019332162,48.1195079086116,47.41652021089632,42.98769771528999,58.734622144112485,47.59226713532514,14.903339191564148,19.191564147627417,54.48154657293498,73.46221441124781,51.45869947275923,35.887521968365554,87.41652021089632,47.838312829525485,23.866432337434095,28.18980667838313,16.836555360281196,49.42003514938489,33.919156414762746,26.432337434094904,94.69244288224957,44.63971880492092,38.03163444639719,48.64674868189808,15.289982425307558
CC(=O)O[C@H]1[C@@H](O)[C@](C#N)(c2ccc3c(N)ncnn23)O[C@@H]1C=O,331.288,-1.0793200000000005,9,2,4.0,0.5278072516659763,4,152.82999999999998,0,1,1,0.79335994,0.48122278,0.6691456,0.00060789566,0.0072557265,0.05831216,0.003677321,0.010626137,0.0074114837,0.19762859,0.0016820866,0.13911758,0.3642131,0.8056983,0.5921548,0.022481576,0.031076495,0.015802136,0.013526472,0.019983675,0.11211457,0.0072496347,0.032764364,0.0024792207,0.119431496,0.031248402,0.02179901,0.0072523714,0.18750124,0.47961554,0.058291405,-5.434121,10.462229,29.013647,-5.6651893,-18.215227,3.2127914,0.53430325,57.851135,-3.0958645,-3.5203223,49.34973637961336,14.376098418277682,88.08435852372584,61.37082601054482,63.44463971880493,50.08787346221442,81.28295254833041,86.29173989455185,47.59226713532514,66.52021089630932,83.09314586994728,94.76274165202108,31.3884007029877,29.068541300527244,11.70474516695958,12.056239015817225,24.780316344463973,19.33216168717048,13.251318101933215,21.15992970123023,26.572934973637963,21.441124780316347,42.84710017574693,84.21792618629175,72.79437609841828,17.082601054481547,69.10369068541301,58.13708260105449,46.1511423550088,44.67486818980668,54.30579964850616,62.49560632688929,52.30228471001758,11.70474516695958,21.265377855887525,48.787346221441126,70.36906854130054,56.695957820738144,32.68892794376099,83.19859402460457,44.28822495606328,25.90509666080844,25.62390158172232,26.572934973637963,53.39191564147628,12.829525483304044,20.91388400702988,88.6115992970123,39.12126537785589,34.16520210896309,50.68541300527241,7.311072056239016
CCC(CC)COC[C@H]1O[C@@]2(C#N)c3c(cc4c(N)ncnn34)O[C@H]1[C@H]2O,373.41300000000007,1.0038799999999997,8,2,4.0,0.7674919708751708,4,127.92,0,0,0,0.5277685,0.44366002,0.9150933,0.01786985,0.053133678,0.124693595,0.043002196,0.079873115,0.008567518,0.5142021,0.15212104,0.09072484,0.32267308,0.9065566,0.9873365,0.013259644,0.034302227,0.087389424,0.072564416,0.015439671,0.08417104,0.012480949,0.49575812,0.08876547,0.15666349,0.054886162,0.019969132,0.06111462,0.10636947,0.21596298,0.34666514,-5.0309286,26.279852,48.845688,29.227118,-14.945074,3.5285459,2.532252,84.32824,-4.3700957,7.6948814,59.40246045694201,31.810193321616875,84.51669595782074,61.37082601054482,63.44463971880493,84.4639718804921,81.28295254833041,81.0896309314587,47.59226713532514,25.869947275922677,37.188049209138846,80.91388400702988,28.50615114235501,84.21792618629175,35.887521968365554,40.91388400702988,47.48681898066784,53.46221441124781,41.51142355008788,23.2688927943761,57.60984182776802,63.90158172231987,27.381370826010546,81.26537785588754,83.58523725834799,38.38312829525484,54.97363796133568,62.35500878734623,69.66608084358525,69.87697715289983,47.48681898066784,47.5219683655536,61.44112478031635,33.95430579964851,51.63444639718806,55.57117750439368,78.59402460456943,55.11423550087874,57.50439367311073,74.34094903339192,12.934973637961336,54.30579964850616,43.65553602811951,44.92091388400704,67.90861159929702,68.15465729349737,35.50087873462215,94.76274165202108,71.70474516695958,60.56239015817224,24.92091388400703,84.39367311072057
CCC1CCO[C@H]2[C@@H](O)[C@](C#N)(c3ccc4c(N)ncnn34)O[C@@H]2COC1,373.4130000000001,0.6217799999999999,8,2,4.0,0.7840378282106026,5,127.92,0,0,0,0.5622406,0.4871041,0.91065025,0.0018300837,0.013923781,0.09072503,0.008062593,0.024161879,0.0017701176,0.38853136,0.0231995,0.0642643,0.22475705,0.91746646,0.98361254,0.007244663,0.021996114,0.023873456,0.03904728,0.006343557,0.06249814,0.0057886294,0.31692058,0.015636623,0.11391987,0.03392481,0.008087624,0.019131219,0.094530165,0.19039182,0.14685687,-5.465445,9.687936,30.485382,15.720209,-17.474518,3.304372,1.3410482,63.40806,-3.057221,4.3821287,59.40246045694201,28.22495606326889,84.51669595782074,61.37082601054482,63.44463971880493,86.71353251318102,85.04393673110721,81.0896309314587,47.59226713532514,25.869947275922677,37.188049209138846,83.83128295254834,31.985940246045697,82.8822495606327,17.258347978910372,20.492091388400706,34.20035149384886,28.7170474516696,19.82425307557118,5.729349736379614,44.99121265377856,41.72231985940246,20.421792618629176,72.68892794376099,85.30755711775045,36.90685413005273,38.242530755711776,44.11247803163445,51.81019332161688,59.54305799648507,23.374340949033392,33.04042179261863,48.04920913884008,26.85413005272408,36.66080843585237,47.66256590509666,71.52899824253076,36.73110720562391,42.24956063268893,72.40773286467487,10.298769771529,36.871704745166966,24.710017574692444,25.483304042179263,54.79789103690686,50.36906854130053,23.79613356766257,90.47451669595785,50.790861159929705,39.57820738137083,51.59929701230229,71.31810193321617
CCC(CC)COC[C@H]1O[C@@](C#N)(c2ccc3c(N)nc(C)nn23)[C@H](O)[C@@H]1O,389.4560000000001,0.9121999999999996,8,3,4.0,0.6349596599343371,4,138.92,0,0,0,0.6143633,0.34493047,0.8423604,0.0010115283,0.02008637,0.06047957,0.008860709,0.05996669,0.013166167,0.47470027,0.045028564,0.04004761,0.37241265,0.65639323,0.92596924,0.041305553,0.06607637,0.022628415,0.036129612,0.025108716,0.09776704,0.019384112,0.28378996,0.09578448,0.111274205,0.04372426,0.016361253,0.05469699,0.1518577,0.31162193,0.3172072,-5.527892,7.1401277,40.33645,21.591183,-18.565058,3.6787903,1.718449,73.77351,-3.381462,6.302395,62.98769771528999,30.931458699472763,84.51669595782074,78.20738137082601,63.44463971880493,64.56942003514939,81.28295254833041,83.30404217926187,47.59226713532514,25.869947275922677,37.188049209138846,86.78383128295256,21.89806678383129,61.08963093145871,14.024604569420037,25.483304042179263,25.342706502636204,29.806678383128297,33.708260105448154,28.7170474516696,52.89982425307558,48.57644991212654,14.376098418277682,84.71001757469244,63.16344463971881,28.18980667838313,80.98418277680142,84.4639718804921,51.10720562390159,58.59402460456943,59.75395430579965,55.50087873462215,67.41652021089631,25.62390158172232,52.4780316344464,47.065026362038665,75.3602811950791,50.93145869947276,55.99297012302285,80.1054481546573,22.70650263620387,51.73989455184535,23.19859402460457,22.1792618629174,61.968365553602816,60.140597539543066,20.175746924428825,96.4499121265378,57.01230228471002,49.560632688927946,44.3585237258348,79.57820738137083
CCC(CC)COC1O[C@@H]2[C@H](O)[C@@H]1O[C@@]2(C#N)c1ccc2c(N)ncnn12,373.41300000000007,0.9677799999999996,8,2,4.0,0.7663944153694686,5,127.92,0,0,0,0.6396226,0.31805694,0.82751626,0.0008637236,0.027686018,0.07146417,0.016787507,0.026189629,0.0049854177,0.43750292,0.042369146,0.05646219,0.3187299,0.860952,0.88738286,0.030644665,0.041710652,0.028471181,0.086729504,0.025186634,0.098712295,0.023375813,0.24801278,0.05882304,0.20710239,0.0715124,0.025625473,0.08630855,0.24741988,0.2566257,0.24738201,-5.2490478,30.046383,55.229958,30.121515,-15.599095,3.4511497,2.638188,85.86156,-4.1742077,7.822727,59.40246045694201,31.669595782073817,84.51669595782074,61.37082601054482,63.44463971880493,84.25307557117752,85.04393673110721,81.0896309314587,47.59226713532514,25.869947275922677,37.188049209138846,88.54130052724078,20.316344463971884,57.36379613356767,13.181019332161688,30.68541300527241,28.295254833040424,38.840070298769774,20.949033391915645,15.571177504393674,49.13884007029878,47.7328646748682,17.891036906854133,80.98418277680142,77.5395430579965,25.83479789103691,75.71177504393674,70.50966608084359,54.55184534270651,73.04042179261863,59.789103690685415,56.09841827768015,70.36906854130054,24.14762741652021,47.557117750439375,62.46045694200352,81.51142355008788,59.57820738137083,62.39015817223199,87.7328646748682,16.168717047451672,46.18629173989456,33.427065026362044,48.54130052724078,72.37258347978911,68.68189806678383,31.493848857644995,93.6731107205624,73.39191564147627,62.46045694200352,28.611599297012305,84.63971880492092
CCC(CC)COC[C@H]1O[C@@]2(C#N)c3cc(c4c(N)ncnn34)O[C@H]1[C@H]2O,373.41300000000007,1.0038799999999997,8,2,4.0,0.7674919708751708,4,127.92,0,0,0,0.6326512,0.44460902,0.90073645,0.014697893,0.052406054,0.112483956,0.038921334,0.08404456,0.012973696,0.53747845,0.1320923,0.09644972,0.35840592,0.8978815,0.9850906,0.01968609,0.036927253,0.094245955,0.09231344,0.022279313,0.099278316,0.018533546,0.5111581,0.11457107,0.21053505,0.07691249,0.027823353,0.09862446,0.15728918,0.26282302,0.40042233,-5.009687,26.977427,49.274105,30.681406,-14.763964,3.5248287,2.602922,86.22493,-4.4491925,7.800873,59.40246045694201,31.810193321616875,84.51669595782074,61.37082601054482,63.44463971880493,84.4639718804921,81.28295254833041,81.0896309314587,47.59226713532514,25.869947275922677,37.188049209138846,88.04920913884008,28.611599297012305,79.29701230228471,34.235500878734626,40.66783831282953,41.51142355008788,51.70474516695958,42.84710017574693,28.50615114235501,59.789103690685415,61.93321616871705,29.103690685413007,83.72583479789104,82.74165202108964,37.08260105448155,65.5536028119508,66.15114235500879,70.65026362038665,74.0597539543058,57.39894551845343,56.44991212653779,66.74868189806679,34.692442882249566,54.44639718804921,62.7768014059754,82.53075571177506,60.77328646748683,64.2530755711775,80.597539543058,16.731107205623903,57.71528998242531,44.78031634446398,45.37785588752197,68.08435852372584,68.8224956063269,36.69595782073814,94.76274165202108,73.00527240773287,63.16344463971881,23.620386643233747,84.60456942003516
CCCCOC[C@H]1O[C@@](C#N)(c2ccc3c(N)ncnn23)[C@](O)(CC)[C@@H]1O,375.4290000000001,0.7478799999999994,8,3,4.0,0.6024944541664702,4,138.92,0,1,0,0.5696419,0.4287973,0.8791459,0.0022745687,0.024648286,0.10387467,0.017955478,0.05367431,0.0044257464,0.53338695,0.12659928,0.038263954,0.30465093,0.8434473,0.9917401,0.03210921,0.058762513,0.052699815,0.10246537,0.018466184,0.072004065,0.022937585,0.45512444,0.08234064,0.17867331,0.0754423,0.035939895,0.08422225,0.18987072,0.23396988,0.28928334,-5.413855,19.319662,46.901985,21.0176,-17.901592,3.5210514,1.8136766,68.831406,-3.4179065,6.454553,59.68365553602813,29.560632688927942,84.51669595782074,78.20738137082601,63.44463971880493,60.52724077328647,81.28295254833041,83.30404217926187,47.59226713532514,66.52021089630932,37.188049209138846,84.32337434094904,27.6274165202109,71.21265377855889,18.875219683655537,28.435852372583483,38.62917398945519,39.789103690685415,31.599297012302287,13.884007029876978,59.40246045694201,61.195079086116,14.200351493848858,79.7188049209139,76.13356766256591,40.91388400702988,76.30931458699473,81.33567662565906,63.23374340949034,75.57117750439367,52.61862917398946,40.63268892794377,70.12302284710019,32.196836555360285,50.75571177504394,58.734622144112485,82.2847100175747,65.23725834797892,62.108963093145874,83.72583479789104,14.340949033391915,49.701230228471005,26.115992970123024,36.555360281195085,66.5377855887522,59.43760984182777,22.073813708260108,94.69244288224957,58.734622144112485,44.49912126537786,43.93673110720563,80.21089630931459
CCC(CC)COC[C@H]1O[C@@]2(C#N)c3cc(c4c(N)ncnn34)O[C@@H]2[C@@H]1O,373.41300000000007,1.0038799999999997,8,2,4.0,0.7674919708751708,4,127.92,0,0,0,0.7814265,0.4886016,0.8796285,0.010277172,0.053872116,0.10949612,0.03827507,0.07988062,0.016301125,0.5833682,0.14725283,0.07757802,0.416256,0.88962805,0.98299915,0.039354376,0.04480931,0.10257882,0.1444955,0.035347335,0.1150931,0.035398938,0.54180765,0.15582982,0.28798288,0.13844189,0.056449294,0.1874125,0.2776012,0.3238364,0.4370955,-5.032868,31.351282,51.261627,37.145958,-14.728787,3.4206975,2.7336571,88.80308,-4.4717684,8.805222,59.40246045694201,31.810193321616875,84.51669595782074,61.37082601054482,63.44463971880493,84.4639718804921,81.28295254833041,81.0896309314587,47.59226713532514,25.869947275922677,37.188049209138846,94.44639718804922,32.056239015817226,71.42355008787347,30.333919156414765,41.12478031634447,40.38664323374341,51.35325131810194,41.51142355008788,31.985940246045697,65.30755711775045,63.47978910369069,23.97188049209139,87.41652021089632,81.37082601054482,36.73110720562391,79.85940246045695,73.39191564147627,71.42355008787347,81.12478031634447,67.38137082601055,63.93673110720563,75.43057996485062,35.71177504393673,58.59402460456943,69.701230228471,90.08787346221442,74.79789103690686,72.9701230228471,89.63093145869948,24.32337434094904,59.68365553602813,43.55008787346222,49.8066783831283,69.701230228471,74.1652021089631,36.80140597539543,93.25131810193322,74.93848857644991,67.55711775043937,23.12829525483304,87.27592267135326
N#C[C@@]1(c2ccc3c(N)ncnn23)O[C@]2(C=O)O[C@@H]1[C@@H]2O,287.235,-1.2845200000000003,8,2,4.0,0.651377436765852,4,135.76000000000002,0,1,1,0.82625693,0.48978257,0.76005566,0.0005665251,0.003853723,0.050399087,0.0022219159,0.007187432,0.0015865732,0.22518826,0.00216326,0.084869914,0.24378964,0.90746224,0.79681635,0.024895446,0.028956985,0.014596212,0.01989035,0.013271308,0.09577252,0.006863673,0.063587606,0.0027031316,0.15080842,0.046735518,0.017427826,0.013197845,0.25852177,0.4705704,0.042758413,-5.4417543,-0.3218933,20.68418,9.299844,-17.077858,3.3893552,0.7978962,61.57902,-2.8954034,-1.3450627,36.555360281195085,12.9701230228471,84.51669595782074,61.37082601054482,63.44463971880493,67.06502636203867,81.28295254833041,82.74165202108964,47.59226713532514,66.52021089630932,83.09314586994728,95.43057996485062,32.09138840070299,42.53075571177505,11.353251318101934,6.572934973637962,22.63620386643234,14.586994727592268,11.3884007029877,4.92091388400703,30.158172231985944,22.70650263620387,26.01054481546573,74.55184534270651,83.62038664323376,22.46045694200352,71.49384885764499,54.93848857644992,45.34270650263621,50.05272407732865,43.7609841827768,54.55184534270651,51.423550087873465,14.973637961335678,22.03866432337434,54.692442882249566,76.3444639718805,52.16168717047452,38.277680140597546,88.40070298769773,43.05799648506152,22.46045694200352,25.413005272407734,15.043936731107207,45.51845342706503,38.69947275922672,25.37785588752197,92.61862917398946,42.84710017574693,37.644991212653785,54.72759226713533,23.163444639718808
CCCCOC[C@H]1O[C@@](C#N)(c2cc(CC)c3c(N)ncnn23)[C@H](O)[C@@H]1O,375.429,0.5300799999999999,8,3,4.0,0.5956515663999606,4,138.92,0,1,0,0.6116218,0.34399945,0.87151337,0.0018329248,0.021752562,0.10626073,0.011433526,0.051216435,0.0066670664,0.4976802,0.06608476,0.049946535,0.3266567,0.8585396,0.9551439,0.036127575,0.051890116,0.041950755,0.09256177,0.02221924,0.08671746,0.037203588,0.3603601,0.10302906,0.19158763,0.08523423,0.027835727,0.11096318,0.23625171,0.25962043,0.29688317,-5.435907,25.142838,50.34191,18.249775,-18.092728,3.3795924,2.044969,77.37612,-3.5439649,6.4377456,59.68365553602813,27.416520210896312,84.51669595782074,78.20738137082601,63.44463971880493,59.367311072056246,81.28295254833041,83.30404217926187,47.59226713532514,66.52021089630932,37.188049209138846,86.6432337434095,21.82776801405976,69.03339191564149,17.258347978910372,26.643233743409493,39.33216168717048,33.919156414762746,30.57996485061512,19.613356766256597,55.67662565905097,53.04042179261863,16.485061511423552,81.44112478031636,77.36379613356767,31.247803163444644,78.34797891036908,77.99648506151144,59.85940246045695,74.0597539543058,57.29349736379614,49.2091388400703,76.13356766256591,28.50615114235501,53.18101933216169,60.49209138840071,83.8664323374341,60.77328646748683,65.5536028119508,87.02987697715291,16.379613356766257,50.26362038664324,25.553602811950796,43.65553602811951,68.85764499121267,55.36028119507909,21.370826010544818,92.44288224956064,63.23374340949034,53.42706502636205,41.51142355008788,80.21089630931459
CCC1CCO[C@@H]2[C@H](O)[C@@H](COC1)O[C@@]2(C#N)c1ccc2c(N)ncnn12,373.41300000000007,0.6217799999999994,8,2,4.0,0.7840378282106025,5,127.92,0,0,0,0.7685334,0.5323414,0.90191907,0.0021604593,0.018407403,0.08372282,0.009341914,0.03235897,0.003229528,0.46560973,0.03703116,0.06847268,0.2754616,0.90970725,0.9849304,0.012986158,0.023434367,0.034555953,0.07134159,0.010663191,0.082406394,0.009204132,0.39433086,0.030807996,0.18644378,0.060419954,0.01683578,0.047548328,0.16331306,0.2615519,0.2213753,-5.414746,14.709195,32.19638,16.36828,-17.109339,3.2737098,1.5768405,67.69484,-3.318882,4.8377604,59.40246045694201,28.22495606326889,84.51669595782074,61.37082601054482,63.44463971880493,86.71353251318102,85.04393673110721,81.0896309314587,47.59226713532514,25.869947275922677,37.188049209138846,94.0597539543058,35.21968365553603,79.7188049209139,18.558875219683657,24.14762741652021,31.95079086115993,30.57996485061512,23.90158172231986,9.91212653778559,52.056239015817226,46.5377855887522,21.61687170474517,77.22319859402461,84.00702987697716,37.04745166959579,54.23550087873463,46.67838312829526,57.08260105448155,69.66608084358525,37.609841827768015,46.74868189806679,56.62565905096661,29.912126537785596,41.6871704745167,59.89455184534271,79.57820738137083,51.493848857645,54.13005272407733,81.195079086116,16.660808435852374,44.32337434094904,26.08084358523726,31.107205623901585,55.85237258347979,51.9859402460457,25.13181019332162,89.9121265377856,54.76274165202109,43.55008787346222,45.5536028119508,73.74340949033393
C[C@H]1O[C@@](C#N)(c2ccc3c(N)ncnn23)[C@H](O)[C@@H]1O,275.268,-0.8291200000000003,7,3,4.0,0.6189158447733434,4,129.69,0,0,0,0.64691573,0.42370534,0.7972468,0.00050426676,0.003637307,0.052915614,0.0022018831,0.013113779,0.0014827484,0.18451682,0.001395393,0.06815778,0.31460115,0.81428003,0.85362065,0.019290248,0.030143619,0.022094136,0.016337458,0.0136161875,0.07343915,0.006787751,0.0631565,0.0023872834,0.07092036,0.032297317,0.01478062,0.012722308,0.14826478,0.31025785,0.054883797,-5.5785856,-4.661504,9.288035,11.573862,-19.552307,3.1809871,0.39622477,50.63868,-2.6619277,0.44906592,33.35676625659051,15.782073813708262,79.85940246045695,78.20738137082601,63.44463971880493,62.70650263620387,81.28295254833041,81.30052724077329,47.59226713532514,25.869947275922677,37.188049209138846,88.85764499121267,27.31107205623902,50.08787346221442,11.00175746924429,6.221441124780317,23.2688927943761,14.446397188049213,14.411247803163446,4.534270650263621,25.13181019332162,20.45694200351494,21.58172231985941,80.597539543058,73.77855887521969,24.28822495606327,64.9560632688928,56.76625659050967,50.75571177504394,47.38137082601055,44.53427065026362,41.72231985940246,51.17750439367312,14.938488576449911,20.84358523725835,34.97363796133568,71.0017574692443,48.54130052724078,37.99648506151143,79.7188049209139,22.601054481546576,25.27240773286468,22.1792618629174,11.915641476274166,32.72407732864675,42.81195079086116,17.609841827768015,87.6274165202109,36.52021089630932,28.7170474516696,58.48857644991213,39.5079086115993
CCC(CC)COC[C@H]1O[C@@](C#N)(c2ccc3c(N)ncnn23)[C@@H]2O[C@@]21O,373.41300000000007,0.9693799999999996,8,2,4.0,0.686414190344418,4,131.22,0,1,1,0.78510183,0.48046833,0.850809,0.001051421,0.031564496,0.07653262,0.019573323,0.04548451,0.009606497,0.5594004,0.10477706,0.061618276,0.3663608,0.85564536,0.9788823,0.046149064,0.04271535,0.032631993,0.1307899,0.03046256,0.09549348,0.038955122,0.41845012,0.1062632,0.27277726,0.09834397,0.042073697,0.13636601,0.2874524,0.32364717,0.36365056,-5.1483426,37.50553,63.904846,32.819542,-14.4522705,3.4871197,2.7952554,85.61651,-4.168204,8.513698,59.40246045694201,31.669595782073817,84.51669595782074,61.37082601054482,63.44463971880493,72.82952548330405,81.28295254833041,81.75746924428823,47.59226713532514,66.52021089630932,83.09314586994728,94.6572934973638,31.353251318101936,63.79613356766257,14.200351493848858,32.75922671353251,29.841827768014063,41.05448154657294,28.78734622144113,24.49912126537786,62.53075571177505,58.91036906854131,19.261862917398947,84.42882249560634,77.11775043936731,35.67662565905097,82.49560632688929,71.24780316344464,56.555360281195085,79.78910369068542,63.90158172231987,54.34094903339192,76.90685413005274,30.65026362038665,53.53251318101934,68.68189806678383,85.62390158172232,68.75219683655537,68.26010544815466,89.94727592267137,24.32337434094904,55.43057996485062,38.31282952548331,55.008787346221446,77.36379613356767,70.47451669595783,38.34797891036907,94.34094903339192,76.13356766256591,62.108963093145874,28.822495606326893,86.46748681898067
N#C[C@@]1(c2ccc3c(N)ncnn23)O[C@H](C=O)[C@@H](OP(=O)(O)O)[C@H]1O,369.2300000000001,-1.5331200000000005,9,4,4.0,0.360446775813407,4,193.29,0,2,1,0.18634486,0.31281924,0.22068849,0.0009233998,0.049393818,0.024354525,0.022959948,0.0020877183,0.04553487,0.06360786,0.0025139458,0.21754079,0.48706627,0.61038965,0.07293594,0.009210563,0.03857336,0.022902356,0.007913616,0.036914073,0.1425558,0.0016793942,0.0014496718,0.0027085366,0.10197364,0.011624184,0.0066081984,0.0033410466,0.07142266,0.24738193,0.04902018,-6.667609,-6.8475237,29.7786,6.762037,-25.812353,2.7514021,0.04836843,57.081562,-1.7889655,-0.78231686,58.13708260105449,11.63444639718805,88.08435852372584,86.90685413005274,63.44463971880493,27.90861159929701,81.28295254833041,91.493848857645,47.59226713532514,87.9261862917399,83.09314586994728,44.63971880492092,20.0,7.943760984182777,13.567662565905096,40.0,14.094903339191566,43.44463971880492,6.32688927943761,47.697715289982426,10.579964850615116,23.72583479789104,63.05799648506152,91.77504393673112,60.913884007029885,7.135325131810194,44.92091388400704,67.87346221441125,51.28295254833041,36.41476274165203,68.78734622144113,72.68892794376099,25.166959578207383,4.288224956063269,22.073813708260108,44.78031634446398,54.692442882249566,32.86467486818981,23.936731107205627,66.85413005272409,15.289982425307558,23.90158172231986,7.803163444639719,10.790861159929705,53.919156414762746,34.30579964850615,8.541300527240773,68.99824253075572,31.599297012302287,33.743409490333924,74.09490333919157,27.6274165202109
CCCCOC[C@H]1O[C@@](C#N)(c2ccc3c(N)ncnn23)[C@H](O)[C@]1(O)CC,375.4290000000001,0.7478799999999994,8,3,4.0,0.6024944541664702,4,138.92,0,1,0,0.6107739,0.43876496,0.8802905,0.0044370303,0.03314483,0.10970454,0.024213705,0.061917085,0.005829778,0.53311795,0.11970661,0.041006703,0.35082552,0.850351,0.988499,0.038184136,0.06478672,0.07306091,0.12492659,0.021305358,0.080909654,0.025125947,0.46555114,0.08452381,0.1991275,0.097675994,0.040286414,0.10052927,0.21189368,0.24064545,0.30926007,-5.3879356,22.445261,46.14783,20.909388,-17.894913,3.4416351,1.7690586,66.44169,-3.3603642,7.035474,59.68365553602813,29.560632688927942,84.51669595782074,78.20738137082601,63.44463971880493,60.52724077328647,81.28295254833041,83.30404217926187,47.59226713532514,66.52021089630932,37.188049209138846,86.57293497363797,28.26010544815466,71.66959578207381,23.550087873462218,33.391915641476274,40.45694200351494,44.42882249560633,34.27065026362039,17.680140597539545,59.367311072056246,60.52724077328647,14.481546572934976,83.16344463971882,76.55536028119509,38.73462214411248,79.15641476274166,84.00702987697716,67.80316344463972,79.0158172231986,56.09841827768015,45.97539543057997,70.96660808435853,32.653778558875224,51.07205623901582,61.47627416520211,85.51845342706504,67.83831282952549,64.42882249560633,85.65905096660809,14.973637961335678,51.03690685413006,27.135325131810195,40.80843585237259,66.08084358523726,59.26186291739895,22.14411247803164,93.60281195079088,57.96133567662567,42.49560632688928,44.67486818980668,82.42530755711776
CCCCC(CC)COC[C@H]1O[C@@](C#N)(c2ccc3c(N)ncnn23)[C@H](O)[C@@H]1O,403.48300000000006,1.3839799999999995,8,3,4.0,0.5706161551553418,5,138.92,0,0,0,0.5145624,0.30903685,0.82879955,0.0039384454,0.043063592,0.09970133,0.034611743,0.071813025,0.02112997,0.55459917,0.15641598,0.06264945,0.4750336,0.756592,0.9414258,0.046764035,0.058855683,0.05145035,0.11560893,0.037733503,0.0991263,0.060494192,0.34912124,0.21054313,0.22408006,0.095025554,0.052085303,0.13138478,0.26934832,0.25200516,0.46333236,-5.4335127,25.729996,55.581676,31.802261,-17.75137,3.4931312,2.4801154,86.095116,-4.1338224,9.848397,66.08084358523726,36.41476274165203,84.51669595782074,78.20738137082601,63.44463971880493,56.37961335676626,85.04393673110721,83.30404217926187,47.59226713532514,25.869947275922677,37.188049209138846,80.14059753954307,19.789103690685412,57.68014059753955,22.671353251318106,37.99648506151143,37.15289982425308,50.08787346221442,38.20738137082601,35.922671353251324,61.93321616871705,64.21792618629175,19.789103690685412,90.96660808435853,69.59578207381371,29.912126537785596,82.84710017574693,81.37082601054482,62.98769771528999,77.36379613356767,69.27943760984184,56.37961335676626,82.42530755711776,28.049209138840077,63.16344463971881,64.60456942003516,85.02636203866433,73.28646748681899,67.87346221441125,89.06854130052724,15.817223198594029,60.63268892794377,25.62390158172232,44.32337434094904,72.51318101933217,69.77152899824253,22.671353251318106,94.41124780316343,70.50966608084359,62.95254833040423,29.455184534270654,89.701230228471
CCCCOC[C@H]1O[C@@](C#N)(c2c(CC)cc3c(N)ncnn23)[C@H](O)[C@@H]1O,375.429,0.5300799999999999,8,3,4.0,0.5956515663999606,4,138.92,0,1,0,0.50087184,0.32841578,0.88169783,0.0015079636,0.023377663,0.11131889,0.012940012,0.0495498,0.0049053384,0.50400215,0.08363943,0.04568365,0.30448538,0.862644,0.9662609,0.027447984,0.04993598,0.04156535,0.08427216,0.01734115,0.07480706,0.02780827,0.37795314,0.10112329,0.17079172,0.07049839,0.021704134,0.09404774,0.18406785,0.21101837,0.30210325,-5.459534,28.784977,52.41036,15.893542,-18.173573,3.2941406,2.0949447,78.473465,-3.62282,6.429286,59.68365553602813,27.416520210896312,84.51669595782074,78.20738137082601,63.44463971880493,59.367311072056246,81.28295254833041,83.30404217926187,47.59226713532514,66.52021089630932,37.188049209138846,79.08611599297014,20.984182776801408,72.30228471001759,16.449912126537786,27.6274165202109,41.01933216168717,35.571177504393674,29.94727592267136,15.430579964850615,56.27416520210897,55.67662565905097,15.60632688927944,79.7188049209139,77.89103690685414,33.07557117750439,73.53251318101934,76.55536028119509,59.71880492091389,72.58347978910369,50.474516695957824,42.35500878734622,72.58347978910369,29.244288224956065,53.0755711775044,57.71528998242531,81.33567662565906,56.66080843585237,63.47978910369069,83.02284710017575,12.40773286467487,50.50966608084359,24.850615114235502,47.27592267135326,70.36906854130054,50.93145869947276,21.0896309314587,90.298769771529,64.00702987697716,54.41124780316345,39.789103690685415,80.21089630931459
N#C[C@@]1(c2ccc3c(N)ncnn23)O[C@H](C=O)[C@@H](O)[C@H]1OP(=O)(O)O,369.2300000000001,-1.53312,9,4,4.0,0.360446775813407,4,193.29,0,2,1,0.19630206,0.3008801,0.25828737,0.0007340312,0.04151714,0.027531847,0.019207042,0.0019551772,0.030489013,0.061894894,0.002550134,0.20947924,0.46286997,0.6506775,0.09029336,0.008470057,0.034635503,0.021965105,0.0078222025,0.03162522,0.1344783,0.0015848682,0.0015250487,0.002915097,0.09636747,0.011323514,0.0058708624,0.00319193,0.07100061,0.24993904,0.040281594,-6.659434,-5.7645545,26.159983,9.2794895,-25.744923,2.6304178,-0.116547845,56.33122,-1.7496102,-0.10741148,58.13708260105449,11.63444639718805,88.08435852372584,86.90685413005274,63.44463971880493,27.90861159929701,81.28295254833041,91.493848857645,47.59226713532514,87.9261862917399,83.09314586994728,46.36203866432338,19.40246045694201,8.471001757469246,12.442882249560634,37.39894551845343,14.868189806678384,40.63268892794377,6.115992970123023,41.26537785588753,10.22847100175747,23.866432337434095,61.335676625659055,90.5096660808436,62.95254833040423,7.732864674868191,42.53075571177505,62.98769771528999,50.650263620386646,36.30931458699473,65.02636203866433,70.68541300527241,24.46397188049209,4.358523725834798,22.601054481546576,43.33919156414763,54.059753954305805,30.72056239015817,23.44463971880492,66.78383128295255,15.53602811950791,21.58172231985941,7.873462214411249,11.282952548330403,50.790861159929705,38.59402460456943,8.576449912126538,61.968365553602816,28.681898066783837,33.11072056239016,74.51669595782074,34.16520210896309
CCC(CC)COC[C@@]12O[C@H]1[C@@H](O)[C@](C#N)(c1ccc3c(N)ncnn13)O2,373.4130000000001,0.96938,8,2,4.0,0.6864141903444181,4,131.22,0,1,1,0.80819035,0.43656987,0.8712878,0.0009222965,0.021953784,0.07612796,0.015953967,0.034503777,0.0052933684,0.50810134,0.06761457,0.07993371,0.31862807,0.8864045,0.98313,0.026839163,0.03731696,0.023469497,0.08360544,0.019114878,0.082040675,0.022385687,0.3402453,0.06657973,0.22429986,0.05854123,0.028657436,0.060040314,0.23256841,0.3366252,0.26505065,-5.15819,33.910686,62.11032,27.055069,-15.175374,3.5665154,2.6299286,83.03307,-4.2622805,6.835353,59.40246045694201,31.669595782073817,84.51669595782074,61.37082601054482,63.44463971880493,72.82952548330405,81.28295254833041,81.75746924428823,47.59226713532514,66.52021089630932,83.09314586994728,95.0439367311072,28.18980667838313,68.92794376098419,13.567662565905096,26.85413005272408,29.630931458699475,37.89103690685413,24.63971880492092,16.414762741652023,56.871704745166966,53.25131810193322,24.42882249560633,80.98418277680142,80.73813708260106,36.80140597539543,72.79437609841828,66.46748681898067,51.66959578207382,72.44288224956064,53.53251318101934,46.67838312829526,69.84182776801407,27.662565905096663,48.822495606326896,64.60456942003516,79.29701230228471,61.15992970123023,57.08260105448155,86.78383128295256,25.483304042179263,47.873462214411255,37.750439367311074,52.12653778558876,76.02811950790861,66.15114235500879,34.235500878734626,95.32513181019333,73.32161687170475,59.08611599297013,26.92442882249561,81.58172231985941
CCC(CC)COC[C@H]1O[C@@](C#N)(c2ccc3c(N)ncnn23)[C@H](OC)[C@@H]1O,389.4560000000001,1.2578799999999997,8,2,4.0,0.6904276514403418,4,127.92,0,0,0,0.5514067,0.4360295,0.89325523,0.0018515773,0.044097327,0.110300586,0.031113302,0.07046055,0.007478104,0.57265383,0.14607644,0.055463552,0.33609262,0.83135855,0.986392,0.021570843,0.038738165,0.045914855,0.092335865,0.020642415,0.07337226,0.021090982,0.52356535,0.11814407,0.17132619,0.056862086,0.03240103,0.08538681,0.13862953,0.22893038,0.39449587,-5.15047,43.255642,62.384083,30.148571,-15.2844515,3.3370678,2.5802872,81.44969,-4.1095734,9.703489,62.98769771528999,34.72759226713533,84.51669595782074,61.37082601054482,63.44463971880493,73.35676625659052,81.28295254833041,81.0896309314587,47.59226713532514,25.869947275922677,37.188049209138846,83.09314586994728,28.18980667838313,76.37961335676626,17.363796133567664,38.34797891036907,40.73813708260106,48.57644991212654,37.82073813708261,21.33567662565905,63.90158172231987,63.3743409490334,17.750439367311074,82.1792618629174,75.1493848857645,37.71528998242531,67.97891036906854,68.01405975395431,61.26537785588753,74.0597539543058,55.149384885764505,41.6871704745167,68.85764499121267,35.07908611599297,54.72759226713533,57.78558875219685,78.98066783831284,63.3743409490334,62.24956063268893,78.66432337434095,13.848857644991211,57.32864674868191,38.17223198594025,59.22671353251319,76.16871704745168,68.68189806678383,33.77855887521969,91.31810193321616,72.47803163444641,57.46924428822496,29.876977152899823,89.52548330404218
N#C[C@@]12O[C@H](C=O)[C@@H](O)[C@H]1Oc1nc(N)c3ccc2n3n1,287.235,-1.2500200000000008,8,2,4.0,0.62078622352576,4,135.76,0,1,1,0.7856122,0.6046275,0.79532766,0.011162469,0.017673574,0.11122364,0.01040759,0.021205746,0.005708615,0.27428558,0.004457191,0.19190952,0.25821894,0.93241596,0.86947906,0.02355933,0.028913464,0.06470832,0.023290824,0.017077278,0.124142125,0.009679371,0.14639938,0.008362387,0.18778357,0.057608508,0.018083714,0.0297543,0.21673426,0.45663005,0.087222956,-5.301802,-0.7580948,9.220842,-1.1630265,-16.534107,3.1438997,0.32045096,61.10969,-2.9518378,-3.4343162,36.555360281195085,13.11072056239016,84.51669595782074,61.37082601054482,63.44463971880493,62.98769771528999,81.28295254833041,82.74165202108964,47.59226713532514,66.52021089630932,83.09314586994728,94.6572934973638,40.597539543058,49.73637961335677,31.3884007029877,23.58523725834798,40.98418277680141,32.4780316344464,18.242530755711776,17.398945518453427,35.465729349736385,28.154657293497365,56.871704745166966,75.71177504393674,87.41652021089632,24.710017574692444,70.15817223198594,54.90333919156415,66.32688927943761,52.4780316344464,50.15817223198594,67.59226713532514,57.46924428822496,19.578207381370827,31.70474516695958,59.92970123022848,79.08611599297014,52.829525483304046,47.48681898066784,85.94024604569421,41.335676625659055,29.98242530755712,30.68541300527241,14.762741652021091,32.68892794376099,20.175746924428825,27.205623901581724,86.99472759226714,35.04393673110721,37.04745166959579,53.70826010544816,7.662565905096661
CCC(CC)COC[C@H]1O[C@@]2(C#N)c3c(cc4c(N)ncnn34)O[C@@H]2[C@@H]1O,373.41300000000007,1.0038799999999997,8,2,4.0,0.7674919708751708,4,127.92,0,0,0,0.7020806,0.47750616,0.89660853,0.007864678,0.043428667,0.11660157,0.032778762,0.07252686,0.0096741775,0.5588084,0.13432728,0.069627926,0.37825534,0.8949792,0.98597336,0.027445693,0.04119716,0.084279075,0.10529409,0.023611981,0.0964527,0.02302263,0.51954556,0.1145298,0.21723291,0.09880604,0.03886888,0.123097315,0.2084084,0.27977845,0.37942952,-5.052324,30.773188,50.77875,35.61614,-14.908463,3.4187856,2.720673,88.145546,-4.469694,8.875511,59.40246045694201,31.810193321616875,84.51669595782074,61.37082601054482,63.44463971880493,84.4639718804921,81.28295254833041,81.0896309314587,47.59226713532514,25.869947275922677,37.188049209138846,91.35325131810194,31.21265377855888,77.57469244288225,28.54130052724077,38.242530755711776,43.69068541300528,49.2091388400703,38.48857644991213,24.67486818980668,62.39015817223199,62.21441124780317,21.86291739894552,85.13181019332163,82.24956063268894,37.609841827768015,73.53251318101934,70.01757469244289,69.20913884007031,76.06326889279438,58.418277680140605,55.008787346221446,70.12302284710019,34.86818980667839,54.41124780316345,63.72583479789104,85.65905096660809,67.27592267135326,67.1353251318102,85.48330404217927,18.84007029876977,56.41476274165203,42.24956063268893,49.34973637961336,69.17398945518454,72.86467486818981,35.606326889279444,93.1810193321617,74.72759226713534,66.50263620386644,23.163444639718808,87.38137082601055
CCC(CC)COC[C@H]1O[C@@](C#N)(c2ccc3c(N)ncnn23)[C@]2(O)O[C@H]12,373.41300000000007,0.9693799999999996,8,2,4.0,0.686414190344418,4,131.22,0,1,1,0.7389491,0.40867758,0.83316785,0.0010394884,0.031577136,0.0758882,0.023898322,0.037175134,0.009453006,0.52179277,0.10311298,0.058812868,0.3520685,0.84035265,0.96564066,0.049380697,0.047536246,0.027986461,0.13267012,0.03235874,0.091268204,0.049351685,0.3376134,0.10245863,0.27329332,0.10354544,0.0498867,0.14166753,0.30629414,0.30778417,0.32343283,-5.24257,26.370783,55.49253,35.173103,-14.846911,3.483745,2.5032918,83.66234,-3.8444595,8.79091,59.40246045694201,31.669595782073817,84.51669595782074,61.37082601054482,63.44463971880493,72.82952548330405,81.28295254833041,81.75746924428823,47.59226713532514,66.52021089630932,83.09314586994728,92.75922671353251,26.256590509666083,58.734622144112485,14.13005272407733,32.75922671353251,29.595782073813712,44.18277680140598,25.4481546572935,24.393673110720563,58.20738137082601,58.734622144112485,18.488576449912127,83.30404217926187,75.78207381370827,32.970123022847105,83.51493848857646,75.1493848857645,54.376098418277685,79.92970123022847,65.58875219683657,51.73989455184535,79.75395430579965,27.59226713532513,53.11072056239016,68.7170474516696,86.36203866432338,72.40773286467487,68.92794376098419,90.75571177504396,22.24956063268893,52.16168717047452,33.743409490333924,44.9560632688928,72.47803163444641,72.47803163444641,35.887521968365554,94.2706502636204,71.14235500878735,60.00000000000001,35.18453427065027,87.2407732864675
N#C[C@]12O[C@H](CO)[C@@H](Oc3cc1n1ncnc(N)c31)[C@H]2O,289.25100000000003,-1.4566200000000005,8,3,4.0,0.578721366500127,4,138.92,0,0,0,0.8088131,0.517308,0.80100524,0.0030174204,0.0090209395,0.0591595,0.005030477,0.016563157,0.0035102412,0.24179025,0.0040303236,0.116661526,0.31147572,0.90261185,0.8957058,0.017650485,0.028850934,0.05494417,0.022342646,0.015760504,0.10287379,0.0056135003,0.10587684,0.0042792982,0.13248134,0.049383536,0.017085582,0.021760903,0.19466746,0.37918836,0.091496006,-5.483935,-4.1340876,6.0975738,10.8058605,-18.521679,3.0548363,0.29964465,53.681965,-2.5384252,0.7367225,37.25834797891037,11.8804920913884,84.51669595782074,78.20738137082601,63.44463971880493,57.46924428822496,81.28295254833041,83.30404217926187,47.59226713532514,25.869947275922677,37.188049209138846,95.0439367311072,33.98945518453427,50.72056239015818,21.195079086116,14.270650263620388,24.92091388400703,22.601054481546576,15.887521968365554,11.282952548330403,31.810193321616875,27.732864674868196,35.67662565905097,80.28119507908612,83.12829525483305,26.08084358523726,62.88224956063269,54.833040421792624,63.971880492091394,51.84534270650264,48.1195079086116,58.34797891036907,47.38137082601055,17.504393673110723,25.799648506151144,51.31810193321618,77.5395430579965,51.77504393673111,43.65553602811951,84.21792618629175,31.247803163444644,30.474516695957824,24.14762741652021,12.33743409490334,30.052724077328648,41.792618629174,20.28119507908612,84.11247803163445,34.6572934973638,31.036906854130056,60.73813708260106,42.88224956063269
CC(=O)Nc1ncnn2c([C@]3(C#N)O[C@H](CO)[C@@H](O)[C@H]3O)ccc12,333.30400000000003,-1.4805199999999994,8,4,4.0,0.5302518029688376,4,153.0,0,0,0,0.6362745,0.4263154,0.77559364,0.0014656388,0.00962164,0.06630193,0.005987063,0.010863351,0.0035748505,0.18267372,0.0027030946,0.1096323,0.32341763,0.8967754,0.73736876,0.02047936,0.029520955,0.031835284,0.016900284,0.014371144,0.08881239,0.008383408,0.040331073,0.004875803,0.092227146,0.03560826,0.0107219,0.012238681,0.1622688,0.33341086,0.06623114,-5.8527613,-4.1333833,4.1430407,8.351925,-22.283651,2.6105602,-0.32865658,43.38847,-1.9996694,0.55553746,49.87697715289983,11.8804920913884,84.51669595782074,86.90685413005274,63.44463971880493,50.474516695957824,81.28295254833041,86.29173989455185,47.59226713532514,25.869947275922677,37.188049209138846,88.29525483304043,27.381370826010546,45.97539543057997,16.168717047451672,15.184534270650264,26.92442882249561,24.710017574692444,13.42706502636204,11.528998242530756,24.99121265377856,24.253075571177508,33.25131810193322,81.37082601054482,82.49560632688929,20.562390158172235,66.71353251318102,55.81722319859403,56.44991212653779,47.838312829525485,45.79964850615114,50.333919156414765,54.90333919156415,12.72407732864675,26.78383128295255,41.82776801405976,72.33743409490334,42.53075571177505,37.53954305799649,81.12478031634447,25.237258347978912,27.416520210896312,16.485061511423552,12.372583479789103,28.295254833040424,36.80140597539543,12.864674868189809,60.84358523725835,25.62390158172232,23.02284710017575,71.10720562390159,40.63268892794377
CCC(CCC(=O)OCC(CC)CC)COC(=O)O,274.357,3.466800000000002,4,1,4.0,0.6174296456670371,1,72.83,0,0,0,0.015889054,0.79665154,0.8435685,0.032559685,0.039324228,0.26247725,0.030753735,0.17569108,0.04985354,0.3772208,0.0031204217,0.23171143,0.08134623,0.2077631,0.98651713,0.00445828,0.0132827405,0.0015685698,0.0030189801,0.016795546,0.079599366,0.032144763,0.75223416,0.035916943,0.04039047,0.0011191135,0.0075509325,0.008364128,0.004428435,0.6180225,0.1263513,-4.3357363,117.64414,75.82036,-11.057257,-6.328737,1.7992309,1.941056,90.355835,-3.6942852,2.6709497,33.21616871704745,68.68189806678383,48.55887521968366,36.59050966608085,63.44463971880493,62.42530755711776,55.32513181019333,48.66432337434095,47.59226713532514,25.869947275922677,37.188049209138846,4.288224956063269,57.04745166959579,61.40597539543059,41.968365553602816,36.44991212653779,82.39015817223199,48.43585237258348,64.63971880492092,48.99824253075572,44.00702987697716,25.4481546572935,65.69420035149385,44.9560632688928,35.254833040421794,37.85588752196837,25.553602811950796,26.46748681898067,12.65377855887522,23.374340949033392,49.73637961335677,44.9560632688928,74.30579964850615,47.90861159929702,42.84710017574693,22.10896309314587,16.2390158172232,35.36028119507909,34.30579964850615,18.910369068541304,62.91739894551846,34.516695957820744,90.96660808435853,92.72407732864676,82.7768014059754,7.240773286467488,90.1230228471002,13.989455184534272,61.44112478031635,70.12302284710019,38.45342706502637,60.21089630931459
CCC(CC)C(OC[C@H]1O[C@@](C#N)(c2ccc3c(N)ncnn23)[C@H](O)[C@@H]1O)C(CC)CC,445.5640000000002,2.40858,8,3,4.0,0.5065724663677361,4,138.92,0,0,0,0.3734168,0.20763557,0.8230998,0.0014996176,0.05556365,0.08081986,0.055354167,0.07693957,0.02235202,0.6318064,0.32381263,0.046695232,0.40221232,0.70115995,0.9332453,0.032130163,0.057060707,0.0292137,0.090921596,0.032262716,0.0788417,0.045243587,0.43061155,0.3857747,0.22294846,0.053142183,0.046434075,0.16547963,0.18158087,0.20795615,0.6065941,-5.3435917,34.68977,76.19853,47.929638,-17.019268,3.6617882,3.3505473,96.231125,-4.7288346,12.074837,74.86818980667839,50.75571177504394,84.51669595782074,78.20738137082601,63.44463971880493,47.24077328646749,81.28295254833041,83.30404217926187,47.59226713532514,25.869947275922677,37.188049209138846,67.66256590509667,13.919156414762742,56.16871704745167,16.379613356766257,41.652021089630935,31.21265377855888,56.695957820738144,40.21089630931459,36.80140597539543,71.45869947275924,75.2548330404218,15.746924428822496,86.57293497363797,66.08084358523726,28.998242530755714,76.30931458699473,80.77328646748683,54.93848857644992,73.91915641476275,65.51845342706503,44.56942003514939,78.80492091388402,31.142355008787348,72.9701230228471,64.49912126537787,78.34797891036908,71.03690685413005,71.0017574692443,82.74165202108964,12.126537785588754,67.7328646748682,28.857644991212656,52.79437609841828,82.8822495606327,80.38664323374341,25.62390158172232,96.27416520210896,85.97539543057998,81.37082601054482,18.242530755711776,92.9701230228471
N#C[C@@]1(c2ccc3c(N)ncnn23)O[C@H](C=O)[C@H]2O[C@]21O,287.23500000000007,-1.2845200000000003,8,2,4.0,0.5137047936060908,4,139.06,0,2,2,0.8824202,0.52655023,0.7275653,0.00070692424,0.0072212457,0.054320954,0.0031866208,0.008588614,0.002769567,0.2291346,0.0026832286,0.13476476,0.27897888,0.873462,0.7807549,0.029232765,0.025645003,0.017705008,0.027582604,0.01915226,0.10824708,0.010053612,0.05521201,0.0027010993,0.18805367,0.050298613,0.024691239,0.018799275,0.2863583,0.53367627,0.053663064,-5.425241,4.723268,20.740307,3.9592843,-16.839098,3.2482197,0.6703962,62.07835,-3.0465498,-2.202895,36.555360281195085,12.9701230228471,84.51669595782074,61.37082601054482,63.44463971880493,48.1195079086116,81.28295254833041,83.33919156414764,47.59226713532514,87.9261862917399,95.07908611599298,97.01230228471005,34.692442882249566,37.25834797891037,12.231985940246046,11.985940246045695,23.72583479789104,18.066783831282955,12.056239015817225,8.752196836555362,30.68541300527241,24.11247803163445,41.61687170474517,77.5395430579965,79.26186291739896,21.93321616871705,74.79789103690686,50.15817223198594,47.59226713532514,54.55184534270651,53.5676625659051,60.597539543058005,58.277680140597546,14.024604569420037,22.00351493848858,60.00000000000001,77.71528998242532,58.734622144112485,42.07381370826011,89.94727592267137,51.66959578207382,25.06151142355009,25.799648506151144,19.43760984182777,45.58875219683656,29.138840070298773,26.29173989455185,89.06854130052724,41.12478031634447,38.10193321616872,51.77504393673111,15.641476274165203
N#C[C@@]1(c2ccc3c(N)ncnn23)O[C@H](CO)[C@@H](O)[C@H]1OP(=O)(O)O,371.246,-1.7397200000000002,9,5,4.0,0.3824440667117172,4,196.45,0,1,0,0.18016677,0.26599705,0.27418303,0.00081798714,0.046147097,0.025264721,0.023815904,0.0025472282,0.033621915,0.06919383,0.0033432164,0.18347988,0.43915725,0.63543963,0.10525384,0.009004014,0.042449653,0.021325242,0.009973759,0.03200362,0.13757873,0.0015461349,0.0023935693,0.0033748783,0.090684816,0.012244773,0.005662893,0.004239635,0.06800824,0.2031018,0.055233825,-6.7456145,-5.8877206,23.195484,9.69165,-27.024395,2.4787629,-0.26646966,49.204144,-1.3614519,1.8810667,58.80492091388401,10.474516695957822,88.08435852372584,91.493848857645,63.44463971880493,30.790861159929705,81.28295254833041,91.8804920913884,47.59226713532514,66.52021089630932,37.188049209138846,43.12829525483304,16.590509666080845,8.787346221441126,12.899824253075572,39.08611599297013,14.376098418277682,44.147627416520216,6.678383128295256,42.98769771528999,11.599297012302284,26.04569420035149,54.692442882249566,89.3145869947276,62.108963093145874,8.1195079086116,44.28822495606328,71.10720562390159,49.98242530755712,40.31634446397189,65.48330404217927,71.66959578207381,24.253075571177508,4.956063268892795,23.90158172231986,41.37082601054482,55.782073813708266,29.841827768014063,26.889279437609844,65.76449912126539,11.669595782073817,25.30755711775044,7.346221441124781,11.24780316344464,47.697715289982426,39.40246045694201,7.627416520210897,52.68892794376099,26.46748681898067,27.521968365553604,79.22671353251319,54.23550087873463
N#C[C@@]12O[C@H](C=O)[C@@H](O)[C@H]1Oc1cc3c(N)ncnn3c12,287.235,-1.2500200000000008,8,2,4.0,0.62078622352576,4,135.76,0,1,1,0.743297,0.55933297,0.80623186,0.0035782016,0.005788037,0.08637123,0.0030706723,0.014143179,0.002328324,0.21767974,0.0021006034,0.15477273,0.28378925,0.9245933,0.85166293,0.014799711,0.023528185,0.044762842,0.013142021,0.009309694,0.094157204,0.0038212824,0.097306326,0.0027236368,0.10819423,0.03447122,0.013458167,0.010659749,0.15744862,0.38662285,0.06543128,-5.2904687,0.3187763,12.278135,2.8973012,-17.325558,3.2259216,0.6639984,64.36058,-3.3761883,-3.2308984,36.555360281195085,13.11072056239016,84.51669595782074,61.37082601054482,63.44463971880493,62.98769771528999,81.28295254833041,82.74165202108964,47.59226713532514,66.52021089630932,83.09314586994728,92.9701230228471,37.36379613356767,52.02108963093146,22.14411247803164,9.771528998242532,32.61862917398946,17.750439367311074,14.868189806678384,7.346221441124781,28.857644991212656,22.56590509666081,46.95957820738138,77.99648506151144,86.25659050966608,24.28822495606327,58.418277680140605,46.85413005272408,60.77328646748683,44.28822495606328,33.602811950790866,53.67311072056239,40.56239015817224,17.258347978910372,22.10896309314587,46.18629173989456,71.77504393673111,46.81898066783832,36.20386643233744,80.597539543058,32.02108963093146,27.275922671353253,31.177504393673114,15.254833040421794,36.27416520210897,26.959578207381373,24.253075571177508,88.78734622144113,41.12478031634447,40.38664323374341,44.39367311072056,8.646748681898067
CCCCOC[C@H]1O[C@@](C#N)(c2ccc3c(N)nc(CC)nn23)[C@H](O)[C@@H]1O,375.4290000000001,0.5300799999999999,8,3,4.0,0.5956515663999606,4,138.92,0,1,0,0.5937942,0.34916878,0.8601157,0.003003172,0.036536556,0.10145207,0.02393588,0.059134275,0.010763468,0.49401703,0.107356824,0.054834377,0.30820063,0.83884096,0.95574415,0.03719247,0.06095476,0.053100705,0.07122118,0.021804843,0.09333427,0.028749183,0.3742301,0.14215206,0.18308868,0.0716589,0.019370422,0.104668714,0.19972172,0.2654633,0.31418532,-5.478941,7.37956,31.579157,16.404531,-18.483839,3.5570133,1.4780449,67.86903,-3.1927648,4.8422394,59.68365553602813,27.416520210896312,84.51669595782074,78.20738137082601,63.44463971880493,59.367311072056246,81.28295254833041,83.30404217926187,47.59226713532514,66.52021089630932,37.188049209138846,85.58875219683657,22.14411247803164,65.83479789103691,21.15992970123023,35.008787346221446,37.85588752196837,44.21792618629174,33.602811950790866,25.9402460456942,55.28998242530757,59.19156414762743,17.715289982425308,80.07029876977154,75.71177504393674,31.318101933216173,78.84007029876977,82.53075571177506,63.3743409490334,69.56063268892795,56.66080843585237,53.286467486818985,72.93497363796135,29.103690685413007,57.08260105448155,59.54305799648507,81.51142355008788,54.27065026362039,65.13181019332163,84.67486818980669,16.836555360281196,51.52899824253076,24.32337434094904,22.42530755711775,55.39543057996485,52.02108963093146,20.38664323374341,95.18453427065027,53.25131810193322,43.7609841827768,48.04920913884008,73.74340949033393
N#C[C@@]1(c2ccc3c(N)ncnn23)O[C@H](C=O)[C@@]2(O)O[C@H]21,287.235,-1.2845200000000003,8,2,4.0,0.5137047936060908,4,139.06,0,2,2,0.85338145,0.5373046,0.7501502,0.00081256137,0.005830414,0.06054437,0.0022269688,0.008635886,0.002174821,0.21961634,0.002256602,0.12696886,0.27599147,0.8860518,0.7755419,0.025512,0.026682142,0.01788244,0.022963863,0.015014912,0.106516264,0.006952879,0.0590279,0.0024936427,0.16616303,0.042942327,0.01943332,0.01337682,0.25173044,0.48715124,0.050504934,-5.389419,4.556727,22.10037,4.4271545,-16.945955,3.3458743,0.7627036,60.955284,-3.0156646,-2.023752,36.555360281195085,12.9701230228471,84.51669595782074,61.37082601054482,63.44463971880493,48.1195079086116,81.28295254833041,83.33919156414764,47.59226713532514,87.9261862917399,95.07908611599298,96.27416520210896,35.430579964850615,40.84358523725835,12.864674868189809,9.947275922671354,25.342706502636204,14.586994727592268,12.056239015817225,7.100175746924429,29.03339191564148,22.88224956063269,39.05096660808436,77.25834797891038,80.66783831282953,21.89806678383129,71.84534270650265,51.45869947275923,47.697715289982426,52.30228471001758,46.85413005272408,59.789103690685415,51.70474516695958,14.51669595782074,21.300527240773288,57.25834797891037,75.04393673110721,54.34094903339192,38.55887521968366,87.97891036906854,44.92091388400704,24.3585237258348,27.065026362038665,19.191564147627417,46.74868189806679,30.08787346221441,25.76449912126538,91.63444639718806,42.49560632688928,36.94200351493849,52.40773286467487,17.223198594024606
CCC(CC)CCC(CC)COC[C@H]1O[C@@](C#N)(c2ccc3c(N)ncnn23)[C@H](O)[C@@H]1O,445.5640000000001,2.41018,8,3,4.0,0.47910450723361,5,138.92,0,0,0,0.4453513,0.31099936,0.7915599,0.0050181234,0.05139052,0.09123807,0.04727878,0.1221899,0.058508597,0.6246775,0.267748,0.06678502,0.5305527,0.5995448,0.9322993,0.043082137,0.058970936,0.046708472,0.112883665,0.047925867,0.11054297,0.06934722,0.444372,0.3984155,0.2572944,0.081563815,0.066635005,0.16566509,0.24623227,0.2995144,0.64072466,-5.3848658,29.654621,67.03459,58.091625,-16.869158,3.5392747,3.0515723,93.3822,-4.5059137,15.061411,74.86818980667839,50.790861159929705,84.51669595782074,78.20738137082601,63.44463971880493,43.33919156414763,85.04393673110721,83.30404217926187,47.59226713532514,25.869947275922677,37.188049209138846,73.91915641476275,19.859402460456945,49.03339191564148,24.63971880492092,40.52724077328647,34.30579964850615,54.692442882249566,53.60281195079087,51.63444639718806,70.33391915641477,71.9859402460457,21.01933216168717,93.56766256590512,60.52724077328647,28.892794376098426,81.51142355008788,81.44112478031636,61.652021089630935,76.80140597539544,74.34094903339192,61.792618629174,84.11247803163445,31.70474516695958,73.70826010544816,67.1353251318102,83.02284710017575,77.71528998242532,71.0017574692443,87.7328646748682,21.23022847100176,69.52548330404218,27.275922671353253,48.08435852372584,79.05096660808437,84.88576449912128,26.186291739894557,94.97363796133568,80.52724077328648,75.43057996485062,22.56590509666081,96.30931458699472
CCc1cc2c(N)ncnn2c1[C@]1(C#N)O[C@H](COCC(CC)CC)[C@@H](O)[C@H]1O,403.4830000000002,1.1661799999999996,8,3,4.0,0.5967376116622654,4,138.92000000000002,0,0,0,0.38723937,0.26716003,0.8712574,0.0009826199,0.027994305,0.094696626,0.01837125,0.056779943,0.008375535,0.5292055,0.133173,0.043771684,0.33592415,0.77797997,0.95632094,0.026887152,0.054330014,0.026915228,0.062935114,0.019696463,0.0699109,0.02705202,0.35401016,0.15338883,0.15332453,0.047465842,0.023159783,0.077540115,0.14807515,0.1955181,0.37096998,-5.325537,39.975563,63.828205,25.27921,-16.75459,3.224361,2.6646338,88.46083,-4.1712284,8.570913,66.08084358523726,33.708260105448154,84.51669595782074,78.20738137082601,63.44463971880493,59.472759226713535,81.28295254833041,83.30404217926187,47.59226713532514,25.869947275922677,37.188049209138846,69.06854130052724,16.590509666080845,68.92794376098419,13.884007029876978,30.790861159929705,35.571177504393674,40.21089630931459,32.75922671353251,22.987697715289983,58.94551845342707,62.108963093145874,15.079086115992972,82.1792618629174,70.72056239015818,31.423550087873465,72.9701230228471,79.29701230228471,53.77855887521969,68.2249560632689,54.13005272407733,39.156414762741655,72.30228471001759,28.22495606326889,58.45342706502637,55.07908611599297,76.48506151142355,57.82073813708261,60.66783831282953,79.68365553602813,10.826010544815468,55.85237258347979,29.77152899824253,57.01230228471002,77.29349736379613,64.4639718804921,26.432337434094904,88.7170474516696,73.81370826010546,66.92442882249561,28.78734622144113,86.6432337434095
N#C[C@]12O[C@H](C=O)[C@@H](Oc3cc4c(N)ncnn4c31)[C@H]2O,287.235,-1.2500200000000008,8,2,4.0,0.62078622352576,4,135.76,0,1,1,0.8228428,0.567667,0.7862827,0.0029237138,0.007503654,0.07027073,0.0041891607,0.013279925,0.0026883844,0.23235898,0.002611578,0.14335649,0.2868798,0.9157507,0.83769876,0.017098825,0.024238344,0.04478513,0.017204365,0.013367185,0.10382948,0.005553807,0.09700677,0.0027880885,0.13076764,0.045311578,0.01981624,0.018040754,0.19528972,0.44691148,0.067723215,-5.3280716,-1.1276035,10.222773,2.920172,-17.189768,3.1293774,0.5147211,63.232483,-3.218219,-3.2040696,36.555360281195085,13.11072056239016,84.51669595782074,61.37082601054482,63.44463971880493,62.98769771528999,81.28295254833041,82.74165202108964,47.59226713532514,66.52021089630932,83.09314586994728,95.3602811950791,38.06678383128296,47.978910369068544,20.949033391915645,12.267135325131813,27.90861159929701,20.738137082601057,14.481546572934976,8.541300527240773,31.107205623901585,24.077328646748683,44.11247803163445,78.27768014059755,84.92091388400704,23.83128295254833,62.21441124780317,48.33040421792619,60.77328646748683,48.189806678383135,44.04217926186292,58.80492091388401,47.20562390158173,17.258347978910372,22.39015817223199,51.10720562390159,75.85237258347979,54.833040421792624,41.51142355008788,84.25307557117752,39.96485061511424,27.521968365553604,29.630931458699475,14.586994727592268,33.81370826010545,27.065026362038665,24.60456942003515,86.6432337434095,38.73462214411248,39.36731107205624,47.5219683655536,8.787346221441126
N#C[C@@]1(c2ccc3c(N)ncnn23)O[C@H](CO)[C@@H](O)[C@H]1Oc1ccccc1,367.36500000000007,0.2299799999999995,8,3,4.0,0.5954496630961871,4,138.92,0,0,0,0.4581365,0.35573432,0.88237846,0.007787603,0.0792257,0.18985237,0.057208054,0.03102971,0.009352502,0.3965423,0.06771362,0.1316596,0.27796197,0.9483941,0.96840733,0.011240078,0.031100694,0.09321568,0.067839965,0.016508343,0.12143843,0.020681204,0.2527299,0.07920383,0.14380565,0.067489944,0.014855297,0.06513977,0.11486943,0.2124376,0.29213506,-5.489782,22.21906,29.809322,-2.5007148,-18.529224,3.0598538,1.6704512,80.107834,-3.69417,-0.4502372,57.71528998242531,24.850615114235502,84.51669595782074,78.20738137082601,63.44463971880493,59.367311072056246,81.28295254833041,83.30404217926187,47.59226713532514,25.869947275922677,37.188049209138846,75.39543057996485,22.49560632688928,72.61862917398946,28.40070298769772,47.873462214411255,67.5219683655536,57.04745166959579,23.2688927943761,24.21792618629174,45.834797891036914,53.25131810193322,40.66783831282953,77.4340949033392,90.26362038664324,33.53251318101933,50.43936731107206,58.17223198594025,70.50966608084359,69.03339191564149,49.3145869947276,66.74868189806679,68.54130052724078,24.28822495606327,50.333919156414765,53.18101933216169,80.8084358523726,48.64674868189808,58.45342706502637,75.18453427065027,12.583479789103691,49.87697715289983,24.077328646748683,40.45694200351494,53.95430579964851,17.961335676625662,20.28119507908612,84.28822495606327,56.13356766256591,55.85237258347979,38.45342706502637,31.036906854130056
CO[C@@H]1[C@H](O)[C@@H](CO)O[C@@]1(C#N)c1ccc2c(N)ncnn12,305.294,-1.2026199999999994,8,3,4.0,0.6421379839414074,4,138.92,0,0,0,0.6793903,0.45780426,0.8443839,0.0012264305,0.00980825,0.07337202,0.0053209076,0.01884937,0.0022793785,0.2736463,0.0063434886,0.08647062,0.27347785,0.8679045,0.9378665,0.01278119,0.024438161,0.035718136,0.020631943,0.01077978,0.07683662,0.004260991,0.12956272,0.0041798903,0.08155285,0.030758351,0.011521371,0.01383442,0.11254613,0.30568117,0.087206066,-5.581079,5.44309,13.146736,10.405814,-19.230167,2.996344,0.29901943,46.186745,-2.232945,2.9624202,42.1792618629174,13.391915641476276,84.51669595782074,78.20738137082601,63.44463971880493,65.65905096660809,81.28295254833041,83.30404217926187,47.59226713532514,25.869947275922677,37.188049209138846,90.47451669595785,29.876977152899823,61.47627416520211,14.938488576449911,15.465729349736382,28.892794376098426,23.057996485061512,17.188049209138843,7.275922671353252,35.39543057996485,31.177504393673114,26.32688927943761,76.97715289982426,78.59402460456943,29.560632688927942,53.95430579964851,48.57644991212654,57.68014059753955,50.75571177504394,37.89103690685413,43.40949033391916,42.74165202108964,18.804920913884008,25.72934973637961,39.0158172231986,70.12302284710019,43.831282952548335,38.840070298769774,75.00878734622145,22.03866432337434,29.98242530755712,22.14411247803164,20.07029876977153,37.39894551845343,40.91388400702988,18.242530755711776,81.82776801405976,34.6572934973638,25.096660808435853,67.02987697715291,62.53075571177505
N#C[C@@]1(c2ccc3c(N)ncnn23)O[C@H](CO)[C@@H](Oc2ccccc2)[C@H]1O,367.36500000000007,0.2299799999999993,8,3,4.0,0.5954496630961871,4,138.92000000000002,0,0,0,0.4335839,0.35702372,0.88770616,0.0064485827,0.06134537,0.18686518,0.044460256,0.03002815,0.008477826,0.37588254,0.049849596,0.12625489,0.2832548,0.9456938,0.95716894,0.0097621335,0.029907186,0.07746687,0.053292245,0.0146244345,0.11190544,0.016588345,0.23724599,0.05802814,0.11882366,0.055992175,0.012449236,0.04629669,0.096594885,0.19858335,0.2695924,-5.502072,17.781094,30.043915,-0.67141974,-18.406467,3.1868649,1.7202193,80.56234,-3.657924,-0.11842251,57.71528998242531,24.850615114235502,84.51669595782074,78.20738137082601,63.44463971880493,59.367311072056246,81.28295254833041,83.30404217926187,47.59226713532514,25.869947275922677,37.188049209138846,73.00527240773287,22.56590509666081,74.23550087873463,26.713532513181026,43.47978910369069,66.88927943760984,53.919156414762746,22.601054481546576,23.163444639718808,43.79613356766257,49.52548330404218,38.840070298769774,77.9261862917399,89.77152899824254,31.45869947275923,46.85413005272408,56.37961335676626,68.50615114235501,64.78031634446398,46.326889279437616,62.35500878734623,65.37785588752197,23.866432337434095,47.45166959578208,48.7170474516696,78.76977152899825,45.34270650263621,53.70826010544816,72.58347978910369,11.07205623901582,48.189806678383135,23.7609841827768,34.481546572934974,54.27065026362039,20.949033391915645,20.492091388400706,87.7328646748682,57.01230228471002,56.41476274165203,39.19156414762742,34.024604569420035
CCC(CC)C(C)C(CC)COC[C@H]1O[C@@](C#N)(c2ccc3c(N)ncnn23)[C@H](O)[C@@H]1O,445.5640000000001,2.26608,8,3,4.0,0.5060297082459205,6,138.92,0,0,0,0.49919853,0.28276226,0.8059856,0.0029190572,0.057257324,0.07648147,0.0536564,0.0899643,0.035498735,0.6215216,0.26028243,0.060999464,0.4567216,0.5774802,0.92225206,0.034697093,0.048277214,0.032886337,0.083263,0.038885497,0.08972452,0.050074797,0.4228325,0.3164267,0.20862134,0.065471075,0.057446647,0.14754729,0.19170073,0.30751175,0.57621455,-5.3699055,30.740458,70.69975,53.35846,-16.931787,3.621991,3.1956058,94.62559,-4.572189,13.391828,74.86818980667839,48.29525483304042,84.51669595782074,78.20738137082601,63.44463971880493,47.24077328646749,88.10193321616873,83.30404217926187,47.59226713532514,25.869947275922677,37.188049209138846,79.0158172231986,17.996485061511425,52.02108963093146,20.949033391915645,42.1792618629174,29.77152899824253,56.20386643233744,44.39367311072056,43.8664323374341,69.87697715289983,71.63444639718806,19.086115992970125,90.22847100175748,59.12126537785589,27.978910369068544,77.57469244288225,75.57117750439367,56.66080843585237,72.44288224956064,69.8066783831283,50.86115992970124,79.96485061511424,30.931458699472763,69.59578207381371,62.67135325131811,80.49209138840071,75.21968365553603,69.34973637961336,83.79613356766258,22.214411247803167,66.57293497363797,27.76801405975396,49.24428822495607,80.91388400702988,82.84710017574693,25.76449912126538,96.0281195079086,82.84710017574693,78.06678383128296,21.23022847100176,94.37609841827768
N#C[C@]12O[C@H](CO)[C@@H](Oc3nc(N)c4ccc1n4n3)[C@H]2O,289.251,-1.4566200000000005,8,3,4.0,0.5787213665001268,4,138.92,0,0,0,0.7748428,0.5592166,0.80986214,0.01250111,0.029855406,0.0915439,0.020004172,0.022411108,0.006845679,0.2973926,0.010958662,0.13790551,0.25425273,0.9236455,0.91751033,0.022078158,0.030445492,0.075096056,0.034356028,0.021053528,0.122359075,0.011166596,0.17073867,0.011108386,0.18642402,0.067142606,0.018984215,0.044318564,0.21203475,0.40258488,0.11207279,-5.484046,-5.979909,2.026133,7.9283648,-17.883278,3.0429332,0.017518783,47.14156,-2.0983224,0.05150137,37.25834797891037,11.8804920913884,84.51669595782074,78.20738137082601,63.44463971880493,57.46924428822496,81.28295254833041,83.30404217926187,47.59226713532514,25.869947275922677,37.188049209138846,94.20035149384888,37.3286467486819,52.93497363796134,32.37258347978911,31.915641476274168,34.376098418277685,41.335676625659055,18.84007029876977,20.035149384885766,37.22319859402461,35.254833040421794,42.53075571177505,75.39543057996485,86.0456942003515,27.732864674868196,68.64674868189807,57.22319859402461,68.15465729349737,57.71528998242531,55.782073813708266,67.02987697715291,59.75395430579965,20.84358523725835,33.95430579964851,59.89455184534271,80.7029876977153,53.88400702987698,53.00527240773287,85.65905096660809,34.20035149384886,32.75922671353251,24.14762741652021,11.24780316344464,26.39718804920914,35.95782073813709,22.214411247803167,83.55008787346222,30.826010544815468,25.90509666080844,69.52548330404218,35.50087873462215
CCCCCCOC(=O)O,146.186,2.2613,2,1,4.0,0.4776763998042614,0,46.53,0,1,0,0.018955037,0.87095577,0.8745637,0.1088298,0.066782884,0.4038725,0.043763142,0.13844588,0.024805218,0.31196648,0.00080749486,0.36192518,0.059187353,0.39533907,0.99465483,0.004949898,0.008857751,0.006494614,0.004643763,0.019531753,0.073432274,0.078148626,0.77507144,0.021615455,0.068858705,0.0048109787,0.01721837,0.023804342,0.010197826,0.52472293,0.057421546,-4.3212595,71.4572,20.316273,-19.625498,-5.733389,1.6200421,0.26754838,68.292564,-2.0313911,-0.52054596,8.822495606326891,48.29525483304042,17.10017574692443,36.59050966608085,63.44463971880493,43.2688927943761,22.601054481546576,28.26010544815466,47.59226713532514,66.52021089630932,37.188049209138846,5.342706502636204,64.53427065026362,69.9121265377856,56.8365553602812,45.09666080843586,95.39543057996484,53.74340949033392,58.24253075571178,38.55887521968366,38.66432337434095,16.871704745166962,84.07732864674868,36.063268892794376,49.45518453427066,43.971880492091394,27.55711775043937,15.430579964850615,31.353251318101936,29.173989455184536,53.919156414762746,41.72231985940246,85.23725834797892,49.59578207381372,39.0158172231986,34.235500878734626,37.750439367311074,51.95079086115994,44.71001757469244,29.94727592267136,50.4042179261863,25.869947275922677,91.81019332161688,75.3602811950791,45.37785588752197,2.2144112478031635,91.81019332161688,8.260105448154658,34.16520210896309,44.07732864674868,70.72056239015818,30.474516695957824
N#C[C@@]1(c2ccc3c(N)ncnn23)O[C@H](CO)[C@@]2(O)O[C@H]21,289.25100000000003,-1.49112,8,3,4.0,0.5673328641887017,4,142.22,0,1,1,0.8429033,0.49936742,0.7880992,0.0009730165,0.008717984,0.05580876,0.003895761,0.012037768,0.002571556,0.2626896,0.0054539638,0.10125208,0.26500523,0.89015543,0.8917526,0.020494577,0.027175939,0.026721042,0.02905563,0.014144173,0.10124282,0.006496524,0.08979282,0.003868437,0.14944306,0.042460788,0.015538556,0.017577156,0.21502872,0.4185844,0.07227169,-5.5099587,4.702712,16.671268,8.295721,-18.251278,3.1562028,0.52844393,52.085682,-2.4358435,0.83580095,37.25834797891037,11.8804920913884,84.51669595782074,78.20738137082601,63.44463971880493,55.95782073813709,81.28295254833041,84.32337434094904,47.59226713532514,66.52021089630932,83.09314586994728,95.95782073813707,32.93497363796134,48.43585237258348,13.81370826010545,13.884007029876978,24.21792618629174,19.82425307557118,13.954305799648507,8.189806678383128,33.98945518453427,29.912126537785596,30.68541300527241,76.20386643233743,81.47627416520211,25.9402460456942,66.71353251318102,52.26713532513182,53.63796133567663,55.11423550087874,45.4481546572935,57.39894551845343,50.017574692442885,16.871704745166962,25.237258347978912,54.48154657293498,74.79789103690686,49.560632688927946,41.195079086116,85.86994727592268,36.44991212653779,28.1195079086116,23.58523725834798,19.40246045694201,40.77328646748682,36.73110720562391,20.84358523725835,87.2407732864675,39.0158172231986,29.841827768014063,62.74165202108964,44.11247803163445
N#C[C@@]1(c2ccc3c(N)ncnn23)O[C@@H]2C(O)O[C@@H]1[C@@H]2O,289.25100000000003,-1.4927200000000005,8,3,4.0,0.5765323016769606,5,138.92000000000002,0,0,0,0.63488686,0.39928535,0.71929276,0.0006140464,0.0113220215,0.049103566,0.005329237,0.009463022,0.0031934406,0.21513867,0.0044148145,0.07845046,0.28927916,0.8479785,0.73126733,0.016404223,0.032919075,0.022178993,0.02155358,0.014782017,0.09583085,0.005009781,0.06373742,0.004187244,0.10990039,0.03208294,0.011755054,0.01633514,0.17112096,0.29973695,0.07240707,-5.746603,-3.8910832,10.580596,12.376599,-20.123417,2.9907215,0.29139102,51.69749,-2.3386543,1.3073648,37.25834797891037,11.8804920913884,84.51669595782074,78.20738137082601,63.44463971880493,57.08260105448155,85.04393673110721,83.30404217926187,47.59226713532514,25.869947275922677,37.188049209138846,88.11950790861161,25.65905096660809,36.02811950790861,11.70474516695958,17.434094903339194,22.31985940246046,23.057996485061512,12.513181019332162,9.701230228471005,28.22495606326889,28.1195079086116,24.21792618629174,78.38312829525483,76.41476274165203,20.351493848857647,61.08963093145871,60.49209138840071,50.790861159929705,51.17750439367312,46.643233743409496,54.62214411247804,45.48330404217926,14.973637961335678,25.72934973637961,46.57293497363796,70.82601054481547,44.18277680140598,40.31634446397189,81.86291739894553,21.300527240773288,28.18980667838313,18.4182776801406,12.548330404217928,34.20035149384886,44.39367311072056,16.906854130052725,81.47627416520211,34.44639718804921,29.560632688927942,64.81546572934974,49.52548330404218
N#C[C@@]1(c2ccc3c(N)ncnn23)O[C@@H]2C(O)O[C@H]2[C@H]1O,289.25100000000003,-1.4927200000000005,8,3,4.0,0.5765323016769606,5,138.92000000000002,0,0,0,0.6105984,0.40843177,0.74548686,0.0006909495,0.008116739,0.045077384,0.0034979745,0.0075514913,0.0024388866,0.16231143,0.0018467142,0.10147681,0.25470483,0.85897934,0.72151756,0.010243152,0.027826298,0.017746737,0.011513257,0.009070578,0.08308028,0.00219126,0.045800123,0.0018898245,0.07611318,0.01756995,0.006352335,0.006556218,0.106710374,0.28328207,0.04725325,-5.700206,-6.409948,13.3685665,10.567414,-20.222235,3.2322297,0.34653035,49.54496,-2.4589467,0.14715342,37.25834797891037,11.8804920913884,84.51669595782074,78.20738137082601,63.44463971880493,57.08260105448155,85.04393673110721,83.30404217926187,47.59226713532514,25.869947275922677,37.188049209138846,86.57293497363797,26.256590509666083,40.21089630931459,12.196836555360282,13.181019332161688,20.984182776801408,18.910369068541304,11.63444639718805,7.451669595782074,22.847100175746927,22.03866432337434,30.826010544815468,75.46572934973639,77.36379613356767,20.175746924428825,48.01405975395431,53.04042179261863,47.59226713532514,42.24956063268893,32.72407732864675,47.1353251318102,30.017574692442885,13.251318101933215,19.086115992970125,37.04745166959579,62.07381370826011,32.056239015817226,31.493848857644995,74.34094903339192,19.191564147627417,23.58523725834798,19.507908611599294,10.93145869947276,37.57469244288225,41.30052724077329,16.55536028119508,88.89279437609842,35.50087873462215,27.76801405975396,62.35500878734623,36.555360281195085
N#C[C@@]12O[C@H](CO)[C@@H](O)[C@H]1Oc1nc(N)c3ccc2n3n1,289.251,-1.4566200000000005,8,3,4.0,0.5787213665001268,4,138.92000000000002,0,0,0,0.7873623,0.58094466,0.8268312,0.017894201,0.029449955,0.10123465,0.019229317,0.027986502,0.006856502,0.31743836,0.014007054,0.15038148,0.27354646,0.9269657,0.93120575,0.022532085,0.032017313,0.09211848,0.035231683,0.01786875,0.121178254,0.010005631,0.20969096,0.0137882335,0.18788472,0.06689715,0.017252471,0.04602188,0.215663,0.39351675,0.1305604,-5.476577,-3.3535907,3.4127288,4.5185304,-17.974726,3.0238135,0.054621626,50.896584,-2.285222,-0.09848261,37.25834797891037,11.8804920913884,84.51669595782074,78.20738137082601,63.44463971880493,57.46924428822496,81.28295254833041,83.30404217926187,47.59226713532514,25.869947275922677,37.188049209138846,94.69244288224957,39.08611599297013,57.29349736379614,35.887521968365554,31.669595782073817,37.609841827768015,40.66783831282953,21.89806678383129,20.07029876977153,39.08611599297013,37.57469244288225,45.834797891036914,76.97715289982426,86.50263620386644,28.822495606326893,69.10369068541301,59.29701230228471,70.47451669595783,58.38312829525484,51.45869947275923,66.67838312829527,58.24253075571178,22.601054481546576,35.64147627416521,59.96485061511424,80.66783831282953,52.02108963093146,53.63796133567663,85.90509666080844,32.89982425307557,35.114235500878735,24.42882249560633,12.829525483304044,27.662565905096663,30.228471001757477,21.65202108963093,83.02284710017575,31.739894551845342,28.927943760984185,65.83479789103691,34.27065026362039
N#C[C@@]12O[C@H](CO)[C@@H](O)[C@H]1Oc1cc2n2ncnc(N)c12,289.25100000000003,-1.4566200000000002,8,3,4.0,0.578721366500127,4,138.92000000000002,0,0,0,0.8161869,0.52998346,0.81301177,0.005786664,0.0113113355,0.06785609,0.006301298,0.020820022,0.00417152,0.2626353,0.007222855,0.1408915,0.3213606,0.909383,0.9181075,0.018871522,0.027837735,0.07323371,0.02827945,0.015531133,0.10343613,0.0058983276,0.13305591,0.0060895802,0.15540764,0.055076487,0.017445687,0.026655799,0.20455137,0.37808585,0.10720955,-5.4355555,-0.82635957,8.272165,9.0966015,-18.533907,3.0954814,0.44773084,56.595978,-2.7527559,0.52034897,37.25834797891037,11.8804920913884,84.51669595782074,78.20738137082601,63.44463971880493,57.46924428822496,81.28295254833041,83.30404217926187,47.59226713532514,25.869947275922677,37.188049209138846,95.2548330404218,34.90333919156415,53.42706502636205,25.76449912126538,17.398945518453427,27.346221441124783,25.237258347978912,18.066783831282955,13.216168717047452,33.98945518453427,32.02108963093146,43.33919156414763,81.15992970123024,83.9718804920914,27.80316344463972,64.4639718804921,53.04042179261863,67.83831282952549,54.93848857644992,47.6274165202109,58.62917398945519,48.33040421792619,18.910369068541304,28.752196836555363,55.46572934973639,78.6291739894552,52.16168717047452,46.010544815465735,85.20210896309315,31.142355008787348,32.23198594024605,25.553602811950796,14.762741652021091,31.985940246045697,38.10193321616872,20.210896309314588,85.48330404217927,37.3286467486819,33.25131810193322,56.73110720562391,40.21089630931459
N#C[C@@]1(c2ccc3c(N)ncnn23)O[C@H](CO)[C@H]2O[C@]21O,289.25100000000003,-1.49112,8,3,4.0,0.5673328641887017,4,142.22,0,1,1,0.81334096,0.46379185,0.77698344,0.0006391041,0.0064291046,0.050917156,0.0035341296,0.0099993255,0.0018888472,0.23322883,0.0039213416,0.0948831,0.24944556,0.8794233,0.87918633,0.018345404,0.026458398,0.019366581,0.021792997,0.013029985,0.09112065,0.0058112326,0.0653658,0.0029297133,0.12595324,0.034862887,0.014146663,0.013338333,0.20265111,0.40510306,0.05959761,-5.573706,0.13792038,12.842275,9.703777,-18.378489,3.1223722,0.3323694,50.80205,-2.2946033,0.73530394,37.25834797891037,11.8804920913884,84.51669595782074,78.20738137082601,63.44463971880493,55.95782073813709,81.28295254833041,84.32337434094904,47.59226713532514,66.52021089630932,83.09314586994728,95.1493848857645,30.298769771529003,46.18629173989456,11.8804920913884,10.650263620386644,22.671353251318106,19.05096660808436,12.864674868189809,6.221441124780317,31.247803163444644,27.55711775043937,28.50615114235501,74.97363796133568,79.85940246045695,25.483304042179263,63.831282952548335,51.10720562390159,48.927943760984185,51.423550087873465,43.12829525483304,51.56414762741653,48.1195079086116,15.043936731107207,22.671353251318106,50.017574692442885,71.8804920913884,47.873462214411255,38.52372583479789,84.9560632688928,34.516695957820744,26.22144112478032,22.31985940246046,15.254833040421794,36.8365553602812,39.40246045694201,20.597539543058,86.29173989455185,35.21968365553603,28.892794376098426,65.69420035149385,42.88224956063269
N#C[C@@]12O[C@H](CO)[C@@H](O)[C@H]1Oc1cc3c(N)ncnn3c12,289.251,-1.4566200000000002,8,3,4.0,0.5787213665001268,4,138.92,0,0,0,0.7402522,0.51646507,0.8331617,0.0052398243,0.00941822,0.074983135,0.0054822466,0.018918058,0.0027201485,0.24815798,0.006207883,0.12682296,0.29108965,0.91606796,0.9267068,0.0134016145,0.024726091,0.062390782,0.019572813,0.010452533,0.092039295,0.0038180824,0.13553944,0.004019791,0.10796283,0.03984452,0.011739993,0.015239306,0.14839044,0.3305155,0.0899335,-5.4608464,-2.274465,6.6741114,8.302142,-18.766659,3.0997632,0.3704332,54.320374,-2.6881325,0.48564285,37.25834797891037,11.8804920913884,84.51669595782074,78.20738137082601,63.44463971880493,57.46924428822496,81.28295254833041,83.30404217926187,47.59226713532514,25.869947275922677,37.188049209138846,92.79437609841828,33.84885764499121,58.734622144112485,24.850615114235502,14.797891036906856,29.34973637961336,23.40949033391916,17.223198594024606,8.646748681898067,32.196836555360285,31.07205623901582,38.91036906854131,78.48857644991213,84.9560632688928,28.330404217926187,55.21968365553603,48.85764499121266,65.76449912126539,49.9121265377856,36.977152899824254,52.30228471001758,40.56239015817224,19.05096660808436,25.483304042179263,46.18629173989456,74.02460456942003,44.18277680140598,39.82425307557118,79.7188049209139,25.026362038664324,30.193321616871707,24.81546572934974,13.532513181019333,30.509666080843587,36.73110720562391,19.507908611599294,85.51845342706504,36.02811950790861,31.52899824253076,57.9261862917399,39.85940246045695
N#C[C@]12O[C@H](CO)[C@@H](Oc3cc4c(N)ncnn4c31)[C@H]2O,289.25100000000003,-1.4566200000000005,8,3,4.0,0.578721366500127,4,138.92,0,0,0,0.7204345,0.50986046,0.82145464,0.0030710432,0.008784309,0.06695645,0.0053684465,0.015314962,0.0022953749,0.23030677,0.0047317795,0.1070023,0.28515175,0.9104868,0.8993389,0.012529604,0.025674677,0.04880811,0.01712367,0.01111352,0.091234244,0.003970965,0.11221317,0.0030735037,0.09458487,0.038015027,0.012377463,0.013804324,0.1421356,0.32045788,0.07911803,-5.491237,-5.6525393,4.2029586,9.984311,-18.588505,3.072451,0.22443137,51.393738,-2.439148,0.6029449,37.25834797891037,11.8804920913884,84.51669595782074,78.20738137082601,63.44463971880493,57.46924428822496,81.28295254833041,83.30404217926187,47.59226713532514,25.869947275922677,37.188049209138846,92.05623901581724,33.5676625659051,55.67662565905097,21.300527240773288,13.989455184534272,27.205623901581724,23.09314586994728,15.325131810193325,7.311072056239016,30.861159929701238,28.64674868189807,32.54833040421793,78.24253075571178,84.07732864674868,26.22144112478032,53.49736379613357,50.15817223198594,62.31985940246047,48.189806678383135,38.76977152899825,51.73989455184535,41.44112478031635,17.891036906854133,23.233743409490337,42.63620386643234,73.46221441124781,45.30755711775044,38.840070298769774,79.05096660808437,23.936731107205627,29.03339191564148,24.077328646748683,11.353251318101934,28.295254833040424,39.89455184534271,20.0,84.99121265377856,33.743409490333924,29.314586994727595,62.636203866432346,41.30052724077329
CCC(CC)COC(=O)O[C@H]1O[C@H](CO)[C@@H](O)[C@H](O)[C@H]1O,308.327,-0.6243000000000005,8,4,4.0,0.4781567974510072,5,125.68000000000002,0,0,0,0.30562103,0.51609814,0.60075057,0.00245648,0.027460638,0.02369627,0.003541202,0.08943856,0.029719358,0.22931401,0.0038511758,0.06598989,0.059612453,0.07427291,0.562252,0.019947654,0.038336046,0.0036224518,0.013319989,0.037560202,0.13548404,0.009916378,0.2000722,0.034261853,0.10078411,0.0081382785,0.0077040335,0.017955402,0.023861064,0.5648758,0.1254449,-5.091549,52.445137,29.643597,10.025226,-15.985159,2.4188483,1.2094386,58.38442,-1.7457397,4.521537,43.09314586994728,16.94200351493849,84.51669595782074,86.90685413005274,63.44463971880493,43.30404217926187,85.04393673110721,80.7029876977153,47.59226713532514,25.869947275922677,37.188049209138846,60.77328646748683,33.84885764499121,22.671353251318106,19.191564147627417,30.544815465729357,13.954305799648507,19.05096660808436,44.32337434094904,41.01933216168717,30.790861159929705,27.416520210896312,20.77328646748682,36.20386643233744,14.305799648506152,16.590509666080845,66.08084358523726,67.48681898066785,22.671353251318106,44.463971880492096,69.13884007029877,71.0017574692443,58.06678383128296,22.284710017574696,42.39015817223199,44.463971880492096,46.5377855887522,35.571177504393674,41.44112478031635,45.41300527240774,55.7469244288225,34.44639718804921,40.66783831282953,65.62390158172232,53.81370826010545,39.96485061511424,29.595782073813712,48.26010544815466,48.33040421792619,34.692442882249566,74.55184534270651,71.95079086115993
N#C[C@@]1(c2ccc3c(N)ncnn23)O[C@]2(CO)O[C@H]2[C@H]1O,289.251,-1.49112,8,3,4.0,0.5673328641887015,4,142.22,0,1,1,0.8934916,0.55606914,0.8177784,0.0009606668,0.004327509,0.05057601,0.00226609,0.0117606325,0.0017661949,0.26156086,0.0030606252,0.10853143,0.24760321,0.8905484,0.9145223,0.014818041,0.022579879,0.018888867,0.015351163,0.00915163,0.08709672,0.0036038547,0.09076887,0.002140454,0.118541084,0.029849779,0.011225386,0.0083749695,0.18921897,0.45801896,0.05895213,-5.5305586,-3.3757172,17.836958,9.841742,-18.540607,3.4398885,0.60188943,51.61261,-2.5058405,0.09559369,37.25834797891037,11.8804920913884,84.51669595782074,78.20738137082601,63.44463971880493,55.95782073813709,81.28295254833041,84.32337434094904,47.59226713532514,66.52021089630932,83.09314586994728,97.2231985940246,37.08260105448155,54.692442882249566,13.778558875219684,7.521968365553604,22.671353251318106,14.622144112478033,13.919156414762742,5.659050966608085,33.743409490333924,25.166959578207383,33.04042179261863,74.76274165202109,81.58172231985941,27.451669595782075,58.45342706502637,45.23725834797892,48.61159929701231,46.60808435852373,33.00527240773287,49.34973637961336,39.92970123022848,16.94200351493849,19.96485061511424,48.61159929701231,69.87697715289983,43.2688927943761,34.30579964850615,83.58523725834799,41.47627416520211,26.115992970123024,23.12829525483304,12.829525483304044,42.14411247803164,39.64850615114236,20.210896309314588,93.56766256590512,40.31634446397189,29.490333919156416,61.51142355008788,36.02811950790861
N#C[C@@]1(c2ccc3c(N)ncnn23)O[C@]2(CO)O[C@@H]1[C@@H]2O,289.251,-1.49112,8,3,4.0,0.6072478917277078,4,138.92000000000002,0,0,0,0.8969266,0.5203329,0.7861752,0.0008314101,0.0070205494,0.046988025,0.004344374,0.013116559,0.0026286226,0.31533962,0.009730854,0.075599335,0.26852208,0.88638246,0.9178316,0.026732158,0.029964421,0.024516813,0.034457453,0.01636777,0.09831706,0.008295631,0.12423239,0.0064617805,0.17724602,0.061039407,0.0212151,0.028632963,0.27138048,0.4565116,0.085227,-5.6023,-4.147685,16.171114,11.973977,-18.82204,3.3215668,0.562527,52.424023,-2.3142145,1.1262013,37.25834797891037,11.8804920913884,84.51669595782074,78.20738137082601,63.44463971880493,61.12478031634447,81.28295254833041,83.30404217926187,47.59226713532514,25.869947275922677,37.188049209138846,97.3286467486819,34.235500878734626,47.978910369068544,13.04042179261863,11.528998242530756,21.61687170474517,21.0896309314587,14.411247803163446,8.224956063268893,38.98066783831283,34.376098418277685,23.65553602811951,76.48506151142355,80.73813708260106,27.76801405975396,72.72407732864676,56.48506151142355,52.196836555360285,57.750439367311074,49.03339191564148,55.782073813708266,54.62214411247804,18.488576449912127,29.34973637961336,58.418277680140605,79.57820738137083,56.27416520210897,46.643233743409496,89.34973637961336,41.30052724077329,29.77152899824253,21.687170474516694,12.302284710017576,40.45694200351494,43.72583479789104,19.36731107205624,90.82601054481547,39.57820738137083,30.193321616871707,65.16695957820738,47.065026362038665
