Canonical_SMILES,starter_mod,firstExtension_module,secondExtension_mod,release_mod,Molecular_Weight,has_target_substructure,matching_patterns
CCC=C(O)[C@H](O)[C@@H](CCCCc1c[nH]c(Cl)c1Cl)C(=O)O,"[""AT{'substrate': 'Methylmalonyl-CoA'}"", 'loading: True']",AT(hmal) + KR(B1) + DH,"[""AT{'substrate': 'DCP'}"", ""KR{'type': 'A1'}"", 'loading: False']",TE(linear),350.24,False,
CCC=C(O)[C@@H](O)[C@@H](C(=O)O)C(C)C,"[""AT{'substrate': 'Methylmalonyl-CoA'}"", 'loading: True']",AT(hmal) + KR(B1) + DH,"[""AT{'substrate': 'D-isobutmal'}"", ""KR{'type': 'B2'}"", 'loading: False']",TE(linear),202.25,False,
CCC=C(O)[C@H](O)[C@@H](C(=O)O)C(C)C,"[""AT{'substrate': 'Methylmalonyl-CoA'}"", 'loading: True']",AT(hmal) + KR(B1) + DH,"[""AT{'substrate': 'D-isobutmal'}"", ""KR{'type': 'A2'}"", 'loading: False']",TE(linear),202.25,False,
CCC=C1C[C@H](OC)C(=O)O1,"[""AT{'substrate': 'Methylmalonyl-CoA'}"", 'loading: True']",AT(hmal) + KR(B1) + DH,"[""AT{'substrate': 'mxmal'}"", ""KR{'type': 'B1'}"", 'DH{}', 'ER{}', 'loading: False']","TE(cyclic, ring=1)",156.18,True,['pattern_1: CCC=C1C[C@H](OC)C(=O)O1']
CCC=C(O)[C@@H](O)[C@@H](C)C(=O)O,"[""AT{'substrate': 'Methylmalonyl-CoA'}"", 'loading: True']",AT(hmal) + KR(B1) + DH,"[""AT{'substrate': 'Methylmalonyl-CoA'}"", ""KR{'type': 'B1'}"", 'loading: False']",TE(linear),174.2,False,
CCC=C1C=CC(=O)O1,"[""AT{'substrate': 'Methylmalonyl-CoA'}"", 'loading: True']",AT(hmal) + KR(B1) + DH,"[""AT{'substrate': 'Malonyl-CoA'}"", ""KR{'type': 'B'}"", 'DH{}', 'loading: False']","TE(cyclic, ring=0)",124.14,True,['pattern_2: CCC=C1C=CC(=O)O1']
CCC=C(O)[C@H](O)[C@H](O)C(=O)O,"[""AT{'substrate': 'Methylmalonyl-CoA'}"", 'loading: True']",AT(hmal) + KR(B1) + DH,"[""AT{'substrate': 'hmal'}"", ""KR{'type': 'A2'}"", 'loading: False']",TE(linear),176.17,False,
C=CC[C@H](C(=O)O)[C@H](O)C(O)=CCC,"[""AT{'substrate': 'Methylmalonyl-CoA'}"", 'loading: True']",AT(hmal) + KR(B1) + DH,"[""AT{'substrate': 'allylmal'}"", ""KR{'type': 'B2'}"", 'loading: False']",TE(linear),200.23,False,
CCC=C(O)[C@@H](O)[C@H](CC)C(=O)O,"[""AT{'substrate': 'Methylmalonyl-CoA'}"", 'loading: True']",AT(hmal) + KR(B1) + DH,"[""AT{'substrate': 'emal'}"", ""KR{'type': 'B2'}"", 'loading: False']",TE(linear),188.22,False,
CCC=C(O)[C@H](O)[C@H](CC)C(=O)O,"[""AT{'substrate': 'Methylmalonyl-CoA'}"", 'loading: True']",AT(hmal) + KR(B1) + DH,"[""AT{'substrate': 'emal'}"", ""KR{'type': 'A2'}"", 'loading: False']",TE(linear),188.22,False,
CCC=C(O)C[C@@H](C(=O)O)C(C)C,"[""AT{'substrate': 'Methylmalonyl-CoA'}"", 'loading: True']",AT(hmal) + KR(B1) + DH,"[""AT{'substrate': 'isobutmal'}"", ""KR{'type': 'B1'}"", 'DH{}', 'ER{}', 'loading: False']",TE(linear),186.25,False,
CCC=C(O)C[C@H](CCCCc1c[nH]c(Cl)c1Cl)C(=O)O,"[""AT{'substrate': 'Methylmalonyl-CoA'}"", 'loading: True']",AT(hmal) + KR(B1) + DH,"[""AT{'substrate': 'DCP'}"", ""KR{'type': 'B1'}"", 'DH{}', 'ER{}', 'loading: False']",TE(linear),334.24,False,
C=CCC1=CC(=CCC)OC1=O,"[""AT{'substrate': 'Methylmalonyl-CoA'}"", 'loading: True']",AT(hmal) + KR(B1) + DH,"[""AT{'substrate': 'allylmal'}"", ""KR{'type': 'B1'}"", 'DH{}', 'loading: False']","TE(cyclic, ring=0)",164.2,True,['pattern_2: CCC=C1C=CC(=O)O1']
CCC=C1C=C(C)C(=O)O1,"[""AT{'substrate': 'Methylmalonyl-CoA'}"", 'loading: True']",AT(hmal) + KR(B1) + DH,"[""AT{'substrate': 'Methylmalonyl-CoA'}"", ""KR{'type': 'B1'}"", 'DH{}', 'loading: False']","TE(cyclic, ring=0)",138.17,True,['pattern_2: CCC=C1C=CC(=O)O1']
CCC=C1OC(=O)[C@@H](OC)C1=O,"[""AT{'substrate': 'Methylmalonyl-CoA'}"", 'loading: True']",AT(hmal) + KR(B1) + DH,"[""AT{'substrate': 'mxmal'}"", ""KR{'type': 'C2'}"", 'loading: False']","TE(cyclic, ring=1)",170.16,True,['pattern_1: CCC=C1C[C@H](OC)C(=O)O1']
CCC=C1OC(=O)[C@H](OC)C1=O,"[""AT{'substrate': 'Methylmalonyl-CoA'}"", 'loading: True']",AT(hmal) + KR(B1) + DH,"[""AT{'substrate': 'mxmal'}"", ""KR{'type': 'C1'}"", 'loading: False']","TE(cyclic, ring=1)",170.16,True,['pattern_1: CCC=C1C[C@H](OC)C(=O)O1']
CCC=C(O)[C@@H](O)[C@H](O)C(=O)O,"[""AT{'substrate': 'Methylmalonyl-CoA'}"", 'loading: True']",AT(hmal) + KR(B1) + DH,"[""AT{'substrate': 'hmal'}"", ""KR{'type': 'B2'}"", 'loading: False']",TE(linear),176.17,False,
C=CC[C@@H](C(=O)O)[C@@H](O)C(O)=CCC,"[""AT{'substrate': 'Methylmalonyl-CoA'}"", 'loading: True']",AT(hmal) + KR(B1) + DH,"[""AT{'substrate': 'allylmal'}"", ""KR{'type': 'A1'}"", 'loading: False']",TE(linear),200.23,False,
CCC=C(O)C(=O)[C@H](C)C(=O)O,"[""AT{'substrate': 'Methylmalonyl-CoA'}"", 'loading: True']",AT(hmal) + KR(B1) + DH,"[""AT{'substrate': 'Methylmalonyl-CoA'}"", ""KR{'type': 'C2'}"", 'loading: False']",TE(linear),172.18,False,
CCC=C(O)C(=O)[C@@H](C)C(=O)O,"[""AT{'substrate': 'Methylmalonyl-CoA'}"", 'loading: True']",AT(hmal) + KR(B1) + DH,"[""AT{'substrate': 'Methylmalonyl-CoA'}"", ""KR{'type': 'C1'}"", 'loading: False']",TE(linear),172.18,False,
CCC=C(O)C(=O)[C@H](CC)C(=O)O,"[""AT{'substrate': 'Methylmalonyl-CoA'}"", 'loading: True']",AT(hmal) + KR(B1) + DH,"[""AT{'substrate': 'emal'}"", ""KR{'type': 'C2'}"", 'loading: False']",TE(linear),186.21,False,
CCC=C(O)[C@H](O)[C@@H](CC)C(=O)O,"[""AT{'substrate': 'Methylmalonyl-CoA'}"", 'loading: True']",AT(hmal) + KR(B1) + DH,"[""AT{'substrate': 'emal'}"", ""KR{'type': 'A1'}"", 'loading: False']",TE(linear),188.22,False,
CCC=C(O)[C@H](O)CC(=O)O,"[""AT{'substrate': 'Methylmalonyl-CoA'}"", 'loading: True']",AT(hmal) + KR(B1) + DH,"[""AT{'substrate': 'Malonyl-CoA'}"", ""KR{'type': 'A'}"", 'loading: False']",TE(linear),160.17,False,
CCC=C1OC(=O)[C@@H](OC)[C@@H]1O,"[""AT{'substrate': 'Methylmalonyl-CoA'}"", 'loading: True']",AT(hmal) + KR(B1) + DH,"[""AT{'substrate': 'mxmal'}"", ""KR{'type': 'B2'}"", 'loading: False']","TE(cyclic, ring=3)",172.18,True,['pattern_1: CCC=C1C[C@H](OC)C(=O)O1']
CCC=C(O)[C@H](O)[C@@H](O)C(=O)O,"[""AT{'substrate': 'Methylmalonyl-CoA'}"", 'loading: True']",AT(hmal) + KR(B1) + DH,"[""AT{'substrate': 'hmal'}"", ""KR{'type': 'A1'}"", 'loading: False']",TE(linear),176.17,False,
CCC=C1C=C(CCCCCC)C(=O)O1,"[""AT{'substrate': 'Methylmalonyl-CoA'}"", 'loading: True']",AT(hmal) + KR(B1) + DH,"[""AT{'substrate': 'hexmal'}"", ""KR{'type': 'B1'}"", 'DH{}', 'loading: False']","TE(cyclic, ring=0)",208.3,True,['pattern_2: CCC=C1C=CC(=O)O1']
CCC=C(O)C(=O)[C@H](C(=O)O)C(C)C,"[""AT{'substrate': 'Methylmalonyl-CoA'}"", 'loading: True']",AT(hmal) + KR(B1) + DH,"[""AT{'substrate': 'isobutmal'}"", 'loading: False']",TE(linear),200.23,False,
CCC=C(O)C[C@H](CCCCCC)C(=O)O,"[""AT{'substrate': 'Methylmalonyl-CoA'}"", 'loading: True']",AT(hmal) + KR(B1) + DH,"[""AT{'substrate': 'hexmal'}"", ""KR{'type': 'B1'}"", 'DH{}', 'ER{}', 'loading: False']",TE(linear),228.33,False,
C=CC[C@@H](C(=O)O)[C@H](O)C(O)=CCC,"[""AT{'substrate': 'Methylmalonyl-CoA'}"", 'loading: True']",AT(hmal) + KR(B1) + DH,"[""AT{'substrate': 'allylmal'}"", ""KR{'type': 'B1'}"", 'loading: False']",TE(linear),200.23,False,
C=CC[C@H](C(=O)O)[C@@H](O)C(O)=CCC,"[""AT{'substrate': 'Methylmalonyl-CoA'}"", 'loading: True']",AT(hmal) + KR(B1) + DH,"[""AT{'substrate': 'allylmal'}"", ""KR{'type': 'A2'}"", 'loading: False']",TE(linear),200.23,False,
CCC=C(O)[C@@H](O)[C@H](CCCC)C(=O)O,"[""AT{'substrate': 'Methylmalonyl-CoA'}"", 'loading: True']",AT(hmal) + KR(B1) + DH,"[""AT{'substrate': 'butmal'}"", ""KR{'type': 'B2'}"", 'loading: False']",TE(linear),216.28,False,
CCC=C(O)[C@H](O)[C@H](CCCC)C(=O)O,"[""AT{'substrate': 'Methylmalonyl-CoA'}"", 'loading: True']",AT(hmal) + KR(B1) + DH,"[""AT{'substrate': 'butmal'}"", ""KR{'type': 'A2'}"", 'loading: False']",TE(linear),216.28,False,
CCC=C(O)C(=O)[C@@H](C(=O)O)C(C)C,"[""AT{'substrate': 'Methylmalonyl-CoA'}"", 'loading: True']",AT(hmal) + KR(B1) + DH,"[""AT{'substrate': 'D-isobutmal'}"", 'loading: False']",TE(linear),200.23,False,
CCC=C1C=C(CCCCc2c[nH]c(Cl)c2Cl)C(=O)O1,"[""AT{'substrate': 'Methylmalonyl-CoA'}"", 'loading: True']",AT(hmal) + KR(B1) + DH,"[""AT{'substrate': 'DCP'}"", ""KR{'type': 'B1'}"", 'DH{}', 'loading: False']","TE(cyclic, ring=0)",314.21,True,['pattern_2: CCC=C1C=CC(=O)O1']
C=CC[C@@H](CC(O)=CCC)C(=O)O,"[""AT{'substrate': 'Methylmalonyl-CoA'}"", 'loading: True']",AT(hmal) + KR(B1) + DH,"[""AT{'substrate': 'allylmal'}"", ""KR{'type': 'B1'}"", 'DH{}', 'ER{}', 'loading: False']",TE(linear),184.23,False,
CCC=C1OC(=O)[C@H](OC)[C@H]1O,"[""AT{'substrate': 'Methylmalonyl-CoA'}"", 'loading: True']",AT(hmal) + KR(B1) + DH,"[""AT{'substrate': 'mxmal'}"", ""KR{'type': 'A1'}"", 'loading: False']","TE(cyclic, ring=3)",172.18,True,['pattern_1: CCC=C1C[C@H](OC)C(=O)O1']
C=CC[C@H](C(=O)O)C(=O)C(O)=CCC,"[""AT{'substrate': 'Methylmalonyl-CoA'}"", 'loading: True']",AT(hmal) + KR(B1) + DH,"[""AT{'substrate': 'allylmal'}"", ""KR{'type': 'C2'}"", 'loading: False']",TE(linear),198.22,False,
C=CC[C@@H](C(=O)O)C(=O)C(O)=CCC,"[""AT{'substrate': 'Methylmalonyl-CoA'}"", 'loading: True']",AT(hmal) + KR(B1) + DH,"[""AT{'substrate': 'allylmal'}"", ""KR{'type': 'C1'}"", 'loading: False']",TE(linear),198.22,False,
CCC=C(O)[C@@H](O)[C@@H](CCCCc1c[nH]c(Cl)c1Cl)C(=O)O,"[""AT{'substrate': 'Methylmalonyl-CoA'}"", 'loading: True']",AT(hmal) + KR(B1) + DH,"[""AT{'substrate': 'DCP'}"", ""KR{'type': 'B1'}"", 'loading: False']",TE(linear),350.24,False,
CCC=C(O)[C@H](O)[C@H](C(=O)O)C(C)C,"[""AT{'substrate': 'Methylmalonyl-CoA'}"", 'loading: True']",AT(hmal) + KR(B1) + DH,"[""AT{'substrate': 'isobutmal'}"", ""KR{'type': 'A1'}"", 'loading: False']",TE(linear),202.25,False,
CCC=C(O)C(=O)[C@H](CCCCCC)C(=O)O,"[""AT{'substrate': 'Methylmalonyl-CoA'}"", 'loading: True']",AT(hmal) + KR(B1) + DH,"[""AT{'substrate': 'hexmal'}"", 'loading: False']",TE(linear),242.31,False,
CCC=C1C=C(CC)C(=O)O1,"[""AT{'substrate': 'Methylmalonyl-CoA'}"", 'loading: True']",AT(hmal) + KR(B1) + DH,"[""AT{'substrate': 'emal'}"", ""KR{'type': 'B1'}"", 'DH{}', 'loading: False']","TE(cyclic, ring=0)",152.19,True,['pattern_2: CCC=C1C=CC(=O)O1']
CCC=C(O)[C@H](O)[C@@H](CCCC)C(=O)O,"[""AT{'substrate': 'Methylmalonyl-CoA'}"", 'loading: True']",AT(hmal) + KR(B1) + DH,"[""AT{'substrate': 'butmal'}"", ""KR{'type': 'A1'}"", 'loading: False']",TE(linear),216.28,False,
CCC=C(O)[C@@H](O)[C@H](CCCCCC)C(=O)O,"[""AT{'substrate': 'Methylmalonyl-CoA'}"", 'loading: True']",AT(hmal) + KR(B1) + DH,"[""AT{'substrate': 'hexmal'}"", ""KR{'type': 'B2'}"", 'loading: False']",TE(linear),244.33,False,
CCC=C(O)[C@H](O)[C@H](CCCCCC)C(=O)O,"[""AT{'substrate': 'Methylmalonyl-CoA'}"", 'loading: True']",AT(hmal) + KR(B1) + DH,"[""AT{'substrate': 'hexmal'}"", ""KR{'type': 'A2'}"", 'loading: False']",TE(linear),244.33,False,
CCC=C1OC(=O)[C@@H](OC)[C@H]1O,"[""AT{'substrate': 'Methylmalonyl-CoA'}"", 'loading: True']",AT(hmal) + KR(B1) + DH,"[""AT{'substrate': 'mxmal'}"", ""KR{'type': 'A2'}"", 'loading: False']","TE(cyclic, ring=3)",172.18,True,['pattern_1: CCC=C1C[C@H](OC)C(=O)O1']
CCC=C(O)[C@@H](O)[C@H](C(=O)O)C(C)C,"[""AT{'substrate': 'Methylmalonyl-CoA'}"", 'loading: True']",AT(hmal) + KR(B1) + DH,"[""AT{'substrate': 'isobutmal'}"", ""KR{'type': 'B1'}"", 'loading: False']",TE(linear),202.25,False,
CCC=C(O)[C@@H](O)[C@@H](CCCC)C(=O)O,"[""AT{'substrate': 'Methylmalonyl-CoA'}"", 'loading: True']",AT(hmal) + KR(B1) + DH,"[""AT{'substrate': 'butmal'}"", ""KR{'type': 'B1'}"", 'loading: False']",TE(linear),216.28,False,
CCC=C(O)C(=O)[C@H](CCCCc1c[nH]c(Cl)c1Cl)C(=O)O,"[""AT{'substrate': 'Methylmalonyl-CoA'}"", 'loading: True']",AT(hmal) + KR(B1) + DH,"[""AT{'substrate': 'DCP'}"", ""KR{'type': 'C2'}"", 'loading: False']",TE(linear),348.23,False,
CCC=C(O)C(=O)[C@@H](CCCCc1c[nH]c(Cl)c1Cl)C(=O)O,"[""AT{'substrate': 'Methylmalonyl-CoA'}"", 'loading: True']",AT(hmal) + KR(B1) + DH,"[""AT{'substrate': 'DCP'}"", ""KR{'type': 'C1'}"", 'loading: False']",TE(linear),348.23,False,
CCC=C(O)[C@@H](O)[C@H](C)C(=O)O,"[""AT{'substrate': 'Methylmalonyl-CoA'}"", 'loading: True']",AT(hmal) + KR(B1) + DH,"[""AT{'substrate': 'Methylmalonyl-CoA'}"", ""KR{'type': 'B2'}"", 'loading: False']",TE(linear),174.2,False,
CCC=C(O)[C@H](O)[C@H](C)C(=O)O,"[""AT{'substrate': 'Methylmalonyl-CoA'}"", 'loading: True']",AT(hmal) + KR(B1) + DH,"[""AT{'substrate': 'Methylmalonyl-CoA'}"", ""KR{'type': 'A2'}"", 'loading: False']",TE(linear),174.2,False,
CCC=C(O)[C@H](O)[C@@H](CCCCCC)C(=O)O,"[""AT{'substrate': 'Methylmalonyl-CoA'}"", 'loading: True']",AT(hmal) + KR(B1) + DH,"[""AT{'substrate': 'hexmal'}"", ""KR{'type': 'A1'}"", 'loading: False']",TE(linear),244.33,False,
CCC=C(O)C[C@H](O)C(=O)O,"[""AT{'substrate': 'Methylmalonyl-CoA'}"", 'loading: True']",AT(hmal) + KR(B1) + DH,"[""AT{'substrate': 'hmal'}"", ""KR{'type': 'B1'}"", 'DH{}', 'ER{}', 'loading: False']",TE(linear),160.17,False,
CCC=C1C=C(CCCC)C(=O)O1,"[""AT{'substrate': 'Methylmalonyl-CoA'}"", 'loading: True']",AT(hmal) + KR(B1) + DH,"[""AT{'substrate': 'butmal'}"", ""KR{'type': 'B1'}"", 'DH{}', 'loading: False']","TE(cyclic, ring=0)",180.25,True,['pattern_2: CCC=C1C=CC(=O)O1']
CCC=C(O)[C@@H](O)[C@@H](O)C(=O)O,"[""AT{'substrate': 'Methylmalonyl-CoA'}"", 'loading: True']",AT(hmal) + KR(B1) + DH,"[""AT{'substrate': 'hmal'}"", ""KR{'type': 'B1'}"", 'loading: False']",TE(linear),176.17,False,
CCC=C(O)[C@@H](O)[C@@H](CC)C(=O)O,"[""AT{'substrate': 'Methylmalonyl-CoA'}"", 'loading: True']",AT(hmal) + KR(B1) + DH,"[""AT{'substrate': 'emal'}"", ""KR{'type': 'B1'}"", 'loading: False']",TE(linear),188.22,False,
CCC=C(O)C(=O)[C@H](CCCC)C(=O)O,"[""AT{'substrate': 'Methylmalonyl-CoA'}"", 'loading: True']",AT(hmal) + KR(B1) + DH,"[""AT{'substrate': 'butmal'}"", ""KR{'type': 'C2'}"", 'loading: False']",TE(linear),214.26,False,
CCC=C(O)C(=O)[C@@H](CCCC)C(=O)O,"[""AT{'substrate': 'Methylmalonyl-CoA'}"", 'loading: True']",AT(hmal) + KR(B1) + DH,"[""AT{'substrate': 'butmal'}"", ""KR{'type': 'C1'}"", 'loading: False']",TE(linear),214.26,False,
CCC=C1C=C(C(C)C)C(=O)O1,"[""AT{'substrate': 'Methylmalonyl-CoA'}"", 'loading: True']",AT(hmal) + KR(B1) + DH,"[""AT{'substrate': 'isobutmal'}"", ""KR{'type': 'B1'}"", 'DH{}', 'loading: False']","TE(cyclic, ring=0)",166.22,True,['pattern_2: CCC=C1C=CC(=O)O1']
CCC=C(O)[C@@H](O)[C@@H](CCCCCC)C(=O)O,"[""AT{'substrate': 'Methylmalonyl-CoA'}"", 'loading: True']",AT(hmal) + KR(B1) + DH,"[""AT{'substrate': 'hexmal'}"", ""KR{'type': 'B1'}"", 'loading: False']",TE(linear),244.33,False,
CCC=C1C=C(OC)C(=O)O1,"[""AT{'substrate': 'Methylmalonyl-CoA'}"", 'loading: True']",AT(hmal) + KR(B1) + DH,"[""AT{'substrate': 'mxmal'}"", ""KR{'type': 'B1'}"", 'DH{}', 'loading: False']","TE(cyclic, ring=0)",154.16,True,['pattern_2: CCC=C1C=CC(=O)O1']
CCC=C(O)[C@H](O)[C@@H](C)C(=O)O,"[""AT{'substrate': 'Methylmalonyl-CoA'}"", 'loading: True']",AT(hmal) + KR(B1) + DH,"[""AT{'substrate': 'Methylmalonyl-CoA'}"", ""KR{'type': 'A1'}"", 'loading: False']",TE(linear),174.2,False,
CCC=C(O)C(=O)[C@H](O)C(=O)O,"[""AT{'substrate': 'Methylmalonyl-CoA'}"", 'loading: True']",AT(hmal) + KR(B1) + DH,"[""AT{'substrate': 'hmal'}"", ""KR{'type': 'C2'}"", 'loading: False']",TE(linear),174.15,False,
CCC=C(O)C(=O)[C@@H](O)C(=O)O,"[""AT{'substrate': 'Methylmalonyl-CoA'}"", 'loading: True']",AT(hmal) + KR(B1) + DH,"[""AT{'substrate': 'hmal'}"", ""KR{'type': 'C1'}"", 'loading: False']",TE(linear),174.15,False,
CCC=C(O)C(=O)C(O)C(=O)O,"[""AT{'substrate': 'Methylmalonyl-CoA'}"", 'loading: True']",AT(hmal) + KR(B1) + DH,"[""AT{'substrate': 'hmal'}"", 'loading: False']",TE(linear),174.15,False,
CCC=C(O)C[C@H](CCCC)C(=O)O,"[""AT{'substrate': 'Methylmalonyl-CoA'}"", 'loading: True']",AT(hmal) + KR(B1) + DH,"[""AT{'substrate': 'butmal'}"", ""KR{'type': 'B1'}"", 'DH{}', 'ER{}', 'loading: False']",TE(linear),200.28,False,
CCC=C(O)C(=O)[C@@H](CC)C(=O)O,"[""AT{'substrate': 'Methylmalonyl-CoA'}"", 'loading: True']",AT(hmal) + KR(B1) + DH,"[""AT{'substrate': 'emal'}"", ""KR{'type': 'C1'}"", 'loading: False']",TE(linear),186.21,False,
CCC=C(O)[C@@H](O)CC(=O)O,"[""AT{'substrate': 'Methylmalonyl-CoA'}"", 'loading: True']",AT(hmal) + KR(B1) + DH,"[""AT{'substrate': 'Malonyl-CoA'}"", ""KR{'type': 'B'}"", 'loading: False']",TE(linear),160.17,False,
CCC=C(O)C[C@H](CC)C(=O)O,"[""AT{'substrate': 'Methylmalonyl-CoA'}"", 'loading: True']",AT(hmal) + KR(B1) + DH,"[""AT{'substrate': 'emal'}"", ""KR{'type': 'B1'}"", 'DH{}', 'ER{}', 'loading: False']",TE(linear),172.22,False,
CCC=C(O)C(=O)[C@@H](CCCCCC)C(=O)O,"[""AT{'substrate': 'Methylmalonyl-CoA'}"", 'loading: True']",AT(hmal) + KR(B1) + DH,"[""AT{'substrate': 'hexmal'}"", ""KR{'type': 'C1'}"", 'loading: False']",TE(linear),242.31,False,
CCC=C(O)C[C@H](C)C(=O)O,"[""AT{'substrate': 'Methylmalonyl-CoA'}"", 'loading: True']",AT(hmal) + KR(B1) + DH,"[""AT{'substrate': 'Methylmalonyl-CoA'}"", ""KR{'type': 'B1'}"", 'DH{}', 'ER{}', 'loading: False']",TE(linear),158.2,False,
CCC=C(O)[C@@H](O)[C@H](CCCCc1c[nH]c(Cl)c1Cl)C(=O)O,"[""AT{'substrate': 'Methylmalonyl-CoA'}"", 'loading: True']",AT(hmal) + KR(B1) + DH,"[""AT{'substrate': 'DCP'}"", ""KR{'type': 'B2'}"", 'loading: False']",TE(linear),350.24,False,
CCC=C(O)[C@H](O)[C@H](CCCCc1c[nH]c(Cl)c1Cl)C(=O)O,"[""AT{'substrate': 'Methylmalonyl-CoA'}"", 'loading: True']",AT(hmal) + KR(B1) + DH,"[""AT{'substrate': 'DCP'}"", ""KR{'type': 'A2'}"", 'loading: False']",TE(linear),350.24,False,
CCC=C(O)CCC(=O)O,"[""AT{'substrate': 'Methylmalonyl-CoA'}"", 'loading: True']",AT(hmal) + KR(B1) + DH,"[""AT{'substrate': 'Malonyl-CoA'}"", ""KR{'type': 'B'}"", 'DH{}', 'ER{}', 'loading: False']",TE(linear),144.17,False,
CCC=C1C=C(O)C(=O)O1,"[""AT{'substrate': 'Methylmalonyl-CoA'}"", 'loading: True']",AT(hmal) + KR(B1) + DH,"[""AT{'substrate': 'hmal'}"", ""KR{'type': 'B1'}"", 'DH{}', 'loading: False']","TE(cyclic, ring=0)",140.14,True,['pattern_2: CCC=C1C=CC(=O)O1']
CCC=C1OC(=O)[C@H](OC)[C@@H]1O,"[""AT{'substrate': 'Methylmalonyl-CoA'}"", 'loading: True']",AT(hmal) + KR(B1) + DH,"[""AT{'substrate': 'mxmal'}"", ""KR{'type': 'B1'}"", 'loading: False']","TE(cyclic, ring=3)",172.18,True,['pattern_1: CCC=C1C[C@H](OC)C(=O)O1']
CCC=C(O)C(=O)CC(=O)O,"[""AT{'substrate': 'Methylmalonyl-CoA'}"", 'loading: True']",AT(hmal) + KR(B1) + DH,"[""AT{'substrate': 'Malonyl-CoA'}"", 'loading: False']",TE(linear),158.15,False,
CCC=C(O)C(=O)C(CCCCc1c[nH]c(Cl)c1Cl)C(=O)O,"[""AT{'substrate': 'Methylmalonyl-CoA'}"", 'loading: True']",AT(hmal) + KR(B1) + DH,"[""AT{'substrate': 'DCP'}"", 'loading: False']",TE(linear),348.23,False,
CC=C(O)[C@H](O)[C@@H](CCCCc1c[nH]c(Cl)c1Cl)C(=O)O,"[""AT{'substrate': 'Malonyl-CoA'}"", 'loading: True']",AT(hmal) + KR(B1) + DH,"[""AT{'substrate': 'DCP'}"", ""KR{'type': 'A1'}"", 'loading: False']",TE(linear),336.22,False,
CC=C(O)[C@@H](O)[C@@H](C(=O)O)C(C)C,"[""AT{'substrate': 'Malonyl-CoA'}"", 'loading: True']",AT(hmal) + KR(B1) + DH,"[""AT{'substrate': 'D-isobutmal'}"", ""KR{'type': 'B2'}"", 'loading: False']",TE(linear),188.22,False,
CC=C(O)[C@H](O)[C@@H](C(=O)O)C(C)C,"[""AT{'substrate': 'Malonyl-CoA'}"", 'loading: True']",AT(hmal) + KR(B1) + DH,"[""AT{'substrate': 'D-isobutmal'}"", ""KR{'type': 'A2'}"", 'loading: False']",TE(linear),188.22,False,
CC=C(O)C[C@H](OC)C(=O)O,"[""AT{'substrate': 'Malonyl-CoA'}"", 'loading: True']",AT(hmal) + KR(B1) + DH,"[""AT{'substrate': 'mxmal'}"", ""KR{'type': 'B1'}"", 'DH{}', 'ER{}', 'loading: False']",TE(linear),160.17,False,
CC=C(O)[C@@H](O)[C@@H](C)C(=O)O,"[""AT{'substrate': 'Malonyl-CoA'}"", 'loading: True']",AT(hmal) + KR(B1) + DH,"[""AT{'substrate': 'Methylmalonyl-CoA'}"", ""KR{'type': 'B1'}"", 'loading: False']",TE(linear),160.17,False,
CC=C(O)C=CC(=O)O,"[""AT{'substrate': 'Malonyl-CoA'}"", 'loading: True']",AT(hmal) + KR(B1) + DH,"[""AT{'substrate': 'Malonyl-CoA'}"", ""KR{'type': 'B'}"", 'DH{}', 'loading: False']",TE(linear),128.13,False,
CC=C(O)[C@H](O)[C@H](O)C(=O)O,"[""AT{'substrate': 'Malonyl-CoA'}"", 'loading: True']",AT(hmal) + KR(B1) + DH,"[""AT{'substrate': 'hmal'}"", ""KR{'type': 'A2'}"", 'loading: False']",TE(linear),162.14,False,
C=CC[C@H](C(=O)O)[C@H](O)C(O)=CC,"[""AT{'substrate': 'Malonyl-CoA'}"", 'loading: True']",AT(hmal) + KR(B1) + DH,"[""AT{'substrate': 'allylmal'}"", ""KR{'type': 'B2'}"", 'loading: False']",TE(linear),186.21,False,
CC=C(O)[C@@H](O)[C@H](CC)C(=O)O,"[""AT{'substrate': 'Malonyl-CoA'}"", 'loading: True']",AT(hmal) + KR(B1) + DH,"[""AT{'substrate': 'emal'}"", ""KR{'type': 'B2'}"", 'loading: False']",TE(linear),174.2,False,
CC=C(O)[C@H](O)[C@H](CC)C(=O)O,"[""AT{'substrate': 'Malonyl-CoA'}"", 'loading: True']",AT(hmal) + KR(B1) + DH,"[""AT{'substrate': 'emal'}"", ""KR{'type': 'A2'}"", 'loading: False']",TE(linear),174.2,False,
CC=C(O)C[C@@H](C(=O)O)C(C)C,"[""AT{'substrate': 'Malonyl-CoA'}"", 'loading: True']",AT(hmal) + KR(B1) + DH,"[""AT{'substrate': 'isobutmal'}"", ""KR{'type': 'B1'}"", 'DH{}', 'ER{}', 'loading: False']",TE(linear),172.22,False,
CC=C(O)C[C@H](CCCCc1c[nH]c(Cl)c1Cl)C(=O)O,"[""AT{'substrate': 'Malonyl-CoA'}"", 'loading: True']",AT(hmal) + KR(B1) + DH,"[""AT{'substrate': 'DCP'}"", ""KR{'type': 'B1'}"", 'DH{}', 'ER{}', 'loading: False']",TE(linear),320.22,False,
C=CCC(=CC(O)=CC)C(=O)O,"[""AT{'substrate': 'Malonyl-CoA'}"", 'loading: True']",AT(hmal) + KR(B1) + DH,"[""AT{'substrate': 'allylmal'}"", ""KR{'type': 'B1'}"", 'DH{}', 'loading: False']",TE(linear),168.19,False,
CC=C(O)C=C(C)C(=O)O,"[""AT{'substrate': 'Malonyl-CoA'}"", 'loading: True']",AT(hmal) + KR(B1) + DH,"[""AT{'substrate': 'Methylmalonyl-CoA'}"", ""KR{'type': 'B1'}"", 'DH{}', 'loading: False']",TE(linear),142.15,False,
CC=C(O)C(=O)[C@H](OC)C(=O)O,"[""AT{'substrate': 'Malonyl-CoA'}"", 'loading: True']",AT(hmal) + KR(B1) + DH,"[""AT{'substrate': 'mxmal'}"", ""KR{'type': 'C2'}"", 'loading: False']",TE(linear),174.15,False,
CC=C(O)C(=O)[C@@H](OC)C(=O)O,"[""AT{'substrate': 'Malonyl-CoA'}"", 'loading: True']",AT(hmal) + KR(B1) + DH,"[""AT{'substrate': 'mxmal'}"", ""KR{'type': 'C1'}"", 'loading: False']",TE(linear),174.15,False,
CC=C(O)[C@@H](O)[C@H](O)C(=O)O,"[""AT{'substrate': 'Malonyl-CoA'}"", 'loading: True']",AT(hmal) + KR(B1) + DH,"[""AT{'substrate': 'hmal'}"", ""KR{'type': 'B2'}"", 'loading: False']",TE(linear),162.14,False,
C=CC[C@@H](C(=O)O)[C@@H](O)C(O)=CC,"[""AT{'substrate': 'Malonyl-CoA'}"", 'loading: True']",AT(hmal) + KR(B1) + DH,"[""AT{'substrate': 'allylmal'}"", ""KR{'type': 'A1'}"", 'loading: False']",TE(linear),186.21,False,
CC=C(O)C(=O)[C@H](C)C(=O)O,"[""AT{'substrate': 'Malonyl-CoA'}"", 'loading: True']",AT(hmal) + KR(B1) + DH,"[""AT{'substrate': 'Methylmalonyl-CoA'}"", ""KR{'type': 'C2'}"", 'loading: False']",TE(linear),158.15,False,
CC=C(O)C(=O)[C@@H](C)C(=O)O,"[""AT{'substrate': 'Malonyl-CoA'}"", 'loading: True']",AT(hmal) + KR(B1) + DH,"[""AT{'substrate': 'Methylmalonyl-CoA'}"", ""KR{'type': 'C1'}"", 'loading: False']",TE(linear),158.15,False,
CC=C(O)C(=O)[C@H](CC)C(=O)O,"[""AT{'substrate': 'Malonyl-CoA'}"", 'loading: True']",AT(hmal) + KR(B1) + DH,"[""AT{'substrate': 'emal'}"", ""KR{'type': 'C2'}"", 'loading: False']",TE(linear),172.18,False,
CC=C(O)[C@H](O)[C@@H](CC)C(=O)O,"[""AT{'substrate': 'Malonyl-CoA'}"", 'loading: True']",AT(hmal) + KR(B1) + DH,"[""AT{'substrate': 'emal'}"", ""KR{'type': 'A1'}"", 'loading: False']",TE(linear),174.2,False,
CC=C(O)[C@H](O)CC(=O)O,"[""AT{'substrate': 'Malonyl-CoA'}"", 'loading: True']",AT(hmal) + KR(B1) + DH,"[""AT{'substrate': 'Malonyl-CoA'}"", ""KR{'type': 'A'}"", 'loading: False']",TE(linear),146.14,False,
CC=C(O)[C@@H](O)[C@H](OC)C(=O)O,"[""AT{'substrate': 'Malonyl-CoA'}"", 'loading: True']",AT(hmal) + KR(B1) + DH,"[""AT{'substrate': 'mxmal'}"", ""KR{'type': 'B2'}"", 'loading: False']",TE(linear),176.17,False,
CC=C(O)[C@H](O)[C@@H](O)C(=O)O,"[""AT{'substrate': 'Malonyl-CoA'}"", 'loading: True']",AT(hmal) + KR(B1) + DH,"[""AT{'substrate': 'hmal'}"", ""KR{'type': 'A1'}"", 'loading: False']",TE(linear),162.14,False,
CC=C(O)C=C(CCCCCC)C(=O)O,"[""AT{'substrate': 'Malonyl-CoA'}"", 'loading: True']",AT(hmal) + KR(B1) + DH,"[""AT{'substrate': 'hexmal'}"", ""KR{'type': 'B1'}"", 'DH{}', 'loading: False']",TE(linear),212.29,False,
CC=C(O)C(=O)[C@H](C(=O)O)C(C)C,"[""AT{'substrate': 'Malonyl-CoA'}"", 'loading: True']",AT(hmal) + KR(B1) + DH,"[""AT{'substrate': 'isobutmal'}"", 'loading: False']",TE(linear),186.21,False,
CC=C(O)C[C@H](CCCCCC)C(=O)O,"[""AT{'substrate': 'Malonyl-CoA'}"", 'loading: True']",AT(hmal) + KR(B1) + DH,"[""AT{'substrate': 'hexmal'}"", ""KR{'type': 'B1'}"", 'DH{}', 'ER{}', 'loading: False']",TE(linear),214.3,False,
C=CC[C@@H](C(=O)O)[C@H](O)C(O)=CC,"[""AT{'substrate': 'Malonyl-CoA'}"", 'loading: True']",AT(hmal) + KR(B1) + DH,"[""AT{'substrate': 'allylmal'}"", ""KR{'type': 'B1'}"", 'loading: False']",TE(linear),186.21,False,
C=CC[C@H](C(=O)O)[C@@H](O)C(O)=CC,"[""AT{'substrate': 'Malonyl-CoA'}"", 'loading: True']",AT(hmal) + KR(B1) + DH,"[""AT{'substrate': 'allylmal'}"", ""KR{'type': 'A2'}"", 'loading: False']",TE(linear),186.21,False,
CC=C(O)[C@@H](O)[C@H](CCCC)C(=O)O,"[""AT{'substrate': 'Malonyl-CoA'}"", 'loading: True']",AT(hmal) + KR(B1) + DH,"[""AT{'substrate': 'butmal'}"", ""KR{'type': 'B2'}"", 'loading: False']",TE(linear),202.25,False,
CC=C(O)[C@H](O)[C@H](CCCC)C(=O)O,"[""AT{'substrate': 'Malonyl-CoA'}"", 'loading: True']",AT(hmal) + KR(B1) + DH,"[""AT{'substrate': 'butmal'}"", ""KR{'type': 'A2'}"", 'loading: False']",TE(linear),202.25,False,
CC=C(O)C(=O)[C@@H](C(=O)O)C(C)C,"[""AT{'substrate': 'Malonyl-CoA'}"", 'loading: True']",AT(hmal) + KR(B1) + DH,"[""AT{'substrate': 'D-isobutmal'}"", 'loading: False']",TE(linear),186.21,False,
CC=C(O)C=C(CCCCc1c[nH]c(Cl)c1Cl)C(=O)O,"[""AT{'substrate': 'Malonyl-CoA'}"", 'loading: True']",AT(hmal) + KR(B1) + DH,"[""AT{'substrate': 'DCP'}"", ""KR{'type': 'B1'}"", 'DH{}', 'loading: False']",TE(linear),318.2,False,
C=CC[C@@H](CC(O)=CC)C(=O)O,"[""AT{'substrate': 'Malonyl-CoA'}"", 'loading: True']",AT(hmal) + KR(B1) + DH,"[""AT{'substrate': 'allylmal'}"", ""KR{'type': 'B1'}"", 'DH{}', 'ER{}', 'loading: False']",TE(linear),170.21,False,
CC=C(O)[C@H](O)[C@@H](OC)C(=O)O,"[""AT{'substrate': 'Malonyl-CoA'}"", 'loading: True']",AT(hmal) + KR(B1) + DH,"[""AT{'substrate': 'mxmal'}"", ""KR{'type': 'A1'}"", 'loading: False']",TE(linear),176.17,False,
C=CC[C@H](C(=O)O)C(=O)C(O)=CC,"[""AT{'substrate': 'Malonyl-CoA'}"", 'loading: True']",AT(hmal) + KR(B1) + DH,"[""AT{'substrate': 'allylmal'}"", ""KR{'type': 'C2'}"", 'loading: False']",TE(linear),184.19,False,
C=CC[C@@H](C(=O)O)C(=O)C(O)=CC,"[""AT{'substrate': 'Malonyl-CoA'}"", 'loading: True']",AT(hmal) + KR(B1) + DH,"[""AT{'substrate': 'allylmal'}"", ""KR{'type': 'C1'}"", 'loading: False']",TE(linear),184.19,False,
CC=C(O)[C@@H](O)[C@@H](CCCCc1c[nH]c(Cl)c1Cl)C(=O)O,"[""AT{'substrate': 'Malonyl-CoA'}"", 'loading: True']",AT(hmal) + KR(B1) + DH,"[""AT{'substrate': 'DCP'}"", ""KR{'type': 'B1'}"", 'loading: False']",TE(linear),336.22,False,
CC=C(O)[C@H](O)[C@H](C(=O)O)C(C)C,"[""AT{'substrate': 'Malonyl-CoA'}"", 'loading: True']",AT(hmal) + KR(B1) + DH,"[""AT{'substrate': 'isobutmal'}"", ""KR{'type': 'A1'}"", 'loading: False']",TE(linear),188.22,False,
CC=C(O)C(=O)[C@H](CCCCCC)C(=O)O,"[""AT{'substrate': 'Malonyl-CoA'}"", 'loading: True']",AT(hmal) + KR(B1) + DH,"[""AT{'substrate': 'hexmal'}"", 'loading: False']",TE(linear),228.29,False,
CC=C(O)C=C(CC)C(=O)O,"[""AT{'substrate': 'Malonyl-CoA'}"", 'loading: True']",AT(hmal) + KR(B1) + DH,"[""AT{'substrate': 'emal'}"", ""KR{'type': 'B1'}"", 'DH{}', 'loading: False']",TE(linear),156.18,False,
CC=C(O)[C@H](O)[C@@H](CCCC)C(=O)O,"[""AT{'substrate': 'Malonyl-CoA'}"", 'loading: True']",AT(hmal) + KR(B1) + DH,"[""AT{'substrate': 'butmal'}"", ""KR{'type': 'A1'}"", 'loading: False']",TE(linear),202.25,False,
CC=C(O)[C@@H](O)[C@H](CCCCCC)C(=O)O,"[""AT{'substrate': 'Malonyl-CoA'}"", 'loading: True']",AT(hmal) + KR(B1) + DH,"[""AT{'substrate': 'hexmal'}"", ""KR{'type': 'B2'}"", 'loading: False']",TE(linear),230.3,False,
CC=C(O)[C@H](O)[C@H](CCCCCC)C(=O)O,"[""AT{'substrate': 'Malonyl-CoA'}"", 'loading: True']",AT(hmal) + KR(B1) + DH,"[""AT{'substrate': 'hexmal'}"", ""KR{'type': 'A2'}"", 'loading: False']",TE(linear),230.3,False,
CC=C(O)[C@H](O)[C@H](OC)C(=O)O,"[""AT{'substrate': 'Malonyl-CoA'}"", 'loading: True']",AT(hmal) + KR(B1) + DH,"[""AT{'substrate': 'mxmal'}"", ""KR{'type': 'A2'}"", 'loading: False']",TE(linear),176.17,False,
CC=C(O)[C@@H](O)[C@H](C(=O)O)C(C)C,"[""AT{'substrate': 'Malonyl-CoA'}"", 'loading: True']",AT(hmal) + KR(B1) + DH,"[""AT{'substrate': 'isobutmal'}"", ""KR{'type': 'B1'}"", 'loading: False']",TE(linear),188.22,False,
CC=C(O)[C@@H](O)[C@@H](CCCC)C(=O)O,"[""AT{'substrate': 'Malonyl-CoA'}"", 'loading: True']",AT(hmal) + KR(B1) + DH,"[""AT{'substrate': 'butmal'}"", ""KR{'type': 'B1'}"", 'loading: False']",TE(linear),202.25,False,
CC=C(O)C(=O)[C@H](CCCCc1c[nH]c(Cl)c1Cl)C(=O)O,"[""AT{'substrate': 'Malonyl-CoA'}"", 'loading: True']",AT(hmal) + KR(B1) + DH,"[""AT{'substrate': 'DCP'}"", ""KR{'type': 'C2'}"", 'loading: False']",TE(linear),334.2,False,
CC=C(O)C(=O)[C@@H](CCCCc1c[nH]c(Cl)c1Cl)C(=O)O,"[""AT{'substrate': 'Malonyl-CoA'}"", 'loading: True']",AT(hmal) + KR(B1) + DH,"[""AT{'substrate': 'DCP'}"", ""KR{'type': 'C1'}"", 'loading: False']",TE(linear),334.2,False,
CC=C(O)[C@@H](O)[C@H](C)C(=O)O,"[""AT{'substrate': 'Malonyl-CoA'}"", 'loading: True']",AT(hmal) + KR(B1) + DH,"[""AT{'substrate': 'Methylmalonyl-CoA'}"", ""KR{'type': 'B2'}"", 'loading: False']",TE(linear),160.17,False,
CC=C(O)[C@H](O)[C@H](C)C(=O)O,"[""AT{'substrate': 'Malonyl-CoA'}"", 'loading: True']",AT(hmal) + KR(B1) + DH,"[""AT{'substrate': 'Methylmalonyl-CoA'}"", ""KR{'type': 'A2'}"", 'loading: False']",TE(linear),160.17,False,
CC=C(O)[C@H](O)[C@@H](CCCCCC)C(=O)O,"[""AT{'substrate': 'Malonyl-CoA'}"", 'loading: True']",AT(hmal) + KR(B1) + DH,"[""AT{'substrate': 'hexmal'}"", ""KR{'type': 'A1'}"", 'loading: False']",TE(linear),230.3,False,
CC=C(O)C[C@H](O)C(=O)O,"[""AT{'substrate': 'Malonyl-CoA'}"", 'loading: True']",AT(hmal) + KR(B1) + DH,"[""AT{'substrate': 'hmal'}"", ""KR{'type': 'B1'}"", 'DH{}', 'ER{}', 'loading: False']",TE(linear),146.14,False,
CC=C(O)C=C(CCCC)C(=O)O,"[""AT{'substrate': 'Malonyl-CoA'}"", 'loading: True']",AT(hmal) + KR(B1) + DH,"[""AT{'substrate': 'butmal'}"", ""KR{'type': 'B1'}"", 'DH{}', 'loading: False']",TE(linear),184.23,False,
CC=C(O)[C@@H](O)[C@@H](O)C(=O)O,"[""AT{'substrate': 'Malonyl-CoA'}"", 'loading: True']",AT(hmal) + KR(B1) + DH,"[""AT{'substrate': 'hmal'}"", ""KR{'type': 'B1'}"", 'loading: False']",TE(linear),162.14,False,
CC=C(O)[C@@H](O)[C@@H](CC)C(=O)O,"[""AT{'substrate': 'Malonyl-CoA'}"", 'loading: True']",AT(hmal) + KR(B1) + DH,"[""AT{'substrate': 'emal'}"", ""KR{'type': 'B1'}"", 'loading: False']",TE(linear),174.2,False,
CC=C(O)C(=O)[C@H](CCCC)C(=O)O,"[""AT{'substrate': 'Malonyl-CoA'}"", 'loading: True']",AT(hmal) + KR(B1) + DH,"[""AT{'substrate': 'butmal'}"", ""KR{'type': 'C2'}"", 'loading: False']",TE(linear),200.23,False,
CC=C(O)C(=O)[C@@H](CCCC)C(=O)O,"[""AT{'substrate': 'Malonyl-CoA'}"", 'loading: True']",AT(hmal) + KR(B1) + DH,"[""AT{'substrate': 'butmal'}"", ""KR{'type': 'C1'}"", 'loading: False']",TE(linear),200.23,False,
CC=C(O)C=C(C(=O)O)C(C)C,"[""AT{'substrate': 'Malonyl-CoA'}"", 'loading: True']",AT(hmal) + KR(B1) + DH,"[""AT{'substrate': 'isobutmal'}"", ""KR{'type': 'B1'}"", 'DH{}', 'loading: False']",TE(linear),170.21,False,
CC=C(O)[C@@H](O)[C@@H](CCCCCC)C(=O)O,"[""AT{'substrate': 'Malonyl-CoA'}"", 'loading: True']",AT(hmal) + KR(B1) + DH,"[""AT{'substrate': 'hexmal'}"", ""KR{'type': 'B1'}"", 'loading: False']",TE(linear),230.3,False,
CC=C(O)C=C(OC)C(=O)O,"[""AT{'substrate': 'Malonyl-CoA'}"", 'loading: True']",AT(hmal) + KR(B1) + DH,"[""AT{'substrate': 'mxmal'}"", ""KR{'type': 'B1'}"", 'DH{}', 'loading: False']",TE(linear),158.15,False,
CC=C(O)[C@H](O)[C@@H](C)C(=O)O,"[""AT{'substrate': 'Malonyl-CoA'}"", 'loading: True']",AT(hmal) + KR(B1) + DH,"[""AT{'substrate': 'Methylmalonyl-CoA'}"", ""KR{'type': 'A1'}"", 'loading: False']",TE(linear),160.17,False,
CC=C(O)C(=O)[C@H](O)C(=O)O,"[""AT{'substrate': 'Malonyl-CoA'}"", 'loading: True']",AT(hmal) + KR(B1) + DH,"[""AT{'substrate': 'hmal'}"", ""KR{'type': 'C2'}"", 'loading: False']",TE(linear),160.12,False,
CC=C(O)C(=O)[C@@H](O)C(=O)O,"[""AT{'substrate': 'Malonyl-CoA'}"", 'loading: True']",AT(hmal) + KR(B1) + DH,"[""AT{'substrate': 'hmal'}"", ""KR{'type': 'C1'}"", 'loading: False']",TE(linear),160.12,False,
CC=C(O)C(=O)C(O)C(=O)O,"[""AT{'substrate': 'Malonyl-CoA'}"", 'loading: True']",AT(hmal) + KR(B1) + DH,"[""AT{'substrate': 'hmal'}"", 'loading: False']",TE(linear),160.12,False,
CC=C(O)C[C@H](CCCC)C(=O)O,"[""AT{'substrate': 'Malonyl-CoA'}"", 'loading: True']",AT(hmal) + KR(B1) + DH,"[""AT{'substrate': 'butmal'}"", ""KR{'type': 'B1'}"", 'DH{}', 'ER{}', 'loading: False']",TE(linear),186.25,False,
CC=C(O)C(=O)[C@@H](CC)C(=O)O,"[""AT{'substrate': 'Malonyl-CoA'}"", 'loading: True']",AT(hmal) + KR(B1) + DH,"[""AT{'substrate': 'emal'}"", ""KR{'type': 'C1'}"", 'loading: False']",TE(linear),172.18,False,
CC=C(O)[C@@H](O)CC(=O)O,"[""AT{'substrate': 'Malonyl-CoA'}"", 'loading: True']",AT(hmal) + KR(B1) + DH,"[""AT{'substrate': 'Malonyl-CoA'}"", ""KR{'type': 'B'}"", 'loading: False']",TE(linear),146.14,False,
CC=C(O)C[C@H](CC)C(=O)O,"[""AT{'substrate': 'Malonyl-CoA'}"", 'loading: True']",AT(hmal) + KR(B1) + DH,"[""AT{'substrate': 'emal'}"", ""KR{'type': 'B1'}"", 'DH{}', 'ER{}', 'loading: False']",TE(linear),158.2,False,
CC=C(O)C(=O)[C@@H](CCCCCC)C(=O)O,"[""AT{'substrate': 'Malonyl-CoA'}"", 'loading: True']",AT(hmal) + KR(B1) + DH,"[""AT{'substrate': 'hexmal'}"", ""KR{'type': 'C1'}"", 'loading: False']",TE(linear),228.29,False,
CC=C(O)C[C@H](C)C(=O)O,"[""AT{'substrate': 'Malonyl-CoA'}"", 'loading: True']",AT(hmal) + KR(B1) + DH,"[""AT{'substrate': 'Methylmalonyl-CoA'}"", ""KR{'type': 'B1'}"", 'DH{}', 'ER{}', 'loading: False']",TE(linear),144.17,False,
CC=C(O)[C@@H](O)[C@H](CCCCc1c[nH]c(Cl)c1Cl)C(=O)O,"[""AT{'substrate': 'Malonyl-CoA'}"", 'loading: True']",AT(hmal) + KR(B1) + DH,"[""AT{'substrate': 'DCP'}"", ""KR{'type': 'B2'}"", 'loading: False']",TE(linear),336.22,False,
CC=C(O)[C@H](O)[C@H](CCCCc1c[nH]c(Cl)c1Cl)C(=O)O,"[""AT{'substrate': 'Malonyl-CoA'}"", 'loading: True']",AT(hmal) + KR(B1) + DH,"[""AT{'substrate': 'DCP'}"", ""KR{'type': 'A2'}"", 'loading: False']",TE(linear),336.22,False,
CC=C(O)CCC(=O)O,"[""AT{'substrate': 'Malonyl-CoA'}"", 'loading: True']",AT(hmal) + KR(B1) + DH,"[""AT{'substrate': 'Malonyl-CoA'}"", ""KR{'type': 'B'}"", 'DH{}', 'ER{}', 'loading: False']",TE(linear),130.14,False,
CC=C(O)C=C(O)C(=O)O,"[""AT{'substrate': 'Malonyl-CoA'}"", 'loading: True']",AT(hmal) + KR(B1) + DH,"[""AT{'substrate': 'hmal'}"", ""KR{'type': 'B1'}"", 'DH{}', 'loading: False']",TE(linear),144.13,False,
CC=C(O)[C@@H](O)[C@@H](OC)C(=O)O,"[""AT{'substrate': 'Malonyl-CoA'}"", 'loading: True']",AT(hmal) + KR(B1) + DH,"[""AT{'substrate': 'mxmal'}"", ""KR{'type': 'B1'}"", 'loading: False']",TE(linear),176.17,False,
CC=C(O)C(=O)CC(=O)O,"[""AT{'substrate': 'Malonyl-CoA'}"", 'loading: True']",AT(hmal) + KR(B1) + DH,"[""AT{'substrate': 'Malonyl-CoA'}"", 'loading: False']",TE(linear),144.13,False,
CC=C(O)C(=O)C(CCCCc1c[nH]c(Cl)c1Cl)C(=O)O,"[""AT{'substrate': 'Malonyl-CoA'}"", 'loading: True']",AT(hmal) + KR(B1) + DH,"[""AT{'substrate': 'DCP'}"", 'loading: False']",TE(linear),334.2,False,
O=C(O)[C@H](CCCCc1c[nH]c(Cl)c1Cl)[C@@H](O)C(O)=CCO,"[""AT{'substrate': 'Hydroxymalonyl-CoA'}"", 'loading: True']",AT(hmal) + KR(B1) + DH,"[""AT{'substrate': 'DCP'}"", ""KR{'type': 'A1'}"", 'loading: False']",TE(linear),352.21,False,
CC(C)[C@H](C(=O)O)[C@H](O)C(O)=CCO,"[""AT{'substrate': 'Hydroxymalonyl-CoA'}"", 'loading: True']",AT(hmal) + KR(B1) + DH,"[""AT{'substrate': 'D-isobutmal'}"", ""KR{'type': 'B2'}"", 'loading: False']",TE(linear),204.22,False,
CC(C)[C@H](C(=O)O)[C@@H](O)C(O)=CCO,"[""AT{'substrate': 'Hydroxymalonyl-CoA'}"", 'loading: True']",AT(hmal) + KR(B1) + DH,"[""AT{'substrate': 'D-isobutmal'}"", ""KR{'type': 'A2'}"", 'loading: False']",TE(linear),204.22,False,
CO[C@@H](CC(O)=CCO)C(=O)O,"[""AT{'substrate': 'Hydroxymalonyl-CoA'}"", 'loading: True']",AT(hmal) + KR(B1) + DH,"[""AT{'substrate': 'mxmal'}"", ""KR{'type': 'B1'}"", 'DH{}', 'ER{}', 'loading: False']",TE(linear),176.17,False,
C[C@@H](C(=O)O)[C@H](O)C(O)=CCO,"[""AT{'substrate': 'Hydroxymalonyl-CoA'}"", 'loading: True']",AT(hmal) + KR(B1) + DH,"[""AT{'substrate': 'Methylmalonyl-CoA'}"", ""KR{'type': 'B1'}"", 'loading: False']",TE(linear),176.17,False,
O=C(O)C=CC(O)=CCO,"[""AT{'substrate': 'Hydroxymalonyl-CoA'}"", 'loading: True']",AT(hmal) + KR(B1) + DH,"[""AT{'substrate': 'Malonyl-CoA'}"", ""KR{'type': 'B'}"", 'DH{}', 'loading: False']",TE(linear),144.13,False,
O=C(O)[C@@H](O)[C@@H](O)C(O)=CCO,"[""AT{'substrate': 'Hydroxymalonyl-CoA'}"", 'loading: True']",AT(hmal) + KR(B1) + DH,"[""AT{'substrate': 'hmal'}"", ""KR{'type': 'A2'}"", 'loading: False']",TE(linear),178.14,False,
C=CC[C@H](C(=O)O)[C@H](O)C(O)=CCO,"[""AT{'substrate': 'Hydroxymalonyl-CoA'}"", 'loading: True']",AT(hmal) + KR(B1) + DH,"[""AT{'substrate': 'allylmal'}"", ""KR{'type': 'B2'}"", 'loading: False']",TE(linear),202.21,False,
CC[C@H](C(=O)O)[C@H](O)C(O)=CCO,"[""AT{'substrate': 'Hydroxymalonyl-CoA'}"", 'loading: True']",AT(hmal) + KR(B1) + DH,"[""AT{'substrate': 'emal'}"", ""KR{'type': 'B2'}"", 'loading: False']",TE(linear),190.19,False,
CC[C@H](C(=O)O)[C@@H](O)C(O)=CCO,"[""AT{'substrate': 'Hydroxymalonyl-CoA'}"", 'loading: True']",AT(hmal) + KR(B1) + DH,"[""AT{'substrate': 'emal'}"", ""KR{'type': 'A2'}"", 'loading: False']",TE(linear),190.19,False,
CC(C)[C@@H](CC(O)=CCO)C(=O)O,"[""AT{'substrate': 'Hydroxymalonyl-CoA'}"", 'loading: True']",AT(hmal) + KR(B1) + DH,"[""AT{'substrate': 'isobutmal'}"", ""KR{'type': 'B1'}"", 'DH{}', 'ER{}', 'loading: False']",TE(linear),188.22,False,
O=C(O)[C@@H](CCCCc1c[nH]c(Cl)c1Cl)CC(O)=CCO,"[""AT{'substrate': 'Hydroxymalonyl-CoA'}"", 'loading: True']",AT(hmal) + KR(B1) + DH,"[""AT{'substrate': 'DCP'}"", ""KR{'type': 'B1'}"", 'DH{}', 'ER{}', 'loading: False']",TE(linear),336.22,False,
C=CCC(=CC(O)=CCO)C(=O)O,"[""AT{'substrate': 'Hydroxymalonyl-CoA'}"", 'loading: True']",AT(hmal) + KR(B1) + DH,"[""AT{'substrate': 'allylmal'}"", ""KR{'type': 'B1'}"", 'DH{}', 'loading: False']",TE(linear),184.19,False,
CC(=CC(O)=CCO)C(=O)O,"[""AT{'substrate': 'Hydroxymalonyl-CoA'}"", 'loading: True']",AT(hmal) + KR(B1) + DH,"[""AT{'substrate': 'Methylmalonyl-CoA'}"", ""KR{'type': 'B1'}"", 'DH{}', 'loading: False']",TE(linear),158.15,False,
CO[C@H](C(=O)O)C(=O)C(O)=CCO,"[""AT{'substrate': 'Hydroxymalonyl-CoA'}"", 'loading: True']",AT(hmal) + KR(B1) + DH,"[""AT{'substrate': 'mxmal'}"", ""KR{'type': 'C2'}"", 'loading: False']",TE(linear),190.15,False,
CO[C@@H](C(=O)O)C(=O)C(O)=CCO,"[""AT{'substrate': 'Hydroxymalonyl-CoA'}"", 'loading: True']",AT(hmal) + KR(B1) + DH,"[""AT{'substrate': 'mxmal'}"", ""KR{'type': 'C1'}"", 'loading: False']",TE(linear),190.15,False,
O=C(O)[C@@H](O)[C@H](O)C(O)=CCO,"[""AT{'substrate': 'Hydroxymalonyl-CoA'}"", 'loading: True']",AT(hmal) + KR(B1) + DH,"[""AT{'substrate': 'hmal'}"", ""KR{'type': 'B2'}"", 'loading: False']",TE(linear),178.14,False,
C=CC[C@@H](C(=O)O)[C@@H](O)C(O)=CCO,"[""AT{'substrate': 'Hydroxymalonyl-CoA'}"", 'loading: True']",AT(hmal) + KR(B1) + DH,"[""AT{'substrate': 'allylmal'}"", ""KR{'type': 'A1'}"", 'loading: False']",TE(linear),202.21,False,
C[C@H](C(=O)O)C(=O)C(O)=CCO,"[""AT{'substrate': 'Hydroxymalonyl-CoA'}"", 'loading: True']",AT(hmal) + KR(B1) + DH,"[""AT{'substrate': 'Methylmalonyl-CoA'}"", ""KR{'type': 'C2'}"", 'loading: False']",TE(linear),174.15,False,
C[C@@H](C(=O)O)C(=O)C(O)=CCO,"[""AT{'substrate': 'Hydroxymalonyl-CoA'}"", 'loading: True']",AT(hmal) + KR(B1) + DH,"[""AT{'substrate': 'Methylmalonyl-CoA'}"", ""KR{'type': 'C1'}"", 'loading: False']",TE(linear),174.15,False,
CC[C@H](C(=O)O)C(=O)C(O)=CCO,"[""AT{'substrate': 'Hydroxymalonyl-CoA'}"", 'loading: True']",AT(hmal) + KR(B1) + DH,"[""AT{'substrate': 'emal'}"", ""KR{'type': 'C2'}"", 'loading: False']",TE(linear),188.18,False,
CC[C@@H](C(=O)O)[C@@H](O)C(O)=CCO,"[""AT{'substrate': 'Hydroxymalonyl-CoA'}"", 'loading: True']",AT(hmal) + KR(B1) + DH,"[""AT{'substrate': 'emal'}"", ""KR{'type': 'A1'}"", 'loading: False']",TE(linear),190.19,False,
O=C(O)C[C@@H](O)C(O)=CCO,"[""AT{'substrate': 'Hydroxymalonyl-CoA'}"", 'loading: True']",AT(hmal) + KR(B1) + DH,"[""AT{'substrate': 'Malonyl-CoA'}"", ""KR{'type': 'A'}"", 'loading: False']",TE(linear),162.14,False,
CO[C@H](C(=O)O)[C@H](O)C(O)=CCO,"[""AT{'substrate': 'Hydroxymalonyl-CoA'}"", 'loading: True']",AT(hmal) + KR(B1) + DH,"[""AT{'substrate': 'mxmal'}"", ""KR{'type': 'B2'}"", 'loading: False']",TE(linear),192.17,False,
O=C(O)[C@H](O)[C@@H](O)C(O)=CCO,"[""AT{'substrate': 'Hydroxymalonyl-CoA'}"", 'loading: True']",AT(hmal) + KR(B1) + DH,"[""AT{'substrate': 'hmal'}"", ""KR{'type': 'A1'}"", 'loading: False']",TE(linear),178.14,False,
CCCCCCC(=CC(O)=CCO)C(=O)O,"[""AT{'substrate': 'Hydroxymalonyl-CoA'}"", 'loading: True']",AT(hmal) + KR(B1) + DH,"[""AT{'substrate': 'hexmal'}"", ""KR{'type': 'B1'}"", 'DH{}', 'loading: False']",TE(linear),228.29,False,
CC(C)[C@@H](C(=O)O)C(=O)C(O)=CCO,"[""AT{'substrate': 'Hydroxymalonyl-CoA'}"", 'loading: True']",AT(hmal) + KR(B1) + DH,"[""AT{'substrate': 'isobutmal'}"", 'loading: False']",TE(linear),202.21,False,
CCCCCC[C@@H](CC(O)=CCO)C(=O)O,"[""AT{'substrate': 'Hydroxymalonyl-CoA'}"", 'loading: True']",AT(hmal) + KR(B1) + DH,"[""AT{'substrate': 'hexmal'}"", ""KR{'type': 'B1'}"", 'DH{}', 'ER{}', 'loading: False']",TE(linear),230.3,False,
C=CC[C@@H](C(=O)O)[C@H](O)C(O)=CCO,"[""AT{'substrate': 'Hydroxymalonyl-CoA'}"", 'loading: True']",AT(hmal) + KR(B1) + DH,"[""AT{'substrate': 'allylmal'}"", ""KR{'type': 'B1'}"", 'loading: False']",TE(linear),202.21,False,
C=CC[C@H](C(=O)O)[C@@H](O)C(O)=CCO,"[""AT{'substrate': 'Hydroxymalonyl-CoA'}"", 'loading: True']",AT(hmal) + KR(B1) + DH,"[""AT{'substrate': 'allylmal'}"", ""KR{'type': 'A2'}"", 'loading: False']",TE(linear),202.21,False,
CCCC[C@H](C(=O)O)[C@H](O)C(O)=CCO,"[""AT{'substrate': 'Hydroxymalonyl-CoA'}"", 'loading: True']",AT(hmal) + KR(B1) + DH,"[""AT{'substrate': 'butmal'}"", ""KR{'type': 'B2'}"", 'loading: False']",TE(linear),218.25,False,
CCCC[C@H](C(=O)O)[C@@H](O)C(O)=CCO,"[""AT{'substrate': 'Hydroxymalonyl-CoA'}"", 'loading: True']",AT(hmal) + KR(B1) + DH,"[""AT{'substrate': 'butmal'}"", ""KR{'type': 'A2'}"", 'loading: False']",TE(linear),218.25,False,
CC(C)[C@H](C(=O)O)C(=O)C(O)=CCO,"[""AT{'substrate': 'Hydroxymalonyl-CoA'}"", 'loading: True']",AT(hmal) + KR(B1) + DH,"[""AT{'substrate': 'D-isobutmal'}"", 'loading: False']",TE(linear),202.21,False,
O=C(O)C(=CC(O)=CCO)CCCCc1c[nH]c(Cl)c1Cl,"[""AT{'substrate': 'Hydroxymalonyl-CoA'}"", 'loading: True']",AT(hmal) + KR(B1) + DH,"[""AT{'substrate': 'DCP'}"", ""KR{'type': 'B1'}"", 'DH{}', 'loading: False']",TE(linear),334.2,False,
C=CC[C@@H](CC(O)=CCO)C(=O)O,"[""AT{'substrate': 'Hydroxymalonyl-CoA'}"", 'loading: True']",AT(hmal) + KR(B1) + DH,"[""AT{'substrate': 'allylmal'}"", ""KR{'type': 'B1'}"", 'DH{}', 'ER{}', 'loading: False']",TE(linear),186.21,False,
CO[C@@H](C(=O)O)[C@@H](O)C(O)=CCO,"[""AT{'substrate': 'Hydroxymalonyl-CoA'}"", 'loading: True']",AT(hmal) + KR(B1) + DH,"[""AT{'substrate': 'mxmal'}"", ""KR{'type': 'A1'}"", 'loading: False']",TE(linear),192.17,False,
C=CC[C@H](C(=O)O)C(=O)C(O)=CCO,"[""AT{'substrate': 'Hydroxymalonyl-CoA'}"", 'loading: True']",AT(hmal) + KR(B1) + DH,"[""AT{'substrate': 'allylmal'}"", ""KR{'type': 'C2'}"", 'loading: False']",TE(linear),200.19,False,
C=CC[C@@H](C(=O)O)C(=O)C(O)=CCO,"[""AT{'substrate': 'Hydroxymalonyl-CoA'}"", 'loading: True']",AT(hmal) + KR(B1) + DH,"[""AT{'substrate': 'allylmal'}"", ""KR{'type': 'C1'}"", 'loading: False']",TE(linear),200.19,False,
O=C(O)[C@H](CCCCc1c[nH]c(Cl)c1Cl)[C@H](O)C(O)=CCO,"[""AT{'substrate': 'Hydroxymalonyl-CoA'}"", 'loading: True']",AT(hmal) + KR(B1) + DH,"[""AT{'substrate': 'DCP'}"", ""KR{'type': 'B1'}"", 'loading: False']",TE(linear),352.21,False,
CC(C)[C@@H](C(=O)O)[C@@H](O)C(O)=CCO,"[""AT{'substrate': 'Hydroxymalonyl-CoA'}"", 'loading: True']",AT(hmal) + KR(B1) + DH,"[""AT{'substrate': 'isobutmal'}"", ""KR{'type': 'A1'}"", 'loading: False']",TE(linear),204.22,False,
CCCCCC[C@H](C(=O)O)C(=O)C(O)=CCO,"[""AT{'substrate': 'Hydroxymalonyl-CoA'}"", 'loading: True']",AT(hmal) + KR(B1) + DH,"[""AT{'substrate': 'hexmal'}"", 'loading: False']",TE(linear),244.29,False,
CCC(=CC(O)=CCO)C(=O)O,"[""AT{'substrate': 'Hydroxymalonyl-CoA'}"", 'loading: True']",AT(hmal) + KR(B1) + DH,"[""AT{'substrate': 'emal'}"", ""KR{'type': 'B1'}"", 'DH{}', 'loading: False']",TE(linear),172.18,False,
CCCC[C@@H](C(=O)O)[C@@H](O)C(O)=CCO,"[""AT{'substrate': 'Hydroxymalonyl-CoA'}"", 'loading: True']",AT(hmal) + KR(B1) + DH,"[""AT{'substrate': 'butmal'}"", ""KR{'type': 'A1'}"", 'loading: False']",TE(linear),218.25,False,
CCCCCC[C@H](C(=O)O)[C@H](O)C(O)=CCO,"[""AT{'substrate': 'Hydroxymalonyl-CoA'}"", 'loading: True']",AT(hmal) + KR(B1) + DH,"[""AT{'substrate': 'hexmal'}"", ""KR{'type': 'B2'}"", 'loading: False']",TE(linear),246.3,False,
CCCCCC[C@H](C(=O)O)[C@@H](O)C(O)=CCO,"[""AT{'substrate': 'Hydroxymalonyl-CoA'}"", 'loading: True']",AT(hmal) + KR(B1) + DH,"[""AT{'substrate': 'hexmal'}"", ""KR{'type': 'A2'}"", 'loading: False']",TE(linear),246.3,False,
CO[C@H](C(=O)O)[C@@H](O)C(O)=CCO,"[""AT{'substrate': 'Hydroxymalonyl-CoA'}"", 'loading: True']",AT(hmal) + KR(B1) + DH,"[""AT{'substrate': 'mxmal'}"", ""KR{'type': 'A2'}"", 'loading: False']",TE(linear),192.17,False,
CC(C)[C@@H](C(=O)O)[C@H](O)C(O)=CCO,"[""AT{'substrate': 'Hydroxymalonyl-CoA'}"", 'loading: True']",AT(hmal) + KR(B1) + DH,"[""AT{'substrate': 'isobutmal'}"", ""KR{'type': 'B1'}"", 'loading: False']",TE(linear),204.22,False,
CCCC[C@@H](C(=O)O)[C@H](O)C(O)=CCO,"[""AT{'substrate': 'Hydroxymalonyl-CoA'}"", 'loading: True']",AT(hmal) + KR(B1) + DH,"[""AT{'substrate': 'butmal'}"", ""KR{'type': 'B1'}"", 'loading: False']",TE(linear),218.25,False,
O=C(O)[C@@H](CCCCc1c[nH]c(Cl)c1Cl)C(=O)C(O)=CCO,"[""AT{'substrate': 'Hydroxymalonyl-CoA'}"", 'loading: True']",AT(hmal) + KR(B1) + DH,"[""AT{'substrate': 'DCP'}"", ""KR{'type': 'C2'}"", 'loading: False']",TE(linear),350.2,False,
O=C(O)[C@H](CCCCc1c[nH]c(Cl)c1Cl)C(=O)C(O)=CCO,"[""AT{'substrate': 'Hydroxymalonyl-CoA'}"", 'loading: True']",AT(hmal) + KR(B1) + DH,"[""AT{'substrate': 'DCP'}"", ""KR{'type': 'C1'}"", 'loading: False']",TE(linear),350.2,False,
C[C@H](C(=O)O)[C@H](O)C(O)=CCO,"[""AT{'substrate': 'Hydroxymalonyl-CoA'}"", 'loading: True']",AT(hmal) + KR(B1) + DH,"[""AT{'substrate': 'Methylmalonyl-CoA'}"", ""KR{'type': 'B2'}"", 'loading: False']",TE(linear),176.17,False,
C[C@H](C(=O)O)[C@@H](O)C(O)=CCO,"[""AT{'substrate': 'Hydroxymalonyl-CoA'}"", 'loading: True']",AT(hmal) + KR(B1) + DH,"[""AT{'substrate': 'Methylmalonyl-CoA'}"", ""KR{'type': 'A2'}"", 'loading: False']",TE(linear),176.17,False,
CCCCCC[C@@H](C(=O)O)[C@@H](O)C(O)=CCO,"[""AT{'substrate': 'Hydroxymalonyl-CoA'}"", 'loading: True']",AT(hmal) + KR(B1) + DH,"[""AT{'substrate': 'hexmal'}"", ""KR{'type': 'A1'}"", 'loading: False']",TE(linear),246.3,False,
O=C(O)[C@@H](O)CC(O)=CCO,"[""AT{'substrate': 'Hydroxymalonyl-CoA'}"", 'loading: True']",AT(hmal) + KR(B1) + DH,"[""AT{'substrate': 'hmal'}"", ""KR{'type': 'B1'}"", 'DH{}', 'ER{}', 'loading: False']",TE(linear),162.14,False,
CCCCC(=CC(O)=CCO)C(=O)O,"[""AT{'substrate': 'Hydroxymalonyl-CoA'}"", 'loading: True']",AT(hmal) + KR(B1) + DH,"[""AT{'substrate': 'butmal'}"", ""KR{'type': 'B1'}"", 'DH{}', 'loading: False']",TE(linear),200.23,False,
O=C(O)[C@H](O)[C@H](O)C(O)=CCO,"[""AT{'substrate': 'Hydroxymalonyl-CoA'}"", 'loading: True']",AT(hmal) + KR(B1) + DH,"[""AT{'substrate': 'hmal'}"", ""KR{'type': 'B1'}"", 'loading: False']",TE(linear),178.14,False,
CC[C@@H](C(=O)O)[C@H](O)C(O)=CCO,"[""AT{'substrate': 'Hydroxymalonyl-CoA'}"", 'loading: True']",AT(hmal) + KR(B1) + DH,"[""AT{'substrate': 'emal'}"", ""KR{'type': 'B1'}"", 'loading: False']",TE(linear),190.19,False,
CCCC[C@H](C(=O)O)C(=O)C(O)=CCO,"[""AT{'substrate': 'Hydroxymalonyl-CoA'}"", 'loading: True']",AT(hmal) + KR(B1) + DH,"[""AT{'substrate': 'butmal'}"", ""KR{'type': 'C2'}"", 'loading: False']",TE(linear),216.23,False,
CCCC[C@@H](C(=O)O)C(=O)C(O)=CCO,"[""AT{'substrate': 'Hydroxymalonyl-CoA'}"", 'loading: True']",AT(hmal) + KR(B1) + DH,"[""AT{'substrate': 'butmal'}"", ""KR{'type': 'C1'}"", 'loading: False']",TE(linear),216.23,False,
CC(C)C(=CC(O)=CCO)C(=O)O,"[""AT{'substrate': 'Hydroxymalonyl-CoA'}"", 'loading: True']",AT(hmal) + KR(B1) + DH,"[""AT{'substrate': 'isobutmal'}"", ""KR{'type': 'B1'}"", 'DH{}', 'loading: False']",TE(linear),186.21,False,
CCCCCC[C@@H](C(=O)O)[C@H](O)C(O)=CCO,"[""AT{'substrate': 'Hydroxymalonyl-CoA'}"", 'loading: True']",AT(hmal) + KR(B1) + DH,"[""AT{'substrate': 'hexmal'}"", ""KR{'type': 'B1'}"", 'loading: False']",TE(linear),246.3,False,
COC(=CC(O)=CCO)C(=O)O,"[""AT{'substrate': 'Hydroxymalonyl-CoA'}"", 'loading: True']",AT(hmal) + KR(B1) + DH,"[""AT{'substrate': 'mxmal'}"", ""KR{'type': 'B1'}"", 'DH{}', 'loading: False']",TE(linear),174.15,False,
C[C@@H](C(=O)O)[C@@H](O)C(O)=CCO,"[""AT{'substrate': 'Hydroxymalonyl-CoA'}"", 'loading: True']",AT(hmal) + KR(B1) + DH,"[""AT{'substrate': 'Methylmalonyl-CoA'}"", ""KR{'type': 'A1'}"", 'loading: False']",TE(linear),176.17,False,
O=C(O)[C@@H](O)C(=O)C(O)=CCO,"[""AT{'substrate': 'Hydroxymalonyl-CoA'}"", 'loading: True']",AT(hmal) + KR(B1) + DH,"[""AT{'substrate': 'hmal'}"", ""KR{'type': 'C2'}"", 'loading: False']",TE(linear),176.12,False,
O=C(O)[C@H](O)C(=O)C(O)=CCO,"[""AT{'substrate': 'Hydroxymalonyl-CoA'}"", 'loading: True']",AT(hmal) + KR(B1) + DH,"[""AT{'substrate': 'hmal'}"", ""KR{'type': 'C1'}"", 'loading: False']",TE(linear),176.12,False,
O=C(O)C(O)C(=O)C(O)=CCO,"[""AT{'substrate': 'Hydroxymalonyl-CoA'}"", 'loading: True']",AT(hmal) + KR(B1) + DH,"[""AT{'substrate': 'hmal'}"", 'loading: False']",TE(linear),176.12,False,
CCCC[C@@H](CC(O)=CCO)C(=O)O,"[""AT{'substrate': 'Hydroxymalonyl-CoA'}"", 'loading: True']",AT(hmal) + KR(B1) + DH,"[""AT{'substrate': 'butmal'}"", ""KR{'type': 'B1'}"", 'DH{}', 'ER{}', 'loading: False']",TE(linear),202.25,False,
CC[C@@H](C(=O)O)C(=O)C(O)=CCO,"[""AT{'substrate': 'Hydroxymalonyl-CoA'}"", 'loading: True']",AT(hmal) + KR(B1) + DH,"[""AT{'substrate': 'emal'}"", ""KR{'type': 'C1'}"", 'loading: False']",TE(linear),188.18,False,
O=C(O)C[C@H](O)C(O)=CCO,"[""AT{'substrate': 'Hydroxymalonyl-CoA'}"", 'loading: True']",AT(hmal) + KR(B1) + DH,"[""AT{'substrate': 'Malonyl-CoA'}"", ""KR{'type': 'B'}"", 'loading: False']",TE(linear),162.14,False,
CC[C@@H](CC(O)=CCO)C(=O)O,"[""AT{'substrate': 'Hydroxymalonyl-CoA'}"", 'loading: True']",AT(hmal) + KR(B1) + DH,"[""AT{'substrate': 'emal'}"", ""KR{'type': 'B1'}"", 'DH{}', 'ER{}', 'loading: False']",TE(linear),174.2,False,
CCCCCC[C@@H](C(=O)O)C(=O)C(O)=CCO,"[""AT{'substrate': 'Hydroxymalonyl-CoA'}"", 'loading: True']",AT(hmal) + KR(B1) + DH,"[""AT{'substrate': 'hexmal'}"", ""KR{'type': 'C1'}"", 'loading: False']",TE(linear),244.29,False,
C[C@@H](CC(O)=CCO)C(=O)O,"[""AT{'substrate': 'Hydroxymalonyl-CoA'}"", 'loading: True']",AT(hmal) + KR(B1) + DH,"[""AT{'substrate': 'Methylmalonyl-CoA'}"", ""KR{'type': 'B1'}"", 'DH{}', 'ER{}', 'loading: False']",TE(linear),160.17,False,
O=C(O)[C@@H](CCCCc1c[nH]c(Cl)c1Cl)[C@H](O)C(O)=CCO,"[""AT{'substrate': 'Hydroxymalonyl-CoA'}"", 'loading: True']",AT(hmal) + KR(B1) + DH,"[""AT{'substrate': 'DCP'}"", ""KR{'type': 'B2'}"", 'loading: False']",TE(linear),352.21,False,
O=C(O)[C@@H](CCCCc1c[nH]c(Cl)c1Cl)[C@@H](O)C(O)=CCO,"[""AT{'substrate': 'Hydroxymalonyl-CoA'}"", 'loading: True']",AT(hmal) + KR(B1) + DH,"[""AT{'substrate': 'DCP'}"", ""KR{'type': 'A2'}"", 'loading: False']",TE(linear),352.21,False,
O=C(O)CCC(O)=CCO,"[""AT{'substrate': 'Hydroxymalonyl-CoA'}"", 'loading: True']",AT(hmal) + KR(B1) + DH,"[""AT{'substrate': 'Malonyl-CoA'}"", ""KR{'type': 'B'}"", 'DH{}', 'ER{}', 'loading: False']",TE(linear),146.14,False,
O=C(O)C(O)=CC(O)=CCO,"[""AT{'substrate': 'Hydroxymalonyl-CoA'}"", 'loading: True']",AT(hmal) + KR(B1) + DH,"[""AT{'substrate': 'hmal'}"", ""KR{'type': 'B1'}"", 'DH{}', 'loading: False']",TE(linear),160.12,False,
CO[C@@H](C(=O)O)[C@H](O)C(O)=CCO,"[""AT{'substrate': 'Hydroxymalonyl-CoA'}"", 'loading: True']",AT(hmal) + KR(B1) + DH,"[""AT{'substrate': 'mxmal'}"", ""KR{'type': 'B1'}"", 'loading: False']",TE(linear),192.17,False,
O=C(O)CC(=O)C(O)=CCO,"[""AT{'substrate': 'Hydroxymalonyl-CoA'}"", 'loading: True']",AT(hmal) + KR(B1) + DH,"[""AT{'substrate': 'Malonyl-CoA'}"", 'loading: False']",TE(linear),160.12,False,
O=C(O)C(CCCCc1c[nH]c(Cl)c1Cl)C(=O)C(O)=CCO,"[""AT{'substrate': 'Hydroxymalonyl-CoA'}"", 'loading: True']",AT(hmal) + KR(B1) + DH,"[""AT{'substrate': 'DCP'}"", 'loading: False']",TE(linear),350.2,False,
C=CCCC=C(O)[C@H](O)[C@@H](CCCCc1c[nH]c(Cl)c1Cl)C(=O)O,"[""AT{'substrate': 'Allylmalonyl-CoA'}"", 'loading: True']",AT(hmal) + KR(B1) + DH,"[""AT{'substrate': 'DCP'}"", ""KR{'type': 'A1'}"", 'loading: False']",TE(linear),376.28,False,
C=CCCC=C(O)[C@@H](O)[C@@H](C(=O)O)C(C)C,"[""AT{'substrate': 'Allylmalonyl-CoA'}"", 'loading: True']",AT(hmal) + KR(B1) + DH,"[""AT{'substrate': 'D-isobutmal'}"", ""KR{'type': 'B2'}"", 'loading: False']",TE(linear),228.29,False,
C=CCCC=C(O)[C@H](O)[C@@H](C(=O)O)C(C)C,"[""AT{'substrate': 'Allylmalonyl-CoA'}"", 'loading: True']",AT(hmal) + KR(B1) + DH,"[""AT{'substrate': 'D-isobutmal'}"", ""KR{'type': 'A2'}"", 'loading: False']",TE(linear),228.29,False,
C=CCCC=C1C[C@H](OC)C(=O)O1,"[""AT{'substrate': 'Allylmalonyl-CoA'}"", 'loading: True']",AT(hmal) + KR(B1) + DH,"[""AT{'substrate': 'mxmal'}"", ""KR{'type': 'B1'}"", 'DH{}', 'ER{}', 'loading: False']","TE(cyclic, ring=1)",182.22,True,['pattern_1: CCC=C1C[C@H](OC)C(=O)O1']
C=CCCC=C(O)[C@@H](O)[C@@H](C)C(=O)O,"[""AT{'substrate': 'Allylmalonyl-CoA'}"", 'loading: True']",AT(hmal) + KR(B1) + DH,"[""AT{'substrate': 'Methylmalonyl-CoA'}"", ""KR{'type': 'B1'}"", 'loading: False']",TE(linear),200.23,False,
C=CCCC=C1C=CC(=O)O1,"[""AT{'substrate': 'Allylmalonyl-CoA'}"", 'loading: True']",AT(hmal) + KR(B1) + DH,"[""AT{'substrate': 'Malonyl-CoA'}"", ""KR{'type': 'B'}"", 'DH{}', 'loading: False']","TE(cyclic, ring=0)",150.18,True,['pattern_2: CCC=C1C=CC(=O)O1']
C=CCCC=C(O)[C@H](O)[C@H](O)C(=O)O,"[""AT{'substrate': 'Allylmalonyl-CoA'}"", 'loading: True']",AT(hmal) + KR(B1) + DH,"[""AT{'substrate': 'hmal'}"", ""KR{'type': 'A2'}"", 'loading: False']",TE(linear),202.21,False,
C=CCCC=C(O)[C@@H](O)[C@H](CC=C)C(=O)O,"[""AT{'substrate': 'Allylmalonyl-CoA'}"", 'loading: True']",AT(hmal) + KR(B1) + DH,"[""AT{'substrate': 'allylmal'}"", ""KR{'type': 'B2'}"", 'loading: False']",TE(linear),226.27,False,
C=CCCC=C(O)[C@@H](O)[C@H](CC)C(=O)O,"[""AT{'substrate': 'Allylmalonyl-CoA'}"", 'loading: True']",AT(hmal) + KR(B1) + DH,"[""AT{'substrate': 'emal'}"", ""KR{'type': 'B2'}"", 'loading: False']",TE(linear),214.26,False,
C=CCCC=C(O)[C@H](O)[C@H](CC)C(=O)O,"[""AT{'substrate': 'Allylmalonyl-CoA'}"", 'loading: True']",AT(hmal) + KR(B1) + DH,"[""AT{'substrate': 'emal'}"", ""KR{'type': 'A2'}"", 'loading: False']",TE(linear),214.26,False,
C=CCCC=C(O)C[C@@H](C(=O)O)C(C)C,"[""AT{'substrate': 'Allylmalonyl-CoA'}"", 'loading: True']",AT(hmal) + KR(B1) + DH,"[""AT{'substrate': 'isobutmal'}"", ""KR{'type': 'B1'}"", 'DH{}', 'ER{}', 'loading: False']",TE(linear),212.29,False,
C=CCCC=C(O)C[C@H](CCCCc1c[nH]c(Cl)c1Cl)C(=O)O,"[""AT{'substrate': 'Allylmalonyl-CoA'}"", 'loading: True']",AT(hmal) + KR(B1) + DH,"[""AT{'substrate': 'DCP'}"", ""KR{'type': 'B1'}"", 'DH{}', 'ER{}', 'loading: False']",TE(linear),360.28,False,
C=CCCC=C1C=C(CC=C)C(=O)O1,"[""AT{'substrate': 'Allylmalonyl-CoA'}"", 'loading: True']",AT(hmal) + KR(B1) + DH,"[""AT{'substrate': 'allylmal'}"", ""KR{'type': 'B1'}"", 'DH{}', 'loading: False']","TE(cyclic, ring=0)",190.24,True,['pattern_2: CCC=C1C=CC(=O)O1']
C=CCCC=C1C=C(C)C(=O)O1,"[""AT{'substrate': 'Allylmalonyl-CoA'}"", 'loading: True']",AT(hmal) + KR(B1) + DH,"[""AT{'substrate': 'Methylmalonyl-CoA'}"", ""KR{'type': 'B1'}"", 'DH{}', 'loading: False']","TE(cyclic, ring=0)",164.2,True,['pattern_2: CCC=C1C=CC(=O)O1']
C=CCCC=C1OC(=O)[C@@H](OC)C1=O,"[""AT{'substrate': 'Allylmalonyl-CoA'}"", 'loading: True']",AT(hmal) + KR(B1) + DH,"[""AT{'substrate': 'mxmal'}"", ""KR{'type': 'C2'}"", 'loading: False']","TE(cyclic, ring=1)",196.2,True,['pattern_1: CCC=C1C[C@H](OC)C(=O)O1']
C=CCCC=C1OC(=O)[C@H](OC)C1=O,"[""AT{'substrate': 'Allylmalonyl-CoA'}"", 'loading: True']",AT(hmal) + KR(B1) + DH,"[""AT{'substrate': 'mxmal'}"", ""KR{'type': 'C1'}"", 'loading: False']","TE(cyclic, ring=1)",196.2,True,['pattern_1: CCC=C1C[C@H](OC)C(=O)O1']
C=CCCC=C(O)[C@@H](O)[C@H](O)C(=O)O,"[""AT{'substrate': 'Allylmalonyl-CoA'}"", 'loading: True']",AT(hmal) + KR(B1) + DH,"[""AT{'substrate': 'hmal'}"", ""KR{'type': 'B2'}"", 'loading: False']",TE(linear),202.21,False,
C=CCCC=C(O)[C@H](O)[C@@H](CC=C)C(=O)O,"[""AT{'substrate': 'Allylmalonyl-CoA'}"", 'loading: True']",AT(hmal) + KR(B1) + DH,"[""AT{'substrate': 'allylmal'}"", ""KR{'type': 'A1'}"", 'loading: False']",TE(linear),226.27,False,
C=CCCC=C(O)C(=O)[C@H](C)C(=O)O,"[""AT{'substrate': 'Allylmalonyl-CoA'}"", 'loading: True']",AT(hmal) + KR(B1) + DH,"[""AT{'substrate': 'Methylmalonyl-CoA'}"", ""KR{'type': 'C2'}"", 'loading: False']",TE(linear),198.22,False,
C=CCCC=C(O)C(=O)[C@@H](C)C(=O)O,"[""AT{'substrate': 'Allylmalonyl-CoA'}"", 'loading: True']",AT(hmal) + KR(B1) + DH,"[""AT{'substrate': 'Methylmalonyl-CoA'}"", ""KR{'type': 'C1'}"", 'loading: False']",TE(linear),198.22,False,
C=CCCC=C(O)C(=O)[C@H](CC)C(=O)O,"[""AT{'substrate': 'Allylmalonyl-CoA'}"", 'loading: True']",AT(hmal) + KR(B1) + DH,"[""AT{'substrate': 'emal'}"", ""KR{'type': 'C2'}"", 'loading: False']",TE(linear),212.24,False,
C=CCCC=C(O)[C@H](O)[C@@H](CC)C(=O)O,"[""AT{'substrate': 'Allylmalonyl-CoA'}"", 'loading: True']",AT(hmal) + KR(B1) + DH,"[""AT{'substrate': 'emal'}"", ""KR{'type': 'A1'}"", 'loading: False']",TE(linear),214.26,False,
C=CCCC=C(O)[C@H](O)CC(=O)O,"[""AT{'substrate': 'Allylmalonyl-CoA'}"", 'loading: True']",AT(hmal) + KR(B1) + DH,"[""AT{'substrate': 'Malonyl-CoA'}"", ""KR{'type': 'A'}"", 'loading: False']",TE(linear),186.21,False,
C=CCCC=C1OC(=O)[C@@H](OC)[C@@H]1O,"[""AT{'substrate': 'Allylmalonyl-CoA'}"", 'loading: True']",AT(hmal) + KR(B1) + DH,"[""AT{'substrate': 'mxmal'}"", ""KR{'type': 'B2'}"", 'loading: False']","TE(cyclic, ring=3)",198.22,True,['pattern_1: CCC=C1C[C@H](OC)C(=O)O1']
C=CCCC=C(O)[C@H](O)[C@@H](O)C(=O)O,"[""AT{'substrate': 'Allylmalonyl-CoA'}"", 'loading: True']",AT(hmal) + KR(B1) + DH,"[""AT{'substrate': 'hmal'}"", ""KR{'type': 'A1'}"", 'loading: False']",TE(linear),202.21,False,
C=CCCC=C1C=C(CCCCCC)C(=O)O1,"[""AT{'substrate': 'Allylmalonyl-CoA'}"", 'loading: True']",AT(hmal) + KR(B1) + DH,"[""AT{'substrate': 'hexmal'}"", ""KR{'type': 'B1'}"", 'DH{}', 'loading: False']","TE(cyclic, ring=0)",234.34,True,['pattern_2: CCC=C1C=CC(=O)O1']
C=CCCC=C(O)C(=O)[C@H](C(=O)O)C(C)C,"[""AT{'substrate': 'Allylmalonyl-CoA'}"", 'loading: True']",AT(hmal) + KR(B1) + DH,"[""AT{'substrate': 'isobutmal'}"", 'loading: False']",TE(linear),226.27,False,
C=CCCC=C(O)C[C@H](CCCCCC)C(=O)O,"[""AT{'substrate': 'Allylmalonyl-CoA'}"", 'loading: True']",AT(hmal) + KR(B1) + DH,"[""AT{'substrate': 'hexmal'}"", ""KR{'type': 'B1'}"", 'DH{}', 'ER{}', 'loading: False']",TE(linear),254.37,False,
C=CCCC=C(O)[C@@H](O)[C@@H](CC=C)C(=O)O,"[""AT{'substrate': 'Allylmalonyl-CoA'}"", 'loading: True']",AT(hmal) + KR(B1) + DH,"[""AT{'substrate': 'allylmal'}"", ""KR{'type': 'B1'}"", 'loading: False']",TE(linear),226.27,False,
C=CCCC=C(O)[C@H](O)[C@H](CC=C)C(=O)O,"[""AT{'substrate': 'Allylmalonyl-CoA'}"", 'loading: True']",AT(hmal) + KR(B1) + DH,"[""AT{'substrate': 'allylmal'}"", ""KR{'type': 'A2'}"", 'loading: False']",TE(linear),226.27,False,
C=CCCC=C(O)[C@@H](O)[C@H](CCCC)C(=O)O,"[""AT{'substrate': 'Allylmalonyl-CoA'}"", 'loading: True']",AT(hmal) + KR(B1) + DH,"[""AT{'substrate': 'butmal'}"", ""KR{'type': 'B2'}"", 'loading: False']",TE(linear),242.31,False,
C=CCCC=C(O)[C@H](O)[C@H](CCCC)C(=O)O,"[""AT{'substrate': 'Allylmalonyl-CoA'}"", 'loading: True']",AT(hmal) + KR(B1) + DH,"[""AT{'substrate': 'butmal'}"", ""KR{'type': 'A2'}"", 'loading: False']",TE(linear),242.31,False,
C=CCCC=C(O)C(=O)[C@@H](C(=O)O)C(C)C,"[""AT{'substrate': 'Allylmalonyl-CoA'}"", 'loading: True']",AT(hmal) + KR(B1) + DH,"[""AT{'substrate': 'D-isobutmal'}"", 'loading: False']",TE(linear),226.27,False,
C=CCCC=C1C=C(CCCCc2c[nH]c(Cl)c2Cl)C(=O)O1,"[""AT{'substrate': 'Allylmalonyl-CoA'}"", 'loading: True']",AT(hmal) + KR(B1) + DH,"[""AT{'substrate': 'DCP'}"", ""KR{'type': 'B1'}"", 'DH{}', 'loading: False']","TE(cyclic, ring=0)",340.25,True,['pattern_2: CCC=C1C=CC(=O)O1']
C=CCCC=C(O)C[C@H](CC=C)C(=O)O,"[""AT{'substrate': 'Allylmalonyl-CoA'}"", 'loading: True']",AT(hmal) + KR(B1) + DH,"[""AT{'substrate': 'allylmal'}"", ""KR{'type': 'B1'}"", 'DH{}', 'ER{}', 'loading: False']",TE(linear),210.27,False,
C=CCCC=C1OC(=O)[C@H](OC)[C@H]1O,"[""AT{'substrate': 'Allylmalonyl-CoA'}"", 'loading: True']",AT(hmal) + KR(B1) + DH,"[""AT{'substrate': 'mxmal'}"", ""KR{'type': 'A1'}"", 'loading: False']","TE(cyclic, ring=3)",198.22,True,['pattern_1: CCC=C1C[C@H](OC)C(=O)O1']
C=CCCC=C(O)C(=O)[C@H](CC=C)C(=O)O,"[""AT{'substrate': 'Allylmalonyl-CoA'}"", 'loading: True']",AT(hmal) + KR(B1) + DH,"[""AT{'substrate': 'allylmal'}"", ""KR{'type': 'C2'}"", 'loading: False']",TE(linear),224.26,False,
C=CCCC=C(O)C(=O)[C@@H](CC=C)C(=O)O,"[""AT{'substrate': 'Allylmalonyl-CoA'}"", 'loading: True']",AT(hmal) + KR(B1) + DH,"[""AT{'substrate': 'allylmal'}"", ""KR{'type': 'C1'}"", 'loading: False']",TE(linear),224.26,False,
C=CCCC=C(O)[C@@H](O)[C@@H](CCCCc1c[nH]c(Cl)c1Cl)C(=O)O,"[""AT{'substrate': 'Allylmalonyl-CoA'}"", 'loading: True']",AT(hmal) + KR(B1) + DH,"[""AT{'substrate': 'DCP'}"", ""KR{'type': 'B1'}"", 'loading: False']",TE(linear),376.28,False,
C=CCCC=C(O)[C@H](O)[C@H](C(=O)O)C(C)C,"[""AT{'substrate': 'Allylmalonyl-CoA'}"", 'loading: True']",AT(hmal) + KR(B1) + DH,"[""AT{'substrate': 'isobutmal'}"", ""KR{'type': 'A1'}"", 'loading: False']",TE(linear),228.29,False,
C=CCCC=C(O)C(=O)[C@H](CCCCCC)C(=O)O,"[""AT{'substrate': 'Allylmalonyl-CoA'}"", 'loading: True']",AT(hmal) + KR(B1) + DH,"[""AT{'substrate': 'hexmal'}"", 'loading: False']",TE(linear),268.35,False,
C=CCCC=C1C=C(CC)C(=O)O1,"[""AT{'substrate': 'Allylmalonyl-CoA'}"", 'loading: True']",AT(hmal) + KR(B1) + DH,"[""AT{'substrate': 'emal'}"", ""KR{'type': 'B1'}"", 'DH{}', 'loading: False']","TE(cyclic, ring=0)",178.23,True,['pattern_2: CCC=C1C=CC(=O)O1']
C=CCCC=C(O)[C@H](O)[C@@H](CCCC)C(=O)O,"[""AT{'substrate': 'Allylmalonyl-CoA'}"", 'loading: True']",AT(hmal) + KR(B1) + DH,"[""AT{'substrate': 'butmal'}"", ""KR{'type': 'A1'}"", 'loading: False']",TE(linear),242.31,False,
C=CCCC=C(O)[C@@H](O)[C@H](CCCCCC)C(=O)O,"[""AT{'substrate': 'Allylmalonyl-CoA'}"", 'loading: True']",AT(hmal) + KR(B1) + DH,"[""AT{'substrate': 'hexmal'}"", ""KR{'type': 'B2'}"", 'loading: False']",TE(linear),270.37,False,
C=CCCC=C(O)[C@H](O)[C@H](CCCCCC)C(=O)O,"[""AT{'substrate': 'Allylmalonyl-CoA'}"", 'loading: True']",AT(hmal) + KR(B1) + DH,"[""AT{'substrate': 'hexmal'}"", ""KR{'type': 'A2'}"", 'loading: False']",TE(linear),270.37,False,
C=CCCC=C1OC(=O)[C@@H](OC)[C@H]1O,"[""AT{'substrate': 'Allylmalonyl-CoA'}"", 'loading: True']",AT(hmal) + KR(B1) + DH,"[""AT{'substrate': 'mxmal'}"", ""KR{'type': 'A2'}"", 'loading: False']","TE(cyclic, ring=3)",198.22,True,['pattern_1: CCC=C1C[C@H](OC)C(=O)O1']
C=CCCC=C(O)[C@@H](O)[C@H](C(=O)O)C(C)C,"[""AT{'substrate': 'Allylmalonyl-CoA'}"", 'loading: True']",AT(hmal) + KR(B1) + DH,"[""AT{'substrate': 'isobutmal'}"", ""KR{'type': 'B1'}"", 'loading: False']",TE(linear),228.29,False,
C=CCCC=C(O)[C@@H](O)[C@@H](CCCC)C(=O)O,"[""AT{'substrate': 'Allylmalonyl-CoA'}"", 'loading: True']",AT(hmal) + KR(B1) + DH,"[""AT{'substrate': 'butmal'}"", ""KR{'type': 'B1'}"", 'loading: False']",TE(linear),242.31,False,
C=CCCC=C(O)C(=O)[C@H](CCCCc1c[nH]c(Cl)c1Cl)C(=O)O,"[""AT{'substrate': 'Allylmalonyl-CoA'}"", 'loading: True']",AT(hmal) + KR(B1) + DH,"[""AT{'substrate': 'DCP'}"", ""KR{'type': 'C2'}"", 'loading: False']",TE(linear),374.26,False,
C=CCCC=C(O)C(=O)[C@@H](CCCCc1c[nH]c(Cl)c1Cl)C(=O)O,"[""AT{'substrate': 'Allylmalonyl-CoA'}"", 'loading: True']",AT(hmal) + KR(B1) + DH,"[""AT{'substrate': 'DCP'}"", ""KR{'type': 'C1'}"", 'loading: False']",TE(linear),374.26,False,
C=CCCC=C(O)[C@@H](O)[C@H](C)C(=O)O,"[""AT{'substrate': 'Allylmalonyl-CoA'}"", 'loading: True']",AT(hmal) + KR(B1) + DH,"[""AT{'substrate': 'Methylmalonyl-CoA'}"", ""KR{'type': 'B2'}"", 'loading: False']",TE(linear),200.23,False,
C=CCCC=C(O)[C@H](O)[C@H](C)C(=O)O,"[""AT{'substrate': 'Allylmalonyl-CoA'}"", 'loading: True']",AT(hmal) + KR(B1) + DH,"[""AT{'substrate': 'Methylmalonyl-CoA'}"", ""KR{'type': 'A2'}"", 'loading: False']",TE(linear),200.23,False,
C=CCCC=C(O)[C@H](O)[C@@H](CCCCCC)C(=O)O,"[""AT{'substrate': 'Allylmalonyl-CoA'}"", 'loading: True']",AT(hmal) + KR(B1) + DH,"[""AT{'substrate': 'hexmal'}"", ""KR{'type': 'A1'}"", 'loading: False']",TE(linear),270.37,False,
C=CCCC=C(O)C[C@H](O)C(=O)O,"[""AT{'substrate': 'Allylmalonyl-CoA'}"", 'loading: True']",AT(hmal) + KR(B1) + DH,"[""AT{'substrate': 'hmal'}"", ""KR{'type': 'B1'}"", 'DH{}', 'ER{}', 'loading: False']",TE(linear),186.21,False,
C=CCCC=C1C=C(CCCC)C(=O)O1,"[""AT{'substrate': 'Allylmalonyl-CoA'}"", 'loading: True']",AT(hmal) + KR(B1) + DH,"[""AT{'substrate': 'butmal'}"", ""KR{'type': 'B1'}"", 'DH{}', 'loading: False']","TE(cyclic, ring=0)",206.28,True,['pattern_2: CCC=C1C=CC(=O)O1']
C=CCCC=C(O)[C@@H](O)[C@@H](O)C(=O)O,"[""AT{'substrate': 'Allylmalonyl-CoA'}"", 'loading: True']",AT(hmal) + KR(B1) + DH,"[""AT{'substrate': 'hmal'}"", ""KR{'type': 'B1'}"", 'loading: False']",TE(linear),202.21,False,
C=CCCC=C(O)[C@@H](O)[C@@H](CC)C(=O)O,"[""AT{'substrate': 'Allylmalonyl-CoA'}"", 'loading: True']",AT(hmal) + KR(B1) + DH,"[""AT{'substrate': 'emal'}"", ""KR{'type': 'B1'}"", 'loading: False']",TE(linear),214.26,False,
C=CCCC=C(O)C(=O)[C@H](CCCC)C(=O)O,"[""AT{'substrate': 'Allylmalonyl-CoA'}"", 'loading: True']",AT(hmal) + KR(B1) + DH,"[""AT{'substrate': 'butmal'}"", ""KR{'type': 'C2'}"", 'loading: False']",TE(linear),240.3,False,
C=CCCC=C(O)C(=O)[C@@H](CCCC)C(=O)O,"[""AT{'substrate': 'Allylmalonyl-CoA'}"", 'loading: True']",AT(hmal) + KR(B1) + DH,"[""AT{'substrate': 'butmal'}"", ""KR{'type': 'C1'}"", 'loading: False']",TE(linear),240.3,False,
C=CCCC=C1C=C(C(C)C)C(=O)O1,"[""AT{'substrate': 'Allylmalonyl-CoA'}"", 'loading: True']",AT(hmal) + KR(B1) + DH,"[""AT{'substrate': 'isobutmal'}"", ""KR{'type': 'B1'}"", 'DH{}', 'loading: False']","TE(cyclic, ring=0)",192.26,True,['pattern_2: CCC=C1C=CC(=O)O1']
C=CCCC=C(O)[C@@H](O)[C@@H](CCCCCC)C(=O)O,"[""AT{'substrate': 'Allylmalonyl-CoA'}"", 'loading: True']",AT(hmal) + KR(B1) + DH,"[""AT{'substrate': 'hexmal'}"", ""KR{'type': 'B1'}"", 'loading: False']",TE(linear),270.37,False,
C=CCCC=C1C=C(OC)C(=O)O1,"[""AT{'substrate': 'Allylmalonyl-CoA'}"", 'loading: True']",AT(hmal) + KR(B1) + DH,"[""AT{'substrate': 'mxmal'}"", ""KR{'type': 'B1'}"", 'DH{}', 'loading: False']","TE(cyclic, ring=0)",180.2,True,['pattern_2: CCC=C1C=CC(=O)O1']
C=CCCC=C(O)[C@H](O)[C@@H](C)C(=O)O,"[""AT{'substrate': 'Allylmalonyl-CoA'}"", 'loading: True']",AT(hmal) + KR(B1) + DH,"[""AT{'substrate': 'Methylmalonyl-CoA'}"", ""KR{'type': 'A1'}"", 'loading: False']",TE(linear),200.23,False,
C=CCCC=C(O)C(=O)[C@H](O)C(=O)O,"[""AT{'substrate': 'Allylmalonyl-CoA'}"", 'loading: True']",AT(hmal) + KR(B1) + DH,"[""AT{'substrate': 'hmal'}"", ""KR{'type': 'C2'}"", 'loading: False']",TE(linear),200.19,False,
C=CCCC=C(O)C(=O)[C@@H](O)C(=O)O,"[""AT{'substrate': 'Allylmalonyl-CoA'}"", 'loading: True']",AT(hmal) + KR(B1) + DH,"[""AT{'substrate': 'hmal'}"", ""KR{'type': 'C1'}"", 'loading: False']",TE(linear),200.19,False,
C=CCCC=C(O)C(=O)C(O)C(=O)O,"[""AT{'substrate': 'Allylmalonyl-CoA'}"", 'loading: True']",AT(hmal) + KR(B1) + DH,"[""AT{'substrate': 'hmal'}"", 'loading: False']",TE(linear),200.19,False,
C=CCCC=C(O)C[C@H](CCCC)C(=O)O,"[""AT{'substrate': 'Allylmalonyl-CoA'}"", 'loading: True']",AT(hmal) + KR(B1) + DH,"[""AT{'substrate': 'butmal'}"", ""KR{'type': 'B1'}"", 'DH{}', 'ER{}', 'loading: False']",TE(linear),226.32,False,
C=CCCC=C(O)C(=O)[C@@H](CC)C(=O)O,"[""AT{'substrate': 'Allylmalonyl-CoA'}"", 'loading: True']",AT(hmal) + KR(B1) + DH,"[""AT{'substrate': 'emal'}"", ""KR{'type': 'C1'}"", 'loading: False']",TE(linear),212.24,False,
C=CCCC=C(O)[C@@H](O)CC(=O)O,"[""AT{'substrate': 'Allylmalonyl-CoA'}"", 'loading: True']",AT(hmal) + KR(B1) + DH,"[""AT{'substrate': 'Malonyl-CoA'}"", ""KR{'type': 'B'}"", 'loading: False']",TE(linear),186.21,False,
C=CCCC=C(O)C[C@H](CC)C(=O)O,"[""AT{'substrate': 'Allylmalonyl-CoA'}"", 'loading: True']",AT(hmal) + KR(B1) + DH,"[""AT{'substrate': 'emal'}"", ""KR{'type': 'B1'}"", 'DH{}', 'ER{}', 'loading: False']",TE(linear),198.26,False,
C=CCCC=C(O)C(=O)[C@@H](CCCCCC)C(=O)O,"[""AT{'substrate': 'Allylmalonyl-CoA'}"", 'loading: True']",AT(hmal) + KR(B1) + DH,"[""AT{'substrate': 'hexmal'}"", ""KR{'type': 'C1'}"", 'loading: False']",TE(linear),268.35,False,
C=CCCC=C(O)C[C@H](C)C(=O)O,"[""AT{'substrate': 'Allylmalonyl-CoA'}"", 'loading: True']",AT(hmal) + KR(B1) + DH,"[""AT{'substrate': 'Methylmalonyl-CoA'}"", ""KR{'type': 'B1'}"", 'DH{}', 'ER{}', 'loading: False']",TE(linear),184.23,False,
C=CCCC=C(O)[C@@H](O)[C@H](CCCCc1c[nH]c(Cl)c1Cl)C(=O)O,"[""AT{'substrate': 'Allylmalonyl-CoA'}"", 'loading: True']",AT(hmal) + KR(B1) + DH,"[""AT{'substrate': 'DCP'}"", ""KR{'type': 'B2'}"", 'loading: False']",TE(linear),376.28,False,
C=CCCC=C(O)[C@H](O)[C@H](CCCCc1c[nH]c(Cl)c1Cl)C(=O)O,"[""AT{'substrate': 'Allylmalonyl-CoA'}"", 'loading: True']",AT(hmal) + KR(B1) + DH,"[""AT{'substrate': 'DCP'}"", ""KR{'type': 'A2'}"", 'loading: False']",TE(linear),376.28,False,
C=CCCC=C(O)CCC(=O)O,"[""AT{'substrate': 'Allylmalonyl-CoA'}"", 'loading: True']",AT(hmal) + KR(B1) + DH,"[""AT{'substrate': 'Malonyl-CoA'}"", ""KR{'type': 'B'}"", 'DH{}', 'ER{}', 'loading: False']",TE(linear),170.21,False,
C=CCCC=C1C=C(O)C(=O)O1,"[""AT{'substrate': 'Allylmalonyl-CoA'}"", 'loading: True']",AT(hmal) + KR(B1) + DH,"[""AT{'substrate': 'hmal'}"", ""KR{'type': 'B1'}"", 'DH{}', 'loading: False']","TE(cyclic, ring=0)",166.18,True,['pattern_2: CCC=C1C=CC(=O)O1']
C=CCCC=C1OC(=O)[C@H](OC)[C@@H]1O,"[""AT{'substrate': 'Allylmalonyl-CoA'}"", 'loading: True']",AT(hmal) + KR(B1) + DH,"[""AT{'substrate': 'mxmal'}"", ""KR{'type': 'B1'}"", 'loading: False']","TE(cyclic, ring=3)",198.22,True,['pattern_1: CCC=C1C[C@H](OC)C(=O)O1']
C=CCCC=C(O)C(=O)CC(=O)O,"[""AT{'substrate': 'Allylmalonyl-CoA'}"", 'loading: True']",AT(hmal) + KR(B1) + DH,"[""AT{'substrate': 'Malonyl-CoA'}"", 'loading: False']",TE(linear),184.19,False,
C=CCCC=C(O)C(=O)C(CCCCc1c[nH]c(Cl)c1Cl)C(=O)O,"[""AT{'substrate': 'Allylmalonyl-CoA'}"", 'loading: True']",AT(hmal) + KR(B1) + DH,"[""AT{'substrate': 'DCP'}"", 'loading: False']",TE(linear),374.26,False,
CCCC=C(O)[C@H](O)[C@@H](CCCCc1c[nH]c(Cl)c1Cl)C(=O)O,"[""AT{'substrate': 'butmal'}"", 'loading: True']",AT(hmal) + KR(B1) + DH,"[""AT{'substrate': 'DCP'}"", ""KR{'type': 'A1'}"", 'loading: False']",TE(linear),364.27,False,
CCCC=C(O)[C@@H](O)[C@@H](C(=O)O)C(C)C,"[""AT{'substrate': 'butmal'}"", 'loading: True']",AT(hmal) + KR(B1) + DH,"[""AT{'substrate': 'D-isobutmal'}"", ""KR{'type': 'B2'}"", 'loading: False']",TE(linear),216.28,False,
CCCC=C(O)[C@H](O)[C@@H](C(=O)O)C(C)C,"[""AT{'substrate': 'butmal'}"", 'loading: True']",AT(hmal) + KR(B1) + DH,"[""AT{'substrate': 'D-isobutmal'}"", ""KR{'type': 'A2'}"", 'loading: False']",TE(linear),216.28,False,
CCCC=C1C[C@H](OC)C(=O)O1,"[""AT{'substrate': 'butmal'}"", 'loading: True']",AT(hmal) + KR(B1) + DH,"[""AT{'substrate': 'mxmal'}"", ""KR{'type': 'B1'}"", 'DH{}', 'ER{}', 'loading: False']","TE(cyclic, ring=1)",170.21,True,['pattern_1: CCC=C1C[C@H](OC)C(=O)O1']
CCCC=C(O)[C@@H](O)[C@@H](C)C(=O)O,"[""AT{'substrate': 'butmal'}"", 'loading: True']",AT(hmal) + KR(B1) + DH,"[""AT{'substrate': 'Methylmalonyl-CoA'}"", ""KR{'type': 'B1'}"", 'loading: False']",TE(linear),188.22,False,
CCCC=C1C=CC(=O)O1,"[""AT{'substrate': 'butmal'}"", 'loading: True']",AT(hmal) + KR(B1) + DH,"[""AT{'substrate': 'Malonyl-CoA'}"", ""KR{'type': 'B'}"", 'DH{}', 'loading: False']","TE(cyclic, ring=0)",138.17,True,['pattern_2: CCC=C1C=CC(=O)O1']
CCCC=C(O)[C@H](O)[C@H](O)C(=O)O,"[""AT{'substrate': 'butmal'}"", 'loading: True']",AT(hmal) + KR(B1) + DH,"[""AT{'substrate': 'hmal'}"", ""KR{'type': 'A2'}"", 'loading: False']",TE(linear),190.19,False,
C=CC[C@H](C(=O)O)[C@H](O)C(O)=CCCC,"[""AT{'substrate': 'butmal'}"", 'loading: True']",AT(hmal) + KR(B1) + DH,"[""AT{'substrate': 'allylmal'}"", ""KR{'type': 'B2'}"", 'loading: False']",TE(linear),214.26,False,
CCCC=C(O)[C@@H](O)[C@H](CC)C(=O)O,"[""AT{'substrate': 'butmal'}"", 'loading: True']",AT(hmal) + KR(B1) + DH,"[""AT{'substrate': 'emal'}"", ""KR{'type': 'B2'}"", 'loading: False']",TE(linear),202.25,False,
CCCC=C(O)[C@H](O)[C@H](CC)C(=O)O,"[""AT{'substrate': 'butmal'}"", 'loading: True']",AT(hmal) + KR(B1) + DH,"[""AT{'substrate': 'emal'}"", ""KR{'type': 'A2'}"", 'loading: False']",TE(linear),202.25,False,
CCCC=C(O)C[C@@H](C(=O)O)C(C)C,"[""AT{'substrate': 'butmal'}"", 'loading: True']",AT(hmal) + KR(B1) + DH,"[""AT{'substrate': 'isobutmal'}"", ""KR{'type': 'B1'}"", 'DH{}', 'ER{}', 'loading: False']",TE(linear),200.28,False,
CCCC=C(O)C[C@H](CCCCc1c[nH]c(Cl)c1Cl)C(=O)O,"[""AT{'substrate': 'butmal'}"", 'loading: True']",AT(hmal) + KR(B1) + DH,"[""AT{'substrate': 'DCP'}"", ""KR{'type': 'B1'}"", 'DH{}', 'ER{}', 'loading: False']",TE(linear),348.27,False,
C=CCC1=CC(=CCCC)OC1=O,"[""AT{'substrate': 'butmal'}"", 'loading: True']",AT(hmal) + KR(B1) + DH,"[""AT{'substrate': 'allylmal'}"", ""KR{'type': 'B1'}"", 'DH{}', 'loading: False']","TE(cyclic, ring=0)",178.23,True,['pattern_2: CCC=C1C=CC(=O)O1']
CCCC=C1C=C(C)C(=O)O1,"[""AT{'substrate': 'butmal'}"", 'loading: True']",AT(hmal) + KR(B1) + DH,"[""AT{'substrate': 'Methylmalonyl-CoA'}"", ""KR{'type': 'B1'}"", 'DH{}', 'loading: False']","TE(cyclic, ring=0)",152.19,True,['pattern_2: CCC=C1C=CC(=O)O1']
CCCC=C1OC(=O)[C@@H](OC)C1=O,"[""AT{'substrate': 'butmal'}"", 'loading: True']",AT(hmal) + KR(B1) + DH,"[""AT{'substrate': 'mxmal'}"", ""KR{'type': 'C2'}"", 'loading: False']","TE(cyclic, ring=1)",184.19,True,['pattern_1: CCC=C1C[C@H](OC)C(=O)O1']
CCCC=C1OC(=O)[C@H](OC)C1=O,"[""AT{'substrate': 'butmal'}"", 'loading: True']",AT(hmal) + KR(B1) + DH,"[""AT{'substrate': 'mxmal'}"", ""KR{'type': 'C1'}"", 'loading: False']","TE(cyclic, ring=1)",184.19,True,['pattern_1: CCC=C1C[C@H](OC)C(=O)O1']
CCCC=C(O)[C@@H](O)[C@H](O)C(=O)O,"[""AT{'substrate': 'butmal'}"", 'loading: True']",AT(hmal) + KR(B1) + DH,"[""AT{'substrate': 'hmal'}"", ""KR{'type': 'B2'}"", 'loading: False']",TE(linear),190.19,False,
C=CC[C@@H](C(=O)O)[C@@H](O)C(O)=CCCC,"[""AT{'substrate': 'butmal'}"", 'loading: True']",AT(hmal) + KR(B1) + DH,"[""AT{'substrate': 'allylmal'}"", ""KR{'type': 'A1'}"", 'loading: False']",TE(linear),214.26,False,
CCCC=C(O)C(=O)[C@H](C)C(=O)O,"[""AT{'substrate': 'butmal'}"", 'loading: True']",AT(hmal) + KR(B1) + DH,"[""AT{'substrate': 'Methylmalonyl-CoA'}"", ""KR{'type': 'C2'}"", 'loading: False']",TE(linear),186.21,False,
CCCC=C(O)C(=O)[C@@H](C)C(=O)O,"[""AT{'substrate': 'butmal'}"", 'loading: True']",AT(hmal) + KR(B1) + DH,"[""AT{'substrate': 'Methylmalonyl-CoA'}"", ""KR{'type': 'C1'}"", 'loading: False']",TE(linear),186.21,False,
CCCC=C(O)C(=O)[C@H](CC)C(=O)O,"[""AT{'substrate': 'butmal'}"", 'loading: True']",AT(hmal) + KR(B1) + DH,"[""AT{'substrate': 'emal'}"", ""KR{'type': 'C2'}"", 'loading: False']",TE(linear),200.23,False,
CCCC=C(O)[C@H](O)[C@@H](CC)C(=O)O,"[""AT{'substrate': 'butmal'}"", 'loading: True']",AT(hmal) + KR(B1) + DH,"[""AT{'substrate': 'emal'}"", ""KR{'type': 'A1'}"", 'loading: False']",TE(linear),202.25,False,
CCCC=C(O)[C@H](O)CC(=O)O,"[""AT{'substrate': 'butmal'}"", 'loading: True']",AT(hmal) + KR(B1) + DH,"[""AT{'substrate': 'Malonyl-CoA'}"", ""KR{'type': 'A'}"", 'loading: False']",TE(linear),174.2,False,
CCCC=C1OC(=O)[C@@H](OC)[C@@H]1O,"[""AT{'substrate': 'butmal'}"", 'loading: True']",AT(hmal) + KR(B1) + DH,"[""AT{'substrate': 'mxmal'}"", ""KR{'type': 'B2'}"", 'loading: False']","TE(cyclic, ring=3)",186.21,True,['pattern_1: CCC=C1C[C@H](OC)C(=O)O1']
CCCC=C(O)[C@H](O)[C@@H](O)C(=O)O,"[""AT{'substrate': 'butmal'}"", 'loading: True']",AT(hmal) + KR(B1) + DH,"[""AT{'substrate': 'hmal'}"", ""KR{'type': 'A1'}"", 'loading: False']",TE(linear),190.19,False,
CCCC=C1C=C(CCCCCC)C(=O)O1,"[""AT{'substrate': 'butmal'}"", 'loading: True']",AT(hmal) + KR(B1) + DH,"[""AT{'substrate': 'hexmal'}"", ""KR{'type': 'B1'}"", 'DH{}', 'loading: False']","TE(cyclic, ring=0)",222.33,True,['pattern_2: CCC=C1C=CC(=O)O1']
CCCC=C(O)C(=O)[C@H](C(=O)O)C(C)C,"[""AT{'substrate': 'butmal'}"", 'loading: True']",AT(hmal) + KR(B1) + DH,"[""AT{'substrate': 'isobutmal'}"", 'loading: False']",TE(linear),214.26,False,
CCCC=C(O)C[C@H](CCCCCC)C(=O)O,"[""AT{'substrate': 'butmal'}"", 'loading: True']",AT(hmal) + KR(B1) + DH,"[""AT{'substrate': 'hexmal'}"", ""KR{'type': 'B1'}"", 'DH{}', 'ER{}', 'loading: False']",TE(linear),242.36,False,
C=CC[C@@H](C(=O)O)[C@H](O)C(O)=CCCC,"[""AT{'substrate': 'butmal'}"", 'loading: True']",AT(hmal) + KR(B1) + DH,"[""AT{'substrate': 'allylmal'}"", ""KR{'type': 'B1'}"", 'loading: False']",TE(linear),214.26,False,
C=CC[C@H](C(=O)O)[C@@H](O)C(O)=CCCC,"[""AT{'substrate': 'butmal'}"", 'loading: True']",AT(hmal) + KR(B1) + DH,"[""AT{'substrate': 'allylmal'}"", ""KR{'type': 'A2'}"", 'loading: False']",TE(linear),214.26,False,
CCCC=C(O)[C@@H](O)[C@H](CCCC)C(=O)O,"[""AT{'substrate': 'butmal'}"", 'loading: True']",AT(hmal) + KR(B1) + DH,"[""AT{'substrate': 'butmal'}"", ""KR{'type': 'B2'}"", 'loading: False']",TE(linear),230.3,False,
CCCC=C(O)[C@H](O)[C@H](CCCC)C(=O)O,"[""AT{'substrate': 'butmal'}"", 'loading: True']",AT(hmal) + KR(B1) + DH,"[""AT{'substrate': 'butmal'}"", ""KR{'type': 'A2'}"", 'loading: False']",TE(linear),230.3,False,
CCCC=C(O)C(=O)[C@@H](C(=O)O)C(C)C,"[""AT{'substrate': 'butmal'}"", 'loading: True']",AT(hmal) + KR(B1) + DH,"[""AT{'substrate': 'D-isobutmal'}"", 'loading: False']",TE(linear),214.26,False,
CCCC=C1C=C(CCCCc2c[nH]c(Cl)c2Cl)C(=O)O1,"[""AT{'substrate': 'butmal'}"", 'loading: True']",AT(hmal) + KR(B1) + DH,"[""AT{'substrate': 'DCP'}"", ""KR{'type': 'B1'}"", 'DH{}', 'loading: False']","TE(cyclic, ring=0)",328.24,True,['pattern_2: CCC=C1C=CC(=O)O1']
C=CC[C@@H](CC(O)=CCCC)C(=O)O,"[""AT{'substrate': 'butmal'}"", 'loading: True']",AT(hmal) + KR(B1) + DH,"[""AT{'substrate': 'allylmal'}"", ""KR{'type': 'B1'}"", 'DH{}', 'ER{}', 'loading: False']",TE(linear),198.26,False,
CCCC=C1OC(=O)[C@H](OC)[C@H]1O,"[""AT{'substrate': 'butmal'}"", 'loading: True']",AT(hmal) + KR(B1) + DH,"[""AT{'substrate': 'mxmal'}"", ""KR{'type': 'A1'}"", 'loading: False']","TE(cyclic, ring=3)",186.21,True,['pattern_1: CCC=C1C[C@H](OC)C(=O)O1']
C=CC[C@H](C(=O)O)C(=O)C(O)=CCCC,"[""AT{'substrate': 'butmal'}"", 'loading: True']",AT(hmal) + KR(B1) + DH,"[""AT{'substrate': 'allylmal'}"", ""KR{'type': 'C2'}"", 'loading: False']",TE(linear),212.24,False,
C=CC[C@@H](C(=O)O)C(=O)C(O)=CCCC,"[""AT{'substrate': 'butmal'}"", 'loading: True']",AT(hmal) + KR(B1) + DH,"[""AT{'substrate': 'allylmal'}"", ""KR{'type': 'C1'}"", 'loading: False']",TE(linear),212.24,False,
CCCC=C(O)[C@@H](O)[C@@H](CCCCc1c[nH]c(Cl)c1Cl)C(=O)O,"[""AT{'substrate': 'butmal'}"", 'loading: True']",AT(hmal) + KR(B1) + DH,"[""AT{'substrate': 'DCP'}"", ""KR{'type': 'B1'}"", 'loading: False']",TE(linear),364.27,False,
CCCC=C(O)[C@H](O)[C@H](C(=O)O)C(C)C,"[""AT{'substrate': 'butmal'}"", 'loading: True']",AT(hmal) + KR(B1) + DH,"[""AT{'substrate': 'isobutmal'}"", ""KR{'type': 'A1'}"", 'loading: False']",TE(linear),216.28,False,
CCCC=C(O)C(=O)[C@H](CCCCCC)C(=O)O,"[""AT{'substrate': 'butmal'}"", 'loading: True']",AT(hmal) + KR(B1) + DH,"[""AT{'substrate': 'hexmal'}"", 'loading: False']",TE(linear),256.34,False,
CCCC=C1C=C(CC)C(=O)O1,"[""AT{'substrate': 'butmal'}"", 'loading: True']",AT(hmal) + KR(B1) + DH,"[""AT{'substrate': 'emal'}"", ""KR{'type': 'B1'}"", 'DH{}', 'loading: False']","TE(cyclic, ring=0)",166.22,True,['pattern_2: CCC=C1C=CC(=O)O1']
CCCC=C(O)[C@H](O)[C@@H](CCCC)C(=O)O,"[""AT{'substrate': 'butmal'}"", 'loading: True']",AT(hmal) + KR(B1) + DH,"[""AT{'substrate': 'butmal'}"", ""KR{'type': 'A1'}"", 'loading: False']",TE(linear),230.3,False,
CCCC=C(O)[C@@H](O)[C@H](CCCCCC)C(=O)O,"[""AT{'substrate': 'butmal'}"", 'loading: True']",AT(hmal) + KR(B1) + DH,"[""AT{'substrate': 'hexmal'}"", ""KR{'type': 'B2'}"", 'loading: False']",TE(linear),258.36,False,
CCCC=C(O)[C@H](O)[C@H](CCCCCC)C(=O)O,"[""AT{'substrate': 'butmal'}"", 'loading: True']",AT(hmal) + KR(B1) + DH,"[""AT{'substrate': 'hexmal'}"", ""KR{'type': 'A2'}"", 'loading: False']",TE(linear),258.36,False,
CCCC=C1OC(=O)[C@@H](OC)[C@H]1O,"[""AT{'substrate': 'butmal'}"", 'loading: True']",AT(hmal) + KR(B1) + DH,"[""AT{'substrate': 'mxmal'}"", ""KR{'type': 'A2'}"", 'loading: False']","TE(cyclic, ring=3)",186.21,True,['pattern_1: CCC=C1C[C@H](OC)C(=O)O1']
CCCC=C(O)[C@@H](O)[C@H](C(=O)O)C(C)C,"[""AT{'substrate': 'butmal'}"", 'loading: True']",AT(hmal) + KR(B1) + DH,"[""AT{'substrate': 'isobutmal'}"", ""KR{'type': 'B1'}"", 'loading: False']",TE(linear),216.28,False,
CCCC=C(O)[C@@H](O)[C@@H](CCCC)C(=O)O,"[""AT{'substrate': 'butmal'}"", 'loading: True']",AT(hmal) + KR(B1) + DH,"[""AT{'substrate': 'butmal'}"", ""KR{'type': 'B1'}"", 'loading: False']",TE(linear),230.3,False,
CCCC=C(O)C(=O)[C@H](CCCCc1c[nH]c(Cl)c1Cl)C(=O)O,"[""AT{'substrate': 'butmal'}"", 'loading: True']",AT(hmal) + KR(B1) + DH,"[""AT{'substrate': 'DCP'}"", ""KR{'type': 'C2'}"", 'loading: False']",TE(linear),362.25,False,
CCCC=C(O)C(=O)[C@@H](CCCCc1c[nH]c(Cl)c1Cl)C(=O)O,"[""AT{'substrate': 'butmal'}"", 'loading: True']",AT(hmal) + KR(B1) + DH,"[""AT{'substrate': 'DCP'}"", ""KR{'type': 'C1'}"", 'loading: False']",TE(linear),362.25,False,
CCCC=C(O)[C@@H](O)[C@H](C)C(=O)O,"[""AT{'substrate': 'butmal'}"", 'loading: True']",AT(hmal) + KR(B1) + DH,"[""AT{'substrate': 'Methylmalonyl-CoA'}"", ""KR{'type': 'B2'}"", 'loading: False']",TE(linear),188.22,False,
CCCC=C(O)[C@H](O)[C@H](C)C(=O)O,"[""AT{'substrate': 'butmal'}"", 'loading: True']",AT(hmal) + KR(B1) + DH,"[""AT{'substrate': 'Methylmalonyl-CoA'}"", ""KR{'type': 'A2'}"", 'loading: False']",TE(linear),188.22,False,
CCCC=C(O)[C@H](O)[C@@H](CCCCCC)C(=O)O,"[""AT{'substrate': 'butmal'}"", 'loading: True']",AT(hmal) + KR(B1) + DH,"[""AT{'substrate': 'hexmal'}"", ""KR{'type': 'A1'}"", 'loading: False']",TE(linear),258.36,False,
CCCC=C(O)C[C@H](O)C(=O)O,"[""AT{'substrate': 'butmal'}"", 'loading: True']",AT(hmal) + KR(B1) + DH,"[""AT{'substrate': 'hmal'}"", ""KR{'type': 'B1'}"", 'DH{}', 'ER{}', 'loading: False']",TE(linear),174.2,False,
CCCC=C1C=C(CCCC)C(=O)O1,"[""AT{'substrate': 'butmal'}"", 'loading: True']",AT(hmal) + KR(B1) + DH,"[""AT{'substrate': 'butmal'}"", ""KR{'type': 'B1'}"", 'DH{}', 'loading: False']","TE(cyclic, ring=0)",194.27,True,['pattern_2: CCC=C1C=CC(=O)O1']
CCCC=C(O)[C@@H](O)[C@@H](O)C(=O)O,"[""AT{'substrate': 'butmal'}"", 'loading: True']",AT(hmal) + KR(B1) + DH,"[""AT{'substrate': 'hmal'}"", ""KR{'type': 'B1'}"", 'loading: False']",TE(linear),190.19,False,
CCCC=C(O)[C@@H](O)[C@@H](CC)C(=O)O,"[""AT{'substrate': 'butmal'}"", 'loading: True']",AT(hmal) + KR(B1) + DH,"[""AT{'substrate': 'emal'}"", ""KR{'type': 'B1'}"", 'loading: False']",TE(linear),202.25,False,
CCCC=C(O)C(=O)[C@H](CCCC)C(=O)O,"[""AT{'substrate': 'butmal'}"", 'loading: True']",AT(hmal) + KR(B1) + DH,"[""AT{'substrate': 'butmal'}"", ""KR{'type': 'C2'}"", 'loading: False']",TE(linear),228.29,False,
CCCC=C(O)C(=O)[C@@H](CCCC)C(=O)O,"[""AT{'substrate': 'butmal'}"", 'loading: True']",AT(hmal) + KR(B1) + DH,"[""AT{'substrate': 'butmal'}"", ""KR{'type': 'C1'}"", 'loading: False']",TE(linear),228.29,False,
CCCC=C1C=C(C(C)C)C(=O)O1,"[""AT{'substrate': 'butmal'}"", 'loading: True']",AT(hmal) + KR(B1) + DH,"[""AT{'substrate': 'isobutmal'}"", ""KR{'type': 'B1'}"", 'DH{}', 'loading: False']","TE(cyclic, ring=0)",180.25,True,['pattern_2: CCC=C1C=CC(=O)O1']
CCCC=C(O)[C@@H](O)[C@@H](CCCCCC)C(=O)O,"[""AT{'substrate': 'butmal'}"", 'loading: True']",AT(hmal) + KR(B1) + DH,"[""AT{'substrate': 'hexmal'}"", ""KR{'type': 'B1'}"", 'loading: False']",TE(linear),258.36,False,
CCCC=C1C=C(OC)C(=O)O1,"[""AT{'substrate': 'butmal'}"", 'loading: True']",AT(hmal) + KR(B1) + DH,"[""AT{'substrate': 'mxmal'}"", ""KR{'type': 'B1'}"", 'DH{}', 'loading: False']","TE(cyclic, ring=0)",168.19,True,['pattern_2: CCC=C1C=CC(=O)O1']
CCCC=C(O)[C@H](O)[C@@H](C)C(=O)O,"[""AT{'substrate': 'butmal'}"", 'loading: True']",AT(hmal) + KR(B1) + DH,"[""AT{'substrate': 'Methylmalonyl-CoA'}"", ""KR{'type': 'A1'}"", 'loading: False']",TE(linear),188.22,False,
CCCC=C(O)C(=O)[C@H](O)C(=O)O,"[""AT{'substrate': 'butmal'}"", 'loading: True']",AT(hmal) + KR(B1) + DH,"[""AT{'substrate': 'hmal'}"", ""KR{'type': 'C2'}"", 'loading: False']",TE(linear),188.18,False,
CCCC=C(O)C(=O)[C@@H](O)C(=O)O,"[""AT{'substrate': 'butmal'}"", 'loading: True']",AT(hmal) + KR(B1) + DH,"[""AT{'substrate': 'hmal'}"", ""KR{'type': 'C1'}"", 'loading: False']",TE(linear),188.18,False,
CCCC=C(O)C(=O)C(O)C(=O)O,"[""AT{'substrate': 'butmal'}"", 'loading: True']",AT(hmal) + KR(B1) + DH,"[""AT{'substrate': 'hmal'}"", 'loading: False']",TE(linear),188.18,False,
CCCC=C(O)C[C@H](CCCC)C(=O)O,"[""AT{'substrate': 'butmal'}"", 'loading: True']",AT(hmal) + KR(B1) + DH,"[""AT{'substrate': 'butmal'}"", ""KR{'type': 'B1'}"", 'DH{}', 'ER{}', 'loading: False']",TE(linear),214.3,False,
CCCC=C(O)C(=O)[C@@H](CC)C(=O)O,"[""AT{'substrate': 'butmal'}"", 'loading: True']",AT(hmal) + KR(B1) + DH,"[""AT{'substrate': 'emal'}"", ""KR{'type': 'C1'}"", 'loading: False']",TE(linear),200.23,False,
CCCC=C(O)[C@@H](O)CC(=O)O,"[""AT{'substrate': 'butmal'}"", 'loading: True']",AT(hmal) + KR(B1) + DH,"[""AT{'substrate': 'Malonyl-CoA'}"", ""KR{'type': 'B'}"", 'loading: False']",TE(linear),174.2,False,
CCCC=C(O)C[C@H](CC)C(=O)O,"[""AT{'substrate': 'butmal'}"", 'loading: True']",AT(hmal) + KR(B1) + DH,"[""AT{'substrate': 'emal'}"", ""KR{'type': 'B1'}"", 'DH{}', 'ER{}', 'loading: False']",TE(linear),186.25,False,
CCCC=C(O)C(=O)[C@@H](CCCCCC)C(=O)O,"[""AT{'substrate': 'butmal'}"", 'loading: True']",AT(hmal) + KR(B1) + DH,"[""AT{'substrate': 'hexmal'}"", ""KR{'type': 'C1'}"", 'loading: False']",TE(linear),256.34,False,
CCCC=C(O)C[C@H](C)C(=O)O,"[""AT{'substrate': 'butmal'}"", 'loading: True']",AT(hmal) + KR(B1) + DH,"[""AT{'substrate': 'Methylmalonyl-CoA'}"", ""KR{'type': 'B1'}"", 'DH{}', 'ER{}', 'loading: False']",TE(linear),172.22,False,
CCCC=C(O)[C@@H](O)[C@H](CCCCc1c[nH]c(Cl)c1Cl)C(=O)O,"[""AT{'substrate': 'butmal'}"", 'loading: True']",AT(hmal) + KR(B1) + DH,"[""AT{'substrate': 'DCP'}"", ""KR{'type': 'B2'}"", 'loading: False']",TE(linear),364.27,False,
CCCC=C(O)[C@H](O)[C@H](CCCCc1c[nH]c(Cl)c1Cl)C(=O)O,"[""AT{'substrate': 'butmal'}"", 'loading: True']",AT(hmal) + KR(B1) + DH,"[""AT{'substrate': 'DCP'}"", ""KR{'type': 'A2'}"", 'loading: False']",TE(linear),364.27,False,
CCCC=C(O)CCC(=O)O,"[""AT{'substrate': 'butmal'}"", 'loading: True']",AT(hmal) + KR(B1) + DH,"[""AT{'substrate': 'Malonyl-CoA'}"", ""KR{'type': 'B'}"", 'DH{}', 'ER{}', 'loading: False']",TE(linear),158.2,False,
CCCC=C1C=C(O)C(=O)O1,"[""AT{'substrate': 'butmal'}"", 'loading: True']",AT(hmal) + KR(B1) + DH,"[""AT{'substrate': 'hmal'}"", ""KR{'type': 'B1'}"", 'DH{}', 'loading: False']","TE(cyclic, ring=0)",154.16,True,['pattern_2: CCC=C1C=CC(=O)O1']
CCCC=C1OC(=O)[C@H](OC)[C@@H]1O,"[""AT{'substrate': 'butmal'}"", 'loading: True']",AT(hmal) + KR(B1) + DH,"[""AT{'substrate': 'mxmal'}"", ""KR{'type': 'B1'}"", 'loading: False']","TE(cyclic, ring=3)",186.21,True,['pattern_1: CCC=C1C[C@H](OC)C(=O)O1']
CCCC=C(O)C(=O)CC(=O)O,"[""AT{'substrate': 'butmal'}"", 'loading: True']",AT(hmal) + KR(B1) + DH,"[""AT{'substrate': 'Malonyl-CoA'}"", 'loading: False']",TE(linear),172.18,False,
CCCC=C(O)C(=O)C(CCCCc1c[nH]c(Cl)c1Cl)C(=O)O,"[""AT{'substrate': 'butmal'}"", 'loading: True']",AT(hmal) + KR(B1) + DH,"[""AT{'substrate': 'DCP'}"", 'loading: False']",TE(linear),362.25,False,
COCC=C(O)[C@H](O)[C@@H](CCCCc1c[nH]c(Cl)c1Cl)C(=O)O,"[""AT{'substrate': 'mxmal'}"", 'loading: True']",AT(hmal) + KR(B1) + DH,"[""AT{'substrate': 'DCP'}"", ""KR{'type': 'A1'}"", 'loading: False']",TE(linear),366.24,False,
COCC=C(O)[C@@H](O)[C@@H](C(=O)O)C(C)C,"[""AT{'substrate': 'mxmal'}"", 'loading: True']",AT(hmal) + KR(B1) + DH,"[""AT{'substrate': 'D-isobutmal'}"", ""KR{'type': 'B2'}"", 'loading: False']",TE(linear),218.25,False,
COCC=C(O)[C@H](O)[C@@H](C(=O)O)C(C)C,"[""AT{'substrate': 'mxmal'}"", 'loading: True']",AT(hmal) + KR(B1) + DH,"[""AT{'substrate': 'D-isobutmal'}"", ""KR{'type': 'A2'}"", 'loading: False']",TE(linear),218.25,False,
COCC=C(O)C[C@H](OC)C(=O)O,"[""AT{'substrate': 'mxmal'}"", 'loading: True']",AT(hmal) + KR(B1) + DH,"[""AT{'substrate': 'mxmal'}"", ""KR{'type': 'B1'}"", 'DH{}', 'ER{}', 'loading: False']",TE(linear),190.19,False,
COCC=C(O)[C@@H](O)[C@@H](C)C(=O)O,"[""AT{'substrate': 'mxmal'}"", 'loading: True']",AT(hmal) + KR(B1) + DH,"[""AT{'substrate': 'Methylmalonyl-CoA'}"", ""KR{'type': 'B1'}"", 'loading: False']",TE(linear),190.19,False,
COCC=C(O)C=CC(=O)O,"[""AT{'substrate': 'mxmal'}"", 'loading: True']",AT(hmal) + KR(B1) + DH,"[""AT{'substrate': 'Malonyl-CoA'}"", ""KR{'type': 'B'}"", 'DH{}', 'loading: False']",TE(linear),158.15,False,
COCC=C(O)[C@H](O)[C@H](O)C(=O)O,"[""AT{'substrate': 'mxmal'}"", 'loading: True']",AT(hmal) + KR(B1) + DH,"[""AT{'substrate': 'hmal'}"", ""KR{'type': 'A2'}"", 'loading: False']",TE(linear),192.17,False,
C=CC[C@H](C(=O)O)[C@H](O)C(O)=CCOC,"[""AT{'substrate': 'mxmal'}"", 'loading: True']",AT(hmal) + KR(B1) + DH,"[""AT{'substrate': 'allylmal'}"", ""KR{'type': 'B2'}"", 'loading: False']",TE(linear),216.23,False,
CC[C@H](C(=O)O)[C@H](O)C(O)=CCOC,"[""AT{'substrate': 'mxmal'}"", 'loading: True']",AT(hmal) + KR(B1) + DH,"[""AT{'substrate': 'emal'}"", ""KR{'type': 'B2'}"", 'loading: False']",TE(linear),204.22,False,
CC[C@H](C(=O)O)[C@@H](O)C(O)=CCOC,"[""AT{'substrate': 'mxmal'}"", 'loading: True']",AT(hmal) + KR(B1) + DH,"[""AT{'substrate': 'emal'}"", ""KR{'type': 'A2'}"", 'loading: False']",TE(linear),204.22,False,
COCC=C(O)C[C@@H](C(=O)O)C(C)C,"[""AT{'substrate': 'mxmal'}"", 'loading: True']",AT(hmal) + KR(B1) + DH,"[""AT{'substrate': 'isobutmal'}"", ""KR{'type': 'B1'}"", 'DH{}', 'ER{}', 'loading: False']",TE(linear),202.25,False,
COCC=C(O)C[C@H](CCCCc1c[nH]c(Cl)c1Cl)C(=O)O,"[""AT{'substrate': 'mxmal'}"", 'loading: True']",AT(hmal) + KR(B1) + DH,"[""AT{'substrate': 'DCP'}"", ""KR{'type': 'B1'}"", 'DH{}', 'ER{}', 'loading: False']",TE(linear),350.24,False,
C=CCC(=CC(O)=CCOC)C(=O)O,"[""AT{'substrate': 'mxmal'}"", 'loading: True']",AT(hmal) + KR(B1) + DH,"[""AT{'substrate': 'allylmal'}"", ""KR{'type': 'B1'}"", 'DH{}', 'loading: False']",TE(linear),198.22,False,
COCC=C(O)C=C(C)C(=O)O,"[""AT{'substrate': 'mxmal'}"", 'loading: True']",AT(hmal) + KR(B1) + DH,"[""AT{'substrate': 'Methylmalonyl-CoA'}"", ""KR{'type': 'B1'}"", 'DH{}', 'loading: False']",TE(linear),172.18,False,
COCC=C(O)C(=O)[C@H](OC)C(=O)O,"[""AT{'substrate': 'mxmal'}"", 'loading: True']",AT(hmal) + KR(B1) + DH,"[""AT{'substrate': 'mxmal'}"", ""KR{'type': 'C2'}"", 'loading: False']",TE(linear),204.18,False,
COCC=C(O)C(=O)[C@@H](OC)C(=O)O,"[""AT{'substrate': 'mxmal'}"", 'loading: True']",AT(hmal) + KR(B1) + DH,"[""AT{'substrate': 'mxmal'}"", ""KR{'type': 'C1'}"", 'loading: False']",TE(linear),204.18,False,
COCC=C(O)[C@@H](O)[C@H](O)C(=O)O,"[""AT{'substrate': 'mxmal'}"", 'loading: True']",AT(hmal) + KR(B1) + DH,"[""AT{'substrate': 'hmal'}"", ""KR{'type': 'B2'}"", 'loading: False']",TE(linear),192.17,False,
C=CC[C@@H](C(=O)O)[C@@H](O)C(O)=CCOC,"[""AT{'substrate': 'mxmal'}"", 'loading: True']",AT(hmal) + KR(B1) + DH,"[""AT{'substrate': 'allylmal'}"", ""KR{'type': 'A1'}"", 'loading: False']",TE(linear),216.23,False,
COCC=C(O)C(=O)[C@H](C)C(=O)O,"[""AT{'substrate': 'mxmal'}"", 'loading: True']",AT(hmal) + KR(B1) + DH,"[""AT{'substrate': 'Methylmalonyl-CoA'}"", ""KR{'type': 'C2'}"", 'loading: False']",TE(linear),188.18,False,
COCC=C(O)C(=O)[C@@H](C)C(=O)O,"[""AT{'substrate': 'mxmal'}"", 'loading: True']",AT(hmal) + KR(B1) + DH,"[""AT{'substrate': 'Methylmalonyl-CoA'}"", ""KR{'type': 'C1'}"", 'loading: False']",TE(linear),188.18,False,
CC[C@H](C(=O)O)C(=O)C(O)=CCOC,"[""AT{'substrate': 'mxmal'}"", 'loading: True']",AT(hmal) + KR(B1) + DH,"[""AT{'substrate': 'emal'}"", ""KR{'type': 'C2'}"", 'loading: False']",TE(linear),202.21,False,
CC[C@@H](C(=O)O)[C@@H](O)C(O)=CCOC,"[""AT{'substrate': 'mxmal'}"", 'loading: True']",AT(hmal) + KR(B1) + DH,"[""AT{'substrate': 'emal'}"", ""KR{'type': 'A1'}"", 'loading: False']",TE(linear),204.22,False,
COCC=C(O)[C@H](O)CC(=O)O,"[""AT{'substrate': 'mxmal'}"", 'loading: True']",AT(hmal) + KR(B1) + DH,"[""AT{'substrate': 'Malonyl-CoA'}"", ""KR{'type': 'A'}"", 'loading: False']",TE(linear),176.17,False,
COCC=C(O)[C@@H](O)[C@H](OC)C(=O)O,"[""AT{'substrate': 'mxmal'}"", 'loading: True']",AT(hmal) + KR(B1) + DH,"[""AT{'substrate': 'mxmal'}"", ""KR{'type': 'B2'}"", 'loading: False']",TE(linear),206.19,False,
COCC=C(O)[C@H](O)[C@@H](O)C(=O)O,"[""AT{'substrate': 'mxmal'}"", 'loading: True']",AT(hmal) + KR(B1) + DH,"[""AT{'substrate': 'hmal'}"", ""KR{'type': 'A1'}"", 'loading: False']",TE(linear),192.17,False,
CCCCCCC(=CC(O)=CCOC)C(=O)O,"[""AT{'substrate': 'mxmal'}"", 'loading: True']",AT(hmal) + KR(B1) + DH,"[""AT{'substrate': 'hexmal'}"", ""KR{'type': 'B1'}"", 'DH{}', 'loading: False']",TE(linear),242.31,False,
COCC=C(O)C(=O)[C@H](C(=O)O)C(C)C,"[""AT{'substrate': 'mxmal'}"", 'loading: True']",AT(hmal) + KR(B1) + DH,"[""AT{'substrate': 'isobutmal'}"", 'loading: False']",TE(linear),216.23,False,
CCCCCC[C@@H](CC(O)=CCOC)C(=O)O,"[""AT{'substrate': 'mxmal'}"", 'loading: True']",AT(hmal) + KR(B1) + DH,"[""AT{'substrate': 'hexmal'}"", ""KR{'type': 'B1'}"", 'DH{}', 'ER{}', 'loading: False']",TE(linear),244.33,False,
C=CC[C@@H](C(=O)O)[C@H](O)C(O)=CCOC,"[""AT{'substrate': 'mxmal'}"", 'loading: True']",AT(hmal) + KR(B1) + DH,"[""AT{'substrate': 'allylmal'}"", ""KR{'type': 'B1'}"", 'loading: False']",TE(linear),216.23,False,
C=CC[C@H](C(=O)O)[C@@H](O)C(O)=CCOC,"[""AT{'substrate': 'mxmal'}"", 'loading: True']",AT(hmal) + KR(B1) + DH,"[""AT{'substrate': 'allylmal'}"", ""KR{'type': 'A2'}"", 'loading: False']",TE(linear),216.23,False,
CCCC[C@H](C(=O)O)[C@H](O)C(O)=CCOC,"[""AT{'substrate': 'mxmal'}"", 'loading: True']",AT(hmal) + KR(B1) + DH,"[""AT{'substrate': 'butmal'}"", ""KR{'type': 'B2'}"", 'loading: False']",TE(linear),232.28,False,
CCCC[C@H](C(=O)O)[C@@H](O)C(O)=CCOC,"[""AT{'substrate': 'mxmal'}"", 'loading: True']",AT(hmal) + KR(B1) + DH,"[""AT{'substrate': 'butmal'}"", ""KR{'type': 'A2'}"", 'loading: False']",TE(linear),232.28,False,
COCC=C(O)C(=O)[C@@H](C(=O)O)C(C)C,"[""AT{'substrate': 'mxmal'}"", 'loading: True']",AT(hmal) + KR(B1) + DH,"[""AT{'substrate': 'D-isobutmal'}"", 'loading: False']",TE(linear),216.23,False,
COCC=C(O)C=C(CCCCc1c[nH]c(Cl)c1Cl)C(=O)O,"[""AT{'substrate': 'mxmal'}"", 'loading: True']",AT(hmal) + KR(B1) + DH,"[""AT{'substrate': 'DCP'}"", ""KR{'type': 'B1'}"", 'DH{}', 'loading: False']",TE(linear),348.23,False,
C=CC[C@@H](CC(O)=CCOC)C(=O)O,"[""AT{'substrate': 'mxmal'}"", 'loading: True']",AT(hmal) + KR(B1) + DH,"[""AT{'substrate': 'allylmal'}"", ""KR{'type': 'B1'}"", 'DH{}', 'ER{}', 'loading: False']",TE(linear),200.23,False,
COCC=C(O)[C@H](O)[C@@H](OC)C(=O)O,"[""AT{'substrate': 'mxmal'}"", 'loading: True']",AT(hmal) + KR(B1) + DH,"[""AT{'substrate': 'mxmal'}"", ""KR{'type': 'A1'}"", 'loading: False']",TE(linear),206.19,False,
C=CC[C@H](C(=O)O)C(=O)C(O)=CCOC,"[""AT{'substrate': 'mxmal'}"", 'loading: True']",AT(hmal) + KR(B1) + DH,"[""AT{'substrate': 'allylmal'}"", ""KR{'type': 'C2'}"", 'loading: False']",TE(linear),214.22,False,
C=CC[C@@H](C(=O)O)C(=O)C(O)=CCOC,"[""AT{'substrate': 'mxmal'}"", 'loading: True']",AT(hmal) + KR(B1) + DH,"[""AT{'substrate': 'allylmal'}"", ""KR{'type': 'C1'}"", 'loading: False']",TE(linear),214.22,False,
COCC=C(O)[C@@H](O)[C@@H](CCCCc1c[nH]c(Cl)c1Cl)C(=O)O,"[""AT{'substrate': 'mxmal'}"", 'loading: True']",AT(hmal) + KR(B1) + DH,"[""AT{'substrate': 'DCP'}"", ""KR{'type': 'B1'}"", 'loading: False']",TE(linear),366.24,False,
COCC=C(O)[C@H](O)[C@H](C(=O)O)C(C)C,"[""AT{'substrate': 'mxmal'}"", 'loading: True']",AT(hmal) + KR(B1) + DH,"[""AT{'substrate': 'isobutmal'}"", ""KR{'type': 'A1'}"", 'loading: False']",TE(linear),218.25,False,
CCCCCC[C@H](C(=O)O)C(=O)C(O)=CCOC,"[""AT{'substrate': 'mxmal'}"", 'loading: True']",AT(hmal) + KR(B1) + DH,"[""AT{'substrate': 'hexmal'}"", 'loading: False']",TE(linear),258.31,False,
CCC(=CC(O)=CCOC)C(=O)O,"[""AT{'substrate': 'mxmal'}"", 'loading: True']",AT(hmal) + KR(B1) + DH,"[""AT{'substrate': 'emal'}"", ""KR{'type': 'B1'}"", 'DH{}', 'loading: False']",TE(linear),186.21,False,
CCCC[C@@H](C(=O)O)[C@@H](O)C(O)=CCOC,"[""AT{'substrate': 'mxmal'}"", 'loading: True']",AT(hmal) + KR(B1) + DH,"[""AT{'substrate': 'butmal'}"", ""KR{'type': 'A1'}"", 'loading: False']",TE(linear),232.28,False,
CCCCCC[C@H](C(=O)O)[C@H](O)C(O)=CCOC,"[""AT{'substrate': 'mxmal'}"", 'loading: True']",AT(hmal) + KR(B1) + DH,"[""AT{'substrate': 'hexmal'}"", ""KR{'type': 'B2'}"", 'loading: False']",TE(linear),260.33,False,
CCCCCC[C@H](C(=O)O)[C@@H](O)C(O)=CCOC,"[""AT{'substrate': 'mxmal'}"", 'loading: True']",AT(hmal) + KR(B1) + DH,"[""AT{'substrate': 'hexmal'}"", ""KR{'type': 'A2'}"", 'loading: False']",TE(linear),260.33,False,
COCC=C(O)[C@H](O)[C@H](OC)C(=O)O,"[""AT{'substrate': 'mxmal'}"", 'loading: True']",AT(hmal) + KR(B1) + DH,"[""AT{'substrate': 'mxmal'}"", ""KR{'type': 'A2'}"", 'loading: False']",TE(linear),206.19,False,
COCC=C(O)[C@@H](O)[C@H](C(=O)O)C(C)C,"[""AT{'substrate': 'mxmal'}"", 'loading: True']",AT(hmal) + KR(B1) + DH,"[""AT{'substrate': 'isobutmal'}"", ""KR{'type': 'B1'}"", 'loading: False']",TE(linear),218.25,False,
CCCC[C@@H](C(=O)O)[C@H](O)C(O)=CCOC,"[""AT{'substrate': 'mxmal'}"", 'loading: True']",AT(hmal) + KR(B1) + DH,"[""AT{'substrate': 'butmal'}"", ""KR{'type': 'B1'}"", 'loading: False']",TE(linear),232.28,False,
COCC=C(O)C(=O)[C@H](CCCCc1c[nH]c(Cl)c1Cl)C(=O)O,"[""AT{'substrate': 'mxmal'}"", 'loading: True']",AT(hmal) + KR(B1) + DH,"[""AT{'substrate': 'DCP'}"", ""KR{'type': 'C2'}"", 'loading: False']",TE(linear),364.23,False,
COCC=C(O)C(=O)[C@@H](CCCCc1c[nH]c(Cl)c1Cl)C(=O)O,"[""AT{'substrate': 'mxmal'}"", 'loading: True']",AT(hmal) + KR(B1) + DH,"[""AT{'substrate': 'DCP'}"", ""KR{'type': 'C1'}"", 'loading: False']",TE(linear),364.23,False,
COCC=C(O)[C@@H](O)[C@H](C)C(=O)O,"[""AT{'substrate': 'mxmal'}"", 'loading: True']",AT(hmal) + KR(B1) + DH,"[""AT{'substrate': 'Methylmalonyl-CoA'}"", ""KR{'type': 'B2'}"", 'loading: False']",TE(linear),190.19,False,
COCC=C(O)[C@H](O)[C@H](C)C(=O)O,"[""AT{'substrate': 'mxmal'}"", 'loading: True']",AT(hmal) + KR(B1) + DH,"[""AT{'substrate': 'Methylmalonyl-CoA'}"", ""KR{'type': 'A2'}"", 'loading: False']",TE(linear),190.19,False,
CCCCCC[C@@H](C(=O)O)[C@@H](O)C(O)=CCOC,"[""AT{'substrate': 'mxmal'}"", 'loading: True']",AT(hmal) + KR(B1) + DH,"[""AT{'substrate': 'hexmal'}"", ""KR{'type': 'A1'}"", 'loading: False']",TE(linear),260.33,False,
COCC=C(O)C[C@H](O)C(=O)O,"[""AT{'substrate': 'mxmal'}"", 'loading: True']",AT(hmal) + KR(B1) + DH,"[""AT{'substrate': 'hmal'}"", ""KR{'type': 'B1'}"", 'DH{}', 'ER{}', 'loading: False']",TE(linear),176.17,False,
CCCCC(=CC(O)=CCOC)C(=O)O,"[""AT{'substrate': 'mxmal'}"", 'loading: True']",AT(hmal) + KR(B1) + DH,"[""AT{'substrate': 'butmal'}"", ""KR{'type': 'B1'}"", 'DH{}', 'loading: False']",TE(linear),214.26,False,
COCC=C(O)[C@@H](O)[C@@H](O)C(=O)O,"[""AT{'substrate': 'mxmal'}"", 'loading: True']",AT(hmal) + KR(B1) + DH,"[""AT{'substrate': 'hmal'}"", ""KR{'type': 'B1'}"", 'loading: False']",TE(linear),192.17,False,
CC[C@@H](C(=O)O)[C@H](O)C(O)=CCOC,"[""AT{'substrate': 'mxmal'}"", 'loading: True']",AT(hmal) + KR(B1) + DH,"[""AT{'substrate': 'emal'}"", ""KR{'type': 'B1'}"", 'loading: False']",TE(linear),204.22,False,
CCCC[C@H](C(=O)O)C(=O)C(O)=CCOC,"[""AT{'substrate': 'mxmal'}"", 'loading: True']",AT(hmal) + KR(B1) + DH,"[""AT{'substrate': 'butmal'}"", ""KR{'type': 'C2'}"", 'loading: False']",TE(linear),230.26,False,
CCCC[C@@H](C(=O)O)C(=O)C(O)=CCOC,"[""AT{'substrate': 'mxmal'}"", 'loading: True']",AT(hmal) + KR(B1) + DH,"[""AT{'substrate': 'butmal'}"", ""KR{'type': 'C1'}"", 'loading: False']",TE(linear),230.26,False,
COCC=C(O)C=C(C(=O)O)C(C)C,"[""AT{'substrate': 'mxmal'}"", 'loading: True']",AT(hmal) + KR(B1) + DH,"[""AT{'substrate': 'isobutmal'}"", ""KR{'type': 'B1'}"", 'DH{}', 'loading: False']",TE(linear),200.23,False,
CCCCCC[C@@H](C(=O)O)[C@H](O)C(O)=CCOC,"[""AT{'substrate': 'mxmal'}"", 'loading: True']",AT(hmal) + KR(B1) + DH,"[""AT{'substrate': 'hexmal'}"", ""KR{'type': 'B1'}"", 'loading: False']",TE(linear),260.33,False,
COCC=C(O)C=C(OC)C(=O)O,"[""AT{'substrate': 'mxmal'}"", 'loading: True']",AT(hmal) + KR(B1) + DH,"[""AT{'substrate': 'mxmal'}"", ""KR{'type': 'B1'}"", 'DH{}', 'loading: False']",TE(linear),188.18,False,
COCC=C(O)[C@H](O)[C@@H](C)C(=O)O,"[""AT{'substrate': 'mxmal'}"", 'loading: True']",AT(hmal) + KR(B1) + DH,"[""AT{'substrate': 'Methylmalonyl-CoA'}"", ""KR{'type': 'A1'}"", 'loading: False']",TE(linear),190.19,False,
COCC=C(O)C(=O)[C@H](O)C(=O)O,"[""AT{'substrate': 'mxmal'}"", 'loading: True']",AT(hmal) + KR(B1) + DH,"[""AT{'substrate': 'hmal'}"", ""KR{'type': 'C2'}"", 'loading: False']",TE(linear),190.15,False,
COCC=C(O)C(=O)[C@@H](O)C(=O)O,"[""AT{'substrate': 'mxmal'}"", 'loading: True']",AT(hmal) + KR(B1) + DH,"[""AT{'substrate': 'hmal'}"", ""KR{'type': 'C1'}"", 'loading: False']",TE(linear),190.15,False,
COCC=C(O)C(=O)C(O)C(=O)O,"[""AT{'substrate': 'mxmal'}"", 'loading: True']",AT(hmal) + KR(B1) + DH,"[""AT{'substrate': 'hmal'}"", 'loading: False']",TE(linear),190.15,False,
CCCC[C@@H](CC(O)=CCOC)C(=O)O,"[""AT{'substrate': 'mxmal'}"", 'loading: True']",AT(hmal) + KR(B1) + DH,"[""AT{'substrate': 'butmal'}"", ""KR{'type': 'B1'}"", 'DH{}', 'ER{}', 'loading: False']",TE(linear),216.28,False,
CC[C@@H](C(=O)O)C(=O)C(O)=CCOC,"[""AT{'substrate': 'mxmal'}"", 'loading: True']",AT(hmal) + KR(B1) + DH,"[""AT{'substrate': 'emal'}"", ""KR{'type': 'C1'}"", 'loading: False']",TE(linear),202.21,False,
COCC=C(O)[C@@H](O)CC(=O)O,"[""AT{'substrate': 'mxmal'}"", 'loading: True']",AT(hmal) + KR(B1) + DH,"[""AT{'substrate': 'Malonyl-CoA'}"", ""KR{'type': 'B'}"", 'loading: False']",TE(linear),176.17,False,
CC[C@@H](CC(O)=CCOC)C(=O)O,"[""AT{'substrate': 'mxmal'}"", 'loading: True']",AT(hmal) + KR(B1) + DH,"[""AT{'substrate': 'emal'}"", ""KR{'type': 'B1'}"", 'DH{}', 'ER{}', 'loading: False']",TE(linear),188.22,False,
CCCCCC[C@@H](C(=O)O)C(=O)C(O)=CCOC,"[""AT{'substrate': 'mxmal'}"", 'loading: True']",AT(hmal) + KR(B1) + DH,"[""AT{'substrate': 'hexmal'}"", ""KR{'type': 'C1'}"", 'loading: False']",TE(linear),258.31,False,
COCC=C(O)C[C@H](C)C(=O)O,"[""AT{'substrate': 'mxmal'}"", 'loading: True']",AT(hmal) + KR(B1) + DH,"[""AT{'substrate': 'Methylmalonyl-CoA'}"", ""KR{'type': 'B1'}"", 'DH{}', 'ER{}', 'loading: False']",TE(linear),174.2,False,
COCC=C(O)[C@@H](O)[C@H](CCCCc1c[nH]c(Cl)c1Cl)C(=O)O,"[""AT{'substrate': 'mxmal'}"", 'loading: True']",AT(hmal) + KR(B1) + DH,"[""AT{'substrate': 'DCP'}"", ""KR{'type': 'B2'}"", 'loading: False']",TE(linear),366.24,False,
COCC=C(O)[C@H](O)[C@H](CCCCc1c[nH]c(Cl)c1Cl)C(=O)O,"[""AT{'substrate': 'mxmal'}"", 'loading: True']",AT(hmal) + KR(B1) + DH,"[""AT{'substrate': 'DCP'}"", ""KR{'type': 'A2'}"", 'loading: False']",TE(linear),366.24,False,
COCC=C(O)CCC(=O)O,"[""AT{'substrate': 'mxmal'}"", 'loading: True']",AT(hmal) + KR(B1) + DH,"[""AT{'substrate': 'Malonyl-CoA'}"", ""KR{'type': 'B'}"", 'DH{}', 'ER{}', 'loading: False']",TE(linear),160.17,False,
COCC=C(O)C=C(O)C(=O)O,"[""AT{'substrate': 'mxmal'}"", 'loading: True']",AT(hmal) + KR(B1) + DH,"[""AT{'substrate': 'hmal'}"", ""KR{'type': 'B1'}"", 'DH{}', 'loading: False']",TE(linear),174.15,False,
COCC=C(O)[C@@H](O)[C@@H](OC)C(=O)O,"[""AT{'substrate': 'mxmal'}"", 'loading: True']",AT(hmal) + KR(B1) + DH,"[""AT{'substrate': 'mxmal'}"", ""KR{'type': 'B1'}"", 'loading: False']",TE(linear),206.19,False,
COCC=C(O)C(=O)CC(=O)O,"[""AT{'substrate': 'mxmal'}"", 'loading: True']",AT(hmal) + KR(B1) + DH,"[""AT{'substrate': 'Malonyl-CoA'}"", 'loading: False']",TE(linear),174.15,False,
COCC=C(O)C(=O)C(CCCCc1c[nH]c(Cl)c1Cl)C(=O)O,"[""AT{'substrate': 'mxmal'}"", 'loading: True']",AT(hmal) + KR(B1) + DH,"[""AT{'substrate': 'DCP'}"", 'loading: False']",TE(linear),364.23,False,
CC(C)C=C(O)[C@H](O)[C@@H](CCCCc1c[nH]c(Cl)c1Cl)C(=O)O,"[""AT{'substrate': 'isobut'}"", 'loading: True']",AT(hmal) + KR(B1) + DH,"[""AT{'substrate': 'DCP'}"", ""KR{'type': 'A1'}"", 'loading: False']",TE(linear),364.27,False,
CC(C)C=C(O)[C@@H](O)[C@@H](C(=O)O)C(C)C,"[""AT{'substrate': 'isobut'}"", 'loading: True']",AT(hmal) + KR(B1) + DH,"[""AT{'substrate': 'D-isobutmal'}"", ""KR{'type': 'B2'}"", 'loading: False']",TE(linear),216.28,False,
CC(C)C=C(O)[C@H](O)[C@@H](C(=O)O)C(C)C,"[""AT{'substrate': 'isobut'}"", 'loading: True']",AT(hmal) + KR(B1) + DH,"[""AT{'substrate': 'D-isobutmal'}"", ""KR{'type': 'A2'}"", 'loading: False']",TE(linear),216.28,False,
CO[C@H]1CC(=CC(C)C)OC1=O,"[""AT{'substrate': 'isobut'}"", 'loading: True']",AT(hmal) + KR(B1) + DH,"[""AT{'substrate': 'mxmal'}"", ""KR{'type': 'B1'}"", 'DH{}', 'ER{}', 'loading: False']","TE(cyclic, ring=1)",170.21,True,['pattern_1: CCC=C1C[C@H](OC)C(=O)O1']
CC(C)C=C(O)[C@@H](O)[C@@H](C)C(=O)O,"[""AT{'substrate': 'isobut'}"", 'loading: True']",AT(hmal) + KR(B1) + DH,"[""AT{'substrate': 'Methylmalonyl-CoA'}"", ""KR{'type': 'B1'}"", 'loading: False']",TE(linear),188.22,False,
CC(C)C=C1C=CC(=O)O1,"[""AT{'substrate': 'isobut'}"", 'loading: True']",AT(hmal) + KR(B1) + DH,"[""AT{'substrate': 'Malonyl-CoA'}"", ""KR{'type': 'B'}"", 'DH{}', 'loading: False']","TE(cyclic, ring=0)",138.17,True,['pattern_2: CCC=C1C=CC(=O)O1']
CC(C)C=C(O)[C@H](O)[C@H](O)C(=O)O,"[""AT{'substrate': 'isobut'}"", 'loading: True']",AT(hmal) + KR(B1) + DH,"[""AT{'substrate': 'hmal'}"", ""KR{'type': 'A2'}"", 'loading: False']",TE(linear),190.19,False,
C=CC[C@H](C(=O)O)[C@H](O)C(O)=CC(C)C,"[""AT{'substrate': 'isobut'}"", 'loading: True']",AT(hmal) + KR(B1) + DH,"[""AT{'substrate': 'allylmal'}"", ""KR{'type': 'B2'}"", 'loading: False']",TE(linear),214.26,False,
CC[C@H](C(=O)O)[C@H](O)C(O)=CC(C)C,"[""AT{'substrate': 'isobut'}"", 'loading: True']",AT(hmal) + KR(B1) + DH,"[""AT{'substrate': 'emal'}"", ""KR{'type': 'B2'}"", 'loading: False']",TE(linear),202.25,False,
CC[C@H](C(=O)O)[C@@H](O)C(O)=CC(C)C,"[""AT{'substrate': 'isobut'}"", 'loading: True']",AT(hmal) + KR(B1) + DH,"[""AT{'substrate': 'emal'}"", ""KR{'type': 'A2'}"", 'loading: False']",TE(linear),202.25,False,
CC(C)C=C(O)C[C@@H](C(=O)O)C(C)C,"[""AT{'substrate': 'isobut'}"", 'loading: True']",AT(hmal) + KR(B1) + DH,"[""AT{'substrate': 'isobutmal'}"", ""KR{'type': 'B1'}"", 'DH{}', 'ER{}', 'loading: False']",TE(linear),200.28,False,
CC(C)C=C(O)C[C@H](CCCCc1c[nH]c(Cl)c1Cl)C(=O)O,"[""AT{'substrate': 'isobut'}"", 'loading: True']",AT(hmal) + KR(B1) + DH,"[""AT{'substrate': 'DCP'}"", ""KR{'type': 'B1'}"", 'DH{}', 'ER{}', 'loading: False']",TE(linear),348.27,False,
C=CCC1=CC(=CC(C)C)OC1=O,"[""AT{'substrate': 'isobut'}"", 'loading: True']",AT(hmal) + KR(B1) + DH,"[""AT{'substrate': 'allylmal'}"", ""KR{'type': 'B1'}"", 'DH{}', 'loading: False']","TE(cyclic, ring=0)",178.23,True,['pattern_2: CCC=C1C=CC(=O)O1']
CC1=CC(=CC(C)C)OC1=O,"[""AT{'substrate': 'isobut'}"", 'loading: True']",AT(hmal) + KR(B1) + DH,"[""AT{'substrate': 'Methylmalonyl-CoA'}"", ""KR{'type': 'B1'}"", 'DH{}', 'loading: False']","TE(cyclic, ring=0)",152.19,True,['pattern_2: CCC=C1C=CC(=O)O1']
CO[C@@H]1C(=O)OC(=CC(C)C)C1=O,"[""AT{'substrate': 'isobut'}"", 'loading: True']",AT(hmal) + KR(B1) + DH,"[""AT{'substrate': 'mxmal'}"", ""KR{'type': 'C2'}"", 'loading: False']","TE(cyclic, ring=1)",184.19,True,['pattern_1: CCC=C1C[C@H](OC)C(=O)O1']
CO[C@H]1C(=O)OC(=CC(C)C)C1=O,"[""AT{'substrate': 'isobut'}"", 'loading: True']",AT(hmal) + KR(B1) + DH,"[""AT{'substrate': 'mxmal'}"", ""KR{'type': 'C1'}"", 'loading: False']","TE(cyclic, ring=1)",184.19,True,['pattern_1: CCC=C1C[C@H](OC)C(=O)O1']
CC(C)C=C(O)[C@@H](O)[C@H](O)C(=O)O,"[""AT{'substrate': 'isobut'}"", 'loading: True']",AT(hmal) + KR(B1) + DH,"[""AT{'substrate': 'hmal'}"", ""KR{'type': 'B2'}"", 'loading: False']",TE(linear),190.19,False,
C=CC[C@@H](C(=O)O)[C@@H](O)C(O)=CC(C)C,"[""AT{'substrate': 'isobut'}"", 'loading: True']",AT(hmal) + KR(B1) + DH,"[""AT{'substrate': 'allylmal'}"", ""KR{'type': 'A1'}"", 'loading: False']",TE(linear),214.26,False,
CC(C)C=C(O)C(=O)[C@H](C)C(=O)O,"[""AT{'substrate': 'isobut'}"", 'loading: True']",AT(hmal) + KR(B1) + DH,"[""AT{'substrate': 'Methylmalonyl-CoA'}"", ""KR{'type': 'C2'}"", 'loading: False']",TE(linear),186.21,False,
CC(C)C=C(O)C(=O)[C@@H](C)C(=O)O,"[""AT{'substrate': 'isobut'}"", 'loading: True']",AT(hmal) + KR(B1) + DH,"[""AT{'substrate': 'Methylmalonyl-CoA'}"", ""KR{'type': 'C1'}"", 'loading: False']",TE(linear),186.21,False,
CC[C@H](C(=O)O)C(=O)C(O)=CC(C)C,"[""AT{'substrate': 'isobut'}"", 'loading: True']",AT(hmal) + KR(B1) + DH,"[""AT{'substrate': 'emal'}"", ""KR{'type': 'C2'}"", 'loading: False']",TE(linear),200.23,False,
CC[C@@H](C(=O)O)[C@@H](O)C(O)=CC(C)C,"[""AT{'substrate': 'isobut'}"", 'loading: True']",AT(hmal) + KR(B1) + DH,"[""AT{'substrate': 'emal'}"", ""KR{'type': 'A1'}"", 'loading: False']",TE(linear),202.25,False,
CC(C)C=C(O)[C@H](O)CC(=O)O,"[""AT{'substrate': 'isobut'}"", 'loading: True']",AT(hmal) + KR(B1) + DH,"[""AT{'substrate': 'Malonyl-CoA'}"", ""KR{'type': 'A'}"", 'loading: False']",TE(linear),174.2,False,
CO[C@@H]1C(=O)OC(=CC(C)C)[C@H]1O,"[""AT{'substrate': 'isobut'}"", 'loading: True']",AT(hmal) + KR(B1) + DH,"[""AT{'substrate': 'mxmal'}"", ""KR{'type': 'B2'}"", 'loading: False']","TE(cyclic, ring=3)",186.21,True,['pattern_1: CCC=C1C[C@H](OC)C(=O)O1']
CC(C)C=C(O)[C@H](O)[C@@H](O)C(=O)O,"[""AT{'substrate': 'isobut'}"", 'loading: True']",AT(hmal) + KR(B1) + DH,"[""AT{'substrate': 'hmal'}"", ""KR{'type': 'A1'}"", 'loading: False']",TE(linear),190.19,False,
CCCCCCC1=CC(=CC(C)C)OC1=O,"[""AT{'substrate': 'isobut'}"", 'loading: True']",AT(hmal) + KR(B1) + DH,"[""AT{'substrate': 'hexmal'}"", ""KR{'type': 'B1'}"", 'DH{}', 'loading: False']","TE(cyclic, ring=0)",222.33,True,['pattern_2: CCC=C1C=CC(=O)O1']
CC(C)C=C(O)C(=O)[C@H](C(=O)O)C(C)C,"[""AT{'substrate': 'isobut'}"", 'loading: True']",AT(hmal) + KR(B1) + DH,"[""AT{'substrate': 'isobutmal'}"", 'loading: False']",TE(linear),214.26,False,
CCCCCC[C@@H](CC(O)=CC(C)C)C(=O)O,"[""AT{'substrate': 'isobut'}"", 'loading: True']",AT(hmal) + KR(B1) + DH,"[""AT{'substrate': 'hexmal'}"", ""KR{'type': 'B1'}"", 'DH{}', 'ER{}', 'loading: False']",TE(linear),242.36,False,
C=CC[C@@H](C(=O)O)[C@H](O)C(O)=CC(C)C,"[""AT{'substrate': 'isobut'}"", 'loading: True']",AT(hmal) + KR(B1) + DH,"[""AT{'substrate': 'allylmal'}"", ""KR{'type': 'B1'}"", 'loading: False']",TE(linear),214.26,False,
C=CC[C@H](C(=O)O)[C@@H](O)C(O)=CC(C)C,"[""AT{'substrate': 'isobut'}"", 'loading: True']",AT(hmal) + KR(B1) + DH,"[""AT{'substrate': 'allylmal'}"", ""KR{'type': 'A2'}"", 'loading: False']",TE(linear),214.26,False,
CCCC[C@H](C(=O)O)[C@H](O)C(O)=CC(C)C,"[""AT{'substrate': 'isobut'}"", 'loading: True']",AT(hmal) + KR(B1) + DH,"[""AT{'substrate': 'butmal'}"", ""KR{'type': 'B2'}"", 'loading: False']",TE(linear),230.3,False,
CCCC[C@H](C(=O)O)[C@@H](O)C(O)=CC(C)C,"[""AT{'substrate': 'isobut'}"", 'loading: True']",AT(hmal) + KR(B1) + DH,"[""AT{'substrate': 'butmal'}"", ""KR{'type': 'A2'}"", 'loading: False']",TE(linear),230.3,False,
CC(C)C=C(O)C(=O)[C@@H](C(=O)O)C(C)C,"[""AT{'substrate': 'isobut'}"", 'loading: True']",AT(hmal) + KR(B1) + DH,"[""AT{'substrate': 'D-isobutmal'}"", 'loading: False']",TE(linear),214.26,False,
CC(C)C=C1C=C(CCCCc2c[nH]c(Cl)c2Cl)C(=O)O1,"[""AT{'substrate': 'isobut'}"", 'loading: True']",AT(hmal) + KR(B1) + DH,"[""AT{'substrate': 'DCP'}"", ""KR{'type': 'B1'}"", 'DH{}', 'loading: False']","TE(cyclic, ring=0)",328.24,True,['pattern_2: CCC=C1C=CC(=O)O1']
C=CC[C@@H](CC(O)=CC(C)C)C(=O)O,"[""AT{'substrate': 'isobut'}"", 'loading: True']",AT(hmal) + KR(B1) + DH,"[""AT{'substrate': 'allylmal'}"", ""KR{'type': 'B1'}"", 'DH{}', 'ER{}', 'loading: False']",TE(linear),198.26,False,
CO[C@H]1C(=O)OC(=CC(C)C)[C@@H]1O,"[""AT{'substrate': 'isobut'}"", 'loading: True']",AT(hmal) + KR(B1) + DH,"[""AT{'substrate': 'mxmal'}"", ""KR{'type': 'A1'}"", 'loading: False']","TE(cyclic, ring=3)",186.21,True,['pattern_1: CCC=C1C[C@H](OC)C(=O)O1']
C=CC[C@H](C(=O)O)C(=O)C(O)=CC(C)C,"[""AT{'substrate': 'isobut'}"", 'loading: True']",AT(hmal) + KR(B1) + DH,"[""AT{'substrate': 'allylmal'}"", ""KR{'type': 'C2'}"", 'loading: False']",TE(linear),212.24,False,
C=CC[C@@H](C(=O)O)C(=O)C(O)=CC(C)C,"[""AT{'substrate': 'isobut'}"", 'loading: True']",AT(hmal) + KR(B1) + DH,"[""AT{'substrate': 'allylmal'}"", ""KR{'type': 'C1'}"", 'loading: False']",TE(linear),212.24,False,
CC(C)C=C(O)[C@@H](O)[C@@H](CCCCc1c[nH]c(Cl)c1Cl)C(=O)O,"[""AT{'substrate': 'isobut'}"", 'loading: True']",AT(hmal) + KR(B1) + DH,"[""AT{'substrate': 'DCP'}"", ""KR{'type': 'B1'}"", 'loading: False']",TE(linear),364.27,False,
CC(C)C=C(O)[C@H](O)[C@H](C(=O)O)C(C)C,"[""AT{'substrate': 'isobut'}"", 'loading: True']",AT(hmal) + KR(B1) + DH,"[""AT{'substrate': 'isobutmal'}"", ""KR{'type': 'A1'}"", 'loading: False']",TE(linear),216.28,False,
CCCCCC[C@H](C(=O)O)C(=O)C(O)=CC(C)C,"[""AT{'substrate': 'isobut'}"", 'loading: True']",AT(hmal) + KR(B1) + DH,"[""AT{'substrate': 'hexmal'}"", 'loading: False']",TE(linear),256.34,False,
CCC1=CC(=CC(C)C)OC1=O,"[""AT{'substrate': 'isobut'}"", 'loading: True']",AT(hmal) + KR(B1) + DH,"[""AT{'substrate': 'emal'}"", ""KR{'type': 'B1'}"", 'DH{}', 'loading: False']","TE(cyclic, ring=0)",166.22,True,['pattern_2: CCC=C1C=CC(=O)O1']
CCCC[C@@H](C(=O)O)[C@@H](O)C(O)=CC(C)C,"[""AT{'substrate': 'isobut'}"", 'loading: True']",AT(hmal) + KR(B1) + DH,"[""AT{'substrate': 'butmal'}"", ""KR{'type': 'A1'}"", 'loading: False']",TE(linear),230.3,False,
CCCCCC[C@H](C(=O)O)[C@H](O)C(O)=CC(C)C,"[""AT{'substrate': 'isobut'}"", 'loading: True']",AT(hmal) + KR(B1) + DH,"[""AT{'substrate': 'hexmal'}"", ""KR{'type': 'B2'}"", 'loading: False']",TE(linear),258.36,False,
CCCCCC[C@H](C(=O)O)[C@@H](O)C(O)=CC(C)C,"[""AT{'substrate': 'isobut'}"", 'loading: True']",AT(hmal) + KR(B1) + DH,"[""AT{'substrate': 'hexmal'}"", ""KR{'type': 'A2'}"", 'loading: False']",TE(linear),258.36,False,
CO[C@@H]1C(=O)OC(=CC(C)C)[C@@H]1O,"[""AT{'substrate': 'isobut'}"", 'loading: True']",AT(hmal) + KR(B1) + DH,"[""AT{'substrate': 'mxmal'}"", ""KR{'type': 'A2'}"", 'loading: False']","TE(cyclic, ring=3)",186.21,True,['pattern_1: CCC=C1C[C@H](OC)C(=O)O1']
CC(C)C=C(O)[C@@H](O)[C@H](C(=O)O)C(C)C,"[""AT{'substrate': 'isobut'}"", 'loading: True']",AT(hmal) + KR(B1) + DH,"[""AT{'substrate': 'isobutmal'}"", ""KR{'type': 'B1'}"", 'loading: False']",TE(linear),216.28,False,
CCCC[C@@H](C(=O)O)[C@H](O)C(O)=CC(C)C,"[""AT{'substrate': 'isobut'}"", 'loading: True']",AT(hmal) + KR(B1) + DH,"[""AT{'substrate': 'butmal'}"", ""KR{'type': 'B1'}"", 'loading: False']",TE(linear),230.3,False,
CC(C)C=C(O)C(=O)[C@H](CCCCc1c[nH]c(Cl)c1Cl)C(=O)O,"[""AT{'substrate': 'isobut'}"", 'loading: True']",AT(hmal) + KR(B1) + DH,"[""AT{'substrate': 'DCP'}"", ""KR{'type': 'C2'}"", 'loading: False']",TE(linear),362.25,False,
CC(C)C=C(O)C(=O)[C@@H](CCCCc1c[nH]c(Cl)c1Cl)C(=O)O,"[""AT{'substrate': 'isobut'}"", 'loading: True']",AT(hmal) + KR(B1) + DH,"[""AT{'substrate': 'DCP'}"", ""KR{'type': 'C1'}"", 'loading: False']",TE(linear),362.25,False,
CC(C)C=C(O)[C@@H](O)[C@H](C)C(=O)O,"[""AT{'substrate': 'isobut'}"", 'loading: True']",AT(hmal) + KR(B1) + DH,"[""AT{'substrate': 'Methylmalonyl-CoA'}"", ""KR{'type': 'B2'}"", 'loading: False']",TE(linear),188.22,False,
CC(C)C=C(O)[C@H](O)[C@H](C)C(=O)O,"[""AT{'substrate': 'isobut'}"", 'loading: True']",AT(hmal) + KR(B1) + DH,"[""AT{'substrate': 'Methylmalonyl-CoA'}"", ""KR{'type': 'A2'}"", 'loading: False']",TE(linear),188.22,False,
CCCCCC[C@@H](C(=O)O)[C@@H](O)C(O)=CC(C)C,"[""AT{'substrate': 'isobut'}"", 'loading: True']",AT(hmal) + KR(B1) + DH,"[""AT{'substrate': 'hexmal'}"", ""KR{'type': 'A1'}"", 'loading: False']",TE(linear),258.36,False,
CC(C)C=C(O)C[C@H](O)C(=O)O,"[""AT{'substrate': 'isobut'}"", 'loading: True']",AT(hmal) + KR(B1) + DH,"[""AT{'substrate': 'hmal'}"", ""KR{'type': 'B1'}"", 'DH{}', 'ER{}', 'loading: False']",TE(linear),174.2,False,
CCCCC1=CC(=CC(C)C)OC1=O,"[""AT{'substrate': 'isobut'}"", 'loading: True']",AT(hmal) + KR(B1) + DH,"[""AT{'substrate': 'butmal'}"", ""KR{'type': 'B1'}"", 'DH{}', 'loading: False']","TE(cyclic, ring=0)",194.27,True,['pattern_2: CCC=C1C=CC(=O)O1']
CC(C)C=C(O)[C@@H](O)[C@@H](O)C(=O)O,"[""AT{'substrate': 'isobut'}"", 'loading: True']",AT(hmal) + KR(B1) + DH,"[""AT{'substrate': 'hmal'}"", ""KR{'type': 'B1'}"", 'loading: False']",TE(linear),190.19,False,
CC[C@@H](C(=O)O)[C@H](O)C(O)=CC(C)C,"[""AT{'substrate': 'isobut'}"", 'loading: True']",AT(hmal) + KR(B1) + DH,"[""AT{'substrate': 'emal'}"", ""KR{'type': 'B1'}"", 'loading: False']",TE(linear),202.25,False,
CCCC[C@H](C(=O)O)C(=O)C(O)=CC(C)C,"[""AT{'substrate': 'isobut'}"", 'loading: True']",AT(hmal) + KR(B1) + DH,"[""AT{'substrate': 'butmal'}"", ""KR{'type': 'C2'}"", 'loading: False']",TE(linear),228.29,False,
CCCC[C@@H](C(=O)O)C(=O)C(O)=CC(C)C,"[""AT{'substrate': 'isobut'}"", 'loading: True']",AT(hmal) + KR(B1) + DH,"[""AT{'substrate': 'butmal'}"", ""KR{'type': 'C1'}"", 'loading: False']",TE(linear),228.29,False,
CC(C)C=C1C=C(C(C)C)C(=O)O1,"[""AT{'substrate': 'isobut'}"", 'loading: True']",AT(hmal) + KR(B1) + DH,"[""AT{'substrate': 'isobutmal'}"", ""KR{'type': 'B1'}"", 'DH{}', 'loading: False']","TE(cyclic, ring=0)",180.25,True,['pattern_2: CCC=C1C=CC(=O)O1']
CCCCCC[C@@H](C(=O)O)[C@H](O)C(O)=CC(C)C,"[""AT{'substrate': 'isobut'}"", 'loading: True']",AT(hmal) + KR(B1) + DH,"[""AT{'substrate': 'hexmal'}"", ""KR{'type': 'B1'}"", 'loading: False']",TE(linear),258.36,False,
COC1=CC(=CC(C)C)OC1=O,"[""AT{'substrate': 'isobut'}"", 'loading: True']",AT(hmal) + KR(B1) + DH,"[""AT{'substrate': 'mxmal'}"", ""KR{'type': 'B1'}"", 'DH{}', 'loading: False']","TE(cyclic, ring=0)",168.19,True,['pattern_2: CCC=C1C=CC(=O)O1']
CC(C)C=C(O)[C@H](O)[C@@H](C)C(=O)O,"[""AT{'substrate': 'isobut'}"", 'loading: True']",AT(hmal) + KR(B1) + DH,"[""AT{'substrate': 'Methylmalonyl-CoA'}"", ""KR{'type': 'A1'}"", 'loading: False']",TE(linear),188.22,False,
CC(C)C=C(O)C(=O)[C@H](O)C(=O)O,"[""AT{'substrate': 'isobut'}"", 'loading: True']",AT(hmal) + KR(B1) + DH,"[""AT{'substrate': 'hmal'}"", ""KR{'type': 'C2'}"", 'loading: False']",TE(linear),188.18,False,
CC(C)C=C(O)C(=O)[C@@H](O)C(=O)O,"[""AT{'substrate': 'isobut'}"", 'loading: True']",AT(hmal) + KR(B1) + DH,"[""AT{'substrate': 'hmal'}"", ""KR{'type': 'C1'}"", 'loading: False']",TE(linear),188.18,False,
CC(C)C=C(O)C(=O)C(O)C(=O)O,"[""AT{'substrate': 'isobut'}"", 'loading: True']",AT(hmal) + KR(B1) + DH,"[""AT{'substrate': 'hmal'}"", 'loading: False']",TE(linear),188.18,False,
CCCC[C@@H](CC(O)=CC(C)C)C(=O)O,"[""AT{'substrate': 'isobut'}"", 'loading: True']",AT(hmal) + KR(B1) + DH,"[""AT{'substrate': 'butmal'}"", ""KR{'type': 'B1'}"", 'DH{}', 'ER{}', 'loading: False']",TE(linear),214.3,False,
CC[C@@H](C(=O)O)C(=O)C(O)=CC(C)C,"[""AT{'substrate': 'isobut'}"", 'loading: True']",AT(hmal) + KR(B1) + DH,"[""AT{'substrate': 'emal'}"", ""KR{'type': 'C1'}"", 'loading: False']",TE(linear),200.23,False,
CC(C)C=C(O)[C@@H](O)CC(=O)O,"[""AT{'substrate': 'isobut'}"", 'loading: True']",AT(hmal) + KR(B1) + DH,"[""AT{'substrate': 'Malonyl-CoA'}"", ""KR{'type': 'B'}"", 'loading: False']",TE(linear),174.2,False,
CC[C@@H](CC(O)=CC(C)C)C(=O)O,"[""AT{'substrate': 'isobut'}"", 'loading: True']",AT(hmal) + KR(B1) + DH,"[""AT{'substrate': 'emal'}"", ""KR{'type': 'B1'}"", 'DH{}', 'ER{}', 'loading: False']",TE(linear),186.25,False,
CCCCCC[C@@H](C(=O)O)C(=O)C(O)=CC(C)C,"[""AT{'substrate': 'isobut'}"", 'loading: True']",AT(hmal) + KR(B1) + DH,"[""AT{'substrate': 'hexmal'}"", ""KR{'type': 'C1'}"", 'loading: False']",TE(linear),256.34,False,
CC(C)C=C(O)C[C@H](C)C(=O)O,"[""AT{'substrate': 'isobut'}"", 'loading: True']",AT(hmal) + KR(B1) + DH,"[""AT{'substrate': 'Methylmalonyl-CoA'}"", ""KR{'type': 'B1'}"", 'DH{}', 'ER{}', 'loading: False']",TE(linear),172.22,False,
CC(C)C=C(O)[C@@H](O)[C@H](CCCCc1c[nH]c(Cl)c1Cl)C(=O)O,"[""AT{'substrate': 'isobut'}"", 'loading: True']",AT(hmal) + KR(B1) + DH,"[""AT{'substrate': 'DCP'}"", ""KR{'type': 'B2'}"", 'loading: False']",TE(linear),364.27,False,
CC(C)C=C(O)[C@H](O)[C@H](CCCCc1c[nH]c(Cl)c1Cl)C(=O)O,"[""AT{'substrate': 'isobut'}"", 'loading: True']",AT(hmal) + KR(B1) + DH,"[""AT{'substrate': 'DCP'}"", ""KR{'type': 'A2'}"", 'loading: False']",TE(linear),364.27,False,
CC(C)C=C(O)CCC(=O)O,"[""AT{'substrate': 'isobut'}"", 'loading: True']",AT(hmal) + KR(B1) + DH,"[""AT{'substrate': 'Malonyl-CoA'}"", ""KR{'type': 'B'}"", 'DH{}', 'ER{}', 'loading: False']",TE(linear),158.2,False,
CC(C)C=C1C=C(O)C(=O)O1,"[""AT{'substrate': 'isobut'}"", 'loading: True']",AT(hmal) + KR(B1) + DH,"[""AT{'substrate': 'hmal'}"", ""KR{'type': 'B1'}"", 'DH{}', 'loading: False']","TE(cyclic, ring=0)",154.16,True,['pattern_2: CCC=C1C=CC(=O)O1']
CO[C@H]1C(=O)OC(=CC(C)C)[C@H]1O,"[""AT{'substrate': 'isobut'}"", 'loading: True']",AT(hmal) + KR(B1) + DH,"[""AT{'substrate': 'mxmal'}"", ""KR{'type': 'B1'}"", 'loading: False']","TE(cyclic, ring=3)",186.21,True,['pattern_1: CCC=C1C[C@H](OC)C(=O)O1']
CC(C)C=C(O)C(=O)CC(=O)O,"[""AT{'substrate': 'isobut'}"", 'loading: True']",AT(hmal) + KR(B1) + DH,"[""AT{'substrate': 'Malonyl-CoA'}"", 'loading: False']",TE(linear),172.18,False,
CC(C)C=C(O)C(=O)C(CCCCc1c[nH]c(Cl)c1Cl)C(=O)O,"[""AT{'substrate': 'isobut'}"", 'loading: True']",AT(hmal) + KR(B1) + DH,"[""AT{'substrate': 'DCP'}"", 'loading: False']",TE(linear),362.25,False,
CCC(C)C=C(O)[C@H](O)[C@@H](CCCCc1c[nH]c(Cl)c1Cl)C(=O)O,"[""AT{'substrate': '2metbut'}"", 'loading: True']",AT(hmal) + KR(B1) + DH,"[""AT{'substrate': 'DCP'}"", ""KR{'type': 'A1'}"", 'loading: False']",TE(linear),378.3,False,
CCC(C)C=C(O)[C@@H](O)[C@@H](C(=O)O)C(C)C,"[""AT{'substrate': '2metbut'}"", 'loading: True']",AT(hmal) + KR(B1) + DH,"[""AT{'substrate': 'D-isobutmal'}"", ""KR{'type': 'B2'}"", 'loading: False']",TE(linear),230.3,False,
CCC(C)C=C(O)[C@H](O)[C@@H](C(=O)O)C(C)C,"[""AT{'substrate': '2metbut'}"", 'loading: True']",AT(hmal) + KR(B1) + DH,"[""AT{'substrate': 'D-isobutmal'}"", ""KR{'type': 'A2'}"", 'loading: False']",TE(linear),230.3,False,
CCC(C)C=C1C[C@H](OC)C(=O)O1,"[""AT{'substrate': '2metbut'}"", 'loading: True']",AT(hmal) + KR(B1) + DH,"[""AT{'substrate': 'mxmal'}"", ""KR{'type': 'B1'}"", 'DH{}', 'ER{}', 'loading: False']","TE(cyclic, ring=1)",184.23,True,['pattern_1: CCC=C1C[C@H](OC)C(=O)O1']
CCC(C)C=C(O)[C@@H](O)[C@@H](C)C(=O)O,"[""AT{'substrate': '2metbut'}"", 'loading: True']",AT(hmal) + KR(B1) + DH,"[""AT{'substrate': 'Methylmalonyl-CoA'}"", ""KR{'type': 'B1'}"", 'loading: False']",TE(linear),202.25,False,
CCC(C)C=C1C=CC(=O)O1,"[""AT{'substrate': '2metbut'}"", 'loading: True']",AT(hmal) + KR(B1) + DH,"[""AT{'substrate': 'Malonyl-CoA'}"", ""KR{'type': 'B'}"", 'DH{}', 'loading: False']","TE(cyclic, ring=0)",152.19,True,['pattern_2: CCC=C1C=CC(=O)O1']
CCC(C)C=C(O)[C@H](O)[C@H](O)C(=O)O,"[""AT{'substrate': '2metbut'}"", 'loading: True']",AT(hmal) + KR(B1) + DH,"[""AT{'substrate': 'hmal'}"", ""KR{'type': 'A2'}"", 'loading: False']",TE(linear),204.22,False,
C=CC[C@H](C(=O)O)[C@H](O)C(O)=CC(C)CC,"[""AT{'substrate': '2metbut'}"", 'loading: True']",AT(hmal) + KR(B1) + DH,"[""AT{'substrate': 'allylmal'}"", ""KR{'type': 'B2'}"", 'loading: False']",TE(linear),228.29,False,
CCC(C)C=C(O)[C@@H](O)[C@H](CC)C(=O)O,"[""AT{'substrate': '2metbut'}"", 'loading: True']",AT(hmal) + KR(B1) + DH,"[""AT{'substrate': 'emal'}"", ""KR{'type': 'B2'}"", 'loading: False']",TE(linear),216.28,False,
CCC(C)C=C(O)[C@H](O)[C@H](CC)C(=O)O,"[""AT{'substrate': '2metbut'}"", 'loading: True']",AT(hmal) + KR(B1) + DH,"[""AT{'substrate': 'emal'}"", ""KR{'type': 'A2'}"", 'loading: False']",TE(linear),216.28,False,
CCC(C)C=C(O)C[C@@H](C(=O)O)C(C)C,"[""AT{'substrate': '2metbut'}"", 'loading: True']",AT(hmal) + KR(B1) + DH,"[""AT{'substrate': 'isobutmal'}"", ""KR{'type': 'B1'}"", 'DH{}', 'ER{}', 'loading: False']",TE(linear),214.3,False,
CCC(C)C=C(O)C[C@H](CCCCc1c[nH]c(Cl)c1Cl)C(=O)O,"[""AT{'substrate': '2metbut'}"", 'loading: True']",AT(hmal) + KR(B1) + DH,"[""AT{'substrate': 'DCP'}"", ""KR{'type': 'B1'}"", 'DH{}', 'ER{}', 'loading: False']",TE(linear),362.3,False,
C=CCC1=CC(=CC(C)CC)OC1=O,"[""AT{'substrate': '2metbut'}"", 'loading: True']",AT(hmal) + KR(B1) + DH,"[""AT{'substrate': 'allylmal'}"", ""KR{'type': 'B1'}"", 'DH{}', 'loading: False']","TE(cyclic, ring=0)",192.26,True,['pattern_2: CCC=C1C=CC(=O)O1']
CCC(C)C=C1C=C(C)C(=O)O1,"[""AT{'substrate': '2metbut'}"", 'loading: True']",AT(hmal) + KR(B1) + DH,"[""AT{'substrate': 'Methylmalonyl-CoA'}"", ""KR{'type': 'B1'}"", 'DH{}', 'loading: False']","TE(cyclic, ring=0)",166.22,True,['pattern_2: CCC=C1C=CC(=O)O1']
CCC(C)C=C1OC(=O)[C@@H](OC)C1=O,"[""AT{'substrate': '2metbut'}"", 'loading: True']",AT(hmal) + KR(B1) + DH,"[""AT{'substrate': 'mxmal'}"", ""KR{'type': 'C2'}"", 'loading: False']","TE(cyclic, ring=1)",198.22,True,['pattern_1: CCC=C1C[C@H](OC)C(=O)O1']
CCC(C)C=C1OC(=O)[C@H](OC)C1=O,"[""AT{'substrate': '2metbut'}"", 'loading: True']",AT(hmal) + KR(B1) + DH,"[""AT{'substrate': 'mxmal'}"", ""KR{'type': 'C1'}"", 'loading: False']","TE(cyclic, ring=1)",198.22,True,['pattern_1: CCC=C1C[C@H](OC)C(=O)O1']
CCC(C)C=C(O)[C@@H](O)[C@H](O)C(=O)O,"[""AT{'substrate': '2metbut'}"", 'loading: True']",AT(hmal) + KR(B1) + DH,"[""AT{'substrate': 'hmal'}"", ""KR{'type': 'B2'}"", 'loading: False']",TE(linear),204.22,False,
C=CC[C@@H](C(=O)O)[C@@H](O)C(O)=CC(C)CC,"[""AT{'substrate': '2metbut'}"", 'loading: True']",AT(hmal) + KR(B1) + DH,"[""AT{'substrate': 'allylmal'}"", ""KR{'type': 'A1'}"", 'loading: False']",TE(linear),228.29,False,
CCC(C)C=C(O)C(=O)[C@H](C)C(=O)O,"[""AT{'substrate': '2metbut'}"", 'loading: True']",AT(hmal) + KR(B1) + DH,"[""AT{'substrate': 'Methylmalonyl-CoA'}"", ""KR{'type': 'C2'}"", 'loading: False']",TE(linear),200.23,False,
CCC(C)C=C(O)C(=O)[C@@H](C)C(=O)O,"[""AT{'substrate': '2metbut'}"", 'loading: True']",AT(hmal) + KR(B1) + DH,"[""AT{'substrate': 'Methylmalonyl-CoA'}"", ""KR{'type': 'C1'}"", 'loading: False']",TE(linear),200.23,False,
CCC(C)C=C(O)C(=O)[C@H](CC)C(=O)O,"[""AT{'substrate': '2metbut'}"", 'loading: True']",AT(hmal) + KR(B1) + DH,"[""AT{'substrate': 'emal'}"", ""KR{'type': 'C2'}"", 'loading: False']",TE(linear),214.26,False,
CCC(C)C=C(O)[C@H](O)[C@@H](CC)C(=O)O,"[""AT{'substrate': '2metbut'}"", 'loading: True']",AT(hmal) + KR(B1) + DH,"[""AT{'substrate': 'emal'}"", ""KR{'type': 'A1'}"", 'loading: False']",TE(linear),216.28,False,
CCC(C)C=C(O)[C@H](O)CC(=O)O,"[""AT{'substrate': '2metbut'}"", 'loading: True']",AT(hmal) + KR(B1) + DH,"[""AT{'substrate': 'Malonyl-CoA'}"", ""KR{'type': 'A'}"", 'loading: False']",TE(linear),188.22,False,
CCC(C)C=C1OC(=O)[C@@H](OC)[C@@H]1O,"[""AT{'substrate': '2metbut'}"", 'loading: True']",AT(hmal) + KR(B1) + DH,"[""AT{'substrate': 'mxmal'}"", ""KR{'type': 'B2'}"", 'loading: False']","TE(cyclic, ring=3)",200.23,True,['pattern_1: CCC=C1C[C@H](OC)C(=O)O1']
CCC(C)C=C(O)[C@H](O)[C@@H](O)C(=O)O,"[""AT{'substrate': '2metbut'}"", 'loading: True']",AT(hmal) + KR(B1) + DH,"[""AT{'substrate': 'hmal'}"", ""KR{'type': 'A1'}"", 'loading: False']",TE(linear),204.22,False,
CCCCCCC1=CC(=CC(C)CC)OC1=O,"[""AT{'substrate': '2metbut'}"", 'loading: True']",AT(hmal) + KR(B1) + DH,"[""AT{'substrate': 'hexmal'}"", ""KR{'type': 'B1'}"", 'DH{}', 'loading: False']","TE(cyclic, ring=0)",236.35,True,['pattern_2: CCC=C1C=CC(=O)O1']
CCC(C)C=C(O)C(=O)[C@H](C(=O)O)C(C)C,"[""AT{'substrate': '2metbut'}"", 'loading: True']",AT(hmal) + KR(B1) + DH,"[""AT{'substrate': 'isobutmal'}"", 'loading: False']",TE(linear),228.29,False,
CCCCCC[C@@H](CC(O)=CC(C)CC)C(=O)O,"[""AT{'substrate': '2metbut'}"", 'loading: True']",AT(hmal) + KR(B1) + DH,"[""AT{'substrate': 'hexmal'}"", ""KR{'type': 'B1'}"", 'DH{}', 'ER{}', 'loading: False']",TE(linear),256.39,False,
C=CC[C@@H](C(=O)O)[C@H](O)C(O)=CC(C)CC,"[""AT{'substrate': '2metbut'}"", 'loading: True']",AT(hmal) + KR(B1) + DH,"[""AT{'substrate': 'allylmal'}"", ""KR{'type': 'B1'}"", 'loading: False']",TE(linear),228.29,False,
C=CC[C@H](C(=O)O)[C@@H](O)C(O)=CC(C)CC,"[""AT{'substrate': '2metbut'}"", 'loading: True']",AT(hmal) + KR(B1) + DH,"[""AT{'substrate': 'allylmal'}"", ""KR{'type': 'A2'}"", 'loading: False']",TE(linear),228.29,False,
CCCC[C@H](C(=O)O)[C@H](O)C(O)=CC(C)CC,"[""AT{'substrate': '2metbut'}"", 'loading: True']",AT(hmal) + KR(B1) + DH,"[""AT{'substrate': 'butmal'}"", ""KR{'type': 'B2'}"", 'loading: False']",TE(linear),244.33,False,
CCCC[C@H](C(=O)O)[C@@H](O)C(O)=CC(C)CC,"[""AT{'substrate': '2metbut'}"", 'loading: True']",AT(hmal) + KR(B1) + DH,"[""AT{'substrate': 'butmal'}"", ""KR{'type': 'A2'}"", 'loading: False']",TE(linear),244.33,False,
CCC(C)C=C(O)C(=O)[C@@H](C(=O)O)C(C)C,"[""AT{'substrate': '2metbut'}"", 'loading: True']",AT(hmal) + KR(B1) + DH,"[""AT{'substrate': 'D-isobutmal'}"", 'loading: False']",TE(linear),228.29,False,
CCC(C)C=C1C=C(CCCCc2c[nH]c(Cl)c2Cl)C(=O)O1,"[""AT{'substrate': '2metbut'}"", 'loading: True']",AT(hmal) + KR(B1) + DH,"[""AT{'substrate': 'DCP'}"", ""KR{'type': 'B1'}"", 'DH{}', 'loading: False']","TE(cyclic, ring=0)",342.27,True,['pattern_2: CCC=C1C=CC(=O)O1']
C=CC[C@@H](CC(O)=CC(C)CC)C(=O)O,"[""AT{'substrate': '2metbut'}"", 'loading: True']",AT(hmal) + KR(B1) + DH,"[""AT{'substrate': 'allylmal'}"", ""KR{'type': 'B1'}"", 'DH{}', 'ER{}', 'loading: False']",TE(linear),212.29,False,
CCC(C)C=C1OC(=O)[C@H](OC)[C@H]1O,"[""AT{'substrate': '2metbut'}"", 'loading: True']",AT(hmal) + KR(B1) + DH,"[""AT{'substrate': 'mxmal'}"", ""KR{'type': 'A1'}"", 'loading: False']","TE(cyclic, ring=3)",200.23,True,['pattern_1: CCC=C1C[C@H](OC)C(=O)O1']
C=CC[C@H](C(=O)O)C(=O)C(O)=CC(C)CC,"[""AT{'substrate': '2metbut'}"", 'loading: True']",AT(hmal) + KR(B1) + DH,"[""AT{'substrate': 'allylmal'}"", ""KR{'type': 'C2'}"", 'loading: False']",TE(linear),226.27,False,
C=CC[C@@H](C(=O)O)C(=O)C(O)=CC(C)CC,"[""AT{'substrate': '2metbut'}"", 'loading: True']",AT(hmal) + KR(B1) + DH,"[""AT{'substrate': 'allylmal'}"", ""KR{'type': 'C1'}"", 'loading: False']",TE(linear),226.27,False,
CCC(C)C=C(O)[C@@H](O)[C@@H](CCCCc1c[nH]c(Cl)c1Cl)C(=O)O,"[""AT{'substrate': '2metbut'}"", 'loading: True']",AT(hmal) + KR(B1) + DH,"[""AT{'substrate': 'DCP'}"", ""KR{'type': 'B1'}"", 'loading: False']",TE(linear),378.3,False,
CCC(C)C=C(O)[C@H](O)[C@H](C(=O)O)C(C)C,"[""AT{'substrate': '2metbut'}"", 'loading: True']",AT(hmal) + KR(B1) + DH,"[""AT{'substrate': 'isobutmal'}"", ""KR{'type': 'A1'}"", 'loading: False']",TE(linear),230.3,False,
CCCCCC[C@H](C(=O)O)C(=O)C(O)=CC(C)CC,"[""AT{'substrate': '2metbut'}"", 'loading: True']",AT(hmal) + KR(B1) + DH,"[""AT{'substrate': 'hexmal'}"", 'loading: False']",TE(linear),270.37,False,
CCC1=CC(=CC(C)CC)OC1=O,"[""AT{'substrate': '2metbut'}"", 'loading: True']",AT(hmal) + KR(B1) + DH,"[""AT{'substrate': 'emal'}"", ""KR{'type': 'B1'}"", 'DH{}', 'loading: False']","TE(cyclic, ring=0)",180.25,True,['pattern_2: CCC=C1C=CC(=O)O1']
CCCC[C@@H](C(=O)O)[C@@H](O)C(O)=CC(C)CC,"[""AT{'substrate': '2metbut'}"", 'loading: True']",AT(hmal) + KR(B1) + DH,"[""AT{'substrate': 'butmal'}"", ""KR{'type': 'A1'}"", 'loading: False']",TE(linear),244.33,False,
CCCCCC[C@H](C(=O)O)[C@H](O)C(O)=CC(C)CC,"[""AT{'substrate': '2metbut'}"", 'loading: True']",AT(hmal) + KR(B1) + DH,"[""AT{'substrate': 'hexmal'}"", ""KR{'type': 'B2'}"", 'loading: False']",TE(linear),272.39,False,
CCCCCC[C@H](C(=O)O)[C@@H](O)C(O)=CC(C)CC,"[""AT{'substrate': '2metbut'}"", 'loading: True']",AT(hmal) + KR(B1) + DH,"[""AT{'substrate': 'hexmal'}"", ""KR{'type': 'A2'}"", 'loading: False']",TE(linear),272.39,False,
CCC(C)C=C1OC(=O)[C@@H](OC)[C@H]1O,"[""AT{'substrate': '2metbut'}"", 'loading: True']",AT(hmal) + KR(B1) + DH,"[""AT{'substrate': 'mxmal'}"", ""KR{'type': 'A2'}"", 'loading: False']","TE(cyclic, ring=3)",200.23,True,['pattern_1: CCC=C1C[C@H](OC)C(=O)O1']
CCC(C)C=C(O)[C@@H](O)[C@H](C(=O)O)C(C)C,"[""AT{'substrate': '2metbut'}"", 'loading: True']",AT(hmal) + KR(B1) + DH,"[""AT{'substrate': 'isobutmal'}"", ""KR{'type': 'B1'}"", 'loading: False']",TE(linear),230.3,False,
CCCC[C@@H](C(=O)O)[C@H](O)C(O)=CC(C)CC,"[""AT{'substrate': '2metbut'}"", 'loading: True']",AT(hmal) + KR(B1) + DH,"[""AT{'substrate': 'butmal'}"", ""KR{'type': 'B1'}"", 'loading: False']",TE(linear),244.33,False,
CCC(C)C=C(O)C(=O)[C@H](CCCCc1c[nH]c(Cl)c1Cl)C(=O)O,"[""AT{'substrate': '2metbut'}"", 'loading: True']",AT(hmal) + KR(B1) + DH,"[""AT{'substrate': 'DCP'}"", ""KR{'type': 'C2'}"", 'loading: False']",TE(linear),376.28,False,
CCC(C)C=C(O)C(=O)[C@@H](CCCCc1c[nH]c(Cl)c1Cl)C(=O)O,"[""AT{'substrate': '2metbut'}"", 'loading: True']",AT(hmal) + KR(B1) + DH,"[""AT{'substrate': 'DCP'}"", ""KR{'type': 'C1'}"", 'loading: False']",TE(linear),376.28,False,
CCC(C)C=C(O)[C@@H](O)[C@H](C)C(=O)O,"[""AT{'substrate': '2metbut'}"", 'loading: True']",AT(hmal) + KR(B1) + DH,"[""AT{'substrate': 'Methylmalonyl-CoA'}"", ""KR{'type': 'B2'}"", 'loading: False']",TE(linear),202.25,False,
CCC(C)C=C(O)[C@H](O)[C@H](C)C(=O)O,"[""AT{'substrate': '2metbut'}"", 'loading: True']",AT(hmal) + KR(B1) + DH,"[""AT{'substrate': 'Methylmalonyl-CoA'}"", ""KR{'type': 'A2'}"", 'loading: False']",TE(linear),202.25,False,
CCCCCC[C@@H](C(=O)O)[C@@H](O)C(O)=CC(C)CC,"[""AT{'substrate': '2metbut'}"", 'loading: True']",AT(hmal) + KR(B1) + DH,"[""AT{'substrate': 'hexmal'}"", ""KR{'type': 'A1'}"", 'loading: False']",TE(linear),272.39,False,
CCC(C)C=C(O)C[C@H](O)C(=O)O,"[""AT{'substrate': '2metbut'}"", 'loading: True']",AT(hmal) + KR(B1) + DH,"[""AT{'substrate': 'hmal'}"", ""KR{'type': 'B1'}"", 'DH{}', 'ER{}', 'loading: False']",TE(linear),188.22,False,
CCCCC1=CC(=CC(C)CC)OC1=O,"[""AT{'substrate': '2metbut'}"", 'loading: True']",AT(hmal) + KR(B1) + DH,"[""AT{'substrate': 'butmal'}"", ""KR{'type': 'B1'}"", 'DH{}', 'loading: False']","TE(cyclic, ring=0)",208.3,True,['pattern_2: CCC=C1C=CC(=O)O1']
CCC(C)C=C(O)[C@@H](O)[C@@H](O)C(=O)O,"[""AT{'substrate': '2metbut'}"", 'loading: True']",AT(hmal) + KR(B1) + DH,"[""AT{'substrate': 'hmal'}"", ""KR{'type': 'B1'}"", 'loading: False']",TE(linear),204.22,False,
CCC(C)C=C(O)[C@@H](O)[C@@H](CC)C(=O)O,"[""AT{'substrate': '2metbut'}"", 'loading: True']",AT(hmal) + KR(B1) + DH,"[""AT{'substrate': 'emal'}"", ""KR{'type': 'B1'}"", 'loading: False']",TE(linear),216.28,False,
CCCC[C@H](C(=O)O)C(=O)C(O)=CC(C)CC,"[""AT{'substrate': '2metbut'}"", 'loading: True']",AT(hmal) + KR(B1) + DH,"[""AT{'substrate': 'butmal'}"", ""KR{'type': 'C2'}"", 'loading: False']",TE(linear),242.31,False,
CCCC[C@@H](C(=O)O)C(=O)C(O)=CC(C)CC,"[""AT{'substrate': '2metbut'}"", 'loading: True']",AT(hmal) + KR(B1) + DH,"[""AT{'substrate': 'butmal'}"", ""KR{'type': 'C1'}"", 'loading: False']",TE(linear),242.31,False,
CCC(C)C=C1C=C(C(C)C)C(=O)O1,"[""AT{'substrate': '2metbut'}"", 'loading: True']",AT(hmal) + KR(B1) + DH,"[""AT{'substrate': 'isobutmal'}"", ""KR{'type': 'B1'}"", 'DH{}', 'loading: False']","TE(cyclic, ring=0)",194.27,True,['pattern_2: CCC=C1C=CC(=O)O1']
CCCCCC[C@@H](C(=O)O)[C@H](O)C(O)=CC(C)CC,"[""AT{'substrate': '2metbut'}"", 'loading: True']",AT(hmal) + KR(B1) + DH,"[""AT{'substrate': 'hexmal'}"", ""KR{'type': 'B1'}"", 'loading: False']",TE(linear),272.39,False,
CCC(C)C=C1C=C(OC)C(=O)O1,"[""AT{'substrate': '2metbut'}"", 'loading: True']",AT(hmal) + KR(B1) + DH,"[""AT{'substrate': 'mxmal'}"", ""KR{'type': 'B1'}"", 'DH{}', 'loading: False']","TE(cyclic, ring=0)",182.22,True,['pattern_2: CCC=C1C=CC(=O)O1']
CCC(C)C=C(O)[C@H](O)[C@@H](C)C(=O)O,"[""AT{'substrate': '2metbut'}"", 'loading: True']",AT(hmal) + KR(B1) + DH,"[""AT{'substrate': 'Methylmalonyl-CoA'}"", ""KR{'type': 'A1'}"", 'loading: False']",TE(linear),202.25,False,
CCC(C)C=C(O)C(=O)[C@H](O)C(=O)O,"[""AT{'substrate': '2metbut'}"", 'loading: True']",AT(hmal) + KR(B1) + DH,"[""AT{'substrate': 'hmal'}"", ""KR{'type': 'C2'}"", 'loading: False']",TE(linear),202.21,False,
CCC(C)C=C(O)C(=O)[C@@H](O)C(=O)O,"[""AT{'substrate': '2metbut'}"", 'loading: True']",AT(hmal) + KR(B1) + DH,"[""AT{'substrate': 'hmal'}"", ""KR{'type': 'C1'}"", 'loading: False']",TE(linear),202.21,False,
CCC(C)C=C(O)C(=O)C(O)C(=O)O,"[""AT{'substrate': '2metbut'}"", 'loading: True']",AT(hmal) + KR(B1) + DH,"[""AT{'substrate': 'hmal'}"", 'loading: False']",TE(linear),202.21,False,
CCCC[C@@H](CC(O)=CC(C)CC)C(=O)O,"[""AT{'substrate': '2metbut'}"", 'loading: True']",AT(hmal) + KR(B1) + DH,"[""AT{'substrate': 'butmal'}"", ""KR{'type': 'B1'}"", 'DH{}', 'ER{}', 'loading: False']",TE(linear),228.33,False,
CCC(C)C=C(O)C(=O)[C@@H](CC)C(=O)O,"[""AT{'substrate': '2metbut'}"", 'loading: True']",AT(hmal) + KR(B1) + DH,"[""AT{'substrate': 'emal'}"", ""KR{'type': 'C1'}"", 'loading: False']",TE(linear),214.26,False,
CCC(C)C=C(O)[C@@H](O)CC(=O)O,"[""AT{'substrate': '2metbut'}"", 'loading: True']",AT(hmal) + KR(B1) + DH,"[""AT{'substrate': 'Malonyl-CoA'}"", ""KR{'type': 'B'}"", 'loading: False']",TE(linear),188.22,False,
CCC(C)C=C(O)C[C@H](CC)C(=O)O,"[""AT{'substrate': '2metbut'}"", 'loading: True']",AT(hmal) + KR(B1) + DH,"[""AT{'substrate': 'emal'}"", ""KR{'type': 'B1'}"", 'DH{}', 'ER{}', 'loading: False']",TE(linear),200.28,False,
CCCCCC[C@@H](C(=O)O)C(=O)C(O)=CC(C)CC,"[""AT{'substrate': '2metbut'}"", 'loading: True']",AT(hmal) + KR(B1) + DH,"[""AT{'substrate': 'hexmal'}"", ""KR{'type': 'C1'}"", 'loading: False']",TE(linear),270.37,False,
CCC(C)C=C(O)C[C@H](C)C(=O)O,"[""AT{'substrate': '2metbut'}"", 'loading: True']",AT(hmal) + KR(B1) + DH,"[""AT{'substrate': 'Methylmalonyl-CoA'}"", ""KR{'type': 'B1'}"", 'DH{}', 'ER{}', 'loading: False']",TE(linear),186.25,False,
CCC(C)C=C(O)[C@@H](O)[C@H](CCCCc1c[nH]c(Cl)c1Cl)C(=O)O,"[""AT{'substrate': '2metbut'}"", 'loading: True']",AT(hmal) + KR(B1) + DH,"[""AT{'substrate': 'DCP'}"", ""KR{'type': 'B2'}"", 'loading: False']",TE(linear),378.3,False,
CCC(C)C=C(O)[C@H](O)[C@H](CCCCc1c[nH]c(Cl)c1Cl)C(=O)O,"[""AT{'substrate': '2metbut'}"", 'loading: True']",AT(hmal) + KR(B1) + DH,"[""AT{'substrate': 'DCP'}"", ""KR{'type': 'A2'}"", 'loading: False']",TE(linear),378.3,False,
CCC(C)C=C(O)CCC(=O)O,"[""AT{'substrate': '2metbut'}"", 'loading: True']",AT(hmal) + KR(B1) + DH,"[""AT{'substrate': 'Malonyl-CoA'}"", ""KR{'type': 'B'}"", 'DH{}', 'ER{}', 'loading: False']",TE(linear),172.22,False,
CCC(C)C=C1C=C(O)C(=O)O1,"[""AT{'substrate': '2metbut'}"", 'loading: True']",AT(hmal) + KR(B1) + DH,"[""AT{'substrate': 'hmal'}"", ""KR{'type': 'B1'}"", 'DH{}', 'loading: False']","TE(cyclic, ring=0)",168.19,True,['pattern_2: CCC=C1C=CC(=O)O1']
CCC(C)C=C1OC(=O)[C@H](OC)[C@@H]1O,"[""AT{'substrate': '2metbut'}"", 'loading: True']",AT(hmal) + KR(B1) + DH,"[""AT{'substrate': 'mxmal'}"", ""KR{'type': 'B1'}"", 'loading: False']","TE(cyclic, ring=3)",200.23,True,['pattern_1: CCC=C1C[C@H](OC)C(=O)O1']
CCC(C)C=C(O)C(=O)CC(=O)O,"[""AT{'substrate': '2metbut'}"", 'loading: True']",AT(hmal) + KR(B1) + DH,"[""AT{'substrate': 'Malonyl-CoA'}"", 'loading: False']",TE(linear),186.21,False,
CCC(C)C=C(O)C(=O)C(CCCCc1c[nH]c(Cl)c1Cl)C(=O)O,"[""AT{'substrate': '2metbut'}"", 'loading: True']",AT(hmal) + KR(B1) + DH,"[""AT{'substrate': 'DCP'}"", 'loading: False']",TE(linear),376.28,False,
O=C(O)[C@H](CCCCc1c[nH]c(Cl)c1Cl)[C@@H](O)C(O)=CC1CCCCC1,"[""AT{'substrate': 'CHC-CoA'}"", 'loading: True']",AT(hmal) + KR(B1) + DH,"[""AT{'substrate': 'DCP'}"", ""KR{'type': 'A1'}"", 'loading: False']",TE(linear),404.33,False,
CC(C)[C@H](C(=O)O)[C@H](O)C(O)=CC1CCCCC1,"[""AT{'substrate': 'CHC-CoA'}"", 'loading: True']",AT(hmal) + KR(B1) + DH,"[""AT{'substrate': 'D-isobutmal'}"", ""KR{'type': 'B2'}"", 'loading: False']",TE(linear),256.34,False,
CC(C)[C@H](C(=O)O)[C@@H](O)C(O)=CC1CCCCC1,"[""AT{'substrate': 'CHC-CoA'}"", 'loading: True']",AT(hmal) + KR(B1) + DH,"[""AT{'substrate': 'D-isobutmal'}"", ""KR{'type': 'A2'}"", 'loading: False']",TE(linear),256.34,False,
CO[C@H]1CC(=CC2CCCCC2)OC1=O,"[""AT{'substrate': 'CHC-CoA'}"", 'loading: True']",AT(hmal) + KR(B1) + DH,"[""AT{'substrate': 'mxmal'}"", ""KR{'type': 'B1'}"", 'DH{}', 'ER{}', 'loading: False']","TE(cyclic, ring=1)",210.27,True,['pattern_1: CCC=C1C[C@H](OC)C(=O)O1']
C[C@@H](C(=O)O)[C@H](O)C(O)=CC1CCCCC1,"[""AT{'substrate': 'CHC-CoA'}"", 'loading: True']",AT(hmal) + KR(B1) + DH,"[""AT{'substrate': 'Methylmalonyl-CoA'}"", ""KR{'type': 'B1'}"", 'loading: False']",TE(linear),228.29,False,
O=C1C=CC(=CC2CCCCC2)O1,"[""AT{'substrate': 'CHC-CoA'}"", 'loading: True']",AT(hmal) + KR(B1) + DH,"[""AT{'substrate': 'Malonyl-CoA'}"", ""KR{'type': 'B'}"", 'DH{}', 'loading: False']","TE(cyclic, ring=0)",178.23,True,['pattern_2: CCC=C1C=CC(=O)O1']
O=C(O)[C@@H](O)[C@@H](O)C(O)=CC1CCCCC1,"[""AT{'substrate': 'CHC-CoA'}"", 'loading: True']",AT(hmal) + KR(B1) + DH,"[""AT{'substrate': 'hmal'}"", ""KR{'type': 'A2'}"", 'loading: False']",TE(linear),230.26,False,
C=CC[C@H](C(=O)O)[C@H](O)C(O)=CC1CCCCC1,"[""AT{'substrate': 'CHC-CoA'}"", 'loading: True']",AT(hmal) + KR(B1) + DH,"[""AT{'substrate': 'allylmal'}"", ""KR{'type': 'B2'}"", 'loading: False']",TE(linear),254.33,False,
CC[C@H](C(=O)O)[C@H](O)C(O)=CC1CCCCC1,"[""AT{'substrate': 'CHC-CoA'}"", 'loading: True']",AT(hmal) + KR(B1) + DH,"[""AT{'substrate': 'emal'}"", ""KR{'type': 'B2'}"", 'loading: False']",TE(linear),242.31,False,
CC[C@H](C(=O)O)[C@@H](O)C(O)=CC1CCCCC1,"[""AT{'substrate': 'CHC-CoA'}"", 'loading: True']",AT(hmal) + KR(B1) + DH,"[""AT{'substrate': 'emal'}"", ""KR{'type': 'A2'}"", 'loading: False']",TE(linear),242.31,False,
CC(C)[C@@H](CC(O)=CC1CCCCC1)C(=O)O,"[""AT{'substrate': 'CHC-CoA'}"", 'loading: True']",AT(hmal) + KR(B1) + DH,"[""AT{'substrate': 'isobutmal'}"", ""KR{'type': 'B1'}"", 'DH{}', 'ER{}', 'loading: False']",TE(linear),240.34,False,
O=C(O)[C@@H](CCCCc1c[nH]c(Cl)c1Cl)CC(O)=CC1CCCCC1,"[""AT{'substrate': 'CHC-CoA'}"", 'loading: True']",AT(hmal) + KR(B1) + DH,"[""AT{'substrate': 'DCP'}"", ""KR{'type': 'B1'}"", 'DH{}', 'ER{}', 'loading: False']",TE(linear),388.34,False,
C=CCC1=CC(=CC2CCCCC2)OC1=O,"[""AT{'substrate': 'CHC-CoA'}"", 'loading: True']",AT(hmal) + KR(B1) + DH,"[""AT{'substrate': 'allylmal'}"", ""KR{'type': 'B1'}"", 'DH{}', 'loading: False']","TE(cyclic, ring=0)",218.3,True,['pattern_2: CCC=C1C=CC(=O)O1']
CC1=CC(=CC2CCCCC2)OC1=O,"[""AT{'substrate': 'CHC-CoA'}"", 'loading: True']",AT(hmal) + KR(B1) + DH,"[""AT{'substrate': 'Methylmalonyl-CoA'}"", ""KR{'type': 'B1'}"", 'DH{}', 'loading: False']","TE(cyclic, ring=0)",192.26,True,['pattern_2: CCC=C1C=CC(=O)O1']
CO[C@@H]1C(=O)OC(=CC2CCCCC2)C1=O,"[""AT{'substrate': 'CHC-CoA'}"", 'loading: True']",AT(hmal) + KR(B1) + DH,"[""AT{'substrate': 'mxmal'}"", ""KR{'type': 'C2'}"", 'loading: False']","TE(cyclic, ring=1)",224.26,True,['pattern_1: CCC=C1C[C@H](OC)C(=O)O1']
CO[C@H]1C(=O)OC(=CC2CCCCC2)C1=O,"[""AT{'substrate': 'CHC-CoA'}"", 'loading: True']",AT(hmal) + KR(B1) + DH,"[""AT{'substrate': 'mxmal'}"", ""KR{'type': 'C1'}"", 'loading: False']","TE(cyclic, ring=1)",224.26,True,['pattern_1: CCC=C1C[C@H](OC)C(=O)O1']
O=C(O)[C@@H](O)[C@H](O)C(O)=CC1CCCCC1,"[""AT{'substrate': 'CHC-CoA'}"", 'loading: True']",AT(hmal) + KR(B1) + DH,"[""AT{'substrate': 'hmal'}"", ""KR{'type': 'B2'}"", 'loading: False']",TE(linear),230.26,False,
C=CC[C@@H](C(=O)O)[C@@H](O)C(O)=CC1CCCCC1,"[""AT{'substrate': 'CHC-CoA'}"", 'loading: True']",AT(hmal) + KR(B1) + DH,"[""AT{'substrate': 'allylmal'}"", ""KR{'type': 'A1'}"", 'loading: False']",TE(linear),254.33,False,
C[C@H](C(=O)O)C(=O)C(O)=CC1CCCCC1,"[""AT{'substrate': 'CHC-CoA'}"", 'loading: True']",AT(hmal) + KR(B1) + DH,"[""AT{'substrate': 'Methylmalonyl-CoA'}"", ""KR{'type': 'C2'}"", 'loading: False']",TE(linear),226.27,False,
C[C@@H](C(=O)O)C(=O)C(O)=CC1CCCCC1,"[""AT{'substrate': 'CHC-CoA'}"", 'loading: True']",AT(hmal) + KR(B1) + DH,"[""AT{'substrate': 'Methylmalonyl-CoA'}"", ""KR{'type': 'C1'}"", 'loading: False']",TE(linear),226.27,False,
CC[C@H](C(=O)O)C(=O)C(O)=CC1CCCCC1,"[""AT{'substrate': 'CHC-CoA'}"", 'loading: True']",AT(hmal) + KR(B1) + DH,"[""AT{'substrate': 'emal'}"", ""KR{'type': 'C2'}"", 'loading: False']",TE(linear),240.3,False,
CC[C@@H](C(=O)O)[C@@H](O)C(O)=CC1CCCCC1,"[""AT{'substrate': 'CHC-CoA'}"", 'loading: True']",AT(hmal) + KR(B1) + DH,"[""AT{'substrate': 'emal'}"", ""KR{'type': 'A1'}"", 'loading: False']",TE(linear),242.31,False,
O=C(O)C[C@@H](O)C(O)=CC1CCCCC1,"[""AT{'substrate': 'CHC-CoA'}"", 'loading: True']",AT(hmal) + KR(B1) + DH,"[""AT{'substrate': 'Malonyl-CoA'}"", ""KR{'type': 'A'}"", 'loading: False']",TE(linear),214.26,False,
CO[C@@H]1C(=O)OC(=CC2CCCCC2)[C@H]1O,"[""AT{'substrate': 'CHC-CoA'}"", 'loading: True']",AT(hmal) + KR(B1) + DH,"[""AT{'substrate': 'mxmal'}"", ""KR{'type': 'B2'}"", 'loading: False']","TE(cyclic, ring=3)",226.27,True,['pattern_1: CCC=C1C[C@H](OC)C(=O)O1']
O=C(O)[C@H](O)[C@@H](O)C(O)=CC1CCCCC1,"[""AT{'substrate': 'CHC-CoA'}"", 'loading: True']",AT(hmal) + KR(B1) + DH,"[""AT{'substrate': 'hmal'}"", ""KR{'type': 'A1'}"", 'loading: False']",TE(linear),230.26,False,
CCCCCCC1=CC(=CC2CCCCC2)OC1=O,"[""AT{'substrate': 'CHC-CoA'}"", 'loading: True']",AT(hmal) + KR(B1) + DH,"[""AT{'substrate': 'hexmal'}"", ""KR{'type': 'B1'}"", 'DH{}', 'loading: False']","TE(cyclic, ring=0)",262.39,True,['pattern_2: CCC=C1C=CC(=O)O1']
CC(C)[C@@H](C(=O)O)C(=O)C(O)=CC1CCCCC1,"[""AT{'substrate': 'CHC-CoA'}"", 'loading: True']",AT(hmal) + KR(B1) + DH,"[""AT{'substrate': 'isobutmal'}"", 'loading: False']",TE(linear),254.33,False,
CCCCCC[C@@H](CC(O)=CC1CCCCC1)C(=O)O,"[""AT{'substrate': 'CHC-CoA'}"", 'loading: True']",AT(hmal) + KR(B1) + DH,"[""AT{'substrate': 'hexmal'}"", ""KR{'type': 'B1'}"", 'DH{}', 'ER{}', 'loading: False']",TE(linear),282.42,False,
C=CC[C@@H](C(=O)O)[C@H](O)C(O)=CC1CCCCC1,"[""AT{'substrate': 'CHC-CoA'}"", 'loading: True']",AT(hmal) + KR(B1) + DH,"[""AT{'substrate': 'allylmal'}"", ""KR{'type': 'B1'}"", 'loading: False']",TE(linear),254.33,False,
C=CC[C@H](C(=O)O)[C@@H](O)C(O)=CC1CCCCC1,"[""AT{'substrate': 'CHC-CoA'}"", 'loading: True']",AT(hmal) + KR(B1) + DH,"[""AT{'substrate': 'allylmal'}"", ""KR{'type': 'A2'}"", 'loading: False']",TE(linear),254.33,False,
CCCC[C@H](C(=O)O)[C@H](O)C(O)=CC1CCCCC1,"[""AT{'substrate': 'CHC-CoA'}"", 'loading: True']",AT(hmal) + KR(B1) + DH,"[""AT{'substrate': 'butmal'}"", ""KR{'type': 'B2'}"", 'loading: False']",TE(linear),270.37,False,
CCCC[C@H](C(=O)O)[C@@H](O)C(O)=CC1CCCCC1,"[""AT{'substrate': 'CHC-CoA'}"", 'loading: True']",AT(hmal) + KR(B1) + DH,"[""AT{'substrate': 'butmal'}"", ""KR{'type': 'A2'}"", 'loading: False']",TE(linear),270.37,False,
CC(C)[C@H](C(=O)O)C(=O)C(O)=CC1CCCCC1,"[""AT{'substrate': 'CHC-CoA'}"", 'loading: True']",AT(hmal) + KR(B1) + DH,"[""AT{'substrate': 'D-isobutmal'}"", 'loading: False']",TE(linear),254.33,False,
O=C1OC(=CC2CCCCC2)C=C1CCCCc1c[nH]c(Cl)c1Cl,"[""AT{'substrate': 'CHC-CoA'}"", 'loading: True']",AT(hmal) + KR(B1) + DH,"[""AT{'substrate': 'DCP'}"", ""KR{'type': 'B1'}"", 'DH{}', 'loading: False']","TE(cyclic, ring=0)",368.3,True,['pattern_2: CCC=C1C=CC(=O)O1']
C=CC[C@@H](CC(O)=CC1CCCCC1)C(=O)O,"[""AT{'substrate': 'CHC-CoA'}"", 'loading: True']",AT(hmal) + KR(B1) + DH,"[""AT{'substrate': 'allylmal'}"", ""KR{'type': 'B1'}"", 'DH{}', 'ER{}', 'loading: False']",TE(linear),238.33,False,
CO[C@H]1C(=O)OC(=CC2CCCCC2)[C@@H]1O,"[""AT{'substrate': 'CHC-CoA'}"", 'loading: True']",AT(hmal) + KR(B1) + DH,"[""AT{'substrate': 'mxmal'}"", ""KR{'type': 'A1'}"", 'loading: False']","TE(cyclic, ring=3)",226.27,True,['pattern_1: CCC=C1C[C@H](OC)C(=O)O1']
C=CC[C@H](C(=O)O)C(=O)C(O)=CC1CCCCC1,"[""AT{'substrate': 'CHC-CoA'}"", 'loading: True']",AT(hmal) + KR(B1) + DH,"[""AT{'substrate': 'allylmal'}"", ""KR{'type': 'C2'}"", 'loading: False']",TE(linear),252.31,False,
C=CC[C@@H](C(=O)O)C(=O)C(O)=CC1CCCCC1,"[""AT{'substrate': 'CHC-CoA'}"", 'loading: True']",AT(hmal) + KR(B1) + DH,"[""AT{'substrate': 'allylmal'}"", ""KR{'type': 'C1'}"", 'loading: False']",TE(linear),252.31,False,
O=C(O)[C@H](CCCCc1c[nH]c(Cl)c1Cl)[C@H](O)C(O)=CC1CCCCC1,"[""AT{'substrate': 'CHC-CoA'}"", 'loading: True']",AT(hmal) + KR(B1) + DH,"[""AT{'substrate': 'DCP'}"", ""KR{'type': 'B1'}"", 'loading: False']",TE(linear),404.33,False,
CC(C)[C@@H](C(=O)O)[C@@H](O)C(O)=CC1CCCCC1,"[""AT{'substrate': 'CHC-CoA'}"", 'loading: True']",AT(hmal) + KR(B1) + DH,"[""AT{'substrate': 'isobutmal'}"", ""KR{'type': 'A1'}"", 'loading: False']",TE(linear),256.34,False,
CCCCCC[C@H](C(=O)O)C(=O)C(O)=CC1CCCCC1,"[""AT{'substrate': 'CHC-CoA'}"", 'loading: True']",AT(hmal) + KR(B1) + DH,"[""AT{'substrate': 'hexmal'}"", 'loading: False']",TE(linear),296.41,False,
CCC1=CC(=CC2CCCCC2)OC1=O,"[""AT{'substrate': 'CHC-CoA'}"", 'loading: True']",AT(hmal) + KR(B1) + DH,"[""AT{'substrate': 'emal'}"", ""KR{'type': 'B1'}"", 'DH{}', 'loading: False']","TE(cyclic, ring=0)",206.28,True,['pattern_2: CCC=C1C=CC(=O)O1']
CCCC[C@@H](C(=O)O)[C@@H](O)C(O)=CC1CCCCC1,"[""AT{'substrate': 'CHC-CoA'}"", 'loading: True']",AT(hmal) + KR(B1) + DH,"[""AT{'substrate': 'butmal'}"", ""KR{'type': 'A1'}"", 'loading: False']",TE(linear),270.37,False,
CCCCCC[C@H](C(=O)O)[C@H](O)C(O)=CC1CCCCC1,"[""AT{'substrate': 'CHC-CoA'}"", 'loading: True']",AT(hmal) + KR(B1) + DH,"[""AT{'substrate': 'hexmal'}"", ""KR{'type': 'B2'}"", 'loading: False']",TE(linear),298.42,False,
CCCCCC[C@H](C(=O)O)[C@@H](O)C(O)=CC1CCCCC1,"[""AT{'substrate': 'CHC-CoA'}"", 'loading: True']",AT(hmal) + KR(B1) + DH,"[""AT{'substrate': 'hexmal'}"", ""KR{'type': 'A2'}"", 'loading: False']",TE(linear),298.42,False,
CO[C@@H]1C(=O)OC(=CC2CCCCC2)[C@@H]1O,"[""AT{'substrate': 'CHC-CoA'}"", 'loading: True']",AT(hmal) + KR(B1) + DH,"[""AT{'substrate': 'mxmal'}"", ""KR{'type': 'A2'}"", 'loading: False']","TE(cyclic, ring=3)",226.27,True,['pattern_1: CCC=C1C[C@H](OC)C(=O)O1']
CC(C)[C@@H](C(=O)O)[C@H](O)C(O)=CC1CCCCC1,"[""AT{'substrate': 'CHC-CoA'}"", 'loading: True']",AT(hmal) + KR(B1) + DH,"[""AT{'substrate': 'isobutmal'}"", ""KR{'type': 'B1'}"", 'loading: False']",TE(linear),256.34,False,
CCCC[C@@H](C(=O)O)[C@H](O)C(O)=CC1CCCCC1,"[""AT{'substrate': 'CHC-CoA'}"", 'loading: True']",AT(hmal) + KR(B1) + DH,"[""AT{'substrate': 'butmal'}"", ""KR{'type': 'B1'}"", 'loading: False']",TE(linear),270.37,False,
O=C(O)[C@@H](CCCCc1c[nH]c(Cl)c1Cl)C(=O)C(O)=CC1CCCCC1,"[""AT{'substrate': 'CHC-CoA'}"", 'loading: True']",AT(hmal) + KR(B1) + DH,"[""AT{'substrate': 'DCP'}"", ""KR{'type': 'C2'}"", 'loading: False']",TE(linear),402.32,False,
O=C(O)[C@H](CCCCc1c[nH]c(Cl)c1Cl)C(=O)C(O)=CC1CCCCC1,"[""AT{'substrate': 'CHC-CoA'}"", 'loading: True']",AT(hmal) + KR(B1) + DH,"[""AT{'substrate': 'DCP'}"", ""KR{'type': 'C1'}"", 'loading: False']",TE(linear),402.32,False,
C[C@H](C(=O)O)[C@H](O)C(O)=CC1CCCCC1,"[""AT{'substrate': 'CHC-CoA'}"", 'loading: True']",AT(hmal) + KR(B1) + DH,"[""AT{'substrate': 'Methylmalonyl-CoA'}"", ""KR{'type': 'B2'}"", 'loading: False']",TE(linear),228.29,False,
C[C@H](C(=O)O)[C@@H](O)C(O)=CC1CCCCC1,"[""AT{'substrate': 'CHC-CoA'}"", 'loading: True']",AT(hmal) + KR(B1) + DH,"[""AT{'substrate': 'Methylmalonyl-CoA'}"", ""KR{'type': 'A2'}"", 'loading: False']",TE(linear),228.29,False,
CCCCCC[C@@H](C(=O)O)[C@@H](O)C(O)=CC1CCCCC1,"[""AT{'substrate': 'CHC-CoA'}"", 'loading: True']",AT(hmal) + KR(B1) + DH,"[""AT{'substrate': 'hexmal'}"", ""KR{'type': 'A1'}"", 'loading: False']",TE(linear),298.42,False,
O=C(O)[C@@H](O)CC(O)=CC1CCCCC1,"[""AT{'substrate': 'CHC-CoA'}"", 'loading: True']",AT(hmal) + KR(B1) + DH,"[""AT{'substrate': 'hmal'}"", ""KR{'type': 'B1'}"", 'DH{}', 'ER{}', 'loading: False']",TE(linear),214.26,False,
CCCCC1=CC(=CC2CCCCC2)OC1=O,"[""AT{'substrate': 'CHC-CoA'}"", 'loading: True']",AT(hmal) + KR(B1) + DH,"[""AT{'substrate': 'butmal'}"", ""KR{'type': 'B1'}"", 'DH{}', 'loading: False']","TE(cyclic, ring=0)",234.34,True,['pattern_2: CCC=C1C=CC(=O)O1']
O=C(O)[C@H](O)[C@H](O)C(O)=CC1CCCCC1,"[""AT{'substrate': 'CHC-CoA'}"", 'loading: True']",AT(hmal) + KR(B1) + DH,"[""AT{'substrate': 'hmal'}"", ""KR{'type': 'B1'}"", 'loading: False']",TE(linear),230.26,False,
CC[C@@H](C(=O)O)[C@H](O)C(O)=CC1CCCCC1,"[""AT{'substrate': 'CHC-CoA'}"", 'loading: True']",AT(hmal) + KR(B1) + DH,"[""AT{'substrate': 'emal'}"", ""KR{'type': 'B1'}"", 'loading: False']",TE(linear),242.31,False,
CCCC[C@H](C(=O)O)C(=O)C(O)=CC1CCCCC1,"[""AT{'substrate': 'CHC-CoA'}"", 'loading: True']",AT(hmal) + KR(B1) + DH,"[""AT{'substrate': 'butmal'}"", ""KR{'type': 'C2'}"", 'loading: False']",TE(linear),268.35,False,
CCCC[C@@H](C(=O)O)C(=O)C(O)=CC1CCCCC1,"[""AT{'substrate': 'CHC-CoA'}"", 'loading: True']",AT(hmal) + KR(B1) + DH,"[""AT{'substrate': 'butmal'}"", ""KR{'type': 'C1'}"", 'loading: False']",TE(linear),268.35,False,
CC(C)C1=CC(=CC2CCCCC2)OC1=O,"[""AT{'substrate': 'CHC-CoA'}"", 'loading: True']",AT(hmal) + KR(B1) + DH,"[""AT{'substrate': 'isobutmal'}"", ""KR{'type': 'B1'}"", 'DH{}', 'loading: False']","TE(cyclic, ring=0)",220.31,True,['pattern_2: CCC=C1C=CC(=O)O1']
CCCCCC[C@@H](C(=O)O)[C@H](O)C(O)=CC1CCCCC1,"[""AT{'substrate': 'CHC-CoA'}"", 'loading: True']",AT(hmal) + KR(B1) + DH,"[""AT{'substrate': 'hexmal'}"", ""KR{'type': 'B1'}"", 'loading: False']",TE(linear),298.42,False,
COC1=CC(=CC2CCCCC2)OC1=O,"[""AT{'substrate': 'CHC-CoA'}"", 'loading: True']",AT(hmal) + KR(B1) + DH,"[""AT{'substrate': 'mxmal'}"", ""KR{'type': 'B1'}"", 'DH{}', 'loading: False']","TE(cyclic, ring=0)",208.26,True,['pattern_2: CCC=C1C=CC(=O)O1']
C[C@@H](C(=O)O)[C@@H](O)C(O)=CC1CCCCC1,"[""AT{'substrate': 'CHC-CoA'}"", 'loading: True']",AT(hmal) + KR(B1) + DH,"[""AT{'substrate': 'Methylmalonyl-CoA'}"", ""KR{'type': 'A1'}"", 'loading: False']",TE(linear),228.29,False,
O=C(O)[C@@H](O)C(=O)C(O)=CC1CCCCC1,"[""AT{'substrate': 'CHC-CoA'}"", 'loading: True']",AT(hmal) + KR(B1) + DH,"[""AT{'substrate': 'hmal'}"", ""KR{'type': 'C2'}"", 'loading: False']",TE(linear),228.24,False,
O=C(O)[C@H](O)C(=O)C(O)=CC1CCCCC1,"[""AT{'substrate': 'CHC-CoA'}"", 'loading: True']",AT(hmal) + KR(B1) + DH,"[""AT{'substrate': 'hmal'}"", ""KR{'type': 'C1'}"", 'loading: False']",TE(linear),228.24,False,
O=C(O)C(O)C(=O)C(O)=CC1CCCCC1,"[""AT{'substrate': 'CHC-CoA'}"", 'loading: True']",AT(hmal) + KR(B1) + DH,"[""AT{'substrate': 'hmal'}"", 'loading: False']",TE(linear),228.24,False,
CCCC[C@@H](CC(O)=CC1CCCCC1)C(=O)O,"[""AT{'substrate': 'CHC-CoA'}"", 'loading: True']",AT(hmal) + KR(B1) + DH,"[""AT{'substrate': 'butmal'}"", ""KR{'type': 'B1'}"", 'DH{}', 'ER{}', 'loading: False']",TE(linear),254.37,False,
CC[C@@H](C(=O)O)C(=O)C(O)=CC1CCCCC1,"[""AT{'substrate': 'CHC-CoA'}"", 'loading: True']",AT(hmal) + KR(B1) + DH,"[""AT{'substrate': 'emal'}"", ""KR{'type': 'C1'}"", 'loading: False']",TE(linear),240.3,False,
O=C(O)C[C@H](O)C(O)=CC1CCCCC1,"[""AT{'substrate': 'CHC-CoA'}"", 'loading: True']",AT(hmal) + KR(B1) + DH,"[""AT{'substrate': 'Malonyl-CoA'}"", ""KR{'type': 'B'}"", 'loading: False']",TE(linear),214.26,False,
CC[C@@H](CC(O)=CC1CCCCC1)C(=O)O,"[""AT{'substrate': 'CHC-CoA'}"", 'loading: True']",AT(hmal) + KR(B1) + DH,"[""AT{'substrate': 'emal'}"", ""KR{'type': 'B1'}"", 'DH{}', 'ER{}', 'loading: False']",TE(linear),226.32,False,
CCCCCC[C@@H](C(=O)O)C(=O)C(O)=CC1CCCCC1,"[""AT{'substrate': 'CHC-CoA'}"", 'loading: True']",AT(hmal) + KR(B1) + DH,"[""AT{'substrate': 'hexmal'}"", ""KR{'type': 'C1'}"", 'loading: False']",TE(linear),296.41,False,
C[C@@H](CC(O)=CC1CCCCC1)C(=O)O,"[""AT{'substrate': 'CHC-CoA'}"", 'loading: True']",AT(hmal) + KR(B1) + DH,"[""AT{'substrate': 'Methylmalonyl-CoA'}"", ""KR{'type': 'B1'}"", 'DH{}', 'ER{}', 'loading: False']",TE(linear),212.29,False,
O=C(O)[C@@H](CCCCc1c[nH]c(Cl)c1Cl)[C@H](O)C(O)=CC1CCCCC1,"[""AT{'substrate': 'CHC-CoA'}"", 'loading: True']",AT(hmal) + KR(B1) + DH,"[""AT{'substrate': 'DCP'}"", ""KR{'type': 'B2'}"", 'loading: False']",TE(linear),404.33,False,
O=C(O)[C@@H](CCCCc1c[nH]c(Cl)c1Cl)[C@@H](O)C(O)=CC1CCCCC1,"[""AT{'substrate': 'CHC-CoA'}"", 'loading: True']",AT(hmal) + KR(B1) + DH,"[""AT{'substrate': 'DCP'}"", ""KR{'type': 'A2'}"", 'loading: False']",TE(linear),404.33,False,
O=C(O)CCC(O)=CC1CCCCC1,"[""AT{'substrate': 'CHC-CoA'}"", 'loading: True']",AT(hmal) + KR(B1) + DH,"[""AT{'substrate': 'Malonyl-CoA'}"", ""KR{'type': 'B'}"", 'DH{}', 'ER{}', 'loading: False']",TE(linear),198.26,False,
O=C1OC(=CC2CCCCC2)C=C1O,"[""AT{'substrate': 'CHC-CoA'}"", 'loading: True']",AT(hmal) + KR(B1) + DH,"[""AT{'substrate': 'hmal'}"", ""KR{'type': 'B1'}"", 'DH{}', 'loading: False']","TE(cyclic, ring=0)",194.23,True,['pattern_2: CCC=C1C=CC(=O)O1']
CO[C@H]1C(=O)OC(=CC2CCCCC2)[C@H]1O,"[""AT{'substrate': 'CHC-CoA'}"", 'loading: True']",AT(hmal) + KR(B1) + DH,"[""AT{'substrate': 'mxmal'}"", ""KR{'type': 'B1'}"", 'loading: False']","TE(cyclic, ring=3)",226.27,True,['pattern_1: CCC=C1C[C@H](OC)C(=O)O1']
O=C(O)CC(=O)C(O)=CC1CCCCC1,"[""AT{'substrate': 'CHC-CoA'}"", 'loading: True']",AT(hmal) + KR(B1) + DH,"[""AT{'substrate': 'Malonyl-CoA'}"", 'loading: False']",TE(linear),212.24,False,
O=C(O)C(CCCCc1c[nH]c(Cl)c1Cl)C(=O)C(O)=CC1CCCCC1,"[""AT{'substrate': 'CHC-CoA'}"", 'loading: True']",AT(hmal) + KR(B1) + DH,"[""AT{'substrate': 'DCP'}"", 'loading: False']",TE(linear),402.32,False,
O=C(O)[C@@H]1CCC[C@H]1C=C(O)[C@H](O)[C@@H](CCCCc1c[nH]c(Cl)c1Cl)C(=O)O,"[""AT{'substrate': 'trans-1,2-CPDA'}"", 'loading: True']",AT(hmal) + KR(B1) + DH,"[""AT{'substrate': 'DCP'}"", ""KR{'type': 'A1'}"", 'loading: False']",TE(linear),434.32,False,
CC(C)[C@H](C(=O)O)[C@H](O)C(O)=C[C@@H]1CCC[C@H]1C(=O)O,"[""AT{'substrate': 'trans-1,2-CPDA'}"", 'loading: True']",AT(hmal) + KR(B1) + DH,"[""AT{'substrate': 'D-isobutmal'}"", ""KR{'type': 'B2'}"", 'loading: False']",TE(linear),286.32,False,
CC(C)[C@H](C(=O)O)[C@@H](O)C(O)=C[C@@H]1CCC[C@H]1C(=O)O,"[""AT{'substrate': 'trans-1,2-CPDA'}"", 'loading: True']",AT(hmal) + KR(B1) + DH,"[""AT{'substrate': 'D-isobutmal'}"", ""KR{'type': 'A2'}"", 'loading: False']",TE(linear),286.32,False,
CO[C@H]1CC(=C[C@@H]2CCC[C@H]2C(=O)O)OC1=O,"[""AT{'substrate': 'trans-1,2-CPDA'}"", 'loading: True']",AT(hmal) + KR(B1) + DH,"[""AT{'substrate': 'mxmal'}"", ""KR{'type': 'B1'}"", 'DH{}', 'ER{}', 'loading: False']","TE(cyclic, ring=2)",240.25,True,['pattern_1: CCC=C1C[C@H](OC)C(=O)O1']
C[C@@H](C(=O)O)[C@H](O)C(O)=C[C@@H]1CCC[C@H]1C(=O)O,"[""AT{'substrate': 'trans-1,2-CPDA'}"", 'loading: True']",AT(hmal) + KR(B1) + DH,"[""AT{'substrate': 'Methylmalonyl-CoA'}"", ""KR{'type': 'B1'}"", 'loading: False']",TE(linear),258.27,False,
O=C1C=CC(=C[C@@H]2CCC[C@H]2C(=O)O)O1,"[""AT{'substrate': 'trans-1,2-CPDA'}"", 'loading: True']",AT(hmal) + KR(B1) + DH,"[""AT{'substrate': 'Malonyl-CoA'}"", ""KR{'type': 'B'}"", 'DH{}', 'loading: False']","TE(cyclic, ring=1)",208.21,True,['pattern_2: CCC=C1C=CC(=O)O1']
O=C(O)[C@@H](O)[C@@H](O)C(O)=C[C@@H]1CCC[C@H]1C(=O)O,"[""AT{'substrate': 'trans-1,2-CPDA'}"", 'loading: True']",AT(hmal) + KR(B1) + DH,"[""AT{'substrate': 'hmal'}"", ""KR{'type': 'A2'}"", 'loading: False']",TE(linear),260.24,False,
C=CC[C@H](C(=O)O)[C@H](O)C(O)=C[C@@H]1CCC[C@H]1C(=O)O,"[""AT{'substrate': 'trans-1,2-CPDA'}"", 'loading: True']",AT(hmal) + KR(B1) + DH,"[""AT{'substrate': 'allylmal'}"", ""KR{'type': 'B2'}"", 'loading: False']",TE(linear),284.31,False,
CC[C@H](C(=O)O)[C@H](O)C(O)=C[C@@H]1CCC[C@H]1C(=O)O,"[""AT{'substrate': 'trans-1,2-CPDA'}"", 'loading: True']",AT(hmal) + KR(B1) + DH,"[""AT{'substrate': 'emal'}"", ""KR{'type': 'B2'}"", 'loading: False']",TE(linear),272.3,False,
CC[C@H](C(=O)O)[C@@H](O)C(O)=C[C@@H]1CCC[C@H]1C(=O)O,"[""AT{'substrate': 'trans-1,2-CPDA'}"", 'loading: True']",AT(hmal) + KR(B1) + DH,"[""AT{'substrate': 'emal'}"", ""KR{'type': 'A2'}"", 'loading: False']",TE(linear),272.3,False,
CC(C)[C@@H](CC(O)=C[C@@H]1CCC[C@H]1C(=O)O)C(=O)O,"[""AT{'substrate': 'trans-1,2-CPDA'}"", 'loading: True']",AT(hmal) + KR(B1) + DH,"[""AT{'substrate': 'isobutmal'}"", ""KR{'type': 'B1'}"", 'DH{}', 'ER{}', 'loading: False']",TE(linear),270.32,False,
O=C(O)[C@@H](CCCCc1c[nH]c(Cl)c1Cl)CC(O)=C[C@@H]1CCC[C@H]1C(=O)O,"[""AT{'substrate': 'trans-1,2-CPDA'}"", 'loading: True']",AT(hmal) + KR(B1) + DH,"[""AT{'substrate': 'DCP'}"", ""KR{'type': 'B1'}"", 'DH{}', 'ER{}', 'loading: False']",TE(linear),418.32,False,
C=CCC1=CC(=C[C@@H]2CCC[C@H]2C(=O)O)OC1=O,"[""AT{'substrate': 'trans-1,2-CPDA'}"", 'loading: True']",AT(hmal) + KR(B1) + DH,"[""AT{'substrate': 'allylmal'}"", ""KR{'type': 'B1'}"", 'DH{}', 'loading: False']","TE(cyclic, ring=1)",248.28,True,['pattern_2: CCC=C1C=CC(=O)O1']
CC1=CC(=C[C@@H]2CCC[C@H]2C(=O)O)OC1=O,"[""AT{'substrate': 'trans-1,2-CPDA'}"", 'loading: True']",AT(hmal) + KR(B1) + DH,"[""AT{'substrate': 'Methylmalonyl-CoA'}"", ""KR{'type': 'B1'}"", 'DH{}', 'loading: False']","TE(cyclic, ring=1)",222.24,True,['pattern_2: CCC=C1C=CC(=O)O1']
CO[C@@H]1C(=O)OC(=C[C@@H]2CCC[C@H]2C(=O)O)C1=O,"[""AT{'substrate': 'trans-1,2-CPDA'}"", 'loading: True']",AT(hmal) + KR(B1) + DH,"[""AT{'substrate': 'mxmal'}"", ""KR{'type': 'C2'}"", 'loading: False']","TE(cyclic, ring=2)",254.24,True,['pattern_1: CCC=C1C[C@H](OC)C(=O)O1']
CO[C@H]1C(=O)OC(=C[C@@H]2CCC[C@H]2C(=O)O)C1=O,"[""AT{'substrate': 'trans-1,2-CPDA'}"", 'loading: True']",AT(hmal) + KR(B1) + DH,"[""AT{'substrate': 'mxmal'}"", ""KR{'type': 'C1'}"", 'loading: False']","TE(cyclic, ring=2)",254.24,True,['pattern_1: CCC=C1C[C@H](OC)C(=O)O1']
O=C(O)[C@@H](O)[C@H](O)C(O)=C[C@@H]1CCC[C@H]1C(=O)O,"[""AT{'substrate': 'trans-1,2-CPDA'}"", 'loading: True']",AT(hmal) + KR(B1) + DH,"[""AT{'substrate': 'hmal'}"", ""KR{'type': 'B2'}"", 'loading: False']",TE(linear),260.24,False,
C=CC[C@@H](C(=O)O)[C@@H](O)C(O)=C[C@@H]1CCC[C@H]1C(=O)O,"[""AT{'substrate': 'trans-1,2-CPDA'}"", 'loading: True']",AT(hmal) + KR(B1) + DH,"[""AT{'substrate': 'allylmal'}"", ""KR{'type': 'A1'}"", 'loading: False']",TE(linear),284.31,False,
C[C@H](C(=O)O)C(=O)C(O)=C[C@@H]1CCC[C@H]1C(=O)O,"[""AT{'substrate': 'trans-1,2-CPDA'}"", 'loading: True']",AT(hmal) + KR(B1) + DH,"[""AT{'substrate': 'Methylmalonyl-CoA'}"", ""KR{'type': 'C2'}"", 'loading: False']",TE(linear),256.25,False,
C[C@@H](C(=O)O)C(=O)C(O)=C[C@@H]1CCC[C@H]1C(=O)O,"[""AT{'substrate': 'trans-1,2-CPDA'}"", 'loading: True']",AT(hmal) + KR(B1) + DH,"[""AT{'substrate': 'Methylmalonyl-CoA'}"", ""KR{'type': 'C1'}"", 'loading: False']",TE(linear),256.25,False,
CC[C@H](C(=O)O)C(=O)C(O)=C[C@@H]1CCC[C@H]1C(=O)O,"[""AT{'substrate': 'trans-1,2-CPDA'}"", 'loading: True']",AT(hmal) + KR(B1) + DH,"[""AT{'substrate': 'emal'}"", ""KR{'type': 'C2'}"", 'loading: False']",TE(linear),270.28,False,
CC[C@@H](C(=O)O)[C@@H](O)C(O)=C[C@@H]1CCC[C@H]1C(=O)O,"[""AT{'substrate': 'trans-1,2-CPDA'}"", 'loading: True']",AT(hmal) + KR(B1) + DH,"[""AT{'substrate': 'emal'}"", ""KR{'type': 'A1'}"", 'loading: False']",TE(linear),272.3,False,
O=C(O)C[C@@H](O)C(O)=C[C@@H]1CCC[C@H]1C(=O)O,"[""AT{'substrate': 'trans-1,2-CPDA'}"", 'loading: True']",AT(hmal) + KR(B1) + DH,"[""AT{'substrate': 'Malonyl-CoA'}"", ""KR{'type': 'A'}"", 'loading: False']",TE(linear),244.24,False,
CO[C@@H]1C(=O)OC(=C[C@@H]2CCC[C@H]2C(=O)O)[C@H]1O,"[""AT{'substrate': 'trans-1,2-CPDA'}"", 'loading: True']",AT(hmal) + KR(B1) + DH,"[""AT{'substrate': 'mxmal'}"", ""KR{'type': 'B2'}"", 'loading: False']","TE(cyclic, ring=4)",256.25,True,['pattern_1: CCC=C1C[C@H](OC)C(=O)O1']
O=C(O)[C@H](O)[C@@H](O)C(O)=C[C@@H]1CCC[C@H]1C(=O)O,"[""AT{'substrate': 'trans-1,2-CPDA'}"", 'loading: True']",AT(hmal) + KR(B1) + DH,"[""AT{'substrate': 'hmal'}"", ""KR{'type': 'A1'}"", 'loading: False']",TE(linear),260.24,False,
CCCCCCC1=CC(=C[C@@H]2CCC[C@H]2C(=O)O)OC1=O,"[""AT{'substrate': 'trans-1,2-CPDA'}"", 'loading: True']",AT(hmal) + KR(B1) + DH,"[""AT{'substrate': 'hexmal'}"", ""KR{'type': 'B1'}"", 'DH{}', 'loading: False']","TE(cyclic, ring=1)",292.38,True,['pattern_2: CCC=C1C=CC(=O)O1']
CC(C)[C@@H](C(=O)O)C(=O)C(O)=C[C@@H]1CCC[C@H]1C(=O)O,"[""AT{'substrate': 'trans-1,2-CPDA'}"", 'loading: True']",AT(hmal) + KR(B1) + DH,"[""AT{'substrate': 'isobutmal'}"", 'loading: False']",TE(linear),284.31,False,
CCCCCC[C@@H](CC(O)=C[C@@H]1CCC[C@H]1C(=O)O)C(=O)O,"[""AT{'substrate': 'trans-1,2-CPDA'}"", 'loading: True']",AT(hmal) + KR(B1) + DH,"[""AT{'substrate': 'hexmal'}"", ""KR{'type': 'B1'}"", 'DH{}', 'ER{}', 'loading: False']",TE(linear),312.41,False,
C=CC[C@@H](C(=O)O)[C@H](O)C(O)=C[C@@H]1CCC[C@H]1C(=O)O,"[""AT{'substrate': 'trans-1,2-CPDA'}"", 'loading: True']",AT(hmal) + KR(B1) + DH,"[""AT{'substrate': 'allylmal'}"", ""KR{'type': 'B1'}"", 'loading: False']",TE(linear),284.31,False,
C=CC[C@H](C(=O)O)[C@@H](O)C(O)=C[C@@H]1CCC[C@H]1C(=O)O,"[""AT{'substrate': 'trans-1,2-CPDA'}"", 'loading: True']",AT(hmal) + KR(B1) + DH,"[""AT{'substrate': 'allylmal'}"", ""KR{'type': 'A2'}"", 'loading: False']",TE(linear),284.31,False,
CCCC[C@H](C(=O)O)[C@H](O)C(O)=C[C@@H]1CCC[C@H]1C(=O)O,"[""AT{'substrate': 'trans-1,2-CPDA'}"", 'loading: True']",AT(hmal) + KR(B1) + DH,"[""AT{'substrate': 'butmal'}"", ""KR{'type': 'B2'}"", 'loading: False']",TE(linear),300.35,False,
CCCC[C@H](C(=O)O)[C@@H](O)C(O)=C[C@@H]1CCC[C@H]1C(=O)O,"[""AT{'substrate': 'trans-1,2-CPDA'}"", 'loading: True']",AT(hmal) + KR(B1) + DH,"[""AT{'substrate': 'butmal'}"", ""KR{'type': 'A2'}"", 'loading: False']",TE(linear),300.35,False,
CC(C)[C@H](C(=O)O)C(=O)C(O)=C[C@@H]1CCC[C@H]1C(=O)O,"[""AT{'substrate': 'trans-1,2-CPDA'}"", 'loading: True']",AT(hmal) + KR(B1) + DH,"[""AT{'substrate': 'D-isobutmal'}"", 'loading: False']",TE(linear),284.31,False,
O=C1OC(=C[C@@H]2CCC[C@H]2C(=O)O)C=C1CCCCc1c[nH]c(Cl)c1Cl,"[""AT{'substrate': 'trans-1,2-CPDA'}"", 'loading: True']",AT(hmal) + KR(B1) + DH,"[""AT{'substrate': 'DCP'}"", ""KR{'type': 'B1'}"", 'DH{}', 'loading: False']","TE(cyclic, ring=1)",398.29,True,['pattern_2: CCC=C1C=CC(=O)O1']
C=CC[C@@H](CC(O)=C[C@@H]1CCC[C@H]1C(=O)O)C(=O)O,"[""AT{'substrate': 'trans-1,2-CPDA'}"", 'loading: True']",AT(hmal) + KR(B1) + DH,"[""AT{'substrate': 'allylmal'}"", ""KR{'type': 'B1'}"", 'DH{}', 'ER{}', 'loading: False']",TE(linear),268.31,False,
CO[C@H]1C(=O)OC(=C[C@@H]2CCC[C@H]2C(=O)O)[C@@H]1O,"[""AT{'substrate': 'trans-1,2-CPDA'}"", 'loading: True']",AT(hmal) + KR(B1) + DH,"[""AT{'substrate': 'mxmal'}"", ""KR{'type': 'A1'}"", 'loading: False']","TE(cyclic, ring=4)",256.25,True,['pattern_1: CCC=C1C[C@H](OC)C(=O)O1']
C=CC[C@H](C(=O)O)C(=O)C(O)=C[C@@H]1CCC[C@H]1C(=O)O,"[""AT{'substrate': 'trans-1,2-CPDA'}"", 'loading: True']",AT(hmal) + KR(B1) + DH,"[""AT{'substrate': 'allylmal'}"", ""KR{'type': 'C2'}"", 'loading: False']",TE(linear),282.29,False,
C=CC[C@@H](C(=O)O)C(=O)C(O)=C[C@@H]1CCC[C@H]1C(=O)O,"[""AT{'substrate': 'trans-1,2-CPDA'}"", 'loading: True']",AT(hmal) + KR(B1) + DH,"[""AT{'substrate': 'allylmal'}"", ""KR{'type': 'C1'}"", 'loading: False']",TE(linear),282.29,False,
O=C(O)[C@@H]1CCC[C@H]1C=C(O)[C@@H](O)[C@@H](CCCCc1c[nH]c(Cl)c1Cl)C(=O)O,"[""AT{'substrate': 'trans-1,2-CPDA'}"", 'loading: True']",AT(hmal) + KR(B1) + DH,"[""AT{'substrate': 'DCP'}"", ""KR{'type': 'B1'}"", 'loading: False']",TE(linear),434.32,False,
CC(C)[C@@H](C(=O)O)[C@@H](O)C(O)=C[C@@H]1CCC[C@H]1C(=O)O,"[""AT{'substrate': 'trans-1,2-CPDA'}"", 'loading: True']",AT(hmal) + KR(B1) + DH,"[""AT{'substrate': 'isobutmal'}"", ""KR{'type': 'A1'}"", 'loading: False']",TE(linear),286.32,False,
CCCCCC[C@H](C(=O)O)C(=O)C(O)=C[C@@H]1CCC[C@H]1C(=O)O,"[""AT{'substrate': 'trans-1,2-CPDA'}"", 'loading: True']",AT(hmal) + KR(B1) + DH,"[""AT{'substrate': 'hexmal'}"", 'loading: False']",TE(linear),326.39,False,
CCC1=CC(=C[C@@H]2CCC[C@H]2C(=O)O)OC1=O,"[""AT{'substrate': 'trans-1,2-CPDA'}"", 'loading: True']",AT(hmal) + KR(B1) + DH,"[""AT{'substrate': 'emal'}"", ""KR{'type': 'B1'}"", 'DH{}', 'loading: False']","TE(cyclic, ring=1)",236.27,True,['pattern_2: CCC=C1C=CC(=O)O1']
CCCC[C@@H](C(=O)O)[C@@H](O)C(O)=C[C@@H]1CCC[C@H]1C(=O)O,"[""AT{'substrate': 'trans-1,2-CPDA'}"", 'loading: True']",AT(hmal) + KR(B1) + DH,"[""AT{'substrate': 'butmal'}"", ""KR{'type': 'A1'}"", 'loading: False']",TE(linear),300.35,False,
CCCCCC[C@H](C(=O)O)[C@H](O)C(O)=C[C@@H]1CCC[C@H]1C(=O)O,"[""AT{'substrate': 'trans-1,2-CPDA'}"", 'loading: True']",AT(hmal) + KR(B1) + DH,"[""AT{'substrate': 'hexmal'}"", ""KR{'type': 'B2'}"", 'loading: False']",TE(linear),328.41,False,
CCCCCC[C@H](C(=O)O)[C@@H](O)C(O)=C[C@@H]1CCC[C@H]1C(=O)O,"[""AT{'substrate': 'trans-1,2-CPDA'}"", 'loading: True']",AT(hmal) + KR(B1) + DH,"[""AT{'substrate': 'hexmal'}"", ""KR{'type': 'A2'}"", 'loading: False']",TE(linear),328.41,False,
CO[C@@H]1C(=O)OC(=C[C@@H]2CCC[C@H]2C(=O)O)[C@@H]1O,"[""AT{'substrate': 'trans-1,2-CPDA'}"", 'loading: True']",AT(hmal) + KR(B1) + DH,"[""AT{'substrate': 'mxmal'}"", ""KR{'type': 'A2'}"", 'loading: False']","TE(cyclic, ring=4)",256.25,True,['pattern_1: CCC=C1C[C@H](OC)C(=O)O1']
CC(C)[C@@H](C(=O)O)[C@H](O)C(O)=C[C@@H]1CCC[C@H]1C(=O)O,"[""AT{'substrate': 'trans-1,2-CPDA'}"", 'loading: True']",AT(hmal) + KR(B1) + DH,"[""AT{'substrate': 'isobutmal'}"", ""KR{'type': 'B1'}"", 'loading: False']",TE(linear),286.32,False,
CCCC[C@@H](C(=O)O)[C@H](O)C(O)=C[C@@H]1CCC[C@H]1C(=O)O,"[""AT{'substrate': 'trans-1,2-CPDA'}"", 'loading: True']",AT(hmal) + KR(B1) + DH,"[""AT{'substrate': 'butmal'}"", ""KR{'type': 'B1'}"", 'loading: False']",TE(linear),300.35,False,
O=C(O)[C@@H](CCCCc1c[nH]c(Cl)c1Cl)C(=O)C(O)=C[C@@H]1CCC[C@H]1C(=O)O,"[""AT{'substrate': 'trans-1,2-CPDA'}"", 'loading: True']",AT(hmal) + KR(B1) + DH,"[""AT{'substrate': 'DCP'}"", ""KR{'type': 'C2'}"", 'loading: False']",TE(linear),432.3,False,
O=C(O)[C@H](CCCCc1c[nH]c(Cl)c1Cl)C(=O)C(O)=C[C@@H]1CCC[C@H]1C(=O)O,"[""AT{'substrate': 'trans-1,2-CPDA'}"", 'loading: True']",AT(hmal) + KR(B1) + DH,"[""AT{'substrate': 'DCP'}"", ""KR{'type': 'C1'}"", 'loading: False']",TE(linear),432.3,False,
C[C@H](C(=O)O)[C@H](O)C(O)=C[C@@H]1CCC[C@H]1C(=O)O,"[""AT{'substrate': 'trans-1,2-CPDA'}"", 'loading: True']",AT(hmal) + KR(B1) + DH,"[""AT{'substrate': 'Methylmalonyl-CoA'}"", ""KR{'type': 'B2'}"", 'loading: False']",TE(linear),258.27,False,
C[C@H](C(=O)O)[C@@H](O)C(O)=C[C@@H]1CCC[C@H]1C(=O)O,"[""AT{'substrate': 'trans-1,2-CPDA'}"", 'loading: True']",AT(hmal) + KR(B1) + DH,"[""AT{'substrate': 'Methylmalonyl-CoA'}"", ""KR{'type': 'A2'}"", 'loading: False']",TE(linear),258.27,False,
CCCCCC[C@@H](C(=O)O)[C@@H](O)C(O)=C[C@@H]1CCC[C@H]1C(=O)O,"[""AT{'substrate': 'trans-1,2-CPDA'}"", 'loading: True']",AT(hmal) + KR(B1) + DH,"[""AT{'substrate': 'hexmal'}"", ""KR{'type': 'A1'}"", 'loading: False']",TE(linear),328.41,False,
O=C(O)[C@@H](O)CC(O)=C[C@@H]1CCC[C@H]1C(=O)O,"[""AT{'substrate': 'trans-1,2-CPDA'}"", 'loading: True']",AT(hmal) + KR(B1) + DH,"[""AT{'substrate': 'hmal'}"", ""KR{'type': 'B1'}"", 'DH{}', 'ER{}', 'loading: False']",TE(linear),244.24,False,
CCCCC1=CC(=C[C@@H]2CCC[C@H]2C(=O)O)OC1=O,"[""AT{'substrate': 'trans-1,2-CPDA'}"", 'loading: True']",AT(hmal) + KR(B1) + DH,"[""AT{'substrate': 'butmal'}"", ""KR{'type': 'B1'}"", 'DH{}', 'loading: False']","TE(cyclic, ring=1)",264.32,True,['pattern_2: CCC=C1C=CC(=O)O1']
O=C(O)[C@H](O)[C@H](O)C(O)=C[C@@H]1CCC[C@H]1C(=O)O,"[""AT{'substrate': 'trans-1,2-CPDA'}"", 'loading: True']",AT(hmal) + KR(B1) + DH,"[""AT{'substrate': 'hmal'}"", ""KR{'type': 'B1'}"", 'loading: False']",TE(linear),260.24,False,
CC[C@@H](C(=O)O)[C@H](O)C(O)=C[C@@H]1CCC[C@H]1C(=O)O,"[""AT{'substrate': 'trans-1,2-CPDA'}"", 'loading: True']",AT(hmal) + KR(B1) + DH,"[""AT{'substrate': 'emal'}"", ""KR{'type': 'B1'}"", 'loading: False']",TE(linear),272.3,False,
CCCC[C@H](C(=O)O)C(=O)C(O)=C[C@@H]1CCC[C@H]1C(=O)O,"[""AT{'substrate': 'trans-1,2-CPDA'}"", 'loading: True']",AT(hmal) + KR(B1) + DH,"[""AT{'substrate': 'butmal'}"", ""KR{'type': 'C2'}"", 'loading: False']",TE(linear),298.33,False,
CCCC[C@@H](C(=O)O)C(=O)C(O)=C[C@@H]1CCC[C@H]1C(=O)O,"[""AT{'substrate': 'trans-1,2-CPDA'}"", 'loading: True']",AT(hmal) + KR(B1) + DH,"[""AT{'substrate': 'butmal'}"", ""KR{'type': 'C1'}"", 'loading: False']",TE(linear),298.33,False,
CC(C)C1=CC(=C[C@@H]2CCC[C@H]2C(=O)O)OC1=O,"[""AT{'substrate': 'trans-1,2-CPDA'}"", 'loading: True']",AT(hmal) + KR(B1) + DH,"[""AT{'substrate': 'isobutmal'}"", ""KR{'type': 'B1'}"", 'DH{}', 'loading: False']","TE(cyclic, ring=1)",250.29,True,['pattern_2: CCC=C1C=CC(=O)O1']
CCCCCC[C@@H](C(=O)O)[C@H](O)C(O)=C[C@@H]1CCC[C@H]1C(=O)O,"[""AT{'substrate': 'trans-1,2-CPDA'}"", 'loading: True']",AT(hmal) + KR(B1) + DH,"[""AT{'substrate': 'hexmal'}"", ""KR{'type': 'B1'}"", 'loading: False']",TE(linear),328.41,False,
COC1=CC(=C[C@@H]2CCC[C@H]2C(=O)O)OC1=O,"[""AT{'substrate': 'trans-1,2-CPDA'}"", 'loading: True']",AT(hmal) + KR(B1) + DH,"[""AT{'substrate': 'mxmal'}"", ""KR{'type': 'B1'}"", 'DH{}', 'loading: False']","TE(cyclic, ring=1)",238.24,True,['pattern_2: CCC=C1C=CC(=O)O1']
C[C@@H](C(=O)O)[C@@H](O)C(O)=C[C@@H]1CCC[C@H]1C(=O)O,"[""AT{'substrate': 'trans-1,2-CPDA'}"", 'loading: True']",AT(hmal) + KR(B1) + DH,"[""AT{'substrate': 'Methylmalonyl-CoA'}"", ""KR{'type': 'A1'}"", 'loading: False']",TE(linear),258.27,False,
O=C(O)[C@@H](O)C(=O)C(O)=C[C@@H]1CCC[C@H]1C(=O)O,"[""AT{'substrate': 'trans-1,2-CPDA'}"", 'loading: True']",AT(hmal) + KR(B1) + DH,"[""AT{'substrate': 'hmal'}"", ""KR{'type': 'C2'}"", 'loading: False']",TE(linear),258.23,False,
O=C(O)[C@H](O)C(=O)C(O)=C[C@@H]1CCC[C@H]1C(=O)O,"[""AT{'substrate': 'trans-1,2-CPDA'}"", 'loading: True']",AT(hmal) + KR(B1) + DH,"[""AT{'substrate': 'hmal'}"", ""KR{'type': 'C1'}"", 'loading: False']",TE(linear),258.23,False,
O=C(O)C(O)C(=O)C(O)=C[C@@H]1CCC[C@H]1C(=O)O,"[""AT{'substrate': 'trans-1,2-CPDA'}"", 'loading: True']",AT(hmal) + KR(B1) + DH,"[""AT{'substrate': 'hmal'}"", 'loading: False']",TE(linear),258.23,False,
CCCC[C@@H](CC(O)=C[C@@H]1CCC[C@H]1C(=O)O)C(=O)O,"[""AT{'substrate': 'trans-1,2-CPDA'}"", 'loading: True']",AT(hmal) + KR(B1) + DH,"[""AT{'substrate': 'butmal'}"", ""KR{'type': 'B1'}"", 'DH{}', 'ER{}', 'loading: False']",TE(linear),284.35,False,
CC[C@@H](C(=O)O)C(=O)C(O)=C[C@@H]1CCC[C@H]1C(=O)O,"[""AT{'substrate': 'trans-1,2-CPDA'}"", 'loading: True']",AT(hmal) + KR(B1) + DH,"[""AT{'substrate': 'emal'}"", ""KR{'type': 'C1'}"", 'loading: False']",TE(linear),270.28,False,
O=C(O)C[C@H](O)C(O)=C[C@@H]1CCC[C@H]1C(=O)O,"[""AT{'substrate': 'trans-1,2-CPDA'}"", 'loading: True']",AT(hmal) + KR(B1) + DH,"[""AT{'substrate': 'Malonyl-CoA'}"", ""KR{'type': 'B'}"", 'loading: False']",TE(linear),244.24,False,
CC[C@@H](CC(O)=C[C@@H]1CCC[C@H]1C(=O)O)C(=O)O,"[""AT{'substrate': 'trans-1,2-CPDA'}"", 'loading: True']",AT(hmal) + KR(B1) + DH,"[""AT{'substrate': 'emal'}"", ""KR{'type': 'B1'}"", 'DH{}', 'ER{}', 'loading: False']",TE(linear),256.3,False,
CCCCCC[C@@H](C(=O)O)C(=O)C(O)=C[C@@H]1CCC[C@H]1C(=O)O,"[""AT{'substrate': 'trans-1,2-CPDA'}"", 'loading: True']",AT(hmal) + KR(B1) + DH,"[""AT{'substrate': 'hexmal'}"", ""KR{'type': 'C1'}"", 'loading: False']",TE(linear),326.39,False,
C[C@@H](CC(O)=C[C@@H]1CCC[C@H]1C(=O)O)C(=O)O,"[""AT{'substrate': 'trans-1,2-CPDA'}"", 'loading: True']",AT(hmal) + KR(B1) + DH,"[""AT{'substrate': 'Methylmalonyl-CoA'}"", ""KR{'type': 'B1'}"", 'DH{}', 'ER{}', 'loading: False']",TE(linear),242.27,False,
O=C(O)[C@@H](CCCCc1c[nH]c(Cl)c1Cl)[C@H](O)C(O)=C[C@@H]1CCC[C@H]1C(=O)O,"[""AT{'substrate': 'trans-1,2-CPDA'}"", 'loading: True']",AT(hmal) + KR(B1) + DH,"[""AT{'substrate': 'DCP'}"", ""KR{'type': 'B2'}"", 'loading: False']",TE(linear),434.32,False,
O=C(O)[C@@H](CCCCc1c[nH]c(Cl)c1Cl)[C@@H](O)C(O)=C[C@@H]1CCC[C@H]1C(=O)O,"[""AT{'substrate': 'trans-1,2-CPDA'}"", 'loading: True']",AT(hmal) + KR(B1) + DH,"[""AT{'substrate': 'DCP'}"", ""KR{'type': 'A2'}"", 'loading: False']",TE(linear),434.32,False,
O=C(O)CCC(O)=C[C@@H]1CCC[C@H]1C(=O)O,"[""AT{'substrate': 'trans-1,2-CPDA'}"", 'loading: True']",AT(hmal) + KR(B1) + DH,"[""AT{'substrate': 'Malonyl-CoA'}"", ""KR{'type': 'B'}"", 'DH{}', 'ER{}', 'loading: False']",TE(linear),228.24,False,
O=C1OC(=C[C@@H]2CCC[C@H]2C(=O)O)C=C1O,"[""AT{'substrate': 'trans-1,2-CPDA'}"", 'loading: True']",AT(hmal) + KR(B1) + DH,"[""AT{'substrate': 'hmal'}"", ""KR{'type': 'B1'}"", 'DH{}', 'loading: False']","TE(cyclic, ring=1)",224.21,True,['pattern_2: CCC=C1C=CC(=O)O1']
CO[C@H]1C(=O)OC(=C[C@@H]2CCC[C@H]2C(=O)O)[C@H]1O,"[""AT{'substrate': 'trans-1,2-CPDA'}"", 'loading: True']",AT(hmal) + KR(B1) + DH,"[""AT{'substrate': 'mxmal'}"", ""KR{'type': 'B1'}"", 'loading: False']","TE(cyclic, ring=4)",256.25,True,['pattern_1: CCC=C1C[C@H](OC)C(=O)O1']
O=C(O)CC(=O)C(O)=C[C@@H]1CCC[C@H]1C(=O)O,"[""AT{'substrate': 'trans-1,2-CPDA'}"", 'loading: True']",AT(hmal) + KR(B1) + DH,"[""AT{'substrate': 'Malonyl-CoA'}"", 'loading: False']",TE(linear),242.23,False,
O=C(O)C(CCCCc1c[nH]c(Cl)c1Cl)C(=O)C(O)=C[C@@H]1CCC[C@H]1C(=O)O,"[""AT{'substrate': 'trans-1,2-CPDA'}"", 'loading: True']",AT(hmal) + KR(B1) + DH,"[""AT{'substrate': 'DCP'}"", 'loading: False']",TE(linear),432.3,False,
O=C1CCC=C1C=C(O)[C@H](O)[C@@H](CCCCc1c[nH]c(Cl)c1Cl)C(=O)O,"[""AT{'substrate': 'cyclopentene'}"", 'loading: True']",AT(hmal) + KR(B1) + DH,"[""AT{'substrate': 'DCP'}"", ""KR{'type': 'A1'}"", 'loading: False']",TE(linear),402.27,False,
CC(C)[C@H](C(=O)O)[C@H](O)C(O)=CC1=CCCC1=O,"[""AT{'substrate': 'cyclopentene'}"", 'loading: True']",AT(hmal) + KR(B1) + DH,"[""AT{'substrate': 'D-isobutmal'}"", ""KR{'type': 'B2'}"", 'loading: False']",TE(linear),254.28,False,
CC(C)[C@H](C(=O)O)[C@@H](O)C(O)=CC1=CCCC1=O,"[""AT{'substrate': 'cyclopentene'}"", 'loading: True']",AT(hmal) + KR(B1) + DH,"[""AT{'substrate': 'D-isobutmal'}"", ""KR{'type': 'A2'}"", 'loading: False']",TE(linear),254.28,False,
CO[C@H]1CC(=CC2=CCCC2=O)OC1=O,"[""AT{'substrate': 'cyclopentene'}"", 'loading: True']",AT(hmal) + KR(B1) + DH,"[""AT{'substrate': 'mxmal'}"", ""KR{'type': 'B1'}"", 'DH{}', 'ER{}', 'loading: False']","TE(cyclic, ring=1)",208.21,True,['pattern_1: CCC=C1C[C@H](OC)C(=O)O1']
C[C@@H](C(=O)O)[C@H](O)C(O)=CC1=CCCC1=O,"[""AT{'substrate': 'cyclopentene'}"", 'loading: True']",AT(hmal) + KR(B1) + DH,"[""AT{'substrate': 'Methylmalonyl-CoA'}"", ""KR{'type': 'B1'}"", 'loading: False']",TE(linear),226.23,False,
O=C1C=CC(=CC2=CCCC2=O)O1,"[""AT{'substrate': 'cyclopentene'}"", 'loading: True']",AT(hmal) + KR(B1) + DH,"[""AT{'substrate': 'Malonyl-CoA'}"", ""KR{'type': 'B'}"", 'DH{}', 'loading: False']","TE(cyclic, ring=0)",176.17,True,['pattern_2: CCC=C1C=CC(=O)O1']
O=C1CCC=C1C=C(O)[C@H](O)[C@H](O)C(=O)O,"[""AT{'substrate': 'cyclopentene'}"", 'loading: True']",AT(hmal) + KR(B1) + DH,"[""AT{'substrate': 'hmal'}"", ""KR{'type': 'A2'}"", 'loading: False']",TE(linear),228.2,False,
C=CC[C@H](C(=O)O)[C@H](O)C(O)=CC1=CCCC1=O,"[""AT{'substrate': 'cyclopentene'}"", 'loading: True']",AT(hmal) + KR(B1) + DH,"[""AT{'substrate': 'allylmal'}"", ""KR{'type': 'B2'}"", 'loading: False']",TE(linear),252.27,False,
CC[C@H](C(=O)O)[C@H](O)C(O)=CC1=CCCC1=O,"[""AT{'substrate': 'cyclopentene'}"", 'loading: True']",AT(hmal) + KR(B1) + DH,"[""AT{'substrate': 'emal'}"", ""KR{'type': 'B2'}"", 'loading: False']",TE(linear),240.25,False,
CC[C@H](C(=O)O)[C@@H](O)C(O)=CC1=CCCC1=O,"[""AT{'substrate': 'cyclopentene'}"", 'loading: True']",AT(hmal) + KR(B1) + DH,"[""AT{'substrate': 'emal'}"", ""KR{'type': 'A2'}"", 'loading: False']",TE(linear),240.25,False,
CC(C)[C@@H](CC(O)=CC1=CCCC1=O)C(=O)O,"[""AT{'substrate': 'cyclopentene'}"", 'loading: True']",AT(hmal) + KR(B1) + DH,"[""AT{'substrate': 'isobutmal'}"", ""KR{'type': 'B1'}"", 'DH{}', 'ER{}', 'loading: False']",TE(linear),238.28,False,
O=C1CCC=C1C=C(O)C[C@H](CCCCc1c[nH]c(Cl)c1Cl)C(=O)O,"[""AT{'substrate': 'cyclopentene'}"", 'loading: True']",AT(hmal) + KR(B1) + DH,"[""AT{'substrate': 'DCP'}"", ""KR{'type': 'B1'}"", 'DH{}', 'ER{}', 'loading: False']",TE(linear),386.28,False,
C=CCC1=CC(=CC2=CCCC2=O)OC1=O,"[""AT{'substrate': 'cyclopentene'}"", 'loading: True']",AT(hmal) + KR(B1) + DH,"[""AT{'substrate': 'allylmal'}"", ""KR{'type': 'B1'}"", 'DH{}', 'loading: False']","TE(cyclic, ring=0)",216.24,True,['pattern_2: CCC=C1C=CC(=O)O1']
CC1=CC(=CC2=CCCC2=O)OC1=O,"[""AT{'substrate': 'cyclopentene'}"", 'loading: True']",AT(hmal) + KR(B1) + DH,"[""AT{'substrate': 'Methylmalonyl-CoA'}"", ""KR{'type': 'B1'}"", 'DH{}', 'loading: False']","TE(cyclic, ring=0)",190.2,True,['pattern_2: CCC=C1C=CC(=O)O1']
CO[C@@H]1C(=O)OC(=CC2=CCCC2=O)C1=O,"[""AT{'substrate': 'cyclopentene'}"", 'loading: True']",AT(hmal) + KR(B1) + DH,"[""AT{'substrate': 'mxmal'}"", ""KR{'type': 'C2'}"", 'loading: False']","TE(cyclic, ring=1)",222.2,True,['pattern_1: CCC=C1C[C@H](OC)C(=O)O1']
CO[C@H]1C(=O)OC(=CC2=CCCC2=O)C1=O,"[""AT{'substrate': 'cyclopentene'}"", 'loading: True']",AT(hmal) + KR(B1) + DH,"[""AT{'substrate': 'mxmal'}"", ""KR{'type': 'C1'}"", 'loading: False']","TE(cyclic, ring=1)",222.2,True,['pattern_1: CCC=C1C[C@H](OC)C(=O)O1']
O=C1CCC=C1C=C(O)[C@@H](O)[C@H](O)C(=O)O,"[""AT{'substrate': 'cyclopentene'}"", 'loading: True']",AT(hmal) + KR(B1) + DH,"[""AT{'substrate': 'hmal'}"", ""KR{'type': 'B2'}"", 'loading: False']",TE(linear),228.2,False,
C=CC[C@@H](C(=O)O)[C@@H](O)C(O)=CC1=CCCC1=O,"[""AT{'substrate': 'cyclopentene'}"", 'loading: True']",AT(hmal) + KR(B1) + DH,"[""AT{'substrate': 'allylmal'}"", ""KR{'type': 'A1'}"", 'loading: False']",TE(linear),252.27,False,
C[C@H](C(=O)O)C(=O)C(O)=CC1=CCCC1=O,"[""AT{'substrate': 'cyclopentene'}"", 'loading: True']",AT(hmal) + KR(B1) + DH,"[""AT{'substrate': 'Methylmalonyl-CoA'}"", ""KR{'type': 'C2'}"", 'loading: False']",TE(linear),224.21,False,
C[C@@H](C(=O)O)C(=O)C(O)=CC1=CCCC1=O,"[""AT{'substrate': 'cyclopentene'}"", 'loading: True']",AT(hmal) + KR(B1) + DH,"[""AT{'substrate': 'Methylmalonyl-CoA'}"", ""KR{'type': 'C1'}"", 'loading: False']",TE(linear),224.21,False,
CC[C@H](C(=O)O)C(=O)C(O)=CC1=CCCC1=O,"[""AT{'substrate': 'cyclopentene'}"", 'loading: True']",AT(hmal) + KR(B1) + DH,"[""AT{'substrate': 'emal'}"", ""KR{'type': 'C2'}"", 'loading: False']",TE(linear),238.24,False,
CC[C@@H](C(=O)O)[C@@H](O)C(O)=CC1=CCCC1=O,"[""AT{'substrate': 'cyclopentene'}"", 'loading: True']",AT(hmal) + KR(B1) + DH,"[""AT{'substrate': 'emal'}"", ""KR{'type': 'A1'}"", 'loading: False']",TE(linear),240.25,False,
O=C(O)C[C@@H](O)C(O)=CC1=CCCC1=O,"[""AT{'substrate': 'cyclopentene'}"", 'loading: True']",AT(hmal) + KR(B1) + DH,"[""AT{'substrate': 'Malonyl-CoA'}"", ""KR{'type': 'A'}"", 'loading: False']",TE(linear),212.2,False,
CO[C@@H]1C(=O)OC(=CC2=CCCC2=O)[C@H]1O,"[""AT{'substrate': 'cyclopentene'}"", 'loading: True']",AT(hmal) + KR(B1) + DH,"[""AT{'substrate': 'mxmal'}"", ""KR{'type': 'B2'}"", 'loading: False']","TE(cyclic, ring=3)",224.21,True,['pattern_1: CCC=C1C[C@H](OC)C(=O)O1']
O=C1CCC=C1C=C(O)[C@H](O)[C@@H](O)C(=O)O,"[""AT{'substrate': 'cyclopentene'}"", 'loading: True']",AT(hmal) + KR(B1) + DH,"[""AT{'substrate': 'hmal'}"", ""KR{'type': 'A1'}"", 'loading: False']",TE(linear),228.2,False,
CCCCCCC1=CC(=CC2=CCCC2=O)OC1=O,"[""AT{'substrate': 'cyclopentene'}"", 'loading: True']",AT(hmal) + KR(B1) + DH,"[""AT{'substrate': 'hexmal'}"", ""KR{'type': 'B1'}"", 'DH{}', 'loading: False']","TE(cyclic, ring=0)",260.33,True,['pattern_2: CCC=C1C=CC(=O)O1']
CC(C)[C@@H](C(=O)O)C(=O)C(O)=CC1=CCCC1=O,"[""AT{'substrate': 'cyclopentene'}"", 'loading: True']",AT(hmal) + KR(B1) + DH,"[""AT{'substrate': 'isobutmal'}"", 'loading: False']",TE(linear),252.27,False,
CCCCCC[C@@H](CC(O)=CC1=CCCC1=O)C(=O)O,"[""AT{'substrate': 'cyclopentene'}"", 'loading: True']",AT(hmal) + KR(B1) + DH,"[""AT{'substrate': 'hexmal'}"", ""KR{'type': 'B1'}"", 'DH{}', 'ER{}', 'loading: False']",TE(linear),280.36,False,
C=CC[C@@H](C(=O)O)[C@H](O)C(O)=CC1=CCCC1=O,"[""AT{'substrate': 'cyclopentene'}"", 'loading: True']",AT(hmal) + KR(B1) + DH,"[""AT{'substrate': 'allylmal'}"", ""KR{'type': 'B1'}"", 'loading: False']",TE(linear),252.27,False,
C=CC[C@H](C(=O)O)[C@@H](O)C(O)=CC1=CCCC1=O,"[""AT{'substrate': 'cyclopentene'}"", 'loading: True']",AT(hmal) + KR(B1) + DH,"[""AT{'substrate': 'allylmal'}"", ""KR{'type': 'A2'}"", 'loading: False']",TE(linear),252.27,False,
CCCC[C@H](C(=O)O)[C@H](O)C(O)=CC1=CCCC1=O,"[""AT{'substrate': 'cyclopentene'}"", 'loading: True']",AT(hmal) + KR(B1) + DH,"[""AT{'substrate': 'butmal'}"", ""KR{'type': 'B2'}"", 'loading: False']",TE(linear),268.31,False,
CCCC[C@H](C(=O)O)[C@@H](O)C(O)=CC1=CCCC1=O,"[""AT{'substrate': 'cyclopentene'}"", 'loading: True']",AT(hmal) + KR(B1) + DH,"[""AT{'substrate': 'butmal'}"", ""KR{'type': 'A2'}"", 'loading: False']",TE(linear),268.31,False,
CC(C)[C@H](C(=O)O)C(=O)C(O)=CC1=CCCC1=O,"[""AT{'substrate': 'cyclopentene'}"", 'loading: True']",AT(hmal) + KR(B1) + DH,"[""AT{'substrate': 'D-isobutmal'}"", 'loading: False']",TE(linear),252.27,False,
O=C1CCC=C1C=C1C=C(CCCCc2c[nH]c(Cl)c2Cl)C(=O)O1,"[""AT{'substrate': 'cyclopentene'}"", 'loading: True']",AT(hmal) + KR(B1) + DH,"[""AT{'substrate': 'DCP'}"", ""KR{'type': 'B1'}"", 'DH{}', 'loading: False']","TE(cyclic, ring=0)",366.24,True,['pattern_2: CCC=C1C=CC(=O)O1']
C=CC[C@@H](CC(O)=CC1=CCCC1=O)C(=O)O,"[""AT{'substrate': 'cyclopentene'}"", 'loading: True']",AT(hmal) + KR(B1) + DH,"[""AT{'substrate': 'allylmal'}"", ""KR{'type': 'B1'}"", 'DH{}', 'ER{}', 'loading: False']",TE(linear),236.27,False,
CO[C@H]1C(=O)OC(=CC2=CCCC2=O)[C@@H]1O,"[""AT{'substrate': 'cyclopentene'}"", 'loading: True']",AT(hmal) + KR(B1) + DH,"[""AT{'substrate': 'mxmal'}"", ""KR{'type': 'A1'}"", 'loading: False']","TE(cyclic, ring=3)",224.21,True,['pattern_1: CCC=C1C[C@H](OC)C(=O)O1']
C=CC[C@H](C(=O)O)C(=O)C(O)=CC1=CCCC1=O,"[""AT{'substrate': 'cyclopentene'}"", 'loading: True']",AT(hmal) + KR(B1) + DH,"[""AT{'substrate': 'allylmal'}"", ""KR{'type': 'C2'}"", 'loading: False']",TE(linear),250.25,False,
C=CC[C@@H](C(=O)O)C(=O)C(O)=CC1=CCCC1=O,"[""AT{'substrate': 'cyclopentene'}"", 'loading: True']",AT(hmal) + KR(B1) + DH,"[""AT{'substrate': 'allylmal'}"", ""KR{'type': 'C1'}"", 'loading: False']",TE(linear),250.25,False,
O=C1CCC=C1C=C(O)[C@@H](O)[C@@H](CCCCc1c[nH]c(Cl)c1Cl)C(=O)O,"[""AT{'substrate': 'cyclopentene'}"", 'loading: True']",AT(hmal) + KR(B1) + DH,"[""AT{'substrate': 'DCP'}"", ""KR{'type': 'B1'}"", 'loading: False']",TE(linear),402.27,False,
CC(C)[C@@H](C(=O)O)[C@@H](O)C(O)=CC1=CCCC1=O,"[""AT{'substrate': 'cyclopentene'}"", 'loading: True']",AT(hmal) + KR(B1) + DH,"[""AT{'substrate': 'isobutmal'}"", ""KR{'type': 'A1'}"", 'loading: False']",TE(linear),254.28,False,
CCCCCC[C@H](C(=O)O)C(=O)C(O)=CC1=CCCC1=O,"[""AT{'substrate': 'cyclopentene'}"", 'loading: True']",AT(hmal) + KR(B1) + DH,"[""AT{'substrate': 'hexmal'}"", 'loading: False']",TE(linear),294.35,False,
CCC1=CC(=CC2=CCCC2=O)OC1=O,"[""AT{'substrate': 'cyclopentene'}"", 'loading: True']",AT(hmal) + KR(B1) + DH,"[""AT{'substrate': 'emal'}"", ""KR{'type': 'B1'}"", 'DH{}', 'loading: False']","TE(cyclic, ring=0)",204.22,True,['pattern_2: CCC=C1C=CC(=O)O1']
CCCC[C@@H](C(=O)O)[C@@H](O)C(O)=CC1=CCCC1=O,"[""AT{'substrate': 'cyclopentene'}"", 'loading: True']",AT(hmal) + KR(B1) + DH,"[""AT{'substrate': 'butmal'}"", ""KR{'type': 'A1'}"", 'loading: False']",TE(linear),268.31,False,
CCCCCC[C@H](C(=O)O)[C@H](O)C(O)=CC1=CCCC1=O,"[""AT{'substrate': 'cyclopentene'}"", 'loading: True']",AT(hmal) + KR(B1) + DH,"[""AT{'substrate': 'hexmal'}"", ""KR{'type': 'B2'}"", 'loading: False']",TE(linear),296.36,False,
CCCCCC[C@H](C(=O)O)[C@@H](O)C(O)=CC1=CCCC1=O,"[""AT{'substrate': 'cyclopentene'}"", 'loading: True']",AT(hmal) + KR(B1) + DH,"[""AT{'substrate': 'hexmal'}"", ""KR{'type': 'A2'}"", 'loading: False']",TE(linear),296.36,False,
CO[C@@H]1C(=O)OC(=CC2=CCCC2=O)[C@@H]1O,"[""AT{'substrate': 'cyclopentene'}"", 'loading: True']",AT(hmal) + KR(B1) + DH,"[""AT{'substrate': 'mxmal'}"", ""KR{'type': 'A2'}"", 'loading: False']","TE(cyclic, ring=3)",224.21,True,['pattern_1: CCC=C1C[C@H](OC)C(=O)O1']
CC(C)[C@@H](C(=O)O)[C@H](O)C(O)=CC1=CCCC1=O,"[""AT{'substrate': 'cyclopentene'}"", 'loading: True']",AT(hmal) + KR(B1) + DH,"[""AT{'substrate': 'isobutmal'}"", ""KR{'type': 'B1'}"", 'loading: False']",TE(linear),254.28,False,
CCCC[C@@H](C(=O)O)[C@H](O)C(O)=CC1=CCCC1=O,"[""AT{'substrate': 'cyclopentene'}"", 'loading: True']",AT(hmal) + KR(B1) + DH,"[""AT{'substrate': 'butmal'}"", ""KR{'type': 'B1'}"", 'loading: False']",TE(linear),268.31,False,
O=C1CCC=C1C=C(O)C(=O)[C@H](CCCCc1c[nH]c(Cl)c1Cl)C(=O)O,"[""AT{'substrate': 'cyclopentene'}"", 'loading: True']",AT(hmal) + KR(B1) + DH,"[""AT{'substrate': 'DCP'}"", ""KR{'type': 'C2'}"", 'loading: False']",TE(linear),400.26,False,
O=C1CCC=C1C=C(O)C(=O)[C@@H](CCCCc1c[nH]c(Cl)c1Cl)C(=O)O,"[""AT{'substrate': 'cyclopentene'}"", 'loading: True']",AT(hmal) + KR(B1) + DH,"[""AT{'substrate': 'DCP'}"", ""KR{'type': 'C1'}"", 'loading: False']",TE(linear),400.26,False,
C[C@H](C(=O)O)[C@H](O)C(O)=CC1=CCCC1=O,"[""AT{'substrate': 'cyclopentene'}"", 'loading: True']",AT(hmal) + KR(B1) + DH,"[""AT{'substrate': 'Methylmalonyl-CoA'}"", ""KR{'type': 'B2'}"", 'loading: False']",TE(linear),226.23,False,
C[C@H](C(=O)O)[C@@H](O)C(O)=CC1=CCCC1=O,"[""AT{'substrate': 'cyclopentene'}"", 'loading: True']",AT(hmal) + KR(B1) + DH,"[""AT{'substrate': 'Methylmalonyl-CoA'}"", ""KR{'type': 'A2'}"", 'loading: False']",TE(linear),226.23,False,
CCCCCC[C@@H](C(=O)O)[C@@H](O)C(O)=CC1=CCCC1=O,"[""AT{'substrate': 'cyclopentene'}"", 'loading: True']",AT(hmal) + KR(B1) + DH,"[""AT{'substrate': 'hexmal'}"", ""KR{'type': 'A1'}"", 'loading: False']",TE(linear),296.36,False,
O=C1CCC=C1C=C(O)C[C@H](O)C(=O)O,"[""AT{'substrate': 'cyclopentene'}"", 'loading: True']",AT(hmal) + KR(B1) + DH,"[""AT{'substrate': 'hmal'}"", ""KR{'type': 'B1'}"", 'DH{}', 'ER{}', 'loading: False']",TE(linear),212.2,False,
CCCCC1=CC(=CC2=CCCC2=O)OC1=O,"[""AT{'substrate': 'cyclopentene'}"", 'loading: True']",AT(hmal) + KR(B1) + DH,"[""AT{'substrate': 'butmal'}"", ""KR{'type': 'B1'}"", 'DH{}', 'loading: False']","TE(cyclic, ring=0)",232.28,True,['pattern_2: CCC=C1C=CC(=O)O1']
O=C1CCC=C1C=C(O)[C@@H](O)[C@@H](O)C(=O)O,"[""AT{'substrate': 'cyclopentene'}"", 'loading: True']",AT(hmal) + KR(B1) + DH,"[""AT{'substrate': 'hmal'}"", ""KR{'type': 'B1'}"", 'loading: False']",TE(linear),228.2,False,
CC[C@@H](C(=O)O)[C@H](O)C(O)=CC1=CCCC1=O,"[""AT{'substrate': 'cyclopentene'}"", 'loading: True']",AT(hmal) + KR(B1) + DH,"[""AT{'substrate': 'emal'}"", ""KR{'type': 'B1'}"", 'loading: False']",TE(linear),240.25,False,
CCCC[C@H](C(=O)O)C(=O)C(O)=CC1=CCCC1=O,"[""AT{'substrate': 'cyclopentene'}"", 'loading: True']",AT(hmal) + KR(B1) + DH,"[""AT{'substrate': 'butmal'}"", ""KR{'type': 'C2'}"", 'loading: False']",TE(linear),266.29,False,
CCCC[C@@H](C(=O)O)C(=O)C(O)=CC1=CCCC1=O,"[""AT{'substrate': 'cyclopentene'}"", 'loading: True']",AT(hmal) + KR(B1) + DH,"[""AT{'substrate': 'butmal'}"", ""KR{'type': 'C1'}"", 'loading: False']",TE(linear),266.29,False,
CC(C)C1=CC(=CC2=CCCC2=O)OC1=O,"[""AT{'substrate': 'cyclopentene'}"", 'loading: True']",AT(hmal) + KR(B1) + DH,"[""AT{'substrate': 'isobutmal'}"", ""KR{'type': 'B1'}"", 'DH{}', 'loading: False']","TE(cyclic, ring=0)",218.25,True,['pattern_2: CCC=C1C=CC(=O)O1']
CCCCCC[C@@H](C(=O)O)[C@H](O)C(O)=CC1=CCCC1=O,"[""AT{'substrate': 'cyclopentene'}"", 'loading: True']",AT(hmal) + KR(B1) + DH,"[""AT{'substrate': 'hexmal'}"", ""KR{'type': 'B1'}"", 'loading: False']",TE(linear),296.36,False,
COC1=CC(=CC2=CCCC2=O)OC1=O,"[""AT{'substrate': 'cyclopentene'}"", 'loading: True']",AT(hmal) + KR(B1) + DH,"[""AT{'substrate': 'mxmal'}"", ""KR{'type': 'B1'}"", 'DH{}', 'loading: False']","TE(cyclic, ring=0)",206.2,True,['pattern_2: CCC=C1C=CC(=O)O1']
C[C@@H](C(=O)O)[C@@H](O)C(O)=CC1=CCCC1=O,"[""AT{'substrate': 'cyclopentene'}"", 'loading: True']",AT(hmal) + KR(B1) + DH,"[""AT{'substrate': 'Methylmalonyl-CoA'}"", ""KR{'type': 'A1'}"", 'loading: False']",TE(linear),226.23,False,
O=C1CCC=C1C=C(O)C(=O)[C@H](O)C(=O)O,"[""AT{'substrate': 'cyclopentene'}"", 'loading: True']",AT(hmal) + KR(B1) + DH,"[""AT{'substrate': 'hmal'}"", ""KR{'type': 'C2'}"", 'loading: False']",TE(linear),226.18,False,
O=C1CCC=C1C=C(O)C(=O)[C@@H](O)C(=O)O,"[""AT{'substrate': 'cyclopentene'}"", 'loading: True']",AT(hmal) + KR(B1) + DH,"[""AT{'substrate': 'hmal'}"", ""KR{'type': 'C1'}"", 'loading: False']",TE(linear),226.18,False,
O=C1CCC=C1C=C(O)C(=O)C(O)C(=O)O,"[""AT{'substrate': 'cyclopentene'}"", 'loading: True']",AT(hmal) + KR(B1) + DH,"[""AT{'substrate': 'hmal'}"", 'loading: False']",TE(linear),226.18,False,
CCCC[C@@H](CC(O)=CC1=CCCC1=O)C(=O)O,"[""AT{'substrate': 'cyclopentene'}"", 'loading: True']",AT(hmal) + KR(B1) + DH,"[""AT{'substrate': 'butmal'}"", ""KR{'type': 'B1'}"", 'DH{}', 'ER{}', 'loading: False']",TE(linear),252.31,False,
CC[C@@H](C(=O)O)C(=O)C(O)=CC1=CCCC1=O,"[""AT{'substrate': 'cyclopentene'}"", 'loading: True']",AT(hmal) + KR(B1) + DH,"[""AT{'substrate': 'emal'}"", ""KR{'type': 'C1'}"", 'loading: False']",TE(linear),238.24,False,
O=C(O)C[C@H](O)C(O)=CC1=CCCC1=O,"[""AT{'substrate': 'cyclopentene'}"", 'loading: True']",AT(hmal) + KR(B1) + DH,"[""AT{'substrate': 'Malonyl-CoA'}"", ""KR{'type': 'B'}"", 'loading: False']",TE(linear),212.2,False,
CC[C@@H](CC(O)=CC1=CCCC1=O)C(=O)O,"[""AT{'substrate': 'cyclopentene'}"", 'loading: True']",AT(hmal) + KR(B1) + DH,"[""AT{'substrate': 'emal'}"", ""KR{'type': 'B1'}"", 'DH{}', 'ER{}', 'loading: False']",TE(linear),224.26,False,
CCCCCC[C@@H](C(=O)O)C(=O)C(O)=CC1=CCCC1=O,"[""AT{'substrate': 'cyclopentene'}"", 'loading: True']",AT(hmal) + KR(B1) + DH,"[""AT{'substrate': 'hexmal'}"", ""KR{'type': 'C1'}"", 'loading: False']",TE(linear),294.35,False,
C[C@@H](CC(O)=CC1=CCCC1=O)C(=O)O,"[""AT{'substrate': 'cyclopentene'}"", 'loading: True']",AT(hmal) + KR(B1) + DH,"[""AT{'substrate': 'Methylmalonyl-CoA'}"", ""KR{'type': 'B1'}"", 'DH{}', 'ER{}', 'loading: False']",TE(linear),210.23,False,
O=C1CCC=C1C=C(O)[C@@H](O)[C@H](CCCCc1c[nH]c(Cl)c1Cl)C(=O)O,"[""AT{'substrate': 'cyclopentene'}"", 'loading: True']",AT(hmal) + KR(B1) + DH,"[""AT{'substrate': 'DCP'}"", ""KR{'type': 'B2'}"", 'loading: False']",TE(linear),402.27,False,
O=C1CCC=C1C=C(O)[C@H](O)[C@H](CCCCc1c[nH]c(Cl)c1Cl)C(=O)O,"[""AT{'substrate': 'cyclopentene'}"", 'loading: True']",AT(hmal) + KR(B1) + DH,"[""AT{'substrate': 'DCP'}"", ""KR{'type': 'A2'}"", 'loading: False']",TE(linear),402.27,False,
O=C(O)CCC(O)=CC1=CCCC1=O,"[""AT{'substrate': 'cyclopentene'}"", 'loading: True']",AT(hmal) + KR(B1) + DH,"[""AT{'substrate': 'Malonyl-CoA'}"", ""KR{'type': 'B'}"", 'DH{}', 'ER{}', 'loading: False']",TE(linear),196.2,False,
O=C1CCC=C1C=C1C=C(O)C(=O)O1,"[""AT{'substrate': 'cyclopentene'}"", 'loading: True']",AT(hmal) + KR(B1) + DH,"[""AT{'substrate': 'hmal'}"", ""KR{'type': 'B1'}"", 'DH{}', 'loading: False']","TE(cyclic, ring=0)",192.17,True,['pattern_2: CCC=C1C=CC(=O)O1']
CO[C@H]1C(=O)OC(=CC2=CCCC2=O)[C@H]1O,"[""AT{'substrate': 'cyclopentene'}"", 'loading: True']",AT(hmal) + KR(B1) + DH,"[""AT{'substrate': 'mxmal'}"", ""KR{'type': 'B1'}"", 'loading: False']","TE(cyclic, ring=3)",224.21,True,['pattern_1: CCC=C1C[C@H](OC)C(=O)O1']
O=C(O)CC(=O)C(O)=CC1=CCCC1=O,"[""AT{'substrate': 'cyclopentene'}"", 'loading: True']",AT(hmal) + KR(B1) + DH,"[""AT{'substrate': 'Malonyl-CoA'}"", 'loading: False']",TE(linear),210.18,False,
O=C1CCC=C1C=C(O)C(=O)C(CCCCc1c[nH]c(Cl)c1Cl)C(=O)O,"[""AT{'substrate': 'cyclopentene'}"", 'loading: True']",AT(hmal) + KR(B1) + DH,"[""AT{'substrate': 'DCP'}"", 'loading: False']",TE(linear),400.26,False,
O=C(O)[C@H](CCCCc1c[nH]c(Cl)c1Cl)[C@@H](O)C(O)=Cc1ccc[nH]1,"[""AT{'substrate': 'pyr'}"", 'loading: True']",AT(hmal) + KR(B1) + DH,"[""AT{'substrate': 'DCP'}"", ""KR{'type': 'A1'}"", 'loading: False']",TE(linear),387.26,False,
CC(C)[C@H](C(=O)O)[C@H](O)C(O)=Cc1ccc[nH]1,"[""AT{'substrate': 'pyr'}"", 'loading: True']",AT(hmal) + KR(B1) + DH,"[""AT{'substrate': 'D-isobutmal'}"", ""KR{'type': 'B2'}"", 'loading: False']",TE(linear),239.27,False,
CC(C)[C@H](C(=O)O)[C@@H](O)C(O)=Cc1ccc[nH]1,"[""AT{'substrate': 'pyr'}"", 'loading: True']",AT(hmal) + KR(B1) + DH,"[""AT{'substrate': 'D-isobutmal'}"", ""KR{'type': 'A2'}"", 'loading: False']",TE(linear),239.27,False,
CO[C@@H](CC(O)=Cc1ccc[nH]1)C(=O)O,"[""AT{'substrate': 'pyr'}"", 'loading: True']",AT(hmal) + KR(B1) + DH,"[""AT{'substrate': 'mxmal'}"", ""KR{'type': 'B1'}"", 'DH{}', 'ER{}', 'loading: False']",TE(linear),211.22,False,
C[C@@H](C(=O)O)[C@H](O)C(O)=Cc1ccc[nH]1,"[""AT{'substrate': 'pyr'}"", 'loading: True']",AT(hmal) + KR(B1) + DH,"[""AT{'substrate': 'Methylmalonyl-CoA'}"", ""KR{'type': 'B1'}"", 'loading: False']",TE(linear),211.22,False,
O=C(O)C=CC(O)=Cc1ccc[nH]1,"[""AT{'substrate': 'pyr'}"", 'loading: True']",AT(hmal) + KR(B1) + DH,"[""AT{'substrate': 'Malonyl-CoA'}"", ""KR{'type': 'B'}"", 'DH{}', 'loading: False']",TE(linear),179.18,False,
O=C(O)[C@@H](O)[C@@H](O)C(O)=Cc1ccc[nH]1,"[""AT{'substrate': 'pyr'}"", 'loading: True']",AT(hmal) + KR(B1) + DH,"[""AT{'substrate': 'hmal'}"", ""KR{'type': 'A2'}"", 'loading: False']",TE(linear),213.19,False,
C=CC[C@H](C(=O)O)[C@H](O)C(O)=Cc1ccc[nH]1,"[""AT{'substrate': 'pyr'}"", 'loading: True']",AT(hmal) + KR(B1) + DH,"[""AT{'substrate': 'allylmal'}"", ""KR{'type': 'B2'}"", 'loading: False']",TE(linear),237.26,False,
CC[C@H](C(=O)O)[C@H](O)C(O)=Cc1ccc[nH]1,"[""AT{'substrate': 'pyr'}"", 'loading: True']",AT(hmal) + KR(B1) + DH,"[""AT{'substrate': 'emal'}"", ""KR{'type': 'B2'}"", 'loading: False']",TE(linear),225.24,False,
CC[C@H](C(=O)O)[C@@H](O)C(O)=Cc1ccc[nH]1,"[""AT{'substrate': 'pyr'}"", 'loading: True']",AT(hmal) + KR(B1) + DH,"[""AT{'substrate': 'emal'}"", ""KR{'type': 'A2'}"", 'loading: False']",TE(linear),225.24,False,
CC(C)[C@@H](CC(O)=Cc1ccc[nH]1)C(=O)O,"[""AT{'substrate': 'pyr'}"", 'loading: True']",AT(hmal) + KR(B1) + DH,"[""AT{'substrate': 'isobutmal'}"", ""KR{'type': 'B1'}"", 'DH{}', 'ER{}', 'loading: False']",TE(linear),223.27,False,
O=C(O)[C@@H](CCCCc1c[nH]c(Cl)c1Cl)CC(O)=Cc1ccc[nH]1,"[""AT{'substrate': 'pyr'}"", 'loading: True']",AT(hmal) + KR(B1) + DH,"[""AT{'substrate': 'DCP'}"", ""KR{'type': 'B1'}"", 'DH{}', 'ER{}', 'loading: False']",TE(linear),371.26,False,
C=CCC(=CC(O)=Cc1ccc[nH]1)C(=O)O,"[""AT{'substrate': 'pyr'}"", 'loading: True']",AT(hmal) + KR(B1) + DH,"[""AT{'substrate': 'allylmal'}"", ""KR{'type': 'B1'}"", 'DH{}', 'loading: False']",TE(linear),219.24,False,
CC(=CC(O)=Cc1ccc[nH]1)C(=O)O,"[""AT{'substrate': 'pyr'}"", 'loading: True']",AT(hmal) + KR(B1) + DH,"[""AT{'substrate': 'Methylmalonyl-CoA'}"", ""KR{'type': 'B1'}"", 'DH{}', 'loading: False']",TE(linear),193.2,False,
CO[C@H](C(=O)O)C(=O)C(O)=Cc1ccc[nH]1,"[""AT{'substrate': 'pyr'}"", 'loading: True']",AT(hmal) + KR(B1) + DH,"[""AT{'substrate': 'mxmal'}"", ""KR{'type': 'C2'}"", 'loading: False']",TE(linear),225.2,False,
CO[C@@H](C(=O)O)C(=O)C(O)=Cc1ccc[nH]1,"[""AT{'substrate': 'pyr'}"", 'loading: True']",AT(hmal) + KR(B1) + DH,"[""AT{'substrate': 'mxmal'}"", ""KR{'type': 'C1'}"", 'loading: False']",TE(linear),225.2,False,
O=C(O)[C@@H](O)[C@H](O)C(O)=Cc1ccc[nH]1,"[""AT{'substrate': 'pyr'}"", 'loading: True']",AT(hmal) + KR(B1) + DH,"[""AT{'substrate': 'hmal'}"", ""KR{'type': 'B2'}"", 'loading: False']",TE(linear),213.19,False,
C=CC[C@@H](C(=O)O)[C@@H](O)C(O)=Cc1ccc[nH]1,"[""AT{'substrate': 'pyr'}"", 'loading: True']",AT(hmal) + KR(B1) + DH,"[""AT{'substrate': 'allylmal'}"", ""KR{'type': 'A1'}"", 'loading: False']",TE(linear),237.26,False,
C[C@H](C(=O)O)C(=O)C(O)=Cc1ccc[nH]1,"[""AT{'substrate': 'pyr'}"", 'loading: True']",AT(hmal) + KR(B1) + DH,"[""AT{'substrate': 'Methylmalonyl-CoA'}"", ""KR{'type': 'C2'}"", 'loading: False']",TE(linear),209.2,False,
C[C@@H](C(=O)O)C(=O)C(O)=Cc1ccc[nH]1,"[""AT{'substrate': 'pyr'}"", 'loading: True']",AT(hmal) + KR(B1) + DH,"[""AT{'substrate': 'Methylmalonyl-CoA'}"", ""KR{'type': 'C1'}"", 'loading: False']",TE(linear),209.2,False,
CC[C@H](C(=O)O)C(=O)C(O)=Cc1ccc[nH]1,"[""AT{'substrate': 'pyr'}"", 'loading: True']",AT(hmal) + KR(B1) + DH,"[""AT{'substrate': 'emal'}"", ""KR{'type': 'C2'}"", 'loading: False']",TE(linear),223.23,False,
CC[C@@H](C(=O)O)[C@@H](O)C(O)=Cc1ccc[nH]1,"[""AT{'substrate': 'pyr'}"", 'loading: True']",AT(hmal) + KR(B1) + DH,"[""AT{'substrate': 'emal'}"", ""KR{'type': 'A1'}"", 'loading: False']",TE(linear),225.24,False,
O=C(O)C[C@@H](O)C(O)=Cc1ccc[nH]1,"[""AT{'substrate': 'pyr'}"", 'loading: True']",AT(hmal) + KR(B1) + DH,"[""AT{'substrate': 'Malonyl-CoA'}"", ""KR{'type': 'A'}"", 'loading: False']",TE(linear),197.19,False,
CO[C@H](C(=O)O)[C@H](O)C(O)=Cc1ccc[nH]1,"[""AT{'substrate': 'pyr'}"", 'loading: True']",AT(hmal) + KR(B1) + DH,"[""AT{'substrate': 'mxmal'}"", ""KR{'type': 'B2'}"", 'loading: False']",TE(linear),227.22,False,
O=C(O)[C@H](O)[C@@H](O)C(O)=Cc1ccc[nH]1,"[""AT{'substrate': 'pyr'}"", 'loading: True']",AT(hmal) + KR(B1) + DH,"[""AT{'substrate': 'hmal'}"", ""KR{'type': 'A1'}"", 'loading: False']",TE(linear),213.19,False,
CCCCCCC(=CC(O)=Cc1ccc[nH]1)C(=O)O,"[""AT{'substrate': 'pyr'}"", 'loading: True']",AT(hmal) + KR(B1) + DH,"[""AT{'substrate': 'hexmal'}"", ""KR{'type': 'B1'}"", 'DH{}', 'loading: False']",TE(linear),263.34,False,
CC(C)[C@@H](C(=O)O)C(=O)C(O)=Cc1ccc[nH]1,"[""AT{'substrate': 'pyr'}"", 'loading: True']",AT(hmal) + KR(B1) + DH,"[""AT{'substrate': 'isobutmal'}"", 'loading: False']",TE(linear),237.26,False,
CCCCCC[C@@H](CC(O)=Cc1ccc[nH]1)C(=O)O,"[""AT{'substrate': 'pyr'}"", 'loading: True']",AT(hmal) + KR(B1) + DH,"[""AT{'substrate': 'hexmal'}"", ""KR{'type': 'B1'}"", 'DH{}', 'ER{}', 'loading: False']",TE(linear),265.35,False,
C=CC[C@@H](C(=O)O)[C@H](O)C(O)=Cc1ccc[nH]1,"[""AT{'substrate': 'pyr'}"", 'loading: True']",AT(hmal) + KR(B1) + DH,"[""AT{'substrate': 'allylmal'}"", ""KR{'type': 'B1'}"", 'loading: False']",TE(linear),237.26,False,
C=CC[C@H](C(=O)O)[C@@H](O)C(O)=Cc1ccc[nH]1,"[""AT{'substrate': 'pyr'}"", 'loading: True']",AT(hmal) + KR(B1) + DH,"[""AT{'substrate': 'allylmal'}"", ""KR{'type': 'A2'}"", 'loading: False']",TE(linear),237.26,False,
CCCC[C@H](C(=O)O)[C@H](O)C(O)=Cc1ccc[nH]1,"[""AT{'substrate': 'pyr'}"", 'loading: True']",AT(hmal) + KR(B1) + DH,"[""AT{'substrate': 'butmal'}"", ""KR{'type': 'B2'}"", 'loading: False']",TE(linear),253.3,False,
CCCC[C@H](C(=O)O)[C@@H](O)C(O)=Cc1ccc[nH]1,"[""AT{'substrate': 'pyr'}"", 'loading: True']",AT(hmal) + KR(B1) + DH,"[""AT{'substrate': 'butmal'}"", ""KR{'type': 'A2'}"", 'loading: False']",TE(linear),253.3,False,
CC(C)[C@H](C(=O)O)C(=O)C(O)=Cc1ccc[nH]1,"[""AT{'substrate': 'pyr'}"", 'loading: True']",AT(hmal) + KR(B1) + DH,"[""AT{'substrate': 'D-isobutmal'}"", 'loading: False']",TE(linear),237.26,False,
O=C(O)C(=CC(O)=Cc1ccc[nH]1)CCCCc1c[nH]c(Cl)c1Cl,"[""AT{'substrate': 'pyr'}"", 'loading: True']",AT(hmal) + KR(B1) + DH,"[""AT{'substrate': 'DCP'}"", ""KR{'type': 'B1'}"", 'DH{}', 'loading: False']",TE(linear),369.25,False,
C=CC[C@@H](CC(O)=Cc1ccc[nH]1)C(=O)O,"[""AT{'substrate': 'pyr'}"", 'loading: True']",AT(hmal) + KR(B1) + DH,"[""AT{'substrate': 'allylmal'}"", ""KR{'type': 'B1'}"", 'DH{}', 'ER{}', 'loading: False']",TE(linear),221.26,False,
CO[C@@H](C(=O)O)[C@@H](O)C(O)=Cc1ccc[nH]1,"[""AT{'substrate': 'pyr'}"", 'loading: True']",AT(hmal) + KR(B1) + DH,"[""AT{'substrate': 'mxmal'}"", ""KR{'type': 'A1'}"", 'loading: False']",TE(linear),227.22,False,
C=CC[C@H](C(=O)O)C(=O)C(O)=Cc1ccc[nH]1,"[""AT{'substrate': 'pyr'}"", 'loading: True']",AT(hmal) + KR(B1) + DH,"[""AT{'substrate': 'allylmal'}"", ""KR{'type': 'C2'}"", 'loading: False']",TE(linear),235.24,False,
C=CC[C@@H](C(=O)O)C(=O)C(O)=Cc1ccc[nH]1,"[""AT{'substrate': 'pyr'}"", 'loading: True']",AT(hmal) + KR(B1) + DH,"[""AT{'substrate': 'allylmal'}"", ""KR{'type': 'C1'}"", 'loading: False']",TE(linear),235.24,False,
O=C(O)[C@H](CCCCc1c[nH]c(Cl)c1Cl)[C@H](O)C(O)=Cc1ccc[nH]1,"[""AT{'substrate': 'pyr'}"", 'loading: True']",AT(hmal) + KR(B1) + DH,"[""AT{'substrate': 'DCP'}"", ""KR{'type': 'B1'}"", 'loading: False']",TE(linear),387.26,False,
CC(C)[C@@H](C(=O)O)[C@@H](O)C(O)=Cc1ccc[nH]1,"[""AT{'substrate': 'pyr'}"", 'loading: True']",AT(hmal) + KR(B1) + DH,"[""AT{'substrate': 'isobutmal'}"", ""KR{'type': 'A1'}"", 'loading: False']",TE(linear),239.27,False,
CCCCCC[C@H](C(=O)O)C(=O)C(O)=Cc1ccc[nH]1,"[""AT{'substrate': 'pyr'}"", 'loading: True']",AT(hmal) + KR(B1) + DH,"[""AT{'substrate': 'hexmal'}"", 'loading: False']",TE(linear),279.34,False,
CCC(=CC(O)=Cc1ccc[nH]1)C(=O)O,"[""AT{'substrate': 'pyr'}"", 'loading: True']",AT(hmal) + KR(B1) + DH,"[""AT{'substrate': 'emal'}"", ""KR{'type': 'B1'}"", 'DH{}', 'loading: False']",TE(linear),207.23,False,
CCCC[C@@H](C(=O)O)[C@@H](O)C(O)=Cc1ccc[nH]1,"[""AT{'substrate': 'pyr'}"", 'loading: True']",AT(hmal) + KR(B1) + DH,"[""AT{'substrate': 'butmal'}"", ""KR{'type': 'A1'}"", 'loading: False']",TE(linear),253.3,False,
CCCCCC[C@H](C(=O)O)[C@H](O)C(O)=Cc1ccc[nH]1,"[""AT{'substrate': 'pyr'}"", 'loading: True']",AT(hmal) + KR(B1) + DH,"[""AT{'substrate': 'hexmal'}"", ""KR{'type': 'B2'}"", 'loading: False']",TE(linear),281.35,False,
CCCCCC[C@H](C(=O)O)[C@@H](O)C(O)=Cc1ccc[nH]1,"[""AT{'substrate': 'pyr'}"", 'loading: True']",AT(hmal) + KR(B1) + DH,"[""AT{'substrate': 'hexmal'}"", ""KR{'type': 'A2'}"", 'loading: False']",TE(linear),281.35,False,
CO[C@H](C(=O)O)[C@@H](O)C(O)=Cc1ccc[nH]1,"[""AT{'substrate': 'pyr'}"", 'loading: True']",AT(hmal) + KR(B1) + DH,"[""AT{'substrate': 'mxmal'}"", ""KR{'type': 'A2'}"", 'loading: False']",TE(linear),227.22,False,
CC(C)[C@@H](C(=O)O)[C@H](O)C(O)=Cc1ccc[nH]1,"[""AT{'substrate': 'pyr'}"", 'loading: True']",AT(hmal) + KR(B1) + DH,"[""AT{'substrate': 'isobutmal'}"", ""KR{'type': 'B1'}"", 'loading: False']",TE(linear),239.27,False,
CCCC[C@@H](C(=O)O)[C@H](O)C(O)=Cc1ccc[nH]1,"[""AT{'substrate': 'pyr'}"", 'loading: True']",AT(hmal) + KR(B1) + DH,"[""AT{'substrate': 'butmal'}"", ""KR{'type': 'B1'}"", 'loading: False']",TE(linear),253.3,False,
O=C(O)[C@@H](CCCCc1c[nH]c(Cl)c1Cl)C(=O)C(O)=Cc1ccc[nH]1,"[""AT{'substrate': 'pyr'}"", 'loading: True']",AT(hmal) + KR(B1) + DH,"[""AT{'substrate': 'DCP'}"", ""KR{'type': 'C2'}"", 'loading: False']",TE(linear),385.25,False,
O=C(O)[C@H](CCCCc1c[nH]c(Cl)c1Cl)C(=O)C(O)=Cc1ccc[nH]1,"[""AT{'substrate': 'pyr'}"", 'loading: True']",AT(hmal) + KR(B1) + DH,"[""AT{'substrate': 'DCP'}"", ""KR{'type': 'C1'}"", 'loading: False']",TE(linear),385.25,False,
C[C@H](C(=O)O)[C@H](O)C(O)=Cc1ccc[nH]1,"[""AT{'substrate': 'pyr'}"", 'loading: True']",AT(hmal) + KR(B1) + DH,"[""AT{'substrate': 'Methylmalonyl-CoA'}"", ""KR{'type': 'B2'}"", 'loading: False']",TE(linear),211.22,False,
C[C@H](C(=O)O)[C@@H](O)C(O)=Cc1ccc[nH]1,"[""AT{'substrate': 'pyr'}"", 'loading: True']",AT(hmal) + KR(B1) + DH,"[""AT{'substrate': 'Methylmalonyl-CoA'}"", ""KR{'type': 'A2'}"", 'loading: False']",TE(linear),211.22,False,
CCCCCC[C@@H](C(=O)O)[C@@H](O)C(O)=Cc1ccc[nH]1,"[""AT{'substrate': 'pyr'}"", 'loading: True']",AT(hmal) + KR(B1) + DH,"[""AT{'substrate': 'hexmal'}"", ""KR{'type': 'A1'}"", 'loading: False']",TE(linear),281.35,False,
O=C(O)[C@@H](O)CC(O)=Cc1ccc[nH]1,"[""AT{'substrate': 'pyr'}"", 'loading: True']",AT(hmal) + KR(B1) + DH,"[""AT{'substrate': 'hmal'}"", ""KR{'type': 'B1'}"", 'DH{}', 'ER{}', 'loading: False']",TE(linear),197.19,False,
CCCCC(=CC(O)=Cc1ccc[nH]1)C(=O)O,"[""AT{'substrate': 'pyr'}"", 'loading: True']",AT(hmal) + KR(B1) + DH,"[""AT{'substrate': 'butmal'}"", ""KR{'type': 'B1'}"", 'DH{}', 'loading: False']",TE(linear),235.28,False,
O=C(O)[C@H](O)[C@H](O)C(O)=Cc1ccc[nH]1,"[""AT{'substrate': 'pyr'}"", 'loading: True']",AT(hmal) + KR(B1) + DH,"[""AT{'substrate': 'hmal'}"", ""KR{'type': 'B1'}"", 'loading: False']",TE(linear),213.19,False,
CC[C@@H](C(=O)O)[C@H](O)C(O)=Cc1ccc[nH]1,"[""AT{'substrate': 'pyr'}"", 'loading: True']",AT(hmal) + KR(B1) + DH,"[""AT{'substrate': 'emal'}"", ""KR{'type': 'B1'}"", 'loading: False']",TE(linear),225.24,False,
CCCC[C@H](C(=O)O)C(=O)C(O)=Cc1ccc[nH]1,"[""AT{'substrate': 'pyr'}"", 'loading: True']",AT(hmal) + KR(B1) + DH,"[""AT{'substrate': 'butmal'}"", ""KR{'type': 'C2'}"", 'loading: False']",TE(linear),251.28,False,
CCCC[C@@H](C(=O)O)C(=O)C(O)=Cc1ccc[nH]1,"[""AT{'substrate': 'pyr'}"", 'loading: True']",AT(hmal) + KR(B1) + DH,"[""AT{'substrate': 'butmal'}"", ""KR{'type': 'C1'}"", 'loading: False']",TE(linear),251.28,False,
CC(C)C(=CC(O)=Cc1ccc[nH]1)C(=O)O,"[""AT{'substrate': 'pyr'}"", 'loading: True']",AT(hmal) + KR(B1) + DH,"[""AT{'substrate': 'isobutmal'}"", ""KR{'type': 'B1'}"", 'DH{}', 'loading: False']",TE(linear),221.26,False,
CCCCCC[C@@H](C(=O)O)[C@H](O)C(O)=Cc1ccc[nH]1,"[""AT{'substrate': 'pyr'}"", 'loading: True']",AT(hmal) + KR(B1) + DH,"[""AT{'substrate': 'hexmal'}"", ""KR{'type': 'B1'}"", 'loading: False']",TE(linear),281.35,False,
COC(=CC(O)=Cc1ccc[nH]1)C(=O)O,"[""AT{'substrate': 'pyr'}"", 'loading: True']",AT(hmal) + KR(B1) + DH,"[""AT{'substrate': 'mxmal'}"", ""KR{'type': 'B1'}"", 'DH{}', 'loading: False']",TE(linear),209.2,False,
C[C@@H](C(=O)O)[C@@H](O)C(O)=Cc1ccc[nH]1,"[""AT{'substrate': 'pyr'}"", 'loading: True']",AT(hmal) + KR(B1) + DH,"[""AT{'substrate': 'Methylmalonyl-CoA'}"", ""KR{'type': 'A1'}"", 'loading: False']",TE(linear),211.22,False,
O=C(O)[C@@H](O)C(=O)C(O)=Cc1ccc[nH]1,"[""AT{'substrate': 'pyr'}"", 'loading: True']",AT(hmal) + KR(B1) + DH,"[""AT{'substrate': 'hmal'}"", ""KR{'type': 'C2'}"", 'loading: False']",TE(linear),211.17,False,
O=C(O)[C@H](O)C(=O)C(O)=Cc1ccc[nH]1,"[""AT{'substrate': 'pyr'}"", 'loading: True']",AT(hmal) + KR(B1) + DH,"[""AT{'substrate': 'hmal'}"", ""KR{'type': 'C1'}"", 'loading: False']",TE(linear),211.17,False,
O=C(O)C(O)C(=O)C(O)=Cc1ccc[nH]1,"[""AT{'substrate': 'pyr'}"", 'loading: True']",AT(hmal) + KR(B1) + DH,"[""AT{'substrate': 'hmal'}"", 'loading: False']",TE(linear),211.17,False,
CCCC[C@@H](CC(O)=Cc1ccc[nH]1)C(=O)O,"[""AT{'substrate': 'pyr'}"", 'loading: True']",AT(hmal) + KR(B1) + DH,"[""AT{'substrate': 'butmal'}"", ""KR{'type': 'B1'}"", 'DH{}', 'ER{}', 'loading: False']",TE(linear),237.3,False,
CC[C@@H](C(=O)O)C(=O)C(O)=Cc1ccc[nH]1,"[""AT{'substrate': 'pyr'}"", 'loading: True']",AT(hmal) + KR(B1) + DH,"[""AT{'substrate': 'emal'}"", ""KR{'type': 'C1'}"", 'loading: False']",TE(linear),223.23,False,
O=C(O)C[C@H](O)C(O)=Cc1ccc[nH]1,"[""AT{'substrate': 'pyr'}"", 'loading: True']",AT(hmal) + KR(B1) + DH,"[""AT{'substrate': 'Malonyl-CoA'}"", ""KR{'type': 'B'}"", 'loading: False']",TE(linear),197.19,False,
CC[C@@H](CC(O)=Cc1ccc[nH]1)C(=O)O,"[""AT{'substrate': 'pyr'}"", 'loading: True']",AT(hmal) + KR(B1) + DH,"[""AT{'substrate': 'emal'}"", ""KR{'type': 'B1'}"", 'DH{}', 'ER{}', 'loading: False']",TE(linear),209.25,False,
CCCCCC[C@@H](C(=O)O)C(=O)C(O)=Cc1ccc[nH]1,"[""AT{'substrate': 'pyr'}"", 'loading: True']",AT(hmal) + KR(B1) + DH,"[""AT{'substrate': 'hexmal'}"", ""KR{'type': 'C1'}"", 'loading: False']",TE(linear),279.34,False,
C[C@@H](CC(O)=Cc1ccc[nH]1)C(=O)O,"[""AT{'substrate': 'pyr'}"", 'loading: True']",AT(hmal) + KR(B1) + DH,"[""AT{'substrate': 'Methylmalonyl-CoA'}"", ""KR{'type': 'B1'}"", 'DH{}', 'ER{}', 'loading: False']",TE(linear),195.22,False,
O=C(O)[C@@H](CCCCc1c[nH]c(Cl)c1Cl)[C@H](O)C(O)=Cc1ccc[nH]1,"[""AT{'substrate': 'pyr'}"", 'loading: True']",AT(hmal) + KR(B1) + DH,"[""AT{'substrate': 'DCP'}"", ""KR{'type': 'B2'}"", 'loading: False']",TE(linear),387.26,False,
O=C(O)[C@@H](CCCCc1c[nH]c(Cl)c1Cl)[C@@H](O)C(O)=Cc1ccc[nH]1,"[""AT{'substrate': 'pyr'}"", 'loading: True']",AT(hmal) + KR(B1) + DH,"[""AT{'substrate': 'DCP'}"", ""KR{'type': 'A2'}"", 'loading: False']",TE(linear),387.26,False,
O=C(O)CCC(O)=Cc1ccc[nH]1,"[""AT{'substrate': 'pyr'}"", 'loading: True']",AT(hmal) + KR(B1) + DH,"[""AT{'substrate': 'Malonyl-CoA'}"", ""KR{'type': 'B'}"", 'DH{}', 'ER{}', 'loading: False']",TE(linear),181.19,False,
O=C(O)C(O)=CC(O)=Cc1ccc[nH]1,"[""AT{'substrate': 'pyr'}"", 'loading: True']",AT(hmal) + KR(B1) + DH,"[""AT{'substrate': 'hmal'}"", ""KR{'type': 'B1'}"", 'DH{}', 'loading: False']",TE(linear),195.17,False,
CO[C@@H](C(=O)O)[C@H](O)C(O)=Cc1ccc[nH]1,"[""AT{'substrate': 'pyr'}"", 'loading: True']",AT(hmal) + KR(B1) + DH,"[""AT{'substrate': 'mxmal'}"", ""KR{'type': 'B1'}"", 'loading: False']",TE(linear),227.22,False,
O=C(O)CC(=O)C(O)=Cc1ccc[nH]1,"[""AT{'substrate': 'pyr'}"", 'loading: True']",AT(hmal) + KR(B1) + DH,"[""AT{'substrate': 'Malonyl-CoA'}"", 'loading: False']",TE(linear),195.17,False,
O=C(O)C(CCCCc1c[nH]c(Cl)c1Cl)C(=O)C(O)=Cc1ccc[nH]1,"[""AT{'substrate': 'pyr'}"", 'loading: True']",AT(hmal) + KR(B1) + DH,"[""AT{'substrate': 'DCP'}"", 'loading: False']",TE(linear),385.25,False,
O=C(O)[C@H](CCCCc1c[nH]c(Cl)c1Cl)[C@@H](O)C(O)=CC=Cc1ccccc1,"[""AT{'substrate': 'cin'}"", 'loading: True']",AT(hmal) + KR(B1) + DH,"[""AT{'substrate': 'DCP'}"", ""KR{'type': 'A1'}"", 'loading: False']",TE(linear),424.32,False,
CC(C)[C@H](C(=O)O)[C@H](O)C(O)=CC=Cc1ccccc1,"[""AT{'substrate': 'cin'}"", 'loading: True']",AT(hmal) + KR(B1) + DH,"[""AT{'substrate': 'D-isobutmal'}"", ""KR{'type': 'B2'}"", 'loading: False']",TE(linear),276.33,False,
CC(C)[C@H](C(=O)O)[C@@H](O)C(O)=CC=Cc1ccccc1,"[""AT{'substrate': 'cin'}"", 'loading: True']",AT(hmal) + KR(B1) + DH,"[""AT{'substrate': 'D-isobutmal'}"", ""KR{'type': 'A2'}"", 'loading: False']",TE(linear),276.33,False,
CO[C@@H](CC(O)=CC=Cc1ccccc1)C(=O)O,"[""AT{'substrate': 'cin'}"", 'loading: True']",AT(hmal) + KR(B1) + DH,"[""AT{'substrate': 'mxmal'}"", ""KR{'type': 'B1'}"", 'DH{}', 'ER{}', 'loading: False']",TE(linear),248.28,False,
C[C@@H](C(=O)O)[C@H](O)C(O)=CC=Cc1ccccc1,"[""AT{'substrate': 'cin'}"", 'loading: True']",AT(hmal) + KR(B1) + DH,"[""AT{'substrate': 'Methylmalonyl-CoA'}"", ""KR{'type': 'B1'}"", 'loading: False']",TE(linear),248.28,False,
O=C(O)C=CC(O)=CC=Cc1ccccc1,"[""AT{'substrate': 'cin'}"", 'loading: True']",AT(hmal) + KR(B1) + DH,"[""AT{'substrate': 'Malonyl-CoA'}"", ""KR{'type': 'B'}"", 'DH{}', 'loading: False']",TE(linear),216.24,False,
O=C(O)[C@@H](O)[C@@H](O)C(O)=CC=Cc1ccccc1,"[""AT{'substrate': 'cin'}"", 'loading: True']",AT(hmal) + KR(B1) + DH,"[""AT{'substrate': 'hmal'}"", ""KR{'type': 'A2'}"", 'loading: False']",TE(linear),250.25,False,
C=CC[C@H](C(=O)O)[C@H](O)C(O)=CC=Cc1ccccc1,"[""AT{'substrate': 'cin'}"", 'loading: True']",AT(hmal) + KR(B1) + DH,"[""AT{'substrate': 'allylmal'}"", ""KR{'type': 'B2'}"", 'loading: False']",TE(linear),274.32,False,
CC[C@H](C(=O)O)[C@H](O)C(O)=CC=Cc1ccccc1,"[""AT{'substrate': 'cin'}"", 'loading: True']",AT(hmal) + KR(B1) + DH,"[""AT{'substrate': 'emal'}"", ""KR{'type': 'B2'}"", 'loading: False']",TE(linear),262.31,False,
CC[C@H](C(=O)O)[C@@H](O)C(O)=CC=Cc1ccccc1,"[""AT{'substrate': 'cin'}"", 'loading: True']",AT(hmal) + KR(B1) + DH,"[""AT{'substrate': 'emal'}"", ""KR{'type': 'A2'}"", 'loading: False']",TE(linear),262.31,False,
CC(C)[C@@H](CC(O)=CC=Cc1ccccc1)C(=O)O,"[""AT{'substrate': 'cin'}"", 'loading: True']",AT(hmal) + KR(B1) + DH,"[""AT{'substrate': 'isobutmal'}"", ""KR{'type': 'B1'}"", 'DH{}', 'ER{}', 'loading: False']",TE(linear),260.33,False,
O=C(O)[C@@H](CCCCc1c[nH]c(Cl)c1Cl)CC(O)=CC=Cc1ccccc1,"[""AT{'substrate': 'cin'}"", 'loading: True']",AT(hmal) + KR(B1) + DH,"[""AT{'substrate': 'DCP'}"", ""KR{'type': 'B1'}"", 'DH{}', 'ER{}', 'loading: False']",TE(linear),408.33,False,
C=CCC(=CC(O)=CC=Cc1ccccc1)C(=O)O,"[""AT{'substrate': 'cin'}"", 'loading: True']",AT(hmal) + KR(B1) + DH,"[""AT{'substrate': 'allylmal'}"", ""KR{'type': 'B1'}"", 'DH{}', 'loading: False']",TE(linear),256.3,False,
CC(=CC(O)=CC=Cc1ccccc1)C(=O)O,"[""AT{'substrate': 'cin'}"", 'loading: True']",AT(hmal) + KR(B1) + DH,"[""AT{'substrate': 'Methylmalonyl-CoA'}"", ""KR{'type': 'B1'}"", 'DH{}', 'loading: False']",TE(linear),230.26,False,
CO[C@H](C(=O)O)C(=O)C(O)=CC=Cc1ccccc1,"[""AT{'substrate': 'cin'}"", 'loading: True']",AT(hmal) + KR(B1) + DH,"[""AT{'substrate': 'mxmal'}"", ""KR{'type': 'C2'}"", 'loading: False']",TE(linear),262.26,False,
CO[C@@H](C(=O)O)C(=O)C(O)=CC=Cc1ccccc1,"[""AT{'substrate': 'cin'}"", 'loading: True']",AT(hmal) + KR(B1) + DH,"[""AT{'substrate': 'mxmal'}"", ""KR{'type': 'C1'}"", 'loading: False']",TE(linear),262.26,False,
O=C(O)[C@@H](O)[C@H](O)C(O)=CC=Cc1ccccc1,"[""AT{'substrate': 'cin'}"", 'loading: True']",AT(hmal) + KR(B1) + DH,"[""AT{'substrate': 'hmal'}"", ""KR{'type': 'B2'}"", 'loading: False']",TE(linear),250.25,False,
C=CC[C@@H](C(=O)O)[C@@H](O)C(O)=CC=Cc1ccccc1,"[""AT{'substrate': 'cin'}"", 'loading: True']",AT(hmal) + KR(B1) + DH,"[""AT{'substrate': 'allylmal'}"", ""KR{'type': 'A1'}"", 'loading: False']",TE(linear),274.32,False,
C[C@H](C(=O)O)C(=O)C(O)=CC=Cc1ccccc1,"[""AT{'substrate': 'cin'}"", 'loading: True']",AT(hmal) + KR(B1) + DH,"[""AT{'substrate': 'Methylmalonyl-CoA'}"", ""KR{'type': 'C2'}"", 'loading: False']",TE(linear),246.26,False,
C[C@@H](C(=O)O)C(=O)C(O)=CC=Cc1ccccc1,"[""AT{'substrate': 'cin'}"", 'loading: True']",AT(hmal) + KR(B1) + DH,"[""AT{'substrate': 'Methylmalonyl-CoA'}"", ""KR{'type': 'C1'}"", 'loading: False']",TE(linear),246.26,False,
CC[C@H](C(=O)O)C(=O)C(O)=CC=Cc1ccccc1,"[""AT{'substrate': 'cin'}"", 'loading: True']",AT(hmal) + KR(B1) + DH,"[""AT{'substrate': 'emal'}"", ""KR{'type': 'C2'}"", 'loading: False']",TE(linear),260.29,False,
CC[C@@H](C(=O)O)[C@@H](O)C(O)=CC=Cc1ccccc1,"[""AT{'substrate': 'cin'}"", 'loading: True']",AT(hmal) + KR(B1) + DH,"[""AT{'substrate': 'emal'}"", ""KR{'type': 'A1'}"", 'loading: False']",TE(linear),262.31,False,
O=C(O)C[C@@H](O)C(O)=CC=Cc1ccccc1,"[""AT{'substrate': 'cin'}"", 'loading: True']",AT(hmal) + KR(B1) + DH,"[""AT{'substrate': 'Malonyl-CoA'}"", ""KR{'type': 'A'}"", 'loading: False']",TE(linear),234.25,False,
CO[C@H](C(=O)O)[C@H](O)C(O)=CC=Cc1ccccc1,"[""AT{'substrate': 'cin'}"", 'loading: True']",AT(hmal) + KR(B1) + DH,"[""AT{'substrate': 'mxmal'}"", ""KR{'type': 'B2'}"", 'loading: False']",TE(linear),264.28,False,
O=C(O)[C@H](O)[C@@H](O)C(O)=CC=Cc1ccccc1,"[""AT{'substrate': 'cin'}"", 'loading: True']",AT(hmal) + KR(B1) + DH,"[""AT{'substrate': 'hmal'}"", ""KR{'type': 'A1'}"", 'loading: False']",TE(linear),250.25,False,
CCCCCCC(=CC(O)=CC=Cc1ccccc1)C(=O)O,"[""AT{'substrate': 'cin'}"", 'loading: True']",AT(hmal) + KR(B1) + DH,"[""AT{'substrate': 'hexmal'}"", ""KR{'type': 'B1'}"", 'DH{}', 'loading: False']",TE(linear),300.4,False,
CC(C)[C@@H](C(=O)O)C(=O)C(O)=CC=Cc1ccccc1,"[""AT{'substrate': 'cin'}"", 'loading: True']",AT(hmal) + KR(B1) + DH,"[""AT{'substrate': 'isobutmal'}"", 'loading: False']",TE(linear),274.32,False,
CCCCCC[C@@H](CC(O)=CC=Cc1ccccc1)C(=O)O,"[""AT{'substrate': 'cin'}"", 'loading: True']",AT(hmal) + KR(B1) + DH,"[""AT{'substrate': 'hexmal'}"", ""KR{'type': 'B1'}"", 'DH{}', 'ER{}', 'loading: False']",TE(linear),302.41,False,
C=CC[C@@H](C(=O)O)[C@H](O)C(O)=CC=Cc1ccccc1,"[""AT{'substrate': 'cin'}"", 'loading: True']",AT(hmal) + KR(B1) + DH,"[""AT{'substrate': 'allylmal'}"", ""KR{'type': 'B1'}"", 'loading: False']",TE(linear),274.32,False,
C=CC[C@H](C(=O)O)[C@@H](O)C(O)=CC=Cc1ccccc1,"[""AT{'substrate': 'cin'}"", 'loading: True']",AT(hmal) + KR(B1) + DH,"[""AT{'substrate': 'allylmal'}"", ""KR{'type': 'A2'}"", 'loading: False']",TE(linear),274.32,False,
CCCC[C@H](C(=O)O)[C@H](O)C(O)=CC=Cc1ccccc1,"[""AT{'substrate': 'cin'}"", 'loading: True']",AT(hmal) + KR(B1) + DH,"[""AT{'substrate': 'butmal'}"", ""KR{'type': 'B2'}"", 'loading: False']",TE(linear),290.36,False,
CCCC[C@H](C(=O)O)[C@@H](O)C(O)=CC=Cc1ccccc1,"[""AT{'substrate': 'cin'}"", 'loading: True']",AT(hmal) + KR(B1) + DH,"[""AT{'substrate': 'butmal'}"", ""KR{'type': 'A2'}"", 'loading: False']",TE(linear),290.36,False,
CC(C)[C@H](C(=O)O)C(=O)C(O)=CC=Cc1ccccc1,"[""AT{'substrate': 'cin'}"", 'loading: True']",AT(hmal) + KR(B1) + DH,"[""AT{'substrate': 'D-isobutmal'}"", 'loading: False']",TE(linear),274.32,False,
O=C(O)C(=CC(O)=CC=Cc1ccccc1)CCCCc1c[nH]c(Cl)c1Cl,"[""AT{'substrate': 'cin'}"", 'loading: True']",AT(hmal) + KR(B1) + DH,"[""AT{'substrate': 'DCP'}"", ""KR{'type': 'B1'}"", 'DH{}', 'loading: False']",TE(linear),406.31,False,
C=CC[C@@H](CC(O)=CC=Cc1ccccc1)C(=O)O,"[""AT{'substrate': 'cin'}"", 'loading: True']",AT(hmal) + KR(B1) + DH,"[""AT{'substrate': 'allylmal'}"", ""KR{'type': 'B1'}"", 'DH{}', 'ER{}', 'loading: False']",TE(linear),258.32,False,
CO[C@@H](C(=O)O)[C@@H](O)C(O)=CC=Cc1ccccc1,"[""AT{'substrate': 'cin'}"", 'loading: True']",AT(hmal) + KR(B1) + DH,"[""AT{'substrate': 'mxmal'}"", ""KR{'type': 'A1'}"", 'loading: False']",TE(linear),264.28,False,
C=CC[C@H](C(=O)O)C(=O)C(O)=CC=Cc1ccccc1,"[""AT{'substrate': 'cin'}"", 'loading: True']",AT(hmal) + KR(B1) + DH,"[""AT{'substrate': 'allylmal'}"", ""KR{'type': 'C2'}"", 'loading: False']",TE(linear),272.3,False,
C=CC[C@@H](C(=O)O)C(=O)C(O)=CC=Cc1ccccc1,"[""AT{'substrate': 'cin'}"", 'loading: True']",AT(hmal) + KR(B1) + DH,"[""AT{'substrate': 'allylmal'}"", ""KR{'type': 'C1'}"", 'loading: False']",TE(linear),272.3,False,
O=C(O)[C@H](CCCCc1c[nH]c(Cl)c1Cl)[C@H](O)C(O)=CC=Cc1ccccc1,"[""AT{'substrate': 'cin'}"", 'loading: True']",AT(hmal) + KR(B1) + DH,"[""AT{'substrate': 'DCP'}"", ""KR{'type': 'B1'}"", 'loading: False']",TE(linear),424.32,False,
CC(C)[C@@H](C(=O)O)[C@@H](O)C(O)=CC=Cc1ccccc1,"[""AT{'substrate': 'cin'}"", 'loading: True']",AT(hmal) + KR(B1) + DH,"[""AT{'substrate': 'isobutmal'}"", ""KR{'type': 'A1'}"", 'loading: False']",TE(linear),276.33,False,
CCCCCC[C@H](C(=O)O)C(=O)C(O)=CC=Cc1ccccc1,"[""AT{'substrate': 'cin'}"", 'loading: True']",AT(hmal) + KR(B1) + DH,"[""AT{'substrate': 'hexmal'}"", 'loading: False']",TE(linear),316.4,False,
CCC(=CC(O)=CC=Cc1ccccc1)C(=O)O,"[""AT{'substrate': 'cin'}"", 'loading: True']",AT(hmal) + KR(B1) + DH,"[""AT{'substrate': 'emal'}"", ""KR{'type': 'B1'}"", 'DH{}', 'loading: False']",TE(linear),244.29,False,
CCCC[C@@H](C(=O)O)[C@@H](O)C(O)=CC=Cc1ccccc1,"[""AT{'substrate': 'cin'}"", 'loading: True']",AT(hmal) + KR(B1) + DH,"[""AT{'substrate': 'butmal'}"", ""KR{'type': 'A1'}"", 'loading: False']",TE(linear),290.36,False,
CCCCCC[C@H](C(=O)O)[C@H](O)C(O)=CC=Cc1ccccc1,"[""AT{'substrate': 'cin'}"", 'loading: True']",AT(hmal) + KR(B1) + DH,"[""AT{'substrate': 'hexmal'}"", ""KR{'type': 'B2'}"", 'loading: False']",TE(linear),318.41,False,
CCCCCC[C@H](C(=O)O)[C@@H](O)C(O)=CC=Cc1ccccc1,"[""AT{'substrate': 'cin'}"", 'loading: True']",AT(hmal) + KR(B1) + DH,"[""AT{'substrate': 'hexmal'}"", ""KR{'type': 'A2'}"", 'loading: False']",TE(linear),318.41,False,
CO[C@H](C(=O)O)[C@@H](O)C(O)=CC=Cc1ccccc1,"[""AT{'substrate': 'cin'}"", 'loading: True']",AT(hmal) + KR(B1) + DH,"[""AT{'substrate': 'mxmal'}"", ""KR{'type': 'A2'}"", 'loading: False']",TE(linear),264.28,False,
CC(C)[C@@H](C(=O)O)[C@H](O)C(O)=CC=Cc1ccccc1,"[""AT{'substrate': 'cin'}"", 'loading: True']",AT(hmal) + KR(B1) + DH,"[""AT{'substrate': 'isobutmal'}"", ""KR{'type': 'B1'}"", 'loading: False']",TE(linear),276.33,False,
CCCC[C@@H](C(=O)O)[C@H](O)C(O)=CC=Cc1ccccc1,"[""AT{'substrate': 'cin'}"", 'loading: True']",AT(hmal) + KR(B1) + DH,"[""AT{'substrate': 'butmal'}"", ""KR{'type': 'B1'}"", 'loading: False']",TE(linear),290.36,False,
O=C(O)[C@@H](CCCCc1c[nH]c(Cl)c1Cl)C(=O)C(O)=CC=Cc1ccccc1,"[""AT{'substrate': 'cin'}"", 'loading: True']",AT(hmal) + KR(B1) + DH,"[""AT{'substrate': 'DCP'}"", ""KR{'type': 'C2'}"", 'loading: False']",TE(linear),422.31,False,
O=C(O)[C@H](CCCCc1c[nH]c(Cl)c1Cl)C(=O)C(O)=CC=Cc1ccccc1,"[""AT{'substrate': 'cin'}"", 'loading: True']",AT(hmal) + KR(B1) + DH,"[""AT{'substrate': 'DCP'}"", ""KR{'type': 'C1'}"", 'loading: False']",TE(linear),422.31,False,
C[C@H](C(=O)O)[C@H](O)C(O)=CC=Cc1ccccc1,"[""AT{'substrate': 'cin'}"", 'loading: True']",AT(hmal) + KR(B1) + DH,"[""AT{'substrate': 'Methylmalonyl-CoA'}"", ""KR{'type': 'B2'}"", 'loading: False']",TE(linear),248.28,False,
C[C@H](C(=O)O)[C@@H](O)C(O)=CC=Cc1ccccc1,"[""AT{'substrate': 'cin'}"", 'loading: True']",AT(hmal) + KR(B1) + DH,"[""AT{'substrate': 'Methylmalonyl-CoA'}"", ""KR{'type': 'A2'}"", 'loading: False']",TE(linear),248.28,False,
CCCCCC[C@@H](C(=O)O)[C@@H](O)C(O)=CC=Cc1ccccc1,"[""AT{'substrate': 'cin'}"", 'loading: True']",AT(hmal) + KR(B1) + DH,"[""AT{'substrate': 'hexmal'}"", ""KR{'type': 'A1'}"", 'loading: False']",TE(linear),318.41,False,
O=C(O)[C@@H](O)CC(O)=CC=Cc1ccccc1,"[""AT{'substrate': 'cin'}"", 'loading: True']",AT(hmal) + KR(B1) + DH,"[""AT{'substrate': 'hmal'}"", ""KR{'type': 'B1'}"", 'DH{}', 'ER{}', 'loading: False']",TE(linear),234.25,False,
CCCCC(=CC(O)=CC=Cc1ccccc1)C(=O)O,"[""AT{'substrate': 'cin'}"", 'loading: True']",AT(hmal) + KR(B1) + DH,"[""AT{'substrate': 'butmal'}"", ""KR{'type': 'B1'}"", 'DH{}', 'loading: False']",TE(linear),272.34,False,
O=C(O)[C@H](O)[C@H](O)C(O)=CC=Cc1ccccc1,"[""AT{'substrate': 'cin'}"", 'loading: True']",AT(hmal) + KR(B1) + DH,"[""AT{'substrate': 'hmal'}"", ""KR{'type': 'B1'}"", 'loading: False']",TE(linear),250.25,False,
CC[C@@H](C(=O)O)[C@H](O)C(O)=CC=Cc1ccccc1,"[""AT{'substrate': 'cin'}"", 'loading: True']",AT(hmal) + KR(B1) + DH,"[""AT{'substrate': 'emal'}"", ""KR{'type': 'B1'}"", 'loading: False']",TE(linear),262.31,False,
CCCC[C@H](C(=O)O)C(=O)C(O)=CC=Cc1ccccc1,"[""AT{'substrate': 'cin'}"", 'loading: True']",AT(hmal) + KR(B1) + DH,"[""AT{'substrate': 'butmal'}"", ""KR{'type': 'C2'}"", 'loading: False']",TE(linear),288.34,False,
CCCC[C@@H](C(=O)O)C(=O)C(O)=CC=Cc1ccccc1,"[""AT{'substrate': 'cin'}"", 'loading: True']",AT(hmal) + KR(B1) + DH,"[""AT{'substrate': 'butmal'}"", ""KR{'type': 'C1'}"", 'loading: False']",TE(linear),288.34,False,
CC(C)C(=CC(O)=CC=Cc1ccccc1)C(=O)O,"[""AT{'substrate': 'cin'}"", 'loading: True']",AT(hmal) + KR(B1) + DH,"[""AT{'substrate': 'isobutmal'}"", ""KR{'type': 'B1'}"", 'DH{}', 'loading: False']",TE(linear),258.32,False,
CCCCCC[C@@H](C(=O)O)[C@H](O)C(O)=CC=Cc1ccccc1,"[""AT{'substrate': 'cin'}"", 'loading: True']",AT(hmal) + KR(B1) + DH,"[""AT{'substrate': 'hexmal'}"", ""KR{'type': 'B1'}"", 'loading: False']",TE(linear),318.41,False,
COC(=CC(O)=CC=Cc1ccccc1)C(=O)O,"[""AT{'substrate': 'cin'}"", 'loading: True']",AT(hmal) + KR(B1) + DH,"[""AT{'substrate': 'mxmal'}"", ""KR{'type': 'B1'}"", 'DH{}', 'loading: False']",TE(linear),246.26,False,
C[C@@H](C(=O)O)[C@@H](O)C(O)=CC=Cc1ccccc1,"[""AT{'substrate': 'cin'}"", 'loading: True']",AT(hmal) + KR(B1) + DH,"[""AT{'substrate': 'Methylmalonyl-CoA'}"", ""KR{'type': 'A1'}"", 'loading: False']",TE(linear),248.28,False,
O=C(O)[C@@H](O)C(=O)C(O)=CC=Cc1ccccc1,"[""AT{'substrate': 'cin'}"", 'loading: True']",AT(hmal) + KR(B1) + DH,"[""AT{'substrate': 'hmal'}"", ""KR{'type': 'C2'}"", 'loading: False']",TE(linear),248.23,False,
O=C(O)[C@H](O)C(=O)C(O)=CC=Cc1ccccc1,"[""AT{'substrate': 'cin'}"", 'loading: True']",AT(hmal) + KR(B1) + DH,"[""AT{'substrate': 'hmal'}"", ""KR{'type': 'C1'}"", 'loading: False']",TE(linear),248.23,False,
O=C(O)C(O)C(=O)C(O)=CC=Cc1ccccc1,"[""AT{'substrate': 'cin'}"", 'loading: True']",AT(hmal) + KR(B1) + DH,"[""AT{'substrate': 'hmal'}"", 'loading: False']",TE(linear),248.23,False,
CCCC[C@@H](CC(O)=CC=Cc1ccccc1)C(=O)O,"[""AT{'substrate': 'cin'}"", 'loading: True']",AT(hmal) + KR(B1) + DH,"[""AT{'substrate': 'butmal'}"", ""KR{'type': 'B1'}"", 'DH{}', 'ER{}', 'loading: False']",TE(linear),274.36,False,
CC[C@@H](C(=O)O)C(=O)C(O)=CC=Cc1ccccc1,"[""AT{'substrate': 'cin'}"", 'loading: True']",AT(hmal) + KR(B1) + DH,"[""AT{'substrate': 'emal'}"", ""KR{'type': 'C1'}"", 'loading: False']",TE(linear),260.29,False,
O=C(O)C[C@H](O)C(O)=CC=Cc1ccccc1,"[""AT{'substrate': 'cin'}"", 'loading: True']",AT(hmal) + KR(B1) + DH,"[""AT{'substrate': 'Malonyl-CoA'}"", ""KR{'type': 'B'}"", 'loading: False']",TE(linear),234.25,False,
CC[C@@H](CC(O)=CC=Cc1ccccc1)C(=O)O,"[""AT{'substrate': 'cin'}"", 'loading: True']",AT(hmal) + KR(B1) + DH,"[""AT{'substrate': 'emal'}"", ""KR{'type': 'B1'}"", 'DH{}', 'ER{}', 'loading: False']",TE(linear),246.31,False,
CCCCCC[C@@H](C(=O)O)C(=O)C(O)=CC=Cc1ccccc1,"[""AT{'substrate': 'cin'}"", 'loading: True']",AT(hmal) + KR(B1) + DH,"[""AT{'substrate': 'hexmal'}"", ""KR{'type': 'C1'}"", 'loading: False']",TE(linear),316.4,False,
C[C@@H](CC(O)=CC=Cc1ccccc1)C(=O)O,"[""AT{'substrate': 'cin'}"", 'loading: True']",AT(hmal) + KR(B1) + DH,"[""AT{'substrate': 'Methylmalonyl-CoA'}"", ""KR{'type': 'B1'}"", 'DH{}', 'ER{}', 'loading: False']",TE(linear),232.28,False,
O=C(O)[C@@H](CCCCc1c[nH]c(Cl)c1Cl)[C@H](O)C(O)=CC=Cc1ccccc1,"[""AT{'substrate': 'cin'}"", 'loading: True']",AT(hmal) + KR(B1) + DH,"[""AT{'substrate': 'DCP'}"", ""KR{'type': 'B2'}"", 'loading: False']",TE(linear),424.32,False,
O=C(O)[C@@H](CCCCc1c[nH]c(Cl)c1Cl)[C@@H](O)C(O)=CC=Cc1ccccc1,"[""AT{'substrate': 'cin'}"", 'loading: True']",AT(hmal) + KR(B1) + DH,"[""AT{'substrate': 'DCP'}"", ""KR{'type': 'A2'}"", 'loading: False']",TE(linear),424.32,False,
O=C(O)CCC(O)=CC=Cc1ccccc1,"[""AT{'substrate': 'cin'}"", 'loading: True']",AT(hmal) + KR(B1) + DH,"[""AT{'substrate': 'Malonyl-CoA'}"", ""KR{'type': 'B'}"", 'DH{}', 'ER{}', 'loading: False']",TE(linear),218.25,False,
O=C(O)C(O)=CC(O)=CC=Cc1ccccc1,"[""AT{'substrate': 'cin'}"", 'loading: True']",AT(hmal) + KR(B1) + DH,"[""AT{'substrate': 'hmal'}"", ""KR{'type': 'B1'}"", 'DH{}', 'loading: False']",TE(linear),232.24,False,
CO[C@@H](C(=O)O)[C@H](O)C(O)=CC=Cc1ccccc1,"[""AT{'substrate': 'cin'}"", 'loading: True']",AT(hmal) + KR(B1) + DH,"[""AT{'substrate': 'mxmal'}"", ""KR{'type': 'B1'}"", 'loading: False']",TE(linear),264.28,False,
O=C(O)CC(=O)C(O)=CC=Cc1ccccc1,"[""AT{'substrate': 'cin'}"", 'loading: True']",AT(hmal) + KR(B1) + DH,"[""AT{'substrate': 'Malonyl-CoA'}"", 'loading: False']",TE(linear),232.24,False,
O=C(O)C(CCCCc1c[nH]c(Cl)c1Cl)C(=O)C(O)=CC=Cc1ccccc1,"[""AT{'substrate': 'cin'}"", 'loading: True']",AT(hmal) + KR(B1) + DH,"[""AT{'substrate': 'DCP'}"", 'loading: False']",TE(linear),422.31,False,
Nc1cc(O)cc(C=C(O)[C@H](O)[C@@H](CCCCc2c[nH]c(Cl)c2Cl)C(=O)O)c1,"[""AT{'substrate': 'AHBA'}"", 'loading: True']",AT(hmal) + KR(B1) + DH,"[""AT{'substrate': 'DCP'}"", ""KR{'type': 'A1'}"", 'loading: False']",TE(linear),429.3,False,
CC(C)[C@H](C(=O)O)[C@H](O)C(O)=Cc1cc(N)cc(O)c1,"[""AT{'substrate': 'AHBA'}"", 'loading: True']",AT(hmal) + KR(B1) + DH,"[""AT{'substrate': 'D-isobutmal'}"", ""KR{'type': 'B2'}"", 'loading: False']",TE(linear),281.31,False,
CC(C)[C@H](C(=O)O)[C@@H](O)C(O)=Cc1cc(N)cc(O)c1,"[""AT{'substrate': 'AHBA'}"", 'loading: True']",AT(hmal) + KR(B1) + DH,"[""AT{'substrate': 'D-isobutmal'}"", ""KR{'type': 'A2'}"", 'loading: False']",TE(linear),281.31,False,
CO[C@@H](CC(O)=Cc1cc(N)cc(O)c1)C(=O)O,"[""AT{'substrate': 'AHBA'}"", 'loading: True']",AT(hmal) + KR(B1) + DH,"[""AT{'substrate': 'mxmal'}"", ""KR{'type': 'B1'}"", 'DH{}', 'ER{}', 'loading: False']",TE(linear),253.25,False,
C[C@@H](C(=O)O)[C@H](O)C(O)=Cc1cc(N)cc(O)c1,"[""AT{'substrate': 'AHBA'}"", 'loading: True']",AT(hmal) + KR(B1) + DH,"[""AT{'substrate': 'Methylmalonyl-CoA'}"", ""KR{'type': 'B1'}"", 'loading: False']",TE(linear),253.25,False,
Nc1cc(O)cc(C=C(O)C=CC(=O)O)c1,"[""AT{'substrate': 'AHBA'}"", 'loading: True']",AT(hmal) + KR(B1) + DH,"[""AT{'substrate': 'Malonyl-CoA'}"", ""KR{'type': 'B'}"", 'DH{}', 'loading: False']",TE(linear),221.21,False,
Nc1cc(O)cc(C=C(O)[C@H](O)[C@H](O)C(=O)O)c1,"[""AT{'substrate': 'AHBA'}"", 'loading: True']",AT(hmal) + KR(B1) + DH,"[""AT{'substrate': 'hmal'}"", ""KR{'type': 'A2'}"", 'loading: False']",TE(linear),255.23,False,
C=CC[C@H](C(=O)O)[C@H](O)C(O)=Cc1cc(N)cc(O)c1,"[""AT{'substrate': 'AHBA'}"", 'loading: True']",AT(hmal) + KR(B1) + DH,"[""AT{'substrate': 'allylmal'}"", ""KR{'type': 'B2'}"", 'loading: False']",TE(linear),279.29,False,
CC[C@H](C(=O)O)[C@H](O)C(O)=Cc1cc(N)cc(O)c1,"[""AT{'substrate': 'AHBA'}"", 'loading: True']",AT(hmal) + KR(B1) + DH,"[""AT{'substrate': 'emal'}"", ""KR{'type': 'B2'}"", 'loading: False']",TE(linear),267.28,False,
CC[C@H](C(=O)O)[C@@H](O)C(O)=Cc1cc(N)cc(O)c1,"[""AT{'substrate': 'AHBA'}"", 'loading: True']",AT(hmal) + KR(B1) + DH,"[""AT{'substrate': 'emal'}"", ""KR{'type': 'A2'}"", 'loading: False']",TE(linear),267.28,False,
CC(C)[C@@H](CC(O)=Cc1cc(N)cc(O)c1)C(=O)O,"[""AT{'substrate': 'AHBA'}"", 'loading: True']",AT(hmal) + KR(B1) + DH,"[""AT{'substrate': 'isobutmal'}"", ""KR{'type': 'B1'}"", 'DH{}', 'ER{}', 'loading: False']",TE(linear),265.31,False,
Nc1cc(O)cc(C=C(O)C[C@H](CCCCc2c[nH]c(Cl)c2Cl)C(=O)O)c1,"[""AT{'substrate': 'AHBA'}"", 'loading: True']",AT(hmal) + KR(B1) + DH,"[""AT{'substrate': 'DCP'}"", ""KR{'type': 'B1'}"", 'DH{}', 'ER{}', 'loading: False']",TE(linear),413.3,False,
C=CCC(=CC(O)=Cc1cc(N)cc(O)c1)C(=O)O,"[""AT{'substrate': 'AHBA'}"", 'loading: True']",AT(hmal) + KR(B1) + DH,"[""AT{'substrate': 'allylmal'}"", ""KR{'type': 'B1'}"", 'DH{}', 'loading: False']",TE(linear),261.28,False,
CC(=CC(O)=Cc1cc(N)cc(O)c1)C(=O)O,"[""AT{'substrate': 'AHBA'}"", 'loading: True']",AT(hmal) + KR(B1) + DH,"[""AT{'substrate': 'Methylmalonyl-CoA'}"", ""KR{'type': 'B1'}"", 'DH{}', 'loading: False']",TE(linear),235.24,False,
CO[C@H](C(=O)O)C(=O)C(O)=Cc1cc(N)cc(O)c1,"[""AT{'substrate': 'AHBA'}"", 'loading: True']",AT(hmal) + KR(B1) + DH,"[""AT{'substrate': 'mxmal'}"", ""KR{'type': 'C2'}"", 'loading: False']",TE(linear),267.24,False,
CO[C@@H](C(=O)O)C(=O)C(O)=Cc1cc(N)cc(O)c1,"[""AT{'substrate': 'AHBA'}"", 'loading: True']",AT(hmal) + KR(B1) + DH,"[""AT{'substrate': 'mxmal'}"", ""KR{'type': 'C1'}"", 'loading: False']",TE(linear),267.24,False,
Nc1cc(O)cc(C=C(O)[C@@H](O)[C@H](O)C(=O)O)c1,"[""AT{'substrate': 'AHBA'}"", 'loading: True']",AT(hmal) + KR(B1) + DH,"[""AT{'substrate': 'hmal'}"", ""KR{'type': 'B2'}"", 'loading: False']",TE(linear),255.23,False,
C=CC[C@@H](C(=O)O)[C@@H](O)C(O)=Cc1cc(N)cc(O)c1,"[""AT{'substrate': 'AHBA'}"", 'loading: True']",AT(hmal) + KR(B1) + DH,"[""AT{'substrate': 'allylmal'}"", ""KR{'type': 'A1'}"", 'loading: False']",TE(linear),279.29,False,
C[C@H](C(=O)O)C(=O)C(O)=Cc1cc(N)cc(O)c1,"[""AT{'substrate': 'AHBA'}"", 'loading: True']",AT(hmal) + KR(B1) + DH,"[""AT{'substrate': 'Methylmalonyl-CoA'}"", ""KR{'type': 'C2'}"", 'loading: False']",TE(linear),251.24,False,
C[C@@H](C(=O)O)C(=O)C(O)=Cc1cc(N)cc(O)c1,"[""AT{'substrate': 'AHBA'}"", 'loading: True']",AT(hmal) + KR(B1) + DH,"[""AT{'substrate': 'Methylmalonyl-CoA'}"", ""KR{'type': 'C1'}"", 'loading: False']",TE(linear),251.24,False,
CC[C@H](C(=O)O)C(=O)C(O)=Cc1cc(N)cc(O)c1,"[""AT{'substrate': 'AHBA'}"", 'loading: True']",AT(hmal) + KR(B1) + DH,"[""AT{'substrate': 'emal'}"", ""KR{'type': 'C2'}"", 'loading: False']",TE(linear),265.26,False,
CC[C@@H](C(=O)O)[C@@H](O)C(O)=Cc1cc(N)cc(O)c1,"[""AT{'substrate': 'AHBA'}"", 'loading: True']",AT(hmal) + KR(B1) + DH,"[""AT{'substrate': 'emal'}"", ""KR{'type': 'A1'}"", 'loading: False']",TE(linear),267.28,False,
Nc1cc(O)cc(C=C(O)[C@H](O)CC(=O)O)c1,"[""AT{'substrate': 'AHBA'}"", 'loading: True']",AT(hmal) + KR(B1) + DH,"[""AT{'substrate': 'Malonyl-CoA'}"", ""KR{'type': 'A'}"", 'loading: False']",TE(linear),239.23,False,
CO[C@H](C(=O)O)[C@H](O)C(O)=Cc1cc(N)cc(O)c1,"[""AT{'substrate': 'AHBA'}"", 'loading: True']",AT(hmal) + KR(B1) + DH,"[""AT{'substrate': 'mxmal'}"", ""KR{'type': 'B2'}"", 'loading: False']",TE(linear),269.25,False,
Nc1cc(O)cc(C=C(O)[C@H](O)[C@@H](O)C(=O)O)c1,"[""AT{'substrate': 'AHBA'}"", 'loading: True']",AT(hmal) + KR(B1) + DH,"[""AT{'substrate': 'hmal'}"", ""KR{'type': 'A1'}"", 'loading: False']",TE(linear),255.23,False,
CCCCCCC(=CC(O)=Cc1cc(N)cc(O)c1)C(=O)O,"[""AT{'substrate': 'AHBA'}"", 'loading: True']",AT(hmal) + KR(B1) + DH,"[""AT{'substrate': 'hexmal'}"", ""KR{'type': 'B1'}"", 'DH{}', 'loading: False']",TE(linear),305.37,False,
CC(C)[C@@H](C(=O)O)C(=O)C(O)=Cc1cc(N)cc(O)c1,"[""AT{'substrate': 'AHBA'}"", 'loading: True']",AT(hmal) + KR(B1) + DH,"[""AT{'substrate': 'isobutmal'}"", 'loading: False']",TE(linear),279.29,False,
CCCCCC[C@@H](CC(O)=Cc1cc(N)cc(O)c1)C(=O)O,"[""AT{'substrate': 'AHBA'}"", 'loading: True']",AT(hmal) + KR(B1) + DH,"[""AT{'substrate': 'hexmal'}"", ""KR{'type': 'B1'}"", 'DH{}', 'ER{}', 'loading: False']",TE(linear),307.39,False,
C=CC[C@@H](C(=O)O)[C@H](O)C(O)=Cc1cc(N)cc(O)c1,"[""AT{'substrate': 'AHBA'}"", 'loading: True']",AT(hmal) + KR(B1) + DH,"[""AT{'substrate': 'allylmal'}"", ""KR{'type': 'B1'}"", 'loading: False']",TE(linear),279.29,False,
C=CC[C@H](C(=O)O)[C@@H](O)C(O)=Cc1cc(N)cc(O)c1,"[""AT{'substrate': 'AHBA'}"", 'loading: True']",AT(hmal) + KR(B1) + DH,"[""AT{'substrate': 'allylmal'}"", ""KR{'type': 'A2'}"", 'loading: False']",TE(linear),279.29,False,
CCCC[C@H](C(=O)O)[C@H](O)C(O)=Cc1cc(N)cc(O)c1,"[""AT{'substrate': 'AHBA'}"", 'loading: True']",AT(hmal) + KR(B1) + DH,"[""AT{'substrate': 'butmal'}"", ""KR{'type': 'B2'}"", 'loading: False']",TE(linear),295.33,False,
CCCC[C@H](C(=O)O)[C@@H](O)C(O)=Cc1cc(N)cc(O)c1,"[""AT{'substrate': 'AHBA'}"", 'loading: True']",AT(hmal) + KR(B1) + DH,"[""AT{'substrate': 'butmal'}"", ""KR{'type': 'A2'}"", 'loading: False']",TE(linear),295.33,False,
CC(C)[C@H](C(=O)O)C(=O)C(O)=Cc1cc(N)cc(O)c1,"[""AT{'substrate': 'AHBA'}"", 'loading: True']",AT(hmal) + KR(B1) + DH,"[""AT{'substrate': 'D-isobutmal'}"", 'loading: False']",TE(linear),279.29,False,
Nc1cc(O)cc(C=C(O)C=C(CCCCc2c[nH]c(Cl)c2Cl)C(=O)O)c1,"[""AT{'substrate': 'AHBA'}"", 'loading: True']",AT(hmal) + KR(B1) + DH,"[""AT{'substrate': 'DCP'}"", ""KR{'type': 'B1'}"", 'DH{}', 'loading: False']",TE(linear),411.29,False,
C=CC[C@@H](CC(O)=Cc1cc(N)cc(O)c1)C(=O)O,"[""AT{'substrate': 'AHBA'}"", 'loading: True']",AT(hmal) + KR(B1) + DH,"[""AT{'substrate': 'allylmal'}"", ""KR{'type': 'B1'}"", 'DH{}', 'ER{}', 'loading: False']",TE(linear),263.29,False,
CO[C@@H](C(=O)O)[C@@H](O)C(O)=Cc1cc(N)cc(O)c1,"[""AT{'substrate': 'AHBA'}"", 'loading: True']",AT(hmal) + KR(B1) + DH,"[""AT{'substrate': 'mxmal'}"", ""KR{'type': 'A1'}"", 'loading: False']",TE(linear),269.25,False,
C=CC[C@H](C(=O)O)C(=O)C(O)=Cc1cc(N)cc(O)c1,"[""AT{'substrate': 'AHBA'}"", 'loading: True']",AT(hmal) + KR(B1) + DH,"[""AT{'substrate': 'allylmal'}"", ""KR{'type': 'C2'}"", 'loading: False']",TE(linear),277.28,False,
C=CC[C@@H](C(=O)O)C(=O)C(O)=Cc1cc(N)cc(O)c1,"[""AT{'substrate': 'AHBA'}"", 'loading: True']",AT(hmal) + KR(B1) + DH,"[""AT{'substrate': 'allylmal'}"", ""KR{'type': 'C1'}"", 'loading: False']",TE(linear),277.28,False,
Nc1cc(O)cc(C=C(O)[C@@H](O)[C@@H](CCCCc2c[nH]c(Cl)c2Cl)C(=O)O)c1,"[""AT{'substrate': 'AHBA'}"", 'loading: True']",AT(hmal) + KR(B1) + DH,"[""AT{'substrate': 'DCP'}"", ""KR{'type': 'B1'}"", 'loading: False']",TE(linear),429.3,False,
CC(C)[C@@H](C(=O)O)[C@@H](O)C(O)=Cc1cc(N)cc(O)c1,"[""AT{'substrate': 'AHBA'}"", 'loading: True']",AT(hmal) + KR(B1) + DH,"[""AT{'substrate': 'isobutmal'}"", ""KR{'type': 'A1'}"", 'loading: False']",TE(linear),281.31,False,
CCCCCC[C@H](C(=O)O)C(=O)C(O)=Cc1cc(N)cc(O)c1,"[""AT{'substrate': 'AHBA'}"", 'loading: True']",AT(hmal) + KR(B1) + DH,"[""AT{'substrate': 'hexmal'}"", 'loading: False']",TE(linear),321.37,False,
CCC(=CC(O)=Cc1cc(N)cc(O)c1)C(=O)O,"[""AT{'substrate': 'AHBA'}"", 'loading: True']",AT(hmal) + KR(B1) + DH,"[""AT{'substrate': 'emal'}"", ""KR{'type': 'B1'}"", 'DH{}', 'loading: False']",TE(linear),249.27,False,
CCCC[C@@H](C(=O)O)[C@@H](O)C(O)=Cc1cc(N)cc(O)c1,"[""AT{'substrate': 'AHBA'}"", 'loading: True']",AT(hmal) + KR(B1) + DH,"[""AT{'substrate': 'butmal'}"", ""KR{'type': 'A1'}"", 'loading: False']",TE(linear),295.33,False,
CCCCCC[C@H](C(=O)O)[C@H](O)C(O)=Cc1cc(N)cc(O)c1,"[""AT{'substrate': 'AHBA'}"", 'loading: True']",AT(hmal) + KR(B1) + DH,"[""AT{'substrate': 'hexmal'}"", ""KR{'type': 'B2'}"", 'loading: False']",TE(linear),323.39,False,
CCCCCC[C@H](C(=O)O)[C@@H](O)C(O)=Cc1cc(N)cc(O)c1,"[""AT{'substrate': 'AHBA'}"", 'loading: True']",AT(hmal) + KR(B1) + DH,"[""AT{'substrate': 'hexmal'}"", ""KR{'type': 'A2'}"", 'loading: False']",TE(linear),323.39,False,
CO[C@H](C(=O)O)[C@@H](O)C(O)=Cc1cc(N)cc(O)c1,"[""AT{'substrate': 'AHBA'}"", 'loading: True']",AT(hmal) + KR(B1) + DH,"[""AT{'substrate': 'mxmal'}"", ""KR{'type': 'A2'}"", 'loading: False']",TE(linear),269.25,False,
CC(C)[C@@H](C(=O)O)[C@H](O)C(O)=Cc1cc(N)cc(O)c1,"[""AT{'substrate': 'AHBA'}"", 'loading: True']",AT(hmal) + KR(B1) + DH,"[""AT{'substrate': 'isobutmal'}"", ""KR{'type': 'B1'}"", 'loading: False']",TE(linear),281.31,False,
CCCC[C@@H](C(=O)O)[C@H](O)C(O)=Cc1cc(N)cc(O)c1,"[""AT{'substrate': 'AHBA'}"", 'loading: True']",AT(hmal) + KR(B1) + DH,"[""AT{'substrate': 'butmal'}"", ""KR{'type': 'B1'}"", 'loading: False']",TE(linear),295.33,False,
Nc1cc(O)cc(C=C(O)C(=O)[C@H](CCCCc2c[nH]c(Cl)c2Cl)C(=O)O)c1,"[""AT{'substrate': 'AHBA'}"", 'loading: True']",AT(hmal) + KR(B1) + DH,"[""AT{'substrate': 'DCP'}"", ""KR{'type': 'C2'}"", 'loading: False']",TE(linear),427.28,False,
Nc1cc(O)cc(C=C(O)C(=O)[C@@H](CCCCc2c[nH]c(Cl)c2Cl)C(=O)O)c1,"[""AT{'substrate': 'AHBA'}"", 'loading: True']",AT(hmal) + KR(B1) + DH,"[""AT{'substrate': 'DCP'}"", ""KR{'type': 'C1'}"", 'loading: False']",TE(linear),427.28,False,
C[C@H](C(=O)O)[C@H](O)C(O)=Cc1cc(N)cc(O)c1,"[""AT{'substrate': 'AHBA'}"", 'loading: True']",AT(hmal) + KR(B1) + DH,"[""AT{'substrate': 'Methylmalonyl-CoA'}"", ""KR{'type': 'B2'}"", 'loading: False']",TE(linear),253.25,False,
C[C@H](C(=O)O)[C@@H](O)C(O)=Cc1cc(N)cc(O)c1,"[""AT{'substrate': 'AHBA'}"", 'loading: True']",AT(hmal) + KR(B1) + DH,"[""AT{'substrate': 'Methylmalonyl-CoA'}"", ""KR{'type': 'A2'}"", 'loading: False']",TE(linear),253.25,False,
CCCCCC[C@@H](C(=O)O)[C@@H](O)C(O)=Cc1cc(N)cc(O)c1,"[""AT{'substrate': 'AHBA'}"", 'loading: True']",AT(hmal) + KR(B1) + DH,"[""AT{'substrate': 'hexmal'}"", ""KR{'type': 'A1'}"", 'loading: False']",TE(linear),323.39,False,
Nc1cc(O)cc(C=C(O)C[C@H](O)C(=O)O)c1,"[""AT{'substrate': 'AHBA'}"", 'loading: True']",AT(hmal) + KR(B1) + DH,"[""AT{'substrate': 'hmal'}"", ""KR{'type': 'B1'}"", 'DH{}', 'ER{}', 'loading: False']",TE(linear),239.23,False,
CCCCC(=CC(O)=Cc1cc(N)cc(O)c1)C(=O)O,"[""AT{'substrate': 'AHBA'}"", 'loading: True']",AT(hmal) + KR(B1) + DH,"[""AT{'substrate': 'butmal'}"", ""KR{'type': 'B1'}"", 'DH{}', 'loading: False']",TE(linear),277.32,False,
Nc1cc(O)cc(C=C(O)[C@@H](O)[C@@H](O)C(=O)O)c1,"[""AT{'substrate': 'AHBA'}"", 'loading: True']",AT(hmal) + KR(B1) + DH,"[""AT{'substrate': 'hmal'}"", ""KR{'type': 'B1'}"", 'loading: False']",TE(linear),255.23,False,
CC[C@@H](C(=O)O)[C@H](O)C(O)=Cc1cc(N)cc(O)c1,"[""AT{'substrate': 'AHBA'}"", 'loading: True']",AT(hmal) + KR(B1) + DH,"[""AT{'substrate': 'emal'}"", ""KR{'type': 'B1'}"", 'loading: False']",TE(linear),267.28,False,
CCCC[C@H](C(=O)O)C(=O)C(O)=Cc1cc(N)cc(O)c1,"[""AT{'substrate': 'AHBA'}"", 'loading: True']",AT(hmal) + KR(B1) + DH,"[""AT{'substrate': 'butmal'}"", ""KR{'type': 'C2'}"", 'loading: False']",TE(linear),293.32,False,
CCCC[C@@H](C(=O)O)C(=O)C(O)=Cc1cc(N)cc(O)c1,"[""AT{'substrate': 'AHBA'}"", 'loading: True']",AT(hmal) + KR(B1) + DH,"[""AT{'substrate': 'butmal'}"", ""KR{'type': 'C1'}"", 'loading: False']",TE(linear),293.32,False,
CC(C)C(=CC(O)=Cc1cc(N)cc(O)c1)C(=O)O,"[""AT{'substrate': 'AHBA'}"", 'loading: True']",AT(hmal) + KR(B1) + DH,"[""AT{'substrate': 'isobutmal'}"", ""KR{'type': 'B1'}"", 'DH{}', 'loading: False']",TE(linear),263.29,False,
CCCCCC[C@@H](C(=O)O)[C@H](O)C(O)=Cc1cc(N)cc(O)c1,"[""AT{'substrate': 'AHBA'}"", 'loading: True']",AT(hmal) + KR(B1) + DH,"[""AT{'substrate': 'hexmal'}"", ""KR{'type': 'B1'}"", 'loading: False']",TE(linear),323.39,False,
COC(=CC(O)=Cc1cc(N)cc(O)c1)C(=O)O,"[""AT{'substrate': 'AHBA'}"", 'loading: True']",AT(hmal) + KR(B1) + DH,"[""AT{'substrate': 'mxmal'}"", ""KR{'type': 'B1'}"", 'DH{}', 'loading: False']",TE(linear),251.24,False,
C[C@@H](C(=O)O)[C@@H](O)C(O)=Cc1cc(N)cc(O)c1,"[""AT{'substrate': 'AHBA'}"", 'loading: True']",AT(hmal) + KR(B1) + DH,"[""AT{'substrate': 'Methylmalonyl-CoA'}"", ""KR{'type': 'A1'}"", 'loading: False']",TE(linear),253.25,False,
Nc1cc(O)cc(C=C(O)C(=O)[C@H](O)C(=O)O)c1,"[""AT{'substrate': 'AHBA'}"", 'loading: True']",AT(hmal) + KR(B1) + DH,"[""AT{'substrate': 'hmal'}"", ""KR{'type': 'C2'}"", 'loading: False']",TE(linear),253.21,False,
Nc1cc(O)cc(C=C(O)C(=O)[C@@H](O)C(=O)O)c1,"[""AT{'substrate': 'AHBA'}"", 'loading: True']",AT(hmal) + KR(B1) + DH,"[""AT{'substrate': 'hmal'}"", ""KR{'type': 'C1'}"", 'loading: False']",TE(linear),253.21,False,
Nc1cc(O)cc(C=C(O)C(=O)C(O)C(=O)O)c1,"[""AT{'substrate': 'AHBA'}"", 'loading: True']",AT(hmal) + KR(B1) + DH,"[""AT{'substrate': 'hmal'}"", 'loading: False']",TE(linear),253.21,False,
CCCC[C@@H](CC(O)=Cc1cc(N)cc(O)c1)C(=O)O,"[""AT{'substrate': 'AHBA'}"", 'loading: True']",AT(hmal) + KR(B1) + DH,"[""AT{'substrate': 'butmal'}"", ""KR{'type': 'B1'}"", 'DH{}', 'ER{}', 'loading: False']",TE(linear),279.34,False,
CC[C@@H](C(=O)O)C(=O)C(O)=Cc1cc(N)cc(O)c1,"[""AT{'substrate': 'AHBA'}"", 'loading: True']",AT(hmal) + KR(B1) + DH,"[""AT{'substrate': 'emal'}"", ""KR{'type': 'C1'}"", 'loading: False']",TE(linear),265.26,False,
Nc1cc(O)cc(C=C(O)[C@@H](O)CC(=O)O)c1,"[""AT{'substrate': 'AHBA'}"", 'loading: True']",AT(hmal) + KR(B1) + DH,"[""AT{'substrate': 'Malonyl-CoA'}"", ""KR{'type': 'B'}"", 'loading: False']",TE(linear),239.23,False,
CC[C@@H](CC(O)=Cc1cc(N)cc(O)c1)C(=O)O,"[""AT{'substrate': 'AHBA'}"", 'loading: True']",AT(hmal) + KR(B1) + DH,"[""AT{'substrate': 'emal'}"", ""KR{'type': 'B1'}"", 'DH{}', 'ER{}', 'loading: False']",TE(linear),251.28,False,
CCCCCC[C@@H](C(=O)O)C(=O)C(O)=Cc1cc(N)cc(O)c1,"[""AT{'substrate': 'AHBA'}"", 'loading: True']",AT(hmal) + KR(B1) + DH,"[""AT{'substrate': 'hexmal'}"", ""KR{'type': 'C1'}"", 'loading: False']",TE(linear),321.37,False,
C[C@@H](CC(O)=Cc1cc(N)cc(O)c1)C(=O)O,"[""AT{'substrate': 'AHBA'}"", 'loading: True']",AT(hmal) + KR(B1) + DH,"[""AT{'substrate': 'Methylmalonyl-CoA'}"", ""KR{'type': 'B1'}"", 'DH{}', 'ER{}', 'loading: False']",TE(linear),237.25,False,
Nc1cc(O)cc(C=C(O)[C@@H](O)[C@H](CCCCc2c[nH]c(Cl)c2Cl)C(=O)O)c1,"[""AT{'substrate': 'AHBA'}"", 'loading: True']",AT(hmal) + KR(B1) + DH,"[""AT{'substrate': 'DCP'}"", ""KR{'type': 'B2'}"", 'loading: False']",TE(linear),429.3,False,
Nc1cc(O)cc(C=C(O)[C@H](O)[C@H](CCCCc2c[nH]c(Cl)c2Cl)C(=O)O)c1,"[""AT{'substrate': 'AHBA'}"", 'loading: True']",AT(hmal) + KR(B1) + DH,"[""AT{'substrate': 'DCP'}"", ""KR{'type': 'A2'}"", 'loading: False']",TE(linear),429.3,False,
Nc1cc(O)cc(C=C(O)CCC(=O)O)c1,"[""AT{'substrate': 'AHBA'}"", 'loading: True']",AT(hmal) + KR(B1) + DH,"[""AT{'substrate': 'Malonyl-CoA'}"", ""KR{'type': 'B'}"", 'DH{}', 'ER{}', 'loading: False']",TE(linear),223.23,False,
Nc1cc(O)cc(C=C(O)C=C(O)C(=O)O)c1,"[""AT{'substrate': 'AHBA'}"", 'loading: True']",AT(hmal) + KR(B1) + DH,"[""AT{'substrate': 'hmal'}"", ""KR{'type': 'B1'}"", 'DH{}', 'loading: False']",TE(linear),237.21,False,
CO[C@@H](C(=O)O)[C@H](O)C(O)=Cc1cc(N)cc(O)c1,"[""AT{'substrate': 'AHBA'}"", 'loading: True']",AT(hmal) + KR(B1) + DH,"[""AT{'substrate': 'mxmal'}"", ""KR{'type': 'B1'}"", 'loading: False']",TE(linear),269.25,False,
Nc1cc(O)cc(C=C(O)C(=O)CC(=O)O)c1,"[""AT{'substrate': 'AHBA'}"", 'loading: True']",AT(hmal) + KR(B1) + DH,"[""AT{'substrate': 'Malonyl-CoA'}"", 'loading: False']",TE(linear),237.21,False,
Nc1cc(O)cc(C=C(O)C(=O)C(CCCCc2c[nH]c(Cl)c2Cl)C(=O)O)c1,"[""AT{'substrate': 'AHBA'}"", 'loading: True']",AT(hmal) + KR(B1) + DH,"[""AT{'substrate': 'DCP'}"", 'loading: False']",TE(linear),427.28,False,
CC(C)CC=C(O)[C@H](O)[C@@H](CCCCc1c[nH]c(Cl)c1Cl)C(=O)O,"[""AT{'substrate': 'isoval'}"", 'loading: True']",AT(hmal) + KR(B1) + DH,"[""AT{'substrate': 'DCP'}"", ""KR{'type': 'A1'}"", 'loading: False']",TE(linear),378.3,False,
CC(C)CC=C(O)[C@@H](O)[C@@H](C(=O)O)C(C)C,"[""AT{'substrate': 'isoval'}"", 'loading: True']",AT(hmal) + KR(B1) + DH,"[""AT{'substrate': 'D-isobutmal'}"", ""KR{'type': 'B2'}"", 'loading: False']",TE(linear),230.3,False,
CC(C)CC=C(O)[C@H](O)[C@@H](C(=O)O)C(C)C,"[""AT{'substrate': 'isoval'}"", 'loading: True']",AT(hmal) + KR(B1) + DH,"[""AT{'substrate': 'D-isobutmal'}"", ""KR{'type': 'A2'}"", 'loading: False']",TE(linear),230.3,False,
CO[C@H]1CC(=CCC(C)C)OC1=O,"[""AT{'substrate': 'isoval'}"", 'loading: True']",AT(hmal) + KR(B1) + DH,"[""AT{'substrate': 'mxmal'}"", ""KR{'type': 'B1'}"", 'DH{}', 'ER{}', 'loading: False']","TE(cyclic, ring=1)",184.23,True,['pattern_1: CCC=C1C[C@H](OC)C(=O)O1']
CC(C)CC=C(O)[C@@H](O)[C@@H](C)C(=O)O,"[""AT{'substrate': 'isoval'}"", 'loading: True']",AT(hmal) + KR(B1) + DH,"[""AT{'substrate': 'Methylmalonyl-CoA'}"", ""KR{'type': 'B1'}"", 'loading: False']",TE(linear),202.25,False,
CC(C)CC=C1C=CC(=O)O1,"[""AT{'substrate': 'isoval'}"", 'loading: True']",AT(hmal) + KR(B1) + DH,"[""AT{'substrate': 'Malonyl-CoA'}"", ""KR{'type': 'B'}"", 'DH{}', 'loading: False']","TE(cyclic, ring=0)",152.19,True,['pattern_2: CCC=C1C=CC(=O)O1']
CC(C)CC=C(O)[C@H](O)[C@H](O)C(=O)O,"[""AT{'substrate': 'isoval'}"", 'loading: True']",AT(hmal) + KR(B1) + DH,"[""AT{'substrate': 'hmal'}"", ""KR{'type': 'A2'}"", 'loading: False']",TE(linear),204.22,False,
C=CC[C@H](C(=O)O)[C@H](O)C(O)=CCC(C)C,"[""AT{'substrate': 'isoval'}"", 'loading: True']",AT(hmal) + KR(B1) + DH,"[""AT{'substrate': 'allylmal'}"", ""KR{'type': 'B2'}"", 'loading: False']",TE(linear),228.29,False,
CC[C@H](C(=O)O)[C@H](O)C(O)=CCC(C)C,"[""AT{'substrate': 'isoval'}"", 'loading: True']",AT(hmal) + KR(B1) + DH,"[""AT{'substrate': 'emal'}"", ""KR{'type': 'B2'}"", 'loading: False']",TE(linear),216.28,False,
CC[C@H](C(=O)O)[C@@H](O)C(O)=CCC(C)C,"[""AT{'substrate': 'isoval'}"", 'loading: True']",AT(hmal) + KR(B1) + DH,"[""AT{'substrate': 'emal'}"", ""KR{'type': 'A2'}"", 'loading: False']",TE(linear),216.28,False,
CC(C)CC=C(O)C[C@@H](C(=O)O)C(C)C,"[""AT{'substrate': 'isoval'}"", 'loading: True']",AT(hmal) + KR(B1) + DH,"[""AT{'substrate': 'isobutmal'}"", ""KR{'type': 'B1'}"", 'DH{}', 'ER{}', 'loading: False']",TE(linear),214.3,False,
CC(C)CC=C(O)C[C@H](CCCCc1c[nH]c(Cl)c1Cl)C(=O)O,"[""AT{'substrate': 'isoval'}"", 'loading: True']",AT(hmal) + KR(B1) + DH,"[""AT{'substrate': 'DCP'}"", ""KR{'type': 'B1'}"", 'DH{}', 'ER{}', 'loading: False']",TE(linear),362.3,False,
C=CCC1=CC(=CCC(C)C)OC1=O,"[""AT{'substrate': 'isoval'}"", 'loading: True']",AT(hmal) + KR(B1) + DH,"[""AT{'substrate': 'allylmal'}"", ""KR{'type': 'B1'}"", 'DH{}', 'loading: False']","TE(cyclic, ring=0)",192.26,True,['pattern_2: CCC=C1C=CC(=O)O1']
CC1=CC(=CCC(C)C)OC1=O,"[""AT{'substrate': 'isoval'}"", 'loading: True']",AT(hmal) + KR(B1) + DH,"[""AT{'substrate': 'Methylmalonyl-CoA'}"", ""KR{'type': 'B1'}"", 'DH{}', 'loading: False']","TE(cyclic, ring=0)",166.22,True,['pattern_2: CCC=C1C=CC(=O)O1']
CO[C@@H]1C(=O)OC(=CCC(C)C)C1=O,"[""AT{'substrate': 'isoval'}"", 'loading: True']",AT(hmal) + KR(B1) + DH,"[""AT{'substrate': 'mxmal'}"", ""KR{'type': 'C2'}"", 'loading: False']","TE(cyclic, ring=1)",198.22,True,['pattern_1: CCC=C1C[C@H](OC)C(=O)O1']
CO[C@H]1C(=O)OC(=CCC(C)C)C1=O,"[""AT{'substrate': 'isoval'}"", 'loading: True']",AT(hmal) + KR(B1) + DH,"[""AT{'substrate': 'mxmal'}"", ""KR{'type': 'C1'}"", 'loading: False']","TE(cyclic, ring=1)",198.22,True,['pattern_1: CCC=C1C[C@H](OC)C(=O)O1']
CC(C)CC=C(O)[C@@H](O)[C@H](O)C(=O)O,"[""AT{'substrate': 'isoval'}"", 'loading: True']",AT(hmal) + KR(B1) + DH,"[""AT{'substrate': 'hmal'}"", ""KR{'type': 'B2'}"", 'loading: False']",TE(linear),204.22,False,
C=CC[C@@H](C(=O)O)[C@@H](O)C(O)=CCC(C)C,"[""AT{'substrate': 'isoval'}"", 'loading: True']",AT(hmal) + KR(B1) + DH,"[""AT{'substrate': 'allylmal'}"", ""KR{'type': 'A1'}"", 'loading: False']",TE(linear),228.29,False,
CC(C)CC=C(O)C(=O)[C@H](C)C(=O)O,"[""AT{'substrate': 'isoval'}"", 'loading: True']",AT(hmal) + KR(B1) + DH,"[""AT{'substrate': 'Methylmalonyl-CoA'}"", ""KR{'type': 'C2'}"", 'loading: False']",TE(linear),200.23,False,
CC(C)CC=C(O)C(=O)[C@@H](C)C(=O)O,"[""AT{'substrate': 'isoval'}"", 'loading: True']",AT(hmal) + KR(B1) + DH,"[""AT{'substrate': 'Methylmalonyl-CoA'}"", ""KR{'type': 'C1'}"", 'loading: False']",TE(linear),200.23,False,
CC[C@H](C(=O)O)C(=O)C(O)=CCC(C)C,"[""AT{'substrate': 'isoval'}"", 'loading: True']",AT(hmal) + KR(B1) + DH,"[""AT{'substrate': 'emal'}"", ""KR{'type': 'C2'}"", 'loading: False']",TE(linear),214.26,False,
CC[C@@H](C(=O)O)[C@@H](O)C(O)=CCC(C)C,"[""AT{'substrate': 'isoval'}"", 'loading: True']",AT(hmal) + KR(B1) + DH,"[""AT{'substrate': 'emal'}"", ""KR{'type': 'A1'}"", 'loading: False']",TE(linear),216.28,False,
CC(C)CC=C(O)[C@H](O)CC(=O)O,"[""AT{'substrate': 'isoval'}"", 'loading: True']",AT(hmal) + KR(B1) + DH,"[""AT{'substrate': 'Malonyl-CoA'}"", ""KR{'type': 'A'}"", 'loading: False']",TE(linear),188.22,False,
CO[C@@H]1C(=O)OC(=CCC(C)C)[C@H]1O,"[""AT{'substrate': 'isoval'}"", 'loading: True']",AT(hmal) + KR(B1) + DH,"[""AT{'substrate': 'mxmal'}"", ""KR{'type': 'B2'}"", 'loading: False']","TE(cyclic, ring=3)",200.23,True,['pattern_1: CCC=C1C[C@H](OC)C(=O)O1']
CC(C)CC=C(O)[C@H](O)[C@@H](O)C(=O)O,"[""AT{'substrate': 'isoval'}"", 'loading: True']",AT(hmal) + KR(B1) + DH,"[""AT{'substrate': 'hmal'}"", ""KR{'type': 'A1'}"", 'loading: False']",TE(linear),204.22,False,
CCCCCCC1=CC(=CCC(C)C)OC1=O,"[""AT{'substrate': 'isoval'}"", 'loading: True']",AT(hmal) + KR(B1) + DH,"[""AT{'substrate': 'hexmal'}"", ""KR{'type': 'B1'}"", 'DH{}', 'loading: False']","TE(cyclic, ring=0)",236.35,True,['pattern_2: CCC=C1C=CC(=O)O1']
CC(C)CC=C(O)C(=O)[C@H](C(=O)O)C(C)C,"[""AT{'substrate': 'isoval'}"", 'loading: True']",AT(hmal) + KR(B1) + DH,"[""AT{'substrate': 'isobutmal'}"", 'loading: False']",TE(linear),228.29,False,
CCCCCC[C@@H](CC(O)=CCC(C)C)C(=O)O,"[""AT{'substrate': 'isoval'}"", 'loading: True']",AT(hmal) + KR(B1) + DH,"[""AT{'substrate': 'hexmal'}"", ""KR{'type': 'B1'}"", 'DH{}', 'ER{}', 'loading: False']",TE(linear),256.39,False,
C=CC[C@@H](C(=O)O)[C@H](O)C(O)=CCC(C)C,"[""AT{'substrate': 'isoval'}"", 'loading: True']",AT(hmal) + KR(B1) + DH,"[""AT{'substrate': 'allylmal'}"", ""KR{'type': 'B1'}"", 'loading: False']",TE(linear),228.29,False,
C=CC[C@H](C(=O)O)[C@@H](O)C(O)=CCC(C)C,"[""AT{'substrate': 'isoval'}"", 'loading: True']",AT(hmal) + KR(B1) + DH,"[""AT{'substrate': 'allylmal'}"", ""KR{'type': 'A2'}"", 'loading: False']",TE(linear),228.29,False,
CCCC[C@H](C(=O)O)[C@H](O)C(O)=CCC(C)C,"[""AT{'substrate': 'isoval'}"", 'loading: True']",AT(hmal) + KR(B1) + DH,"[""AT{'substrate': 'butmal'}"", ""KR{'type': 'B2'}"", 'loading: False']",TE(linear),244.33,False,
CCCC[C@H](C(=O)O)[C@@H](O)C(O)=CCC(C)C,"[""AT{'substrate': 'isoval'}"", 'loading: True']",AT(hmal) + KR(B1) + DH,"[""AT{'substrate': 'butmal'}"", ""KR{'type': 'A2'}"", 'loading: False']",TE(linear),244.33,False,
CC(C)CC=C(O)C(=O)[C@@H](C(=O)O)C(C)C,"[""AT{'substrate': 'isoval'}"", 'loading: True']",AT(hmal) + KR(B1) + DH,"[""AT{'substrate': 'D-isobutmal'}"", 'loading: False']",TE(linear),228.29,False,
CC(C)CC=C1C=C(CCCCc2c[nH]c(Cl)c2Cl)C(=O)O1,"[""AT{'substrate': 'isoval'}"", 'loading: True']",AT(hmal) + KR(B1) + DH,"[""AT{'substrate': 'DCP'}"", ""KR{'type': 'B1'}"", 'DH{}', 'loading: False']","TE(cyclic, ring=0)",342.27,True,['pattern_2: CCC=C1C=CC(=O)O1']
C=CC[C@@H](CC(O)=CCC(C)C)C(=O)O,"[""AT{'substrate': 'isoval'}"", 'loading: True']",AT(hmal) + KR(B1) + DH,"[""AT{'substrate': 'allylmal'}"", ""KR{'type': 'B1'}"", 'DH{}', 'ER{}', 'loading: False']",TE(linear),212.29,False,
CO[C@H]1C(=O)OC(=CCC(C)C)[C@@H]1O,"[""AT{'substrate': 'isoval'}"", 'loading: True']",AT(hmal) + KR(B1) + DH,"[""AT{'substrate': 'mxmal'}"", ""KR{'type': 'A1'}"", 'loading: False']","TE(cyclic, ring=3)",200.23,True,['pattern_1: CCC=C1C[C@H](OC)C(=O)O1']
C=CC[C@H](C(=O)O)C(=O)C(O)=CCC(C)C,"[""AT{'substrate': 'isoval'}"", 'loading: True']",AT(hmal) + KR(B1) + DH,"[""AT{'substrate': 'allylmal'}"", ""KR{'type': 'C2'}"", 'loading: False']",TE(linear),226.27,False,
C=CC[C@@H](C(=O)O)C(=O)C(O)=CCC(C)C,"[""AT{'substrate': 'isoval'}"", 'loading: True']",AT(hmal) + KR(B1) + DH,"[""AT{'substrate': 'allylmal'}"", ""KR{'type': 'C1'}"", 'loading: False']",TE(linear),226.27,False,
CC(C)CC=C(O)[C@@H](O)[C@@H](CCCCc1c[nH]c(Cl)c1Cl)C(=O)O,"[""AT{'substrate': 'isoval'}"", 'loading: True']",AT(hmal) + KR(B1) + DH,"[""AT{'substrate': 'DCP'}"", ""KR{'type': 'B1'}"", 'loading: False']",TE(linear),378.3,False,
CC(C)CC=C(O)[C@H](O)[C@H](C(=O)O)C(C)C,"[""AT{'substrate': 'isoval'}"", 'loading: True']",AT(hmal) + KR(B1) + DH,"[""AT{'substrate': 'isobutmal'}"", ""KR{'type': 'A1'}"", 'loading: False']",TE(linear),230.3,False,
CCCCCC[C@H](C(=O)O)C(=O)C(O)=CCC(C)C,"[""AT{'substrate': 'isoval'}"", 'loading: True']",AT(hmal) + KR(B1) + DH,"[""AT{'substrate': 'hexmal'}"", 'loading: False']",TE(linear),270.37,False,
CCC1=CC(=CCC(C)C)OC1=O,"[""AT{'substrate': 'isoval'}"", 'loading: True']",AT(hmal) + KR(B1) + DH,"[""AT{'substrate': 'emal'}"", ""KR{'type': 'B1'}"", 'DH{}', 'loading: False']","TE(cyclic, ring=0)",180.25,True,['pattern_2: CCC=C1C=CC(=O)O1']
CCCC[C@@H](C(=O)O)[C@@H](O)C(O)=CCC(C)C,"[""AT{'substrate': 'isoval'}"", 'loading: True']",AT(hmal) + KR(B1) + DH,"[""AT{'substrate': 'butmal'}"", ""KR{'type': 'A1'}"", 'loading: False']",TE(linear),244.33,False,
CCCCCC[C@H](C(=O)O)[C@H](O)C(O)=CCC(C)C,"[""AT{'substrate': 'isoval'}"", 'loading: True']",AT(hmal) + KR(B1) + DH,"[""AT{'substrate': 'hexmal'}"", ""KR{'type': 'B2'}"", 'loading: False']",TE(linear),272.38,False,
CCCCCC[C@H](C(=O)O)[C@@H](O)C(O)=CCC(C)C,"[""AT{'substrate': 'isoval'}"", 'loading: True']",AT(hmal) + KR(B1) + DH,"[""AT{'substrate': 'hexmal'}"", ""KR{'type': 'A2'}"", 'loading: False']",TE(linear),272.38,False,
CO[C@@H]1C(=O)OC(=CCC(C)C)[C@@H]1O,"[""AT{'substrate': 'isoval'}"", 'loading: True']",AT(hmal) + KR(B1) + DH,"[""AT{'substrate': 'mxmal'}"", ""KR{'type': 'A2'}"", 'loading: False']","TE(cyclic, ring=3)",200.23,True,['pattern_1: CCC=C1C[C@H](OC)C(=O)O1']
CC(C)CC=C(O)[C@@H](O)[C@H](C(=O)O)C(C)C,"[""AT{'substrate': 'isoval'}"", 'loading: True']",AT(hmal) + KR(B1) + DH,"[""AT{'substrate': 'isobutmal'}"", ""KR{'type': 'B1'}"", 'loading: False']",TE(linear),230.3,False,
CCCC[C@@H](C(=O)O)[C@H](O)C(O)=CCC(C)C,"[""AT{'substrate': 'isoval'}"", 'loading: True']",AT(hmal) + KR(B1) + DH,"[""AT{'substrate': 'butmal'}"", ""KR{'type': 'B1'}"", 'loading: False']",TE(linear),244.33,False,
CC(C)CC=C(O)C(=O)[C@H](CCCCc1c[nH]c(Cl)c1Cl)C(=O)O,"[""AT{'substrate': 'isoval'}"", 'loading: True']",AT(hmal) + KR(B1) + DH,"[""AT{'substrate': 'DCP'}"", ""KR{'type': 'C2'}"", 'loading: False']",TE(linear),376.28,False,
CC(C)CC=C(O)C(=O)[C@@H](CCCCc1c[nH]c(Cl)c1Cl)C(=O)O,"[""AT{'substrate': 'isoval'}"", 'loading: True']",AT(hmal) + KR(B1) + DH,"[""AT{'substrate': 'DCP'}"", ""KR{'type': 'C1'}"", 'loading: False']",TE(linear),376.28,False,
CC(C)CC=C(O)[C@@H](O)[C@H](C)C(=O)O,"[""AT{'substrate': 'isoval'}"", 'loading: True']",AT(hmal) + KR(B1) + DH,"[""AT{'substrate': 'Methylmalonyl-CoA'}"", ""KR{'type': 'B2'}"", 'loading: False']",TE(linear),202.25,False,
CC(C)CC=C(O)[C@H](O)[C@H](C)C(=O)O,"[""AT{'substrate': 'isoval'}"", 'loading: True']",AT(hmal) + KR(B1) + DH,"[""AT{'substrate': 'Methylmalonyl-CoA'}"", ""KR{'type': 'A2'}"", 'loading: False']",TE(linear),202.25,False,
CCCCCC[C@@H](C(=O)O)[C@@H](O)C(O)=CCC(C)C,"[""AT{'substrate': 'isoval'}"", 'loading: True']",AT(hmal) + KR(B1) + DH,"[""AT{'substrate': 'hexmal'}"", ""KR{'type': 'A1'}"", 'loading: False']",TE(linear),272.38,False,
CC(C)CC=C(O)C[C@H](O)C(=O)O,"[""AT{'substrate': 'isoval'}"", 'loading: True']",AT(hmal) + KR(B1) + DH,"[""AT{'substrate': 'hmal'}"", ""KR{'type': 'B1'}"", 'DH{}', 'ER{}', 'loading: False']",TE(linear),188.22,False,
CCCCC1=CC(=CCC(C)C)OC1=O,"[""AT{'substrate': 'isoval'}"", 'loading: True']",AT(hmal) + KR(B1) + DH,"[""AT{'substrate': 'butmal'}"", ""KR{'type': 'B1'}"", 'DH{}', 'loading: False']","TE(cyclic, ring=0)",208.3,True,['pattern_2: CCC=C1C=CC(=O)O1']
CC(C)CC=C(O)[C@@H](O)[C@@H](O)C(=O)O,"[""AT{'substrate': 'isoval'}"", 'loading: True']",AT(hmal) + KR(B1) + DH,"[""AT{'substrate': 'hmal'}"", ""KR{'type': 'B1'}"", 'loading: False']",TE(linear),204.22,False,
CC[C@@H](C(=O)O)[C@H](O)C(O)=CCC(C)C,"[""AT{'substrate': 'isoval'}"", 'loading: True']",AT(hmal) + KR(B1) + DH,"[""AT{'substrate': 'emal'}"", ""KR{'type': 'B1'}"", 'loading: False']",TE(linear),216.28,False,
CCCC[C@H](C(=O)O)C(=O)C(O)=CCC(C)C,"[""AT{'substrate': 'isoval'}"", 'loading: True']",AT(hmal) + KR(B1) + DH,"[""AT{'substrate': 'butmal'}"", ""KR{'type': 'C2'}"", 'loading: False']",TE(linear),242.31,False,
CCCC[C@@H](C(=O)O)C(=O)C(O)=CCC(C)C,"[""AT{'substrate': 'isoval'}"", 'loading: True']",AT(hmal) + KR(B1) + DH,"[""AT{'substrate': 'butmal'}"", ""KR{'type': 'C1'}"", 'loading: False']",TE(linear),242.31,False,
CC(C)CC=C1C=C(C(C)C)C(=O)O1,"[""AT{'substrate': 'isoval'}"", 'loading: True']",AT(hmal) + KR(B1) + DH,"[""AT{'substrate': 'isobutmal'}"", ""KR{'type': 'B1'}"", 'DH{}', 'loading: False']","TE(cyclic, ring=0)",194.27,True,['pattern_2: CCC=C1C=CC(=O)O1']
CCCCCC[C@@H](C(=O)O)[C@H](O)C(O)=CCC(C)C,"[""AT{'substrate': 'isoval'}"", 'loading: True']",AT(hmal) + KR(B1) + DH,"[""AT{'substrate': 'hexmal'}"", ""KR{'type': 'B1'}"", 'loading: False']",TE(linear),272.38,False,
COC1=CC(=CCC(C)C)OC1=O,"[""AT{'substrate': 'isoval'}"", 'loading: True']",AT(hmal) + KR(B1) + DH,"[""AT{'substrate': 'mxmal'}"", ""KR{'type': 'B1'}"", 'DH{}', 'loading: False']","TE(cyclic, ring=0)",182.22,True,['pattern_2: CCC=C1C=CC(=O)O1']
CC(C)CC=C(O)[C@H](O)[C@@H](C)C(=O)O,"[""AT{'substrate': 'isoval'}"", 'loading: True']",AT(hmal) + KR(B1) + DH,"[""AT{'substrate': 'Methylmalonyl-CoA'}"", ""KR{'type': 'A1'}"", 'loading: False']",TE(linear),202.25,False,
CC(C)CC=C(O)C(=O)[C@H](O)C(=O)O,"[""AT{'substrate': 'isoval'}"", 'loading: True']",AT(hmal) + KR(B1) + DH,"[""AT{'substrate': 'hmal'}"", ""KR{'type': 'C2'}"", 'loading: False']",TE(linear),202.21,False,
CC(C)CC=C(O)C(=O)[C@@H](O)C(=O)O,"[""AT{'substrate': 'isoval'}"", 'loading: True']",AT(hmal) + KR(B1) + DH,"[""AT{'substrate': 'hmal'}"", ""KR{'type': 'C1'}"", 'loading: False']",TE(linear),202.21,False,
CC(C)CC=C(O)C(=O)C(O)C(=O)O,"[""AT{'substrate': 'isoval'}"", 'loading: True']",AT(hmal) + KR(B1) + DH,"[""AT{'substrate': 'hmal'}"", 'loading: False']",TE(linear),202.21,False,
CCCC[C@@H](CC(O)=CCC(C)C)C(=O)O,"[""AT{'substrate': 'isoval'}"", 'loading: True']",AT(hmal) + KR(B1) + DH,"[""AT{'substrate': 'butmal'}"", ""KR{'type': 'B1'}"", 'DH{}', 'ER{}', 'loading: False']",TE(linear),228.33,False,
CC[C@@H](C(=O)O)C(=O)C(O)=CCC(C)C,"[""AT{'substrate': 'isoval'}"", 'loading: True']",AT(hmal) + KR(B1) + DH,"[""AT{'substrate': 'emal'}"", ""KR{'type': 'C1'}"", 'loading: False']",TE(linear),214.26,False,
CC(C)CC=C(O)[C@@H](O)CC(=O)O,"[""AT{'substrate': 'isoval'}"", 'loading: True']",AT(hmal) + KR(B1) + DH,"[""AT{'substrate': 'Malonyl-CoA'}"", ""KR{'type': 'B'}"", 'loading: False']",TE(linear),188.22,False,
CC[C@@H](CC(O)=CCC(C)C)C(=O)O,"[""AT{'substrate': 'isoval'}"", 'loading: True']",AT(hmal) + KR(B1) + DH,"[""AT{'substrate': 'emal'}"", ""KR{'type': 'B1'}"", 'DH{}', 'ER{}', 'loading: False']",TE(linear),200.28,False,
CCCCCC[C@@H](C(=O)O)C(=O)C(O)=CCC(C)C,"[""AT{'substrate': 'isoval'}"", 'loading: True']",AT(hmal) + KR(B1) + DH,"[""AT{'substrate': 'hexmal'}"", ""KR{'type': 'C1'}"", 'loading: False']",TE(linear),270.37,False,
CC(C)CC=C(O)C[C@H](C)C(=O)O,"[""AT{'substrate': 'isoval'}"", 'loading: True']",AT(hmal) + KR(B1) + DH,"[""AT{'substrate': 'Methylmalonyl-CoA'}"", ""KR{'type': 'B1'}"", 'DH{}', 'ER{}', 'loading: False']",TE(linear),186.25,False,
CC(C)CC=C(O)[C@@H](O)[C@H](CCCCc1c[nH]c(Cl)c1Cl)C(=O)O,"[""AT{'substrate': 'isoval'}"", 'loading: True']",AT(hmal) + KR(B1) + DH,"[""AT{'substrate': 'DCP'}"", ""KR{'type': 'B2'}"", 'loading: False']",TE(linear),378.3,False,
CC(C)CC=C(O)[C@H](O)[C@H](CCCCc1c[nH]c(Cl)c1Cl)C(=O)O,"[""AT{'substrate': 'isoval'}"", 'loading: True']",AT(hmal) + KR(B1) + DH,"[""AT{'substrate': 'DCP'}"", ""KR{'type': 'A2'}"", 'loading: False']",TE(linear),378.3,False,
CC(C)CC=C(O)CCC(=O)O,"[""AT{'substrate': 'isoval'}"", 'loading: True']",AT(hmal) + KR(B1) + DH,"[""AT{'substrate': 'Malonyl-CoA'}"", ""KR{'type': 'B'}"", 'DH{}', 'ER{}', 'loading: False']",TE(linear),172.22,False,
CC(C)CC=C1C=C(O)C(=O)O1,"[""AT{'substrate': 'isoval'}"", 'loading: True']",AT(hmal) + KR(B1) + DH,"[""AT{'substrate': 'hmal'}"", ""KR{'type': 'B1'}"", 'DH{}', 'loading: False']","TE(cyclic, ring=0)",168.19,True,['pattern_2: CCC=C1C=CC(=O)O1']
CO[C@H]1C(=O)OC(=CCC(C)C)[C@H]1O,"[""AT{'substrate': 'isoval'}"", 'loading: True']",AT(hmal) + KR(B1) + DH,"[""AT{'substrate': 'mxmal'}"", ""KR{'type': 'B1'}"", 'loading: False']","TE(cyclic, ring=3)",200.23,True,['pattern_1: CCC=C1C[C@H](OC)C(=O)O1']
CC(C)CC=C(O)C(=O)CC(=O)O,"[""AT{'substrate': 'isoval'}"", 'loading: True']",AT(hmal) + KR(B1) + DH,"[""AT{'substrate': 'Malonyl-CoA'}"", 'loading: False']",TE(linear),186.21,False,
CC(C)CC=C(O)C(=O)C(CCCCc1c[nH]c(Cl)c1Cl)C(=O)O,"[""AT{'substrate': 'isoval'}"", 'loading: True']",AT(hmal) + KR(B1) + DH,"[""AT{'substrate': 'DCP'}"", 'loading: False']",TE(linear),376.28,False,
Nc1ccc(C=C(O)[C@H](O)[C@@H](CCCCc2c[nH]c(Cl)c2Cl)C(=O)O)cc1,"[""AT{'substrate': 'PABA'}"", 'loading: True']",AT(hmal) + KR(B1) + DH,"[""AT{'substrate': 'DCP'}"", ""KR{'type': 'A1'}"", 'loading: False']",TE(linear),413.3,False,
CC(C)[C@H](C(=O)O)[C@H](O)C(O)=Cc1ccc(N)cc1,"[""AT{'substrate': 'PABA'}"", 'loading: True']",AT(hmal) + KR(B1) + DH,"[""AT{'substrate': 'D-isobutmal'}"", ""KR{'type': 'B2'}"", 'loading: False']",TE(linear),265.31,False,
CC(C)[C@H](C(=O)O)[C@@H](O)C(O)=Cc1ccc(N)cc1,"[""AT{'substrate': 'PABA'}"", 'loading: True']",AT(hmal) + KR(B1) + DH,"[""AT{'substrate': 'D-isobutmal'}"", ""KR{'type': 'A2'}"", 'loading: False']",TE(linear),265.31,False,
CO[C@@H](CC(O)=Cc1ccc(N)cc1)C(=O)O,"[""AT{'substrate': 'PABA'}"", 'loading: True']",AT(hmal) + KR(B1) + DH,"[""AT{'substrate': 'mxmal'}"", ""KR{'type': 'B1'}"", 'DH{}', 'ER{}', 'loading: False']",TE(linear),237.25,False,
C[C@@H](C(=O)O)[C@H](O)C(O)=Cc1ccc(N)cc1,"[""AT{'substrate': 'PABA'}"", 'loading: True']",AT(hmal) + KR(B1) + DH,"[""AT{'substrate': 'Methylmalonyl-CoA'}"", ""KR{'type': 'B1'}"", 'loading: False']",TE(linear),237.25,False,
Nc1ccc(C=C(O)C=CC(=O)O)cc1,"[""AT{'substrate': 'PABA'}"", 'loading: True']",AT(hmal) + KR(B1) + DH,"[""AT{'substrate': 'Malonyl-CoA'}"", ""KR{'type': 'B'}"", 'DH{}', 'loading: False']",TE(linear),205.21,False,
Nc1ccc(C=C(O)[C@H](O)[C@H](O)C(=O)O)cc1,"[""AT{'substrate': 'PABA'}"", 'loading: True']",AT(hmal) + KR(B1) + DH,"[""AT{'substrate': 'hmal'}"", ""KR{'type': 'A2'}"", 'loading: False']",TE(linear),239.23,False,
C=CC[C@H](C(=O)O)[C@H](O)C(O)=Cc1ccc(N)cc1,"[""AT{'substrate': 'PABA'}"", 'loading: True']",AT(hmal) + KR(B1) + DH,"[""AT{'substrate': 'allylmal'}"", ""KR{'type': 'B2'}"", 'loading: False']",TE(linear),263.29,False,
CC[C@H](C(=O)O)[C@H](O)C(O)=Cc1ccc(N)cc1,"[""AT{'substrate': 'PABA'}"", 'loading: True']",AT(hmal) + KR(B1) + DH,"[""AT{'substrate': 'emal'}"", ""KR{'type': 'B2'}"", 'loading: False']",TE(linear),251.28,False,
CC[C@H](C(=O)O)[C@@H](O)C(O)=Cc1ccc(N)cc1,"[""AT{'substrate': 'PABA'}"", 'loading: True']",AT(hmal) + KR(B1) + DH,"[""AT{'substrate': 'emal'}"", ""KR{'type': 'A2'}"", 'loading: False']",TE(linear),251.28,False,
CC(C)[C@@H](CC(O)=Cc1ccc(N)cc1)C(=O)O,"[""AT{'substrate': 'PABA'}"", 'loading: True']",AT(hmal) + KR(B1) + DH,"[""AT{'substrate': 'isobutmal'}"", ""KR{'type': 'B1'}"", 'DH{}', 'ER{}', 'loading: False']",TE(linear),249.31,False,
Nc1ccc(C=C(O)C[C@H](CCCCc2c[nH]c(Cl)c2Cl)C(=O)O)cc1,"[""AT{'substrate': 'PABA'}"", 'loading: True']",AT(hmal) + KR(B1) + DH,"[""AT{'substrate': 'DCP'}"", ""KR{'type': 'B1'}"", 'DH{}', 'ER{}', 'loading: False']",TE(linear),397.3,False,
C=CCC(=CC(O)=Cc1ccc(N)cc1)C(=O)O,"[""AT{'substrate': 'PABA'}"", 'loading: True']",AT(hmal) + KR(B1) + DH,"[""AT{'substrate': 'allylmal'}"", ""KR{'type': 'B1'}"", 'DH{}', 'loading: False']",TE(linear),245.28,False,
CC(=CC(O)=Cc1ccc(N)cc1)C(=O)O,"[""AT{'substrate': 'PABA'}"", 'loading: True']",AT(hmal) + KR(B1) + DH,"[""AT{'substrate': 'Methylmalonyl-CoA'}"", ""KR{'type': 'B1'}"", 'DH{}', 'loading: False']",TE(linear),219.24,False,
CO[C@H](C(=O)O)C(=O)C(O)=Cc1ccc(N)cc1,"[""AT{'substrate': 'PABA'}"", 'loading: True']",AT(hmal) + KR(B1) + DH,"[""AT{'substrate': 'mxmal'}"", ""KR{'type': 'C2'}"", 'loading: False']",TE(linear),251.24,False,
CO[C@@H](C(=O)O)C(=O)C(O)=Cc1ccc(N)cc1,"[""AT{'substrate': 'PABA'}"", 'loading: True']",AT(hmal) + KR(B1) + DH,"[""AT{'substrate': 'mxmal'}"", ""KR{'type': 'C1'}"", 'loading: False']",TE(linear),251.24,False,
Nc1ccc(C=C(O)[C@@H](O)[C@H](O)C(=O)O)cc1,"[""AT{'substrate': 'PABA'}"", 'loading: True']",AT(hmal) + KR(B1) + DH,"[""AT{'substrate': 'hmal'}"", ""KR{'type': 'B2'}"", 'loading: False']",TE(linear),239.23,False,
C=CC[C@@H](C(=O)O)[C@@H](O)C(O)=Cc1ccc(N)cc1,"[""AT{'substrate': 'PABA'}"", 'loading: True']",AT(hmal) + KR(B1) + DH,"[""AT{'substrate': 'allylmal'}"", ""KR{'type': 'A1'}"", 'loading: False']",TE(linear),263.29,False,
C[C@H](C(=O)O)C(=O)C(O)=Cc1ccc(N)cc1,"[""AT{'substrate': 'PABA'}"", 'loading: True']",AT(hmal) + KR(B1) + DH,"[""AT{'substrate': 'Methylmalonyl-CoA'}"", ""KR{'type': 'C2'}"", 'loading: False']",TE(linear),235.24,False,
C[C@@H](C(=O)O)C(=O)C(O)=Cc1ccc(N)cc1,"[""AT{'substrate': 'PABA'}"", 'loading: True']",AT(hmal) + KR(B1) + DH,"[""AT{'substrate': 'Methylmalonyl-CoA'}"", ""KR{'type': 'C1'}"", 'loading: False']",TE(linear),235.24,False,
CC[C@H](C(=O)O)C(=O)C(O)=Cc1ccc(N)cc1,"[""AT{'substrate': 'PABA'}"", 'loading: True']",AT(hmal) + KR(B1) + DH,"[""AT{'substrate': 'emal'}"", ""KR{'type': 'C2'}"", 'loading: False']",TE(linear),249.27,False,
CC[C@@H](C(=O)O)[C@@H](O)C(O)=Cc1ccc(N)cc1,"[""AT{'substrate': 'PABA'}"", 'loading: True']",AT(hmal) + KR(B1) + DH,"[""AT{'substrate': 'emal'}"", ""KR{'type': 'A1'}"", 'loading: False']",TE(linear),251.28,False,
Nc1ccc(C=C(O)[C@H](O)CC(=O)O)cc1,"[""AT{'substrate': 'PABA'}"", 'loading: True']",AT(hmal) + KR(B1) + DH,"[""AT{'substrate': 'Malonyl-CoA'}"", ""KR{'type': 'A'}"", 'loading: False']",TE(linear),223.23,False,
CO[C@H](C(=O)O)[C@H](O)C(O)=Cc1ccc(N)cc1,"[""AT{'substrate': 'PABA'}"", 'loading: True']",AT(hmal) + KR(B1) + DH,"[""AT{'substrate': 'mxmal'}"", ""KR{'type': 'B2'}"", 'loading: False']",TE(linear),253.25,False,
Nc1ccc(C=C(O)[C@H](O)[C@@H](O)C(=O)O)cc1,"[""AT{'substrate': 'PABA'}"", 'loading: True']",AT(hmal) + KR(B1) + DH,"[""AT{'substrate': 'hmal'}"", ""KR{'type': 'A1'}"", 'loading: False']",TE(linear),239.23,False,
CCCCCCC(=CC(O)=Cc1ccc(N)cc1)C(=O)O,"[""AT{'substrate': 'PABA'}"", 'loading: True']",AT(hmal) + KR(B1) + DH,"[""AT{'substrate': 'hexmal'}"", ""KR{'type': 'B1'}"", 'DH{}', 'loading: False']",TE(linear),289.38,False,
CC(C)[C@@H](C(=O)O)C(=O)C(O)=Cc1ccc(N)cc1,"[""AT{'substrate': 'PABA'}"", 'loading: True']",AT(hmal) + KR(B1) + DH,"[""AT{'substrate': 'isobutmal'}"", 'loading: False']",TE(linear),263.29,False,
CCCCCC[C@@H](CC(O)=Cc1ccc(N)cc1)C(=O)O,"[""AT{'substrate': 'PABA'}"", 'loading: True']",AT(hmal) + KR(B1) + DH,"[""AT{'substrate': 'hexmal'}"", ""KR{'type': 'B1'}"", 'DH{}', 'ER{}', 'loading: False']",TE(linear),291.39,False,
C=CC[C@@H](C(=O)O)[C@H](O)C(O)=Cc1ccc(N)cc1,"[""AT{'substrate': 'PABA'}"", 'loading: True']",AT(hmal) + KR(B1) + DH,"[""AT{'substrate': 'allylmal'}"", ""KR{'type': 'B1'}"", 'loading: False']",TE(linear),263.29,False,
C=CC[C@H](C(=O)O)[C@@H](O)C(O)=Cc1ccc(N)cc1,"[""AT{'substrate': 'PABA'}"", 'loading: True']",AT(hmal) + KR(B1) + DH,"[""AT{'substrate': 'allylmal'}"", ""KR{'type': 'A2'}"", 'loading: False']",TE(linear),263.29,False,
CCCC[C@H](C(=O)O)[C@H](O)C(O)=Cc1ccc(N)cc1,"[""AT{'substrate': 'PABA'}"", 'loading: True']",AT(hmal) + KR(B1) + DH,"[""AT{'substrate': 'butmal'}"", ""KR{'type': 'B2'}"", 'loading: False']",TE(linear),279.34,False,
CCCC[C@H](C(=O)O)[C@@H](O)C(O)=Cc1ccc(N)cc1,"[""AT{'substrate': 'PABA'}"", 'loading: True']",AT(hmal) + KR(B1) + DH,"[""AT{'substrate': 'butmal'}"", ""KR{'type': 'A2'}"", 'loading: False']",TE(linear),279.34,False,
CC(C)[C@H](C(=O)O)C(=O)C(O)=Cc1ccc(N)cc1,"[""AT{'substrate': 'PABA'}"", 'loading: True']",AT(hmal) + KR(B1) + DH,"[""AT{'substrate': 'D-isobutmal'}"", 'loading: False']",TE(linear),263.29,False,
Nc1ccc(C=C(O)C=C(CCCCc2c[nH]c(Cl)c2Cl)C(=O)O)cc1,"[""AT{'substrate': 'PABA'}"", 'loading: True']",AT(hmal) + KR(B1) + DH,"[""AT{'substrate': 'DCP'}"", ""KR{'type': 'B1'}"", 'DH{}', 'loading: False']",TE(linear),395.29,False,
C=CC[C@@H](CC(O)=Cc1ccc(N)cc1)C(=O)O,"[""AT{'substrate': 'PABA'}"", 'loading: True']",AT(hmal) + KR(B1) + DH,"[""AT{'substrate': 'allylmal'}"", ""KR{'type': 'B1'}"", 'DH{}', 'ER{}', 'loading: False']",TE(linear),247.29,False,
CO[C@@H](C(=O)O)[C@@H](O)C(O)=Cc1ccc(N)cc1,"[""AT{'substrate': 'PABA'}"", 'loading: True']",AT(hmal) + KR(B1) + DH,"[""AT{'substrate': 'mxmal'}"", ""KR{'type': 'A1'}"", 'loading: False']",TE(linear),253.25,False,
C=CC[C@H](C(=O)O)C(=O)C(O)=Cc1ccc(N)cc1,"[""AT{'substrate': 'PABA'}"", 'loading: True']",AT(hmal) + KR(B1) + DH,"[""AT{'substrate': 'allylmal'}"", ""KR{'type': 'C2'}"", 'loading: False']",TE(linear),261.28,False,
C=CC[C@@H](C(=O)O)C(=O)C(O)=Cc1ccc(N)cc1,"[""AT{'substrate': 'PABA'}"", 'loading: True']",AT(hmal) + KR(B1) + DH,"[""AT{'substrate': 'allylmal'}"", ""KR{'type': 'C1'}"", 'loading: False']",TE(linear),261.28,False,
Nc1ccc(C=C(O)[C@@H](O)[C@@H](CCCCc2c[nH]c(Cl)c2Cl)C(=O)O)cc1,"[""AT{'substrate': 'PABA'}"", 'loading: True']",AT(hmal) + KR(B1) + DH,"[""AT{'substrate': 'DCP'}"", ""KR{'type': 'B1'}"", 'loading: False']",TE(linear),413.3,False,
CC(C)[C@@H](C(=O)O)[C@@H](O)C(O)=Cc1ccc(N)cc1,"[""AT{'substrate': 'PABA'}"", 'loading: True']",AT(hmal) + KR(B1) + DH,"[""AT{'substrate': 'isobutmal'}"", ""KR{'type': 'A1'}"", 'loading: False']",TE(linear),265.31,False,
CCCCCC[C@H](C(=O)O)C(=O)C(O)=Cc1ccc(N)cc1,"[""AT{'substrate': 'PABA'}"", 'loading: True']",AT(hmal) + KR(B1) + DH,"[""AT{'substrate': 'hexmal'}"", 'loading: False']",TE(linear),305.37,False,
CCC(=CC(O)=Cc1ccc(N)cc1)C(=O)O,"[""AT{'substrate': 'PABA'}"", 'loading: True']",AT(hmal) + KR(B1) + DH,"[""AT{'substrate': 'emal'}"", ""KR{'type': 'B1'}"", 'DH{}', 'loading: False']",TE(linear),233.27,False,
CCCC[C@@H](C(=O)O)[C@@H](O)C(O)=Cc1ccc(N)cc1,"[""AT{'substrate': 'PABA'}"", 'loading: True']",AT(hmal) + KR(B1) + DH,"[""AT{'substrate': 'butmal'}"", ""KR{'type': 'A1'}"", 'loading: False']",TE(linear),279.34,False,
CCCCCC[C@H](C(=O)O)[C@H](O)C(O)=Cc1ccc(N)cc1,"[""AT{'substrate': 'PABA'}"", 'loading: True']",AT(hmal) + KR(B1) + DH,"[""AT{'substrate': 'hexmal'}"", ""KR{'type': 'B2'}"", 'loading: False']",TE(linear),307.39,False,
CCCCCC[C@H](C(=O)O)[C@@H](O)C(O)=Cc1ccc(N)cc1,"[""AT{'substrate': 'PABA'}"", 'loading: True']",AT(hmal) + KR(B1) + DH,"[""AT{'substrate': 'hexmal'}"", ""KR{'type': 'A2'}"", 'loading: False']",TE(linear),307.39,False,
CO[C@H](C(=O)O)[C@@H](O)C(O)=Cc1ccc(N)cc1,"[""AT{'substrate': 'PABA'}"", 'loading: True']",AT(hmal) + KR(B1) + DH,"[""AT{'substrate': 'mxmal'}"", ""KR{'type': 'A2'}"", 'loading: False']",TE(linear),253.25,False,
CC(C)[C@@H](C(=O)O)[C@H](O)C(O)=Cc1ccc(N)cc1,"[""AT{'substrate': 'PABA'}"", 'loading: True']",AT(hmal) + KR(B1) + DH,"[""AT{'substrate': 'isobutmal'}"", ""KR{'type': 'B1'}"", 'loading: False']",TE(linear),265.31,False,
CCCC[C@@H](C(=O)O)[C@H](O)C(O)=Cc1ccc(N)cc1,"[""AT{'substrate': 'PABA'}"", 'loading: True']",AT(hmal) + KR(B1) + DH,"[""AT{'substrate': 'butmal'}"", ""KR{'type': 'B1'}"", 'loading: False']",TE(linear),279.34,False,
Nc1ccc(C=C(O)C(=O)[C@H](CCCCc2c[nH]c(Cl)c2Cl)C(=O)O)cc1,"[""AT{'substrate': 'PABA'}"", 'loading: True']",AT(hmal) + KR(B1) + DH,"[""AT{'substrate': 'DCP'}"", ""KR{'type': 'C2'}"", 'loading: False']",TE(linear),411.29,False,
Nc1ccc(C=C(O)C(=O)[C@@H](CCCCc2c[nH]c(Cl)c2Cl)C(=O)O)cc1,"[""AT{'substrate': 'PABA'}"", 'loading: True']",AT(hmal) + KR(B1) + DH,"[""AT{'substrate': 'DCP'}"", ""KR{'type': 'C1'}"", 'loading: False']",TE(linear),411.29,False,
C[C@H](C(=O)O)[C@H](O)C(O)=Cc1ccc(N)cc1,"[""AT{'substrate': 'PABA'}"", 'loading: True']",AT(hmal) + KR(B1) + DH,"[""AT{'substrate': 'Methylmalonyl-CoA'}"", ""KR{'type': 'B2'}"", 'loading: False']",TE(linear),237.25,False,
C[C@H](C(=O)O)[C@@H](O)C(O)=Cc1ccc(N)cc1,"[""AT{'substrate': 'PABA'}"", 'loading: True']",AT(hmal) + KR(B1) + DH,"[""AT{'substrate': 'Methylmalonyl-CoA'}"", ""KR{'type': 'A2'}"", 'loading: False']",TE(linear),237.25,False,
CCCCCC[C@@H](C(=O)O)[C@@H](O)C(O)=Cc1ccc(N)cc1,"[""AT{'substrate': 'PABA'}"", 'loading: True']",AT(hmal) + KR(B1) + DH,"[""AT{'substrate': 'hexmal'}"", ""KR{'type': 'A1'}"", 'loading: False']",TE(linear),307.39,False,
Nc1ccc(C=C(O)C[C@H](O)C(=O)O)cc1,"[""AT{'substrate': 'PABA'}"", 'loading: True']",AT(hmal) + KR(B1) + DH,"[""AT{'substrate': 'hmal'}"", ""KR{'type': 'B1'}"", 'DH{}', 'ER{}', 'loading: False']",TE(linear),223.23,False,
CCCCC(=CC(O)=Cc1ccc(N)cc1)C(=O)O,"[""AT{'substrate': 'PABA'}"", 'loading: True']",AT(hmal) + KR(B1) + DH,"[""AT{'substrate': 'butmal'}"", ""KR{'type': 'B1'}"", 'DH{}', 'loading: False']",TE(linear),261.32,False,
Nc1ccc(C=C(O)[C@@H](O)[C@@H](O)C(=O)O)cc1,"[""AT{'substrate': 'PABA'}"", 'loading: True']",AT(hmal) + KR(B1) + DH,"[""AT{'substrate': 'hmal'}"", ""KR{'type': 'B1'}"", 'loading: False']",TE(linear),239.23,False,
CC[C@@H](C(=O)O)[C@H](O)C(O)=Cc1ccc(N)cc1,"[""AT{'substrate': 'PABA'}"", 'loading: True']",AT(hmal) + KR(B1) + DH,"[""AT{'substrate': 'emal'}"", ""KR{'type': 'B1'}"", 'loading: False']",TE(linear),251.28,False,
CCCC[C@H](C(=O)O)C(=O)C(O)=Cc1ccc(N)cc1,"[""AT{'substrate': 'PABA'}"", 'loading: True']",AT(hmal) + KR(B1) + DH,"[""AT{'substrate': 'butmal'}"", ""KR{'type': 'C2'}"", 'loading: False']",TE(linear),277.32,False,
CCCC[C@@H](C(=O)O)C(=O)C(O)=Cc1ccc(N)cc1,"[""AT{'substrate': 'PABA'}"", 'loading: True']",AT(hmal) + KR(B1) + DH,"[""AT{'substrate': 'butmal'}"", ""KR{'type': 'C1'}"", 'loading: False']",TE(linear),277.32,False,
CC(C)C(=CC(O)=Cc1ccc(N)cc1)C(=O)O,"[""AT{'substrate': 'PABA'}"", 'loading: True']",AT(hmal) + KR(B1) + DH,"[""AT{'substrate': 'isobutmal'}"", ""KR{'type': 'B1'}"", 'DH{}', 'loading: False']",TE(linear),247.29,False,
CCCCCC[C@@H](C(=O)O)[C@H](O)C(O)=Cc1ccc(N)cc1,"[""AT{'substrate': 'PABA'}"", 'loading: True']",AT(hmal) + KR(B1) + DH,"[""AT{'substrate': 'hexmal'}"", ""KR{'type': 'B1'}"", 'loading: False']",TE(linear),307.39,False,
COC(=CC(O)=Cc1ccc(N)cc1)C(=O)O,"[""AT{'substrate': 'PABA'}"", 'loading: True']",AT(hmal) + KR(B1) + DH,"[""AT{'substrate': 'mxmal'}"", ""KR{'type': 'B1'}"", 'DH{}', 'loading: False']",TE(linear),235.24,False,
C[C@@H](C(=O)O)[C@@H](O)C(O)=Cc1ccc(N)cc1,"[""AT{'substrate': 'PABA'}"", 'loading: True']",AT(hmal) + KR(B1) + DH,"[""AT{'substrate': 'Methylmalonyl-CoA'}"", ""KR{'type': 'A1'}"", 'loading: False']",TE(linear),237.25,False,
Nc1ccc(C=C(O)C(=O)[C@H](O)C(=O)O)cc1,"[""AT{'substrate': 'PABA'}"", 'loading: True']",AT(hmal) + KR(B1) + DH,"[""AT{'substrate': 'hmal'}"", ""KR{'type': 'C2'}"", 'loading: False']",TE(linear),237.21,False,
Nc1ccc(C=C(O)C(=O)[C@@H](O)C(=O)O)cc1,"[""AT{'substrate': 'PABA'}"", 'loading: True']",AT(hmal) + KR(B1) + DH,"[""AT{'substrate': 'hmal'}"", ""KR{'type': 'C1'}"", 'loading: False']",TE(linear),237.21,False,
Nc1ccc(C=C(O)C(=O)C(O)C(=O)O)cc1,"[""AT{'substrate': 'PABA'}"", 'loading: True']",AT(hmal) + KR(B1) + DH,"[""AT{'substrate': 'hmal'}"", 'loading: False']",TE(linear),237.21,False,
CCCC[C@@H](CC(O)=Cc1ccc(N)cc1)C(=O)O,"[""AT{'substrate': 'PABA'}"", 'loading: True']",AT(hmal) + KR(B1) + DH,"[""AT{'substrate': 'butmal'}"", ""KR{'type': 'B1'}"", 'DH{}', 'ER{}', 'loading: False']",TE(linear),263.34,False,
CC[C@@H](C(=O)O)C(=O)C(O)=Cc1ccc(N)cc1,"[""AT{'substrate': 'PABA'}"", 'loading: True']",AT(hmal) + KR(B1) + DH,"[""AT{'substrate': 'emal'}"", ""KR{'type': 'C1'}"", 'loading: False']",TE(linear),249.27,False,
Nc1ccc(C=C(O)[C@@H](O)CC(=O)O)cc1,"[""AT{'substrate': 'PABA'}"", 'loading: True']",AT(hmal) + KR(B1) + DH,"[""AT{'substrate': 'Malonyl-CoA'}"", ""KR{'type': 'B'}"", 'loading: False']",TE(linear),223.23,False,
CC[C@@H](CC(O)=Cc1ccc(N)cc1)C(=O)O,"[""AT{'substrate': 'PABA'}"", 'loading: True']",AT(hmal) + KR(B1) + DH,"[""AT{'substrate': 'emal'}"", ""KR{'type': 'B1'}"", 'DH{}', 'ER{}', 'loading: False']",TE(linear),235.28,False,
CCCCCC[C@@H](C(=O)O)C(=O)C(O)=Cc1ccc(N)cc1,"[""AT{'substrate': 'PABA'}"", 'loading: True']",AT(hmal) + KR(B1) + DH,"[""AT{'substrate': 'hexmal'}"", ""KR{'type': 'C1'}"", 'loading: False']",TE(linear),305.37,False,
C[C@@H](CC(O)=Cc1ccc(N)cc1)C(=O)O,"[""AT{'substrate': 'PABA'}"", 'loading: True']",AT(hmal) + KR(B1) + DH,"[""AT{'substrate': 'Methylmalonyl-CoA'}"", ""KR{'type': 'B1'}"", 'DH{}', 'ER{}', 'loading: False']",TE(linear),221.26,False,
Nc1ccc(C=C(O)[C@@H](O)[C@H](CCCCc2c[nH]c(Cl)c2Cl)C(=O)O)cc1,"[""AT{'substrate': 'PABA'}"", 'loading: True']",AT(hmal) + KR(B1) + DH,"[""AT{'substrate': 'DCP'}"", ""KR{'type': 'B2'}"", 'loading: False']",TE(linear),413.3,False,
Nc1ccc(C=C(O)[C@H](O)[C@H](CCCCc2c[nH]c(Cl)c2Cl)C(=O)O)cc1,"[""AT{'substrate': 'PABA'}"", 'loading: True']",AT(hmal) + KR(B1) + DH,"[""AT{'substrate': 'DCP'}"", ""KR{'type': 'A2'}"", 'loading: False']",TE(linear),413.3,False,
Nc1ccc(C=C(O)CCC(=O)O)cc1,"[""AT{'substrate': 'PABA'}"", 'loading: True']",AT(hmal) + KR(B1) + DH,"[""AT{'substrate': 'Malonyl-CoA'}"", ""KR{'type': 'B'}"", 'DH{}', 'ER{}', 'loading: False']",TE(linear),207.23,False,
Nc1ccc(C=C(O)C=C(O)C(=O)O)cc1,"[""AT{'substrate': 'PABA'}"", 'loading: True']",AT(hmal) + KR(B1) + DH,"[""AT{'substrate': 'hmal'}"", ""KR{'type': 'B1'}"", 'DH{}', 'loading: False']",TE(linear),221.21,False,
CO[C@@H](C(=O)O)[C@H](O)C(O)=Cc1ccc(N)cc1,"[""AT{'substrate': 'PABA'}"", 'loading: True']",AT(hmal) + KR(B1) + DH,"[""AT{'substrate': 'mxmal'}"", ""KR{'type': 'B1'}"", 'loading: False']",TE(linear),253.25,False,
Nc1ccc(C=C(O)C(=O)CC(=O)O)cc1,"[""AT{'substrate': 'PABA'}"", 'loading: True']",AT(hmal) + KR(B1) + DH,"[""AT{'substrate': 'Malonyl-CoA'}"", 'loading: False']",TE(linear),221.21,False,
Nc1ccc(C=C(O)C(=O)C(CCCCc2c[nH]c(Cl)c2Cl)C(=O)O)cc1,"[""AT{'substrate': 'PABA'}"", 'loading: True']",AT(hmal) + KR(B1) + DH,"[""AT{'substrate': 'DCP'}"", 'loading: False']",TE(linear),411.29,False,
O=C(O)[C@H](CCCCc1c[nH]c(Cl)c1Cl)[C@@H](O)C(O)=Cc1c[nH]c(Cl)c1Cl,"[""AT{'substrate': 'DCP'}"", 'loading: True']",AT(hmal) + KR(B1) + DH,"[""AT{'substrate': 'DCP'}"", ""KR{'type': 'A1'}"", 'loading: False']",TE(linear),456.15,False,
CC(C)[C@H](C(=O)O)[C@H](O)C(O)=Cc1c[nH]c(Cl)c1Cl,"[""AT{'substrate': 'DCP'}"", 'loading: True']",AT(hmal) + KR(B1) + DH,"[""AT{'substrate': 'D-isobutmal'}"", ""KR{'type': 'B2'}"", 'loading: False']",TE(linear),308.16,False,
CC(C)[C@H](C(=O)O)[C@@H](O)C(O)=Cc1c[nH]c(Cl)c1Cl,"[""AT{'substrate': 'DCP'}"", 'loading: True']",AT(hmal) + KR(B1) + DH,"[""AT{'substrate': 'D-isobutmal'}"", ""KR{'type': 'A2'}"", 'loading: False']",TE(linear),308.16,False,
CO[C@@H](CC(O)=Cc1c[nH]c(Cl)c1Cl)C(=O)O,"[""AT{'substrate': 'DCP'}"", 'loading: True']",AT(hmal) + KR(B1) + DH,"[""AT{'substrate': 'mxmal'}"", ""KR{'type': 'B1'}"", 'DH{}', 'ER{}', 'loading: False']",TE(linear),280.11,False,
C[C@@H](C(=O)O)[C@H](O)C(O)=Cc1c[nH]c(Cl)c1Cl,"[""AT{'substrate': 'DCP'}"", 'loading: True']",AT(hmal) + KR(B1) + DH,"[""AT{'substrate': 'Methylmalonyl-CoA'}"", ""KR{'type': 'B1'}"", 'loading: False']",TE(linear),280.11,False,
O=C(O)C=CC(O)=Cc1c[nH]c(Cl)c1Cl,"[""AT{'substrate': 'DCP'}"", 'loading: True']",AT(hmal) + KR(B1) + DH,"[""AT{'substrate': 'Malonyl-CoA'}"", ""KR{'type': 'B'}"", 'DH{}', 'loading: False']",TE(linear),248.06,False,
O=C(O)[C@@H](O)[C@@H](O)C(O)=Cc1c[nH]c(Cl)c1Cl,"[""AT{'substrate': 'DCP'}"", 'loading: True']",AT(hmal) + KR(B1) + DH,"[""AT{'substrate': 'hmal'}"", ""KR{'type': 'A2'}"", 'loading: False']",TE(linear),282.08,False,
C=CC[C@H](C(=O)O)[C@H](O)C(O)=Cc1c[nH]c(Cl)c1Cl,"[""AT{'substrate': 'DCP'}"", 'loading: True']",AT(hmal) + KR(B1) + DH,"[""AT{'substrate': 'allylmal'}"", ""KR{'type': 'B2'}"", 'loading: False']",TE(linear),306.15,False,
CC[C@H](C(=O)O)[C@H](O)C(O)=Cc1c[nH]c(Cl)c1Cl,"[""AT{'substrate': 'DCP'}"", 'loading: True']",AT(hmal) + KR(B1) + DH,"[""AT{'substrate': 'emal'}"", ""KR{'type': 'B2'}"", 'loading: False']",TE(linear),294.13,False,
CC[C@H](C(=O)O)[C@@H](O)C(O)=Cc1c[nH]c(Cl)c1Cl,"[""AT{'substrate': 'DCP'}"", 'loading: True']",AT(hmal) + KR(B1) + DH,"[""AT{'substrate': 'emal'}"", ""KR{'type': 'A2'}"", 'loading: False']",TE(linear),294.13,False,
CC(C)[C@@H](CC(O)=Cc1c[nH]c(Cl)c1Cl)C(=O)O,"[""AT{'substrate': 'DCP'}"", 'loading: True']",AT(hmal) + KR(B1) + DH,"[""AT{'substrate': 'isobutmal'}"", ""KR{'type': 'B1'}"", 'DH{}', 'ER{}', 'loading: False']",TE(linear),292.16,False,
O=C(O)[C@@H](CCCCc1c[nH]c(Cl)c1Cl)CC(O)=Cc1c[nH]c(Cl)c1Cl,"[""AT{'substrate': 'DCP'}"", 'loading: True']",AT(hmal) + KR(B1) + DH,"[""AT{'substrate': 'DCP'}"", ""KR{'type': 'B1'}"", 'DH{}', 'ER{}', 'loading: False']",TE(linear),440.15,False,
C=CCC(=CC(O)=Cc1c[nH]c(Cl)c1Cl)C(=O)O,"[""AT{'substrate': 'DCP'}"", 'loading: True']",AT(hmal) + KR(B1) + DH,"[""AT{'substrate': 'allylmal'}"", ""KR{'type': 'B1'}"", 'DH{}', 'loading: False']",TE(linear),288.13,False,
CC(=CC(O)=Cc1c[nH]c(Cl)c1Cl)C(=O)O,"[""AT{'substrate': 'DCP'}"", 'loading: True']",AT(hmal) + KR(B1) + DH,"[""AT{'substrate': 'Methylmalonyl-CoA'}"", ""KR{'type': 'B1'}"", 'DH{}', 'loading: False']",TE(linear),262.09,False,
CO[C@H](C(=O)O)C(=O)C(O)=Cc1c[nH]c(Cl)c1Cl,"[""AT{'substrate': 'DCP'}"", 'loading: True']",AT(hmal) + KR(B1) + DH,"[""AT{'substrate': 'mxmal'}"", ""KR{'type': 'C2'}"", 'loading: False']",TE(linear),294.09,False,
CO[C@@H](C(=O)O)C(=O)C(O)=Cc1c[nH]c(Cl)c1Cl,"[""AT{'substrate': 'DCP'}"", 'loading: True']",AT(hmal) + KR(B1) + DH,"[""AT{'substrate': 'mxmal'}"", ""KR{'type': 'C1'}"", 'loading: False']",TE(linear),294.09,False,
O=C(O)[C@@H](O)[C@H](O)C(O)=Cc1c[nH]c(Cl)c1Cl,"[""AT{'substrate': 'DCP'}"", 'loading: True']",AT(hmal) + KR(B1) + DH,"[""AT{'substrate': 'hmal'}"", ""KR{'type': 'B2'}"", 'loading: False']",TE(linear),282.08,False,
C=CC[C@@H](C(=O)O)[C@@H](O)C(O)=Cc1c[nH]c(Cl)c1Cl,"[""AT{'substrate': 'DCP'}"", 'loading: True']",AT(hmal) + KR(B1) + DH,"[""AT{'substrate': 'allylmal'}"", ""KR{'type': 'A1'}"", 'loading: False']",TE(linear),306.15,False,
C[C@H](C(=O)O)C(=O)C(O)=Cc1c[nH]c(Cl)c1Cl,"[""AT{'substrate': 'DCP'}"", 'loading: True']",AT(hmal) + KR(B1) + DH,"[""AT{'substrate': 'Methylmalonyl-CoA'}"", ""KR{'type': 'C2'}"", 'loading: False']",TE(linear),278.09,False,
C[C@@H](C(=O)O)C(=O)C(O)=Cc1c[nH]c(Cl)c1Cl,"[""AT{'substrate': 'DCP'}"", 'loading: True']",AT(hmal) + KR(B1) + DH,"[""AT{'substrate': 'Methylmalonyl-CoA'}"", ""KR{'type': 'C1'}"", 'loading: False']",TE(linear),278.09,False,
CC[C@H](C(=O)O)C(=O)C(O)=Cc1c[nH]c(Cl)c1Cl,"[""AT{'substrate': 'DCP'}"", 'loading: True']",AT(hmal) + KR(B1) + DH,"[""AT{'substrate': 'emal'}"", ""KR{'type': 'C2'}"", 'loading: False']",TE(linear),292.12,False,
CC[C@@H](C(=O)O)[C@@H](O)C(O)=Cc1c[nH]c(Cl)c1Cl,"[""AT{'substrate': 'DCP'}"", 'loading: True']",AT(hmal) + KR(B1) + DH,"[""AT{'substrate': 'emal'}"", ""KR{'type': 'A1'}"", 'loading: False']",TE(linear),294.13,False,
O=C(O)C[C@@H](O)C(O)=Cc1c[nH]c(Cl)c1Cl,"[""AT{'substrate': 'DCP'}"", 'loading: True']",AT(hmal) + KR(B1) + DH,"[""AT{'substrate': 'Malonyl-CoA'}"", ""KR{'type': 'A'}"", 'loading: False']",TE(linear),266.08,False,
CO[C@H](C(=O)O)[C@H](O)C(O)=Cc1c[nH]c(Cl)c1Cl,"[""AT{'substrate': 'DCP'}"", 'loading: True']",AT(hmal) + KR(B1) + DH,"[""AT{'substrate': 'mxmal'}"", ""KR{'type': 'B2'}"", 'loading: False']",TE(linear),296.11,False,
O=C(O)[C@H](O)[C@@H](O)C(O)=Cc1c[nH]c(Cl)c1Cl,"[""AT{'substrate': 'DCP'}"", 'loading: True']",AT(hmal) + KR(B1) + DH,"[""AT{'substrate': 'hmal'}"", ""KR{'type': 'A1'}"", 'loading: False']",TE(linear),282.08,False,
CCCCCCC(=CC(O)=Cc1c[nH]c(Cl)c1Cl)C(=O)O,"[""AT{'substrate': 'DCP'}"", 'loading: True']",AT(hmal) + KR(B1) + DH,"[""AT{'substrate': 'hexmal'}"", ""KR{'type': 'B1'}"", 'DH{}', 'loading: False']",TE(linear),332.23,False,
CC(C)[C@@H](C(=O)O)C(=O)C(O)=Cc1c[nH]c(Cl)c1Cl,"[""AT{'substrate': 'DCP'}"", 'loading: True']",AT(hmal) + KR(B1) + DH,"[""AT{'substrate': 'isobutmal'}"", 'loading: False']",TE(linear),306.15,False,
CCCCCC[C@@H](CC(O)=Cc1c[nH]c(Cl)c1Cl)C(=O)O,"[""AT{'substrate': 'DCP'}"", 'loading: True']",AT(hmal) + KR(B1) + DH,"[""AT{'substrate': 'hexmal'}"", ""KR{'type': 'B1'}"", 'DH{}', 'ER{}', 'loading: False']",TE(linear),334.24,False,
C=CC[C@@H](C(=O)O)[C@H](O)C(O)=Cc1c[nH]c(Cl)c1Cl,"[""AT{'substrate': 'DCP'}"", 'loading: True']",AT(hmal) + KR(B1) + DH,"[""AT{'substrate': 'allylmal'}"", ""KR{'type': 'B1'}"", 'loading: False']",TE(linear),306.15,False,
C=CC[C@H](C(=O)O)[C@@H](O)C(O)=Cc1c[nH]c(Cl)c1Cl,"[""AT{'substrate': 'DCP'}"", 'loading: True']",AT(hmal) + KR(B1) + DH,"[""AT{'substrate': 'allylmal'}"", ""KR{'type': 'A2'}"", 'loading: False']",TE(linear),306.15,False,
CCCC[C@H](C(=O)O)[C@H](O)C(O)=Cc1c[nH]c(Cl)c1Cl,"[""AT{'substrate': 'DCP'}"", 'loading: True']",AT(hmal) + KR(B1) + DH,"[""AT{'substrate': 'butmal'}"", ""KR{'type': 'B2'}"", 'loading: False']",TE(linear),322.19,False,
CCCC[C@H](C(=O)O)[C@@H](O)C(O)=Cc1c[nH]c(Cl)c1Cl,"[""AT{'substrate': 'DCP'}"", 'loading: True']",AT(hmal) + KR(B1) + DH,"[""AT{'substrate': 'butmal'}"", ""KR{'type': 'A2'}"", 'loading: False']",TE(linear),322.19,False,
CC(C)[C@H](C(=O)O)C(=O)C(O)=Cc1c[nH]c(Cl)c1Cl,"[""AT{'substrate': 'DCP'}"", 'loading: True']",AT(hmal) + KR(B1) + DH,"[""AT{'substrate': 'D-isobutmal'}"", 'loading: False']",TE(linear),306.15,False,
O=C(O)C(=CC(O)=Cc1c[nH]c(Cl)c1Cl)CCCCc1c[nH]c(Cl)c1Cl,"[""AT{'substrate': 'DCP'}"", 'loading: True']",AT(hmal) + KR(B1) + DH,"[""AT{'substrate': 'DCP'}"", ""KR{'type': 'B1'}"", 'DH{}', 'loading: False']",TE(linear),438.14,False,
C=CC[C@@H](CC(O)=Cc1c[nH]c(Cl)c1Cl)C(=O)O,"[""AT{'substrate': 'DCP'}"", 'loading: True']",AT(hmal) + KR(B1) + DH,"[""AT{'substrate': 'allylmal'}"", ""KR{'type': 'B1'}"", 'DH{}', 'ER{}', 'loading: False']",TE(linear),290.15,False,
CO[C@@H](C(=O)O)[C@@H](O)C(O)=Cc1c[nH]c(Cl)c1Cl,"[""AT{'substrate': 'DCP'}"", 'loading: True']",AT(hmal) + KR(B1) + DH,"[""AT{'substrate': 'mxmal'}"", ""KR{'type': 'A1'}"", 'loading: False']",TE(linear),296.11,False,
C=CC[C@H](C(=O)O)C(=O)C(O)=Cc1c[nH]c(Cl)c1Cl,"[""AT{'substrate': 'DCP'}"", 'loading: True']",AT(hmal) + KR(B1) + DH,"[""AT{'substrate': 'allylmal'}"", ""KR{'type': 'C2'}"", 'loading: False']",TE(linear),304.13,False,
C=CC[C@@H](C(=O)O)C(=O)C(O)=Cc1c[nH]c(Cl)c1Cl,"[""AT{'substrate': 'DCP'}"", 'loading: True']",AT(hmal) + KR(B1) + DH,"[""AT{'substrate': 'allylmal'}"", ""KR{'type': 'C1'}"", 'loading: False']",TE(linear),304.13,False,
O=C(O)[C@H](CCCCc1c[nH]c(Cl)c1Cl)[C@H](O)C(O)=Cc1c[nH]c(Cl)c1Cl,"[""AT{'substrate': 'DCP'}"", 'loading: True']",AT(hmal) + KR(B1) + DH,"[""AT{'substrate': 'DCP'}"", ""KR{'type': 'B1'}"", 'loading: False']",TE(linear),456.15,False,
CC(C)[C@@H](C(=O)O)[C@@H](O)C(O)=Cc1c[nH]c(Cl)c1Cl,"[""AT{'substrate': 'DCP'}"", 'loading: True']",AT(hmal) + KR(B1) + DH,"[""AT{'substrate': 'isobutmal'}"", ""KR{'type': 'A1'}"", 'loading: False']",TE(linear),308.16,False,
CCCCCC[C@H](C(=O)O)C(=O)C(O)=Cc1c[nH]c(Cl)c1Cl,"[""AT{'substrate': 'DCP'}"", 'loading: True']",AT(hmal) + KR(B1) + DH,"[""AT{'substrate': 'hexmal'}"", 'loading: False']",TE(linear),348.23,False,
CCC(=CC(O)=Cc1c[nH]c(Cl)c1Cl)C(=O)O,"[""AT{'substrate': 'DCP'}"", 'loading: True']",AT(hmal) + KR(B1) + DH,"[""AT{'substrate': 'emal'}"", ""KR{'type': 'B1'}"", 'DH{}', 'loading: False']",TE(linear),276.12,False,
CCCC[C@@H](C(=O)O)[C@@H](O)C(O)=Cc1c[nH]c(Cl)c1Cl,"[""AT{'substrate': 'DCP'}"", 'loading: True']",AT(hmal) + KR(B1) + DH,"[""AT{'substrate': 'butmal'}"", ""KR{'type': 'A1'}"", 'loading: False']",TE(linear),322.19,False,
CCCCCC[C@H](C(=O)O)[C@H](O)C(O)=Cc1c[nH]c(Cl)c1Cl,"[""AT{'substrate': 'DCP'}"", 'loading: True']",AT(hmal) + KR(B1) + DH,"[""AT{'substrate': 'hexmal'}"", ""KR{'type': 'B2'}"", 'loading: False']",TE(linear),350.24,False,
CCCCCC[C@H](C(=O)O)[C@@H](O)C(O)=Cc1c[nH]c(Cl)c1Cl,"[""AT{'substrate': 'DCP'}"", 'loading: True']",AT(hmal) + KR(B1) + DH,"[""AT{'substrate': 'hexmal'}"", ""KR{'type': 'A2'}"", 'loading: False']",TE(linear),350.24,False,
CO[C@H](C(=O)O)[C@@H](O)C(O)=Cc1c[nH]c(Cl)c1Cl,"[""AT{'substrate': 'DCP'}"", 'loading: True']",AT(hmal) + KR(B1) + DH,"[""AT{'substrate': 'mxmal'}"", ""KR{'type': 'A2'}"", 'loading: False']",TE(linear),296.11,False,
CC(C)[C@@H](C(=O)O)[C@H](O)C(O)=Cc1c[nH]c(Cl)c1Cl,"[""AT{'substrate': 'DCP'}"", 'loading: True']",AT(hmal) + KR(B1) + DH,"[""AT{'substrate': 'isobutmal'}"", ""KR{'type': 'B1'}"", 'loading: False']",TE(linear),308.16,False,
CCCC[C@@H](C(=O)O)[C@H](O)C(O)=Cc1c[nH]c(Cl)c1Cl,"[""AT{'substrate': 'DCP'}"", 'loading: True']",AT(hmal) + KR(B1) + DH,"[""AT{'substrate': 'butmal'}"", ""KR{'type': 'B1'}"", 'loading: False']",TE(linear),322.19,False,
O=C(O)[C@@H](CCCCc1c[nH]c(Cl)c1Cl)C(=O)C(O)=Cc1c[nH]c(Cl)c1Cl,"[""AT{'substrate': 'DCP'}"", 'loading: True']",AT(hmal) + KR(B1) + DH,"[""AT{'substrate': 'DCP'}"", ""KR{'type': 'C2'}"", 'loading: False']",TE(linear),454.14,False,
O=C(O)[C@H](CCCCc1c[nH]c(Cl)c1Cl)C(=O)C(O)=Cc1c[nH]c(Cl)c1Cl,"[""AT{'substrate': 'DCP'}"", 'loading: True']",AT(hmal) + KR(B1) + DH,"[""AT{'substrate': 'DCP'}"", ""KR{'type': 'C1'}"", 'loading: False']",TE(linear),454.14,False,
C[C@H](C(=O)O)[C@H](O)C(O)=Cc1c[nH]c(Cl)c1Cl,"[""AT{'substrate': 'DCP'}"", 'loading: True']",AT(hmal) + KR(B1) + DH,"[""AT{'substrate': 'Methylmalonyl-CoA'}"", ""KR{'type': 'B2'}"", 'loading: False']",TE(linear),280.11,False,
C[C@H](C(=O)O)[C@@H](O)C(O)=Cc1c[nH]c(Cl)c1Cl,"[""AT{'substrate': 'DCP'}"", 'loading: True']",AT(hmal) + KR(B1) + DH,"[""AT{'substrate': 'Methylmalonyl-CoA'}"", ""KR{'type': 'A2'}"", 'loading: False']",TE(linear),280.11,False,
CCCCCC[C@@H](C(=O)O)[C@@H](O)C(O)=Cc1c[nH]c(Cl)c1Cl,"[""AT{'substrate': 'DCP'}"", 'loading: True']",AT(hmal) + KR(B1) + DH,"[""AT{'substrate': 'hexmal'}"", ""KR{'type': 'A1'}"", 'loading: False']",TE(linear),350.24,False,
O=C(O)[C@@H](O)CC(O)=Cc1c[nH]c(Cl)c1Cl,"[""AT{'substrate': 'DCP'}"", 'loading: True']",AT(hmal) + KR(B1) + DH,"[""AT{'substrate': 'hmal'}"", ""KR{'type': 'B1'}"", 'DH{}', 'ER{}', 'loading: False']",TE(linear),266.08,False,
CCCCC(=CC(O)=Cc1c[nH]c(Cl)c1Cl)C(=O)O,"[""AT{'substrate': 'DCP'}"", 'loading: True']",AT(hmal) + KR(B1) + DH,"[""AT{'substrate': 'butmal'}"", ""KR{'type': 'B1'}"", 'DH{}', 'loading: False']",TE(linear),304.17,False,
O=C(O)[C@H](O)[C@H](O)C(O)=Cc1c[nH]c(Cl)c1Cl,"[""AT{'substrate': 'DCP'}"", 'loading: True']",AT(hmal) + KR(B1) + DH,"[""AT{'substrate': 'hmal'}"", ""KR{'type': 'B1'}"", 'loading: False']",TE(linear),282.08,False,
CC[C@@H](C(=O)O)[C@H](O)C(O)=Cc1c[nH]c(Cl)c1Cl,"[""AT{'substrate': 'DCP'}"", 'loading: True']",AT(hmal) + KR(B1) + DH,"[""AT{'substrate': 'emal'}"", ""KR{'type': 'B1'}"", 'loading: False']",TE(linear),294.13,False,
CCCC[C@H](C(=O)O)C(=O)C(O)=Cc1c[nH]c(Cl)c1Cl,"[""AT{'substrate': 'DCP'}"", 'loading: True']",AT(hmal) + KR(B1) + DH,"[""AT{'substrate': 'butmal'}"", ""KR{'type': 'C2'}"", 'loading: False']",TE(linear),320.17,False,
CCCC[C@@H](C(=O)O)C(=O)C(O)=Cc1c[nH]c(Cl)c1Cl,"[""AT{'substrate': 'DCP'}"", 'loading: True']",AT(hmal) + KR(B1) + DH,"[""AT{'substrate': 'butmal'}"", ""KR{'type': 'C1'}"", 'loading: False']",TE(linear),320.17,False,
CC(C)C(=CC(O)=Cc1c[nH]c(Cl)c1Cl)C(=O)O,"[""AT{'substrate': 'DCP'}"", 'loading: True']",AT(hmal) + KR(B1) + DH,"[""AT{'substrate': 'isobutmal'}"", ""KR{'type': 'B1'}"", 'DH{}', 'loading: False']",TE(linear),290.15,False,
CCCCCC[C@@H](C(=O)O)[C@H](O)C(O)=Cc1c[nH]c(Cl)c1Cl,"[""AT{'substrate': 'DCP'}"", 'loading: True']",AT(hmal) + KR(B1) + DH,"[""AT{'substrate': 'hexmal'}"", ""KR{'type': 'B1'}"", 'loading: False']",TE(linear),350.24,False,
COC(=CC(O)=Cc1c[nH]c(Cl)c1Cl)C(=O)O,"[""AT{'substrate': 'DCP'}"", 'loading: True']",AT(hmal) + KR(B1) + DH,"[""AT{'substrate': 'mxmal'}"", ""KR{'type': 'B1'}"", 'DH{}', 'loading: False']",TE(linear),278.09,False,
C[C@@H](C(=O)O)[C@@H](O)C(O)=Cc1c[nH]c(Cl)c1Cl,"[""AT{'substrate': 'DCP'}"", 'loading: True']",AT(hmal) + KR(B1) + DH,"[""AT{'substrate': 'Methylmalonyl-CoA'}"", ""KR{'type': 'A1'}"", 'loading: False']",TE(linear),280.11,False,
O=C(O)[C@@H](O)C(=O)C(O)=Cc1c[nH]c(Cl)c1Cl,"[""AT{'substrate': 'DCP'}"", 'loading: True']",AT(hmal) + KR(B1) + DH,"[""AT{'substrate': 'hmal'}"", ""KR{'type': 'C2'}"", 'loading: False']",TE(linear),280.06,False,
O=C(O)[C@H](O)C(=O)C(O)=Cc1c[nH]c(Cl)c1Cl,"[""AT{'substrate': 'DCP'}"", 'loading: True']",AT(hmal) + KR(B1) + DH,"[""AT{'substrate': 'hmal'}"", ""KR{'type': 'C1'}"", 'loading: False']",TE(linear),280.06,False,
O=C(O)C(O)C(=O)C(O)=Cc1c[nH]c(Cl)c1Cl,"[""AT{'substrate': 'DCP'}"", 'loading: True']",AT(hmal) + KR(B1) + DH,"[""AT{'substrate': 'hmal'}"", 'loading: False']",TE(linear),280.06,False,
CCCC[C@@H](CC(O)=Cc1c[nH]c(Cl)c1Cl)C(=O)O,"[""AT{'substrate': 'DCP'}"", 'loading: True']",AT(hmal) + KR(B1) + DH,"[""AT{'substrate': 'butmal'}"", ""KR{'type': 'B1'}"", 'DH{}', 'ER{}', 'loading: False']",TE(linear),306.19,False,
CC[C@@H](C(=O)O)C(=O)C(O)=Cc1c[nH]c(Cl)c1Cl,"[""AT{'substrate': 'DCP'}"", 'loading: True']",AT(hmal) + KR(B1) + DH,"[""AT{'substrate': 'emal'}"", ""KR{'type': 'C1'}"", 'loading: False']",TE(linear),292.12,False,
O=C(O)C[C@H](O)C(O)=Cc1c[nH]c(Cl)c1Cl,"[""AT{'substrate': 'DCP'}"", 'loading: True']",AT(hmal) + KR(B1) + DH,"[""AT{'substrate': 'Malonyl-CoA'}"", ""KR{'type': 'B'}"", 'loading: False']",TE(linear),266.08,False,
CC[C@@H](CC(O)=Cc1c[nH]c(Cl)c1Cl)C(=O)O,"[""AT{'substrate': 'DCP'}"", 'loading: True']",AT(hmal) + KR(B1) + DH,"[""AT{'substrate': 'emal'}"", ""KR{'type': 'B1'}"", 'DH{}', 'ER{}', 'loading: False']",TE(linear),278.13,False,
CCCCCC[C@@H](C(=O)O)C(=O)C(O)=Cc1c[nH]c(Cl)c1Cl,"[""AT{'substrate': 'DCP'}"", 'loading: True']",AT(hmal) + KR(B1) + DH,"[""AT{'substrate': 'hexmal'}"", ""KR{'type': 'C1'}"", 'loading: False']",TE(linear),348.23,False,
C[C@@H](CC(O)=Cc1c[nH]c(Cl)c1Cl)C(=O)O,"[""AT{'substrate': 'DCP'}"", 'loading: True']",AT(hmal) + KR(B1) + DH,"[""AT{'substrate': 'Methylmalonyl-CoA'}"", ""KR{'type': 'B1'}"", 'DH{}', 'ER{}', 'loading: False']",TE(linear),264.11,False,
O=C(O)[C@@H](CCCCc1c[nH]c(Cl)c1Cl)[C@H](O)C(O)=Cc1c[nH]c(Cl)c1Cl,"[""AT{'substrate': 'DCP'}"", 'loading: True']",AT(hmal) + KR(B1) + DH,"[""AT{'substrate': 'DCP'}"", ""KR{'type': 'B2'}"", 'loading: False']",TE(linear),456.15,False,
O=C(O)[C@@H](CCCCc1c[nH]c(Cl)c1Cl)[C@@H](O)C(O)=Cc1c[nH]c(Cl)c1Cl,"[""AT{'substrate': 'DCP'}"", 'loading: True']",AT(hmal) + KR(B1) + DH,"[""AT{'substrate': 'DCP'}"", ""KR{'type': 'A2'}"", 'loading: False']",TE(linear),456.15,False,
O=C(O)CCC(O)=Cc1c[nH]c(Cl)c1Cl,"[""AT{'substrate': 'DCP'}"", 'loading: True']",AT(hmal) + KR(B1) + DH,"[""AT{'substrate': 'Malonyl-CoA'}"", ""KR{'type': 'B'}"", 'DH{}', 'ER{}', 'loading: False']",TE(linear),250.08,False,
O=C(O)C(O)=CC(O)=Cc1c[nH]c(Cl)c1Cl,"[""AT{'substrate': 'DCP'}"", 'loading: True']",AT(hmal) + KR(B1) + DH,"[""AT{'substrate': 'hmal'}"", ""KR{'type': 'B1'}"", 'DH{}', 'loading: False']",TE(linear),264.06,False,
CO[C@@H](C(=O)O)[C@H](O)C(O)=Cc1c[nH]c(Cl)c1Cl,"[""AT{'substrate': 'DCP'}"", 'loading: True']",AT(hmal) + KR(B1) + DH,"[""AT{'substrate': 'mxmal'}"", ""KR{'type': 'B1'}"", 'loading: False']",TE(linear),296.11,False,
O=C(O)CC(=O)C(O)=Cc1c[nH]c(Cl)c1Cl,"[""AT{'substrate': 'DCP'}"", 'loading: True']",AT(hmal) + KR(B1) + DH,"[""AT{'substrate': 'Malonyl-CoA'}"", 'loading: False']",TE(linear),264.06,False,
O=C(O)C(CCCCc1c[nH]c(Cl)c1Cl)C(=O)C(O)=Cc1c[nH]c(Cl)c1Cl,"[""AT{'substrate': 'DCP'}"", 'loading: True']",AT(hmal) + KR(B1) + DH,"[""AT{'substrate': 'DCP'}"", 'loading: False']",TE(linear),454.14,False,
NC(=[NH2+])NCC=C(O)[C@H](O)[C@@H](CCCCc1c[nH]c(Cl)c1Cl)C(=O)O,"[""AT{'substrate': 'guan'}"", 'loading: True']",AT(hmal) + KR(B1) + DH,"[""AT{'substrate': 'DCP'}"", ""KR{'type': 'A1'}"", 'loading: False']",TE(linear),394.28,False,
CC(C)[C@H](C(=O)O)[C@H](O)C(O)=CCNC(N)=[NH2+],"[""AT{'substrate': 'guan'}"", 'loading: True']",AT(hmal) + KR(B1) + DH,"[""AT{'substrate': 'D-isobutmal'}"", ""KR{'type': 'B2'}"", 'loading: False']",TE(linear),246.29,False,
CC(C)[C@H](C(=O)O)[C@@H](O)C(O)=CCNC(N)=[NH2+],"[""AT{'substrate': 'guan'}"", 'loading: True']",AT(hmal) + KR(B1) + DH,"[""AT{'substrate': 'D-isobutmal'}"", ""KR{'type': 'A2'}"", 'loading: False']",TE(linear),246.29,False,
CO[C@@H](CC(O)=CCNC(N)=[NH2+])C(=O)O,"[""AT{'substrate': 'guan'}"", 'loading: True']",AT(hmal) + KR(B1) + DH,"[""AT{'substrate': 'mxmal'}"", ""KR{'type': 'B1'}"", 'DH{}', 'ER{}', 'loading: False']",TE(linear),218.23,False,
C[C@@H](C(=O)O)[C@H](O)C(O)=CCNC(N)=[NH2+],"[""AT{'substrate': 'guan'}"", 'loading: True']",AT(hmal) + KR(B1) + DH,"[""AT{'substrate': 'Methylmalonyl-CoA'}"", ""KR{'type': 'B1'}"", 'loading: False']",TE(linear),218.23,False,
NC(=[NH2+])NCC=C(O)C=CC(=O)O,"[""AT{'substrate': 'guan'}"", 'loading: True']",AT(hmal) + KR(B1) + DH,"[""AT{'substrate': 'Malonyl-CoA'}"", ""KR{'type': 'B'}"", 'DH{}', 'loading: False']",TE(linear),186.19,False,
NC(=[NH2+])NCC=C(O)[C@H](O)[C@H](O)C(=O)O,"[""AT{'substrate': 'guan'}"", 'loading: True']",AT(hmal) + KR(B1) + DH,"[""AT{'substrate': 'hmal'}"", ""KR{'type': 'A2'}"", 'loading: False']",TE(linear),220.2,False,
C=CC[C@H](C(=O)O)[C@H](O)C(O)=CCNC(N)=[NH2+],"[""AT{'substrate': 'guan'}"", 'loading: True']",AT(hmal) + KR(B1) + DH,"[""AT{'substrate': 'allylmal'}"", ""KR{'type': 'B2'}"", 'loading: False']",TE(linear),244.27,False,
CC[C@H](C(=O)O)[C@H](O)C(O)=CCNC(N)=[NH2+],"[""AT{'substrate': 'guan'}"", 'loading: True']",AT(hmal) + KR(B1) + DH,"[""AT{'substrate': 'emal'}"", ""KR{'type': 'B2'}"", 'loading: False']",TE(linear),232.26,False,
CC[C@H](C(=O)O)[C@@H](O)C(O)=CCNC(N)=[NH2+],"[""AT{'substrate': 'guan'}"", 'loading: True']",AT(hmal) + KR(B1) + DH,"[""AT{'substrate': 'emal'}"", ""KR{'type': 'A2'}"", 'loading: False']",TE(linear),232.26,False,
CC(C)[C@@H](CC(O)=CCNC(N)=[NH2+])C(=O)O,"[""AT{'substrate': 'guan'}"", 'loading: True']",AT(hmal) + KR(B1) + DH,"[""AT{'substrate': 'isobutmal'}"", ""KR{'type': 'B1'}"", 'DH{}', 'ER{}', 'loading: False']",TE(linear),230.29,False,
NC(=[NH2+])NCC=C(O)C[C@H](CCCCc1c[nH]c(Cl)c1Cl)C(=O)O,"[""AT{'substrate': 'guan'}"", 'loading: True']",AT(hmal) + KR(B1) + DH,"[""AT{'substrate': 'DCP'}"", ""KR{'type': 'B1'}"", 'DH{}', 'ER{}', 'loading: False']",TE(linear),378.28,False,
C=CCC(=CC(O)=CCNC(N)=[NH2+])C(=O)O,"[""AT{'substrate': 'guan'}"", 'loading: True']",AT(hmal) + KR(B1) + DH,"[""AT{'substrate': 'allylmal'}"", ""KR{'type': 'B1'}"", 'DH{}', 'loading: False']",TE(linear),226.26,False,
CC(=CC(O)=CCNC(N)=[NH2+])C(=O)O,"[""AT{'substrate': 'guan'}"", 'loading: True']",AT(hmal) + KR(B1) + DH,"[""AT{'substrate': 'Methylmalonyl-CoA'}"", ""KR{'type': 'B1'}"", 'DH{}', 'loading: False']",TE(linear),200.22,False,
CO[C@H](C(=O)O)C(=O)C(O)=CCNC(N)=[NH2+],"[""AT{'substrate': 'guan'}"", 'loading: True']",AT(hmal) + KR(B1) + DH,"[""AT{'substrate': 'mxmal'}"", ""KR{'type': 'C2'}"", 'loading: False']",TE(linear),232.22,False,
CO[C@@H](C(=O)O)C(=O)C(O)=CCNC(N)=[NH2+],"[""AT{'substrate': 'guan'}"", 'loading: True']",AT(hmal) + KR(B1) + DH,"[""AT{'substrate': 'mxmal'}"", ""KR{'type': 'C1'}"", 'loading: False']",TE(linear),232.22,False,
NC(=[NH2+])NCC=C(O)[C@@H](O)[C@H](O)C(=O)O,"[""AT{'substrate': 'guan'}"", 'loading: True']",AT(hmal) + KR(B1) + DH,"[""AT{'substrate': 'hmal'}"", ""KR{'type': 'B2'}"", 'loading: False']",TE(linear),220.2,False,
C=CC[C@@H](C(=O)O)[C@@H](O)C(O)=CCNC(N)=[NH2+],"[""AT{'substrate': 'guan'}"", 'loading: True']",AT(hmal) + KR(B1) + DH,"[""AT{'substrate': 'allylmal'}"", ""KR{'type': 'A1'}"", 'loading: False']",TE(linear),244.27,False,
C[C@H](C(=O)O)C(=O)C(O)=CCNC(N)=[NH2+],"[""AT{'substrate': 'guan'}"", 'loading: True']",AT(hmal) + KR(B1) + DH,"[""AT{'substrate': 'Methylmalonyl-CoA'}"", ""KR{'type': 'C2'}"", 'loading: False']",TE(linear),216.22,False,
C[C@@H](C(=O)O)C(=O)C(O)=CCNC(N)=[NH2+],"[""AT{'substrate': 'guan'}"", 'loading: True']",AT(hmal) + KR(B1) + DH,"[""AT{'substrate': 'Methylmalonyl-CoA'}"", ""KR{'type': 'C1'}"", 'loading: False']",TE(linear),216.22,False,
CC[C@H](C(=O)O)C(=O)C(O)=CCNC(N)=[NH2+],"[""AT{'substrate': 'guan'}"", 'loading: True']",AT(hmal) + KR(B1) + DH,"[""AT{'substrate': 'emal'}"", ""KR{'type': 'C2'}"", 'loading: False']",TE(linear),230.24,False,
CC[C@@H](C(=O)O)[C@@H](O)C(O)=CCNC(N)=[NH2+],"[""AT{'substrate': 'guan'}"", 'loading: True']",AT(hmal) + KR(B1) + DH,"[""AT{'substrate': 'emal'}"", ""KR{'type': 'A1'}"", 'loading: False']",TE(linear),232.26,False,
NC(=[NH2+])NCC=C(O)[C@H](O)CC(=O)O,"[""AT{'substrate': 'guan'}"", 'loading: True']",AT(hmal) + KR(B1) + DH,"[""AT{'substrate': 'Malonyl-CoA'}"", ""KR{'type': 'A'}"", 'loading: False']",TE(linear),204.21,False,
CO[C@H](C(=O)O)[C@H](O)C(O)=CCNC(N)=[NH2+],"[""AT{'substrate': 'guan'}"", 'loading: True']",AT(hmal) + KR(B1) + DH,"[""AT{'substrate': 'mxmal'}"", ""KR{'type': 'B2'}"", 'loading: False']",TE(linear),234.23,False,
NC(=[NH2+])NCC=C(O)[C@H](O)[C@@H](O)C(=O)O,"[""AT{'substrate': 'guan'}"", 'loading: True']",AT(hmal) + KR(B1) + DH,"[""AT{'substrate': 'hmal'}"", ""KR{'type': 'A1'}"", 'loading: False']",TE(linear),220.2,False,
CCCCCCC(=CC(O)=CCNC(N)=[NH2+])C(=O)O,"[""AT{'substrate': 'guan'}"", 'loading: True']",AT(hmal) + KR(B1) + DH,"[""AT{'substrate': 'hexmal'}"", ""KR{'type': 'B1'}"", 'DH{}', 'loading: False']",TE(linear),270.35,False,
CC(C)[C@@H](C(=O)O)C(=O)C(O)=CCNC(N)=[NH2+],"[""AT{'substrate': 'guan'}"", 'loading: True']",AT(hmal) + KR(B1) + DH,"[""AT{'substrate': 'isobutmal'}"", 'loading: False']",TE(linear),244.27,False,
CCCCCC[C@@H](CC(O)=CCNC(N)=[NH2+])C(=O)O,"[""AT{'substrate': 'guan'}"", 'loading: True']",AT(hmal) + KR(B1) + DH,"[""AT{'substrate': 'hexmal'}"", ""KR{'type': 'B1'}"", 'DH{}', 'ER{}', 'loading: False']",TE(linear),272.37,False,
C=CC[C@@H](C(=O)O)[C@H](O)C(O)=CCNC(N)=[NH2+],"[""AT{'substrate': 'guan'}"", 'loading: True']",AT(hmal) + KR(B1) + DH,"[""AT{'substrate': 'allylmal'}"", ""KR{'type': 'B1'}"", 'loading: False']",TE(linear),244.27,False,
C=CC[C@H](C(=O)O)[C@@H](O)C(O)=CCNC(N)=[NH2+],"[""AT{'substrate': 'guan'}"", 'loading: True']",AT(hmal) + KR(B1) + DH,"[""AT{'substrate': 'allylmal'}"", ""KR{'type': 'A2'}"", 'loading: False']",TE(linear),244.27,False,
CCCC[C@H](C(=O)O)[C@H](O)C(O)=CCNC(N)=[NH2+],"[""AT{'substrate': 'guan'}"", 'loading: True']",AT(hmal) + KR(B1) + DH,"[""AT{'substrate': 'butmal'}"", ""KR{'type': 'B2'}"", 'loading: False']",TE(linear),260.31,False,
CCCC[C@H](C(=O)O)[C@@H](O)C(O)=CCNC(N)=[NH2+],"[""AT{'substrate': 'guan'}"", 'loading: True']",AT(hmal) + KR(B1) + DH,"[""AT{'substrate': 'butmal'}"", ""KR{'type': 'A2'}"", 'loading: False']",TE(linear),260.31,False,
CC(C)[C@H](C(=O)O)C(=O)C(O)=CCNC(N)=[NH2+],"[""AT{'substrate': 'guan'}"", 'loading: True']",AT(hmal) + KR(B1) + DH,"[""AT{'substrate': 'D-isobutmal'}"", 'loading: False']",TE(linear),244.27,False,
NC(=[NH2+])NCC=C(O)C=C(CCCCc1c[nH]c(Cl)c1Cl)C(=O)O,"[""AT{'substrate': 'guan'}"", 'loading: True']",AT(hmal) + KR(B1) + DH,"[""AT{'substrate': 'DCP'}"", ""KR{'type': 'B1'}"", 'DH{}', 'loading: False']",TE(linear),376.26,False,
C=CC[C@@H](CC(O)=CCNC(N)=[NH2+])C(=O)O,"[""AT{'substrate': 'guan'}"", 'loading: True']",AT(hmal) + KR(B1) + DH,"[""AT{'substrate': 'allylmal'}"", ""KR{'type': 'B1'}"", 'DH{}', 'ER{}', 'loading: False']",TE(linear),228.27,False,
CO[C@@H](C(=O)O)[C@@H](O)C(O)=CCNC(N)=[NH2+],"[""AT{'substrate': 'guan'}"", 'loading: True']",AT(hmal) + KR(B1) + DH,"[""AT{'substrate': 'mxmal'}"", ""KR{'type': 'A1'}"", 'loading: False']",TE(linear),234.23,False,
C=CC[C@H](C(=O)O)C(=O)C(O)=CCNC(N)=[NH2+],"[""AT{'substrate': 'guan'}"", 'loading: True']",AT(hmal) + KR(B1) + DH,"[""AT{'substrate': 'allylmal'}"", ""KR{'type': 'C2'}"", 'loading: False']",TE(linear),242.25,False,
C=CC[C@@H](C(=O)O)C(=O)C(O)=CCNC(N)=[NH2+],"[""AT{'substrate': 'guan'}"", 'loading: True']",AT(hmal) + KR(B1) + DH,"[""AT{'substrate': 'allylmal'}"", ""KR{'type': 'C1'}"", 'loading: False']",TE(linear),242.25,False,
NC(=[NH2+])NCC=C(O)[C@@H](O)[C@@H](CCCCc1c[nH]c(Cl)c1Cl)C(=O)O,"[""AT{'substrate': 'guan'}"", 'loading: True']",AT(hmal) + KR(B1) + DH,"[""AT{'substrate': 'DCP'}"", ""KR{'type': 'B1'}"", 'loading: False']",TE(linear),394.28,False,
CC(C)[C@@H](C(=O)O)[C@@H](O)C(O)=CCNC(N)=[NH2+],"[""AT{'substrate': 'guan'}"", 'loading: True']",AT(hmal) + KR(B1) + DH,"[""AT{'substrate': 'isobutmal'}"", ""KR{'type': 'A1'}"", 'loading: False']",TE(linear),246.29,False,
CCCCCC[C@H](C(=O)O)C(=O)C(O)=CCNC(N)=[NH2+],"[""AT{'substrate': 'guan'}"", 'loading: True']",AT(hmal) + KR(B1) + DH,"[""AT{'substrate': 'hexmal'}"", 'loading: False']",TE(linear),286.35,False,
CCC(=CC(O)=CCNC(N)=[NH2+])C(=O)O,"[""AT{'substrate': 'guan'}"", 'loading: True']",AT(hmal) + KR(B1) + DH,"[""AT{'substrate': 'emal'}"", ""KR{'type': 'B1'}"", 'DH{}', 'loading: False']",TE(linear),214.24,False,
CCCC[C@@H](C(=O)O)[C@@H](O)C(O)=CCNC(N)=[NH2+],"[""AT{'substrate': 'guan'}"", 'loading: True']",AT(hmal) + KR(B1) + DH,"[""AT{'substrate': 'butmal'}"", ""KR{'type': 'A1'}"", 'loading: False']",TE(linear),260.31,False,
CCCCCC[C@H](C(=O)O)[C@H](O)C(O)=CCNC(N)=[NH2+],"[""AT{'substrate': 'guan'}"", 'loading: True']",AT(hmal) + KR(B1) + DH,"[""AT{'substrate': 'hexmal'}"", ""KR{'type': 'B2'}"", 'loading: False']",TE(linear),288.37,False,
CCCCCC[C@H](C(=O)O)[C@@H](O)C(O)=CCNC(N)=[NH2+],"[""AT{'substrate': 'guan'}"", 'loading: True']",AT(hmal) + KR(B1) + DH,"[""AT{'substrate': 'hexmal'}"", ""KR{'type': 'A2'}"", 'loading: False']",TE(linear),288.37,False,
CO[C@H](C(=O)O)[C@@H](O)C(O)=CCNC(N)=[NH2+],"[""AT{'substrate': 'guan'}"", 'loading: True']",AT(hmal) + KR(B1) + DH,"[""AT{'substrate': 'mxmal'}"", ""KR{'type': 'A2'}"", 'loading: False']",TE(linear),234.23,False,
CC(C)[C@@H](C(=O)O)[C@H](O)C(O)=CCNC(N)=[NH2+],"[""AT{'substrate': 'guan'}"", 'loading: True']",AT(hmal) + KR(B1) + DH,"[""AT{'substrate': 'isobutmal'}"", ""KR{'type': 'B1'}"", 'loading: False']",TE(linear),246.29,False,
CCCC[C@@H](C(=O)O)[C@H](O)C(O)=CCNC(N)=[NH2+],"[""AT{'substrate': 'guan'}"", 'loading: True']",AT(hmal) + KR(B1) + DH,"[""AT{'substrate': 'butmal'}"", ""KR{'type': 'B1'}"", 'loading: False']",TE(linear),260.31,False,
NC(=[NH2+])NCC=C(O)C(=O)[C@H](CCCCc1c[nH]c(Cl)c1Cl)C(=O)O,"[""AT{'substrate': 'guan'}"", 'loading: True']",AT(hmal) + KR(B1) + DH,"[""AT{'substrate': 'DCP'}"", ""KR{'type': 'C2'}"", 'loading: False']",TE(linear),392.26,False,
NC(=[NH2+])NCC=C(O)C(=O)[C@@H](CCCCc1c[nH]c(Cl)c1Cl)C(=O)O,"[""AT{'substrate': 'guan'}"", 'loading: True']",AT(hmal) + KR(B1) + DH,"[""AT{'substrate': 'DCP'}"", ""KR{'type': 'C1'}"", 'loading: False']",TE(linear),392.26,False,
C[C@H](C(=O)O)[C@H](O)C(O)=CCNC(N)=[NH2+],"[""AT{'substrate': 'guan'}"", 'loading: True']",AT(hmal) + KR(B1) + DH,"[""AT{'substrate': 'Methylmalonyl-CoA'}"", ""KR{'type': 'B2'}"", 'loading: False']",TE(linear),218.23,False,
C[C@H](C(=O)O)[C@@H](O)C(O)=CCNC(N)=[NH2+],"[""AT{'substrate': 'guan'}"", 'loading: True']",AT(hmal) + KR(B1) + DH,"[""AT{'substrate': 'Methylmalonyl-CoA'}"", ""KR{'type': 'A2'}"", 'loading: False']",TE(linear),218.23,False,
CCCCCC[C@@H](C(=O)O)[C@@H](O)C(O)=CCNC(N)=[NH2+],"[""AT{'substrate': 'guan'}"", 'loading: True']",AT(hmal) + KR(B1) + DH,"[""AT{'substrate': 'hexmal'}"", ""KR{'type': 'A1'}"", 'loading: False']",TE(linear),288.37,False,
NC(=[NH2+])NCC=C(O)C[C@H](O)C(=O)O,"[""AT{'substrate': 'guan'}"", 'loading: True']",AT(hmal) + KR(B1) + DH,"[""AT{'substrate': 'hmal'}"", ""KR{'type': 'B1'}"", 'DH{}', 'ER{}', 'loading: False']",TE(linear),204.21,False,
CCCCC(=CC(O)=CCNC(N)=[NH2+])C(=O)O,"[""AT{'substrate': 'guan'}"", 'loading: True']",AT(hmal) + KR(B1) + DH,"[""AT{'substrate': 'butmal'}"", ""KR{'type': 'B1'}"", 'DH{}', 'loading: False']",TE(linear),242.3,False,
NC(=[NH2+])NCC=C(O)[C@@H](O)[C@@H](O)C(=O)O,"[""AT{'substrate': 'guan'}"", 'loading: True']",AT(hmal) + KR(B1) + DH,"[""AT{'substrate': 'hmal'}"", ""KR{'type': 'B1'}"", 'loading: False']",TE(linear),220.2,False,
CC[C@@H](C(=O)O)[C@H](O)C(O)=CCNC(N)=[NH2+],"[""AT{'substrate': 'guan'}"", 'loading: True']",AT(hmal) + KR(B1) + DH,"[""AT{'substrate': 'emal'}"", ""KR{'type': 'B1'}"", 'loading: False']",TE(linear),232.26,False,
CCCC[C@H](C(=O)O)C(=O)C(O)=CCNC(N)=[NH2+],"[""AT{'substrate': 'guan'}"", 'loading: True']",AT(hmal) + KR(B1) + DH,"[""AT{'substrate': 'butmal'}"", ""KR{'type': 'C2'}"", 'loading: False']",TE(linear),258.3,False,
CCCC[C@@H](C(=O)O)C(=O)C(O)=CCNC(N)=[NH2+],"[""AT{'substrate': 'guan'}"", 'loading: True']",AT(hmal) + KR(B1) + DH,"[""AT{'substrate': 'butmal'}"", ""KR{'type': 'C1'}"", 'loading: False']",TE(linear),258.3,False,
CC(C)C(=CC(O)=CCNC(N)=[NH2+])C(=O)O,"[""AT{'substrate': 'guan'}"", 'loading: True']",AT(hmal) + KR(B1) + DH,"[""AT{'substrate': 'isobutmal'}"", ""KR{'type': 'B1'}"", 'DH{}', 'loading: False']",TE(linear),228.27,False,
CCCCCC[C@@H](C(=O)O)[C@H](O)C(O)=CCNC(N)=[NH2+],"[""AT{'substrate': 'guan'}"", 'loading: True']",AT(hmal) + KR(B1) + DH,"[""AT{'substrate': 'hexmal'}"", ""KR{'type': 'B1'}"", 'loading: False']",TE(linear),288.37,False,
COC(=CC(O)=CCNC(N)=[NH2+])C(=O)O,"[""AT{'substrate': 'guan'}"", 'loading: True']",AT(hmal) + KR(B1) + DH,"[""AT{'substrate': 'mxmal'}"", ""KR{'type': 'B1'}"", 'DH{}', 'loading: False']",TE(linear),216.22,False,
C[C@@H](C(=O)O)[C@@H](O)C(O)=CCNC(N)=[NH2+],"[""AT{'substrate': 'guan'}"", 'loading: True']",AT(hmal) + KR(B1) + DH,"[""AT{'substrate': 'Methylmalonyl-CoA'}"", ""KR{'type': 'A1'}"", 'loading: False']",TE(linear),218.23,False,
NC(=[NH2+])NCC=C(O)C(=O)[C@H](O)C(=O)O,"[""AT{'substrate': 'guan'}"", 'loading: True']",AT(hmal) + KR(B1) + DH,"[""AT{'substrate': 'hmal'}"", ""KR{'type': 'C2'}"", 'loading: False']",TE(linear),218.19,False,
NC(=[NH2+])NCC=C(O)C(=O)[C@@H](O)C(=O)O,"[""AT{'substrate': 'guan'}"", 'loading: True']",AT(hmal) + KR(B1) + DH,"[""AT{'substrate': 'hmal'}"", ""KR{'type': 'C1'}"", 'loading: False']",TE(linear),218.19,False,
NC(=[NH2+])NCC=C(O)C(=O)C(O)C(=O)O,"[""AT{'substrate': 'guan'}"", 'loading: True']",AT(hmal) + KR(B1) + DH,"[""AT{'substrate': 'hmal'}"", 'loading: False']",TE(linear),218.19,False,
CCCC[C@@H](CC(O)=CCNC(N)=[NH2+])C(=O)O,"[""AT{'substrate': 'guan'}"", 'loading: True']",AT(hmal) + KR(B1) + DH,"[""AT{'substrate': 'butmal'}"", ""KR{'type': 'B1'}"", 'DH{}', 'ER{}', 'loading: False']",TE(linear),244.31,False,
CC[C@@H](C(=O)O)C(=O)C(O)=CCNC(N)=[NH2+],"[""AT{'substrate': 'guan'}"", 'loading: True']",AT(hmal) + KR(B1) + DH,"[""AT{'substrate': 'emal'}"", ""KR{'type': 'C1'}"", 'loading: False']",TE(linear),230.24,False,
NC(=[NH2+])NCC=C(O)[C@@H](O)CC(=O)O,"[""AT{'substrate': 'guan'}"", 'loading: True']",AT(hmal) + KR(B1) + DH,"[""AT{'substrate': 'Malonyl-CoA'}"", ""KR{'type': 'B'}"", 'loading: False']",TE(linear),204.21,False,
CC[C@@H](CC(O)=CCNC(N)=[NH2+])C(=O)O,"[""AT{'substrate': 'guan'}"", 'loading: True']",AT(hmal) + KR(B1) + DH,"[""AT{'substrate': 'emal'}"", ""KR{'type': 'B1'}"", 'DH{}', 'ER{}', 'loading: False']",TE(linear),216.26,False,
CCCCCC[C@@H](C(=O)O)C(=O)C(O)=CCNC(N)=[NH2+],"[""AT{'substrate': 'guan'}"", 'loading: True']",AT(hmal) + KR(B1) + DH,"[""AT{'substrate': 'hexmal'}"", ""KR{'type': 'C1'}"", 'loading: False']",TE(linear),286.35,False,
C[C@@H](CC(O)=CCNC(N)=[NH2+])C(=O)O,"[""AT{'substrate': 'guan'}"", 'loading: True']",AT(hmal) + KR(B1) + DH,"[""AT{'substrate': 'Methylmalonyl-CoA'}"", ""KR{'type': 'B1'}"", 'DH{}', 'ER{}', 'loading: False']",TE(linear),202.23,False,
NC(=[NH2+])NCC=C(O)[C@@H](O)[C@H](CCCCc1c[nH]c(Cl)c1Cl)C(=O)O,"[""AT{'substrate': 'guan'}"", 'loading: True']",AT(hmal) + KR(B1) + DH,"[""AT{'substrate': 'DCP'}"", ""KR{'type': 'B2'}"", 'loading: False']",TE(linear),394.28,False,
NC(=[NH2+])NCC=C(O)[C@H](O)[C@H](CCCCc1c[nH]c(Cl)c1Cl)C(=O)O,"[""AT{'substrate': 'guan'}"", 'loading: True']",AT(hmal) + KR(B1) + DH,"[""AT{'substrate': 'DCP'}"", ""KR{'type': 'A2'}"", 'loading: False']",TE(linear),394.28,False,
NC(=[NH2+])NCC=C(O)CCC(=O)O,"[""AT{'substrate': 'guan'}"", 'loading: True']",AT(hmal) + KR(B1) + DH,"[""AT{'substrate': 'Malonyl-CoA'}"", ""KR{'type': 'B'}"", 'DH{}', 'ER{}', 'loading: False']",TE(linear),188.21,False,
NC(=[NH2+])NCC=C(O)C=C(O)C(=O)O,"[""AT{'substrate': 'guan'}"", 'loading: True']",AT(hmal) + KR(B1) + DH,"[""AT{'substrate': 'hmal'}"", ""KR{'type': 'B1'}"", 'DH{}', 'loading: False']",TE(linear),202.19,False,
CO[C@@H](C(=O)O)[C@H](O)C(O)=CCNC(N)=[NH2+],"[""AT{'substrate': 'guan'}"", 'loading: True']",AT(hmal) + KR(B1) + DH,"[""AT{'substrate': 'mxmal'}"", ""KR{'type': 'B1'}"", 'loading: False']",TE(linear),234.23,False,
NC(=[NH2+])NCC=C(O)C(=O)CC(=O)O,"[""AT{'substrate': 'guan'}"", 'loading: True']",AT(hmal) + KR(B1) + DH,"[""AT{'substrate': 'Malonyl-CoA'}"", 'loading: False']",TE(linear),202.19,False,
NC(=[NH2+])NCC=C(O)C(=O)C(CCCCc1c[nH]c(Cl)c1Cl)C(=O)O,"[""AT{'substrate': 'guan'}"", 'loading: True']",AT(hmal) + KR(B1) + DH,"[""AT{'substrate': 'DCP'}"", 'loading: False']",TE(linear),392.26,False,
Cc1nc(C=C(O)[C@H](O)[C@@H](CCCCc2c[nH]c(Cl)c2Cl)C(=O)O)cs1,"[""AT{'substrate': 'mthz'}"", 'loading: True']",AT(hmal) + KR(B1) + DH,"[""AT{'substrate': 'DCP'}"", ""KR{'type': 'A1'}"", 'loading: False']",TE(linear),419.33,False,
Cc1nc(C=C(O)[C@@H](O)[C@@H](C(=O)O)C(C)C)cs1,"[""AT{'substrate': 'mthz'}"", 'loading: True']",AT(hmal) + KR(B1) + DH,"[""AT{'substrate': 'D-isobutmal'}"", ""KR{'type': 'B2'}"", 'loading: False']",TE(linear),271.34,False,
Cc1nc(C=C(O)[C@H](O)[C@@H](C(=O)O)C(C)C)cs1,"[""AT{'substrate': 'mthz'}"", 'loading: True']",AT(hmal) + KR(B1) + DH,"[""AT{'substrate': 'D-isobutmal'}"", ""KR{'type': 'A2'}"", 'loading: False']",TE(linear),271.34,False,
CO[C@@H](CC(O)=Cc1csc(C)n1)C(=O)O,"[""AT{'substrate': 'mthz'}"", 'loading: True']",AT(hmal) + KR(B1) + DH,"[""AT{'substrate': 'mxmal'}"", ""KR{'type': 'B1'}"", 'DH{}', 'ER{}', 'loading: False']",TE(linear),243.28,False,
Cc1nc(C=C(O)[C@@H](O)[C@@H](C)C(=O)O)cs1,"[""AT{'substrate': 'mthz'}"", 'loading: True']",AT(hmal) + KR(B1) + DH,"[""AT{'substrate': 'Methylmalonyl-CoA'}"", ""KR{'type': 'B1'}"", 'loading: False']",TE(linear),243.28,False,
Cc1nc(C=C(O)C=CC(=O)O)cs1,"[""AT{'substrate': 'mthz'}"", 'loading: True']",AT(hmal) + KR(B1) + DH,"[""AT{'substrate': 'Malonyl-CoA'}"", ""KR{'type': 'B'}"", 'DH{}', 'loading: False']",TE(linear),211.24,False,
Cc1nc(C=C(O)[C@H](O)[C@H](O)C(=O)O)cs1,"[""AT{'substrate': 'mthz'}"", 'loading: True']",AT(hmal) + KR(B1) + DH,"[""AT{'substrate': 'hmal'}"", ""KR{'type': 'A2'}"", 'loading: False']",TE(linear),245.26,False,
C=CC[C@H](C(=O)O)[C@H](O)C(O)=Cc1csc(C)n1,"[""AT{'substrate': 'mthz'}"", 'loading: True']",AT(hmal) + KR(B1) + DH,"[""AT{'substrate': 'allylmal'}"", ""KR{'type': 'B2'}"", 'loading: False']",TE(linear),269.32,False,
CC[C@H](C(=O)O)[C@H](O)C(O)=Cc1csc(C)n1,"[""AT{'substrate': 'mthz'}"", 'loading: True']",AT(hmal) + KR(B1) + DH,"[""AT{'substrate': 'emal'}"", ""KR{'type': 'B2'}"", 'loading: False']",TE(linear),257.31,False,
CC[C@H](C(=O)O)[C@@H](O)C(O)=Cc1csc(C)n1,"[""AT{'substrate': 'mthz'}"", 'loading: True']",AT(hmal) + KR(B1) + DH,"[""AT{'substrate': 'emal'}"", ""KR{'type': 'A2'}"", 'loading: False']",TE(linear),257.31,False,
Cc1nc(C=C(O)C[C@@H](C(=O)O)C(C)C)cs1,"[""AT{'substrate': 'mthz'}"", 'loading: True']",AT(hmal) + KR(B1) + DH,"[""AT{'substrate': 'isobutmal'}"", ""KR{'type': 'B1'}"", 'DH{}', 'ER{}', 'loading: False']",TE(linear),255.34,False,
Cc1nc(C=C(O)C[C@H](CCCCc2c[nH]c(Cl)c2Cl)C(=O)O)cs1,"[""AT{'substrate': 'mthz'}"", 'loading: True']",AT(hmal) + KR(B1) + DH,"[""AT{'substrate': 'DCP'}"", ""KR{'type': 'B1'}"", 'DH{}', 'ER{}', 'loading: False']",TE(linear),403.33,False,
C=CCC(=CC(O)=Cc1csc(C)n1)C(=O)O,"[""AT{'substrate': 'mthz'}"", 'loading: True']",AT(hmal) + KR(B1) + DH,"[""AT{'substrate': 'allylmal'}"", ""KR{'type': 'B1'}"", 'DH{}', 'loading: False']",TE(linear),251.31,False,
CC(=CC(O)=Cc1csc(C)n1)C(=O)O,"[""AT{'substrate': 'mthz'}"", 'loading: True']",AT(hmal) + KR(B1) + DH,"[""AT{'substrate': 'Methylmalonyl-CoA'}"", ""KR{'type': 'B1'}"", 'DH{}', 'loading: False']",TE(linear),225.27,False,
CO[C@H](C(=O)O)C(=O)C(O)=Cc1csc(C)n1,"[""AT{'substrate': 'mthz'}"", 'loading: True']",AT(hmal) + KR(B1) + DH,"[""AT{'substrate': 'mxmal'}"", ""KR{'type': 'C2'}"", 'loading: False']",TE(linear),257.27,False,
CO[C@@H](C(=O)O)C(=O)C(O)=Cc1csc(C)n1,"[""AT{'substrate': 'mthz'}"", 'loading: True']",AT(hmal) + KR(B1) + DH,"[""AT{'substrate': 'mxmal'}"", ""KR{'type': 'C1'}"", 'loading: False']",TE(linear),257.27,False,
Cc1nc(C=C(O)[C@@H](O)[C@H](O)C(=O)O)cs1,"[""AT{'substrate': 'mthz'}"", 'loading: True']",AT(hmal) + KR(B1) + DH,"[""AT{'substrate': 'hmal'}"", ""KR{'type': 'B2'}"", 'loading: False']",TE(linear),245.26,False,
C=CC[C@@H](C(=O)O)[C@@H](O)C(O)=Cc1csc(C)n1,"[""AT{'substrate': 'mthz'}"", 'loading: True']",AT(hmal) + KR(B1) + DH,"[""AT{'substrate': 'allylmal'}"", ""KR{'type': 'A1'}"", 'loading: False']",TE(linear),269.32,False,
Cc1nc(C=C(O)C(=O)[C@H](C)C(=O)O)cs1,"[""AT{'substrate': 'mthz'}"", 'loading: True']",AT(hmal) + KR(B1) + DH,"[""AT{'substrate': 'Methylmalonyl-CoA'}"", ""KR{'type': 'C2'}"", 'loading: False']",TE(linear),241.27,False,
Cc1nc(C=C(O)C(=O)[C@@H](C)C(=O)O)cs1,"[""AT{'substrate': 'mthz'}"", 'loading: True']",AT(hmal) + KR(B1) + DH,"[""AT{'substrate': 'Methylmalonyl-CoA'}"", ""KR{'type': 'C1'}"", 'loading: False']",TE(linear),241.27,False,
CC[C@H](C(=O)O)C(=O)C(O)=Cc1csc(C)n1,"[""AT{'substrate': 'mthz'}"", 'loading: True']",AT(hmal) + KR(B1) + DH,"[""AT{'substrate': 'emal'}"", ""KR{'type': 'C2'}"", 'loading: False']",TE(linear),255.29,False,
CC[C@@H](C(=O)O)[C@@H](O)C(O)=Cc1csc(C)n1,"[""AT{'substrate': 'mthz'}"", 'loading: True']",AT(hmal) + KR(B1) + DH,"[""AT{'substrate': 'emal'}"", ""KR{'type': 'A1'}"", 'loading: False']",TE(linear),257.31,False,
Cc1nc(C=C(O)[C@H](O)CC(=O)O)cs1,"[""AT{'substrate': 'mthz'}"", 'loading: True']",AT(hmal) + KR(B1) + DH,"[""AT{'substrate': 'Malonyl-CoA'}"", ""KR{'type': 'A'}"", 'loading: False']",TE(linear),229.26,False,
CO[C@H](C(=O)O)[C@H](O)C(O)=Cc1csc(C)n1,"[""AT{'substrate': 'mthz'}"", 'loading: True']",AT(hmal) + KR(B1) + DH,"[""AT{'substrate': 'mxmal'}"", ""KR{'type': 'B2'}"", 'loading: False']",TE(linear),259.28,False,
Cc1nc(C=C(O)[C@H](O)[C@@H](O)C(=O)O)cs1,"[""AT{'substrate': 'mthz'}"", 'loading: True']",AT(hmal) + KR(B1) + DH,"[""AT{'substrate': 'hmal'}"", ""KR{'type': 'A1'}"", 'loading: False']",TE(linear),245.26,False,
CCCCCCC(=CC(O)=Cc1csc(C)n1)C(=O)O,"[""AT{'substrate': 'mthz'}"", 'loading: True']",AT(hmal) + KR(B1) + DH,"[""AT{'substrate': 'hexmal'}"", ""KR{'type': 'B1'}"", 'DH{}', 'loading: False']",TE(linear),295.4,False,
Cc1nc(C=C(O)C(=O)[C@H](C(=O)O)C(C)C)cs1,"[""AT{'substrate': 'mthz'}"", 'loading: True']",AT(hmal) + KR(B1) + DH,"[""AT{'substrate': 'isobutmal'}"", 'loading: False']",TE(linear),269.32,False,
CCCCCC[C@@H](CC(O)=Cc1csc(C)n1)C(=O)O,"[""AT{'substrate': 'mthz'}"", 'loading: True']",AT(hmal) + KR(B1) + DH,"[""AT{'substrate': 'hexmal'}"", ""KR{'type': 'B1'}"", 'DH{}', 'ER{}', 'loading: False']",TE(linear),297.42,False,
C=CC[C@@H](C(=O)O)[C@H](O)C(O)=Cc1csc(C)n1,"[""AT{'substrate': 'mthz'}"", 'loading: True']",AT(hmal) + KR(B1) + DH,"[""AT{'substrate': 'allylmal'}"", ""KR{'type': 'B1'}"", 'loading: False']",TE(linear),269.32,False,
C=CC[C@H](C(=O)O)[C@@H](O)C(O)=Cc1csc(C)n1,"[""AT{'substrate': 'mthz'}"", 'loading: True']",AT(hmal) + KR(B1) + DH,"[""AT{'substrate': 'allylmal'}"", ""KR{'type': 'A2'}"", 'loading: False']",TE(linear),269.32,False,
CCCC[C@H](C(=O)O)[C@H](O)C(O)=Cc1csc(C)n1,"[""AT{'substrate': 'mthz'}"", 'loading: True']",AT(hmal) + KR(B1) + DH,"[""AT{'substrate': 'butmal'}"", ""KR{'type': 'B2'}"", 'loading: False']",TE(linear),285.37,False,
CCCC[C@H](C(=O)O)[C@@H](O)C(O)=Cc1csc(C)n1,"[""AT{'substrate': 'mthz'}"", 'loading: True']",AT(hmal) + KR(B1) + DH,"[""AT{'substrate': 'butmal'}"", ""KR{'type': 'A2'}"", 'loading: False']",TE(linear),285.37,False,
Cc1nc(C=C(O)C(=O)[C@@H](C(=O)O)C(C)C)cs1,"[""AT{'substrate': 'mthz'}"", 'loading: True']",AT(hmal) + KR(B1) + DH,"[""AT{'substrate': 'D-isobutmal'}"", 'loading: False']",TE(linear),269.32,False,
Cc1nc(C=C(O)C=C(CCCCc2c[nH]c(Cl)c2Cl)C(=O)O)cs1,"[""AT{'substrate': 'mthz'}"", 'loading: True']",AT(hmal) + KR(B1) + DH,"[""AT{'substrate': 'DCP'}"", ""KR{'type': 'B1'}"", 'DH{}', 'loading: False']",TE(linear),401.32,False,
C=CC[C@@H](CC(O)=Cc1csc(C)n1)C(=O)O,"[""AT{'substrate': 'mthz'}"", 'loading: True']",AT(hmal) + KR(B1) + DH,"[""AT{'substrate': 'allylmal'}"", ""KR{'type': 'B1'}"", 'DH{}', 'ER{}', 'loading: False']",TE(linear),253.32,False,
CO[C@@H](C(=O)O)[C@@H](O)C(O)=Cc1csc(C)n1,"[""AT{'substrate': 'mthz'}"", 'loading: True']",AT(hmal) + KR(B1) + DH,"[""AT{'substrate': 'mxmal'}"", ""KR{'type': 'A1'}"", 'loading: False']",TE(linear),259.28,False,
C=CC[C@H](C(=O)O)C(=O)C(O)=Cc1csc(C)n1,"[""AT{'substrate': 'mthz'}"", 'loading: True']",AT(hmal) + KR(B1) + DH,"[""AT{'substrate': 'allylmal'}"", ""KR{'type': 'C2'}"", 'loading: False']",TE(linear),267.31,False,
C=CC[C@@H](C(=O)O)C(=O)C(O)=Cc1csc(C)n1,"[""AT{'substrate': 'mthz'}"", 'loading: True']",AT(hmal) + KR(B1) + DH,"[""AT{'substrate': 'allylmal'}"", ""KR{'type': 'C1'}"", 'loading: False']",TE(linear),267.31,False,
Cc1nc(C=C(O)[C@@H](O)[C@@H](CCCCc2c[nH]c(Cl)c2Cl)C(=O)O)cs1,"[""AT{'substrate': 'mthz'}"", 'loading: True']",AT(hmal) + KR(B1) + DH,"[""AT{'substrate': 'DCP'}"", ""KR{'type': 'B1'}"", 'loading: False']",TE(linear),419.33,False,
Cc1nc(C=C(O)[C@H](O)[C@H](C(=O)O)C(C)C)cs1,"[""AT{'substrate': 'mthz'}"", 'loading: True']",AT(hmal) + KR(B1) + DH,"[""AT{'substrate': 'isobutmal'}"", ""KR{'type': 'A1'}"", 'loading: False']",TE(linear),271.34,False,
CCCCCC[C@H](C(=O)O)C(=O)C(O)=Cc1csc(C)n1,"[""AT{'substrate': 'mthz'}"", 'loading: True']",AT(hmal) + KR(B1) + DH,"[""AT{'substrate': 'hexmal'}"", 'loading: False']",TE(linear),311.4,False,
CCC(=CC(O)=Cc1csc(C)n1)C(=O)O,"[""AT{'substrate': 'mthz'}"", 'loading: True']",AT(hmal) + KR(B1) + DH,"[""AT{'substrate': 'emal'}"", ""KR{'type': 'B1'}"", 'DH{}', 'loading: False']",TE(linear),239.3,False,
CCCC[C@@H](C(=O)O)[C@@H](O)C(O)=Cc1csc(C)n1,"[""AT{'substrate': 'mthz'}"", 'loading: True']",AT(hmal) + KR(B1) + DH,"[""AT{'substrate': 'butmal'}"", ""KR{'type': 'A1'}"", 'loading: False']",TE(linear),285.37,False,
CCCCCC[C@H](C(=O)O)[C@H](O)C(O)=Cc1csc(C)n1,"[""AT{'substrate': 'mthz'}"", 'loading: True']",AT(hmal) + KR(B1) + DH,"[""AT{'substrate': 'hexmal'}"", ""KR{'type': 'B2'}"", 'loading: False']",TE(linear),313.42,False,
CCCCCC[C@H](C(=O)O)[C@@H](O)C(O)=Cc1csc(C)n1,"[""AT{'substrate': 'mthz'}"", 'loading: True']",AT(hmal) + KR(B1) + DH,"[""AT{'substrate': 'hexmal'}"", ""KR{'type': 'A2'}"", 'loading: False']",TE(linear),313.42,False,
CO[C@H](C(=O)O)[C@@H](O)C(O)=Cc1csc(C)n1,"[""AT{'substrate': 'mthz'}"", 'loading: True']",AT(hmal) + KR(B1) + DH,"[""AT{'substrate': 'mxmal'}"", ""KR{'type': 'A2'}"", 'loading: False']",TE(linear),259.28,False,
Cc1nc(C=C(O)[C@@H](O)[C@H](C(=O)O)C(C)C)cs1,"[""AT{'substrate': 'mthz'}"", 'loading: True']",AT(hmal) + KR(B1) + DH,"[""AT{'substrate': 'isobutmal'}"", ""KR{'type': 'B1'}"", 'loading: False']",TE(linear),271.34,False,
CCCC[C@@H](C(=O)O)[C@H](O)C(O)=Cc1csc(C)n1,"[""AT{'substrate': 'mthz'}"", 'loading: True']",AT(hmal) + KR(B1) + DH,"[""AT{'substrate': 'butmal'}"", ""KR{'type': 'B1'}"", 'loading: False']",TE(linear),285.37,False,
Cc1nc(C=C(O)C(=O)[C@H](CCCCc2c[nH]c(Cl)c2Cl)C(=O)O)cs1,"[""AT{'substrate': 'mthz'}"", 'loading: True']",AT(hmal) + KR(B1) + DH,"[""AT{'substrate': 'DCP'}"", ""KR{'type': 'C2'}"", 'loading: False']",TE(linear),417.31,False,
Cc1nc(C=C(O)C(=O)[C@@H](CCCCc2c[nH]c(Cl)c2Cl)C(=O)O)cs1,"[""AT{'substrate': 'mthz'}"", 'loading: True']",AT(hmal) + KR(B1) + DH,"[""AT{'substrate': 'DCP'}"", ""KR{'type': 'C1'}"", 'loading: False']",TE(linear),417.31,False,
Cc1nc(C=C(O)[C@@H](O)[C@H](C)C(=O)O)cs1,"[""AT{'substrate': 'mthz'}"", 'loading: True']",AT(hmal) + KR(B1) + DH,"[""AT{'substrate': 'Methylmalonyl-CoA'}"", ""KR{'type': 'B2'}"", 'loading: False']",TE(linear),243.28,False,
Cc1nc(C=C(O)[C@H](O)[C@H](C)C(=O)O)cs1,"[""AT{'substrate': 'mthz'}"", 'loading: True']",AT(hmal) + KR(B1) + DH,"[""AT{'substrate': 'Methylmalonyl-CoA'}"", ""KR{'type': 'A2'}"", 'loading: False']",TE(linear),243.28,False,
CCCCCC[C@@H](C(=O)O)[C@@H](O)C(O)=Cc1csc(C)n1,"[""AT{'substrate': 'mthz'}"", 'loading: True']",AT(hmal) + KR(B1) + DH,"[""AT{'substrate': 'hexmal'}"", ""KR{'type': 'A1'}"", 'loading: False']",TE(linear),313.42,False,
Cc1nc(C=C(O)C[C@H](O)C(=O)O)cs1,"[""AT{'substrate': 'mthz'}"", 'loading: True']",AT(hmal) + KR(B1) + DH,"[""AT{'substrate': 'hmal'}"", ""KR{'type': 'B1'}"", 'DH{}', 'ER{}', 'loading: False']",TE(linear),229.26,False,
CCCCC(=CC(O)=Cc1csc(C)n1)C(=O)O,"[""AT{'substrate': 'mthz'}"", 'loading: True']",AT(hmal) + KR(B1) + DH,"[""AT{'substrate': 'butmal'}"", ""KR{'type': 'B1'}"", 'DH{}', 'loading: False']",TE(linear),267.35,False,
Cc1nc(C=C(O)[C@@H](O)[C@@H](O)C(=O)O)cs1,"[""AT{'substrate': 'mthz'}"", 'loading: True']",AT(hmal) + KR(B1) + DH,"[""AT{'substrate': 'hmal'}"", ""KR{'type': 'B1'}"", 'loading: False']",TE(linear),245.26,False,
CC[C@@H](C(=O)O)[C@H](O)C(O)=Cc1csc(C)n1,"[""AT{'substrate': 'mthz'}"", 'loading: True']",AT(hmal) + KR(B1) + DH,"[""AT{'substrate': 'emal'}"", ""KR{'type': 'B1'}"", 'loading: False']",TE(linear),257.31,False,
CCCC[C@H](C(=O)O)C(=O)C(O)=Cc1csc(C)n1,"[""AT{'substrate': 'mthz'}"", 'loading: True']",AT(hmal) + KR(B1) + DH,"[""AT{'substrate': 'butmal'}"", ""KR{'type': 'C2'}"", 'loading: False']",TE(linear),283.35,False,
CCCC[C@@H](C(=O)O)C(=O)C(O)=Cc1csc(C)n1,"[""AT{'substrate': 'mthz'}"", 'loading: True']",AT(hmal) + KR(B1) + DH,"[""AT{'substrate': 'butmal'}"", ""KR{'type': 'C1'}"", 'loading: False']",TE(linear),283.35,False,
Cc1nc(C=C(O)C=C(C(=O)O)C(C)C)cs1,"[""AT{'substrate': 'mthz'}"", 'loading: True']",AT(hmal) + KR(B1) + DH,"[""AT{'substrate': 'isobutmal'}"", ""KR{'type': 'B1'}"", 'DH{}', 'loading: False']",TE(linear),253.32,False,
CCCCCC[C@@H](C(=O)O)[C@H](O)C(O)=Cc1csc(C)n1,"[""AT{'substrate': 'mthz'}"", 'loading: True']",AT(hmal) + KR(B1) + DH,"[""AT{'substrate': 'hexmal'}"", ""KR{'type': 'B1'}"", 'loading: False']",TE(linear),313.42,False,
COC(=CC(O)=Cc1csc(C)n1)C(=O)O,"[""AT{'substrate': 'mthz'}"", 'loading: True']",AT(hmal) + KR(B1) + DH,"[""AT{'substrate': 'mxmal'}"", ""KR{'type': 'B1'}"", 'DH{}', 'loading: False']",TE(linear),241.27,False,
Cc1nc(C=C(O)[C@H](O)[C@@H](C)C(=O)O)cs1,"[""AT{'substrate': 'mthz'}"", 'loading: True']",AT(hmal) + KR(B1) + DH,"[""AT{'substrate': 'Methylmalonyl-CoA'}"", ""KR{'type': 'A1'}"", 'loading: False']",TE(linear),243.28,False,
Cc1nc(C=C(O)C(=O)[C@H](O)C(=O)O)cs1,"[""AT{'substrate': 'mthz'}"", 'loading: True']",AT(hmal) + KR(B1) + DH,"[""AT{'substrate': 'hmal'}"", ""KR{'type': 'C2'}"", 'loading: False']",TE(linear),243.24,False,
Cc1nc(C=C(O)C(=O)[C@@H](O)C(=O)O)cs1,"[""AT{'substrate': 'mthz'}"", 'loading: True']",AT(hmal) + KR(B1) + DH,"[""AT{'substrate': 'hmal'}"", ""KR{'type': 'C1'}"", 'loading: False']",TE(linear),243.24,False,
Cc1nc(C=C(O)C(=O)C(O)C(=O)O)cs1,"[""AT{'substrate': 'mthz'}"", 'loading: True']",AT(hmal) + KR(B1) + DH,"[""AT{'substrate': 'hmal'}"", 'loading: False']",TE(linear),243.24,False,
CCCC[C@@H](CC(O)=Cc1csc(C)n1)C(=O)O,"[""AT{'substrate': 'mthz'}"", 'loading: True']",AT(hmal) + KR(B1) + DH,"[""AT{'substrate': 'butmal'}"", ""KR{'type': 'B1'}"", 'DH{}', 'ER{}', 'loading: False']",TE(linear),269.37,False,
CC[C@@H](C(=O)O)C(=O)C(O)=Cc1csc(C)n1,"[""AT{'substrate': 'mthz'}"", 'loading: True']",AT(hmal) + KR(B1) + DH,"[""AT{'substrate': 'emal'}"", ""KR{'type': 'C1'}"", 'loading: False']",TE(linear),255.29,False,
Cc1nc(C=C(O)[C@@H](O)CC(=O)O)cs1,"[""AT{'substrate': 'mthz'}"", 'loading: True']",AT(hmal) + KR(B1) + DH,"[""AT{'substrate': 'Malonyl-CoA'}"", ""KR{'type': 'B'}"", 'loading: False']",TE(linear),229.26,False,
CC[C@@H](CC(O)=Cc1csc(C)n1)C(=O)O,"[""AT{'substrate': 'mthz'}"", 'loading: True']",AT(hmal) + KR(B1) + DH,"[""AT{'substrate': 'emal'}"", ""KR{'type': 'B1'}"", 'DH{}', 'ER{}', 'loading: False']",TE(linear),241.31,False,
CCCCCC[C@@H](C(=O)O)C(=O)C(O)=Cc1csc(C)n1,"[""AT{'substrate': 'mthz'}"", 'loading: True']",AT(hmal) + KR(B1) + DH,"[""AT{'substrate': 'hexmal'}"", ""KR{'type': 'C1'}"", 'loading: False']",TE(linear),311.4,False,
Cc1nc(C=C(O)C[C@H](C)C(=O)O)cs1,"[""AT{'substrate': 'mthz'}"", 'loading: True']",AT(hmal) + KR(B1) + DH,"[""AT{'substrate': 'Methylmalonyl-CoA'}"", ""KR{'type': 'B1'}"", 'DH{}', 'ER{}', 'loading: False']",TE(linear),227.28,False,
Cc1nc(C=C(O)[C@@H](O)[C@H](CCCCc2c[nH]c(Cl)c2Cl)C(=O)O)cs1,"[""AT{'substrate': 'mthz'}"", 'loading: True']",AT(hmal) + KR(B1) + DH,"[""AT{'substrate': 'DCP'}"", ""KR{'type': 'B2'}"", 'loading: False']",TE(linear),419.33,False,
Cc1nc(C=C(O)[C@H](O)[C@H](CCCCc2c[nH]c(Cl)c2Cl)C(=O)O)cs1,"[""AT{'substrate': 'mthz'}"", 'loading: True']",AT(hmal) + KR(B1) + DH,"[""AT{'substrate': 'DCP'}"", ""KR{'type': 'A2'}"", 'loading: False']",TE(linear),419.33,False,
Cc1nc(C=C(O)CCC(=O)O)cs1,"[""AT{'substrate': 'mthz'}"", 'loading: True']",AT(hmal) + KR(B1) + DH,"[""AT{'substrate': 'Malonyl-CoA'}"", ""KR{'type': 'B'}"", 'DH{}', 'ER{}', 'loading: False']",TE(linear),213.26,False,
Cc1nc(C=C(O)C=C(O)C(=O)O)cs1,"[""AT{'substrate': 'mthz'}"", 'loading: True']",AT(hmal) + KR(B1) + DH,"[""AT{'substrate': 'hmal'}"", ""KR{'type': 'B1'}"", 'DH{}', 'loading: False']",TE(linear),227.24,False,
CO[C@@H](C(=O)O)[C@H](O)C(O)=Cc1csc(C)n1,"[""AT{'substrate': 'mthz'}"", 'loading: True']",AT(hmal) + KR(B1) + DH,"[""AT{'substrate': 'mxmal'}"", ""KR{'type': 'B1'}"", 'loading: False']",TE(linear),259.28,False,
Cc1nc(C=C(O)C(=O)CC(=O)O)cs1,"[""AT{'substrate': 'mthz'}"", 'loading: True']",AT(hmal) + KR(B1) + DH,"[""AT{'substrate': 'Malonyl-CoA'}"", 'loading: False']",TE(linear),227.24,False,
Cc1nc(C=C(O)C(=O)C(CCCCc2c[nH]c(Cl)c2Cl)C(=O)O)cs1,"[""AT{'substrate': 'mthz'}"", 'loading: True']",AT(hmal) + KR(B1) + DH,"[""AT{'substrate': 'DCP'}"", 'loading: False']",TE(linear),417.31,False,
O=C(O)[C@H](CCCCc1c[nH]c(Cl)c1Cl)[C@@H](O)C(O)=CC1CC[C@@H](O)[C@H](O)C1,"[""AT{'substrate': 'DHCH'}"", 'loading: True']",AT(hmal) + KR(B1) + DH,"[""AT{'substrate': 'DCP'}"", ""KR{'type': 'A1'}"", 'loading: False']",TE(linear),436.33,False,
CC(C)[C@H](C(=O)O)[C@H](O)C(O)=CC1CC[C@@H](O)[C@H](O)C1,"[""AT{'substrate': 'DHCH'}"", 'loading: True']",AT(hmal) + KR(B1) + DH,"[""AT{'substrate': 'D-isobutmal'}"", ""KR{'type': 'B2'}"", 'loading: False']",TE(linear),288.34,False,
CC(C)[C@H](C(=O)O)[C@@H](O)C(O)=CC1CC[C@@H](O)[C@H](O)C1,"[""AT{'substrate': 'DHCH'}"", 'loading: True']",AT(hmal) + KR(B1) + DH,"[""AT{'substrate': 'D-isobutmal'}"", ""KR{'type': 'A2'}"", 'loading: False']",TE(linear),288.34,False,
CO[C@H]1CC(=CC2CC[C@@H](O)[C@H](O)C2)OC1=O,"[""AT{'substrate': 'DHCH'}"", 'loading: True']",AT(hmal) + KR(B1) + DH,"[""AT{'substrate': 'mxmal'}"", ""KR{'type': 'B1'}"", 'DH{}', 'ER{}', 'loading: False']","TE(cyclic, ring=5)",242.27,True,['pattern_1: CCC=C1C[C@H](OC)C(=O)O1']
C[C@@H](C(=O)O)[C@H](O)C(O)=CC1CC[C@@H](O)[C@H](O)C1,"[""AT{'substrate': 'DHCH'}"", 'loading: True']",AT(hmal) + KR(B1) + DH,"[""AT{'substrate': 'Methylmalonyl-CoA'}"", ""KR{'type': 'B1'}"", 'loading: False']",TE(linear),260.29,False,
O=C1C=CC(=CC2CC[C@@H](O)[C@H](O)C2)O1,"[""AT{'substrate': 'DHCH'}"", 'loading: True']",AT(hmal) + KR(B1) + DH,"[""AT{'substrate': 'Malonyl-CoA'}"", ""KR{'type': 'B'}"", 'DH{}', 'loading: False']","TE(cyclic, ring=4)",210.23,True,['pattern_2: CCC=C1C=CC(=O)O1']
O=C(O)[C@@H](O)[C@@H](O)C(O)=CC1CC[C@@H](O)[C@H](O)C1,"[""AT{'substrate': 'DHCH'}"", 'loading: True']",AT(hmal) + KR(B1) + DH,"[""AT{'substrate': 'hmal'}"", ""KR{'type': 'A2'}"", 'loading: False']",TE(linear),262.26,False,
C=CC[C@H](C(=O)O)[C@H](O)C(O)=CC1CC[C@@H](O)[C@H](O)C1,"[""AT{'substrate': 'DHCH'}"", 'loading: True']",AT(hmal) + KR(B1) + DH,"[""AT{'substrate': 'allylmal'}"", ""KR{'type': 'B2'}"", 'loading: False']",TE(linear),286.32,False,
CC[C@H](C(=O)O)[C@H](O)C(O)=CC1CC[C@@H](O)[C@H](O)C1,"[""AT{'substrate': 'DHCH'}"", 'loading: True']",AT(hmal) + KR(B1) + DH,"[""AT{'substrate': 'emal'}"", ""KR{'type': 'B2'}"", 'loading: False']",TE(linear),274.31,False,
CC[C@H](C(=O)O)[C@@H](O)C(O)=CC1CC[C@@H](O)[C@H](O)C1,"[""AT{'substrate': 'DHCH'}"", 'loading: True']",AT(hmal) + KR(B1) + DH,"[""AT{'substrate': 'emal'}"", ""KR{'type': 'A2'}"", 'loading: False']",TE(linear),274.31,False,
CC(C)[C@@H](CC(O)=CC1CC[C@@H](O)[C@H](O)C1)C(=O)O,"[""AT{'substrate': 'DHCH'}"", 'loading: True']",AT(hmal) + KR(B1) + DH,"[""AT{'substrate': 'isobutmal'}"", ""KR{'type': 'B1'}"", 'DH{}', 'ER{}', 'loading: False']",TE(linear),272.34,False,
O=C(O)[C@@H](CCCCc1c[nH]c(Cl)c1Cl)CC(O)=CC1CC[C@@H](O)[C@H](O)C1,"[""AT{'substrate': 'DHCH'}"", 'loading: True']",AT(hmal) + KR(B1) + DH,"[""AT{'substrate': 'DCP'}"", ""KR{'type': 'B1'}"", 'DH{}', 'ER{}', 'loading: False']",TE(linear),420.33,False,
C=CCC1=CC(=CC2CC[C@@H](O)[C@H](O)C2)OC1=O,"[""AT{'substrate': 'DHCH'}"", 'loading: True']",AT(hmal) + KR(B1) + DH,"[""AT{'substrate': 'allylmal'}"", ""KR{'type': 'B1'}"", 'DH{}', 'loading: False']","TE(cyclic, ring=4)",250.29,True,['pattern_2: CCC=C1C=CC(=O)O1']
CC1=CC(=CC2CC[C@@H](O)[C@H](O)C2)OC1=O,"[""AT{'substrate': 'DHCH'}"", 'loading: True']",AT(hmal) + KR(B1) + DH,"[""AT{'substrate': 'Methylmalonyl-CoA'}"", ""KR{'type': 'B1'}"", 'DH{}', 'loading: False']","TE(cyclic, ring=4)",224.26,True,['pattern_2: CCC=C1C=CC(=O)O1']
CO[C@@H]1C(=O)OC(=CC2CC[C@@H](O)[C@H](O)C2)C1=O,"[""AT{'substrate': 'DHCH'}"", 'loading: True']",AT(hmal) + KR(B1) + DH,"[""AT{'substrate': 'mxmal'}"", ""KR{'type': 'C2'}"", 'loading: False']","TE(cyclic, ring=5)",256.25,True,['pattern_1: CCC=C1C[C@H](OC)C(=O)O1']
CO[C@H]1C(=O)OC(=CC2CC[C@@H](O)[C@H](O)C2)C1=O,"[""AT{'substrate': 'DHCH'}"", 'loading: True']",AT(hmal) + KR(B1) + DH,"[""AT{'substrate': 'mxmal'}"", ""KR{'type': 'C1'}"", 'loading: False']","TE(cyclic, ring=5)",256.25,True,['pattern_1: CCC=C1C[C@H](OC)C(=O)O1']
O=C(O)[C@@H](O)[C@H](O)C(O)=CC1CC[C@@H](O)[C@H](O)C1,"[""AT{'substrate': 'DHCH'}"", 'loading: True']",AT(hmal) + KR(B1) + DH,"[""AT{'substrate': 'hmal'}"", ""KR{'type': 'B2'}"", 'loading: False']",TE(linear),262.26,False,
C=CC[C@@H](C(=O)O)[C@@H](O)C(O)=CC1CC[C@@H](O)[C@H](O)C1,"[""AT{'substrate': 'DHCH'}"", 'loading: True']",AT(hmal) + KR(B1) + DH,"[""AT{'substrate': 'allylmal'}"", ""KR{'type': 'A1'}"", 'loading: False']",TE(linear),286.32,False,
C[C@H](C(=O)O)C(=O)C(O)=CC1CC[C@@H](O)[C@H](O)C1,"[""AT{'substrate': 'DHCH'}"", 'loading: True']",AT(hmal) + KR(B1) + DH,"[""AT{'substrate': 'Methylmalonyl-CoA'}"", ""KR{'type': 'C2'}"", 'loading: False']",TE(linear),258.27,False,
C[C@@H](C(=O)O)C(=O)C(O)=CC1CC[C@@H](O)[C@H](O)C1,"[""AT{'substrate': 'DHCH'}"", 'loading: True']",AT(hmal) + KR(B1) + DH,"[""AT{'substrate': 'Methylmalonyl-CoA'}"", ""KR{'type': 'C1'}"", 'loading: False']",TE(linear),258.27,False,
CC[C@H](C(=O)O)C(=O)C(O)=CC1CC[C@@H](O)[C@H](O)C1,"[""AT{'substrate': 'DHCH'}"", 'loading: True']",AT(hmal) + KR(B1) + DH,"[""AT{'substrate': 'emal'}"", ""KR{'type': 'C2'}"", 'loading: False']",TE(linear),272.3,False,
CC[C@@H](C(=O)O)[C@@H](O)C(O)=CC1CC[C@@H](O)[C@H](O)C1,"[""AT{'substrate': 'DHCH'}"", 'loading: True']",AT(hmal) + KR(B1) + DH,"[""AT{'substrate': 'emal'}"", ""KR{'type': 'A1'}"", 'loading: False']",TE(linear),274.31,False,
O=C(O)C[C@@H](O)C(O)=CC1CC[C@@H](O)[C@H](O)C1,"[""AT{'substrate': 'DHCH'}"", 'loading: True']",AT(hmal) + KR(B1) + DH,"[""AT{'substrate': 'Malonyl-CoA'}"", ""KR{'type': 'A'}"", 'loading: False']",TE(linear),246.26,False,
CO[C@@H]1C(=O)OC(=CC2CC[C@@H](O)[C@H](O)C2)[C@H]1O,"[""AT{'substrate': 'DHCH'}"", 'loading: True']",AT(hmal) + KR(B1) + DH,"[""AT{'substrate': 'mxmal'}"", ""KR{'type': 'B2'}"", 'loading: False']","TE(cyclic, ring=7)",258.27,True,['pattern_1: CCC=C1C[C@H](OC)C(=O)O1']
O=C(O)[C@H](O)[C@@H](O)C(O)=CC1CC[C@@H](O)[C@H](O)C1,"[""AT{'substrate': 'DHCH'}"", 'loading: True']",AT(hmal) + KR(B1) + DH,"[""AT{'substrate': 'hmal'}"", ""KR{'type': 'A1'}"", 'loading: False']",TE(linear),262.26,False,
CCCCCCC1=CC(=CC2CC[C@@H](O)[C@H](O)C2)OC1=O,"[""AT{'substrate': 'DHCH'}"", 'loading: True']",AT(hmal) + KR(B1) + DH,"[""AT{'substrate': 'hexmal'}"", ""KR{'type': 'B1'}"", 'DH{}', 'loading: False']","TE(cyclic, ring=4)",294.39,True,['pattern_2: CCC=C1C=CC(=O)O1']
CC(C)[C@@H](C(=O)O)C(=O)C(O)=CC1CC[C@@H](O)[C@H](O)C1,"[""AT{'substrate': 'DHCH'}"", 'loading: True']",AT(hmal) + KR(B1) + DH,"[""AT{'substrate': 'isobutmal'}"", 'loading: False']",TE(linear),286.32,False,
CCCCCC[C@@H](CC(O)=CC1CC[C@@H](O)[C@H](O)C1)C(=O)O,"[""AT{'substrate': 'DHCH'}"", 'loading: True']",AT(hmal) + KR(B1) + DH,"[""AT{'substrate': 'hexmal'}"", ""KR{'type': 'B1'}"", 'DH{}', 'ER{}', 'loading: False']",TE(linear),314.42,False,
C=CC[C@@H](C(=O)O)[C@H](O)C(O)=CC1CC[C@@H](O)[C@H](O)C1,"[""AT{'substrate': 'DHCH'}"", 'loading: True']",AT(hmal) + KR(B1) + DH,"[""AT{'substrate': 'allylmal'}"", ""KR{'type': 'B1'}"", 'loading: False']",TE(linear),286.32,False,
C=CC[C@H](C(=O)O)[C@@H](O)C(O)=CC1CC[C@@H](O)[C@H](O)C1,"[""AT{'substrate': 'DHCH'}"", 'loading: True']",AT(hmal) + KR(B1) + DH,"[""AT{'substrate': 'allylmal'}"", ""KR{'type': 'A2'}"", 'loading: False']",TE(linear),286.32,False,
CCCC[C@H](C(=O)O)[C@H](O)C(O)=CC1CC[C@@H](O)[C@H](O)C1,"[""AT{'substrate': 'DHCH'}"", 'loading: True']",AT(hmal) + KR(B1) + DH,"[""AT{'substrate': 'butmal'}"", ""KR{'type': 'B2'}"", 'loading: False']",TE(linear),302.37,False,
CCCC[C@H](C(=O)O)[C@@H](O)C(O)=CC1CC[C@@H](O)[C@H](O)C1,"[""AT{'substrate': 'DHCH'}"", 'loading: True']",AT(hmal) + KR(B1) + DH,"[""AT{'substrate': 'butmal'}"", ""KR{'type': 'A2'}"", 'loading: False']",TE(linear),302.37,False,
CC(C)[C@H](C(=O)O)C(=O)C(O)=CC1CC[C@@H](O)[C@H](O)C1,"[""AT{'substrate': 'DHCH'}"", 'loading: True']",AT(hmal) + KR(B1) + DH,"[""AT{'substrate': 'D-isobutmal'}"", 'loading: False']",TE(linear),286.32,False,
O=C1OC(=CC2CC[C@@H](O)[C@H](O)C2)C=C1CCCCc1c[nH]c(Cl)c1Cl,"[""AT{'substrate': 'DHCH'}"", 'loading: True']",AT(hmal) + KR(B1) + DH,"[""AT{'substrate': 'DCP'}"", ""KR{'type': 'B1'}"", 'DH{}', 'loading: False']","TE(cyclic, ring=4)",400.3,True,['pattern_2: CCC=C1C=CC(=O)O1']
C=CC[C@@H](CC(O)=CC1CC[C@@H](O)[C@H](O)C1)C(=O)O,"[""AT{'substrate': 'DHCH'}"", 'loading: True']",AT(hmal) + KR(B1) + DH,"[""AT{'substrate': 'allylmal'}"", ""KR{'type': 'B1'}"", 'DH{}', 'ER{}', 'loading: False']",TE(linear),270.32,False,
CO[C@H]1C(=O)OC(=CC2CC[C@@H](O)[C@H](O)C2)[C@@H]1O,"[""AT{'substrate': 'DHCH'}"", 'loading: True']",AT(hmal) + KR(B1) + DH,"[""AT{'substrate': 'mxmal'}"", ""KR{'type': 'A1'}"", 'loading: False']","TE(cyclic, ring=7)",258.27,True,['pattern_1: CCC=C1C[C@H](OC)C(=O)O1']
C=CC[C@H](C(=O)O)C(=O)C(O)=CC1CC[C@@H](O)[C@H](O)C1,"[""AT{'substrate': 'DHCH'}"", 'loading: True']",AT(hmal) + KR(B1) + DH,"[""AT{'substrate': 'allylmal'}"", ""KR{'type': 'C2'}"", 'loading: False']",TE(linear),284.31,False,
C=CC[C@@H](C(=O)O)C(=O)C(O)=CC1CC[C@@H](O)[C@H](O)C1,"[""AT{'substrate': 'DHCH'}"", 'loading: True']",AT(hmal) + KR(B1) + DH,"[""AT{'substrate': 'allylmal'}"", ""KR{'type': 'C1'}"", 'loading: False']",TE(linear),284.31,False,
O=C(O)[C@H](CCCCc1c[nH]c(Cl)c1Cl)[C@H](O)C(O)=CC1CC[C@@H](O)[C@H](O)C1,"[""AT{'substrate': 'DHCH'}"", 'loading: True']",AT(hmal) + KR(B1) + DH,"[""AT{'substrate': 'DCP'}"", ""KR{'type': 'B1'}"", 'loading: False']",TE(linear),436.33,False,
CC(C)[C@@H](C(=O)O)[C@@H](O)C(O)=CC1CC[C@@H](O)[C@H](O)C1,"[""AT{'substrate': 'DHCH'}"", 'loading: True']",AT(hmal) + KR(B1) + DH,"[""AT{'substrate': 'isobutmal'}"", ""KR{'type': 'A1'}"", 'loading: False']",TE(linear),288.34,False,
CCCCCC[C@H](C(=O)O)C(=O)C(O)=CC1CC[C@@H](O)[C@H](O)C1,"[""AT{'substrate': 'DHCH'}"", 'loading: True']",AT(hmal) + KR(B1) + DH,"[""AT{'substrate': 'hexmal'}"", 'loading: False']",TE(linear),328.41,False,
CCC1=CC(=CC2CC[C@@H](O)[C@H](O)C2)OC1=O,"[""AT{'substrate': 'DHCH'}"", 'loading: True']",AT(hmal) + KR(B1) + DH,"[""AT{'substrate': 'emal'}"", ""KR{'type': 'B1'}"", 'DH{}', 'loading: False']","TE(cyclic, ring=4)",238.28,True,['pattern_2: CCC=C1C=CC(=O)O1']
CCCC[C@@H](C(=O)O)[C@@H](O)C(O)=CC1CC[C@@H](O)[C@H](O)C1,"[""AT{'substrate': 'DHCH'}"", 'loading: True']",AT(hmal) + KR(B1) + DH,"[""AT{'substrate': 'butmal'}"", ""KR{'type': 'A1'}"", 'loading: False']",TE(linear),302.37,False,
CCCCCC[C@H](C(=O)O)[C@H](O)C(O)=CC1CC[C@@H](O)[C@H](O)C1,"[""AT{'substrate': 'DHCH'}"", 'loading: True']",AT(hmal) + KR(B1) + DH,"[""AT{'substrate': 'hexmal'}"", ""KR{'type': 'B2'}"", 'loading: False']",TE(linear),330.42,False,
CCCCCC[C@H](C(=O)O)[C@@H](O)C(O)=CC1CC[C@@H](O)[C@H](O)C1,"[""AT{'substrate': 'DHCH'}"", 'loading: True']",AT(hmal) + KR(B1) + DH,"[""AT{'substrate': 'hexmal'}"", ""KR{'type': 'A2'}"", 'loading: False']",TE(linear),330.42,False,
CO[C@@H]1C(=O)OC(=CC2CC[C@@H](O)[C@H](O)C2)[C@@H]1O,"[""AT{'substrate': 'DHCH'}"", 'loading: True']",AT(hmal) + KR(B1) + DH,"[""AT{'substrate': 'mxmal'}"", ""KR{'type': 'A2'}"", 'loading: False']","TE(cyclic, ring=7)",258.27,True,['pattern_1: CCC=C1C[C@H](OC)C(=O)O1']
CC(C)[C@@H](C(=O)O)[C@H](O)C(O)=CC1CC[C@@H](O)[C@H](O)C1,"[""AT{'substrate': 'DHCH'}"", 'loading: True']",AT(hmal) + KR(B1) + DH,"[""AT{'substrate': 'isobutmal'}"", ""KR{'type': 'B1'}"", 'loading: False']",TE(linear),288.34,False,
CCCC[C@@H](C(=O)O)[C@H](O)C(O)=CC1CC[C@@H](O)[C@H](O)C1,"[""AT{'substrate': 'DHCH'}"", 'loading: True']",AT(hmal) + KR(B1) + DH,"[""AT{'substrate': 'butmal'}"", ""KR{'type': 'B1'}"", 'loading: False']",TE(linear),302.37,False,
O=C(O)[C@@H](CCCCc1c[nH]c(Cl)c1Cl)C(=O)C(O)=CC1CC[C@@H](O)[C@H](O)C1,"[""AT{'substrate': 'DHCH'}"", 'loading: True']",AT(hmal) + KR(B1) + DH,"[""AT{'substrate': 'DCP'}"", ""KR{'type': 'C2'}"", 'loading: False']",TE(linear),434.32,False,
O=C(O)[C@H](CCCCc1c[nH]c(Cl)c1Cl)C(=O)C(O)=CC1CC[C@@H](O)[C@H](O)C1,"[""AT{'substrate': 'DHCH'}"", 'loading: True']",AT(hmal) + KR(B1) + DH,"[""AT{'substrate': 'DCP'}"", ""KR{'type': 'C1'}"", 'loading: False']",TE(linear),434.32,False,
C[C@H](C(=O)O)[C@H](O)C(O)=CC1CC[C@@H](O)[C@H](O)C1,"[""AT{'substrate': 'DHCH'}"", 'loading: True']",AT(hmal) + KR(B1) + DH,"[""AT{'substrate': 'Methylmalonyl-CoA'}"", ""KR{'type': 'B2'}"", 'loading: False']",TE(linear),260.29,False,
C[C@H](C(=O)O)[C@@H](O)C(O)=CC1CC[C@@H](O)[C@H](O)C1,"[""AT{'substrate': 'DHCH'}"", 'loading: True']",AT(hmal) + KR(B1) + DH,"[""AT{'substrate': 'Methylmalonyl-CoA'}"", ""KR{'type': 'A2'}"", 'loading: False']",TE(linear),260.29,False,
CCCCCC[C@@H](C(=O)O)[C@@H](O)C(O)=CC1CC[C@@H](O)[C@H](O)C1,"[""AT{'substrate': 'DHCH'}"", 'loading: True']",AT(hmal) + KR(B1) + DH,"[""AT{'substrate': 'hexmal'}"", ""KR{'type': 'A1'}"", 'loading: False']",TE(linear),330.42,False,
O=C(O)[C@@H](O)CC(O)=CC1CC[C@@H](O)[C@H](O)C1,"[""AT{'substrate': 'DHCH'}"", 'loading: True']",AT(hmal) + KR(B1) + DH,"[""AT{'substrate': 'hmal'}"", ""KR{'type': 'B1'}"", 'DH{}', 'ER{}', 'loading: False']",TE(linear),246.26,False,
CCCCC1=CC(=CC2CC[C@@H](O)[C@H](O)C2)OC1=O,"[""AT{'substrate': 'DHCH'}"", 'loading: True']",AT(hmal) + KR(B1) + DH,"[""AT{'substrate': 'butmal'}"", ""KR{'type': 'B1'}"", 'DH{}', 'loading: False']","TE(cyclic, ring=4)",266.34,True,['pattern_2: CCC=C1C=CC(=O)O1']
O=C(O)[C@H](O)[C@H](O)C(O)=CC1CC[C@@H](O)[C@H](O)C1,"[""AT{'substrate': 'DHCH'}"", 'loading: True']",AT(hmal) + KR(B1) + DH,"[""AT{'substrate': 'hmal'}"", ""KR{'type': 'B1'}"", 'loading: False']",TE(linear),262.26,False,
CC[C@@H](C(=O)O)[C@H](O)C(O)=CC1CC[C@@H](O)[C@H](O)C1,"[""AT{'substrate': 'DHCH'}"", 'loading: True']",AT(hmal) + KR(B1) + DH,"[""AT{'substrate': 'emal'}"", ""KR{'type': 'B1'}"", 'loading: False']",TE(linear),274.31,False,
CCCC[C@H](C(=O)O)C(=O)C(O)=CC1CC[C@@H](O)[C@H](O)C1,"[""AT{'substrate': 'DHCH'}"", 'loading: True']",AT(hmal) + KR(B1) + DH,"[""AT{'substrate': 'butmal'}"", ""KR{'type': 'C2'}"", 'loading: False']",TE(linear),300.35,False,
CCCC[C@@H](C(=O)O)C(=O)C(O)=CC1CC[C@@H](O)[C@H](O)C1,"[""AT{'substrate': 'DHCH'}"", 'loading: True']",AT(hmal) + KR(B1) + DH,"[""AT{'substrate': 'butmal'}"", ""KR{'type': 'C1'}"", 'loading: False']",TE(linear),300.35,False,
CC(C)C1=CC(=CC2CC[C@@H](O)[C@H](O)C2)OC1=O,"[""AT{'substrate': 'DHCH'}"", 'loading: True']",AT(hmal) + KR(B1) + DH,"[""AT{'substrate': 'isobutmal'}"", ""KR{'type': 'B1'}"", 'DH{}', 'loading: False']","TE(cyclic, ring=4)",252.31,True,['pattern_2: CCC=C1C=CC(=O)O1']
CCCCCC[C@@H](C(=O)O)[C@H](O)C(O)=CC1CC[C@@H](O)[C@H](O)C1,"[""AT{'substrate': 'DHCH'}"", 'loading: True']",AT(hmal) + KR(B1) + DH,"[""AT{'substrate': 'hexmal'}"", ""KR{'type': 'B1'}"", 'loading: False']",TE(linear),330.42,False,
COC1=CC(=CC2CC[C@@H](O)[C@H](O)C2)OC1=O,"[""AT{'substrate': 'DHCH'}"", 'loading: True']",AT(hmal) + KR(B1) + DH,"[""AT{'substrate': 'mxmal'}"", ""KR{'type': 'B1'}"", 'DH{}', 'loading: False']","TE(cyclic, ring=4)",240.25,True,['pattern_2: CCC=C1C=CC(=O)O1']
C[C@@H](C(=O)O)[C@@H](O)C(O)=CC1CC[C@@H](O)[C@H](O)C1,"[""AT{'substrate': 'DHCH'}"", 'loading: True']",AT(hmal) + KR(B1) + DH,"[""AT{'substrate': 'Methylmalonyl-CoA'}"", ""KR{'type': 'A1'}"", 'loading: False']",TE(linear),260.29,False,
O=C(O)[C@@H](O)C(=O)C(O)=CC1CC[C@@H](O)[C@H](O)C1,"[""AT{'substrate': 'DHCH'}"", 'loading: True']",AT(hmal) + KR(B1) + DH,"[""AT{'substrate': 'hmal'}"", ""KR{'type': 'C2'}"", 'loading: False']",TE(linear),260.24,False,
O=C(O)[C@H](O)C(=O)C(O)=CC1CC[C@@H](O)[C@H](O)C1,"[""AT{'substrate': 'DHCH'}"", 'loading: True']",AT(hmal) + KR(B1) + DH,"[""AT{'substrate': 'hmal'}"", ""KR{'type': 'C1'}"", 'loading: False']",TE(linear),260.24,False,
O=C(O)C(O)C(=O)C(O)=CC1CC[C@@H](O)[C@H](O)C1,"[""AT{'substrate': 'DHCH'}"", 'loading: True']",AT(hmal) + KR(B1) + DH,"[""AT{'substrate': 'hmal'}"", 'loading: False']",TE(linear),260.24,False,
CCCC[C@@H](CC(O)=CC1CC[C@@H](O)[C@H](O)C1)C(=O)O,"[""AT{'substrate': 'DHCH'}"", 'loading: True']",AT(hmal) + KR(B1) + DH,"[""AT{'substrate': 'butmal'}"", ""KR{'type': 'B1'}"", 'DH{}', 'ER{}', 'loading: False']",TE(linear),286.37,False,
CC[C@@H](C(=O)O)C(=O)C(O)=CC1CC[C@@H](O)[C@H](O)C1,"[""AT{'substrate': 'DHCH'}"", 'loading: True']",AT(hmal) + KR(B1) + DH,"[""AT{'substrate': 'emal'}"", ""KR{'type': 'C1'}"", 'loading: False']",TE(linear),272.3,False,
O=C(O)C[C@H](O)C(O)=CC1CC[C@@H](O)[C@H](O)C1,"[""AT{'substrate': 'DHCH'}"", 'loading: True']",AT(hmal) + KR(B1) + DH,"[""AT{'substrate': 'Malonyl-CoA'}"", ""KR{'type': 'B'}"", 'loading: False']",TE(linear),246.26,False,
CC[C@@H](CC(O)=CC1CC[C@@H](O)[C@H](O)C1)C(=O)O,"[""AT{'substrate': 'DHCH'}"", 'loading: True']",AT(hmal) + KR(B1) + DH,"[""AT{'substrate': 'emal'}"", ""KR{'type': 'B1'}"", 'DH{}', 'ER{}', 'loading: False']",TE(linear),258.31,False,
CCCCCC[C@@H](C(=O)O)C(=O)C(O)=CC1CC[C@@H](O)[C@H](O)C1,"[""AT{'substrate': 'DHCH'}"", 'loading: True']",AT(hmal) + KR(B1) + DH,"[""AT{'substrate': 'hexmal'}"", ""KR{'type': 'C1'}"", 'loading: False']",TE(linear),328.41,False,
C[C@@H](CC(O)=CC1CC[C@@H](O)[C@H](O)C1)C(=O)O,"[""AT{'substrate': 'DHCH'}"", 'loading: True']",AT(hmal) + KR(B1) + DH,"[""AT{'substrate': 'Methylmalonyl-CoA'}"", ""KR{'type': 'B1'}"", 'DH{}', 'ER{}', 'loading: False']",TE(linear),244.29,False,
O=C(O)[C@@H](CCCCc1c[nH]c(Cl)c1Cl)[C@H](O)C(O)=CC1CC[C@@H](O)[C@H](O)C1,"[""AT{'substrate': 'DHCH'}"", 'loading: True']",AT(hmal) + KR(B1) + DH,"[""AT{'substrate': 'DCP'}"", ""KR{'type': 'B2'}"", 'loading: False']",TE(linear),436.33,False,
O=C(O)[C@@H](CCCCc1c[nH]c(Cl)c1Cl)[C@@H](O)C(O)=CC1CC[C@@H](O)[C@H](O)C1,"[""AT{'substrate': 'DHCH'}"", 'loading: True']",AT(hmal) + KR(B1) + DH,"[""AT{'substrate': 'DCP'}"", ""KR{'type': 'A2'}"", 'loading: False']",TE(linear),436.33,False,
O=C(O)CCC(O)=CC1CC[C@@H](O)[C@H](O)C1,"[""AT{'substrate': 'DHCH'}"", 'loading: True']",AT(hmal) + KR(B1) + DH,"[""AT{'substrate': 'Malonyl-CoA'}"", ""KR{'type': 'B'}"", 'DH{}', 'ER{}', 'loading: False']",TE(linear),230.26,False,
O=C1OC(=CC2CC[C@@H](O)[C@H](O)C2)C=C1O,"[""AT{'substrate': 'DHCH'}"", 'loading: True']",AT(hmal) + KR(B1) + DH,"[""AT{'substrate': 'hmal'}"", ""KR{'type': 'B1'}"", 'DH{}', 'loading: False']","TE(cyclic, ring=4)",226.23,True,['pattern_2: CCC=C1C=CC(=O)O1']
CO[C@H]1C(=O)OC(=CC2CC[C@@H](O)[C@H](O)C2)[C@H]1O,"[""AT{'substrate': 'DHCH'}"", 'loading: True']",AT(hmal) + KR(B1) + DH,"[""AT{'substrate': 'mxmal'}"", ""KR{'type': 'B1'}"", 'loading: False']","TE(cyclic, ring=7)",258.27,True,['pattern_1: CCC=C1C[C@H](OC)C(=O)O1']
O=C(O)CC(=O)C(O)=CC1CC[C@@H](O)[C@H](O)C1,"[""AT{'substrate': 'DHCH'}"", 'loading: True']",AT(hmal) + KR(B1) + DH,"[""AT{'substrate': 'Malonyl-CoA'}"", 'loading: False']",TE(linear),244.24,False,
O=C(O)C(CCCCc1c[nH]c(Cl)c1Cl)C(=O)C(O)=CC1CC[C@@H](O)[C@H](O)C1,"[""AT{'substrate': 'DHCH'}"", 'loading: True']",AT(hmal) + KR(B1) + DH,"[""AT{'substrate': 'DCP'}"", 'loading: False']",TE(linear),434.32,False,
O=C(O)[C@H](CCCCc1c[nH]c(Cl)c1Cl)[C@@H](O)C(O)=CC1=CC[C@@H](O)[C@H](O)C1,"[""AT{'substrate': 'DHCHene'}"", 'loading: True']",AT(hmal) + KR(B1) + DH,"[""AT{'substrate': 'DCP'}"", ""KR{'type': 'A1'}"", 'loading: False']",TE(linear),434.32,False,
CC(C)[C@H](C(=O)O)[C@H](O)C(O)=CC1=CC[C@@H](O)[C@H](O)C1,"[""AT{'substrate': 'DHCHene'}"", 'loading: True']",AT(hmal) + KR(B1) + DH,"[""AT{'substrate': 'D-isobutmal'}"", ""KR{'type': 'B2'}"", 'loading: False']",TE(linear),286.32,False,
CC(C)[C@H](C(=O)O)[C@@H](O)C(O)=CC1=CC[C@@H](O)[C@H](O)C1,"[""AT{'substrate': 'DHCHene'}"", 'loading: True']",AT(hmal) + KR(B1) + DH,"[""AT{'substrate': 'D-isobutmal'}"", ""KR{'type': 'A2'}"", 'loading: False']",TE(linear),286.32,False,
CO[C@H]1CC(=CC2=CC[C@@H](O)[C@H](O)C2)OC1=O,"[""AT{'substrate': 'DHCHene'}"", 'loading: True']",AT(hmal) + KR(B1) + DH,"[""AT{'substrate': 'mxmal'}"", ""KR{'type': 'B1'}"", 'DH{}', 'ER{}', 'loading: False']","TE(cyclic, ring=5)",240.25,True,['pattern_1: CCC=C1C[C@H](OC)C(=O)O1']
C[C@@H](C(=O)O)[C@H](O)C(O)=CC1=CC[C@@H](O)[C@H](O)C1,"[""AT{'substrate': 'DHCHene'}"", 'loading: True']",AT(hmal) + KR(B1) + DH,"[""AT{'substrate': 'Methylmalonyl-CoA'}"", ""KR{'type': 'B1'}"", 'loading: False']",TE(linear),258.27,False,
O=C1C=CC(=CC2=CC[C@@H](O)[C@H](O)C2)O1,"[""AT{'substrate': 'DHCHene'}"", 'loading: True']",AT(hmal) + KR(B1) + DH,"[""AT{'substrate': 'Malonyl-CoA'}"", ""KR{'type': 'B'}"", 'DH{}', 'loading: False']","TE(cyclic, ring=4)",208.21,True,['pattern_2: CCC=C1C=CC(=O)O1']
O=C(O)[C@@H](O)[C@@H](O)C(O)=CC1=CC[C@@H](O)[C@H](O)C1,"[""AT{'substrate': 'DHCHene'}"", 'loading: True']",AT(hmal) + KR(B1) + DH,"[""AT{'substrate': 'hmal'}"", ""KR{'type': 'A2'}"", 'loading: False']",TE(linear),260.24,False,
C=CC[C@H](C(=O)O)[C@H](O)C(O)=CC1=CC[C@@H](O)[C@H](O)C1,"[""AT{'substrate': 'DHCHene'}"", 'loading: True']",AT(hmal) + KR(B1) + DH,"[""AT{'substrate': 'allylmal'}"", ""KR{'type': 'B2'}"", 'loading: False']",TE(linear),284.31,False,
CC[C@H](C(=O)O)[C@H](O)C(O)=CC1=CC[C@@H](O)[C@H](O)C1,"[""AT{'substrate': 'DHCHene'}"", 'loading: True']",AT(hmal) + KR(B1) + DH,"[""AT{'substrate': 'emal'}"", ""KR{'type': 'B2'}"", 'loading: False']",TE(linear),272.3,False,
CC[C@H](C(=O)O)[C@@H](O)C(O)=CC1=CC[C@@H](O)[C@H](O)C1,"[""AT{'substrate': 'DHCHene'}"", 'loading: True']",AT(hmal) + KR(B1) + DH,"[""AT{'substrate': 'emal'}"", ""KR{'type': 'A2'}"", 'loading: False']",TE(linear),272.3,False,
CC(C)[C@@H](CC(O)=CC1=CC[C@@H](O)[C@H](O)C1)C(=O)O,"[""AT{'substrate': 'DHCHene'}"", 'loading: True']",AT(hmal) + KR(B1) + DH,"[""AT{'substrate': 'isobutmal'}"", ""KR{'type': 'B1'}"", 'DH{}', 'ER{}', 'loading: False']",TE(linear),270.32,False,
O=C(O)[C@@H](CCCCc1c[nH]c(Cl)c1Cl)CC(O)=CC1=CC[C@@H](O)[C@H](O)C1,"[""AT{'substrate': 'DHCHene'}"", 'loading: True']",AT(hmal) + KR(B1) + DH,"[""AT{'substrate': 'DCP'}"", ""KR{'type': 'B1'}"", 'DH{}', 'ER{}', 'loading: False']",TE(linear),418.32,False,
C=CCC1=CC(=CC2=CC[C@@H](O)[C@H](O)C2)OC1=O,"[""AT{'substrate': 'DHCHene'}"", 'loading: True']",AT(hmal) + KR(B1) + DH,"[""AT{'substrate': 'allylmal'}"", ""KR{'type': 'B1'}"", 'DH{}', 'loading: False']","TE(cyclic, ring=4)",248.28,True,['pattern_2: CCC=C1C=CC(=O)O1']
CC1=CC(=CC2=CC[C@@H](O)[C@H](O)C2)OC1=O,"[""AT{'substrate': 'DHCHene'}"", 'loading: True']",AT(hmal) + KR(B1) + DH,"[""AT{'substrate': 'Methylmalonyl-CoA'}"", ""KR{'type': 'B1'}"", 'DH{}', 'loading: False']","TE(cyclic, ring=4)",222.24,True,['pattern_2: CCC=C1C=CC(=O)O1']
CO[C@@H]1C(=O)OC(=CC2=CC[C@@H](O)[C@H](O)C2)C1=O,"[""AT{'substrate': 'DHCHene'}"", 'loading: True']",AT(hmal) + KR(B1) + DH,"[""AT{'substrate': 'mxmal'}"", ""KR{'type': 'C2'}"", 'loading: False']","TE(cyclic, ring=5)",254.24,True,['pattern_1: CCC=C1C[C@H](OC)C(=O)O1']
CO[C@H]1C(=O)OC(=CC2=CC[C@@H](O)[C@H](O)C2)C1=O,"[""AT{'substrate': 'DHCHene'}"", 'loading: True']",AT(hmal) + KR(B1) + DH,"[""AT{'substrate': 'mxmal'}"", ""KR{'type': 'C1'}"", 'loading: False']","TE(cyclic, ring=5)",254.24,True,['pattern_1: CCC=C1C[C@H](OC)C(=O)O1']
O=C(O)[C@@H](O)[C@H](O)C(O)=CC1=CC[C@@H](O)[C@H](O)C1,"[""AT{'substrate': 'DHCHene'}"", 'loading: True']",AT(hmal) + KR(B1) + DH,"[""AT{'substrate': 'hmal'}"", ""KR{'type': 'B2'}"", 'loading: False']",TE(linear),260.24,False,
C=CC[C@@H](C(=O)O)[C@@H](O)C(O)=CC1=CC[C@@H](O)[C@H](O)C1,"[""AT{'substrate': 'DHCHene'}"", 'loading: True']",AT(hmal) + KR(B1) + DH,"[""AT{'substrate': 'allylmal'}"", ""KR{'type': 'A1'}"", 'loading: False']",TE(linear),284.31,False,
C[C@H](C(=O)O)C(=O)C(O)=CC1=CC[C@@H](O)[C@H](O)C1,"[""AT{'substrate': 'DHCHene'}"", 'loading: True']",AT(hmal) + KR(B1) + DH,"[""AT{'substrate': 'Methylmalonyl-CoA'}"", ""KR{'type': 'C2'}"", 'loading: False']",TE(linear),256.25,False,
C[C@@H](C(=O)O)C(=O)C(O)=CC1=CC[C@@H](O)[C@H](O)C1,"[""AT{'substrate': 'DHCHene'}"", 'loading: True']",AT(hmal) + KR(B1) + DH,"[""AT{'substrate': 'Methylmalonyl-CoA'}"", ""KR{'type': 'C1'}"", 'loading: False']",TE(linear),256.25,False,
CC[C@H](C(=O)O)C(=O)C(O)=CC1=CC[C@@H](O)[C@H](O)C1,"[""AT{'substrate': 'DHCHene'}"", 'loading: True']",AT(hmal) + KR(B1) + DH,"[""AT{'substrate': 'emal'}"", ""KR{'type': 'C2'}"", 'loading: False']",TE(linear),270.28,False,
CC[C@@H](C(=O)O)[C@@H](O)C(O)=CC1=CC[C@@H](O)[C@H](O)C1,"[""AT{'substrate': 'DHCHene'}"", 'loading: True']",AT(hmal) + KR(B1) + DH,"[""AT{'substrate': 'emal'}"", ""KR{'type': 'A1'}"", 'loading: False']",TE(linear),272.3,False,
O=C(O)C[C@@H](O)C(O)=CC1=CC[C@@H](O)[C@H](O)C1,"[""AT{'substrate': 'DHCHene'}"", 'loading: True']",AT(hmal) + KR(B1) + DH,"[""AT{'substrate': 'Malonyl-CoA'}"", ""KR{'type': 'A'}"", 'loading: False']",TE(linear),244.24,False,
CO[C@@H]1C(=O)OC(=CC2=CC[C@@H](O)[C@H](O)C2)[C@H]1O,"[""AT{'substrate': 'DHCHene'}"", 'loading: True']",AT(hmal) + KR(B1) + DH,"[""AT{'substrate': 'mxmal'}"", ""KR{'type': 'B2'}"", 'loading: False']","TE(cyclic, ring=7)",256.25,True,['pattern_1: CCC=C1C[C@H](OC)C(=O)O1']
O=C(O)[C@H](O)[C@@H](O)C(O)=CC1=CC[C@@H](O)[C@H](O)C1,"[""AT{'substrate': 'DHCHene'}"", 'loading: True']",AT(hmal) + KR(B1) + DH,"[""AT{'substrate': 'hmal'}"", ""KR{'type': 'A1'}"", 'loading: False']",TE(linear),260.24,False,
CCCCCCC1=CC(=CC2=CC[C@@H](O)[C@H](O)C2)OC1=O,"[""AT{'substrate': 'DHCHene'}"", 'loading: True']",AT(hmal) + KR(B1) + DH,"[""AT{'substrate': 'hexmal'}"", ""KR{'type': 'B1'}"", 'DH{}', 'loading: False']","TE(cyclic, ring=4)",292.38,True,['pattern_2: CCC=C1C=CC(=O)O1']
CC(C)[C@@H](C(=O)O)C(=O)C(O)=CC1=CC[C@@H](O)[C@H](O)C1,"[""AT{'substrate': 'DHCHene'}"", 'loading: True']",AT(hmal) + KR(B1) + DH,"[""AT{'substrate': 'isobutmal'}"", 'loading: False']",TE(linear),284.31,False,
CCCCCC[C@@H](CC(O)=CC1=CC[C@@H](O)[C@H](O)C1)C(=O)O,"[""AT{'substrate': 'DHCHene'}"", 'loading: True']",AT(hmal) + KR(B1) + DH,"[""AT{'substrate': 'hexmal'}"", ""KR{'type': 'B1'}"", 'DH{}', 'ER{}', 'loading: False']",TE(linear),312.41,False,
C=CC[C@@H](C(=O)O)[C@H](O)C(O)=CC1=CC[C@@H](O)[C@H](O)C1,"[""AT{'substrate': 'DHCHene'}"", 'loading: True']",AT(hmal) + KR(B1) + DH,"[""AT{'substrate': 'allylmal'}"", ""KR{'type': 'B1'}"", 'loading: False']",TE(linear),284.31,False,
C=CC[C@H](C(=O)O)[C@@H](O)C(O)=CC1=CC[C@@H](O)[C@H](O)C1,"[""AT{'substrate': 'DHCHene'}"", 'loading: True']",AT(hmal) + KR(B1) + DH,"[""AT{'substrate': 'allylmal'}"", ""KR{'type': 'A2'}"", 'loading: False']",TE(linear),284.31,False,
CCCC[C@H](C(=O)O)[C@H](O)C(O)=CC1=CC[C@@H](O)[C@H](O)C1,"[""AT{'substrate': 'DHCHene'}"", 'loading: True']",AT(hmal) + KR(B1) + DH,"[""AT{'substrate': 'butmal'}"", ""KR{'type': 'B2'}"", 'loading: False']",TE(linear),300.35,False,
CCCC[C@H](C(=O)O)[C@@H](O)C(O)=CC1=CC[C@@H](O)[C@H](O)C1,"[""AT{'substrate': 'DHCHene'}"", 'loading: True']",AT(hmal) + KR(B1) + DH,"[""AT{'substrate': 'butmal'}"", ""KR{'type': 'A2'}"", 'loading: False']",TE(linear),300.35,False,
CC(C)[C@H](C(=O)O)C(=O)C(O)=CC1=CC[C@@H](O)[C@H](O)C1,"[""AT{'substrate': 'DHCHene'}"", 'loading: True']",AT(hmal) + KR(B1) + DH,"[""AT{'substrate': 'D-isobutmal'}"", 'loading: False']",TE(linear),284.31,False,
O=C1OC(=CC2=CC[C@@H](O)[C@H](O)C2)C=C1CCCCc1c[nH]c(Cl)c1Cl,"[""AT{'substrate': 'DHCHene'}"", 'loading: True']",AT(hmal) + KR(B1) + DH,"[""AT{'substrate': 'DCP'}"", ""KR{'type': 'B1'}"", 'DH{}', 'loading: False']","TE(cyclic, ring=4)",398.29,True,['pattern_2: CCC=C1C=CC(=O)O1']
C=CC[C@@H](CC(O)=CC1=CC[C@@H](O)[C@H](O)C1)C(=O)O,"[""AT{'substrate': 'DHCHene'}"", 'loading: True']",AT(hmal) + KR(B1) + DH,"[""AT{'substrate': 'allylmal'}"", ""KR{'type': 'B1'}"", 'DH{}', 'ER{}', 'loading: False']",TE(linear),268.31,False,
CO[C@H]1C(=O)OC(=CC2=CC[C@@H](O)[C@H](O)C2)[C@@H]1O,"[""AT{'substrate': 'DHCHene'}"", 'loading: True']",AT(hmal) + KR(B1) + DH,"[""AT{'substrate': 'mxmal'}"", ""KR{'type': 'A1'}"", 'loading: False']","TE(cyclic, ring=7)",256.25,True,['pattern_1: CCC=C1C[C@H](OC)C(=O)O1']
C=CC[C@H](C(=O)O)C(=O)C(O)=CC1=CC[C@@H](O)[C@H](O)C1,"[""AT{'substrate': 'DHCHene'}"", 'loading: True']",AT(hmal) + KR(B1) + DH,"[""AT{'substrate': 'allylmal'}"", ""KR{'type': 'C2'}"", 'loading: False']",TE(linear),282.29,False,
C=CC[C@@H](C(=O)O)C(=O)C(O)=CC1=CC[C@@H](O)[C@H](O)C1,"[""AT{'substrate': 'DHCHene'}"", 'loading: True']",AT(hmal) + KR(B1) + DH,"[""AT{'substrate': 'allylmal'}"", ""KR{'type': 'C1'}"", 'loading: False']",TE(linear),282.29,False,
O=C(O)[C@H](CCCCc1c[nH]c(Cl)c1Cl)[C@H](O)C(O)=CC1=CC[C@@H](O)[C@H](O)C1,"[""AT{'substrate': 'DHCHene'}"", 'loading: True']",AT(hmal) + KR(B1) + DH,"[""AT{'substrate': 'DCP'}"", ""KR{'type': 'B1'}"", 'loading: False']",TE(linear),434.32,False,
CC(C)[C@@H](C(=O)O)[C@@H](O)C(O)=CC1=CC[C@@H](O)[C@H](O)C1,"[""AT{'substrate': 'DHCHene'}"", 'loading: True']",AT(hmal) + KR(B1) + DH,"[""AT{'substrate': 'isobutmal'}"", ""KR{'type': 'A1'}"", 'loading: False']",TE(linear),286.32,False,
CCCCCC[C@H](C(=O)O)C(=O)C(O)=CC1=CC[C@@H](O)[C@H](O)C1,"[""AT{'substrate': 'DHCHene'}"", 'loading: True']",AT(hmal) + KR(B1) + DH,"[""AT{'substrate': 'hexmal'}"", 'loading: False']",TE(linear),326.39,False,
CCC1=CC(=CC2=CC[C@@H](O)[C@H](O)C2)OC1=O,"[""AT{'substrate': 'DHCHene'}"", 'loading: True']",AT(hmal) + KR(B1) + DH,"[""AT{'substrate': 'emal'}"", ""KR{'type': 'B1'}"", 'DH{}', 'loading: False']","TE(cyclic, ring=4)",236.27,True,['pattern_2: CCC=C1C=CC(=O)O1']
CCCC[C@@H](C(=O)O)[C@@H](O)C(O)=CC1=CC[C@@H](O)[C@H](O)C1,"[""AT{'substrate': 'DHCHene'}"", 'loading: True']",AT(hmal) + KR(B1) + DH,"[""AT{'substrate': 'butmal'}"", ""KR{'type': 'A1'}"", 'loading: False']",TE(linear),300.35,False,
CCCCCC[C@H](C(=O)O)[C@H](O)C(O)=CC1=CC[C@@H](O)[C@H](O)C1,"[""AT{'substrate': 'DHCHene'}"", 'loading: True']",AT(hmal) + KR(B1) + DH,"[""AT{'substrate': 'hexmal'}"", ""KR{'type': 'B2'}"", 'loading: False']",TE(linear),328.41,False,
CCCCCC[C@H](C(=O)O)[C@@H](O)C(O)=CC1=CC[C@@H](O)[C@H](O)C1,"[""AT{'substrate': 'DHCHene'}"", 'loading: True']",AT(hmal) + KR(B1) + DH,"[""AT{'substrate': 'hexmal'}"", ""KR{'type': 'A2'}"", 'loading: False']",TE(linear),328.41,False,
CO[C@@H]1C(=O)OC(=CC2=CC[C@@H](O)[C@H](O)C2)[C@@H]1O,"[""AT{'substrate': 'DHCHene'}"", 'loading: True']",AT(hmal) + KR(B1) + DH,"[""AT{'substrate': 'mxmal'}"", ""KR{'type': 'A2'}"", 'loading: False']","TE(cyclic, ring=7)",256.25,True,['pattern_1: CCC=C1C[C@H](OC)C(=O)O1']
CC(C)[C@@H](C(=O)O)[C@H](O)C(O)=CC1=CC[C@@H](O)[C@H](O)C1,"[""AT{'substrate': 'DHCHene'}"", 'loading: True']",AT(hmal) + KR(B1) + DH,"[""AT{'substrate': 'isobutmal'}"", ""KR{'type': 'B1'}"", 'loading: False']",TE(linear),286.32,False,
CCCC[C@@H](C(=O)O)[C@H](O)C(O)=CC1=CC[C@@H](O)[C@H](O)C1,"[""AT{'substrate': 'DHCHene'}"", 'loading: True']",AT(hmal) + KR(B1) + DH,"[""AT{'substrate': 'butmal'}"", ""KR{'type': 'B1'}"", 'loading: False']",TE(linear),300.35,False,
O=C(O)[C@@H](CCCCc1c[nH]c(Cl)c1Cl)C(=O)C(O)=CC1=CC[C@@H](O)[C@H](O)C1,"[""AT{'substrate': 'DHCHene'}"", 'loading: True']",AT(hmal) + KR(B1) + DH,"[""AT{'substrate': 'DCP'}"", ""KR{'type': 'C2'}"", 'loading: False']",TE(linear),432.3,False,
O=C(O)[C@H](CCCCc1c[nH]c(Cl)c1Cl)C(=O)C(O)=CC1=CC[C@@H](O)[C@H](O)C1,"[""AT{'substrate': 'DHCHene'}"", 'loading: True']",AT(hmal) + KR(B1) + DH,"[""AT{'substrate': 'DCP'}"", ""KR{'type': 'C1'}"", 'loading: False']",TE(linear),432.3,False,
C[C@H](C(=O)O)[C@H](O)C(O)=CC1=CC[C@@H](O)[C@H](O)C1,"[""AT{'substrate': 'DHCHene'}"", 'loading: True']",AT(hmal) + KR(B1) + DH,"[""AT{'substrate': 'Methylmalonyl-CoA'}"", ""KR{'type': 'B2'}"", 'loading: False']",TE(linear),258.27,False,
C[C@H](C(=O)O)[C@@H](O)C(O)=CC1=CC[C@@H](O)[C@H](O)C1,"[""AT{'substrate': 'DHCHene'}"", 'loading: True']",AT(hmal) + KR(B1) + DH,"[""AT{'substrate': 'Methylmalonyl-CoA'}"", ""KR{'type': 'A2'}"", 'loading: False']",TE(linear),258.27,False,
CCCCCC[C@@H](C(=O)O)[C@@H](O)C(O)=CC1=CC[C@@H](O)[C@H](O)C1,"[""AT{'substrate': 'DHCHene'}"", 'loading: True']",AT(hmal) + KR(B1) + DH,"[""AT{'substrate': 'hexmal'}"", ""KR{'type': 'A1'}"", 'loading: False']",TE(linear),328.41,False,
O=C(O)[C@@H](O)CC(O)=CC1=CC[C@@H](O)[C@H](O)C1,"[""AT{'substrate': 'DHCHene'}"", 'loading: True']",AT(hmal) + KR(B1) + DH,"[""AT{'substrate': 'hmal'}"", ""KR{'type': 'B1'}"", 'DH{}', 'ER{}', 'loading: False']",TE(linear),244.24,False,
CCCCC1=CC(=CC2=CC[C@@H](O)[C@H](O)C2)OC1=O,"[""AT{'substrate': 'DHCHene'}"", 'loading: True']",AT(hmal) + KR(B1) + DH,"[""AT{'substrate': 'butmal'}"", ""KR{'type': 'B1'}"", 'DH{}', 'loading: False']","TE(cyclic, ring=4)",264.32,True,['pattern_2: CCC=C1C=CC(=O)O1']
O=C(O)[C@H](O)[C@H](O)C(O)=CC1=CC[C@@H](O)[C@H](O)C1,"[""AT{'substrate': 'DHCHene'}"", 'loading: True']",AT(hmal) + KR(B1) + DH,"[""AT{'substrate': 'hmal'}"", ""KR{'type': 'B1'}"", 'loading: False']",TE(linear),260.24,False,
CC[C@@H](C(=O)O)[C@H](O)C(O)=CC1=CC[C@@H](O)[C@H](O)C1,"[""AT{'substrate': 'DHCHene'}"", 'loading: True']",AT(hmal) + KR(B1) + DH,"[""AT{'substrate': 'emal'}"", ""KR{'type': 'B1'}"", 'loading: False']",TE(linear),272.3,False,
CCCC[C@H](C(=O)O)C(=O)C(O)=CC1=CC[C@@H](O)[C@H](O)C1,"[""AT{'substrate': 'DHCHene'}"", 'loading: True']",AT(hmal) + KR(B1) + DH,"[""AT{'substrate': 'butmal'}"", ""KR{'type': 'C2'}"", 'loading: False']",TE(linear),298.34,False,
CCCC[C@@H](C(=O)O)C(=O)C(O)=CC1=CC[C@@H](O)[C@H](O)C1,"[""AT{'substrate': 'DHCHene'}"", 'loading: True']",AT(hmal) + KR(B1) + DH,"[""AT{'substrate': 'butmal'}"", ""KR{'type': 'C1'}"", 'loading: False']",TE(linear),298.34,False,
CC(C)C1=CC(=CC2=CC[C@@H](O)[C@H](O)C2)OC1=O,"[""AT{'substrate': 'DHCHene'}"", 'loading: True']",AT(hmal) + KR(B1) + DH,"[""AT{'substrate': 'isobutmal'}"", ""KR{'type': 'B1'}"", 'DH{}', 'loading: False']","TE(cyclic, ring=4)",250.29,True,['pattern_2: CCC=C1C=CC(=O)O1']
CCCCCC[C@@H](C(=O)O)[C@H](O)C(O)=CC1=CC[C@@H](O)[C@H](O)C1,"[""AT{'substrate': 'DHCHene'}"", 'loading: True']",AT(hmal) + KR(B1) + DH,"[""AT{'substrate': 'hexmal'}"", ""KR{'type': 'B1'}"", 'loading: False']",TE(linear),328.41,False,
COC1=CC(=CC2=CC[C@@H](O)[C@H](O)C2)OC1=O,"[""AT{'substrate': 'DHCHene'}"", 'loading: True']",AT(hmal) + KR(B1) + DH,"[""AT{'substrate': 'mxmal'}"", ""KR{'type': 'B1'}"", 'DH{}', 'loading: False']","TE(cyclic, ring=4)",238.24,True,['pattern_2: CCC=C1C=CC(=O)O1']
C[C@@H](C(=O)O)[C@@H](O)C(O)=CC1=CC[C@@H](O)[C@H](O)C1,"[""AT{'substrate': 'DHCHene'}"", 'loading: True']",AT(hmal) + KR(B1) + DH,"[""AT{'substrate': 'Methylmalonyl-CoA'}"", ""KR{'type': 'A1'}"", 'loading: False']",TE(linear),258.27,False,
O=C(O)[C@@H](O)C(=O)C(O)=CC1=CC[C@@H](O)[C@H](O)C1,"[""AT{'substrate': 'DHCHene'}"", 'loading: True']",AT(hmal) + KR(B1) + DH,"[""AT{'substrate': 'hmal'}"", ""KR{'type': 'C2'}"", 'loading: False']",TE(linear),258.23,False,
O=C(O)[C@H](O)C(=O)C(O)=CC1=CC[C@@H](O)[C@H](O)C1,"[""AT{'substrate': 'DHCHene'}"", 'loading: True']",AT(hmal) + KR(B1) + DH,"[""AT{'substrate': 'hmal'}"", ""KR{'type': 'C1'}"", 'loading: False']",TE(linear),258.23,False,
O=C(O)C(O)C(=O)C(O)=CC1=CC[C@@H](O)[C@H](O)C1,"[""AT{'substrate': 'DHCHene'}"", 'loading: True']",AT(hmal) + KR(B1) + DH,"[""AT{'substrate': 'hmal'}"", 'loading: False']",TE(linear),258.23,False,
CCCC[C@@H](CC(O)=CC1=CC[C@@H](O)[C@H](O)C1)C(=O)O,"[""AT{'substrate': 'DHCHene'}"", 'loading: True']",AT(hmal) + KR(B1) + DH,"[""AT{'substrate': 'butmal'}"", ""KR{'type': 'B1'}"", 'DH{}', 'ER{}', 'loading: False']",TE(linear),284.35,False,
CC[C@@H](C(=O)O)C(=O)C(O)=CC1=CC[C@@H](O)[C@H](O)C1,"[""AT{'substrate': 'DHCHene'}"", 'loading: True']",AT(hmal) + KR(B1) + DH,"[""AT{'substrate': 'emal'}"", ""KR{'type': 'C1'}"", 'loading: False']",TE(linear),270.28,False,
O=C(O)C[C@H](O)C(O)=CC1=CC[C@@H](O)[C@H](O)C1,"[""AT{'substrate': 'DHCHene'}"", 'loading: True']",AT(hmal) + KR(B1) + DH,"[""AT{'substrate': 'Malonyl-CoA'}"", ""KR{'type': 'B'}"", 'loading: False']",TE(linear),244.24,False,
CC[C@@H](CC(O)=CC1=CC[C@@H](O)[C@H](O)C1)C(=O)O,"[""AT{'substrate': 'DHCHene'}"", 'loading: True']",AT(hmal) + KR(B1) + DH,"[""AT{'substrate': 'emal'}"", ""KR{'type': 'B1'}"", 'DH{}', 'ER{}', 'loading: False']",TE(linear),256.3,False,
CCCCCC[C@@H](C(=O)O)C(=O)C(O)=CC1=CC[C@@H](O)[C@H](O)C1,"[""AT{'substrate': 'DHCHene'}"", 'loading: True']",AT(hmal) + KR(B1) + DH,"[""AT{'substrate': 'hexmal'}"", ""KR{'type': 'C1'}"", 'loading: False']",TE(linear),326.39,False,
C[C@@H](CC(O)=CC1=CC[C@@H](O)[C@H](O)C1)C(=O)O,"[""AT{'substrate': 'DHCHene'}"", 'loading: True']",AT(hmal) + KR(B1) + DH,"[""AT{'substrate': 'Methylmalonyl-CoA'}"", ""KR{'type': 'B1'}"", 'DH{}', 'ER{}', 'loading: False']",TE(linear),242.27,False,
O=C(O)[C@@H](CCCCc1c[nH]c(Cl)c1Cl)[C@H](O)C(O)=CC1=CC[C@@H](O)[C@H](O)C1,"[""AT{'substrate': 'DHCHene'}"", 'loading: True']",AT(hmal) + KR(B1) + DH,"[""AT{'substrate': 'DCP'}"", ""KR{'type': 'B2'}"", 'loading: False']",TE(linear),434.32,False,
O=C(O)[C@@H](CCCCc1c[nH]c(Cl)c1Cl)[C@@H](O)C(O)=CC1=CC[C@@H](O)[C@H](O)C1,"[""AT{'substrate': 'DHCHene'}"", 'loading: True']",AT(hmal) + KR(B1) + DH,"[""AT{'substrate': 'DCP'}"", ""KR{'type': 'A2'}"", 'loading: False']",TE(linear),434.32,False,
O=C(O)CCC(O)=CC1=CC[C@@H](O)[C@H](O)C1,"[""AT{'substrate': 'DHCHene'}"", 'loading: True']",AT(hmal) + KR(B1) + DH,"[""AT{'substrate': 'Malonyl-CoA'}"", ""KR{'type': 'B'}"", 'DH{}', 'ER{}', 'loading: False']",TE(linear),228.24,False,
O=C1OC(=CC2=CC[C@@H](O)[C@H](O)C2)C=C1O,"[""AT{'substrate': 'DHCHene'}"", 'loading: True']",AT(hmal) + KR(B1) + DH,"[""AT{'substrate': 'hmal'}"", ""KR{'type': 'B1'}"", 'DH{}', 'loading: False']","TE(cyclic, ring=4)",224.21,True,['pattern_2: CCC=C1C=CC(=O)O1']
CO[C@H]1C(=O)OC(=CC2=CC[C@@H](O)[C@H](O)C2)[C@H]1O,"[""AT{'substrate': 'DHCHene'}"", 'loading: True']",AT(hmal) + KR(B1) + DH,"[""AT{'substrate': 'mxmal'}"", ""KR{'type': 'B1'}"", 'loading: False']","TE(cyclic, ring=7)",256.25,True,['pattern_1: CCC=C1C[C@H](OC)C(=O)O1']
O=C(O)CC(=O)C(O)=CC1=CC[C@@H](O)[C@H](O)C1,"[""AT{'substrate': 'DHCHene'}"", 'loading: True']",AT(hmal) + KR(B1) + DH,"[""AT{'substrate': 'Malonyl-CoA'}"", 'loading: False']",TE(linear),242.23,False,
O=C(O)C(CCCCc1c[nH]c(Cl)c1Cl)C(=O)C(O)=CC1=CC[C@@H](O)[C@H](O)C1,"[""AT{'substrate': 'DHCHene'}"", 'loading: True']",AT(hmal) + KR(B1) + DH,"[""AT{'substrate': 'DCP'}"", 'loading: False']",TE(linear),432.3,False,
O=C(O)[C@H](CCCCc1c[nH]c(Cl)c1Cl)[C@@H](O)C(O)=CCc1ccccc1,"[""AT{'substrate': 'plac'}"", 'loading: True']",AT(hmal) + KR(B1) + DH,"[""AT{'substrate': 'DCP'}"", ""KR{'type': 'A1'}"", 'loading: False']",TE(linear),412.31,False,
CC(C)[C@H](C(=O)O)[C@H](O)C(O)=CCc1ccccc1,"[""AT{'substrate': 'plac'}"", 'loading: True']",AT(hmal) + KR(B1) + DH,"[""AT{'substrate': 'D-isobutmal'}"", ""KR{'type': 'B2'}"", 'loading: False']",TE(linear),264.32,False,
CC(C)[C@H](C(=O)O)[C@@H](O)C(O)=CCc1ccccc1,"[""AT{'substrate': 'plac'}"", 'loading: True']",AT(hmal) + KR(B1) + DH,"[""AT{'substrate': 'D-isobutmal'}"", ""KR{'type': 'A2'}"", 'loading: False']",TE(linear),264.32,False,
CO[C@H]1CC(=CCc2ccccc2)OC1=O,"[""AT{'substrate': 'plac'}"", 'loading: True']",AT(hmal) + KR(B1) + DH,"[""AT{'substrate': 'mxmal'}"", ""KR{'type': 'B1'}"", 'DH{}', 'ER{}', 'loading: False']","TE(cyclic, ring=1)",218.25,True,['pattern_1: CCC=C1C[C@H](OC)C(=O)O1']
C[C@@H](C(=O)O)[C@H](O)C(O)=CCc1ccccc1,"[""AT{'substrate': 'plac'}"", 'loading: True']",AT(hmal) + KR(B1) + DH,"[""AT{'substrate': 'Methylmalonyl-CoA'}"", ""KR{'type': 'B1'}"", 'loading: False']",TE(linear),236.27,False,
O=C1C=CC(=CCc2ccccc2)O1,"[""AT{'substrate': 'plac'}"", 'loading: True']",AT(hmal) + KR(B1) + DH,"[""AT{'substrate': 'Malonyl-CoA'}"", ""KR{'type': 'B'}"", 'DH{}', 'loading: False']","TE(cyclic, ring=0)",186.21,True,['pattern_2: CCC=C1C=CC(=O)O1']
O=C(O)[C@@H](O)[C@@H](O)C(O)=CCc1ccccc1,"[""AT{'substrate': 'plac'}"", 'loading: True']",AT(hmal) + KR(B1) + DH,"[""AT{'substrate': 'hmal'}"", ""KR{'type': 'A2'}"", 'loading: False']",TE(linear),238.24,False,
C=CC[C@H](C(=O)O)[C@H](O)C(O)=CCc1ccccc1,"[""AT{'substrate': 'plac'}"", 'loading: True']",AT(hmal) + KR(B1) + DH,"[""AT{'substrate': 'allylmal'}"", ""KR{'type': 'B2'}"", 'loading: False']",TE(linear),262.31,False,
CC[C@H](C(=O)O)[C@H](O)C(O)=CCc1ccccc1,"[""AT{'substrate': 'plac'}"", 'loading: True']",AT(hmal) + KR(B1) + DH,"[""AT{'substrate': 'emal'}"", ""KR{'type': 'B2'}"", 'loading: False']",TE(linear),250.29,False,
CC[C@H](C(=O)O)[C@@H](O)C(O)=CCc1ccccc1,"[""AT{'substrate': 'plac'}"", 'loading: True']",AT(hmal) + KR(B1) + DH,"[""AT{'substrate': 'emal'}"", ""KR{'type': 'A2'}"", 'loading: False']",TE(linear),250.29,False,
CC(C)[C@@H](CC(O)=CCc1ccccc1)C(=O)O,"[""AT{'substrate': 'plac'}"", 'loading: True']",AT(hmal) + KR(B1) + DH,"[""AT{'substrate': 'isobutmal'}"", ""KR{'type': 'B1'}"", 'DH{}', 'ER{}', 'loading: False']",TE(linear),248.32,False,
O=C(O)[C@@H](CCCCc1c[nH]c(Cl)c1Cl)CC(O)=CCc1ccccc1,"[""AT{'substrate': 'plac'}"", 'loading: True']",AT(hmal) + KR(B1) + DH,"[""AT{'substrate': 'DCP'}"", ""KR{'type': 'B1'}"", 'DH{}', 'ER{}', 'loading: False']",TE(linear),396.31,False,
C=CCC1=CC(=CCc2ccccc2)OC1=O,"[""AT{'substrate': 'plac'}"", 'loading: True']",AT(hmal) + KR(B1) + DH,"[""AT{'substrate': 'allylmal'}"", ""KR{'type': 'B1'}"", 'DH{}', 'loading: False']","TE(cyclic, ring=0)",226.27,True,['pattern_2: CCC=C1C=CC(=O)O1']
CC1=CC(=CCc2ccccc2)OC1=O,"[""AT{'substrate': 'plac'}"", 'loading: True']",AT(hmal) + KR(B1) + DH,"[""AT{'substrate': 'Methylmalonyl-CoA'}"", ""KR{'type': 'B1'}"", 'DH{}', 'loading: False']","TE(cyclic, ring=0)",200.24,True,['pattern_2: CCC=C1C=CC(=O)O1']
CO[C@@H]1C(=O)OC(=CCc2ccccc2)C1=O,"[""AT{'substrate': 'plac'}"", 'loading: True']",AT(hmal) + KR(B1) + DH,"[""AT{'substrate': 'mxmal'}"", ""KR{'type': 'C2'}"", 'loading: False']","TE(cyclic, ring=1)",232.24,True,['pattern_1: CCC=C1C[C@H](OC)C(=O)O1']
CO[C@H]1C(=O)OC(=CCc2ccccc2)C1=O,"[""AT{'substrate': 'plac'}"", 'loading: True']",AT(hmal) + KR(B1) + DH,"[""AT{'substrate': 'mxmal'}"", ""KR{'type': 'C1'}"", 'loading: False']","TE(cyclic, ring=1)",232.24,True,['pattern_1: CCC=C1C[C@H](OC)C(=O)O1']
O=C(O)[C@@H](O)[C@H](O)C(O)=CCc1ccccc1,"[""AT{'substrate': 'plac'}"", 'loading: True']",AT(hmal) + KR(B1) + DH,"[""AT{'substrate': 'hmal'}"", ""KR{'type': 'B2'}"", 'loading: False']",TE(linear),238.24,False,
C=CC[C@@H](C(=O)O)[C@@H](O)C(O)=CCc1ccccc1,"[""AT{'substrate': 'plac'}"", 'loading: True']",AT(hmal) + KR(B1) + DH,"[""AT{'substrate': 'allylmal'}"", ""KR{'type': 'A1'}"", 'loading: False']",TE(linear),262.31,False,
C[C@H](C(=O)O)C(=O)C(O)=CCc1ccccc1,"[""AT{'substrate': 'plac'}"", 'loading: True']",AT(hmal) + KR(B1) + DH,"[""AT{'substrate': 'Methylmalonyl-CoA'}"", ""KR{'type': 'C2'}"", 'loading: False']",TE(linear),234.25,False,
C[C@@H](C(=O)O)C(=O)C(O)=CCc1ccccc1,"[""AT{'substrate': 'plac'}"", 'loading: True']",AT(hmal) + KR(B1) + DH,"[""AT{'substrate': 'Methylmalonyl-CoA'}"", ""KR{'type': 'C1'}"", 'loading: False']",TE(linear),234.25,False,
CC[C@H](C(=O)O)C(=O)C(O)=CCc1ccccc1,"[""AT{'substrate': 'plac'}"", 'loading: True']",AT(hmal) + KR(B1) + DH,"[""AT{'substrate': 'emal'}"", ""KR{'type': 'C2'}"", 'loading: False']",TE(linear),248.28,False,
CC[C@@H](C(=O)O)[C@@H](O)C(O)=CCc1ccccc1,"[""AT{'substrate': 'plac'}"", 'loading: True']",AT(hmal) + KR(B1) + DH,"[""AT{'substrate': 'emal'}"", ""KR{'type': 'A1'}"", 'loading: False']",TE(linear),250.29,False,
O=C(O)C[C@@H](O)C(O)=CCc1ccccc1,"[""AT{'substrate': 'plac'}"", 'loading: True']",AT(hmal) + KR(B1) + DH,"[""AT{'substrate': 'Malonyl-CoA'}"", ""KR{'type': 'A'}"", 'loading: False']",TE(linear),222.24,False,
CO[C@@H]1C(=O)OC(=CCc2ccccc2)[C@H]1O,"[""AT{'substrate': 'plac'}"", 'loading: True']",AT(hmal) + KR(B1) + DH,"[""AT{'substrate': 'mxmal'}"", ""KR{'type': 'B2'}"", 'loading: False']","TE(cyclic, ring=3)",234.25,True,['pattern_1: CCC=C1C[C@H](OC)C(=O)O1']
O=C(O)[C@H](O)[C@@H](O)C(O)=CCc1ccccc1,"[""AT{'substrate': 'plac'}"", 'loading: True']",AT(hmal) + KR(B1) + DH,"[""AT{'substrate': 'hmal'}"", ""KR{'type': 'A1'}"", 'loading: False']",TE(linear),238.24,False,
CCCCCCC1=CC(=CCc2ccccc2)OC1=O,"[""AT{'substrate': 'plac'}"", 'loading: True']",AT(hmal) + KR(B1) + DH,"[""AT{'substrate': 'hexmal'}"", ""KR{'type': 'B1'}"", 'DH{}', 'loading: False']","TE(cyclic, ring=0)",270.37,True,['pattern_2: CCC=C1C=CC(=O)O1']
CC(C)[C@@H](C(=O)O)C(=O)C(O)=CCc1ccccc1,"[""AT{'substrate': 'plac'}"", 'loading: True']",AT(hmal) + KR(B1) + DH,"[""AT{'substrate': 'isobutmal'}"", 'loading: False']",TE(linear),262.31,False,
CCCCCC[C@@H](CC(O)=CCc1ccccc1)C(=O)O,"[""AT{'substrate': 'plac'}"", 'loading: True']",AT(hmal) + KR(B1) + DH,"[""AT{'substrate': 'hexmal'}"", ""KR{'type': 'B1'}"", 'DH{}', 'ER{}', 'loading: False']",TE(linear),290.4,False,
C=CC[C@@H](C(=O)O)[C@H](O)C(O)=CCc1ccccc1,"[""AT{'substrate': 'plac'}"", 'loading: True']",AT(hmal) + KR(B1) + DH,"[""AT{'substrate': 'allylmal'}"", ""KR{'type': 'B1'}"", 'loading: False']",TE(linear),262.31,False,
C=CC[C@H](C(=O)O)[C@@H](O)C(O)=CCc1ccccc1,"[""AT{'substrate': 'plac'}"", 'loading: True']",AT(hmal) + KR(B1) + DH,"[""AT{'substrate': 'allylmal'}"", ""KR{'type': 'A2'}"", 'loading: False']",TE(linear),262.31,False,
CCCC[C@H](C(=O)O)[C@H](O)C(O)=CCc1ccccc1,"[""AT{'substrate': 'plac'}"", 'loading: True']",AT(hmal) + KR(B1) + DH,"[""AT{'substrate': 'butmal'}"", ""KR{'type': 'B2'}"", 'loading: False']",TE(linear),278.35,False,
CCCC[C@H](C(=O)O)[C@@H](O)C(O)=CCc1ccccc1,"[""AT{'substrate': 'plac'}"", 'loading: True']",AT(hmal) + KR(B1) + DH,"[""AT{'substrate': 'butmal'}"", ""KR{'type': 'A2'}"", 'loading: False']",TE(linear),278.35,False,
CC(C)[C@H](C(=O)O)C(=O)C(O)=CCc1ccccc1,"[""AT{'substrate': 'plac'}"", 'loading: True']",AT(hmal) + KR(B1) + DH,"[""AT{'substrate': 'D-isobutmal'}"", 'loading: False']",TE(linear),262.31,False,
O=C1OC(=CCc2ccccc2)C=C1CCCCc1c[nH]c(Cl)c1Cl,"[""AT{'substrate': 'plac'}"", 'loading: True']",AT(hmal) + KR(B1) + DH,"[""AT{'substrate': 'DCP'}"", ""KR{'type': 'B1'}"", 'DH{}', 'loading: False']","TE(cyclic, ring=0)",376.28,True,['pattern_2: CCC=C1C=CC(=O)O1']
C=CC[C@@H](CC(O)=CCc1ccccc1)C(=O)O,"[""AT{'substrate': 'plac'}"", 'loading: True']",AT(hmal) + KR(B1) + DH,"[""AT{'substrate': 'allylmal'}"", ""KR{'type': 'B1'}"", 'DH{}', 'ER{}', 'loading: False']",TE(linear),246.31,False,
CO[C@H]1C(=O)OC(=CCc2ccccc2)[C@@H]1O,"[""AT{'substrate': 'plac'}"", 'loading: True']",AT(hmal) + KR(B1) + DH,"[""AT{'substrate': 'mxmal'}"", ""KR{'type': 'A1'}"", 'loading: False']","TE(cyclic, ring=3)",234.25,True,['pattern_1: CCC=C1C[C@H](OC)C(=O)O1']
C=CC[C@H](C(=O)O)C(=O)C(O)=CCc1ccccc1,"[""AT{'substrate': 'plac'}"", 'loading: True']",AT(hmal) + KR(B1) + DH,"[""AT{'substrate': 'allylmal'}"", ""KR{'type': 'C2'}"", 'loading: False']",TE(linear),260.29,False,
C=CC[C@@H](C(=O)O)C(=O)C(O)=CCc1ccccc1,"[""AT{'substrate': 'plac'}"", 'loading: True']",AT(hmal) + KR(B1) + DH,"[""AT{'substrate': 'allylmal'}"", ""KR{'type': 'C1'}"", 'loading: False']",TE(linear),260.29,False,
O=C(O)[C@H](CCCCc1c[nH]c(Cl)c1Cl)[C@H](O)C(O)=CCc1ccccc1,"[""AT{'substrate': 'plac'}"", 'loading: True']",AT(hmal) + KR(B1) + DH,"[""AT{'substrate': 'DCP'}"", ""KR{'type': 'B1'}"", 'loading: False']",TE(linear),412.31,False,
CC(C)[C@@H](C(=O)O)[C@@H](O)C(O)=CCc1ccccc1,"[""AT{'substrate': 'plac'}"", 'loading: True']",AT(hmal) + KR(B1) + DH,"[""AT{'substrate': 'isobutmal'}"", ""KR{'type': 'A1'}"", 'loading: False']",TE(linear),264.32,False,
CCCCCC[C@H](C(=O)O)C(=O)C(O)=CCc1ccccc1,"[""AT{'substrate': 'plac'}"", 'loading: True']",AT(hmal) + KR(B1) + DH,"[""AT{'substrate': 'hexmal'}"", 'loading: False']",TE(linear),304.39,False,
CCC1=CC(=CCc2ccccc2)OC1=O,"[""AT{'substrate': 'plac'}"", 'loading: True']",AT(hmal) + KR(B1) + DH,"[""AT{'substrate': 'emal'}"", ""KR{'type': 'B1'}"", 'DH{}', 'loading: False']","TE(cyclic, ring=0)",214.26,True,['pattern_2: CCC=C1C=CC(=O)O1']
CCCC[C@@H](C(=O)O)[C@@H](O)C(O)=CCc1ccccc1,"[""AT{'substrate': 'plac'}"", 'loading: True']",AT(hmal) + KR(B1) + DH,"[""AT{'substrate': 'butmal'}"", ""KR{'type': 'A1'}"", 'loading: False']",TE(linear),278.35,False,
CCCCCC[C@H](C(=O)O)[C@H](O)C(O)=CCc1ccccc1,"[""AT{'substrate': 'plac'}"", 'loading: True']",AT(hmal) + KR(B1) + DH,"[""AT{'substrate': 'hexmal'}"", ""KR{'type': 'B2'}"", 'loading: False']",TE(linear),306.4,False,
CCCCCC[C@H](C(=O)O)[C@@H](O)C(O)=CCc1ccccc1,"[""AT{'substrate': 'plac'}"", 'loading: True']",AT(hmal) + KR(B1) + DH,"[""AT{'substrate': 'hexmal'}"", ""KR{'type': 'A2'}"", 'loading: False']",TE(linear),306.4,False,
CO[C@@H]1C(=O)OC(=CCc2ccccc2)[C@@H]1O,"[""AT{'substrate': 'plac'}"", 'loading: True']",AT(hmal) + KR(B1) + DH,"[""AT{'substrate': 'mxmal'}"", ""KR{'type': 'A2'}"", 'loading: False']","TE(cyclic, ring=3)",234.25,True,['pattern_1: CCC=C1C[C@H](OC)C(=O)O1']
CC(C)[C@@H](C(=O)O)[C@H](O)C(O)=CCc1ccccc1,"[""AT{'substrate': 'plac'}"", 'loading: True']",AT(hmal) + KR(B1) + DH,"[""AT{'substrate': 'isobutmal'}"", ""KR{'type': 'B1'}"", 'loading: False']",TE(linear),264.32,False,
CCCC[C@@H](C(=O)O)[C@H](O)C(O)=CCc1ccccc1,"[""AT{'substrate': 'plac'}"", 'loading: True']",AT(hmal) + KR(B1) + DH,"[""AT{'substrate': 'butmal'}"", ""KR{'type': 'B1'}"", 'loading: False']",TE(linear),278.35,False,
O=C(O)[C@@H](CCCCc1c[nH]c(Cl)c1Cl)C(=O)C(O)=CCc1ccccc1,"[""AT{'substrate': 'plac'}"", 'loading: True']",AT(hmal) + KR(B1) + DH,"[""AT{'substrate': 'DCP'}"", ""KR{'type': 'C2'}"", 'loading: False']",TE(linear),410.3,False,
O=C(O)[C@H](CCCCc1c[nH]c(Cl)c1Cl)C(=O)C(O)=CCc1ccccc1,"[""AT{'substrate': 'plac'}"", 'loading: True']",AT(hmal) + KR(B1) + DH,"[""AT{'substrate': 'DCP'}"", ""KR{'type': 'C1'}"", 'loading: False']",TE(linear),410.3,False,
C[C@H](C(=O)O)[C@H](O)C(O)=CCc1ccccc1,"[""AT{'substrate': 'plac'}"", 'loading: True']",AT(hmal) + KR(B1) + DH,"[""AT{'substrate': 'Methylmalonyl-CoA'}"", ""KR{'type': 'B2'}"", 'loading: False']",TE(linear),236.27,False,
C[C@H](C(=O)O)[C@@H](O)C(O)=CCc1ccccc1,"[""AT{'substrate': 'plac'}"", 'loading: True']",AT(hmal) + KR(B1) + DH,"[""AT{'substrate': 'Methylmalonyl-CoA'}"", ""KR{'type': 'A2'}"", 'loading: False']",TE(linear),236.27,False,
CCCCCC[C@@H](C(=O)O)[C@@H](O)C(O)=CCc1ccccc1,"[""AT{'substrate': 'plac'}"", 'loading: True']",AT(hmal) + KR(B1) + DH,"[""AT{'substrate': 'hexmal'}"", ""KR{'type': 'A1'}"", 'loading: False']",TE(linear),306.4,False,
O=C(O)[C@@H](O)CC(O)=CCc1ccccc1,"[""AT{'substrate': 'plac'}"", 'loading: True']",AT(hmal) + KR(B1) + DH,"[""AT{'substrate': 'hmal'}"", ""KR{'type': 'B1'}"", 'DH{}', 'ER{}', 'loading: False']",TE(linear),222.24,False,
CCCCC1=CC(=CCc2ccccc2)OC1=O,"[""AT{'substrate': 'plac'}"", 'loading: True']",AT(hmal) + KR(B1) + DH,"[""AT{'substrate': 'butmal'}"", ""KR{'type': 'B1'}"", 'DH{}', 'loading: False']","TE(cyclic, ring=0)",242.32,True,['pattern_2: CCC=C1C=CC(=O)O1']
O=C(O)[C@H](O)[C@H](O)C(O)=CCc1ccccc1,"[""AT{'substrate': 'plac'}"", 'loading: True']",AT(hmal) + KR(B1) + DH,"[""AT{'substrate': 'hmal'}"", ""KR{'type': 'B1'}"", 'loading: False']",TE(linear),238.24,False,
CC[C@@H](C(=O)O)[C@H](O)C(O)=CCc1ccccc1,"[""AT{'substrate': 'plac'}"", 'loading: True']",AT(hmal) + KR(B1) + DH,"[""AT{'substrate': 'emal'}"", ""KR{'type': 'B1'}"", 'loading: False']",TE(linear),250.29,False,
CCCC[C@H](C(=O)O)C(=O)C(O)=CCc1ccccc1,"[""AT{'substrate': 'plac'}"", 'loading: True']",AT(hmal) + KR(B1) + DH,"[""AT{'substrate': 'butmal'}"", ""KR{'type': 'C2'}"", 'loading: False']",TE(linear),276.33,False,
CCCC[C@@H](C(=O)O)C(=O)C(O)=CCc1ccccc1,"[""AT{'substrate': 'plac'}"", 'loading: True']",AT(hmal) + KR(B1) + DH,"[""AT{'substrate': 'butmal'}"", ""KR{'type': 'C1'}"", 'loading: False']",TE(linear),276.33,False,
CC(C)C1=CC(=CCc2ccccc2)OC1=O,"[""AT{'substrate': 'plac'}"", 'loading: True']",AT(hmal) + KR(B1) + DH,"[""AT{'substrate': 'isobutmal'}"", ""KR{'type': 'B1'}"", 'DH{}', 'loading: False']","TE(cyclic, ring=0)",228.29,True,['pattern_2: CCC=C1C=CC(=O)O1']
CCCCCC[C@@H](C(=O)O)[C@H](O)C(O)=CCc1ccccc1,"[""AT{'substrate': 'plac'}"", 'loading: True']",AT(hmal) + KR(B1) + DH,"[""AT{'substrate': 'hexmal'}"", ""KR{'type': 'B1'}"", 'loading: False']",TE(linear),306.4,False,
COC1=CC(=CCc2ccccc2)OC1=O,"[""AT{'substrate': 'plac'}"", 'loading: True']",AT(hmal) + KR(B1) + DH,"[""AT{'substrate': 'mxmal'}"", ""KR{'type': 'B1'}"", 'DH{}', 'loading: False']","TE(cyclic, ring=0)",216.24,True,['pattern_2: CCC=C1C=CC(=O)O1']
C[C@@H](C(=O)O)[C@@H](O)C(O)=CCc1ccccc1,"[""AT{'substrate': 'plac'}"", 'loading: True']",AT(hmal) + KR(B1) + DH,"[""AT{'substrate': 'Methylmalonyl-CoA'}"", ""KR{'type': 'A1'}"", 'loading: False']",TE(linear),236.27,False,
O=C(O)[C@@H](O)C(=O)C(O)=CCc1ccccc1,"[""AT{'substrate': 'plac'}"", 'loading: True']",AT(hmal) + KR(B1) + DH,"[""AT{'substrate': 'hmal'}"", ""KR{'type': 'C2'}"", 'loading: False']",TE(linear),236.22,False,
O=C(O)[C@H](O)C(=O)C(O)=CCc1ccccc1,"[""AT{'substrate': 'plac'}"", 'loading: True']",AT(hmal) + KR(B1) + DH,"[""AT{'substrate': 'hmal'}"", ""KR{'type': 'C1'}"", 'loading: False']",TE(linear),236.22,False,
O=C(O)C(O)C(=O)C(O)=CCc1ccccc1,"[""AT{'substrate': 'plac'}"", 'loading: True']",AT(hmal) + KR(B1) + DH,"[""AT{'substrate': 'hmal'}"", 'loading: False']",TE(linear),236.22,False,
CCCC[C@@H](CC(O)=CCc1ccccc1)C(=O)O,"[""AT{'substrate': 'plac'}"", 'loading: True']",AT(hmal) + KR(B1) + DH,"[""AT{'substrate': 'butmal'}"", ""KR{'type': 'B1'}"", 'DH{}', 'ER{}', 'loading: False']",TE(linear),262.35,False,
CC[C@@H](C(=O)O)C(=O)C(O)=CCc1ccccc1,"[""AT{'substrate': 'plac'}"", 'loading: True']",AT(hmal) + KR(B1) + DH,"[""AT{'substrate': 'emal'}"", ""KR{'type': 'C1'}"", 'loading: False']",TE(linear),248.28,False,
O=C(O)C[C@H](O)C(O)=CCc1ccccc1,"[""AT{'substrate': 'plac'}"", 'loading: True']",AT(hmal) + KR(B1) + DH,"[""AT{'substrate': 'Malonyl-CoA'}"", ""KR{'type': 'B'}"", 'loading: False']",TE(linear),222.24,False,
CC[C@@H](CC(O)=CCc1ccccc1)C(=O)O,"[""AT{'substrate': 'plac'}"", 'loading: True']",AT(hmal) + KR(B1) + DH,"[""AT{'substrate': 'emal'}"", ""KR{'type': 'B1'}"", 'DH{}', 'ER{}', 'loading: False']",TE(linear),234.3,False,
CCCCCC[C@@H](C(=O)O)C(=O)C(O)=CCc1ccccc1,"[""AT{'substrate': 'plac'}"", 'loading: True']",AT(hmal) + KR(B1) + DH,"[""AT{'substrate': 'hexmal'}"", ""KR{'type': 'C1'}"", 'loading: False']",TE(linear),304.39,False,
C[C@@H](CC(O)=CCc1ccccc1)C(=O)O,"[""AT{'substrate': 'plac'}"", 'loading: True']",AT(hmal) + KR(B1) + DH,"[""AT{'substrate': 'Methylmalonyl-CoA'}"", ""KR{'type': 'B1'}"", 'DH{}', 'ER{}', 'loading: False']",TE(linear),220.27,False,
O=C(O)[C@@H](CCCCc1c[nH]c(Cl)c1Cl)[C@H](O)C(O)=CCc1ccccc1,"[""AT{'substrate': 'plac'}"", 'loading: True']",AT(hmal) + KR(B1) + DH,"[""AT{'substrate': 'DCP'}"", ""KR{'type': 'B2'}"", 'loading: False']",TE(linear),412.31,False,
O=C(O)[C@@H](CCCCc1c[nH]c(Cl)c1Cl)[C@@H](O)C(O)=CCc1ccccc1,"[""AT{'substrate': 'plac'}"", 'loading: True']",AT(hmal) + KR(B1) + DH,"[""AT{'substrate': 'DCP'}"", ""KR{'type': 'A2'}"", 'loading: False']",TE(linear),412.31,False,
O=C(O)CCC(O)=CCc1ccccc1,"[""AT{'substrate': 'plac'}"", 'loading: True']",AT(hmal) + KR(B1) + DH,"[""AT{'substrate': 'Malonyl-CoA'}"", ""KR{'type': 'B'}"", 'DH{}', 'ER{}', 'loading: False']",TE(linear),206.24,False,
O=C1OC(=CCc2ccccc2)C=C1O,"[""AT{'substrate': 'plac'}"", 'loading: True']",AT(hmal) + KR(B1) + DH,"[""AT{'substrate': 'hmal'}"", ""KR{'type': 'B1'}"", 'DH{}', 'loading: False']","TE(cyclic, ring=0)",202.21,True,['pattern_2: CCC=C1C=CC(=O)O1']
CO[C@H]1C(=O)OC(=CCc2ccccc2)[C@H]1O,"[""AT{'substrate': 'plac'}"", 'loading: True']",AT(hmal) + KR(B1) + DH,"[""AT{'substrate': 'mxmal'}"", ""KR{'type': 'B1'}"", 'loading: False']","TE(cyclic, ring=3)",234.25,True,['pattern_1: CCC=C1C[C@H](OC)C(=O)O1']
O=C(O)CC(=O)C(O)=CCc1ccccc1,"[""AT{'substrate': 'plac'}"", 'loading: True']",AT(hmal) + KR(B1) + DH,"[""AT{'substrate': 'Malonyl-CoA'}"", 'loading: False']",TE(linear),220.22,False,
O=C(O)C(CCCCc1c[nH]c(Cl)c1Cl)C(=O)C(O)=CCc1ccccc1,"[""AT{'substrate': 'plac'}"", 'loading: True']",AT(hmal) + KR(B1) + DH,"[""AT{'substrate': 'DCP'}"", 'loading: False']",TE(linear),410.3,False,
O=C(O)[C@H](CCCCc1c[nH]c(Cl)c1Cl)[C@@H](O)C(O)=Cc1ccccc1,"[""AT{'substrate': 'benz'}"", 'loading: True']",AT(hmal) + KR(B1) + DH,"[""AT{'substrate': 'DCP'}"", ""KR{'type': 'A1'}"", 'loading: False']",TE(linear),398.29,False,
CC(C)[C@H](C(=O)O)[C@H](O)C(O)=Cc1ccccc1,"[""AT{'substrate': 'benz'}"", 'loading: True']",AT(hmal) + KR(B1) + DH,"[""AT{'substrate': 'D-isobutmal'}"", ""KR{'type': 'B2'}"", 'loading: False']",TE(linear),250.29,False,
CC(C)[C@H](C(=O)O)[C@@H](O)C(O)=Cc1ccccc1,"[""AT{'substrate': 'benz'}"", 'loading: True']",AT(hmal) + KR(B1) + DH,"[""AT{'substrate': 'D-isobutmal'}"", ""KR{'type': 'A2'}"", 'loading: False']",TE(linear),250.29,False,
CO[C@@H](CC(O)=Cc1ccccc1)C(=O)O,"[""AT{'substrate': 'benz'}"", 'loading: True']",AT(hmal) + KR(B1) + DH,"[""AT{'substrate': 'mxmal'}"", ""KR{'type': 'B1'}"", 'DH{}', 'ER{}', 'loading: False']",TE(linear),222.24,False,
C[C@@H](C(=O)O)[C@H](O)C(O)=Cc1ccccc1,"[""AT{'substrate': 'benz'}"", 'loading: True']",AT(hmal) + KR(B1) + DH,"[""AT{'substrate': 'Methylmalonyl-CoA'}"", ""KR{'type': 'B1'}"", 'loading: False']",TE(linear),222.24,False,
O=C(O)C=CC(O)=Cc1ccccc1,"[""AT{'substrate': 'benz'}"", 'loading: True']",AT(hmal) + KR(B1) + DH,"[""AT{'substrate': 'Malonyl-CoA'}"", ""KR{'type': 'B'}"", 'DH{}', 'loading: False']",TE(linear),190.2,False,
O=C(O)[C@@H](O)[C@@H](O)C(O)=Cc1ccccc1,"[""AT{'substrate': 'benz'}"", 'loading: True']",AT(hmal) + KR(B1) + DH,"[""AT{'substrate': 'hmal'}"", ""KR{'type': 'A2'}"", 'loading: False']",TE(linear),224.21,False,
C=CC[C@H](C(=O)O)[C@H](O)C(O)=Cc1ccccc1,"[""AT{'substrate': 'benz'}"", 'loading: True']",AT(hmal) + KR(B1) + DH,"[""AT{'substrate': 'allylmal'}"", ""KR{'type': 'B2'}"", 'loading: False']",TE(linear),248.28,False,
CC[C@H](C(=O)O)[C@H](O)C(O)=Cc1ccccc1,"[""AT{'substrate': 'benz'}"", 'loading: True']",AT(hmal) + KR(B1) + DH,"[""AT{'substrate': 'emal'}"", ""KR{'type': 'B2'}"", 'loading: False']",TE(linear),236.27,False,
CC[C@H](C(=O)O)[C@@H](O)C(O)=Cc1ccccc1,"[""AT{'substrate': 'benz'}"", 'loading: True']",AT(hmal) + KR(B1) + DH,"[""AT{'substrate': 'emal'}"", ""KR{'type': 'A2'}"", 'loading: False']",TE(linear),236.27,False,
CC(C)[C@@H](CC(O)=Cc1ccccc1)C(=O)O,"[""AT{'substrate': 'benz'}"", 'loading: True']",AT(hmal) + KR(B1) + DH,"[""AT{'substrate': 'isobutmal'}"", ""KR{'type': 'B1'}"", 'DH{}', 'ER{}', 'loading: False']",TE(linear),234.3,False,
O=C(O)[C@@H](CCCCc1c[nH]c(Cl)c1Cl)CC(O)=Cc1ccccc1,"[""AT{'substrate': 'benz'}"", 'loading: True']",AT(hmal) + KR(B1) + DH,"[""AT{'substrate': 'DCP'}"", ""KR{'type': 'B1'}"", 'DH{}', 'ER{}', 'loading: False']",TE(linear),382.29,False,
C=CCC(=CC(O)=Cc1ccccc1)C(=O)O,"[""AT{'substrate': 'benz'}"", 'loading: True']",AT(hmal) + KR(B1) + DH,"[""AT{'substrate': 'allylmal'}"", ""KR{'type': 'B1'}"", 'DH{}', 'loading: False']",TE(linear),230.26,False,
CC(=CC(O)=Cc1ccccc1)C(=O)O,"[""AT{'substrate': 'benz'}"", 'loading: True']",AT(hmal) + KR(B1) + DH,"[""AT{'substrate': 'Methylmalonyl-CoA'}"", ""KR{'type': 'B1'}"", 'DH{}', 'loading: False']",TE(linear),204.22,False,
CO[C@H](C(=O)O)C(=O)C(O)=Cc1ccccc1,"[""AT{'substrate': 'benz'}"", 'loading: True']",AT(hmal) + KR(B1) + DH,"[""AT{'substrate': 'mxmal'}"", ""KR{'type': 'C2'}"", 'loading: False']",TE(linear),236.22,False,
CO[C@@H](C(=O)O)C(=O)C(O)=Cc1ccccc1,"[""AT{'substrate': 'benz'}"", 'loading: True']",AT(hmal) + KR(B1) + DH,"[""AT{'substrate': 'mxmal'}"", ""KR{'type': 'C1'}"", 'loading: False']",TE(linear),236.22,False,
O=C(O)[C@@H](O)[C@H](O)C(O)=Cc1ccccc1,"[""AT{'substrate': 'benz'}"", 'loading: True']",AT(hmal) + KR(B1) + DH,"[""AT{'substrate': 'hmal'}"", ""KR{'type': 'B2'}"", 'loading: False']",TE(linear),224.21,False,
C=CC[C@@H](C(=O)O)[C@@H](O)C(O)=Cc1ccccc1,"[""AT{'substrate': 'benz'}"", 'loading: True']",AT(hmal) + KR(B1) + DH,"[""AT{'substrate': 'allylmal'}"", ""KR{'type': 'A1'}"", 'loading: False']",TE(linear),248.28,False,
C[C@H](C(=O)O)C(=O)C(O)=Cc1ccccc1,"[""AT{'substrate': 'benz'}"", 'loading: True']",AT(hmal) + KR(B1) + DH,"[""AT{'substrate': 'Methylmalonyl-CoA'}"", ""KR{'type': 'C2'}"", 'loading: False']",TE(linear),220.22,False,
C[C@@H](C(=O)O)C(=O)C(O)=Cc1ccccc1,"[""AT{'substrate': 'benz'}"", 'loading: True']",AT(hmal) + KR(B1) + DH,"[""AT{'substrate': 'Methylmalonyl-CoA'}"", ""KR{'type': 'C1'}"", 'loading: False']",TE(linear),220.22,False,
CC[C@H](C(=O)O)C(=O)C(O)=Cc1ccccc1,"[""AT{'substrate': 'benz'}"", 'loading: True']",AT(hmal) + KR(B1) + DH,"[""AT{'substrate': 'emal'}"", ""KR{'type': 'C2'}"", 'loading: False']",TE(linear),234.25,False,
CC[C@@H](C(=O)O)[C@@H](O)C(O)=Cc1ccccc1,"[""AT{'substrate': 'benz'}"", 'loading: True']",AT(hmal) + KR(B1) + DH,"[""AT{'substrate': 'emal'}"", ""KR{'type': 'A1'}"", 'loading: False']",TE(linear),236.27,False,
O=C(O)C[C@@H](O)C(O)=Cc1ccccc1,"[""AT{'substrate': 'benz'}"", 'loading: True']",AT(hmal) + KR(B1) + DH,"[""AT{'substrate': 'Malonyl-CoA'}"", ""KR{'type': 'A'}"", 'loading: False']",TE(linear),208.21,False,
CO[C@H](C(=O)O)[C@H](O)C(O)=Cc1ccccc1,"[""AT{'substrate': 'benz'}"", 'loading: True']",AT(hmal) + KR(B1) + DH,"[""AT{'substrate': 'mxmal'}"", ""KR{'type': 'B2'}"", 'loading: False']",TE(linear),238.24,False,
O=C(O)[C@H](O)[C@@H](O)C(O)=Cc1ccccc1,"[""AT{'substrate': 'benz'}"", 'loading: True']",AT(hmal) + KR(B1) + DH,"[""AT{'substrate': 'hmal'}"", ""KR{'type': 'A1'}"", 'loading: False']",TE(linear),224.21,False,
CCCCCCC(=CC(O)=Cc1ccccc1)C(=O)O,"[""AT{'substrate': 'benz'}"", 'loading: True']",AT(hmal) + KR(B1) + DH,"[""AT{'substrate': 'hexmal'}"", ""KR{'type': 'B1'}"", 'DH{}', 'loading: False']",TE(linear),274.36,False,
CC(C)[C@@H](C(=O)O)C(=O)C(O)=Cc1ccccc1,"[""AT{'substrate': 'benz'}"", 'loading: True']",AT(hmal) + KR(B1) + DH,"[""AT{'substrate': 'isobutmal'}"", 'loading: False']",TE(linear),248.28,False,
CCCCCC[C@@H](CC(O)=Cc1ccccc1)C(=O)O,"[""AT{'substrate': 'benz'}"", 'loading: True']",AT(hmal) + KR(B1) + DH,"[""AT{'substrate': 'hexmal'}"", ""KR{'type': 'B1'}"", 'DH{}', 'ER{}', 'loading: False']",TE(linear),276.38,False,
C=CC[C@@H](C(=O)O)[C@H](O)C(O)=Cc1ccccc1,"[""AT{'substrate': 'benz'}"", 'loading: True']",AT(hmal) + KR(B1) + DH,"[""AT{'substrate': 'allylmal'}"", ""KR{'type': 'B1'}"", 'loading: False']",TE(linear),248.28,False,
C=CC[C@H](C(=O)O)[C@@H](O)C(O)=Cc1ccccc1,"[""AT{'substrate': 'benz'}"", 'loading: True']",AT(hmal) + KR(B1) + DH,"[""AT{'substrate': 'allylmal'}"", ""KR{'type': 'A2'}"", 'loading: False']",TE(linear),248.28,False,
CCCC[C@H](C(=O)O)[C@H](O)C(O)=Cc1ccccc1,"[""AT{'substrate': 'benz'}"", 'loading: True']",AT(hmal) + KR(B1) + DH,"[""AT{'substrate': 'butmal'}"", ""KR{'type': 'B2'}"", 'loading: False']",TE(linear),264.32,False,
CCCC[C@H](C(=O)O)[C@@H](O)C(O)=Cc1ccccc1,"[""AT{'substrate': 'benz'}"", 'loading: True']",AT(hmal) + KR(B1) + DH,"[""AT{'substrate': 'butmal'}"", ""KR{'type': 'A2'}"", 'loading: False']",TE(linear),264.32,False,
CC(C)[C@H](C(=O)O)C(=O)C(O)=Cc1ccccc1,"[""AT{'substrate': 'benz'}"", 'loading: True']",AT(hmal) + KR(B1) + DH,"[""AT{'substrate': 'D-isobutmal'}"", 'loading: False']",TE(linear),248.28,False,
O=C(O)C(=CC(O)=Cc1ccccc1)CCCCc1c[nH]c(Cl)c1Cl,"[""AT{'substrate': 'benz'}"", 'loading: True']",AT(hmal) + KR(B1) + DH,"[""AT{'substrate': 'DCP'}"", ""KR{'type': 'B1'}"", 'DH{}', 'loading: False']",TE(linear),380.27,False,
C=CC[C@@H](CC(O)=Cc1ccccc1)C(=O)O,"[""AT{'substrate': 'benz'}"", 'loading: True']",AT(hmal) + KR(B1) + DH,"[""AT{'substrate': 'allylmal'}"", ""KR{'type': 'B1'}"", 'DH{}', 'ER{}', 'loading: False']",TE(linear),232.28,False,
CO[C@@H](C(=O)O)[C@@H](O)C(O)=Cc1ccccc1,"[""AT{'substrate': 'benz'}"", 'loading: True']",AT(hmal) + KR(B1) + DH,"[""AT{'substrate': 'mxmal'}"", ""KR{'type': 'A1'}"", 'loading: False']",TE(linear),238.24,False,
C=CC[C@H](C(=O)O)C(=O)C(O)=Cc1ccccc1,"[""AT{'substrate': 'benz'}"", 'loading: True']",AT(hmal) + KR(B1) + DH,"[""AT{'substrate': 'allylmal'}"", ""KR{'type': 'C2'}"", 'loading: False']",TE(linear),246.26,False,
C=CC[C@@H](C(=O)O)C(=O)C(O)=Cc1ccccc1,"[""AT{'substrate': 'benz'}"", 'loading: True']",AT(hmal) + KR(B1) + DH,"[""AT{'substrate': 'allylmal'}"", ""KR{'type': 'C1'}"", 'loading: False']",TE(linear),246.26,False,
O=C(O)[C@H](CCCCc1c[nH]c(Cl)c1Cl)[C@H](O)C(O)=Cc1ccccc1,"[""AT{'substrate': 'benz'}"", 'loading: True']",AT(hmal) + KR(B1) + DH,"[""AT{'substrate': 'DCP'}"", ""KR{'type': 'B1'}"", 'loading: False']",TE(linear),398.29,False,
CC(C)[C@@H](C(=O)O)[C@@H](O)C(O)=Cc1ccccc1,"[""AT{'substrate': 'benz'}"", 'loading: True']",AT(hmal) + KR(B1) + DH,"[""AT{'substrate': 'isobutmal'}"", ""KR{'type': 'A1'}"", 'loading: False']",TE(linear),250.29,False,
CCCCCC[C@H](C(=O)O)C(=O)C(O)=Cc1ccccc1,"[""AT{'substrate': 'benz'}"", 'loading: True']",AT(hmal) + KR(B1) + DH,"[""AT{'substrate': 'hexmal'}"", 'loading: False']",TE(linear),290.36,False,
CCC(=CC(O)=Cc1ccccc1)C(=O)O,"[""AT{'substrate': 'benz'}"", 'loading: True']",AT(hmal) + KR(B1) + DH,"[""AT{'substrate': 'emal'}"", ""KR{'type': 'B1'}"", 'DH{}', 'loading: False']",TE(linear),218.25,False,
CCCC[C@@H](C(=O)O)[C@@H](O)C(O)=Cc1ccccc1,"[""AT{'substrate': 'benz'}"", 'loading: True']",AT(hmal) + KR(B1) + DH,"[""AT{'substrate': 'butmal'}"", ""KR{'type': 'A1'}"", 'loading: False']",TE(linear),264.32,False,
CCCCCC[C@H](C(=O)O)[C@H](O)C(O)=Cc1ccccc1,"[""AT{'substrate': 'benz'}"", 'loading: True']",AT(hmal) + KR(B1) + DH,"[""AT{'substrate': 'hexmal'}"", ""KR{'type': 'B2'}"", 'loading: False']",TE(linear),292.38,False,
CCCCCC[C@H](C(=O)O)[C@@H](O)C(O)=Cc1ccccc1,"[""AT{'substrate': 'benz'}"", 'loading: True']",AT(hmal) + KR(B1) + DH,"[""AT{'substrate': 'hexmal'}"", ""KR{'type': 'A2'}"", 'loading: False']",TE(linear),292.38,False,
CO[C@H](C(=O)O)[C@@H](O)C(O)=Cc1ccccc1,"[""AT{'substrate': 'benz'}"", 'loading: True']",AT(hmal) + KR(B1) + DH,"[""AT{'substrate': 'mxmal'}"", ""KR{'type': 'A2'}"", 'loading: False']",TE(linear),238.24,False,
CC(C)[C@@H](C(=O)O)[C@H](O)C(O)=Cc1ccccc1,"[""AT{'substrate': 'benz'}"", 'loading: True']",AT(hmal) + KR(B1) + DH,"[""AT{'substrate': 'isobutmal'}"", ""KR{'type': 'B1'}"", 'loading: False']",TE(linear),250.29,False,
CCCC[C@@H](C(=O)O)[C@H](O)C(O)=Cc1ccccc1,"[""AT{'substrate': 'benz'}"", 'loading: True']",AT(hmal) + KR(B1) + DH,"[""AT{'substrate': 'butmal'}"", ""KR{'type': 'B1'}"", 'loading: False']",TE(linear),264.32,False,
O=C(O)[C@@H](CCCCc1c[nH]c(Cl)c1Cl)C(=O)C(O)=Cc1ccccc1,"[""AT{'substrate': 'benz'}"", 'loading: True']",AT(hmal) + KR(B1) + DH,"[""AT{'substrate': 'DCP'}"", ""KR{'type': 'C2'}"", 'loading: False']",TE(linear),396.27,False,
O=C(O)[C@H](CCCCc1c[nH]c(Cl)c1Cl)C(=O)C(O)=Cc1ccccc1,"[""AT{'substrate': 'benz'}"", 'loading: True']",AT(hmal) + KR(B1) + DH,"[""AT{'substrate': 'DCP'}"", ""KR{'type': 'C1'}"", 'loading: False']",TE(linear),396.27,False,
C[C@H](C(=O)O)[C@H](O)C(O)=Cc1ccccc1,"[""AT{'substrate': 'benz'}"", 'loading: True']",AT(hmal) + KR(B1) + DH,"[""AT{'substrate': 'Methylmalonyl-CoA'}"", ""KR{'type': 'B2'}"", 'loading: False']",TE(linear),222.24,False,
C[C@H](C(=O)O)[C@@H](O)C(O)=Cc1ccccc1,"[""AT{'substrate': 'benz'}"", 'loading: True']",AT(hmal) + KR(B1) + DH,"[""AT{'substrate': 'Methylmalonyl-CoA'}"", ""KR{'type': 'A2'}"", 'loading: False']",TE(linear),222.24,False,
CCCCCC[C@@H](C(=O)O)[C@@H](O)C(O)=Cc1ccccc1,"[""AT{'substrate': 'benz'}"", 'loading: True']",AT(hmal) + KR(B1) + DH,"[""AT{'substrate': 'hexmal'}"", ""KR{'type': 'A1'}"", 'loading: False']",TE(linear),292.38,False,
O=C(O)[C@@H](O)CC(O)=Cc1ccccc1,"[""AT{'substrate': 'benz'}"", 'loading: True']",AT(hmal) + KR(B1) + DH,"[""AT{'substrate': 'hmal'}"", ""KR{'type': 'B1'}"", 'DH{}', 'ER{}', 'loading: False']",TE(linear),208.21,False,
CCCCC(=CC(O)=Cc1ccccc1)C(=O)O,"[""AT{'substrate': 'benz'}"", 'loading: True']",AT(hmal) + KR(B1) + DH,"[""AT{'substrate': 'butmal'}"", ""KR{'type': 'B1'}"", 'DH{}', 'loading: False']",TE(linear),246.31,False,
O=C(O)[C@H](O)[C@H](O)C(O)=Cc1ccccc1,"[""AT{'substrate': 'benz'}"", 'loading: True']",AT(hmal) + KR(B1) + DH,"[""AT{'substrate': 'hmal'}"", ""KR{'type': 'B1'}"", 'loading: False']",TE(linear),224.21,False,
CC[C@@H](C(=O)O)[C@H](O)C(O)=Cc1ccccc1,"[""AT{'substrate': 'benz'}"", 'loading: True']",AT(hmal) + KR(B1) + DH,"[""AT{'substrate': 'emal'}"", ""KR{'type': 'B1'}"", 'loading: False']",TE(linear),236.27,False,
CCCC[C@H](C(=O)O)C(=O)C(O)=Cc1ccccc1,"[""AT{'substrate': 'benz'}"", 'loading: True']",AT(hmal) + KR(B1) + DH,"[""AT{'substrate': 'butmal'}"", ""KR{'type': 'C2'}"", 'loading: False']",TE(linear),262.31,False,
CCCC[C@@H](C(=O)O)C(=O)C(O)=Cc1ccccc1,"[""AT{'substrate': 'benz'}"", 'loading: True']",AT(hmal) + KR(B1) + DH,"[""AT{'substrate': 'butmal'}"", ""KR{'type': 'C1'}"", 'loading: False']",TE(linear),262.31,False,
CC(C)C(=CC(O)=Cc1ccccc1)C(=O)O,"[""AT{'substrate': 'benz'}"", 'loading: True']",AT(hmal) + KR(B1) + DH,"[""AT{'substrate': 'isobutmal'}"", ""KR{'type': 'B1'}"", 'DH{}', 'loading: False']",TE(linear),232.28,False,
CCCCCC[C@@H](C(=O)O)[C@H](O)C(O)=Cc1ccccc1,"[""AT{'substrate': 'benz'}"", 'loading: True']",AT(hmal) + KR(B1) + DH,"[""AT{'substrate': 'hexmal'}"", ""KR{'type': 'B1'}"", 'loading: False']",TE(linear),292.38,False,
COC(=CC(O)=Cc1ccccc1)C(=O)O,"[""AT{'substrate': 'benz'}"", 'loading: True']",AT(hmal) + KR(B1) + DH,"[""AT{'substrate': 'mxmal'}"", ""KR{'type': 'B1'}"", 'DH{}', 'loading: False']",TE(linear),220.22,False,
C[C@@H](C(=O)O)[C@@H](O)C(O)=Cc1ccccc1,"[""AT{'substrate': 'benz'}"", 'loading: True']",AT(hmal) + KR(B1) + DH,"[""AT{'substrate': 'Methylmalonyl-CoA'}"", ""KR{'type': 'A1'}"", 'loading: False']",TE(linear),222.24,False,
O=C(O)[C@@H](O)C(=O)C(O)=Cc1ccccc1,"[""AT{'substrate': 'benz'}"", 'loading: True']",AT(hmal) + KR(B1) + DH,"[""AT{'substrate': 'hmal'}"", ""KR{'type': 'C2'}"", 'loading: False']",TE(linear),222.2,False,
O=C(O)[C@H](O)C(=O)C(O)=Cc1ccccc1,"[""AT{'substrate': 'benz'}"", 'loading: True']",AT(hmal) + KR(B1) + DH,"[""AT{'substrate': 'hmal'}"", ""KR{'type': 'C1'}"", 'loading: False']",TE(linear),222.2,False,
O=C(O)C(O)C(=O)C(O)=Cc1ccccc1,"[""AT{'substrate': 'benz'}"", 'loading: True']",AT(hmal) + KR(B1) + DH,"[""AT{'substrate': 'hmal'}"", 'loading: False']",TE(linear),222.2,False,
CCCC[C@@H](CC(O)=Cc1ccccc1)C(=O)O,"[""AT{'substrate': 'benz'}"", 'loading: True']",AT(hmal) + KR(B1) + DH,"[""AT{'substrate': 'butmal'}"", ""KR{'type': 'B1'}"", 'DH{}', 'ER{}', 'loading: False']",TE(linear),248.32,False,
CC[C@@H](C(=O)O)C(=O)C(O)=Cc1ccccc1,"[""AT{'substrate': 'benz'}"", 'loading: True']",AT(hmal) + KR(B1) + DH,"[""AT{'substrate': 'emal'}"", ""KR{'type': 'C1'}"", 'loading: False']",TE(linear),234.25,False,
O=C(O)C[C@H](O)C(O)=Cc1ccccc1,"[""AT{'substrate': 'benz'}"", 'loading: True']",AT(hmal) + KR(B1) + DH,"[""AT{'substrate': 'Malonyl-CoA'}"", ""KR{'type': 'B'}"", 'loading: False']",TE(linear),208.21,False,
CC[C@@H](CC(O)=Cc1ccccc1)C(=O)O,"[""AT{'substrate': 'benz'}"", 'loading: True']",AT(hmal) + KR(B1) + DH,"[""AT{'substrate': 'emal'}"", ""KR{'type': 'B1'}"", 'DH{}', 'ER{}', 'loading: False']",TE(linear),220.27,False,
CCCCCC[C@@H](C(=O)O)C(=O)C(O)=Cc1ccccc1,"[""AT{'substrate': 'benz'}"", 'loading: True']",AT(hmal) + KR(B1) + DH,"[""AT{'substrate': 'hexmal'}"", ""KR{'type': 'C1'}"", 'loading: False']",TE(linear),290.36,False,
C[C@@H](CC(O)=Cc1ccccc1)C(=O)O,"[""AT{'substrate': 'benz'}"", 'loading: True']",AT(hmal) + KR(B1) + DH,"[""AT{'substrate': 'Methylmalonyl-CoA'}"", ""KR{'type': 'B1'}"", 'DH{}', 'ER{}', 'loading: False']",TE(linear),206.24,False,
O=C(O)[C@@H](CCCCc1c[nH]c(Cl)c1Cl)[C@H](O)C(O)=Cc1ccccc1,"[""AT{'substrate': 'benz'}"", 'loading: True']",AT(hmal) + KR(B1) + DH,"[""AT{'substrate': 'DCP'}"", ""KR{'type': 'B2'}"", 'loading: False']",TE(linear),398.29,False,
O=C(O)[C@@H](CCCCc1c[nH]c(Cl)c1Cl)[C@@H](O)C(O)=Cc1ccccc1,"[""AT{'substrate': 'benz'}"", 'loading: True']",AT(hmal) + KR(B1) + DH,"[""AT{'substrate': 'DCP'}"", ""KR{'type': 'A2'}"", 'loading: False']",TE(linear),398.29,False,
O=C(O)CCC(O)=Cc1ccccc1,"[""AT{'substrate': 'benz'}"", 'loading: True']",AT(hmal) + KR(B1) + DH,"[""AT{'substrate': 'Malonyl-CoA'}"", ""KR{'type': 'B'}"", 'DH{}', 'ER{}', 'loading: False']",TE(linear),192.21,False,
O=C(O)C(O)=CC(O)=Cc1ccccc1,"[""AT{'substrate': 'benz'}"", 'loading: True']",AT(hmal) + KR(B1) + DH,"[""AT{'substrate': 'hmal'}"", ""KR{'type': 'B1'}"", 'DH{}', 'loading: False']",TE(linear),206.2,False,
CO[C@@H](C(=O)O)[C@H](O)C(O)=Cc1ccccc1,"[""AT{'substrate': 'benz'}"", 'loading: True']",AT(hmal) + KR(B1) + DH,"[""AT{'substrate': 'mxmal'}"", ""KR{'type': 'B1'}"", 'loading: False']",TE(linear),238.24,False,
O=C(O)CC(=O)C(O)=Cc1ccccc1,"[""AT{'substrate': 'benz'}"", 'loading: True']",AT(hmal) + KR(B1) + DH,"[""AT{'substrate': 'Malonyl-CoA'}"", 'loading: False']",TE(linear),206.2,False,
O=C(O)C(CCCCc1c[nH]c(Cl)c1Cl)C(=O)C(O)=Cc1ccccc1,"[""AT{'substrate': 'benz'}"", 'loading: True']",AT(hmal) + KR(B1) + DH,"[""AT{'substrate': 'DCP'}"", 'loading: False']",TE(linear),396.27,False,
O=C(O)[C@H](CCCCc1c[nH]c(Cl)c1Cl)[C@@H](O)C(O)=Cc1ccc([N+](=O)[O-])cc1,"[""AT{'substrate': 'PNBA'}"", 'loading: True']",AT(hmal) + KR(B1) + DH,"[""AT{'substrate': 'DCP'}"", ""KR{'type': 'A1'}"", 'loading: False']",TE(linear),443.28,False,
CC(C)[C@H](C(=O)O)[C@H](O)C(O)=Cc1ccc([N+](=O)[O-])cc1,"[""AT{'substrate': 'PNBA'}"", 'loading: True']",AT(hmal) + KR(B1) + DH,"[""AT{'substrate': 'D-isobutmal'}"", ""KR{'type': 'B2'}"", 'loading: False']",TE(linear),295.29,False,
CC(C)[C@H](C(=O)O)[C@@H](O)C(O)=Cc1ccc([N+](=O)[O-])cc1,"[""AT{'substrate': 'PNBA'}"", 'loading: True']",AT(hmal) + KR(B1) + DH,"[""AT{'substrate': 'D-isobutmal'}"", ""KR{'type': 'A2'}"", 'loading: False']",TE(linear),295.29,False,
CO[C@@H](CC(O)=Cc1ccc([N+](=O)[O-])cc1)C(=O)O,"[""AT{'substrate': 'PNBA'}"", 'loading: True']",AT(hmal) + KR(B1) + DH,"[""AT{'substrate': 'mxmal'}"", ""KR{'type': 'B1'}"", 'DH{}', 'ER{}', 'loading: False']",TE(linear),267.24,False,
C[C@@H](C(=O)O)[C@H](O)C(O)=Cc1ccc([N+](=O)[O-])cc1,"[""AT{'substrate': 'PNBA'}"", 'loading: True']",AT(hmal) + KR(B1) + DH,"[""AT{'substrate': 'Methylmalonyl-CoA'}"", ""KR{'type': 'B1'}"", 'loading: False']",TE(linear),267.24,False,
O=C(O)C=CC(O)=Cc1ccc([N+](=O)[O-])cc1,"[""AT{'substrate': 'PNBA'}"", 'loading: True']",AT(hmal) + KR(B1) + DH,"[""AT{'substrate': 'Malonyl-CoA'}"", ""KR{'type': 'B'}"", 'DH{}', 'loading: False']",TE(linear),235.19,False,
O=C(O)[C@@H](O)[C@@H](O)C(O)=Cc1ccc([N+](=O)[O-])cc1,"[""AT{'substrate': 'PNBA'}"", 'loading: True']",AT(hmal) + KR(B1) + DH,"[""AT{'substrate': 'hmal'}"", ""KR{'type': 'A2'}"", 'loading: False']",TE(linear),269.21,False,
C=CC[C@H](C(=O)O)[C@H](O)C(O)=Cc1ccc([N+](=O)[O-])cc1,"[""AT{'substrate': 'PNBA'}"", 'loading: True']",AT(hmal) + KR(B1) + DH,"[""AT{'substrate': 'allylmal'}"", ""KR{'type': 'B2'}"", 'loading: False']",TE(linear),293.28,False,
CC[C@H](C(=O)O)[C@H](O)C(O)=Cc1ccc([N+](=O)[O-])cc1,"[""AT{'substrate': 'PNBA'}"", 'loading: True']",AT(hmal) + KR(B1) + DH,"[""AT{'substrate': 'emal'}"", ""KR{'type': 'B2'}"", 'loading: False']",TE(linear),281.26,False,
CC[C@H](C(=O)O)[C@@H](O)C(O)=Cc1ccc([N+](=O)[O-])cc1,"[""AT{'substrate': 'PNBA'}"", 'loading: True']",AT(hmal) + KR(B1) + DH,"[""AT{'substrate': 'emal'}"", ""KR{'type': 'A2'}"", 'loading: False']",TE(linear),281.26,False,
CC(C)[C@@H](CC(O)=Cc1ccc([N+](=O)[O-])cc1)C(=O)O,"[""AT{'substrate': 'PNBA'}"", 'loading: True']",AT(hmal) + KR(B1) + DH,"[""AT{'substrate': 'isobutmal'}"", ""KR{'type': 'B1'}"", 'DH{}', 'ER{}', 'loading: False']",TE(linear),279.29,False,
O=C(O)[C@@H](CCCCc1c[nH]c(Cl)c1Cl)CC(O)=Cc1ccc([N+](=O)[O-])cc1,"[""AT{'substrate': 'PNBA'}"", 'loading: True']",AT(hmal) + KR(B1) + DH,"[""AT{'substrate': 'DCP'}"", ""KR{'type': 'B1'}"", 'DH{}', 'ER{}', 'loading: False']",TE(linear),427.28,False,
C=CCC(=CC(O)=Cc1ccc([N+](=O)[O-])cc1)C(=O)O,"[""AT{'substrate': 'PNBA'}"", 'loading: True']",AT(hmal) + KR(B1) + DH,"[""AT{'substrate': 'allylmal'}"", ""KR{'type': 'B1'}"", 'DH{}', 'loading: False']",TE(linear),275.26,False,
CC(=CC(O)=Cc1ccc([N+](=O)[O-])cc1)C(=O)O,"[""AT{'substrate': 'PNBA'}"", 'loading: True']",AT(hmal) + KR(B1) + DH,"[""AT{'substrate': 'Methylmalonyl-CoA'}"", ""KR{'type': 'B1'}"", 'DH{}', 'loading: False']",TE(linear),249.22,False,
CO[C@H](C(=O)O)C(=O)C(O)=Cc1ccc([N+](=O)[O-])cc1,"[""AT{'substrate': 'PNBA'}"", 'loading: True']",AT(hmal) + KR(B1) + DH,"[""AT{'substrate': 'mxmal'}"", ""KR{'type': 'C2'}"", 'loading: False']",TE(linear),281.22,False,
CO[C@@H](C(=O)O)C(=O)C(O)=Cc1ccc([N+](=O)[O-])cc1,"[""AT{'substrate': 'PNBA'}"", 'loading: True']",AT(hmal) + KR(B1) + DH,"[""AT{'substrate': 'mxmal'}"", ""KR{'type': 'C1'}"", 'loading: False']",TE(linear),281.22,False,
O=C(O)[C@@H](O)[C@H](O)C(O)=Cc1ccc([N+](=O)[O-])cc1,"[""AT{'substrate': 'PNBA'}"", 'loading: True']",AT(hmal) + KR(B1) + DH,"[""AT{'substrate': 'hmal'}"", ""KR{'type': 'B2'}"", 'loading: False']",TE(linear),269.21,False,
C=CC[C@@H](C(=O)O)[C@@H](O)C(O)=Cc1ccc([N+](=O)[O-])cc1,"[""AT{'substrate': 'PNBA'}"", 'loading: True']",AT(hmal) + KR(B1) + DH,"[""AT{'substrate': 'allylmal'}"", ""KR{'type': 'A1'}"", 'loading: False']",TE(linear),293.28,False,
C[C@H](C(=O)O)C(=O)C(O)=Cc1ccc([N+](=O)[O-])cc1,"[""AT{'substrate': 'PNBA'}"", 'loading: True']",AT(hmal) + KR(B1) + DH,"[""AT{'substrate': 'Methylmalonyl-CoA'}"", ""KR{'type': 'C2'}"", 'loading: False']",TE(linear),265.22,False,
C[C@@H](C(=O)O)C(=O)C(O)=Cc1ccc([N+](=O)[O-])cc1,"[""AT{'substrate': 'PNBA'}"", 'loading: True']",AT(hmal) + KR(B1) + DH,"[""AT{'substrate': 'Methylmalonyl-CoA'}"", ""KR{'type': 'C1'}"", 'loading: False']",TE(linear),265.22,False,
CC[C@H](C(=O)O)C(=O)C(O)=Cc1ccc([N+](=O)[O-])cc1,"[""AT{'substrate': 'PNBA'}"", 'loading: True']",AT(hmal) + KR(B1) + DH,"[""AT{'substrate': 'emal'}"", ""KR{'type': 'C2'}"", 'loading: False']",TE(linear),279.25,False,
CC[C@@H](C(=O)O)[C@@H](O)C(O)=Cc1ccc([N+](=O)[O-])cc1,"[""AT{'substrate': 'PNBA'}"", 'loading: True']",AT(hmal) + KR(B1) + DH,"[""AT{'substrate': 'emal'}"", ""KR{'type': 'A1'}"", 'loading: False']",TE(linear),281.26,False,
O=C(O)C[C@@H](O)C(O)=Cc1ccc([N+](=O)[O-])cc1,"[""AT{'substrate': 'PNBA'}"", 'loading: True']",AT(hmal) + KR(B1) + DH,"[""AT{'substrate': 'Malonyl-CoA'}"", ""KR{'type': 'A'}"", 'loading: False']",TE(linear),253.21,False,
CO[C@H](C(=O)O)[C@H](O)C(O)=Cc1ccc([N+](=O)[O-])cc1,"[""AT{'substrate': 'PNBA'}"", 'loading: True']",AT(hmal) + KR(B1) + DH,"[""AT{'substrate': 'mxmal'}"", ""KR{'type': 'B2'}"", 'loading: False']",TE(linear),283.24,False,
O=C(O)[C@H](O)[C@@H](O)C(O)=Cc1ccc([N+](=O)[O-])cc1,"[""AT{'substrate': 'PNBA'}"", 'loading: True']",AT(hmal) + KR(B1) + DH,"[""AT{'substrate': 'hmal'}"", ""KR{'type': 'A1'}"", 'loading: False']",TE(linear),269.21,False,
CCCCCCC(=CC(O)=Cc1ccc([N+](=O)[O-])cc1)C(=O)O,"[""AT{'substrate': 'PNBA'}"", 'loading: True']",AT(hmal) + KR(B1) + DH,"[""AT{'substrate': 'hexmal'}"", ""KR{'type': 'B1'}"", 'DH{}', 'loading: False']",TE(linear),319.36,False,
CC(C)[C@@H](C(=O)O)C(=O)C(O)=Cc1ccc([N+](=O)[O-])cc1,"[""AT{'substrate': 'PNBA'}"", 'loading: True']",AT(hmal) + KR(B1) + DH,"[""AT{'substrate': 'isobutmal'}"", 'loading: False']",TE(linear),293.28,False,
CCCCCC[C@@H](CC(O)=Cc1ccc([N+](=O)[O-])cc1)C(=O)O,"[""AT{'substrate': 'PNBA'}"", 'loading: True']",AT(hmal) + KR(B1) + DH,"[""AT{'substrate': 'hexmal'}"", ""KR{'type': 'B1'}"", 'DH{}', 'ER{}', 'loading: False']",TE(linear),321.37,False,
C=CC[C@@H](C(=O)O)[C@H](O)C(O)=Cc1ccc([N+](=O)[O-])cc1,"[""AT{'substrate': 'PNBA'}"", 'loading: True']",AT(hmal) + KR(B1) + DH,"[""AT{'substrate': 'allylmal'}"", ""KR{'type': 'B1'}"", 'loading: False']",TE(linear),293.28,False,
C=CC[C@H](C(=O)O)[C@@H](O)C(O)=Cc1ccc([N+](=O)[O-])cc1,"[""AT{'substrate': 'PNBA'}"", 'loading: True']",AT(hmal) + KR(B1) + DH,"[""AT{'substrate': 'allylmal'}"", ""KR{'type': 'A2'}"", 'loading: False']",TE(linear),293.28,False,
CCCC[C@H](C(=O)O)[C@H](O)C(O)=Cc1ccc([N+](=O)[O-])cc1,"[""AT{'substrate': 'PNBA'}"", 'loading: True']",AT(hmal) + KR(B1) + DH,"[""AT{'substrate': 'butmal'}"", ""KR{'type': 'B2'}"", 'loading: False']",TE(linear),309.32,False,
CCCC[C@H](C(=O)O)[C@@H](O)C(O)=Cc1ccc([N+](=O)[O-])cc1,"[""AT{'substrate': 'PNBA'}"", 'loading: True']",AT(hmal) + KR(B1) + DH,"[""AT{'substrate': 'butmal'}"", ""KR{'type': 'A2'}"", 'loading: False']",TE(linear),309.32,False,
CC(C)[C@H](C(=O)O)C(=O)C(O)=Cc1ccc([N+](=O)[O-])cc1,"[""AT{'substrate': 'PNBA'}"", 'loading: True']",AT(hmal) + KR(B1) + DH,"[""AT{'substrate': 'D-isobutmal'}"", 'loading: False']",TE(linear),293.28,False,
O=C(O)C(=CC(O)=Cc1ccc([N+](=O)[O-])cc1)CCCCc1c[nH]c(Cl)c1Cl,"[""AT{'substrate': 'PNBA'}"", 'loading: True']",AT(hmal) + KR(B1) + DH,"[""AT{'substrate': 'DCP'}"", ""KR{'type': 'B1'}"", 'DH{}', 'loading: False']",TE(linear),425.27,False,
C=CC[C@@H](CC(O)=Cc1ccc([N+](=O)[O-])cc1)C(=O)O,"[""AT{'substrate': 'PNBA'}"", 'loading: True']",AT(hmal) + KR(B1) + DH,"[""AT{'substrate': 'allylmal'}"", ""KR{'type': 'B1'}"", 'DH{}', 'ER{}', 'loading: False']",TE(linear),277.28,False,
CO[C@@H](C(=O)O)[C@@H](O)C(O)=Cc1ccc([N+](=O)[O-])cc1,"[""AT{'substrate': 'PNBA'}"", 'loading: True']",AT(hmal) + KR(B1) + DH,"[""AT{'substrate': 'mxmal'}"", ""KR{'type': 'A1'}"", 'loading: False']",TE(linear),283.24,False,
C=CC[C@H](C(=O)O)C(=O)C(O)=Cc1ccc([N+](=O)[O-])cc1,"[""AT{'substrate': 'PNBA'}"", 'loading: True']",AT(hmal) + KR(B1) + DH,"[""AT{'substrate': 'allylmal'}"", ""KR{'type': 'C2'}"", 'loading: False']",TE(linear),291.26,False,
C=CC[C@@H](C(=O)O)C(=O)C(O)=Cc1ccc([N+](=O)[O-])cc1,"[""AT{'substrate': 'PNBA'}"", 'loading: True']",AT(hmal) + KR(B1) + DH,"[""AT{'substrate': 'allylmal'}"", ""KR{'type': 'C1'}"", 'loading: False']",TE(linear),291.26,False,
O=C(O)[C@H](CCCCc1c[nH]c(Cl)c1Cl)[C@H](O)C(O)=Cc1ccc([N+](=O)[O-])cc1,"[""AT{'substrate': 'PNBA'}"", 'loading: True']",AT(hmal) + KR(B1) + DH,"[""AT{'substrate': 'DCP'}"", ""KR{'type': 'B1'}"", 'loading: False']",TE(linear),443.28,False,
CC(C)[C@@H](C(=O)O)[C@@H](O)C(O)=Cc1ccc([N+](=O)[O-])cc1,"[""AT{'substrate': 'PNBA'}"", 'loading: True']",AT(hmal) + KR(B1) + DH,"[""AT{'substrate': 'isobutmal'}"", ""KR{'type': 'A1'}"", 'loading: False']",TE(linear),295.29,False,
CCCCCC[C@H](C(=O)O)C(=O)C(O)=Cc1ccc([N+](=O)[O-])cc1,"[""AT{'substrate': 'PNBA'}"", 'loading: True']",AT(hmal) + KR(B1) + DH,"[""AT{'substrate': 'hexmal'}"", 'loading: False']",TE(linear),335.36,False,
CCC(=CC(O)=Cc1ccc([N+](=O)[O-])cc1)C(=O)O,"[""AT{'substrate': 'PNBA'}"", 'loading: True']",AT(hmal) + KR(B1) + DH,"[""AT{'substrate': 'emal'}"", ""KR{'type': 'B1'}"", 'DH{}', 'loading: False']",TE(linear),263.25,False,
CCCC[C@@H](C(=O)O)[C@@H](O)C(O)=Cc1ccc([N+](=O)[O-])cc1,"[""AT{'substrate': 'PNBA'}"", 'loading: True']",AT(hmal) + KR(B1) + DH,"[""AT{'substrate': 'butmal'}"", ""KR{'type': 'A1'}"", 'loading: False']",TE(linear),309.32,False,
CCCCCC[C@H](C(=O)O)[C@H](O)C(O)=Cc1ccc([N+](=O)[O-])cc1,"[""AT{'substrate': 'PNBA'}"", 'loading: True']",AT(hmal) + KR(B1) + DH,"[""AT{'substrate': 'hexmal'}"", ""KR{'type': 'B2'}"", 'loading: False']",TE(linear),337.37,False,
CCCCCC[C@H](C(=O)O)[C@@H](O)C(O)=Cc1ccc([N+](=O)[O-])cc1,"[""AT{'substrate': 'PNBA'}"", 'loading: True']",AT(hmal) + KR(B1) + DH,"[""AT{'substrate': 'hexmal'}"", ""KR{'type': 'A2'}"", 'loading: False']",TE(linear),337.37,False,
CO[C@H](C(=O)O)[C@@H](O)C(O)=Cc1ccc([N+](=O)[O-])cc1,"[""AT{'substrate': 'PNBA'}"", 'loading: True']",AT(hmal) + KR(B1) + DH,"[""AT{'substrate': 'mxmal'}"", ""KR{'type': 'A2'}"", 'loading: False']",TE(linear),283.24,False,
CC(C)[C@@H](C(=O)O)[C@H](O)C(O)=Cc1ccc([N+](=O)[O-])cc1,"[""AT{'substrate': 'PNBA'}"", 'loading: True']",AT(hmal) + KR(B1) + DH,"[""AT{'substrate': 'isobutmal'}"", ""KR{'type': 'B1'}"", 'loading: False']",TE(linear),295.29,False,
CCCC[C@@H](C(=O)O)[C@H](O)C(O)=Cc1ccc([N+](=O)[O-])cc1,"[""AT{'substrate': 'PNBA'}"", 'loading: True']",AT(hmal) + KR(B1) + DH,"[""AT{'substrate': 'butmal'}"", ""KR{'type': 'B1'}"", 'loading: False']",TE(linear),309.32,False,
O=C(O)[C@@H](CCCCc1c[nH]c(Cl)c1Cl)C(=O)C(O)=Cc1ccc([N+](=O)[O-])cc1,"[""AT{'substrate': 'PNBA'}"", 'loading: True']",AT(hmal) + KR(B1) + DH,"[""AT{'substrate': 'DCP'}"", ""KR{'type': 'C2'}"", 'loading: False']",TE(linear),441.27,False,
O=C(O)[C@H](CCCCc1c[nH]c(Cl)c1Cl)C(=O)C(O)=Cc1ccc([N+](=O)[O-])cc1,"[""AT{'substrate': 'PNBA'}"", 'loading: True']",AT(hmal) + KR(B1) + DH,"[""AT{'substrate': 'DCP'}"", ""KR{'type': 'C1'}"", 'loading: False']",TE(linear),441.27,False,
C[C@H](C(=O)O)[C@H](O)C(O)=Cc1ccc([N+](=O)[O-])cc1,"[""AT{'substrate': 'PNBA'}"", 'loading: True']",AT(hmal) + KR(B1) + DH,"[""AT{'substrate': 'Methylmalonyl-CoA'}"", ""KR{'type': 'B2'}"", 'loading: False']",TE(linear),267.24,False,
C[C@H](C(=O)O)[C@@H](O)C(O)=Cc1ccc([N+](=O)[O-])cc1,"[""AT{'substrate': 'PNBA'}"", 'loading: True']",AT(hmal) + KR(B1) + DH,"[""AT{'substrate': 'Methylmalonyl-CoA'}"", ""KR{'type': 'A2'}"", 'loading: False']",TE(linear),267.24,False,
CCCCCC[C@@H](C(=O)O)[C@@H](O)C(O)=Cc1ccc([N+](=O)[O-])cc1,"[""AT{'substrate': 'PNBA'}"", 'loading: True']",AT(hmal) + KR(B1) + DH,"[""AT{'substrate': 'hexmal'}"", ""KR{'type': 'A1'}"", 'loading: False']",TE(linear),337.37,False,
O=C(O)[C@@H](O)CC(O)=Cc1ccc([N+](=O)[O-])cc1,"[""AT{'substrate': 'PNBA'}"", 'loading: True']",AT(hmal) + KR(B1) + DH,"[""AT{'substrate': 'hmal'}"", ""KR{'type': 'B1'}"", 'DH{}', 'ER{}', 'loading: False']",TE(linear),253.21,False,
CCCCC(=CC(O)=Cc1ccc([N+](=O)[O-])cc1)C(=O)O,"[""AT{'substrate': 'PNBA'}"", 'loading: True']",AT(hmal) + KR(B1) + DH,"[""AT{'substrate': 'butmal'}"", ""KR{'type': 'B1'}"", 'DH{}', 'loading: False']",TE(linear),291.3,False,
O=C(O)[C@H](O)[C@H](O)C(O)=Cc1ccc([N+](=O)[O-])cc1,"[""AT{'substrate': 'PNBA'}"", 'loading: True']",AT(hmal) + KR(B1) + DH,"[""AT{'substrate': 'hmal'}"", ""KR{'type': 'B1'}"", 'loading: False']",TE(linear),269.21,False,
CC[C@@H](C(=O)O)[C@H](O)C(O)=Cc1ccc([N+](=O)[O-])cc1,"[""AT{'substrate': 'PNBA'}"", 'loading: True']",AT(hmal) + KR(B1) + DH,"[""AT{'substrate': 'emal'}"", ""KR{'type': 'B1'}"", 'loading: False']",TE(linear),281.26,False,
CCCC[C@H](C(=O)O)C(=O)C(O)=Cc1ccc([N+](=O)[O-])cc1,"[""AT{'substrate': 'PNBA'}"", 'loading: True']",AT(hmal) + KR(B1) + DH,"[""AT{'substrate': 'butmal'}"", ""KR{'type': 'C2'}"", 'loading: False']",TE(linear),307.3,False,
CCCC[C@@H](C(=O)O)C(=O)C(O)=Cc1ccc([N+](=O)[O-])cc1,"[""AT{'substrate': 'PNBA'}"", 'loading: True']",AT(hmal) + KR(B1) + DH,"[""AT{'substrate': 'butmal'}"", ""KR{'type': 'C1'}"", 'loading: False']",TE(linear),307.3,False,
CC(C)C(=CC(O)=Cc1ccc([N+](=O)[O-])cc1)C(=O)O,"[""AT{'substrate': 'PNBA'}"", 'loading: True']",AT(hmal) + KR(B1) + DH,"[""AT{'substrate': 'isobutmal'}"", ""KR{'type': 'B1'}"", 'DH{}', 'loading: False']",TE(linear),277.28,False,
CCCCCC[C@@H](C(=O)O)[C@H](O)C(O)=Cc1ccc([N+](=O)[O-])cc1,"[""AT{'substrate': 'PNBA'}"", 'loading: True']",AT(hmal) + KR(B1) + DH,"[""AT{'substrate': 'hexmal'}"", ""KR{'type': 'B1'}"", 'loading: False']",TE(linear),337.37,False,
COC(=CC(O)=Cc1ccc([N+](=O)[O-])cc1)C(=O)O,"[""AT{'substrate': 'PNBA'}"", 'loading: True']",AT(hmal) + KR(B1) + DH,"[""AT{'substrate': 'mxmal'}"", ""KR{'type': 'B1'}"", 'DH{}', 'loading: False']",TE(linear),265.22,False,
C[C@@H](C(=O)O)[C@@H](O)C(O)=Cc1ccc([N+](=O)[O-])cc1,"[""AT{'substrate': 'PNBA'}"", 'loading: True']",AT(hmal) + KR(B1) + DH,"[""AT{'substrate': 'Methylmalonyl-CoA'}"", ""KR{'type': 'A1'}"", 'loading: False']",TE(linear),267.24,False,
O=C(O)[C@@H](O)C(=O)C(O)=Cc1ccc([N+](=O)[O-])cc1,"[""AT{'substrate': 'PNBA'}"", 'loading: True']",AT(hmal) + KR(B1) + DH,"[""AT{'substrate': 'hmal'}"", ""KR{'type': 'C2'}"", 'loading: False']",TE(linear),267.19,False,
O=C(O)[C@H](O)C(=O)C(O)=Cc1ccc([N+](=O)[O-])cc1,"[""AT{'substrate': 'PNBA'}"", 'loading: True']",AT(hmal) + KR(B1) + DH,"[""AT{'substrate': 'hmal'}"", ""KR{'type': 'C1'}"", 'loading: False']",TE(linear),267.19,False,
O=C(O)C(O)C(=O)C(O)=Cc1ccc([N+](=O)[O-])cc1,"[""AT{'substrate': 'PNBA'}"", 'loading: True']",AT(hmal) + KR(B1) + DH,"[""AT{'substrate': 'hmal'}"", 'loading: False']",TE(linear),267.19,False,
CCCC[C@@H](CC(O)=Cc1ccc([N+](=O)[O-])cc1)C(=O)O,"[""AT{'substrate': 'PNBA'}"", 'loading: True']",AT(hmal) + KR(B1) + DH,"[""AT{'substrate': 'butmal'}"", ""KR{'type': 'B1'}"", 'DH{}', 'ER{}', 'loading: False']",TE(linear),293.32,False,
CC[C@@H](C(=O)O)C(=O)C(O)=Cc1ccc([N+](=O)[O-])cc1,"[""AT{'substrate': 'PNBA'}"", 'loading: True']",AT(hmal) + KR(B1) + DH,"[""AT{'substrate': 'emal'}"", ""KR{'type': 'C1'}"", 'loading: False']",TE(linear),279.25,False,
O=C(O)C[C@H](O)C(O)=Cc1ccc([N+](=O)[O-])cc1,"[""AT{'substrate': 'PNBA'}"", 'loading: True']",AT(hmal) + KR(B1) + DH,"[""AT{'substrate': 'Malonyl-CoA'}"", ""KR{'type': 'B'}"", 'loading: False']",TE(linear),253.21,False,
CC[C@@H](CC(O)=Cc1ccc([N+](=O)[O-])cc1)C(=O)O,"[""AT{'substrate': 'PNBA'}"", 'loading: True']",AT(hmal) + KR(B1) + DH,"[""AT{'substrate': 'emal'}"", ""KR{'type': 'B1'}"", 'DH{}', 'ER{}', 'loading: False']",TE(linear),265.26,False,
CCCCCC[C@@H](C(=O)O)C(=O)C(O)=Cc1ccc([N+](=O)[O-])cc1,"[""AT{'substrate': 'PNBA'}"", 'loading: True']",AT(hmal) + KR(B1) + DH,"[""AT{'substrate': 'hexmal'}"", ""KR{'type': 'C1'}"", 'loading: False']",TE(linear),335.36,False,
C[C@@H](CC(O)=Cc1ccc([N+](=O)[O-])cc1)C(=O)O,"[""AT{'substrate': 'PNBA'}"", 'loading: True']",AT(hmal) + KR(B1) + DH,"[""AT{'substrate': 'Methylmalonyl-CoA'}"", ""KR{'type': 'B1'}"", 'DH{}', 'ER{}', 'loading: False']",TE(linear),251.24,False,
O=C(O)[C@@H](CCCCc1c[nH]c(Cl)c1Cl)[C@H](O)C(O)=Cc1ccc([N+](=O)[O-])cc1,"[""AT{'substrate': 'PNBA'}"", 'loading: True']",AT(hmal) + KR(B1) + DH,"[""AT{'substrate': 'DCP'}"", ""KR{'type': 'B2'}"", 'loading: False']",TE(linear),443.28,False,
O=C(O)[C@@H](CCCCc1c[nH]c(Cl)c1Cl)[C@@H](O)C(O)=Cc1ccc([N+](=O)[O-])cc1,"[""AT{'substrate': 'PNBA'}"", 'loading: True']",AT(hmal) + KR(B1) + DH,"[""AT{'substrate': 'DCP'}"", ""KR{'type': 'A2'}"", 'loading: False']",TE(linear),443.28,False,
O=C(O)CCC(O)=Cc1ccc([N+](=O)[O-])cc1,"[""AT{'substrate': 'PNBA'}"", 'loading: True']",AT(hmal) + KR(B1) + DH,"[""AT{'substrate': 'Malonyl-CoA'}"", ""KR{'type': 'B'}"", 'DH{}', 'ER{}', 'loading: False']",TE(linear),237.21,False,
O=C(O)C(O)=CC(O)=Cc1ccc([N+](=O)[O-])cc1,"[""AT{'substrate': 'PNBA'}"", 'loading: True']",AT(hmal) + KR(B1) + DH,"[""AT{'substrate': 'hmal'}"", ""KR{'type': 'B1'}"", 'DH{}', 'loading: False']",TE(linear),251.19,False,
CO[C@@H](C(=O)O)[C@H](O)C(O)=Cc1ccc([N+](=O)[O-])cc1,"[""AT{'substrate': 'PNBA'}"", 'loading: True']",AT(hmal) + KR(B1) + DH,"[""AT{'substrate': 'mxmal'}"", ""KR{'type': 'B1'}"", 'loading: False']",TE(linear),283.24,False,
O=C(O)CC(=O)C(O)=Cc1ccc([N+](=O)[O-])cc1,"[""AT{'substrate': 'PNBA'}"", 'loading: True']",AT(hmal) + KR(B1) + DH,"[""AT{'substrate': 'Malonyl-CoA'}"", 'loading: False']",TE(linear),251.19,False,
O=C(O)C(CCCCc1c[nH]c(Cl)c1Cl)C(=O)C(O)=Cc1ccc([N+](=O)[O-])cc1,"[""AT{'substrate': 'PNBA'}"", 'loading: True']",AT(hmal) + KR(B1) + DH,"[""AT{'substrate': 'DCP'}"", 'loading: False']",TE(linear),441.27,False,
CC[C@H](C=C(O)[C@H](O)[C@@H](CCCCc1c[nH]c(Cl)c1Cl)C(=O)O)C(N)=O,"[""AT{'substrate': 'ema'}"", 'loading: True']",AT(hmal) + KR(B1) + DH,"[""AT{'substrate': 'DCP'}"", ""KR{'type': 'A1'}"", 'loading: False']",TE(linear),407.29,False,
CC[C@H](C=C(O)[C@@H](O)[C@@H](C(=O)O)C(C)C)C(N)=O,"[""AT{'substrate': 'ema'}"", 'loading: True']",AT(hmal) + KR(B1) + DH,"[""AT{'substrate': 'D-isobutmal'}"", ""KR{'type': 'B2'}"", 'loading: False']",TE(linear),259.3,False,
CC[C@H](C=C(O)[C@H](O)[C@@H](C(=O)O)C(C)C)C(N)=O,"[""AT{'substrate': 'ema'}"", 'loading: True']",AT(hmal) + KR(B1) + DH,"[""AT{'substrate': 'D-isobutmal'}"", ""KR{'type': 'A2'}"", 'loading: False']",TE(linear),259.3,False,
CC[C@H](C=C1C[C@H](OC)C(=O)O1)C(N)=O,"[""AT{'substrate': 'ema'}"", 'loading: True']",AT(hmal) + KR(B1) + DH,"[""AT{'substrate': 'mxmal'}"", ""KR{'type': 'B1'}"", 'DH{}', 'ER{}', 'loading: False']","TE(cyclic, ring=2)",213.23,True,['pattern_1: CCC=C1C[C@H](OC)C(=O)O1']
CC[C@H](C=C(O)[C@@H](O)[C@@H](C)C(=O)O)C(N)=O,"[""AT{'substrate': 'ema'}"", 'loading: True']",AT(hmal) + KR(B1) + DH,"[""AT{'substrate': 'Methylmalonyl-CoA'}"", ""KR{'type': 'B1'}"", 'loading: False']",TE(linear),231.25,False,
CC[C@H](C=C1C=CC(=O)O1)C(N)=O,"[""AT{'substrate': 'ema'}"", 'loading: True']",AT(hmal) + KR(B1) + DH,"[""AT{'substrate': 'Malonyl-CoA'}"", ""KR{'type': 'B'}"", 'DH{}', 'loading: False']","TE(cyclic, ring=1)",181.19,True,['pattern_2: CCC=C1C=CC(=O)O1']
CC[C@H](C=C(O)[C@H](O)[C@H](O)C(=O)O)C(N)=O,"[""AT{'substrate': 'ema'}"", 'loading: True']",AT(hmal) + KR(B1) + DH,"[""AT{'substrate': 'hmal'}"", ""KR{'type': 'A2'}"", 'loading: False']",TE(linear),233.22,False,
C=CC[C@H](C(=O)O)[C@H](O)C(O)=C[C@@H](CC)C(N)=O,"[""AT{'substrate': 'ema'}"", 'loading: True']",AT(hmal) + KR(B1) + DH,"[""AT{'substrate': 'allylmal'}"", ""KR{'type': 'B2'}"", 'loading: False']",TE(linear),257.29,False,
CC[C@H](C(=O)O)[C@H](O)C(O)=C[C@@H](CC)C(N)=O,"[""AT{'substrate': 'ema'}"", 'loading: True']",AT(hmal) + KR(B1) + DH,"[""AT{'substrate': 'emal'}"", ""KR{'type': 'B2'}"", 'loading: False']",TE(linear),245.27,False,
CC[C@H](C(=O)O)[C@@H](O)C(O)=C[C@@H](CC)C(N)=O,"[""AT{'substrate': 'ema'}"", 'loading: True']",AT(hmal) + KR(B1) + DH,"[""AT{'substrate': 'emal'}"", ""KR{'type': 'A2'}"", 'loading: False']",TE(linear),245.27,False,
CC[C@H](C=C(O)C[C@@H](C(=O)O)C(C)C)C(N)=O,"[""AT{'substrate': 'ema'}"", 'loading: True']",AT(hmal) + KR(B1) + DH,"[""AT{'substrate': 'isobutmal'}"", ""KR{'type': 'B1'}"", 'DH{}', 'ER{}', 'loading: False']",TE(linear),243.3,False,
CC[C@H](C=C(O)C[C@H](CCCCc1c[nH]c(Cl)c1Cl)C(=O)O)C(N)=O,"[""AT{'substrate': 'ema'}"", 'loading: True']",AT(hmal) + KR(B1) + DH,"[""AT{'substrate': 'DCP'}"", ""KR{'type': 'B1'}"", 'DH{}', 'ER{}', 'loading: False']",TE(linear),391.3,False,
C=CCC1=CC(=C[C@@H](CC)C(N)=O)OC1=O,"[""AT{'substrate': 'ema'}"", 'loading: True']",AT(hmal) + KR(B1) + DH,"[""AT{'substrate': 'allylmal'}"", ""KR{'type': 'B1'}"", 'DH{}', 'loading: False']","TE(cyclic, ring=1)",221.26,True,['pattern_2: CCC=C1C=CC(=O)O1']
CC[C@H](C=C1C=C(C)C(=O)O1)C(N)=O,"[""AT{'substrate': 'ema'}"", 'loading: True']",AT(hmal) + KR(B1) + DH,"[""AT{'substrate': 'Methylmalonyl-CoA'}"", ""KR{'type': 'B1'}"", 'DH{}', 'loading: False']","TE(cyclic, ring=1)",195.22,True,['pattern_2: CCC=C1C=CC(=O)O1']
CC[C@H](C=C1OC(=O)[C@@H](OC)C1=O)C(N)=O,"[""AT{'substrate': 'ema'}"", 'loading: True']",AT(hmal) + KR(B1) + DH,"[""AT{'substrate': 'mxmal'}"", ""KR{'type': 'C2'}"", 'loading: False']","TE(cyclic, ring=2)",227.22,True,['pattern_1: CCC=C1C[C@H](OC)C(=O)O1']
CC[C@H](C=C1OC(=O)[C@H](OC)C1=O)C(N)=O,"[""AT{'substrate': 'ema'}"", 'loading: True']",AT(hmal) + KR(B1) + DH,"[""AT{'substrate': 'mxmal'}"", ""KR{'type': 'C1'}"", 'loading: False']","TE(cyclic, ring=2)",227.22,True,['pattern_1: CCC=C1C[C@H](OC)C(=O)O1']
CC[C@H](C=C(O)[C@@H](O)[C@H](O)C(=O)O)C(N)=O,"[""AT{'substrate': 'ema'}"", 'loading: True']",AT(hmal) + KR(B1) + DH,"[""AT{'substrate': 'hmal'}"", ""KR{'type': 'B2'}"", 'loading: False']",TE(linear),233.22,False,
C=CC[C@@H](C(=O)O)[C@@H](O)C(O)=C[C@@H](CC)C(N)=O,"[""AT{'substrate': 'ema'}"", 'loading: True']",AT(hmal) + KR(B1) + DH,"[""AT{'substrate': 'allylmal'}"", ""KR{'type': 'A1'}"", 'loading: False']",TE(linear),257.29,False,
CC[C@H](C=C(O)C(=O)[C@H](C)C(=O)O)C(N)=O,"[""AT{'substrate': 'ema'}"", 'loading: True']",AT(hmal) + KR(B1) + DH,"[""AT{'substrate': 'Methylmalonyl-CoA'}"", ""KR{'type': 'C2'}"", 'loading: False']",TE(linear),229.23,False,
CC[C@H](C=C(O)C(=O)[C@@H](C)C(=O)O)C(N)=O,"[""AT{'substrate': 'ema'}"", 'loading: True']",AT(hmal) + KR(B1) + DH,"[""AT{'substrate': 'Methylmalonyl-CoA'}"", ""KR{'type': 'C1'}"", 'loading: False']",TE(linear),229.23,False,
CC[C@H](C(=O)O)C(=O)C(O)=C[C@@H](CC)C(N)=O,"[""AT{'substrate': 'ema'}"", 'loading: True']",AT(hmal) + KR(B1) + DH,"[""AT{'substrate': 'emal'}"", ""KR{'type': 'C2'}"", 'loading: False']",TE(linear),243.26,False,
CC[C@H](C=C(O)[C@H](O)[C@@H](CC)C(=O)O)C(N)=O,"[""AT{'substrate': 'ema'}"", 'loading: True']",AT(hmal) + KR(B1) + DH,"[""AT{'substrate': 'emal'}"", ""KR{'type': 'A1'}"", 'loading: False']",TE(linear),245.27,False,
CC[C@H](C=C(O)[C@H](O)CC(=O)O)C(N)=O,"[""AT{'substrate': 'ema'}"", 'loading: True']",AT(hmal) + KR(B1) + DH,"[""AT{'substrate': 'Malonyl-CoA'}"", ""KR{'type': 'A'}"", 'loading: False']",TE(linear),217.22,False,
CC[C@H](C=C1OC(=O)[C@@H](OC)[C@@H]1O)C(N)=O,"[""AT{'substrate': 'ema'}"", 'loading: True']",AT(hmal) + KR(B1) + DH,"[""AT{'substrate': 'mxmal'}"", ""KR{'type': 'B2'}"", 'loading: False']","TE(cyclic, ring=4)",229.23,True,['pattern_1: CCC=C1C[C@H](OC)C(=O)O1']
CC[C@H](C=C(O)[C@H](O)[C@@H](O)C(=O)O)C(N)=O,"[""AT{'substrate': 'ema'}"", 'loading: True']",AT(hmal) + KR(B1) + DH,"[""AT{'substrate': 'hmal'}"", ""KR{'type': 'A1'}"", 'loading: False']",TE(linear),233.22,False,
CCCCCCC1=CC(=C[C@@H](CC)C(N)=O)OC1=O,"[""AT{'substrate': 'ema'}"", 'loading: True']",AT(hmal) + KR(B1) + DH,"[""AT{'substrate': 'hexmal'}"", ""KR{'type': 'B1'}"", 'DH{}', 'loading: False']","TE(cyclic, ring=1)",265.35,True,['pattern_2: CCC=C1C=CC(=O)O1']
CC[C@H](C=C(O)C(=O)[C@H](C(=O)O)C(C)C)C(N)=O,"[""AT{'substrate': 'ema'}"", 'loading: True']",AT(hmal) + KR(B1) + DH,"[""AT{'substrate': 'isobutmal'}"", 'loading: False']",TE(linear),257.29,False,
CCCCCC[C@@H](CC(O)=C[C@@H](CC)C(N)=O)C(=O)O,"[""AT{'substrate': 'ema'}"", 'loading: True']",AT(hmal) + KR(B1) + DH,"[""AT{'substrate': 'hexmal'}"", ""KR{'type': 'B1'}"", 'DH{}', 'ER{}', 'loading: False']",TE(linear),285.38,False,
C=CC[C@@H](C(=O)O)[C@H](O)C(O)=C[C@@H](CC)C(N)=O,"[""AT{'substrate': 'ema'}"", 'loading: True']",AT(hmal) + KR(B1) + DH,"[""AT{'substrate': 'allylmal'}"", ""KR{'type': 'B1'}"", 'loading: False']",TE(linear),257.29,False,
C=CC[C@H](C(=O)O)[C@@H](O)C(O)=C[C@@H](CC)C(N)=O,"[""AT{'substrate': 'ema'}"", 'loading: True']",AT(hmal) + KR(B1) + DH,"[""AT{'substrate': 'allylmal'}"", ""KR{'type': 'A2'}"", 'loading: False']",TE(linear),257.29,False,
CCCC[C@H](C(=O)O)[C@H](O)C(O)=C[C@@H](CC)C(N)=O,"[""AT{'substrate': 'ema'}"", 'loading: True']",AT(hmal) + KR(B1) + DH,"[""AT{'substrate': 'butmal'}"", ""KR{'type': 'B2'}"", 'loading: False']",TE(linear),273.33,False,
CCCC[C@H](C(=O)O)[C@@H](O)C(O)=C[C@@H](CC)C(N)=O,"[""AT{'substrate': 'ema'}"", 'loading: True']",AT(hmal) + KR(B1) + DH,"[""AT{'substrate': 'butmal'}"", ""KR{'type': 'A2'}"", 'loading: False']",TE(linear),273.33,False,
CC[C@H](C=C(O)C(=O)[C@@H](C(=O)O)C(C)C)C(N)=O,"[""AT{'substrate': 'ema'}"", 'loading: True']",AT(hmal) + KR(B1) + DH,"[""AT{'substrate': 'D-isobutmal'}"", 'loading: False']",TE(linear),257.29,False,
CC[C@H](C=C1C=C(CCCCc2c[nH]c(Cl)c2Cl)C(=O)O1)C(N)=O,"[""AT{'substrate': 'ema'}"", 'loading: True']",AT(hmal) + KR(B1) + DH,"[""AT{'substrate': 'DCP'}"", ""KR{'type': 'B1'}"", 'DH{}', 'loading: False']","TE(cyclic, ring=1)",371.26,True,['pattern_2: CCC=C1C=CC(=O)O1']
C=CC[C@@H](CC(O)=C[C@@H](CC)C(N)=O)C(=O)O,"[""AT{'substrate': 'ema'}"", 'loading: True']",AT(hmal) + KR(B1) + DH,"[""AT{'substrate': 'allylmal'}"", ""KR{'type': 'B1'}"", 'DH{}', 'ER{}', 'loading: False']",TE(linear),241.29,False,
CC[C@H](C=C1OC(=O)[C@H](OC)[C@H]1O)C(N)=O,"[""AT{'substrate': 'ema'}"", 'loading: True']",AT(hmal) + KR(B1) + DH,"[""AT{'substrate': 'mxmal'}"", ""KR{'type': 'A1'}"", 'loading: False']","TE(cyclic, ring=4)",229.23,True,['pattern_1: CCC=C1C[C@H](OC)C(=O)O1']
C=CC[C@H](C(=O)O)C(=O)C(O)=C[C@@H](CC)C(N)=O,"[""AT{'substrate': 'ema'}"", 'loading: True']",AT(hmal) + KR(B1) + DH,"[""AT{'substrate': 'allylmal'}"", ""KR{'type': 'C2'}"", 'loading: False']",TE(linear),255.27,False,
C=CC[C@@H](C(=O)O)C(=O)C(O)=C[C@@H](CC)C(N)=O,"[""AT{'substrate': 'ema'}"", 'loading: True']",AT(hmal) + KR(B1) + DH,"[""AT{'substrate': 'allylmal'}"", ""KR{'type': 'C1'}"", 'loading: False']",TE(linear),255.27,False,
CC[C@H](C=C(O)[C@@H](O)[C@@H](CCCCc1c[nH]c(Cl)c1Cl)C(=O)O)C(N)=O,"[""AT{'substrate': 'ema'}"", 'loading: True']",AT(hmal) + KR(B1) + DH,"[""AT{'substrate': 'DCP'}"", ""KR{'type': 'B1'}"", 'loading: False']",TE(linear),407.29,False,
CC[C@H](C=C(O)[C@H](O)[C@H](C(=O)O)C(C)C)C(N)=O,"[""AT{'substrate': 'ema'}"", 'loading: True']",AT(hmal) + KR(B1) + DH,"[""AT{'substrate': 'isobutmal'}"", ""KR{'type': 'A1'}"", 'loading: False']",TE(linear),259.3,False,
CCCCCC[C@H](C(=O)O)C(=O)C(O)=C[C@@H](CC)C(N)=O,"[""AT{'substrate': 'ema'}"", 'loading: True']",AT(hmal) + KR(B1) + DH,"[""AT{'substrate': 'hexmal'}"", 'loading: False']",TE(linear),299.37,False,
CCC1=CC(=C[C@@H](CC)C(N)=O)OC1=O,"[""AT{'substrate': 'ema'}"", 'loading: True']",AT(hmal) + KR(B1) + DH,"[""AT{'substrate': 'emal'}"", ""KR{'type': 'B1'}"", 'DH{}', 'loading: False']","TE(cyclic, ring=1)",209.24,True,['pattern_2: CCC=C1C=CC(=O)O1']
CCCC[C@@H](C(=O)O)[C@@H](O)C(O)=C[C@@H](CC)C(N)=O,"[""AT{'substrate': 'ema'}"", 'loading: True']",AT(hmal) + KR(B1) + DH,"[""AT{'substrate': 'butmal'}"", ""KR{'type': 'A1'}"", 'loading: False']",TE(linear),273.33,False,
CCCCCC[C@H](C(=O)O)[C@H](O)C(O)=C[C@@H](CC)C(N)=O,"[""AT{'substrate': 'ema'}"", 'loading: True']",AT(hmal) + KR(B1) + DH,"[""AT{'substrate': 'hexmal'}"", ""KR{'type': 'B2'}"", 'loading: False']",TE(linear),301.38,False,
CCCCCC[C@H](C(=O)O)[C@@H](O)C(O)=C[C@@H](CC)C(N)=O,"[""AT{'substrate': 'ema'}"", 'loading: True']",AT(hmal) + KR(B1) + DH,"[""AT{'substrate': 'hexmal'}"", ""KR{'type': 'A2'}"", 'loading: False']",TE(linear),301.38,False,
CC[C@H](C=C1OC(=O)[C@@H](OC)[C@H]1O)C(N)=O,"[""AT{'substrate': 'ema'}"", 'loading: True']",AT(hmal) + KR(B1) + DH,"[""AT{'substrate': 'mxmal'}"", ""KR{'type': 'A2'}"", 'loading: False']","TE(cyclic, ring=4)",229.23,True,['pattern_1: CCC=C1C[C@H](OC)C(=O)O1']
CC[C@H](C=C(O)[C@@H](O)[C@H](C(=O)O)C(C)C)C(N)=O,"[""AT{'substrate': 'ema'}"", 'loading: True']",AT(hmal) + KR(B1) + DH,"[""AT{'substrate': 'isobutmal'}"", ""KR{'type': 'B1'}"", 'loading: False']",TE(linear),259.3,False,
CCCC[C@@H](C(=O)O)[C@H](O)C(O)=C[C@@H](CC)C(N)=O,"[""AT{'substrate': 'ema'}"", 'loading: True']",AT(hmal) + KR(B1) + DH,"[""AT{'substrate': 'butmal'}"", ""KR{'type': 'B1'}"", 'loading: False']",TE(linear),273.33,False,
CC[C@H](C=C(O)C(=O)[C@H](CCCCc1c[nH]c(Cl)c1Cl)C(=O)O)C(N)=O,"[""AT{'substrate': 'ema'}"", 'loading: True']",AT(hmal) + KR(B1) + DH,"[""AT{'substrate': 'DCP'}"", ""KR{'type': 'C2'}"", 'loading: False']",TE(linear),405.28,False,
CC[C@H](C=C(O)C(=O)[C@@H](CCCCc1c[nH]c(Cl)c1Cl)C(=O)O)C(N)=O,"[""AT{'substrate': 'ema'}"", 'loading: True']",AT(hmal) + KR(B1) + DH,"[""AT{'substrate': 'DCP'}"", ""KR{'type': 'C1'}"", 'loading: False']",TE(linear),405.28,False,
CC[C@H](C=C(O)[C@@H](O)[C@H](C)C(=O)O)C(N)=O,"[""AT{'substrate': 'ema'}"", 'loading: True']",AT(hmal) + KR(B1) + DH,"[""AT{'substrate': 'Methylmalonyl-CoA'}"", ""KR{'type': 'B2'}"", 'loading: False']",TE(linear),231.25,False,
CC[C@H](C=C(O)[C@H](O)[C@H](C)C(=O)O)C(N)=O,"[""AT{'substrate': 'ema'}"", 'loading: True']",AT(hmal) + KR(B1) + DH,"[""AT{'substrate': 'Methylmalonyl-CoA'}"", ""KR{'type': 'A2'}"", 'loading: False']",TE(linear),231.25,False,
CCCCCC[C@@H](C(=O)O)[C@@H](O)C(O)=C[C@@H](CC)C(N)=O,"[""AT{'substrate': 'ema'}"", 'loading: True']",AT(hmal) + KR(B1) + DH,"[""AT{'substrate': 'hexmal'}"", ""KR{'type': 'A1'}"", 'loading: False']",TE(linear),301.38,False,
CC[C@H](C=C(O)C[C@H](O)C(=O)O)C(N)=O,"[""AT{'substrate': 'ema'}"", 'loading: True']",AT(hmal) + KR(B1) + DH,"[""AT{'substrate': 'hmal'}"", ""KR{'type': 'B1'}"", 'DH{}', 'ER{}', 'loading: False']",TE(linear),217.22,False,
CCCCC1=CC(=C[C@@H](CC)C(N)=O)OC1=O,"[""AT{'substrate': 'ema'}"", 'loading: True']",AT(hmal) + KR(B1) + DH,"[""AT{'substrate': 'butmal'}"", ""KR{'type': 'B1'}"", 'DH{}', 'loading: False']","TE(cyclic, ring=1)",237.3,True,['pattern_2: CCC=C1C=CC(=O)O1']
CC[C@H](C=C(O)[C@@H](O)[C@@H](O)C(=O)O)C(N)=O,"[""AT{'substrate': 'ema'}"", 'loading: True']",AT(hmal) + KR(B1) + DH,"[""AT{'substrate': 'hmal'}"", ""KR{'type': 'B1'}"", 'loading: False']",TE(linear),233.22,False,
CC[C@H](C=C(O)[C@@H](O)[C@@H](CC)C(=O)O)C(N)=O,"[""AT{'substrate': 'ema'}"", 'loading: True']",AT(hmal) + KR(B1) + DH,"[""AT{'substrate': 'emal'}"", ""KR{'type': 'B1'}"", 'loading: False']",TE(linear),245.27,False,
CCCC[C@H](C(=O)O)C(=O)C(O)=C[C@@H](CC)C(N)=O,"[""AT{'substrate': 'ema'}"", 'loading: True']",AT(hmal) + KR(B1) + DH,"[""AT{'substrate': 'butmal'}"", ""KR{'type': 'C2'}"", 'loading: False']",TE(linear),271.31,False,
CCCC[C@@H](C(=O)O)C(=O)C(O)=C[C@@H](CC)C(N)=O,"[""AT{'substrate': 'ema'}"", 'loading: True']",AT(hmal) + KR(B1) + DH,"[""AT{'substrate': 'butmal'}"", ""KR{'type': 'C1'}"", 'loading: False']",TE(linear),271.31,False,
CC[C@H](C=C1C=C(C(C)C)C(=O)O1)C(N)=O,"[""AT{'substrate': 'ema'}"", 'loading: True']",AT(hmal) + KR(B1) + DH,"[""AT{'substrate': 'isobutmal'}"", ""KR{'type': 'B1'}"", 'DH{}', 'loading: False']","TE(cyclic, ring=1)",223.27,True,['pattern_2: CCC=C1C=CC(=O)O1']
CCCCCC[C@@H](C(=O)O)[C@H](O)C(O)=C[C@@H](CC)C(N)=O,"[""AT{'substrate': 'ema'}"", 'loading: True']",AT(hmal) + KR(B1) + DH,"[""AT{'substrate': 'hexmal'}"", ""KR{'type': 'B1'}"", 'loading: False']",TE(linear),301.38,False,
CC[C@H](C=C1C=C(OC)C(=O)O1)C(N)=O,"[""AT{'substrate': 'ema'}"", 'loading: True']",AT(hmal) + KR(B1) + DH,"[""AT{'substrate': 'mxmal'}"", ""KR{'type': 'B1'}"", 'DH{}', 'loading: False']","TE(cyclic, ring=1)",211.22,True,['pattern_2: CCC=C1C=CC(=O)O1']
CC[C@H](C=C(O)[C@H](O)[C@@H](C)C(=O)O)C(N)=O,"[""AT{'substrate': 'ema'}"", 'loading: True']",AT(hmal) + KR(B1) + DH,"[""AT{'substrate': 'Methylmalonyl-CoA'}"", ""KR{'type': 'A1'}"", 'loading: False']",TE(linear),231.25,False,
CC[C@H](C=C(O)C(=O)[C@H](O)C(=O)O)C(N)=O,"[""AT{'substrate': 'ema'}"", 'loading: True']",AT(hmal) + KR(B1) + DH,"[""AT{'substrate': 'hmal'}"", ""KR{'type': 'C2'}"", 'loading: False']",TE(linear),231.2,False,
CC[C@H](C=C(O)C(=O)[C@@H](O)C(=O)O)C(N)=O,"[""AT{'substrate': 'ema'}"", 'loading: True']",AT(hmal) + KR(B1) + DH,"[""AT{'substrate': 'hmal'}"", ""KR{'type': 'C1'}"", 'loading: False']",TE(linear),231.2,False,
CC[C@H](C=C(O)C(=O)C(O)C(=O)O)C(N)=O,"[""AT{'substrate': 'ema'}"", 'loading: True']",AT(hmal) + KR(B1) + DH,"[""AT{'substrate': 'hmal'}"", 'loading: False']",TE(linear),231.2,False,
CCCC[C@@H](CC(O)=C[C@@H](CC)C(N)=O)C(=O)O,"[""AT{'substrate': 'ema'}"", 'loading: True']",AT(hmal) + KR(B1) + DH,"[""AT{'substrate': 'butmal'}"", ""KR{'type': 'B1'}"", 'DH{}', 'ER{}', 'loading: False']",TE(linear),257.33,False,
CC[C@@H](C(=O)O)C(=O)C(O)=C[C@@H](CC)C(N)=O,"[""AT{'substrate': 'ema'}"", 'loading: True']",AT(hmal) + KR(B1) + DH,"[""AT{'substrate': 'emal'}"", ""KR{'type': 'C1'}"", 'loading: False']",TE(linear),243.26,False,
CC[C@H](C=C(O)[C@@H](O)CC(=O)O)C(N)=O,"[""AT{'substrate': 'ema'}"", 'loading: True']",AT(hmal) + KR(B1) + DH,"[""AT{'substrate': 'Malonyl-CoA'}"", ""KR{'type': 'B'}"", 'loading: False']",TE(linear),217.22,False,
CC[C@@H](CC(O)=C[C@@H](CC)C(N)=O)C(=O)O,"[""AT{'substrate': 'ema'}"", 'loading: True']",AT(hmal) + KR(B1) + DH,"[""AT{'substrate': 'emal'}"", ""KR{'type': 'B1'}"", 'DH{}', 'ER{}', 'loading: False']",TE(linear),229.28,False,
CCCCCC[C@@H](C(=O)O)C(=O)C(O)=C[C@@H](CC)C(N)=O,"[""AT{'substrate': 'ema'}"", 'loading: True']",AT(hmal) + KR(B1) + DH,"[""AT{'substrate': 'hexmal'}"", ""KR{'type': 'C1'}"", 'loading: False']",TE(linear),299.37,False,
CC[C@H](C=C(O)C[C@H](C)C(=O)O)C(N)=O,"[""AT{'substrate': 'ema'}"", 'loading: True']",AT(hmal) + KR(B1) + DH,"[""AT{'substrate': 'Methylmalonyl-CoA'}"", ""KR{'type': 'B1'}"", 'DH{}', 'ER{}', 'loading: False']",TE(linear),215.25,False,
CC[C@H](C=C(O)[C@@H](O)[C@H](CCCCc1c[nH]c(Cl)c1Cl)C(=O)O)C(N)=O,"[""AT{'substrate': 'ema'}"", 'loading: True']",AT(hmal) + KR(B1) + DH,"[""AT{'substrate': 'DCP'}"", ""KR{'type': 'B2'}"", 'loading: False']",TE(linear),407.29,False,
CC[C@H](C=C(O)[C@H](O)[C@H](CCCCc1c[nH]c(Cl)c1Cl)C(=O)O)C(N)=O,"[""AT{'substrate': 'ema'}"", 'loading: True']",AT(hmal) + KR(B1) + DH,"[""AT{'substrate': 'DCP'}"", ""KR{'type': 'A2'}"", 'loading: False']",TE(linear),407.29,False,
CC[C@H](C=C(O)CCC(=O)O)C(N)=O,"[""AT{'substrate': 'ema'}"", 'loading: True']",AT(hmal) + KR(B1) + DH,"[""AT{'substrate': 'Malonyl-CoA'}"", ""KR{'type': 'B'}"", 'DH{}', 'ER{}', 'loading: False']",TE(linear),201.22,False,
CC[C@H](C=C1C=C(O)C(=O)O1)C(N)=O,"[""AT{'substrate': 'ema'}"", 'loading: True']",AT(hmal) + KR(B1) + DH,"[""AT{'substrate': 'hmal'}"", ""KR{'type': 'B1'}"", 'DH{}', 'loading: False']","TE(cyclic, ring=1)",197.19,True,['pattern_2: CCC=C1C=CC(=O)O1']
CC[C@H](C=C1OC(=O)[C@H](OC)[C@@H]1O)C(N)=O,"[""AT{'substrate': 'ema'}"", 'loading: True']",AT(hmal) + KR(B1) + DH,"[""AT{'substrate': 'mxmal'}"", ""KR{'type': 'B1'}"", 'loading: False']","TE(cyclic, ring=4)",229.23,True,['pattern_1: CCC=C1C[C@H](OC)C(=O)O1']
CC[C@H](C=C(O)C(=O)CC(=O)O)C(N)=O,"[""AT{'substrate': 'ema'}"", 'loading: True']",AT(hmal) + KR(B1) + DH,"[""AT{'substrate': 'Malonyl-CoA'}"", 'loading: False']",TE(linear),215.2,False,
CC[C@H](C=C(O)C(=O)C(CCCCc1c[nH]c(Cl)c1Cl)C(=O)O)C(N)=O,"[""AT{'substrate': 'ema'}"", 'loading: True']",AT(hmal) + KR(B1) + DH,"[""AT{'substrate': 'DCP'}"", 'loading: False']",TE(linear),405.28,False,
C[C@H](C=C(O)[C@H](O)[C@@H](CCCCc1c[nH]c(Cl)c1Cl)C(=O)O)CNC(=O)[C@H](C)N,"[""AT{'substrate': '3measp'}"", 'loading: True']",AT(hmal) + KR(B1) + DH,"[""AT{'substrate': 'DCP'}"", ""KR{'type': 'A1'}"", 'loading: False']",TE(linear),450.36,False,
CC(C)[C@H](C(=O)O)[C@H](O)C(O)=C[C@@H](C)CNC(=O)[C@H](C)N,"[""AT{'substrate': '3measp'}"", 'loading: True']",AT(hmal) + KR(B1) + DH,"[""AT{'substrate': 'D-isobutmal'}"", ""KR{'type': 'B2'}"", 'loading: False']",TE(linear),302.37,False,
CC(C)[C@H](C(=O)O)[C@@H](O)C(O)=C[C@@H](C)CNC(=O)[C@H](C)N,"[""AT{'substrate': '3measp'}"", 'loading: True']",AT(hmal) + KR(B1) + DH,"[""AT{'substrate': 'D-isobutmal'}"", ""KR{'type': 'A2'}"", 'loading: False']",TE(linear),302.37,False,
CO[C@H]1CC(=C[C@@H](C)CNC(=O)[C@H](C)N)OC1=O,"[""AT{'substrate': '3measp'}"", 'loading: True']",AT(hmal) + KR(B1) + DH,"[""AT{'substrate': 'mxmal'}"", ""KR{'type': 'B1'}"", 'DH{}', 'ER{}', 'loading: False']","TE(cyclic, ring=5)",256.3,True,['pattern_1: CCC=C1C[C@H](OC)C(=O)O1']
C[C@H](C=C(O)[C@@H](O)[C@@H](C)C(=O)O)CNC(=O)[C@H](C)N,"[""AT{'substrate': '3measp'}"", 'loading: True']",AT(hmal) + KR(B1) + DH,"[""AT{'substrate': 'Methylmalonyl-CoA'}"", ""KR{'type': 'B1'}"", 'loading: False']",TE(linear),274.32,False,
C[C@H](C=C1C=CC(=O)O1)CNC(=O)[C@H](C)N,"[""AT{'substrate': '3measp'}"", 'loading: True']",AT(hmal) + KR(B1) + DH,"[""AT{'substrate': 'Malonyl-CoA'}"", ""KR{'type': 'B'}"", 'DH{}', 'loading: False']","TE(cyclic, ring=4)",224.26,True,['pattern_2: CCC=C1C=CC(=O)O1']
C[C@H](C=C(O)[C@H](O)[C@H](O)C(=O)O)CNC(=O)[C@H](C)N,"[""AT{'substrate': '3measp'}"", 'loading: True']",AT(hmal) + KR(B1) + DH,"[""AT{'substrate': 'hmal'}"", ""KR{'type': 'A2'}"", 'loading: False']",TE(linear),276.29,False,
C=CC[C@H](C(=O)O)[C@H](O)C(O)=C[C@@H](C)CNC(=O)[C@H](C)N,"[""AT{'substrate': '3measp'}"", 'loading: True']",AT(hmal) + KR(B1) + DH,"[""AT{'substrate': 'allylmal'}"", ""KR{'type': 'B2'}"", 'loading: False']",TE(linear),300.36,False,
CC[C@H](C(=O)O)[C@H](O)C(O)=C[C@@H](C)CNC(=O)[C@H](C)N,"[""AT{'substrate': '3measp'}"", 'loading: True']",AT(hmal) + KR(B1) + DH,"[""AT{'substrate': 'emal'}"", ""KR{'type': 'B2'}"", 'loading: False']",TE(linear),288.34,False,
CC[C@H](C(=O)O)[C@@H](O)C(O)=C[C@@H](C)CNC(=O)[C@H](C)N,"[""AT{'substrate': '3measp'}"", 'loading: True']",AT(hmal) + KR(B1) + DH,"[""AT{'substrate': 'emal'}"", ""KR{'type': 'A2'}"", 'loading: False']",TE(linear),288.34,False,
CC(C)[C@@H](CC(O)=C[C@@H](C)CNC(=O)[C@H](C)N)C(=O)O,"[""AT{'substrate': '3measp'}"", 'loading: True']",AT(hmal) + KR(B1) + DH,"[""AT{'substrate': 'isobutmal'}"", ""KR{'type': 'B1'}"", 'DH{}', 'ER{}', 'loading: False']",TE(linear),286.37,False,
C[C@H](C=C(O)C[C@H](CCCCc1c[nH]c(Cl)c1Cl)C(=O)O)CNC(=O)[C@H](C)N,"[""AT{'substrate': '3measp'}"", 'loading: True']",AT(hmal) + KR(B1) + DH,"[""AT{'substrate': 'DCP'}"", ""KR{'type': 'B1'}"", 'DH{}', 'ER{}', 'loading: False']",TE(linear),434.36,False,
C=CCC1=CC(=C[C@@H](C)CNC(=O)[C@H](C)N)OC1=O,"[""AT{'substrate': '3measp'}"", 'loading: True']",AT(hmal) + KR(B1) + DH,"[""AT{'substrate': 'allylmal'}"", ""KR{'type': 'B1'}"", 'DH{}', 'loading: False']","TE(cyclic, ring=4)",264.32,True,['pattern_2: CCC=C1C=CC(=O)O1']
CC1=CC(=C[C@@H](C)CNC(=O)[C@H](C)N)OC1=O,"[""AT{'substrate': '3measp'}"", 'loading: True']",AT(hmal) + KR(B1) + DH,"[""AT{'substrate': 'Methylmalonyl-CoA'}"", ""KR{'type': 'B1'}"", 'DH{}', 'loading: False']","TE(cyclic, ring=4)",238.29,True,['pattern_2: CCC=C1C=CC(=O)O1']
CO[C@@H]1C(=O)OC(=C[C@@H](C)CNC(=O)[C@H](C)N)C1=O,"[""AT{'substrate': '3measp'}"", 'loading: True']",AT(hmal) + KR(B1) + DH,"[""AT{'substrate': 'mxmal'}"", ""KR{'type': 'C2'}"", 'loading: False']","TE(cyclic, ring=5)",270.28,True,['pattern_1: CCC=C1C[C@H](OC)C(=O)O1']
CO[C@H]1C(=O)OC(=C[C@@H](C)CNC(=O)[C@H](C)N)C1=O,"[""AT{'substrate': '3measp'}"", 'loading: True']",AT(hmal) + KR(B1) + DH,"[""AT{'substrate': 'mxmal'}"", ""KR{'type': 'C1'}"", 'loading: False']","TE(cyclic, ring=5)",270.28,True,['pattern_1: CCC=C1C[C@H](OC)C(=O)O1']
C[C@H](C=C(O)[C@@H](O)[C@H](O)C(=O)O)CNC(=O)[C@H](C)N,"[""AT{'substrate': '3measp'}"", 'loading: True']",AT(hmal) + KR(B1) + DH,"[""AT{'substrate': 'hmal'}"", ""KR{'type': 'B2'}"", 'loading: False']",TE(linear),276.29,False,
C=CC[C@@H](C(=O)O)[C@@H](O)C(O)=C[C@@H](C)CNC(=O)[C@H](C)N,"[""AT{'substrate': '3measp'}"", 'loading: True']",AT(hmal) + KR(B1) + DH,"[""AT{'substrate': 'allylmal'}"", ""KR{'type': 'A1'}"", 'loading: False']",TE(linear),300.36,False,
C[C@H](C(=O)O)C(=O)C(O)=C[C@@H](C)CNC(=O)[C@H](C)N,"[""AT{'substrate': '3measp'}"", 'loading: True']",AT(hmal) + KR(B1) + DH,"[""AT{'substrate': 'Methylmalonyl-CoA'}"", ""KR{'type': 'C2'}"", 'loading: False']",TE(linear),272.3,False,
C[C@@H](C(=O)O)C(=O)C(O)=C[C@@H](C)CNC(=O)[C@H](C)N,"[""AT{'substrate': '3measp'}"", 'loading: True']",AT(hmal) + KR(B1) + DH,"[""AT{'substrate': 'Methylmalonyl-CoA'}"", ""KR{'type': 'C1'}"", 'loading: False']",TE(linear),272.3,False,
CC[C@H](C(=O)O)C(=O)C(O)=C[C@@H](C)CNC(=O)[C@H](C)N,"[""AT{'substrate': '3measp'}"", 'loading: True']",AT(hmal) + KR(B1) + DH,"[""AT{'substrate': 'emal'}"", ""KR{'type': 'C2'}"", 'loading: False']",TE(linear),286.33,False,
CC[C@@H](C(=O)O)[C@@H](O)C(O)=C[C@@H](C)CNC(=O)[C@H](C)N,"[""AT{'substrate': '3measp'}"", 'loading: True']",AT(hmal) + KR(B1) + DH,"[""AT{'substrate': 'emal'}"", ""KR{'type': 'A1'}"", 'loading: False']",TE(linear),288.34,False,
C[C@H](C=C(O)[C@H](O)CC(=O)O)CNC(=O)[C@H](C)N,"[""AT{'substrate': '3measp'}"", 'loading: True']",AT(hmal) + KR(B1) + DH,"[""AT{'substrate': 'Malonyl-CoA'}"", ""KR{'type': 'A'}"", 'loading: False']",TE(linear),260.29,False,
CO[C@@H]1C(=O)OC(=C[C@@H](C)CNC(=O)[C@H](C)N)[C@H]1O,"[""AT{'substrate': '3measp'}"", 'loading: True']",AT(hmal) + KR(B1) + DH,"[""AT{'substrate': 'mxmal'}"", ""KR{'type': 'B2'}"", 'loading: False']","TE(cyclic, ring=7)",272.3,True,['pattern_1: CCC=C1C[C@H](OC)C(=O)O1']
C[C@H](C=C(O)[C@H](O)[C@@H](O)C(=O)O)CNC(=O)[C@H](C)N,"[""AT{'substrate': '3measp'}"", 'loading: True']",AT(hmal) + KR(B1) + DH,"[""AT{'substrate': 'hmal'}"", ""KR{'type': 'A1'}"", 'loading: False']",TE(linear),276.29,False,
CCCCCCC1=CC(=C[C@@H](C)CNC(=O)[C@H](C)N)OC1=O,"[""AT{'substrate': '3measp'}"", 'loading: True']",AT(hmal) + KR(B1) + DH,"[""AT{'substrate': 'hexmal'}"", ""KR{'type': 'B1'}"", 'DH{}', 'loading: False']","TE(cyclic, ring=4)",308.42,True,['pattern_2: CCC=C1C=CC(=O)O1']
CC(C)[C@@H](C(=O)O)C(=O)C(O)=C[C@@H](C)CNC(=O)[C@H](C)N,"[""AT{'substrate': '3measp'}"", 'loading: True']",AT(hmal) + KR(B1) + DH,"[""AT{'substrate': 'isobutmal'}"", 'loading: False']",TE(linear),300.36,False,
CCCCCC[C@@H](CC(O)=C[C@@H](C)CNC(=O)[C@H](C)N)C(=O)O,"[""AT{'substrate': '3measp'}"", 'loading: True']",AT(hmal) + KR(B1) + DH,"[""AT{'substrate': 'hexmal'}"", ""KR{'type': 'B1'}"", 'DH{}', 'ER{}', 'loading: False']",TE(linear),328.45,False,
C=CC[C@@H](C(=O)O)[C@H](O)C(O)=C[C@@H](C)CNC(=O)[C@H](C)N,"[""AT{'substrate': '3measp'}"", 'loading: True']",AT(hmal) + KR(B1) + DH,"[""AT{'substrate': 'allylmal'}"", ""KR{'type': 'B1'}"", 'loading: False']",TE(linear),300.36,False,
C=CC[C@H](C(=O)O)[C@@H](O)C(O)=C[C@@H](C)CNC(=O)[C@H](C)N,"[""AT{'substrate': '3measp'}"", 'loading: True']",AT(hmal) + KR(B1) + DH,"[""AT{'substrate': 'allylmal'}"", ""KR{'type': 'A2'}"", 'loading: False']",TE(linear),300.36,False,
CCCC[C@H](C(=O)O)[C@H](O)C(O)=C[C@@H](C)CNC(=O)[C@H](C)N,"[""AT{'substrate': '3measp'}"", 'loading: True']",AT(hmal) + KR(B1) + DH,"[""AT{'substrate': 'butmal'}"", ""KR{'type': 'B2'}"", 'loading: False']",TE(linear),316.4,False,
CCCC[C@H](C(=O)O)[C@@H](O)C(O)=C[C@@H](C)CNC(=O)[C@H](C)N,"[""AT{'substrate': '3measp'}"", 'loading: True']",AT(hmal) + KR(B1) + DH,"[""AT{'substrate': 'butmal'}"", ""KR{'type': 'A2'}"", 'loading: False']",TE(linear),316.4,False,
CC(C)[C@H](C(=O)O)C(=O)C(O)=C[C@@H](C)CNC(=O)[C@H](C)N,"[""AT{'substrate': '3measp'}"", 'loading: True']",AT(hmal) + KR(B1) + DH,"[""AT{'substrate': 'D-isobutmal'}"", 'loading: False']",TE(linear),300.36,False,
C[C@H](C=C1C=C(CCCCc2c[nH]c(Cl)c2Cl)C(=O)O1)CNC(=O)[C@H](C)N,"[""AT{'substrate': '3measp'}"", 'loading: True']",AT(hmal) + KR(B1) + DH,"[""AT{'substrate': 'DCP'}"", ""KR{'type': 'B1'}"", 'DH{}', 'loading: False']","TE(cyclic, ring=4)",414.33,True,['pattern_2: CCC=C1C=CC(=O)O1']
C=CC[C@@H](CC(O)=C[C@@H](C)CNC(=O)[C@H](C)N)C(=O)O,"[""AT{'substrate': '3measp'}"", 'loading: True']",AT(hmal) + KR(B1) + DH,"[""AT{'substrate': 'allylmal'}"", ""KR{'type': 'B1'}"", 'DH{}', 'ER{}', 'loading: False']",TE(linear),284.36,False,
CO[C@H]1C(=O)OC(=C[C@@H](C)CNC(=O)[C@H](C)N)[C@@H]1O,"[""AT{'substrate': '3measp'}"", 'loading: True']",AT(hmal) + KR(B1) + DH,"[""AT{'substrate': 'mxmal'}"", ""KR{'type': 'A1'}"", 'loading: False']","TE(cyclic, ring=7)",272.3,True,['pattern_1: CCC=C1C[C@H](OC)C(=O)O1']
C=CC[C@H](C(=O)O)C(=O)C(O)=C[C@@H](C)CNC(=O)[C@H](C)N,"[""AT{'substrate': '3measp'}"", 'loading: True']",AT(hmal) + KR(B1) + DH,"[""AT{'substrate': 'allylmal'}"", ""KR{'type': 'C2'}"", 'loading: False']",TE(linear),298.34,False,
C=CC[C@@H](C(=O)O)C(=O)C(O)=C[C@@H](C)CNC(=O)[C@H](C)N,"[""AT{'substrate': '3measp'}"", 'loading: True']",AT(hmal) + KR(B1) + DH,"[""AT{'substrate': 'allylmal'}"", ""KR{'type': 'C1'}"", 'loading: False']",TE(linear),298.34,False,
C[C@H](C=C(O)[C@@H](O)[C@@H](CCCCc1c[nH]c(Cl)c1Cl)C(=O)O)CNC(=O)[C@H](C)N,"[""AT{'substrate': '3measp'}"", 'loading: True']",AT(hmal) + KR(B1) + DH,"[""AT{'substrate': 'DCP'}"", ""KR{'type': 'B1'}"", 'loading: False']",TE(linear),450.36,False,
CC(C)[C@@H](C(=O)O)[C@@H](O)C(O)=C[C@@H](C)CNC(=O)[C@H](C)N,"[""AT{'substrate': '3measp'}"", 'loading: True']",AT(hmal) + KR(B1) + DH,"[""AT{'substrate': 'isobutmal'}"", ""KR{'type': 'A1'}"", 'loading: False']",TE(linear),302.37,False,
CCCCCC[C@H](C(=O)O)C(=O)C(O)=C[C@@H](C)CNC(=O)[C@H](C)N,"[""AT{'substrate': '3measp'}"", 'loading: True']",AT(hmal) + KR(B1) + DH,"[""AT{'substrate': 'hexmal'}"", 'loading: False']",TE(linear),342.44,False,
CCC1=CC(=C[C@@H](C)CNC(=O)[C@H](C)N)OC1=O,"[""AT{'substrate': '3measp'}"", 'loading: True']",AT(hmal) + KR(B1) + DH,"[""AT{'substrate': 'emal'}"", ""KR{'type': 'B1'}"", 'DH{}', 'loading: False']","TE(cyclic, ring=4)",252.31,True,['pattern_2: CCC=C1C=CC(=O)O1']
CCCC[C@@H](C(=O)O)[C@@H](O)C(O)=C[C@@H](C)CNC(=O)[C@H](C)N,"[""AT{'substrate': '3measp'}"", 'loading: True']",AT(hmal) + KR(B1) + DH,"[""AT{'substrate': 'butmal'}"", ""KR{'type': 'A1'}"", 'loading: False']",TE(linear),316.4,False,
CCCCCC[C@H](C(=O)O)[C@H](O)C(O)=C[C@@H](C)CNC(=O)[C@H](C)N,"[""AT{'substrate': '3measp'}"", 'loading: True']",AT(hmal) + KR(B1) + DH,"[""AT{'substrate': 'hexmal'}"", ""KR{'type': 'B2'}"", 'loading: False']",TE(linear),344.45,False,
CCCCCC[C@H](C(=O)O)[C@@H](O)C(O)=C[C@@H](C)CNC(=O)[C@H](C)N,"[""AT{'substrate': '3measp'}"", 'loading: True']",AT(hmal) + KR(B1) + DH,"[""AT{'substrate': 'hexmal'}"", ""KR{'type': 'A2'}"", 'loading: False']",TE(linear),344.45,False,
CO[C@@H]1C(=O)OC(=C[C@@H](C)CNC(=O)[C@H](C)N)[C@@H]1O,"[""AT{'substrate': '3measp'}"", 'loading: True']",AT(hmal) + KR(B1) + DH,"[""AT{'substrate': 'mxmal'}"", ""KR{'type': 'A2'}"", 'loading: False']","TE(cyclic, ring=7)",272.3,True,['pattern_1: CCC=C1C[C@H](OC)C(=O)O1']
CC(C)[C@@H](C(=O)O)[C@H](O)C(O)=C[C@@H](C)CNC(=O)[C@H](C)N,"[""AT{'substrate': '3measp'}"", 'loading: True']",AT(hmal) + KR(B1) + DH,"[""AT{'substrate': 'isobutmal'}"", ""KR{'type': 'B1'}"", 'loading: False']",TE(linear),302.37,False,
CCCC[C@@H](C(=O)O)[C@H](O)C(O)=C[C@@H](C)CNC(=O)[C@H](C)N,"[""AT{'substrate': '3measp'}"", 'loading: True']",AT(hmal) + KR(B1) + DH,"[""AT{'substrate': 'butmal'}"", ""KR{'type': 'B1'}"", 'loading: False']",TE(linear),316.4,False,
C[C@H](C=C(O)C(=O)[C@H](CCCCc1c[nH]c(Cl)c1Cl)C(=O)O)CNC(=O)[C@H](C)N,"[""AT{'substrate': '3measp'}"", 'loading: True']",AT(hmal) + KR(B1) + DH,"[""AT{'substrate': 'DCP'}"", ""KR{'type': 'C2'}"", 'loading: False']",TE(linear),448.35,False,
C[C@H](C=C(O)C(=O)[C@@H](CCCCc1c[nH]c(Cl)c1Cl)C(=O)O)CNC(=O)[C@H](C)N,"[""AT{'substrate': '3measp'}"", 'loading: True']",AT(hmal) + KR(B1) + DH,"[""AT{'substrate': 'DCP'}"", ""KR{'type': 'C1'}"", 'loading: False']",TE(linear),448.35,False,
C[C@H](C=C(O)[C@@H](O)[C@H](C)C(=O)O)CNC(=O)[C@H](C)N,"[""AT{'substrate': '3measp'}"", 'loading: True']",AT(hmal) + KR(B1) + DH,"[""AT{'substrate': 'Methylmalonyl-CoA'}"", ""KR{'type': 'B2'}"", 'loading: False']",TE(linear),274.32,False,
C[C@H](C=C(O)[C@H](O)[C@H](C)C(=O)O)CNC(=O)[C@H](C)N,"[""AT{'substrate': '3measp'}"", 'loading: True']",AT(hmal) + KR(B1) + DH,"[""AT{'substrate': 'Methylmalonyl-CoA'}"", ""KR{'type': 'A2'}"", 'loading: False']",TE(linear),274.32,False,
CCCCCC[C@@H](C(=O)O)[C@@H](O)C(O)=C[C@@H](C)CNC(=O)[C@H](C)N,"[""AT{'substrate': '3measp'}"", 'loading: True']",AT(hmal) + KR(B1) + DH,"[""AT{'substrate': 'hexmal'}"", ""KR{'type': 'A1'}"", 'loading: False']",TE(linear),344.45,False,
C[C@H](C=C(O)C[C@H](O)C(=O)O)CNC(=O)[C@H](C)N,"[""AT{'substrate': '3measp'}"", 'loading: True']",AT(hmal) + KR(B1) + DH,"[""AT{'substrate': 'hmal'}"", ""KR{'type': 'B1'}"", 'DH{}', 'ER{}', 'loading: False']",TE(linear),260.29,False,
CCCCC1=CC(=C[C@@H](C)CNC(=O)[C@H](C)N)OC1=O,"[""AT{'substrate': '3measp'}"", 'loading: True']",AT(hmal) + KR(B1) + DH,"[""AT{'substrate': 'butmal'}"", ""KR{'type': 'B1'}"", 'DH{}', 'loading: False']","TE(cyclic, ring=4)",280.37,True,['pattern_2: CCC=C1C=CC(=O)O1']
C[C@H](C=C(O)[C@@H](O)[C@@H](O)C(=O)O)CNC(=O)[C@H](C)N,"[""AT{'substrate': '3measp'}"", 'loading: True']",AT(hmal) + KR(B1) + DH,"[""AT{'substrate': 'hmal'}"", ""KR{'type': 'B1'}"", 'loading: False']",TE(linear),276.29,False,
CC[C@@H](C(=O)O)[C@H](O)C(O)=C[C@@H](C)CNC(=O)[C@H](C)N,"[""AT{'substrate': '3measp'}"", 'loading: True']",AT(hmal) + KR(B1) + DH,"[""AT{'substrate': 'emal'}"", ""KR{'type': 'B1'}"", 'loading: False']",TE(linear),288.34,False,
CCCC[C@H](C(=O)O)C(=O)C(O)=C[C@@H](C)CNC(=O)[C@H](C)N,"[""AT{'substrate': '3measp'}"", 'loading: True']",AT(hmal) + KR(B1) + DH,"[""AT{'substrate': 'butmal'}"", ""KR{'type': 'C2'}"", 'loading: False']",TE(linear),314.38,False,
CCCC[C@@H](C(=O)O)C(=O)C(O)=C[C@@H](C)CNC(=O)[C@H](C)N,"[""AT{'substrate': '3measp'}"", 'loading: True']",AT(hmal) + KR(B1) + DH,"[""AT{'substrate': 'butmal'}"", ""KR{'type': 'C1'}"", 'loading: False']",TE(linear),314.38,False,
CC(C)C1=CC(=C[C@@H](C)CNC(=O)[C@H](C)N)OC1=O,"[""AT{'substrate': '3measp'}"", 'loading: True']",AT(hmal) + KR(B1) + DH,"[""AT{'substrate': 'isobutmal'}"", ""KR{'type': 'B1'}"", 'DH{}', 'loading: False']","TE(cyclic, ring=4)",266.34,True,['pattern_2: CCC=C1C=CC(=O)O1']
CCCCCC[C@@H](C(=O)O)[C@H](O)C(O)=C[C@@H](C)CNC(=O)[C@H](C)N,"[""AT{'substrate': '3measp'}"", 'loading: True']",AT(hmal) + KR(B1) + DH,"[""AT{'substrate': 'hexmal'}"", ""KR{'type': 'B1'}"", 'loading: False']",TE(linear),344.45,False,
COC1=CC(=C[C@@H](C)CNC(=O)[C@H](C)N)OC1=O,"[""AT{'substrate': '3measp'}"", 'loading: True']",AT(hmal) + KR(B1) + DH,"[""AT{'substrate': 'mxmal'}"", ""KR{'type': 'B1'}"", 'DH{}', 'loading: False']","TE(cyclic, ring=4)",254.29,True,['pattern_2: CCC=C1C=CC(=O)O1']
C[C@H](C=C(O)[C@H](O)[C@@H](C)C(=O)O)CNC(=O)[C@H](C)N,"[""AT{'substrate': '3measp'}"", 'loading: True']",AT(hmal) + KR(B1) + DH,"[""AT{'substrate': 'Methylmalonyl-CoA'}"", ""KR{'type': 'A1'}"", 'loading: False']",TE(linear),274.32,False,
C[C@H](C=C(O)C(=O)[C@H](O)C(=O)O)CNC(=O)[C@H](C)N,"[""AT{'substrate': '3measp'}"", 'loading: True']",AT(hmal) + KR(B1) + DH,"[""AT{'substrate': 'hmal'}"", ""KR{'type': 'C2'}"", 'loading: False']",TE(linear),274.27,False,
C[C@H](C=C(O)C(=O)[C@@H](O)C(=O)O)CNC(=O)[C@H](C)N,"[""AT{'substrate': '3measp'}"", 'loading: True']",AT(hmal) + KR(B1) + DH,"[""AT{'substrate': 'hmal'}"", ""KR{'type': 'C1'}"", 'loading: False']",TE(linear),274.27,False,
C[C@H](C=C(O)C(=O)C(O)C(=O)O)CNC(=O)[C@H](C)N,"[""AT{'substrate': '3measp'}"", 'loading: True']",AT(hmal) + KR(B1) + DH,"[""AT{'substrate': 'hmal'}"", 'loading: False']",TE(linear),274.27,False,
CCCC[C@@H](CC(O)=C[C@@H](C)CNC(=O)[C@H](C)N)C(=O)O,"[""AT{'substrate': '3measp'}"", 'loading: True']",AT(hmal) + KR(B1) + DH,"[""AT{'substrate': 'butmal'}"", ""KR{'type': 'B1'}"", 'DH{}', 'ER{}', 'loading: False']",TE(linear),300.4,False,
CC[C@@H](C(=O)O)C(=O)C(O)=C[C@@H](C)CNC(=O)[C@H](C)N,"[""AT{'substrate': '3measp'}"", 'loading: True']",AT(hmal) + KR(B1) + DH,"[""AT{'substrate': 'emal'}"", ""KR{'type': 'C1'}"", 'loading: False']",TE(linear),286.33,False,
C[C@H](C=C(O)[C@@H](O)CC(=O)O)CNC(=O)[C@H](C)N,"[""AT{'substrate': '3measp'}"", 'loading: True']",AT(hmal) + KR(B1) + DH,"[""AT{'substrate': 'Malonyl-CoA'}"", ""KR{'type': 'B'}"", 'loading: False']",TE(linear),260.29,False,
CC[C@@H](CC(O)=C[C@@H](C)CNC(=O)[C@H](C)N)C(=O)O,"[""AT{'substrate': '3measp'}"", 'loading: True']",AT(hmal) + KR(B1) + DH,"[""AT{'substrate': 'emal'}"", ""KR{'type': 'B1'}"", 'DH{}', 'ER{}', 'loading: False']",TE(linear),272.34,False,
CCCCCC[C@@H](C(=O)O)C(=O)C(O)=C[C@@H](C)CNC(=O)[C@H](C)N,"[""AT{'substrate': '3measp'}"", 'loading: True']",AT(hmal) + KR(B1) + DH,"[""AT{'substrate': 'hexmal'}"", ""KR{'type': 'C1'}"", 'loading: False']",TE(linear),342.44,False,
C[C@H](C=C(O)C[C@H](C)C(=O)O)CNC(=O)[C@H](C)N,"[""AT{'substrate': '3measp'}"", 'loading: True']",AT(hmal) + KR(B1) + DH,"[""AT{'substrate': 'Methylmalonyl-CoA'}"", ""KR{'type': 'B1'}"", 'DH{}', 'ER{}', 'loading: False']",TE(linear),258.32,False,
C[C@H](C=C(O)[C@@H](O)[C@H](CCCCc1c[nH]c(Cl)c1Cl)C(=O)O)CNC(=O)[C@H](C)N,"[""AT{'substrate': '3measp'}"", 'loading: True']",AT(hmal) + KR(B1) + DH,"[""AT{'substrate': 'DCP'}"", ""KR{'type': 'B2'}"", 'loading: False']",TE(linear),450.36,False,
C[C@H](C=C(O)[C@H](O)[C@H](CCCCc1c[nH]c(Cl)c1Cl)C(=O)O)CNC(=O)[C@H](C)N,"[""AT{'substrate': '3measp'}"", 'loading: True']",AT(hmal) + KR(B1) + DH,"[""AT{'substrate': 'DCP'}"", ""KR{'type': 'A2'}"", 'loading: False']",TE(linear),450.36,False,
C[C@H](C=C(O)CCC(=O)O)CNC(=O)[C@H](C)N,"[""AT{'substrate': '3measp'}"", 'loading: True']",AT(hmal) + KR(B1) + DH,"[""AT{'substrate': 'Malonyl-CoA'}"", ""KR{'type': 'B'}"", 'DH{}', 'ER{}', 'loading: False']",TE(linear),244.29,False,
C[C@H](C=C1C=C(O)C(=O)O1)CNC(=O)[C@H](C)N,"[""AT{'substrate': '3measp'}"", 'loading: True']",AT(hmal) + KR(B1) + DH,"[""AT{'substrate': 'hmal'}"", ""KR{'type': 'B1'}"", 'DH{}', 'loading: False']","TE(cyclic, ring=4)",240.26,True,['pattern_2: CCC=C1C=CC(=O)O1']
CO[C@H]1C(=O)OC(=C[C@@H](C)CNC(=O)[C@H](C)N)[C@H]1O,"[""AT{'substrate': '3measp'}"", 'loading: True']",AT(hmal) + KR(B1) + DH,"[""AT{'substrate': 'mxmal'}"", ""KR{'type': 'B1'}"", 'loading: False']","TE(cyclic, ring=7)",272.3,True,['pattern_1: CCC=C1C[C@H](OC)C(=O)O1']
C[C@H](C=C(O)C(=O)CC(=O)O)CNC(=O)[C@H](C)N,"[""AT{'substrate': '3measp'}"", 'loading: True']",AT(hmal) + KR(B1) + DH,"[""AT{'substrate': 'Malonyl-CoA'}"", 'loading: False']",TE(linear),258.27,False,
C[C@H](C=C(O)C(=O)C(CCCCc1c[nH]c(Cl)c1Cl)C(=O)O)CNC(=O)[C@H](C)N,"[""AT{'substrate': '3measp'}"", 'loading: True']",AT(hmal) + KR(B1) + DH,"[""AT{'substrate': 'DCP'}"", 'loading: False']",TE(linear),448.35,False,
