Canonical_SMILES,starter_mod,firstExtension_module,secondExtension_mod,release_mod,Molecular_Weight
CCC=C(O)[C@@H]1OC(=O)[C@H]1C,"[""AT{'substrate': 'Methylmalonyl-CoA'}"", 'loading: True']",AT(hmal) + KR(B1) + DH,"[""AT{'substrate': 'Methylmalonyl-CoA'}"", ""KR{'type': 'A2'}"", 'loading: False']","TE(cyclic, ring=0)",156.18
CCC=C(O)C(=O)[C@H]1OC1=O,"[""AT{'substrate': 'Methylmalonyl-CoA'}"", 'loading: True']",AT(hmal) + KR(B1) + DH,"[""AT{'substrate': 'hmal'}"", ""KR{'type': 'C1'}"", 'loading: False']","TE(cyclic, ring=0)",156.14
CCC=C1OC(=O)CC1=O,"[""AT{'substrate': 'Methylmalonyl-CoA'}"", 'loading: True']",AT(hmal) + KR(B1) + DH,"[""AT{'substrate': 'Malonyl-CoA'}"", 'loading: False']","TE(cyclic, ring=0)",140.14
CCC=C1C[C@H](CC)C(=O)O1,"[""AT{'substrate': 'Methylmalonyl-CoA'}"", 'loading: True']",AT(hmal) + KR(B1) + DH,"[""AT{'substrate': 'emal'}"", ""KR{'type': 'B1'}"", 'DH{}', 'ER{}', 'loading: False']","TE(cyclic, ring=0)",154.21
CCC=C(O)[C@@H]1OC(=O)[C@@H]1C(C)C,"[""AT{'substrate': 'Methylmalonyl-CoA'}"", 'loading: True']",AT(hmal) + KR(B1) + DH,"[""AT{'substrate': 'isobutmal'}"", ""KR{'type': 'A1'}"", 'loading: False']","TE(cyclic, ring=0)",184.23
CCC=C(O)[C@@H]1OC(=O)[C@@H]1OC,"[""AT{'substrate': 'Methylmalonyl-CoA'}"", 'loading: True']",AT(hmal) + KR(B1) + DH,"[""AT{'substrate': 'mxmal'}"", ""KR{'type': 'A1'}"", 'loading: False']","TE(cyclic, ring=1)",172.18
C=CC[C@@H]1C(=O)O[C@@H]1C(O)=CCC,"[""AT{'substrate': 'Methylmalonyl-CoA'}"", 'loading: True']",AT(hmal) + KR(B1) + DH,"[""AT{'substrate': 'allylmal'}"", ""KR{'type': 'B2'}"", 'loading: False']","TE(cyclic, ring=0)",182.22
CCC=C1OC(=O)[C@H](C)C1=O,"[""AT{'substrate': 'Methylmalonyl-CoA'}"", 'loading: True']",AT(hmal) + KR(B1) + DH,"[""AT{'substrate': 'Methylmalonyl-CoA'}"", ""KR{'type': 'C1'}"", 'loading: False']","TE(cyclic, ring=0)",154.16
CCC=C(O)[C@H]1OC(=O)[C@H]1CCCCc1c[nH]c(Cl)c1Cl,"[""AT{'substrate': 'Methylmalonyl-CoA'}"", 'loading: True']",AT(hmal) + KR(B1) + DH,"[""AT{'substrate': 'DCP'}"", ""KR{'type': 'B2'}"", 'loading: False']","TE(cyclic, ring=0)",332.23
CCC=C(O)[C@H]1OC(=O)[C@H]1C(C)C,"[""AT{'substrate': 'Methylmalonyl-CoA'}"", 'loading: True']",AT(hmal) + KR(B1) + DH,"[""AT{'substrate': 'isobutmal'}"", ""KR{'type': 'B2'}"", 'loading: False']","TE(cyclic, ring=0)",184.23
CCC=C(O)[C@@H]1OC(=O)[C@H]1OC,"[""AT{'substrate': 'Methylmalonyl-CoA'}"", 'loading: True']",AT(hmal) + KR(B1) + DH,"[""AT{'substrate': 'mxmal'}"", ""KR{'type': 'A2'}"", 'loading: False']","TE(cyclic, ring=1)",172.18
C=CC[C@@H]1C(=O)O[C@H]1C(O)=CCC,"[""AT{'substrate': 'Methylmalonyl-CoA'}"", 'loading: True']",AT(hmal) + KR(B1) + DH,"[""AT{'substrate': 'allylmal'}"", ""KR{'type': 'A2'}"", 'loading: False']","TE(cyclic, ring=0)",182.22
CCC=C(O)[C@@H]1OC(=O)[C@H]1CCCCc1c[nH]c(Cl)c1Cl,"[""AT{'substrate': 'Methylmalonyl-CoA'}"", 'loading: True']",AT(hmal) + KR(B1) + DH,"[""AT{'substrate': 'DCP'}"", ""KR{'type': 'A2'}"", 'loading: False']","TE(cyclic, ring=0)",332.23
CCC=C1OC(=O)[C@@H](C(C)C)C1=O,"[""AT{'substrate': 'Methylmalonyl-CoA'}"", 'loading: True']",AT(hmal) + KR(B1) + DH,"[""AT{'substrate': 'D-isobutmal'}"", ""KR{'type': 'C2'}"", 'loading: False']","TE(cyclic, ring=0)",182.22
CCC=C(O)[C@@H]1CC(=O)O1,"[""AT{'substrate': 'Methylmalonyl-CoA'}"", 'loading: True']",AT(hmal) + KR(B1) + DH,"[""AT{'substrate': 'Malonyl-CoA'}"", ""KR{'type': 'B'}"", 'loading: False']","TE(cyclic, ring=0)",142.15
CCC=C1OC(=O)[C@@H](OC)C1=O,"[""AT{'substrate': 'Methylmalonyl-CoA'}"", 'loading: True']",AT(hmal) + KR(B1) + DH,"[""AT{'substrate': 'mxmal'}"", ""KR{'type': 'C2'}"", 'loading: False']","TE(cyclic, ring=1)",170.16
CCC=C1OC(=O)[C@H](CC)C1=O,"[""AT{'substrate': 'Methylmalonyl-CoA'}"", 'loading: True']",AT(hmal) + KR(B1) + DH,"[""AT{'substrate': 'emal'}"", ""KR{'type': 'C1'}"", 'loading: False']","TE(cyclic, ring=0)",168.19
CCC=C1OC(=O)C(CCCCc2c[nH]c(Cl)c2Cl)C1=O,"[""AT{'substrate': 'Methylmalonyl-CoA'}"", 'loading: True']",AT(hmal) + KR(B1) + DH,"[""AT{'substrate': 'DCP'}"", 'loading: False']","TE(cyclic, ring=0)",330.21
CCC=C1OC(=O)[C@@H](CCCC)C1=O,"[""AT{'substrate': 'Methylmalonyl-CoA'}"", 'loading: True']",AT(hmal) + KR(B1) + DH,"[""AT{'substrate': 'butmal'}"", 'loading: False']","TE(cyclic, ring=0)",196.25
CCC=C1OC(=O)[C@H](CCCCc2c[nH]c(Cl)c2Cl)C1=O,"[""AT{'substrate': 'Methylmalonyl-CoA'}"", 'loading: True']",AT(hmal) + KR(B1) + DH,"[""AT{'substrate': 'DCP'}"", ""KR{'type': 'C1'}"", 'loading: False']","TE(cyclic, ring=0)",330.21
CCC=C1C[C@H](CCCCCC)C(=O)O1,"[""AT{'substrate': 'Methylmalonyl-CoA'}"", 'loading: True']",AT(hmal) + KR(B1) + DH,"[""AT{'substrate': 'hexmal'}"", ""KR{'type': 'B1'}"", 'DH{}', 'ER{}', 'loading: False']","TE(cyclic, ring=0)",210.32
CCC=C(O)C(=O)[C@@H]1OC1=O,"[""AT{'substrate': 'Methylmalonyl-CoA'}"", 'loading: True']",AT(hmal) + KR(B1) + DH,"[""AT{'substrate': 'hmal'}"", ""KR{'type': 'C2'}"", 'loading: False']","TE(cyclic, ring=0)",156.14
CCC=C(O)[C@@H]1OC(=O)[C@@H]1CCCC,"[""AT{'substrate': 'Methylmalonyl-CoA'}"", 'loading: True']",AT(hmal) + KR(B1) + DH,"[""AT{'substrate': 'butmal'}"", ""KR{'type': 'A1'}"", 'loading: False']","TE(cyclic, ring=0)",198.26
CCC=C1OC(=O)[C@H](C(C)C)C1=O,"[""AT{'substrate': 'Methylmalonyl-CoA'}"", 'loading: True']",AT(hmal) + KR(B1) + DH,"[""AT{'substrate': 'isobutmal'}"", ""KR{'type': 'C1'}"", 'loading: False']","TE(cyclic, ring=0)",182.22
CCC=C1C[C@H](OC)C(=O)O1,"[""AT{'substrate': 'Methylmalonyl-CoA'}"", 'loading: True']",AT(hmal) + KR(B1) + DH,"[""AT{'substrate': 'mxmal'}"", ""KR{'type': 'B1'}"", 'DH{}', 'ER{}', 'loading: False']","TE(cyclic, ring=1)",156.18
CCC=C1C[C@H](CCCCc2c[nH]c(Cl)c2Cl)C(=O)O1,"[""AT{'substrate': 'Methylmalonyl-CoA'}"", 'loading: True']",AT(hmal) + KR(B1) + DH,"[""AT{'substrate': 'DCP'}"", ""KR{'type': 'B1'}"", 'DH{}', 'ER{}', 'loading: False']","TE(cyclic, ring=0)",316.23
CCC=C(O)[C@H]1OC(=O)[C@H]1CCCCCC,"[""AT{'substrate': 'Methylmalonyl-CoA'}"", 'loading: True']",AT(hmal) + KR(B1) + DH,"[""AT{'substrate': 'hexmal'}"", ""KR{'type': 'B2'}"", 'loading: False']","TE(cyclic, ring=0)",226.32
CCC=C(O)[C@H]1OC(=O)[C@H]1CC,"[""AT{'substrate': 'Methylmalonyl-CoA'}"", 'loading: True']",AT(hmal) + KR(B1) + DH,"[""AT{'substrate': 'emal'}"", ""KR{'type': 'B2'}"", 'loading: False']","TE(cyclic, ring=0)",170.21
CCC=C1C[C@H](C)C(=O)O1,"[""AT{'substrate': 'Methylmalonyl-CoA'}"", 'loading: True']",AT(hmal) + KR(B1) + DH,"[""AT{'substrate': 'Methylmalonyl-CoA'}"", ""KR{'type': 'B1'}"", 'DH{}', 'ER{}', 'loading: False']","TE(cyclic, ring=0)",140.18
CCC=C(O)[C@@H]1OC(=O)[C@H]1CCCC,"[""AT{'substrate': 'Methylmalonyl-CoA'}"", 'loading: True']",AT(hmal) + KR(B1) + DH,"[""AT{'substrate': 'butmal'}"", ""KR{'type': 'A2'}"", 'loading: False']","TE(cyclic, ring=0)",198.26
CCC=C(O)[C@@H](O)[C@H]1OC1=O,"[""AT{'substrate': 'Methylmalonyl-CoA'}"", 'loading: True']",AT(hmal) + KR(B1) + DH,"[""AT{'substrate': 'hmal'}"", ""KR{'type': 'B1'}"", 'loading: False']","TE(cyclic, ring=0)",158.15
CCC=C(O)[C@H]1OC(=O)[C@@H]1C(C)C,"[""AT{'substrate': 'Methylmalonyl-CoA'}"", 'loading: True']",AT(hmal) + KR(B1) + DH,"[""AT{'substrate': 'D-isobutmal'}"", ""KR{'type': 'B1'}"", 'loading: False']","TE(cyclic, ring=0)",184.23
CCC=C1C=C(OC)C(=O)O1,"[""AT{'substrate': 'Methylmalonyl-CoA'}"", 'loading: True']",AT(hmal) + KR(B1) + DH,"[""AT{'substrate': 'mxmal'}"", ""KR{'type': 'B1'}"", 'DH{}', 'loading: False']","TE(cyclic, ring=0)",154.16
CCC=C(O)[C@H]1CC(=O)O1,"[""AT{'substrate': 'Methylmalonyl-CoA'}"", 'loading: True']",AT(hmal) + KR(B1) + DH,"[""AT{'substrate': 'Malonyl-CoA'}"", ""KR{'type': 'A'}"", 'loading: False']","TE(cyclic, ring=0)",142.15
CCC=C(O)[C@@H]1OC(=O)[C@H]1CCCCCC,"[""AT{'substrate': 'Methylmalonyl-CoA'}"", 'loading: True']",AT(hmal) + KR(B1) + DH,"[""AT{'substrate': 'hexmal'}"", ""KR{'type': 'A2'}"", 'loading: False']","TE(cyclic, ring=0)",226.32
CCC=C1OC(=O)[C@@H](C)C1=O,"[""AT{'substrate': 'Methylmalonyl-CoA'}"", 'loading: True']",AT(hmal) + KR(B1) + DH,"[""AT{'substrate': 'Methylmalonyl-CoA'}"", 'loading: False']","TE(cyclic, ring=0)",154.16
CCC=C(O)[C@H]1OC(=O)[C@H]1OC,"[""AT{'substrate': 'Methylmalonyl-CoA'}"", 'loading: True']",AT(hmal) + KR(B1) + DH,"[""AT{'substrate': 'mxmal'}"", ""KR{'type': 'B2'}"", 'loading: False']","TE(cyclic, ring=1)",172.18
CCC=C(O)[C@H]1OC(=O)[C@@H]1C,"[""AT{'substrate': 'Methylmalonyl-CoA'}"", 'loading: True']",AT(hmal) + KR(B1) + DH,"[""AT{'substrate': 'Methylmalonyl-CoA'}"", ""KR{'type': 'B1'}"", 'loading: False']","TE(cyclic, ring=0)",156.18
CCC=C1OC(=O)[C@@H](CC)C1=O,"[""AT{'substrate': 'Methylmalonyl-CoA'}"", 'loading: True']",AT(hmal) + KR(B1) + DH,"[""AT{'substrate': 'emal'}"", ""KR{'type': 'C2'}"", 'loading: False']","TE(cyclic, ring=0)",168.19
CCC=C1C=C(CCCCCC)C(=O)O1,"[""AT{'substrate': 'Methylmalonyl-CoA'}"", 'loading: True']",AT(hmal) + KR(B1) + DH,"[""AT{'substrate': 'hexmal'}"", ""KR{'type': 'B1'}"", 'DH{}', 'loading: False']","TE(cyclic, ring=0)",208.3
CCC=C1OC(=O)[C@@H](CCCCCC)C1=O,"[""AT{'substrate': 'Methylmalonyl-CoA'}"", 'loading: True']",AT(hmal) + KR(B1) + DH,"[""AT{'substrate': 'hexmal'}"", 'loading: False']","TE(cyclic, ring=0)",224.3
CCC=C(O)[C@H]1OC(=O)[C@@H]1CC,"[""AT{'substrate': 'Methylmalonyl-CoA'}"", 'loading: True']",AT(hmal) + KR(B1) + DH,"[""AT{'substrate': 'emal'}"", ""KR{'type': 'B1'}"", 'loading: False']","TE(cyclic, ring=0)",170.21
C=CC[C@H]1C(=O)O[C@@H]1C(O)=CCC,"[""AT{'substrate': 'Methylmalonyl-CoA'}"", 'loading: True']",AT(hmal) + KR(B1) + DH,"[""AT{'substrate': 'allylmal'}"", ""KR{'type': 'B1'}"", 'loading: False']","TE(cyclic, ring=0)",182.22
CCC=C1OC(=O)[C@H](OC)C1=O,"[""AT{'substrate': 'Methylmalonyl-CoA'}"", 'loading: True']",AT(hmal) + KR(B1) + DH,"[""AT{'substrate': 'mxmal'}"", ""KR{'type': 'C1'}"", 'loading: False']","TE(cyclic, ring=1)",170.16
C=CC[C@H]1C(=O)OC(=CCC)C1=O,"[""AT{'substrate': 'Methylmalonyl-CoA'}"", 'loading: True']",AT(hmal) + KR(B1) + DH,"[""AT{'substrate': 'allylmal'}"", ""KR{'type': 'C1'}"", 'loading: False']","TE(cyclic, ring=0)",180.2
C=CCC1=CC(=CCC)OC1=O,"[""AT{'substrate': 'Methylmalonyl-CoA'}"", 'loading: True']",AT(hmal) + KR(B1) + DH,"[""AT{'substrate': 'allylmal'}"", ""KR{'type': 'B1'}"", 'DH{}', 'loading: False']","TE(cyclic, ring=0)",164.2
CCC=C1C=C(CCCCc2c[nH]c(Cl)c2Cl)C(=O)O1,"[""AT{'substrate': 'Methylmalonyl-CoA'}"", 'loading: True']",AT(hmal) + KR(B1) + DH,"[""AT{'substrate': 'DCP'}"", ""KR{'type': 'B1'}"", 'DH{}', 'loading: False']","TE(cyclic, ring=0)",314.21
CCC=C(O)[C@H]1OC(=O)[C@@H]1CCCCc1c[nH]c(Cl)c1Cl,"[""AT{'substrate': 'Methylmalonyl-CoA'}"", 'loading: True']",AT(hmal) + KR(B1) + DH,"[""AT{'substrate': 'DCP'}"", ""KR{'type': 'B1'}"", 'loading: False']","TE(cyclic, ring=0)",332.23
CCC=C(O)[C@H]1OC(=O)[C@H]1CCCC,"[""AT{'substrate': 'Methylmalonyl-CoA'}"", 'loading: True']",AT(hmal) + KR(B1) + DH,"[""AT{'substrate': 'butmal'}"", ""KR{'type': 'B2'}"", 'loading: False']","TE(cyclic, ring=0)",198.26
CCC=C(O)[C@H]1OC(=O)[C@@H]1OC,"[""AT{'substrate': 'Methylmalonyl-CoA'}"", 'loading: True']",AT(hmal) + KR(B1) + DH,"[""AT{'substrate': 'mxmal'}"", ""KR{'type': 'B1'}"", 'loading: False']","TE(cyclic, ring=1)",172.18
CCC=C(O)C[C@@H]1OC1=O,"[""AT{'substrate': 'Methylmalonyl-CoA'}"", 'loading: True']",AT(hmal) + KR(B1) + DH,"[""AT{'substrate': 'hmal'}"", ""KR{'type': 'B1'}"", 'DH{}', 'ER{}', 'loading: False']","TE(cyclic, ring=0)",142.15
CCC=C1OC(=O)[C@H](CCCC)C1=O,"[""AT{'substrate': 'Methylmalonyl-CoA'}"", 'loading: True']",AT(hmal) + KR(B1) + DH,"[""AT{'substrate': 'butmal'}"", ""KR{'type': 'C1'}"", 'loading: False']","TE(cyclic, ring=0)",196.25
CCC=C1C[C@H](C(C)C)C(=O)O1,"[""AT{'substrate': 'Methylmalonyl-CoA'}"", 'loading: True']",AT(hmal) + KR(B1) + DH,"[""AT{'substrate': 'D-isobutmal'}"", ""KR{'type': 'B1'}"", 'DH{}', 'ER{}', 'loading: False']","TE(cyclic, ring=0)",168.24
CCC=C1OC(=O)[C@H](CCCCCC)C1=O,"[""AT{'substrate': 'Methylmalonyl-CoA'}"", 'loading: True']",AT(hmal) + KR(B1) + DH,"[""AT{'substrate': 'hexmal'}"", ""KR{'type': 'C1'}"", 'loading: False']","TE(cyclic, ring=0)",224.3
CCC=C(O)[C@@H]1OC(=O)[C@@H]1C,"[""AT{'substrate': 'Methylmalonyl-CoA'}"", 'loading: True']",AT(hmal) + KR(B1) + DH,"[""AT{'substrate': 'Methylmalonyl-CoA'}"", ""KR{'type': 'A1'}"", 'loading: False']","TE(cyclic, ring=0)",156.18
C=CC[C@@H]1C(=O)OC(=CCC)C1=O,"[""AT{'substrate': 'Methylmalonyl-CoA'}"", 'loading: True']",AT(hmal) + KR(B1) + DH,"[""AT{'substrate': 'allylmal'}"", ""KR{'type': 'C2'}"", 'loading: False']","TE(cyclic, ring=0)",180.2
CCC=C(O)[C@H](O)[C@@H]1OC1=O,"[""AT{'substrate': 'Methylmalonyl-CoA'}"", 'loading: True']",AT(hmal) + KR(B1) + DH,"[""AT{'substrate': 'hmal'}"", ""KR{'type': 'A2'}"", 'loading: False']","TE(cyclic, ring=0)",158.15
CCC=C(O)[C@H]1OC(=O)[C@@H]1CCCC,"[""AT{'substrate': 'Methylmalonyl-CoA'}"", 'loading: True']",AT(hmal) + KR(B1) + DH,"[""AT{'substrate': 'butmal'}"", ""KR{'type': 'B1'}"", 'loading: False']","TE(cyclic, ring=0)",198.26
CCC=C1OC(=O)[C@@H](CCCCc2c[nH]c(Cl)c2Cl)C1=O,"[""AT{'substrate': 'Methylmalonyl-CoA'}"", 'loading: True']",AT(hmal) + KR(B1) + DH,"[""AT{'substrate': 'DCP'}"", ""KR{'type': 'C2'}"", 'loading: False']","TE(cyclic, ring=0)",330.21
CCC=C(O)[C@H]1OC(=O)[C@@H]1CCCCCC,"[""AT{'substrate': 'Methylmalonyl-CoA'}"", 'loading: True']",AT(hmal) + KR(B1) + DH,"[""AT{'substrate': 'hexmal'}"", ""KR{'type': 'B1'}"", 'loading: False']","TE(cyclic, ring=0)",226.32
CCC=C(O)C(=O)C1OC1=O,"[""AT{'substrate': 'Methylmalonyl-CoA'}"", 'loading: True']",AT(hmal) + KR(B1) + DH,"[""AT{'substrate': 'hmal'}"", 'loading: False']","TE(cyclic, ring=0)",156.14
CCC=C1CCC(=O)O1,"[""AT{'substrate': 'Methylmalonyl-CoA'}"", 'loading: True']",AT(hmal) + KR(B1) + DH,"[""AT{'substrate': 'Malonyl-CoA'}"", ""KR{'type': 'B'}"", 'DH{}', 'ER{}', 'loading: False']","TE(cyclic, ring=0)",126.15
C=CC[C@H]1C(=O)O[C@H]1C(O)=CCC,"[""AT{'substrate': 'Methylmalonyl-CoA'}"", 'loading: True']",AT(hmal) + KR(B1) + DH,"[""AT{'substrate': 'allylmal'}"", ""KR{'type': 'A1'}"", 'loading: False']","TE(cyclic, ring=0)",182.22
CCC=C(O)[C@@H]1OC(=O)[C@@H]1CCCCc1c[nH]c(Cl)c1Cl,"[""AT{'substrate': 'Methylmalonyl-CoA'}"", 'loading: True']",AT(hmal) + KR(B1) + DH,"[""AT{'substrate': 'DCP'}"", ""KR{'type': 'A1'}"", 'loading: False']","TE(cyclic, ring=0)",332.23
CCC=C1C=CC(=O)O1,"[""AT{'substrate': 'Methylmalonyl-CoA'}"", 'loading: True']",AT(hmal) + KR(B1) + DH,"[""AT{'substrate': 'Malonyl-CoA'}"", ""KR{'type': 'B'}"", 'DH{}', 'loading: False']","TE(cyclic, ring=0)",124.14
CCC=C1C=C(C(C)C)C(=O)O1,"[""AT{'substrate': 'Methylmalonyl-CoA'}"", 'loading: True']",AT(hmal) + KR(B1) + DH,"[""AT{'substrate': 'D-isobutmal'}"", ""KR{'type': 'B1'}"", 'DH{}', 'loading: False']","TE(cyclic, ring=0)",166.22
CCC=C(O)[C@H](O)[C@H]1OC1=O,"[""AT{'substrate': 'Methylmalonyl-CoA'}"", 'loading: True']",AT(hmal) + KR(B1) + DH,"[""AT{'substrate': 'hmal'}"", ""KR{'type': 'A1'}"", 'loading: False']","TE(cyclic, ring=0)",158.15
C=CC[C@H]1CC(=CCC)OC1=O,"[""AT{'substrate': 'Methylmalonyl-CoA'}"", 'loading: True']",AT(hmal) + KR(B1) + DH,"[""AT{'substrate': 'allylmal'}"", ""KR{'type': 'B1'}"", 'DH{}', 'ER{}', 'loading: False']","TE(cyclic, ring=0)",166.22
CCC=C(O)[C@@H]1OC(=O)[C@H]1CC,"[""AT{'substrate': 'Methylmalonyl-CoA'}"", 'loading: True']",AT(hmal) + KR(B1) + DH,"[""AT{'substrate': 'emal'}"", ""KR{'type': 'A2'}"", 'loading: False']","TE(cyclic, ring=0)",170.21
CCC=C1C=C(C)C(=O)O1,"[""AT{'substrate': 'Methylmalonyl-CoA'}"", 'loading: True']",AT(hmal) + KR(B1) + DH,"[""AT{'substrate': 'Methylmalonyl-CoA'}"", ""KR{'type': 'B1'}"", 'DH{}', 'loading: False']","TE(cyclic, ring=0)",138.17
CCC=C(O)[C@@H]1OC(=O)[C@H]1C(C)C,"[""AT{'substrate': 'Methylmalonyl-CoA'}"", 'loading: True']",AT(hmal) + KR(B1) + DH,"[""AT{'substrate': 'isobutmal'}"", ""KR{'type': 'A2'}"", 'loading: False']","TE(cyclic, ring=0)",184.23
CCC=C(O)[C@@H](O)[C@@H]1OC1=O,"[""AT{'substrate': 'Methylmalonyl-CoA'}"", 'loading: True']",AT(hmal) + KR(B1) + DH,"[""AT{'substrate': 'hmal'}"", ""KR{'type': 'B2'}"", 'loading: False']","TE(cyclic, ring=0)",158.15
CCC=C1C=C(CC)C(=O)O1,"[""AT{'substrate': 'Methylmalonyl-CoA'}"", 'loading: True']",AT(hmal) + KR(B1) + DH,"[""AT{'substrate': 'emal'}"", ""KR{'type': 'B1'}"", 'DH{}', 'loading: False']","TE(cyclic, ring=0)",152.19
CCC=C1C=C(CCCC)C(=O)O1,"[""AT{'substrate': 'Methylmalonyl-CoA'}"", 'loading: True']",AT(hmal) + KR(B1) + DH,"[""AT{'substrate': 'butmal'}"", ""KR{'type': 'B1'}"", 'DH{}', 'loading: False']","TE(cyclic, ring=0)",180.25
CCC=C(O)[C@H]1OC(=O)[C@H]1C,"[""AT{'substrate': 'Methylmalonyl-CoA'}"", 'loading: True']",AT(hmal) + KR(B1) + DH,"[""AT{'substrate': 'Methylmalonyl-CoA'}"", ""KR{'type': 'B2'}"", 'loading: False']","TE(cyclic, ring=0)",156.18
CCC=C(O)[C@@H]1OC(=O)[C@@H]1CCCCCC,"[""AT{'substrate': 'Methylmalonyl-CoA'}"", 'loading: True']",AT(hmal) + KR(B1) + DH,"[""AT{'substrate': 'hexmal'}"", ""KR{'type': 'A1'}"", 'loading: False']","TE(cyclic, ring=0)",226.32
CCC=C1C[C@H](CCCC)C(=O)O1,"[""AT{'substrate': 'Methylmalonyl-CoA'}"", 'loading: True']",AT(hmal) + KR(B1) + DH,"[""AT{'substrate': 'butmal'}"", ""KR{'type': 'B1'}"", 'DH{}', 'ER{}', 'loading: False']","TE(cyclic, ring=0)",182.26
CCC=C(O)[C@@H]1OC(=O)[C@@H]1CC,"[""AT{'substrate': 'Methylmalonyl-CoA'}"", 'loading: True']",AT(hmal) + KR(B1) + DH,"[""AT{'substrate': 'emal'}"", ""KR{'type': 'A1'}"", 'loading: False']","TE(cyclic, ring=0)",170.21
CCC=C1C=C(O)C(=O)O1,"[""AT{'substrate': 'Methylmalonyl-CoA'}"", 'loading: True']",AT(hmal) + KR(B1) + DH,"[""AT{'substrate': 'hmal'}"", ""KR{'type': 'B1'}"", 'DH{}', 'loading: False']","TE(cyclic, ring=0)",140.14
CC=C(O)[C@@H]1OC(=O)[C@H]1C,"[""AT{'substrate': 'Malonyl-CoA'}"", 'loading: True']",AT(hmal) + KR(B1) + DH,"[""AT{'substrate': 'Methylmalonyl-CoA'}"", ""KR{'type': 'A2'}"", 'loading: False']","TE(cyclic, ring=0)",142.15
CC=C(O)C(=O)[C@H]1OC1=O,"[""AT{'substrate': 'Malonyl-CoA'}"", 'loading: True']",AT(hmal) + KR(B1) + DH,"[""AT{'substrate': 'hmal'}"", ""KR{'type': 'C1'}"", 'loading: False']","TE(cyclic, ring=0)",142.11
CC=C1OC(=O)CC1=O,"[""AT{'substrate': 'Malonyl-CoA'}"", 'loading: True']",AT(hmal) + KR(B1) + DH,"[""AT{'substrate': 'Malonyl-CoA'}"", 'loading: False']","TE(cyclic, ring=0)",126.11
CC=C1C[C@H](CC)C(=O)O1,"[""AT{'substrate': 'Malonyl-CoA'}"", 'loading: True']",AT(hmal) + KR(B1) + DH,"[""AT{'substrate': 'emal'}"", ""KR{'type': 'B1'}"", 'DH{}', 'ER{}', 'loading: False']","TE(cyclic, ring=0)",140.18
CC=C(O)[C@@H]1OC(=O)[C@@H]1C(C)C,"[""AT{'substrate': 'Malonyl-CoA'}"", 'loading: True']",AT(hmal) + KR(B1) + DH,"[""AT{'substrate': 'isobutmal'}"", ""KR{'type': 'A1'}"", 'loading: False']","TE(cyclic, ring=0)",170.21
CC=C(O)[C@@H]1OC(=O)[C@@H]1OC,"[""AT{'substrate': 'Malonyl-CoA'}"", 'loading: True']",AT(hmal) + KR(B1) + DH,"[""AT{'substrate': 'mxmal'}"", ""KR{'type': 'A1'}"", 'loading: False']","TE(cyclic, ring=1)",158.15
C=CC[C@@H]1C(=O)O[C@@H]1C(O)=CC,"[""AT{'substrate': 'Malonyl-CoA'}"", 'loading: True']",AT(hmal) + KR(B1) + DH,"[""AT{'substrate': 'allylmal'}"", ""KR{'type': 'B2'}"", 'loading: False']","TE(cyclic, ring=0)",168.19
CC=C1OC(=O)[C@H](C)C1=O,"[""AT{'substrate': 'Malonyl-CoA'}"", 'loading: True']",AT(hmal) + KR(B1) + DH,"[""AT{'substrate': 'Methylmalonyl-CoA'}"", ""KR{'type': 'C1'}"", 'loading: False']","TE(cyclic, ring=0)",140.14
CC=C(O)[C@H]1OC(=O)[C@H]1CCCCc1c[nH]c(Cl)c1Cl,"[""AT{'substrate': 'Malonyl-CoA'}"", 'loading: True']",AT(hmal) + KR(B1) + DH,"[""AT{'substrate': 'DCP'}"", ""KR{'type': 'B2'}"", 'loading: False']","TE(cyclic, ring=0)",318.2
CC=C(O)[C@H]1OC(=O)[C@H]1C(C)C,"[""AT{'substrate': 'Malonyl-CoA'}"", 'loading: True']",AT(hmal) + KR(B1) + DH,"[""AT{'substrate': 'isobutmal'}"", ""KR{'type': 'B2'}"", 'loading: False']","TE(cyclic, ring=0)",170.21
CC=C(O)[C@@H]1OC(=O)[C@H]1OC,"[""AT{'substrate': 'Malonyl-CoA'}"", 'loading: True']",AT(hmal) + KR(B1) + DH,"[""AT{'substrate': 'mxmal'}"", ""KR{'type': 'A2'}"", 'loading: False']","TE(cyclic, ring=1)",158.15
C=CC[C@@H]1C(=O)O[C@H]1C(O)=CC,"[""AT{'substrate': 'Malonyl-CoA'}"", 'loading: True']",AT(hmal) + KR(B1) + DH,"[""AT{'substrate': 'allylmal'}"", ""KR{'type': 'A2'}"", 'loading: False']","TE(cyclic, ring=0)",168.19
CC=C(O)[C@@H]1OC(=O)[C@H]1CCCCc1c[nH]c(Cl)c1Cl,"[""AT{'substrate': 'Malonyl-CoA'}"", 'loading: True']",AT(hmal) + KR(B1) + DH,"[""AT{'substrate': 'DCP'}"", ""KR{'type': 'A2'}"", 'loading: False']","TE(cyclic, ring=0)",318.2
CC=C1OC(=O)[C@@H](C(C)C)C1=O,"[""AT{'substrate': 'Malonyl-CoA'}"", 'loading: True']",AT(hmal) + KR(B1) + DH,"[""AT{'substrate': 'D-isobutmal'}"", ""KR{'type': 'C2'}"", 'loading: False']","TE(cyclic, ring=0)",168.19
CC=C(O)[C@@H]1CC(=O)O1,"[""AT{'substrate': 'Malonyl-CoA'}"", 'loading: True']",AT(hmal) + KR(B1) + DH,"[""AT{'substrate': 'Malonyl-CoA'}"", ""KR{'type': 'B'}"", 'loading: False']","TE(cyclic, ring=0)",128.13
CC=C1OC(=O)[C@@H](OC)C1=O,"[""AT{'substrate': 'Malonyl-CoA'}"", 'loading: True']",AT(hmal) + KR(B1) + DH,"[""AT{'substrate': 'mxmal'}"", ""KR{'type': 'C2'}"", 'loading: False']","TE(cyclic, ring=1)",156.14
CC=C1OC(=O)[C@H](CC)C1=O,"[""AT{'substrate': 'Malonyl-CoA'}"", 'loading: True']",AT(hmal) + KR(B1) + DH,"[""AT{'substrate': 'emal'}"", ""KR{'type': 'C1'}"", 'loading: False']","TE(cyclic, ring=0)",154.16
CC=C1OC(=O)C(CCCCc2c[nH]c(Cl)c2Cl)C1=O,"[""AT{'substrate': 'Malonyl-CoA'}"", 'loading: True']",AT(hmal) + KR(B1) + DH,"[""AT{'substrate': 'DCP'}"", 'loading: False']","TE(cyclic, ring=0)",316.18
CC=C1OC(=O)[C@@H](CCCC)C1=O,"[""AT{'substrate': 'Malonyl-CoA'}"", 'loading: True']",AT(hmal) + KR(B1) + DH,"[""AT{'substrate': 'butmal'}"", 'loading: False']","TE(cyclic, ring=0)",182.22
CC=C1OC(=O)[C@H](CCCCc2c[nH]c(Cl)c2Cl)C1=O,"[""AT{'substrate': 'Malonyl-CoA'}"", 'loading: True']",AT(hmal) + KR(B1) + DH,"[""AT{'substrate': 'DCP'}"", ""KR{'type': 'C1'}"", 'loading: False']","TE(cyclic, ring=0)",316.18
CC=C1C[C@H](CCCCCC)C(=O)O1,"[""AT{'substrate': 'Malonyl-CoA'}"", 'loading: True']",AT(hmal) + KR(B1) + DH,"[""AT{'substrate': 'hexmal'}"", ""KR{'type': 'B1'}"", 'DH{}', 'ER{}', 'loading: False']","TE(cyclic, ring=0)",196.29
CC=C(O)C(=O)[C@@H]1OC1=O,"[""AT{'substrate': 'Malonyl-CoA'}"", 'loading: True']",AT(hmal) + KR(B1) + DH,"[""AT{'substrate': 'hmal'}"", ""KR{'type': 'C2'}"", 'loading: False']","TE(cyclic, ring=0)",142.11
CC=C(O)[C@@H]1OC(=O)[C@@H]1CCCC,"[""AT{'substrate': 'Malonyl-CoA'}"", 'loading: True']",AT(hmal) + KR(B1) + DH,"[""AT{'substrate': 'butmal'}"", ""KR{'type': 'A1'}"", 'loading: False']","TE(cyclic, ring=0)",184.23
CC=C1OC(=O)[C@H](C(C)C)C1=O,"[""AT{'substrate': 'Malonyl-CoA'}"", 'loading: True']",AT(hmal) + KR(B1) + DH,"[""AT{'substrate': 'isobutmal'}"", ""KR{'type': 'C1'}"", 'loading: False']","TE(cyclic, ring=0)",168.19
CC=C1C[C@H](OC)C(=O)O1,"[""AT{'substrate': 'Malonyl-CoA'}"", 'loading: True']",AT(hmal) + KR(B1) + DH,"[""AT{'substrate': 'mxmal'}"", ""KR{'type': 'B1'}"", 'DH{}', 'ER{}', 'loading: False']","TE(cyclic, ring=1)",142.15
CC=C1C[C@H](CCCCc2c[nH]c(Cl)c2Cl)C(=O)O1,"[""AT{'substrate': 'Malonyl-CoA'}"", 'loading: True']",AT(hmal) + KR(B1) + DH,"[""AT{'substrate': 'DCP'}"", ""KR{'type': 'B1'}"", 'DH{}', 'ER{}', 'loading: False']","TE(cyclic, ring=0)",302.2
CC=C(O)[C@H]1OC(=O)[C@H]1CCCCCC,"[""AT{'substrate': 'Malonyl-CoA'}"", 'loading: True']",AT(hmal) + KR(B1) + DH,"[""AT{'substrate': 'hexmal'}"", ""KR{'type': 'B2'}"", 'loading: False']","TE(cyclic, ring=0)",212.29
CC=C(O)[C@H]1OC(=O)[C@H]1CC,"[""AT{'substrate': 'Malonyl-CoA'}"", 'loading: True']",AT(hmal) + KR(B1) + DH,"[""AT{'substrate': 'emal'}"", ""KR{'type': 'B2'}"", 'loading: False']","TE(cyclic, ring=0)",156.18
CC=C1C[C@H](C)C(=O)O1,"[""AT{'substrate': 'Malonyl-CoA'}"", 'loading: True']",AT(hmal) + KR(B1) + DH,"[""AT{'substrate': 'Methylmalonyl-CoA'}"", ""KR{'type': 'B1'}"", 'DH{}', 'ER{}', 'loading: False']","TE(cyclic, ring=0)",126.15
CC=C(O)[C@@H]1OC(=O)[C@H]1CCCC,"[""AT{'substrate': 'Malonyl-CoA'}"", 'loading: True']",AT(hmal) + KR(B1) + DH,"[""AT{'substrate': 'butmal'}"", ""KR{'type': 'A2'}"", 'loading: False']","TE(cyclic, ring=0)",184.23
CC=C(O)[C@@H](O)[C@H]1OC1=O,"[""AT{'substrate': 'Malonyl-CoA'}"", 'loading: True']",AT(hmal) + KR(B1) + DH,"[""AT{'substrate': 'hmal'}"", ""KR{'type': 'B1'}"", 'loading: False']","TE(cyclic, ring=0)",144.13
CC=C(O)[C@H]1OC(=O)[C@@H]1C(C)C,"[""AT{'substrate': 'Malonyl-CoA'}"", 'loading: True']",AT(hmal) + KR(B1) + DH,"[""AT{'substrate': 'D-isobutmal'}"", ""KR{'type': 'B1'}"", 'loading: False']","TE(cyclic, ring=0)",170.21
CC=C1C=C(OC)C(=O)O1,"[""AT{'substrate': 'Malonyl-CoA'}"", 'loading: True']",AT(hmal) + KR(B1) + DH,"[""AT{'substrate': 'mxmal'}"", ""KR{'type': 'B1'}"", 'DH{}', 'loading: False']","TE(cyclic, ring=0)",140.14
CC=C(O)[C@H]1CC(=O)O1,"[""AT{'substrate': 'Malonyl-CoA'}"", 'loading: True']",AT(hmal) + KR(B1) + DH,"[""AT{'substrate': 'Malonyl-CoA'}"", ""KR{'type': 'A'}"", 'loading: False']","TE(cyclic, ring=0)",128.13
CC=C(O)[C@@H]1OC(=O)[C@H]1CCCCCC,"[""AT{'substrate': 'Malonyl-CoA'}"", 'loading: True']",AT(hmal) + KR(B1) + DH,"[""AT{'substrate': 'hexmal'}"", ""KR{'type': 'A2'}"", 'loading: False']","TE(cyclic, ring=0)",212.29
CC=C1OC(=O)[C@@H](C)C1=O,"[""AT{'substrate': 'Malonyl-CoA'}"", 'loading: True']",AT(hmal) + KR(B1) + DH,"[""AT{'substrate': 'Methylmalonyl-CoA'}"", 'loading: False']","TE(cyclic, ring=0)",140.14
CC=C(O)[C@H]1OC(=O)[C@H]1OC,"[""AT{'substrate': 'Malonyl-CoA'}"", 'loading: True']",AT(hmal) + KR(B1) + DH,"[""AT{'substrate': 'mxmal'}"", ""KR{'type': 'B2'}"", 'loading: False']","TE(cyclic, ring=1)",158.15
CC=C(O)[C@H]1OC(=O)[C@@H]1C,"[""AT{'substrate': 'Malonyl-CoA'}"", 'loading: True']",AT(hmal) + KR(B1) + DH,"[""AT{'substrate': 'Methylmalonyl-CoA'}"", ""KR{'type': 'B1'}"", 'loading: False']","TE(cyclic, ring=0)",142.15
CC=C1OC(=O)[C@@H](CC)C1=O,"[""AT{'substrate': 'Malonyl-CoA'}"", 'loading: True']",AT(hmal) + KR(B1) + DH,"[""AT{'substrate': 'emal'}"", ""KR{'type': 'C2'}"", 'loading: False']","TE(cyclic, ring=0)",154.16
CC=C1C=C(CCCCCC)C(=O)O1,"[""AT{'substrate': 'Malonyl-CoA'}"", 'loading: True']",AT(hmal) + KR(B1) + DH,"[""AT{'substrate': 'hexmal'}"", ""KR{'type': 'B1'}"", 'DH{}', 'loading: False']","TE(cyclic, ring=0)",194.27
CC=C1OC(=O)[C@@H](CCCCCC)C1=O,"[""AT{'substrate': 'Malonyl-CoA'}"", 'loading: True']",AT(hmal) + KR(B1) + DH,"[""AT{'substrate': 'hexmal'}"", 'loading: False']","TE(cyclic, ring=0)",210.27
CC=C(O)[C@H]1OC(=O)[C@@H]1CC,"[""AT{'substrate': 'Malonyl-CoA'}"", 'loading: True']",AT(hmal) + KR(B1) + DH,"[""AT{'substrate': 'emal'}"", ""KR{'type': 'B1'}"", 'loading: False']","TE(cyclic, ring=0)",156.18
C=CC[C@H]1C(=O)O[C@@H]1C(O)=CC,"[""AT{'substrate': 'Malonyl-CoA'}"", 'loading: True']",AT(hmal) + KR(B1) + DH,"[""AT{'substrate': 'allylmal'}"", ""KR{'type': 'B1'}"", 'loading: False']","TE(cyclic, ring=0)",168.19
CC=C1OC(=O)[C@H](OC)C1=O,"[""AT{'substrate': 'Malonyl-CoA'}"", 'loading: True']",AT(hmal) + KR(B1) + DH,"[""AT{'substrate': 'mxmal'}"", ""KR{'type': 'C1'}"", 'loading: False']","TE(cyclic, ring=1)",156.14
C=CC[C@H]1C(=O)OC(=CC)C1=O,"[""AT{'substrate': 'Malonyl-CoA'}"", 'loading: True']",AT(hmal) + KR(B1) + DH,"[""AT{'substrate': 'allylmal'}"", ""KR{'type': 'C1'}"", 'loading: False']","TE(cyclic, ring=0)",166.18
C=CCC1=CC(=CC)OC1=O,"[""AT{'substrate': 'Malonyl-CoA'}"", 'loading: True']",AT(hmal) + KR(B1) + DH,"[""AT{'substrate': 'allylmal'}"", ""KR{'type': 'B1'}"", 'DH{}', 'loading: False']","TE(cyclic, ring=0)",150.18
CC=C1C=C(CCCCc2c[nH]c(Cl)c2Cl)C(=O)O1,"[""AT{'substrate': 'Malonyl-CoA'}"", 'loading: True']",AT(hmal) + KR(B1) + DH,"[""AT{'substrate': 'DCP'}"", ""KR{'type': 'B1'}"", 'DH{}', 'loading: False']","TE(cyclic, ring=0)",300.19
CC=C(O)[C@H]1OC(=O)[C@@H]1CCCCc1c[nH]c(Cl)c1Cl,"[""AT{'substrate': 'Malonyl-CoA'}"", 'loading: True']",AT(hmal) + KR(B1) + DH,"[""AT{'substrate': 'DCP'}"", ""KR{'type': 'B1'}"", 'loading: False']","TE(cyclic, ring=0)",318.2
CC=C(O)[C@H]1OC(=O)[C@H]1CCCC,"[""AT{'substrate': 'Malonyl-CoA'}"", 'loading: True']",AT(hmal) + KR(B1) + DH,"[""AT{'substrate': 'butmal'}"", ""KR{'type': 'B2'}"", 'loading: False']","TE(cyclic, ring=0)",184.23
CC=C(O)[C@H]1OC(=O)[C@@H]1OC,"[""AT{'substrate': 'Malonyl-CoA'}"", 'loading: True']",AT(hmal) + KR(B1) + DH,"[""AT{'substrate': 'mxmal'}"", ""KR{'type': 'B1'}"", 'loading: False']","TE(cyclic, ring=1)",158.15
CC=C(O)C[C@@H]1OC1=O,"[""AT{'substrate': 'Malonyl-CoA'}"", 'loading: True']",AT(hmal) + KR(B1) + DH,"[""AT{'substrate': 'hmal'}"", ""KR{'type': 'B1'}"", 'DH{}', 'ER{}', 'loading: False']","TE(cyclic, ring=0)",128.13
CC=C1OC(=O)[C@H](CCCC)C1=O,"[""AT{'substrate': 'Malonyl-CoA'}"", 'loading: True']",AT(hmal) + KR(B1) + DH,"[""AT{'substrate': 'butmal'}"", ""KR{'type': 'C1'}"", 'loading: False']","TE(cyclic, ring=0)",182.22
CC=C1C[C@H](C(C)C)C(=O)O1,"[""AT{'substrate': 'Malonyl-CoA'}"", 'loading: True']",AT(hmal) + KR(B1) + DH,"[""AT{'substrate': 'D-isobutmal'}"", ""KR{'type': 'B1'}"", 'DH{}', 'ER{}', 'loading: False']","TE(cyclic, ring=0)",154.21
CC=C1OC(=O)[C@H](CCCCCC)C1=O,"[""AT{'substrate': 'Malonyl-CoA'}"", 'loading: True']",AT(hmal) + KR(B1) + DH,"[""AT{'substrate': 'hexmal'}"", ""KR{'type': 'C1'}"", 'loading: False']","TE(cyclic, ring=0)",210.27
CC=C(O)[C@@H]1OC(=O)[C@@H]1C,"[""AT{'substrate': 'Malonyl-CoA'}"", 'loading: True']",AT(hmal) + KR(B1) + DH,"[""AT{'substrate': 'Methylmalonyl-CoA'}"", ""KR{'type': 'A1'}"", 'loading: False']","TE(cyclic, ring=0)",142.15
C=CC[C@@H]1C(=O)OC(=CC)C1=O,"[""AT{'substrate': 'Malonyl-CoA'}"", 'loading: True']",AT(hmal) + KR(B1) + DH,"[""AT{'substrate': 'allylmal'}"", ""KR{'type': 'C2'}"", 'loading: False']","TE(cyclic, ring=0)",166.18
CC=C(O)[C@H](O)[C@@H]1OC1=O,"[""AT{'substrate': 'Malonyl-CoA'}"", 'loading: True']",AT(hmal) + KR(B1) + DH,"[""AT{'substrate': 'hmal'}"", ""KR{'type': 'A2'}"", 'loading: False']","TE(cyclic, ring=0)",144.13
CC=C(O)[C@H]1OC(=O)[C@@H]1CCCC,"[""AT{'substrate': 'Malonyl-CoA'}"", 'loading: True']",AT(hmal) + KR(B1) + DH,"[""AT{'substrate': 'butmal'}"", ""KR{'type': 'B1'}"", 'loading: False']","TE(cyclic, ring=0)",184.23
CC=C1OC(=O)[C@@H](CCCCc2c[nH]c(Cl)c2Cl)C1=O,"[""AT{'substrate': 'Malonyl-CoA'}"", 'loading: True']",AT(hmal) + KR(B1) + DH,"[""AT{'substrate': 'DCP'}"", ""KR{'type': 'C2'}"", 'loading: False']","TE(cyclic, ring=0)",316.18
CC=C(O)[C@H]1OC(=O)[C@@H]1CCCCCC,"[""AT{'substrate': 'Malonyl-CoA'}"", 'loading: True']",AT(hmal) + KR(B1) + DH,"[""AT{'substrate': 'hexmal'}"", ""KR{'type': 'B1'}"", 'loading: False']","TE(cyclic, ring=0)",212.29
CC=C(O)C(=O)C1OC1=O,"[""AT{'substrate': 'Malonyl-CoA'}"", 'loading: True']",AT(hmal) + KR(B1) + DH,"[""AT{'substrate': 'hmal'}"", 'loading: False']","TE(cyclic, ring=0)",142.11
CC=C1CCC(=O)O1,"[""AT{'substrate': 'Malonyl-CoA'}"", 'loading: True']",AT(hmal) + KR(B1) + DH,"[""AT{'substrate': 'Malonyl-CoA'}"", ""KR{'type': 'B'}"", 'DH{}', 'ER{}', 'loading: False']","TE(cyclic, ring=0)",112.13
C=CC[C@H]1C(=O)O[C@H]1C(O)=CC,"[""AT{'substrate': 'Malonyl-CoA'}"", 'loading: True']",AT(hmal) + KR(B1) + DH,"[""AT{'substrate': 'allylmal'}"", ""KR{'type': 'A1'}"", 'loading: False']","TE(cyclic, ring=0)",168.19
CC=C(O)[C@@H]1OC(=O)[C@@H]1CCCCc1c[nH]c(Cl)c1Cl,"[""AT{'substrate': 'Malonyl-CoA'}"", 'loading: True']",AT(hmal) + KR(B1) + DH,"[""AT{'substrate': 'DCP'}"", ""KR{'type': 'A1'}"", 'loading: False']","TE(cyclic, ring=0)",318.2
CC=C1C=CC(=O)O1,"[""AT{'substrate': 'Malonyl-CoA'}"", 'loading: True']",AT(hmal) + KR(B1) + DH,"[""AT{'substrate': 'Malonyl-CoA'}"", ""KR{'type': 'B'}"", 'DH{}', 'loading: False']","TE(cyclic, ring=0)",110.11
CC=C1C=C(C(C)C)C(=O)O1,"[""AT{'substrate': 'Malonyl-CoA'}"", 'loading: True']",AT(hmal) + KR(B1) + DH,"[""AT{'substrate': 'D-isobutmal'}"", ""KR{'type': 'B1'}"", 'DH{}', 'loading: False']","TE(cyclic, ring=0)",152.19
CC=C(O)[C@H](O)[C@H]1OC1=O,"[""AT{'substrate': 'Malonyl-CoA'}"", 'loading: True']",AT(hmal) + KR(B1) + DH,"[""AT{'substrate': 'hmal'}"", ""KR{'type': 'A1'}"", 'loading: False']","TE(cyclic, ring=0)",144.13
C=CC[C@H]1CC(=CC)OC1=O,"[""AT{'substrate': 'Malonyl-CoA'}"", 'loading: True']",AT(hmal) + KR(B1) + DH,"[""AT{'substrate': 'allylmal'}"", ""KR{'type': 'B1'}"", 'DH{}', 'ER{}', 'loading: False']","TE(cyclic, ring=0)",152.19
CC=C(O)[C@@H]1OC(=O)[C@H]1CC,"[""AT{'substrate': 'Malonyl-CoA'}"", 'loading: True']",AT(hmal) + KR(B1) + DH,"[""AT{'substrate': 'emal'}"", ""KR{'type': 'A2'}"", 'loading: False']","TE(cyclic, ring=0)",156.18
CC=C1C=C(C)C(=O)O1,"[""AT{'substrate': 'Malonyl-CoA'}"", 'loading: True']",AT(hmal) + KR(B1) + DH,"[""AT{'substrate': 'Methylmalonyl-CoA'}"", ""KR{'type': 'B1'}"", 'DH{}', 'loading: False']","TE(cyclic, ring=0)",124.14
CC=C(O)[C@@H]1OC(=O)[C@H]1C(C)C,"[""AT{'substrate': 'Malonyl-CoA'}"", 'loading: True']",AT(hmal) + KR(B1) + DH,"[""AT{'substrate': 'isobutmal'}"", ""KR{'type': 'A2'}"", 'loading: False']","TE(cyclic, ring=0)",170.21
CC=C(O)[C@@H](O)[C@@H]1OC1=O,"[""AT{'substrate': 'Malonyl-CoA'}"", 'loading: True']",AT(hmal) + KR(B1) + DH,"[""AT{'substrate': 'hmal'}"", ""KR{'type': 'B2'}"", 'loading: False']","TE(cyclic, ring=0)",144.13
CC=C1C=C(CC)C(=O)O1,"[""AT{'substrate': 'Malonyl-CoA'}"", 'loading: True']",AT(hmal) + KR(B1) + DH,"[""AT{'substrate': 'emal'}"", ""KR{'type': 'B1'}"", 'DH{}', 'loading: False']","TE(cyclic, ring=0)",138.17
CC=C1C=C(CCCC)C(=O)O1,"[""AT{'substrate': 'Malonyl-CoA'}"", 'loading: True']",AT(hmal) + KR(B1) + DH,"[""AT{'substrate': 'butmal'}"", ""KR{'type': 'B1'}"", 'DH{}', 'loading: False']","TE(cyclic, ring=0)",166.22
CC=C(O)[C@H]1OC(=O)[C@H]1C,"[""AT{'substrate': 'Malonyl-CoA'}"", 'loading: True']",AT(hmal) + KR(B1) + DH,"[""AT{'substrate': 'Methylmalonyl-CoA'}"", ""KR{'type': 'B2'}"", 'loading: False']","TE(cyclic, ring=0)",142.15
CC=C(O)[C@@H]1OC(=O)[C@@H]1CCCCCC,"[""AT{'substrate': 'Malonyl-CoA'}"", 'loading: True']",AT(hmal) + KR(B1) + DH,"[""AT{'substrate': 'hexmal'}"", ""KR{'type': 'A1'}"", 'loading: False']","TE(cyclic, ring=0)",212.29
CC=C1C[C@H](CCCC)C(=O)O1,"[""AT{'substrate': 'Malonyl-CoA'}"", 'loading: True']",AT(hmal) + KR(B1) + DH,"[""AT{'substrate': 'butmal'}"", ""KR{'type': 'B1'}"", 'DH{}', 'ER{}', 'loading: False']","TE(cyclic, ring=0)",168.24
CC=C(O)[C@@H]1OC(=O)[C@@H]1CC,"[""AT{'substrate': 'Malonyl-CoA'}"", 'loading: True']",AT(hmal) + KR(B1) + DH,"[""AT{'substrate': 'emal'}"", ""KR{'type': 'A1'}"", 'loading: False']","TE(cyclic, ring=0)",156.18
CC=C1C=C(O)C(=O)O1,"[""AT{'substrate': 'Malonyl-CoA'}"", 'loading: True']",AT(hmal) + KR(B1) + DH,"[""AT{'substrate': 'hmal'}"", ""KR{'type': 'B1'}"", 'DH{}', 'loading: False']","TE(cyclic, ring=0)",126.11
C[C@@H]1C(=O)O[C@H]1C(O)=CCO,"[""AT{'substrate': 'Hydroxymalonyl-CoA'}"", 'loading: True']",AT(hmal) + KR(B1) + DH,"[""AT{'substrate': 'Methylmalonyl-CoA'}"", ""KR{'type': 'A2'}"", 'loading: False']","TE(cyclic, ring=0)",158.15
O=C1O[C@@H]1C(=O)C(O)=CCO,"[""AT{'substrate': 'Hydroxymalonyl-CoA'}"", 'loading: True']",AT(hmal) + KR(B1) + DH,"[""AT{'substrate': 'hmal'}"", ""KR{'type': 'C1'}"", 'loading: False']","TE(cyclic, ring=0)",158.11
O=C1CC(=O)C(O)=CCO1,"[""AT{'substrate': 'Hydroxymalonyl-CoA'}"", 'loading: True']",AT(hmal) + KR(B1) + DH,"[""AT{'substrate': 'Malonyl-CoA'}"", 'loading: False']","TE(cyclic, ring=0)",142.11
CC[C@H]1CC(O)=CCOC1=O,"[""AT{'substrate': 'Hydroxymalonyl-CoA'}"", 'loading: True']",AT(hmal) + KR(B1) + DH,"[""AT{'substrate': 'emal'}"", ""KR{'type': 'B1'}"", 'DH{}', 'ER{}', 'loading: False']","TE(cyclic, ring=0)",156.18
CC(C)[C@H]1C(=O)O[C@H]1C(O)=CCO,"[""AT{'substrate': 'Hydroxymalonyl-CoA'}"", 'loading: True']",AT(hmal) + KR(B1) + DH,"[""AT{'substrate': 'isobutmal'}"", ""KR{'type': 'A1'}"", 'loading: False']","TE(cyclic, ring=0)",186.21
CO[C@H]1C(=O)O[C@H]1C(O)=CCO,"[""AT{'substrate': 'Hydroxymalonyl-CoA'}"", 'loading: True']",AT(hmal) + KR(B1) + DH,"[""AT{'substrate': 'mxmal'}"", ""KR{'type': 'A1'}"", 'loading: False']","TE(cyclic, ring=1)",174.15
C=CC[C@@H]1C(=O)O[C@@H]1C(O)=CCO,"[""AT{'substrate': 'Hydroxymalonyl-CoA'}"", 'loading: True']",AT(hmal) + KR(B1) + DH,"[""AT{'substrate': 'allylmal'}"", ""KR{'type': 'B2'}"", 'loading: False']","TE(cyclic, ring=0)",184.19
C[C@H]1C(=O)OCC=C(O)C1=O,"[""AT{'substrate': 'Hydroxymalonyl-CoA'}"", 'loading: True']",AT(hmal) + KR(B1) + DH,"[""AT{'substrate': 'Methylmalonyl-CoA'}"", ""KR{'type': 'C1'}"", 'loading: False']","TE(cyclic, ring=0)",156.14
O=C1O[C@H](C(O)=CCO)[C@@H]1CCCCc1c[nH]c(Cl)c1Cl,"[""AT{'substrate': 'Hydroxymalonyl-CoA'}"", 'loading: True']",AT(hmal) + KR(B1) + DH,"[""AT{'substrate': 'DCP'}"", ""KR{'type': 'B2'}"", 'loading: False']","TE(cyclic, ring=0)",334.2
CC(C)[C@@H]1C(=O)O[C@@H]1C(O)=CCO,"[""AT{'substrate': 'Hydroxymalonyl-CoA'}"", 'loading: True']",AT(hmal) + KR(B1) + DH,"[""AT{'substrate': 'isobutmal'}"", ""KR{'type': 'B2'}"", 'loading: False']","TE(cyclic, ring=0)",186.21
CO[C@@H]1C(=O)O[C@H]1C(O)=CCO,"[""AT{'substrate': 'Hydroxymalonyl-CoA'}"", 'loading: True']",AT(hmal) + KR(B1) + DH,"[""AT{'substrate': 'mxmal'}"", ""KR{'type': 'A2'}"", 'loading: False']","TE(cyclic, ring=1)",174.15
C=CC[C@@H]1C(=O)O[C@H]1C(O)=CCO,"[""AT{'substrate': 'Hydroxymalonyl-CoA'}"", 'loading: True']",AT(hmal) + KR(B1) + DH,"[""AT{'substrate': 'allylmal'}"", ""KR{'type': 'A2'}"", 'loading: False']","TE(cyclic, ring=0)",184.19
O=C1O[C@@H](C(O)=CCO)[C@@H]1CCCCc1c[nH]c(Cl)c1Cl,"[""AT{'substrate': 'Hydroxymalonyl-CoA'}"", 'loading: True']",AT(hmal) + KR(B1) + DH,"[""AT{'substrate': 'DCP'}"", ""KR{'type': 'A2'}"", 'loading: False']","TE(cyclic, ring=0)",334.2
CC(C)[C@@H]1C(=O)OCC=C(O)C1=O,"[""AT{'substrate': 'Hydroxymalonyl-CoA'}"", 'loading: True']",AT(hmal) + KR(B1) + DH,"[""AT{'substrate': 'D-isobutmal'}"", ""KR{'type': 'C2'}"", 'loading: False']","TE(cyclic, ring=0)",184.19
O=C1C[C@@H](C(O)=CCO)O1,"[""AT{'substrate': 'Hydroxymalonyl-CoA'}"", 'loading: True']",AT(hmal) + KR(B1) + DH,"[""AT{'substrate': 'Malonyl-CoA'}"", ""KR{'type': 'B'}"", 'loading: False']","TE(cyclic, ring=0)",144.13
CO[C@@H]1C(=O)OCC=C(O)C1=O,"[""AT{'substrate': 'Hydroxymalonyl-CoA'}"", 'loading: True']",AT(hmal) + KR(B1) + DH,"[""AT{'substrate': 'mxmal'}"", ""KR{'type': 'C2'}"", 'loading: False']","TE(cyclic, ring=1)",172.14
CC[C@H]1C(=O)OCC=C(O)C1=O,"[""AT{'substrate': 'Hydroxymalonyl-CoA'}"", 'loading: True']",AT(hmal) + KR(B1) + DH,"[""AT{'substrate': 'emal'}"", ""KR{'type': 'C1'}"", 'loading: False']","TE(cyclic, ring=0)",170.16
O=C1OCC=C(O)C(=O)C1CCCCc1c[nH]c(Cl)c1Cl,"[""AT{'substrate': 'Hydroxymalonyl-CoA'}"", 'loading: True']",AT(hmal) + KR(B1) + DH,"[""AT{'substrate': 'DCP'}"", 'loading: False']","TE(cyclic, ring=0)",332.18
CCCC[C@@H]1C(=O)OCC=C(O)C1=O,"[""AT{'substrate': 'Hydroxymalonyl-CoA'}"", 'loading: True']",AT(hmal) + KR(B1) + DH,"[""AT{'substrate': 'butmal'}"", 'loading: False']","TE(cyclic, ring=0)",198.22
O=C1OCC=C(O)C(=O)[C@H]1CCCCc1c[nH]c(Cl)c1Cl,"[""AT{'substrate': 'Hydroxymalonyl-CoA'}"", 'loading: True']",AT(hmal) + KR(B1) + DH,"[""AT{'substrate': 'DCP'}"", ""KR{'type': 'C1'}"", 'loading: False']","TE(cyclic, ring=0)",332.18
CCCCCC[C@H]1CC(O)=CCOC1=O,"[""AT{'substrate': 'Hydroxymalonyl-CoA'}"", 'loading: True']",AT(hmal) + KR(B1) + DH,"[""AT{'substrate': 'hexmal'}"", ""KR{'type': 'B1'}"", 'DH{}', 'ER{}', 'loading: False']","TE(cyclic, ring=0)",212.29
O=C1O[C@H]1C(=O)C(O)=CCO,"[""AT{'substrate': 'Hydroxymalonyl-CoA'}"", 'loading: True']",AT(hmal) + KR(B1) + DH,"[""AT{'substrate': 'hmal'}"", ""KR{'type': 'C2'}"", 'loading: False']","TE(cyclic, ring=0)",158.11
CCCC[C@H]1C(=O)O[C@H]1C(O)=CCO,"[""AT{'substrate': 'Hydroxymalonyl-CoA'}"", 'loading: True']",AT(hmal) + KR(B1) + DH,"[""AT{'substrate': 'butmal'}"", ""KR{'type': 'A1'}"", 'loading: False']","TE(cyclic, ring=0)",200.23
CC(C)[C@H]1C(=O)OCC=C(O)C1=O,"[""AT{'substrate': 'Hydroxymalonyl-CoA'}"", 'loading: True']",AT(hmal) + KR(B1) + DH,"[""AT{'substrate': 'isobutmal'}"", ""KR{'type': 'C1'}"", 'loading: False']","TE(cyclic, ring=0)",184.19
CO[C@H]1CC(O)=CCOC1=O,"[""AT{'substrate': 'Hydroxymalonyl-CoA'}"", 'loading: True']",AT(hmal) + KR(B1) + DH,"[""AT{'substrate': 'mxmal'}"", ""KR{'type': 'B1'}"", 'DH{}', 'ER{}', 'loading: False']","TE(cyclic, ring=1)",158.15
O=C1OCC=C(O)C[C@@H]1CCCCc1c[nH]c(Cl)c1Cl,"[""AT{'substrate': 'Hydroxymalonyl-CoA'}"", 'loading: True']",AT(hmal) + KR(B1) + DH,"[""AT{'substrate': 'DCP'}"", ""KR{'type': 'B1'}"", 'DH{}', 'ER{}', 'loading: False']","TE(cyclic, ring=0)",318.2
CCCCCC[C@@H]1C(=O)O[C@@H]1C(O)=CCO,"[""AT{'substrate': 'Hydroxymalonyl-CoA'}"", 'loading: True']",AT(hmal) + KR(B1) + DH,"[""AT{'substrate': 'hexmal'}"", ""KR{'type': 'B2'}"", 'loading: False']","TE(cyclic, ring=0)",228.29
CC[C@@H]1C(=O)O[C@@H]1C(O)=CCO,"[""AT{'substrate': 'Hydroxymalonyl-CoA'}"", 'loading: True']",AT(hmal) + KR(B1) + DH,"[""AT{'substrate': 'emal'}"", ""KR{'type': 'B2'}"", 'loading: False']","TE(cyclic, ring=0)",172.18
C[C@H]1CC(O)=CCOC1=O,"[""AT{'substrate': 'Hydroxymalonyl-CoA'}"", 'loading: True']",AT(hmal) + KR(B1) + DH,"[""AT{'substrate': 'Methylmalonyl-CoA'}"", ""KR{'type': 'B1'}"", 'DH{}', 'ER{}', 'loading: False']","TE(cyclic, ring=0)",142.15
CCCC[C@@H]1C(=O)O[C@H]1C(O)=CCO,"[""AT{'substrate': 'Hydroxymalonyl-CoA'}"", 'loading: True']",AT(hmal) + KR(B1) + DH,"[""AT{'substrate': 'butmal'}"", ""KR{'type': 'A2'}"", 'loading: False']","TE(cyclic, ring=0)",200.23
O=C1O[C@@H]1[C@H](O)C(O)=CCO,"[""AT{'substrate': 'Hydroxymalonyl-CoA'}"", 'loading: True']",AT(hmal) + KR(B1) + DH,"[""AT{'substrate': 'hmal'}"", ""KR{'type': 'B1'}"", 'loading: False']","TE(cyclic, ring=0)",160.12
CC(C)[C@H]1C(=O)O[C@@H]1C(O)=CCO,"[""AT{'substrate': 'Hydroxymalonyl-CoA'}"", 'loading: True']",AT(hmal) + KR(B1) + DH,"[""AT{'substrate': 'D-isobutmal'}"", ""KR{'type': 'B1'}"", 'loading: False']","TE(cyclic, ring=0)",186.21
COC1=CC(O)=CCOC1=O,"[""AT{'substrate': 'Hydroxymalonyl-CoA'}"", 'loading: True']",AT(hmal) + KR(B1) + DH,"[""AT{'substrate': 'mxmal'}"", ""KR{'type': 'B1'}"", 'DH{}', 'loading: False']","TE(cyclic, ring=0)",156.14
O=C1C[C@H](C(O)=CCO)O1,"[""AT{'substrate': 'Hydroxymalonyl-CoA'}"", 'loading: True']",AT(hmal) + KR(B1) + DH,"[""AT{'substrate': 'Malonyl-CoA'}"", ""KR{'type': 'A'}"", 'loading: False']","TE(cyclic, ring=0)",144.13
CCCCCC[C@@H]1C(=O)O[C@H]1C(O)=CCO,"[""AT{'substrate': 'Hydroxymalonyl-CoA'}"", 'loading: True']",AT(hmal) + KR(B1) + DH,"[""AT{'substrate': 'hexmal'}"", ""KR{'type': 'A2'}"", 'loading: False']","TE(cyclic, ring=0)",228.29
C[C@@H]1C(=O)OCC=C(O)C1=O,"[""AT{'substrate': 'Hydroxymalonyl-CoA'}"", 'loading: True']",AT(hmal) + KR(B1) + DH,"[""AT{'substrate': 'Methylmalonyl-CoA'}"", 'loading: False']","TE(cyclic, ring=0)",156.14
CO[C@@H]1C(=O)O[C@@H]1C(O)=CCO,"[""AT{'substrate': 'Hydroxymalonyl-CoA'}"", 'loading: True']",AT(hmal) + KR(B1) + DH,"[""AT{'substrate': 'mxmal'}"", ""KR{'type': 'B2'}"", 'loading: False']","TE(cyclic, ring=1)",174.15
C[C@H]1C(=O)O[C@@H]1C(O)=CCO,"[""AT{'substrate': 'Hydroxymalonyl-CoA'}"", 'loading: True']",AT(hmal) + KR(B1) + DH,"[""AT{'substrate': 'Methylmalonyl-CoA'}"", ""KR{'type': 'B1'}"", 'loading: False']","TE(cyclic, ring=0)",158.15
CC[C@@H]1C(=O)OCC=C(O)C1=O,"[""AT{'substrate': 'Hydroxymalonyl-CoA'}"", 'loading: True']",AT(hmal) + KR(B1) + DH,"[""AT{'substrate': 'emal'}"", ""KR{'type': 'C2'}"", 'loading: False']","TE(cyclic, ring=0)",170.16
CCCCCCC1=CC(O)=CCOC1=O,"[""AT{'substrate': 'Hydroxymalonyl-CoA'}"", 'loading: True']",AT(hmal) + KR(B1) + DH,"[""AT{'substrate': 'hexmal'}"", ""KR{'type': 'B1'}"", 'DH{}', 'loading: False']","TE(cyclic, ring=0)",210.27
CCCCCC[C@@H]1C(=O)OCC=C(O)C1=O,"[""AT{'substrate': 'Hydroxymalonyl-CoA'}"", 'loading: True']",AT(hmal) + KR(B1) + DH,"[""AT{'substrate': 'hexmal'}"", 'loading: False']","TE(cyclic, ring=0)",226.27
CC[C@H]1C(=O)O[C@@H]1C(O)=CCO,"[""AT{'substrate': 'Hydroxymalonyl-CoA'}"", 'loading: True']",AT(hmal) + KR(B1) + DH,"[""AT{'substrate': 'emal'}"", ""KR{'type': 'B1'}"", 'loading: False']","TE(cyclic, ring=0)",172.18
C=CC[C@H]1C(=O)O[C@@H]1C(O)=CCO,"[""AT{'substrate': 'Hydroxymalonyl-CoA'}"", 'loading: True']",AT(hmal) + KR(B1) + DH,"[""AT{'substrate': 'allylmal'}"", ""KR{'type': 'B1'}"", 'loading: False']","TE(cyclic, ring=0)",184.19
CO[C@H]1C(=O)OCC=C(O)C1=O,"[""AT{'substrate': 'Hydroxymalonyl-CoA'}"", 'loading: True']",AT(hmal) + KR(B1) + DH,"[""AT{'substrate': 'mxmal'}"", ""KR{'type': 'C1'}"", 'loading: False']","TE(cyclic, ring=1)",172.14
C=CC[C@H]1C(=O)OCC=C(O)C1=O,"[""AT{'substrate': 'Hydroxymalonyl-CoA'}"", 'loading: True']",AT(hmal) + KR(B1) + DH,"[""AT{'substrate': 'allylmal'}"", ""KR{'type': 'C1'}"", 'loading: False']","TE(cyclic, ring=0)",182.17
C=CCC1=CC(O)=CCOC1=O,"[""AT{'substrate': 'Hydroxymalonyl-CoA'}"", 'loading: True']",AT(hmal) + KR(B1) + DH,"[""AT{'substrate': 'allylmal'}"", ""KR{'type': 'B1'}"", 'DH{}', 'loading: False']","TE(cyclic, ring=0)",166.18
O=C1OCC=C(O)C=C1CCCCc1c[nH]c(Cl)c1Cl,"[""AT{'substrate': 'Hydroxymalonyl-CoA'}"", 'loading: True']",AT(hmal) + KR(B1) + DH,"[""AT{'substrate': 'DCP'}"", ""KR{'type': 'B1'}"", 'DH{}', 'loading: False']","TE(cyclic, ring=0)",316.18
O=C1O[C@H](C(O)=CCO)[C@H]1CCCCc1c[nH]c(Cl)c1Cl,"[""AT{'substrate': 'Hydroxymalonyl-CoA'}"", 'loading: True']",AT(hmal) + KR(B1) + DH,"[""AT{'substrate': 'DCP'}"", ""KR{'type': 'B1'}"", 'loading: False']","TE(cyclic, ring=0)",334.2
CCCC[C@@H]1C(=O)O[C@@H]1C(O)=CCO,"[""AT{'substrate': 'Hydroxymalonyl-CoA'}"", 'loading: True']",AT(hmal) + KR(B1) + DH,"[""AT{'substrate': 'butmal'}"", ""KR{'type': 'B2'}"", 'loading: False']","TE(cyclic, ring=0)",200.23
CO[C@H]1C(=O)O[C@@H]1C(O)=CCO,"[""AT{'substrate': 'Hydroxymalonyl-CoA'}"", 'loading: True']",AT(hmal) + KR(B1) + DH,"[""AT{'substrate': 'mxmal'}"", ""KR{'type': 'B1'}"", 'loading: False']","TE(cyclic, ring=1)",174.15
O=C1O[C@H]1CC(O)=CCO,"[""AT{'substrate': 'Hydroxymalonyl-CoA'}"", 'loading: True']",AT(hmal) + KR(B1) + DH,"[""AT{'substrate': 'hmal'}"", ""KR{'type': 'B1'}"", 'DH{}', 'ER{}', 'loading: False']","TE(cyclic, ring=0)",144.13
CCCC[C@H]1C(=O)OCC=C(O)C1=O,"[""AT{'substrate': 'Hydroxymalonyl-CoA'}"", 'loading: True']",AT(hmal) + KR(B1) + DH,"[""AT{'substrate': 'butmal'}"", ""KR{'type': 'C1'}"", 'loading: False']","TE(cyclic, ring=0)",198.22
CC(C)[C@H]1CC(O)=CCOC1=O,"[""AT{'substrate': 'Hydroxymalonyl-CoA'}"", 'loading: True']",AT(hmal) + KR(B1) + DH,"[""AT{'substrate': 'D-isobutmal'}"", ""KR{'type': 'B1'}"", 'DH{}', 'ER{}', 'loading: False']","TE(cyclic, ring=0)",170.21
CCCCCC[C@H]1C(=O)OCC=C(O)C1=O,"[""AT{'substrate': 'Hydroxymalonyl-CoA'}"", 'loading: True']",AT(hmal) + KR(B1) + DH,"[""AT{'substrate': 'hexmal'}"", ""KR{'type': 'C1'}"", 'loading: False']","TE(cyclic, ring=0)",226.27
C[C@H]1C(=O)O[C@H]1C(O)=CCO,"[""AT{'substrate': 'Hydroxymalonyl-CoA'}"", 'loading: True']",AT(hmal) + KR(B1) + DH,"[""AT{'substrate': 'Methylmalonyl-CoA'}"", ""KR{'type': 'A1'}"", 'loading: False']","TE(cyclic, ring=0)",158.15
C=CC[C@@H]1C(=O)OCC=C(O)C1=O,"[""AT{'substrate': 'Hydroxymalonyl-CoA'}"", 'loading: True']",AT(hmal) + KR(B1) + DH,"[""AT{'substrate': 'allylmal'}"", ""KR{'type': 'C2'}"", 'loading: False']","TE(cyclic, ring=0)",182.17
O=C1O[C@H]1[C@@H](O)C(O)=CCO,"[""AT{'substrate': 'Hydroxymalonyl-CoA'}"", 'loading: True']",AT(hmal) + KR(B1) + DH,"[""AT{'substrate': 'hmal'}"", ""KR{'type': 'A2'}"", 'loading: False']","TE(cyclic, ring=0)",160.12
CCCC[C@H]1C(=O)O[C@@H]1C(O)=CCO,"[""AT{'substrate': 'Hydroxymalonyl-CoA'}"", 'loading: True']",AT(hmal) + KR(B1) + DH,"[""AT{'substrate': 'butmal'}"", ""KR{'type': 'B1'}"", 'loading: False']","TE(cyclic, ring=0)",200.23
O=C1OCC=C(O)C(=O)[C@@H]1CCCCc1c[nH]c(Cl)c1Cl,"[""AT{'substrate': 'Hydroxymalonyl-CoA'}"", 'loading: True']",AT(hmal) + KR(B1) + DH,"[""AT{'substrate': 'DCP'}"", ""KR{'type': 'C2'}"", 'loading: False']","TE(cyclic, ring=0)",332.18
CCCCCC[C@H]1C(=O)O[C@@H]1C(O)=CCO,"[""AT{'substrate': 'Hydroxymalonyl-CoA'}"", 'loading: True']",AT(hmal) + KR(B1) + DH,"[""AT{'substrate': 'hexmal'}"", ""KR{'type': 'B1'}"", 'loading: False']","TE(cyclic, ring=0)",228.29
O=C1OC1C(=O)C(O)=CCO,"[""AT{'substrate': 'Hydroxymalonyl-CoA'}"", 'loading: True']",AT(hmal) + KR(B1) + DH,"[""AT{'substrate': 'hmal'}"", 'loading: False']","TE(cyclic, ring=0)",158.11
O=C1CCC(O)=CCO1,"[""AT{'substrate': 'Hydroxymalonyl-CoA'}"", 'loading: True']",AT(hmal) + KR(B1) + DH,"[""AT{'substrate': 'Malonyl-CoA'}"", ""KR{'type': 'B'}"", 'DH{}', 'ER{}', 'loading: False']","TE(cyclic, ring=0)",128.13
C=CC[C@H]1C(=O)O[C@H]1C(O)=CCO,"[""AT{'substrate': 'Hydroxymalonyl-CoA'}"", 'loading: True']",AT(hmal) + KR(B1) + DH,"[""AT{'substrate': 'allylmal'}"", ""KR{'type': 'A1'}"", 'loading: False']","TE(cyclic, ring=0)",184.19
O=C1O[C@@H](C(O)=CCO)[C@H]1CCCCc1c[nH]c(Cl)c1Cl,"[""AT{'substrate': 'Hydroxymalonyl-CoA'}"", 'loading: True']",AT(hmal) + KR(B1) + DH,"[""AT{'substrate': 'DCP'}"", ""KR{'type': 'A1'}"", 'loading: False']","TE(cyclic, ring=0)",334.2
O=C1C=CC(O)=CCO1,"[""AT{'substrate': 'Hydroxymalonyl-CoA'}"", 'loading: True']",AT(hmal) + KR(B1) + DH,"[""AT{'substrate': 'Malonyl-CoA'}"", ""KR{'type': 'B'}"", 'DH{}', 'loading: False']","TE(cyclic, ring=0)",126.11
CC(C)C1=CC(O)=CCOC1=O,"[""AT{'substrate': 'Hydroxymalonyl-CoA'}"", 'loading: True']",AT(hmal) + KR(B1) + DH,"[""AT{'substrate': 'D-isobutmal'}"", ""KR{'type': 'B1'}"", 'DH{}', 'loading: False']","TE(cyclic, ring=0)",168.19
O=C1O[C@@H]1[C@@H](O)C(O)=CCO,"[""AT{'substrate': 'Hydroxymalonyl-CoA'}"", 'loading: True']",AT(hmal) + KR(B1) + DH,"[""AT{'substrate': 'hmal'}"", ""KR{'type': 'A1'}"", 'loading: False']","TE(cyclic, ring=0)",160.12
C=CC[C@H]1CC(O)=CCOC1=O,"[""AT{'substrate': 'Hydroxymalonyl-CoA'}"", 'loading: True']",AT(hmal) + KR(B1) + DH,"[""AT{'substrate': 'allylmal'}"", ""KR{'type': 'B1'}"", 'DH{}', 'ER{}', 'loading: False']","TE(cyclic, ring=0)",168.19
CC[C@@H]1C(=O)O[C@H]1C(O)=CCO,"[""AT{'substrate': 'Hydroxymalonyl-CoA'}"", 'loading: True']",AT(hmal) + KR(B1) + DH,"[""AT{'substrate': 'emal'}"", ""KR{'type': 'A2'}"", 'loading: False']","TE(cyclic, ring=0)",172.18
CC1=CC(O)=CCOC1=O,"[""AT{'substrate': 'Hydroxymalonyl-CoA'}"", 'loading: True']",AT(hmal) + KR(B1) + DH,"[""AT{'substrate': 'Methylmalonyl-CoA'}"", ""KR{'type': 'B1'}"", 'DH{}', 'loading: False']","TE(cyclic, ring=0)",140.14
CC(C)[C@@H]1C(=O)O[C@H]1C(O)=CCO,"[""AT{'substrate': 'Hydroxymalonyl-CoA'}"", 'loading: True']",AT(hmal) + KR(B1) + DH,"[""AT{'substrate': 'isobutmal'}"", ""KR{'type': 'A2'}"", 'loading: False']","TE(cyclic, ring=0)",186.21
O=C1O[C@H]1[C@H](O)C(O)=CCO,"[""AT{'substrate': 'Hydroxymalonyl-CoA'}"", 'loading: True']",AT(hmal) + KR(B1) + DH,"[""AT{'substrate': 'hmal'}"", ""KR{'type': 'B2'}"", 'loading: False']","TE(cyclic, ring=0)",160.12
CCC1=CC(O)=CCOC1=O,"[""AT{'substrate': 'Hydroxymalonyl-CoA'}"", 'loading: True']",AT(hmal) + KR(B1) + DH,"[""AT{'substrate': 'emal'}"", ""KR{'type': 'B1'}"", 'DH{}', 'loading: False']","TE(cyclic, ring=0)",154.16
CCCCC1=CC(O)=CCOC1=O,"[""AT{'substrate': 'Hydroxymalonyl-CoA'}"", 'loading: True']",AT(hmal) + KR(B1) + DH,"[""AT{'substrate': 'butmal'}"", ""KR{'type': 'B1'}"", 'DH{}', 'loading: False']","TE(cyclic, ring=0)",182.22
C[C@@H]1C(=O)O[C@@H]1C(O)=CCO,"[""AT{'substrate': 'Hydroxymalonyl-CoA'}"", 'loading: True']",AT(hmal) + KR(B1) + DH,"[""AT{'substrate': 'Methylmalonyl-CoA'}"", ""KR{'type': 'B2'}"", 'loading: False']","TE(cyclic, ring=0)",158.15
CCCCCC[C@H]1C(=O)O[C@H]1C(O)=CCO,"[""AT{'substrate': 'Hydroxymalonyl-CoA'}"", 'loading: True']",AT(hmal) + KR(B1) + DH,"[""AT{'substrate': 'hexmal'}"", ""KR{'type': 'A1'}"", 'loading: False']","TE(cyclic, ring=0)",228.29
CCCC[C@H]1CC(O)=CCOC1=O,"[""AT{'substrate': 'Hydroxymalonyl-CoA'}"", 'loading: True']",AT(hmal) + KR(B1) + DH,"[""AT{'substrate': 'butmal'}"", ""KR{'type': 'B1'}"", 'DH{}', 'ER{}', 'loading: False']","TE(cyclic, ring=0)",184.23
CC[C@H]1C(=O)O[C@H]1C(O)=CCO,"[""AT{'substrate': 'Hydroxymalonyl-CoA'}"", 'loading: True']",AT(hmal) + KR(B1) + DH,"[""AT{'substrate': 'emal'}"", ""KR{'type': 'A1'}"", 'loading: False']","TE(cyclic, ring=0)",172.18
O=C1OCC=C(O)C=C1O,"[""AT{'substrate': 'Hydroxymalonyl-CoA'}"", 'loading: True']",AT(hmal) + KR(B1) + DH,"[""AT{'substrate': 'hmal'}"", ""KR{'type': 'B1'}"", 'DH{}', 'loading: False']","TE(cyclic, ring=0)",142.11
C=CCCC=C(O)[C@@H]1OC(=O)[C@H]1C,"[""AT{'substrate': 'Allylmalonyl-CoA'}"", 'loading: True']",AT(hmal) + KR(B1) + DH,"[""AT{'substrate': 'Methylmalonyl-CoA'}"", ""KR{'type': 'A2'}"", 'loading: False']","TE(cyclic, ring=0)",182.22
C=CCCC=C(O)C(=O)[C@H]1OC1=O,"[""AT{'substrate': 'Allylmalonyl-CoA'}"", 'loading: True']",AT(hmal) + KR(B1) + DH,"[""AT{'substrate': 'hmal'}"", ""KR{'type': 'C1'}"", 'loading: False']","TE(cyclic, ring=0)",182.17
C=CCCC=C1OC(=O)CC1=O,"[""AT{'substrate': 'Allylmalonyl-CoA'}"", 'loading: True']",AT(hmal) + KR(B1) + DH,"[""AT{'substrate': 'Malonyl-CoA'}"", 'loading: False']","TE(cyclic, ring=0)",166.18
C=CCCC=C1C[C@H](CC)C(=O)O1,"[""AT{'substrate': 'Allylmalonyl-CoA'}"", 'loading: True']",AT(hmal) + KR(B1) + DH,"[""AT{'substrate': 'emal'}"", ""KR{'type': 'B1'}"", 'DH{}', 'ER{}', 'loading: False']","TE(cyclic, ring=0)",180.25
C=CCCC=C(O)[C@@H]1OC(=O)[C@@H]1C(C)C,"[""AT{'substrate': 'Allylmalonyl-CoA'}"", 'loading: True']",AT(hmal) + KR(B1) + DH,"[""AT{'substrate': 'isobutmal'}"", ""KR{'type': 'A1'}"", 'loading: False']","TE(cyclic, ring=0)",210.27
C=CCCC=C(O)[C@@H]1OC(=O)[C@@H]1OC,"[""AT{'substrate': 'Allylmalonyl-CoA'}"", 'loading: True']",AT(hmal) + KR(B1) + DH,"[""AT{'substrate': 'mxmal'}"", ""KR{'type': 'A1'}"", 'loading: False']","TE(cyclic, ring=1)",198.22
C=CCCC=C(O)[C@H]1OC(=O)[C@H]1CC=C,"[""AT{'substrate': 'Allylmalonyl-CoA'}"", 'loading: True']",AT(hmal) + KR(B1) + DH,"[""AT{'substrate': 'allylmal'}"", ""KR{'type': 'B2'}"", 'loading: False']","TE(cyclic, ring=0)",208.26
C=CCCC=C1OC(=O)[C@H](C)C1=O,"[""AT{'substrate': 'Allylmalonyl-CoA'}"", 'loading: True']",AT(hmal) + KR(B1) + DH,"[""AT{'substrate': 'Methylmalonyl-CoA'}"", ""KR{'type': 'C1'}"", 'loading: False']","TE(cyclic, ring=0)",180.2
C=CCCC=C(O)[C@H]1OC(=O)[C@H]1CCCCc1c[nH]c(Cl)c1Cl,"[""AT{'substrate': 'Allylmalonyl-CoA'}"", 'loading: True']",AT(hmal) + KR(B1) + DH,"[""AT{'substrate': 'DCP'}"", ""KR{'type': 'B2'}"", 'loading: False']","TE(cyclic, ring=0)",358.26
C=CCCC=C(O)[C@H]1OC(=O)[C@H]1C(C)C,"[""AT{'substrate': 'Allylmalonyl-CoA'}"", 'loading: True']",AT(hmal) + KR(B1) + DH,"[""AT{'substrate': 'isobutmal'}"", ""KR{'type': 'B2'}"", 'loading: False']","TE(cyclic, ring=0)",210.27
C=CCCC=C(O)[C@@H]1OC(=O)[C@H]1OC,"[""AT{'substrate': 'Allylmalonyl-CoA'}"", 'loading: True']",AT(hmal) + KR(B1) + DH,"[""AT{'substrate': 'mxmal'}"", ""KR{'type': 'A2'}"", 'loading: False']","TE(cyclic, ring=1)",198.22
C=CCCC=C(O)[C@@H]1OC(=O)[C@H]1CC=C,"[""AT{'substrate': 'Allylmalonyl-CoA'}"", 'loading: True']",AT(hmal) + KR(B1) + DH,"[""AT{'substrate': 'allylmal'}"", ""KR{'type': 'A2'}"", 'loading: False']","TE(cyclic, ring=0)",208.26
C=CCCC=C(O)[C@@H]1OC(=O)[C@H]1CCCCc1c[nH]c(Cl)c1Cl,"[""AT{'substrate': 'Allylmalonyl-CoA'}"", 'loading: True']",AT(hmal) + KR(B1) + DH,"[""AT{'substrate': 'DCP'}"", ""KR{'type': 'A2'}"", 'loading: False']","TE(cyclic, ring=0)",358.26
C=CCCC=C1OC(=O)[C@@H](C(C)C)C1=O,"[""AT{'substrate': 'Allylmalonyl-CoA'}"", 'loading: True']",AT(hmal) + KR(B1) + DH,"[""AT{'substrate': 'D-isobutmal'}"", ""KR{'type': 'C2'}"", 'loading: False']","TE(cyclic, ring=0)",208.26
C=CCCC=C(O)[C@@H]1CC(=O)O1,"[""AT{'substrate': 'Allylmalonyl-CoA'}"", 'loading: True']",AT(hmal) + KR(B1) + DH,"[""AT{'substrate': 'Malonyl-CoA'}"", ""KR{'type': 'B'}"", 'loading: False']","TE(cyclic, ring=0)",168.19
C=CCCC=C1OC(=O)[C@@H](OC)C1=O,"[""AT{'substrate': 'Allylmalonyl-CoA'}"", 'loading: True']",AT(hmal) + KR(B1) + DH,"[""AT{'substrate': 'mxmal'}"", ""KR{'type': 'C2'}"", 'loading: False']","TE(cyclic, ring=1)",196.2
C=CCCC=C1OC(=O)[C@H](CC)C1=O,"[""AT{'substrate': 'Allylmalonyl-CoA'}"", 'loading: True']",AT(hmal) + KR(B1) + DH,"[""AT{'substrate': 'emal'}"", ""KR{'type': 'C1'}"", 'loading: False']","TE(cyclic, ring=0)",194.23
C=CCCC=C1OC(=O)C(CCCCc2c[nH]c(Cl)c2Cl)C1=O,"[""AT{'substrate': 'Allylmalonyl-CoA'}"", 'loading: True']",AT(hmal) + KR(B1) + DH,"[""AT{'substrate': 'DCP'}"", 'loading: False']","TE(cyclic, ring=0)",356.25
C=CCCC=C1OC(=O)[C@@H](CCCC)C1=O,"[""AT{'substrate': 'Allylmalonyl-CoA'}"", 'loading: True']",AT(hmal) + KR(B1) + DH,"[""AT{'substrate': 'butmal'}"", 'loading: False']","TE(cyclic, ring=0)",222.28
C=CCCC=C1OC(=O)[C@H](CCCCc2c[nH]c(Cl)c2Cl)C1=O,"[""AT{'substrate': 'Allylmalonyl-CoA'}"", 'loading: True']",AT(hmal) + KR(B1) + DH,"[""AT{'substrate': 'DCP'}"", ""KR{'type': 'C1'}"", 'loading: False']","TE(cyclic, ring=0)",356.25
C=CCCC=C1C[C@H](CCCCCC)C(=O)O1,"[""AT{'substrate': 'Allylmalonyl-CoA'}"", 'loading: True']",AT(hmal) + KR(B1) + DH,"[""AT{'substrate': 'hexmal'}"", ""KR{'type': 'B1'}"", 'DH{}', 'ER{}', 'loading: False']","TE(cyclic, ring=0)",236.35
C=CCCC=C(O)C(=O)[C@@H]1OC1=O,"[""AT{'substrate': 'Allylmalonyl-CoA'}"", 'loading: True']",AT(hmal) + KR(B1) + DH,"[""AT{'substrate': 'hmal'}"", ""KR{'type': 'C2'}"", 'loading: False']","TE(cyclic, ring=0)",182.17
C=CCCC=C(O)[C@@H]1OC(=O)[C@@H]1CCCC,"[""AT{'substrate': 'Allylmalonyl-CoA'}"", 'loading: True']",AT(hmal) + KR(B1) + DH,"[""AT{'substrate': 'butmal'}"", ""KR{'type': 'A1'}"", 'loading: False']","TE(cyclic, ring=0)",224.3
C=CCCC=C1OC(=O)[C@H](C(C)C)C1=O,"[""AT{'substrate': 'Allylmalonyl-CoA'}"", 'loading: True']",AT(hmal) + KR(B1) + DH,"[""AT{'substrate': 'isobutmal'}"", ""KR{'type': 'C1'}"", 'loading: False']","TE(cyclic, ring=0)",208.26
C=CCCC=C1C[C@H](OC)C(=O)O1,"[""AT{'substrate': 'Allylmalonyl-CoA'}"", 'loading: True']",AT(hmal) + KR(B1) + DH,"[""AT{'substrate': 'mxmal'}"", ""KR{'type': 'B1'}"", 'DH{}', 'ER{}', 'loading: False']","TE(cyclic, ring=1)",182.22
C=CCCC=C1C[C@H](CCCCc2c[nH]c(Cl)c2Cl)C(=O)O1,"[""AT{'substrate': 'Allylmalonyl-CoA'}"", 'loading: True']",AT(hmal) + KR(B1) + DH,"[""AT{'substrate': 'DCP'}"", ""KR{'type': 'B1'}"", 'DH{}', 'ER{}', 'loading: False']","TE(cyclic, ring=0)",342.27
C=CCCC=C(O)[C@H]1OC(=O)[C@H]1CCCCCC,"[""AT{'substrate': 'Allylmalonyl-CoA'}"", 'loading: True']",AT(hmal) + KR(B1) + DH,"[""AT{'substrate': 'hexmal'}"", ""KR{'type': 'B2'}"", 'loading: False']","TE(cyclic, ring=0)",252.35
C=CCCC=C(O)[C@H]1OC(=O)[C@H]1CC,"[""AT{'substrate': 'Allylmalonyl-CoA'}"", 'loading: True']",AT(hmal) + KR(B1) + DH,"[""AT{'substrate': 'emal'}"", ""KR{'type': 'B2'}"", 'loading: False']","TE(cyclic, ring=0)",196.25
C=CCCC=C1C[C@H](C)C(=O)O1,"[""AT{'substrate': 'Allylmalonyl-CoA'}"", 'loading: True']",AT(hmal) + KR(B1) + DH,"[""AT{'substrate': 'Methylmalonyl-CoA'}"", ""KR{'type': 'B1'}"", 'DH{}', 'ER{}', 'loading: False']","TE(cyclic, ring=0)",166.22
C=CCCC=C(O)[C@@H]1OC(=O)[C@H]1CCCC,"[""AT{'substrate': 'Allylmalonyl-CoA'}"", 'loading: True']",AT(hmal) + KR(B1) + DH,"[""AT{'substrate': 'butmal'}"", ""KR{'type': 'A2'}"", 'loading: False']","TE(cyclic, ring=0)",224.3
C=CCCC=C(O)[C@@H](O)[C@H]1OC1=O,"[""AT{'substrate': 'Allylmalonyl-CoA'}"", 'loading: True']",AT(hmal) + KR(B1) + DH,"[""AT{'substrate': 'hmal'}"", ""KR{'type': 'B1'}"", 'loading: False']","TE(cyclic, ring=0)",184.19
C=CCCC=C(O)[C@H]1OC(=O)[C@@H]1C(C)C,"[""AT{'substrate': 'Allylmalonyl-CoA'}"", 'loading: True']",AT(hmal) + KR(B1) + DH,"[""AT{'substrate': 'D-isobutmal'}"", ""KR{'type': 'B1'}"", 'loading: False']","TE(cyclic, ring=0)",210.27
C=CCCC=C1C=C(OC)C(=O)O1,"[""AT{'substrate': 'Allylmalonyl-CoA'}"", 'loading: True']",AT(hmal) + KR(B1) + DH,"[""AT{'substrate': 'mxmal'}"", ""KR{'type': 'B1'}"", 'DH{}', 'loading: False']","TE(cyclic, ring=0)",180.2
C=CCCC=C(O)[C@H]1CC(=O)O1,"[""AT{'substrate': 'Allylmalonyl-CoA'}"", 'loading: True']",AT(hmal) + KR(B1) + DH,"[""AT{'substrate': 'Malonyl-CoA'}"", ""KR{'type': 'A'}"", 'loading: False']","TE(cyclic, ring=0)",168.19
C=CCCC=C(O)[C@@H]1OC(=O)[C@H]1CCCCCC,"[""AT{'substrate': 'Allylmalonyl-CoA'}"", 'loading: True']",AT(hmal) + KR(B1) + DH,"[""AT{'substrate': 'hexmal'}"", ""KR{'type': 'A2'}"", 'loading: False']","TE(cyclic, ring=0)",252.35
C=CCCC=C1OC(=O)[C@@H](C)C1=O,"[""AT{'substrate': 'Allylmalonyl-CoA'}"", 'loading: True']",AT(hmal) + KR(B1) + DH,"[""AT{'substrate': 'Methylmalonyl-CoA'}"", 'loading: False']","TE(cyclic, ring=0)",180.2
C=CCCC=C(O)[C@H]1OC(=O)[C@H]1OC,"[""AT{'substrate': 'Allylmalonyl-CoA'}"", 'loading: True']",AT(hmal) + KR(B1) + DH,"[""AT{'substrate': 'mxmal'}"", ""KR{'type': 'B2'}"", 'loading: False']","TE(cyclic, ring=1)",198.22
C=CCCC=C(O)[C@H]1OC(=O)[C@@H]1C,"[""AT{'substrate': 'Allylmalonyl-CoA'}"", 'loading: True']",AT(hmal) + KR(B1) + DH,"[""AT{'substrate': 'Methylmalonyl-CoA'}"", ""KR{'type': 'B1'}"", 'loading: False']","TE(cyclic, ring=0)",182.22
C=CCCC=C1OC(=O)[C@@H](CC)C1=O,"[""AT{'substrate': 'Allylmalonyl-CoA'}"", 'loading: True']",AT(hmal) + KR(B1) + DH,"[""AT{'substrate': 'emal'}"", ""KR{'type': 'C2'}"", 'loading: False']","TE(cyclic, ring=0)",194.23
C=CCCC=C1C=C(CCCCCC)C(=O)O1,"[""AT{'substrate': 'Allylmalonyl-CoA'}"", 'loading: True']",AT(hmal) + KR(B1) + DH,"[""AT{'substrate': 'hexmal'}"", ""KR{'type': 'B1'}"", 'DH{}', 'loading: False']","TE(cyclic, ring=0)",234.34
C=CCCC=C1OC(=O)[C@@H](CCCCCC)C1=O,"[""AT{'substrate': 'Allylmalonyl-CoA'}"", 'loading: True']",AT(hmal) + KR(B1) + DH,"[""AT{'substrate': 'hexmal'}"", 'loading: False']","TE(cyclic, ring=0)",250.34
C=CCCC=C(O)[C@H]1OC(=O)[C@@H]1CC,"[""AT{'substrate': 'Allylmalonyl-CoA'}"", 'loading: True']",AT(hmal) + KR(B1) + DH,"[""AT{'substrate': 'emal'}"", ""KR{'type': 'B1'}"", 'loading: False']","TE(cyclic, ring=0)",196.25
C=CCCC=C(O)[C@H]1OC(=O)[C@@H]1CC=C,"[""AT{'substrate': 'Allylmalonyl-CoA'}"", 'loading: True']",AT(hmal) + KR(B1) + DH,"[""AT{'substrate': 'allylmal'}"", ""KR{'type': 'B1'}"", 'loading: False']","TE(cyclic, ring=0)",208.26
C=CCCC=C1OC(=O)[C@H](OC)C1=O,"[""AT{'substrate': 'Allylmalonyl-CoA'}"", 'loading: True']",AT(hmal) + KR(B1) + DH,"[""AT{'substrate': 'mxmal'}"", ""KR{'type': 'C1'}"", 'loading: False']","TE(cyclic, ring=1)",196.2
C=CCCC=C1OC(=O)[C@H](CC=C)C1=O,"[""AT{'substrate': 'Allylmalonyl-CoA'}"", 'loading: True']",AT(hmal) + KR(B1) + DH,"[""AT{'substrate': 'allylmal'}"", ""KR{'type': 'C1'}"", 'loading: False']","TE(cyclic, ring=0)",206.24
C=CCCC=C1C=C(CC=C)C(=O)O1,"[""AT{'substrate': 'Allylmalonyl-CoA'}"", 'loading: True']",AT(hmal) + KR(B1) + DH,"[""AT{'substrate': 'allylmal'}"", ""KR{'type': 'B1'}"", 'DH{}', 'loading: False']","TE(cyclic, ring=0)",190.24
C=CCCC=C1C=C(CCCCc2c[nH]c(Cl)c2Cl)C(=O)O1,"[""AT{'substrate': 'Allylmalonyl-CoA'}"", 'loading: True']",AT(hmal) + KR(B1) + DH,"[""AT{'substrate': 'DCP'}"", ""KR{'type': 'B1'}"", 'DH{}', 'loading: False']","TE(cyclic, ring=0)",340.25
C=CCCC=C(O)[C@H]1OC(=O)[C@@H]1CCCCc1c[nH]c(Cl)c1Cl,"[""AT{'substrate': 'Allylmalonyl-CoA'}"", 'loading: True']",AT(hmal) + KR(B1) + DH,"[""AT{'substrate': 'DCP'}"", ""KR{'type': 'B1'}"", 'loading: False']","TE(cyclic, ring=0)",358.26
C=CCCC=C(O)[C@H]1OC(=O)[C@H]1CCCC,"[""AT{'substrate': 'Allylmalonyl-CoA'}"", 'loading: True']",AT(hmal) + KR(B1) + DH,"[""AT{'substrate': 'butmal'}"", ""KR{'type': 'B2'}"", 'loading: False']","TE(cyclic, ring=0)",224.3
C=CCCC=C(O)[C@H]1OC(=O)[C@@H]1OC,"[""AT{'substrate': 'Allylmalonyl-CoA'}"", 'loading: True']",AT(hmal) + KR(B1) + DH,"[""AT{'substrate': 'mxmal'}"", ""KR{'type': 'B1'}"", 'loading: False']","TE(cyclic, ring=1)",198.22
C=CCCC=C(O)C[C@@H]1OC1=O,"[""AT{'substrate': 'Allylmalonyl-CoA'}"", 'loading: True']",AT(hmal) + KR(B1) + DH,"[""AT{'substrate': 'hmal'}"", ""KR{'type': 'B1'}"", 'DH{}', 'ER{}', 'loading: False']","TE(cyclic, ring=0)",168.19
C=CCCC=C1OC(=O)[C@H](CCCC)C1=O,"[""AT{'substrate': 'Allylmalonyl-CoA'}"", 'loading: True']",AT(hmal) + KR(B1) + DH,"[""AT{'substrate': 'butmal'}"", ""KR{'type': 'C1'}"", 'loading: False']","TE(cyclic, ring=0)",222.28
C=CCCC=C1C[C@H](C(C)C)C(=O)O1,"[""AT{'substrate': 'Allylmalonyl-CoA'}"", 'loading: True']",AT(hmal) + KR(B1) + DH,"[""AT{'substrate': 'D-isobutmal'}"", ""KR{'type': 'B1'}"", 'DH{}', 'ER{}', 'loading: False']","TE(cyclic, ring=0)",194.27
C=CCCC=C1OC(=O)[C@H](CCCCCC)C1=O,"[""AT{'substrate': 'Allylmalonyl-CoA'}"", 'loading: True']",AT(hmal) + KR(B1) + DH,"[""AT{'substrate': 'hexmal'}"", ""KR{'type': 'C1'}"", 'loading: False']","TE(cyclic, ring=0)",250.34
C=CCCC=C(O)[C@@H]1OC(=O)[C@@H]1C,"[""AT{'substrate': 'Allylmalonyl-CoA'}"", 'loading: True']",AT(hmal) + KR(B1) + DH,"[""AT{'substrate': 'Methylmalonyl-CoA'}"", ""KR{'type': 'A1'}"", 'loading: False']","TE(cyclic, ring=0)",182.22
C=CCCC=C1OC(=O)[C@@H](CC=C)C1=O,"[""AT{'substrate': 'Allylmalonyl-CoA'}"", 'loading: True']",AT(hmal) + KR(B1) + DH,"[""AT{'substrate': 'allylmal'}"", ""KR{'type': 'C2'}"", 'loading: False']","TE(cyclic, ring=0)",206.24
C=CCCC=C(O)[C@H](O)[C@@H]1OC1=O,"[""AT{'substrate': 'Allylmalonyl-CoA'}"", 'loading: True']",AT(hmal) + KR(B1) + DH,"[""AT{'substrate': 'hmal'}"", ""KR{'type': 'A2'}"", 'loading: False']","TE(cyclic, ring=0)",184.19
C=CCCC=C(O)[C@H]1OC(=O)[C@@H]1CCCC,"[""AT{'substrate': 'Allylmalonyl-CoA'}"", 'loading: True']",AT(hmal) + KR(B1) + DH,"[""AT{'substrate': 'butmal'}"", ""KR{'type': 'B1'}"", 'loading: False']","TE(cyclic, ring=0)",224.3
C=CCCC=C1OC(=O)[C@@H](CCCCc2c[nH]c(Cl)c2Cl)C1=O,"[""AT{'substrate': 'Allylmalonyl-CoA'}"", 'loading: True']",AT(hmal) + KR(B1) + DH,"[""AT{'substrate': 'DCP'}"", ""KR{'type': 'C2'}"", 'loading: False']","TE(cyclic, ring=0)",356.25
C=CCCC=C(O)[C@H]1OC(=O)[C@@H]1CCCCCC,"[""AT{'substrate': 'Allylmalonyl-CoA'}"", 'loading: True']",AT(hmal) + KR(B1) + DH,"[""AT{'substrate': 'hexmal'}"", ""KR{'type': 'B1'}"", 'loading: False']","TE(cyclic, ring=0)",252.35
C=CCCC=C(O)C(=O)C1OC1=O,"[""AT{'substrate': 'Allylmalonyl-CoA'}"", 'loading: True']",AT(hmal) + KR(B1) + DH,"[""AT{'substrate': 'hmal'}"", 'loading: False']","TE(cyclic, ring=0)",182.17
C=CCCC=C1CCC(=O)O1,"[""AT{'substrate': 'Allylmalonyl-CoA'}"", 'loading: True']",AT(hmal) + KR(B1) + DH,"[""AT{'substrate': 'Malonyl-CoA'}"", ""KR{'type': 'B'}"", 'DH{}', 'ER{}', 'loading: False']","TE(cyclic, ring=0)",152.19
C=CCCC=C(O)[C@@H]1OC(=O)[C@@H]1CC=C,"[""AT{'substrate': 'Allylmalonyl-CoA'}"", 'loading: True']",AT(hmal) + KR(B1) + DH,"[""AT{'substrate': 'allylmal'}"", ""KR{'type': 'A1'}"", 'loading: False']","TE(cyclic, ring=0)",208.26
C=CCCC=C(O)[C@@H]1OC(=O)[C@@H]1CCCCc1c[nH]c(Cl)c1Cl,"[""AT{'substrate': 'Allylmalonyl-CoA'}"", 'loading: True']",AT(hmal) + KR(B1) + DH,"[""AT{'substrate': 'DCP'}"", ""KR{'type': 'A1'}"", 'loading: False']","TE(cyclic, ring=0)",358.26
C=CCCC=C1C=CC(=O)O1,"[""AT{'substrate': 'Allylmalonyl-CoA'}"", 'loading: True']",AT(hmal) + KR(B1) + DH,"[""AT{'substrate': 'Malonyl-CoA'}"", ""KR{'type': 'B'}"", 'DH{}', 'loading: False']","TE(cyclic, ring=0)",150.18
C=CCCC=C1C=C(C(C)C)C(=O)O1,"[""AT{'substrate': 'Allylmalonyl-CoA'}"", 'loading: True']",AT(hmal) + KR(B1) + DH,"[""AT{'substrate': 'D-isobutmal'}"", ""KR{'type': 'B1'}"", 'DH{}', 'loading: False']","TE(cyclic, ring=0)",192.26
C=CCCC=C(O)[C@H](O)[C@H]1OC1=O,"[""AT{'substrate': 'Allylmalonyl-CoA'}"", 'loading: True']",AT(hmal) + KR(B1) + DH,"[""AT{'substrate': 'hmal'}"", ""KR{'type': 'A1'}"", 'loading: False']","TE(cyclic, ring=0)",184.19
C=CCCC=C1C[C@H](CC=C)C(=O)O1,"[""AT{'substrate': 'Allylmalonyl-CoA'}"", 'loading: True']",AT(hmal) + KR(B1) + DH,"[""AT{'substrate': 'allylmal'}"", ""KR{'type': 'B1'}"", 'DH{}', 'ER{}', 'loading: False']","TE(cyclic, ring=0)",192.26
C=CCCC=C(O)[C@@H]1OC(=O)[C@H]1CC,"[""AT{'substrate': 'Allylmalonyl-CoA'}"", 'loading: True']",AT(hmal) + KR(B1) + DH,"[""AT{'substrate': 'emal'}"", ""KR{'type': 'A2'}"", 'loading: False']","TE(cyclic, ring=0)",196.25
C=CCCC=C1C=C(C)C(=O)O1,"[""AT{'substrate': 'Allylmalonyl-CoA'}"", 'loading: True']",AT(hmal) + KR(B1) + DH,"[""AT{'substrate': 'Methylmalonyl-CoA'}"", ""KR{'type': 'B1'}"", 'DH{}', 'loading: False']","TE(cyclic, ring=0)",164.2
C=CCCC=C(O)[C@@H]1OC(=O)[C@H]1C(C)C,"[""AT{'substrate': 'Allylmalonyl-CoA'}"", 'loading: True']",AT(hmal) + KR(B1) + DH,"[""AT{'substrate': 'isobutmal'}"", ""KR{'type': 'A2'}"", 'loading: False']","TE(cyclic, ring=0)",210.27
C=CCCC=C(O)[C@@H](O)[C@@H]1OC1=O,"[""AT{'substrate': 'Allylmalonyl-CoA'}"", 'loading: True']",AT(hmal) + KR(B1) + DH,"[""AT{'substrate': 'hmal'}"", ""KR{'type': 'B2'}"", 'loading: False']","TE(cyclic, ring=0)",184.19
C=CCCC=C1C=C(CC)C(=O)O1,"[""AT{'substrate': 'Allylmalonyl-CoA'}"", 'loading: True']",AT(hmal) + KR(B1) + DH,"[""AT{'substrate': 'emal'}"", ""KR{'type': 'B1'}"", 'DH{}', 'loading: False']","TE(cyclic, ring=0)",178.23
C=CCCC=C1C=C(CCCC)C(=O)O1,"[""AT{'substrate': 'Allylmalonyl-CoA'}"", 'loading: True']",AT(hmal) + KR(B1) + DH,"[""AT{'substrate': 'butmal'}"", ""KR{'type': 'B1'}"", 'DH{}', 'loading: False']","TE(cyclic, ring=0)",206.28
C=CCCC=C(O)[C@H]1OC(=O)[C@H]1C,"[""AT{'substrate': 'Allylmalonyl-CoA'}"", 'loading: True']",AT(hmal) + KR(B1) + DH,"[""AT{'substrate': 'Methylmalonyl-CoA'}"", ""KR{'type': 'B2'}"", 'loading: False']","TE(cyclic, ring=0)",182.22
C=CCCC=C(O)[C@@H]1OC(=O)[C@@H]1CCCCCC,"[""AT{'substrate': 'Allylmalonyl-CoA'}"", 'loading: True']",AT(hmal) + KR(B1) + DH,"[""AT{'substrate': 'hexmal'}"", ""KR{'type': 'A1'}"", 'loading: False']","TE(cyclic, ring=0)",252.35
C=CCCC=C1C[C@H](CCCC)C(=O)O1,"[""AT{'substrate': 'Allylmalonyl-CoA'}"", 'loading: True']",AT(hmal) + KR(B1) + DH,"[""AT{'substrate': 'butmal'}"", ""KR{'type': 'B1'}"", 'DH{}', 'ER{}', 'loading: False']","TE(cyclic, ring=0)",208.3
C=CCCC=C(O)[C@@H]1OC(=O)[C@@H]1CC,"[""AT{'substrate': 'Allylmalonyl-CoA'}"", 'loading: True']",AT(hmal) + KR(B1) + DH,"[""AT{'substrate': 'emal'}"", ""KR{'type': 'A1'}"", 'loading: False']","TE(cyclic, ring=0)",196.25
C=CCCC=C1C=C(O)C(=O)O1,"[""AT{'substrate': 'Allylmalonyl-CoA'}"", 'loading: True']",AT(hmal) + KR(B1) + DH,"[""AT{'substrate': 'hmal'}"", ""KR{'type': 'B1'}"", 'DH{}', 'loading: False']","TE(cyclic, ring=0)",166.18
CCCC=C(O)[C@@H]1OC(=O)[C@H]1C,"[""AT{'substrate': 'butmal'}"", 'loading: True']",AT(hmal) + KR(B1) + DH,"[""AT{'substrate': 'Methylmalonyl-CoA'}"", ""KR{'type': 'A2'}"", 'loading: False']","TE(cyclic, ring=0)",170.21
CCCC=C(O)C(=O)[C@H]1OC1=O,"[""AT{'substrate': 'butmal'}"", 'loading: True']",AT(hmal) + KR(B1) + DH,"[""AT{'substrate': 'hmal'}"", ""KR{'type': 'C1'}"", 'loading: False']","TE(cyclic, ring=0)",170.16
CCCC=C1OC(=O)CC1=O,"[""AT{'substrate': 'butmal'}"", 'loading: True']",AT(hmal) + KR(B1) + DH,"[""AT{'substrate': 'Malonyl-CoA'}"", 'loading: False']","TE(cyclic, ring=0)",154.16
CCCC=C1C[C@H](CC)C(=O)O1,"[""AT{'substrate': 'butmal'}"", 'loading: True']",AT(hmal) + KR(B1) + DH,"[""AT{'substrate': 'emal'}"", ""KR{'type': 'B1'}"", 'DH{}', 'ER{}', 'loading: False']","TE(cyclic, ring=0)",168.24
CCCC=C(O)[C@@H]1OC(=O)[C@@H]1C(C)C,"[""AT{'substrate': 'butmal'}"", 'loading: True']",AT(hmal) + KR(B1) + DH,"[""AT{'substrate': 'isobutmal'}"", ""KR{'type': 'A1'}"", 'loading: False']","TE(cyclic, ring=0)",198.26
CCCC=C(O)[C@@H]1OC(=O)[C@@H]1OC,"[""AT{'substrate': 'butmal'}"", 'loading: True']",AT(hmal) + KR(B1) + DH,"[""AT{'substrate': 'mxmal'}"", ""KR{'type': 'A1'}"", 'loading: False']","TE(cyclic, ring=1)",186.21
C=CC[C@@H]1C(=O)O[C@@H]1C(O)=CCCC,"[""AT{'substrate': 'butmal'}"", 'loading: True']",AT(hmal) + KR(B1) + DH,"[""AT{'substrate': 'allylmal'}"", ""KR{'type': 'B2'}"", 'loading: False']","TE(cyclic, ring=0)",196.25
CCCC=C1OC(=O)[C@H](C)C1=O,"[""AT{'substrate': 'butmal'}"", 'loading: True']",AT(hmal) + KR(B1) + DH,"[""AT{'substrate': 'Methylmalonyl-CoA'}"", ""KR{'type': 'C1'}"", 'loading: False']","TE(cyclic, ring=0)",168.19
CCCC=C(O)[C@H]1OC(=O)[C@H]1CCCCc1c[nH]c(Cl)c1Cl,"[""AT{'substrate': 'butmal'}"", 'loading: True']",AT(hmal) + KR(B1) + DH,"[""AT{'substrate': 'DCP'}"", ""KR{'type': 'B2'}"", 'loading: False']","TE(cyclic, ring=0)",346.25
CCCC=C(O)[C@H]1OC(=O)[C@H]1C(C)C,"[""AT{'substrate': 'butmal'}"", 'loading: True']",AT(hmal) + KR(B1) + DH,"[""AT{'substrate': 'isobutmal'}"", ""KR{'type': 'B2'}"", 'loading: False']","TE(cyclic, ring=0)",198.26
CCCC=C(O)[C@@H]1OC(=O)[C@H]1OC,"[""AT{'substrate': 'butmal'}"", 'loading: True']",AT(hmal) + KR(B1) + DH,"[""AT{'substrate': 'mxmal'}"", ""KR{'type': 'A2'}"", 'loading: False']","TE(cyclic, ring=1)",186.21
C=CC[C@@H]1C(=O)O[C@H]1C(O)=CCCC,"[""AT{'substrate': 'butmal'}"", 'loading: True']",AT(hmal) + KR(B1) + DH,"[""AT{'substrate': 'allylmal'}"", ""KR{'type': 'A2'}"", 'loading: False']","TE(cyclic, ring=0)",196.25
CCCC=C(O)[C@@H]1OC(=O)[C@H]1CCCCc1c[nH]c(Cl)c1Cl,"[""AT{'substrate': 'butmal'}"", 'loading: True']",AT(hmal) + KR(B1) + DH,"[""AT{'substrate': 'DCP'}"", ""KR{'type': 'A2'}"", 'loading: False']","TE(cyclic, ring=0)",346.25
CCCC=C1OC(=O)[C@@H](C(C)C)C1=O,"[""AT{'substrate': 'butmal'}"", 'loading: True']",AT(hmal) + KR(B1) + DH,"[""AT{'substrate': 'D-isobutmal'}"", ""KR{'type': 'C2'}"", 'loading: False']","TE(cyclic, ring=0)",196.25
CCCC=C(O)[C@@H]1CC(=O)O1,"[""AT{'substrate': 'butmal'}"", 'loading: True']",AT(hmal) + KR(B1) + DH,"[""AT{'substrate': 'Malonyl-CoA'}"", ""KR{'type': 'B'}"", 'loading: False']","TE(cyclic, ring=0)",156.18
CCCC=C1OC(=O)[C@@H](OC)C1=O,"[""AT{'substrate': 'butmal'}"", 'loading: True']",AT(hmal) + KR(B1) + DH,"[""AT{'substrate': 'mxmal'}"", ""KR{'type': 'C2'}"", 'loading: False']","TE(cyclic, ring=1)",184.19
CCCC=C1OC(=O)[C@H](CC)C1=O,"[""AT{'substrate': 'butmal'}"", 'loading: True']",AT(hmal) + KR(B1) + DH,"[""AT{'substrate': 'emal'}"", ""KR{'type': 'C1'}"", 'loading: False']","TE(cyclic, ring=0)",182.22
CCCC=C1OC(=O)C(CCCCc2c[nH]c(Cl)c2Cl)C1=O,"[""AT{'substrate': 'butmal'}"", 'loading: True']",AT(hmal) + KR(B1) + DH,"[""AT{'substrate': 'DCP'}"", 'loading: False']","TE(cyclic, ring=0)",344.24
CCCC=C1OC(=O)[C@@H](CCCC)C1=O,"[""AT{'substrate': 'butmal'}"", 'loading: True']",AT(hmal) + KR(B1) + DH,"[""AT{'substrate': 'butmal'}"", 'loading: False']","TE(cyclic, ring=0)",210.27
CCCC=C1OC(=O)[C@H](CCCCc2c[nH]c(Cl)c2Cl)C1=O,"[""AT{'substrate': 'butmal'}"", 'loading: True']",AT(hmal) + KR(B1) + DH,"[""AT{'substrate': 'DCP'}"", ""KR{'type': 'C1'}"", 'loading: False']","TE(cyclic, ring=0)",344.24
CCCC=C1C[C@H](CCCCCC)C(=O)O1,"[""AT{'substrate': 'butmal'}"", 'loading: True']",AT(hmal) + KR(B1) + DH,"[""AT{'substrate': 'hexmal'}"", ""KR{'type': 'B1'}"", 'DH{}', 'ER{}', 'loading: False']","TE(cyclic, ring=0)",224.34
CCCC=C(O)C(=O)[C@@H]1OC1=O,"[""AT{'substrate': 'butmal'}"", 'loading: True']",AT(hmal) + KR(B1) + DH,"[""AT{'substrate': 'hmal'}"", ""KR{'type': 'C2'}"", 'loading: False']","TE(cyclic, ring=0)",170.16
CCCC=C(O)[C@@H]1OC(=O)[C@@H]1CCCC,"[""AT{'substrate': 'butmal'}"", 'loading: True']",AT(hmal) + KR(B1) + DH,"[""AT{'substrate': 'butmal'}"", ""KR{'type': 'A1'}"", 'loading: False']","TE(cyclic, ring=0)",212.29
CCCC=C1OC(=O)[C@H](C(C)C)C1=O,"[""AT{'substrate': 'butmal'}"", 'loading: True']",AT(hmal) + KR(B1) + DH,"[""AT{'substrate': 'isobutmal'}"", ""KR{'type': 'C1'}"", 'loading: False']","TE(cyclic, ring=0)",196.25
CCCC=C1C[C@H](OC)C(=O)O1,"[""AT{'substrate': 'butmal'}"", 'loading: True']",AT(hmal) + KR(B1) + DH,"[""AT{'substrate': 'mxmal'}"", ""KR{'type': 'B1'}"", 'DH{}', 'ER{}', 'loading: False']","TE(cyclic, ring=1)",170.21
CCCC=C1C[C@H](CCCCc2c[nH]c(Cl)c2Cl)C(=O)O1,"[""AT{'substrate': 'butmal'}"", 'loading: True']",AT(hmal) + KR(B1) + DH,"[""AT{'substrate': 'DCP'}"", ""KR{'type': 'B1'}"", 'DH{}', 'ER{}', 'loading: False']","TE(cyclic, ring=0)",330.26
CCCC=C(O)[C@H]1OC(=O)[C@H]1CCCCCC,"[""AT{'substrate': 'butmal'}"", 'loading: True']",AT(hmal) + KR(B1) + DH,"[""AT{'substrate': 'hexmal'}"", ""KR{'type': 'B2'}"", 'loading: False']","TE(cyclic, ring=0)",240.34
CCCC=C(O)[C@H]1OC(=O)[C@H]1CC,"[""AT{'substrate': 'butmal'}"", 'loading: True']",AT(hmal) + KR(B1) + DH,"[""AT{'substrate': 'emal'}"", ""KR{'type': 'B2'}"", 'loading: False']","TE(cyclic, ring=0)",184.23
CCCC=C1C[C@H](C)C(=O)O1,"[""AT{'substrate': 'butmal'}"", 'loading: True']",AT(hmal) + KR(B1) + DH,"[""AT{'substrate': 'Methylmalonyl-CoA'}"", ""KR{'type': 'B1'}"", 'DH{}', 'ER{}', 'loading: False']","TE(cyclic, ring=0)",154.21
CCCC=C(O)[C@@H]1OC(=O)[C@H]1CCCC,"[""AT{'substrate': 'butmal'}"", 'loading: True']",AT(hmal) + KR(B1) + DH,"[""AT{'substrate': 'butmal'}"", ""KR{'type': 'A2'}"", 'loading: False']","TE(cyclic, ring=0)",212.29
CCCC=C(O)[C@@H](O)[C@H]1OC1=O,"[""AT{'substrate': 'butmal'}"", 'loading: True']",AT(hmal) + KR(B1) + DH,"[""AT{'substrate': 'hmal'}"", ""KR{'type': 'B1'}"", 'loading: False']","TE(cyclic, ring=0)",172.18
CCCC=C(O)[C@H]1OC(=O)[C@@H]1C(C)C,"[""AT{'substrate': 'butmal'}"", 'loading: True']",AT(hmal) + KR(B1) + DH,"[""AT{'substrate': 'D-isobutmal'}"", ""KR{'type': 'B1'}"", 'loading: False']","TE(cyclic, ring=0)",198.26
CCCC=C1C=C(OC)C(=O)O1,"[""AT{'substrate': 'butmal'}"", 'loading: True']",AT(hmal) + KR(B1) + DH,"[""AT{'substrate': 'mxmal'}"", ""KR{'type': 'B1'}"", 'DH{}', 'loading: False']","TE(cyclic, ring=0)",168.19
CCCC=C(O)[C@H]1CC(=O)O1,"[""AT{'substrate': 'butmal'}"", 'loading: True']",AT(hmal) + KR(B1) + DH,"[""AT{'substrate': 'Malonyl-CoA'}"", ""KR{'type': 'A'}"", 'loading: False']","TE(cyclic, ring=0)",156.18
CCCC=C(O)[C@@H]1OC(=O)[C@H]1CCCCCC,"[""AT{'substrate': 'butmal'}"", 'loading: True']",AT(hmal) + KR(B1) + DH,"[""AT{'substrate': 'hexmal'}"", ""KR{'type': 'A2'}"", 'loading: False']","TE(cyclic, ring=0)",240.34
CCCC=C1OC(=O)[C@@H](C)C1=O,"[""AT{'substrate': 'butmal'}"", 'loading: True']",AT(hmal) + KR(B1) + DH,"[""AT{'substrate': 'Methylmalonyl-CoA'}"", 'loading: False']","TE(cyclic, ring=0)",168.19
CCCC=C(O)[C@H]1OC(=O)[C@H]1OC,"[""AT{'substrate': 'butmal'}"", 'loading: True']",AT(hmal) + KR(B1) + DH,"[""AT{'substrate': 'mxmal'}"", ""KR{'type': 'B2'}"", 'loading: False']","TE(cyclic, ring=1)",186.21
CCCC=C(O)[C@H]1OC(=O)[C@@H]1C,"[""AT{'substrate': 'butmal'}"", 'loading: True']",AT(hmal) + KR(B1) + DH,"[""AT{'substrate': 'Methylmalonyl-CoA'}"", ""KR{'type': 'B1'}"", 'loading: False']","TE(cyclic, ring=0)",170.21
CCCC=C1OC(=O)[C@@H](CC)C1=O,"[""AT{'substrate': 'butmal'}"", 'loading: True']",AT(hmal) + KR(B1) + DH,"[""AT{'substrate': 'emal'}"", ""KR{'type': 'C2'}"", 'loading: False']","TE(cyclic, ring=0)",182.22
CCCC=C1C=C(CCCCCC)C(=O)O1,"[""AT{'substrate': 'butmal'}"", 'loading: True']",AT(hmal) + KR(B1) + DH,"[""AT{'substrate': 'hexmal'}"", ""KR{'type': 'B1'}"", 'DH{}', 'loading: False']","TE(cyclic, ring=0)",222.33
CCCC=C1OC(=O)[C@@H](CCCCCC)C1=O,"[""AT{'substrate': 'butmal'}"", 'loading: True']",AT(hmal) + KR(B1) + DH,"[""AT{'substrate': 'hexmal'}"", 'loading: False']","TE(cyclic, ring=0)",238.33
CCCC=C(O)[C@H]1OC(=O)[C@@H]1CC,"[""AT{'substrate': 'butmal'}"", 'loading: True']",AT(hmal) + KR(B1) + DH,"[""AT{'substrate': 'emal'}"", ""KR{'type': 'B1'}"", 'loading: False']","TE(cyclic, ring=0)",184.23
C=CC[C@H]1C(=O)O[C@@H]1C(O)=CCCC,"[""AT{'substrate': 'butmal'}"", 'loading: True']",AT(hmal) + KR(B1) + DH,"[""AT{'substrate': 'allylmal'}"", ""KR{'type': 'B1'}"", 'loading: False']","TE(cyclic, ring=0)",196.25
CCCC=C1OC(=O)[C@H](OC)C1=O,"[""AT{'substrate': 'butmal'}"", 'loading: True']",AT(hmal) + KR(B1) + DH,"[""AT{'substrate': 'mxmal'}"", ""KR{'type': 'C1'}"", 'loading: False']","TE(cyclic, ring=1)",184.19
C=CC[C@H]1C(=O)OC(=CCCC)C1=O,"[""AT{'substrate': 'butmal'}"", 'loading: True']",AT(hmal) + KR(B1) + DH,"[""AT{'substrate': 'allylmal'}"", ""KR{'type': 'C1'}"", 'loading: False']","TE(cyclic, ring=0)",194.23
C=CCC1=CC(=CCCC)OC1=O,"[""AT{'substrate': 'butmal'}"", 'loading: True']",AT(hmal) + KR(B1) + DH,"[""AT{'substrate': 'allylmal'}"", ""KR{'type': 'B1'}"", 'DH{}', 'loading: False']","TE(cyclic, ring=0)",178.23
CCCC=C1C=C(CCCCc2c[nH]c(Cl)c2Cl)C(=O)O1,"[""AT{'substrate': 'butmal'}"", 'loading: True']",AT(hmal) + KR(B1) + DH,"[""AT{'substrate': 'DCP'}"", ""KR{'type': 'B1'}"", 'DH{}', 'loading: False']","TE(cyclic, ring=0)",328.24
CCCC=C(O)[C@H]1OC(=O)[C@@H]1CCCCc1c[nH]c(Cl)c1Cl,"[""AT{'substrate': 'butmal'}"", 'loading: True']",AT(hmal) + KR(B1) + DH,"[""AT{'substrate': 'DCP'}"", ""KR{'type': 'B1'}"", 'loading: False']","TE(cyclic, ring=0)",346.25
CCCC=C(O)[C@H]1OC(=O)[C@H]1CCCC,"[""AT{'substrate': 'butmal'}"", 'loading: True']",AT(hmal) + KR(B1) + DH,"[""AT{'substrate': 'butmal'}"", ""KR{'type': 'B2'}"", 'loading: False']","TE(cyclic, ring=0)",212.29
CCCC=C(O)[C@H]1OC(=O)[C@@H]1OC,"[""AT{'substrate': 'butmal'}"", 'loading: True']",AT(hmal) + KR(B1) + DH,"[""AT{'substrate': 'mxmal'}"", ""KR{'type': 'B1'}"", 'loading: False']","TE(cyclic, ring=1)",186.21
CCCC=C(O)C[C@@H]1OC1=O,"[""AT{'substrate': 'butmal'}"", 'loading: True']",AT(hmal) + KR(B1) + DH,"[""AT{'substrate': 'hmal'}"", ""KR{'type': 'B1'}"", 'DH{}', 'ER{}', 'loading: False']","TE(cyclic, ring=0)",156.18
CCCC=C1OC(=O)[C@H](CCCC)C1=O,"[""AT{'substrate': 'butmal'}"", 'loading: True']",AT(hmal) + KR(B1) + DH,"[""AT{'substrate': 'butmal'}"", ""KR{'type': 'C1'}"", 'loading: False']","TE(cyclic, ring=0)",210.27
CCCC=C1C[C@H](C(C)C)C(=O)O1,"[""AT{'substrate': 'butmal'}"", 'loading: True']",AT(hmal) + KR(B1) + DH,"[""AT{'substrate': 'D-isobutmal'}"", ""KR{'type': 'B1'}"", 'DH{}', 'ER{}', 'loading: False']","TE(cyclic, ring=0)",182.26
CCCC=C1OC(=O)[C@H](CCCCCC)C1=O,"[""AT{'substrate': 'butmal'}"", 'loading: True']",AT(hmal) + KR(B1) + DH,"[""AT{'substrate': 'hexmal'}"", ""KR{'type': 'C1'}"", 'loading: False']","TE(cyclic, ring=0)",238.33
CCCC=C(O)[C@@H]1OC(=O)[C@@H]1C,"[""AT{'substrate': 'butmal'}"", 'loading: True']",AT(hmal) + KR(B1) + DH,"[""AT{'substrate': 'Methylmalonyl-CoA'}"", ""KR{'type': 'A1'}"", 'loading: False']","TE(cyclic, ring=0)",170.21
C=CC[C@@H]1C(=O)OC(=CCCC)C1=O,"[""AT{'substrate': 'butmal'}"", 'loading: True']",AT(hmal) + KR(B1) + DH,"[""AT{'substrate': 'allylmal'}"", ""KR{'type': 'C2'}"", 'loading: False']","TE(cyclic, ring=0)",194.23
CCCC=C(O)[C@H](O)[C@@H]1OC1=O,"[""AT{'substrate': 'butmal'}"", 'loading: True']",AT(hmal) + KR(B1) + DH,"[""AT{'substrate': 'hmal'}"", ""KR{'type': 'A2'}"", 'loading: False']","TE(cyclic, ring=0)",172.18
CCCC=C(O)[C@H]1OC(=O)[C@@H]1CCCC,"[""AT{'substrate': 'butmal'}"", 'loading: True']",AT(hmal) + KR(B1) + DH,"[""AT{'substrate': 'butmal'}"", ""KR{'type': 'B1'}"", 'loading: False']","TE(cyclic, ring=0)",212.29
CCCC=C1OC(=O)[C@@H](CCCCc2c[nH]c(Cl)c2Cl)C1=O,"[""AT{'substrate': 'butmal'}"", 'loading: True']",AT(hmal) + KR(B1) + DH,"[""AT{'substrate': 'DCP'}"", ""KR{'type': 'C2'}"", 'loading: False']","TE(cyclic, ring=0)",344.24
CCCC=C(O)[C@H]1OC(=O)[C@@H]1CCCCCC,"[""AT{'substrate': 'butmal'}"", 'loading: True']",AT(hmal) + KR(B1) + DH,"[""AT{'substrate': 'hexmal'}"", ""KR{'type': 'B1'}"", 'loading: False']","TE(cyclic, ring=0)",240.34
CCCC=C(O)C(=O)C1OC1=O,"[""AT{'substrate': 'butmal'}"", 'loading: True']",AT(hmal) + KR(B1) + DH,"[""AT{'substrate': 'hmal'}"", 'loading: False']","TE(cyclic, ring=0)",170.16
CCCC=C1CCC(=O)O1,"[""AT{'substrate': 'butmal'}"", 'loading: True']",AT(hmal) + KR(B1) + DH,"[""AT{'substrate': 'Malonyl-CoA'}"", ""KR{'type': 'B'}"", 'DH{}', 'ER{}', 'loading: False']","TE(cyclic, ring=0)",140.18
C=CC[C@H]1C(=O)O[C@H]1C(O)=CCCC,"[""AT{'substrate': 'butmal'}"", 'loading: True']",AT(hmal) + KR(B1) + DH,"[""AT{'substrate': 'allylmal'}"", ""KR{'type': 'A1'}"", 'loading: False']","TE(cyclic, ring=0)",196.25
CCCC=C(O)[C@@H]1OC(=O)[C@@H]1CCCCc1c[nH]c(Cl)c1Cl,"[""AT{'substrate': 'butmal'}"", 'loading: True']",AT(hmal) + KR(B1) + DH,"[""AT{'substrate': 'DCP'}"", ""KR{'type': 'A1'}"", 'loading: False']","TE(cyclic, ring=0)",346.25
CCCC=C1C=CC(=O)O1,"[""AT{'substrate': 'butmal'}"", 'loading: True']",AT(hmal) + KR(B1) + DH,"[""AT{'substrate': 'Malonyl-CoA'}"", ""KR{'type': 'B'}"", 'DH{}', 'loading: False']","TE(cyclic, ring=0)",138.17
CCCC=C1C=C(C(C)C)C(=O)O1,"[""AT{'substrate': 'butmal'}"", 'loading: True']",AT(hmal) + KR(B1) + DH,"[""AT{'substrate': 'D-isobutmal'}"", ""KR{'type': 'B1'}"", 'DH{}', 'loading: False']","TE(cyclic, ring=0)",180.25
CCCC=C(O)[C@H](O)[C@H]1OC1=O,"[""AT{'substrate': 'butmal'}"", 'loading: True']",AT(hmal) + KR(B1) + DH,"[""AT{'substrate': 'hmal'}"", ""KR{'type': 'A1'}"", 'loading: False']","TE(cyclic, ring=0)",172.18
C=CC[C@H]1CC(=CCCC)OC1=O,"[""AT{'substrate': 'butmal'}"", 'loading: True']",AT(hmal) + KR(B1) + DH,"[""AT{'substrate': 'allylmal'}"", ""KR{'type': 'B1'}"", 'DH{}', 'ER{}', 'loading: False']","TE(cyclic, ring=0)",180.25
CCCC=C(O)[C@@H]1OC(=O)[C@H]1CC,"[""AT{'substrate': 'butmal'}"", 'loading: True']",AT(hmal) + KR(B1) + DH,"[""AT{'substrate': 'emal'}"", ""KR{'type': 'A2'}"", 'loading: False']","TE(cyclic, ring=0)",184.23
CCCC=C1C=C(C)C(=O)O1,"[""AT{'substrate': 'butmal'}"", 'loading: True']",AT(hmal) + KR(B1) + DH,"[""AT{'substrate': 'Methylmalonyl-CoA'}"", ""KR{'type': 'B1'}"", 'DH{}', 'loading: False']","TE(cyclic, ring=0)",152.19
CCCC=C(O)[C@@H]1OC(=O)[C@H]1C(C)C,"[""AT{'substrate': 'butmal'}"", 'loading: True']",AT(hmal) + KR(B1) + DH,"[""AT{'substrate': 'isobutmal'}"", ""KR{'type': 'A2'}"", 'loading: False']","TE(cyclic, ring=0)",198.26
CCCC=C(O)[C@@H](O)[C@@H]1OC1=O,"[""AT{'substrate': 'butmal'}"", 'loading: True']",AT(hmal) + KR(B1) + DH,"[""AT{'substrate': 'hmal'}"", ""KR{'type': 'B2'}"", 'loading: False']","TE(cyclic, ring=0)",172.18
CCCC=C1C=C(CC)C(=O)O1,"[""AT{'substrate': 'butmal'}"", 'loading: True']",AT(hmal) + KR(B1) + DH,"[""AT{'substrate': 'emal'}"", ""KR{'type': 'B1'}"", 'DH{}', 'loading: False']","TE(cyclic, ring=0)",166.22
CCCC=C1C=C(CCCC)C(=O)O1,"[""AT{'substrate': 'butmal'}"", 'loading: True']",AT(hmal) + KR(B1) + DH,"[""AT{'substrate': 'butmal'}"", ""KR{'type': 'B1'}"", 'DH{}', 'loading: False']","TE(cyclic, ring=0)",194.27
CCCC=C(O)[C@H]1OC(=O)[C@H]1C,"[""AT{'substrate': 'butmal'}"", 'loading: True']",AT(hmal) + KR(B1) + DH,"[""AT{'substrate': 'Methylmalonyl-CoA'}"", ""KR{'type': 'B2'}"", 'loading: False']","TE(cyclic, ring=0)",170.21
CCCC=C(O)[C@@H]1OC(=O)[C@@H]1CCCCCC,"[""AT{'substrate': 'butmal'}"", 'loading: True']",AT(hmal) + KR(B1) + DH,"[""AT{'substrate': 'hexmal'}"", ""KR{'type': 'A1'}"", 'loading: False']","TE(cyclic, ring=0)",240.34
CCCC=C1C[C@H](CCCC)C(=O)O1,"[""AT{'substrate': 'butmal'}"", 'loading: True']",AT(hmal) + KR(B1) + DH,"[""AT{'substrate': 'butmal'}"", ""KR{'type': 'B1'}"", 'DH{}', 'ER{}', 'loading: False']","TE(cyclic, ring=0)",196.29
CCCC=C(O)[C@@H]1OC(=O)[C@@H]1CC,"[""AT{'substrate': 'butmal'}"", 'loading: True']",AT(hmal) + KR(B1) + DH,"[""AT{'substrate': 'emal'}"", ""KR{'type': 'A1'}"", 'loading: False']","TE(cyclic, ring=0)",184.23
CCCC=C1C=C(O)C(=O)O1,"[""AT{'substrate': 'butmal'}"", 'loading: True']",AT(hmal) + KR(B1) + DH,"[""AT{'substrate': 'hmal'}"", ""KR{'type': 'B1'}"", 'DH{}', 'loading: False']","TE(cyclic, ring=0)",154.16
COCC=C(O)[C@@H]1OC(=O)[C@H]1C,"[""AT{'substrate': 'mxmal'}"", 'loading: True']",AT(hmal) + KR(B1) + DH,"[""AT{'substrate': 'Methylmalonyl-CoA'}"", ""KR{'type': 'A2'}"", 'loading: False']","TE(cyclic, ring=0)",172.18
COCC=C(O)C(=O)[C@H]1OC1=O,"[""AT{'substrate': 'mxmal'}"", 'loading: True']",AT(hmal) + KR(B1) + DH,"[""AT{'substrate': 'hmal'}"", ""KR{'type': 'C1'}"", 'loading: False']","TE(cyclic, ring=0)",172.14
COCC=C1OC(=O)CC1=O,"[""AT{'substrate': 'mxmal'}"", 'loading: True']",AT(hmal) + KR(B1) + DH,"[""AT{'substrate': 'Malonyl-CoA'}"", 'loading: False']","TE(cyclic, ring=1)",156.14
CC[C@H]1CC(=CCOC)OC1=O,"[""AT{'substrate': 'mxmal'}"", 'loading: True']",AT(hmal) + KR(B1) + DH,"[""AT{'substrate': 'emal'}"", ""KR{'type': 'B1'}"", 'DH{}', 'ER{}', 'loading: False']","TE(cyclic, ring=1)",170.21
COCC=C(O)[C@@H]1OC(=O)[C@@H]1C(C)C,"[""AT{'substrate': 'mxmal'}"", 'loading: True']",AT(hmal) + KR(B1) + DH,"[""AT{'substrate': 'isobutmal'}"", ""KR{'type': 'A1'}"", 'loading: False']","TE(cyclic, ring=0)",200.23
COCC=C(O)[C@@H]1OC(=O)[C@@H]1OC,"[""AT{'substrate': 'mxmal'}"", 'loading: True']",AT(hmal) + KR(B1) + DH,"[""AT{'substrate': 'mxmal'}"", ""KR{'type': 'A1'}"", 'loading: False']","TE(cyclic, ring=1)",188.18
C=CC[C@@H]1C(=O)O[C@@H]1C(O)=CCOC,"[""AT{'substrate': 'mxmal'}"", 'loading: True']",AT(hmal) + KR(B1) + DH,"[""AT{'substrate': 'allylmal'}"", ""KR{'type': 'B2'}"", 'loading: False']","TE(cyclic, ring=0)",198.22
COCC=C1OC(=O)[C@H](C)C1=O,"[""AT{'substrate': 'mxmal'}"", 'loading: True']",AT(hmal) + KR(B1) + DH,"[""AT{'substrate': 'Methylmalonyl-CoA'}"", ""KR{'type': 'C1'}"", 'loading: False']","TE(cyclic, ring=1)",170.16
COCC=C(O)[C@H]1OC(=O)[C@H]1CCCCc1c[nH]c(Cl)c1Cl,"[""AT{'substrate': 'mxmal'}"", 'loading: True']",AT(hmal) + KR(B1) + DH,"[""AT{'substrate': 'DCP'}"", ""KR{'type': 'B2'}"", 'loading: False']","TE(cyclic, ring=0)",348.23
COCC=C(O)[C@H]1OC(=O)[C@H]1C(C)C,"[""AT{'substrate': 'mxmal'}"", 'loading: True']",AT(hmal) + KR(B1) + DH,"[""AT{'substrate': 'isobutmal'}"", ""KR{'type': 'B2'}"", 'loading: False']","TE(cyclic, ring=0)",200.23
COCC=C(O)[C@@H]1OC(=O)[C@H]1OC,"[""AT{'substrate': 'mxmal'}"", 'loading: True']",AT(hmal) + KR(B1) + DH,"[""AT{'substrate': 'mxmal'}"", ""KR{'type': 'A2'}"", 'loading: False']","TE(cyclic, ring=1)",188.18
C=CC[C@@H]1C(=O)O[C@H]1C(O)=CCOC,"[""AT{'substrate': 'mxmal'}"", 'loading: True']",AT(hmal) + KR(B1) + DH,"[""AT{'substrate': 'allylmal'}"", ""KR{'type': 'A2'}"", 'loading: False']","TE(cyclic, ring=0)",198.22
COCC=C(O)[C@@H]1OC(=O)[C@H]1CCCCc1c[nH]c(Cl)c1Cl,"[""AT{'substrate': 'mxmal'}"", 'loading: True']",AT(hmal) + KR(B1) + DH,"[""AT{'substrate': 'DCP'}"", ""KR{'type': 'A2'}"", 'loading: False']","TE(cyclic, ring=0)",348.23
COCC=C1OC(=O)[C@@H](C(C)C)C1=O,"[""AT{'substrate': 'mxmal'}"", 'loading: True']",AT(hmal) + KR(B1) + DH,"[""AT{'substrate': 'D-isobutmal'}"", ""KR{'type': 'C2'}"", 'loading: False']","TE(cyclic, ring=1)",198.22
COCC=C(O)[C@@H]1CC(=O)O1,"[""AT{'substrate': 'mxmal'}"", 'loading: True']",AT(hmal) + KR(B1) + DH,"[""AT{'substrate': 'Malonyl-CoA'}"", ""KR{'type': 'B'}"", 'loading: False']","TE(cyclic, ring=0)",158.15
COCC=C1OC(=O)[C@@H](OC)C1=O,"[""AT{'substrate': 'mxmal'}"", 'loading: True']",AT(hmal) + KR(B1) + DH,"[""AT{'substrate': 'mxmal'}"", ""KR{'type': 'C2'}"", 'loading: False']","TE(cyclic, ring=2)",186.16
CC[C@H]1C(=O)OC(=CCOC)C1=O,"[""AT{'substrate': 'mxmal'}"", 'loading: True']",AT(hmal) + KR(B1) + DH,"[""AT{'substrate': 'emal'}"", ""KR{'type': 'C1'}"", 'loading: False']","TE(cyclic, ring=1)",184.19
COCC=C1OC(=O)C(CCCCc2c[nH]c(Cl)c2Cl)C1=O,"[""AT{'substrate': 'mxmal'}"", 'loading: True']",AT(hmal) + KR(B1) + DH,"[""AT{'substrate': 'DCP'}"", 'loading: False']","TE(cyclic, ring=1)",346.21
CCCC[C@@H]1C(=O)OC(=CCOC)C1=O,"[""AT{'substrate': 'mxmal'}"", 'loading: True']",AT(hmal) + KR(B1) + DH,"[""AT{'substrate': 'butmal'}"", 'loading: False']","TE(cyclic, ring=1)",212.24
COCC=C1OC(=O)[C@H](CCCCc2c[nH]c(Cl)c2Cl)C1=O,"[""AT{'substrate': 'mxmal'}"", 'loading: True']",AT(hmal) + KR(B1) + DH,"[""AT{'substrate': 'DCP'}"", ""KR{'type': 'C1'}"", 'loading: False']","TE(cyclic, ring=1)",346.21
CCCCCC[C@H]1CC(=CCOC)OC1=O,"[""AT{'substrate': 'mxmal'}"", 'loading: True']",AT(hmal) + KR(B1) + DH,"[""AT{'substrate': 'hexmal'}"", ""KR{'type': 'B1'}"", 'DH{}', 'ER{}', 'loading: False']","TE(cyclic, ring=1)",226.32
COCC=C(O)C(=O)[C@@H]1OC1=O,"[""AT{'substrate': 'mxmal'}"", 'loading: True']",AT(hmal) + KR(B1) + DH,"[""AT{'substrate': 'hmal'}"", ""KR{'type': 'C2'}"", 'loading: False']","TE(cyclic, ring=0)",172.14
CCCC[C@H]1C(=O)O[C@H]1C(O)=CCOC,"[""AT{'substrate': 'mxmal'}"", 'loading: True']",AT(hmal) + KR(B1) + DH,"[""AT{'substrate': 'butmal'}"", ""KR{'type': 'A1'}"", 'loading: False']","TE(cyclic, ring=0)",214.26
COCC=C1OC(=O)[C@H](C(C)C)C1=O,"[""AT{'substrate': 'mxmal'}"", 'loading: True']",AT(hmal) + KR(B1) + DH,"[""AT{'substrate': 'isobutmal'}"", ""KR{'type': 'C1'}"", 'loading: False']","TE(cyclic, ring=1)",198.22
COCC=C1C[C@H](OC)C(=O)O1,"[""AT{'substrate': 'mxmal'}"", 'loading: True']",AT(hmal) + KR(B1) + DH,"[""AT{'substrate': 'mxmal'}"", ""KR{'type': 'B1'}"", 'DH{}', 'ER{}', 'loading: False']","TE(cyclic, ring=2)",172.18
COCC=C1C[C@H](CCCCc2c[nH]c(Cl)c2Cl)C(=O)O1,"[""AT{'substrate': 'mxmal'}"", 'loading: True']",AT(hmal) + KR(B1) + DH,"[""AT{'substrate': 'DCP'}"", ""KR{'type': 'B1'}"", 'DH{}', 'ER{}', 'loading: False']","TE(cyclic, ring=1)",332.23
CCCCCC[C@@H]1C(=O)O[C@@H]1C(O)=CCOC,"[""AT{'substrate': 'mxmal'}"", 'loading: True']",AT(hmal) + KR(B1) + DH,"[""AT{'substrate': 'hexmal'}"", ""KR{'type': 'B2'}"", 'loading: False']","TE(cyclic, ring=0)",242.31
CC[C@@H]1C(=O)O[C@@H]1C(O)=CCOC,"[""AT{'substrate': 'mxmal'}"", 'loading: True']",AT(hmal) + KR(B1) + DH,"[""AT{'substrate': 'emal'}"", ""KR{'type': 'B2'}"", 'loading: False']","TE(cyclic, ring=0)",186.21
COCC=C1C[C@H](C)C(=O)O1,"[""AT{'substrate': 'mxmal'}"", 'loading: True']",AT(hmal) + KR(B1) + DH,"[""AT{'substrate': 'Methylmalonyl-CoA'}"", ""KR{'type': 'B1'}"", 'DH{}', 'ER{}', 'loading: False']","TE(cyclic, ring=1)",156.18
CCCC[C@@H]1C(=O)O[C@H]1C(O)=CCOC,"[""AT{'substrate': 'mxmal'}"", 'loading: True']",AT(hmal) + KR(B1) + DH,"[""AT{'substrate': 'butmal'}"", ""KR{'type': 'A2'}"", 'loading: False']","TE(cyclic, ring=0)",214.26
COCC=C(O)[C@@H](O)[C@H]1OC1=O,"[""AT{'substrate': 'mxmal'}"", 'loading: True']",AT(hmal) + KR(B1) + DH,"[""AT{'substrate': 'hmal'}"", ""KR{'type': 'B1'}"", 'loading: False']","TE(cyclic, ring=0)",174.15
COCC=C(O)[C@H]1OC(=O)[C@@H]1C(C)C,"[""AT{'substrate': 'mxmal'}"", 'loading: True']",AT(hmal) + KR(B1) + DH,"[""AT{'substrate': 'D-isobutmal'}"", ""KR{'type': 'B1'}"", 'loading: False']","TE(cyclic, ring=0)",200.23
COCC=C1C=C(OC)C(=O)O1,"[""AT{'substrate': 'mxmal'}"", 'loading: True']",AT(hmal) + KR(B1) + DH,"[""AT{'substrate': 'mxmal'}"", ""KR{'type': 'B1'}"", 'DH{}', 'loading: False']","TE(cyclic, ring=1)",170.16
COCC=C(O)[C@H]1CC(=O)O1,"[""AT{'substrate': 'mxmal'}"", 'loading: True']",AT(hmal) + KR(B1) + DH,"[""AT{'substrate': 'Malonyl-CoA'}"", ""KR{'type': 'A'}"", 'loading: False']","TE(cyclic, ring=0)",158.15
CCCCCC[C@@H]1C(=O)O[C@H]1C(O)=CCOC,"[""AT{'substrate': 'mxmal'}"", 'loading: True']",AT(hmal) + KR(B1) + DH,"[""AT{'substrate': 'hexmal'}"", ""KR{'type': 'A2'}"", 'loading: False']","TE(cyclic, ring=0)",242.31
COCC=C1OC(=O)[C@@H](C)C1=O,"[""AT{'substrate': 'mxmal'}"", 'loading: True']",AT(hmal) + KR(B1) + DH,"[""AT{'substrate': 'Methylmalonyl-CoA'}"", 'loading: False']","TE(cyclic, ring=1)",170.16
COCC=C(O)[C@H]1OC(=O)[C@H]1OC,"[""AT{'substrate': 'mxmal'}"", 'loading: True']",AT(hmal) + KR(B1) + DH,"[""AT{'substrate': 'mxmal'}"", ""KR{'type': 'B2'}"", 'loading: False']","TE(cyclic, ring=1)",188.18
COCC=C(O)[C@H]1OC(=O)[C@@H]1C,"[""AT{'substrate': 'mxmal'}"", 'loading: True']",AT(hmal) + KR(B1) + DH,"[""AT{'substrate': 'Methylmalonyl-CoA'}"", ""KR{'type': 'B1'}"", 'loading: False']","TE(cyclic, ring=0)",172.18
CC[C@@H]1C(=O)OC(=CCOC)C1=O,"[""AT{'substrate': 'mxmal'}"", 'loading: True']",AT(hmal) + KR(B1) + DH,"[""AT{'substrate': 'emal'}"", ""KR{'type': 'C2'}"", 'loading: False']","TE(cyclic, ring=1)",184.19
CCCCCCC1=CC(=CCOC)OC1=O,"[""AT{'substrate': 'mxmal'}"", 'loading: True']",AT(hmal) + KR(B1) + DH,"[""AT{'substrate': 'hexmal'}"", ""KR{'type': 'B1'}"", 'DH{}', 'loading: False']","TE(cyclic, ring=1)",224.3
CCCCCC[C@@H]1C(=O)OC(=CCOC)C1=O,"[""AT{'substrate': 'mxmal'}"", 'loading: True']",AT(hmal) + KR(B1) + DH,"[""AT{'substrate': 'hexmal'}"", 'loading: False']","TE(cyclic, ring=1)",240.3
CC[C@H]1C(=O)O[C@@H]1C(O)=CCOC,"[""AT{'substrate': 'mxmal'}"", 'loading: True']",AT(hmal) + KR(B1) + DH,"[""AT{'substrate': 'emal'}"", ""KR{'type': 'B1'}"", 'loading: False']","TE(cyclic, ring=0)",186.21
C=CC[C@H]1C(=O)O[C@@H]1C(O)=CCOC,"[""AT{'substrate': 'mxmal'}"", 'loading: True']",AT(hmal) + KR(B1) + DH,"[""AT{'substrate': 'allylmal'}"", ""KR{'type': 'B1'}"", 'loading: False']","TE(cyclic, ring=0)",198.22
COCC=C1OC(=O)[C@H](OC)C1=O,"[""AT{'substrate': 'mxmal'}"", 'loading: True']",AT(hmal) + KR(B1) + DH,"[""AT{'substrate': 'mxmal'}"", ""KR{'type': 'C1'}"", 'loading: False']","TE(cyclic, ring=2)",186.16
C=CC[C@H]1C(=O)OC(=CCOC)C1=O,"[""AT{'substrate': 'mxmal'}"", 'loading: True']",AT(hmal) + KR(B1) + DH,"[""AT{'substrate': 'allylmal'}"", ""KR{'type': 'C1'}"", 'loading: False']","TE(cyclic, ring=1)",196.2
C=CCC1=CC(=CCOC)OC1=O,"[""AT{'substrate': 'mxmal'}"", 'loading: True']",AT(hmal) + KR(B1) + DH,"[""AT{'substrate': 'allylmal'}"", ""KR{'type': 'B1'}"", 'DH{}', 'loading: False']","TE(cyclic, ring=1)",180.2
COCC=C1C=C(CCCCc2c[nH]c(Cl)c2Cl)C(=O)O1,"[""AT{'substrate': 'mxmal'}"", 'loading: True']",AT(hmal) + KR(B1) + DH,"[""AT{'substrate': 'DCP'}"", ""KR{'type': 'B1'}"", 'DH{}', 'loading: False']","TE(cyclic, ring=1)",330.21
COCC=C(O)[C@H]1OC(=O)[C@@H]1CCCCc1c[nH]c(Cl)c1Cl,"[""AT{'substrate': 'mxmal'}"", 'loading: True']",AT(hmal) + KR(B1) + DH,"[""AT{'substrate': 'DCP'}"", ""KR{'type': 'B1'}"", 'loading: False']","TE(cyclic, ring=0)",348.23
CCCC[C@@H]1C(=O)O[C@@H]1C(O)=CCOC,"[""AT{'substrate': 'mxmal'}"", 'loading: True']",AT(hmal) + KR(B1) + DH,"[""AT{'substrate': 'butmal'}"", ""KR{'type': 'B2'}"", 'loading: False']","TE(cyclic, ring=0)",214.26
COCC=C(O)[C@H]1OC(=O)[C@@H]1OC,"[""AT{'substrate': 'mxmal'}"", 'loading: True']",AT(hmal) + KR(B1) + DH,"[""AT{'substrate': 'mxmal'}"", ""KR{'type': 'B1'}"", 'loading: False']","TE(cyclic, ring=1)",188.18
COCC=C(O)C[C@@H]1OC1=O,"[""AT{'substrate': 'mxmal'}"", 'loading: True']",AT(hmal) + KR(B1) + DH,"[""AT{'substrate': 'hmal'}"", ""KR{'type': 'B1'}"", 'DH{}', 'ER{}', 'loading: False']","TE(cyclic, ring=0)",158.15
CCCC[C@H]1C(=O)OC(=CCOC)C1=O,"[""AT{'substrate': 'mxmal'}"", 'loading: True']",AT(hmal) + KR(B1) + DH,"[""AT{'substrate': 'butmal'}"", ""KR{'type': 'C1'}"", 'loading: False']","TE(cyclic, ring=1)",212.24
COCC=C1C[C@H](C(C)C)C(=O)O1,"[""AT{'substrate': 'mxmal'}"", 'loading: True']",AT(hmal) + KR(B1) + DH,"[""AT{'substrate': 'D-isobutmal'}"", ""KR{'type': 'B1'}"", 'DH{}', 'ER{}', 'loading: False']","TE(cyclic, ring=1)",184.23
CCCCCC[C@H]1C(=O)OC(=CCOC)C1=O,"[""AT{'substrate': 'mxmal'}"", 'loading: True']",AT(hmal) + KR(B1) + DH,"[""AT{'substrate': 'hexmal'}"", ""KR{'type': 'C1'}"", 'loading: False']","TE(cyclic, ring=1)",240.3
COCC=C(O)[C@@H]1OC(=O)[C@@H]1C,"[""AT{'substrate': 'mxmal'}"", 'loading: True']",AT(hmal) + KR(B1) + DH,"[""AT{'substrate': 'Methylmalonyl-CoA'}"", ""KR{'type': 'A1'}"", 'loading: False']","TE(cyclic, ring=0)",172.18
C=CC[C@@H]1C(=O)OC(=CCOC)C1=O,"[""AT{'substrate': 'mxmal'}"", 'loading: True']",AT(hmal) + KR(B1) + DH,"[""AT{'substrate': 'allylmal'}"", ""KR{'type': 'C2'}"", 'loading: False']","TE(cyclic, ring=1)",196.2
COCC=C(O)[C@H](O)[C@@H]1OC1=O,"[""AT{'substrate': 'mxmal'}"", 'loading: True']",AT(hmal) + KR(B1) + DH,"[""AT{'substrate': 'hmal'}"", ""KR{'type': 'A2'}"", 'loading: False']","TE(cyclic, ring=0)",174.15
CCCC[C@H]1C(=O)O[C@@H]1C(O)=CCOC,"[""AT{'substrate': 'mxmal'}"", 'loading: True']",AT(hmal) + KR(B1) + DH,"[""AT{'substrate': 'butmal'}"", ""KR{'type': 'B1'}"", 'loading: False']","TE(cyclic, ring=0)",214.26
COCC=C1OC(=O)[C@@H](CCCCc2c[nH]c(Cl)c2Cl)C1=O,"[""AT{'substrate': 'mxmal'}"", 'loading: True']",AT(hmal) + KR(B1) + DH,"[""AT{'substrate': 'DCP'}"", ""KR{'type': 'C2'}"", 'loading: False']","TE(cyclic, ring=1)",346.21
CCCCCC[C@H]1C(=O)O[C@@H]1C(O)=CCOC,"[""AT{'substrate': 'mxmal'}"", 'loading: True']",AT(hmal) + KR(B1) + DH,"[""AT{'substrate': 'hexmal'}"", ""KR{'type': 'B1'}"", 'loading: False']","TE(cyclic, ring=0)",242.31
COCC=C(O)C(=O)C1OC1=O,"[""AT{'substrate': 'mxmal'}"", 'loading: True']",AT(hmal) + KR(B1) + DH,"[""AT{'substrate': 'hmal'}"", 'loading: False']","TE(cyclic, ring=0)",172.14
COCC=C1CCC(=O)O1,"[""AT{'substrate': 'mxmal'}"", 'loading: True']",AT(hmal) + KR(B1) + DH,"[""AT{'substrate': 'Malonyl-CoA'}"", ""KR{'type': 'B'}"", 'DH{}', 'ER{}', 'loading: False']","TE(cyclic, ring=1)",142.15
C=CC[C@H]1C(=O)O[C@H]1C(O)=CCOC,"[""AT{'substrate': 'mxmal'}"", 'loading: True']",AT(hmal) + KR(B1) + DH,"[""AT{'substrate': 'allylmal'}"", ""KR{'type': 'A1'}"", 'loading: False']","TE(cyclic, ring=0)",198.22
COCC=C(O)[C@@H]1OC(=O)[C@@H]1CCCCc1c[nH]c(Cl)c1Cl,"[""AT{'substrate': 'mxmal'}"", 'loading: True']",AT(hmal) + KR(B1) + DH,"[""AT{'substrate': 'DCP'}"", ""KR{'type': 'A1'}"", 'loading: False']","TE(cyclic, ring=0)",348.23
COCC=C1C=CC(=O)O1,"[""AT{'substrate': 'mxmal'}"", 'loading: True']",AT(hmal) + KR(B1) + DH,"[""AT{'substrate': 'Malonyl-CoA'}"", ""KR{'type': 'B'}"", 'DH{}', 'loading: False']","TE(cyclic, ring=1)",140.14
COCC=C1C=C(C(C)C)C(=O)O1,"[""AT{'substrate': 'mxmal'}"", 'loading: True']",AT(hmal) + KR(B1) + DH,"[""AT{'substrate': 'D-isobutmal'}"", ""KR{'type': 'B1'}"", 'DH{}', 'loading: False']","TE(cyclic, ring=1)",182.22
COCC=C(O)[C@H](O)[C@H]1OC1=O,"[""AT{'substrate': 'mxmal'}"", 'loading: True']",AT(hmal) + KR(B1) + DH,"[""AT{'substrate': 'hmal'}"", ""KR{'type': 'A1'}"", 'loading: False']","TE(cyclic, ring=0)",174.15
C=CC[C@H]1CC(=CCOC)OC1=O,"[""AT{'substrate': 'mxmal'}"", 'loading: True']",AT(hmal) + KR(B1) + DH,"[""AT{'substrate': 'allylmal'}"", ""KR{'type': 'B1'}"", 'DH{}', 'ER{}', 'loading: False']","TE(cyclic, ring=1)",182.22
CC[C@@H]1C(=O)O[C@H]1C(O)=CCOC,"[""AT{'substrate': 'mxmal'}"", 'loading: True']",AT(hmal) + KR(B1) + DH,"[""AT{'substrate': 'emal'}"", ""KR{'type': 'A2'}"", 'loading: False']","TE(cyclic, ring=0)",186.21
COCC=C1C=C(C)C(=O)O1,"[""AT{'substrate': 'mxmal'}"", 'loading: True']",AT(hmal) + KR(B1) + DH,"[""AT{'substrate': 'Methylmalonyl-CoA'}"", ""KR{'type': 'B1'}"", 'DH{}', 'loading: False']","TE(cyclic, ring=1)",154.16
COCC=C(O)[C@@H]1OC(=O)[C@H]1C(C)C,"[""AT{'substrate': 'mxmal'}"", 'loading: True']",AT(hmal) + KR(B1) + DH,"[""AT{'substrate': 'isobutmal'}"", ""KR{'type': 'A2'}"", 'loading: False']","TE(cyclic, ring=0)",200.23
COCC=C(O)[C@@H](O)[C@@H]1OC1=O,"[""AT{'substrate': 'mxmal'}"", 'loading: True']",AT(hmal) + KR(B1) + DH,"[""AT{'substrate': 'hmal'}"", ""KR{'type': 'B2'}"", 'loading: False']","TE(cyclic, ring=0)",174.15
CCC1=CC(=CCOC)OC1=O,"[""AT{'substrate': 'mxmal'}"", 'loading: True']",AT(hmal) + KR(B1) + DH,"[""AT{'substrate': 'emal'}"", ""KR{'type': 'B1'}"", 'DH{}', 'loading: False']","TE(cyclic, ring=1)",168.19
CCCCC1=CC(=CCOC)OC1=O,"[""AT{'substrate': 'mxmal'}"", 'loading: True']",AT(hmal) + KR(B1) + DH,"[""AT{'substrate': 'butmal'}"", ""KR{'type': 'B1'}"", 'DH{}', 'loading: False']","TE(cyclic, ring=1)",196.25
COCC=C(O)[C@H]1OC(=O)[C@H]1C,"[""AT{'substrate': 'mxmal'}"", 'loading: True']",AT(hmal) + KR(B1) + DH,"[""AT{'substrate': 'Methylmalonyl-CoA'}"", ""KR{'type': 'B2'}"", 'loading: False']","TE(cyclic, ring=0)",172.18
CCCCCC[C@H]1C(=O)O[C@H]1C(O)=CCOC,"[""AT{'substrate': 'mxmal'}"", 'loading: True']",AT(hmal) + KR(B1) + DH,"[""AT{'substrate': 'hexmal'}"", ""KR{'type': 'A1'}"", 'loading: False']","TE(cyclic, ring=0)",242.31
CCCC[C@H]1CC(=CCOC)OC1=O,"[""AT{'substrate': 'mxmal'}"", 'loading: True']",AT(hmal) + KR(B1) + DH,"[""AT{'substrate': 'butmal'}"", ""KR{'type': 'B1'}"", 'DH{}', 'ER{}', 'loading: False']","TE(cyclic, ring=1)",198.26
CC[C@H]1C(=O)O[C@H]1C(O)=CCOC,"[""AT{'substrate': 'mxmal'}"", 'loading: True']",AT(hmal) + KR(B1) + DH,"[""AT{'substrate': 'emal'}"", ""KR{'type': 'A1'}"", 'loading: False']","TE(cyclic, ring=0)",186.21
COCC=C1C=C(O)C(=O)O1,"[""AT{'substrate': 'mxmal'}"", 'loading: True']",AT(hmal) + KR(B1) + DH,"[""AT{'substrate': 'hmal'}"", ""KR{'type': 'B1'}"", 'DH{}', 'loading: False']","TE(cyclic, ring=1)",156.14
CC(C)C=C(O)[C@@H]1OC(=O)[C@H]1C,"[""AT{'substrate': 'isobut'}"", 'loading: True']",AT(hmal) + KR(B1) + DH,"[""AT{'substrate': 'Methylmalonyl-CoA'}"", ""KR{'type': 'A2'}"", 'loading: False']","TE(cyclic, ring=0)",170.21
CC(C)C=C(O)C(=O)[C@H]1OC1=O,"[""AT{'substrate': 'isobut'}"", 'loading: True']",AT(hmal) + KR(B1) + DH,"[""AT{'substrate': 'hmal'}"", ""KR{'type': 'C1'}"", 'loading: False']","TE(cyclic, ring=0)",170.16
CC(C)C=C1OC(=O)CC1=O,"[""AT{'substrate': 'isobut'}"", 'loading: True']",AT(hmal) + KR(B1) + DH,"[""AT{'substrate': 'Malonyl-CoA'}"", 'loading: False']","TE(cyclic, ring=0)",154.16
CC[C@H]1CC(=CC(C)C)OC1=O,"[""AT{'substrate': 'isobut'}"", 'loading: True']",AT(hmal) + KR(B1) + DH,"[""AT{'substrate': 'emal'}"", ""KR{'type': 'B1'}"", 'DH{}', 'ER{}', 'loading: False']","TE(cyclic, ring=0)",168.24
CC(C)C=C(O)[C@@H]1OC(=O)[C@@H]1C(C)C,"[""AT{'substrate': 'isobut'}"", 'loading: True']",AT(hmal) + KR(B1) + DH,"[""AT{'substrate': 'isobutmal'}"", ""KR{'type': 'A1'}"", 'loading: False']","TE(cyclic, ring=0)",198.26
CO[C@H]1C(=O)O[C@H]1C(O)=CC(C)C,"[""AT{'substrate': 'isobut'}"", 'loading: True']",AT(hmal) + KR(B1) + DH,"[""AT{'substrate': 'mxmal'}"", ""KR{'type': 'A1'}"", 'loading: False']","TE(cyclic, ring=1)",186.21
C=CC[C@@H]1C(=O)O[C@@H]1C(O)=CC(C)C,"[""AT{'substrate': 'isobut'}"", 'loading: True']",AT(hmal) + KR(B1) + DH,"[""AT{'substrate': 'allylmal'}"", ""KR{'type': 'B2'}"", 'loading: False']","TE(cyclic, ring=0)",196.25
CC(C)C=C1OC(=O)[C@H](C)C1=O,"[""AT{'substrate': 'isobut'}"", 'loading: True']",AT(hmal) + KR(B1) + DH,"[""AT{'substrate': 'Methylmalonyl-CoA'}"", ""KR{'type': 'C1'}"", 'loading: False']","TE(cyclic, ring=0)",168.19
CC(C)C=C(O)[C@H]1OC(=O)[C@H]1CCCCc1c[nH]c(Cl)c1Cl,"[""AT{'substrate': 'isobut'}"", 'loading: True']",AT(hmal) + KR(B1) + DH,"[""AT{'substrate': 'DCP'}"", ""KR{'type': 'B2'}"", 'loading: False']","TE(cyclic, ring=0)",346.25
CC(C)C=C(O)[C@H]1OC(=O)[C@H]1C(C)C,"[""AT{'substrate': 'isobut'}"", 'loading: True']",AT(hmal) + KR(B1) + DH,"[""AT{'substrate': 'isobutmal'}"", ""KR{'type': 'B2'}"", 'loading: False']","TE(cyclic, ring=0)",198.26
CO[C@@H]1C(=O)O[C@H]1C(O)=CC(C)C,"[""AT{'substrate': 'isobut'}"", 'loading: True']",AT(hmal) + KR(B1) + DH,"[""AT{'substrate': 'mxmal'}"", ""KR{'type': 'A2'}"", 'loading: False']","TE(cyclic, ring=1)",186.21
C=CC[C@@H]1C(=O)O[C@H]1C(O)=CC(C)C,"[""AT{'substrate': 'isobut'}"", 'loading: True']",AT(hmal) + KR(B1) + DH,"[""AT{'substrate': 'allylmal'}"", ""KR{'type': 'A2'}"", 'loading: False']","TE(cyclic, ring=0)",196.25
CC(C)C=C(O)[C@@H]1OC(=O)[C@H]1CCCCc1c[nH]c(Cl)c1Cl,"[""AT{'substrate': 'isobut'}"", 'loading: True']",AT(hmal) + KR(B1) + DH,"[""AT{'substrate': 'DCP'}"", ""KR{'type': 'A2'}"", 'loading: False']","TE(cyclic, ring=0)",346.25
CC(C)C=C1OC(=O)[C@@H](C(C)C)C1=O,"[""AT{'substrate': 'isobut'}"", 'loading: True']",AT(hmal) + KR(B1) + DH,"[""AT{'substrate': 'D-isobutmal'}"", ""KR{'type': 'C2'}"", 'loading: False']","TE(cyclic, ring=0)",196.25
CC(C)C=C(O)[C@@H]1CC(=O)O1,"[""AT{'substrate': 'isobut'}"", 'loading: True']",AT(hmal) + KR(B1) + DH,"[""AT{'substrate': 'Malonyl-CoA'}"", ""KR{'type': 'B'}"", 'loading: False']","TE(cyclic, ring=0)",156.18
CO[C@@H]1C(=O)OC(=CC(C)C)C1=O,"[""AT{'substrate': 'isobut'}"", 'loading: True']",AT(hmal) + KR(B1) + DH,"[""AT{'substrate': 'mxmal'}"", ""KR{'type': 'C2'}"", 'loading: False']","TE(cyclic, ring=1)",184.19
CC[C@H]1C(=O)OC(=CC(C)C)C1=O,"[""AT{'substrate': 'isobut'}"", 'loading: True']",AT(hmal) + KR(B1) + DH,"[""AT{'substrate': 'emal'}"", ""KR{'type': 'C1'}"", 'loading: False']","TE(cyclic, ring=0)",182.22
CC(C)C=C1OC(=O)C(CCCCc2c[nH]c(Cl)c2Cl)C1=O,"[""AT{'substrate': 'isobut'}"", 'loading: True']",AT(hmal) + KR(B1) + DH,"[""AT{'substrate': 'DCP'}"", 'loading: False']","TE(cyclic, ring=0)",344.24
CCCC[C@@H]1C(=O)OC(=CC(C)C)C1=O,"[""AT{'substrate': 'isobut'}"", 'loading: True']",AT(hmal) + KR(B1) + DH,"[""AT{'substrate': 'butmal'}"", 'loading: False']","TE(cyclic, ring=0)",210.27
CC(C)C=C1OC(=O)[C@H](CCCCc2c[nH]c(Cl)c2Cl)C1=O,"[""AT{'substrate': 'isobut'}"", 'loading: True']",AT(hmal) + KR(B1) + DH,"[""AT{'substrate': 'DCP'}"", ""KR{'type': 'C1'}"", 'loading: False']","TE(cyclic, ring=0)",344.24
CCCCCC[C@H]1CC(=CC(C)C)OC1=O,"[""AT{'substrate': 'isobut'}"", 'loading: True']",AT(hmal) + KR(B1) + DH,"[""AT{'substrate': 'hexmal'}"", ""KR{'type': 'B1'}"", 'DH{}', 'ER{}', 'loading: False']","TE(cyclic, ring=0)",224.34
CC(C)C=C(O)C(=O)[C@@H]1OC1=O,"[""AT{'substrate': 'isobut'}"", 'loading: True']",AT(hmal) + KR(B1) + DH,"[""AT{'substrate': 'hmal'}"", ""KR{'type': 'C2'}"", 'loading: False']","TE(cyclic, ring=0)",170.16
CCCC[C@H]1C(=O)O[C@H]1C(O)=CC(C)C,"[""AT{'substrate': 'isobut'}"", 'loading: True']",AT(hmal) + KR(B1) + DH,"[""AT{'substrate': 'butmal'}"", ""KR{'type': 'A1'}"", 'loading: False']","TE(cyclic, ring=0)",212.29
CC(C)C=C1OC(=O)[C@H](C(C)C)C1=O,"[""AT{'substrate': 'isobut'}"", 'loading: True']",AT(hmal) + KR(B1) + DH,"[""AT{'substrate': 'isobutmal'}"", ""KR{'type': 'C1'}"", 'loading: False']","TE(cyclic, ring=0)",196.25
CO[C@H]1CC(=CC(C)C)OC1=O,"[""AT{'substrate': 'isobut'}"", 'loading: True']",AT(hmal) + KR(B1) + DH,"[""AT{'substrate': 'mxmal'}"", ""KR{'type': 'B1'}"", 'DH{}', 'ER{}', 'loading: False']","TE(cyclic, ring=1)",170.21
CC(C)C=C1C[C@H](CCCCc2c[nH]c(Cl)c2Cl)C(=O)O1,"[""AT{'substrate': 'isobut'}"", 'loading: True']",AT(hmal) + KR(B1) + DH,"[""AT{'substrate': 'DCP'}"", ""KR{'type': 'B1'}"", 'DH{}', 'ER{}', 'loading: False']","TE(cyclic, ring=0)",330.26
CCCCCC[C@@H]1C(=O)O[C@@H]1C(O)=CC(C)C,"[""AT{'substrate': 'isobut'}"", 'loading: True']",AT(hmal) + KR(B1) + DH,"[""AT{'substrate': 'hexmal'}"", ""KR{'type': 'B2'}"", 'loading: False']","TE(cyclic, ring=0)",240.34
CC[C@@H]1C(=O)O[C@@H]1C(O)=CC(C)C,"[""AT{'substrate': 'isobut'}"", 'loading: True']",AT(hmal) + KR(B1) + DH,"[""AT{'substrate': 'emal'}"", ""KR{'type': 'B2'}"", 'loading: False']","TE(cyclic, ring=0)",184.23
CC(C)C=C1C[C@H](C)C(=O)O1,"[""AT{'substrate': 'isobut'}"", 'loading: True']",AT(hmal) + KR(B1) + DH,"[""AT{'substrate': 'Methylmalonyl-CoA'}"", ""KR{'type': 'B1'}"", 'DH{}', 'ER{}', 'loading: False']","TE(cyclic, ring=0)",154.21
CCCC[C@@H]1C(=O)O[C@H]1C(O)=CC(C)C,"[""AT{'substrate': 'isobut'}"", 'loading: True']",AT(hmal) + KR(B1) + DH,"[""AT{'substrate': 'butmal'}"", ""KR{'type': 'A2'}"", 'loading: False']","TE(cyclic, ring=0)",212.29
CC(C)C=C(O)[C@@H](O)[C@H]1OC1=O,"[""AT{'substrate': 'isobut'}"", 'loading: True']",AT(hmal) + KR(B1) + DH,"[""AT{'substrate': 'hmal'}"", ""KR{'type': 'B1'}"", 'loading: False']","TE(cyclic, ring=0)",172.18
CC(C)C=C(O)[C@H]1OC(=O)[C@@H]1C(C)C,"[""AT{'substrate': 'isobut'}"", 'loading: True']",AT(hmal) + KR(B1) + DH,"[""AT{'substrate': 'D-isobutmal'}"", ""KR{'type': 'B1'}"", 'loading: False']","TE(cyclic, ring=0)",198.26
COC1=CC(=CC(C)C)OC1=O,"[""AT{'substrate': 'isobut'}"", 'loading: True']",AT(hmal) + KR(B1) + DH,"[""AT{'substrate': 'mxmal'}"", ""KR{'type': 'B1'}"", 'DH{}', 'loading: False']","TE(cyclic, ring=0)",168.19
CC(C)C=C(O)[C@H]1CC(=O)O1,"[""AT{'substrate': 'isobut'}"", 'loading: True']",AT(hmal) + KR(B1) + DH,"[""AT{'substrate': 'Malonyl-CoA'}"", ""KR{'type': 'A'}"", 'loading: False']","TE(cyclic, ring=0)",156.18
CCCCCC[C@@H]1C(=O)O[C@H]1C(O)=CC(C)C,"[""AT{'substrate': 'isobut'}"", 'loading: True']",AT(hmal) + KR(B1) + DH,"[""AT{'substrate': 'hexmal'}"", ""KR{'type': 'A2'}"", 'loading: False']","TE(cyclic, ring=0)",240.34
CC(C)C=C1OC(=O)[C@@H](C)C1=O,"[""AT{'substrate': 'isobut'}"", 'loading: True']",AT(hmal) + KR(B1) + DH,"[""AT{'substrate': 'Methylmalonyl-CoA'}"", 'loading: False']","TE(cyclic, ring=0)",168.19
CO[C@@H]1C(=O)O[C@@H]1C(O)=CC(C)C,"[""AT{'substrate': 'isobut'}"", 'loading: True']",AT(hmal) + KR(B1) + DH,"[""AT{'substrate': 'mxmal'}"", ""KR{'type': 'B2'}"", 'loading: False']","TE(cyclic, ring=1)",186.21
CC(C)C=C(O)[C@H]1OC(=O)[C@@H]1C,"[""AT{'substrate': 'isobut'}"", 'loading: True']",AT(hmal) + KR(B1) + DH,"[""AT{'substrate': 'Methylmalonyl-CoA'}"", ""KR{'type': 'B1'}"", 'loading: False']","TE(cyclic, ring=0)",170.21
CC[C@@H]1C(=O)OC(=CC(C)C)C1=O,"[""AT{'substrate': 'isobut'}"", 'loading: True']",AT(hmal) + KR(B1) + DH,"[""AT{'substrate': 'emal'}"", ""KR{'type': 'C2'}"", 'loading: False']","TE(cyclic, ring=0)",182.22
CCCCCCC1=CC(=CC(C)C)OC1=O,"[""AT{'substrate': 'isobut'}"", 'loading: True']",AT(hmal) + KR(B1) + DH,"[""AT{'substrate': 'hexmal'}"", ""KR{'type': 'B1'}"", 'DH{}', 'loading: False']","TE(cyclic, ring=0)",222.33
CCCCCC[C@@H]1C(=O)OC(=CC(C)C)C1=O,"[""AT{'substrate': 'isobut'}"", 'loading: True']",AT(hmal) + KR(B1) + DH,"[""AT{'substrate': 'hexmal'}"", 'loading: False']","TE(cyclic, ring=0)",238.33
CC[C@H]1C(=O)O[C@@H]1C(O)=CC(C)C,"[""AT{'substrate': 'isobut'}"", 'loading: True']",AT(hmal) + KR(B1) + DH,"[""AT{'substrate': 'emal'}"", ""KR{'type': 'B1'}"", 'loading: False']","TE(cyclic, ring=0)",184.23
C=CC[C@H]1C(=O)O[C@@H]1C(O)=CC(C)C,"[""AT{'substrate': 'isobut'}"", 'loading: True']",AT(hmal) + KR(B1) + DH,"[""AT{'substrate': 'allylmal'}"", ""KR{'type': 'B1'}"", 'loading: False']","TE(cyclic, ring=0)",196.25
CO[C@H]1C(=O)OC(=CC(C)C)C1=O,"[""AT{'substrate': 'isobut'}"", 'loading: True']",AT(hmal) + KR(B1) + DH,"[""AT{'substrate': 'mxmal'}"", ""KR{'type': 'C1'}"", 'loading: False']","TE(cyclic, ring=1)",184.19
C=CC[C@H]1C(=O)OC(=CC(C)C)C1=O,"[""AT{'substrate': 'isobut'}"", 'loading: True']",AT(hmal) + KR(B1) + DH,"[""AT{'substrate': 'allylmal'}"", ""KR{'type': 'C1'}"", 'loading: False']","TE(cyclic, ring=0)",194.23
C=CCC1=CC(=CC(C)C)OC1=O,"[""AT{'substrate': 'isobut'}"", 'loading: True']",AT(hmal) + KR(B1) + DH,"[""AT{'substrate': 'allylmal'}"", ""KR{'type': 'B1'}"", 'DH{}', 'loading: False']","TE(cyclic, ring=0)",178.23
CC(C)C=C1C=C(CCCCc2c[nH]c(Cl)c2Cl)C(=O)O1,"[""AT{'substrate': 'isobut'}"", 'loading: True']",AT(hmal) + KR(B1) + DH,"[""AT{'substrate': 'DCP'}"", ""KR{'type': 'B1'}"", 'DH{}', 'loading: False']","TE(cyclic, ring=0)",328.24
CC(C)C=C(O)[C@H]1OC(=O)[C@@H]1CCCCc1c[nH]c(Cl)c1Cl,"[""AT{'substrate': 'isobut'}"", 'loading: True']",AT(hmal) + KR(B1) + DH,"[""AT{'substrate': 'DCP'}"", ""KR{'type': 'B1'}"", 'loading: False']","TE(cyclic, ring=0)",346.25
CCCC[C@@H]1C(=O)O[C@@H]1C(O)=CC(C)C,"[""AT{'substrate': 'isobut'}"", 'loading: True']",AT(hmal) + KR(B1) + DH,"[""AT{'substrate': 'butmal'}"", ""KR{'type': 'B2'}"", 'loading: False']","TE(cyclic, ring=0)",212.29
CO[C@H]1C(=O)O[C@@H]1C(O)=CC(C)C,"[""AT{'substrate': 'isobut'}"", 'loading: True']",AT(hmal) + KR(B1) + DH,"[""AT{'substrate': 'mxmal'}"", ""KR{'type': 'B1'}"", 'loading: False']","TE(cyclic, ring=1)",186.21
CC(C)C=C(O)C[C@@H]1OC1=O,"[""AT{'substrate': 'isobut'}"", 'loading: True']",AT(hmal) + KR(B1) + DH,"[""AT{'substrate': 'hmal'}"", ""KR{'type': 'B1'}"", 'DH{}', 'ER{}', 'loading: False']","TE(cyclic, ring=0)",156.18
CCCC[C@H]1C(=O)OC(=CC(C)C)C1=O,"[""AT{'substrate': 'isobut'}"", 'loading: True']",AT(hmal) + KR(B1) + DH,"[""AT{'substrate': 'butmal'}"", ""KR{'type': 'C1'}"", 'loading: False']","TE(cyclic, ring=0)",210.27
CC(C)C=C1C[C@H](C(C)C)C(=O)O1,"[""AT{'substrate': 'isobut'}"", 'loading: True']",AT(hmal) + KR(B1) + DH,"[""AT{'substrate': 'D-isobutmal'}"", ""KR{'type': 'B1'}"", 'DH{}', 'ER{}', 'loading: False']","TE(cyclic, ring=0)",182.26
CCCCCC[C@H]1C(=O)OC(=CC(C)C)C1=O,"[""AT{'substrate': 'isobut'}"", 'loading: True']",AT(hmal) + KR(B1) + DH,"[""AT{'substrate': 'hexmal'}"", ""KR{'type': 'C1'}"", 'loading: False']","TE(cyclic, ring=0)",238.33
CC(C)C=C(O)[C@@H]1OC(=O)[C@@H]1C,"[""AT{'substrate': 'isobut'}"", 'loading: True']",AT(hmal) + KR(B1) + DH,"[""AT{'substrate': 'Methylmalonyl-CoA'}"", ""KR{'type': 'A1'}"", 'loading: False']","TE(cyclic, ring=0)",170.21
C=CC[C@@H]1C(=O)OC(=CC(C)C)C1=O,"[""AT{'substrate': 'isobut'}"", 'loading: True']",AT(hmal) + KR(B1) + DH,"[""AT{'substrate': 'allylmal'}"", ""KR{'type': 'C2'}"", 'loading: False']","TE(cyclic, ring=0)",194.23
CC(C)C=C(O)[C@H](O)[C@@H]1OC1=O,"[""AT{'substrate': 'isobut'}"", 'loading: True']",AT(hmal) + KR(B1) + DH,"[""AT{'substrate': 'hmal'}"", ""KR{'type': 'A2'}"", 'loading: False']","TE(cyclic, ring=0)",172.18
CCCC[C@H]1C(=O)O[C@@H]1C(O)=CC(C)C,"[""AT{'substrate': 'isobut'}"", 'loading: True']",AT(hmal) + KR(B1) + DH,"[""AT{'substrate': 'butmal'}"", ""KR{'type': 'B1'}"", 'loading: False']","TE(cyclic, ring=0)",212.29
CC(C)C=C1OC(=O)[C@@H](CCCCc2c[nH]c(Cl)c2Cl)C1=O,"[""AT{'substrate': 'isobut'}"", 'loading: True']",AT(hmal) + KR(B1) + DH,"[""AT{'substrate': 'DCP'}"", ""KR{'type': 'C2'}"", 'loading: False']","TE(cyclic, ring=0)",344.24
CCCCCC[C@H]1C(=O)O[C@@H]1C(O)=CC(C)C,"[""AT{'substrate': 'isobut'}"", 'loading: True']",AT(hmal) + KR(B1) + DH,"[""AT{'substrate': 'hexmal'}"", ""KR{'type': 'B1'}"", 'loading: False']","TE(cyclic, ring=0)",240.34
CC(C)C=C(O)C(=O)C1OC1=O,"[""AT{'substrate': 'isobut'}"", 'loading: True']",AT(hmal) + KR(B1) + DH,"[""AT{'substrate': 'hmal'}"", 'loading: False']","TE(cyclic, ring=0)",170.16
CC(C)C=C1CCC(=O)O1,"[""AT{'substrate': 'isobut'}"", 'loading: True']",AT(hmal) + KR(B1) + DH,"[""AT{'substrate': 'Malonyl-CoA'}"", ""KR{'type': 'B'}"", 'DH{}', 'ER{}', 'loading: False']","TE(cyclic, ring=0)",140.18
C=CC[C@H]1C(=O)O[C@H]1C(O)=CC(C)C,"[""AT{'substrate': 'isobut'}"", 'loading: True']",AT(hmal) + KR(B1) + DH,"[""AT{'substrate': 'allylmal'}"", ""KR{'type': 'A1'}"", 'loading: False']","TE(cyclic, ring=0)",196.25
CC(C)C=C(O)[C@@H]1OC(=O)[C@@H]1CCCCc1c[nH]c(Cl)c1Cl,"[""AT{'substrate': 'isobut'}"", 'loading: True']",AT(hmal) + KR(B1) + DH,"[""AT{'substrate': 'DCP'}"", ""KR{'type': 'A1'}"", 'loading: False']","TE(cyclic, ring=0)",346.25
CC(C)C=C1C=CC(=O)O1,"[""AT{'substrate': 'isobut'}"", 'loading: True']",AT(hmal) + KR(B1) + DH,"[""AT{'substrate': 'Malonyl-CoA'}"", ""KR{'type': 'B'}"", 'DH{}', 'loading: False']","TE(cyclic, ring=0)",138.17
CC(C)C=C1C=C(C(C)C)C(=O)O1,"[""AT{'substrate': 'isobut'}"", 'loading: True']",AT(hmal) + KR(B1) + DH,"[""AT{'substrate': 'D-isobutmal'}"", ""KR{'type': 'B1'}"", 'DH{}', 'loading: False']","TE(cyclic, ring=0)",180.25
CC(C)C=C(O)[C@H](O)[C@H]1OC1=O,"[""AT{'substrate': 'isobut'}"", 'loading: True']",AT(hmal) + KR(B1) + DH,"[""AT{'substrate': 'hmal'}"", ""KR{'type': 'A1'}"", 'loading: False']","TE(cyclic, ring=0)",172.18
C=CC[C@H]1CC(=CC(C)C)OC1=O,"[""AT{'substrate': 'isobut'}"", 'loading: True']",AT(hmal) + KR(B1) + DH,"[""AT{'substrate': 'allylmal'}"", ""KR{'type': 'B1'}"", 'DH{}', 'ER{}', 'loading: False']","TE(cyclic, ring=0)",180.25
CC[C@@H]1C(=O)O[C@H]1C(O)=CC(C)C,"[""AT{'substrate': 'isobut'}"", 'loading: True']",AT(hmal) + KR(B1) + DH,"[""AT{'substrate': 'emal'}"", ""KR{'type': 'A2'}"", 'loading: False']","TE(cyclic, ring=0)",184.23
CC1=CC(=CC(C)C)OC1=O,"[""AT{'substrate': 'isobut'}"", 'loading: True']",AT(hmal) + KR(B1) + DH,"[""AT{'substrate': 'Methylmalonyl-CoA'}"", ""KR{'type': 'B1'}"", 'DH{}', 'loading: False']","TE(cyclic, ring=0)",152.19
CC(C)C=C(O)[C@@H]1OC(=O)[C@H]1C(C)C,"[""AT{'substrate': 'isobut'}"", 'loading: True']",AT(hmal) + KR(B1) + DH,"[""AT{'substrate': 'isobutmal'}"", ""KR{'type': 'A2'}"", 'loading: False']","TE(cyclic, ring=0)",198.26
CC(C)C=C(O)[C@@H](O)[C@@H]1OC1=O,"[""AT{'substrate': 'isobut'}"", 'loading: True']",AT(hmal) + KR(B1) + DH,"[""AT{'substrate': 'hmal'}"", ""KR{'type': 'B2'}"", 'loading: False']","TE(cyclic, ring=0)",172.18
CCC1=CC(=CC(C)C)OC1=O,"[""AT{'substrate': 'isobut'}"", 'loading: True']",AT(hmal) + KR(B1) + DH,"[""AT{'substrate': 'emal'}"", ""KR{'type': 'B1'}"", 'DH{}', 'loading: False']","TE(cyclic, ring=0)",166.22
CCCCC1=CC(=CC(C)C)OC1=O,"[""AT{'substrate': 'isobut'}"", 'loading: True']",AT(hmal) + KR(B1) + DH,"[""AT{'substrate': 'butmal'}"", ""KR{'type': 'B1'}"", 'DH{}', 'loading: False']","TE(cyclic, ring=0)",194.27
CC(C)C=C(O)[C@H]1OC(=O)[C@H]1C,"[""AT{'substrate': 'isobut'}"", 'loading: True']",AT(hmal) + KR(B1) + DH,"[""AT{'substrate': 'Methylmalonyl-CoA'}"", ""KR{'type': 'B2'}"", 'loading: False']","TE(cyclic, ring=0)",170.21
CCCCCC[C@H]1C(=O)O[C@H]1C(O)=CC(C)C,"[""AT{'substrate': 'isobut'}"", 'loading: True']",AT(hmal) + KR(B1) + DH,"[""AT{'substrate': 'hexmal'}"", ""KR{'type': 'A1'}"", 'loading: False']","TE(cyclic, ring=0)",240.34
CCCC[C@H]1CC(=CC(C)C)OC1=O,"[""AT{'substrate': 'isobut'}"", 'loading: True']",AT(hmal) + KR(B1) + DH,"[""AT{'substrate': 'butmal'}"", ""KR{'type': 'B1'}"", 'DH{}', 'ER{}', 'loading: False']","TE(cyclic, ring=0)",196.29
CC[C@H]1C(=O)O[C@H]1C(O)=CC(C)C,"[""AT{'substrate': 'isobut'}"", 'loading: True']",AT(hmal) + KR(B1) + DH,"[""AT{'substrate': 'emal'}"", ""KR{'type': 'A1'}"", 'loading: False']","TE(cyclic, ring=0)",184.23
CC(C)C=C1C=C(O)C(=O)O1,"[""AT{'substrate': 'isobut'}"", 'loading: True']",AT(hmal) + KR(B1) + DH,"[""AT{'substrate': 'hmal'}"", ""KR{'type': 'B1'}"", 'DH{}', 'loading: False']","TE(cyclic, ring=0)",154.16
CCC(C)C=C(O)[C@@H]1OC(=O)[C@H]1C,"[""AT{'substrate': '2metbut'}"", 'loading: True']",AT(hmal) + KR(B1) + DH,"[""AT{'substrate': 'Methylmalonyl-CoA'}"", ""KR{'type': 'A2'}"", 'loading: False']","TE(cyclic, ring=0)",184.23
CCC(C)C=C(O)C(=O)[C@H]1OC1=O,"[""AT{'substrate': '2metbut'}"", 'loading: True']",AT(hmal) + KR(B1) + DH,"[""AT{'substrate': 'hmal'}"", ""KR{'type': 'C1'}"", 'loading: False']","TE(cyclic, ring=0)",184.19
CCC(C)C=C1OC(=O)CC1=O,"[""AT{'substrate': '2metbut'}"", 'loading: True']",AT(hmal) + KR(B1) + DH,"[""AT{'substrate': 'Malonyl-CoA'}"", 'loading: False']","TE(cyclic, ring=0)",168.19
CCC(C)C=C1C[C@H](CC)C(=O)O1,"[""AT{'substrate': '2metbut'}"", 'loading: True']",AT(hmal) + KR(B1) + DH,"[""AT{'substrate': 'emal'}"", ""KR{'type': 'B1'}"", 'DH{}', 'ER{}', 'loading: False']","TE(cyclic, ring=0)",182.26
CCC(C)C=C(O)[C@@H]1OC(=O)[C@@H]1C(C)C,"[""AT{'substrate': '2metbut'}"", 'loading: True']",AT(hmal) + KR(B1) + DH,"[""AT{'substrate': 'isobutmal'}"", ""KR{'type': 'A1'}"", 'loading: False']","TE(cyclic, ring=0)",212.29
CCC(C)C=C(O)[C@@H]1OC(=O)[C@@H]1OC,"[""AT{'substrate': '2metbut'}"", 'loading: True']",AT(hmal) + KR(B1) + DH,"[""AT{'substrate': 'mxmal'}"", ""KR{'type': 'A1'}"", 'loading: False']","TE(cyclic, ring=1)",200.23
C=CC[C@@H]1C(=O)O[C@@H]1C(O)=CC(C)CC,"[""AT{'substrate': '2metbut'}"", 'loading: True']",AT(hmal) + KR(B1) + DH,"[""AT{'substrate': 'allylmal'}"", ""KR{'type': 'B2'}"", 'loading: False']","TE(cyclic, ring=0)",210.27
CCC(C)C=C1OC(=O)[C@H](C)C1=O,"[""AT{'substrate': '2metbut'}"", 'loading: True']",AT(hmal) + KR(B1) + DH,"[""AT{'substrate': 'Methylmalonyl-CoA'}"", ""KR{'type': 'C1'}"", 'loading: False']","TE(cyclic, ring=0)",182.22
CCC(C)C=C(O)[C@H]1OC(=O)[C@H]1CCCCc1c[nH]c(Cl)c1Cl,"[""AT{'substrate': '2metbut'}"", 'loading: True']",AT(hmal) + KR(B1) + DH,"[""AT{'substrate': 'DCP'}"", ""KR{'type': 'B2'}"", 'loading: False']","TE(cyclic, ring=0)",360.28
CCC(C)C=C(O)[C@H]1OC(=O)[C@H]1C(C)C,"[""AT{'substrate': '2metbut'}"", 'loading: True']",AT(hmal) + KR(B1) + DH,"[""AT{'substrate': 'isobutmal'}"", ""KR{'type': 'B2'}"", 'loading: False']","TE(cyclic, ring=0)",212.29
CCC(C)C=C(O)[C@@H]1OC(=O)[C@H]1OC,"[""AT{'substrate': '2metbut'}"", 'loading: True']",AT(hmal) + KR(B1) + DH,"[""AT{'substrate': 'mxmal'}"", ""KR{'type': 'A2'}"", 'loading: False']","TE(cyclic, ring=1)",200.23
C=CC[C@@H]1C(=O)O[C@H]1C(O)=CC(C)CC,"[""AT{'substrate': '2metbut'}"", 'loading: True']",AT(hmal) + KR(B1) + DH,"[""AT{'substrate': 'allylmal'}"", ""KR{'type': 'A2'}"", 'loading: False']","TE(cyclic, ring=0)",210.27
CCC(C)C=C(O)[C@@H]1OC(=O)[C@H]1CCCCc1c[nH]c(Cl)c1Cl,"[""AT{'substrate': '2metbut'}"", 'loading: True']",AT(hmal) + KR(B1) + DH,"[""AT{'substrate': 'DCP'}"", ""KR{'type': 'A2'}"", 'loading: False']","TE(cyclic, ring=0)",360.28
CCC(C)C=C1OC(=O)[C@@H](C(C)C)C1=O,"[""AT{'substrate': '2metbut'}"", 'loading: True']",AT(hmal) + KR(B1) + DH,"[""AT{'substrate': 'D-isobutmal'}"", ""KR{'type': 'C2'}"", 'loading: False']","TE(cyclic, ring=0)",210.27
CCC(C)C=C(O)[C@@H]1CC(=O)O1,"[""AT{'substrate': '2metbut'}"", 'loading: True']",AT(hmal) + KR(B1) + DH,"[""AT{'substrate': 'Malonyl-CoA'}"", ""KR{'type': 'B'}"", 'loading: False']","TE(cyclic, ring=0)",170.21
CCC(C)C=C1OC(=O)[C@@H](OC)C1=O,"[""AT{'substrate': '2metbut'}"", 'loading: True']",AT(hmal) + KR(B1) + DH,"[""AT{'substrate': 'mxmal'}"", ""KR{'type': 'C2'}"", 'loading: False']","TE(cyclic, ring=1)",198.22
CCC(C)C=C1OC(=O)[C@H](CC)C1=O,"[""AT{'substrate': '2metbut'}"", 'loading: True']",AT(hmal) + KR(B1) + DH,"[""AT{'substrate': 'emal'}"", ""KR{'type': 'C1'}"", 'loading: False']","TE(cyclic, ring=0)",196.25
CCC(C)C=C1OC(=O)C(CCCCc2c[nH]c(Cl)c2Cl)C1=O,"[""AT{'substrate': '2metbut'}"", 'loading: True']",AT(hmal) + KR(B1) + DH,"[""AT{'substrate': 'DCP'}"", 'loading: False']","TE(cyclic, ring=0)",358.27
CCCC[C@@H]1C(=O)OC(=CC(C)CC)C1=O,"[""AT{'substrate': '2metbut'}"", 'loading: True']",AT(hmal) + KR(B1) + DH,"[""AT{'substrate': 'butmal'}"", 'loading: False']","TE(cyclic, ring=0)",224.3
CCC(C)C=C1OC(=O)[C@H](CCCCc2c[nH]c(Cl)c2Cl)C1=O,"[""AT{'substrate': '2metbut'}"", 'loading: True']",AT(hmal) + KR(B1) + DH,"[""AT{'substrate': 'DCP'}"", ""KR{'type': 'C1'}"", 'loading: False']","TE(cyclic, ring=0)",358.27
CCCCCC[C@H]1CC(=CC(C)CC)OC1=O,"[""AT{'substrate': '2metbut'}"", 'loading: True']",AT(hmal) + KR(B1) + DH,"[""AT{'substrate': 'hexmal'}"", ""KR{'type': 'B1'}"", 'DH{}', 'ER{}', 'loading: False']","TE(cyclic, ring=0)",238.37
CCC(C)C=C(O)C(=O)[C@@H]1OC1=O,"[""AT{'substrate': '2metbut'}"", 'loading: True']",AT(hmal) + KR(B1) + DH,"[""AT{'substrate': 'hmal'}"", ""KR{'type': 'C2'}"", 'loading: False']","TE(cyclic, ring=0)",184.19
CCCC[C@H]1C(=O)O[C@H]1C(O)=CC(C)CC,"[""AT{'substrate': '2metbut'}"", 'loading: True']",AT(hmal) + KR(B1) + DH,"[""AT{'substrate': 'butmal'}"", ""KR{'type': 'A1'}"", 'loading: False']","TE(cyclic, ring=0)",226.32
CCC(C)C=C1OC(=O)[C@H](C(C)C)C1=O,"[""AT{'substrate': '2metbut'}"", 'loading: True']",AT(hmal) + KR(B1) + DH,"[""AT{'substrate': 'isobutmal'}"", ""KR{'type': 'C1'}"", 'loading: False']","TE(cyclic, ring=0)",210.27
CCC(C)C=C1C[C@H](OC)C(=O)O1,"[""AT{'substrate': '2metbut'}"", 'loading: True']",AT(hmal) + KR(B1) + DH,"[""AT{'substrate': 'mxmal'}"", ""KR{'type': 'B1'}"", 'DH{}', 'ER{}', 'loading: False']","TE(cyclic, ring=1)",184.23
CCC(C)C=C1C[C@H](CCCCc2c[nH]c(Cl)c2Cl)C(=O)O1,"[""AT{'substrate': '2metbut'}"", 'loading: True']",AT(hmal) + KR(B1) + DH,"[""AT{'substrate': 'DCP'}"", ""KR{'type': 'B1'}"", 'DH{}', 'ER{}', 'loading: False']","TE(cyclic, ring=0)",344.28
CCCCCC[C@@H]1C(=O)O[C@@H]1C(O)=CC(C)CC,"[""AT{'substrate': '2metbut'}"", 'loading: True']",AT(hmal) + KR(B1) + DH,"[""AT{'substrate': 'hexmal'}"", ""KR{'type': 'B2'}"", 'loading: False']","TE(cyclic, ring=0)",254.37
CCC(C)C=C(O)[C@H]1OC(=O)[C@H]1CC,"[""AT{'substrate': '2metbut'}"", 'loading: True']",AT(hmal) + KR(B1) + DH,"[""AT{'substrate': 'emal'}"", ""KR{'type': 'B2'}"", 'loading: False']","TE(cyclic, ring=0)",198.26
CCC(C)C=C1C[C@H](C)C(=O)O1,"[""AT{'substrate': '2metbut'}"", 'loading: True']",AT(hmal) + KR(B1) + DH,"[""AT{'substrate': 'Methylmalonyl-CoA'}"", ""KR{'type': 'B1'}"", 'DH{}', 'ER{}', 'loading: False']","TE(cyclic, ring=0)",168.24
CCCC[C@@H]1C(=O)O[C@H]1C(O)=CC(C)CC,"[""AT{'substrate': '2metbut'}"", 'loading: True']",AT(hmal) + KR(B1) + DH,"[""AT{'substrate': 'butmal'}"", ""KR{'type': 'A2'}"", 'loading: False']","TE(cyclic, ring=0)",226.32
CCC(C)C=C(O)[C@@H](O)[C@H]1OC1=O,"[""AT{'substrate': '2metbut'}"", 'loading: True']",AT(hmal) + KR(B1) + DH,"[""AT{'substrate': 'hmal'}"", ""KR{'type': 'B1'}"", 'loading: False']","TE(cyclic, ring=0)",186.21
CCC(C)C=C(O)[C@H]1OC(=O)[C@@H]1C(C)C,"[""AT{'substrate': '2metbut'}"", 'loading: True']",AT(hmal) + KR(B1) + DH,"[""AT{'substrate': 'D-isobutmal'}"", ""KR{'type': 'B1'}"", 'loading: False']","TE(cyclic, ring=0)",212.29
CCC(C)C=C1C=C(OC)C(=O)O1,"[""AT{'substrate': '2metbut'}"", 'loading: True']",AT(hmal) + KR(B1) + DH,"[""AT{'substrate': 'mxmal'}"", ""KR{'type': 'B1'}"", 'DH{}', 'loading: False']","TE(cyclic, ring=0)",182.22
CCC(C)C=C(O)[C@H]1CC(=O)O1,"[""AT{'substrate': '2metbut'}"", 'loading: True']",AT(hmal) + KR(B1) + DH,"[""AT{'substrate': 'Malonyl-CoA'}"", ""KR{'type': 'A'}"", 'loading: False']","TE(cyclic, ring=0)",170.21
CCCCCC[C@@H]1C(=O)O[C@H]1C(O)=CC(C)CC,"[""AT{'substrate': '2metbut'}"", 'loading: True']",AT(hmal) + KR(B1) + DH,"[""AT{'substrate': 'hexmal'}"", ""KR{'type': 'A2'}"", 'loading: False']","TE(cyclic, ring=0)",254.37
CCC(C)C=C1OC(=O)[C@@H](C)C1=O,"[""AT{'substrate': '2metbut'}"", 'loading: True']",AT(hmal) + KR(B1) + DH,"[""AT{'substrate': 'Methylmalonyl-CoA'}"", 'loading: False']","TE(cyclic, ring=0)",182.22
CCC(C)C=C(O)[C@H]1OC(=O)[C@H]1OC,"[""AT{'substrate': '2metbut'}"", 'loading: True']",AT(hmal) + KR(B1) + DH,"[""AT{'substrate': 'mxmal'}"", ""KR{'type': 'B2'}"", 'loading: False']","TE(cyclic, ring=1)",200.23
CCC(C)C=C(O)[C@H]1OC(=O)[C@@H]1C,"[""AT{'substrate': '2metbut'}"", 'loading: True']",AT(hmal) + KR(B1) + DH,"[""AT{'substrate': 'Methylmalonyl-CoA'}"", ""KR{'type': 'B1'}"", 'loading: False']","TE(cyclic, ring=0)",184.23
CCC(C)C=C1OC(=O)[C@@H](CC)C1=O,"[""AT{'substrate': '2metbut'}"", 'loading: True']",AT(hmal) + KR(B1) + DH,"[""AT{'substrate': 'emal'}"", ""KR{'type': 'C2'}"", 'loading: False']","TE(cyclic, ring=0)",196.25
CCCCCCC1=CC(=CC(C)CC)OC1=O,"[""AT{'substrate': '2metbut'}"", 'loading: True']",AT(hmal) + KR(B1) + DH,"[""AT{'substrate': 'hexmal'}"", ""KR{'type': 'B1'}"", 'DH{}', 'loading: False']","TE(cyclic, ring=0)",236.35
CCCCCC[C@@H]1C(=O)OC(=CC(C)CC)C1=O,"[""AT{'substrate': '2metbut'}"", 'loading: True']",AT(hmal) + KR(B1) + DH,"[""AT{'substrate': 'hexmal'}"", 'loading: False']","TE(cyclic, ring=0)",252.35
CCC(C)C=C(O)[C@H]1OC(=O)[C@@H]1CC,"[""AT{'substrate': '2metbut'}"", 'loading: True']",AT(hmal) + KR(B1) + DH,"[""AT{'substrate': 'emal'}"", ""KR{'type': 'B1'}"", 'loading: False']","TE(cyclic, ring=0)",198.26
C=CC[C@H]1C(=O)O[C@@H]1C(O)=CC(C)CC,"[""AT{'substrate': '2metbut'}"", 'loading: True']",AT(hmal) + KR(B1) + DH,"[""AT{'substrate': 'allylmal'}"", ""KR{'type': 'B1'}"", 'loading: False']","TE(cyclic, ring=0)",210.27
CCC(C)C=C1OC(=O)[C@H](OC)C1=O,"[""AT{'substrate': '2metbut'}"", 'loading: True']",AT(hmal) + KR(B1) + DH,"[""AT{'substrate': 'mxmal'}"", ""KR{'type': 'C1'}"", 'loading: False']","TE(cyclic, ring=1)",198.22
C=CC[C@H]1C(=O)OC(=CC(C)CC)C1=O,"[""AT{'substrate': '2metbut'}"", 'loading: True']",AT(hmal) + KR(B1) + DH,"[""AT{'substrate': 'allylmal'}"", ""KR{'type': 'C1'}"", 'loading: False']","TE(cyclic, ring=0)",208.26
C=CCC1=CC(=CC(C)CC)OC1=O,"[""AT{'substrate': '2metbut'}"", 'loading: True']",AT(hmal) + KR(B1) + DH,"[""AT{'substrate': 'allylmal'}"", ""KR{'type': 'B1'}"", 'DH{}', 'loading: False']","TE(cyclic, ring=0)",192.26
CCC(C)C=C1C=C(CCCCc2c[nH]c(Cl)c2Cl)C(=O)O1,"[""AT{'substrate': '2metbut'}"", 'loading: True']",AT(hmal) + KR(B1) + DH,"[""AT{'substrate': 'DCP'}"", ""KR{'type': 'B1'}"", 'DH{}', 'loading: False']","TE(cyclic, ring=0)",342.27
CCC(C)C=C(O)[C@H]1OC(=O)[C@@H]1CCCCc1c[nH]c(Cl)c1Cl,"[""AT{'substrate': '2metbut'}"", 'loading: True']",AT(hmal) + KR(B1) + DH,"[""AT{'substrate': 'DCP'}"", ""KR{'type': 'B1'}"", 'loading: False']","TE(cyclic, ring=0)",360.28
CCCC[C@@H]1C(=O)O[C@@H]1C(O)=CC(C)CC,"[""AT{'substrate': '2metbut'}"", 'loading: True']",AT(hmal) + KR(B1) + DH,"[""AT{'substrate': 'butmal'}"", ""KR{'type': 'B2'}"", 'loading: False']","TE(cyclic, ring=0)",226.32
CCC(C)C=C(O)[C@H]1OC(=O)[C@@H]1OC,"[""AT{'substrate': '2metbut'}"", 'loading: True']",AT(hmal) + KR(B1) + DH,"[""AT{'substrate': 'mxmal'}"", ""KR{'type': 'B1'}"", 'loading: False']","TE(cyclic, ring=1)",200.23
CCC(C)C=C(O)C[C@@H]1OC1=O,"[""AT{'substrate': '2metbut'}"", 'loading: True']",AT(hmal) + KR(B1) + DH,"[""AT{'substrate': 'hmal'}"", ""KR{'type': 'B1'}"", 'DH{}', 'ER{}', 'loading: False']","TE(cyclic, ring=0)",170.21
CCCC[C@H]1C(=O)OC(=CC(C)CC)C1=O,"[""AT{'substrate': '2metbut'}"", 'loading: True']",AT(hmal) + KR(B1) + DH,"[""AT{'substrate': 'butmal'}"", ""KR{'type': 'C1'}"", 'loading: False']","TE(cyclic, ring=0)",224.3
CCC(C)C=C1C[C@H](C(C)C)C(=O)O1,"[""AT{'substrate': '2metbut'}"", 'loading: True']",AT(hmal) + KR(B1) + DH,"[""AT{'substrate': 'D-isobutmal'}"", ""KR{'type': 'B1'}"", 'DH{}', 'ER{}', 'loading: False']","TE(cyclic, ring=0)",196.29
CCCCCC[C@H]1C(=O)OC(=CC(C)CC)C1=O,"[""AT{'substrate': '2metbut'}"", 'loading: True']",AT(hmal) + KR(B1) + DH,"[""AT{'substrate': 'hexmal'}"", ""KR{'type': 'C1'}"", 'loading: False']","TE(cyclic, ring=0)",252.35
CCC(C)C=C(O)[C@@H]1OC(=O)[C@@H]1C,"[""AT{'substrate': '2metbut'}"", 'loading: True']",AT(hmal) + KR(B1) + DH,"[""AT{'substrate': 'Methylmalonyl-CoA'}"", ""KR{'type': 'A1'}"", 'loading: False']","TE(cyclic, ring=0)",184.23
C=CC[C@@H]1C(=O)OC(=CC(C)CC)C1=O,"[""AT{'substrate': '2metbut'}"", 'loading: True']",AT(hmal) + KR(B1) + DH,"[""AT{'substrate': 'allylmal'}"", ""KR{'type': 'C2'}"", 'loading: False']","TE(cyclic, ring=0)",208.26
CCC(C)C=C(O)[C@H](O)[C@@H]1OC1=O,"[""AT{'substrate': '2metbut'}"", 'loading: True']",AT(hmal) + KR(B1) + DH,"[""AT{'substrate': 'hmal'}"", ""KR{'type': 'A2'}"", 'loading: False']","TE(cyclic, ring=0)",186.21
CCCC[C@H]1C(=O)O[C@@H]1C(O)=CC(C)CC,"[""AT{'substrate': '2metbut'}"", 'loading: True']",AT(hmal) + KR(B1) + DH,"[""AT{'substrate': 'butmal'}"", ""KR{'type': 'B1'}"", 'loading: False']","TE(cyclic, ring=0)",226.32
CCC(C)C=C1OC(=O)[C@@H](CCCCc2c[nH]c(Cl)c2Cl)C1=O,"[""AT{'substrate': '2metbut'}"", 'loading: True']",AT(hmal) + KR(B1) + DH,"[""AT{'substrate': 'DCP'}"", ""KR{'type': 'C2'}"", 'loading: False']","TE(cyclic, ring=0)",358.27
CCCCCC[C@H]1C(=O)O[C@@H]1C(O)=CC(C)CC,"[""AT{'substrate': '2metbut'}"", 'loading: True']",AT(hmal) + KR(B1) + DH,"[""AT{'substrate': 'hexmal'}"", ""KR{'type': 'B1'}"", 'loading: False']","TE(cyclic, ring=0)",254.37
CCC(C)C=C(O)C(=O)C1OC1=O,"[""AT{'substrate': '2metbut'}"", 'loading: True']",AT(hmal) + KR(B1) + DH,"[""AT{'substrate': 'hmal'}"", 'loading: False']","TE(cyclic, ring=0)",184.19
CCC(C)C=C1CCC(=O)O1,"[""AT{'substrate': '2metbut'}"", 'loading: True']",AT(hmal) + KR(B1) + DH,"[""AT{'substrate': 'Malonyl-CoA'}"", ""KR{'type': 'B'}"", 'DH{}', 'ER{}', 'loading: False']","TE(cyclic, ring=0)",154.21
C=CC[C@H]1C(=O)O[C@H]1C(O)=CC(C)CC,"[""AT{'substrate': '2metbut'}"", 'loading: True']",AT(hmal) + KR(B1) + DH,"[""AT{'substrate': 'allylmal'}"", ""KR{'type': 'A1'}"", 'loading: False']","TE(cyclic, ring=0)",210.27
CCC(C)C=C(O)[C@@H]1OC(=O)[C@@H]1CCCCc1c[nH]c(Cl)c1Cl,"[""AT{'substrate': '2metbut'}"", 'loading: True']",AT(hmal) + KR(B1) + DH,"[""AT{'substrate': 'DCP'}"", ""KR{'type': 'A1'}"", 'loading: False']","TE(cyclic, ring=0)",360.28
CCC(C)C=C1C=CC(=O)O1,"[""AT{'substrate': '2metbut'}"", 'loading: True']",AT(hmal) + KR(B1) + DH,"[""AT{'substrate': 'Malonyl-CoA'}"", ""KR{'type': 'B'}"", 'DH{}', 'loading: False']","TE(cyclic, ring=0)",152.19
CCC(C)C=C1C=C(C(C)C)C(=O)O1,"[""AT{'substrate': '2metbut'}"", 'loading: True']",AT(hmal) + KR(B1) + DH,"[""AT{'substrate': 'D-isobutmal'}"", ""KR{'type': 'B1'}"", 'DH{}', 'loading: False']","TE(cyclic, ring=0)",194.27
CCC(C)C=C(O)[C@H](O)[C@H]1OC1=O,"[""AT{'substrate': '2metbut'}"", 'loading: True']",AT(hmal) + KR(B1) + DH,"[""AT{'substrate': 'hmal'}"", ""KR{'type': 'A1'}"", 'loading: False']","TE(cyclic, ring=0)",186.21
C=CC[C@H]1CC(=CC(C)CC)OC1=O,"[""AT{'substrate': '2metbut'}"", 'loading: True']",AT(hmal) + KR(B1) + DH,"[""AT{'substrate': 'allylmal'}"", ""KR{'type': 'B1'}"", 'DH{}', 'ER{}', 'loading: False']","TE(cyclic, ring=0)",194.27
CCC(C)C=C(O)[C@@H]1OC(=O)[C@H]1CC,"[""AT{'substrate': '2metbut'}"", 'loading: True']",AT(hmal) + KR(B1) + DH,"[""AT{'substrate': 'emal'}"", ""KR{'type': 'A2'}"", 'loading: False']","TE(cyclic, ring=0)",198.26
CCC(C)C=C1C=C(C)C(=O)O1,"[""AT{'substrate': '2metbut'}"", 'loading: True']",AT(hmal) + KR(B1) + DH,"[""AT{'substrate': 'Methylmalonyl-CoA'}"", ""KR{'type': 'B1'}"", 'DH{}', 'loading: False']","TE(cyclic, ring=0)",166.22
CCC(C)C=C(O)[C@@H]1OC(=O)[C@H]1C(C)C,"[""AT{'substrate': '2metbut'}"", 'loading: True']",AT(hmal) + KR(B1) + DH,"[""AT{'substrate': 'isobutmal'}"", ""KR{'type': 'A2'}"", 'loading: False']","TE(cyclic, ring=0)",212.29
CCC(C)C=C(O)[C@@H](O)[C@@H]1OC1=O,"[""AT{'substrate': '2metbut'}"", 'loading: True']",AT(hmal) + KR(B1) + DH,"[""AT{'substrate': 'hmal'}"", ""KR{'type': 'B2'}"", 'loading: False']","TE(cyclic, ring=0)",186.21
CCC1=CC(=CC(C)CC)OC1=O,"[""AT{'substrate': '2metbut'}"", 'loading: True']",AT(hmal) + KR(B1) + DH,"[""AT{'substrate': 'emal'}"", ""KR{'type': 'B1'}"", 'DH{}', 'loading: False']","TE(cyclic, ring=0)",180.25
CCCCC1=CC(=CC(C)CC)OC1=O,"[""AT{'substrate': '2metbut'}"", 'loading: True']",AT(hmal) + KR(B1) + DH,"[""AT{'substrate': 'butmal'}"", ""KR{'type': 'B1'}"", 'DH{}', 'loading: False']","TE(cyclic, ring=0)",208.3
CCC(C)C=C(O)[C@H]1OC(=O)[C@H]1C,"[""AT{'substrate': '2metbut'}"", 'loading: True']",AT(hmal) + KR(B1) + DH,"[""AT{'substrate': 'Methylmalonyl-CoA'}"", ""KR{'type': 'B2'}"", 'loading: False']","TE(cyclic, ring=0)",184.23
CCCCCC[C@H]1C(=O)O[C@H]1C(O)=CC(C)CC,"[""AT{'substrate': '2metbut'}"", 'loading: True']",AT(hmal) + KR(B1) + DH,"[""AT{'substrate': 'hexmal'}"", ""KR{'type': 'A1'}"", 'loading: False']","TE(cyclic, ring=0)",254.37
CCCC[C@H]1CC(=CC(C)CC)OC1=O,"[""AT{'substrate': '2metbut'}"", 'loading: True']",AT(hmal) + KR(B1) + DH,"[""AT{'substrate': 'butmal'}"", ""KR{'type': 'B1'}"", 'DH{}', 'ER{}', 'loading: False']","TE(cyclic, ring=0)",210.32
CCC(C)C=C(O)[C@@H]1OC(=O)[C@@H]1CC,"[""AT{'substrate': '2metbut'}"", 'loading: True']",AT(hmal) + KR(B1) + DH,"[""AT{'substrate': 'emal'}"", ""KR{'type': 'A1'}"", 'loading: False']","TE(cyclic, ring=0)",198.26
CCC(C)C=C1C=C(O)C(=O)O1,"[""AT{'substrate': '2metbut'}"", 'loading: True']",AT(hmal) + KR(B1) + DH,"[""AT{'substrate': 'hmal'}"", ""KR{'type': 'B1'}"", 'DH{}', 'loading: False']","TE(cyclic, ring=0)",168.19
C[C@@H]1C(=O)O[C@H]1C(O)=CC1CCCCC1,"[""AT{'substrate': 'CHC-CoA'}"", 'loading: True']",AT(hmal) + KR(B1) + DH,"[""AT{'substrate': 'Methylmalonyl-CoA'}"", ""KR{'type': 'A2'}"", 'loading: False']","TE(cyclic, ring=0)",210.27
O=C1O[C@@H]1C(=O)C(O)=CC1CCCCC1,"[""AT{'substrate': 'CHC-CoA'}"", 'loading: True']",AT(hmal) + KR(B1) + DH,"[""AT{'substrate': 'hmal'}"", ""KR{'type': 'C1'}"", 'loading: False']","TE(cyclic, ring=0)",210.23
O=C1CC(=O)C(=CC2CCCCC2)O1,"[""AT{'substrate': 'CHC-CoA'}"", 'loading: True']",AT(hmal) + KR(B1) + DH,"[""AT{'substrate': 'Malonyl-CoA'}"", 'loading: False']","TE(cyclic, ring=0)",194.23
CC[C@H]1CC(=CC2CCCCC2)OC1=O,"[""AT{'substrate': 'CHC-CoA'}"", 'loading: True']",AT(hmal) + KR(B1) + DH,"[""AT{'substrate': 'emal'}"", ""KR{'type': 'B1'}"", 'DH{}', 'ER{}', 'loading: False']","TE(cyclic, ring=0)",208.3
CC(C)[C@H]1C(=O)O[C@H]1C(O)=CC1CCCCC1,"[""AT{'substrate': 'CHC-CoA'}"", 'loading: True']",AT(hmal) + KR(B1) + DH,"[""AT{'substrate': 'isobutmal'}"", ""KR{'type': 'A1'}"", 'loading: False']","TE(cyclic, ring=0)",238.33
CO[C@H]1C(=O)O[C@H]1C(O)=CC1CCCCC1,"[""AT{'substrate': 'CHC-CoA'}"", 'loading: True']",AT(hmal) + KR(B1) + DH,"[""AT{'substrate': 'mxmal'}"", ""KR{'type': 'A1'}"", 'loading: False']","TE(cyclic, ring=1)",226.27
C=CC[C@@H]1C(=O)O[C@@H]1C(O)=CC1CCCCC1,"[""AT{'substrate': 'CHC-CoA'}"", 'loading: True']",AT(hmal) + KR(B1) + DH,"[""AT{'substrate': 'allylmal'}"", ""KR{'type': 'B2'}"", 'loading: False']","TE(cyclic, ring=0)",236.31
C[C@H]1C(=O)OC(=CC2CCCCC2)C1=O,"[""AT{'substrate': 'CHC-CoA'}"", 'loading: True']",AT(hmal) + KR(B1) + DH,"[""AT{'substrate': 'Methylmalonyl-CoA'}"", ""KR{'type': 'C1'}"", 'loading: False']","TE(cyclic, ring=0)",208.26
O=C1O[C@H](C(O)=CC2CCCCC2)[C@@H]1CCCCc1c[nH]c(Cl)c1Cl,"[""AT{'substrate': 'CHC-CoA'}"", 'loading: True']",AT(hmal) + KR(B1) + DH,"[""AT{'substrate': 'DCP'}"", ""KR{'type': 'B2'}"", 'loading: False']","TE(cyclic, ring=0)",386.32
CC(C)[C@@H]1C(=O)O[C@@H]1C(O)=CC1CCCCC1,"[""AT{'substrate': 'CHC-CoA'}"", 'loading: True']",AT(hmal) + KR(B1) + DH,"[""AT{'substrate': 'isobutmal'}"", ""KR{'type': 'B2'}"", 'loading: False']","TE(cyclic, ring=0)",238.33
CO[C@@H]1C(=O)O[C@H]1C(O)=CC1CCCCC1,"[""AT{'substrate': 'CHC-CoA'}"", 'loading: True']",AT(hmal) + KR(B1) + DH,"[""AT{'substrate': 'mxmal'}"", ""KR{'type': 'A2'}"", 'loading: False']","TE(cyclic, ring=1)",226.27
C=CC[C@@H]1C(=O)O[C@H]1C(O)=CC1CCCCC1,"[""AT{'substrate': 'CHC-CoA'}"", 'loading: True']",AT(hmal) + KR(B1) + DH,"[""AT{'substrate': 'allylmal'}"", ""KR{'type': 'A2'}"", 'loading: False']","TE(cyclic, ring=0)",236.31
O=C1O[C@@H](C(O)=CC2CCCCC2)[C@@H]1CCCCc1c[nH]c(Cl)c1Cl,"[""AT{'substrate': 'CHC-CoA'}"", 'loading: True']",AT(hmal) + KR(B1) + DH,"[""AT{'substrate': 'DCP'}"", ""KR{'type': 'A2'}"", 'loading: False']","TE(cyclic, ring=0)",386.32
CC(C)[C@@H]1C(=O)OC(=CC2CCCCC2)C1=O,"[""AT{'substrate': 'CHC-CoA'}"", 'loading: True']",AT(hmal) + KR(B1) + DH,"[""AT{'substrate': 'D-isobutmal'}"", ""KR{'type': 'C2'}"", 'loading: False']","TE(cyclic, ring=0)",236.31
O=C1C[C@@H](C(O)=CC2CCCCC2)O1,"[""AT{'substrate': 'CHC-CoA'}"", 'loading: True']",AT(hmal) + KR(B1) + DH,"[""AT{'substrate': 'Malonyl-CoA'}"", ""KR{'type': 'B'}"", 'loading: False']","TE(cyclic, ring=0)",196.25
CO[C@@H]1C(=O)OC(=CC2CCCCC2)C1=O,"[""AT{'substrate': 'CHC-CoA'}"", 'loading: True']",AT(hmal) + KR(B1) + DH,"[""AT{'substrate': 'mxmal'}"", ""KR{'type': 'C2'}"", 'loading: False']","TE(cyclic, ring=1)",224.26
CC[C@H]1C(=O)OC(=CC2CCCCC2)C1=O,"[""AT{'substrate': 'CHC-CoA'}"", 'loading: True']",AT(hmal) + KR(B1) + DH,"[""AT{'substrate': 'emal'}"", ""KR{'type': 'C1'}"", 'loading: False']","TE(cyclic, ring=0)",222.28
O=C1OC(=CC2CCCCC2)C(=O)C1CCCCc1c[nH]c(Cl)c1Cl,"[""AT{'substrate': 'CHC-CoA'}"", 'loading: True']",AT(hmal) + KR(B1) + DH,"[""AT{'substrate': 'DCP'}"", 'loading: False']","TE(cyclic, ring=0)",384.3
CCCC[C@@H]1C(=O)OC(=CC2CCCCC2)C1=O,"[""AT{'substrate': 'CHC-CoA'}"", 'loading: True']",AT(hmal) + KR(B1) + DH,"[""AT{'substrate': 'butmal'}"", 'loading: False']","TE(cyclic, ring=0)",250.34
O=C1OC(=CC2CCCCC2)C(=O)[C@H]1CCCCc1c[nH]c(Cl)c1Cl,"[""AT{'substrate': 'CHC-CoA'}"", 'loading: True']",AT(hmal) + KR(B1) + DH,"[""AT{'substrate': 'DCP'}"", ""KR{'type': 'C1'}"", 'loading: False']","TE(cyclic, ring=0)",384.3
CCCCCC[C@H]1CC(=CC2CCCCC2)OC1=O,"[""AT{'substrate': 'CHC-CoA'}"", 'loading: True']",AT(hmal) + KR(B1) + DH,"[""AT{'substrate': 'hexmal'}"", ""KR{'type': 'B1'}"", 'DH{}', 'ER{}', 'loading: False']","TE(cyclic, ring=0)",264.41
O=C1O[C@H]1C(=O)C(O)=CC1CCCCC1,"[""AT{'substrate': 'CHC-CoA'}"", 'loading: True']",AT(hmal) + KR(B1) + DH,"[""AT{'substrate': 'hmal'}"", ""KR{'type': 'C2'}"", 'loading: False']","TE(cyclic, ring=0)",210.23
CCCC[C@H]1C(=O)O[C@H]1C(O)=CC1CCCCC1,"[""AT{'substrate': 'CHC-CoA'}"", 'loading: True']",AT(hmal) + KR(B1) + DH,"[""AT{'substrate': 'butmal'}"", ""KR{'type': 'A1'}"", 'loading: False']","TE(cyclic, ring=0)",252.35
CC(C)[C@H]1C(=O)OC(=CC2CCCCC2)C1=O,"[""AT{'substrate': 'CHC-CoA'}"", 'loading: True']",AT(hmal) + KR(B1) + DH,"[""AT{'substrate': 'isobutmal'}"", ""KR{'type': 'C1'}"", 'loading: False']","TE(cyclic, ring=0)",236.31
CO[C@H]1CC(=CC2CCCCC2)OC1=O,"[""AT{'substrate': 'CHC-CoA'}"", 'loading: True']",AT(hmal) + KR(B1) + DH,"[""AT{'substrate': 'mxmal'}"", ""KR{'type': 'B1'}"", 'DH{}', 'ER{}', 'loading: False']","TE(cyclic, ring=1)",210.27
O=C1OC(=CC2CCCCC2)C[C@@H]1CCCCc1c[nH]c(Cl)c1Cl,"[""AT{'substrate': 'CHC-CoA'}"", 'loading: True']",AT(hmal) + KR(B1) + DH,"[""AT{'substrate': 'DCP'}"", ""KR{'type': 'B1'}"", 'DH{}', 'ER{}', 'loading: False']","TE(cyclic, ring=0)",370.32
CCCCCC[C@@H]1C(=O)O[C@@H]1C(O)=CC1CCCCC1,"[""AT{'substrate': 'CHC-CoA'}"", 'loading: True']",AT(hmal) + KR(B1) + DH,"[""AT{'substrate': 'hexmal'}"", ""KR{'type': 'B2'}"", 'loading: False']","TE(cyclic, ring=0)",280.41
CC[C@@H]1C(=O)O[C@@H]1C(O)=CC1CCCCC1,"[""AT{'substrate': 'CHC-CoA'}"", 'loading: True']",AT(hmal) + KR(B1) + DH,"[""AT{'substrate': 'emal'}"", ""KR{'type': 'B2'}"", 'loading: False']","TE(cyclic, ring=0)",224.3
C[C@H]1CC(=CC2CCCCC2)OC1=O,"[""AT{'substrate': 'CHC-CoA'}"", 'loading: True']",AT(hmal) + KR(B1) + DH,"[""AT{'substrate': 'Methylmalonyl-CoA'}"", ""KR{'type': 'B1'}"", 'DH{}', 'ER{}', 'loading: False']","TE(cyclic, ring=0)",194.27
CCCC[C@@H]1C(=O)O[C@H]1C(O)=CC1CCCCC1,"[""AT{'substrate': 'CHC-CoA'}"", 'loading: True']",AT(hmal) + KR(B1) + DH,"[""AT{'substrate': 'butmal'}"", ""KR{'type': 'A2'}"", 'loading: False']","TE(cyclic, ring=0)",252.35
O=C1O[C@@H]1[C@H](O)C(O)=CC1CCCCC1,"[""AT{'substrate': 'CHC-CoA'}"", 'loading: True']",AT(hmal) + KR(B1) + DH,"[""AT{'substrate': 'hmal'}"", ""KR{'type': 'B1'}"", 'loading: False']","TE(cyclic, ring=0)",212.24
CC(C)[C@H]1C(=O)O[C@@H]1C(O)=CC1CCCCC1,"[""AT{'substrate': 'CHC-CoA'}"", 'loading: True']",AT(hmal) + KR(B1) + DH,"[""AT{'substrate': 'D-isobutmal'}"", ""KR{'type': 'B1'}"", 'loading: False']","TE(cyclic, ring=0)",238.33
COC1=CC(=CC2CCCCC2)OC1=O,"[""AT{'substrate': 'CHC-CoA'}"", 'loading: True']",AT(hmal) + KR(B1) + DH,"[""AT{'substrate': 'mxmal'}"", ""KR{'type': 'B1'}"", 'DH{}', 'loading: False']","TE(cyclic, ring=0)",208.26
O=C1C[C@H](C(O)=CC2CCCCC2)O1,"[""AT{'substrate': 'CHC-CoA'}"", 'loading: True']",AT(hmal) + KR(B1) + DH,"[""AT{'substrate': 'Malonyl-CoA'}"", ""KR{'type': 'A'}"", 'loading: False']","TE(cyclic, ring=0)",196.25
CCCCCC[C@@H]1C(=O)O[C@H]1C(O)=CC1CCCCC1,"[""AT{'substrate': 'CHC-CoA'}"", 'loading: True']",AT(hmal) + KR(B1) + DH,"[""AT{'substrate': 'hexmal'}"", ""KR{'type': 'A2'}"", 'loading: False']","TE(cyclic, ring=0)",280.41
C[C@@H]1C(=O)OC(=CC2CCCCC2)C1=O,"[""AT{'substrate': 'CHC-CoA'}"", 'loading: True']",AT(hmal) + KR(B1) + DH,"[""AT{'substrate': 'Methylmalonyl-CoA'}"", 'loading: False']","TE(cyclic, ring=0)",208.26
CO[C@@H]1C(=O)O[C@@H]1C(O)=CC1CCCCC1,"[""AT{'substrate': 'CHC-CoA'}"", 'loading: True']",AT(hmal) + KR(B1) + DH,"[""AT{'substrate': 'mxmal'}"", ""KR{'type': 'B2'}"", 'loading: False']","TE(cyclic, ring=1)",226.27
C[C@H]1C(=O)O[C@@H]1C(O)=CC1CCCCC1,"[""AT{'substrate': 'CHC-CoA'}"", 'loading: True']",AT(hmal) + KR(B1) + DH,"[""AT{'substrate': 'Methylmalonyl-CoA'}"", ""KR{'type': 'B1'}"", 'loading: False']","TE(cyclic, ring=0)",210.27
CC[C@@H]1C(=O)OC(=CC2CCCCC2)C1=O,"[""AT{'substrate': 'CHC-CoA'}"", 'loading: True']",AT(hmal) + KR(B1) + DH,"[""AT{'substrate': 'emal'}"", ""KR{'type': 'C2'}"", 'loading: False']","TE(cyclic, ring=0)",222.28
CCCCCCC1=CC(=CC2CCCCC2)OC1=O,"[""AT{'substrate': 'CHC-CoA'}"", 'loading: True']",AT(hmal) + KR(B1) + DH,"[""AT{'substrate': 'hexmal'}"", ""KR{'type': 'B1'}"", 'DH{}', 'loading: False']","TE(cyclic, ring=0)",262.39
CCCCCC[C@@H]1C(=O)OC(=CC2CCCCC2)C1=O,"[""AT{'substrate': 'CHC-CoA'}"", 'loading: True']",AT(hmal) + KR(B1) + DH,"[""AT{'substrate': 'hexmal'}"", 'loading: False']","TE(cyclic, ring=0)",278.39
CC[C@H]1C(=O)O[C@@H]1C(O)=CC1CCCCC1,"[""AT{'substrate': 'CHC-CoA'}"", 'loading: True']",AT(hmal) + KR(B1) + DH,"[""AT{'substrate': 'emal'}"", ""KR{'type': 'B1'}"", 'loading: False']","TE(cyclic, ring=0)",224.3
C=CC[C@H]1C(=O)O[C@@H]1C(O)=CC1CCCCC1,"[""AT{'substrate': 'CHC-CoA'}"", 'loading: True']",AT(hmal) + KR(B1) + DH,"[""AT{'substrate': 'allylmal'}"", ""KR{'type': 'B1'}"", 'loading: False']","TE(cyclic, ring=0)",236.31
CO[C@H]1C(=O)OC(=CC2CCCCC2)C1=O,"[""AT{'substrate': 'CHC-CoA'}"", 'loading: True']",AT(hmal) + KR(B1) + DH,"[""AT{'substrate': 'mxmal'}"", ""KR{'type': 'C1'}"", 'loading: False']","TE(cyclic, ring=1)",224.26
C=CC[C@H]1C(=O)OC(=CC2CCCCC2)C1=O,"[""AT{'substrate': 'CHC-CoA'}"", 'loading: True']",AT(hmal) + KR(B1) + DH,"[""AT{'substrate': 'allylmal'}"", ""KR{'type': 'C1'}"", 'loading: False']","TE(cyclic, ring=0)",234.29
C=CCC1=CC(=CC2CCCCC2)OC1=O,"[""AT{'substrate': 'CHC-CoA'}"", 'loading: True']",AT(hmal) + KR(B1) + DH,"[""AT{'substrate': 'allylmal'}"", ""KR{'type': 'B1'}"", 'DH{}', 'loading: False']","TE(cyclic, ring=0)",218.3
O=C1OC(=CC2CCCCC2)C=C1CCCCc1c[nH]c(Cl)c1Cl,"[""AT{'substrate': 'CHC-CoA'}"", 'loading: True']",AT(hmal) + KR(B1) + DH,"[""AT{'substrate': 'DCP'}"", ""KR{'type': 'B1'}"", 'DH{}', 'loading: False']","TE(cyclic, ring=0)",368.3
O=C1O[C@H](C(O)=CC2CCCCC2)[C@H]1CCCCc1c[nH]c(Cl)c1Cl,"[""AT{'substrate': 'CHC-CoA'}"", 'loading: True']",AT(hmal) + KR(B1) + DH,"[""AT{'substrate': 'DCP'}"", ""KR{'type': 'B1'}"", 'loading: False']","TE(cyclic, ring=0)",386.32
CCCC[C@@H]1C(=O)O[C@@H]1C(O)=CC1CCCCC1,"[""AT{'substrate': 'CHC-CoA'}"", 'loading: True']",AT(hmal) + KR(B1) + DH,"[""AT{'substrate': 'butmal'}"", ""KR{'type': 'B2'}"", 'loading: False']","TE(cyclic, ring=0)",252.35
CO[C@H]1C(=O)O[C@@H]1C(O)=CC1CCCCC1,"[""AT{'substrate': 'CHC-CoA'}"", 'loading: True']",AT(hmal) + KR(B1) + DH,"[""AT{'substrate': 'mxmal'}"", ""KR{'type': 'B1'}"", 'loading: False']","TE(cyclic, ring=1)",226.27
O=C1O[C@H]1CC(O)=CC1CCCCC1,"[""AT{'substrate': 'CHC-CoA'}"", 'loading: True']",AT(hmal) + KR(B1) + DH,"[""AT{'substrate': 'hmal'}"", ""KR{'type': 'B1'}"", 'DH{}', 'ER{}', 'loading: False']","TE(cyclic, ring=0)",196.25
CCCC[C@H]1C(=O)OC(=CC2CCCCC2)C1=O,"[""AT{'substrate': 'CHC-CoA'}"", 'loading: True']",AT(hmal) + KR(B1) + DH,"[""AT{'substrate': 'butmal'}"", ""KR{'type': 'C1'}"", 'loading: False']","TE(cyclic, ring=0)",250.34
CC(C)[C@H]1CC(=CC2CCCCC2)OC1=O,"[""AT{'substrate': 'CHC-CoA'}"", 'loading: True']",AT(hmal) + KR(B1) + DH,"[""AT{'substrate': 'D-isobutmal'}"", ""KR{'type': 'B1'}"", 'DH{}', 'ER{}', 'loading: False']","TE(cyclic, ring=0)",222.33
CCCCCC[C@H]1C(=O)OC(=CC2CCCCC2)C1=O,"[""AT{'substrate': 'CHC-CoA'}"", 'loading: True']",AT(hmal) + KR(B1) + DH,"[""AT{'substrate': 'hexmal'}"", ""KR{'type': 'C1'}"", 'loading: False']","TE(cyclic, ring=0)",278.39
C[C@H]1C(=O)O[C@H]1C(O)=CC1CCCCC1,"[""AT{'substrate': 'CHC-CoA'}"", 'loading: True']",AT(hmal) + KR(B1) + DH,"[""AT{'substrate': 'Methylmalonyl-CoA'}"", ""KR{'type': 'A1'}"", 'loading: False']","TE(cyclic, ring=0)",210.27
C=CC[C@@H]1C(=O)OC(=CC2CCCCC2)C1=O,"[""AT{'substrate': 'CHC-CoA'}"", 'loading: True']",AT(hmal) + KR(B1) + DH,"[""AT{'substrate': 'allylmal'}"", ""KR{'type': 'C2'}"", 'loading: False']","TE(cyclic, ring=0)",234.29
O=C1O[C@H]1[C@@H](O)C(O)=CC1CCCCC1,"[""AT{'substrate': 'CHC-CoA'}"", 'loading: True']",AT(hmal) + KR(B1) + DH,"[""AT{'substrate': 'hmal'}"", ""KR{'type': 'A2'}"", 'loading: False']","TE(cyclic, ring=0)",212.24
CCCC[C@H]1C(=O)O[C@@H]1C(O)=CC1CCCCC1,"[""AT{'substrate': 'CHC-CoA'}"", 'loading: True']",AT(hmal) + KR(B1) + DH,"[""AT{'substrate': 'butmal'}"", ""KR{'type': 'B1'}"", 'loading: False']","TE(cyclic, ring=0)",252.35
O=C1OC(=CC2CCCCC2)C(=O)[C@@H]1CCCCc1c[nH]c(Cl)c1Cl,"[""AT{'substrate': 'CHC-CoA'}"", 'loading: True']",AT(hmal) + KR(B1) + DH,"[""AT{'substrate': 'DCP'}"", ""KR{'type': 'C2'}"", 'loading: False']","TE(cyclic, ring=0)",384.3
CCCCCC[C@H]1C(=O)O[C@@H]1C(O)=CC1CCCCC1,"[""AT{'substrate': 'CHC-CoA'}"", 'loading: True']",AT(hmal) + KR(B1) + DH,"[""AT{'substrate': 'hexmal'}"", ""KR{'type': 'B1'}"", 'loading: False']","TE(cyclic, ring=0)",280.41
O=C1OC1C(=O)C(O)=CC1CCCCC1,"[""AT{'substrate': 'CHC-CoA'}"", 'loading: True']",AT(hmal) + KR(B1) + DH,"[""AT{'substrate': 'hmal'}"", 'loading: False']","TE(cyclic, ring=0)",210.23
O=C1CCC(=CC2CCCCC2)O1,"[""AT{'substrate': 'CHC-CoA'}"", 'loading: True']",AT(hmal) + KR(B1) + DH,"[""AT{'substrate': 'Malonyl-CoA'}"", ""KR{'type': 'B'}"", 'DH{}', 'ER{}', 'loading: False']","TE(cyclic, ring=0)",180.25
C=CC[C@H]1C(=O)O[C@H]1C(O)=CC1CCCCC1,"[""AT{'substrate': 'CHC-CoA'}"", 'loading: True']",AT(hmal) + KR(B1) + DH,"[""AT{'substrate': 'allylmal'}"", ""KR{'type': 'A1'}"", 'loading: False']","TE(cyclic, ring=0)",236.31
O=C1O[C@@H](C(O)=CC2CCCCC2)[C@H]1CCCCc1c[nH]c(Cl)c1Cl,"[""AT{'substrate': 'CHC-CoA'}"", 'loading: True']",AT(hmal) + KR(B1) + DH,"[""AT{'substrate': 'DCP'}"", ""KR{'type': 'A1'}"", 'loading: False']","TE(cyclic, ring=0)",386.32
O=C1C=CC(=CC2CCCCC2)O1,"[""AT{'substrate': 'CHC-CoA'}"", 'loading: True']",AT(hmal) + KR(B1) + DH,"[""AT{'substrate': 'Malonyl-CoA'}"", ""KR{'type': 'B'}"", 'DH{}', 'loading: False']","TE(cyclic, ring=0)",178.23
CC(C)C1=CC(=CC2CCCCC2)OC1=O,"[""AT{'substrate': 'CHC-CoA'}"", 'loading: True']",AT(hmal) + KR(B1) + DH,"[""AT{'substrate': 'D-isobutmal'}"", ""KR{'type': 'B1'}"", 'DH{}', 'loading: False']","TE(cyclic, ring=0)",220.31
O=C1O[C@@H]1[C@@H](O)C(O)=CC1CCCCC1,"[""AT{'substrate': 'CHC-CoA'}"", 'loading: True']",AT(hmal) + KR(B1) + DH,"[""AT{'substrate': 'hmal'}"", ""KR{'type': 'A1'}"", 'loading: False']","TE(cyclic, ring=0)",212.24
C=CC[C@H]1CC(=CC2CCCCC2)OC1=O,"[""AT{'substrate': 'CHC-CoA'}"", 'loading: True']",AT(hmal) + KR(B1) + DH,"[""AT{'substrate': 'allylmal'}"", ""KR{'type': 'B1'}"", 'DH{}', 'ER{}', 'loading: False']","TE(cyclic, ring=0)",220.31
CC[C@@H]1C(=O)O[C@H]1C(O)=CC1CCCCC1,"[""AT{'substrate': 'CHC-CoA'}"", 'loading: True']",AT(hmal) + KR(B1) + DH,"[""AT{'substrate': 'emal'}"", ""KR{'type': 'A2'}"", 'loading: False']","TE(cyclic, ring=0)",224.3
CC1=CC(=CC2CCCCC2)OC1=O,"[""AT{'substrate': 'CHC-CoA'}"", 'loading: True']",AT(hmal) + KR(B1) + DH,"[""AT{'substrate': 'Methylmalonyl-CoA'}"", ""KR{'type': 'B1'}"", 'DH{}', 'loading: False']","TE(cyclic, ring=0)",192.26
CC(C)[C@@H]1C(=O)O[C@H]1C(O)=CC1CCCCC1,"[""AT{'substrate': 'CHC-CoA'}"", 'loading: True']",AT(hmal) + KR(B1) + DH,"[""AT{'substrate': 'isobutmal'}"", ""KR{'type': 'A2'}"", 'loading: False']","TE(cyclic, ring=0)",238.33
O=C1O[C@H]1[C@H](O)C(O)=CC1CCCCC1,"[""AT{'substrate': 'CHC-CoA'}"", 'loading: True']",AT(hmal) + KR(B1) + DH,"[""AT{'substrate': 'hmal'}"", ""KR{'type': 'B2'}"", 'loading: False']","TE(cyclic, ring=0)",212.24
CCC1=CC(=CC2CCCCC2)OC1=O,"[""AT{'substrate': 'CHC-CoA'}"", 'loading: True']",AT(hmal) + KR(B1) + DH,"[""AT{'substrate': 'emal'}"", ""KR{'type': 'B1'}"", 'DH{}', 'loading: False']","TE(cyclic, ring=0)",206.28
CCCCC1=CC(=CC2CCCCC2)OC1=O,"[""AT{'substrate': 'CHC-CoA'}"", 'loading: True']",AT(hmal) + KR(B1) + DH,"[""AT{'substrate': 'butmal'}"", ""KR{'type': 'B1'}"", 'DH{}', 'loading: False']","TE(cyclic, ring=0)",234.34
C[C@@H]1C(=O)O[C@@H]1C(O)=CC1CCCCC1,"[""AT{'substrate': 'CHC-CoA'}"", 'loading: True']",AT(hmal) + KR(B1) + DH,"[""AT{'substrate': 'Methylmalonyl-CoA'}"", ""KR{'type': 'B2'}"", 'loading: False']","TE(cyclic, ring=0)",210.27
CCCCCC[C@H]1C(=O)O[C@H]1C(O)=CC1CCCCC1,"[""AT{'substrate': 'CHC-CoA'}"", 'loading: True']",AT(hmal) + KR(B1) + DH,"[""AT{'substrate': 'hexmal'}"", ""KR{'type': 'A1'}"", 'loading: False']","TE(cyclic, ring=0)",280.41
CCCC[C@H]1CC(=CC2CCCCC2)OC1=O,"[""AT{'substrate': 'CHC-CoA'}"", 'loading: True']",AT(hmal) + KR(B1) + DH,"[""AT{'substrate': 'butmal'}"", ""KR{'type': 'B1'}"", 'DH{}', 'ER{}', 'loading: False']","TE(cyclic, ring=0)",236.35
CC[C@H]1C(=O)O[C@H]1C(O)=CC1CCCCC1,"[""AT{'substrate': 'CHC-CoA'}"", 'loading: True']",AT(hmal) + KR(B1) + DH,"[""AT{'substrate': 'emal'}"", ""KR{'type': 'A1'}"", 'loading: False']","TE(cyclic, ring=0)",224.3
O=C1OC(=CC2CCCCC2)C=C1O,"[""AT{'substrate': 'CHC-CoA'}"", 'loading: True']",AT(hmal) + KR(B1) + DH,"[""AT{'substrate': 'hmal'}"", ""KR{'type': 'B1'}"", 'DH{}', 'loading: False']","TE(cyclic, ring=0)",194.23
C[C@@H]1C(=O)O[C@H]1C(O)=C[C@@H]1CCC[C@H]1C(=O)O,"[""AT{'substrate': 'trans-1,2-CPDA'}"", 'loading: True']",AT(hmal) + KR(B1) + DH,"[""AT{'substrate': 'Methylmalonyl-CoA'}"", ""KR{'type': 'A2'}"", 'loading: False']","TE(cyclic, ring=0)",240.25
O=C1O[C@@H]1C(=O)C(O)=C[C@@H]1CCC[C@H]1C(=O)O,"[""AT{'substrate': 'trans-1,2-CPDA'}"", 'loading: True']",AT(hmal) + KR(B1) + DH,"[""AT{'substrate': 'hmal'}"", ""KR{'type': 'C1'}"", 'loading: False']","TE(cyclic, ring=0)",240.21
O=C1CC(=O)C(O)=C[C@@H]2CCC[C@H]2C(=O)O1,"[""AT{'substrate': 'trans-1,2-CPDA'}"", 'loading: True']",AT(hmal) + KR(B1) + DH,"[""AT{'substrate': 'Malonyl-CoA'}"", 'loading: False']","TE(cyclic, ring=0)",224.21
CC[C@H]1CC(O)=C[C@@H]2CCC[C@H]2C(=O)OC1=O,"[""AT{'substrate': 'trans-1,2-CPDA'}"", 'loading: True']",AT(hmal) + KR(B1) + DH,"[""AT{'substrate': 'emal'}"", ""KR{'type': 'B1'}"", 'DH{}', 'ER{}', 'loading: False']","TE(cyclic, ring=0)",238.28
CC(C)[C@H]1C(=O)O[C@H]1C(O)=C[C@@H]1CCC[C@H]1C(=O)O,"[""AT{'substrate': 'trans-1,2-CPDA'}"", 'loading: True']",AT(hmal) + KR(B1) + DH,"[""AT{'substrate': 'isobutmal'}"", ""KR{'type': 'A1'}"", 'loading: False']","TE(cyclic, ring=0)",268.31
CO[C@H]1C(=O)O[C@H]1C(O)=C[C@@H]1CCC[C@H]1C(=O)O,"[""AT{'substrate': 'trans-1,2-CPDA'}"", 'loading: True']",AT(hmal) + KR(B1) + DH,"[""AT{'substrate': 'mxmal'}"", ""KR{'type': 'A1'}"", 'loading: False']","TE(cyclic, ring=1)",256.25
C=CC[C@@H]1C(=O)O[C@@H]1C(O)=C[C@@H]1CCC[C@H]1C(=O)O,"[""AT{'substrate': 'trans-1,2-CPDA'}"", 'loading: True']",AT(hmal) + KR(B1) + DH,"[""AT{'substrate': 'allylmal'}"", ""KR{'type': 'B2'}"", 'loading: False']","TE(cyclic, ring=0)",266.29
C[C@H]1C(=O)OC(=O)[C@@H]2CCC[C@H]2C=C(O)C1=O,"[""AT{'substrate': 'trans-1,2-CPDA'}"", 'loading: True']",AT(hmal) + KR(B1) + DH,"[""AT{'substrate': 'Methylmalonyl-CoA'}"", ""KR{'type': 'C1'}"", 'loading: False']","TE(cyclic, ring=0)",238.24
O=C1O[C@H](C(O)=C[C@@H]2CCC[C@H]2C(=O)O)[C@@H]1CCCCc1c[nH]c(Cl)c1Cl,"[""AT{'substrate': 'trans-1,2-CPDA'}"", 'loading: True']",AT(hmal) + KR(B1) + DH,"[""AT{'substrate': 'DCP'}"", ""KR{'type': 'B2'}"", 'loading: False']","TE(cyclic, ring=0)",416.3
CC(C)[C@@H]1C(=O)O[C@@H]1C(O)=C[C@@H]1CCC[C@H]1C(=O)O,"[""AT{'substrate': 'trans-1,2-CPDA'}"", 'loading: True']",AT(hmal) + KR(B1) + DH,"[""AT{'substrate': 'isobutmal'}"", ""KR{'type': 'B2'}"", 'loading: False']","TE(cyclic, ring=0)",268.31
CO[C@@H]1C(=O)O[C@H]1C(O)=C[C@@H]1CCC[C@H]1C(=O)O,"[""AT{'substrate': 'trans-1,2-CPDA'}"", 'loading: True']",AT(hmal) + KR(B1) + DH,"[""AT{'substrate': 'mxmal'}"", ""KR{'type': 'A2'}"", 'loading: False']","TE(cyclic, ring=1)",256.25
C=CC[C@@H]1C(=O)O[C@H]1C(O)=C[C@@H]1CCC[C@H]1C(=O)O,"[""AT{'substrate': 'trans-1,2-CPDA'}"", 'loading: True']",AT(hmal) + KR(B1) + DH,"[""AT{'substrate': 'allylmal'}"", ""KR{'type': 'A2'}"", 'loading: False']","TE(cyclic, ring=0)",266.29
O=C1O[C@@H](C(O)=C[C@@H]2CCC[C@H]2C(=O)O)[C@@H]1CCCCc1c[nH]c(Cl)c1Cl,"[""AT{'substrate': 'trans-1,2-CPDA'}"", 'loading: True']",AT(hmal) + KR(B1) + DH,"[""AT{'substrate': 'DCP'}"", ""KR{'type': 'A2'}"", 'loading: False']","TE(cyclic, ring=0)",416.3
CC(C)[C@@H]1C(=O)OC(=O)[C@@H]2CCC[C@H]2C=C(O)C1=O,"[""AT{'substrate': 'trans-1,2-CPDA'}"", 'loading: True']",AT(hmal) + KR(B1) + DH,"[""AT{'substrate': 'D-isobutmal'}"", ""KR{'type': 'C2'}"", 'loading: False']","TE(cyclic, ring=0)",266.29
O=C1C[C@@H](C(O)=C[C@@H]2CCC[C@H]2C(=O)O)O1,"[""AT{'substrate': 'trans-1,2-CPDA'}"", 'loading: True']",AT(hmal) + KR(B1) + DH,"[""AT{'substrate': 'Malonyl-CoA'}"", ""KR{'type': 'B'}"", 'loading: False']","TE(cyclic, ring=0)",226.23
CO[C@@H]1C(=O)OC(=O)[C@@H]2CCC[C@H]2C=C(O)C1=O,"[""AT{'substrate': 'trans-1,2-CPDA'}"", 'loading: True']",AT(hmal) + KR(B1) + DH,"[""AT{'substrate': 'mxmal'}"", ""KR{'type': 'C2'}"", 'loading: False']","TE(cyclic, ring=1)",254.24
CC[C@H]1C(=O)OC(=O)[C@@H]2CCC[C@H]2C=C(O)C1=O,"[""AT{'substrate': 'trans-1,2-CPDA'}"", 'loading: True']",AT(hmal) + KR(B1) + DH,"[""AT{'substrate': 'emal'}"", ""KR{'type': 'C1'}"", 'loading: False']","TE(cyclic, ring=0)",252.27
O=C1OC(=O)[C@@H]2CCC[C@H]2C=C(O)C(=O)C1CCCCc1c[nH]c(Cl)c1Cl,"[""AT{'substrate': 'trans-1,2-CPDA'}"", 'loading: True']",AT(hmal) + KR(B1) + DH,"[""AT{'substrate': 'DCP'}"", 'loading: False']","TE(cyclic, ring=0)",414.29
CCCC[C@@H]1C(=O)OC(=O)[C@@H]2CCC[C@H]2C=C(O)C1=O,"[""AT{'substrate': 'trans-1,2-CPDA'}"", 'loading: True']",AT(hmal) + KR(B1) + DH,"[""AT{'substrate': 'butmal'}"", 'loading: False']","TE(cyclic, ring=0)",280.32
O=C1OC(=O)[C@@H]2CCC[C@H]2C=C(O)C(=O)[C@H]1CCCCc1c[nH]c(Cl)c1Cl,"[""AT{'substrate': 'trans-1,2-CPDA'}"", 'loading: True']",AT(hmal) + KR(B1) + DH,"[""AT{'substrate': 'DCP'}"", ""KR{'type': 'C1'}"", 'loading: False']","TE(cyclic, ring=0)",414.29
CCCCCC[C@H]1CC(O)=C[C@@H]2CCC[C@H]2C(=O)OC1=O,"[""AT{'substrate': 'trans-1,2-CPDA'}"", 'loading: True']",AT(hmal) + KR(B1) + DH,"[""AT{'substrate': 'hexmal'}"", ""KR{'type': 'B1'}"", 'DH{}', 'ER{}', 'loading: False']","TE(cyclic, ring=0)",294.39
O=C1O[C@H]1C(=O)C(O)=C[C@@H]1CCC[C@H]1C(=O)O,"[""AT{'substrate': 'trans-1,2-CPDA'}"", 'loading: True']",AT(hmal) + KR(B1) + DH,"[""AT{'substrate': 'hmal'}"", ""KR{'type': 'C2'}"", 'loading: False']","TE(cyclic, ring=0)",240.21
CCCC[C@H]1C(=O)O[C@H]1C(O)=C[C@@H]1CCC[C@H]1C(=O)O,"[""AT{'substrate': 'trans-1,2-CPDA'}"", 'loading: True']",AT(hmal) + KR(B1) + DH,"[""AT{'substrate': 'butmal'}"", ""KR{'type': 'A1'}"", 'loading: False']","TE(cyclic, ring=0)",282.34
CC(C)[C@H]1C(=O)OC(=O)[C@@H]2CCC[C@H]2C=C(O)C1=O,"[""AT{'substrate': 'trans-1,2-CPDA'}"", 'loading: True']",AT(hmal) + KR(B1) + DH,"[""AT{'substrate': 'isobutmal'}"", ""KR{'type': 'C1'}"", 'loading: False']","TE(cyclic, ring=0)",266.29
CO[C@H]1CC(O)=C[C@@H]2CCC[C@H]2C(=O)OC1=O,"[""AT{'substrate': 'trans-1,2-CPDA'}"", 'loading: True']",AT(hmal) + KR(B1) + DH,"[""AT{'substrate': 'mxmal'}"", ""KR{'type': 'B1'}"", 'DH{}', 'ER{}', 'loading: False']","TE(cyclic, ring=1)",240.25
O=C1OC(=O)[C@@H]2CCC[C@H]2C=C(O)C[C@@H]1CCCCc1c[nH]c(Cl)c1Cl,"[""AT{'substrate': 'trans-1,2-CPDA'}"", 'loading: True']",AT(hmal) + KR(B1) + DH,"[""AT{'substrate': 'DCP'}"", ""KR{'type': 'B1'}"", 'DH{}', 'ER{}', 'loading: False']","TE(cyclic, ring=0)",400.3
CCCCCC[C@@H]1C(=O)O[C@@H]1C(O)=C[C@@H]1CCC[C@H]1C(=O)O,"[""AT{'substrate': 'trans-1,2-CPDA'}"", 'loading: True']",AT(hmal) + KR(B1) + DH,"[""AT{'substrate': 'hexmal'}"", ""KR{'type': 'B2'}"", 'loading: False']","TE(cyclic, ring=0)",310.39
CC[C@@H]1C(=O)O[C@@H]1C(O)=C[C@@H]1CCC[C@H]1C(=O)O,"[""AT{'substrate': 'trans-1,2-CPDA'}"", 'loading: True']",AT(hmal) + KR(B1) + DH,"[""AT{'substrate': 'emal'}"", ""KR{'type': 'B2'}"", 'loading: False']","TE(cyclic, ring=0)",254.28
C[C@H]1CC(O)=C[C@@H]2CCC[C@H]2C(=O)OC1=O,"[""AT{'substrate': 'trans-1,2-CPDA'}"", 'loading: True']",AT(hmal) + KR(B1) + DH,"[""AT{'substrate': 'Methylmalonyl-CoA'}"", ""KR{'type': 'B1'}"", 'DH{}', 'ER{}', 'loading: False']","TE(cyclic, ring=0)",224.26
CCCC[C@@H]1C(=O)O[C@H]1C(O)=C[C@@H]1CCC[C@H]1C(=O)O,"[""AT{'substrate': 'trans-1,2-CPDA'}"", 'loading: True']",AT(hmal) + KR(B1) + DH,"[""AT{'substrate': 'butmal'}"", ""KR{'type': 'A2'}"", 'loading: False']","TE(cyclic, ring=0)",282.34
O=C(O)[C@@H]1CCC[C@H]1C=C(O)[C@@H](O)[C@H]1OC1=O,"[""AT{'substrate': 'trans-1,2-CPDA'}"", 'loading: True']",AT(hmal) + KR(B1) + DH,"[""AT{'substrate': 'hmal'}"", ""KR{'type': 'B1'}"", 'loading: False']","TE(cyclic, ring=0)",242.23
CC(C)[C@H]1C(=O)O[C@@H]1C(O)=C[C@@H]1CCC[C@H]1C(=O)O,"[""AT{'substrate': 'trans-1,2-CPDA'}"", 'loading: True']",AT(hmal) + KR(B1) + DH,"[""AT{'substrate': 'D-isobutmal'}"", ""KR{'type': 'B1'}"", 'loading: False']","TE(cyclic, ring=0)",268.31
COC1=CC(O)=C[C@@H]2CCC[C@H]2C(=O)OC1=O,"[""AT{'substrate': 'trans-1,2-CPDA'}"", 'loading: True']",AT(hmal) + KR(B1) + DH,"[""AT{'substrate': 'mxmal'}"", ""KR{'type': 'B1'}"", 'DH{}', 'loading: False']","TE(cyclic, ring=0)",238.24
O=C1C[C@H](C(O)=C[C@@H]2CCC[C@H]2C(=O)O)O1,"[""AT{'substrate': 'trans-1,2-CPDA'}"", 'loading: True']",AT(hmal) + KR(B1) + DH,"[""AT{'substrate': 'Malonyl-CoA'}"", ""KR{'type': 'A'}"", 'loading: False']","TE(cyclic, ring=0)",226.23
CCCCCC[C@@H]1C(=O)O[C@H]1C(O)=C[C@@H]1CCC[C@H]1C(=O)O,"[""AT{'substrate': 'trans-1,2-CPDA'}"", 'loading: True']",AT(hmal) + KR(B1) + DH,"[""AT{'substrate': 'hexmal'}"", ""KR{'type': 'A2'}"", 'loading: False']","TE(cyclic, ring=0)",310.39
C[C@@H]1C(=O)OC(=O)[C@@H]2CCC[C@H]2C=C(O)C1=O,"[""AT{'substrate': 'trans-1,2-CPDA'}"", 'loading: True']",AT(hmal) + KR(B1) + DH,"[""AT{'substrate': 'Methylmalonyl-CoA'}"", 'loading: False']","TE(cyclic, ring=0)",238.24
CO[C@@H]1C(=O)O[C@@H]1C(O)=C[C@@H]1CCC[C@H]1C(=O)O,"[""AT{'substrate': 'trans-1,2-CPDA'}"", 'loading: True']",AT(hmal) + KR(B1) + DH,"[""AT{'substrate': 'mxmal'}"", ""KR{'type': 'B2'}"", 'loading: False']","TE(cyclic, ring=1)",256.25
C[C@H]1C(=O)O[C@@H]1C(O)=C[C@@H]1CCC[C@H]1C(=O)O,"[""AT{'substrate': 'trans-1,2-CPDA'}"", 'loading: True']",AT(hmal) + KR(B1) + DH,"[""AT{'substrate': 'Methylmalonyl-CoA'}"", ""KR{'type': 'B1'}"", 'loading: False']","TE(cyclic, ring=0)",240.25
CC[C@@H]1C(=O)OC(=O)[C@@H]2CCC[C@H]2C=C(O)C1=O,"[""AT{'substrate': 'trans-1,2-CPDA'}"", 'loading: True']",AT(hmal) + KR(B1) + DH,"[""AT{'substrate': 'emal'}"", ""KR{'type': 'C2'}"", 'loading: False']","TE(cyclic, ring=0)",252.27
CCCCCCC1=CC(O)=C[C@@H]2CCC[C@H]2C(=O)OC1=O,"[""AT{'substrate': 'trans-1,2-CPDA'}"", 'loading: True']",AT(hmal) + KR(B1) + DH,"[""AT{'substrate': 'hexmal'}"", ""KR{'type': 'B1'}"", 'DH{}', 'loading: False']","TE(cyclic, ring=0)",292.38
CCCCCC[C@@H]1C(=O)OC(=O)[C@@H]2CCC[C@H]2C=C(O)C1=O,"[""AT{'substrate': 'trans-1,2-CPDA'}"", 'loading: True']",AT(hmal) + KR(B1) + DH,"[""AT{'substrate': 'hexmal'}"", 'loading: False']","TE(cyclic, ring=0)",308.37
CC[C@H]1C(=O)O[C@@H]1C(O)=C[C@@H]1CCC[C@H]1C(=O)O,"[""AT{'substrate': 'trans-1,2-CPDA'}"", 'loading: True']",AT(hmal) + KR(B1) + DH,"[""AT{'substrate': 'emal'}"", ""KR{'type': 'B1'}"", 'loading: False']","TE(cyclic, ring=0)",254.28
C=CC[C@H]1C(=O)O[C@@H]1C(O)=C[C@@H]1CCC[C@H]1C(=O)O,"[""AT{'substrate': 'trans-1,2-CPDA'}"", 'loading: True']",AT(hmal) + KR(B1) + DH,"[""AT{'substrate': 'allylmal'}"", ""KR{'type': 'B1'}"", 'loading: False']","TE(cyclic, ring=0)",266.29
CO[C@H]1C(=O)OC(=O)[C@@H]2CCC[C@H]2C=C(O)C1=O,"[""AT{'substrate': 'trans-1,2-CPDA'}"", 'loading: True']",AT(hmal) + KR(B1) + DH,"[""AT{'substrate': 'mxmal'}"", ""KR{'type': 'C1'}"", 'loading: False']","TE(cyclic, ring=1)",254.24
C=CC[C@H]1C(=O)OC(=O)[C@@H]2CCC[C@H]2C=C(O)C1=O,"[""AT{'substrate': 'trans-1,2-CPDA'}"", 'loading: True']",AT(hmal) + KR(B1) + DH,"[""AT{'substrate': 'allylmal'}"", ""KR{'type': 'C1'}"", 'loading: False']","TE(cyclic, ring=0)",264.28
C=CCC1=CC(O)=C[C@@H]2CCC[C@H]2C(=O)OC1=O,"[""AT{'substrate': 'trans-1,2-CPDA'}"", 'loading: True']",AT(hmal) + KR(B1) + DH,"[""AT{'substrate': 'allylmal'}"", ""KR{'type': 'B1'}"", 'DH{}', 'loading: False']","TE(cyclic, ring=0)",248.28
O=C1OC(=O)[C@@H]2CCC[C@H]2C=C(O)C=C1CCCCc1c[nH]c(Cl)c1Cl,"[""AT{'substrate': 'trans-1,2-CPDA'}"", 'loading: True']",AT(hmal) + KR(B1) + DH,"[""AT{'substrate': 'DCP'}"", ""KR{'type': 'B1'}"", 'DH{}', 'loading: False']","TE(cyclic, ring=0)",398.29
O=C(O)[C@@H]1CCC[C@H]1C=C(O)[C@H]1OC(=O)[C@@H]1CCCCc1c[nH]c(Cl)c1Cl,"[""AT{'substrate': 'trans-1,2-CPDA'}"", 'loading: True']",AT(hmal) + KR(B1) + DH,"[""AT{'substrate': 'DCP'}"", ""KR{'type': 'B1'}"", 'loading: False']","TE(cyclic, ring=0)",416.3
CCCC[C@@H]1C(=O)O[C@@H]1C(O)=C[C@@H]1CCC[C@H]1C(=O)O,"[""AT{'substrate': 'trans-1,2-CPDA'}"", 'loading: True']",AT(hmal) + KR(B1) + DH,"[""AT{'substrate': 'butmal'}"", ""KR{'type': 'B2'}"", 'loading: False']","TE(cyclic, ring=0)",282.34
CO[C@H]1C(=O)O[C@@H]1C(O)=C[C@@H]1CCC[C@H]1C(=O)O,"[""AT{'substrate': 'trans-1,2-CPDA'}"", 'loading: True']",AT(hmal) + KR(B1) + DH,"[""AT{'substrate': 'mxmal'}"", ""KR{'type': 'B1'}"", 'loading: False']","TE(cyclic, ring=1)",256.25
O=C1O[C@H]1CC(O)=C[C@@H]1CCC[C@H]1C(=O)O,"[""AT{'substrate': 'trans-1,2-CPDA'}"", 'loading: True']",AT(hmal) + KR(B1) + DH,"[""AT{'substrate': 'hmal'}"", ""KR{'type': 'B1'}"", 'DH{}', 'ER{}', 'loading: False']","TE(cyclic, ring=0)",226.23
CCCC[C@H]1C(=O)OC(=O)[C@@H]2CCC[C@H]2C=C(O)C1=O,"[""AT{'substrate': 'trans-1,2-CPDA'}"", 'loading: True']",AT(hmal) + KR(B1) + DH,"[""AT{'substrate': 'butmal'}"", ""KR{'type': 'C1'}"", 'loading: False']","TE(cyclic, ring=0)",280.32
CC(C)[C@H]1CC(O)=C[C@@H]2CCC[C@H]2C(=O)OC1=O,"[""AT{'substrate': 'trans-1,2-CPDA'}"", 'loading: True']",AT(hmal) + KR(B1) + DH,"[""AT{'substrate': 'D-isobutmal'}"", ""KR{'type': 'B1'}"", 'DH{}', 'ER{}', 'loading: False']","TE(cyclic, ring=0)",252.31
CCCCCC[C@H]1C(=O)OC(=O)[C@@H]2CCC[C@H]2C=C(O)C1=O,"[""AT{'substrate': 'trans-1,2-CPDA'}"", 'loading: True']",AT(hmal) + KR(B1) + DH,"[""AT{'substrate': 'hexmal'}"", ""KR{'type': 'C1'}"", 'loading: False']","TE(cyclic, ring=0)",308.37
C[C@H]1C(=O)O[C@H]1C(O)=C[C@@H]1CCC[C@H]1C(=O)O,"[""AT{'substrate': 'trans-1,2-CPDA'}"", 'loading: True']",AT(hmal) + KR(B1) + DH,"[""AT{'substrate': 'Methylmalonyl-CoA'}"", ""KR{'type': 'A1'}"", 'loading: False']","TE(cyclic, ring=0)",240.25
C=CC[C@@H]1C(=O)OC(=O)[C@@H]2CCC[C@H]2C=C(O)C1=O,"[""AT{'substrate': 'trans-1,2-CPDA'}"", 'loading: True']",AT(hmal) + KR(B1) + DH,"[""AT{'substrate': 'allylmal'}"", ""KR{'type': 'C2'}"", 'loading: False']","TE(cyclic, ring=0)",264.28
O=C1O[C@H]1[C@@H](O)C(O)=C[C@@H]1CCC[C@H]1C(=O)O,"[""AT{'substrate': 'trans-1,2-CPDA'}"", 'loading: True']",AT(hmal) + KR(B1) + DH,"[""AT{'substrate': 'hmal'}"", ""KR{'type': 'A2'}"", 'loading: False']","TE(cyclic, ring=0)",242.23
CCCC[C@H]1C(=O)O[C@@H]1C(O)=C[C@@H]1CCC[C@H]1C(=O)O,"[""AT{'substrate': 'trans-1,2-CPDA'}"", 'loading: True']",AT(hmal) + KR(B1) + DH,"[""AT{'substrate': 'butmal'}"", ""KR{'type': 'B1'}"", 'loading: False']","TE(cyclic, ring=0)",282.34
O=C1OC(=O)[C@@H]2CCC[C@H]2C=C(O)C(=O)[C@@H]1CCCCc1c[nH]c(Cl)c1Cl,"[""AT{'substrate': 'trans-1,2-CPDA'}"", 'loading: True']",AT(hmal) + KR(B1) + DH,"[""AT{'substrate': 'DCP'}"", ""KR{'type': 'C2'}"", 'loading: False']","TE(cyclic, ring=0)",414.29
CCCCCC[C@H]1C(=O)O[C@@H]1C(O)=C[C@@H]1CCC[C@H]1C(=O)O,"[""AT{'substrate': 'trans-1,2-CPDA'}"", 'loading: True']",AT(hmal) + KR(B1) + DH,"[""AT{'substrate': 'hexmal'}"", ""KR{'type': 'B1'}"", 'loading: False']","TE(cyclic, ring=0)",310.39
O=C1OC1C(=O)C(O)=C[C@@H]1CCC[C@H]1C(=O)O,"[""AT{'substrate': 'trans-1,2-CPDA'}"", 'loading: True']",AT(hmal) + KR(B1) + DH,"[""AT{'substrate': 'hmal'}"", 'loading: False']","TE(cyclic, ring=0)",240.21
O=C1CCC(O)=C[C@@H]2CCC[C@H]2C(=O)O1,"[""AT{'substrate': 'trans-1,2-CPDA'}"", 'loading: True']",AT(hmal) + KR(B1) + DH,"[""AT{'substrate': 'Malonyl-CoA'}"", ""KR{'type': 'B'}"", 'DH{}', 'ER{}', 'loading: False']","TE(cyclic, ring=0)",210.23
C=CC[C@H]1C(=O)O[C@H]1C(O)=C[C@@H]1CCC[C@H]1C(=O)O,"[""AT{'substrate': 'trans-1,2-CPDA'}"", 'loading: True']",AT(hmal) + KR(B1) + DH,"[""AT{'substrate': 'allylmal'}"", ""KR{'type': 'A1'}"", 'loading: False']","TE(cyclic, ring=0)",266.29
O=C(O)[C@@H]1CCC[C@H]1C=C(O)[C@@H]1OC(=O)[C@@H]1CCCCc1c[nH]c(Cl)c1Cl,"[""AT{'substrate': 'trans-1,2-CPDA'}"", 'loading: True']",AT(hmal) + KR(B1) + DH,"[""AT{'substrate': 'DCP'}"", ""KR{'type': 'A1'}"", 'loading: False']","TE(cyclic, ring=0)",416.3
O=C1C=CC(O)=C[C@@H]2CCC[C@H]2C(=O)O1,"[""AT{'substrate': 'trans-1,2-CPDA'}"", 'loading: True']",AT(hmal) + KR(B1) + DH,"[""AT{'substrate': 'Malonyl-CoA'}"", ""KR{'type': 'B'}"", 'DH{}', 'loading: False']","TE(cyclic, ring=0)",208.21
CC(C)C1=CC(O)=C[C@@H]2CCC[C@H]2C(=O)OC1=O,"[""AT{'substrate': 'trans-1,2-CPDA'}"", 'loading: True']",AT(hmal) + KR(B1) + DH,"[""AT{'substrate': 'D-isobutmal'}"", ""KR{'type': 'B1'}"", 'DH{}', 'loading: False']","TE(cyclic, ring=0)",250.29
O=C(O)[C@@H]1CCC[C@H]1C=C(O)[C@H](O)[C@H]1OC1=O,"[""AT{'substrate': 'trans-1,2-CPDA'}"", 'loading: True']",AT(hmal) + KR(B1) + DH,"[""AT{'substrate': 'hmal'}"", ""KR{'type': 'A1'}"", 'loading: False']","TE(cyclic, ring=0)",242.23
C=CC[C@H]1CC(O)=C[C@@H]2CCC[C@H]2C(=O)OC1=O,"[""AT{'substrate': 'trans-1,2-CPDA'}"", 'loading: True']",AT(hmal) + KR(B1) + DH,"[""AT{'substrate': 'allylmal'}"", ""KR{'type': 'B1'}"", 'DH{}', 'ER{}', 'loading: False']","TE(cyclic, ring=0)",250.29
CC[C@@H]1C(=O)O[C@H]1C(O)=C[C@@H]1CCC[C@H]1C(=O)O,"[""AT{'substrate': 'trans-1,2-CPDA'}"", 'loading: True']",AT(hmal) + KR(B1) + DH,"[""AT{'substrate': 'emal'}"", ""KR{'type': 'A2'}"", 'loading: False']","TE(cyclic, ring=0)",254.28
CC1=CC(O)=C[C@@H]2CCC[C@H]2C(=O)OC1=O,"[""AT{'substrate': 'trans-1,2-CPDA'}"", 'loading: True']",AT(hmal) + KR(B1) + DH,"[""AT{'substrate': 'Methylmalonyl-CoA'}"", ""KR{'type': 'B1'}"", 'DH{}', 'loading: False']","TE(cyclic, ring=0)",222.24
CC(C)[C@@H]1C(=O)O[C@H]1C(O)=C[C@@H]1CCC[C@H]1C(=O)O,"[""AT{'substrate': 'trans-1,2-CPDA'}"", 'loading: True']",AT(hmal) + KR(B1) + DH,"[""AT{'substrate': 'isobutmal'}"", ""KR{'type': 'A2'}"", 'loading: False']","TE(cyclic, ring=0)",268.31
O=C1O[C@H]1[C@H](O)C(O)=C[C@@H]1CCC[C@H]1C(=O)O,"[""AT{'substrate': 'trans-1,2-CPDA'}"", 'loading: True']",AT(hmal) + KR(B1) + DH,"[""AT{'substrate': 'hmal'}"", ""KR{'type': 'B2'}"", 'loading: False']","TE(cyclic, ring=0)",242.23
CCC1=CC(O)=C[C@@H]2CCC[C@H]2C(=O)OC1=O,"[""AT{'substrate': 'trans-1,2-CPDA'}"", 'loading: True']",AT(hmal) + KR(B1) + DH,"[""AT{'substrate': 'emal'}"", ""KR{'type': 'B1'}"", 'DH{}', 'loading: False']","TE(cyclic, ring=0)",236.27
CCCCC1=CC(O)=C[C@@H]2CCC[C@H]2C(=O)OC1=O,"[""AT{'substrate': 'trans-1,2-CPDA'}"", 'loading: True']",AT(hmal) + KR(B1) + DH,"[""AT{'substrate': 'butmal'}"", ""KR{'type': 'B1'}"", 'DH{}', 'loading: False']","TE(cyclic, ring=0)",264.32
C[C@@H]1C(=O)O[C@@H]1C(O)=C[C@@H]1CCC[C@H]1C(=O)O,"[""AT{'substrate': 'trans-1,2-CPDA'}"", 'loading: True']",AT(hmal) + KR(B1) + DH,"[""AT{'substrate': 'Methylmalonyl-CoA'}"", ""KR{'type': 'B2'}"", 'loading: False']","TE(cyclic, ring=0)",240.25
CCCCCC[C@H]1C(=O)O[C@H]1C(O)=C[C@@H]1CCC[C@H]1C(=O)O,"[""AT{'substrate': 'trans-1,2-CPDA'}"", 'loading: True']",AT(hmal) + KR(B1) + DH,"[""AT{'substrate': 'hexmal'}"", ""KR{'type': 'A1'}"", 'loading: False']","TE(cyclic, ring=0)",310.39
CCCC[C@H]1CC(O)=C[C@@H]2CCC[C@H]2C(=O)OC1=O,"[""AT{'substrate': 'trans-1,2-CPDA'}"", 'loading: True']",AT(hmal) + KR(B1) + DH,"[""AT{'substrate': 'butmal'}"", ""KR{'type': 'B1'}"", 'DH{}', 'ER{}', 'loading: False']","TE(cyclic, ring=0)",266.34
CC[C@H]1C(=O)O[C@H]1C(O)=C[C@@H]1CCC[C@H]1C(=O)O,"[""AT{'substrate': 'trans-1,2-CPDA'}"", 'loading: True']",AT(hmal) + KR(B1) + DH,"[""AT{'substrate': 'emal'}"", ""KR{'type': 'A1'}"", 'loading: False']","TE(cyclic, ring=0)",254.28
O=C1OC(=O)[C@@H]2CCC[C@H]2C=C(O)C=C1O,"[""AT{'substrate': 'trans-1,2-CPDA'}"", 'loading: True']",AT(hmal) + KR(B1) + DH,"[""AT{'substrate': 'hmal'}"", ""KR{'type': 'B1'}"", 'DH{}', 'loading: False']","TE(cyclic, ring=0)",224.21
C[C@@H]1C(=O)O[C@H]1C(O)=CC1=CCCC1=O,"[""AT{'substrate': 'cyclopentene'}"", 'loading: True']",AT(hmal) + KR(B1) + DH,"[""AT{'substrate': 'Methylmalonyl-CoA'}"", ""KR{'type': 'A2'}"", 'loading: False']","TE(cyclic, ring=0)",208.21
O=C1CCC=C1C=C(O)C(=O)[C@H]1OC1=O,"[""AT{'substrate': 'cyclopentene'}"", 'loading: True']",AT(hmal) + KR(B1) + DH,"[""AT{'substrate': 'hmal'}"", ""KR{'type': 'C1'}"", 'loading: False']","TE(cyclic, ring=0)",208.17
O=C1CC(=O)C(=CC2=CCCC2=O)O1,"[""AT{'substrate': 'cyclopentene'}"", 'loading: True']",AT(hmal) + KR(B1) + DH,"[""AT{'substrate': 'Malonyl-CoA'}"", 'loading: False']","TE(cyclic, ring=0)",192.17
CC[C@H]1CC(=CC2=CCCC2=O)OC1=O,"[""AT{'substrate': 'cyclopentene'}"", 'loading: True']",AT(hmal) + KR(B1) + DH,"[""AT{'substrate': 'emal'}"", ""KR{'type': 'B1'}"", 'DH{}', 'ER{}', 'loading: False']","TE(cyclic, ring=0)",206.24
CC(C)[C@H]1C(=O)O[C@H]1C(O)=CC1=CCCC1=O,"[""AT{'substrate': 'cyclopentene'}"", 'loading: True']",AT(hmal) + KR(B1) + DH,"[""AT{'substrate': 'isobutmal'}"", ""KR{'type': 'A1'}"", 'loading: False']","TE(cyclic, ring=0)",236.27
CO[C@H]1C(=O)O[C@H]1C(O)=CC1=CCCC1=O,"[""AT{'substrate': 'cyclopentene'}"", 'loading: True']",AT(hmal) + KR(B1) + DH,"[""AT{'substrate': 'mxmal'}"", ""KR{'type': 'A1'}"", 'loading: False']","TE(cyclic, ring=1)",224.21
C=CC[C@@H]1C(=O)O[C@@H]1C(O)=CC1=CCCC1=O,"[""AT{'substrate': 'cyclopentene'}"", 'loading: True']",AT(hmal) + KR(B1) + DH,"[""AT{'substrate': 'allylmal'}"", ""KR{'type': 'B2'}"", 'loading: False']","TE(cyclic, ring=0)",234.25
C[C@H]1C(=O)OC(=CC2=CCCC2=O)C1=O,"[""AT{'substrate': 'cyclopentene'}"", 'loading: True']",AT(hmal) + KR(B1) + DH,"[""AT{'substrate': 'Methylmalonyl-CoA'}"", ""KR{'type': 'C1'}"", 'loading: False']","TE(cyclic, ring=0)",206.2
O=C1CCC=C1C=C(O)[C@H]1OC(=O)[C@H]1CCCCc1c[nH]c(Cl)c1Cl,"[""AT{'substrate': 'cyclopentene'}"", 'loading: True']",AT(hmal) + KR(B1) + DH,"[""AT{'substrate': 'DCP'}"", ""KR{'type': 'B2'}"", 'loading: False']","TE(cyclic, ring=0)",384.26
CC(C)[C@@H]1C(=O)O[C@@H]1C(O)=CC1=CCCC1=O,"[""AT{'substrate': 'cyclopentene'}"", 'loading: True']",AT(hmal) + KR(B1) + DH,"[""AT{'substrate': 'isobutmal'}"", ""KR{'type': 'B2'}"", 'loading: False']","TE(cyclic, ring=0)",236.27
CO[C@@H]1C(=O)O[C@H]1C(O)=CC1=CCCC1=O,"[""AT{'substrate': 'cyclopentene'}"", 'loading: True']",AT(hmal) + KR(B1) + DH,"[""AT{'substrate': 'mxmal'}"", ""KR{'type': 'A2'}"", 'loading: False']","TE(cyclic, ring=1)",224.21
C=CC[C@@H]1C(=O)O[C@H]1C(O)=CC1=CCCC1=O,"[""AT{'substrate': 'cyclopentene'}"", 'loading: True']",AT(hmal) + KR(B1) + DH,"[""AT{'substrate': 'allylmal'}"", ""KR{'type': 'A2'}"", 'loading: False']","TE(cyclic, ring=0)",234.25
O=C1CCC=C1C=C(O)[C@@H]1OC(=O)[C@H]1CCCCc1c[nH]c(Cl)c1Cl,"[""AT{'substrate': 'cyclopentene'}"", 'loading: True']",AT(hmal) + KR(B1) + DH,"[""AT{'substrate': 'DCP'}"", ""KR{'type': 'A2'}"", 'loading: False']","TE(cyclic, ring=0)",384.26
CC(C)[C@@H]1C(=O)OC(=CC2=CCCC2=O)C1=O,"[""AT{'substrate': 'cyclopentene'}"", 'loading: True']",AT(hmal) + KR(B1) + DH,"[""AT{'substrate': 'D-isobutmal'}"", ""KR{'type': 'C2'}"", 'loading: False']","TE(cyclic, ring=0)",234.25
O=C1C[C@@H](C(O)=CC2=CCCC2=O)O1,"[""AT{'substrate': 'cyclopentene'}"", 'loading: True']",AT(hmal) + KR(B1) + DH,"[""AT{'substrate': 'Malonyl-CoA'}"", ""KR{'type': 'B'}"", 'loading: False']","TE(cyclic, ring=0)",194.19
CO[C@@H]1C(=O)OC(=CC2=CCCC2=O)C1=O,"[""AT{'substrate': 'cyclopentene'}"", 'loading: True']",AT(hmal) + KR(B1) + DH,"[""AT{'substrate': 'mxmal'}"", ""KR{'type': 'C2'}"", 'loading: False']","TE(cyclic, ring=1)",222.2
CC[C@H]1C(=O)OC(=CC2=CCCC2=O)C1=O,"[""AT{'substrate': 'cyclopentene'}"", 'loading: True']",AT(hmal) + KR(B1) + DH,"[""AT{'substrate': 'emal'}"", ""KR{'type': 'C1'}"", 'loading: False']","TE(cyclic, ring=0)",220.22
O=C1CCC=C1C=C1OC(=O)C(CCCCc2c[nH]c(Cl)c2Cl)C1=O,"[""AT{'substrate': 'cyclopentene'}"", 'loading: True']",AT(hmal) + KR(B1) + DH,"[""AT{'substrate': 'DCP'}"", 'loading: False']","TE(cyclic, ring=0)",382.24
CCCC[C@@H]1C(=O)OC(=CC2=CCCC2=O)C1=O,"[""AT{'substrate': 'cyclopentene'}"", 'loading: True']",AT(hmal) + KR(B1) + DH,"[""AT{'substrate': 'butmal'}"", 'loading: False']","TE(cyclic, ring=0)",248.28
O=C1CCC=C1C=C1OC(=O)[C@H](CCCCc2c[nH]c(Cl)c2Cl)C1=O,"[""AT{'substrate': 'cyclopentene'}"", 'loading: True']",AT(hmal) + KR(B1) + DH,"[""AT{'substrate': 'DCP'}"", ""KR{'type': 'C1'}"", 'loading: False']","TE(cyclic, ring=0)",382.24
CCCCCC[C@H]1CC(=CC2=CCCC2=O)OC1=O,"[""AT{'substrate': 'cyclopentene'}"", 'loading: True']",AT(hmal) + KR(B1) + DH,"[""AT{'substrate': 'hexmal'}"", ""KR{'type': 'B1'}"", 'DH{}', 'ER{}', 'loading: False']","TE(cyclic, ring=0)",262.35
O=C1CCC=C1C=C(O)C(=O)[C@@H]1OC1=O,"[""AT{'substrate': 'cyclopentene'}"", 'loading: True']",AT(hmal) + KR(B1) + DH,"[""AT{'substrate': 'hmal'}"", ""KR{'type': 'C2'}"", 'loading: False']","TE(cyclic, ring=0)",208.17
CCCC[C@H]1C(=O)O[C@H]1C(O)=CC1=CCCC1=O,"[""AT{'substrate': 'cyclopentene'}"", 'loading: True']",AT(hmal) + KR(B1) + DH,"[""AT{'substrate': 'butmal'}"", ""KR{'type': 'A1'}"", 'loading: False']","TE(cyclic, ring=0)",250.29
CC(C)[C@H]1C(=O)OC(=CC2=CCCC2=O)C1=O,"[""AT{'substrate': 'cyclopentene'}"", 'loading: True']",AT(hmal) + KR(B1) + DH,"[""AT{'substrate': 'isobutmal'}"", ""KR{'type': 'C1'}"", 'loading: False']","TE(cyclic, ring=0)",234.25
CO[C@H]1CC(=CC2=CCCC2=O)OC1=O,"[""AT{'substrate': 'cyclopentene'}"", 'loading: True']",AT(hmal) + KR(B1) + DH,"[""AT{'substrate': 'mxmal'}"", ""KR{'type': 'B1'}"", 'DH{}', 'ER{}', 'loading: False']","TE(cyclic, ring=1)",208.21
O=C1CCC=C1C=C1C[C@H](CCCCc2c[nH]c(Cl)c2Cl)C(=O)O1,"[""AT{'substrate': 'cyclopentene'}"", 'loading: True']",AT(hmal) + KR(B1) + DH,"[""AT{'substrate': 'DCP'}"", ""KR{'type': 'B1'}"", 'DH{}', 'ER{}', 'loading: False']","TE(cyclic, ring=0)",368.26
CCCCCC[C@@H]1C(=O)O[C@@H]1C(O)=CC1=CCCC1=O,"[""AT{'substrate': 'cyclopentene'}"", 'loading: True']",AT(hmal) + KR(B1) + DH,"[""AT{'substrate': 'hexmal'}"", ""KR{'type': 'B2'}"", 'loading: False']","TE(cyclic, ring=0)",278.35
CC[C@@H]1C(=O)O[C@@H]1C(O)=CC1=CCCC1=O,"[""AT{'substrate': 'cyclopentene'}"", 'loading: True']",AT(hmal) + KR(B1) + DH,"[""AT{'substrate': 'emal'}"", ""KR{'type': 'B2'}"", 'loading: False']","TE(cyclic, ring=0)",222.24
C[C@H]1CC(=CC2=CCCC2=O)OC1=O,"[""AT{'substrate': 'cyclopentene'}"", 'loading: True']",AT(hmal) + KR(B1) + DH,"[""AT{'substrate': 'Methylmalonyl-CoA'}"", ""KR{'type': 'B1'}"", 'DH{}', 'ER{}', 'loading: False']","TE(cyclic, ring=0)",192.21
CCCC[C@@H]1C(=O)O[C@H]1C(O)=CC1=CCCC1=O,"[""AT{'substrate': 'cyclopentene'}"", 'loading: True']",AT(hmal) + KR(B1) + DH,"[""AT{'substrate': 'butmal'}"", ""KR{'type': 'A2'}"", 'loading: False']","TE(cyclic, ring=0)",250.29
O=C1CCC=C1C=C(O)[C@@H](O)[C@H]1OC1=O,"[""AT{'substrate': 'cyclopentene'}"", 'loading: True']",AT(hmal) + KR(B1) + DH,"[""AT{'substrate': 'hmal'}"", ""KR{'type': 'B1'}"", 'loading: False']","TE(cyclic, ring=0)",210.18
CC(C)[C@H]1C(=O)O[C@@H]1C(O)=CC1=CCCC1=O,"[""AT{'substrate': 'cyclopentene'}"", 'loading: True']",AT(hmal) + KR(B1) + DH,"[""AT{'substrate': 'D-isobutmal'}"", ""KR{'type': 'B1'}"", 'loading: False']","TE(cyclic, ring=0)",236.27
COC1=CC(=CC2=CCCC2=O)OC1=O,"[""AT{'substrate': 'cyclopentene'}"", 'loading: True']",AT(hmal) + KR(B1) + DH,"[""AT{'substrate': 'mxmal'}"", ""KR{'type': 'B1'}"", 'DH{}', 'loading: False']","TE(cyclic, ring=0)",206.2
O=C1C[C@H](C(O)=CC2=CCCC2=O)O1,"[""AT{'substrate': 'cyclopentene'}"", 'loading: True']",AT(hmal) + KR(B1) + DH,"[""AT{'substrate': 'Malonyl-CoA'}"", ""KR{'type': 'A'}"", 'loading: False']","TE(cyclic, ring=0)",194.19
CCCCCC[C@@H]1C(=O)O[C@H]1C(O)=CC1=CCCC1=O,"[""AT{'substrate': 'cyclopentene'}"", 'loading: True']",AT(hmal) + KR(B1) + DH,"[""AT{'substrate': 'hexmal'}"", ""KR{'type': 'A2'}"", 'loading: False']","TE(cyclic, ring=0)",278.35
C[C@@H]1C(=O)OC(=CC2=CCCC2=O)C1=O,"[""AT{'substrate': 'cyclopentene'}"", 'loading: True']",AT(hmal) + KR(B1) + DH,"[""AT{'substrate': 'Methylmalonyl-CoA'}"", 'loading: False']","TE(cyclic, ring=0)",206.2
CO[C@@H]1C(=O)O[C@@H]1C(O)=CC1=CCCC1=O,"[""AT{'substrate': 'cyclopentene'}"", 'loading: True']",AT(hmal) + KR(B1) + DH,"[""AT{'substrate': 'mxmal'}"", ""KR{'type': 'B2'}"", 'loading: False']","TE(cyclic, ring=1)",224.21
C[C@H]1C(=O)O[C@@H]1C(O)=CC1=CCCC1=O,"[""AT{'substrate': 'cyclopentene'}"", 'loading: True']",AT(hmal) + KR(B1) + DH,"[""AT{'substrate': 'Methylmalonyl-CoA'}"", ""KR{'type': 'B1'}"", 'loading: False']","TE(cyclic, ring=0)",208.21
CC[C@@H]1C(=O)OC(=CC2=CCCC2=O)C1=O,"[""AT{'substrate': 'cyclopentene'}"", 'loading: True']",AT(hmal) + KR(B1) + DH,"[""AT{'substrate': 'emal'}"", ""KR{'type': 'C2'}"", 'loading: False']","TE(cyclic, ring=0)",220.22
CCCCCCC1=CC(=CC2=CCCC2=O)OC1=O,"[""AT{'substrate': 'cyclopentene'}"", 'loading: True']",AT(hmal) + KR(B1) + DH,"[""AT{'substrate': 'hexmal'}"", ""KR{'type': 'B1'}"", 'DH{}', 'loading: False']","TE(cyclic, ring=0)",260.33
CCCCCC[C@@H]1C(=O)OC(=CC2=CCCC2=O)C1=O,"[""AT{'substrate': 'cyclopentene'}"", 'loading: True']",AT(hmal) + KR(B1) + DH,"[""AT{'substrate': 'hexmal'}"", 'loading: False']","TE(cyclic, ring=0)",276.33
CC[C@H]1C(=O)O[C@@H]1C(O)=CC1=CCCC1=O,"[""AT{'substrate': 'cyclopentene'}"", 'loading: True']",AT(hmal) + KR(B1) + DH,"[""AT{'substrate': 'emal'}"", ""KR{'type': 'B1'}"", 'loading: False']","TE(cyclic, ring=0)",222.24
C=CC[C@H]1C(=O)O[C@@H]1C(O)=CC1=CCCC1=O,"[""AT{'substrate': 'cyclopentene'}"", 'loading: True']",AT(hmal) + KR(B1) + DH,"[""AT{'substrate': 'allylmal'}"", ""KR{'type': 'B1'}"", 'loading: False']","TE(cyclic, ring=0)",234.25
CO[C@H]1C(=O)OC(=CC2=CCCC2=O)C1=O,"[""AT{'substrate': 'cyclopentene'}"", 'loading: True']",AT(hmal) + KR(B1) + DH,"[""AT{'substrate': 'mxmal'}"", ""KR{'type': 'C1'}"", 'loading: False']","TE(cyclic, ring=1)",222.2
C=CC[C@H]1C(=O)OC(=CC2=CCCC2=O)C1=O,"[""AT{'substrate': 'cyclopentene'}"", 'loading: True']",AT(hmal) + KR(B1) + DH,"[""AT{'substrate': 'allylmal'}"", ""KR{'type': 'C1'}"", 'loading: False']","TE(cyclic, ring=0)",232.23
C=CCC1=CC(=CC2=CCCC2=O)OC1=O,"[""AT{'substrate': 'cyclopentene'}"", 'loading: True']",AT(hmal) + KR(B1) + DH,"[""AT{'substrate': 'allylmal'}"", ""KR{'type': 'B1'}"", 'DH{}', 'loading: False']","TE(cyclic, ring=0)",216.24
O=C1CCC=C1C=C1C=C(CCCCc2c[nH]c(Cl)c2Cl)C(=O)O1,"[""AT{'substrate': 'cyclopentene'}"", 'loading: True']",AT(hmal) + KR(B1) + DH,"[""AT{'substrate': 'DCP'}"", ""KR{'type': 'B1'}"", 'DH{}', 'loading: False']","TE(cyclic, ring=0)",366.24
O=C1CCC=C1C=C(O)[C@H]1OC(=O)[C@@H]1CCCCc1c[nH]c(Cl)c1Cl,"[""AT{'substrate': 'cyclopentene'}"", 'loading: True']",AT(hmal) + KR(B1) + DH,"[""AT{'substrate': 'DCP'}"", ""KR{'type': 'B1'}"", 'loading: False']","TE(cyclic, ring=0)",384.26
CCCC[C@@H]1C(=O)O[C@@H]1C(O)=CC1=CCCC1=O,"[""AT{'substrate': 'cyclopentene'}"", 'loading: True']",AT(hmal) + KR(B1) + DH,"[""AT{'substrate': 'butmal'}"", ""KR{'type': 'B2'}"", 'loading: False']","TE(cyclic, ring=0)",250.29
CO[C@H]1C(=O)O[C@@H]1C(O)=CC1=CCCC1=O,"[""AT{'substrate': 'cyclopentene'}"", 'loading: True']",AT(hmal) + KR(B1) + DH,"[""AT{'substrate': 'mxmal'}"", ""KR{'type': 'B1'}"", 'loading: False']","TE(cyclic, ring=1)",224.21
O=C1CCC=C1C=C(O)C[C@@H]1OC1=O,"[""AT{'substrate': 'cyclopentene'}"", 'loading: True']",AT(hmal) + KR(B1) + DH,"[""AT{'substrate': 'hmal'}"", ""KR{'type': 'B1'}"", 'DH{}', 'ER{}', 'loading: False']","TE(cyclic, ring=0)",194.19
CCCC[C@H]1C(=O)OC(=CC2=CCCC2=O)C1=O,"[""AT{'substrate': 'cyclopentene'}"", 'loading: True']",AT(hmal) + KR(B1) + DH,"[""AT{'substrate': 'butmal'}"", ""KR{'type': 'C1'}"", 'loading: False']","TE(cyclic, ring=0)",248.28
CC(C)[C@H]1CC(=CC2=CCCC2=O)OC1=O,"[""AT{'substrate': 'cyclopentene'}"", 'loading: True']",AT(hmal) + KR(B1) + DH,"[""AT{'substrate': 'D-isobutmal'}"", ""KR{'type': 'B1'}"", 'DH{}', 'ER{}', 'loading: False']","TE(cyclic, ring=0)",220.27
CCCCCC[C@H]1C(=O)OC(=CC2=CCCC2=O)C1=O,"[""AT{'substrate': 'cyclopentene'}"", 'loading: True']",AT(hmal) + KR(B1) + DH,"[""AT{'substrate': 'hexmal'}"", ""KR{'type': 'C1'}"", 'loading: False']","TE(cyclic, ring=0)",276.33
C[C@H]1C(=O)O[C@H]1C(O)=CC1=CCCC1=O,"[""AT{'substrate': 'cyclopentene'}"", 'loading: True']",AT(hmal) + KR(B1) + DH,"[""AT{'substrate': 'Methylmalonyl-CoA'}"", ""KR{'type': 'A1'}"", 'loading: False']","TE(cyclic, ring=0)",208.21
C=CC[C@@H]1C(=O)OC(=CC2=CCCC2=O)C1=O,"[""AT{'substrate': 'cyclopentene'}"", 'loading: True']",AT(hmal) + KR(B1) + DH,"[""AT{'substrate': 'allylmal'}"", ""KR{'type': 'C2'}"", 'loading: False']","TE(cyclic, ring=0)",232.23
O=C1CCC=C1C=C(O)[C@H](O)[C@@H]1OC1=O,"[""AT{'substrate': 'cyclopentene'}"", 'loading: True']",AT(hmal) + KR(B1) + DH,"[""AT{'substrate': 'hmal'}"", ""KR{'type': 'A2'}"", 'loading: False']","TE(cyclic, ring=0)",210.18
CCCC[C@H]1C(=O)O[C@@H]1C(O)=CC1=CCCC1=O,"[""AT{'substrate': 'cyclopentene'}"", 'loading: True']",AT(hmal) + KR(B1) + DH,"[""AT{'substrate': 'butmal'}"", ""KR{'type': 'B1'}"", 'loading: False']","TE(cyclic, ring=0)",250.29
O=C1CCC=C1C=C1OC(=O)[C@@H](CCCCc2c[nH]c(Cl)c2Cl)C1=O,"[""AT{'substrate': 'cyclopentene'}"", 'loading: True']",AT(hmal) + KR(B1) + DH,"[""AT{'substrate': 'DCP'}"", ""KR{'type': 'C2'}"", 'loading: False']","TE(cyclic, ring=0)",382.24
CCCCCC[C@H]1C(=O)O[C@@H]1C(O)=CC1=CCCC1=O,"[""AT{'substrate': 'cyclopentene'}"", 'loading: True']",AT(hmal) + KR(B1) + DH,"[""AT{'substrate': 'hexmal'}"", ""KR{'type': 'B1'}"", 'loading: False']","TE(cyclic, ring=0)",278.35
O=C1CCC=C1C=C(O)C(=O)C1OC1=O,"[""AT{'substrate': 'cyclopentene'}"", 'loading: True']",AT(hmal) + KR(B1) + DH,"[""AT{'substrate': 'hmal'}"", 'loading: False']","TE(cyclic, ring=0)",208.17
O=C1CCC(=CC2=CCCC2=O)O1,"[""AT{'substrate': 'cyclopentene'}"", 'loading: True']",AT(hmal) + KR(B1) + DH,"[""AT{'substrate': 'Malonyl-CoA'}"", ""KR{'type': 'B'}"", 'DH{}', 'ER{}', 'loading: False']","TE(cyclic, ring=0)",178.19
C=CC[C@H]1C(=O)O[C@H]1C(O)=CC1=CCCC1=O,"[""AT{'substrate': 'cyclopentene'}"", 'loading: True']",AT(hmal) + KR(B1) + DH,"[""AT{'substrate': 'allylmal'}"", ""KR{'type': 'A1'}"", 'loading: False']","TE(cyclic, ring=0)",234.25
O=C1CCC=C1C=C(O)[C@@H]1OC(=O)[C@@H]1CCCCc1c[nH]c(Cl)c1Cl,"[""AT{'substrate': 'cyclopentene'}"", 'loading: True']",AT(hmal) + KR(B1) + DH,"[""AT{'substrate': 'DCP'}"", ""KR{'type': 'A1'}"", 'loading: False']","TE(cyclic, ring=0)",384.26
O=C1C=CC(=CC2=CCCC2=O)O1,"[""AT{'substrate': 'cyclopentene'}"", 'loading: True']",AT(hmal) + KR(B1) + DH,"[""AT{'substrate': 'Malonyl-CoA'}"", ""KR{'type': 'B'}"", 'DH{}', 'loading: False']","TE(cyclic, ring=0)",176.17
CC(C)C1=CC(=CC2=CCCC2=O)OC1=O,"[""AT{'substrate': 'cyclopentene'}"", 'loading: True']",AT(hmal) + KR(B1) + DH,"[""AT{'substrate': 'D-isobutmal'}"", ""KR{'type': 'B1'}"", 'DH{}', 'loading: False']","TE(cyclic, ring=0)",218.25
O=C1CCC=C1C=C(O)[C@H](O)[C@H]1OC1=O,"[""AT{'substrate': 'cyclopentene'}"", 'loading: True']",AT(hmal) + KR(B1) + DH,"[""AT{'substrate': 'hmal'}"", ""KR{'type': 'A1'}"", 'loading: False']","TE(cyclic, ring=0)",210.18
C=CC[C@H]1CC(=CC2=CCCC2=O)OC1=O,"[""AT{'substrate': 'cyclopentene'}"", 'loading: True']",AT(hmal) + KR(B1) + DH,"[""AT{'substrate': 'allylmal'}"", ""KR{'type': 'B1'}"", 'DH{}', 'ER{}', 'loading: False']","TE(cyclic, ring=0)",218.25
CC[C@@H]1C(=O)O[C@H]1C(O)=CC1=CCCC1=O,"[""AT{'substrate': 'cyclopentene'}"", 'loading: True']",AT(hmal) + KR(B1) + DH,"[""AT{'substrate': 'emal'}"", ""KR{'type': 'A2'}"", 'loading: False']","TE(cyclic, ring=0)",222.24
CC1=CC(=CC2=CCCC2=O)OC1=O,"[""AT{'substrate': 'cyclopentene'}"", 'loading: True']",AT(hmal) + KR(B1) + DH,"[""AT{'substrate': 'Methylmalonyl-CoA'}"", ""KR{'type': 'B1'}"", 'DH{}', 'loading: False']","TE(cyclic, ring=0)",190.2
CC(C)[C@@H]1C(=O)O[C@H]1C(O)=CC1=CCCC1=O,"[""AT{'substrate': 'cyclopentene'}"", 'loading: True']",AT(hmal) + KR(B1) + DH,"[""AT{'substrate': 'isobutmal'}"", ""KR{'type': 'A2'}"", 'loading: False']","TE(cyclic, ring=0)",236.27
O=C1CCC=C1C=C(O)[C@@H](O)[C@@H]1OC1=O,"[""AT{'substrate': 'cyclopentene'}"", 'loading: True']",AT(hmal) + KR(B1) + DH,"[""AT{'substrate': 'hmal'}"", ""KR{'type': 'B2'}"", 'loading: False']","TE(cyclic, ring=0)",210.18
CCC1=CC(=CC2=CCCC2=O)OC1=O,"[""AT{'substrate': 'cyclopentene'}"", 'loading: True']",AT(hmal) + KR(B1) + DH,"[""AT{'substrate': 'emal'}"", ""KR{'type': 'B1'}"", 'DH{}', 'loading: False']","TE(cyclic, ring=0)",204.22
CCCCC1=CC(=CC2=CCCC2=O)OC1=O,"[""AT{'substrate': 'cyclopentene'}"", 'loading: True']",AT(hmal) + KR(B1) + DH,"[""AT{'substrate': 'butmal'}"", ""KR{'type': 'B1'}"", 'DH{}', 'loading: False']","TE(cyclic, ring=0)",232.28
C[C@@H]1C(=O)O[C@@H]1C(O)=CC1=CCCC1=O,"[""AT{'substrate': 'cyclopentene'}"", 'loading: True']",AT(hmal) + KR(B1) + DH,"[""AT{'substrate': 'Methylmalonyl-CoA'}"", ""KR{'type': 'B2'}"", 'loading: False']","TE(cyclic, ring=0)",208.21
CCCCCC[C@H]1C(=O)O[C@H]1C(O)=CC1=CCCC1=O,"[""AT{'substrate': 'cyclopentene'}"", 'loading: True']",AT(hmal) + KR(B1) + DH,"[""AT{'substrate': 'hexmal'}"", ""KR{'type': 'A1'}"", 'loading: False']","TE(cyclic, ring=0)",278.35
CCCC[C@H]1CC(=CC2=CCCC2=O)OC1=O,"[""AT{'substrate': 'cyclopentene'}"", 'loading: True']",AT(hmal) + KR(B1) + DH,"[""AT{'substrate': 'butmal'}"", ""KR{'type': 'B1'}"", 'DH{}', 'ER{}', 'loading: False']","TE(cyclic, ring=0)",234.29
CC[C@H]1C(=O)O[C@H]1C(O)=CC1=CCCC1=O,"[""AT{'substrate': 'cyclopentene'}"", 'loading: True']",AT(hmal) + KR(B1) + DH,"[""AT{'substrate': 'emal'}"", ""KR{'type': 'A1'}"", 'loading: False']","TE(cyclic, ring=0)",222.24
O=C1CCC=C1C=C1C=C(O)C(=O)O1,"[""AT{'substrate': 'cyclopentene'}"", 'loading: True']",AT(hmal) + KR(B1) + DH,"[""AT{'substrate': 'hmal'}"", ""KR{'type': 'B1'}"", 'DH{}', 'loading: False']","TE(cyclic, ring=0)",192.17
C[C@@H]1C(=O)O[C@H]1C(O)=Cc1ccc[nH]1,"[""AT{'substrate': 'pyr'}"", 'loading: True']",AT(hmal) + KR(B1) + DH,"[""AT{'substrate': 'Methylmalonyl-CoA'}"", ""KR{'type': 'A2'}"", 'loading: False']","TE(cyclic, ring=0)",193.2
O=C1O[C@@H]1C(=O)C(O)=Cc1ccc[nH]1,"[""AT{'substrate': 'pyr'}"", 'loading: True']",AT(hmal) + KR(B1) + DH,"[""AT{'substrate': 'hmal'}"", ""KR{'type': 'C1'}"", 'loading: False']","TE(cyclic, ring=0)",193.16
O=C1CC(=O)C(=Cc2ccc[nH]2)O1,"[""AT{'substrate': 'pyr'}"", 'loading: True']",AT(hmal) + KR(B1) + DH,"[""AT{'substrate': 'Malonyl-CoA'}"", 'loading: False']","TE(cyclic, ring=0)",177.16
CC[C@H]1CC(=Cc2ccc[nH]2)OC1=O,"[""AT{'substrate': 'pyr'}"", 'loading: True']",AT(hmal) + KR(B1) + DH,"[""AT{'substrate': 'emal'}"", ""KR{'type': 'B1'}"", 'DH{}', 'ER{}', 'loading: False']","TE(cyclic, ring=0)",191.23
CC(C)[C@H]1C(=O)O[C@H]1C(O)=Cc1ccc[nH]1,"[""AT{'substrate': 'pyr'}"", 'loading: True']",AT(hmal) + KR(B1) + DH,"[""AT{'substrate': 'isobutmal'}"", ""KR{'type': 'A1'}"", 'loading: False']","TE(cyclic, ring=0)",221.26
CO[C@H]1C(=O)O[C@H]1C(O)=Cc1ccc[nH]1,"[""AT{'substrate': 'pyr'}"", 'loading: True']",AT(hmal) + KR(B1) + DH,"[""AT{'substrate': 'mxmal'}"", ""KR{'type': 'A1'}"", 'loading: False']","TE(cyclic, ring=1)",209.2
C=CC[C@@H]1C(=O)O[C@@H]1C(O)=Cc1ccc[nH]1,"[""AT{'substrate': 'pyr'}"", 'loading: True']",AT(hmal) + KR(B1) + DH,"[""AT{'substrate': 'allylmal'}"", ""KR{'type': 'B2'}"", 'loading: False']","TE(cyclic, ring=0)",219.24
C[C@H]1C(=O)OC(=Cc2ccc[nH]2)C1=O,"[""AT{'substrate': 'pyr'}"", 'loading: True']",AT(hmal) + KR(B1) + DH,"[""AT{'substrate': 'Methylmalonyl-CoA'}"", ""KR{'type': 'C1'}"", 'loading: False']","TE(cyclic, ring=0)",191.19
O=C1O[C@H](C(O)=Cc2ccc[nH]2)[C@@H]1CCCCc1c[nH]c(Cl)c1Cl,"[""AT{'substrate': 'pyr'}"", 'loading: True']",AT(hmal) + KR(B1) + DH,"[""AT{'substrate': 'DCP'}"", ""KR{'type': 'B2'}"", 'loading: False']","TE(cyclic, ring=0)",369.25
CC(C)[C@@H]1C(=O)O[C@@H]1C(O)=Cc1ccc[nH]1,"[""AT{'substrate': 'pyr'}"", 'loading: True']",AT(hmal) + KR(B1) + DH,"[""AT{'substrate': 'isobutmal'}"", ""KR{'type': 'B2'}"", 'loading: False']","TE(cyclic, ring=0)",221.26
CO[C@@H]1C(=O)O[C@H]1C(O)=Cc1ccc[nH]1,"[""AT{'substrate': 'pyr'}"", 'loading: True']",AT(hmal) + KR(B1) + DH,"[""AT{'substrate': 'mxmal'}"", ""KR{'type': 'A2'}"", 'loading: False']","TE(cyclic, ring=1)",209.2
C=CC[C@@H]1C(=O)O[C@H]1C(O)=Cc1ccc[nH]1,"[""AT{'substrate': 'pyr'}"", 'loading: True']",AT(hmal) + KR(B1) + DH,"[""AT{'substrate': 'allylmal'}"", ""KR{'type': 'A2'}"", 'loading: False']","TE(cyclic, ring=0)",219.24
O=C1O[C@@H](C(O)=Cc2ccc[nH]2)[C@@H]1CCCCc1c[nH]c(Cl)c1Cl,"[""AT{'substrate': 'pyr'}"", 'loading: True']",AT(hmal) + KR(B1) + DH,"[""AT{'substrate': 'DCP'}"", ""KR{'type': 'A2'}"", 'loading: False']","TE(cyclic, ring=0)",369.25
CC(C)[C@@H]1C(=O)OC(=Cc2ccc[nH]2)C1=O,"[""AT{'substrate': 'pyr'}"", 'loading: True']",AT(hmal) + KR(B1) + DH,"[""AT{'substrate': 'D-isobutmal'}"", ""KR{'type': 'C2'}"", 'loading: False']","TE(cyclic, ring=0)",219.24
O=C1C[C@@H](C(O)=Cc2ccc[nH]2)O1,"[""AT{'substrate': 'pyr'}"", 'loading: True']",AT(hmal) + KR(B1) + DH,"[""AT{'substrate': 'Malonyl-CoA'}"", ""KR{'type': 'B'}"", 'loading: False']","TE(cyclic, ring=0)",179.18
CO[C@@H]1C(=O)OC(=Cc2ccc[nH]2)C1=O,"[""AT{'substrate': 'pyr'}"", 'loading: True']",AT(hmal) + KR(B1) + DH,"[""AT{'substrate': 'mxmal'}"", ""KR{'type': 'C2'}"", 'loading: False']","TE(cyclic, ring=1)",207.19
CC[C@H]1C(=O)OC(=Cc2ccc[nH]2)C1=O,"[""AT{'substrate': 'pyr'}"", 'loading: True']",AT(hmal) + KR(B1) + DH,"[""AT{'substrate': 'emal'}"", ""KR{'type': 'C1'}"", 'loading: False']","TE(cyclic, ring=0)",205.21
O=C1OC(=Cc2ccc[nH]2)C(=O)C1CCCCc1c[nH]c(Cl)c1Cl,"[""AT{'substrate': 'pyr'}"", 'loading: True']",AT(hmal) + KR(B1) + DH,"[""AT{'substrate': 'DCP'}"", 'loading: False']","TE(cyclic, ring=0)",367.23
CCCC[C@@H]1C(=O)OC(=Cc2ccc[nH]2)C1=O,"[""AT{'substrate': 'pyr'}"", 'loading: True']",AT(hmal) + KR(B1) + DH,"[""AT{'substrate': 'butmal'}"", 'loading: False']","TE(cyclic, ring=0)",233.27
O=C1OC(=Cc2ccc[nH]2)C(=O)[C@H]1CCCCc1c[nH]c(Cl)c1Cl,"[""AT{'substrate': 'pyr'}"", 'loading: True']",AT(hmal) + KR(B1) + DH,"[""AT{'substrate': 'DCP'}"", ""KR{'type': 'C1'}"", 'loading: False']","TE(cyclic, ring=0)",367.23
CCCCCC[C@H]1CC(=Cc2ccc[nH]2)OC1=O,"[""AT{'substrate': 'pyr'}"", 'loading: True']",AT(hmal) + KR(B1) + DH,"[""AT{'substrate': 'hexmal'}"", ""KR{'type': 'B1'}"", 'DH{}', 'ER{}', 'loading: False']","TE(cyclic, ring=0)",247.34
O=C1O[C@H]1C(=O)C(O)=Cc1ccc[nH]1,"[""AT{'substrate': 'pyr'}"", 'loading: True']",AT(hmal) + KR(B1) + DH,"[""AT{'substrate': 'hmal'}"", ""KR{'type': 'C2'}"", 'loading: False']","TE(cyclic, ring=0)",193.16
CCCC[C@H]1C(=O)O[C@H]1C(O)=Cc1ccc[nH]1,"[""AT{'substrate': 'pyr'}"", 'loading: True']",AT(hmal) + KR(B1) + DH,"[""AT{'substrate': 'butmal'}"", ""KR{'type': 'A1'}"", 'loading: False']","TE(cyclic, ring=0)",235.28
CC(C)[C@H]1C(=O)OC(=Cc2ccc[nH]2)C1=O,"[""AT{'substrate': 'pyr'}"", 'loading: True']",AT(hmal) + KR(B1) + DH,"[""AT{'substrate': 'isobutmal'}"", ""KR{'type': 'C1'}"", 'loading: False']","TE(cyclic, ring=0)",219.24
CO[C@H]1CC(=Cc2ccc[nH]2)OC1=O,"[""AT{'substrate': 'pyr'}"", 'loading: True']",AT(hmal) + KR(B1) + DH,"[""AT{'substrate': 'mxmal'}"", ""KR{'type': 'B1'}"", 'DH{}', 'ER{}', 'loading: False']","TE(cyclic, ring=1)",193.2
O=C1OC(=Cc2ccc[nH]2)C[C@@H]1CCCCc1c[nH]c(Cl)c1Cl,"[""AT{'substrate': 'pyr'}"", 'loading: True']",AT(hmal) + KR(B1) + DH,"[""AT{'substrate': 'DCP'}"", ""KR{'type': 'B1'}"", 'DH{}', 'ER{}', 'loading: False']","TE(cyclic, ring=0)",353.25
CCCCCC[C@@H]1C(=O)O[C@@H]1C(O)=Cc1ccc[nH]1,"[""AT{'substrate': 'pyr'}"", 'loading: True']",AT(hmal) + KR(B1) + DH,"[""AT{'substrate': 'hexmal'}"", ""KR{'type': 'B2'}"", 'loading: False']","TE(cyclic, ring=0)",263.34
CC[C@@H]1C(=O)O[C@@H]1C(O)=Cc1ccc[nH]1,"[""AT{'substrate': 'pyr'}"", 'loading: True']",AT(hmal) + KR(B1) + DH,"[""AT{'substrate': 'emal'}"", ""KR{'type': 'B2'}"", 'loading: False']","TE(cyclic, ring=0)",207.23
C[C@H]1CC(=Cc2ccc[nH]2)OC1=O,"[""AT{'substrate': 'pyr'}"", 'loading: True']",AT(hmal) + KR(B1) + DH,"[""AT{'substrate': 'Methylmalonyl-CoA'}"", ""KR{'type': 'B1'}"", 'DH{}', 'ER{}', 'loading: False']","TE(cyclic, ring=0)",177.2
CCCC[C@@H]1C(=O)O[C@H]1C(O)=Cc1ccc[nH]1,"[""AT{'substrate': 'pyr'}"", 'loading: True']",AT(hmal) + KR(B1) + DH,"[""AT{'substrate': 'butmal'}"", ""KR{'type': 'A2'}"", 'loading: False']","TE(cyclic, ring=0)",235.28
O=C1O[C@@H]1[C@H](O)C(O)=Cc1ccc[nH]1,"[""AT{'substrate': 'pyr'}"", 'loading: True']",AT(hmal) + KR(B1) + DH,"[""AT{'substrate': 'hmal'}"", ""KR{'type': 'B1'}"", 'loading: False']","TE(cyclic, ring=0)",195.17
CC(C)[C@H]1C(=O)O[C@@H]1C(O)=Cc1ccc[nH]1,"[""AT{'substrate': 'pyr'}"", 'loading: True']",AT(hmal) + KR(B1) + DH,"[""AT{'substrate': 'D-isobutmal'}"", ""KR{'type': 'B1'}"", 'loading: False']","TE(cyclic, ring=0)",221.26
COC1=CC(=Cc2ccc[nH]2)OC1=O,"[""AT{'substrate': 'pyr'}"", 'loading: True']",AT(hmal) + KR(B1) + DH,"[""AT{'substrate': 'mxmal'}"", ""KR{'type': 'B1'}"", 'DH{}', 'loading: False']","TE(cyclic, ring=0)",191.19
O=C1C[C@H](C(O)=Cc2ccc[nH]2)O1,"[""AT{'substrate': 'pyr'}"", 'loading: True']",AT(hmal) + KR(B1) + DH,"[""AT{'substrate': 'Malonyl-CoA'}"", ""KR{'type': 'A'}"", 'loading: False']","TE(cyclic, ring=0)",179.18
CCCCCC[C@@H]1C(=O)O[C@H]1C(O)=Cc1ccc[nH]1,"[""AT{'substrate': 'pyr'}"", 'loading: True']",AT(hmal) + KR(B1) + DH,"[""AT{'substrate': 'hexmal'}"", ""KR{'type': 'A2'}"", 'loading: False']","TE(cyclic, ring=0)",263.34
C[C@@H]1C(=O)OC(=Cc2ccc[nH]2)C1=O,"[""AT{'substrate': 'pyr'}"", 'loading: True']",AT(hmal) + KR(B1) + DH,"[""AT{'substrate': 'Methylmalonyl-CoA'}"", 'loading: False']","TE(cyclic, ring=0)",191.19
CO[C@@H]1C(=O)O[C@@H]1C(O)=Cc1ccc[nH]1,"[""AT{'substrate': 'pyr'}"", 'loading: True']",AT(hmal) + KR(B1) + DH,"[""AT{'substrate': 'mxmal'}"", ""KR{'type': 'B2'}"", 'loading: False']","TE(cyclic, ring=1)",209.2
C[C@H]1C(=O)O[C@@H]1C(O)=Cc1ccc[nH]1,"[""AT{'substrate': 'pyr'}"", 'loading: True']",AT(hmal) + KR(B1) + DH,"[""AT{'substrate': 'Methylmalonyl-CoA'}"", ""KR{'type': 'B1'}"", 'loading: False']","TE(cyclic, ring=0)",193.2
CC[C@@H]1C(=O)OC(=Cc2ccc[nH]2)C1=O,"[""AT{'substrate': 'pyr'}"", 'loading: True']",AT(hmal) + KR(B1) + DH,"[""AT{'substrate': 'emal'}"", ""KR{'type': 'C2'}"", 'loading: False']","TE(cyclic, ring=0)",205.21
CCCCCCC1=CC(=Cc2ccc[nH]2)OC1=O,"[""AT{'substrate': 'pyr'}"", 'loading: True']",AT(hmal) + KR(B1) + DH,"[""AT{'substrate': 'hexmal'}"", ""KR{'type': 'B1'}"", 'DH{}', 'loading: False']","TE(cyclic, ring=0)",245.32
CCCCCC[C@@H]1C(=O)OC(=Cc2ccc[nH]2)C1=O,"[""AT{'substrate': 'pyr'}"", 'loading: True']",AT(hmal) + KR(B1) + DH,"[""AT{'substrate': 'hexmal'}"", 'loading: False']","TE(cyclic, ring=0)",261.32
CC[C@H]1C(=O)O[C@@H]1C(O)=Cc1ccc[nH]1,"[""AT{'substrate': 'pyr'}"", 'loading: True']",AT(hmal) + KR(B1) + DH,"[""AT{'substrate': 'emal'}"", ""KR{'type': 'B1'}"", 'loading: False']","TE(cyclic, ring=0)",207.23
C=CC[C@H]1C(=O)O[C@@H]1C(O)=Cc1ccc[nH]1,"[""AT{'substrate': 'pyr'}"", 'loading: True']",AT(hmal) + KR(B1) + DH,"[""AT{'substrate': 'allylmal'}"", ""KR{'type': 'B1'}"", 'loading: False']","TE(cyclic, ring=0)",219.24
CO[C@H]1C(=O)OC(=Cc2ccc[nH]2)C1=O,"[""AT{'substrate': 'pyr'}"", 'loading: True']",AT(hmal) + KR(B1) + DH,"[""AT{'substrate': 'mxmal'}"", ""KR{'type': 'C1'}"", 'loading: False']","TE(cyclic, ring=1)",207.19
C=CC[C@H]1C(=O)OC(=Cc2ccc[nH]2)C1=O,"[""AT{'substrate': 'pyr'}"", 'loading: True']",AT(hmal) + KR(B1) + DH,"[""AT{'substrate': 'allylmal'}"", ""KR{'type': 'C1'}"", 'loading: False']","TE(cyclic, ring=0)",217.22
C=CCC1=CC(=Cc2ccc[nH]2)OC1=O,"[""AT{'substrate': 'pyr'}"", 'loading: True']",AT(hmal) + KR(B1) + DH,"[""AT{'substrate': 'allylmal'}"", ""KR{'type': 'B1'}"", 'DH{}', 'loading: False']","TE(cyclic, ring=0)",201.22
O=C1OC(=Cc2ccc[nH]2)C=C1CCCCc1c[nH]c(Cl)c1Cl,"[""AT{'substrate': 'pyr'}"", 'loading: True']",AT(hmal) + KR(B1) + DH,"[""AT{'substrate': 'DCP'}"", ""KR{'type': 'B1'}"", 'DH{}', 'loading: False']","TE(cyclic, ring=0)",351.23
O=C1O[C@H](C(O)=Cc2ccc[nH]2)[C@H]1CCCCc1c[nH]c(Cl)c1Cl,"[""AT{'substrate': 'pyr'}"", 'loading: True']",AT(hmal) + KR(B1) + DH,"[""AT{'substrate': 'DCP'}"", ""KR{'type': 'B1'}"", 'loading: False']","TE(cyclic, ring=0)",369.25
CCCC[C@@H]1C(=O)O[C@@H]1C(O)=Cc1ccc[nH]1,"[""AT{'substrate': 'pyr'}"", 'loading: True']",AT(hmal) + KR(B1) + DH,"[""AT{'substrate': 'butmal'}"", ""KR{'type': 'B2'}"", 'loading: False']","TE(cyclic, ring=0)",235.28
CO[C@H]1C(=O)O[C@@H]1C(O)=Cc1ccc[nH]1,"[""AT{'substrate': 'pyr'}"", 'loading: True']",AT(hmal) + KR(B1) + DH,"[""AT{'substrate': 'mxmal'}"", ""KR{'type': 'B1'}"", 'loading: False']","TE(cyclic, ring=1)",209.2
O=C1O[C@H]1CC(O)=Cc1ccc[nH]1,"[""AT{'substrate': 'pyr'}"", 'loading: True']",AT(hmal) + KR(B1) + DH,"[""AT{'substrate': 'hmal'}"", ""KR{'type': 'B1'}"", 'DH{}', 'ER{}', 'loading: False']","TE(cyclic, ring=0)",179.18
CCCC[C@H]1C(=O)OC(=Cc2ccc[nH]2)C1=O,"[""AT{'substrate': 'pyr'}"", 'loading: True']",AT(hmal) + KR(B1) + DH,"[""AT{'substrate': 'butmal'}"", ""KR{'type': 'C1'}"", 'loading: False']","TE(cyclic, ring=0)",233.27
CC(C)[C@H]1CC(=Cc2ccc[nH]2)OC1=O,"[""AT{'substrate': 'pyr'}"", 'loading: True']",AT(hmal) + KR(B1) + DH,"[""AT{'substrate': 'D-isobutmal'}"", ""KR{'type': 'B1'}"", 'DH{}', 'ER{}', 'loading: False']","TE(cyclic, ring=0)",205.26
CCCCCC[C@H]1C(=O)OC(=Cc2ccc[nH]2)C1=O,"[""AT{'substrate': 'pyr'}"", 'loading: True']",AT(hmal) + KR(B1) + DH,"[""AT{'substrate': 'hexmal'}"", ""KR{'type': 'C1'}"", 'loading: False']","TE(cyclic, ring=0)",261.32
C[C@H]1C(=O)O[C@H]1C(O)=Cc1ccc[nH]1,"[""AT{'substrate': 'pyr'}"", 'loading: True']",AT(hmal) + KR(B1) + DH,"[""AT{'substrate': 'Methylmalonyl-CoA'}"", ""KR{'type': 'A1'}"", 'loading: False']","TE(cyclic, ring=0)",193.2
C=CC[C@@H]1C(=O)OC(=Cc2ccc[nH]2)C1=O,"[""AT{'substrate': 'pyr'}"", 'loading: True']",AT(hmal) + KR(B1) + DH,"[""AT{'substrate': 'allylmal'}"", ""KR{'type': 'C2'}"", 'loading: False']","TE(cyclic, ring=0)",217.22
O=C1O[C@H]1[C@@H](O)C(O)=Cc1ccc[nH]1,"[""AT{'substrate': 'pyr'}"", 'loading: True']",AT(hmal) + KR(B1) + DH,"[""AT{'substrate': 'hmal'}"", ""KR{'type': 'A2'}"", 'loading: False']","TE(cyclic, ring=0)",195.17
CCCC[C@H]1C(=O)O[C@@H]1C(O)=Cc1ccc[nH]1,"[""AT{'substrate': 'pyr'}"", 'loading: True']",AT(hmal) + KR(B1) + DH,"[""AT{'substrate': 'butmal'}"", ""KR{'type': 'B1'}"", 'loading: False']","TE(cyclic, ring=0)",235.28
O=C1OC(=Cc2ccc[nH]2)C(=O)[C@@H]1CCCCc1c[nH]c(Cl)c1Cl,"[""AT{'substrate': 'pyr'}"", 'loading: True']",AT(hmal) + KR(B1) + DH,"[""AT{'substrate': 'DCP'}"", ""KR{'type': 'C2'}"", 'loading: False']","TE(cyclic, ring=0)",367.23
CCCCCC[C@H]1C(=O)O[C@@H]1C(O)=Cc1ccc[nH]1,"[""AT{'substrate': 'pyr'}"", 'loading: True']",AT(hmal) + KR(B1) + DH,"[""AT{'substrate': 'hexmal'}"", ""KR{'type': 'B1'}"", 'loading: False']","TE(cyclic, ring=0)",263.34
O=C1OC1C(=O)C(O)=Cc1ccc[nH]1,"[""AT{'substrate': 'pyr'}"", 'loading: True']",AT(hmal) + KR(B1) + DH,"[""AT{'substrate': 'hmal'}"", 'loading: False']","TE(cyclic, ring=0)",193.16
O=C1CCC(=Cc2ccc[nH]2)O1,"[""AT{'substrate': 'pyr'}"", 'loading: True']",AT(hmal) + KR(B1) + DH,"[""AT{'substrate': 'Malonyl-CoA'}"", ""KR{'type': 'B'}"", 'DH{}', 'ER{}', 'loading: False']","TE(cyclic, ring=0)",163.18
C=CC[C@H]1C(=O)O[C@H]1C(O)=Cc1ccc[nH]1,"[""AT{'substrate': 'pyr'}"", 'loading: True']",AT(hmal) + KR(B1) + DH,"[""AT{'substrate': 'allylmal'}"", ""KR{'type': 'A1'}"", 'loading: False']","TE(cyclic, ring=0)",219.24
O=C1O[C@@H](C(O)=Cc2ccc[nH]2)[C@H]1CCCCc1c[nH]c(Cl)c1Cl,"[""AT{'substrate': 'pyr'}"", 'loading: True']",AT(hmal) + KR(B1) + DH,"[""AT{'substrate': 'DCP'}"", ""KR{'type': 'A1'}"", 'loading: False']","TE(cyclic, ring=0)",369.25
O=C1C=CC(=Cc2ccc[nH]2)O1,"[""AT{'substrate': 'pyr'}"", 'loading: True']",AT(hmal) + KR(B1) + DH,"[""AT{'substrate': 'Malonyl-CoA'}"", ""KR{'type': 'B'}"", 'DH{}', 'loading: False']","TE(cyclic, ring=0)",161.16
CC(C)C1=CC(=Cc2ccc[nH]2)OC1=O,"[""AT{'substrate': 'pyr'}"", 'loading: True']",AT(hmal) + KR(B1) + DH,"[""AT{'substrate': 'D-isobutmal'}"", ""KR{'type': 'B1'}"", 'DH{}', 'loading: False']","TE(cyclic, ring=0)",203.24
O=C1O[C@@H]1[C@@H](O)C(O)=Cc1ccc[nH]1,"[""AT{'substrate': 'pyr'}"", 'loading: True']",AT(hmal) + KR(B1) + DH,"[""AT{'substrate': 'hmal'}"", ""KR{'type': 'A1'}"", 'loading: False']","TE(cyclic, ring=0)",195.17
C=CC[C@H]1CC(=Cc2ccc[nH]2)OC1=O,"[""AT{'substrate': 'pyr'}"", 'loading: True']",AT(hmal) + KR(B1) + DH,"[""AT{'substrate': 'allylmal'}"", ""KR{'type': 'B1'}"", 'DH{}', 'ER{}', 'loading: False']","TE(cyclic, ring=0)",203.24
CC[C@@H]1C(=O)O[C@H]1C(O)=Cc1ccc[nH]1,"[""AT{'substrate': 'pyr'}"", 'loading: True']",AT(hmal) + KR(B1) + DH,"[""AT{'substrate': 'emal'}"", ""KR{'type': 'A2'}"", 'loading: False']","TE(cyclic, ring=0)",207.23
CC1=CC(=Cc2ccc[nH]2)OC1=O,"[""AT{'substrate': 'pyr'}"", 'loading: True']",AT(hmal) + KR(B1) + DH,"[""AT{'substrate': 'Methylmalonyl-CoA'}"", ""KR{'type': 'B1'}"", 'DH{}', 'loading: False']","TE(cyclic, ring=0)",175.19
CC(C)[C@@H]1C(=O)O[C@H]1C(O)=Cc1ccc[nH]1,"[""AT{'substrate': 'pyr'}"", 'loading: True']",AT(hmal) + KR(B1) + DH,"[""AT{'substrate': 'isobutmal'}"", ""KR{'type': 'A2'}"", 'loading: False']","TE(cyclic, ring=0)",221.26
O=C1O[C@H]1[C@H](O)C(O)=Cc1ccc[nH]1,"[""AT{'substrate': 'pyr'}"", 'loading: True']",AT(hmal) + KR(B1) + DH,"[""AT{'substrate': 'hmal'}"", ""KR{'type': 'B2'}"", 'loading: False']","TE(cyclic, ring=0)",195.17
CCC1=CC(=Cc2ccc[nH]2)OC1=O,"[""AT{'substrate': 'pyr'}"", 'loading: True']",AT(hmal) + KR(B1) + DH,"[""AT{'substrate': 'emal'}"", ""KR{'type': 'B1'}"", 'DH{}', 'loading: False']","TE(cyclic, ring=0)",189.21
CCCCC1=CC(=Cc2ccc[nH]2)OC1=O,"[""AT{'substrate': 'pyr'}"", 'loading: True']",AT(hmal) + KR(B1) + DH,"[""AT{'substrate': 'butmal'}"", ""KR{'type': 'B1'}"", 'DH{}', 'loading: False']","TE(cyclic, ring=0)",217.27
C[C@@H]1C(=O)O[C@@H]1C(O)=Cc1ccc[nH]1,"[""AT{'substrate': 'pyr'}"", 'loading: True']",AT(hmal) + KR(B1) + DH,"[""AT{'substrate': 'Methylmalonyl-CoA'}"", ""KR{'type': 'B2'}"", 'loading: False']","TE(cyclic, ring=0)",193.2
CCCCCC[C@H]1C(=O)O[C@H]1C(O)=Cc1ccc[nH]1,"[""AT{'substrate': 'pyr'}"", 'loading: True']",AT(hmal) + KR(B1) + DH,"[""AT{'substrate': 'hexmal'}"", ""KR{'type': 'A1'}"", 'loading: False']","TE(cyclic, ring=0)",263.34
CCCC[C@H]1CC(=Cc2ccc[nH]2)OC1=O,"[""AT{'substrate': 'pyr'}"", 'loading: True']",AT(hmal) + KR(B1) + DH,"[""AT{'substrate': 'butmal'}"", ""KR{'type': 'B1'}"", 'DH{}', 'ER{}', 'loading: False']","TE(cyclic, ring=0)",219.28
CC[C@H]1C(=O)O[C@H]1C(O)=Cc1ccc[nH]1,"[""AT{'substrate': 'pyr'}"", 'loading: True']",AT(hmal) + KR(B1) + DH,"[""AT{'substrate': 'emal'}"", ""KR{'type': 'A1'}"", 'loading: False']","TE(cyclic, ring=0)",207.23
O=C1OC(=Cc2ccc[nH]2)C=C1O,"[""AT{'substrate': 'pyr'}"", 'loading: True']",AT(hmal) + KR(B1) + DH,"[""AT{'substrate': 'hmal'}"", ""KR{'type': 'B1'}"", 'DH{}', 'loading: False']","TE(cyclic, ring=0)",177.16
C[C@@H]1C(=O)O[C@H]1C(O)=CC=Cc1ccccc1,"[""AT{'substrate': 'cin'}"", 'loading: True']",AT(hmal) + KR(B1) + DH,"[""AT{'substrate': 'Methylmalonyl-CoA'}"", ""KR{'type': 'A2'}"", 'loading: False']","TE(cyclic, ring=0)",230.26
O=C1O[C@@H]1C(=O)C(O)=CC=Cc1ccccc1,"[""AT{'substrate': 'cin'}"", 'loading: True']",AT(hmal) + KR(B1) + DH,"[""AT{'substrate': 'hmal'}"", ""KR{'type': 'C1'}"", 'loading: False']","TE(cyclic, ring=0)",230.22
O=C1CC(=O)C(=CC=Cc2ccccc2)O1,"[""AT{'substrate': 'cin'}"", 'loading: True']",AT(hmal) + KR(B1) + DH,"[""AT{'substrate': 'Malonyl-CoA'}"", 'loading: False']","TE(cyclic, ring=0)",214.22
CC[C@H]1CC(=CC=Cc2ccccc2)OC1=O,"[""AT{'substrate': 'cin'}"", 'loading: True']",AT(hmal) + KR(B1) + DH,"[""AT{'substrate': 'emal'}"", ""KR{'type': 'B1'}"", 'DH{}', 'ER{}', 'loading: False']","TE(cyclic, ring=0)",228.29
CC(C)[C@H]1C(=O)O[C@H]1C(O)=CC=Cc1ccccc1,"[""AT{'substrate': 'cin'}"", 'loading: True']",AT(hmal) + KR(B1) + DH,"[""AT{'substrate': 'isobutmal'}"", ""KR{'type': 'A1'}"", 'loading: False']","TE(cyclic, ring=0)",258.32
CO[C@H]1C(=O)O[C@H]1C(O)=CC=Cc1ccccc1,"[""AT{'substrate': 'cin'}"", 'loading: True']",AT(hmal) + KR(B1) + DH,"[""AT{'substrate': 'mxmal'}"", ""KR{'type': 'A1'}"", 'loading: False']","TE(cyclic, ring=1)",246.26
C=CC[C@@H]1C(=O)O[C@@H]1C(O)=CC=Cc1ccccc1,"[""AT{'substrate': 'cin'}"", 'loading: True']",AT(hmal) + KR(B1) + DH,"[""AT{'substrate': 'allylmal'}"", ""KR{'type': 'B2'}"", 'loading: False']","TE(cyclic, ring=0)",256.3
C[C@H]1C(=O)OC(=CC=Cc2ccccc2)C1=O,"[""AT{'substrate': 'cin'}"", 'loading: True']",AT(hmal) + KR(B1) + DH,"[""AT{'substrate': 'Methylmalonyl-CoA'}"", ""KR{'type': 'C1'}"", 'loading: False']","TE(cyclic, ring=0)",228.25
O=C1O[C@H](C(O)=CC=Cc2ccccc2)[C@@H]1CCCCc1c[nH]c(Cl)c1Cl,"[""AT{'substrate': 'cin'}"", 'loading: True']",AT(hmal) + KR(B1) + DH,"[""AT{'substrate': 'DCP'}"", ""KR{'type': 'B2'}"", 'loading: False']","TE(cyclic, ring=0)",406.31
CC(C)[C@@H]1C(=O)O[C@@H]1C(O)=CC=Cc1ccccc1,"[""AT{'substrate': 'cin'}"", 'loading: True']",AT(hmal) + KR(B1) + DH,"[""AT{'substrate': 'isobutmal'}"", ""KR{'type': 'B2'}"", 'loading: False']","TE(cyclic, ring=0)",258.32
CO[C@@H]1C(=O)O[C@H]1C(O)=CC=Cc1ccccc1,"[""AT{'substrate': 'cin'}"", 'loading: True']",AT(hmal) + KR(B1) + DH,"[""AT{'substrate': 'mxmal'}"", ""KR{'type': 'A2'}"", 'loading: False']","TE(cyclic, ring=1)",246.26
C=CC[C@@H]1C(=O)O[C@H]1C(O)=CC=Cc1ccccc1,"[""AT{'substrate': 'cin'}"", 'loading: True']",AT(hmal) + KR(B1) + DH,"[""AT{'substrate': 'allylmal'}"", ""KR{'type': 'A2'}"", 'loading: False']","TE(cyclic, ring=0)",256.3
O=C1O[C@@H](C(O)=CC=Cc2ccccc2)[C@@H]1CCCCc1c[nH]c(Cl)c1Cl,"[""AT{'substrate': 'cin'}"", 'loading: True']",AT(hmal) + KR(B1) + DH,"[""AT{'substrate': 'DCP'}"", ""KR{'type': 'A2'}"", 'loading: False']","TE(cyclic, ring=0)",406.31
CC(C)[C@@H]1C(=O)OC(=CC=Cc2ccccc2)C1=O,"[""AT{'substrate': 'cin'}"", 'loading: True']",AT(hmal) + KR(B1) + DH,"[""AT{'substrate': 'D-isobutmal'}"", ""KR{'type': 'C2'}"", 'loading: False']","TE(cyclic, ring=0)",256.3
O=C1C[C@@H](C(O)=CC=Cc2ccccc2)O1,"[""AT{'substrate': 'cin'}"", 'loading: True']",AT(hmal) + KR(B1) + DH,"[""AT{'substrate': 'Malonyl-CoA'}"", ""KR{'type': 'B'}"", 'loading: False']","TE(cyclic, ring=0)",216.24
CO[C@@H]1C(=O)OC(=CC=Cc2ccccc2)C1=O,"[""AT{'substrate': 'cin'}"", 'loading: True']",AT(hmal) + KR(B1) + DH,"[""AT{'substrate': 'mxmal'}"", ""KR{'type': 'C2'}"", 'loading: False']","TE(cyclic, ring=1)",244.25
CC[C@H]1C(=O)OC(=CC=Cc2ccccc2)C1=O,"[""AT{'substrate': 'cin'}"", 'loading: True']",AT(hmal) + KR(B1) + DH,"[""AT{'substrate': 'emal'}"", ""KR{'type': 'C1'}"", 'loading: False']","TE(cyclic, ring=0)",242.27
O=C1OC(=CC=Cc2ccccc2)C(=O)C1CCCCc1c[nH]c(Cl)c1Cl,"[""AT{'substrate': 'cin'}"", 'loading: True']",AT(hmal) + KR(B1) + DH,"[""AT{'substrate': 'DCP'}"", 'loading: False']","TE(cyclic, ring=0)",404.29
CCCC[C@@H]1C(=O)OC(=CC=Cc2ccccc2)C1=O,"[""AT{'substrate': 'cin'}"", 'loading: True']",AT(hmal) + KR(B1) + DH,"[""AT{'substrate': 'butmal'}"", 'loading: False']","TE(cyclic, ring=0)",270.33
O=C1OC(=CC=Cc2ccccc2)C(=O)[C@H]1CCCCc1c[nH]c(Cl)c1Cl,"[""AT{'substrate': 'cin'}"", 'loading: True']",AT(hmal) + KR(B1) + DH,"[""AT{'substrate': 'DCP'}"", ""KR{'type': 'C1'}"", 'loading: False']","TE(cyclic, ring=0)",404.29
CCCCCC[C@H]1CC(=CC=Cc2ccccc2)OC1=O,"[""AT{'substrate': 'cin'}"", 'loading: True']",AT(hmal) + KR(B1) + DH,"[""AT{'substrate': 'hexmal'}"", ""KR{'type': 'B1'}"", 'DH{}', 'ER{}', 'loading: False']","TE(cyclic, ring=0)",284.4
O=C1O[C@H]1C(=O)C(O)=CC=Cc1ccccc1,"[""AT{'substrate': 'cin'}"", 'loading: True']",AT(hmal) + KR(B1) + DH,"[""AT{'substrate': 'hmal'}"", ""KR{'type': 'C2'}"", 'loading: False']","TE(cyclic, ring=0)",230.22
CCCC[C@H]1C(=O)O[C@H]1C(O)=CC=Cc1ccccc1,"[""AT{'substrate': 'cin'}"", 'loading: True']",AT(hmal) + KR(B1) + DH,"[""AT{'substrate': 'butmal'}"", ""KR{'type': 'A1'}"", 'loading: False']","TE(cyclic, ring=0)",272.34
CC(C)[C@H]1C(=O)OC(=CC=Cc2ccccc2)C1=O,"[""AT{'substrate': 'cin'}"", 'loading: True']",AT(hmal) + KR(B1) + DH,"[""AT{'substrate': 'isobutmal'}"", ""KR{'type': 'C1'}"", 'loading: False']","TE(cyclic, ring=0)",256.3
CO[C@H]1CC(=CC=Cc2ccccc2)OC1=O,"[""AT{'substrate': 'cin'}"", 'loading: True']",AT(hmal) + KR(B1) + DH,"[""AT{'substrate': 'mxmal'}"", ""KR{'type': 'B1'}"", 'DH{}', 'ER{}', 'loading: False']","TE(cyclic, ring=1)",230.26
O=C1OC(=CC=Cc2ccccc2)C[C@@H]1CCCCc1c[nH]c(Cl)c1Cl,"[""AT{'substrate': 'cin'}"", 'loading: True']",AT(hmal) + KR(B1) + DH,"[""AT{'substrate': 'DCP'}"", ""KR{'type': 'B1'}"", 'DH{}', 'ER{}', 'loading: False']","TE(cyclic, ring=0)",390.31
CCCCCC[C@@H]1C(=O)O[C@@H]1C(O)=CC=Cc1ccccc1,"[""AT{'substrate': 'cin'}"", 'loading: True']",AT(hmal) + KR(B1) + DH,"[""AT{'substrate': 'hexmal'}"", ""KR{'type': 'B2'}"", 'loading: False']","TE(cyclic, ring=0)",300.4
CC[C@@H]1C(=O)O[C@@H]1C(O)=CC=Cc1ccccc1,"[""AT{'substrate': 'cin'}"", 'loading: True']",AT(hmal) + KR(B1) + DH,"[""AT{'substrate': 'emal'}"", ""KR{'type': 'B2'}"", 'loading: False']","TE(cyclic, ring=0)",244.29
C[C@H]1CC(=CC=Cc2ccccc2)OC1=O,"[""AT{'substrate': 'cin'}"", 'loading: True']",AT(hmal) + KR(B1) + DH,"[""AT{'substrate': 'Methylmalonyl-CoA'}"", ""KR{'type': 'B1'}"", 'DH{}', 'ER{}', 'loading: False']","TE(cyclic, ring=0)",214.26
CCCC[C@@H]1C(=O)O[C@H]1C(O)=CC=Cc1ccccc1,"[""AT{'substrate': 'cin'}"", 'loading: True']",AT(hmal) + KR(B1) + DH,"[""AT{'substrate': 'butmal'}"", ""KR{'type': 'A2'}"", 'loading: False']","TE(cyclic, ring=0)",272.34
O=C1O[C@@H]1[C@H](O)C(O)=CC=Cc1ccccc1,"[""AT{'substrate': 'cin'}"", 'loading: True']",AT(hmal) + KR(B1) + DH,"[""AT{'substrate': 'hmal'}"", ""KR{'type': 'B1'}"", 'loading: False']","TE(cyclic, ring=0)",232.24
CC(C)[C@H]1C(=O)O[C@@H]1C(O)=CC=Cc1ccccc1,"[""AT{'substrate': 'cin'}"", 'loading: True']",AT(hmal) + KR(B1) + DH,"[""AT{'substrate': 'D-isobutmal'}"", ""KR{'type': 'B1'}"", 'loading: False']","TE(cyclic, ring=0)",258.32
COC1=CC(=CC=Cc2ccccc2)OC1=O,"[""AT{'substrate': 'cin'}"", 'loading: True']",AT(hmal) + KR(B1) + DH,"[""AT{'substrate': 'mxmal'}"", ""KR{'type': 'B1'}"", 'DH{}', 'loading: False']","TE(cyclic, ring=0)",228.25
O=C1C[C@H](C(O)=CC=Cc2ccccc2)O1,"[""AT{'substrate': 'cin'}"", 'loading: True']",AT(hmal) + KR(B1) + DH,"[""AT{'substrate': 'Malonyl-CoA'}"", ""KR{'type': 'A'}"", 'loading: False']","TE(cyclic, ring=0)",216.24
CCCCCC[C@@H]1C(=O)O[C@H]1C(O)=CC=Cc1ccccc1,"[""AT{'substrate': 'cin'}"", 'loading: True']",AT(hmal) + KR(B1) + DH,"[""AT{'substrate': 'hexmal'}"", ""KR{'type': 'A2'}"", 'loading: False']","TE(cyclic, ring=0)",300.4
C[C@@H]1C(=O)OC(=CC=Cc2ccccc2)C1=O,"[""AT{'substrate': 'cin'}"", 'loading: True']",AT(hmal) + KR(B1) + DH,"[""AT{'substrate': 'Methylmalonyl-CoA'}"", 'loading: False']","TE(cyclic, ring=0)",228.25
CO[C@@H]1C(=O)O[C@@H]1C(O)=CC=Cc1ccccc1,"[""AT{'substrate': 'cin'}"", 'loading: True']",AT(hmal) + KR(B1) + DH,"[""AT{'substrate': 'mxmal'}"", ""KR{'type': 'B2'}"", 'loading: False']","TE(cyclic, ring=1)",246.26
C[C@H]1C(=O)O[C@@H]1C(O)=CC=Cc1ccccc1,"[""AT{'substrate': 'cin'}"", 'loading: True']",AT(hmal) + KR(B1) + DH,"[""AT{'substrate': 'Methylmalonyl-CoA'}"", ""KR{'type': 'B1'}"", 'loading: False']","TE(cyclic, ring=0)",230.26
CC[C@@H]1C(=O)OC(=CC=Cc2ccccc2)C1=O,"[""AT{'substrate': 'cin'}"", 'loading: True']",AT(hmal) + KR(B1) + DH,"[""AT{'substrate': 'emal'}"", ""KR{'type': 'C2'}"", 'loading: False']","TE(cyclic, ring=0)",242.27
CCCCCCC1=CC(=CC=Cc2ccccc2)OC1=O,"[""AT{'substrate': 'cin'}"", 'loading: True']",AT(hmal) + KR(B1) + DH,"[""AT{'substrate': 'hexmal'}"", ""KR{'type': 'B1'}"", 'DH{}', 'loading: False']","TE(cyclic, ring=0)",282.38
CCCCCC[C@@H]1C(=O)OC(=CC=Cc2ccccc2)C1=O,"[""AT{'substrate': 'cin'}"", 'loading: True']",AT(hmal) + KR(B1) + DH,"[""AT{'substrate': 'hexmal'}"", 'loading: False']","TE(cyclic, ring=0)",298.38
CC[C@H]1C(=O)O[C@@H]1C(O)=CC=Cc1ccccc1,"[""AT{'substrate': 'cin'}"", 'loading: True']",AT(hmal) + KR(B1) + DH,"[""AT{'substrate': 'emal'}"", ""KR{'type': 'B1'}"", 'loading: False']","TE(cyclic, ring=0)",244.29
C=CC[C@H]1C(=O)O[C@@H]1C(O)=CC=Cc1ccccc1,"[""AT{'substrate': 'cin'}"", 'loading: True']",AT(hmal) + KR(B1) + DH,"[""AT{'substrate': 'allylmal'}"", ""KR{'type': 'B1'}"", 'loading: False']","TE(cyclic, ring=0)",256.3
CO[C@H]1C(=O)OC(=CC=Cc2ccccc2)C1=O,"[""AT{'substrate': 'cin'}"", 'loading: True']",AT(hmal) + KR(B1) + DH,"[""AT{'substrate': 'mxmal'}"", ""KR{'type': 'C1'}"", 'loading: False']","TE(cyclic, ring=1)",244.25
C=CC[C@H]1C(=O)OC(=CC=Cc2ccccc2)C1=O,"[""AT{'substrate': 'cin'}"", 'loading: True']",AT(hmal) + KR(B1) + DH,"[""AT{'substrate': 'allylmal'}"", ""KR{'type': 'C1'}"", 'loading: False']","TE(cyclic, ring=0)",254.28
C=CCC1=CC(=CC=Cc2ccccc2)OC1=O,"[""AT{'substrate': 'cin'}"", 'loading: True']",AT(hmal) + KR(B1) + DH,"[""AT{'substrate': 'allylmal'}"", ""KR{'type': 'B1'}"", 'DH{}', 'loading: False']","TE(cyclic, ring=0)",238.29
O=C1OC(=CC=Cc2ccccc2)C=C1CCCCc1c[nH]c(Cl)c1Cl,"[""AT{'substrate': 'cin'}"", 'loading: True']",AT(hmal) + KR(B1) + DH,"[""AT{'substrate': 'DCP'}"", ""KR{'type': 'B1'}"", 'DH{}', 'loading: False']","TE(cyclic, ring=0)",388.29
O=C1O[C@H](C(O)=CC=Cc2ccccc2)[C@H]1CCCCc1c[nH]c(Cl)c1Cl,"[""AT{'substrate': 'cin'}"", 'loading: True']",AT(hmal) + KR(B1) + DH,"[""AT{'substrate': 'DCP'}"", ""KR{'type': 'B1'}"", 'loading: False']","TE(cyclic, ring=0)",406.31
CCCC[C@@H]1C(=O)O[C@@H]1C(O)=CC=Cc1ccccc1,"[""AT{'substrate': 'cin'}"", 'loading: True']",AT(hmal) + KR(B1) + DH,"[""AT{'substrate': 'butmal'}"", ""KR{'type': 'B2'}"", 'loading: False']","TE(cyclic, ring=0)",272.34
CO[C@H]1C(=O)O[C@@H]1C(O)=CC=Cc1ccccc1,"[""AT{'substrate': 'cin'}"", 'loading: True']",AT(hmal) + KR(B1) + DH,"[""AT{'substrate': 'mxmal'}"", ""KR{'type': 'B1'}"", 'loading: False']","TE(cyclic, ring=1)",246.26
O=C1O[C@H]1CC(O)=CC=Cc1ccccc1,"[""AT{'substrate': 'cin'}"", 'loading: True']",AT(hmal) + KR(B1) + DH,"[""AT{'substrate': 'hmal'}"", ""KR{'type': 'B1'}"", 'DH{}', 'ER{}', 'loading: False']","TE(cyclic, ring=0)",216.24
CCCC[C@H]1C(=O)OC(=CC=Cc2ccccc2)C1=O,"[""AT{'substrate': 'cin'}"", 'loading: True']",AT(hmal) + KR(B1) + DH,"[""AT{'substrate': 'butmal'}"", ""KR{'type': 'C1'}"", 'loading: False']","TE(cyclic, ring=0)",270.33
CC(C)[C@H]1CC(=CC=Cc2ccccc2)OC1=O,"[""AT{'substrate': 'cin'}"", 'loading: True']",AT(hmal) + KR(B1) + DH,"[""AT{'substrate': 'D-isobutmal'}"", ""KR{'type': 'B1'}"", 'DH{}', 'ER{}', 'loading: False']","TE(cyclic, ring=0)",242.32
CCCCCC[C@H]1C(=O)OC(=CC=Cc2ccccc2)C1=O,"[""AT{'substrate': 'cin'}"", 'loading: True']",AT(hmal) + KR(B1) + DH,"[""AT{'substrate': 'hexmal'}"", ""KR{'type': 'C1'}"", 'loading: False']","TE(cyclic, ring=0)",298.38
C[C@H]1C(=O)O[C@H]1C(O)=CC=Cc1ccccc1,"[""AT{'substrate': 'cin'}"", 'loading: True']",AT(hmal) + KR(B1) + DH,"[""AT{'substrate': 'Methylmalonyl-CoA'}"", ""KR{'type': 'A1'}"", 'loading: False']","TE(cyclic, ring=0)",230.26
C=CC[C@@H]1C(=O)OC(=CC=Cc2ccccc2)C1=O,"[""AT{'substrate': 'cin'}"", 'loading: True']",AT(hmal) + KR(B1) + DH,"[""AT{'substrate': 'allylmal'}"", ""KR{'type': 'C2'}"", 'loading: False']","TE(cyclic, ring=0)",254.28
O=C1O[C@H]1[C@@H](O)C(O)=CC=Cc1ccccc1,"[""AT{'substrate': 'cin'}"", 'loading: True']",AT(hmal) + KR(B1) + DH,"[""AT{'substrate': 'hmal'}"", ""KR{'type': 'A2'}"", 'loading: False']","TE(cyclic, ring=0)",232.24
CCCC[C@H]1C(=O)O[C@@H]1C(O)=CC=Cc1ccccc1,"[""AT{'substrate': 'cin'}"", 'loading: True']",AT(hmal) + KR(B1) + DH,"[""AT{'substrate': 'butmal'}"", ""KR{'type': 'B1'}"", 'loading: False']","TE(cyclic, ring=0)",272.34
O=C1OC(=CC=Cc2ccccc2)C(=O)[C@@H]1CCCCc1c[nH]c(Cl)c1Cl,"[""AT{'substrate': 'cin'}"", 'loading: True']",AT(hmal) + KR(B1) + DH,"[""AT{'substrate': 'DCP'}"", ""KR{'type': 'C2'}"", 'loading: False']","TE(cyclic, ring=0)",404.29
CCCCCC[C@H]1C(=O)O[C@@H]1C(O)=CC=Cc1ccccc1,"[""AT{'substrate': 'cin'}"", 'loading: True']",AT(hmal) + KR(B1) + DH,"[""AT{'substrate': 'hexmal'}"", ""KR{'type': 'B1'}"", 'loading: False']","TE(cyclic, ring=0)",300.4
O=C1OC1C(=O)C(O)=CC=Cc1ccccc1,"[""AT{'substrate': 'cin'}"", 'loading: True']",AT(hmal) + KR(B1) + DH,"[""AT{'substrate': 'hmal'}"", 'loading: False']","TE(cyclic, ring=0)",230.22
O=C1CCC(=CC=Cc2ccccc2)O1,"[""AT{'substrate': 'cin'}"", 'loading: True']",AT(hmal) + KR(B1) + DH,"[""AT{'substrate': 'Malonyl-CoA'}"", ""KR{'type': 'B'}"", 'DH{}', 'ER{}', 'loading: False']","TE(cyclic, ring=0)",200.24
C=CC[C@H]1C(=O)O[C@H]1C(O)=CC=Cc1ccccc1,"[""AT{'substrate': 'cin'}"", 'loading: True']",AT(hmal) + KR(B1) + DH,"[""AT{'substrate': 'allylmal'}"", ""KR{'type': 'A1'}"", 'loading: False']","TE(cyclic, ring=0)",256.3
O=C1O[C@@H](C(O)=CC=Cc2ccccc2)[C@H]1CCCCc1c[nH]c(Cl)c1Cl,"[""AT{'substrate': 'cin'}"", 'loading: True']",AT(hmal) + KR(B1) + DH,"[""AT{'substrate': 'DCP'}"", ""KR{'type': 'A1'}"", 'loading: False']","TE(cyclic, ring=0)",406.31
O=C1C=CC(=CC=Cc2ccccc2)O1,"[""AT{'substrate': 'cin'}"", 'loading: True']",AT(hmal) + KR(B1) + DH,"[""AT{'substrate': 'Malonyl-CoA'}"", ""KR{'type': 'B'}"", 'DH{}', 'loading: False']","TE(cyclic, ring=0)",198.22
CC(C)C1=CC(=CC=Cc2ccccc2)OC1=O,"[""AT{'substrate': 'cin'}"", 'loading: True']",AT(hmal) + KR(B1) + DH,"[""AT{'substrate': 'D-isobutmal'}"", ""KR{'type': 'B1'}"", 'DH{}', 'loading: False']","TE(cyclic, ring=0)",240.3
O=C1O[C@@H]1[C@@H](O)C(O)=CC=Cc1ccccc1,"[""AT{'substrate': 'cin'}"", 'loading: True']",AT(hmal) + KR(B1) + DH,"[""AT{'substrate': 'hmal'}"", ""KR{'type': 'A1'}"", 'loading: False']","TE(cyclic, ring=0)",232.24
C=CC[C@H]1CC(=CC=Cc2ccccc2)OC1=O,"[""AT{'substrate': 'cin'}"", 'loading: True']",AT(hmal) + KR(B1) + DH,"[""AT{'substrate': 'allylmal'}"", ""KR{'type': 'B1'}"", 'DH{}', 'ER{}', 'loading: False']","TE(cyclic, ring=0)",240.3
CC[C@@H]1C(=O)O[C@H]1C(O)=CC=Cc1ccccc1,"[""AT{'substrate': 'cin'}"", 'loading: True']",AT(hmal) + KR(B1) + DH,"[""AT{'substrate': 'emal'}"", ""KR{'type': 'A2'}"", 'loading: False']","TE(cyclic, ring=0)",244.29
CC1=CC(=CC=Cc2ccccc2)OC1=O,"[""AT{'substrate': 'cin'}"", 'loading: True']",AT(hmal) + KR(B1) + DH,"[""AT{'substrate': 'Methylmalonyl-CoA'}"", ""KR{'type': 'B1'}"", 'DH{}', 'loading: False']","TE(cyclic, ring=0)",212.25
CC(C)[C@@H]1C(=O)O[C@H]1C(O)=CC=Cc1ccccc1,"[""AT{'substrate': 'cin'}"", 'loading: True']",AT(hmal) + KR(B1) + DH,"[""AT{'substrate': 'isobutmal'}"", ""KR{'type': 'A2'}"", 'loading: False']","TE(cyclic, ring=0)",258.32
O=C1O[C@H]1[C@H](O)C(O)=CC=Cc1ccccc1,"[""AT{'substrate': 'cin'}"", 'loading: True']",AT(hmal) + KR(B1) + DH,"[""AT{'substrate': 'hmal'}"", ""KR{'type': 'B2'}"", 'loading: False']","TE(cyclic, ring=0)",232.24
CCC1=CC(=CC=Cc2ccccc2)OC1=O,"[""AT{'substrate': 'cin'}"", 'loading: True']",AT(hmal) + KR(B1) + DH,"[""AT{'substrate': 'emal'}"", ""KR{'type': 'B1'}"", 'DH{}', 'loading: False']","TE(cyclic, ring=0)",226.27
CCCCC1=CC(=CC=Cc2ccccc2)OC1=O,"[""AT{'substrate': 'cin'}"", 'loading: True']",AT(hmal) + KR(B1) + DH,"[""AT{'substrate': 'butmal'}"", ""KR{'type': 'B1'}"", 'DH{}', 'loading: False']","TE(cyclic, ring=0)",254.33
C[C@@H]1C(=O)O[C@@H]1C(O)=CC=Cc1ccccc1,"[""AT{'substrate': 'cin'}"", 'loading: True']",AT(hmal) + KR(B1) + DH,"[""AT{'substrate': 'Methylmalonyl-CoA'}"", ""KR{'type': 'B2'}"", 'loading: False']","TE(cyclic, ring=0)",230.26
CCCCCC[C@H]1C(=O)O[C@H]1C(O)=CC=Cc1ccccc1,"[""AT{'substrate': 'cin'}"", 'loading: True']",AT(hmal) + KR(B1) + DH,"[""AT{'substrate': 'hexmal'}"", ""KR{'type': 'A1'}"", 'loading: False']","TE(cyclic, ring=0)",300.4
CCCC[C@H]1CC(=CC=Cc2ccccc2)OC1=O,"[""AT{'substrate': 'cin'}"", 'loading: True']",AT(hmal) + KR(B1) + DH,"[""AT{'substrate': 'butmal'}"", ""KR{'type': 'B1'}"", 'DH{}', 'ER{}', 'loading: False']","TE(cyclic, ring=0)",256.35
CC[C@H]1C(=O)O[C@H]1C(O)=CC=Cc1ccccc1,"[""AT{'substrate': 'cin'}"", 'loading: True']",AT(hmal) + KR(B1) + DH,"[""AT{'substrate': 'emal'}"", ""KR{'type': 'A1'}"", 'loading: False']","TE(cyclic, ring=0)",244.29
O=C1OC(=CC=Cc2ccccc2)C=C1O,"[""AT{'substrate': 'cin'}"", 'loading: True']",AT(hmal) + KR(B1) + DH,"[""AT{'substrate': 'hmal'}"", ""KR{'type': 'B1'}"", 'DH{}', 'loading: False']","TE(cyclic, ring=0)",214.22
C[C@@H]1C(=O)O[C@H]1C(O)=Cc1cc(N)cc(O)c1,"[""AT{'substrate': 'AHBA'}"", 'loading: True']",AT(hmal) + KR(B1) + DH,"[""AT{'substrate': 'Methylmalonyl-CoA'}"", ""KR{'type': 'A2'}"", 'loading: False']","TE(cyclic, ring=0)",235.24
Nc1cc(O)cc(C=C(O)C(=O)[C@H]2OC2=O)c1,"[""AT{'substrate': 'AHBA'}"", 'loading: True']",AT(hmal) + KR(B1) + DH,"[""AT{'substrate': 'hmal'}"", ""KR{'type': 'C1'}"", 'loading: False']","TE(cyclic, ring=0)",235.19
Nc1cc(O)cc(C=C2OC(=O)CC2=O)c1,"[""AT{'substrate': 'AHBA'}"", 'loading: True']",AT(hmal) + KR(B1) + DH,"[""AT{'substrate': 'Malonyl-CoA'}"", 'loading: False']","TE(cyclic, ring=0)",219.2
CC[C@H]1CC(=Cc2cc(N)cc(O)c2)OC1=O,"[""AT{'substrate': 'AHBA'}"", 'loading: True']",AT(hmal) + KR(B1) + DH,"[""AT{'substrate': 'emal'}"", ""KR{'type': 'B1'}"", 'DH{}', 'ER{}', 'loading: False']","TE(cyclic, ring=0)",233.27
CC(C)[C@H]1C(=O)O[C@H]1C(O)=Cc1cc(N)cc(O)c1,"[""AT{'substrate': 'AHBA'}"", 'loading: True']",AT(hmal) + KR(B1) + DH,"[""AT{'substrate': 'isobutmal'}"", ""KR{'type': 'A1'}"", 'loading: False']","TE(cyclic, ring=0)",263.29
CO[C@H]1C(=O)O[C@H]1C(O)=Cc1cc(N)cc(O)c1,"[""AT{'substrate': 'AHBA'}"", 'loading: True']",AT(hmal) + KR(B1) + DH,"[""AT{'substrate': 'mxmal'}"", ""KR{'type': 'A1'}"", 'loading: False']","TE(cyclic, ring=1)",251.24
C=CC[C@@H]1C(=O)O[C@@H]1C(O)=Cc1cc(N)cc(O)c1,"[""AT{'substrate': 'AHBA'}"", 'loading: True']",AT(hmal) + KR(B1) + DH,"[""AT{'substrate': 'allylmal'}"", ""KR{'type': 'B2'}"", 'loading: False']","TE(cyclic, ring=0)",261.28
C[C@H]1C(=O)OC(=Cc2cc(N)cc(O)c2)C1=O,"[""AT{'substrate': 'AHBA'}"", 'loading: True']",AT(hmal) + KR(B1) + DH,"[""AT{'substrate': 'Methylmalonyl-CoA'}"", ""KR{'type': 'C1'}"", 'loading: False']","TE(cyclic, ring=0)",233.22
Nc1cc(O)cc(C=C(O)[C@H]2OC(=O)[C@H]2CCCCc2c[nH]c(Cl)c2Cl)c1,"[""AT{'substrate': 'AHBA'}"", 'loading: True']",AT(hmal) + KR(B1) + DH,"[""AT{'substrate': 'DCP'}"", ""KR{'type': 'B2'}"", 'loading: False']","TE(cyclic, ring=0)",411.29
CC(C)[C@@H]1C(=O)O[C@@H]1C(O)=Cc1cc(N)cc(O)c1,"[""AT{'substrate': 'AHBA'}"", 'loading: True']",AT(hmal) + KR(B1) + DH,"[""AT{'substrate': 'isobutmal'}"", ""KR{'type': 'B2'}"", 'loading: False']","TE(cyclic, ring=0)",263.29
CO[C@@H]1C(=O)O[C@H]1C(O)=Cc1cc(N)cc(O)c1,"[""AT{'substrate': 'AHBA'}"", 'loading: True']",AT(hmal) + KR(B1) + DH,"[""AT{'substrate': 'mxmal'}"", ""KR{'type': 'A2'}"", 'loading: False']","TE(cyclic, ring=1)",251.24
C=CC[C@@H]1C(=O)O[C@H]1C(O)=Cc1cc(N)cc(O)c1,"[""AT{'substrate': 'AHBA'}"", 'loading: True']",AT(hmal) + KR(B1) + DH,"[""AT{'substrate': 'allylmal'}"", ""KR{'type': 'A2'}"", 'loading: False']","TE(cyclic, ring=0)",261.28
Nc1cc(O)cc(C=C(O)[C@@H]2OC(=O)[C@H]2CCCCc2c[nH]c(Cl)c2Cl)c1,"[""AT{'substrate': 'AHBA'}"", 'loading: True']",AT(hmal) + KR(B1) + DH,"[""AT{'substrate': 'DCP'}"", ""KR{'type': 'A2'}"", 'loading: False']","TE(cyclic, ring=0)",411.29
CC(C)[C@@H]1C(=O)OC(=Cc2cc(N)cc(O)c2)C1=O,"[""AT{'substrate': 'AHBA'}"", 'loading: True']",AT(hmal) + KR(B1) + DH,"[""AT{'substrate': 'D-isobutmal'}"", ""KR{'type': 'C2'}"", 'loading: False']","TE(cyclic, ring=0)",261.28
Nc1cc(O)cc(C=C(O)[C@@H]2CC(=O)O2)c1,"[""AT{'substrate': 'AHBA'}"", 'loading: True']",AT(hmal) + KR(B1) + DH,"[""AT{'substrate': 'Malonyl-CoA'}"", ""KR{'type': 'B'}"", 'loading: False']","TE(cyclic, ring=0)",221.21
CO[C@@H]1C(=O)OC(=Cc2cc(N)cc(O)c2)C1=O,"[""AT{'substrate': 'AHBA'}"", 'loading: True']",AT(hmal) + KR(B1) + DH,"[""AT{'substrate': 'mxmal'}"", ""KR{'type': 'C2'}"", 'loading: False']","TE(cyclic, ring=1)",249.22
CC[C@H]1C(=O)OC(=Cc2cc(N)cc(O)c2)C1=O,"[""AT{'substrate': 'AHBA'}"", 'loading: True']",AT(hmal) + KR(B1) + DH,"[""AT{'substrate': 'emal'}"", ""KR{'type': 'C1'}"", 'loading: False']","TE(cyclic, ring=0)",247.25
Nc1cc(O)cc(C=C2OC(=O)C(CCCCc3c[nH]c(Cl)c3Cl)C2=O)c1,"[""AT{'substrate': 'AHBA'}"", 'loading: True']",AT(hmal) + KR(B1) + DH,"[""AT{'substrate': 'DCP'}"", 'loading: False']","TE(cyclic, ring=0)",409.27
CCCC[C@@H]1C(=O)OC(=Cc2cc(N)cc(O)c2)C1=O,"[""AT{'substrate': 'AHBA'}"", 'loading: True']",AT(hmal) + KR(B1) + DH,"[""AT{'substrate': 'butmal'}"", 'loading: False']","TE(cyclic, ring=0)",275.3
Nc1cc(O)cc(C=C2OC(=O)[C@H](CCCCc3c[nH]c(Cl)c3Cl)C2=O)c1,"[""AT{'substrate': 'AHBA'}"", 'loading: True']",AT(hmal) + KR(B1) + DH,"[""AT{'substrate': 'DCP'}"", ""KR{'type': 'C1'}"", 'loading: False']","TE(cyclic, ring=0)",409.27
CCCCCC[C@H]1CC(=Cc2cc(N)cc(O)c2)OC1=O,"[""AT{'substrate': 'AHBA'}"", 'loading: True']",AT(hmal) + KR(B1) + DH,"[""AT{'substrate': 'hexmal'}"", ""KR{'type': 'B1'}"", 'DH{}', 'ER{}', 'loading: False']","TE(cyclic, ring=0)",289.38
Nc1cc(O)cc(C=C(O)C(=O)[C@@H]2OC2=O)c1,"[""AT{'substrate': 'AHBA'}"", 'loading: True']",AT(hmal) + KR(B1) + DH,"[""AT{'substrate': 'hmal'}"", ""KR{'type': 'C2'}"", 'loading: False']","TE(cyclic, ring=0)",235.19
CCCC[C@H]1C(=O)O[C@H]1C(O)=Cc1cc(N)cc(O)c1,"[""AT{'substrate': 'AHBA'}"", 'loading: True']",AT(hmal) + KR(B1) + DH,"[""AT{'substrate': 'butmal'}"", ""KR{'type': 'A1'}"", 'loading: False']","TE(cyclic, ring=0)",277.32
CC(C)[C@H]1C(=O)OC(=Cc2cc(N)cc(O)c2)C1=O,"[""AT{'substrate': 'AHBA'}"", 'loading: True']",AT(hmal) + KR(B1) + DH,"[""AT{'substrate': 'isobutmal'}"", ""KR{'type': 'C1'}"", 'loading: False']","TE(cyclic, ring=0)",261.28
CO[C@H]1CC(=Cc2cc(N)cc(O)c2)OC1=O,"[""AT{'substrate': 'AHBA'}"", 'loading: True']",AT(hmal) + KR(B1) + DH,"[""AT{'substrate': 'mxmal'}"", ""KR{'type': 'B1'}"", 'DH{}', 'ER{}', 'loading: False']","TE(cyclic, ring=1)",235.24
Nc1cc(O)cc(C=C2C[C@H](CCCCc3c[nH]c(Cl)c3Cl)C(=O)O2)c1,"[""AT{'substrate': 'AHBA'}"", 'loading: True']",AT(hmal) + KR(B1) + DH,"[""AT{'substrate': 'DCP'}"", ""KR{'type': 'B1'}"", 'DH{}', 'ER{}', 'loading: False']","TE(cyclic, ring=0)",395.29
CCCCCC[C@@H]1C(=O)O[C@@H]1C(O)=Cc1cc(N)cc(O)c1,"[""AT{'substrate': 'AHBA'}"", 'loading: True']",AT(hmal) + KR(B1) + DH,"[""AT{'substrate': 'hexmal'}"", ""KR{'type': 'B2'}"", 'loading: False']","TE(cyclic, ring=0)",305.37
CC[C@@H]1C(=O)O[C@@H]1C(O)=Cc1cc(N)cc(O)c1,"[""AT{'substrate': 'AHBA'}"", 'loading: True']",AT(hmal) + KR(B1) + DH,"[""AT{'substrate': 'emal'}"", ""KR{'type': 'B2'}"", 'loading: False']","TE(cyclic, ring=0)",249.27
C[C@H]1CC(=Cc2cc(N)cc(O)c2)OC1=O,"[""AT{'substrate': 'AHBA'}"", 'loading: True']",AT(hmal) + KR(B1) + DH,"[""AT{'substrate': 'Methylmalonyl-CoA'}"", ""KR{'type': 'B1'}"", 'DH{}', 'ER{}', 'loading: False']","TE(cyclic, ring=0)",219.24
CCCC[C@@H]1C(=O)O[C@H]1C(O)=Cc1cc(N)cc(O)c1,"[""AT{'substrate': 'AHBA'}"", 'loading: True']",AT(hmal) + KR(B1) + DH,"[""AT{'substrate': 'butmal'}"", ""KR{'type': 'A2'}"", 'loading: False']","TE(cyclic, ring=0)",277.32
Nc1cc(O)cc(C=C(O)[C@@H](O)[C@H]2OC2=O)c1,"[""AT{'substrate': 'AHBA'}"", 'loading: True']",AT(hmal) + KR(B1) + DH,"[""AT{'substrate': 'hmal'}"", ""KR{'type': 'B1'}"", 'loading: False']","TE(cyclic, ring=0)",237.21
CC(C)[C@H]1C(=O)O[C@@H]1C(O)=Cc1cc(N)cc(O)c1,"[""AT{'substrate': 'AHBA'}"", 'loading: True']",AT(hmal) + KR(B1) + DH,"[""AT{'substrate': 'D-isobutmal'}"", ""KR{'type': 'B1'}"", 'loading: False']","TE(cyclic, ring=0)",263.29
COC1=CC(=Cc2cc(N)cc(O)c2)OC1=O,"[""AT{'substrate': 'AHBA'}"", 'loading: True']",AT(hmal) + KR(B1) + DH,"[""AT{'substrate': 'mxmal'}"", ""KR{'type': 'B1'}"", 'DH{}', 'loading: False']","TE(cyclic, ring=0)",233.22
Nc1cc(O)cc(C=C(O)[C@H]2CC(=O)O2)c1,"[""AT{'substrate': 'AHBA'}"", 'loading: True']",AT(hmal) + KR(B1) + DH,"[""AT{'substrate': 'Malonyl-CoA'}"", ""KR{'type': 'A'}"", 'loading: False']","TE(cyclic, ring=0)",221.21
CCCCCC[C@@H]1C(=O)O[C@H]1C(O)=Cc1cc(N)cc(O)c1,"[""AT{'substrate': 'AHBA'}"", 'loading: True']",AT(hmal) + KR(B1) + DH,"[""AT{'substrate': 'hexmal'}"", ""KR{'type': 'A2'}"", 'loading: False']","TE(cyclic, ring=0)",305.37
C[C@@H]1C(=O)OC(=Cc2cc(N)cc(O)c2)C1=O,"[""AT{'substrate': 'AHBA'}"", 'loading: True']",AT(hmal) + KR(B1) + DH,"[""AT{'substrate': 'Methylmalonyl-CoA'}"", 'loading: False']","TE(cyclic, ring=0)",233.22
CO[C@@H]1C(=O)O[C@@H]1C(O)=Cc1cc(N)cc(O)c1,"[""AT{'substrate': 'AHBA'}"", 'loading: True']",AT(hmal) + KR(B1) + DH,"[""AT{'substrate': 'mxmal'}"", ""KR{'type': 'B2'}"", 'loading: False']","TE(cyclic, ring=1)",251.24
C[C@H]1C(=O)O[C@@H]1C(O)=Cc1cc(N)cc(O)c1,"[""AT{'substrate': 'AHBA'}"", 'loading: True']",AT(hmal) + KR(B1) + DH,"[""AT{'substrate': 'Methylmalonyl-CoA'}"", ""KR{'type': 'B1'}"", 'loading: False']","TE(cyclic, ring=0)",235.24
CC[C@@H]1C(=O)OC(=Cc2cc(N)cc(O)c2)C1=O,"[""AT{'substrate': 'AHBA'}"", 'loading: True']",AT(hmal) + KR(B1) + DH,"[""AT{'substrate': 'emal'}"", ""KR{'type': 'C2'}"", 'loading: False']","TE(cyclic, ring=0)",247.25
CCCCCCC1=CC(=Cc2cc(N)cc(O)c2)OC1=O,"[""AT{'substrate': 'AHBA'}"", 'loading: True']",AT(hmal) + KR(B1) + DH,"[""AT{'substrate': 'hexmal'}"", ""KR{'type': 'B1'}"", 'DH{}', 'loading: False']","TE(cyclic, ring=0)",287.36
CCCCCC[C@@H]1C(=O)OC(=Cc2cc(N)cc(O)c2)C1=O,"[""AT{'substrate': 'AHBA'}"", 'loading: True']",AT(hmal) + KR(B1) + DH,"[""AT{'substrate': 'hexmal'}"", 'loading: False']","TE(cyclic, ring=0)",303.36
CC[C@H]1C(=O)O[C@@H]1C(O)=Cc1cc(N)cc(O)c1,"[""AT{'substrate': 'AHBA'}"", 'loading: True']",AT(hmal) + KR(B1) + DH,"[""AT{'substrate': 'emal'}"", ""KR{'type': 'B1'}"", 'loading: False']","TE(cyclic, ring=0)",249.27
C=CC[C@H]1C(=O)O[C@@H]1C(O)=Cc1cc(N)cc(O)c1,"[""AT{'substrate': 'AHBA'}"", 'loading: True']",AT(hmal) + KR(B1) + DH,"[""AT{'substrate': 'allylmal'}"", ""KR{'type': 'B1'}"", 'loading: False']","TE(cyclic, ring=0)",261.28
CO[C@H]1C(=O)OC(=Cc2cc(N)cc(O)c2)C1=O,"[""AT{'substrate': 'AHBA'}"", 'loading: True']",AT(hmal) + KR(B1) + DH,"[""AT{'substrate': 'mxmal'}"", ""KR{'type': 'C1'}"", 'loading: False']","TE(cyclic, ring=1)",249.22
C=CC[C@H]1C(=O)OC(=Cc2cc(N)cc(O)c2)C1=O,"[""AT{'substrate': 'AHBA'}"", 'loading: True']",AT(hmal) + KR(B1) + DH,"[""AT{'substrate': 'allylmal'}"", ""KR{'type': 'C1'}"", 'loading: False']","TE(cyclic, ring=0)",259.26
C=CCC1=CC(=Cc2cc(N)cc(O)c2)OC1=O,"[""AT{'substrate': 'AHBA'}"", 'loading: True']",AT(hmal) + KR(B1) + DH,"[""AT{'substrate': 'allylmal'}"", ""KR{'type': 'B1'}"", 'DH{}', 'loading: False']","TE(cyclic, ring=0)",243.26
Nc1cc(O)cc(C=C2C=C(CCCCc3c[nH]c(Cl)c3Cl)C(=O)O2)c1,"[""AT{'substrate': 'AHBA'}"", 'loading: True']",AT(hmal) + KR(B1) + DH,"[""AT{'substrate': 'DCP'}"", ""KR{'type': 'B1'}"", 'DH{}', 'loading: False']","TE(cyclic, ring=0)",393.27
Nc1cc(O)cc(C=C(O)[C@H]2OC(=O)[C@@H]2CCCCc2c[nH]c(Cl)c2Cl)c1,"[""AT{'substrate': 'AHBA'}"", 'loading: True']",AT(hmal) + KR(B1) + DH,"[""AT{'substrate': 'DCP'}"", ""KR{'type': 'B1'}"", 'loading: False']","TE(cyclic, ring=0)",411.29
CCCC[C@@H]1C(=O)O[C@@H]1C(O)=Cc1cc(N)cc(O)c1,"[""AT{'substrate': 'AHBA'}"", 'loading: True']",AT(hmal) + KR(B1) + DH,"[""AT{'substrate': 'butmal'}"", ""KR{'type': 'B2'}"", 'loading: False']","TE(cyclic, ring=0)",277.32
CO[C@H]1C(=O)O[C@@H]1C(O)=Cc1cc(N)cc(O)c1,"[""AT{'substrate': 'AHBA'}"", 'loading: True']",AT(hmal) + KR(B1) + DH,"[""AT{'substrate': 'mxmal'}"", ""KR{'type': 'B1'}"", 'loading: False']","TE(cyclic, ring=1)",251.24
Nc1cc(O)cc(C=C(O)C[C@@H]2OC2=O)c1,"[""AT{'substrate': 'AHBA'}"", 'loading: True']",AT(hmal) + KR(B1) + DH,"[""AT{'substrate': 'hmal'}"", ""KR{'type': 'B1'}"", 'DH{}', 'ER{}', 'loading: False']","TE(cyclic, ring=0)",221.21
CCCC[C@H]1C(=O)OC(=Cc2cc(N)cc(O)c2)C1=O,"[""AT{'substrate': 'AHBA'}"", 'loading: True']",AT(hmal) + KR(B1) + DH,"[""AT{'substrate': 'butmal'}"", ""KR{'type': 'C1'}"", 'loading: False']","TE(cyclic, ring=0)",275.3
CC(C)[C@H]1CC(=Cc2cc(N)cc(O)c2)OC1=O,"[""AT{'substrate': 'AHBA'}"", 'loading: True']",AT(hmal) + KR(B1) + DH,"[""AT{'substrate': 'D-isobutmal'}"", ""KR{'type': 'B1'}"", 'DH{}', 'ER{}', 'loading: False']","TE(cyclic, ring=0)",247.29
CCCCCC[C@H]1C(=O)OC(=Cc2cc(N)cc(O)c2)C1=O,"[""AT{'substrate': 'AHBA'}"", 'loading: True']",AT(hmal) + KR(B1) + DH,"[""AT{'substrate': 'hexmal'}"", ""KR{'type': 'C1'}"", 'loading: False']","TE(cyclic, ring=0)",303.36
C[C@H]1C(=O)O[C@H]1C(O)=Cc1cc(N)cc(O)c1,"[""AT{'substrate': 'AHBA'}"", 'loading: True']",AT(hmal) + KR(B1) + DH,"[""AT{'substrate': 'Methylmalonyl-CoA'}"", ""KR{'type': 'A1'}"", 'loading: False']","TE(cyclic, ring=0)",235.24
C=CC[C@@H]1C(=O)OC(=Cc2cc(N)cc(O)c2)C1=O,"[""AT{'substrate': 'AHBA'}"", 'loading: True']",AT(hmal) + KR(B1) + DH,"[""AT{'substrate': 'allylmal'}"", ""KR{'type': 'C2'}"", 'loading: False']","TE(cyclic, ring=0)",259.26
Nc1cc(O)cc(C=C(O)[C@H](O)[C@@H]2OC2=O)c1,"[""AT{'substrate': 'AHBA'}"", 'loading: True']",AT(hmal) + KR(B1) + DH,"[""AT{'substrate': 'hmal'}"", ""KR{'type': 'A2'}"", 'loading: False']","TE(cyclic, ring=0)",237.21
CCCC[C@H]1C(=O)O[C@@H]1C(O)=Cc1cc(N)cc(O)c1,"[""AT{'substrate': 'AHBA'}"", 'loading: True']",AT(hmal) + KR(B1) + DH,"[""AT{'substrate': 'butmal'}"", ""KR{'type': 'B1'}"", 'loading: False']","TE(cyclic, ring=0)",277.32
Nc1cc(O)cc(C=C2OC(=O)[C@@H](CCCCc3c[nH]c(Cl)c3Cl)C2=O)c1,"[""AT{'substrate': 'AHBA'}"", 'loading: True']",AT(hmal) + KR(B1) + DH,"[""AT{'substrate': 'DCP'}"", ""KR{'type': 'C2'}"", 'loading: False']","TE(cyclic, ring=0)",409.27
CCCCCC[C@H]1C(=O)O[C@@H]1C(O)=Cc1cc(N)cc(O)c1,"[""AT{'substrate': 'AHBA'}"", 'loading: True']",AT(hmal) + KR(B1) + DH,"[""AT{'substrate': 'hexmal'}"", ""KR{'type': 'B1'}"", 'loading: False']","TE(cyclic, ring=0)",305.37
Nc1cc(O)cc(C=C(O)C(=O)C2OC2=O)c1,"[""AT{'substrate': 'AHBA'}"", 'loading: True']",AT(hmal) + KR(B1) + DH,"[""AT{'substrate': 'hmal'}"", 'loading: False']","TE(cyclic, ring=0)",235.19
Nc1cc(O)cc(C=C2CCC(=O)O2)c1,"[""AT{'substrate': 'AHBA'}"", 'loading: True']",AT(hmal) + KR(B1) + DH,"[""AT{'substrate': 'Malonyl-CoA'}"", ""KR{'type': 'B'}"", 'DH{}', 'ER{}', 'loading: False']","TE(cyclic, ring=0)",205.21
C=CC[C@H]1C(=O)O[C@H]1C(O)=Cc1cc(N)cc(O)c1,"[""AT{'substrate': 'AHBA'}"", 'loading: True']",AT(hmal) + KR(B1) + DH,"[""AT{'substrate': 'allylmal'}"", ""KR{'type': 'A1'}"", 'loading: False']","TE(cyclic, ring=0)",261.28
Nc1cc(O)cc(C=C(O)[C@@H]2OC(=O)[C@@H]2CCCCc2c[nH]c(Cl)c2Cl)c1,"[""AT{'substrate': 'AHBA'}"", 'loading: True']",AT(hmal) + KR(B1) + DH,"[""AT{'substrate': 'DCP'}"", ""KR{'type': 'A1'}"", 'loading: False']","TE(cyclic, ring=0)",411.29
Nc1cc(O)cc(C=C2C=CC(=O)O2)c1,"[""AT{'substrate': 'AHBA'}"", 'loading: True']",AT(hmal) + KR(B1) + DH,"[""AT{'substrate': 'Malonyl-CoA'}"", ""KR{'type': 'B'}"", 'DH{}', 'loading: False']","TE(cyclic, ring=0)",203.2
CC(C)C1=CC(=Cc2cc(N)cc(O)c2)OC1=O,"[""AT{'substrate': 'AHBA'}"", 'loading: True']",AT(hmal) + KR(B1) + DH,"[""AT{'substrate': 'D-isobutmal'}"", ""KR{'type': 'B1'}"", 'DH{}', 'loading: False']","TE(cyclic, ring=0)",245.28
Nc1cc(O)cc(C=C(O)[C@H](O)[C@H]2OC2=O)c1,"[""AT{'substrate': 'AHBA'}"", 'loading: True']",AT(hmal) + KR(B1) + DH,"[""AT{'substrate': 'hmal'}"", ""KR{'type': 'A1'}"", 'loading: False']","TE(cyclic, ring=0)",237.21
C=CC[C@H]1CC(=Cc2cc(N)cc(O)c2)OC1=O,"[""AT{'substrate': 'AHBA'}"", 'loading: True']",AT(hmal) + KR(B1) + DH,"[""AT{'substrate': 'allylmal'}"", ""KR{'type': 'B1'}"", 'DH{}', 'ER{}', 'loading: False']","TE(cyclic, ring=0)",245.28
CC[C@@H]1C(=O)O[C@H]1C(O)=Cc1cc(N)cc(O)c1,"[""AT{'substrate': 'AHBA'}"", 'loading: True']",AT(hmal) + KR(B1) + DH,"[""AT{'substrate': 'emal'}"", ""KR{'type': 'A2'}"", 'loading: False']","TE(cyclic, ring=0)",249.27
CC1=CC(=Cc2cc(N)cc(O)c2)OC1=O,"[""AT{'substrate': 'AHBA'}"", 'loading: True']",AT(hmal) + KR(B1) + DH,"[""AT{'substrate': 'Methylmalonyl-CoA'}"", ""KR{'type': 'B1'}"", 'DH{}', 'loading: False']","TE(cyclic, ring=0)",217.22
CC(C)[C@@H]1C(=O)O[C@H]1C(O)=Cc1cc(N)cc(O)c1,"[""AT{'substrate': 'AHBA'}"", 'loading: True']",AT(hmal) + KR(B1) + DH,"[""AT{'substrate': 'isobutmal'}"", ""KR{'type': 'A2'}"", 'loading: False']","TE(cyclic, ring=0)",263.29
Nc1cc(O)cc(C=C(O)[C@@H](O)[C@@H]2OC2=O)c1,"[""AT{'substrate': 'AHBA'}"", 'loading: True']",AT(hmal) + KR(B1) + DH,"[""AT{'substrate': 'hmal'}"", ""KR{'type': 'B2'}"", 'loading: False']","TE(cyclic, ring=0)",237.21
CCC1=CC(=Cc2cc(N)cc(O)c2)OC1=O,"[""AT{'substrate': 'AHBA'}"", 'loading: True']",AT(hmal) + KR(B1) + DH,"[""AT{'substrate': 'emal'}"", ""KR{'type': 'B1'}"", 'DH{}', 'loading: False']","TE(cyclic, ring=0)",231.25
CCCCC1=CC(=Cc2cc(N)cc(O)c2)OC1=O,"[""AT{'substrate': 'AHBA'}"", 'loading: True']",AT(hmal) + KR(B1) + DH,"[""AT{'substrate': 'butmal'}"", ""KR{'type': 'B1'}"", 'DH{}', 'loading: False']","TE(cyclic, ring=0)",259.31
C[C@@H]1C(=O)O[C@@H]1C(O)=Cc1cc(N)cc(O)c1,"[""AT{'substrate': 'AHBA'}"", 'loading: True']",AT(hmal) + KR(B1) + DH,"[""AT{'substrate': 'Methylmalonyl-CoA'}"", ""KR{'type': 'B2'}"", 'loading: False']","TE(cyclic, ring=0)",235.24
CCCCCC[C@H]1C(=O)O[C@H]1C(O)=Cc1cc(N)cc(O)c1,"[""AT{'substrate': 'AHBA'}"", 'loading: True']",AT(hmal) + KR(B1) + DH,"[""AT{'substrate': 'hexmal'}"", ""KR{'type': 'A1'}"", 'loading: False']","TE(cyclic, ring=0)",305.37
CCCC[C@H]1CC(=Cc2cc(N)cc(O)c2)OC1=O,"[""AT{'substrate': 'AHBA'}"", 'loading: True']",AT(hmal) + KR(B1) + DH,"[""AT{'substrate': 'butmal'}"", ""KR{'type': 'B1'}"", 'DH{}', 'ER{}', 'loading: False']","TE(cyclic, ring=0)",261.32
CC[C@H]1C(=O)O[C@H]1C(O)=Cc1cc(N)cc(O)c1,"[""AT{'substrate': 'AHBA'}"", 'loading: True']",AT(hmal) + KR(B1) + DH,"[""AT{'substrate': 'emal'}"", ""KR{'type': 'A1'}"", 'loading: False']","TE(cyclic, ring=0)",249.27
Nc1cc(O)cc(C=C2C=C(O)C(=O)O2)c1,"[""AT{'substrate': 'AHBA'}"", 'loading: True']",AT(hmal) + KR(B1) + DH,"[""AT{'substrate': 'hmal'}"", ""KR{'type': 'B1'}"", 'DH{}', 'loading: False']","TE(cyclic, ring=0)",219.2
CC(C)CC=C(O)[C@@H]1OC(=O)[C@H]1C,"[""AT{'substrate': 'isoval'}"", 'loading: True']",AT(hmal) + KR(B1) + DH,"[""AT{'substrate': 'Methylmalonyl-CoA'}"", ""KR{'type': 'A2'}"", 'loading: False']","TE(cyclic, ring=0)",184.23
CC(C)CC=C(O)C(=O)[C@H]1OC1=O,"[""AT{'substrate': 'isoval'}"", 'loading: True']",AT(hmal) + KR(B1) + DH,"[""AT{'substrate': 'hmal'}"", ""KR{'type': 'C1'}"", 'loading: False']","TE(cyclic, ring=0)",184.19
CC(C)CC=C1OC(=O)CC1=O,"[""AT{'substrate': 'isoval'}"", 'loading: True']",AT(hmal) + KR(B1) + DH,"[""AT{'substrate': 'Malonyl-CoA'}"", 'loading: False']","TE(cyclic, ring=0)",168.19
CC[C@H]1CC(=CCC(C)C)OC1=O,"[""AT{'substrate': 'isoval'}"", 'loading: True']",AT(hmal) + KR(B1) + DH,"[""AT{'substrate': 'emal'}"", ""KR{'type': 'B1'}"", 'DH{}', 'ER{}', 'loading: False']","TE(cyclic, ring=0)",182.26
CC(C)CC=C(O)[C@@H]1OC(=O)[C@@H]1C(C)C,"[""AT{'substrate': 'isoval'}"", 'loading: True']",AT(hmal) + KR(B1) + DH,"[""AT{'substrate': 'isobutmal'}"", ""KR{'type': 'A1'}"", 'loading: False']","TE(cyclic, ring=0)",212.29
CO[C@H]1C(=O)O[C@H]1C(O)=CCC(C)C,"[""AT{'substrate': 'isoval'}"", 'loading: True']",AT(hmal) + KR(B1) + DH,"[""AT{'substrate': 'mxmal'}"", ""KR{'type': 'A1'}"", 'loading: False']","TE(cyclic, ring=1)",200.23
C=CC[C@@H]1C(=O)O[C@@H]1C(O)=CCC(C)C,"[""AT{'substrate': 'isoval'}"", 'loading: True']",AT(hmal) + KR(B1) + DH,"[""AT{'substrate': 'allylmal'}"", ""KR{'type': 'B2'}"", 'loading: False']","TE(cyclic, ring=0)",210.27
CC(C)CC=C1OC(=O)[C@H](C)C1=O,"[""AT{'substrate': 'isoval'}"", 'loading: True']",AT(hmal) + KR(B1) + DH,"[""AT{'substrate': 'Methylmalonyl-CoA'}"", ""KR{'type': 'C1'}"", 'loading: False']","TE(cyclic, ring=0)",182.22
CC(C)CC=C(O)[C@H]1OC(=O)[C@H]1CCCCc1c[nH]c(Cl)c1Cl,"[""AT{'substrate': 'isoval'}"", 'loading: True']",AT(hmal) + KR(B1) + DH,"[""AT{'substrate': 'DCP'}"", ""KR{'type': 'B2'}"", 'loading: False']","TE(cyclic, ring=0)",360.28
CC(C)CC=C(O)[C@H]1OC(=O)[C@H]1C(C)C,"[""AT{'substrate': 'isoval'}"", 'loading: True']",AT(hmal) + KR(B1) + DH,"[""AT{'substrate': 'isobutmal'}"", ""KR{'type': 'B2'}"", 'loading: False']","TE(cyclic, ring=0)",212.29
CO[C@@H]1C(=O)O[C@H]1C(O)=CCC(C)C,"[""AT{'substrate': 'isoval'}"", 'loading: True']",AT(hmal) + KR(B1) + DH,"[""AT{'substrate': 'mxmal'}"", ""KR{'type': 'A2'}"", 'loading: False']","TE(cyclic, ring=1)",200.23
C=CC[C@@H]1C(=O)O[C@H]1C(O)=CCC(C)C,"[""AT{'substrate': 'isoval'}"", 'loading: True']",AT(hmal) + KR(B1) + DH,"[""AT{'substrate': 'allylmal'}"", ""KR{'type': 'A2'}"", 'loading: False']","TE(cyclic, ring=0)",210.27
CC(C)CC=C(O)[C@@H]1OC(=O)[C@H]1CCCCc1c[nH]c(Cl)c1Cl,"[""AT{'substrate': 'isoval'}"", 'loading: True']",AT(hmal) + KR(B1) + DH,"[""AT{'substrate': 'DCP'}"", ""KR{'type': 'A2'}"", 'loading: False']","TE(cyclic, ring=0)",360.28
CC(C)CC=C1OC(=O)[C@@H](C(C)C)C1=O,"[""AT{'substrate': 'isoval'}"", 'loading: True']",AT(hmal) + KR(B1) + DH,"[""AT{'substrate': 'D-isobutmal'}"", ""KR{'type': 'C2'}"", 'loading: False']","TE(cyclic, ring=0)",210.27
CC(C)CC=C(O)[C@@H]1CC(=O)O1,"[""AT{'substrate': 'isoval'}"", 'loading: True']",AT(hmal) + KR(B1) + DH,"[""AT{'substrate': 'Malonyl-CoA'}"", ""KR{'type': 'B'}"", 'loading: False']","TE(cyclic, ring=0)",170.21
CO[C@@H]1C(=O)OC(=CCC(C)C)C1=O,"[""AT{'substrate': 'isoval'}"", 'loading: True']",AT(hmal) + KR(B1) + DH,"[""AT{'substrate': 'mxmal'}"", ""KR{'type': 'C2'}"", 'loading: False']","TE(cyclic, ring=1)",198.22
CC[C@H]1C(=O)OC(=CCC(C)C)C1=O,"[""AT{'substrate': 'isoval'}"", 'loading: True']",AT(hmal) + KR(B1) + DH,"[""AT{'substrate': 'emal'}"", ""KR{'type': 'C1'}"", 'loading: False']","TE(cyclic, ring=0)",196.25
CC(C)CC=C1OC(=O)C(CCCCc2c[nH]c(Cl)c2Cl)C1=O,"[""AT{'substrate': 'isoval'}"", 'loading: True']",AT(hmal) + KR(B1) + DH,"[""AT{'substrate': 'DCP'}"", 'loading: False']","TE(cyclic, ring=0)",358.27
CCCC[C@@H]1C(=O)OC(=CCC(C)C)C1=O,"[""AT{'substrate': 'isoval'}"", 'loading: True']",AT(hmal) + KR(B1) + DH,"[""AT{'substrate': 'butmal'}"", 'loading: False']","TE(cyclic, ring=0)",224.3
CC(C)CC=C1OC(=O)[C@H](CCCCc2c[nH]c(Cl)c2Cl)C1=O,"[""AT{'substrate': 'isoval'}"", 'loading: True']",AT(hmal) + KR(B1) + DH,"[""AT{'substrate': 'DCP'}"", ""KR{'type': 'C1'}"", 'loading: False']","TE(cyclic, ring=0)",358.27
CCCCCC[C@H]1CC(=CCC(C)C)OC1=O,"[""AT{'substrate': 'isoval'}"", 'loading: True']",AT(hmal) + KR(B1) + DH,"[""AT{'substrate': 'hexmal'}"", ""KR{'type': 'B1'}"", 'DH{}', 'ER{}', 'loading: False']","TE(cyclic, ring=0)",238.37
CC(C)CC=C(O)C(=O)[C@@H]1OC1=O,"[""AT{'substrate': 'isoval'}"", 'loading: True']",AT(hmal) + KR(B1) + DH,"[""AT{'substrate': 'hmal'}"", ""KR{'type': 'C2'}"", 'loading: False']","TE(cyclic, ring=0)",184.19
CCCC[C@H]1C(=O)O[C@H]1C(O)=CCC(C)C,"[""AT{'substrate': 'isoval'}"", 'loading: True']",AT(hmal) + KR(B1) + DH,"[""AT{'substrate': 'butmal'}"", ""KR{'type': 'A1'}"", 'loading: False']","TE(cyclic, ring=0)",226.32
CC(C)CC=C1OC(=O)[C@H](C(C)C)C1=O,"[""AT{'substrate': 'isoval'}"", 'loading: True']",AT(hmal) + KR(B1) + DH,"[""AT{'substrate': 'isobutmal'}"", ""KR{'type': 'C1'}"", 'loading: False']","TE(cyclic, ring=0)",210.27
CO[C@H]1CC(=CCC(C)C)OC1=O,"[""AT{'substrate': 'isoval'}"", 'loading: True']",AT(hmal) + KR(B1) + DH,"[""AT{'substrate': 'mxmal'}"", ""KR{'type': 'B1'}"", 'DH{}', 'ER{}', 'loading: False']","TE(cyclic, ring=1)",184.23
CC(C)CC=C1C[C@H](CCCCc2c[nH]c(Cl)c2Cl)C(=O)O1,"[""AT{'substrate': 'isoval'}"", 'loading: True']",AT(hmal) + KR(B1) + DH,"[""AT{'substrate': 'DCP'}"", ""KR{'type': 'B1'}"", 'DH{}', 'ER{}', 'loading: False']","TE(cyclic, ring=0)",344.28
CCCCCC[C@@H]1C(=O)O[C@@H]1C(O)=CCC(C)C,"[""AT{'substrate': 'isoval'}"", 'loading: True']",AT(hmal) + KR(B1) + DH,"[""AT{'substrate': 'hexmal'}"", ""KR{'type': 'B2'}"", 'loading: False']","TE(cyclic, ring=0)",254.37
CC[C@@H]1C(=O)O[C@@H]1C(O)=CCC(C)C,"[""AT{'substrate': 'isoval'}"", 'loading: True']",AT(hmal) + KR(B1) + DH,"[""AT{'substrate': 'emal'}"", ""KR{'type': 'B2'}"", 'loading: False']","TE(cyclic, ring=0)",198.26
CC(C)CC=C1C[C@H](C)C(=O)O1,"[""AT{'substrate': 'isoval'}"", 'loading: True']",AT(hmal) + KR(B1) + DH,"[""AT{'substrate': 'Methylmalonyl-CoA'}"", ""KR{'type': 'B1'}"", 'DH{}', 'ER{}', 'loading: False']","TE(cyclic, ring=0)",168.24
CCCC[C@@H]1C(=O)O[C@H]1C(O)=CCC(C)C,"[""AT{'substrate': 'isoval'}"", 'loading: True']",AT(hmal) + KR(B1) + DH,"[""AT{'substrate': 'butmal'}"", ""KR{'type': 'A2'}"", 'loading: False']","TE(cyclic, ring=0)",226.32
CC(C)CC=C(O)[C@@H](O)[C@H]1OC1=O,"[""AT{'substrate': 'isoval'}"", 'loading: True']",AT(hmal) + KR(B1) + DH,"[""AT{'substrate': 'hmal'}"", ""KR{'type': 'B1'}"", 'loading: False']","TE(cyclic, ring=0)",186.21
CC(C)CC=C(O)[C@H]1OC(=O)[C@@H]1C(C)C,"[""AT{'substrate': 'isoval'}"", 'loading: True']",AT(hmal) + KR(B1) + DH,"[""AT{'substrate': 'D-isobutmal'}"", ""KR{'type': 'B1'}"", 'loading: False']","TE(cyclic, ring=0)",212.29
COC1=CC(=CCC(C)C)OC1=O,"[""AT{'substrate': 'isoval'}"", 'loading: True']",AT(hmal) + KR(B1) + DH,"[""AT{'substrate': 'mxmal'}"", ""KR{'type': 'B1'}"", 'DH{}', 'loading: False']","TE(cyclic, ring=0)",182.22
CC(C)CC=C(O)[C@H]1CC(=O)O1,"[""AT{'substrate': 'isoval'}"", 'loading: True']",AT(hmal) + KR(B1) + DH,"[""AT{'substrate': 'Malonyl-CoA'}"", ""KR{'type': 'A'}"", 'loading: False']","TE(cyclic, ring=0)",170.21
CCCCCC[C@@H]1C(=O)O[C@H]1C(O)=CCC(C)C,"[""AT{'substrate': 'isoval'}"", 'loading: True']",AT(hmal) + KR(B1) + DH,"[""AT{'substrate': 'hexmal'}"", ""KR{'type': 'A2'}"", 'loading: False']","TE(cyclic, ring=0)",254.37
CC(C)CC=C1OC(=O)[C@@H](C)C1=O,"[""AT{'substrate': 'isoval'}"", 'loading: True']",AT(hmal) + KR(B1) + DH,"[""AT{'substrate': 'Methylmalonyl-CoA'}"", 'loading: False']","TE(cyclic, ring=0)",182.22
CO[C@@H]1C(=O)O[C@@H]1C(O)=CCC(C)C,"[""AT{'substrate': 'isoval'}"", 'loading: True']",AT(hmal) + KR(B1) + DH,"[""AT{'substrate': 'mxmal'}"", ""KR{'type': 'B2'}"", 'loading: False']","TE(cyclic, ring=1)",200.23
CC(C)CC=C(O)[C@H]1OC(=O)[C@@H]1C,"[""AT{'substrate': 'isoval'}"", 'loading: True']",AT(hmal) + KR(B1) + DH,"[""AT{'substrate': 'Methylmalonyl-CoA'}"", ""KR{'type': 'B1'}"", 'loading: False']","TE(cyclic, ring=0)",184.23
CC[C@@H]1C(=O)OC(=CCC(C)C)C1=O,"[""AT{'substrate': 'isoval'}"", 'loading: True']",AT(hmal) + KR(B1) + DH,"[""AT{'substrate': 'emal'}"", ""KR{'type': 'C2'}"", 'loading: False']","TE(cyclic, ring=0)",196.25
CCCCCCC1=CC(=CCC(C)C)OC1=O,"[""AT{'substrate': 'isoval'}"", 'loading: True']",AT(hmal) + KR(B1) + DH,"[""AT{'substrate': 'hexmal'}"", ""KR{'type': 'B1'}"", 'DH{}', 'loading: False']","TE(cyclic, ring=0)",236.35
CCCCCC[C@@H]1C(=O)OC(=CCC(C)C)C1=O,"[""AT{'substrate': 'isoval'}"", 'loading: True']",AT(hmal) + KR(B1) + DH,"[""AT{'substrate': 'hexmal'}"", 'loading: False']","TE(cyclic, ring=0)",252.35
CC[C@H]1C(=O)O[C@@H]1C(O)=CCC(C)C,"[""AT{'substrate': 'isoval'}"", 'loading: True']",AT(hmal) + KR(B1) + DH,"[""AT{'substrate': 'emal'}"", ""KR{'type': 'B1'}"", 'loading: False']","TE(cyclic, ring=0)",198.26
C=CC[C@H]1C(=O)O[C@@H]1C(O)=CCC(C)C,"[""AT{'substrate': 'isoval'}"", 'loading: True']",AT(hmal) + KR(B1) + DH,"[""AT{'substrate': 'allylmal'}"", ""KR{'type': 'B1'}"", 'loading: False']","TE(cyclic, ring=0)",210.27
CO[C@H]1C(=O)OC(=CCC(C)C)C1=O,"[""AT{'substrate': 'isoval'}"", 'loading: True']",AT(hmal) + KR(B1) + DH,"[""AT{'substrate': 'mxmal'}"", ""KR{'type': 'C1'}"", 'loading: False']","TE(cyclic, ring=1)",198.22
C=CC[C@H]1C(=O)OC(=CCC(C)C)C1=O,"[""AT{'substrate': 'isoval'}"", 'loading: True']",AT(hmal) + KR(B1) + DH,"[""AT{'substrate': 'allylmal'}"", ""KR{'type': 'C1'}"", 'loading: False']","TE(cyclic, ring=0)",208.26
C=CCC1=CC(=CCC(C)C)OC1=O,"[""AT{'substrate': 'isoval'}"", 'loading: True']",AT(hmal) + KR(B1) + DH,"[""AT{'substrate': 'allylmal'}"", ""KR{'type': 'B1'}"", 'DH{}', 'loading: False']","TE(cyclic, ring=0)",192.26
CC(C)CC=C1C=C(CCCCc2c[nH]c(Cl)c2Cl)C(=O)O1,"[""AT{'substrate': 'isoval'}"", 'loading: True']",AT(hmal) + KR(B1) + DH,"[""AT{'substrate': 'DCP'}"", ""KR{'type': 'B1'}"", 'DH{}', 'loading: False']","TE(cyclic, ring=0)",342.27
CC(C)CC=C(O)[C@H]1OC(=O)[C@@H]1CCCCc1c[nH]c(Cl)c1Cl,"[""AT{'substrate': 'isoval'}"", 'loading: True']",AT(hmal) + KR(B1) + DH,"[""AT{'substrate': 'DCP'}"", ""KR{'type': 'B1'}"", 'loading: False']","TE(cyclic, ring=0)",360.28
CCCC[C@@H]1C(=O)O[C@@H]1C(O)=CCC(C)C,"[""AT{'substrate': 'isoval'}"", 'loading: True']",AT(hmal) + KR(B1) + DH,"[""AT{'substrate': 'butmal'}"", ""KR{'type': 'B2'}"", 'loading: False']","TE(cyclic, ring=0)",226.32
CO[C@H]1C(=O)O[C@@H]1C(O)=CCC(C)C,"[""AT{'substrate': 'isoval'}"", 'loading: True']",AT(hmal) + KR(B1) + DH,"[""AT{'substrate': 'mxmal'}"", ""KR{'type': 'B1'}"", 'loading: False']","TE(cyclic, ring=1)",200.23
CC(C)CC=C(O)C[C@@H]1OC1=O,"[""AT{'substrate': 'isoval'}"", 'loading: True']",AT(hmal) + KR(B1) + DH,"[""AT{'substrate': 'hmal'}"", ""KR{'type': 'B1'}"", 'DH{}', 'ER{}', 'loading: False']","TE(cyclic, ring=0)",170.21
CCCC[C@H]1C(=O)OC(=CCC(C)C)C1=O,"[""AT{'substrate': 'isoval'}"", 'loading: True']",AT(hmal) + KR(B1) + DH,"[""AT{'substrate': 'butmal'}"", ""KR{'type': 'C1'}"", 'loading: False']","TE(cyclic, ring=0)",224.3
CC(C)CC=C1C[C@H](C(C)C)C(=O)O1,"[""AT{'substrate': 'isoval'}"", 'loading: True']",AT(hmal) + KR(B1) + DH,"[""AT{'substrate': 'D-isobutmal'}"", ""KR{'type': 'B1'}"", 'DH{}', 'ER{}', 'loading: False']","TE(cyclic, ring=0)",196.29
CCCCCC[C@H]1C(=O)OC(=CCC(C)C)C1=O,"[""AT{'substrate': 'isoval'}"", 'loading: True']",AT(hmal) + KR(B1) + DH,"[""AT{'substrate': 'hexmal'}"", ""KR{'type': 'C1'}"", 'loading: False']","TE(cyclic, ring=0)",252.35
CC(C)CC=C(O)[C@@H]1OC(=O)[C@@H]1C,"[""AT{'substrate': 'isoval'}"", 'loading: True']",AT(hmal) + KR(B1) + DH,"[""AT{'substrate': 'Methylmalonyl-CoA'}"", ""KR{'type': 'A1'}"", 'loading: False']","TE(cyclic, ring=0)",184.23
C=CC[C@@H]1C(=O)OC(=CCC(C)C)C1=O,"[""AT{'substrate': 'isoval'}"", 'loading: True']",AT(hmal) + KR(B1) + DH,"[""AT{'substrate': 'allylmal'}"", ""KR{'type': 'C2'}"", 'loading: False']","TE(cyclic, ring=0)",208.26
CC(C)CC=C(O)[C@H](O)[C@@H]1OC1=O,"[""AT{'substrate': 'isoval'}"", 'loading: True']",AT(hmal) + KR(B1) + DH,"[""AT{'substrate': 'hmal'}"", ""KR{'type': 'A2'}"", 'loading: False']","TE(cyclic, ring=0)",186.21
CCCC[C@H]1C(=O)O[C@@H]1C(O)=CCC(C)C,"[""AT{'substrate': 'isoval'}"", 'loading: True']",AT(hmal) + KR(B1) + DH,"[""AT{'substrate': 'butmal'}"", ""KR{'type': 'B1'}"", 'loading: False']","TE(cyclic, ring=0)",226.32
CC(C)CC=C1OC(=O)[C@@H](CCCCc2c[nH]c(Cl)c2Cl)C1=O,"[""AT{'substrate': 'isoval'}"", 'loading: True']",AT(hmal) + KR(B1) + DH,"[""AT{'substrate': 'DCP'}"", ""KR{'type': 'C2'}"", 'loading: False']","TE(cyclic, ring=0)",358.27
CCCCCC[C@H]1C(=O)O[C@@H]1C(O)=CCC(C)C,"[""AT{'substrate': 'isoval'}"", 'loading: True']",AT(hmal) + KR(B1) + DH,"[""AT{'substrate': 'hexmal'}"", ""KR{'type': 'B1'}"", 'loading: False']","TE(cyclic, ring=0)",254.37
CC(C)CC=C(O)C(=O)C1OC1=O,"[""AT{'substrate': 'isoval'}"", 'loading: True']",AT(hmal) + KR(B1) + DH,"[""AT{'substrate': 'hmal'}"", 'loading: False']","TE(cyclic, ring=0)",184.19
CC(C)CC=C1CCC(=O)O1,"[""AT{'substrate': 'isoval'}"", 'loading: True']",AT(hmal) + KR(B1) + DH,"[""AT{'substrate': 'Malonyl-CoA'}"", ""KR{'type': 'B'}"", 'DH{}', 'ER{}', 'loading: False']","TE(cyclic, ring=0)",154.21
C=CC[C@H]1C(=O)O[C@H]1C(O)=CCC(C)C,"[""AT{'substrate': 'isoval'}"", 'loading: True']",AT(hmal) + KR(B1) + DH,"[""AT{'substrate': 'allylmal'}"", ""KR{'type': 'A1'}"", 'loading: False']","TE(cyclic, ring=0)",210.27
CC(C)CC=C(O)[C@@H]1OC(=O)[C@@H]1CCCCc1c[nH]c(Cl)c1Cl,"[""AT{'substrate': 'isoval'}"", 'loading: True']",AT(hmal) + KR(B1) + DH,"[""AT{'substrate': 'DCP'}"", ""KR{'type': 'A1'}"", 'loading: False']","TE(cyclic, ring=0)",360.28
CC(C)CC=C1C=CC(=O)O1,"[""AT{'substrate': 'isoval'}"", 'loading: True']",AT(hmal) + KR(B1) + DH,"[""AT{'substrate': 'Malonyl-CoA'}"", ""KR{'type': 'B'}"", 'DH{}', 'loading: False']","TE(cyclic, ring=0)",152.19
CC(C)CC=C1C=C(C(C)C)C(=O)O1,"[""AT{'substrate': 'isoval'}"", 'loading: True']",AT(hmal) + KR(B1) + DH,"[""AT{'substrate': 'D-isobutmal'}"", ""KR{'type': 'B1'}"", 'DH{}', 'loading: False']","TE(cyclic, ring=0)",194.27
CC(C)CC=C(O)[C@H](O)[C@H]1OC1=O,"[""AT{'substrate': 'isoval'}"", 'loading: True']",AT(hmal) + KR(B1) + DH,"[""AT{'substrate': 'hmal'}"", ""KR{'type': 'A1'}"", 'loading: False']","TE(cyclic, ring=0)",186.21
C=CC[C@H]1CC(=CCC(C)C)OC1=O,"[""AT{'substrate': 'isoval'}"", 'loading: True']",AT(hmal) + KR(B1) + DH,"[""AT{'substrate': 'allylmal'}"", ""KR{'type': 'B1'}"", 'DH{}', 'ER{}', 'loading: False']","TE(cyclic, ring=0)",194.27
CC[C@@H]1C(=O)O[C@H]1C(O)=CCC(C)C,"[""AT{'substrate': 'isoval'}"", 'loading: True']",AT(hmal) + KR(B1) + DH,"[""AT{'substrate': 'emal'}"", ""KR{'type': 'A2'}"", 'loading: False']","TE(cyclic, ring=0)",198.26
CC1=CC(=CCC(C)C)OC1=O,"[""AT{'substrate': 'isoval'}"", 'loading: True']",AT(hmal) + KR(B1) + DH,"[""AT{'substrate': 'Methylmalonyl-CoA'}"", ""KR{'type': 'B1'}"", 'DH{}', 'loading: False']","TE(cyclic, ring=0)",166.22
CC(C)CC=C(O)[C@@H]1OC(=O)[C@H]1C(C)C,"[""AT{'substrate': 'isoval'}"", 'loading: True']",AT(hmal) + KR(B1) + DH,"[""AT{'substrate': 'isobutmal'}"", ""KR{'type': 'A2'}"", 'loading: False']","TE(cyclic, ring=0)",212.29
CC(C)CC=C(O)[C@@H](O)[C@@H]1OC1=O,"[""AT{'substrate': 'isoval'}"", 'loading: True']",AT(hmal) + KR(B1) + DH,"[""AT{'substrate': 'hmal'}"", ""KR{'type': 'B2'}"", 'loading: False']","TE(cyclic, ring=0)",186.21
CCC1=CC(=CCC(C)C)OC1=O,"[""AT{'substrate': 'isoval'}"", 'loading: True']",AT(hmal) + KR(B1) + DH,"[""AT{'substrate': 'emal'}"", ""KR{'type': 'B1'}"", 'DH{}', 'loading: False']","TE(cyclic, ring=0)",180.25
CCCCC1=CC(=CCC(C)C)OC1=O,"[""AT{'substrate': 'isoval'}"", 'loading: True']",AT(hmal) + KR(B1) + DH,"[""AT{'substrate': 'butmal'}"", ""KR{'type': 'B1'}"", 'DH{}', 'loading: False']","TE(cyclic, ring=0)",208.3
CC(C)CC=C(O)[C@H]1OC(=O)[C@H]1C,"[""AT{'substrate': 'isoval'}"", 'loading: True']",AT(hmal) + KR(B1) + DH,"[""AT{'substrate': 'Methylmalonyl-CoA'}"", ""KR{'type': 'B2'}"", 'loading: False']","TE(cyclic, ring=0)",184.23
CCCCCC[C@H]1C(=O)O[C@H]1C(O)=CCC(C)C,"[""AT{'substrate': 'isoval'}"", 'loading: True']",AT(hmal) + KR(B1) + DH,"[""AT{'substrate': 'hexmal'}"", ""KR{'type': 'A1'}"", 'loading: False']","TE(cyclic, ring=0)",254.37
CCCC[C@H]1CC(=CCC(C)C)OC1=O,"[""AT{'substrate': 'isoval'}"", 'loading: True']",AT(hmal) + KR(B1) + DH,"[""AT{'substrate': 'butmal'}"", ""KR{'type': 'B1'}"", 'DH{}', 'ER{}', 'loading: False']","TE(cyclic, ring=0)",210.32
CC[C@H]1C(=O)O[C@H]1C(O)=CCC(C)C,"[""AT{'substrate': 'isoval'}"", 'loading: True']",AT(hmal) + KR(B1) + DH,"[""AT{'substrate': 'emal'}"", ""KR{'type': 'A1'}"", 'loading: False']","TE(cyclic, ring=0)",198.26
CC(C)CC=C1C=C(O)C(=O)O1,"[""AT{'substrate': 'isoval'}"", 'loading: True']",AT(hmal) + KR(B1) + DH,"[""AT{'substrate': 'hmal'}"", ""KR{'type': 'B1'}"", 'DH{}', 'loading: False']","TE(cyclic, ring=0)",168.19
C[C@@H]1C(=O)O[C@H]1C(O)=Cc1ccc(N)cc1,"[""AT{'substrate': 'PABA'}"", 'loading: True']",AT(hmal) + KR(B1) + DH,"[""AT{'substrate': 'Methylmalonyl-CoA'}"", ""KR{'type': 'A2'}"", 'loading: False']","TE(cyclic, ring=0)",219.24
Nc1ccc(C=C(O)C(=O)[C@H]2OC2=O)cc1,"[""AT{'substrate': 'PABA'}"", 'loading: True']",AT(hmal) + KR(B1) + DH,"[""AT{'substrate': 'hmal'}"", ""KR{'type': 'C1'}"", 'loading: False']","TE(cyclic, ring=0)",219.2
Nc1ccc(C=C2OC(=O)CC2=O)cc1,"[""AT{'substrate': 'PABA'}"", 'loading: True']",AT(hmal) + KR(B1) + DH,"[""AT{'substrate': 'Malonyl-CoA'}"", 'loading: False']","TE(cyclic, ring=0)",203.2
CC[C@H]1CC(=Cc2ccc(N)cc2)OC1=O,"[""AT{'substrate': 'PABA'}"", 'loading: True']",AT(hmal) + KR(B1) + DH,"[""AT{'substrate': 'emal'}"", ""KR{'type': 'B1'}"", 'DH{}', 'ER{}', 'loading: False']","TE(cyclic, ring=0)",217.27
CC(C)[C@H]1C(=O)O[C@H]1C(O)=Cc1ccc(N)cc1,"[""AT{'substrate': 'PABA'}"", 'loading: True']",AT(hmal) + KR(B1) + DH,"[""AT{'substrate': 'isobutmal'}"", ""KR{'type': 'A1'}"", 'loading: False']","TE(cyclic, ring=0)",247.29
CO[C@H]1C(=O)O[C@H]1C(O)=Cc1ccc(N)cc1,"[""AT{'substrate': 'PABA'}"", 'loading: True']",AT(hmal) + KR(B1) + DH,"[""AT{'substrate': 'mxmal'}"", ""KR{'type': 'A1'}"", 'loading: False']","TE(cyclic, ring=1)",235.24
C=CC[C@@H]1C(=O)O[C@@H]1C(O)=Cc1ccc(N)cc1,"[""AT{'substrate': 'PABA'}"", 'loading: True']",AT(hmal) + KR(B1) + DH,"[""AT{'substrate': 'allylmal'}"", ""KR{'type': 'B2'}"", 'loading: False']","TE(cyclic, ring=0)",245.28
C[C@H]1C(=O)OC(=Cc2ccc(N)cc2)C1=O,"[""AT{'substrate': 'PABA'}"", 'loading: True']",AT(hmal) + KR(B1) + DH,"[""AT{'substrate': 'Methylmalonyl-CoA'}"", ""KR{'type': 'C1'}"", 'loading: False']","TE(cyclic, ring=0)",217.22
Nc1ccc(C=C(O)[C@H]2OC(=O)[C@H]2CCCCc2c[nH]c(Cl)c2Cl)cc1,"[""AT{'substrate': 'PABA'}"", 'loading: True']",AT(hmal) + KR(B1) + DH,"[""AT{'substrate': 'DCP'}"", ""KR{'type': 'B2'}"", 'loading: False']","TE(cyclic, ring=0)",395.29
CC(C)[C@@H]1C(=O)O[C@@H]1C(O)=Cc1ccc(N)cc1,"[""AT{'substrate': 'PABA'}"", 'loading: True']",AT(hmal) + KR(B1) + DH,"[""AT{'substrate': 'isobutmal'}"", ""KR{'type': 'B2'}"", 'loading: False']","TE(cyclic, ring=0)",247.29
CO[C@@H]1C(=O)O[C@H]1C(O)=Cc1ccc(N)cc1,"[""AT{'substrate': 'PABA'}"", 'loading: True']",AT(hmal) + KR(B1) + DH,"[""AT{'substrate': 'mxmal'}"", ""KR{'type': 'A2'}"", 'loading: False']","TE(cyclic, ring=1)",235.24
C=CC[C@@H]1C(=O)O[C@H]1C(O)=Cc1ccc(N)cc1,"[""AT{'substrate': 'PABA'}"", 'loading: True']",AT(hmal) + KR(B1) + DH,"[""AT{'substrate': 'allylmal'}"", ""KR{'type': 'A2'}"", 'loading: False']","TE(cyclic, ring=0)",245.28
Nc1ccc(C=C(O)[C@@H]2OC(=O)[C@H]2CCCCc2c[nH]c(Cl)c2Cl)cc1,"[""AT{'substrate': 'PABA'}"", 'loading: True']",AT(hmal) + KR(B1) + DH,"[""AT{'substrate': 'DCP'}"", ""KR{'type': 'A2'}"", 'loading: False']","TE(cyclic, ring=0)",395.29
CC(C)[C@@H]1C(=O)OC(=Cc2ccc(N)cc2)C1=O,"[""AT{'substrate': 'PABA'}"", 'loading: True']",AT(hmal) + KR(B1) + DH,"[""AT{'substrate': 'D-isobutmal'}"", ""KR{'type': 'C2'}"", 'loading: False']","TE(cyclic, ring=0)",245.28
Nc1ccc(C=C(O)[C@@H]2CC(=O)O2)cc1,"[""AT{'substrate': 'PABA'}"", 'loading: True']",AT(hmal) + KR(B1) + DH,"[""AT{'substrate': 'Malonyl-CoA'}"", ""KR{'type': 'B'}"", 'loading: False']","TE(cyclic, ring=0)",205.21
CO[C@@H]1C(=O)OC(=Cc2ccc(N)cc2)C1=O,"[""AT{'substrate': 'PABA'}"", 'loading: True']",AT(hmal) + KR(B1) + DH,"[""AT{'substrate': 'mxmal'}"", ""KR{'type': 'C2'}"", 'loading: False']","TE(cyclic, ring=1)",233.22
CC[C@H]1C(=O)OC(=Cc2ccc(N)cc2)C1=O,"[""AT{'substrate': 'PABA'}"", 'loading: True']",AT(hmal) + KR(B1) + DH,"[""AT{'substrate': 'emal'}"", ""KR{'type': 'C1'}"", 'loading: False']","TE(cyclic, ring=0)",231.25
Nc1ccc(C=C2OC(=O)C(CCCCc3c[nH]c(Cl)c3Cl)C2=O)cc1,"[""AT{'substrate': 'PABA'}"", 'loading: True']",AT(hmal) + KR(B1) + DH,"[""AT{'substrate': 'DCP'}"", 'loading: False']","TE(cyclic, ring=0)",393.27
CCCC[C@@H]1C(=O)OC(=Cc2ccc(N)cc2)C1=O,"[""AT{'substrate': 'PABA'}"", 'loading: True']",AT(hmal) + KR(B1) + DH,"[""AT{'substrate': 'butmal'}"", 'loading: False']","TE(cyclic, ring=0)",259.31
Nc1ccc(C=C2OC(=O)[C@H](CCCCc3c[nH]c(Cl)c3Cl)C2=O)cc1,"[""AT{'substrate': 'PABA'}"", 'loading: True']",AT(hmal) + KR(B1) + DH,"[""AT{'substrate': 'DCP'}"", ""KR{'type': 'C1'}"", 'loading: False']","TE(cyclic, ring=0)",393.27
CCCCCC[C@H]1CC(=Cc2ccc(N)cc2)OC1=O,"[""AT{'substrate': 'PABA'}"", 'loading: True']",AT(hmal) + KR(B1) + DH,"[""AT{'substrate': 'hexmal'}"", ""KR{'type': 'B1'}"", 'DH{}', 'ER{}', 'loading: False']","TE(cyclic, ring=0)",273.38
Nc1ccc(C=C(O)C(=O)[C@@H]2OC2=O)cc1,"[""AT{'substrate': 'PABA'}"", 'loading: True']",AT(hmal) + KR(B1) + DH,"[""AT{'substrate': 'hmal'}"", ""KR{'type': 'C2'}"", 'loading: False']","TE(cyclic, ring=0)",219.2
CCCC[C@H]1C(=O)O[C@H]1C(O)=Cc1ccc(N)cc1,"[""AT{'substrate': 'PABA'}"", 'loading: True']",AT(hmal) + KR(B1) + DH,"[""AT{'substrate': 'butmal'}"", ""KR{'type': 'A1'}"", 'loading: False']","TE(cyclic, ring=0)",261.32
CC(C)[C@H]1C(=O)OC(=Cc2ccc(N)cc2)C1=O,"[""AT{'substrate': 'PABA'}"", 'loading: True']",AT(hmal) + KR(B1) + DH,"[""AT{'substrate': 'isobutmal'}"", ""KR{'type': 'C1'}"", 'loading: False']","TE(cyclic, ring=0)",245.28
CO[C@H]1CC(=Cc2ccc(N)cc2)OC1=O,"[""AT{'substrate': 'PABA'}"", 'loading: True']",AT(hmal) + KR(B1) + DH,"[""AT{'substrate': 'mxmal'}"", ""KR{'type': 'B1'}"", 'DH{}', 'ER{}', 'loading: False']","TE(cyclic, ring=1)",219.24
Nc1ccc(C=C2C[C@H](CCCCc3c[nH]c(Cl)c3Cl)C(=O)O2)cc1,"[""AT{'substrate': 'PABA'}"", 'loading: True']",AT(hmal) + KR(B1) + DH,"[""AT{'substrate': 'DCP'}"", ""KR{'type': 'B1'}"", 'DH{}', 'ER{}', 'loading: False']","TE(cyclic, ring=0)",379.29
CCCCCC[C@@H]1C(=O)O[C@@H]1C(O)=Cc1ccc(N)cc1,"[""AT{'substrate': 'PABA'}"", 'loading: True']",AT(hmal) + KR(B1) + DH,"[""AT{'substrate': 'hexmal'}"", ""KR{'type': 'B2'}"", 'loading: False']","TE(cyclic, ring=0)",289.38
CC[C@@H]1C(=O)O[C@@H]1C(O)=Cc1ccc(N)cc1,"[""AT{'substrate': 'PABA'}"", 'loading: True']",AT(hmal) + KR(B1) + DH,"[""AT{'substrate': 'emal'}"", ""KR{'type': 'B2'}"", 'loading: False']","TE(cyclic, ring=0)",233.27
C[C@H]1CC(=Cc2ccc(N)cc2)OC1=O,"[""AT{'substrate': 'PABA'}"", 'loading: True']",AT(hmal) + KR(B1) + DH,"[""AT{'substrate': 'Methylmalonyl-CoA'}"", ""KR{'type': 'B1'}"", 'DH{}', 'ER{}', 'loading: False']","TE(cyclic, ring=0)",203.24
CCCC[C@@H]1C(=O)O[C@H]1C(O)=Cc1ccc(N)cc1,"[""AT{'substrate': 'PABA'}"", 'loading: True']",AT(hmal) + KR(B1) + DH,"[""AT{'substrate': 'butmal'}"", ""KR{'type': 'A2'}"", 'loading: False']","TE(cyclic, ring=0)",261.32
Nc1ccc(C=C(O)[C@@H](O)[C@H]2OC2=O)cc1,"[""AT{'substrate': 'PABA'}"", 'loading: True']",AT(hmal) + KR(B1) + DH,"[""AT{'substrate': 'hmal'}"", ""KR{'type': 'B1'}"", 'loading: False']","TE(cyclic, ring=0)",221.21
CC(C)[C@H]1C(=O)O[C@@H]1C(O)=Cc1ccc(N)cc1,"[""AT{'substrate': 'PABA'}"", 'loading: True']",AT(hmal) + KR(B1) + DH,"[""AT{'substrate': 'D-isobutmal'}"", ""KR{'type': 'B1'}"", 'loading: False']","TE(cyclic, ring=0)",247.29
COC1=CC(=Cc2ccc(N)cc2)OC1=O,"[""AT{'substrate': 'PABA'}"", 'loading: True']",AT(hmal) + KR(B1) + DH,"[""AT{'substrate': 'mxmal'}"", ""KR{'type': 'B1'}"", 'DH{}', 'loading: False']","TE(cyclic, ring=0)",217.22
Nc1ccc(C=C(O)[C@H]2CC(=O)O2)cc1,"[""AT{'substrate': 'PABA'}"", 'loading: True']",AT(hmal) + KR(B1) + DH,"[""AT{'substrate': 'Malonyl-CoA'}"", ""KR{'type': 'A'}"", 'loading: False']","TE(cyclic, ring=0)",205.21
CCCCCC[C@@H]1C(=O)O[C@H]1C(O)=Cc1ccc(N)cc1,"[""AT{'substrate': 'PABA'}"", 'loading: True']",AT(hmal) + KR(B1) + DH,"[""AT{'substrate': 'hexmal'}"", ""KR{'type': 'A2'}"", 'loading: False']","TE(cyclic, ring=0)",289.38
C[C@@H]1C(=O)OC(=Cc2ccc(N)cc2)C1=O,"[""AT{'substrate': 'PABA'}"", 'loading: True']",AT(hmal) + KR(B1) + DH,"[""AT{'substrate': 'Methylmalonyl-CoA'}"", 'loading: False']","TE(cyclic, ring=0)",217.22
CO[C@@H]1C(=O)O[C@@H]1C(O)=Cc1ccc(N)cc1,"[""AT{'substrate': 'PABA'}"", 'loading: True']",AT(hmal) + KR(B1) + DH,"[""AT{'substrate': 'mxmal'}"", ""KR{'type': 'B2'}"", 'loading: False']","TE(cyclic, ring=1)",235.24
C[C@H]1C(=O)O[C@@H]1C(O)=Cc1ccc(N)cc1,"[""AT{'substrate': 'PABA'}"", 'loading: True']",AT(hmal) + KR(B1) + DH,"[""AT{'substrate': 'Methylmalonyl-CoA'}"", ""KR{'type': 'B1'}"", 'loading: False']","TE(cyclic, ring=0)",219.24
CC[C@@H]1C(=O)OC(=Cc2ccc(N)cc2)C1=O,"[""AT{'substrate': 'PABA'}"", 'loading: True']",AT(hmal) + KR(B1) + DH,"[""AT{'substrate': 'emal'}"", ""KR{'type': 'C2'}"", 'loading: False']","TE(cyclic, ring=0)",231.25
CCCCCCC1=CC(=Cc2ccc(N)cc2)OC1=O,"[""AT{'substrate': 'PABA'}"", 'loading: True']",AT(hmal) + KR(B1) + DH,"[""AT{'substrate': 'hexmal'}"", ""KR{'type': 'B1'}"", 'DH{}', 'loading: False']","TE(cyclic, ring=0)",271.36
CCCCCC[C@@H]1C(=O)OC(=Cc2ccc(N)cc2)C1=O,"[""AT{'substrate': 'PABA'}"", 'loading: True']",AT(hmal) + KR(B1) + DH,"[""AT{'substrate': 'hexmal'}"", 'loading: False']","TE(cyclic, ring=0)",287.36
CC[C@H]1C(=O)O[C@@H]1C(O)=Cc1ccc(N)cc1,"[""AT{'substrate': 'PABA'}"", 'loading: True']",AT(hmal) + KR(B1) + DH,"[""AT{'substrate': 'emal'}"", ""KR{'type': 'B1'}"", 'loading: False']","TE(cyclic, ring=0)",233.27
C=CC[C@H]1C(=O)O[C@@H]1C(O)=Cc1ccc(N)cc1,"[""AT{'substrate': 'PABA'}"", 'loading: True']",AT(hmal) + KR(B1) + DH,"[""AT{'substrate': 'allylmal'}"", ""KR{'type': 'B1'}"", 'loading: False']","TE(cyclic, ring=0)",245.28
CO[C@H]1C(=O)OC(=Cc2ccc(N)cc2)C1=O,"[""AT{'substrate': 'PABA'}"", 'loading: True']",AT(hmal) + KR(B1) + DH,"[""AT{'substrate': 'mxmal'}"", ""KR{'type': 'C1'}"", 'loading: False']","TE(cyclic, ring=1)",233.22
C=CC[C@H]1C(=O)OC(=Cc2ccc(N)cc2)C1=O,"[""AT{'substrate': 'PABA'}"", 'loading: True']",AT(hmal) + KR(B1) + DH,"[""AT{'substrate': 'allylmal'}"", ""KR{'type': 'C1'}"", 'loading: False']","TE(cyclic, ring=0)",243.26
C=CCC1=CC(=Cc2ccc(N)cc2)OC1=O,"[""AT{'substrate': 'PABA'}"", 'loading: True']",AT(hmal) + KR(B1) + DH,"[""AT{'substrate': 'allylmal'}"", ""KR{'type': 'B1'}"", 'DH{}', 'loading: False']","TE(cyclic, ring=0)",227.26
Nc1ccc(C=C2C=C(CCCCc3c[nH]c(Cl)c3Cl)C(=O)O2)cc1,"[""AT{'substrate': 'PABA'}"", 'loading: True']",AT(hmal) + KR(B1) + DH,"[""AT{'substrate': 'DCP'}"", ""KR{'type': 'B1'}"", 'DH{}', 'loading: False']","TE(cyclic, ring=0)",377.27
Nc1ccc(C=C(O)[C@H]2OC(=O)[C@@H]2CCCCc2c[nH]c(Cl)c2Cl)cc1,"[""AT{'substrate': 'PABA'}"", 'loading: True']",AT(hmal) + KR(B1) + DH,"[""AT{'substrate': 'DCP'}"", ""KR{'type': 'B1'}"", 'loading: False']","TE(cyclic, ring=0)",395.29
CCCC[C@@H]1C(=O)O[C@@H]1C(O)=Cc1ccc(N)cc1,"[""AT{'substrate': 'PABA'}"", 'loading: True']",AT(hmal) + KR(B1) + DH,"[""AT{'substrate': 'butmal'}"", ""KR{'type': 'B2'}"", 'loading: False']","TE(cyclic, ring=0)",261.32
CO[C@H]1C(=O)O[C@@H]1C(O)=Cc1ccc(N)cc1,"[""AT{'substrate': 'PABA'}"", 'loading: True']",AT(hmal) + KR(B1) + DH,"[""AT{'substrate': 'mxmal'}"", ""KR{'type': 'B1'}"", 'loading: False']","TE(cyclic, ring=1)",235.24
Nc1ccc(C=C(O)C[C@@H]2OC2=O)cc1,"[""AT{'substrate': 'PABA'}"", 'loading: True']",AT(hmal) + KR(B1) + DH,"[""AT{'substrate': 'hmal'}"", ""KR{'type': 'B1'}"", 'DH{}', 'ER{}', 'loading: False']","TE(cyclic, ring=0)",205.21
CCCC[C@H]1C(=O)OC(=Cc2ccc(N)cc2)C1=O,"[""AT{'substrate': 'PABA'}"", 'loading: True']",AT(hmal) + KR(B1) + DH,"[""AT{'substrate': 'butmal'}"", ""KR{'type': 'C1'}"", 'loading: False']","TE(cyclic, ring=0)",259.31
CC(C)[C@H]1CC(=Cc2ccc(N)cc2)OC1=O,"[""AT{'substrate': 'PABA'}"", 'loading: True']",AT(hmal) + KR(B1) + DH,"[""AT{'substrate': 'D-isobutmal'}"", ""KR{'type': 'B1'}"", 'DH{}', 'ER{}', 'loading: False']","TE(cyclic, ring=0)",231.29
CCCCCC[C@H]1C(=O)OC(=Cc2ccc(N)cc2)C1=O,"[""AT{'substrate': 'PABA'}"", 'loading: True']",AT(hmal) + KR(B1) + DH,"[""AT{'substrate': 'hexmal'}"", ""KR{'type': 'C1'}"", 'loading: False']","TE(cyclic, ring=0)",287.36
C[C@H]1C(=O)O[C@H]1C(O)=Cc1ccc(N)cc1,"[""AT{'substrate': 'PABA'}"", 'loading: True']",AT(hmal) + KR(B1) + DH,"[""AT{'substrate': 'Methylmalonyl-CoA'}"", ""KR{'type': 'A1'}"", 'loading: False']","TE(cyclic, ring=0)",219.24
C=CC[C@@H]1C(=O)OC(=Cc2ccc(N)cc2)C1=O,"[""AT{'substrate': 'PABA'}"", 'loading: True']",AT(hmal) + KR(B1) + DH,"[""AT{'substrate': 'allylmal'}"", ""KR{'type': 'C2'}"", 'loading: False']","TE(cyclic, ring=0)",243.26
Nc1ccc(C=C(O)[C@H](O)[C@@H]2OC2=O)cc1,"[""AT{'substrate': 'PABA'}"", 'loading: True']",AT(hmal) + KR(B1) + DH,"[""AT{'substrate': 'hmal'}"", ""KR{'type': 'A2'}"", 'loading: False']","TE(cyclic, ring=0)",221.21
CCCC[C@H]1C(=O)O[C@@H]1C(O)=Cc1ccc(N)cc1,"[""AT{'substrate': 'PABA'}"", 'loading: True']",AT(hmal) + KR(B1) + DH,"[""AT{'substrate': 'butmal'}"", ""KR{'type': 'B1'}"", 'loading: False']","TE(cyclic, ring=0)",261.32
Nc1ccc(C=C2OC(=O)[C@@H](CCCCc3c[nH]c(Cl)c3Cl)C2=O)cc1,"[""AT{'substrate': 'PABA'}"", 'loading: True']",AT(hmal) + KR(B1) + DH,"[""AT{'substrate': 'DCP'}"", ""KR{'type': 'C2'}"", 'loading: False']","TE(cyclic, ring=0)",393.27
CCCCCC[C@H]1C(=O)O[C@@H]1C(O)=Cc1ccc(N)cc1,"[""AT{'substrate': 'PABA'}"", 'loading: True']",AT(hmal) + KR(B1) + DH,"[""AT{'substrate': 'hexmal'}"", ""KR{'type': 'B1'}"", 'loading: False']","TE(cyclic, ring=0)",289.38
Nc1ccc(C=C(O)C(=O)C2OC2=O)cc1,"[""AT{'substrate': 'PABA'}"", 'loading: True']",AT(hmal) + KR(B1) + DH,"[""AT{'substrate': 'hmal'}"", 'loading: False']","TE(cyclic, ring=0)",219.2
Nc1ccc(C=C2CCC(=O)O2)cc1,"[""AT{'substrate': 'PABA'}"", 'loading: True']",AT(hmal) + KR(B1) + DH,"[""AT{'substrate': 'Malonyl-CoA'}"", ""KR{'type': 'B'}"", 'DH{}', 'ER{}', 'loading: False']","TE(cyclic, ring=0)",189.21
C=CC[C@H]1C(=O)O[C@H]1C(O)=Cc1ccc(N)cc1,"[""AT{'substrate': 'PABA'}"", 'loading: True']",AT(hmal) + KR(B1) + DH,"[""AT{'substrate': 'allylmal'}"", ""KR{'type': 'A1'}"", 'loading: False']","TE(cyclic, ring=0)",245.28
Nc1ccc(C=C(O)[C@@H]2OC(=O)[C@@H]2CCCCc2c[nH]c(Cl)c2Cl)cc1,"[""AT{'substrate': 'PABA'}"", 'loading: True']",AT(hmal) + KR(B1) + DH,"[""AT{'substrate': 'DCP'}"", ""KR{'type': 'A1'}"", 'loading: False']","TE(cyclic, ring=0)",395.29
Nc1ccc(C=C2C=CC(=O)O2)cc1,"[""AT{'substrate': 'PABA'}"", 'loading: True']",AT(hmal) + KR(B1) + DH,"[""AT{'substrate': 'Malonyl-CoA'}"", ""KR{'type': 'B'}"", 'DH{}', 'loading: False']","TE(cyclic, ring=0)",187.2
CC(C)C1=CC(=Cc2ccc(N)cc2)OC1=O,"[""AT{'substrate': 'PABA'}"", 'loading: True']",AT(hmal) + KR(B1) + DH,"[""AT{'substrate': 'D-isobutmal'}"", ""KR{'type': 'B1'}"", 'DH{}', 'loading: False']","TE(cyclic, ring=0)",229.28
Nc1ccc(C=C(O)[C@H](O)[C@H]2OC2=O)cc1,"[""AT{'substrate': 'PABA'}"", 'loading: True']",AT(hmal) + KR(B1) + DH,"[""AT{'substrate': 'hmal'}"", ""KR{'type': 'A1'}"", 'loading: False']","TE(cyclic, ring=0)",221.21
C=CC[C@H]1CC(=Cc2ccc(N)cc2)OC1=O,"[""AT{'substrate': 'PABA'}"", 'loading: True']",AT(hmal) + KR(B1) + DH,"[""AT{'substrate': 'allylmal'}"", ""KR{'type': 'B1'}"", 'DH{}', 'ER{}', 'loading: False']","TE(cyclic, ring=0)",229.28
CC[C@@H]1C(=O)O[C@H]1C(O)=Cc1ccc(N)cc1,"[""AT{'substrate': 'PABA'}"", 'loading: True']",AT(hmal) + KR(B1) + DH,"[""AT{'substrate': 'emal'}"", ""KR{'type': 'A2'}"", 'loading: False']","TE(cyclic, ring=0)",233.27
CC1=CC(=Cc2ccc(N)cc2)OC1=O,"[""AT{'substrate': 'PABA'}"", 'loading: True']",AT(hmal) + KR(B1) + DH,"[""AT{'substrate': 'Methylmalonyl-CoA'}"", ""KR{'type': 'B1'}"", 'DH{}', 'loading: False']","TE(cyclic, ring=0)",201.22
CC(C)[C@@H]1C(=O)O[C@H]1C(O)=Cc1ccc(N)cc1,"[""AT{'substrate': 'PABA'}"", 'loading: True']",AT(hmal) + KR(B1) + DH,"[""AT{'substrate': 'isobutmal'}"", ""KR{'type': 'A2'}"", 'loading: False']","TE(cyclic, ring=0)",247.29
Nc1ccc(C=C(O)[C@@H](O)[C@@H]2OC2=O)cc1,"[""AT{'substrate': 'PABA'}"", 'loading: True']",AT(hmal) + KR(B1) + DH,"[""AT{'substrate': 'hmal'}"", ""KR{'type': 'B2'}"", 'loading: False']","TE(cyclic, ring=0)",221.21
CCC1=CC(=Cc2ccc(N)cc2)OC1=O,"[""AT{'substrate': 'PABA'}"", 'loading: True']",AT(hmal) + KR(B1) + DH,"[""AT{'substrate': 'emal'}"", ""KR{'type': 'B1'}"", 'DH{}', 'loading: False']","TE(cyclic, ring=0)",215.25
CCCCC1=CC(=Cc2ccc(N)cc2)OC1=O,"[""AT{'substrate': 'PABA'}"", 'loading: True']",AT(hmal) + KR(B1) + DH,"[""AT{'substrate': 'butmal'}"", ""KR{'type': 'B1'}"", 'DH{}', 'loading: False']","TE(cyclic, ring=0)",243.31
C[C@@H]1C(=O)O[C@@H]1C(O)=Cc1ccc(N)cc1,"[""AT{'substrate': 'PABA'}"", 'loading: True']",AT(hmal) + KR(B1) + DH,"[""AT{'substrate': 'Methylmalonyl-CoA'}"", ""KR{'type': 'B2'}"", 'loading: False']","TE(cyclic, ring=0)",219.24
CCCCCC[C@H]1C(=O)O[C@H]1C(O)=Cc1ccc(N)cc1,"[""AT{'substrate': 'PABA'}"", 'loading: True']",AT(hmal) + KR(B1) + DH,"[""AT{'substrate': 'hexmal'}"", ""KR{'type': 'A1'}"", 'loading: False']","TE(cyclic, ring=0)",289.38
CCCC[C@H]1CC(=Cc2ccc(N)cc2)OC1=O,"[""AT{'substrate': 'PABA'}"", 'loading: True']",AT(hmal) + KR(B1) + DH,"[""AT{'substrate': 'butmal'}"", ""KR{'type': 'B1'}"", 'DH{}', 'ER{}', 'loading: False']","TE(cyclic, ring=0)",245.32
CC[C@H]1C(=O)O[C@H]1C(O)=Cc1ccc(N)cc1,"[""AT{'substrate': 'PABA'}"", 'loading: True']",AT(hmal) + KR(B1) + DH,"[""AT{'substrate': 'emal'}"", ""KR{'type': 'A1'}"", 'loading: False']","TE(cyclic, ring=0)",233.27
Nc1ccc(C=C2C=C(O)C(=O)O2)cc1,"[""AT{'substrate': 'PABA'}"", 'loading: True']",AT(hmal) + KR(B1) + DH,"[""AT{'substrate': 'hmal'}"", ""KR{'type': 'B1'}"", 'DH{}', 'loading: False']","TE(cyclic, ring=0)",203.2
C[C@@H]1C(=O)O[C@H]1C(O)=Cc1c[nH]c(Cl)c1Cl,"[""AT{'substrate': 'DCP'}"", 'loading: True']",AT(hmal) + KR(B1) + DH,"[""AT{'substrate': 'Methylmalonyl-CoA'}"", ""KR{'type': 'A2'}"", 'loading: False']","TE(cyclic, ring=0)",262.09
O=C1O[C@@H]1C(=O)C(O)=Cc1c[nH]c(Cl)c1Cl,"[""AT{'substrate': 'DCP'}"", 'loading: True']",AT(hmal) + KR(B1) + DH,"[""AT{'substrate': 'hmal'}"", ""KR{'type': 'C1'}"", 'loading: False']","TE(cyclic, ring=0)",262.05
O=C1CC(=O)C(=Cc2c[nH]c(Cl)c2Cl)O1,"[""AT{'substrate': 'DCP'}"", 'loading: True']",AT(hmal) + KR(B1) + DH,"[""AT{'substrate': 'Malonyl-CoA'}"", 'loading: False']","TE(cyclic, ring=0)",246.05
CC[C@H]1CC(=Cc2c[nH]c(Cl)c2Cl)OC1=O,"[""AT{'substrate': 'DCP'}"", 'loading: True']",AT(hmal) + KR(B1) + DH,"[""AT{'substrate': 'emal'}"", ""KR{'type': 'B1'}"", 'DH{}', 'ER{}', 'loading: False']","TE(cyclic, ring=0)",260.12
CC(C)[C@H]1C(=O)O[C@H]1C(O)=Cc1c[nH]c(Cl)c1Cl,"[""AT{'substrate': 'DCP'}"", 'loading: True']",AT(hmal) + KR(B1) + DH,"[""AT{'substrate': 'isobutmal'}"", ""KR{'type': 'A1'}"", 'loading: False']","TE(cyclic, ring=0)",290.15
CO[C@H]1C(=O)O[C@H]1C(O)=Cc1c[nH]c(Cl)c1Cl,"[""AT{'substrate': 'DCP'}"", 'loading: True']",AT(hmal) + KR(B1) + DH,"[""AT{'substrate': 'mxmal'}"", ""KR{'type': 'A1'}"", 'loading: False']","TE(cyclic, ring=1)",278.09
C=CC[C@@H]1C(=O)O[C@@H]1C(O)=Cc1c[nH]c(Cl)c1Cl,"[""AT{'substrate': 'DCP'}"", 'loading: True']",AT(hmal) + KR(B1) + DH,"[""AT{'substrate': 'allylmal'}"", ""KR{'type': 'B2'}"", 'loading: False']","TE(cyclic, ring=0)",288.13
C[C@H]1C(=O)OC(=Cc2c[nH]c(Cl)c2Cl)C1=O,"[""AT{'substrate': 'DCP'}"", 'loading: True']",AT(hmal) + KR(B1) + DH,"[""AT{'substrate': 'Methylmalonyl-CoA'}"", ""KR{'type': 'C1'}"", 'loading: False']","TE(cyclic, ring=0)",260.08
O=C1O[C@H](C(O)=Cc2c[nH]c(Cl)c2Cl)[C@@H]1CCCCc1c[nH]c(Cl)c1Cl,"[""AT{'substrate': 'DCP'}"", 'loading: True']",AT(hmal) + KR(B1) + DH,"[""AT{'substrate': 'DCP'}"", ""KR{'type': 'B2'}"", 'loading: False']","TE(cyclic, ring=0)",438.14
CC(C)[C@@H]1C(=O)O[C@@H]1C(O)=Cc1c[nH]c(Cl)c1Cl,"[""AT{'substrate': 'DCP'}"", 'loading: True']",AT(hmal) + KR(B1) + DH,"[""AT{'substrate': 'isobutmal'}"", ""KR{'type': 'B2'}"", 'loading: False']","TE(cyclic, ring=0)",290.15
CO[C@@H]1C(=O)O[C@H]1C(O)=Cc1c[nH]c(Cl)c1Cl,"[""AT{'substrate': 'DCP'}"", 'loading: True']",AT(hmal) + KR(B1) + DH,"[""AT{'substrate': 'mxmal'}"", ""KR{'type': 'A2'}"", 'loading: False']","TE(cyclic, ring=1)",278.09
C=CC[C@@H]1C(=O)O[C@H]1C(O)=Cc1c[nH]c(Cl)c1Cl,"[""AT{'substrate': 'DCP'}"", 'loading: True']",AT(hmal) + KR(B1) + DH,"[""AT{'substrate': 'allylmal'}"", ""KR{'type': 'A2'}"", 'loading: False']","TE(cyclic, ring=0)",288.13
O=C1O[C@@H](C(O)=Cc2c[nH]c(Cl)c2Cl)[C@@H]1CCCCc1c[nH]c(Cl)c1Cl,"[""AT{'substrate': 'DCP'}"", 'loading: True']",AT(hmal) + KR(B1) + DH,"[""AT{'substrate': 'DCP'}"", ""KR{'type': 'A2'}"", 'loading: False']","TE(cyclic, ring=0)",438.14
CC(C)[C@@H]1C(=O)OC(=Cc2c[nH]c(Cl)c2Cl)C1=O,"[""AT{'substrate': 'DCP'}"", 'loading: True']",AT(hmal) + KR(B1) + DH,"[""AT{'substrate': 'D-isobutmal'}"", ""KR{'type': 'C2'}"", 'loading: False']","TE(cyclic, ring=0)",288.13
O=C1C[C@@H](C(O)=Cc2c[nH]c(Cl)c2Cl)O1,"[""AT{'substrate': 'DCP'}"", 'loading: True']",AT(hmal) + KR(B1) + DH,"[""AT{'substrate': 'Malonyl-CoA'}"", ""KR{'type': 'B'}"", 'loading: False']","TE(cyclic, ring=0)",248.06
CO[C@@H]1C(=O)OC(=Cc2c[nH]c(Cl)c2Cl)C1=O,"[""AT{'substrate': 'DCP'}"", 'loading: True']",AT(hmal) + KR(B1) + DH,"[""AT{'substrate': 'mxmal'}"", ""KR{'type': 'C2'}"", 'loading: False']","TE(cyclic, ring=1)",276.08
CC[C@H]1C(=O)OC(=Cc2c[nH]c(Cl)c2Cl)C1=O,"[""AT{'substrate': 'DCP'}"", 'loading: True']",AT(hmal) + KR(B1) + DH,"[""AT{'substrate': 'emal'}"", ""KR{'type': 'C1'}"", 'loading: False']","TE(cyclic, ring=0)",274.1
O=C1OC(=Cc2c[nH]c(Cl)c2Cl)C(=O)C1CCCCc1c[nH]c(Cl)c1Cl,"[""AT{'substrate': 'DCP'}"", 'loading: True']",AT(hmal) + KR(B1) + DH,"[""AT{'substrate': 'DCP'}"", 'loading: False']","TE(cyclic, ring=0)",436.12
CCCC[C@@H]1C(=O)OC(=Cc2c[nH]c(Cl)c2Cl)C1=O,"[""AT{'substrate': 'DCP'}"", 'loading: True']",AT(hmal) + KR(B1) + DH,"[""AT{'substrate': 'butmal'}"", 'loading: False']","TE(cyclic, ring=0)",302.16
O=C1OC(=Cc2c[nH]c(Cl)c2Cl)C(=O)[C@H]1CCCCc1c[nH]c(Cl)c1Cl,"[""AT{'substrate': 'DCP'}"", 'loading: True']",AT(hmal) + KR(B1) + DH,"[""AT{'substrate': 'DCP'}"", ""KR{'type': 'C1'}"", 'loading: False']","TE(cyclic, ring=0)",436.12
CCCCCC[C@H]1CC(=Cc2c[nH]c(Cl)c2Cl)OC1=O,"[""AT{'substrate': 'DCP'}"", 'loading: True']",AT(hmal) + KR(B1) + DH,"[""AT{'substrate': 'hexmal'}"", ""KR{'type': 'B1'}"", 'DH{}', 'ER{}', 'loading: False']","TE(cyclic, ring=0)",316.23
O=C1O[C@H]1C(=O)C(O)=Cc1c[nH]c(Cl)c1Cl,"[""AT{'substrate': 'DCP'}"", 'loading: True']",AT(hmal) + KR(B1) + DH,"[""AT{'substrate': 'hmal'}"", ""KR{'type': 'C2'}"", 'loading: False']","TE(cyclic, ring=0)",262.05
CCCC[C@H]1C(=O)O[C@H]1C(O)=Cc1c[nH]c(Cl)c1Cl,"[""AT{'substrate': 'DCP'}"", 'loading: True']",AT(hmal) + KR(B1) + DH,"[""AT{'substrate': 'butmal'}"", ""KR{'type': 'A1'}"", 'loading: False']","TE(cyclic, ring=0)",304.17
CC(C)[C@H]1C(=O)OC(=Cc2c[nH]c(Cl)c2Cl)C1=O,"[""AT{'substrate': 'DCP'}"", 'loading: True']",AT(hmal) + KR(B1) + DH,"[""AT{'substrate': 'isobutmal'}"", ""KR{'type': 'C1'}"", 'loading: False']","TE(cyclic, ring=0)",288.13
CO[C@H]1CC(=Cc2c[nH]c(Cl)c2Cl)OC1=O,"[""AT{'substrate': 'DCP'}"", 'loading: True']",AT(hmal) + KR(B1) + DH,"[""AT{'substrate': 'mxmal'}"", ""KR{'type': 'B1'}"", 'DH{}', 'ER{}', 'loading: False']","TE(cyclic, ring=1)",262.09
O=C1OC(=Cc2c[nH]c(Cl)c2Cl)C[C@@H]1CCCCc1c[nH]c(Cl)c1Cl,"[""AT{'substrate': 'DCP'}"", 'loading: True']",AT(hmal) + KR(B1) + DH,"[""AT{'substrate': 'DCP'}"", ""KR{'type': 'B1'}"", 'DH{}', 'ER{}', 'loading: False']","TE(cyclic, ring=0)",422.14
CCCCCC[C@@H]1C(=O)O[C@@H]1C(O)=Cc1c[nH]c(Cl)c1Cl,"[""AT{'substrate': 'DCP'}"", 'loading: True']",AT(hmal) + KR(B1) + DH,"[""AT{'substrate': 'hexmal'}"", ""KR{'type': 'B2'}"", 'loading: False']","TE(cyclic, ring=0)",332.23
CC[C@@H]1C(=O)O[C@@H]1C(O)=Cc1c[nH]c(Cl)c1Cl,"[""AT{'substrate': 'DCP'}"", 'loading: True']",AT(hmal) + KR(B1) + DH,"[""AT{'substrate': 'emal'}"", ""KR{'type': 'B2'}"", 'loading: False']","TE(cyclic, ring=0)",276.12
C[C@H]1CC(=Cc2c[nH]c(Cl)c2Cl)OC1=O,"[""AT{'substrate': 'DCP'}"", 'loading: True']",AT(hmal) + KR(B1) + DH,"[""AT{'substrate': 'Methylmalonyl-CoA'}"", ""KR{'type': 'B1'}"", 'DH{}', 'ER{}', 'loading: False']","TE(cyclic, ring=0)",246.09
CCCC[C@@H]1C(=O)O[C@H]1C(O)=Cc1c[nH]c(Cl)c1Cl,"[""AT{'substrate': 'DCP'}"", 'loading: True']",AT(hmal) + KR(B1) + DH,"[""AT{'substrate': 'butmal'}"", ""KR{'type': 'A2'}"", 'loading: False']","TE(cyclic, ring=0)",304.17
O=C1O[C@@H]1[C@H](O)C(O)=Cc1c[nH]c(Cl)c1Cl,"[""AT{'substrate': 'DCP'}"", 'loading: True']",AT(hmal) + KR(B1) + DH,"[""AT{'substrate': 'hmal'}"", ""KR{'type': 'B1'}"", 'loading: False']","TE(cyclic, ring=0)",264.06
CC(C)[C@H]1C(=O)O[C@@H]1C(O)=Cc1c[nH]c(Cl)c1Cl,"[""AT{'substrate': 'DCP'}"", 'loading: True']",AT(hmal) + KR(B1) + DH,"[""AT{'substrate': 'D-isobutmal'}"", ""KR{'type': 'B1'}"", 'loading: False']","TE(cyclic, ring=0)",290.15
COC1=CC(=Cc2c[nH]c(Cl)c2Cl)OC1=O,"[""AT{'substrate': 'DCP'}"", 'loading: True']",AT(hmal) + KR(B1) + DH,"[""AT{'substrate': 'mxmal'}"", ""KR{'type': 'B1'}"", 'DH{}', 'loading: False']","TE(cyclic, ring=0)",260.08
O=C1C[C@H](C(O)=Cc2c[nH]c(Cl)c2Cl)O1,"[""AT{'substrate': 'DCP'}"", 'loading: True']",AT(hmal) + KR(B1) + DH,"[""AT{'substrate': 'Malonyl-CoA'}"", ""KR{'type': 'A'}"", 'loading: False']","TE(cyclic, ring=0)",248.06
CCCCCC[C@@H]1C(=O)O[C@H]1C(O)=Cc1c[nH]c(Cl)c1Cl,"[""AT{'substrate': 'DCP'}"", 'loading: True']",AT(hmal) + KR(B1) + DH,"[""AT{'substrate': 'hexmal'}"", ""KR{'type': 'A2'}"", 'loading: False']","TE(cyclic, ring=0)",332.23
C[C@@H]1C(=O)OC(=Cc2c[nH]c(Cl)c2Cl)C1=O,"[""AT{'substrate': 'DCP'}"", 'loading: True']",AT(hmal) + KR(B1) + DH,"[""AT{'substrate': 'Methylmalonyl-CoA'}"", 'loading: False']","TE(cyclic, ring=0)",260.08
CO[C@@H]1C(=O)O[C@@H]1C(O)=Cc1c[nH]c(Cl)c1Cl,"[""AT{'substrate': 'DCP'}"", 'loading: True']",AT(hmal) + KR(B1) + DH,"[""AT{'substrate': 'mxmal'}"", ""KR{'type': 'B2'}"", 'loading: False']","TE(cyclic, ring=1)",278.09
C[C@H]1C(=O)O[C@@H]1C(O)=Cc1c[nH]c(Cl)c1Cl,"[""AT{'substrate': 'DCP'}"", 'loading: True']",AT(hmal) + KR(B1) + DH,"[""AT{'substrate': 'Methylmalonyl-CoA'}"", ""KR{'type': 'B1'}"", 'loading: False']","TE(cyclic, ring=0)",262.09
CC[C@@H]1C(=O)OC(=Cc2c[nH]c(Cl)c2Cl)C1=O,"[""AT{'substrate': 'DCP'}"", 'loading: True']",AT(hmal) + KR(B1) + DH,"[""AT{'substrate': 'emal'}"", ""KR{'type': 'C2'}"", 'loading: False']","TE(cyclic, ring=0)",274.1
CCCCCCC1=CC(=Cc2c[nH]c(Cl)c2Cl)OC1=O,"[""AT{'substrate': 'DCP'}"", 'loading: True']",AT(hmal) + KR(B1) + DH,"[""AT{'substrate': 'hexmal'}"", ""KR{'type': 'B1'}"", 'DH{}', 'loading: False']","TE(cyclic, ring=0)",314.21
CCCCCC[C@@H]1C(=O)OC(=Cc2c[nH]c(Cl)c2Cl)C1=O,"[""AT{'substrate': 'DCP'}"", 'loading: True']",AT(hmal) + KR(B1) + DH,"[""AT{'substrate': 'hexmal'}"", 'loading: False']","TE(cyclic, ring=0)",330.21
CC[C@H]1C(=O)O[C@@H]1C(O)=Cc1c[nH]c(Cl)c1Cl,"[""AT{'substrate': 'DCP'}"", 'loading: True']",AT(hmal) + KR(B1) + DH,"[""AT{'substrate': 'emal'}"", ""KR{'type': 'B1'}"", 'loading: False']","TE(cyclic, ring=0)",276.12
C=CC[C@H]1C(=O)O[C@@H]1C(O)=Cc1c[nH]c(Cl)c1Cl,"[""AT{'substrate': 'DCP'}"", 'loading: True']",AT(hmal) + KR(B1) + DH,"[""AT{'substrate': 'allylmal'}"", ""KR{'type': 'B1'}"", 'loading: False']","TE(cyclic, ring=0)",288.13
CO[C@H]1C(=O)OC(=Cc2c[nH]c(Cl)c2Cl)C1=O,"[""AT{'substrate': 'DCP'}"", 'loading: True']",AT(hmal) + KR(B1) + DH,"[""AT{'substrate': 'mxmal'}"", ""KR{'type': 'C1'}"", 'loading: False']","TE(cyclic, ring=1)",276.08
C=CC[C@H]1C(=O)OC(=Cc2c[nH]c(Cl)c2Cl)C1=O,"[""AT{'substrate': 'DCP'}"", 'loading: True']",AT(hmal) + KR(B1) + DH,"[""AT{'substrate': 'allylmal'}"", ""KR{'type': 'C1'}"", 'loading: False']","TE(cyclic, ring=0)",286.11
C=CCC1=CC(=Cc2c[nH]c(Cl)c2Cl)OC1=O,"[""AT{'substrate': 'DCP'}"", 'loading: True']",AT(hmal) + KR(B1) + DH,"[""AT{'substrate': 'allylmal'}"", ""KR{'type': 'B1'}"", 'DH{}', 'loading: False']","TE(cyclic, ring=0)",270.11
O=C1OC(=Cc2c[nH]c(Cl)c2Cl)C=C1CCCCc1c[nH]c(Cl)c1Cl,"[""AT{'substrate': 'DCP'}"", 'loading: True']",AT(hmal) + KR(B1) + DH,"[""AT{'substrate': 'DCP'}"", ""KR{'type': 'B1'}"", 'DH{}', 'loading: False']","TE(cyclic, ring=0)",420.12
O=C1O[C@H](C(O)=Cc2c[nH]c(Cl)c2Cl)[C@H]1CCCCc1c[nH]c(Cl)c1Cl,"[""AT{'substrate': 'DCP'}"", 'loading: True']",AT(hmal) + KR(B1) + DH,"[""AT{'substrate': 'DCP'}"", ""KR{'type': 'B1'}"", 'loading: False']","TE(cyclic, ring=0)",438.14
CCCC[C@@H]1C(=O)O[C@@H]1C(O)=Cc1c[nH]c(Cl)c1Cl,"[""AT{'substrate': 'DCP'}"", 'loading: True']",AT(hmal) + KR(B1) + DH,"[""AT{'substrate': 'butmal'}"", ""KR{'type': 'B2'}"", 'loading: False']","TE(cyclic, ring=0)",304.17
CO[C@H]1C(=O)O[C@@H]1C(O)=Cc1c[nH]c(Cl)c1Cl,"[""AT{'substrate': 'DCP'}"", 'loading: True']",AT(hmal) + KR(B1) + DH,"[""AT{'substrate': 'mxmal'}"", ""KR{'type': 'B1'}"", 'loading: False']","TE(cyclic, ring=1)",278.09
O=C1O[C@H]1CC(O)=Cc1c[nH]c(Cl)c1Cl,"[""AT{'substrate': 'DCP'}"", 'loading: True']",AT(hmal) + KR(B1) + DH,"[""AT{'substrate': 'hmal'}"", ""KR{'type': 'B1'}"", 'DH{}', 'ER{}', 'loading: False']","TE(cyclic, ring=0)",248.06
CCCC[C@H]1C(=O)OC(=Cc2c[nH]c(Cl)c2Cl)C1=O,"[""AT{'substrate': 'DCP'}"", 'loading: True']",AT(hmal) + KR(B1) + DH,"[""AT{'substrate': 'butmal'}"", ""KR{'type': 'C1'}"", 'loading: False']","TE(cyclic, ring=0)",302.16
CC(C)[C@H]1CC(=Cc2c[nH]c(Cl)c2Cl)OC1=O,"[""AT{'substrate': 'DCP'}"", 'loading: True']",AT(hmal) + KR(B1) + DH,"[""AT{'substrate': 'D-isobutmal'}"", ""KR{'type': 'B1'}"", 'DH{}', 'ER{}', 'loading: False']","TE(cyclic, ring=0)",274.15
CCCCCC[C@H]1C(=O)OC(=Cc2c[nH]c(Cl)c2Cl)C1=O,"[""AT{'substrate': 'DCP'}"", 'loading: True']",AT(hmal) + KR(B1) + DH,"[""AT{'substrate': 'hexmal'}"", ""KR{'type': 'C1'}"", 'loading: False']","TE(cyclic, ring=0)",330.21
C[C@H]1C(=O)O[C@H]1C(O)=Cc1c[nH]c(Cl)c1Cl,"[""AT{'substrate': 'DCP'}"", 'loading: True']",AT(hmal) + KR(B1) + DH,"[""AT{'substrate': 'Methylmalonyl-CoA'}"", ""KR{'type': 'A1'}"", 'loading: False']","TE(cyclic, ring=0)",262.09
C=CC[C@@H]1C(=O)OC(=Cc2c[nH]c(Cl)c2Cl)C1=O,"[""AT{'substrate': 'DCP'}"", 'loading: True']",AT(hmal) + KR(B1) + DH,"[""AT{'substrate': 'allylmal'}"", ""KR{'type': 'C2'}"", 'loading: False']","TE(cyclic, ring=0)",286.11
O=C1O[C@H]1[C@@H](O)C(O)=Cc1c[nH]c(Cl)c1Cl,"[""AT{'substrate': 'DCP'}"", 'loading: True']",AT(hmal) + KR(B1) + DH,"[""AT{'substrate': 'hmal'}"", ""KR{'type': 'A2'}"", 'loading: False']","TE(cyclic, ring=0)",264.06
CCCC[C@H]1C(=O)O[C@@H]1C(O)=Cc1c[nH]c(Cl)c1Cl,"[""AT{'substrate': 'DCP'}"", 'loading: True']",AT(hmal) + KR(B1) + DH,"[""AT{'substrate': 'butmal'}"", ""KR{'type': 'B1'}"", 'loading: False']","TE(cyclic, ring=0)",304.17
O=C1OC(=Cc2c[nH]c(Cl)c2Cl)C(=O)[C@@H]1CCCCc1c[nH]c(Cl)c1Cl,"[""AT{'substrate': 'DCP'}"", 'loading: True']",AT(hmal) + KR(B1) + DH,"[""AT{'substrate': 'DCP'}"", ""KR{'type': 'C2'}"", 'loading: False']","TE(cyclic, ring=0)",436.12
CCCCCC[C@H]1C(=O)O[C@@H]1C(O)=Cc1c[nH]c(Cl)c1Cl,"[""AT{'substrate': 'DCP'}"", 'loading: True']",AT(hmal) + KR(B1) + DH,"[""AT{'substrate': 'hexmal'}"", ""KR{'type': 'B1'}"", 'loading: False']","TE(cyclic, ring=0)",332.23
O=C1OC1C(=O)C(O)=Cc1c[nH]c(Cl)c1Cl,"[""AT{'substrate': 'DCP'}"", 'loading: True']",AT(hmal) + KR(B1) + DH,"[""AT{'substrate': 'hmal'}"", 'loading: False']","TE(cyclic, ring=0)",262.05
O=C1CCC(=Cc2c[nH]c(Cl)c2Cl)O1,"[""AT{'substrate': 'DCP'}"", 'loading: True']",AT(hmal) + KR(B1) + DH,"[""AT{'substrate': 'Malonyl-CoA'}"", ""KR{'type': 'B'}"", 'DH{}', 'ER{}', 'loading: False']","TE(cyclic, ring=0)",232.07
C=CC[C@H]1C(=O)O[C@H]1C(O)=Cc1c[nH]c(Cl)c1Cl,"[""AT{'substrate': 'DCP'}"", 'loading: True']",AT(hmal) + KR(B1) + DH,"[""AT{'substrate': 'allylmal'}"", ""KR{'type': 'A1'}"", 'loading: False']","TE(cyclic, ring=0)",288.13
O=C1O[C@@H](C(O)=Cc2c[nH]c(Cl)c2Cl)[C@H]1CCCCc1c[nH]c(Cl)c1Cl,"[""AT{'substrate': 'DCP'}"", 'loading: True']",AT(hmal) + KR(B1) + DH,"[""AT{'substrate': 'DCP'}"", ""KR{'type': 'A1'}"", 'loading: False']","TE(cyclic, ring=0)",438.14
O=C1C=CC(=Cc2c[nH]c(Cl)c2Cl)O1,"[""AT{'substrate': 'DCP'}"", 'loading: True']",AT(hmal) + KR(B1) + DH,"[""AT{'substrate': 'Malonyl-CoA'}"", ""KR{'type': 'B'}"", 'DH{}', 'loading: False']","TE(cyclic, ring=0)",230.05
CC(C)C1=CC(=Cc2c[nH]c(Cl)c2Cl)OC1=O,"[""AT{'substrate': 'DCP'}"", 'loading: True']",AT(hmal) + KR(B1) + DH,"[""AT{'substrate': 'D-isobutmal'}"", ""KR{'type': 'B1'}"", 'DH{}', 'loading: False']","TE(cyclic, ring=0)",272.13
O=C1O[C@@H]1[C@@H](O)C(O)=Cc1c[nH]c(Cl)c1Cl,"[""AT{'substrate': 'DCP'}"", 'loading: True']",AT(hmal) + KR(B1) + DH,"[""AT{'substrate': 'hmal'}"", ""KR{'type': 'A1'}"", 'loading: False']","TE(cyclic, ring=0)",264.06
C=CC[C@H]1CC(=Cc2c[nH]c(Cl)c2Cl)OC1=O,"[""AT{'substrate': 'DCP'}"", 'loading: True']",AT(hmal) + KR(B1) + DH,"[""AT{'substrate': 'allylmal'}"", ""KR{'type': 'B1'}"", 'DH{}', 'ER{}', 'loading: False']","TE(cyclic, ring=0)",272.13
CC[C@@H]1C(=O)O[C@H]1C(O)=Cc1c[nH]c(Cl)c1Cl,"[""AT{'substrate': 'DCP'}"", 'loading: True']",AT(hmal) + KR(B1) + DH,"[""AT{'substrate': 'emal'}"", ""KR{'type': 'A2'}"", 'loading: False']","TE(cyclic, ring=0)",276.12
CC1=CC(=Cc2c[nH]c(Cl)c2Cl)OC1=O,"[""AT{'substrate': 'DCP'}"", 'loading: True']",AT(hmal) + KR(B1) + DH,"[""AT{'substrate': 'Methylmalonyl-CoA'}"", ""KR{'type': 'B1'}"", 'DH{}', 'loading: False']","TE(cyclic, ring=0)",244.08
CC(C)[C@@H]1C(=O)O[C@H]1C(O)=Cc1c[nH]c(Cl)c1Cl,"[""AT{'substrate': 'DCP'}"", 'loading: True']",AT(hmal) + KR(B1) + DH,"[""AT{'substrate': 'isobutmal'}"", ""KR{'type': 'A2'}"", 'loading: False']","TE(cyclic, ring=0)",290.15
O=C1O[C@H]1[C@H](O)C(O)=Cc1c[nH]c(Cl)c1Cl,"[""AT{'substrate': 'DCP'}"", 'loading: True']",AT(hmal) + KR(B1) + DH,"[""AT{'substrate': 'hmal'}"", ""KR{'type': 'B2'}"", 'loading: False']","TE(cyclic, ring=0)",264.06
CCC1=CC(=Cc2c[nH]c(Cl)c2Cl)OC1=O,"[""AT{'substrate': 'DCP'}"", 'loading: True']",AT(hmal) + KR(B1) + DH,"[""AT{'substrate': 'emal'}"", ""KR{'type': 'B1'}"", 'DH{}', 'loading: False']","TE(cyclic, ring=0)",258.1
CCCCC1=CC(=Cc2c[nH]c(Cl)c2Cl)OC1=O,"[""AT{'substrate': 'DCP'}"", 'loading: True']",AT(hmal) + KR(B1) + DH,"[""AT{'substrate': 'butmal'}"", ""KR{'type': 'B1'}"", 'DH{}', 'loading: False']","TE(cyclic, ring=0)",286.16
C[C@@H]1C(=O)O[C@@H]1C(O)=Cc1c[nH]c(Cl)c1Cl,"[""AT{'substrate': 'DCP'}"", 'loading: True']",AT(hmal) + KR(B1) + DH,"[""AT{'substrate': 'Methylmalonyl-CoA'}"", ""KR{'type': 'B2'}"", 'loading: False']","TE(cyclic, ring=0)",262.09
CCCCCC[C@H]1C(=O)O[C@H]1C(O)=Cc1c[nH]c(Cl)c1Cl,"[""AT{'substrate': 'DCP'}"", 'loading: True']",AT(hmal) + KR(B1) + DH,"[""AT{'substrate': 'hexmal'}"", ""KR{'type': 'A1'}"", 'loading: False']","TE(cyclic, ring=0)",332.23
CCCC[C@H]1CC(=Cc2c[nH]c(Cl)c2Cl)OC1=O,"[""AT{'substrate': 'DCP'}"", 'loading: True']",AT(hmal) + KR(B1) + DH,"[""AT{'substrate': 'butmal'}"", ""KR{'type': 'B1'}"", 'DH{}', 'ER{}', 'loading: False']","TE(cyclic, ring=0)",288.17
CC[C@H]1C(=O)O[C@H]1C(O)=Cc1c[nH]c(Cl)c1Cl,"[""AT{'substrate': 'DCP'}"", 'loading: True']",AT(hmal) + KR(B1) + DH,"[""AT{'substrate': 'emal'}"", ""KR{'type': 'A1'}"", 'loading: False']","TE(cyclic, ring=0)",276.12
O=C1OC(=Cc2c[nH]c(Cl)c2Cl)C=C1O,"[""AT{'substrate': 'DCP'}"", 'loading: True']",AT(hmal) + KR(B1) + DH,"[""AT{'substrate': 'hmal'}"", ""KR{'type': 'B1'}"", 'DH{}', 'loading: False']","TE(cyclic, ring=0)",246.05
C[C@@H]1C(=O)O[C@H]1C(O)=CCNC(N)=[NH2+],"[""AT{'substrate': 'guan'}"", 'loading: True']",AT(hmal) + KR(B1) + DH,"[""AT{'substrate': 'Methylmalonyl-CoA'}"", ""KR{'type': 'A2'}"", 'loading: False']","TE(cyclic, ring=0)",200.22
NC(=[NH2+])NCC=C(O)C(=O)[C@H]1OC1=O,"[""AT{'substrate': 'guan'}"", 'loading: True']",AT(hmal) + KR(B1) + DH,"[""AT{'substrate': 'hmal'}"", ""KR{'type': 'C1'}"", 'loading: False']","TE(cyclic, ring=0)",200.17
NC(=[NH2+])N1CC=C(O)C(=O)CC1=O,"[""AT{'substrate': 'guan'}"", 'loading: True']",AT(hmal) + KR(B1) + DH,"[""AT{'substrate': 'Malonyl-CoA'}"", 'loading: False']","TE(cyclic, ring=0)",184.17
CC[C@H]1CC(O)=CCN(C(N)=[NH2+])C1=O,"[""AT{'substrate': 'guan'}"", 'loading: True']",AT(hmal) + KR(B1) + DH,"[""AT{'substrate': 'emal'}"", ""KR{'type': 'B1'}"", 'DH{}', 'ER{}', 'loading: False']","TE(cyclic, ring=0)",198.25
CC(C)[C@H]1C(=O)O[C@H]1C(O)=CCNC(N)=[NH2+],"[""AT{'substrate': 'guan'}"", 'loading: True']",AT(hmal) + KR(B1) + DH,"[""AT{'substrate': 'isobutmal'}"", ""KR{'type': 'A1'}"", 'loading: False']","TE(cyclic, ring=0)",228.27
CO[C@H]1C(=O)O[C@H]1C(O)=CCNC(N)=[NH2+],"[""AT{'substrate': 'guan'}"", 'loading: True']",AT(hmal) + KR(B1) + DH,"[""AT{'substrate': 'mxmal'}"", ""KR{'type': 'A1'}"", 'loading: False']","TE(cyclic, ring=1)",216.22
C=CC[C@@H]1C(=O)O[C@@H]1C(O)=CCNC(N)=[NH2+],"[""AT{'substrate': 'guan'}"", 'loading: True']",AT(hmal) + KR(B1) + DH,"[""AT{'substrate': 'allylmal'}"", ""KR{'type': 'B2'}"", 'loading: False']","TE(cyclic, ring=0)",226.26
C[C@@H]1C(=O)C(O)=CCN(C(N)=[NH2+])C1=O,"[""AT{'substrate': 'guan'}"", 'loading: True']",AT(hmal) + KR(B1) + DH,"[""AT{'substrate': 'Methylmalonyl-CoA'}"", ""KR{'type': 'C1'}"", 'loading: False']","TE(cyclic, ring=0)",198.2
NC(=[NH2+])NCC=C(O)[C@H]1OC(=O)[C@H]1CCCCc1c[nH]c(Cl)c1Cl,"[""AT{'substrate': 'guan'}"", 'loading: True']",AT(hmal) + KR(B1) + DH,"[""AT{'substrate': 'DCP'}"", ""KR{'type': 'B2'}"", 'loading: False']","TE(cyclic, ring=0)",376.26
CC(C)[C@@H]1C(=O)O[C@@H]1C(O)=CCNC(N)=[NH2+],"[""AT{'substrate': 'guan'}"", 'loading: True']",AT(hmal) + KR(B1) + DH,"[""AT{'substrate': 'isobutmal'}"", ""KR{'type': 'B2'}"", 'loading: False']","TE(cyclic, ring=0)",228.27
CO[C@@H]1C(=O)O[C@H]1C(O)=CCNC(N)=[NH2+],"[""AT{'substrate': 'guan'}"", 'loading: True']",AT(hmal) + KR(B1) + DH,"[""AT{'substrate': 'mxmal'}"", ""KR{'type': 'A2'}"", 'loading: False']","TE(cyclic, ring=1)",216.22
C=CC[C@@H]1C(=O)O[C@H]1C(O)=CCNC(N)=[NH2+],"[""AT{'substrate': 'guan'}"", 'loading: True']",AT(hmal) + KR(B1) + DH,"[""AT{'substrate': 'allylmal'}"", ""KR{'type': 'A2'}"", 'loading: False']","TE(cyclic, ring=0)",226.26
NC(=[NH2+])NCC=C(O)[C@@H]1OC(=O)[C@H]1CCCCc1c[nH]c(Cl)c1Cl,"[""AT{'substrate': 'guan'}"", 'loading: True']",AT(hmal) + KR(B1) + DH,"[""AT{'substrate': 'DCP'}"", ""KR{'type': 'A2'}"", 'loading: False']","TE(cyclic, ring=0)",376.26
CC(C)[C@H]1C(=O)C(O)=CCN(C(N)=[NH2+])C1=O,"[""AT{'substrate': 'guan'}"", 'loading: True']",AT(hmal) + KR(B1) + DH,"[""AT{'substrate': 'D-isobutmal'}"", ""KR{'type': 'C2'}"", 'loading: False']","TE(cyclic, ring=0)",226.26
NC(=[NH2+])NCC=C(O)[C@@H]1CC(=O)O1,"[""AT{'substrate': 'guan'}"", 'loading: True']",AT(hmal) + KR(B1) + DH,"[""AT{'substrate': 'Malonyl-CoA'}"", ""KR{'type': 'B'}"", 'loading: False']","TE(cyclic, ring=0)",186.19
CO[C@H]1C(=O)C(O)=CCN(C(N)=[NH2+])C1=O,"[""AT{'substrate': 'guan'}"", 'loading: True']",AT(hmal) + KR(B1) + DH,"[""AT{'substrate': 'mxmal'}"", ""KR{'type': 'C2'}"", 'loading: False']","TE(cyclic, ring=1)",214.2
CC[C@@H]1C(=O)C(O)=CCN(C(N)=[NH2+])C1=O,"[""AT{'substrate': 'guan'}"", 'loading: True']",AT(hmal) + KR(B1) + DH,"[""AT{'substrate': 'emal'}"", ""KR{'type': 'C1'}"", 'loading: False']","TE(cyclic, ring=0)",212.23
NC(=[NH2+])N1CC=C(O)C(=O)C(CCCCc2c[nH]c(Cl)c2Cl)C1=O,"[""AT{'substrate': 'guan'}"", 'loading: True']",AT(hmal) + KR(B1) + DH,"[""AT{'substrate': 'DCP'}"", 'loading: False']","TE(cyclic, ring=0)",374.25
CCCC[C@H]1C(=O)C(O)=CCN(C(N)=[NH2+])C1=O,"[""AT{'substrate': 'guan'}"", 'loading: True']",AT(hmal) + KR(B1) + DH,"[""AT{'substrate': 'butmal'}"", 'loading: False']","TE(cyclic, ring=0)",240.28
NC(=[NH2+])N1CC=C(O)C(=O)[C@@H](CCCCc2c[nH]c(Cl)c2Cl)C1=O,"[""AT{'substrate': 'guan'}"", 'loading: True']",AT(hmal) + KR(B1) + DH,"[""AT{'substrate': 'DCP'}"", ""KR{'type': 'C1'}"", 'loading: False']","TE(cyclic, ring=0)",374.25
CCCCCC[C@H]1CC(O)=CCN(C(N)=[NH2+])C1=O,"[""AT{'substrate': 'guan'}"", 'loading: True']",AT(hmal) + KR(B1) + DH,"[""AT{'substrate': 'hexmal'}"", ""KR{'type': 'B1'}"", 'DH{}', 'ER{}', 'loading: False']","TE(cyclic, ring=0)",254.35
NC(=[NH2+])NCC=C(O)C(=O)[C@@H]1OC1=O,"[""AT{'substrate': 'guan'}"", 'loading: True']",AT(hmal) + KR(B1) + DH,"[""AT{'substrate': 'hmal'}"", ""KR{'type': 'C2'}"", 'loading: False']","TE(cyclic, ring=0)",200.17
CCCC[C@H]1C(=O)O[C@H]1C(O)=CCNC(N)=[NH2+],"[""AT{'substrate': 'guan'}"", 'loading: True']",AT(hmal) + KR(B1) + DH,"[""AT{'substrate': 'butmal'}"", ""KR{'type': 'A1'}"", 'loading: False']","TE(cyclic, ring=0)",242.3
CC(C)[C@@H]1C(=O)C(O)=CCN(C(N)=[NH2+])C1=O,"[""AT{'substrate': 'guan'}"", 'loading: True']",AT(hmal) + KR(B1) + DH,"[""AT{'substrate': 'isobutmal'}"", ""KR{'type': 'C1'}"", 'loading: False']","TE(cyclic, ring=0)",226.26
CO[C@H]1CC(O)=CCN(C(N)=[NH2+])C1=O,"[""AT{'substrate': 'guan'}"", 'loading: True']",AT(hmal) + KR(B1) + DH,"[""AT{'substrate': 'mxmal'}"", ""KR{'type': 'B1'}"", 'DH{}', 'ER{}', 'loading: False']","TE(cyclic, ring=1)",200.22
NC(=[NH2+])N1CC=C(O)C[C@H](CCCCc2c[nH]c(Cl)c2Cl)C1=O,"[""AT{'substrate': 'guan'}"", 'loading: True']",AT(hmal) + KR(B1) + DH,"[""AT{'substrate': 'DCP'}"", ""KR{'type': 'B1'}"", 'DH{}', 'ER{}', 'loading: False']","TE(cyclic, ring=0)",360.27
CCCCCC[C@@H]1C(=O)O[C@@H]1C(O)=CCNC(N)=[NH2+],"[""AT{'substrate': 'guan'}"", 'loading: True']",AT(hmal) + KR(B1) + DH,"[""AT{'substrate': 'hexmal'}"", ""KR{'type': 'B2'}"", 'loading: False']","TE(cyclic, ring=0)",270.35
CC[C@@H]1C(=O)O[C@@H]1C(O)=CCNC(N)=[NH2+],"[""AT{'substrate': 'guan'}"", 'loading: True']",AT(hmal) + KR(B1) + DH,"[""AT{'substrate': 'emal'}"", ""KR{'type': 'B2'}"", 'loading: False']","TE(cyclic, ring=0)",214.24
C[C@H]1CC(O)=CCN(C(N)=[NH2+])C1=O,"[""AT{'substrate': 'guan'}"", 'loading: True']",AT(hmal) + KR(B1) + DH,"[""AT{'substrate': 'Methylmalonyl-CoA'}"", ""KR{'type': 'B1'}"", 'DH{}', 'ER{}', 'loading: False']","TE(cyclic, ring=0)",184.22
CCCC[C@@H]1C(=O)O[C@H]1C(O)=CCNC(N)=[NH2+],"[""AT{'substrate': 'guan'}"", 'loading: True']",AT(hmal) + KR(B1) + DH,"[""AT{'substrate': 'butmal'}"", ""KR{'type': 'A2'}"", 'loading: False']","TE(cyclic, ring=0)",242.3
NC(=[NH2+])NCC=C(O)[C@@H](O)[C@H]1OC1=O,"[""AT{'substrate': 'guan'}"", 'loading: True']",AT(hmal) + KR(B1) + DH,"[""AT{'substrate': 'hmal'}"", ""KR{'type': 'B1'}"", 'loading: False']","TE(cyclic, ring=0)",202.19
CC(C)[C@H]1C(=O)O[C@@H]1C(O)=CCNC(N)=[NH2+],"[""AT{'substrate': 'guan'}"", 'loading: True']",AT(hmal) + KR(B1) + DH,"[""AT{'substrate': 'D-isobutmal'}"", ""KR{'type': 'B1'}"", 'loading: False']","TE(cyclic, ring=0)",228.27
COC1=CC(O)=CCN(C(N)=[NH2+])C1=O,"[""AT{'substrate': 'guan'}"", 'loading: True']",AT(hmal) + KR(B1) + DH,"[""AT{'substrate': 'mxmal'}"", ""KR{'type': 'B1'}"", 'DH{}', 'loading: False']","TE(cyclic, ring=0)",198.2
NC(=[NH2+])NCC=C(O)[C@H]1CC(=O)O1,"[""AT{'substrate': 'guan'}"", 'loading: True']",AT(hmal) + KR(B1) + DH,"[""AT{'substrate': 'Malonyl-CoA'}"", ""KR{'type': 'A'}"", 'loading: False']","TE(cyclic, ring=0)",186.19
CCCCCC[C@@H]1C(=O)O[C@H]1C(O)=CCNC(N)=[NH2+],"[""AT{'substrate': 'guan'}"", 'loading: True']",AT(hmal) + KR(B1) + DH,"[""AT{'substrate': 'hexmal'}"", ""KR{'type': 'A2'}"", 'loading: False']","TE(cyclic, ring=0)",270.35
C[C@H]1C(=O)C(O)=CCN(C(N)=[NH2+])C1=O,"[""AT{'substrate': 'guan'}"", 'loading: True']",AT(hmal) + KR(B1) + DH,"[""AT{'substrate': 'Methylmalonyl-CoA'}"", 'loading: False']","TE(cyclic, ring=0)",198.2
CO[C@@H]1C(=O)O[C@@H]1C(O)=CCNC(N)=[NH2+],"[""AT{'substrate': 'guan'}"", 'loading: True']",AT(hmal) + KR(B1) + DH,"[""AT{'substrate': 'mxmal'}"", ""KR{'type': 'B2'}"", 'loading: False']","TE(cyclic, ring=1)",216.22
C[C@H]1C(=O)O[C@@H]1C(O)=CCNC(N)=[NH2+],"[""AT{'substrate': 'guan'}"", 'loading: True']",AT(hmal) + KR(B1) + DH,"[""AT{'substrate': 'Methylmalonyl-CoA'}"", ""KR{'type': 'B1'}"", 'loading: False']","TE(cyclic, ring=0)",200.22
CC[C@H]1C(=O)C(O)=CCN(C(N)=[NH2+])C1=O,"[""AT{'substrate': 'guan'}"", 'loading: True']",AT(hmal) + KR(B1) + DH,"[""AT{'substrate': 'emal'}"", ""KR{'type': 'C2'}"", 'loading: False']","TE(cyclic, ring=0)",212.23
CCCCCCC1=CC(O)=CCN(C(N)=[NH2+])C1=O,"[""AT{'substrate': 'guan'}"", 'loading: True']",AT(hmal) + KR(B1) + DH,"[""AT{'substrate': 'hexmal'}"", ""KR{'type': 'B1'}"", 'DH{}', 'loading: False']","TE(cyclic, ring=0)",252.34
CCCCCC[C@H]1C(=O)C(O)=CCN(C(N)=[NH2+])C1=O,"[""AT{'substrate': 'guan'}"", 'loading: True']",AT(hmal) + KR(B1) + DH,"[""AT{'substrate': 'hexmal'}"", 'loading: False']","TE(cyclic, ring=0)",268.34
CC[C@H]1C(=O)O[C@@H]1C(O)=CCNC(N)=[NH2+],"[""AT{'substrate': 'guan'}"", 'loading: True']",AT(hmal) + KR(B1) + DH,"[""AT{'substrate': 'emal'}"", ""KR{'type': 'B1'}"", 'loading: False']","TE(cyclic, ring=0)",214.24
C=CC[C@H]1C(=O)O[C@@H]1C(O)=CCNC(N)=[NH2+],"[""AT{'substrate': 'guan'}"", 'loading: True']",AT(hmal) + KR(B1) + DH,"[""AT{'substrate': 'allylmal'}"", ""KR{'type': 'B1'}"", 'loading: False']","TE(cyclic, ring=0)",226.26
CO[C@@H]1C(=O)C(O)=CCN(C(N)=[NH2+])C1=O,"[""AT{'substrate': 'guan'}"", 'loading: True']",AT(hmal) + KR(B1) + DH,"[""AT{'substrate': 'mxmal'}"", ""KR{'type': 'C1'}"", 'loading: False']","TE(cyclic, ring=1)",214.2
C=CC[C@@H]1C(=O)C(O)=CCN(C(N)=[NH2+])C1=O,"[""AT{'substrate': 'guan'}"", 'loading: True']",AT(hmal) + KR(B1) + DH,"[""AT{'substrate': 'allylmal'}"", ""KR{'type': 'C1'}"", 'loading: False']","TE(cyclic, ring=0)",224.24
C=CCC1=CC(O)=CCN(C(N)=[NH2+])C1=O,"[""AT{'substrate': 'guan'}"", 'loading: True']",AT(hmal) + KR(B1) + DH,"[""AT{'substrate': 'allylmal'}"", ""KR{'type': 'B1'}"", 'DH{}', 'loading: False']","TE(cyclic, ring=0)",208.24
NC(=[NH2+])N1CC=C(O)C=C(CCCCc2c[nH]c(Cl)c2Cl)C1=O,"[""AT{'substrate': 'guan'}"", 'loading: True']",AT(hmal) + KR(B1) + DH,"[""AT{'substrate': 'DCP'}"", ""KR{'type': 'B1'}"", 'DH{}', 'loading: False']","TE(cyclic, ring=0)",358.25
NC(=[NH2+])NCC=C(O)[C@H]1OC(=O)[C@@H]1CCCCc1c[nH]c(Cl)c1Cl,"[""AT{'substrate': 'guan'}"", 'loading: True']",AT(hmal) + KR(B1) + DH,"[""AT{'substrate': 'DCP'}"", ""KR{'type': 'B1'}"", 'loading: False']","TE(cyclic, ring=0)",376.26
CCCC[C@@H]1C(=O)O[C@@H]1C(O)=CCNC(N)=[NH2+],"[""AT{'substrate': 'guan'}"", 'loading: True']",AT(hmal) + KR(B1) + DH,"[""AT{'substrate': 'butmal'}"", ""KR{'type': 'B2'}"", 'loading: False']","TE(cyclic, ring=0)",242.3
CO[C@H]1C(=O)O[C@@H]1C(O)=CCNC(N)=[NH2+],"[""AT{'substrate': 'guan'}"", 'loading: True']",AT(hmal) + KR(B1) + DH,"[""AT{'substrate': 'mxmal'}"", ""KR{'type': 'B1'}"", 'loading: False']","TE(cyclic, ring=1)",216.22
NC(=[NH2+])NCC=C(O)C[C@@H]1OC1=O,"[""AT{'substrate': 'guan'}"", 'loading: True']",AT(hmal) + KR(B1) + DH,"[""AT{'substrate': 'hmal'}"", ""KR{'type': 'B1'}"", 'DH{}', 'ER{}', 'loading: False']","TE(cyclic, ring=0)",186.19
CCCC[C@@H]1C(=O)C(O)=CCN(C(N)=[NH2+])C1=O,"[""AT{'substrate': 'guan'}"", 'loading: True']",AT(hmal) + KR(B1) + DH,"[""AT{'substrate': 'butmal'}"", ""KR{'type': 'C1'}"", 'loading: False']","TE(cyclic, ring=0)",240.28
CC(C)[C@H]1CC(O)=CCN(C(N)=[NH2+])C1=O,"[""AT{'substrate': 'guan'}"", 'loading: True']",AT(hmal) + KR(B1) + DH,"[""AT{'substrate': 'D-isobutmal'}"", ""KR{'type': 'B1'}"", 'DH{}', 'ER{}', 'loading: False']","TE(cyclic, ring=0)",212.27
CCCCCC[C@@H]1C(=O)C(O)=CCN(C(N)=[NH2+])C1=O,"[""AT{'substrate': 'guan'}"", 'loading: True']",AT(hmal) + KR(B1) + DH,"[""AT{'substrate': 'hexmal'}"", ""KR{'type': 'C1'}"", 'loading: False']","TE(cyclic, ring=0)",268.34
C[C@H]1C(=O)O[C@H]1C(O)=CCNC(N)=[NH2+],"[""AT{'substrate': 'guan'}"", 'loading: True']",AT(hmal) + KR(B1) + DH,"[""AT{'substrate': 'Methylmalonyl-CoA'}"", ""KR{'type': 'A1'}"", 'loading: False']","TE(cyclic, ring=0)",200.22
C=CC[C@H]1C(=O)C(O)=CCN(C(N)=[NH2+])C1=O,"[""AT{'substrate': 'guan'}"", 'loading: True']",AT(hmal) + KR(B1) + DH,"[""AT{'substrate': 'allylmal'}"", ""KR{'type': 'C2'}"", 'loading: False']","TE(cyclic, ring=0)",224.24
NC(=[NH2+])NCC=C(O)[C@H](O)[C@@H]1OC1=O,"[""AT{'substrate': 'guan'}"", 'loading: True']",AT(hmal) + KR(B1) + DH,"[""AT{'substrate': 'hmal'}"", ""KR{'type': 'A2'}"", 'loading: False']","TE(cyclic, ring=0)",202.19
CCCC[C@H]1C(=O)O[C@@H]1C(O)=CCNC(N)=[NH2+],"[""AT{'substrate': 'guan'}"", 'loading: True']",AT(hmal) + KR(B1) + DH,"[""AT{'substrate': 'butmal'}"", ""KR{'type': 'B1'}"", 'loading: False']","TE(cyclic, ring=0)",242.3
NC(=[NH2+])N1CC=C(O)C(=O)[C@H](CCCCc2c[nH]c(Cl)c2Cl)C1=O,"[""AT{'substrate': 'guan'}"", 'loading: True']",AT(hmal) + KR(B1) + DH,"[""AT{'substrate': 'DCP'}"", ""KR{'type': 'C2'}"", 'loading: False']","TE(cyclic, ring=0)",374.25
CCCCCC[C@H]1C(=O)O[C@@H]1C(O)=CCNC(N)=[NH2+],"[""AT{'substrate': 'guan'}"", 'loading: True']",AT(hmal) + KR(B1) + DH,"[""AT{'substrate': 'hexmal'}"", ""KR{'type': 'B1'}"", 'loading: False']","TE(cyclic, ring=0)",270.35
NC(=[NH2+])NCC=C(O)C(=O)C1OC1=O,"[""AT{'substrate': 'guan'}"", 'loading: True']",AT(hmal) + KR(B1) + DH,"[""AT{'substrate': 'hmal'}"", 'loading: False']","TE(cyclic, ring=0)",200.17
NC(=[NH2+])N1CC=C(O)CCC1=O,"[""AT{'substrate': 'guan'}"", 'loading: True']",AT(hmal) + KR(B1) + DH,"[""AT{'substrate': 'Malonyl-CoA'}"", ""KR{'type': 'B'}"", 'DH{}', 'ER{}', 'loading: False']","TE(cyclic, ring=0)",170.19
C=CC[C@H]1C(=O)O[C@H]1C(O)=CCNC(N)=[NH2+],"[""AT{'substrate': 'guan'}"", 'loading: True']",AT(hmal) + KR(B1) + DH,"[""AT{'substrate': 'allylmal'}"", ""KR{'type': 'A1'}"", 'loading: False']","TE(cyclic, ring=0)",226.26
NC(=[NH2+])NCC=C(O)[C@@H]1OC(=O)[C@@H]1CCCCc1c[nH]c(Cl)c1Cl,"[""AT{'substrate': 'guan'}"", 'loading: True']",AT(hmal) + KR(B1) + DH,"[""AT{'substrate': 'DCP'}"", ""KR{'type': 'A1'}"", 'loading: False']","TE(cyclic, ring=0)",376.26
NC(=[NH2+])N1CC=C(O)C=CC1=O,"[""AT{'substrate': 'guan'}"", 'loading: True']",AT(hmal) + KR(B1) + DH,"[""AT{'substrate': 'Malonyl-CoA'}"", ""KR{'type': 'B'}"", 'DH{}', 'loading: False']","TE(cyclic, ring=0)",168.18
CC(C)C1=CC(O)=CCN(C(N)=[NH2+])C1=O,"[""AT{'substrate': 'guan'}"", 'loading: True']",AT(hmal) + KR(B1) + DH,"[""AT{'substrate': 'D-isobutmal'}"", ""KR{'type': 'B1'}"", 'DH{}', 'loading: False']","TE(cyclic, ring=0)",210.26
NC(=[NH2+])NCC=C(O)[C@H](O)[C@H]1OC1=O,"[""AT{'substrate': 'guan'}"", 'loading: True']",AT(hmal) + KR(B1) + DH,"[""AT{'substrate': 'hmal'}"", ""KR{'type': 'A1'}"", 'loading: False']","TE(cyclic, ring=0)",202.19
C=CC[C@H]1CC(O)=CCN(C(N)=[NH2+])C1=O,"[""AT{'substrate': 'guan'}"", 'loading: True']",AT(hmal) + KR(B1) + DH,"[""AT{'substrate': 'allylmal'}"", ""KR{'type': 'B1'}"", 'DH{}', 'ER{}', 'loading: False']","TE(cyclic, ring=0)",210.26
CC[C@@H]1C(=O)O[C@H]1C(O)=CCNC(N)=[NH2+],"[""AT{'substrate': 'guan'}"", 'loading: True']",AT(hmal) + KR(B1) + DH,"[""AT{'substrate': 'emal'}"", ""KR{'type': 'A2'}"", 'loading: False']","TE(cyclic, ring=0)",214.24
CC1=CC(O)=CCN(C(N)=[NH2+])C1=O,"[""AT{'substrate': 'guan'}"", 'loading: True']",AT(hmal) + KR(B1) + DH,"[""AT{'substrate': 'Methylmalonyl-CoA'}"", ""KR{'type': 'B1'}"", 'DH{}', 'loading: False']","TE(cyclic, ring=0)",182.2
CC(C)[C@@H]1C(=O)O[C@H]1C(O)=CCNC(N)=[NH2+],"[""AT{'substrate': 'guan'}"", 'loading: True']",AT(hmal) + KR(B1) + DH,"[""AT{'substrate': 'isobutmal'}"", ""KR{'type': 'A2'}"", 'loading: False']","TE(cyclic, ring=0)",228.27
NC(=[NH2+])NCC=C(O)[C@@H](O)[C@@H]1OC1=O,"[""AT{'substrate': 'guan'}"", 'loading: True']",AT(hmal) + KR(B1) + DH,"[""AT{'substrate': 'hmal'}"", ""KR{'type': 'B2'}"", 'loading: False']","TE(cyclic, ring=0)",202.19
CCC1=CC(O)=CCN(C(N)=[NH2+])C1=O,"[""AT{'substrate': 'guan'}"", 'loading: True']",AT(hmal) + KR(B1) + DH,"[""AT{'substrate': 'emal'}"", ""KR{'type': 'B1'}"", 'DH{}', 'loading: False']","TE(cyclic, ring=0)",196.23
CCCCC1=CC(O)=CCN(C(N)=[NH2+])C1=O,"[""AT{'substrate': 'guan'}"", 'loading: True']",AT(hmal) + KR(B1) + DH,"[""AT{'substrate': 'butmal'}"", ""KR{'type': 'B1'}"", 'DH{}', 'loading: False']","TE(cyclic, ring=0)",224.28
C[C@@H]1C(=O)O[C@@H]1C(O)=CCNC(N)=[NH2+],"[""AT{'substrate': 'guan'}"", 'loading: True']",AT(hmal) + KR(B1) + DH,"[""AT{'substrate': 'Methylmalonyl-CoA'}"", ""KR{'type': 'B2'}"", 'loading: False']","TE(cyclic, ring=0)",200.22
CCCCCC[C@H]1C(=O)O[C@H]1C(O)=CCNC(N)=[NH2+],"[""AT{'substrate': 'guan'}"", 'loading: True']",AT(hmal) + KR(B1) + DH,"[""AT{'substrate': 'hexmal'}"", ""KR{'type': 'A1'}"", 'loading: False']","TE(cyclic, ring=0)",270.35
CCCC[C@H]1CC(O)=CCN(C(N)=[NH2+])C1=O,"[""AT{'substrate': 'guan'}"", 'loading: True']",AT(hmal) + KR(B1) + DH,"[""AT{'substrate': 'butmal'}"", ""KR{'type': 'B1'}"", 'DH{}', 'ER{}', 'loading: False']","TE(cyclic, ring=0)",226.3
CC[C@H]1C(=O)O[C@H]1C(O)=CCNC(N)=[NH2+],"[""AT{'substrate': 'guan'}"", 'loading: True']",AT(hmal) + KR(B1) + DH,"[""AT{'substrate': 'emal'}"", ""KR{'type': 'A1'}"", 'loading: False']","TE(cyclic, ring=0)",214.24
NC(=[NH2+])N1CC=C(O)C=C(O)C1=O,"[""AT{'substrate': 'guan'}"", 'loading: True']",AT(hmal) + KR(B1) + DH,"[""AT{'substrate': 'hmal'}"", ""KR{'type': 'B1'}"", 'DH{}', 'loading: False']","TE(cyclic, ring=0)",184.17
Cc1nc(C=C(O)[C@@H]2OC(=O)[C@H]2C)cs1,"[""AT{'substrate': 'mthz'}"", 'loading: True']",AT(hmal) + KR(B1) + DH,"[""AT{'substrate': 'Methylmalonyl-CoA'}"", ""KR{'type': 'A2'}"", 'loading: False']","TE(cyclic, ring=0)",225.27
Cc1nc(C=C(O)C(=O)[C@H]2OC2=O)cs1,"[""AT{'substrate': 'mthz'}"", 'loading: True']",AT(hmal) + KR(B1) + DH,"[""AT{'substrate': 'hmal'}"", ""KR{'type': 'C1'}"", 'loading: False']","TE(cyclic, ring=0)",225.22
Cc1nc(C=C2OC(=O)CC2=O)cs1,"[""AT{'substrate': 'mthz'}"", 'loading: True']",AT(hmal) + KR(B1) + DH,"[""AT{'substrate': 'Malonyl-CoA'}"", 'loading: False']","TE(cyclic, ring=0)",209.23
CC[C@H]1CC(=Cc2csc(C)n2)OC1=O,"[""AT{'substrate': 'mthz'}"", 'loading: True']",AT(hmal) + KR(B1) + DH,"[""AT{'substrate': 'emal'}"", ""KR{'type': 'B1'}"", 'DH{}', 'ER{}', 'loading: False']","TE(cyclic, ring=0)",223.3
Cc1nc(C=C(O)[C@@H]2OC(=O)[C@@H]2C(C)C)cs1,"[""AT{'substrate': 'mthz'}"", 'loading: True']",AT(hmal) + KR(B1) + DH,"[""AT{'substrate': 'isobutmal'}"", ""KR{'type': 'A1'}"", 'loading: False']","TE(cyclic, ring=0)",253.32
CO[C@H]1C(=O)O[C@H]1C(O)=Cc1csc(C)n1,"[""AT{'substrate': 'mthz'}"", 'loading: True']",AT(hmal) + KR(B1) + DH,"[""AT{'substrate': 'mxmal'}"", ""KR{'type': 'A1'}"", 'loading: False']","TE(cyclic, ring=1)",241.27
C=CC[C@@H]1C(=O)O[C@@H]1C(O)=Cc1csc(C)n1,"[""AT{'substrate': 'mthz'}"", 'loading: True']",AT(hmal) + KR(B1) + DH,"[""AT{'substrate': 'allylmal'}"", ""KR{'type': 'B2'}"", 'loading: False']","TE(cyclic, ring=0)",251.31
Cc1nc(C=C2OC(=O)[C@H](C)C2=O)cs1,"[""AT{'substrate': 'mthz'}"", 'loading: True']",AT(hmal) + KR(B1) + DH,"[""AT{'substrate': 'Methylmalonyl-CoA'}"", ""KR{'type': 'C1'}"", 'loading: False']","TE(cyclic, ring=0)",223.25
Cc1nc(C=C(O)[C@H]2OC(=O)[C@H]2CCCCc2c[nH]c(Cl)c2Cl)cs1,"[""AT{'substrate': 'mthz'}"", 'loading: True']",AT(hmal) + KR(B1) + DH,"[""AT{'substrate': 'DCP'}"", ""KR{'type': 'B2'}"", 'loading: False']","TE(cyclic, ring=0)",401.31
Cc1nc(C=C(O)[C@H]2OC(=O)[C@H]2C(C)C)cs1,"[""AT{'substrate': 'mthz'}"", 'loading: True']",AT(hmal) + KR(B1) + DH,"[""AT{'substrate': 'isobutmal'}"", ""KR{'type': 'B2'}"", 'loading: False']","TE(cyclic, ring=0)",253.32
CO[C@@H]1C(=O)O[C@H]1C(O)=Cc1csc(C)n1,"[""AT{'substrate': 'mthz'}"", 'loading: True']",AT(hmal) + KR(B1) + DH,"[""AT{'substrate': 'mxmal'}"", ""KR{'type': 'A2'}"", 'loading: False']","TE(cyclic, ring=1)",241.27
C=CC[C@@H]1C(=O)O[C@H]1C(O)=Cc1csc(C)n1,"[""AT{'substrate': 'mthz'}"", 'loading: True']",AT(hmal) + KR(B1) + DH,"[""AT{'substrate': 'allylmal'}"", ""KR{'type': 'A2'}"", 'loading: False']","TE(cyclic, ring=0)",251.31
Cc1nc(C=C(O)[C@@H]2OC(=O)[C@H]2CCCCc2c[nH]c(Cl)c2Cl)cs1,"[""AT{'substrate': 'mthz'}"", 'loading: True']",AT(hmal) + KR(B1) + DH,"[""AT{'substrate': 'DCP'}"", ""KR{'type': 'A2'}"", 'loading: False']","TE(cyclic, ring=0)",401.31
Cc1nc(C=C2OC(=O)[C@@H](C(C)C)C2=O)cs1,"[""AT{'substrate': 'mthz'}"", 'loading: True']",AT(hmal) + KR(B1) + DH,"[""AT{'substrate': 'D-isobutmal'}"", ""KR{'type': 'C2'}"", 'loading: False']","TE(cyclic, ring=0)",251.31
Cc1nc(C=C(O)[C@@H]2CC(=O)O2)cs1,"[""AT{'substrate': 'mthz'}"", 'loading: True']",AT(hmal) + KR(B1) + DH,"[""AT{'substrate': 'Malonyl-CoA'}"", ""KR{'type': 'B'}"", 'loading: False']","TE(cyclic, ring=0)",211.24
CO[C@@H]1C(=O)OC(=Cc2csc(C)n2)C1=O,"[""AT{'substrate': 'mthz'}"", 'loading: True']",AT(hmal) + KR(B1) + DH,"[""AT{'substrate': 'mxmal'}"", ""KR{'type': 'C2'}"", 'loading: False']","TE(cyclic, ring=1)",239.25
CC[C@H]1C(=O)OC(=Cc2csc(C)n2)C1=O,"[""AT{'substrate': 'mthz'}"", 'loading: True']",AT(hmal) + KR(B1) + DH,"[""AT{'substrate': 'emal'}"", ""KR{'type': 'C1'}"", 'loading: False']","TE(cyclic, ring=0)",237.28
Cc1nc(C=C2OC(=O)C(CCCCc3c[nH]c(Cl)c3Cl)C2=O)cs1,"[""AT{'substrate': 'mthz'}"", 'loading: True']",AT(hmal) + KR(B1) + DH,"[""AT{'substrate': 'DCP'}"", 'loading: False']","TE(cyclic, ring=0)",399.3
CCCC[C@@H]1C(=O)OC(=Cc2csc(C)n2)C1=O,"[""AT{'substrate': 'mthz'}"", 'loading: True']",AT(hmal) + KR(B1) + DH,"[""AT{'substrate': 'butmal'}"", 'loading: False']","TE(cyclic, ring=0)",265.33
Cc1nc(C=C2OC(=O)[C@H](CCCCc3c[nH]c(Cl)c3Cl)C2=O)cs1,"[""AT{'substrate': 'mthz'}"", 'loading: True']",AT(hmal) + KR(B1) + DH,"[""AT{'substrate': 'DCP'}"", ""KR{'type': 'C1'}"", 'loading: False']","TE(cyclic, ring=0)",399.3
CCCCCC[C@H]1CC(=Cc2csc(C)n2)OC1=O,"[""AT{'substrate': 'mthz'}"", 'loading: True']",AT(hmal) + KR(B1) + DH,"[""AT{'substrate': 'hexmal'}"", ""KR{'type': 'B1'}"", 'DH{}', 'ER{}', 'loading: False']","TE(cyclic, ring=0)",279.41
Cc1nc(C=C(O)C(=O)[C@@H]2OC2=O)cs1,"[""AT{'substrate': 'mthz'}"", 'loading: True']",AT(hmal) + KR(B1) + DH,"[""AT{'substrate': 'hmal'}"", ""KR{'type': 'C2'}"", 'loading: False']","TE(cyclic, ring=0)",225.22
CCCC[C@H]1C(=O)O[C@H]1C(O)=Cc1csc(C)n1,"[""AT{'substrate': 'mthz'}"", 'loading: True']",AT(hmal) + KR(B1) + DH,"[""AT{'substrate': 'butmal'}"", ""KR{'type': 'A1'}"", 'loading: False']","TE(cyclic, ring=0)",267.35
Cc1nc(C=C2OC(=O)[C@H](C(C)C)C2=O)cs1,"[""AT{'substrate': 'mthz'}"", 'loading: True']",AT(hmal) + KR(B1) + DH,"[""AT{'substrate': 'isobutmal'}"", ""KR{'type': 'C1'}"", 'loading: False']","TE(cyclic, ring=0)",251.31
CO[C@H]1CC(=Cc2csc(C)n2)OC1=O,"[""AT{'substrate': 'mthz'}"", 'loading: True']",AT(hmal) + KR(B1) + DH,"[""AT{'substrate': 'mxmal'}"", ""KR{'type': 'B1'}"", 'DH{}', 'ER{}', 'loading: False']","TE(cyclic, ring=1)",225.27
Cc1nc(C=C2C[C@H](CCCCc3c[nH]c(Cl)c3Cl)C(=O)O2)cs1,"[""AT{'substrate': 'mthz'}"", 'loading: True']",AT(hmal) + KR(B1) + DH,"[""AT{'substrate': 'DCP'}"", ""KR{'type': 'B1'}"", 'DH{}', 'ER{}', 'loading: False']","TE(cyclic, ring=0)",385.32
CCCCCC[C@@H]1C(=O)O[C@@H]1C(O)=Cc1csc(C)n1,"[""AT{'substrate': 'mthz'}"", 'loading: True']",AT(hmal) + KR(B1) + DH,"[""AT{'substrate': 'hexmal'}"", ""KR{'type': 'B2'}"", 'loading: False']","TE(cyclic, ring=0)",295.4
CC[C@@H]1C(=O)O[C@@H]1C(O)=Cc1csc(C)n1,"[""AT{'substrate': 'mthz'}"", 'loading: True']",AT(hmal) + KR(B1) + DH,"[""AT{'substrate': 'emal'}"", ""KR{'type': 'B2'}"", 'loading: False']","TE(cyclic, ring=0)",239.3
Cc1nc(C=C2C[C@H](C)C(=O)O2)cs1,"[""AT{'substrate': 'mthz'}"", 'loading: True']",AT(hmal) + KR(B1) + DH,"[""AT{'substrate': 'Methylmalonyl-CoA'}"", ""KR{'type': 'B1'}"", 'DH{}', 'ER{}', 'loading: False']","TE(cyclic, ring=0)",209.27
CCCC[C@@H]1C(=O)O[C@H]1C(O)=Cc1csc(C)n1,"[""AT{'substrate': 'mthz'}"", 'loading: True']",AT(hmal) + KR(B1) + DH,"[""AT{'substrate': 'butmal'}"", ""KR{'type': 'A2'}"", 'loading: False']","TE(cyclic, ring=0)",267.35
Cc1nc(C=C(O)[C@@H](O)[C@H]2OC2=O)cs1,"[""AT{'substrate': 'mthz'}"", 'loading: True']",AT(hmal) + KR(B1) + DH,"[""AT{'substrate': 'hmal'}"", ""KR{'type': 'B1'}"", 'loading: False']","TE(cyclic, ring=0)",227.24
Cc1nc(C=C(O)[C@H]2OC(=O)[C@@H]2C(C)C)cs1,"[""AT{'substrate': 'mthz'}"", 'loading: True']",AT(hmal) + KR(B1) + DH,"[""AT{'substrate': 'D-isobutmal'}"", ""KR{'type': 'B1'}"", 'loading: False']","TE(cyclic, ring=0)",253.32
COC1=CC(=Cc2csc(C)n2)OC1=O,"[""AT{'substrate': 'mthz'}"", 'loading: True']",AT(hmal) + KR(B1) + DH,"[""AT{'substrate': 'mxmal'}"", ""KR{'type': 'B1'}"", 'DH{}', 'loading: False']","TE(cyclic, ring=0)",223.25
Cc1nc(C=C(O)[C@H]2CC(=O)O2)cs1,"[""AT{'substrate': 'mthz'}"", 'loading: True']",AT(hmal) + KR(B1) + DH,"[""AT{'substrate': 'Malonyl-CoA'}"", ""KR{'type': 'A'}"", 'loading: False']","TE(cyclic, ring=0)",211.24
CCCCCC[C@@H]1C(=O)O[C@H]1C(O)=Cc1csc(C)n1,"[""AT{'substrate': 'mthz'}"", 'loading: True']",AT(hmal) + KR(B1) + DH,"[""AT{'substrate': 'hexmal'}"", ""KR{'type': 'A2'}"", 'loading: False']","TE(cyclic, ring=0)",295.4
Cc1nc(C=C2OC(=O)[C@@H](C)C2=O)cs1,"[""AT{'substrate': 'mthz'}"", 'loading: True']",AT(hmal) + KR(B1) + DH,"[""AT{'substrate': 'Methylmalonyl-CoA'}"", 'loading: False']","TE(cyclic, ring=0)",223.25
CO[C@@H]1C(=O)O[C@@H]1C(O)=Cc1csc(C)n1,"[""AT{'substrate': 'mthz'}"", 'loading: True']",AT(hmal) + KR(B1) + DH,"[""AT{'substrate': 'mxmal'}"", ""KR{'type': 'B2'}"", 'loading: False']","TE(cyclic, ring=1)",241.27
Cc1nc(C=C(O)[C@H]2OC(=O)[C@@H]2C)cs1,"[""AT{'substrate': 'mthz'}"", 'loading: True']",AT(hmal) + KR(B1) + DH,"[""AT{'substrate': 'Methylmalonyl-CoA'}"", ""KR{'type': 'B1'}"", 'loading: False']","TE(cyclic, ring=0)",225.27
CC[C@@H]1C(=O)OC(=Cc2csc(C)n2)C1=O,"[""AT{'substrate': 'mthz'}"", 'loading: True']",AT(hmal) + KR(B1) + DH,"[""AT{'substrate': 'emal'}"", ""KR{'type': 'C2'}"", 'loading: False']","TE(cyclic, ring=0)",237.28
CCCCCCC1=CC(=Cc2csc(C)n2)OC1=O,"[""AT{'substrate': 'mthz'}"", 'loading: True']",AT(hmal) + KR(B1) + DH,"[""AT{'substrate': 'hexmal'}"", ""KR{'type': 'B1'}"", 'DH{}', 'loading: False']","TE(cyclic, ring=0)",277.39
CCCCCC[C@@H]1C(=O)OC(=Cc2csc(C)n2)C1=O,"[""AT{'substrate': 'mthz'}"", 'loading: True']",AT(hmal) + KR(B1) + DH,"[""AT{'substrate': 'hexmal'}"", 'loading: False']","TE(cyclic, ring=0)",293.39
CC[C@H]1C(=O)O[C@@H]1C(O)=Cc1csc(C)n1,"[""AT{'substrate': 'mthz'}"", 'loading: True']",AT(hmal) + KR(B1) + DH,"[""AT{'substrate': 'emal'}"", ""KR{'type': 'B1'}"", 'loading: False']","TE(cyclic, ring=0)",239.3
C=CC[C@H]1C(=O)O[C@@H]1C(O)=Cc1csc(C)n1,"[""AT{'substrate': 'mthz'}"", 'loading: True']",AT(hmal) + KR(B1) + DH,"[""AT{'substrate': 'allylmal'}"", ""KR{'type': 'B1'}"", 'loading: False']","TE(cyclic, ring=0)",251.31
CO[C@H]1C(=O)OC(=Cc2csc(C)n2)C1=O,"[""AT{'substrate': 'mthz'}"", 'loading: True']",AT(hmal) + KR(B1) + DH,"[""AT{'substrate': 'mxmal'}"", ""KR{'type': 'C1'}"", 'loading: False']","TE(cyclic, ring=1)",239.25
C=CC[C@H]1C(=O)OC(=Cc2csc(C)n2)C1=O,"[""AT{'substrate': 'mthz'}"", 'loading: True']",AT(hmal) + KR(B1) + DH,"[""AT{'substrate': 'allylmal'}"", ""KR{'type': 'C1'}"", 'loading: False']","TE(cyclic, ring=0)",249.29
C=CCC1=CC(=Cc2csc(C)n2)OC1=O,"[""AT{'substrate': 'mthz'}"", 'loading: True']",AT(hmal) + KR(B1) + DH,"[""AT{'substrate': 'allylmal'}"", ""KR{'type': 'B1'}"", 'DH{}', 'loading: False']","TE(cyclic, ring=0)",233.29
Cc1nc(C=C2C=C(CCCCc3c[nH]c(Cl)c3Cl)C(=O)O2)cs1,"[""AT{'substrate': 'mthz'}"", 'loading: True']",AT(hmal) + KR(B1) + DH,"[""AT{'substrate': 'DCP'}"", ""KR{'type': 'B1'}"", 'DH{}', 'loading: False']","TE(cyclic, ring=0)",383.3
Cc1nc(C=C(O)[C@H]2OC(=O)[C@@H]2CCCCc2c[nH]c(Cl)c2Cl)cs1,"[""AT{'substrate': 'mthz'}"", 'loading: True']",AT(hmal) + KR(B1) + DH,"[""AT{'substrate': 'DCP'}"", ""KR{'type': 'B1'}"", 'loading: False']","TE(cyclic, ring=0)",401.31
CCCC[C@@H]1C(=O)O[C@@H]1C(O)=Cc1csc(C)n1,"[""AT{'substrate': 'mthz'}"", 'loading: True']",AT(hmal) + KR(B1) + DH,"[""AT{'substrate': 'butmal'}"", ""KR{'type': 'B2'}"", 'loading: False']","TE(cyclic, ring=0)",267.35
CO[C@H]1C(=O)O[C@@H]1C(O)=Cc1csc(C)n1,"[""AT{'substrate': 'mthz'}"", 'loading: True']",AT(hmal) + KR(B1) + DH,"[""AT{'substrate': 'mxmal'}"", ""KR{'type': 'B1'}"", 'loading: False']","TE(cyclic, ring=1)",241.27
Cc1nc(C=C(O)C[C@@H]2OC2=O)cs1,"[""AT{'substrate': 'mthz'}"", 'loading: True']",AT(hmal) + KR(B1) + DH,"[""AT{'substrate': 'hmal'}"", ""KR{'type': 'B1'}"", 'DH{}', 'ER{}', 'loading: False']","TE(cyclic, ring=0)",211.24
CCCC[C@H]1C(=O)OC(=Cc2csc(C)n2)C1=O,"[""AT{'substrate': 'mthz'}"", 'loading: True']",AT(hmal) + KR(B1) + DH,"[""AT{'substrate': 'butmal'}"", ""KR{'type': 'C1'}"", 'loading: False']","TE(cyclic, ring=0)",265.33
Cc1nc(C=C2C[C@H](C(C)C)C(=O)O2)cs1,"[""AT{'substrate': 'mthz'}"", 'loading: True']",AT(hmal) + KR(B1) + DH,"[""AT{'substrate': 'D-isobutmal'}"", ""KR{'type': 'B1'}"", 'DH{}', 'ER{}', 'loading: False']","TE(cyclic, ring=0)",237.32
CCCCCC[C@H]1C(=O)OC(=Cc2csc(C)n2)C1=O,"[""AT{'substrate': 'mthz'}"", 'loading: True']",AT(hmal) + KR(B1) + DH,"[""AT{'substrate': 'hexmal'}"", ""KR{'type': 'C1'}"", 'loading: False']","TE(cyclic, ring=0)",293.39
Cc1nc(C=C(O)[C@@H]2OC(=O)[C@@H]2C)cs1,"[""AT{'substrate': 'mthz'}"", 'loading: True']",AT(hmal) + KR(B1) + DH,"[""AT{'substrate': 'Methylmalonyl-CoA'}"", ""KR{'type': 'A1'}"", 'loading: False']","TE(cyclic, ring=0)",225.27
C=CC[C@@H]1C(=O)OC(=Cc2csc(C)n2)C1=O,"[""AT{'substrate': 'mthz'}"", 'loading: True']",AT(hmal) + KR(B1) + DH,"[""AT{'substrate': 'allylmal'}"", ""KR{'type': 'C2'}"", 'loading: False']","TE(cyclic, ring=0)",249.29
Cc1nc(C=C(O)[C@H](O)[C@@H]2OC2=O)cs1,"[""AT{'substrate': 'mthz'}"", 'loading: True']",AT(hmal) + KR(B1) + DH,"[""AT{'substrate': 'hmal'}"", ""KR{'type': 'A2'}"", 'loading: False']","TE(cyclic, ring=0)",227.24
CCCC[C@H]1C(=O)O[C@@H]1C(O)=Cc1csc(C)n1,"[""AT{'substrate': 'mthz'}"", 'loading: True']",AT(hmal) + KR(B1) + DH,"[""AT{'substrate': 'butmal'}"", ""KR{'type': 'B1'}"", 'loading: False']","TE(cyclic, ring=0)",267.35
Cc1nc(C=C2OC(=O)[C@@H](CCCCc3c[nH]c(Cl)c3Cl)C2=O)cs1,"[""AT{'substrate': 'mthz'}"", 'loading: True']",AT(hmal) + KR(B1) + DH,"[""AT{'substrate': 'DCP'}"", ""KR{'type': 'C2'}"", 'loading: False']","TE(cyclic, ring=0)",399.3
CCCCCC[C@H]1C(=O)O[C@@H]1C(O)=Cc1csc(C)n1,"[""AT{'substrate': 'mthz'}"", 'loading: True']",AT(hmal) + KR(B1) + DH,"[""AT{'substrate': 'hexmal'}"", ""KR{'type': 'B1'}"", 'loading: False']","TE(cyclic, ring=0)",295.4
Cc1nc(C=C(O)C(=O)C2OC2=O)cs1,"[""AT{'substrate': 'mthz'}"", 'loading: True']",AT(hmal) + KR(B1) + DH,"[""AT{'substrate': 'hmal'}"", 'loading: False']","TE(cyclic, ring=0)",225.22
Cc1nc(C=C2CCC(=O)O2)cs1,"[""AT{'substrate': 'mthz'}"", 'loading: True']",AT(hmal) + KR(B1) + DH,"[""AT{'substrate': 'Malonyl-CoA'}"", ""KR{'type': 'B'}"", 'DH{}', 'ER{}', 'loading: False']","TE(cyclic, ring=0)",195.24
C=CC[C@H]1C(=O)O[C@H]1C(O)=Cc1csc(C)n1,"[""AT{'substrate': 'mthz'}"", 'loading: True']",AT(hmal) + KR(B1) + DH,"[""AT{'substrate': 'allylmal'}"", ""KR{'type': 'A1'}"", 'loading: False']","TE(cyclic, ring=0)",251.31
Cc1nc(C=C(O)[C@@H]2OC(=O)[C@@H]2CCCCc2c[nH]c(Cl)c2Cl)cs1,"[""AT{'substrate': 'mthz'}"", 'loading: True']",AT(hmal) + KR(B1) + DH,"[""AT{'substrate': 'DCP'}"", ""KR{'type': 'A1'}"", 'loading: False']","TE(cyclic, ring=0)",401.31
Cc1nc(C=C2C=CC(=O)O2)cs1,"[""AT{'substrate': 'mthz'}"", 'loading: True']",AT(hmal) + KR(B1) + DH,"[""AT{'substrate': 'Malonyl-CoA'}"", ""KR{'type': 'B'}"", 'DH{}', 'loading: False']","TE(cyclic, ring=0)",193.23
Cc1nc(C=C2C=C(C(C)C)C(=O)O2)cs1,"[""AT{'substrate': 'mthz'}"", 'loading: True']",AT(hmal) + KR(B1) + DH,"[""AT{'substrate': 'D-isobutmal'}"", ""KR{'type': 'B1'}"", 'DH{}', 'loading: False']","TE(cyclic, ring=0)",235.31
Cc1nc(C=C(O)[C@H](O)[C@H]2OC2=O)cs1,"[""AT{'substrate': 'mthz'}"", 'loading: True']",AT(hmal) + KR(B1) + DH,"[""AT{'substrate': 'hmal'}"", ""KR{'type': 'A1'}"", 'loading: False']","TE(cyclic, ring=0)",227.24
C=CC[C@H]1CC(=Cc2csc(C)n2)OC1=O,"[""AT{'substrate': 'mthz'}"", 'loading: True']",AT(hmal) + KR(B1) + DH,"[""AT{'substrate': 'allylmal'}"", ""KR{'type': 'B1'}"", 'DH{}', 'ER{}', 'loading: False']","TE(cyclic, ring=0)",235.31
CC[C@@H]1C(=O)O[C@H]1C(O)=Cc1csc(C)n1,"[""AT{'substrate': 'mthz'}"", 'loading: True']",AT(hmal) + KR(B1) + DH,"[""AT{'substrate': 'emal'}"", ""KR{'type': 'A2'}"", 'loading: False']","TE(cyclic, ring=0)",239.3
CC1=CC(=Cc2csc(C)n2)OC1=O,"[""AT{'substrate': 'mthz'}"", 'loading: True']",AT(hmal) + KR(B1) + DH,"[""AT{'substrate': 'Methylmalonyl-CoA'}"", ""KR{'type': 'B1'}"", 'DH{}', 'loading: False']","TE(cyclic, ring=0)",207.25
Cc1nc(C=C(O)[C@@H]2OC(=O)[C@H]2C(C)C)cs1,"[""AT{'substrate': 'mthz'}"", 'loading: True']",AT(hmal) + KR(B1) + DH,"[""AT{'substrate': 'isobutmal'}"", ""KR{'type': 'A2'}"", 'loading: False']","TE(cyclic, ring=0)",253.32
Cc1nc(C=C(O)[C@@H](O)[C@@H]2OC2=O)cs1,"[""AT{'substrate': 'mthz'}"", 'loading: True']",AT(hmal) + KR(B1) + DH,"[""AT{'substrate': 'hmal'}"", ""KR{'type': 'B2'}"", 'loading: False']","TE(cyclic, ring=0)",227.24
CCC1=CC(=Cc2csc(C)n2)OC1=O,"[""AT{'substrate': 'mthz'}"", 'loading: True']",AT(hmal) + KR(B1) + DH,"[""AT{'substrate': 'emal'}"", ""KR{'type': 'B1'}"", 'DH{}', 'loading: False']","TE(cyclic, ring=0)",221.28
CCCCC1=CC(=Cc2csc(C)n2)OC1=O,"[""AT{'substrate': 'mthz'}"", 'loading: True']",AT(hmal) + KR(B1) + DH,"[""AT{'substrate': 'butmal'}"", ""KR{'type': 'B1'}"", 'DH{}', 'loading: False']","TE(cyclic, ring=0)",249.33
Cc1nc(C=C(O)[C@H]2OC(=O)[C@H]2C)cs1,"[""AT{'substrate': 'mthz'}"", 'loading: True']",AT(hmal) + KR(B1) + DH,"[""AT{'substrate': 'Methylmalonyl-CoA'}"", ""KR{'type': 'B2'}"", 'loading: False']","TE(cyclic, ring=0)",225.27
CCCCCC[C@H]1C(=O)O[C@H]1C(O)=Cc1csc(C)n1,"[""AT{'substrate': 'mthz'}"", 'loading: True']",AT(hmal) + KR(B1) + DH,"[""AT{'substrate': 'hexmal'}"", ""KR{'type': 'A1'}"", 'loading: False']","TE(cyclic, ring=0)",295.4
CCCC[C@H]1CC(=Cc2csc(C)n2)OC1=O,"[""AT{'substrate': 'mthz'}"", 'loading: True']",AT(hmal) + KR(B1) + DH,"[""AT{'substrate': 'butmal'}"", ""KR{'type': 'B1'}"", 'DH{}', 'ER{}', 'loading: False']","TE(cyclic, ring=0)",251.35
CC[C@H]1C(=O)O[C@H]1C(O)=Cc1csc(C)n1,"[""AT{'substrate': 'mthz'}"", 'loading: True']",AT(hmal) + KR(B1) + DH,"[""AT{'substrate': 'emal'}"", ""KR{'type': 'A1'}"", 'loading: False']","TE(cyclic, ring=0)",239.3
Cc1nc(C=C2C=C(O)C(=O)O2)cs1,"[""AT{'substrate': 'mthz'}"", 'loading: True']",AT(hmal) + KR(B1) + DH,"[""AT{'substrate': 'hmal'}"", ""KR{'type': 'B1'}"", 'DH{}', 'loading: False']","TE(cyclic, ring=0)",209.23
C[C@@H]1C(=O)O[C@H]1C(O)=CC1CC[C@@H](O)[C@H](O)C1,"[""AT{'substrate': 'DHCH'}"", 'loading: True']",AT(hmal) + KR(B1) + DH,"[""AT{'substrate': 'Methylmalonyl-CoA'}"", ""KR{'type': 'A2'}"", 'loading: False']","TE(cyclic, ring=0)",242.27
O=C1O[C@@H]1C(=O)C(O)=CC1CC[C@@H](O)[C@H](O)C1,"[""AT{'substrate': 'DHCH'}"", 'loading: True']",AT(hmal) + KR(B1) + DH,"[""AT{'substrate': 'hmal'}"", ""KR{'type': 'C1'}"", 'loading: False']","TE(cyclic, ring=0)",242.23
O=C1CC(=O)C(O)=CC2CC[C@@H](O1)[C@H](O)C2,"[""AT{'substrate': 'DHCH'}"", 'loading: True']",AT(hmal) + KR(B1) + DH,"[""AT{'substrate': 'Malonyl-CoA'}"", 'loading: False']","TE(cyclic, ring=0)",226.23
CC[C@H]1CC(O)=CC2CC[C@@H](OC1=O)[C@H](O)C2,"[""AT{'substrate': 'DHCH'}"", 'loading: True']",AT(hmal) + KR(B1) + DH,"[""AT{'substrate': 'emal'}"", ""KR{'type': 'B1'}"", 'DH{}', 'ER{}', 'loading: False']","TE(cyclic, ring=0)",240.3
CC(C)[C@H]1C(=O)O[C@H]1C(O)=CC1CC[C@@H](O)[C@H](O)C1,"[""AT{'substrate': 'DHCH'}"", 'loading: True']",AT(hmal) + KR(B1) + DH,"[""AT{'substrate': 'isobutmal'}"", ""KR{'type': 'A1'}"", 'loading: False']","TE(cyclic, ring=0)",270.33
CO[C@H]1C(=O)O[C@H]1C(O)=CC1CC[C@@H](O)[C@H](O)C1,"[""AT{'substrate': 'DHCH'}"", 'loading: True']",AT(hmal) + KR(B1) + DH,"[""AT{'substrate': 'mxmal'}"", ""KR{'type': 'A1'}"", 'loading: False']","TE(cyclic, ring=1)",258.27
C=CC[C@@H]1C(=O)O[C@@H]1C(O)=CC1CC[C@@H](O)[C@H](O)C1,"[""AT{'substrate': 'DHCH'}"", 'loading: True']",AT(hmal) + KR(B1) + DH,"[""AT{'substrate': 'allylmal'}"", ""KR{'type': 'B2'}"", 'loading: False']","TE(cyclic, ring=0)",268.31
C[C@H]1C(=O)O[C@@H]2CCC(C=C(O)C1=O)C[C@H]2O,"[""AT{'substrate': 'DHCH'}"", 'loading: True']",AT(hmal) + KR(B1) + DH,"[""AT{'substrate': 'Methylmalonyl-CoA'}"", ""KR{'type': 'C1'}"", 'loading: False']","TE(cyclic, ring=0)",240.25
O=C1O[C@H](C(O)=CC2CC[C@@H](O)[C@H](O)C2)[C@@H]1CCCCc1c[nH]c(Cl)c1Cl,"[""AT{'substrate': 'DHCH'}"", 'loading: True']",AT(hmal) + KR(B1) + DH,"[""AT{'substrate': 'DCP'}"", ""KR{'type': 'B2'}"", 'loading: False']","TE(cyclic, ring=0)",418.32
CC(C)[C@@H]1C(=O)O[C@@H]1C(O)=CC1CC[C@@H](O)[C@H](O)C1,"[""AT{'substrate': 'DHCH'}"", 'loading: True']",AT(hmal) + KR(B1) + DH,"[""AT{'substrate': 'isobutmal'}"", ""KR{'type': 'B2'}"", 'loading: False']","TE(cyclic, ring=0)",270.33
CO[C@@H]1C(=O)O[C@H]1C(O)=CC1CC[C@@H](O)[C@H](O)C1,"[""AT{'substrate': 'DHCH'}"", 'loading: True']",AT(hmal) + KR(B1) + DH,"[""AT{'substrate': 'mxmal'}"", ""KR{'type': 'A2'}"", 'loading: False']","TE(cyclic, ring=1)",258.27
C=CC[C@@H]1C(=O)O[C@H]1C(O)=CC1CC[C@@H](O)[C@H](O)C1,"[""AT{'substrate': 'DHCH'}"", 'loading: True']",AT(hmal) + KR(B1) + DH,"[""AT{'substrate': 'allylmal'}"", ""KR{'type': 'A2'}"", 'loading: False']","TE(cyclic, ring=0)",268.31
O=C1O[C@@H](C(O)=CC2CC[C@@H](O)[C@H](O)C2)[C@@H]1CCCCc1c[nH]c(Cl)c1Cl,"[""AT{'substrate': 'DHCH'}"", 'loading: True']",AT(hmal) + KR(B1) + DH,"[""AT{'substrate': 'DCP'}"", ""KR{'type': 'A2'}"", 'loading: False']","TE(cyclic, ring=0)",418.32
CC(C)[C@@H]1C(=O)O[C@@H]2CCC(C=C(O)C1=O)C[C@H]2O,"[""AT{'substrate': 'DHCH'}"", 'loading: True']",AT(hmal) + KR(B1) + DH,"[""AT{'substrate': 'D-isobutmal'}"", ""KR{'type': 'C2'}"", 'loading: False']","TE(cyclic, ring=0)",268.31
O=C1C[C@@H](C(O)=CC2CC[C@@H](O)[C@H](O)C2)O1,"[""AT{'substrate': 'DHCH'}"", 'loading: True']",AT(hmal) + KR(B1) + DH,"[""AT{'substrate': 'Malonyl-CoA'}"", ""KR{'type': 'B'}"", 'loading: False']","TE(cyclic, ring=0)",228.24
CO[C@@H]1C(=O)O[C@@H]2CCC(C=C(O)C1=O)C[C@H]2O,"[""AT{'substrate': 'DHCH'}"", 'loading: True']",AT(hmal) + KR(B1) + DH,"[""AT{'substrate': 'mxmal'}"", ""KR{'type': 'C2'}"", 'loading: False']","TE(cyclic, ring=1)",256.25
CC[C@H]1C(=O)O[C@@H]2CCC(C=C(O)C1=O)C[C@H]2O,"[""AT{'substrate': 'DHCH'}"", 'loading: True']",AT(hmal) + KR(B1) + DH,"[""AT{'substrate': 'emal'}"", ""KR{'type': 'C1'}"", 'loading: False']","TE(cyclic, ring=0)",254.28
O=C1O[C@@H]2CCC(C=C(O)C(=O)C1CCCCc1c[nH]c(Cl)c1Cl)C[C@H]2O,"[""AT{'substrate': 'DHCH'}"", 'loading: True']",AT(hmal) + KR(B1) + DH,"[""AT{'substrate': 'DCP'}"", 'loading: False']","TE(cyclic, ring=0)",416.3
CCCC[C@@H]1C(=O)O[C@@H]2CCC(C=C(O)C1=O)C[C@H]2O,"[""AT{'substrate': 'DHCH'}"", 'loading: True']",AT(hmal) + KR(B1) + DH,"[""AT{'substrate': 'butmal'}"", 'loading: False']","TE(cyclic, ring=0)",282.34
O=C1O[C@@H]2CCC(C=C(O)C(=O)[C@H]1CCCCc1c[nH]c(Cl)c1Cl)C[C@H]2O,"[""AT{'substrate': 'DHCH'}"", 'loading: True']",AT(hmal) + KR(B1) + DH,"[""AT{'substrate': 'DCP'}"", ""KR{'type': 'C1'}"", 'loading: False']","TE(cyclic, ring=0)",416.3
CCCCCC[C@H]1CC(O)=CC2CC[C@@H](OC1=O)[C@H](O)C2,"[""AT{'substrate': 'DHCH'}"", 'loading: True']",AT(hmal) + KR(B1) + DH,"[""AT{'substrate': 'hexmal'}"", ""KR{'type': 'B1'}"", 'DH{}', 'ER{}', 'loading: False']","TE(cyclic, ring=0)",296.41
O=C1O[C@H]1C(=O)C(O)=CC1CC[C@@H](O)[C@H](O)C1,"[""AT{'substrate': 'DHCH'}"", 'loading: True']",AT(hmal) + KR(B1) + DH,"[""AT{'substrate': 'hmal'}"", ""KR{'type': 'C2'}"", 'loading: False']","TE(cyclic, ring=0)",242.23
CCCC[C@H]1C(=O)O[C@H]1C(O)=CC1CC[C@@H](O)[C@H](O)C1,"[""AT{'substrate': 'DHCH'}"", 'loading: True']",AT(hmal) + KR(B1) + DH,"[""AT{'substrate': 'butmal'}"", ""KR{'type': 'A1'}"", 'loading: False']","TE(cyclic, ring=0)",284.35
CC(C)[C@H]1C(=O)O[C@@H]2CCC(C=C(O)C1=O)C[C@H]2O,"[""AT{'substrate': 'DHCH'}"", 'loading: True']",AT(hmal) + KR(B1) + DH,"[""AT{'substrate': 'isobutmal'}"", ""KR{'type': 'C1'}"", 'loading: False']","TE(cyclic, ring=0)",268.31
CO[C@H]1CC(O)=CC2CC[C@@H](OC1=O)[C@H](O)C2,"[""AT{'substrate': 'DHCH'}"", 'loading: True']",AT(hmal) + KR(B1) + DH,"[""AT{'substrate': 'mxmal'}"", ""KR{'type': 'B1'}"", 'DH{}', 'ER{}', 'loading: False']","TE(cyclic, ring=1)",242.27
O=C1O[C@@H]2CCC(C=C(O)C[C@@H]1CCCCc1c[nH]c(Cl)c1Cl)C[C@H]2O,"[""AT{'substrate': 'DHCH'}"", 'loading: True']",AT(hmal) + KR(B1) + DH,"[""AT{'substrate': 'DCP'}"", ""KR{'type': 'B1'}"", 'DH{}', 'ER{}', 'loading: False']","TE(cyclic, ring=0)",402.32
CCCCCC[C@@H]1C(=O)O[C@@H]1C(O)=CC1CC[C@@H](O)[C@H](O)C1,"[""AT{'substrate': 'DHCH'}"", 'loading: True']",AT(hmal) + KR(B1) + DH,"[""AT{'substrate': 'hexmal'}"", ""KR{'type': 'B2'}"", 'loading: False']","TE(cyclic, ring=0)",312.41
CC[C@@H]1C(=O)O[C@@H]1C(O)=CC1CC[C@@H](O)[C@H](O)C1,"[""AT{'substrate': 'DHCH'}"", 'loading: True']",AT(hmal) + KR(B1) + DH,"[""AT{'substrate': 'emal'}"", ""KR{'type': 'B2'}"", 'loading: False']","TE(cyclic, ring=0)",256.3
C[C@H]1CC(O)=CC2CC[C@@H](OC1=O)[C@H](O)C2,"[""AT{'substrate': 'DHCH'}"", 'loading: True']",AT(hmal) + KR(B1) + DH,"[""AT{'substrate': 'Methylmalonyl-CoA'}"", ""KR{'type': 'B1'}"", 'DH{}', 'ER{}', 'loading: False']","TE(cyclic, ring=0)",226.27
CCCC[C@@H]1C(=O)O[C@H]1C(O)=CC1CC[C@@H](O)[C@H](O)C1,"[""AT{'substrate': 'DHCH'}"", 'loading: True']",AT(hmal) + KR(B1) + DH,"[""AT{'substrate': 'butmal'}"", ""KR{'type': 'A2'}"", 'loading: False']","TE(cyclic, ring=0)",284.35
O=C1O[C@@H]1[C@H](O)C(O)=CC1CC[C@@H](O)[C@H](O)C1,"[""AT{'substrate': 'DHCH'}"", 'loading: True']",AT(hmal) + KR(B1) + DH,"[""AT{'substrate': 'hmal'}"", ""KR{'type': 'B1'}"", 'loading: False']","TE(cyclic, ring=0)",244.24
CC(C)[C@H]1C(=O)O[C@@H]1C(O)=CC1CC[C@@H](O)[C@H](O)C1,"[""AT{'substrate': 'DHCH'}"", 'loading: True']",AT(hmal) + KR(B1) + DH,"[""AT{'substrate': 'D-isobutmal'}"", ""KR{'type': 'B1'}"", 'loading: False']","TE(cyclic, ring=0)",270.33
COC1=CC(O)=CC2CC[C@@H](OC1=O)[C@H](O)C2,"[""AT{'substrate': 'DHCH'}"", 'loading: True']",AT(hmal) + KR(B1) + DH,"[""AT{'substrate': 'mxmal'}"", ""KR{'type': 'B1'}"", 'DH{}', 'loading: False']","TE(cyclic, ring=0)",240.25
O=C1C[C@H](C(O)=CC2CC[C@@H](O)[C@H](O)C2)O1,"[""AT{'substrate': 'DHCH'}"", 'loading: True']",AT(hmal) + KR(B1) + DH,"[""AT{'substrate': 'Malonyl-CoA'}"", ""KR{'type': 'A'}"", 'loading: False']","TE(cyclic, ring=0)",228.24
CCCCCC[C@@H]1C(=O)O[C@H]1C(O)=CC1CC[C@@H](O)[C@H](O)C1,"[""AT{'substrate': 'DHCH'}"", 'loading: True']",AT(hmal) + KR(B1) + DH,"[""AT{'substrate': 'hexmal'}"", ""KR{'type': 'A2'}"", 'loading: False']","TE(cyclic, ring=0)",312.41
C[C@@H]1C(=O)O[C@@H]2CCC(C=C(O)C1=O)C[C@H]2O,"[""AT{'substrate': 'DHCH'}"", 'loading: True']",AT(hmal) + KR(B1) + DH,"[""AT{'substrate': 'Methylmalonyl-CoA'}"", 'loading: False']","TE(cyclic, ring=0)",240.25
CO[C@@H]1C(=O)O[C@@H]1C(O)=CC1CC[C@@H](O)[C@H](O)C1,"[""AT{'substrate': 'DHCH'}"", 'loading: True']",AT(hmal) + KR(B1) + DH,"[""AT{'substrate': 'mxmal'}"", ""KR{'type': 'B2'}"", 'loading: False']","TE(cyclic, ring=1)",258.27
C[C@H]1C(=O)O[C@@H]1C(O)=CC1CC[C@@H](O)[C@H](O)C1,"[""AT{'substrate': 'DHCH'}"", 'loading: True']",AT(hmal) + KR(B1) + DH,"[""AT{'substrate': 'Methylmalonyl-CoA'}"", ""KR{'type': 'B1'}"", 'loading: False']","TE(cyclic, ring=0)",242.27
CC[C@@H]1C(=O)O[C@@H]2CCC(C=C(O)C1=O)C[C@H]2O,"[""AT{'substrate': 'DHCH'}"", 'loading: True']",AT(hmal) + KR(B1) + DH,"[""AT{'substrate': 'emal'}"", ""KR{'type': 'C2'}"", 'loading: False']","TE(cyclic, ring=0)",254.28
CCCCCCC1=CC(O)=CC2CC[C@@H](OC1=O)[C@H](O)C2,"[""AT{'substrate': 'DHCH'}"", 'loading: True']",AT(hmal) + KR(B1) + DH,"[""AT{'substrate': 'hexmal'}"", ""KR{'type': 'B1'}"", 'DH{}', 'loading: False']","TE(cyclic, ring=0)",294.39
CCCCCC[C@@H]1C(=O)O[C@@H]2CCC(C=C(O)C1=O)C[C@H]2O,"[""AT{'substrate': 'DHCH'}"", 'loading: True']",AT(hmal) + KR(B1) + DH,"[""AT{'substrate': 'hexmal'}"", 'loading: False']","TE(cyclic, ring=0)",310.39
CC[C@H]1C(=O)O[C@@H]1C(O)=CC1CC[C@@H](O)[C@H](O)C1,"[""AT{'substrate': 'DHCH'}"", 'loading: True']",AT(hmal) + KR(B1) + DH,"[""AT{'substrate': 'emal'}"", ""KR{'type': 'B1'}"", 'loading: False']","TE(cyclic, ring=0)",256.3
C=CC[C@H]1C(=O)O[C@@H]1C(O)=CC1CC[C@@H](O)[C@H](O)C1,"[""AT{'substrate': 'DHCH'}"", 'loading: True']",AT(hmal) + KR(B1) + DH,"[""AT{'substrate': 'allylmal'}"", ""KR{'type': 'B1'}"", 'loading: False']","TE(cyclic, ring=0)",268.31
CO[C@H]1C(=O)O[C@@H]2CCC(C=C(O)C1=O)C[C@H]2O,"[""AT{'substrate': 'DHCH'}"", 'loading: True']",AT(hmal) + KR(B1) + DH,"[""AT{'substrate': 'mxmal'}"", ""KR{'type': 'C1'}"", 'loading: False']","TE(cyclic, ring=1)",256.25
C=CC[C@H]1C(=O)O[C@@H]2CCC(C=C(O)C1=O)C[C@H]2O,"[""AT{'substrate': 'DHCH'}"", 'loading: True']",AT(hmal) + KR(B1) + DH,"[""AT{'substrate': 'allylmal'}"", ""KR{'type': 'C1'}"", 'loading: False']","TE(cyclic, ring=0)",266.29
C=CCC1=CC(O)=CC2CC[C@@H](OC1=O)[C@H](O)C2,"[""AT{'substrate': 'DHCH'}"", 'loading: True']",AT(hmal) + KR(B1) + DH,"[""AT{'substrate': 'allylmal'}"", ""KR{'type': 'B1'}"", 'DH{}', 'loading: False']","TE(cyclic, ring=0)",250.29
O=C1O[C@@H]2CCC(C=C(O)C=C1CCCCc1c[nH]c(Cl)c1Cl)C[C@H]2O,"[""AT{'substrate': 'DHCH'}"", 'loading: True']",AT(hmal) + KR(B1) + DH,"[""AT{'substrate': 'DCP'}"", ""KR{'type': 'B1'}"", 'DH{}', 'loading: False']","TE(cyclic, ring=0)",400.3
O=C1O[C@H](C(O)=CC2CC[C@@H](O)[C@H](O)C2)[C@H]1CCCCc1c[nH]c(Cl)c1Cl,"[""AT{'substrate': 'DHCH'}"", 'loading: True']",AT(hmal) + KR(B1) + DH,"[""AT{'substrate': 'DCP'}"", ""KR{'type': 'B1'}"", 'loading: False']","TE(cyclic, ring=0)",418.32
CCCC[C@@H]1C(=O)O[C@@H]1C(O)=CC1CC[C@@H](O)[C@H](O)C1,"[""AT{'substrate': 'DHCH'}"", 'loading: True']",AT(hmal) + KR(B1) + DH,"[""AT{'substrate': 'butmal'}"", ""KR{'type': 'B2'}"", 'loading: False']","TE(cyclic, ring=0)",284.35
CO[C@H]1C(=O)O[C@@H]1C(O)=CC1CC[C@@H](O)[C@H](O)C1,"[""AT{'substrate': 'DHCH'}"", 'loading: True']",AT(hmal) + KR(B1) + DH,"[""AT{'substrate': 'mxmal'}"", ""KR{'type': 'B1'}"", 'loading: False']","TE(cyclic, ring=1)",258.27
O=C1O[C@H]1CC(O)=CC1CC[C@@H](O)[C@H](O)C1,"[""AT{'substrate': 'DHCH'}"", 'loading: True']",AT(hmal) + KR(B1) + DH,"[""AT{'substrate': 'hmal'}"", ""KR{'type': 'B1'}"", 'DH{}', 'ER{}', 'loading: False']","TE(cyclic, ring=0)",228.24
CCCC[C@H]1C(=O)O[C@@H]2CCC(C=C(O)C1=O)C[C@H]2O,"[""AT{'substrate': 'DHCH'}"", 'loading: True']",AT(hmal) + KR(B1) + DH,"[""AT{'substrate': 'butmal'}"", ""KR{'type': 'C1'}"", 'loading: False']","TE(cyclic, ring=0)",282.34
CC(C)[C@H]1CC(O)=CC2CC[C@@H](OC1=O)[C@H](O)C2,"[""AT{'substrate': 'DHCH'}"", 'loading: True']",AT(hmal) + KR(B1) + DH,"[""AT{'substrate': 'D-isobutmal'}"", ""KR{'type': 'B1'}"", 'DH{}', 'ER{}', 'loading: False']","TE(cyclic, ring=0)",254.33
CCCCCC[C@H]1C(=O)O[C@@H]2CCC(C=C(O)C1=O)C[C@H]2O,"[""AT{'substrate': 'DHCH'}"", 'loading: True']",AT(hmal) + KR(B1) + DH,"[""AT{'substrate': 'hexmal'}"", ""KR{'type': 'C1'}"", 'loading: False']","TE(cyclic, ring=0)",310.39
C[C@H]1C(=O)O[C@H]1C(O)=CC1CC[C@@H](O)[C@H](O)C1,"[""AT{'substrate': 'DHCH'}"", 'loading: True']",AT(hmal) + KR(B1) + DH,"[""AT{'substrate': 'Methylmalonyl-CoA'}"", ""KR{'type': 'A1'}"", 'loading: False']","TE(cyclic, ring=0)",242.27
C=CC[C@@H]1C(=O)O[C@@H]2CCC(C=C(O)C1=O)C[C@H]2O,"[""AT{'substrate': 'DHCH'}"", 'loading: True']",AT(hmal) + KR(B1) + DH,"[""AT{'substrate': 'allylmal'}"", ""KR{'type': 'C2'}"", 'loading: False']","TE(cyclic, ring=0)",266.29
O=C1O[C@H]1[C@@H](O)C(O)=CC1CC[C@@H](O)[C@H](O)C1,"[""AT{'substrate': 'DHCH'}"", 'loading: True']",AT(hmal) + KR(B1) + DH,"[""AT{'substrate': 'hmal'}"", ""KR{'type': 'A2'}"", 'loading: False']","TE(cyclic, ring=0)",244.24
CCCC[C@H]1C(=O)O[C@@H]1C(O)=CC1CC[C@@H](O)[C@H](O)C1,"[""AT{'substrate': 'DHCH'}"", 'loading: True']",AT(hmal) + KR(B1) + DH,"[""AT{'substrate': 'butmal'}"", ""KR{'type': 'B1'}"", 'loading: False']","TE(cyclic, ring=0)",284.35
O=C1O[C@@H]2CCC(C=C(O)C(=O)[C@@H]1CCCCc1c[nH]c(Cl)c1Cl)C[C@H]2O,"[""AT{'substrate': 'DHCH'}"", 'loading: True']",AT(hmal) + KR(B1) + DH,"[""AT{'substrate': 'DCP'}"", ""KR{'type': 'C2'}"", 'loading: False']","TE(cyclic, ring=0)",416.3
CCCCCC[C@H]1C(=O)O[C@@H]1C(O)=CC1CC[C@@H](O)[C@H](O)C1,"[""AT{'substrate': 'DHCH'}"", 'loading: True']",AT(hmal) + KR(B1) + DH,"[""AT{'substrate': 'hexmal'}"", ""KR{'type': 'B1'}"", 'loading: False']","TE(cyclic, ring=0)",312.41
O=C1OC1C(=O)C(O)=CC1CC[C@@H](O)[C@H](O)C1,"[""AT{'substrate': 'DHCH'}"", 'loading: True']",AT(hmal) + KR(B1) + DH,"[""AT{'substrate': 'hmal'}"", 'loading: False']","TE(cyclic, ring=0)",242.23
O=C1CCC(O)=CC2CC[C@@H](O1)[C@H](O)C2,"[""AT{'substrate': 'DHCH'}"", 'loading: True']",AT(hmal) + KR(B1) + DH,"[""AT{'substrate': 'Malonyl-CoA'}"", ""KR{'type': 'B'}"", 'DH{}', 'ER{}', 'loading: False']","TE(cyclic, ring=0)",212.24
C=CC[C@H]1C(=O)O[C@H]1C(O)=CC1CC[C@@H](O)[C@H](O)C1,"[""AT{'substrate': 'DHCH'}"", 'loading: True']",AT(hmal) + KR(B1) + DH,"[""AT{'substrate': 'allylmal'}"", ""KR{'type': 'A1'}"", 'loading: False']","TE(cyclic, ring=0)",268.31
O=C1O[C@@H](C(O)=CC2CC[C@@H](O)[C@H](O)C2)[C@H]1CCCCc1c[nH]c(Cl)c1Cl,"[""AT{'substrate': 'DHCH'}"", 'loading: True']",AT(hmal) + KR(B1) + DH,"[""AT{'substrate': 'DCP'}"", ""KR{'type': 'A1'}"", 'loading: False']","TE(cyclic, ring=0)",418.32
O=C1C=CC(O)=CC2CC[C@@H](O1)[C@H](O)C2,"[""AT{'substrate': 'DHCH'}"", 'loading: True']",AT(hmal) + KR(B1) + DH,"[""AT{'substrate': 'Malonyl-CoA'}"", ""KR{'type': 'B'}"", 'DH{}', 'loading: False']","TE(cyclic, ring=0)",210.23
CC(C)C1=CC(O)=CC2CC[C@@H](OC1=O)[C@H](O)C2,"[""AT{'substrate': 'DHCH'}"", 'loading: True']",AT(hmal) + KR(B1) + DH,"[""AT{'substrate': 'D-isobutmal'}"", ""KR{'type': 'B1'}"", 'DH{}', 'loading: False']","TE(cyclic, ring=0)",252.31
O=C1O[C@@H]1[C@@H](O)C(O)=CC1CC[C@@H](O)[C@H](O)C1,"[""AT{'substrate': 'DHCH'}"", 'loading: True']",AT(hmal) + KR(B1) + DH,"[""AT{'substrate': 'hmal'}"", ""KR{'type': 'A1'}"", 'loading: False']","TE(cyclic, ring=0)",244.24
C=CC[C@H]1CC(O)=CC2CC[C@@H](OC1=O)[C@H](O)C2,"[""AT{'substrate': 'DHCH'}"", 'loading: True']",AT(hmal) + KR(B1) + DH,"[""AT{'substrate': 'allylmal'}"", ""KR{'type': 'B1'}"", 'DH{}', 'ER{}', 'loading: False']","TE(cyclic, ring=0)",252.31
CC[C@@H]1C(=O)O[C@H]1C(O)=CC1CC[C@@H](O)[C@H](O)C1,"[""AT{'substrate': 'DHCH'}"", 'loading: True']",AT(hmal) + KR(B1) + DH,"[""AT{'substrate': 'emal'}"", ""KR{'type': 'A2'}"", 'loading: False']","TE(cyclic, ring=0)",256.3
CC1=CC(O)=CC2CC[C@@H](OC1=O)[C@H](O)C2,"[""AT{'substrate': 'DHCH'}"", 'loading: True']",AT(hmal) + KR(B1) + DH,"[""AT{'substrate': 'Methylmalonyl-CoA'}"", ""KR{'type': 'B1'}"", 'DH{}', 'loading: False']","TE(cyclic, ring=0)",224.26
CC(C)[C@@H]1C(=O)O[C@H]1C(O)=CC1CC[C@@H](O)[C@H](O)C1,"[""AT{'substrate': 'DHCH'}"", 'loading: True']",AT(hmal) + KR(B1) + DH,"[""AT{'substrate': 'isobutmal'}"", ""KR{'type': 'A2'}"", 'loading: False']","TE(cyclic, ring=0)",270.33
O=C1O[C@H]1[C@H](O)C(O)=CC1CC[C@@H](O)[C@H](O)C1,"[""AT{'substrate': 'DHCH'}"", 'loading: True']",AT(hmal) + KR(B1) + DH,"[""AT{'substrate': 'hmal'}"", ""KR{'type': 'B2'}"", 'loading: False']","TE(cyclic, ring=0)",244.24
CCC1=CC(O)=CC2CC[C@@H](OC1=O)[C@H](O)C2,"[""AT{'substrate': 'DHCH'}"", 'loading: True']",AT(hmal) + KR(B1) + DH,"[""AT{'substrate': 'emal'}"", ""KR{'type': 'B1'}"", 'DH{}', 'loading: False']","TE(cyclic, ring=0)",238.28
CCCCC1=CC(O)=CC2CC[C@@H](OC1=O)[C@H](O)C2,"[""AT{'substrate': 'DHCH'}"", 'loading: True']",AT(hmal) + KR(B1) + DH,"[""AT{'substrate': 'butmal'}"", ""KR{'type': 'B1'}"", 'DH{}', 'loading: False']","TE(cyclic, ring=0)",266.34
C[C@@H]1C(=O)O[C@@H]1C(O)=CC1CC[C@@H](O)[C@H](O)C1,"[""AT{'substrate': 'DHCH'}"", 'loading: True']",AT(hmal) + KR(B1) + DH,"[""AT{'substrate': 'Methylmalonyl-CoA'}"", ""KR{'type': 'B2'}"", 'loading: False']","TE(cyclic, ring=0)",242.27
CCCCCC[C@H]1C(=O)O[C@H]1C(O)=CC1CC[C@@H](O)[C@H](O)C1,"[""AT{'substrate': 'DHCH'}"", 'loading: True']",AT(hmal) + KR(B1) + DH,"[""AT{'substrate': 'hexmal'}"", ""KR{'type': 'A1'}"", 'loading: False']","TE(cyclic, ring=0)",312.41
CCCC[C@H]1CC(O)=CC2CC[C@@H](OC1=O)[C@H](O)C2,"[""AT{'substrate': 'DHCH'}"", 'loading: True']",AT(hmal) + KR(B1) + DH,"[""AT{'substrate': 'butmal'}"", ""KR{'type': 'B1'}"", 'DH{}', 'ER{}', 'loading: False']","TE(cyclic, ring=0)",268.35
CC[C@H]1C(=O)O[C@H]1C(O)=CC1CC[C@@H](O)[C@H](O)C1,"[""AT{'substrate': 'DHCH'}"", 'loading: True']",AT(hmal) + KR(B1) + DH,"[""AT{'substrate': 'emal'}"", ""KR{'type': 'A1'}"", 'loading: False']","TE(cyclic, ring=0)",256.3
O=C1O[C@@H]2CCC(C=C(O)C=C1O)C[C@H]2O,"[""AT{'substrate': 'DHCH'}"", 'loading: True']",AT(hmal) + KR(B1) + DH,"[""AT{'substrate': 'hmal'}"", ""KR{'type': 'B1'}"", 'DH{}', 'loading: False']","TE(cyclic, ring=0)",226.23
C[C@@H]1C(=O)O[C@H]1C(O)=CC1=CC[C@@H](O)[C@H](O)C1,"[""AT{'substrate': 'DHCHene'}"", 'loading: True']",AT(hmal) + KR(B1) + DH,"[""AT{'substrate': 'Methylmalonyl-CoA'}"", ""KR{'type': 'A2'}"", 'loading: False']","TE(cyclic, ring=0)",240.25
O=C1O[C@@H]1C(=O)C(O)=CC1=CC[C@@H](O)[C@H](O)C1,"[""AT{'substrate': 'DHCHene'}"", 'loading: True']",AT(hmal) + KR(B1) + DH,"[""AT{'substrate': 'hmal'}"", ""KR{'type': 'C1'}"", 'loading: False']","TE(cyclic, ring=0)",240.21
O=C1CC(=O)C(O)=CC2=CC[C@@H](O1)[C@H](O)C2,"[""AT{'substrate': 'DHCHene'}"", 'loading: True']",AT(hmal) + KR(B1) + DH,"[""AT{'substrate': 'Malonyl-CoA'}"", 'loading: False']","TE(cyclic, ring=0)",224.21
CC[C@H]1CC(O)=CC2=CC[C@@H](OC1=O)[C@H](O)C2,"[""AT{'substrate': 'DHCHene'}"", 'loading: True']",AT(hmal) + KR(B1) + DH,"[""AT{'substrate': 'emal'}"", ""KR{'type': 'B1'}"", 'DH{}', 'ER{}', 'loading: False']","TE(cyclic, ring=0)",238.28
CC(C)[C@H]1C(=O)O[C@H]1C(O)=CC1=CC[C@@H](O)[C@H](O)C1,"[""AT{'substrate': 'DHCHene'}"", 'loading: True']",AT(hmal) + KR(B1) + DH,"[""AT{'substrate': 'isobutmal'}"", ""KR{'type': 'A1'}"", 'loading: False']","TE(cyclic, ring=0)",268.31
CO[C@H]1C(=O)O[C@H]1C(O)=CC1=CC[C@@H](O)[C@H](O)C1,"[""AT{'substrate': 'DHCHene'}"", 'loading: True']",AT(hmal) + KR(B1) + DH,"[""AT{'substrate': 'mxmal'}"", ""KR{'type': 'A1'}"", 'loading: False']","TE(cyclic, ring=1)",256.25
C=CC[C@@H]1C(=O)O[C@@H]1C(O)=CC1=CC[C@@H](O)[C@H](O)C1,"[""AT{'substrate': 'DHCHene'}"", 'loading: True']",AT(hmal) + KR(B1) + DH,"[""AT{'substrate': 'allylmal'}"", ""KR{'type': 'B2'}"", 'loading: False']","TE(cyclic, ring=0)",266.29
C[C@H]1C(=O)O[C@@H]2CC=C(C=C(O)C1=O)C[C@H]2O,"[""AT{'substrate': 'DHCHene'}"", 'loading: True']",AT(hmal) + KR(B1) + DH,"[""AT{'substrate': 'Methylmalonyl-CoA'}"", ""KR{'type': 'C1'}"", 'loading: False']","TE(cyclic, ring=0)",238.24
O=C1O[C@H](C(O)=CC2=CC[C@@H](O)[C@H](O)C2)[C@@H]1CCCCc1c[nH]c(Cl)c1Cl,"[""AT{'substrate': 'DHCHene'}"", 'loading: True']",AT(hmal) + KR(B1) + DH,"[""AT{'substrate': 'DCP'}"", ""KR{'type': 'B2'}"", 'loading: False']","TE(cyclic, ring=0)",416.3
CC(C)[C@@H]1C(=O)O[C@@H]1C(O)=CC1=CC[C@@H](O)[C@H](O)C1,"[""AT{'substrate': 'DHCHene'}"", 'loading: True']",AT(hmal) + KR(B1) + DH,"[""AT{'substrate': 'isobutmal'}"", ""KR{'type': 'B2'}"", 'loading: False']","TE(cyclic, ring=0)",268.31
CO[C@@H]1C(=O)O[C@H]1C(O)=CC1=CC[C@@H](O)[C@H](O)C1,"[""AT{'substrate': 'DHCHene'}"", 'loading: True']",AT(hmal) + KR(B1) + DH,"[""AT{'substrate': 'mxmal'}"", ""KR{'type': 'A2'}"", 'loading: False']","TE(cyclic, ring=1)",256.25
C=CC[C@@H]1C(=O)O[C@H]1C(O)=CC1=CC[C@@H](O)[C@H](O)C1,"[""AT{'substrate': 'DHCHene'}"", 'loading: True']",AT(hmal) + KR(B1) + DH,"[""AT{'substrate': 'allylmal'}"", ""KR{'type': 'A2'}"", 'loading: False']","TE(cyclic, ring=0)",266.29
O=C1O[C@@H](C(O)=CC2=CC[C@@H](O)[C@H](O)C2)[C@@H]1CCCCc1c[nH]c(Cl)c1Cl,"[""AT{'substrate': 'DHCHene'}"", 'loading: True']",AT(hmal) + KR(B1) + DH,"[""AT{'substrate': 'DCP'}"", ""KR{'type': 'A2'}"", 'loading: False']","TE(cyclic, ring=0)",416.3
CC(C)[C@@H]1C(=O)O[C@@H]2CC=C(C=C(O)C1=O)C[C@H]2O,"[""AT{'substrate': 'DHCHene'}"", 'loading: True']",AT(hmal) + KR(B1) + DH,"[""AT{'substrate': 'D-isobutmal'}"", ""KR{'type': 'C2'}"", 'loading: False']","TE(cyclic, ring=0)",266.29
O=C1C[C@@H](C(O)=CC2=CC[C@@H](O)[C@H](O)C2)O1,"[""AT{'substrate': 'DHCHene'}"", 'loading: True']",AT(hmal) + KR(B1) + DH,"[""AT{'substrate': 'Malonyl-CoA'}"", ""KR{'type': 'B'}"", 'loading: False']","TE(cyclic, ring=0)",226.23
CO[C@@H]1C(=O)O[C@@H]2CC=C(C=C(O)C1=O)C[C@H]2O,"[""AT{'substrate': 'DHCHene'}"", 'loading: True']",AT(hmal) + KR(B1) + DH,"[""AT{'substrate': 'mxmal'}"", ""KR{'type': 'C2'}"", 'loading: False']","TE(cyclic, ring=1)",254.24
CC[C@H]1C(=O)O[C@@H]2CC=C(C=C(O)C1=O)C[C@H]2O,"[""AT{'substrate': 'DHCHene'}"", 'loading: True']",AT(hmal) + KR(B1) + DH,"[""AT{'substrate': 'emal'}"", ""KR{'type': 'C1'}"", 'loading: False']","TE(cyclic, ring=0)",252.27
O=C1O[C@@H]2CC=C(C=C(O)C(=O)C1CCCCc1c[nH]c(Cl)c1Cl)C[C@H]2O,"[""AT{'substrate': 'DHCHene'}"", 'loading: True']",AT(hmal) + KR(B1) + DH,"[""AT{'substrate': 'DCP'}"", 'loading: False']","TE(cyclic, ring=0)",414.29
CCCC[C@@H]1C(=O)O[C@@H]2CC=C(C=C(O)C1=O)C[C@H]2O,"[""AT{'substrate': 'DHCHene'}"", 'loading: True']",AT(hmal) + KR(B1) + DH,"[""AT{'substrate': 'butmal'}"", 'loading: False']","TE(cyclic, ring=0)",280.32
O=C1O[C@@H]2CC=C(C=C(O)C(=O)[C@H]1CCCCc1c[nH]c(Cl)c1Cl)C[C@H]2O,"[""AT{'substrate': 'DHCHene'}"", 'loading: True']",AT(hmal) + KR(B1) + DH,"[""AT{'substrate': 'DCP'}"", ""KR{'type': 'C1'}"", 'loading: False']","TE(cyclic, ring=0)",414.29
CCCCCC[C@H]1CC(O)=CC2=CC[C@@H](OC1=O)[C@H](O)C2,"[""AT{'substrate': 'DHCHene'}"", 'loading: True']",AT(hmal) + KR(B1) + DH,"[""AT{'substrate': 'hexmal'}"", ""KR{'type': 'B1'}"", 'DH{}', 'ER{}', 'loading: False']","TE(cyclic, ring=0)",294.39
O=C1O[C@H]1C(=O)C(O)=CC1=CC[C@@H](O)[C@H](O)C1,"[""AT{'substrate': 'DHCHene'}"", 'loading: True']",AT(hmal) + KR(B1) + DH,"[""AT{'substrate': 'hmal'}"", ""KR{'type': 'C2'}"", 'loading: False']","TE(cyclic, ring=0)",240.21
CCCC[C@H]1C(=O)O[C@H]1C(O)=CC1=CC[C@@H](O)[C@H](O)C1,"[""AT{'substrate': 'DHCHene'}"", 'loading: True']",AT(hmal) + KR(B1) + DH,"[""AT{'substrate': 'butmal'}"", ""KR{'type': 'A1'}"", 'loading: False']","TE(cyclic, ring=0)",282.34
CC(C)[C@H]1C(=O)O[C@@H]2CC=C(C=C(O)C1=O)C[C@H]2O,"[""AT{'substrate': 'DHCHene'}"", 'loading: True']",AT(hmal) + KR(B1) + DH,"[""AT{'substrate': 'isobutmal'}"", ""KR{'type': 'C1'}"", 'loading: False']","TE(cyclic, ring=0)",266.29
CO[C@H]1CC(O)=CC2=CC[C@@H](OC1=O)[C@H](O)C2,"[""AT{'substrate': 'DHCHene'}"", 'loading: True']",AT(hmal) + KR(B1) + DH,"[""AT{'substrate': 'mxmal'}"", ""KR{'type': 'B1'}"", 'DH{}', 'ER{}', 'loading: False']","TE(cyclic, ring=1)",240.25
O=C1O[C@@H]2CC=C(C=C(O)C[C@@H]1CCCCc1c[nH]c(Cl)c1Cl)C[C@H]2O,"[""AT{'substrate': 'DHCHene'}"", 'loading: True']",AT(hmal) + KR(B1) + DH,"[""AT{'substrate': 'DCP'}"", ""KR{'type': 'B1'}"", 'DH{}', 'ER{}', 'loading: False']","TE(cyclic, ring=0)",400.3
CCCCCC[C@@H]1C(=O)O[C@@H]1C(O)=CC1=CC[C@@H](O)[C@H](O)C1,"[""AT{'substrate': 'DHCHene'}"", 'loading: True']",AT(hmal) + KR(B1) + DH,"[""AT{'substrate': 'hexmal'}"", ""KR{'type': 'B2'}"", 'loading: False']","TE(cyclic, ring=0)",310.39
CC[C@@H]1C(=O)O[C@@H]1C(O)=CC1=CC[C@@H](O)[C@H](O)C1,"[""AT{'substrate': 'DHCHene'}"", 'loading: True']",AT(hmal) + KR(B1) + DH,"[""AT{'substrate': 'emal'}"", ""KR{'type': 'B2'}"", 'loading: False']","TE(cyclic, ring=0)",254.28
C[C@H]1CC(O)=CC2=CC[C@@H](OC1=O)[C@H](O)C2,"[""AT{'substrate': 'DHCHene'}"", 'loading: True']",AT(hmal) + KR(B1) + DH,"[""AT{'substrate': 'Methylmalonyl-CoA'}"", ""KR{'type': 'B1'}"", 'DH{}', 'ER{}', 'loading: False']","TE(cyclic, ring=0)",224.26
CCCC[C@@H]1C(=O)O[C@H]1C(O)=CC1=CC[C@@H](O)[C@H](O)C1,"[""AT{'substrate': 'DHCHene'}"", 'loading: True']",AT(hmal) + KR(B1) + DH,"[""AT{'substrate': 'butmal'}"", ""KR{'type': 'A2'}"", 'loading: False']","TE(cyclic, ring=0)",282.34
O=C1O[C@@H]1[C@H](O)C(O)=CC1=CC[C@@H](O)[C@H](O)C1,"[""AT{'substrate': 'DHCHene'}"", 'loading: True']",AT(hmal) + KR(B1) + DH,"[""AT{'substrate': 'hmal'}"", ""KR{'type': 'B1'}"", 'loading: False']","TE(cyclic, ring=0)",242.23
CC(C)[C@H]1C(=O)O[C@@H]1C(O)=CC1=CC[C@@H](O)[C@H](O)C1,"[""AT{'substrate': 'DHCHene'}"", 'loading: True']",AT(hmal) + KR(B1) + DH,"[""AT{'substrate': 'D-isobutmal'}"", ""KR{'type': 'B1'}"", 'loading: False']","TE(cyclic, ring=0)",268.31
COC1=CC(O)=CC2=CC[C@@H](OC1=O)[C@H](O)C2,"[""AT{'substrate': 'DHCHene'}"", 'loading: True']",AT(hmal) + KR(B1) + DH,"[""AT{'substrate': 'mxmal'}"", ""KR{'type': 'B1'}"", 'DH{}', 'loading: False']","TE(cyclic, ring=0)",238.24
O=C1C[C@H](C(O)=CC2=CC[C@@H](O)[C@H](O)C2)O1,"[""AT{'substrate': 'DHCHene'}"", 'loading: True']",AT(hmal) + KR(B1) + DH,"[""AT{'substrate': 'Malonyl-CoA'}"", ""KR{'type': 'A'}"", 'loading: False']","TE(cyclic, ring=0)",226.23
CCCCCC[C@@H]1C(=O)O[C@H]1C(O)=CC1=CC[C@@H](O)[C@H](O)C1,"[""AT{'substrate': 'DHCHene'}"", 'loading: True']",AT(hmal) + KR(B1) + DH,"[""AT{'substrate': 'hexmal'}"", ""KR{'type': 'A2'}"", 'loading: False']","TE(cyclic, ring=0)",310.39
C[C@@H]1C(=O)O[C@@H]2CC=C(C=C(O)C1=O)C[C@H]2O,"[""AT{'substrate': 'DHCHene'}"", 'loading: True']",AT(hmal) + KR(B1) + DH,"[""AT{'substrate': 'Methylmalonyl-CoA'}"", 'loading: False']","TE(cyclic, ring=0)",238.24
CO[C@@H]1C(=O)O[C@@H]1C(O)=CC1=CC[C@@H](O)[C@H](O)C1,"[""AT{'substrate': 'DHCHene'}"", 'loading: True']",AT(hmal) + KR(B1) + DH,"[""AT{'substrate': 'mxmal'}"", ""KR{'type': 'B2'}"", 'loading: False']","TE(cyclic, ring=1)",256.25
C[C@H]1C(=O)O[C@@H]1C(O)=CC1=CC[C@@H](O)[C@H](O)C1,"[""AT{'substrate': 'DHCHene'}"", 'loading: True']",AT(hmal) + KR(B1) + DH,"[""AT{'substrate': 'Methylmalonyl-CoA'}"", ""KR{'type': 'B1'}"", 'loading: False']","TE(cyclic, ring=0)",240.25
CC[C@@H]1C(=O)O[C@@H]2CC=C(C=C(O)C1=O)C[C@H]2O,"[""AT{'substrate': 'DHCHene'}"", 'loading: True']",AT(hmal) + KR(B1) + DH,"[""AT{'substrate': 'emal'}"", ""KR{'type': 'C2'}"", 'loading: False']","TE(cyclic, ring=0)",252.27
CCCCCCC1=CC(O)=CC2=CC[C@@H](OC1=O)[C@H](O)C2,"[""AT{'substrate': 'DHCHene'}"", 'loading: True']",AT(hmal) + KR(B1) + DH,"[""AT{'substrate': 'hexmal'}"", ""KR{'type': 'B1'}"", 'DH{}', 'loading: False']","TE(cyclic, ring=0)",292.38
CCCCCC[C@@H]1C(=O)O[C@@H]2CC=C(C=C(O)C1=O)C[C@H]2O,"[""AT{'substrate': 'DHCHene'}"", 'loading: True']",AT(hmal) + KR(B1) + DH,"[""AT{'substrate': 'hexmal'}"", 'loading: False']","TE(cyclic, ring=0)",308.37
CC[C@H]1C(=O)O[C@@H]1C(O)=CC1=CC[C@@H](O)[C@H](O)C1,"[""AT{'substrate': 'DHCHene'}"", 'loading: True']",AT(hmal) + KR(B1) + DH,"[""AT{'substrate': 'emal'}"", ""KR{'type': 'B1'}"", 'loading: False']","TE(cyclic, ring=0)",254.28
C=CC[C@H]1C(=O)O[C@@H]1C(O)=CC1=CC[C@@H](O)[C@H](O)C1,"[""AT{'substrate': 'DHCHene'}"", 'loading: True']",AT(hmal) + KR(B1) + DH,"[""AT{'substrate': 'allylmal'}"", ""KR{'type': 'B1'}"", 'loading: False']","TE(cyclic, ring=0)",266.29
CO[C@H]1C(=O)O[C@@H]2CC=C(C=C(O)C1=O)C[C@H]2O,"[""AT{'substrate': 'DHCHene'}"", 'loading: True']",AT(hmal) + KR(B1) + DH,"[""AT{'substrate': 'mxmal'}"", ""KR{'type': 'C1'}"", 'loading: False']","TE(cyclic, ring=1)",254.24
C=CC[C@H]1C(=O)O[C@@H]2CC=C(C=C(O)C1=O)C[C@H]2O,"[""AT{'substrate': 'DHCHene'}"", 'loading: True']",AT(hmal) + KR(B1) + DH,"[""AT{'substrate': 'allylmal'}"", ""KR{'type': 'C1'}"", 'loading: False']","TE(cyclic, ring=0)",264.28
C=CCC1=CC(O)=CC2=CC[C@@H](OC1=O)[C@H](O)C2,"[""AT{'substrate': 'DHCHene'}"", 'loading: True']",AT(hmal) + KR(B1) + DH,"[""AT{'substrate': 'allylmal'}"", ""KR{'type': 'B1'}"", 'DH{}', 'loading: False']","TE(cyclic, ring=0)",248.28
O=C1O[C@@H]2CC=C(C=C(O)C=C1CCCCc1c[nH]c(Cl)c1Cl)C[C@H]2O,"[""AT{'substrate': 'DHCHene'}"", 'loading: True']",AT(hmal) + KR(B1) + DH,"[""AT{'substrate': 'DCP'}"", ""KR{'type': 'B1'}"", 'DH{}', 'loading: False']","TE(cyclic, ring=0)",398.29
O=C1O[C@H](C(O)=CC2=CC[C@@H](O)[C@H](O)C2)[C@H]1CCCCc1c[nH]c(Cl)c1Cl,"[""AT{'substrate': 'DHCHene'}"", 'loading: True']",AT(hmal) + KR(B1) + DH,"[""AT{'substrate': 'DCP'}"", ""KR{'type': 'B1'}"", 'loading: False']","TE(cyclic, ring=0)",416.3
CCCC[C@@H]1C(=O)O[C@@H]1C(O)=CC1=CC[C@@H](O)[C@H](O)C1,"[""AT{'substrate': 'DHCHene'}"", 'loading: True']",AT(hmal) + KR(B1) + DH,"[""AT{'substrate': 'butmal'}"", ""KR{'type': 'B2'}"", 'loading: False']","TE(cyclic, ring=0)",282.34
CO[C@H]1C(=O)O[C@@H]1C(O)=CC1=CC[C@@H](O)[C@H](O)C1,"[""AT{'substrate': 'DHCHene'}"", 'loading: True']",AT(hmal) + KR(B1) + DH,"[""AT{'substrate': 'mxmal'}"", ""KR{'type': 'B1'}"", 'loading: False']","TE(cyclic, ring=1)",256.25
O=C1O[C@H]1CC(O)=CC1=CC[C@@H](O)[C@H](O)C1,"[""AT{'substrate': 'DHCHene'}"", 'loading: True']",AT(hmal) + KR(B1) + DH,"[""AT{'substrate': 'hmal'}"", ""KR{'type': 'B1'}"", 'DH{}', 'ER{}', 'loading: False']","TE(cyclic, ring=0)",226.23
CCCC[C@H]1C(=O)O[C@@H]2CC=C(C=C(O)C1=O)C[C@H]2O,"[""AT{'substrate': 'DHCHene'}"", 'loading: True']",AT(hmal) + KR(B1) + DH,"[""AT{'substrate': 'butmal'}"", ""KR{'type': 'C1'}"", 'loading: False']","TE(cyclic, ring=0)",280.32
CC(C)[C@H]1CC(O)=CC2=CC[C@@H](OC1=O)[C@H](O)C2,"[""AT{'substrate': 'DHCHene'}"", 'loading: True']",AT(hmal) + KR(B1) + DH,"[""AT{'substrate': 'D-isobutmal'}"", ""KR{'type': 'B1'}"", 'DH{}', 'ER{}', 'loading: False']","TE(cyclic, ring=0)",252.31
CCCCCC[C@H]1C(=O)O[C@@H]2CC=C(C=C(O)C1=O)C[C@H]2O,"[""AT{'substrate': 'DHCHene'}"", 'loading: True']",AT(hmal) + KR(B1) + DH,"[""AT{'substrate': 'hexmal'}"", ""KR{'type': 'C1'}"", 'loading: False']","TE(cyclic, ring=0)",308.37
C[C@H]1C(=O)O[C@H]1C(O)=CC1=CC[C@@H](O)[C@H](O)C1,"[""AT{'substrate': 'DHCHene'}"", 'loading: True']",AT(hmal) + KR(B1) + DH,"[""AT{'substrate': 'Methylmalonyl-CoA'}"", ""KR{'type': 'A1'}"", 'loading: False']","TE(cyclic, ring=0)",240.25
C=CC[C@@H]1C(=O)O[C@@H]2CC=C(C=C(O)C1=O)C[C@H]2O,"[""AT{'substrate': 'DHCHene'}"", 'loading: True']",AT(hmal) + KR(B1) + DH,"[""AT{'substrate': 'allylmal'}"", ""KR{'type': 'C2'}"", 'loading: False']","TE(cyclic, ring=0)",264.28
O=C1O[C@H]1[C@@H](O)C(O)=CC1=CC[C@@H](O)[C@H](O)C1,"[""AT{'substrate': 'DHCHene'}"", 'loading: True']",AT(hmal) + KR(B1) + DH,"[""AT{'substrate': 'hmal'}"", ""KR{'type': 'A2'}"", 'loading: False']","TE(cyclic, ring=0)",242.23
CCCC[C@H]1C(=O)O[C@@H]1C(O)=CC1=CC[C@@H](O)[C@H](O)C1,"[""AT{'substrate': 'DHCHene'}"", 'loading: True']",AT(hmal) + KR(B1) + DH,"[""AT{'substrate': 'butmal'}"", ""KR{'type': 'B1'}"", 'loading: False']","TE(cyclic, ring=0)",282.34
O=C1O[C@@H]2CC=C(C=C(O)C(=O)[C@@H]1CCCCc1c[nH]c(Cl)c1Cl)C[C@H]2O,"[""AT{'substrate': 'DHCHene'}"", 'loading: True']",AT(hmal) + KR(B1) + DH,"[""AT{'substrate': 'DCP'}"", ""KR{'type': 'C2'}"", 'loading: False']","TE(cyclic, ring=0)",414.29
CCCCCC[C@H]1C(=O)O[C@@H]1C(O)=CC1=CC[C@@H](O)[C@H](O)C1,"[""AT{'substrate': 'DHCHene'}"", 'loading: True']",AT(hmal) + KR(B1) + DH,"[""AT{'substrate': 'hexmal'}"", ""KR{'type': 'B1'}"", 'loading: False']","TE(cyclic, ring=0)",310.39
O=C1OC1C(=O)C(O)=CC1=CC[C@@H](O)[C@H](O)C1,"[""AT{'substrate': 'DHCHene'}"", 'loading: True']",AT(hmal) + KR(B1) + DH,"[""AT{'substrate': 'hmal'}"", 'loading: False']","TE(cyclic, ring=0)",240.21
O=C1CCC(O)=CC2=CC[C@@H](O1)[C@H](O)C2,"[""AT{'substrate': 'DHCHene'}"", 'loading: True']",AT(hmal) + KR(B1) + DH,"[""AT{'substrate': 'Malonyl-CoA'}"", ""KR{'type': 'B'}"", 'DH{}', 'ER{}', 'loading: False']","TE(cyclic, ring=0)",210.23
C=CC[C@H]1C(=O)O[C@H]1C(O)=CC1=CC[C@@H](O)[C@H](O)C1,"[""AT{'substrate': 'DHCHene'}"", 'loading: True']",AT(hmal) + KR(B1) + DH,"[""AT{'substrate': 'allylmal'}"", ""KR{'type': 'A1'}"", 'loading: False']","TE(cyclic, ring=0)",266.29
O=C1O[C@@H](C(O)=CC2=CC[C@@H](O)[C@H](O)C2)[C@H]1CCCCc1c[nH]c(Cl)c1Cl,"[""AT{'substrate': 'DHCHene'}"", 'loading: True']",AT(hmal) + KR(B1) + DH,"[""AT{'substrate': 'DCP'}"", ""KR{'type': 'A1'}"", 'loading: False']","TE(cyclic, ring=0)",416.3
O=C1C=CC(O)=CC2=CC[C@@H](O1)[C@H](O)C2,"[""AT{'substrate': 'DHCHene'}"", 'loading: True']",AT(hmal) + KR(B1) + DH,"[""AT{'substrate': 'Malonyl-CoA'}"", ""KR{'type': 'B'}"", 'DH{}', 'loading: False']","TE(cyclic, ring=0)",208.21
CC(C)C1=CC(O)=CC2=CC[C@@H](OC1=O)[C@H](O)C2,"[""AT{'substrate': 'DHCHene'}"", 'loading: True']",AT(hmal) + KR(B1) + DH,"[""AT{'substrate': 'D-isobutmal'}"", ""KR{'type': 'B1'}"", 'DH{}', 'loading: False']","TE(cyclic, ring=0)",250.29
O=C1O[C@@H]1[C@@H](O)C(O)=CC1=CC[C@@H](O)[C@H](O)C1,"[""AT{'substrate': 'DHCHene'}"", 'loading: True']",AT(hmal) + KR(B1) + DH,"[""AT{'substrate': 'hmal'}"", ""KR{'type': 'A1'}"", 'loading: False']","TE(cyclic, ring=0)",242.23
C=CC[C@H]1CC(O)=CC2=CC[C@@H](OC1=O)[C@H](O)C2,"[""AT{'substrate': 'DHCHene'}"", 'loading: True']",AT(hmal) + KR(B1) + DH,"[""AT{'substrate': 'allylmal'}"", ""KR{'type': 'B1'}"", 'DH{}', 'ER{}', 'loading: False']","TE(cyclic, ring=0)",250.29
CC[C@@H]1C(=O)O[C@H]1C(O)=CC1=CC[C@@H](O)[C@H](O)C1,"[""AT{'substrate': 'DHCHene'}"", 'loading: True']",AT(hmal) + KR(B1) + DH,"[""AT{'substrate': 'emal'}"", ""KR{'type': 'A2'}"", 'loading: False']","TE(cyclic, ring=0)",254.28
CC1=CC(O)=CC2=CC[C@@H](OC1=O)[C@H](O)C2,"[""AT{'substrate': 'DHCHene'}"", 'loading: True']",AT(hmal) + KR(B1) + DH,"[""AT{'substrate': 'Methylmalonyl-CoA'}"", ""KR{'type': 'B1'}"", 'DH{}', 'loading: False']","TE(cyclic, ring=0)",222.24
CC(C)[C@@H]1C(=O)O[C@H]1C(O)=CC1=CC[C@@H](O)[C@H](O)C1,"[""AT{'substrate': 'DHCHene'}"", 'loading: True']",AT(hmal) + KR(B1) + DH,"[""AT{'substrate': 'isobutmal'}"", ""KR{'type': 'A2'}"", 'loading: False']","TE(cyclic, ring=0)",268.31
O=C1O[C@H]1[C@H](O)C(O)=CC1=CC[C@@H](O)[C@H](O)C1,"[""AT{'substrate': 'DHCHene'}"", 'loading: True']",AT(hmal) + KR(B1) + DH,"[""AT{'substrate': 'hmal'}"", ""KR{'type': 'B2'}"", 'loading: False']","TE(cyclic, ring=0)",242.23
CCC1=CC(O)=CC2=CC[C@@H](OC1=O)[C@H](O)C2,"[""AT{'substrate': 'DHCHene'}"", 'loading: True']",AT(hmal) + KR(B1) + DH,"[""AT{'substrate': 'emal'}"", ""KR{'type': 'B1'}"", 'DH{}', 'loading: False']","TE(cyclic, ring=0)",236.27
CCCCC1=CC(O)=CC2=CC[C@@H](OC1=O)[C@H](O)C2,"[""AT{'substrate': 'DHCHene'}"", 'loading: True']",AT(hmal) + KR(B1) + DH,"[""AT{'substrate': 'butmal'}"", ""KR{'type': 'B1'}"", 'DH{}', 'loading: False']","TE(cyclic, ring=0)",264.32
C[C@@H]1C(=O)O[C@@H]1C(O)=CC1=CC[C@@H](O)[C@H](O)C1,"[""AT{'substrate': 'DHCHene'}"", 'loading: True']",AT(hmal) + KR(B1) + DH,"[""AT{'substrate': 'Methylmalonyl-CoA'}"", ""KR{'type': 'B2'}"", 'loading: False']","TE(cyclic, ring=0)",240.25
CCCCCC[C@H]1C(=O)O[C@H]1C(O)=CC1=CC[C@@H](O)[C@H](O)C1,"[""AT{'substrate': 'DHCHene'}"", 'loading: True']",AT(hmal) + KR(B1) + DH,"[""AT{'substrate': 'hexmal'}"", ""KR{'type': 'A1'}"", 'loading: False']","TE(cyclic, ring=0)",310.39
CCCC[C@H]1CC(O)=CC2=CC[C@@H](OC1=O)[C@H](O)C2,"[""AT{'substrate': 'DHCHene'}"", 'loading: True']",AT(hmal) + KR(B1) + DH,"[""AT{'substrate': 'butmal'}"", ""KR{'type': 'B1'}"", 'DH{}', 'ER{}', 'loading: False']","TE(cyclic, ring=0)",266.34
CC[C@H]1C(=O)O[C@H]1C(O)=CC1=CC[C@@H](O)[C@H](O)C1,"[""AT{'substrate': 'DHCHene'}"", 'loading: True']",AT(hmal) + KR(B1) + DH,"[""AT{'substrate': 'emal'}"", ""KR{'type': 'A1'}"", 'loading: False']","TE(cyclic, ring=0)",254.28
O=C1O[C@@H]2CC=C(C=C(O)C=C1O)C[C@H]2O,"[""AT{'substrate': 'DHCHene'}"", 'loading: True']",AT(hmal) + KR(B1) + DH,"[""AT{'substrate': 'hmal'}"", ""KR{'type': 'B1'}"", 'DH{}', 'loading: False']","TE(cyclic, ring=0)",224.21
C[C@@H]1C(=O)O[C@H]1C(O)=CCc1ccccc1,"[""AT{'substrate': 'plac'}"", 'loading: True']",AT(hmal) + KR(B1) + DH,"[""AT{'substrate': 'Methylmalonyl-CoA'}"", ""KR{'type': 'A2'}"", 'loading: False']","TE(cyclic, ring=0)",218.25
O=C1O[C@@H]1C(=O)C(O)=CCc1ccccc1,"[""AT{'substrate': 'plac'}"", 'loading: True']",AT(hmal) + KR(B1) + DH,"[""AT{'substrate': 'hmal'}"", ""KR{'type': 'C1'}"", 'loading: False']","TE(cyclic, ring=0)",218.21
O=C1CC(=O)C(=CCc2ccccc2)O1,"[""AT{'substrate': 'plac'}"", 'loading: True']",AT(hmal) + KR(B1) + DH,"[""AT{'substrate': 'Malonyl-CoA'}"", 'loading: False']","TE(cyclic, ring=0)",202.21
CC[C@H]1CC(=CCc2ccccc2)OC1=O,"[""AT{'substrate': 'plac'}"", 'loading: True']",AT(hmal) + KR(B1) + DH,"[""AT{'substrate': 'emal'}"", ""KR{'type': 'B1'}"", 'DH{}', 'ER{}', 'loading: False']","TE(cyclic, ring=0)",216.28
CC(C)[C@H]1C(=O)O[C@H]1C(O)=CCc1ccccc1,"[""AT{'substrate': 'plac'}"", 'loading: True']",AT(hmal) + KR(B1) + DH,"[""AT{'substrate': 'isobutmal'}"", ""KR{'type': 'A1'}"", 'loading: False']","TE(cyclic, ring=0)",246.31
CO[C@H]1C(=O)O[C@H]1C(O)=CCc1ccccc1,"[""AT{'substrate': 'plac'}"", 'loading: True']",AT(hmal) + KR(B1) + DH,"[""AT{'substrate': 'mxmal'}"", ""KR{'type': 'A1'}"", 'loading: False']","TE(cyclic, ring=1)",234.25
C=CC[C@@H]1C(=O)O[C@@H]1C(O)=CCc1ccccc1,"[""AT{'substrate': 'plac'}"", 'loading: True']",AT(hmal) + KR(B1) + DH,"[""AT{'substrate': 'allylmal'}"", ""KR{'type': 'B2'}"", 'loading: False']","TE(cyclic, ring=0)",244.29
C[C@H]1C(=O)OC(=CCc2ccccc2)C1=O,"[""AT{'substrate': 'plac'}"", 'loading: True']",AT(hmal) + KR(B1) + DH,"[""AT{'substrate': 'Methylmalonyl-CoA'}"", ""KR{'type': 'C1'}"", 'loading: False']","TE(cyclic, ring=0)",216.24
O=C1O[C@H](C(O)=CCc2ccccc2)[C@@H]1CCCCc1c[nH]c(Cl)c1Cl,"[""AT{'substrate': 'plac'}"", 'loading: True']",AT(hmal) + KR(B1) + DH,"[""AT{'substrate': 'DCP'}"", ""KR{'type': 'B2'}"", 'loading: False']","TE(cyclic, ring=0)",394.3
CC(C)[C@@H]1C(=O)O[C@@H]1C(O)=CCc1ccccc1,"[""AT{'substrate': 'plac'}"", 'loading: True']",AT(hmal) + KR(B1) + DH,"[""AT{'substrate': 'isobutmal'}"", ""KR{'type': 'B2'}"", 'loading: False']","TE(cyclic, ring=0)",246.31
CO[C@@H]1C(=O)O[C@H]1C(O)=CCc1ccccc1,"[""AT{'substrate': 'plac'}"", 'loading: True']",AT(hmal) + KR(B1) + DH,"[""AT{'substrate': 'mxmal'}"", ""KR{'type': 'A2'}"", 'loading: False']","TE(cyclic, ring=1)",234.25
C=CC[C@@H]1C(=O)O[C@H]1C(O)=CCc1ccccc1,"[""AT{'substrate': 'plac'}"", 'loading: True']",AT(hmal) + KR(B1) + DH,"[""AT{'substrate': 'allylmal'}"", ""KR{'type': 'A2'}"", 'loading: False']","TE(cyclic, ring=0)",244.29
O=C1O[C@@H](C(O)=CCc2ccccc2)[C@@H]1CCCCc1c[nH]c(Cl)c1Cl,"[""AT{'substrate': 'plac'}"", 'loading: True']",AT(hmal) + KR(B1) + DH,"[""AT{'substrate': 'DCP'}"", ""KR{'type': 'A2'}"", 'loading: False']","TE(cyclic, ring=0)",394.3
CC(C)[C@@H]1C(=O)OC(=CCc2ccccc2)C1=O,"[""AT{'substrate': 'plac'}"", 'loading: True']",AT(hmal) + KR(B1) + DH,"[""AT{'substrate': 'D-isobutmal'}"", ""KR{'type': 'C2'}"", 'loading: False']","TE(cyclic, ring=0)",244.29
O=C1C[C@@H](C(O)=CCc2ccccc2)O1,"[""AT{'substrate': 'plac'}"", 'loading: True']",AT(hmal) + KR(B1) + DH,"[""AT{'substrate': 'Malonyl-CoA'}"", ""KR{'type': 'B'}"", 'loading: False']","TE(cyclic, ring=0)",204.23
CO[C@@H]1C(=O)OC(=CCc2ccccc2)C1=O,"[""AT{'substrate': 'plac'}"", 'loading: True']",AT(hmal) + KR(B1) + DH,"[""AT{'substrate': 'mxmal'}"", ""KR{'type': 'C2'}"", 'loading: False']","TE(cyclic, ring=1)",232.24
CC[C@H]1C(=O)OC(=CCc2ccccc2)C1=O,"[""AT{'substrate': 'plac'}"", 'loading: True']",AT(hmal) + KR(B1) + DH,"[""AT{'substrate': 'emal'}"", ""KR{'type': 'C1'}"", 'loading: False']","TE(cyclic, ring=0)",230.26
O=C1OC(=CCc2ccccc2)C(=O)C1CCCCc1c[nH]c(Cl)c1Cl,"[""AT{'substrate': 'plac'}"", 'loading: True']",AT(hmal) + KR(B1) + DH,"[""AT{'substrate': 'DCP'}"", 'loading: False']","TE(cyclic, ring=0)",392.28
CCCC[C@@H]1C(=O)OC(=CCc2ccccc2)C1=O,"[""AT{'substrate': 'plac'}"", 'loading: True']",AT(hmal) + KR(B1) + DH,"[""AT{'substrate': 'butmal'}"", 'loading: False']","TE(cyclic, ring=0)",258.32
O=C1OC(=CCc2ccccc2)C(=O)[C@H]1CCCCc1c[nH]c(Cl)c1Cl,"[""AT{'substrate': 'plac'}"", 'loading: True']",AT(hmal) + KR(B1) + DH,"[""AT{'substrate': 'DCP'}"", ""KR{'type': 'C1'}"", 'loading: False']","TE(cyclic, ring=0)",392.28
CCCCCC[C@H]1CC(=CCc2ccccc2)OC1=O,"[""AT{'substrate': 'plac'}"", 'loading: True']",AT(hmal) + KR(B1) + DH,"[""AT{'substrate': 'hexmal'}"", ""KR{'type': 'B1'}"", 'DH{}', 'ER{}', 'loading: False']","TE(cyclic, ring=0)",272.39
O=C1O[C@H]1C(=O)C(O)=CCc1ccccc1,"[""AT{'substrate': 'plac'}"", 'loading: True']",AT(hmal) + KR(B1) + DH,"[""AT{'substrate': 'hmal'}"", ""KR{'type': 'C2'}"", 'loading: False']","TE(cyclic, ring=0)",218.21
CCCC[C@H]1C(=O)O[C@H]1C(O)=CCc1ccccc1,"[""AT{'substrate': 'plac'}"", 'loading: True']",AT(hmal) + KR(B1) + DH,"[""AT{'substrate': 'butmal'}"", ""KR{'type': 'A1'}"", 'loading: False']","TE(cyclic, ring=0)",260.33
CC(C)[C@H]1C(=O)OC(=CCc2ccccc2)C1=O,"[""AT{'substrate': 'plac'}"", 'loading: True']",AT(hmal) + KR(B1) + DH,"[""AT{'substrate': 'isobutmal'}"", ""KR{'type': 'C1'}"", 'loading: False']","TE(cyclic, ring=0)",244.29
CO[C@H]1CC(=CCc2ccccc2)OC1=O,"[""AT{'substrate': 'plac'}"", 'loading: True']",AT(hmal) + KR(B1) + DH,"[""AT{'substrate': 'mxmal'}"", ""KR{'type': 'B1'}"", 'DH{}', 'ER{}', 'loading: False']","TE(cyclic, ring=1)",218.25
O=C1OC(=CCc2ccccc2)C[C@@H]1CCCCc1c[nH]c(Cl)c1Cl,"[""AT{'substrate': 'plac'}"", 'loading: True']",AT(hmal) + KR(B1) + DH,"[""AT{'substrate': 'DCP'}"", ""KR{'type': 'B1'}"", 'DH{}', 'ER{}', 'loading: False']","TE(cyclic, ring=0)",378.3
CCCCCC[C@@H]1C(=O)O[C@@H]1C(O)=CCc1ccccc1,"[""AT{'substrate': 'plac'}"", 'loading: True']",AT(hmal) + KR(B1) + DH,"[""AT{'substrate': 'hexmal'}"", ""KR{'type': 'B2'}"", 'loading: False']","TE(cyclic, ring=0)",288.39
CC[C@@H]1C(=O)O[C@@H]1C(O)=CCc1ccccc1,"[""AT{'substrate': 'plac'}"", 'loading: True']",AT(hmal) + KR(B1) + DH,"[""AT{'substrate': 'emal'}"", ""KR{'type': 'B2'}"", 'loading: False']","TE(cyclic, ring=0)",232.28
C[C@H]1CC(=CCc2ccccc2)OC1=O,"[""AT{'substrate': 'plac'}"", 'loading: True']",AT(hmal) + KR(B1) + DH,"[""AT{'substrate': 'Methylmalonyl-CoA'}"", ""KR{'type': 'B1'}"", 'DH{}', 'ER{}', 'loading: False']","TE(cyclic, ring=0)",202.25
CCCC[C@@H]1C(=O)O[C@H]1C(O)=CCc1ccccc1,"[""AT{'substrate': 'plac'}"", 'loading: True']",AT(hmal) + KR(B1) + DH,"[""AT{'substrate': 'butmal'}"", ""KR{'type': 'A2'}"", 'loading: False']","TE(cyclic, ring=0)",260.33
O=C1O[C@@H]1[C@H](O)C(O)=CCc1ccccc1,"[""AT{'substrate': 'plac'}"", 'loading: True']",AT(hmal) + KR(B1) + DH,"[""AT{'substrate': 'hmal'}"", ""KR{'type': 'B1'}"", 'loading: False']","TE(cyclic, ring=0)",220.22
CC(C)[C@H]1C(=O)O[C@@H]1C(O)=CCc1ccccc1,"[""AT{'substrate': 'plac'}"", 'loading: True']",AT(hmal) + KR(B1) + DH,"[""AT{'substrate': 'D-isobutmal'}"", ""KR{'type': 'B1'}"", 'loading: False']","TE(cyclic, ring=0)",246.31
COC1=CC(=CCc2ccccc2)OC1=O,"[""AT{'substrate': 'plac'}"", 'loading: True']",AT(hmal) + KR(B1) + DH,"[""AT{'substrate': 'mxmal'}"", ""KR{'type': 'B1'}"", 'DH{}', 'loading: False']","TE(cyclic, ring=0)",216.24
O=C1C[C@H](C(O)=CCc2ccccc2)O1,"[""AT{'substrate': 'plac'}"", 'loading: True']",AT(hmal) + KR(B1) + DH,"[""AT{'substrate': 'Malonyl-CoA'}"", ""KR{'type': 'A'}"", 'loading: False']","TE(cyclic, ring=0)",204.23
CCCCCC[C@@H]1C(=O)O[C@H]1C(O)=CCc1ccccc1,"[""AT{'substrate': 'plac'}"", 'loading: True']",AT(hmal) + KR(B1) + DH,"[""AT{'substrate': 'hexmal'}"", ""KR{'type': 'A2'}"", 'loading: False']","TE(cyclic, ring=0)",288.39
C[C@@H]1C(=O)OC(=CCc2ccccc2)C1=O,"[""AT{'substrate': 'plac'}"", 'loading: True']",AT(hmal) + KR(B1) + DH,"[""AT{'substrate': 'Methylmalonyl-CoA'}"", 'loading: False']","TE(cyclic, ring=0)",216.24
CO[C@@H]1C(=O)O[C@@H]1C(O)=CCc1ccccc1,"[""AT{'substrate': 'plac'}"", 'loading: True']",AT(hmal) + KR(B1) + DH,"[""AT{'substrate': 'mxmal'}"", ""KR{'type': 'B2'}"", 'loading: False']","TE(cyclic, ring=1)",234.25
C[C@H]1C(=O)O[C@@H]1C(O)=CCc1ccccc1,"[""AT{'substrate': 'plac'}"", 'loading: True']",AT(hmal) + KR(B1) + DH,"[""AT{'substrate': 'Methylmalonyl-CoA'}"", ""KR{'type': 'B1'}"", 'loading: False']","TE(cyclic, ring=0)",218.25
CC[C@@H]1C(=O)OC(=CCc2ccccc2)C1=O,"[""AT{'substrate': 'plac'}"", 'loading: True']",AT(hmal) + KR(B1) + DH,"[""AT{'substrate': 'emal'}"", ""KR{'type': 'C2'}"", 'loading: False']","TE(cyclic, ring=0)",230.26
CCCCCCC1=CC(=CCc2ccccc2)OC1=O,"[""AT{'substrate': 'plac'}"", 'loading: True']",AT(hmal) + KR(B1) + DH,"[""AT{'substrate': 'hexmal'}"", ""KR{'type': 'B1'}"", 'DH{}', 'loading: False']","TE(cyclic, ring=0)",270.37
CCCCCC[C@@H]1C(=O)OC(=CCc2ccccc2)C1=O,"[""AT{'substrate': 'plac'}"", 'loading: True']",AT(hmal) + KR(B1) + DH,"[""AT{'substrate': 'hexmal'}"", 'loading: False']","TE(cyclic, ring=0)",286.37
CC[C@H]1C(=O)O[C@@H]1C(O)=CCc1ccccc1,"[""AT{'substrate': 'plac'}"", 'loading: True']",AT(hmal) + KR(B1) + DH,"[""AT{'substrate': 'emal'}"", ""KR{'type': 'B1'}"", 'loading: False']","TE(cyclic, ring=0)",232.28
C=CC[C@H]1C(=O)O[C@@H]1C(O)=CCc1ccccc1,"[""AT{'substrate': 'plac'}"", 'loading: True']",AT(hmal) + KR(B1) + DH,"[""AT{'substrate': 'allylmal'}"", ""KR{'type': 'B1'}"", 'loading: False']","TE(cyclic, ring=0)",244.29
CO[C@H]1C(=O)OC(=CCc2ccccc2)C1=O,"[""AT{'substrate': 'plac'}"", 'loading: True']",AT(hmal) + KR(B1) + DH,"[""AT{'substrate': 'mxmal'}"", ""KR{'type': 'C1'}"", 'loading: False']","TE(cyclic, ring=1)",232.24
C=CC[C@H]1C(=O)OC(=CCc2ccccc2)C1=O,"[""AT{'substrate': 'plac'}"", 'loading: True']",AT(hmal) + KR(B1) + DH,"[""AT{'substrate': 'allylmal'}"", ""KR{'type': 'C1'}"", 'loading: False']","TE(cyclic, ring=0)",242.27
C=CCC1=CC(=CCc2ccccc2)OC1=O,"[""AT{'substrate': 'plac'}"", 'loading: True']",AT(hmal) + KR(B1) + DH,"[""AT{'substrate': 'allylmal'}"", ""KR{'type': 'B1'}"", 'DH{}', 'loading: False']","TE(cyclic, ring=0)",226.27
O=C1OC(=CCc2ccccc2)C=C1CCCCc1c[nH]c(Cl)c1Cl,"[""AT{'substrate': 'plac'}"", 'loading: True']",AT(hmal) + KR(B1) + DH,"[""AT{'substrate': 'DCP'}"", ""KR{'type': 'B1'}"", 'DH{}', 'loading: False']","TE(cyclic, ring=0)",376.28
O=C1O[C@H](C(O)=CCc2ccccc2)[C@H]1CCCCc1c[nH]c(Cl)c1Cl,"[""AT{'substrate': 'plac'}"", 'loading: True']",AT(hmal) + KR(B1) + DH,"[""AT{'substrate': 'DCP'}"", ""KR{'type': 'B1'}"", 'loading: False']","TE(cyclic, ring=0)",394.3
CCCC[C@@H]1C(=O)O[C@@H]1C(O)=CCc1ccccc1,"[""AT{'substrate': 'plac'}"", 'loading: True']",AT(hmal) + KR(B1) + DH,"[""AT{'substrate': 'butmal'}"", ""KR{'type': 'B2'}"", 'loading: False']","TE(cyclic, ring=0)",260.33
CO[C@H]1C(=O)O[C@@H]1C(O)=CCc1ccccc1,"[""AT{'substrate': 'plac'}"", 'loading: True']",AT(hmal) + KR(B1) + DH,"[""AT{'substrate': 'mxmal'}"", ""KR{'type': 'B1'}"", 'loading: False']","TE(cyclic, ring=1)",234.25
O=C1O[C@H]1CC(O)=CCc1ccccc1,"[""AT{'substrate': 'plac'}"", 'loading: True']",AT(hmal) + KR(B1) + DH,"[""AT{'substrate': 'hmal'}"", ""KR{'type': 'B1'}"", 'DH{}', 'ER{}', 'loading: False']","TE(cyclic, ring=0)",204.23
CCCC[C@H]1C(=O)OC(=CCc2ccccc2)C1=O,"[""AT{'substrate': 'plac'}"", 'loading: True']",AT(hmal) + KR(B1) + DH,"[""AT{'substrate': 'butmal'}"", ""KR{'type': 'C1'}"", 'loading: False']","TE(cyclic, ring=0)",258.32
CC(C)[C@H]1CC(=CCc2ccccc2)OC1=O,"[""AT{'substrate': 'plac'}"", 'loading: True']",AT(hmal) + KR(B1) + DH,"[""AT{'substrate': 'D-isobutmal'}"", ""KR{'type': 'B1'}"", 'DH{}', 'ER{}', 'loading: False']","TE(cyclic, ring=0)",230.31
CCCCCC[C@H]1C(=O)OC(=CCc2ccccc2)C1=O,"[""AT{'substrate': 'plac'}"", 'loading: True']",AT(hmal) + KR(B1) + DH,"[""AT{'substrate': 'hexmal'}"", ""KR{'type': 'C1'}"", 'loading: False']","TE(cyclic, ring=0)",286.37
C[C@H]1C(=O)O[C@H]1C(O)=CCc1ccccc1,"[""AT{'substrate': 'plac'}"", 'loading: True']",AT(hmal) + KR(B1) + DH,"[""AT{'substrate': 'Methylmalonyl-CoA'}"", ""KR{'type': 'A1'}"", 'loading: False']","TE(cyclic, ring=0)",218.25
C=CC[C@@H]1C(=O)OC(=CCc2ccccc2)C1=O,"[""AT{'substrate': 'plac'}"", 'loading: True']",AT(hmal) + KR(B1) + DH,"[""AT{'substrate': 'allylmal'}"", ""KR{'type': 'C2'}"", 'loading: False']","TE(cyclic, ring=0)",242.27
O=C1O[C@H]1[C@@H](O)C(O)=CCc1ccccc1,"[""AT{'substrate': 'plac'}"", 'loading: True']",AT(hmal) + KR(B1) + DH,"[""AT{'substrate': 'hmal'}"", ""KR{'type': 'A2'}"", 'loading: False']","TE(cyclic, ring=0)",220.22
CCCC[C@H]1C(=O)O[C@@H]1C(O)=CCc1ccccc1,"[""AT{'substrate': 'plac'}"", 'loading: True']",AT(hmal) + KR(B1) + DH,"[""AT{'substrate': 'butmal'}"", ""KR{'type': 'B1'}"", 'loading: False']","TE(cyclic, ring=0)",260.33
O=C1OC(=CCc2ccccc2)C(=O)[C@@H]1CCCCc1c[nH]c(Cl)c1Cl,"[""AT{'substrate': 'plac'}"", 'loading: True']",AT(hmal) + KR(B1) + DH,"[""AT{'substrate': 'DCP'}"", ""KR{'type': 'C2'}"", 'loading: False']","TE(cyclic, ring=0)",392.28
CCCCCC[C@H]1C(=O)O[C@@H]1C(O)=CCc1ccccc1,"[""AT{'substrate': 'plac'}"", 'loading: True']",AT(hmal) + KR(B1) + DH,"[""AT{'substrate': 'hexmal'}"", ""KR{'type': 'B1'}"", 'loading: False']","TE(cyclic, ring=0)",288.39
O=C1OC1C(=O)C(O)=CCc1ccccc1,"[""AT{'substrate': 'plac'}"", 'loading: True']",AT(hmal) + KR(B1) + DH,"[""AT{'substrate': 'hmal'}"", 'loading: False']","TE(cyclic, ring=0)",218.21
O=C1CCC(=CCc2ccccc2)O1,"[""AT{'substrate': 'plac'}"", 'loading: True']",AT(hmal) + KR(B1) + DH,"[""AT{'substrate': 'Malonyl-CoA'}"", ""KR{'type': 'B'}"", 'DH{}', 'ER{}', 'loading: False']","TE(cyclic, ring=0)",188.23
C=CC[C@H]1C(=O)O[C@H]1C(O)=CCc1ccccc1,"[""AT{'substrate': 'plac'}"", 'loading: True']",AT(hmal) + KR(B1) + DH,"[""AT{'substrate': 'allylmal'}"", ""KR{'type': 'A1'}"", 'loading: False']","TE(cyclic, ring=0)",244.29
O=C1O[C@@H](C(O)=CCc2ccccc2)[C@H]1CCCCc1c[nH]c(Cl)c1Cl,"[""AT{'substrate': 'plac'}"", 'loading: True']",AT(hmal) + KR(B1) + DH,"[""AT{'substrate': 'DCP'}"", ""KR{'type': 'A1'}"", 'loading: False']","TE(cyclic, ring=0)",394.3
O=C1C=CC(=CCc2ccccc2)O1,"[""AT{'substrate': 'plac'}"", 'loading: True']",AT(hmal) + KR(B1) + DH,"[""AT{'substrate': 'Malonyl-CoA'}"", ""KR{'type': 'B'}"", 'DH{}', 'loading: False']","TE(cyclic, ring=0)",186.21
CC(C)C1=CC(=CCc2ccccc2)OC1=O,"[""AT{'substrate': 'plac'}"", 'loading: True']",AT(hmal) + KR(B1) + DH,"[""AT{'substrate': 'D-isobutmal'}"", ""KR{'type': 'B1'}"", 'DH{}', 'loading: False']","TE(cyclic, ring=0)",228.29
O=C1O[C@@H]1[C@@H](O)C(O)=CCc1ccccc1,"[""AT{'substrate': 'plac'}"", 'loading: True']",AT(hmal) + KR(B1) + DH,"[""AT{'substrate': 'hmal'}"", ""KR{'type': 'A1'}"", 'loading: False']","TE(cyclic, ring=0)",220.22
C=CC[C@H]1CC(=CCc2ccccc2)OC1=O,"[""AT{'substrate': 'plac'}"", 'loading: True']",AT(hmal) + KR(B1) + DH,"[""AT{'substrate': 'allylmal'}"", ""KR{'type': 'B1'}"", 'DH{}', 'ER{}', 'loading: False']","TE(cyclic, ring=0)",228.29
CC[C@@H]1C(=O)O[C@H]1C(O)=CCc1ccccc1,"[""AT{'substrate': 'plac'}"", 'loading: True']",AT(hmal) + KR(B1) + DH,"[""AT{'substrate': 'emal'}"", ""KR{'type': 'A2'}"", 'loading: False']","TE(cyclic, ring=0)",232.28
CC1=CC(=CCc2ccccc2)OC1=O,"[""AT{'substrate': 'plac'}"", 'loading: True']",AT(hmal) + KR(B1) + DH,"[""AT{'substrate': 'Methylmalonyl-CoA'}"", ""KR{'type': 'B1'}"", 'DH{}', 'loading: False']","TE(cyclic, ring=0)",200.24
CC(C)[C@@H]1C(=O)O[C@H]1C(O)=CCc1ccccc1,"[""AT{'substrate': 'plac'}"", 'loading: True']",AT(hmal) + KR(B1) + DH,"[""AT{'substrate': 'isobutmal'}"", ""KR{'type': 'A2'}"", 'loading: False']","TE(cyclic, ring=0)",246.31
O=C1O[C@H]1[C@H](O)C(O)=CCc1ccccc1,"[""AT{'substrate': 'plac'}"", 'loading: True']",AT(hmal) + KR(B1) + DH,"[""AT{'substrate': 'hmal'}"", ""KR{'type': 'B2'}"", 'loading: False']","TE(cyclic, ring=0)",220.22
CCC1=CC(=CCc2ccccc2)OC1=O,"[""AT{'substrate': 'plac'}"", 'loading: True']",AT(hmal) + KR(B1) + DH,"[""AT{'substrate': 'emal'}"", ""KR{'type': 'B1'}"", 'DH{}', 'loading: False']","TE(cyclic, ring=0)",214.26
CCCCC1=CC(=CCc2ccccc2)OC1=O,"[""AT{'substrate': 'plac'}"", 'loading: True']",AT(hmal) + KR(B1) + DH,"[""AT{'substrate': 'butmal'}"", ""KR{'type': 'B1'}"", 'DH{}', 'loading: False']","TE(cyclic, ring=0)",242.32
C[C@@H]1C(=O)O[C@@H]1C(O)=CCc1ccccc1,"[""AT{'substrate': 'plac'}"", 'loading: True']",AT(hmal) + KR(B1) + DH,"[""AT{'substrate': 'Methylmalonyl-CoA'}"", ""KR{'type': 'B2'}"", 'loading: False']","TE(cyclic, ring=0)",218.25
CCCCCC[C@H]1C(=O)O[C@H]1C(O)=CCc1ccccc1,"[""AT{'substrate': 'plac'}"", 'loading: True']",AT(hmal) + KR(B1) + DH,"[""AT{'substrate': 'hexmal'}"", ""KR{'type': 'A1'}"", 'loading: False']","TE(cyclic, ring=0)",288.39
CCCC[C@H]1CC(=CCc2ccccc2)OC1=O,"[""AT{'substrate': 'plac'}"", 'loading: True']",AT(hmal) + KR(B1) + DH,"[""AT{'substrate': 'butmal'}"", ""KR{'type': 'B1'}"", 'DH{}', 'ER{}', 'loading: False']","TE(cyclic, ring=0)",244.33
CC[C@H]1C(=O)O[C@H]1C(O)=CCc1ccccc1,"[""AT{'substrate': 'plac'}"", 'loading: True']",AT(hmal) + KR(B1) + DH,"[""AT{'substrate': 'emal'}"", ""KR{'type': 'A1'}"", 'loading: False']","TE(cyclic, ring=0)",232.28
O=C1OC(=CCc2ccccc2)C=C1O,"[""AT{'substrate': 'plac'}"", 'loading: True']",AT(hmal) + KR(B1) + DH,"[""AT{'substrate': 'hmal'}"", ""KR{'type': 'B1'}"", 'DH{}', 'loading: False']","TE(cyclic, ring=0)",202.21
C[C@@H]1C(=O)O[C@H]1C(O)=Cc1ccccc1,"[""AT{'substrate': 'benz'}"", 'loading: True']",AT(hmal) + KR(B1) + DH,"[""AT{'substrate': 'Methylmalonyl-CoA'}"", ""KR{'type': 'A2'}"", 'loading: False']","TE(cyclic, ring=0)",204.22
O=C1O[C@@H]1C(=O)C(O)=Cc1ccccc1,"[""AT{'substrate': 'benz'}"", 'loading: True']",AT(hmal) + KR(B1) + DH,"[""AT{'substrate': 'hmal'}"", ""KR{'type': 'C1'}"", 'loading: False']","TE(cyclic, ring=0)",204.18
O=C1CC(=O)C(=Cc2ccccc2)O1,"[""AT{'substrate': 'benz'}"", 'loading: True']",AT(hmal) + KR(B1) + DH,"[""AT{'substrate': 'Malonyl-CoA'}"", 'loading: False']","TE(cyclic, ring=0)",188.18
CC[C@H]1CC(=Cc2ccccc2)OC1=O,"[""AT{'substrate': 'benz'}"", 'loading: True']",AT(hmal) + KR(B1) + DH,"[""AT{'substrate': 'emal'}"", ""KR{'type': 'B1'}"", 'DH{}', 'ER{}', 'loading: False']","TE(cyclic, ring=0)",202.25
CC(C)[C@H]1C(=O)O[C@H]1C(O)=Cc1ccccc1,"[""AT{'substrate': 'benz'}"", 'loading: True']",AT(hmal) + KR(B1) + DH,"[""AT{'substrate': 'isobutmal'}"", ""KR{'type': 'A1'}"", 'loading: False']","TE(cyclic, ring=0)",232.28
CO[C@H]1C(=O)O[C@H]1C(O)=Cc1ccccc1,"[""AT{'substrate': 'benz'}"", 'loading: True']",AT(hmal) + KR(B1) + DH,"[""AT{'substrate': 'mxmal'}"", ""KR{'type': 'A1'}"", 'loading: False']","TE(cyclic, ring=1)",220.22
C=CC[C@@H]1C(=O)O[C@@H]1C(O)=Cc1ccccc1,"[""AT{'substrate': 'benz'}"", 'loading: True']",AT(hmal) + KR(B1) + DH,"[""AT{'substrate': 'allylmal'}"", ""KR{'type': 'B2'}"", 'loading: False']","TE(cyclic, ring=0)",230.26
C[C@H]1C(=O)OC(=Cc2ccccc2)C1=O,"[""AT{'substrate': 'benz'}"", 'loading: True']",AT(hmal) + KR(B1) + DH,"[""AT{'substrate': 'Methylmalonyl-CoA'}"", ""KR{'type': 'C1'}"", 'loading: False']","TE(cyclic, ring=0)",202.21
O=C1O[C@H](C(O)=Cc2ccccc2)[C@@H]1CCCCc1c[nH]c(Cl)c1Cl,"[""AT{'substrate': 'benz'}"", 'loading: True']",AT(hmal) + KR(B1) + DH,"[""AT{'substrate': 'DCP'}"", ""KR{'type': 'B2'}"", 'loading: False']","TE(cyclic, ring=0)",380.27
CC(C)[C@@H]1C(=O)O[C@@H]1C(O)=Cc1ccccc1,"[""AT{'substrate': 'benz'}"", 'loading: True']",AT(hmal) + KR(B1) + DH,"[""AT{'substrate': 'isobutmal'}"", ""KR{'type': 'B2'}"", 'loading: False']","TE(cyclic, ring=0)",232.28
CO[C@@H]1C(=O)O[C@H]1C(O)=Cc1ccccc1,"[""AT{'substrate': 'benz'}"", 'loading: True']",AT(hmal) + KR(B1) + DH,"[""AT{'substrate': 'mxmal'}"", ""KR{'type': 'A2'}"", 'loading: False']","TE(cyclic, ring=1)",220.22
C=CC[C@@H]1C(=O)O[C@H]1C(O)=Cc1ccccc1,"[""AT{'substrate': 'benz'}"", 'loading: True']",AT(hmal) + KR(B1) + DH,"[""AT{'substrate': 'allylmal'}"", ""KR{'type': 'A2'}"", 'loading: False']","TE(cyclic, ring=0)",230.26
O=C1O[C@@H](C(O)=Cc2ccccc2)[C@@H]1CCCCc1c[nH]c(Cl)c1Cl,"[""AT{'substrate': 'benz'}"", 'loading: True']",AT(hmal) + KR(B1) + DH,"[""AT{'substrate': 'DCP'}"", ""KR{'type': 'A2'}"", 'loading: False']","TE(cyclic, ring=0)",380.27
CC(C)[C@@H]1C(=O)OC(=Cc2ccccc2)C1=O,"[""AT{'substrate': 'benz'}"", 'loading: True']",AT(hmal) + KR(B1) + DH,"[""AT{'substrate': 'D-isobutmal'}"", ""KR{'type': 'C2'}"", 'loading: False']","TE(cyclic, ring=0)",230.26
O=C1C[C@@H](C(O)=Cc2ccccc2)O1,"[""AT{'substrate': 'benz'}"", 'loading: True']",AT(hmal) + KR(B1) + DH,"[""AT{'substrate': 'Malonyl-CoA'}"", ""KR{'type': 'B'}"", 'loading: False']","TE(cyclic, ring=0)",190.2
CO[C@@H]1C(=O)OC(=Cc2ccccc2)C1=O,"[""AT{'substrate': 'benz'}"", 'loading: True']",AT(hmal) + KR(B1) + DH,"[""AT{'substrate': 'mxmal'}"", ""KR{'type': 'C2'}"", 'loading: False']","TE(cyclic, ring=1)",218.21
CC[C@H]1C(=O)OC(=Cc2ccccc2)C1=O,"[""AT{'substrate': 'benz'}"", 'loading: True']",AT(hmal) + KR(B1) + DH,"[""AT{'substrate': 'emal'}"", ""KR{'type': 'C1'}"", 'loading: False']","TE(cyclic, ring=0)",216.24
O=C1OC(=Cc2ccccc2)C(=O)C1CCCCc1c[nH]c(Cl)c1Cl,"[""AT{'substrate': 'benz'}"", 'loading: True']",AT(hmal) + KR(B1) + DH,"[""AT{'substrate': 'DCP'}"", 'loading: False']","TE(cyclic, ring=0)",378.25
CCCC[C@@H]1C(=O)OC(=Cc2ccccc2)C1=O,"[""AT{'substrate': 'benz'}"", 'loading: True']",AT(hmal) + KR(B1) + DH,"[""AT{'substrate': 'butmal'}"", 'loading: False']","TE(cyclic, ring=0)",244.29
O=C1OC(=Cc2ccccc2)C(=O)[C@H]1CCCCc1c[nH]c(Cl)c1Cl,"[""AT{'substrate': 'benz'}"", 'loading: True']",AT(hmal) + KR(B1) + DH,"[""AT{'substrate': 'DCP'}"", ""KR{'type': 'C1'}"", 'loading: False']","TE(cyclic, ring=0)",378.25
CCCCCC[C@H]1CC(=Cc2ccccc2)OC1=O,"[""AT{'substrate': 'benz'}"", 'loading: True']",AT(hmal) + KR(B1) + DH,"[""AT{'substrate': 'hexmal'}"", ""KR{'type': 'B1'}"", 'DH{}', 'ER{}', 'loading: False']","TE(cyclic, ring=0)",258.36
O=C1O[C@H]1C(=O)C(O)=Cc1ccccc1,"[""AT{'substrate': 'benz'}"", 'loading: True']",AT(hmal) + KR(B1) + DH,"[""AT{'substrate': 'hmal'}"", ""KR{'type': 'C2'}"", 'loading: False']","TE(cyclic, ring=0)",204.18
CCCC[C@H]1C(=O)O[C@H]1C(O)=Cc1ccccc1,"[""AT{'substrate': 'benz'}"", 'loading: True']",AT(hmal) + KR(B1) + DH,"[""AT{'substrate': 'butmal'}"", ""KR{'type': 'A1'}"", 'loading: False']","TE(cyclic, ring=0)",246.31
CC(C)[C@H]1C(=O)OC(=Cc2ccccc2)C1=O,"[""AT{'substrate': 'benz'}"", 'loading: True']",AT(hmal) + KR(B1) + DH,"[""AT{'substrate': 'isobutmal'}"", ""KR{'type': 'C1'}"", 'loading: False']","TE(cyclic, ring=0)",230.26
CO[C@H]1CC(=Cc2ccccc2)OC1=O,"[""AT{'substrate': 'benz'}"", 'loading: True']",AT(hmal) + KR(B1) + DH,"[""AT{'substrate': 'mxmal'}"", ""KR{'type': 'B1'}"", 'DH{}', 'ER{}', 'loading: False']","TE(cyclic, ring=1)",204.22
O=C1OC(=Cc2ccccc2)C[C@@H]1CCCCc1c[nH]c(Cl)c1Cl,"[""AT{'substrate': 'benz'}"", 'loading: True']",AT(hmal) + KR(B1) + DH,"[""AT{'substrate': 'DCP'}"", ""KR{'type': 'B1'}"", 'DH{}', 'ER{}', 'loading: False']","TE(cyclic, ring=0)",364.27
CCCCCC[C@@H]1C(=O)O[C@@H]1C(O)=Cc1ccccc1,"[""AT{'substrate': 'benz'}"", 'loading: True']",AT(hmal) + KR(B1) + DH,"[""AT{'substrate': 'hexmal'}"", ""KR{'type': 'B2'}"", 'loading: False']","TE(cyclic, ring=0)",274.36
CC[C@@H]1C(=O)O[C@@H]1C(O)=Cc1ccccc1,"[""AT{'substrate': 'benz'}"", 'loading: True']",AT(hmal) + KR(B1) + DH,"[""AT{'substrate': 'emal'}"", ""KR{'type': 'B2'}"", 'loading: False']","TE(cyclic, ring=0)",218.25
C[C@H]1CC(=Cc2ccccc2)OC1=O,"[""AT{'substrate': 'benz'}"", 'loading: True']",AT(hmal) + KR(B1) + DH,"[""AT{'substrate': 'Methylmalonyl-CoA'}"", ""KR{'type': 'B1'}"", 'DH{}', 'ER{}', 'loading: False']","TE(cyclic, ring=0)",188.23
CCCC[C@@H]1C(=O)O[C@H]1C(O)=Cc1ccccc1,"[""AT{'substrate': 'benz'}"", 'loading: True']",AT(hmal) + KR(B1) + DH,"[""AT{'substrate': 'butmal'}"", ""KR{'type': 'A2'}"", 'loading: False']","TE(cyclic, ring=0)",246.31
O=C1O[C@@H]1[C@H](O)C(O)=Cc1ccccc1,"[""AT{'substrate': 'benz'}"", 'loading: True']",AT(hmal) + KR(B1) + DH,"[""AT{'substrate': 'hmal'}"", ""KR{'type': 'B1'}"", 'loading: False']","TE(cyclic, ring=0)",206.2
CC(C)[C@H]1C(=O)O[C@@H]1C(O)=Cc1ccccc1,"[""AT{'substrate': 'benz'}"", 'loading: True']",AT(hmal) + KR(B1) + DH,"[""AT{'substrate': 'D-isobutmal'}"", ""KR{'type': 'B1'}"", 'loading: False']","TE(cyclic, ring=0)",232.28
COC1=CC(=Cc2ccccc2)OC1=O,"[""AT{'substrate': 'benz'}"", 'loading: True']",AT(hmal) + KR(B1) + DH,"[""AT{'substrate': 'mxmal'}"", ""KR{'type': 'B1'}"", 'DH{}', 'loading: False']","TE(cyclic, ring=0)",202.21
O=C1C[C@H](C(O)=Cc2ccccc2)O1,"[""AT{'substrate': 'benz'}"", 'loading: True']",AT(hmal) + KR(B1) + DH,"[""AT{'substrate': 'Malonyl-CoA'}"", ""KR{'type': 'A'}"", 'loading: False']","TE(cyclic, ring=0)",190.2
CCCCCC[C@@H]1C(=O)O[C@H]1C(O)=Cc1ccccc1,"[""AT{'substrate': 'benz'}"", 'loading: True']",AT(hmal) + KR(B1) + DH,"[""AT{'substrate': 'hexmal'}"", ""KR{'type': 'A2'}"", 'loading: False']","TE(cyclic, ring=0)",274.36
C[C@@H]1C(=O)OC(=Cc2ccccc2)C1=O,"[""AT{'substrate': 'benz'}"", 'loading: True']",AT(hmal) + KR(B1) + DH,"[""AT{'substrate': 'Methylmalonyl-CoA'}"", 'loading: False']","TE(cyclic, ring=0)",202.21
CO[C@@H]1C(=O)O[C@@H]1C(O)=Cc1ccccc1,"[""AT{'substrate': 'benz'}"", 'loading: True']",AT(hmal) + KR(B1) + DH,"[""AT{'substrate': 'mxmal'}"", ""KR{'type': 'B2'}"", 'loading: False']","TE(cyclic, ring=1)",220.22
C[C@H]1C(=O)O[C@@H]1C(O)=Cc1ccccc1,"[""AT{'substrate': 'benz'}"", 'loading: True']",AT(hmal) + KR(B1) + DH,"[""AT{'substrate': 'Methylmalonyl-CoA'}"", ""KR{'type': 'B1'}"", 'loading: False']","TE(cyclic, ring=0)",204.22
CC[C@@H]1C(=O)OC(=Cc2ccccc2)C1=O,"[""AT{'substrate': 'benz'}"", 'loading: True']",AT(hmal) + KR(B1) + DH,"[""AT{'substrate': 'emal'}"", ""KR{'type': 'C2'}"", 'loading: False']","TE(cyclic, ring=0)",216.24
CCCCCCC1=CC(=Cc2ccccc2)OC1=O,"[""AT{'substrate': 'benz'}"", 'loading: True']",AT(hmal) + KR(B1) + DH,"[""AT{'substrate': 'hexmal'}"", ""KR{'type': 'B1'}"", 'DH{}', 'loading: False']","TE(cyclic, ring=0)",256.35
CCCCCC[C@@H]1C(=O)OC(=Cc2ccccc2)C1=O,"[""AT{'substrate': 'benz'}"", 'loading: True']",AT(hmal) + KR(B1) + DH,"[""AT{'substrate': 'hexmal'}"", 'loading: False']","TE(cyclic, ring=0)",272.34
CC[C@H]1C(=O)O[C@@H]1C(O)=Cc1ccccc1,"[""AT{'substrate': 'benz'}"", 'loading: True']",AT(hmal) + KR(B1) + DH,"[""AT{'substrate': 'emal'}"", ""KR{'type': 'B1'}"", 'loading: False']","TE(cyclic, ring=0)",218.25
C=CC[C@H]1C(=O)O[C@@H]1C(O)=Cc1ccccc1,"[""AT{'substrate': 'benz'}"", 'loading: True']",AT(hmal) + KR(B1) + DH,"[""AT{'substrate': 'allylmal'}"", ""KR{'type': 'B1'}"", 'loading: False']","TE(cyclic, ring=0)",230.26
CO[C@H]1C(=O)OC(=Cc2ccccc2)C1=O,"[""AT{'substrate': 'benz'}"", 'loading: True']",AT(hmal) + KR(B1) + DH,"[""AT{'substrate': 'mxmal'}"", ""KR{'type': 'C1'}"", 'loading: False']","TE(cyclic, ring=1)",218.21
C=CC[C@H]1C(=O)OC(=Cc2ccccc2)C1=O,"[""AT{'substrate': 'benz'}"", 'loading: True']",AT(hmal) + KR(B1) + DH,"[""AT{'substrate': 'allylmal'}"", ""KR{'type': 'C1'}"", 'loading: False']","TE(cyclic, ring=0)",228.25
C=CCC1=CC(=Cc2ccccc2)OC1=O,"[""AT{'substrate': 'benz'}"", 'loading: True']",AT(hmal) + KR(B1) + DH,"[""AT{'substrate': 'allylmal'}"", ""KR{'type': 'B1'}"", 'DH{}', 'loading: False']","TE(cyclic, ring=0)",212.25
O=C1OC(=Cc2ccccc2)C=C1CCCCc1c[nH]c(Cl)c1Cl,"[""AT{'substrate': 'benz'}"", 'loading: True']",AT(hmal) + KR(B1) + DH,"[""AT{'substrate': 'DCP'}"", ""KR{'type': 'B1'}"", 'DH{}', 'loading: False']","TE(cyclic, ring=0)",362.26
O=C1O[C@H](C(O)=Cc2ccccc2)[C@H]1CCCCc1c[nH]c(Cl)c1Cl,"[""AT{'substrate': 'benz'}"", 'loading: True']",AT(hmal) + KR(B1) + DH,"[""AT{'substrate': 'DCP'}"", ""KR{'type': 'B1'}"", 'loading: False']","TE(cyclic, ring=0)",380.27
CCCC[C@@H]1C(=O)O[C@@H]1C(O)=Cc1ccccc1,"[""AT{'substrate': 'benz'}"", 'loading: True']",AT(hmal) + KR(B1) + DH,"[""AT{'substrate': 'butmal'}"", ""KR{'type': 'B2'}"", 'loading: False']","TE(cyclic, ring=0)",246.31
CO[C@H]1C(=O)O[C@@H]1C(O)=Cc1ccccc1,"[""AT{'substrate': 'benz'}"", 'loading: True']",AT(hmal) + KR(B1) + DH,"[""AT{'substrate': 'mxmal'}"", ""KR{'type': 'B1'}"", 'loading: False']","TE(cyclic, ring=1)",220.22
O=C1O[C@H]1CC(O)=Cc1ccccc1,"[""AT{'substrate': 'benz'}"", 'loading: True']",AT(hmal) + KR(B1) + DH,"[""AT{'substrate': 'hmal'}"", ""KR{'type': 'B1'}"", 'DH{}', 'ER{}', 'loading: False']","TE(cyclic, ring=0)",190.2
CCCC[C@H]1C(=O)OC(=Cc2ccccc2)C1=O,"[""AT{'substrate': 'benz'}"", 'loading: True']",AT(hmal) + KR(B1) + DH,"[""AT{'substrate': 'butmal'}"", ""KR{'type': 'C1'}"", 'loading: False']","TE(cyclic, ring=0)",244.29
CC(C)[C@H]1CC(=Cc2ccccc2)OC1=O,"[""AT{'substrate': 'benz'}"", 'loading: True']",AT(hmal) + KR(B1) + DH,"[""AT{'substrate': 'D-isobutmal'}"", ""KR{'type': 'B1'}"", 'DH{}', 'ER{}', 'loading: False']","TE(cyclic, ring=0)",216.28
CCCCCC[C@H]1C(=O)OC(=Cc2ccccc2)C1=O,"[""AT{'substrate': 'benz'}"", 'loading: True']",AT(hmal) + KR(B1) + DH,"[""AT{'substrate': 'hexmal'}"", ""KR{'type': 'C1'}"", 'loading: False']","TE(cyclic, ring=0)",272.34
C[C@H]1C(=O)O[C@H]1C(O)=Cc1ccccc1,"[""AT{'substrate': 'benz'}"", 'loading: True']",AT(hmal) + KR(B1) + DH,"[""AT{'substrate': 'Methylmalonyl-CoA'}"", ""KR{'type': 'A1'}"", 'loading: False']","TE(cyclic, ring=0)",204.22
C=CC[C@@H]1C(=O)OC(=Cc2ccccc2)C1=O,"[""AT{'substrate': 'benz'}"", 'loading: True']",AT(hmal) + KR(B1) + DH,"[""AT{'substrate': 'allylmal'}"", ""KR{'type': 'C2'}"", 'loading: False']","TE(cyclic, ring=0)",228.25
O=C1O[C@H]1[C@@H](O)C(O)=Cc1ccccc1,"[""AT{'substrate': 'benz'}"", 'loading: True']",AT(hmal) + KR(B1) + DH,"[""AT{'substrate': 'hmal'}"", ""KR{'type': 'A2'}"", 'loading: False']","TE(cyclic, ring=0)",206.2
CCCC[C@H]1C(=O)O[C@@H]1C(O)=Cc1ccccc1,"[""AT{'substrate': 'benz'}"", 'loading: True']",AT(hmal) + KR(B1) + DH,"[""AT{'substrate': 'butmal'}"", ""KR{'type': 'B1'}"", 'loading: False']","TE(cyclic, ring=0)",246.31
O=C1OC(=Cc2ccccc2)C(=O)[C@@H]1CCCCc1c[nH]c(Cl)c1Cl,"[""AT{'substrate': 'benz'}"", 'loading: True']",AT(hmal) + KR(B1) + DH,"[""AT{'substrate': 'DCP'}"", ""KR{'type': 'C2'}"", 'loading: False']","TE(cyclic, ring=0)",378.25
CCCCCC[C@H]1C(=O)O[C@@H]1C(O)=Cc1ccccc1,"[""AT{'substrate': 'benz'}"", 'loading: True']",AT(hmal) + KR(B1) + DH,"[""AT{'substrate': 'hexmal'}"", ""KR{'type': 'B1'}"", 'loading: False']","TE(cyclic, ring=0)",274.36
O=C1OC1C(=O)C(O)=Cc1ccccc1,"[""AT{'substrate': 'benz'}"", 'loading: True']",AT(hmal) + KR(B1) + DH,"[""AT{'substrate': 'hmal'}"", 'loading: False']","TE(cyclic, ring=0)",204.18
O=C1CCC(=Cc2ccccc2)O1,"[""AT{'substrate': 'benz'}"", 'loading: True']",AT(hmal) + KR(B1) + DH,"[""AT{'substrate': 'Malonyl-CoA'}"", ""KR{'type': 'B'}"", 'DH{}', 'ER{}', 'loading: False']","TE(cyclic, ring=0)",174.2
C=CC[C@H]1C(=O)O[C@H]1C(O)=Cc1ccccc1,"[""AT{'substrate': 'benz'}"", 'loading: True']",AT(hmal) + KR(B1) + DH,"[""AT{'substrate': 'allylmal'}"", ""KR{'type': 'A1'}"", 'loading: False']","TE(cyclic, ring=0)",230.26
O=C1O[C@@H](C(O)=Cc2ccccc2)[C@H]1CCCCc1c[nH]c(Cl)c1Cl,"[""AT{'substrate': 'benz'}"", 'loading: True']",AT(hmal) + KR(B1) + DH,"[""AT{'substrate': 'DCP'}"", ""KR{'type': 'A1'}"", 'loading: False']","TE(cyclic, ring=0)",380.27
O=C1C=CC(=Cc2ccccc2)O1,"[""AT{'substrate': 'benz'}"", 'loading: True']",AT(hmal) + KR(B1) + DH,"[""AT{'substrate': 'Malonyl-CoA'}"", ""KR{'type': 'B'}"", 'DH{}', 'loading: False']","TE(cyclic, ring=0)",172.18
CC(C)C1=CC(=Cc2ccccc2)OC1=O,"[""AT{'substrate': 'benz'}"", 'loading: True']",AT(hmal) + KR(B1) + DH,"[""AT{'substrate': 'D-isobutmal'}"", ""KR{'type': 'B1'}"", 'DH{}', 'loading: False']","TE(cyclic, ring=0)",214.26
O=C1O[C@@H]1[C@@H](O)C(O)=Cc1ccccc1,"[""AT{'substrate': 'benz'}"", 'loading: True']",AT(hmal) + KR(B1) + DH,"[""AT{'substrate': 'hmal'}"", ""KR{'type': 'A1'}"", 'loading: False']","TE(cyclic, ring=0)",206.2
C=CC[C@H]1CC(=Cc2ccccc2)OC1=O,"[""AT{'substrate': 'benz'}"", 'loading: True']",AT(hmal) + KR(B1) + DH,"[""AT{'substrate': 'allylmal'}"", ""KR{'type': 'B1'}"", 'DH{}', 'ER{}', 'loading: False']","TE(cyclic, ring=0)",214.26
CC[C@@H]1C(=O)O[C@H]1C(O)=Cc1ccccc1,"[""AT{'substrate': 'benz'}"", 'loading: True']",AT(hmal) + KR(B1) + DH,"[""AT{'substrate': 'emal'}"", ""KR{'type': 'A2'}"", 'loading: False']","TE(cyclic, ring=0)",218.25
CC1=CC(=Cc2ccccc2)OC1=O,"[""AT{'substrate': 'benz'}"", 'loading: True']",AT(hmal) + KR(B1) + DH,"[""AT{'substrate': 'Methylmalonyl-CoA'}"", ""KR{'type': 'B1'}"", 'DH{}', 'loading: False']","TE(cyclic, ring=0)",186.21
CC(C)[C@@H]1C(=O)O[C@H]1C(O)=Cc1ccccc1,"[""AT{'substrate': 'benz'}"", 'loading: True']",AT(hmal) + KR(B1) + DH,"[""AT{'substrate': 'isobutmal'}"", ""KR{'type': 'A2'}"", 'loading: False']","TE(cyclic, ring=0)",232.28
O=C1O[C@H]1[C@H](O)C(O)=Cc1ccccc1,"[""AT{'substrate': 'benz'}"", 'loading: True']",AT(hmal) + KR(B1) + DH,"[""AT{'substrate': 'hmal'}"", ""KR{'type': 'B2'}"", 'loading: False']","TE(cyclic, ring=0)",206.2
CCC1=CC(=Cc2ccccc2)OC1=O,"[""AT{'substrate': 'benz'}"", 'loading: True']",AT(hmal) + KR(B1) + DH,"[""AT{'substrate': 'emal'}"", ""KR{'type': 'B1'}"", 'DH{}', 'loading: False']","TE(cyclic, ring=0)",200.24
CCCCC1=CC(=Cc2ccccc2)OC1=O,"[""AT{'substrate': 'benz'}"", 'loading: True']",AT(hmal) + KR(B1) + DH,"[""AT{'substrate': 'butmal'}"", ""KR{'type': 'B1'}"", 'DH{}', 'loading: False']","TE(cyclic, ring=0)",228.29
C[C@@H]1C(=O)O[C@@H]1C(O)=Cc1ccccc1,"[""AT{'substrate': 'benz'}"", 'loading: True']",AT(hmal) + KR(B1) + DH,"[""AT{'substrate': 'Methylmalonyl-CoA'}"", ""KR{'type': 'B2'}"", 'loading: False']","TE(cyclic, ring=0)",204.22
CCCCCC[C@H]1C(=O)O[C@H]1C(O)=Cc1ccccc1,"[""AT{'substrate': 'benz'}"", 'loading: True']",AT(hmal) + KR(B1) + DH,"[""AT{'substrate': 'hexmal'}"", ""KR{'type': 'A1'}"", 'loading: False']","TE(cyclic, ring=0)",274.36
CCCC[C@H]1CC(=Cc2ccccc2)OC1=O,"[""AT{'substrate': 'benz'}"", 'loading: True']",AT(hmal) + KR(B1) + DH,"[""AT{'substrate': 'butmal'}"", ""KR{'type': 'B1'}"", 'DH{}', 'ER{}', 'loading: False']","TE(cyclic, ring=0)",230.31
CC[C@H]1C(=O)O[C@H]1C(O)=Cc1ccccc1,"[""AT{'substrate': 'benz'}"", 'loading: True']",AT(hmal) + KR(B1) + DH,"[""AT{'substrate': 'emal'}"", ""KR{'type': 'A1'}"", 'loading: False']","TE(cyclic, ring=0)",218.25
O=C1OC(=Cc2ccccc2)C=C1O,"[""AT{'substrate': 'benz'}"", 'loading: True']",AT(hmal) + KR(B1) + DH,"[""AT{'substrate': 'hmal'}"", ""KR{'type': 'B1'}"", 'DH{}', 'loading: False']","TE(cyclic, ring=0)",188.18
C[C@@H]1C(=O)O[C@H]1C(O)=Cc1ccc([N+](=O)[O-])cc1,"[""AT{'substrate': 'PNBA'}"", 'loading: True']",AT(hmal) + KR(B1) + DH,"[""AT{'substrate': 'Methylmalonyl-CoA'}"", ""KR{'type': 'A2'}"", 'loading: False']","TE(cyclic, ring=0)",249.22
O=C1O[C@@H]1C(=O)C(O)=Cc1ccc([N+](=O)[O-])cc1,"[""AT{'substrate': 'PNBA'}"", 'loading: True']",AT(hmal) + KR(B1) + DH,"[""AT{'substrate': 'hmal'}"", ""KR{'type': 'C1'}"", 'loading: False']","TE(cyclic, ring=0)",249.18
O=C1CC(=O)C(=Cc2ccc([N+](=O)[O-])cc2)O1,"[""AT{'substrate': 'PNBA'}"", 'loading: True']",AT(hmal) + KR(B1) + DH,"[""AT{'substrate': 'Malonyl-CoA'}"", 'loading: False']","TE(cyclic, ring=0)",233.18
CC[C@H]1CC(=Cc2ccc([N+](=O)[O-])cc2)OC1=O,"[""AT{'substrate': 'PNBA'}"", 'loading: True']",AT(hmal) + KR(B1) + DH,"[""AT{'substrate': 'emal'}"", ""KR{'type': 'B1'}"", 'DH{}', 'ER{}', 'loading: False']","TE(cyclic, ring=0)",247.25
CC(C)[C@H]1C(=O)O[C@H]1C(O)=Cc1ccc([N+](=O)[O-])cc1,"[""AT{'substrate': 'PNBA'}"", 'loading: True']",AT(hmal) + KR(B1) + DH,"[""AT{'substrate': 'isobutmal'}"", ""KR{'type': 'A1'}"", 'loading: False']","TE(cyclic, ring=0)",277.28
CO[C@H]1C(=O)O[C@H]1C(O)=Cc1ccc([N+](=O)[O-])cc1,"[""AT{'substrate': 'PNBA'}"", 'loading: True']",AT(hmal) + KR(B1) + DH,"[""AT{'substrate': 'mxmal'}"", ""KR{'type': 'A1'}"", 'loading: False']","TE(cyclic, ring=1)",265.22
C=CC[C@@H]1C(=O)O[C@@H]1C(O)=Cc1ccc([N+](=O)[O-])cc1,"[""AT{'substrate': 'PNBA'}"", 'loading: True']",AT(hmal) + KR(B1) + DH,"[""AT{'substrate': 'allylmal'}"", ""KR{'type': 'B2'}"", 'loading: False']","TE(cyclic, ring=0)",275.26
C[C@H]1C(=O)OC(=Cc2ccc([N+](=O)[O-])cc2)C1=O,"[""AT{'substrate': 'PNBA'}"", 'loading: True']",AT(hmal) + KR(B1) + DH,"[""AT{'substrate': 'Methylmalonyl-CoA'}"", ""KR{'type': 'C1'}"", 'loading: False']","TE(cyclic, ring=0)",247.21
O=C1O[C@H](C(O)=Cc2ccc([N+](=O)[O-])cc2)[C@@H]1CCCCc1c[nH]c(Cl)c1Cl,"[""AT{'substrate': 'PNBA'}"", 'loading: True']",AT(hmal) + KR(B1) + DH,"[""AT{'substrate': 'DCP'}"", ""KR{'type': 'B2'}"", 'loading: False']","TE(cyclic, ring=0)",425.27
CC(C)[C@@H]1C(=O)O[C@@H]1C(O)=Cc1ccc([N+](=O)[O-])cc1,"[""AT{'substrate': 'PNBA'}"", 'loading: True']",AT(hmal) + KR(B1) + DH,"[""AT{'substrate': 'isobutmal'}"", ""KR{'type': 'B2'}"", 'loading: False']","TE(cyclic, ring=0)",277.28
CO[C@@H]1C(=O)O[C@H]1C(O)=Cc1ccc([N+](=O)[O-])cc1,"[""AT{'substrate': 'PNBA'}"", 'loading: True']",AT(hmal) + KR(B1) + DH,"[""AT{'substrate': 'mxmal'}"", ""KR{'type': 'A2'}"", 'loading: False']","TE(cyclic, ring=1)",265.22
C=CC[C@@H]1C(=O)O[C@H]1C(O)=Cc1ccc([N+](=O)[O-])cc1,"[""AT{'substrate': 'PNBA'}"", 'loading: True']",AT(hmal) + KR(B1) + DH,"[""AT{'substrate': 'allylmal'}"", ""KR{'type': 'A2'}"", 'loading: False']","TE(cyclic, ring=0)",275.26
O=C1O[C@@H](C(O)=Cc2ccc([N+](=O)[O-])cc2)[C@@H]1CCCCc1c[nH]c(Cl)c1Cl,"[""AT{'substrate': 'PNBA'}"", 'loading: True']",AT(hmal) + KR(B1) + DH,"[""AT{'substrate': 'DCP'}"", ""KR{'type': 'A2'}"", 'loading: False']","TE(cyclic, ring=0)",425.27
CC(C)[C@@H]1C(=O)OC(=Cc2ccc([N+](=O)[O-])cc2)C1=O,"[""AT{'substrate': 'PNBA'}"", 'loading: True']",AT(hmal) + KR(B1) + DH,"[""AT{'substrate': 'D-isobutmal'}"", ""KR{'type': 'C2'}"", 'loading: False']","TE(cyclic, ring=0)",275.26
O=C1C[C@@H](C(O)=Cc2ccc([N+](=O)[O-])cc2)O1,"[""AT{'substrate': 'PNBA'}"", 'loading: True']",AT(hmal) + KR(B1) + DH,"[""AT{'substrate': 'Malonyl-CoA'}"", ""KR{'type': 'B'}"", 'loading: False']","TE(cyclic, ring=0)",235.19
CO[C@@H]1C(=O)OC(=Cc2ccc([N+](=O)[O-])cc2)C1=O,"[""AT{'substrate': 'PNBA'}"", 'loading: True']",AT(hmal) + KR(B1) + DH,"[""AT{'substrate': 'mxmal'}"", ""KR{'type': 'C2'}"", 'loading: False']","TE(cyclic, ring=1)",263.2
CC[C@H]1C(=O)OC(=Cc2ccc([N+](=O)[O-])cc2)C1=O,"[""AT{'substrate': 'PNBA'}"", 'loading: True']",AT(hmal) + KR(B1) + DH,"[""AT{'substrate': 'emal'}"", ""KR{'type': 'C1'}"", 'loading: False']","TE(cyclic, ring=0)",261.23
O=C1OC(=Cc2ccc([N+](=O)[O-])cc2)C(=O)C1CCCCc1c[nH]c(Cl)c1Cl,"[""AT{'substrate': 'PNBA'}"", 'loading: True']",AT(hmal) + KR(B1) + DH,"[""AT{'substrate': 'DCP'}"", 'loading: False']","TE(cyclic, ring=0)",423.25
CCCC[C@@H]1C(=O)OC(=Cc2ccc([N+](=O)[O-])cc2)C1=O,"[""AT{'substrate': 'PNBA'}"", 'loading: True']",AT(hmal) + KR(B1) + DH,"[""AT{'substrate': 'butmal'}"", 'loading: False']","TE(cyclic, ring=0)",289.29
O=C1OC(=Cc2ccc([N+](=O)[O-])cc2)C(=O)[C@H]1CCCCc1c[nH]c(Cl)c1Cl,"[""AT{'substrate': 'PNBA'}"", 'loading: True']",AT(hmal) + KR(B1) + DH,"[""AT{'substrate': 'DCP'}"", ""KR{'type': 'C1'}"", 'loading: False']","TE(cyclic, ring=0)",423.25
CCCCCC[C@H]1CC(=Cc2ccc([N+](=O)[O-])cc2)OC1=O,"[""AT{'substrate': 'PNBA'}"", 'loading: True']",AT(hmal) + KR(B1) + DH,"[""AT{'substrate': 'hexmal'}"", ""KR{'type': 'B1'}"", 'DH{}', 'ER{}', 'loading: False']","TE(cyclic, ring=0)",303.36
O=C1O[C@H]1C(=O)C(O)=Cc1ccc([N+](=O)[O-])cc1,"[""AT{'substrate': 'PNBA'}"", 'loading: True']",AT(hmal) + KR(B1) + DH,"[""AT{'substrate': 'hmal'}"", ""KR{'type': 'C2'}"", 'loading: False']","TE(cyclic, ring=0)",249.18
CCCC[C@H]1C(=O)O[C@H]1C(O)=Cc1ccc([N+](=O)[O-])cc1,"[""AT{'substrate': 'PNBA'}"", 'loading: True']",AT(hmal) + KR(B1) + DH,"[""AT{'substrate': 'butmal'}"", ""KR{'type': 'A1'}"", 'loading: False']","TE(cyclic, ring=0)",291.3
CC(C)[C@H]1C(=O)OC(=Cc2ccc([N+](=O)[O-])cc2)C1=O,"[""AT{'substrate': 'PNBA'}"", 'loading: True']",AT(hmal) + KR(B1) + DH,"[""AT{'substrate': 'isobutmal'}"", ""KR{'type': 'C1'}"", 'loading: False']","TE(cyclic, ring=0)",275.26
CO[C@H]1CC(=Cc2ccc([N+](=O)[O-])cc2)OC1=O,"[""AT{'substrate': 'PNBA'}"", 'loading: True']",AT(hmal) + KR(B1) + DH,"[""AT{'substrate': 'mxmal'}"", ""KR{'type': 'B1'}"", 'DH{}', 'ER{}', 'loading: False']","TE(cyclic, ring=1)",249.22
O=C1OC(=Cc2ccc([N+](=O)[O-])cc2)C[C@@H]1CCCCc1c[nH]c(Cl)c1Cl,"[""AT{'substrate': 'PNBA'}"", 'loading: True']",AT(hmal) + KR(B1) + DH,"[""AT{'substrate': 'DCP'}"", ""KR{'type': 'B1'}"", 'DH{}', 'ER{}', 'loading: False']","TE(cyclic, ring=0)",409.27
CCCCCC[C@@H]1C(=O)O[C@@H]1C(O)=Cc1ccc([N+](=O)[O-])cc1,"[""AT{'substrate': 'PNBA'}"", 'loading: True']",AT(hmal) + KR(B1) + DH,"[""AT{'substrate': 'hexmal'}"", ""KR{'type': 'B2'}"", 'loading: False']","TE(cyclic, ring=0)",319.36
CC[C@@H]1C(=O)O[C@@H]1C(O)=Cc1ccc([N+](=O)[O-])cc1,"[""AT{'substrate': 'PNBA'}"", 'loading: True']",AT(hmal) + KR(B1) + DH,"[""AT{'substrate': 'emal'}"", ""KR{'type': 'B2'}"", 'loading: False']","TE(cyclic, ring=0)",263.25
C[C@H]1CC(=Cc2ccc([N+](=O)[O-])cc2)OC1=O,"[""AT{'substrate': 'PNBA'}"", 'loading: True']",AT(hmal) + KR(B1) + DH,"[""AT{'substrate': 'Methylmalonyl-CoA'}"", ""KR{'type': 'B1'}"", 'DH{}', 'ER{}', 'loading: False']","TE(cyclic, ring=0)",233.22
CCCC[C@@H]1C(=O)O[C@H]1C(O)=Cc1ccc([N+](=O)[O-])cc1,"[""AT{'substrate': 'PNBA'}"", 'loading: True']",AT(hmal) + KR(B1) + DH,"[""AT{'substrate': 'butmal'}"", ""KR{'type': 'A2'}"", 'loading: False']","TE(cyclic, ring=0)",291.3
O=C1O[C@@H]1[C@H](O)C(O)=Cc1ccc([N+](=O)[O-])cc1,"[""AT{'substrate': 'PNBA'}"", 'loading: True']",AT(hmal) + KR(B1) + DH,"[""AT{'substrate': 'hmal'}"", ""KR{'type': 'B1'}"", 'loading: False']","TE(cyclic, ring=0)",251.19
CC(C)[C@H]1C(=O)O[C@@H]1C(O)=Cc1ccc([N+](=O)[O-])cc1,"[""AT{'substrate': 'PNBA'}"", 'loading: True']",AT(hmal) + KR(B1) + DH,"[""AT{'substrate': 'D-isobutmal'}"", ""KR{'type': 'B1'}"", 'loading: False']","TE(cyclic, ring=0)",277.28
COC1=CC(=Cc2ccc([N+](=O)[O-])cc2)OC1=O,"[""AT{'substrate': 'PNBA'}"", 'loading: True']",AT(hmal) + KR(B1) + DH,"[""AT{'substrate': 'mxmal'}"", ""KR{'type': 'B1'}"", 'DH{}', 'loading: False']","TE(cyclic, ring=0)",247.21
O=C1C[C@H](C(O)=Cc2ccc([N+](=O)[O-])cc2)O1,"[""AT{'substrate': 'PNBA'}"", 'loading: True']",AT(hmal) + KR(B1) + DH,"[""AT{'substrate': 'Malonyl-CoA'}"", ""KR{'type': 'A'}"", 'loading: False']","TE(cyclic, ring=0)",235.19
CCCCCC[C@@H]1C(=O)O[C@H]1C(O)=Cc1ccc([N+](=O)[O-])cc1,"[""AT{'substrate': 'PNBA'}"", 'loading: True']",AT(hmal) + KR(B1) + DH,"[""AT{'substrate': 'hexmal'}"", ""KR{'type': 'A2'}"", 'loading: False']","TE(cyclic, ring=0)",319.36
C[C@@H]1C(=O)OC(=Cc2ccc([N+](=O)[O-])cc2)C1=O,"[""AT{'substrate': 'PNBA'}"", 'loading: True']",AT(hmal) + KR(B1) + DH,"[""AT{'substrate': 'Methylmalonyl-CoA'}"", 'loading: False']","TE(cyclic, ring=0)",247.21
CO[C@@H]1C(=O)O[C@@H]1C(O)=Cc1ccc([N+](=O)[O-])cc1,"[""AT{'substrate': 'PNBA'}"", 'loading: True']",AT(hmal) + KR(B1) + DH,"[""AT{'substrate': 'mxmal'}"", ""KR{'type': 'B2'}"", 'loading: False']","TE(cyclic, ring=1)",265.22
C[C@H]1C(=O)O[C@@H]1C(O)=Cc1ccc([N+](=O)[O-])cc1,"[""AT{'substrate': 'PNBA'}"", 'loading: True']",AT(hmal) + KR(B1) + DH,"[""AT{'substrate': 'Methylmalonyl-CoA'}"", ""KR{'type': 'B1'}"", 'loading: False']","TE(cyclic, ring=0)",249.22
CC[C@@H]1C(=O)OC(=Cc2ccc([N+](=O)[O-])cc2)C1=O,"[""AT{'substrate': 'PNBA'}"", 'loading: True']",AT(hmal) + KR(B1) + DH,"[""AT{'substrate': 'emal'}"", ""KR{'type': 'C2'}"", 'loading: False']","TE(cyclic, ring=0)",261.23
CCCCCCC1=CC(=Cc2ccc([N+](=O)[O-])cc2)OC1=O,"[""AT{'substrate': 'PNBA'}"", 'loading: True']",AT(hmal) + KR(B1) + DH,"[""AT{'substrate': 'hexmal'}"", ""KR{'type': 'B1'}"", 'DH{}', 'loading: False']","TE(cyclic, ring=0)",301.34
CCCCCC[C@@H]1C(=O)OC(=Cc2ccc([N+](=O)[O-])cc2)C1=O,"[""AT{'substrate': 'PNBA'}"", 'loading: True']",AT(hmal) + KR(B1) + DH,"[""AT{'substrate': 'hexmal'}"", 'loading: False']","TE(cyclic, ring=0)",317.34
CC[C@H]1C(=O)O[C@@H]1C(O)=Cc1ccc([N+](=O)[O-])cc1,"[""AT{'substrate': 'PNBA'}"", 'loading: True']",AT(hmal) + KR(B1) + DH,"[""AT{'substrate': 'emal'}"", ""KR{'type': 'B1'}"", 'loading: False']","TE(cyclic, ring=0)",263.25
C=CC[C@H]1C(=O)O[C@@H]1C(O)=Cc1ccc([N+](=O)[O-])cc1,"[""AT{'substrate': 'PNBA'}"", 'loading: True']",AT(hmal) + KR(B1) + DH,"[""AT{'substrate': 'allylmal'}"", ""KR{'type': 'B1'}"", 'loading: False']","TE(cyclic, ring=0)",275.26
CO[C@H]1C(=O)OC(=Cc2ccc([N+](=O)[O-])cc2)C1=O,"[""AT{'substrate': 'PNBA'}"", 'loading: True']",AT(hmal) + KR(B1) + DH,"[""AT{'substrate': 'mxmal'}"", ""KR{'type': 'C1'}"", 'loading: False']","TE(cyclic, ring=1)",263.2
C=CC[C@H]1C(=O)OC(=Cc2ccc([N+](=O)[O-])cc2)C1=O,"[""AT{'substrate': 'PNBA'}"", 'loading: True']",AT(hmal) + KR(B1) + DH,"[""AT{'substrate': 'allylmal'}"", ""KR{'type': 'C1'}"", 'loading: False']","TE(cyclic, ring=0)",273.24
C=CCC1=CC(=Cc2ccc([N+](=O)[O-])cc2)OC1=O,"[""AT{'substrate': 'PNBA'}"", 'loading: True']",AT(hmal) + KR(B1) + DH,"[""AT{'substrate': 'allylmal'}"", ""KR{'type': 'B1'}"", 'DH{}', 'loading: False']","TE(cyclic, ring=0)",257.24
O=C1OC(=Cc2ccc([N+](=O)[O-])cc2)C=C1CCCCc1c[nH]c(Cl)c1Cl,"[""AT{'substrate': 'PNBA'}"", 'loading: True']",AT(hmal) + KR(B1) + DH,"[""AT{'substrate': 'DCP'}"", ""KR{'type': 'B1'}"", 'DH{}', 'loading: False']","TE(cyclic, ring=0)",407.25
O=C1O[C@H](C(O)=Cc2ccc([N+](=O)[O-])cc2)[C@H]1CCCCc1c[nH]c(Cl)c1Cl,"[""AT{'substrate': 'PNBA'}"", 'loading: True']",AT(hmal) + KR(B1) + DH,"[""AT{'substrate': 'DCP'}"", ""KR{'type': 'B1'}"", 'loading: False']","TE(cyclic, ring=0)",425.27
CCCC[C@@H]1C(=O)O[C@@H]1C(O)=Cc1ccc([N+](=O)[O-])cc1,"[""AT{'substrate': 'PNBA'}"", 'loading: True']",AT(hmal) + KR(B1) + DH,"[""AT{'substrate': 'butmal'}"", ""KR{'type': 'B2'}"", 'loading: False']","TE(cyclic, ring=0)",291.3
CO[C@H]1C(=O)O[C@@H]1C(O)=Cc1ccc([N+](=O)[O-])cc1,"[""AT{'substrate': 'PNBA'}"", 'loading: True']",AT(hmal) + KR(B1) + DH,"[""AT{'substrate': 'mxmal'}"", ""KR{'type': 'B1'}"", 'loading: False']","TE(cyclic, ring=1)",265.22
O=C1O[C@H]1CC(O)=Cc1ccc([N+](=O)[O-])cc1,"[""AT{'substrate': 'PNBA'}"", 'loading: True']",AT(hmal) + KR(B1) + DH,"[""AT{'substrate': 'hmal'}"", ""KR{'type': 'B1'}"", 'DH{}', 'ER{}', 'loading: False']","TE(cyclic, ring=0)",235.19
CCCC[C@H]1C(=O)OC(=Cc2ccc([N+](=O)[O-])cc2)C1=O,"[""AT{'substrate': 'PNBA'}"", 'loading: True']",AT(hmal) + KR(B1) + DH,"[""AT{'substrate': 'butmal'}"", ""KR{'type': 'C1'}"", 'loading: False']","TE(cyclic, ring=0)",289.29
CC(C)[C@H]1CC(=Cc2ccc([N+](=O)[O-])cc2)OC1=O,"[""AT{'substrate': 'PNBA'}"", 'loading: True']",AT(hmal) + KR(B1) + DH,"[""AT{'substrate': 'D-isobutmal'}"", ""KR{'type': 'B1'}"", 'DH{}', 'ER{}', 'loading: False']","TE(cyclic, ring=0)",261.28
CCCCCC[C@H]1C(=O)OC(=Cc2ccc([N+](=O)[O-])cc2)C1=O,"[""AT{'substrate': 'PNBA'}"", 'loading: True']",AT(hmal) + KR(B1) + DH,"[""AT{'substrate': 'hexmal'}"", ""KR{'type': 'C1'}"", 'loading: False']","TE(cyclic, ring=0)",317.34
C[C@H]1C(=O)O[C@H]1C(O)=Cc1ccc([N+](=O)[O-])cc1,"[""AT{'substrate': 'PNBA'}"", 'loading: True']",AT(hmal) + KR(B1) + DH,"[""AT{'substrate': 'Methylmalonyl-CoA'}"", ""KR{'type': 'A1'}"", 'loading: False']","TE(cyclic, ring=0)",249.22
C=CC[C@@H]1C(=O)OC(=Cc2ccc([N+](=O)[O-])cc2)C1=O,"[""AT{'substrate': 'PNBA'}"", 'loading: True']",AT(hmal) + KR(B1) + DH,"[""AT{'substrate': 'allylmal'}"", ""KR{'type': 'C2'}"", 'loading: False']","TE(cyclic, ring=0)",273.24
O=C1O[C@H]1[C@@H](O)C(O)=Cc1ccc([N+](=O)[O-])cc1,"[""AT{'substrate': 'PNBA'}"", 'loading: True']",AT(hmal) + KR(B1) + DH,"[""AT{'substrate': 'hmal'}"", ""KR{'type': 'A2'}"", 'loading: False']","TE(cyclic, ring=0)",251.19
CCCC[C@H]1C(=O)O[C@@H]1C(O)=Cc1ccc([N+](=O)[O-])cc1,"[""AT{'substrate': 'PNBA'}"", 'loading: True']",AT(hmal) + KR(B1) + DH,"[""AT{'substrate': 'butmal'}"", ""KR{'type': 'B1'}"", 'loading: False']","TE(cyclic, ring=0)",291.3
O=C1OC(=Cc2ccc([N+](=O)[O-])cc2)C(=O)[C@@H]1CCCCc1c[nH]c(Cl)c1Cl,"[""AT{'substrate': 'PNBA'}"", 'loading: True']",AT(hmal) + KR(B1) + DH,"[""AT{'substrate': 'DCP'}"", ""KR{'type': 'C2'}"", 'loading: False']","TE(cyclic, ring=0)",423.25
CCCCCC[C@H]1C(=O)O[C@@H]1C(O)=Cc1ccc([N+](=O)[O-])cc1,"[""AT{'substrate': 'PNBA'}"", 'loading: True']",AT(hmal) + KR(B1) + DH,"[""AT{'substrate': 'hexmal'}"", ""KR{'type': 'B1'}"", 'loading: False']","TE(cyclic, ring=0)",319.36
O=C1OC1C(=O)C(O)=Cc1ccc([N+](=O)[O-])cc1,"[""AT{'substrate': 'PNBA'}"", 'loading: True']",AT(hmal) + KR(B1) + DH,"[""AT{'substrate': 'hmal'}"", 'loading: False']","TE(cyclic, ring=0)",249.18
O=C1CCC(=Cc2ccc([N+](=O)[O-])cc2)O1,"[""AT{'substrate': 'PNBA'}"", 'loading: True']",AT(hmal) + KR(B1) + DH,"[""AT{'substrate': 'Malonyl-CoA'}"", ""KR{'type': 'B'}"", 'DH{}', 'ER{}', 'loading: False']","TE(cyclic, ring=0)",219.2
C=CC[C@H]1C(=O)O[C@H]1C(O)=Cc1ccc([N+](=O)[O-])cc1,"[""AT{'substrate': 'PNBA'}"", 'loading: True']",AT(hmal) + KR(B1) + DH,"[""AT{'substrate': 'allylmal'}"", ""KR{'type': 'A1'}"", 'loading: False']","TE(cyclic, ring=0)",275.26
O=C1O[C@@H](C(O)=Cc2ccc([N+](=O)[O-])cc2)[C@H]1CCCCc1c[nH]c(Cl)c1Cl,"[""AT{'substrate': 'PNBA'}"", 'loading: True']",AT(hmal) + KR(B1) + DH,"[""AT{'substrate': 'DCP'}"", ""KR{'type': 'A1'}"", 'loading: False']","TE(cyclic, ring=0)",425.27
O=C1C=CC(=Cc2ccc([N+](=O)[O-])cc2)O1,"[""AT{'substrate': 'PNBA'}"", 'loading: True']",AT(hmal) + KR(B1) + DH,"[""AT{'substrate': 'Malonyl-CoA'}"", ""KR{'type': 'B'}"", 'DH{}', 'loading: False']","TE(cyclic, ring=0)",217.18
CC(C)C1=CC(=Cc2ccc([N+](=O)[O-])cc2)OC1=O,"[""AT{'substrate': 'PNBA'}"", 'loading: True']",AT(hmal) + KR(B1) + DH,"[""AT{'substrate': 'D-isobutmal'}"", ""KR{'type': 'B1'}"", 'DH{}', 'loading: False']","TE(cyclic, ring=0)",259.26
O=C1O[C@@H]1[C@@H](O)C(O)=Cc1ccc([N+](=O)[O-])cc1,"[""AT{'substrate': 'PNBA'}"", 'loading: True']",AT(hmal) + KR(B1) + DH,"[""AT{'substrate': 'hmal'}"", ""KR{'type': 'A1'}"", 'loading: False']","TE(cyclic, ring=0)",251.19
C=CC[C@H]1CC(=Cc2ccc([N+](=O)[O-])cc2)OC1=O,"[""AT{'substrate': 'PNBA'}"", 'loading: True']",AT(hmal) + KR(B1) + DH,"[""AT{'substrate': 'allylmal'}"", ""KR{'type': 'B1'}"", 'DH{}', 'ER{}', 'loading: False']","TE(cyclic, ring=0)",259.26
CC[C@@H]1C(=O)O[C@H]1C(O)=Cc1ccc([N+](=O)[O-])cc1,"[""AT{'substrate': 'PNBA'}"", 'loading: True']",AT(hmal) + KR(B1) + DH,"[""AT{'substrate': 'emal'}"", ""KR{'type': 'A2'}"", 'loading: False']","TE(cyclic, ring=0)",263.25
CC1=CC(=Cc2ccc([N+](=O)[O-])cc2)OC1=O,"[""AT{'substrate': 'PNBA'}"", 'loading: True']",AT(hmal) + KR(B1) + DH,"[""AT{'substrate': 'Methylmalonyl-CoA'}"", ""KR{'type': 'B1'}"", 'DH{}', 'loading: False']","TE(cyclic, ring=0)",231.21
CC(C)[C@@H]1C(=O)O[C@H]1C(O)=Cc1ccc([N+](=O)[O-])cc1,"[""AT{'substrate': 'PNBA'}"", 'loading: True']",AT(hmal) + KR(B1) + DH,"[""AT{'substrate': 'isobutmal'}"", ""KR{'type': 'A2'}"", 'loading: False']","TE(cyclic, ring=0)",277.28
O=C1O[C@H]1[C@H](O)C(O)=Cc1ccc([N+](=O)[O-])cc1,"[""AT{'substrate': 'PNBA'}"", 'loading: True']",AT(hmal) + KR(B1) + DH,"[""AT{'substrate': 'hmal'}"", ""KR{'type': 'B2'}"", 'loading: False']","TE(cyclic, ring=0)",251.19
CCC1=CC(=Cc2ccc([N+](=O)[O-])cc2)OC1=O,"[""AT{'substrate': 'PNBA'}"", 'loading: True']",AT(hmal) + KR(B1) + DH,"[""AT{'substrate': 'emal'}"", ""KR{'type': 'B1'}"", 'DH{}', 'loading: False']","TE(cyclic, ring=0)",245.23
CCCCC1=CC(=Cc2ccc([N+](=O)[O-])cc2)OC1=O,"[""AT{'substrate': 'PNBA'}"", 'loading: True']",AT(hmal) + KR(B1) + DH,"[""AT{'substrate': 'butmal'}"", ""KR{'type': 'B1'}"", 'DH{}', 'loading: False']","TE(cyclic, ring=0)",273.29
C[C@@H]1C(=O)O[C@@H]1C(O)=Cc1ccc([N+](=O)[O-])cc1,"[""AT{'substrate': 'PNBA'}"", 'loading: True']",AT(hmal) + KR(B1) + DH,"[""AT{'substrate': 'Methylmalonyl-CoA'}"", ""KR{'type': 'B2'}"", 'loading: False']","TE(cyclic, ring=0)",249.22
CCCCCC[C@H]1C(=O)O[C@H]1C(O)=Cc1ccc([N+](=O)[O-])cc1,"[""AT{'substrate': 'PNBA'}"", 'loading: True']",AT(hmal) + KR(B1) + DH,"[""AT{'substrate': 'hexmal'}"", ""KR{'type': 'A1'}"", 'loading: False']","TE(cyclic, ring=0)",319.36
CCCC[C@H]1CC(=Cc2ccc([N+](=O)[O-])cc2)OC1=O,"[""AT{'substrate': 'PNBA'}"", 'loading: True']",AT(hmal) + KR(B1) + DH,"[""AT{'substrate': 'butmal'}"", ""KR{'type': 'B1'}"", 'DH{}', 'ER{}', 'loading: False']","TE(cyclic, ring=0)",275.3
CC[C@H]1C(=O)O[C@H]1C(O)=Cc1ccc([N+](=O)[O-])cc1,"[""AT{'substrate': 'PNBA'}"", 'loading: True']",AT(hmal) + KR(B1) + DH,"[""AT{'substrate': 'emal'}"", ""KR{'type': 'A1'}"", 'loading: False']","TE(cyclic, ring=0)",263.25
O=C1OC(=Cc2ccc([N+](=O)[O-])cc2)C=C1O,"[""AT{'substrate': 'PNBA'}"", 'loading: True']",AT(hmal) + KR(B1) + DH,"[""AT{'substrate': 'hmal'}"", ""KR{'type': 'B1'}"", 'DH{}', 'loading: False']","TE(cyclic, ring=0)",233.18
CC[C@H](C=C(O)[C@@H]1OC(=O)[C@H]1C)C(N)=O,"[""AT{'substrate': 'ema'}"", 'loading: True']",AT(hmal) + KR(B1) + DH,"[""AT{'substrate': 'Methylmalonyl-CoA'}"", ""KR{'type': 'A2'}"", 'loading: False']","TE(cyclic, ring=0)",213.23
CC[C@H](C=C(O)C(=O)[C@H]1OC1=O)C(N)=O,"[""AT{'substrate': 'ema'}"", 'loading: True']",AT(hmal) + KR(B1) + DH,"[""AT{'substrate': 'hmal'}"", ""KR{'type': 'C1'}"", 'loading: False']","TE(cyclic, ring=0)",213.19
CC[C@@H]1C=C(O)C(=O)CC(=O)NC1=O,"[""AT{'substrate': 'ema'}"", 'loading: True']",AT(hmal) + KR(B1) + DH,"[""AT{'substrate': 'Malonyl-CoA'}"", 'loading: False']","TE(cyclic, ring=0)",197.19
CC[C@H]1CC(O)=C[C@@H](CC)C(=O)NC1=O,"[""AT{'substrate': 'ema'}"", 'loading: True']",AT(hmal) + KR(B1) + DH,"[""AT{'substrate': 'emal'}"", ""KR{'type': 'B1'}"", 'DH{}', 'ER{}', 'loading: False']","TE(cyclic, ring=0)",211.26
CC[C@H](C=C(O)[C@@H]1OC(=O)[C@@H]1C(C)C)C(N)=O,"[""AT{'substrate': 'ema'}"", 'loading: True']",AT(hmal) + KR(B1) + DH,"[""AT{'substrate': 'isobutmal'}"", ""KR{'type': 'A1'}"", 'loading: False']","TE(cyclic, ring=0)",241.29
CC[C@H](C=C(O)[C@@H]1OC(=O)[C@@H]1OC)C(N)=O,"[""AT{'substrate': 'ema'}"", 'loading: True']",AT(hmal) + KR(B1) + DH,"[""AT{'substrate': 'mxmal'}"", ""KR{'type': 'A1'}"", 'loading: False']","TE(cyclic, ring=1)",229.23
C=CC[C@@H]1C(=O)O[C@@H]1C(O)=C[C@@H](CC)C(N)=O,"[""AT{'substrate': 'ema'}"", 'loading: True']",AT(hmal) + KR(B1) + DH,"[""AT{'substrate': 'allylmal'}"", ""KR{'type': 'B2'}"", 'loading: False']","TE(cyclic, ring=0)",239.27
CC[C@@H]1C=C(O)C(=O)[C@@H](C)C(=O)NC1=O,"[""AT{'substrate': 'ema'}"", 'loading: True']",AT(hmal) + KR(B1) + DH,"[""AT{'substrate': 'Methylmalonyl-CoA'}"", ""KR{'type': 'C1'}"", 'loading: False']","TE(cyclic, ring=0)",211.22
CC[C@H](C=C(O)[C@H]1OC(=O)[C@H]1CCCCc1c[nH]c(Cl)c1Cl)C(N)=O,"[""AT{'substrate': 'ema'}"", 'loading: True']",AT(hmal) + KR(B1) + DH,"[""AT{'substrate': 'DCP'}"", ""KR{'type': 'B2'}"", 'loading: False']","TE(cyclic, ring=0)",389.28
CC[C@H](C=C(O)[C@H]1OC(=O)[C@H]1C(C)C)C(N)=O,"[""AT{'substrate': 'ema'}"", 'loading: True']",AT(hmal) + KR(B1) + DH,"[""AT{'substrate': 'isobutmal'}"", ""KR{'type': 'B2'}"", 'loading: False']","TE(cyclic, ring=0)",241.29
CC[C@H](C=C(O)[C@@H]1OC(=O)[C@H]1OC)C(N)=O,"[""AT{'substrate': 'ema'}"", 'loading: True']",AT(hmal) + KR(B1) + DH,"[""AT{'substrate': 'mxmal'}"", ""KR{'type': 'A2'}"", 'loading: False']","TE(cyclic, ring=1)",229.23
C=CC[C@@H]1C(=O)O[C@H]1C(O)=C[C@@H](CC)C(N)=O,"[""AT{'substrate': 'ema'}"", 'loading: True']",AT(hmal) + KR(B1) + DH,"[""AT{'substrate': 'allylmal'}"", ""KR{'type': 'A2'}"", 'loading: False']","TE(cyclic, ring=0)",239.27
CC[C@H](C=C(O)[C@@H]1OC(=O)[C@H]1CCCCc1c[nH]c(Cl)c1Cl)C(N)=O,"[""AT{'substrate': 'ema'}"", 'loading: True']",AT(hmal) + KR(B1) + DH,"[""AT{'substrate': 'DCP'}"", ""KR{'type': 'A2'}"", 'loading: False']","TE(cyclic, ring=0)",389.28
CC[C@@H]1C=C(O)C(=O)[C@H](C(C)C)C(=O)NC1=O,"[""AT{'substrate': 'ema'}"", 'loading: True']",AT(hmal) + KR(B1) + DH,"[""AT{'substrate': 'D-isobutmal'}"", ""KR{'type': 'C2'}"", 'loading: False']","TE(cyclic, ring=0)",239.27
CC[C@H](C=C(O)[C@@H]1CC(=O)O1)C(N)=O,"[""AT{'substrate': 'ema'}"", 'loading: True']",AT(hmal) + KR(B1) + DH,"[""AT{'substrate': 'Malonyl-CoA'}"", ""KR{'type': 'B'}"", 'loading: False']","TE(cyclic, ring=0)",199.21
CC[C@@H]1C=C(O)C(=O)[C@H](OC)C(=O)NC1=O,"[""AT{'substrate': 'ema'}"", 'loading: True']",AT(hmal) + KR(B1) + DH,"[""AT{'substrate': 'mxmal'}"", ""KR{'type': 'C2'}"", 'loading: False']","TE(cyclic, ring=1)",227.22
CC[C@H]1C(=O)NC(=O)[C@H](CC)C=C(O)C1=O,"[""AT{'substrate': 'ema'}"", 'loading: True']",AT(hmal) + KR(B1) + DH,"[""AT{'substrate': 'emal'}"", ""KR{'type': 'C1'}"", 'loading: False']","TE(cyclic, ring=0)",225.24
CC[C@@H]1C=C(O)C(=O)C(CCCCc2c[nH]c(Cl)c2Cl)C(=O)NC1=O,"[""AT{'substrate': 'ema'}"", 'loading: True']",AT(hmal) + KR(B1) + DH,"[""AT{'substrate': 'DCP'}"", 'loading: False']","TE(cyclic, ring=0)",387.26
CCCC[C@@H]1C(=O)NC(=O)[C@H](CC)C=C(O)C1=O,"[""AT{'substrate': 'ema'}"", 'loading: True']",AT(hmal) + KR(B1) + DH,"[""AT{'substrate': 'butmal'}"", 'loading: False']","TE(cyclic, ring=0)",253.3
CC[C@@H]1C=C(O)C(=O)[C@@H](CCCCc2c[nH]c(Cl)c2Cl)C(=O)NC1=O,"[""AT{'substrate': 'ema'}"", 'loading: True']",AT(hmal) + KR(B1) + DH,"[""AT{'substrate': 'DCP'}"", ""KR{'type': 'C1'}"", 'loading: False']","TE(cyclic, ring=0)",387.26
CCCCCC[C@H]1CC(O)=C[C@@H](CC)C(=O)NC1=O,"[""AT{'substrate': 'ema'}"", 'loading: True']",AT(hmal) + KR(B1) + DH,"[""AT{'substrate': 'hexmal'}"", ""KR{'type': 'B1'}"", 'DH{}', 'ER{}', 'loading: False']","TE(cyclic, ring=0)",267.37
CC[C@H](C=C(O)C(=O)[C@@H]1OC1=O)C(N)=O,"[""AT{'substrate': 'ema'}"", 'loading: True']",AT(hmal) + KR(B1) + DH,"[""AT{'substrate': 'hmal'}"", ""KR{'type': 'C2'}"", 'loading: False']","TE(cyclic, ring=0)",213.19
CCCC[C@H]1C(=O)O[C@H]1C(O)=C[C@@H](CC)C(N)=O,"[""AT{'substrate': 'ema'}"", 'loading: True']",AT(hmal) + KR(B1) + DH,"[""AT{'substrate': 'butmal'}"", ""KR{'type': 'A1'}"", 'loading: False']","TE(cyclic, ring=0)",255.31
CC[C@@H]1C=C(O)C(=O)[C@@H](C(C)C)C(=O)NC1=O,"[""AT{'substrate': 'ema'}"", 'loading: True']",AT(hmal) + KR(B1) + DH,"[""AT{'substrate': 'isobutmal'}"", ""KR{'type': 'C1'}"", 'loading: False']","TE(cyclic, ring=0)",239.27
CC[C@@H]1C=C(O)C[C@H](OC)C(=O)NC1=O,"[""AT{'substrate': 'ema'}"", 'loading: True']",AT(hmal) + KR(B1) + DH,"[""AT{'substrate': 'mxmal'}"", ""KR{'type': 'B1'}"", 'DH{}', 'ER{}', 'loading: False']","TE(cyclic, ring=1)",213.23
CC[C@@H]1C=C(O)C[C@H](CCCCc2c[nH]c(Cl)c2Cl)C(=O)NC1=O,"[""AT{'substrate': 'ema'}"", 'loading: True']",AT(hmal) + KR(B1) + DH,"[""AT{'substrate': 'DCP'}"", ""KR{'type': 'B1'}"", 'DH{}', 'ER{}', 'loading: False']","TE(cyclic, ring=0)",373.28
CCCCCC[C@@H]1C(=O)O[C@@H]1C(O)=C[C@@H](CC)C(N)=O,"[""AT{'substrate': 'ema'}"", 'loading: True']",AT(hmal) + KR(B1) + DH,"[""AT{'substrate': 'hexmal'}"", ""KR{'type': 'B2'}"", 'loading: False']","TE(cyclic, ring=0)",283.37
CC[C@@H]1C(=O)O[C@@H]1C(O)=C[C@@H](CC)C(N)=O,"[""AT{'substrate': 'ema'}"", 'loading: True']",AT(hmal) + KR(B1) + DH,"[""AT{'substrate': 'emal'}"", ""KR{'type': 'B2'}"", 'loading: False']","TE(cyclic, ring=0)",227.26
CC[C@@H]1C=C(O)C[C@H](C)C(=O)NC1=O,"[""AT{'substrate': 'ema'}"", 'loading: True']",AT(hmal) + KR(B1) + DH,"[""AT{'substrate': 'Methylmalonyl-CoA'}"", ""KR{'type': 'B1'}"", 'DH{}', 'ER{}', 'loading: False']","TE(cyclic, ring=0)",197.23
CCCC[C@@H]1C(=O)O[C@H]1C(O)=C[C@@H](CC)C(N)=O,"[""AT{'substrate': 'ema'}"", 'loading: True']",AT(hmal) + KR(B1) + DH,"[""AT{'substrate': 'butmal'}"", ""KR{'type': 'A2'}"", 'loading: False']","TE(cyclic, ring=0)",255.31
CC[C@H](C=C(O)[C@@H](O)[C@H]1OC1=O)C(N)=O,"[""AT{'substrate': 'ema'}"", 'loading: True']",AT(hmal) + KR(B1) + DH,"[""AT{'substrate': 'hmal'}"", ""KR{'type': 'B1'}"", 'loading: False']","TE(cyclic, ring=0)",215.2
CC[C@H](C=C(O)[C@H]1OC(=O)[C@@H]1C(C)C)C(N)=O,"[""AT{'substrate': 'ema'}"", 'loading: True']",AT(hmal) + KR(B1) + DH,"[""AT{'substrate': 'D-isobutmal'}"", ""KR{'type': 'B1'}"", 'loading: False']","TE(cyclic, ring=0)",241.29
CC[C@@H]1C=C(O)C=C(OC)C(=O)NC1=O,"[""AT{'substrate': 'ema'}"", 'loading: True']",AT(hmal) + KR(B1) + DH,"[""AT{'substrate': 'mxmal'}"", ""KR{'type': 'B1'}"", 'DH{}', 'loading: False']","TE(cyclic, ring=0)",211.22
CC[C@H](C=C(O)[C@H]1CC(=O)O1)C(N)=O,"[""AT{'substrate': 'ema'}"", 'loading: True']",AT(hmal) + KR(B1) + DH,"[""AT{'substrate': 'Malonyl-CoA'}"", ""KR{'type': 'A'}"", 'loading: False']","TE(cyclic, ring=0)",199.21
CCCCCC[C@@H]1C(=O)O[C@H]1C(O)=C[C@@H](CC)C(N)=O,"[""AT{'substrate': 'ema'}"", 'loading: True']",AT(hmal) + KR(B1) + DH,"[""AT{'substrate': 'hexmal'}"", ""KR{'type': 'A2'}"", 'loading: False']","TE(cyclic, ring=0)",283.37
CC[C@@H]1C=C(O)C(=O)[C@H](C)C(=O)NC1=O,"[""AT{'substrate': 'ema'}"", 'loading: True']",AT(hmal) + KR(B1) + DH,"[""AT{'substrate': 'Methylmalonyl-CoA'}"", 'loading: False']","TE(cyclic, ring=0)",211.22
CC[C@H](C=C(O)[C@H]1OC(=O)[C@H]1OC)C(N)=O,"[""AT{'substrate': 'ema'}"", 'loading: True']",AT(hmal) + KR(B1) + DH,"[""AT{'substrate': 'mxmal'}"", ""KR{'type': 'B2'}"", 'loading: False']","TE(cyclic, ring=1)",229.23
CC[C@H](C=C(O)[C@H]1OC(=O)[C@@H]1C)C(N)=O,"[""AT{'substrate': 'ema'}"", 'loading: True']",AT(hmal) + KR(B1) + DH,"[""AT{'substrate': 'Methylmalonyl-CoA'}"", ""KR{'type': 'B1'}"", 'loading: False']","TE(cyclic, ring=0)",213.23
CC[C@@H]1C(=O)NC(=O)[C@H](CC)C=C(O)C1=O,"[""AT{'substrate': 'ema'}"", 'loading: True']",AT(hmal) + KR(B1) + DH,"[""AT{'substrate': 'emal'}"", ""KR{'type': 'C2'}"", 'loading: False']","TE(cyclic, ring=0)",225.24
CCCCCCC1=CC(O)=C[C@@H](CC)C(=O)NC1=O,"[""AT{'substrate': 'ema'}"", 'loading: True']",AT(hmal) + KR(B1) + DH,"[""AT{'substrate': 'hexmal'}"", ""KR{'type': 'B1'}"", 'DH{}', 'loading: False']","TE(cyclic, ring=0)",265.35
CCCCCC[C@@H]1C(=O)NC(=O)[C@H](CC)C=C(O)C1=O,"[""AT{'substrate': 'ema'}"", 'loading: True']",AT(hmal) + KR(B1) + DH,"[""AT{'substrate': 'hexmal'}"", 'loading: False']","TE(cyclic, ring=0)",281.35
CC[C@H](C=C(O)[C@H]1OC(=O)[C@@H]1CC)C(N)=O,"[""AT{'substrate': 'ema'}"", 'loading: True']",AT(hmal) + KR(B1) + DH,"[""AT{'substrate': 'emal'}"", ""KR{'type': 'B1'}"", 'loading: False']","TE(cyclic, ring=0)",227.26
C=CC[C@H]1C(=O)O[C@@H]1C(O)=C[C@@H](CC)C(N)=O,"[""AT{'substrate': 'ema'}"", 'loading: True']",AT(hmal) + KR(B1) + DH,"[""AT{'substrate': 'allylmal'}"", ""KR{'type': 'B1'}"", 'loading: False']","TE(cyclic, ring=0)",239.27
CC[C@@H]1C=C(O)C(=O)[C@@H](OC)C(=O)NC1=O,"[""AT{'substrate': 'ema'}"", 'loading: True']",AT(hmal) + KR(B1) + DH,"[""AT{'substrate': 'mxmal'}"", ""KR{'type': 'C1'}"", 'loading: False']","TE(cyclic, ring=1)",227.22
C=CC[C@H]1C(=O)NC(=O)[C@H](CC)C=C(O)C1=O,"[""AT{'substrate': 'ema'}"", 'loading: True']",AT(hmal) + KR(B1) + DH,"[""AT{'substrate': 'allylmal'}"", ""KR{'type': 'C1'}"", 'loading: False']","TE(cyclic, ring=0)",237.25
C=CCC1=CC(O)=C[C@@H](CC)C(=O)NC1=O,"[""AT{'substrate': 'ema'}"", 'loading: True']",AT(hmal) + KR(B1) + DH,"[""AT{'substrate': 'allylmal'}"", ""KR{'type': 'B1'}"", 'DH{}', 'loading: False']","TE(cyclic, ring=0)",221.26
CC[C@@H]1C=C(O)C=C(CCCCc2c[nH]c(Cl)c2Cl)C(=O)NC1=O,"[""AT{'substrate': 'ema'}"", 'loading: True']",AT(hmal) + KR(B1) + DH,"[""AT{'substrate': 'DCP'}"", ""KR{'type': 'B1'}"", 'DH{}', 'loading: False']","TE(cyclic, ring=0)",371.26
CC[C@H](C=C(O)[C@H]1OC(=O)[C@@H]1CCCCc1c[nH]c(Cl)c1Cl)C(N)=O,"[""AT{'substrate': 'ema'}"", 'loading: True']",AT(hmal) + KR(B1) + DH,"[""AT{'substrate': 'DCP'}"", ""KR{'type': 'B1'}"", 'loading: False']","TE(cyclic, ring=0)",389.28
CCCC[C@@H]1C(=O)O[C@@H]1C(O)=C[C@@H](CC)C(N)=O,"[""AT{'substrate': 'ema'}"", 'loading: True']",AT(hmal) + KR(B1) + DH,"[""AT{'substrate': 'butmal'}"", ""KR{'type': 'B2'}"", 'loading: False']","TE(cyclic, ring=0)",255.31
CC[C@H](C=C(O)[C@H]1OC(=O)[C@@H]1OC)C(N)=O,"[""AT{'substrate': 'ema'}"", 'loading: True']",AT(hmal) + KR(B1) + DH,"[""AT{'substrate': 'mxmal'}"", ""KR{'type': 'B1'}"", 'loading: False']","TE(cyclic, ring=1)",229.23
CC[C@H](C=C(O)C[C@@H]1OC1=O)C(N)=O,"[""AT{'substrate': 'ema'}"", 'loading: True']",AT(hmal) + KR(B1) + DH,"[""AT{'substrate': 'hmal'}"", ""KR{'type': 'B1'}"", 'DH{}', 'ER{}', 'loading: False']","TE(cyclic, ring=0)",199.21
CCCC[C@H]1C(=O)NC(=O)[C@H](CC)C=C(O)C1=O,"[""AT{'substrate': 'ema'}"", 'loading: True']",AT(hmal) + KR(B1) + DH,"[""AT{'substrate': 'butmal'}"", ""KR{'type': 'C1'}"", 'loading: False']","TE(cyclic, ring=0)",253.3
CC[C@@H]1C=C(O)C[C@H](C(C)C)C(=O)NC1=O,"[""AT{'substrate': 'ema'}"", 'loading: True']",AT(hmal) + KR(B1) + DH,"[""AT{'substrate': 'D-isobutmal'}"", ""KR{'type': 'B1'}"", 'DH{}', 'ER{}', 'loading: False']","TE(cyclic, ring=0)",225.29
CCCCCC[C@H]1C(=O)NC(=O)[C@H](CC)C=C(O)C1=O,"[""AT{'substrate': 'ema'}"", 'loading: True']",AT(hmal) + KR(B1) + DH,"[""AT{'substrate': 'hexmal'}"", ""KR{'type': 'C1'}"", 'loading: False']","TE(cyclic, ring=0)",281.35
CC[C@H](C=C(O)[C@@H]1OC(=O)[C@@H]1C)C(N)=O,"[""AT{'substrate': 'ema'}"", 'loading: True']",AT(hmal) + KR(B1) + DH,"[""AT{'substrate': 'Methylmalonyl-CoA'}"", ""KR{'type': 'A1'}"", 'loading: False']","TE(cyclic, ring=0)",213.23
C=CC[C@@H]1C(=O)NC(=O)[C@H](CC)C=C(O)C1=O,"[""AT{'substrate': 'ema'}"", 'loading: True']",AT(hmal) + KR(B1) + DH,"[""AT{'substrate': 'allylmal'}"", ""KR{'type': 'C2'}"", 'loading: False']","TE(cyclic, ring=0)",237.25
CC[C@H](C=C(O)[C@H](O)[C@@H]1OC1=O)C(N)=O,"[""AT{'substrate': 'ema'}"", 'loading: True']",AT(hmal) + KR(B1) + DH,"[""AT{'substrate': 'hmal'}"", ""KR{'type': 'A2'}"", 'loading: False']","TE(cyclic, ring=0)",215.2
CCCC[C@H]1C(=O)O[C@@H]1C(O)=C[C@@H](CC)C(N)=O,"[""AT{'substrate': 'ema'}"", 'loading: True']",AT(hmal) + KR(B1) + DH,"[""AT{'substrate': 'butmal'}"", ""KR{'type': 'B1'}"", 'loading: False']","TE(cyclic, ring=0)",255.31
CC[C@@H]1C=C(O)C(=O)[C@H](CCCCc2c[nH]c(Cl)c2Cl)C(=O)NC1=O,"[""AT{'substrate': 'ema'}"", 'loading: True']",AT(hmal) + KR(B1) + DH,"[""AT{'substrate': 'DCP'}"", ""KR{'type': 'C2'}"", 'loading: False']","TE(cyclic, ring=0)",387.26
CCCCCC[C@H]1C(=O)O[C@@H]1C(O)=C[C@@H](CC)C(N)=O,"[""AT{'substrate': 'ema'}"", 'loading: True']",AT(hmal) + KR(B1) + DH,"[""AT{'substrate': 'hexmal'}"", ""KR{'type': 'B1'}"", 'loading: False']","TE(cyclic, ring=0)",283.37
CC[C@H](C=C(O)C(=O)C1OC1=O)C(N)=O,"[""AT{'substrate': 'ema'}"", 'loading: True']",AT(hmal) + KR(B1) + DH,"[""AT{'substrate': 'hmal'}"", 'loading: False']","TE(cyclic, ring=0)",213.19
CC[C@@H]1C=C(O)CCC(=O)NC1=O,"[""AT{'substrate': 'ema'}"", 'loading: True']",AT(hmal) + KR(B1) + DH,"[""AT{'substrate': 'Malonyl-CoA'}"", ""KR{'type': 'B'}"", 'DH{}', 'ER{}', 'loading: False']","TE(cyclic, ring=0)",183.21
C=CC[C@H]1C(=O)O[C@H]1C(O)=C[C@@H](CC)C(N)=O,"[""AT{'substrate': 'ema'}"", 'loading: True']",AT(hmal) + KR(B1) + DH,"[""AT{'substrate': 'allylmal'}"", ""KR{'type': 'A1'}"", 'loading: False']","TE(cyclic, ring=0)",239.27
CC[C@H](C=C(O)[C@@H]1OC(=O)[C@@H]1CCCCc1c[nH]c(Cl)c1Cl)C(N)=O,"[""AT{'substrate': 'ema'}"", 'loading: True']",AT(hmal) + KR(B1) + DH,"[""AT{'substrate': 'DCP'}"", ""KR{'type': 'A1'}"", 'loading: False']","TE(cyclic, ring=0)",389.28
CC[C@@H]1C=C(O)C=CC(=O)NC1=O,"[""AT{'substrate': 'ema'}"", 'loading: True']",AT(hmal) + KR(B1) + DH,"[""AT{'substrate': 'Malonyl-CoA'}"", ""KR{'type': 'B'}"", 'DH{}', 'loading: False']","TE(cyclic, ring=0)",181.19
CC[C@@H]1C=C(O)C=C(C(C)C)C(=O)NC1=O,"[""AT{'substrate': 'ema'}"", 'loading: True']",AT(hmal) + KR(B1) + DH,"[""AT{'substrate': 'D-isobutmal'}"", ""KR{'type': 'B1'}"", 'DH{}', 'loading: False']","TE(cyclic, ring=0)",223.27
CC[C@H](C=C(O)[C@H](O)[C@H]1OC1=O)C(N)=O,"[""AT{'substrate': 'ema'}"", 'loading: True']",AT(hmal) + KR(B1) + DH,"[""AT{'substrate': 'hmal'}"", ""KR{'type': 'A1'}"", 'loading: False']","TE(cyclic, ring=0)",215.2
C=CC[C@H]1CC(O)=C[C@@H](CC)C(=O)NC1=O,"[""AT{'substrate': 'ema'}"", 'loading: True']",AT(hmal) + KR(B1) + DH,"[""AT{'substrate': 'allylmal'}"", ""KR{'type': 'B1'}"", 'DH{}', 'ER{}', 'loading: False']","TE(cyclic, ring=0)",223.27
CC[C@@H]1C(=O)O[C@H]1C(O)=C[C@@H](CC)C(N)=O,"[""AT{'substrate': 'ema'}"", 'loading: True']",AT(hmal) + KR(B1) + DH,"[""AT{'substrate': 'emal'}"", ""KR{'type': 'A2'}"", 'loading: False']","TE(cyclic, ring=0)",227.26
CC[C@@H]1C=C(O)C=C(C)C(=O)NC1=O,"[""AT{'substrate': 'ema'}"", 'loading: True']",AT(hmal) + KR(B1) + DH,"[""AT{'substrate': 'Methylmalonyl-CoA'}"", ""KR{'type': 'B1'}"", 'DH{}', 'loading: False']","TE(cyclic, ring=0)",195.22
CC[C@H](C=C(O)[C@@H]1OC(=O)[C@H]1C(C)C)C(N)=O,"[""AT{'substrate': 'ema'}"", 'loading: True']",AT(hmal) + KR(B1) + DH,"[""AT{'substrate': 'isobutmal'}"", ""KR{'type': 'A2'}"", 'loading: False']","TE(cyclic, ring=0)",241.29
CC[C@H](C=C(O)[C@@H](O)[C@@H]1OC1=O)C(N)=O,"[""AT{'substrate': 'ema'}"", 'loading: True']",AT(hmal) + KR(B1) + DH,"[""AT{'substrate': 'hmal'}"", ""KR{'type': 'B2'}"", 'loading: False']","TE(cyclic, ring=0)",215.2
CCC1=CC(O)=C[C@@H](CC)C(=O)NC1=O,"[""AT{'substrate': 'ema'}"", 'loading: True']",AT(hmal) + KR(B1) + DH,"[""AT{'substrate': 'emal'}"", ""KR{'type': 'B1'}"", 'DH{}', 'loading: False']","TE(cyclic, ring=0)",209.24
CCCCC1=CC(O)=C[C@@H](CC)C(=O)NC1=O,"[""AT{'substrate': 'ema'}"", 'loading: True']",AT(hmal) + KR(B1) + DH,"[""AT{'substrate': 'butmal'}"", ""KR{'type': 'B1'}"", 'DH{}', 'loading: False']","TE(cyclic, ring=0)",237.3
CC[C@H](C=C(O)[C@H]1OC(=O)[C@H]1C)C(N)=O,"[""AT{'substrate': 'ema'}"", 'loading: True']",AT(hmal) + KR(B1) + DH,"[""AT{'substrate': 'Methylmalonyl-CoA'}"", ""KR{'type': 'B2'}"", 'loading: False']","TE(cyclic, ring=0)",213.23
CCCCCC[C@H]1C(=O)O[C@H]1C(O)=C[C@@H](CC)C(N)=O,"[""AT{'substrate': 'ema'}"", 'loading: True']",AT(hmal) + KR(B1) + DH,"[""AT{'substrate': 'hexmal'}"", ""KR{'type': 'A1'}"", 'loading: False']","TE(cyclic, ring=0)",283.37
CCCC[C@H]1CC(O)=C[C@@H](CC)C(=O)NC1=O,"[""AT{'substrate': 'ema'}"", 'loading: True']",AT(hmal) + KR(B1) + DH,"[""AT{'substrate': 'butmal'}"", ""KR{'type': 'B1'}"", 'DH{}', 'ER{}', 'loading: False']","TE(cyclic, ring=0)",239.31
CC[C@H](C=C(O)[C@@H]1OC(=O)[C@@H]1CC)C(N)=O,"[""AT{'substrate': 'ema'}"", 'loading: True']",AT(hmal) + KR(B1) + DH,"[""AT{'substrate': 'emal'}"", ""KR{'type': 'A1'}"", 'loading: False']","TE(cyclic, ring=0)",227.26
CC[C@@H]1C=C(O)C=C(O)C(=O)NC1=O,"[""AT{'substrate': 'ema'}"", 'loading: True']",AT(hmal) + KR(B1) + DH,"[""AT{'substrate': 'hmal'}"", ""KR{'type': 'B1'}"", 'DH{}', 'loading: False']","TE(cyclic, ring=0)",197.19
C[C@H](C=C(O)[C@@H]1OC(=O)[C@H]1C)CNC(=O)[C@H](C)N,"[""AT{'substrate': '3measp'}"", 'loading: True']",AT(hmal) + KR(B1) + DH,"[""AT{'substrate': 'Methylmalonyl-CoA'}"", ""KR{'type': 'A2'}"", 'loading: False']","TE(cyclic, ring=0)",256.3
C[C@H](C=C(O)C(=O)[C@H]1OC1=O)CNC(=O)[C@H](C)N,"[""AT{'substrate': '3measp'}"", 'loading: True']",AT(hmal) + KR(B1) + DH,"[""AT{'substrate': 'hmal'}"", ""KR{'type': 'C1'}"", 'loading: False']","TE(cyclic, ring=0)",256.26
C[C@@H]1C=C(O)C(=O)CC(=O)N[C@@H](C)C(=O)NC1,"[""AT{'substrate': '3measp'}"", 'loading: True']",AT(hmal) + KR(B1) + DH,"[""AT{'substrate': 'Malonyl-CoA'}"", 'loading: False']","TE(cyclic, ring=0)",240.26
CC[C@H]1CC(O)=C[C@@H](C)CNC(=O)[C@H](C)NC1=O,"[""AT{'substrate': '3measp'}"", 'loading: True']",AT(hmal) + KR(B1) + DH,"[""AT{'substrate': 'emal'}"", ""KR{'type': 'B1'}"", 'DH{}', 'ER{}', 'loading: False']","TE(cyclic, ring=0)",254.33
CC(C)[C@H]1C(=O)O[C@H]1C(O)=C[C@@H](C)CNC(=O)[C@H](C)N,"[""AT{'substrate': '3measp'}"", 'loading: True']",AT(hmal) + KR(B1) + DH,"[""AT{'substrate': 'isobutmal'}"", ""KR{'type': 'A1'}"", 'loading: False']","TE(cyclic, ring=0)",284.36
CO[C@H]1C(=O)O[C@H]1C(O)=C[C@@H](C)CNC(=O)[C@H](C)N,"[""AT{'substrate': '3measp'}"", 'loading: True']",AT(hmal) + KR(B1) + DH,"[""AT{'substrate': 'mxmal'}"", ""KR{'type': 'A1'}"", 'loading: False']","TE(cyclic, ring=1)",272.3
C=CC[C@@H]1C(=O)O[C@@H]1C(O)=C[C@@H](C)CNC(=O)[C@H](C)N,"[""AT{'substrate': '3measp'}"", 'loading: True']",AT(hmal) + KR(B1) + DH,"[""AT{'substrate': 'allylmal'}"", ""KR{'type': 'B2'}"", 'loading: False']","TE(cyclic, ring=0)",282.34
C[C@H]1C(=O)N[C@@H](C)C(=O)NC[C@H](C)C=C(O)C1=O,"[""AT{'substrate': '3measp'}"", 'loading: True']",AT(hmal) + KR(B1) + DH,"[""AT{'substrate': 'Methylmalonyl-CoA'}"", ""KR{'type': 'C1'}"", 'loading: False']","TE(cyclic, ring=0)",254.29
C[C@H](C=C(O)[C@H]1OC(=O)[C@H]1CCCCc1c[nH]c(Cl)c1Cl)CNC(=O)[C@H](C)N,"[""AT{'substrate': '3measp'}"", 'loading: True']",AT(hmal) + KR(B1) + DH,"[""AT{'substrate': 'DCP'}"", ""KR{'type': 'B2'}"", 'loading: False']","TE(cyclic, ring=0)",432.35
CC(C)[C@@H]1C(=O)O[C@@H]1C(O)=C[C@@H](C)CNC(=O)[C@H](C)N,"[""AT{'substrate': '3measp'}"", 'loading: True']",AT(hmal) + KR(B1) + DH,"[""AT{'substrate': 'isobutmal'}"", ""KR{'type': 'B2'}"", 'loading: False']","TE(cyclic, ring=0)",284.36
CO[C@@H]1C(=O)O[C@H]1C(O)=C[C@@H](C)CNC(=O)[C@H](C)N,"[""AT{'substrate': '3measp'}"", 'loading: True']",AT(hmal) + KR(B1) + DH,"[""AT{'substrate': 'mxmal'}"", ""KR{'type': 'A2'}"", 'loading: False']","TE(cyclic, ring=1)",272.3
C=CC[C@@H]1C(=O)O[C@H]1C(O)=C[C@@H](C)CNC(=O)[C@H](C)N,"[""AT{'substrate': '3measp'}"", 'loading: True']",AT(hmal) + KR(B1) + DH,"[""AT{'substrate': 'allylmal'}"", ""KR{'type': 'A2'}"", 'loading: False']","TE(cyclic, ring=0)",282.34
C[C@H](C=C(O)[C@@H]1OC(=O)[C@H]1CCCCc1c[nH]c(Cl)c1Cl)CNC(=O)[C@H](C)N,"[""AT{'substrate': '3measp'}"", 'loading: True']",AT(hmal) + KR(B1) + DH,"[""AT{'substrate': 'DCP'}"", ""KR{'type': 'A2'}"", 'loading: False']","TE(cyclic, ring=0)",432.35
CC(C)[C@@H]1C(=O)N[C@@H](C)C(=O)NC[C@H](C)C=C(O)C1=O,"[""AT{'substrate': '3measp'}"", 'loading: True']",AT(hmal) + KR(B1) + DH,"[""AT{'substrate': 'D-isobutmal'}"", ""KR{'type': 'C2'}"", 'loading: False']","TE(cyclic, ring=0)",282.34
C[C@H](C=C(O)[C@@H]1CC(=O)O1)CNC(=O)[C@H](C)N,"[""AT{'substrate': '3measp'}"", 'loading: True']",AT(hmal) + KR(B1) + DH,"[""AT{'substrate': 'Malonyl-CoA'}"", ""KR{'type': 'B'}"", 'loading: False']","TE(cyclic, ring=0)",242.27
CO[C@@H]1C(=O)N[C@@H](C)C(=O)NC[C@H](C)C=C(O)C1=O,"[""AT{'substrate': '3measp'}"", 'loading: True']",AT(hmal) + KR(B1) + DH,"[""AT{'substrate': 'mxmal'}"", ""KR{'type': 'C2'}"", 'loading: False']","TE(cyclic, ring=1)",270.29
CC[C@H]1C(=O)N[C@@H](C)C(=O)NC[C@H](C)C=C(O)C1=O,"[""AT{'substrate': '3measp'}"", 'loading: True']",AT(hmal) + KR(B1) + DH,"[""AT{'substrate': 'emal'}"", ""KR{'type': 'C1'}"", 'loading: False']","TE(cyclic, ring=0)",268.31
C[C@@H]1C=C(O)C(=O)C(CCCCc2c[nH]c(Cl)c2Cl)C(=O)N[C@@H](C)C(=O)NC1,"[""AT{'substrate': '3measp'}"", 'loading: True']",AT(hmal) + KR(B1) + DH,"[""AT{'substrate': 'DCP'}"", 'loading: False']","TE(cyclic, ring=0)",430.33
CCCC[C@@H]1C(=O)N[C@@H](C)C(=O)NC[C@H](C)C=C(O)C1=O,"[""AT{'substrate': '3measp'}"", 'loading: True']",AT(hmal) + KR(B1) + DH,"[""AT{'substrate': 'butmal'}"", 'loading: False']","TE(cyclic, ring=0)",296.37
C[C@@H]1C=C(O)C(=O)[C@@H](CCCCc2c[nH]c(Cl)c2Cl)C(=O)N[C@@H](C)C(=O)NC1,"[""AT{'substrate': '3measp'}"", 'loading: True']",AT(hmal) + KR(B1) + DH,"[""AT{'substrate': 'DCP'}"", ""KR{'type': 'C1'}"", 'loading: False']","TE(cyclic, ring=0)",430.33
CCCCCC[C@H]1CC(O)=C[C@@H](C)CNC(=O)[C@H](C)NC1=O,"[""AT{'substrate': '3measp'}"", 'loading: True']",AT(hmal) + KR(B1) + DH,"[""AT{'substrate': 'hexmal'}"", ""KR{'type': 'B1'}"", 'DH{}', 'ER{}', 'loading: False']","TE(cyclic, ring=0)",310.44
C[C@H](C=C(O)C(=O)[C@@H]1OC1=O)CNC(=O)[C@H](C)N,"[""AT{'substrate': '3measp'}"", 'loading: True']",AT(hmal) + KR(B1) + DH,"[""AT{'substrate': 'hmal'}"", ""KR{'type': 'C2'}"", 'loading: False']","TE(cyclic, ring=0)",256.26
CCCC[C@H]1C(=O)O[C@H]1C(O)=C[C@@H](C)CNC(=O)[C@H](C)N,"[""AT{'substrate': '3measp'}"", 'loading: True']",AT(hmal) + KR(B1) + DH,"[""AT{'substrate': 'butmal'}"", ""KR{'type': 'A1'}"", 'loading: False']","TE(cyclic, ring=0)",298.38
CC(C)[C@H]1C(=O)N[C@@H](C)C(=O)NC[C@H](C)C=C(O)C1=O,"[""AT{'substrate': '3measp'}"", 'loading: True']",AT(hmal) + KR(B1) + DH,"[""AT{'substrate': 'isobutmal'}"", ""KR{'type': 'C1'}"", 'loading: False']","TE(cyclic, ring=0)",282.34
CO[C@H]1CC(O)=C[C@@H](C)CNC(=O)[C@H](C)NC1=O,"[""AT{'substrate': '3measp'}"", 'loading: True']",AT(hmal) + KR(B1) + DH,"[""AT{'substrate': 'mxmal'}"", ""KR{'type': 'B1'}"", 'DH{}', 'ER{}', 'loading: False']","TE(cyclic, ring=1)",256.3
C[C@@H]1C=C(O)C[C@H](CCCCc2c[nH]c(Cl)c2Cl)C(=O)N[C@@H](C)C(=O)NC1,"[""AT{'substrate': '3measp'}"", 'loading: True']",AT(hmal) + KR(B1) + DH,"[""AT{'substrate': 'DCP'}"", ""KR{'type': 'B1'}"", 'DH{}', 'ER{}', 'loading: False']","TE(cyclic, ring=0)",416.35
CCCCCC[C@@H]1C(=O)O[C@@H]1C(O)=C[C@@H](C)CNC(=O)[C@H](C)N,"[""AT{'substrate': '3measp'}"", 'loading: True']",AT(hmal) + KR(B1) + DH,"[""AT{'substrate': 'hexmal'}"", ""KR{'type': 'B2'}"", 'loading: False']","TE(cyclic, ring=0)",326.44
CC[C@@H]1C(=O)O[C@@H]1C(O)=C[C@@H](C)CNC(=O)[C@H](C)N,"[""AT{'substrate': '3measp'}"", 'loading: True']",AT(hmal) + KR(B1) + DH,"[""AT{'substrate': 'emal'}"", ""KR{'type': 'B2'}"", 'loading: False']","TE(cyclic, ring=0)",270.33
C[C@@H]1C=C(O)C[C@H](C)C(=O)N[C@@H](C)C(=O)NC1,"[""AT{'substrate': '3measp'}"", 'loading: True']",AT(hmal) + KR(B1) + DH,"[""AT{'substrate': 'Methylmalonyl-CoA'}"", ""KR{'type': 'B1'}"", 'DH{}', 'ER{}', 'loading: False']","TE(cyclic, ring=0)",240.3
CCCC[C@@H]1C(=O)O[C@H]1C(O)=C[C@@H](C)CNC(=O)[C@H](C)N,"[""AT{'substrate': '3measp'}"", 'loading: True']",AT(hmal) + KR(B1) + DH,"[""AT{'substrate': 'butmal'}"", ""KR{'type': 'A2'}"", 'loading: False']","TE(cyclic, ring=0)",298.38
C[C@H](C=C(O)[C@@H](O)[C@H]1OC1=O)CNC(=O)[C@H](C)N,"[""AT{'substrate': '3measp'}"", 'loading: True']",AT(hmal) + KR(B1) + DH,"[""AT{'substrate': 'hmal'}"", ""KR{'type': 'B1'}"", 'loading: False']","TE(cyclic, ring=0)",258.27
CC(C)[C@H]1C(=O)O[C@@H]1C(O)=C[C@@H](C)CNC(=O)[C@H](C)N,"[""AT{'substrate': '3measp'}"", 'loading: True']",AT(hmal) + KR(B1) + DH,"[""AT{'substrate': 'D-isobutmal'}"", ""KR{'type': 'B1'}"", 'loading: False']","TE(cyclic, ring=0)",284.36
COC1=CC(O)=C[C@@H](C)CNC(=O)[C@H](C)NC1=O,"[""AT{'substrate': '3measp'}"", 'loading: True']",AT(hmal) + KR(B1) + DH,"[""AT{'substrate': 'mxmal'}"", ""KR{'type': 'B1'}"", 'DH{}', 'loading: False']","TE(cyclic, ring=0)",254.29
C[C@H](C=C(O)[C@H]1CC(=O)O1)CNC(=O)[C@H](C)N,"[""AT{'substrate': '3measp'}"", 'loading: True']",AT(hmal) + KR(B1) + DH,"[""AT{'substrate': 'Malonyl-CoA'}"", ""KR{'type': 'A'}"", 'loading: False']","TE(cyclic, ring=0)",242.27
CCCCCC[C@@H]1C(=O)O[C@H]1C(O)=C[C@@H](C)CNC(=O)[C@H](C)N,"[""AT{'substrate': '3measp'}"", 'loading: True']",AT(hmal) + KR(B1) + DH,"[""AT{'substrate': 'hexmal'}"", ""KR{'type': 'A2'}"", 'loading: False']","TE(cyclic, ring=0)",326.44
C[C@@H]1C(=O)N[C@@H](C)C(=O)NC[C@H](C)C=C(O)C1=O,"[""AT{'substrate': '3measp'}"", 'loading: True']",AT(hmal) + KR(B1) + DH,"[""AT{'substrate': 'Methylmalonyl-CoA'}"", 'loading: False']","TE(cyclic, ring=0)",254.29
CO[C@@H]1C(=O)O[C@@H]1C(O)=C[C@@H](C)CNC(=O)[C@H](C)N,"[""AT{'substrate': '3measp'}"", 'loading: True']",AT(hmal) + KR(B1) + DH,"[""AT{'substrate': 'mxmal'}"", ""KR{'type': 'B2'}"", 'loading: False']","TE(cyclic, ring=1)",272.3
C[C@H](C=C(O)[C@H]1OC(=O)[C@@H]1C)CNC(=O)[C@H](C)N,"[""AT{'substrate': '3measp'}"", 'loading: True']",AT(hmal) + KR(B1) + DH,"[""AT{'substrate': 'Methylmalonyl-CoA'}"", ""KR{'type': 'B1'}"", 'loading: False']","TE(cyclic, ring=0)",256.3
CC[C@@H]1C(=O)N[C@@H](C)C(=O)NC[C@H](C)C=C(O)C1=O,"[""AT{'substrate': '3measp'}"", 'loading: True']",AT(hmal) + KR(B1) + DH,"[""AT{'substrate': 'emal'}"", ""KR{'type': 'C2'}"", 'loading: False']","TE(cyclic, ring=0)",268.31
CCCCCCC1=CC(O)=C[C@@H](C)CNC(=O)[C@H](C)NC1=O,"[""AT{'substrate': '3measp'}"", 'loading: True']",AT(hmal) + KR(B1) + DH,"[""AT{'substrate': 'hexmal'}"", ""KR{'type': 'B1'}"", 'DH{}', 'loading: False']","TE(cyclic, ring=0)",308.42
CCCCCC[C@@H]1C(=O)N[C@@H](C)C(=O)NC[C@H](C)C=C(O)C1=O,"[""AT{'substrate': '3measp'}"", 'loading: True']",AT(hmal) + KR(B1) + DH,"[""AT{'substrate': 'hexmal'}"", 'loading: False']","TE(cyclic, ring=0)",324.42
CC[C@H]1C(=O)O[C@@H]1C(O)=C[C@@H](C)CNC(=O)[C@H](C)N,"[""AT{'substrate': '3measp'}"", 'loading: True']",AT(hmal) + KR(B1) + DH,"[""AT{'substrate': 'emal'}"", ""KR{'type': 'B1'}"", 'loading: False']","TE(cyclic, ring=0)",270.33
C=CC[C@H]1C(=O)O[C@@H]1C(O)=C[C@@H](C)CNC(=O)[C@H](C)N,"[""AT{'substrate': '3measp'}"", 'loading: True']",AT(hmal) + KR(B1) + DH,"[""AT{'substrate': 'allylmal'}"", ""KR{'type': 'B1'}"", 'loading: False']","TE(cyclic, ring=0)",282.34
CO[C@H]1C(=O)N[C@@H](C)C(=O)NC[C@H](C)C=C(O)C1=O,"[""AT{'substrate': '3measp'}"", 'loading: True']",AT(hmal) + KR(B1) + DH,"[""AT{'substrate': 'mxmal'}"", ""KR{'type': 'C1'}"", 'loading: False']","TE(cyclic, ring=1)",270.29
C=CC[C@H]1C(=O)N[C@@H](C)C(=O)NC[C@H](C)C=C(O)C1=O,"[""AT{'substrate': '3measp'}"", 'loading: True']",AT(hmal) + KR(B1) + DH,"[""AT{'substrate': 'allylmal'}"", ""KR{'type': 'C1'}"", 'loading: False']","TE(cyclic, ring=0)",280.32
C=CCC1=CC(O)=C[C@@H](C)CNC(=O)[C@H](C)NC1=O,"[""AT{'substrate': '3measp'}"", 'loading: True']",AT(hmal) + KR(B1) + DH,"[""AT{'substrate': 'allylmal'}"", ""KR{'type': 'B1'}"", 'DH{}', 'loading: False']","TE(cyclic, ring=0)",264.32
C[C@@H]1C=C(O)C=C(CCCCc2c[nH]c(Cl)c2Cl)C(=O)N[C@@H](C)C(=O)NC1,"[""AT{'substrate': '3measp'}"", 'loading: True']",AT(hmal) + KR(B1) + DH,"[""AT{'substrate': 'DCP'}"", ""KR{'type': 'B1'}"", 'DH{}', 'loading: False']","TE(cyclic, ring=0)",414.33
C[C@H](C=C(O)[C@H]1OC(=O)[C@@H]1CCCCc1c[nH]c(Cl)c1Cl)CNC(=O)[C@H](C)N,"[""AT{'substrate': '3measp'}"", 'loading: True']",AT(hmal) + KR(B1) + DH,"[""AT{'substrate': 'DCP'}"", ""KR{'type': 'B1'}"", 'loading: False']","TE(cyclic, ring=0)",432.35
CCCC[C@@H]1C(=O)O[C@@H]1C(O)=C[C@@H](C)CNC(=O)[C@H](C)N,"[""AT{'substrate': '3measp'}"", 'loading: True']",AT(hmal) + KR(B1) + DH,"[""AT{'substrate': 'butmal'}"", ""KR{'type': 'B2'}"", 'loading: False']","TE(cyclic, ring=0)",298.38
CO[C@H]1C(=O)O[C@@H]1C(O)=C[C@@H](C)CNC(=O)[C@H](C)N,"[""AT{'substrate': '3measp'}"", 'loading: True']",AT(hmal) + KR(B1) + DH,"[""AT{'substrate': 'mxmal'}"", ""KR{'type': 'B1'}"", 'loading: False']","TE(cyclic, ring=1)",272.3
C[C@H](C=C(O)C[C@@H]1OC1=O)CNC(=O)[C@H](C)N,"[""AT{'substrate': '3measp'}"", 'loading: True']",AT(hmal) + KR(B1) + DH,"[""AT{'substrate': 'hmal'}"", ""KR{'type': 'B1'}"", 'DH{}', 'ER{}', 'loading: False']","TE(cyclic, ring=0)",242.27
CCCC[C@H]1C(=O)N[C@@H](C)C(=O)NC[C@H](C)C=C(O)C1=O,"[""AT{'substrate': '3measp'}"", 'loading: True']",AT(hmal) + KR(B1) + DH,"[""AT{'substrate': 'butmal'}"", ""KR{'type': 'C1'}"", 'loading: False']","TE(cyclic, ring=0)",296.37
CC(C)[C@H]1CC(O)=C[C@@H](C)CNC(=O)[C@H](C)NC1=O,"[""AT{'substrate': '3measp'}"", 'loading: True']",AT(hmal) + KR(B1) + DH,"[""AT{'substrate': 'D-isobutmal'}"", ""KR{'type': 'B1'}"", 'DH{}', 'ER{}', 'loading: False']","TE(cyclic, ring=0)",268.36
CCCCCC[C@H]1C(=O)N[C@@H](C)C(=O)NC[C@H](C)C=C(O)C1=O,"[""AT{'substrate': '3measp'}"", 'loading: True']",AT(hmal) + KR(B1) + DH,"[""AT{'substrate': 'hexmal'}"", ""KR{'type': 'C1'}"", 'loading: False']","TE(cyclic, ring=0)",324.42
C[C@H](C=C(O)[C@@H]1OC(=O)[C@@H]1C)CNC(=O)[C@H](C)N,"[""AT{'substrate': '3measp'}"", 'loading: True']",AT(hmal) + KR(B1) + DH,"[""AT{'substrate': 'Methylmalonyl-CoA'}"", ""KR{'type': 'A1'}"", 'loading: False']","TE(cyclic, ring=0)",256.3
C=CC[C@@H]1C(=O)N[C@@H](C)C(=O)NC[C@H](C)C=C(O)C1=O,"[""AT{'substrate': '3measp'}"", 'loading: True']",AT(hmal) + KR(B1) + DH,"[""AT{'substrate': 'allylmal'}"", ""KR{'type': 'C2'}"", 'loading: False']","TE(cyclic, ring=0)",280.32
C[C@H](C=C(O)[C@H](O)[C@@H]1OC1=O)CNC(=O)[C@H](C)N,"[""AT{'substrate': '3measp'}"", 'loading: True']",AT(hmal) + KR(B1) + DH,"[""AT{'substrate': 'hmal'}"", ""KR{'type': 'A2'}"", 'loading: False']","TE(cyclic, ring=0)",258.27
CCCC[C@H]1C(=O)O[C@@H]1C(O)=C[C@@H](C)CNC(=O)[C@H](C)N,"[""AT{'substrate': '3measp'}"", 'loading: True']",AT(hmal) + KR(B1) + DH,"[""AT{'substrate': 'butmal'}"", ""KR{'type': 'B1'}"", 'loading: False']","TE(cyclic, ring=0)",298.38
C[C@@H]1C=C(O)C(=O)[C@H](CCCCc2c[nH]c(Cl)c2Cl)C(=O)N[C@@H](C)C(=O)NC1,"[""AT{'substrate': '3measp'}"", 'loading: True']",AT(hmal) + KR(B1) + DH,"[""AT{'substrate': 'DCP'}"", ""KR{'type': 'C2'}"", 'loading: False']","TE(cyclic, ring=0)",430.33
CCCCCC[C@H]1C(=O)O[C@@H]1C(O)=C[C@@H](C)CNC(=O)[C@H](C)N,"[""AT{'substrate': '3measp'}"", 'loading: True']",AT(hmal) + KR(B1) + DH,"[""AT{'substrate': 'hexmal'}"", ""KR{'type': 'B1'}"", 'loading: False']","TE(cyclic, ring=0)",326.44
C[C@H](C=C(O)C(=O)C1OC1=O)CNC(=O)[C@H](C)N,"[""AT{'substrate': '3measp'}"", 'loading: True']",AT(hmal) + KR(B1) + DH,"[""AT{'substrate': 'hmal'}"", 'loading: False']","TE(cyclic, ring=0)",256.26
C[C@@H]1C=C(O)CCC(=O)N[C@@H](C)C(=O)NC1,"[""AT{'substrate': '3measp'}"", 'loading: True']",AT(hmal) + KR(B1) + DH,"[""AT{'substrate': 'Malonyl-CoA'}"", ""KR{'type': 'B'}"", 'DH{}', 'ER{}', 'loading: False']","TE(cyclic, ring=0)",226.28
C=CC[C@H]1C(=O)O[C@H]1C(O)=C[C@@H](C)CNC(=O)[C@H](C)N,"[""AT{'substrate': '3measp'}"", 'loading: True']",AT(hmal) + KR(B1) + DH,"[""AT{'substrate': 'allylmal'}"", ""KR{'type': 'A1'}"", 'loading: False']","TE(cyclic, ring=0)",282.34
C[C@H](C=C(O)[C@@H]1OC(=O)[C@@H]1CCCCc1c[nH]c(Cl)c1Cl)CNC(=O)[C@H](C)N,"[""AT{'substrate': '3measp'}"", 'loading: True']",AT(hmal) + KR(B1) + DH,"[""AT{'substrate': 'DCP'}"", ""KR{'type': 'A1'}"", 'loading: False']","TE(cyclic, ring=0)",432.35
C[C@@H]1C=C(O)C=CC(=O)N[C@@H](C)C(=O)NC1,"[""AT{'substrate': '3measp'}"", 'loading: True']",AT(hmal) + KR(B1) + DH,"[""AT{'substrate': 'Malonyl-CoA'}"", ""KR{'type': 'B'}"", 'DH{}', 'loading: False']","TE(cyclic, ring=0)",224.26
CC(C)C1=CC(O)=C[C@@H](C)CNC(=O)[C@H](C)NC1=O,"[""AT{'substrate': '3measp'}"", 'loading: True']",AT(hmal) + KR(B1) + DH,"[""AT{'substrate': 'D-isobutmal'}"", ""KR{'type': 'B1'}"", 'DH{}', 'loading: False']","TE(cyclic, ring=0)",266.34
C[C@H](C=C(O)[C@H](O)[C@H]1OC1=O)CNC(=O)[C@H](C)N,"[""AT{'substrate': '3measp'}"", 'loading: True']",AT(hmal) + KR(B1) + DH,"[""AT{'substrate': 'hmal'}"", ""KR{'type': 'A1'}"", 'loading: False']","TE(cyclic, ring=0)",258.27
C=CC[C@H]1CC(O)=C[C@@H](C)CNC(=O)[C@H](C)NC1=O,"[""AT{'substrate': '3measp'}"", 'loading: True']",AT(hmal) + KR(B1) + DH,"[""AT{'substrate': 'allylmal'}"", ""KR{'type': 'B1'}"", 'DH{}', 'ER{}', 'loading: False']","TE(cyclic, ring=0)",266.34
CC[C@@H]1C(=O)O[C@H]1C(O)=C[C@@H](C)CNC(=O)[C@H](C)N,"[""AT{'substrate': '3measp'}"", 'loading: True']",AT(hmal) + KR(B1) + DH,"[""AT{'substrate': 'emal'}"", ""KR{'type': 'A2'}"", 'loading: False']","TE(cyclic, ring=0)",270.33
CC1=CC(O)=C[C@@H](C)CNC(=O)[C@H](C)NC1=O,"[""AT{'substrate': '3measp'}"", 'loading: True']",AT(hmal) + KR(B1) + DH,"[""AT{'substrate': 'Methylmalonyl-CoA'}"", ""KR{'type': 'B1'}"", 'DH{}', 'loading: False']","TE(cyclic, ring=0)",238.29
CC(C)[C@@H]1C(=O)O[C@H]1C(O)=C[C@@H](C)CNC(=O)[C@H](C)N,"[""AT{'substrate': '3measp'}"", 'loading: True']",AT(hmal) + KR(B1) + DH,"[""AT{'substrate': 'isobutmal'}"", ""KR{'type': 'A2'}"", 'loading: False']","TE(cyclic, ring=0)",284.36
C[C@H](C=C(O)[C@@H](O)[C@@H]1OC1=O)CNC(=O)[C@H](C)N,"[""AT{'substrate': '3measp'}"", 'loading: True']",AT(hmal) + KR(B1) + DH,"[""AT{'substrate': 'hmal'}"", ""KR{'type': 'B2'}"", 'loading: False']","TE(cyclic, ring=0)",258.27
CCC1=CC(O)=C[C@@H](C)CNC(=O)[C@H](C)NC1=O,"[""AT{'substrate': '3measp'}"", 'loading: True']",AT(hmal) + KR(B1) + DH,"[""AT{'substrate': 'emal'}"", ""KR{'type': 'B1'}"", 'DH{}', 'loading: False']","TE(cyclic, ring=0)",252.31
CCCCC1=CC(O)=C[C@@H](C)CNC(=O)[C@H](C)NC1=O,"[""AT{'substrate': '3measp'}"", 'loading: True']",AT(hmal) + KR(B1) + DH,"[""AT{'substrate': 'butmal'}"", ""KR{'type': 'B1'}"", 'DH{}', 'loading: False']","TE(cyclic, ring=0)",280.37
C[C@H](C=C(O)[C@H]1OC(=O)[C@H]1C)CNC(=O)[C@H](C)N,"[""AT{'substrate': '3measp'}"", 'loading: True']",AT(hmal) + KR(B1) + DH,"[""AT{'substrate': 'Methylmalonyl-CoA'}"", ""KR{'type': 'B2'}"", 'loading: False']","TE(cyclic, ring=0)",256.3
CCCCCC[C@H]1C(=O)O[C@H]1C(O)=C[C@@H](C)CNC(=O)[C@H](C)N,"[""AT{'substrate': '3measp'}"", 'loading: True']",AT(hmal) + KR(B1) + DH,"[""AT{'substrate': 'hexmal'}"", ""KR{'type': 'A1'}"", 'loading: False']","TE(cyclic, ring=0)",326.44
CCCC[C@H]1CC(O)=C[C@@H](C)CNC(=O)[C@H](C)NC1=O,"[""AT{'substrate': '3measp'}"", 'loading: True']",AT(hmal) + KR(B1) + DH,"[""AT{'substrate': 'butmal'}"", ""KR{'type': 'B1'}"", 'DH{}', 'ER{}', 'loading: False']","TE(cyclic, ring=0)",282.38
CC[C@H]1C(=O)O[C@H]1C(O)=C[C@@H](C)CNC(=O)[C@H](C)N,"[""AT{'substrate': '3measp'}"", 'loading: True']",AT(hmal) + KR(B1) + DH,"[""AT{'substrate': 'emal'}"", ""KR{'type': 'A1'}"", 'loading: False']","TE(cyclic, ring=0)",270.33
C[C@@H]1C=C(O)C=C(O)C(=O)N[C@@H](C)C(=O)NC1,"[""AT{'substrate': '3measp'}"", 'loading: True']",AT(hmal) + KR(B1) + DH,"[""AT{'substrate': 'hmal'}"", ""KR{'type': 'B1'}"", 'DH{}', 'loading: False']","TE(cyclic, ring=0)",240.26
