PUBCHEM_RESULT_TAG,PUBCHEM_SID,PUBCHEM_CID,PUBCHEM_EXT_DATASOURCE_SMILES,PUBCHEM_ACTIVITY_OUTCOME,PUBCHEM_ACTIVITY_SCORE,PUBCHEM_ACTIVITY_URL,PUBCHEM_ASSAYDATA_COMMENT,Standard Type,Standard Relation,PubChem Standard Value,Ki,IC50,EC50 Qualifier,EC50,Target Accession(s),Ligand,Target
RESULT_TYPE,,,,,,,,STRING,STRING,FLOAT,FLOAT,FLOAT,FLOAT,FLOAT,TARGET_NCBI_PROTEIN_ACCESSION,STRING,STRING
RESULT_DESCR,,,,,,,,"Standardized activity type (i.e. Ki, IC50, Kd, or EC50)","Qualifier (e.g. >, <, =) for PubChem Standard Value","PubChem standardized value transformed from the value of Ki, IC50, Kd, or EC50. The unit is always micromolar.",,,"Qualifier (e.g. >, <, =) for EC50",,Protein accession(s) of target,BindingDB Ligand,BindingDB Target
RESULT_UNIT,,,,,,,,,,MICROMOLAR,NANOMOLAR,NANOMOLAR,,NANOMOLAR,,,
RESULT_IS_ACTIVE_CONCENTRATION,,,,,,,,,,TRUE,,,,,,,
RESULT_IS_ACTIVE_CONCENTRATION_QUALIFIER,,,,,,,,,TRUE,,,,,,,,
1,11108249,5280443,C1=CC(=CC=C1C2=CC(=O)C3=C(C=C(C=C3O2)O)O)O,Inactive,,,,IC50,,280.8,,280800,,,P0C6X7,BDBM7458,Replicase polyprotein 1ab
2,11108250,5280445,C1=CC(=C(C=C1C2=CC(=O)C3=C(C=C(C=C3O2)O)O)O)O,Inactive,,,,IC50,,20,,20000,,,P0C6X7,BDBM7459,Replicase polyprotein 1ab
3,11108251,5280343,C1=CC(=C(C=C1C2=C(C(=O)C3=C(C=C(C=C3O2)O)O)O)O)O,Active,,,,Ki,,7.4,7400,,,,P0DTD1,BDBM7460,Replicase polyprotein 1ab
4,11108251,5280343,C1=CC(=C(C=C1C2=C(C(=O)C3=C(C=C(C=C3O2)O)O)O)O)O,Inactive,,,,IC50,,23.8,,23800,,,P0C6X7,BDBM7460,Replicase polyprotein 1ab
5,11108555,4124851,CN1C(=O)N(C(=O)S1)CC2=CC=CC=C2,Active,,,,IC50,,2.15,,2150,,,P0DTD1,BDBM7781,Replicase polyprotein 1ab
6,11108879,213039,CC(C)CN(C[C@H]([C@H](CC1=CC=CC=C1)NC(=O)O[C@H]2CO[C@@H]3[C@H]2CCO3)O)S(=O)(=O)C4=CC=C(C=C4)N,Inactive,,,,Ki,,518,518000,,,,P0C6X7,BDBM8125,Replicase polyprotein 1ab
7,11109466,5564,C1=CC(=C(C=C1Cl)O)OC2=C(C=C(C=C2)Cl)Cl,Inactive,,,,IC50,,75,,75000,,,P0C6X7,BDBM8726,Replicase polyprotein 1ab
8,46509355,11786957,CCOC(=O)/C=C/[C@H](C[C@@H]1CCNC1=O)NC(=O)[C@H](CC(C)C)NC(=O)[C@H](C(C)OC(C)(C)C)NC(=O)OCC2=CC=CC=C2,Active,,,,Ki,,0.058,58,,,,P0C6X7,BDBM11232,Replicase polyprotein 1ab
9,46510937,4117383,C1CCN(CC1)S(=O)(=O)C2=CC3=C(C=C2)NC(=O)C3=O,Active,,,,IC50,,4.45,,4450,,,P0C6X7,BDBM10310,Replicase polyprotein 1ab
10,46511424,2153,CN1C2=C(C(=O)N(C1=O)C)NC=N2,Inactive,,,,IC50,,100,,100000,,,P0C6X7,BDBM10847,Replicase polyprotein 1ab
11,46511425,2519,CN1C=NC2=C1C(=O)N(C(=O)N2C)C,Inactive,,,,IC50,,100,,100000,,,P0C6X7,BDBM10849,Replicase polyprotein 1ab
12,46511716,4369359,C1CN2C(=NN=C2C(F)(F)F)CN1C(=O)C[C@@H](CC3=CC(=C(C=C3F)F)F)N,Inactive,,,,IC50,,16.14,,16140,,,P0DTD1,BDBM11162,Replicase polyprotein 1ab
13,46511783,6478229,CCOC(=O)/C=C/[C@H](C[C@@H]1CCNC1=O)NC(=O)[C@H](CC2=CC=CC=C2)NC(=O)[C@H](C(C)C)NC(=O)OCC3=CC=CC=C3,Active,,,,Ki,,2.26,2260,,,,P0C6X7,BDBM11230,Replicase polyprotein 1ab
14,46511786,11317290,CN(C)C1=CC=C(C=C1)C(=O)N[C@@H](CC2=CC=CC=C2)C(=O)NC3=C(C=C(C=C3)[N+](=O)[O-])Cl,Active,,,,IC50,,0.06,,60,,,P0C6X7,BDBM11234,Replicase polyprotein 1ab
15,46511786,11317290,CN(C)C1=CC=C(C=C1)C(=O)N[C@@H](CC2=CC=CC=C2)C(=O)NC3=C(C=C(C=C3)[N+](=O)[O-])Cl,Active,,,,Ki,,0.03,30,,,,P0C6X7,BDBM11234,Replicase polyprotein 1ab
16,46511812,2744814,C1=CC=C(C=C1)C2=NC(=CS2)C3=NC(=NC=C3)SCC(=O)NC4=CC(=CC(=C4)Cl)Cl,Active,,,,IC50,,3,,3000,,,P0C6X7,BDBM11264,Replicase polyprotein 1ab
17,46511813,2821293,CN1C(=CC(=N1)C2=CC=C(S2)C3=NC(=NC=C3)SCC(=O)NC4=CC=C(C=C4)Cl)C(F)(F)F,Inactive,,,,IC50,,10,,10000,,,P0C6X7,BDBM11265,Replicase polyprotein 1ab
18,46511814,2820912,CC1=CSC(=N1)C2=C(C(=C(S2)SC)C3=NC(=NC=C3)SCC(=O)NC4=CC=C(C=C4)Cl)C,Inactive,,,,IC50,,11,,11000,,,P0C6X7,BDBM11266,Replicase polyprotein 1ab
19,46511815,2820914,CC1=CSC(=N1)C2=C(C(=C(S2)SC)C3=NC(=NC=C3)SCC(=O)NC4=CC=CC=C4Cl)C,Inactive,,,,IC50,,12,,12000,,,P0C6X7,BDBM11267,Replicase polyprotein 1ab
20,46511817,2745617,C1=CC=C(C=C1)C2=NOC(=C2)C3=NC(=NC=C3)SCC(=O)NC4=CC=C(C=C4)Cl,Inactive,,,,IC50,,15,,15000,,,P0C6X7,BDBM11269,Replicase polyprotein 1ab
21,46511818,2745640,C1=CC(=CC=C1C(F)(F)F)NC(=O)CSC2=NC=CC(=N2)C3=CC(=NO3)C4=C(C=C(C=C4)Cl)Cl,Inactive,,,,IC50,,15,,15000,,,P0C6X7,BDBM11270,Replicase polyprotein 1ab
22,46511819,2745653,C1=CC=C(C(=C1)C2=NOC(=C2)C3=NC(=NC=C3)SCC(=O)NC4=CC=C(C=C4)Cl)Cl,Inactive,,,,IC50,,15,,15000,,,P0C6X7,BDBM11271,Replicase polyprotein 1ab
23,46511820,135411083,COC1=CC=CC(=C1)C2=C(C(=O)NC(=N2)SCC(=O)NC3=CC=C(C=C3)S(=O)(=O)N)C#N,Inactive,,,,IC50,,40,,40000,,,P0C6X7,BDBM11273,Replicase polyprotein 1ab
24,46511821,2811874,CC(C)C1=CC=C(C=C1)NC(=O)CSC2=NC=CC(=N2)C3=CC=CS3,Inactive,,,,IC50,,40,,40000,,,P0C6X7,BDBM11274,Replicase polyprotein 1ab
25,46511823,135411084,CC(=O)C1=CC=C(C=C1)NC(=O)CSC2=NC(=C(C(=O)N2)C#N)C3=CC(=CC=C3)OC,Inactive,,,,IC50,,60,,60000,,,P0C6X7,BDBM11276,Replicase polyprotein 1ab
26,46511824,135411085,CCC(C(=O)NC1=CC=CC(=C1)C(=O)C)SC2=NC(=C(C(=O)N2)C#N)C3=CC(=CC=C3)OC,Inactive,,,,IC50,,60,,60000,,,P0C6X7,BDBM11277,Replicase polyprotein 1ab
27,46511825,135408428,CC1=CC(=O)NC(=N1)SCC(=O)NC2=C(C=CC(=C2)Cl)OC3=CC=CC=C3,Inactive,,,,IC50,,100,,100000,,,P0C6X7,BDBM11278,Replicase polyprotein 1ab
28,46511827,2744870,CC(C)C1=CC=C(C=C1)NC(=O)CSC2=NC=CC(=N2)C3=CSC(=N3)COC4=CC=CC=C4Cl,Inactive,,,,IC50,,200,,200000,,,P0C6X7,BDBM11280,Replicase polyprotein 1ab
29,46511829,135419065,CCCCC1=CC(=C(C=C1)NC(=O)CSC2=NC(=C(C(=O)N2)C#N)C3CCCCC3)C,Inactive,,,,IC50,,200,,200000,,,P0C6X7,BDBM11282,Replicase polyprotein 1ab
30,46511830,135411087,C1=CC=C(C=C1)C2=C(C(=O)NC(=N2)SCC(=O)NC3=CC=CC(=C3)C(F)(F)F)C#N,Inactive,,,,IC50,,200,,200000,,,P0C6X7,BDBM11283,Replicase polyprotein 1ab
31,46511834,135411089,CC(C(=O)NC1=CC=C(C=C1)Cl)SC2=NC(=C(C(=O)N2)C#N)C3=CC=CC=C3,Inactive,,,,IC50,,300,,300000,,,P0C6X7,BDBM11287,Replicase polyprotein 1ab
32,46511835,135411090,CC(C)(C)C1=CC=C(C=C1)NC(=O)CSC2=NC(=C(C(=O)N2)C#N)C3CCCCC3,Inactive,,,,IC50,,350,,350000,,,P0C6X7,BDBM11288,Replicase polyprotein 1ab
33,46511836,2823615,CC(C)C1=CC=C(C=C1)NC(=O)CSC2=NC=CC(=N2)C3=CC=C(C=C3)OC,Inactive,,,,IC50,,400,,400000,,,P0C6X7,BDBM11289,Replicase polyprotein 1ab
34,46511837,1342108,CC1=CC(=NC(=N1)SCC(=O)NC2=C(C=C(C=C2)Cl)F)C(F)(F)F,Inactive,,,,IC50,,500,,500000,,,P0C6X7,BDBM11290,Replicase polyprotein 1ab
35,46511839,2799606,CC1=CC(=C(C=C1Cl)Cl)S(=O)(=O)C2=C(C=C(C=C2[N+](=O)[O-])C(F)(F)F)[N+](=O)[O-],Active,,,,IC50,,0.3,,300,,,P0C6X7,BDBM11292,Replicase polyprotein 1ab
36,46511840,2774892,C1=CC(=CC=C1OC(=O)C(=C(Cl)Cl)Cl)S(=O)(=O)C2=CC=C(C=C2)OC(=O)C(=C(Cl)Cl)Cl,Active,,,,IC50,,0.9,,900,,,P0C6X7,BDBM11293,Replicase polyprotein 1ab
37,46511841,2819040,C1=CC(=CC=C1S(=O)(=O)C2=CN=C(N=C2N)N)Cl,Active,,,,IC50,,6,,6000,,,P0C6X7,BDBM11294,Replicase polyprotein 1ab
38,46511842,2797358,C1=CC(=CC=C1S(=O)(=O)C2=C(C=C(C=C2)C(F)(F)F)[N+](=O)[O-])Cl,Inactive,,,,IC50,,12,,12000,,,P0C6X7,BDBM11295,Replicase polyprotein 1ab
39,46511843,2726174,CC1=C(C(=NC(=C1[N+](=O)[O-])C)S(=O)(=O)C2=CC=CC=C2)C#N,Inactive,,,,IC50,,13,,13000,,,P0C6X7,BDBM11296,Replicase polyprotein 1ab
40,46511844,2726176,CC1=CC=C(C=C1)S(=O)(=O)C2=NC(=C(C(=C2C#N)C)[N+](=O)[O-])C,Inactive,,,,IC50,,13,,13000,,,P0C6X7,BDBM11297,Replicase polyprotein 1ab
41,46511845,2774667,C1=CC(=CC=C1S(=O)(=O)C2=[N+](C=C(C=C2)[N+](=O)[O-])[O-])Cl,Inactive,,,,IC50,,15,,15000,,,P0C6X7,BDBM11298,Replicase polyprotein 1ab
42,46511847,2775844,C1=CC(=CC=C1C(=O)O)S(=O)(=O)C2=CC(=C(C(=C2)Br)O)Br,Inactive,,,,IC50,,16,,16000,,,P0C6X7,BDBM11300,Replicase polyprotein 1ab
43,46511848,4270495,CC(=O)C1=CC=CC=C1S(=O)(=O)C2=CC=CC=C2C(=O)O,Inactive,,,,IC50,,16,,16000,,,P0C6X7,BDBM11301,Replicase polyprotein 1ab
44,46511849,70871,C1=CC(=CC=C1[N+](=O)[O-])S(=O)(=O)C2=CC=C(C=C2)[N+](=O)[O-],Inactive,,,,IC50,,25,,25000,,,P0C6X7,BDBM11302,Replicase polyprotein 1ab
45,46511851,2822496,C1=CC=C(C=C1)C#CC2=CC=C(O2)C(=O)SC3=NNC(=N3)C(F)(F)F,Active,,,,IC50,,3,,3000,,,P0C6X7,BDBM11304,Replicase polyprotein 1ab
46,46511853,2742278,CC1=C(C=C(O1)C(C)(C)C)C2=CC(=NN2)NS(=O)(=O)C3=CC=CS3,Inactive,,,,IC50,,10,,10000,,,P0C6X7,BDBM11306,Replicase polyprotein 1ab
47,46511854,2819269,CSC1=NNC(=C1S(=O)(=O)C2=CC=C(C=C2)Cl)NC(=O)C3=CC=CS3,Inactive,,,,IC50,,15,,15000,,,P0C6X7,BDBM11307,Replicase polyprotein 1ab
48,46511855,2820775,CC1(CC2=C(SC(=C2C(=O)C1)NCC3=CC=CO3)C#N)C,Inactive,,,,IC50,,16,,16000,,,P0C6X7,BDBM11308,Replicase polyprotein 1ab
49,46511856,4398304,CC1=NN(C(=C1[N+](=O)[O-])N2C(=C(C(=N2)SC)C#N)C3=CC=CS3)C,Inactive,,,,IC50,,18,,18000,,,P0C6X7,BDBM11309,Replicase polyprotein 1ab
50,46511857,2809433,C1=CSC(=C1)S(=O)(=O)CC2=NC(=CS2)C3=CC=C(S3)Cl,Inactive,,,,IC50,,18,,18000,,,P0C6X7,BDBM11310,Replicase polyprotein 1ab
51,46511858,4305683,CC1=NN(C(=C1[N+](=O)[O-])NCC2=CC=C(S2)C3=CC=CS3)C,Inactive,,,,IC50,,20,,20000,,,P0C6X7,BDBM11311,Replicase polyprotein 1ab
52,46512784,10324367,CC1([C@@H]2[C@H]1[C@H](N(C2)C(=O)[C@H](C(C)(C)C)NC(=O)NC(C)(C)C)C(=O)NC(CC3CCC3)C(=O)C(=O)N)C,Active,,,,EC50,,1.31,,,,1310,P0DTD1,BDBM12311,Replicase polyprotein 1ab
53,46512784,10324367,CC1([C@@H]2[C@H]1[C@H](N(C2)C(=O)[C@H](C(C)(C)C)NC(=O)NC(C)(C)C)C(=O)NC(CC3CCC3)C(=O)C(=O)N)C,Active,,,,IC50,,4.13,,4130,,,P0DTD1,BDBM12311,Replicase polyprotein 1ab
54,46514731,135398744,CCCC1=NN(C2=C1N=C(NC2=O)C3=C(C=CC(=C3)S(=O)(=O)N4CCN(CC4)C)OCC)C,Inactive,,,,IC50,,12.46,,12460,,,P0C6X7,BDBM14390,Replicase polyprotein 1ab
55,46514731,135398744,CCCC1=NN(C2=C1N=C(NC2=O)C3=C(C=CC(=C3)S(=O)(=O)N4CCN(CC4)C)OCC)C,Active,,,,IC50,,8.247,,8247,,,P0DTD1,BDBM14390,Replicase polyprotein 1ab
56,46519987,447905,C1=CC=C(C=C1)C(CN(CCCOC2=CC=CC(=C2)CC(=O)O)CC3=C(C(=CC=C3)C(F)(F)F)Cl)C4=CC=CC=C4,Inactive,,,,IC50,,21.52,,21520,,,P0DTD1,BDBM19992,Replicase polyprotein 1ab
57,49846596,8371,C1(=C(C(=O)C(=C(C1=O)Cl)Cl)Cl)Cl,Active,,,,IC50,,4.1,,4100,,,P0DTD1,BDBM22782,Replicase polyprotein 1ab
58,50091572,1465905,C1CCC(CC1)C2=NC3=CC=CC=C3C(=N2)SCC(=O)NCC4=CC=CO4,Inactive,,,,IC50,,18.2,,18200,,,P0C6X7,BDBM23307,Replicase polyprotein 1ab
59,50091573,3194487,CC1=CC=CC=C1CCN(CC2=CC3=C(C=C(C(=C3)C)C)NC2=O)C(=O)NCC4=CC=CC=C4,Inactive,,,,IC50,,17.2,,17200,,,P0C6X7,BDBM23308,Replicase polyprotein 1ab
60,50091675,5281697,C1=CC(=CC=C1C2=CC(=O)C3=C(O2)C=C(C(=C3O)O)O)O,Active,,,,IC50,,3.02,,3020,,,P0DTD1,BDBM23411,Replicase polyprotein 1ab
61,56269729,4055,CC1=CC(=O)C2=CC=CC=C2C1=O,Active,,,,IC50,,7.96,,7960,,,P0DTD1,BDBM24778,Replicase polyprotein 1ab
62,56269748,24824610,CC1([C@H]([C@H](C2=C(O1)C(=O)C3=CC=CC=C3C2=O)NCC4=CC=CC=C4)O)C,Active,,,,IC50,,9.2,,9200,,,P0DTD1,BDBM24797,Replicase polyprotein 1ab
63,81054998,8027611,C1COCCN1S(=O)(=O)C2=CC3=C(C=C2)NC(=O)C3=O,Inactive,,,,IC50,,12.66,,12660,,,P0C6X7,BDBM29569,Replicase polyprotein 1ab
64,103914728,3943541,CC1=C(C=C(C=C1)C(=O)NC2=C3C(=CC(=CC3=C(C=C2)S(=O)(=O)[O-])S(=O)(=O)[O-])S(=O)(=O)[O-])NC(=O)C4=CC(=CC=C4)NC(=O)NC5=CC=CC(=C5)C(=O)NC6=C(C=CC(=C6)C(=O)NC7=C8C(=CC(=CC8=C(C=C7)S(=O)(=O)[O-])S(=O)(=O)[O-])S(=O)(=O)[O-])C,Active,,,,IC50,,6.5,,6500,,,P0DTD1,BDBM50000029,Replicase polyprotein 1ab
65,103920123,3651377,CC(C)C1=CC2=C(C=C1)N(C(=C2SC(C)(C)C)CC(C)(C)C(=O)O)CC3=CC=C(C=C3)Cl,Inactive,,,,IC50,,21.52,,21520,,,P0DTD1,BDBM50006805,Replicase polyprotein 1ab
66,103922066,5281605,C1=CC=C(C=C1)C2=CC(=O)C3=C(O2)C=C(C(=C3O)O)O,Active,,,,EC50,,2.94,,,,2940,P0DTD1,BDBM50009001,Replicase polyprotein 1ab
67,103922066,5281605,C1=CC=C(C=C1)C2=CC(=O)C3=C(O2)C=C(C(=C3O)O)O,Active,,,,IC50,,0.94,,940,,,P0DTD1,BDBM50009001,Replicase polyprotein 1ab
68,103922276,160142,CC(C)C1=CC2=C(C3=C(C=C2)C(CCC3)(C)C)C(=O)C1=O,Inactive,,,,IC50,,21.1,,21100,,,P0C6X7,BDBM50009219,Replicase polyprotein 1ab
69,103924486,10205,CC1=CC(=O)C2=C(C1=O)C=CC=C2O,Inactive,,,,IC50,,17.1,,17100,,,P0DTD1,BDBM50012070,Replicase polyprotein 1ab
70,103928234,5475158,CN(C)CCCSC1=CC=CC=C1NC(=O)/C=C/C2=CC=CC=C2,Active,,,,IC50,,5,,5000,,,P0C6X7,BDBM50016900,Replicase polyprotein 1ab
71,103939593,118716319,CC(C)(C)OC(=O)NN(CC(=O)N(CC1=CC=CC=C1)CC2=CC=CC=C2)C#N,Active,,,,IC50,,6.57,,6570,,,P0DTD1,BDBM50030745,Replicase polyprotein 1ab
72,103939593,118716319,CC(C)(C)OC(=O)NN(CC(=O)N(CC1=CC=CC=C1)CC2=CC=CC=C2)C#N,Active,,,,Ki,,0.99,990,,,,P0DTD1,BDBM50030745,Replicase polyprotein 1ab
73,103939594,118716318,CC(C)(C)OC(=O)NN(CC(=O)N(C)CC1=CC=CC=C1)C#N,Inactive,,,,IC50,,100,,100000,,,P0DTD1,BDBM50030746,Replicase polyprotein 1ab
74,103939594,118716318,CC(C)(C)OC(=O)NN(CC(=O)N(C)CC1=CC=CC=C1)C#N,Inactive,,,,Ki,,15.9,15900,,,,P0DTD1,BDBM50030746,Replicase polyprotein 1ab
75,103950490,16760340,CCCC(C(=O)C(=O)NCC1=CC=CC=N1)NC(=O)C(CC(C)C)NC(=O)OCC2=CC=CC=C2,Active,,,,EC50,,0.49,,,,490,P0DTD1,BDBM50053822,Replicase polyprotein 1ab
76,103950490,16760340,CCCC(C(=O)C(=O)NCC1=CC=CC=N1)NC(=O)C(CC(C)C)NC(=O)OCC2=CC=CC=C2,Active,,,,IC50,,0.45,,450,,,P0DTD1,BDBM50053822,Replicase polyprotein 1ab
77,103951729,515954,CN1C2=C(C=C(C=C2)C(=O)N)C(=O)C1=O,Inactive,,,,IC50,,71,,71000,,,P0C6X7,BDBM50055216,Replicase polyprotein 1ab
78,103951731,515964,C1=CC=C2C=C(C=CC2=C1)CN3C4=C(C=C(C=C4)C(=O)N)C(=O)C3=O,Active,,,,IC50,,0.045,,45,,,P0DTD1,BDBM50055218,Replicase polyprotein 1ab
79,103951731,515964,C1=CC=C2C=C(C=CC2=C1)CN3C4=C(C=C(C=C4)C(=O)N)C(=O)C3=O,Active,,,,IC50,,0.37,,370,,,P0C6X7,BDBM50055218,Replicase polyprotein 1ab
80,103951731,515964,C1=CC=C2C=C(C=CC2=C1)CN3C4=C(C=C(C=C4)C(=O)N)C(=O)C3=O,Active,,,,Ki,,0.12,120,,,,P0C6X7,BDBM50055218,Replicase polyprotein 1ab
81,103951733,515962,C1=CC=C(C=C1)CN2C3=C(C=C(C=C3)C(=O)N)C(=O)C2=O,Inactive,,,,IC50,,12.5,,12500,,,P0C6X7,BDBM50055220,Replicase polyprotein 1ab
82,103954564,3117,CCN(CC)C(=S)SSC(=S)N(CC)CC,Active,,,,IC50,,9.35,,9350,,,P0DTD1,BDBM50058655,Replicase polyprotein 1ab
83,103954564,3117,CCN(CC)C(=S)SSC(=S)N(CC)CC,Active,,,,Ki,,3.71,3710,,,,P0DTD1,BDBM50058655,Replicase polyprotein 1ab
84,103958170,9910975,C1=C(C=C(C=C1C(F)(F)F)NC(=O)C2=CN=C(N=C2C(F)(F)F)Cl)C(F)(F)F,Inactive,,,,IC50,,28.85,,28850,,,P0DTD1,BDBM50062648,Replicase polyprotein 1ab
85,103962032,5362440,CC(C)(C)NC(=O)[C@@H]1CN(CCN1C[C@H](C[C@@H](CC2=CC=CC=C2)C(=O)N[C@@H]3[C@@H](CC4=CC=CC=C34)O)O)CC5=CN=CC=C5,Inactive,,,,IC50,,31.45,,31450,,,P0C6X7,BDBM50067593,Replicase polyprotein 1ab
86,103962032,5362440,CC(C)(C)NC(=O)[C@@H]1CN(CCN1C[C@H](C[C@@H](CC2=CC=CC=C2)C(=O)N[C@@H]3[C@@H](CC4=CC=CC=C34)O)O)CC5=CN=CC=C5,Inactive,,,,IC50,,13.61,,13610,,,P0DTD1,BDBM50067593,Replicase polyprotein 1ab
87,103963781,443118,CCCC[C@@H](C=O)NC(=O)[C@H](CC(C)C)NC(=O)[C@H](CC(C)C)NC(=O)C,Active,,,,IC50,,8.6,,8600,,,P0DTD1,BDBM50069792,Replicase polyprotein 1ab
88,103963944,462382,CC(C)C[C@@H](C=O)NC(=O)[C@H](CC(C)C)NC(=O)[C@H](CC(C)C)NC(=O)OCC1=CC=CC=C1,Active,,,,IC50,,3.9,,3900,,,P0DTD1,BDBM50069985,Replicase polyprotein 1ab
89,103984810,99625,C1=CC=C(C=C1)C[C@@H](C(=O)CCl)NC(=O)OCC2=CC=CC=C2,Active,,,,Ki,,0.31,310,,,,P0C6X7,BDBM50085339,Replicase polyprotein 1ab
90,103991781,1287,C1C(C(OC2=CC(=CC(=C21)O)O)C3=CC(=C(C(=C3)O)O)O)OC(=O)C4=CC(=C(C(=C4)O)O)O,Inactive,,,,IC50,,100,,100000,,,P0C6X7,BDBM50093882,Replicase polyprotein 1ab
91,104001297,367141,C1C(C(OC2=CC(=CC(=C21)O)O)C3=CC(=C(C=C3)O)O)OC(=O)C4=CC(=C(C(=C4)O)O)O,Inactive,,,,IC50,,100,,100000,,,P0C6X7,BDBM50105591,Replicase polyprotein 1ab
92,104019139,9934458,CC1=C(C=CC(=C1)SCC2=C(N=C(S2)C3=CC(=C(C=C3)C(F)(F)F)F)C)OCC(=O)O,Inactive,,,,IC50,,22.27,,22270,,,P0DTD1,BDBM50127222,Replicase polyprotein 1ab
93,104024402,10642441,C1=CC=C(C=C1)CN2C3=C(C=C(C=C3)I)C(=O)C2=O,Inactive,,,,IC50,,50,,50000,,,P0C6X7,BDBM50133617,Replicase polyprotein 1ab
94,104030127,10318568,CC(C)[C@@H](C(=O)NC(CC(=O)OC)C(=O)CF)NC(=O)OCC1=CC=CC=C1,Active,,,,Ki,,0.51,510,,,,P0C6X7,BDBM50140548,Replicase polyprotein 1ab
95,104052580,44398343,C1=CC=C2C(=C1)C=C(S2)CN3C4=C(C=CC=C4[N+](=O)[O-])C(=O)C3=O,Active,,,,IC50,,2,,2000,,,P0C6X7,BDBM50167306,Replicase polyprotein 1ab
96,104052581,11796320,C1=CC=C2C(=C1)C=C(S2)CN3C4=C(C=C(C=C4)I)C(=O)C3=O,Active,,,,IC50,,0.95,,950,,,P0C6X7,BDBM50167307,Replicase polyprotein 1ab
97,104052582,44398546,C1=CC(=CC=C1NC(=O)C2=CC=C(S2)CN3C4=C(C=C(C=C4)I)C(=O)C3=O)Cl,Inactive,,,,IC50,,12.57,,12570,,,P0C6X7,BDBM50167308,Replicase polyprotein 1ab
98,104052583,11667869,C1=CC=C2C(=C1)C=C(S2)CN3C4=C(C=CC=C4Br)C(=O)C3=O,Active,,,,IC50,,0.98,,980,,,P0C6X7,BDBM50167309,Replicase polyprotein 1ab
99,104052584,44398231,C1=CC=C2C(=C1)C=C(S2)/C=C/CN3C4=C(C=C(C=C4)I)C(=O)C3=O,Inactive,,,,IC50,,23.5,,23500,,,P0C6X7,BDBM50167310,Replicase polyprotein 1ab
100,104052585,44398207,C1=CC=C2C(=C1)C=C(S2)CN3C4=C(C=C(C=C4)F)C(=O)C3=O,Active,,,,IC50,,4.82,,4820,,,P0C6X7,BDBM50167311,Replicase polyprotein 1ab
101,104052586,44398344,C1=CC=C2C(=C1)C=C(S2)CN3C4=C(C(=CC=C4)Cl)C(=O)C3=O,Inactive,,,,IC50,,11.2,,11200,,,P0C6X7,BDBM50167312,Replicase polyprotein 1ab
102,104052587,44398055,C1=CC=C2C(=C1)C=C(S2)CN3C4=CC=CC=C4C(=O)C3=O,Inactive,,,,IC50,,13.11,,13110,,,P0C6X7,BDBM50167313,Replicase polyprotein 1ab
103,104052588,44398160,CC1=C(C(=NO1)C)CN2C3=C(C=C(C=C3)C#N)C(=O)C2=O,Active,,,,IC50,,7.2,,7200,,,P0C6X7,BDBM50167314,Replicase polyprotein 1ab
104,104052589,44398436,C1CCN(CC1)C(=O)C2=CC=C(S2)CN3C4=C(C=C(C=C4)I)C(=O)C3=O,Inactive,,,,IC50,,17.5,,17500,,,P0C6X7,BDBM50167315,Replicase polyprotein 1ab
105,104052590,44398167,C1C(OC2=CC=CC=C2O1)CN3C4=C(C=C(C=C4)I)C(=O)C3=O,Inactive,,,,IC50,,13.5,,13500,,,P0C6X7,BDBM50167316,Replicase polyprotein 1ab
106,104052591,44398002,C1=CC(=C(C=C1F)Cl)CN2C3=C(C=C(C=C3)I)C(=O)C2=O,Active,,,,IC50,,9.4,,9400,,,P0C6X7,BDBM50167317,Replicase polyprotein 1ab
107,104061688,10062715,CCOC(=O)/C=C/[C@H](C[C@@H]1CCNC1=O)NC(=O)[C@H](CC=C(C)C)CC(=O)[C@H](C(C)C)NC(=O)C2=NOC(=C2)C,Inactive,,,,IC50,,70,,70000,,,P0C6X7,BDBM50176014,Replicase polyprotein 1ab
108,104072174,10645393,C1=CC=C2C=C(C=CC2=C1)CN3C4=C(C=C(C=C4)I)C(=O)C3=O,Active,,,,IC50,,1.1,,1100,,,P0C6X7,BDBM50188381,Replicase polyprotein 1ab
109,104072175,11644322,CCCN1C2=C(C=C(C=C2)C(=O)N)C(=O)C1=O,Inactive,,,,IC50,,10.2,,10200,,,P0DTD1,BDBM50188382,Replicase polyprotein 1ab
110,104072175,11644322,CCCN1C2=C(C=C(C=C2)C(=O)N)C(=O)C1=O,Inactive,,,,IC50,,25,,25000,,,P0C6X7,BDBM50188382,Replicase polyprotein 1ab
111,104072176,11630144,CCCCN1C2=C(C=C(C=C2)C(=O)N)C(=O)C1=O,Inactive,,,,IC50,,17.8,,17800,,,P0DTD1,BDBM50188383,Replicase polyprotein 1ab
112,104072176,11630144,CCCCN1C2=C(C=C(C=C2)C(=O)N)C(=O)C1=O,Inactive,,,,IC50,,19,,19000,,,P0C6X7,BDBM50188383,Replicase polyprotein 1ab
113,104072177,11515424,CCCCN1C2=C(C=C(C=C2)I)C(=O)C1=O,Inactive,,,,IC50,,41.8,,41800,,,P0DTD1,BDBM50188384,Replicase polyprotein 1ab
114,104072177,11515424,CCCCN1C2=C(C=C(C=C2)I)C(=O)C1=O,Inactive,,,,IC50,,66,,66000,,,P0C6X7,BDBM50188384,Replicase polyprotein 1ab
115,104085786,262093,C1=CC=C2C(=C1)C(=O)C(=C(C2=O)SCCO)SCCO,Inactive,,,,IC50,,17.93,,17930,,,P0DTD1,BDBM50208827,Replicase polyprotein 1ab
116,104085861,16203796,C1=C(C=NC=C1Cl)OC(=O)C2=CSC=N2,Active,,,,IC50,,0.27,,270,,,P0C6X7,BDBM50208938,Replicase polyprotein 1ab
117,104085862,16204322,C1=CC=C2C(=C1)C=C(N2)C(=O)OC3=CC(=CN=C3)Cl,Active,,,,IC50,,0.065,,65,,,P0C6X7,BDBM50208939,Replicase polyprotein 1ab
118,104085862,16204322,C1=CC=C2C(=C1)C=C(N2)C(=O)OC3=CC(=CN=C3)Cl,Active,,,,IC50,,0.025,,25,,,P0DTD1,BDBM50208939,Replicase polyprotein 1ab
119,104085863,16203681,C1=COC(=C1)C(=O)OC2=CC(=CN=C2)Br,Active,,,,IC50,,0.05,,50,,,P0C6X7,BDBM50208940,Replicase polyprotein 1ab
120,104085864,2800273,C1=CC=C2C(=C1)C=C(S2)C(=O)OC3=CC(=CN=C3)Cl,Active,,,,IC50,,0.095,,95,,,P0C6X7,BDBM50208941,Replicase polyprotein 1ab
121,104085864,2800273,C1=CC=C2C(=C1)C=C(S2)C(=O)OC3=CC(=CN=C3)Cl,Active,,,,IC50,,0.026,,26,,,P0DTD1,BDBM50208941,Replicase polyprotein 1ab
122,104085866,16204318,C1=CC=C2C(=C1)C=C(O2)C(=O)OC3=CC(=CN=C3)Cl,Active,,,,IC50,,0.17,,170,,,P0C6X7,BDBM50208943,Replicase polyprotein 1ab
123,104085866,16204318,C1=CC=C2C(=C1)C=C(O2)C(=O)OC3=CC(=CN=C3)Cl,Active,,,,IC50,,0.00541,,5.41,,,P0DTD1,BDBM50208943,Replicase polyprotein 1ab
124,104085867,16204324,COC1=CC=CC(=C1)C(=O)OC2=CC(=CN=C2)Cl,Active,,,,IC50,,0.34,,340,,,P0C6X7,BDBM50208944,Replicase polyprotein 1ab
125,104098476,16741,C1=CC=C(C=C1)CCN=C=S,Inactive,,,,IC50,,10.13,,10130,,,P0DTD1,BDBM50240850,Replicase polyprotein 1ab
126,104098581,65238,C1=C(C=C(C(=C1O)O)O)C(=O)OC[C@@H]2[C@H]([C@@H]([C@H]([C@@H](O2)OC(=O)C3=CC(=C(C(=C3)O)O)O)OC(=O)C4=CC(=C(C(=C4)O)O)O)OC(=O)C5=CC(=C(C(=C5)O)O)O)OC(=O)C6=CC(=C(C(=C6)O)O)O,Inactive,,,,IC50,,27.77,,27770,,,P0DTD1,BDBM50241052,Replicase polyprotein 1ab
127,104098972,64982,C1=CC=C(C=C1)C2=CC(=O)C3=C(C(=C(C=C3O2)O[C@H]4[C@@H]([C@H]([C@@H]([C@H](O4)C(=O)O)O)O)O)O)O,Active,,,,IC50,,6.41,,6410,,,P0DTD1,BDBM50242173,Replicase polyprotein 1ab
128,104102826,135449332,CC1=C(C=C(C=C1)N2C(=O)C(=C(N2)C)N=NC3=CC=CC(=C3O)C4=CC(=CC=C4)C(=O)O)C,Inactive,,,,IC50,,21.52,,21520,,,P0DTD1,BDBM50248106,Replicase polyprotein 1ab
129,104127122,12629,CCCCCCCCCCCCCCCCC(C(=O)O)C(CC(=O)O)(C(=O)O)O,Inactive,,,,IC50,,23.54,,23540,,,P0DTD1,BDBM50285551,Replicase polyprotein 1ab
130,104130720,5034,C1=CC2=C(C=C1I)C(=CC3=CC(=C(C(=C3)Br)O)Br)C(=O)N2,Inactive,,,,IC50,,21.52,,21520,,,P0DTD1,BDBM50289149,Replicase polyprotein 1ab
131,104137088,10531,C[C@@]1(C(=O)N2[C@H](C(=O)N3CCC[C@H]3[C@@]2(O1)O)CC4=CC=CC=C4)NC(=O)[C@@H]5C[C@H]6[C@@H](CC7=CNC8=CC=CC6=C78)N(C5)C,Inactive,,,,Ki,,107.36,107360,,,,P0DTD1,BDBM50295557,Replicase polyprotein 1ab
132,104159154,24898027,CN(C#N)N(C)C(=O)[C@H](CC1=CC=CC=C1)NC(=O)OCC2=CC=CC=C2,Active,,,,IC50,,2.19,,2190,,,P0DTD1,BDBM50304793,Replicase polyprotein 1ab
133,104159155,24897809,CC(C)C[C@@H](C(=O)N(C)N(C)C#N)NC(=O)OCC1=CC=CC=C1,Active,,,,IC50,,4.74,,4740,,,P0DTD1,BDBM50304794,Replicase polyprotein 1ab
134,104159156,24898024,CN(C(=O)[C@H](CC1=CC=CC=C1)NC(=O)OCC2=CC=CC=C2)N(CC3=CC=CC=C3)C#N,Active,,,,IC50,,0.32,,320,,,P0DTD1,BDBM50304795,Replicase polyprotein 1ab
135,104159157,24898028,CN(C(=O)[C@H](CC1=CC=CC=C1)NC(=O)OCC2=CC=CC=C2)N(CCC3=CC=CC=C3)C#N,Active,,,,IC50,,5.36,,5360,,,P0DTD1,BDBM50304796,Replicase polyprotein 1ab
136,104159158,24898025,CCCCCN(C#N)N(C)C(=O)[C@H](CC1=CC=CC=C1)NC(=O)OCC2=CC=CC=C2,Active,,,,IC50,,7.54,,7540,,,P0DTD1,BDBM50304797,Replicase polyprotein 1ab
137,123080303,73293,C1=CC=C2C(=C1)C3=C(N2)C4=[N+](C=C3)C5=CC=CC=C5C4=O,Active,,,,IC50,,9.96,,9960,,,P0DTD1,BDBM59087,Replicase polyprotein 1ab
138,123105171,3010818,CCC[C@@H](C(=O)C(=O)NC1CC1)NC(=O)[C@@H]2[C@H]3CCC[C@H]3CN2C(=O)[C@H](C(C)(C)C)NC(=O)[C@H](C4CCCCC4)NC(=O)C5=NC=CN=C5,Inactive,,,,IC50,,15.25,,15250,,,P0DTD1,BDBM50326056,Replicase polyprotein 1ab
139,125082203,15959235,C1=CC=C(C(=C1)C(=O)ON2C3=CC=CC=C3N=N2)N,Active,,,,Ki,,0.02,20,,,,P0C6X7,BDBM59237,Replicase polyprotein 1ab
140,125082204,15959236,CN(C)C1=CC=C(C=C1)C(=O)ON2C3=CC=CC=C3N=N2,Active,,,,Ki,,0.017,17,,,,P0C6X7,BDBM59238,Replicase polyprotein 1ab
141,125082205,15959237,CNC1=CC=C(C=C1)C(=O)ON2C3=CC=CC=C3N=N2,Active,,,,Ki,,0.012,12,,,,P0C6X7,BDBM59239,Replicase polyprotein 1ab
142,125082206,15959238,CCN(CC)C1=CC=C(C=C1)C(=O)ON2C3=CC=CC=C3N=N2,Active,,,,Ki,,0.011,11,,,,P0C6X7,BDBM59240,Replicase polyprotein 1ab
143,125082208,15959240,C1=CC=C2C(=C1)N=NN2OC(=O)C3=CC4=C(C=C3)NC=C4,Active,,,,Ki,,0.0075,7.5,,,,P0C6X7,BDBM59242,Replicase polyprotein 1ab
144,125082209,15959241,C1=CC=C2C(=C1)C=C(N2)C(=O)ON3C4=CC=CC=C4N=N3,Active,,,,Ki,,0.012,12,,,,P0C6X7,BDBM59243,Replicase polyprotein 1ab
145,125082210,15959242,C1=CC=C2C(=C1)N=NN2OC(=O)C3=CC4=C(N3)C=CC(=C4)F,Active,,,,Ki,,0.014,14,,,,P0C6X7,BDBM59244,Replicase polyprotein 1ab
146,125082215,15959246,CNC1=CC=C(C=C1)C(=O)CN2C3=CC=CC=C3N=N2,Active,,,,Ki,,4.5,4500,,,,P0C6X7,BDBM59249,Replicase polyprotein 1ab
147,125082216,15959247,CN(C)C1=CC=C(C=C1)C(=O)CN2C3=CC=CC=C3N=N2,Active,,,,Ki,,6.7,6700,,,,P0C6X7,BDBM59250,Replicase polyprotein 1ab
148,125082359,3885,CC1(CCC2=C(O1)C3=CC=CC=C3C(=O)C2=O)C,Inactive,,,,IC50,,13.33,,13330,,,P0DTD1,BDBM81348,Replicase polyprotein 1ab
149,125085382,50994058,CC(C)C[C@@H](C(=O)N(C)N(C)C#N)NC(=O)NCC1=CC=CC=C1,Active,,,,IC50,,7.59,,7590,,,P0DTD1,BDBM50335280,Replicase polyprotein 1ab
150,125085384,50994059,CC1=NC(=NO1)C2=CC=C(C=C2)CNC(=O)N[C@@H](CC(C)C)C(=O)N(C)N(C)C#N,Inactive,,,,IC50,,25.5,,25500,,,P0DTD1,BDBM50335282,Replicase polyprotein 1ab
151,125085385,50994060,CC(C)C[C@@H](C(=O)N(C)N(C)C#N)NC(=O)NCC1=CC=C(C=C1)C2=NOC(=N2)C3=CC=CS3,Inactive,,,,IC50,,17.9,,17900,,,P0DTD1,BDBM50335283,Replicase polyprotein 1ab
152,125085387,50994138,CC(C)C[C@@H](C(=O)N(C)N(C)C#N)NC(=O)NC1=CC=C(C=C1)C2=NOC(=N2)C3=CC=CS3,Inactive,,,,IC50,,39.9,,39900,,,P0DTD1,BDBM50335285,Replicase polyprotein 1ab
153,125085391,50994142,CC(C)C[C@@H](C(=O)N(C)N(C)C#N)NC(=O)C1=CC=C(C=C1)C2=NOC(=N2)C3=CC=CS3,Inactive,,,,IC50,,14.6,,14600,,,P0DTD1,BDBM50335289,Replicase polyprotein 1ab
154,125085392,50925386,CC(C)C[C@@H](C(=O)N(C)N(C)C#N)N(C)C(=O)C1=CC=C(C=C1)C2=NOC(=N2)C3=CC=CS3,Active,,,,IC50,,5.54,,5540,,,P0DTD1,BDBM50335290,Replicase polyprotein 1ab
155,131343587,442048,C[C@@]1(CC[C@H]2C(=CC[C@@H]3[C@@]2(CCC[C@@]3(C)C(=O)O)C)C1)C=C,Inactive,,,,IC50,,283.5,,283500,,,P0C6X7,BDBM50340651,Replicase polyprotein 1ab
156,131346487,1328543,C1=CC=C(C=C1)N2C(=NN=C2SCC3=CSC(=N3)N)C4=CC=CC5=CC=CC=C54,Inactive,,,,IC50,,58.35,,58350,,,P0C6X7,BDBM50343551,Replicase polyprotein 1ab
157,131346491,1265413,C1CCC2=C(C1)C3=C(N=C2N4CCOCC4)SC5=C3N=CN=C5SCC(=O)NCC6=CC=CO6,Inactive,,,,IC50,,90.72,,90720,,,P0C6X7,BDBM50343555,Replicase polyprotein 1ab
158,136964511,49864204,CCCCCCCC1=CC=C(C=C1)CCC2=C(C(=CC=C2)O)C(=O)O,Inactive,,,,IC50,,27.1,,27100,,,P0DTD1,BDBM50360449,Replicase polyprotein 1ab
159,136964663,11570626,C[C@@H](C1=CC=C(C=C1)C(=O)NCCC(=O)O)N2C(=CC(=N2)C3=CC(=CC(=C3)Cl)Cl)C4=CC5=C(C=C4)C=C(C=C5)OC,Inactive,,,,IC50,,24.33,,24330,,,P0DTD1,BDBM50360601,Replicase polyprotein 1ab
160,136966752,46854655,CC#C[C@@H](CC(=O)O)C1=CC=C(C=C1)OCC2=CC(=CC=C2)C3=CC=C(C=C3)C(F)(F)F,Inactive,,,,IC50,,24.15,,24150,,,P0DTD1,BDBM50362690,Replicase polyprotein 1ab
161,160844976,16129878,C1=C(C=C(C(=C1O)O)O)C(=O)OC2=CC(=CC(=C2O)O)C(=O)OCC3C(C(C(C(O3)OC(=O)C4=CC(=C(C(=C4)OC(=O)C5=CC(=C(C(=C5)O)O)O)O)O)OC(=O)C6=CC(=C(C(=C6)OC(=O)C7=CC(=C(C(=C7)O)O)O)O)O)OC(=O)C8=CC(=C(C(=C8)OC(=O)C9=CC(=C(C(=C9)O)O)O)O)O)OC(=O)C1=CC(=C(C(=C1)OC(=O)C1=CC(=C(C(=C1)O)O)O)O)O,Active,,,,IC50,,3,,3000,,,P0C6X7,BDBM92479,Replicase polyprotein 1ab
162,160845918,441300,C1CC1NC2=C3C(=NC(=N2)N)N(C=N3)[C@@H]4C[C@@H](C=C4)CO,Inactive,,,,IC50,,24.67,,24670,,,P0C6X7,BDBM50366816,Replicase polyprotein 1ab
163,160845918,441300,C1CC1NC2=C3C(=NC(=N2)N)N(C=N3)[C@@H]4C[C@@H](C=C4)CO,Inactive,,,,IC50,,12.58,,12580,,,P0DTD1,BDBM50366816,Replicase polyprotein 1ab
164,160845926,152946,COC1=C2C(=CC(=C1N3C[C@@H]4CCCN[C@@H]4C3)F)C(=O)C(=CN2C5CC5)C(=O)O,Inactive,,,,Ki,,249,249000,,,,P0DTD1,BDBM50366824,Replicase polyprotein 1ab
165,160846046,4282864,CC1=C(C=CC(=C1)C2=CC(=C(C=C2)N=NC3=C(C4=C(C=C3)C(=CC(=C4N)S(=O)(=O)[O-])S(=O)(=O)[O-])O)C)N=NC5=C(C6=C(C=C5)C(=CC(=C6N)S(=O)(=O)[O-])S(=O)(=O)[O-])O,Active,,,,IC50,,0.2,,200,,,P0DTD1,BDBM50366944,Replicase polyprotein 1ab
166,160846046,4282864,CC1=C(C=CC(=C1)C2=CC(=C(C=C2)N=NC3=C(C4=C(C=C3)C(=CC(=C4N)S(=O)(=O)[O-])S(=O)(=O)[O-])O)C)N=NC5=C(C6=C(C=C5)C(=CC(=C6N)S(=O)(=O)[O-])S(=O)(=O)[O-])O,Active,,,,Ki,,0.21,210,,,,P0DTD1,BDBM50366944,Replicase polyprotein 1ab
167,163340453,318797,CC1=COC2=C1C(=O)C(=O)C3=C2C=CC4=C3CCCC4(C)CO,Inactive,,,,IC50,,24.8,,24800,,,P0C6X7,BDBM50391429,Replicase polyprotein 1ab
168,163340455,14610613,CC1=COC2=C1C(=O)C(=O)C3=C2C=CC4=C3CCC[C@]4(C)C(=O)OC,Active,,,,Ki,,9.7,9700,,,,P0C6X7,BDBM50391431,Replicase polyprotein 1ab
169,163359933,9960660,CC[C@H](C)[C@@H](C(=O)N[C@@H](CCC(=O)OC(C)(C)C)C(=O)N[C@@H](C)C(=O)N[C@@H](CC(C)C)C=O)NC(=O)OCC1=CC=CC=C1,Inactive,,,,IC50,,10.38,,10380,,,P0DTD1,BDBM50410909,Replicase polyprotein 1ab
170,164152752,11425923,C[C@H]1COC2=C1C(=O)C(=O)C3=C2C=CC4=C(C=CC=C43)C,Inactive,,,,IC50,,14.4,,14400,,,P0C6X7,BDBM50423877,Replicase polyprotein 1ab
171,164152752,11425923,C[C@H]1COC2=C1C(=O)C(=O)C3=C2C=CC4=C(C=CC=C43)C,Inactive,,,,Ki,,11.2,11200,,,,P0C6X7,BDBM50423877,Replicase polyprotein 1ab
172,164154946,219104,CCC(C)SSC1=NC=CN1,Inactive,,,,IC50,,21.39,,21390,,,P0DTD1,BDBM50426071,Replicase polyprotein 1ab
173,164160150,2577,CCCCCCNC(=O)N1C=C(C(=O)NC1=O)F,Inactive,,,,EC50,,24.3,,,,24300,P0DTD1,BDBM50431275,Replicase polyprotein 1ab
174,164160150,2577,CCCCCCNC(=O)N1C=C(C(=O)NC1=O)F,Active,,,,IC50,,1.82,,1820,,,P0DTD1,BDBM50431275,Replicase polyprotein 1ab
175,172098859,4124399,COC1=C(C=CC(=C1)C2=CC(=C(C=C2)N=NC3=C(C4=C(C=C3)C(=CC(=C4N)S(=O)(=O)[O-])S(=O)(=O)[O-])O)OC)N=NC5=C(C6=C(C=C5)C(=CC(=C6N)S(=O)(=O)[O-])S(=O)(=O)[O-])O,Active,,,,IC50,,7.7,,7700,,,P0DTD1,BDBM103568,Replicase polyprotein 1ab
176,172098859,4124399,COC1=C(C=CC(=C1)C2=CC(=C(C=C2)N=NC3=C(C4=C(C=C3)C(=CC(=C4N)S(=O)(=O)[O-])S(=O)(=O)[O-])O)OC)N=NC5=C(C6=C(C=C5)C(=CC(=C6N)S(=O)(=O)[O-])S(=O)(=O)[O-])O,Active,,,,Ki,,1.3,1300,,,,P0DTD1,BDBM103568,Replicase polyprotein 1ab
177,174009254,192654,C1=CC=C2C(=C1)C(=O)N([Se]2)C3=CC=C(C=C3)C(=O)O,Active,,,,IC50,,0.13,,130,,,P0DTD1,BDBM106943,Replicase polyprotein 1ab
178,175447711,12223544,C=CCN1C(=O)C2=CC=CC=C2S1,Active,,,,IC50,,0.63,,630,,,P0DTD1,BDBM50435394,Replicase polyprotein 1ab
179,175447717,9834674,C1=CC=C(C=C1)CN2C(=O)C3=CC=CC=C3S2,Active,,,,IC50,,0.17,,170,,,P0DTD1,BDBM50435400,Replicase polyprotein 1ab
180,175451229,3164070,CN1C2=NC(=O)N(C(=O)C2=NC(=N1)C3=CC=C(C=C3)C(F)(F)F)C,Active,,,,EC50,,3.55,,,,3550,P0DTD1,BDBM50438912,Replicase polyprotein 1ab
181,175451229,3164070,CN1C2=NC(=O)N(C(=O)C2=NC(=N1)C3=CC=C(C=C3)C(F)(F)F)C,Active,,,,IC50,,0.26,,260,,,P0DTD1,BDBM50438912,Replicase polyprotein 1ab
182,175455218,10569,CC(C)C1=CC2=CC[C@@H]3[C@@]([C@H]2CC1)(CCC[C@@]3(C)C(=O)O)C,Inactive,,,,IC50,,189.1,,189100,,,P0C6X7,BDBM50442901,Replicase polyprotein 1ab
183,194941423,174223,CC1=C(C2=C(C=C1)N=C(S2)C3=CC=C(C=C3)N)S(=O)(=O)O,Active,,,,IC50,,4.3,,4300,,,P0C6X7,BDBM50443527,Replicase polyprotein 1ab
184,251974442,3194,C1=CC=C(C=C1)N2C(=O)C3=CC=CC=C3[Se]2,Active,,,,IC50,,0.52,,520,,,P0DTD1,BDBM34233,Replicase polyprotein 1ab
185,251974442,3194,C1=CC=C(C=C1)N2C(=O)C3=CC=CC=C3[Se]2,Active,,,,EC50,,4.67,,,,4670,P0DTD1,BDBM34233,Replicase polyprotein 1ab
186,251974442,3194,C1=CC=C(C=C1)N2C(=O)C3=CC=CC=C3[Se]2,Active,,,,IC50,,0.67,,670,,,P0DTD1,BDBM34233,Replicase polyprotein 1ab
187,252615407,3598,C1=C(C(=C(C(=C1Cl)Cl)CC2=C(C(=CC(=C2Cl)Cl)Cl)O)O)Cl,Inactive,,,,IC50,,13.7,,13700,,,P0C6X7,BDBM31712,Replicase polyprotein 1ab
188,252615407,3598,C1=C(C(=C(C(=C1Cl)Cl)CC2=C(C(=CC(=C2Cl)Cl)Cl)O)O)Cl,Inactive,,,,IC50,,21.52,,21520,,,P0DTD1,BDBM31712,Replicase polyprotein 1ab
189,252615941,7230550,C1=COC(=C1)C(=O)OC2=CC(=CN=C2)Cl,Active,,,,IC50,,0.06,,60,,,P0C6X7,BDBM32805,Replicase polyprotein 1ab
190,252617385,935415,CC1=CC=C(C=C1)N2C(=O)C3=CC=CC=C3S2,Active,,,,IC50,,0.33,,330,,,P0DTD1,BDBM34737,Replicase polyprotein 1ab
191,252626344,16749975,CCCNC(=O)C1=CC=C(C=C1)N2C(=O)C3=CC=CC=C3S2,Active,,,,IC50,,0.23,,230,,,P0DTD1,BDBM45751,Replicase polyprotein 1ab
192,252626348,16749979,C1=CC=C2C(=C1)C(=O)N(S2)C3=CC=C(C=C3)C(=O)NCC4=CC=CO4,Active,,,,IC50,,0.38,,380,,,P0DTD1,BDBM45755,Replicase polyprotein 1ab
193,252627209,17520,C1=CC=C2C(=C1)C(=O)NS2,Active,,,,IC50,,0.66,,660,,,P0DTD1,BDBM46658,Replicase polyprotein 1ab
194,252627218,164981,C1=CC=C(C=C1)N2C(=O)C3=CC=CC=C3S2,Active,,,,IC50,,0.49,,490,,,P0DTD1,BDBM46667,Replicase polyprotein 1ab
195,252627242,11219195,C1=CC=C2C(=C1)C(=O)N(S2)C3=CC=C(C=C3)Cl,Active,,,,IC50,,0.39,,390,,,P0DTD1,BDBM46691,Replicase polyprotein 1ab
196,252628142,948801,CN1C=NC2=C1C=CC(=C2)NC(=O)C3=CC=C(C=C3)Cl,Inactive,,,,IC50,,18.2,,18200,,,P0C6X7,BDBM47844,Replicase polyprotein 1ab
197,252628217,3196508,CCC(C)C1=CC=C(C=C1)N(C(C2=CN=CC=C2)C(=O)NC3CCCC3)C(=O)C4=CC=CO4,Active,,,,IC50,,2.2,,2200,,,P0C6X7,BDBM47919,Replicase polyprotein 1ab
198,252631541,114917,CC1=C2C=CC3=C(C2=CC=C1)C(=O)C(=O)C4=C3OC=C4C,Inactive,,,,IC50,,38.7,,38700,,,P0C6X7,BDBM51317,Replicase polyprotein 1ab
199,252631541,114917,CC1=C2C=CC3=C(C2=CC=C1)C(=O)C(=O)C4=C3OC=C4C,Inactive,,,,Ki,,13.7,13700,,,,P0C6X7,BDBM51317,Replicase polyprotein 1ab
200,252634231,2369606,C1=CC=C(C=C1)C2=NN(C(=C2)NC(=O)CCl)C3=CC=CC=C3,Inactive,,,,IC50,,80.9,,80900,,,P0DTD1,BDBM54200,Replicase polyprotein 1ab
201,252634303,4961662,C1C(N(N=C1C2=CC=CO2)C(=O)CCl)C3=CC=CS3,Inactive,,,,IC50,,46.4,,46400,,,P0DTD1,BDBM54272,Replicase polyprotein 1ab
202,252637855,160254,C[C@H]1COC2=C1C(=O)C(=O)C3=C2C=CC4=C3CCCC4(C)C,Inactive,,,,IC50,,226.7,,226700,,,P0C6X7,BDBM57938,Replicase polyprotein 1ab
203,252637855,160254,C[C@H]1COC2=C1C(=O)C(=O)C3=C2C=CC4=C3CCCC4(C)C,Active,,,,Ki,,9,9000,,,,P0C6X7,BDBM57938,Replicase polyprotein 1ab
204,252640156,16129778,C1=C(C=C(C(=C1O)O)O)C(=O)OC2=CC(=CC(=C2O)O)C(=O)OC[C@@H]3[C@H]([C@@H]([C@H]([C@@H](O3)OC(=O)C4=CC(=C(C(=C4)OC(=O)C5=CC(=C(C(=C5)O)O)O)O)O)OC(=O)C6=CC(=C(C(=C6)OC(=O)C7=CC(=C(C(=C7)O)O)O)O)O)OC(=O)C8=CC(=C(C(=C8)OC(=O)C9=CC(=C(C(=C9)O)O)O)O)O)OC(=O)C1=CC(=C(C(=C1)OC(=O)C1=CC(=C(C(=C1)O)O)O)O)O,Active,,,,IC50,,2.1,,2100,,,P0DTD1,BDBM60986,Replicase polyprotein 1ab
205,252640156,16129778,C1=C(C=C(C(=C1O)O)O)C(=O)OC2=CC(=CC(=C2O)O)C(=O)OC[C@@H]3[C@H]([C@@H]([C@H]([C@@H](O3)OC(=O)C4=CC(=C(C(=C4)OC(=O)C5=CC(=C(C(=C5)O)O)O)O)O)OC(=O)C6=CC(=C(C(=C6)OC(=O)C7=CC(=C(C(=C7)O)O)O)O)O)OC(=O)C8=CC(=C(C(=C8)OC(=O)C9=CC(=C(C(=C9)O)O)O)O)O)OC(=O)C1=CC(=C(C(=C1)OC(=O)C1=CC(=C(C(=C1)O)O)O)O)O,Active,,,,Ki,,1.4,1400,,,,P0DTD1,BDBM60986,Replicase polyprotein 1ab
206,252640159,16684927,CC[Hg]SC1=CC=CC=C1C(=O)[O-],Active,,,,IC50,,0.6,,600,,,P0DTD1,BDBM60990,Replicase polyprotein 1ab
207,252640159,16684927,CC[Hg]SC1=CC=CC=C1C(=O)[O-],Active,,,,Ki,,0.6,600,,,,P0DTD1,BDBM60990,Replicase polyprotein 1ab
208,252641060,351236,CN1C(=O)C2=CC=CC=C2S1,Active,,,,IC50,,0.78,,780,,,P0DTD1,BDBM61908,Replicase polyprotein 1ab
209,252658442,1719488,CC1=CC=C(C=C1)C(=O)N/C(=C/C2=CC=C(O2)C3=CC=C(C=C3)[N+](=O)[O-])/C(=O)NCCCN(C)C,Inactive,,,,IC50,,10,,10000,,,P0C6X7,BDBM83244,Replicase polyprotein 1ab
210,252659093,164676,CC1=COC2=C1C(=O)C(=O)C3=C2C=CC4=C3CCCC4(C)C,Inactive,,,,IC50,,89.1,,89100,,,P0C6X7,BDBM83922,Replicase polyprotein 1ab
211,253651675,3635406,C1=NC(=C2C(=N1)N=C(N2)C(F)(F)F)N,Inactive,,,,IC50,,13.9,,13900,,,P0C6X7,BDBM154573,Replicase polyprotein 1ab
212,313063481,5208,CC(=CCC(C1=CC(=O)C2=C(C=CC(=C2C1=O)O)O)O)C,Inactive,,,,IC50,,15.75,,15750,,,P0DTD1,BDBM178090,Replicase polyprotein 1ab
213,321901046,122724,CC1=C(C(=O)C=C2C1=CC=C3[C@]2(CC[C@@]4([C@@]3(CC[C@@]5([C@H]4C[C@](CC5)(C)C(=O)O)C)C)C)C)O,Inactive,,,,IC50,,10.3,,10300,,,P0C6X7,BDBM205457,Replicase polyprotein 1ab
214,321901046,122724,CC1=C(C(=O)C=C2C1=CC=C3[C@]2(CC[C@@]4([C@@]3(CC[C@@]5([C@H]4C[C@](CC5)(C)C(=O)O)C)C)C)C)O,Active,,,,Ki,,4.2,4200,,,,P0C6X7,BDBM205457,Replicase polyprotein 1ab
215,336952476,969516,COC1=C(C=CC(=C1)/C=C/C(=O)CC(=O)/C=C/C2=CC(=C(C=C2)O)OC)O,Inactive,,,,EC50,>,10,,,>,10000,P0C6X7,BDBM50140172,Replicase polyprotein 1ab
216,336952476,969516,COC1=C(C=CC(=C1)/C=C/C(=O)CC(=O)/C=C/C2=CC(=C(C=C2)O)OC)O,Inactive,,,,IC50,,23.5,,23500,,,P0C6X7,BDBM50140172,Replicase polyprotein 1ab
217,336952476,969516,COC1=C(C=CC(=C1)/C=C/C(=O)CC(=O)/C=C/C2=CC(=C(C=C2)O)OC)O,Inactive,,,,IC50,,40,,40000,,,P0C6X7,BDBM50140172,Replicase polyprotein 1ab
218,341097924,11313622,C1=CC=C(C=C1)CN2C(=O)N(SC2=O)C3=CC=CC4=CC=CC=C43,Active,,,,IC50,,1.55,,1550,,,P0DTD1,BDBM50166940,Replicase polyprotein 1ab
219,346549741,92727,CC1=C(C(=CC=C1)C)OCC(=O)N[C@@H](CC2=CC=CC=C2)[C@H](C[C@H](CC3=CC=CC=C3)NC(=O)[C@H](C(C)C)N4CCCNC4=O)O,Inactive,,,,Ki,,15,15000,,,,P0C6X7,BDBM50180655,Replicase polyprotein 1ab
220,384574910,90311989,C1C[C@@H]2C[C@H]1N3[C@H](O2)CN4C=C(C(=O)C(=C4C3=O)O)C(=O)NCC5=C(C=C(C=C5F)F)F,Inactive,,,,Ki,,302,302000,,,,P0DTD1,BDBM330048,Replicase polyprotein 1ab
221,401961184,2450,C(C(CO)([N+](=O)[O-])Br)O,Active,,,,IC50,,4.4,,4400,,,P0DTD1,BDBM50248122,Replicase polyprotein 1ab
222,401961184,2450,C(C(CO)([N+](=O)[O-])Br)O,Active,,,,Ki,,2.5,2500,,,,P0C6X7,BDBM50248122,Replicase polyprotein 1ab
223,433918996,6323191,CC1=CC(=NO1)C(=O)N[C@@H](C)C(=O)N[C@@H](C(C)C)C(=O)N[C@@H](CC(C)C)C(=O)N[C@@H](C[C@@H]2CCNC2=O)/C=C/C(=O)OCC3=CC=CC=C3,Active,,,,Ki,,9,9000,,,,P0C6X7,BDBM419120,Replicase polyprotein 1ab
224,433920159,464205,C[C@H](CN1C=NC2=C(N=CN=C21)N)OCP(=O)(O)O,Inactive,,,,IC50,,14.16,,14160,,,P0C6X7,BDBM50450813,Replicase polyprotein 1ab
225,433920159,464205,C[C@H](CN1C=NC2=C(N=CN=C21)N)OCP(=O)(O)O,Inactive,,,,IC50,,11.81,,11810,,,P0DTD1,BDBM50450813,Replicase polyprotein 1ab
226,433932610,52946772,CC(C)C1=C(C=C2C(=C1)CC[C@@H]3[C@@]2(CCC[C@@]3(C)C=O)C)O,Inactive,,,,IC50,,163.2,,163200,,,P0C6X7,BDBM50465345,Replicase polyprotein 1ab
227,433935045,3652,CCN(CCCC(C)NC1=C2C=CC(=CC2=NC=C1)Cl)CCO,Inactive,,,,IC50,,3584,,3.584e+06,,,P0DTD1,BDBM50467780,Replicase polyprotein 1ab
228,433944394,44433697,CCOC(=O)/C=C/[C@H](C[C@@H]1CCNC1=O)NC(=O)[C@H](CC(C)C)NC(=O)[C@H](C(C)C)NC(=O)[C@H](CO)NC(=O)OC(C)(C)C,Inactive,,,,IC50,,10,,10000,,,P0C6X7,BDBM50477129,Replicase polyprotein 1ab
229,433944395,44433698,CCOC(=O)/C=C/[C@H](C[C@@H]1CCNC1=O)NC(=O)[C@H](CC2=CC=CC=C2)NC(=O)[C@H](C(C)C)NC(=O)[C@H](CO)NC(=O)OC(C)(C)C,Inactive,,,,IC50,,15,,15000,,,P0C6X7,BDBM50477130,Replicase polyprotein 1ab
230,433946310,1203,C1C(C(OC2=CC(=CC(=C21)O)O)C3=CC(=C(C=C3)O)O)O,Inactive,,,,IC50,,100,,100000,,,P0C6X7,BDBM50479045,Replicase polyprotein 1ab
231,433947752,16085283,CC(C)C[C@@H](C(=O)N[C@@H](CCC(=O)O)C(=O)C(F)(F)F)NC(=O)[C@H](C(C)C)NC(=O)OCC1=CC=CC=C1,Inactive,,,,Ki,,116,116000,,,,P0C6X7,BDBM50480487,Replicase polyprotein 1ab
232,433947753,45269761,CC(C)C[C@@H](C(=O)N[C@@H](CCC(=O)N1CCOCC1)C(=O)C(F)(F)F)NC(=O)[C@H](C(C)C)NC(=O)OCC2=CC=CC=C2,Inactive,,,,Ki,,21,21000,,,,P0C6X7,BDBM50480488,Replicase polyprotein 1ab
233,433947754,45273184,CCN(CC)C(=O)CC[C@@H](C(=O)C1=NC2=CC=CC=C2S1)NC(=O)[C@H](C(C)C)NC(=O)OCC3=CC=CC=C3,Inactive,,,,Ki,,159,159000,,,,P0C6X7,BDBM50480489,Replicase polyprotein 1ab
234,433947755,45269762,CCCN(CCC)C(=O)CC[C@@H](C(=O)C(F)(F)F)NC(=O)[C@H](CC(C)C)NC(=O)[C@H](C(C)C)NC(=O)[C@H](C)NC(=O)OCC1=CC=CC=C1,Inactive,,,,Ki,,297,297000,,,,P0C6X7,BDBM50480490,Replicase polyprotein 1ab
235,433947756,45269763,CCCN(CCC)C(=O)CC[C@@H](C(=O)C(F)(F)F)NC(=O)[C@H](CC(C)C)NC(=O)OCC1=CC=CC=C1,Inactive,,,,Ki,,584,584000,,,,P0C6X7,BDBM50480491,Replicase polyprotein 1ab
236,433947757,45269764,CC(C)C[C@@H](C(=O)N[C@@H](CCC(=O)N1CCOCC1)C(=O)C2=NC=CS2)NC(=O)[C@H](C(C)C)NC(=O)OCC3=CC=CC=C3,Inactive,,,,Ki,,478,478000,,,,P0C6X7,BDBM50480492,Replicase polyprotein 1ab
237,433947758,45272306,CC(C)C[C@@H](C(=O)N[C@@H](C[C@@H]1CCNC1=O)C(=O)C2=NC=CS2)NC(=O)[C@H](C(C)C)NC(=O)OCC3=CC=CC=C3,Active,,,,Ki,,2.2,2200,,,,P0C6X7,BDBM50480493,Replicase polyprotein 1ab
238,433947759,45271412,CCN(CC)C(=O)CC[C@@H](C(=O)C1=NC=CS1)NC(=O)[C@H](CC(C)C)NC(=O)OCC2=CC=CC=C2,Inactive,,,,Ki,,462,462000,,,,P0C6X7,BDBM50480494,Replicase polyprotein 1ab
239,433947762,45273179,CCN(CC)C(=O)CC[C@@H](C(=O)C1=NC=CS1)NC(=O)[C@H](C(C)C)NC(=O)OCC2=CC=CC=C2,Inactive,,,,Ki,,614,614000,,,,P0C6X7,BDBM50480497,Replicase polyprotein 1ab
240,433947763,45272299,CCCN(CCC)C(=O)CC[C@@H](C(=O)C(F)(F)F)NC(=O)[C@H](CC(C)C)NC(=O)[C@H](C(C)C)NC(=O)OCC1=CC=CC=C1,Inactive,,,,Ki,,363,363000,,,,P0C6X7,BDBM50480498,Replicase polyprotein 1ab
241,433947764,45269765,CC(C)C[C@@H](C(=O)N[C@@H](CCC(=O)C1=NC=CS1)C(=O)C2=NC=CS2)NC(=O)[C@H](C(C)C)NC(=O)OCC3=CC=CC=C3,Inactive,,,,Ki,,45.2,45200,,,,P0C6X7,BDBM50480499,Replicase polyprotein 1ab
242,433947765,45273180,CCN(CC)C(=O)CC[C@@H](C(=O)C1=NC2=CC=CC=C2S1)NC(=O)[C@H](CC(C)C)NC(=O)[C@H](C(C)C)NC(=O)OCC3=CC=CC=C3,Inactive,,,,Ki,,49.3,49300,,,,P0C6X7,BDBM50480500,Replicase polyprotein 1ab
243,433947766,45273174,C[C@@H](C(=O)N[C@@H](C(C)C)C(=O)N[C@@H](CC(C)C)C(=O)N[C@@H](CCC(=O)N)C(=O)C(F)(F)F)NC(=O)OCC1=CC=CC=C1,Inactive,,,,Ki,,135,135000,,,,P0C6X7,BDBM50480501,Replicase polyprotein 1ab
244,433949212,159516,CC1=C(C(=O)C=C2C1=CC=C3[C@]2(CC[C@@]4([C@@]3(CC[C@@]5([C@H]4C[C@](CC5)(C)C(=O)OC)C)C)C)C)O,Active,,,,IC50,,5.5,,5500,,,P0C6X7,BDBM50481947,Replicase polyprotein 1ab
245,433949212,159516,CC1=C(C(=O)C=C2C1=CC=C3[C@]2(CC[C@@]4([C@@]3(CC[C@@]5([C@H]4C[C@](CC5)(C)C(=O)OC)C)C)C)C)O,Active,,,,Ki,,3.1,3100,,,,P0C6X7,BDBM50481947,Replicase polyprotein 1ab
246,433949213,46881919,CC1=CC[C@@]2(CC[C@@]3(C4=CC=C5C(=C(C(=O)C=C5[C@@]4(CC[C@]3([C@@H]2C1)C)C)O)C)C)C,Active,,,,Ki,,0.8,800,,,,P0C6X7,BDBM50481948,Replicase polyprotein 1ab
247,433949214,10411574,CC1=C2CC=C3[C@](C2=CC(=C1O)O)(CC[C@@]4([C@@]3(CC[C@@]5([C@H]4C[C@](CC5)(C)C(=O)O)C)C)C)C,Inactive,,,,IC50,,21.7,,21700,,,P0C6X7,BDBM50481949,Replicase polyprotein 1ab
248,433950316,21582568,CC(C)C1=C(C=C2C(=C1)CC[C@@H]3[C@@]2(CCC[C@@]3(C)CO)C)O,Inactive,,,,IC50,,220.8,,220800,,,P0C6X7,BDBM50483051,Replicase polyprotein 1ab
249,433950317,12310492,CC(C)C1=C(C=C2C(=C1)CC[C@@H]3[C@@]2(CC[C@@H](C3(C)C)O)C)O,Inactive,,,,IC50,,233.4,,233400,,,P0C6X7,BDBM50483052,Replicase polyprotein 1ab
250,433950318,14697,CC(C)C1=CC2=C(C=C1)[C@]3(CCC[C@@]([C@@H]3CC2)(C)C(=O)OC)C,Inactive,,,,IC50,,207,,207000,,,P0C6X7,BDBM50483053,Replicase polyprotein 1ab
251,433950320,52945977,CC(C)C1=C(C=C2C(=C1)CC[C@@H]3[C@@]2(CCC[C@@]3(C)CO)C)OC(=O)C,Inactive,,,,IC50,,128.9,,128900,,,P0C6X7,BDBM50483055,Replicase polyprotein 1ab
252,433950321,442027,CC(C)C1=C(C=C2C(=C1)CC[C@@H]3[C@@]2(CCCC3(C)C)C)O,Inactive,,,,IC50,,49.6,,49600,,,P0C6X7,BDBM50483056,Replicase polyprotein 1ab
253,433950325,49870840,C1=CC=C(C=C1)C\2=NN(C(=O)/C2=C\C3=CC=C(C=C3)C(=O)O)C4=CC=C(C=C4)C#N,Active,,,,IC50,,5.5,,5500,,,P0C6X7,BDBM50483060,Replicase polyprotein 1ab
254,433951744,44590140,C[C@@H](C(=O)N[C@@H](C(C)C)C(=O)N[C@@H](CC(C)C)C(=O)N[C@@H](CCC(=O)N(C)C)C=O)NC(=O)[C@H](CO)NC(=O)C,Inactive,,,,IC50,,37,,37000,,,P0C6X7,BDBM50484479,Replicase polyprotein 1ab
255,433951746,56849695,C[C@@H](C(=O)N[C@@H](C(C)C)C(=O)N[C@@H](CC(C)C)C(=O)N[C@@H](CC1=CC=CC=C1)C=O)NC(=O)[C@H](CO)NC(=O)C,Inactive,,,,IC50,,2000,,2e+06,,,P0C6X7,BDBM50484481,Replicase polyprotein 1ab
256,433951747,54592395,C[C@@H](C(=O)N[C@@H](C(C)C)C(=O)N[C@@H](CC(C)C)C(=O)N[C@@H](CC1=CN=CN1)C=O)NC(=O)[C@H](CO)NC(=O)C,Active,,,,IC50,,5.7,,5700,,,P0C6X7,BDBM50484482,Replicase polyprotein 1ab
257,433951748,56850859,C[C@@H](C(=O)N[C@@H](C(C)C)C(=O)N[C@@H](CC1CCCCC1)C(=O)N[C@@H](CC2=CN=CN2)C=O)NC(=O)C,Active,,,,IC50,,0.27,,270,,,P0C6X7,BDBM50484483,Replicase polyprotein 1ab
258,433951750,56849837,C[C@@H](C(=O)N[C@@H](C(C)C)C(=O)N[C@@H](CC(C)C)C(=O)N[C@@H](CC1=CC=CS1)C=O)NC(=O)[C@H](CO)NC(=O)C,Inactive,,,,IC50,,48,,48000,,,P0C6X7,BDBM50484485,Replicase polyprotein 1ab
259,433951752,56849839,C[C@@H](C(=O)N[C@@H](C(C)C)C(=O)N[C@@H](CC1=CC=CC=C1)C(=O)N[C@@H](CC2=CN=CN2)C=O)NC(=O)[C@H](CO)NC(=O)C,Active,,,,IC50,,0.39,,390,,,P0C6X7,BDBM50484487,Replicase polyprotein 1ab
260,433951753,56849696,C[C@@H](C(=O)N[C@@H](C(C)C)C(=O)N[C@@H](CC(C)C)C(=O)N[C@@H](CC1CCCCC1)C=O)NC(=O)[C@H](CO)NC(=O)C,Inactive,,,,IC50,,62,,62000,,,P0C6X7,BDBM50484488,Replicase polyprotein 1ab
261,433951755,56849969,CC(C)[C@@H](C(=O)N[C@@H](CC1CCCCC1)C(=O)N[C@@H](CC2=CN=CN2)C=O)NC(=O)[C@H](CC(=O)N)NC(=O)C,Inactive,,,,IC50,,10,,10000,,,P0C6X7,BDBM50484490,Replicase polyprotein 1ab
262,433951756,56849970,CC(C)[C@@H](C(=O)N[C@@H](CC1CCCCC1)C(=O)N[C@@H](CC2=CN=CN2)C=O)NC(=O)[C@H](CO)NC(=O)C,Active,,,,IC50,,0.34,,340,,,P0C6X7,BDBM50484491,Replicase polyprotein 1ab
263,433954154,1249,C1C(C(OC2=CC(=CC(=C21)O)O)C3=CC(=C(C(=C3)O)O)O)O,Inactive,,,,IC50,,100,,100000,,,P0C6X7,BDBM50486889,Replicase polyprotein 1ab
264,433954154,1249,C1C(C(OC2=CC(=CC(=C21)O)O)C3=CC(=C(C(=C3)O)O)O)O,Inactive,,,,IC50,,100,,100000,,,P0C6X7,BDBM50486889,Replicase polyprotein 1ab
265,433956436,71571222,C[C@@H](C(=O)N[C@@H](C(C)C)C(=O)N[C@@H](CC(C)C)C(=O)N[C@@H](CCC(=O)N)C#N)NC(=O)OCC1=CC=CC=C1,Active,,,,IC50,,4.6,,4600,,,P0C6X7,BDBM50489171,Replicase polyprotein 1ab
266,433962255,73056465,C1CN(CCN1CC2=CC(=CC=C2)Cl)S(=O)(=O)C3=CC4=C(C=C3)NC(=O)C4=O,Inactive,,,,IC50,,31.71,,31710,,,P0C6X7,BDBM50494990,Replicase polyprotein 1ab
267,433962256,73057087,CN1C2=C(C=C(C=C2)S(=O)(=O)N3CCN(CC3)C4=CC=CC=N4)C(=O)C1=O,Active,,,,IC50,,5.52,,5520,,,P0C6X7,BDBM50494991,Replicase polyprotein 1ab
268,433962257,73057388,CC1CC(CN(C1)S(=O)(=O)C2=CC3=C(C=C2)N(C(=O)C3=O)CC4=CC=CC=C4)C,Active,,,,IC50,,4.7,,4700,,,P0C6X7,BDBM50494992,Replicase polyprotein 1ab
269,433962258,73057092,CC1CC(CN(C1)S(=O)(=O)C2=CC3=C(C=C2)N(C(=O)C3=O)C)C,Active,,,,IC50,,2.82,,2820,,,P0C6X7,BDBM50494993,Replicase polyprotein 1ab
270,433962259,73057089,CC1CCN(CC1)S(=O)(=O)C2=CC3=C(C=C2)N(C(=O)C3=O)C,Active,,,,IC50,,1.04,,1040,,,P0C6X7,BDBM50494994,Replicase polyprotein 1ab
271,433962260,73057088,C1COCCN1S(=O)(=O)C2=CC3=C(C=C2)N(C(=O)C3=O)CC4=CC5=CC=CC=C5C=C4,Inactive,,,,IC50,,39.87,,39870,,,P0C6X7,BDBM50494995,Replicase polyprotein 1ab
272,433962261,42624533,C1CCN(CC1)S(=O)(=O)C2=CC3=C(C=C2)N(C(=O)C3=O)CC4=CC=CC=C4,Inactive,,,,IC50,,14,,14000,,,P0C6X7,BDBM50494996,Replicase polyprotein 1ab
273,433962262,73056766,CN1C2=C(C=C(C=C2)S(=O)(=O)N3CCN(CC3)CCC4=CC=CC=C4)C(=O)C1=O,Inactive,,,,IC50,,13.86,,13860,,,P0C6X7,BDBM50494997,Replicase polyprotein 1ab
274,433962263,73056765,CN1CCN(CC1)S(=O)(=O)C2=CC3=C(C=C2)N(C(=O)C3=O)CC4=CC5=CC=CC=C5C=C4,Inactive,,,,IC50,,82.91,,82910,,,P0C6X7,BDBM50494998,Replicase polyprotein 1ab
275,433962264,73056763,CN1CCN(CC1)S(=O)(=O)C2=CC3=C(C=C2)N(C(=O)C3=O)C,Inactive,,,,IC50,,11.83,,11830,,,P0C6X7,BDBM50494999,Replicase polyprotein 1ab
276,433962265,73056762,CC1CCCCN1S(=O)(=O)C2=CC3=C(C=C2)NC(=O)C3=O,Active,,,,IC50,,2.25,,2250,,,P0C6X7,BDBM50495000,Replicase polyprotein 1ab
277,433962266,4117477,CC1CCN(CC1)S(=O)(=O)C2=CC3=C(C=C2)NC(=O)C3=O,Active,,,,IC50,,1.18,,1180,,,P0C6X7,BDBM50495001,Replicase polyprotein 1ab
278,433962267,73056761,C1CN(CCN1C2=CC=CC=N2)S(=O)(=O)C3=CC4=C(C=C3)NC(=O)C4=O,Inactive,,,,IC50,,51.33,,51330,,,P0C6X7,BDBM50495002,Replicase polyprotein 1ab
279,433962268,73056760,C1CN(CCN1C(=O)C2=CC=CO2)S(=O)(=O)C3=CC4=C(C=C3)NC(=O)C4=O,Inactive,,,,IC50,,10.07,,10070,,,P0C6X7,BDBM50495003,Replicase polyprotein 1ab
280,433962270,58589722,CN1CCN(CC1)S(=O)(=O)C2=CC3=C(C=C2)NC(=O)C3=O,Inactive,,,,IC50,,76.74,,76740,,,P0C6X7,BDBM50495005,Replicase polyprotein 1ab
281,433962271,76320984,CC1CC(CN(C1)S(=O)(=O)C2=CC3=C(C=C2)NC(=O)C3=O)C,Active,,,,IC50,,4.3,,4300,,,P0C6X7,BDBM50495006,Replicase polyprotein 1ab
282,433962272,73056466,COC1=CC(=CC(=C1OC)OC)CN2CCN(CC2)S(=O)(=O)C3=CC4=C(C=C3)NC(=O)C4=O,Inactive,,,,IC50,,32.08,,32080,,,P0C6X7,BDBM50495007,Replicase polyprotein 1ab
283,433962273,73056764,CN1CCN(CC1)S(=O)(=O)C2=CC3=C(C=C2)N(C(=O)C3=O)CC4=CC=CC=C4,Inactive,,,,IC50,,67.2,,67200,,,P0C6X7,BDBM50495008,Replicase polyprotein 1ab
284,433962274,73057090,CC1CCN(CC1)S(=O)(=O)C2=CC3=C(C=C2)N(C(=O)C3=O)CC4=CC=CC=C4,Active,,,,IC50,,1.69,,1690,,,P0C6X7,BDBM50495009,Replicase polyprotein 1ab
285,433962275,4378077,C1COCCN1S(=O)(=O)C2=CC3=C(C=C2)N(C(=O)C3=O)CC4=CC=CC=C4,Inactive,,,,IC50,,13.86,,13860,,,P0C6X7,BDBM50495010,Replicase polyprotein 1ab
286,433962276,73057091,CC1CCN(CC1)S(=O)(=O)C2=CC3=C(C=C2)N(C(=O)C3=O)CC4=CC5=CC=CC=C5C=C4,Inactive,,,,IC50,,17.82,,17820,,,P0C6X7,BDBM50495011,Replicase polyprotein 1ab
287,433962277,4614896,CN1C2=C(C=C(C=C2)S(=O)(=O)N3CCOCC3)C(=O)C1=O,Active,,,,IC50,,9.91,,9910,,,P0C6X7,BDBM50495012,Replicase polyprotein 1ab
288,433962278,73056467,C1CN(CCN1CCC2=CC=CC=C2)S(=O)(=O)C3=CC4=C(C=C3)NC(=O)C4=O,Inactive,,,,IC50,,34.91,,34910,,,P0C6X7,BDBM50495013,Replicase polyprotein 1ab
289,434124944,3794875,CC(=O)OC1=C(C(=C(C=C1Cl)Cl)Cl)SC2=C(C(=CC(=C2Cl)Cl)Cl)OC(=O)C,Active,,,,IC50,,7.6,,7600,,,P0C6X7,BDBM420287,Replicase polyprotein 1ab
290,434124953,145343771,C1CCC(CC1)C[C@@H](C(=O)N[C@@H](C[C@@H]2CCNC2=O)C=O)NC(=O)C3=CC4=CC=CC=C4N3,Active,,,,EC50,,0.53,,,,530,P0DTD1,BDBM420296,Replicase polyprotein 1ab
291,434124953,145343771,C1CCC(CC1)C[C@@H](C(=O)N[C@@H](C[C@@H]2CCNC2=O)C=O)NC(=O)C3=CC4=CC=CC=C4N3,Active,,,,IC50,,0.053,,53,,,P0DTD1,BDBM420296,Replicase polyprotein 1ab
292,434124954,146672237,C1CNC(=O)[C@@H]1C[C@@H](C=O)NC(=O)[C@H](CC2=CC(=CC=C2)F)NC(=O)C3=CC4=CC=CC=C4N3,Active,,,,EC50,,0.72,,,,720,P0DTD1,BDBM420297,Replicase polyprotein 1ab
293,434124954,146672237,C1CNC(=O)[C@@H]1C[C@@H](C=O)NC(=O)[C@H](CC2=CC(=CC=C2)F)NC(=O)C3=CC4=CC=CC=C4N3,Active,,,,IC50,,0.04,,40,,,P0DTD1,BDBM420297,Replicase polyprotein 1ab
294,434124961,46911017,C1=CC2=C(C(=C1)O)C(=O)C3=C(C2=O)C(=CC=C3)S(=O)(=O)N,Active,,,,IC50,,9.84,,9840,,,P0DTD1,BDBM420304,Replicase polyprotein 1ab
295,434124962,122019,CC(C(=O)CF)NC(=O)C(CC1=CC=CC=C1)NC(=O)OCC2=CC=CC=C2,Inactive,,,,IC50,,11.39,,11390,,,P0DTD1,BDBM420305,Replicase polyprotein 1ab
296,434124963,379077,C1COCCN1CCNC2=C(C(=O)C3=C(C2=O)N=CC=C3)Cl,Active,,,,EC50,,4.47,,,,4470,P0C6X7,BDBM420306,Replicase polyprotein 1ab
297,434124963,379077,C1COCCN1CCNC2=C(C(=O)C3=C(C2=O)N=CC=C3)Cl,Active,,,,IC50,,2.63,,2630,,,P0DTD1,BDBM420306,Replicase polyprotein 1ab
298,434124966,22235288,CCCC(C=O)NC(=O)C(CC(C)C)NC(=O)C(CC(C)C)NC(=O)OCC1=CC=CC=C1,Active,,,,IC50,,3.14,,3140,,,P0DTD1,BDBM420309,Replicase polyprotein 1ab
299,434124966,22235288,CCCC(C=O)NC(=O)C(CC(C)C)NC(=O)C(CC(C)C)NC(=O)OCC1=CC=CC=C1,Inactive,,,,IC50,,12.7,,12700,,,P0DTD1,BDBM420309,Replicase polyprotein 1ab
300,434124968,10126189,CC1=[N+](C2=C(N1CCOC)C(=O)C3=CC=CC=C3C2=O)CC4=NC=CN=C4,Inactive,,,,IC50,,13.6,,13600,,,P0DTD1,BDBM420311,Replicase polyprotein 1ab
301,434124971,16195554,C1=CC=C(C=C1)C2=C/C(=C\C3=CC=C(O3)C4=CC=C(C=C4)[N+](=O)[O-])/C(=O)N2C5=CC=C(C=C5)C(=O)O,Inactive,,,,IC50,,18.28,,18280,,,P0DTD1,BDBM420314,Replicase polyprotein 1ab
302,434124977,21925746,CC1=C(NC(=C1CCC(=O)O)C)/C=C/2\C3=C(C=C(C=C3)C4=CC=CC=C4)NC2=O,Inactive,,,,IC50,,24.97,,24970,,,P0DTD1,BDBM420320,Replicase polyprotein 1ab
303,434124982,59518080,CC1=CC(=CC(=C1C2=CC=C(C=C2)C(C)(C)C)C)OC(CCC(F)(F)F)C3=CC=C(C=C3)C(=O)NCCC(=O)O,Inactive,,,,IC50,,19.18,,19180,,,P0DTD1,BDBM420325,Replicase polyprotein 1ab
304,434125590,46861522,CC(C)(C)NC(=O)C(C1=CSC=C1)N(C2=CC=C(C=C2)NC(=O)C3CC3)C(=O)CN4C5=CC=CC=C5N=N4,Active,,,,IC50,,9.1,,9100,,,P0C6X7,BDBM420961,Replicase polyprotein 1ab
305,434318752,72708377,CC(C)C[C@@H](C(=O)N[C@@H](C[C@@H]1CCNC1=O)C(=O)C2=NC3=CC=CC=C3S2)NC(=O)C4=CC5=C(N4)C=CC=C5OC,Active,,,,Ki,,0.0063,6.3,,,,P0C6X7,BDBM429242,Replicase polyprotein 1ab
306,434318762,15110210,C1=CC=C(C=C1)COC(=O)N[C@@H](CC2=CNC3=CC=CC=C32)[C@H]([C@@H]([C@H](CC4=CNC5=CC=CC=C54)NC(=O)OCC6=CC=CC=C6)O)O,Active,,,,Ki,,0.34,340,,,,P0C6X7,BDBM429252,Replicase polyprotein 1ab
307,434318780,5281696,COC1=CC=C(C=C1)C2=CC(=O)C3=C(O2)C(=C(C=C3O)O)C4=C(C=CC(=C4)C5=CC(=O)C6=C(C=C(C=C6O5)OC)O)OC,Inactive,,,,IC50,,38.4,,38400,,,P0C6X7,BDBM429270,Replicase polyprotein 1ab
308,434318780,5281696,COC1=CC=C(C=C1)C2=CC(=O)C3=C(O2)C(=C(C=C3O)O)C4=C(C=CC(=C4)C5=CC(=O)C6=C(C=C(C=C6O5)OC)O)OC,Inactive,,,,Ki,,35.6,35600,,,,P0C6X7,BDBM429270,Replicase polyprotein 1ab
309,434318781,5271805,COC1=C(C=C(C=C1)C2=CC(=O)C3=C(C=C(C=C3O2)OC)O)C4=C(C=C(C5=C4OC(=CC5=O)C6=CC=C(C=C6)O)O)O,Inactive,,,,IC50,,32,,32000,,,P0C6X7,BDBM429271,Replicase polyprotein 1ab
310,434318781,5271805,COC1=C(C=C(C=C1)C2=CC(=O)C3=C(C=C(C=C3O2)OC)O)C4=C(C=C(C5=C4OC(=CC5=O)C6=CC=C(C=C6)O)O)O,Inactive,,,,Ki,,30.2,30200,,,,P0C6X7,BDBM429271,Replicase polyprotein 1ab
311,434318809,2800278,C1=CSC(=C1)C(=O)OC2=CC(=CN=C2)Cl,Active,,,,IC50,,0.5,,500,,,P0C6X7,BDBM429299,Replicase polyprotein 1ab
312,434318809,2800278,C1=CSC(=C1)C(=O)OC2=CC(=CN=C2)Cl,Active,,,,IC50,,0.088,,88,,,P0DTD1,BDBM429299,Replicase polyprotein 1ab
313,434318813,25110701,C1=CC(=C2C=CNC2=C1)C(=O)OC3=CC(=CN=C3)Cl,Active,,,,EC50,,6.9,,,,6900,P0C6X7,BDBM429304,Replicase polyprotein 1ab
314,434318813,25110701,C1=CC(=C2C=CNC2=C1)C(=O)OC3=CC(=CN=C3)Cl,Active,,,,IC50,,0.03,,30,,,P0C6X7,BDBM429304,Replicase polyprotein 1ab
315,434318813,25110701,C1=CC(=C2C=CNC2=C1)C(=O)OC3=CC(=CN=C3)Cl,Active,,,,IC50,,0.313,,313,,,P0DTD1,BDBM429304,Replicase polyprotein 1ab
316,434318814,44580151,CC(=O)N1C=CC2=C(C=CC=C21)C(=O)OC3=CC(=CN=C3)Cl,Active,,,,IC50,,1.08,,1080,,,P0C6X7,BDBM429305,Replicase polyprotein 1ab
317,434318815,16204004,C1=CC2=C(C=CN2)C=C1C(=O)OC3=CC(=CN=C3)Cl,Active,,,,IC50,,1.93,,1930,,,P0DTD1,BDBM429306,Replicase polyprotein 1ab
318,434318828,154732755,C1=CC(=CC(=C1)[N+](=O)[O-])C2=NC(=NC(=O)C2C#N)SCC3=CC=C(C=C3)[N+](=O)[O-],Inactive,,,,IC50,,10.6,,10600,,,P0C6X7,BDBM429319,Replicase polyprotein 1ab
319,434318829,154732756,C1=CC(=CC=C1CSC2=NC(=O)C(C(=N2)C3=CC=C(C=C3)Cl)C#N)[N+](=O)[O-],Active,,,,IC50,,6.1,,6100,,,P0C6X7,BDBM429320,Replicase polyprotein 1ab
320,434318838,46897844,CC(C)(C)C1=CC=C(C=C1)N([C@H](C2=CN=CC=C2)C(=O)NC(C)(C)C)C(=O)C3=CC=CO3,Inactive,,,,EC50,,12.9,,,,12900,P0C6X7,BDBM429329,Replicase polyprotein 1ab
321,434318838,46897844,CC(C)(C)C1=CC=C(C=C1)N([C@H](C2=CN=CC=C2)C(=O)NC(C)(C)C)C(=O)C3=CC=CO3,Active,,,,IC50,,1.5,,1500,,,P0C6X7,BDBM429329,Replicase polyprotein 1ab
322,434318838,46897844,CC(C)(C)C1=CC=C(C=C1)N([C@H](C2=CN=CC=C2)C(=O)NC(C)(C)C)C(=O)C3=CC=CO3,Active,,,,IC50,,4.8,,4800,,,P0C6X7,BDBM429329,Replicase polyprotein 1ab
323,434318840,45489447,CC(C)(C)C1=CC=C(C=C1)N(C(C2=CN=CC=C2)C(=O)NC(C)(C)C)C(=O)C3=CN=CO3,Inactive,,,,IC50,,39,,39000,,,P0C6X7,BDBM429331,Replicase polyprotein 1ab
324,434318841,45489449,CC(C)(C)C1=CC=C(C=C1)N(C(C2=CN=CC=C2)C(=O)NC(C)(C)C)C(=O)C3=CC=CS3,Inactive,,,,IC50,,50,,50000,,,P0C6X7,BDBM429332,Replicase polyprotein 1ab
325,434318843,46897838,CC(C)(C)C1=CC=C(C=C1)N(C(C2=CN=CC=C2)C(=O)NC(C)(C)C)C(=O)C3=NC=CO3,Inactive,,,,IC50,,47,,47000,,,P0C6X7,BDBM429334,Replicase polyprotein 1ab
326,434318844,46897836,CC(C)(C)C1=CC=C(C=C1)N(C(C2=CN=CC=C2)C(=O)NC(C)(C)C)C(=O)C3=CC=C(O3)Cl,Active,,,,IC50,,5.2,,5200,,,P0C6X7,BDBM429335,Replicase polyprotein 1ab
327,434318845,51003643,CC(C)(C)C1=CC=C(C=C1)N(C(C2=CN=CC=C2)C(=O)NC(C)(C)C)C(=O)C3=CN(C=N3)C,Inactive,,,,IC50,,75,,75000,,,P0C6X7,BDBM429336,Replicase polyprotein 1ab
328,434318846,51003635,CC(C)(C)C1=CC=C(C=C1)N(C(C2=CN=NC=C2)C(=O)NC(C)(C)C)C(=O)C3=CC=CO3,Inactive,,,,IC50,,10,,10000,,,P0C6X7,BDBM429337,Replicase polyprotein 1ab
329,434318848,51003641,CC(C)(C)C1=CC=C(C=C1)N(C(C2=CC=NC=C2)C(=O)NC(C)(C)C)C(=O)C3=CC=CO3,Inactive,,,,IC50,,45,,45000,,,P0C6X7,BDBM429339,Replicase polyprotein 1ab
330,434318860,16682730,CC(=O)O[Hg]C1=CC=CC=C1,Active,,,,IC50,,0.4,,400,,,P0DTD1,BDBM429351,Replicase polyprotein 1ab
331,434318860,16682730,CC(=O)O[Hg]C1=CC=CC=C1,Active,,,,Ki,,0.11,110,,,,P0DTD1,BDBM429351,Replicase polyprotein 1ab
332,434318860,16682730,CC(=O)O[Hg]C1=CC=CC=C1,Active,,,,Ki,,0.7,700,,,,P0C6X7,BDBM429351,Replicase polyprotein 1ab
333,434318864,61753,CCN(C1=CC=CC=C1)C(=S)[S-].CCN(C1=CC=CC=C1)C(=S)[S-].[Zn+2],Active,,,,Ki,,1,1000,,,,P0C6X7,BDBM429355,Replicase polyprotein 1ab
334,434318866,154732777,C(C(C(=O)O)[NH-])C(=O)O.C(C(C(=O)O)[NH-])C(=O)O.[Zn+2],Active,,,,Ki,,0.05,50,,,,P0C6X7,BDBM429357,Replicase polyprotein 1ab
335,434318869,5742801,B(C1=CC(=CC(=C1)[N+](=O)[O-])C(=O)NC2=CC=C(C=C2)NC(=O)C3=CC(=CC(=C3)B(O)O)[N+](=O)[O-])(O)O,Active,,,,Ki,,0.04,40,,,,P0C6X7,BDBM429360,Replicase polyprotein 1ab
336,434318908,71739982,CC(C)C[C@@H](C(=O)N[C@@H](C[C@@H]1CCNC1=O)C(=O)C2=NC3=CC=CC=C3S2)NC(=O)CNC4=CC(=CC=C4)OC,Active,,,,Ki,,0.39,390,,,,P0C6X7,BDBM429399,Replicase polyprotein 1ab
337,434318917,154732803,CC(C)C[C@@H](C(=O)N[C@@H](C[C@@H]1CCNC1=O)C(=O)C[N+]2=NC(=O)C3=CC=CC=C3C2=O)NC(=O)[C@H](C(C)OCC4=CC=CC=C4)NC(=O)[C@H](C(C)C)NC(=O)C,Active,,,,IC50,,2.7,,2700,,,P0C6X7,BDBM429408,Replicase polyprotein 1ab
338,434318918,154732804,CC(C)C[C@@H](C(=O)N[C@@H](C[C@@H]1CCNC1=O)C(=O)C[N+]2=NC(=O)C3=CC=CC=C3C2=O)NC(=O)[C@H](C(C)O)NC(=O)[C@H](C(C)C)NC(=O)C,Active,,,,IC50,,2.9,,2900,,,P0C6X7,BDBM429409,Replicase polyprotein 1ab
339,434318926,15959239,C1=CC=C2C(=C1)N=NN2OC(=O)C3=CC4=C(C=C3)N=CN4,Active,,,,Ki,,0.023,23,,,,P0C6X7,BDBM429417,Replicase polyprotein 1ab
340,434318934,44580739,C1=CC(=CC2=C1C=CN2)C(=O)OC3=CC(=CN=C3)Cl,Active,,,,IC50,,0.23,,230,,,P0C6X7,BDBM429425,Replicase polyprotein 1ab
341,434318934,44580739,C1=CC(=CC2=C1C=CN2)C(=O)OC3=CC(=CN=C3)Cl,Active,,,,IC50,,0.586,,586,,,P0DTD1,BDBM429425,Replicase polyprotein 1ab
342,434318935,44580152,C1=CC2=C(C(=C1)C(=O)OC3=CC(=CN=C3)Cl)NC=C2,Inactive,,,,EC50,,12.1,,,,12100,P0C6X7,BDBM429426,Replicase polyprotein 1ab
343,434318935,44580152,C1=CC2=C(C(=C1)C(=O)OC3=CC(=CN=C3)Cl)NC=C2,Active,,,,IC50,,0.08,,80,,,P0C6X7,BDBM429426,Replicase polyprotein 1ab
344,434318935,44580152,C1=CC2=C(C(=C1)C(=O)OC3=CC(=CN=C3)Cl)NC=C2,Active,,,,IC50,,0.056,,56,,,P0DTD1,BDBM429426,Replicase polyprotein 1ab
345,434318937,25147562,C1=CC(=CC=C1C2=CC=C(O2)C(=O)CC3=CC(=CN=C3)Br)Cl,Inactive,,,,IC50,,13,,13000,,,P0C6X7,BDBM429428,Replicase polyprotein 1ab
346,434318938,25147563,C1=CC(=CC=C1C2=CC=C(O2)C(=O)C(C3=CC(=CN=C3)Br)F)Cl,Inactive,,,,IC50,,28,,28000,,,P0C6X7,BDBM429429,Replicase polyprotein 1ab
347,434318939,154732807,C1=CC(=CC=C1C2=CC=C(O2)C(=O)C(C3=CC(=CN=C3)Br)(F)F)Cl,Inactive,,,,IC50,,57,,57000,,,P0C6X7,BDBM429430,Replicase polyprotein 1ab
348,434318947,11840037,C1=CC(=CC=C1C2C(C(=NN2C3=CC(=C(C=C3)Cl)Cl)C4=CC=C(C=C4)Br)N5C=CN=C5)Cl,Active,,,,IC50,,2.5,,2500,,,P0C6X7,BDBM429438,Replicase polyprotein 1ab
349,434318965,51003636,CC(C)(C)C1=CC=C(C=C1)N(C(C2=NC=CN=C2)C(=O)NC(C)(C)C)C(=O)C3=CC=CO3,Active,,,,IC50,,5.5,,5500,,,P0C6X7,BDBM429456,Replicase polyprotein 1ab
350,434318968,45382032,CC(C)C(=O)NC1=CC=C(C=C1)N(C(C2=CSC=C2)C(=O)NC(C)(C)C)C(=O)CN3C4=CC=CC=C4N=N3,Active,,,,IC50,,4.1,,4100,,,P0C6X7,BDBM429459,Replicase polyprotein 1ab
351,434318969,46861523,CC(C)(C)NC(=O)C(C1=CSC=C1)N(C2=CC=C(C=C2)NC(=O)C3CCC3)C(=O)CN4C5=CC=CC=C5N=N4,Active,,,,IC50,,3.8,,3800,,,P0C6X7,BDBM429460,Replicase polyprotein 1ab
352,434318970,56932132,CCC(=O)NC1=CC=C(C=C1)N(CC2=CSC=C2)C(=O)CN3C4=CC=CC=C4N=N3,Active,,,,IC50,,2.9,,2900,,,P0C6X7,BDBM429461,Replicase polyprotein 1ab
353,434318971,46861533,CC(C)C(=O)NC1=CC=C(C=C1)N(CC2=CSC=C2)C(=O)CN3C4=CC=CC=C4N=N3,Active,,,,IC50,,3.6,,3600,,,P0C6X7,BDBM429462,Replicase polyprotein 1ab
354,434318973,56973495,C1=CC=C2C(=C1)N=NN2CC(=O)N(CC3=CSC=C3)C4=CC=C(C=C4)C5=CN=CC=C5,Active,,,,IC50,,0.97,,970,,,P0C6X7,BDBM429464,Replicase polyprotein 1ab
355,434318974,56973489,C1=CC=C(C=C1)C2=CC=C(C=C2)N(CC3=CSC=C3)C(=O)CN4C5=CC=CC=C5N=N4,Active,,,,IC50,,0.051,,51,,,P0C6X7,BDBM429465,Replicase polyprotein 1ab
356,434318975,5281600,C1=CC(=CC=C1C2=CC(=O)C3=C(O2)C(=C(C=C3O)O)C4=C(C=CC(=C4)C5=CC(=O)C6=C(C=C(C=C6O5)O)O)O)O,Active,,,,IC50,,8.3,,8300,,,P0C6X7,BDBM429466,Replicase polyprotein 1ab
357,434318975,5281600,C1=CC(=CC=C1C2=CC(=O)C3=C(O2)C(=C(C=C3O)O)C4=C(C=CC(=C4)C5=CC(=O)C6=C(C=C(C=C6O5)O)O)O)O,Inactive,,,,Ki,,13.8,13800,,,,P0C6X7,BDBM429466,Replicase polyprotein 1ab
358,440732337,4971,CC1=C(C2=CC3=NC(=CC4=NC(=CC5=C(C(=C(N5)C=C1N2)C=C)C)C(=C4CCC(=O)O)C)C(=C3C)CCC(=O)O)C=C,Inactive,,,,IC50,,23,,23000,,,P0DTD1,BDBM50523755,Replicase polyprotein 1ab
359,440743352,13713086,C1=CC=C2C(=C1)C(=O)N([Se]2)CCC(=O)O,Active,,,,IC50,,0.35,,350,,,P0DTD1,BDBM50534770,Replicase polyprotein 1ab
360,440827663,5311161,C[C@@H](C(=O)CF)NC(=O)[C@H](CC1=CC=CC=C1)NC(=O)OCC2=CC=CC=C2,Inactive,,,,Ki,,64,64000,,,,P0C6X7,BDBM50536839,Replicase polyprotein 1ab
361,442077006,71739586,CC(C)C[C@@H](C(=O)N[C@@H](C[C@@H]1CCNC1=O)C(=O)C2=NC3=CC=CC=C3S2)NC(=O)OCC4=CC=CC=C4,Active,,,,Ki,,0.42,420,,,,P0C6X7,BDBM476980,Replicase polyprotein 1ab
362,442077009,54752934,CC(C)C[C@@H](C(=O)N[C@@H](CC1CCNC1=O)C=O)NC(=O)OCC2=CC=CC=C2,Active,,,,EC50,,1.5,,,,1500,P0DTD1,BDBM476983,Replicase polyprotein 1ab
363,442077009,54752934,CC(C)C[C@@H](C(=O)N[C@@H](CC1CCNC1=O)C=O)NC(=O)OCC2=CC=CC=C2,Active,,,,IC50,,0.07,,70,,,P0C6X7,BDBM476983,Replicase polyprotein 1ab
364,442077009,54752934,CC(C)C[C@@H](C(=O)N[C@@H](CC1CCNC1=O)C=O)NC(=O)OCC2=CC=CC=C2,Active,,,,IC50,,0.4,,400,,,P0DTD1,BDBM476983,Replicase polyprotein 1ab
365,442138937,46861530,C1CC1C(=O)NC2=CC=C(C=C2)N(CC3=CSC=C3)C(=O)CN4C5=CC=CC=C5N=N4,Active,,,,IC50,,4.1,,4100,,,P0C6X7,BDBM479369,Replicase polyprotein 1ab
366,442139042,56973498,C1=CC=C2C(=C1)N=NN2CC(=O)N(CC3=CSC=C3)C4=CC=C(C=C4)C5=CC=NC=C5,Active,,,,IC50,,2,,2000,,,P0C6X7,BDBM479476,Replicase polyprotein 1ab
367,442139043,56973497,COC1=C(C=CC=N1)C2=CC=C(C=C2)N(CC3=CSC=C3)C(=O)CN4C5=CC=CC=C5N=N4,Active,,,,IC50,,0.7,,700,,,P0C6X7,BDBM479477,Replicase polyprotein 1ab
368,442142058,145962383,C1=CC(=CC=C1SSC2=NC=CS2)Cl,Active,,,,IC50,,1.871,,1871,,,P0C6X7,BDBM50540495,Replicase polyprotein 1ab
369,447115006,56973493,CNC1=CC=C(C=C1)N(CC2=CSC=C2)C(=O)CN3C4=CC=CC=C4N=N3,Active,,,,IC50,,2.1,,2100,,,P0C6X7,BDBM496556,Replicase polyprotein 1ab
370,447115047,156907189,COC1=CC=CC=C1OCCNC(=O)C2=CC(=O)N=C3C2C=CC(=C3)F,Inactive,,,,IC50,,18.2,,18200,,,P0DTD1,BDBM496597,Replicase polyprotein 1ab
371,447115047,156907189,COC1=CC=CC=C1OCCNC(=O)C2=CC(=O)N=C3C2C=CC(=C3)F,Active,,,,Ki,,8.65,8650,,,,P0DTD1,BDBM496597,Replicase polyprotein 1ab
372,447115137,,,Active,,,,IC50,,0.51,,510,,,P0DTD1,BDBM496687,Replicase polyprotein 1ab
373,447115138,6104,C([C@@H]1[C@H]([C@@H]([C@H]([C@H](O1)[S-])O)O)O)O.[Au+],Inactive,,,,IC50,,13.32,,13320,,,P0DTD1,BDBM496688,Replicase polyprotein 1ab
374,447115149,16226903,C1CN(CCN1C(=O)CCl)S(=O)(=O)C2=CC=CS2,Active,,,,IC50,,5.95,,5950,,,P0DTD1,BDBM496699,Replicase polyprotein 1ab
375,447115152,50988459,C1CN(CCN1CC2=CSC=C2)C(=O)CCl,Inactive,,,,IC50,,14.4,,14400,,,P0DTD1,BDBM496702,Replicase polyprotein 1ab
376,447115351,3776668,CC1=NOC(=C1[N+](=O)[O-])NC(=O)C2=CC=C(S2)C3=CC(=NN3C)C(F)(F)F,Active,,,,IC50,,5,,5000,,,P0C6X7,BDBM496908,Replicase polyprotein 1ab
377,447115352,15959287,CCOC(=O)/C=C/[C@H](C[C@@H]1CCNC1=O)NC(=O)[C@H](CC(C)C)NC(=O)[C@H](C(C)C)NC(=O)[C@H](C)NC(=O)C2=NOC(=C2)C,Inactive,,,,Ki,,10.7,10700,,,,P0C6X7,BDBM496911,Replicase polyprotein 1ab
378,447115367,145963636,CC1=CC=C(C=C1)SSC2=NC=CS2,Active,,,,IC50,,1.25,,1250,,,P0C6X7,BDBM496934,Replicase polyprotein 1ab
379,447115368,145963050,CC(=O)NC1=CN=C(S1)SSC2=CC=CC=C2[N+](=O)[O-],Active,,,,IC50,,1.947,,1947,,,P0C6X7,BDBM496935,Replicase polyprotein 1ab
380,447115369,145960518,C1=CC=C(C(=C1)[N+](=O)[O-])SSC2=NC=CS2,Active,,,,IC50,,2.029,,2029,,,P0C6X7,BDBM496936,Replicase polyprotein 1ab
381,447115371,145961686,C1=CC(=CC=C1F)SSC2=NC=CS2,Active,,,,IC50,,2.211,,2211,,,P0C6X7,BDBM496938,Replicase polyprotein 1ab
382,459280336,154699460,CCCCC1CCC(CC1)OC(=O)N[C@@H](CC(C)C)C(=O)N[C@@H](C[C@@H]2CCNC2=O)C=O,Active,,,,EC50,,0.15,,,,150,P0DTD1,BDBM509972,Replicase polyprotein 1ab
383,459280336,154699460,CCCCC1CCC(CC1)OC(=O)N[C@@H](CC(C)C)C(=O)N[C@@H](C[C@@H]2CCNC2=O)C=O,Active,,,,IC50,,0.9,,900,,,P0C6X7,BDBM509972,Replicase polyprotein 1ab
384,459280336,154699460,CCCCC1CCC(CC1)OC(=O)N[C@@H](CC(C)C)C(=O)N[C@@H](C[C@@H]2CCNC2=O)C=O,Active,,,,IC50,,0.17,,170,,,P0DTD1,BDBM509972,Replicase polyprotein 1ab
385,459280337,154699461,CC(C)C[C@@H](C(=O)N[C@@H](C[C@@H]1CCNC1=O)C=O)NC(=O)OCC2CCC(CC2)(F)F,Active,,,,EC50,,0.8,,,,800,P0DTD1,BDBM509973,Replicase polyprotein 1ab
386,459280337,154699461,CC(C)C[C@@H](C(=O)N[C@@H](C[C@@H]1CCNC1=O)C=O)NC(=O)OCC2CCC(CC2)(F)F,Active,,,,IC50,,1.2,,1200,,,P0C6X7,BDBM509973,Replicase polyprotein 1ab
387,459280337,154699461,CC(C)C[C@@H](C(=O)N[C@@H](C[C@@H]1CCNC1=O)C=O)NC(=O)OCC2CCC(CC2)(F)F,Active,,,,IC50,,0.48,,480,,,P0DTD1,BDBM509973,Replicase polyprotein 1ab
388,459629650,11670042,CC(C)CC(C(=O)NC(CC1CCNC1=O)C(=O)CO)NC(=O)C2=CC3=C(N2)C=CC=C3OC,Active,,,,EC50,,4.8,,,,4800,P0C6X7,BDBM512404,Replicase polyprotein 1ab
389,459629650,11670042,CC(C)CC(C(=O)NC(CC1CCNC1=O)C(=O)CO)NC(=O)C2=CC3=C(N2)C=CC=C3OC,Active,,,,IC50,,0.004,,4,,,P0C6X7,BDBM512404,Replicase polyprotein 1ab
390,459629650,11670042,CC(C)CC(C(=O)NC(CC1CCNC1=O)C(=O)CO)NC(=O)C2=CC3=C(N2)C=CC=C3OC,Active,,,,IC50,,0.00027,,0.27,,,P0DTD1,BDBM512404,Replicase polyprotein 1ab
391,459629651,162533582,CC(C)C[C@H](C(=O)N[C@H](C[C@H]1CCNC1=O)C(=O)C2=NC3=CC=CC=C3S2)NC(=O)[C@@H](C(C)C)NC(=O)COC4=CC=CC(=C4)N(C)C,Active,,,,Ki,,0.003,3,,,,P0C6X7,BDBM512405,Replicase polyprotein 1ab
392,459629652,162533583,CC(C)C[C@H](C(=O)N[C@H](C[C@H]1CCNC1=O)C(=O)C2=NC3=CC=CC=C3S2)NC(=O)[C@@H](C(C)C)NC(=O)OCC4=CC=CC=C4,Active,,,,IC50,,1.7,,1700,,,P0C6X7,BDBM512406,Replicase polyprotein 1ab
393,459629652,162533583,CC(C)C[C@H](C(=O)N[C@H](C[C@H]1CCNC1=O)C(=O)C2=NC3=CC=CC=C3S2)NC(=O)[C@@H](C(C)C)NC(=O)OCC4=CC=CC=C4,Active,,,,Ki,,0.0041,4.1,,,,P0C6X7,BDBM512406,Replicase polyprotein 1ab
394,459629654,73019534,CC(C)(C)CC(C(=O)NC(CC1CCNC1=O)C(=O)CO)NC(=O)C2=CC3=C(N2)C=CC=C3OC,Inactive,,,,EC50,,10,,,,10000,P0C6X7,BDBM512408,Replicase polyprotein 1ab
395,459629654,73019534,CC(C)(C)CC(C(=O)NC(CC1CCNC1=O)C(=O)CO)NC(=O)C2=CC3=C(N2)C=CC=C3OC,Active,,,,IC50,,0.007,,7,,,P0C6X7,BDBM512408,Replicase polyprotein 1ab
396,459629656,162533585,CC(C)C[C@H](C(=O)N[C@H](C[C@H]1CCNC1=O)C(=O)C2=NC3=CC=CC=C3S2)NC(=O)[C@@H](C(C)C)NC(=O)COC4=CC=C(C=C4)O,Active,,,,IC50,,1.2,,1200,,,P0C6X7,BDBM512410,Replicase polyprotein 1ab
397,459629656,162533585,CC(C)C[C@H](C(=O)N[C@H](C[C@H]1CCNC1=O)C(=O)C2=NC3=CC=CC=C3S2)NC(=O)[C@@H](C(C)C)NC(=O)COC4=CC=C(C=C4)O,Active,,,,Ki,,0.011,11,,,,P0C6X7,BDBM512410,Replicase polyprotein 1ab
398,459629661,162533590,CC(C)C[C@H](C(=O)N[C@H](C[C@H]1CCNC1=O)C(=O)C2=NC3=CC=CC=C3S2)NC(=O)[C@@H](C(C)C)NC(=O)COC4=CC=C(C=C4)OC,Active,,,,IC50,,0.92,,920,,,P0C6X7,BDBM512415,Replicase polyprotein 1ab
399,459629661,162533590,CC(C)C[C@H](C(=O)N[C@H](C[C@H]1CCNC1=O)C(=O)C2=NC3=CC=CC=C3S2)NC(=O)[C@@H](C(C)C)NC(=O)COC4=CC=C(C=C4)OC,Active,,,,Ki,,0.014,14,,,,P0C6X7,BDBM512415,Replicase polyprotein 1ab
400,459629662,73024995,CC(C)CC(C(=O)NC(CC1CCNC1=O)C(=O)COC(=O)C2=CC=CC=C2C#N)NC(=O)C3=CC4=C(N3)C=CC=C4OC,Active,,,,IC50,,0.017,,17,,,P0C6X7,BDBM512416,Replicase polyprotein 1ab
401,459629665,73043845,CCCCC(C(=O)NC(CC1CCNC1=O)C(=O)CO)NC(=O)C2=CC3=C(N2)C=CC=C3OC,Inactive,,,,EC50,,10,,,,10000,P0C6X7,BDBM512419,Replicase polyprotein 1ab
402,459629665,73043845,CCCCC(C(=O)NC(CC1CCNC1=O)C(=O)CO)NC(=O)C2=CC3=C(N2)C=CC=C3OC,Active,,,,IC50,,0.02,,20,,,P0C6X7,BDBM512419,Replicase polyprotein 1ab
403,459629666,73060970,CC(C)(C)CC(C(=O)NC(CC1CCNC1=O)C(=O)CO)NC(=O)C2=CC3=CC=CC=C3N2,Inactive,,,,EC50,,17,,,,17000,P0C6X7,BDBM512420,Replicase polyprotein 1ab
404,459629666,73060970,CC(C)(C)CC(C(=O)NC(CC1CCNC1=O)C(=O)CO)NC(=O)C2=CC3=CC=CC=C3N2,Active,,,,IC50,,0.02,,20,,,P0C6X7,BDBM512420,Replicase polyprotein 1ab
405,459629667,72708426,CC(C)C[C@@H](C(=O)N[C@@H](C[C@@H]1CCNC1=O)C(=O)C2=NC3=CC=CC=C3S2)NC(=O)C4=NC5=CC=CC=C5N4,Active,,,,Ki,,0.022,22,,,,P0C6X7,BDBM512421,Replicase polyprotein 1ab
406,459629668,162533593,CC(C)C[C@H](C(=O)N[C@H](C[C@H]1CCNC1=O)C(=O)C2=NC3=CC=CC=C3S2)NC(=O)[C@@H](C(C)C)NC(=O)COC4=CC=CC=C4,Active,,,,IC50,,2.3,,2300,,,P0C6X7,BDBM512422,Replicase polyprotein 1ab
407,459629668,162533593,CC(C)C[C@H](C(=O)N[C@H](C[C@H]1CCNC1=O)C(=O)C2=NC3=CC=CC=C3S2)NC(=O)[C@@H](C(C)C)NC(=O)COC4=CC=CC=C4,Active,,,,Ki,,0.022,22,,,,P0C6X7,BDBM512422,Replicase polyprotein 1ab
408,459629670,72708423,CC(C)C[C@@H](C(=O)N[C@@H](C[C@@H]1CCNC1=O)C(=O)C2=NC3=CC=CC=C3S2)NC(=O)C4=CC5=C(N4)C=CC=C5O,Active,,,,Ki,,0.026,26,,,,P0C6X7,BDBM512424,Replicase polyprotein 1ab
409,459629671,72708329,CC(C)C[C@@H](C(=O)N[C@@H](C[C@@H]1CCNC1=O)C(=O)C2=NC3=CC=CC=C3S2)NC(=O)C4=CC5=C(N4)C=CC(=C5)Cl,Active,,,,Ki,,0.028,28,,,,P0C6X7,BDBM512425,Replicase polyprotein 1ab
410,459629675,72708379,CC(C)C[C@@H](C(=O)N[C@@H](C[C@@H]1CCNC1=O)C(=O)C2=NC3=CC=CC=C3S2)NC(=O)C4=CC5=C(N4)C=CC=C5OCC(C)C,Active,,,,Ki,,0.03,30,,,,P0C6X7,BDBM512429,Replicase polyprotein 1ab
411,459629677,73041482,CC(C)CCC(C(=O)NC(CC1CCNC1=O)C(=O)CO)NC(=O)C2=CC3=C(N2)C=CC=C3OC,Inactive,,,,EC50,,33,,,,33000,P0C6X7,BDBM512431,Replicase polyprotein 1ab
412,459629677,73041482,CC(C)CCC(C(=O)NC(CC1CCNC1=O)C(=O)CO)NC(=O)C2=CC3=C(N2)C=CC=C3OC,Active,,,,IC50,,0.034,,34,,,P0C6X7,BDBM512431,Replicase polyprotein 1ab
413,459629678,77826014,CC(C)(C)CC(C(=O)NC(CC1CCNC1=O)C(=O)COC)NC(=O)C2=CC3=C(N2)C=CC=C3OC,Inactive,,,,EC50,,32,,,,32000,P0C6X7,BDBM512432,Replicase polyprotein 1ab
414,459629678,77826014,CC(C)(C)CC(C(=O)NC(CC1CCNC1=O)C(=O)COC)NC(=O)C2=CC3=C(N2)C=CC=C3OC,Active,,,,IC50,,0.035,,35,,,P0C6X7,BDBM512432,Replicase polyprotein 1ab
415,459629679,73010017,CC(C)CC(C(=O)NC(CC1CCNC1=O)C(=O)CO)NC(=O)C2=CC3=CC=CC=C3N2,Inactive,,,,EC50,,20,,,,20000,P0C6X7,BDBM512433,Replicase polyprotein 1ab
416,459629679,73010017,CC(C)CC(C(=O)NC(CC1CCNC1=O)C(=O)CO)NC(=O)C2=CC3=CC=CC=C3N2,Active,,,,IC50,,0.038,,38,,,P0C6X7,BDBM512433,Replicase polyprotein 1ab
417,459629682,49867916,CC(C)C[C@@H](C(=O)N[C@H](CCC(=O)C)C[C@@H]1CCNC1=O)NC(=O)[C@H](CNC(=O)C(C)(C)C)NC(=O)OCC2=CC=CC=C2,Active,,,,Ki,,0.038,38,,,,P0C6X7,BDBM512436,Replicase polyprotein 1ab
418,459629685,73048827,COC1=CC=CC2=C1C=C(N2)C(=O)NC(CC3CCCCC3)C(=O)NC(CC4CCNC4=O)C(=O)CO,Inactive,,,,EC50,,14,,,,14000,P0C6X7,BDBM512439,Replicase polyprotein 1ab
419,459629685,73048827,COC1=CC=CC2=C1C=C(N2)C(=O)NC(CC3CCCCC3)C(=O)NC(CC4CCNC4=O)C(=O)CO,Active,,,,IC50,,0.044,,44,,,P0C6X7,BDBM512439,Replicase polyprotein 1ab
420,459629687,162533603,C1=CC2=C(C=CC(=C2)Br)C=C1CN3C4=C(C=C(C=C4)C(=O)N)C(=O)C3=O,Active,,,,IC50,,0.047,,47,,,P0DTD1,BDBM512441,Replicase polyprotein 1ab
421,459629688,162533604,CC(C)C[C@@H](C(=O)N[C@@H](C[C@@H]1CCNC1=O)C(=O)C2=NC3=CC=CC=C3S2)NC(=O)C4=CC5=C(N4)C=CC(=C5)OC(C)C,Active,,,,Ki,,0.048,48,,,,P0C6X7,BDBM512442,Replicase polyprotein 1ab
422,459629692,162533608,CC([C@@H](C(=O)N[C@@H](CNC1CCCCC1)C(=O)N[C@@H](C[C@@H]2CCNC2=O)C=O)NC(=O)OCC3=CC=CC=C3)OC(C)(C)C,Active,,,,EC50,,0.6,,,,600,P0C6X7,BDBM512446,Replicase polyprotein 1ab
423,459629692,162533608,CC([C@@H](C(=O)N[C@@H](CNC1CCCCC1)C(=O)N[C@@H](C[C@@H]2CCNC2=O)C=O)NC(=O)OCC3=CC=CC=C3)OC(C)(C)C,Active,,,,Ki,,0.053,53,,,,P0C6X7,BDBM512446,Replicase polyprotein 1ab
424,459629694,73000520,CC(C)CC(C(=O)NC(CC1CCNC1=O)C(=O)COC(=O)C2=CC=C(C=C2)C#N)NC(=O)C3=CC4=C(N3)C=CC=C4OC,Inactive,,,,EC50,,31,,,,31000,P0C6X7,BDBM512448,Replicase polyprotein 1ab
425,459629694,73000520,CC(C)CC(C(=O)NC(CC1CCNC1=O)C(=O)COC(=O)C2=CC=C(C=C2)C#N)NC(=O)C3=CC4=C(N3)C=CC=C4OC,Active,,,,IC50,,0.053,,53,,,P0C6X7,BDBM512448,Replicase polyprotein 1ab
426,459629695,73034188,CC(C)CC(C(=O)NC(CC1CCNC1=O)C(=O)COC)NC(=O)C2=CC3=C(N2)C=CC=C3OC,Active,,,,IC50,,0.053,,53,,,P0C6X7,BDBM512449,Replicase polyprotein 1ab
427,459629696,501955,C1=CC=C2C(=C1)C=C(S2)CN3C4=C(C=C(C=C4)C(=O)N)C(=O)C3=O,Active,,,,IC50,,0.053,,53,,,P0DTD1,BDBM512450,Replicase polyprotein 1ab
428,459629699,16204418,C1=CC(=CC=C1C2=CC=C(O2)C(=O)OC3=CC(=CN=C3)Cl)[N+](=O)[O-],Active,,,,IC50,,0.06,,60,,,P0C6X7,BDBM512453,Replicase polyprotein 1ab
429,459629700,162533612,CC(C)C[C@H](C(=O)N[C@H](C[C@H]1CCNC1=O)C(=O)C2=NC=C(S2)C3=CC=CC=C3)NC(=O)[C@@H](C(C)C)NC(=O)OCC4=CC=CC=C4,Active,,,,Ki,,0.06,60,,,,P0C6X7,BDBM512454,Replicase polyprotein 1ab
430,459629702,162533614,C[C@@H](C(=O)N[C@@H](C(C)C)C(=O)N[C@@H](CC1CCCCC1)C(=O)N[C@@H](CC2=CN=C[NH2+]2)C=O)NC(=O)[C@H](CO)NC(=O)C,Active,,,,IC50,,0.065,,65,,,P0C6X7,BDBM512456,Replicase polyprotein 1ab
431,459629704,72708326,CC(C)C[C@@H](C(=O)N[C@@H](C[C@@H]1CCNC1=O)C(=O)C2=NC3=CC=CC=C3S2)NC(=O)C4=CC5=CC=CC=C5N4,Active,,,,Ki,,0.065,65,,,,P0C6X7,BDBM512458,Replicase polyprotein 1ab
432,459629705,72708327,CC(C)C[C@@H](C(=O)N[C@@H](C[C@@H]1CCNC1=O)C(=O)C2=NC3=CC=CC=C3S2)NC(=O)C4=CC5=C(N4)C=CC(=C5)OC,Active,,,,Ki,,0.067,67,,,,P0C6X7,BDBM512459,Replicase polyprotein 1ab
433,459629706,129662117,CC(C)C(C(=O)N[C@@H](CC1=CNC2=CC=CC=C21)[C@H]([C@@H]([C@H](CC3=CNC4=CC=CC=C43)NC(=O)C(C(C)C)NC(=O)C(C)NC(=O)OCC5=CC=CC=C5)O)O)NC(=O)C(C)NC(=O)OCC6=CC=CC=C6,Active,,,,Ki,,0.073,73,,,,P0C6X7,BDBM512460,Replicase polyprotein 1ab
434,459629707,73014891,CC1=C(C(=CC=C1)C)C(=O)OCC(=O)C(CC2CCNC2=O)NC(=O)C(CC(C)C)NC(=O)C3=CC4=C(N3)C=CC=C4OC,Active,,,,IC50,,0.074,,74,,,P0C6X7,BDBM512461,Replicase polyprotein 1ab
435,459629708,73025005,CC(C)CC(C(=O)NC(CC1CCNC1=O)C(=O)COC(=O)C2=CC=C(C=C2)OC)NC(=O)C3=CC4=C(N3)C=CC=C4OC,Active,,,,IC50,,0.079,,79,,,P0C6X7,BDBM512462,Replicase polyprotein 1ab
436,459629710,73068450,CC(C)CC(C(=O)NC(CC1CCNC1=O)C(=O)COC(=O)C2=CC=C(C=C2)F)NC(=O)C3=CC4=C(N3)C=CC=C4OC,Active,,,,IC50,,0.082,,82,,,P0C6X7,BDBM512464,Replicase polyprotein 1ab
437,459629711,73024484,CC(C)CC(C(=O)NC(CC1CCNC1=O)C(=O)CO)N(C)C(=O)C2=CC3=C(N2)C=CC=C3OC,Inactive,,,,EC50,,19,,,,19000,P0C6X7,BDBM512465,Replicase polyprotein 1ab
438,459629711,73024484,CC(C)CC(C(=O)NC(CC1CCNC1=O)C(=O)CO)N(C)C(=O)C2=CC3=C(N2)C=CC=C3OC,Active,,,,IC50,,0.083,,83,,,P0C6X7,BDBM512465,Replicase polyprotein 1ab
439,459629712,73027301,CC(C)CC(C(=O)NC(CC1CCNC1=O)C(=O)COC(=O)C2=CC=CC=C2)NC(=O)C3=CC4=C(N3)C=CC=C4OC,Active,,,,IC50,,0.086,,86,,,P0C6X7,BDBM512466,Replicase polyprotein 1ab
440,459629713,73034675,CC1=CC=C(C=C1)C(=O)OCC(=O)C(CC2CCNC2=O)NC(=O)C(CC(C)C)NC(=O)C3=CC4=C(N3)C=CC=C4OC,Active,,,,IC50,,0.087,,87,,,P0C6X7,BDBM512467,Replicase polyprotein 1ab
441,459629715,44580738,C1=CC(=CC(=C1)S(=O)(=O)N2C=CC3=C2C=CC(=C3)C(=O)OC4=CC(=CN=C4)Cl)[N+](=O)[O-],Active,,,,IC50,,0.089,,89,,,P0C6X7,BDBM512469,Replicase polyprotein 1ab
442,459629716,73031386,CC(C)(C)CC(C(=O)NC(CC1CCNC1=O)C(=O)CO)NC(=O)C2CCCO2,Inactive,,,,EC50,,33,,,,33000,P0C6X7,BDBM512470,Replicase polyprotein 1ab
443,459629716,73031386,CC(C)(C)CC(C(=O)NC(CC1CCNC1=O)C(=O)CO)NC(=O)C2CCCO2,Active,,,,IC50,,0.091,,91,,,P0C6X7,BDBM512470,Replicase polyprotein 1ab
444,459629718,73037148,CC(C)CC(C(=O)NC(CC1CCNC1=O)C(=O)COC(=O)C2=CC=C(C=C2)Cl)NC(=O)C3=CC4=C(N3)C=CC=C4OC,Active,,,,IC50,,0.097,,97,,,P0C6X7,BDBM512472,Replicase polyprotein 1ab
445,459629719,162533619,C[C@H]([C@@H](C(=O)N[C@@H](C(C)C)C(=O)N[C@@H](CC1CCCCC1)C(=O)N[C@@H](CC2=CN=C[NH2+]2)C=O)NC(=O)C)O,Active,,,,IC50,,0.098,,98,,,P0C6X7,BDBM512473,Replicase polyprotein 1ab
446,459629720,49867917,C[C@H]([C@@H](C(=O)N[C@@H](CC(C)C)C(=O)N[C@H](CCC(=O)C1CC1)C[C@@H]2CCNC2=O)NC(=O)OCC3=CC=CC=C3)OC(C)(C)C,Active,,,,Ki,,0.099,99,,,,P0C6X7,BDBM512474,Replicase polyprotein 1ab
447,459629721,77826076,COC1=CC=CC2=C1C=C(N2)C(=O)NC(CC3=CC=CC=C3)C(=O)NC(CC4CCNC4=O)C(=O)CO,Inactive,,,,EC50,,47,,,,47000,P0C6X7,BDBM512475,Replicase polyprotein 1ab
448,459629721,77826076,COC1=CC=CC2=C1C=C(N2)C(=O)NC(CC3=CC=CC=C3)C(=O)NC(CC4CCNC4=O)C(=O)CO,Active,,,,IC50,,0.103,,103,,,P0C6X7,BDBM512475,Replicase polyprotein 1ab
449,459629722,73034096,CC(C)(C)CC(C(=O)NC(CC1CCNC1=O)C(=O)COC)NC(=O)C2=CC3=CC=CC=C3N2,Inactive,,,,EC50,,46,,,,46000,P0C6X7,BDBM512476,Replicase polyprotein 1ab
450,459629722,73034096,CC(C)(C)CC(C(=O)NC(CC1CCNC1=O)C(=O)COC)NC(=O)C2=CC3=CC=CC=C3N2,Active,,,,IC50,,0.105,,105,,,P0C6X7,BDBM512476,Replicase polyprotein 1ab
451,459629723,10804277,C1=CC=C2C(=C1)C=C(C(=O)O2)C(=O)OC3=CC(=CN=C3)Cl,Active,,,,IC50,,0.108,,108,,,P0C6X7,BDBM512477,Replicase polyprotein 1ab
452,459629725,72992186,CCOCC(=O)C(CC1CCNC1=O)NC(=O)C(CC(C)(C)C)NC(=O)C2=CC3=CC=CC=C3N2,Inactive,,,,EC50,,20,,,,20000,P0C6X7,BDBM512479,Replicase polyprotein 1ab
453,459629725,72992186,CCOCC(=O)C(CC1CCNC1=O)NC(=O)C(CC(C)(C)C)NC(=O)C2=CC3=CC=CC=C3N2,Active,,,,IC50,,0.112,,112,,,P0C6X7,BDBM512479,Replicase polyprotein 1ab
454,459629726,72708467,CC(C)C[C@@H](C(=O)N[C@@H](C[C@@H]1CCNC1=O)C(=O)C2=NC3=CC=CC=C3S2)NC(=O)C4CC5=CC=CC=C5N4,Active,,,,Ki,,0.12,120,,,,P0C6X7,BDBM512480,Replicase polyprotein 1ab
455,459629728,16204323,C1=CC(=C(C=C1Cl)[N+](=O)[O-])C2=CC=C(O2)C(=O)OC3=CC(=CN=C3)Cl,Active,,,,IC50,,0.122,,122,,,P0C6X7,BDBM512482,Replicase polyprotein 1ab
456,459629729,16203908,C1=CC=C2C(=C1)C=CC=C2C(=O)OC3=CC(=CN=C3)Cl,Active,,,,IC50,,0.124,,124,,,P0C6X7,BDBM512483,Replicase polyprotein 1ab
457,459629730,162533621,CC(C)CCC(C(=O)N[C@@H](C[C@@H]1CCNC1=O)C(=O)COC)N(C)C(=O)C2=CC3=CC=CC=C3N2,Inactive,,,,EC50,,45,,,,45000,P0C6X7,BDBM512484,Replicase polyprotein 1ab
458,459629730,162533621,CC(C)CCC(C(=O)N[C@@H](C[C@@H]1CCNC1=O)C(=O)COC)N(C)C(=O)C2=CC3=CC=CC=C3N2,Active,,,,IC50,,0.131,,131,,,P0C6X7,BDBM512484,Replicase polyprotein 1ab
459,459629731,75050612,CC(=O)N1CC2=CC=CC=C2CC1C(=O)OC3=CC(=CN=C3)Cl,Active,,,,IC50,,0.14,,140,,,P0C6X7,BDBM512485,Replicase polyprotein 1ab
460,459629732,137349627,CC(C)C[C@@H](C(=O)N[C@@H](C[C@@H]1CCNC1=O)[C@@H](O)S(=O)(=O)O)NC(=O)OCC2=CC=CC=C2,Active,,,,EC50,,0.92,,,,920,P0C6X7,BDBM512486,Replicase polyprotein 1ab
461,459629732,137349627,CC(C)C[C@@H](C(=O)N[C@@H](C[C@@H]1CCNC1=O)[C@@H](O)S(=O)(=O)O)NC(=O)OCC2=CC=CC=C2,Active,,,,IC50,,2.2,,2200,,,P0C6X7,BDBM512486,Replicase polyprotein 1ab
462,459629732,137349627,CC(C)C[C@@H](C(=O)N[C@@H](C[C@@H]1CCNC1=O)[C@@H](O)S(=O)(=O)O)NC(=O)OCC2=CC=CC=C2,Active,,,,IC50,,0.05,,50,,,P0C6X7,BDBM512486,Replicase polyprotein 1ab
463,459629732,137349627,CC(C)C[C@@H](C(=O)N[C@@H](C[C@@H]1CCNC1=O)[C@@H](O)S(=O)(=O)O)NC(=O)OCC2=CC=CC=C2,Active,,,,IC50,,0.62,,620,,,P0DTD1,BDBM512486,Replicase polyprotein 1ab
464,459629732,137349627,CC(C)C[C@@H](C(=O)N[C@@H](C[C@@H]1CCNC1=O)[C@@H](O)S(=O)(=O)O)NC(=O)OCC2=CC=CC=C2,Active,,,,IC50,,0.19,,190,,,P0DTD1,BDBM512486,Replicase polyprotein 1ab
465,459629732,137349627,CC(C)C[C@@H](C(=O)N[C@@H](C[C@@H]1CCNC1=O)[C@@H](O)S(=O)(=O)O)NC(=O)OCC2=CC=CC=C2,Active,,,,IC50,,0.03,,30,,,P0DTD1,BDBM512486,Replicase polyprotein 1ab
466,459629733,72708328,CC(C)C[C@@H](C(=O)N[C@@H](C[C@@H]1CCNC1=O)C(=O)C2=NC3=CC=CC=C3S2)NC(=O)C4=CC5=C(N4)C=CC(=C5)O,Active,,,,Ki,,0.16,160,,,,P0C6X7,BDBM512487,Replicase polyprotein 1ab
467,459629734,16203906,C1=CN=CC=C1C(=O)OC2=CC(=CN=C2)Cl,Active,,,,IC50,,0.164,,164,,,P0C6X7,BDBM512488,Replicase polyprotein 1ab
468,459629735,162533622,CC1(C2C1[C@@H](N(C2)C(=O)C3=CC4=CC=CC=C4C=C3)C(=O)N[C@@H](C[C@@H]5CCNC5=O)C=O)C,Active,,,,IC50,,0.453,,453,,,P0DTD1,BDBM512489,Replicase polyprotein 1ab
469,459629736,162533623,CC1(C2C1[C@@H](N(C2)C(=O)COC3=CC4=CC=CC=C4C=C3)C(=O)N[C@@H](C[C@@H]5CCNC5=O)C=O)C,Active,,,,IC50,,0.052,,52,,,P0DTD1,BDBM512490,Replicase polyprotein 1ab
470,459629737,162533624,CC1(C2C1[C@@H](N(C2)C(=O)CCC3=CC(=CC=C3)F)C(=O)N[C@@H](C[C@@H]4CCNC4=O)C=O)C,Active,,,,EC50,,2.23,,,,2230,P0DTD1,BDBM512491,Replicase polyprotein 1ab
471,459629737,162533624,CC1(C2C1[C@@H](N(C2)C(=O)CCC3=CC(=CC=C3)F)C(=O)N[C@@H](C[C@@H]4CCNC4=O)C=O)C,Active,,,,IC50,,0.017,,17,,,P0DTD1,BDBM512491,Replicase polyprotein 1ab
472,459629738,162533625,CC1(C2C1[C@@H](N(C2)C(=O)COC3=CC(=CC(=C3)F)F)C(=O)N[C@@H](C[C@@H]4CCNC4=O)C=O)C,Active,,,,EC50,,1.64,,,,1640,P0DTD1,BDBM512492,Replicase polyprotein 1ab
473,459629738,162533625,CC1(C2C1[C@@H](N(C2)C(=O)COC3=CC(=CC(=C3)F)F)C(=O)N[C@@H](C[C@@H]4CCNC4=O)C=O)C,Active,,,,IC50,,0.019,,19,,,P0DTD1,BDBM512492,Replicase polyprotein 1ab
474,459629739,162533626,CC1(C2C1[C@@H](N(C2)C(=O)COC3=CC(=C(C=C3)F)F)C(=O)N[C@@H](C[C@@H]4CCNC4=O)C=O)C,Active,,,,EC50,,5.57,,,,5570,P0DTD1,BDBM512493,Replicase polyprotein 1ab
475,459629739,162533626,CC1(C2C1[C@@H](N(C2)C(=O)COC3=CC(=C(C=C3)F)F)C(=O)N[C@@H](C[C@@H]4CCNC4=O)C=O)C,Active,,,,IC50,,0.013,,13,,,P0DTD1,BDBM512493,Replicase polyprotein 1ab
476,459629740,162533627,CC1(C2C1[C@@H](N(C2)C(=O)COC3=CC(=C(C=C3)OC)OC)C(=O)N[C@@H](C[C@@H]4CCNC4=O)C=O)C,Active,,,,EC50,,1.73,,,,1730,P0DTD1,BDBM512494,Replicase polyprotein 1ab
477,459629740,162533627,CC1(C2C1[C@@H](N(C2)C(=O)COC3=CC(=C(C=C3)OC)OC)C(=O)N[C@@H](C[C@@H]4CCNC4=O)C=O)C,Active,,,,IC50,,0.015,,15,,,P0DTD1,BDBM512494,Replicase polyprotein 1ab
478,459629741,162533628,CC1(C2C1[C@@H](N(C2)C(=O)COC3=CC=CC(=C3)C(F)(F)F)C(=O)N[C@@H](C[C@@H]4CCNC4=O)C=O)C,Inactive,,,,EC50,,16.95,,,,16950,P0DTD1,BDBM512495,Replicase polyprotein 1ab
479,459629741,162533628,CC1(C2C1[C@@H](N(C2)C(=O)COC3=CC=CC(=C3)C(F)(F)F)C(=O)N[C@@H](C[C@@H]4CCNC4=O)C=O)C,Active,,,,IC50,,0.043,,43,,,P0DTD1,BDBM512495,Replicase polyprotein 1ab
480,459629742,162533629,CC1(C2C1[C@@H](N(C2)C(=O)COC3=CC(=C(C=C3)OC)F)C(=O)N[C@@H](C[C@@H]4CCNC4=O)C=O)C,Active,,,,EC50,,4.68,,,,4680,P0DTD1,BDBM512496,Replicase polyprotein 1ab
481,459629742,162533629,CC1(C2C1[C@@H](N(C2)C(=O)COC3=CC(=C(C=C3)OC)F)C(=O)N[C@@H](C[C@@H]4CCNC4=O)C=O)C,Active,,,,IC50,,0.037,,37,,,P0DTD1,BDBM512496,Replicase polyprotein 1ab
482,459629743,162533630,CC1(C2C1[C@@H](N(C2)C(=O)COC3=CC=C(C=C3)OC(F)(F)F)C(=O)N[C@@H](C[C@@H]4CCNC4=O)C=O)C,Active,,,,EC50,,0.86,,,,860,P0DTD1,BDBM512497,Replicase polyprotein 1ab
483,459629743,162533630,CC1(C2C1[C@@H](N(C2)C(=O)COC3=CC=C(C=C3)OC(F)(F)F)C(=O)N[C@@H](C[C@@H]4CCNC4=O)C=O)C,Active,,,,IC50,,0.015,,15,,,P0DTD1,BDBM512497,Replicase polyprotein 1ab
484,459629744,162533631,CC1(C2C1[C@@H](N(C2)C(=O)COC3=CC(=C(C=C3)Cl)Br)C(=O)N[C@@H](C[C@@H]4CCNC4=O)C=O)C,Active,,,,IC50,,0.051,,51,,,P0DTD1,BDBM512498,Replicase polyprotein 1ab
485,459629745,162533632,CC1(C2C1[C@@H](N(C2)C(=O)COC3=C(C=C(C=C3)Br)Cl)C(=O)N[C@@H](C[C@@H]4CCNC4=O)C=O)C,Active,,,,EC50,,1.18,,,,1180,P0DTD1,BDBM512499,Replicase polyprotein 1ab
486,459629745,162533632,CC1(C2C1[C@@H](N(C2)C(=O)COC3=C(C=C(C=C3)Br)Cl)C(=O)N[C@@H](C[C@@H]4CCNC4=O)C=O)C,Active,,,,IC50,,0.013,,13,,,P0DTD1,BDBM512499,Replicase polyprotein 1ab
487,459629746,162533633,CC1(C2C1[C@@H](N(C2)C(=O)COC3=CC=C(C=C3)Cl)C(=O)N[C@@H](C[C@@H]4CCNC4=O)C=O)C,Active,,,,EC50,,1.53,,,,1530,P0DTD1,BDBM512500,Replicase polyprotein 1ab
488,459629746,162533633,CC1(C2C1[C@@H](N(C2)C(=O)COC3=CC=C(C=C3)Cl)C(=O)N[C@@H](C[C@@H]4CCNC4=O)C=O)C,Active,,,,IC50,,0.019,,19,,,P0DTD1,BDBM512500,Replicase polyprotein 1ab
489,459629747,162533634,CC1(C2C1[C@@H](N(C2)C(=O)COC3=CC(=C(C=C3)Cl)Cl)C(=O)N[C@@H](C[C@@H]4CCNC4=O)C=O)C,Active,,,,EC50,,2.08,,,,2080,P0DTD1,BDBM512501,Replicase polyprotein 1ab
490,459629747,162533634,CC1(C2C1[C@@H](N(C2)C(=O)COC3=CC(=C(C=C3)Cl)Cl)C(=O)N[C@@H](C[C@@H]4CCNC4=O)C=O)C,Active,,,,IC50,,0.012,,12,,,P0DTD1,BDBM512501,Replicase polyprotein 1ab
491,459629748,162533635,CC1(C2C1[C@@H](N(C2)C(=O)COC3=C(C=C(C=C3)Cl)Cl)C(=O)N[C@@H](C[C@@H]4CCNC4=O)C=O)C,Active,,,,EC50,,0.66,,,,660,P0DTD1,BDBM512502,Replicase polyprotein 1ab
492,459629748,162533635,CC1(C2C1[C@@H](N(C2)C(=O)COC3=C(C=C(C=C3)Cl)Cl)C(=O)N[C@@H](C[C@@H]4CCNC4=O)C=O)C,Active,,,,IC50,,0.013,,13,,,P0DTD1,BDBM512502,Replicase polyprotein 1ab
493,459629749,162533636,C1CC2CN([C@H](C2C1)C(=O)N[C@@H](C[C@@H]3CCNC3=O)C=O)C(=O)C4=CN=CC=C4,Active,,,,IC50,,0.749,,749,,,P0DTD1,BDBM512503,Replicase polyprotein 1ab
494,459629750,162533637,C1CC2CN([C@H](C2C1)C(=O)N[C@@H](C[C@@H]3CCNC3=O)C=O)C(=O)C4=CC5=CC=CC=C5N4,Active,,,,IC50,,0.153,,153,,,P0DTD1,BDBM512504,Replicase polyprotein 1ab
495,459629751,162533638,C1CC2CN([C@H](C2C1)C(=O)N[C@@H](C[C@@H]3CCNC3=O)C=O)C(=O)C4=NN5C=CC=CC5=C4,Active,,,,IC50,,0.299,,299,,,P0DTD1,BDBM512505,Replicase polyprotein 1ab
496,459629752,162533639,C1CC2CN([C@H](C2C1)C(=O)N[C@@H](C[C@@H]3CCNC3=O)C=O)C(=O)/C=C/C4=CC=CC=C4,Active,,,,IC50,,0.526,,526,,,P0DTD1,BDBM512506,Replicase polyprotein 1ab
497,459629753,162533640,COC1=CC(=C(C=C1)/C=C/C(=O)N2CC3CCCC3[C@@H]2C(=O)N[C@@H](C[C@@H]4CCNC4=O)C=O)OC,Active,,,,IC50,,0.196,,196,,,P0DTD1,BDBM512507,Replicase polyprotein 1ab
498,459629754,162533641,CN(C)C1=CC=C(C=C1)/C=C/C(=O)N2CC3CCCC3[C@@H]2C(=O)N[C@@H](C[C@@H]4CCNC4=O)C=O,Active,,,,IC50,,0.375,,375,,,P0DTD1,BDBM512508,Replicase polyprotein 1ab
499,459629755,162533642,C1CC2CN([C@H](C2C1)C(=O)N[C@@H](C[C@@H]3CCNC3=O)C=O)C(=O)CCC4=CC(=CC=C4)F,Active,,,,EC50,,2.97,,,,2970,P0DTD1,BDBM512509,Replicase polyprotein 1ab
500,459629755,162533642,C1CC2CN([C@H](C2C1)C(=O)N[C@@H](C[C@@H]3CCNC3=O)C=O)C(=O)CCC4=CC(=CC=C4)F,Active,,,,IC50,,0.0076,,7.6,,,P0DTD1,BDBM512509,Replicase polyprotein 1ab
501,459629756,162533643,C1CC2CN([C@H](C2C1)C(=O)N[C@@H](C[C@@H]3CCNC3=O)C=O)C(=O)CCC4=CC(=C(C=C4)F)F,Inactive,,,,EC50,,30.49,,,,30490,P0DTD1,BDBM512510,Replicase polyprotein 1ab
502,459629756,162533643,C1CC2CN([C@H](C2C1)C(=O)N[C@@H](C[C@@H]3CCNC3=O)C=O)C(=O)CCC4=CC(=C(C=C4)F)F,Active,,,,IC50,,0.017,,17,,,P0DTD1,BDBM512510,Replicase polyprotein 1ab
503,459629757,162533644,C1CC2CN([C@H](C2C1)C(=O)N[C@@H](C[C@@H]3CCNC3=O)C=O)C(=O)CCC4=CC(=CC(=C4)F)F,Active,,,,EC50,,5.63,,,,5630,P0DTD1,BDBM512511,Replicase polyprotein 1ab
504,459629757,162533644,C1CC2CN([C@H](C2C1)C(=O)N[C@@H](C[C@@H]3CCNC3=O)C=O)C(=O)CCC4=CC(=CC(=C4)F)F,Active,,,,IC50,,0.0076,,7.6,,,P0DTD1,BDBM512511,Replicase polyprotein 1ab
505,459629758,162533645,CN(C)C1=CC=C(C=C1)CCC(=O)N2CC3CCCC3[C@@H]2C(=O)N[C@@H](C[C@@H]4CCNC4=O)C=O,Active,,,,IC50,,0.378,,378,,,P0DTD1,BDBM512512,Replicase polyprotein 1ab
506,459629759,162533646,COC1=CC=C(C=C1)OCC(=O)N2CC3CCCC3[C@@H]2C(=O)N[C@@H](C[C@@H]4CCNC4=O)C=O,Inactive,,,,EC50,,24.72,,,,24720,P0DTD1,BDBM512513,Replicase polyprotein 1ab
507,459629759,162533646,COC1=CC=C(C=C1)OCC(=O)N2CC3CCCC3[C@@H]2C(=O)N[C@@H](C[C@@H]4CCNC4=O)C=O,Active,,,,IC50,,0.036,,36,,,P0DTD1,BDBM512513,Replicase polyprotein 1ab
508,459629760,162533647,CC(C(=O)N1CC2CCCC2[C@@H]1C(=O)N[C@@H](C[C@@H]3CCNC3=O)C=O)OC4=CC=C(C=C4)OC,Active,,,,IC50,,0.069,,69,,,P0DTD1,BDBM512514,Replicase polyprotein 1ab
509,459629761,162533648,C1CC2CN([C@H](C2C1)C(=O)N[C@@H](C[C@@H]3CCNC3=O)C=O)C(=O)COC4=CC5=C(C=C4)OCCO5,Active,,,,IC50,,0.094,,94,,,P0DTD1,BDBM512515,Replicase polyprotein 1ab
510,459629762,162533649,C1CC2CN([C@H](C2C1)C(=O)N[C@@H](C[C@@H]3CCNC3=O)C=O)C(=O)COC4=CC=C(C=C4)Cl,Active,,,,EC50,,0.67,,,,670,P0DTD1,BDBM512516,Replicase polyprotein 1ab
511,459629762,162533649,C1CC2CN([C@H](C2C1)C(=O)N[C@@H](C[C@@H]3CCNC3=O)C=O)C(=O)COC4=CC=C(C=C4)Cl,Active,,,,IC50,,0.0092,,9.2,,,P0DTD1,BDBM512516,Replicase polyprotein 1ab
512,459629763,162533650,C1CC2CN([C@H](C2C1)C(=O)N[C@@H](C[C@@H]3CCNC3=O)C=O)C(=O)COC4=C(C=C(C=C4)Cl)F,Active,,,,EC50,,1.65,,,,1650,P0DTD1,BDBM512517,Replicase polyprotein 1ab
513,459629763,162533650,C1CC2CN([C@H](C2C1)C(=O)N[C@@H](C[C@@H]3CCNC3=O)C=O)C(=O)COC4=C(C=C(C=C4)Cl)F,Active,,,,IC50,,0.035,,35,,,P0DTD1,BDBM512517,Replicase polyprotein 1ab
514,459629764,162533651,C1CC2CN([C@H](C2C1)C(=O)N[C@@H](C[C@@H]3CCNC3=O)C=O)C(=O)COC4=C(C=C(C=C4)Cl)Cl,Active,,,,EC50,,0.54,,,,540,P0DTD1,BDBM512518,Replicase polyprotein 1ab
515,459629764,162533651,C1CC2CN([C@H](C2C1)C(=O)N[C@@H](C[C@@H]3CCNC3=O)C=O)C(=O)COC4=C(C=C(C=C4)Cl)Cl,Active,,,,IC50,,0.017,,17,,,P0DTD1,BDBM512518,Replicase polyprotein 1ab
516,459629765,162533652,C1CC2CN([C@H](C2C1)C(=O)N[C@@H](C[C@@H]3CCNC3=O)C=O)C(=O)COC4=CC(=C(C=C4)Cl)Cl,Active,,,,EC50,,0.83,,,,830,P0DTD1,BDBM512519,Replicase polyprotein 1ab
517,459629765,162533652,C1CC2CN([C@H](C2C1)C(=O)N[C@@H](C[C@@H]3CCNC3=O)C=O)C(=O)COC4=CC(=C(C=C4)Cl)Cl,Active,,,,IC50,,0.03,,30,,,P0DTD1,BDBM512519,Replicase polyprotein 1ab
518,459629766,162533653,CC1=C(C=CC(=C1)Cl)OCC(=O)N2CC3CCCC3[C@@H]2C(=O)N[C@@H](C[C@@H]4CCNC4=O)C=O,Active,,,,EC50,,1.5,,,,1500,P0DTD1,BDBM512520,Replicase polyprotein 1ab
519,459629766,162533653,CC1=C(C=CC(=C1)Cl)OCC(=O)N2CC3CCCC3[C@@H]2C(=O)N[C@@H](C[C@@H]4CCNC4=O)C=O,Active,,,,IC50,,0.02,,20,,,P0DTD1,BDBM512520,Replicase polyprotein 1ab
520,459629769,,,Active,,,,Ki,,0.17,170,,,,P0C6X7,BDBM512523,Replicase polyprotein 1ab
521,459629770,162533655,CC(C)C[C@H](C(=O)N[C@H](C[C@H]1CCNC1=O)C(=O)C2=NC=C(S2)C3=CC=CC=C3)NC(=O)[C@@H](C(C)C)NC(=O)COC4=CC=CC(=C4)N(C)C,Active,,,,Ki,,0.17,170,,,,P0C6X7,BDBM512524,Replicase polyprotein 1ab
522,459629771,145996541,C1CCC(CC1)C[C@@H](C(=O)N[C@@H](C[C@@H]2CCNC2=O)C(=O)C(=O)NCC3=CC=CC=C3)NC(=O)/C=C/C4=CC=CC=C4,Active,,,,EC50,,1.4,,,,1400,P0C6X7,BDBM512525,Replicase polyprotein 1ab
523,459629771,145996541,C1CCC(CC1)C[C@@H](C(=O)N[C@@H](C[C@@H]2CCNC2=O)C(=O)C(=O)NCC3=CC=CC=C3)NC(=O)/C=C/C4=CC=CC=C4,Active,,,,IC50,,0.71,,710,,,P0C6X7,BDBM512525,Replicase polyprotein 1ab
524,459629771,145996541,C1CCC(CC1)C[C@@H](C(=O)N[C@@H](C[C@@H]2CCNC2=O)C(=O)C(=O)NCC3=CC=CC=C3)NC(=O)/C=C/C4=CC=CC=C4,Active,,,,IC50,,0.18,,180,,,P0DTD1,BDBM512525,Replicase polyprotein 1ab
525,459629772,162533656,CC(C)CC(C(=O)NC(CC1CCNC1=O)C(=O)COC(=O)C2CC2)NC(=O)C3=CC4=C(N3)C=CC=C4OC,Active,,,,IC50,,0.182,,182,,,P0C6X7,BDBM512526,Replicase polyprotein 1ab
526,459629773,162533657,CC(C)CC(C(=O)NC(CC1CCCNC1=O)C=O)NC(=O)C(C(C)C)NC(=O)C2=CC=NC=C2,Active,,,,IC50,,0.186,,186,,,P0C6X7,BDBM512527,Replicase polyprotein 1ab
527,459629774,44578386,C1CNC(=O)[C@@H]1C[C@@H](C=O)NC(=O)[C@H](CC2=CC=CC=C2)NC(=O)/C=C/C3=C(C=C(C=C3)Cl)F,Active,,,,IC50,,0.2,,200,,,P0C6X7,BDBM512528,Replicase polyprotein 1ab
528,459629775,162533658,CCCCC1CCC(CC1)OC(=O)N[C@@H](CC(C)C)C(=O)N[C@@H](C[C@@H]2CCNC2=O)[C@@H](O)S(=O)(=O)O,Active,,,,IC50,,1,,1000,,,P0C6X7,BDBM512529,Replicase polyprotein 1ab
529,459629775,162533658,CCCCC1CCC(CC1)OC(=O)N[C@@H](CC(C)C)C(=O)N[C@@H](C[C@@H]2CCNC2=O)[C@@H](O)S(=O)(=O)O,Active,,,,IC50,,0.2,,200,,,P0DTD1,BDBM512529,Replicase polyprotein 1ab
530,459629776,73022577,CC(C)CC(C(=O)NC(CC1CCNC1=O)C(=O)COC(=O)C2=C(C=CC=C2OC)OC)NC(=O)C3=CC4=C(N3)C=CC=C4OC,Active,,,,IC50,,0.205,,205,,,P0C6X7,BDBM512530,Replicase polyprotein 1ab
531,459629777,16204417,C1=CC=C(C(=C1)C2=CC=C(O2)C(=O)OC3=CC(=CN=C3)Cl)[N+](=O)[O-],Active,,,,IC50,,0.208,,208,,,P0C6X7,BDBM512531,Replicase polyprotein 1ab
532,459629779,72997615,CC(C)CC(C(=O)NC(CC1CCNC1=O)C(=O)COC(=O)C)NC(=O)C2=CC3=C(N2)C=CC=C3OC,Active,,,,IC50,,0.22,,220,,,P0C6X7,BDBM512533,Replicase polyprotein 1ab
533,459629781,162533661,CC(C)CC(C(=O)NC(CC1CCNC1=O)C(=O)COC(=O)C(C)(C)C)NC(=O)C2=CC3=C(N2)C=CC=C3OC,Active,,,,IC50,,0.23,,230,,,P0C6X7,BDBM512535,Replicase polyprotein 1ab
534,459629782,155818922,CCCC1CCC(CC1)OC(=O)N[C@@H](CC(C)C)C(=O)N[C@@H](C[C@@H]2CCNC2=O)[C@@H](O)S(=O)(=O)O,Active,,,,IC50,,1.7,,1700,,,P0C6X7,BDBM512536,Replicase polyprotein 1ab
535,459629782,155818922,CCCC1CCC(CC1)OC(=O)N[C@@H](CC(C)C)C(=O)N[C@@H](C[C@@H]2CCNC2=O)[C@@H](O)S(=O)(=O)O,Active,,,,IC50,,0.23,,230,,,P0DTD1,BDBM512536,Replicase polyprotein 1ab
536,459629783,155515803,C1CNC(=O)[C@@H]1C[C@@H](C(=O)C(=O)NCC2=CC=CC=C2)NC(=O)[C@H](CC3CC3)NC(=O)/C=C/C4=CC=CC=C4,Active,,,,EC50,,1.9,,,,1900,P0C6X7,BDBM512537,Replicase polyprotein 1ab
537,459629783,155515803,C1CNC(=O)[C@@H]1C[C@@H](C(=O)C(=O)NCC2=CC=CC=C2)NC(=O)[C@H](CC3CC3)NC(=O)/C=C/C4=CC=CC=C4,Active,,,,IC50,,0.24,,240,,,P0C6X7,BDBM512537,Replicase polyprotein 1ab
538,459629787,162533665,CC(C)C[C@H](C(=O)N[C@H](C[C@H]1CCNC1=O)C(=O)C2=NC=C(S2)C3=CC=CC=C3)NC(=O)[C@@H](C(C)C)NC(=O)COC4=CC=C(C=C4)OC,Active,,,,Ki,,0.27,270,,,,P0C6X7,BDBM512541,Replicase polyprotein 1ab
539,459629788,162533666,CCCC1CCC(CC1)OC(=O)N[C@@H](CC(C)C)C(=O)N[C@@H](C[C@@H]2CCNC2=O)C=O,Active,,,,EC50,,0.25,,,,250,P0DTD1,BDBM512542,Replicase polyprotein 1ab
540,459629788,162533666,CCCC1CCC(CC1)OC(=O)N[C@@H](CC(C)C)C(=O)N[C@@H](C[C@@H]2CCNC2=O)C=O,Active,,,,IC50,,1.7,,1700,,,P0C6X7,BDBM512542,Replicase polyprotein 1ab
541,459629788,162533666,CCCC1CCC(CC1)OC(=O)N[C@@H](CC(C)C)C(=O)N[C@@H](C[C@@H]2CCNC2=O)C=O,Active,,,,IC50,,0.28,,280,,,P0DTD1,BDBM512542,Replicase polyprotein 1ab
542,459629789,16682924,C1=CC=C(C=C1)[Hg]O[N+](=O)[O-],Active,,,,Ki,,0.3,300,,,,P0C6X7,BDBM512543,Replicase polyprotein 1ab
543,459629792,71740104,CC(C)C[C@@H](C(=O)N[C@@H](C[C@@H]1CCNC1=O)C(=O)C2=NC3=CC=CC=C3S2)NC(=O)CNC4=CC=CC=C4OC,Active,,,,Ki,,0.33,330,,,,P0C6X7,BDBM512546,Replicase polyprotein 1ab
544,459629793,72708376,CC(C)C[C@@H](C(=O)N[C@@H](C[C@@H]1CCNC1=O)C(=O)C2=NC3=CC=CC=C3S2)NC(=O)C4=CC5=C(N4)C=C(C=C5)OC,Active,,,,Ki,,0.33,330,,,,P0C6X7,BDBM512547,Replicase polyprotein 1ab
545,459629794,155568446,CC(C)C[C@@H](C(=O)N[C@@H](C[C@@H]1CCNC1=O)C(=O)C(=O)NCC2=CC=CC=C2)NC(=O)/C=C/C3=CC=CC=C3,Active,,,,EC50,,7.2,,,,7200,P0C6X7,BDBM512548,Replicase polyprotein 1ab
546,459629794,155568446,CC(C)C[C@@H](C(=O)N[C@@H](C[C@@H]1CCNC1=O)C(=O)C(=O)NCC2=CC=CC=C2)NC(=O)/C=C/C3=CC=CC=C3,Active,,,,IC50,,0.33,,330,,,P0C6X7,BDBM512548,Replicase polyprotein 1ab
547,459629795,162533668,CC1=CN=C(S1)C(=O)[C@@H](C[C@H]2CCNC2=O)NC(=O)[C@@H](CC(C)C)NC(=O)[C@@H](C(C)C)NC(=O)COC3=CC=CC(=C3)N(C)C,Active,,,,Ki,,0.33,330,,,,P0C6X7,BDBM512549,Replicase polyprotein 1ab
548,459629796,16204115,C1=CC=C(C(=C1)C(=O)OC2=CC(=CN=C2)Cl)[N+](=O)[O-],Active,,,,IC50,,0.333,,333,,,P0C6X7,BDBM512550,Replicase polyprotein 1ab
549,459629800,162533669,CC1=CC=C(C=C1)S(=O)(=O)N2C=CC3C2C=CC(=C3)C(=O)OC4=CC(=CN=C4)Cl,Active,,,,IC50,,0.37,,370,,,P0C6X7,BDBM512554,Replicase polyprotein 1ab
550,459629801,7019693,C1=CC=C(C=C1)COC(=O)N[C@@H](CC2=CC3=CC=CC=C3C=C2)C(=O)CCl,Active,,,,Ki,,0.37,370,,,,P0C6X7,BDBM512555,Replicase polyprotein 1ab
551,459629802,7020265,C1=CC=C(C=C1)COC(=O)N[C@@H](CC2=CC=C(C=C2)F)C(=O)CCl,Active,,,,Ki,,0.38,380,,,,P0C6X7,BDBM512556,Replicase polyprotein 1ab
552,459629806,44580736,CC(=O)N1C=CC2=C1C=CC(=C2)C(=O)OC3=CC(=CN=C3)Cl,Active,,,,IC50,,0.4,,400,,,P0C6X7,BDBM512560,Replicase polyprotein 1ab
553,459629807,7020820,CC(C)(C)OC(=O)C[C@@H](C(=O)CBr)NC(=O)OCC1=CC=CC=C1,Active,,,,Ki,,0.4,400,,,,P0C6X7,BDBM512561,Replicase polyprotein 1ab
554,459629808,162533672,CC(C)C[C@@H](C(=O)N[C@@H](C[C@@H]1CCNC1=O)[C@@H](O)S(=O)(=O)O)NC(=O)OC2CCC(CC2)(F)F,Active,,,,IC50,,2.2,,2200,,,P0C6X7,BDBM512562,Replicase polyprotein 1ab
555,459629808,162533672,CC(C)C[C@@H](C(=O)N[C@@H](C[C@@H]1CCNC1=O)[C@@H](O)S(=O)(=O)O)NC(=O)OC2CCC(CC2)(F)F,Active,,,,IC50,,0.41,,410,,,P0DTD1,BDBM512562,Replicase polyprotein 1ab
556,459629809,12060981,C1=CC=C2C(=C1)C(=O)N([Se]2)CCO,Active,,,,IC50,,0.65,,650,,,P0DTD1,BDBM512563,Replicase polyprotein 1ab
557,459629810,368651,C1=CC=C2C(=C1)C(=O)N([Se]2)CC(=O)O,Active,,,,IC50,,0.41,,410,,,P0DTD1,BDBM512564,Replicase polyprotein 1ab
558,459629813,88621273,C1=CC=C2C(=C1)C(=O)N([Se]2)C3=CC(=CC=C3)[N+](=O)[O-],Active,,,,IC50,,0.15,,150,,,P0DTD1,BDBM512567,Replicase polyprotein 1ab
559,459629814,3067569,C1=CC=C2C(=C1)C(=O)N([Se]2)C3=CC=C(C=C3)[N+](=O)[O-],Active,,,,IC50,,0.26,,260,,,P0DTD1,BDBM512568,Replicase polyprotein 1ab
560,459629815,88598251,C1COCCN1CCN2C(=O)C3=CC=CC=C3[Se]2,Active,,,,IC50,,0.24,,240,,,P0DTD1,BDBM512569,Replicase polyprotein 1ab
561,459629816,162533675,CC(C)(C)OC(=O)NCN1C(=O)C2=CC=CC=C2[Se]1,Active,,,,IC50,,0.33,,330,,,P0DTD1,BDBM512570,Replicase polyprotein 1ab
562,459629817,9903743,C1=CC=C2C(=C1)C(=O)N([Se]2)CC3=CC=CO3,Active,,,,IC50,,0.074,,74,,,P0DTD1,BDBM512571,Replicase polyprotein 1ab
563,459629821,640879,CCCN1C(=O)C2=CC=CC=C2S1,Active,,,,IC50,,0.73,,730,,,P0DTD1,BDBM512575,Replicase polyprotein 1ab
564,459629822,457527,C1=CC=C2C(=C1)C(=O)N(S2)CCO,Active,,,,IC50,,0.41,,410,,,P0DTD1,BDBM512576,Replicase polyprotein 1ab
565,459629823,21099553,CC(C)CN1C(=O)C2=CC=CC=C2S1,Active,,,,IC50,,0.48,,480,,,P0DTD1,BDBM512577,Replicase polyprotein 1ab
566,459629825,81434740,C1=CC=C2C(=C1)C(=O)N(S2)C3=CC=CC=C3N,Active,,,,IC50,,0.13,,130,,,P0DTD1,BDBM512579,Replicase polyprotein 1ab
567,459629829,138663337,C1=CC=C2C(=C1)C(=O)N(S2)CC3=CC=CO3,Active,,,,IC50,,0.11,,110,,,P0DTD1,BDBM512583,Replicase polyprotein 1ab
568,459629830,134135259,C1=CC=C(C=C1)CCCN2C(=O)C3=CC=CC=C3S2,Active,,,,IC50,,0.41,,410,,,P0DTD1,BDBM512584,Replicase polyprotein 1ab
569,459629832,13346521,COC(=O)C1=CC=C(C=C1)N2C(=O)C3=CC=CC=C3S2,Active,,,,IC50,,0.36,,360,,,P0DTD1,BDBM512586,Replicase polyprotein 1ab
570,459629834,162533685,CCCCNC(=O)C1=CC=C(C=C1)N2C(=O)C3=CC=CC=C3S2,Active,,,,IC50,,0.91,,910,,,P0DTD1,BDBM512588,Replicase polyprotein 1ab
571,459629836,71739726,CC(C)C[C@@H](C(=O)N[C@@H](C[C@@H]1CCNC1=O)C(=O)C2=NC3=CC=CC=C3S2)NC(=O)CC4=CC=C(C=C4)OC,Active,,,,Ki,,0.42,420,,,,P0C6X7,BDBM512590,Replicase polyprotein 1ab
572,459629837,162533687,CC(C)C[C@@H](C(=O)N[C@@H](C[C@@H]1CCNC1=O)C=O)NC(=O)OC2CCC(CC2)(F)F,Active,,,,EC50,,0.9,,,,900,P0DTD1,BDBM512591,Replicase polyprotein 1ab
573,459629837,162533687,CC(C)C[C@@H](C(=O)N[C@@H](C[C@@H]1CCNC1=O)C=O)NC(=O)OC2CCC(CC2)(F)F,Active,,,,IC50,,2.3,,2300,,,P0C6X7,BDBM512591,Replicase polyprotein 1ab
574,459629837,162533687,CC(C)C[C@@H](C(=O)N[C@@H](C[C@@H]1CCNC1=O)C=O)NC(=O)OC2CCC(CC2)(F)F,Active,,,,IC50,,0.43,,430,,,P0DTD1,BDBM512591,Replicase polyprotein 1ab
575,459629838,16202740,C1=CC(=CC=C1C(=O)OC2=CC(=CN=C2)Cl)Cl,Active,,,,IC50,,0.434,,434,,,P0C6X7,BDBM512592,Replicase polyprotein 1ab
576,459629839,146681137,CC(C)C[C@@H](C(=O)N[C@@H](C[C@@H]1CCNC1=O)[C@@H](O)S(=O)(=O)O)NC(=O)OCC2CCC(CC2)(F)F,Active,,,,IC50,,1.1,,1100,,,P0C6X7,BDBM512593,Replicase polyprotein 1ab
577,459629839,146681137,CC(C)C[C@@H](C(=O)N[C@@H](C[C@@H]1CCNC1=O)[C@@H](O)S(=O)(=O)O)NC(=O)OCC2CCC(CC2)(F)F,Active,,,,IC50,,0.45,,450,,,P0DTD1,BDBM512593,Replicase polyprotein 1ab
578,459629842,162533690,CC(C)C[C@H](C(=O)N[C@H](C[C@H]1CCNC1=O)C(=O)C2=NC=C(S2)C3=CC=CC=C3OC)NC(=O)[C@@H](C(C)C)NC(=O)COC4=CC=C(C=C4)OC,Active,,,,Ki,,0.47,470,,,,P0C6X7,BDBM512596,Replicase polyprotein 1ab
579,459629844,44578236,CN(C)C1=CC=C(C=C1)/C=C/C(=O)N[C@@H](CC2=CC=CC=C2)C(=O)N[C@@H](C[C@@H]3CCNC3=O)C=O,Active,,,,IC50,,0.5,,500,,,P0C6X7,BDBM512598,Replicase polyprotein 1ab
580,459629845,71717907,C1=CSC(=C1)C(=O)OC2=CC(=CN=C2)Br,Active,,,,IC50,,0.5,,500,,,P0C6X7,BDBM512599,Replicase polyprotein 1ab
581,459629846,16203799,C1=CC(=CC(=C1)[N+](=O)[O-])C2=CC=C(O2)C(=O)OC3=CC(=CN=C3)Cl,Active,,,,IC50,,0.5,,500,,,P0C6X7,BDBM512600,Replicase polyprotein 1ab
582,459629847,134131203,CC(C)C[C@@H](C(=O)N[C@@H](C[C@@H]1CCCNC1=O)C=O)NC(=O)/C=C/C2=CC=CC=C2,Active,,,,IC50,,0.508,,508,,,P0C6X7,BDBM512601,Replicase polyprotein 1ab
583,459629850,145962334,C1=CC(=CC=C1SSC2=NN=CO2)Cl,Active,,,,IC50,,0.516,,516,,,P0C6X7,BDBM512604,Replicase polyprotein 1ab
584,459629851,162533694,CCOC(=O)/C=C/C(CC1=CC=CC=C1)NC(=O)C(CC2=CC=CC=C2)NC(=O)/C=C/C3=CC=C(C=C3)N(C)C,Active,,,,EC50,,0.18,,,,180,P0C6X7,BDBM512605,Replicase polyprotein 1ab
585,459629851,162533694,CCOC(=O)/C=C/C(CC1=CC=CC=C1)NC(=O)C(CC2=CC=CC=C2)NC(=O)/C=C/C3=CC=C(C=C3)N(C)C,Active,,,,IC50,,1,,1000,,,P0C6X7,BDBM512605,Replicase polyprotein 1ab
586,459629851,162533694,CCOC(=O)/C=C/C(CC1=CC=CC=C1)NC(=O)C(CC2=CC=CC=C2)NC(=O)/C=C/C3=CC=C(C=C3)N(C)C,Active,,,,Ki,,0.52,520,,,,P0C6X7,BDBM512605,Replicase polyprotein 1ab
587,459629852,71739855,CC(C)C[C@@H](C(=O)N[C@@H](C[C@@H]1CCNC1=O)C(=O)C2=NC3=CC=CC=C3S2)NC(=O)COC4=CC=CC=C4,Active,,,,Ki,,0.56,560,,,,P0C6X7,BDBM512606,Replicase polyprotein 1ab
588,459629854,162533696,C[C@H](C(=O)NC(C(C)C)C(=O)N[C@H](CC1=CC=CC=C1)C(C([C@@H](CC2=CC=CC=C2)NC(=O)C(C(C)C)NC(=O)[C@@H](C)NC(=O)OCC3=CC=CC=C3)O)O)NC(=O)OCC4=CC=CC=C4,Active,,,,Ki,,0.6,600,,,,P0C6X7,BDBM512608,Replicase polyprotein 1ab
589,459629855,162533697,C[C@@H]([C@@H](C(=O)N[C@@H](CC(C)C)C(=O)N[C@@H](CCC(=O)N(C)C)C(=O)C[N+]1=NC(=O)C2=C(C1=O)C=CC=C2[N+](=O)[O-])NC(=O)[C@H](C(C)C)NC(=O)C)OCC3=CC=CC=C3,Active,,,,IC50,,0.6,,600,,,P0C6X7,BDBM512609,Replicase polyprotein 1ab
590,459629856,71739727,CC(C)C[C@@H](C(=O)N[C@@H](C[C@@H]1CCNC1=O)C(=O)C2=NC3=CC=CC=C3S2)NC(=O)CCC4=CC=C(C=C4)OC,Active,,,,Ki,,0.61,610,,,,P0C6X7,BDBM512610,Replicase polyprotein 1ab
591,459629857,162533698,CC(C)C[C@H](C(=O)N[C@H](C[C@H]1CCNC1=O)C(=O)C2=NC3=CC=CC=C3S2)NC(=O)[C@@H](C(C)C)NC(=O)COC4=CC=C(C=C4)N(C)C,Active,,,,IC50,,0.65,,650,,,P0C6X7,BDBM512611,Replicase polyprotein 1ab
592,459629858,11444522,CCOC(=O)/C=C/[C@H](C[C@@H]1CCNC1=O)NC(=O)[C@H](CC(C)C)NC(=O)[C@H](C(C)C)NC(=O)OCC2=CC=CC=C2,Active,,,,Ki,,0.66,660,,,,P0C6X7,BDBM512612,Replicase polyprotein 1ab
593,459629859,71740105,CC(C)C[C@@H](C(=O)N[C@@H](C[C@@H]1CCNC1=O)C(=O)C2=NC=C(S2)C3=CC=CC=C3)NC(=O)OCC4=CC=CC=C4,Active,,,,Ki,,0.66,660,,,,P0C6X7,BDBM512613,Replicase polyprotein 1ab
594,459629860,73352114,CC(C)C[C@@H](C(=O)N[C@@H](C[C@@H]1CCNC1=O)/C=C/C(=O)OC)NC(=O)[C@H](C(C)C)NC(=O)OCC2=CC=CC=C2,Active,,,,Ki,,0.66,660,,,,P0C6X7,BDBM512614,Replicase polyprotein 1ab
595,459629861,162533699,CC(C)C[C@@H](C(=O)N[C@@H](C[C@@H]1CCNC1=O)[C@@H](O)S(=O)(=O)O)NC(=O)OC2CCCCC2,Active,,,,IC50,,3.8,,3800,,,P0C6X7,BDBM512615,Replicase polyprotein 1ab
596,459629861,162533699,CC(C)C[C@@H](C(=O)N[C@@H](C[C@@H]1CCNC1=O)[C@@H](O)S(=O)(=O)O)NC(=O)OC2CCCCC2,Active,,,,IC50,,0.65,,650,,,P0DTD1,BDBM512615,Replicase polyprotein 1ab
597,459629862,146018708,CC(C)(C)OC(=O)NC1=CC=CN(C1=O)[C@@H](CC2CC2)C(=O)N[C@@H](C[C@@H]3CCNC3=O)[C@H](C(=O)NCC4=CC=CC=C4)O,Active,,,,EC50,,1.75,,,,1750,P0C6X7,BDBM512616,Replicase polyprotein 1ab
598,459629862,146018708,CC(C)(C)OC(=O)NC1=CC=CN(C1=O)[C@@H](CC2CC2)C(=O)N[C@@H](C[C@@H]3CCNC3=O)[C@H](C(=O)NCC4=CC=CC=C4)O,Active,,,,IC50,,0.67,,670,,,P0DTD1,BDBM512616,Replicase polyprotein 1ab
599,459629862,146018708,CC(C)(C)OC(=O)NC1=CC=CN(C1=O)[C@@H](CC2CC2)C(=O)N[C@@H](C[C@@H]3CCNC3=O)[C@H](C(=O)NCC4=CC=CC=C4)O,Active,,,,Ki,,0.9,900,,,,P0DTD1,BDBM512616,Replicase polyprotein 1ab
600,459629864,72708469,CC(C)C[C@@H](C(=O)N[C@@H](C[C@@H]1CCNC1=O)C(=O)C2=NC3=CC=CC=C3S2)NC(=O)C4=CNC5=CC=CC=C54,Active,,,,Ki,,0.68,680,,,,P0C6X7,BDBM512618,Replicase polyprotein 1ab
601,459629865,16202858,C1=CC(=CC(=C1)[N+](=O)[O-])C(=O)OC2=CC(=CN=C2)Cl,Active,,,,IC50,,0.684,,684,,,P0C6X7,BDBM512619,Replicase polyprotein 1ab
602,459629866,145962127,C1=CN=C(N=C1)SSC2=CC=C(C=C2)Cl,Active,,,,IC50,,0.684,,684,,,P0C6X7,BDBM512620,Replicase polyprotein 1ab
603,459629867,71739852,CC(C)C[C@@H](C(=O)N[C@@H](C[C@@H]1CCNC1=O)C(=O)C2=NC3=CC=CC=C3S2)NC(=O)/C=C/C4=CC=CC=C4,Active,,,,Ki,,0.69,690,,,,P0C6X7,BDBM512621,Replicase polyprotein 1ab
604,459629868,16204423,C1=CC(=CN=C1)C(=O)OC2=CC(=CN=C2)Cl,Active,,,,IC50,,0.697,,697,,,P0C6X7,BDBM512622,Replicase polyprotein 1ab
605,459629869,145962001,C1=CN=C(N=C1)SSC2=CC=C(C=C2)Br,Active,,,,IC50,,0.697,,697,,,P0C6X7,BDBM512623,Replicase polyprotein 1ab
606,459629870,154732787,C1CNC(=O)[C@@H]1C[C@@H](C=O)NC(=O)[C@H](CC2=CC=CC=C2)NC(=O)/C=C/C3=CC(=CC=C3)Br,Active,,,,IC50,,0.7,,700,,,P0C6X7,BDBM512624,Replicase polyprotein 1ab
607,459629871,6961,C1=C(C(=CC(=C1C(=O)O)C(=O)O)C(=O)O)C(=O)O,Active,,,,Ki,,0.7,700,,,,P0C6X7,BDBM512625,Replicase polyprotein 1ab
608,459629872,71739853,CC(C)C[C@@H](C(=O)N[C@@H](C[C@@H]1CCNC1=O)C(=O)C2=NC3=CC=CC=C3S2)NC(=O)/C=C/C4=CC=C(C=C4)OC,Active,,,,Ki,,0.7,700,,,,P0C6X7,BDBM512626,Replicase polyprotein 1ab
609,459629874,162533702,CC(C)C[C@H](C(=O)N[C@H](C[C@H]1CCNC1=O)C(=O)C2=NC3=CC=CC=C3S2)NC(=O)[C@@H](C(C)C)NC(=O)COC4=CC=CC(=C4)OC,Active,,,,IC50,,0.75,,750,,,P0C6X7,BDBM512628,Replicase polyprotein 1ab
610,459629875,72708427,CC(C)C[C@@H](C(=O)N[C@@H](C[C@@H]1CCNC1=O)C(=O)C2=NC3=CC=CC=C3S2)NC(=O)C4=NC5=CC=CC=C5S4,Active,,,,Ki,,0.8,800,,,,P0C6X7,BDBM512629,Replicase polyprotein 1ab
611,459629877,162533704,CC(C)C[C@@H](C(=O)N[C@@H](C[C@@H]1CCNC1=O)C=O)NC(=O)OC2CCCCC2,Active,,,,IC50,,0.82,,820,,,P0DTD1,BDBM512631,Replicase polyprotein 1ab
612,459629877,162533704,CC(C)C[C@@H](C(=O)N[C@@H](C[C@@H]1CCNC1=O)C=O)NC(=O)OC2CCCCC2,Active,,,,Ki,,3.9,3900,,,,P0DTD1,BDBM512631,Replicase polyprotein 1ab
613,459629878,162533705,CC(C)CC(C(=O)NC(CC1CCNC1=O)C=O)NC(=O)/C=C/C2=CC=CC=C2,Active,,,,Ki,,0.83,830,,,,P0DTD1,BDBM512632,Replicase polyprotein 1ab
614,459629879,162533706,CC(C)CC(C(=O)NC(CC1CCNC1=O)C(=O)C2=NC3=CC=CC=C3S2)NC(=O)COC4=CC=C(C=C4)N(C)C,Active,,,,Ki,,0.84,840,,,,P0C6X7,BDBM512633,Replicase polyprotein 1ab
615,459629880,71739980,CC(C)C[C@@H](C(=O)N[C@@H](C[C@@H]1CCNC1=O)C(=O)C2=NC3=CC=CC=C3S2)NC(=O)COC4=CC=CC(=C4)N(C)C,Active,,,,Ki,,0.84,840,,,,P0C6X7,BDBM512634,Replicase polyprotein 1ab
616,459629881,145962816,C1=CC=C(C(=C1)[N+](=O)[O-])SSC2=NC=CC=N2,Active,,,,IC50,,0.883,,883,,,P0C6X7,BDBM512635,Replicase polyprotein 1ab
617,459629883,145963641,CC1=CC(=NC(=N1)SSC2=CC=CC=C2[N+](=O)[O-])C,Active,,,,IC50,,0.921,,921,,,P0C6X7,BDBM512637,Replicase polyprotein 1ab
618,459629886,4331,CC(C)CC(C(=O)NC(CC(C)C)C(=O)NC(CCSC)C=O)NC(=O)C,Active,,,,EC50,,2.07,,,,2070,P0DTD1,BDBM512640,Replicase polyprotein 1ab
619,459629886,4331,CC(C)CC(C(=O)NC(CC(C)C)C(=O)NC(CCSC)C=O)NC(=O)C,Active,,,,IC50,,0.97,,970,,,P0DTD1,BDBM512640,Replicase polyprotein 1ab
620,459629889,162533712,CCNCCC1=CC=C(C=C1)C(=O)CN2C3=CC=CC=C3N=N2,Active,,,,Ki,,1,1000,,,,P0C6X7,BDBM512643,Replicase polyprotein 1ab
621,459629891,73027072,CC(C)CC(C(=O)NC(CC1CCNC1=O)C(=O)COC(=O)C2=C(C=CC=C2Cl)Cl)NC(=O)C,Active,,,,IC50,,1.028,,1028,,,P0C6X7,BDBM512645,Replicase polyprotein 1ab
622,459629894,77826077,CC(C)(C)CC(C(=O)NC(CC1CCNC1=O)C(=O)COC)NC(=O)C2CCCO2,Active,,,,IC50,,1.076,,1076,,,P0C6X7,BDBM512648,Replicase polyprotein 1ab
623,459629897,145961956,COC(=O)C1=CC=CC=C1SSC2=NN=CO2,Active,,,,IC50,,1.118,,1118,,,P0C6X7,BDBM512651,Replicase polyprotein 1ab
624,459629898,145961704,CC1=CC(=NC(=N1)SSC2=CC=C(C=C2)Br)C,Active,,,,IC50,,1.121,,1121,,,P0C6X7,BDBM512652,Replicase polyprotein 1ab
625,459629900,71739724,C1CNC(=O)[C@@H]1C[C@@H](C(=O)C2=NC3=CC=CC=C3S2)NC(=O)[C@H](CC4=CC=CC=C4)NC(=O)OCC5=CC=CC=C5,Active,,,,Ki,,1.2,1200,,,,P0C6X7,BDBM512654,Replicase polyprotein 1ab
626,459629902,145962018,CC1=COC(=N1)SSC2=CC=CC=C2C(=O)OC,Active,,,,IC50,,1.264,,1264,,,P0C6X7,BDBM512656,Replicase polyprotein 1ab
627,459629903,154732801,C1CCC(C1)C[C@@H](C(=O)N[C@@H](C[C@@H]2CCNC2=O)C(=O)C(=O)NCC3=CC=CC=C3)NC(=O)/C=C/C4=CC=CC=C4,Active,,,,EC50,,3.6,,,,3600,P0C6X7,BDBM512657,Replicase polyprotein 1ab
628,459629903,154732801,C1CCC(C1)C[C@@H](C(=O)N[C@@H](C[C@@H]2CCNC2=O)C(=O)C(=O)NCC3=CC=CC=C3)NC(=O)/C=C/C4=CC=CC=C4,Active,,,,IC50,,1.27,,1270,,,P0C6X7,BDBM512657,Replicase polyprotein 1ab
629,459629905,162533721,CC(C)C[C@H](C(=O)N[C@H](C[C@H]1CCNC1=O)C(=O)C2=NC=C(S2)C3=CC=C(C=C3)Cl)NC(=O)[C@@H](C(C)C)NC(=O)COC4=CC=C(C=C4)OC,Active,,,,Ki,,1.3,1300,,,,P0C6X7,BDBM512659,Replicase polyprotein 1ab
630,459629906,71739854,CC(C)C[C@@H](C(=O)N[C@@H](C[C@@H]1CCNC1=O)C(=O)C2=NC3=CC=CC=C3S2)NC(=O)/C=C/C4=CC(=C(C=C4)OC)OC,Active,,,,Ki,,1.3,1300,,,,P0C6X7,BDBM512660,Replicase polyprotein 1ab
631,459629907,12092,CN(C)C1=CC=C(C=C1)C(=O)O,Active,,,,Ki,,1.38,1380,,,,P0C6X7,BDBM512661,Replicase polyprotein 1ab
632,459629908,122467,CC1=CC(=C(C=C1)[S-])[S-].[Zn+2],Active,,,,Ki,,1.4,1400,,,,P0C6X7,BDBM512662,Replicase polyprotein 1ab
633,459629910,10334,CC1=CC(=C(C=C1)S)S,Active,,,,Ki,,1.4,1400,,,,P0C6X7,BDBM512664,Replicase polyprotein 1ab
634,459629911,145961183,CC1=CC(=NC(=N1)SSC2=CC=C(C=C2)Cl)C,Active,,,,IC50,,1.437,,1437,,,P0C6X7,BDBM512665,Replicase polyprotein 1ab
635,459629912,155551329,C1CC(C1)C[C@@H](C(=O)N[C@@H](C[C@@H]2CCNC2=O)C(=O)C(=O)NCC3=CC=CC=C3)NC(=O)/C=C/C4=CC=CC=C4,Active,,,,EC50,,6.7,,,,6700,P0C6X7,BDBM512666,Replicase polyprotein 1ab
636,459629912,155551329,C1CC(C1)C[C@@H](C(=O)N[C@@H](C[C@@H]2CCNC2=O)C(=O)C(=O)NCC3=CC=CC=C3)NC(=O)/C=C/C4=CC=CC=C4,Active,,,,IC50,,1.44,,1440,,,P0C6X7,BDBM512666,Replicase polyprotein 1ab
637,459629913,133065662,CCCCCCCCCC(=O)N[C@@H]1[C@H]([C@@H]([C@H](O[C@H]1OC2=C3C=C4C=C2OC5=C(C=C(C=C5)[C@H]([C@H]6C(=O)N[C@@H](C7=C(C(=CC(=C7)O)OC8[C@H]([C@H]([C@@H]([C@H](O8)CO)O)O)O)C9=C(C=CC(=C9)[C@H](C(=O)N6)NC(=O)[C@@H]4NC(=O)[C@@H]1C2=CC(=CC(=C2)OC2=C(C=CC(=C2)[C@H](C(=O)N[C@H](CC2=CC(=C(O3)C=C2)Cl)C(=O)N1)N)O)O)O)C(=O)O)O[C@H]1[C@@H]([C@H]([C@@H]([C@H](O1)CO)O)O)NC(=O)C)Cl)CO)O)O,Active,,,,IC50,,1.46,,1460,,,P0DTD1,BDBM512667,Replicase polyprotein 1ab
638,459629914,162533723,CC1=CC=C(C=C1)C2=CN=C(S2)C(=O)[C@@H](C[C@H]3CCNC3=O)NC(=O)[C@@H](CC(C)C)NC(=O)[C@@H](C(C)C)NC(=O)COC4=CC=C(C=C4)OC,Active,,,,Ki,,1.46,1460,,,,P0C6X7,BDBM512668,Replicase polyprotein 1ab
639,459629915,145963515,CC1=CC=C(C=C1)SSC2=NC(=CC(=N2)C)C,Active,,,,IC50,,1.495,,1495,,,P0C6X7,BDBM512669,Replicase polyprotein 1ab
640,459629916,56932136,C1=CC=C(C=C1)CNC2=CC=C(C=C2)N(CC3=CSC=C3)C(=O)CN4C5=CC=CC=C5N=N4,Active,,,,IC50,,1.5,,1500,,,P0C6X7,BDBM512670,Replicase polyprotein 1ab
641,459629918,162533725,CC(C)C[C@H](C(=O)N[C@H](C[C@H]1CCNC1=O)C(=O)C2=NC3=CC=CC=C3S2)NC(=O)[C@@H](C(C)C)NC(=O)CNC4=CC=CC=C4,Active,,,,IC50,,1.5,,1500,,,P0C6X7,BDBM512672,Replicase polyprotein 1ab
642,459629918,162533725,CC(C)C[C@H](C(=O)N[C@H](C[C@H]1CCNC1=O)C(=O)C2=NC3=CC=CC=C3S2)NC(=O)[C@@H](C(C)C)NC(=O)CNC4=CC=CC=C4,Active,,,,Ki,,0.22,220,,,,P0C6X7,BDBM512672,Replicase polyprotein 1ab
643,459629919,145961843,CC(=O)NC1=CN=C(S1)SSC2=CC=CC=C2,Active,,,,IC50,,1.506,,1506,,,P0C6X7,BDBM512673,Replicase polyprotein 1ab
644,459629920,145960550,CC1=CC=C(C=C1)SSC2=NC=CC=N2,Active,,,,IC50,,1.522,,1522,,,P0C6X7,BDBM512674,Replicase polyprotein 1ab
645,459629922,145962863,CCOC(=O)C1=CC=CC=C1SSC2=NN=C(O2)C,Active,,,,IC50,,1.557,,1557,,,P0C6X7,BDBM512676,Replicase polyprotein 1ab
646,459629923,71739978,CC(C)C[C@@H](C(=O)N[C@@H](C[C@@H]1CCNC1=O)C(=O)C2=NC3=CC=CC=C3S2)NC(=O)COC4=CC=C(C=C4)OC,Active,,,,Ki,,1.56,1560,,,,P0C6X7,BDBM512677,Replicase polyprotein 1ab
647,459629924,71739587,CCCC[C@@H](C(=O)N[C@@H](C[C@@H]1CCNC1=O)C(=O)C2=NC3=CC=CC=C3S2)NC(=O)OCC4=CC=CC=C4,Active,,,,Ki,,1.6,1600,,,,P0C6X7,BDBM512678,Replicase polyprotein 1ab
648,459629925,145962772,CC(=O)NC1=CN=C(S1)SSC2=CC=C(C=C2)Br,Active,,,,IC50,,1.651,,1651,,,P0C6X7,BDBM512679,Replicase polyprotein 1ab
649,459629926,145961994,CC1=NN=C(O1)SSC2=CC=CC=C2C(=O)OC,Active,,,,IC50,,1.679,,1679,,,P0C6X7,BDBM512680,Replicase polyprotein 1ab
650,459629927,162533727,CC(C)C[C@H](C(=O)N[C@H](C[C@H]1CCNC1=O)C(=O)C2=NC3=CC=CC=C3S2)NC(=O)[C@@H](C(C)C)NC(=O)COC4=CC=C(C=C4)C(=O)O,Active,,,,IC50,,1.7,,1700,,,P0C6X7,BDBM512681,Replicase polyprotein 1ab
651,459629928,72708325,CC(C)C[C@@H](C(=O)N[C@@H](C[C@@H]1CCNC1=O)C(=O)C2=NC3=CC=CC=C3S2)NC(=O)C4=CC=CN4,Active,,,,Ki,,1.7,1700,,,,P0C6X7,BDBM512682,Replicase polyprotein 1ab
652,459629929,71739588,CC(C)[C@@H](C(=O)N[C@@H](C[C@@H]1CCNC1=O)C(=O)C2=NC3=CC=CC=C3S2)NC(=O)OCC4=CC=CC=C4,Active,,,,Ki,,1.71,1710,,,,P0C6X7,BDBM512683,Replicase polyprotein 1ab
653,459629930,145963346,CC1=NN=C(O1)SSC2=CC=CC=C2[N+](=O)[O-],Active,,,,IC50,,1.713,,1713,,,P0C6X7,BDBM512684,Replicase polyprotein 1ab
654,459629931,145963159,CC(=O)N1C(=NC(=N1)SSC2=CC=CC=C2[N+](=O)[O-])C3=CN=CC=C3,Active,,,,IC50,,1.762,,1762,,,P0C6X7,BDBM512685,Replicase polyprotein 1ab
655,459629934,6323191,CC1=CC(=NO1)C(=O)N[C@@H](C)C(=O)N[C@@H](C(C)C)C(=O)N[C@@H](CC(C)C)C(=O)N[C@@H](C[C@@H]2CCNC2=O)/C=C/C(=O)OCC3=CC=CC=C3,Active,,,,Ki,,1.9,1900,,,,P0C6X7,BDBM512688,Replicase polyprotein 1ab
656,459629935,162533730,CC(C)C[C@H](C(=O)N[C@H](C[C@H]1CCNC1=O)C(=O)C2=NC3=CC=CC=C3S2)NC(=O)[C@@H](C(C)C)NC(=O)COC4=CC=CC=C4OC,Active,,,,IC50,,1.7,,1700,,,P0C6X7,BDBM512689,Replicase polyprotein 1ab
657,459629935,162533730,CC(C)C[C@H](C(=O)N[C@H](C[C@H]1CCNC1=O)C(=O)C2=NC3=CC=CC=C3S2)NC(=O)[C@@H](C(C)C)NC(=O)COC4=CC=CC=C4OC,Active,,,,Ki,,0.0041,4.1,,,,P0C6X7,BDBM512689,Replicase polyprotein 1ab
658,459629937,162533732,C1CNC(=O)C1C[C@@H](C(=O)C(=O)NCC2=CC=CC=C2)NC(=O)[C@H](CC3=CC=CC=C3)NC(=O)/C=C/C4=CC=CC=C4,Active,,,,EC50,,2,,,,2000,P0C6X7,BDBM512691,Replicase polyprotein 1ab
659,459629937,162533732,C1CNC(=O)C1C[C@@H](C(=O)C(=O)NCC2=CC=CC=C2)NC(=O)[C@H](CC3=CC=CC=C3)NC(=O)/C=C/C4=CC=CC=C4,Active,,,,IC50,,1.95,,1950,,,P0C6X7,BDBM512691,Replicase polyprotein 1ab
660,459629938,145962625,CC1=CC(=NC(=N1)SSC2=CC=CC=C2)C,Active,,,,IC50,,1.991,,1991,,,P0C6X7,BDBM512692,Replicase polyprotein 1ab
661,459629941,11751391,C1=CC=C(C=C1)C[C@@H](C(=O)NC2=C(C=C(C=C2)[N+](=O)[O-])Cl)NC(=O)C3=CC(=C(C=C3)N)N,Active,,,,IC50,,2,,2000,,,P0C6X7,BDBM512695,Replicase polyprotein 1ab
662,459629942,162533735,CC(C(C(=O)N[C@@H](CC1=CC=CC=C1)C(=O)NC2=C(C=C(C=C2)[N+](=O)[O-])Cl)NC(=O)CCC(=O)NC(C(C)O)C(=O)NC(CC3=CC=CC=C3)C(=O)NC4=C(C=C(C=C4)[N+](=O)[O-])Cl)O,Active,,,,IC50,,2,,2000,,,P0C6X7,BDBM512696,Replicase polyprotein 1ab
663,459629943,162533736,CC(C(C(=O)NC(CC1=CC=CC=C1)C(=O)NC2=C(C=C(C=C2)[N+](=O)[O-])Cl)NC(=O)CC(C(=O)NC(C(C)O)C(=O)N[C@@H](CC3=CC=CC=C3)C(=O)NC4=C(C=C(C=C4)[N+](=O)[O-])Cl)O)O,Active,,,,IC50,,2,,2000,,,P0C6X7,BDBM512697,Replicase polyprotein 1ab
664,459629944,162533737,CC(C(C(=O)N[C@@H](CC1=CC=CC=C1)C(=O)NC2=C(C=C(C=C2)[N+](=O)[O-])Cl)NC(=O)C(C(C(=O)NC(C(C)O)C(=O)NC(CC3=CC=CC=C3)C(=O)NC4=C(C=C(C=C4)[N+](=O)[O-])Cl)O)O)O,Active,,,,IC50,,2,,2000,,,P0C6X7,BDBM512698,Replicase polyprotein 1ab
665,459629945,75228477,COC1=C2C=CC=CC2=NC(=O)C1SC3=NN=NN3C4=CC=C(C=C4)OCC5=CC=CC=C5,Active,,,,IC50,,2,,2000,,,P0C6X7,BDBM512699,Replicase polyprotein 1ab
666,459629946,162533738,CC1=C(SC(=N1)C(=O)[C@@H](C[C@H]2CCNC2=O)NC(=O)[C@@H](CC(C)C)NC(=O)[C@@H](C(C)C)NC(=O)OCC3=CC=CC=C3)C,Active,,,,IC50,,2,,2000,,,P0C6X7,BDBM512700,Replicase polyprotein 1ab
667,459629948,145961526,CC1=C(N=C(N1)SSC2=CC=CC=C2[N+](=O)[O-])C(=O)OC,Active,,,,IC50,,2.075,,2075,,,P0C6X7,BDBM512702,Replicase polyprotein 1ab
668,459629951,16220131,C[C@H](C(=O)CCO)NC(=O)[C@H](CC1=CC=CC=C1)NC(=O)OCC2=CC=CC=C2,Active,,,,Ki,,2.2,2200,,,,P0C6X7,BDBM512705,Replicase polyprotein 1ab
669,459629955,137349985,C1=CC=C(C=C1)C[C@@H](CO)NC(=O)[C@H](CC2=CC=CC=C2)NC(=O)/C=C/C3=CC=CC=C3,Active,,,,Ki,,2.24,2240,,,,P0C6X7,BDBM512709,Replicase polyprotein 1ab
670,459629958,162533747,CC(C)(C)OC(=O)NC1=CC=CN(C1=O)C(CC2CCCCC2)C(=O)NC(CC3CCNC3=O)C(=O)C(=O)NC4CC4,Active,,,,IC50,,2.39,,2390,,,P0DTD1,BDBM512712,Replicase polyprotein 1ab
671,459629959,16684434,CC[Hg]SC1=CC=CC=C1C(=O)[O-].[Na+],Active,,,,Ki,,2.4,2400,,,,P0C6X7,BDBM512713,Replicase polyprotein 1ab
672,459629960,145962902,CCOC(=O)C1=CC=CC=C1SSC2=NC(=CS2)C,Active,,,,IC50,,2.452,,2452,,,P0C6X7,BDBM512714,Replicase polyprotein 1ab
673,459629961,162533748,CCOC(=O)/C=C/C(CC1=CC=CC=C1)NC(=O)C(CC2=CC=CC=C2)NC(=O)/C=C/C3=CC=C(C=C3)[N+](=O)[O-],Active,,,,Ki,,2.48,2480,,,,P0C6X7,BDBM512715,Replicase polyprotein 1ab
674,459629962,2867165,CC1=C(C(C2=C(N1)CCCC2=O)C3=CC=CC=C3[N+](=O)[O-])C(=O)OCCC4=CC=CC=C4,Active,,,,EC50,,7,,,,7000,P0C6X7,BDBM512716,Replicase polyprotein 1ab
675,459629962,2867165,CC1=C(C(C2=C(N1)CCCC2=O)C3=CC=CC=C3[N+](=O)[O-])C(=O)OCCC4=CC=CC=C4,Active,,,,IC50,,2.5,,2500,,,P0C6X7,BDBM512716,Replicase polyprotein 1ab
676,459629963,71740108,CC(C)C[C@@H](C(=O)N[C@@H](C[C@@H]1CCNC1=O)C(=O)C2=NC=C(S2)C3=CC=CC=C3OC)NC(=O)OCC4=CC=CC=C4,Active,,,,Ki,,2.5,2500,,,,P0C6X7,BDBM512717,Replicase polyprotein 1ab
677,459629966,145960888,CC1=CSC(=N1)SSC2=CC=CC=C2[N+](=O)[O-],Active,,,,IC50,,2.555,,2555,,,P0C6X7,BDBM512720,Replicase polyprotein 1ab
678,459629967,145962005,CC(=O)NC1=CN=C(S1)SSC2=CC=C(C=C2)F,Active,,,,IC50,,2.565,,2565,,,P0C6X7,BDBM512721,Replicase polyprotein 1ab
679,459629968,736808,C1=C2C(=NC3=C1SC(=N3)N)N=C(S2)N,Active,,,,IC50,,2.6,,2600,,,P0C6X7,BDBM512722,Replicase polyprotein 1ab
680,459629969,145961074,CC(=O)NC1=CN=C(S1)SSC2=CC=C(C=C2)Cl,Active,,,,IC50,,2.626,,2626,,,P0C6X7,BDBM512723,Replicase polyprotein 1ab
681,459629971,72708288,CC(C)C[C@@H](C(=O)N[C@@H](C[C@@H]1CCNC1=O)C(=O)C2=NC3=CC=CC=C3S2)NC(=O)C4CCC(=O)N4,Active,,,,Ki,,2.7,2700,,,,P0C6X7,BDBM512725,Replicase polyprotein 1ab
682,459629973,145960607,CC1=CC=C(C=C1)SSC2=NC=C(S2)NC(=O)C,Active,,,,IC50,,2.803,,2803,,,P0C6X7,BDBM512727,Replicase polyprotein 1ab
683,459629975,13989939,CC1C(C(C(C(O1)OC2C(C(OC(C2OC(=O)/C=C/C3=CC(=C(C=C3)O)O)COC4C(C(CO4)(CO)O)O)OCCC5=CC(=C(C=C5)O)O)O)O)O)O,Active,,,,IC50,,2.88,,2880,,,P0DTD1,BDBM512729,Replicase polyprotein 1ab
684,459629978,162533756,CC(C)C[C@H](C(=O)N[C@H](C[C@H]1CCNC1=O)C(=O)C2=NC3=CC=CC=C3S2)NC(=O)[C@@H](C(C)C)NC(=O)COC4=CN=CC=C4,Active,,,,IC50,,2.9,,2900,,,P0C6X7,BDBM512732,Replicase polyprotein 1ab
685,459629978,162533756,CC(C)C[C@H](C(=O)N[C@H](C[C@H]1CCNC1=O)C(=O)C2=NC3=CC=CC=C3S2)NC(=O)[C@@H](C(C)C)NC(=O)COC4=CN=CC=C4,Active,,,,Ki,,0.22,220,,,,P0C6X7,BDBM512732,Replicase polyprotein 1ab
686,459629983,162533761,CCOC(=O)/C=C/C(CC1=CC=CC=C1)NC(=O)C(CC2=CC=CC=C2)NC(=O)/C=C/C3=CC4=C(C=C3)OCO4,Active,,,,Ki,,3.046,3046,,,,P0C6X7,BDBM512737,Replicase polyprotein 1ab
687,459629985,145962157,CC1=NC(=NN1C(=O)C)SSC2=CC=CC=C2[N+](=O)[O-],Active,,,,IC50,,3.13,,3130,,,P0C6X7,BDBM512739,Replicase polyprotein 1ab
688,459629986,6124214,CC1C(C(C(C(O1)OCC2C(C(C(C(O2)OCCC3=CC(=C(C=C3)O)O)O)O)OC(=O)/C=C/C4=CC(=C(C=C4)O)O)O)O)O,Active,,,,IC50,,3.18,,3180,,,P0DTD1,BDBM512740,Replicase polyprotein 1ab
689,459629987,71739725,CC(C)C[C@@H](C(=O)N[C@@H](C[C@@H]1CCNC1=O)C(=O)C2=NC3=CC=CC=C3S2)NC(=O)CC4=CC=CC=C4,Active,,,,Ki,,3.2,3200,,,,P0C6X7,BDBM512741,Replicase polyprotein 1ab
690,459629988,71739981,CC(C)C[C@@H](C(=O)N[C@@H](C[C@@H]1CCNC1=O)C(=O)C2=NC3=CC=CC=C3S2)NC(=O)CNC4=CC=C(C=C4)OC,Active,,,,Ki,,3.2,3200,,,,P0C6X7,BDBM512742,Replicase polyprotein 1ab
691,459629989,91898871,CC1=CC2=C(C=C1C)N(C=N2)[C@@H]3[C@@H]([C@@H]([C@H](O3)CO)OP(=O)([O-])O[C@H](C)CNC(=O)CC[C@@]\4([C@H]([C@@H]5[C@]6([C@@]([C@@H](C(=N6)/C(=C\7/[C@@]([C@@H](C(=N7)/C=C\8/C([C@@H](C(=N8)/C(=C4\[N-]5)/C)CCC(=O)N)(C)C)CCC(=O)N)(C)CC(=O)N)/C)CCC(=O)N)(C)CC(=O)N)C)CC(=O)N)C)O,Active,,,,IC50,,3.29,,3290,,,P0DTD1,BDBM512743,Replicase polyprotein 1ab
692,459629990,658724,CC(=O)OC1=C(N=C(O1)C2=CC=CC=C2)C=NC3=CC=CC=C3OC,Active,,,,IC50,,3.3,,3300,,,P0C6X7,BDBM512744,Replicase polyprotein 1ab
693,459629991,145961561,C1=CC(=CC=C1SSC2=NC=CS2)Br,Active,,,,IC50,,3.321,,3321,,,P0C6X7,BDBM512745,Replicase polyprotein 1ab
694,459629992,162533763,CC(C)CC(C(=O)NC(CC1CCNC1=O)C(=O)CN2C(=O)C3C=CC=C(C3C(=O)N2)[N+](=O)[O-])NC(=O)C(C(C)O)NC(=O)C(C(C)C)NC(=O)C,Active,,,,IC50,,3.4,,3400,,,P0C6X7,BDBM512746,Replicase polyprotein 1ab
695,459629993,73349603,CC(C1=CSC=C1)N(C2=CC=C(C=C2)NC(=O)CCOC)C(=O)CN3C4=CC=CC=C4N=N3,Active,,,,IC50,,3.4,,3400,,,P0C6X7,BDBM512747,Replicase polyprotein 1ab
696,459629994,162533764,CC(C)C[C@H](C(=O)N[C@H](C[C@H]1CCNC1=O)C(=O)C2=NC3=CC=CC=C3S2)NC(=O)[C@@H](C(C)C)NC(=O)COC4=CC=C(C=C4)[N+](=O)[O-],Active,,,,IC50,,3.4,,3400,,,P0C6X7,BDBM512748,Replicase polyprotein 1ab
697,459629996,145962979,CCOC(=O)C1=CN=C(N1)SSC2=CC=C(C=C2)Cl,Active,,,,IC50,,3.675,,3675,,,P0C6X7,BDBM512750,Replicase polyprotein 1ab
698,459629999,145963500,CC1=C(N=C(N1)SSC2=CC=CC=C2C(=O)OC)C(=O)OC,Active,,,,IC50,,3.957,,3957,,,P0C6X7,BDBM512753,Replicase polyprotein 1ab
699,459630000,162533768,C1=CC=C(C=C1)C[C@@H](C(=O)NC2=C(C=C(C=C2)[N+](=O)[O-])Cl)NC(=O)C(CC(=O)NC(CC3=CC=CC=C3)C(=O)NC4=C(C=C(C=C4)[N+](=O)[O-])Cl)SO,Active,,,,IC50,,4,,4000,,,P0C6X7,BDBM512754,Replicase polyprotein 1ab
700,459630001,101520,C[C@@H]1C[C@@H]2[C@@](CC[C@]3([C@]2(CC[C@@]4(C3=CC=C5C4=CC(=O)C(=C5C)O)C)C)C)(CC1=O)C,Active,,,,IC50,,9.9,,9900,,,P0C6X7,BDBM512755,Replicase polyprotein 1ab
701,459630001,101520,C[C@@H]1C[C@@H]2[C@@](CC[C@]3([C@]2(CC[C@@]4(C3=CC=C5C4=CC(=O)C(=C5C)O)C)C)C)(CC1=O)C,Active,,,,Ki,,4,4000,,,,P0C6X7,BDBM512755,Replicase polyprotein 1ab
702,459630005,145961531,CC(=O)N1C(=NC(=N1)SSC2=CC=C(C=C2)OC)C3=CC=CC=C3,Active,,,,IC50,,4.1,,4100,,,P0C6X7,BDBM512759,Replicase polyprotein 1ab
703,459630006,145961186,CC1=C(N=C(N1)SSC2=CC=C(C=C2)Cl)C(=O)OC,Active,,,,IC50,,4.126,,4126,,,P0C6X7,BDBM512760,Replicase polyprotein 1ab
704,459630008,145960714,CC1=CC=C(C=C1)SSC2=NN(C(=N2)C3=CC=CC=C3)C(=O)C,Active,,,,IC50,,4.183,,4183,,,P0C6X7,BDBM512762,Replicase polyprotein 1ab
705,459630013,145961672,CCOC(=O)C1=CC=CC=C1SSC2=NN(C(=N2)C3=CC=NC=C3)C(=O)C,Active,,,,IC50,,4.511,,4511,,,P0C6X7,BDBM512767,Replicase polyprotein 1ab
706,459630015,3009583,B(C1=CC(=CC(=C1)[N+](=O)[O-])C(=O)OC2=CC=C(C=C2)OC(=O)C3=CC(=CC(=C3)B(O)O)[N+](=O)[O-])(O)O,Active,,,,Ki,,4.5,4500,,,,P0C6X7,BDBM512769,Replicase polyprotein 1ab
707,459630017,72146,COC1=C(C=CC(=C1)C(=S)N2CCOCC2)O,Active,,,,IC50,,4.6,,4600,,,P0DTD1,BDBM512771,Replicase polyprotein 1ab
708,459630018,162533779,C1[C@@H]2[C@H]([C@H]3[C@H](C(O2)O)OC(=O)C4=CC(=C(C(=C4C5=CC(=C(C(=C5C(=O)O3)O)O)O)O)O)O)OC(=O)C6=CC(=C(C(=C6C7=C(C(=C8C9=C7C(=O)OC2=C(C(=C(C3=C(C(=C(C=C3C(=O)O1)O)O)O)C(=C92)C(=O)O8)O)O)O)O)O)O)O,Active,,,,EC50,,7.2,,,,7200,P0DTD1,BDBM512772,Replicase polyprotein 1ab
709,459630018,162533779,C1[C@@H]2[C@H]([C@H]3[C@H](C(O2)O)OC(=O)C4=CC(=C(C(=C4C5=CC(=C(C(=C5C(=O)O3)O)O)O)O)O)O)OC(=O)C6=CC(=C(C(=C6C7=C(C(=C8C9=C7C(=O)OC2=C(C(=C(C3=C(C(=C(C=C3C(=O)O1)O)O)O)C(=C92)C(=O)O8)O)O)O)O)O)O)O,Active,,,,IC50,,4.62,,4620,,,P0DTD1,BDBM512772,Replicase polyprotein 1ab
710,459630023,156485520,CC1C(C(C(C(O1)OCC2C(C(C(C(O2)OCCC3=CC(=C(C=C3)O)O)O)OC(=O)/C=C/C4=CC(=C(C=C4)O)O)O)O)O)O,Active,,,,IC50,,5.47,,5470,,,P0DTD1,BDBM512778,Replicase polyprotein 1ab
711,459630027,4000243,CCOC1=CC=CC(=C1)C(=O)C2=C(C(=C(C=C2)O)O)O,Inactive,,,,IC50,,10.6,,10600,,,P0C6X7,BDBM512782,Replicase polyprotein 1ab
712,459630027,4000243,CCOC1=CC=CC(=C1)C(=O)C2=C(C(=C(C=C2)O)O)O,Active,,,,Ki,,5.6,5600,,,,P0C6X7,BDBM512782,Replicase polyprotein 1ab
713,459630028,145962239,CCOC(=O)C1=CC=CC=C1SSC2=NN(C(=N2)C3=CN=CC=C3)C(=O)C,Active,,,,IC50,,5.654,,5654,,,P0C6X7,BDBM512783,Replicase polyprotein 1ab
714,459630029,162533787,C[C@@H](C(=O)N[C@@H](C(C)C)C(=O)N[C@@H](CC(C)C)C(=O)N[C@@H](CC1=CN=C[NH2+]1)C=O)NC(=O)[C@H](CO)NC(=O)C,Active,,,,IC50,,5.7,,5700,,,P0C6X7,BDBM512784,Replicase polyprotein 1ab
715,459630031,56841942,CCCCC(C(=O)C(=O)NC1CC1)NC(=O)C2[C@@H]3[C@@H](C3(C)C)CN2C(=O)C(C(C)(C)C)NC(=O)NC4(CCCCC4)CS(=O)(=O)C(C)(C)C,Active,,,,IC50,,5.73,,5730,,,P0C6X7,BDBM512786,Replicase polyprotein 1ab
716,459630032,145961434,CC(=O)N1C(=NC(=N1)SSC2=CC=C(C=C2)OC)C3=CN=CC=C3,Active,,,,IC50,,5.794,,5794,,,P0C6X7,BDBM512787,Replicase polyprotein 1ab
717,459630033,71522062,C[C@H]1[C@@H]([C@H]([C@H]([C@H](O1)OC[C@@H]2[C@H]([C@@H]([C@H]([C@@H](O2)OCCC3=CC(=C(C=C3)O)O)O)OC(=O)/C=C/C4=CC(=C(C=C4)O)O)O)O)O)O,Active,,,,IC50,,5.85,,5850,,,P0DTD1,BDBM512788,Replicase polyprotein 1ab
718,459630034,71739458,CC(C)C[C@@H](C(=O)N[C@@H](C[C@@H]1CCNC1=O)C(=O)C2=NC3=CC=CC=C3S2)NC(=O)CC(C)C,Active,,,,Ki,,5.9,5900,,,,P0C6X7,BDBM512789,Replicase polyprotein 1ab
719,459630035,45006077,CC1C2CC3C(C(C(N3)CC4C(C(C(N4)CC5C(C(C(N5)CC(C1CCC(=O)O)N2)CCC(=O)O)C)C(C)O)C)C(C)O)C,Active,,,,IC50,,3.9,,3900,,,P0DTD1,BDBM512790,Replicase polyprotein 1ab
720,459630035,45006077,CC1C2CC3C(C(C(N3)CC4C(C(C(N4)CC5C(C(C(N5)CC(C1CCC(=O)O)N2)CCC(=O)O)C)C(C)O)C)C(C)O)C,Active,,,,Ki,,5.9,5900,,,,P0DTD1,BDBM512790,Replicase polyprotein 1ab
721,459630036,145963056,CCOC(=O)C1=CC=CC=C1SSC2=NC(=C(N2)C)C(=O)OC,Active,,,,IC50,,5.954,,5954,,,P0C6X7,BDBM512791,Replicase polyprotein 1ab
722,459630039,3431427,C1C(N(N=C1C2=CC=CS2)C(=O)CCl)C3=CC=CS3,Active,,,,IC50,,4.7,,4700,,,P0DTD1,BDBM512794,Replicase polyprotein 1ab
723,459630040,16227195,C1CN(C(C2=C1SC=C2)C3=CC=CS3)C(=O)CCl,Inactive,,,,IC50,,37.5,,37500,,,P0DTD1,BDBM512795,Replicase polyprotein 1ab
724,459630041,54592463,C1CN(C(C2=C1SC=C2)C3=CC=CC=C3)C(=O)CCl,Inactive,,,,IC50,,55,,55000,,,P0DTD1,BDBM512796,Replicase polyprotein 1ab
725,459630045,819894,C1=CC(=CC=C1/C=C/[N+](=O)[O-])C#N,Inactive,,,,IC50,,42.1,,42100,,,P0DTD1,BDBM512800,Replicase polyprotein 1ab
726,459630046,697963,COC1=CC=C(C=C1)/C=C/[N+](=O)[O-],Inactive,,,,IC50,,47.5,,47500,,,P0DTD1,BDBM512801,Replicase polyprotein 1ab
727,459630047,5354916,COC1=CC(=CC(=C1OC)OC)/C=C/[N+](=O)[O-],Inactive,,,,IC50,,45.9,,45900,,,P0DTD1,BDBM512802,Replicase polyprotein 1ab
728,459630048,5952498,C1=CC(=CC(=C1)Br)/C=C/[N+](=O)[O-],Inactive,,,,IC50,,14.6,,14600,,,P0DTD1,BDBM512803,Replicase polyprotein 1ab
729,459630049,93016519,CC1=CC=C(C=C1)S(=O)(=O)/C(=C\C2=CN=CC=C2)/C#N,Inactive,,,,IC50,,142,,142000,,,P0DTD1,BDBM512804,Replicase polyprotein 1ab
730,459630061,78099211,CN1C(=O)C(CCN1C#N)NC(=O)OCC2=CC=CC=C2,Inactive,,,,IC50,,14.8,,14800,,,P0DTD1,BDBM512816,Replicase polyprotein 1ab
731,459630064,54217213,C1=CC=C2C(=C1)C(=S)SC(=N2)SC#N,Inactive,,,,IC50,,24.5,,24500,,,P0DTD1,BDBM512819,Replicase polyprotein 1ab
732,459630064,54217213,C1=CC=C2C(=C1)C(=S)SC(=N2)SC#N,Inactive,,,,Ki,,12.1,12100,,,,P0DTD1,BDBM512819,Replicase polyprotein 1ab
733,459630065,162533807,CC(C)CC(C(=O)N(C)N(CCC(=O)N)C#N)NC(=O)OCC1=CC=CC=C1,Active,,,,IC50,,1.45,,1450,,,P0DTD1,BDBM512820,Replicase polyprotein 1ab
734,459630066,162533808,CN(C(=O)C(CC1=CC=CC=C1)NC(=O)OCC2=CC=CC=C2)N(CCC(=O)N)C#N,Active,,,,IC50,,2.33,,2330,,,P0DTD1,BDBM512821,Replicase polyprotein 1ab
735,459630067,162533809,CC(C)CC(C(=O)N(C)N(CCC(=O)N)C#N)NC(=O)[C@H](C(C)(C)C)NC(=O)OCC1=CC=CC=C1,Active,,,,IC50,,0.775,,775,,,P0DTD1,BDBM512822,Replicase polyprotein 1ab
736,459630068,162533810,CC(C)(C)[C@@H](C(=O)NC(CC1=CC=CC=C1)C(=O)N(C)N(CCC(=O)N)C#N)NC(=O)OCC2=CC=CC=C2,Active,,,,IC50,,0.236,,236,,,P0DTD1,BDBM512823,Replicase polyprotein 1ab
737,459630069,162533811,CCC(C(=O)NC(C(=O)NC(CC(C)C)C(=O)N(C)N(CCC(=O)N)C#N)C(C)(C)C)NC(=O)OCC1=CC=CC=C1,Active,,,,IC50,,0.037,,37,,,P0DTD1,BDBM512824,Replicase polyprotein 1ab
738,459630070,162533812,CCC(C(=O)NC(C(=O)NC(CC1=CC=CC=C1)C(=O)N(C)N(CCC(=O)N)C#N)C(C)(C)C)NC(=O)OCC2=CC=CC=C2,Active,,,,IC50,,0.038,,38,,,P0DTD1,BDBM512825,Replicase polyprotein 1ab
739,459630071,44305537,C1=CC(=C(C=C1C2=CC=C(O2)C3=CC(=C(C=C3)N=C(N)N)Cl)Cl)N=C(N)N,Active,,,,IC50,,1.6,,1600,,,P0DTD1,BDBM512826,Replicase polyprotein 1ab
740,459630071,44305537,C1=CC(=C(C=C1C2=CC=C(O2)C3=CC(=C(C=C3)N=C(N)N)Cl)Cl)N=C(N)N,Active,,,,Ki,,0.709,709,,,,P0DTD1,BDBM512826,Replicase polyprotein 1ab
741,459630072,162533813,CC(=O)OCC1[C@@H](C([C@@H]([C@@H](O1)C[S-])OC(=O)C)OC(=O)C)OC(=O)C.[Au+],Inactive,,,,IC50,,19.8,,19800,,,P0DTD1,BDBM512827,Replicase polyprotein 1ab
742,459630073,162533815,CN1C2=NC3=[N+](C=CN3C2C(=O)N(C1=O)C)CC#CC4=CC(=C(C=C4)Cl)Cl,Inactive,,,,IC50,,22.5,,22500,,,P0DTD1,BDBM512828,Replicase polyprotein 1ab
743,459630073,162533815,CN1C2=NC3=[N+](C=CN3C2C(=O)N(C1=O)C)CC#CC4=CC(=C(C=C4)Cl)Cl,Inactive,,,,Ki,,11.1,11100,,,,P0DTD1,BDBM512828,Replicase polyprotein 1ab
744,459630075,16203911,C1=CC=C2C(=C1)C(=CN2)C(=O)OC3=CC(=CN=C3)Cl,Inactive,,,,IC50,,21.7,,21700,,,P0DTD1,BDBM512830,Replicase polyprotein 1ab
745,459630080,155925842,C1=CC2=C(C=C1Cl)C=C(N2)C(=O)OC3=CC(=CN=C3)Cl,Active,,,,IC50,,0.034,,34,,,P0DTD1,BDBM512835,Replicase polyprotein 1ab
746,459630081,162533821,C1=CC(=C2C=CNC2=C1)C(=O)OC3=CC(=CN=C3)Br,Active,,,,IC50,,0.227,,227,,,P0DTD1,BDBM512836,Replicase polyprotein 1ab
747,459630082,162533822,C1CCC2=C(C1)C3=C(N2)C=CC(=C3)C(=O)OC4=CC(=CN=C4)Cl,Active,,,,IC50,,0.354,,354,,,P0DTD1,BDBM512837,Replicase polyprotein 1ab
748,459630085,162533825,C1=C(C=C(C2=C1NC(=C2)C(=O)OC3=CC(=CN=C3)Cl)Cl)Cl,Active,,,,IC50,,0.023,,23,,,P0DTD1,BDBM512840,Replicase polyprotein 1ab
749,459630087,71717909,CC(C)(C)C1=CC=C(C=C1)N(C(C2=CN=CC=C2)C(=O)NC(C)(C)C)C(=O)C3=NC=NC3,Active,,,,IC50,,6,,6000,,,P0C6X7,BDBM512842,Replicase polyprotein 1ab
750,459630088,3009586,B(C1=CC(=CC(=C1)[N+](=O)[O-])C(=O)OCC2=CC=CC=C2COC(=O)C3=CC(=CC(=C3)B(O)O)[N+](=O)[O-])(O)O,Active,,,,Ki,,6,6000,,,,P0C6X7,BDBM512843,Replicase polyprotein 1ab
751,459630090,25681649,CCC(C)(C)NC(=O)[C@@H](C1=CC=CN1C)N(C2=CC=C(C=C2)NC(=O)C)C(=O)CN3C4=CC=CC=C4N=N3,Active,,,,IC50,,6.2,,6200,,,P0C6X7,BDBM512845,Replicase polyprotein 1ab
752,459630091,155511410,C1CNC(=O)[C@@H]1C[C@@H](C(=O)C(=O)NCC2=CC=CC=C2)NC(=O)[C@H](C3CC3)NC(=O)/C=C/C4=CC=CC=C4,Active,,,,IC50,,6.27,,6270,,,P0C6X7,BDBM512846,Replicase polyprotein 1ab
753,459630093,162533829,CCOC(=O)/C=C/C(CC1=CC=CC=C1)NC(=O)C(CC2=CC=CC=C2)NC(=O)/C=C/C3=CC=C(C=C3)C4=CC=CC=C4,Active,,,,Ki,,6.44,6440,,,,P0C6X7,BDBM512848,Replicase polyprotein 1ab
754,459630095,76005395,CC1C(C(C(C(O1)OCC2C(C(C(C(O2)OCCC3=CC(=C(C=C3)O)O)O)O)O)O)O)O,Active,,,,IC50,,6.68,,6680,,,P0DTD1,BDBM512850,Replicase polyprotein 1ab
755,459630096,72708424,CC1=C(NC2=C1C=C(C=C2)OC)C(=O)N[C@@H](CC(C)C)C(=O)N[C@@H](C[C@@H]3CCNC3=O)C(=O)C4=NC5=CC=CC=C5S4,Active,,,,Ki,,6.7,6700,,,,P0C6X7,BDBM512851,Replicase polyprotein 1ab
756,459630097,5287569,CCOC(=O)/C=C/[C@H](C[C@@H]1CCNC1=O)NC(=O)[C@H](CC(C)C)NC(=O)[C@H](C(C)C)NC(=O)[C@H](C(C)C)NC(=O)C2=COC=C2,Active,,,,Ki,,6.7,6700,,,,P0C6X7,BDBM512852,Replicase polyprotein 1ab
757,459630098,145962273,CCOC(=O)/C=C/[C@H](C[C@@H]1CCNC1=O)NC(=O)[C@H](CCC(C)C)NC(=O)[C@H](C(C)C)NC(=O)[C@H](C(C)C)NC(=O)C2=CC=CO2,Active,,,,Ki,,6.7,6700,,,,P0C6X7,BDBM512853,Replicase polyprotein 1ab
758,459630100,162533832,CC(C)C[C@H](C(=O)N[C@H](C[C@H]1CCNC1=O)C(=O)C2=NC=CS2)NC(=O)[C@@H](C(C)C)NC(=O)COC3=CC=CC=C3,Active,,,,IC50,,6.8,,6800,,,P0C6X7,BDBM512855,Replicase polyprotein 1ab
759,459630101,73325061,CC(C)C(C(=O)NC(CC(=O)OC)C(=O)CF)NC(=O)C(CCC(=O)OC)NC(=O)C(CC(=O)OC)NC(=O)OCC1=CC=CC=C1,Active,,,,IC50,,6.81,,6810,,,P0DTD1,BDBM512856,Replicase polyprotein 1ab
760,459630102,49870842,C1=CC=C(C=C1)C\2=NN(C(=O)/C2=C\C3=CC=C(C=C3)C(=O)O)C4=CC=C(C=C4)F,Active,,,,IC50,,6.8,,6800,,,P0C6X7,BDBM512857,Replicase polyprotein 1ab
761,459630103,162533833,COC1=CC=C(C=C1)N2C(=O)/C(=C\C3=CC(=C(C(=C3)Cl)OCC4=CC(=CC=C4)C(=O)O)Cl)/C(=O)NC2=O,Active,,,,IC50,,6.86,,6860,,,P0C6X7,BDBM512858,Replicase polyprotein 1ab
762,459630104,45382031,CCC(=O)NC1=CC=C(C=C1)N(C(C2=CSC=C2)C(=O)NC(C)(C)C)C(=O)CN3C4=CC=CC=C4N=N3,Active,,,,IC50,,6.9,,6900,,,P0C6X7,BDBM512859,Replicase polyprotein 1ab
763,459630105,3452219,COC(=O)C1=CC2=C(O1)NC(=CC2=O)C(F)(F)F,Active,,,,IC50,,7,,7000,,,P0C6X7,BDBM512860,Replicase polyprotein 1ab
764,459630106,162533834,C1[C@H](C(OC2=CC(=CC(=C21)O)O)C3=CC4=C(C(=C(C=C4C5[C@H](CC6=C(C=C(C=C6O5)O)O)OC(=O)C7=CC(=C(C(=C7)O)O)O)O)O)C(=O)C(=C3)O)O,Active,,,,IC50,,7,,7000,,,P0C6X7,BDBM512861,Replicase polyprotein 1ab
765,459630107,13355054,C1=CC=C(C=C1)CN2C=C3C(=O)C=CC(=O)C3=C2,Active,,,,IC50,,7,,7000,,,P0C6X7,BDBM512862,Replicase polyprotein 1ab
766,459630108,2824375,CC1=C(SC2=C1C=C(C=C2)Cl)C(=O)CC3C(=C(C(=O)O3)Cl)Cl,Active,,,,IC50,,7,,7000,,,P0C6X7,BDBM512863,Replicase polyprotein 1ab
767,459630109,46891201,COC1=CC(=O)OC(=C1)CS(=O)C2=NC3=C(S2)N=CC=C3,Active,,,,IC50,,7.2,,7200,,,P0C6X7,BDBM512864,Replicase polyprotein 1ab
768,459630111,71739851,CC(C)C[C@@H](C(=O)N[C@@H](C[C@@H]1CCNC1=O)C(=O)C2=NC3=CC=CC=C3S2)NC(=O)CCC4=CN=CC=C4,Active,,,,Ki,,7.4,7400,,,,P0C6X7,BDBM512866,Replicase polyprotein 1ab
769,459630118,72708425,CCC1=C(NC2=C1C=C(C=C2)OC)C(=O)N[C@@H](CC(C)C)C(=O)N[C@@H](C[C@@H]3CCNC3=O)C(=O)C4=NC5=CC=CC=C5S4,Active,,,,Ki,,7.5,7500,,,,P0C6X7,BDBM512873,Replicase polyprotein 1ab
770,459630119,162533842,CC(C)C[C@H](C(=O)N[C@H](C[C@H]1CCNC1=O)C(=O)C2=NC3=CC=CC=C3S2)NC(=O)[C@@H](C(C)C)NC(=O)CNCC4=CC=CC=C4,Active,,,,IC50,,7.5,,7500,,,P0C6X7,BDBM512874,Replicase polyprotein 1ab
771,459630121,45382022,CC(=O)NC1=CC=C(C=C1)N(C(C2=CSC=C2)C(=O)NC(C)(C)C)C(=O)CN3C4=CC=CC=C4N=N3,Active,,,,IC50,,7.72,,7720,,,P0C6X7,BDBM512876,Replicase polyprotein 1ab
772,459630122,162533844,C1CC(OC1)C(=O)OC2=CN=CC=C2,Active,,,,IC50,,7.9,,7900,,,P0C6X7,BDBM512877,Replicase polyprotein 1ab
773,459630125,3773334,CCCN1C2=CC=CC=C2N=C1NCC3=CC=C(C=C3)N4C(CC(=N4)C5=CC=CC=C5)C6=CC=CC=C6,Active,,,,IC50,,8,,8000,,,P0C6X7,BDBM512880,Replicase polyprotein 1ab
774,459630126,3997158,CCCCN1C2=CC=CC=C2N=C1NCC3=CC=C(C=C3)N4C(CC(=N4)C5=CC=CC=C5)C6=CC=CC=C6,Active,,,,IC50,,8.1,,8100,,,P0C6X7,BDBM512881,Replicase polyprotein 1ab
775,459630127,46861531,C1CC(C1)C(=O)NC2=CC=C(C=C2)N(CC3=CSC=C3)C(=O)CN4C5=CC=CC=C5N=N4,Active,,,,IC50,,8.1,,8100,,,P0C6X7,BDBM512882,Replicase polyprotein 1ab
776,459630128,2371,CC(=C)C1CCC2(C1C3CCC4C5(CCC(C(C5CCC4(C3(CC2)C)C)(C)C)O)C)C(=O)O,Inactive,,,,IC50,,10,,10000,,,P0C6X7,BDBM512883,Replicase polyprotein 1ab
777,459630128,2371,CC(=C)C1CCC2(C1C3CCC4C5(CCC(C(C5CCC4(C3(CC2)C)C)(C)C)O)C)C(=O)O,Active,,,,Ki,,8.2,8200,,,,P0C6X7,BDBM512883,Replicase polyprotein 1ab
778,459630129,162533847,C[C@H]([C@@H](C(=O)N[C@@H](CC(C)C)C(=O)N[C@@H](CCC(=O)N)CO)NC(=O)[C@H](CO)NC(=O)[C@H](CCC(=O)O)NC(=O)C)O,Active,,,,Ki,,8.27,8270,,,,P0C6X7,BDBM512884,Replicase polyprotein 1ab
779,459630131,49870841,C1=CC=C(C=C1)C\2=NN(C(=O)/C2=C\C3=CC=C(C=C3)C(=O)O)C4=CC(=CC=C4)[N+](=O)[O-],Active,,,,IC50,,8.4,,8400,,,P0C6X7,BDBM512886,Replicase polyprotein 1ab
780,459630132,71739979,CC(C)C[C@@H](C(=O)N[C@@H](C[C@@H]1CCNC1=O)C(=O)C2=NC3=CC=CC=C3S2)NC(=O)COC4=CC=C(C=C4)O,Active,,,,Ki,,8.4,8400,,,,P0C6X7,BDBM512887,Replicase polyprotein 1ab
781,459630133,3268933,CCN1C2=CC=CC=C2N=C1NCC3=CC=C(C=C3)N4C(CC(=N4)C5=CC=CC=C5)C6=CC=CC=C6,Active,,,,IC50,,8.4,,8400,,,P0C6X7,BDBM512888,Replicase polyprotein 1ab
782,459630134,155531853,CCCC[C@@H](C(=O)N[C@@H](C[C@@H]1CCNC1=O)C(=O)C(=O)NCC2=CC=CC=C2)NC(=O)/C=C/C3=CC=CC=C3,Active,,,,IC50,,8.5,,8500,,,P0C6X7,BDBM512889,Replicase polyprotein 1ab
783,459630138,6708739,CCOC1=CC=C(C=C1)C(=O)C2=C(C(=C(C=C2)O)O)O,Active,,,,IC50,,9,,9000,,,P0DTD1,BDBM512893,Replicase polyprotein 1ab
784,459630139,162533852,CCOC(=O)/C=C/C(CC1=CC=CC=C1)NC(=O)C(CC2=CC=CC=C2)NC(=O)/C=C/C3=C(C=C(C=C3)OC)OC,Active,,,,Ki,,9.049,9049,,,,P0C6X7,BDBM512894,Replicase polyprotein 1ab
785,459630140,250397,C1C2C3C(C(C(O2)OC(=O)C4=CC(=C(C(=C4)O)O)O)OC(=O)C5=CC(=C(C6=C5C(C(C(=O)O3)CC(=O)O)C(C(=O)O6)O)O)O)OC(=O)C7=CC(=C(C(=C7C8=C(C(=C(C=C8C(=O)O1)O)O)O)O)O)O,Active,,,,EC50,,9.76,,,,9760,P0DTD1,BDBM512895,Replicase polyprotein 1ab
786,459630140,250397,C1C2C3C(C(C(O2)OC(=O)C4=CC(=C(C(=C4)O)O)O)OC(=O)C5=CC(=C(C6=C5C(C(C(=O)O3)CC(=O)O)C(C(=O)O6)O)O)O)OC(=O)C7=CC(=C(C(=C7C8=C(C(=C(C=C8C(=O)O1)O)O)O)O)O)O,Active,,,,IC50,,9.09,,9090,,,P0DTD1,BDBM512895,Replicase polyprotein 1ab
787,459630141,6509497,C1[C@@H](/C(=C/C2=CC3=C(C=C2)OCO3)/C(=O)O1)CC4=CC5=C(C=C4)OCO5,Active,,,,EC50,,1.13,,,,1130,P0C6X7,BDBM512896,Replicase polyprotein 1ab
788,459630141,6509497,C1[C@@H](/C(=C/C2=CC3=C(C=C2)OCO3)/C(=O)O1)CC4=CC5=C(C=C4)OCO5,Inactive,,,,IC50,,25,,25000,,,P0C6X7,BDBM512896,Replicase polyprotein 1ab
789,459630141,6509497,C1[C@@H](/C(=C/C2=CC3=C(C=C2)OCO3)/C(=O)O1)CC4=CC5=C(C=C4)OCO5,Active,,,,Ki,,9.1,9100,,,,P0C6X7,BDBM512896,Replicase polyprotein 1ab
790,459630143,1797638,C1=CC(=C(C=C1N2C(=O)/C(=C/C3=CC=C(O3)C4=C(C=C(C=C4)Br)C(=O)O)/C(=O)N2)Cl)Cl,Active,,,,IC50,,9.19,,9190,,,P0C6X7,BDBM512898,Replicase polyprotein 1ab
791,459630145,70063,C1=C(C=C(C(=C1[N+](=O)[O-])O)SC2=CC(=CC(=C2O)[N+](=O)[O-])Cl)Cl,Active,,,,IC50,,9.2,,9200,,,P0C6X7,BDBM512900,Replicase polyprotein 1ab
792,459630147,78165584,CSCCC(C(=O)NC(CC1CCNC1=O)C(=O)C2=NC3=CC=CC=C3S2)NC(=O)OCC4=CC=CC=C4,Active,,,,Ki,,9.4,9400,,,,P0C6X7,BDBM512902,Replicase polyprotein 1ab
793,459630148,162533856,C1[C@@H](C(OC2=CC(=CC(=C21)O)O)C3=CC4=C(C(=C(C=C4C5[C@H](CC6=C(C=C(C=C6O5)O)O)OC(=O)C7=CC(=C(C(=C7)O)O)O)O)O)C(=O)C(=C3)O)OC(=O)C8=CC(=C(C(=C8)O)O)O,Active,,,,IC50,,9.5,,9500,,,P0C6X7,BDBM512904,Replicase polyprotein 1ab
794,459630149,54680369,CC1=CC2=C(C=C1)OC(=O)C(=C2O)C(C3=CC=C(C=C3)OC)C4=C(C5=C(C=CC(=C5)C)OC4=O)O,Active,,,,IC50,,9.56,,9560,,,P0C6X7,BDBM512905,Replicase polyprotein 1ab
795,459630150,,,Active,,,,IC50,,9.68,,9680,,,P0DTD1,BDBM512906,Replicase polyprotein 1ab
796,459630151,2855457,CC(=O)N1C(C2CCC3=C(C2=N1)C=CC(=C3)OC)C4=CC(=CC=C4)I,Active,,,,IC50,,9.8,,9800,,,P0C6X7,BDBM512908,Replicase polyprotein 1ab
797,459630161,24939275,C[C@@H](C(=O)N[C@@H](C(C)C)C(=O)N[C@@H](CC(C)C)C(=O)NC(CC1=CC=CC=C1)C(=O)C(F)(F)F)NC(=O)OCC2=CC=CC=C2,Inactive,,,,IC50,,10,,10000,,,P0C6X7,BDBM512918,Replicase polyprotein 1ab
798,459630162,162533861,C1=CC=C(C=C1)COC2=CC=C(C=C2)N3C(=NN=N3)SC4C(=O)C5=CC=CC=C5NC4=O,Inactive,,,,IC50,,10,,10000,,,P0C6X7,BDBM512919,Replicase polyprotein 1ab
799,459630163,162533862,C1=CC(=CC=C1N2C(=NN=N2)SC3C(=O)C4=C(C=C(C=C4Cl)Cl)NC3=O)O,Inactive,,,,IC50,,10,,10000,,,P0C6X7,BDBM512920,Replicase polyprotein 1ab
800,459630165,162533863,CC1C(C(C(C(O1)OCC2C(C(C(C(O2)OCCC3=CC(=C(C=C3)O)O)OC(=O)/C=C/C4=CC(=C(C=C4)O)O)O)O)O)O)O,Inactive,,,,IC50,,10.17,,10170,,,P0DTD1,BDBM512922,Replicase polyprotein 1ab
801,459630167,46861534,CC(C)COC(=O)NC1=CC=C(C=C1)N(CC2=CSC=C2)C(=O)CN3C4=CC=CC=C4N=N3,Inactive,,,,IC50,,10.3,,10300,,,P0C6X7,BDBM512924,Replicase polyprotein 1ab
802,459630170,2532,CCCCC(C=O)NC(=O)C(CC(C)C)NC(=O)OCC1=CC=CC=C1,Inactive,,,,IC50,,10.69,,10690,,,P0DTD1,BDBM512927,Replicase polyprotein 1ab
803,459630172,155536612,C#CC[C@@H](C(=O)N[C@@H](C[C@@H]1CCNC1=O)C(=O)C(=O)NCC2=CC=CC=C2)NC(=O)/C=C/C3=CC=CC=C3,Inactive,,,,IC50,,10.68,,10680,,,P0C6X7,BDBM512929,Replicase polyprotein 1ab
804,459630173,52949213,C1=CC=C(C=C1)C\2=NN(C(=O)/C2=C\C3=CC=C(C=C3)C(=O)O)C4=CC(=CC=C4)Cl,Inactive,,,,IC50,,10.8,,10800,,,P0C6X7,BDBM512930,Replicase polyprotein 1ab
805,459630174,722085,C1CN(C(N1C2=CC=CC=C2)C3=CC=CC=C3[N+](=O)[O-])C4=CC=CC=C4,Inactive,,,,EC50,,14,,,,14000,P0C6X7,BDBM512931,Replicase polyprotein 1ab
806,459630174,722085,C1CN(C(N1C2=CC=CC=C2)C3=CC=CC=C3[N+](=O)[O-])C4=CC=CC=C4,Inactive,,,,Ki,,11,11000,,,,P0C6X7,BDBM512931,Replicase polyprotein 1ab
807,459630175,162533864,CC1C(C(C(C(O1)OCC2C(C(C(C(O2)OC3=C(OC4=CC(=CC(=C4C3=O)O)O)C5=CC(=C(C=C5)O)O)O)O)O)O)O)OCC(=O)NC6=CC=C(C=C6)N([C@@H](C7=CSC=C7)C(=O)NC(C)(C)C)C(=O)N8C=C(N=N8)C9=CC=CC=C9,Inactive,,,,IC50,,11,,11000,,,P0C6X7,BDBM512932,Replicase polyprotein 1ab
808,459630175,162533864,CC1C(C(C(C(O1)OCC2C(C(C(C(O2)OC3=C(OC4=CC(=CC(=C4C3=O)O)O)C5=CC(=C(C=C5)O)O)O)O)O)O)O)OCC(=O)NC6=CC=C(C=C6)N([C@@H](C7=CSC=C7)C(=O)NC(C)(C)C)C(=O)N8C=C(N=N8)C9=CC=CC=C9,Inactive,,,,Ki,,11,11000,,,,P0DTD1,BDBM512932,Replicase polyprotein 1ab
809,459630177,53488299,CC(=O)NC1=CC=C(C=C1)N(C(C2=CSC=C2)C(=O)NC(C)(C)C)C(=O)CN3C=C(N=N3)C4=CC=CC=C4,Inactive,,,,IC50,,11,,11000,,,P0C6X7,BDBM512934,Replicase polyprotein 1ab
810,459630178,5388781,C=CC/C=C/C/C=C/CCCCCCCC1=C(C(=CC=C1)O)C(=O)O,Inactive,,,,IC50,,11.04,,11040,,,P0DTD1,BDBM512935,Replicase polyprotein 1ab
811,459630183,52945913,COC1=CC=C(C=C1)N2C(=O)/C(=C\C3=CC=C(C=C3)C(=O)O)/C(=N2)C4=CC=CC=C4,Inactive,,,,IC50,,12,,12000,,,P0C6X7,BDBM512940,Replicase polyprotein 1ab
812,459630185,56973488,COC1=NC=C(C=N1)C2=CC=C(C=C2)N(CC3=CSC=C3)C(=O)CN4C5=CC=CC=C5N=N4,Inactive,,,,IC50,,12.5,,12500,,,P0C6X7,BDBM512942,Replicase polyprotein 1ab
813,459630189,162533865,CCOC(=O)/C=C/C(CC1=CC=CC=C1)NC(=O)C(CC2=CC=CC=C2)CC(=O)C(C(C)C)NC(=O)C3=NOC(=C3)C,Inactive,,,,IC50,,13,,13000,,,P0C6X7,BDBM512946,Replicase polyprotein 1ab
814,459630190,162533866,CC(C)C[C@H](C(=O)N[C@H](C[C@H]1CCNC1=O)C(=O)C2=NC=CS2)NC(=O)[C@@H](C(C)C)NC(=O)CCC3=CC=CC=C3,Inactive,,,,IC50,,13,,13000,,,P0C6X7,BDBM512947,Replicase polyprotein 1ab
815,459630194,71717908,CC1=CC=C(C=C1)C2=CC=C(C2)C(=C)CC3=CC=CC(=C3)C,Inactive,,,,IC50,,13,,13000,,,P0C6X7,BDBM512951,Replicase polyprotein 1ab
816,459630196,46861529,CC(C)(C)C(=O)NC1=CC=C(C=C1)N(CC2=CSC=C2)C(=O)CN3C4=CC=CC=C4N=N3,Inactive,,,,IC50,,13.3,,13300,,,P0C6X7,BDBM512953,Replicase polyprotein 1ab
817,459630202,58341255,CC1=C(C=CC2=C1N=C(C=C2O[C@@H]3C[C@@H]4[C@@H](C3)C(=O)N(CCCC/C=C/[C@H]5C[C@]5(NC4=O)C(=O)NS(=O)(=O)C6CC6)C)C7=NC(=CS7)C(C)C)OC,Inactive,,,,IC50,,13.74,,13740,,,P0DTD1,BDBM512959,Replicase polyprotein 1ab
818,459630204,52941131,C1=CC=C(C=C1)C\2=NN(C(=O)/C2=C\C3=CC=C(C=C3)C(=O)O)C4=CC=C(C=C4)Cl,Inactive,,,,IC50,,13.9,,13900,,,P0C6X7,BDBM512961,Replicase polyprotein 1ab
819,459630208,72708468,CC(C)C[C@@H](C(=O)N[C@@H](C[C@@H]1CCNC1=O)C(=O)C2=NC3=CC=CC=C3S2)NC(=O)C4=CC5=CC=CC=C5O4,Inactive,,,,Ki,,14,14000,,,,P0C6X7,BDBM512965,Replicase polyprotein 1ab
820,459630209,162533867,CC1=CSC(=N1)C2=NC(=CS2)C3=NC(=NC=C3)SCC(=O)NC4=CC=C(C=C4)Cl,Inactive,,,,IC50,,14,,14000,,,P0C6X7,BDBM512966,Replicase polyprotein 1ab
821,459630212,75024135,CSC1C(C(NN1)NC(=O)C2=CC=CS2)S(=O)(=O)C3=CC=CC=C3,Inactive,,,,IC50,,15,,15000,,,P0C6X7,BDBM512969,Replicase polyprotein 1ab
822,459630214,75029329,CC(C)CC(C(=O)NC(CC1=CC=CC=C1)C(=O)C(F)(F)F)NC(=O)OCC2=CC=CC=C2,Inactive,,,,IC50,,15,,15000,,,P0C6X7,BDBM512972,Replicase polyprotein 1ab
823,459630220,162533868,C1CC(=O)N(C1=O)OC(=O)C2=CC3=C(C=C2)N(C(=O)C3=O)CC4=CC=CC=C4,Inactive,,,,IC50,,15.5,,15500,,,P0DTD1,BDBM512978,Replicase polyprotein 1ab
824,459630224,2799801,CCOC(=O)/C(=C/NC1=CC=C(C=C1)S(=O)(=O)C2=CC=C(C=C2)N/C=C(/C(=O)OCC)\C#N)/C#N,Inactive,,,,IC50,,16,,16000,,,P0C6X7,BDBM512982,Replicase polyprotein 1ab
825,459630226,3009584,B(C1=CC(=CC=C1)COC(=O)C2=CC(=CC(=C2)B(O)O)[N+](=O)[O-])(O)O,Inactive,,,,Ki,,16,16000,,,,P0C6X7,BDBM512984,Replicase polyprotein 1ab
826,459630227,162533869,C1=CC=C(C=C1)CCSC2=NC(=O)C(C(=N2)C3=CC=C(C=C3)Cl)C#N,Inactive,,,,IC50,,16.9,,16900,,,P0C6X7,BDBM512985,Replicase polyprotein 1ab
827,459630230,5335621,CCOC(=O)C1=CC=C(C=C1)N2C(=O)/C(=C\C3=CC=C(O3)[N+](=O)[O-])/C(=O)N2,Inactive,,,,IC50,,17.38,,17380,,,P0DTD1,BDBM512988,Replicase polyprotein 1ab
828,459630236,162533870,C1=CSC(=C1)S(=O)(=O)CC2=[NH+]C(=CS2)C3=CC=C(S3)Cl,Inactive,,,,IC50,,18,,18000,,,P0C6X7,BDBM512994,Replicase polyprotein 1ab
829,459630237,162533871,CCOC(=O)C1C(O1)C(=O)N(CCC(=O)N)NC(=O)[C@H](CC2=CC=CC=C2)NC(=O)C(CC(C)C)NC(=O)OCC3=CC=CC=C3,Inactive,,,,IC50,,18,,18000,,,P0C6X7,BDBM512995,Replicase polyprotein 1ab
830,459630238,4398304,CC1=NN(C(=C1[N+](=O)[O-])N2C(=C(C(=N2)SC)C#N)C3=CC=CS3)C,Inactive,,,,IC50,,18,,18000,,,P0C6X7,BDBM512996,Replicase polyprotein 1ab
831,459630240,52947200,C1=CC=C(C=C1)C\2=NN(C(=O)/C2=C\C3=CC=C(C=C3)C(=O)O)C4=CC=CC=C4,Inactive,,,,IC50,,18,,18000,,,P0C6X7,BDBM512998,Replicase polyprotein 1ab
832,459630241,162533872,CC1=CC2=C(C=C1C)N(C=N2)C3C(C(C(O3)CO)OP(=O)(O)OC(C)CNC(=O)CCC\4(C(C5C6(C(C(C(=N6)/C(=C\7/C(C(C(=N7)/C=C\8/C(C(C(=N8)/C(=C4\[N-]5)/C)CCC(=O)N)(C)C)CCC(=O)N)(C)CC(=O)N)/C)CCC(=O)N)(C)CC(=O)N)C)CC(=O)N)C)O,Inactive,,,,IC50,,18.02,,18020,,,P0DTD1,BDBM512999,Replicase polyprotein 1ab
833,459630248,4305683,CC1=NN(C(=C1[N+](=O)[O-])NCC2=CC=C(S2)C3=CC=CS3)C,Inactive,,,,IC50,,20,,20000,,,P0C6X7,BDBM513007,Replicase polyprotein 1ab
834,459630249,85201203,C1=CC=C(C=C1)CC(C(=O)C(F)(F)F)NC(=O)C(CC2=CC=CC=C2)NC(=O)OCC3=CC=CC=C3,Inactive,,,,IC50,,20,,20000,,,P0C6X7,BDBM513008,Replicase polyprotein 1ab
835,459630250,162533873,COC1=CC=C(C=C1)C2=NC(=NC(=O)C2C#N)SCCC3=CC=CC=C3,Inactive,,,,IC50,,20.3,,20300,,,P0C6X7,BDBM513009,Replicase polyprotein 1ab
836,459630250,162533873,COC1=CC=C(C=C1)C2=NC(=NC(=O)C2C#N)SCCC3=CC=CC=C3,Inactive,,,,IC50,,20.49,,20490,,,P0DTD1,BDBM513009,Replicase polyprotein 1ab
837,459630250,162533873,COC1=CC=C(C=C1)C2=NC(=NC(=O)C2C#N)SCCC3=CC=CC=C3,Inactive,,,,IC50,,20.49,,20490,,,P0DTD1,BDBM513009,Replicase polyprotein 1ab
838,459630252,44428263,CC(C)NC1=NC(=CS1)C2=NC3=C(C=CC(=C3)OC)C(=C2)O[C@@H]4C[C@H]5C(=O)N[C@@]6(C[C@H]6/C=C/CCCCC[C@@H](C(=O)N5C4)NC(=O)OC7CCCC7)C(=O)O,Inactive,,,,IC50,,20.77,,20770,,,P0DTD1,BDBM513011,Replicase polyprotein 1ab
839,459630255,16466837,COC1=C(C=CC(=C1)/C=C/2\C(=O)N(C(=NC3=CC=CC=C3)S2)C4=CC=CC=C4)OCC5=CC(=CC=C5)C(=O)O,Inactive,,,,IC50,,21.49,,21490,,,P0C6X7,BDBM513014,Replicase polyprotein 1ab
840,459630261,162533874,CC(C)C[C@H](C(=O)N[C@H](C[C@H]1CCNC1=O)C(=O)C2=NC=C(S2)C3=CC4=CC=CC=C4C=C3)NC(=O)[C@@H](C(C)C)NC(=O)COC5=CC=C(C=C5)OC,Inactive,,,,Ki,,22,22000,,,,P0C6X7,BDBM513021,Replicase polyprotein 1ab
841,459630262,46861532,C1CCC(CC1)C(=O)NC2=CC=C(C=C2)N(CC3=CSC=C3)C(=O)CN4C5=CC=CC=C5N=N4,Inactive,,,,IC50,,22.1,,22100,,,P0C6X7,BDBM513022,Replicase polyprotein 1ab
842,459630264,46861521,CC(C)(C)C(=O)NC1=CC=C(C=C1)N(C(C2=CSC=C2)C(=O)NC(C)(C)C)C(=O)CN3C4=CC=CC=C4N=N3,Inactive,,,,IC50,,22.5,,22500,,,P0C6X7,BDBM513025,Replicase polyprotein 1ab
843,459630266,3010362,CC1=C(C(=CC=C1)C)OCC(=O)N[C@@H](CC2=CC=CC=C2)C[C@@H]([C@H](CC3=CC=CC=C3)NC(=O)[C@H](CC(C)C)NC(=O)CN4C(=O)CSC4=S)O,Inactive,,,,IC50,,23,,23000,,,P0C6X7,BDBM513027,Replicase polyprotein 1ab
844,459630267,71739585,CC(C)C[C@@H](C(=O)N[C@@H](C[C@@H]1CCNC1=O)C(=O)C2=NC3=CC=CC=C3S2)NC(=O)OC(C)(C)C,Inactive,,,,Ki,,23,23000,,,,P0C6X7,BDBM513028,Replicase polyprotein 1ab
845,459630272,162533875,CC1=C(C(=CC=C1)C)OCC(=O)N[C@@H](CC2=CC=CC=C2)CC([C@H](CC3=CC=CC=C3)NC(=O)[C@H](CC(C)C)NC(=O)C4=CC5=CC=CC=C5N4)O,Inactive,,,,IC50,,24,,24000,,,P0C6X7,BDBM513033,Replicase polyprotein 1ab
846,459630273,162533876,CC1=C(C(=CC=C1)C)OCC(=O)N[C@H](CC2=CC=CC=C2)CC([C@@H](CC3=CC=CC=C3)NC(=O)C(CC(C)C)NC(=O)/C=C\C4=CC=C(C=C4)OC)O,Inactive,,,,IC50,,24,,24000,,,P0C6X7,BDBM513034,Replicase polyprotein 1ab
847,459630274,162533877,CC(C)C[C@H](C(=O)N[C@H](C[C@H]1CCNC1=O)C(=O)C2=NC=CS2)NC(=O)[C@@H](C(C)C)NC(=O)C,Inactive,,,,IC50,,24,,24000,,,P0C6X7,BDBM513035,Replicase polyprotein 1ab
848,459630275,5353915,CC1C(C(C(C(O1)OC2=C(OC3=CC(=CC(=C3C2=O)O)O)C4=CC(=C(C=C4)O)O)O)O)O,Inactive,,,,IC50,,24.14,,24140,,,P0C6X7,BDBM513036,Replicase polyprotein 1ab
849,459630276,16136912,C[C@H]1[C@@H]([C@@](C[C@@H](O1)O[C@H]2[C@H]3C(=O)N[C@@H](C4=C(C(=CC(=C4)O)O)C5=C(C=CC(=C5)[C@H](C(=O)N3)NC(=O)[C@H]6C7=CC(=C(C(=C7)OC8=C(C=C2C=C8)Cl)O[C@H]9[C@@H]([C@H]([C@@H]([C@H](O9)CO)O)O)O[C@H]1C[C@]([C@H]([C@@H](O1)C)O)(C)NCC1=CC=C(C=C1)C1=CC=C(C=C1)Cl)OC1=C(C=C(C=C1)[C@H]([C@H](C(=O)N[C@H](C(=O)N6)CC(=O)N)NC(=O)[C@@H](CC(C)C)NC)O)Cl)O)C(=O)O)(C)N)O,Inactive,,,,IC50,,24.15,,24150,,,P0DTD1,BDBM513037,Replicase polyprotein 1ab
850,459630278,52943127,C1=CC=C(C=C1)C\2=NN(C(=O)/C2=C\C3=CC=C(C=C3)C(=O)O)C4=CC(=C(C=C4)Cl)Cl,Inactive,,,,IC50,,24.3,,24300,,,P0C6X7,BDBM513039,Replicase polyprotein 1ab
851,459630280,162533878,C1=CC=C(C=C1)C2=CC3=C(C=C2)C=C(C=C3)CN4C5=C(C=C(C=C5)C(=O)N)C(=O)C4=O,Inactive,,,,IC50,,24.9,,24900,,,P0DTD1,BDBM513041,Replicase polyprotein 1ab
852,459630282,162533879,CC1=C(C(=CC=C1)C)OCC(=O)N[C@@H](CC2=CC=CC=C2)CC([C@H](CC3=CC=CC=C3)NC(=O)[C@H](CC(C)C)NC(=O)C4=CC=C(O4)[N+](=O)[O-])O,Inactive,,,,IC50,,25,,25000,,,P0C6X7,BDBM513043,Replicase polyprotein 1ab
853,459630283,162533880,CC1=CC(=CC=C1)C(=O)N[C@@H](CC(C)C)C(=O)N[C@@H](CC2=CC=CC=C2)C(C[C@H](CC3=CC=CC=C3)NC(=O)COC4=C(C=CC=C4C)C)O,Inactive,,,,IC50,,25,,25000,,,P0C6X7,BDBM513044,Replicase polyprotein 1ab
854,459630284,162533881,CC1=C(C(=CC=C1)C)OCC(=O)N[C@H](CC2=CC=CC=C2)CC([C@@H](CC3=CC=CC=C3)NC(=O)C(CC(C)C)NC(=O)C4=CC=C(C=C4)C(F)(F)F)O,Inactive,,,,IC50,,25,,25000,,,P0C6X7,BDBM513045,Replicase polyprotein 1ab
855,459630285,162533882,CC1=C(C(=CC=C1)C)OCC(=O)N[C@H](CC2=CC=CC=C2)CC([C@@H](CC3=CC=CC=C3)NC(=O)C(CC(C)C)NC(=O)C4=CCOC5=C4C=C(C=C5)CCl)O,Inactive,,,,IC50,,25,,25000,,,P0C6X7,BDBM513046,Replicase polyprotein 1ab
856,459630288,45382030,CC(C)(C)NC(=O)C(C1=CSC=C1)N(C2=CC=C(C=C2)NS(=O)(=O)C)C(=O)CN3C4=CC=CC=C4N=N3,Inactive,,,,IC50,,25.3,,25300,,,P0C6X7,BDBM513049,Replicase polyprotein 1ab
857,459630289,6915837,CC(C(=O)CF)NC(=O)[C@H](CC1=CC=CC=C1)NC(=O)OCC2=CC=CC=C2,Inactive,,,,Ki,,25.7,25700,,,,P0C6X7,BDBM513050,Replicase polyprotein 1ab
858,459630290,46861525,CC(C)(C)NC(=O)C(C1=CSC=C1)N(C2=CC=C(C=C2)NC(=O)C3=CC=NO3)C(=O)CN4C5=CC=CC=C5N=N4,Inactive,,,,IC50,,26,,26000,,,P0C6X7,BDBM513051,Replicase polyprotein 1ab
859,459630291,75082720,COC1=CC=C(C=C1)C2=NC(=NC(=O)C2C#N)SCC3=CC=C(C=C3)[N+](=O)[O-],Inactive,,,,IC50,,26.3,,26300,,,P0C6X7,BDBM513052,Replicase polyprotein 1ab
860,459630294,72804529,CC(C)CC(C(=O)NC(CCC(=O)N(C)C)C(=O)C[N+]1=NC(=O)C2=CC=CC=C2C1=O)NC(=O)C(C(C)O)NC(=O)C(C(C)C)NC(=O)C,Inactive,,,,IC50,,28,,28000,,,P0C6X7,BDBM513055,Replicase polyprotein 1ab
861,459630296,162533883,CC(C)C1=CC=C(C=C1)N([C@H](C2=CN=CC=C2)C(=O)NC(C)(C)C)C(=O)C3=CC=CO3,Inactive,,,,IC50,,28.1,,28100,,,P0C6X7,BDBM513057,Replicase polyprotein 1ab
862,459630298,73345979,CC[C@@H](C)[C@@H](C(=O)N[C@@H](C[C@@H]1CCNC1=O)C(=O)C2=NC3=CC=CC=C3S2)NC(=O)OCC4=CC=CC=C4,Inactive,,,,Ki,,29,29000,,,,P0C6X7,BDBM513059,Replicase polyprotein 1ab
863,459630299,135442547,CCCC1=CC(=O)NC(=N1)SCC(=O)NC2=CC=C(C=C2)Cl,Inactive,,,,IC50,,30,,30000,,,P0C6X7,BDBM513060,Replicase polyprotein 1ab
864,459630300,5878729,C1C(C(C(C(O1)OC2=C(OC3=CC(=CC(=C3C2=O)O)O)C4=CC(=C(C=C4)O)O)O)O)O,Inactive,,,,IC50,,31.62,,31620,,,P0C6X7,BDBM513061,Replicase polyprotein 1ab
865,459630302,2799800,CCOC(=O)C(=CNC1=CC=C(C=C1)S(=O)(=O)C2=CC=C(C=C2)NC=C(C(=O)OCC)C(=O)OCC)C(=O)OCC,Inactive,,,,IC50,,32,,32000,,,P0C6X7,BDBM513063,Replicase polyprotein 1ab
866,459630306,162533884,CC1=C(C(=CC=C1)C)OCC(=O)N[C@@H](CC2=CC=CC=C2)CC([C@H](CC3=CC=CC=C3)NC(=O)[C@H](CC(C)C)NC(=O)CSC4=CC=CC=N4)O,Inactive,,,,IC50,,35,,35000,,,P0C6X7,BDBM513067,Replicase polyprotein 1ab
867,459630307,162533885,C1=CC=C(C=C1)C2=NC(=NC(=O)C2C#N)SCC3=CC=C(C=C3)[N+](=O)[O-],Inactive,,,,IC50,,35.2,,35200,,,P0C6X7,BDBM513068,Replicase polyprotein 1ab
868,459630308,162533886,CC(C)C[C@H](C(=O)N[C@H](C[C@H]1CCNC1=O)C(=O)C2=NC=CS2)NC(=O)[C@@H](C(C)C)NC(=O)OCC3=CC=C(C=C3)[N+](=O)[O-],Inactive,,,,IC50,,36,,36000,,,P0C6X7,BDBM513069,Replicase polyprotein 1ab
869,459630309,11718013,CCC(=C)C(=O)C1=C(C(=C(C=C1)OCC(=O)NC(C)(C)C(=O)N)Cl)Cl,Inactive,,,,Ki,,35.3,35300,,,,P0C6X7,BDBM513070,Replicase polyprotein 1ab
870,459630312,71740106,CC1=CC=C(C=C1)C2=CN=C(S2)C(=O)[C@H](C[C@@H]3CCNC3=O)NC(=O)[C@H](CC(C)C)NC(=O)OCC4=CC=CC=C4,Inactive,,,,Ki,,37,37000,,,,P0C6X7,BDBM513073,Replicase polyprotein 1ab
871,459630313,2131970,CC1=CC=C(C=C1)C(=O)N/C(=C/C2=CC=C(O2)C3=CC(=CC=C3)[N+](=O)[O-])/C(=O)NCCCN(C)C,Inactive,,,,IC50,,38.57,,38570,,,P0C6X7,BDBM513074,Replicase polyprotein 1ab
872,459630313,2131970,CC1=CC=C(C=C1)C(=O)N/C(=C/C2=CC=C(O2)C3=CC(=CC=C3)[N+](=O)[O-])/C(=O)NCCCN(C)C,Active,,,,Ki,,9.11,9110,,,,P0C6X7,BDBM513074,Replicase polyprotein 1ab
873,459630314,162533887,CCOC(=O)/C=C/C(CC1=CC=CC=C1)NC(=O)C(CC2=CC=C(C=C2)F)NC(=O)C(C(C)C)NC(=O)C3=NOC(=C3)C,Inactive,,,,IC50,,39,,39000,,,P0C6X7,BDBM513075,Replicase polyprotein 1ab
874,459630315,162533888,C[C@@H](C(=O)N[C@@H](C(C)C)C(=O)N[C@@H](CC(C)C)C(=O)N[C@@H](CCC(=O)N)C=N)NC(=O)C(CO)NC(=O)C(C(C)O)NC(=O)OCC1=CC=CC=C1,Inactive,,,,IC50,,39,,39000,,,P0C6X7,BDBM513076,Replicase polyprotein 1ab
875,459630318,162533889,C1=CC=C2C=C(C=CC2=C1)CN3C4=C(C=C(C=C4)CC(=O)N)C(=O)C3=O,Inactive,,,,IC50,,39.2,,39200,,,P0DTD1,BDBM513079,Replicase polyprotein 1ab
876,459630319,1794427,C1[C@H]([C@H]([C@@H](C[C@@]1(C(=O)O)O)OC(=O)/C=C/C2=CC(=C(C=C2)O)O)O)O,Inactive,,,,IC50,,39.48,,39480,,,P0DTD1,BDBM513080,Replicase polyprotein 1ab
877,459630321,44415173,C1=CSC(=N1)CC(=O)C2=NC=CS2,Inactive,,,,IC50,,40,,40000,,,P0C6X7,BDBM513082,Replicase polyprotein 1ab
878,459630322,75029328,CC(C)CC(C(=O)NC(C)C(=O)C(F)(F)F)NC(=O)OC(C)(C)C,Inactive,,,,IC50,,40,,40000,,,P0C6X7,BDBM513083,Replicase polyprotein 1ab
879,459630323,162533890,CC1=C(C(=CC=C1)C)OCC(=O)N[C@@H](CC2=CC=CC=C2)CC([C@H](CC3=CC=CC=C3)NC(=O)[C@H](CC(C)C)NC(=O)CC4=CC5=CC=CC=C5C=C4)O,Inactive,,,,IC50,,40,,40000,,,P0C6X7,BDBM513084,Replicase polyprotein 1ab
880,459630324,162533891,CC1=C(C(=CC=C1)C)OCC(=O)N[C@H](CC2=CC=CC=C2)CC([C@@H](CC3=CC=CC=C3)NC(=O)C(CC(C)C)NC(=O)CCNC(=O)OC(C)(C)C)O,Inactive,,,,IC50,,40,,40000,,,P0C6X7,BDBM513085,Replicase polyprotein 1ab
881,459630325,162533892,CC1=C(C(=CC=C1)C)OCC(=O)N[C@H](CC2=CC=CC=C2)CC([C@@H](CC3=CC=CC=C3)NC(=O)C(CC(C)C)NC(=O)COC4=CC5=CC=CC=C5C=C4)O,Inactive,,,,IC50,,40,,40000,,,P0C6X7,BDBM513086,Replicase polyprotein 1ab
882,459630328,4477,C1=CC(=C(C=C1[N+](=O)[O-])Cl)NC(=O)C2=C(C=CC(=C2)Cl)O,Inactive,,,,IC50,,40,,40000,,,P0C6X7,BDBM513089,Replicase polyprotein 1ab
883,459630329,72200570,C[C@H]([C@@H](C(=O)N[C@@H](CO)C(=O)N[C@@H](CCC(=O)N)CO)NC(=O)[C@H](CO)NC(=O)[C@H](CC(=O)N)NC(=O)C)O,Inactive,,,,Ki,,40.98,40980,,,,P0C6X7,BDBM513090,Replicase polyprotein 1ab
884,459630330,162533893,CC(=O)N[C@@H](CC(=O)O)C(=O)N[C@@H](CO)C(=O)N[C@@H](CC1=CC=CC=C1)C(=O)N[C@@H](CC(=O)O)C(=O)N[C@@H](CCC(=O)N)CO,Inactive,,,,Ki,,41.24,41240,,,,P0C6X7,BDBM513091,Replicase polyprotein 1ab
885,459630331,1577009,CC1=CC=C(C=C1)C(=O)N/C(=C/C2=CC=C(O2)C3=CC=CC=C3[N+](=O)[O-])/C(=O)NCCCN(C)C,Inactive,,,,IC50,,41.39,,41390,,,P0C6X7,BDBM513092,Replicase polyprotein 1ab
886,459630331,1577009,CC1=CC=C(C=C1)C(=O)N/C(=C/C2=CC=C(O2)C3=CC=CC=C3[N+](=O)[O-])/C(=O)NCCCN(C)C,Active,,,,Ki,,9.93,9930,,,,P0C6X7,BDBM513092,Replicase polyprotein 1ab
887,459630333,52945915,C1=CC=C(C=C1)C\2=NN(C(=O)/C2=C\C3=CC=C(C=C3)C(=O)O)C4=CC=C(C=C4)OC(F)(F)F,Inactive,,,,IC50,,42,,42000,,,P0C6X7,BDBM513094,Replicase polyprotein 1ab
888,459630334,162533894,C1=CC=C(C=C1)/C=C/C=C(\C(=O)NC(C(=O)O)NC2=CC=CC=C2)/NC(=O)C3=CC=C(C=C3)Br,Inactive,,,,IC50,,42.19,,42190,,,P0C6X7,BDBM513095,Replicase polyprotein 1ab
889,459630335,5378597,C1=CC(=C(C=C1C2=C(C(=O)C3=C(C=C(C=C3O2)O)O)OC4C(C(C(C(O4)CO)O)O)O)O)O,Inactive,,,,IC50,,42.79,,42790,,,P0C6X7,BDBM513096,Replicase polyprotein 1ab
890,459630337,135410958,COC1=C(C=C(C=C1)NC(=O)CSC2=NC(=CC(=O)N2)C3=CC=CC=C3)OC,Inactive,,,,IC50,,45,,45000,,,P0C6X7,BDBM513098,Replicase polyprotein 1ab
891,459630339,73353572,CCC(=C)C(=O)C1=C(C(=C(C=C1)OCC(=O)NC(C)(C)C)Cl)Cl,Inactive,,,,Ki,,45.8,45800,,,,P0C6X7,BDBM513100,Replicase polyprotein 1ab
892,459630340,11988319,CCOC(=O)C1=CC(=O)OC2=CC(=C(C=C12)O)O,Inactive,,,,EC50,,112,,,,112000,P0C6X7,BDBM513101,Replicase polyprotein 1ab
893,459630340,11988319,CCOC(=O)C1=CC(=O)OC2=CC(=C(C=C12)O)O,Inactive,,,,IC50,,46,,46000,,,P0C6X7,BDBM513101,Replicase polyprotein 1ab
894,459630343,72200711,C[C@@H](C(=O)N[C@@H](C(C)C)C(=O)N[C@@H](CC(C)C)C(=O)N[C@@H](CCC(=O)N)C=N)NC(=O)OC(C)(C)C,Inactive,,,,IC50,,49,,49000,,,P0C6X7,BDBM513104,Replicase polyprotein 1ab
895,459630344,162533895,CC1=CC(=NO1)C(=O)N[C@@H](C)C(=O)N[C@@H](C(C)C)C(=O)N[C@@H](CC(C)C)C(=O)N[C@@H](CCC(=O)N)C=N,Inactive,,,,IC50,,49,,49000,,,P0C6X7,BDBM513105,Replicase polyprotein 1ab
896,459630347,136097732,CC1=CC2=C(C=C1)NC(=O)C(=C2C3=CC=CC=C3)C4=NN(C(C4)C5=CC=C(C=C5)Br)C(=O)CCC(=O)C,Inactive,,,,IC50,,49.96,,49960,,,P0C6X7,BDBM513108,Replicase polyprotein 1ab
897,459630351,71740107,CC(C)C[C@@H](C(=O)N[C@@H](C[C@@H]1CCNC1=O)C(=O)C2=NC=C(S2)C3=CC=C(C=C3)OC)NC(=O)OCC4=CC=CC=C4,Inactive,,,,Ki,,52,52000,,,,P0C6X7,BDBM513112,Replicase polyprotein 1ab
898,459630352,73161921,CC(C)CC(C(=O)NC(CCC(=O)N(C)C)C(=O)C[N+]1=NC(=O)C2=C(C1=O)C=CC=C2[N+](=O)[O-])NC(=O)C(C(C)O)NC(=O)C(C(C)C)NC(=O)C,Inactive,,,,IC50,,53,,53000,,,P0C6X7,BDBM513113,Replicase polyprotein 1ab
899,459630353,162533896,C1[C@H](C(OC2=CC(=CC(=C21)O)O)C3=CC4=C(C(=C(C=C4C5[C@H](CC6=C(C=C(C=C6O5)O)O)O)O)O)C(=O)C(=C3)O)O,Inactive,,,,IC50,,56,,56000,,,P0C6X7,BDBM513114,Replicase polyprotein 1ab
900,459630354,162533897,CC(C)C[C@H](C(=O)N[C@H](C[C@H]1CCNC1=O)C(=O)C2=NC=C(S2)C3=CC=C(C=C3)OC)NC(=O)[C@@H](C(C)C)NC(=O)COC4=CC=C(C=C4)OC,Inactive,,,,Ki,,56,56000,,,,P0C6X7,BDBM513115,Replicase polyprotein 1ab
901,459630355,2919713,CC1=CC(=C(C=C1)N2C(=O)CC(C2=O)SC3=CC=CC=C3C(=O)O)Br,Inactive,,,,IC50,,56.24,,56240,,,P0C6X7,BDBM513116,Replicase polyprotein 1ab
902,459630356,101898017,C1CC[C@@H]2CN([C@@H](C[C@H]2C1)CN[C@@H](CC3=CN=CN3)C=O)C(=O)C4=CC=C(C=C4)F,Inactive,,,,IC50,,57,,57000,,,P0C6X7,BDBM513117,Replicase polyprotein 1ab
903,459630361,13345442,C1=CC(=C(C=C1C2=C(C(=O)C3=C(C=C(C=C3O2)OC4C(C(C(C(O4)CO)O)O)O)O)OC5C(C(C(C(O5)CO)O)O)O)O)O,Inactive,,,,IC50,,61.46,,61460,,,P0C6X7,BDBM513122,Replicase polyprotein 1ab
904,459630363,90478331,C1CC[C@@H]2CN([C@@H](C[C@H]2C1)CN[C@@H](CC3=CN=CN3)C=O)C(=O)C4=CC=C(C=C4)Br,Inactive,,,,IC50,,63,,63000,,,P0C6X7,BDBM513124,Replicase polyprotein 1ab
905,459630364,5735082,CC1=C(C=CC(=C1)OCC(C)C)/C(=C\2/C(N(C(=O)C2=O)CCN(C)C)C3=CC(=C(C=C3)O)OC)/O,Inactive,,,,IC50,,62.79,,62790,,,P0C6X7,BDBM513125,Replicase polyprotein 1ab
906,459630365,162533898,CC(C)CC(C(=O)NC(CCC(=O)N(C)C)C(=O)C[N+]1=NC(=O)C2=CC=CC=C2C1=O)NC(=O)C(C(C)OC3=CC=CC=C3)NC(=O)C(C(C)C)NC(=O)C,Inactive,,,,IC50,,64,,64000,,,P0C6X7,BDBM513126,Replicase polyprotein 1ab
907,459630369,118729214,C1CC[C@@H]2CN([C@@H](C[C@H]2C1)CN[C@@H](CC3=CN=CN3)C=O)C(=O)C4=CC=CC=C4,Inactive,,,,IC50,,68,,68000,,,P0C6X7,BDBM513130,Replicase polyprotein 1ab
908,459630370,162533899,CC(C)CC(C(=O)NC(CCC(=O)N(C)C)C(=O)C[N+]1=NC(=O)C2=C(C1=O)C=CC=C2[N+](=O)[O-])NC(=O)C(C(C)OC3=CC=CC=C3)NC(=O)C(C(C)C)NC(=O)C,Inactive,,,,IC50,,70,,70000,,,P0C6X7,BDBM513131,Replicase polyprotein 1ab
909,459630373,5315459,COC1=C(C=C(C=C1)C2=CC(=O)C3=C(C=C(C=C3O2)O)O)C4=C(C=C(C5=C4OC(=CC5=O)C6=CC=C(C=C6)O)O)O,Inactive,,,,IC50,,72.3,,72300,,,P0C6X7,BDBM513134,Replicase polyprotein 1ab
910,459630374,72200567,CC(=O)N[C@@H](CC(=O)N)C(=O)N[C@@H](CO)C(=O)N[C@@H](CC1=CC=CC=C1)C(=O)N[C@@H](CO)C(=O)N[C@@H](CCC(=O)N)CO,Inactive,,,,Ki,,72.73,72730,,,,P0C6X7,BDBM513135,Replicase polyprotein 1ab
911,459630376,162533900,C1=CC(=CC=C1C2=NC=C(O2)C(=O)CC3=CC(=CN=C3)Br)Cl,Inactive,,,,IC50,,75,,75000,,,P0C6X7,BDBM513137,Replicase polyprotein 1ab
912,459630379,135470831,COC1=CC(=CC(=C1O)OC)/C=N/NC(=O)/C(=C\C2=CC=CC=C2)/NC(=O)C3=CC=CC=C3,Inactive,,,,IC50,,77.09,,77090,,,P0C6X7,BDBM513140,Replicase polyprotein 1ab
913,459630380,49866860,CCOC(=O)CC[C@H](C[C@H]1CCNC1=O)NC(=O)[C@H](CC=C(C)C)CC(=O)[C@H](C(C)C)NC(=O)[C@H](CO)NC(=O)OC(C)(C)C,Inactive,,,,IC50,,80,,80000,,,P0C6X7,BDBM513141,Replicase polyprotein 1ab
914,459630381,162533901,CCOC(=O)/C=C/C(CC1CCNC1=O)NC(=O)C(CC=C(C)C)CC(=O)C(C(C)C)NC(=O)C(CO)NC(=O)OC(C)(C)C,Inactive,,,,IC50,,80,,80000,,,P0C6X7,BDBM513142,Replicase polyprotein 1ab
915,459630382,162533902,CC1=C(/C(=C/C2=CC=C(C=C2)OCC(=O)NCC3=CCCO3)/C(=O)N1CC4=CN=CC=C4)C(=O)OC,Inactive,,,,IC50,,80.46,,80460,,,P0C6X7,BDBM513143,Replicase polyprotein 1ab
916,459630384,162533903,CC(C)C[C@H](C(=O)N[C@H](C[C@H]1CCNC1=O)C(=O)C2=NC=CS2)NC(=O)[C@@H](C(C)C)NC(=O)OC3=CC=CC=C3,Inactive,,,,IC50,,85,,85000,,,P0C6X7,BDBM513145,Replicase polyprotein 1ab
917,459630387,162533904,CCCCN(C)C[C@@H]1C2CCCCC2C[C@H](O1)CN[C@@H](CC3=CN=CN3)C=O,Inactive,,,,IC50,,95,,95000,,,P0C6X7,BDBM513148,Replicase polyprotein 1ab
918,459630396,2951162,CC1=C(SC(=N1)C)C(=O)C2=C(C(=O)N(C2C3=CC(=CC=C3)[N+](=O)[O-])CCCN4CCOCC4)O,Inactive,,,,IC50,,101.38,,101380,,,P0C6X7,BDBM513157,Replicase polyprotein 1ab
919,459630397,162533905,CC(C)COC(=O)N[C@@H](C(C)C)C(=O)CCl,Inactive,,,,Ki,,105,105000,,,,P0C6X7,BDBM513158,Replicase polyprotein 1ab
920,459630399,118729211,C1CC[C@@H]2CN([C@@H](C[C@H]2C1)CN[C@@H](CC3=CN=CN3)C=O)C(=O)C4=CC=C(C=C4)C5=CC=CC=C5,Inactive,,,,IC50,,108,,108000,,,P0C6X7,BDBM513160,Replicase polyprotein 1ab
921,459630401,7146645,CC(C)(C)OC(=O)N[C@@H](CC1=CC=CC=C1)[C@@H](CCl)O,Inactive,,,,Ki,,128,128000,,,,P0C6X7,BDBM513162,Replicase polyprotein 1ab
922,459630403,162533906,C[C@@H](C(=O)N[C@@H](C(C)C)C(=O)N[C@@H](CC(C)C)C(=O)N[C@@H](CCC(=O)C)C(=O)C)NC(=O)OCC1=CC=CC=C1,Inactive,,,,Ki,,134.5,134500,,,,P0C6X7,BDBM513164,Replicase polyprotein 1ab
923,459630404,118729212,C1CC[C@@H]2CN([C@@H](C[C@H]2C1)CN[C@@H](CC3=CN=CN3)C=O)C(=O)C4=CC=CC(=C4)C5=CC=CC=C5,Inactive,,,,IC50,,135,,135000,,,P0C6X7,BDBM513165,Replicase polyprotein 1ab
924,459630405,118729213,C1CC[C@@H]2CN([C@@H](C[C@H]2C1)CN[C@@H](CC3=CN=CN3)C=O)C(=O)C4=CC=CC=C4C5=CC=CC=C5,Inactive,,,,IC50,,135,,135000,,,P0C6X7,BDBM513166,Replicase polyprotein 1ab
925,459630407,101297733,C/C(=C\CO)/CC[C@H]1C(=C)CC[C@@H]2[C@@]1(CCC[C@@]2(C)CO)C,Inactive,,,,IC50,,137.7,,137700,,,P0C6X7,BDBM513168,Replicase polyprotein 1ab
926,459630410,154732792,C1CC[C@@H]2CN([C@H](C[C@H]2C1)CN[C@@H](CC3=CN=CN3)C=O)C(=O)C4=CC=C(C=C4)Br,Inactive,,,,IC50,,175,,175000,,,P0C6X7,BDBM513171,Replicase polyprotein 1ab
927,459630412,162533907,CCOC(=O)/C=C/C(CC1CCNC1=O)NC(=O)C(CC(C)C)NC(=O)C(C(C)C)NC(=O)C2=NOC(=C2)C,Inactive,,,,IC50,,200,,200000,,,P0C6X7,BDBM513173,Replicase polyprotein 1ab
928,459630413,135410963,CC1=CC(=O)NC(=N1)SCC(=O)NC2=CC=C(C=C2)OC3=CC=C(C=C3)Cl,Inactive,,,,IC50,,200,,200000,,,P0C6X7,BDBM513174,Replicase polyprotein 1ab
929,459630415,135411086,COC(C1=CC(=O)NC(=N1)SCC(=O)NC2=CC=C(C=C2)C(F)(F)F)OC,Inactive,,,,IC50,,200,,200000,,,P0C6X7,BDBM513176,Replicase polyprotein 1ab
930,459630419,162533908,CC(C)C[C@H](C(=O)N[C@H](CC1=CN=CN1)C(=O)C2=NC=CS2)NC(=O)[C@@H](C(C)C)NC(=O)COC3=CC=CC=C3,Inactive,,,,IC50,,210,,210000,,,P0C6X7,BDBM513180,Replicase polyprotein 1ab
931,459630423,90478334,C1CC[C@H]2CN([C@H](C[C@@H]2C1)CN[C@@H](CC3=CN=CN3)C=O)C(=O)C4=CC=C(C=C4)C5=CC=CC=C5,Inactive,,,,IC50,,240,,240000,,,P0C6X7,BDBM513184,Replicase polyprotein 1ab
932,459630424,2810524,CCOC(=O)C1=CN=C(N=C1N)SCC(=O)NC2=CC=C(C=C2)[N+](=O)[O-],Inactive,,,,IC50,,250,,250000,,,P0C6X7,BDBM513185,Replicase polyprotein 1ab
933,459630425,162533909,CC(C)C[C@H](C(=O)N[C@H](C[C@H]1CCNC1=O)C(=O)C2=NC=CS2)NC(=O)[C@@H](C(C)C)NC(=O)OCC(C)C,Inactive,,,,IC50,,250,,250000,,,P0C6X7,BDBM513186,Replicase polyprotein 1ab
934,459630427,162533910,CCCCN(C)C[C@@H]1C2CCCCC2C[C@@H](O1)CN[C@@H](CC3=CN=CN3)C=O,Inactive,,,,IC50,,260,,260000,,,P0C6X7,BDBM513188,Replicase polyprotein 1ab
935,459630428,162533911,CC(C)C[C@H](C(=O)N[C@H](CC1=CN=CN1)C(=O)C2=NC=CS2)NC(=O)[C@@H](C(C)C)NC(=O)OCC3=CC=CC=C3,Inactive,,,,IC50,,260,,260000,,,P0C6X7,BDBM513189,Replicase polyprotein 1ab
936,459630429,162533912,CC(C)C[C@H](C(=O)N[C@H](C[C@H]1CCNC1=O)C(=O)C2=NC=CS2)NC(=O)[C@@H](C(C)C)NC(=O)OCC(C)(C)C,Inactive,,,,IC50,,280,,280000,,,P0C6X7,BDBM513190,Replicase polyprotein 1ab
937,459630432,3124128,CC(C)CC(C(=O)N)NC(=O)C(C(C)C)NC(=O)C(CCC(=O)OCC1=CC=CC=C1)NC(=O)OC(C)(C)C,Inactive,,,,Ki,,286,286000,,,,P0C6X7,BDBM513193,Replicase polyprotein 1ab
938,459630434,162533913,CCOC(=O)/C=C/C(CC1CCNC1=O)NC(=O)C(CC2=CC=CC=C2)NC(=O)C(C(C)C)NC(=O)C3=NOC(=C3)C,Inactive,,,,IC50,,300,,300000,,,P0C6X7,BDBM513195,Replicase polyprotein 1ab
939,459630435,2918713,CCOC1=CC=C(C=C1)N2C(=O)CC(C2=O)SC3=NC(=CC(=N3)C)C,Inactive,,,,IC50,,300,,300000,,,P0C6X7,BDBM513196,Replicase polyprotein 1ab
940,459630436,162533914,COC1=CC=CC(=C1)C2=NC(=NC(=O)C2C#N)SCC(=O)NC3=CC=C(C=C3)[N+](=O)[O-],Inactive,,,,IC50,,300,,300000,,,P0C6X7,BDBM513197,Replicase polyprotein 1ab
941,459630441,10692587,CC1=CC=C(C=C1)C(NC(=O)OCC2=CC=CC=C2)NC(=O)OCC3=CC=CC=C3,Inactive,,,,Ki,,366,366000,,,,P0C6X7,BDBM513202,Replicase polyprotein 1ab
942,459630442,9915279,C[C@@H](C(=O)N[C@@H](CC(=O)O)C(=O)CCl)NC(=O)[C@H](C(C)C)NC(=O)[C@H](CC1=CC=C(C=C1)O)NC(=O)C,Inactive,,,,Ki,,389,389000,,,,P0C6X7,BDBM513203,Replicase polyprotein 1ab
943,459630444,162533915,CCCCN(C)C[C@H]1C2CCCCC2C[C@@H](O1)CN[C@@H](CC3=CN=CN3)C=O,Inactive,,,,IC50,,440,,440000,,,P0C6X7,BDBM513205,Replicase polyprotein 1ab
944,459630444,162533915,CCCCN(C)C[C@H]1C2CCCCC2C[C@@H](O1)CN[C@@H](CC3=CN=CN3)C=O,Inactive,,,,IC50,,780,,780000,,,P0C6X7,BDBM513205,Replicase polyprotein 1ab
945,459630451,162533916,CCOC(=O)/C=C/[C@@H](C[C@@H]1CCNC1=O)NC(=O)C(CC=C(C)C)CC(=O)[C@@H](C(C)C)NC(=O)C2=NOC(=C2)C,Inactive,,,,IC50,,800,,800000,,,P0C6X7,BDBM513212,Replicase polyprotein 1ab
946,459630452,16085284,C[C@@H](C(=O)N[C@@H](CCC(=O)N)C(=O)C(F)(F)F)NC(=O)[C@H](CC1=CC=CC=C1)NC(=O)OCC2=CC=CC=C2,Inactive,,,,Ki,,844,844000,,,,P0C6X7,BDBM513213,Replicase polyprotein 1ab
947,459630452,16085284,C[C@@H](C(=O)N[C@@H](CCC(=O)N)C(=O)C(F)(F)F)NC(=O)[C@H](CC1=CC=CC=C1)NC(=O)OCC2=CC=CC=C2,Inactive,,,,Ki,,844.4,844400,,,,P0C6X7,BDBM513213,Replicase polyprotein 1ab
948,459630453,162533917,CCOC(=O)/C=C/C(CC1CCNC1=O)NC(=O)C(CC2=CC=CC=C2)CC(=O)C(C(C)C)NC(=O)C3=NOC(=C3)C,Inactive,,,,IC50,,870,,870000,,,P0C6X7,BDBM513215,Replicase polyprotein 1ab
949,459630455,5297,CC1C(C(C(O1)OC2C(C(C(C(C2O)O)N=C(N)N)O)N=C(N)N)OC3C(C(C(C(O3)CO)O)O)NC)(C=O)O,Inactive,,,,Ki,,2134,2.134e+06,,,,P0DTD1,BDBM513217,Replicase polyprotein 1ab
