starter_Canonical_SMILES,Canonical_SMILES,generationSteps,DerivativeSimScore,NonDerivativeSimScore
O=c1[nH]c(=O)c2ncn([C@@H]3O[C@H](CO)[C@@H](O)[C@H]3O)c2[nH]1,O=C(CCS(=O)O)O[C@H]1[C@@H](O)[C@H](n2cnc3c(=O)[nH]c(=O)[nH]c32)O[C@@H]1CO,3,0.6333,
O=c1[nH]c(=O)c2ncn([C@@H]3O[C@H](CO)[C@@H](O)[C@H]3O)c2[nH]1,O=C(CCS(=O)O)OC[C@H]1O[C@@H](n2cnc3c(=O)[nH]c(=O)[nH]c32)[C@H](O)[C@@H]1O,3,0.6271,
O=c1[nH]c(=O)c2ncn([C@@H]3O[C@H](CO)[C@@H](O)[C@H]3O)c2[nH]1,O=C(CCS(=O)O)O[C@@H]1[C@H](O)[C@@H](CO)O[C@H]1n1cnc2c(=O)[nH]c(=O)[nH]c21,3,0.6333,
O=c1[nH]c(=O)c2ncn([C@@H]3O[C@H](CO)[C@@H](O)[C@H]3O)c2[nH]1,CO[C@H]1[C@@H](OS(=O)(=O)O)[C@H](n2c[n+](C)c3c(=O)[nH]c(=O)[nH]c32)O[C@@H]1CO,3,0.3623,
O=c1[nH]c(=O)c2ncn([C@@H]3O[C@H](CO)[C@@H](O)[C@H]3O)c2[nH]1,Cn1c(=O)[nH]c2c(c1=O)[n+](C)cn2[C@@H]1O[C@H](CO)[C@@H](OS(=O)(=O)O)[C@H]1O,3,0.3194,
O=c1[nH]c(=O)c2ncn([C@@H]3O[C@H](CO)[C@@H](O)[C@H]3O)c2[nH]1,Cn1c(=O)[nH]c(=O)c2c1n([C@@H]1O[C@H](CO)[C@@H](OS(=O)(=O)O)[C@H]1O)c[n+]2C,3,0.3194,
O=c1[nH]c(=O)c2ncn([C@@H]3O[C@H](CO)[C@@H](O)[C@H]3O)c2[nH]1,Cn1c(=O)[nH]c(=O)c2c1n([C@@H]1O[C@H](CO)[C@@H](O)[C@H]1OS(=O)(=O)O)c[n+]2C,3,0.3194,
O=c1[nH]c(=O)c2ncn([C@@H]3O[C@H](CO)[C@@H](O)[C@H]3O)c2[nH]1,Cn1c(=O)[nH]c2c(c1=O)[n+](C)cn2[C@@H]1O[C@H](CO)[C@@H](O)[C@H]1OS(=O)(=O)O,3,0.3194,
O=c1[nH]c(=O)c2ncn([C@@H]3O[C@H](CO)[C@@H](O)[C@H]3O)c2[nH]1,COC[C@H]1O[C@@H](n2c[n+](C)c3c(=O)[nH]c(=O)[nH]c32)[C@H](O)[C@@H]1OS(=O)(=O)O,3,0.3571,
O=c1[nH]c(=O)c2ncn([C@@H]3O[C@H](CO)[C@@H](O)[C@H]3O)c2[nH]1,CO[C@@H]1[C@H](O)[C@@H](COS(=O)(=O)O)O[C@H]1n1c[n+](C)c2c(=O)[nH]c(=O)[nH]c21,3,0.338,
O=c1[nH]c(=O)c2ncn([C@@H]3O[C@H](CO)[C@@H](O)[C@H]3O)c2[nH]1,CO[C@@H]1[C@H](OS(=O)(=O)O)[C@@H](CO)O[C@H]1n1c[n+](C)c2c(=O)[nH]c(=O)[nH]c21,3,0.3623,
O=c1[nH]c(=O)c2ncn([C@@H]3O[C@H](CO)[C@@H](O)[C@H]3O)c2[nH]1,CO[C@H]1[C@@H](O)[C@H](n2c[n+](C)c3c(=O)[nH]c(=O)[nH]c32)O[C@@H]1COS(=O)(=O)O,3,0.3571,
O=c1[nH]c(=O)c2ncn([C@@H]3O[C@H](CO)[C@@H](O)[C@H]3O)c2[nH]1,COC[C@H]1O[C@@H](n2c[n+](C)c3c(=O)[nH]c(=O)[nH]c32)[C@H](OS(=O)(=O)O)[C@@H]1O,3,0.338,
O=c1[nH]c(=O)c2ncn([C@@H]3O[C@H](CO)[C@@H](O)[C@H]3O)c2[nH]1,Cn1c(=O)[nH]c(=O)c2c1n([C@@H]1O[C@H](COS(=O)(=O)O)[C@@H](O)[C@H]1O)c[n+]2C,3,0.3099,
O=c1[nH]c(=O)c2ncn([C@@H]3O[C@H](CO)[C@@H](O)[C@H]3O)c2[nH]1,Cn1c(=O)[nH]c2c(c1=O)[n+](C)cn2[C@@H]1O[C@H](COS(=O)(=O)O)[C@@H](O)[C@H]1O,3,0.3099,
O=c1[nH]c(=O)c2ncn([C@@H]3O[C@H](CO)[C@@H](O)[C@H]3O)c2[nH]1,Cn1c(=O)[nH]c(=O)c2c1n([C@@H]1O[C@H](COP(=O)(O)O)[C@@H](O)[C@H]1O)c[n+]2C,3,0.3143,
O=c1[nH]c(=O)c2ncn([C@@H]3O[C@H](CO)[C@@H](O)[C@H]3O)c2[nH]1,CO[C@H]1[C@@H](OP(=O)(O)O)[C@H](n2c[n+](C)c3c(=O)[nH]c(=O)[nH]c32)O[C@@H]1CO,3,0.3623,
O=c1[nH]c(=O)c2ncn([C@@H]3O[C@H](CO)[C@@H](O)[C@H]3O)c2[nH]1,CO[C@H]1[C@@H](O)[C@H](n2c[n+](C)c3c(=O)[nH]c(=O)[nH]c32)O[C@@H]1COP(=O)(O)O,3,0.3571,
O=c1[nH]c(=O)c2ncn([C@@H]3O[C@H](CO)[C@@H](O)[C@H]3O)c2[nH]1,COC[C@H]1O[C@@H](n2c[n+](C)c3c(=O)[nH]c(=O)[nH]c32)[C@H](OP(=O)(O)O)[C@@H]1O,3,0.338,
O=c1[nH]c(=O)c2ncn([C@@H]3O[C@H](CO)[C@@H](O)[C@H]3O)c2[nH]1,Cn1c(=O)[nH]c2c(c1=O)[n+](C)cn2[C@@H]1O[C@H](CO)[C@@H](OP(=O)(O)O)[C@H]1O,3,0.3194,
O=c1[nH]c(=O)c2ncn([C@@H]3O[C@H](CO)[C@@H](O)[C@H]3O)c2[nH]1,Cn1c(=O)[nH]c2c(c1=O)[n+](C)cn2[C@@H]1O[C@H](COP(=O)(O)O)[C@@H](O)[C@H]1O,3,0.3099,
O=c1[nH]c(=O)c2ncn([C@@H]3O[C@H](CO)[C@@H](O)[C@H]3O)c2[nH]1,Cn1c(=O)[nH]c(=O)c2c1n([C@@H]1O[C@H](CO)[C@@H](O)[C@H]1OP(=O)(O)O)c[n+]2C,3,0.3239,
O=c1[nH]c(=O)c2ncn([C@@H]3O[C@H](CO)[C@@H](O)[C@H]3O)c2[nH]1,Cn1c(=O)[nH]c(=O)c2c1n([C@@H]1O[C@H](CO)[C@@H](OP(=O)(O)O)[C@H]1O)c[n+]2C,3,0.3239,
O=c1[nH]c(=O)c2ncn([C@@H]3O[C@H](CO)[C@@H](O)[C@H]3O)c2[nH]1,COC[C@H]1O[C@@H](n2c[n+](C)c3c(=O)[nH]c(=O)[nH]c32)[C@H](O)[C@@H]1OP(=O)(O)O,3,0.3571,
O=c1[nH]c(=O)c2ncn([C@@H]3O[C@H](CO)[C@@H](O)[C@H]3O)c2[nH]1,Cn1c(=O)[nH]c2c(c1=O)[n+](C)cn2[C@@H]1O[C@H](CO)[C@@H](O)[C@H]1OP(=O)(O)O,3,0.3194,
O=c1[nH]c(=O)c2ncn([C@@H]3O[C@H](CO)[C@@H](O)[C@H]3O)c2[nH]1,CO[C@@H]1[C@H](OP(=O)(O)O)[C@@H](CO)O[C@H]1n1c[n+](C)c2c(=O)[nH]c(=O)[nH]c21,3,0.3623,
O=c1[nH]c(=O)c2ncn([C@@H]3O[C@H](CO)[C@@H](O)[C@H]3O)c2[nH]1,CO[C@@H]1[C@H](O)[C@@H](COP(=O)(O)O)O[C@H]1n1c[n+](C)c2c(=O)[nH]c(=O)[nH]c21,3,0.338,
O=c1[nH]c(=O)c2ncn([C@@H]3O[C@H](CO)[C@@H](O)[C@H]3O)c2[nH]1,COC[C@H]1O[C@@H](n2cnc3c(=O)[nH]c(=O)[nH]c32)[C@H](OS(=O)(=O)O)[C@@H]1OC,3,0.5161,
O=c1[nH]c(=O)c2ncn([C@@H]3O[C@H](CO)[C@@H](O)[C@H]3O)c2[nH]1,CCO[C@H]1[C@@H](O)[C@H](n2cnc3c(=O)[nH]c(=O)[nH]c32)O[C@@H]1COS(=O)(=O)O,3,0.5738,
O=c1[nH]c(=O)c2ncn([C@@H]3O[C@H](CO)[C@@H](O)[C@H]3O)c2[nH]1,CCO[C@@H]1[C@H](O)[C@@H](COS(=O)(=O)O)O[C@H]1n1cnc2c(=O)[nH]c(=O)[nH]c21,3,0.5484,
O=c1[nH]c(=O)c2ncn([C@@H]3O[C@H](CO)[C@@H](O)[C@H]3O)c2[nH]1,CO[C@@H]1[C@H](OC)[C@@H](COS(=O)(=O)O)O[C@H]1n1cnc2c(=O)[nH]c(=O)[nH]c21,3,0.5333,
O=c1[nH]c(=O)c2ncn([C@@H]3O[C@H](CO)[C@@H](O)[C@H]3O)c2[nH]1,CCOC[C@H]1O[C@@H](n2cnc3c(=O)[nH]c(=O)[nH]c32)[C@H](O)[C@@H]1OS(=O)(=O)O,3,0.5738,
O=c1[nH]c(=O)c2ncn([C@@H]3O[C@H](CO)[C@@H](O)[C@H]3O)c2[nH]1,CCOC[C@H]1O[C@@H](n2cnc3c(=O)[nH]c(=O)[nH]c32)[C@H](OS(=O)(=O)O)[C@@H]1O,3,0.5484,
O=c1[nH]c(=O)c2ncn([C@@H]3O[C@H](CO)[C@@H](O)[C@H]3O)c2[nH]1,COC[C@H]1O[C@@H](n2cnc3c(=O)[nH]c(=O)[nH]c32)[C@H](OC)[C@@H]1OS(=O)(=O)O,3,0.5161,
O=c1[nH]c(=O)c2ncn([C@@H]3O[C@H](CO)[C@@H](O)[C@H]3O)c2[nH]1,CCO[C@@H]1[C@H](OS(=O)(=O)O)[C@@H](CO)O[C@H]1n1cnc2c(=O)[nH]c(=O)[nH]c21,3,0.5833,
O=c1[nH]c(=O)c2ncn([C@@H]3O[C@H](CO)[C@@H](O)[C@H]3O)c2[nH]1,CCO[C@H]1[C@@H](OS(=O)(=O)O)[C@H](n2cnc3c(=O)[nH]c(=O)[nH]c32)O[C@@H]1CO,3,0.5833,
O=c1[nH]c(=O)c2ncn([C@@H]3O[C@H](CO)[C@@H](O)[C@H]3O)c2[nH]1,CCO[C@@H]1[C@H](OP(=O)(O)O)[C@@H](CO)O[C@H]1n1cnc2c(=O)[nH]c(=O)[nH]c21,3,0.5833,
O=c1[nH]c(=O)c2ncn([C@@H]3O[C@H](CO)[C@@H](O)[C@H]3O)c2[nH]1,COC[C@H]1O[C@@H](n2cnc3c(=O)[nH]c(=O)[nH]c32)[C@H](OP(=O)(O)O)[C@@H]1OC,3,0.5161,
O=c1[nH]c(=O)c2ncn([C@@H]3O[C@H](CO)[C@@H](O)[C@H]3O)c2[nH]1,COC[C@H]1O[C@@H](n2cnc3c(=O)[nH]c(=O)[nH]c32)[C@H](OC)[C@@H]1OP(=O)(O)O,3,0.5161,
O=c1[nH]c(=O)c2ncn([C@@H]3O[C@H](CO)[C@@H](O)[C@H]3O)c2[nH]1,CO[C@@H]1[C@H](OC)[C@@H](COP(=O)(O)O)O[C@H]1n1cnc2c(=O)[nH]c(=O)[nH]c21,3,0.5333,
O=c1[nH]c(=O)c2ncn([C@@H]3O[C@H](CO)[C@@H](O)[C@H]3O)c2[nH]1,CCOC[C@H]1O[C@@H](n2cnc3c(=O)[nH]c(=O)[nH]c32)[C@H](O)[C@@H]1OP(=O)(O)O,3,0.5738,
O=c1[nH]c(=O)c2ncn([C@@H]3O[C@H](CO)[C@@H](O)[C@H]3O)c2[nH]1,CCO[C@@H]1[C@H](O)[C@@H](COP(=O)(O)O)O[C@H]1n1cnc2c(=O)[nH]c(=O)[nH]c21,3,0.5484,
O=c1[nH]c(=O)c2ncn([C@@H]3O[C@H](CO)[C@@H](O)[C@H]3O)c2[nH]1,CCO[C@H]1[C@@H](OP(=O)(O)O)[C@H](n2cnc3c(=O)[nH]c(=O)[nH]c32)O[C@@H]1CO,3,0.5833,
O=c1[nH]c(=O)c2ncn([C@@H]3O[C@H](CO)[C@@H](O)[C@H]3O)c2[nH]1,CCO[C@H]1[C@@H](O)[C@H](n2cnc3c(=O)[nH]c(=O)[nH]c32)O[C@@H]1COP(=O)(O)O,3,0.5738,
O=c1[nH]c(=O)c2ncn([C@@H]3O[C@H](CO)[C@@H](O)[C@H]3O)c2[nH]1,CCOC[C@H]1O[C@@H](n2cnc3c(=O)[nH]c(=O)[nH]c32)[C@H](OP(=O)(O)O)[C@@H]1O,3,0.5484,
O=c1[nH]c(=O)c2ncn([C@@H]3O[C@H](CO)[C@@H](O)[C@H]3O)c2[nH]1,CC(=O)[C@@H]1[C@H](O)[C@@H](COS(=O)(=O)O)O[C@H]1n1cnc2c(=O)[nH]c(=O)[nH]c21,3,0.5574,
O=c1[nH]c(=O)c2ncn([C@@H]3O[C@H](CO)[C@@H](O)[C@H]3O)c2[nH]1,CC(=O)[C@@H]1[C@H](OS(=O)(=O)O)[C@@H](CO)O[C@H]1n1cnc2c(=O)[nH]c(=O)[nH]c21,3,0.5833,
O=c1[nH]c(=O)c2ncn([C@@H]3O[C@H](CO)[C@@H](O)[C@H]3O)c2[nH]1,CC(=O)O[C@@H]1[C@H](OS(=O)(=O)O)[C@@H](C)O[C@H]1n1cnc2c(=O)[nH]c(=O)[nH]c21,3,0.4531,
O=c1[nH]c(=O)c2ncn([C@@H]3O[C@H](CO)[C@@H](O)[C@H]3O)c2[nH]1,CC(=O)C[C@H]1O[C@@H](n2cnc3c(=O)[nH]c(=O)[nH]c32)[C@H](O)[C@@H]1OS(=O)(=O)O,3,0.5833,
O=c1[nH]c(=O)c2ncn([C@@H]3O[C@H](CO)[C@@H](O)[C@H]3O)c2[nH]1,CC(=O)[C@H]1[C@@H](OS(=O)(=O)O)[C@H](n2cnc3c(=O)[nH]c(=O)[nH]c32)O[C@@H]1CO,3,0.5932,
O=c1[nH]c(=O)c2ncn([C@@H]3O[C@H](CO)[C@@H](O)[C@H]3O)c2[nH]1,CC(=O)[C@H]1[C@@H](O)[C@H](n2cnc3c(=O)[nH]c(=O)[nH]c32)O[C@@H]1COS(=O)(=O)O,3,0.5833,
O=c1[nH]c(=O)c2ncn([C@@H]3O[C@H](CO)[C@@H](O)[C@H]3O)c2[nH]1,CC(=O)O[C@H]1[C@@H](OS(=O)(=O)O)[C@H](n2cnc3c(=O)[nH]c(=O)[nH]c32)O[C@@H]1C,3,0.4531,
O=c1[nH]c(=O)c2ncn([C@@H]3O[C@H](CO)[C@@H](O)[C@H]3O)c2[nH]1,CC(=O)C[C@H]1O[C@@H](n2cnc3c(=O)[nH]c(=O)[nH]c32)[C@H](OS(=O)(=O)O)[C@@H]1O,3,0.5574,
O=c1[nH]c(=O)c2ncn([C@@H]3O[C@H](CO)[C@@H](O)[C@H]3O)c2[nH]1,CC(=O)[C@H]1[C@@H](O)[C@H](n2cnc3c(=O)[nH]c(=O)[nH]c32)O[C@@H]1COP(=O)(O)O,3,0.5833,
O=c1[nH]c(=O)c2ncn([C@@H]3O[C@H](CO)[C@@H](O)[C@H]3O)c2[nH]1,CC(=O)C[C@H]1O[C@@H](n2cnc3c(=O)[nH]c(=O)[nH]c32)[C@H](OP(=O)(O)O)[C@@H]1O,3,0.5574,
O=c1[nH]c(=O)c2ncn([C@@H]3O[C@H](CO)[C@@H](O)[C@H]3O)c2[nH]1,CC(=O)[C@@H]1[C@H](OP(=O)(O)O)[C@@H](CO)O[C@H]1n1cnc2c(=O)[nH]c(=O)[nH]c21,3,0.5833,
O=c1[nH]c(=O)c2ncn([C@@H]3O[C@H](CO)[C@@H](O)[C@H]3O)c2[nH]1,CC(=O)[C@@H]1[C@H](O)[C@@H](COP(=O)(O)O)O[C@H]1n1cnc2c(=O)[nH]c(=O)[nH]c21,3,0.5574,
O=c1[nH]c(=O)c2ncn([C@@H]3O[C@H](CO)[C@@H](O)[C@H]3O)c2[nH]1,CC(=O)[C@H]1[C@@H](OP(=O)(O)O)[C@H](n2cnc3c(=O)[nH]c(=O)[nH]c32)O[C@@H]1CO,3,0.5932,
O=c1[nH]c(=O)c2ncn([C@@H]3O[C@H](CO)[C@@H](O)[C@H]3O)c2[nH]1,CC(=O)O[C@@H]1[C@H](OP(=O)(O)O)[C@@H](C)O[C@H]1n1cnc2c(=O)[nH]c(=O)[nH]c21,3,0.4531,
O=c1[nH]c(=O)c2ncn([C@@H]3O[C@H](CO)[C@@H](O)[C@H]3O)c2[nH]1,CC(=O)O[C@H]1[C@@H](OP(=O)(O)O)[C@H](n2cnc3c(=O)[nH]c(=O)[nH]c32)O[C@@H]1C,3,0.4531,
O=c1[nH]c(=O)c2ncn([C@@H]3O[C@H](CO)[C@@H](O)[C@H]3O)c2[nH]1,CC(=O)C[C@H]1O[C@@H](n2cnc3c(=O)[nH]c(=O)[nH]c32)[C@H](O)[C@@H]1OP(=O)(O)O,3,0.5833,
O=c1[nH]c(=O)c2ncn([C@@H]3O[C@H](CO)[C@@H](O)[C@H]3O)c2[nH]1,O=C(Cl)CC(=O)O[C@@H]1[C@H](O)[C@@H](CO)O[C@H]1n1cnc2c(=O)[nH]c(=O)[nH]c21,3,0.6667,
O=c1[nH]c(=O)c2ncn([C@@H]3O[C@H](CO)[C@@H](O)[C@H]3O)c2[nH]1,O=C(Cl)CC(=O)O[C@H]1[C@@H](O)[C@H](n2cnc3c(=O)[nH]c(=O)[nH]c32)O[C@@H]1CO,3,0.6667,
O=c1[nH]c(=O)c2ncn([C@@H]3O[C@H](CO)[C@@H](O)[C@H]3O)c2[nH]1,O=C(Cl)CC(=O)OC[C@H]1O[C@@H](n2cnc3c(=O)[nH]c(=O)[nH]c32)[C@H](O)[C@@H]1O,3,0.6607,
O=c1[nH]c(=O)c2ncn([C@@H]3O[C@H](CO)[C@@H](O)[C@H]3O)c2[nH]1,CC(=O)O[C@H]1[C@H]2OP(=O)(O)OC[C@H]1O[C@H]2n1cnc2c(=O)[nH]c(=O)[nH]c21,3,0.4203,
O=c1[nH]c(=O)c2ncn([C@@H]3O[C@H](CO)[C@@H](O)[C@H]3O)c2[nH]1,CC(=O)OC[C@H]1O[C@@H](n2cnc3c(=O)[nH]c(=O)[nH]c32)[C@@H]2OP(=O)(O)O[C@@H]21,3,0.5079,
O=c1[nH]c(=O)c2ncn([C@@H]3O[C@H](CO)[C@@H](O)[C@H]3O)c2[nH]1,CC(=O)O[C@@H]1[C@@H]2OP(=O)(O)OC[C@H]2O[C@H]1n1cnc2c(=O)[nH]c(=O)[nH]c21,3,0.4203,
O=c1[nH]c(=O)c2ncn([C@@H]3O[C@H](CO)[C@@H](O)[C@H]3O)c2[nH]1,C[n+]1cn([C@@H]2O[C@H](CO)[C@@H](O)[C@H]2OC(=O)CC(=O)O)c2[nH]c(=O)[nH]c(=O)c21,3,0.4118,
O=c1[nH]c(=O)c2ncn([C@@H]3O[C@H](CO)[C@@H](O)[C@H]3O)c2[nH]1,C[n+]1cn([C@@H]2O[C@H](CO)[C@@H](OC(=O)CC(=O)O)[C@H]2O)c2[nH]c(=O)[nH]c(=O)c21,3,0.4118,
O=c1[nH]c(=O)c2ncn([C@@H]3O[C@H](CO)[C@@H](O)[C@H]3O)c2[nH]1,C[n+]1cn([C@@H]2O[C@H](COC(=O)CC(=O)O)[C@@H](O)[C@H]2O)c2[nH]c(=O)[nH]c(=O)c21,3,0.403,
O=c1[nH]c(=O)c2ncn([C@@H]3O[C@H](CO)[C@@H](O)[C@H]3O)c2[nH]1,CC(=O)O[C@H]1[C@@H](O)[C@H](n2cnc3c(=O)[nH]c(=O)[nH]c32)O[C@@H]1C(O)CC(=O)O,3,0.5156,
O=c1[nH]c(=O)c2ncn([C@@H]3O[C@H](CO)[C@@H](O)[C@H]3O)c2[nH]1,CO[C@@H]1[C@H](OC(=O)CC(=O)O)[C@@H](CO)O[C@H]1n1cnc2c(=O)[nH]c(=O)[nH]c21,3,0.5738,
O=c1[nH]c(=O)c2ncn([C@@H]3O[C@H](CO)[C@@H](O)[C@H]3O)c2[nH]1,C[C@]1(O)[C@@H](CO)O[C@@H](n2cnc3c(=O)[nH]c(=O)[nH]c32)[C@@H]1OC(=O)CC(=O)O,3,0.4923,
O=c1[nH]c(=O)c2ncn([C@@H]3O[C@H](CO)[C@@H](O)[C@H]3O)c2[nH]1,C[C@@]1(COC(=O)CC(=O)O)O[C@@H](n2cnc3c(=O)[nH]c(=O)[nH]c32)[C@H](O)[C@@H]1O,3,0.4844,
O=c1[nH]c(=O)c2ncn([C@@H]3O[C@H](CO)[C@@H](O)[C@H]3O)c2[nH]1,Cc1nc2c(=O)[nH]c(=O)[nH]c2n1[C@@H]1O[C@H](CO)[C@@H](O)[C@H]1OC(=O)CC(=O)O,3,0.4394,
O=c1[nH]c(=O)c2ncn([C@@H]3O[C@H](CO)[C@@H](O)[C@H]3O)c2[nH]1,C[C@]1(OC(=O)CC(=O)O)[C@@H](CO)O[C@@H](n2cnc3c(=O)[nH]c(=O)[nH]c32)[C@@H]1O,3,0.5484,
O=c1[nH]c(=O)c2ncn([C@@H]3O[C@H](CO)[C@@H](O)[C@H]3O)c2[nH]1,C[C@]1(O)[C@H](O)[C@@H](COC(=O)CC(=O)O)O[C@H]1n1cnc2c(=O)[nH]c(=O)[nH]c21,3,0.4615,
O=c1[nH]c(=O)c2ncn([C@@H]3O[C@H](CO)[C@@H](O)[C@H]3O)c2[nH]1,CC(OC(=O)CC(=O)O)[C@H]1O[C@@H](n2cnc3c(=O)[nH]c(=O)[nH]c32)[C@H](O)[C@@H]1O,3,0.5574,
O=c1[nH]c(=O)c2ncn([C@@H]3O[C@H](CO)[C@@H](O)[C@H]3O)c2[nH]1,C[C@]1(n2cnc3c(=O)[nH]c(=O)[nH]c32)O[C@H](CO)[C@@H](O)[C@H]1OC(=O)CC(=O)O,3,0.4478,
O=c1[nH]c(=O)c2ncn([C@@H]3O[C@H](CO)[C@@H](O)[C@H]3O)c2[nH]1,CC(=O)OC(C)(C(=O)O)[C@H]1O[C@@H](n2cnc3c(=O)[nH]c(=O)[nH]c32)[C@H](O)[C@@H]1O,3,0.5862,
O=c1[nH]c(=O)c2ncn([C@@H]3O[C@H](CO)[C@@H](O)[C@H]3O)c2[nH]1,Cc1nc2c(=O)[nH]c(=O)[nH]c2n1[C@@H]1O[C@H](CO)[C@@H](OC(=O)CC(=O)O)[C@H]1O,3,0.4179,
O=c1[nH]c(=O)c2ncn([C@@H]3O[C@H](CO)[C@@H](O)[C@H]3O)c2[nH]1,CC(O)[C@H]1O[C@@H](n2cnc3c(=O)[nH]c(=O)[nH]c32)[C@H](O)[C@@H]1OC(=O)CC(=O)O,3,0.5156,
O=c1[nH]c(=O)c2ncn([C@@H]3O[C@H](CO)[C@@H](O)[C@H]3O)c2[nH]1,C[C@]1(O)[C@H](OC(=O)CC(=O)O)[C@@H](CO)O[C@H]1n1cnc2c(=O)[nH]c(=O)[nH]c21,3,0.5,
O=c1[nH]c(=O)c2ncn([C@@H]3O[C@H](CO)[C@@H](O)[C@H]3O)c2[nH]1,CC(=O)O[C@H]1[C@@H](O)[C@H](n2cnc3c(=O)[nH]c(=O)[nH]c32)O[C@@H]1C(C)(O)C(=O)O,3,0.5079,
O=c1[nH]c(=O)c2ncn([C@@H]3O[C@H](CO)[C@@H](O)[C@H]3O)c2[nH]1,CO[C@@H]1[C@H](O)[C@@H](COC(=O)CC(=O)O)O[C@H]1n1cnc2c(=O)[nH]c(=O)[nH]c21,3,0.5484,
O=c1[nH]c(=O)c2ncn([C@@H]3O[C@H](CO)[C@@H](O)[C@H]3O)c2[nH]1,CO[C@H]1[C@@H](O)[C@H](n2cnc3c(=O)[nH]c(=O)[nH]c32)O[C@@H]1COC(=O)CC(=O)O,3,0.5645,
O=c1[nH]c(=O)c2ncn([C@@H]3O[C@H](CO)[C@@H](O)[C@H]3O)c2[nH]1,O=C(O)CCC(=O)O[C@H]1[C@@H](O)[C@H](n2cnc3c(=O)[nH]c(=O)[nH]c32)O[C@@H]1CO,3,0.6667,
O=c1[nH]c(=O)c2ncn([C@@H]3O[C@H](CO)[C@@H](O)[C@H]3O)c2[nH]1,Cc1nc2c(=O)[nH]c(=O)[nH]c2n1[C@@H]1O[C@H](COC(=O)CC(=O)O)[C@@H](O)[C@H]1O,3,0.4091,
O=c1[nH]c(=O)c2ncn([C@@H]3O[C@H](CO)[C@@H](O)[C@H]3O)c2[nH]1,CC(C(=O)O)C(=O)O[C@H]1[C@@H](O)[C@H](n2cnc3c(=O)[nH]c(=O)[nH]c32)O[C@@H]1CO,3,0.6724,
O=c1[nH]c(=O)c2ncn([C@@H]3O[C@H](CO)[C@@H](O)[C@H]3O)c2[nH]1,CC(C(=O)O)C(=O)OC[C@H]1O[C@@H](n2cnc3c(=O)[nH]c(=O)[nH]c32)[C@H](O)[C@@H]1O,3,0.6607,
O=c1[nH]c(=O)c2ncn([C@@H]3O[C@H](CO)[C@@H](O)[C@H]3O)c2[nH]1,CC(=O)O[C@@H]1[C@H](O)[C@@H](C(C)(O)C(=O)O)O[C@H]1n1cnc2c(=O)[nH]c(=O)[nH]c21,3,0.4844,
O=c1[nH]c(=O)c2ncn([C@@H]3O[C@H](CO)[C@@H](O)[C@H]3O)c2[nH]1,C[C@]1(n2cnc3c(=O)[nH]c(=O)[nH]c32)O[C@H](COC(=O)CC(=O)O)[C@@H](O)[C@H]1O,3,0.403,
O=c1[nH]c(=O)c2ncn([C@@H]3O[C@H](CO)[C@@H](O)[C@H]3O)c2[nH]1,COC[C@H]1O[C@@H](n2cnc3c(=O)[nH]c(=O)[nH]c32)[C@H](OC(=O)CC(=O)O)[C@@H]1O,3,0.5397,
O=c1[nH]c(=O)c2ncn([C@@H]3O[C@H](CO)[C@@H](O)[C@H]3O)c2[nH]1,O=C(O)CCC(=O)O[C@@H]1[C@H](O)[C@@H](CO)O[C@H]1n1cnc2c(=O)[nH]c(=O)[nH]c21,3,0.6667,
O=c1[nH]c(=O)c2ncn([C@@H]3O[C@H](CO)[C@@H](O)[C@H]3O)c2[nH]1,C[C@]1(O)[C@@H](COC(=O)CC(=O)O)O[C@@H](n2cnc3c(=O)[nH]c(=O)[nH]c32)[C@@H]1O,3,0.4769,
O=c1[nH]c(=O)c2ncn([C@@H]3O[C@H](CO)[C@@H](O)[C@H]3O)c2[nH]1,CO[C@H]1[C@@H](OC(=O)CC(=O)O)[C@H](n2cnc3c(=O)[nH]c(=O)[nH]c32)O[C@@H]1CO,3,0.5738,
O=c1[nH]c(=O)c2ncn([C@@H]3O[C@H](CO)[C@@H](O)[C@H]3O)c2[nH]1,CC(=O)OC(CC(=O)O)[C@H]1O[C@@H](n2cnc3c(=O)[nH]c(=O)[nH]c32)[C@H](O)[C@@H]1O,3,0.5574,
O=c1[nH]c(=O)c2ncn([C@@H]3O[C@H](CO)[C@@H](O)[C@H]3O)c2[nH]1,C[C@]1(n2cnc3c(=O)[nH]c(=O)[nH]c32)O[C@H](CO)[C@@H](OC(=O)CC(=O)O)[C@H]1O,3,0.4328,
O=c1[nH]c(=O)c2ncn([C@@H]3O[C@H](CO)[C@@H](O)[C@H]3O)c2[nH]1,COC[C@H]1O[C@@H](n2cnc3c(=O)[nH]c(=O)[nH]c32)[C@H](O)[C@@H]1OC(=O)CC(=O)O,3,0.5645,
O=c1[nH]c(=O)c2ncn([C@@H]3O[C@H](CO)[C@@H](O)[C@H]3O)c2[nH]1,CC(=O)O[C@@H]1[C@H](O)[C@@H](C(O)CC(=O)O)O[C@H]1n1cnc2c(=O)[nH]c(=O)[nH]c21,3,0.4923,
O=c1[nH]c(=O)c2ncn([C@@H]3O[C@H](CO)[C@@H](O)[C@H]3O)c2[nH]1,O=C(O)CCC(=O)OC[C@H]1O[C@@H](n2cnc3c(=O)[nH]c(=O)[nH]c32)[C@H](O)[C@@H]1O,3,0.6607,
O=c1[nH]c(=O)c2ncn([C@@H]3O[C@H](CO)[C@@H](O)[C@H]3O)c2[nH]1,CC(C(=O)O)C(=O)O[C@@H]1[C@H](O)[C@@H](CO)O[C@H]1n1cnc2c(=O)[nH]c(=O)[nH]c21,3,0.6724,
O=c1[nH]c(=O)c2ncn([C@@H]3O[C@H](CO)[C@@H](O)[C@H]3O)c2[nH]1,C[C@@]1(CO)O[C@@H](n2cnc3c(=O)[nH]c(=O)[nH]c32)[C@H](O)[C@@H]1OC(=O)CC(=O)O,3,0.4923,
O=c1[nH]c(=O)c2ncn([C@@H]3O[C@H](CO)[C@@H](O)[C@H]3O)c2[nH]1,C[C@]1(OC(=O)CC(=O)O)[C@H](O)[C@@H](CO)O[C@H]1n1cnc2c(=O)[nH]c(=O)[nH]c21,3,0.5323,
O=c1[nH]c(=O)c2ncn([C@@H]3O[C@H](CO)[C@@H](O)[C@H]3O)c2[nH]1,CC(O)[C@H]1O[C@@H](n2cnc3c(=O)[nH]c(=O)[nH]c32)[C@H](OC(=O)CC(=O)O)[C@@H]1O,3,0.4923,
O=c1[nH]c(=O)c2ncn([C@@H]3O[C@H](CO)[C@@H](O)[C@H]3O)c2[nH]1,C[C@@]1(CO)O[C@@H](n2cnc3c(=O)[nH]c(=O)[nH]c32)[C@H](OC(=O)CC(=O)O)[C@@H]1O,3,0.4769,
O=c1[nH]c(=O)c2ncn([C@@H]3O[C@H](CO)[C@@H](O)[C@H]3O)c2[nH]1,CC(=O)O[C@@H]1[C@H](OC(C)=O)[C@@H](CO)O[C@H]1n1c[n+](C)c2c(=O)[nH]c(=O)[nH]c21,3,0.3846,
O=c1[nH]c(=O)c2ncn([C@@H]3O[C@H](CO)[C@@H](O)[C@H]3O)c2[nH]1,CC(=O)O[C@@H]1[C@H](O)[C@@H](CO)O[C@H]1n1c[n+](C)c2c(=O)n(C(C)=O)c(=O)[nH]c21,3,0.338,
O=c1[nH]c(=O)c2ncn([C@@H]3O[C@H](CO)[C@@H](O)[C@H]3O)c2[nH]1,CC(=O)O[C@H]1[C@@H](O)[C@H](n2c[n+](C)c3c(=O)[nH]c(=O)n(C(C)=O)c32)O[C@@H]1CO,3,0.338,
O=c1[nH]c(=O)c2ncn([C@@H]3O[C@H](CO)[C@@H](O)[C@H]3O)c2[nH]1,CC(=O)OC[C@H]1O[C@@H](n2c[n+](C)c3c(=O)[nH]c(=O)[nH]c32)[C@H](OC(C)=O)[C@@H]1O,3,0.3429,
O=c1[nH]c(=O)c2ncn([C@@H]3O[C@H](CO)[C@@H](O)[C@H]3O)c2[nH]1,CC(=O)O[C@H]1[C@@H](O)[C@H](n2c[n+](C)c3c(=O)n(C(C)=O)c(=O)[nH]c32)O[C@@H]1CO,3,0.338,
O=c1[nH]c(=O)c2ncn([C@@H]3O[C@H](CO)[C@@H](O)[C@H]3O)c2[nH]1,CC(=O)OC[C@H]1O[C@@H](n2c[n+](C)c3c(=O)n(C(C)=O)c(=O)[nH]c32)[C@H](O)[C@@H]1O,3,0.3286,
O=c1[nH]c(=O)c2ncn([C@@H]3O[C@H](CO)[C@@H](O)[C@H]3O)c2[nH]1,CC(=O)O[C@@H]1[C@H](O)[C@@H](CO)O[C@H]1n1c[n+](C)c2c(=O)[nH]c(=O)n(C(C)=O)c21,3,0.338,
O=c1[nH]c(=O)c2ncn([C@@H]3O[C@H](CO)[C@@H](O)[C@H]3O)c2[nH]1,CC(=O)OC[C@H]1O[C@@H](n2c[n+](C)c3c(=O)[nH]c(=O)n(C(C)=O)c32)[C@H](O)[C@@H]1O,3,0.3286,
O=c1[nH]c(=O)c2ncn([C@@H]3O[C@H](CO)[C@@H](O)[C@H]3O)c2[nH]1,CC(=O)OC[C@H]1O[C@@H](n2c[n+](C)c3c(=O)[nH]c(=O)[nH]c32)[C@H](O)[C@@H]1OC(C)=O,3,0.3623,
O=c1[nH]c(=O)c2ncn([C@@H]3O[C@H](CO)[C@@H](O)[C@H]3O)c2[nH]1,CC(=O)OC[C@H]1O[C@@H](n2cnc3c(=O)[nH]c(=O)[nH]c32)[C@H](O)[C@@]1(C)OC(C)=O,3,0.5161,
O=c1[nH]c(=O)c2ncn([C@@H]3O[C@H](CO)[C@@H](O)[C@H]3O)c2[nH]1,CC(=O)O[C@@H]1[C@H](OC(C)=O)[C@@H](C(C)O)O[C@H]1n1cnc2c(=O)[nH]c(=O)[nH]c21,3,0.4754,
O=c1[nH]c(=O)c2ncn([C@@H]3O[C@H](CO)[C@@H](O)[C@H]3O)c2[nH]1,CC(=O)O[C@H]1[C@H](n2cnc3c(=O)[nH]c(=O)[nH]c32)O[C@@](C)(CO)[C@H]1OC(C)=O,3,0.4839,
O=c1[nH]c(=O)c2ncn([C@@H]3O[C@H](CO)[C@@H](O)[C@H]3O)c2[nH]1,CC(=O)OC[C@H]1O[C@@H](n2cnc3c(=O)[nH]c(=O)[nH]c32)[C@@](C)(O)[C@@H]1OC(C)=O,3,0.4462,
O=c1[nH]c(=O)c2ncn([C@@H]3O[C@H](CO)[C@@H](O)[C@H]3O)c2[nH]1,CC(=O)OC[C@H]1O[C@@H](n2cnc3c(=O)[nH]c(=O)[nH]c32)[C@@](C)(OC(C)=O)[C@@H]1O,3,0.4762,
O=c1[nH]c(=O)c2ncn([C@@H]3O[C@H](CO)[C@@H](O)[C@H]3O)c2[nH]1,CC(=O)OC[C@H]1O[C@](C)(n2cnc3c(=O)[nH]c(=O)[nH]c32)[C@H](O)[C@@H]1OC(C)=O,3,0.3881,
O=c1[nH]c(=O)c2ncn([C@@H]3O[C@H](CO)[C@@H](O)[C@H]3O)c2[nH]1,CCC(=O)O[C@@H]1[C@H](OC(C)=O)[C@@H](CO)O[C@H]1n1cnc2c(=O)[nH]c(=O)[nH]c21,3,0.5833,
O=c1[nH]c(=O)c2ncn([C@@H]3O[C@H](CO)[C@@H](O)[C@H]3O)c2[nH]1,CO[C@H]1[C@@H](OC(C)=O)[C@H](n2cnc3c(=O)[nH]c(=O)[nH]c32)O[C@@H]1COC(C)=O,3,0.5161,
O=c1[nH]c(=O)c2ncn([C@@H]3O[C@H](CO)[C@@H](O)[C@H]3O)c2[nH]1,CC(=O)OC[C@]1(C)O[C@@H](n2cnc3c(=O)[nH]c(=O)[nH]c32)[C@H](OC(C)=O)[C@@H]1O,3,0.4688,
O=c1[nH]c(=O)c2ncn([C@@H]3O[C@H](CO)[C@@H](O)[C@H]3O)c2[nH]1,CC(=O)OC[C@H]1O[C@](C)(n2cnc3c(=O)[nH]c(=O)[nH]c32)[C@H](OC(C)=O)[C@@H]1O,3,0.403,
O=c1[nH]c(=O)c2ncn([C@@H]3O[C@H](CO)[C@@H](O)[C@H]3O)c2[nH]1,CC(=O)OC(C)[C@H]1O[C@@H](n2cnc3c(=O)[nH]c(=O)[nH]c32)[C@H](OC(C)=O)[C@@H]1O,3,0.4921,
O=c1[nH]c(=O)c2ncn([C@@H]3O[C@H](CO)[C@@H](O)[C@H]3O)c2[nH]1,CC(=O)O[C@@H]1[C@@H](CO)O[C@@H](n2cnc3c(=O)[nH]c(=O)[nH]c32)[C@@]1(C)OC(C)=O,3,0.5161,
O=c1[nH]c(=O)c2ncn([C@@H]3O[C@H](CO)[C@@H](O)[C@H]3O)c2[nH]1,CO[C@@H]1[C@H](OC(C)=O)[C@@H](COC(C)=O)O[C@H]1n1cnc2c(=O)[nH]c(=O)[nH]c21,3,0.5161,
O=c1[nH]c(=O)c2ncn([C@@H]3O[C@H](CO)[C@@H](O)[C@H]3O)c2[nH]1,CCC(=O)OC[C@H]1O[C@@H](n2cnc3c(=O)[nH]c(=O)[nH]c32)[C@H](OC(C)=O)[C@@H]1O,3,0.5397,
O=c1[nH]c(=O)c2ncn([C@@H]3O[C@H](CO)[C@@H](O)[C@H]3O)c2[nH]1,CC(=O)O[C@H]1[C@H](n2cnc3c(=O)[nH]c(=O)[nH]c32)O[C@H](CO)[C@]1(C)OC(C)=O,3,0.5079,
O=c1[nH]c(=O)c2ncn([C@@H]3O[C@H](CO)[C@@H](O)[C@H]3O)c2[nH]1,CCC(=O)O[C@H]1[C@@H](OC(C)=O)[C@H](n2cnc3c(=O)[nH]c(=O)[nH]c32)O[C@@H]1CO,3,0.5833,
O=c1[nH]c(=O)c2ncn([C@@H]3O[C@H](CO)[C@@H](O)[C@H]3O)c2[nH]1,CC(=O)O[C@@H]1[C@H](OC(C)=O)[C@@H](CO)O[C@H]1n1c(C)nc2c(=O)[nH]c(=O)[nH]c21,3,0.4127,
O=c1[nH]c(=O)c2ncn([C@@H]3O[C@H](CO)[C@@H](O)[C@H]3O)c2[nH]1,CCC(=O)O[C@H]1[C@@H](O)[C@H](n2cnc3c(=O)[nH]c(=O)[nH]c32)O[C@@H]1COC(C)=O,3,0.5645,
O=c1[nH]c(=O)c2ncn([C@@H]3O[C@H](CO)[C@@H](O)[C@H]3O)c2[nH]1,CCC(=O)OC[C@H]1O[C@@H](n2cnc3c(=O)[nH]c(=O)[nH]c32)[C@H](O)[C@@H]1OC(C)=O,3,0.5645,
O=c1[nH]c(=O)c2ncn([C@@H]3O[C@H](CO)[C@@H](O)[C@H]3O)c2[nH]1,CC(=O)O[C@H]1[C@@H](OC(C)=O)[C@@](C)(n2cnc3c(=O)[nH]c(=O)[nH]c32)O[C@@H]1CO,3,0.4375,
O=c1[nH]c(=O)c2ncn([C@@H]3O[C@H](CO)[C@@H](O)[C@H]3O)c2[nH]1,CC(=O)OC[C@H]1O[C@@H](n2cnc3c(=O)[nH]c(=O)[nH]c32)[C@H](OC(C)=O)[C@@]1(C)O,3,0.4615,
O=c1[nH]c(=O)c2ncn([C@@H]3O[C@H](CO)[C@@H](O)[C@H]3O)c2[nH]1,CC(=O)OC[C@H]1O[C@@H](n2c(C)nc3c(=O)[nH]c(=O)[nH]c32)[C@H](O)[C@@H]1OC(C)=O,3,0.3676,
O=c1[nH]c(=O)c2ncn([C@@H]3O[C@H](CO)[C@@H](O)[C@H]3O)c2[nH]1,CCC(=O)O[C@@H]1[C@H](O)[C@@H](COC(C)=O)O[C@H]1n1cnc2c(=O)[nH]c(=O)[nH]c21,3,0.5397,
O=c1[nH]c(=O)c2ncn([C@@H]3O[C@H](CO)[C@@H](O)[C@H]3O)c2[nH]1,CC(=O)OC[C@H]1O[C@@H](n2c(C)nc3c(=O)[nH]c(=O)[nH]c32)[C@H](OC(C)=O)[C@@H]1O,3,0.3676,
O=c1[nH]c(=O)c2ncn([C@@H]3O[C@H](CO)[C@@H](O)[C@H]3O)c2[nH]1,COC[C@H]1O[C@@H](n2cnc3c(=O)[nH]c(=O)[nH]c32)[C@H](OC(C)=O)[C@@H]1OC(C)=O,3,0.5424,
O=c1[nH]c(=O)c2ncn([C@@H]3O[C@H](CO)[C@@H](O)[C@H]3O)c2[nH]1,CC(=O)OC[C@]1(C)O[C@@H](n2cnc3c(=O)[nH]c(=O)[nH]c32)[C@H](O)[C@@H]1OC(C)=O,3,0.4844,
O=c1[nH]c(=O)c2ncn([C@@H]3O[C@H](CO)[C@@H](O)[C@H]3O)c2[nH]1,CC(=O)OC(C)[C@H]1O[C@@H](n2cnc3c(=O)[nH]c(=O)[nH]c32)[C@H](O)[C@@H]1OC(C)=O,3,0.5161,
O=c1[nH]c(=O)c2ncn([C@@H]3O[C@H](CO)[C@@H](O)[C@H]3O)c2[nH]1,CC(=O)O[C@@H]1[C@H](OC(C)=O)[C@@H](C(=O)O)O[C@H]1n1cnc2c(=O)[nH]c(=O)[nH]c21,3,0.4915,
O=c1[nH]c(=O)c2ncn([C@@H]3O[C@H](CO)[C@@H](O)[C@H]3O)c2[nH]1,C[n+]1cn([C@@H]2O[C@H](CO)[C@@H](OS(=O)(=O)O)[C@H]2O)c2[nH]c(=O)[nH]c(=O)c21,2,0.4308,
O=c1[nH]c(=O)c2ncn([C@@H]3O[C@H](CO)[C@@H](O)[C@H]3O)c2[nH]1,C[n+]1cn([C@@]2(COS(=O)(=O)O)OC[C@@H](O)[C@H]2O)c2[nH]c(=O)[nH]c(=O)c21,3,0.24,
O=c1[nH]c(=O)c2ncn([C@@H]3O[C@H](CO)[C@@H](O)[C@H]3O)c2[nH]1,C[n+]1cn([C@@]2(CO)OC[C@@H](OS(=O)(=O)O)[C@H]2O)c2[nH]c(=O)[nH]c(=O)c21,3,0.2533,
O=c1[nH]c(=O)c2ncn([C@@H]3O[C@H](CO)[C@@H](O)[C@H]3O)c2[nH]1,C[n+]1cn([C@@H]2O[C@H](CO)[C@@H](O)[C@H]2OS(=O)(=O)O)c2[nH]c(=O)[nH]c(=O)c21,2,0.4308,
O=c1[nH]c(=O)c2ncn([C@@H]3O[C@H](CO)[C@@H](O)[C@H]3O)c2[nH]1,C[n+]1cn([C@@]2(CO)OC[C@@H](O)[C@H]2OS(=O)(=O)O)c2[nH]c(=O)[nH]c(=O)c21,3,0.25,
O=c1[nH]c(=O)c2ncn([C@@H]3O[C@H](CO)[C@@H](O)[C@H]3O)c2[nH]1,C[n+]1cn([C@@H]2O[C@H](COS(=O)(=O)O)[C@@H](O)[C@H]2O)c2[nH]c(=O)[nH]c(=O)c21,2,0.4219,
O=c1[nH]c(=O)c2ncn([C@@H]3O[C@H](CO)[C@@H](O)[C@H]3O)c2[nH]1,CO[C@H]1[C@@H](OS(=O)(=O)O)[C@H](n2cnc3c(=O)[nH]c(=O)[nH]c32)O[C@@H]1CO,2,0.6034,
O=c1[nH]c(=O)c2ncn([C@@H]3O[C@H](CO)[C@@H](O)[C@H]3O)c2[nH]1,COC[C@]1(n2cnc3c(=O)[nH]c(=O)[nH]c32)OC[C@@H](O)[C@H]1OS(=O)(=O)O,3,0.3521,
O=c1[nH]c(=O)c2ncn([C@@H]3O[C@H](CO)[C@@H](O)[C@H]3O)c2[nH]1,CO[C@@H]1[C@H](O)[C@@H](COS(=O)(=O)O)O[C@H]1n1cnc2c(=O)[nH]c(=O)[nH]c21,2,0.5667,
O=c1[nH]c(=O)c2ncn([C@@H]3O[C@H](CO)[C@@H](O)[C@H]3O)c2[nH]1,CO[C@@H]1[C@H](O)CO[C@]1(COS(=O)(=O)O)n1cnc2c(=O)[nH]c(=O)[nH]c21,3,0.3521,
O=c1[nH]c(=O)c2ncn([C@@H]3O[C@H](CO)[C@@H](O)[C@H]3O)c2[nH]1,COC[C@]1(n2cnc3c(=O)[nH]c(=O)[nH]c32)OC[C@@H](OS(=O)(=O)O)[C@H]1O,3,0.3571,
O=c1[nH]c(=O)c2ncn([C@@H]3O[C@H](CO)[C@@H](O)[C@H]3O)c2[nH]1,COC[C@H]1O[C@@H](n2cnc3c(=O)[nH]c(=O)[nH]c32)[C@H](OS(=O)(=O)O)[C@@H]1O,2,0.5667,
O=c1[nH]c(=O)c2ncn([C@@H]3O[C@H](CO)[C@@H](O)[C@H]3O)c2[nH]1,CO[C@H]1[C@@H](O)[C@H](n2cnc3c(=O)[nH]c(=O)[nH]c32)O[C@@H]1COS(=O)(=O)O,2,0.5932,
O=c1[nH]c(=O)c2ncn([C@@H]3O[C@H](CO)[C@@H](O)[C@H]3O)c2[nH]1,COC[C@H]1O[C@@H](n2cnc3c(=O)[nH]c(=O)[nH]c32)[C@H](O)[C@@H]1OS(=O)(=O)O,2,0.5932,
O=c1[nH]c(=O)c2ncn([C@@H]3O[C@H](CO)[C@@H](O)[C@H]3O)c2[nH]1,CO[C@@H]1[C@H](OS(=O)(=O)O)[C@@H](CO)O[C@H]1n1cnc2c(=O)[nH]c(=O)[nH]c21,2,0.6034,
O=c1[nH]c(=O)c2ncn([C@@H]3O[C@H](CO)[C@@H](O)[C@H]3O)c2[nH]1,CO[C@@H]1[C@H](OS(=O)(=O)O)CO[C@]1(CO)n1cnc2c(=O)[nH]c(=O)[nH]c21,3,0.3521,
O=c1[nH]c(=O)c2ncn([C@@H]3O[C@H](CO)[C@@H](O)[C@H]3O)c2[nH]1,CO[C@@H]1CO[C@](CO)(n2cnc3c(=O)[nH]c(=O)[nH]c32)[C@@H]1OS(=O)(=O)O,3,0.3714,
O=c1[nH]c(=O)c2ncn([C@@H]3O[C@H](CO)[C@@H](O)[C@H]3O)c2[nH]1,CO[C@@H]1CO[C@](COS(=O)(=O)O)(n2cnc3c(=O)[nH]c(=O)[nH]c32)[C@@H]1O,3,0.3571,
O=c1[nH]c(=O)c2ncn([C@@H]3O[C@H](CO)[C@@H](O)[C@H]3O)c2[nH]1,CO[C@@H]1[C@H](O)[C@@H](COP(=O)(O)O)O[C@H]1n1cnc2c(=O)[nH]c(=O)[nH]c21,2,0.5667,
O=c1[nH]c(=O)c2ncn([C@@H]3O[C@H](CO)[C@@H](O)[C@H]3O)c2[nH]1,O=c1[nH]c(=O)c2ncn([C@@H]3OC[C@@H](O)[C@H]3OCCOP(=O)(O)O)c2[nH]1,3,0.4762,
O=c1[nH]c(=O)c2ncn([C@@H]3O[C@H](CO)[C@@H](O)[C@H]3O)c2[nH]1,CO[C@H]1[C@@H](O)[C@H](n2cnc3c(=O)[nH]c(=O)[nH]c32)O[C@@H]1COP(=O)(O)O,2,0.5932,
O=c1[nH]c(=O)c2ncn([C@@H]3O[C@H](CO)[C@@H](O)[C@H]3O)c2[nH]1,CO[C@@]1(COP(=O)(O)O)CO[C@@H](n2cnc3c(=O)[nH]c(=O)[nH]c32)[C@@H]1O,3,0.4615,
O=c1[nH]c(=O)c2ncn([C@@H]3O[C@H](CO)[C@@H](O)[C@H]3O)c2[nH]1,CO[C@@H]1CO[C@@H](n2cnc3c(=O)[nH]c(=O)[nH]c32)[C@]1(O)COP(=O)(O)O,3,0.3971,
O=c1[nH]c(=O)c2ncn([C@@H]3O[C@H](CO)[C@@H](O)[C@H]3O)c2[nH]1,COC[C@H]1O[C@@H](n2cnc3c(=O)[nH]c(=O)[nH]c32)[C@H](O)[C@@H]1OP(=O)(O)O,2,0.5932,
O=c1[nH]c(=O)c2ncn([C@@H]3O[C@H](CO)[C@@H](O)[C@H]3O)c2[nH]1,CO[C@@H]1[C@H](OP(=O)(O)O)[C@@H](CO)O[C@H]1n1cnc2c(=O)[nH]c(=O)[nH]c21,2,0.6034,
O=c1[nH]c(=O)c2ncn([C@@H]3O[C@H](CO)[C@@H](O)[C@H]3O)c2[nH]1,CO[C@H]1[C@H](n2cnc3c(=O)[nH]c(=O)[nH]c32)OC[C@@]1(O)COP(=O)(O)O,3,0.4328,
O=c1[nH]c(=O)c2ncn([C@@H]3O[C@H](CO)[C@@H](O)[C@H]3O)c2[nH]1,COC[C@]1(n2cnc3c(=O)[nH]c(=O)[nH]c32)OC[C@@H](OP(=O)(O)O)[C@H]1O,3,0.3571,
O=c1[nH]c(=O)c2ncn([C@@H]3O[C@H](CO)[C@@H](O)[C@H]3O)c2[nH]1,CO[C@@H]1[C@H](O)CO[C@]1(COP(=O)(O)O)n1cnc2c(=O)[nH]c(=O)[nH]c21,3,0.3521,
O=c1[nH]c(=O)c2ncn([C@@H]3O[C@H](CO)[C@@H](O)[C@H]3O)c2[nH]1,CO[C@@H]1[C@H](O)CO[C@H]1n1c(COP(=O)(O)O)nc2c(=O)[nH]c(=O)[nH]c21,3,0.2877,
O=c1[nH]c(=O)c2ncn([C@@H]3O[C@H](CO)[C@@H](O)[C@H]3O)c2[nH]1,CO[C@@H]1CO[C@](COP(=O)(O)O)(n2cnc3c(=O)[nH]c(=O)[nH]c32)[C@@H]1O,3,0.3571,
O=c1[nH]c(=O)c2ncn([C@@H]3O[C@H](CO)[C@@H](O)[C@H]3O)c2[nH]1,CO[C@H]1[C@@H](OP(=O)(O)O)[C@H](n2cnc3c(=O)[nH]c(=O)[nH]c32)O[C@@H]1CO,2,0.6034,
O=c1[nH]c(=O)c2ncn([C@@H]3O[C@H](CO)[C@@H](O)[C@H]3O)c2[nH]1,COC[C@H]1O[C@@H](n2cnc3c(=O)[nH]c(=O)[nH]c32)[C@H](OP(=O)(O)O)[C@@H]1O,2,0.5667,
O=c1[nH]c(=O)c2ncn([C@@H]3O[C@H](CO)[C@@H](O)[C@H]3O)c2[nH]1,COC[C@]1(n2cnc3c(=O)[nH]c(=O)[nH]c32)OC[C@@H](O)[C@H]1OP(=O)(O)O,3,0.3521,
O=c1[nH]c(=O)c2ncn([C@@H]3O[C@H](CO)[C@@H](O)[C@H]3O)c2[nH]1,CO[C@@]1(COP(=O)(O)O)[C@H](O)CO[C@H]1n1cnc2c(=O)[nH]c(=O)[nH]c21,3,0.4179,
O=c1[nH]c(=O)c2ncn([C@@H]3O[C@H](CO)[C@@H](O)[C@H]3O)c2[nH]1,CO[C@@H]1[C@H](OP(=O)(O)O)CO[C@]1(CO)n1cnc2c(=O)[nH]c(=O)[nH]c21,3,0.3521,
O=c1[nH]c(=O)c2ncn([C@@H]3O[C@H](CO)[C@@H](O)[C@H]3O)c2[nH]1,O=c1[nH]c(=O)c2ncn([C@@H]3OC[C@@H](OCCOP(=O)(O)O)[C@H]3O)c2[nH]1,3,0.4921,
O=c1[nH]c(=O)c2ncn([C@@H]3O[C@H](CO)[C@@H](O)[C@H]3O)c2[nH]1,CO[C@@H]1CO[C@](CO)(n2cnc3c(=O)[nH]c(=O)[nH]c32)[C@@H]1OP(=O)(O)O,3,0.3714,
O=c1[nH]c(=O)c2ncn([C@@H]3O[C@H](CO)[C@@H](O)[C@H]3O)c2[nH]1,CO[C@@H]1CO[C@@H](n2c(COP(=O)(O)O)nc3c(=O)[nH]c(=O)[nH]c32)[C@@H]1O,3,0.3056,
O=c1[nH]c(=O)c2ncn([C@@H]3O[C@H](CO)[C@@H](O)[C@H]3O)c2[nH]1,C[n+]1cn([C@@H]2O[C@H](C=O)[C@@H](OS(=O)(=O)O)[C@H]2O)c2[nH]c(=O)[nH]c(=O)c21,3,0.3143,
O=c1[nH]c(=O)c2ncn([C@@H]3O[C@H](CO)[C@@H](O)[C@H]3O)c2[nH]1,C[n+]1cn([C@@H]2O[C@H](C=O)[C@@H](O)[C@H]2OS(=O)(=O)O)c2[nH]c(=O)[nH]c(=O)c21,3,0.2917,
O=c1[nH]c(=O)c2ncn([C@@H]3O[C@H](CO)[C@@H](O)[C@H]3O)c2[nH]1,C[n+]1cn([C@@H]2O[C@H](C=O)[C@@H](OP(=O)(O)O)[C@H]2O)c2[nH]c(=O)[nH]c(=O)c21,3,0.3286,
O=c1[nH]c(=O)c2ncn([C@@H]3O[C@H](CO)[C@@H](O)[C@H]3O)c2[nH]1,C[n+]1cn([C@@H]2O[C@H](C=O)[C@@H](O)[C@H]2OP(=O)(O)O)c2[nH]c(=O)[nH]c(=O)c21,3,0.2917,
O=c1[nH]c(=O)c2ncn([C@@H]3O[C@H](CO)[C@@H](O)[C@H]3O)c2[nH]1,CO[C@H]1[C@@H](OS(=O)(=O)O)[C@H](n2cnc3c(=O)[nH]c(=O)[nH]c32)O[C@@H]1C=O,3,0.4531,
O=c1[nH]c(=O)c2ncn([C@@H]3O[C@H](CO)[C@@H](O)[C@H]3O)c2[nH]1,CO[C@@H]1[C@H](OS(=O)(=O)O)[C@@H](C=O)O[C@H]1n1cnc2c(=O)[nH]c(=O)[nH]c21,3,0.4531,
O=c1[nH]c(=O)c2ncn([C@@H]3O[C@H](CO)[C@@H](O)[C@H]3O)c2[nH]1,CO[C@@H]1[C@H](OP(=O)(O)O)[C@@H](C=O)O[C@H]1n1cnc2c(=O)[nH]c(=O)[nH]c21,3,0.4531,
O=c1[nH]c(=O)c2ncn([C@@H]3O[C@H](CO)[C@@H](O)[C@H]3O)c2[nH]1,CO[C@H]1[C@@H](OP(=O)(O)O)[C@H](n2cnc3c(=O)[nH]c(=O)[nH]c32)O[C@@H]1C=O,3,0.4531,
O=c1[nH]c(=O)c2ncn([C@@H]3O[C@H](CO)[C@@H](O)[C@H]3O)c2[nH]1,CC(O)OC(C)O[C@H]1[C@@H](O)[C@H](n2cnc3c(=O)[nH]c(=O)[nH]c32)O[C@@H]1CO,3,0.6552,
O=c1[nH]c(=O)c2ncn([C@@H]3O[C@H](CO)[C@@H](O)[C@H]3O)c2[nH]1,CC(O)O[C@@H]1[C@H](OC(C)O)[C@@H](CO)O[C@H]1n1cnc2c(=O)[nH]c(=O)[nH]c21,3,0.6364,
O=c1[nH]c(=O)c2ncn([C@@H]3O[C@H](CO)[C@@H](O)[C@H]3O)c2[nH]1,CC(O)OC(C)O[C@@H]1[C@H](O)[C@@H](CO)O[C@H]1n1cnc2c(=O)[nH]c(=O)[nH]c21,3,0.6552,
O=c1[nH]c(=O)c2ncn([C@@H]3O[C@H](CO)[C@@H](O)[C@H]3O)c2[nH]1,CC(O)OC[C@H]1O[C@@H](n2cnc3c(=O)[nH]c(=O)[nH]c32)[C@H](OC(C)O)[C@@H]1O,3,0.5667,
O=c1[nH]c(=O)c2ncn([C@@H]3O[C@H](CO)[C@@H](O)[C@H]3O)c2[nH]1,CC(O)OC[C@H]1O[C@@H](n2cnc3c(=O)[nH]c(=O)[nH]c32)[C@H](O)[C@@H]1OC(C)O,3,0.5932,
O=c1[nH]c(=O)c2ncn([C@@H]3O[C@H](CO)[C@@H](O)[C@H]3O)c2[nH]1,CC(O)OC(C)OC[C@H]1O[C@@H](n2cnc3c(=O)[nH]c(=O)[nH]c32)[C@H](O)[C@@H]1O,3,0.6491,
O=c1[nH]c(=O)c2ncn([C@@H]3O[C@H](CO)[C@@H](O)[C@H]3O)c2[nH]1,CC(Cl)(C#N)O[C@@H]1[C@H](O)[C@@H](CO)O[C@H]1n1cnc2c(=O)[nH]c(=O)[nH]c21,3,0.6333,
O=c1[nH]c(=O)c2ncn([C@@H]3O[C@H](CO)[C@@H](O)[C@H]3O)c2[nH]1,CC(Cl)(C#N)O[C@H]1[C@@H](O)[C@H](n2cnc3c(=O)[nH]c(=O)[nH]c32)O[C@@H]1CO,3,0.6333,
O=c1[nH]c(=O)c2ncn([C@@H]3O[C@H](CO)[C@@H](O)[C@H]3O)c2[nH]1,CC(Cl)(C#N)OC[C@H]1O[C@@H](n2cnc3c(=O)[nH]c(=O)[nH]c32)[C@H](O)[C@@H]1O,3,0.6379,
O=c1[nH]c(=O)c2ncn([C@@H]3O[C@H](CO)[C@@H](O)[C@H]3O)c2[nH]1,CC(N)OC[C@H]1O[C@@H](n2cnc3c(=O)[nH]c(=O)[nH]c32)[C@H](OC(C)N)[C@@H]1O,3,0.5667,
O=c1[nH]c(=O)c2ncn([C@@H]3O[C@H](CO)[C@@H](O)[C@H]3O)c2[nH]1,CC(N)OC[C@H]1O[C@@H](n2cnc3c(=O)[nH]c(=O)[nH]c32)[C@H](O)[C@@H]1OC(C)N,3,0.5932,
O=c1[nH]c(=O)c2ncn([C@@H]3O[C@H](CO)[C@@H](O)[C@H]3O)c2[nH]1,CC(N)O[C@@H]1[C@H](OC(C)N)[C@@H](CO)O[C@H]1n1cnc2c(=O)[nH]c(=O)[nH]c21,3,0.625,
O=c1[nH]c(=O)c2ncn([C@@H]3O[C@H](CO)[C@@H](O)[C@H]3O)c2[nH]1,CC(O)O[C@H]1[C@@H](OC(C)O)[C@]2(n3cnc4c(=O)[nH]c(=O)[nH]c43)OC[C@H]1O2,3,0.3239,
O=c1[nH]c(=O)c2ncn([C@@H]3O[C@H](CO)[C@@H](O)[C@H]3O)c2[nH]1,CC(O)OC(C)OC[C@]12O[C@@H](n3cnc4c(=O)[nH]c(=O)[nH]c43)[C@H](O)[C@@H]1O2,3,0.4844,
O=c1[nH]c(=O)c2ncn([C@@H]3O[C@H](CO)[C@@H](O)[C@H]3O)c2[nH]1,CC(O)OC(C)O[C@@]12O[C@@H]1[C@@H](CO)O[C@H]2n1cnc2c(=O)[nH]c(=O)[nH]c21,3,0.4923,
O=c1[nH]c(=O)c2ncn([C@@H]3O[C@H](CO)[C@@H](O)[C@H]3O)c2[nH]1,CC(=O)O[C@H]1[C@@H](OC(C)O)[C@H](n2cnc3c(=O)[nH]c(=O)[nH]c32)O[C@@H]1CO,3,0.5738,
O=c1[nH]c(=O)c2ncn([C@@H]3O[C@H](CO)[C@@H](O)[C@H]3O)c2[nH]1,CC(O)OC(C)O[C@H]1[C@H](n2cnc3c(=O)[nH]c(=O)[nH]c32)O[C@]2(CO)O[C@@H]12,3,0.4545,
O=c1[nH]c(=O)c2ncn([C@@H]3O[C@H](CO)[C@@H](O)[C@H]3O)c2[nH]1,CC(O)OC(C)OC[C@H]1O[C@@H]2[C@H](Oc3nc4c(=O)[nH]c(=O)[nH]c4n32)[C@@H]1O,3,0.3571,
O=c1[nH]c(=O)c2ncn([C@@H]3O[C@H](CO)[C@@H](O)[C@H]3O)c2[nH]1,CC(O)OC(C)O[C@H]1[C@@H](O)[C@]2(n3cnc4c(=O)[nH]c(=O)[nH]c43)OC[C@H]1O2,3,0.3288,
O=c1[nH]c(=O)c2ncn([C@@H]3O[C@H](CO)[C@@H](O)[C@H]3O)c2[nH]1,CC(O)OC(C)O[C@]12OC[C@@H](O[C@H]1n1cnc3c(=O)[nH]c(=O)[nH]c31)[C@H]2O,3,0.4118,
O=c1[nH]c(=O)c2ncn([C@@H]3O[C@H](CO)[C@@H](O)[C@H]3O)c2[nH]1,CC(O)OC(C)OC[C@H]1O[C@@]2(n3cnc4c(=O)[nH]c(=O)[nH]c43)O[C@H]1[C@H]2O,3,0.3714,
O=c1[nH]c(=O)c2ncn([C@@H]3O[C@H](CO)[C@@H](O)[C@H]3O)c2[nH]1,CC(O)OC(C)O[C@@H]1[C@H]2CO[C@@]1(O)[C@H](n1cnc3c(=O)[nH]c(=O)[nH]c31)O2,3,0.3857,
O=c1[nH]c(=O)c2ncn([C@@H]3O[C@H](CO)[C@@H](O)[C@H]3O)c2[nH]1,CC(=O)OC[C@H]1O[C@@H](n2cnc3c(=O)[nH]c(=O)[nH]c32)[C@H](O)[C@@H]1OC(C)O,3,0.5645,
O=c1[nH]c(=O)c2ncn([C@@H]3O[C@H](CO)[C@@H](O)[C@H]3O)c2[nH]1,CC(=O)OC(C)OC[C@H]1O[C@@H](n2cnc3c(=O)[nH]c(=O)[nH]c32)[C@H](O)[C@@H]1O,3,0.6379,
O=c1[nH]c(=O)c2ncn([C@@H]3O[C@H](CO)[C@@H](O)[C@H]3O)c2[nH]1,CC(O)OC[C@H]1O[C@@H]2[C@H](Oc3nc4c(=O)[nH]c(=O)[nH]c4n32)[C@@H]1OC(C)O,3,0.3286,
O=c1[nH]c(=O)c2ncn([C@@H]3O[C@H](CO)[C@@H](O)[C@H]3O)c2[nH]1,CC(O)OC(C)O[C@H]1[C@H]2O[C@]2(n2cnc3c(=O)[nH]c(=O)[nH]c32)O[C@@H]1CO,3,0.4058,
O=c1[nH]c(=O)c2ncn([C@@H]3O[C@H](CO)[C@@H](O)[C@H]3O)c2[nH]1,CC(O)OC(C)O[C@@H]1[C@H](O)[C@H]2COc3nc4c(=O)[nH]c(=O)[nH]c4n3[C@@H]1O2,3,0.3194,
O=c1[nH]c(=O)c2ncn([C@@H]3O[C@H](CO)[C@@H](O)[C@H]3O)c2[nH]1,CC(O)OC(C)OC[C@]12O[C@@H]([C@H](n3cnc4c(=O)[nH]c(=O)[nH]c43)O1)[C@@H]2O,3,0.4615,
O=c1[nH]c(=O)c2ncn([C@@H]3O[C@H](CO)[C@@H](O)[C@H]3O)c2[nH]1,CC(O)OC(C)O[C@@H]1[C@@H]2OC(O)[C@H]2O[C@H]1n1cnc2c(=O)[nH]c(=O)[nH]c21,3,0.4688,
O=c1[nH]c(=O)c2ncn([C@@H]3O[C@H](CO)[C@@H](O)[C@H]3O)c2[nH]1,CC(O)OC(C)O[C@@H]1[C@@H]2Oc3nc4c(=O)[nH]c(=O)[nH]c4n3[C@@H]1O[C@@H]2CO,3,0.3768,
O=c1[nH]c(=O)c2ncn([C@@H]3O[C@H](CO)[C@@H](O)[C@H]3O)c2[nH]1,CC(=O)OC(C)O[C@@H]1[C@H](O)[C@@H](CO)O[C@H]1n1cnc2c(=O)[nH]c(=O)[nH]c21,3,0.6441,
O=c1[nH]c(=O)c2ncn([C@@H]3O[C@H](CO)[C@@H](O)[C@H]3O)c2[nH]1,CC(O)OC[C@H]1O[C@@H](n2cnc3c(=O)[nH]c(=O)[nH]c32)[C@]2(OC(C)O)O[C@H]12,3,0.4394,
O=c1[nH]c(=O)c2ncn([C@@H]3O[C@H](CO)[C@@H](O)[C@H]3O)c2[nH]1,CC(O)OC(C)OC[C@H]1O[C@@H](n2cnc3c(=O)[nH]c(=O)[nH]c32)[C@]2(O)O[C@H]12,3,0.4265,
O=c1[nH]c(=O)c2ncn([C@@H]3O[C@H](CO)[C@@H](O)[C@H]3O)c2[nH]1,CC(=O)O[C@H]1[C@@H](O)[C@H](n2cnc3c(=O)[nH]c(=O)[nH]c32)O[C@@H]1COC(C)O,3,0.5645,
O=c1[nH]c(=O)c2ncn([C@@H]3O[C@H](CO)[C@@H](O)[C@H]3O)c2[nH]1,CC(O)OC(C)O[C@H]1[C@H](n2cnc3c(=O)[nH]c(=O)[nH]c32)O[C@@H]2CO[C@]21O,3,0.4203,
O=c1[nH]c(=O)c2ncn([C@@H]3O[C@H](CO)[C@@H](O)[C@H]3O)c2[nH]1,CC(O)OC(C)O[C@H]1[C@@H](O)[C@H]2O[C@@H]1COc1nc3c(=O)[nH]c(=O)[nH]c3n12,3,0.3194,
O=c1[nH]c(=O)c2ncn([C@@H]3O[C@H](CO)[C@@H](O)[C@H]3O)c2[nH]1,CC(O)OC(C)OC[C@H]1O[C@@H](n2cnc3c(=O)[nH]c(=O)[nH]c32)[C@@H]2O[C@]12O,3,0.4412,
O=c1[nH]c(=O)c2ncn([C@@H]3O[C@H](CO)[C@@H](O)[C@H]3O)c2[nH]1,CC(O)OC(C)O[C@@H]1[C@H](O)[C@H]2CO[C@]1(n1cnc3c(=O)[nH]c(=O)[nH]c31)O2,3,0.3425,
O=c1[nH]c(=O)c2ncn([C@@H]3O[C@H](CO)[C@@H](O)[C@H]3O)c2[nH]1,CC(O)OC(C)O[C@@H]1[C@@H]2O[C@]1(n1cnc3c(=O)[nH]c(=O)[nH]c31)O[C@@H]2CO,3,0.4118,
O=c1[nH]c(=O)c2ncn([C@@H]3O[C@H](CO)[C@@H](O)[C@H]3O)c2[nH]1,CC(=O)O[C@@H]1[C@H](O)[C@@H](COC(C)O)O[C@H]1n1cnc2c(=O)[nH]c(=O)[nH]c21,3,0.5397,
O=c1[nH]c(=O)c2ncn([C@@H]3O[C@H](CO)[C@@H](O)[C@H]3O)c2[nH]1,CC(O)OC[C@H]1O[C@@H]2[C@H](OC(C)O)[C@@H]1Oc1nc3c(=O)[nH]c(=O)[nH]c3n12,3,0.3286,
O=c1[nH]c(=O)c2ncn([C@@H]3O[C@H](CO)[C@@H](O)[C@H]3O)c2[nH]1,CC(O)OC(C)O[C@H]1[C@H]2Oc3nc4c(=O)[nH]c(=O)[nH]c4n3[C@@H]2O[C@@H]1CO,3,0.3768,
O=c1[nH]c(=O)c2ncn([C@@H]3O[C@H](CO)[C@@H](O)[C@H]3O)c2[nH]1,CC(O)OC[C@]12O[C@@H]([C@H](n3cnc4c(=O)[nH]c(=O)[nH]c43)O1)[C@@H]2OC(C)O,3,0.4462,
O=c1[nH]c(=O)c2ncn([C@@H]3O[C@H](CO)[C@@H](O)[C@H]3O)c2[nH]1,CC(O)OC(C)O[C@H]1[C@H]2O[C@@]1(CO)O[C@H]2n1cnc2c(=O)[nH]c(=O)[nH]c21,3,0.4545,
O=c1[nH]c(=O)c2ncn([C@@H]3O[C@H](CO)[C@@H](O)[C@H]3O)c2[nH]1,CC(O)OC(C)OC[C@H]1O[C@@]2(n3cnc4c(=O)[nH]c(=O)[nH]c43)O[C@@H]2[C@@H]1O,3,0.3857,
O=c1[nH]c(=O)c2ncn([C@@H]3O[C@H](CO)[C@@H](O)[C@H]3O)c2[nH]1,CC(O)O[C@@H]1[C@H]2CO[C@@]1(OC(C)O)[C@H](n1cnc3c(=O)[nH]c(=O)[nH]c31)O2,3,0.3971,
O=c1[nH]c(=O)c2ncn([C@@H]3O[C@H](CO)[C@@H](O)[C@H]3O)c2[nH]1,CC(O)OC(C)OC1O[C@H]2[C@@H](O)[C@H](n3cnc4c(=O)[nH]c(=O)[nH]c43)O[C@H]12,3,0.5161,
O=c1[nH]c(=O)c2ncn([C@@H]3O[C@H](CO)[C@@H](O)[C@H]3O)c2[nH]1,CC(O)OC(C)O[C@H]1[C@H](n2cnc3c(=O)[nH]c(=O)[nH]c32)O[C@@]2(CO2)[C@H]1O,3,0.4328,
O=c1[nH]c(=O)c2ncn([C@@H]3O[C@H](CO)[C@@H](O)[C@H]3O)c2[nH]1,CC(O)OC[C@H]1O[C@@]2(n3cnc4c(=O)[nH]c(=O)[nH]c43)O[C@H]1[C@H]2OC(C)O,3,0.3623,
O=c1[nH]c(=O)c2ncn([C@@H]3O[C@H](CO)[C@@H](O)[C@H]3O)c2[nH]1,CC(O)OC(C)O[C@H]1[C@@H](O)[C@H](n2cnc3c(=O)[nH]c(=O)[nH]c32)O[C@@]12CO2,3,0.4478,
O=c1[nH]c(=O)c2ncn([C@@H]3O[C@H](CO)[C@@H](O)[C@H]3O)c2[nH]1,CC(O)OC[C@H]1O[C@@H](n2cnc3c(=O)[nH]c(=O)[nH]c32)[C@@H]2O[C@]12OC(C)O,3,0.4545,
O=c1[nH]c(=O)c2ncn([C@@H]3O[C@H](CO)[C@@H](O)[C@H]3O)c2[nH]1,CC(O)OC[C@]12O[C@@H](n3cnc4c(=O)[nH]c(=O)[nH]c43)[C@H](OC(C)O)[C@@H]1O2,3,0.4462,
O=c1[nH]c(=O)c2ncn([C@@H]3O[C@H](CO)[C@@H](O)[C@H]3O)c2[nH]1,CC(O)OC(C)OC[C@H]1O[C@@H]2[C@H](O)[C@@H]1Oc1nc3c(=O)[nH]c(=O)[nH]c3n12,3,0.3571,
O=c1[nH]c(=O)c2ncn([C@@H]3O[C@H](CO)[C@@H](O)[C@H]3O)c2[nH]1,CC(O)OC(C)O[C@@]12OC[C@H]1O[C@@H](n1cnc3c(=O)[nH]c(=O)[nH]c31)[C@@H]2O,3,0.4478,
O=c1[nH]c(=O)c2ncn([C@@H]3O[C@H](CO)[C@@H](O)[C@H]3O)c2[nH]1,CC(O)OC(C)OC1O[C@@H]2[C@H](O)[C@@H]1O[C@H]2n1cnc2c(=O)[nH]c(=O)[nH]c21,3,0.4921,
O=c1[nH]c(=O)c2ncn([C@@H]3O[C@H](CO)[C@@H](O)[C@H]3O)c2[nH]1,CC(O)O[C@H]1[C@H](n2cnc3c(=O)[nH]c(=O)[nH]c32)O[C@@H]2CO[C@]21OC(C)O,3,0.4328,
O=c1[nH]c(=O)c2ncn([C@@H]3O[C@H](CO)[C@@H](O)[C@H]3O)c2[nH]1,CC(O)OC1O[C@H]2[C@@H](OC(C)O)[C@H](n3cnc4c(=O)[nH]c(=O)[nH]c43)O[C@H]12,3,0.4754,
O=c1[nH]c(=O)c2ncn([C@@H]3O[C@H](CO)[C@@H](O)[C@H]3O)c2[nH]1,CC(=O)O[C@@H]1[C@H](OC(C)O)[C@@H](CO)O[C@H]1n1cnc2c(=O)[nH]c(=O)[nH]c21,3,0.5738,
O=c1[nH]c(=O)c2ncn([C@@H]3O[C@H](CO)[C@@H](O)[C@H]3O)c2[nH]1,CC(=O)OC(C)O[C@H]1[C@@H](O)[C@H](n2cnc3c(=O)[nH]c(=O)[nH]c32)O[C@@H]1CO,3,0.6441,
O=c1[nH]c(=O)c2ncn([C@@H]3O[C@H](CO)[C@@H](O)[C@H]3O)c2[nH]1,CC(O)OC(C)O[C@]12O[C@H]1[C@H](n1cnc3c(=O)[nH]c(=O)[nH]c31)O[C@@H]2CO,3,0.4848,
O=c1[nH]c(=O)c2ncn([C@@H]3O[C@H](CO)[C@@H](O)[C@H]3O)c2[nH]1,CC(O)O[C@H]1[C@H](n2cnc3c(=O)[nH]c(=O)[nH]c32)O[C@@]2(CO2)[C@H]1OC(C)O,3,0.4308,
O=c1[nH]c(=O)c2ncn([C@@H]3O[C@H](CO)[C@@H](O)[C@H]3O)c2[nH]1,CC(O)OC[C@H]1O[C@@]2(n3cnc4c(=O)[nH]c(=O)[nH]c43)O[C@@H]2[C@@H]1OC(C)O,3,0.3571,
O=c1[nH]c(=O)c2ncn([C@@H]3O[C@H](CO)[C@@H](O)[C@H]3O)c2[nH]1,CC(O)OC1O[C@@H]2[C@H](OC(C)O)[C@@H]1O[C@H]2n1cnc2c(=O)[nH]c(=O)[nH]c21,3,0.4754,
O=c1[nH]c(=O)c2ncn([C@@H]3O[C@H](CO)[C@@H](O)[C@H]3O)c2[nH]1,CC(O)OC(C)O[C@H]1[C@H]2OC(O)[C@H]1O[C@H]2n1cnc2c(=O)[nH]c(=O)[nH]c21,3,0.4688,
O=c1[nH]c(=O)c2ncn([C@@H]3O[C@H](CO)[C@@H](O)[C@H]3O)c2[nH]1,CC(O)O[C@@H]1[C@H](OC(C)O)[C@H]2COc3nc4c(=O)[nH]c(=O)[nH]c4n3[C@@H]1O2,3,0.3088,
O=c1[nH]c(=O)c2ncn([C@@H]3O[C@H](CO)[C@@H](O)[C@H]3O)c2[nH]1,CC(=O)OC[C@H]1O[C@@H](n2cnc3c(=O)[nH]c(=O)[nH]c32)[C@H](OC(C)O)[C@@H]1O,3,0.5397,
O=c1[nH]c(=O)c2ncn([C@@H]3O[C@H](CO)[C@@H](O)[C@H]3O)c2[nH]1,O=C(O)CC(=O)OC[C@]1(n2cnc3c(=O)[nH]c(=O)[nH]c32)OC[C@@H](O)[C@H]1O,3,0.3623,
O=c1[nH]c(=O)c2ncn([C@@H]3O[C@H](CO)[C@@H](O)[C@H]3O)c2[nH]1,O=CO[C@@H]1[C@H](O)[C@@H](CO)O[C@H]1n1c(CC(=O)O)nc2c(=O)[nH]c(=O)[nH]c21,3,0.4394,
O=c1[nH]c(=O)c2ncn([C@@H]3O[C@H](CO)[C@@H](O)[C@H]3O)c2[nH]1,CC(O)(OC1O[C@@H]2[C@H](O)[C@@H]1O[C@H]2n1cnc2c(=O)[nH]c(=O)[nH]c21)C(=O)O,3,0.5,
O=c1[nH]c(=O)c2ncn([C@@H]3O[C@H](CO)[C@@H](O)[C@H]3O)c2[nH]1,CC(=O)O[C@@H]1[C@@H](CO)O[C@@H](n2cnc3c(=O)[nH]c(=O)[nH]c32)[C@]1(O)C(=O)O,3,0.5161,
O=c1[nH]c(=O)c2ncn([C@@H]3O[C@H](CO)[C@@H](O)[C@H]3O)c2[nH]1,O=C(O)CC(O)O[C@H]1[C@@H](O)[C@]2(n3cnc4c(=O)[nH]c(=O)[nH]c43)OC[C@H]1O2,3,0.3425,
O=c1[nH]c(=O)c2ncn([C@@H]3O[C@H](CO)[C@@H](O)[C@H]3O)c2[nH]1,O=C(O)CC(O)O[C@H]1[C@H](n2cnc3c(=O)[nH]c(=O)[nH]c32)O[C@@]2(CO2)[C@H]1O,3,0.4478,
O=c1[nH]c(=O)c2ncn([C@@H]3O[C@H](CO)[C@@H](O)[C@H]3O)c2[nH]1,O=C(O)CC(O)OC[C@H]1O[C@@]2(n3cnc4c(=O)[nH]c(=O)[nH]c43)O[C@@H]2[C@@H]1O,3,0.3857,
O=c1[nH]c(=O)c2ncn([C@@H]3O[C@H](CO)[C@@H](O)[C@H]3O)c2[nH]1,O=CO[C@@H]1[C@@H](CO)O[C@@H](n2cnc3c(=O)[nH]c(=O)[nH]c32)[C@]1(O)CC(=O)O,3,0.5079,
O=c1[nH]c(=O)c2ncn([C@@H]3O[C@H](CO)[C@@H](O)[C@H]3O)c2[nH]1,O=CO[C@@H]1[C@H](O)[C@@H](CO)O[C@]1(CC(=O)O)n1cnc2c(=O)[nH]c(=O)[nH]c21,3,0.4478,
O=c1[nH]c(=O)c2ncn([C@@H]3O[C@H](CO)[C@@H](O)[C@H]3O)c2[nH]1,O=CO[C@@]1(CC(=O)O)[C@@H](CO)O[C@@H](n2cnc3c(=O)[nH]c(=O)[nH]c32)[C@@H]1O,3,0.541,
O=c1[nH]c(=O)c2ncn([C@@H]3O[C@H](CO)[C@@H](O)[C@H]3O)c2[nH]1,O=C(O)CC(O)O[C@@H]1[C@@H]2OC(O)[C@H]2O[C@H]1n1cnc2c(=O)[nH]c(=O)[nH]c21,3,0.4844,
O=c1[nH]c(=O)c2ncn([C@@H]3O[C@H](CO)[C@@H](O)[C@H]3O)c2[nH]1,O=C(O)CC(O)O[C@H]1[C@@H](O)[C@H](n2cnc3c(=O)[nH]c(=O)[nH]c32)O[C@@]12CO2,3,0.4627,
O=c1[nH]c(=O)c2ncn([C@@H]3O[C@H](CO)[C@@H](O)[C@H]3O)c2[nH]1,O=CO[C@H]1[C@H](n2cnc3c(=O)[nH]c(=O)[nH]c32)O[C@H](CO)[C@@]1(O)CC(=O)O,3,0.4923,
O=c1[nH]c(=O)c2ncn([C@@H]3O[C@H](CO)[C@@H](O)[C@H]3O)c2[nH]1,CC(O)(O[C@@]12O[C@@H]1[C@@H](CO)O[C@H]2n1cnc2c(=O)[nH]c(=O)[nH]c21)C(=O)O,3,0.4923,
O=c1[nH]c(=O)c2ncn([C@@H]3O[C@H](CO)[C@@H](O)[C@H]3O)c2[nH]1,O=C(O)CC(O)O[C@@]12OC[C@H]1O[C@@H](n1cnc3c(=O)[nH]c(=O)[nH]c31)[C@@H]2O,3,0.4627,
O=c1[nH]c(=O)c2ncn([C@@H]3O[C@H](CO)[C@@H](O)[C@H]3O)c2[nH]1,CC(O)(O[C@@H]1[C@H](O)[C@H]2COc3nc4c(=O)[nH]c(=O)[nH]c4n3[C@@H]1O2)C(=O)O,3,0.3194,
O=c1[nH]c(=O)c2ncn([C@@H]3O[C@H](CO)[C@@H](O)[C@H]3O)c2[nH]1,CC(=O)O[C@H]1[C@@H](O)[C@H](n2cnc3c(=O)[nH]c(=O)[nH]c32)O[C@]1(CO)C(=O)O,3,0.5079,
O=c1[nH]c(=O)c2ncn([C@@H]3O[C@H](CO)[C@@H](O)[C@H]3O)c2[nH]1,CC(O)(O[C@@H]1[C@H](O)[C@H]2CO[C@]1(n1cnc3c(=O)[nH]c(=O)[nH]c31)O2)C(=O)O,3,0.3425,
O=c1[nH]c(=O)c2ncn([C@@H]3O[C@H](CO)[C@@H](O)[C@H]3O)c2[nH]1,CC(O)(C(=O)O)[C@H]1O[C@@H](n2cnc3c(=O)[nH]c(=O)[nH]c32)[C@H](O)[C@@H]1OC=O,3,0.5,
O=c1[nH]c(=O)c2ncn([C@@H]3O[C@H](CO)[C@@H](O)[C@H]3O)c2[nH]1,O=C(O)C1OC[C@H]2O[C@@H](n3cnc4c(=O)[nH]c(=O)[nH]c43)[C@H](OC1O)[C@@H]2O,3,0.5,
O=c1[nH]c(=O)c2ncn([C@@H]3O[C@H](CO)[C@@H](O)[C@H]3O)c2[nH]1,CC(O)(O[C@H]1[C@H]2O[C@@]1(CO)O[C@H]2n1cnc2c(=O)[nH]c(=O)[nH]c21)C(=O)O,3,0.4545,
O=c1[nH]c(=O)c2ncn([C@@H]3O[C@H](CO)[C@@H](O)[C@H]3O)c2[nH]1,CC(O)(O[C@H]1[C@H]2Oc3nc4c(=O)[nH]c(=O)[nH]c4n3[C@@H]2O[C@@H]1CO)C(=O)O,3,0.3768,
O=c1[nH]c(=O)c2ncn([C@@H]3O[C@H](CO)[C@@H](O)[C@H]3O)c2[nH]1,CC(O)(O[C@H]1[C@H]2O[C@]2(n2cnc3c(=O)[nH]c(=O)[nH]c32)O[C@@H]1CO)C(=O)O,3,0.4058,
O=c1[nH]c(=O)c2ncn([C@@H]3O[C@H](CO)[C@@H](O)[C@H]3O)c2[nH]1,CC(O)(O[C@H]1[C@@H](O)[C@H]2O[C@@H]1COc1nc3c(=O)[nH]c(=O)[nH]c3n12)C(=O)O,3,0.3194,
O=c1[nH]c(=O)c2ncn([C@@H]3O[C@H](CO)[C@@H](O)[C@H]3O)c2[nH]1,CC(=O)OC[C@H]1O[C@@H](n2c(C(=O)O)nc3c(=O)[nH]c(=O)[nH]c32)[C@H](O)[C@@H]1O,3,0.4219,
O=c1[nH]c(=O)c2ncn([C@@H]3O[C@H](CO)[C@@H](O)[C@H]3O)c2[nH]1,CC(=O)O[C@H]1[C@@H](O)[C@H](n2cnc3c(=O)[nH]c(=O)[nH]c32)O[C@@H]1C(O)C(=O)O,3,0.541,
O=c1[nH]c(=O)c2ncn([C@@H]3O[C@H](CO)[C@@H](O)[C@H]3O)c2[nH]1,CC(O)(OC[C@H]1O[C@@H]2[C@H](O)[C@@H]1Oc1nc3c(=O)[nH]c(=O)[nH]c3n12)C(=O)O,3,0.3571,
O=c1[nH]c(=O)c2ncn([C@@H]3O[C@H](CO)[C@@H](O)[C@H]3O)c2[nH]1,O=C(O)C1O[C@H]2[C@@H](OC1O)[C@H](n1cnc3c(=O)[nH]c(=O)[nH]c31)O[C@@H]2CO,3,0.6429,
O=c1[nH]c(=O)c2ncn([C@@H]3O[C@H](CO)[C@@H](O)[C@H]3O)c2[nH]1,CC(=O)O[C@@H]1[C@H](O)[C@@H](CO)O[C@H]1n1c(C(=O)O)nc2c(=O)[nH]c(=O)[nH]c21,3,0.4531,
O=c1[nH]c(=O)c2ncn([C@@H]3O[C@H](CO)[C@@H](O)[C@H]3O)c2[nH]1,O=C(O)CC(O)O[C@H]1[C@H]2OC(O)[C@H]1O[C@H]2n1cnc2c(=O)[nH]c(=O)[nH]c21,3,0.4844,
O=c1[nH]c(=O)c2ncn([C@@H]3O[C@H](CO)[C@@H](O)[C@H]3O)c2[nH]1,CC(=O)O[C@@H]1[C@H](O)[C@@H](CO)O[C@]1(C(=O)O)n1cnc2c(=O)[nH]c(=O)[nH]c21,3,0.4615,
O=c1[nH]c(=O)c2ncn([C@@H]3O[C@H](CO)[C@@H](O)[C@H]3O)c2[nH]1,CC(O)(OC[C@]12O[C@@H]([C@H](n3cnc4c(=O)[nH]c(=O)[nH]c43)O1)[C@@H]2O)C(=O)O,3,0.4615,
O=c1[nH]c(=O)c2ncn([C@@H]3O[C@H](CO)[C@@H](O)[C@H]3O)c2[nH]1,CC(O)(O[C@@H]1[C@H]2CO[C@@]1(O)[C@H](n1cnc3c(=O)[nH]c(=O)[nH]c31)O2)C(=O)O,3,0.3857,
O=c1[nH]c(=O)c2ncn([C@@H]3O[C@H](CO)[C@@H](O)[C@H]3O)c2[nH]1,O=C(O)CC(=O)O[C@@H]1[C@H](O)CO[C@]1(CO)n1cnc2c(=O)[nH]c(=O)[nH]c21,3,0.3714,
O=c1[nH]c(=O)c2ncn([C@@H]3O[C@H](CO)[C@@H](O)[C@H]3O)c2[nH]1,O=C(O)C1O[C@@H]2[C@H](OC1O)[C@@H](CO)O[C@H]2n1cnc2c(=O)[nH]c(=O)[nH]c21,3,0.6429,
O=c1[nH]c(=O)c2ncn([C@@H]3O[C@H](CO)[C@@H](O)[C@H]3O)c2[nH]1,O=C(O)CC(O)OC1O[C@H]2[C@@H](O)[C@H](n3cnc4c(=O)[nH]c(=O)[nH]c43)O[C@H]12,3,0.541,
O=c1[nH]c(=O)c2ncn([C@@H]3O[C@H](CO)[C@@H](O)[C@H]3O)c2[nH]1,O=C(O)C1OC[C@H]2O[C@@H](n3cnc4c(=O)[nH]c(=O)[nH]c43)[C@H](O)[C@@H]2OC1O,3,0.5246,
O=c1[nH]c(=O)c2ncn([C@@H]3O[C@H](CO)[C@@H](O)[C@H]3O)c2[nH]1,CC(=O)OC[C@H]1O[C@@H](n2cnc3c(=O)[nH]c(=O)[nH]c32)[C@H](O)[C@]1(O)C(=O)O,3,0.4921,
O=c1[nH]c(=O)c2ncn([C@@H]3O[C@H](CO)[C@@H](O)[C@H]3O)c2[nH]1,O=C(O)CC(O)OC1O[C@@H]2[C@H](O)[C@@H]1O[C@H]2n1cnc2c(=O)[nH]c(=O)[nH]c21,3,0.5161,
O=c1[nH]c(=O)c2ncn([C@@H]3O[C@H](CO)[C@@H](O)[C@H]3O)c2[nH]1,CC(O)(O[C@H]1[C@@H](O)[C@]2(n3cnc4c(=O)[nH]c(=O)[nH]c43)OC[C@H]1O2)C(=O)O,3,0.3288,
O=c1[nH]c(=O)c2ncn([C@@H]3O[C@H](CO)[C@@H](O)[C@H]3O)c2[nH]1,O=C(O)CC(O)O[C@H]1[C@H]2Oc3nc4c(=O)[nH]c(=O)[nH]c4n3[C@@H]2O[C@@H]1CO,3,0.3768,
O=c1[nH]c(=O)c2ncn([C@@H]3O[C@H](CO)[C@@H](O)[C@H]3O)c2[nH]1,CC(O)(OC[C@H]1O[C@@]2(n3cnc4c(=O)[nH]c(=O)[nH]c43)O[C@@H]2[C@@H]1O)C(=O)O,3,0.3857,
O=c1[nH]c(=O)c2ncn([C@@H]3O[C@H](CO)[C@@H](O)[C@H]3O)c2[nH]1,O=C(O)CC(O)O[C@H]1[C@H]2O[C@@]1(CO)O[C@H]2n1cnc2c(=O)[nH]c(=O)[nH]c21,3,0.4545,
O=c1[nH]c(=O)c2ncn([C@@H]3O[C@H](CO)[C@@H](O)[C@H]3O)c2[nH]1,O=COC[C@H]1O[C@@H](n2cnc3c(=O)[nH]c(=O)[nH]c32)[C@H](O)[C@]1(O)CC(=O)O,3,0.4769,
O=c1[nH]c(=O)c2ncn([C@@H]3O[C@H](CO)[C@@H](O)[C@H]3O)c2[nH]1,O=C(O)CC(O)OC[C@]12O[C@@H](n3cnc4c(=O)[nH]c(=O)[nH]c43)[C@H](O)[C@@H]1O2,3,0.4844,
O=c1[nH]c(=O)c2ncn([C@@H]3O[C@H](CO)[C@@H](O)[C@H]3O)c2[nH]1,O=CO[C@H]1[C@@H](O)[C@H](n2c(CC(=O)O)nc3c(=O)[nH]c(=O)[nH]c32)O[C@@H]1CO,3,0.4179,
O=c1[nH]c(=O)c2ncn([C@@H]3O[C@H](CO)[C@@H](O)[C@H]3O)c2[nH]1,O=CO[C@H]1[C@@H](O)[C@H](n2cnc3c(=O)[nH]c(=O)[nH]c32)O[C@@H]1C(O)CC(=O)O,3,0.5156,
O=c1[nH]c(=O)c2ncn([C@@H]3O[C@H](CO)[C@@H](O)[C@H]3O)c2[nH]1,O=C(O)CC1(O)OC[C@H]2O[C@@H](n3cnc4c(=O)[nH]c(=O)[nH]c43)[C@H](O)[C@@H]2O1,3,0.5156,
O=c1[nH]c(=O)c2ncn([C@@H]3O[C@H](CO)[C@@H](O)[C@H]3O)c2[nH]1,CC(O)(OC[C@]12O[C@@H](n3cnc4c(=O)[nH]c(=O)[nH]c43)[C@H](O)[C@@H]1O2)C(=O)O,3,0.4844,
O=c1[nH]c(=O)c2ncn([C@@H]3O[C@H](CO)[C@@H](O)[C@H]3O)c2[nH]1,CC(=O)O[C@H]1[C@H](n2cnc3c(=O)[nH]c(=O)[nH]c32)O[C@](CO)(C(=O)O)[C@H]1O,3,0.4921,
O=c1[nH]c(=O)c2ncn([C@@H]3O[C@H](CO)[C@@H](O)[C@H]3O)c2[nH]1,CC(=O)O[C@H]1[C@H](n2cnc3c(=O)[nH]c(=O)[nH]c32)O[C@H](CO)[C@@]1(O)C(=O)O,3,0.5079,
O=c1[nH]c(=O)c2ncn([C@@H]3O[C@H](CO)[C@@H](O)[C@H]3O)c2[nH]1,CC(O)(OC1O[C@H]2[C@@H](O)[C@H](n3cnc4c(=O)[nH]c(=O)[nH]c43)O[C@H]12)C(=O)O,3,0.5246,
O=c1[nH]c(=O)c2ncn([C@@H]3O[C@H](CO)[C@@H](O)[C@H]3O)c2[nH]1,O=C(O)CC1(O)OC[C@H]2O[C@@H](n3cnc4c(=O)[nH]c(=O)[nH]c43)[C@H](O1)[C@@H]2O,3,0.4923,
O=c1[nH]c(=O)c2ncn([C@@H]3O[C@H](CO)[C@@H](O)[C@H]3O)c2[nH]1,O=C(O)CC(O)O[C@@H]1[C@H]2CO[C@@]1(O)[C@H](n1cnc3c(=O)[nH]c(=O)[nH]c31)O2,3,0.4,
O=c1[nH]c(=O)c2ncn([C@@H]3O[C@H](CO)[C@@H](O)[C@H]3O)c2[nH]1,CC(O)(OC[C@H]1O[C@@]2(n3cnc4c(=O)[nH]c(=O)[nH]c43)O[C@H]1[C@H]2O)C(=O)O,3,0.3714,
O=c1[nH]c(=O)c2ncn([C@@H]3O[C@H](CO)[C@@H](O)[C@H]3O)c2[nH]1,O=C(O)CC(O)OC[C@H]1O[C@@H]2[C@H](Oc3nc4c(=O)[nH]c(=O)[nH]c4n32)[C@@H]1O,3,0.3571,
O=c1[nH]c(=O)c2ncn([C@@H]3O[C@H](CO)[C@@H](O)[C@H]3O)c2[nH]1,O=C(O)CC(O)OC[C@H]1O[C@@]2(n3cnc4c(=O)[nH]c(=O)[nH]c43)O[C@H]1[C@H]2O,3,0.3714,
O=c1[nH]c(=O)c2ncn([C@@H]3O[C@H](CO)[C@@H](O)[C@H]3O)c2[nH]1,O=C(O)CC(O)O[C@H]1[C@@H](O)[C@H]2O[C@@H]1COc1nc3c(=O)[nH]c(=O)[nH]c3n12,3,0.3333,
O=c1[nH]c(=O)c2ncn([C@@H]3O[C@H](CO)[C@@H](O)[C@H]3O)c2[nH]1,O=C(O)CC(O)OC[C@H]1O[C@@H]2[C@H](O)[C@@H]1Oc1nc3c(=O)[nH]c(=O)[nH]c3n12,3,0.3571,
O=c1[nH]c(=O)c2ncn([C@@H]3O[C@H](CO)[C@@H](O)[C@H]3O)c2[nH]1,CC(O)(O[C@H]1[C@@H](O)[C@H](n2cnc3c(=O)[nH]c(=O)[nH]c32)O[C@@]12CO2)C(=O)O,3,0.4478,
O=c1[nH]c(=O)c2ncn([C@@H]3O[C@H](CO)[C@@H](O)[C@H]3O)c2[nH]1,O=C(O)CC(O)O[C@H]1[C@H](n2cnc3c(=O)[nH]c(=O)[nH]c32)O[C@@H]2CO[C@]21O,3,0.4348,
O=c1[nH]c(=O)c2ncn([C@@H]3O[C@H](CO)[C@@H](O)[C@H]3O)c2[nH]1,O=C(O)CC(O)O[C@]12O[C@H]1[C@H](n1cnc3c(=O)[nH]c(=O)[nH]c31)O[C@@H]2CO,3,0.4848,
O=c1[nH]c(=O)c2ncn([C@@H]3O[C@H](CO)[C@@H](O)[C@H]3O)c2[nH]1,CC(O)(O[C@@H]1[C@@H]2Oc3nc4c(=O)[nH]c(=O)[nH]c4n3[C@@H]1O[C@@H]2CO)C(=O)O,3,0.3768,
O=c1[nH]c(=O)c2ncn([C@@H]3O[C@H](CO)[C@@H](O)[C@H]3O)c2[nH]1,O=C(O)CC(O)O[C@]12OC[C@@H](O[C@H]1n1cnc3c(=O)[nH]c(=O)[nH]c31)[C@H]2O,3,0.4265,
O=c1[nH]c(=O)c2ncn([C@@H]3O[C@H](CO)[C@@H](O)[C@H]3O)c2[nH]1,CC(=O)OC[C@H]1O[C@](C(=O)O)(n2cnc3c(=O)[nH]c(=O)[nH]c32)[C@H](O)[C@@H]1O,3,0.4091,
O=c1[nH]c(=O)c2ncn([C@@H]3O[C@H](CO)[C@@H](O)[C@H]3O)c2[nH]1,CC(=O)O[C@@]1(C(=O)O)[C@@H](CO)O[C@@H](n2cnc3c(=O)[nH]c(=O)[nH]c32)[C@@H]1O,3,0.541,
O=c1[nH]c(=O)c2ncn([C@@H]3O[C@H](CO)[C@@H](O)[C@H]3O)c2[nH]1,CC(=O)OC(C(=O)O)[C@H]1O[C@@H](n2cnc3c(=O)[nH]c(=O)[nH]c32)[C@H](O)[C@@H]1O,3,0.5862,
O=c1[nH]c(=O)c2ncn([C@@H]3O[C@H](CO)[C@@H](O)[C@H]3O)c2[nH]1,CC(O)(O[C@]12OC[C@@H](O[C@H]1n1cnc3c(=O)[nH]c(=O)[nH]c31)[C@H]2O)C(=O)O,3,0.4118,
O=c1[nH]c(=O)c2ncn([C@@H]3O[C@H](CO)[C@@H](O)[C@H]3O)c2[nH]1,CC(O)(OC[C@H]1O[C@@H]2[C@H](Oc3nc4c(=O)[nH]c(=O)[nH]c4n32)[C@@H]1O)C(=O)O,3,0.3571,
O=c1[nH]c(=O)c2ncn([C@@H]3O[C@H](CO)[C@@H](O)[C@H]3O)c2[nH]1,O=C(O)CC(O)OC[C@H]1O[C@@H](n2cnc3c(=O)[nH]c(=O)[nH]c32)[C@@H]2O[C@]12O,3,0.4412,
O=c1[nH]c(=O)c2ncn([C@@H]3O[C@H](CO)[C@@H](O)[C@H]3O)c2[nH]1,O=C(O)CC(O)O[C@@H]1[C@H](O)[C@H]2COc3nc4c(=O)[nH]c(=O)[nH]c4n3[C@@H]1O2,3,0.3333,
O=c1[nH]c(=O)c2ncn([C@@H]3O[C@H](CO)[C@@H](O)[C@H]3O)c2[nH]1,O=CO[C@H]1[C@H](n2cnc3c(=O)[nH]c(=O)[nH]c32)O[C@](CO)(CC(=O)O)[C@H]1O,3,0.4769,
O=c1[nH]c(=O)c2ncn([C@@H]3O[C@H](CO)[C@@H](O)[C@H]3O)c2[nH]1,CC(=O)O[C@H]1[C@@H](O)[C@H](n2c(C(=O)O)nc3c(=O)[nH]c(=O)[nH]c32)O[C@@H]1CO,3,0.4308,
O=c1[nH]c(=O)c2ncn([C@@H]3O[C@H](CO)[C@@H](O)[C@H]3O)c2[nH]1,CC(O)(O[C@H]1[C@H](n2cnc3c(=O)[nH]c(=O)[nH]c32)O[C@@H]2CO[C@]21O)C(=O)O,3,0.4203,
O=c1[nH]c(=O)c2ncn([C@@H]3O[C@H](CO)[C@@H](O)[C@H]3O)c2[nH]1,O=C(O)CC(O)O[C@H]1[C@H](n2cnc3c(=O)[nH]c(=O)[nH]c32)O[C@]2(CO)O[C@@H]12,3,0.4545,
O=c1[nH]c(=O)c2ncn([C@@H]3O[C@H](CO)[C@@H](O)[C@H]3O)c2[nH]1,O=C(O)CC(=O)O[C@@H]1CO[C@](CO)(n2cnc3c(=O)[nH]c(=O)[nH]c32)[C@@H]1O,3,0.3824,
O=c1[nH]c(=O)c2ncn([C@@H]3O[C@H](CO)[C@@H](O)[C@H]3O)c2[nH]1,O=CO[C@@H]1[C@H](O)[C@@H](C(O)CC(=O)O)O[C@H]1n1cnc2c(=O)[nH]c(=O)[nH]c21,3,0.4923,
O=c1[nH]c(=O)c2ncn([C@@H]3O[C@H](CO)[C@@H](O)[C@H]3O)c2[nH]1,O=C(O)CC(O)O[C@@H]1[C@H](O)[C@H]2CO[C@]1(n1cnc3c(=O)[nH]c(=O)[nH]c31)O2,3,0.3562,
O=c1[nH]c(=O)c2ncn([C@@H]3O[C@H](CO)[C@@H](O)[C@H]3O)c2[nH]1,O=C(O)CC(=O)O[C@H]1[C@@H](O)[C@H](n2cnc3c(=O)[nH]c(=O)[nH]c32)O[C@@H]1CO,2,0.6786,
O=c1[nH]c(=O)c2ncn([C@@H]3O[C@H](CO)[C@@H](O)[C@H]3O)c2[nH]1,O=COC[C@H]1O[C@@H](n2c(CC(=O)O)nc3c(=O)[nH]c(=O)[nH]c32)[C@H](O)[C@@H]1O,3,0.4091,
O=c1[nH]c(=O)c2ncn([C@@H]3O[C@H](CO)[C@@H](O)[C@H]3O)c2[nH]1,O=CO[C@@]1(CC(=O)O)[C@H](O)[C@@H](CO)O[C@H]1n1cnc2c(=O)[nH]c(=O)[nH]c21,3,0.55,
O=c1[nH]c(=O)c2ncn([C@@H]3O[C@H](CO)[C@@H](O)[C@H]3O)c2[nH]1,O=C(O)C1O[C@H]2[C@@H](O)[C@H](n3cnc4c(=O)[nH]c(=O)[nH]c43)O[C@@H]2COC1O,3,0.5246,
O=c1[nH]c(=O)c2ncn([C@@H]3O[C@H](CO)[C@@H](O)[C@H]3O)c2[nH]1,CC(=O)OC[C@]1(C(=O)O)O[C@@H](n2cnc3c(=O)[nH]c(=O)[nH]c32)[C@H](O)[C@@H]1O,3,0.5,
O=c1[nH]c(=O)c2ncn([C@@H]3O[C@H](CO)[C@@H](O)[C@H]3O)c2[nH]1,O=C(O)CC(O)O[C@@]12O[C@@H]1[C@@H](CO)O[C@H]2n1cnc2c(=O)[nH]c(=O)[nH]c21,3,0.4923,
O=c1[nH]c(=O)c2ncn([C@@H]3O[C@H](CO)[C@@H](O)[C@H]3O)c2[nH]1,CC(O)(O[C@@H]1[C@@H]2O[C@]1(n1cnc3c(=O)[nH]c(=O)[nH]c31)O[C@@H]2CO)C(=O)O,3,0.4058,
O=c1[nH]c(=O)c2ncn([C@@H]3O[C@H](CO)[C@@H](O)[C@H]3O)c2[nH]1,CC(O)(OC[C@H]1O[C@@H](n2cnc3c(=O)[nH]c(=O)[nH]c32)[C@]2(O)O[C@H]12)C(=O)O,3,0.4265,
O=c1[nH]c(=O)c2ncn([C@@H]3O[C@H](CO)[C@@H](O)[C@H]3O)c2[nH]1,CC(=O)O[C@@H]1[C@H](O)[C@@H](C(O)C(=O)O)O[C@H]1n1cnc2c(=O)[nH]c(=O)[nH]c21,3,0.5161,
O=c1[nH]c(=O)c2ncn([C@@H]3O[C@H](CO)[C@@H](O)[C@H]3O)c2[nH]1,CC(O)(O[C@H]1[C@H](n2cnc3c(=O)[nH]c(=O)[nH]c32)O[C@@]2(CO2)[C@H]1O)C(=O)O,3,0.4328,
O=c1[nH]c(=O)c2ncn([C@@H]3O[C@H](CO)[C@@H](O)[C@H]3O)c2[nH]1,CC(O)(O[C@H]1[C@H](n2cnc3c(=O)[nH]c(=O)[nH]c32)O[C@]2(CO)O[C@@H]12)C(=O)O,3,0.4545,
O=c1[nH]c(=O)c2ncn([C@@H]3O[C@H](CO)[C@@H](O)[C@H]3O)c2[nH]1,CC(O)(O[C@@H]1[C@@H]2OC(O)[C@H]2O[C@H]1n1cnc2c(=O)[nH]c(=O)[nH]c21)C(=O)O,3,0.4688,
O=c1[nH]c(=O)c2ncn([C@@H]3O[C@H](CO)[C@@H](O)[C@H]3O)c2[nH]1,O=CO[C@H]1[C@@H](O)[C@H](n2cnc3c(=O)[nH]c(=O)[nH]c32)O[C@]1(CO)CC(=O)O,3,0.4923,
O=c1[nH]c(=O)c2ncn([C@@H]3O[C@H](CO)[C@@H](O)[C@H]3O)c2[nH]1,CC(O)(C(=O)O)[C@H]1O[C@@H](n2cnc3c(=O)[nH]c(=O)[nH]c32)[C@H](OC=O)[C@@H]1O,3,0.4769,
O=c1[nH]c(=O)c2ncn([C@@H]3O[C@H](CO)[C@@H](O)[C@H]3O)c2[nH]1,O=COC[C@H]1O[C@](CC(=O)O)(n2cnc3c(=O)[nH]c(=O)[nH]c32)[C@H](O)[C@@H]1O,3,0.3971,
O=c1[nH]c(=O)c2ncn([C@@H]3O[C@H](CO)[C@@H](O)[C@H]3O)c2[nH]1,CC(O)(O[C@]12O[C@H]1[C@H](n1cnc3c(=O)[nH]c(=O)[nH]c31)O[C@@H]2CO)C(=O)O,3,0.4848,
O=c1[nH]c(=O)c2ncn([C@@H]3O[C@H](CO)[C@@H](O)[C@H]3O)c2[nH]1,O=C(O)CC(O)O[C@@H]1[C@@H]2Oc3nc4c(=O)[nH]c(=O)[nH]c4n3[C@@H]1O[C@@H]2CO,3,0.3768,
O=c1[nH]c(=O)c2ncn([C@@H]3O[C@H](CO)[C@@H](O)[C@H]3O)c2[nH]1,CC(=O)OC[C@H]1O[C@@H](n2cnc3c(=O)[nH]c(=O)[nH]c32)[C@](O)(C(=O)O)[C@@H]1O,3,0.4762,
O=c1[nH]c(=O)c2ncn([C@@H]3O[C@H](CO)[C@@H](O)[C@H]3O)c2[nH]1,CC(=O)O[C@@]1(C(=O)O)[C@H](O)[C@@H](CO)O[C@H]1n1cnc2c(=O)[nH]c(=O)[nH]c21,3,0.55,
O=c1[nH]c(=O)c2ncn([C@@H]3O[C@H](CO)[C@@H](O)[C@H]3O)c2[nH]1,CC(=O)O[C@H]1[C@@H](O)[C@@](C(=O)O)(n2cnc3c(=O)[nH]c(=O)[nH]c32)O[C@@H]1CO,3,0.4462,
O=c1[nH]c(=O)c2ncn([C@@H]3O[C@H](CO)[C@@H](O)[C@H]3O)c2[nH]1,O=C(O)CC(=O)OC[C@H]1O[C@@H](n2cnc3c(=O)[nH]c(=O)[nH]c32)[C@H](O)[C@@H]1O,2,0.6727,
O=c1[nH]c(=O)c2ncn([C@@H]3O[C@H](CO)[C@@H](O)[C@H]3O)c2[nH]1,O=C(O)C1O[C@@H]2[C@H](O)[C@@H](COC1O)O[C@H]2n1cnc2c(=O)[nH]c(=O)[nH]c21,3,0.5,
O=c1[nH]c(=O)c2ncn([C@@H]3O[C@H](CO)[C@@H](O)[C@H]3O)c2[nH]1,O=C(O)CC(=O)O[C@@H]1[C@H](O)[C@@H](CO)O[C@H]1n1cnc2c(=O)[nH]c(=O)[nH]c21,2,0.6786,
O=c1[nH]c(=O)c2ncn([C@@H]3O[C@H](CO)[C@@H](O)[C@H]3O)c2[nH]1,O=COC(CC(=O)O)[C@H]1O[C@@H](n2cnc3c(=O)[nH]c(=O)[nH]c32)[C@H](O)[C@@H]1O,3,0.5574,
O=c1[nH]c(=O)c2ncn([C@@H]3O[C@H](CO)[C@@H](O)[C@H]3O)c2[nH]1,O=C(O)CC(O)OC[C@]12O[C@@H]([C@H](n3cnc4c(=O)[nH]c(=O)[nH]c43)O1)[C@@H]2O,3,0.4615,
O=c1[nH]c(=O)c2ncn([C@@H]3O[C@H](CO)[C@@H](O)[C@H]3O)c2[nH]1,CC(O)(O[C@@]12OC[C@H]1O[C@@H](n1cnc3c(=O)[nH]c(=O)[nH]c31)[C@@H]2O)C(=O)O,3,0.4478,
O=c1[nH]c(=O)c2ncn([C@@H]3O[C@H](CO)[C@@H](O)[C@H]3O)c2[nH]1,O=COC[C@]1(CC(=O)O)O[C@@H](n2cnc3c(=O)[nH]c(=O)[nH]c32)[C@H](O)[C@@H]1O,3,0.4844,
O=c1[nH]c(=O)c2ncn([C@@H]3O[C@H](CO)[C@@H](O)[C@H]3O)c2[nH]1,CC(OC=O)(C(=O)O)[C@H]1O[C@@H](n2cnc3c(=O)[nH]c(=O)[nH]c32)[C@H](O)[C@@H]1O,3,0.55,
O=c1[nH]c(=O)c2ncn([C@@H]3O[C@H](CO)[C@@H](O)[C@H]3O)c2[nH]1,O=C(O)CC(O)OC[C@H]1O[C@@H](n2cnc3c(=O)[nH]c(=O)[nH]c32)[C@]2(O)O[C@H]12,3,0.4265,
O=c1[nH]c(=O)c2ncn([C@@H]3O[C@H](CO)[C@@H](O)[C@H]3O)c2[nH]1,CC(O)(OC[C@H]1O[C@@H](n2cnc3c(=O)[nH]c(=O)[nH]c32)[C@@H]2O[C@]12O)C(=O)O,3,0.4412,
O=c1[nH]c(=O)c2ncn([C@@H]3O[C@H](CO)[C@@H](O)[C@H]3O)c2[nH]1,O=COC[C@H]1O[C@@H](n2cnc3c(=O)[nH]c(=O)[nH]c32)[C@](O)(CC(=O)O)[C@@H]1O,3,0.4688,
O=c1[nH]c(=O)c2ncn([C@@H]3O[C@H](CO)[C@@H](O)[C@H]3O)c2[nH]1,O=C(O)CC(O)O[C@H]1[C@H]2O[C@]2(n2cnc3c(=O)[nH]c(=O)[nH]c32)O[C@@H]1CO,3,0.4058,
O=c1[nH]c(=O)c2ncn([C@@H]3O[C@H](CO)[C@@H](O)[C@H]3O)c2[nH]1,O=C(O)CC(O)O[C@@H]1[C@@H]2O[C@]1(n1cnc3c(=O)[nH]c(=O)[nH]c31)O[C@@H]2CO,3,0.4118,
O=c1[nH]c(=O)c2ncn([C@@H]3O[C@H](CO)[C@@H](O)[C@H]3O)c2[nH]1,O=CO[C@H]1[C@@H](O)[C@@](CC(=O)O)(n2cnc3c(=O)[nH]c(=O)[nH]c32)O[C@@H]1CO,3,0.4394,
O=c1[nH]c(=O)c2ncn([C@@H]3O[C@H](CO)[C@@H](O)[C@H]3O)c2[nH]1,CC(O)(O[C@H]1[C@H]2OC(O)[C@H]1O[C@H]2n1cnc2c(=O)[nH]c(=O)[nH]c21)C(=O)O,3,0.4688,
O=c1[nH]c(=O)c2ncn([C@@H]3O[C@H](CO)[C@@H](O)[C@H]3O)c2[nH]1,CC(=O)O[C@@H]1[C@H](OC(C)N)[C@@H](CO)O[C@H]1n1cnc2c(=O)[nH]c(=O)[nH]c21,3,0.5645,
O=c1[nH]c(=O)c2ncn([C@@H]3O[C@H](CO)[C@@H](O)[C@H]3O)c2[nH]1,CC(=O)O[C@H]1[C@@H](O)[C@H](n2cnc3c(=O)[nH]c(=O)[nH]c32)O[C@@H]1COC(C)N,3,0.5556,
O=c1[nH]c(=O)c2ncn([C@@H]3O[C@H](CO)[C@@H](O)[C@H]3O)c2[nH]1,CC(=O)OC[C@H]1O[C@@H](n2cnc3c(=O)[nH]c(=O)[nH]c32)[C@H](OC(C)N)[C@@H]1O,3,0.5312,
O=c1[nH]c(=O)c2ncn([C@@H]3O[C@H](CO)[C@@H](O)[C@H]3O)c2[nH]1,CC(=O)O[C@H]1[C@@H](OC(C)N)[C@H](n2cnc3c(=O)[nH]c(=O)[nH]c32)O[C@@H]1CO,3,0.5645,
O=c1[nH]c(=O)c2ncn([C@@H]3O[C@H](CO)[C@@H](O)[C@H]3O)c2[nH]1,CC(=O)OC[C@H]1O[C@@H](n2cnc3c(=O)[nH]c(=O)[nH]c32)[C@H](O)[C@@H]1OC(C)N,3,0.5556,
O=c1[nH]c(=O)c2ncn([C@@H]3O[C@H](CO)[C@@H](O)[C@H]3O)c2[nH]1,CC(=O)NC(C)O[C@@H]1[C@H](O)[C@@H](CO)O[C@H]1n1cnc2c(=O)[nH]c(=O)[nH]c21,3,0.6333,
O=c1[nH]c(=O)c2ncn([C@@H]3O[C@H](CO)[C@@H](O)[C@H]3O)c2[nH]1,CC(=O)O[C@@H]1[C@H](O)[C@@H](COC(C)N)O[C@H]1n1cnc2c(=O)[nH]c(=O)[nH]c21,3,0.5312,
O=c1[nH]c(=O)c2ncn([C@@H]3O[C@H](CO)[C@@H](O)[C@H]3O)c2[nH]1,CC(=O)NC(C)O[C@H]1[C@@H](O)[C@H](n2cnc3c(=O)[nH]c(=O)[nH]c32)O[C@@H]1CO,3,0.6333,
O=c1[nH]c(=O)c2ncn([C@@H]3O[C@H](CO)[C@@H](O)[C@H]3O)c2[nH]1,CC(=O)NC(C)OC[C@H]1O[C@@H](n2cnc3c(=O)[nH]c(=O)[nH]c32)[C@H](O)[C@@H]1O,3,0.6271,
O=c1[nH]c(=O)c2ncn([C@@H]3O[C@H](CO)[C@@H](O)[C@H]3O)c2[nH]1,CCC(=O)O[C@@H]1[C@@H](CO)O[C@@H](n2cnc3c(=O)[nH]c(=O)[nH]c32)[C@]1(O)CC,3,0.5161,
O=c1[nH]c(=O)c2ncn([C@@H]3O[C@H](CO)[C@@H](O)[C@H]3O)c2[nH]1,CCC(=O)O[C@H]1[C@@H](O)[C@@](CC)(n2cnc3c(=O)[nH]c(=O)[nH]c32)O[C@@H]1CO,3,0.4394,
O=c1[nH]c(=O)c2ncn([C@@H]3O[C@H](CO)[C@@H](O)[C@H]3O)c2[nH]1,CCC(C)C(=O)O[C@H]1[C@@H](O)[C@H](n2cnc3c(=O)[nH]c(=O)[nH]c32)O[C@@H]1CO,3,0.6552,
O=c1[nH]c(=O)c2ncn([C@@H]3O[C@H](CO)[C@@H](O)[C@H]3O)c2[nH]1,CCC(=O)O[C@@]1(CC)[C@H](O)[C@@H](CO)O[C@H]1n1cnc2c(=O)[nH]c(=O)[nH]c21,3,0.541,
O=c1[nH]c(=O)c2ncn([C@@H]3O[C@H](CO)[C@@H](O)[C@H]3O)c2[nH]1,CCCCC(=O)O[C@@H]1[C@H](O)[C@@H](CO)O[C@H]1n1cnc2c(=O)[nH]c(=O)[nH]c21,3,0.6441,
O=c1[nH]c(=O)c2ncn([C@@H]3O[C@H](CO)[C@@H](O)[C@H]3O)c2[nH]1,CCC(=O)O[C@H]1[C@@H](O)[C@H](n2c(CC)nc3c(=O)[nH]c(=O)[nH]c32)O[C@@H]1CO,3,0.4308,
O=c1[nH]c(=O)c2ncn([C@@H]3O[C@H](CO)[C@@H](O)[C@H]3O)c2[nH]1,CCC(=O)OC(CC)[C@H]1O[C@@H](n2cnc3c(=O)[nH]c(=O)[nH]c32)[C@H](O)[C@@H]1O,3,0.5667,
O=c1[nH]c(=O)c2ncn([C@@H]3O[C@H](CO)[C@@H](O)[C@H]3O)c2[nH]1,CCC(=O)O[C@H]1[C@@H](O)[C@H](n2cnc3c(=O)[nH]c(=O)[nH]c32)O[C@@H]1C(O)CC,3,0.5238,
O=c1[nH]c(=O)c2ncn([C@@H]3O[C@H](CO)[C@@H](O)[C@H]3O)c2[nH]1,CCCCC(=O)O[C@H]1[C@@H](O)[C@H](n2cnc3c(=O)[nH]c(=O)[nH]c32)O[C@@H]1CO,3,0.6441,
O=c1[nH]c(=O)c2ncn([C@@H]3O[C@H](CO)[C@@H](O)[C@H]3O)c2[nH]1,CCC(=O)OC[C@H]1O[C@](CC)(n2cnc3c(=O)[nH]c(=O)[nH]c32)[C@H](O)[C@@H]1O,3,0.403,
O=c1[nH]c(=O)c2ncn([C@@H]3O[C@H](CO)[C@@H](O)[C@H]3O)c2[nH]1,CCC(=O)O[C@@H]1[C@H](O)[C@@H](CO)O[C@H]1n1c(CC)nc2c(=O)[nH]c(=O)[nH]c21,3,0.4531,
O=c1[nH]c(=O)c2ncn([C@@H]3O[C@H](CO)[C@@H](O)[C@H]3O)c2[nH]1,CCC(=O)O[C@@H]1[C@H](O)[C@@H](CO)O[C@]1(CC)n1cnc2c(=O)[nH]c(=O)[nH]c21,3,0.4545,
O=c1[nH]c(=O)c2ncn([C@@H]3O[C@H](CO)[C@@H](O)[C@H]3O)c2[nH]1,CCC(=O)OC[C@]1(CC)O[C@@H](n2cnc3c(=O)[nH]c(=O)[nH]c32)[C@H](O)[C@@H]1O,3,0.4921,
O=c1[nH]c(=O)c2ncn([C@@H]3O[C@H](CO)[C@@H](O)[C@H]3O)c2[nH]1,CCC(=O)O[C@H]1[C@H](n2cnc3c(=O)[nH]c(=O)[nH]c32)O[C@@](CC)(CO)[C@H]1O,3,0.4844,
O=c1[nH]c(=O)c2ncn([C@@H]3O[C@H](CO)[C@@H](O)[C@H]3O)c2[nH]1,CCC(=O)O[C@@]1(CC)[C@@H](CO)O[C@@H](n2cnc3c(=O)[nH]c(=O)[nH]c32)[C@@H]1O,3,0.5323,
O=c1[nH]c(=O)c2ncn([C@@H]3O[C@H](CO)[C@@H](O)[C@H]3O)c2[nH]1,CCC(C)C(=O)O[C@@H]1[C@H](O)[C@@H](CO)O[C@H]1n1cnc2c(=O)[nH]c(=O)[nH]c21,3,0.6552,
O=c1[nH]c(=O)c2ncn([C@@H]3O[C@H](CO)[C@@H](O)[C@H]3O)c2[nH]1,CCC(=O)O[C@H]1[C@@H](O)[C@H](n2cnc3c(=O)[nH]c(=O)[nH]c32)O[C@@]1(CC)CO,3,0.5,
O=c1[nH]c(=O)c2ncn([C@@H]3O[C@H](CO)[C@@H](O)[C@H]3O)c2[nH]1,CCC(C)C(=O)OC[C@H]1O[C@@H](n2cnc3c(=O)[nH]c(=O)[nH]c32)[C@H](O)[C@@H]1O,3,0.6607,
O=c1[nH]c(=O)c2ncn([C@@H]3O[C@H](CO)[C@@H](O)[C@H]3O)c2[nH]1,CCC(=O)OC[C@H]1O[C@@H](n2cnc3c(=O)[nH]c(=O)[nH]c32)[C@](O)(CC)[C@@H]1O,3,0.4762,
O=c1[nH]c(=O)c2ncn([C@@H]3O[C@H](CO)[C@@H](O)[C@H]3O)c2[nH]1,CCC(=O)O[C@@H]1[C@H](O)[C@@H](C(O)CC)O[C@H]1n1cnc2c(=O)[nH]c(=O)[nH]c21,3,0.5,
O=c1[nH]c(=O)c2ncn([C@@H]3O[C@H](CO)[C@@H](O)[C@H]3O)c2[nH]1,CCCCC(=O)OC[C@H]1O[C@@H](n2cnc3c(=O)[nH]c(=O)[nH]c32)[C@H](O)[C@@H]1O,3,0.6379,
O=c1[nH]c(=O)c2ncn([C@@H]3O[C@H](CO)[C@@H](O)[C@H]3O)c2[nH]1,CCC(=O)OC[C@H]1O[C@@H](n2cnc3c(=O)[nH]c(=O)[nH]c32)[C@H](O)[C@]1(O)CC,3,0.4844,
O=c1[nH]c(=O)c2ncn([C@@H]3O[C@H](CO)[C@@H](O)[C@H]3O)c2[nH]1,CCC(=O)O[C@H]1[C@H](n2cnc3c(=O)[nH]c(=O)[nH]c32)O[C@H](CO)[C@@]1(O)CC,3,0.5,
O=c1[nH]c(=O)c2ncn([C@@H]3O[C@H](CO)[C@@H](O)[C@H]3O)c2[nH]1,CCC(=O)OC[C@H]1O[C@@H](n2c(CC)nc3c(=O)[nH]c(=O)[nH]c32)[C@H](O)[C@@H]1O,3,0.4219,
O=c1[nH]c(=O)c2ncn([C@@H]3O[C@H](CO)[C@@H](O)[C@H]3O)c2[nH]1,C[n+]1cn([C@@H]2O[C@H](CO)[C@@H](O)[C@H]2OC(C)(O)C#N)c2[nH]c(=O)[nH]c(=O)c21,3,0.4,
O=c1[nH]c(=O)c2ncn([C@@H]3O[C@H](CO)[C@@H](O)[C@H]3O)c2[nH]1,C[n+]1cn([C@@H]2O[C@H](COC(C)(O)C#N)[C@@H](O)[C@H]2O)c2[nH]c(=O)[nH]c(=O)c21,3,0.4118,
O=c1[nH]c(=O)c2ncn([C@@H]3O[C@H](CO)[C@@H](O)[C@H]3O)c2[nH]1,C[n+]1cn([C@@H]2O[C@H](CO)[C@@H](OC(C)(O)C#N)[C@H]2O)c2[nH]c(=O)[nH]c(=O)c21,3,0.4,
O=c1[nH]c(=O)c2ncn([C@@H]3O[C@H](CO)[C@@H](O)[C@H]3O)c2[nH]1,CC(=O)O[C@H]1[C@@H](O)[C@H](n2cnc3c(=O)[nH]c(=O)[nH]c32)O[C@@]1(C)COC=O,3,0.4627,
O=c1[nH]c(=O)c2ncn([C@@H]3O[C@H](CO)[C@@H](O)[C@H]3O)c2[nH]1,CC(=O)OC[C@H]1O[C@@H](n2c(C)nc3c(=O)[nH]c(=O)[nH]c32)[C@H](O)[C@@H]1OC=O,3,0.3521,
O=c1[nH]c(=O)c2ncn([C@@H]3O[C@H](CO)[C@@H](O)[C@H]3O)c2[nH]1,CC(=O)OC[C@]12O[C@@H]([C@H](n3cnc4c(=O)[nH]c(=O)[nH]c43)O1)[C@@H]2OC(C)O,3,0.4265,
O=c1[nH]c(=O)c2ncn([C@@H]3O[C@H](CO)[C@@H](O)[C@H]3O)c2[nH]1,CC(=O)O[C@@H]1[C@H](OC(C)=O)CO[C@]1(CO)n1cnc2c(=O)[nH]c(=O)[nH]c21,3,0.3731,
O=c1[nH]c(=O)c2ncn([C@@H]3O[C@H](CO)[C@@H](O)[C@H]3O)c2[nH]1,CC(=O)OC[C@]12O[C@@H](n3cnc4c(=O)[nH]c(=O)[nH]c43)[C@H](OC(C)O)[C@@H]1O2,3,0.4265,
O=c1[nH]c(=O)c2ncn([C@@H]3O[C@H](CO)[C@@H](O)[C@H]3O)c2[nH]1,CC(=O)OC[C@H]1O[C@@H](n2c(C)nc3c(=O)[nH]c(=O)[nH]c32)[C@H](OC=O)[C@@H]1O,3,0.3521,
O=c1[nH]c(=O)c2ncn([C@@H]3O[C@H](CO)[C@@H](O)[C@H]3O)c2[nH]1,CC(=O)O[C@@H]1[C@H](OC(C)O)[C@H]2CO[C@]1(n1cnc3c(=O)[nH]c(=O)[nH]c31)O2,3,0.3067,
O=c1[nH]c(=O)c2ncn([C@@H]3O[C@H](CO)[C@@H](O)[C@H]3O)c2[nH]1,CC(=O)OC(C)OC[C@H]1O[C@@]2(n3cnc4c(=O)[nH]c(=O)[nH]c43)O[C@H]1[C@H]2O,3,0.3662,
O=c1[nH]c(=O)c2ncn([C@@H]3O[C@H](CO)[C@@H](O)[C@H]3O)c2[nH]1,CC(=O)O[C@H]1[C@H](n2cnc3c(=O)[nH]c(=O)[nH]c32)O[C@@H]2CO[C@]21OC(C)O,3,0.4203,
O=c1[nH]c(=O)c2ncn([C@@H]3O[C@H](CO)[C@@H](O)[C@H]3O)c2[nH]1,CC(=O)O[C@H]1[C@H](n2cnc3c(=O)[nH]c(=O)[nH]c32)O[C@@](C)(COC=O)[C@H]1O,3,0.4478,
O=c1[nH]c(=O)c2ncn([C@@H]3O[C@H](CO)[C@@H](O)[C@H]3O)c2[nH]1,CC(=O)O[C@H]1[C@H]2OC(OC(C)O)[C@H]1O[C@H]2n1cnc2c(=O)[nH]c(=O)[nH]c21,3,0.4394,
O=c1[nH]c(=O)c2ncn([C@@H]3O[C@H](CO)[C@@H](O)[C@H]3O)c2[nH]1,CC(=O)OC(C)O[C@H]1[C@H]2OC(O)[C@H]1O[C@H]2n1cnc2c(=O)[nH]c(=O)[nH]c21,3,0.4615,
O=c1[nH]c(=O)c2ncn([C@@H]3O[C@H](CO)[C@@H](O)[C@H]3O)c2[nH]1,CC(=O)OC(C)O[C@]12OC[C@@H](O[C@H]1n1cnc3c(=O)[nH]c(=O)[nH]c31)[C@H]2O,3,0.4179,
O=c1[nH]c(=O)c2ncn([C@@H]3O[C@H](CO)[C@@H](O)[C@H]3O)c2[nH]1,CCC(=O)O[C@@H]1[C@H](O)[C@@H](COC=O)O[C@H]1n1cnc2c(=O)[nH]c(=O)[nH]c21,3,0.5312,
O=c1[nH]c(=O)c2ncn([C@@H]3O[C@H](CO)[C@@H](O)[C@H]3O)c2[nH]1,CC(=O)OC[C@]1(C)O[C@@H](n2cnc3c(=O)[nH]c(=O)[nH]c32)[C@H](O)[C@@H]1OC=O,3,0.4627,
O=c1[nH]c(=O)c2ncn([C@@H]3O[C@H](CO)[C@@H](O)[C@H]3O)c2[nH]1,CC(=O)O[C@H]1[C@@H](OC=O)[C@H](n2cnc3c(=O)[nH]c(=O)[nH]c32)O[C@@]1(C)CO,3,0.4478,
O=c1[nH]c(=O)c2ncn([C@@H]3O[C@H](CO)[C@@H](O)[C@H]3O)c2[nH]1,CC(=O)O[C@@H]1[C@H](OC=O)[C@@H](CO)O[C@H]1n1c(C)nc2c(=O)[nH]c(=O)[nH]c21,3,0.3768,
O=c1[nH]c(=O)c2ncn([C@@H]3O[C@H](CO)[C@@H](O)[C@H]3O)c2[nH]1,CC(=O)OC1CO[C@H]2[C@@H](O)[C@H](n3cnc4c(=O)[nH]c(=O)[nH]c43)O[C@@H]2CO1,3,0.5079,
O=c1[nH]c(=O)c2ncn([C@@H]3O[C@H](CO)[C@@H](O)[C@H]3O)c2[nH]1,CC(=O)OC(C)OC[C@H]1O[C@@]2(n3cnc4c(=O)[nH]c(=O)[nH]c43)O[C@@H]2[C@@H]1O,3,0.3803,
O=c1[nH]c(=O)c2ncn([C@@H]3O[C@H](CO)[C@@H](O)[C@H]3O)c2[nH]1,CC(=O)OC(C)OC1O[C@@H]2[C@H](O)[C@@H]1O[C@H]2n1cnc2c(=O)[nH]c(=O)[nH]c21,3,0.4844,
O=c1[nH]c(=O)c2ncn([C@@H]3O[C@H](CO)[C@@H](O)[C@H]3O)c2[nH]1,CC(=O)O[C@@H]1[C@@H]2OCC(O)OC[C@H]2O[C@H]1n1cnc2c(=O)[nH]c(=O)[nH]c21,3,0.4545,
O=c1[nH]c(=O)c2ncn([C@@H]3O[C@H](CO)[C@@H](O)[C@H]3O)c2[nH]1,CC(=O)O[C@H]1[C@H]2OC(O)COC[C@H]1O[C@H]2n1cnc2c(=O)[nH]c(=O)[nH]c21,3,0.4545,
O=c1[nH]c(=O)c2ncn([C@@H]3O[C@H](CO)[C@@H](O)[C@H]3O)c2[nH]1,CC(=O)O[C@@H]1[C@H](OC=O)[C@@H](CO)O[C@]1(C)n1cnc2c(=O)[nH]c(=O)[nH]c21,3,0.4058,
O=c1[nH]c(=O)c2ncn([C@@H]3O[C@H](CO)[C@@H](O)[C@H]3O)c2[nH]1,CC(=O)O[C@@H]1[C@H](OC=O)[C@@H](C(C)O)O[C@H]1n1cnc2c(=O)[nH]c(=O)[nH]c21,3,0.4328,
O=c1[nH]c(=O)c2ncn([C@@H]3O[C@H](CO)[C@@H](O)[C@H]3O)c2[nH]1,CC(=O)OC[C@H]1O[C@@H](n2cnc3c(=O)[nH]c(=O)[nH]c32)[C@@](C)(OC=O)[C@@H]1O,3,0.4615,
O=c1[nH]c(=O)c2ncn([C@@H]3O[C@H](CO)[C@@H](O)[C@H]3O)c2[nH]1,CC(=O)OC(C)O[C@@H]1[C@H](O)[C@H]2COc3nc4c(=O)[nH]c(=O)[nH]c4n3[C@@H]1O2,3,0.3151,
O=c1[nH]c(=O)c2ncn([C@@H]3O[C@H](CO)[C@@H](O)[C@H]3O)c2[nH]1,CC(=O)OC1CO[C@H]2[C@@H](O1)[C@H](n1cnc3c(=O)[nH]c(=O)[nH]c31)O[C@@H]2CO,3,0.5645,
O=c1[nH]c(=O)c2ncn([C@@H]3O[C@H](CO)[C@@H](O)[C@H]3O)c2[nH]1,CC(=O)OC(C)OC[C@]12O[C@@H]([C@H](n3cnc4c(=O)[nH]c(=O)[nH]c43)O1)[C@@H]2O,3,0.4545,
O=c1[nH]c(=O)c2ncn([C@@H]3O[C@H](CO)[C@@H](O)[C@H]3O)c2[nH]1,CC(=O)O[C@@]1(C)[C@@H](CO)O[C@@H](n2cnc3c(=O)[nH]c(=O)[nH]c32)[C@@H]1OC=O,3,0.4848,
O=c1[nH]c(=O)c2ncn([C@@H]3O[C@H](CO)[C@@H](O)[C@H]3O)c2[nH]1,CC(=O)OC1O[C@@H]2[C@H](OC(C)O)[C@@H]1O[C@H]2n1cnc2c(=O)[nH]c(=O)[nH]c21,3,0.4462,
O=c1[nH]c(=O)c2ncn([C@@H]3O[C@H](CO)[C@@H](O)[C@H]3O)c2[nH]1,CC(=O)O[C@@H]1[C@H](O)[C@@H](C(C)OC=O)O[C@H]1n1cnc2c(=O)[nH]c(=O)[nH]c21,3,0.4697,
O=c1[nH]c(=O)c2ncn([C@@H]3O[C@H](CO)[C@@H](O)[C@H]3O)c2[nH]1,CC(=O)OC[C@]1(C)O[C@@H](n2cnc3c(=O)[nH]c(=O)[nH]c32)[C@H](OC=O)[C@@H]1O,3,0.4478,
O=c1[nH]c(=O)c2ncn([C@@H]3O[C@H](CO)[C@@H](O)[C@H]3O)c2[nH]1,CC(=O)OC[C@H]1O[C@@H](n2cnc3c(=O)[nH]c(=O)[nH]c32)[C@@H]2O[C@]12OC(C)O,3,0.4348,
O=c1[nH]c(=O)c2ncn([C@@H]3O[C@H](CO)[C@@H](O)[C@H]3O)c2[nH]1,CC(=O)OC[C@]1(n2cnc3c(=O)[nH]c(=O)[nH]c32)OC[C@@H](O)[C@H]1OC(C)=O,3,0.3623,
O=c1[nH]c(=O)c2ncn([C@@H]3O[C@H](CO)[C@@H](O)[C@H]3O)c2[nH]1,CC(=O)OC(C)O[C@@H]1[C@@H]2O[C@]1(n1cnc3c(=O)[nH]c(=O)[nH]c31)O[C@@H]2CO,3,0.4058,
O=c1[nH]c(=O)c2ncn([C@@H]3O[C@H](CO)[C@@H](O)[C@H]3O)c2[nH]1,CC(=O)OC(C)O[C@H]1[C@H]2O[C@@]1(CO)O[C@H]2n1cnc2c(=O)[nH]c(=O)[nH]c21,3,0.4478,
O=c1[nH]c(=O)c2ncn([C@@H]3O[C@H](CO)[C@@H](O)[C@H]3O)c2[nH]1,CC(=O)O[C@H]1[C@@H](O)[C@@](C)(n2cnc3c(=O)[nH]c(=O)[nH]c32)O[C@@H]1COC=O,3,0.3714,
O=c1[nH]c(=O)c2ncn([C@@H]3O[C@H](CO)[C@@H](O)[C@H]3O)c2[nH]1,CC(=O)O[C@@H]1[C@H](OC(C)=O)[C@@H](CO)O[C@H]1n1cnc2c(=O)[nH]c(=O)[nH]c21,2,0.6481,
O=c1[nH]c(=O)c2ncn([C@@H]3O[C@H](CO)[C@@H](O)[C@H]3O)c2[nH]1,CC(=O)O[C@H]1[C@H](n2cnc3c(=O)[nH]c(=O)[nH]c32)O[C@H](COC=O)[C@]1(C)O,3,0.4412,
O=c1[nH]c(=O)c2ncn([C@@H]3O[C@H](CO)[C@@H](O)[C@H]3O)c2[nH]1,CC(=O)O[C@@]1(C)[C@@H](COC=O)O[C@@H](n2cnc3c(=O)[nH]c(=O)[nH]c32)[C@@H]1O,3,0.4923,
O=c1[nH]c(=O)c2ncn([C@@H]3O[C@H](CO)[C@@H](O)[C@H]3O)c2[nH]1,CC(=O)O[C@H]1[C@H](n2cnc3c(=O)[nH]c(=O)[nH]c32)O[C@@](C)(CO)[C@H]1OC=O,3,0.4412,
O=c1[nH]c(=O)c2ncn([C@@H]3O[C@H](CO)[C@@H](O)[C@H]3O)c2[nH]1,CCC(=O)O[C@H]1[C@@H](O)[C@H](n2cnc3c(=O)[nH]c(=O)[nH]c32)O[C@@H]1COC=O,3,0.5556,
O=c1[nH]c(=O)c2ncn([C@@H]3O[C@H](CO)[C@@H](O)[C@H]3O)c2[nH]1,CC(O)OC[C@H]1O[C@@H](n2cnc3c(=O)[nH]c(=O)[nH]c32)[C@@H]2OC(=O)CO[C@@H]21,3,0.4923,
O=c1[nH]c(=O)c2ncn([C@@H]3O[C@H](CO)[C@@H](O)[C@H]3O)c2[nH]1,CC(=O)OC1COC[C@H]2O[C@@H](n3cnc4c(=O)[nH]c(=O)[nH]c43)[C@H](O1)[C@@H]2O,3,0.4769,
O=c1[nH]c(=O)c2ncn([C@@H]3O[C@H](CO)[C@@H](O)[C@H]3O)c2[nH]1,CC(=O)O[C@@H]1[C@H](O)[C@@H](COC=O)O[C@]1(C)n1cnc2c(=O)[nH]c(=O)[nH]c21,3,0.3857,
O=c1[nH]c(=O)c2ncn([C@@H]3O[C@H](CO)[C@@H](O)[C@H]3O)c2[nH]1,CC(=O)OC(C)O[C@]12O[C@H]1[C@H](n1cnc3c(=O)[nH]c(=O)[nH]c31)O[C@@H]2CO,3,0.4848,
O=c1[nH]c(=O)c2ncn([C@@H]3O[C@H](CO)[C@@H](O)[C@H]3O)c2[nH]1,CC(=O)O[C@@H]1[C@@H]2O[C@]1(n1cnc3c(=O)[nH]c(=O)[nH]c31)O[C@@H]2COC(C)O,3,0.3472,
O=c1[nH]c(=O)c2ncn([C@@H]3O[C@H](CO)[C@@H](O)[C@H]3O)c2[nH]1,CC(=O)O[C@@H]1[C@@H]2Oc3nc4c(=O)[nH]c(=O)[nH]c4n3[C@@H]1O[C@@H]2COC(C)O,3,0.3151,
O=c1[nH]c(=O)c2ncn([C@@H]3O[C@H](CO)[C@@H](O)[C@H]3O)c2[nH]1,CC(=O)O[C@H]1[C@@H](OC=O)[C@H](n2cnc3c(=O)[nH]c(=O)[nH]c32)O[C@@H]1C(C)O,3,0.4328,
O=c1[nH]c(=O)c2ncn([C@@H]3O[C@H](CO)[C@@H](O)[C@H]3O)c2[nH]1,CC(=O)O[C@]12O[C@H]1[C@H](n1cnc3c(=O)[nH]c(=O)[nH]c31)O[C@@H]2COC(C)O,3,0.4348,
O=c1[nH]c(=O)c2ncn([C@@H]3O[C@H](CO)[C@@H](O)[C@H]3O)c2[nH]1,CC(=O)O[C@@H]1[C@@H]2OC(O)COC[C@H]2O[C@H]1n1cnc2c(=O)[nH]c(=O)[nH]c21,3,0.4545,
O=c1[nH]c(=O)c2ncn([C@@H]3O[C@H](CO)[C@@H](O)[C@H]3O)c2[nH]1,CC(=O)OC(C)O[C@@H]1[C@H](O)[C@H]2CO[C@]1(n1cnc3c(=O)[nH]c(=O)[nH]c31)O2,3,0.3425,
O=c1[nH]c(=O)c2ncn([C@@H]3O[C@H](CO)[C@@H](O)[C@H]3O)c2[nH]1,CC(=O)OC[C@H]1O[C@@]2(n3cnc4c(=O)[nH]c(=O)[nH]c43)O[C@@H]2[C@@H]1OC(C)O,3,0.3425,
O=c1[nH]c(=O)c2ncn([C@@H]3O[C@H](CO)[C@@H](O)[C@H]3O)c2[nH]1,CC(=O)OC[C@H]1O[C@@H](n2cnc3c(=O)[nH]c(=O)[nH]c32)[C@@H]2OC(O)CO[C@@H]21,3,0.5156,
O=c1[nH]c(=O)c2ncn([C@@H]3O[C@H](CO)[C@@H](O)[C@H]3O)c2[nH]1,CCC(=O)O[C@H]1[C@@H](OC=O)[C@H](n2cnc3c(=O)[nH]c(=O)[nH]c32)O[C@@H]1CO,3,0.5645,
O=c1[nH]c(=O)c2ncn([C@@H]3O[C@H](CO)[C@@H](O)[C@H]3O)c2[nH]1,CC(=O)OC(C)[C@H]1O[C@@H](n2cnc3c(=O)[nH]c(=O)[nH]c32)[C@H](OC=O)[C@@H]1O,3,0.4697,
O=c1[nH]c(=O)c2ncn([C@@H]3O[C@H](CO)[C@@H](O)[C@H]3O)c2[nH]1,CC(=O)OC[C@H]1O[C@@]2(n3cnc4c(=O)[nH]c(=O)[nH]c43)O[C@H]1[C@H]2OC(C)O,3,0.3472,
O=c1[nH]c(=O)c2ncn([C@@H]3O[C@H](CO)[C@@H](O)[C@H]3O)c2[nH]1,CC(=O)OC(C)[C@H]1O[C@@H](n2cnc3c(=O)[nH]c(=O)[nH]c32)[C@H](O)[C@@H]1OC=O,3,0.4923,
O=c1[nH]c(=O)c2ncn([C@@H]3O[C@H](CO)[C@@H](O)[C@H]3O)c2[nH]1,CC(=O)O[C@@H]1[C@H](O)[C@@H](COC=O)O[C@H]1n1c(C)nc2c(=O)[nH]c(=O)[nH]c21,3,0.3521,
O=c1[nH]c(=O)c2ncn([C@@H]3O[C@H](CO)[C@@H](O)[C@H]3O)c2[nH]1,CC(=O)OC[C@H]1O[C@](C)(n2cnc3c(=O)[nH]c(=O)[nH]c32)[C@H](OC=O)[C@@H]1O,3,0.4,
O=c1[nH]c(=O)c2ncn([C@@H]3O[C@H](CO)[C@@H](O)[C@H]3O)c2[nH]1,CC(=O)OC(C)OC[C@H]1O[C@@H](n2cnc3c(=O)[nH]c(=O)[nH]c32)[C@]2(O)O[C@H]12,3,0.4203,
O=c1[nH]c(=O)c2ncn([C@@H]3O[C@H](CO)[C@@H](O)[C@H]3O)c2[nH]1,CC(=O)O[C@@H]1[C@@H]2OC(OC(C)O)[C@H]2O[C@H]1n1cnc2c(=O)[nH]c(=O)[nH]c21,3,0.4394,
O=c1[nH]c(=O)c2ncn([C@@H]3O[C@H](CO)[C@@H](O)[C@H]3O)c2[nH]1,CC(=O)OC[C@H]1O[C@@H](n2cnc3c(=O)[nH]c(=O)[nH]c32)[C@H](OC(C)=O)[C@@H]1O,2,0.5763,
O=c1[nH]c(=O)c2ncn([C@@H]3O[C@H](CO)[C@@H](O)[C@H]3O)c2[nH]1,CC(=O)OC[C@]1(n2cnc3c(=O)[nH]c(=O)[nH]c32)OC[C@@H](OC(C)=O)[C@H]1O,3,0.3676,
O=c1[nH]c(=O)c2ncn([C@@H]3O[C@H](CO)[C@@H](O)[C@H]3O)c2[nH]1,CC(=O)O[C@]12OC[C@@H](O[C@H]1n1cnc3c(=O)[nH]c(=O)[nH]c31)[C@H]2OC(C)O,3,0.3857,
O=c1[nH]c(=O)c2ncn([C@@H]3O[C@H](CO)[C@@H](O)[C@H]3O)c2[nH]1,CC(=O)OC(C)O[C@@H]1[C@@H]2Oc3nc4c(=O)[nH]c(=O)[nH]c4n3[C@@H]1O[C@@H]2CO,3,0.3714,
O=c1[nH]c(=O)c2ncn([C@@H]3O[C@H](CO)[C@@H](O)[C@H]3O)c2[nH]1,CCC(=O)O[C@@H]1[C@H](OC=O)[C@@H](CO)O[C@H]1n1cnc2c(=O)[nH]c(=O)[nH]c21,3,0.5645,
O=c1[nH]c(=O)c2ncn([C@@H]3O[C@H](CO)[C@@H](O)[C@H]3O)c2[nH]1,CC(=O)OC(C)O[C@@H]1[C@H]2CO[C@@]1(O)[C@H](n1cnc3c(=O)[nH]c(=O)[nH]c31)O2,3,0.3857,
O=c1[nH]c(=O)c2ncn([C@@H]3O[C@H](CO)[C@@H](O)[C@H]3O)c2[nH]1,CC(=O)OC(C)OC1O[C@H]2[C@@H](O)[C@H](n3cnc4c(=O)[nH]c(=O)[nH]c43)O[C@H]12,3,0.5079,
O=c1[nH]c(=O)c2ncn([C@@H]3O[C@H](CO)[C@@H](O)[C@H]3O)c2[nH]1,CC(=O)OC1COC[C@H]2O[C@@H](n3cnc4c(=O)[nH]c(=O)[nH]c43)[C@H](O)[C@@H]2O1,3,0.5,
O=c1[nH]c(=O)c2ncn([C@@H]3O[C@H](CO)[C@@H](O)[C@H]3O)c2[nH]1,CC(=O)OC[C@H]1O[C@@H](n2cnc3c(=O)[nH]c(=O)[nH]c32)[C@@H]2OCC(O)O[C@@H]21,3,0.5156,
O=c1[nH]c(=O)c2ncn([C@@H]3O[C@H](CO)[C@@H](O)[C@H]3O)c2[nH]1,CC(=O)OC[C@H]1O[C@@H](n2cnc3c(=O)[nH]c(=O)[nH]c32)[C@H](O)[C@@]1(C)OC=O,3,0.5,
O=c1[nH]c(=O)c2ncn([C@@H]3O[C@H](CO)[C@@H](O)[C@H]3O)c2[nH]1,CC(=O)O[C@H]1[C@H]2OCC(O)OC[C@H]1O[C@H]2n1cnc2c(=O)[nH]c(=O)[nH]c21,3,0.4545,
O=c1[nH]c(=O)c2ncn([C@@H]3O[C@H](CO)[C@@H](O)[C@H]3O)c2[nH]1,CC(=O)O[C@@]12O[C@@H]1[C@@H](COC(C)O)O[C@H]2n1cnc2c(=O)[nH]c(=O)[nH]c21,3,0.4203,
O=c1[nH]c(=O)c2ncn([C@@H]3O[C@H](CO)[C@@H](O)[C@H]3O)c2[nH]1,CC(=O)O[C@@]1(C)[C@H](O)[C@@H](COC=O)O[C@H]1n1cnc2c(=O)[nH]c(=O)[nH]c21,3,0.4545,
O=c1[nH]c(=O)c2ncn([C@@H]3O[C@H](CO)[C@@H](O)[C@H]3O)c2[nH]1,CC(=O)O[C@@]12OC[C@H]1O[C@@H](n1cnc3c(=O)[nH]c(=O)[nH]c31)[C@@H]2OC(C)O,3,0.4203,
O=c1[nH]c(=O)c2ncn([C@@H]3O[C@H](CO)[C@@H](O)[C@H]3O)c2[nH]1,CC(=O)OC(C)O[C@H]1[C@@H](O)[C@]2(n3cnc4c(=O)[nH]c(=O)[nH]c43)OC[C@H]1O2,3,0.3288,
O=c1[nH]c(=O)c2ncn([C@@H]3O[C@H](CO)[C@@H](O)[C@H]3O)c2[nH]1,CC(=O)OC(C)O[C@H]1[C@H](n2cnc3c(=O)[nH]c(=O)[nH]c32)O[C@@H]2CO[C@]21O,3,0.4203,
O=c1[nH]c(=O)c2ncn([C@@H]3O[C@H](CO)[C@@H](O)[C@H]3O)c2[nH]1,CC(=O)OC(C)OC[C@]12O[C@@H](n3cnc4c(=O)[nH]c(=O)[nH]c43)[C@H](O)[C@@H]1O2,3,0.4769,
O=c1[nH]c(=O)c2ncn([C@@H]3O[C@H](CO)[C@@H](O)[C@H]3O)c2[nH]1,CC(=O)O[C@H]1[C@@H](OC(C)O)[C@H]2O[C@@H]1COc1nc3c(=O)[nH]c(=O)[nH]c3n12,3,0.2838,
O=c1[nH]c(=O)c2ncn([C@@H]3O[C@H](CO)[C@@H](O)[C@H]3O)c2[nH]1,CC(=O)OC[C@H]1O[C@@H](n2cnc3c(=O)[nH]c(=O)[nH]c32)[C@H](OC=O)[C@@]1(C)O,3,0.4412,
O=c1[nH]c(=O)c2ncn([C@@H]3O[C@H](CO)[C@@H](O)[C@H]3O)c2[nH]1,CC(O)O[C@@H]1[C@@H]2OCC(=O)OC[C@H]2O[C@H]1n1cnc2c(=O)[nH]c(=O)[nH]c21,3,0.4412,
O=c1[nH]c(=O)c2ncn([C@@H]3O[C@H](CO)[C@@H](O)[C@H]3O)c2[nH]1,CC(=O)O[C@H]1[C@@H](O)[C@H](n2cnc3c(=O)[nH]c(=O)[nH]c32)O[C@@H]1C(C)OC=O,3,0.4923,
O=c1[nH]c(=O)c2ncn([C@@H]3O[C@H](CO)[C@@H](O)[C@H]3O)c2[nH]1,CC(=O)O[C@H]1[C@H]2O[C@@]1(COC(C)O)O[C@H]2n1cnc2c(=O)[nH]c(=O)[nH]c21,3,0.4265,
O=c1[nH]c(=O)c2ncn([C@@H]3O[C@H](CO)[C@@H](O)[C@H]3O)c2[nH]1,CC(=O)OC[C@H]1O[C@@H](n2cnc3c(=O)[nH]c(=O)[nH]c32)[C@H](O)[C@@H]1OC(C)=O,2,0.6034,
O=c1[nH]c(=O)c2ncn([C@@H]3O[C@H](CO)[C@@H](O)[C@H]3O)c2[nH]1,CC(=O)OC(C)O[C@H]1[C@@H](O)[C@H](n2cnc3c(=O)[nH]c(=O)[nH]c32)O[C@@]12CO2,3,0.4478,
O=c1[nH]c(=O)c2ncn([C@@H]3O[C@H](CO)[C@@H](O)[C@H]3O)c2[nH]1,CC(=O)OC(C)O[C@H]1[C@H]2O[C@]2(n2cnc3c(=O)[nH]c(=O)[nH]c32)O[C@@H]1CO,3,0.4,
O=c1[nH]c(=O)c2ncn([C@@H]3O[C@H](CO)[C@@H](O)[C@H]3O)c2[nH]1,CC(O)O[C@H]1[C@H]2OCC(=O)OC[C@H]1O[C@H]2n1cnc2c(=O)[nH]c(=O)[nH]c21,3,0.4412,
O=c1[nH]c(=O)c2ncn([C@@H]3O[C@H](CO)[C@@H](O)[C@H]3O)c2[nH]1,CC(=O)O[C@H]1[C@@H](OC=O)[C@H](n2c(C)nc3c(=O)[nH]c(=O)[nH]c32)O[C@@H]1CO,3,0.3768,
O=c1[nH]c(=O)c2ncn([C@@H]3O[C@H](CO)[C@@H](O)[C@H]3O)c2[nH]1,CC(=O)O[C@H]1[C@H](n2cnc3c(=O)[nH]c(=O)[nH]c32)O[C@@]2(CO2)[C@H]1OC(C)O,3,0.4058,
O=c1[nH]c(=O)c2ncn([C@@H]3O[C@H](CO)[C@@H](O)[C@H]3O)c2[nH]1,CC(=O)OC(C)OC[C@H]1O[C@@H]2[C@H](Oc3nc4c(=O)[nH]c(=O)[nH]c4n32)[C@@H]1O,3,0.3521,
O=c1[nH]c(=O)c2ncn([C@@H]3O[C@H](CO)[C@@H](O)[C@H]3O)c2[nH]1,CC(=O)O[C@H]1[C@@H](OC(C)O)[C@]2(n3cnc4c(=O)[nH]c(=O)[nH]c43)OC[C@H]1O2,3,0.3067,
O=c1[nH]c(=O)c2ncn([C@@H]3O[C@H](CO)[C@@H](O)[C@H]3O)c2[nH]1,CC(=O)OC[C@H]1O[C@@H]2[C@H](OC(C)O)[C@@H]1Oc1nc3c(=O)[nH]c(=O)[nH]c3n12,3,0.3151,
O=c1[nH]c(=O)c2ncn([C@@H]3O[C@H](CO)[C@@H](O)[C@H]3O)c2[nH]1,CC(=O)OC(C)O[C@@]12OC[C@H]1O[C@@H](n1cnc3c(=O)[nH]c(=O)[nH]c31)[C@@H]2O,3,0.4545,
O=c1[nH]c(=O)c2ncn([C@@H]3O[C@H](CO)[C@@H](O)[C@H]3O)c2[nH]1,CC(=O)OC(C)OC[C@H]1O[C@@H](n2cnc3c(=O)[nH]c(=O)[nH]c32)[C@@H]2O[C@]12O,3,0.4348,
O=c1[nH]c(=O)c2ncn([C@@H]3O[C@H](CO)[C@@H](O)[C@H]3O)c2[nH]1,CC(=O)O[C@H]1[C@H]2O[C@]2(n2cnc3c(=O)[nH]c(=O)[nH]c32)O[C@@H]1COC(C)O,3,0.3425,
O=c1[nH]c(=O)c2ncn([C@@H]3O[C@H](CO)[C@@H](O)[C@H]3O)c2[nH]1,CC(=O)OC(C)O[C@@]12O[C@@H]1[C@@H](CO)O[C@H]2n1cnc2c(=O)[nH]c(=O)[nH]c21,3,0.4923,
O=c1[nH]c(=O)c2ncn([C@@H]3O[C@H](CO)[C@@H](O)[C@H]3O)c2[nH]1,CC(=O)O[C@@H]1[C@@H](CO)O[C@@H](n2cnc3c(=O)[nH]c(=O)[nH]c32)[C@@]1(C)OC=O,3,0.5,
O=c1[nH]c(=O)c2ncn([C@@H]3O[C@H](CO)[C@@H](O)[C@H]3O)c2[nH]1,CC(=O)O[C@H]1[C@H](n2cnc3c(=O)[nH]c(=O)[nH]c32)O[C@H](CO)[C@]1(C)OC=O,3,0.4923,
O=c1[nH]c(=O)c2ncn([C@@H]3O[C@H](CO)[C@@H](O)[C@H]3O)c2[nH]1,CC(=O)OC(C)O[C@H]1[C@H](n2cnc3c(=O)[nH]c(=O)[nH]c32)O[C@]2(CO)O[C@@H]12,3,0.4478,
O=c1[nH]c(=O)c2ncn([C@@H]3O[C@H](CO)[C@@H](O)[C@H]3O)c2[nH]1,CC(=O)O[C@@H]1[C@@H](COC=O)O[C@@H](n2cnc3c(=O)[nH]c(=O)[nH]c32)[C@@]1(C)O,3,0.4265,
O=c1[nH]c(=O)c2ncn([C@@H]3O[C@H](CO)[C@@H](O)[C@H]3O)c2[nH]1,CC(=O)O[C@H]1[C@@H](OC=O)[C@@](C)(n2cnc3c(=O)[nH]c(=O)[nH]c32)O[C@@H]1CO,3,0.4058,
O=c1[nH]c(=O)c2ncn([C@@H]3O[C@H](CO)[C@@H](O)[C@H]3O)c2[nH]1,CC(=O)OC(C)O[C@H]1[C@@H](O)[C@H]2O[C@@H]1COc1nc3c(=O)[nH]c(=O)[nH]c3n12,3,0.3151,
O=c1[nH]c(=O)c2ncn([C@@H]3O[C@H](CO)[C@@H](O)[C@H]3O)c2[nH]1,CC(=O)OC(C)O[C@@H]1[C@@H]2OC(O)[C@H]2O[C@H]1n1cnc2c(=O)[nH]c(=O)[nH]c21,3,0.4615,
O=c1[nH]c(=O)c2ncn([C@@H]3O[C@H](CO)[C@@H](O)[C@H]3O)c2[nH]1,CC(=O)OC1O[C@H]2[C@@H](OC(C)O)[C@H](n3cnc4c(=O)[nH]c(=O)[nH]c43)O[C@H]12,3,0.4462,
O=c1[nH]c(=O)c2ncn([C@@H]3O[C@H](CO)[C@@H](O)[C@H]3O)c2[nH]1,CC(=O)O[C@H]1[C@H]2Oc3nc4c(=O)[nH]c(=O)[nH]c4n3[C@@H]2O[C@@H]1COC(C)O,3,0.3151,
O=c1[nH]c(=O)c2ncn([C@@H]3O[C@H](CO)[C@@H](O)[C@H]3O)c2[nH]1,CCC(=O)OC[C@H]1O[C@@H](n2cnc3c(=O)[nH]c(=O)[nH]c32)[C@H](OC=O)[C@@H]1O,3,0.5312,
O=c1[nH]c(=O)c2ncn([C@@H]3O[C@H](CO)[C@@H](O)[C@H]3O)c2[nH]1,CC(=O)OC[C@H]1O[C@@H]2[C@H](Oc3nc4c(=O)[nH]c(=O)[nH]c4n32)[C@@H]1OC(C)O,3,0.3151,
O=c1[nH]c(=O)c2ncn([C@@H]3O[C@H](CO)[C@@H](O)[C@H]3O)c2[nH]1,CC(=O)O[C@@]1(C)[C@H](OC=O)[C@@H](CO)O[C@H]1n1cnc2c(=O)[nH]c(=O)[nH]c21,3,0.4923,
O=c1[nH]c(=O)c2ncn([C@@H]3O[C@H](CO)[C@@H](O)[C@H]3O)c2[nH]1,CC(=O)OC1CO[C@@H]2[C@H](O1)[C@@H](CO)O[C@H]2n1cnc2c(=O)[nH]c(=O)[nH]c21,3,0.5645,
O=c1[nH]c(=O)c2ncn([C@@H]3O[C@H](CO)[C@@H](O)[C@H]3O)c2[nH]1,CC(=O)OC(C)O[C@H]1[C@H]2Oc3nc4c(=O)[nH]c(=O)[nH]c4n3[C@@H]2O[C@@H]1CO,3,0.3714,
O=c1[nH]c(=O)c2ncn([C@@H]3O[C@H](CO)[C@@H](O)[C@H]3O)c2[nH]1,CC(=O)OC(C)OC[C@H]1O[C@@H]2[C@H](O)[C@@H]1Oc1nc3c(=O)[nH]c(=O)[nH]c3n12,3,0.3521,
O=c1[nH]c(=O)c2ncn([C@@H]3O[C@H](CO)[C@@H](O)[C@H]3O)c2[nH]1,CC(=O)OC[C@H]1O[C@](C)(n2cnc3c(=O)[nH]c(=O)[nH]c32)[C@H](O)[C@@H]1OC=O,3,0.3714,
O=c1[nH]c(=O)c2ncn([C@@H]3O[C@H](CO)[C@@H](O)[C@H]3O)c2[nH]1,CC(=O)O[C@H]1[C@H](n2cnc3c(=O)[nH]c(=O)[nH]c32)O[C@]2(COC(C)O)O[C@@H]12,3,0.4265,
O=c1[nH]c(=O)c2ncn([C@@H]3O[C@H](CO)[C@@H](O)[C@H]3O)c2[nH]1,CC(=O)OC1CO[C@@H]2[C@H](O)[C@@H](CO1)O[C@H]2n1cnc2c(=O)[nH]c(=O)[nH]c21,3,0.4769,
O=c1[nH]c(=O)c2ncn([C@@H]3O[C@H](CO)[C@@H](O)[C@H]3O)c2[nH]1,CC(O)O[C@H]1[C@H]2OC(=O)COC[C@H]1O[C@H]2n1cnc2c(=O)[nH]c(=O)[nH]c21,3,0.4328,
O=c1[nH]c(=O)c2ncn([C@@H]3O[C@H](CO)[C@@H](O)[C@H]3O)c2[nH]1,CC(=O)O[C@@H]1[C@H](OC(C)O)[C@H]2COc3nc4c(=O)[nH]c(=O)[nH]c4n3[C@@H]1O2,3,0.2838,
O=c1[nH]c(=O)c2ncn([C@@H]3O[C@H](CO)[C@@H](O)[C@H]3O)c2[nH]1,CC(=O)OC[C@H]1O[C@@H](n2cnc3c(=O)[nH]c(=O)[nH]c32)[C@]2(OC(C)O)O[C@H]12,3,0.4203,
O=c1[nH]c(=O)c2ncn([C@@H]3O[C@H](CO)[C@@H](O)[C@H]3O)c2[nH]1,CC(=O)O[C@@H]1[C@H]2CO[C@@]1(OC(C)O)[C@H](n1cnc3c(=O)[nH]c(=O)[nH]c31)O2,3,0.3857,
O=c1[nH]c(=O)c2ncn([C@@H]3O[C@H](CO)[C@@H](O)[C@H]3O)c2[nH]1,CC(=O)O[C@H]1[C@@H](O)[C@H](n2c(C)nc3c(=O)[nH]c(=O)[nH]c32)O[C@@H]1COC=O,3,0.3521,
O=c1[nH]c(=O)c2ncn([C@@H]3O[C@H](CO)[C@@H](O)[C@H]3O)c2[nH]1,CC(O)OC[C@H]1O[C@@H](n2cnc3c(=O)[nH]c(=O)[nH]c32)[C@@H]2OCC(=O)O[C@@H]21,3,0.4923,
O=c1[nH]c(=O)c2ncn([C@@H]3O[C@H](CO)[C@@H](O)[C@H]3O)c2[nH]1,CC(=O)OC(C)O[C@H]1[C@H](n2cnc3c(=O)[nH]c(=O)[nH]c32)O[C@@]2(CO2)[C@H]1O,3,0.4328,
O=c1[nH]c(=O)c2ncn([C@@H]3O[C@H](CO)[C@@H](O)[C@H]3O)c2[nH]1,CCC(=O)OC[C@H]1O[C@@H](n2cnc3c(=O)[nH]c(=O)[nH]c32)[C@H](O)[C@@H]1OC=O,3,0.5556,
O=c1[nH]c(=O)c2ncn([C@@H]3O[C@H](CO)[C@@H](O)[C@H]3O)c2[nH]1,CC(O)O[C@@H]1[C@@H]2OC(=O)COC[C@H]2O[C@H]1n1cnc2c(=O)[nH]c(=O)[nH]c21,3,0.4328,
O=c1[nH]c(=O)c2ncn([C@@H]3O[C@H](CO)[C@@H](O)[C@H]3O)c2[nH]1,CC(=O)OC[C@H]1O[C@@H](n2cnc3c(=O)[nH]c(=O)[nH]c32)[C@@](C)(O)[C@@H]1OC=O,3,0.4265,
O=c1[nH]c(=O)c2ncn([C@@H]3O[C@H](CO)[C@@H](O)[C@H]3O)c2[nH]1,CC(=O)O[C@H]1[C@@H](OC(C)O)[C@H](n2cnc3c(=O)[nH]c(=O)[nH]c32)O[C@@]12CO2,3,0.4058,
O=c1[nH]c(=O)c2ncn([C@@H]3O[C@H](CO)[C@@H](O)[C@H]3O)c2[nH]1,O=C[C@H]1O[C@@H](n2cnc3c(=O)[nH]c(=O)[nH]c32)[C@H](OC(=O)CC(=O)O)[C@@H]1O,3,0.5079,
O=c1[nH]c(=O)c2ncn([C@@H]3O[C@H](CO)[C@@H](O)[C@H]3O)c2[nH]1,O=C[C@H]1O[C@@H](n2cnc3c(=O)[nH]c(=O)[nH]c32)[C@H](O)[C@@H]1OC(=O)CC(=O)O,3,0.5323,
O=c1[nH]c(=O)c2ncn([C@@H]3O[C@H](CO)[C@@H](O)[C@H]3O)c2[nH]1,CC(O)(C#N)O[C@H]1[C@H](n2cnc3c(=O)[nH]c(=O)[nH]c32)O[C@H](CO)[C@]1(C)O,3,0.4776,
O=c1[nH]c(=O)c2ncn([C@@H]3O[C@H](CO)[C@@H](O)[C@H]3O)c2[nH]1,CCC(O)(C#N)OC[C@H]1O[C@@H](n2cnc3c(=O)[nH]c(=O)[nH]c32)[C@H](O)[C@@H]1O,3,0.6167,
O=c1[nH]c(=O)c2ncn([C@@H]3O[C@H](CO)[C@@H](O)[C@H]3O)c2[nH]1,COC(C)(C#N)O[C@@H]1[C@H](O)[C@@H](CO)O[C@H]1n1cnc2c(=O)[nH]c(=O)[nH]c21,3,0.623,
O=c1[nH]c(=O)c2ncn([C@@H]3O[C@H](CO)[C@@H](O)[C@H]3O)c2[nH]1,CC(O)(C#N)O[C@@H]1[C@@H](CO)O[C@@H](n2cnc3c(=O)[nH]c(=O)[nH]c32)[C@@]1(C)O,3,0.4848,
O=c1[nH]c(=O)c2ncn([C@@H]3O[C@H](CO)[C@@H](O)[C@H]3O)c2[nH]1,CCC(O)(C#N)O[C@H]1[C@@H](O)[C@H](n2cnc3c(=O)[nH]c(=O)[nH]c32)O[C@@H]1CO,3,0.6333,
O=c1[nH]c(=O)c2ncn([C@@H]3O[C@H](CO)[C@@H](O)[C@H]3O)c2[nH]1,COC(C)(C#N)OC[C@H]1O[C@@H](n2cnc3c(=O)[nH]c(=O)[nH]c32)[C@H](O)[C@@H]1O,3,0.6167,
O=c1[nH]c(=O)c2ncn([C@@H]3O[C@H](CO)[C@@H](O)[C@H]3O)c2[nH]1,COC(C)(C#N)O[C@H]1[C@@H](O)[C@H](n2cnc3c(=O)[nH]c(=O)[nH]c32)O[C@@H]1CO,3,0.623,
O=c1[nH]c(=O)c2ncn([C@@H]3O[C@H](CO)[C@@H](O)[C@H]3O)c2[nH]1,Cc1nc2c(=O)[nH]c(=O)[nH]c2n1[C@@H]1O[C@H](CO)[C@@H](OC(C)(O)C#N)[C@H]1O,3,0.4058,
O=c1[nH]c(=O)c2ncn([C@@H]3O[C@H](CO)[C@@H](O)[C@H]3O)c2[nH]1,CC(O)(C#N)O[C@H]1[C@H](n2cnc3c(=O)[nH]c(=O)[nH]c32)O[C@@](C)(CO)[C@H]1O,3,0.4627,
O=c1[nH]c(=O)c2ncn([C@@H]3O[C@H](CO)[C@@H](O)[C@H]3O)c2[nH]1,CC(O)(C#N)OC[C@]1(C)O[C@@H](n2cnc3c(=O)[nH]c(=O)[nH]c32)[C@H](O)[C@@H]1O,3,0.4697,
O=c1[nH]c(=O)c2ncn([C@@H]3O[C@H](CO)[C@@H](O)[C@H]3O)c2[nH]1,Cc1nc2c(=O)[nH]c(=O)[nH]c2n1[C@@H]1O[C@H](COC(C)(O)C#N)[C@@H](O)[C@H]1O,3,0.403,
O=c1[nH]c(=O)c2ncn([C@@H]3O[C@H](CO)[C@@H](O)[C@H]3O)c2[nH]1,CC(O)(C#N)O[C@@]1(C)[C@H](O)[C@@H](CO)O[C@H]1n1cnc2c(=O)[nH]c(=O)[nH]c21,3,0.5156,
O=c1[nH]c(=O)c2ncn([C@@H]3O[C@H](CO)[C@@H](O)[C@H]3O)c2[nH]1,CC(O)[C@H]1O[C@@H](n2cnc3c(=O)[nH]c(=O)[nH]c32)[C@H](O)[C@@H]1OC(C)(O)C#N,3,0.4848,
O=c1[nH]c(=O)c2ncn([C@@H]3O[C@H](CO)[C@@H](O)[C@H]3O)c2[nH]1,CC(O)(C#N)O[C@H]1[C@@H](O)[C@H](n2cnc3c(=O)[nH]c(=O)[nH]c32)O[C@@]1(C)CO,3,0.4776,
O=c1[nH]c(=O)c2ncn([C@@H]3O[C@H](CO)[C@@H](O)[C@H]3O)c2[nH]1,CC(O)(C#N)O[C@@]1(C)[C@@H](CO)O[C@@H](n2cnc3c(=O)[nH]c(=O)[nH]c32)[C@@H]1O,3,0.5312,
O=c1[nH]c(=O)c2ncn([C@@H]3O[C@H](CO)[C@@H](O)[C@H]3O)c2[nH]1,CO[C@@H]1[C@H](OC(C)(O)C#N)[C@@H](CO)O[C@H]1n1cnc2c(=O)[nH]c(=O)[nH]c21,3,0.5556,
O=c1[nH]c(=O)c2ncn([C@@H]3O[C@H](CO)[C@@H](O)[C@H]3O)c2[nH]1,CC(O)(C#N)OC[C@H]1O[C@@H](n2cnc3c(=O)[nH]c(=O)[nH]c32)[C@H](O)[C@@]1(C)O,3,0.4697,
O=c1[nH]c(=O)c2ncn([C@@H]3O[C@H](CO)[C@@H](O)[C@H]3O)c2[nH]1,CC(O)(C#N)O[C@H]1[C@@H](O)[C@@](C)(n2cnc3c(=O)[nH]c(=O)[nH]c32)O[C@@H]1CO,3,0.4203,
O=c1[nH]c(=O)c2ncn([C@@H]3O[C@H](CO)[C@@H](O)[C@H]3O)c2[nH]1,CC(O)(C#N)O[C@@H]1[C@H](O)[C@@H](CO)O[C@]1(C)n1cnc2c(=O)[nH]c(=O)[nH]c21,3,0.4348,
O=c1[nH]c(=O)c2ncn([C@@H]3O[C@H](CO)[C@@H](O)[C@H]3O)c2[nH]1,CC(O)(C#N)OC[C@H]1O[C@](C)(n2cnc3c(=O)[nH]c(=O)[nH]c32)[C@H](O)[C@@H]1O,3,0.3913,
O=c1[nH]c(=O)c2ncn([C@@H]3O[C@H](CO)[C@@H](O)[C@H]3O)c2[nH]1,Cc1nc2c(=O)[nH]c(=O)[nH]c2n1[C@@H]1O[C@H](CO)[C@@H](O)[C@H]1OC(C)(O)C#N,3,0.4265,
O=c1[nH]c(=O)c2ncn([C@@H]3O[C@H](CO)[C@@H](O)[C@H]3O)c2[nH]1,COC[C@H]1O[C@@H](n2cnc3c(=O)[nH]c(=O)[nH]c32)[C@H](OC(C)(O)C#N)[C@@H]1O,3,0.5231,
O=c1[nH]c(=O)c2ncn([C@@H]3O[C@H](CO)[C@@H](O)[C@H]3O)c2[nH]1,COC[C@H]1O[C@@H](n2cnc3c(=O)[nH]c(=O)[nH]c32)[C@H](O)[C@@H]1OC(C)(O)C#N,3,0.5469,
O=c1[nH]c(=O)c2ncn([C@@H]3O[C@H](CO)[C@@H](O)[C@H]3O)c2[nH]1,CC(OC(C)(O)C#N)[C@H]1O[C@@H](n2cnc3c(=O)[nH]c(=O)[nH]c32)[C@H](O)[C@@H]1O,3,0.5238,
O=c1[nH]c(=O)c2ncn([C@@H]3O[C@H](CO)[C@@H](O)[C@H]3O)c2[nH]1,CC(O)(C#N)OC[C@H]1O[C@@H](n2cnc3c(=O)[nH]c(=O)[nH]c32)[C@@](C)(O)[C@@H]1O,3,0.4545,
O=c1[nH]c(=O)c2ncn([C@@H]3O[C@H](CO)[C@@H](O)[C@H]3O)c2[nH]1,CO[C@H]1[C@@H](O)[C@H](n2cnc3c(=O)[nH]c(=O)[nH]c32)O[C@@H]1COC(C)(O)C#N,3,0.5556,
O=c1[nH]c(=O)c2ncn([C@@H]3O[C@H](CO)[C@@H](O)[C@H]3O)c2[nH]1,CO[C@H]1[C@@H](OC(C)(O)C#N)[C@H](n2cnc3c(=O)[nH]c(=O)[nH]c32)O[C@@H]1CO,3,0.5556,
O=c1[nH]c(=O)c2ncn([C@@H]3O[C@H](CO)[C@@H](O)[C@H]3O)c2[nH]1,CC(O)[C@H]1O[C@@H](n2cnc3c(=O)[nH]c(=O)[nH]c32)[C@H](OC(C)(O)C#N)[C@@H]1O,3,0.4627,
O=c1[nH]c(=O)c2ncn([C@@H]3O[C@H](CO)[C@@H](O)[C@H]3O)c2[nH]1,CCC(O)(C#N)O[C@@H]1[C@H](O)[C@@H](CO)O[C@H]1n1cnc2c(=O)[nH]c(=O)[nH]c21,3,0.623,
O=c1[nH]c(=O)c2ncn([C@@H]3O[C@H](CO)[C@@H](O)[C@H]3O)c2[nH]1,CO[C@@H]1[C@H](O)[C@@H](COC(C)(O)C#N)O[C@H]1n1cnc2c(=O)[nH]c(=O)[nH]c21,3,0.5312,
O=c1[nH]c(=O)c2ncn([C@@H]3O[C@H](CO)[C@@H](O)[C@H]3O)c2[nH]1,CC(=O)O[C@@H]1[C@H](OC(C)=O)[C@@H](C=O)O[C@H]1n1cnc2c(=O)[nH]c(=O)[nH]c21,3,0.4833,
O=c1[nH]c(=O)c2ncn([C@@H]3O[C@H](CO)[C@@H](O)[C@H]3O)c2[nH]1,O=c1[nH]c(=O)c2[nH+]cn([C@@H]3O[C@H](CO)[C@@H](O)[C@H]3OS(=O)(=O)O)c2[nH]1,3,0.4444,0.3194
O=c1[nH]c(=O)c2ncn([C@@H]3O[C@H](CO)[C@@H](O)[C@H]3O)c2[nH]1,O=c1[nH]c(=O)c2[nH+]cn([C@@H]3O[C@H](CO)[C@@H](OS(=O)(=O)O)[C@H]3O)c2[nH]1,3,0.4444,0.3194
O=c1[nH]c(=O)c2ncn([C@@H]3O[C@H](CO)[C@@H](O)[C@H]3O)c2[nH]1,O=c1[nH]c(=O)c2[nH+]cn([C@@H]3O[C@H](COS(=O)(=O)O)[C@@H](O)[C@H]3O)c2[nH]1,3,0.4355,0.3099
O=c1[nH]c(=O)c2ncn([C@@H]3O[C@H](CO)[C@@H](O)[C@H]3O)c2[nH]1,O=c1[nH]c(=O)c2ncn([C@@H]3O[C@H](CO)[C@@H](OS(=O)(=O)O)[C@H]3O)c2[nH]1,1,0.717,
O=c1[nH]c(=O)c2ncn([C@@H]3O[C@H](CO)[C@@H](O)[C@H]3O)c2[nH]1,O=c1[nH]c(=O)c2ncn([C@@]3(COS(=O)(=O)O)OC[C@@H](O)[C@H]3O)c2[nH]1,2,0.3788,
O=c1[nH]c(=O)c2ncn([C@@H]3O[C@H](CO)[C@@H](O)[C@H]3O)c2[nH]1,O=c1[nH]c(=O)c2ncn([C@H]3OC(CO)[C@@H](O)[C@H]3OS(=O)(=O)O)c2[nH]1,3,0.717,
O=c1[nH]c(=O)c2ncn([C@@H]3O[C@H](CO)[C@@H](O)[C@H]3O)c2[nH]1,O=c1[nH]c(=O)c2ncn([C@@]3(CO)OC[C@@H](OS(=O)(=O)O)[C@H]3O)c2[nH]1,2,0.3939,
O=c1[nH]c(=O)c2ncn([C@@H]3O[C@H](CO)[C@@H](O)[C@H]3O)c2[nH]1,O=c1[nH]c(=O)c2ncn([C@@H]3OC(CO)[C@@H](OS(=O)(=O)O)[C@H]3O)c2[nH]1,3,0.717,
O=c1[nH]c(=O)c2ncn([C@@H]3O[C@H](CO)[C@@H](O)[C@H]3O)c2[nH]1,O=c1[nH]c(=O)c2ncn([C@@H]3OC(COS(=O)(=O)O)[C@@H](O)[C@H]3O)c2[nH]1,3,0.7115,
O=c1[nH]c(=O)c2ncn([C@@H]3O[C@H](CO)[C@@H](O)[C@H]3O)c2[nH]1,O=c1[nH]c(=O)c2ncn([C@@H]3OC(CO)[C@@H](O)[C@H]3OS(=O)(=O)O)c2[nH]1,3,0.717,
O=c1[nH]c(=O)c2ncn([C@@H]3O[C@H](CO)[C@@H](O)[C@H]3O)c2[nH]1,O=c1[nH]c(=O)c2ncn([C@@]3(CO)OC[C@@H](O)[C@H]3OS(=O)(=O)O)c2[nH]1,2,0.3881,
O=c1[nH]c(=O)c2ncn([C@@H]3O[C@H](CO)[C@@H](O)[C@H]3O)c2[nH]1,O=c1[nH]c(=O)c2ncn([C@@H]3O[C@H](COS(=O)(=O)O)[C@@H](O)[C@H]3O)c2[nH]1,1,0.7115,
O=c1[nH]c(=O)c2ncn([C@@H]3O[C@H](CO)[C@@H](O)[C@H]3O)c2[nH]1,O=c1[nH]c(=O)c2ncn([C@H]3OC(CO)[C@@H](OS(=O)(=O)O)[C@H]3O)c2[nH]1,3,0.717,
O=c1[nH]c(=O)c2ncn([C@@H]3O[C@H](CO)[C@@H](O)[C@H]3O)c2[nH]1,O=c1[nH]c(=O)c2ncn([C@@H]3O[C@H](CO)[C@@H](O)[C@H]3OS(=O)(=O)O)c2[nH]1,1,0.717,
O=c1[nH]c(=O)c2ncn([C@@H]3O[C@H](CO)[C@@H](O)[C@H]3O)c2[nH]1,C[C@H]1O[C@@H](n2c[n+](C)c3c(=O)[nH]c(=O)[nH]c32)[C@H](OS(=O)(=O)O)[C@@H]1O,3,0.3043,
O=c1[nH]c(=O)c2ncn([C@@H]3O[C@H](CO)[C@@H](O)[C@H]3O)c2[nH]1,C[C@H]1O[C@@H](n2c[n+](C)c3c(=O)[nH]c(=O)[nH]c32)[C@H](O)[C@@H]1OS(=O)(=O)O,3,0.3235,
O=c1[nH]c(=O)c2ncn([C@@H]3O[C@H](CO)[C@@H](O)[C@H]3O)c2[nH]1,C[C@H]1O[C@@H](n2c[n+](C)c3c(=O)[nH]c(=O)[nH]c32)[C@H](O)[C@@H]1OP(=O)(O)O,3,0.3235,
O=c1[nH]c(=O)c2ncn([C@@H]3O[C@H](CO)[C@@H](O)[C@H]3O)c2[nH]1,C[C@H]1O[C@@H](n2c[n+](C)c3c(=O)[nH]c(=O)[nH]c32)[C@H](OP(=O)(O)O)[C@@H]1O,3,0.3043,
O=c1[nH]c(=O)c2ncn([C@@H]3O[C@H](CO)[C@@H](O)[C@H]3O)c2[nH]1,O=c1[nH]c(=O)c2ncn([C@@H]3O[C@H](CO)[C@@H](OC(O)CCl)[C@H]3O)c2[nH]1,3,0.6786,
O=c1[nH]c(=O)c2ncn([C@@H]3O[C@H](CO)[C@@H](O)[C@H]3O)c2[nH]1,O=c1[nH]c(=O)c2ncn([C@@H]3O[C@H](COC(O)CCl)[C@@H](O)[C@H]3O)c2[nH]1,3,0.6727,
O=c1[nH]c(=O)c2ncn([C@@H]3O[C@H](CO)[C@@H](O)[C@H]3O)c2[nH]1,O=c1[nH]c(=O)c2ncn([C@@H]3O[C@H](CO)[C@@H](OC(Cl)CO)[C@H]3O)c2[nH]1,3,0.7037,
O=c1[nH]c(=O)c2ncn([C@@H]3O[C@H](CO)[C@@H](O)[C@H]3O)c2[nH]1,O=c1[nH]c(=O)c2ncn([C@@H]3O[C@H](CO)[C@@H](O)[C@H]3OC(O)CCl)c2[nH]1,3,0.6786,
O=c1[nH]c(=O)c2ncn([C@@H]3O[C@H](CO)[C@@H](O)[C@H]3O)c2[nH]1,O=c1[nH]c(=O)c2ncn([C@@H]3O[C@H](CO)[C@@H](O)[C@H]3OC(Cl)CO)c2[nH]1,3,0.7037,
O=c1[nH]c(=O)c2ncn([C@@H]3O[C@H](CO)[C@@H](O)[C@H]3O)c2[nH]1,O=c1[nH]c(=O)c2ncn([C@@H]3O[C@H](COC(Cl)CO)[C@@H](O)[C@H]3O)c2[nH]1,3,0.7037,
O=c1[nH]c(=O)c2ncn([C@@H]3O[C@H](CO)[C@@H](O)[C@H]3O)c2[nH]1,CO[C@H]1[C@@H](OS(=O)(=O)O)[C@H](n2cnc3c(=O)[nH]c(=O)[nH]c32)O[C@@H]1C,3,0.4754,
O=c1[nH]c(=O)c2ncn([C@@H]3O[C@H](CO)[C@@H](O)[C@H]3O)c2[nH]1,CO[C@@H]1[C@H](OS(=O)(=O)O)[C@@H](C)O[C@H]1n1cnc2c(=O)[nH]c(=O)[nH]c21,3,0.4754,
O=c1[nH]c(=O)c2ncn([C@@H]3O[C@H](CO)[C@@H](O)[C@H]3O)c2[nH]1,O=c1[nH]c(=O)c2ncn([C@@H]3O[C@H](CO)[C@@]4(OS(=O)(=O)O)O[C@@H]34)c2[nH]1,3,0.5333,
O=c1[nH]c(=O)c2ncn([C@@H]3O[C@H](CO)[C@@H](O)[C@H]3O)c2[nH]1,O=C[C@]1(n2cnc3c(=O)[nH]c(=O)[nH]c32)OC[C@@H](O)[C@H]1OS(=O)(=O)O,3,0.3478,
O=c1[nH]c(=O)c2ncn([C@@H]3O[C@H](CO)[C@@H](O)[C@H]3O)c2[nH]1,O=c1[nH]c(=O)c2nc3n(c2[nH]1)[C@@H]1O[C@H](CO)[C@@H](OS(=O)(=O)O)[C@H]1O3,3,0.4062,
O=c1[nH]c(=O)c2ncn([C@@H]3O[C@H](CO)[C@@H](O)[C@H]3O)c2[nH]1,O=c1[nH]c(=O)c2ncn([C@@H]3O[C@]4(COS(=O)(=O)O)O[C@H]4[C@H]3O)c2[nH]1,3,0.5254,
O=c1[nH]c(=O)c2ncn([C@@H]3O[C@H](CO)[C@@H](O)[C@H]3O)c2[nH]1,O=C[C@H]1O[C@@H](n2cnc3c(=O)[nH]c(=O)[nH]c32)[C@H](O)[C@@H]1OS(=O)(=O)O,2,0.5424,
O=c1[nH]c(=O)c2ncn([C@@H]3O[C@H](CO)[C@@H](O)[C@H]3O)c2[nH]1,O=C[C@H]1O[C@@H](n2cnc3c(=O)[nH]c(=O)[nH]c32)[C@H](OS(=O)(=O)O)[C@@H]1O,2,0.5167,
O=c1[nH]c(=O)c2ncn([C@@H]3O[C@H](CO)[C@@H](O)[C@H]3O)c2[nH]1,O=c1[nH]c(=O)c2ncn([C@@H]3O[C@H](COS(=O)(=O)O)[C@H]4O[C@]43O)c2[nH]1,3,0.4603,
O=c1[nH]c(=O)c2ncn([C@@H]3O[C@H](CO)[C@@H](O)[C@H]3O)c2[nH]1,O=c1[nH]c(=O)c2nc3n(c2[nH]1)[C@@H]1O[C@H](COS(=O)(=O)O)[C@@H](O3)[C@H]1O,3,0.3846,
O=c1[nH]c(=O)c2ncn([C@@H]3O[C@H](CO)[C@@H](O)[C@H]3O)c2[nH]1,O=c1[nH]c(=O)c2ncn([C@@H]3O[C@]4(CO)O[C@@H]3[C@@H]4OS(=O)(=O)O)c2[nH]1,3,0.4918,
O=c1[nH]c(=O)c2ncn([C@@H]3O[C@H](CO)[C@@H](O)[C@H]3O)c2[nH]1,O=c1[nH]c(=O)c2ncn([C@@H]3O[C@]4(COS(=O)(=O)O)O[C@@H]3[C@@H]4O)c2[nH]1,3,0.5,
O=c1[nH]c(=O)c2ncn([C@@H]3O[C@H](CO)[C@@H](O)[C@H]3O)c2[nH]1,O=C[C@]1(n2cnc3c(=O)[nH]c(=O)[nH]c32)OC[C@@H](OS(=O)(=O)O)[C@H]1O,3,0.3529,
O=c1[nH]c(=O)c2ncn([C@@H]3O[C@H](CO)[C@@H](O)[C@H]3O)c2[nH]1,O=c1[nH]c(=O)c2ncn([C@@H]3O[C@]4(CO)O[C@H]4[C@H]3OS(=O)(=O)O)c2[nH]1,3,0.4918,
O=c1[nH]c(=O)c2ncn([C@@H]3O[C@H](CO)[C@@H](O)[C@H]3O)c2[nH]1,O=c1[nH]c(=O)c2ncn([C@]34O[C@@H]3[C@H](O)[C@@H](COS(=O)(=O)O)O4)c2[nH]1,3,0.4154,
O=c1[nH]c(=O)c2ncn([C@@H]3O[C@H](CO)[C@@H](O)[C@H]3O)c2[nH]1,O=c1[nH]c(=O)c2ncn([C@]34O[C@@H]([C@H]3OS(=O)(=O)O)[C@@H](CO)O4)c2[nH]1,3,0.4375,
O=c1[nH]c(=O)c2ncn([C@@H]3O[C@H](CO)[C@@H](O)[C@H]3O)c2[nH]1,O=c1[nH]c(=O)c2ncn([C@]34O[C@@H]3[C@H](OS(=O)(=O)O)[C@@H](CO)O4)c2[nH]1,3,0.4375,
O=c1[nH]c(=O)c2ncn([C@@H]3O[C@H](CO)[C@@H](O)[C@H]3O)c2[nH]1,O=c1[nH]c(=O)c2nc3n(c2[nH]1)[C@@H]1O[C@H](COS(=O)(=O)O)[C@@H](O)[C@H]1O3,3,0.3846,
O=c1[nH]c(=O)c2ncn([C@@H]3O[C@H](CO)[C@@H](O)[C@H]3O)c2[nH]1,O=c1[nH]c(=O)c2ncn([C@@H]3O[C@H](CO)[C@H]4O[C@]43OS(=O)(=O)O)c2[nH]1,3,0.5593,
O=c1[nH]c(=O)c2ncn([C@@H]3O[C@H](CO)[C@@H](O)[C@H]3O)c2[nH]1,O=c1[nH]c(=O)c2ncn([C@@H]3O[C@H](COS(=O)(=O)O)[C@@]4(O)O[C@@H]34)c2[nH]1,3,0.4762,
O=c1[nH]c(=O)c2ncn([C@@H]3O[C@H](CO)[C@@H](O)[C@H]3O)c2[nH]1,O=c1[nH]c(=O)c2ncn([C@]34O[C@@H]([C@H]3O)[C@@H](COS(=O)(=O)O)O4)c2[nH]1,3,0.4,
O=c1[nH]c(=O)c2ncn([C@@H]3O[C@H](CO)[C@@H](O)[C@H]3O)c2[nH]1,O=c1[nH]c(=O)c2nc3n(c2[nH]1)[C@@H]1O[C@H](CO)[C@@H](O3)[C@H]1OS(=O)(=O)O,3,0.4062,
O=c1[nH]c(=O)c2ncn([C@@H]3O[C@H](CO)[C@@H](O)[C@H]3O)c2[nH]1,CO[C@H]1[C@@H](OP(=O)(O)O)[C@H](n2cnc3c(=O)[nH]c(=O)[nH]c32)O[C@@H]1C,3,0.4754,
O=c1[nH]c(=O)c2ncn([C@@H]3O[C@H](CO)[C@@H](O)[C@H]3O)c2[nH]1,CO[C@@H]1[C@H](OP(=O)(O)O)[C@@H](C)O[C@H]1n1cnc2c(=O)[nH]c(=O)[nH]c21,3,0.4754,
O=c1[nH]c(=O)c2ncn([C@@H]3O[C@H](CO)[C@@H](O)[C@H]3O)c2[nH]1,O=c1[nH]c(=O)c2ncn([C@]34O[C@@H]3[C@H](O)[C@@H](COP(=O)(O)O)O4)c2[nH]1,3,0.4154,
O=c1[nH]c(=O)c2ncn([C@@H]3O[C@H](CO)[C@@H](O)[C@H]3O)c2[nH]1,O=c1[nH]c(=O)c2ncn([C@@H]3O[C@]4(CO)O[C@H]4[C@H]3OP(=O)(O)O)c2[nH]1,3,0.4918,
O=c1[nH]c(=O)c2ncn([C@@H]3O[C@H](CO)[C@@H](O)[C@H]3O)c2[nH]1,O=c1[nH]c(=O)c2nc3n(c2[nH]1)[C@@H]1O[C@H](CO)[C@@H](O)[C@H]1OP(=O)(O)O3,3,0.4677,
O=c1[nH]c(=O)c2ncn([C@@H]3O[C@H](CO)[C@@H](O)[C@H]3O)c2[nH]1,O=c1[nH]c(=O)c2ncn([C@@H]3O[C@H](CO)[C@@]4(OP(=O)(O)O)O[C@@H]34)c2[nH]1,3,0.5246,
O=c1[nH]c(=O)c2ncn([C@@H]3O[C@H](CO)[C@@H](O)[C@H]3O)c2[nH]1,O=c1[nH]c(=O)c2ncn([C@@H]3O[C@H](COP(=O)(O)O)[C@@]4(O)O[C@@H]34)c2[nH]1,3,0.4762,
O=c1[nH]c(=O)c2ncn([C@@H]3O[C@H](CO)[C@@H](O)[C@H]3O)c2[nH]1,O=c1[nH]c(=O)c2nc3n(c2[nH]1)[C@@H]1O[C@H](CO)[C@@H](OP(=O)(O)O3)[C@H]1O,3,0.4444,
O=c1[nH]c(=O)c2ncn([C@@H]3O[C@H](CO)[C@@H](O)[C@H]3O)c2[nH]1,O=C[C@H]1O[C@@H](n2cnc3c(=O)[nH]c(=O)[nH]c32)[C@H](OP(=O)(O)O)[C@@H]1O,2,0.5167,
O=c1[nH]c(=O)c2ncn([C@@H]3O[C@H](CO)[C@@H](O)[C@H]3O)c2[nH]1,O=c1[nH]c(=O)c2nc3n(c2[nH]1)[C@@H]1O[C@H](COP(=O)(O)O)[C@@H](O3)[C@H]1O,3,0.3846,
O=c1[nH]c(=O)c2ncn([C@@H]3O[C@H](CO)[C@@H](O)[C@H]3O)c2[nH]1,O=c1[nH]c(=O)c2ncn([C@]34O[C@H](CO)[C@@H](OP(=O)(O)O3)[C@H]4O)c2[nH]1,3,0.4603,
O=c1[nH]c(=O)c2ncn([C@@H]3O[C@H](CO)[C@@H](O)[C@H]3O)c2[nH]1,O=c1[nH]c(=O)c2ncn([C@@H]3O[C@H](CO)[C@H]4O[C@]43OP(=O)(O)O)c2[nH]1,3,0.5333,
O=c1[nH]c(=O)c2ncn([C@@H]3O[C@H](CO)[C@@H](O)[C@H]3O)c2[nH]1,O=c1[nH]c(=O)c2ncn([C@@]34O[C@H](CO)[C@@H](O)[C@H]3OP(=O)(O)O4)c2[nH]1,3,0.4762,
O=c1[nH]c(=O)c2ncn([C@@H]3O[C@H](CO)[C@@H](O)[C@H]3O)c2[nH]1,O=c1[nH]c(=O)c2ncn([C@@H]3O[C@H](CO)[C@H]4OP(=O)(O)O[C@]43O)c2[nH]1,3,0.5333,
O=c1[nH]c(=O)c2ncn([C@@H]3O[C@H](CO)[C@@H](O)[C@H]3O)c2[nH]1,O=c1[nH]c(=O)c2nc3n(c2[nH]1)[C@@H]1O[C@H](COP(=O)(O)O)[C@@H](O)[C@H]1O3,3,0.3846,
O=c1[nH]c(=O)c2ncn([C@@H]3O[C@H](CO)[C@@H](O)[C@H]3O)c2[nH]1,O=c1[nH]c(=O)c2ncn([C@@H]3O[C@H](CO)C4(OP(=O)(O)O4)[C@H]3O)c2[nH]1,3,0.5789,
O=c1[nH]c(=O)c2ncn([C@@H]3O[C@H](CO)[C@@H](O)[C@H]3O)c2[nH]1,O=c1[nH]c(=O)c2nc3n(c2[nH]1)[C@@H]1O[C@H](CO)[C@@H](O3)[C@H]1OP(=O)(O)O,3,0.4286,
O=c1[nH]c(=O)c2ncn([C@@H]3O[C@H](CO)[C@@H](O)[C@H]3O)c2[nH]1,O=C[C@H]1O[C@@H](n2cnc3c(=O)[nH]c(=O)[nH]c32)[C@H](O)[C@@H]1OP(=O)(O)O,2,0.5517,
O=c1[nH]c(=O)c2ncn([C@@H]3O[C@H](CO)[C@@H](O)[C@H]3O)c2[nH]1,O=c1[nH]c(=O)c2ncn([C@@H]3O[C@]4(CO)OP(=O)(O)O[C@@H]3[C@@H]4O)c2[nH]1,3,0.5167,
O=c1[nH]c(=O)c2ncn([C@@H]3O[C@H](CO)[C@@H](O)[C@H]3O)c2[nH]1,O=c1[nH]c(=O)c2ncn([C@@H]3O[C@H](COP(=O)(O)O)[C@H]4O[C@]43O)c2[nH]1,3,0.4603,
O=c1[nH]c(=O)c2ncn([C@@H]3O[C@H](CO)[C@@H](O)[C@H]3O)c2[nH]1,O=c1[nH]c(=O)c2ncn([C@@H]3O[C@]4(CO)O[C@@H]3[C@@H]4OP(=O)(O)O)c2[nH]1,3,0.4918,
O=c1[nH]c(=O)c2ncn([C@@H]3O[C@H](CO)[C@@H](O)[C@H]3O)c2[nH]1,O=c1[nH]c(=O)c2ncn([C@@H]3O[C@H](CO)[C@@H](O)C34OP(=O)(O)O4)c2[nH]1,3,0.5893,
O=c1[nH]c(=O)c2ncn([C@@H]3O[C@H](CO)[C@@H](O)[C@H]3O)c2[nH]1,O=C[C@]1(n2cnc3c(=O)[nH]c(=O)[nH]c32)OC[C@@H](O)[C@H]1OP(=O)(O)O,3,0.3478,
O=c1[nH]c(=O)c2ncn([C@@H]3O[C@H](CO)[C@@H](O)[C@H]3O)c2[nH]1,O=C[C@]1(n2cnc3c(=O)[nH]c(=O)[nH]c32)OC[C@@H](OP(=O)(O)O)[C@H]1O,3,0.3529,
O=c1[nH]c(=O)c2ncn([C@@H]3O[C@H](CO)[C@@H](O)[C@H]3O)c2[nH]1,O=c1[nH]c(=O)c2ncn([C@@H]3O[C@H](CO)[C@@]4(O)OP(=O)(O)O[C@@H]34)c2[nH]1,3,0.5246,
O=c1[nH]c(=O)c2ncn([C@@H]3O[C@H](CO)[C@@H](O)[C@H]3O)c2[nH]1,O=c1[nH]c(=O)c2ncn([C@@H]3O[C@]4(CO)OP(=O)(O)O[C@H]4[C@H]3O)c2[nH]1,3,0.5333,
O=c1[nH]c(=O)c2ncn([C@@H]3O[C@H](CO)[C@@H](O)[C@H]3O)c2[nH]1,O=c1[nH]c(=O)c2ncn([C@]34O[C@@H]([C@H]3OP(=O)(O)O)[C@@H](CO)O4)c2[nH]1,3,0.4375,
O=c1[nH]c(=O)c2ncn([C@@H]3O[C@H](CO)[C@@H](O)[C@H]3O)c2[nH]1,O=c1[nH]c(=O)c2nc3n(c2[nH]1)[C@@H]1O[C@H](CO)[C@@H](OP(=O)(O)O)[C@H]1O3,3,0.4062,
O=c1[nH]c(=O)c2ncn([C@@H]3O[C@H](CO)[C@@H](O)[C@H]3O)c2[nH]1,O=c1[nH]c(=O)c2ncn([C@@H]3O[C@]4(COP(=O)(O)O)O[C@@H]3[C@@H]4O)c2[nH]1,3,0.5,
O=c1[nH]c(=O)c2ncn([C@@H]3O[C@H](CO)[C@@H](O)[C@H]3O)c2[nH]1,O=c1[nH]c(=O)c2ncn([C@]34O[C@@H]3[C@H](OP(=O)(O)O)[C@@H](CO)O4)c2[nH]1,3,0.4375,
O=c1[nH]c(=O)c2ncn([C@@H]3O[C@H](CO)[C@@H](O)[C@H]3O)c2[nH]1,O=c1[nH]c(=O)c2ncn([C@]34O[C@@H]([C@H]3O)[C@@H](COP(=O)(O)O)O4)c2[nH]1,3,0.4,
O=c1[nH]c(=O)c2ncn([C@@H]3O[C@H](CO)[C@@H](O)[C@H]3O)c2[nH]1,O=c1[nH]c(=O)c2ncn([C@@H]3O[C@]4(COP(=O)(O)O)O[C@H]4[C@H]3O)c2[nH]1,3,0.5254,
O=c1[nH]c(=O)c2ncn([C@@H]3O[C@H](CO)[C@@H](O)[C@H]3O)c2[nH]1,C[n+]1cn([C@@H]2O[C@@H]3COP(=O)(O)O[C@@H]2[C@@H]3O)c2[nH]c(=O)[nH]c(=O)c21,3,0.2917,
O=c1[nH]c(=O)c2ncn([C@@H]3O[C@H](CO)[C@@H](O)[C@H]3O)c2[nH]1,C[n+]1cn([C@@H]2O[C@H](CO)[C@H]3OP(=O)(O)O[C@H]32)c2[nH]c(=O)[nH]c(=O)c21,3,0.3846,
O=c1[nH]c(=O)c2ncn([C@@H]3O[C@H](CO)[C@@H](O)[C@H]3O)c2[nH]1,C[n+]1cn([C@@H]2O[C@@H]3COP(=O)(O)O[C@H]3[C@H]2O)c2[nH]c(=O)[nH]c(=O)c21,3,0.3099,
O=c1[nH]c(=O)c2ncn([C@@H]3O[C@H](CO)[C@@H](O)[C@H]3O)c2[nH]1,O=C(CCl)O[C@H]1[C@@H](O)[C@H](n2cnc3c(=O)[nH]c(=O)[nH]c32)O[C@@H]1CO,3,0.6909,
O=c1[nH]c(=O)c2ncn([C@@H]3O[C@H](CO)[C@@H](O)[C@H]3O)c2[nH]1,O=C(CCl)O[C@@H]1[C@H](O)[C@@H](CO)O[C@H]1n1cnc2c(=O)[nH]c(=O)[nH]c21,3,0.6909,
O=c1[nH]c(=O)c2ncn([C@@H]3O[C@H](CO)[C@@H](O)[C@H]3O)c2[nH]1,O=C(CCl)OC[C@H]1O[C@@H](n2cnc3c(=O)[nH]c(=O)[nH]c32)[C@H](O)[C@@H]1O,3,0.6852,
O=c1[nH]c(=O)c2ncn([C@@H]3O[C@H](CO)[C@@H](O)[C@H]3O)c2[nH]1,CO[C@@H]1[C@@H]2OP(=O)(O)OC[C@H]2O[C@H]1n1cnc2c(=O)[nH]c(=O)[nH]c21,3,0.4394,
O=c1[nH]c(=O)c2ncn([C@@H]3O[C@H](CO)[C@@H](O)[C@H]3O)c2[nH]1,COC[C@H]1O[C@@H](n2cnc3c(=O)[nH]c(=O)[nH]c32)[C@@H]2OP(=O)(O)O[C@@H]21,3,0.5333,
O=c1[nH]c(=O)c2ncn([C@@H]3O[C@H](CO)[C@@H](O)[C@H]3O)c2[nH]1,CO[C@H]1[C@H]2OP(=O)(O)OC[C@H]1O[C@H]2n1cnc2c(=O)[nH]c(=O)[nH]c21,3,0.4394,
O=c1[nH]c(=O)c2ncn([C@@H]3O[C@H](CO)[C@@H](O)[C@H]3O)c2[nH]1,O=C(O)[C@H]1O[C@@H](n2cnc3c(=O)[nH]c(=O)[nH]c32)[C@@H]2OP(=O)(O)O[C@@H]21,3,0.4915,
O=c1[nH]c(=O)c2ncn([C@@H]3O[C@H](CO)[C@@H](O)[C@H]3O)c2[nH]1,CC(=O)O[C@H]1[C@@H](O)[C@H](n2cnc3c(=O)[nH]c(=O)[nH]c32)O[C@@H]1C(C)Cl,3,0.5246,
O=c1[nH]c(=O)c2ncn([C@@H]3O[C@H](CO)[C@@H](O)[C@H]3O)c2[nH]1,CC(=O)O[C@@H]1[C@H](O)[C@@H](C(C)Cl)O[C@H]1n1cnc2c(=O)[nH]c(=O)[nH]c21,3,0.5,
O=c1[nH]c(=O)c2ncn([C@@H]3O[C@H](CO)[C@@H](O)[C@H]3O)c2[nH]1,COC(CO)O[C@@H]1[C@H](O)[C@@H](CO)O[C@H]1n1cnc2c(=O)[nH]c(=O)[nH]c21,3,0.6667,
O=c1[nH]c(=O)c2ncn([C@@H]3O[C@H](CO)[C@@H](O)[C@H]3O)c2[nH]1,CO[C@H]1[C@@H](OC(O)CO)[C@H](n2cnc3c(=O)[nH]c(=O)[nH]c32)O[C@@H]1CO,3,0.5932,
O=c1[nH]c(=O)c2ncn([C@@H]3O[C@H](CO)[C@@H](O)[C@H]3O)c2[nH]1,COC(CO)OC[C@H]1O[C@@H](n2cnc3c(=O)[nH]c(=O)[nH]c32)[C@H](O)[C@@H]1O,3,0.6786,
O=c1[nH]c(=O)c2ncn([C@@H]3O[C@H](CO)[C@@H](O)[C@H]3O)c2[nH]1,COCC(O)O[C@@H]1[C@H](O)[C@@H](CO)O[C@H]1n1cnc2c(=O)[nH]c(=O)[nH]c21,3,0.6552,
O=c1[nH]c(=O)c2ncn([C@@H]3O[C@H](CO)[C@@H](O)[C@H]3O)c2[nH]1,COC(CO)O[C@H]1[C@@H](O)[C@H](n2cnc3c(=O)[nH]c(=O)[nH]c32)O[C@@H]1CO,3,0.6667,
O=c1[nH]c(=O)c2ncn([C@@H]3O[C@H](CO)[C@@H](O)[C@H]3O)c2[nH]1,COC[C@H]1O[C@@H](n2cnc3c(=O)[nH]c(=O)[nH]c32)[C@H](O)[C@@H]1OC(O)CO,3,0.6,
O=c1[nH]c(=O)c2ncn([C@@H]3O[C@H](CO)[C@@H](O)[C@H]3O)c2[nH]1,COCC(O)OC[C@H]1O[C@@H](n2cnc3c(=O)[nH]c(=O)[nH]c32)[C@H](O)[C@@H]1O,3,0.6491,
O=c1[nH]c(=O)c2ncn([C@@H]3O[C@H](CO)[C@@H](O)[C@H]3O)c2[nH]1,COC[C@H]1O[C@@H](n2cnc3c(=O)[nH]c(=O)[nH]c32)[C@H](OC(O)CO)[C@@H]1O,3,0.5738,
O=c1[nH]c(=O)c2ncn([C@@H]3O[C@H](CO)[C@@H](O)[C@H]3O)c2[nH]1,CO[C@@H]1[C@H](O)[C@@H](COC(O)CO)O[C@H]1n1cnc2c(=O)[nH]c(=O)[nH]c21,3,0.5738,
O=c1[nH]c(=O)c2ncn([C@@H]3O[C@H](CO)[C@@H](O)[C@H]3O)c2[nH]1,CO[C@H]1[C@@H](O)[C@H](n2cnc3c(=O)[nH]c(=O)[nH]c32)O[C@@H]1COC(O)CO,3,0.6,
O=c1[nH]c(=O)c2ncn([C@@H]3O[C@H](CO)[C@@H](O)[C@H]3O)c2[nH]1,CO[C@@H]1[C@H](OC(O)CO)[C@@H](CO)O[C@H]1n1cnc2c(=O)[nH]c(=O)[nH]c21,3,0.5932,
O=c1[nH]c(=O)c2ncn([C@@H]3O[C@H](CO)[C@@H](O)[C@H]3O)c2[nH]1,COCC(O)O[C@H]1[C@@H](O)[C@H](n2cnc3c(=O)[nH]c(=O)[nH]c32)O[C@@H]1CO,3,0.6552,
O=c1[nH]c(=O)c2ncn([C@@H]3O[C@H](CO)[C@@H](O)[C@H]3O)c2[nH]1,COC(=O)O[C@@H]1[C@H](O)[C@@H](CO)O[C@H]1n1c[n+](C)c2c(=O)[nH]c(=O)[nH]c21,3,0.4242,
O=c1[nH]c(=O)c2ncn([C@@H]3O[C@H](CO)[C@@H](O)[C@H]3O)c2[nH]1,C[n+]1cn([C@@H]2O[C@H](CO)[C@@H](OC(=O)CO)[C@H]2O)c2[nH]c(=O)[nH]c(=O)c21,3,0.4308,
O=c1[nH]c(=O)c2ncn([C@@H]3O[C@H](CO)[C@@H](O)[C@H]3O)c2[nH]1,C[n+]1cn([C@@H]2O[C@H](CO)[C@@H](O)[C@H]2OC(=O)CO)c2[nH]c(=O)[nH]c(=O)c21,3,0.4308,
O=c1[nH]c(=O)c2ncn([C@@H]3O[C@H](CO)[C@@H](O)[C@H]3O)c2[nH]1,COC(=O)O[C@H]1[C@@H](O)[C@H](n2c[n+](C)c3c(=O)[nH]c(=O)[nH]c32)O[C@@H]1CO,3,0.4242,
O=c1[nH]c(=O)c2ncn([C@@H]3O[C@H](CO)[C@@H](O)[C@H]3O)c2[nH]1,COC(=O)OC[C@H]1O[C@@H](n2c[n+](C)c3c(=O)[nH]c(=O)[nH]c32)[C@H](O)[C@@H]1O,3,0.4154,
O=c1[nH]c(=O)c2ncn([C@@H]3O[C@H](CO)[C@@H](O)[C@H]3O)c2[nH]1,C[n+]1cn([C@@H]2O[C@H](COC(=O)CO)[C@@H](O)[C@H]2O)c2[nH]c(=O)[nH]c(=O)c21,3,0.4375,
O=c1[nH]c(=O)c2ncn([C@@H]3O[C@H](CO)[C@@H](O)[C@H]3O)c2[nH]1,CC(O)[C@H]1O[C@@H](n2cnc3c(=O)[nH]c(=O)[nH]c32)[C@H](OC(C)(C)O)[C@@H]1O,3,0.5,
O=c1[nH]c(=O)c2ncn([C@@H]3O[C@H](CO)[C@@H](O)[C@H]3O)c2[nH]1,CC(O)[C@H]1O[C@@H](n2cnc3c(=O)[nH]c(=O)[nH]c32)[C@H](O)[C@@H]1OC(C)(C)O,3,0.5246,
O=c1[nH]c(=O)c2ncn([C@@H]3O[C@H](CO)[C@@H](O)[C@H]3O)c2[nH]1,CC(O)C(=O)O[C@H]1[C@@H](O)[C@H](n2cnc3c(=O)[nH]c(=O)[nH]c32)O[C@@H]1CO,3,0.6667,
O=c1[nH]c(=O)c2ncn([C@@H]3O[C@H](CO)[C@@H](O)[C@H]3O)c2[nH]1,O=C(O)CCO[C@H]1[C@@H](O)[C@H](n2cnc3c(=O)[nH]c(=O)[nH]c32)O[C@@H]1CO,3,0.6909,
O=c1[nH]c(=O)c2ncn([C@@H]3O[C@H](CO)[C@@H](O)[C@H]3O)c2[nH]1,COC(=O)OC[C@H]1O[C@@H](n2cnc3c(=O)[nH]c(=O)[nH]c32)[C@H](O)[C@@]1(C)O,3,0.4921,
O=c1[nH]c(=O)c2ncn([C@@H]3O[C@H](CO)[C@@H](O)[C@H]3O)c2[nH]1,Cc1nc2c(=O)[nH]c(=O)[nH]c2n1[C@@H]1O[C@H](CO)[C@@H](O)[C@H]1OC(=O)CO,3,0.4603,
O=c1[nH]c(=O)c2ncn([C@@H]3O[C@H](CO)[C@@H](O)[C@H]3O)c2[nH]1,CC(O)[C@H]1O[C@@H](n2cnc3c(=O)[nH]c(=O)[nH]c32)[C@H](O)[C@@H]1OC(=O)CO,3,0.5574,
O=c1[nH]c(=O)c2ncn([C@@H]3O[C@H](CO)[C@@H](O)[C@H]3O)c2[nH]1,COC(=O)OC[C@]1(C)O[C@@H](n2cnc3c(=O)[nH]c(=O)[nH]c32)[C@H](O)[C@@H]1O,3,0.5,
O=c1[nH]c(=O)c2ncn([C@@H]3O[C@H](CO)[C@@H](O)[C@H]3O)c2[nH]1,COC(=O)O[C@@H]1[C@H](O)[C@@H](CO)O[C@]1(C)n1cnc2c(=O)[nH]c(=O)[nH]c21,3,0.4615,
O=c1[nH]c(=O)c2ncn([C@@H]3O[C@H](CO)[C@@H](O)[C@H]3O)c2[nH]1,COC(=O)O[C@@H]1[C@H](OC)[C@@H](CO)O[C@H]1n1cnc2c(=O)[nH]c(=O)[nH]c21,3,0.6034,
O=c1[nH]c(=O)c2ncn([C@@H]3O[C@H](CO)[C@@H](O)[C@H]3O)c2[nH]1,Cc1nc2c(=O)[nH]c(=O)[nH]c2n1[C@@H]1O[C@H](CO)[C@@H](OC(=O)CO)[C@H]1O,3,0.4375,
O=c1[nH]c(=O)c2ncn([C@@H]3O[C@H](CO)[C@@H](O)[C@H]3O)c2[nH]1,O=C(CCO)OC[C@H]1O[C@@H](n2cnc3c(=O)[nH]c(=O)[nH]c32)[C@H](O)[C@@H]1O,3,0.7037,
O=c1[nH]c(=O)c2ncn([C@@H]3O[C@H](CO)[C@@H](O)[C@H]3O)c2[nH]1,COC[C@H]1O[C@@H](n2cnc3c(=O)[nH]c(=O)[nH]c32)[C@H](OC(=O)CO)[C@@H]1O,3,0.5833,
O=c1[nH]c(=O)c2ncn([C@@H]3O[C@H](CO)[C@@H](O)[C@H]3O)c2[nH]1,COC(=O)O[C@@H]1[C@H](O)[C@@H](CO)O[C@H]1n1c(C)nc2c(=O)[nH]c(=O)[nH]c21,3,0.4531,
O=c1[nH]c(=O)c2ncn([C@@H]3O[C@H](CO)[C@@H](O)[C@H]3O)c2[nH]1,CO[C@@H]1[C@H](OC(=O)CO)[C@@H](CO)O[C@H]1n1cnc2c(=O)[nH]c(=O)[nH]c21,3,0.6034,
O=c1[nH]c(=O)c2ncn([C@@H]3O[C@H](CO)[C@@H](O)[C@H]3O)c2[nH]1,COC(=O)O[C@@H]1[C@@H](CO)O[C@@H](n2cnc3c(=O)[nH]c(=O)[nH]c32)[C@@]1(C)O,3,0.5161,
O=c1[nH]c(=O)c2ncn([C@@H]3O[C@H](CO)[C@@H](O)[C@H]3O)c2[nH]1,CC(O)C(=O)OC[C@H]1O[C@@H](n2cnc3c(=O)[nH]c(=O)[nH]c32)[C@H](O)[C@@H]1O,3,0.6727,
O=c1[nH]c(=O)c2ncn([C@@H]3O[C@H](CO)[C@@H](O)[C@H]3O)c2[nH]1,COC(=O)O[C@@]1(C)[C@H](O)[C@@H](CO)O[C@H]1n1cnc2c(=O)[nH]c(=O)[nH]c21,3,0.55,
O=c1[nH]c(=O)c2ncn([C@@H]3O[C@H](CO)[C@@H](O)[C@H]3O)c2[nH]1,CC(OC(=O)CO)[C@H]1O[C@@H](n2cnc3c(=O)[nH]c(=O)[nH]c32)[C@H](O)[C@@H]1O,3,0.6034,
O=c1[nH]c(=O)c2ncn([C@@H]3O[C@H](CO)[C@@H](O)[C@H]3O)c2[nH]1,CC(=O)O[C@@H]1[C@H](O)[C@@H](C(O)CO)O[C@H]1n1cnc2c(=O)[nH]c(=O)[nH]c21,3,0.5323,
O=c1[nH]c(=O)c2ncn([C@@H]3O[C@H](CO)[C@@H](O)[C@H]3O)c2[nH]1,C[C@@]1(COC(=O)CO)O[C@@H](n2cnc3c(=O)[nH]c(=O)[nH]c32)[C@H](O)[C@@H]1O,3,0.5246,
O=c1[nH]c(=O)c2ncn([C@@H]3O[C@H](CO)[C@@H](O)[C@H]3O)c2[nH]1,C[C@]1(OC(=O)CO)[C@H](O)[C@@H](CO)O[C@H]1n1cnc2c(=O)[nH]c(=O)[nH]c21,3,0.569,
O=c1[nH]c(=O)c2ncn([C@@H]3O[C@H](CO)[C@@H](O)[C@H]3O)c2[nH]1,COC(=O)OC(C)[C@H]1O[C@@H](n2cnc3c(=O)[nH]c(=O)[nH]c32)[C@H](O)[C@@H]1O,3,0.569,
O=c1[nH]c(=O)c2ncn([C@@H]3O[C@H](CO)[C@@H](O)[C@H]3O)c2[nH]1,COC(=O)O[C@H]1[C@@H](OC)[C@H](n2cnc3c(=O)[nH]c(=O)[nH]c32)O[C@@H]1CO,3,0.6034,
O=c1[nH]c(=O)c2ncn([C@@H]3O[C@H](CO)[C@@H](O)[C@H]3O)c2[nH]1,COC(=O)OC[C@H]1O[C@@H](n2cnc3c(=O)[nH]c(=O)[nH]c32)[C@@](C)(O)[C@@H]1O,3,0.4762,
O=c1[nH]c(=O)c2ncn([C@@H]3O[C@H](CO)[C@@H](O)[C@H]3O)c2[nH]1,CC(O)C(=O)O[C@@H]1[C@H](O)[C@@H](CO)O[C@H]1n1cnc2c(=O)[nH]c(=O)[nH]c21,3,0.6667,
O=c1[nH]c(=O)c2ncn([C@@H]3O[C@H](CO)[C@@H](O)[C@H]3O)c2[nH]1,C[C@@]1(CO)O[C@@H](n2cnc3c(=O)[nH]c(=O)[nH]c32)[C@H](OC(=O)CO)[C@@H]1O,3,0.5,
O=c1[nH]c(=O)c2ncn([C@@H]3O[C@H](CO)[C@@H](O)[C@H]3O)c2[nH]1,CC(=O)OC(C)(O)[C@H]1O[C@@H](n2cnc3c(=O)[nH]c(=O)[nH]c32)[C@H](O)[C@@H]1O,3,0.5965,
O=c1[nH]c(=O)c2ncn([C@@H]3O[C@H](CO)[C@@H](O)[C@H]3O)c2[nH]1,COC(=O)O[C@H]1[C@@H](O)[C@H](n2c(C)nc3c(=O)[nH]c(=O)[nH]c32)O[C@@H]1CO,3,0.4308,
O=c1[nH]c(=O)c2ncn([C@@H]3O[C@H](CO)[C@@H](O)[C@H]3O)c2[nH]1,COCC(=O)OC[C@H]1O[C@@H](n2cnc3c(=O)[nH]c(=O)[nH]c32)[C@H](O)[C@@H]1O,3,0.6727,
O=c1[nH]c(=O)c2ncn([C@@H]3O[C@H](CO)[C@@H](O)[C@H]3O)c2[nH]1,COC(=O)O[C@H]1[C@@H](O)[C@@](C)(n2cnc3c(=O)[nH]c(=O)[nH]c32)O[C@@H]1CO,3,0.4462,
O=c1[nH]c(=O)c2ncn([C@@H]3O[C@H](CO)[C@@H](O)[C@H]3O)c2[nH]1,O=C(O)CCOC[C@H]1O[C@@H](n2cnc3c(=O)[nH]c(=O)[nH]c32)[C@H](O)[C@@H]1O,3,0.6727,
O=c1[nH]c(=O)c2ncn([C@@H]3O[C@H](CO)[C@@H](O)[C@H]3O)c2[nH]1,COC(=O)O[C@@]1(C)[C@@H](CO)O[C@@H](n2cnc3c(=O)[nH]c(=O)[nH]c32)[C@@H]1O,3,0.5667,
O=c1[nH]c(=O)c2ncn([C@@H]3O[C@H](CO)[C@@H](O)[C@H]3O)c2[nH]1,Cc1nc2c(=O)[nH]c(=O)[nH]c2n1[C@@H]1O[C@H](COC(=O)CO)[C@@H](O)[C@H]1O,3,0.4444,
O=c1[nH]c(=O)c2ncn([C@@H]3O[C@H](CO)[C@@H](O)[C@H]3O)c2[nH]1,COC(=O)O[C@H]1[C@@H](O)[C@H](n2cnc3c(=O)[nH]c(=O)[nH]c32)O[C@@]1(C)CO,3,0.5079,
O=c1[nH]c(=O)c2ncn([C@@H]3O[C@H](CO)[C@@H](O)[C@H]3O)c2[nH]1,C[C@]1(n2cnc3c(=O)[nH]c(=O)[nH]c32)O[C@H](CO)[C@@H](OC(=O)CO)[C@H]1O,3,0.4531,
O=c1[nH]c(=O)c2ncn([C@@H]3O[C@H](CO)[C@@H](O)[C@H]3O)c2[nH]1,COC(=O)OC[C@H]1O[C@@H](n2cnc3c(=O)[nH]c(=O)[nH]c32)[C@H](O)[C@@H]1OC,3,0.5932,
O=c1[nH]c(=O)c2ncn([C@@H]3O[C@H](CO)[C@@H](O)[C@H]3O)c2[nH]1,CO[C@@H]1[C@H](O)[C@@H](COC(=O)CO)O[C@H]1n1cnc2c(=O)[nH]c(=O)[nH]c21,3,0.5833,
O=c1[nH]c(=O)c2ncn([C@@H]3O[C@H](CO)[C@@H](O)[C@H]3O)c2[nH]1,COC(=O)O[C@H]1[C@@H](O)[C@H](n2cnc3c(=O)[nH]c(=O)[nH]c32)O[C@@H]1C(C)O,3,0.5246,
O=c1[nH]c(=O)c2ncn([C@@H]3O[C@H](CO)[C@@H](O)[C@H]3O)c2[nH]1,COC(=O)OC[C@H]1O[C@](C)(n2cnc3c(=O)[nH]c(=O)[nH]c32)[C@H](O)[C@@H]1O,3,0.4091,
O=c1[nH]c(=O)c2ncn([C@@H]3O[C@H](CO)[C@@H](O)[C@H]3O)c2[nH]1,C[C@]1(n2cnc3c(=O)[nH]c(=O)[nH]c32)O[C@H](COC(=O)CO)[C@@H](O)[C@H]1O,3,0.4375,
O=c1[nH]c(=O)c2ncn([C@@H]3O[C@H](CO)[C@@H](O)[C@H]3O)c2[nH]1,CO[C@H]1[C@@H](O)[C@H](n2cnc3c(=O)[nH]c(=O)[nH]c32)O[C@@H]1COC(=O)CO,3,0.6102,
O=c1[nH]c(=O)c2ncn([C@@H]3O[C@H](CO)[C@@H](O)[C@H]3O)c2[nH]1,CC(=O)OC(CO)[C@H]1O[C@@H](n2cnc3c(=O)[nH]c(=O)[nH]c32)[C@H](O)[C@@H]1O,3,0.6034,
O=c1[nH]c(=O)c2ncn([C@@H]3O[C@H](CO)[C@@H](O)[C@H]3O)c2[nH]1,COCC(=O)O[C@@H]1[C@H](O)[C@@H](CO)O[C@H]1n1cnc2c(=O)[nH]c(=O)[nH]c21,3,0.6786,
O=c1[nH]c(=O)c2ncn([C@@H]3O[C@H](CO)[C@@H](O)[C@H]3O)c2[nH]1,CCOC(=O)O[C@H]1[C@@H](O)[C@H](n2cnc3c(=O)[nH]c(=O)[nH]c32)O[C@@H]1CO,3,0.6667,
O=c1[nH]c(=O)c2ncn([C@@H]3O[C@H](CO)[C@@H](O)[C@H]3O)c2[nH]1,CO[C@H]1[C@@H](OC(=O)CO)[C@H](n2cnc3c(=O)[nH]c(=O)[nH]c32)O[C@@H]1CO,3,0.6034,
O=c1[nH]c(=O)c2ncn([C@@H]3O[C@H](CO)[C@@H](O)[C@H]3O)c2[nH]1,COC[C@H]1O[C@@H](n2cnc3c(=O)[nH]c(=O)[nH]c32)[C@H](O)[C@@H]1OC(=O)CO,3,0.6102,
O=c1[nH]c(=O)c2ncn([C@@H]3O[C@H](CO)[C@@H](O)[C@H]3O)c2[nH]1,C[C@]1(n2cnc3c(=O)[nH]c(=O)[nH]c32)O[C@H](CO)[C@@H](O)[C@H]1OC(=O)CO,3,0.4688,
O=c1[nH]c(=O)c2ncn([C@@H]3O[C@H](CO)[C@@H](O)[C@H]3O)c2[nH]1,CC(O[C@H]1[C@@H](O)[C@H](n2cnc3c(=O)[nH]c(=O)[nH]c32)O[C@@H]1CO)C(=O)O,3,0.6964,
O=c1[nH]c(=O)c2ncn([C@@H]3O[C@H](CO)[C@@H](O)[C@H]3O)c2[nH]1,COC(=O)O[C@H]1[C@H](n2cnc3c(=O)[nH]c(=O)[nH]c32)O[C@@](C)(CO)[C@H]1O,3,0.4921,
O=c1[nH]c(=O)c2ncn([C@@H]3O[C@H](CO)[C@@H](O)[C@H]3O)c2[nH]1,C[C@]1(O)[C@H](OC(=O)CO)[C@@H](CO)O[C@H]1n1cnc2c(=O)[nH]c(=O)[nH]c21,3,0.5246,
O=c1[nH]c(=O)c2ncn([C@@H]3O[C@H](CO)[C@@H](O)[C@H]3O)c2[nH]1,O=C(CCO)O[C@@H]1[C@H](O)[C@@H](CO)O[C@H]1n1cnc2c(=O)[nH]c(=O)[nH]c21,3,0.7037,
O=c1[nH]c(=O)c2ncn([C@@H]3O[C@H](CO)[C@@H](O)[C@H]3O)c2[nH]1,COCC(=O)O[C@H]1[C@@H](O)[C@H](n2cnc3c(=O)[nH]c(=O)[nH]c32)O[C@@H]1CO,3,0.6786,
O=c1[nH]c(=O)c2ncn([C@@H]3O[C@H](CO)[C@@H](O)[C@H]3O)c2[nH]1,CC(O)[C@H]1O[C@@H](n2cnc3c(=O)[nH]c(=O)[nH]c32)[C@H](OC(=O)CO)[C@@H]1O,3,0.5323,
O=c1[nH]c(=O)c2ncn([C@@H]3O[C@H](CO)[C@@H](O)[C@H]3O)c2[nH]1,C[C@]1(OC(=O)CO)[C@@H](CO)O[C@@H](n2cnc3c(=O)[nH]c(=O)[nH]c32)[C@@H]1O,3,0.5862,
O=c1[nH]c(=O)c2ncn([C@@H]3O[C@H](CO)[C@@H](O)[C@H]3O)c2[nH]1,CCOC(=O)O[C@@H]1[C@H](O)[C@@H](CO)O[C@H]1n1cnc2c(=O)[nH]c(=O)[nH]c21,3,0.6667,
O=c1[nH]c(=O)c2ncn([C@@H]3O[C@H](CO)[C@@H](O)[C@H]3O)c2[nH]1,COC[C@H]1O[C@@H](n2cnc3c(=O)[nH]c(=O)[nH]c32)[C@H](O)[C@@H]1OC(=O)OC,3,0.5932,
O=c1[nH]c(=O)c2ncn([C@@H]3O[C@H](CO)[C@@H](O)[C@H]3O)c2[nH]1,CC(=O)O[C@H]1[C@@H](O)[C@H](n2cnc3c(=O)[nH]c(=O)[nH]c32)O[C@@H]1C(C)(O)O,3,0.5333,
O=c1[nH]c(=O)c2ncn([C@@H]3O[C@H](CO)[C@@H](O)[C@H]3O)c2[nH]1,CC(O[C@@H]1[C@H](O)[C@@H](CO)O[C@H]1n1cnc2c(=O)[nH]c(=O)[nH]c21)C(=O)O,3,0.6964,
O=c1[nH]c(=O)c2ncn([C@@H]3O[C@H](CO)[C@@H](O)[C@H]3O)c2[nH]1,C[C@]1(O)[C@@H](CO)O[C@@H](n2cnc3c(=O)[nH]c(=O)[nH]c32)[C@@H]1OC(=O)CO,3,0.5161,
O=c1[nH]c(=O)c2ncn([C@@H]3O[C@H](CO)[C@@H](O)[C@H]3O)c2[nH]1,COC(=O)OC[C@H]1O[C@@H](n2cnc3c(=O)[nH]c(=O)[nH]c32)[C@H](OC)[C@@H]1O,3,0.5667,
O=c1[nH]c(=O)c2ncn([C@@H]3O[C@H](CO)[C@@H](O)[C@H]3O)c2[nH]1,C[C@@]1(CO)O[C@@H](n2cnc3c(=O)[nH]c(=O)[nH]c32)[C@H](O)[C@@H]1OC(=O)CO,3,0.5161,
O=c1[nH]c(=O)c2ncn([C@@H]3O[C@H](CO)[C@@H](O)[C@H]3O)c2[nH]1,CC(OC[C@H]1O[C@@H](n2cnc3c(=O)[nH]c(=O)[nH]c32)[C@H](O)[C@@H]1O)C(=O)O,3,0.6727,
O=c1[nH]c(=O)c2ncn([C@@H]3O[C@H](CO)[C@@H](O)[C@H]3O)c2[nH]1,COC(=O)OC[C@H]1O[C@@H](n2c(C)nc3c(=O)[nH]c(=O)[nH]c32)[C@H](O)[C@@H]1O,3,0.4219,
O=c1[nH]c(=O)c2ncn([C@@H]3O[C@H](CO)[C@@H](O)[C@H]3O)c2[nH]1,CCOC(=O)OC[C@H]1O[C@@H](n2cnc3c(=O)[nH]c(=O)[nH]c32)[C@H](O)[C@@H]1O,3,0.6727,
O=c1[nH]c(=O)c2ncn([C@@H]3O[C@H](CO)[C@@H](O)[C@H]3O)c2[nH]1,O=C(O)CCO[C@@H]1[C@H](O)[C@@H](CO)O[C@H]1n1cnc2c(=O)[nH]c(=O)[nH]c21,3,0.6909,
O=c1[nH]c(=O)c2ncn([C@@H]3O[C@H](CO)[C@@H](O)[C@H]3O)c2[nH]1,CC(=O)O[C@@H]1[C@H](O)[C@@H](C(C)(O)O)O[C@H]1n1cnc2c(=O)[nH]c(=O)[nH]c21,3,0.5082,
O=c1[nH]c(=O)c2ncn([C@@H]3O[C@H](CO)[C@@H](O)[C@H]3O)c2[nH]1,C[C@]1(O)[C@@H](COC(=O)CO)O[C@@H](n2cnc3c(=O)[nH]c(=O)[nH]c32)[C@@H]1O,3,0.5161,
O=c1[nH]c(=O)c2ncn([C@@H]3O[C@H](CO)[C@@H](O)[C@H]3O)c2[nH]1,COC(=O)O[C@@H]1[C@H](O)[C@@H](C(C)O)O[C@H]1n1cnc2c(=O)[nH]c(=O)[nH]c21,3,0.5,
O=c1[nH]c(=O)c2ncn([C@@H]3O[C@H](CO)[C@@H](O)[C@H]3O)c2[nH]1,CC(=O)O[C@H]1[C@@H](O)[C@H](n2cnc3c(=O)[nH]c(=O)[nH]c32)O[C@@H]1C(O)CO,3,0.5574,
O=c1[nH]c(=O)c2ncn([C@@H]3O[C@H](CO)[C@@H](O)[C@H]3O)c2[nH]1,COC[C@H]1O[C@@H](n2cnc3c(=O)[nH]c(=O)[nH]c32)[C@H](OC(=O)OC)[C@@H]1O,3,0.5667,
O=c1[nH]c(=O)c2ncn([C@@H]3O[C@H](CO)[C@@H](O)[C@H]3O)c2[nH]1,O=C(CCO)O[C@H]1[C@@H](O)[C@H](n2cnc3c(=O)[nH]c(=O)[nH]c32)O[C@@H]1CO,3,0.7037,
O=c1[nH]c(=O)c2ncn([C@@H]3O[C@H](CO)[C@@H](O)[C@H]3O)c2[nH]1,C[C@]1(O)[C@H](O)[C@@H](COC(=O)CO)O[C@H]1n1cnc2c(=O)[nH]c(=O)[nH]c21,3,0.5,
O=c1[nH]c(=O)c2ncn([C@@H]3O[C@H](CO)[C@@H](O)[C@H]3O)c2[nH]1,COC(=O)O[C@H]1[C@H](n2cnc3c(=O)[nH]c(=O)[nH]c32)O[C@H](CO)[C@]1(C)O,3,0.5079,
O=c1[nH]c(=O)c2ncn([C@@H]3O[C@H](CO)[C@@H](O)[C@H]3O)c2[nH]1,COC(=O)O[C@H]1[C@@H](O)[C@H](n2cnc3c(=O)[nH]c(=O)[nH]c32)O[C@@H]1C(=O)O,3,0.5333,
O=c1[nH]c(=O)c2ncn([C@@H]3O[C@H](CO)[C@@H](O)[C@H]3O)c2[nH]1,O=C(CO)O[C@@H]1[C@H](O)[C@@H](C(=O)O)O[C@H]1n1cnc2c(=O)[nH]c(=O)[nH]c21,3,0.5593,
O=c1[nH]c(=O)c2ncn([C@@H]3O[C@H](CO)[C@@H](O)[C@H]3O)c2[nH]1,O=C(O)C(=O)O[C@@H]1[C@H](O)[C@@H](CO)O[C@H]1n1cnc2c(=O)[nH]c(=O)[nH]c21,3,0.7037,
O=c1[nH]c(=O)c2ncn([C@@H]3O[C@H](CO)[C@@H](O)[C@H]3O)c2[nH]1,COC(=O)O[C@@H]1[C@H](O)[C@@H](C(=O)O)O[C@H]1n1cnc2c(=O)[nH]c(=O)[nH]c21,3,0.5082,
O=c1[nH]c(=O)c2ncn([C@@H]3O[C@H](CO)[C@@H](O)[C@H]3O)c2[nH]1,O=C(CO)O[C@H]1[C@@H](O)[C@H](n2cnc3c(=O)[nH]c(=O)[nH]c32)O[C@@H]1C(=O)O,3,0.5862,
O=c1[nH]c(=O)c2ncn([C@@H]3O[C@H](CO)[C@@H](O)[C@H]3O)c2[nH]1,O=C(O)C(=O)OC[C@H]1O[C@@H](n2cnc3c(=O)[nH]c(=O)[nH]c32)[C@H](O)[C@@H]1O,3,0.6981,
O=c1[nH]c(=O)c2ncn([C@@H]3O[C@H](CO)[C@@H](O)[C@H]3O)c2[nH]1,O=C(O)C(=O)O[C@H]1[C@@H](O)[C@H](n2cnc3c(=O)[nH]c(=O)[nH]c32)O[C@@H]1CO,3,0.7037,
O=c1[nH]c(=O)c2ncn([C@@H]3O[C@H](CO)[C@@H](O)[C@H]3O)c2[nH]1,CC(=O)O[C@H]1[C@@H](O)[C@@](C)(n2c[n+](C)c3c(=O)[nH]c(=O)[nH]c32)O[C@@H]1CO,3,0.3188,
O=c1[nH]c(=O)c2ncn([C@@H]3O[C@H](CO)[C@@H](O)[C@H]3O)c2[nH]1,CC[n+]1cn([C@@H]2O[C@H](CO)[C@@H](O)[C@H]2OC(C)=O)c2[nH]c(=O)[nH]c(=O)c21,3,0.4242,
O=c1[nH]c(=O)c2ncn([C@@H]3O[C@H](CO)[C@@H](O)[C@H]3O)c2[nH]1,CC[n+]1cn([C@@H]2O[C@H](COC(C)=O)[C@@H](O)[C@H]2O)c2[nH]c(=O)[nH]c(=O)c21,3,0.4154,
O=c1[nH]c(=O)c2ncn([C@@H]3O[C@H](CO)[C@@H](O)[C@H]3O)c2[nH]1,CO[C@@H]1[C@H](OC(C)=O)[C@@H](CO)O[C@H]1n1c[n+](C)c2c(=O)[nH]c(=O)[nH]c21,3,0.3676,
O=c1[nH]c(=O)c2ncn([C@@H]3O[C@H](CO)[C@@H](O)[C@H]3O)c2[nH]1,CC(=O)O[C@@H]1[C@H](O)[C@@H](CO)O[C@H]1n1c[n+](C)c2c(=O)[nH]c(=O)n(C)c21,3,0.3286,
O=c1[nH]c(=O)c2ncn([C@@H]3O[C@H](CO)[C@@H](O)[C@H]3O)c2[nH]1,CC(=O)O[C@@]1(C)[C@H](O)[C@@H](CO)O[C@H]1n1c[n+](C)c2c(=O)[nH]c(=O)[nH]c21,3,0.3731,
O=c1[nH]c(=O)c2ncn([C@@H]3O[C@H](CO)[C@@H](O)[C@H]3O)c2[nH]1,COC[C@H]1O[C@@H](n2c[n+](C)c3c(=O)[nH]c(=O)[nH]c32)[C@H](O)[C@@H]1OC(C)=O,3,0.3623,
O=c1[nH]c(=O)c2ncn([C@@H]3O[C@H](CO)[C@@H](O)[C@H]3O)c2[nH]1,CC(=O)OC[C@H]1O[C@@H](n2c[n+](C)c3c(=O)[nH]c(=O)[nH]c32)[C@H](O)[C@@]1(C)O,3,0.2917,
O=c1[nH]c(=O)c2ncn([C@@H]3O[C@H](CO)[C@@H](O)[C@H]3O)c2[nH]1,CO[C@H]1[C@@H](O)[C@H](n2c[n+](C)c3c(=O)[nH]c(=O)[nH]c32)O[C@@H]1COC(C)=O,3,0.3623,
O=c1[nH]c(=O)c2ncn([C@@H]3O[C@H](CO)[C@@H](O)[C@H]3O)c2[nH]1,CO[C@H]1[C@@H](OC(C)=O)[C@H](n2c[n+](C)c3c(=O)[nH]c(=O)[nH]c32)O[C@@H]1CO,3,0.3676,
O=c1[nH]c(=O)c2ncn([C@@H]3O[C@H](CO)[C@@H](O)[C@H]3O)c2[nH]1,CC(=O)OC[C@H]1O[C@@H](n2c(C)[n+](C)c3c(=O)[nH]c(=O)[nH]c32)[C@H](O)[C@@H]1O,3,0.3636,
O=c1[nH]c(=O)c2ncn([C@@H]3O[C@H](CO)[C@@H](O)[C@H]3O)c2[nH]1,CCC(=O)O[C@@H]1[C@H](O)[C@@H](CO)O[C@H]1n1c[n+](C)c2c(=O)[nH]c(=O)[nH]c21,3,0.4242,
O=c1[nH]c(=O)c2ncn([C@@H]3O[C@H](CO)[C@@H](O)[C@H]3O)c2[nH]1,CC(=O)OC[C@H]1O[C@@H](n2c[n+](C)c3c(=O)[nH]c(=O)n(C)c32)[C@H](O)[C@@H]1O,3,0.3143,
O=c1[nH]c(=O)c2ncn([C@@H]3O[C@H](CO)[C@@H](O)[C@H]3O)c2[nH]1,CO[C@@H]1[C@H](O)[C@@H](COC(C)=O)O[C@H]1n1c[n+](C)c2c(=O)[nH]c(=O)[nH]c21,3,0.3429,
O=c1[nH]c(=O)c2ncn([C@@H]3O[C@H](CO)[C@@H](O)[C@H]3O)c2[nH]1,CC(=O)O[C@H]1[C@@H](O)[C@H](n2c[n+](C)c3c(=O)[nH]c(=O)[nH]c32)O[C@@]1(C)CO,3,0.3056,
O=c1[nH]c(=O)c2ncn([C@@H]3O[C@H](CO)[C@@H](O)[C@H]3O)c2[nH]1,CC(=O)O[C@@H]1[C@H](O)[C@@H](CO)O[C@]1(C)n1c[n+](C)c2c(=O)[nH]c(=O)[nH]c21,3,0.3286,
O=c1[nH]c(=O)c2ncn([C@@H]3O[C@H](CO)[C@@H](O)[C@H]3O)c2[nH]1,CCC(=O)O[C@H]1[C@@H](O)[C@H](n2c[n+](C)c3c(=O)[nH]c(=O)[nH]c32)O[C@@H]1CO,3,0.4242,
O=c1[nH]c(=O)c2ncn([C@@H]3O[C@H](CO)[C@@H](O)[C@H]3O)c2[nH]1,CC(=O)O[C@H]1[C@@H](O)[C@H](n2c(C)[n+](C)c3c(=O)[nH]c(=O)[nH]c32)O[C@@H]1CO,3,0.3731,
O=c1[nH]c(=O)c2ncn([C@@H]3O[C@H](CO)[C@@H](O)[C@H]3O)c2[nH]1,CC(=O)O[C@H]1[C@@H](O)[C@H](n2c[n+](C)c3c(=O)n(C)c(=O)[nH]c32)O[C@@H]1CO,3,0.3286,
O=c1[nH]c(=O)c2ncn([C@@H]3O[C@H](CO)[C@@H](O)[C@H]3O)c2[nH]1,CC(=O)O[C@@H]1[C@H](O)[C@@H](CO)O[C@H]1n1c[n+](C)c2c(=O)n(C)c(=O)[nH]c21,3,0.3286,
O=c1[nH]c(=O)c2ncn([C@@H]3O[C@H](CO)[C@@H](O)[C@H]3O)c2[nH]1,CC(=O)O[C@@H]1[C@H](O)[C@@H](CO)O[C@H]1n1c(C)[n+](C)c2c(=O)[nH]c(=O)[nH]c21,3,0.3939,
O=c1[nH]c(=O)c2ncn([C@@H]3O[C@H](CO)[C@@H](O)[C@H]3O)c2[nH]1,CCC(=O)OC[C@H]1O[C@@H](n2c[n+](C)c3c(=O)[nH]c(=O)[nH]c32)[C@H](O)[C@@H]1O,3,0.4154,
O=c1[nH]c(=O)c2ncn([C@@H]3O[C@H](CO)[C@@H](O)[C@H]3O)c2[nH]1,CC(=O)O[C@H]1[C@@H](O)[C@H](n2c[n+](C)c3c(=O)[nH]c(=O)[nH]c32)O[C@@H]1C(C)O,3,0.3143,
O=c1[nH]c(=O)c2ncn([C@@H]3O[C@H](CO)[C@@H](O)[C@H]3O)c2[nH]1,CC(=O)OC(C)[C@H]1O[C@@H](n2c[n+](C)c3c(=O)[nH]c(=O)[nH]c32)[C@H](O)[C@@H]1O,3,0.3382,
O=c1[nH]c(=O)c2ncn([C@@H]3O[C@H](CO)[C@@H](O)[C@H]3O)c2[nH]1,COC[C@H]1O[C@@H](n2c[n+](C)c3c(=O)[nH]c(=O)[nH]c32)[C@H](OC(C)=O)[C@@H]1O,3,0.3429,
O=c1[nH]c(=O)c2ncn([C@@H]3O[C@H](CO)[C@@H](O)[C@H]3O)c2[nH]1,CC(=O)O[C@H]1[C@@H](O)[C@H](n2c[n+](C)c3c(=O)[nH]c(=O)n(C)c32)O[C@@H]1CO,3,0.3286,
O=c1[nH]c(=O)c2ncn([C@@H]3O[C@H](CO)[C@@H](O)[C@H]3O)c2[nH]1,CC(=O)OC[C@H]1O[C@@H](n2c[n+](C)c3c(=O)[nH]c(=O)[nH]c32)[C@@](C)(O)[C@@H]1O,3,0.3099,
O=c1[nH]c(=O)c2ncn([C@@H]3O[C@H](CO)[C@@H](O)[C@H]3O)c2[nH]1,CC(=O)OC[C@H]1O[C@](C)(n2c[n+](C)c3c(=O)[nH]c(=O)[nH]c32)[C@H](O)[C@@H]1O,3,0.2778,
O=c1[nH]c(=O)c2ncn([C@@H]3O[C@H](CO)[C@@H](O)[C@H]3O)c2[nH]1,CC(=O)OC[C@]1(C)O[C@@H](n2c[n+](C)c3c(=O)[nH]c(=O)[nH]c32)[C@H](O)[C@@H]1O,3,0.2958,
O=c1[nH]c(=O)c2ncn([C@@H]3O[C@H](CO)[C@@H](O)[C@H]3O)c2[nH]1,CC(=O)O[C@H]1[C@H](n2c[n+](C)c3c(=O)[nH]c(=O)[nH]c32)O[C@@](C)(CO)[C@H]1O,3,0.2917,
O=c1[nH]c(=O)c2ncn([C@@H]3O[C@H](CO)[C@@H](O)[C@H]3O)c2[nH]1,CC(=O)O[C@@H]1[C@@H](CO)O[C@@H](n2c[n+](C)c3c(=O)[nH]c(=O)[nH]c32)[C@@]1(C)O,3,0.3429,
O=c1[nH]c(=O)c2ncn([C@@H]3O[C@H](CO)[C@@H](O)[C@H]3O)c2[nH]1,CC[n+]1cn([C@@H]2O[C@H](CO)[C@@H](OC(C)=O)[C@H]2O)c2[nH]c(=O)[nH]c(=O)c21,3,0.4242,
O=c1[nH]c(=O)c2ncn([C@@H]3O[C@H](CO)[C@@H](O)[C@H]3O)c2[nH]1,CC(=O)O[C@H]1[C@H](n2c[n+](C)c3c(=O)[nH]c(=O)[nH]c32)O[C@H](CO)[C@]1(C)O,3,0.3056,
O=c1[nH]c(=O)c2ncn([C@@H]3O[C@H](CO)[C@@H](O)[C@H]3O)c2[nH]1,CC(=O)O[C@@H]1[C@H](O)[C@@H](C(C)O)O[C@H]1n1c[n+](C)c2c(=O)[nH]c(=O)[nH]c21,3,0.2958,
O=c1[nH]c(=O)c2ncn([C@@H]3O[C@H](CO)[C@@H](O)[C@H]3O)c2[nH]1,CC(=O)O[C@@]1(C)[C@@H](CO)O[C@@H](n2c[n+](C)c3c(=O)[nH]c(=O)[nH]c32)[C@@H]1O,3,0.3478,
O=c1[nH]c(=O)c2ncn([C@@H]3O[C@H](CO)[C@@H](O)[C@H]3O)c2[nH]1,CC(=O)OC[C@H]1O[C@@H](n2c[n+](C)c3c(=O)n(C)c(=O)[nH]c32)[C@H](O)[C@@H]1O,3,0.3143,
O=c1[nH]c(=O)c2ncn([C@@H]3O[C@H](CO)[C@@H](O)[C@H]3O)c2[nH]1,CC(=O)O[C@@H]1[C@H](O)[C@@H](C(=O)O)O[C@H]1n1c[n+](C)c2c(=O)[nH]c(=O)[nH]c21,3,0.3,
O=c1[nH]c(=O)c2ncn([C@@H]3O[C@H](CO)[C@@H](O)[C@H]3O)c2[nH]1,CC(=O)OC(=O)[C@H]1O[C@@H](n2c[n+](C)c3c(=O)[nH]c(=O)[nH]c32)[C@H](O)[C@@H]1O,3,0.3538,
O=c1[nH]c(=O)c2ncn([C@@H]3O[C@H](CO)[C@@H](O)[C@H]3O)c2[nH]1,CC(=O)O[C@H]1[C@@H](O)[C@H](n2c[n+](C)c3c(=O)[nH]c(=O)[nH]c32)O[C@@H]1C(=O)O,3,0.3188,
O=c1[nH]c(=O)c2ncn([C@@H]3O[C@H](CO)[C@@H](O)[C@H]3O)c2[nH]1,CC(=O)O[C@H]1[C@@H](O)[C@@](C)(n2c(C)nc3c(=O)[nH]c(=O)[nH]c32)O[C@@H]1CO,3,0.3582,
O=c1[nH]c(=O)c2ncn([C@@H]3O[C@H](CO)[C@@H](O)[C@H]3O)c2[nH]1,CC(=O)O[C@@H]1[C@H](O)[C@@H](C(C)(C)O)O[C@H]1n1cnc2c(=O)[nH]c(=O)[nH]c21,3,0.5082,
O=c1[nH]c(=O)c2ncn([C@@H]3O[C@H](CO)[C@@H](O)[C@H]3O)c2[nH]1,CCC(=O)O[C@H]1[C@H](n2cnc3c(=O)[nH]c(=O)[nH]c32)O[C@H](CO)[C@]1(C)O,3,0.5079,
O=c1[nH]c(=O)c2ncn([C@@H]3O[C@H](CO)[C@@H](O)[C@H]3O)c2[nH]1,CC(C)C(=O)O[C@H]1[C@@H](O)[C@H](n2cnc3c(=O)[nH]c(=O)[nH]c32)O[C@@H]1CO,3,0.6786,
O=c1[nH]c(=O)c2ncn([C@@H]3O[C@H](CO)[C@@H](O)[C@H]3O)c2[nH]1,CC(=O)OC[C@H]1O[C@@H](n2c(C)nc3c(=O)[nH]c(=O)[nH]c32)[C@H](O)[C@@]1(C)O,3,0.3188,
O=c1[nH]c(=O)c2ncn([C@@H]3O[C@H](CO)[C@@H](O)[C@H]3O)c2[nH]1,CO[C@@H]1[C@H](O)[C@@H](COC(C)=O)O[C@]1(C)n1cnc2c(=O)[nH]c(=O)[nH]c21,3,0.3971,
O=c1[nH]c(=O)c2ncn([C@@H]3O[C@H](CO)[C@@H](O)[C@H]3O)c2[nH]1,CCC(O)[C@H]1O[C@@H](n2cnc3c(=O)[nH]c(=O)[nH]c32)[C@H](OC(C)=O)[C@@H]1O,3,0.5079,
O=c1[nH]c(=O)c2ncn([C@@H]3O[C@H](CO)[C@@H](O)[C@H]3O)c2[nH]1,CC(=O)O[C@H]1[C@@H](O)[C@H](n2cnc3c(=O)[nH]c(=O)[nH]c32)O[C@@H]1C(C)(C)O,3,0.5333,
O=c1[nH]c(=O)c2ncn([C@@H]3O[C@H](CO)[C@@H](O)[C@H]3O)c2[nH]1,COC(C)[C@H]1O[C@@H](n2cnc3c(=O)[nH]c(=O)[nH]c32)[C@H](O)[C@@H]1OC(C)=O,3,0.5161,
O=c1[nH]c(=O)c2ncn([C@@H]3O[C@H](CO)[C@@H](O)[C@H]3O)c2[nH]1,CCC(=O)O[C@@H]1[C@H](O)[C@@H](CO)O[C@]1(C)n1cnc2c(=O)[nH]c(=O)[nH]c21,3,0.4615,
O=c1[nH]c(=O)c2ncn([C@@H]3O[C@H](CO)[C@@H](O)[C@H]3O)c2[nH]1,CO[C@@]1(C)[C@@H](COC(C)=O)O[C@@H](n2cnc3c(=O)[nH]c(=O)[nH]c32)[C@@H]1O,3,0.5161,
O=c1[nH]c(=O)c2ncn([C@@H]3O[C@H](CO)[C@@H](O)[C@H]3O)c2[nH]1,CCC(=O)O[C@@]1(C)[C@H](O)[C@@H](CO)O[C@H]1n1cnc2c(=O)[nH]c(=O)[nH]c21,3,0.55,
O=c1[nH]c(=O)c2ncn([C@@H]3O[C@H](CO)[C@@H](O)[C@H]3O)c2[nH]1,CCOC[C@H]1O[C@@H](n2cnc3c(=O)[nH]c(=O)n(C(C)=O)c32)[C@H](O)[C@@H]1O,3,0.4603,
O=c1[nH]c(=O)c2ncn([C@@H]3O[C@H](CO)[C@@H](O)[C@H]3O)c2[nH]1,CCC(=O)OC[C@H]1O[C@@H](n2cnc3c(=O)[nH]c(=O)[nH]c32)[C@H](O)[C@@H]1OC,3,0.5833,
O=c1[nH]c(=O)c2ncn([C@@H]3O[C@H](CO)[C@@H](O)[C@H]3O)c2[nH]1,CCC(=O)O[C@@H]1[C@@H](CO)O[C@@H](n2cnc3c(=O)[nH]c(=O)[nH]c32)[C@@]1(C)O,3,0.5161,
O=c1[nH]c(=O)c2ncn([C@@H]3O[C@H](CO)[C@@H](O)[C@H]3O)c2[nH]1,CC(=O)O[C@H]1[C@H](n2cnc3c(=O)[nH]c(=O)[nH]c32)O[C@@](C)(CO)[C@]1(C)O,3,0.4762,
O=c1[nH]c(=O)c2ncn([C@@H]3O[C@H](CO)[C@@H](O)[C@H]3O)c2[nH]1,CC[C@@]1(CO)O[C@@H](n2cnc3c(=O)[nH]c(=O)[nH]c32)[C@H](OC(C)=O)[C@@H]1O,3,0.4921,
O=c1[nH]c(=O)c2ncn([C@@H]3O[C@H](CO)[C@@H](O)[C@H]3O)c2[nH]1,CC(=O)O[C@@H]1[C@@H](CO)O[C@](C)(n2cnc3c(=O)[nH]c(=O)[nH]c32)[C@@]1(C)O,3,0.4308,
O=c1[nH]c(=O)c2ncn([C@@H]3O[C@H](CO)[C@@H](O)[C@H]3O)c2[nH]1,CC(=O)OC[C@]1(C)O[C@@H](n2cnc3c(=O)[nH]c(=O)[nH]c32)[C@H](O)[C@@]1(C)O,3,0.4839,
O=c1[nH]c(=O)c2ncn([C@@H]3O[C@H](CO)[C@@H](O)[C@H]3O)c2[nH]1,CC(=O)OC[C@H]1O[C@](C)(n2cnc3c(=O)[nH]c(=O)[nH]c32)[C@@](C)(O)[C@@H]1O,3,0.3939,
O=c1[nH]c(=O)c2ncn([C@@H]3O[C@H](CO)[C@@H](O)[C@H]3O)c2[nH]1,CCC(=O)OC[C@H]1O[C@@H](n2c(C)nc3c(=O)[nH]c(=O)[nH]c32)[C@H](O)[C@@H]1O,3,0.4219,
O=c1[nH]c(=O)c2ncn([C@@H]3O[C@H](CO)[C@@H](O)[C@H]3O)c2[nH]1,CC(=O)OC[C@H]1O[C@](C)(n2cnc3c(=O)[nH]c(=O)[nH]c32)[C@H](O)[C@@]1(C)O,3,0.3676,
O=c1[nH]c(=O)c2ncn([C@@H]3O[C@H](CO)[C@@H](O)[C@H]3O)c2[nH]1,CC[C@]1(OC(C)=O)[C@H](O)[C@@H](CO)O[C@H]1n1cnc2c(=O)[nH]c(=O)[nH]c21,3,0.55,
O=c1[nH]c(=O)c2ncn([C@@H]3O[C@H](CO)[C@@H](O)[C@H]3O)c2[nH]1,CC(=O)OC[C@]1(C)O[C@@H](n2cnc3c(=O)[nH]c(=O)[nH]c32)[C@@](C)(O)[C@@H]1O,3,0.4444,
O=c1[nH]c(=O)c2ncn([C@@H]3O[C@H](CO)[C@@H](O)[C@H]3O)c2[nH]1,CC(=O)O[C@@H]1[C@@](C)(O)[C@@H](CO)O[C@]1(C)n1cnc2c(=O)[nH]c(=O)[nH]c21,3,0.4062,
O=c1[nH]c(=O)c2ncn([C@@H]3O[C@H](CO)[C@@H](O)[C@H]3O)c2[nH]1,CO[C@@]1(C)[C@@H](CO)O[C@@H](n2cnc3c(=O)[nH]c(=O)[nH]c32)[C@@H]1OC(C)=O,3,0.5079,
O=c1[nH]c(=O)c2ncn([C@@H]3O[C@H](CO)[C@@H](O)[C@H]3O)c2[nH]1,CO[C@@H]1[C@@H](CO)O[C@@H](n2cnc3c(=O)[nH]c(=O)[nH]c32)[C@@]1(C)OC(C)=O,3,0.5161,
O=c1[nH]c(=O)c2ncn([C@@H]3O[C@H](CO)[C@@H](O)[C@H]3O)c2[nH]1,CO[C@H]1[C@H](n2cnc3c(=O)[nH]c(=O)[nH]c32)O[C@@](C)(CO)[C@H]1OC(C)=O,3,0.4688,
O=c1[nH]c(=O)c2ncn([C@@H]3O[C@H](CO)[C@@H](O)[C@H]3O)c2[nH]1,CC(=O)O[C@@]1(C)[C@@H](CO)O[C@@H](n2cnc3c(=O)[nH]c(=O)[nH]c32)[C@@]1(C)O,3,0.4839,
O=c1[nH]c(=O)c2ncn([C@@H]3O[C@H](CO)[C@@H](O)[C@H]3O)c2[nH]1,CC(=O)O[C@@H]1[C@H](O)[C@@H](C(C)O)O[C@]1(C)n1cnc2c(=O)[nH]c(=O)[nH]c21,3,0.3676,
O=c1[nH]c(=O)c2ncn([C@@H]3O[C@H](CO)[C@@H](O)[C@H]3O)c2[nH]1,CC(=O)OC[C@H]1O[C@](C)(n2c(C)nc3c(=O)[nH]c(=O)[nH]c32)[C@H](O)[C@@H]1O,3,0.3188,
O=c1[nH]c(=O)c2ncn([C@@H]3O[C@H](CO)[C@@H](O)[C@H]3O)c2[nH]1,CCO[C@H]1[C@@H](OC(C)=O)[C@H](n2cnc3c(=O)[nH]c(=O)[nH]c32)O[C@@H]1CO,3,0.5932,
O=c1[nH]c(=O)c2ncn([C@@H]3O[C@H](CO)[C@@H](O)[C@H]3O)c2[nH]1,CC(=O)O[C@H]1[C@@H](O)[C@@](C)(n2cnc3c(=O)[nH]c(=O)[nH]c32)O[C@@]1(C)CO,3,0.4,
O=c1[nH]c(=O)c2ncn([C@@H]3O[C@H](CO)[C@@H](O)[C@H]3O)c2[nH]1,CCC(=O)OC[C@H]1O[C@@H](n2cnc3c(=O)[nH]c(=O)[nH]c32)[C@H](OC)[C@@H]1O,3,0.5574,
O=c1[nH]c(=O)c2ncn([C@@H]3O[C@H](CO)[C@@H](O)[C@H]3O)c2[nH]1,CO[C@H]1[C@@H](OC(C)=O)[C@H](n2c(C)nc3c(=O)[nH]c(=O)[nH]c32)O[C@@H]1CO,3,0.3939,
O=c1[nH]c(=O)c2ncn([C@@H]3O[C@H](CO)[C@@H](O)[C@H]3O)c2[nH]1,CC[C@]1(n2cnc3c(=O)[nH]c(=O)[nH]c32)O[C@H](CO)[C@@H](O)[C@H]1OC(C)=O,3,0.4615,
O=c1[nH]c(=O)c2ncn([C@@H]3O[C@H](CO)[C@@H](O)[C@H]3O)c2[nH]1,CC(=O)O[C@H]1[C@H](n2c(C)nc3c(=O)[nH]c(=O)[nH]c32)O[C@H](CO)[C@]1(C)O,3,0.3286,
O=c1[nH]c(=O)c2ncn([C@@H]3O[C@H](CO)[C@@H](O)[C@H]3O)c2[nH]1,CCC(=O)O[C@H]1[C@@H](OC)[C@H](n2cnc3c(=O)[nH]c(=O)[nH]c32)O[C@@H]1CO,3,0.5932,
O=c1[nH]c(=O)c2ncn([C@@H]3O[C@H](CO)[C@@H](O)[C@H]3O)c2[nH]1,CC(=O)O[C@H]1[C@@H](O)[C@H](n2c(C)nc3c(=O)[nH]c(=O)[nH]c32)O[C@@]1(C)CO,3,0.3286,
O=c1[nH]c(=O)c2ncn([C@@H]3O[C@H](CO)[C@@H](O)[C@H]3O)c2[nH]1,CC[C@]1(O)[C@@H](COC(C)=O)O[C@@H](n2cnc3c(=O)[nH]c(=O)[nH]c32)[C@@H]1O,3,0.4921,
O=c1[nH]c(=O)c2ncn([C@@H]3O[C@H](CO)[C@@H](O)[C@H]3O)c2[nH]1,CCO[C@@H]1[C@H](O)[C@@H](CO)O[C@H]1n1cnc2c(=O)n(C(C)=O)c(=O)[nH]c21,3,0.4921,
O=c1[nH]c(=O)c2ncn([C@@H]3O[C@H](CO)[C@@H](O)[C@H]3O)c2[nH]1,COC(C)[C@H]1O[C@@H](n2cnc3c(=O)[nH]c(=O)[nH]c32)[C@H](OC(C)=O)[C@@H]1O,3,0.4921,
O=c1[nH]c(=O)c2ncn([C@@H]3O[C@H](CO)[C@@H](O)[C@H]3O)c2[nH]1,CC(=O)O[C@@H]1[C@@H](C(C)O)O[C@@H](n2cnc3c(=O)[nH]c(=O)[nH]c32)[C@@]1(C)O,3,0.4091,
O=c1[nH]c(=O)c2ncn([C@@H]3O[C@H](CO)[C@@H](O)[C@H]3O)c2[nH]1,CC[C@@]1(COC(C)=O)O[C@@H](n2cnc3c(=O)[nH]c(=O)[nH]c32)[C@H](O)[C@@H]1O,3,0.5,
O=c1[nH]c(=O)c2ncn([C@@H]3O[C@H](CO)[C@@H](O)[C@H]3O)c2[nH]1,CCOC[C@H]1O[C@@H](n2cnc3c(=O)n(C(C)=O)c(=O)[nH]c32)[C@H](O)[C@@H]1O,3,0.4839,
O=c1[nH]c(=O)c2ncn([C@@H]3O[C@H](CO)[C@@H](O)[C@H]3O)c2[nH]1,CC(=O)OC[C@H]1O[C@@H](n2cnc3c(=O)[nH]c(=O)[nH]c32)[C@@](C)(O)[C@@]1(C)O,3,0.4516,
O=c1[nH]c(=O)c2ncn([C@@H]3O[C@H](CO)[C@@H](O)[C@H]3O)c2[nH]1,CO[C@@H]1[C@H](OC(C)=O)[C@@H](CO)O[C@H]1n1c(C)nc2c(=O)[nH]c(=O)[nH]c21,3,0.3939,
O=c1[nH]c(=O)c2ncn([C@@H]3O[C@H](CO)[C@@H](O)[C@H]3O)c2[nH]1,CC(=O)O[C@H]1[C@H](n2cnc3c(=O)[nH]c(=O)[nH]c32)O[C@@](C)(C(C)O)[C@H]1O,3,0.4531,
O=c1[nH]c(=O)c2ncn([C@@H]3O[C@H](CO)[C@@H](O)[C@H]3O)c2[nH]1,CC(=O)OC(C)(C)[C@H]1O[C@@H](n2cnc3c(=O)[nH]c(=O)[nH]c32)[C@H](O)[C@@H]1O,3,0.6071,
O=c1[nH]c(=O)c2ncn([C@@H]3O[C@H](CO)[C@@H](O)[C@H]3O)c2[nH]1,CO[C@H]1[C@H](n2cnc3c(=O)[nH]c(=O)[nH]c32)O[C@H](CO)[C@]1(C)OC(C)=O,3,0.5079,
O=c1[nH]c(=O)c2ncn([C@@H]3O[C@H](CO)[C@@H](O)[C@H]3O)c2[nH]1,CCC(=O)O[C@H]1[C@H](n2cnc3c(=O)[nH]c(=O)[nH]c32)O[C@@](C)(CO)[C@H]1O,3,0.4921,
O=c1[nH]c(=O)c2ncn([C@@H]3O[C@H](CO)[C@@H](O)[C@H]3O)c2[nH]1,CC(=O)O[C@@]1(C)[C@@H](C(C)O)O[C@@H](n2cnc3c(=O)[nH]c(=O)[nH]c32)[C@@H]1O,3,0.5,
O=c1[nH]c(=O)c2ncn([C@@H]3O[C@H](CO)[C@@H](O)[C@H]3O)c2[nH]1,CC(=O)OC[C@H]1O[C@@H](n2c(C)nc3c(=O)[nH]c(=O)[nH]c32)[C@@](C)(O)[C@@H]1O,3,0.3333,
O=c1[nH]c(=O)c2ncn([C@@H]3O[C@H](CO)[C@@H](O)[C@H]3O)c2[nH]1,CO[C@@H]1[C@H](O)[C@@H](COC(C)=O)O[C@H]1n1c(C)nc2c(=O)[nH]c(=O)[nH]c21,3,0.3676,
O=c1[nH]c(=O)c2ncn([C@@H]3O[C@H](CO)[C@@H](O)[C@H]3O)c2[nH]1,CC(=O)O[C@]1(C)[C@@H](O)[C@@](C)(n2cnc3c(=O)[nH]c(=O)[nH]c32)O[C@@H]1CO,3,0.4091,
O=c1[nH]c(=O)c2ncn([C@@H]3O[C@H](CO)[C@@H](O)[C@H]3O)c2[nH]1,CO[C@@]1(C)[C@H](OC(C)=O)[C@@H](CO)O[C@H]1n1cnc2c(=O)[nH]c(=O)[nH]c21,3,0.5161,
O=c1[nH]c(=O)c2ncn([C@@H]3O[C@H](CO)[C@@H](O)[C@H]3O)c2[nH]1,CCC(=O)OC[C@H]1O[C@](C)(n2cnc3c(=O)[nH]c(=O)[nH]c32)[C@H](O)[C@@H]1O,3,0.4154,
O=c1[nH]c(=O)c2ncn([C@@H]3O[C@H](CO)[C@@H](O)[C@H]3O)c2[nH]1,CCOC[C@H]1O[C@@H](n2cnc3c(=O)[nH]c(=O)[nH]c32)[C@H](O)[C@@H]1OC(C)=O,3,0.5833,
O=c1[nH]c(=O)c2ncn([C@@H]3O[C@H](CO)[C@@H](O)[C@H]3O)c2[nH]1,CO[C@H]1[C@@H](O)[C@H](n2c(C)nc3c(=O)[nH]c(=O)[nH]c32)O[C@@H]1COC(C)=O,3,0.3676,
O=c1[nH]c(=O)c2ncn([C@@H]3O[C@H](CO)[C@@H](O)[C@H]3O)c2[nH]1,CCC(=O)O[C@@H]1[C@H](OC)[C@@H](CO)O[C@H]1n1cnc2c(=O)[nH]c(=O)[nH]c21,3,0.5932,
O=c1[nH]c(=O)c2ncn([C@@H]3O[C@H](CO)[C@@H](O)[C@H]3O)c2[nH]1,CCO[C@@H]1[C@H](OC(C)=O)[C@@H](CO)O[C@H]1n1cnc2c(=O)[nH]c(=O)[nH]c21,3,0.5932,
O=c1[nH]c(=O)c2ncn([C@@H]3O[C@H](CO)[C@@H](O)[C@H]3O)c2[nH]1,CCO[C@H]1[C@@H](O)[C@H](n2cnc3c(=O)[nH]c(=O)[nH]c32)O[C@@H]1COC(C)=O,3,0.5833,
O=c1[nH]c(=O)c2ncn([C@@H]3O[C@H](CO)[C@@H](O)[C@H]3O)c2[nH]1,CC[C@]1(O)[C@H](O)[C@@H](COC(C)=O)O[C@H]1n1cnc2c(=O)[nH]c(=O)[nH]c21,3,0.4839,
O=c1[nH]c(=O)c2ncn([C@@H]3O[C@H](CO)[C@@H](O)[C@H]3O)c2[nH]1,CCO[C@@H]1[C@H](O)[C@@H](COC(C)=O)O[C@H]1n1cnc2c(=O)[nH]c(=O)[nH]c21,3,0.5574,
O=c1[nH]c(=O)c2ncn([C@@H]3O[C@H](CO)[C@@H](O)[C@H]3O)c2[nH]1,CCCC(=O)OC[C@H]1O[C@@H](n2cnc3c(=O)[nH]c(=O)[nH]c32)[C@H](O)[C@@H]1O,3,0.6607,
O=c1[nH]c(=O)c2ncn([C@@H]3O[C@H](CO)[C@@H](O)[C@H]3O)c2[nH]1,CCC(=O)O[C@H]1[C@@H](O)[C@H](n2cnc3c(=O)[nH]c(=O)[nH]c32)O[C@@H]1COC,3,0.5833,
O=c1[nH]c(=O)c2ncn([C@@H]3O[C@H](CO)[C@@H](O)[C@H]3O)c2[nH]1,CCCC(=O)O[C@@H]1[C@H](O)[C@@H](CO)O[C@H]1n1cnc2c(=O)[nH]c(=O)[nH]c21,3,0.6667,
O=c1[nH]c(=O)c2ncn([C@@H]3O[C@H](CO)[C@@H](O)[C@H]3O)c2[nH]1,CC(=O)O[C@H]1[C@@H](O)[C@H](n2c(C)nc3c(=O)[nH]c(=O)[nH]c32)O[C@@H]1C(C)O,3,0.3143,
O=c1[nH]c(=O)c2ncn([C@@H]3O[C@H](CO)[C@@H](O)[C@H]3O)c2[nH]1,CC(=O)O[C@H]1[C@@H](O)[C@H](n2cnc3c(=O)[nH]c(=O)[nH]c32)O[C@@]1(C)C(C)O,3,0.4688,
O=c1[nH]c(=O)c2ncn([C@@H]3O[C@H](CO)[C@@H](O)[C@H]3O)c2[nH]1,CCc1nc2c(=O)[nH]c(=O)[nH]c2n1[C@@H]1O[C@H](CO)[C@@H](O)[C@H]1OC(C)=O,3,0.4531,
O=c1[nH]c(=O)c2ncn([C@@H]3O[C@H](CO)[C@@H](O)[C@H]3O)c2[nH]1,CC(=O)O[C@H]1[C@H](n2cnc3c(=O)[nH]c(=O)[nH]c32)O[C@H](C(C)O)[C@]1(C)O,3,0.4462,
O=c1[nH]c(=O)c2ncn([C@@H]3O[C@H](CO)[C@@H](O)[C@H]3O)c2[nH]1,CC(=O)O[C@H]1[C@H](n2c(C)nc3c(=O)[nH]c(=O)[nH]c32)O[C@@](C)(CO)[C@H]1O,3,0.3143,
O=c1[nH]c(=O)c2ncn([C@@H]3O[C@H](CO)[C@@H](O)[C@H]3O)c2[nH]1,CC[C@]1(O)[C@H](OC(C)=O)[C@@H](CO)O[C@H]1n1cnc2c(=O)[nH]c(=O)[nH]c21,3,0.5246,
O=c1[nH]c(=O)c2ncn([C@@H]3O[C@H](CO)[C@@H](O)[C@H]3O)c2[nH]1,CO[C@H]1[C@H](n2cnc3c(=O)[nH]c(=O)[nH]c32)O[C@H](COC(C)=O)[C@]1(C)O,3,0.4615,
O=c1[nH]c(=O)c2ncn([C@@H]3O[C@H](CO)[C@@H](O)[C@H]3O)c2[nH]1,CCC(=O)O[C@@H]1[C@H](O)[C@@H](CO)O[C@H]1n1c(C)nc2c(=O)[nH]c(=O)[nH]c21,3,0.4531,
O=c1[nH]c(=O)c2ncn([C@@H]3O[C@H](CO)[C@@H](O)[C@H]3O)c2[nH]1,CCO[C@H]1[C@@H](O)[C@H](n2cnc3c(=O)[nH]c(=O)n(C(C)=O)c32)O[C@@H]1CO,3,0.4688,
O=c1[nH]c(=O)c2ncn([C@@H]3O[C@H](CO)[C@@H](O)[C@H]3O)c2[nH]1,COC[C@H]1O[C@@H](n2cnc3c(=O)[nH]c(=O)[nH]c32)[C@@](C)(OC(C)=O)[C@@H]1O,3,0.4762,
O=c1[nH]c(=O)c2ncn([C@@H]3O[C@H](CO)[C@@H](O)[C@H]3O)c2[nH]1,CCC(=O)O[C@@H]1[C@H](O)[C@@H](COC)O[C@H]1n1cnc2c(=O)[nH]c(=O)[nH]c21,3,0.5574,
O=c1[nH]c(=O)c2ncn([C@@H]3O[C@H](CO)[C@@H](O)[C@H]3O)c2[nH]1,CC(=O)OC[C@]1(C)O[C@@H](n2c(C)nc3c(=O)[nH]c(=O)[nH]c32)[C@H](O)[C@@H]1O,3,0.3188,
O=c1[nH]c(=O)c2ncn([C@@H]3O[C@H](CO)[C@@H](O)[C@H]3O)c2[nH]1,COC[C@H]1O[C@@H](n2cnc3c(=O)[nH]c(=O)[nH]c32)[C@H](OC)[C@@H]1OC(C)=O,3,0.5246,
O=c1[nH]c(=O)c2ncn([C@@H]3O[C@H](CO)[C@@H](O)[C@H]3O)c2[nH]1,CCC(=O)OC(C)[C@H]1O[C@@H](n2cnc3c(=O)[nH]c(=O)[nH]c32)[C@H](O)[C@@H]1O,3,0.5763,
O=c1[nH]c(=O)c2ncn([C@@H]3O[C@H](CO)[C@@H](O)[C@H]3O)c2[nH]1,CO[C@H]1[C@@H](O)[C@H](n2cnc3c(=O)[nH]c(=O)[nH]c32)O[C@@H]1C(C)OC(C)=O,3,0.5161,
O=c1[nH]c(=O)c2ncn([C@@H]3O[C@H](CO)[C@@H](O)[C@H]3O)c2[nH]1,CC(C)C(=O)OC[C@H]1O[C@@H](n2cnc3c(=O)[nH]c(=O)[nH]c32)[C@H](O)[C@@H]1O,3,0.6852,
O=c1[nH]c(=O)c2ncn([C@@H]3O[C@H](CO)[C@@H](O)[C@H]3O)c2[nH]1,CC(=O)O[C@@H]1[C@H](O)[C@@H](C(C)O)O[C@H]1n1c(C)nc2c(=O)[nH]c(=O)[nH]c21,3,0.3143,
O=c1[nH]c(=O)c2ncn([C@@H]3O[C@H](CO)[C@@H](O)[C@H]3O)c2[nH]1,CCC(=O)O[C@H]1[C@@H](O)[C@H](n2cnc3c(=O)[nH]c(=O)[nH]c32)O[C@@]1(C)CO,3,0.5079,
O=c1[nH]c(=O)c2ncn([C@@H]3O[C@H](CO)[C@@H](O)[C@H]3O)c2[nH]1,CCOC[C@H]1O[C@@H](n2cnc3c(=O)[nH]c(=O)[nH]c32)[C@H](OC(C)=O)[C@@H]1O,3,0.5574,
O=c1[nH]c(=O)c2ncn([C@@H]3O[C@H](CO)[C@@H](O)[C@H]3O)c2[nH]1,CC(=O)OC(C)[C@H]1O[C@](C)(n2cnc3c(=O)[nH]c(=O)[nH]c32)[C@H](O)[C@@H]1O,3,0.3731,
O=c1[nH]c(=O)c2ncn([C@@H]3O[C@H](CO)[C@@H](O)[C@H]3O)c2[nH]1,CO[C@H]1[C@@H](OC(C)=O)[C@H](n2cnc3c(=O)[nH]c(=O)[nH]c32)O[C@@H]1C(C)O,3,0.4531,
O=c1[nH]c(=O)c2ncn([C@@H]3O[C@H](CO)[C@@H](O)[C@H]3O)c2[nH]1,CCC(OC(C)=O)[C@H]1O[C@@H](n2cnc3c(=O)[nH]c(=O)[nH]c32)[C@H](O)[C@@H]1O,3,0.5763,
O=c1[nH]c(=O)c2ncn([C@@H]3O[C@H](CO)[C@@H](O)[C@H]3O)c2[nH]1,CC[C@]1(OC(C)=O)[C@@H](CO)O[C@@H](n2cnc3c(=O)[nH]c(=O)[nH]c32)[C@@H]1O,3,0.541,
O=c1[nH]c(=O)c2ncn([C@@H]3O[C@H](CO)[C@@H](O)[C@H]3O)c2[nH]1,CC(=O)O[C@@H]1[C@H](O)[C@@H](CO)O[C@]1(C)n1c(C)nc2c(=O)[nH]c(=O)[nH]c21,3,0.3731,
O=c1[nH]c(=O)c2ncn([C@@H]3O[C@H](CO)[C@@H](O)[C@H]3O)c2[nH]1,CCC(=O)O[C@@H]1[C@H](O)[C@@H](C(C)O)O[C@H]1n1cnc2c(=O)[nH]c(=O)[nH]c21,3,0.5079,
O=c1[nH]c(=O)c2ncn([C@@H]3O[C@H](CO)[C@@H](O)[C@H]3O)c2[nH]1,CCC(=O)OC[C@]1(C)O[C@@H](n2cnc3c(=O)[nH]c(=O)[nH]c32)[C@H](O)[C@@H]1O,3,0.5,
O=c1[nH]c(=O)c2ncn([C@@H]3O[C@H](CO)[C@@H](O)[C@H]3O)c2[nH]1,CO[C@@H]1[C@H](OC(C)=O)[C@@H](CO)O[C@]1(C)n1cnc2c(=O)[nH]c(=O)[nH]c21,3,0.4242,
O=c1[nH]c(=O)c2ncn([C@@H]3O[C@H](CO)[C@@H](O)[C@H]3O)c2[nH]1,CCc1nc2c(=O)[nH]c(=O)[nH]c2n1[C@@H]1O[C@H](CO)[C@@H](OC(C)=O)[C@H]1O,3,0.4308,
O=c1[nH]c(=O)c2ncn([C@@H]3O[C@H](CO)[C@@H](O)[C@H]3O)c2[nH]1,CC[C@]1(n2cnc3c(=O)[nH]c(=O)[nH]c32)O[C@H](CO)[C@@H](OC(C)=O)[C@H]1O,3,0.4462,
O=c1[nH]c(=O)c2ncn([C@@H]3O[C@H](CO)[C@@H](O)[C@H]3O)c2[nH]1,CCC(=O)O[C@H]1[C@@H](O)[C@H](n2cnc3c(=O)[nH]c(=O)[nH]c32)O[C@@H]1C(C)O,3,0.5323,
O=c1[nH]c(=O)c2ncn([C@@H]3O[C@H](CO)[C@@H](O)[C@H]3O)c2[nH]1,CCC(=O)O[C@@]1(C)[C@@H](CO)O[C@@H](n2cnc3c(=O)[nH]c(=O)[nH]c32)[C@@H]1O,3,0.5667,
O=c1[nH]c(=O)c2ncn([C@@H]3O[C@H](CO)[C@@H](O)[C@H]3O)c2[nH]1,CO[C@H]1[C@@H](O)[C@H](n2cnc3c(=O)[nH]c(=O)[nH]c32)O[C@@]1(C)COC(C)=O,3,0.4844,
O=c1[nH]c(=O)c2ncn([C@@H]3O[C@H](CO)[C@@H](O)[C@H]3O)c2[nH]1,CC(=O)OC(C)[C@H]1O[C@@H](n2cnc3c(=O)[nH]c(=O)[nH]c32)[C@H](O)[C@@]1(C)O,3,0.4762,
O=c1[nH]c(=O)c2ncn([C@@H]3O[C@H](CO)[C@@H](O)[C@H]3O)c2[nH]1,CO[C@H]1[C@@H](OC(C)=O)[C@@](C)(n2cnc3c(=O)[nH]c(=O)[nH]c32)O[C@@H]1CO,3,0.4242,
O=c1[nH]c(=O)c2ncn([C@@H]3O[C@H](CO)[C@@H](O)[C@H]3O)c2[nH]1,CC(=O)O[C@@]1(C)[C@H](O)[C@@H](CO)O[C@]1(C)n1cnc2c(=O)[nH]c(=O)[nH]c21,3,0.4603,
O=c1[nH]c(=O)c2ncn([C@@H]3O[C@H](CO)[C@@H](O)[C@H]3O)c2[nH]1,CC(=O)O[C@@]1(C)[C@H](O)[C@@H](C(C)O)O[C@H]1n1cnc2c(=O)[nH]c(=O)[nH]c21,3,0.4375,
O=c1[nH]c(=O)c2ncn([C@@H]3O[C@H](CO)[C@@H](O)[C@H]3O)c2[nH]1,CO[C@@H]1[C@H](OC)[C@@H](COC(C)=O)O[C@H]1n1cnc2c(=O)[nH]c(=O)[nH]c21,3,0.5424,
O=c1[nH]c(=O)c2ncn([C@@H]3O[C@H](CO)[C@@H](O)[C@H]3O)c2[nH]1,CC[C@]1(n2cnc3c(=O)[nH]c(=O)[nH]c32)O[C@H](COC(C)=O)[C@@H](O)[C@H]1O,3,0.4091,
O=c1[nH]c(=O)c2ncn([C@@H]3O[C@H](CO)[C@@H](O)[C@H]3O)c2[nH]1,CO[C@H]1[C@@H](OC(C)=O)[C@H](n2cnc3c(=O)[nH]c(=O)[nH]c32)O[C@@]1(C)CO,3,0.4615,
O=c1[nH]c(=O)c2ncn([C@@H]3O[C@H](CO)[C@@H](O)[C@H]3O)c2[nH]1,CC(=O)O[C@]1(C)[C@H](n2cnc3c(=O)[nH]c(=O)[nH]c32)O[C@@](C)(CO)[C@H]1O,3,0.4603,
O=c1[nH]c(=O)c2ncn([C@@H]3O[C@H](CO)[C@@H](O)[C@H]3O)c2[nH]1,CC(=O)O[C@@]1(C)[C@@H](CO)O[C@@H](n2c(C)nc3c(=O)[nH]c(=O)[nH]c32)[C@@H]1O,3,0.3731,
O=c1[nH]c(=O)c2ncn([C@@H]3O[C@H](CO)[C@@H](O)[C@H]3O)c2[nH]1,COC[C@H]1O[C@@H](n2cnc3c(=O)[nH]c(=O)[nH]c32)[C@H](O)[C@@]1(C)OC(C)=O,3,0.5161,
O=c1[nH]c(=O)c2ncn([C@@H]3O[C@H](CO)[C@@H](O)[C@H]3O)c2[nH]1,CCC(=O)O[C@H]1[C@@H](O)[C@H](n2c(C)nc3c(=O)[nH]c(=O)[nH]c32)O[C@@H]1CO,3,0.4308,
O=c1[nH]c(=O)c2ncn([C@@H]3O[C@H](CO)[C@@H](O)[C@H]3O)c2[nH]1,CC(=O)O[C@@H]1[C@H](O)[C@](C)(CO)O[C@]1(C)n1cnc2c(=O)[nH]c(=O)[nH]c21,3,0.4,
O=c1[nH]c(=O)c2ncn([C@@H]3O[C@H](CO)[C@@H](O)[C@H]3O)c2[nH]1,CC(=O)OC(C)[C@H]1O[C@@H](n2cnc3c(=O)[nH]c(=O)[nH]c32)[C@@](C)(O)[C@@H]1O,3,0.4375,
O=c1[nH]c(=O)c2ncn([C@@H]3O[C@H](CO)[C@@H](O)[C@H]3O)c2[nH]1,CCC(=O)OC[C@H]1O[C@@H](n2cnc3c(=O)[nH]c(=O)[nH]c32)[C@H](O)[C@@]1(C)O,3,0.4921,
O=c1[nH]c(=O)c2ncn([C@@H]3O[C@H](CO)[C@@H](O)[C@H]3O)c2[nH]1,CC[C@@]1(CO)O[C@@H](n2cnc3c(=O)[nH]c(=O)[nH]c32)[C@H](O)[C@@H]1OC(C)=O,3,0.5079,
O=c1[nH]c(=O)c2ncn([C@@H]3O[C@H](CO)[C@@H](O)[C@H]3O)c2[nH]1,CCCC(=O)O[C@H]1[C@@H](O)[C@H](n2cnc3c(=O)[nH]c(=O)[nH]c32)O[C@@H]1CO,3,0.6667,
O=c1[nH]c(=O)c2ncn([C@@H]3O[C@H](CO)[C@@H](O)[C@H]3O)c2[nH]1,COC[C@H]1O[C@@H](n2c(C)nc3c(=O)[nH]c(=O)[nH]c32)[C@H](O)[C@@H]1OC(C)=O,3,0.3676,
O=c1[nH]c(=O)c2ncn([C@@H]3O[C@H](CO)[C@@H](O)[C@H]3O)c2[nH]1,CC(=O)OC(C)[C@]1(C)O[C@@H](n2cnc3c(=O)[nH]c(=O)[nH]c32)[C@H](O)[C@@H]1O,3,0.4918,
O=c1[nH]c(=O)c2ncn([C@@H]3O[C@H](CO)[C@@H](O)[C@H]3O)c2[nH]1,CC(=O)O[C@]1(C)[C@H](n2cnc3c(=O)[nH]c(=O)[nH]c32)O[C@H](CO)[C@]1(C)O,3,0.4839,
O=c1[nH]c(=O)c2ncn([C@@H]3O[C@H](CO)[C@@H](O)[C@H]3O)c2[nH]1,CC(=O)O[C@@]1(C)[C@H](O)[C@@H](CO)O[C@H]1n1c(C)nc2c(=O)[nH]c(=O)[nH]c21,3,0.3939,
O=c1[nH]c(=O)c2ncn([C@@H]3O[C@H](CO)[C@@H](O)[C@H]3O)c2[nH]1,COC[C@]1(C)O[C@@H](n2cnc3c(=O)[nH]c(=O)[nH]c32)[C@H](OC(C)=O)[C@@H]1O,3,0.4688,
O=c1[nH]c(=O)c2ncn([C@@H]3O[C@H](CO)[C@@H](O)[C@H]3O)c2[nH]1,CC(=O)OC[C@]1(C)O[C@](C)(n2cnc3c(=O)[nH]c(=O)[nH]c32)[C@H](O)[C@@H]1O,3,0.3846,
O=c1[nH]c(=O)c2ncn([C@@H]3O[C@H](CO)[C@@H](O)[C@H]3O)c2[nH]1,COC[C@H]1O[C@](C)(n2cnc3c(=O)[nH]c(=O)[nH]c32)[C@H](O)[C@@H]1OC(C)=O,3,0.3881,
O=c1[nH]c(=O)c2ncn([C@@H]3O[C@H](CO)[C@@H](O)[C@H]3O)c2[nH]1,CC(=O)O[C@]1(C)[C@@H](O)[C@H](n2cnc3c(=O)[nH]c(=O)[nH]c32)O[C@@]1(C)CO,3,0.5082,
O=c1[nH]c(=O)c2ncn([C@@H]3O[C@H](CO)[C@@H](O)[C@H]3O)c2[nH]1,CCC(O)[C@H]1O[C@@H](n2cnc3c(=O)[nH]c(=O)[nH]c32)[C@H](O)[C@@H]1OC(C)=O,3,0.5323,
O=c1[nH]c(=O)c2ncn([C@@H]3O[C@H](CO)[C@@H](O)[C@H]3O)c2[nH]1,COC[C@H]1O[C@@H](n2cnc3c(=O)[nH]c(=O)[nH]c32)[C@H](OC(C)=O)[C@@H]1OC,3,0.5246,
O=c1[nH]c(=O)c2ncn([C@@H]3O[C@H](CO)[C@@H](O)[C@H]3O)c2[nH]1,CO[C@@H]1[C@H](OC(C)=O)[C@@H](C(C)O)O[C@H]1n1cnc2c(=O)[nH]c(=O)[nH]c21,3,0.4531,
O=c1[nH]c(=O)c2ncn([C@@H]3O[C@H](CO)[C@@H](O)[C@H]3O)c2[nH]1,CO[C@H]1[C@@H](O)[C@@](C)(n2cnc3c(=O)[nH]c(=O)[nH]c32)O[C@@H]1COC(C)=O,3,0.3824,
O=c1[nH]c(=O)c2ncn([C@@H]3O[C@H](CO)[C@@H](O)[C@H]3O)c2[nH]1,CO[C@@]1(C)[C@H](O)[C@@H](COC(C)=O)O[C@H]1n1cnc2c(=O)[nH]c(=O)[nH]c21,3,0.4762,
O=c1[nH]c(=O)c2ncn([C@@H]3O[C@H](CO)[C@@H](O)[C@H]3O)c2[nH]1,CCC(=O)OC[C@H]1O[C@@H](n2cnc3c(=O)[nH]c(=O)[nH]c32)[C@@](C)(O)[C@@H]1O,3,0.4762,
O=c1[nH]c(=O)c2ncn([C@@H]3O[C@H](CO)[C@@H](O)[C@H]3O)c2[nH]1,CC[C@]1(O)[C@@H](CO)O[C@@H](n2cnc3c(=O)[nH]c(=O)[nH]c32)[C@@H]1OC(C)=O,3,0.5079,
O=c1[nH]c(=O)c2ncn([C@@H]3O[C@H](CO)[C@@H](O)[C@H]3O)c2[nH]1,CC(C)C(=O)O[C@@H]1[C@H](O)[C@@H](CO)O[C@H]1n1cnc2c(=O)[nH]c(=O)[nH]c21,3,0.6786,
O=c1[nH]c(=O)c2ncn([C@@H]3O[C@H](CO)[C@@H](O)[C@H]3O)c2[nH]1,COC[C@H]1O[C@@H](n2cnc3c(=O)[nH]c(=O)[nH]c32)[C@H](OC(C)=O)[C@@]1(C)O,3,0.4615,
O=c1[nH]c(=O)c2ncn([C@@H]3O[C@H](CO)[C@@H](O)[C@H]3O)c2[nH]1,CO[C@@H]1[C@@H](COC(C)=O)O[C@@H](n2cnc3c(=O)[nH]c(=O)[nH]c32)[C@@]1(C)O,3,0.4462,
O=c1[nH]c(=O)c2ncn([C@@H]3O[C@H](CO)[C@@H](O)[C@H]3O)c2[nH]1,COC[C@H]1O[C@](C)(n2cnc3c(=O)[nH]c(=O)[nH]c32)[C@H](OC(C)=O)[C@@H]1O,3,0.403,
O=c1[nH]c(=O)c2ncn([C@@H]3O[C@H](CO)[C@@H](O)[C@H]3O)c2[nH]1,CC(=O)O[C@H]1[C@](C)(O)[C@H](n2cnc3c(=O)[nH]c(=O)[nH]c32)O[C@@]1(C)CO,3,0.4444,
O=c1[nH]c(=O)c2ncn([C@@H]3O[C@H](CO)[C@@H](O)[C@H]3O)c2[nH]1,CC(=O)O[C@@H]1[C@@H](C(C)O)O[C@](C)(n2cnc3c(=O)[nH]c(=O)[nH]c32)[C@@H]1O,3,0.3582,
O=c1[nH]c(=O)c2ncn([C@@H]3O[C@H](CO)[C@@H](O)[C@H]3O)c2[nH]1,CCc1nc2c(=O)[nH]c(=O)[nH]c2n1[C@@H]1O[C@H](COC(C)=O)[C@@H](O)[C@H]1O,3,0.4219,
O=c1[nH]c(=O)c2ncn([C@@H]3O[C@H](CO)[C@@H](O)[C@H]3O)c2[nH]1,CCC(=O)O[C@H]1[C@@H](O)[C@@](C)(n2cnc3c(=O)[nH]c(=O)[nH]c32)O[C@@H]1CO,3,0.4462,
O=c1[nH]c(=O)c2ncn([C@@H]3O[C@H](CO)[C@@H](O)[C@H]3O)c2[nH]1,CC(=O)O[C@@H]1[C@@H](CO)O[C@@H](n2c(C)nc3c(=O)[nH]c(=O)[nH]c32)[C@@]1(C)O,3,0.3676,
O=c1[nH]c(=O)c2ncn([C@@H]3O[C@H](CO)[C@@H](O)[C@H]3O)c2[nH]1,CCO[C@@H]1[C@H](O)[C@@H](CO)O[C@H]1n1cnc2c(=O)[nH]c(=O)n(C(C)=O)c21,3,0.4688,
O=c1[nH]c(=O)c2ncn([C@@H]3O[C@H](CO)[C@@H](O)[C@H]3O)c2[nH]1,CO[C@H]1[C@H](n2cnc3c(=O)[nH]c(=O)[nH]c32)O[C@@](C)(COC(C)=O)[C@H]1O,3,0.4688,
O=c1[nH]c(=O)c2ncn([C@@H]3O[C@H](CO)[C@@H](O)[C@H]3O)c2[nH]1,COC[C@H]1O[C@@H](n2c(C)nc3c(=O)[nH]c(=O)[nH]c32)[C@H](OC(C)=O)[C@@H]1O,3,0.3676,
O=c1[nH]c(=O)c2ncn([C@@H]3O[C@H](CO)[C@@H](O)[C@H]3O)c2[nH]1,CCO[C@H]1[C@@H](O)[C@H](n2cnc3c(=O)n(C(C)=O)c(=O)[nH]c32)O[C@@H]1CO,3,0.4921,
O=c1[nH]c(=O)c2ncn([C@@H]3O[C@H](CO)[C@@H](O)[C@H]3O)c2[nH]1,COC[C@]1(C)O[C@@H](n2cnc3c(=O)[nH]c(=O)[nH]c32)[C@H](O)[C@@H]1OC(C)=O,3,0.4844,
O=c1[nH]c(=O)c2ncn([C@@H]3O[C@H](CO)[C@@H](O)[C@H]3O)c2[nH]1,CO[C@@H]1[C@H](O)[C@@H](C(C)OC(C)=O)O[C@H]1n1cnc2c(=O)[nH]c(=O)[nH]c21,3,0.4921,
O=c1[nH]c(=O)c2ncn([C@@H]3O[C@H](CO)[C@@H](O)[C@H]3O)c2[nH]1,CC(=O)OC(C)[C@H]1O[C@@H](n2c(C)nc3c(=O)[nH]c(=O)[nH]c32)[C@H](O)[C@@H]1O,3,0.3433,
O=c1[nH]c(=O)c2ncn([C@@H]3O[C@H](CO)[C@@H](O)[C@H]3O)c2[nH]1,COC[C@H]1O[C@@H](n2cnc3c(=O)[nH]c(=O)[nH]c32)[C@@](C)(O)[C@@H]1OC(C)=O,3,0.4462,
O=c1[nH]c(=O)c2ncn([C@@H]3O[C@H](CO)[C@@H](O)[C@H]3O)c2[nH]1,O=CCC(=O)O[C@H]1[C@@H](O)[C@H](n2cnc3c(=O)[nH]c(=O)[nH]c32)O[C@@H]1CO,3,0.6786,
O=c1[nH]c(=O)c2ncn([C@@H]3O[C@H](CO)[C@@H](O)[C@H]3O)c2[nH]1,CC(=O)O[C@@H]1[C@H](O)[C@@H](C(=O)O)O[C@]1(C)n1cnc2c(=O)[nH]c(=O)[nH]c21,3,0.3788,
O=c1[nH]c(=O)c2ncn([C@@H]3O[C@H](CO)[C@@H](O)[C@H]3O)c2[nH]1,CC(=O)C(C(=O)O)[C@H]1O[C@@H](n2cnc3c(=O)[nH]c(=O)[nH]c32)[C@H](O)[C@@H]1O,3,0.6182,
O=c1[nH]c(=O)c2ncn([C@@H]3O[C@H](CO)[C@@H](O)[C@H]3O)c2[nH]1,CC(=O)O[C@H]1[C@H](n2cnc3c(=O)[nH]c(=O)[nH]c32)O[C@@](C)(C(=O)O)[C@H]1O,3,0.4677,
O=c1[nH]c(=O)c2ncn([C@@H]3O[C@H](CO)[C@@H](O)[C@H]3O)c2[nH]1,C[C@]1(OC=O)[C@@H](COC=O)O[C@@H](n2cnc3c(=O)[nH]c(=O)[nH]c32)[C@@H]1O,3,0.5246,
O=c1[nH]c(=O)c2ncn([C@@H]3O[C@H](CO)[C@@H](O)[C@H]3O)c2[nH]1,CO[C@H]1[C@@H](OC(C)=O)[C@H](n2cnc3c(=O)[nH]c(=O)[nH]c32)O[C@@H]1C(=O)O,3,0.4677,
O=c1[nH]c(=O)c2ncn([C@@H]3O[C@H](CO)[C@@H](O)[C@H]3O)c2[nH]1,CO[C@H]1[C@@H](O)[C@H](n2cnc3c(=O)[nH]c(=O)[nH]c32)O[C@@H]1C(=O)OC(C)=O,3,0.5333,
O=c1[nH]c(=O)c2ncn([C@@H]3O[C@H](CO)[C@@H](O)[C@H]3O)c2[nH]1,Cc1nc2c(=O)[nH]c(=O)[nH]c2n1[C@@H]1O[C@H](COC=O)[C@@H](O)[C@H]1OC=O,3,0.3676,
O=c1[nH]c(=O)c2ncn([C@@H]3O[C@H](CO)[C@@H](O)[C@H]3O)c2[nH]1,O=C(O)CC(=O)[C@@H]1[C@H](O)[C@@H](CO)O[C@H]1n1cnc2c(=O)[nH]c(=O)[nH]c21,3,0.717,
O=c1[nH]c(=O)c2ncn([C@@H]3O[C@H](CO)[C@@H](O)[C@H]3O)c2[nH]1,CC(=O)OC(=O)[C@H]1O[C@@H](n2c(C)nc3c(=O)[nH]c(=O)[nH]c32)[C@H](O)[C@@H]1O,3,0.3594,
O=c1[nH]c(=O)c2ncn([C@@H]3O[C@H](CO)[C@@H](O)[C@H]3O)c2[nH]1,CC(=O)O[C@@H]1[C@H](O)[C@@H](COC=O)O[C@H]1n1cnc2c(=O)[nH]c(=O)[nH]c21,3,0.5484,
O=c1[nH]c(=O)c2ncn([C@@H]3O[C@H](CO)[C@@H](O)[C@H]3O)c2[nH]1,Cc1nc2c(=O)[nH]c(=O)[nH]c2n1[C@@H]1O[C@H](COC=O)[C@@H](OC=O)[C@H]1O,3,0.3676,
O=c1[nH]c(=O)c2ncn([C@@H]3O[C@H](CO)[C@@H](O)[C@H]3O)c2[nH]1,CC(=O)OC[C@H]1O[C@@H](n2cnc3c(=O)[nH]c(=O)[nH]c32)[C@H](O)[C@@H]1OC=O,3,0.5738,0.4844
O=c1[nH]c(=O)c2ncn([C@@H]3O[C@H](CO)[C@@H](O)[C@H]3O)c2[nH]1,CO[C@@H]1[C@H](OC(C)=O)[C@@H](C(=O)O)O[C@H]1n1cnc2c(=O)[nH]c(=O)[nH]c21,3,0.4677,
O=c1[nH]c(=O)c2ncn([C@@H]3O[C@H](CO)[C@@H](O)[C@H]3O)c2[nH]1,O=C(O)CC(=O)[C@H]1[C@@H](O)[C@H](n2cnc3c(=O)[nH]c(=O)[nH]c32)O[C@@H]1CO,3,0.7308,
O=c1[nH]c(=O)c2ncn([C@@H]3O[C@H](CO)[C@@H](O)[C@H]3O)c2[nH]1,CC(=O)OC(=O)[C@]1(C)O[C@@H](n2cnc3c(=O)[nH]c(=O)[nH]c32)[C@H](O)[C@@H]1O,3,0.5,
O=c1[nH]c(=O)c2ncn([C@@H]3O[C@H](CO)[C@@H](O)[C@H]3O)c2[nH]1,CC(=O)O[C@H]1[C@H](n2cnc3c(=O)[nH]c(=O)[nH]c32)O[C@H](C(=O)O)[C@]1(C)O,3,0.4603,
O=c1[nH]c(=O)c2ncn([C@@H]3O[C@H](CO)[C@@H](O)[C@H]3O)c2[nH]1,COC(=O)[C@H]1O[C@@H](n2cnc3c(=O)[nH]c(=O)[nH]c32)[C@H](OC(C)=O)[C@@H]1O,3,0.5167,
O=c1[nH]c(=O)c2ncn([C@@H]3O[C@H](CO)[C@@H](O)[C@H]3O)c2[nH]1,CC(=O)O[C@@H]1[C@@H](C(=O)O)O[C@](C)(n2cnc3c(=O)[nH]c(=O)[nH]c32)[C@@H]1O,3,0.3636,
O=c1[nH]c(=O)c2ncn([C@@H]3O[C@H](CO)[C@@H](O)[C@H]3O)c2[nH]1,CC(=O)O[C@@]1(C)[C@@H](C(=O)O)O[C@@H](n2cnc3c(=O)[nH]c(=O)[nH]c32)[C@@H]1O,3,0.5167,
O=c1[nH]c(=O)c2ncn([C@@H]3O[C@H](CO)[C@@H](O)[C@H]3O)c2[nH]1,C[C@]1(O)[C@@H](COC=O)O[C@@H](n2cnc3c(=O)[nH]c(=O)[nH]c32)[C@@H]1OC=O,3,0.4615,
O=c1[nH]c(=O)c2ncn([C@@H]3O[C@H](CO)[C@@H](O)[C@H]3O)c2[nH]1,Cc1nc2c(=O)[nH]c(=O)[nH]c2n1[C@@H]1O[C@H](CO)[C@@H](OC=O)[C@H]1OC=O,3,0.4127,
O=c1[nH]c(=O)c2ncn([C@@H]3O[C@H](CO)[C@@H](O)[C@H]3O)c2[nH]1,C[C@@]1(COC=O)O[C@@H](n2cnc3c(=O)[nH]c(=O)[nH]c32)[C@H](O)[C@@H]1OC=O,3,0.4844,
O=c1[nH]c(=O)c2ncn([C@@H]3O[C@H](CO)[C@@H](O)[C@H]3O)c2[nH]1,CCC(=O)O[C@H]1[C@@H](O)[C@H](n2cnc3c(=O)[nH]c(=O)[nH]c32)O[C@@H]1C(=O)O,3,0.55,
O=c1[nH]c(=O)c2ncn([C@@H]3O[C@H](CO)[C@@H](O)[C@H]3O)c2[nH]1,CC(OC=O)[C@H]1O[C@@H](n2cnc3c(=O)[nH]c(=O)[nH]c32)[C@H](O)[C@@H]1OC=O,3,0.5161,
O=c1[nH]c(=O)c2ncn([C@@H]3O[C@H](CO)[C@@H](O)[C@H]3O)c2[nH]1,CC(=O)OC(=O)[C@H]1O[C@@H](n2cnc3c(=O)[nH]c(=O)[nH]c32)[C@@](C)(O)[C@@H]1O,3,0.4516,
O=c1[nH]c(=O)c2ncn([C@@H]3O[C@H](CO)[C@@H](O)[C@H]3O)c2[nH]1,O=C(O)CC(=O)C[C@H]1O[C@@H](n2cnc3c(=O)[nH]c(=O)[nH]c32)[C@H](O)[C@@H]1O,3,0.7115,
O=c1[nH]c(=O)c2ncn([C@@H]3O[C@H](CO)[C@@H](O)[C@H]3O)c2[nH]1,C[C@@]1(CO)O[C@@H](n2cnc3c(=O)[nH]c(=O)[nH]c32)[C@H](OC=O)[C@@H]1OC=O,3,0.4762,
O=c1[nH]c(=O)c2ncn([C@@H]3O[C@H](CO)[C@@H](O)[C@H]3O)c2[nH]1,CO[C@@H]1[C@H](O)[C@@H](C(=O)OC(C)=O)O[C@H]1n1cnc2c(=O)[nH]c(=O)[nH]c21,3,0.5167,
O=c1[nH]c(=O)c2ncn([C@@H]3O[C@H](CO)[C@@H](O)[C@H]3O)c2[nH]1,C[C@]1(OC=O)[C@@H](CO)O[C@@H](n2cnc3c(=O)[nH]c(=O)[nH]c32)[C@@H]1OC=O,3,0.5161,
O=c1[nH]c(=O)c2ncn([C@@H]3O[C@H](CO)[C@@H](O)[C@H]3O)c2[nH]1,CC(OC=O)[C@H]1O[C@@H](n2cnc3c(=O)[nH]c(=O)[nH]c32)[C@H](OC=O)[C@@H]1O,3,0.4921,
O=c1[nH]c(=O)c2ncn([C@@H]3O[C@H](CO)[C@@H](O)[C@H]3O)c2[nH]1,O=CCC(=O)O[C@@H]1[C@H](O)[C@@H](CO)O[C@H]1n1cnc2c(=O)[nH]c(=O)[nH]c21,3,0.6786,
O=c1[nH]c(=O)c2ncn([C@@H]3O[C@H](CO)[C@@H](O)[C@H]3O)c2[nH]1,CCC(=O)O[C@@H]1[C@H](O)[C@@H](C(=O)O)O[C@H]1n1cnc2c(=O)[nH]c(=O)[nH]c21,3,0.5246,
O=c1[nH]c(=O)c2ncn([C@@H]3O[C@H](CO)[C@@H](O)[C@H]3O)c2[nH]1,CC(=O)O[C@H]1[C@@H](O)[C@H](n2cnc3c(=O)[nH]c(=O)[nH]c32)O[C@@H]1COC=O,3,0.5738,0.5161
O=c1[nH]c(=O)c2ncn([C@@H]3O[C@H](CO)[C@@H](O)[C@H]3O)c2[nH]1,CC(=O)O[C@@]1(C)[C@H](O)[C@@H](C(=O)O)O[C@H]1n1cnc2c(=O)[nH]c(=O)[nH]c21,3,0.4516,
O=c1[nH]c(=O)c2ncn([C@@H]3O[C@H](CO)[C@@H](O)[C@H]3O)c2[nH]1,C[C@H]1O[C@@H](n2cnc3c(=O)[nH]c(=O)[nH]c32)[C@H](OC(=O)CC(=O)O)[C@@H]1O,3,0.5246,
O=c1[nH]c(=O)c2ncn([C@@H]3O[C@H](CO)[C@@H](O)[C@H]3O)c2[nH]1,CC(=O)O[C@@H]1[C@H](O)[C@@H](C(=O)O)O[C@H]1n1c(C)nc2c(=O)[nH]c(=O)[nH]c21,3,0.3235,
O=c1[nH]c(=O)c2ncn([C@@H]3O[C@H](CO)[C@@H](O)[C@H]3O)c2[nH]1,C[C@@]1(COC=O)O[C@@H](n2cnc3c(=O)[nH]c(=O)[nH]c32)[C@H](OC=O)[C@@H]1O,3,0.4688,
O=c1[nH]c(=O)c2ncn([C@@H]3O[C@H](CO)[C@@H](O)[C@H]3O)c2[nH]1,C[C@]1(n2cnc3c(=O)[nH]c(=O)[nH]c32)O[C@H](CO)[C@@H](OC=O)[C@H]1OC=O,3,0.4308,
O=c1[nH]c(=O)c2ncn([C@@H]3O[C@H](CO)[C@@H](O)[C@H]3O)c2[nH]1,CC(O)[C@H]1O[C@@H](n2cnc3c(=O)[nH]c(=O)[nH]c32)[C@H](OC=O)[C@@H]1OC=O,3,0.4754,
O=c1[nH]c(=O)c2ncn([C@@H]3O[C@H](CO)[C@@H](O)[C@H]3O)c2[nH]1,CC(=O)OC(=O)[C@H]1O[C@](C)(n2cnc3c(=O)[nH]c(=O)[nH]c32)[C@H](O)[C@@H]1O,3,0.3846,
O=c1[nH]c(=O)c2ncn([C@@H]3O[C@H](CO)[C@@H](O)[C@H]3O)c2[nH]1,C[C@]1(OC=O)[C@H](OC=O)[C@@H](CO)O[C@H]1n1cnc2c(=O)[nH]c(=O)[nH]c21,3,0.5246,
O=c1[nH]c(=O)c2ncn([C@@H]3O[C@H](CO)[C@@H](O)[C@H]3O)c2[nH]1,C[C@H]1O[C@@H](n2cnc3c(=O)[nH]c(=O)[nH]c32)[C@H](O)[C@@H]1OC(=O)CC(=O)O,3,0.55,
O=c1[nH]c(=O)c2ncn([C@@H]3O[C@H](CO)[C@@H](O)[C@H]3O)c2[nH]1,CC(=O)OC(=O)[C@H]1O[C@@H](n2cnc3c(=O)[nH]c(=O)[nH]c32)[C@H](O)[C@@]1(C)O,3,0.5,
O=c1[nH]c(=O)c2ncn([C@@H]3O[C@H](CO)[C@@H](O)[C@H]3O)c2[nH]1,C[C@]1(n2cnc3c(=O)[nH]c(=O)[nH]c32)O[C@H](COC=O)[C@@H](OC=O)[C@H]1O,3,0.3881,
O=c1[nH]c(=O)c2ncn([C@@H]3O[C@H](CO)[C@@H](O)[C@H]3O)c2[nH]1,CC(=O)O[C@H]1[C@@H](OC=O)[C@H](n2cnc3c(=O)[nH]c(=O)[nH]c32)O[C@@H]1CO,3,0.5833,
O=c1[nH]c(=O)c2ncn([C@@H]3O[C@H](CO)[C@@H](O)[C@H]3O)c2[nH]1,CC(=O)OC[C@H]1O[C@@H](n2cnc3c(=O)[nH]c(=O)[nH]c32)[C@H](OC=O)[C@@H]1O,3,0.5484,
O=c1[nH]c(=O)c2ncn([C@@H]3O[C@H](CO)[C@@H](O)[C@H]3O)c2[nH]1,CC(=O)O[C@H]1[C@@H](O)[C@H](n2cnc3c(=O)[nH]c(=O)[nH]c32)O[C@@]1(C)C(=O)O,3,0.4839,
O=c1[nH]c(=O)c2ncn([C@@H]3O[C@H](CO)[C@@H](O)[C@H]3O)c2[nH]1,C[C@]1(O)[C@H](OC=O)[C@@H](COC=O)O[C@H]1n1cnc2c(=O)[nH]c(=O)[nH]c21,3,0.4462,
O=c1[nH]c(=O)c2ncn([C@@H]3O[C@H](CO)[C@@H](O)[C@H]3O)c2[nH]1,CC(=O)O[C@H]1[C@@H](O)[C@H](n2c(C)nc3c(=O)[nH]c(=O)[nH]c32)O[C@@H]1C(=O)O,3,0.3235,
O=c1[nH]c(=O)c2ncn([C@@H]3O[C@H](CO)[C@@H](O)[C@H]3O)c2[nH]1,C[C@]1(n2cnc3c(=O)[nH]c(=O)[nH]c32)O[C@H](COC=O)[C@@H](O)[C@H]1OC=O,3,0.4179,
O=c1[nH]c(=O)c2ncn([C@@H]3O[C@H](CO)[C@@H](O)[C@H]3O)c2[nH]1,C[C@]1(OC=O)[C@H](O)[C@@H](COC=O)O[C@H]1n1cnc2c(=O)[nH]c(=O)[nH]c21,3,0.4839,
O=c1[nH]c(=O)c2ncn([C@@H]3O[C@H](CO)[C@@H](O)[C@H]3O)c2[nH]1,COC(=O)[C@H]1O[C@@H](n2cnc3c(=O)[nH]c(=O)[nH]c32)[C@H](O)[C@@H]1OC(C)=O,3,0.5333,
O=c1[nH]c(=O)c2ncn([C@@H]3O[C@H](CO)[C@@H](O)[C@H]3O)c2[nH]1,O=CCC(=O)OC[C@H]1O[C@@H](n2cnc3c(=O)[nH]c(=O)[nH]c32)[C@H](O)[C@@H]1O,3,0.6727,
O=c1[nH]c(=O)c2ncn([C@@H]3O[C@H](CO)[C@@H](O)[C@H]3O)c2[nH]1,CC(=O)O[C@@H]1[C@@H](C(=O)O)O[C@@H](n2cnc3c(=O)[nH]c(=O)[nH]c32)[C@@]1(C)O,3,0.4219,
O=c1[nH]c(=O)c2ncn([C@@H]3O[C@H](CO)[C@@H](O)[C@H]3O)c2[nH]1,CC(=O)O[C@@H]1[C@H](OC=O)[C@@H](CO)O[C@H]1n1cnc2c(=O)[nH]c(=O)[nH]c21,3,0.5833,
O=c1[nH]c(=O)c2ncn([C@@H]3O[C@H](CO)[C@@H](O)[C@H]3O)c2[nH]1,CCC(=O)OC(=O)[C@H]1O[C@@H](n2cnc3c(=O)[nH]c(=O)[nH]c32)[C@H](O)[C@@H]1O,3,0.6182,
O=c1[nH]c(=O)c2ncn([C@@H]3O[C@H](CO)[C@@H](O)[C@H]3O)c2[nH]1,CC(O)O[C@@H]1[C@H](O)[C@@H](C(O)C#N)O[C@H]1n1cnc2c(=O)[nH]c(=O)[nH]c21,3,0.5079,
O=c1[nH]c(=O)c2ncn([C@@H]3O[C@H](CO)[C@@H](O)[C@H]3O)c2[nH]1,Cc1nc2c(=O)[nH]c(=O)[nH]c2n1[C@@H]1O[C@H](COC(O)C#N)[C@@H](O)[C@H]1O,3,0.4091,
O=c1[nH]c(=O)c2ncn([C@@H]3O[C@H](CO)[C@@H](O)[C@H]3O)c2[nH]1,CC(O)O[C@H]1[C@@H](O)[C@H](n2c(C#N)nc3c(=O)[nH]c(=O)[nH]c32)O[C@@H]1CO,3,0.4118,
O=c1[nH]c(=O)c2ncn([C@@H]3O[C@H](CO)[C@@H](O)[C@H]3O)c2[nH]1,CC(OC(O)C#N)[C@H]1O[C@@H](n2cnc3c(=O)[nH]c(=O)[nH]c32)[C@H](O)[C@@H]1O,3,0.5593,
O=c1[nH]c(=O)c2ncn([C@@H]3O[C@H](CO)[C@@H](O)[C@H]3O)c2[nH]1,CC(O)OC[C@H]1O[C@](C#N)(n2cnc3c(=O)[nH]c(=O)[nH]c32)[C@H](O)[C@@H]1O,3,0.3913,
O=c1[nH]c(=O)c2ncn([C@@H]3O[C@H](CO)[C@@H](O)[C@H]3O)c2[nH]1,N#CCC(O)O[C@@H]1[C@H](O)[C@@H](CO)O[C@H]1n1cnc2c(=O)[nH]c(=O)[nH]c21,3,0.6441,
O=c1[nH]c(=O)c2ncn([C@@H]3O[C@H](CO)[C@@H](O)[C@H]3O)c2[nH]1,CC(O)O[C@@H]1[C@H](O)[C@@H](CO)O[C@]1(C#N)n1cnc2c(=O)[nH]c(=O)[nH]c21,3,0.4412,
O=c1[nH]c(=O)c2ncn([C@@H]3O[C@H](CO)[C@@H](O)[C@H]3O)c2[nH]1,CC(O)OC[C@H]1O[C@@H](n2c(C#N)nc3c(=O)[nH]c(=O)[nH]c32)[C@H](O)[C@@H]1O,3,0.4091,
O=c1[nH]c(=O)c2ncn([C@@H]3O[C@H](CO)[C@@H](O)[C@H]3O)c2[nH]1,N#CCC(O)O[C@H]1[C@@H](O)[C@H](n2cnc3c(=O)[nH]c(=O)[nH]c32)O[C@@H]1CO,3,0.6441,
O=c1[nH]c(=O)c2ncn([C@@H]3O[C@H](CO)[C@@H](O)[C@H]3O)c2[nH]1,CC(O)OC[C@H]1O[C@@H](n2cnc3c(=O)[nH]c(=O)[nH]c32)[C@](O)(C#N)[C@@H]1O,3,0.4545,
O=c1[nH]c(=O)c2ncn([C@@H]3O[C@H](CO)[C@@H](O)[C@H]3O)c2[nH]1,CC(O)(C#N)O[C@@H]1CO[C@](CO)(n2cnc3c(=O)[nH]c(=O)[nH]c32)[C@@H]1O,3,0.3611,
O=c1[nH]c(=O)c2ncn([C@@H]3O[C@H](CO)[C@@H](O)[C@H]3O)c2[nH]1,CC(O)O[C@H]1[C@H](n2cnc3c(=O)[nH]c(=O)[nH]c32)O[C@H](CO)[C@@]1(O)C#N,3,0.4848,
O=c1[nH]c(=O)c2ncn([C@@H]3O[C@H](CO)[C@@H](O)[C@H]3O)c2[nH]1,C[C@]1(n2cnc3c(=O)[nH]c(=O)[nH]c32)O[C@H](CO)[C@@H](O)[C@H]1OC(O)C#N,3,0.4412,
O=c1[nH]c(=O)c2ncn([C@@H]3O[C@H](CO)[C@@H](O)[C@H]3O)c2[nH]1,C[C@@]1(CO)O[C@@H](n2cnc3c(=O)[nH]c(=O)[nH]c32)[C@H](OC(O)C#N)[C@@H]1O,3,0.4697,
O=c1[nH]c(=O)c2ncn([C@@H]3O[C@H](CO)[C@@H](O)[C@H]3O)c2[nH]1,CC(O)(C#N)O[C@@H]1[C@H](O)[C@@H](CO)O[C@H]1n1cnc2c(=O)[nH]c(=O)[nH]c21,2,0.6441,
O=c1[nH]c(=O)c2ncn([C@@H]3O[C@H](CO)[C@@H](O)[C@H]3O)c2[nH]1,CC(O)O[C@@]1(C#N)[C@@H](CO)O[C@@H](n2cnc3c(=O)[nH]c(=O)[nH]c32)[C@@H]1O,3,0.5156,
O=c1[nH]c(=O)c2ncn([C@@H]3O[C@H](CO)[C@@H](O)[C@H]3O)c2[nH]1,CC(O)(C#N)O[C@@H]1[C@H](O)CO[C@]1(CO)n1cnc2c(=O)[nH]c(=O)[nH]c21,3,0.3562,
O=c1[nH]c(=O)c2ncn([C@@H]3O[C@H](CO)[C@@H](O)[C@H]3O)c2[nH]1,CC(O)O[C@@H]1[C@@H](CO)O[C@@H](n2cnc3c(=O)[nH]c(=O)[nH]c32)[C@]1(O)C#N,3,0.4923,
O=c1[nH]c(=O)c2ncn([C@@H]3O[C@H](CO)[C@@H](O)[C@H]3O)c2[nH]1,CC(O)(C#N)O[C@H]1[C@@H](O)[C@H](n2cnc3c(=O)[nH]c(=O)[nH]c32)O[C@@H]1CO,2,0.6441,
O=c1[nH]c(=O)c2ncn([C@@H]3O[C@H](CO)[C@@H](O)[C@H]3O)c2[nH]1,CC(O)OC[C@H]1O[C@@H](n2cnc3c(=O)[nH]c(=O)[nH]c32)[C@H](O)[C@]1(O)C#N,3,0.4697,
O=c1[nH]c(=O)c2ncn([C@@H]3O[C@H](CO)[C@@H](O)[C@H]3O)c2[nH]1,CC(O)O[C@H]1[C@@H](O)[C@H](n2cnc3c(=O)[nH]c(=O)[nH]c32)O[C@@]1(C#N)CO,3,0.4848,
O=c1[nH]c(=O)c2ncn([C@@H]3O[C@H](CO)[C@@H](O)[C@H]3O)c2[nH]1,C[C@]1(O)[C@H](OC(O)C#N)[C@@H](CO)O[C@H]1n1cnc2c(=O)[nH]c(=O)[nH]c21,3,0.4923,
O=c1[nH]c(=O)c2ncn([C@@H]3O[C@H](CO)[C@@H](O)[C@H]3O)c2[nH]1,Cc1nc2c(=O)[nH]c(=O)[nH]c2n1[C@@H]1O[C@H](CO)[C@@H](O)[C@H]1OC(O)C#N,3,0.4328,
O=c1[nH]c(=O)c2ncn([C@@H]3O[C@H](CO)[C@@H](O)[C@H]3O)c2[nH]1,C[C@]1(O)[C@H](O)[C@@H](COC(O)C#N)O[C@H]1n1cnc2c(=O)[nH]c(=O)[nH]c21,3,0.4615,
O=c1[nH]c(=O)c2ncn([C@@H]3O[C@H](CO)[C@@H](O)[C@H]3O)c2[nH]1,Cc1nc2c(=O)[nH]c(=O)[nH]c2n1[C@@H]1O[C@H](CO)[C@@H](OC(O)C#N)[C@H]1O,3,0.4118,
O=c1[nH]c(=O)c2ncn([C@@H]3O[C@H](CO)[C@@H](O)[C@H]3O)c2[nH]1,CC(O)O[C@@]1(C#N)[C@H](O)[C@@H](CO)O[C@H]1n1cnc2c(=O)[nH]c(=O)[nH]c21,3,0.5238,
O=c1[nH]c(=O)c2ncn([C@@H]3O[C@H](CO)[C@@H](O)[C@H]3O)c2[nH]1,CC(O)[C@H]1O[C@@H](n2cnc3c(=O)[nH]c(=O)[nH]c32)[C@H](OC(O)C#N)[C@@H]1O,3,0.4844,
O=c1[nH]c(=O)c2ncn([C@@H]3O[C@H](CO)[C@@H](O)[C@H]3O)c2[nH]1,C[C@]1(n2cnc3c(=O)[nH]c(=O)[nH]c32)O[C@H](CO)[C@@H](OC(O)C#N)[C@H]1O,3,0.4265,
O=c1[nH]c(=O)c2ncn([C@@H]3O[C@H](CO)[C@@H](O)[C@H]3O)c2[nH]1,C[C@@]1(COC(O)C#N)O[C@@H](n2cnc3c(=O)[nH]c(=O)[nH]c32)[C@H](O)[C@@H]1O,3,0.4844,
O=c1[nH]c(=O)c2ncn([C@@H]3O[C@H](CO)[C@@H](O)[C@H]3O)c2[nH]1,CC(O)OC[C@]1(C#N)O[C@@H](n2cnc3c(=O)[nH]c(=O)[nH]c32)[C@H](O)[C@@H]1O,3,0.5,
O=c1[nH]c(=O)c2ncn([C@@H]3O[C@H](CO)[C@@H](O)[C@H]3O)c2[nH]1,CC(O)O[C@@H]1[C@H](O)[C@@H](CO)O[C@H]1n1c(C#N)nc2c(=O)[nH]c(=O)[nH]c21,3,0.4328,
O=c1[nH]c(=O)c2ncn([C@@H]3O[C@H](CO)[C@@H](O)[C@H]3O)c2[nH]1,CC(O)OC(C#N)[C@H]1O[C@@H](n2cnc3c(=O)[nH]c(=O)[nH]c32)[C@H](O)[C@@H]1O,3,0.541,
O=c1[nH]c(=O)c2ncn([C@@H]3O[C@H](CO)[C@@H](O)[C@H]3O)c2[nH]1,CC(O)(C#N)OC[C@H]1O[C@@H](n2cnc3c(=O)[nH]c(=O)[nH]c32)[C@H](O)[C@@H]1O,2,0.6491,
O=c1[nH]c(=O)c2ncn([C@@H]3O[C@H](CO)[C@@H](O)[C@H]3O)c2[nH]1,C[C@]1(OC(O)C#N)[C@@H](CO)O[C@@H](n2cnc3c(=O)[nH]c(=O)[nH]c32)[C@@H]1O,3,0.5397,
O=c1[nH]c(=O)c2ncn([C@@H]3O[C@H](CO)[C@@H](O)[C@H]3O)c2[nH]1,C[C@]1(O)[C@@H](COC(O)C#N)O[C@@H](n2cnc3c(=O)[nH]c(=O)[nH]c32)[C@@H]1O,3,0.4769,
O=c1[nH]c(=O)c2ncn([C@@H]3O[C@H](CO)[C@@H](O)[C@H]3O)c2[nH]1,C[C@]1(OC(O)C#N)[C@H](O)[C@@H](CO)O[C@H]1n1cnc2c(=O)[nH]c(=O)[nH]c21,3,0.5238,
O=c1[nH]c(=O)c2ncn([C@@H]3O[C@H](CO)[C@@H](O)[C@H]3O)c2[nH]1,CC(O)(C#N)OC[C@]1(n2cnc3c(=O)[nH]c(=O)[nH]c32)OC[C@@H](O)[C@H]1O,3,0.3472,
O=c1[nH]c(=O)c2ncn([C@@H]3O[C@H](CO)[C@@H](O)[C@H]3O)c2[nH]1,C[C@@]1(CO)O[C@@H](n2cnc3c(=O)[nH]c(=O)[nH]c32)[C@H](O)[C@@H]1OC(O)C#N,3,0.4848,
O=c1[nH]c(=O)c2ncn([C@@H]3O[C@H](CO)[C@@H](O)[C@H]3O)c2[nH]1,C[C@]1(n2cnc3c(=O)[nH]c(=O)[nH]c32)O[C@H](COC(O)C#N)[C@@H](O)[C@H]1O,3,0.3971,
O=c1[nH]c(=O)c2ncn([C@@H]3O[C@H](CO)[C@@H](O)[C@H]3O)c2[nH]1,CC(O)[C@H]1O[C@@H](n2cnc3c(=O)[nH]c(=O)[nH]c32)[C@H](O)[C@@H]1OC(O)C#N,3,0.5079,
O=c1[nH]c(=O)c2ncn([C@@H]3O[C@H](CO)[C@@H](O)[C@H]3O)c2[nH]1,CC(O)O[C@H]1[C@@H](O)[C@H](n2cnc3c(=O)[nH]c(=O)[nH]c32)O[C@@H]1C(O)C#N,3,0.5161,
O=c1[nH]c(=O)c2ncn([C@@H]3O[C@H](CO)[C@@H](O)[C@H]3O)c2[nH]1,CC(O)O[C@H]1[C@@H](O)[C@@](C#N)(n2cnc3c(=O)[nH]c(=O)[nH]c32)O[C@@H]1CO,3,0.4265,
O=c1[nH]c(=O)c2ncn([C@@H]3O[C@H](CO)[C@@H](O)[C@H]3O)c2[nH]1,N#CCC(O)OC[C@H]1O[C@@H](n2cnc3c(=O)[nH]c(=O)[nH]c32)[C@H](O)[C@@H]1O,3,0.6379,
O=c1[nH]c(=O)c2ncn([C@@H]3O[C@H](CO)[C@@H](O)[C@H]3O)c2[nH]1,CC(O)O[C@H]1[C@H](n2cnc3c(=O)[nH]c(=O)[nH]c32)O[C@@](C#N)(CO)[C@H]1O,3,0.4697,
O=c1[nH]c(=O)c2ncn([C@@H]3O[C@H](CO)[C@@H](O)[C@H]3O)c2[nH]1,C[C@]1(O)[C@@H](CO)O[C@@H](n2cnc3c(=O)[nH]c(=O)[nH]c32)[C@@H]1OC(O)C#N,3,0.4923,
O=c1[nH]c(=O)c2ncn([C@@H]3O[C@H](CO)[C@@H](O)[C@H]3O)c2[nH]1,CC(=O)C[C@H]1O[C@@H](n2cnc3c(=O)[nH]c(=O)n(C(C)=O)c32)[C@H](O)[C@@H]1O,3,0.4915,
O=c1[nH]c(=O)c2ncn([C@@H]3O[C@H](CO)[C@@H](O)[C@H]3O)c2[nH]1,CC(=O)[C@H]1[C@@H](O)[C@H](n2cnc3c(=O)[nH]c(=O)n(C(C)=O)c32)O[C@@H]1CO,3,0.5085,
O=c1[nH]c(=O)c2ncn([C@@H]3O[C@H](CO)[C@@H](O)[C@H]3O)c2[nH]1,CC(=O)CC(=O)C[C@H]1O[C@@H](n2cnc3c(=O)[nH]c(=O)[nH]c32)[C@H](O)[C@@H]1O,3,0.6981,
O=c1[nH]c(=O)c2ncn([C@@H]3O[C@H](CO)[C@@H](O)[C@H]3O)c2[nH]1,CC(=O)C(C(C)=O)[C@H]1O[C@@H](n2cnc3c(=O)[nH]c(=O)[nH]c32)[C@H](O)[C@@H]1O,3,0.6226,
O=c1[nH]c(=O)c2ncn([C@@H]3O[C@H](CO)[C@@H](O)[C@H]3O)c2[nH]1,CC(=O)C[C@H]1O[C@@H](n2c(C(C)=O)nc3c(=O)[nH]c(=O)[nH]c32)[C@H](O)[C@@H]1O,3,0.45,
O=c1[nH]c(=O)c2ncn([C@@H]3O[C@H](CO)[C@@H](O)[C@H]3O)c2[nH]1,CC(=O)O[C@@H]1[C@H](O)[C@@H](C)O[C@H]1n1cnc2c(=O)n(C(C)=O)c(=O)[nH]c21,3,0.3636,
O=c1[nH]c(=O)c2ncn([C@@H]3O[C@H](CO)[C@@H](O)[C@H]3O)c2[nH]1,CC(=O)O[C@@H]1[C@H](O)[C@@H](C)O[C@H]1n1cnc2c(=O)[nH]c(=O)n(C(C)=O)c21,3,0.3433,
O=c1[nH]c(=O)c2ncn([C@@H]3O[C@H](CO)[C@@H](O)[C@H]3O)c2[nH]1,CC(=O)[C@H]1[C@@H](O)[C@H](n2cnc3c(=O)n(C(C)=O)c(=O)[nH]c32)O[C@@H]1CO,3,0.5345,
O=c1[nH]c(=O)c2ncn([C@@H]3O[C@H](CO)[C@@H](O)[C@H]3O)c2[nH]1,CC(=O)O[C@@H]1[C@H](C(C)=O)[C@@H](CO)O[C@H]1n1cnc2c(=O)[nH]c(=O)[nH]c21,3,0.625,
O=c1[nH]c(=O)c2ncn([C@@H]3O[C@H](CO)[C@@H](O)[C@H]3O)c2[nH]1,CC(=O)C[C@H]1O[C@](C(C)=O)(n2cnc3c(=O)[nH]c(=O)[nH]c32)[C@H](O)[C@@H]1O,3,0.4355,
O=c1[nH]c(=O)c2ncn([C@@H]3O[C@H](CO)[C@@H](O)[C@H]3O)c2[nH]1,CC(=O)C[C@H]1O[C@@H](n2cnc3c(=O)[nH]c(=O)[nH]c32)[C@](O)(C(C)=O)[C@@H]1O,3,0.5085,
O=c1[nH]c(=O)c2ncn([C@@H]3O[C@H](CO)[C@@H](O)[C@H]3O)c2[nH]1,CC(=O)O[C@H]1[C@@H](O)[C@H](n2cnc3c(=O)n(C(C)=O)c(=O)[nH]c32)O[C@@H]1C,3,0.3846,
O=c1[nH]c(=O)c2ncn([C@@H]3O[C@H](CO)[C@@H](O)[C@H]3O)c2[nH]1,CC(=O)[C@@H]1[C@H](O)[C@@H](CO)O[C@H]1n1cnc2c(=O)[nH]c(=O)n(C(C)=O)c21,3,0.5,
O=c1[nH]c(=O)c2ncn([C@@H]3O[C@H](CO)[C@@H](O)[C@H]3O)c2[nH]1,CC(=O)C[C@H]1O[C@@H](n2cnc3c(=O)[nH]c(=O)[nH]c32)[C@H](OC(C)=O)[C@@H]1O,3,0.5862,
O=c1[nH]c(=O)c2ncn([C@@H]3O[C@H](CO)[C@@H](O)[C@H]3O)c2[nH]1,CC(=O)OC[C@H]1O[C@@H](n2cnc3c(=O)[nH]c(=O)[nH]c32)[C@H](C(C)=O)[C@@H]1O,3,0.5862,
O=c1[nH]c(=O)c2ncn([C@@H]3O[C@H](CO)[C@@H](O)[C@H]3O)c2[nH]1,CC(=O)O[C@H]1[C@@H](O)[C@H](n2cnc3c(=O)[nH]c(=O)n(C(C)=O)c32)O[C@@H]1C,3,0.3636,
O=c1[nH]c(=O)c2ncn([C@@H]3O[C@H](CO)[C@@H](O)[C@H]3O)c2[nH]1,CC(=O)C[C@]1(C(C)=O)O[C@@H](n2cnc3c(=O)[nH]c(=O)[nH]c32)[C@H](O)[C@@H]1O,3,0.5345,
O=c1[nH]c(=O)c2ncn([C@@H]3O[C@H](CO)[C@@H](O)[C@H]3O)c2[nH]1,CC(=O)O[C@@H]1[C@H](OC(C)=O)[C@@H](C)O[C@H]1n1cnc2c(=O)[nH]c(=O)[nH]c21,3,0.5088,
O=c1[nH]c(=O)c2ncn([C@@H]3O[C@H](CO)[C@@H](O)[C@H]3O)c2[nH]1,CC(=O)C[C@H]1O[C@@H](n2cnc3c(=O)n(C(C)=O)c(=O)[nH]c32)[C@H](O)[C@@H]1O,3,0.5172,
O=c1[nH]c(=O)c2ncn([C@@H]3O[C@H](CO)[C@@H](O)[C@H]3O)c2[nH]1,CC(=O)OC[C@H]1O[C@@H](n2cnc3c(=O)[nH]c(=O)[nH]c32)[C@H](O)[C@@H]1C(C)=O,3,0.614,
O=c1[nH]c(=O)c2ncn([C@@H]3O[C@H](CO)[C@@H](O)[C@H]3O)c2[nH]1,CC(=O)O[C@H]1[C@@H](C(C)=O)[C@H](n2cnc3c(=O)[nH]c(=O)[nH]c32)O[C@@H]1CO,3,0.614,
O=c1[nH]c(=O)c2ncn([C@@H]3O[C@H](CO)[C@@H](O)[C@H]3O)c2[nH]1,CC(=O)[C@@H]1[C@H](O)[C@@H](CO)O[C@H]1n1cnc2c(=O)n(C(C)=O)c(=O)[nH]c21,3,0.5254,
O=c1[nH]c(=O)c2ncn([C@@H]3O[C@H](CO)[C@@H](O)[C@H]3O)c2[nH]1,CC(=O)C[C@H]1O[C@@H](n2cnc3c(=O)[nH]c(=O)[nH]c32)[C@H](O)[C@@H]1OC(C)=O,3,0.614,
O=c1[nH]c(=O)c2ncn([C@@H]3O[C@H](CO)[C@@H](O)[C@H]3O)c2[nH]1,CC(=O)C[C@H]1O[C@@H](n2cnc3c(=O)[nH]c(=O)[nH]c32)[C@H](O)[C@]1(O)C(C)=O,3,0.5254,
O=c1[nH]c(=O)c2ncn([C@@H]3O[C@H](CO)[C@@H](O)[C@H]3O)c2[nH]1,O=CCC(=O)O[C@@H]1[C@H](O)[C@@H](C=O)O[C@H]1n1cnc2c(=O)[nH]c(=O)[nH]c21,3,0.5246,
O=c1[nH]c(=O)c2ncn([C@@H]3O[C@H](CO)[C@@H](O)[C@H]3O)c2[nH]1,O=C1C=C(O[C@@H]2[C@H](O)[C@@H](CO)O[C@H]2n2cnc3c(=O)[nH]c(=O)[nH]c32)O1,3,0.6909,
O=c1[nH]c(=O)c2ncn([C@@H]3O[C@H](CO)[C@@H](O)[C@H]3O)c2[nH]1,O=C1C=C(OC[C@H]2O[C@@H](n3cnc4c(=O)[nH]c(=O)[nH]c43)[C@H](O)[C@@H]2O)O1,3,0.6981,
O=c1[nH]c(=O)c2ncn([C@@H]3O[C@H](CO)[C@@H](O)[C@H]3O)c2[nH]1,O=CCC(=O)O[C@H]1[C@@H](O)[C@H](n2cnc3c(=O)[nH]c(=O)[nH]c32)O[C@@H]1C=O,3,0.55,
O=c1[nH]c(=O)c2ncn([C@@H]3O[C@H](CO)[C@@H](O)[C@H]3O)c2[nH]1,O=C1C=C(O[C@H]2[C@@H](O)[C@H](n3cnc4c(=O)[nH]c(=O)[nH]c43)O[C@@H]2CO)O1,3,0.6909,
O=c1[nH]c(=O)c2ncn([C@@H]3O[C@H](CO)[C@@H](O)[C@H]3O)c2[nH]1,CC(O)(C#N)O[C@H]1[C@@H](O)[C@H](n2cnc3c(=O)[nH]c(=O)[nH]c32)O[C@@H]1C=O,3,0.5,
O=c1[nH]c(=O)c2ncn([C@@H]3O[C@H](CO)[C@@H](O)[C@H]3O)c2[nH]1,N#CCC(=O)OC[C@H]1O[C@@H](n2cnc3c(=O)[nH]c(=O)[nH]c32)[C@H](O)[C@@H]1O,3,0.6607,
O=c1[nH]c(=O)c2ncn([C@@H]3O[C@H](CO)[C@@H](O)[C@H]3O)c2[nH]1,CC(=O)OC(C#N)[C@H]1O[C@@H](n2cnc3c(=O)[nH]c(=O)[nH]c32)[C@H](O)[C@@H]1O,3,0.541,
O=c1[nH]c(=O)c2ncn([C@@H]3O[C@H](CO)[C@@H](O)[C@H]3O)c2[nH]1,N#CCC(=O)O[C@H]1[C@@H](O)[C@H](n2cnc3c(=O)[nH]c(=O)[nH]c32)O[C@@H]1CO,3,0.6552,
O=c1[nH]c(=O)c2ncn([C@@H]3O[C@H](CO)[C@@H](O)[C@H]3O)c2[nH]1,N#CCC(=O)O[C@@H]1[C@H](O)[C@@H](CO)O[C@H]1n1cnc2c(=O)[nH]c(=O)[nH]c21,3,0.6552,
O=c1[nH]c(=O)c2ncn([C@@H]3O[C@H](CO)[C@@H](O)[C@H]3O)c2[nH]1,CC(=O)O[C@H]1[C@@H](O)[C@H](n2cnc3c(=O)[nH]c(=O)[nH]c32)O[C@@H]1C(O)C#N,3,0.5079,
O=c1[nH]c(=O)c2ncn([C@@H]3O[C@H](CO)[C@@H](O)[C@H]3O)c2[nH]1,CC(O)(C#N)O[C@@H]1[C@H](O)[C@@H](C=O)O[C@H]1n1cnc2c(=O)[nH]c(=O)[nH]c21,3,0.4769,
O=c1[nH]c(=O)c2ncn([C@@H]3O[C@H](CO)[C@@H](O)[C@H]3O)c2[nH]1,CC(=O)O[C@@H]1[C@H](O)[C@@H](C(O)C#N)O[C@H]1n1cnc2c(=O)[nH]c(=O)[nH]c21,3,0.5,
O=c1[nH]c(=O)c2ncn([C@@H]3O[C@H](CO)[C@@H](O)[C@H]3O)c2[nH]1,C[C@H]1O[C@@H](n2cnc3c(=O)[nH]c(=O)[nH]c32)[C@H](O)[C@@H]1OS(=O)(=O)O,2,0.5614,
O=c1[nH]c(=O)c2ncn([C@@H]3O[C@H](CO)[C@@H](O)[C@H]3O)c2[nH]1,C[C@]1(n2cnc3c(=O)[nH]c(=O)[nH]c32)OC[C@@H](OS(=O)(=O)O)[C@H]1O,3,0.3636,
O=c1[nH]c(=O)c2ncn([C@@H]3O[C@H](CO)[C@@H](O)[C@H]3O)c2[nH]1,C[C@H]1O[C@@H](n2cnc3c(=O)[nH]c(=O)[nH]c32)[C@H](OS(=O)(=O)O)[C@@H]1O,2,0.5345,
O=c1[nH]c(=O)c2ncn([C@@H]3O[C@H](CO)[C@@H](O)[C@H]3O)c2[nH]1,C[C@]1(n2cnc3c(=O)[nH]c(=O)[nH]c32)OC[C@@H](O)[C@H]1OS(=O)(=O)O,3,0.3582,
O=c1[nH]c(=O)c2ncn([C@@H]3O[C@H](CO)[C@@H](O)[C@H]3O)c2[nH]1,C[C@H]1O[C@@H](n2cnc3c(=O)[nH]c(=O)[nH]c32)[C@H](O)[C@@H]1OP(=O)(O)O,2,0.5614,
O=c1[nH]c(=O)c2ncn([C@@H]3O[C@H](CO)[C@@H](O)[C@H]3O)c2[nH]1,C[C@]1(n2cnc3c(=O)[nH]c(=O)[nH]c32)OC[C@@H](O)[C@H]1OP(=O)(O)O,3,0.3582,
O=c1[nH]c(=O)c2ncn([C@@H]3O[C@H](CO)[C@@H](O)[C@H]3O)c2[nH]1,C[C@H]1O[C@@H](n2cnc3c(=O)[nH]c(=O)[nH]c32)[C@H](OP(=O)(O)O)[C@@H]1O,2,0.5345,
O=c1[nH]c(=O)c2ncn([C@@H]3O[C@H](CO)[C@@H](O)[C@H]3O)c2[nH]1,C[C@]1(n2cnc3c(=O)[nH]c(=O)[nH]c32)OC[C@@H](OP(=O)(O)O)[C@H]1O,3,0.3636,
O=c1[nH]c(=O)c2ncn([C@@H]3O[C@H](CO)[C@@H](O)[C@H]3O)c2[nH]1,CC(Cl)O[C@@H]1[C@H](O)[C@@H](CO)O[C@H]1n1cnc2c(=O)[nH]c(=O)[nH]c21,3,0.6909,
O=c1[nH]c(=O)c2ncn([C@@H]3O[C@H](CO)[C@@H](O)[C@H]3O)c2[nH]1,CC(Cl)O[C@H]1[C@@H](O)[C@H](n2cnc3c(=O)[nH]c(=O)[nH]c32)O[C@@H]1CO,3,0.6909,
O=c1[nH]c(=O)c2ncn([C@@H]3O[C@H](CO)[C@@H](O)[C@H]3O)c2[nH]1,CC(Cl)OC[C@H]1O[C@@H](n2cnc3c(=O)[nH]c(=O)[nH]c32)[C@H](O)[C@@H]1O,3,0.6852,
O=c1[nH]c(=O)c2ncn([C@@H]3O[C@H](CO)[C@@H](O)[C@H]3O)c2[nH]1,O=c1[nH]c(=O)c2nc(CO)n([C@@H]3OC[C@H]4OP(=O)(O)O[C@@H]34)c2[nH]1,3,0.3043,
O=c1[nH]c(=O)c2ncn([C@@H]3O[C@H](CO)[C@@H](O)[C@H]3O)c2[nH]1,O=c1[nH]c(=O)c2ncn([C@@H]3O[C@@H]4COP(=O)(O)O[C@@H]3[C@@H]4O)c2[nH]1,2,0.5167,
O=c1[nH]c(=O)c2ncn([C@@H]3O[C@H](CO)[C@@H](O)[C@H]3O)c2[nH]1,O=c1[nH]c(=O)c2ncn([C@@H]3O[C@@H]4COP(=O)(O)O[C@H]4[C@H]3O)c2[nH]1,2,0.5424,
O=c1[nH]c(=O)c2ncn([C@@H]3O[C@H](CO)[C@@H](O)[C@H]3O)c2[nH]1,O=c1[nH]c(=O)c2ncn([C@@H]3O[C@H](CO)[C@H]4OP(=O)(O)O[C@H]43)c2[nH]1,2,0.6604,
O=c1[nH]c(=O)c2ncn([C@@H]3O[C@H](CO)[C@@H](O)[C@H]3O)c2[nH]1,O=c1[nH]c(=O)c2ncn([C@@H]3OC[C@]4(CO)OP(=O)(O)O[C@@H]34)c2[nH]1,3,0.4839,
O=c1[nH]c(=O)c2ncn([C@@H]3O[C@H](CO)[C@@H](O)[C@H]3O)c2[nH]1,O=c1[nH]c(=O)c2ncn([C@@]34COP(=O)(O)O[C@H](CO3)[C@H]4O)c2[nH]1,3,0.3582,
O=c1[nH]c(=O)c2ncn([C@@H]3O[C@H](CO)[C@@H](O)[C@H]3O)c2[nH]1,O=c1[nH]c(=O)c2ncn([C@@]3(CO)OC[C@H]4OP(=O)(O)O[C@H]43)c2[nH]1,3,0.3731,
O=c1[nH]c(=O)c2ncn([C@@H]3O[C@H](CO)[C@@H](O)[C@H]3O)c2[nH]1,O=c1[nH]c(=O)c2ncn([C@@H]3OC[C@H]4OP(=O)(O)O[C@@]43CO)c2[nH]1,3,0.4375,
O=c1[nH]c(=O)c2ncn([C@@H]3O[C@H](CO)[C@@H](O)[C@H]3O)c2[nH]1,CC(Cl)O[C@H]1[C@H](n2cnc3c(=O)[nH]c(=O)[nH]c32)O[C@@]2(CO2)[C@H]1O,3,0.4603,
O=c1[nH]c(=O)c2ncn([C@@H]3O[C@H](CO)[C@@H](O)[C@H]3O)c2[nH]1,CC(Cl)O[C@@H]1[C@@H]2OC(O)[C@H]2O[C@H]1n1cnc2c(=O)[nH]c(=O)[nH]c21,3,0.4918,
O=c1[nH]c(=O)c2ncn([C@@H]3O[C@H](CO)[C@@H](O)[C@H]3O)c2[nH]1,CC(Cl)[C@H]1O[C@@H](n2cnc3c(=O)[nH]c(=O)[nH]c32)[C@H](OC=O)[C@@H]1O,3,0.5,
O=c1[nH]c(=O)c2ncn([C@@H]3O[C@H](CO)[C@@H](O)[C@H]3O)c2[nH]1,CC(Cl)O[C@@H]1[C@H](O)[C@H]2CO[C@]1(n1cnc3c(=O)[nH]c(=O)[nH]c31)O2,3,0.3571,
O=c1[nH]c(=O)c2ncn([C@@H]3O[C@H](CO)[C@@H](O)[C@H]3O)c2[nH]1,CC(Cl)OC[C@]12O[C@@H](n3cnc4c(=O)[nH]c(=O)[nH]c43)[C@H](O)[C@@H]1O2,3,0.5082,
O=c1[nH]c(=O)c2ncn([C@@H]3O[C@H](CO)[C@@H](O)[C@H]3O)c2[nH]1,CC(Cl)O[C@H]1[C@@H](O)[C@]2(n3cnc4c(=O)[nH]c(=O)[nH]c43)OC[C@H]1O2,3,0.3429,
O=c1[nH]c(=O)c2ncn([C@@H]3O[C@H](CO)[C@@H](O)[C@H]3O)c2[nH]1,CC(Cl)O[C@H]1[C@@H](O)[C@H]2O[C@@H]1COc1nc3c(=O)[nH]c(=O)[nH]c3n12,3,0.3333,
O=c1[nH]c(=O)c2ncn([C@@H]3O[C@H](CO)[C@@H](O)[C@H]3O)c2[nH]1,CC(Cl)O[C@@]12O[C@@H]1[C@@H](CO)O[C@H]2n1cnc2c(=O)[nH]c(=O)[nH]c21,3,0.5161,
O=c1[nH]c(=O)c2ncn([C@@H]3O[C@H](CO)[C@@H](O)[C@H]3O)c2[nH]1,CC(Cl)OC[C@H]1O[C@@H](n2cnc3c(=O)[nH]c(=O)[nH]c32)[C@@H]2O[C@]12O,3,0.4615,
O=c1[nH]c(=O)c2ncn([C@@H]3O[C@H](CO)[C@@H](O)[C@H]3O)c2[nH]1,CC(Cl)OC[C@H]1O[C@@]2(n3cnc4c(=O)[nH]c(=O)[nH]c43)O[C@H]1[C@H]2O,3,0.3881,
O=c1[nH]c(=O)c2ncn([C@@H]3O[C@H](CO)[C@@H](O)[C@H]3O)c2[nH]1,CC(Cl)O[C@H]1[C@H]2Oc3nc4c(=O)[nH]c(=O)[nH]c4n3[C@@H]2O[C@@H]1CO,3,0.3939,
O=c1[nH]c(=O)c2ncn([C@@H]3O[C@H](CO)[C@@H](O)[C@H]3O)c2[nH]1,CC(Cl)OC1O[C@H]2[C@@H](O)[C@H](n3cnc4c(=O)[nH]c(=O)[nH]c43)O[C@H]12,3,0.5424,
O=c1[nH]c(=O)c2ncn([C@@H]3O[C@H](CO)[C@@H](O)[C@H]3O)c2[nH]1,CC(Cl)O[C@@H]1[C@@H]2O[C@]1(n1cnc3c(=O)[nH]c(=O)[nH]c31)O[C@@H]2CO,3,0.4308,
O=c1[nH]c(=O)c2ncn([C@@H]3O[C@H](CO)[C@@H](O)[C@H]3O)c2[nH]1,CC(Cl)O[C@H]1[C@H]2O[C@]2(n2cnc3c(=O)[nH]c(=O)[nH]c32)O[C@@H]1CO,3,0.4242,
O=c1[nH]c(=O)c2ncn([C@@H]3O[C@H](CO)[C@@H](O)[C@H]3O)c2[nH]1,CC(Cl)OC[C@H]1O[C@@H]2[C@H](Oc3nc4c(=O)[nH]c(=O)[nH]c4n32)[C@@H]1O,3,0.3731,
O=c1[nH]c(=O)c2ncn([C@@H]3O[C@H](CO)[C@@H](O)[C@H]3O)c2[nH]1,CC(Cl)OC1O[C@@H]2[C@H](O)[C@@H]1O[C@H]2n1cnc2c(=O)[nH]c(=O)[nH]c21,3,0.5167,
O=c1[nH]c(=O)c2ncn([C@@H]3O[C@H](CO)[C@@H](O)[C@H]3O)c2[nH]1,CC(Cl)OC[C@H]1O[C@@]2(n3cnc4c(=O)[nH]c(=O)[nH]c43)O[C@@H]2[C@@H]1O,3,0.403,
O=c1[nH]c(=O)c2ncn([C@@H]3O[C@H](CO)[C@@H](O)[C@H]3O)c2[nH]1,CC(Cl)O[C@H]1[C@@H](O)[C@H](n2cnc3c(=O)[nH]c(=O)[nH]c32)O[C@@]12CO2,3,0.4762,
O=c1[nH]c(=O)c2ncn([C@@H]3O[C@H](CO)[C@@H](O)[C@H]3O)c2[nH]1,CC(Cl)OC[C@]12O[C@@H]([C@H](n3cnc4c(=O)[nH]c(=O)[nH]c43)O1)[C@@H]2O,3,0.4839,
O=c1[nH]c(=O)c2ncn([C@@H]3O[C@H](CO)[C@@H](O)[C@H]3O)c2[nH]1,CC(Cl)O[C@@H]1[C@@H]2Oc3nc4c(=O)[nH]c(=O)[nH]c4n3[C@@H]1O[C@@H]2CO,3,0.3939,
O=c1[nH]c(=O)c2ncn([C@@H]3O[C@H](CO)[C@@H](O)[C@H]3O)c2[nH]1,CC(Cl)O[C@]12O[C@H]1[C@H](n1cnc3c(=O)[nH]c(=O)[nH]c31)O[C@@H]2CO,3,0.5079,
O=c1[nH]c(=O)c2ncn([C@@H]3O[C@H](CO)[C@@H](O)[C@H]3O)c2[nH]1,CC(Cl)O[C@@H]1[C@H](O)[C@H]2COc3nc4c(=O)[nH]c(=O)[nH]c4n3[C@@H]1O2,3,0.3333,
O=c1[nH]c(=O)c2ncn([C@@H]3O[C@H](CO)[C@@H](O)[C@H]3O)c2[nH]1,CC(Cl)[C@H]1O[C@@H](n2cnc3c(=O)[nH]c(=O)[nH]c32)[C@H](O)[C@@H]1OC=O,3,0.5246,
O=c1[nH]c(=O)c2ncn([C@@H]3O[C@H](CO)[C@@H](O)[C@H]3O)c2[nH]1,CC(Cl)OC[C@H]1O[C@@H]2[C@H](O)[C@@H]1Oc1nc3c(=O)[nH]c(=O)[nH]c3n12,3,0.3731,
O=c1[nH]c(=O)c2ncn([C@@H]3O[C@H](CO)[C@@H](O)[C@H]3O)c2[nH]1,CC(Cl)O[C@]12OC[C@@H](O[C@H]1n1cnc3c(=O)[nH]c(=O)[nH]c31)[C@H]2O,3,0.4308,
O=c1[nH]c(=O)c2ncn([C@@H]3O[C@H](CO)[C@@H](O)[C@H]3O)c2[nH]1,CC(Cl)O[C@H]1[C@H]2O[C@@]1(CO)O[C@H]2n1cnc2c(=O)[nH]c(=O)[nH]c21,3,0.4762,
O=c1[nH]c(=O)c2ncn([C@@H]3O[C@H](CO)[C@@H](O)[C@H]3O)c2[nH]1,CC(Cl)O[C@@]12OC[C@H]1O[C@@H](n1cnc3c(=O)[nH]c(=O)[nH]c31)[C@@H]2O,3,0.4688,
O=c1[nH]c(=O)c2ncn([C@@H]3O[C@H](CO)[C@@H](O)[C@H]3O)c2[nH]1,CC(Cl)O[C@@H]1[C@H]2CO[C@@]1(O)[C@H](n1cnc3c(=O)[nH]c(=O)[nH]c31)O2,3,0.403,
O=c1[nH]c(=O)c2ncn([C@@H]3O[C@H](CO)[C@@H](O)[C@H]3O)c2[nH]1,CC(Cl)O[C@H]1[C@H]2OC(O)[C@H]1O[C@H]2n1cnc2c(=O)[nH]c(=O)[nH]c21,3,0.4918,
O=c1[nH]c(=O)c2ncn([C@@H]3O[C@H](CO)[C@@H](O)[C@H]3O)c2[nH]1,CC(Cl)OC[C@H]1O[C@@H](n2cnc3c(=O)[nH]c(=O)[nH]c32)[C@]2(O)O[C@H]12,3,0.4462,
O=c1[nH]c(=O)c2ncn([C@@H]3O[C@H](CO)[C@@H](O)[C@H]3O)c2[nH]1,CC(Cl)O[C@H]1[C@H](n2cnc3c(=O)[nH]c(=O)[nH]c32)O[C@]2(CO)O[C@@H]12,3,0.4762,
O=c1[nH]c(=O)c2ncn([C@@H]3O[C@H](CO)[C@@H](O)[C@H]3O)c2[nH]1,CC(Cl)O[C@H]1[C@H](n2cnc3c(=O)[nH]c(=O)[nH]c32)O[C@@H]2CO[C@]21O,3,0.4394,
O=c1[nH]c(=O)c2ncn([C@@H]3O[C@H](CO)[C@@H](O)[C@H]3O)c2[nH]1,O=C[C@H]1O[C@@H](n2cnc3c(=O)[nH]c(=O)[nH]c32)[C@@H]2OP(=O)(O)O[C@@H]21,3,0.4915,
O=c1[nH]c(=O)c2ncn([C@@H]3O[C@H](CO)[C@@H](O)[C@H]3O)c2[nH]1,N#CC(O)(Cl)[C@H]1O[C@@H](n2cnc3c(=O)[nH]c(=O)[nH]c32)[C@H](O)[C@@H]1O,3,0.6,
O=c1[nH]c(=O)c2ncn([C@@H]3O[C@H](CO)[C@@H](O)[C@H]3O)c2[nH]1,CC(O)OC[C@H]1O[C@@H](n2c[n+](C)c3c(=O)[nH]c(=O)[nH]c32)[C@H](O)[C@@H]1O,3,0.4219,
O=c1[nH]c(=O)c2ncn([C@@H]3O[C@H](CO)[C@@H](O)[C@H]3O)c2[nH]1,CC(O)O[C@H]1[C@@H](O)[C@H](n2c[n+](C)c3c(=O)[nH]c(=O)[nH]c32)O[C@@H]1CO,3,0.4308,
O=c1[nH]c(=O)c2ncn([C@@H]3O[C@H](CO)[C@@H](O)[C@H]3O)c2[nH]1,CC(O)O[C@@H]1[C@H](O)[C@@H](CO)O[C@H]1n1c[n+](C)c2c(=O)[nH]c(=O)[nH]c21,3,0.4308,
O=c1[nH]c(=O)c2ncn([C@@H]3O[C@H](CO)[C@@H](O)[C@H]3O)c2[nH]1,CC(N)O[C@@H]1[C@H](O)[C@@H](CO)O[C@H]1n1c[n+](C)c2c(=O)[nH]c(=O)[nH]c21,3,0.4242,
O=c1[nH]c(=O)c2ncn([C@@H]3O[C@H](CO)[C@@H](O)[C@H]3O)c2[nH]1,CC(N)O[C@H]1[C@@H](O)[C@H](n2c[n+](C)c3c(=O)[nH]c(=O)[nH]c32)O[C@@H]1CO,3,0.4242,
O=c1[nH]c(=O)c2ncn([C@@H]3O[C@H](CO)[C@@H](O)[C@H]3O)c2[nH]1,CC(N)OC[C@H]1O[C@@H](n2c[n+](C)c3c(=O)[nH]c(=O)[nH]c32)[C@H](O)[C@@H]1O,3,0.4154,
O=c1[nH]c(=O)c2ncn([C@@H]3O[C@H](CO)[C@@H](O)[C@H]3O)c2[nH]1,COC(C)OC[C@H]1O[C@@H](n2cnc3c(=O)[nH]c(=O)[nH]c32)[C@H](O)[C@@H]1O,3,0.6852,
O=c1[nH]c(=O)c2ncn([C@@H]3O[C@H](CO)[C@@H](O)[C@H]3O)c2[nH]1,CCC(O)O[C@H]1[C@@H](O)[C@H](n2cnc3c(=O)[nH]c(=O)[nH]c32)O[C@@H]1CO,3,0.6786,
O=c1[nH]c(=O)c2ncn([C@@H]3O[C@H](CO)[C@@H](O)[C@H]3O)c2[nH]1,CC(O)OC[C@H]1O[C@@H](n2cnc3c(=O)[nH]c(=O)[nH]c32)[C@H](O)[C@@]1(C)O,3,0.5,
O=c1[nH]c(=O)c2ncn([C@@H]3O[C@H](CO)[C@@H](O)[C@H]3O)c2[nH]1,CO[C@@H]1[C@H](OC(C)O)[C@@H](CO)O[C@H]1n1cnc2c(=O)[nH]c(=O)[nH]c21,3,0.6034,
O=c1[nH]c(=O)c2ncn([C@@H]3O[C@H](CO)[C@@H](O)[C@H]3O)c2[nH]1,COC(C)O[C@@H]1[C@H](O)[C@@H](CO)O[C@H]1n1cnc2c(=O)[nH]c(=O)[nH]c21,3,0.6786,
O=c1[nH]c(=O)c2ncn([C@@H]3O[C@H](CO)[C@@H](O)[C@H]3O)c2[nH]1,CC(C)(O)O[C@H]1[C@@H](O)[C@H](n2cnc3c(=O)[nH]c(=O)[nH]c32)O[C@@H]1CO,3,0.7037,
O=c1[nH]c(=O)c2ncn([C@@H]3O[C@H](CO)[C@@H](O)[C@H]3O)c2[nH]1,CC(O)O[C@@H]1[C@@H](CO)O[C@@H](n2cnc3c(=O)[nH]c(=O)[nH]c32)[C@@]1(C)O,3,0.5246,
O=c1[nH]c(=O)c2ncn([C@@H]3O[C@H](CO)[C@@H](O)[C@H]3O)c2[nH]1,Cc1nc2c(=O)[nH]c(=O)[nH]c2n1[C@@H]1O[C@H](CO)[C@@H](O)[C@H]1OC(C)O,3,0.4603,
O=c1[nH]c(=O)c2ncn([C@@H]3O[C@H](CO)[C@@H](O)[C@H]3O)c2[nH]1,Cc1nc2c(=O)[nH]c(=O)[nH]c2n1[C@@H]1O[C@H](COC(C)O)[C@@H](O)[C@H]1O,3,0.4286,
O=c1[nH]c(=O)c2ncn([C@@H]3O[C@H](CO)[C@@H](O)[C@H]3O)c2[nH]1,Cc1nc2c(=O)[nH]c(=O)[nH]c2n1[C@@H]1O[C@H](CO)[C@@H](OC(C)O)[C@H]1O,3,0.4375,
O=c1[nH]c(=O)c2ncn([C@@H]3O[C@H](CO)[C@@H](O)[C@H]3O)c2[nH]1,CC(O)O[C@@]1(C)[C@H](O)[C@@H](CO)O[C@H]1n1cnc2c(=O)[nH]c(=O)[nH]c21,3,0.5593,
O=c1[nH]c(=O)c2ncn([C@@H]3O[C@H](CO)[C@@H](O)[C@H]3O)c2[nH]1,CCC(O)O[C@@H]1[C@H](O)[C@@H](CO)O[C@H]1n1cnc2c(=O)[nH]c(=O)[nH]c21,3,0.6786,
O=c1[nH]c(=O)c2ncn([C@@H]3O[C@H](CO)[C@@H](O)[C@H]3O)c2[nH]1,CCC(O)OC[C@H]1O[C@@H](n2cnc3c(=O)[nH]c(=O)[nH]c32)[C@H](O)[C@@H]1O,3,0.6727,
O=c1[nH]c(=O)c2ncn([C@@H]3O[C@H](CO)[C@@H](O)[C@H]3O)c2[nH]1,CO[C@@H]1[C@H](O)[C@@H](COC(C)O)O[C@H]1n1cnc2c(=O)[nH]c(=O)[nH]c21,3,0.5667,
O=c1[nH]c(=O)c2ncn([C@@H]3O[C@H](CO)[C@@H](O)[C@H]3O)c2[nH]1,CC(O)O[C@H]1[C@H](n2cnc3c(=O)[nH]c(=O)[nH]c32)O[C@@](C)(CO)[C@H]1O,3,0.5,
O=c1[nH]c(=O)c2ncn([C@@H]3O[C@H](CO)[C@@H](O)[C@H]3O)c2[nH]1,CC(O)OC[C@H]1O[C@@H](n2cnc3c(=O)[nH]c(=O)[nH]c32)[C@@](C)(O)[C@@H]1O,3,0.4839,
O=c1[nH]c(=O)c2ncn([C@@H]3O[C@H](CO)[C@@H](O)[C@H]3O)c2[nH]1,CC(O)O[C@H]1[C@@H](O)[C@@](C)(n2cnc3c(=O)[nH]c(=O)[nH]c32)O[C@@H]1CO,3,0.4531,
O=c1[nH]c(=O)c2ncn([C@@H]3O[C@H](CO)[C@@H](O)[C@H]3O)c2[nH]1,CO[C@H]1[C@@H](OC(C)O)[C@H](n2cnc3c(=O)[nH]c(=O)[nH]c32)O[C@@H]1CO,3,0.6034,
O=c1[nH]c(=O)c2ncn([C@@H]3O[C@H](CO)[C@@H](O)[C@H]3O)c2[nH]1,CC(O)OC[C@H]1O[C@](C)(n2cnc3c(=O)[nH]c(=O)[nH]c32)[C@H](O)[C@@H]1O,3,0.4154,
O=c1[nH]c(=O)c2ncn([C@@H]3O[C@H](CO)[C@@H](O)[C@H]3O)c2[nH]1,CO[C@H]1[C@@H](O)[C@H](n2cnc3c(=O)[nH]c(=O)[nH]c32)O[C@@H]1COC(C)O,3,0.5932,
O=c1[nH]c(=O)c2ncn([C@@H]3O[C@H](CO)[C@@H](O)[C@H]3O)c2[nH]1,CC(O)OC[C@]1(C)O[C@@H](n2cnc3c(=O)[nH]c(=O)[nH]c32)[C@H](O)[C@@H]1O,3,0.5082,
O=c1[nH]c(=O)c2ncn([C@@H]3O[C@H](CO)[C@@H](O)[C@H]3O)c2[nH]1,CC(O)O[C@H]1[C@H](n2cnc3c(=O)[nH]c(=O)[nH]c32)O[C@H](CO)[C@]1(C)O,3,0.5246,
O=c1[nH]c(=O)c2ncn([C@@H]3O[C@H](CO)[C@@H](O)[C@H]3O)c2[nH]1,COC[C@H]1O[C@@H](n2cnc3c(=O)[nH]c(=O)[nH]c32)[C@H](OC(C)O)[C@@H]1O,3,0.5667,
O=c1[nH]c(=O)c2ncn([C@@H]3O[C@H](CO)[C@@H](O)[C@H]3O)c2[nH]1,CC(O)OC(C)[C@H]1O[C@@H](n2cnc3c(=O)[nH]c(=O)[nH]c32)[C@H](O)[C@@H]1O,3,0.6,
O=c1[nH]c(=O)c2ncn([C@@H]3O[C@H](CO)[C@@H](O)[C@H]3O)c2[nH]1,CC(O)O[C@@]1(C)[C@@H](CO)O[C@@H](n2cnc3c(=O)[nH]c(=O)[nH]c32)[C@@H]1O,3,0.5763,
O=c1[nH]c(=O)c2ncn([C@@H]3O[C@H](CO)[C@@H](O)[C@H]3O)c2[nH]1,COC[C@H]1O[C@@H](n2cnc3c(=O)[nH]c(=O)[nH]c32)[C@H](O)[C@@H]1OC(C)O,3,0.5932,
O=c1[nH]c(=O)c2ncn([C@@H]3O[C@H](CO)[C@@H](O)[C@H]3O)c2[nH]1,CC(C)(O)O[C@@H]1[C@H](O)[C@@H](CO)O[C@H]1n1cnc2c(=O)[nH]c(=O)[nH]c21,3,0.7037,
O=c1[nH]c(=O)c2ncn([C@@H]3O[C@H](CO)[C@@H](O)[C@H]3O)c2[nH]1,CC(O)O[C@H]1[C@@H](O)[C@H](n2cnc3c(=O)[nH]c(=O)[nH]c32)O[C@@]1(C)CO,3,0.5161,
O=c1[nH]c(=O)c2ncn([C@@H]3O[C@H](CO)[C@@H](O)[C@H]3O)c2[nH]1,CC(O)O[C@@H]1[C@H](O)[C@@H](C(C)O)O[C@H]1n1cnc2c(=O)[nH]c(=O)[nH]c21,3,0.5254,
O=c1[nH]c(=O)c2ncn([C@@H]3O[C@H](CO)[C@@H](O)[C@H]3O)c2[nH]1,CC(C)(O)OC[C@H]1O[C@@H](n2cnc3c(=O)[nH]c(=O)[nH]c32)[C@H](O)[C@@H]1O,3,0.6981,
O=c1[nH]c(=O)c2ncn([C@@H]3O[C@H](CO)[C@@H](O)[C@H]3O)c2[nH]1,COC(C)O[C@H]1[C@@H](O)[C@H](n2cnc3c(=O)[nH]c(=O)[nH]c32)O[C@@H]1CO,3,0.6786,
O=c1[nH]c(=O)c2ncn([C@@H]3O[C@H](CO)[C@@H](O)[C@H]3O)c2[nH]1,CC(O)O[C@H]1[C@@H](O)[C@H](n2cnc3c(=O)[nH]c(=O)[nH]c32)O[C@@H]1C(C)O,3,0.5517,
O=c1[nH]c(=O)c2ncn([C@@H]3O[C@H](CO)[C@@H](O)[C@H]3O)c2[nH]1,CC(O)O[C@@H]1[C@H](O)[C@@H](CO)O[C@]1(C)n1cnc2c(=O)[nH]c(=O)[nH]c21,3,0.4688,
O=c1[nH]c(=O)c2ncn([C@@H]3O[C@H](CO)[C@@H](O)[C@H]3O)c2[nH]1,O=CO[C@H]1[C@H](n2cnc3c(=O)[nH]c(=O)[nH]c32)O[C@H](CO)[C@@]1(O)CO,3,0.55,
O=c1[nH]c(=O)c2ncn([C@@H]3O[C@H](CO)[C@@H](O)[C@H]3O)c2[nH]1,O=CO[C@@H]1[C@@H](CO)O[C@@H](n2cnc3c(=O)[nH]c(=O)[nH]c32)[C@]1(O)CO,3,0.5789,
O=c1[nH]c(=O)c2ncn([C@@H]3O[C@H](CO)[C@@H](O)[C@H]3O)c2[nH]1,O=c1[nH]c(=O)c2ncn([C@]34O[C@@H]3[C@H](O)[C@@H](COC(O)CO)O4)c2[nH]1,3,0.4242,
O=c1[nH]c(=O)c2ncn([C@@H]3O[C@H](CO)[C@@H](O)[C@H]3O)c2[nH]1,CC(O)(O)OC[C@H]1O[C@@H](n2cnc3c(=O)[nH]c(=O)[nH]c32)[C@@H]2O[C@]12O,3,0.4688,
O=c1[nH]c(=O)c2ncn([C@@H]3O[C@H](CO)[C@@H](O)[C@H]3O)c2[nH]1,O=c1[nH]c(=O)c2ncn([C@@H]3O[C@]4(CO)OCC(O)O[C@H]4[C@H]3O)c2[nH]1,3,0.5593,
O=c1[nH]c(=O)c2ncn([C@@H]3O[C@H](CO)[C@@H](O)[C@H]3O)c2[nH]1,O=c1[nH]c(=O)c2ncn([C@]34OCC(O)O[C@@H]([C@H]3O)[C@@H](CO)O4)c2[nH]1,3,0.4839,
O=c1[nH]c(=O)c2ncn([C@@H]3O[C@H](CO)[C@@H](O)[C@H]3O)c2[nH]1,COC(=O)O[C@@H]1[C@H](O)[C@@H](CO)O[C@H]1n1cnc2c(=O)[nH]c(=O)[nH]c21,2,0.6909,
O=c1[nH]c(=O)c2ncn([C@@H]3O[C@H](CO)[C@@H](O)[C@H]3O)c2[nH]1,CC(O)(O)[C@H]1O[C@@H](n2cnc3c(=O)[nH]c(=O)[nH]c32)[C@H](OC=O)[C@@H]1O,3,0.5082,
O=c1[nH]c(=O)c2ncn([C@@H]3O[C@H](CO)[C@@H](O)[C@H]3O)c2[nH]1,COC(O)OC[C@]12O[C@@H]([C@H](n3cnc4c(=O)[nH]c(=O)[nH]c43)O1)[C@@H]2O,3,0.4762,
O=c1[nH]c(=O)c2ncn([C@@H]3O[C@H](CO)[C@@H](O)[C@H]3O)c2[nH]1,O=c1[nH]c(=O)c2ncn([C@@H]3O[C@]4(CO)OCC(O)O[C@@H]3[C@@H]4O)c2[nH]1,3,0.5424,
O=c1[nH]c(=O)c2ncn([C@@H]3O[C@H](CO)[C@@H](O)[C@H]3O)c2[nH]1,O=c1[nH]c(=O)c2ncn([C@@H]3O[C@@H]4C(OC(O)CO)O[C@H]4[C@H]3O)c2[nH]1,3,0.5965,
O=c1[nH]c(=O)c2ncn([C@@H]3O[C@H](CO)[C@@H](O)[C@H]3O)c2[nH]1,O=c1[nH]c(=O)c2nc3n(c2[nH]1)[C@@H]1O[C@H](COC(O)CO)[C@@H](O3)[C@H]1O,3,0.3939,
O=c1[nH]c(=O)c2ncn([C@@H]3O[C@H](CO)[C@@H](O)[C@H]3O)c2[nH]1,O=c1[nH]c(=O)c2ncn([C@@H]3O[C@@H]4COC(O)C(O)O[C@H]4[C@H]3O)c2[nH]1,3,0.5714,
O=c1[nH]c(=O)c2ncn([C@@H]3O[C@H](CO)[C@@H](O)[C@H]3O)c2[nH]1,COC(O)O[C@@H]1[C@H](O)[C@H]2CO[C@]1(n1cnc3c(=O)[nH]c(=O)[nH]c31)O2,3,0.3521,
O=c1[nH]c(=O)c2ncn([C@@H]3O[C@H](CO)[C@@H](O)[C@H]3O)c2[nH]1,O=c1[nH]c(=O)c2ncn([C@@H]3O[C@@H]4COC(O)C(O)O[C@@H]3[C@@H]4O)c2[nH]1,3,0.5439,
O=c1[nH]c(=O)c2ncn([C@@H]3O[C@H](CO)[C@@H](O)[C@H]3O)c2[nH]1,COC(O)OC[C@H]1O[C@@H]2[C@H](O)[C@@H]1Oc1nc3c(=O)[nH]c(=O)[nH]c3n12,3,0.3676,
O=c1[nH]c(=O)c2ncn([C@@H]3O[C@H](CO)[C@@H](O)[C@H]3O)c2[nH]1,CC(O)(O)O[C@H]1[C@H]2O[C@]2(n2cnc3c(=O)[nH]c(=O)[nH]c32)O[C@@H]1CO,3,0.4308,
O=c1[nH]c(=O)c2ncn([C@@H]3O[C@H](CO)[C@@H](O)[C@H]3O)c2[nH]1,O=c1[nH]c(=O)c2ncn([C@]34O[C@@H]([C@H]3OC(O)CO)[C@@H](CO)O4)c2[nH]1,3,0.4375,
O=c1[nH]c(=O)c2ncn([C@@H]3O[C@H](CO)[C@@H](O)[C@H]3O)c2[nH]1,O=c1[nH]c(=O)c2ncn([C@@H]3O[C@H](CO)[C@H]4O[C@]43OC(O)CO)c2[nH]1,3,0.5246,
O=c1[nH]c(=O)c2ncn([C@@H]3O[C@H](CO)[C@@H](O)[C@H]3O)c2[nH]1,COC(O)O[C@H]1[C@H]2Oc3nc4c(=O)[nH]c(=O)[nH]c4n3[C@@H]2O[C@@H]1CO,3,0.3881,
O=c1[nH]c(=O)c2ncn([C@@H]3O[C@H](CO)[C@@H](O)[C@H]3O)c2[nH]1,O=CC(O)O[C@@H]1[C@H](O)[C@@H](CO)O[C@H]1n1cnc2c(=O)[nH]c(=O)[nH]c21,3,0.6786,
O=c1[nH]c(=O)c2ncn([C@@H]3O[C@H](CO)[C@@H](O)[C@H]3O)c2[nH]1,COC(O)O[C@@]12O[C@@H]1[C@@H](CO)O[C@H]2n1cnc2c(=O)[nH]c(=O)[nH]c21,3,0.5079,
O=c1[nH]c(=O)c2ncn([C@@H]3O[C@H](CO)[C@@H](O)[C@H]3O)c2[nH]1,COC(O)O[C@H]1[C@H](n2cnc3c(=O)[nH]c(=O)[nH]c32)O[C@]2(CO)O[C@@H]12,3,0.4688,
O=c1[nH]c(=O)c2ncn([C@@H]3O[C@H](CO)[C@@H](O)[C@H]3O)c2[nH]1,O=c1[nH]c(=O)c2nc3n(c2[nH]1)[C@@H]1O[C@H](CO)[C@@H](OC(O)CO3)[C@H]1O,3,0.459,
O=c1[nH]c(=O)c2ncn([C@@H]3O[C@H](CO)[C@@H](O)[C@H]3O)c2[nH]1,CC(O)(O)O[C@H]1[C@@H](O)[C@H](n2cnc3c(=O)[nH]c(=O)[nH]c32)O[C@@]12CO2,3,0.4762,
O=c1[nH]c(=O)c2ncn([C@@H]3O[C@H](CO)[C@@H](O)[C@H]3O)c2[nH]1,CC(O)(O)O[C@]12OC[C@@H](O[C@H]1n1cnc3c(=O)[nH]c(=O)[nH]c31)[C@H]2O,3,0.4375,
O=c1[nH]c(=O)c2ncn([C@@H]3O[C@H](CO)[C@@H](O)[C@H]3O)c2[nH]1,O=CO[C@H]1[C@@H](O)[C@H](n2c(CO)nc3c(=O)[nH]c(=O)[nH]c32)O[C@@H]1CO,3,0.4444,
O=c1[nH]c(=O)c2ncn([C@@H]3O[C@H](CO)[C@@H](O)[C@H]3O)c2[nH]1,COC(O)O[C@@H]1[C@@H]2O[C@]1(n1cnc3c(=O)[nH]c(=O)[nH]c31)O[C@@H]2CO,3,0.4242,
O=c1[nH]c(=O)c2ncn([C@@H]3O[C@H](CO)[C@@H](O)[C@H]3O)c2[nH]1,O=c1[nH]c(=O)c2ncn([C@@H]3O[C@@H]4CO[C@]3(O)[C@@H]4OC(O)CO)c2[nH]1,3,0.4394,
O=c1[nH]c(=O)c2ncn([C@@H]3O[C@H](CO)[C@@H](O)[C@H]3O)c2[nH]1,COC(O)O[C@H]1[C@H]2O[C@@]1(CO)O[C@H]2n1cnc2c(=O)[nH]c(=O)[nH]c21,3,0.4688,
O=c1[nH]c(=O)c2ncn([C@@H]3O[C@H](CO)[C@@H](O)[C@H]3O)c2[nH]1,CC(O)(O)OC[C@]12O[C@@H](n3cnc4c(=O)[nH]c(=O)[nH]c43)[C@H](O)[C@@H]1O2,3,0.5167,
O=c1[nH]c(=O)c2ncn([C@@H]3O[C@H](CO)[C@@H](O)[C@H]3O)c2[nH]1,CC(O)(O)O[C@H]1[C@H](n2cnc3c(=O)[nH]c(=O)[nH]c32)O[C@@]2(CO2)[C@H]1O,3,0.4603,
O=c1[nH]c(=O)c2ncn([C@@H]3O[C@H](CO)[C@@H](O)[C@H]3O)c2[nH]1,O=c1[nH]c(=O)c2ncn([C@@H]3O[C@H](CO)[C@@H](O)[C@@]34OCC(O)O4)c2[nH]1,3,0.569,
O=c1[nH]c(=O)c2ncn([C@@H]3O[C@H](CO)[C@@H](O)[C@H]3O)c2[nH]1,COC(O)O[C@H]1[C@@H](O)[C@H]2O[C@@H]1COc1nc3c(=O)[nH]c(=O)[nH]c3n12,3,0.3286,
O=c1[nH]c(=O)c2ncn([C@@H]3O[C@H](CO)[C@@H](O)[C@H]3O)c2[nH]1,CC(O)(O)O[C@@H]1[C@H]2CO[C@@]1(O)[C@H](n1cnc3c(=O)[nH]c(=O)[nH]c31)O2,3,0.4091,
O=c1[nH]c(=O)c2ncn([C@@H]3O[C@H](CO)[C@@H](O)[C@H]3O)c2[nH]1,O=C(CO)O[C@@H]1CO[C@](CO)(n2cnc3c(=O)[nH]c(=O)[nH]c32)[C@@H]1O,3,0.4,
O=c1[nH]c(=O)c2ncn([C@@H]3O[C@H](CO)[C@@H](O)[C@H]3O)c2[nH]1,O=CO[C@@]1(CO)[C@H](O)[C@@H](CO)O[C@H]1n1cnc2c(=O)[nH]c(=O)[nH]c21,3,0.5789,
O=c1[nH]c(=O)c2ncn([C@@H]3O[C@H](CO)[C@@H](O)[C@H]3O)c2[nH]1,O=c1[nH]c(=O)c2ncn([C@@H]3O[C@@H]4COC(O)OCO[C@@H]3[C@@H]4O)c2[nH]1,3,0.5254,
O=c1[nH]c(=O)c2ncn([C@@H]3O[C@H](CO)[C@@H](O)[C@H]3O)c2[nH]1,COC(O)O[C@@H]1[C@H](O)[C@H]2COc3nc4c(=O)[nH]c(=O)[nH]c4n3[C@@H]1O2,3,0.3286,
O=c1[nH]c(=O)c2ncn([C@@H]3O[C@H](CO)[C@@H](O)[C@H]3O)c2[nH]1,O=c1[nH]c(=O)c2ncn([C@@H]3O[C@@H]4COC(O)CO[C@@]4(O)[C@H]3O)c2[nH]1,3,0.5,
O=c1[nH]c(=O)c2ncn([C@@H]3O[C@H](CO)[C@@H](O)[C@H]3O)c2[nH]1,CC(O)O[C@H]1[C@@H](O)[C@H](n2cnc3c(=O)[nH]c(=O)[nH]c32)O[C@@H]1C(=O)O,3,0.5333,
O=c1[nH]c(=O)c2ncn([C@@H]3O[C@H](CO)[C@@H](O)[C@H]3O)c2[nH]1,COC(O)O[C@@H]1[C@H]2CO[C@@]1(O)[C@H](n1cnc3c(=O)[nH]c(=O)[nH]c31)O2,3,0.3971,
O=c1[nH]c(=O)c2ncn([C@@H]3O[C@H](CO)[C@@H](O)[C@H]3O)c2[nH]1,COC(O)OC1O[C@@H]2[C@H](O)[C@@H]1O[C@H]2n1cnc2c(=O)[nH]c(=O)[nH]c21,3,0.5082,
O=c1[nH]c(=O)c2ncn([C@@H]3O[C@H](CO)[C@@H](O)[C@H]3O)c2[nH]1,COC(O)OC[C@H]1O[C@@H]2[C@H](Oc3nc4c(=O)[nH]c(=O)[nH]c4n32)[C@@H]1O,3,0.3676,
O=c1[nH]c(=O)c2ncn([C@@H]3O[C@H](CO)[C@@H](O)[C@H]3O)c2[nH]1,O=C(CO)O[C@@H]1[C@H](O)CO[C@]1(CO)n1cnc2c(=O)[nH]c(=O)[nH]c21,3,0.3881,
O=c1[nH]c(=O)c2ncn([C@@H]3O[C@H](CO)[C@@H](O)[C@H]3O)c2[nH]1,COC(O)O[C@H]1[C@@H](O)[C@]2(n3cnc4c(=O)[nH]c(=O)[nH]c43)OC[C@H]1O2,3,0.338,
O=c1[nH]c(=O)c2ncn([C@@H]3O[C@H](CO)[C@@H](O)[C@H]3O)c2[nH]1,O=c1[nH]c(=O)c2ncn([C@@H]3O[C@H](COC(O)CO)[C@H]4O[C@]43O)c2[nH]1,3,0.4688,
O=c1[nH]c(=O)c2ncn([C@@H]3O[C@H](CO)[C@@H](O)[C@H]3O)c2[nH]1,COC(O)O[C@]12OC[C@@H](O[C@H]1n1cnc3c(=O)[nH]c(=O)[nH]c31)[C@H]2O,3,0.4242,
O=c1[nH]c(=O)c2ncn([C@@H]3O[C@H](CO)[C@@H](O)[C@H]3O)c2[nH]1,O=c1[nH]c(=O)c2nc3n(c2[nH]1)[C@@H]1O[C@H](CO)[C@@H](O)[C@H]1OC(O)CO3,3,0.4833,
O=c1[nH]c(=O)c2ncn([C@@H]3O[C@H](CO)[C@@H](O)[C@H]3O)c2[nH]1,CC(O)(O)OC1O[C@H]2[C@@H](O)[C@H](n3cnc4c(=O)[nH]c(=O)[nH]c43)O[C@H]12,3,0.5517,
O=c1[nH]c(=O)c2ncn([C@@H]3O[C@H](CO)[C@@H](O)[C@H]3O)c2[nH]1,O=c1[nH]c(=O)c2ncn([C@@H]3O[C@]4(COC(O)CO)O[C@H]4[C@H]3O)c2[nH]1,3,0.5333,
O=c1[nH]c(=O)c2ncn([C@@H]3O[C@H](CO)[C@@H](O)[C@H]3O)c2[nH]1,O=c1[nH]c(=O)c2ncn([C@@H]3O[C@]4(CO)O[C@@H]3[C@@H]4OC(O)CO)c2[nH]1,3,0.4839,
O=c1[nH]c(=O)c2ncn([C@@H]3O[C@H](CO)[C@@H](O)[C@H]3O)c2[nH]1,O=CO[C@@H]1[C@H](O)[C@@H](C(O)CO)O[C@H]1n1cnc2c(=O)[nH]c(=O)[nH]c21,3,0.541,
O=c1[nH]c(=O)c2ncn([C@@H]3O[C@H](CO)[C@@H](O)[C@H]3O)c2[nH]1,CC(O)(O)O[C@@H]1[C@@H]2Oc3nc4c(=O)[nH]c(=O)[nH]c4n3[C@@H]1O[C@@H]2CO,3,0.4,
O=c1[nH]c(=O)c2ncn([C@@H]3O[C@H](CO)[C@@H](O)[C@H]3O)c2[nH]1,CC(O)OC(=O)[C@H]1O[C@@H](n2cnc3c(=O)[nH]c(=O)[nH]c32)[C@H](O)[C@@H]1O,3,0.5893,
O=c1[nH]c(=O)c2ncn([C@@H]3O[C@H](CO)[C@@H](O)[C@H]3O)c2[nH]1,CC(O)O[C@@H]1[C@H](O)[C@@H](C(=O)O)O[C@H]1n1cnc2c(=O)[nH]c(=O)[nH]c21,3,0.5082,
O=c1[nH]c(=O)c2ncn([C@@H]3O[C@H](CO)[C@@H](O)[C@H]3O)c2[nH]1,CC(O)(O)O[C@@]12OC[C@H]1O[C@@H](n1cnc3c(=O)[nH]c(=O)[nH]c31)[C@@H]2O,3,0.4762,
O=c1[nH]c(=O)c2ncn([C@@H]3O[C@H](CO)[C@@H](O)[C@H]3O)c2[nH]1,O=C(CO)O[C@H]1[C@@H](O)[C@H](n2cnc3c(=O)[nH]c(=O)[nH]c32)O[C@@H]1CO,2,0.717,
O=c1[nH]c(=O)c2ncn([C@@H]3O[C@H](CO)[C@@H](O)[C@H]3O)c2[nH]1,CC(O)(O)OC[C@H]1O[C@@H](n2cnc3c(=O)[nH]c(=O)[nH]c32)[C@]2(O)O[C@H]12,3,0.4531,
O=c1[nH]c(=O)c2ncn([C@@H]3O[C@H](CO)[C@@H](O)[C@H]3O)c2[nH]1,CC(O)(OC=O)[C@H]1O[C@@H](n2cnc3c(=O)[nH]c(=O)[nH]c32)[C@H](O)[C@@H]1O,3,0.5789,
O=c1[nH]c(=O)c2ncn([C@@H]3O[C@H](CO)[C@@H](O)[C@H]3O)c2[nH]1,CC(O)(O)O[C@@H]1[C@@H]2O[C@]1(n1cnc3c(=O)[nH]c(=O)[nH]c31)O[C@@H]2CO,3,0.4308,
O=c1[nH]c(=O)c2ncn([C@@H]3O[C@H](CO)[C@@H](O)[C@H]3O)c2[nH]1,O=C(CO)OC[C@]1(n2cnc3c(=O)[nH]c(=O)[nH]c32)OC[C@@H](O)[C@H]1O,3,0.3939,
O=c1[nH]c(=O)c2ncn([C@@H]3O[C@H](CO)[C@@H](O)[C@H]3O)c2[nH]1,O=CO[C@H]1[C@@H](O)[C@H](n2cnc3c(=O)[nH]c(=O)[nH]c32)OC1(CO)CO,3,0.5424,
O=c1[nH]c(=O)c2ncn([C@@H]3O[C@H](CO)[C@@H](O)[C@H]3O)c2[nH]1,O=c1[nH]c(=O)c2ncn([C@@]34OC[C@@H](O3)[C@@H](O)[C@H]4OC(O)CO)c2[nH]1,3,0.3913,
O=c1[nH]c(=O)c2ncn([C@@H]3O[C@H](CO)[C@@H](O)[C@H]3O)c2[nH]1,O=c1[nH]c(=O)c2ncn([C@@H]3O[C@@H]4C(O)OCC(O)O[C@H]4[C@H]3O)c2[nH]1,3,0.5714,
O=c1[nH]c(=O)c2ncn([C@@H]3O[C@H](CO)[C@@H](O)[C@H]3O)c2[nH]1,O=c1[nH]c(=O)c2ncn([C@@H]3O[C@H](C4OCC(O)O4)[C@@H](O)[C@H]3O)c2[nH]1,3,0.6,
O=c1[nH]c(=O)c2ncn([C@@H]3O[C@H](CO)[C@@H](O)[C@H]3O)c2[nH]1,O=CC(O)OC[C@H]1O[C@@H](n2cnc3c(=O)[nH]c(=O)[nH]c32)[C@H](O)[C@@H]1O,3,0.6727,
O=c1[nH]c(=O)c2ncn([C@@H]3O[C@H](CO)[C@@H](O)[C@H]3O)c2[nH]1,O=c1[nH]c(=O)c2ncn([C@@H]3O[C@@H]4CO[C@@]4(O)[C@H]3OC(O)CO)c2[nH]1,3,0.4769,
O=c1[nH]c(=O)c2ncn([C@@H]3O[C@H](CO)[C@@H](O)[C@H]3O)c2[nH]1,O=c1[nH]c(=O)c2ncn([C@@H]3O[C@H](COC(O)CO)[C@@]4(O)O[C@@H]34)c2[nH]1,3,0.4844,
O=c1[nH]c(=O)c2ncn([C@@H]3O[C@H](CO)[C@@H](O)[C@H]3O)c2[nH]1,O=c1[nH]c(=O)c2ncn([C@@H]3O[C@@]4(CO4)[C@@H](O)[C@H]3OC(O)CO)c2[nH]1,3,0.4921,
O=c1[nH]c(=O)c2ncn([C@@H]3O[C@H](CO)[C@@H](O)[C@H]3O)c2[nH]1,CC(=O)OC(O)[C@H]1O[C@@H](n2cnc3c(=O)[nH]c(=O)[nH]c32)[C@H](O)[C@@H]1O,3,0.5893,
O=c1[nH]c(=O)c2ncn([C@@H]3O[C@H](CO)[C@@H](O)[C@H]3O)c2[nH]1,COC(=O)O[C@@H]1CO[C@](CO)(n2cnc3c(=O)[nH]c(=O)[nH]c32)[C@@H]1O,3,0.3824,
O=c1[nH]c(=O)c2ncn([C@@H]3O[C@H](CO)[C@@H](O)[C@H]3O)c2[nH]1,O=c1[nH]c(=O)c2ncn([C@@H]3O[C@@]4(CO4)[C@@H](OC(O)CO)[C@H]3O)c2[nH]1,3,0.5079,
O=c1[nH]c(=O)c2ncn([C@@H]3O[C@H](CO)[C@@H](O)[C@H]3O)c2[nH]1,O=c1[nH]c(=O)c2ncn([C@@H]3O[C@H](CO)[C@H]4OC(O)OCO[C@H]43)c2[nH]1,3,0.6545,
O=c1[nH]c(=O)c2ncn([C@@H]3O[C@H](CO)[C@@H](O)[C@H]3O)c2[nH]1,O=c1[nH]c(=O)c2ncn([C@@H]3O[C@@H]4CO[C@]3(OC(O)CO)[C@@H]4O)c2[nH]1,3,0.4688,
O=c1[nH]c(=O)c2ncn([C@@H]3O[C@H](CO)[C@@H](O)[C@H]3O)c2[nH]1,O=c1[nH]c(=O)c2ncn([C@@H]3O[C@@H]4C(O)OCC(O)O[C@@H]3[C@@H]4O)c2[nH]1,3,0.5536,
O=c1[nH]c(=O)c2ncn([C@@H]3O[C@H](CO)[C@@H](O)[C@H]3O)c2[nH]1,O=c1[nH]c(=O)c2nc3n(c2[nH]1)[C@@H]1O[C@H](CO)[C@@H](OC(O)CO)[C@H]1O3,3,0.4,
O=c1[nH]c(=O)c2ncn([C@@H]3O[C@H](CO)[C@@H](O)[C@H]3O)c2[nH]1,O=COC[C@H]1O[C@@H](n2cnc3c(=O)[nH]c(=O)[nH]c32)[C@H](O)[C@]1(O)CO,3,0.55,
O=c1[nH]c(=O)c2ncn([C@@H]3O[C@H](CO)[C@@H](O)[C@H]3O)c2[nH]1,O=c1[nH]c(=O)c2ncn([C@]34OCC(O)O[C@@H]3[C@H](O)[C@@H](CO)O4)c2[nH]1,3,0.5082,
O=c1[nH]c(=O)c2ncn([C@@H]3O[C@H](CO)[C@@H](O)[C@H]3O)c2[nH]1,COC(O)OC1O[C@H]2[C@@H](O)[C@H](n3cnc4c(=O)[nH]c(=O)[nH]c43)O[C@H]12,3,0.5333,
O=c1[nH]c(=O)c2ncn([C@@H]3O[C@H](CO)[C@@H](O)[C@H]3O)c2[nH]1,CC(O)(O)OC[C@H]1O[C@@]2(n3cnc4c(=O)[nH]c(=O)[nH]c43)O[C@H]1[C@H]2O,3,0.3939,
O=c1[nH]c(=O)c2ncn([C@@H]3O[C@H](CO)[C@@H](O)[C@H]3O)c2[nH]1,COC(O)OC[C@]12O[C@@H](n3cnc4c(=O)[nH]c(=O)[nH]c43)[C@H](O)[C@@H]1O2,3,0.5,
O=c1[nH]c(=O)c2ncn([C@@H]3O[C@H](CO)[C@@H](O)[C@H]3O)c2[nH]1,O=c1[nH]c(=O)c2ncn([C@@H]3O[C@@H]4C(O)O[C@H]4[C@H]3OC(O)CO)c2[nH]1,3,0.5333,
O=c1[nH]c(=O)c2ncn([C@@H]3O[C@H](CO)[C@@H](O)[C@H]3O)c2[nH]1,O=c1[nH]c(=O)c2ncn([C@@H]3O[C@H](CO)[C@@]4(OCC(O)O4)[C@H]3O)c2[nH]1,3,0.5593,
O=c1[nH]c(=O)c2ncn([C@@H]3O[C@H](CO)[C@@H](O)[C@H]3O)c2[nH]1,COC(O)O[C@@]12OC[C@H]1O[C@@H](n1cnc3c(=O)[nH]c(=O)[nH]c31)[C@@H]2O,3,0.4615,
O=c1[nH]c(=O)c2ncn([C@@H]3O[C@H](CO)[C@@H](O)[C@H]3O)c2[nH]1,O=c1[nH]c(=O)c2ncn([C@@]34OCC(O)OC[C@@H](O3)[C@@H](O)[C@H]4O)c2[nH]1,3,0.3906,
O=c1[nH]c(=O)c2ncn([C@@H]3O[C@H](CO)[C@@H](O)[C@H]3O)c2[nH]1,CC(O)(O)O[C@H]1[C@H](n2cnc3c(=O)[nH]c(=O)[nH]c32)O[C@@H]2CO[C@]21O,3,0.4462,
O=c1[nH]c(=O)c2ncn([C@@H]3O[C@H](CO)[C@@H](O)[C@H]3O)c2[nH]1,CC(O)(O)O[C@@H]1[C@@H]2OC(O)[C@H]2O[C@H]1n1cnc2c(=O)[nH]c(=O)[nH]c21,3,0.5,
O=c1[nH]c(=O)c2ncn([C@@H]3O[C@H](CO)[C@@H](O)[C@H]3O)c2[nH]1,O=c1[nH]c(=O)c2nc3n(c2[nH]1)[C@@H]1O[C@H](CO)[C@@H](O3)[C@H]1OC(O)CO,3,0.4,
O=c1[nH]c(=O)c2ncn([C@@H]3O[C@H](CO)[C@@H](O)[C@H]3O)c2[nH]1,O=C(CO)OC[C@H]1O[C@@H](n2cnc3c(=O)[nH]c(=O)[nH]c32)[C@H](O)[C@@H]1O,2,0.7308,
O=c1[nH]c(=O)c2ncn([C@@H]3O[C@H](CO)[C@@H](O)[C@H]3O)c2[nH]1,O=CO[C@@H]1[C@H](O)[C@@H](CO)O[C@H]1n1c(CO)nc2c(=O)[nH]c(=O)[nH]c21,3,0.4677,
O=c1[nH]c(=O)c2ncn([C@@H]3O[C@H](CO)[C@@H](O)[C@H]3O)c2[nH]1,O=CO[C@H]1[C@H](n2cnc3c(=O)[nH]c(=O)[nH]c32)OC(CO)(CO)[C@H]1O,3,0.5254,
O=c1[nH]c(=O)c2ncn([C@@H]3O[C@H](CO)[C@@H](O)[C@H]3O)c2[nH]1,COC(O)OC[C@H]1O[C@@]2(n3cnc4c(=O)[nH]c(=O)[nH]c43)O[C@H]1[C@H]2O,3,0.3824,
O=c1[nH]c(=O)c2ncn([C@@H]3O[C@H](CO)[C@@H](O)[C@H]3O)c2[nH]1,O=c1[nH]c(=O)c2ncn([C@@H]3O[C@]4(COC(O)CO)O[C@@H]3[C@@H]4O)c2[nH]1,3,0.5082,
O=c1[nH]c(=O)c2ncn([C@@H]3O[C@H](CO)[C@@H](O)[C@H]3O)c2[nH]1,COC(O)O[C@H]1[C@H]2O[C@]2(n2cnc3c(=O)[nH]c(=O)[nH]c32)O[C@@H]1CO,3,0.4179,
O=c1[nH]c(=O)c2ncn([C@@H]3O[C@H](CO)[C@@H](O)[C@H]3O)c2[nH]1,O=c1[nH]c(=O)c2nc3n(c2[nH]1)[C@@H]1O[C@H](CO3)[C@@H](OC(O)CO)[C@H]1O,3,0.3676,
O=c1[nH]c(=O)c2ncn([C@@H]3O[C@H](CO)[C@@H](O)[C@H]3O)c2[nH]1,O=COC[C@]1(CO)O[C@@H](n2cnc3c(=O)[nH]c(=O)[nH]c32)[C@H](O)[C@@H]1O,3,0.5333,
O=c1[nH]c(=O)c2ncn([C@@H]3O[C@H](CO)[C@@H](O)[C@H]3O)c2[nH]1,COC(O)O[C@H]1[C@H](n2cnc3c(=O)[nH]c(=O)[nH]c32)O[C@@H]2CO[C@]21O,3,0.4328,
O=c1[nH]c(=O)c2ncn([C@@H]3O[C@H](CO)[C@@H](O)[C@H]3O)c2[nH]1,CC(O)(O)O[C@H]1[C@H](n2cnc3c(=O)[nH]c(=O)[nH]c32)O[C@]2(CO)O[C@@H]12,3,0.4839,
O=c1[nH]c(=O)c2ncn([C@@H]3O[C@H](CO)[C@@H](O)[C@H]3O)c2[nH]1,O=c1[nH]c(=O)c2nc3n(c2[nH]1)[C@@H]1O[C@H](COC(O)CO)[C@@H](O)[C@H]1O3,3,0.3939,
O=c1[nH]c(=O)c2ncn([C@@H]3O[C@H](CO)[C@@H](O)[C@H]3O)c2[nH]1,COC(=O)OC[C@H]1O[C@@H](n2cnc3c(=O)[nH]c(=O)[nH]c32)[C@H](O)[C@@H]1O,2,0.6852,
O=c1[nH]c(=O)c2ncn([C@@H]3O[C@H](CO)[C@@H](O)[C@H]3O)c2[nH]1,COC(O)OC[C@H]1O[C@@H](n2cnc3c(=O)[nH]c(=O)[nH]c32)[C@@H]2O[C@]12O,3,0.4545,
O=c1[nH]c(=O)c2ncn([C@@H]3O[C@H](CO)[C@@H](O)[C@H]3O)c2[nH]1,COC(O)OC[C@H]1O[C@@H](n2cnc3c(=O)[nH]c(=O)[nH]c32)[C@]2(O)O[C@H]12,3,0.4394,
O=c1[nH]c(=O)c2ncn([C@@H]3O[C@H](CO)[C@@H](O)[C@H]3O)c2[nH]1,CC(O)(O)O[C@H]1[C@H]2OC(O)[C@H]1O[C@H]2n1cnc2c(=O)[nH]c(=O)[nH]c21,3,0.5,
O=c1[nH]c(=O)c2ncn([C@@H]3O[C@H](CO)[C@@H](O)[C@H]3O)c2[nH]1,CC(O)(O)OC[C@H]1O[C@@H]2[C@H](Oc3nc4c(=O)[nH]c(=O)[nH]c4n32)[C@@H]1O,3,0.3788,
O=c1[nH]c(=O)c2ncn([C@@H]3O[C@H](CO)[C@@H](O)[C@H]3O)c2[nH]1,CC(O)(O)OC[C@H]1O[C@@H]2[C@H](O)[C@@H]1Oc1nc3c(=O)[nH]c(=O)[nH]c3n12,3,0.3788,
O=c1[nH]c(=O)c2ncn([C@@H]3O[C@H](CO)[C@@H](O)[C@H]3O)c2[nH]1,COC(=O)OC[C@]1(n2cnc3c(=O)[nH]c(=O)[nH]c32)OC[C@@H](O)[C@H]1O,3,0.3676,
O=c1[nH]c(=O)c2ncn([C@@H]3O[C@H](CO)[C@@H](O)[C@H]3O)c2[nH]1,COC(=O)O[C@@H]1[C@H](O)CO[C@]1(CO)n1cnc2c(=O)[nH]c(=O)[nH]c21,3,0.3768,
O=c1[nH]c(=O)c2ncn([C@@H]3O[C@H](CO)[C@@H](O)[C@H]3O)c2[nH]1,COC(O)O[C@@H]1[C@@H]2Oc3nc4c(=O)[nH]c(=O)[nH]c4n3[C@@H]1O[C@@H]2CO,3,0.3881,
O=c1[nH]c(=O)c2ncn([C@@H]3O[C@H](CO)[C@@H](O)[C@H]3O)c2[nH]1,COC(=O)O[C@H]1[C@@H](O)[C@H](n2cnc3c(=O)[nH]c(=O)[nH]c32)O[C@@H]1CO,2,0.6909,
O=c1[nH]c(=O)c2ncn([C@@H]3O[C@H](CO)[C@@H](O)[C@H]3O)c2[nH]1,COC(O)O[C@H]1[C@H](n2cnc3c(=O)[nH]c(=O)[nH]c32)O[C@@]2(CO2)[C@H]1O,3,0.4462,
O=c1[nH]c(=O)c2ncn([C@@H]3O[C@H](CO)[C@@H](O)[C@H]3O)c2[nH]1,CC(O)(O)O[C@H]1[C@@H](O)[C@]2(n3cnc4c(=O)[nH]c(=O)[nH]c43)OC[C@H]1O2,3,0.3478,
O=c1[nH]c(=O)c2ncn([C@@H]3O[C@H](CO)[C@@H](O)[C@H]3O)c2[nH]1,O=c1[nH]c(=O)c2ncn([C@@H]3O[C@@]4(COC(O)CO4)[C@@H](O)[C@H]3O)c2[nH]1,3,0.5,
O=c1[nH]c(=O)c2ncn([C@@H]3O[C@H](CO)[C@@H](O)[C@H]3O)c2[nH]1,O=c1[nH]c(=O)c2ncn([C@@H]3O[C@H](CO)[C@@]4(O)OCC(O)O[C@@H]34)c2[nH]1,3,0.55,
O=c1[nH]c(=O)c2ncn([C@@H]3O[C@H](CO)[C@@H](O)[C@H]3O)c2[nH]1,CC(O)(O)O[C@]12O[C@H]1[C@H](n1cnc3c(=O)[nH]c(=O)[nH]c31)O[C@@H]2CO,3,0.5161,
O=c1[nH]c(=O)c2ncn([C@@H]3O[C@H](CO)[C@@H](O)[C@H]3O)c2[nH]1,O=CC(O)O[C@H]1[C@@H](O)[C@H](n2cnc3c(=O)[nH]c(=O)[nH]c32)O[C@@H]1CO,3,0.6786,
O=c1[nH]c(=O)c2ncn([C@@H]3O[C@H](CO)[C@@H](O)[C@H]3O)c2[nH]1,COC(O)OC[C@H]1O[C@@]2(n3cnc4c(=O)[nH]c(=O)[nH]c43)O[C@@H]2[C@@H]1O,3,0.3971,
O=c1[nH]c(=O)c2ncn([C@@H]3O[C@H](CO)[C@@H](O)[C@H]3O)c2[nH]1,CC(O)(O)O[C@@H]1[C@H](O)[C@H]2COc3nc4c(=O)[nH]c(=O)[nH]c4n3[C@@H]1O2,3,0.3382,
O=c1[nH]c(=O)c2ncn([C@@H]3O[C@H](CO)[C@@H](O)[C@H]3O)c2[nH]1,O=c1[nH]c(=O)c2ncn([C@@H]3O[C@]4(CO)O[C@H]4[C@H]3OC(O)CO)c2[nH]1,3,0.4839,
O=c1[nH]c(=O)c2ncn([C@@H]3O[C@H](CO)[C@@H](O)[C@H]3O)c2[nH]1,O=COC[C@H]1O[C@@H](n2c(CO)nc3c(=O)[nH]c(=O)[nH]c32)[C@H](O)[C@@H]1O,3,0.4516,
O=c1[nH]c(=O)c2ncn([C@@H]3O[C@H](CO)[C@@H](O)[C@H]3O)c2[nH]1,CC(O)(O)O[C@@]12O[C@@H]1[C@@H](CO)O[C@H]2n1cnc2c(=O)[nH]c(=O)[nH]c21,3,0.5246,
O=c1[nH]c(=O)c2ncn([C@@H]3O[C@H](CO)[C@@H](O)[C@H]3O)c2[nH]1,O=c1[nH]c(=O)c2ncn([C@@H]3O[C@H](CO)[C@@]4(OC(O)CO)O[C@@H]34)c2[nH]1,3,0.5161,
O=c1[nH]c(=O)c2ncn([C@@H]3O[C@H](CO)[C@@H](O)[C@H]3O)c2[nH]1,O=c1[nH]c(=O)c2ncn([C@@H]3O[C@@H]4COC(O)CO[C@]3(O)[C@@H]4O)c2[nH]1,3,0.459,
O=c1[nH]c(=O)c2ncn([C@@H]3O[C@H](CO)[C@@H](O)[C@H]3O)c2[nH]1,COC(O)O[C@@H]1[C@@H]2OC(O)[C@H]2O[C@H]1n1cnc2c(=O)[nH]c(=O)[nH]c21,3,0.4839,
O=c1[nH]c(=O)c2ncn([C@@H]3O[C@H](CO)[C@@H](O)[C@H]3O)c2[nH]1,O=COC(CO)[C@H]1O[C@@H](n2cnc3c(=O)[nH]c(=O)[nH]c32)[C@H](O)[C@@H]1O,3,0.614,
O=c1[nH]c(=O)c2ncn([C@@H]3O[C@H](CO)[C@@H](O)[C@H]3O)c2[nH]1,CC(=O)O[C@H]1[C@@H](O)[C@H](n2cnc3c(=O)[nH]c(=O)[nH]c32)O[C@@H]1C(O)O,3,0.5424,
O=c1[nH]c(=O)c2ncn([C@@H]3O[C@H](CO)[C@@H](O)[C@H]3O)c2[nH]1,O=C(CO)O[C@@H]1[C@H](O)[C@@H](CO)O[C@H]1n1cnc2c(=O)[nH]c(=O)[nH]c21,2,0.717,
O=c1[nH]c(=O)c2ncn([C@@H]3O[C@H](CO)[C@@H](O)[C@H]3O)c2[nH]1,O=CO[C@@]1(CO)[C@@H](CO)O[C@@H](n2cnc3c(=O)[nH]c(=O)[nH]c32)[C@@H]1O,3,0.569,
O=c1[nH]c(=O)c2ncn([C@@H]3O[C@H](CO)[C@@H](O)[C@H]3O)c2[nH]1,O=C[C@H]1O[C@@H](n2cnc3c(=O)[nH]c(=O)[nH]c32)[C@H](OC(O)CO)[C@@H]1O,3,0.541,
O=c1[nH]c(=O)c2ncn([C@@H]3O[C@H](CO)[C@@H](O)[C@H]3O)c2[nH]1,O=c1[nH]c(=O)c2ncn([C@@H]3O[C@@H]4C(OC(O)CO)O[C@@H]3[C@@H]4O)c2[nH]1,3,0.569,
O=c1[nH]c(=O)c2ncn([C@@H]3O[C@H](CO)[C@@H](O)[C@H]3O)c2[nH]1,O=c1[nH]c(=O)c2ncn([C@@H]3O[C@@H]4COC(O)OCO[C@H]4[C@H]3O)c2[nH]1,3,0.5614,
O=c1[nH]c(=O)c2ncn([C@@H]3O[C@H](CO)[C@@H](O)[C@H]3O)c2[nH]1,COC(O)O[C@H]1[C@H]2OC(O)[C@H]1O[C@H]2n1cnc2c(=O)[nH]c(=O)[nH]c21,3,0.4839,
O=c1[nH]c(=O)c2ncn([C@@H]3O[C@H](CO)[C@@H](O)[C@H]3O)c2[nH]1,CC(=O)O[C@@H]1[C@H](O)[C@@H](C(O)O)O[C@H]1n1cnc2c(=O)[nH]c(=O)[nH]c21,3,0.5167,
O=c1[nH]c(=O)c2ncn([C@@H]3O[C@H](CO)[C@@H](O)[C@H]3O)c2[nH]1,CC(O)(O)O[C@H]1[C@H]2O[C@@]1(CO)O[C@H]2n1cnc2c(=O)[nH]c(=O)[nH]c21,3,0.4839,
O=c1[nH]c(=O)c2ncn([C@@H]3O[C@H](CO)[C@@H](O)[C@H]3O)c2[nH]1,O=c1[nH]c(=O)c2ncn([C@@]34OC[C@@H](O3)[C@@H](OC(O)CO)[C@H]4O)c2[nH]1,3,0.3768,
O=c1[nH]c(=O)c2ncn([C@@H]3O[C@H](CO)[C@@H](O)[C@H]3O)c2[nH]1,O=c1[nH]c(=O)c2ncn([C@]34O[C@@H]3[C@H](OC(O)CO)[C@@H](CO)O4)c2[nH]1,3,0.4308,
O=c1[nH]c(=O)c2ncn([C@@H]3O[C@H](CO)[C@@H](O)[C@H]3O)c2[nH]1,O=CO[C@H]1[C@@H](O)[C@H](n2cnc3c(=O)[nH]c(=O)[nH]c32)O[C@@H]1C(O)CO,3,0.5667,
O=c1[nH]c(=O)c2ncn([C@@H]3O[C@H](CO)[C@@H](O)[C@H]3O)c2[nH]1,CC(O)(O)[C@H]1O[C@@H](n2cnc3c(=O)[nH]c(=O)[nH]c32)[C@H](O)[C@@H]1OC=O,3,0.5333,
O=c1[nH]c(=O)c2ncn([C@@H]3O[C@H](CO)[C@@H](O)[C@H]3O)c2[nH]1,O=c1[nH]c(=O)c2nc3n(c2[nH]1)[C@@H]1O[C@H](CO3)[C@@H](O)[C@H]1OC(O)CO,3,0.3676,
O=c1[nH]c(=O)c2ncn([C@@H]3O[C@H](CO)[C@@H](O)[C@H]3O)c2[nH]1,O=COC[C@H]1O[C@@H](n2cnc3c(=O)[nH]c(=O)[nH]c32)[C@](O)(CO)[C@@H]1O,3,0.5424,
O=c1[nH]c(=O)c2ncn([C@@H]3O[C@H](CO)[C@@H](O)[C@H]3O)c2[nH]1,O=c1[nH]c(=O)c2ncn([C@@H]3O[C@@H]4COCOC(O)O[C@@H]3[C@@H]4O)c2[nH]1,3,0.5167,
O=c1[nH]c(=O)c2ncn([C@@H]3O[C@H](CO)[C@@H](O)[C@H]3O)c2[nH]1,CC(O)(O)O[C@H]1[C@@H](O)[C@H]2O[C@@H]1COc1nc3c(=O)[nH]c(=O)[nH]c3n12,3,0.3382,
O=c1[nH]c(=O)c2ncn([C@@H]3O[C@H](CO)[C@@H](O)[C@H]3O)c2[nH]1,CC(O)(O)O[C@@H]1[C@H](O)[C@H]2CO[C@]1(n1cnc3c(=O)[nH]c(=O)[nH]c31)O2,3,0.3623,
O=c1[nH]c(=O)c2ncn([C@@H]3O[C@H](CO)[C@@H](O)[C@H]3O)c2[nH]1,O=c1[nH]c(=O)c2nc3n(c2[nH]1)[C@@H]1O[C@H](COC(O)CO3)[C@@H](O)[C@H]1O,3,0.3651,
O=c1[nH]c(=O)c2ncn([C@@H]3O[C@H](CO)[C@@H](O)[C@H]3O)c2[nH]1,O=c1[nH]c(=O)c2ncn([C@]34O[C@@H]([C@H]3O)[C@@H](COC(O)CO)O4)c2[nH]1,3,0.4091,
O=c1[nH]c(=O)c2ncn([C@@H]3O[C@H](CO)[C@@H](O)[C@H]3O)c2[nH]1,O=c1[nH]c(=O)c2ncn([C@@H]3O[C@H](CO)[C@H]4OC(O)CO[C@]43O)c2[nH]1,3,0.5593,
O=c1[nH]c(=O)c2ncn([C@@H]3O[C@H](CO)[C@@H](O)[C@H]3O)c2[nH]1,CC(O)(O)OC1O[C@@H]2[C@H](O)[C@@H]1O[C@H]2n1cnc2c(=O)[nH]c(=O)[nH]c21,3,0.5254,
O=c1[nH]c(=O)c2ncn([C@@H]3O[C@H](CO)[C@@H](O)[C@H]3O)c2[nH]1,CC(O)(O)O[C@H]1[C@H]2Oc3nc4c(=O)[nH]c(=O)[nH]c4n3[C@@H]2O[C@@H]1CO,3,0.4,
O=c1[nH]c(=O)c2ncn([C@@H]3O[C@H](CO)[C@@H](O)[C@H]3O)c2[nH]1,O=c1[nH]c(=O)c2ncn([C@@H]3O[C@H](CO)[C@H]4OC(O)C(O)O[C@H]43)c2[nH]1,3,0.7347,
O=c1[nH]c(=O)c2ncn([C@@H]3O[C@H](CO)[C@@H](O)[C@H]3O)c2[nH]1,O=c1[nH]c(=O)c2ncn([C@@H]3O[C@@H]4CO[C@@]4(OC(O)CO)[C@H]3O)c2[nH]1,3,0.5079,
O=c1[nH]c(=O)c2ncn([C@@H]3O[C@H](CO)[C@@H](O)[C@H]3O)c2[nH]1,O=c1[nH]c(=O)c2ncn([C@@H]3O[C@@H]4C(O)O[C@@H]3[C@@H]4OC(O)CO)c2[nH]1,3,0.5333,
O=c1[nH]c(=O)c2ncn([C@@H]3O[C@H](CO)[C@@H](O)[C@H]3O)c2[nH]1,O=c1[nH]c(=O)c2ncn([C@@H]3O[C@H](CO)[C@H]4OCOC(O)O[C@H]43)c2[nH]1,3,0.6545,
O=c1[nH]c(=O)c2ncn([C@@H]3O[C@H](CO)[C@@H](O)[C@H]3O)c2[nH]1,CC(O)(O)OC[C@H]1O[C@@]2(n3cnc4c(=O)[nH]c(=O)[nH]c43)O[C@@H]2[C@@H]1O,3,0.4091,
O=c1[nH]c(=O)c2ncn([C@@H]3O[C@H](CO)[C@@H](O)[C@H]3O)c2[nH]1,O=C[C@H]1O[C@@H](n2cnc3c(=O)[nH]c(=O)[nH]c32)[C@H](O)[C@@H]1OC(O)CO,3,0.5667,
O=c1[nH]c(=O)c2ncn([C@@H]3O[C@H](CO)[C@@H](O)[C@H]3O)c2[nH]1,O=c1[nH]c(=O)c2ncn([C@@H]3O[C@@H]4COCOC(O)O[C@H]4[C@H]3O)c2[nH]1,3,0.5424,
O=c1[nH]c(=O)c2ncn([C@@H]3O[C@H](CO)[C@@H](O)[C@H]3O)c2[nH]1,CC(O)(O)OC[C@]12O[C@@H]([C@H](n3cnc4c(=O)[nH]c(=O)[nH]c43)O1)[C@@H]2O,3,0.4918,
O=c1[nH]c(=O)c2ncn([C@@H]3O[C@H](CO)[C@@H](O)[C@H]3O)c2[nH]1,COC(O)O[C@]12O[C@H]1[C@H](n1cnc3c(=O)[nH]c(=O)[nH]c31)O[C@@H]2CO,3,0.5,
O=c1[nH]c(=O)c2ncn([C@@H]3O[C@H](CO)[C@@H](O)[C@H]3O)c2[nH]1,COC(O)O[C@H]1[C@@H](O)[C@H](n2cnc3c(=O)[nH]c(=O)[nH]c32)O[C@@]12CO2,3,0.4615,
O=c1[nH]c(=O)c2ncn([C@@H]3O[C@H](CO)[C@@H](O)[C@H]3O)c2[nH]1,CC(N)O[C@H]1[C@@H](O)[C@H](n2cnc3c(=O)[nH]c(=O)[nH]c32)O[C@@H]1C(C)O,3,0.5333,
O=c1[nH]c(=O)c2ncn([C@@H]3O[C@H](CO)[C@@H](O)[C@H]3O)c2[nH]1,CC(N)O[C@H]1[C@H](n2cnc3c(=O)[nH]c(=O)[nH]c32)O[C@@](C)(CO)[C@H]1O,3,0.4921,
O=c1[nH]c(=O)c2ncn([C@@H]3O[C@H](CO)[C@@H](O)[C@H]3O)c2[nH]1,CC(N)OC[C@]1(C)O[C@@H](n2cnc3c(=O)[nH]c(=O)[nH]c32)[C@H](O)[C@@H]1O,3,0.5,
O=c1[nH]c(=O)c2ncn([C@@H]3O[C@H](CO)[C@@H](O)[C@H]3O)c2[nH]1,CC(N)OC[C@H]1O[C@@H](n2cnc3c(=O)[nH]c(=O)[nH]c32)[C@@](C)(O)[C@@H]1O,3,0.4762,
O=c1[nH]c(=O)c2ncn([C@@H]3O[C@H](CO)[C@@H](O)[C@H]3O)c2[nH]1,CC(N)O[C@@]1(C)[C@@H](CO)O[C@@H](n2cnc3c(=O)[nH]c(=O)[nH]c32)[C@@H]1O,3,0.5667,
O=c1[nH]c(=O)c2ncn([C@@H]3O[C@H](CO)[C@@H](O)[C@H]3O)c2[nH]1,Cc1nc2c(=O)[nH]c(=O)[nH]c2n1[C@@H]1O[C@H](COC(C)N)[C@@H](O)[C@H]1O,3,0.4219,
O=c1[nH]c(=O)c2ncn([C@@H]3O[C@H](CO)[C@@H](O)[C@H]3O)c2[nH]1,CNC(C)O[C@H]1[C@@H](O)[C@H](n2cnc3c(=O)[nH]c(=O)[nH]c32)O[C@@H]1CO,3,0.6667,
O=c1[nH]c(=O)c2ncn([C@@H]3O[C@H](CO)[C@@H](O)[C@H]3O)c2[nH]1,CO[C@@H]1[C@H](OC(C)N)[C@@H](CO)O[C@H]1n1cnc2c(=O)[nH]c(=O)[nH]c21,3,0.5932,
O=c1[nH]c(=O)c2ncn([C@@H]3O[C@H](CO)[C@@H](O)[C@H]3O)c2[nH]1,Cc1nc2c(=O)[nH]c(=O)[nH]c2n1[C@@H]1O[C@H](CO)[C@@H](O)[C@H]1OC(C)N,3,0.4531,
O=c1[nH]c(=O)c2ncn([C@@H]3O[C@H](CO)[C@@H](O)[C@H]3O)c2[nH]1,CC(C)(N)OC[C@H]1O[C@@H](n2cnc3c(=O)[nH]c(=O)[nH]c32)[C@H](O)[C@@H]1O,3,0.6852,
O=c1[nH]c(=O)c2ncn([C@@H]3O[C@H](CO)[C@@H](O)[C@H]3O)c2[nH]1,CC(C)(N)O[C@H]1[C@@H](O)[C@H](n2cnc3c(=O)[nH]c(=O)[nH]c32)O[C@@H]1CO,3,0.6909,
O=c1[nH]c(=O)c2ncn([C@@H]3O[C@H](CO)[C@@H](O)[C@H]3O)c2[nH]1,CC(N)O[C@@H]1[C@@H](CO)O[C@@H](n2cnc3c(=O)[nH]c(=O)[nH]c32)[C@@]1(C)O,3,0.5161,
O=c1[nH]c(=O)c2ncn([C@@H]3O[C@H](CO)[C@@H](O)[C@H]3O)c2[nH]1,CCC(N)OC[C@H]1O[C@@H](n2cnc3c(=O)[nH]c(=O)[nH]c32)[C@H](O)[C@@H]1O,3,0.6607,
O=c1[nH]c(=O)c2ncn([C@@H]3O[C@H](CO)[C@@H](O)[C@H]3O)c2[nH]1,COC[C@H]1O[C@@H](n2cnc3c(=O)[nH]c(=O)[nH]c32)[C@H](O)[C@@H]1OC(C)N,3,0.5833,
O=c1[nH]c(=O)c2ncn([C@@H]3O[C@H](CO)[C@@H](O)[C@H]3O)c2[nH]1,CCC(N)O[C@@H]1[C@H](O)[C@@H](CO)O[C@H]1n1cnc2c(=O)[nH]c(=O)[nH]c21,3,0.6667,
O=c1[nH]c(=O)c2ncn([C@@H]3O[C@H](CO)[C@@H](O)[C@H]3O)c2[nH]1,CC(N)O[C@H]1[C@H](n2cnc3c(=O)[nH]c(=O)[nH]c32)O[C@H](CO)[C@]1(C)O,3,0.5079,
O=c1[nH]c(=O)c2ncn([C@@H]3O[C@H](CO)[C@@H](O)[C@H]3O)c2[nH]1,COC[C@H]1O[C@@H](n2cnc3c(=O)[nH]c(=O)[nH]c32)[C@H](OC(C)N)[C@@H]1O,3,0.5574,
O=c1[nH]c(=O)c2ncn([C@@H]3O[C@H](CO)[C@@H](O)[C@H]3O)c2[nH]1,CO[C@H]1[C@@H](OC(C)N)[C@H](n2cnc3c(=O)[nH]c(=O)[nH]c32)O[C@@H]1CO,3,0.5932,
O=c1[nH]c(=O)c2ncn([C@@H]3O[C@H](CO)[C@@H](O)[C@H]3O)c2[nH]1,CC(N)OC[C@H]1O[C@](C)(n2cnc3c(=O)[nH]c(=O)[nH]c32)[C@H](O)[C@@H]1O,3,0.4091,
O=c1[nH]c(=O)c2ncn([C@@H]3O[C@H](CO)[C@@H](O)[C@H]3O)c2[nH]1,CC(N)O[C@@H]1[C@H](O)[C@@H](CO)O[C@]1(C)n1cnc2c(=O)[nH]c(=O)[nH]c21,3,0.4615,
O=c1[nH]c(=O)c2ncn([C@@H]3O[C@H](CO)[C@@H](O)[C@H]3O)c2[nH]1,CC(N)OC[C@H]1O[C@@H](n2cnc3c(=O)[nH]c(=O)[nH]c32)[C@H](O)[C@@]1(C)O,3,0.4921,
O=c1[nH]c(=O)c2ncn([C@@H]3O[C@H](CO)[C@@H](O)[C@H]3O)c2[nH]1,CC(C)(N)O[C@@H]1[C@H](O)[C@@H](CO)O[C@H]1n1cnc2c(=O)[nH]c(=O)[nH]c21,3,0.6909,
O=c1[nH]c(=O)c2ncn([C@@H]3O[C@H](CO)[C@@H](O)[C@H]3O)c2[nH]1,CNC(C)O[C@@H]1[C@H](O)[C@@H](CO)O[C@H]1n1cnc2c(=O)[nH]c(=O)[nH]c21,3,0.6667,
O=c1[nH]c(=O)c2ncn([C@@H]3O[C@H](CO)[C@@H](O)[C@H]3O)c2[nH]1,CO[C@H]1[C@@H](O)[C@H](n2cnc3c(=O)[nH]c(=O)[nH]c32)O[C@@H]1COC(C)N,3,0.5833,
O=c1[nH]c(=O)c2ncn([C@@H]3O[C@H](CO)[C@@H](O)[C@H]3O)c2[nH]1,CO[C@@H]1[C@H](O)[C@@H](COC(C)N)O[C@H]1n1cnc2c(=O)[nH]c(=O)[nH]c21,3,0.5574,
O=c1[nH]c(=O)c2ncn([C@@H]3O[C@H](CO)[C@@H](O)[C@H]3O)c2[nH]1,CC(N)O[C@@]1(C)[C@H](O)[C@@H](CO)O[C@H]1n1cnc2c(=O)[nH]c(=O)[nH]c21,3,0.55,
O=c1[nH]c(=O)c2ncn([C@@H]3O[C@H](CO)[C@@H](O)[C@H]3O)c2[nH]1,CC(N)O[C@H]1[C@@H](O)[C@H](n2cnc3c(=O)[nH]c(=O)[nH]c32)O[C@@]1(C)CO,3,0.5079,
O=c1[nH]c(=O)c2ncn([C@@H]3O[C@H](CO)[C@@H](O)[C@H]3O)c2[nH]1,CNC(C)OC[C@H]1O[C@@H](n2cnc3c(=O)[nH]c(=O)[nH]c32)[C@H](O)[C@@H]1O,3,0.6607,
O=c1[nH]c(=O)c2ncn([C@@H]3O[C@H](CO)[C@@H](O)[C@H]3O)c2[nH]1,CC(N)O[C@H]1[C@@H](O)[C@@](C)(n2cnc3c(=O)[nH]c(=O)[nH]c32)O[C@@H]1CO,3,0.4462,
O=c1[nH]c(=O)c2ncn([C@@H]3O[C@H](CO)[C@@H](O)[C@H]3O)c2[nH]1,CC(N)O[C@@H]1[C@H](O)[C@@H](C(C)O)O[C@H]1n1cnc2c(=O)[nH]c(=O)[nH]c21,3,0.5082,
O=c1[nH]c(=O)c2ncn([C@@H]3O[C@H](CO)[C@@H](O)[C@H]3O)c2[nH]1,Cc1nc2c(=O)[nH]c(=O)[nH]c2n1[C@@H]1O[C@H](CO)[C@@H](OC(C)N)[C@H]1O,3,0.4308,
O=c1[nH]c(=O)c2ncn([C@@H]3O[C@H](CO)[C@@H](O)[C@H]3O)c2[nH]1,CC(N)OC(C)[C@H]1O[C@@H](n2cnc3c(=O)[nH]c(=O)[nH]c32)[C@H](O)[C@@H]1O,3,0.5893,
O=c1[nH]c(=O)c2ncn([C@@H]3O[C@H](CO)[C@@H](O)[C@H]3O)c2[nH]1,CCC(N)O[C@H]1[C@@H](O)[C@H](n2cnc3c(=O)[nH]c(=O)[nH]c32)O[C@@H]1CO,3,0.6667,
O=c1[nH]c(=O)c2ncn([C@@H]3O[C@H](CO)[C@@H](O)[C@H]3O)c2[nH]1,C[n+]1cn([C@@H]2O[C@H](CO)[C@](C)(O)[C@H]2OC=O)c2[nH]c(=O)[nH]c(=O)c21,3,0.3056,
O=c1[nH]c(=O)c2ncn([C@@H]3O[C@H](CO)[C@@H](O)[C@H]3O)c2[nH]1,CC(O)[C@H]1O[C@@H](n2c[n+](C)c3c(=O)[nH]c(=O)[nH]c32)[C@H](O)[C@@H]1OC=O,3,0.3143,
O=c1[nH]c(=O)c2ncn([C@@H]3O[C@H](CO)[C@@H](O)[C@H]3O)c2[nH]1,CC(O)O[C@H]1[C@@H](O)[C@H]2O[C@@H]1COC[n+]1cn2c2[nH]c(=O)[nH]c(=O)c21,3,0.3056,
O=c1[nH]c(=O)c2ncn([C@@H]3O[C@H](CO)[C@@H](O)[C@H]3O)c2[nH]1,CC(O)O[C@H]1[C@H]2OC[n+]3cn(c4[nH]c(=O)[nH]c(=O)c43)[C@@H]2O[C@@H]1CO,3,0.3521,
O=c1[nH]c(=O)c2ncn([C@@H]3O[C@H](CO)[C@@H](O)[C@H]3O)c2[nH]1,C[n+]1cn([C@@H]2O[C@@](C)(CO)[C@@H](O)[C@H]2OC=O)c2[nH]c(=O)[nH]c(=O)c21,3,0.2917,
O=c1[nH]c(=O)c2ncn([C@@H]3O[C@H](CO)[C@@H](O)[C@H]3O)c2[nH]1,CC(O)OC1O[C@H]2[C@@H](O)[C@H](n3c[n+](C)c4c(=O)[nH]c(=O)[nH]c43)O[C@H]12,3,0.3188,
O=c1[nH]c(=O)c2ncn([C@@H]3O[C@H](CO)[C@@H](O)[C@H]3O)c2[nH]1,CC(O)OC[C@]12O[C@@H](n3c[n+](C)c4c(=O)[nH]c(=O)[nH]c43)[C@H](O)[C@@H]1O2,3,0.2958,
O=c1[nH]c(=O)c2ncn([C@@H]3O[C@H](CO)[C@@H](O)[C@H]3O)c2[nH]1,C[n+]1cn([C@@H]2O[C@H](CO)[C@@H](OC=O)[C@]2(C)O)c2[nH]c(=O)[nH]c(=O)c21,3,0.3429,
O=c1[nH]c(=O)c2ncn([C@@H]3O[C@H](CO)[C@@H](O)[C@H]3O)c2[nH]1,Cc1n([C@@H]2O[C@H](CO)[C@@H](O)[C@H]2OC=O)c2[nH]c(=O)[nH]c(=O)c2[n+]1C,3,0.3939,
O=c1[nH]c(=O)c2ncn([C@@H]3O[C@H](CO)[C@@H](O)[C@H]3O)c2[nH]1,CC(O)OC[C@H]1O[C@@]2(n3c[n+](C)c4c(=O)[nH]c(=O)[nH]c43)O[C@@H]2[C@@H]1O,3,0.2703,
O=c1[nH]c(=O)c2ncn([C@@H]3O[C@H](CO)[C@@H](O)[C@H]3O)c2[nH]1,CC(O)OC1O[C@@H]2[C@H](O)[C@@H]1O[C@H]2n1c[n+](C)c2c(=O)[nH]c(=O)[nH]c21,3,0.3,
O=c1[nH]c(=O)c2ncn([C@@H]3O[C@H](CO)[C@@H](O)[C@H]3O)c2[nH]1,CC(O)O[C@H]1[C@@H](O)[C@H]2O[C@@H]1COc1n2c2[nH]c(=O)[nH]c(=O)c2[n+]1C,3,0.274,
O=c1[nH]c(=O)c2ncn([C@@H]3O[C@H](CO)[C@@H](O)[C@H]3O)c2[nH]1,Cc1n([C@@H]2O[C@H](CO)[C@@H](OC=O)[C@H]2O)c2[nH]c(=O)[nH]c(=O)c2[n+]1C,3,0.3731,
O=c1[nH]c(=O)c2ncn([C@@H]3O[C@H](CO)[C@@H](O)[C@H]3O)c2[nH]1,C[n+]1cn([C@@]2(C)O[C@H](CO)[C@@H](OC=O)[C@H]2O)c2[nH]c(=O)[nH]c(=O)c21,3,0.3143,
O=c1[nH]c(=O)c2ncn([C@@H]3O[C@H](CO)[C@@H](O)[C@H]3O)c2[nH]1,CC(=O)O[C@H]1[C@@H](O)[C@H](n2c[n+](C)c3c(=O)[nH]c(=O)[nH]c32)O[C@@H]1CO,2,0.4375,
O=c1[nH]c(=O)c2ncn([C@@H]3O[C@H](CO)[C@@H](O)[C@H]3O)c2[nH]1,CC(O)OC[C@H]1O[C@@H]2[C@H](O)[C@@H]1Oc1n2c2[nH]c(=O)[nH]c(=O)c2[n+]1C,3,0.3143,
O=c1[nH]c(=O)c2ncn([C@@H]3O[C@H](CO)[C@@H](O)[C@H]3O)c2[nH]1,CC(=O)O[C@@H]1CO[C@](CO)(n2c[n+](C)c3c(=O)[nH]c(=O)[nH]c32)[C@@H]1O,3,0.2603,
O=c1[nH]c(=O)c2ncn([C@@H]3O[C@H](CO)[C@@H](O)[C@H]3O)c2[nH]1,CC(O)O[C@H]1[C@H]2OC(O)[C@H]1O[C@H]2n1c[n+](C)c2c(=O)[nH]c(=O)[nH]c21,3,0.2817,
O=c1[nH]c(=O)c2ncn([C@@H]3O[C@H](CO)[C@@H](O)[C@H]3O)c2[nH]1,CC(OC=O)[C@H]1O[C@@H](n2c[n+](C)c3c(=O)[nH]c(=O)[nH]c32)[C@H](O)[C@@H]1O,3,0.3382,
O=c1[nH]c(=O)c2ncn([C@@H]3O[C@H](CO)[C@@H](O)[C@H]3O)c2[nH]1,CC(O)O[C@H]1[C@H]2Oc3n(c4[nH]c(=O)[nH]c(=O)c4[n+]3C)[C@@H]2O[C@@H]1CO,3,0.3333,
O=c1[nH]c(=O)c2ncn([C@@H]3O[C@H](CO)[C@@H](O)[C@H]3O)c2[nH]1,CC(O)O[C@]12O[C@H]1[C@H](n1c[n+](C)c3c(=O)[nH]c(=O)[nH]c31)O[C@@H]2CO,3,0.3014,
O=c1[nH]c(=O)c2ncn([C@@H]3O[C@H](CO)[C@@H](O)[C@H]3O)c2[nH]1,CC(O)O[C@H]1[C@@H](O)[C@]2(n3c[n+](C)c4c(=O)[nH]c(=O)[nH]c43)OC[C@H]1O2,3,0.2208,
O=c1[nH]c(=O)c2ncn([C@@H]3O[C@H](CO)[C@@H](O)[C@H]3O)c2[nH]1,CC[n+]1cn([C@@H]2O[C@H](CO)[C@@H](O)[C@H]2OC=O)c2[nH]c(=O)[nH]c(=O)c21,3,0.4242,
O=c1[nH]c(=O)c2ncn([C@@H]3O[C@H](CO)[C@@H](O)[C@H]3O)c2[nH]1,CC(O)O[C@H]1[C@H]2O[C@@]1(CO)O[C@H]2n1c[n+](C)c2c(=O)[nH]c(=O)[nH]c21,3,0.274,
O=c1[nH]c(=O)c2ncn([C@@H]3O[C@H](CO)[C@@H](O)[C@H]3O)c2[nH]1,CC(O)O[C@H]1[C@@H](O)[C@H](n2c[n+](C)c3c(=O)[nH]c(=O)[nH]c32)O[C@@]12CO2,3,0.2703,
O=c1[nH]c(=O)c2ncn([C@@H]3O[C@H](CO)[C@@H](O)[C@H]3O)c2[nH]1,C[n+]1cn([C@@H]2O[C@H](CO)[C@H]3OC(O)CO[C@H]32)c2[nH]c(=O)[nH]c(=O)c21,3,0.3939,
O=c1[nH]c(=O)c2ncn([C@@H]3O[C@H](CO)[C@@H](O)[C@H]3O)c2[nH]1,CC(=O)OC[C@]1(n2c[n+](C)c3c(=O)[nH]c(=O)[nH]c32)OC[C@@H](O)[C@H]1O,3,0.2466,
O=c1[nH]c(=O)c2ncn([C@@H]3O[C@H](CO)[C@@H](O)[C@H]3O)c2[nH]1,CC(O)O[C@@H]1[C@@H]2Oc3n(c4[nH]c(=O)[nH]c(=O)c4[n+]3C)[C@@H]1O[C@@H]2CO,3,0.3333,
O=c1[nH]c(=O)c2ncn([C@@H]3O[C@H](CO)[C@@H](O)[C@H]3O)c2[nH]1,CC(O)O[C@@H]1[C@H](O)[C@H]2CO[C@]1(n1c[n+](C)c3c(=O)[nH]c(=O)[nH]c31)O2,3,0.2338,
O=c1[nH]c(=O)c2ncn([C@@H]3O[C@H](CO)[C@@H](O)[C@H]3O)c2[nH]1,CC(O)OC[C@H]1O[C@@]2(n3c[n+](C)c4c(=O)[nH]c(=O)[nH]c43)O[C@H]1[C@H]2O,3,0.2568,
O=c1[nH]c(=O)c2ncn([C@@H]3O[C@H](CO)[C@@H](O)[C@H]3O)c2[nH]1,CC(O)O[C@H]1[C@H](n2c[n+](C)c3c(=O)[nH]c(=O)[nH]c32)O[C@@]2(CO2)[C@H]1O,3,0.2568,
O=c1[nH]c(=O)c2ncn([C@@H]3O[C@H](CO)[C@@H](O)[C@H]3O)c2[nH]1,CC(O)OC[C@]12O[C@@H]([C@H](n3c[n+](C)c4c(=O)[nH]c(=O)[nH]c43)O1)[C@@H]2O,3,0.2778,
O=c1[nH]c(=O)c2ncn([C@@H]3O[C@H](CO)[C@@H](O)[C@H]3O)c2[nH]1,C[n+]1cn([C@@]2(C)O[C@H](COC=O)[C@@H](O)[C@H]2O)c2[nH]c(=O)[nH]c(=O)c21,3,0.2778,
O=c1[nH]c(=O)c2ncn([C@@H]3O[C@H](CO)[C@@H](O)[C@H]3O)c2[nH]1,CC[n+]1cn([C@@H]2O[C@H](COC=O)[C@@H](O)[C@H]2O)c2[nH]c(=O)[nH]c(=O)c21,3,0.4154,
O=c1[nH]c(=O)c2ncn([C@@H]3O[C@H](CO)[C@@H](O)[C@H]3O)c2[nH]1,C[n+]1cn([C@@H]2O[C@H](CO)[C@H]3OCC(O)O[C@H]32)c2[nH]c(=O)[nH]c(=O)c21,3,0.3939,
O=c1[nH]c(=O)c2ncn([C@@H]3O[C@H](CO)[C@@H](O)[C@H]3O)c2[nH]1,CC(=O)O[C@@H]1[C@H](O)CO[C@]1(CO)n1c[n+](C)c2c(=O)[nH]c(=O)[nH]c21,3,0.2568,
O=c1[nH]c(=O)c2ncn([C@@H]3O[C@H](CO)[C@@H](O)[C@H]3O)c2[nH]1,CC(O)OC[C@H]1O[C@@H](n2c[n+](C)c3c(=O)[nH]c(=O)[nH]c32)[C@]2(O)O[C@H]12,3,0.2838,
O=c1[nH]c(=O)c2ncn([C@@H]3O[C@H](CO)[C@@H](O)[C@H]3O)c2[nH]1,CC[n+]1cn([C@@H]2O[C@H](CO)[C@@H](OC=O)[C@H]2O)c2[nH]c(=O)[nH]c(=O)c21,3,0.4242,
O=c1[nH]c(=O)c2ncn([C@@H]3O[C@H](CO)[C@@H](O)[C@H]3O)c2[nH]1,C[n+]1cn([C@@H]2O[C@H](CO)[C@](C)(OC=O)[C@H]2O)c2[nH]c(=O)[nH]c(=O)c21,3,0.3529,
O=c1[nH]c(=O)c2ncn([C@@H]3O[C@H](CO)[C@@H](O)[C@H]3O)c2[nH]1,CC(O)O[C@H]1[C@H](n2c[n+](C)c3c(=O)[nH]c(=O)[nH]c32)O[C@@H]2CO[C@]21O,3,0.25,
O=c1[nH]c(=O)c2ncn([C@@H]3O[C@H](CO)[C@@H](O)[C@H]3O)c2[nH]1,CC(O)OC[C@H]1O[C@@H]2[C@H](OC[n+]3cn2c2[nH]c(=O)[nH]c(=O)c23)[C@@H]1O,3,0.3333,
O=c1[nH]c(=O)c2ncn([C@@H]3O[C@H](CO)[C@@H](O)[C@H]3O)c2[nH]1,CC(O)OC[C@H]1O[C@@H]2[C@H](O)[C@@H]1OC[n+]1cn2c2[nH]c(=O)[nH]c(=O)c21,3,0.3521,
O=c1[nH]c(=O)c2ncn([C@@H]3O[C@H](CO)[C@@H](O)[C@H]3O)c2[nH]1,C[n+]1cn([C@@H]2O[C@@](C)(COC=O)[C@@H](O)[C@H]2O)c2[nH]c(=O)[nH]c(=O)c21,3,0.2958,
O=c1[nH]c(=O)c2ncn([C@@H]3O[C@H](CO)[C@@H](O)[C@H]3O)c2[nH]1,C[n+]1cn([C@@H]2O[C@H](COC=O)[C@](C)(O)[C@H]2O)c2[nH]c(=O)[nH]c(=O)c21,3,0.2917,
O=c1[nH]c(=O)c2ncn([C@@H]3O[C@H](CO)[C@@H](O)[C@H]3O)c2[nH]1,CC(O)O[C@@H]1[C@@H]2OC(O)[C@H]2O[C@H]1n1c[n+](C)c2c(=O)[nH]c(=O)[nH]c21,3,0.2817,
O=c1[nH]c(=O)c2ncn([C@@H]3O[C@H](CO)[C@@H](O)[C@H]3O)c2[nH]1,C[n+]1cn([C@@H]2O[C@H](CO)[C@@H](O)[C@]2(C)OC=O)c2[nH]c(=O)[nH]c(=O)c21,3,0.3788,
O=c1[nH]c(=O)c2ncn([C@@H]3O[C@H](CO)[C@@H](O)[C@H]3O)c2[nH]1,CC(O)OC[C@H]1O[C@@H]2[C@H](Oc3n2c2[nH]c(=O)[nH]c(=O)c2[n+]3C)[C@@H]1O,3,0.3143,
O=c1[nH]c(=O)c2ncn([C@@H]3O[C@H](CO)[C@@H](O)[C@H]3O)c2[nH]1,CC(O)O[C@]12OC[C@@H](O[C@H]1n1c[n+](C)c3c(=O)[nH]c(=O)[nH]c31)[C@H]2O,3,0.2703,
O=c1[nH]c(=O)c2ncn([C@@H]3O[C@H](CO)[C@@H](O)[C@H]3O)c2[nH]1,C[n+]1cn([C@@H]2O[C@@](C)(CO)[C@@H](OC=O)[C@H]2O)c2[nH]c(=O)[nH]c(=O)c21,3,0.3056,
O=c1[nH]c(=O)c2ncn([C@@H]3O[C@H](CO)[C@@H](O)[C@H]3O)c2[nH]1,CC(=O)O[C@@H]1[C@H](O)[C@@H](CO)O[C@H]1n1c[n+](C)c2c(=O)[nH]c(=O)[nH]c21,2,0.4375,
O=c1[nH]c(=O)c2ncn([C@@H]3O[C@H](CO)[C@@H](O)[C@H]3O)c2[nH]1,CC(O)OC[C@H]1O[C@@H](n2c[n+](C)c3c(=O)[nH]c(=O)[nH]c32)[C@@H]2O[C@]12O,3,0.2667,
O=c1[nH]c(=O)c2ncn([C@@H]3O[C@H](CO)[C@@H](O)[C@H]3O)c2[nH]1,C[n+]1cn([C@@H]2O[C@@H]3COCC(O)O[C@H]3[C@H]2O)c2[nH]c(=O)[nH]c(=O)c21,3,0.3235,
O=c1[nH]c(=O)c2ncn([C@@H]3O[C@H](CO)[C@@H](O)[C@H]3O)c2[nH]1,CC(O)[C@H]1O[C@@H](n2c[n+](C)c3c(=O)[nH]c(=O)[nH]c32)[C@H](OC=O)[C@@H]1O,3,0.2958,
O=c1[nH]c(=O)c2ncn([C@@H]3O[C@H](CO)[C@@H](O)[C@H]3O)c2[nH]1,Cc1n([C@@H]2O[C@H](COC=O)[C@@H](O)[C@H]2O)c2[nH]c(=O)[nH]c(=O)c2[n+]1C,3,0.3636,
O=c1[nH]c(=O)c2ncn([C@@H]3O[C@H](CO)[C@@H](O)[C@H]3O)c2[nH]1,C[n+]1cn([C@@H]2O[C@@H]3COC(O)CO[C@H]3[C@H]2O)c2[nH]c(=O)[nH]c(=O)c21,3,0.3284,
O=c1[nH]c(=O)c2ncn([C@@H]3O[C@H](CO)[C@@H](O)[C@H]3O)c2[nH]1,CC(O)O[C@@]12OC[C@H]1O[C@@H](n1c[n+](C)c3c(=O)[nH]c(=O)[nH]c31)[C@@H]2O,3,0.2703,
O=c1[nH]c(=O)c2ncn([C@@H]3O[C@H](CO)[C@@H](O)[C@H]3O)c2[nH]1,CC(O)O[C@@H]1[C@H](O)[C@H]2COc3n(c4[nH]c(=O)[nH]c(=O)c4[n+]3C)[C@@H]1O2,3,0.274,
O=c1[nH]c(=O)c2ncn([C@@H]3O[C@H](CO)[C@@H](O)[C@H]3O)c2[nH]1,CC(O)O[C@H]1[C@H](n2c[n+](C)c3c(=O)[nH]c(=O)[nH]c32)O[C@]2(CO)O[C@@H]12,3,0.274,
O=c1[nH]c(=O)c2ncn([C@@H]3O[C@H](CO)[C@@H](O)[C@H]3O)c2[nH]1,CC(O)O[C@@H]1[C@H]2CO[C@@]1(O)[C@H](n1c[n+](C)c3c(=O)[nH]c(=O)[nH]c31)O2,3,0.25,
O=c1[nH]c(=O)c2ncn([C@@H]3O[C@H](CO)[C@@H](O)[C@H]3O)c2[nH]1,CC(O)O[C@@H]1[C@H](O)[C@H]2COC[n+]3cn(c4[nH]c(=O)[nH]c(=O)c43)[C@@H]1O2,3,0.2877,
O=c1[nH]c(=O)c2ncn([C@@H]3O[C@H](CO)[C@@H](O)[C@H]3O)c2[nH]1,CC(O)O[C@@H]1[C@@H]2OC[n+]3cn(c4[nH]c(=O)[nH]c(=O)c43)[C@@H]1O[C@@H]2CO,3,0.3521,
O=c1[nH]c(=O)c2ncn([C@@H]3O[C@H](CO)[C@@H](O)[C@H]3O)c2[nH]1,CC(O)O[C@@H]1[C@@H]2O[C@]1(n1c[n+](C)c3c(=O)[nH]c(=O)[nH]c31)O[C@@H]2CO,3,0.2917,
O=c1[nH]c(=O)c2ncn([C@@H]3O[C@H](CO)[C@@H](O)[C@H]3O)c2[nH]1,CC(O)O[C@@]12O[C@@H]1[C@@H](CO)O[C@H]2n1c[n+](C)c2c(=O)[nH]c(=O)[nH]c21,3,0.338,
O=c1[nH]c(=O)c2ncn([C@@H]3O[C@H](CO)[C@@H](O)[C@H]3O)c2[nH]1,CC(=O)OC[C@H]1O[C@@H](n2c[n+](C)c3c(=O)[nH]c(=O)[nH]c32)[C@H](O)[C@@H]1O,2,0.4286,
O=c1[nH]c(=O)c2ncn([C@@H]3O[C@H](CO)[C@@H](O)[C@H]3O)c2[nH]1,CC(O)O[C@H]1[C@H]2O[C@]2(n2c[n+](C)c3c(=O)[nH]c(=O)[nH]c32)O[C@@H]1CO,3,0.2877,
O=c1[nH]c(=O)c2ncn([C@@H]3O[C@H](CO)[C@@H](O)[C@H]3O)c2[nH]1,C[n+]1cn([C@@H]2O[C@@H]3COC(O)CO[C@@H]2[C@@H]3O)c2[nH]c(=O)[nH]c(=O)c21,3,0.3043,
O=c1[nH]c(=O)c2ncn([C@@H]3O[C@H](CO)[C@@H](O)[C@H]3O)c2[nH]1,C[n+]1cn([C@@H]2O[C@H](COC=O)[C@@H](O)[C@]2(C)O)c2[nH]c(=O)[nH]c(=O)c21,3,0.3099,
O=c1[nH]c(=O)c2ncn([C@@H]3O[C@H](CO)[C@@H](O)[C@H]3O)c2[nH]1,C[n+]1cn([C@@]2(C)O[C@H](CO)[C@@H](O)[C@H]2OC=O)c2[nH]c(=O)[nH]c(=O)c21,3,0.3429,
O=c1[nH]c(=O)c2ncn([C@@H]3O[C@H](CO)[C@@H](O)[C@H]3O)c2[nH]1,C[n+]1cn([C@@H]2O[C@@H]3COCC(O)O[C@@H]2[C@@H]3O)c2[nH]c(=O)[nH]c(=O)c21,3,0.3043,
O=c1[nH]c(=O)c2ncn([C@@H]3O[C@H](CO)[C@@H](O)[C@H]3O)c2[nH]1,CC(N)OC(=O)[C@H]1O[C@@H](n2cnc3c(=O)[nH]c(=O)[nH]c32)[C@H](O)[C@@H]1O,3,0.5789,
O=c1[nH]c(=O)c2ncn([C@@H]3O[C@H](CO)[C@@H](O)[C@H]3O)c2[nH]1,CC(N)O[C@@H]1[C@H](O)[C@@H](C(=O)O)O[C@H]1n1cnc2c(=O)[nH]c(=O)[nH]c21,3,0.5,
O=c1[nH]c(=O)c2ncn([C@@H]3O[C@H](CO)[C@@H](O)[C@H]3O)c2[nH]1,CC(N)O[C@H]1[C@@H](O)[C@H](n2cnc3c(=O)[nH]c(=O)[nH]c32)O[C@@H]1C(=O)O,3,0.5246,
O=c1[nH]c(=O)c2ncn([C@@H]3O[C@H](CO)[C@@H](O)[C@H]3O)c2[nH]1,CCOC[C@H]1O[C@@H](n2cnc3c(=O)[nH]c(=O)[nH]c32)[C@H](O)[C@@H]1OCC,3,0.614,
O=c1[nH]c(=O)c2ncn([C@@H]3O[C@H](CO)[C@@H](O)[C@H]3O)c2[nH]1,CCO[C@@H]1[C@H](OCC)[C@@H](CO)O[C@H]1n1cnc2c(=O)[nH]c(=O)[nH]c21,3,0.6604,
O=c1[nH]c(=O)c2ncn([C@@H]3O[C@H](CO)[C@@H](O)[C@H]3O)c2[nH]1,CCOC[C@H]1O[C@@H](n2cnc3c(=O)[nH]c(=O)[nH]c32)[C@H](OCC)[C@@H]1O,3,0.5862,
O=c1[nH]c(=O)c2ncn([C@@H]3O[C@H](CO)[C@@H](O)[C@H]3O)c2[nH]1,CC(O)OC[C@H]1O[C@](C)(n2cnc3c(=O)[nH]c(=O)[nH]c32)[C@@H]2O[C@@]21O,3,0.3429,
O=c1[nH]c(=O)c2ncn([C@@H]3O[C@H](CO)[C@@H](O)[C@H]3O)c2[nH]1,CC(=O)O[C@@]1(C)[C@H](O)[C@@H](CO)O[C@H]1n1cnc2c(=O)[nH]c(=O)[nH]c21,2,0.569,
O=c1[nH]c(=O)c2ncn([C@@H]3O[C@H](CO)[C@@H](O)[C@H]3O)c2[nH]1,CC(=O)OC[C@H]1O[C@](C)(n2cnc3c(=O)[nH]c(=O)[nH]c32)[C@H](O)[C@@H]1O,2,0.4219,
O=c1[nH]c(=O)c2ncn([C@@H]3O[C@H](CO)[C@@H](O)[C@H]3O)c2[nH]1,CC(O)O[C@@]12O[C@@H]1[C@](C)(CO)O[C@H]2n1cnc2c(=O)[nH]c(=O)[nH]c21,3,0.4308,
O=c1[nH]c(=O)c2ncn([C@@H]3O[C@H](CO)[C@@H](O)[C@H]3O)c2[nH]1,Cc1nc2c(=O)[nH]c(=O)[nH]c2n1[C@@]1(C)O[C@H](COC=O)[C@@H](O)[C@H]1O,3,0.3188,
O=c1[nH]c(=O)c2ncn([C@@H]3O[C@H](CO)[C@@H](O)[C@H]3O)c2[nH]1,COC(C)OC[C@H]1O[C@@H](n2cnc3c(=O)[nH]c(=O)[nH]c32)[C@@H]2O[C@]12O,3,0.4615,
O=c1[nH]c(=O)c2ncn([C@@H]3O[C@H](CO)[C@@H](O)[C@H]3O)c2[nH]1,COC(C)OC[C@H]1O[C@@]2(n3cnc4c(=O)[nH]c(=O)[nH]c43)O[C@@H]2[C@@H]1O,3,0.403,
O=c1[nH]c(=O)c2ncn([C@@H]3O[C@H](CO)[C@@H](O)[C@H]3O)c2[nH]1,CCC(O)O[C@H]1[C@H](n2cnc3c(=O)[nH]c(=O)[nH]c32)O[C@@]2(CO2)[C@H]1O,3,0.4615,
O=c1[nH]c(=O)c2ncn([C@@H]3O[C@H](CO)[C@@H](O)[C@H]3O)c2[nH]1,CC(O)O[C@@H]1[C@H](O)[C@H]2COc3nc4c(=O)[nH]c(=O)[nH]c4n3[C@@]1(C)O2,3,0.2877,
O=c1[nH]c(=O)c2ncn([C@@H]3O[C@H](CO)[C@@H](O)[C@H]3O)c2[nH]1,CC(C)(OC=O)[C@H]1O[C@@H](n2cnc3c(=O)[nH]c(=O)[nH]c32)[C@H](O)[C@@H]1O,3,0.5789,
O=c1[nH]c(=O)c2ncn([C@@H]3O[C@H](CO)[C@@H](O)[C@H]3O)c2[nH]1,CC(O)OC(C)[C@H]1O[C@@]2(n3cnc4c(=O)[nH]c(=O)[nH]c43)O[C@@H]2[C@@H]1O,3,0.3788,
O=c1[nH]c(=O)c2ncn([C@@H]3O[C@H](CO)[C@@H](O)[C@H]3O)c2[nH]1,CO[C@@H]1[C@@H]2Oc3nc4c(=O)[nH]c(=O)[nH]c4n3[C@@H]1O[C@@H]2COC(C)O,3,0.3286,
O=c1[nH]c(=O)c2ncn([C@@H]3O[C@H](CO)[C@@H](O)[C@H]3O)c2[nH]1,CC(=O)O[C@@H]1CO[C@](CO)(n2cnc3c(=O)[nH]c(=O)[nH]c32)[C@@]1(C)O,3,0.3676,
O=c1[nH]c(=O)c2ncn([C@@H]3O[C@H](CO)[C@@H](O)[C@H]3O)c2[nH]1,CC(O)O[C@]12OC[C@](C)(O[C@H]1n1cnc3c(=O)[nH]c(=O)[nH]c31)[C@H]2O,3,0.403,
O=c1[nH]c(=O)c2ncn([C@@H]3O[C@H](CO)[C@@H](O)[C@H]3O)c2[nH]1,Cc1nc2c(=O)[nH]c(=O)[nH]c2n1[C@@H]1O[C@H](COC=O)[C@](C)(O)[C@H]1O,3,0.3143,
O=c1[nH]c(=O)c2ncn([C@@H]3O[C@H](CO)[C@@H](O)[C@H]3O)c2[nH]1,CC(O)O[C@@H]1[C@@H]2O[C@](C)(n3cnc4c(=O)[nH]c(=O)[nH]c43)[C@@H]1OC2O,3,0.3676,
O=c1[nH]c(=O)c2ncn([C@@H]3O[C@H](CO)[C@@H](O)[C@H]3O)c2[nH]1,CC(O)O[C@@H]1[C@@H]2O[C@@](n3cnc4c(=O)[nH]c(=O)[nH]c43)(OC2C)[C@@H]1O,3,0.3529,
O=c1[nH]c(=O)c2ncn([C@@H]3O[C@H](CO)[C@@H](O)[C@H]3O)c2[nH]1,CC(O)OC[C@@]12CO[C@H]1[C@@H](O)[C@H](n1cnc3c(=O)[nH]c(=O)[nH]c31)O2,3,0.4769,
O=c1[nH]c(=O)c2ncn([C@@H]3O[C@H](CO)[C@@H](O)[C@H]3O)c2[nH]1,CO[C@H]1[C@@H](O)[C@@](C)(n2cnc3c(=O)[nH]c(=O)[nH]c32)O[C@@H]1COC=O,3,0.3824,
O=c1[nH]c(=O)c2ncn([C@@H]3O[C@H](CO)[C@@H](O)[C@H]3O)c2[nH]1,CC(O)OC[C@H]1O[C@@H](n2cnc3c(=O)[nH]c(=O)[nH]c32)[C@]2(O)CO[C@H]12,3,0.4328,
O=c1[nH]c(=O)c2ncn([C@@H]3O[C@H](CO)[C@@H](O)[C@H]3O)c2[nH]1,C[C@]12OC(O)COC[C@H]1O[C@@H](n1cnc3c(=O)[nH]c(=O)[nH]c31)[C@@H]2O,3,0.5,
O=c1[nH]c(=O)c2ncn([C@@H]3O[C@H](CO)[C@@H](O)[C@H]3O)c2[nH]1,CCO[C@H]1[C@@H](O)[C@H](n2cnc3c(=O)[nH]c(=O)[nH]c32)O[C@@H]1COC=O,3,0.5833,
O=c1[nH]c(=O)c2ncn([C@@H]3O[C@H](CO)[C@@H](O)[C@H]3O)c2[nH]1,CCC(O)OC[C@]12O[C@@H]([C@H](n3cnc4c(=O)[nH]c(=O)[nH]c43)O1)[C@@H]2O,3,0.4762,
O=c1[nH]c(=O)c2ncn([C@@H]3O[C@H](CO)[C@@H](O)[C@H]3O)c2[nH]1,CC(O)OC[C@H]1O[C@@H]2[C@H](Oc3nc4c(=O)[nH]c(=O)[nH]c4n32)[C@@]1(C)O,3,0.2917,
O=c1[nH]c(=O)c2ncn([C@@H]3O[C@H](CO)[C@@H](O)[C@H]3O)c2[nH]1,CC(C)(O)O[C@@H]1[C@H]2CO[C@@]1(O)[C@H](n1cnc3c(=O)[nH]c(=O)[nH]c31)O2,3,0.4091,
O=c1[nH]c(=O)c2ncn([C@@H]3O[C@H](CO)[C@@H](O)[C@H]3O)c2[nH]1,C[C@@]12OCC(O)O[C@H]1[C@H](n1cnc3c(=O)[nH]c(=O)[nH]c31)O[C@@H]2CO,3,0.541,
O=c1[nH]c(=O)c2ncn([C@@H]3O[C@H](CO)[C@@H](O)[C@H]3O)c2[nH]1,CC(O)O[C@@]12O[C@@H]1[C@@H](C(C)O)O[C@H]2n1cnc2c(=O)[nH]c(=O)[nH]c21,3,0.4444,
O=c1[nH]c(=O)c2ncn([C@@H]3O[C@H](CO)[C@@H](O)[C@H]3O)c2[nH]1,CC(O)O[C@@]1(C)[C@H](O)[C@H]2COc3nc4c(=O)[nH]c(=O)[nH]c4n3[C@@H]1O2,3,0.3143,
O=c1[nH]c(=O)c2ncn([C@@H]3O[C@H](CO)[C@@H](O)[C@H]3O)c2[nH]1,C[C@]1(n2cnc3c(=O)[nH]c(=O)[nH]c32)O[C@@H]2COCC(O)O[C@@H]1[C@@H]2O,3,0.3939,
O=c1[nH]c(=O)c2ncn([C@@H]3O[C@H](CO)[C@@H](O)[C@H]3O)c2[nH]1,CCC(=O)OC[C@]1(n2cnc3c(=O)[nH]c(=O)[nH]c32)OC[C@@H](O)[C@H]1O,3,0.3676,
O=c1[nH]c(=O)c2ncn([C@@H]3O[C@H](CO)[C@@H](O)[C@H]3O)c2[nH]1,CC(O)OC1(C)O[C@H]2[C@@H](O)[C@H](n3cnc4c(=O)[nH]c(=O)[nH]c43)O[C@@H]21,3,0.5161,
O=c1[nH]c(=O)c2ncn([C@@H]3O[C@H](CO)[C@@H](O)[C@H]3O)c2[nH]1,CC(O)O[C@@]12OC(C)[C@H]1O[C@@H](n1cnc3c(=O)[nH]c(=O)[nH]c31)[C@@H]2O,3,0.4762,
O=c1[nH]c(=O)c2ncn([C@@H]3O[C@H](CO)[C@@H](O)[C@H]3O)c2[nH]1,CC(=O)O[C@@H]1[C@H](O)CO[C@]1(C(C)O)n1cnc2c(=O)[nH]c(=O)[nH]c21,3,0.3478,
O=c1[nH]c(=O)c2ncn([C@@H]3O[C@H](CO)[C@@H](O)[C@H]3O)c2[nH]1,CC(O)OC[C@H]1O[C@@]2(n3cnc4c(=O)[nH]c(=O)[nH]c43)O[C@]1(C)[C@H]2O,3,0.3571,
O=c1[nH]c(=O)c2ncn([C@@H]3O[C@H](CO)[C@@H](O)[C@H]3O)c2[nH]1,C[C@@]1(OC=O)[C@@H](O)[C@@](C)(n2cnc3c(=O)[nH]c(=O)[nH]c32)O[C@@H]1CO,3,0.4154,
O=c1[nH]c(=O)c2ncn([C@@H]3O[C@H](CO)[C@@H](O)[C@H]3O)c2[nH]1,C[C@@]1(O)[C@@H](OC=O)[C@@](C)(n2cnc3c(=O)[nH]c(=O)[nH]c32)O[C@@H]1CO,3,0.4,
O=c1[nH]c(=O)c2ncn([C@@H]3O[C@H](CO)[C@@H](O)[C@H]3O)c2[nH]1,Cc1nc2c(=O)[nH]c(=O)[nH]c2n1[C@@H]1O[C@]2(COC(C)O)O[C@@H]1[C@@H]2O,3,0.3,
O=c1[nH]c(=O)c2ncn([C@@H]3O[C@H](CO)[C@@H](O)[C@H]3O)c2[nH]1,CC(O)OC1(C)O[C@@H]2[C@H](O)[C@@H]1O[C@H]2n1cnc2c(=O)[nH]c(=O)[nH]c21,3,0.4921,
O=c1[nH]c(=O)c2ncn([C@@H]3O[C@H](CO)[C@@H](O)[C@H]3O)c2[nH]1,C[C@]1(O)[C@H]2COC(O)CO[C@H]1[C@H](n1cnc3c(=O)[nH]c(=O)[nH]c31)O2,3,0.4918,
O=c1[nH]c(=O)c2ncn([C@@H]3O[C@H](CO)[C@@H](O)[C@H]3O)c2[nH]1,CC[C@]1(n2cnc3c(=O)[nH]c(=O)[nH]c32)O[C@H](COC=O)[C@@H](O)[C@H]1O,3,0.4091,
O=c1[nH]c(=O)c2ncn([C@@H]3O[C@H](CO)[C@@H](O)[C@H]3O)c2[nH]1,CCc1nc2c(=O)[nH]c(=O)[nH]c2n1[C@@H]1O[C@H](CO)[C@@H](OC=O)[C@H]1O,3,0.4308,
O=c1[nH]c(=O)c2ncn([C@@H]3O[C@H](CO)[C@@H](O)[C@H]3O)c2[nH]1,CC(O)O[C@]12O[C@H]1[C@H](n1cnc3c(=O)[nH]c(=O)[nH]c31)O[C@@H]2C(C)O,3,0.4603,
O=c1[nH]c(=O)c2ncn([C@@H]3O[C@H](CO)[C@@H](O)[C@H]3O)c2[nH]1,CC(O)O[C@H]1[C@H]2Oc3nc4c(=O)[nH]c(=O)[nH]c4n3[C@@H]2O[C@@]1(C)CO,3,0.2917,
O=c1[nH]c(=O)c2ncn([C@@H]3O[C@H](CO)[C@@H](O)[C@H]3O)c2[nH]1,Cc1nc2c(=O)[nH]c(=O)[nH]c2n1[C@@]12OC[C@@H](O1)[C@@H](O)[C@H]2OC(C)O,3,0.2703,
O=c1[nH]c(=O)c2ncn([C@@H]3O[C@H](CO)[C@@H](O)[C@H]3O)c2[nH]1,CCC(O)O[C@@]12O[C@@H]1[C@@H](CO)O[C@H]2n1cnc2c(=O)[nH]c(=O)[nH]c21,3,0.5079,
O=c1[nH]c(=O)c2ncn([C@@H]3O[C@H](CO)[C@@H](O)[C@H]3O)c2[nH]1,CC(O)O[C@H]1[C@H](n2cnc3c(=O)[nH]c(=O)[nH]c32)O[C@]2(OC2C)[C@H]1O,3,0.4677,
O=c1[nH]c(=O)c2ncn([C@@H]3O[C@H](CO)[C@@H](O)[C@H]3O)c2[nH]1,CCC(O)O[C@@H]1[C@@H]2OC(O)[C@H]2O[C@H]1n1cnc2c(=O)[nH]c(=O)[nH]c21,3,0.5,
O=c1[nH]c(=O)c2ncn([C@@H]3O[C@H](CO)[C@@H](O)[C@H]3O)c2[nH]1,COC(C)O[C@H]1[C@H](n2cnc3c(=O)[nH]c(=O)[nH]c32)O[C@@H]2CO[C@]21O,3,0.4328,
O=c1[nH]c(=O)c2ncn([C@@H]3O[C@H](CO)[C@@H](O)[C@H]3O)c2[nH]1,CC(=O)OC[C@H]1O[C@@H](n2c(C)nc3c(=O)[nH]c(=O)[nH]c32)[C@H](O)[C@@H]1O,2,0.4355,
O=c1[nH]c(=O)c2ncn([C@@H]3O[C@H](CO)[C@@H](O)[C@H]3O)c2[nH]1,COC(C)O[C@]12O[C@H]1[C@H](n1cnc3c(=O)[nH]c(=O)[nH]c31)O[C@@H]2CO,3,0.5,
O=c1[nH]c(=O)c2ncn([C@@H]3O[C@H](CO)[C@@H](O)[C@H]3O)c2[nH]1,CC(C)(O)O[C@@H]1[C@@H]2O[C@]1(n1cnc3c(=O)[nH]c(=O)[nH]c31)O[C@@H]2CO,3,0.4308,
O=c1[nH]c(=O)c2ncn([C@@H]3O[C@H](CO)[C@@H](O)[C@H]3O)c2[nH]1,Cc1nc2c(=O)[nH]c(=O)[nH]c2n1[C@@]1(C)O[C@H](CO)[C@@H](OC=O)[C@H]1O,3,0.3529,
O=c1[nH]c(=O)c2ncn([C@@H]3O[C@H](CO)[C@@H](O)[C@H]3O)c2[nH]1,CC(O)OC1O[C@H]2[C@H](n3cnc4c(=O)[nH]c(=O)[nH]c43)O[C@H]1[C@]2(C)O,3,0.4603,
O=c1[nH]c(=O)c2ncn([C@@H]3O[C@H](CO)[C@@H](O)[C@H]3O)c2[nH]1,CCC(O)OC[C@H]1O[C@@]2(n3cnc4c(=O)[nH]c(=O)[nH]c43)O[C@H]1[C@H]2O,3,0.3824,
O=c1[nH]c(=O)c2ncn([C@@H]3O[C@H](CO)[C@@H](O)[C@H]3O)c2[nH]1,CC(C)(O)OC[C@H]1O[C@@H]2[C@H](Oc3nc4c(=O)[nH]c(=O)[nH]c4n32)[C@@H]1O,3,0.3788,
O=c1[nH]c(=O)c2ncn([C@@H]3O[C@H](CO)[C@@H](O)[C@H]3O)c2[nH]1,CC(O)OC[C@]1(C)O[C@@]2(n3cnc4c(=O)[nH]c(=O)[nH]c43)O[C@H]1[C@H]2O,3,0.3623,
O=c1[nH]c(=O)c2ncn([C@@H]3O[C@H](CO)[C@@H](O)[C@H]3O)c2[nH]1,CC(O)O[C@@]12OC[C@H]1O[C@](C)(n1cnc3c(=O)[nH]c(=O)[nH]c31)[C@@H]2O,3,0.338,
O=c1[nH]c(=O)c2ncn([C@@H]3O[C@H](CO)[C@@H](O)[C@H]3O)c2[nH]1,CC(C)(O)OC[C@]12O[C@@H]([C@H](n3cnc4c(=O)[nH]c(=O)[nH]c43)O1)[C@@H]2O,3,0.4918,
O=c1[nH]c(=O)c2ncn([C@@H]3O[C@H](CO)[C@@H](O)[C@H]3O)c2[nH]1,CC(O)O[C@H]1[C@@H](O)[C@]2(n3cnc4c(=O)[nH]c(=O)[nH]c43)COC[C@H]1O2,3,0.3429,
O=c1[nH]c(=O)c2ncn([C@@H]3O[C@H](CO)[C@@H](O)[C@H]3O)c2[nH]1,C[C@]1(O)[C@@H](COC=O)O[C@@H](n2cnc3c(=O)[nH]c(=O)[nH]c32)[C@@]1(C)O,3,0.4516,
O=c1[nH]c(=O)c2ncn([C@@H]3O[C@H](CO)[C@@H](O)[C@H]3O)c2[nH]1,CC(O)[C@H]1O[C@@H](n2cnc3c(=O)[nH]c(=O)[nH]c32)[C@@](C)(O)[C@@H]1OC=O,3,0.4091,
O=c1[nH]c(=O)c2ncn([C@@H]3O[C@H](CO)[C@@H](O)[C@H]3O)c2[nH]1,CC(O)OC[C@H]1O[C@@H](n2cnc3c(=O)[nH]c(=O)[nH]c32)[C@@]2(C)O[C@]12O,3,0.4242,
O=c1[nH]c(=O)c2ncn([C@@H]3O[C@H](CO)[C@@H](O)[C@H]3O)c2[nH]1,COC[C@H]1O[C@@H](n2c(C)nc3c(=O)[nH]c(=O)[nH]c32)[C@H](OC=O)[C@@H]1O,3,0.3676,
O=c1[nH]c(=O)c2ncn([C@@H]3O[C@H](CO)[C@@H](O)[C@H]3O)c2[nH]1,CCC1(O)OC[C@H]2O[C@@H](n3cnc4c(=O)[nH]c(=O)[nH]c43)[C@H](O1)[C@@H]2O,3,0.5079,
O=c1[nH]c(=O)c2ncn([C@@H]3O[C@H](CO)[C@@H](O)[C@H]3O)c2[nH]1,O=c1[nH]c(=O)c2ncn([C@@H]3O[C@@H]4COC(O)CCO[C@@H]3[C@@H]4O)c2[nH]1,3,0.5167,
O=c1[nH]c(=O)c2ncn([C@@H]3O[C@H](CO)[C@@H](O)[C@H]3O)c2[nH]1,Cc1nc2c(=O)[nH]c(=O)[nH]c2n1[C@@H]1O[C@@H]2COCC(O)O[C@@H]1[C@@H]2O,3,0.3284,
O=c1[nH]c(=O)c2ncn([C@@H]3O[C@H](CO)[C@@H](O)[C@H]3O)c2[nH]1,CC(O)O[C@H]1[C@H](n2cnc3c(=O)[nH]c(=O)[nH]c32)O[C@@H]2C(C)O[C@]21O,3,0.4762,
O=c1[nH]c(=O)c2ncn([C@@H]3O[C@H](CO)[C@@H](O)[C@H]3O)c2[nH]1,COC1COC[C@H]2O[C@@H](n3cnc4c(=O)[nH]c(=O)[nH]c43)[C@H](O)[C@@H]2O1,3,0.5246,
O=c1[nH]c(=O)c2ncn([C@@H]3O[C@H](CO)[C@@H](O)[C@H]3O)c2[nH]1,CC(O)O[C@@H]1[C@@H]2Oc3nc4c(=O)[nH]c(=O)[nH]c4n3[C@@]1(C)O[C@@H]2CO,3,0.3286,
O=c1[nH]c(=O)c2ncn([C@@H]3O[C@H](CO)[C@@H](O)[C@H]3O)c2[nH]1,CCC(O)O[C@@H]1[C@H](O)[C@H]2COc3nc4c(=O)[nH]c(=O)[nH]c4n3[C@@H]1O2,3,0.3429,
O=c1[nH]c(=O)c2ncn([C@@H]3O[C@H](CO)[C@@H](O)[C@H]3O)c2[nH]1,Cc1nc2c(=O)[nH]c(=O)[nH]c2n1[C@@H]1O[C@@H]2C(OC(C)O)O[C@H]2[C@H]1O,3,0.3235,
O=c1[nH]c(=O)c2ncn([C@@H]3O[C@H](CO)[C@@H](O)[C@H]3O)c2[nH]1,CC(O)O[C@@]12O[C@@]1(C)[C@@H](CO)O[C@H]2n1cnc2c(=O)[nH]c(=O)[nH]c21,3,0.4921,
O=c1[nH]c(=O)c2ncn([C@@H]3O[C@H](CO)[C@@H](O)[C@H]3O)c2[nH]1,Cc1nc2c(=O)[nH]c(=O)[nH]c2n1[C@@H]1O[C@H](COC=O)[C@@H](O)[C@]1(C)O,3,0.3333,
O=c1[nH]c(=O)c2ncn([C@@H]3O[C@H](CO)[C@@H](O)[C@H]3O)c2[nH]1,CO[C@@H]1[C@H](O)[C@@H](C(C)OC=O)O[C@H]1n1cnc2c(=O)[nH]c(=O)[nH]c21,3,0.4921,
O=c1[nH]c(=O)c2ncn([C@@H]3O[C@H](CO)[C@@H](O)[C@H]3O)c2[nH]1,CC(O)[C@H]1O[C@@H](n2cnc3c(=O)[nH]c(=O)[nH]c32)[C@@](C)(OC=O)[C@@H]1O,3,0.4444,
O=c1[nH]c(=O)c2ncn([C@@H]3O[C@H](CO)[C@@H](O)[C@H]3O)c2[nH]1,CC(O)O[C@]12OC[C@@H](O[C@H]1n1cnc3c(=O)[nH]c(=O)[nH]c31)[C@]2(C)O,3,0.4242,
O=c1[nH]c(=O)c2ncn([C@@H]3O[C@H](CO)[C@@H](O)[C@H]3O)c2[nH]1,COC[C@H]1O[C@@H](n2cnc3c(=O)[nH]c(=O)[nH]c32)[C@@H]2O[C@]12OC(C)O,3,0.4545,
O=c1[nH]c(=O)c2ncn([C@@H]3O[C@H](CO)[C@@H](O)[C@H]3O)c2[nH]1,CC(O)O[C@H]1[C@H]2OCOC[C@H]1O[C@H]2n1cnc2c(=O)[nH]c(=O)[nH]c21,3,0.4394,
O=c1[nH]c(=O)c2ncn([C@@H]3O[C@H](CO)[C@@H](O)[C@H]3O)c2[nH]1,CC(O)O[C@]12OC[C@@H](O[C@]1(C)n1cnc3c(=O)[nH]c(=O)[nH]c31)[C@H]2O,3,0.3623,
O=c1[nH]c(=O)c2ncn([C@@H]3O[C@H](CO)[C@@H](O)[C@H]3O)c2[nH]1,CC(O)O[C@H]1[C@H]2O[C@H](CO)[C@]1(C)Oc1nc3c(=O)[nH]c(=O)[nH]c3n12,3,0.3239,
O=c1[nH]c(=O)c2ncn([C@@H]3O[C@H](CO)[C@@H](O)[C@H]3O)c2[nH]1,COC[C@H]1O[C@](C)(n2cnc3c(=O)[nH]c(=O)[nH]c32)[C@H](O)[C@@H]1OC=O,3,0.3881,
O=c1[nH]c(=O)c2ncn([C@@H]3O[C@H](CO)[C@@H](O)[C@H]3O)c2[nH]1,CC(O)[C@H]1O[C@@H](n2cnc3c(=O)[nH]c(=O)[nH]c32)[C@H](OC=O)[C@@]1(C)O,3,0.4462,
O=c1[nH]c(=O)c2ncn([C@@H]3O[C@H](CO)[C@@H](O)[C@H]3O)c2[nH]1,CO[C@H]1[C@@H](OC(C)O)[C@H](n2cnc3c(=O)[nH]c(=O)[nH]c32)O[C@@]12CO2,3,0.4179,
O=c1[nH]c(=O)c2ncn([C@@H]3O[C@H](CO)[C@@H](O)[C@H]3O)c2[nH]1,CC(O)OC[C@H]1O[C@@]2(C)[C@H](Oc3nc4c(=O)[nH]c(=O)[nH]c4n32)[C@@H]1O,3,0.3099,
O=c1[nH]c(=O)c2ncn([C@@H]3O[C@H](CO)[C@@H](O)[C@H]3O)c2[nH]1,C[C@@]1(O)[C@@H](O)[C@@](C)(n2cnc3c(=O)[nH]c(=O)[nH]c32)O[C@@H]1COC=O,3,0.3676,
O=c1[nH]c(=O)c2ncn([C@@H]3O[C@H](CO)[C@@H](O)[C@H]3O)c2[nH]1,CO[C@@H]1[C@H](O)[C@@H](COC(C)=O)O[C@H]1n1cnc2c(=O)[nH]c(=O)[nH]c21,2,0.5763,
O=c1[nH]c(=O)c2ncn([C@@H]3O[C@H](CO)[C@@H](O)[C@H]3O)c2[nH]1,CC(O)O[C@@H]1[C@H](O)[C@]2(C)CO[C@]1(n1cnc3c(=O)[nH]c(=O)[nH]c31)O2,3,0.3429,
O=c1[nH]c(=O)c2ncn([C@@H]3O[C@H](CO)[C@@H](O)[C@H]3O)c2[nH]1,CO[C@H]1[C@H]2Oc3nc4c(=O)[nH]c(=O)[nH]c4n3[C@@H]2O[C@@H]1COC(C)O,3,0.3286,
O=c1[nH]c(=O)c2ncn([C@@H]3O[C@H](CO)[C@@H](O)[C@H]3O)c2[nH]1,COC1CO[C@H]2[C@@H](O)[C@H](n3cnc4c(=O)[nH]c(=O)[nH]c43)O[C@@H]2CO1,3,0.5333,
O=c1[nH]c(=O)c2ncn([C@@H]3O[C@H](CO)[C@@H](O)[C@H]3O)c2[nH]1,CC(O)O[C@H]1[C@H](n2cnc3c(=O)[nH]c(=O)[nH]c32)O[C@@]2(C)C(O)O[C@@H]12,3,0.4762,
O=c1[nH]c(=O)c2ncn([C@@H]3O[C@H](CO)[C@@H](O)[C@H]3O)c2[nH]1,CC(O)OC1O[C@@H]2[C@@H]1O[C@@H](n1cnc3c(=O)[nH]c(=O)[nH]c31)[C@@]2(C)O,3,0.4154,
O=c1[nH]c(=O)c2ncn([C@@H]3O[C@H](CO)[C@@H](O)[C@H]3O)c2[nH]1,CC(O)OC[C@]1(C)O[C@@H](n2cnc3c(=O)[nH]c(=O)[nH]c32)[C@@H]2O[C@@]21O,3,0.4462,
O=c1[nH]c(=O)c2ncn([C@@H]3O[C@H](CO)[C@@H](O)[C@H]3O)c2[nH]1,CC(O)O[C@@H]1[C@@H]2OCC(O)[C@H]2O[C@H]1n1cnc2c(=O)[nH]c(=O)[nH]c21,3,0.4688,
O=c1[nH]c(=O)c2ncn([C@@H]3O[C@H](CO)[C@@H](O)[C@H]3O)c2[nH]1,CCC(O)O[C@H]1[C@H](n2cnc3c(=O)[nH]c(=O)[nH]c32)O[C@]2(CO)O[C@@H]12,3,0.4688,
O=c1[nH]c(=O)c2ncn([C@@H]3O[C@H](CO)[C@@H](O)[C@H]3O)c2[nH]1,COC(C)O[C@H]1[C@@H](O)[C@]2(n3cnc4c(=O)[nH]c(=O)[nH]c43)OC[C@H]1O2,3,0.338,
O=c1[nH]c(=O)c2ncn([C@@H]3O[C@H](CO)[C@@H](O)[C@H]3O)c2[nH]1,Cc1nc2c(=O)[nH]c(=O)[nH]c2n1[C@]12O[C@@H]([C@H]1OC(C)O)[C@@H](CO)O2,3,0.3333,
O=c1[nH]c(=O)c2ncn([C@@H]3O[C@H](CO)[C@@H](O)[C@H]3O)c2[nH]1,CC(O)O[C@@H]1[C@@H]2OCOC[C@H]2O[C@H]1n1cnc2c(=O)[nH]c(=O)[nH]c21,3,0.4394,
O=c1[nH]c(=O)c2ncn([C@@H]3O[C@H](CO)[C@@H](O)[C@H]3O)c2[nH]1,CC(O)O[C@]12OC(C)[C@@H](O[C@H]1n1cnc3c(=O)[nH]c(=O)[nH]c31)[C@H]2O,3,0.4375,
O=c1[nH]c(=O)c2ncn([C@@H]3O[C@H](CO)[C@@H](O)[C@H]3O)c2[nH]1,Cc1nc2c(=O)[nH]c(=O)[nH]c2n1[C@@]12OC[C@@H](O1)[C@@H](OC(C)O)[C@H]2O,3,0.2568,
O=c1[nH]c(=O)c2ncn([C@@H]3O[C@H](CO)[C@@H](O)[C@H]3O)c2[nH]1,CC(O)O[C@@H]1[C@H](O)[C@H]2COC[C@]1(n1cnc3c(=O)[nH]c(=O)[nH]c31)O2,3,0.3571,
O=c1[nH]c(=O)c2ncn([C@@H]3O[C@H](CO)[C@@H](O)[C@H]3O)c2[nH]1,CC(O)O[C@]12O[C@H]1[C@H](n1cnc3c(=O)[nH]c(=O)[nH]c31)O[C@@]2(C)CO,3,0.4921,
O=c1[nH]c(=O)c2ncn([C@@H]3O[C@H](CO)[C@@H](O)[C@H]3O)c2[nH]1,COC[C@H]1O[C@@H](n2cnc3c(=O)[nH]c(=O)[nH]c32)[C@@H]2OCC(O)O[C@@H]21,3,0.541,
O=c1[nH]c(=O)c2ncn([C@@H]3O[C@H](CO)[C@@H](O)[C@H]3O)c2[nH]1,CC(O)O[C@@H]1[C@@H]2Oc3nc4c(=O)[nH]c(=O)[nH]c4n3[C@@H]1O[C@@H]2C(C)O,3,0.2899,
O=c1[nH]c(=O)c2ncn([C@@H]3O[C@H](CO)[C@@H](O)[C@H]3O)c2[nH]1,COC(C)O[C@H]1[C@H]2Oc3nc4c(=O)[nH]c(=O)[nH]c4n3[C@@H]2O[C@@H]1CO,3,0.3881,
O=c1[nH]c(=O)c2ncn([C@@H]3O[C@H](CO)[C@@H](O)[C@H]3O)c2[nH]1,CO[C@]12OC[C@@H](O[C@H]1n1cnc3c(=O)[nH]c(=O)[nH]c31)[C@H]2OC(C)O,3,0.4179,
O=c1[nH]c(=O)c2ncn([C@@H]3O[C@H](CO)[C@@H](O)[C@H]3O)c2[nH]1,CC(O)O[C@]1(C)[C@H]2O[C@@]1(CO)O[C@H]2n1cnc2c(=O)[nH]c(=O)[nH]c21,3,0.4762,
O=c1[nH]c(=O)c2ncn([C@@H]3O[C@H](CO)[C@@H](O)[C@H]3O)c2[nH]1,CO[C@H]1[C@@H](O)[C@H](n2cnc3c(=O)[nH]c(=O)[nH]c32)O[C@@H]1COC(C)=O,2,0.6034,
O=c1[nH]c(=O)c2ncn([C@@H]3O[C@H](CO)[C@@H](O)[C@H]3O)c2[nH]1,CO[C@H]1[C@H]2OCC(O)OC[C@H]1O[C@H]2n1cnc2c(=O)[nH]c(=O)[nH]c21,3,0.4762,
O=c1[nH]c(=O)c2ncn([C@@H]3O[C@H](CO)[C@@H](O)[C@H]3O)c2[nH]1,CC(O)O[C@H]1[C@H]2OCc3nc4c(=O)[nH]c(=O)[nH]c4n3[C@@H]2O[C@@H]1CO,3,0.3768,
O=c1[nH]c(=O)c2ncn([C@@H]3O[C@H](CO)[C@@H](O)[C@H]3O)c2[nH]1,CC(O)OC(C)[C@H]1O[C@@H]2[C@H](O)[C@@H]1Oc1nc3c(=O)[nH]c(=O)[nH]c3n12,3,0.3284,
O=c1[nH]c(=O)c2ncn([C@@H]3O[C@H](CO)[C@@H](O)[C@H]3O)c2[nH]1,CO[C@@H]1[C@H](OC(C)=O)[C@@H](CO)O[C@H]1n1cnc2c(=O)[nH]c(=O)[nH]c21,2,0.614,
O=c1[nH]c(=O)c2ncn([C@@H]3O[C@H](CO)[C@@H](O)[C@H]3O)c2[nH]1,CC(O)OC[C@H]1O[C@@]2(n3cnc4c(=O)[nH]c(=O)[nH]c43)O[C@@]2(C)[C@@H]1O,3,0.3881,
O=c1[nH]c(=O)c2ncn([C@@H]3O[C@H](CO)[C@@H](O)[C@H]3O)c2[nH]1,CC(O)OC[C@]1(C)O[C@@]2(n3cnc4c(=O)[nH]c(=O)[nH]c43)O[C@@H]2[C@@H]1O,3,0.3623,
O=c1[nH]c(=O)c2ncn([C@@H]3O[C@H](CO)[C@@H](O)[C@H]3O)c2[nH]1,CC(C)(O)OC[C@H]1O[C@@H]2[C@H](O)[C@@H]1Oc1nc3c(=O)[nH]c(=O)[nH]c3n12,3,0.3788,
O=c1[nH]c(=O)c2ncn([C@@H]3O[C@H](CO)[C@@H](O)[C@H]3O)c2[nH]1,CC(=O)O[C@@H]1[C@@](C)(O)CO[C@]1(CO)n1cnc2c(=O)[nH]c(=O)[nH]c21,3,0.3731,
O=c1[nH]c(=O)c2ncn([C@@H]3O[C@H](CO)[C@@H](O)[C@H]3O)c2[nH]1,O=c1[nH]c(=O)c2ncn([C@@H]3O[C@H](CO)[C@H]4OCCC(O)O[C@H]43)c2[nH]1,3,0.6429,
O=c1[nH]c(=O)c2ncn([C@@H]3O[C@H](CO)[C@@H](O)[C@H]3O)c2[nH]1,CCC(O)O[C@@H]1[C@@H]2O[C@]1(n1cnc3c(=O)[nH]c(=O)[nH]c31)O[C@@H]2CO,3,0.4242,
O=c1[nH]c(=O)c2ncn([C@@H]3O[C@H](CO)[C@@H](O)[C@H]3O)c2[nH]1,CC(O)O[C@@H]1[C@H]2CO[C@](n3cnc4c(=O)[nH]c(=O)[nH]c43)(O2)[C@@]1(C)O,3,0.3194,
O=c1[nH]c(=O)c2ncn([C@@H]3O[C@H](CO)[C@@H](O)[C@H]3O)c2[nH]1,CC(C)(O)O[C@@]12OC[C@H]1O[C@@H](n1cnc3c(=O)[nH]c(=O)[nH]c31)[C@@H]2O,3,0.4762,
O=c1[nH]c(=O)c2ncn([C@@H]3O[C@H](CO)[C@@H](O)[C@H]3O)c2[nH]1,COC[C@]1(C)O[C@@H](n2cnc3c(=O)[nH]c(=O)[nH]c32)[C@H](OC=O)[C@@H]1O,3,0.4688,
O=c1[nH]c(=O)c2ncn([C@@H]3O[C@H](CO)[C@@H](O)[C@H]3O)c2[nH]1,CC(O)[C@H]1O[C@@H](n2cnc3c(=O)[nH]c(=O)[nH]c32)[C@@H]2OCC(O)O[C@@H]21,3,0.4839,
O=c1[nH]c(=O)c2ncn([C@@H]3O[C@H](CO)[C@@H](O)[C@H]3O)c2[nH]1,CC(O)O[C@H]1[C@H](n2cnc3c(=O)[nH]c(=O)[nH]c32)O[C@@]2(CO2)[C@]1(C)O,3,0.4462,
O=c1[nH]c(=O)c2ncn([C@@H]3O[C@H](CO)[C@@H](O)[C@H]3O)c2[nH]1,CO[C@@]1(C)[C@H](O)[C@@H](COC=O)O[C@H]1n1cnc2c(=O)[nH]c(=O)[nH]c21,3,0.4762,
O=c1[nH]c(=O)c2ncn([C@@H]3O[C@H](CO)[C@@H](O)[C@H]3O)c2[nH]1,CCC(=O)O[C@@H]1[C@H](O)[C@@H](CO)O[C@H]1n1cnc2c(=O)[nH]c(=O)[nH]c21,2,0.6909,
O=c1[nH]c(=O)c2ncn([C@@H]3O[C@H](CO)[C@@H](O)[C@H]3O)c2[nH]1,C[C@]12COCC(O)O[C@H]1[C@@H](O)[C@H](n1cnc3c(=O)[nH]c(=O)[nH]c31)O2,3,0.5082,
O=c1[nH]c(=O)c2ncn([C@@H]3O[C@H](CO)[C@@H](O)[C@H]3O)c2[nH]1,CO[C@]12O[C@H]1[C@H](n1cnc3c(=O)[nH]c(=O)[nH]c31)O[C@@H]2COC(C)O,3,0.4545,
O=c1[nH]c(=O)c2ncn([C@@H]3O[C@H](CO)[C@@H](O)[C@H]3O)c2[nH]1,CC(C)(O)O[C@@H]1[C@H](O)[C@H]2COc3nc4c(=O)[nH]c(=O)[nH]c4n3[C@@H]1O2,3,0.3382,
O=c1[nH]c(=O)c2ncn([C@@H]3O[C@H](CO)[C@@H](O)[C@H]3O)c2[nH]1,CC(O)O[C@@]1(C)[C@H]2CO[C@@]1(O)[C@H](n1cnc3c(=O)[nH]c(=O)[nH]c31)O2,3,0.403,
O=c1[nH]c(=O)c2ncn([C@@H]3O[C@H](CO)[C@@H](O)[C@H]3O)c2[nH]1,C[C@@]12COC(O)CO[C@@H]([C@H](n3cnc4c(=O)[nH]c(=O)[nH]c43)O1)[C@@H]2O,3,0.4754,
O=c1[nH]c(=O)c2ncn([C@@H]3O[C@H](CO)[C@@H](O)[C@H]3O)c2[nH]1,CC(C)(O)O[C@]12O[C@H]1[C@H](n1cnc3c(=O)[nH]c(=O)[nH]c31)O[C@@H]2CO,3,0.5161,
O=c1[nH]c(=O)c2ncn([C@@H]3O[C@H](CO)[C@@H](O)[C@H]3O)c2[nH]1,CC(O)O[C@@H]1[C@]2(O)OC[C@H]2O[C@]1(C)n1cnc2c(=O)[nH]c(=O)[nH]c21,3,0.3286,
O=c1[nH]c(=O)c2ncn([C@@H]3O[C@H](CO)[C@@H](O)[C@H]3O)c2[nH]1,COC[C@H]1O[C@@H]2[C@H](OC(C)O)[C@@H]1Oc1nc3c(=O)[nH]c(=O)[nH]c3n12,3,0.3286,
O=c1[nH]c(=O)c2ncn([C@@H]3O[C@H](CO)[C@@H](O)[C@H]3O)c2[nH]1,CC(O)O[C@@H]1[C@@H](CO)O[C@@H](n2cnc3c(=O)[nH]c(=O)[nH]c32)[C@]12CO2,3,0.5161,
O=c1[nH]c(=O)c2ncn([C@@H]3O[C@H](CO)[C@@H](O)[C@H]3O)c2[nH]1,COC(C)OC[C@H]1O[C@@H]2[C@H](Oc3nc4c(=O)[nH]c(=O)[nH]c4n32)[C@@H]1O,3,0.3731,
O=c1[nH]c(=O)c2ncn([C@@H]3O[C@H](CO)[C@@H](O)[C@H]3O)c2[nH]1,CC(O)O[C@@H]1[C@@](C)(O)[C@H]2CO[C@]1(n1cnc3c(=O)[nH]c(=O)[nH]c31)O2,3,0.3239,
O=c1[nH]c(=O)c2ncn([C@@H]3O[C@H](CO)[C@@H](O)[C@H]3O)c2[nH]1,CC(O)O[C@@]12O[C@@H]1[C@@H](CO)O[C@]2(C)n1cnc2c(=O)[nH]c(=O)[nH]c21,3,0.4462,
O=c1[nH]c(=O)c2ncn([C@@H]3O[C@H](CO)[C@@H](O)[C@H]3O)c2[nH]1,CC1OCC(O)O[C@H]2[C@@H](O)[C@H](n3cnc4c(=O)[nH]c(=O)[nH]c43)O[C@H]12,3,0.5517,
O=c1[nH]c(=O)c2ncn([C@@H]3O[C@H](CO)[C@@H](O)[C@H]3O)c2[nH]1,CC(O)O[C@@H]1[C@@H]2O[C@]1(n1cnc3c(=O)[nH]c(=O)[nH]c31)O[C@@]2(C)CO,3,0.3623,
O=c1[nH]c(=O)c2ncn([C@@H]3O[C@H](CO)[C@@H](O)[C@H]3O)c2[nH]1,CC(=O)O[C@H]1[C@@H](O)[C@@](C)(n2cnc3c(=O)[nH]c(=O)[nH]c32)O[C@@H]1CO,2,0.4677,
O=c1[nH]c(=O)c2ncn([C@@H]3O[C@H](CO)[C@@H](O)[C@H]3O)c2[nH]1,CC1OCC(O)O[C@@H]2[C@H](O)[C@@H]1O[C@H]2n1cnc2c(=O)[nH]c(=O)[nH]c21,3,0.5254,
O=c1[nH]c(=O)c2ncn([C@@H]3O[C@H](CO)[C@@H](O)[C@H]3O)c2[nH]1,CC(C)(O)OC[C@H]1O[C@@H](n2cnc3c(=O)[nH]c(=O)[nH]c32)[C@]2(O)O[C@H]12,3,0.4531,
O=c1[nH]c(=O)c2ncn([C@@H]3O[C@H](CO)[C@@H](O)[C@H]3O)c2[nH]1,CC(O)O[C@H]1[C@@H](O)[C@H]2O[C@@]1(C)COc1nc3c(=O)[nH]c(=O)[nH]c3n12,3,0.2917,
O=c1[nH]c(=O)c2ncn([C@@H]3O[C@H](CO)[C@@H](O)[C@H]3O)c2[nH]1,CO[C@@]1(C)[C@@H](CO)O[C@@H](n2cnc3c(=O)[nH]c(=O)[nH]c32)[C@@H]1OC=O,3,0.5079,
O=c1[nH]c(=O)c2ncn([C@@H]3O[C@H](CO)[C@@H](O)[C@H]3O)c2[nH]1,CC(C)(O)OC[C@H]1O[C@@]2(n3cnc4c(=O)[nH]c(=O)[nH]c43)O[C@@H]2[C@@H]1O,3,0.4091,
O=c1[nH]c(=O)c2ncn([C@@H]3O[C@H](CO)[C@@H](O)[C@H]3O)c2[nH]1,CC(O)O[C@H]1[C@H](n2cnc3c(=O)[nH]c(=O)[nH]c32)O[C@]2(C(C)O)O[C@@H]12,3,0.4444,
O=c1[nH]c(=O)c2ncn([C@@H]3O[C@H](CO)[C@@H](O)[C@H]3O)c2[nH]1,C[C@@]1(CO)O[C@@H](n2cnc3c(=O)[nH]c(=O)[nH]c32)[C@@H]2OCC(O)O[C@@H]21,3,0.5161,
O=c1[nH]c(=O)c2ncn([C@@H]3O[C@H](CO)[C@@H](O)[C@H]3O)c2[nH]1,COC[C@]12O[C@@H]([C@H](n3cnc4c(=O)[nH]c(=O)[nH]c43)O1)[C@@H]2OC(C)O,3,0.4462,
O=c1[nH]c(=O)c2ncn([C@@H]3O[C@H](CO)[C@@H](O)[C@H]3O)c2[nH]1,CO[C@@H]1[C@H](OC=O)[C@@H](CO)O[C@H]1n1c(C)nc2c(=O)[nH]c(=O)[nH]c21,3,0.3939,
O=c1[nH]c(=O)c2ncn([C@@H]3O[C@H](CO)[C@@H](O)[C@H]3O)c2[nH]1,Cc1nc2c(=O)[nH]c(=O)[nH]c2n1[C@@H]1O[C@H](CO)[C@](C)(O)[C@H]1OC=O,3,0.3286,
O=c1[nH]c(=O)c2ncn([C@@H]3O[C@H](CO)[C@@H](O)[C@H]3O)c2[nH]1,CC1O[C@H]2[C@@H](O)[C@H](n3cnc4c(=O)[nH]c(=O)[nH]c43)O[C@@H]2COC1O,3,0.5424,
O=c1[nH]c(=O)c2ncn([C@@H]3O[C@H](CO)[C@@H](O)[C@H]3O)c2[nH]1,CO[C@H]1[C@H](n2cnc3c(=O)[nH]c(=O)[nH]c32)O[C@@]2(CO2)[C@H]1OC(C)O,3,0.4179,
O=c1[nH]c(=O)c2ncn([C@@H]3O[C@H](CO)[C@@H](O)[C@H]3O)c2[nH]1,COC[C@]1(n2cnc3c(=O)[nH]c(=O)[nH]c32)OC[C@@H](O)[C@H]1OC(C)=O,3,0.3623,
O=c1[nH]c(=O)c2ncn([C@@H]3O[C@H](CO)[C@@H](O)[C@H]3O)c2[nH]1,COC(C)O[C@@]12OC[C@H]1O[C@@H](n1cnc3c(=O)[nH]c(=O)[nH]c31)[C@@H]2O,3,0.4615,
O=c1[nH]c(=O)c2ncn([C@@H]3O[C@H](CO)[C@@H](O)[C@H]3O)c2[nH]1,CCC(=O)OC[C@H]1O[C@@H](n2cnc3c(=O)[nH]c(=O)[nH]c32)[C@H](O)[C@@H]1O,2,0.6852,
O=c1[nH]c(=O)c2ncn([C@@H]3O[C@H](CO)[C@@H](O)[C@H]3O)c2[nH]1,CC(O)O[C@@H]1[C@H]2CO[C@@]1(O)[C@@](C)(n1cnc3c(=O)[nH]c(=O)[nH]c31)O2,3,0.3194,
O=c1[nH]c(=O)c2ncn([C@@H]3O[C@H](CO)[C@@H](O)[C@H]3O)c2[nH]1,CC(O)OC[C@H]1O[C@@]2(n3cnc4c(=O)[nH]c(=O)[nH]c43)O[C@H]1[C@]2(C)O,3,0.3623,
O=c1[nH]c(=O)c2ncn([C@@H]3O[C@H](CO)[C@@H](O)[C@H]3O)c2[nH]1,Cc1nc2c(=O)[nH]c(=O)[nH]c2n1[C@@H]1O[C@]2(CO)O[C@H]2[C@H]1OC(C)O,3,0.2958,
O=c1[nH]c(=O)c2ncn([C@@H]3O[C@H](CO)[C@@H](O)[C@H]3O)c2[nH]1,COC1CO[C@H]2[C@@H](O1)[C@H](n1cnc3c(=O)[nH]c(=O)[nH]c31)O[C@@H]2CO,3,0.5932,
O=c1[nH]c(=O)c2ncn([C@@H]3O[C@H](CO)[C@@H](O)[C@H]3O)c2[nH]1,Cc1nc2c(=O)[nH]c(=O)[nH]c2n1[C@@H]1O[C@@](C)(CO)[C@@H](OC=O)[C@H]1O,3,0.3286,
O=c1[nH]c(=O)c2ncn([C@@H]3O[C@H](CO)[C@@H](O)[C@H]3O)c2[nH]1,COC1O[C@H]2[C@@H](OC(C)O)[C@H](n3cnc4c(=O)[nH]c(=O)[nH]c43)O[C@H]12,3,0.4603,
O=c1[nH]c(=O)c2ncn([C@@H]3O[C@H](CO)[C@@H](O)[C@H]3O)c2[nH]1,CC(O)OC[C@H]1O[C@@H](n2cnc3c(=O)[nH]c(=O)[nH]c32)[C@]2(CO2)[C@@H]1O,3,0.4688,
O=c1[nH]c(=O)c2ncn([C@@H]3O[C@H](CO)[C@@H](O)[C@H]3O)c2[nH]1,CCC(OC=O)[C@H]1O[C@@H](n2cnc3c(=O)[nH]c(=O)[nH]c32)[C@H](O)[C@@H]1O,3,0.5763,
O=c1[nH]c(=O)c2ncn([C@@H]3O[C@H](CO)[C@@H](O)[C@H]3O)c2[nH]1,COC[C@H]1O[C@@H](n2cnc3c(=O)[nH]c(=O)[nH]c32)[C@@](C)(O)[C@@H]1OC=O,3,0.4462,
O=c1[nH]c(=O)c2ncn([C@@H]3O[C@H](CO)[C@@H](O)[C@H]3O)c2[nH]1,Cc1nc2c(=O)[nH]c(=O)[nH]c2n1[C@@]1(C)O[C@H](CO)[C@@H](O)[C@H]1OC=O,3,0.3881,
O=c1[nH]c(=O)c2ncn([C@@H]3O[C@H](CO)[C@@H](O)[C@H]3O)c2[nH]1,CC(O)OC[C@H]1O[C@@H](n2cnc3c(=O)[nH]c(=O)[nH]c32)[C@]2(O)O[C@@]12C,3,0.4242,
O=c1[nH]c(=O)c2ncn([C@@H]3O[C@H](CO)[C@@H](O)[C@H]3O)c2[nH]1,CC(O)O[C@@]1(C)[C@@H]2Oc3nc4c(=O)[nH]c(=O)[nH]c4n3[C@@H]1O[C@@H]2CO,3,0.3676,
O=c1[nH]c(=O)c2ncn([C@@H]3O[C@H](CO)[C@@H](O)[C@H]3O)c2[nH]1,COC[C@H]1O[C@@H](n2cnc3c(=O)[nH]c(=O)[nH]c32)[C@H](OC=O)[C@@]1(C)O,3,0.4615,
O=c1[nH]c(=O)c2ncn([C@@H]3O[C@H](CO)[C@@H](O)[C@H]3O)c2[nH]1,CO[C@H]1[C@@H](OC=O)[C@H](n2cnc3c(=O)[nH]c(=O)[nH]c32)O[C@@H]1C(C)O,3,0.4531,
O=c1[nH]c(=O)c2ncn([C@@H]3O[C@H](CO)[C@@H](O)[C@H]3O)c2[nH]1,COC(C)O[C@@H]1[C@@H]2O[C@]1(n1cnc3c(=O)[nH]c(=O)[nH]c31)O[C@@H]2CO,3,0.4242,
O=c1[nH]c(=O)c2ncn([C@@H]3O[C@H](CO)[C@@H](O)[C@H]3O)c2[nH]1,COC[C@H]1O[C@@H](n2c(C)nc3c(=O)[nH]c(=O)[nH]c32)[C@H](O)[C@@H]1OC=O,3,0.3676,
O=c1[nH]c(=O)c2ncn([C@@H]3O[C@H](CO)[C@@H](O)[C@H]3O)c2[nH]1,CC(=O)O[C@@H]1[C@H](O)C(C)O[C@]1(CO)n1cnc2c(=O)[nH]c(=O)[nH]c21,3,0.4091,
O=c1[nH]c(=O)c2ncn([C@@H]3O[C@H](CO)[C@@H](O)[C@H]3O)c2[nH]1,CO[C@@H]1[C@H](O)CO[C@]1(COC(C)=O)n1cnc2c(=O)[nH]c(=O)[nH]c21,3,0.3623,
O=c1[nH]c(=O)c2ncn([C@@H]3O[C@H](CO)[C@@H](O)[C@H]3O)c2[nH]1,CO[C@@]12O[C@@H]1[C@@H](COC(C)O)O[C@H]2n1cnc2c(=O)[nH]c(=O)[nH]c21,3,0.4394,
O=c1[nH]c(=O)c2ncn([C@@H]3O[C@H](CO)[C@@H](O)[C@H]3O)c2[nH]1,CC(C)(O)OC[C@H]1O[C@@H](n2cnc3c(=O)[nH]c(=O)[nH]c32)[C@@H]2O[C@]12O,3,0.4688,
O=c1[nH]c(=O)c2ncn([C@@H]3O[C@H](CO)[C@@H](O)[C@H]3O)c2[nH]1,CC[C@@]1(COC=O)O[C@@H](n2cnc3c(=O)[nH]c(=O)[nH]c32)[C@H](O)[C@@H]1O,3,0.5,
O=c1[nH]c(=O)c2ncn([C@@H]3O[C@H](CO)[C@@H](O)[C@H]3O)c2[nH]1,C[C@@]1(COC=O)O[C@@H](n2cnc3c(=O)[nH]c(=O)[nH]c32)[C@H](O)[C@@]1(C)O,3,0.4839,
O=c1[nH]c(=O)c2ncn([C@@H]3O[C@H](CO)[C@@H](O)[C@H]3O)c2[nH]1,C[C@@]12OC(O)COC[C@@H](O[C@H]1n1cnc3c(=O)[nH]c(=O)[nH]c31)[C@H]2O,3,0.4516,
O=c1[nH]c(=O)c2ncn([C@@H]3O[C@H](CO)[C@@H](O)[C@H]3O)c2[nH]1,CC(O)O[C@H]1[C@H]2O[C@@](C)(CO)[C@H]1Oc1nc3c(=O)[nH]c(=O)[nH]c3n12,3,0.2917,
O=c1[nH]c(=O)c2ncn([C@@H]3O[C@H](CO)[C@@H](O)[C@H]3O)c2[nH]1,O=c1[nH]c(=O)c2ncn([C@@H]3O[C@@H]4COC(O)CCO[C@H]4[C@H]3O)c2[nH]1,3,0.5517,
O=c1[nH]c(=O)c2ncn([C@@H]3O[C@H](CO)[C@@H](O)[C@H]3O)c2[nH]1,CCC(O)O[C@@]12OC[C@H]1O[C@@H](n1cnc3c(=O)[nH]c(=O)[nH]c31)[C@@H]2O,3,0.4769,
O=c1[nH]c(=O)c2ncn([C@@H]3O[C@H](CO)[C@@H](O)[C@H]3O)c2[nH]1,CCO[C@@H]1[C@H](OC=O)[C@@H](CO)O[C@H]1n1cnc2c(=O)[nH]c(=O)[nH]c21,3,0.5932,
O=c1[nH]c(=O)c2ncn([C@@H]3O[C@H](CO)[C@@H](O)[C@H]3O)c2[nH]1,Cc1nc2c(=O)[nH]c(=O)[nH]c2n1[C@@H]1O[C@@H]2CO[C@@]2(O)[C@H]1OC(C)O,3,0.2703,
O=c1[nH]c(=O)c2ncn([C@@H]3O[C@H](CO)[C@@H](O)[C@H]3O)c2[nH]1,CC(O)O[C@H]1[C@H]2Oc3nc4c(=O)[nH]c(=O)[nH]c4n3[C@@]2(C)O[C@@H]1CO,3,0.3333,
O=c1[nH]c(=O)c2ncn([C@@H]3O[C@H](CO)[C@@H](O)[C@H]3O)c2[nH]1,COC(C)O[C@@H]1[C@@H]2Oc3nc4c(=O)[nH]c(=O)[nH]c4n3[C@@H]1O[C@@H]2CO,3,0.3881,
O=c1[nH]c(=O)c2ncn([C@@H]3O[C@H](CO)[C@@H](O)[C@H]3O)c2[nH]1,CC(O)O[C@@H]1[C@@]2(C)O[C@]1(n1cnc3c(=O)[nH]c(=O)[nH]c31)O[C@@H]2CO,3,0.3824,
O=c1[nH]c(=O)c2ncn([C@@H]3O[C@H](CO)[C@@H](O)[C@H]3O)c2[nH]1,CC(O)OC(C)[C@]12O[C@@H]([C@H](n3cnc4c(=O)[nH]c(=O)[nH]c43)O1)[C@@H]2O,3,0.4677,
O=c1[nH]c(=O)c2ncn([C@@H]3O[C@H](CO)[C@@H](O)[C@H]3O)c2[nH]1,CC(O)O[C@@]12OC[C@H]1O[C@@H](n1cnc3c(=O)[nH]c(=O)[nH]c31)[C@@]2(C)O,3,0.4242,
O=c1[nH]c(=O)c2ncn([C@@H]3O[C@H](CO)[C@@H](O)[C@H]3O)c2[nH]1,CO[C@H]1[C@@H](OC=O)[C@H](n2cnc3c(=O)[nH]c(=O)[nH]c32)O[C@@]1(C)CO,3,0.4615,
O=c1[nH]c(=O)c2ncn([C@@H]3O[C@H](CO)[C@@H](O)[C@H]3O)c2[nH]1,CCc1nc2c(=O)[nH]c(=O)[nH]c2n1[C@@H]1O[C@H](CO)[C@@H](O)[C@H]1OC=O,3,0.4531,
O=c1[nH]c(=O)c2ncn([C@@H]3O[C@H](CO)[C@@H](O)[C@H]3O)c2[nH]1,CO[C@H]1[C@H]2OC(O)COC[C@H]1O[C@H]2n1cnc2c(=O)[nH]c(=O)[nH]c21,3,0.4762,
O=c1[nH]c(=O)c2ncn([C@@H]3O[C@H](CO)[C@@H](O)[C@H]3O)c2[nH]1,COC(C)OC[C@H]1O[C@@]2(n3cnc4c(=O)[nH]c(=O)[nH]c43)O[C@H]1[C@H]2O,3,0.3881,
O=c1[nH]c(=O)c2ncn([C@@H]3O[C@H](CO)[C@@H](O)[C@H]3O)c2[nH]1,CC(C)(O)O[C@H]1[C@@H](O)[C@H](n2cnc3c(=O)[nH]c(=O)[nH]c32)O[C@@]12CO2,3,0.4762,
O=c1[nH]c(=O)c2ncn([C@@H]3O[C@H](CO)[C@@H](O)[C@H]3O)c2[nH]1,Cc1nc2c(=O)[nH]c(=O)[nH]c2n1[C@@H]1O[C@@]2(CO2)[C@@H](O)[C@H]1OC(C)O,3,0.2778,
O=c1[nH]c(=O)c2ncn([C@@H]3O[C@H](CO)[C@@H](O)[C@H]3O)c2[nH]1,CC(C)(O)O[C@@]12O[C@@H]1[C@@H](CO)O[C@H]2n1cnc2c(=O)[nH]c(=O)[nH]c21,3,0.5246,
O=c1[nH]c(=O)c2ncn([C@@H]3O[C@H](CO)[C@@H](O)[C@H]3O)c2[nH]1,CC(O)O[C@H]1[C@H](n2cnc3c(=O)[nH]c(=O)[nH]c32)O[C@]2(CO)O[C@]12C,3,0.4615,
O=c1[nH]c(=O)c2ncn([C@@H]3O[C@H](CO)[C@@H](O)[C@H]3O)c2[nH]1,CC(O)[C@H]1O[C@](C)(n2cnc3c(=O)[nH]c(=O)[nH]c32)[C@H](O)[C@@H]1OC=O,3,0.3529,
O=c1[nH]c(=O)c2ncn([C@@H]3O[C@H](CO)[C@@H](O)[C@H]3O)c2[nH]1,CC(O)O[C@@]12COC[C@H]1O[C@@H](n1cnc3c(=O)[nH]c(=O)[nH]c31)[C@@H]2O,3,0.4615,
O=c1[nH]c(=O)c2ncn([C@@H]3O[C@H](CO)[C@@H](O)[C@H]3O)c2[nH]1,CC(=O)O[C@H]1[C@H](n2cnc3c(=O)[nH]c(=O)[nH]c32)O[C@H](CO)[C@]1(C)O,2,0.5246,
O=c1[nH]c(=O)c2ncn([C@@H]3O[C@H](CO)[C@@H](O)[C@H]3O)c2[nH]1,CO[C@@H]1[C@@H](COC=O)O[C@@H](n2cnc3c(=O)[nH]c(=O)[nH]c32)[C@@]1(C)O,3,0.4462,
O=c1[nH]c(=O)c2ncn([C@@H]3O[C@H](CO)[C@@H](O)[C@H]3O)c2[nH]1,C[C@]1(O)[C@@H](CO)O[C@@H](n2cnc3c(=O)[nH]c(=O)[nH]c32)[C@@]1(C)OC=O,3,0.5,
O=c1[nH]c(=O)c2ncn([C@@H]3O[C@H](CO)[C@@H](O)[C@H]3O)c2[nH]1,CO[C@H]1[C@H](n2cnc3c(=O)[nH]c(=O)[nH]c32)O[C@]2(COC(C)O)O[C@@H]12,3,0.4462,
O=c1[nH]c(=O)c2ncn([C@@H]3O[C@H](CO)[C@@H](O)[C@H]3O)c2[nH]1,CCC(O)O[C@]12OC[C@@H](O[C@H]1n1cnc3c(=O)[nH]c(=O)[nH]c31)[C@H]2O,3,0.4394,
O=c1[nH]c(=O)c2ncn([C@@H]3O[C@H](CO)[C@@H](O)[C@H]3O)c2[nH]1,CO[C@@H]1CO[C@](COC(C)=O)(n2cnc3c(=O)[nH]c(=O)[nH]c32)[C@@H]1O,3,0.3676,
O=c1[nH]c(=O)c2ncn([C@@H]3O[C@H](CO)[C@@H](O)[C@H]3O)c2[nH]1,C[C@@]1(OC=O)[C@H](n2cnc3c(=O)[nH]c(=O)[nH]c32)O[C@@](C)(CO)[C@H]1O,3,0.4677,
O=c1[nH]c(=O)c2ncn([C@@H]3O[C@H](CO)[C@@H](O)[C@H]3O)c2[nH]1,CC(O)O[C@H]1[C@@H](O)[C@@](C)(n2cnc3c(=O)[nH]c(=O)[nH]c32)O[C@@]12CO2,3,0.3478,
O=c1[nH]c(=O)c2ncn([C@@H]3O[C@H](CO)[C@@H](O)[C@H]3O)c2[nH]1,CCC(O)[C@H]1O[C@@H](n2cnc3c(=O)[nH]c(=O)[nH]c32)[C@H](O)[C@@H]1OC=O,3,0.5323,
O=c1[nH]c(=O)c2ncn([C@@H]3O[C@H](CO)[C@@H](O)[C@H]3O)c2[nH]1,Cc1nc2c(=O)[nH]c(=O)[nH]c2n1[C@@H]1O[C@H](CO)[C@@]2(OC(C)O)O[C@@H]12,3,0.3239,
O=c1[nH]c(=O)c2ncn([C@@H]3O[C@H](CO)[C@@H](O)[C@H]3O)c2[nH]1,COC1O[C@@H]2[C@H](OC(C)O)[C@@H]1O[C@H]2n1cnc2c(=O)[nH]c(=O)[nH]c21,3,0.4603,
O=c1[nH]c(=O)c2ncn([C@@H]3O[C@H](CO)[C@@H](O)[C@H]3O)c2[nH]1,CC(O)O[C@]1(C)[C@@H](O)[C@]2(n3cnc4c(=O)[nH]c(=O)[nH]c43)OC[C@H]1O2,3,0.338,
O=c1[nH]c(=O)c2ncn([C@@H]3O[C@H](CO)[C@@H](O)[C@H]3O)c2[nH]1,Cc1nc2c(=O)[nH]c(=O)[nH]c2n1[C@@H]1O[C@@H]2CO[C@@]2(OC(C)O)[C@H]1O,3,0.2917,
O=c1[nH]c(=O)c2ncn([C@@H]3O[C@H](CO)[C@@H](O)[C@H]3O)c2[nH]1,CCC(O)[C@H]1O[C@@H](n2cnc3c(=O)[nH]c(=O)[nH]c32)[C@H](OC=O)[C@@H]1O,3,0.5079,
O=c1[nH]c(=O)c2ncn([C@@H]3O[C@H](CO)[C@@H](O)[C@H]3O)c2[nH]1,CC(O)OC[C@H]1O[C@@H]2[C@H](O)[C@@H]1OCc1nc3c(=O)[nH]c(=O)[nH]c3n12,3,0.3571,
O=c1[nH]c(=O)c2ncn([C@@H]3O[C@H](CO)[C@@H](O)[C@H]3O)c2[nH]1,CC(O)O[C@H]1[C@@H](O)[C@H]2O[C@@H]1COCc1nc3c(=O)[nH]c(=O)[nH]c3n12,3,0.3099,
O=c1[nH]c(=O)c2ncn([C@@H]3O[C@H](CO)[C@@H](O)[C@H]3O)c2[nH]1,CO[C@@H]1[C@H](OC=O)[C@@H](CO)O[C@]1(C)n1cnc2c(=O)[nH]c(=O)[nH]c21,3,0.4179,
O=c1[nH]c(=O)c2ncn([C@@H]3O[C@H](CO)[C@@H](O)[C@H]3O)c2[nH]1,CC(O)[C@H]1O[C@](C)(n2cnc3c(=O)[nH]c(=O)[nH]c32)[C@H](OC=O)[C@@H]1O,3,0.3824,
O=c1[nH]c(=O)c2ncn([C@@H]3O[C@H](CO)[C@@H](O)[C@H]3O)c2[nH]1,CO[C@H]1[C@@H](O)[C@H](n2cnc3c(=O)[nH]c(=O)[nH]c32)O[C@@]1(C)COC=O,3,0.4844,
O=c1[nH]c(=O)c2ncn([C@@H]3O[C@H](CO)[C@@H](O)[C@H]3O)c2[nH]1,CC(O)O[C@H]1[C@@H](O)[C@]2(C)O[C@@H]1COc1nc3c(=O)[nH]c(=O)[nH]c3n12,3,0.274,
O=c1[nH]c(=O)c2ncn([C@@H]3O[C@H](CO)[C@@H](O)[C@H]3O)c2[nH]1,CC(O)O[C@@]1(C)[C@@H]2O[C@@H](n3cnc4c(=O)[nH]c(=O)[nH]c43)[C@@H]1OC2O,3,0.4839,
O=c1[nH]c(=O)c2ncn([C@@H]3O[C@H](CO)[C@@H](O)[C@H]3O)c2[nH]1,CCC(=O)O[C@@H]1[C@H](O)CO[C@]1(CO)n1cnc2c(=O)[nH]c(=O)[nH]c21,3,0.3768,
O=c1[nH]c(=O)c2ncn([C@@H]3O[C@H](CO)[C@@H](O)[C@H]3O)c2[nH]1,CCC(O)OC[C@H]1O[C@@H]2[C@H](Oc3nc4c(=O)[nH]c(=O)[nH]c4n32)[C@@H]1O,3,0.3676,
O=c1[nH]c(=O)c2ncn([C@@H]3O[C@H](CO)[C@@H](O)[C@H]3O)c2[nH]1,CC[C@]1(n2cnc3c(=O)[nH]c(=O)[nH]c32)O[C@H](CO)[C@@H](O)[C@H]1OC=O,3,0.4615,
O=c1[nH]c(=O)c2ncn([C@@H]3O[C@H](CO)[C@@H](O)[C@H]3O)c2[nH]1,CC(O)OC[C@H]1O[C@@H](n2cnc3c(=O)[nH]c(=O)[nH]c32)[C@@H]2OC[C@]12O,3,0.4478,
O=c1[nH]c(=O)c2ncn([C@@H]3O[C@H](CO)[C@@H](O)[C@H]3O)c2[nH]1,COC(C)OC1O[C@H]2[C@@H](O)[C@H](n3cnc4c(=O)[nH]c(=O)[nH]c43)O[C@H]12,3,0.5333,
O=c1[nH]c(=O)c2ncn([C@@H]3O[C@H](CO)[C@@H](O)[C@H]3O)c2[nH]1,Cc1nc2c(=O)[nH]c(=O)[nH]c2n1[C@@H]1O[C@H](COC(C)O)[C@@]2(O)O[C@@H]12,3,0.2877,
O=c1[nH]c(=O)c2ncn([C@@H]3O[C@H](CO)[C@@H](O)[C@H]3O)c2[nH]1,CC(O)O[C@]1(C)[C@H](n2cnc3c(=O)[nH]c(=O)[nH]c32)O[C@@H]2CO[C@]21O,3,0.403,
O=c1[nH]c(=O)c2ncn([C@@H]3O[C@H](CO)[C@@H](O)[C@H]3O)c2[nH]1,CO[C@H]1[C@@H](O)[C@H](n2c(C)nc3c(=O)[nH]c(=O)[nH]c32)O[C@@H]1COC=O,3,0.3676,
O=c1[nH]c(=O)c2ncn([C@@H]3O[C@H](CO)[C@@H](O)[C@H]3O)c2[nH]1,CO[C@@H]1[C@H](O)[C@@H](COC=O)O[C@]1(C)n1cnc2c(=O)[nH]c(=O)[nH]c21,3,0.3971,
O=c1[nH]c(=O)c2ncn([C@@H]3O[C@H](CO)[C@@H](O)[C@H]3O)c2[nH]1,CC(=O)O[C@@]1(C)[C@H](O)CO[C@]1(CO)n1cnc2c(=O)[nH]c(=O)[nH]c21,3,0.3881,
O=c1[nH]c(=O)c2ncn([C@@H]3O[C@H](CO)[C@@H](O)[C@H]3O)c2[nH]1,CC(OC=O)[C@H]1O[C@@H](n2cnc3c(=O)[nH]c(=O)[nH]c32)[C@@](C)(O)[C@@H]1O,3,0.4375,
O=c1[nH]c(=O)c2ncn([C@@H]3O[C@H](CO)[C@@H](O)[C@H]3O)c2[nH]1,COC[C@]1(n2cnc3c(=O)[nH]c(=O)[nH]c32)OC[C@@H](OC(C)=O)[C@H]1O,3,0.3676,
O=c1[nH]c(=O)c2ncn([C@@H]3O[C@H](CO)[C@@H](O)[C@H]3O)c2[nH]1,CC(O)OC[C@@]12O[C@@H](n3cnc4c(=O)[nH]c(=O)[nH]c43)[C@H](O1)[C@@]2(C)O,3,0.4531,
O=c1[nH]c(=O)c2ncn([C@@H]3O[C@H](CO)[C@@H](O)[C@H]3O)c2[nH]1,C[C@@]1(O)[C@H](n2cnc3c(=O)[nH]c(=O)[nH]c32)O[C@@](C)(COC=O)[C@H]1O,3,0.4516,
O=c1[nH]c(=O)c2ncn([C@@H]3O[C@H](CO)[C@@H](O)[C@H]3O)c2[nH]1,CC(O)OC[C@H]1O[C@@]2(n3cnc4c(=O)[nH]c(=O)[nH]c43)CO[C@H]1[C@H]2O,3,0.3714,
O=c1[nH]c(=O)c2ncn([C@@H]3O[C@H](CO)[C@@H](O)[C@H]3O)c2[nH]1,C[C@]12OCC(O)OC[C@H]1O[C@@H](n1cnc3c(=O)[nH]c(=O)[nH]c31)[C@@H]2O,3,0.4918,
O=c1[nH]c(=O)c2ncn([C@@H]3O[C@H](CO)[C@@H](O)[C@H]3O)c2[nH]1,CC(O)OC[C@]12O[C@@H](n3cnc4c(=O)[nH]c(=O)[nH]c43)[C@H](O)[C@@]1(C)O2,3,0.4688,
O=c1[nH]c(=O)c2ncn([C@@H]3O[C@H](CO)[C@@H](O)[C@H]3O)c2[nH]1,CC(O)[C@]1(C)O[C@@H](n2cnc3c(=O)[nH]c(=O)[nH]c32)[C@H](O)[C@@H]1OC=O,3,0.4688,
O=c1[nH]c(=O)c2ncn([C@@H]3O[C@H](CO)[C@@H](O)[C@H]3O)c2[nH]1,COC[C@]1(C)O[C@@H](n2cnc3c(=O)[nH]c(=O)[nH]c32)[C@H](O)[C@@H]1OC=O,3,0.4844,
O=c1[nH]c(=O)c2ncn([C@@H]3O[C@H](CO)[C@@H](O)[C@H]3O)c2[nH]1,CCc1nc2c(=O)[nH]c(=O)[nH]c2n1[C@@H]1O[C@H](COC=O)[C@@H](O)[C@H]1O,3,0.4219,
O=c1[nH]c(=O)c2ncn([C@@H]3O[C@H](CO)[C@@H](O)[C@H]3O)c2[nH]1,CC(O)O[C@H]1[C@H](n2cnc3c(=O)[nH]c(=O)[nH]c32)O[C@@H]2COC[C@]21O,3,0.4394,
O=c1[nH]c(=O)c2ncn([C@@H]3O[C@H](CO)[C@@H](O)[C@H]3O)c2[nH]1,C[C@@]12OCC(O)OC[C@@H](O[C@H]1n1cnc3c(=O)[nH]c(=O)[nH]c31)[C@H]2O,3,0.4516,
O=c1[nH]c(=O)c2ncn([C@@H]3O[C@H](CO)[C@@H](O)[C@H]3O)c2[nH]1,COC(C)OC[C@H]1O[C@@H]2[C@H](O)[C@@H]1Oc1nc3c(=O)[nH]c(=O)[nH]c3n12,3,0.3731,
O=c1[nH]c(=O)c2ncn([C@@H]3O[C@H](CO)[C@@H](O)[C@H]3O)c2[nH]1,CC(O)O[C@@H]1[C@H](O)[C@@H]2O[C@H]1n1c(nc3c(=O)[nH]c(=O)[nH]c31)OC2C,3,0.3188,
O=c1[nH]c(=O)c2ncn([C@@H]3O[C@H](CO)[C@@H](O)[C@H]3O)c2[nH]1,CO[C@H]1[C@@H](OC(C)O)[C@H]2O[C@@H]1COc1nc3c(=O)[nH]c(=O)[nH]c3n12,3,0.2958,
O=c1[nH]c(=O)c2ncn([C@@H]3O[C@H](CO)[C@@H](O)[C@H]3O)c2[nH]1,CC(O)[C@]1(C)O[C@@H](n2cnc3c(=O)[nH]c(=O)[nH]c32)[C@H](OC=O)[C@@H]1O,3,0.4531,
O=c1[nH]c(=O)c2ncn([C@@H]3O[C@H](CO)[C@@H](O)[C@H]3O)c2[nH]1,CC(O)O[C@H]1[C@@H](O)[C@H](n2cnc3c(=O)[nH]c(=O)[nH]c32)O[C@]12OC2C,3,0.4839,
O=c1[nH]c(=O)c2ncn([C@@H]3O[C@H](CO)[C@@H](O)[C@H]3O)c2[nH]1,CO[C@@H]1[C@@H]2OCC(O)OC[C@H]2O[C@H]1n1cnc2c(=O)[nH]c(=O)[nH]c21,3,0.4762,
O=c1[nH]c(=O)c2ncn([C@@H]3O[C@H](CO)[C@@H](O)[C@H]3O)c2[nH]1,CC(O)OC[C@]1(C)O[C@@H]2[C@H](O)[C@@H]1Oc1nc3c(=O)[nH]c(=O)[nH]c3n12,3,0.3099,
O=c1[nH]c(=O)c2ncn([C@@H]3O[C@H](CO)[C@@H](O)[C@H]3O)c2[nH]1,CC(O)OC[C@@]12O[C@@H](n3cnc4c(=O)[nH]c(=O)[nH]c43)[C@@](C)(O1)[C@@H]2O,3,0.4242,
O=c1[nH]c(=O)c2ncn([C@@H]3O[C@H](CO)[C@@H](O)[C@H]3O)c2[nH]1,COC(C)OC[C@H]1O[C@@H](n2cnc3c(=O)[nH]c(=O)[nH]c32)[C@]2(O)O[C@H]12,3,0.4462,
O=c1[nH]c(=O)c2ncn([C@@H]3O[C@H](CO)[C@@H](O)[C@H]3O)c2[nH]1,COC(C)O[C@H]1[C@@H](O)[C@H]2O[C@@H]1COc1nc3c(=O)[nH]c(=O)[nH]c3n12,3,0.3286,
O=c1[nH]c(=O)c2ncn([C@@H]3O[C@H](CO)[C@@H](O)[C@H]3O)c2[nH]1,CC(O)OC(C)[C@H]1O[C@@]2(n3cnc4c(=O)[nH]c(=O)[nH]c43)O[C@H]1[C@H]2O,3,0.3636,
O=c1[nH]c(=O)c2ncn([C@@H]3O[C@H](CO)[C@@H](O)[C@H]3O)c2[nH]1,COC[C@]12O[C@@H](n3cnc4c(=O)[nH]c(=O)[nH]c43)[C@H](OC(C)O)[C@@H]1O2,3,0.4462,
O=c1[nH]c(=O)c2ncn([C@@H]3O[C@H](CO)[C@@H](O)[C@H]3O)c2[nH]1,CO[C@@]12OC[C@H]1O[C@@H](n1cnc3c(=O)[nH]c(=O)[nH]c31)[C@@H]2OC(C)O,3,0.4394,
O=c1[nH]c(=O)c2ncn([C@@H]3O[C@H](CO)[C@@H](O)[C@H]3O)c2[nH]1,Cc1nc2c(=O)[nH]c(=O)[nH]c2n1[C@@H]1O[C@H](C(C)O)[C@@H](O)[C@H]1OC=O,3,0.3143,
O=c1[nH]c(=O)c2ncn([C@@H]3O[C@H](CO)[C@@H](O)[C@H]3O)c2[nH]1,CC(=O)OC(C)[C@H]1O[C@@H](n2cnc3c(=O)[nH]c(=O)[nH]c32)[C@H](O)[C@@H]1O,2,0.5789,
O=c1[nH]c(=O)c2ncn([C@@H]3O[C@H](CO)[C@@H](O)[C@H]3O)c2[nH]1,CC(C)(O)O[C@@H]1[C@@H]2OC(O)[C@H]2O[C@H]1n1cnc2c(=O)[nH]c(=O)[nH]c21,3,0.5,
O=c1[nH]c(=O)c2ncn([C@@H]3O[C@H](CO)[C@@H](O)[C@H]3O)c2[nH]1,CC(O)O[C@@]1(C)[C@H](O)[C@H]2CO[C@]1(n1cnc3c(=O)[nH]c(=O)[nH]c31)O2,3,0.3429,
O=c1[nH]c(=O)c2ncn([C@@H]3O[C@H](CO)[C@@H](O)[C@H]3O)c2[nH]1,COC(C)O[C@H]1[C@H]2OC(O)[C@H]1O[C@H]2n1cnc2c(=O)[nH]c(=O)[nH]c21,3,0.4839,
O=c1[nH]c(=O)c2ncn([C@@H]3O[C@H](CO)[C@@H](O)[C@H]3O)c2[nH]1,CC(C)(O)O[C@H]1[C@H](n2cnc3c(=O)[nH]c(=O)[nH]c32)O[C@@]2(CO2)[C@H]1O,3,0.4603,
O=c1[nH]c(=O)c2ncn([C@@H]3O[C@H](CO)[C@@H](O)[C@H]3O)c2[nH]1,CC(O)OC1O[C@@]2(C)[C@H](O)[C@@H]1O[C@H]2n1cnc2c(=O)[nH]c(=O)[nH]c21,3,0.4375,
O=c1[nH]c(=O)c2ncn([C@@H]3O[C@H](CO)[C@@H](O)[C@H]3O)c2[nH]1,CC(O)O[C@]12O[C@H]1[C@@](C)(n1cnc3c(=O)[nH]c(=O)[nH]c31)O[C@@H]2CO,3,0.3881,
O=c1[nH]c(=O)c2ncn([C@@H]3O[C@H](CO)[C@@H](O)[C@H]3O)c2[nH]1,CCC(O)O[C@@H]1[C@@H]2Oc3nc4c(=O)[nH]c(=O)[nH]c4n3[C@@H]1O[C@@H]2CO,3,0.3881,
O=c1[nH]c(=O)c2ncn([C@@H]3O[C@H](CO)[C@@H](O)[C@H]3O)c2[nH]1,CC(O)O[C@@]1(C)[C@@H]2O[C@@]2(CO)O[C@H]1n1cnc2c(=O)[nH]c(=O)[nH]c21,3,0.4308,
O=c1[nH]c(=O)c2ncn([C@@H]3O[C@H](CO)[C@@H](O)[C@H]3O)c2[nH]1,CC(O)OC1O[C@@H]2[C@@H]1O[C@](C)(n1cnc3c(=O)[nH]c(=O)[nH]c31)[C@@H]2O,3,0.3788,
O=c1[nH]c(=O)c2ncn([C@@H]3O[C@H](CO)[C@@H](O)[C@H]3O)c2[nH]1,COC[C@H]1O[C@@H](n2cnc3c(=O)[nH]c(=O)[nH]c32)[C@H](O)[C@@]1(C)OC=O,3,0.5246,
O=c1[nH]c(=O)c2ncn([C@@H]3O[C@H](CO)[C@@H](O)[C@H]3O)c2[nH]1,CO[C@H]1[C@@H](OC(C)O)[C@]2(n3cnc4c(=O)[nH]c(=O)[nH]c43)OC[C@H]1O2,3,0.3151,
O=c1[nH]c(=O)c2ncn([C@@H]3O[C@H](CO)[C@@H](O)[C@H]3O)c2[nH]1,Cc1nc2c(=O)[nH]c(=O)[nH]c2n1[C@@H]1O[C@@H]2C(OC(C)O)O[C@@H]1[C@@H]2O,3,0.3235,
O=c1[nH]c(=O)c2ncn([C@@H]3O[C@H](CO)[C@@H](O)[C@H]3O)c2[nH]1,CC(O)O[C@@]1(C)[C@@H]2O[C@]1(n1cnc3c(=O)[nH]c(=O)[nH]c31)O[C@@H]2CO,3,0.4242,
O=c1[nH]c(=O)c2ncn([C@@H]3O[C@H](CO)[C@@H](O)[C@H]3O)c2[nH]1,O=c1[nH]c(=O)c2ncn([C@@H]3O[C@@H]4COCCC(O)O[C@@H]3[C@@H]4O)c2[nH]1,3,0.5167,
O=c1[nH]c(=O)c2ncn([C@@H]3O[C@H](CO)[C@@H](O)[C@H]3O)c2[nH]1,CC(OC=O)[C@H]1O[C@](C)(n2cnc3c(=O)[nH]c(=O)[nH]c32)[C@H](O)[C@@H]1O,3,0.3731,
O=c1[nH]c(=O)c2ncn([C@@H]3O[C@H](CO)[C@@H](O)[C@H]3O)c2[nH]1,O=c1[nH]c(=O)c2ncn([C@@H]3O[C@H](CO)[C@H]4OC(O)CCO[C@H]43)c2[nH]1,3,0.6429,
O=c1[nH]c(=O)c2ncn([C@@H]3O[C@H](CO)[C@@H](O)[C@H]3O)c2[nH]1,CC(=O)O[C@H]1[C@@H](O)[C@@](CO)(n2cnc3c(=O)[nH]c(=O)[nH]c32)O[C@@H]1C,3,0.3939,
O=c1[nH]c(=O)c2ncn([C@@H]3O[C@H](CO)[C@@H](O)[C@H]3O)c2[nH]1,CC(C)(O)[C@H]1O[C@@H](n2cnc3c(=O)[nH]c(=O)[nH]c32)[C@H](O)[C@@H]1OC=O,3,0.5333,
O=c1[nH]c(=O)c2ncn([C@@H]3O[C@H](CO)[C@@H](O)[C@H]3O)c2[nH]1,CC(O)O[C@@H]1[C@]2(CO)O[C@@H](n3cnc4c(=O)[nH]c(=O)[nH]c43)[C@@]1(C)O2,3,0.4308,
O=c1[nH]c(=O)c2ncn([C@@H]3O[C@H](CO)[C@@H](O)[C@H]3O)c2[nH]1,CC(C)(O)O[C@H]1[C@H]2OC(O)[C@H]1O[C@H]2n1cnc2c(=O)[nH]c(=O)[nH]c21,3,0.5,
O=c1[nH]c(=O)c2ncn([C@@H]3O[C@H](CO)[C@@H](O)[C@H]3O)c2[nH]1,CC(=O)OC[C@]1(n2cnc3c(=O)[nH]c(=O)[nH]c32)O[C@H](C)[C@@H](O)[C@H]1O,3,0.4,
O=c1[nH]c(=O)c2ncn([C@@H]3O[C@H](CO)[C@@H](O)[C@H]3O)c2[nH]1,CO[C@@H]1[C@@H](CO)O[C@@H](n2cnc3c(=O)[nH]c(=O)[nH]c32)[C@@]1(C)OC=O,3,0.5246,
O=c1[nH]c(=O)c2ncn([C@@H]3O[C@H](CO)[C@@H](O)[C@H]3O)c2[nH]1,CC(=O)OC[C@]1(C)O[C@@H](n2cnc3c(=O)[nH]c(=O)[nH]c32)[C@H](O)[C@@H]1O,2,0.5167,
O=c1[nH]c(=O)c2ncn([C@@H]3O[C@H](CO)[C@@H](O)[C@H]3O)c2[nH]1,CC1OC(O)CO[C@@H]2[C@H](O)[C@@H]1O[C@H]2n1cnc2c(=O)[nH]c(=O)[nH]c21,3,0.5254,
O=c1[nH]c(=O)c2ncn([C@@H]3O[C@H](CO)[C@@H](O)[C@H]3O)c2[nH]1,COC(C)O[C@@H]1[C@H](O)[C@H]2COc3nc4c(=O)[nH]c(=O)[nH]c4n3[C@@H]1O2,3,0.3286,
O=c1[nH]c(=O)c2ncn([C@@H]3O[C@H](CO)[C@@H](O)[C@H]3O)c2[nH]1,CC(O)O[C@H]1[C@H]2OC(O)[C@]1(C)O[C@H]2n1cnc2c(=O)[nH]c(=O)[nH]c21,3,0.4688,
O=c1[nH]c(=O)c2ncn([C@@H]3O[C@H](CO)[C@@H](O)[C@H]3O)c2[nH]1,COC[C@H]1O[C@@H]2[C@H](Oc3nc4c(=O)[nH]c(=O)[nH]c4n32)[C@@H]1OC(C)O,3,0.3286,
O=c1[nH]c(=O)c2ncn([C@@H]3O[C@H](CO)[C@@H](O)[C@H]3O)c2[nH]1,CC(O)OC(C)[C@H]1O[C@@H](n2cnc3c(=O)[nH]c(=O)[nH]c32)[C@]2(O)O[C@H]12,3,0.4286,
O=c1[nH]c(=O)c2ncn([C@@H]3O[C@H](CO)[C@@H](O)[C@H]3O)c2[nH]1,Cc1nc2c(=O)[nH]c(=O)[nH]c2n1[C@]12O[C@@H]1[C@H](O)[C@@H](COC(C)O)O2,3,0.3099,
O=c1[nH]c(=O)c2ncn([C@@H]3O[C@H](CO)[C@@H](O)[C@H]3O)c2[nH]1,Cc1nc2c(=O)[nH]c(=O)[nH]c2n1[C@@H]1O[C@H](CO)[C@H]2O[C@]21OC(C)O,3,0.3623,
O=c1[nH]c(=O)c2ncn([C@@H]3O[C@H](CO)[C@@H](O)[C@H]3O)c2[nH]1,CO[C@@H]1CO[C@](CO)(n2cnc3c(=O)[nH]c(=O)[nH]c32)[C@@H]1OC(C)=O,3,0.3824,
O=c1[nH]c(=O)c2ncn([C@@H]3O[C@H](CO)[C@@H](O)[C@H]3O)c2[nH]1,CC(O)OC[C@]12CO[C@@H]([C@H](n3cnc4c(=O)[nH]c(=O)[nH]c43)O1)[C@@H]2O,3,0.4615,
O=c1[nH]c(=O)c2ncn([C@@H]3O[C@H](CO)[C@@H](O)[C@H]3O)c2[nH]1,CC(=O)O[C@H]1[C@@H](O)[C@H](n2cnc3c(=O)[nH]c(=O)[nH]c32)O[C@@H]1C(C)O,2,0.5333,
O=c1[nH]c(=O)c2ncn([C@@H]3O[C@H](CO)[C@@H](O)[C@H]3O)c2[nH]1,CC(=O)OC[C@]1(n2cnc3c(=O)[nH]c(=O)[nH]c32)OC[C@](C)(O)[C@H]1O,3,0.3676,
O=c1[nH]c(=O)c2ncn([C@@H]3O[C@H](CO)[C@@H](O)[C@H]3O)c2[nH]1,C[C@]1(n2cnc3c(=O)[nH]c(=O)[nH]c32)O[C@@H]2COCC(O)O[C@H]2[C@H]1O,3,0.3788,
O=c1[nH]c(=O)c2ncn([C@@H]3O[C@H](CO)[C@@H](O)[C@H]3O)c2[nH]1,CO[C@@H]1[C@@H]2OC(O)COC[C@H]2O[C@H]1n1cnc2c(=O)[nH]c(=O)[nH]c21,3,0.4762,
O=c1[nH]c(=O)c2ncn([C@@H]3O[C@H](CO)[C@@H](O)[C@H]3O)c2[nH]1,C[C@]1(O)[C@H]2COCC(O)O[C@H]1[C@H](n1cnc3c(=O)[nH]c(=O)[nH]c31)O2,3,0.5,
O=c1[nH]c(=O)c2ncn([C@@H]3O[C@H](CO)[C@@H](O)[C@H]3O)c2[nH]1,CC(O)O[C@@H]1[C@@H]2O[C@]1(n1cnc3c(=O)[nH]c(=O)[nH]c31)O[C@@H]2C(C)O,3,0.3382,
O=c1[nH]c(=O)c2ncn([C@@H]3O[C@H](CO)[C@@H](O)[C@H]3O)c2[nH]1,CC(C)(O)O[C@H]1[C@H]2Oc3nc4c(=O)[nH]c(=O)[nH]c4n3[C@@H]2O[C@@H]1CO,3,0.4,
O=c1[nH]c(=O)c2ncn([C@@H]3O[C@H](CO)[C@@H](O)[C@H]3O)c2[nH]1,COC(C)OC[C@]12O[C@@H]([C@H](n3cnc4c(=O)[nH]c(=O)[nH]c43)O1)[C@@H]2O,3,0.4839,
O=c1[nH]c(=O)c2ncn([C@@H]3O[C@H](CO)[C@@H](O)[C@H]3O)c2[nH]1,CC(O)O[C@@]1(C)[C@H](O)[C@]2(CO2)O[C@H]1n1cnc2c(=O)[nH]c(=O)[nH]c21,3,0.4091,
O=c1[nH]c(=O)c2ncn([C@@H]3O[C@H](CO)[C@@H](O)[C@H]3O)c2[nH]1,C[C@@]1(CO)O[C@@H](n2cnc3c(=O)[nH]c(=O)[nH]c32)[C@H](O)[C@@]1(C)OC=O,3,0.5167,
O=c1[nH]c(=O)c2ncn([C@@H]3O[C@H](CO)[C@@H](O)[C@H]3O)c2[nH]1,CCOC[C@H]1O[C@@H](n2cnc3c(=O)[nH]c(=O)[nH]c32)[C@H](OC=O)[C@@H]1O,3,0.5574,
O=c1[nH]c(=O)c2ncn([C@@H]3O[C@H](CO)[C@@H](O)[C@H]3O)c2[nH]1,CC(=O)O[C@@H]1CO[C@](CO)(n2c(C)nc3c(=O)[nH]c(=O)[nH]c32)[C@@H]1O,3,0.3,
O=c1[nH]c(=O)c2ncn([C@@H]3O[C@H](CO)[C@@H](O)[C@H]3O)c2[nH]1,CC(O)O[C@@H]1[C@@H](C(C)O)O[C@@]2(n3cnc4c(=O)[nH]c(=O)[nH]c43)O[C@H]12,3,0.3382,
O=c1[nH]c(=O)c2ncn([C@@H]3O[C@H](CO)[C@@H](O)[C@H]3O)c2[nH]1,CC(O)OC1CO[C@@H]2[C@H](O)[C@@H]1O[C@H]2n1cnc2c(=O)[nH]c(=O)[nH]c21,3,0.4921,
O=c1[nH]c(=O)c2ncn([C@@H]3O[C@H](CO)[C@@H](O)[C@H]3O)c2[nH]1,CCC(O)O[C@H]1[C@@H](O)[C@]2(n3cnc4c(=O)[nH]c(=O)[nH]c43)OC[C@H]1O2,3,0.3521,
O=c1[nH]c(=O)c2ncn([C@@H]3O[C@H](CO)[C@@H](O)[C@H]3O)c2[nH]1,CC(O)O[C@@H]1[C@H]2COC[C@@]1(O)[C@H](n1cnc3c(=O)[nH]c(=O)[nH]c31)O2,3,0.403,
O=c1[nH]c(=O)c2ncn([C@@H]3O[C@H](CO)[C@@H](O)[C@H]3O)c2[nH]1,CC(O)O[C@@H]1[C@@H]2O[C@@H](n3cnc4c(=O)[nH]c(=O)[nH]c43)[C@@]1(C)OC2O,3,0.4308,
O=c1[nH]c(=O)c2ncn([C@@H]3O[C@H](CO)[C@@H](O)[C@H]3O)c2[nH]1,CC(O)O[C@H]1[C@H]2O[C@@]1(C(C)O)O[C@H]2n1cnc2c(=O)[nH]c(=O)[nH]c21,3,0.4444,
O=c1[nH]c(=O)c2ncn([C@@H]3O[C@H](CO)[C@@H](O)[C@H]3O)c2[nH]1,CO[C@H]1[C@@H](OC(C)=O)[C@H](n2cnc3c(=O)[nH]c(=O)[nH]c32)O[C@@H]1CO,2,0.614,
O=c1[nH]c(=O)c2ncn([C@@H]3O[C@H](CO)[C@@H](O)[C@H]3O)c2[nH]1,CC(C)(O)O[C@H]1[C@@H](O)[C@]2(n3cnc4c(=O)[nH]c(=O)[nH]c43)OC[C@H]1O2,3,0.3478,
O=c1[nH]c(=O)c2ncn([C@@H]3O[C@H](CO)[C@@H](O)[C@H]3O)c2[nH]1,CC[C@@]1(CO)O[C@@H](n2cnc3c(=O)[nH]c(=O)[nH]c32)[C@H](O)[C@@H]1OC=O,3,0.5079,
O=c1[nH]c(=O)c2ncn([C@@H]3O[C@H](CO)[C@@H](O)[C@H]3O)c2[nH]1,CCC(O)OC[C@]12O[C@@H](n3cnc4c(=O)[nH]c(=O)[nH]c43)[C@H](O)[C@@H]1O2,3,0.5,
O=c1[nH]c(=O)c2ncn([C@@H]3O[C@H](CO)[C@@H](O)[C@H]3O)c2[nH]1,Cc1nc2c(=O)[nH]c(=O)[nH]c2n1[C@@H]1O[C@@H]2COC(O)CO[C@H]2[C@H]1O,3,0.3385,
O=c1[nH]c(=O)c2ncn([C@@H]3O[C@H](CO)[C@@H](O)[C@H]3O)c2[nH]1,Cc1nc2c(=O)[nH]c(=O)[nH]c2n1[C@@H]1O[C@@H]2COCC(O)O[C@H]2[C@H]1O,3,0.3284,
O=c1[nH]c(=O)c2ncn([C@@H]3O[C@H](CO)[C@@H](O)[C@H]3O)c2[nH]1,CO[C@@H]1[C@H]2CO[C@@]1(OC(C)O)[C@H](n1cnc3c(=O)[nH]c(=O)[nH]c31)O2,3,0.3971,
O=c1[nH]c(=O)c2ncn([C@@H]3O[C@H](CO)[C@@H](O)[C@H]3O)c2[nH]1,CCC(=O)O[C@H]1[C@@H](O)[C@H](n2cnc3c(=O)[nH]c(=O)[nH]c32)O[C@@H]1CO,2,0.6909,
O=c1[nH]c(=O)c2ncn([C@@H]3O[C@H](CO)[C@@H](O)[C@H]3O)c2[nH]1,CC(O)O[C@@H]1[C@]2(CO2)O[C@@H](n2cnc3c(=O)[nH]c(=O)[nH]c32)[C@@]1(C)O,3,0.3939,
O=c1[nH]c(=O)c2ncn([C@@H]3O[C@H](CO)[C@@H](O)[C@H]3O)c2[nH]1,CC(O)O[C@@]1(C)[C@@H]2OC(O)[C@H]2O[C@H]1n1cnc2c(=O)[nH]c(=O)[nH]c21,3,0.4375,
O=c1[nH]c(=O)c2ncn([C@@H]3O[C@H](CO)[C@@H](O)[C@H]3O)c2[nH]1,CC(=O)O[C@@H]1CO[C@](C(C)O)(n2cnc3c(=O)[nH]c(=O)[nH]c32)[C@@H]1O,3,0.3529,
O=c1[nH]c(=O)c2ncn([C@@H]3O[C@H](CO)[C@@H](O)[C@H]3O)c2[nH]1,C[C@]1(n2cnc3c(=O)[nH]c(=O)[nH]c32)O[C@@](C)(COC=O)[C@@H](O)[C@H]1O,3,0.3846,
O=c1[nH]c(=O)c2ncn([C@@H]3O[C@H](CO)[C@@H](O)[C@H]3O)c2[nH]1,CC(O)OC[C@H]1O[C@H]2n3c(nc4c(=O)[nH]c(=O)[nH]c43)O[C@H]1[C@]2(C)O,3,0.3099,
O=c1[nH]c(=O)c2ncn([C@@H]3O[C@H](CO)[C@@H](O)[C@H]3O)c2[nH]1,Cc1nc2c(=O)[nH]c(=O)[nH]c2n1[C@@H]1O[C@H](CO)[C@](C)(OC=O)[C@H]1O,3,0.3939,
O=c1[nH]c(=O)c2ncn([C@@H]3O[C@H](CO)[C@@H](O)[C@H]3O)c2[nH]1,CC(O)OC1O[C@@]2(C)[C@@H]1O[C@@H](n1cnc3c(=O)[nH]c(=O)[nH]c31)[C@@H]2O,3,0.4918,
O=c1[nH]c(=O)c2ncn([C@@H]3O[C@H](CO)[C@@H](O)[C@H]3O)c2[nH]1,COC[C@H]1O[C@@H](n2cnc3c(=O)[nH]c(=O)[nH]c32)[C@@](C)(OC=O)[C@@H]1O,3,0.4839,
O=c1[nH]c(=O)c2ncn([C@@H]3O[C@H](CO)[C@@H](O)[C@H]3O)c2[nH]1,CC(OC=O)[C@]1(C)O[C@@H](n2cnc3c(=O)[nH]c(=O)[nH]c32)[C@H](O)[C@@H]1O,3,0.4918,
O=c1[nH]c(=O)c2ncn([C@@H]3O[C@H](CO)[C@@H](O)[C@H]3O)c2[nH]1,CC(OC=O)[C@H]1O[C@@H](n2cnc3c(=O)[nH]c(=O)[nH]c32)[C@H](O)[C@@]1(C)O,3,0.4762,
O=c1[nH]c(=O)c2ncn([C@@H]3O[C@H](CO)[C@@H](O)[C@H]3O)c2[nH]1,C[C@]1(OC=O)[C@H](O)[C@@H](CO)O[C@]1(C)n1cnc2c(=O)[nH]c(=O)[nH]c21,3,0.4677,
O=c1[nH]c(=O)c2ncn([C@@H]3O[C@H](CO)[C@@H](O)[C@H]3O)c2[nH]1,CC(O)OC[C@H]1O[C@@H](n2cnc3c(=O)[nH]c(=O)[nH]c32)[C@H](O)[C@]12CO2,3,0.4921,
O=c1[nH]c(=O)c2ncn([C@@H]3O[C@H](CO)[C@@H](O)[C@H]3O)c2[nH]1,CC1O[C@@H]2[C@H](O)[C@@H](COC1O)O[C@H]2n1cnc2c(=O)[nH]c(=O)[nH]c21,3,0.5167,
O=c1[nH]c(=O)c2ncn([C@@H]3O[C@H](CO)[C@@H](O)[C@H]3O)c2[nH]1,CC(=O)O[C@@]1(C)[C@@H](CO)O[C@@H](n2cnc3c(=O)[nH]c(=O)[nH]c32)[C@@H]1O,2,0.5862,
O=c1[nH]c(=O)c2ncn([C@@H]3O[C@H](CO)[C@@H](O)[C@H]3O)c2[nH]1,CCC(O)OC1O[C@@H]2[C@H](O)[C@@H]1O[C@H]2n1cnc2c(=O)[nH]c(=O)[nH]c21,3,0.5333,
O=c1[nH]c(=O)c2ncn([C@@H]3O[C@H](CO)[C@@H](O)[C@H]3O)c2[nH]1,CC(O)O[C@]12CO[C@H]1[C@H](n1cnc3c(=O)[nH]c(=O)[nH]c31)O[C@@H]2CO,3,0.4923,
O=c1[nH]c(=O)c2ncn([C@@H]3O[C@H](CO)[C@@H](O)[C@H]3O)c2[nH]1,Cc1nc2c(=O)[nH]c(=O)[nH]c2n1[C@@H]1O[C@H](CO)[C@@H](O)[C@]1(C)OC=O,3,0.4154,
O=c1[nH]c(=O)c2ncn([C@@H]3O[C@H](CO)[C@@H](O)[C@H]3O)c2[nH]1,CO[C@@]1(C)[C@H](OC=O)[C@@H](CO)O[C@H]1n1cnc2c(=O)[nH]c(=O)[nH]c21,3,0.5161,
O=c1[nH]c(=O)c2ncn([C@@H]3O[C@H](CO)[C@@H](O)[C@H]3O)c2[nH]1,CC[C@]1(OC=O)[C@@H](CO)O[C@@H](n2cnc3c(=O)[nH]c(=O)[nH]c32)[C@@H]1O,3,0.55,
O=c1[nH]c(=O)c2ncn([C@@H]3O[C@H](CO)[C@@H](O)[C@H]3O)c2[nH]1,CC(O)O[C@@H]1[C@@H](CO)O[C@H]2n3c(nc4c(=O)[nH]c(=O)[nH]c43)O[C@@]12C,3,0.3623,
O=c1[nH]c(=O)c2ncn([C@@H]3O[C@H](CO)[C@@H](O)[C@H]3O)c2[nH]1,COC[C@H]1O[C@@H](n2cnc3c(=O)[nH]c(=O)[nH]c32)[C@H](OC(C)=O)[C@@H]1O,2,0.5763,
O=c1[nH]c(=O)c2ncn([C@@H]3O[C@H](CO)[C@@H](O)[C@H]3O)c2[nH]1,Cc1nc2c(=O)[nH]c(=O)[nH]c2n1[C@@H]1O[C@]2(COC(C)O)O[C@H]2[C@H]1O,3,0.3188,
O=c1[nH]c(=O)c2ncn([C@@H]3O[C@H](CO)[C@@H](O)[C@H]3O)c2[nH]1,CC(=O)OC[C@]1(n2c(C)nc3c(=O)[nH]c(=O)[nH]c32)OC[C@@H](O)[C@H]1O,3,0.2857,
O=c1[nH]c(=O)c2ncn([C@@H]3O[C@H](CO)[C@@H](O)[C@H]3O)c2[nH]1,CC(=O)O[C@H]1[C@@H](O)[C@H](n2c(C)nc3c(=O)[nH]c(=O)[nH]c32)O[C@@H]1CO,2,0.4444,
O=c1[nH]c(=O)c2ncn([C@@H]3O[C@H](CO)[C@@H](O)[C@H]3O)c2[nH]1,CCO[C@H]1[C@@H](OC=O)[C@H](n2cnc3c(=O)[nH]c(=O)[nH]c32)O[C@@H]1CO,3,0.5932,
O=c1[nH]c(=O)c2ncn([C@@H]3O[C@H](CO)[C@@H](O)[C@H]3O)c2[nH]1,Cc1nc2c(=O)[nH]c(=O)[nH]c2n1[C@@H]1O[C@@H]2COC(O)CO[C@@H]1[C@@H]2O,3,0.3333,
O=c1[nH]c(=O)c2ncn([C@@H]3O[C@H](CO)[C@@H](O)[C@H]3O)c2[nH]1,C[C@]12COC(O)CO[C@H]1[C@@H](O)[C@H](n1cnc3c(=O)[nH]c(=O)[nH]c31)O2,3,0.4918,
O=c1[nH]c(=O)c2ncn([C@@H]3O[C@H](CO)[C@@H](O)[C@H]3O)c2[nH]1,C[C@]1(O)[C@@H]2OCC(O)OC[C@H]2O[C@H]1n1cnc2c(=O)[nH]c(=O)[nH]c21,3,0.4444,
O=c1[nH]c(=O)c2ncn([C@@H]3O[C@H](CO)[C@@H](O)[C@H]3O)c2[nH]1,C[C@]1(n2cnc3c(=O)[nH]c(=O)[nH]c32)O[C@@H]2COC(O)CO[C@@H]1[C@@H]2O,3,0.3788,
O=c1[nH]c(=O)c2ncn([C@@H]3O[C@H](CO)[C@@H](O)[C@H]3O)c2[nH]1,COC1CO[C@@H]2[C@H](O1)[C@@H](CO)O[C@H]2n1cnc2c(=O)[nH]c(=O)[nH]c21,3,0.5932,
O=c1[nH]c(=O)c2ncn([C@@H]3O[C@H](CO)[C@@H](O)[C@H]3O)c2[nH]1,CC(O)OC1CO[C@H]2[C@@H](O)[C@H](n3cnc4c(=O)[nH]c(=O)[nH]c43)O[C@H]12,3,0.5161,
O=c1[nH]c(=O)c2ncn([C@@H]3O[C@H](CO)[C@@H](O)[C@H]3O)c2[nH]1,C[C@]1(OC=O)[C@@H](CO)O[C@@H](n2cnc3c(=O)[nH]c(=O)[nH]c32)[C@@]1(C)O,3,0.4918,
O=c1[nH]c(=O)c2ncn([C@@H]3O[C@H](CO)[C@@H](O)[C@H]3O)c2[nH]1,CC(O)O[C@H]1[C@@H](O)[C@]2(n3cnc4c(=O)[nH]c(=O)[nH]c43)OC[C@]1(C)O2,3,0.3429,
O=c1[nH]c(=O)c2ncn([C@@H]3O[C@H](CO)[C@@H](O)[C@H]3O)c2[nH]1,C[C@]1(O)[C@@H]2OC(O)COC[C@H]2O[C@H]1n1cnc2c(=O)[nH]c(=O)[nH]c21,3,0.4444,
O=c1[nH]c(=O)c2ncn([C@@H]3O[C@H](CO)[C@@H](O)[C@H]3O)c2[nH]1,CC(=O)O[C@@H]1[C@@H](CO)O[C@@H](n2cnc3c(=O)[nH]c(=O)[nH]c32)[C@@]1(C)O,2,0.5333,
O=c1[nH]c(=O)c2ncn([C@@H]3O[C@H](CO)[C@@H](O)[C@H]3O)c2[nH]1,COC(C)OC[C@]12O[C@@H](n3cnc4c(=O)[nH]c(=O)[nH]c43)[C@H](O)[C@@H]1O2,3,0.5082,
O=c1[nH]c(=O)c2ncn([C@@H]3O[C@H](CO)[C@@H](O)[C@H]3O)c2[nH]1,CO[C@H]1[C@H]2OC(OC(C)O)[C@H]1O[C@H]2n1cnc2c(=O)[nH]c(=O)[nH]c21,3,0.4603,
O=c1[nH]c(=O)c2ncn([C@@H]3O[C@H](CO)[C@@H](O)[C@H]3O)c2[nH]1,CO[C@H]1[C@H](n2cnc3c(=O)[nH]c(=O)[nH]c32)O[C@H](CO)[C@]1(C)OC=O,3,0.5161,
O=c1[nH]c(=O)c2ncn([C@@H]3O[C@H](CO)[C@@H](O)[C@H]3O)c2[nH]1,CC(O)O[C@H]1[C@@H](O)[C@H](n2cnc3c(=O)[nH]c(=O)[nH]c32)OC12COC2,3,0.4762,
O=c1[nH]c(=O)c2ncn([C@@H]3O[C@H](CO)[C@@H](O)[C@H]3O)c2[nH]1,CO[C@@H]1[C@H](OC(C)O)[C@H]2COc3nc4c(=O)[nH]c(=O)[nH]c4n3[C@@H]1O2,3,0.2958,
O=c1[nH]c(=O)c2ncn([C@@H]3O[C@H](CO)[C@@H](O)[C@H]3O)c2[nH]1,CC(O)OC1O[C@H]2[C@@H](O)[C@H](n3cnc4c(=O)[nH]c(=O)[nH]c43)O[C@@]12C,3,0.4921,
O=c1[nH]c(=O)c2ncn([C@@H]3O[C@H](CO)[C@@H](O)[C@H]3O)c2[nH]1,CC(O)O[C@H]1[C@H]2OCC(O)[C@H]1O[C@H]2n1cnc2c(=O)[nH]c(=O)[nH]c21,3,0.4688,
O=c1[nH]c(=O)c2ncn([C@@H]3O[C@H](CO)[C@@H](O)[C@H]3O)c2[nH]1,COC[C@H]1O[C@@H](n2cnc3c(=O)[nH]c(=O)[nH]c32)[C@]2(OC(C)O)O[C@H]12,3,0.4394,
O=c1[nH]c(=O)c2ncn([C@@H]3O[C@H](CO)[C@@H](O)[C@H]3O)c2[nH]1,CC(O)O[C@H]1[C@H](n2cnc3c(=O)[nH]c(=O)[nH]c32)O[C@@]2(C)CO[C@@]12O,3,0.4179,
O=c1[nH]c(=O)c2ncn([C@@H]3O[C@H](CO)[C@@H](O)[C@H]3O)c2[nH]1,Cc1nc2c(=O)[nH]c(=O)[nH]c2n1[C@]12O[C@@H]([C@H]1O)[C@@H](COC(C)O)O2,3,0.2958,
O=c1[nH]c(=O)c2ncn([C@@H]3O[C@H](CO)[C@@H](O)[C@H]3O)c2[nH]1,CC(=O)OC[C@]1(n2cnc3c(=O)[nH]c(=O)[nH]c32)OC[C@@H](O)[C@]1(C)O,3,0.3881,
O=c1[nH]c(=O)c2ncn([C@@H]3O[C@H](CO)[C@@H](O)[C@H]3O)c2[nH]1,COC(C)O[C@H]1[C@@H](O)[C@H](n2cnc3c(=O)[nH]c(=O)[nH]c32)O[C@@]12CO2,3,0.4615,
O=c1[nH]c(=O)c2ncn([C@@H]3O[C@H](CO)[C@@H](O)[C@H]3O)c2[nH]1,COC(C)O[C@H]1[C@H](n2cnc3c(=O)[nH]c(=O)[nH]c32)O[C@]2(CO)O[C@@H]12,3,0.4688,
O=c1[nH]c(=O)c2ncn([C@@H]3O[C@H](CO)[C@@H](O)[C@H]3O)c2[nH]1,CC(O)OC[C@H]1O[C@@]2(n3cnc4c(=O)[nH]c(=O)[nH]c43)CO[C@@H]2[C@@H]1O,3,0.3857,
O=c1[nH]c(=O)c2ncn([C@@H]3O[C@H](CO)[C@@H](O)[C@H]3O)c2[nH]1,C[C@@]1(CO)O[C@@H](n2cnc3c(=O)[nH]c(=O)[nH]c32)[C@@H]2OC(O)CO[C@@H]21,3,0.5161,
O=c1[nH]c(=O)c2ncn([C@@H]3O[C@H](CO)[C@@H](O)[C@H]3O)c2[nH]1,Cc1nc2c(=O)[nH]c(=O)[nH]c2n1[C@@H]1O[C@H](CO)[C@@H](OC=O)[C@]1(C)O,3,0.3676,
O=c1[nH]c(=O)c2ncn([C@@H]3O[C@H](CO)[C@@H](O)[C@H]3O)c2[nH]1,CC(=O)OC(C)[C@]1(n2cnc3c(=O)[nH]c(=O)[nH]c32)OC[C@@H](O)[C@H]1O,3,0.3582,
O=c1[nH]c(=O)c2ncn([C@@H]3O[C@H](CO)[C@@H](O)[C@H]3O)c2[nH]1,CC(O)O[C@@]12CO[C@@H]1[C@@H](CO)O[C@H]2n1cnc2c(=O)[nH]c(=O)[nH]c21,3,0.5,
O=c1[nH]c(=O)c2ncn([C@@H]3O[C@H](CO)[C@@H](O)[C@H]3O)c2[nH]1,COC(C)O[C@H]1[C@H](n2cnc3c(=O)[nH]c(=O)[nH]c32)O[C@@]2(CO2)[C@H]1O,3,0.4462,
O=c1[nH]c(=O)c2ncn([C@@H]3O[C@H](CO)[C@@H](O)[C@H]3O)c2[nH]1,C[C@]1(n2cnc3c(=O)[nH]c(=O)[nH]c32)O[C@@H]2COC(O)CO[C@H]2[C@H]1O,3,0.3636,
O=c1[nH]c(=O)c2ncn([C@@H]3O[C@H](CO)[C@@H](O)[C@H]3O)c2[nH]1,CC(O)OC[C@H]1O[C@](C)(n2cnc3c(=O)[nH]c(=O)[nH]c32)[C@]2(O)O[C@H]12,3,0.3623,
O=c1[nH]c(=O)c2ncn([C@@H]3O[C@H](CO)[C@@H](O)[C@H]3O)c2[nH]1,CO[C@H]1[C@H](n2cnc3c(=O)[nH]c(=O)[nH]c32)O[C@@](C)(COC=O)[C@H]1O,3,0.4688,
O=c1[nH]c(=O)c2ncn([C@@H]3O[C@H](CO)[C@@H](O)[C@H]3O)c2[nH]1,CCC(O)O[C@H]1[C@@H](O)[C@H](n2cnc3c(=O)[nH]c(=O)[nH]c32)O[C@@]12CO2,3,0.4769,
O=c1[nH]c(=O)c2ncn([C@@H]3O[C@H](CO)[C@@H](O)[C@H]3O)c2[nH]1,CC(O)OC[C@H]1O[C@H]2n3c(nc4c(=O)[nH]c(=O)[nH]c43)O[C@@]2(C)[C@@H]1O,3,0.3286,
O=c1[nH]c(=O)c2ncn([C@@H]3O[C@H](CO)[C@@H](O)[C@H]3O)c2[nH]1,CC[C@]1(O)[C@@H](COC=O)O[C@@H](n2cnc3c(=O)[nH]c(=O)[nH]c32)[C@@H]1O,3,0.4921,
O=c1[nH]c(=O)c2ncn([C@@H]3O[C@H](CO)[C@@H](O)[C@H]3O)c2[nH]1,CC(O)OC[C@H]1O[C@@H]2[C@H](OCc3nc4c(=O)[nH]c(=O)[nH]c4n32)[C@@H]1O,3,0.3571,
O=c1[nH]c(=O)c2ncn([C@@H]3O[C@H](CO)[C@@H](O)[C@H]3O)c2[nH]1,CC(O)O[C@@H]1[C@H](O)[C@H]2COCc3nc4c(=O)[nH]c(=O)[nH]c4n3[C@@H]1O2,3,0.3143,
O=c1[nH]c(=O)c2ncn([C@@H]3O[C@H](CO)[C@@H](O)[C@H]3O)c2[nH]1,CO[C@H]1[C@@H](OC=O)[C@@](C)(n2cnc3c(=O)[nH]c(=O)[nH]c32)O[C@@H]1CO,3,0.4179,
O=c1[nH]c(=O)c2ncn([C@@H]3O[C@H](CO)[C@@H](O)[C@H]3O)c2[nH]1,CC(C)(O)O[C@H]1[C@H](n2cnc3c(=O)[nH]c(=O)[nH]c32)O[C@]2(CO)O[C@@H]12,3,0.4839,
O=c1[nH]c(=O)c2ncn([C@@H]3O[C@H](CO)[C@@H](O)[C@H]3O)c2[nH]1,CC(=O)O[C@@]1(C)CO[C@](CO)(n2cnc3c(=O)[nH]c(=O)[nH]c32)[C@@H]1O,3,0.3881,
O=c1[nH]c(=O)c2ncn([C@@H]3O[C@H](CO)[C@@H](O)[C@H]3O)c2[nH]1,CC(O)[C@H]1O[C@@H](n2cnc3c(=O)[nH]c(=O)[nH]c32)[C@H](O)[C@@]1(C)OC=O,3,0.5082,
O=c1[nH]c(=O)c2ncn([C@@H]3O[C@H](CO)[C@@H](O)[C@H]3O)c2[nH]1,CCC(O)O[C@]12O[C@H]1[C@H](n1cnc3c(=O)[nH]c(=O)[nH]c31)O[C@@H]2CO,3,0.5,
O=c1[nH]c(=O)c2ncn([C@@H]3O[C@H](CO)[C@@H](O)[C@H]3O)c2[nH]1,CC(O)O[C@H]1[C@@]2(O)OC[C@]1(C)O[C@H]2n1cnc2c(=O)[nH]c(=O)[nH]c21,3,0.3881,
O=c1[nH]c(=O)c2ncn([C@@H]3O[C@H](CO)[C@@H](O)[C@H]3O)c2[nH]1,CC(O)[C@H]1O[C@@H](n2cnc3c(=O)[nH]c(=O)[nH]c32)[C@@H]2OC(O)CO[C@@H]21,3,0.4839,
O=c1[nH]c(=O)c2ncn([C@@H]3O[C@H](CO)[C@@H](O)[C@H]3O)c2[nH]1,CCC(O)O[C@H]1[C@H]2O[C@@]1(CO)O[C@H]2n1cnc2c(=O)[nH]c(=O)[nH]c21,3,0.4688,
O=c1[nH]c(=O)c2ncn([C@@H]3O[C@H](CO)[C@@H](O)[C@H]3O)c2[nH]1,COC(C)[C@H]1O[C@@H](n2cnc3c(=O)[nH]c(=O)[nH]c32)[C@H](O)[C@@H]1OC=O,3,0.5161,
O=c1[nH]c(=O)c2ncn([C@@H]3O[C@H](CO)[C@@H](O)[C@H]3O)c2[nH]1,CC(O)OC[C@@]12O[C@H]1[C@@H](O)[C@@](C)(n1cnc3c(=O)[nH]c(=O)[nH]c31)O2,3,0.3623,
O=c1[nH]c(=O)c2ncn([C@@H]3O[C@H](CO)[C@@H](O)[C@H]3O)c2[nH]1,CC(C)(O)O[C@@H]1[C@H](O)[C@H]2CO[C@]1(n1cnc3c(=O)[nH]c(=O)[nH]c31)O2,3,0.3623,
O=c1[nH]c(=O)c2ncn([C@@H]3O[C@H](CO)[C@@H](O)[C@H]3O)c2[nH]1,CC(O)OC(C)[C@H]1O[C@@H](n2cnc3c(=O)[nH]c(=O)[nH]c32)[C@@H]2O[C@]12O,3,0.4531,
O=c1[nH]c(=O)c2ncn([C@@H]3O[C@H](CO)[C@@H](O)[C@H]3O)c2[nH]1,Cc1nc2c(=O)[nH]c(=O)[nH]c2n1[C@@H]1O[C@@](C)(COC=O)[C@@H](O)[C@H]1O,3,0.3188,
O=c1[nH]c(=O)c2ncn([C@@H]3O[C@H](CO)[C@@H](O)[C@H]3O)c2[nH]1,CC(O)O[C@@H]1[C@@H]2OC(O)[C@H]2O[C@]1(C)n1cnc2c(=O)[nH]c(=O)[nH]c21,3,0.3731,
O=c1[nH]c(=O)c2ncn([C@@H]3O[C@H](CO)[C@@H](O)[C@H]3O)c2[nH]1,C[C@]1(n2cnc3c(=O)[nH]c(=O)[nH]c32)O[C@H](CO)[C@H]2OC(O)CO[C@H]21,3,0.4615,
O=c1[nH]c(=O)c2ncn([C@@H]3O[C@H](CO)[C@@H](O)[C@H]3O)c2[nH]1,Cc1nc2c(=O)[nH]c(=O)[nH]c2n1[C@@H]1O[C@@]2(CO2)[C@@H](OC(C)O)[C@H]1O,3,0.2917,
O=c1[nH]c(=O)c2ncn([C@@H]3O[C@H](CO)[C@@H](O)[C@H]3O)c2[nH]1,CC(O)O[C@H]1[C@H](n2cnc3c(=O)[nH]c(=O)[nH]c32)O[C@@H]2C(O)O[C@@]21C,3,0.4688,
O=c1[nH]c(=O)c2ncn([C@@H]3O[C@H](CO)[C@@H](O)[C@H]3O)c2[nH]1,CC(C)(O)O[C@H]1[C@@H](O)[C@H]2O[C@@H]1COc1nc3c(=O)[nH]c(=O)[nH]c3n12,3,0.3382,
O=c1[nH]c(=O)c2ncn([C@@H]3O[C@H](CO)[C@@H](O)[C@H]3O)c2[nH]1,CC(O)O[C@@]1(C)[C@@H](CO)O[C@@H]2[C@@H]1Oc1nc3c(=O)[nH]c(=O)[nH]c3n12,3,0.3286,
O=c1[nH]c(=O)c2ncn([C@@H]3O[C@H](CO)[C@@H](O)[C@H]3O)c2[nH]1,CC(O)O[C@H]1[C@H](n2cnc3c(=O)[nH]c(=O)[nH]c32)O[C@H](CO)[C@@]12CO2,3,0.5,
O=c1[nH]c(=O)c2ncn([C@@H]3O[C@H](CO)[C@@H](O)[C@H]3O)c2[nH]1,CCC(O)O[C@@H]1[C@H](O)[C@H]2CO[C@]1(n1cnc3c(=O)[nH]c(=O)[nH]c31)O2,3,0.3662,
O=c1[nH]c(=O)c2ncn([C@@H]3O[C@H](CO)[C@@H](O)[C@H]3O)c2[nH]1,C[C@@]12COCC(O)O[C@@H]([C@H](n3cnc4c(=O)[nH]c(=O)[nH]c43)O1)[C@@H]2O,3,0.4839,
O=c1[nH]c(=O)c2ncn([C@@H]3O[C@H](CO)[C@@H](O)[C@H]3O)c2[nH]1,CC(O)O[C@@]1(C)[C@H]2COc3nc4c(=O)[nH]c(=O)[nH]c4n3[C@H](O2)[C@@H]1O,3,0.3143,
O=c1[nH]c(=O)c2ncn([C@@H]3O[C@H](CO)[C@@H](O)[C@H]3O)c2[nH]1,CC(O)OC[C@H]1O[C@@H](n2cnc3c(=O)[nH]c(=O)[nH]c32)[C@@H]2OCO[C@@H]21,3,0.5161,
O=c1[nH]c(=O)c2ncn([C@@H]3O[C@H](CO)[C@@H](O)[C@H]3O)c2[nH]1,CC(O)O[C@@H]1[C@H](O)[C@]2(CO2)O[C@]1(C)n1cnc2c(=O)[nH]c(=O)[nH]c21,3,0.3478,
O=c1[nH]c(=O)c2ncn([C@@H]3O[C@H](CO)[C@@H](O)[C@H]3O)c2[nH]1,CO[C@H]1[C@H](n2cnc3c(=O)[nH]c(=O)[nH]c32)O[C@H](COC=O)[C@]1(C)O,3,0.4615,
O=c1[nH]c(=O)c2ncn([C@@H]3O[C@H](CO)[C@@H](O)[C@H]3O)c2[nH]1,CC(C)(O)OC[C@H]1O[C@@]2(n3cnc4c(=O)[nH]c(=O)[nH]c43)O[C@H]1[C@H]2O,3,0.3939,
O=c1[nH]c(=O)c2ncn([C@@H]3O[C@H](CO)[C@@H](O)[C@H]3O)c2[nH]1,CO[C@@H]1[C@H](OC(C)=O)CO[C@]1(CO)n1cnc2c(=O)[nH]c(=O)[nH]c21,3,0.3623,
O=c1[nH]c(=O)c2ncn([C@@H]3O[C@H](CO)[C@@H](O)[C@H]3O)c2[nH]1,CC(O)OC[C@H]1O[C@@]2(n3cnc4c(=O)[nH]c(=O)[nH]c43)O[C@@H]2[C@@]1(C)O,3,0.3429,
O=c1[nH]c(=O)c2ncn([C@@H]3O[C@H](CO)[C@@H](O)[C@H]3O)c2[nH]1,COC[C@H]1O[C@@]2(n3cnc4c(=O)[nH]c(=O)[nH]c43)O[C@@H]2[C@@H]1OC(C)O,3,0.3571,
O=c1[nH]c(=O)c2ncn([C@@H]3O[C@H](CO)[C@@H](O)[C@H]3O)c2[nH]1,CC(O)OC1O[C@H]2[C@H](n3cnc4c(=O)[nH]c(=O)[nH]c43)O[C@]1(C)[C@H]2O,3,0.4762,
O=c1[nH]c(=O)c2ncn([C@@H]3O[C@H](CO)[C@@H](O)[C@H]3O)c2[nH]1,C[C@]1(O)[C@H](OC=O)[C@@H](CO)O[C@]1(C)n1cnc2c(=O)[nH]c(=O)[nH]c21,3,0.4308,
O=c1[nH]c(=O)c2ncn([C@@H]3O[C@H](CO)[C@@H](O)[C@H]3O)c2[nH]1,CC(O)O[C@]1(C)[C@@H](O)[C@H](n2cnc3c(=O)[nH]c(=O)[nH]c32)O[C@@]12CO2,3,0.4762,
O=c1[nH]c(=O)c2ncn([C@@H]3O[C@H](CO)[C@@H](O)[C@H]3O)c2[nH]1,CCC(O)O[C@H]1[C@H](n2cnc3c(=O)[nH]c(=O)[nH]c32)O[C@@H]2CO[C@]21O,3,0.4478,
O=c1[nH]c(=O)c2ncn([C@@H]3O[C@H](CO)[C@@H](O)[C@H]3O)c2[nH]1,Cc1nc2c(=O)[nH]c(=O)[nH]c2n1[C@@H]1O[C@H](CO)[C@H]2OCC(O)O[C@H]21,3,0.4219,
O=c1[nH]c(=O)c2ncn([C@@H]3O[C@H](CO)[C@@H](O)[C@H]3O)c2[nH]1,C[C@]12OC(O)CO[C@@H]1[C@@H](CO)O[C@H]2n1cnc2c(=O)[nH]c(=O)[nH]c21,3,0.541,
O=c1[nH]c(=O)c2ncn([C@@H]3O[C@H](CO)[C@@H](O)[C@H]3O)c2[nH]1,COC1COC[C@H]2O[C@@H](n3cnc4c(=O)[nH]c(=O)[nH]c43)[C@H](O1)[C@@H]2O,3,0.5,
O=c1[nH]c(=O)c2ncn([C@@H]3O[C@H](CO)[C@@H](O)[C@H]3O)c2[nH]1,CC(=O)OC[C@H]1O[C@@H](n2cnc3c(=O)[nH]c(=O)[nH]c32)[C@@](C)(O)[C@@H]1O,2,0.4918,
O=c1[nH]c(=O)c2ncn([C@@H]3O[C@H](CO)[C@@H](O)[C@H]3O)c2[nH]1,CO[C@@H]1[C@H](OC=O)[C@@H](C(C)O)O[C@H]1n1cnc2c(=O)[nH]c(=O)[nH]c21,3,0.4531,
O=c1[nH]c(=O)c2ncn([C@@H]3O[C@H](CO)[C@@H](O)[C@H]3O)c2[nH]1,CC(O)O[C@H]1[C@H]2OC[C@@]1(CO)O[C@H]2n1cnc2c(=O)[nH]c(=O)[nH]c21,3,0.4545,
O=c1[nH]c(=O)c2ncn([C@@H]3O[C@H](CO)[C@@H](O)[C@H]3O)c2[nH]1,CO[C@H]1[C@H](n2cnc3c(=O)[nH]c(=O)[nH]c32)O[C@@H]2CO[C@]21OC(C)O,3,0.4328,
O=c1[nH]c(=O)c2ncn([C@@H]3O[C@H](CO)[C@@H](O)[C@H]3O)c2[nH]1,CO[C@@H]1[C@H](OC(C)O)[C@H]2CO[C@]1(n1cnc3c(=O)[nH]c(=O)[nH]c31)O2,3,0.3194,
O=c1[nH]c(=O)c2ncn([C@@H]3O[C@H](CO)[C@@H](O)[C@H]3O)c2[nH]1,CC(=O)O[C@H]1[C@@H](O)[C@H](n2cnc3c(=O)[nH]c(=O)[nH]c32)O[C@@]1(C)CO,2,0.5246,
O=c1[nH]c(=O)c2ncn([C@@H]3O[C@H](CO)[C@@H](O)[C@H]3O)c2[nH]1,CCC(O)OC[C@H]1O[C@@H]2[C@H](O)[C@@H]1Oc1nc3c(=O)[nH]c(=O)[nH]c3n12,3,0.3676,
O=c1[nH]c(=O)c2ncn([C@@H]3O[C@H](CO)[C@@H](O)[C@H]3O)c2[nH]1,Cc1nc2c(=O)[nH]c(=O)[nH]c2n1[C@@H]1O[C@H](COC(C)O)[C@H]2O[C@]21O,3,0.3056,
O=c1[nH]c(=O)c2ncn([C@@H]3O[C@H](CO)[C@@H](O)[C@H]3O)c2[nH]1,CC(C)(O)O[C@H]1[C@H]2O[C@]2(n2cnc3c(=O)[nH]c(=O)[nH]c32)O[C@@H]1CO,3,0.4308,
O=c1[nH]c(=O)c2ncn([C@@H]3O[C@H](CO)[C@@H](O)[C@H]3O)c2[nH]1,COC[C@H]1O[C@@H](n2cnc3c(=O)[nH]c(=O)[nH]c32)[C@H](O)[C@@H]1OC(C)=O,2,0.6034,
O=c1[nH]c(=O)c2ncn([C@@H]3O[C@H](CO)[C@@H](O)[C@H]3O)c2[nH]1,CC(O)O[C@@H]1[C@H]2COc3nc4c(=O)[nH]c(=O)[nH]c4n3[C@H](O2)[C@@]1(C)O,3,0.2917,
O=c1[nH]c(=O)c2ncn([C@@H]3O[C@H](CO)[C@@H](O)[C@H]3O)c2[nH]1,Cc1nc2c(=O)[nH]c(=O)[nH]c2n1[C@@H]1O[C@@H]2C(O)O[C@H]2[C@H]1OC(C)O,3,0.3043,
O=c1[nH]c(=O)c2ncn([C@@H]3O[C@H](CO)[C@@H](O)[C@H]3O)c2[nH]1,CC(C)(O)O[C@@H]1[C@@H]2Oc3nc4c(=O)[nH]c(=O)[nH]c4n3[C@@H]1O[C@@H]2CO,3,0.4,
O=c1[nH]c(=O)c2ncn([C@@H]3O[C@H](CO)[C@@H](O)[C@H]3O)c2[nH]1,CC[C@]1(O)[C@H](O)[C@@H](COC=O)O[C@H]1n1cnc2c(=O)[nH]c(=O)[nH]c21,3,0.4839,
O=c1[nH]c(=O)c2ncn([C@@H]3O[C@H](CO)[C@@H](O)[C@H]3O)c2[nH]1,CC(O)O[C@H]1[C@H]2O[C@]2(n2cnc3c(=O)[nH]c(=O)[nH]c32)O[C@@]1(C)CO,3,0.3571,
O=c1[nH]c(=O)c2ncn([C@@H]3O[C@H](CO)[C@@H](O)[C@H]3O)c2[nH]1,CC(O)O[C@H]1[C@@H](O)[C@H]2O[C@@H]1C(C)Oc1nc3c(=O)[nH]c(=O)[nH]c3n12,3,0.3188,
O=c1[nH]c(=O)c2ncn([C@@H]3O[C@H](CO)[C@@H](O)[C@H]3O)c2[nH]1,CC(O)O[C@H]1[C@@H](O)[C@H](n2cnc3c(=O)[nH]c(=O)[nH]c32)O[C@@H]1C1CO1,3,0.5161,
O=c1[nH]c(=O)c2ncn([C@@H]3O[C@H](CO)[C@@H](O)[C@H]3O)c2[nH]1,COC(C)[C@H]1O[C@@H](n2cnc3c(=O)[nH]c(=O)[nH]c32)[C@H](OC=O)[C@@H]1O,3,0.4921,
O=c1[nH]c(=O)c2ncn([C@@H]3O[C@H](CO)[C@@H](O)[C@H]3O)c2[nH]1,CC(C)(O)OC1O[C@H]2[C@@H](O)[C@H](n3cnc4c(=O)[nH]c(=O)[nH]c43)O[C@H]12,3,0.5517,
O=c1[nH]c(=O)c2ncn([C@@H]3O[C@H](CO)[C@@H](O)[C@H]3O)c2[nH]1,CO[C@@]1(C)[C@@H](COC=O)O[C@@H](n2cnc3c(=O)[nH]c(=O)[nH]c32)[C@@H]1O,3,0.5161,
O=c1[nH]c(=O)c2ncn([C@@H]3O[C@H](CO)[C@@H](O)[C@H]3O)c2[nH]1,CO[C@H]1[C@@H](OC=O)[C@H](n2c(C)nc3c(=O)[nH]c(=O)[nH]c32)O[C@@H]1CO,3,0.3939,
O=c1[nH]c(=O)c2ncn([C@@H]3O[C@H](CO)[C@@H](O)[C@H]3O)c2[nH]1,CC(C)(O)O[C@]12OC[C@@H](O[C@H]1n1cnc3c(=O)[nH]c(=O)[nH]c31)[C@H]2O,3,0.4375,
O=c1[nH]c(=O)c2ncn([C@@H]3O[C@H](CO)[C@@H](O)[C@H]3O)c2[nH]1,CC(O)O[C@H]1[C@H]2OC(C)(O)[C@H]1O[C@H]2n1cnc2c(=O)[nH]c(=O)[nH]c21,3,0.4462,
O=c1[nH]c(=O)c2ncn([C@@H]3O[C@H](CO)[C@@H](O)[C@H]3O)c2[nH]1,CC(O)O[C@@H]1[C@H](O)[C@@H](C2CO2)O[C@H]1n1cnc2c(=O)[nH]c(=O)[nH]c21,3,0.4921,
O=c1[nH]c(=O)c2ncn([C@@H]3O[C@H](CO)[C@@H](O)[C@H]3O)c2[nH]1,COC(C)OC1O[C@@H]2[C@H](O)[C@@H]1O[C@H]2n1cnc2c(=O)[nH]c(=O)[nH]c21,3,0.5082,
O=c1[nH]c(=O)c2ncn([C@@H]3O[C@H](CO)[C@@H](O)[C@H]3O)c2[nH]1,COC(C)O[C@H]1[C@H]2O[C@]2(n2cnc3c(=O)[nH]c(=O)[nH]c32)O[C@@H]1CO,3,0.4179,
O=c1[nH]c(=O)c2ncn([C@@H]3O[C@H](CO)[C@@H](O)[C@H]3O)c2[nH]1,CO[C@@H]1[C@@H]2OC(OC(C)O)[C@H]2O[C@H]1n1cnc2c(=O)[nH]c(=O)[nH]c21,3,0.4603,
O=c1[nH]c(=O)c2ncn([C@@H]3O[C@H](CO)[C@@H](O)[C@H]3O)c2[nH]1,CC(C)(O)OC1O[C@@H]2[C@H](O)[C@@H]1O[C@H]2n1cnc2c(=O)[nH]c(=O)[nH]c21,3,0.5254,
O=c1[nH]c(=O)c2ncn([C@@H]3O[C@H](CO)[C@@H](O)[C@H]3O)c2[nH]1,CC(C)(O)O[C@H]1[C@H](n2cnc3c(=O)[nH]c(=O)[nH]c32)O[C@@H]2CO[C@]21O,3,0.4462,
O=c1[nH]c(=O)c2ncn([C@@H]3O[C@H](CO)[C@@H](O)[C@H]3O)c2[nH]1,CC[C@]1(OC=O)[C@H](O)[C@@H](CO)O[C@H]1n1cnc2c(=O)[nH]c(=O)[nH]c21,3,0.5593,
O=c1[nH]c(=O)c2ncn([C@@H]3O[C@H](CO)[C@@H](O)[C@H]3O)c2[nH]1,CC(O)O[C@H]1[C@H]2O[C@H](COc3nc4c(=O)[nH]c(=O)[nH]c4n32)[C@]1(C)O,3,0.2778,
O=c1[nH]c(=O)c2ncn([C@@H]3O[C@H](CO)[C@@H](O)[C@H]3O)c2[nH]1,CC(C)(O)O[C@H]1[C@H]2O[C@@]1(CO)O[C@H]2n1cnc2c(=O)[nH]c(=O)[nH]c21,3,0.4839,
O=c1[nH]c(=O)c2ncn([C@@H]3O[C@H](CO)[C@@H](O)[C@H]3O)c2[nH]1,CCO[C@@H]1[C@H](O)[C@@H](COC=O)O[C@H]1n1cnc2c(=O)[nH]c(=O)[nH]c21,3,0.5574,
O=c1[nH]c(=O)c2ncn([C@@H]3O[C@H](CO)[C@@H](O)[C@H]3O)c2[nH]1,CC(=O)O[C@@H]1[C@H](O)[C@@H](CO)O[C@]1(C)n1cnc2c(=O)[nH]c(=O)[nH]c21,2,0.4839,
O=c1[nH]c(=O)c2ncn([C@@H]3O[C@H](CO)[C@@H](O)[C@H]3O)c2[nH]1,CCC(O)O[C@H]1[C@H]2OC(O)[C@H]1O[C@H]2n1cnc2c(=O)[nH]c(=O)[nH]c21,3,0.5,
O=c1[nH]c(=O)c2ncn([C@@H]3O[C@H](CO)[C@@H](O)[C@H]3O)c2[nH]1,CC(O)O[C@H]1[C@H]2O[C@@]1(CO)O[C@]2(C)n1cnc2c(=O)[nH]c(=O)[nH]c21,3,0.3571,
O=c1[nH]c(=O)c2ncn([C@@H]3O[C@H](CO)[C@@H](O)[C@H]3O)c2[nH]1,CC(O)O[C@@H]1[C@@H]2OC(C)(O)[C@H]2O[C@H]1n1cnc2c(=O)[nH]c(=O)[nH]c21,3,0.4462,
O=c1[nH]c(=O)c2ncn([C@@H]3O[C@H](CO)[C@@H](O)[C@H]3O)c2[nH]1,Cc1nc2c(=O)[nH]c(=O)[nH]c2n1[C@]12O[C@@H]1[C@H](OC(C)O)[C@@H](CO)O2,3,0.3286,
O=c1[nH]c(=O)c2ncn([C@@H]3O[C@H](CO)[C@@H](O)[C@H]3O)c2[nH]1,CC(=O)OC[C@H]1O[C@@H](n2cnc3c(=O)[nH]c(=O)[nH]c32)[C@H](O)[C@@]1(C)O,2,0.5082,
O=c1[nH]c(=O)c2ncn([C@@H]3O[C@H](CO)[C@@H](O)[C@H]3O)c2[nH]1,CC[C@]1(O)[C@H](OC=O)[C@@H](CO)O[C@H]1n1cnc2c(=O)[nH]c(=O)[nH]c21,3,0.5246,
O=c1[nH]c(=O)c2ncn([C@@H]3O[C@H](CO)[C@@H](O)[C@H]3O)c2[nH]1,COC1CO[C@@H]2[C@H](O)[C@@H](CO1)O[C@H]2n1cnc2c(=O)[nH]c(=O)[nH]c21,3,0.5,
O=c1[nH]c(=O)c2ncn([C@@H]3O[C@H](CO)[C@@H](O)[C@H]3O)c2[nH]1,Cc1nc2c(=O)[nH]c(=O)[nH]c2n1[C@@H]1O[C@@](C)(CO)[C@@H](O)[C@H]1OC=O,3,0.3143,
O=c1[nH]c(=O)c2ncn([C@@H]3O[C@H](CO)[C@@H](O)[C@H]3O)c2[nH]1,Cc1nc2c(=O)[nH]c(=O)[nH]c2n1[C@@H]1O[C@H](CO)[C@H]2OC(O)CO[C@H]21,3,0.4219,
O=c1[nH]c(=O)c2ncn([C@@H]3O[C@H](CO)[C@@H](O)[C@H]3O)c2[nH]1,CC(O)O[C@@H]1[C@@H]2OCc3nc4c(=O)[nH]c(=O)[nH]c4n3[C@@H]1O[C@@H]2CO,3,0.3768,
O=c1[nH]c(=O)c2ncn([C@@H]3O[C@H](CO)[C@@H](O)[C@H]3O)c2[nH]1,Cc1nc2c(=O)[nH]c(=O)[nH]c2n1[C@@H]1O[C@@H]2C(O)O[C@@H]1[C@@H]2OC(C)O,3,0.3043,
O=c1[nH]c(=O)c2ncn([C@@H]3O[C@H](CO)[C@@H](O)[C@H]3O)c2[nH]1,CC1OC(O)CO[C@H]2[C@@H](O)[C@H](n3cnc4c(=O)[nH]c(=O)[nH]c43)O[C@H]12,3,0.5517,
O=c1[nH]c(=O)c2ncn([C@@H]3O[C@H](CO)[C@@H](O)[C@H]3O)c2[nH]1,CC(O)O[C@H]1[C@H]2O[C@@](C)(COc3nc4c(=O)[nH]c(=O)[nH]c4n32)[C@H]1O,3,0.2778,
O=c1[nH]c(=O)c2ncn([C@@H]3O[C@H](CO)[C@@H](O)[C@H]3O)c2[nH]1,CC(O)O[C@@H]1[C@@H]2O[C@@H](n3cnc4c(=O)[nH]c(=O)[nH]c43)[C@]1(O)OC2C,3,0.4308,
O=c1[nH]c(=O)c2ncn([C@@H]3O[C@H](CO)[C@@H](O)[C@H]3O)c2[nH]1,CC(C)(O)OC[C@]12O[C@@H](n3cnc4c(=O)[nH]c(=O)[nH]c43)[C@H](O)[C@@H]1O2,3,0.5167,
O=c1[nH]c(=O)c2ncn([C@@H]3O[C@H](CO)[C@@H](O)[C@H]3O)c2[nH]1,CC(=O)O[C@@H]1[C@H](O)[C@@H](C(C)O)O[C@H]1n1cnc2c(=O)[nH]c(=O)[nH]c21,2,0.5082,
O=c1[nH]c(=O)c2ncn([C@@H]3O[C@H](CO)[C@@H](O)[C@H]3O)c2[nH]1,COC(C)O[C@@H]1[C@@H]2OC(O)[C@H]2O[C@H]1n1cnc2c(=O)[nH]c(=O)[nH]c21,3,0.4839,
O=c1[nH]c(=O)c2ncn([C@@H]3O[C@H](CO)[C@@H](O)[C@H]3O)c2[nH]1,CC(O)O[C@H]1[C@H](n2cnc3c(=O)[nH]c(=O)[nH]c32)OC2(COC2)[C@H]1O,3,0.4603,
O=c1[nH]c(=O)c2ncn([C@@H]3O[C@H](CO)[C@@H](O)[C@H]3O)c2[nH]1,COC[C@H]1O[C@](C)(n2cnc3c(=O)[nH]c(=O)[nH]c32)[C@H](OC=O)[C@@H]1O,3,0.4179,
O=c1[nH]c(=O)c2ncn([C@@H]3O[C@H](CO)[C@@H](O)[C@H]3O)c2[nH]1,CC(O)OC[C@H]1O[C@@]2(C)[C@H](O)[C@@H]1Oc1nc3c(=O)[nH]c(=O)[nH]c3n12,3,0.2958,
O=c1[nH]c(=O)c2ncn([C@@H]3O[C@H](CO)[C@@H](O)[C@H]3O)c2[nH]1,CCOC[C@H]1O[C@@H](n2cnc3c(=O)[nH]c(=O)[nH]c32)[C@H](O)[C@@H]1OC=O,3,0.5833,
O=c1[nH]c(=O)c2ncn([C@@H]3O[C@H](CO)[C@@H](O)[C@H]3O)c2[nH]1,CC(O)OC1O[C@@H]2[C@H](O)[C@@H]1O[C@]2(C)n1cnc2c(=O)[nH]c(=O)[nH]c21,3,0.3881,
O=c1[nH]c(=O)c2ncn([C@@H]3O[C@H](CO)[C@@H](O)[C@H]3O)c2[nH]1,CCC(O)OC[C@H]1O[C@@]2(n3cnc4c(=O)[nH]c(=O)[nH]c43)O[C@@H]2[C@@H]1O,3,0.3971,
O=c1[nH]c(=O)c2ncn([C@@H]3O[C@H](CO)[C@@H](O)[C@H]3O)c2[nH]1,Cc1nc2c(=O)[nH]c(=O)[nH]c2n1[C@@H]1O[C@@H]2CO[C@]1(OC(C)O)[C@@H]2O,3,0.2917,
O=c1[nH]c(=O)c2ncn([C@@H]3O[C@H](CO)[C@@H](O)[C@H]3O)c2[nH]1,CC(O)O[C@H]1[C@H]2Oc3nc4c(=O)[nH]c(=O)[nH]c4n3[C@@H]2O[C@@H]1C(C)O,3,0.2941,
O=c1[nH]c(=O)c2ncn([C@@H]3O[C@H](CO)[C@@H](O)[C@H]3O)c2[nH]1,CC(O)O[C@@H]1[C@@H]2O[C@@]2(CO)O[C@]1(C)n1cnc2c(=O)[nH]c(=O)[nH]c21,3,0.3571,
O=c1[nH]c(=O)c2ncn([C@@H]3O[C@H](CO)[C@@H](O)[C@H]3O)c2[nH]1,CC1O[C@H]2[C@@H](OC1O)[C@H](n1cnc3c(=O)[nH]c(=O)[nH]c31)O[C@@H]2CO,3,0.6667,
O=c1[nH]c(=O)c2ncn([C@@H]3O[C@H](CO)[C@@H](O)[C@H]3O)c2[nH]1,C[C@]1(n2cnc3c(=O)[nH]c(=O)[nH]c32)O[C@@](C)(CO)[C@@H](OC=O)[C@H]1O,3,0.3939,
O=c1[nH]c(=O)c2ncn([C@@H]3O[C@H](CO)[C@@H](O)[C@H]3O)c2[nH]1,CC(O)O[C@@H]1[C@H](O)[C@@H]2O[C@@]1(n1cnc3c(=O)[nH]c(=O)[nH]c31)OC2C,3,0.3676,
O=c1[nH]c(=O)c2ncn([C@@H]3O[C@H](CO)[C@@H](O)[C@H]3O)c2[nH]1,COC(C)O[C@@H]1[C@H]2CO[C@@]1(O)[C@H](n1cnc3c(=O)[nH]c(=O)[nH]c31)O2,3,0.3971,
O=c1[nH]c(=O)c2ncn([C@@H]3O[C@H](CO)[C@@H](O)[C@H]3O)c2[nH]1,CC(O)O[C@H]1[C@H]2OC[C@]2(n2cnc3c(=O)[nH]c(=O)[nH]c32)O[C@@H]1CO,3,0.4058,
O=c1[nH]c(=O)c2ncn([C@@H]3O[C@H](CO)[C@@H](O)[C@H]3O)c2[nH]1,Cc1nc2c(=O)[nH]c(=O)[nH]c2n1[C@@H]1O[C@H](C(C)OC=O)[C@@H](O)[C@H]1O,3,0.3433,
O=c1[nH]c(=O)c2ncn([C@@H]3O[C@H](CO)[C@@H](O)[C@H]3O)c2[nH]1,CC[C@@]1(CO)O[C@@H](n2cnc3c(=O)[nH]c(=O)[nH]c32)[C@H](OC=O)[C@@H]1O,3,0.4921,
O=c1[nH]c(=O)c2ncn([C@@H]3O[C@H](CO)[C@@H](O)[C@H]3O)c2[nH]1,COC(C)O[C@H]1[C@H]2O[C@@]1(CO)O[C@H]2n1cnc2c(=O)[nH]c(=O)[nH]c21,3,0.4688,
O=c1[nH]c(=O)c2ncn([C@@H]3O[C@H](CO)[C@@H](O)[C@H]3O)c2[nH]1,CC(O)O[C@@H]1[C@@H](CO)O[C@@]2(n3cnc4c(=O)[nH]c(=O)[nH]c43)O[C@@]12C,3,0.4179,
O=c1[nH]c(=O)c2ncn([C@@H]3O[C@H](CO)[C@@H](O)[C@H]3O)c2[nH]1,C[C@@]1(CO)O[C@@H](n2cnc3c(=O)[nH]c(=O)[nH]c32)[C@H](OC=O)[C@@]1(C)O,3,0.4762,
O=c1[nH]c(=O)c2ncn([C@@H]3O[C@H](CO)[C@@H](O)[C@H]3O)c2[nH]1,CCC(O)O[C@H]1[C@H]2Oc3nc4c(=O)[nH]c(=O)[nH]c4n3[C@@H]2O[C@@H]1CO,3,0.3881,
O=c1[nH]c(=O)c2ncn([C@@H]3O[C@H](CO)[C@@H](O)[C@H]3O)c2[nH]1,CCC(O)OC1O[C@H]2[C@@H](O)[C@H](n3cnc4c(=O)[nH]c(=O)[nH]c43)O[C@H]12,3,0.5593,
O=c1[nH]c(=O)c2ncn([C@@H]3O[C@H](CO)[C@@H](O)[C@H]3O)c2[nH]1,CC(O)OC[C@]1(C)O[C@@H]2[C@H](Oc3nc4c(=O)[nH]c(=O)[nH]c4n32)[C@@H]1O,3,0.2958,
O=c1[nH]c(=O)c2ncn([C@@H]3O[C@H](CO)[C@@H](O)[C@H]3O)c2[nH]1,CCC1(O)OC[C@H]2O[C@@H](n3cnc4c(=O)[nH]c(=O)[nH]c43)[C@H](O)[C@@H]2O1,3,0.5323,
O=c1[nH]c(=O)c2ncn([C@@H]3O[C@H](CO)[C@@H](O)[C@H]3O)c2[nH]1,C[C@]1(O)[C@H](O)[C@@H](COC=O)O[C@]1(C)n1cnc2c(=O)[nH]c(=O)[nH]c21,3,0.3939,
O=c1[nH]c(=O)c2ncn([C@@H]3O[C@H](CO)[C@@H](O)[C@H]3O)c2[nH]1,C[C@@]12OC(O)CO[C@H]1[C@H](n1cnc3c(=O)[nH]c(=O)[nH]c31)O[C@@H]2CO,3,0.5323,
O=c1[nH]c(=O)c2ncn([C@@H]3O[C@H](CO)[C@@H](O)[C@H]3O)c2[nH]1,CC(=O)O[C@@H]1[C@H](O)CO[C@]1(CO)n1c(C)nc2c(=O)[nH]c(=O)[nH]c21,3,0.2958,
O=c1[nH]c(=O)c2ncn([C@@H]3O[C@H](CO)[C@@H](O)[C@H]3O)c2[nH]1,CC1O[C@@H]2[C@H](OC1O)[C@@H](CO)O[C@H]2n1cnc2c(=O)[nH]c(=O)[nH]c21,3,0.6667,
O=c1[nH]c(=O)c2ncn([C@@H]3O[C@H](CO)[C@@H](O)[C@H]3O)c2[nH]1,CC(O)O[C@@]12OC[C@]1(C)O[C@@H](n1cnc3c(=O)[nH]c(=O)[nH]c31)[C@@H]2O,3,0.4688,
O=c1[nH]c(=O)c2ncn([C@@H]3O[C@H](CO)[C@@H](O)[C@H]3O)c2[nH]1,CC(O)OC[C@@]12O[C@H]([C@@H]1O)[C@@](C)(n1cnc3c(=O)[nH]c(=O)[nH]c31)O2,3,0.3623,
O=c1[nH]c(=O)c2ncn([C@@H]3O[C@H](CO)[C@@H](O)[C@H]3O)c2[nH]1,CC1OC[C@H]2O[C@@H](n3cnc4c(=O)[nH]c(=O)[nH]c43)[C@H](O)[C@@H]2OC1O,3,0.5424,
O=c1[nH]c(=O)c2ncn([C@@H]3O[C@H](CO)[C@@H](O)[C@H]3O)c2[nH]1,CC1OC[C@H]2O[C@@H](n3cnc4c(=O)[nH]c(=O)[nH]c43)[C@H](OC1O)[C@@H]2O,3,0.5167,
O=c1[nH]c(=O)c2ncn([C@@H]3O[C@H](CO)[C@@H](O)[C@H]3O)c2[nH]1,CC(O)OC[C@]1(C)O[C@@H](n2cnc3c(=O)[nH]c(=O)[nH]c32)[C@]2(O)O[C@@H]21,3,0.4091,
O=c1[nH]c(=O)c2ncn([C@@H]3O[C@H](CO)[C@@H](O)[C@H]3O)c2[nH]1,CC(O)O[C@@H]1[C@@H]2OC[C@]1(n1cnc3c(=O)[nH]c(=O)[nH]c31)O[C@@H]2CO,3,0.4058,
O=c1[nH]c(=O)c2ncn([C@@H]3O[C@H](CO)[C@@H](O)[C@H]3O)c2[nH]1,CCC(O)OC[C@H]1O[C@@H](n2cnc3c(=O)[nH]c(=O)[nH]c32)[C@@H]2O[C@]12O,3,0.4545,
O=c1[nH]c(=O)c2ncn([C@@H]3O[C@H](CO)[C@@H](O)[C@H]3O)c2[nH]1,CC(O)O[C@H]1[C@H](n2cnc3c(=O)[nH]c(=O)[nH]c32)O[C@]2(CO)CO[C@@H]12,3,0.4545,
O=c1[nH]c(=O)c2ncn([C@@H]3O[C@H](CO)[C@@H](O)[C@H]3O)c2[nH]1,O=c1[nH]c(=O)c2ncn([C@@H]3O[C@@H]4COCCC(O)O[C@H]4[C@H]3O)c2[nH]1,3,0.5424,
O=c1[nH]c(=O)c2ncn([C@@H]3O[C@H](CO)[C@@H](O)[C@H]3O)c2[nH]1,Cc1nc2c(=O)[nH]c(=O)[nH]c2n1[C@@H]1O[C@H](C(C)O)[C@@H](OC=O)[C@H]1O,3,0.3143,
O=c1[nH]c(=O)c2ncn([C@@H]3O[C@H](CO)[C@@H](O)[C@H]3O)c2[nH]1,CC(=O)O[C@H]1[C@H](n2cnc3c(=O)[nH]c(=O)[nH]c32)O[C@@](C)(CO)[C@H]1O,2,0.5082,
O=c1[nH]c(=O)c2ncn([C@@H]3O[C@H](CO)[C@@H](O)[C@H]3O)c2[nH]1,CC[C@]1(O)[C@@H](CO)O[C@@H](n2cnc3c(=O)[nH]c(=O)[nH]c32)[C@@H]1OC=O,3,0.5079,
O=c1[nH]c(=O)c2ncn([C@@H]3O[C@H](CO)[C@@H](O)[C@H]3O)c2[nH]1,CC(=O)O[C@@H]1[C@H](O)[C@@H](C)O[C@]1(CO)n1cnc2c(=O)[nH]c(=O)[nH]c21,3,0.4091,
O=c1[nH]c(=O)c2ncn([C@@H]3O[C@H](CO)[C@@H](O)[C@H]3O)c2[nH]1,C[C@]12OCC(O)O[C@@H]1[C@@H](CO)O[C@H]2n1cnc2c(=O)[nH]c(=O)[nH]c21,3,0.5593,
O=c1[nH]c(=O)c2ncn([C@@H]3O[C@H](CO)[C@@H](O)[C@H]3O)c2[nH]1,CC[C@]1(n2cnc3c(=O)[nH]c(=O)[nH]c32)O[C@H](CO)[C@@H](OC=O)[C@H]1O,3,0.4531,
O=c1[nH]c(=O)c2ncn([C@@H]3O[C@H](CO)[C@@H](O)[C@H]3O)c2[nH]1,CC(O)O[C@]1(C)[C@H]2O[C@]2(n2cnc3c(=O)[nH]c(=O)[nH]c32)O[C@@H]1CO,3,0.3824,
O=c1[nH]c(=O)c2ncn([C@@H]3O[C@H](CO)[C@@H](O)[C@H]3O)c2[nH]1,CCC(=O)O[C@@H]1CO[C@](CO)(n2cnc3c(=O)[nH]c(=O)[nH]c32)[C@@H]1O,3,0.3881,
O=c1[nH]c(=O)c2ncn([C@@H]3O[C@H](CO)[C@@H](O)[C@H]3O)c2[nH]1,CCC(O)O[C@@H]1[C@H]2CO[C@@]1(O)[C@H](n1cnc3c(=O)[nH]c(=O)[nH]c31)O2,3,0.4118,
O=c1[nH]c(=O)c2ncn([C@@H]3O[C@H](CO)[C@@H](O)[C@H]3O)c2[nH]1,COC[C@H]1O[C@@]2(n3cnc4c(=O)[nH]c(=O)[nH]c43)O[C@H]1[C@H]2OC(C)O,3,0.3623,
O=c1[nH]c(=O)c2ncn([C@@H]3O[C@H](CO)[C@@H](O)[C@H]3O)c2[nH]1,COC(C)O[C@@H]1[C@H](O)[C@H]2CO[C@]1(n1cnc3c(=O)[nH]c(=O)[nH]c31)O2,3,0.3521,
O=c1[nH]c(=O)c2ncn([C@@H]3O[C@H](CO)[C@@H](O)[C@H]3O)c2[nH]1,CCC(O)O[C@H]1[C@@H](O)[C@H]2O[C@@H]1COc1nc3c(=O)[nH]c(=O)[nH]c3n12,3,0.3429,
O=c1[nH]c(=O)c2ncn([C@@H]3O[C@H](CO)[C@@H](O)[C@H]3O)c2[nH]1,CC(=O)O[C@@H]1[C@H](O)[C@@H](CO)O[C@H]1n1c(C)nc2c(=O)[nH]c(=O)[nH]c21,2,0.4677,
O=c1[nH]c(=O)c2ncn([C@@H]3O[C@H](CO)[C@@H](O)[C@H]3O)c2[nH]1,CO[C@@H]1[C@H](O)[C@@H](COC=O)O[C@H]1n1c(C)nc2c(=O)[nH]c(=O)[nH]c21,3,0.3676,
O=c1[nH]c(=O)c2ncn([C@@H]3O[C@H](CO)[C@@H](O)[C@H]3O)c2[nH]1,CC(=O)O[C@@H]1C(C)O[C@](CO)(n2cnc3c(=O)[nH]c(=O)[nH]c32)[C@@H]1O,3,0.3939,
O=c1[nH]c(=O)c2ncn([C@@H]3O[C@H](CO)[C@@H](O)[C@H]3O)c2[nH]1,CC(=O)OC[C@]1(n2cnc3c(=O)[nH]c(=O)[nH]c32)OC(C)[C@@H](O)[C@H]1O,3,0.4,
O=c1[nH]c(=O)c2ncn([C@@H]3O[C@H](CO)[C@@H](O)[C@H]3O)c2[nH]1,CC(O)O[C@]12O[C@]1(C)[C@H](n1cnc3c(=O)[nH]c(=O)[nH]c31)O[C@@H]2CO,3,0.4921,
O=c1[nH]c(=O)c2ncn([C@@H]3O[C@H](CO)[C@@H](O)[C@H]3O)c2[nH]1,C[C@]1(n2cnc3c(=O)[nH]c(=O)[nH]c32)O[C@H](CO)[C@H]2OCC(O)O[C@H]21,3,0.4688,
O=c1[nH]c(=O)c2ncn([C@@H]3O[C@H](CO)[C@@H](O)[C@H]3O)c2[nH]1,CCC(O)O[C@H]1[C@H]2O[C@]2(n2cnc3c(=O)[nH]c(=O)[nH]c32)O[C@@H]1CO,3,0.4179,
O=c1[nH]c(=O)c2ncn([C@@H]3O[C@H](CO)[C@@H](O)[C@H]3O)c2[nH]1,Cc1nc2c(=O)[nH]c(=O)[nH]c2n1[C@@H]1O[C@]2(CO)O[C@@H]1[C@@H]2OC(C)O,3,0.2958,
O=c1[nH]c(=O)c2ncn([C@@H]3O[C@H](CO)[C@@H](O)[C@H]3O)c2[nH]1,CO[C@@H]1[C@@H]2O[C@]1(n1cnc3c(=O)[nH]c(=O)[nH]c31)O[C@@H]2COC(C)O,3,0.3623,
O=c1[nH]c(=O)c2ncn([C@@H]3O[C@H](CO)[C@@H](O)[C@H]3O)c2[nH]1,CC(C)(O)[C@H]1O[C@@H](n2cnc3c(=O)[nH]c(=O)[nH]c32)[C@H](OC=O)[C@@H]1O,3,0.5082,
O=c1[nH]c(=O)c2ncn([C@@H]3O[C@H](CO)[C@@H](O)[C@H]3O)c2[nH]1,CC(O)OC(C)[C@]12O[C@@H](n3cnc4c(=O)[nH]c(=O)[nH]c43)[C@H](O)[C@@H]1O2,3,0.4839,
O=c1[nH]c(=O)c2ncn([C@@H]3O[C@H](CO)[C@@H](O)[C@H]3O)c2[nH]1,COC[C@H]1O[C@@H](n2cnc3c(=O)[nH]c(=O)[nH]c32)[C@@H]2OC(O)CO[C@@H]21,3,0.541,
O=c1[nH]c(=O)c2ncn([C@@H]3O[C@H](CO)[C@@H](O)[C@H]3O)c2[nH]1,CO[C@H]1[C@H]2O[C@]2(n2cnc3c(=O)[nH]c(=O)[nH]c32)O[C@@H]1COC(C)O,3,0.3571,
O=c1[nH]c(=O)c2ncn([C@@H]3O[C@H](CO)[C@@H](O)[C@H]3O)c2[nH]1,C[C@]1(n2cnc3c(=O)[nH]c(=O)[nH]c32)O[C@@](C)(CO)[C@@H](O)[C@H]1OC=O,3,0.3939,
O=c1[nH]c(=O)c2ncn([C@@H]3O[C@H](CO)[C@@H](O)[C@H]3O)c2[nH]1,CO[C@H]1[C@@H](O)[C@H](n2cnc3c(=O)[nH]c(=O)[nH]c32)O[C@@H]1C(C)OC=O,3,0.5161,
O=c1[nH]c(=O)c2ncn([C@@H]3O[C@H](CO)[C@@H](O)[C@H]3O)c2[nH]1,COC(C)O[C@]12OC[C@@H](O[C@H]1n1cnc3c(=O)[nH]c(=O)[nH]c31)[C@H]2O,3,0.4242,
O=c1[nH]c(=O)c2ncn([C@@H]3O[C@H](CO)[C@@H](O)[C@H]3O)c2[nH]1,CC(O)OC[C@@]12O[C@H]1[C@](C)(O)[C@H](n1cnc3c(=O)[nH]c(=O)[nH]c31)O2,3,0.4091,
O=c1[nH]c(=O)c2ncn([C@@H]3O[C@H](CO)[C@@H](O)[C@H]3O)c2[nH]1,CC(O)OC[C@H]1O[C@@H]2[C@H](O)[C@@]1(C)Oc1nc3c(=O)[nH]c(=O)[nH]c3n12,3,0.3143,
O=c1[nH]c(=O)c2ncn([C@@H]3O[C@H](CO)[C@@H](O)[C@H]3O)c2[nH]1,COC(C)O[C@@]12O[C@@H]1[C@@H](CO)O[C@H]2n1cnc2c(=O)[nH]c(=O)[nH]c21,3,0.5079,
O=c1[nH]c(=O)c2ncn([C@@H]3O[C@H](CO)[C@@H](O)[C@H]3O)c2[nH]1,CO[C@H]1[C@H](n2cnc3c(=O)[nH]c(=O)[nH]c32)O[C@@](C)(CO)[C@H]1OC=O,3,0.4615,
O=c1[nH]c(=O)c2ncn([C@@H]3O[C@H](CO)[C@@H](O)[C@H]3O)c2[nH]1,CO[C@H]1[C@H]2O[C@@]1(COC(C)O)O[C@H]2n1cnc2c(=O)[nH]c(=O)[nH]c21,3,0.4688,
O=c1[nH]c(=O)c2ncn([C@@H]3O[C@H](CO)[C@@H](O)[C@H]3O)c2[nH]1,CC(O)OC(C)[C@H]1O[C@@H]2[C@H](Oc3nc4c(=O)[nH]c(=O)[nH]c4n32)[C@@H]1O,3,0.3284,
O=c1[nH]c(=O)c2ncn([C@@H]3O[C@H](CO)[C@@H](O)[C@H]3O)c2[nH]1,C[C@@]1(O)[C@H](n2cnc3c(=O)[nH]c(=O)[nH]c32)O[C@@](C)(CO)[C@H]1OC=O,3,0.4444,
O=c1[nH]c(=O)c2ncn([C@@H]3O[C@H](CO)[C@@H](O)[C@H]3O)c2[nH]1,Cc1nc2c(=O)[nH]c(=O)[nH]c2n1[C@@H]1O[C@@H]2CO[C@]1(O)[C@@H]2OC(C)O,3,0.2703,
O=c1[nH]c(=O)c2ncn([C@@H]3O[C@H](CO)[C@@H](O)[C@H]3O)c2[nH]1,CC(O)O[C@]12COC[C@@H](O[C@H]1n1cnc3c(=O)[nH]c(=O)[nH]c31)[C@H]2O,3,0.4242,
O=c1[nH]c(=O)c2ncn([C@@H]3O[C@H](CO)[C@@H](O)[C@H]3O)c2[nH]1,CCC(O)OC[C@H]1O[C@@H](n2cnc3c(=O)[nH]c(=O)[nH]c32)[C@]2(O)O[C@H]12,3,0.4394,
O=c1[nH]c(=O)c2ncn([C@@H]3O[C@H](CO)[C@@H](O)[C@H]3O)c2[nH]1,CC(O)O[C@@]12O[C@@H]1[C@@H](C(=O)O)O[C@H]2n1cnc2c(=O)[nH]c(=O)[nH]c21,3,0.4091,
O=c1[nH]c(=O)c2ncn([C@@H]3O[C@H](CO)[C@@H](O)[C@H]3O)c2[nH]1,Cc1nc2c(=O)[nH]c(=O)[nH]c2n1[C@@H]1O[C@H](C(=O)OC=O)[C@@H](O)[C@H]1O,3,0.3538,
O=c1[nH]c(=O)c2ncn([C@@H]3O[C@H](CO)[C@@H](O)[C@H]3O)c2[nH]1,O=C1OCC(O)O[C@@H]2[C@H](O)[C@@H]1O[C@H]2n1cnc2c(=O)[nH]c(=O)[nH]c21,3,0.5345,
O=c1[nH]c(=O)c2ncn([C@@H]3O[C@H](CO)[C@@H](O)[C@H]3O)c2[nH]1,C[C@]1(O)[C@@H](C(=O)OC=O)O[C@@H](n2cnc3c(=O)[nH]c(=O)[nH]c32)[C@@H]1O,3,0.4918,
O=c1[nH]c(=O)c2ncn([C@@H]3O[C@H](CO)[C@@H](O)[C@H]3O)c2[nH]1,CC(=O)O[C@@H]1[C@H](O)CO[C@]1(C(=O)O)n1cnc2c(=O)[nH]c(=O)[nH]c21,3,0.3582,
O=c1[nH]c(=O)c2ncn([C@@H]3O[C@H](CO)[C@@H](O)[C@H]3O)c2[nH]1,O=C(O)[C@H]1O[C@@H](n2cnc3c(=O)[nH]c(=O)[nH]c32)[C@@H]2OCC(O)O[C@@H]21,3,0.5,
O=c1[nH]c(=O)c2ncn([C@@H]3O[C@H](CO)[C@@H](O)[C@H]3O)c2[nH]1,CC(=O)OC1O[C@]2(n3cnc4c(=O)[nH]c(=O)[nH]c43)O[C@H]1[C@@H](O)[C@H]2O,3,0.3846,
O=c1[nH]c(=O)c2ncn([C@@H]3O[C@H](CO)[C@@H](O)[C@H]3O)c2[nH]1,C[C@H]1O[C@@H](n2cnc3c(=O)[nH]c(=O)[nH]c32)[C@H](O)[C@@H]1OC(=O)C(=O)O,3,0.5517,
O=c1[nH]c(=O)c2ncn([C@@H]3O[C@H](CO)[C@@H](O)[C@H]3O)c2[nH]1,C[C@H]1O[C@@H](n2cnc3c(=O)[nH]c(=O)[nH]c32)[C@H](OC(=O)C(=O)O)[C@@H]1O,3,0.5254,
O=c1[nH]c(=O)c2ncn([C@@H]3O[C@H](CO)[C@@H](O)[C@H]3O)c2[nH]1,C[C@]1(O)[C@@H](C(=O)O)O[C@@H](n2cnc3c(=O)[nH]c(=O)[nH]c32)[C@@H]1OC=O,3,0.4531,
O=c1[nH]c(=O)c2ncn([C@@H]3O[C@H](CO)[C@@H](O)[C@H]3O)c2[nH]1,CC(=O)O[C@H]1[C@H](n2cnc3c(=O)[nH]c(=O)[nH]c32)O[C@]2(C(O)O)O[C@@H]12,3,0.4375,
O=c1[nH]c(=O)c2ncn([C@@H]3O[C@H](CO)[C@@H](O)[C@H]3O)c2[nH]1,C[C@@]1(C(=O)OC=O)O[C@@H](n2cnc3c(=O)[nH]c(=O)[nH]c32)[C@H](O)[C@@H]1O,3,0.4918,
O=c1[nH]c(=O)c2ncn([C@@H]3O[C@H](CO)[C@@H](O)[C@H]3O)c2[nH]1,O=C[C@H]1O[C@@H](n2cnc3c(=O)[nH]c(=O)[nH]c32)[C@H](OC(=O)CO)[C@@H]1O,3,0.55,
O=c1[nH]c(=O)c2ncn([C@@H]3O[C@H](CO)[C@@H](O)[C@H]3O)c2[nH]1,Cc1nc2c(=O)[nH]c(=O)[nH]c2n1[C@@H]1O[C@H](C(=O)O)[C@@H](OC=O)[C@H]1O,3,0.3235,
O=c1[nH]c(=O)c2ncn([C@@H]3O[C@H](CO)[C@@H](O)[C@H]3O)c2[nH]1,CC(O)O[C@@H]1[C@@H]2O[C@@H](n3cnc4c(=O)[nH]c(=O)[nH]c43)[C@]1(O)OC2=O,3,0.4154,
O=c1[nH]c(=O)c2ncn([C@@H]3O[C@H](CO)[C@@H](O)[C@H]3O)c2[nH]1,O=COC[C@H]1O[C@@H](n2cnc3c(=O)[nH]c(=O)[nH]c32)[C@H](OC=O)[C@@H]1O,3,0.5862,
O=c1[nH]c(=O)c2ncn([C@@H]3O[C@H](CO)[C@@H](O)[C@H]3O)c2[nH]1,O=CO[C@@H]1[C@H](OC=O)[C@@H](CO)O[C@H]1n1cnc2c(=O)[nH]c(=O)[nH]c21,3,0.6604,
O=c1[nH]c(=O)c2ncn([C@@H]3O[C@H](CO)[C@@H](O)[C@H]3O)c2[nH]1,O=C1CO[C@@H]2[C@H](O1)[C@@H](C(O)O)O[C@H]2n1cnc2c(=O)[nH]c(=O)[nH]c21,3,0.4833,
O=c1[nH]c(=O)c2ncn([C@@H]3O[C@H](CO)[C@@H](O)[C@H]3O)c2[nH]1,CC(O)O[C@H]1[C@H]2O[C@@]1(C(=O)O)O[C@H]2n1cnc2c(=O)[nH]c(=O)[nH]c21,3,0.4308,
O=c1[nH]c(=O)c2ncn([C@@H]3O[C@H](CO)[C@@H](O)[C@H]3O)c2[nH]1,CC(=O)O[C@@H]1[C@@H]2O[C@@](n3cnc4c(=O)[nH]c(=O)[nH]c43)(OC2O)[C@@H]1O,3,0.3636,
O=c1[nH]c(=O)c2ncn([C@@H]3O[C@H](CO)[C@@H](O)[C@H]3O)c2[nH]1,CC(=O)O[C@@H]1[C@H](O)[C@@H]2O[C@@]1(n1cnc3c(=O)[nH]c(=O)[nH]c31)OC2O,3,0.3788,
O=c1[nH]c(=O)c2ncn([C@@H]3O[C@H](CO)[C@@H](O)[C@H]3O)c2[nH]1,CC(=O)OC(O)[C@H]1O[C@@H](n2cnc3c(=O)[nH]c(=O)[nH]c32)[C@@H]2O[C@]12O,3,0.4531,
O=c1[nH]c(=O)c2ncn([C@@H]3O[C@H](CO)[C@@H](O)[C@H]3O)c2[nH]1,CC(=O)O[C@H]1[C@H]2O[C@@]1(C(O)O)O[C@H]2n1cnc2c(=O)[nH]c(=O)[nH]c21,3,0.4375,
O=c1[nH]c(=O)c2ncn([C@@H]3O[C@H](CO)[C@@H](O)[C@H]3O)c2[nH]1,O=CC(=O)O[C@@H]1[C@H](O)[C@@H](CO)O[C@H]1n1cnc2c(=O)[nH]c(=O)[nH]c21,3,0.6909,
O=c1[nH]c(=O)c2ncn([C@@H]3O[C@H](CO)[C@@H](O)[C@H]3O)c2[nH]1,CC(O)O[C@]12OC(=O)[C@@H](O[C@H]1n1cnc3c(=O)[nH]c(=O)[nH]c31)[C@H]2O,3,0.4444,
O=c1[nH]c(=O)c2ncn([C@@H]3O[C@H](CO)[C@@H](O)[C@H]3O)c2[nH]1,CC(O)OC(=O)[C@H]1O[C@@H](n2cnc3c(=O)[nH]c(=O)[nH]c32)[C@@H]2O[C@]12O,3,0.4462,
O=c1[nH]c(=O)c2ncn([C@@H]3O[C@H](CO)[C@@H](O)[C@H]3O)c2[nH]1,CC(O)O[C@H]1[C@H](n2cnc3c(=O)[nH]c(=O)[nH]c32)O[C@]2(C(=O)O)O[C@@H]12,3,0.4308,
O=c1[nH]c(=O)c2ncn([C@@H]3O[C@H](CO)[C@@H](O)[C@H]3O)c2[nH]1,O=CC(=O)O[C@H]1[C@@H](O)[C@H](n2cnc3c(=O)[nH]c(=O)[nH]c32)O[C@@H]1CO,3,0.6909,
O=c1[nH]c(=O)c2ncn([C@@H]3O[C@H](CO)[C@@H](O)[C@H]3O)c2[nH]1,CC(=O)O[C@]12OC(O)[C@@H](O[C@H]1n1cnc3c(=O)[nH]c(=O)[nH]c31)[C@H]2O,3,0.4516,
O=c1[nH]c(=O)c2ncn([C@@H]3O[C@H](CO)[C@@H](O)[C@H]3O)c2[nH]1,CC(O)OC(=O)[C@H]1O[C@@H]2[C@H](O)[C@@H]1Oc1nc3c(=O)[nH]c(=O)[nH]c3n12,3,0.3188,
O=c1[nH]c(=O)c2ncn([C@@H]3O[C@H](CO)[C@@H](O)[C@H]3O)c2[nH]1,COC(=O)O[C@H]1[C@@H](O)[C@H](n2cnc3c(=O)[nH]c(=O)[nH]c32)O[C@@H]1C=O,3,0.5246,
O=c1[nH]c(=O)c2ncn([C@@H]3O[C@H](CO)[C@@H](O)[C@H]3O)c2[nH]1,O=C1CO[C@@H]2[C@H](O)[C@H](O[C@H]2n2cnc3c(=O)[nH]c(=O)[nH]c32)C(O)O1,3,0.5536,
O=c1[nH]c(=O)c2ncn([C@@H]3O[C@H](CO)[C@@H](O)[C@H]3O)c2[nH]1,C[C@@]1(C(=O)O)O[C@@H](n2cnc3c(=O)[nH]c(=O)[nH]c32)[C@H](O)[C@@H]1OC=O,3,0.4762,
O=c1[nH]c(=O)c2ncn([C@@H]3O[C@H](CO)[C@@H](O)[C@H]3O)c2[nH]1,CC(O)O[C@@H]1[C@@H]2O[C@]1(n1cnc3c(=O)[nH]c(=O)[nH]c31)O[C@@H]2C(=O)O,3,0.3286,
O=c1[nH]c(=O)c2ncn([C@@H]3O[C@H](CO)[C@@H](O)[C@H]3O)c2[nH]1,C[C@]1(O)[C@H](O)[C@@H](C(=O)OC=O)O[C@H]1n1cnc2c(=O)[nH]c(=O)[nH]c21,3,0.4444,
O=c1[nH]c(=O)c2ncn([C@@H]3O[C@H](CO)[C@@H](O)[C@H]3O)c2[nH]1,C[C@]1(OC=O)[C@@H](C(=O)O)O[C@@H](n2cnc3c(=O)[nH]c(=O)[nH]c32)[C@@H]1O,3,0.5167,
O=c1[nH]c(=O)c2ncn([C@@H]3O[C@H](CO)[C@@H](O)[C@H]3O)c2[nH]1,CC(=O)OC(O)[C@H]1O[C@@H](n2cnc3c(=O)[nH]c(=O)[nH]c32)[C@]2(O)O[C@H]12,3,0.4154,
O=c1[nH]c(=O)c2ncn([C@@H]3O[C@H](CO)[C@@H](O)[C@H]3O)c2[nH]1,CC(=O)OC(O)[C@]12O[C@@H](n3cnc4c(=O)[nH]c(=O)[nH]c43)[C@H](O)[C@@H]1O2,3,0.4762,
O=c1[nH]c(=O)c2ncn([C@@H]3O[C@H](CO)[C@@H](O)[C@H]3O)c2[nH]1,O=C(O)[C@H]1O[C@@H](n2cnc3c(=O)[nH]c(=O)[nH]c32)[C@@H]2OC(O)CO[C@@H]21,3,0.5085,
O=c1[nH]c(=O)c2ncn([C@@H]3O[C@H](CO)[C@@H](O)[C@H]3O)c2[nH]1,O=C1CO[C@H]2[C@@H](O)[C@H](n3cnc4c(=O)[nH]c(=O)[nH]c43)O[C@@H]2C(O)O1,3,0.5714,
O=c1[nH]c(=O)c2ncn([C@@H]3O[C@H](CO)[C@@H](O)[C@H]3O)c2[nH]1,CC(=O)O[C@H]1[C@H](n2cnc3c(=O)[nH]c(=O)[nH]c32)O[C@@H]2C(O)O[C@]21O,3,0.4762,
O=c1[nH]c(=O)c2ncn([C@@H]3O[C@H](CO)[C@@H](O)[C@H]3O)c2[nH]1,CC(=O)O[C@@]12OC(O)[C@H]1O[C@@H](n1cnc3c(=O)[nH]c(=O)[nH]c31)[C@@H]2O,3,0.4918,
O=c1[nH]c(=O)c2ncn([C@@H]3O[C@H](CO)[C@@H](O)[C@H]3O)c2[nH]1,CC(O)O[C@@H]1[C@@H]2Oc3nc4c(=O)[nH]c(=O)[nH]c4n3[C@@H]1O[C@@H]2C(=O)O,3,0.2817,
O=c1[nH]c(=O)c2ncn([C@@H]3O[C@H](CO)[C@@H](O)[C@H]3O)c2[nH]1,C[C@]1(n2cnc3c(=O)[nH]c(=O)[nH]c32)O[C@H](C(=O)OC=O)[C@@H](O)[C@H]1O,3,0.3788,
O=c1[nH]c(=O)c2ncn([C@@H]3O[C@H](CO)[C@@H](O)[C@H]3O)c2[nH]1,CC(=O)O[C@@H]1[C@@H]2O[C@]1(n1cnc3c(=O)[nH]c(=O)[nH]c31)O[C@@H]2C(O)O,3,0.3529,
O=c1[nH]c(=O)c2ncn([C@@H]3O[C@H](CO)[C@@H](O)[C@H]3O)c2[nH]1,CC(O)OC(=O)[C@]12O[C@@H](n3cnc4c(=O)[nH]c(=O)[nH]c43)[C@H](O)[C@@H]1O2,3,0.4839,
O=c1[nH]c(=O)c2ncn([C@@H]3O[C@H](CO)[C@@H](O)[C@H]3O)c2[nH]1,CC(O)O[C@@H]1[C@@H](C(=O)O)O[C@@]2(n3cnc4c(=O)[nH]c(=O)[nH]c43)O[C@H]12,3,0.3286,
O=c1[nH]c(=O)c2ncn([C@@H]3O[C@H](CO)[C@@H](O)[C@H]3O)c2[nH]1,CC(=O)OC(O)[C@H]1O[C@@H]2[C@H](Oc3nc4c(=O)[nH]c(=O)[nH]c4n32)[C@@H]1O,3,0.3235,
O=c1[nH]c(=O)c2ncn([C@@H]3O[C@H](CO)[C@@H](O)[C@H]3O)c2[nH]1,CC(=O)OC(=O)[C@]1(n2cnc3c(=O)[nH]c(=O)[nH]c32)OC[C@@H](O)[C@H]1O,3,0.3692,
O=c1[nH]c(=O)c2ncn([C@@H]3O[C@H](CO)[C@@H](O)[C@H]3O)c2[nH]1,CC(O)OC(=O)[C@H]1O[C@@H]2[C@H](Oc3nc4c(=O)[nH]c(=O)[nH]c4n32)[C@@H]1O,3,0.3235,
O=c1[nH]c(=O)c2ncn([C@@H]3O[C@H](CO)[C@@H](O)[C@H]3O)c2[nH]1,CC(=O)O[C@@H]1[C@H](O)[C@@H]2O[C@H]1n1c(nc3c(=O)[nH]c(=O)[nH]c31)OC2O,3,0.3284,
O=c1[nH]c(=O)c2ncn([C@@H]3O[C@H](CO)[C@@H](O)[C@H]3O)c2[nH]1,CC(=O)OC(O)[C@H]1O[C@@]2(n3cnc4c(=O)[nH]c(=O)[nH]c43)O[C@@H]2[C@@H]1O,3,0.3731,
O=c1[nH]c(=O)c2ncn([C@@H]3O[C@H](CO)[C@@H](O)[C@H]3O)c2[nH]1,CC(=O)OC1O[C@]2(O)[C@H](O)[C@@H]1O[C@H]2n1cnc2c(=O)[nH]c(=O)[nH]c21,3,0.4444,
O=c1[nH]c(=O)c2ncn([C@@H]3O[C@H](CO)[C@@H](O)[C@H]3O)c2[nH]1,CC(O)O[C@H]1[C@H](n2cnc3c(=O)[nH]c(=O)[nH]c32)O[C@@H]2C(=O)O[C@]21O,3,0.4531,
O=c1[nH]c(=O)c2ncn([C@@H]3O[C@H](CO)[C@@H](O)[C@H]3O)c2[nH]1,CC(O)OC(=O)[C@]12O[C@@H]([C@H](n3cnc4c(=O)[nH]c(=O)[nH]c43)O1)[C@@H]2O,3,0.4677,
O=c1[nH]c(=O)c2ncn([C@@H]3O[C@H](CO)[C@@H](O)[C@H]3O)c2[nH]1,Cc1nc2c(=O)[nH]c(=O)[nH]c2n1[C@@H]1O[C@H](C(=O)O)[C@@H](O)[C@H]1OC=O,3,0.3235,
O=c1[nH]c(=O)c2ncn([C@@H]3O[C@H](CO)[C@@H](O)[C@H]3O)c2[nH]1,C[C@]1(n2cnc3c(=O)[nH]c(=O)[nH]c32)O[C@H](C(=O)O)[C@@H](OC=O)[C@H]1O,3,0.3582,
O=c1[nH]c(=O)c2ncn([C@@H]3O[C@H](CO)[C@@H](O)[C@H]3O)c2[nH]1,C[C@]1(n2cnc3c(=O)[nH]c(=O)[nH]c32)O[C@H](C(=O)O)[C@@H](O)[C@H]1OC=O,3,0.3939,
O=c1[nH]c(=O)c2ncn([C@@H]3O[C@H](CO)[C@@H](O)[C@H]3O)c2[nH]1,CC(=O)OC1O[C@]2(O)[C@@H]1O[C@@H](n1cnc3c(=O)[nH]c(=O)[nH]c31)[C@@H]2O,3,0.4918,
O=c1[nH]c(=O)c2ncn([C@@H]3O[C@H](CO)[C@@H](O)[C@H]3O)c2[nH]1,CC(=O)O[C@H]1[C@@H](O)[C@H](n2cnc3c(=O)[nH]c(=O)[nH]c32)O[C@@H]1C(=O)O,2,0.5517,
O=c1[nH]c(=O)c2ncn([C@@H]3O[C@H](CO)[C@@H](O)[C@H]3O)c2[nH]1,C[C@]1(OC=O)[C@H](O)[C@@H](C(=O)O)O[C@H]1n1cnc2c(=O)[nH]c(=O)[nH]c21,3,0.459,
O=c1[nH]c(=O)c2ncn([C@@H]3O[C@H](CO)[C@@H](O)[C@H]3O)c2[nH]1,CC(O)O[C@@H]1[C@H](O)[C@@H]2O[C@@]1(n1cnc3c(=O)[nH]c(=O)[nH]c31)OC2=O,3,0.3676,
O=c1[nH]c(=O)c2ncn([C@@H]3O[C@H](CO)[C@@H](O)[C@H]3O)c2[nH]1,CC(=O)OC(O)[C@H]1O[C@@H]2[C@H](O)[C@@H]1Oc1nc3c(=O)[nH]c(=O)[nH]c3n12,3,0.3235,
O=c1[nH]c(=O)c2ncn([C@@H]3O[C@H](CO)[C@@H](O)[C@H]3O)c2[nH]1,COC(=O)O[C@@H]1[C@H](O)[C@@H](C=O)O[C@H]1n1cnc2c(=O)[nH]c(=O)[nH]c21,3,0.5,
O=c1[nH]c(=O)c2ncn([C@@H]3O[C@H](CO)[C@@H](O)[C@H]3O)c2[nH]1,O=CC(=O)OC[C@H]1O[C@@H](n2cnc3c(=O)[nH]c(=O)[nH]c32)[C@H](O)[C@@H]1O,3,0.6852,
O=c1[nH]c(=O)c2ncn([C@@H]3O[C@H](CO)[C@@H](O)[C@H]3O)c2[nH]1,CC(=O)OC1Oc2nc3c(=O)[nH]c(=O)[nH]c3n2[C@@H]2O[C@H]1[C@@H](O)[C@H]2O,3,0.3538,
O=c1[nH]c(=O)c2ncn([C@@H]3O[C@H](CO)[C@@H](O)[C@H]3O)c2[nH]1,CC(=O)O[C@H]1[C@H]2Oc3nc4c(=O)[nH]c(=O)[nH]c4n3[C@@H]2O[C@@H]1C(O)O,3,0.2857,
O=c1[nH]c(=O)c2ncn([C@@H]3O[C@H](CO)[C@@H](O)[C@H]3O)c2[nH]1,CC(=O)OC(O)[C@]12O[C@@H]([C@H](n3cnc4c(=O)[nH]c(=O)[nH]c43)O1)[C@@H]2O,3,0.4839,
O=c1[nH]c(=O)c2ncn([C@@H]3O[C@H](CO)[C@@H](O)[C@H]3O)c2[nH]1,O=C[C@H]1O[C@@H](n2cnc3c(=O)[nH]c(=O)[nH]c32)[C@H](O)[C@@H]1OC(=O)CO,3,0.5763,
O=c1[nH]c(=O)c2ncn([C@@H]3O[C@H](CO)[C@@H](O)[C@H]3O)c2[nH]1,O=COC[C@H]1O[C@@H](n2cnc3c(=O)[nH]c(=O)[nH]c32)[C@H](O)[C@@H]1OC=O,3,0.614,
O=c1[nH]c(=O)c2ncn([C@@H]3O[C@H](CO)[C@@H](O)[C@H]3O)c2[nH]1,O=C1OC(O)CO[C@@H]2[C@H](O)[C@@H]1O[C@H]2n1cnc2c(=O)[nH]c(=O)[nH]c21,3,0.5614,
O=c1[nH]c(=O)c2ncn([C@@H]3O[C@H](CO)[C@@H](O)[C@H]3O)c2[nH]1,CC(=O)O[C@@H]1[C@@H](C(O)O)O[C@@]2(n3cnc4c(=O)[nH]c(=O)[nH]c43)O[C@H]12,3,0.3333,
O=c1[nH]c(=O)c2ncn([C@@H]3O[C@H](CO)[C@@H](O)[C@H]3O)c2[nH]1,O=C1CO[C@H]2[C@@H](O1)[C@H](n1cnc3c(=O)[nH]c(=O)[nH]c31)O[C@@H]2C(O)O,3,0.4833,
O=c1[nH]c(=O)c2ncn([C@@H]3O[C@H](CO)[C@@H](O)[C@H]3O)c2[nH]1,CC(=O)O[C@@H]1[C@H](O)[C@@H](C(=O)O)O[C@H]1n1cnc2c(=O)[nH]c(=O)[nH]c21,2,0.5254,
O=c1[nH]c(=O)c2ncn([C@@H]3O[C@H](CO)[C@@H](O)[C@H]3O)c2[nH]1,C[C@@]1(C(=O)O)O[C@@H](n2cnc3c(=O)[nH]c(=O)[nH]c32)[C@H](OC=O)[C@@H]1O,3,0.4603,
O=c1[nH]c(=O)c2ncn([C@@H]3O[C@H](CO)[C@@H](O)[C@H]3O)c2[nH]1,CC(O)O[C@H]1[C@H]2Oc3nc4c(=O)[nH]c(=O)[nH]c4n3[C@@H]2O[C@@H]1C(=O)O,3,0.2817,
O=c1[nH]c(=O)c2ncn([C@@H]3O[C@H](CO)[C@@H](O)[C@H]3O)c2[nH]1,O=C1COC(O)[C@H]2O[C@@H](n3cnc4c(=O)[nH]c(=O)[nH]c43)[C@H](O)[C@@H]2O1,3,0.5714,
O=c1[nH]c(=O)c2ncn([C@@H]3O[C@H](CO)[C@@H](O)[C@H]3O)c2[nH]1,O=C1OCC(O)O[C@H]2[C@@H](O)[C@H](n3cnc4c(=O)[nH]c(=O)[nH]c43)O[C@H]12,3,0.5614,
O=c1[nH]c(=O)c2ncn([C@@H]3O[C@H](CO)[C@@H](O)[C@H]3O)c2[nH]1,CC(O)OC(=O)[C@H]1O[C@@]2(n3cnc4c(=O)[nH]c(=O)[nH]c43)O[C@@H]2[C@@H]1O,3,0.3676,
O=c1[nH]c(=O)c2ncn([C@@H]3O[C@H](CO)[C@@H](O)[C@H]3O)c2[nH]1,CC(=O)O[C@H]1[C@@H](O)[C@H]2O[C@@H]1C(O)Oc1nc3c(=O)[nH]c(=O)[nH]c3n12,3,0.3284,
O=c1[nH]c(=O)c2ncn([C@@H]3O[C@H](CO)[C@@H](O)[C@H]3O)c2[nH]1,CC(O)O[C@@]12OC(=O)[C@H]1O[C@@H](n1cnc3c(=O)[nH]c(=O)[nH]c31)[C@@H]2O,3,0.4839,
O=c1[nH]c(=O)c2ncn([C@@H]3O[C@H](CO)[C@@H](O)[C@H]3O)c2[nH]1,CC(O)O[C@H]1[C@@H](O)[C@H]2O[C@@H]1C(=O)Oc1nc3c(=O)[nH]c(=O)[nH]c3n12,3,0.3188,
O=c1[nH]c(=O)c2ncn([C@@H]3O[C@H](CO)[C@@H](O)[C@H]3O)c2[nH]1,CC(=O)OC(O)[C@H]1O[C@@]2(n3cnc4c(=O)[nH]c(=O)[nH]c43)O[C@H]1[C@H]2O,3,0.3582,
O=c1[nH]c(=O)c2ncn([C@@H]3O[C@H](CO)[C@@H](O)[C@H]3O)c2[nH]1,O=COC(=O)C[C@H]1O[C@@H](n2cnc3c(=O)[nH]c(=O)[nH]c32)[C@H](O)[C@@H]1O,3,0.6981,
O=c1[nH]c(=O)c2ncn([C@@H]3O[C@H](CO)[C@@H](O)[C@H]3O)c2[nH]1,C[C@]1(O)[C@H](OC=O)[C@@H](C(=O)O)O[C@H]1n1cnc2c(=O)[nH]c(=O)[nH]c21,3,0.4219,
O=c1[nH]c(=O)c2ncn([C@@H]3O[C@H](CO)[C@@H](O)[C@H]3O)c2[nH]1,CC(O)O[C@H]1[C@@H](O)[C@H](n2cnc3c(=O)[nH]c(=O)[nH]c32)O[C@]12OC2=O,3,0.4839,
O=c1[nH]c(=O)c2ncn([C@@H]3O[C@H](CO)[C@@H](O)[C@H]3O)c2[nH]1,CC(O)O[C@@H]1[C@H](O)[C@@H]2O[C@H]1n1c(nc3c(=O)[nH]c(=O)[nH]c31)OC2=O,3,0.3188,
O=c1[nH]c(=O)c2ncn([C@@H]3O[C@H](CO)[C@@H](O)[C@H]3O)c2[nH]1,CC(=O)OC(=O)[C@H]1O[C@@H](n2cnc3c(=O)[nH]c(=O)[nH]c32)[C@H](O)[C@@H]1O,2,0.6111,
O=c1[nH]c(=O)c2ncn([C@@H]3O[C@H](CO)[C@@H](O)[C@H]3O)c2[nH]1,CC(=O)O[C@H]1[C@@H](O)[C@H](n2cnc3c(=O)[nH]c(=O)[nH]c32)O[C@]12OC2O,3,0.5,
O=c1[nH]c(=O)c2ncn([C@@H]3O[C@H](CO)[C@@H](O)[C@H]3O)c2[nH]1,CC(=O)O[C@@H]1[C@@H]2Oc3nc4c(=O)[nH]c(=O)[nH]c4n3[C@@H]1O[C@@H]2C(O)O,3,0.2857,
O=c1[nH]c(=O)c2ncn([C@@H]3O[C@H](CO)[C@@H](O)[C@H]3O)c2[nH]1,CC(=O)OC1O[C@]12O[C@@H](n1cnc3c(=O)[nH]c(=O)[nH]c31)[C@H](O)[C@@H]2O,3,0.5085,
O=c1[nH]c(=O)c2ncn([C@@H]3O[C@H](CO)[C@@H](O)[C@H]3O)c2[nH]1,CC(=O)O[C@@H]1CO[C@](C(=O)O)(n2cnc3c(=O)[nH]c(=O)[nH]c32)[C@@H]1O,3,0.3636,
O=c1[nH]c(=O)c2ncn([C@@H]3O[C@H](CO)[C@@H](O)[C@H]3O)c2[nH]1,CC(O)O[C@H]1[C@H](n2cnc3c(=O)[nH]c(=O)[nH]c32)O[C@]2(OC2=O)[C@H]1O,3,0.4677,
O=c1[nH]c(=O)c2ncn([C@@H]3O[C@H](CO)[C@@H](O)[C@H]3O)c2[nH]1,O=C1OC(O)CO[C@H]2[C@@H](O)[C@H](n3cnc4c(=O)[nH]c(=O)[nH]c43)O[C@H]12,3,0.5893,
O=c1[nH]c(=O)c2ncn([C@@H]3O[C@H](CO)[C@@H](O)[C@H]3O)c2[nH]1,CC(=O)O[C@@H]1[C@@H]2O[C@@H](n3cnc4c(=O)[nH]c(=O)[nH]c43)[C@]1(O)OC2O,3,0.4375,
O=c1[nH]c(=O)c2ncn([C@@H]3O[C@H](CO)[C@@H](O)[C@H]3O)c2[nH]1,CC(O)O[C@]12O[C@H]1[C@H](n1cnc3c(=O)[nH]c(=O)[nH]c31)O[C@@H]2C(=O)O,3,0.4462,
O=c1[nH]c(=O)c2ncn([C@@H]3O[C@H](CO)[C@@H](O)[C@H]3O)c2[nH]1,O=C1COC(O)[C@H]2O[C@@H](n3cnc4c(=O)[nH]c(=O)[nH]c43)[C@H](O1)[C@@H]2O,3,0.5536,
O=c1[nH]c(=O)c2ncn([C@@H]3O[C@H](CO)[C@@H](O)[C@H]3O)c2[nH]1,CC(O)OC(=O)[C@H]1O[C@@H](n2cnc3c(=O)[nH]c(=O)[nH]c32)[C@]2(O)O[C@H]12,3,0.4091,
O=c1[nH]c(=O)c2ncn([C@@H]3O[C@H](CO)[C@@H](O)[C@H]3O)c2[nH]1,CC(=O)O[C@]12O[C@H]1[C@H](n1cnc3c(=O)[nH]c(=O)[nH]c31)O[C@@H]2C(O)O,3,0.4531,
O=c1[nH]c(=O)c2ncn([C@@H]3O[C@H](CO)[C@@H](O)[C@H]3O)c2[nH]1,CC(=O)O[C@H]1[C@H](n2cnc3c(=O)[nH]c(=O)[nH]c32)O[C@]2(OC2O)[C@H]1O,3,0.4833,
O=c1[nH]c(=O)c2ncn([C@@H]3O[C@H](CO)[C@@H](O)[C@H]3O)c2[nH]1,CC(=O)O[C@@]12O[C@@H]1[C@@H](C(O)O)O[C@H]2n1cnc2c(=O)[nH]c(=O)[nH]c21,3,0.4375,
O=c1[nH]c(=O)c2ncn([C@@H]3O[C@H](CO)[C@@H](O)[C@H]3O)c2[nH]1,CC(O)OC(=O)[C@H]1O[C@@]2(n3cnc4c(=O)[nH]c(=O)[nH]c43)O[C@H]1[C@H]2O,3,0.3582,
O=c1[nH]c(=O)c2ncn([C@@H]3O[C@H](CO)[C@@H](O)[C@H]3O)c2[nH]1,CC(O)O[C@@H]1[C@@H]2O[C@@](n3cnc4c(=O)[nH]c(=O)[nH]c43)(OC2=O)[C@@H]1O,3,0.3529,
O=c1[nH]c(=O)c2ncn([C@@H]3O[C@H](CO)[C@@H](O)[C@H]3O)c2[nH]1,CC(=O)O[C@H]1[C@@H](O)[C@H](n2c[n+](C)c3c(=O)[nH]c(=O)[nH]c32)O[C@@H]1C=O,3,0.3143,
O=c1[nH]c(=O)c2ncn([C@@H]3O[C@H](CO)[C@@H](O)[C@H]3O)c2[nH]1,CC(=O)O[C@@H]1[C@H](O)[C@@H](C=O)O[C@H]1n1c[n+](C)c2c(=O)[nH]c(=O)[nH]c21,3,0.2958,
O=c1[nH]c(=O)c2ncn([C@@H]3O[C@H](CO)[C@@H](O)[C@H]3O)c2[nH]1,CC(=O)O[C@@H]1[C@H](O)[C@@H](C(N)=O)O[C@H]1n1cnc2c(=O)[nH]c(=O)[nH]c21,3,0.5167,
O=c1[nH]c(=O)c2ncn([C@@H]3O[C@H](CO)[C@@H](O)[C@H]3O)c2[nH]1,CC(=O)O[C@H]1[C@@H](O)[C@H](n2cnc3c(=O)[nH]c(=O)[nH]c32)O[C@@H]1C(N)=O,3,0.5517,
O=c1[nH]c(=O)c2ncn([C@@H]3O[C@H](CO)[C@@H](O)[C@H]3O)c2[nH]1,CO[C@@H]1[C@H](O)[C@@H](C(O)(O)C#N)O[C@H]1n1cnc2c(=O)[nH]c(=O)[nH]c21,3,0.5,
O=c1[nH]c(=O)c2ncn([C@@H]3O[C@H](CO)[C@@H](O)[C@H]3O)c2[nH]1,N#CC(O)OC[C@H]1O[C@@H](n2cnc3c(=O)[nH]c(=O)[nH]c32)[C@H](O)[C@@H]1O,3,0.6727,0.5238
O=c1[nH]c(=O)c2ncn([C@@H]3O[C@H](CO)[C@@H](O)[C@H]3O)c2[nH]1,N#CC(O)O[C@H]1[C@@H](O)[C@H](n2cnc3c(=O)[nH]c(=O)[nH]c32)O[C@@H]1CO,3,0.6667,
O=c1[nH]c(=O)c2ncn([C@@H]3O[C@H](CO)[C@@H](O)[C@H]3O)c2[nH]1,COC(O)(C#N)[C@H]1O[C@@H](n2cnc3c(=O)[nH]c(=O)[nH]c32)[C@H](O)[C@@H]1O,3,0.569,
O=c1[nH]c(=O)c2ncn([C@@H]3O[C@H](CO)[C@@H](O)[C@H]3O)c2[nH]1,CO[C@H]1[C@@H](O)[C@H](n2cnc3c(=O)[nH]c(=O)[nH]c32)O[C@@H]1C(O)(O)C#N,3,0.5246,
O=c1[nH]c(=O)c2ncn([C@@H]3O[C@H](CO)[C@@H](O)[C@H]3O)c2[nH]1,N#CC(O)O[C@@H]1[C@H](O)[C@@H](CO)O[C@H]1n1cnc2c(=O)[nH]c(=O)[nH]c21,3,0.6667,0.4265
O=c1[nH]c(=O)c2ncn([C@@H]3O[C@H](CO)[C@@H](O)[C@H]3O)c2[nH]1,CC(=O)O[C@@H]1[C@H](O)[C@@H](C(C)=O)O[C@H]1n1cnc2c(=O)[nH]c(=O)[nH]c21,3,0.5345,
O=c1[nH]c(=O)c2ncn([C@@H]3O[C@H](CO)[C@@H](O)[C@H]3O)c2[nH]1,CO[C@@H]1[C@H](OC(C)=O)[C@@H](C=O)O[C@H]1n1cnc2c(=O)[nH]c(=O)[nH]c21,3,0.4603,
O=c1[nH]c(=O)c2ncn([C@@H]3O[C@H](CO)[C@@H](O)[C@H]3O)c2[nH]1,CC(=O)O[C@H]1[C@H](n2cnc3c(=O)[nH]c(=O)[nH]c32)O[C@H](C=O)[C@]1(C)O,3,0.4531,
O=c1[nH]c(=O)c2ncn([C@@H]3O[C@H](CO)[C@@H](O)[C@H]3O)c2[nH]1,CCC(=O)O[C@@H]1[C@H](O)[C@@H](C=O)O[C@H]1n1cnc2c(=O)[nH]c(=O)[nH]c21,3,0.5161,
O=c1[nH]c(=O)c2ncn([C@@H]3O[C@H](CO)[C@@H](O)[C@H]3O)c2[nH]1,C=CC(=O)O[C@@H]1[C@H](O)[C@@H](CO)O[C@H]1n1cnc2c(=O)[nH]c(=O)[nH]c21,3,0.6786,
O=c1[nH]c(=O)c2ncn([C@@H]3O[C@H](CO)[C@@H](O)[C@H]3O)c2[nH]1,CC(=O)O[C@@H]1[C@@H](C=O)O[C@@H](n2cnc3c(=O)[nH]c(=O)[nH]c32)[C@@]1(C)O,3,0.4154,
O=c1[nH]c(=O)c2ncn([C@@H]3O[C@H](CO)[C@@H](O)[C@H]3O)c2[nH]1,CCC(=O)O[C@H]1[C@@H](O)[C@H](n2cnc3c(=O)[nH]c(=O)[nH]c32)O[C@@H]1C=O,3,0.541,
O=c1[nH]c(=O)c2ncn([C@@H]3O[C@H](CO)[C@@H](O)[C@H]3O)c2[nH]1,CC(=O)O[C@H]1[C@@H](O)[C@@](C)(n2cnc3c(=O)[nH]c(=O)[nH]c32)O[C@@H]1C=O,3,0.3636,
O=c1[nH]c(=O)c2ncn([C@@H]3O[C@H](CO)[C@@H](O)[C@H]3O)c2[nH]1,CC(=O)O[C@@]1(C)[C@@H](C=O)O[C@@H](n2cnc3c(=O)[nH]c(=O)[nH]c32)[C@@H]1O,3,0.5082,
O=c1[nH]c(=O)c2ncn([C@@H]3O[C@H](CO)[C@@H](O)[C@H]3O)c2[nH]1,CC(=O)O[C@@H]1[C@H](O)[C@@H](C=O)O[C@]1(C)n1cnc2c(=O)[nH]c(=O)[nH]c21,3,0.3731,
O=c1[nH]c(=O)c2ncn([C@@H]3O[C@H](CO)[C@@H](O)[C@H]3O)c2[nH]1,C=CC(=O)O[C@H]1[C@@H](O)[C@H](n2cnc3c(=O)[nH]c(=O)[nH]c32)O[C@@H]1CO,3,0.6786,
O=c1[nH]c(=O)c2ncn([C@@H]3O[C@H](CO)[C@@H](O)[C@H]3O)c2[nH]1,CC(=O)O[C@@H]1[C@H](O)[C@@H](C=O)O[C@H]1n1c(C)nc2c(=O)[nH]c(=O)[nH]c21,3,0.3188,
O=c1[nH]c(=O)c2ncn([C@@H]3O[C@H](CO)[C@@H](O)[C@H]3O)c2[nH]1,C=CC(=O)OC[C@H]1O[C@@H](n2cnc3c(=O)[nH]c(=O)[nH]c32)[C@H](O)[C@@H]1O,3,0.6727,
O=c1[nH]c(=O)c2ncn([C@@H]3O[C@H](CO)[C@@H](O)[C@H]3O)c2[nH]1,CC(=O)O[C@H]1[C@H](n2cnc3c(=O)[nH]c(=O)[nH]c32)O[C@@](C)(C=O)[C@H]1O,3,0.4603,
O=c1[nH]c(=O)c2ncn([C@@H]3O[C@H](CO)[C@@H](O)[C@H]3O)c2[nH]1,CC(=O)O[C@H]1[C@@H](O)[C@H](n2c(C)nc3c(=O)[nH]c(=O)[nH]c32)O[C@@H]1C=O,3,0.3188,
O=c1[nH]c(=O)c2ncn([C@@H]3O[C@H](CO)[C@@H](O)[C@H]3O)c2[nH]1,CC(=O)O[C@H]1[C@@H](O)[C@H](n2cnc3c(=O)[nH]c(=O)[nH]c32)O[C@@H]1C(C)=O,3,0.5614,
O=c1[nH]c(=O)c2ncn([C@@H]3O[C@H](CO)[C@@H](O)[C@H]3O)c2[nH]1,CC(=O)O[C@@]1(C)[C@H](O)[C@@H](C=O)O[C@H]1n1cnc2c(=O)[nH]c(=O)[nH]c21,3,0.4444,
O=c1[nH]c(=O)c2ncn([C@@H]3O[C@H](CO)[C@@H](O)[C@H]3O)c2[nH]1,CO[C@H]1[C@@H](OC(C)=O)[C@H](n2cnc3c(=O)[nH]c(=O)[nH]c32)O[C@@H]1C=O,3,0.4603,
O=c1[nH]c(=O)c2ncn([C@@H]3O[C@H](CO)[C@@H](O)[C@H]3O)c2[nH]1,CC(=O)O[C@H]1[C@@H](O)[C@H](n2cnc3c(=O)[nH]c(=O)[nH]c32)O[C@@]1(C)C=O,3,0.4762,
O=c1[nH]c(=O)c2ncn([C@@H]3O[C@H](CO)[C@@H](O)[C@H]3O)c2[nH]1,CC(C#N)O[C@H]1[C@@H](O)[C@H](n2cnc3c(=O)[nH]c(=O)[nH]c32)O[C@@H]1CO,3,0.6552,
O=c1[nH]c(=O)c2ncn([C@@H]3O[C@H](CO)[C@@H](O)[C@H]3O)c2[nH]1,CC(O)(C#N)[C@@H]1[C@H](O)[C@@H](CO)O[C@H]1n1cnc2c(=O)[nH]c(=O)[nH]c21,3,0.6786,
O=c1[nH]c(=O)c2ncn([C@@H]3O[C@H](CO)[C@@H](O)[C@H]3O)c2[nH]1,C[C@H]1O[C@@H](n2cnc3c(=O)[nH]c(=O)[nH]c32)[C@H](O)[C@@H]1OC(C)(O)C#N,3,0.5161,
O=c1[nH]c(=O)c2ncn([C@@H]3O[C@H](CO)[C@@H](O)[C@H]3O)c2[nH]1,C[C@H]1O[C@@H](n2cnc3c(=O)[nH]c(=O)[nH]c32)[C@H](OC(C)(O)C#N)[C@@H]1O,3,0.4921,
O=c1[nH]c(=O)c2ncn([C@@H]3O[C@H](CO)[C@@H](O)[C@H]3O)c2[nH]1,CC(C#N)O[C@@H]1[C@H](O)[C@@H](CO)O[C@H]1n1cnc2c(=O)[nH]c(=O)[nH]c21,3,0.6552,
O=c1[nH]c(=O)c2ncn([C@@H]3O[C@H](CO)[C@@H](O)[C@H]3O)c2[nH]1,CC(O)(C#N)C[C@H]1O[C@@H](n2cnc3c(=O)[nH]c(=O)[nH]c32)[C@H](O)[C@@H]1O,3,0.6727,
O=c1[nH]c(=O)c2ncn([C@@H]3O[C@H](CO)[C@@H](O)[C@H]3O)c2[nH]1,CC(C#N)OC[C@H]1O[C@@H](n2cnc3c(=O)[nH]c(=O)[nH]c32)[C@H](O)[C@@H]1O,3,0.6491,
O=c1[nH]c(=O)c2ncn([C@@H]3O[C@H](CO)[C@@H](O)[C@H]3O)c2[nH]1,CC(O)(C#N)[C@H]1[C@@H](O)[C@H](n2cnc3c(=O)[nH]c(=O)[nH]c32)O[C@@H]1CO,3,0.6786,
O=c1[nH]c(=O)c2ncn([C@@H]3O[C@H](CO)[C@@H](O)[C@H]3O)c2[nH]1,N#CC(=O)OC[C@H]1O[C@@H](n2cnc3c(=O)[nH]c(=O)[nH]c32)[C@H](O)[C@@H]1O,3,0.6727,
O=c1[nH]c(=O)c2ncn([C@@H]3O[C@H](CO)[C@@H](O)[C@H]3O)c2[nH]1,N#CC(=O)O[C@H]1[C@@H](O)[C@H](n2cnc3c(=O)[nH]c(=O)[nH]c32)O[C@@H]1CO,3,0.6786,
O=c1[nH]c(=O)c2ncn([C@@H]3O[C@H](CO)[C@@H](O)[C@H]3O)c2[nH]1,N#CC(=O)O[C@@H]1[C@H](O)[C@@H](CO)O[C@H]1n1cnc2c(=O)[nH]c(=O)[nH]c21,3,0.6786,
O=c1[nH]c(=O)c2ncn([C@@H]3O[C@H](CO)[C@@H](O)[C@H]3O)c2[nH]1,CC(C#N)O[C@H]1[C@@H](O)[C@H](n2cnc3c(=O)[nH]c(=O)[nH]c32)O[C@@H]1C=O,3,0.5,
O=c1[nH]c(=O)c2ncn([C@@H]3O[C@H](CO)[C@@H](O)[C@H]3O)c2[nH]1,CC(C#N)O[C@@H]1[C@H](O)[C@@H](C=O)O[C@H]1n1cnc2c(=O)[nH]c(=O)[nH]c21,3,0.4769,
O=c1[nH]c(=O)c2ncn([C@@H]3O[C@H](CO)[C@@H](O)[C@H]3O)c2[nH]1,O=c1[nH]c(=O)c2ncn([C@@H]3OC[C@@H](O)[C@H]3OS(=O)(=O)O)c2[nH]1,3,0.4915,
O=c1[nH]c(=O)c2ncn([C@@H]3O[C@H](CO)[C@@H](O)[C@H]3O)c2[nH]1,O=c1[nH]c(=O)c2ncn([C@@H]3OC[C@@H](OS(=O)(=O)O)[C@H]3O)c2[nH]1,3,0.5172,
O=c1[nH]c(=O)c2ncn([C@@H]3O[C@H](CO)[C@@H](O)[C@H]3O)c2[nH]1,O=c1[nH]c(=O)c2ncn([C@@H]3OC[C@@H](OP(=O)(O)O)[C@H]3O)c2[nH]1,3,0.5172,
O=c1[nH]c(=O)c2ncn([C@@H]3O[C@H](CO)[C@@H](O)[C@H]3O)c2[nH]1,O=c1[nH]c(=O)c2ncn([C@@H]3OC[C@@H](O)[C@H]3OP(=O)(O)O)c2[nH]1,3,0.4915,
O=c1[nH]c(=O)c2ncn([C@@H]3O[C@H](CO)[C@@H](O)[C@H]3O)c2[nH]1,C[C@H]1O[C@@H](n2cnc3c(=O)[nH]c(=O)[nH]c32)[C@@H]2OP(=O)(O)O[C@@H]21,3,0.5088,
O=c1[nH]c(=O)c2ncn([C@@H]3O[C@H](CO)[C@@H](O)[C@H]3O)c2[nH]1,C[C@]1(n2cnc3c(=O)[nH]c(=O)[nH]c32)O[C@H](CO)[C@@H](OCO)[C@H]1O,3,0.4754,
O=c1[nH]c(=O)c2ncn([C@@H]3O[C@H](CO)[C@@H](O)[C@H]3O)c2[nH]1,C[C@@]1(CO)O[C@@H](n2cnc3c(=O)[nH]c(=O)[nH]c32)[C@H](OCO)[C@@H]1O,3,0.5254,
O=c1[nH]c(=O)c2ncn([C@@H]3O[C@H](CO)[C@@H](O)[C@H]3O)c2[nH]1,C[C@]1(O)[C@H](O)[C@@H](COCO)O[C@H]1n1cnc2c(=O)[nH]c(=O)[nH]c21,3,0.5254,
O=c1[nH]c(=O)c2ncn([C@@H]3O[C@H](CO)[C@@H](O)[C@H]3O)c2[nH]1,C[C@@]1(COCO)O[C@@H](n2cnc3c(=O)[nH]c(=O)[nH]c32)[C@H](O)[C@@H]1O,3,0.5517,
O=c1[nH]c(=O)c2ncn([C@@H]3O[C@H](CO)[C@@H](O)[C@H]3O)c2[nH]1,O=c1[nH]c(=O)c2ncn([C@@H]3O[C@H](CO)[C@@H](O)[C@H]3OCCO)c2[nH]1,3,0.7451,
O=c1[nH]c(=O)c2ncn([C@@H]3O[C@H](CO)[C@@H](O)[C@H]3O)c2[nH]1,CC(O)O[C@H]1[C@@H](O)[C@H](n2cnc3c(=O)[nH]c(=O)[nH]c32)O[C@@H]1CO,2,0.7037,
O=c1[nH]c(=O)c2ncn([C@@H]3O[C@H](CO)[C@@H](O)[C@H]3O)c2[nH]1,CC(O)OC[C@H]1O[C@@H](n2cnc3c(=O)[nH]c(=O)[nH]c32)[C@H](O)[C@@H]1O,2,0.6981,
O=c1[nH]c(=O)c2ncn([C@@H]3O[C@H](CO)[C@@H](O)[C@H]3O)c2[nH]1,C[C@]1(n2cnc3c(=O)[nH]c(=O)[nH]c32)O[C@H](CO)[C@@H](O)[C@H]1OCO,3,0.4918,
O=c1[nH]c(=O)c2ncn([C@@H]3O[C@H](CO)[C@@H](O)[C@H]3O)c2[nH]1,CC(OCO)[C@H]1O[C@@H](n2cnc3c(=O)[nH]c(=O)[nH]c32)[C@H](O)[C@@H]1O,3,0.6481,
O=c1[nH]c(=O)c2ncn([C@@H]3O[C@H](CO)[C@@H](O)[C@H]3O)c2[nH]1,C[C@]1(O)[C@@H](CO)O[C@@H](n2cnc3c(=O)[nH]c(=O)[nH]c32)[C@@H]1OCO,3,0.5424,
O=c1[nH]c(=O)c2ncn([C@@H]3O[C@H](CO)[C@@H](O)[C@H]3O)c2[nH]1,O=c1[nH]c(=O)c2ncn([C@@H]3O[C@H](CO)[C@@H](OCCO)[C@H]3O)c2[nH]1,3,0.7451,
O=c1[nH]c(=O)c2ncn([C@@H]3O[C@H](CO)[C@@H](O)[C@H]3O)c2[nH]1,CC(O)O[C@@H]1[C@H](O)[C@@H](CO)O[C@H]1n1cnc2c(=O)[nH]c(=O)[nH]c21,2,0.7037,
O=c1[nH]c(=O)c2ncn([C@@H]3O[C@H](CO)[C@@H](O)[C@H]3O)c2[nH]1,Cc1nc2c(=O)[nH]c(=O)[nH]c2n1[C@@H]1O[C@H](CO)[C@@H](OCO)[C@H]1O,3,0.459,
O=c1[nH]c(=O)c2ncn([C@@H]3O[C@H](CO)[C@@H](O)[C@H]3O)c2[nH]1,CC(O)OC[C@]1(n2cnc3c(=O)[nH]c(=O)[nH]c32)OC[C@@H](O)[C@H]1O,3,0.3731,
O=c1[nH]c(=O)c2ncn([C@@H]3O[C@H](CO)[C@@H](O)[C@H]3O)c2[nH]1,C[C@]1(O)[C@H](OCO)[C@@H](CO)O[C@H]1n1cnc2c(=O)[nH]c(=O)[nH]c21,3,0.5517,
O=c1[nH]c(=O)c2ncn([C@@H]3O[C@H](CO)[C@@H](O)[C@H]3O)c2[nH]1,CC(O)O[C@@H]1[C@H](O)CO[C@]1(CO)n1cnc2c(=O)[nH]c(=O)[nH]c21,3,0.3824,
O=c1[nH]c(=O)c2ncn([C@@H]3O[C@H](CO)[C@@H](O)[C@H]3O)c2[nH]1,O=c1[nH]c(=O)c2ncn([C@@H]3O[C@H](COCCO)[C@@H](O)[C@H]3O)c2[nH]1,3,0.7451,
O=c1[nH]c(=O)c2ncn([C@@H]3O[C@H](CO)[C@@H](O)[C@H]3O)c2[nH]1,Cc1nc2c(=O)[nH]c(=O)[nH]c2n1[C@@H]1O[C@H](CO)[C@@H](O)[C@H]1OCO,3,0.4833,
O=c1[nH]c(=O)c2ncn([C@@H]3O[C@H](CO)[C@@H](O)[C@H]3O)c2[nH]1,CC(O)[C@H]1O[C@@H](n2cnc3c(=O)[nH]c(=O)[nH]c32)[C@H](O)[C@@H]1OCO,3,0.5862,
O=c1[nH]c(=O)c2ncn([C@@H]3O[C@H](CO)[C@@H](O)[C@H]3O)c2[nH]1,C[C@]1(OCO)[C@@H](CO)O[C@@H](n2cnc3c(=O)[nH]c(=O)[nH]c32)[C@@H]1O,3,0.6071,
O=c1[nH]c(=O)c2ncn([C@@H]3O[C@H](CO)[C@@H](O)[C@H]3O)c2[nH]1,CC(O)[C@H]1O[C@@H](n2cnc3c(=O)[nH]c(=O)[nH]c32)[C@H](OCO)[C@@H]1O,3,0.5593,
O=c1[nH]c(=O)c2ncn([C@@H]3O[C@H](CO)[C@@H](O)[C@H]3O)c2[nH]1,COCOC[C@H]1O[C@@H](n2cnc3c(=O)[nH]c(=O)[nH]c32)[C@H](O)[C@@H]1O,3,0.6981,
O=c1[nH]c(=O)c2ncn([C@@H]3O[C@H](CO)[C@@H](O)[C@H]3O)c2[nH]1,Cc1nc2c(=O)[nH]c(=O)[nH]c2n1[C@@H]1O[C@H](COCO)[C@@H](O)[C@H]1O,3,0.4667,
O=c1[nH]c(=O)c2ncn([C@@H]3O[C@H](CO)[C@@H](O)[C@H]3O)c2[nH]1,COCO[C@@H]1[C@H](O)[C@@H](CO)O[C@H]1n1cnc2c(=O)[nH]c(=O)[nH]c21,3,0.7037,
O=c1[nH]c(=O)c2ncn([C@@H]3O[C@H](CO)[C@@H](O)[C@H]3O)c2[nH]1,C[C@H]1O[C@@H](n2cnc3c(=O)[nH]c(=O)[nH]c32)[C@H](O)[C@@H]1OC(O)CO,3,0.5862,
O=c1[nH]c(=O)c2ncn([C@@H]3O[C@H](CO)[C@@H](O)[C@H]3O)c2[nH]1,C[C@]1(n2cnc3c(=O)[nH]c(=O)[nH]c32)O[C@H](COCO)[C@@H](O)[C@H]1O,3,0.4516,
O=c1[nH]c(=O)c2ncn([C@@H]3O[C@H](CO)[C@@H](O)[C@H]3O)c2[nH]1,COCO[C@H]1[C@@H](O)[C@H](n2cnc3c(=O)[nH]c(=O)[nH]c32)O[C@@H]1CO,3,0.7037,
O=c1[nH]c(=O)c2ncn([C@@H]3O[C@H](CO)[C@@H](O)[C@H]3O)c2[nH]1,CC(O)O[C@@H]1CO[C@](CO)(n2cnc3c(=O)[nH]c(=O)[nH]c32)[C@@H]1O,3,0.3881,
O=c1[nH]c(=O)c2ncn([C@@H]3O[C@H](CO)[C@@H](O)[C@H]3O)c2[nH]1,C[C@]1(OCO)[C@H](O)[C@@H](CO)O[C@H]1n1cnc2c(=O)[nH]c(=O)[nH]c21,3,0.5893,
O=c1[nH]c(=O)c2ncn([C@@H]3O[C@H](CO)[C@@H](O)[C@H]3O)c2[nH]1,C[C@@]1(CO)O[C@@H](n2cnc3c(=O)[nH]c(=O)[nH]c32)[C@H](O)[C@@H]1OCO,3,0.5424,
O=c1[nH]c(=O)c2ncn([C@@H]3O[C@H](CO)[C@@H](O)[C@H]3O)c2[nH]1,C[C@H]1O[C@@H](n2cnc3c(=O)[nH]c(=O)[nH]c32)[C@H](OC(O)CO)[C@@H]1O,3,0.5593,
O=c1[nH]c(=O)c2ncn([C@@H]3O[C@H](CO)[C@@H](O)[C@H]3O)c2[nH]1,C[C@]1(O)[C@@H](COCO)O[C@@H](n2cnc3c(=O)[nH]c(=O)[nH]c32)[C@@H]1O,3,0.5424,
O=c1[nH]c(=O)c2ncn([C@@H]3O[C@H](CO)[C@@H](O)[C@H]3O)c2[nH]1,O=C(O)OC[C@H]1O[C@@H](n2cnc3c(=O)[nH]c(=O)[nH]c32)[C@H](O)[C@@H]1O,3,0.76,
O=c1[nH]c(=O)c2ncn([C@@H]3O[C@H](CO)[C@@H](O)[C@H]3O)c2[nH]1,O=C(O)O[C@H]1[C@@H](O)[C@H](n2cnc3c(=O)[nH]c(=O)[nH]c32)O[C@@H]1CO,3,0.7308,
O=c1[nH]c(=O)c2ncn([C@@H]3O[C@H](CO)[C@@H](O)[C@H]3O)c2[nH]1,O=C(O)O[C@@H]1[C@H](O)[C@@H](CO)O[C@H]1n1cnc2c(=O)[nH]c(=O)[nH]c21,3,0.7308,
O=c1[nH]c(=O)c2ncn([C@@H]3O[C@H](CO)[C@@H](O)[C@H]3O)c2[nH]1,N#CC(Cl)[C@H]1O[C@@H](n2cnc3c(=O)[nH]c(=O)[nH]c32)[C@H](O)[C@@H]1O,3,0.6,
O=c1[nH]c(=O)c2ncn([C@@H]3O[C@H](CO)[C@@H](O)[C@H]3O)c2[nH]1,COC[C@H]1O[C@@H](n2c[n+](C)c3c(=O)[nH]c(=O)[nH]c32)[C@H](OC)[C@@H]1O,3,0.3636,
O=c1[nH]c(=O)c2ncn([C@@H]3O[C@H](CO)[C@@H](O)[C@H]3O)c2[nH]1,COC[C@H]1O[C@@H](n2c[n+](C)c3c(=O)n(C)c(=O)[nH]c32)[C@H](O)[C@@H]1O,3,0.3284,
O=c1[nH]c(=O)c2ncn([C@@H]3O[C@H](CO)[C@@H](O)[C@H]3O)c2[nH]1,CCO[C@H]1[C@@H](O)[C@H](n2c[n+](C)c3c(=O)[nH]c(=O)[nH]c32)O[C@@H]1CO,3,0.4444,
O=c1[nH]c(=O)c2ncn([C@@H]3O[C@H](CO)[C@@H](O)[C@H]3O)c2[nH]1,CO[C@@H]1[C@H](O)[C@@H](CO)O[C@H]1n1c[n+](C)c2c(=O)n(C)c(=O)[nH]c21,3,0.3382,
O=c1[nH]c(=O)c2ncn([C@@H]3O[C@H](CO)[C@@H](O)[C@H]3O)c2[nH]1,CCO[C@@H]1[C@H](O)[C@@H](CO)O[C@H]1n1c[n+](C)c2c(=O)[nH]c(=O)[nH]c21,3,0.4444,
O=c1[nH]c(=O)c2ncn([C@@H]3O[C@H](CO)[C@@H](O)[C@H]3O)c2[nH]1,CO[C@@H]1[C@H](OC)[C@@H](CO)O[C@H]1n1c[n+](C)c2c(=O)[nH]c(=O)[nH]c21,3,0.4032,
O=c1[nH]c(=O)c2ncn([C@@H]3O[C@H](CO)[C@@H](O)[C@H]3O)c2[nH]1,COC[C@H]1O[C@@H](n2c[n+](C)c3c(=O)[nH]c(=O)n(C)c32)[C@H](O)[C@@H]1O,3,0.3284,
O=c1[nH]c(=O)c2ncn([C@@H]3O[C@H](CO)[C@@H](O)[C@H]3O)c2[nH]1,CCOC[C@H]1O[C@@H](n2c[n+](C)c3c(=O)[nH]c(=O)[nH]c32)[C@H](O)[C@@H]1O,3,0.4355,
O=c1[nH]c(=O)c2ncn([C@@H]3O[C@H](CO)[C@@H](O)[C@H]3O)c2[nH]1,Cn1c(=O)c2c(n([C@@H]3O[C@H](CO)[C@@H](O)[C@H]3O)c[n+]2C)n(C)c1=O,3,0.377,
O=c1[nH]c(=O)c2ncn([C@@H]3O[C@H](CO)[C@@H](O)[C@H]3O)c2[nH]1,CO[C@H]1[C@@H](O)[C@H](n2c[n+](C)c3c(=O)n(C)c(=O)[nH]c32)O[C@@H]1CO,3,0.3382,
O=c1[nH]c(=O)c2ncn([C@@H]3O[C@H](CO)[C@@H](O)[C@H]3O)c2[nH]1,CO[C@H]1[C@@H](O)[C@H](n2c[n+](C)c3c(=O)[nH]c(=O)n(C)c32)O[C@@H]1CO,3,0.3382,
O=c1[nH]c(=O)c2ncn([C@@H]3O[C@H](CO)[C@@H](O)[C@H]3O)c2[nH]1,CO[C@@H]1[C@H](O)[C@@H](CO)O[C@H]1n1c[n+](C)c2c(=O)[nH]c(=O)n(C)c21,3,0.3382,
O=c1[nH]c(=O)c2ncn([C@@H]3O[C@H](CO)[C@@H](O)[C@H]3O)c2[nH]1,COC[C@H]1O[C@@H](n2c[n+](C)c3c(=O)[nH]c(=O)[nH]c32)[C@H](O)[C@@H]1OC,3,0.3846,
O=c1[nH]c(=O)c2ncn([C@@H]3O[C@H](CO)[C@@H](O)[C@H]3O)c2[nH]1,CC(OCN)[C@H]1O[C@@H](n2cnc3c(=O)[nH]c(=O)[nH]c32)[C@H](O)[C@@H]1O,3,0.6071,
O=c1[nH]c(=O)c2ncn([C@@H]3O[C@H](CO)[C@@H](O)[C@H]3O)c2[nH]1,CC(O)[C@H]1O[C@@H](n2cnc3c(=O)[nH]c(=O)[nH]c32)[C@H](OCN)[C@@H]1O,3,0.5246,
O=c1[nH]c(=O)c2ncn([C@@H]3O[C@H](CO)[C@@H](O)[C@H]3O)c2[nH]1,CC(N)O[C@H]1[C@@H](O)[C@H](n2cnc3c(=O)[nH]c(=O)[nH]c32)O[C@@H]1CO,2,0.6909,
O=c1[nH]c(=O)c2ncn([C@@H]3O[C@H](CO)[C@@H](O)[C@H]3O)c2[nH]1,Cc1nc2c(=O)[nH]c(=O)[nH]c2n1[C@@H]1O[C@H](CO)[C@@H](OCN)[C@H]1O,3,0.4444,
O=c1[nH]c(=O)c2ncn([C@@H]3O[C@H](CO)[C@@H](O)[C@H]3O)c2[nH]1,C[C@]1(O)[C@@H](COCN)O[C@@H](n2cnc3c(=O)[nH]c(=O)[nH]c32)[C@@H]1O,3,0.5082,
O=c1[nH]c(=O)c2ncn([C@@H]3O[C@H](CO)[C@@H](O)[C@H]3O)c2[nH]1,C[C@]1(n2cnc3c(=O)[nH]c(=O)[nH]c32)O[C@H](COCN)[C@@H](O)[C@H]1O,3,0.4219,
O=c1[nH]c(=O)c2ncn([C@@H]3O[C@H](CO)[C@@H](O)[C@H]3O)c2[nH]1,C[C@]1(O)[C@H](O)[C@@H](COCN)O[C@H]1n1cnc2c(=O)[nH]c(=O)[nH]c21,3,0.4918,
O=c1[nH]c(=O)c2ncn([C@@H]3O[C@H](CO)[C@@H](O)[C@H]3O)c2[nH]1,CC(N)O[C@@H]1[C@H](O)CO[C@]1(CO)n1cnc2c(=O)[nH]c(=O)[nH]c21,3,0.3768,
O=c1[nH]c(=O)c2ncn([C@@H]3O[C@H](CO)[C@@H](O)[C@H]3O)c2[nH]1,C[C@]1(OCN)[C@@H](CO)O[C@@H](n2cnc3c(=O)[nH]c(=O)[nH]c32)[C@@H]1O,3,0.5862,
O=c1[nH]c(=O)c2ncn([C@@H]3O[C@H](CO)[C@@H](O)[C@H]3O)c2[nH]1,C[C@]1(n2cnc3c(=O)[nH]c(=O)[nH]c32)O[C@H](CO)[C@@H](OCN)[C@H]1O,3,0.4603,
O=c1[nH]c(=O)c2ncn([C@@H]3O[C@H](CO)[C@@H](O)[C@H]3O)c2[nH]1,CC(N)OC[C@H]1O[C@@H](n2cnc3c(=O)[nH]c(=O)[nH]c32)[C@H](O)[C@@H]1O,2,0.6852,
O=c1[nH]c(=O)c2ncn([C@@H]3O[C@H](CO)[C@@H](O)[C@H]3O)c2[nH]1,C[C@]1(O)[C@@H](CO)O[C@@H](n2cnc3c(=O)[nH]c(=O)[nH]c32)[C@@H]1OCN,3,0.5246,
O=c1[nH]c(=O)c2ncn([C@@H]3O[C@H](CO)[C@@H](O)[C@H]3O)c2[nH]1,C[C@@]1(CO)O[C@@H](n2cnc3c(=O)[nH]c(=O)[nH]c32)[C@H](O)[C@@H]1OCN,3,0.5246,
O=c1[nH]c(=O)c2ncn([C@@H]3O[C@H](CO)[C@@H](O)[C@H]3O)c2[nH]1,C[C@]1(OCN)[C@H](O)[C@@H](CO)O[C@H]1n1cnc2c(=O)[nH]c(=O)[nH]c21,3,0.569,
O=c1[nH]c(=O)c2ncn([C@@H]3O[C@H](CO)[C@@H](O)[C@H]3O)c2[nH]1,C[C@]1(n2cnc3c(=O)[nH]c(=O)[nH]c32)O[C@H](CO)[C@@H](O)[C@H]1OCN,3,0.4762,
O=c1[nH]c(=O)c2ncn([C@@H]3O[C@H](CO)[C@@H](O)[C@H]3O)c2[nH]1,CC(N)OC[C@]1(n2cnc3c(=O)[nH]c(=O)[nH]c32)OC[C@@H](O)[C@H]1O,3,0.3676,
O=c1[nH]c(=O)c2ncn([C@@H]3O[C@H](CO)[C@@H](O)[C@H]3O)c2[nH]1,C[C@@]1(COCN)O[C@@H](n2cnc3c(=O)[nH]c(=O)[nH]c32)[C@H](O)[C@@H]1O,3,0.5167,
O=c1[nH]c(=O)c2ncn([C@@H]3O[C@H](CO)[C@@H](O)[C@H]3O)c2[nH]1,CC(O)[C@H]1O[C@@H](n2cnc3c(=O)[nH]c(=O)[nH]c32)[C@H](O)[C@@H]1OCN,3,0.55,
O=c1[nH]c(=O)c2ncn([C@@H]3O[C@H](CO)[C@@H](O)[C@H]3O)c2[nH]1,Cc1nc2c(=O)[nH]c(=O)[nH]c2n1[C@@H]1O[C@H](CO)[C@@H](O)[C@H]1OCN,3,0.4677,
O=c1[nH]c(=O)c2ncn([C@@H]3O[C@H](CO)[C@@H](O)[C@H]3O)c2[nH]1,C[C@@]1(CO)O[C@@H](n2cnc3c(=O)[nH]c(=O)[nH]c32)[C@H](OCN)[C@@H]1O,3,0.5082,
O=c1[nH]c(=O)c2ncn([C@@H]3O[C@H](CO)[C@@H](O)[C@H]3O)c2[nH]1,CC(N)O[C@@H]1CO[C@](CO)(n2cnc3c(=O)[nH]c(=O)[nH]c32)[C@@H]1O,3,0.3824,
O=c1[nH]c(=O)c2ncn([C@@H]3O[C@H](CO)[C@@H](O)[C@H]3O)c2[nH]1,C[C@]1(O)[C@H](OCN)[C@@H](CO)O[C@H]1n1cnc2c(=O)[nH]c(=O)[nH]c21,3,0.5333,
O=c1[nH]c(=O)c2ncn([C@@H]3O[C@H](CO)[C@@H](O)[C@H]3O)c2[nH]1,Cc1nc2c(=O)[nH]c(=O)[nH]c2n1[C@@H]1O[C@H](COCN)[C@@H](O)[C@H]1O,3,0.4355,
O=c1[nH]c(=O)c2ncn([C@@H]3O[C@H](CO)[C@@H](O)[C@H]3O)c2[nH]1,CC(N)O[C@@H]1[C@H](O)[C@@H](CO)O[C@H]1n1cnc2c(=O)[nH]c(=O)[nH]c21,2,0.6909,
O=c1[nH]c(=O)c2ncn([C@@H]3O[C@H](CO)[C@@H](O)[C@H]3O)c2[nH]1,C[n+]1cn([C@@H]2O[C@H](CO)[C@@H](OC=O)[C@H]2O)c2[nH]c(=O)[nH]c(=O)c21,3,0.4375,
O=c1[nH]c(=O)c2ncn([C@@H]3O[C@H](CO)[C@@H](O)[C@H]3O)c2[nH]1,CC(=O)O[C@H]1[C@@H](O)[C@H](n2c[nH+]c3c(=O)[nH]c(=O)[nH]c32)O[C@@H]1CO,3,0.4444,0.3286
O=c1[nH]c(=O)c2ncn([C@@H]3O[C@H](CO)[C@@H](O)[C@H]3O)c2[nH]1,CO[C@H]1[C@@H](O)[C@H](n2c[n+](C)c3c(=O)[nH]c(=O)[nH]c32)O[C@@H]1C(=O)O,3,0.3284,
O=c1[nH]c(=O)c2ncn([C@@H]3O[C@H](CO)[C@@H](O)[C@H]3O)c2[nH]1,CO[C@@H]1[C@H](O)[C@@H](C(=O)O)O[C@H]1n1c[n+](C)c2c(=O)[nH]c(=O)[nH]c21,3,0.3088,
O=c1[nH]c(=O)c2ncn([C@@H]3O[C@H](CO)[C@@H](O)[C@H]3O)c2[nH]1,Cn1c(=O)[nH]c2c(c1=O)[n+](C)cn2[C@@H]1O[C@H](C(=O)O)[C@@H](O)[C@H]1O,3,0.2647,
O=c1[nH]c(=O)c2ncn([C@@H]3O[C@H](CO)[C@@H](O)[C@H]3O)c2[nH]1,CC(=O)OC[C@H]1O[C@@H](n2c[nH+]c3c(=O)[nH]c(=O)[nH]c32)[C@H](O)[C@@H]1O,3,0.4355,
O=c1[nH]c(=O)c2ncn([C@@H]3O[C@H](CO)[C@@H](O)[C@H]3O)c2[nH]1,COC(=O)[C@H]1O[C@@H](n2c[n+](C)c3c(=O)[nH]c(=O)[nH]c32)[C@H](O)[C@@H]1O,3,0.3651,
O=c1[nH]c(=O)c2ncn([C@@H]3O[C@H](CO)[C@@H](O)[C@H]3O)c2[nH]1,C[n+]1cn([C@@H]2O[C@H](COC=O)[C@@H](O)[C@H]2O)c2[nH]c(=O)[nH]c(=O)c21,3,0.4286,0.2958
O=c1[nH]c(=O)c2ncn([C@@H]3O[C@H](CO)[C@@H](O)[C@H]3O)c2[nH]1,Cn1c(=O)[nH]c(=O)c2c1n([C@@H]1O[C@H](C(=O)O)[C@@H](O)[C@H]1O)c[n+]2C,3,0.2647,
O=c1[nH]c(=O)c2ncn([C@@H]3O[C@H](CO)[C@@H](O)[C@H]3O)c2[nH]1,CC(=O)O[C@@H]1[C@H](O)[C@@H](CO)O[C@H]1n1c[nH+]c2c(=O)[nH]c(=O)[nH]c21,3,0.4444,
O=c1[nH]c(=O)c2ncn([C@@H]3O[C@H](CO)[C@@H](O)[C@H]3O)c2[nH]1,C[n+]1cn([C@@H]2O[C@H](CO)[C@@H](O)[C@H]2OC=O)c2[nH]c(=O)[nH]c(=O)c21,3,0.4375,
O=c1[nH]c(=O)c2ncn([C@@H]3O[C@H](CO)[C@@H](O)[C@H]3O)c2[nH]1,CCOC[C@H]1O[C@@H](n2cnc3c(=O)[nH]c(=O)[nH]c32)[C@H](O)[C@@]1(C)O,3,0.5167,
O=c1[nH]c(=O)c2ncn([C@@H]3O[C@H](CO)[C@@H](O)[C@H]3O)c2[nH]1,CCO[C@@H]1[C@@H](CO)O[C@@H](n2cnc3c(=O)[nH]c(=O)[nH]c32)[C@@]1(C)O,3,0.5424,
O=c1[nH]c(=O)c2ncn([C@@H]3O[C@H](CO)[C@@H](O)[C@H]3O)c2[nH]1,CCO[C@@H]1[C@H](O)[C@@H](CO)O[C@H]1n1c(C)nc2c(=O)[nH]c(=O)[nH]c21,3,0.4754,
O=c1[nH]c(=O)c2ncn([C@@H]3O[C@H](CO)[C@@H](O)[C@H]3O)c2[nH]1,CCOC[C@]1(C)O[C@@H](n2cnc3c(=O)[nH]c(=O)[nH]c32)[C@H](O)[C@@H]1O,3,0.5254,
O=c1[nH]c(=O)c2ncn([C@@H]3O[C@H](CO)[C@@H](O)[C@H]3O)c2[nH]1,CCOC(C)[C@H]1O[C@@H](n2cnc3c(=O)[nH]c(=O)[nH]c32)[C@H](O)[C@@H]1O,3,0.6182,
O=c1[nH]c(=O)c2ncn([C@@H]3O[C@H](CO)[C@@H](O)[C@H]3O)c2[nH]1,CCOC[C@H]1O[C@](C)(n2cnc3c(=O)[nH]c(=O)[nH]c32)[C@H](O)[C@@H]1O,3,0.4286,
O=c1[nH]c(=O)c2ncn([C@@H]3O[C@H](CO)[C@@H](O)[C@H]3O)c2[nH]1,CCO[C@@H]1[C@H](O)[C@@H](COC)O[C@H]1n1cnc2c(=O)[nH]c(=O)[nH]c21,3,0.5862,
O=c1[nH]c(=O)c2ncn([C@@H]3O[C@H](CO)[C@@H](O)[C@H]3O)c2[nH]1,CCO[C@H]1[C@@H](O)[C@H](n2c(C)nc3c(=O)[nH]c(=O)[nH]c32)O[C@@H]1CO,3,0.4516,
O=c1[nH]c(=O)c2ncn([C@@H]3O[C@H](CO)[C@@H](O)[C@H]3O)c2[nH]1,CCO[C@@H]1[C@H](O)[C@@H](CO)O[C@]1(C)n1cnc2c(=O)[nH]c(=O)[nH]c21,3,0.4839,
O=c1[nH]c(=O)c2ncn([C@@H]3O[C@H](CO)[C@@H](O)[C@H]3O)c2[nH]1,CCO[C@@]1(C)[C@@H](CO)O[C@@H](n2cnc3c(=O)[nH]c(=O)[nH]c32)[C@@H]1O,3,0.5965,
O=c1[nH]c(=O)c2ncn([C@@H]3O[C@H](CO)[C@@H](O)[C@H]3O)c2[nH]1,CC(C)O[C@H]1[C@@H](O)[C@H](n2cnc3c(=O)[nH]c(=O)[nH]c32)O[C@@H]1CO,3,0.717,
O=c1[nH]c(=O)c2ncn([C@@H]3O[C@H](CO)[C@@H](O)[C@H]3O)c2[nH]1,CCO[C@@]1(C)[C@H](O)[C@@H](CO)O[C@H]1n1cnc2c(=O)[nH]c(=O)[nH]c21,3,0.5789,
O=c1[nH]c(=O)c2ncn([C@@H]3O[C@H](CO)[C@@H](O)[C@H]3O)c2[nH]1,CCCOC[C@H]1O[C@@H](n2cnc3c(=O)[nH]c(=O)[nH]c32)[C@H](O)[C@@H]1O,3,0.6981,
O=c1[nH]c(=O)c2ncn([C@@H]3O[C@H](CO)[C@@H](O)[C@H]3O)c2[nH]1,COC[C@H]1O[C@@H](n2cnc3c(=O)[nH]c(=O)[nH]c32)[C@H](OC)[C@@H]1OC,3,0.5636,
O=c1[nH]c(=O)c2ncn([C@@H]3O[C@H](CO)[C@@H](O)[C@H]3O)c2[nH]1,CCOC[C@H]1O[C@@H](n2cnc3c(=O)[nH]c(=O)[nH]c32)[C@H](OC)[C@@H]1O,3,0.5862,
O=c1[nH]c(=O)c2ncn([C@@H]3O[C@H](CO)[C@@H](O)[C@H]3O)c2[nH]1,CCO[C@@H]1[C@H](OC)[C@@H](CO)O[C@H]1n1cnc2c(=O)[nH]c(=O)[nH]c21,3,0.625,
O=c1[nH]c(=O)c2ncn([C@@H]3O[C@H](CO)[C@@H](O)[C@H]3O)c2[nH]1,CC(C)OC[C@H]1O[C@@H](n2cnc3c(=O)[nH]c(=O)[nH]c32)[C@H](O)[C@@H]1O,3,0.7115,
O=c1[nH]c(=O)c2ncn([C@@H]3O[C@H](CO)[C@@H](O)[C@H]3O)c2[nH]1,CCO[C@H]1[C@@H](O)[C@@](C)(n2cnc3c(=O)[nH]c(=O)[nH]c32)O[C@@H]1CO,3,0.4677,
O=c1[nH]c(=O)c2ncn([C@@H]3O[C@H](CO)[C@@H](O)[C@H]3O)c2[nH]1,CCOC[C@H]1O[C@@H](n2c(C)nc3c(=O)[nH]c(=O)[nH]c32)[C@H](O)[C@@H]1O,3,0.4426,
O=c1[nH]c(=O)c2ncn([C@@H]3O[C@H](CO)[C@@H](O)[C@H]3O)c2[nH]1,CCO[C@H]1[C@H](n2cnc3c(=O)[nH]c(=O)[nH]c32)O[C@@](C)(CO)[C@H]1O,3,0.5167,
O=c1[nH]c(=O)c2ncn([C@@H]3O[C@H](CO)[C@@H](O)[C@H]3O)c2[nH]1,CCO[C@H]1[C@@H](O)[C@H](n2cnc3c(=O)[nH]c(=O)[nH]c32)O[C@@H]1C(C)O,3,0.5593,
O=c1[nH]c(=O)c2ncn([C@@H]3O[C@H](CO)[C@@H](O)[C@H]3O)c2[nH]1,CCO[C@H]1[C@@H](O)[C@H](n2cnc3c(=O)[nH]c(=O)[nH]c32)O[C@@H]1COC,3,0.614,
O=c1[nH]c(=O)c2ncn([C@@H]3O[C@H](CO)[C@@H](O)[C@H]3O)c2[nH]1,CCOC[C@H]1O[C@@H](n2cnc3c(=O)[nH]c(=O)[nH]c32)[C@@](C)(O)[C@@H]1O,3,0.5,
O=c1[nH]c(=O)c2ncn([C@@H]3O[C@H](CO)[C@@H](O)[C@H]3O)c2[nH]1,CCO[C@H]1[C@H](n2cnc3c(=O)[nH]c(=O)[nH]c32)O[C@H](CO)[C@]1(C)O,3,0.5333,
O=c1[nH]c(=O)c2ncn([C@@H]3O[C@H](CO)[C@@H](O)[C@H]3O)c2[nH]1,CC(C)O[C@@H]1[C@H](O)[C@@H](CO)O[C@H]1n1cnc2c(=O)[nH]c(=O)[nH]c21,3,0.717,
O=c1[nH]c(=O)c2ncn([C@@H]3O[C@H](CO)[C@@H](O)[C@H]3O)c2[nH]1,CCO[C@H]1[C@@H](OC)[C@H](n2cnc3c(=O)[nH]c(=O)[nH]c32)O[C@@H]1CO,3,0.625,
O=c1[nH]c(=O)c2ncn([C@@H]3O[C@H](CO)[C@@H](O)[C@H]3O)c2[nH]1,CCCO[C@@H]1[C@H](O)[C@@H](CO)O[C@H]1n1cnc2c(=O)[nH]c(=O)[nH]c21,3,0.717,
O=c1[nH]c(=O)c2ncn([C@@H]3O[C@H](CO)[C@@H](O)[C@H]3O)c2[nH]1,CCO[C@H]1[C@@H](O)[C@H](n2cnc3c(=O)[nH]c(=O)[nH]c32)O[C@@]1(C)CO,3,0.5333,
O=c1[nH]c(=O)c2ncn([C@@H]3O[C@H](CO)[C@@H](O)[C@H]3O)c2[nH]1,CCOC[C@H]1O[C@@H](n2cnc3c(=O)[nH]c(=O)[nH]c32)[C@H](O)[C@@H]1OC,3,0.614,
O=c1[nH]c(=O)c2ncn([C@@H]3O[C@H](CO)[C@@H](O)[C@H]3O)c2[nH]1,CCO[C@@H]1[C@H](O)[C@@H](C(C)O)O[C@H]1n1cnc2c(=O)[nH]c(=O)[nH]c21,3,0.5333,
O=c1[nH]c(=O)c2ncn([C@@H]3O[C@H](CO)[C@@H](O)[C@H]3O)c2[nH]1,CCCO[C@H]1[C@@H](O)[C@H](n2cnc3c(=O)[nH]c(=O)[nH]c32)O[C@@H]1CO,3,0.717,
O=c1[nH]c(=O)c2ncn([C@@H]3O[C@H](CO)[C@@H](O)[C@H]3O)c2[nH]1,CC(O)O[C@@]12O[C@@H]1CO[C@]2(CO)n1cnc2c(=O)[nH]c(=O)[nH]c21,3,0.3824,
O=c1[nH]c(=O)c2ncn([C@@H]3O[C@H](CO)[C@@H](O)[C@H]3O)c2[nH]1,O=c1[nH]c(=O)c2ncn([C@@H]3OC[C@H]4OCC(O)(CO)O[C@@H]34)c2[nH]1,3,0.4839,
O=c1[nH]c(=O)c2ncn([C@@H]3O[C@H](CO)[C@@H](O)[C@H]3O)c2[nH]1,CC1O[C@](CO)(n2cnc3c(=O)[nH]c(=O)[nH]c32)[C@H](O)[C@@H]1OC=O,3,0.3939,
O=c1[nH]c(=O)c2ncn([C@@H]3O[C@H](CO)[C@@H](O)[C@H]3O)c2[nH]1,C[C@@]1(CO)O[C@@H](n2cnc3c(=O)[nH]c(=O)[nH]c32)[C@]2(OCO)O[C@@H]21,3,0.4516,
O=c1[nH]c(=O)c2ncn([C@@H]3O[C@H](CO)[C@@H](O)[C@H]3O)c2[nH]1,CC(O)O[C@@]1(CO)CO[C@@H]2[C@@H]1Oc1nc3c(=O)[nH]c(=O)[nH]c3n12,3,0.2917,
O=c1[nH]c(=O)c2ncn([C@@H]3O[C@H](CO)[C@@H](O)[C@H]3O)c2[nH]1,CC(O)O[C@@H]1CO[C@@]2(n3cnc4c(=O)[nH]c(=O)[nH]c43)C(O)O[C@H]12,3,0.3623,
O=c1[nH]c(=O)c2ncn([C@@H]3O[C@H](CO)[C@@H](O)[C@H]3O)c2[nH]1,CC1O[C@]2(n3cnc4c(=O)[nH]c(=O)[nH]c43)O[C@H]1[C@@H](OCO)[C@H]2O,3,0.4,
O=c1[nH]c(=O)c2ncn([C@@H]3O[C@H](CO)[C@@H](O)[C@H]3O)c2[nH]1,CC(O)(CO)O[C@H]1[C@H]2OC[C@H]1Oc1nc3c(=O)[nH]c(=O)[nH]c3n12,3,0.2958,
O=c1[nH]c(=O)c2ncn([C@@H]3O[C@H](CO)[C@@H](O)[C@H]3O)c2[nH]1,CC(OCO)[C@H]1O[C@@H](n2cnc3c(=O)[nH]c(=O)[nH]c32)[C@]2(O)O[C@H]12,3,0.4603,
O=c1[nH]c(=O)c2ncn([C@@H]3O[C@H](CO)[C@@H](O)[C@H]3O)c2[nH]1,CC(O)O[C@@H]1CO[C@@]2(n3cnc4c(=O)[nH]c(=O)[nH]c43)O[C@@]12CO,3,0.3571,
O=c1[nH]c(=O)c2ncn([C@@H]3O[C@H](CO)[C@@H](O)[C@H]3O)c2[nH]1,C[C@@]12O[C@H](COc3nc4c(=O)[nH]c(=O)[nH]c4n31)[C@@H](OCO)[C@H]2O,3,0.3143,
O=c1[nH]c(=O)c2ncn([C@@H]3O[C@H](CO)[C@@H](O)[C@H]3O)c2[nH]1,Cc1nc2c(=O)[nH]c(=O)[nH]c2n1[C@@H]1O[C@@H]2C(OCO)O[C@@H]1[C@@H]2O,3,0.3692,
O=c1[nH]c(=O)c2ncn([C@@H]3O[C@H](CO)[C@@H](O)[C@H]3O)c2[nH]1,CC(O)OC[C@H]1O[C@@H](n2cnc3c(=O)[nH]c(=O)[nH]c32)[C@@H]2O[C@]12O,2,0.4688,
O=c1[nH]c(=O)c2ncn([C@@H]3O[C@H](CO)[C@@H](O)[C@H]3O)c2[nH]1,COC(=O)[C@H]1[C@@H](O)[C@H](n2cnc3c(=O)[nH]c(=O)[nH]c32)O[C@@H]1CO,3,0.7308,
O=c1[nH]c(=O)c2ncn([C@@H]3O[C@H](CO)[C@@H](O)[C@H]3O)c2[nH]1,CC(O)O[C@@]12CO[C@@H](n3c(CO)nc4c(=O)[nH]c(=O)[nH]c43)[C@@H]1O2,3,0.2877,
O=c1[nH]c(=O)c2ncn([C@@H]3O[C@H](CO)[C@@H](O)[C@H]3O)c2[nH]1,O=c1[nH]c(=O)c2ncn([C@@H]3O[C@H](CO)[C@H]4OCC(O)O[C@H]43)c2[nH]1,2,0.6667,
O=c1[nH]c(=O)c2ncn([C@@H]3O[C@H](CO)[C@@H](O)[C@H]3O)c2[nH]1,C[C@]1(OC=O)CO[C@](CO)(n2cnc3c(=O)[nH]c(=O)[nH]c32)[C@@H]1O,3,0.4091,
O=c1[nH]c(=O)c2ncn([C@@H]3O[C@H](CO)[C@@H](O)[C@H]3O)c2[nH]1,O=c1[nH]c(=O)c2ncn([C@]34CO[C@@H]([C@H]3O)[C@@H](COCO)O4)c2[nH]1,3,0.4091,
O=c1[nH]c(=O)c2ncn([C@@H]3O[C@H](CO)[C@@H](O)[C@H]3O)c2[nH]1,CC(O)O[C@@]12O[C@@]1(CO)CO[C@H]2n1cnc2c(=O)[nH]c(=O)[nH]c21,3,0.4462,
O=c1[nH]c(=O)c2ncn([C@@H]3O[C@H](CO)[C@@H](O)[C@H]3O)c2[nH]1,CC(O)OC[C@]1(n2cnc3c(=O)[nH]c(=O)[nH]c32)OC2O[C@H]2[C@H]1O,3,0.3881,
O=c1[nH]c(=O)c2ncn([C@@H]3O[C@H](CO)[C@@H](O)[C@H]3O)c2[nH]1,CC(O)O[C@H]1[C@H](n2cnc3c(=O)[nH]c(=O)[nH]c32)O[C@@H]2O[C@@]21CO,3,0.4921,
O=c1[nH]c(=O)c2ncn([C@@H]3O[C@H](CO)[C@@H](O)[C@H]3O)c2[nH]1,C[C@@]12O[C@]1(n1cnc3c(=O)[nH]c(=O)[nH]c31)O[C@H](CO)[C@H]2OCO,3,0.4375,
O=c1[nH]c(=O)c2ncn([C@@H]3O[C@H](CO)[C@@H](O)[C@H]3O)c2[nH]1,C[C@@]1(OCO)[C@H]2O[C@@]1(CO)O[C@H]2n1cnc2c(=O)[nH]c(=O)[nH]c21,3,0.5,
O=c1[nH]c(=O)c2ncn([C@@H]3O[C@H](CO)[C@@H](O)[C@H]3O)c2[nH]1,CC(O)O[C@@H]1CO[C@@]2(COc3nc4c(=O)[nH]c(=O)[nH]c4n32)[C@@H]1O,3,0.2603,
O=c1[nH]c(=O)c2ncn([C@@H]3O[C@H](CO)[C@@H](O)[C@H]3O)c2[nH]1,CC(O)O[C@H]1[C@@H](O)[C@]2(n3cnc4c(=O)[nH]c(=O)[nH]c43)OC[C@H]1O2,2,0.3478,
O=c1[nH]c(=O)c2ncn([C@@H]3O[C@H](CO)[C@@H](O)[C@H]3O)c2[nH]1,CC(=O)O[C@H]1[C@@H](O)[C@H](n2cnc3c(=O)[nH]c(=O)[nH]c32)O[C@@H]1CO,1,0.717,
O=c1[nH]c(=O)c2ncn([C@@H]3O[C@H](CO)[C@@H](O)[C@H]3O)c2[nH]1,CC(O)OC[C@@]12CO[C@@](n3cnc4c(=O)[nH]c(=O)[nH]c43)(O1)[C@@H]2O,3,0.3571,
O=c1[nH]c(=O)c2ncn([C@@H]3O[C@H](CO)[C@@H](O)[C@H]3O)c2[nH]1,COC(=O)C[C@H]1O[C@@H](n2cnc3c(=O)[nH]c(=O)[nH]c32)[C@H](O)[C@@H]1O,3,0.7115,
O=c1[nH]c(=O)c2ncn([C@@H]3O[C@H](CO)[C@@H](O)[C@H]3O)c2[nH]1,Cc1nc2c(=O)[nH]c(=O)[nH]c2n1[C@@H]1O[C@H](CO)[C@@H](O)[C@H]1OC=O,2,0.4677,
O=c1[nH]c(=O)c2ncn([C@@H]3O[C@H](CO)[C@@H](O)[C@H]3O)c2[nH]1,CC(O)O[C@@H]1CO[C@@]2(n3c(CO)nc4c(=O)[nH]c(=O)[nH]c43)O[C@H]12,3,0.2703,
O=c1[nH]c(=O)c2ncn([C@@H]3O[C@H](CO)[C@@H](O)[C@H]3O)c2[nH]1,CC(O)(CO)O[C@@H]1[C@@H]2O[C@H]2O[C@H]1n1cnc2c(=O)[nH]c(=O)[nH]c21,3,0.5082,
O=c1[nH]c(=O)c2ncn([C@@H]3O[C@H](CO)[C@@H](O)[C@H]3O)c2[nH]1,O=c1[nH]c(=O)c2ncn([C@@H]3O[C@@H]4C(O)CO[C@@H]3[C@@H]4OCO)c2[nH]1,3,0.5333,
O=c1[nH]c(=O)c2ncn([C@@H]3O[C@H](CO)[C@@H](O)[C@H]3O)c2[nH]1,CC(O)OC1O[C@@H]2[C@H](O)CO[C@@]12n1cnc2c(=O)[nH]c(=O)[nH]c21,3,0.3623,
O=c1[nH]c(=O)c2ncn([C@@H]3O[C@H](CO)[C@@H](O)[C@H]3O)c2[nH]1,Cc1nc2c(=O)[nH]c(=O)[nH]c2n1[C@@H]1O[C@@H]2CO[C@]1(OCO)[C@@H]2O,3,0.3333,
O=c1[nH]c(=O)c2ncn([C@@H]3O[C@H](CO)[C@@H](O)[C@H]3O)c2[nH]1,C[C@@]1(CO)O[C@@H](n2cnc3c(=O)[nH]c(=O)[nH]c32)[C@@H]2O[C@@]21OCO,3,0.5167,
O=c1[nH]c(=O)c2ncn([C@@H]3O[C@H](CO)[C@@H](O)[C@H]3O)c2[nH]1,CC(O)O[C@@]1(CO)[C@@H]2O[C@@H](n3cnc4c(=O)[nH]c(=O)[nH]c43)[C@@H]1O2,3,0.5082,
O=c1[nH]c(=O)c2ncn([C@@H]3O[C@H](CO)[C@@H](O)[C@H]3O)c2[nH]1,O=c1[nH]c(=O)c2nc3n(c2[nH]1)[C@@H]1O[C@H](COC3)[C@@H](O)[C@H]1OCO,3,0.3582,
O=c1[nH]c(=O)c2ncn([C@@H]3O[C@H](CO)[C@@H](O)[C@H]3O)c2[nH]1,CC(O)OC[C@]12OC[C@@H](O)[C@H]1Oc1nc3c(=O)[nH]c(=O)[nH]c3n12,3,0.274,
O=c1[nH]c(=O)c2ncn([C@@H]3O[C@H](CO)[C@@H](O)[C@H]3O)c2[nH]1,Cc1nc2c(=O)[nH]c(=O)[nH]c2n1[C@@H]1O[C@@H]2CO[C@@]2(O)[C@H]1OCO,3,0.3099,
O=c1[nH]c(=O)c2ncn([C@@H]3O[C@H](CO)[C@@H](O)[C@H]3O)c2[nH]1,CC(O)OC[C@]12O[C@@H]([C@H](n3cnc4c(=O)[nH]c(=O)[nH]c43)O1)[C@@H]2O,2,0.4918,
O=c1[nH]c(=O)c2ncn([C@@H]3O[C@H](CO)[C@@H](O)[C@H]3O)c2[nH]1,O=c1[nH]c(=O)c2ncn([C@@H]3O[C@H](COCO)[C@@]4(CO4)[C@H]3O)c2[nH]1,3,0.5424,
O=c1[nH]c(=O)c2ncn([C@@H]3O[C@H](CO)[C@@H](O)[C@H]3O)c2[nH]1,O=c1[nH]c(=O)c2ncn([C@]34OC[C@@H](O3)[C@H]4OC(O)CCO)c2[nH]1,3,0.3571,
O=c1[nH]c(=O)c2ncn([C@@H]3O[C@H](CO)[C@@H](O)[C@H]3O)c2[nH]1,Cc1nc2c(=O)[nH]c(=O)[nH]c2n1[C@]12O[C@@H]1[C@H](O)[C@@H](COCO)O2,3,0.3382,
O=c1[nH]c(=O)c2ncn([C@@H]3O[C@H](CO)[C@@H](O)[C@H]3O)c2[nH]1,C[C@]1(O)CO[C@](COC=O)(n2cnc3c(=O)[nH]c(=O)[nH]c32)[C@@H]1O,3,0.3623,
O=c1[nH]c(=O)c2ncn([C@@H]3O[C@H](CO)[C@@H](O)[C@H]3O)c2[nH]1,C[C@@]1(OCO)[C@H](n2cnc3c(=O)[nH]c(=O)[nH]c32)O[C@@H]2CO[C@]21O,3,0.4531,
O=c1[nH]c(=O)c2ncn([C@@H]3O[C@H](CO)[C@@H](O)[C@H]3O)c2[nH]1,C[C@]1(n2cnc3c(=O)[nH]c(=O)[nH]c32)O[C@H](CO)[C@@]2(OCO)O[C@H]21,3,0.4062,
O=c1[nH]c(=O)c2ncn([C@@H]3O[C@H](CO)[C@@H](O)[C@H]3O)c2[nH]1,O=CCO[C@@H]1[C@H](O)[C@@H](CO)O[C@H]1n1cnc2c(=O)[nH]c(=O)[nH]c21,3,0.7037,
O=c1[nH]c(=O)c2ncn([C@@H]3O[C@H](CO)[C@@H](O)[C@H]3O)c2[nH]1,CC(O)[C@H]1O[C@@H](n2cnc3c(=O)[nH]c(=O)[nH]c32)[C@H](O)[C@@H]1OC=O,2,0.5333,
O=c1[nH]c(=O)c2ncn([C@@H]3O[C@H](CO)[C@@H](O)[C@H]3O)c2[nH]1,CC(O)O[C@H]1[C@H](n2cnc3c(=O)[nH]c(=O)[nH]c32)O[C@@H]2CO[C@]21O,2,0.4462,
O=c1[nH]c(=O)c2ncn([C@@H]3O[C@H](CO)[C@@H](O)[C@H]3O)c2[nH]1,O=c1[nH]c(=O)c2ncn([C@@H]3O[C@H](C4CO4)[C@@H](O)[C@H]3OCO)c2[nH]1,3,0.5593,
O=c1[nH]c(=O)c2ncn([C@@H]3O[C@H](CO)[C@@H](O)[C@H]3O)c2[nH]1,CC(O)O[C@@]1(CO)[C@H]2CO[C@H]1n1c(nc3c(=O)[nH]c(=O)[nH]c31)O2,3,0.2917,
O=c1[nH]c(=O)c2ncn([C@@H]3O[C@H](CO)[C@@H](O)[C@H]3O)c2[nH]1,O=c1[nH]c(=O)c2ncn([C@@H]3O[C@@H]4COC[C@@]4(O)[C@H]3OCO)c2[nH]1,3,0.4921,
O=c1[nH]c(=O)c2ncn([C@@H]3O[C@H](CO)[C@@H](O)[C@H]3O)c2[nH]1,CC(O)O[C@@]1(CO)CO[C@@]2(n3cnc4c(=O)[nH]c(=O)[nH]c43)O[C@H]12,3,0.3571,
O=c1[nH]c(=O)c2ncn([C@@H]3O[C@H](CO)[C@@H](O)[C@H]3O)c2[nH]1,CC(O)O[C@@]12O[C@@H]1CO[C@H]2n1c(CO)nc2c(=O)[nH]c(=O)[nH]c21,3,0.2877,
O=c1[nH]c(=O)c2ncn([C@@H]3O[C@H](CO)[C@@H](O)[C@H]3O)c2[nH]1,Cc1nc2c(=O)[nH]c(=O)[nH]c2n1[C@@H]1O[C@@H]2CO[C@@]2(OCO)[C@H]1O,3,0.3333,
O=c1[nH]c(=O)c2ncn([C@@H]3O[C@H](CO)[C@@H](O)[C@H]3O)c2[nH]1,O=c1[nH]c(=O)c2ncn([C@@H]3O[C@@H]4C(O)CO[C@H]4[C@H]3OCO)c2[nH]1,3,0.5333,
O=c1[nH]c(=O)c2ncn([C@@H]3O[C@H](CO)[C@@H](O)[C@H]3O)c2[nH]1,O=c1[nH]c(=O)c2ncn([C@@H]3O[C@@H]4O[C@H]4[C@H]3OC(O)CCO)c2[nH]1,3,0.5082,
O=c1[nH]c(=O)c2ncn([C@@H]3O[C@H](CO)[C@@H](O)[C@H]3O)c2[nH]1,O=c1[nH]c(=O)c2ncn([C@@H]3O[C@]4(CO)CO[C@@H]3[C@@H]4OCO)c2[nH]1,3,0.4839,
O=c1[nH]c(=O)c2ncn([C@@H]3O[C@H](CO)[C@@H](O)[C@H]3O)c2[nH]1,CC(O)OCc1nc2c(=O)[nH]c(=O)[nH]c2n1[C@@H]1OC[C@@]2(O)O[C@@H]12,3,0.2703,
O=c1[nH]c(=O)c2ncn([C@@H]3O[C@H](CO)[C@@H](O)[C@H]3O)c2[nH]1,CC(O)O[C@]12CO[C@@](n3cnc4c(=O)[nH]c(=O)[nH]c43)(CO1)[C@@H]2O,3,0.3529,
O=c1[nH]c(=O)c2ncn([C@@H]3O[C@H](CO)[C@@H](O)[C@H]3O)c2[nH]1,CC(O)[C@H]1O[C@@H](n2cnc3c(=O)[nH]c(=O)[nH]c32)[C@]2(OCO)O[C@H]12,3,0.4762,
O=c1[nH]c(=O)c2ncn([C@@H]3O[C@H](CO)[C@@H](O)[C@H]3O)c2[nH]1,Cc1nc2c(=O)[nH]c(=O)[nH]c2n1[C@@H]1O[C@H](CO)[C@@H](OC=O)[C@H]1O,2,0.4444,
O=c1[nH]c(=O)c2ncn([C@@H]3O[C@H](CO)[C@@H](O)[C@H]3O)c2[nH]1,CC(O)OC[C@]1(n2cnc3c(=O)[nH]c(=O)[nH]c32)OC[C@H]2O[C@]21O,3,0.338,
O=c1[nH]c(=O)c2ncn([C@@H]3O[C@H](CO)[C@@H](O)[C@H]3O)c2[nH]1,CC(O)OCc1nc2c(=O)[nH]c(=O)[nH]c2n1[C@@H]1O[C@@H]2O[C@H]2[C@H]1O,3,0.3382,
O=c1[nH]c(=O)c2ncn([C@@H]3O[C@H](CO)[C@@H](O)[C@H]3O)c2[nH]1,CC(O)OC[C@]12CO[C@H]([C@@H]1O)n1c(nc3c(=O)[nH]c(=O)[nH]c31)O2,3,0.3099,
O=c1[nH]c(=O)c2ncn([C@@H]3O[C@H](CO)[C@@H](O)[C@H]3O)c2[nH]1,CC(O)O[C@]12OC[C@]1(n1cnc3c(=O)[nH]c(=O)[nH]c31)OC[C@H]2O,3,0.3676,
O=c1[nH]c(=O)c2ncn([C@@H]3O[C@H](CO)[C@@H](O)[C@H]3O)c2[nH]1,C[C@@]12OC(OCO)[C@@H](O[C@H]1n1cnc3c(=O)[nH]c(=O)[nH]c31)[C@H]2O,3,0.4918,
O=c1[nH]c(=O)c2ncn([C@@H]3O[C@H](CO)[C@@H](O)[C@H]3O)c2[nH]1,O=c1[nH]c(=O)c2ncn([C@@H]3O[C@H](CO)[C@@H](OCO)[C@@]34CO4)c2[nH]1,3,0.5517,
O=c1[nH]c(=O)c2ncn([C@@H]3O[C@H](CO)[C@@H](O)[C@H]3O)c2[nH]1,C[C@@]12O[C@@H](n3cnc4c(=O)[nH]c(=O)[nH]c43)[C@H](OCO)[C@@H]1OC2O,3,0.5333,
O=c1[nH]c(=O)c2ncn([C@@H]3O[C@H](CO)[C@@H](O)[C@H]3O)c2[nH]1,Cc1nc2c(=O)[nH]c(=O)[nH]c2n1[C@]12O[C@@H]1[C@H](OCO)[C@@H](CO)O2,3,0.3433,
O=c1[nH]c(=O)c2ncn([C@@H]3O[C@H](CO)[C@@H](O)[C@H]3O)c2[nH]1,CC(O)(CO)O[C@@]12O[C@@H]1CO[C@H]2n1cnc2c(=O)[nH]c(=O)[nH]c21,3,0.4242,
O=c1[nH]c(=O)c2ncn([C@@H]3O[C@H](CO)[C@@H](O)[C@H]3O)c2[nH]1,CC(OCO)[C@]12O[C@@H]([C@H](n3cnc4c(=O)[nH]c(=O)[nH]c43)O1)[C@@H]2O,3,0.5082,
O=c1[nH]c(=O)c2ncn([C@@H]3O[C@H](CO)[C@@H](O)[C@H]3O)c2[nH]1,C[C@]1(n2cnc3c(=O)[nH]c(=O)[nH]c32)O[C@@H]2CO[C@]1(OCO)[C@@H]2O,3,0.4091,
O=c1[nH]c(=O)c2ncn([C@@H]3O[C@H](CO)[C@@H](O)[C@H]3O)c2[nH]1,C[C@]12O[C@]1(OCO)[C@@H](CO)O[C@H]2n1cnc2c(=O)[nH]c(=O)[nH]c21,3,0.5167,
O=c1[nH]c(=O)c2ncn([C@@H]3O[C@H](CO)[C@@H](O)[C@H]3O)c2[nH]1,CC(O)O[C@]12OC[C@@H](O[C@H]1n1cnc3c(=O)[nH]c(=O)[nH]c31)[C@H]2O,2,0.4375,
O=c1[nH]c(=O)c2ncn([C@@H]3O[C@H](CO)[C@@H](O)[C@H]3O)c2[nH]1,O=c1[nH]c(=O)c2ncn([C@@H]3O[C@@H]4COC[C@]3(O)[C@@H]4OCO)c2[nH]1,3,0.4531,
O=c1[nH]c(=O)c2ncn([C@@H]3O[C@H](CO)[C@@H](O)[C@H]3O)c2[nH]1,CC(=O)O[C@@H]1C(CO)O[C@@H](n2cnc3c(=O)[nH]c(=O)[nH]c32)[C@@H]1O,3,0.717,
O=c1[nH]c(=O)c2ncn([C@@H]3O[C@H](CO)[C@@H](O)[C@H]3O)c2[nH]1,Cc1nc2c(=O)[nH]c(=O)[nH]c2n1[C@@]1(CO)OC[C@@H](OC=O)[C@H]1O,3,0.2958,
O=c1[nH]c(=O)c2ncn([C@@H]3O[C@H](CO)[C@@H](O)[C@H]3O)c2[nH]1,CC(=O)OC[C@]1(n2cnc3c(=O)[nH]c(=O)[nH]c32)OC[C@@H](O)[C@H]1O,2,0.3846,
O=c1[nH]c(=O)c2ncn([C@@H]3O[C@H](CO)[C@@H](O)[C@H]3O)c2[nH]1,C[C@]1(O)[C@@H]2Oc3nc4c(=O)[nH]c(=O)[nH]c4n3[C@@H]1O[C@@H]2COCO,3,0.3382,
O=c1[nH]c(=O)c2ncn([C@@H]3O[C@H](CO)[C@@H](O)[C@H]3O)c2[nH]1,C[C@@]1(O)[C@@H](OCO)[C@H](n2cnc3c(=O)[nH]c(=O)[nH]c32)O[C@@]12CO2,3,0.5,
O=c1[nH]c(=O)c2ncn([C@@H]3O[C@H](CO)[C@@H](O)[C@H]3O)c2[nH]1,O=c1[nH]c(=O)c2ncn([C@@H]3O[C@H](COCO)[C@@]4(O)CO[C@@H]34)c2[nH]1,3,0.4921,
O=c1[nH]c(=O)c2ncn([C@@H]3O[C@H](CO)[C@@H](O)[C@H]3O)c2[nH]1,CC(=O)O[C@@H]1[C@H](O)CO[C@]1(CO)n1cnc2c(=O)[nH]c(=O)[nH]c21,2,0.3939,
O=c1[nH]c(=O)c2ncn([C@@H]3O[C@H](CO)[C@@H](O)[C@H]3O)c2[nH]1,C[C@]1(OCO)[C@@H]2O[C@]1(n1cnc3c(=O)[nH]c(=O)[nH]c31)O[C@@H]2CO,3,0.4444,
O=c1[nH]c(=O)c2ncn([C@@H]3O[C@H](CO)[C@@H](O)[C@H]3O)c2[nH]1,CC(O)OC[C@]1(O)[C@@H]2O[C@@H](n3cnc4c(=O)[nH]c(=O)[nH]c43)[C@@H]1O2,3,0.4839,
O=c1[nH]c(=O)c2ncn([C@@H]3O[C@H](CO)[C@@H](O)[C@H]3O)c2[nH]1,C[C@H]1O[C@](COC=O)(n2cnc3c(=O)[nH]c(=O)[nH]c32)[C@H](O)[C@@H]1O,3,0.4,
O=c1[nH]c(=O)c2ncn([C@@H]3O[C@H](CO)[C@@H](O)[C@H]3O)c2[nH]1,CC(O)[C@H]1O[C@@H](n2cnc3c(=O)[nH]c(=O)[nH]c32)[C@H](OC=O)[C@@H]1O,2,0.5082,
O=c1[nH]c(=O)c2ncn([C@@H]3O[C@H](CO)[C@@H](O)[C@H]3O)c2[nH]1,CC(O)OC[C@]1(n2cnc3c(=O)[nH]c(=O)[nH]c32)O[C@@H]2O[C@H]2[C@H]1O,3,0.3881,
O=c1[nH]c(=O)c2ncn([C@@H]3O[C@H](CO)[C@@H](O)[C@H]3O)c2[nH]1,O=c1[nH]c(=O)c2ncn([C@@H]3OC[C@@]4(OC(O)CCO)O[C@@H]34)c2[nH]1,3,0.4615,
O=c1[nH]c(=O)c2ncn([C@@H]3O[C@H](CO)[C@@H](O)[C@H]3O)c2[nH]1,C[C@H]1O[C@](CO)(n2cnc3c(=O)[nH]c(=O)[nH]c32)[C@H](O)[C@@H]1OC=O,3,0.3939,
O=c1[nH]c(=O)c2ncn([C@@H]3O[C@H](CO)[C@@H](O)[C@H]3O)c2[nH]1,C[C@]1(O)CO[C@](CO)(n2cnc3c(=O)[nH]c(=O)[nH]c32)[C@@H]1OC=O,3,0.3676,
O=c1[nH]c(=O)c2ncn([C@@H]3O[C@H](CO)[C@@H](O)[C@H]3O)c2[nH]1,C[C@]1(OCO)[C@@H]2O[C@@H](n3cnc4c(=O)[nH]c(=O)[nH]c43)[C@@H]1OC2O,3,0.5424,
O=c1[nH]c(=O)c2ncn([C@@H]3O[C@H](CO)[C@@H](O)[C@H]3O)c2[nH]1,C[C@@]1(O)[C@@H](OCO)[C@]2(n3cnc4c(=O)[nH]c(=O)[nH]c43)OC[C@H]1O2,3,0.3676,
O=c1[nH]c(=O)c2ncn([C@@H]3O[C@H](CO)[C@@H](O)[C@H]3O)c2[nH]1,O=c1[nH]c(=O)c2ncn([C@@H]3O[C@@H]4COCC(O)O[C@H]4[C@H]3O)c2[nH]1,2,0.5714,
O=c1[nH]c(=O)c2ncn([C@@H]3O[C@H](CO)[C@@H](O)[C@H]3O)c2[nH]1,C[C@]1(n2cnc3c(=O)[nH]c(=O)[nH]c32)O[C@H](CO)[C@H]2O[C@]21OCO,3,0.4677,
O=c1[nH]c(=O)c2ncn([C@@H]3O[C@H](CO)[C@@H](O)[C@H]3O)c2[nH]1,CC(O)O[C@@H]1[C@H]2CO[C@@]1(O)[C@H](n1cnc3c(=O)[nH]c(=O)[nH]c31)O2,2,0.4091,
O=c1[nH]c(=O)c2ncn([C@@H]3O[C@H](CO)[C@@H](O)[C@H]3O)c2[nH]1,C[C@]1(O)[C@H](OCO)[C@H]2COc3nc4c(=O)[nH]c(=O)[nH]c4n3[C@@H]1O2,3,0.3333,
O=c1[nH]c(=O)c2ncn([C@@H]3O[C@H](CO)[C@@H](O)[C@H]3O)c2[nH]1,CC(O)OC[C@]1(O)[C@@H]2O[C@H]2O[C@H]1n1cnc2c(=O)[nH]c(=O)[nH]c21,3,0.4677,
O=c1[nH]c(=O)c2ncn([C@@H]3O[C@H](CO)[C@@H](O)[C@H]3O)c2[nH]1,CC(O)OC[C@H]1O[C@@]2(n3cnc4c(=O)[nH]c(=O)[nH]c43)O[C@@H]2[C@@H]1O,2,0.4091,
O=c1[nH]c(=O)c2ncn([C@@H]3O[C@H](CO)[C@@H](O)[C@H]3O)c2[nH]1,Cc1nc2c(=O)[nH]c(=O)[nH]c2n1[C@@]1(CO)OC[C@@H](O)[C@H]1OC=O,3,0.2917,
O=c1[nH]c(=O)c2ncn([C@@H]3O[C@H](CO)[C@@H](O)[C@H]3O)c2[nH]1,CC(O)O[C@@H]1CO[C@@]2(n3cnc4c(=O)[nH]c(=O)[nH]c43)CO[C@]12O,3,0.3286,
O=c1[nH]c(=O)c2ncn([C@@H]3O[C@H](CO)[C@@H](O)[C@H]3O)c2[nH]1,C[C@@]1(OCO)[C@@H](O)[C@H](n2cnc3c(=O)[nH]c(=O)[nH]c32)O[C@@]12CO2,3,0.5333,
O=c1[nH]c(=O)c2ncn([C@@H]3O[C@H](CO)[C@@H](O)[C@H]3O)c2[nH]1,O=c1[nH]c(=O)c2ncn([C@@H]3O[C@]4(COCO)CO[C@H]4[C@H]3O)c2[nH]1,3,0.5246,
O=c1[nH]c(=O)c2ncn([C@@H]3O[C@H](CO)[C@@H](O)[C@H]3O)c2[nH]1,Cc1nc2c(=O)[nH]c(=O)[nH]c2n1[C@@H]1O[C@H](COC=O)[C@@H](O)[C@H]1O,2,0.4355,
O=c1[nH]c(=O)c2ncn([C@@H]3O[C@H](CO)[C@@H](O)[C@H]3O)c2[nH]1,CC(O)O[C@@H]1[C@H]2O[C@H]1[C@@](CO)(n1cnc3c(=O)[nH]c(=O)[nH]c31)O2,3,0.3824,
O=c1[nH]c(=O)c2ncn([C@@H]3O[C@H](CO)[C@@H](O)[C@H]3O)c2[nH]1,C[C@@]1(COCO)O[C@@H]2[C@H](O)[C@@H]1Oc1nc3c(=O)[nH]c(=O)[nH]c3n12,3,0.3382,
O=c1[nH]c(=O)c2ncn([C@@H]3O[C@H](CO)[C@@H](O)[C@H]3O)c2[nH]1,C[C@]1(n2cnc3c(=O)[nH]c(=O)[nH]c32)O[C@@H]2CO[C@]1(O)[C@@H]2OCO,3,0.3623,
O=c1[nH]c(=O)c2ncn([C@@H]3O[C@H](CO)[C@@H](O)[C@H]3O)c2[nH]1,O=c1[nH]c(=O)c2ncn([C@@H]3OC[C@]4(CO)OCC(O)O[C@@H]34)c2[nH]1,3,0.5333,
O=c1[nH]c(=O)c2ncn([C@@H]3O[C@H](CO)[C@@H](O)[C@H]3O)c2[nH]1,CC(O)[C@]1(n2cnc3c(=O)[nH]c(=O)[nH]c32)OC[C@@H](O)[C@H]1OC=O,3,0.3429,
O=c1[nH]c(=O)c2ncn([C@@H]3O[C@H](CO)[C@@H](O)[C@H]3O)c2[nH]1,C[C@]12OC(O)[C@H]1O[C@@H](n1cnc3c(=O)[nH]c(=O)[nH]c31)[C@@H]2OCO,3,0.5246,
O=c1[nH]c(=O)c2ncn([C@@H]3O[C@H](CO)[C@@H](O)[C@H]3O)c2[nH]1,C[C@@]1(CO)O[C@@H]2[C@H](OCO)[C@@H]1Oc1nc3c(=O)[nH]c(=O)[nH]c3n12,3,0.3043,
O=c1[nH]c(=O)c2ncn([C@@H]3O[C@H](CO)[C@@H](O)[C@H]3O)c2[nH]1,CC(O)(CO)O[C@@]12CO[C@@H](n3cnc4c(=O)[nH]c(=O)[nH]c43)[C@@H]1O2,3,0.4688,
O=c1[nH]c(=O)c2ncn([C@@H]3O[C@H](CO)[C@@H](O)[C@H]3O)c2[nH]1,CC(O)(CO)O[C@@H]1CO[C@@]2(n3cnc4c(=O)[nH]c(=O)[nH]c43)O[C@H]12,3,0.3571,
O=c1[nH]c(=O)c2ncn([C@@H]3O[C@H](CO)[C@@H](O)[C@H]3O)c2[nH]1,Cc1nc2c(=O)[nH]c(=O)[nH]c2n1[C@@H]1O[C@@H]2C(O)O[C@@H]1[C@@H]2OCO,3,0.3485,
O=c1[nH]c(=O)c2ncn([C@@H]3O[C@H](CO)[C@@H](O)[C@H]3O)c2[nH]1,C[C@@]12CO[C@](n3cnc4c(=O)[nH]c(=O)[nH]c43)(O1)[C@H](O)[C@@H]2OCO,3,0.3881,
O=c1[nH]c(=O)c2ncn([C@@H]3O[C@H](CO)[C@@H](O)[C@H]3O)c2[nH]1,O=c1[nH]c(=O)c2nc3n(c2[nH]1)[C@@H]1O[C@H](CO)[C@@H](OCO)[C@H]1OC3,3,0.4,
O=c1[nH]c(=O)c2ncn([C@@H]3O[C@H](CO)[C@@H](O)[C@H]3O)c2[nH]1,CCO[C@H]1[C@@H](O)[C@H](n2cnc3c(=O)[nH]c(=O)[nH]c32)O[C@@H]1C(=O)O,3,0.569,
O=c1[nH]c(=O)c2ncn([C@@H]3O[C@H](CO)[C@@H](O)[C@H]3O)c2[nH]1,CO[C@H]1[C@@H](O)[C@H](n2cnc3c(=O)[nH]c(=O)[nH]c32)O[C@@H]1COC=O,3,0.6034,
O=c1[nH]c(=O)c2ncn([C@@H]3O[C@H](CO)[C@@H](O)[C@H]3O)c2[nH]1,C[C@@]12COc3nc4c(=O)[nH]c(=O)[nH]c4n3[C@H](O1)[C@H](O)[C@@H]2OCO,3,0.3333,
O=c1[nH]c(=O)c2ncn([C@@H]3O[C@H](CO)[C@@H](O)[C@H]3O)c2[nH]1,C[C@]1(n2cnc3c(=O)[nH]c(=O)[nH]c32)O[C@@H]2CO[C@@]2(OCO)[C@H]1O,3,0.3824,
O=c1[nH]c(=O)c2ncn([C@@H]3O[C@H](CO)[C@@H](O)[C@H]3O)c2[nH]1,Cc1nc2c(=O)[nH]c(=O)[nH]c2n1[C@@H]1O[C@H](CO)[C@H]2O[C@]21OCO,3,0.3788,
O=c1[nH]c(=O)c2ncn([C@@H]3O[C@H](CO)[C@@H](O)[C@H]3O)c2[nH]1,C[C@]1(n2cnc3c(=O)[nH]c(=O)[nH]c32)O[C@@H]2C(O)O[C@@H]1[C@@H]2OCO,3,0.4091,
O=c1[nH]c(=O)c2ncn([C@@H]3O[C@H](CO)[C@@H](O)[C@H]3O)c2[nH]1,C[C@]1(O)[C@H](O)CO[C@]1(COC=O)n1cnc2c(=O)[nH]c(=O)[nH]c21,3,0.3824,
O=c1[nH]c(=O)c2ncn([C@@H]3O[C@H](CO)[C@@H](O)[C@H]3O)c2[nH]1,Cc1nc2c(=O)[nH]c(=O)[nH]c2n1[C@@H]1O[C@@H]2C(O)O[C@H]2[C@H]1OCO,3,0.3485,
O=c1[nH]c(=O)c2ncn([C@@H]3O[C@H](CO)[C@@H](O)[C@H]3O)c2[nH]1,CC(O)O[C@@H]1[C@H]2CO[C@@]1(n1c(CO)nc3c(=O)[nH]c(=O)[nH]c31)O2,3,0.2703,
O=c1[nH]c(=O)c2ncn([C@@H]3O[C@H](CO)[C@@H](O)[C@H]3O)c2[nH]1,O=c1[nH]c(=O)c2ncn([C@@H]3O[C@H](CO)[C@H]4OC[C@]43OCO)c2[nH]1,3,0.5333,
O=c1[nH]c(=O)c2ncn([C@@H]3O[C@H](CO)[C@@H](O)[C@H]3O)c2[nH]1,CC(O)O[C@@H]1[C@H](O)[C@@H](C=O)O[C@H]1n1cnc2c(=O)[nH]c(=O)[nH]c21,3,0.5082,
O=c1[nH]c(=O)c2ncn([C@@H]3O[C@H](CO)[C@@H](O)[C@H]3O)c2[nH]1,CC(O)OC[C@H]1O[C@@H](n2cnc3c(=O)[nH]c(=O)[nH]c32)[C@]2(O)O[C@H]12,2,0.4531,
O=c1[nH]c(=O)c2ncn([C@@H]3O[C@H](CO)[C@@H](O)[C@H]3O)c2[nH]1,C[C@@]1(O)[C@H]2O[C@@]1(COCO)O[C@H]2n1cnc2c(=O)[nH]c(=O)[nH]c21,3,0.4918,
O=c1[nH]c(=O)c2ncn([C@@H]3O[C@H](CO)[C@@H](O)[C@H]3O)c2[nH]1,CC(O)[C@]12O[C@@H](n3cnc4c(=O)[nH]c(=O)[nH]c43)[C@H](OCO)[C@@H]1O2,3,0.4762,
O=c1[nH]c(=O)c2ncn([C@@H]3O[C@H](CO)[C@@H](O)[C@H]3O)c2[nH]1,CC(=O)OC[C@H]1O[C@@H](n2cnc3c(=O)[nH]c(=O)[nH]c32)[C@H](O)[C@@H]1O,1,0.7115,
O=c1[nH]c(=O)c2ncn([C@@H]3O[C@H](CO)[C@@H](O)[C@H]3O)c2[nH]1,O=c1[nH]c(=O)c2nc3n(c2[nH]1)[C@@H]1O[C@H](CO)[C@@H](OC3)[C@H]1OCO,3,0.4,
O=c1[nH]c(=O)c2ncn([C@@H]3O[C@H](CO)[C@@H](O)[C@H]3O)c2[nH]1,C[C@@]1(CO)O[C@@H](n2cnc3c(=O)[nH]c(=O)[nH]c32)[C@H](OC=O)[C@@H]1O,2,0.5082,
O=c1[nH]c(=O)c2ncn([C@@H]3O[C@H](CO)[C@@H](O)[C@H]3O)c2[nH]1,Cc1nc2c(=O)[nH]c(=O)[nH]c2n1[C@@]12OC[C@@H](O1)[C@@H](O)[C@H]2OCO,3,0.3099,
O=c1[nH]c(=O)c2ncn([C@@H]3O[C@H](CO)[C@@H](O)[C@H]3O)c2[nH]1,CC(=O)OCC1O[C@@H](n2cnc3c(=O)[nH]c(=O)[nH]c32)[C@H](O)[C@@H]1O,3,0.7115,
O=c1[nH]c(=O)c2ncn([C@@H]3O[C@H](CO)[C@@H](O)[C@H]3O)c2[nH]1,CC(=O)n1c(=O)[nH]c2c(ncn2[C@@H]2O[C@H](CO)[C@@H](O)[C@H]2O)c1=O,3,0.6415,
O=c1[nH]c(=O)c2ncn([C@@H]3O[C@H](CO)[C@@H](O)[C@H]3O)c2[nH]1,CC(O)O[C@@H]1[C@@H]2O[C@]1(n1cnc3c(=O)[nH]c(=O)[nH]c31)O[C@@H]2CO,2,0.4375,
O=c1[nH]c(=O)c2ncn([C@@H]3O[C@H](CO)[C@@H](O)[C@H]3O)c2[nH]1,CC(O)O[C@@]12O[C@@H]1[C@@H](CO)O[C@H]2n1cnc2c(=O)[nH]c(=O)[nH]c21,2,0.5246,
O=c1[nH]c(=O)c2ncn([C@@H]3O[C@H](CO)[C@@H](O)[C@H]3O)c2[nH]1,O=C(CO)C[C@H]1O[C@@H](n2cnc3c(=O)[nH]c(=O)[nH]c32)[C@H](O)[C@@H]1O,3,0.7755,
O=c1[nH]c(=O)c2ncn([C@@H]3O[C@H](CO)[C@@H](O)[C@H]3O)c2[nH]1,C[C@@]1(COC=O)O[C@@H](n2cnc3c(=O)[nH]c(=O)[nH]c32)[C@H](O)[C@@H]1O,2,0.5167,
O=c1[nH]c(=O)c2ncn([C@@H]3O[C@H](CO)[C@@H](O)[C@H]3O)c2[nH]1,CC1(OCO)O[C@H]2[C@@H](O)[C@H](n3cnc4c(=O)[nH]c(=O)[nH]c43)O[C@@H]21,3,0.5862,
O=c1[nH]c(=O)c2ncn([C@@H]3O[C@H](CO)[C@@H](O)[C@H]3O)c2[nH]1,C[C@@]12OC(O)[C@@H](O[C@H]1n1cnc3c(=O)[nH]c(=O)[nH]c31)[C@H]2OCO,3,0.4839,
O=c1[nH]c(=O)c2ncn([C@@H]3O[C@H](CO)[C@@H](O)[C@H]3O)c2[nH]1,C[C@@]1(COCO)O[C@@H](n2cnc3c(=O)[nH]c(=O)[nH]c32)[C@@H]2O[C@@]21O,3,0.4839,
O=c1[nH]c(=O)c2ncn([C@@H]3O[C@H](CO)[C@@H](O)[C@H]3O)c2[nH]1,C[C@@]12CO[C@@](O)([C@H](n3cnc4c(=O)[nH]c(=O)[nH]c43)O1)[C@@H]2OCO,3,0.4375,
O=c1[nH]c(=O)c2ncn([C@@H]3O[C@H](CO)[C@@H](O)[C@H]3O)c2[nH]1,C[C@@]1(CO)O[C@@]2(n3cnc4c(=O)[nH]c(=O)[nH]c43)O[C@H]1[C@H]2OCO,3,0.3788,
O=c1[nH]c(=O)c2ncn([C@@H]3O[C@H](CO)[C@@H](O)[C@H]3O)c2[nH]1,CC1O[C@]2(n3cnc4c(=O)[nH]c(=O)[nH]c43)O[C@H]1[C@@H](O)[C@H]2OCO,3,0.4154,
O=c1[nH]c(=O)c2ncn([C@@H]3O[C@H](CO)[C@@H](O)[C@H]3O)c2[nH]1,CC1O[C@]2(OCO)[C@H](O)[C@@H]1O[C@H]2n1cnc2c(=O)[nH]c(=O)[nH]c21,3,0.4918,
O=c1[nH]c(=O)c2ncn([C@@H]3O[C@H](CO)[C@@H](O)[C@H]3O)c2[nH]1,C[C@]1(O)[C@H](O)[C@@H](COC=O)O[C@H]1n1cnc2c(=O)[nH]c(=O)[nH]c21,2,0.4918,
O=c1[nH]c(=O)c2ncn([C@@H]3O[C@H](CO)[C@@H](O)[C@H]3O)c2[nH]1,C[C@]1(OC=O)[C@@H](CO)O[C@@H](n2cnc3c(=O)[nH]c(=O)[nH]c32)[C@@H]1O,2,0.5965,
O=c1[nH]c(=O)c2ncn([C@@H]3O[C@H](CO)[C@@H](O)[C@H]3O)c2[nH]1,CC(O)OC[C@]1(n2cnc3c(=O)[nH]c(=O)[nH]c32)O[C@@H]2O[C@@H]1[C@@H]2O,3,0.4242,
O=c1[nH]c(=O)c2ncn([C@@H]3O[C@H](CO)[C@@H](O)[C@H]3O)c2[nH]1,C[C@]1(n2cnc3c(=O)[nH]c(=O)[nH]c32)O[C@@H]2CO[C@@]2(O)[C@H]1OCO,3,0.3731,
O=c1[nH]c(=O)c2ncn([C@@H]3O[C@H](CO)[C@@H](O)[C@H]3O)c2[nH]1,C[C@]1(O)[C@@H]2OC(OCO)[C@H]2O[C@H]1n1cnc2c(=O)[nH]c(=O)[nH]c21,3,0.4677,
O=c1[nH]c(=O)c2ncn([C@@H]3O[C@H](CO)[C@@H](O)[C@H]3O)c2[nH]1,C[C@]1(OCO)[C@H]2COc3nc4c(=O)[nH]c(=O)[nH]c4n3[C@H](O2)[C@@H]1O,3,0.3582,
O=c1[nH]c(=O)c2ncn([C@@H]3O[C@H](CO)[C@@H](O)[C@H]3O)c2[nH]1,C[C@]1(n2cnc3c(=O)[nH]c(=O)[nH]c32)O[C@H](COCO)[C@H]2O[C@]21O,3,0.3939,
O=c1[nH]c(=O)c2ncn([C@@H]3O[C@H](CO)[C@@H](O)[C@H]3O)c2[nH]1,CC(O)O[C@@H]1[C@@H]2OC(O)[C@H]2O[C@H]1n1cnc2c(=O)[nH]c(=O)[nH]c21,2,0.5,
O=c1[nH]c(=O)c2ncn([C@@H]3O[C@H](CO)[C@@H](O)[C@H]3O)c2[nH]1,CC1O[C@]2(O)[C@H](OCO)[C@@H]1O[C@H]2n1cnc2c(=O)[nH]c(=O)[nH]c21,3,0.4839,
O=c1[nH]c(=O)c2ncn([C@@H]3O[C@H](CO)[C@@H](O)[C@H]3O)c2[nH]1,CC1O[C@](CO)(n2cnc3c(=O)[nH]c(=O)[nH]c32)[C@H](OC=O)[C@@H]1O,3,0.4091,
O=c1[nH]c(=O)c2ncn([C@@H]3O[C@H](CO)[C@@H](O)[C@H]3O)c2[nH]1,CC(O)O[C@@H]1[C@H]2CO[C@@]1(n1cnc3c(=O)[nH]c(=O)[nH]c31)C(O)O2,3,0.3623,
O=c1[nH]c(=O)c2ncn([C@@H]3O[C@H](CO)[C@@H](O)[C@H]3O)c2[nH]1,C[C@]1(n2cnc3c(=O)[nH]c(=O)[nH]c32)O[C@]2(COCO)O[C@H]2[C@H]1O,3,0.3939,
O=c1[nH]c(=O)c2ncn([C@@H]3O[C@H](CO)[C@@H](O)[C@H]3O)c2[nH]1,C[C@@]1(O)[C@H](n2cnc3c(=O)[nH]c(=O)[nH]c32)O[C@@H]2CO[C@]21OCO,3,0.4762,
O=c1[nH]c(=O)c2ncn([C@@H]3O[C@H](CO)[C@@H](O)[C@H]3O)c2[nH]1,C[C@]1(O)[C@H]2CO[C@@]1(OCO)[C@H](n1cnc3c(=O)[nH]c(=O)[nH]c31)O2,3,0.4762,
O=c1[nH]c(=O)c2ncn([C@@H]3O[C@H](CO)[C@@H](O)[C@H]3O)c2[nH]1,CC1(OCO)O[C@@H]2[C@H](O)[C@@H]1O[C@H]2n1cnc2c(=O)[nH]c(=O)[nH]c21,3,0.5593,
O=c1[nH]c(=O)c2ncn([C@@H]3O[C@H](CO)[C@@H](O)[C@H]3O)c2[nH]1,CC(O)[C@H]1O[C@@H]2[C@H](OCO)[C@@H]1Oc1nc3c(=O)[nH]c(=O)[nH]c3n12,3,0.3188,
O=c1[nH]c(=O)c2ncn([C@@H]3O[C@H](CO)[C@@H](O)[C@H]3O)c2[nH]1,CC(O)OC[C@]1(n2cnc3c(=O)[nH]c(=O)[nH]c32)OC2O[C@@H]1[C@@H]2O,3,0.4242,
O=c1[nH]c(=O)c2ncn([C@@H]3O[C@H](CO)[C@@H](O)[C@H]3O)c2[nH]1,C[C@@]12O[C@H](COCO)[C@@H](Oc3nc4c(=O)[nH]c(=O)[nH]c4n31)[C@H]2O,3,0.3235,
O=c1[nH]c(=O)c2ncn([C@@H]3O[C@H](CO)[C@@H](O)[C@H]3O)c2[nH]1,CC(O)OC[C@@]12OC[C@@H](Oc3nc4c(=O)[nH]c(=O)[nH]c4n31)[C@H]2O,3,0.2778,
O=c1[nH]c(=O)c2ncn([C@@H]3O[C@H](CO)[C@@H](O)[C@H]3O)c2[nH]1,O=c1[nH]c(=O)c2ncn([C@@H]3O[C@H](CO)[C@H]4OC(O)CO[C@H]43)c2[nH]1,2,0.6667,
O=c1[nH]c(=O)c2ncn([C@@H]3O[C@H](CO)[C@@H](O)[C@H]3O)c2[nH]1,CC(O)O[C@@]1(CO)[C@@H]2O[C@H]2O[C@H]1n1cnc2c(=O)[nH]c(=O)[nH]c21,3,0.4839,
O=c1[nH]c(=O)c2ncn([C@@H]3O[C@H](CO)[C@@H](O)[C@H]3O)c2[nH]1,C[C@@]1(OCO)[C@@H](O)[C@]2(n3cnc4c(=O)[nH]c(=O)[nH]c43)OC[C@H]1O2,3,0.403,
O=c1[nH]c(=O)c2ncn([C@@H]3O[C@H](CO)[C@@H](O)[C@H]3O)c2[nH]1,CC(O)O[C@@]12CO[C@](CO)(n3cnc4c(=O)[nH]c(=O)[nH]c43)[C@@H]1O2,3,0.3571,
O=c1[nH]c(=O)c2ncn([C@@H]3O[C@H](CO)[C@@H](O)[C@H]3O)c2[nH]1,C[C@@]12O[C@]1(n1cnc3c(=O)[nH]c(=O)[nH]c31)O[C@H](COCO)[C@H]2O,3,0.4219,
O=c1[nH]c(=O)c2ncn([C@@H]3O[C@H](CO)[C@@H](O)[C@H]3O)c2[nH]1,O=c1[nH]c(=O)c2ncn([C@@H]3OC[C@H]4O[C@]43OC(O)CCO)c2[nH]1,3,0.4242,
O=c1[nH]c(=O)c2ncn([C@@H]3O[C@H](CO)[C@@H](O)[C@H]3O)c2[nH]1,CC1O[C@]12O[C@@H](n1cnc3c(=O)[nH]c(=O)[nH]c31)[C@H](OCO)[C@@H]2O,3,0.5254,
O=c1[nH]c(=O)c2ncn([C@@H]3O[C@H](CO)[C@@H](O)[C@H]3O)c2[nH]1,O=c1[nH]c(=O)c2ncn([C@@H]3O[C@@H]4COC[C@@]4(OCO)[C@H]3O)c2[nH]1,3,0.5246,
O=c1[nH]c(=O)c2ncn([C@@H]3O[C@H](CO)[C@@H](O)[C@H]3O)c2[nH]1,CC(O)O[C@@H]1CO[C@@]2(CO)[C@@H]1Oc1nc3c(=O)[nH]c(=O)[nH]c3n12,3,0.274,
O=c1[nH]c(=O)c2ncn([C@@H]3O[C@H](CO)[C@@H](O)[C@H]3O)c2[nH]1,O=c1[nH]c(=O)c2ncn([C@@H]3OC4(COC4)[C@@H](OCO)[C@H]3O)c2[nH]1,3,0.5333,
O=c1[nH]c(=O)c2ncn([C@@H]3O[C@H](CO)[C@@H](O)[C@H]3O)c2[nH]1,CC(O)O[C@@H]1[C@]2(CO)CO[C@@]1(n1cnc3c(=O)[nH]c(=O)[nH]c31)O2,3,0.3623,
O=c1[nH]c(=O)c2ncn([C@@H]3O[C@H](CO)[C@@H](O)[C@H]3O)c2[nH]1,O=CCOC[C@H]1O[C@@H](n2cnc3c(=O)[nH]c(=O)[nH]c32)[C@H](O)[C@@H]1O,3,0.6981,
O=c1[nH]c(=O)c2ncn([C@@H]3O[C@H](CO)[C@@H](O)[C@H]3O)c2[nH]1,C[C@@]12COc3nc4c(=O)[nH]c(=O)[nH]c4n3[C@H](O1)[C@H](OCO)[C@@H]2O,3,0.3188,
O=c1[nH]c(=O)c2ncn([C@@H]3O[C@H](CO)[C@@H](O)[C@H]3O)c2[nH]1,CC(O)(CO)O[C@@H]1[C@H]2CO[C@@]1(n1cnc3c(=O)[nH]c(=O)[nH]c31)O2,3,0.3571,
O=c1[nH]c(=O)c2ncn([C@@H]3O[C@H](CO)[C@@H](O)[C@H]3O)c2[nH]1,C[C@@]12Oc3nc4c(=O)[nH]c(=O)[nH]c4n3[C@@H]1O[C@H](CO)[C@H]2OCO,3,0.3788,
O=c1[nH]c(=O)c2ncn([C@@H]3O[C@H](CO)[C@@H](O)[C@H]3O)c2[nH]1,C[C@]12O[C@H](COCO)[C@@H](O)[C@H]1Oc1nc3c(=O)[nH]c(=O)[nH]c3n12,3,0.3382,
O=c1[nH]c(=O)c2ncn([C@@H]3O[C@H](CO)[C@@H](O)[C@H]3O)c2[nH]1,C[C@@]1(O)[C@H]2O[C@]2(n2cnc3c(=O)[nH]c(=O)[nH]c32)O[C@@H]1COCO,3,0.3731,
O=c1[nH]c(=O)c2ncn([C@@H]3O[C@H](CO)[C@@H](O)[C@H]3O)c2[nH]1,CC(O)O[C@@H]1[C@H](O)[C@H]2CO[C@]1(n1cnc3c(=O)[nH]c(=O)[nH]c31)O2,2,0.3623,
O=c1[nH]c(=O)c2ncn([C@@H]3O[C@H](CO)[C@@H](O)[C@H]3O)c2[nH]1,CC(O)(CO)O[C@@H]1CO[C@@H]2[C@@H]1Oc1nc3c(=O)[nH]c(=O)[nH]c3n12,3,0.2958,
O=c1[nH]c(=O)c2ncn([C@@H]3O[C@H](CO)[C@@H](O)[C@H]3O)c2[nH]1,C[C@]1(OC=O)[C@H](O)[C@@H](CO)O[C@H]1n1cnc2c(=O)[nH]c(=O)[nH]c21,2,0.5789,
O=c1[nH]c(=O)c2ncn([C@@H]3O[C@H](CO)[C@@H](O)[C@H]3O)c2[nH]1,Cc1nc2c(=O)[nH]c(=O)[nH]c2n1[C@@H]1O[C@H](COCO)[C@@]2(O)O[C@@H]12,3,0.3143,
O=c1[nH]c(=O)c2ncn([C@@H]3O[C@H](CO)[C@@H](O)[C@H]3O)c2[nH]1,C[C@]1(O)[C@H](OCO)[C@]2(CO2)O[C@H]1n1cnc2c(=O)[nH]c(=O)[nH]c21,3,0.4444,
O=c1[nH]c(=O)c2ncn([C@@H]3O[C@H](CO)[C@@H](O)[C@H]3O)c2[nH]1,C[C@]12O[C@](n3cnc4c(=O)[nH]c(=O)[nH]c43)(O[C@@H]1CO)[C@@H]2OCO,3,0.4,
O=c1[nH]c(=O)c2ncn([C@@H]3O[C@H](CO)[C@@H](O)[C@H]3O)c2[nH]1,C[C@]12CO[C@@]1(OCO)[C@@H](O)[C@H](n1cnc3c(=O)[nH]c(=O)[nH]c31)O2,3,0.5246,
O=c1[nH]c(=O)c2ncn([C@@H]3O[C@H](CO)[C@@H](O)[C@H]3O)c2[nH]1,O=C[C@H]1O[C@@H](n2cnc3c(=O)[nH]c(=O)[nH]c32)[C@H](OCCO)[C@@H]1O,3,0.569,
O=c1[nH]c(=O)c2ncn([C@@H]3O[C@H](CO)[C@@H](O)[C@H]3O)c2[nH]1,C[C@@]1(CO)O[C@@]2(n3cnc4c(=O)[nH]c(=O)[nH]c43)O[C@@H]2[C@@H]1OCO,3,0.3731,
O=c1[nH]c(=O)c2ncn([C@@H]3O[C@H](CO)[C@@H](O)[C@H]3O)c2[nH]1,CC(O)O[C@@H]1[C@@H]2O[C@@H](n3cnc4c(=O)[nH]c(=O)[nH]c43)[C@@]1(CO)O2,3,0.4531,
O=c1[nH]c(=O)c2ncn([C@@H]3O[C@H](CO)[C@@H](O)[C@H]3O)c2[nH]1,C[C@]1(O)[C@@H]2O[C@@H](n3cnc4c(=O)[nH]c(=O)[nH]c43)[C@@H]1OC2OCO,3,0.5167,
O=c1[nH]c(=O)c2ncn([C@@H]3O[C@H](CO)[C@@H](O)[C@H]3O)c2[nH]1,CC(OC=O)[C@H]1O[C@@H](n2cnc3c(=O)[nH]c(=O)[nH]c32)[C@H](O)[C@@H]1O,2,0.5789,
O=c1[nH]c(=O)c2ncn([C@@H]3O[C@H](CO)[C@@H](O)[C@H]3O)c2[nH]1,CC(O)OCc1nc2c(=O)[nH]c(=O)[nH]c2n1[C@@H]1O[C@@H]2O[C@@H]1[C@@H]2O,3,0.3382,
O=c1[nH]c(=O)c2ncn([C@@H]3O[C@H](CO)[C@@H](O)[C@H]3O)c2[nH]1,O=c1[nH]c(=O)c2ncn([C@@]3(CO)OC[C@H]4OCC(O)O[C@H]43)c2[nH]1,3,0.4154,
O=c1[nH]c(=O)c2ncn([C@@H]3O[C@H](CO)[C@@H](O)[C@H]3O)c2[nH]1,C[C@@]12O[C@H](CO)[C@@H](Oc3nc4c(=O)[nH]c(=O)[nH]c4n31)[C@H]2OCO,3,0.3433,
O=c1[nH]c(=O)c2ncn([C@@H]3O[C@H](CO)[C@@H](O)[C@H]3O)c2[nH]1,C[C@@]12O[C@@]1(OCO)[C@H](n1cnc3c(=O)[nH]c(=O)[nH]c31)O[C@@H]2CO,3,0.5167,
O=c1[nH]c(=O)c2ncn([C@@H]3O[C@H](CO)[C@@H](O)[C@H]3O)c2[nH]1,O=c1[nH]c(=O)c2nc3n(c2[nH]1)[C@@H]1OC[C@@H](OC(O)CCO)[C@H]1O3,3,0.2958,
O=c1[nH]c(=O)c2ncn([C@@H]3O[C@H](CO)[C@@H](O)[C@H]3O)c2[nH]1,C[C@]12O[C@@H](n3cnc4c(=O)[nH]c(=O)[nH]c43)[C@H](OC1O)[C@@H]2OCO,3,0.5246,
O=c1[nH]c(=O)c2ncn([C@@H]3O[C@H](CO)[C@@H](O)[C@H]3O)c2[nH]1,CC1O[C@]2(O)[C@@H]1O[C@@H](n1cnc3c(=O)[nH]c(=O)[nH]c31)[C@@H]2OCO,3,0.5333,
O=c1[nH]c(=O)c2ncn([C@@H]3O[C@H](CO)[C@@H](O)[C@H]3O)c2[nH]1,O=c1[nH]c(=O)c2ncn([C@@]34COCC(O)O[C@H](CO3)[C@H]4O)c2[nH]1,3,0.3906,
O=c1[nH]c(=O)c2ncn([C@@H]3O[C@H](CO)[C@@H](O)[C@H]3O)c2[nH]1,CC(O)[C@H]1O[C@@]2(n3cnc4c(=O)[nH]c(=O)[nH]c43)O[C@H]1[C@H]2OCO,3,0.3676,
O=c1[nH]c(=O)c2ncn([C@@H]3O[C@H](CO)[C@@H](O)[C@H]3O)c2[nH]1,CC(OCO)[C@H]1O[C@@]2(n3cnc4c(=O)[nH]c(=O)[nH]c43)O[C@@H]2[C@@H]1O,3,0.4091,
O=c1[nH]c(=O)c2ncn([C@@H]3O[C@H](CO)[C@@H](O)[C@H]3O)c2[nH]1,C[C@]1(n2cnc3c(=O)[nH]c(=O)[nH]c32)O[C@]2(CO)O[C@H]2[C@H]1OCO,3,0.3731,
O=c1[nH]c(=O)c2ncn([C@@H]3O[C@H](CO)[C@@H](O)[C@H]3O)c2[nH]1,C[C@@]1(CO)O[C@@H]2[C@H](Oc3nc4c(=O)[nH]c(=O)[nH]c4n32)[C@@H]1OCO,3,0.3043,
O=c1[nH]c(=O)c2ncn([C@@H]3O[C@H](CO)[C@@H](O)[C@H]3O)c2[nH]1,COC(=O)[C@@H]1[C@H](O)[C@@H](CO)O[C@H]1n1cnc2c(=O)[nH]c(=O)[nH]c21,3,0.717,
O=c1[nH]c(=O)c2ncn([C@@H]3O[C@H](CO)[C@@H](O)[C@H]3O)c2[nH]1,C[C@]12CO[C@@]1(O)[C@@H](OCO)[C@H](n1cnc3c(=O)[nH]c(=O)[nH]c31)O2,3,0.4688,
O=c1[nH]c(=O)c2ncn([C@@H]3O[C@H](CO)[C@@H](O)[C@H]3O)c2[nH]1,CC(O)O[C@@H]1[C@H](O)[C@H]2COc3nc4c(=O)[nH]c(=O)[nH]c4n3[C@@H]1O2,2,0.3382,
O=c1[nH]c(=O)c2ncn([C@@H]3O[C@H](CO)[C@@H](O)[C@H]3O)c2[nH]1,O=c1[nH]c(=O)c2ncn([C@@H]3O[C@H](CO)[C@@]4(OCO)CO[C@@H]34)c2[nH]1,3,0.5246,
O=c1[nH]c(=O)c2ncn([C@@H]3O[C@H](CO)[C@@H](O)[C@H]3O)c2[nH]1,CC(=O)O[C@@H]1C(CO)O[C@H](n2cnc3c(=O)[nH]c(=O)[nH]c32)[C@@H]1O,3,0.717,
O=c1[nH]c(=O)c2ncn([C@@H]3O[C@H](CO)[C@@H](O)[C@H]3O)c2[nH]1,CC(O)OCc1nc2c(=O)[nH]c(=O)[nH]c2n1[C@]12OC[C@@H](O1)[C@H]2O,3,0.274,
O=c1[nH]c(=O)c2ncn([C@@H]3O[C@H](CO)[C@@H](O)[C@H]3O)c2[nH]1,C[C@]12O[C@@H](n3cnc4c(=O)[nH]c(=O)[nH]c43)[C@H](OC1OCO)[C@@H]2O,3,0.5333,
O=c1[nH]c(=O)c2ncn([C@@H]3O[C@H](CO)[C@@H](O)[C@H]3O)c2[nH]1,C[C@]12O[C@@]1(COCO)O[C@@H](n1cnc3c(=O)[nH]c(=O)[nH]c31)[C@@H]2O,3,0.5082,
O=c1[nH]c(=O)c2ncn([C@@H]3O[C@H](CO)[C@@H](O)[C@H]3O)c2[nH]1,O=c1[nH]c(=O)c2ncn([C@]34CO[C@@H]([C@H]3OCO)[C@@H](CO)O4)c2[nH]1,3,0.4308,
O=c1[nH]c(=O)c2ncn([C@@H]3O[C@H](CO)[C@@H](O)[C@H]3O)c2[nH]1,C[C@@]1(OCO)[C@H]2O[C@]2(n2cnc3c(=O)[nH]c(=O)[nH]c32)O[C@@H]1CO,3,0.4,
O=c1[nH]c(=O)c2ncn([C@@H]3O[C@H](CO)[C@@H](O)[C@H]3O)c2[nH]1,CC(O)O[C@H]1[C@@H](O)[C@H](n2cnc3c(=O)[nH]c(=O)[nH]c32)O[C@@]12CO2,2,0.4762,
O=c1[nH]c(=O)c2ncn([C@@H]3O[C@H](CO)[C@@H](O)[C@H]3O)c2[nH]1,C[C@]1(n2cnc3c(=O)[nH]c(=O)[nH]c32)O[C@@]2(CO2)[C@@H](O)[C@H]1OCO,3,0.3939,
O=c1[nH]c(=O)c2ncn([C@@H]3O[C@H](CO)[C@@H](O)[C@H]3O)c2[nH]1,O=c1[nH]c(=O)c2ncn([C@@H]3OC[C@H]4OC(O)CO[C@@]43CO)c2[nH]1,3,0.4918,
O=c1[nH]c(=O)c2ncn([C@@H]3O[C@H](CO)[C@@H](O)[C@H]3O)c2[nH]1,CC(OCO)[C@H]1O[C@@H](n2cnc3c(=O)[nH]c(=O)[nH]c32)[C@@H]2O[C@]12O,3,0.5161,
O=c1[nH]c(=O)c2ncn([C@@H]3O[C@H](CO)[C@@H](O)[C@H]3O)c2[nH]1,CC(O)[C@H]1O[C@@H](n2cnc3c(=O)[nH]c(=O)[nH]c32)[C@@H]2O[C@]12OCO,3,0.4921,
O=c1[nH]c(=O)c2ncn([C@@H]3O[C@H](CO)[C@@H](O)[C@H]3O)c2[nH]1,O=c1[nH]c(=O)c2ncn([C@@]3(CO)OC[C@H]4OC(O)CO[C@H]43)c2[nH]1,3,0.4154,
O=c1[nH]c(=O)c2ncn([C@@H]3O[C@H](CO)[C@@H](O)[C@H]3O)c2[nH]1,CO[C@@H]1[C@H](OC=O)[C@@H](CO)O[C@H]1n1cnc2c(=O)[nH]c(=O)[nH]c21,3,0.614,0.4688
O=c1[nH]c(=O)c2ncn([C@@H]3O[C@H](CO)[C@@H](O)[C@H]3O)c2[nH]1,O=c1[nH]c(=O)c2ncn([C@]34COC(O)CO[C@@H]3[C@H](O)CO4)c2[nH]1,3,0.3692,
O=c1[nH]c(=O)c2ncn([C@@H]3O[C@H](CO)[C@@H](O)[C@H]3O)c2[nH]1,CC(O)O[C@@H]1[C@@H]2Oc3nc4c(=O)[nH]c(=O)[nH]c4n3[C@@H]1O[C@@H]2CO,2,0.4,
O=c1[nH]c(=O)c2ncn([C@@H]3O[C@H](CO)[C@@H](O)[C@H]3O)c2[nH]1,CC(O)OCc1nc2c(=O)[nH]c(=O)[nH]c2n1[C@@H]1OC[C@H]2O[C@]21O,3,0.2703,
O=c1[nH]c(=O)c2ncn([C@@H]3O[C@H](CO)[C@@H](O)[C@H]3O)c2[nH]1,CC(O)O[C@H]1[C@H]2OC[C@]1(CO)Oc1nc3c(=O)[nH]c(=O)[nH]c3n12,3,0.3056,
O=c1[nH]c(=O)c2ncn([C@@H]3O[C@H](CO)[C@@H](O)[C@H]3O)c2[nH]1,C[C@H]1O[C@@H](n2cnc3c(=O)[nH]c(=O)[nH]c32)[C@H](O)[C@@H]1OC(=O)CO,3,0.5965,
O=c1[nH]c(=O)c2ncn([C@@H]3O[C@H](CO)[C@@H](O)[C@H]3O)c2[nH]1,CC1(O)O[C@H]2[C@@H](OCO)[C@H](n3cnc4c(=O)[nH]c(=O)[nH]c43)O[C@@H]21,3,0.5,
O=c1[nH]c(=O)c2ncn([C@@H]3O[C@H](CO)[C@@H](O)[C@H]3O)c2[nH]1,C[C@]1(n2cnc3c(=O)[nH]c(=O)[nH]c32)O[C@@]2(CO2)[C@@H](OCO)[C@H]1O,3,0.3939,
O=c1[nH]c(=O)c2ncn([C@@H]3O[C@H](CO)[C@@H](O)[C@H]3O)c2[nH]1,O=c1[nH]c(=O)c2ncn([C@@H]3O[C@@H]4C(OCO)CO[C@H]4[C@H]3O)c2[nH]1,3,0.5862,
O=c1[nH]c(=O)c2ncn([C@@H]3O[C@H](CO)[C@@H](O)[C@H]3O)c2[nH]1,O=c1[nH]c(=O)c2ncn([C@@H]3O[C@@H]4COC[C@]3(OCO)[C@@H]4O)c2[nH]1,3,0.4839,
O=c1[nH]c(=O)c2ncn([C@@H]3O[C@H](CO)[C@@H](O)[C@H]3O)c2[nH]1,CC(O)[C@]12O[C@@H]([C@H](n3cnc4c(=O)[nH]c(=O)[nH]c43)O1)[C@@H]2OCO,3,0.4762,
O=c1[nH]c(=O)c2ncn([C@@H]3O[C@H](CO)[C@@H](O)[C@H]3O)c2[nH]1,C[C@@]1(COCO)O[C@@H]2[C@H](Oc3nc4c(=O)[nH]c(=O)[nH]c4n32)[C@@H]1O,3,0.3235,
O=c1[nH]c(=O)c2ncn([C@@H]3O[C@H](CO)[C@@H](O)[C@H]3O)c2[nH]1,O=c1[nH]c(=O)c2nc3n(c2[nH]1)[C@@H]1O[C@H](COCO)[C@@H](OC3)[C@H]1O,3,0.3939,
O=c1[nH]c(=O)c2ncn([C@@H]3O[C@H](CO)[C@@H](O)[C@H]3O)c2[nH]1,CC(O)O[C@@H]1[C@@H]2O[C@H]2O[C@H]1n1c(CO)nc2c(=O)[nH]c(=O)[nH]c21,3,0.3188,
O=c1[nH]c(=O)c2ncn([C@@H]3O[C@H](CO)[C@@H](O)[C@H]3O)c2[nH]1,CC(OCO)[C@H]1O[C@@]2(n3cnc4c(=O)[nH]c(=O)[nH]c43)O[C@H]1[C@H]2O,3,0.3939,
O=c1[nH]c(=O)c2ncn([C@@H]3O[C@H](CO)[C@@H](O)[C@H]3O)c2[nH]1,CC(O)OC[C@]1(O)[C@H]2CO[C@@]1(n1cnc3c(=O)[nH]c(=O)[nH]c31)O2,3,0.338,
O=c1[nH]c(=O)c2ncn([C@@H]3O[C@H](CO)[C@@H](O)[C@H]3O)c2[nH]1,O=c1[nH]c(=O)c2ncn([C@@H]3OC[C@H]4OC(CO)C(O)O[C@@H]34)c2[nH]1,3,0.625,
O=c1[nH]c(=O)c2ncn([C@@H]3O[C@H](CO)[C@@H](O)[C@H]3O)c2[nH]1,C[C@]1(n2cnc3c(=O)[nH]c(=O)[nH]c32)O[C@@H]2C(OCO)O[C@H]2[C@H]1O,3,0.4219,
O=c1[nH]c(=O)c2ncn([C@@H]3O[C@H](CO)[C@@H](O)[C@H]3O)c2[nH]1,CC(O)O[C@@]12OC[C@H]1O[C@@H](n1cnc3c(=O)[nH]c(=O)[nH]c31)[C@@H]2O,2,0.4762,
O=c1[nH]c(=O)c2ncn([C@@H]3O[C@H](CO)[C@@H](O)[C@H]3O)c2[nH]1,C[C@@]12O[C@@]1(O)[C@H](n1cnc3c(=O)[nH]c(=O)[nH]c31)O[C@@H]2COCO,3,0.4603,
O=c1[nH]c(=O)c2ncn([C@@H]3O[C@H](CO)[C@@H](O)[C@H]3O)c2[nH]1,CC(O)O[C@H]1[C@@H](O)[C@H](n2cnc3c(=O)[nH]c(=O)[nH]c32)O[C@@H]1C=O,3,0.5333,
O=c1[nH]c(=O)c2ncn([C@@H]3O[C@H](CO)[C@@H](O)[C@H]3O)c2[nH]1,CC(O)OC[C@]1(O)CO[C@@]2(n3cnc4c(=O)[nH]c(=O)[nH]c43)O[C@H]12,3,0.338,
O=c1[nH]c(=O)c2ncn([C@@H]3O[C@H](CO)[C@@H](O)[C@H]3O)c2[nH]1,O=c1[nH]c(=O)c2ncn([C@@H]3O[C@]4(CO)CO[C@H]4[C@H]3OCO)c2[nH]1,3,0.4839,
O=c1[nH]c(=O)c2ncn([C@@H]3O[C@H](CO)[C@@H](O)[C@H]3O)c2[nH]1,Cc1nc2c(=O)[nH]c(=O)[nH]c2n1[C@@H]1O[C@]2(CO)O[C@H]2[C@H]1OCO,3,0.3088,
O=c1[nH]c(=O)c2ncn([C@@H]3O[C@H](CO)[C@@H](O)[C@H]3O)c2[nH]1,C[C@]1(OCO)[C@@H]2OC(O)[C@H]2O[C@H]1n1cnc2c(=O)[nH]c(=O)[nH]c21,3,0.4918,
O=c1[nH]c(=O)c2ncn([C@@H]3O[C@H](CO)[C@@H](O)[C@H]3O)c2[nH]1,CC(O)O[C@@H]1C2OC[C@](n3cnc4c(=O)[nH]c(=O)[nH]c43)(O2)[C@@H]1O,3,0.3478,
O=c1[nH]c(=O)c2ncn([C@@H]3O[C@H](CO)[C@@H](O)[C@H]3O)c2[nH]1,C[C@]1(O)[C@H](OC=O)CO[C@]1(CO)n1cnc2c(=O)[nH]c(=O)[nH]c21,3,0.3623,
O=c1[nH]c(=O)c2ncn([C@@H]3O[C@H](CO)[C@@H](O)[C@H]3O)c2[nH]1,CC(=O)C(O)[C@H]1O[C@@H](n2cnc3c(=O)[nH]c(=O)[nH]c32)[C@H](O)[C@@H]1O,3,0.6111,
O=c1[nH]c(=O)c2ncn([C@@H]3O[C@H](CO)[C@@H](O)[C@H]3O)c2[nH]1,CC(O)O[C@@H]1CO[C@H]2n3c(nc4c(=O)[nH]c(=O)[nH]c43)O[C@@]12CO,3,0.2877,
O=c1[nH]c(=O)c2ncn([C@@H]3O[C@H](CO)[C@@H](O)[C@H]3O)c2[nH]1,CC(O)O[C@H]1[C@H](n2cnc3c(=O)[nH]c(=O)[nH]c32)O[C@]2(CO)O[C@@H]12,2,0.4839,
O=c1[nH]c(=O)c2ncn([C@@H]3O[C@H](CO)[C@@H](O)[C@H]3O)c2[nH]1,Cc1nc2c(=O)[nH]c(=O)[nH]c2n1[C@]12O[C@@H]([C@H]1OCO)[C@@H](CO)O2,3,0.3433,
O=c1[nH]c(=O)c2ncn([C@@H]3O[C@H](CO)[C@@H](O)[C@H]3O)c2[nH]1,C[C@]1(O)[C@@H](COC=O)O[C@@H](n2cnc3c(=O)[nH]c(=O)[nH]c32)[C@@H]1O,2,0.5082,
O=c1[nH]c(=O)c2ncn([C@@H]3O[C@H](CO)[C@@H](O)[C@H]3O)c2[nH]1,CC(O)O[C@H]1[C@H]2Oc3nc4c(=O)[nH]c(=O)[nH]c4n3[C@@H]2O[C@@H]1CO,2,0.4,
O=c1[nH]c(=O)c2ncn([C@@H]3O[C@H](CO)[C@@H](O)[C@H]3O)c2[nH]1,O=c1[nH]c(=O)c2ncn([C@]34COCC(O)O[C@@H]3[C@H](O)CO4)c2[nH]1,3,0.3846,
O=c1[nH]c(=O)c2ncn([C@@H]3O[C@H](CO)[C@@H](O)[C@H]3O)c2[nH]1,CC(O)O[C@@H]1[C@@]2(O)CO[C@@]1(n1cnc3c(=O)[nH]c(=O)[nH]c31)CO2,3,0.3382,
O=c1[nH]c(=O)c2ncn([C@@H]3O[C@H](CO)[C@@H](O)[C@H]3O)c2[nH]1,CC(O)OC[C@H]1O[C@@H]2[C@H](O)[C@@H]1Oc1nc3c(=O)[nH]c(=O)[nH]c3n12,2,0.3788,
O=c1[nH]c(=O)c2ncn([C@@H]3O[C@H](CO)[C@@H](O)[C@H]3O)c2[nH]1,O=c1[nH]c(=O)c2ncn([C@@]34COC(O)CO[C@H](CO3)[C@H]4O)c2[nH]1,3,0.375,
O=c1[nH]c(=O)c2ncn([C@@H]3O[C@H](CO)[C@@H](O)[C@H]3O)c2[nH]1,CC(O)O[C@@H]1[C@@H]2O[C@H]2O[C@]1(CO)n1cnc2c(=O)[nH]c(=O)[nH]c21,3,0.3824,
O=c1[nH]c(=O)c2ncn([C@@H]3O[C@H](CO)[C@@H](O)[C@H]3O)c2[nH]1,O=c1[nH]c(=O)c2ncn([C@@H]3O[C@H](COCO)[C@H]4OC[C@]43O)c2[nH]1,3,0.4762,
O=c1[nH]c(=O)c2ncn([C@@H]3O[C@H](CO)[C@@H](O)[C@H]3O)c2[nH]1,O=c1[nH]c(=O)c2ncn([C@@H]3O[C@@H]4COCC(O)O[C@@H]3[C@@H]4O)c2[nH]1,2,0.5439,
O=c1[nH]c(=O)c2ncn([C@@H]3O[C@H](CO)[C@@H](O)[C@H]3O)c2[nH]1,CC(O)OCc1nc2c(=O)[nH]c(=O)[nH]c2n1[C@@]12OC[C@@H](O)[C@H]1O2,3,0.2703,
O=c1[nH]c(=O)c2ncn([C@@H]3O[C@H](CO)[C@@H](O)[C@H]3O)c2[nH]1,CC(O)OC[C@@]12Oc3nc4c(=O)[nH]c(=O)[nH]c4n3[C@@H]1OC[C@H]2O,3,0.2877,
O=c1[nH]c(=O)c2ncn([C@@H]3O[C@H](CO)[C@@H](O)[C@H]3O)c2[nH]1,C[C@]1(O)[C@@H](CO)O[C@@H](n2cnc3c(=O)[nH]c(=O)[nH]c32)[C@@H]1OC=O,2,0.5246,
O=c1[nH]c(=O)c2ncn([C@@H]3O[C@H](CO)[C@@H](O)[C@H]3O)c2[nH]1,C[C@@]12Oc3nc4c(=O)[nH]c(=O)[nH]c4n3[C@@H]1O[C@H](COCO)[C@H]2O,3,0.3582,
O=c1[nH]c(=O)c2ncn([C@@H]3O[C@H](CO)[C@@H](O)[C@H]3O)c2[nH]1,CO[C@H]1[C@@H](OC=O)[C@H](n2cnc3c(=O)[nH]c(=O)[nH]c32)O[C@@H]1CO,3,0.614,
O=c1[nH]c(=O)c2ncn([C@@H]3O[C@H](CO)[C@@H](O)[C@H]3O)c2[nH]1,CC1O[C@](COC=O)(n2cnc3c(=O)[nH]c(=O)[nH]c32)[C@H](O)[C@@H]1O,3,0.4,
O=c1[nH]c(=O)c2ncn([C@@H]3O[C@H](CO)[C@@H](O)[C@H]3O)c2[nH]1,CC(O)OC[C@@]12O[C@]1(n1cnc3c(=O)[nH]c(=O)[nH]c31)OC[C@H]2O,3,0.3571,
O=c1[nH]c(=O)c2ncn([C@@H]3O[C@H](CO)[C@@H](O)[C@H]3O)c2[nH]1,C[C@]1(n2cnc3c(=O)[nH]c(=O)[nH]c32)O[C@]2(COCO)O[C@@H]1[C@@H]2O,3,0.3939,
O=c1[nH]c(=O)c2ncn([C@@H]3O[C@H](CO)[C@@H](O)[C@H]3O)c2[nH]1,CC(O)OC1O[C@H]2[C@@H](O)[C@H](n3cnc4c(=O)[nH]c(=O)[nH]c43)O[C@H]12,2,0.5517,
O=c1[nH]c(=O)c2ncn([C@@H]3O[C@H](CO)[C@@H](O)[C@H]3O)c2[nH]1,CC(=O)O[C@@H]1CO[C@](CO)(n2cnc3c(=O)[nH]c(=O)[nH]c32)[C@@H]1O,2,0.4,
O=c1[nH]c(=O)c2ncn([C@@H]3O[C@H](CO)[C@@H](O)[C@H]3O)c2[nH]1,CC(O)O[C@]12O[C@H]1[C@H](n1cnc3c(=O)[nH]c(=O)[nH]c31)O[C@@H]2CO,2,0.5161,
O=c1[nH]c(=O)c2ncn([C@@H]3O[C@H](CO)[C@@H](O)[C@H]3O)c2[nH]1,O=c1[nH]c(=O)c2ncn([C@]34CO[C@@H]3[C@H](O)[C@@H](COCO)O4)c2[nH]1,3,0.4242,
O=c1[nH]c(=O)c2ncn([C@@H]3O[C@H](CO)[C@@H](O)[C@H]3O)c2[nH]1,CC(O)OC[C@H]1O[C@@H]2[C@H](Oc3nc4c(=O)[nH]c(=O)[nH]c4n32)[C@@H]1O,2,0.3788,
O=c1[nH]c(=O)c2ncn([C@@H]3O[C@H](CO)[C@@H](O)[C@H]3O)c2[nH]1,CC(O)OC1O[C@@H]2CO[C@]1(n1cnc3c(=O)[nH]c(=O)[nH]c31)[C@@H]2O,3,0.3676,
O=c1[nH]c(=O)c2ncn([C@@H]3O[C@H](CO)[C@@H](O)[C@H]3O)c2[nH]1,C[C@]12O[C@@]1(CO)O[C@@H](n1cnc3c(=O)[nH]c(=O)[nH]c31)[C@@H]2OCO,3,0.4839,
O=c1[nH]c(=O)c2ncn([C@@H]3O[C@H](CO)[C@@H](O)[C@H]3O)c2[nH]1,O=c1[nH]c(=O)c2ncn([C@@H]3OC[C@H]4OC(O)(CO)CO[C@@H]34)c2[nH]1,3,0.4839,
O=c1[nH]c(=O)c2ncn([C@@H]3O[C@H](CO)[C@@H](O)[C@H]3O)c2[nH]1,C[C@]12O[C@](n3cnc4c(=O)[nH]c(=O)[nH]c43)(O[C@@H]1COCO)[C@@H]2O,3,0.3881,
O=c1[nH]c(=O)c2ncn([C@@H]3O[C@H](CO)[C@@H](O)[C@H]3O)c2[nH]1,C[C@@]1(CO)O[C@@H](n2cnc3c(=O)[nH]c(=O)[nH]c32)[C@H](O)[C@@H]1OC=O,2,0.5246,
O=c1[nH]c(=O)c2ncn([C@@H]3O[C@H](CO)[C@@H](O)[C@H]3O)c2[nH]1,COC[C@H]1O[C@@H](n2cnc3c(=O)[nH]c(=O)[nH]c32)[C@H](O)[C@@H]1OC=O,3,0.6034,0.4462
O=c1[nH]c(=O)c2ncn([C@@H]3O[C@H](CO)[C@@H](O)[C@H]3O)c2[nH]1,CC(O)O[C@H]1[C@H]2O[C@]2(n2cnc3c(=O)[nH]c(=O)[nH]c32)O[C@@H]1CO,2,0.4308,
O=c1[nH]c(=O)c2ncn([C@@H]3O[C@H](CO)[C@@H](O)[C@H]3O)c2[nH]1,C[C@@]12CO[C@](n3cnc4c(=O)[nH]c(=O)[nH]c43)(O1)[C@H](OCO)[C@@H]2O,3,0.4091,
O=c1[nH]c(=O)c2ncn([C@@H]3O[C@H](CO)[C@@H](O)[C@H]3O)c2[nH]1,C[C@]1(OCO)[C@H]2CO[C@@]1(O)[C@H](n1cnc3c(=O)[nH]c(=O)[nH]c31)O2,3,0.4531,
O=c1[nH]c(=O)c2ncn([C@@H]3O[C@H](CO)[C@@H](O)[C@H]3O)c2[nH]1,CC(=O)O[C@@H]1[C@H](O)C(CO)O[C@H]1n1cnc2c(=O)[nH]c(=O)[nH]c21,3,0.717,
O=c1[nH]c(=O)c2ncn([C@@H]3O[C@H](CO)[C@@H](O)[C@H]3O)c2[nH]1,CC(O)(CO)O[C@@H]1[C@H]2O[C@H]1[C@H](n1cnc3c(=O)[nH]c(=O)[nH]c31)O2,3,0.5082,
O=c1[nH]c(=O)c2ncn([C@@H]3O[C@H](CO)[C@@H](O)[C@H]3O)c2[nH]1,CC(O)O[C@@]1(CO)[C@H]2CO[C@@]1(n1cnc3c(=O)[nH]c(=O)[nH]c31)O2,3,0.3768,
O=c1[nH]c(=O)c2ncn([C@@H]3O[C@H](CO)[C@@H](O)[C@H]3O)c2[nH]1,O=c1[nH]c(=O)c2nc3n(c2[nH]1)[C@@H]1O[C@H](COCO)[C@@H](O)[C@H]1OC3,3,0.3939,
O=c1[nH]c(=O)c2ncn([C@@H]3O[C@H](CO)[C@@H](O)[C@H]3O)c2[nH]1,CC(=O)O[C@@H]1[C@H](O)[C@@H](CO)O[C@H]1n1cnc2c(=O)[nH]c(=O)[nH]c21,1,0.717,
O=c1[nH]c(=O)c2ncn([C@@H]3O[C@H](CO)[C@@H](O)[C@H]3O)c2[nH]1,CC1Oc2nc3c(=O)[nH]c(=O)[nH]c3n2[C@@H]2O[C@H]1[C@@H](OCO)[C@H]2O,3,0.3636,
O=c1[nH]c(=O)c2ncn([C@@H]3O[C@H](CO)[C@@H](O)[C@H]3O)c2[nH]1,CC(O)OC[C@]1(n2cnc3c(=O)[nH]c(=O)[nH]c32)OC[C@@]2(O)O[C@H]21,3,0.338,
O=c1[nH]c(=O)c2ncn([C@@H]3O[C@H](CO)[C@@H](O)[C@H]3O)c2[nH]1,CC(OCO)[C@H]1O[C@@H]2[C@H](Oc3nc4c(=O)[nH]c(=O)[nH]c4n32)[C@@H]1O,3,0.3636,
O=c1[nH]c(=O)c2ncn([C@@H]3O[C@H](CO)[C@@H](O)[C@H]3O)c2[nH]1,COC(=O)O[C@@H]1[C@H](O)[C@@H](C)O[C@H]1n1cnc2c(=O)[nH]c(=O)[nH]c21,3,0.5254,
O=c1[nH]c(=O)c2ncn([C@@H]3O[C@H](CO)[C@@H](O)[C@H]3O)c2[nH]1,C[C@]1(OCO)[C@@H]2Oc3nc4c(=O)[nH]c(=O)[nH]c4n3[C@@H]1O[C@@H]2CO,3,0.3846,
O=c1[nH]c(=O)c2ncn([C@@H]3O[C@H](CO)[C@@H](O)[C@H]3O)c2[nH]1,CC(O)O[C@@H]1[C@H](O)C2OC[C@]1(n1cnc3c(=O)[nH]c(=O)[nH]c31)O2,3,0.3623,
O=c1[nH]c(=O)c2ncn([C@@H]3O[C@H](CO)[C@@H](O)[C@H]3O)c2[nH]1,C[C@]12OC(OCO)[C@H]1O[C@@H](n1cnc3c(=O)[nH]c(=O)[nH]c31)[C@@H]2O,3,0.5333,
O=c1[nH]c(=O)c2ncn([C@@H]3O[C@H](CO)[C@@H](O)[C@H]3O)c2[nH]1,C[C@@]12O[C@H](COc3nc4c(=O)[nH]c(=O)[nH]c4n31)[C@@H](O)[C@H]2OCO,3,0.3286,
O=c1[nH]c(=O)c2ncn([C@@H]3O[C@H](CO)[C@@H](O)[C@H]3O)c2[nH]1,CC(O)OC[C@]12O[C@@H](n3cnc4c(=O)[nH]c(=O)[nH]c43)[C@H](O)[C@@H]1O2,2,0.5167,
O=c1[nH]c(=O)c2ncn([C@@H]3O[C@H](CO)[C@@H](O)[C@H]3O)c2[nH]1,CC(O)O[C@@]12CO[C@@H](n3cnc4c(=O)[nH]c(=O)[nH]c43)[C@@]1(CO)O2,3,0.4308,
O=c1[nH]c(=O)c2ncn([C@@H]3O[C@H](CO)[C@@H](O)[C@H]3O)c2[nH]1,COC(=O)O[C@H]1[C@@H](O)[C@H](n2cnc3c(=O)[nH]c(=O)[nH]c32)O[C@@H]1C,3,0.5517,
O=c1[nH]c(=O)c2ncn([C@@H]3O[C@H](CO)[C@@H](O)[C@H]3O)c2[nH]1,C[C@]1(O)[C@H](OCO)[C@H]2CO[C@]1(n1cnc3c(=O)[nH]c(=O)[nH]c31)O2,3,0.3623,
O=c1[nH]c(=O)c2ncn([C@@H]3O[C@H](CO)[C@@H](O)[C@H]3O)c2[nH]1,CC(OC=O)[C@]1(n2cnc3c(=O)[nH]c(=O)[nH]c32)OC[C@@H](O)[C@H]1O,3,0.3529,
O=c1[nH]c(=O)c2ncn([C@@H]3O[C@H](CO)[C@@H](O)[C@H]3O)c2[nH]1,CC(O)OC[C@]1(O)CO[C@@H]2[C@@H]1Oc1nc3c(=O)[nH]c(=O)[nH]c3n12,3,0.274,
O=c1[nH]c(=O)c2ncn([C@@H]3O[C@H](CO)[C@@H](O)[C@H]3O)c2[nH]1,Cc1nc2c(=O)[nH]c(=O)[nH]c2n1[C@@H]1O[C@@]2(CO2)[C@@H](O)[C@H]1OCO,3,0.3188,
O=c1[nH]c(=O)c2ncn([C@@H]3O[C@H](CO)[C@@H](O)[C@H]3O)c2[nH]1,CC(O)OC[C@]12O[C@H]1O[C@@H](n1cnc3c(=O)[nH]c(=O)[nH]c31)[C@@H]2O,3,0.5,
O=c1[nH]c(=O)c2ncn([C@@H]3O[C@H](CO)[C@@H](O)[C@H]3O)c2[nH]1,C[C@]1(O)[C@H](OC=O)[C@@H](CO)O[C@H]1n1cnc2c(=O)[nH]c(=O)[nH]c21,2,0.5333,
O=c1[nH]c(=O)c2ncn([C@@H]3O[C@H](CO)[C@@H](O)[C@H]3O)c2[nH]1,C[C@]1(OC=O)[C@H](O)CO[C@]1(CO)n1cnc2c(=O)[nH]c(=O)[nH]c21,3,0.3881,
O=c1[nH]c(=O)c2ncn([C@@H]3O[C@H](CO)[C@@H](O)[C@H]3O)c2[nH]1,O=c1[nH]c(=O)c2ncn([C@@H]3O[C@@H]4C(OCO)CO[C@@H]3[C@@H]4O)c2[nH]1,3,0.5593,
O=c1[nH]c(=O)c2ncn([C@@H]3O[C@H](CO)[C@@H](O)[C@H]3O)c2[nH]1,CC(O)OC[C@]1(O)[C@H]2CO[C@H]1n1c(nc3c(=O)[nH]c(=O)[nH]c31)O2,3,0.274,
O=c1[nH]c(=O)c2ncn([C@@H]3O[C@H](CO)[C@@H](O)[C@H]3O)c2[nH]1,O=c1[nH]c(=O)c2ncn([C@@]34COC[C@@H](O3)[C@@H](O)[C@H]4OCO)c2[nH]1,3,0.403,
O=c1[nH]c(=O)c2ncn([C@@H]3O[C@H](CO)[C@@H](O)[C@H]3O)c2[nH]1,O=c1[nH]c(=O)c2ncn([C@@H]3O[C@@H]4COC(O)CO[C@H]4[C@H]3O)c2[nH]1,2,0.5818,
O=c1[nH]c(=O)c2ncn([C@@H]3O[C@H](CO)[C@@H](O)[C@H]3O)c2[nH]1,O=c1[nH]c(=O)c2ncn([C@@H]3O[C@@H]4O[C@@H]3[C@@H]4OC(O)CCO)c2[nH]1,3,0.5082,
O=c1[nH]c(=O)c2ncn([C@@H]3O[C@H](CO)[C@@H](O)[C@H]3O)c2[nH]1,Cc1nc2c(=O)[nH]c(=O)[nH]c2n1[C@@H]1O[C@]2(COCO)O[C@@H]1[C@@H]2O,3,0.3284,
O=c1[nH]c(=O)c2ncn([C@@H]3O[C@H](CO)[C@@H](O)[C@H]3O)c2[nH]1,CC(O)O[C@H]1[C@H]2O[C@@]1(CO)O[C@H]2n1cnc2c(=O)[nH]c(=O)[nH]c21,2,0.4839,
O=c1[nH]c(=O)c2ncn([C@@H]3O[C@H](CO)[C@@H](O)[C@H]3O)c2[nH]1,O=c1[nH]c(=O)c2ncn([C@@H]3OC[C@H]4OC(O)C(CO)O[C@@H]34)c2[nH]1,3,0.625,
O=c1[nH]c(=O)c2ncn([C@@H]3O[C@H](CO)[C@@H](O)[C@H]3O)c2[nH]1,C[C@H]1O[C@](CO)(n2cnc3c(=O)[nH]c(=O)[nH]c32)[C@H](OC=O)[C@@H]1O,3,0.4091,
O=c1[nH]c(=O)c2ncn([C@@H]3O[C@H](CO)[C@@H](O)[C@H]3O)c2[nH]1,O=c1[nH]c(=O)c2ncn([C@@H]3O[C@]4(COCO)CO[C@@H]3[C@@H]4O)c2[nH]1,3,0.5082,
O=c1[nH]c(=O)c2ncn([C@@H]3O[C@H](CO)[C@@H](O)[C@H]3O)c2[nH]1,C[C@]1(OCO)[C@H](O)[C@]2(CO2)O[C@H]1n1cnc2c(=O)[nH]c(=O)[nH]c21,3,0.4603,
O=c1[nH]c(=O)c2ncn([C@@H]3O[C@H](CO)[C@@H](O)[C@H]3O)c2[nH]1,O=c1[nH]c(=O)c2ncn([C@@H]3O[C@H](C4CO4)[C@@H](OCO)[C@H]3O)c2[nH]1,3,0.5862,
O=c1[nH]c(=O)c2ncn([C@@H]3O[C@H](CO)[C@@H](O)[C@H]3O)c2[nH]1,C[C@]12O[C@H](CO)[C@@H](OCO)[C@H]1Oc1nc3c(=O)[nH]c(=O)[nH]c3n12,3,0.3485,
O=c1[nH]c(=O)c2ncn([C@@H]3O[C@H](CO)[C@@H](O)[C@H]3O)c2[nH]1,O=c1[nH]c(=O)c2nc(CO)n([C@@H]3OC[C@H]4OC(O)CO[C@@H]34)c2[nH]1,3,0.3485,
O=c1[nH]c(=O)c2ncn([C@@H]3O[C@H](CO)[C@@H](O)[C@H]3O)c2[nH]1,C[C@@]1(COCO)O[C@@]2(n3cnc4c(=O)[nH]c(=O)[nH]c43)O[C@H]1[C@H]2O,3,0.3939,
O=c1[nH]c(=O)c2ncn([C@@H]3O[C@H](CO)[C@@H](O)[C@H]3O)c2[nH]1,C[C@]1(O)[C@@H]2O[C@@]2(COCO)O[C@H]1n1cnc2c(=O)[nH]c(=O)[nH]c21,3,0.4444,
O=c1[nH]c(=O)c2ncn([C@@H]3O[C@H](CO)[C@@H](O)[C@H]3O)c2[nH]1,CC1O[C@]2(OCO)[C@@H]1O[C@@H](n1cnc3c(=O)[nH]c(=O)[nH]c31)[C@@H]2O,3,0.5333,
O=c1[nH]c(=O)c2ncn([C@@H]3O[C@H](CO)[C@@H](O)[C@H]3O)c2[nH]1,Cc1nc2c(=O)[nH]c(=O)[nH]c2n1[C@@H]1O[C@H](COCO)[C@H]2O[C@]21O,3,0.3333,
O=c1[nH]c(=O)c2ncn([C@@H]3O[C@H](CO)[C@@H](O)[C@H]3O)c2[nH]1,CC1(O)O[C@@H]2[C@H](OCO)[C@@H]1O[C@H]2n1cnc2c(=O)[nH]c(=O)[nH]c21,3,0.5,
O=c1[nH]c(=O)c2ncn([C@@H]3O[C@H](CO)[C@@H](O)[C@H]3O)c2[nH]1,C[C@@]1(COCO)O[C@@H](n2cnc3c(=O)[nH]c(=O)[nH]c32)[C@]2(O)O[C@@H]21,3,0.4444,
O=c1[nH]c(=O)c2ncn([C@@H]3O[C@H](CO)[C@@H](O)[C@H]3O)c2[nH]1,CC1Oc2nc3c(=O)[nH]c(=O)[nH]c3n2[C@@H]2O[C@H]1[C@@H](O)[C@H]2OCO,3,0.3636,
O=c1[nH]c(=O)c2ncn([C@@H]3O[C@H](CO)[C@@H](O)[C@H]3O)c2[nH]1,Cc1nc2c(=O)[nH]c(=O)[nH]c2n1[C@@H]1O[C@@]2(CO2)[C@@H](OCO)[C@H]1O,3,0.3333,
O=c1[nH]c(=O)c2ncn([C@@H]3O[C@H](CO)[C@@H](O)[C@H]3O)c2[nH]1,Cc1nc2c(=O)[nH]c(=O)[nH]c2n1[C@@H]1O[C@@H]2C(OCO)O[C@H]2[C@H]1O,3,0.3692,
O=c1[nH]c(=O)c2ncn([C@@H]3O[C@H](CO)[C@@H](O)[C@H]3O)c2[nH]1,O=c1[nH]c(=O)c2nc3n(c2[nH]1)[C@@H]1OC[C@@H](O3)[C@H]1OC(O)CCO,3,0.2958,
O=c1[nH]c(=O)c2ncn([C@@H]3O[C@H](CO)[C@@H](O)[C@H]3O)c2[nH]1,CC(O)[C@H]1O[C@@H]2[C@H](Oc3nc4c(=O)[nH]c(=O)[nH]c4n32)[C@@H]1OCO,3,0.3188,
O=c1[nH]c(=O)c2ncn([C@@H]3O[C@H](CO)[C@@H](O)[C@H]3O)c2[nH]1,O=c1[nH]c(=O)c2ncn([C@@H]3O[C@@H]4COC(O)CO[C@@H]3[C@@H]4O)c2[nH]1,2,0.5439,
O=c1[nH]c(=O)c2ncn([C@@H]3O[C@H](CO)[C@@H](O)[C@H]3O)c2[nH]1,CC(O)O[C@@H]1[C@H](O)CO[C@@]12COc1nc3c(=O)[nH]c(=O)[nH]c3n12,3,0.2568,
O=c1[nH]c(=O)c2ncn([C@@H]3O[C@H](CO)[C@@H](O)[C@H]3O)c2[nH]1,C[C@]1(O)[C@@H]2O[C@]1(n1cnc3c(=O)[nH]c(=O)[nH]c31)O[C@@H]2COCO,3,0.3939,
O=c1[nH]c(=O)c2ncn([C@@H]3O[C@H](CO)[C@@H](O)[C@H]3O)c2[nH]1,CC(OCO)[C@]12O[C@@H](n3cnc4c(=O)[nH]c(=O)[nH]c43)[C@H](O)[C@@H]1O2,3,0.5246,
O=c1[nH]c(=O)c2ncn([C@@H]3O[C@H](CO)[C@@H](O)[C@H]3O)c2[nH]1,C[C@]1(n2cnc3c(=O)[nH]c(=O)[nH]c32)O[C@H](COCO)[C@@]2(O)O[C@H]21,3,0.3731,
O=c1[nH]c(=O)c2ncn([C@@H]3O[C@H](CO)[C@@H](O)[C@H]3O)c2[nH]1,C[C@@]12CO[C@@](OCO)([C@H](n3cnc4c(=O)[nH]c(=O)[nH]c43)O1)[C@@H]2O,3,0.4531,
O=c1[nH]c(=O)c2ncn([C@@H]3O[C@H](CO)[C@@H](O)[C@H]3O)c2[nH]1,CO[C@@H]1[C@H](O)[C@@H](COC=O)O[C@H]1n1cnc2c(=O)[nH]c(=O)[nH]c21,3,0.5763,
O=c1[nH]c(=O)c2ncn([C@@H]3O[C@H](CO)[C@@H](O)[C@H]3O)c2[nH]1,C[C@]1(OCO)[C@@H]2O[C@@]2(CO)O[C@H]1n1cnc2c(=O)[nH]c(=O)[nH]c21,3,0.4516,
O=c1[nH]c(=O)c2ncn([C@@H]3O[C@H](CO)[C@@H](O)[C@H]3O)c2[nH]1,O=c1[nH]c(=O)c2nc(CO)n([C@@H]3OC[C@H]4OCC(O)O[C@@H]34)c2[nH]1,3,0.3485,
O=c1[nH]c(=O)c2ncn([C@@H]3O[C@H](CO)[C@@H](O)[C@H]3O)c2[nH]1,O=C(CO)[C@@H]1[C@H](O)[C@@H](CO)O[C@H]1n1cnc2c(=O)[nH]c(=O)[nH]c21,3,0.76,
O=c1[nH]c(=O)c2ncn([C@@H]3O[C@H](CO)[C@@H](O)[C@H]3O)c2[nH]1,C[C@@]12O[C@@](COCO)(O[C@H]1n1cnc3c(=O)[nH]c(=O)[nH]c31)[C@H]2O,3,0.4603,
O=c1[nH]c(=O)c2ncn([C@@H]3O[C@H](CO)[C@@H](O)[C@H]3O)c2[nH]1,O=c1[nH]c(=O)c2ncn([C@@H]3O[C@H](COCO)[C@@H](O)[C@@]34CO4)c2[nH]1,3,0.5167,
O=c1[nH]c(=O)c2ncn([C@@H]3O[C@H](CO)[C@@H](O)[C@H]3O)c2[nH]1,CC(O)O[C@@H]1[C@@H]2OC2O[C@]1(CO)n1cnc2c(=O)[nH]c(=O)[nH]c21,3,0.3824,
O=c1[nH]c(=O)c2ncn([C@@H]3O[C@H](CO)[C@@H](O)[C@H]3O)c2[nH]1,CC(O)OC[C@H]1O[C@@]2(n3cnc4c(=O)[nH]c(=O)[nH]c43)O[C@H]1[C@H]2O,2,0.3939,
O=c1[nH]c(=O)c2ncn([C@@H]3O[C@H](CO)[C@@H](O)[C@H]3O)c2[nH]1,O=CCO[C@H]1[C@@H](O)[C@H](n2cnc3c(=O)[nH]c(=O)[nH]c32)O[C@@H]1CO,3,0.7037,
O=c1[nH]c(=O)c2ncn([C@@H]3O[C@H](CO)[C@@H](O)[C@H]3O)c2[nH]1,C[C@]12Oc3nc4c(=O)[nH]c(=O)[nH]c4n3[C@H](O[C@@H]1COCO)[C@@H]2O,3,0.3382,
O=c1[nH]c(=O)c2ncn([C@@H]3O[C@H](CO)[C@@H](O)[C@H]3O)c2[nH]1,CC(O)OC1O[C@@H]2[C@H](O)[C@@H]1O[C@H]2n1cnc2c(=O)[nH]c(=O)[nH]c21,2,0.5254,
O=c1[nH]c(=O)c2ncn([C@@H]3O[C@H](CO)[C@@H](O)[C@H]3O)c2[nH]1,CC(O)O[C@@H]1[C@H]2CO[C@]1(CO)n1c(nc3c(=O)[nH]c(=O)[nH]c31)O2,3,0.274,
O=c1[nH]c(=O)c2ncn([C@@H]3O[C@H](CO)[C@@H](O)[C@H]3O)c2[nH]1,CC(O)OC[C@]12O[C@]1(O)CO[C@H]2n1cnc2c(=O)[nH]c(=O)[nH]c21,3,0.4091,
O=c1[nH]c(=O)c2ncn([C@@H]3O[C@H](CO)[C@@H](O)[C@H]3O)c2[nH]1,O=c1[nH]c(=O)c2ncn([C@@H]3OC[C@]4(CO)OC(O)CO[C@@H]34)c2[nH]1,3,0.5167,
O=c1[nH]c(=O)c2ncn([C@@H]3O[C@H](CO)[C@@H](O)[C@H]3O)c2[nH]1,O=c1[nH]c(=O)c2ncn([C@]34CO[C@@H]3[C@H](OCO)[C@@H](CO)O4)c2[nH]1,3,0.4308,
O=c1[nH]c(=O)c2ncn([C@@H]3O[C@H](CO)[C@@H](O)[C@H]3O)c2[nH]1,C[C@]1(n2cnc3c(=O)[nH]c(=O)[nH]c32)O[C@H](CO)[C@@H](OC=O)[C@H]1O,2,0.4677,
O=c1[nH]c(=O)c2ncn([C@@H]3O[C@H](CO)[C@@H](O)[C@H]3O)c2[nH]1,C[C@@]1(COCO)O[C@@]2(n3cnc4c(=O)[nH]c(=O)[nH]c43)O[C@@H]2[C@@H]1O,3,0.3939,
O=c1[nH]c(=O)c2ncn([C@@H]3O[C@H](CO)[C@@H](O)[C@H]3O)c2[nH]1,CC(O)[C@H]1O[C@@]2(n3cnc4c(=O)[nH]c(=O)[nH]c43)O[C@@H]2[C@@H]1OCO,3,0.3676,
O=c1[nH]c(=O)c2ncn([C@@H]3O[C@H](CO)[C@@H](O)[C@H]3O)c2[nH]1,CC(O)O[C@@H]1[C@H]2O[C@H]1[C@H](n1c(CO)nc3c(=O)[nH]c(=O)[nH]c31)O2,3,0.3188,
O=c1[nH]c(=O)c2ncn([C@@H]3O[C@H](CO)[C@@H](O)[C@H]3O)c2[nH]1,COC(=O)[C@H]1O[C@@H](n2cnc3c(=O)[nH]c(=O)[nH]c32)[C@H](OC)[C@@H]1O,3,0.5439,
O=c1[nH]c(=O)c2ncn([C@@H]3O[C@H](CO)[C@@H](O)[C@H]3O)c2[nH]1,Cc1nc2c(=O)[nH]c(=O)[nH]c2n1[C@@H]1O[C@H](CO)[C@@]2(OCO)O[C@@H]12,3,0.3382,
O=c1[nH]c(=O)c2ncn([C@@H]3O[C@H](CO)[C@@H](O)[C@H]3O)c2[nH]1,CCOC(=O)[C@H]1O[C@@H](n2cnc3c(=O)[nH]c(=O)[nH]c32)[C@H](O)[C@@H]1O,3,0.6296,
O=c1[nH]c(=O)c2ncn([C@@H]3O[C@H](CO)[C@@H](O)[C@H]3O)c2[nH]1,O=C[C@H]1O[C@@H](n2cnc3c(=O)[nH]c(=O)[nH]c32)[C@H](O)[C@@H]1OCCO,3,0.5965,
O=c1[nH]c(=O)c2ncn([C@@H]3O[C@H](CO)[C@@H](O)[C@H]3O)c2[nH]1,CC(O)O[C@H]1[C@H]2OC(O)[C@H]1O[C@H]2n1cnc2c(=O)[nH]c(=O)[nH]c21,2,0.5,
O=c1[nH]c(=O)c2ncn([C@@H]3O[C@H](CO)[C@@H](O)[C@H]3O)c2[nH]1,C[C@]1(O)[C@@H](COCO)O[C@@H]2[C@@H]1Oc1nc3c(=O)[nH]c(=O)[nH]c3n12,3,0.3188,
O=c1[nH]c(=O)c2ncn([C@@H]3O[C@H](CO)[C@@H](O)[C@H]3O)c2[nH]1,C[C@H]1O[C@@H](n2cnc3c(=O)[nH]c(=O)[nH]c32)[C@H](OC(=O)CO)[C@@H]1O,3,0.569,
O=c1[nH]c(=O)c2ncn([C@@H]3O[C@H](CO)[C@@H](O)[C@H]3O)c2[nH]1,C[C@]1(n2cnc3c(=O)[nH]c(=O)[nH]c32)O[C@H](CO)[C@@H](O)[C@H]1OC=O,2,0.5,
O=c1[nH]c(=O)c2ncn([C@@H]3O[C@H](CO)[C@@H](O)[C@H]3O)c2[nH]1,CC(=O)O[C@@H]1[C@H](O)C(CO)O[C@@H]1n1cnc2c(=O)[nH]c(=O)[nH]c21,3,0.717,
O=c1[nH]c(=O)c2ncn([C@@H]3O[C@H](CO)[C@@H](O)[C@H]3O)c2[nH]1,O=c1[nH]c(=O)c2ncn([C@@]34COC[C@@H](O3)[C@@H](OCO)[C@H]4O)c2[nH]1,3,0.3881,
O=c1[nH]c(=O)c2ncn([C@@H]3O[C@H](CO)[C@@H](O)[C@H]3O)c2[nH]1,O=c1[nH]c(=O)c2ncn([C@@H]3OC[C@H]4OCC(O)O[C@@]43CO)c2[nH]1,3,0.4754,
O=c1[nH]c(=O)c2ncn([C@@H]3O[C@H](CO)[C@@H](O)[C@H]3O)c2[nH]1,C[C@]12Oc3nc4c(=O)[nH]c(=O)[nH]c4n3[C@H](O[C@@H]1CO)[C@@H]2OCO,3,0.3382,
O=c1[nH]c(=O)c2ncn([C@@H]3O[C@H](CO)[C@@H](O)[C@H]3O)c2[nH]1,C[C@]1(OCO)[C@H](O)[C@H]2COc3nc4c(=O)[nH]c(=O)[nH]c4n3[C@@H]1O2,3,0.3582,
O=c1[nH]c(=O)c2ncn([C@@H]3O[C@H](CO)[C@@H](O)[C@H]3O)c2[nH]1,C[C@]1(n2cnc3c(=O)[nH]c(=O)[nH]c32)O[C@@H]2C(OCO)O[C@@H]1[C@@H]2O,3,0.4308,
O=c1[nH]c(=O)c2ncn([C@@H]3O[C@H](CO)[C@@H](O)[C@H]3O)c2[nH]1,Cc1nc2c(=O)[nH]c(=O)[nH]c2n1[C@@]12OC[C@@H](O1)[C@@H](OCO)[C@H]2O,3,0.2958,
O=c1[nH]c(=O)c2ncn([C@@H]3O[C@H](CO)[C@@H](O)[C@H]3O)c2[nH]1,CC(OCO)[C@H]1O[C@@H]2[C@H](O)[C@@H]1Oc1nc3c(=O)[nH]c(=O)[nH]c3n12,3,0.3636,
O=c1[nH]c(=O)c2ncn([C@@H]3O[C@H](CO)[C@@H](O)[C@H]3O)c2[nH]1,Cc1nc2c(=O)[nH]c(=O)[nH]c2n1[C@@H]1O[C@@H]2CO[C@]1(O)[C@@H]2OCO,3,0.3099,
O=c1[nH]c(=O)c2ncn([C@@H]3O[C@H](CO)[C@@H](O)[C@H]3O)c2[nH]1,C[C@]1(OCO)[C@@H](CO)O[C@@H]2[C@@H]1Oc1nc3c(=O)[nH]c(=O)[nH]c3n12,3,0.3433,
O=c1[nH]c(=O)c2ncn([C@@H]3O[C@H](CO)[C@@H](O)[C@H]3O)c2[nH]1,Cc1nc2c(=O)[nH]c(=O)[nH]c2n1[C@@H]1O[C@]2(COCO)O[C@H]2[C@H]1O,3,0.3485,
O=c1[nH]c(=O)c2ncn([C@@H]3O[C@H](CO)[C@@H](O)[C@H]3O)c2[nH]1,CC(=O)n1c(=O)[nH]c(=O)c2ncn([C@@H]3O[C@H](CO)[C@@H](O)[C@H]3O)c21,3,0.6111,
O=c1[nH]c(=O)c2ncn([C@@H]3O[C@H](CO)[C@@H](O)[C@H]3O)c2[nH]1,CCO[C@@H]1[C@H](O)[C@@H](C(=O)O)O[C@H]1n1cnc2c(=O)[nH]c(=O)[nH]c21,3,0.5424,
O=c1[nH]c(=O)c2ncn([C@@H]3O[C@H](CO)[C@@H](O)[C@H]3O)c2[nH]1,C[C@@]12O[C@@H](n3cnc4c(=O)[nH]c(=O)[nH]c43)[C@H](O)[C@@H]1OC2OCO,3,0.55,
O=c1[nH]c(=O)c2ncn([C@@H]3O[C@H](CO)[C@@H](O)[C@H]3O)c2[nH]1,Cc1nc2c(=O)[nH]c(=O)[nH]c2n1[C@@H]1O[C@]2(CO)O[C@@H]1[C@@H]2OCO,3,0.3088,
O=c1[nH]c(=O)c2ncn([C@@H]3O[C@H](CO)[C@@H](O)[C@H]3O)c2[nH]1,CC(O)[C@]1(n2cnc3c(=O)[nH]c(=O)[nH]c32)OC[C@@H](OC=O)[C@H]1O,3,0.3478,
O=c1[nH]c(=O)c2ncn([C@@H]3O[C@H](CO)[C@@H](O)[C@H]3O)c2[nH]1,C[C@]1(n2cnc3c(=O)[nH]c(=O)[nH]c32)O[C@]2(CO)O[C@@H]1[C@@H]2OCO,3,0.3731,
O=c1[nH]c(=O)c2ncn([C@@H]3O[C@H](CO)[C@@H](O)[C@H]3O)c2[nH]1,C[C@]1(OCO)[C@H](O)[C@H]2CO[C@]1(n1cnc3c(=O)[nH]c(=O)[nH]c31)O2,3,0.3881,
O=c1[nH]c(=O)c2ncn([C@@H]3O[C@H](CO)[C@@H](O)[C@H]3O)c2[nH]1,CO[C@@H]1[C@H](OC)[C@@H](C(=O)O)O[C@H]1n1cnc2c(=O)[nH]c(=O)[nH]c21,3,0.5088,
O=c1[nH]c(=O)c2ncn([C@@H]3O[C@H](CO)[C@@H](O)[C@H]3O)c2[nH]1,C[C@]12O[C@]1(O)[C@@H](COCO)O[C@H]2n1cnc2c(=O)[nH]c(=O)[nH]c21,3,0.4603,
O=c1[nH]c(=O)c2ncn([C@@H]3O[C@H](CO)[C@@H](O)[C@H]3O)c2[nH]1,O=c1[nH]c(=O)c2nc3n(c2[nH]1)[C@@H]1O[C@H](COC3)[C@@H](OCO)[C@H]1O,3,0.3529,
O=c1[nH]c(=O)c2ncn([C@@H]3O[C@H](CO)[C@@H](O)[C@H]3O)c2[nH]1,COC(=O)[C@H]1O[C@@H](n2cnc3c(=O)[nH]c(=O)[nH]c32)[C@H](O)[C@@H]1OC,3,0.5614,
O=c1[nH]c(=O)c2ncn([C@@H]3O[C@H](CO)[C@@H](O)[C@H]3O)c2[nH]1,C[C@]1(n2cnc3c(=O)[nH]c(=O)[nH]c32)O[C@H](COC=O)[C@@H](O)[C@H]1O,2,0.4219,
O=c1[nH]c(=O)c2ncn([C@@H]3O[C@H](CO)[C@@H](O)[C@H]3O)c2[nH]1,CC1O[C@]12O[C@@H](n1cnc3c(=O)[nH]c(=O)[nH]c31)[C@H](O)[C@@H]2OCO,3,0.5424,
O=c1[nH]c(=O)c2ncn([C@@H]3O[C@H](CO)[C@@H](O)[C@H]3O)c2[nH]1,O=C(CO)[C@H]1[C@@H](O)[C@H](n2cnc3c(=O)[nH]c(=O)[nH]c32)O[C@@H]1CO,3,0.7755,
O=c1[nH]c(=O)c2ncn([C@@H]3O[C@H](CO)[C@@H](O)[C@H]3O)c2[nH]1,C[C@@]12O[C@@](CO)(O[C@H]1n1cnc3c(=O)[nH]c(=O)[nH]c31)[C@H]2OCO,3,0.4516,
O=c1[nH]c(=O)c2ncn([C@@H]3O[C@H](CO)[C@@H](O)[C@H]3O)c2[nH]1,Cc1nc2c(=O)[nH]c(=O)[nH]c2n1[C@@]1(COC=O)OC[C@@H](O)[C@H]1O,3,0.2817,
O=c1[nH]c(=O)c2ncn([C@@H]3O[C@H](CO)[C@@H](O)[C@H]3O)c2[nH]1,O=c1[nH]c(=O)c2ncn([C@@H]3OC4(COC4)[C@@H](O)[C@H]3OCO)c2[nH]1,3,0.5167,
O=c1[nH]c(=O)c2ncn([C@@H]3O[C@H](CO)[C@@H](O)[C@H]3O)c2[nH]1,C[C@]1(O)[C@H]2COc3nc4c(=O)[nH]c(=O)[nH]c4n3[C@H](O2)[C@@H]1OCO,3,0.3143,
O=c1[nH]c(=O)c2ncn([C@@H]3O[C@H](CO)[C@@H](O)[C@H]3O)c2[nH]1,CC(O)O[C@H]1[C@H](n2cnc3c(=O)[nH]c(=O)[nH]c32)O[C@@]2(CO2)[C@H]1O,2,0.4603,
O=c1[nH]c(=O)c2ncn([C@@H]3O[C@H](CO)[C@@H](O)[C@H]3O)c2[nH]1,CC(O)OC[C@@]12O[C@@H](O[C@H]1n1cnc3c(=O)[nH]c(=O)[nH]c31)[C@H]2O,3,0.4677,
O=c1[nH]c(=O)c2ncn([C@@H]3O[C@H](CO)[C@@H](O)[C@H]3O)c2[nH]1,C[C@]1(n2cnc3c(=O)[nH]c(=O)[nH]c32)O[C@@H]2C(O)O[C@H]2[C@H]1OCO,3,0.4154,
O=c1[nH]c(=O)c2ncn([C@@H]3O[C@H](CO)[C@@H](O)[C@H]3O)c2[nH]1,O=c1[nH]c(=O)c2ncn([C@@]34OC[C@@H](OC(O)CCO)[C@H]3O4)c2[nH]1,3,0.3571,
O=c1[nH]c(=O)c2ncn([C@@H]3O[C@H](CO)[C@@H](O)[C@H]3O)c2[nH]1,COC[C@H]1O[C@@H](n2cnc3c(=O)[nH]c(=O)[nH]c32)[C@H](OC=O)[C@@H]1O,3,0.5763,
O=c1[nH]c(=O)c2ncn([C@@H]3O[C@H](CO)[C@@H](O)[C@H]3O)c2[nH]1,CC(O)O[C@H]1[C@@H](O)[C@H]2O[C@@H]1COc1nc3c(=O)[nH]c(=O)[nH]c3n12,2,0.3382,
O=c1[nH]c(=O)c2ncn([C@@H]3O[C@H](CO)[C@@H](O)[C@H]3O)c2[nH]1,Cc1nc2c(=O)[nH]c(=O)[nH]c2n1[C@]12O[C@@H]([C@H]1O)[C@@H](COCO)O2,3,0.3235,
O=c1[nH]c(=O)c2ncn([C@@H]3O[C@H](CO)[C@@H](O)[C@H]3O)c2[nH]1,CC(O)O[C@@H]1C2O[C@H]1[C@@](CO)(n1cnc3c(=O)[nH]c(=O)[nH]c31)O2,3,0.3824,
O=c1[nH]c(=O)c2ncn([C@@H]3O[C@H](CO)[C@@H](O)[C@H]3O)c2[nH]1,O=c1[nH]c(=O)c2ncn([C@@H]3O[C@H](CO)[C@@]4(CO4)[C@H]3OCO)c2[nH]1,3,0.5333,
O=c1[nH]c(=O)c2ncn([C@@H]3O[C@H](CO)[C@@H](O)[C@H]3O)c2[nH]1,CC(O)OC[C@]12CO[C@@H](n3cnc4c(=O)[nH]c(=O)[nH]c43)[C@]1(O)O2,3,0.4091,
O=c1[nH]c(=O)c2ncn([C@@H]3O[C@H](CO)[C@@H](O)[C@H]3O)c2[nH]1,O=CO[C@H]1[C@@H](O)[C@H](n2cnc3c(=O)[nH]c(=O)[nH]c32)O[C@@H]1C(=O)O,3,0.5614,
O=c1[nH]c(=O)c2ncn([C@@H]3O[C@H](CO)[C@@H](O)[C@H]3O)c2[nH]1,O=CO[C@@H]1[C@H](O)[C@@H](C(=O)O)O[C@H]1n1cnc2c(=O)[nH]c(=O)[nH]c21,3,0.5345,
O=c1[nH]c(=O)c2ncn([C@@H]3O[C@H](CO)[C@@H](O)[C@H]3O)c2[nH]1,O=COC(=O)[C@H]1O[C@@H](n2cnc3c(=O)[nH]c(=O)[nH]c32)[C@H](O)[C@@H]1O,3,0.6111,
O=c1[nH]c(=O)c2ncn([C@@H]3O[C@H](CO)[C@@H](O)[C@H]3O)c2[nH]1,CC(=O)C[C@H]1O[C@@H](n2c[n+](C)c3c(=O)[nH]c(=O)[nH]c32)[C@H](O)[C@@H]1O,3,0.45,
O=c1[nH]c(=O)c2ncn([C@@H]3O[C@H](CO)[C@@H](O)[C@H]3O)c2[nH]1,CC(=O)O[C@@H]1[C@H](O)[C@@H](C)O[C@H]1n1c[n+](C)c2c(=O)[nH]c(=O)[nH]c21,3,0.3088,
O=c1[nH]c(=O)c2ncn([C@@H]3O[C@H](CO)[C@@H](O)[C@H]3O)c2[nH]1,CC(=O)[C@H]1[C@@H](O)[C@H](n2c[n+](C)c3c(=O)[nH]c(=O)[nH]c32)O[C@@H]1CO,3,0.4667,
O=c1[nH]c(=O)c2ncn([C@@H]3O[C@H](CO)[C@@H](O)[C@H]3O)c2[nH]1,CC(=O)O[C@H]1[C@@H](O)[C@H](n2c[n+](C)c3c(=O)[nH]c(=O)[nH]c32)O[C@@H]1C,3,0.3284,
O=c1[nH]c(=O)c2ncn([C@@H]3O[C@H](CO)[C@@H](O)[C@H]3O)c2[nH]1,CC(=O)[C@@H]1[C@H](O)[C@@H](CO)O[C@H]1n1c[n+](C)c2c(=O)[nH]c(=O)[nH]c21,3,0.459,
O=c1[nH]c(=O)c2ncn([C@@H]3O[C@H](CO)[C@@H](O)[C@H]3O)c2[nH]1,CC(N)O[C@H]1[C@@H](O)[C@H](n2cnc3c(=O)[nH]c(=O)[nH]c32)O[C@@H]1C=O,3,0.5246,
O=c1[nH]c(=O)c2ncn([C@@H]3O[C@H](CO)[C@@H](O)[C@H]3O)c2[nH]1,CC(N)O[C@@H]1[C@H](O)[C@@H](C=O)O[C@H]1n1cnc2c(=O)[nH]c(=O)[nH]c21,3,0.5,
O=c1[nH]c(=O)c2ncn([C@@H]3O[C@H](CO)[C@@H](O)[C@H]3O)c2[nH]1,CCC(=O)C[C@H]1O[C@@H](n2cnc3c(=O)[nH]c(=O)[nH]c32)[C@H](O)[C@@H]1O,3,0.7255,
O=c1[nH]c(=O)c2ncn([C@@H]3O[C@H](CO)[C@@H](O)[C@H]3O)c2[nH]1,CO[C@@H]1[C@H](OC(C)=O)[C@@H](C)O[C@H]1n1cnc2c(=O)[nH]c(=O)[nH]c21,3,0.4833,
O=c1[nH]c(=O)c2ncn([C@@H]3O[C@H](CO)[C@@H](O)[C@H]3O)c2[nH]1,CC(=O)O[C@H]1[C@H](n2cnc3c(=O)[nH]c(=O)[nH]c32)OC(C)(C)[C@H]1O,3,0.4915,
O=c1[nH]c(=O)c2ncn([C@@H]3O[C@H](CO)[C@@H](O)[C@H]3O)c2[nH]1,CC(=O)C(C)[C@H]1O[C@@H](n2cnc3c(=O)[nH]c(=O)[nH]c32)[C@H](O)[C@@H]1O,3,0.6111,
O=c1[nH]c(=O)c2ncn([C@@H]3O[C@H](CO)[C@@H](O)[C@H]3O)c2[nH]1,CC(=O)C[C@H]1O[C@@H](n2cnc3c(=O)[nH]c(=O)[nH]c32)[C@H](O)[C@@]1(C)O,3,0.5345,
O=c1[nH]c(=O)c2ncn([C@@H]3O[C@H](CO)[C@@H](O)[C@H]3O)c2[nH]1,CC(=O)[C@@H]1[C@H](O)[C@@H](CO)O[C@]1(C)n1cnc2c(=O)[nH]c(=O)[nH]c21,3,0.5085,
O=c1[nH]c(=O)c2ncn([C@@H]3O[C@H](CO)[C@@H](O)[C@H]3O)c2[nH]1,CC(=O)C[C@]1(C)O[C@@H](n2cnc3c(=O)[nH]c(=O)[nH]c32)[C@H](O)[C@@H]1O,3,0.5439,
O=c1[nH]c(=O)c2ncn([C@@H]3O[C@H](CO)[C@@H](O)[C@H]3O)c2[nH]1,CC(=O)[C@@]1(C)[C@@H](CO)O[C@@H](n2cnc3c(=O)[nH]c(=O)[nH]c32)[C@@H]1O,3,0.5893,
O=c1[nH]c(=O)c2ncn([C@@H]3O[C@H](CO)[C@@H](O)[C@H]3O)c2[nH]1,COC[C@H]1O[C@@H](n2cnc3c(=O)[nH]c(=O)[nH]c32)[C@H](O)[C@@H]1C(C)=O,3,0.625,
O=c1[nH]c(=O)c2ncn([C@@H]3O[C@H](CO)[C@@H](O)[C@H]3O)c2[nH]1,CC[C@H]1O[C@@H](n2cnc3c(=O)[nH]c(=O)[nH]c32)[C@H](OC(C)=O)[C@@H]1O,3,0.5965,
O=c1[nH]c(=O)c2ncn([C@@H]3O[C@H](CO)[C@@H](O)[C@H]3O)c2[nH]1,CC(=O)[C@H]1[C@@H](O)[C@@](C)(n2cnc3c(=O)[nH]c(=O)[nH]c32)O[C@@H]1CO,3,0.4915,
O=c1[nH]c(=O)c2ncn([C@@H]3O[C@H](CO)[C@@H](O)[C@H]3O)c2[nH]1,CC(=O)C[C@H]1O[C@@H](n2cnc3c(=O)[nH]c(=O)[nH]c32)[C@@](C)(O)[C@@H]1O,3,0.5172,
O=c1[nH]c(=O)c2ncn([C@@H]3O[C@H](CO)[C@@H](O)[C@H]3O)c2[nH]1,CC[C@H]1O[C@@H](n2cnc3c(=O)[nH]c(=O)[nH]c32)[C@H](O)[C@@H]1OC(C)=O,3,0.625,
O=c1[nH]c(=O)c2ncn([C@@H]3O[C@H](CO)[C@@H](O)[C@H]3O)c2[nH]1,CC(=O)[C@H]1[C@@H](O)[C@H](n2cnc3c(=O)[nH]c(=O)[nH]c32)O[C@@]1(C)CO,3,0.5893,
O=c1[nH]c(=O)c2ncn([C@@H]3O[C@H](CO)[C@@H](O)[C@H]3O)c2[nH]1,CC(=O)O[C@@H]1[C@H](O)[C@@H](C)O[C@]1(C)n1cnc2c(=O)[nH]c(=O)[nH]c21,3,0.3906,
O=c1[nH]c(=O)c2ncn([C@@H]3O[C@H](CO)[C@@H](O)[C@H]3O)c2[nH]1,CO[C@@H]1[C@H](C(C)=O)[C@@H](CO)O[C@H]1n1cnc2c(=O)[nH]c(=O)[nH]c21,3,0.6364,
O=c1[nH]c(=O)c2ncn([C@@H]3O[C@H](CO)[C@@H](O)[C@H]3O)c2[nH]1,CC(=O)O[C@@H]1[C@H](O)[C@@H](C)O[C@H]1n1c(C)nc2c(=O)[nH]c(=O)[nH]c21,3,0.3333,
O=c1[nH]c(=O)c2ncn([C@@H]3O[C@H](CO)[C@@H](O)[C@H]3O)c2[nH]1,CO[C@H]1[C@@H](O)[C@H](n2cnc3c(=O)[nH]c(=O)[nH]c32)O[C@@H]1CC(C)=O,3,0.6364,
O=c1[nH]c(=O)c2ncn([C@@H]3O[C@H](CO)[C@@H](O)[C@H]3O)c2[nH]1,CC(=O)O[C@@]1(C)[C@H](O)[C@@H](C)O[C@H]1n1cnc2c(=O)[nH]c(=O)[nH]c21,3,0.4667,
O=c1[nH]c(=O)c2ncn([C@@H]3O[C@H](CO)[C@@H](O)[C@H]3O)c2[nH]1,CC(=O)[C@H]1[C@H](n2cnc3c(=O)[nH]c(=O)[nH]c32)O[C@H](CO)[C@]1(C)O,3,0.5789,
O=c1[nH]c(=O)c2ncn([C@@H]3O[C@H](CO)[C@@H](O)[C@H]3O)c2[nH]1,CC(=O)O[C@@]1(C)[C@@H](C)O[C@@H](n2cnc3c(=O)[nH]c(=O)[nH]c32)[C@@H]1O,3,0.5345,
O=c1[nH]c(=O)c2ncn([C@@H]3O[C@H](CO)[C@@H](O)[C@H]3O)c2[nH]1,CC(=O)O[C@H]1[C@@H](O)[C@@](C)(n2cnc3c(=O)[nH]c(=O)[nH]c32)O[C@@H]1C,3,0.375,
O=c1[nH]c(=O)c2ncn([C@@H]3O[C@H](CO)[C@@H](O)[C@H]3O)c2[nH]1,CC(=O)O[C@H]1[C@@H](O)[C@H](n2c(C)nc3c(=O)[nH]c(=O)[nH]c32)O[C@@H]1C,3,0.3333,
O=c1[nH]c(=O)c2ncn([C@@H]3O[C@H](CO)[C@@H](O)[C@H]3O)c2[nH]1,CC(=O)[C@H]1[C@@H](O)[C@H](n2cnc3c(=O)[nH]c(=O)[nH]c32)O[C@@H]1C(C)O,3,0.5614,
O=c1[nH]c(=O)c2ncn([C@@H]3O[C@H](CO)[C@@H](O)[C@H]3O)c2[nH]1,CCC(=O)O[C@H]1[C@@H](O)[C@H](n2cnc3c(=O)[nH]c(=O)[nH]c32)O[C@@H]1C,3,0.569,
O=c1[nH]c(=O)c2ncn([C@@H]3O[C@H](CO)[C@@H](O)[C@H]3O)c2[nH]1,COC[C@H]1O[C@@H](n2cnc3c(=O)[nH]c(=O)[nH]c32)[C@H](C(C)=O)[C@@H]1O,3,0.5965,
O=c1[nH]c(=O)c2ncn([C@@H]3O[C@H](CO)[C@@H](O)[C@H]3O)c2[nH]1,CC(=O)O[C@@H]1[C@@H](C)O[C@@H](n2cnc3c(=O)[nH]c(=O)[nH]c32)[C@@]1(C)O,3,0.4426,
O=c1[nH]c(=O)c2ncn([C@@H]3O[C@H](CO)[C@@H](O)[C@H]3O)c2[nH]1,CC(=O)[C@@H]1[C@H](O)[C@@H](C(C)O)O[C@H]1n1cnc2c(=O)[nH]c(=O)[nH]c21,3,0.5345,
O=c1[nH]c(=O)c2ncn([C@@H]3O[C@H](CO)[C@@H](O)[C@H]3O)c2[nH]1,CO[C@@H]1[C@H](O)[C@@H](CC(C)=O)O[C@H]1n1cnc2c(=O)[nH]c(=O)[nH]c21,3,0.6071,
O=c1[nH]c(=O)c2ncn([C@@H]3O[C@H](CO)[C@@H](O)[C@H]3O)c2[nH]1,CC(=O)C[C@H]1O[C@](C)(n2cnc3c(=O)[nH]c(=O)[nH]c32)[C@H](O)[C@@H]1O,3,0.4426,
O=c1[nH]c(=O)c2ncn([C@@H]3O[C@H](CO)[C@@H](O)[C@H]3O)c2[nH]1,CO[C@H]1[C@@H](C(C)=O)[C@H](n2cnc3c(=O)[nH]c(=O)[nH]c32)O[C@@H]1CO,3,0.625,
O=c1[nH]c(=O)c2ncn([C@@H]3O[C@H](CO)[C@@H](O)[C@H]3O)c2[nH]1,CO[C@H]1[C@@H](OC(C)=O)[C@H](n2cnc3c(=O)[nH]c(=O)[nH]c32)O[C@@H]1C,3,0.4833,
O=c1[nH]c(=O)c2ncn([C@@H]3O[C@H](CO)[C@@H](O)[C@H]3O)c2[nH]1,CC(=O)[C@H]1[C@@H](O)[C@H](n2c(C)nc3c(=O)[nH]c(=O)[nH]c32)O[C@@H]1CO,3,0.4746,
O=c1[nH]c(=O)c2ncn([C@@H]3O[C@H](CO)[C@@H](O)[C@H]3O)c2[nH]1,CC(=O)C[C@H]1O[C@@H](n2c(C)nc3c(=O)[nH]c(=O)[nH]c32)[C@H](O)[C@@H]1O,3,0.4576,
O=c1[nH]c(=O)c2ncn([C@@H]3O[C@H](CO)[C@@H](O)[C@H]3O)c2[nH]1,CCC(=O)[C@H]1[C@@H](O)[C@H](n2cnc3c(=O)[nH]c(=O)[nH]c32)O[C@@H]1CO,3,0.7451,
O=c1[nH]c(=O)c2ncn([C@@H]3O[C@H](CO)[C@@H](O)[C@H]3O)c2[nH]1,CC(=O)[C@@H]1[C@@H](CO)O[C@@H](n2cnc3c(=O)[nH]c(=O)[nH]c32)[C@@]1(C)O,3,0.5714,
O=c1[nH]c(=O)c2ncn([C@@H]3O[C@H](CO)[C@@H](O)[C@H]3O)c2[nH]1,CCC(=O)O[C@@H]1[C@H](O)[C@@H](C)O[C@H]1n1cnc2c(=O)[nH]c(=O)[nH]c21,3,0.5424,
O=c1[nH]c(=O)c2ncn([C@@H]3O[C@H](CO)[C@@H](O)[C@H]3O)c2[nH]1,CC(=O)[C@@H]1[C@H](O)[C@@H](CO)O[C@H]1n1c(C)nc2c(=O)[nH]c(=O)[nH]c21,3,0.4915,
O=c1[nH]c(=O)c2ncn([C@@H]3O[C@H](CO)[C@@H](O)[C@H]3O)c2[nH]1,CCC(=O)[C@@H]1[C@H](O)[C@@H](CO)O[C@H]1n1cnc2c(=O)[nH]c(=O)[nH]c21,3,0.7308,
O=c1[nH]c(=O)c2ncn([C@@H]3O[C@H](CO)[C@@H](O)[C@H]3O)c2[nH]1,CC(=O)O[C@H]1[C@@H](O)[C@H](n2cnc3c(=O)[nH]c(=O)[nH]c32)OC1(C)C,3,0.5085,
O=c1[nH]c(=O)c2ncn([C@@H]3O[C@H](CO)[C@@H](O)[C@H]3O)c2[nH]1,CC(=O)[C@@]1(C)[C@H](O)[C@@H](CO)O[C@H]1n1cnc2c(=O)[nH]c(=O)[nH]c21,3,0.6,
O=c1[nH]c(=O)c2ncn([C@@H]3O[C@H](CO)[C@@H](O)[C@H]3O)c2[nH]1,CC(=O)[C@H]1[C@H](n2cnc3c(=O)[nH]c(=O)[nH]c32)O[C@@](C)(CO)[C@H]1O,3,0.5345,
O=c1[nH]c(=O)c2ncn([C@@H]3O[C@H](CO)[C@@H](O)[C@H]3O)c2[nH]1,CC(=O)O[C@H]1[C@H](n2cnc3c(=O)[nH]c(=O)[nH]c32)O[C@H](C)[C@]1(C)O,3,0.4754,
O=c1[nH]c(=O)c2ncn([C@@H]3O[C@H](CO)[C@@H](O)[C@H]3O)c2[nH]1,C[n+]1cn([C@@H]2O[C@H](C(O)C#N)[C@@H](O)[C@H]2O)c2[nH]c(=O)[nH]c(=O)c21,3,0.3538,
O=c1[nH]c(=O)c2ncn([C@@H]3O[C@H](CO)[C@@H](O)[C@H]3O)c2[nH]1,C[C@]1(OC=O)[C@@H](C=O)O[C@@H](n2cnc3c(=O)[nH]c(=O)[nH]c32)[C@@H]1O,3,0.5345,
O=c1[nH]c(=O)c2ncn([C@@H]3O[C@H](CO)[C@@H](O)[C@H]3O)c2[nH]1,CC(=O)OC[C@H]1O[C@@]2(n3cnc4c(=O)[nH]c(=O)[nH]c43)O[C@@H]2[C@@H]1O,3,0.4154,
O=c1[nH]c(=O)c2ncn([C@@H]3O[C@H](CO)[C@@H](O)[C@H]3O)c2[nH]1,CC(O)O[C@H]1[C@H]2O[C@]2(n2cnc3c(=O)[nH]c(=O)[nH]c32)O[C@@H]1C=O,3,0.3333,
O=c1[nH]c(=O)c2ncn([C@@H]3O[C@H](CO)[C@@H](O)[C@H]3O)c2[nH]1,CC(=O)O[C@@]12O[C@@H]1[C@@H](CO)O[C@H]2n1cnc2c(=O)[nH]c(=O)[nH]c21,3,0.5333,
O=c1[nH]c(=O)c2ncn([C@@H]3O[C@H](CO)[C@@H](O)[C@H]3O)c2[nH]1,CC(=O)OC[C@]12O[C@@H]([C@H](n3cnc4c(=O)[nH]c(=O)[nH]c43)O1)[C@@H]2O,3,0.5,
O=c1[nH]c(=O)c2ncn([C@@H]3O[C@H](CO)[C@@H](O)[C@H]3O)c2[nH]1,CC(=O)OC[C@H]1O[C@@H]2[C@H](O)[C@@H]1Oc1nc3c(=O)[nH]c(=O)[nH]c3n12,3,0.3846,
O=c1[nH]c(=O)c2ncn([C@@H]3O[C@H](CO)[C@@H](O)[C@H]3O)c2[nH]1,CC(O)O[C@H]1[C@H](n2cnc3c(=O)[nH]c(=O)[nH]c32)O[C@]2(C=O)O[C@@H]12,3,0.4531,
O=c1[nH]c(=O)c2ncn([C@@H]3O[C@H](CO)[C@@H](O)[C@H]3O)c2[nH]1,CC(=O)C(=O)[C@H]1O[C@@H](n2cnc3c(=O)[nH]c(=O)[nH]c32)[C@H](O)[C@@H]1O,3,0.6346,
O=c1[nH]c(=O)c2ncn([C@@H]3O[C@H](CO)[C@@H](O)[C@H]3O)c2[nH]1,O=C1CO[C@H]2[C@@H](O1)[C@H](n1cnc3c(=O)[nH]c(=O)[nH]c31)O[C@@H]2CO,3,0.6481,
O=c1[nH]c(=O)c2ncn([C@@H]3O[C@H](CO)[C@@H](O)[C@H]3O)c2[nH]1,CC(=O)O[C@@H]1[C@@H]2Oc3nc4c(=O)[nH]c(=O)[nH]c4n3[C@@H]1O[C@@H]2CO,3,0.4062,
O=c1[nH]c(=O)c2ncn([C@@H]3O[C@H](CO)[C@@H](O)[C@H]3O)c2[nH]1,CC(O)O[C@@H]1[C@@H]2OC(=O)[C@H]2O[C@H]1n1cnc2c(=O)[nH]c(=O)[nH]c21,3,0.5,
O=c1[nH]c(=O)c2ncn([C@@H]3O[C@H](CO)[C@@H](O)[C@H]3O)c2[nH]1,CC(O)O[C@@H]1[C@@H]2Oc3nc4c(=O)[nH]c(=O)[nH]c4n3[C@@H]1O[C@@H]2C=O,3,0.2817,
O=c1[nH]c(=O)c2ncn([C@@H]3O[C@H](CO)[C@@H](O)[C@H]3O)c2[nH]1,CC(=O)O[C@@]12OC[C@H]1O[C@@H](n1cnc3c(=O)[nH]c(=O)[nH]c31)[C@@H]2O,3,0.4918,
O=c1[nH]c(=O)c2ncn([C@@H]3O[C@H](CO)[C@@H](O)[C@H]3O)c2[nH]1,CC(=O)OC[C@H]1O[C@@H](n2cnc3c(=O)[nH]c(=O)[nH]c32)[C@]2(O)O[C@H]12,3,0.4603,
O=c1[nH]c(=O)c2ncn([C@@H]3O[C@H](CO)[C@@H](O)[C@H]3O)c2[nH]1,CC(=O)[C@H]1O[C@@H](n2cnc3c(=O)[nH]c(=O)[nH]c32)[C@H](O)[C@@H]1OC=O,3,0.5424,
O=c1[nH]c(=O)c2ncn([C@@H]3O[C@H](CO)[C@@H](O)[C@H]3O)c2[nH]1,Cc1nc2c(=O)[nH]c(=O)[nH]c2n1[C@@H]1O[C@H](C=O)[C@@H](O)[C@H]1OC=O,3,0.3284,
O=c1[nH]c(=O)c2ncn([C@@H]3O[C@H](CO)[C@@H](O)[C@H]3O)c2[nH]1,CC(=O)OC[C@H]1O[C@@H]2[C@H](Oc3nc4c(=O)[nH]c(=O)[nH]c4n32)[C@@H]1O,3,0.3846,
O=c1[nH]c(=O)c2ncn([C@@H]3O[C@H](CO)[C@@H](O)[C@H]3O)c2[nH]1,CC(O)O[C@]12O[C@H]1[C@H](n1cnc3c(=O)[nH]c(=O)[nH]c31)O[C@@H]2C=O,3,0.4462,
O=c1[nH]c(=O)c2ncn([C@@H]3O[C@H](CO)[C@@H](O)[C@H]3O)c2[nH]1,CC(=O)OC[C@]12O[C@@H](n3cnc4c(=O)[nH]c(=O)[nH]c43)[C@H](O)[C@@H]1O2,3,0.5254,
O=c1[nH]c(=O)c2ncn([C@@H]3O[C@H](CO)[C@@H](O)[C@H]3O)c2[nH]1,CC(=O)O[C@@H]1CO[C@](C=O)(n2cnc3c(=O)[nH]c(=O)[nH]c32)[C@@H]1O,3,0.3582,
O=c1[nH]c(=O)c2ncn([C@@H]3O[C@H](CO)[C@@H](O)[C@H]3O)c2[nH]1,CC(=O)O[C@@H]1[C@@H]2OC(O)[C@H]2O[C@H]1n1cnc2c(=O)[nH]c(=O)[nH]c21,3,0.5085,
O=c1[nH]c(=O)c2ncn([C@@H]3O[C@H](CO)[C@@H](O)[C@H]3O)c2[nH]1,CC(=O)O[C@H]1[C@H]2O[C@@]1(CO)O[C@H]2n1cnc2c(=O)[nH]c(=O)[nH]c21,3,0.4918,
O=c1[nH]c(=O)c2ncn([C@@H]3O[C@H](CO)[C@@H](O)[C@H]3O)c2[nH]1,CC(=O)O[C@H]1[C@H](n2cnc3c(=O)[nH]c(=O)[nH]c32)O[C@@H]2CO[C@]21O,3,0.4603,
O=c1[nH]c(=O)c2ncn([C@@H]3O[C@H](CO)[C@@H](O)[C@H]3O)c2[nH]1,C[C@]1(O)[C@@H](C=O)O[C@@H](n2cnc3c(=O)[nH]c(=O)[nH]c32)[C@@H]1OC=O,3,0.4677,
O=c1[nH]c(=O)c2ncn([C@@H]3O[C@H](CO)[C@@H](O)[C@H]3O)c2[nH]1,CC(=O)O[C@]12OC[C@@H](O[C@H]1n1cnc3c(=O)[nH]c(=O)[nH]c31)[C@H]2O,3,0.4516,
O=c1[nH]c(=O)c2ncn([C@@H]3O[C@H](CO)[C@@H](O)[C@H]3O)c2[nH]1,CC(=O)O[C@H]1[C@@H](O)[C@H](n2cnc3c(=O)[nH]c(=O)[nH]c32)O[C@@H]1C=O,2,0.5424,
O=c1[nH]c(=O)c2ncn([C@@H]3O[C@H](CO)[C@@H](O)[C@H]3O)c2[nH]1,C[C@@]1(C=O)O[C@@H](n2cnc3c(=O)[nH]c(=O)[nH]c32)[C@H](OC=O)[C@@H]1O,3,0.4754,
O=c1[nH]c(=O)c2ncn([C@@H]3O[C@H](CO)[C@@H](O)[C@H]3O)c2[nH]1,CC(=O)OC1O[C@H]2[C@@H](O)[C@H](n3cnc4c(=O)[nH]c(=O)[nH]c43)O[C@H]12,3,0.5714,
O=c1[nH]c(=O)c2ncn([C@@H]3O[C@H](CO)[C@@H](O)[C@H]3O)c2[nH]1,CC(=O)[C@H]1[C@@H](O)[C@H](n2cnc3c(=O)[nH]c(=O)[nH]c32)O[C@@H]1C(=O)O,3,0.5818,
O=c1[nH]c(=O)c2ncn([C@@H]3O[C@H](CO)[C@@H](O)[C@H]3O)c2[nH]1,Cc1nc2c(=O)[nH]c(=O)[nH]c2n1[C@@H]1O[C@H](C=O)[C@@H](OC=O)[C@H]1O,3,0.3284,
O=c1[nH]c(=O)c2ncn([C@@H]3O[C@H](CO)[C@@H](O)[C@H]3O)c2[nH]1,CC(=O)n1c(=O)[nH]c2c(ncn2[C@@H]2O[C@H](C=O)[C@@H](O)[C@H]2O)c1=O,3,0.4262,
O=c1[nH]c(=O)c2ncn([C@@H]3O[C@H](CO)[C@@H](O)[C@H]3O)c2[nH]1,CC(=O)O[C@@H]1[C@H](O)CO[C@]1(C=O)n1cnc2c(=O)[nH]c(=O)[nH]c21,3,0.3529,
O=c1[nH]c(=O)c2ncn([C@@H]3O[C@H](CO)[C@@H](O)[C@H]3O)c2[nH]1,CC(=O)O[C@@H]1[C@H](O)[C@@H](C=O)O[C@H]1n1cnc2c(=O)[nH]c(=O)[nH]c21,2,0.5167,
O=c1[nH]c(=O)c2ncn([C@@H]3O[C@H](CO)[C@@H](O)[C@H]3O)c2[nH]1,CC(O)O[C@@]12O[C@@H]1[C@@H](C=O)O[C@H]2n1cnc2c(=O)[nH]c(=O)[nH]c21,3,0.4091,
O=c1[nH]c(=O)c2ncn([C@@H]3O[C@H](CO)[C@@H](O)[C@H]3O)c2[nH]1,CC(=O)O[C@H]1[C@H](n2cnc3c(=O)[nH]c(=O)[nH]c32)O[C@@]2(CO2)[C@H]1O,3,0.4754,
O=c1[nH]c(=O)c2ncn([C@@H]3O[C@H](CO)[C@@H](O)[C@H]3O)c2[nH]1,CC(=O)[C@@H]1[C@H](O)[C@@H](C(=O)O)O[C@H]1n1cnc2c(=O)[nH]c(=O)[nH]c21,3,0.5536,
O=c1[nH]c(=O)c2ncn([C@@H]3O[C@H](CO)[C@@H](O)[C@H]3O)c2[nH]1,CC(=O)OC1O[C@@H]2[C@H](O)[C@@H]1O[C@H]2n1cnc2c(=O)[nH]c(=O)[nH]c21,3,0.5439,
O=c1[nH]c(=O)c2ncn([C@@H]3O[C@H](CO)[C@@H](O)[C@H]3O)c2[nH]1,O=C[C@H]1O[C@@H](n2cnc3c(=O)[nH]c(=O)[nH]c32)[C@@H]2OCC(O)O[C@@H]21,3,0.5,
O=c1[nH]c(=O)c2ncn([C@@H]3O[C@H](CO)[C@@H](O)[C@H]3O)c2[nH]1,CC(=O)O[C@]12O[C@H]1[C@H](n1cnc3c(=O)[nH]c(=O)[nH]c31)O[C@@H]2CO,3,0.5246,
O=c1[nH]c(=O)c2ncn([C@@H]3O[C@H](CO)[C@@H](O)[C@H]3O)c2[nH]1,CC(=O)O[C@H]1[C@@H](O)[C@H](n2cnc3c(=O)[nH]c(=O)[nH]c32)O[C@@]12CO2,3,0.4918,
O=c1[nH]c(=O)c2ncn([C@@H]3O[C@H](CO)[C@@H](O)[C@H]3O)c2[nH]1,CC(=O)OC[C@H]1O[C@@H](n2cnc3c(=O)[nH]c(=O)[nH]c32)[C@@H]2O[C@]12O,3,0.4762,
O=c1[nH]c(=O)c2ncn([C@@H]3O[C@H](CO)[C@@H](O)[C@H]3O)c2[nH]1,C[C@@]1(C=O)O[C@@H](n2cnc3c(=O)[nH]c(=O)[nH]c32)[C@H](O)[C@@H]1OC=O,3,0.4918,
O=c1[nH]c(=O)c2ncn([C@@H]3O[C@H](CO)[C@@H](O)[C@H]3O)c2[nH]1,CC(=O)O[C@@H]1[C@H](O)[C@H]2CO[C@]1(n1cnc3c(=O)[nH]c(=O)[nH]c31)O2,3,0.3731,
O=c1[nH]c(=O)c2ncn([C@@H]3O[C@H](CO)[C@@H](O)[C@H]3O)c2[nH]1,C[C@]1(OC=O)[C@H](O)[C@@H](C=O)O[C@H]1n1cnc2c(=O)[nH]c(=O)[nH]c21,3,0.4667,
O=c1[nH]c(=O)c2ncn([C@@H]3O[C@H](CO)[C@@H](O)[C@H]3O)c2[nH]1,C[C@]1(n2cnc3c(=O)[nH]c(=O)[nH]c32)O[C@H](C=O)[C@@H](O)[C@H]1OC=O,3,0.4,
O=c1[nH]c(=O)c2ncn([C@@H]3O[C@H](CO)[C@@H](O)[C@H]3O)c2[nH]1,CC(=O)O[C@H]1[C@@H](O)[C@H]2O[C@@H]1COc1nc3c(=O)[nH]c(=O)[nH]c3n12,3,0.3433,
O=c1[nH]c(=O)c2ncn([C@@H]3O[C@H](CO)[C@@H](O)[C@H]3O)c2[nH]1,CC(O)O[C@H]1[C@H]2O[C@@]1(C=O)O[C@H]2n1cnc2c(=O)[nH]c(=O)[nH]c21,3,0.4308,
O=c1[nH]c(=O)c2ncn([C@@H]3O[C@H](CO)[C@@H](O)[C@H]3O)c2[nH]1,CC(=O)O[C@H]1[C@@H](O)[C@]2(n3cnc4c(=O)[nH]c(=O)[nH]c43)OC[C@H]1O2,3,0.3582,
O=c1[nH]c(=O)c2ncn([C@@H]3O[C@H](CO)[C@@H](O)[C@H]3O)c2[nH]1,CC(=O)[C@H]1O[C@@H](n2cnc3c(=O)[nH]c(=O)[nH]c32)[C@H](OC=O)[C@@H]1O,3,0.5167,
O=c1[nH]c(=O)c2ncn([C@@H]3O[C@H](CO)[C@@H](O)[C@H]3O)c2[nH]1,CC(=O)O[C@H]1[C@H]2OC(O)[C@H]1O[C@H]2n1cnc2c(=O)[nH]c(=O)[nH]c21,3,0.5085,
O=c1[nH]c(=O)c2ncn([C@@H]3O[C@H](CO)[C@@H](O)[C@H]3O)c2[nH]1,CC(=O)O[C@@H]1[C@@H]2O[C@]1(n1cnc3c(=O)[nH]c(=O)[nH]c31)O[C@@H]2CO,3,0.4375,
O=c1[nH]c(=O)c2ncn([C@@H]3O[C@H](CO)[C@@H](O)[C@H]3O)c2[nH]1,CC(=O)O[C@H]1[C@H](n2cnc3c(=O)[nH]c(=O)[nH]c32)O[C@]2(CO)O[C@@H]12,3,0.4918,
O=c1[nH]c(=O)c2ncn([C@@H]3O[C@H](CO)[C@@H](O)[C@H]3O)c2[nH]1,CC(=O)O[C@@H]1[C@H](O)[C@H]2COc3nc4c(=O)[nH]c(=O)[nH]c4n3[C@@H]1O2,3,0.3433,
O=c1[nH]c(=O)c2ncn([C@@H]3O[C@H](CO)[C@@H](O)[C@H]3O)c2[nH]1,CC(O)O[C@@H]1[C@@H]2O[C@]1(n1cnc3c(=O)[nH]c(=O)[nH]c31)O[C@@H]2C=O,3,0.3286,
O=c1[nH]c(=O)c2ncn([C@@H]3O[C@H](CO)[C@@H](O)[C@H]3O)c2[nH]1,O=C1CO[C@@H]2[C@H](O1)[C@@H](CO)O[C@H]2n1cnc2c(=O)[nH]c(=O)[nH]c21,3,0.6481,
O=c1[nH]c(=O)c2ncn([C@@H]3O[C@H](CO)[C@@H](O)[C@H]3O)c2[nH]1,O=C[C@H]1O[C@@H](n2cnc3c(=O)[nH]c(=O)[nH]c32)[C@@H]2OC(O)CO[C@@H]21,3,0.5,
O=c1[nH]c(=O)c2ncn([C@@H]3O[C@H](CO)[C@@H](O)[C@H]3O)c2[nH]1,CC(=O)O[C@H]1[C@H]2O[C@]2(n2cnc3c(=O)[nH]c(=O)[nH]c32)O[C@@H]1CO,3,0.4375,
O=c1[nH]c(=O)c2ncn([C@@H]3O[C@H](CO)[C@@H](O)[C@H]3O)c2[nH]1,CC(=O)O[C@H]1[C@H]2Oc3nc4c(=O)[nH]c(=O)[nH]c4n3[C@@H]2O[C@@H]1CO,3,0.4062,
O=c1[nH]c(=O)c2ncn([C@@H]3O[C@H](CO)[C@@H](O)[C@H]3O)c2[nH]1,CC(=O)O[C@@H]1[C@H]2CO[C@@]1(O)[C@H](n1cnc3c(=O)[nH]c(=O)[nH]c31)O2,3,0.4219,
O=c1[nH]c(=O)c2ncn([C@@H]3O[C@H](CO)[C@@H](O)[C@H]3O)c2[nH]1,CC(=O)OC[C@H]1O[C@@]2(n3cnc4c(=O)[nH]c(=O)[nH]c43)O[C@H]1[C@H]2O,3,0.4,
O=c1[nH]c(=O)c2ncn([C@@H]3O[C@H](CO)[C@@H](O)[C@H]3O)c2[nH]1,CC(O)O[C@H]1[C@H]2OC(=O)[C@H]1O[C@H]2n1cnc2c(=O)[nH]c(=O)[nH]c21,3,0.5,
O=c1[nH]c(=O)c2ncn([C@@H]3O[C@H](CO)[C@@H](O)[C@H]3O)c2[nH]1,CC(=O)n1c(=O)[nH]c(=O)c2ncn([C@@H]3O[C@H](C=O)[C@@H](O)[C@H]3O)c21,3,0.4032,
O=c1[nH]c(=O)c2ncn([C@@H]3O[C@H](CO)[C@@H](O)[C@H]3O)c2[nH]1,C[C@]1(n2cnc3c(=O)[nH]c(=O)[nH]c32)O[C@H](C=O)[C@@H](OC=O)[C@H]1O,3,0.3692,
O=c1[nH]c(=O)c2ncn([C@@H]3O[C@H](CO)[C@@H](O)[C@H]3O)c2[nH]1,CC(O)O[C@H]1[C@H]2Oc3nc4c(=O)[nH]c(=O)[nH]c4n3[C@@H]2O[C@@H]1C=O,3,0.2817,
O=c1[nH]c(=O)c2ncn([C@@H]3O[C@H](CO)[C@@H](O)[C@H]3O)c2[nH]1,C[C@]1(O)[C@H](OC=O)[C@@H](C=O)O[C@H]1n1cnc2c(=O)[nH]c(=O)[nH]c21,3,0.4286,
O=c1[nH]c(=O)c2ncn([C@@H]3O[C@H](CO)[C@@H](O)[C@H]3O)c2[nH]1,COC(C#N)[C@H]1O[C@@H](n2cnc3c(=O)[nH]c(=O)[nH]c32)[C@H](O)[C@@H]1O,3,0.569,
O=c1[nH]c(=O)c2ncn([C@@H]3O[C@H](CO)[C@@H](O)[C@H]3O)c2[nH]1,CO[C@@H]1[C@H](O)[C@@H](C(O)C#N)O[C@H]1n1cnc2c(=O)[nH]c(=O)[nH]c21,3,0.5246,
O=c1[nH]c(=O)c2ncn([C@@H]3O[C@H](CO)[C@@H](O)[C@H]3O)c2[nH]1,CC(O)(C#N)[C@H]1O[C@@H](n2cnc3c(=O)[nH]c(=O)[nH]c32)[C@H](O)[C@@H]1O,3,0.5893,
O=c1[nH]c(=O)c2ncn([C@@H]3O[C@H](CO)[C@@H](O)[C@H]3O)c2[nH]1,CO[C@H]1[C@@H](O)[C@H](n2cnc3c(=O)[nH]c(=O)[nH]c32)O[C@@H]1C(O)C#N,3,0.5333,
O=c1[nH]c(=O)c2ncn([C@@H]3O[C@H](CO)[C@@H](O)[C@H]3O)c2[nH]1,COC(O)[C@H]1O[C@@H](n2cnc3c(=O)[nH]c(=O)[nH]c32)[C@H](O)[C@@H]1O,3,0.6111,
O=c1[nH]c(=O)c2ncn([C@@H]3O[C@H](CO)[C@@H](O)[C@H]3O)c2[nH]1,O=c1[nH]c(=O)c2ncn([C@@H]3O[C@H](CO)[C@@H](O)[C@H]3OCO)c2[nH]1,3,0.76,
O=c1[nH]c(=O)c2ncn([C@@H]3O[C@H](CO)[C@@H](O)[C@H]3O)c2[nH]1,CO[C@H]1[C@@H](O)[C@H](n2cnc3c(=O)[nH]c(=O)[nH]c32)O[C@@H]1C(O)O,3,0.5714,
O=c1[nH]c(=O)c2ncn([C@@H]3O[C@H](CO)[C@@H](O)[C@H]3O)c2[nH]1,CO[C@@H]1[C@H](O)[C@@H](C(O)O)O[C@H]1n1cnc2c(=O)[nH]c(=O)[nH]c21,3,0.5439,
O=c1[nH]c(=O)c2ncn([C@@H]3O[C@H](CO)[C@@H](O)[C@H]3O)c2[nH]1,O=c1[nH]c(=O)c2ncn([C@@H]3O[C@H](CO)[C@@H](OCO)[C@H]3O)c2[nH]1,3,0.76,0.5161
O=c1[nH]c(=O)c2ncn([C@@H]3O[C@H](CO)[C@@H](O)[C@H]3O)c2[nH]1,O=c1[nH]c(=O)c2ncn([C@@H]3O[C@H](COCO)[C@@H](O)[C@H]3O)c2[nH]1,3,0.7755,0.5
O=c1[nH]c(=O)c2ncn([C@@H]3O[C@H](CO)[C@@H](O)[C@H]3O)c2[nH]1,Cn1c(=O)[nH]c(=O)c2c1n([C@@]1(CO)OC[C@@H](O)[C@H]1O)c[n+]2C,3,0.1892,
O=c1[nH]c(=O)c2ncn([C@@H]3O[C@H](CO)[C@@H](O)[C@H]3O)c2[nH]1,CO[C@@H]1[C@H](O)[C@@H](CO)O[C@H]1n1c[n+](C)c2c(=O)[nH]c(=O)[nH]c21,2,0.459,
O=c1[nH]c(=O)c2ncn([C@@H]3O[C@H](CO)[C@@H](O)[C@H]3O)c2[nH]1,CO[C@@H]1[C@H](O)CO[C@]1(CO)n1c[n+](C)c2c(=O)[nH]c(=O)[nH]c21,3,0.2639,
O=c1[nH]c(=O)c2ncn([C@@H]3O[C@H](CO)[C@@H](O)[C@H]3O)c2[nH]1,CO[C@H]1[C@@H](O)[C@H](n2c[n+](C)c3c(=O)[nH]c(=O)[nH]c32)O[C@@H]1CO,2,0.459,
O=c1[nH]c(=O)c2ncn([C@@H]3O[C@H](CO)[C@@H](O)[C@H]3O)c2[nH]1,Cn1c(=O)[nH]c2c(c1=O)[n+](C)cn2[C@@]1(CO)OC[C@@H](O)[C@H]1O,3,0.1892,
O=c1[nH]c(=O)c2ncn([C@@H]3O[C@H](CO)[C@@H](O)[C@H]3O)c2[nH]1,COC[C@H]1O[C@@H](n2c[n+](C)c3c(=O)[nH]c(=O)[nH]c32)[C@H](O)[C@@H]1O,2,0.45,
O=c1[nH]c(=O)c2ncn([C@@H]3O[C@H](CO)[C@@H](O)[C@H]3O)c2[nH]1,CO[C@@H]1CO[C@](CO)(n2c[n+](C)c3c(=O)[nH]c(=O)[nH]c32)[C@@H]1O,3,0.2676,
O=c1[nH]c(=O)c2ncn([C@@H]3O[C@H](CO)[C@@H](O)[C@H]3O)c2[nH]1,Cn1c(=O)[nH]c(=O)c2c1n([C@@H]1O[C@H](CO)[C@@H](O)[C@H]1O)c[n+]2C,2,0.4333,
O=c1[nH]c(=O)c2ncn([C@@H]3O[C@H](CO)[C@@H](O)[C@H]3O)c2[nH]1,Cn1c(=O)[nH]c2c(c1=O)[n+](C)cn2[C@@H]1O[C@H](CO)[C@@H](O)[C@H]1O,2,0.4333,
O=c1[nH]c(=O)c2ncn([C@@H]3O[C@H](CO)[C@@H](O)[C@H]3O)c2[nH]1,COC[C@]1(n2c[n+](C)c3c(=O)[nH]c(=O)[nH]c32)OC[C@@H](O)[C@H]1O,3,0.2535,
O=c1[nH]c(=O)c2ncn([C@@H]3O[C@H](CO)[C@@H](O)[C@H]3O)c2[nH]1,NCOC[C@H]1O[C@@H](n2cnc3c(=O)[nH]c(=O)[nH]c32)[C@H](O)[C@@H]1O,3,0.7255,0.6852
O=c1[nH]c(=O)c2ncn([C@@H]3O[C@H](CO)[C@@H](O)[C@H]3O)c2[nH]1,NCO[C@@H]1[C@H](O)[C@@H](CO)O[C@H]1n1cnc2c(=O)[nH]c(=O)[nH]c21,3,0.7308,0.55
O=c1[nH]c(=O)c2ncn([C@@H]3O[C@H](CO)[C@@H](O)[C@H]3O)c2[nH]1,NCO[C@H]1[C@@H](O)[C@H](n2cnc3c(=O)[nH]c(=O)[nH]c32)O[C@@H]1CO,3,0.7308,0.5079
O=c1[nH]c(=O)c2ncn([C@@H]3O[C@H](CO)[C@@H](O)[C@H]3O)c2[nH]1,C[n+]1cn([C@@]2(C(=O)O)OC[C@@H](O)[C@H]2O)c2[nH]c(=O)[nH]c(=O)c21,3,0.2464,
O=c1[nH]c(=O)c2ncn([C@@H]3O[C@H](CO)[C@@H](O)[C@H]3O)c2[nH]1,C[n+]1cn([C@@H]2O[C@]3(OC3O)[C@@H](O)[C@H]2O)c2[nH]c(=O)[nH]c(=O)c21,3,0.3387,
O=c1[nH]c(=O)c2ncn([C@@H]3O[C@H](CO)[C@@H](O)[C@H]3O)c2[nH]1,C[n+]1cn([C@@H]2O[C@@H]3C(O)O[C@]2(O)[C@@H]3O)c2[nH]c(=O)[nH]c(=O)c21,3,0.303,
O=c1[nH]c(=O)c2ncn([C@@H]3O[C@H](CO)[C@@H](O)[C@H]3O)c2[nH]1,O=c1[nH]c(=O)c2c([nH]1)n1c[n+]2CO[C@H]2[C@@H](O)[C@H]1O[C@@H]2C(O)O,3,0.3333,
O=c1[nH]c(=O)c2ncn([C@@H]3O[C@H](CO)[C@@H](O)[C@H]3O)c2[nH]1,C[n+]1c2n(c3[nH]c(=O)[nH]c(=O)c31)[C@@H]1O[C@H](C(O)O2)[C@@H](O)[C@H]1O,3,0.3226,
O=c1[nH]c(=O)c2ncn([C@@H]3O[C@H](CO)[C@@H](O)[C@H]3O)c2[nH]1,C[n+]1cn([C@@H]2O[C@]3(C(O)O)O[C@@H]2[C@@H]3O)c2[nH]c(=O)[nH]c(=O)c21,3,0.2836,
O=c1[nH]c(=O)c2ncn([C@@H]3O[C@H](CO)[C@@H](O)[C@H]3O)c2[nH]1,C[n+]1cn([C@@H]2O[C@H](C(O)O)[C@H]3O[C@]32O)c2[nH]c(=O)[nH]c(=O)c21,3,0.2754,
O=c1[nH]c(=O)c2ncn([C@@H]3O[C@H](CO)[C@@H](O)[C@H]3O)c2[nH]1,C[n+]1cn([C@@H]2O[C@H](C(O)O)[C@@]3(O)O[C@@H]23)c2[nH]c(=O)[nH]c(=O)c21,3,0.2754,
O=c1[nH]c(=O)c2ncn([C@@H]3O[C@H](CO)[C@@H](O)[C@H]3O)c2[nH]1,C[n+]1cn([C@@H]2O[C@@H]3C(O)O[C@@]3(O)[C@H]2O)c2[nH]c(=O)[nH]c(=O)c21,3,0.303,
O=c1[nH]c(=O)c2ncn([C@@H]3O[C@H](CO)[C@@H](O)[C@H]3O)c2[nH]1,C[n+]1cn([C@@]23O[C@H]([C@@H](C(O)O)O2)[C@H]3O)c2[nH]c(=O)[nH]c(=O)c21,3,0.2647,
O=c1[nH]c(=O)c2ncn([C@@H]3O[C@H](CO)[C@@H](O)[C@H]3O)c2[nH]1,C[n+]1c2n(c3[nH]c(=O)[nH]c(=O)c31)[C@@H]1O[C@H](C(O)O)[C@@H](O)[C@H]1O2,3,0.2879,
O=c1[nH]c(=O)c2ncn([C@@H]3O[C@H](CO)[C@@H](O)[C@H]3O)c2[nH]1,C[n+]1cn([C@@]23OC(O)[C@@H](O2)[C@@H](O)[C@H]3O)c2[nH]c(=O)[nH]c(=O)c21,3,0.2727,
O=c1[nH]c(=O)c2ncn([C@@H]3O[C@H](CO)[C@@H](O)[C@H]3O)c2[nH]1,O=c1[nH]c(=O)c2c([nH]1)n1c[n+]2CO[C@@H]2[C@H](O)[C@@H](C(O)O)O[C@H]21,3,0.3134,
O=c1[nH]c(=O)c2ncn([C@@H]3O[C@H](CO)[C@@H](O)[C@H]3O)c2[nH]1,C[n+]1c2n(c3[nH]c(=O)[nH]c(=O)c31)[C@@H]1O[C@H](C(O)O)[C@@H](O2)[C@H]1O,3,0.2879,
O=c1[nH]c(=O)c2ncn([C@@H]3O[C@H](CO)[C@@H](O)[C@H]3O)c2[nH]1,C[n+]1cn([C@@]23O[C@H](C(O)O)[C@@H](O)[C@H]2O3)c2[nH]c(=O)[nH]c(=O)c21,3,0.2609,
O=c1[nH]c(=O)c2ncn([C@@H]3O[C@H](CO)[C@@H](O)[C@H]3O)c2[nH]1,C[n+]1cn([C@@H]2O[C@H](C(=O)O)[C@@H](O)[C@H]2O)c2[nH]c(=O)[nH]c(=O)c21,2,0.377,
O=c1[nH]c(=O)c2ncn([C@@H]3O[C@H](CO)[C@@H](O)[C@H]3O)c2[nH]1,C[n+]1cn([C@@H]2O[C@]3(C(O)O)O[C@H]3[C@H]2O)c2[nH]c(=O)[nH]c(=O)c21,3,0.2985,
O=c1[nH]c(=O)c2ncn([C@@H]3O[C@H](CO)[C@@H](O)[C@H]3O)c2[nH]1,O=c1[nH]c(=O)c2c([nH]1)n1c[n+]2COC(O)[C@H]2O[C@@H]1[C@H](O)[C@@H]2O,3,0.377,
O=c1[nH]c(=O)c2ncn([C@@H]3O[C@H](CO)[C@@H](O)[C@H]3O)c2[nH]1,CC(O)[C@H]1[C@@H](O)[C@H](n2cnc3c(=O)[nH]c(=O)[nH]c32)O[C@@H]1CO,3,0.7451,
O=c1[nH]c(=O)c2ncn([C@@H]3O[C@H](CO)[C@@H](O)[C@H]3O)c2[nH]1,COC[C@H]1O[C@@H](n2cnc3c(=O)[nH]c(=O)[nH]c32)[C@H](O)[C@@H]1OC,2,0.6481,
O=c1[nH]c(=O)c2ncn([C@@H]3O[C@H](CO)[C@@H](O)[C@H]3O)c2[nH]1,CC(O)C[C@H]1O[C@@H](n2cnc3c(=O)[nH]c(=O)[nH]c32)[C@H](O)[C@@H]1O,3,0.74,
O=c1[nH]c(=O)c2ncn([C@@H]3O[C@H](CO)[C@@H](O)[C@H]3O)c2[nH]1,CO[C@@H]1[C@H](OC)[C@@H](CO)O[C@H]1n1cnc2c(=O)[nH]c(=O)[nH]c21,2,0.6863,
O=c1[nH]c(=O)c2ncn([C@@H]3O[C@H](CO)[C@@H](O)[C@H]3O)c2[nH]1,CO[C@H]1[C@@H](O)[C@H](n2cnc3c(=O)[nH]c(=O)[nH]c32)O[C@@H]1C(C)O,3,0.5614,
O=c1[nH]c(=O)c2ncn([C@@H]3O[C@H](CO)[C@@H](O)[C@H]3O)c2[nH]1,CO[C@@]1(C)[C@@H](CO)O[C@@H](n2cnc3c(=O)[nH]c(=O)[nH]c32)[C@@H]1O,3,0.6182,
O=c1[nH]c(=O)c2ncn([C@@H]3O[C@H](CO)[C@@H](O)[C@H]3O)c2[nH]1,CO[C@@H]1[C@H](O)[C@@H](CO)O[C@]1(C)n1cnc2c(=O)[nH]c(=O)[nH]c21,3,0.5,
O=c1[nH]c(=O)c2ncn([C@@H]3O[C@H](CO)[C@@H](O)[C@H]3O)c2[nH]1,CO[C@H]1[C@H](n2cnc3c(=O)[nH]c(=O)[nH]c32)O[C@@](C)(CO)[C@H]1O,3,0.5345,
O=c1[nH]c(=O)c2ncn([C@@H]3O[C@H](CO)[C@@H](O)[C@H]3O)c2[nH]1,CO[C@H]1[C@@H](O)[C@H](n2cnc3c(=O)[nH]c(=O)[nH]c32)O[C@@]1(C)CO,3,0.5517,
O=c1[nH]c(=O)c2ncn([C@@H]3O[C@H](CO)[C@@H](O)[C@H]3O)c2[nH]1,COC[C@H]1O[C@@H](n2cnc3c(=O)[nH]c(=O)[nH]c32)[C@H](O)[C@@]1(C)O,3,0.5345,
O=c1[nH]c(=O)c2ncn([C@@H]3O[C@H](CO)[C@@H](O)[C@H]3O)c2[nH]1,CC(O)O[C@H]1[C@@H](O)[C@H](n2cnc3c(=O)[nH]c(=O)[nH]c32)O[C@@H]1C,3,0.5614,
O=c1[nH]c(=O)c2ncn([C@@H]3O[C@H](CO)[C@@H](O)[C@H]3O)c2[nH]1,CC(O)O[C@@H]1[C@H](O)[C@@H](C)O[C@H]1n1cnc2c(=O)[nH]c(=O)[nH]c21,3,0.5345,
O=c1[nH]c(=O)c2ncn([C@@H]3O[C@H](CO)[C@@H](O)[C@H]3O)c2[nH]1,CO[C@@H]1[C@H](O)[C@@H](C(C)O)O[C@H]1n1cnc2c(=O)[nH]c(=O)[nH]c21,3,0.5345,
O=c1[nH]c(=O)c2ncn([C@@H]3O[C@H](CO)[C@@H](O)[C@H]3O)c2[nH]1,CCO[C@H]1[C@@H](O)[C@H](n2cnc3c(=O)[nH]c(=O)[nH]c32)O[C@@H]1CO,2,0.7308,
O=c1[nH]c(=O)c2ncn([C@@H]3O[C@H](CO)[C@@H](O)[C@H]3O)c2[nH]1,COC[C@H]1O[C@@H](n2c(C)nc3c(=O)[nH]c(=O)[nH]c32)[C@H](O)[C@@H]1O,3,0.4576,
O=c1[nH]c(=O)c2ncn([C@@H]3O[C@H](CO)[C@@H](O)[C@H]3O)c2[nH]1,COC[C@H]1O[C@](C)(n2cnc3c(=O)[nH]c(=O)[nH]c32)[C@H](O)[C@@H]1O,3,0.4426,
O=c1[nH]c(=O)c2ncn([C@@H]3O[C@H](CO)[C@@H](O)[C@H]3O)c2[nH]1,CO[C@@H]1[C@H](O)[C@@H](CO)O[C@H]1n1c(C)nc2c(=O)[nH]c(=O)[nH]c21,3,0.4915,
O=c1[nH]c(=O)c2ncn([C@@H]3O[C@H](CO)[C@@H](O)[C@H]3O)c2[nH]1,COC[C@]1(C)O[C@@H](n2cnc3c(=O)[nH]c(=O)[nH]c32)[C@H](O)[C@@H]1O,3,0.5439,
O=c1[nH]c(=O)c2ncn([C@@H]3O[C@H](CO)[C@@H](O)[C@H]3O)c2[nH]1,COC(C)[C@H]1O[C@@H](n2cnc3c(=O)[nH]c(=O)[nH]c32)[C@H](O)[C@@H]1O,3,0.6111,
O=c1[nH]c(=O)c2ncn([C@@H]3O[C@H](CO)[C@@H](O)[C@H]3O)c2[nH]1,CO[C@H]1[C@@H](O)[C@@](C)(n2cnc3c(=O)[nH]c(=O)[nH]c32)O[C@@H]1CO,3,0.4833,
O=c1[nH]c(=O)c2ncn([C@@H]3O[C@H](CO)[C@@H](O)[C@H]3O)c2[nH]1,COC[C@H]1O[C@@H](n2cnc3c(=O)[nH]c(=O)[nH]c32)[C@@](C)(O)[C@@H]1O,3,0.5172,
O=c1[nH]c(=O)c2ncn([C@@H]3O[C@H](CO)[C@@H](O)[C@H]3O)c2[nH]1,CO[C@@]1(C)[C@H](O)[C@@H](CO)O[C@H]1n1cnc2c(=O)[nH]c(=O)[nH]c21,3,0.6,
O=c1[nH]c(=O)c2ncn([C@@H]3O[C@H](CO)[C@@H](O)[C@H]3O)c2[nH]1,CO[C@@H]1[C@H](OC)CO[C@]1(CO)n1cnc2c(=O)[nH]c(=O)[nH]c21,3,0.4062,
O=c1[nH]c(=O)c2ncn([C@@H]3O[C@H](CO)[C@@H](O)[C@H]3O)c2[nH]1,COC[C@]1(n2cnc3c(=O)[nH]c(=O)[nH]c32)OC[C@@H](OC)[C@H]1O,3,0.3846,
O=c1[nH]c(=O)c2ncn([C@@H]3O[C@H](CO)[C@@H](O)[C@H]3O)c2[nH]1,CCO[C@@H]1[C@H](O)CO[C@]1(CO)n1cnc2c(=O)[nH]c(=O)[nH]c21,3,0.3939,
O=c1[nH]c(=O)c2ncn([C@@H]3O[C@H](CO)[C@@H](O)[C@H]3O)c2[nH]1,CC(O)[C@@H]1[C@H](O)[C@@H](CO)O[C@H]1n1cnc2c(=O)[nH]c(=O)[nH]c21,3,0.7451,
O=c1[nH]c(=O)c2ncn([C@@H]3O[C@H](CO)[C@@H](O)[C@H]3O)c2[nH]1,CO[C@H]1[C@H](n2cnc3c(=O)[nH]c(=O)[nH]c32)O[C@H](CO)[C@]1(C)O,3,0.5517,
O=c1[nH]c(=O)c2ncn([C@@H]3O[C@H](CO)[C@@H](O)[C@H]3O)c2[nH]1,CCO[C@@H]1[C@H](O)[C@@H](CO)O[C@H]1n1cnc2c(=O)[nH]c(=O)[nH]c21,2,0.7308,
O=c1[nH]c(=O)c2ncn([C@@H]3O[C@H](CO)[C@@H](O)[C@H]3O)c2[nH]1,CO[C@H]1[C@@H](O)[C@H](n2c(C)nc3c(=O)[nH]c(=O)[nH]c32)O[C@@H]1CO,3,0.4667,
O=c1[nH]c(=O)c2ncn([C@@H]3O[C@H](CO)[C@@H](O)[C@H]3O)c2[nH]1,CCOC[C@H]1O[C@@H](n2cnc3c(=O)[nH]c(=O)[nH]c32)[C@H](O)[C@@H]1O,2,0.7255,
O=c1[nH]c(=O)c2ncn([C@@H]3O[C@H](CO)[C@@H](O)[C@H]3O)c2[nH]1,CCO[C@@H]1CO[C@](CO)(n2cnc3c(=O)[nH]c(=O)[nH]c32)[C@@H]1O,3,0.4,
O=c1[nH]c(=O)c2ncn([C@@H]3O[C@H](CO)[C@@H](O)[C@H]3O)c2[nH]1,COC[C@H]1O[C@@H](n2cnc3c(=O)[nH]c(=O)[nH]c32)[C@H](OC)[C@@H]1O,2,0.6182,
O=c1[nH]c(=O)c2ncn([C@@H]3O[C@H](CO)[C@@H](O)[C@H]3O)c2[nH]1,CO[C@@H]1[C@@H](CO)O[C@@H](n2cnc3c(=O)[nH]c(=O)[nH]c32)[C@@]1(C)O,3,0.5614,
O=c1[nH]c(=O)c2ncn([C@@H]3O[C@H](CO)[C@@H](O)[C@H]3O)c2[nH]1,CCOC[C@]1(n2cnc3c(=O)[nH]c(=O)[nH]c32)OC[C@@H](O)[C@H]1O,3,0.3846,
O=c1[nH]c(=O)c2ncn([C@@H]3O[C@H](CO)[C@@H](O)[C@H]3O)c2[nH]1,COC[C@]1(n2cnc3c(=O)[nH]c(=O)[nH]c32)OC[C@@H](O)[C@H]1OC,3,0.3788,
O=c1[nH]c(=O)c2ncn([C@@H]3O[C@H](CO)[C@@H](O)[C@H]3O)c2[nH]1,C[n+]1cn([C@@H]2O[C@H](C(N)=O)[C@@H](O)[C@H]2O)c2[nH]c(=O)[nH]c(=O)c21,3,0.371,
O=c1[nH]c(=O)c2ncn([C@@H]3O[C@H](CO)[C@@H](O)[C@H]3O)c2[nH]1,O=c1[nH]c(=O)c2nc3n(c2[nH]1)[C@@H]1O[C@H](CO)[C@@H](O3)[C@H]1OCO,3,0.4262,
O=c1[nH]c(=O)c2ncn([C@@H]3O[C@H](CO)[C@@H](O)[C@H]3O)c2[nH]1,CO[C@H]1[C@H](n2cnc3c(=O)[nH]c(=O)[nH]c32)O[C@]2(C(O)O)O[C@@H]12,3,0.459,
O=c1[nH]c(=O)c2ncn([C@@H]3O[C@H](CO)[C@@H](O)[C@H]3O)c2[nH]1,O=CO[C@@H]1CO[C@](CO)(n2cnc3c(=O)[nH]c(=O)[nH]c32)[C@@H]1O,3,0.4,
O=c1[nH]c(=O)c2ncn([C@@H]3O[C@H](CO)[C@@H](O)[C@H]3O)c2[nH]1,COC(O)[C@H]1O[C@@]2(n3cnc4c(=O)[nH]c(=O)[nH]c43)O[C@H]1[C@H]2O,3,0.3692,
O=c1[nH]c(=O)c2ncn([C@@H]3O[C@H](CO)[C@@H](O)[C@H]3O)c2[nH]1,COC(O)[C@H]1O[C@@H]2[C@H](O)[C@@H]1Oc1nc3c(=O)[nH]c(=O)[nH]c3n12,3,0.3333,
O=c1[nH]c(=O)c2ncn([C@@H]3O[C@H](CO)[C@@H](O)[C@H]3O)c2[nH]1,CO[C@@H]1[C@H](O)[C@@H](C(=O)O)O[C@H]1n1cnc2c(=O)[nH]c(=O)[nH]c21,2,0.5439,
O=c1[nH]c(=O)c2ncn([C@@H]3O[C@H](CO)[C@@H](O)[C@H]3O)c2[nH]1,CO[C@@H]1[C@H](O)[C@@H]2O[C@@]1(n1cnc3c(=O)[nH]c(=O)[nH]c31)OC2O,3,0.3968,
O=c1[nH]c(=O)c2ncn([C@@H]3O[C@H](CO)[C@@H](O)[C@H]3O)c2[nH]1,O=c1[nH]c(=O)c2ncn([C@@H]3O[C@H](C(O)O)[C@H]4OCO[C@H]43)c2[nH]1,3,0.5088,
O=c1[nH]c(=O)c2ncn([C@@H]3O[C@H](CO)[C@@H](O)[C@H]3O)c2[nH]1,O=COC[C@H]1O[C@@H](n2cnc3c(=O)[nH]c(=O)[nH]c32)[C@H](O)[C@@H]1O,2,0.7255,
O=c1[nH]c(=O)c2ncn([C@@H]3O[C@H](CO)[C@@H](O)[C@H]3O)c2[nH]1,O=CO[C@H]1[C@@H](O)[C@H](n2cnc3c(=O)[nH]c(=O)[nH]c32)O[C@@H]1CO,2,0.7308,
O=c1[nH]c(=O)c2ncn([C@@H]3O[C@H](CO)[C@@H](O)[C@H]3O)c2[nH]1,CO[C@H]1[C@@H](O)[C@H](n2cnc3c(=O)[nH]c(=O)[nH]c32)O[C@@H]1C(=O)O,2,0.5714,
O=c1[nH]c(=O)c2ncn([C@@H]3O[C@H](CO)[C@@H](O)[C@H]3O)c2[nH]1,CO[C@@H]1[C@@H](C(O)O)O[C@@]2(n3cnc4c(=O)[nH]c(=O)[nH]c43)O[C@H]12,3,0.3485,
O=c1[nH]c(=O)c2ncn([C@@H]3O[C@H](CO)[C@@H](O)[C@H]3O)c2[nH]1,O=c1[nH]c(=O)c2ncn([C@@H]3O[C@@H]4C(O)O[C@@H]3[C@@H]4OCO)c2[nH]1,3,0.5714,0.4839
O=c1[nH]c(=O)c2ncn([C@@H]3O[C@H](CO)[C@@H](O)[C@H]3O)c2[nH]1,O=c1[nH]c(=O)c2ncn([C@@H]3O[C@@H]4C(O)OCO[C@@H]3[C@@H]4O)c2[nH]1,3,0.5741,
O=c1[nH]c(=O)c2ncn([C@@H]3O[C@H](CO)[C@@H](O)[C@H]3O)c2[nH]1,CO[C@H]1[C@H](n2cnc3c(=O)[nH]c(=O)[nH]c32)O[C@@H]2C(O)O[C@]21O,3,0.5,
O=c1[nH]c(=O)c2ncn([C@@H]3O[C@H](CO)[C@@H](O)[C@H]3O)c2[nH]1,CO[C@@H]1[C@H](O)[C@@H]2O[C@H]1n1c(nc3c(=O)[nH]c(=O)[nH]c31)OC2O,3,0.3438,
O=c1[nH]c(=O)c2ncn([C@@H]3O[C@H](CO)[C@@H](O)[C@H]3O)c2[nH]1,O=c1[nH]c(=O)c2ncn([C@@H]3O[C@]4(CO)O[C@@H]3[C@@H]4OCO)c2[nH]1,3,0.5172,
O=c1[nH]c(=O)c2ncn([C@@H]3O[C@H](CO)[C@@H](O)[C@H]3O)c2[nH]1,O=c1[nH]c(=O)c2ncn([C@@H]3O[C@]4(COCO)O[C@@H]3[C@@H]4O)c2[nH]1,3,0.5439,
O=c1[nH]c(=O)c2ncn([C@@H]3O[C@H](CO)[C@@H](O)[C@H]3O)c2[nH]1,CO[C@H]1[C@@H](O)[C@H]2O[C@@H]1C(O)Oc1nc3c(=O)[nH]c(=O)[nH]c3n12,3,0.3438,
O=c1[nH]c(=O)c2ncn([C@@H]3O[C@H](CO)[C@@H](O)[C@H]3O)c2[nH]1,O=c1[nH]c(=O)c2ncn([C@@H]3O[C@H](COCO)[C@H]4O[C@]43O)c2[nH]1,3,0.5,
O=c1[nH]c(=O)c2ncn([C@@H]3O[C@H](CO)[C@@H](O)[C@H]3O)c2[nH]1,O=c1[nH]c(=O)c2nc3n(c2[nH]1)[C@@H]1O[C@H](COCO)[C@@H](O)[C@H]1O3,3,0.4194,
O=c1[nH]c(=O)c2ncn([C@@H]3O[C@H](CO)[C@@H](O)[C@H]3O)c2[nH]1,CO[C@@H]1[C@@H]2Oc3nc4c(=O)[nH]c(=O)[nH]c4n3[C@@H]1O[C@@H]2C(O)O,3,0.2985,
O=c1[nH]c(=O)c2ncn([C@@H]3O[C@H](CO)[C@@H](O)[C@H]3O)c2[nH]1,CO[C@@]12O[C@@H]1[C@@H](C(O)O)O[C@H]2n1cnc2c(=O)[nH]c(=O)[nH]c21,3,0.459,
O=c1[nH]c(=O)c2ncn([C@@H]3O[C@H](CO)[C@@H](O)[C@H]3O)c2[nH]1,CO[C@@H]1[C@@H]2O[C@@H](n3cnc4c(=O)[nH]c(=O)[nH]c43)[C@]1(O)OC2O,3,0.459,
O=c1[nH]c(=O)c2ncn([C@@H]3O[C@H](CO)[C@@H](O)[C@H]3O)c2[nH]1,CO[C@H]1[C@@H](O)[C@H](n2cnc3c(=O)[nH]c(=O)[nH]c32)O[C@]12OC2O,3,0.5263,
O=c1[nH]c(=O)c2ncn([C@@H]3O[C@H](CO)[C@@H](O)[C@H]3O)c2[nH]1,CO[C@H]1[C@H](n2cnc3c(=O)[nH]c(=O)[nH]c32)O[C@]2(OC2O)[C@H]1O,3,0.5088,
O=c1[nH]c(=O)c2ncn([C@@H]3O[C@H](CO)[C@@H](O)[C@H]3O)c2[nH]1,CO[C@@]12OC(O)[C@H]1O[C@@H](n1cnc3c(=O)[nH]c(=O)[nH]c31)[C@@H]2O,3,0.5172,
O=c1[nH]c(=O)c2ncn([C@@H]3O[C@H](CO)[C@@H](O)[C@H]3O)c2[nH]1,O=CO[C@@H]1[C@H](O)CO[C@]1(CO)n1cnc2c(=O)[nH]c(=O)[nH]c21,3,0.3939,
O=c1[nH]c(=O)c2ncn([C@@H]3O[C@H](CO)[C@@H](O)[C@H]3O)c2[nH]1,O=c1[nH]c(=O)c2ncn([C@@H]3O[C@]4(COCO)O[C@H]4[C@H]3O)c2[nH]1,3,0.5714,
O=c1[nH]c(=O)c2ncn([C@@H]3O[C@H](CO)[C@@H](O)[C@H]3O)c2[nH]1,CO[C@]12O[C@H]1[C@H](n1cnc3c(=O)[nH]c(=O)[nH]c31)O[C@@H]2C(O)O,3,0.4754,
O=c1[nH]c(=O)c2ncn([C@@H]3O[C@H](CO)[C@@H](O)[C@H]3O)c2[nH]1,CO[C@]12OC(O)[C@@H](O[C@H]1n1cnc3c(=O)[nH]c(=O)[nH]c31)[C@H]2O,3,0.4746,
O=c1[nH]c(=O)c2ncn([C@@H]3O[C@H](CO)[C@@H](O)[C@H]3O)c2[nH]1,COC(O)[C@]12O[C@@H]([C@H](n3cnc4c(=O)[nH]c(=O)[nH]c43)O1)[C@@H]2O,3,0.5085,
O=c1[nH]c(=O)c2ncn([C@@H]3O[C@H](CO)[C@@H](O)[C@H]3O)c2[nH]1,O=c1[nH]c(=O)c2ncn([C@@]34OC[C@@H](O3)[C@@H](OCO)[C@H]4O)c2[nH]1,3,0.4,
O=c1[nH]c(=O)c2ncn([C@@H]3O[C@H](CO)[C@@H](O)[C@H]3O)c2[nH]1,O=c1[nH]c(=O)c2ncn([C@@H]3O[C@H](COCO)[C@@]4(O)O[C@@H]34)c2[nH]1,3,0.5167,
O=c1[nH]c(=O)c2ncn([C@@H]3O[C@H](CO)[C@@H](O)[C@H]3O)c2[nH]1,O=c1[nH]c(=O)c2ncn([C@@H]3O[C@@H]4C(O)O[C@H]4[C@H]3OCO)c2[nH]1,3,0.5714,
O=c1[nH]c(=O)c2ncn([C@@H]3O[C@H](CO)[C@@H](O)[C@H]3O)c2[nH]1,O=c1[nH]c(=O)c2ncn([C@@H]3O[C@@H]4CO[C@]3(OCO)[C@@H]4O)c2[nH]1,3,0.5,
O=c1[nH]c(=O)c2ncn([C@@H]3O[C@H](CO)[C@@H](O)[C@H]3O)c2[nH]1,O=c1[nH]c(=O)c2ncn([C@@H]3O[C@@]4(CO4)[C@@H](OCO)[C@H]3O)c2[nH]1,3,0.5424,
O=c1[nH]c(=O)c2ncn([C@@H]3O[C@H](CO)[C@@H](O)[C@H]3O)c2[nH]1,CO[C@@H]1CO[C@](C(=O)O)(n2cnc3c(=O)[nH]c(=O)[nH]c32)[C@@H]1O,3,0.3692,
O=c1[nH]c(=O)c2ncn([C@@H]3O[C@H](CO)[C@@H](O)[C@H]3O)c2[nH]1,COC(O)[C@H]1O[C@@H](n2cnc3c(=O)[nH]c(=O)[nH]c32)[C@@H]2O[C@]12O,3,0.4677,
O=c1[nH]c(=O)c2ncn([C@@H]3O[C@H](CO)[C@@H](O)[C@H]3O)c2[nH]1,O=c1[nH]c(=O)c2ncn([C@@H]3O[C@@H]4C(OCO)O[C@H]4[C@H]3O)c2[nH]1,3,0.6296,
O=c1[nH]c(=O)c2ncn([C@@H]3O[C@H](CO)[C@@H](O)[C@H]3O)c2[nH]1,O=c1[nH]c(=O)c2ncn([C@@H]3O[C@H](CO)[C@@]4(OCO)O[C@@H]34)c2[nH]1,3,0.5517,
O=c1[nH]c(=O)c2ncn([C@@H]3O[C@H](CO)[C@@H](O)[C@H]3O)c2[nH]1,O=CO[C@@H]1[C@H](O)[C@@H](CO)O[C@H]1n1cnc2c(=O)[nH]c(=O)[nH]c21,2,0.7308,
O=c1[nH]c(=O)c2ncn([C@@H]3O[C@H](CO)[C@@H](O)[C@H]3O)c2[nH]1,CO[C@H]1[C@H]2Oc3nc4c(=O)[nH]c(=O)[nH]c4n3[C@@H]2O[C@@H]1C(O)O,3,0.2985,
O=c1[nH]c(=O)c2ncn([C@@H]3O[C@H](CO)[C@@H](O)[C@H]3O)c2[nH]1,COC1O[C@]2(O)[C@@H]1O[C@@H](n1cnc3c(=O)[nH]c(=O)[nH]c31)[C@@H]2O,3,0.5172,
O=c1[nH]c(=O)c2ncn([C@@H]3O[C@H](CO)[C@@H](O)[C@H]3O)c2[nH]1,CO[C@@H]1[C@@H]2O[C@]1(n1cnc3c(=O)[nH]c(=O)[nH]c31)O[C@@H]2C(O)O,3,0.3692,
O=c1[nH]c(=O)c2ncn([C@@H]3O[C@H](CO)[C@@H](O)[C@H]3O)c2[nH]1,COC1O[C@]2(O)[C@H](O)[C@@H]1O[C@H]2n1cnc2c(=O)[nH]c(=O)[nH]c21,3,0.4667,
O=c1[nH]c(=O)c2ncn([C@@H]3O[C@H](CO)[C@@H](O)[C@H]3O)c2[nH]1,COC1O[C@]2(n3cnc4c(=O)[nH]c(=O)[nH]c43)O[C@H]1[C@@H](O)[C@H]2O,3,0.4032,
O=c1[nH]c(=O)c2ncn([C@@H]3O[C@H](CO)[C@@H](O)[C@H]3O)c2[nH]1,O=c1[nH]c(=O)c2ncn([C@@H]3O[C@@H]4CO[C@@]4(OCO)[C@H]3O)c2[nH]1,3,0.5424,
O=c1[nH]c(=O)c2ncn([C@@H]3O[C@H](CO)[C@@H](O)[C@H]3O)c2[nH]1,O=c1[nH]c(=O)c2ncn([C@@H]3O[C@@]4(CO4)[C@@H](O)[C@H]3OCO)c2[nH]1,3,0.5254,
O=c1[nH]c(=O)c2ncn([C@@H]3O[C@H](CO)[C@@H](O)[C@H]3O)c2[nH]1,O=c1[nH]c(=O)c2ncn([C@@]34OC[C@@H](O3)[C@@H](O)[C@H]4OCO)c2[nH]1,3,0.4154,
O=c1[nH]c(=O)c2ncn([C@@H]3O[C@H](CO)[C@@H](O)[C@H]3O)c2[nH]1,O=c1[nH]c(=O)c2nc3n(c2[nH]1)[C@@H]1O[C@H](COCO)[C@@H](O3)[C@H]1O,3,0.4194,
O=c1[nH]c(=O)c2ncn([C@@H]3O[C@H](CO)[C@@H](O)[C@H]3O)c2[nH]1,O=c1[nH]c(=O)c2ncn([C@@H]3O[C@@H]4CO[C@]3(O)[C@@H]4OCO)c2[nH]1,3,0.4677,0.2703
O=c1[nH]c(=O)c2ncn([C@@H]3O[C@H](CO)[C@@H](O)[C@H]3O)c2[nH]1,O=c1[nH]c(=O)c2ncn([C@@H]3O[C@]4(CO)O[C@H]4[C@H]3OCO)c2[nH]1,3,0.5172,
O=c1[nH]c(=O)c2ncn([C@@H]3O[C@H](CO)[C@@H](O)[C@H]3O)c2[nH]1,O=c1[nH]c(=O)c2nc3n(c2[nH]1)[C@@H]1O[C@H](CO3)[C@@H](O)[C@H]1OCO,3,0.3906,
O=c1[nH]c(=O)c2ncn([C@@H]3O[C@H](CO)[C@@H](O)[C@H]3O)c2[nH]1,CO[C@@H]1[C@@H]2O[C@@](n3cnc4c(=O)[nH]c(=O)[nH]c43)(OC2O)[C@@H]1O,3,0.381,
O=c1[nH]c(=O)c2ncn([C@@H]3O[C@H](CO)[C@@H](O)[C@H]3O)c2[nH]1,O=c1[nH]c(=O)c2nc3n(c2[nH]1)[C@@H]1O[C@H](CO3)[C@@H](OCO)[C@H]1O,3,0.3906,
O=c1[nH]c(=O)c2ncn([C@@H]3O[C@H](CO)[C@@H](O)[C@H]3O)c2[nH]1,O=c1[nH]c(=O)c2ncn([C@@H]3O[C@@H]4CO[C@@]4(O)[C@H]3OCO)c2[nH]1,3,0.5082,
O=c1[nH]c(=O)c2ncn([C@@H]3O[C@H](CO)[C@@H](O)[C@H]3O)c2[nH]1,O=c1[nH]c(=O)c2ncn([C@@H]3O[C@@H]4C(O)OCO[C@H]4[C@H]3O)c2[nH]1,3,0.5926,
O=c1[nH]c(=O)c2ncn([C@@H]3O[C@H](CO)[C@@H](O)[C@H]3O)c2[nH]1,COC(O)[C@]12O[C@@H](n3cnc4c(=O)[nH]c(=O)[nH]c43)[C@H](O)[C@@H]1O2,3,0.5,
O=c1[nH]c(=O)c2ncn([C@@H]3O[C@H](CO)[C@@H](O)[C@H]3O)c2[nH]1,COC1Oc2nc3c(=O)[nH]c(=O)[nH]c3n2[C@@H]2O[C@H]1[C@@H](O)[C@H]2O,3,0.371,
O=c1[nH]c(=O)c2ncn([C@@H]3O[C@H](CO)[C@@H](O)[C@H]3O)c2[nH]1,O=c1[nH]c(=O)c2ncn([C@@H]3O[C@@H]4C(OCO)O[C@@H]3[C@@H]4O)c2[nH]1,3,0.6,
O=c1[nH]c(=O)c2ncn([C@@H]3O[C@H](CO)[C@@H](O)[C@H]3O)c2[nH]1,O=c1[nH]c(=O)c2ncn([C@]34O[C@@H]3[C@H](OCO)[C@@H](CO)O4)c2[nH]1,3,0.459,0.3571
O=c1[nH]c(=O)c2ncn([C@@H]3O[C@H](CO)[C@@H](O)[C@H]3O)c2[nH]1,O=c1[nH]c(=O)c2ncn([C@]34O[C@@H]3[C@H](O)[C@@H](COCO)O4)c2[nH]1,3,0.4516,
O=c1[nH]c(=O)c2ncn([C@@H]3O[C@H](CO)[C@@H](O)[C@H]3O)c2[nH]1,O=COC[C@]1(n2cnc3c(=O)[nH]c(=O)[nH]c32)OC[C@@H](O)[C@H]1O,3,0.3846,
O=c1[nH]c(=O)c2ncn([C@@H]3O[C@H](CO)[C@@H](O)[C@H]3O)c2[nH]1,O=c1[nH]c(=O)c2nc3n(c2[nH]1)[C@@H]1O[C@H](CO)[C@@H](OCO)[C@H]1O3,3,0.4262,
O=c1[nH]c(=O)c2ncn([C@@H]3O[C@H](CO)[C@@H](O)[C@H]3O)c2[nH]1,COC(=O)[C@H]1O[C@@H](n2cnc3c(=O)[nH]c(=O)[nH]c32)[C@H](O)[C@@H]1O,2,0.6346,
O=c1[nH]c(=O)c2ncn([C@@H]3O[C@H](CO)[C@@H](O)[C@H]3O)c2[nH]1,O=c1[nH]c(=O)c2ncn([C@]34O[C@@H]([C@H]3OCO)[C@@H](CO)O4)c2[nH]1,3,0.459,
O=c1[nH]c(=O)c2ncn([C@@H]3O[C@H](CO)[C@@H](O)[C@H]3O)c2[nH]1,COC(O)[C@H]1O[C@@H]2[C@H](Oc3nc4c(=O)[nH]c(=O)[nH]c4n32)[C@@H]1O,3,0.3333,
O=c1[nH]c(=O)c2ncn([C@@H]3O[C@H](CO)[C@@H](O)[C@H]3O)c2[nH]1,COC1O[C@]12O[C@@H](n1cnc3c(=O)[nH]c(=O)[nH]c31)[C@H](O)[C@@H]2O,3,0.5357,
O=c1[nH]c(=O)c2ncn([C@@H]3O[C@H](CO)[C@@H](O)[C@H]3O)c2[nH]1,COC(=O)[C@]1(n2cnc3c(=O)[nH]c(=O)[nH]c32)OC[C@@H](O)[C@H]1O,3,0.375,
O=c1[nH]c(=O)c2ncn([C@@H]3O[C@H](CO)[C@@H](O)[C@H]3O)c2[nH]1,O=c1[nH]c(=O)c2ncn([C@]34O[C@@H]([C@H]3O)[C@@H](COCO)O4)c2[nH]1,3,0.4355,
O=c1[nH]c(=O)c2ncn([C@@H]3O[C@H](CO)[C@@H](O)[C@H]3O)c2[nH]1,COC(O)[C@H]1O[C@@]2(n3cnc4c(=O)[nH]c(=O)[nH]c43)O[C@@H]2[C@@H]1O,3,0.3846,
O=c1[nH]c(=O)c2ncn([C@@H]3O[C@H](CO)[C@@H](O)[C@H]3O)c2[nH]1,CO[C@H]1[C@H]2O[C@@]1(C(O)O)O[C@H]2n1cnc2c(=O)[nH]c(=O)[nH]c21,3,0.459,
O=c1[nH]c(=O)c2ncn([C@@H]3O[C@H](CO)[C@@H](O)[C@H]3O)c2[nH]1,O=c1[nH]c(=O)c2ncn([C@@H]3O[C@H](CO)[C@H]4O[C@]43OCO)c2[nH]1,3,0.5614,
O=c1[nH]c(=O)c2ncn([C@@H]3O[C@H](CO)[C@@H](O)[C@H]3O)c2[nH]1,COC(O)[C@H]1O[C@@H](n2cnc3c(=O)[nH]c(=O)[nH]c32)[C@]2(O)O[C@H]12,3,0.4286,
O=c1[nH]c(=O)c2ncn([C@@H]3O[C@H](CO)[C@@H](O)[C@H]3O)c2[nH]1,CO[C@@H]1[C@H](O)CO[C@]1(C(=O)O)n1cnc2c(=O)[nH]c(=O)[nH]c21,3,0.3636,
O=c1[nH]c(=O)c2ncn([C@@H]3O[C@H](CO)[C@@H](O)[C@H]3O)c2[nH]1,CC(N)O[C@@H]1[C@H](O)[C@@H](C)O[C@H]1n1cnc2c(=O)[nH]c(=O)[nH]c21,3,0.5254,
O=c1[nH]c(=O)c2ncn([C@@H]3O[C@H](CO)[C@@H](O)[C@H]3O)c2[nH]1,CC(N)O[C@H]1[C@@H](O)[C@H](n2cnc3c(=O)[nH]c(=O)[nH]c32)O[C@@H]1C,3,0.5517,
O=c1[nH]c(=O)c2ncn([C@@H]3O[C@H](CO)[C@@H](O)[C@H]3O)c2[nH]1,CC(N)C[C@H]1O[C@@H](n2cnc3c(=O)[nH]c(=O)[nH]c32)[C@H](O)[C@@H]1O,3,0.7255,
O=c1[nH]c(=O)c2ncn([C@@H]3O[C@H](CO)[C@@H](O)[C@H]3O)c2[nH]1,CC(N)[C@H]1[C@@H](O)[C@H](n2cnc3c(=O)[nH]c(=O)[nH]c32)O[C@@H]1CO,3,0.7308,
O=c1[nH]c(=O)c2ncn([C@@H]3O[C@H](CO)[C@@H](O)[C@H]3O)c2[nH]1,CC(N)[C@@H]1[C@H](O)[C@@H](CO)O[C@H]1n1cnc2c(=O)[nH]c(=O)[nH]c21,3,0.7308,
O=c1[nH]c(=O)c2ncn([C@@H]3O[C@H](CO)[C@@H](O)[C@H]3O)c2[nH]1,CO[C@H]1[C@@H](O)[C@H](n2c[n+](C)c3c(=O)[nH]c(=O)[nH]c32)O[C@@H]1C=O,3,0.3284,
O=c1[nH]c(=O)c2ncn([C@@H]3O[C@H](CO)[C@@H](O)[C@H]3O)c2[nH]1,CO[C@@H]1[C@H](O)[C@@H](C=O)O[C@H]1n1c[n+](C)c2c(=O)[nH]c(=O)[nH]c21,3,0.3088,
O=c1[nH]c(=O)c2ncn([C@@H]3O[C@H](CO)[C@@H](O)[C@H]3O)c2[nH]1,Cn1c(=O)[nH]c2c(c1=O)[n+](C)cn2[C@@H]1O[C@H](C=O)[C@@H](O)[C@H]1O,3,0.2647,
O=c1[nH]c(=O)c2ncn([C@@H]3O[C@H](CO)[C@@H](O)[C@H]3O)c2[nH]1,Cn1c(=O)[nH]c(=O)c2c1n([C@@H]1O[C@H](C=O)[C@@H](O)[C@H]1O)c[n+]2C,3,0.2647,
O=c1[nH]c(=O)c2ncn([C@@H]3O[C@H](CO)[C@@H](O)[C@H]3O)c2[nH]1,CO[C@H]1[C@@H](O)[C@H](n2cnc3c(=O)[nH]c(=O)[nH]c32)O[C@@H]1C(N)=O,3,0.5614,
O=c1[nH]c(=O)c2ncn([C@@H]3O[C@H](CO)[C@@H](O)[C@H]3O)c2[nH]1,CNC(=O)[C@H]1O[C@@H](n2cnc3c(=O)[nH]c(=O)[nH]c32)[C@H](O)[C@@H]1O,3,0.6226,
O=c1[nH]c(=O)c2ncn([C@@H]3O[C@H](CO)[C@@H](O)[C@H]3O)c2[nH]1,CO[C@@H]1[C@H](O)[C@@H](C(N)=O)O[C@H]1n1cnc2c(=O)[nH]c(=O)[nH]c21,3,0.5345,
O=c1[nH]c(=O)c2ncn([C@@H]3O[C@H](CO)[C@@H](O)[C@H]3O)c2[nH]1,CCO[C@H]1[C@@H](O)[C@H]2O[C@@H]1COc1nc3c(=O)[nH]c(=O)[nH]c3n12,3,0.3636,
O=c1[nH]c(=O)c2ncn([C@@H]3O[C@H](CO)[C@@H](O)[C@H]3O)c2[nH]1,CC(O)C[C@H]1O[C@@H](n2cnc3c(=O)[nH]c(=O)[nH]c32)[C@@H]2O[C@]12O,3,0.4918,
O=c1[nH]c(=O)c2ncn([C@@H]3O[C@H](CO)[C@@H](O)[C@H]3O)c2[nH]1,CC[C@H]1O[C@@H](n2cnc3c(=O)[nH]c(=O)[nH]c32)[C@H](OC=O)[C@@H]1O,3,0.5965,
O=c1[nH]c(=O)c2ncn([C@@H]3O[C@H](CO)[C@@H](O)[C@H]3O)c2[nH]1,CCO[C@@]12O[C@@H]1[C@@H](CO)O[C@H]2n1cnc2c(=O)[nH]c(=O)[nH]c21,3,0.5424,
O=c1[nH]c(=O)c2ncn([C@@H]3O[C@H](CO)[C@@H](O)[C@H]3O)c2[nH]1,CCO[C@H]1[C@@H](O)[C@H](n2cnc3c(=O)[nH]c(=O)[nH]c32)O[C@@]12CO2,3,0.5082,
O=c1[nH]c(=O)c2ncn([C@@H]3O[C@H](CO)[C@@H](O)[C@H]3O)c2[nH]1,C[C@H]1O[C@@H](n2cnc3c(=O)[nH]c(=O)[nH]c32)[C@@H]2OCC(O)O[C@@H]21,3,0.5172,
O=c1[nH]c(=O)c2ncn([C@@H]3O[C@H](CO)[C@@H](O)[C@H]3O)c2[nH]1,CC(O)O[C@@H]1[C@@H]2Oc3nc4c(=O)[nH]c(=O)[nH]c4n3[C@@H]1O[C@@H]2C,3,0.2941,
O=c1[nH]c(=O)c2ncn([C@@H]3O[C@H](CO)[C@@H](O)[C@H]3O)c2[nH]1,CC(O)C1O[C@H]2[C@@H](O)[C@H](n3cnc4c(=O)[nH]c(=O)[nH]c43)O[C@H]12,3,0.5818,
O=c1[nH]c(=O)c2ncn([C@@H]3O[C@H](CO)[C@@H](O)[C@H]3O)c2[nH]1,CC(=O)c1nc2c(=O)[nH]c(=O)[nH]c2n1[C@@H]1O[C@H](C)[C@@H](O)[C@H]1O,3,0.3833,
O=c1[nH]c(=O)c2ncn([C@@H]3O[C@H](CO)[C@@H](O)[C@H]3O)c2[nH]1,Cc1nc2c(=O)[nH]c(=O)[nH]c2n1[C@@H]1O[C@H](C)[C@@H](O)[C@H]1OC=O,3,0.3333,
O=c1[nH]c(=O)c2ncn([C@@H]3O[C@H](CO)[C@@H](O)[C@H]3O)c2[nH]1,CCO[C@H]1[C@H]2O[C@@]1(CO)O[C@H]2n1cnc2c(=O)[nH]c(=O)[nH]c21,3,0.5,
O=c1[nH]c(=O)c2ncn([C@@H]3O[C@H](CO)[C@@H](O)[C@H]3O)c2[nH]1,C[C@]1(C=O)[C@H](O)[C@@H](CO)O[C@H]1n1cnc2c(=O)[nH]c(=O)[nH]c21,3,0.6,
O=c1[nH]c(=O)c2ncn([C@@H]3O[C@H](CO)[C@@H](O)[C@H]3O)c2[nH]1,C[C@H]1O[C@@H](n2cnc3c(=O)[nH]c(=O)[nH]c32)[C@H](O)[C@@]1(C)OC=O,3,0.5439,
O=c1[nH]c(=O)c2ncn([C@@H]3O[C@H](CO)[C@@H](O)[C@H]3O)c2[nH]1,CC(O)[C@H]1[C@@H](O)[C@]2(n3cnc4c(=O)[nH]c(=O)[nH]c43)OC[C@H]1O2,3,0.3692,
O=c1[nH]c(=O)c2ncn([C@@H]3O[C@H](CO)[C@@H](O)[C@H]3O)c2[nH]1,CC(O)C1O[C@@H]2[C@H](O)[C@@H]1O[C@H]2n1cnc2c(=O)[nH]c(=O)[nH]c21,3,0.5536,
O=c1[nH]c(=O)c2ncn([C@@H]3O[C@H](CO)[C@@H](O)[C@H]3O)c2[nH]1,CC(O)[C@@]12O[C@@H]1[C@@H](CO)O[C@H]2n1cnc2c(=O)[nH]c(=O)[nH]c21,3,0.5517,
O=c1[nH]c(=O)c2ncn([C@@H]3O[C@H](CO)[C@@H](O)[C@H]3O)c2[nH]1,CC(=O)O[C@@H]1[C@H](O)CO[C@]1(C)n1cnc2c(=O)[nH]c(=O)[nH]c21,3,0.381,
O=c1[nH]c(=O)c2ncn([C@@H]3O[C@H](CO)[C@@H](O)[C@H]3O)c2[nH]1,CC(O)C[C@]12O[C@@H](n3cnc4c(=O)[nH]c(=O)[nH]c43)[C@H](O)[C@@H]1O2,3,0.5536,
O=c1[nH]c(=O)c2ncn([C@@H]3O[C@H](CO)[C@@H](O)[C@H]3O)c2[nH]1,CCO[C@H]1[C@H]2O[C@]2(n2cnc3c(=O)[nH]c(=O)[nH]c32)O[C@@H]1CO,3,0.4444,
O=c1[nH]c(=O)c2ncn([C@@H]3O[C@H](CO)[C@@H](O)[C@H]3O)c2[nH]1,CO[C@@H]1[C@H](OC)[C@@H](C=O)O[C@H]1n1cnc2c(=O)[nH]c(=O)[nH]c21,3,0.4912,
O=c1[nH]c(=O)c2ncn([C@@H]3O[C@H](CO)[C@@H](O)[C@H]3O)c2[nH]1,CC(=O)Cc1nc2c(=O)[nH]c(=O)[nH]c2n1[C@@H]1OC[C@@H](O)[C@H]1O,3,0.3385,
O=c1[nH]c(=O)c2ncn([C@@H]3O[C@H](CO)[C@@H](O)[C@H]3O)c2[nH]1,CCOC[C@H]1O[C@@]2(n3cnc4c(=O)[nH]c(=O)[nH]c43)O[C@H]1[C@H]2O,3,0.4062,
O=c1[nH]c(=O)c2ncn([C@@H]3O[C@H](CO)[C@@H](O)[C@H]3O)c2[nH]1,CC(O)O[C@@H]1C=C(CO)O[C@H]1n1cnc2c(=O)[nH]c(=O)[nH]c21,3,0.5085,
O=c1[nH]c(=O)c2ncn([C@@H]3O[C@H](CO)[C@@H](O)[C@H]3O)c2[nH]1,CCOC[C@H]1O[C@@]2(n3cnc4c(=O)[nH]c(=O)[nH]c43)O[C@@H]2[C@@H]1O,3,0.4219,
O=c1[nH]c(=O)c2ncn([C@@H]3O[C@H](CO)[C@@H](O)[C@H]3O)c2[nH]1,CC(O)[C@]12O[C@H]1[C@H](n1cnc3c(=O)[nH]c(=O)[nH]c31)O[C@@H]2CO,3,0.5424,
O=c1[nH]c(=O)c2ncn([C@@H]3O[C@H](CO)[C@@H](O)[C@H]3O)c2[nH]1,Cc1nc2c(=O)[nH]c(=O)[nH]c2n1[C@@H]1O[C@H](CO)[C@@H](C=O)[C@H]1O,3,0.4667,
O=c1[nH]c(=O)c2ncn([C@@H]3O[C@H](CO)[C@@H](O)[C@H]3O)c2[nH]1,CCO[C@H]1[C@H]2Oc3nc4c(=O)[nH]c(=O)[nH]c4n3[C@@H]2O[C@@H]1CO,3,0.4127,
O=c1[nH]c(=O)c2ncn([C@@H]3O[C@H](CO)[C@@H](O)[C@H]3O)c2[nH]1,CCOC[C@]12O[C@@H]([C@H](n3cnc4c(=O)[nH]c(=O)[nH]c43)O1)[C@@H]2O,3,0.5085,
O=c1[nH]c(=O)c2ncn([C@@H]3O[C@H](CO)[C@@H](O)[C@H]3O)c2[nH]1,O=CC[C@@H]1[C@H](O)[C@@H](CO)O[C@H]1n1cnc2c(=O)[nH]c(=O)[nH]c21,3,0.7451,
O=c1[nH]c(=O)c2ncn([C@@H]3O[C@H](CO)[C@@H](O)[C@H]3O)c2[nH]1,Cc1nc2c(=O)[nH]c(=O)[nH]c2n1[C@@H]1O[C@H](C)[C@@H](OC=O)[C@H]1O,3,0.3333,
O=c1[nH]c(=O)c2ncn([C@@H]3O[C@H](CO)[C@@H](O)[C@H]3O)c2[nH]1,CC(O)O[C@H]1[C@H]2O[C@@]1(C)O[C@H]2n1cnc2c(=O)[nH]c(=O)[nH]c21,3,0.4516,
O=c1[nH]c(=O)c2ncn([C@@H]3O[C@H](CO)[C@@H](O)[C@H]3O)c2[nH]1,CC(=O)[C@@]1(n2cnc3c(=O)[nH]c(=O)[nH]c32)C[C@H](O)[C@@H](CO)O1,3,0.4754,
O=c1[nH]c(=O)c2ncn([C@@H]3O[C@H](CO)[C@@H](O)[C@H]3O)c2[nH]1,CC(=O)C[C@]1(n2cnc3c(=O)[nH]c(=O)[nH]c32)OC[C@@H](O)[C@H]1O,3,0.4032,
O=c1[nH]c(=O)c2ncn([C@@H]3O[C@H](CO)[C@@H](O)[C@H]3O)c2[nH]1,CC1(C)O[C@@H](n2cnc3c(=O)[nH]c(=O)[nH]c32)[C@H](O)[C@@H]1OC=O,3,0.5085,
O=c1[nH]c(=O)c2ncn([C@@H]3O[C@H](CO)[C@@H](O)[C@H]3O)c2[nH]1,CC(O)O[C@H]1[C@H]2Oc3nc4c(=O)[nH]c(=O)[nH]c4n3[C@@H]2O[C@@H]1C,3,0.2941,
O=c1[nH]c(=O)c2ncn([C@@H]3O[C@H](CO)[C@@H](O)[C@H]3O)c2[nH]1,CC(=O)[C@]1(O)C[C@@H](CO)O[C@H]1n1cnc2c(=O)[nH]c(=O)[nH]c21,3,0.5085,
O=c1[nH]c(=O)c2ncn([C@@H]3O[C@H](CO)[C@@H](O)[C@H]3O)c2[nH]1,CC(O)[C@@H]1[C@H](O)[C@H]2COc3nc4c(=O)[nH]c(=O)[nH]c4n3[C@@H]1O2,3,0.3538,
O=c1[nH]c(=O)c2ncn([C@@H]3O[C@H](CO)[C@@H](O)[C@H]3O)c2[nH]1,CCO[C@@H]1[C@H]2CO[C@@]1(O)[C@H](n1cnc3c(=O)[nH]c(=O)[nH]c31)O2,3,0.4375,
O=c1[nH]c(=O)c2ncn([C@@H]3O[C@H](CO)[C@@H](O)[C@H]3O)c2[nH]1,O=c1[nH]c(=O)c2ncn([C@@H]3O[C@@H]4COCC(O)[C@H]4[C@H]3O)c2[nH]1,3,0.5818,
O=c1[nH]c(=O)c2ncn([C@@H]3O[C@H](CO)[C@@H](O)[C@H]3O)c2[nH]1,CC(=O)[C@H]1[C@H](n2cnc3c(=O)[nH]c(=O)[nH]c32)OC[C@@]1(O)CO,3,0.5345,
O=c1[nH]c(=O)c2ncn([C@@H]3O[C@H](CO)[C@@H](O)[C@H]3O)c2[nH]1,CC(=O)C[C@]1(O)[C@H](O)CO[C@H]1n1cnc2c(=O)[nH]c(=O)[nH]c21,3,0.459,
O=c1[nH]c(=O)c2ncn([C@@H]3O[C@H](CO)[C@@H](O)[C@H]3O)c2[nH]1,CC(=O)[C@]1(n2cnc3c(=O)[nH]c(=O)[nH]c32)O[C@H](CO)C[C@H]1O,3,0.4286,
O=c1[nH]c(=O)c2ncn([C@@H]3O[C@H](CO)[C@@H](O)[C@H]3O)c2[nH]1,CC(O)[C@]12OC[C@@H](O[C@H]1n1cnc3c(=O)[nH]c(=O)[nH]c31)[C@H]2O,3,0.459,
O=c1[nH]c(=O)c2ncn([C@@H]3O[C@H](CO)[C@@H](O)[C@H]3O)c2[nH]1,O=c1[nH]c(=O)c2ncn([C@@H]3O[C@@H]4COCC(O)[C@@H]3[C@@H]4O)c2[nH]1,3,0.5536,
O=c1[nH]c(=O)c2ncn([C@@H]3O[C@H](CO)[C@@H](O)[C@H]3O)c2[nH]1,CC(=O)[C@@]1(C)O[C@@H](n2cnc3c(=O)[nH]c(=O)[nH]c32)[C@H](O)[C@@H]1O,3,0.5455,
O=c1[nH]c(=O)c2ncn([C@@H]3O[C@H](CO)[C@@H](O)[C@H]3O)c2[nH]1,CCO[C@@H]1[C@@H]2O[C@]1(n1cnc3c(=O)[nH]c(=O)[nH]c31)O[C@@H]2CO,3,0.4444,
O=c1[nH]c(=O)c2ncn([C@@H]3O[C@H](CO)[C@@H](O)[C@H]3O)c2[nH]1,C[C@]1(O)[C@H](O)[C@@H](CC=O)O[C@H]1n1cnc2c(=O)[nH]c(=O)[nH]c21,3,0.5172,
O=c1[nH]c(=O)c2ncn([C@@H]3O[C@H](CO)[C@@H](O)[C@H]3O)c2[nH]1,CC(O)OCC1=C[C@@H](O)[C@H](n2cnc3c(=O)[nH]c(=O)[nH]c32)O1,3,0.5,
O=c1[nH]c(=O)c2ncn([C@@H]3O[C@H](CO)[C@@H](O)[C@H]3O)c2[nH]1,CC(O)C[C@H]1O[C@@H]2[C@H](Oc3nc4c(=O)[nH]c(=O)[nH]c4n32)[C@@H]1O,3,0.3968,
O=c1[nH]c(=O)c2ncn([C@@H]3O[C@H](CO)[C@@H](O)[C@H]3O)c2[nH]1,CCOC[C@]12O[C@@H](n3cnc4c(=O)[nH]c(=O)[nH]c43)[C@H](O)[C@@H]1O2,3,0.5345,
O=c1[nH]c(=O)c2ncn([C@@H]3O[C@H](CO)[C@@H](O)[C@H]3O)c2[nH]1,CC(=O)[C@@H]1[C@H](O)CO[C@]1(CO)n1cnc2c(=O)[nH]c(=O)[nH]c21,3,0.4355,
O=c1[nH]c(=O)c2ncn([C@@H]3O[C@H](CO)[C@@H](O)[C@H]3O)c2[nH]1,C[C@H]1O[C@](C)(n2cnc3c(=O)[nH]c(=O)[nH]c32)[C@H](O)[C@@H]1OC=O,3,0.3692,
O=c1[nH]c(=O)c2ncn([C@@H]3O[C@H](CO)[C@@H](O)[C@H]3O)c2[nH]1,CC(O)[C@@H]1[C@@H]2OC(O)[C@H]2O[C@H]1n1cnc2c(=O)[nH]c(=O)[nH]c21,3,0.5263,
O=c1[nH]c(=O)c2ncn([C@@H]3O[C@H](CO)[C@@H](O)[C@H]3O)c2[nH]1,CC(=O)O[C@H]1[C@@H](O)[C@H](n2cnc3c(=O)[nH]c(=O)[nH]c32)O[C@@H]1C,2,0.5714,
O=c1[nH]c(=O)c2ncn([C@@H]3O[C@H](CO)[C@@H](O)[C@H]3O)c2[nH]1,CC1(C)O[C@@H](n2cnc3c(=O)[nH]c(=O)[nH]c32)[C@H](OC=O)[C@@H]1O,3,0.4915,
O=c1[nH]c(=O)c2ncn([C@@H]3O[C@H](CO)[C@@H](O)[C@H]3O)c2[nH]1,CC(O)[C@H]1O[C@@H](n2cnc3c(=O)[nH]c(=O)[nH]c32)[C@H](O)[C@@H]1C=O,3,0.5614,
O=c1[nH]c(=O)c2ncn([C@@H]3O[C@H](CO)[C@@H](O)[C@H]3O)c2[nH]1,C[C@@]1(CC=O)O[C@@H](n2cnc3c(=O)[nH]c(=O)[nH]c32)[C@H](O)[C@@H]1O,3,0.5439,
O=c1[nH]c(=O)c2ncn([C@@H]3O[C@H](CO)[C@@H](O)[C@H]3O)c2[nH]1,CC(O)[C@H]1[C@@H](O)[C@H](n2cnc3c(=O)[nH]c(=O)[nH]c32)O[C@@]12CO2,3,0.5,
O=c1[nH]c(=O)c2ncn([C@@H]3O[C@H](CO)[C@@H](O)[C@H]3O)c2[nH]1,CC(=O)C(O)[C@@H]1C[C@@H](O)[C@H](n2cnc3c(=O)[nH]c(=O)[nH]c32)O1,3,0.5085,
O=c1[nH]c(=O)c2ncn([C@@H]3O[C@H](CO)[C@@H](O)[C@H]3O)c2[nH]1,O=c1[nH]c(=O)c2ncn([C@@H]3O[C@H](CO)[C@H]4OCC(O)[C@H]43)c2[nH]1,3,0.6667,
O=c1[nH]c(=O)c2ncn([C@@H]3O[C@H](CO)[C@@H](O)[C@H]3O)c2[nH]1,CCOC1O[C@H]2[C@@H](O)[C@H](n3cnc4c(=O)[nH]c(=O)[nH]c43)O[C@H]12,3,0.5893,
O=c1[nH]c(=O)c2ncn([C@@H]3O[C@H](CO)[C@@H](O)[C@H]3O)c2[nH]1,CC(C=O)[C@H]1O[C@@H](n2cnc3c(=O)[nH]c(=O)[nH]c32)[C@H](O)[C@@H]1O,3,0.6111,
O=c1[nH]c(=O)c2ncn([C@@H]3O[C@H](CO)[C@@H](O)[C@H]3O)c2[nH]1,CC(=O)[C@]1(n2cnc3c(=O)[nH]c(=O)[nH]c32)O[C@H](C)[C@@H](O)[C@H]1O,3,0.4167,
O=c1[nH]c(=O)c2ncn([C@@H]3O[C@H](CO)[C@@H](O)[C@H]3O)c2[nH]1,C[C@H]1O[C@](C)(n2cnc3c(=O)[nH]c(=O)[nH]c32)[C@H](OC=O)[C@@H]1O,3,0.4062,
O=c1[nH]c(=O)c2ncn([C@@H]3O[C@H](CO)[C@@H](O)[C@H]3O)c2[nH]1,CCO[C@@H]1[C@@H]2OC(O)[C@H]2O[C@H]1n1cnc2c(=O)[nH]c(=O)[nH]c21,3,0.5345,
O=c1[nH]c(=O)c2ncn([C@@H]3O[C@H](CO)[C@@H](O)[C@H]3O)c2[nH]1,O=CC[C@H]1[C@@H](O)[C@H](n2cnc3c(=O)[nH]c(=O)[nH]c32)O[C@@H]1CO,3,0.7451,
O=c1[nH]c(=O)c2ncn([C@@H]3O[C@H](CO)[C@@H](O)[C@H]3O)c2[nH]1,CC(=O)[C@@]1(CO)[C@H](O)CO[C@H]1n1cnc2c(=O)[nH]c(=O)[nH]c21,3,0.4915,
O=c1[nH]c(=O)c2ncn([C@@H]3O[C@H](CO)[C@@H](O)[C@H]3O)c2[nH]1,CCO[C@H]1[C@H](n2cnc3c(=O)[nH]c(=O)[nH]c32)O[C@@H]2CO[C@]21O,3,0.4762,
O=c1[nH]c(=O)c2ncn([C@@H]3O[C@H](CO)[C@@H](O)[C@H]3O)c2[nH]1,CC(=O)[C@@]1(CO)O[C@@H](n2cnc3c(=O)[nH]c(=O)[nH]c32)C[C@@H]1O,3,0.4754,
O=c1[nH]c(=O)c2ncn([C@@H]3O[C@H](CO)[C@@H](O)[C@H]3O)c2[nH]1,O=c1[nH]c(=O)c2ncn([C@@H]3O[C@H](CO)[C@H]4C(O)CO[C@H]43)c2[nH]1,3,0.6667,
O=c1[nH]c(=O)c2ncn([C@@H]3O[C@H](CO)[C@@H](O)[C@H]3O)c2[nH]1,CC(=O)[C@@]1(CO)CO[C@@H](n2cnc3c(=O)[nH]c(=O)[nH]c32)[C@@H]1O,3,0.5345,
O=c1[nH]c(=O)c2ncn([C@@H]3O[C@H](CO)[C@@H](O)[C@H]3O)c2[nH]1,CCO[C@H]1[C@@H](O)[C@]2(n3cnc4c(=O)[nH]c(=O)[nH]c43)OC[C@H]1O2,3,0.3731,
O=c1[nH]c(=O)c2ncn([C@@H]3O[C@H](CO)[C@@H](O)[C@H]3O)c2[nH]1,CC(=O)C[C@]1(O)CO[C@@H](n2cnc3c(=O)[nH]c(=O)[nH]c32)[C@@H]1O,3,0.5085,
O=c1[nH]c(=O)c2ncn([C@@H]3O[C@H](CO)[C@@H](O)[C@H]3O)c2[nH]1,C[C@@]1(CO)O[C@@H](n2cnc3c(=O)[nH]c(=O)[nH]c32)[C@H](O)[C@@H]1C=O,3,0.5517,
O=c1[nH]c(=O)c2ncn([C@@H]3O[C@H](CO)[C@@H](O)[C@H]3O)c2[nH]1,CC(O)O[C@@]12O[C@@H]1[C@@H](C)O[C@H]2n1cnc2c(=O)[nH]c(=O)[nH]c21,3,0.4286,
O=c1[nH]c(=O)c2ncn([C@@H]3O[C@H](CO)[C@@H](O)[C@H]3O)c2[nH]1,CC(O)C[C@H]1O[C@@]2(n3cnc4c(=O)[nH]c(=O)[nH]c43)O[C@@H]2[C@@H]1O,3,0.4286,
O=c1[nH]c(=O)c2ncn([C@@H]3O[C@H](CO)[C@@H](O)[C@H]3O)c2[nH]1,CC(O)[C@@H]1[C@H]2CO[C@@]1(O)[C@H](n1cnc3c(=O)[nH]c(=O)[nH]c31)O2,3,0.4286,
O=c1[nH]c(=O)c2ncn([C@@H]3O[C@H](CO)[C@@H](O)[C@H]3O)c2[nH]1,CC(=O)O[C@@H]1[C@H](O)[C@@H](C)O[C@H]1n1cnc2c(=O)[nH]c(=O)[nH]c21,2,0.5439,
O=c1[nH]c(=O)c2ncn([C@@H]3O[C@H](CO)[C@@H](O)[C@H]3O)c2[nH]1,CC(=O)[C@@H]1[C@H](O)CO[C@H]1n1c(CO)nc2c(=O)[nH]c(=O)[nH]c21,3,0.3385,
O=c1[nH]c(=O)c2ncn([C@@H]3O[C@H](CO)[C@@H](O)[C@H]3O)c2[nH]1,CCOC[C@H]1O[C@@H]2[C@H](Oc3nc4c(=O)[nH]c(=O)[nH]c4n32)[C@@H]1O,3,0.3906,
O=c1[nH]c(=O)c2ncn([C@@H]3O[C@H](CO)[C@@H](O)[C@H]3O)c2[nH]1,C[C@]1(O)[C@@H](CO)O[C@@H](n2cnc3c(=O)[nH]c(=O)[nH]c32)[C@@H]1C=O,3,0.5517,
O=c1[nH]c(=O)c2ncn([C@@H]3O[C@H](CO)[C@@H](O)[C@H]3O)c2[nH]1,CC(O)[C@@]12OC[C@H]1O[C@@H](n1cnc3c(=O)[nH]c(=O)[nH]c31)[C@@H]2O,3,0.5,
O=c1[nH]c(=O)c2ncn([C@@H]3O[C@H](CO)[C@@H](O)[C@H]3O)c2[nH]1,CC(O)[C@H]1[C@H]2Oc3nc4c(=O)[nH]c(=O)[nH]c4n3[C@@H]2O[C@@H]1CO,3,0.4194,
O=c1[nH]c(=O)c2ncn([C@@H]3O[C@H](CO)[C@@H](O)[C@H]3O)c2[nH]1,CC(O)O[C@@H]1[C@@H]2O[C@]1(n1cnc3c(=O)[nH]c(=O)[nH]c31)O[C@@H]2C,3,0.3433,
O=c1[nH]c(=O)c2ncn([C@@H]3O[C@H](CO)[C@@H](O)[C@H]3O)c2[nH]1,CC(O)C[C@H]1O[C@@H](n2cnc3c(=O)[nH]c(=O)[nH]c32)[C@]2(O)O[C@H]12,3,0.4754,
O=c1[nH]c(=O)c2ncn([C@@H]3O[C@H](CO)[C@@H](O)[C@H]3O)c2[nH]1,CC(O)[C@H]1[C@H](n2cnc3c(=O)[nH]c(=O)[nH]c32)O[C@]2(CO)O[C@@H]12,3,0.5085,
O=c1[nH]c(=O)c2ncn([C@@H]3O[C@H](CO)[C@@H](O)[C@H]3O)c2[nH]1,CC(=O)[C@@H]1CO[C@@H](n2cnc3c(=O)[nH]c(=O)[nH]c32)[C@]1(O)CO,3,0.4833,
O=c1[nH]c(=O)c2ncn([C@@H]3O[C@H](CO)[C@@H](O)[C@H]3O)c2[nH]1,CCO[C@H]1[C@H](n2cnc3c(=O)[nH]c(=O)[nH]c32)O[C@]2(CO)O[C@@H]12,3,0.5,
O=c1[nH]c(=O)c2ncn([C@@H]3O[C@H](CO)[C@@H](O)[C@H]3O)c2[nH]1,CC(=O)[C@]1(CO)C[C@@H](O)[C@H](n2cnc3c(=O)[nH]c(=O)[nH]c32)O1,3,0.5254,
O=c1[nH]c(=O)c2ncn([C@@H]3O[C@H](CO)[C@@H](O)[C@H]3O)c2[nH]1,CC(=O)c1nc2c(=O)[nH]c(=O)[nH]c2n1[C@H]1C[C@H](O)[C@@H](CO)O1,3,0.3968,
O=c1[nH]c(=O)c2ncn([C@@H]3O[C@H](CO)[C@@H](O)[C@H]3O)c2[nH]1,CC(O)[C@H]1O[C@@H](n2cnc3c(=O)[nH]c(=O)[nH]c32)[C@H](C=O)[C@@H]1O,3,0.5345,
O=c1[nH]c(=O)c2ncn([C@@H]3O[C@H](CO)[C@@H](O)[C@H]3O)c2[nH]1,CC(=O)[C@]1(O)[C@H](O)[C@@H](C)O[C@H]1n1cnc2c(=O)[nH]c(=O)[nH]c21,3,0.4912,
O=c1[nH]c(=O)c2ncn([C@@H]3O[C@H](CO)[C@@H](O)[C@H]3O)c2[nH]1,C[C@]1(O)[C@H](C=O)[C@@H](CO)O[C@H]1n1cnc2c(=O)[nH]c(=O)[nH]c21,3,0.5614,
O=c1[nH]c(=O)c2ncn([C@@H]3O[C@H](CO)[C@@H](O)[C@H]3O)c2[nH]1,C[C@]1(n2cnc3c(=O)[nH]c(=O)[nH]c32)O[C@H](CC=O)[C@@H](O)[C@H]1O,3,0.4426,
O=c1[nH]c(=O)c2ncn([C@@H]3O[C@H](CO)[C@@H](O)[C@H]3O)c2[nH]1,C[C@]1(n2cnc3c(=O)[nH]c(=O)[nH]c32)O[C@H](CO)[C@@H](O)[C@H]1C=O,3,0.5,
O=c1[nH]c(=O)c2ncn([C@@H]3O[C@H](CO)[C@@H](O)[C@H]3O)c2[nH]1,CC(=O)[C@]1(O)[C@@H](C)O[C@@H](n2cnc3c(=O)[nH]c(=O)[nH]c32)[C@@H]1O,3,0.5357,
O=c1[nH]c(=O)c2ncn([C@@H]3O[C@H](CO)[C@@H](O)[C@H]3O)c2[nH]1,CC(=O)O[C@@H]1CO[C@](C)(n2cnc3c(=O)[nH]c(=O)[nH]c32)[C@@H]1O,3,0.381,
O=c1[nH]c(=O)c2ncn([C@@H]3O[C@H](CO)[C@@H](O)[C@H]3O)c2[nH]1,Cc1nc2c(=O)[nH]c(=O)[nH]c2n1[C@@H]1O[C@H](CC=O)[C@@H](O)[C@H]1O,3,0.4655,
O=c1[nH]c(=O)c2ncn([C@@H]3O[C@H](CO)[C@@H](O)[C@H]3O)c2[nH]1,O=c1[nH]c(=O)c2ncn([C@@H]3O[C@@H]4CC(O)CO[C@@H]3[C@@H]4O)c2[nH]1,3,0.5439,
O=c1[nH]c(=O)c2ncn([C@@H]3O[C@H](CO)[C@@H](O)[C@H]3O)c2[nH]1,CCOC[C@H]1O[C@@H](n2cnc3c(=O)[nH]c(=O)[nH]c32)[C@]2(O)O[C@H]12,3,0.4677,
O=c1[nH]c(=O)c2ncn([C@@H]3O[C@H](CO)[C@@H](O)[C@H]3O)c2[nH]1,C[C@H]1O[C@@H](n2cnc3c(=O)[nH]c(=O)[nH]c32)[C@H](OC=O)[C@@]1(C)O,3,0.4754,
O=c1[nH]c(=O)c2ncn([C@@H]3O[C@H](CO)[C@@H](O)[C@H]3O)c2[nH]1,CCO[C@@H]1[C@@H]2Oc3nc4c(=O)[nH]c(=O)[nH]c4n3[C@@H]1O[C@@H]2CO,3,0.4127,
O=c1[nH]c(=O)c2ncn([C@@H]3O[C@H](CO)[C@@H](O)[C@H]3O)c2[nH]1,CC(O)C[C@H]1O[C@@H]2[C@H](O)[C@@H]1Oc1nc3c(=O)[nH]c(=O)[nH]c3n12,3,0.3968,
O=c1[nH]c(=O)c2ncn([C@@H]3O[C@H](CO)[C@@H](O)[C@H]3O)c2[nH]1,C[C@H]1O[C@@H](n2cnc3c(=O)[nH]c(=O)[nH]c32)[C@@](C)(OC=O)[C@@H]1O,3,0.4746,
O=c1[nH]c(=O)c2ncn([C@@H]3O[C@H](CO)[C@@H](O)[C@H]3O)c2[nH]1,CCO[C@H]1[C@@H](O)[C@H](n2cnc3c(=O)[nH]c(=O)[nH]c32)O[C@@H]1C=O,3,0.569,
O=c1[nH]c(=O)c2ncn([C@@H]3O[C@H](CO)[C@@H](O)[C@H]3O)c2[nH]1,CCOC[C@H]1O[C@@H](n2cnc3c(=O)[nH]c(=O)[nH]c32)[C@@H]2O[C@]12O,3,0.4839,
O=c1[nH]c(=O)c2ncn([C@@H]3O[C@H](CO)[C@@H](O)[C@H]3O)c2[nH]1,CC(O)O[C@@H]1[C@@H]2OC[C@H]2O[C@H]1n1cnc2c(=O)[nH]c(=O)[nH]c21,3,0.4603,
O=c1[nH]c(=O)c2ncn([C@@H]3O[C@H](CO)[C@@H](O)[C@H]3O)c2[nH]1,CC(O)O[C@]12O[C@H]1[C@H](n1cnc3c(=O)[nH]c(=O)[nH]c31)O[C@@H]2C,3,0.4677,
O=c1[nH]c(=O)c2ncn([C@@H]3O[C@H](CO)[C@@H](O)[C@H]3O)c2[nH]1,CCOC[C@H]1O[C@@H]2[C@H](O)[C@@H]1Oc1nc3c(=O)[nH]c(=O)[nH]c3n12,3,0.3906,
O=c1[nH]c(=O)c2ncn([C@@H]3O[C@H](CO)[C@@H](O)[C@H]3O)c2[nH]1,C[C@@]1(CO)O[C@@H](n2cnc3c(=O)[nH]c(=O)[nH]c32)[C@H](C=O)[C@@H]1O,3,0.5614,
O=c1[nH]c(=O)c2ncn([C@@H]3O[C@H](CO)[C@@H](O)[C@H]3O)c2[nH]1,CC(O)[C@H]1[C@H]2O[C@@]1(CO)O[C@H]2n1cnc2c(=O)[nH]c(=O)[nH]c21,3,0.5085,
O=c1[nH]c(=O)c2ncn([C@@H]3O[C@H](CO)[C@@H](O)[C@H]3O)c2[nH]1,CCO[C@@H]1[C@H](O)[C@H]2CO[C@]1(n1cnc3c(=O)[nH]c(=O)[nH]c31)O2,3,0.3881,
O=c1[nH]c(=O)c2ncn([C@@H]3O[C@H](CO)[C@@H](O)[C@H]3O)c2[nH]1,C[C@H]1O[C@@H](n2cnc3c(=O)[nH]c(=O)[nH]c32)[C@@H]2OC(O)CO[C@@H]21,3,0.5172,
O=c1[nH]c(=O)c2ncn([C@@H]3O[C@H](CO)[C@@H](O)[C@H]3O)c2[nH]1,CC(O)[C@H]1[C@H](n2cnc3c(=O)[nH]c(=O)[nH]c32)O[C@@H]2CO[C@]21O,3,0.4677,
O=c1[nH]c(=O)c2ncn([C@@H]3O[C@H](CO)[C@@H](O)[C@H]3O)c2[nH]1,CCO[C@@H]1[C@H](O)[C@H]2COc3nc4c(=O)[nH]c(=O)[nH]c4n3[C@@H]1O2,3,0.3636,
O=c1[nH]c(=O)c2ncn([C@@H]3O[C@H](CO)[C@@H](O)[C@H]3O)c2[nH]1,CC(O)O[C@H]1[C@H]2O[C@]2(n2cnc3c(=O)[nH]c(=O)[nH]c32)O[C@@H]1C,3,0.3433,
O=c1[nH]c(=O)c2ncn([C@@H]3O[C@H](CO)[C@@H](O)[C@H]3O)c2[nH]1,CC(=O)[C@@]1(O)C[C@H](n2cnc3c(=O)[nH]c(=O)[nH]c32)O[C@@H]1CO,3,0.5,
O=c1[nH]c(=O)c2ncn([C@@H]3O[C@H](CO)[C@@H](O)[C@H]3O)c2[nH]1,O=c1[nH]c(=O)c2ncn([C@@H]3O[C@@H]4CC(O)CO[C@H]4[C@H]3O)c2[nH]1,3,0.5818,
O=c1[nH]c(=O)c2ncn([C@@H]3O[C@H](CO)[C@@H](O)[C@H]3O)c2[nH]1,C[C@]1(C=O)[C@@H](CO)O[C@@H](n2cnc3c(=O)[nH]c(=O)[nH]c32)[C@@H]1O,3,0.5893,
O=c1[nH]c(=O)c2ncn([C@@H]3O[C@H](CO)[C@@H](O)[C@H]3O)c2[nH]1,CC[C@H]1O[C@@H](n2cnc3c(=O)[nH]c(=O)[nH]c32)[C@H](O)[C@@H]1OC=O,3,0.625,
O=c1[nH]c(=O)c2ncn([C@@H]3O[C@H](CO)[C@@H](O)[C@H]3O)c2[nH]1,O=C(CCO)[C@@H]1CO[C@@H](n2cnc3c(=O)[nH]c(=O)[nH]c32)[C@@H]1O,3,0.5614,
O=c1[nH]c(=O)c2ncn([C@@H]3O[C@H](CO)[C@@H](O)[C@H]3O)c2[nH]1,CC(O)C[C@H]1O[C@@]2(n3cnc4c(=O)[nH]c(=O)[nH]c43)O[C@H]1[C@H]2O,3,0.4127,
O=c1[nH]c(=O)c2ncn([C@@H]3O[C@H](CO)[C@@H](O)[C@H]3O)c2[nH]1,CC(O)[C@@H]1[C@H](O)[C@H]2CO[C@]1(n1cnc3c(=O)[nH]c(=O)[nH]c31)O2,3,0.3788,
O=c1[nH]c(=O)c2ncn([C@@H]3O[C@H](CO)[C@@H](O)[C@H]3O)c2[nH]1,CC(=O)[C@@H]1CO[C@](CO)(n2cnc3c(=O)[nH]c(=O)[nH]c32)[C@@H]1O,3,0.4194,
O=c1[nH]c(=O)c2ncn([C@@H]3O[C@H](CO)[C@@H](O)[C@H]3O)c2[nH]1,CC(O)O[C@H]1[C@H]2OC[C@H]1O[C@H]2n1cnc2c(=O)[nH]c(=O)[nH]c21,3,0.4603,
O=c1[nH]c(=O)c2ncn([C@@H]3O[C@H](CO)[C@@H](O)[C@H]3O)c2[nH]1,CC(O)[C@@H]1[C@@H]2Oc3nc4c(=O)[nH]c(=O)[nH]c4n3[C@@H]1O[C@@H]2CO,3,0.4194,
O=c1[nH]c(=O)c2ncn([C@@H]3O[C@H](CO)[C@@H](O)[C@H]3O)c2[nH]1,CC(=O)C[C@H]1O[C@@H](n2cnc3c(=O)[nH]c(=O)[nH]c32)[C@H](O)[C@@H]1O,2,0.7551,
O=c1[nH]c(=O)c2ncn([C@@H]3O[C@H](CO)[C@@H](O)[C@H]3O)c2[nH]1,CC(O)O[C@H]1[C@H](n2cnc3c(=O)[nH]c(=O)[nH]c32)O[C@]2(C)O[C@@H]12,3,0.4516,
O=c1[nH]c(=O)c2ncn([C@@H]3O[C@H](CO)[C@@H](O)[C@H]3O)c2[nH]1,CCO[C@@H]1[C@H](O)[C@@H](C=O)O[C@H]1n1cnc2c(=O)[nH]c(=O)[nH]c21,3,0.5424,
O=c1[nH]c(=O)c2ncn([C@@H]3O[C@H](CO)[C@@H](O)[C@H]3O)c2[nH]1,C[C@H]1O[C@@H](n2cnc3c(=O)[nH]c(=O)[nH]c32)[C@@](C)(O)[C@@H]1OC=O,3,0.4355,
O=c1[nH]c(=O)c2ncn([C@@H]3O[C@H](CO)[C@@H](O)[C@H]3O)c2[nH]1,C[C@]1(O)[C@@H](CC=O)O[C@@H](n2cnc3c(=O)[nH]c(=O)[nH]c32)[C@@H]1O,3,0.5345,
O=c1[nH]c(=O)c2ncn([C@@H]3O[C@H](CO)[C@@H](O)[C@H]3O)c2[nH]1,CCOC1O[C@@H]2[C@H](O)[C@@H]1O[C@H]2n1cnc2c(=O)[nH]c(=O)[nH]c21,3,0.5614,
O=c1[nH]c(=O)c2ncn([C@@H]3O[C@H](CO)[C@@H](O)[C@H]3O)c2[nH]1,C[C@]1(n2cnc3c(=O)[nH]c(=O)[nH]c32)O[C@H](CO)[C@@H](C=O)[C@H]1O,3,0.4833,
O=c1[nH]c(=O)c2ncn([C@@H]3O[C@H](CO)[C@@H](O)[C@H]3O)c2[nH]1,CC(=O)[C@H]1[C@@H](O)[C@H](n2cnc3c(=O)[nH]c(=O)[nH]c32)O[C@@H]1CO,2,0.7755,
O=c1[nH]c(=O)c2ncn([C@@H]3O[C@H](CO)[C@@H](O)[C@H]3O)c2[nH]1,O=C(CCO)[C@@H]1[C@H](O)CO[C@H]1n1cnc2c(=O)[nH]c(=O)[nH]c21,3,0.5345,
O=c1[nH]c(=O)c2ncn([C@@H]3O[C@H](CO)[C@@H](O)[C@H]3O)c2[nH]1,CC(O)[C@H]1[C@H]2O[C@]2(n2cnc3c(=O)[nH]c(=O)[nH]c32)O[C@@H]1CO,3,0.4516,
O=c1[nH]c(=O)c2ncn([C@@H]3O[C@H](CO)[C@@H](O)[C@H]3O)c2[nH]1,CC(=O)C(O)[C@H]1O[C@@H](n2cnc3c(=O)[nH]c(=O)[nH]c32)C[C@@H]1O,3,0.459,
O=c1[nH]c(=O)c2ncn([C@@H]3O[C@H](CO)[C@@H](O)[C@H]3O)c2[nH]1,CC(O)[C@H]1[C@H](n2cnc3c(=O)[nH]c(=O)[nH]c32)O[C@@]2(CO2)[C@H]1O,3,0.4833,
O=c1[nH]c(=O)c2ncn([C@@H]3O[C@H](CO)[C@@H](O)[C@H]3O)c2[nH]1,CCO[C@@]12OC[C@H]1O[C@@H](n1cnc3c(=O)[nH]c(=O)[nH]c31)[C@@H]2O,3,0.5082,
O=c1[nH]c(=O)c2ncn([C@@H]3O[C@H](CO)[C@@H](O)[C@H]3O)c2[nH]1,CCO[C@H]1[C@H]2OC(O)[C@H]1O[C@H]2n1cnc2c(=O)[nH]c(=O)[nH]c21,3,0.5345,
O=c1[nH]c(=O)c2ncn([C@@H]3O[C@H](CO)[C@@H](O)[C@H]3O)c2[nH]1,CC(O)[C@H]1[C@H]2OC(O)[C@H]1O[C@H]2n1cnc2c(=O)[nH]c(=O)[nH]c21,3,0.5263,
O=c1[nH]c(=O)c2ncn([C@@H]3O[C@H](CO)[C@@H](O)[C@H]3O)c2[nH]1,CC(=O)c1nc2c(=O)[nH]c(=O)[nH]c2n1[C@@H]1O[C@H](CO)C[C@H]1O,3,0.375,
O=c1[nH]c(=O)c2ncn([C@@H]3O[C@H](CO)[C@@H](O)[C@H]3O)c2[nH]1,O=CCC[C@H]1O[C@@H](n2cnc3c(=O)[nH]c(=O)[nH]c32)[C@H](O)[C@@H]1O,3,0.74,
O=c1[nH]c(=O)c2ncn([C@@H]3O[C@H](CO)[C@@H](O)[C@H]3O)c2[nH]1,CCO[C@]12O[C@H]1[C@H](n1cnc3c(=O)[nH]c(=O)[nH]c31)O[C@@H]2CO,3,0.5333,
O=c1[nH]c(=O)c2ncn([C@@H]3O[C@H](CO)[C@@H](O)[C@H]3O)c2[nH]1,Cc1nc2c(=O)[nH]c(=O)[nH]c2n1[C@@H]1O[C@H](CO)[C@@H](O)[C@H]1C=O,3,0.4915,
O=c1[nH]c(=O)c2ncn([C@@H]3O[C@H](CO)[C@@H](O)[C@H]3O)c2[nH]1,CC(O)[C@@H]1[C@@H]2O[C@]1(n1cnc3c(=O)[nH]c(=O)[nH]c31)O[C@@H]2CO,3,0.4516,
O=c1[nH]c(=O)c2ncn([C@@H]3O[C@H](CO)[C@@H](O)[C@H]3O)c2[nH]1,CC(=O)[C@@H]1CO[C@@H](n2c(CO)nc3c(=O)[nH]c(=O)[nH]c32)[C@@H]1O,3,0.3538,
O=c1[nH]c(=O)c2ncn([C@@H]3O[C@H](CO)[C@@H](O)[C@H]3O)c2[nH]1,CCO[C@]12OC[C@@H](O[C@H]1n1cnc3c(=O)[nH]c(=O)[nH]c31)[C@H]2O,3,0.4677,
O=c1[nH]c(=O)c2ncn([C@@H]3O[C@H](CO)[C@@H](O)[C@H]3O)c2[nH]1,CC(O)C[C@]12O[C@@H]([C@H](n3cnc4c(=O)[nH]c(=O)[nH]c43)O1)[C@@H]2O,3,0.5263,
O=c1[nH]c(=O)c2ncn([C@@H]3O[C@H](CO)[C@@H](O)[C@H]3O)c2[nH]1,CC(=O)[C@@H]1[C@H](O)[C@@H](CO)O[C@H]1n1cnc2c(=O)[nH]c(=O)[nH]c21,2,0.76,
O=c1[nH]c(=O)c2ncn([C@@H]3O[C@H](CO)[C@@H](O)[C@H]3O)c2[nH]1,CC(O)[C@H]1[C@@H](O)[C@H]2O[C@@H]1COc1nc3c(=O)[nH]c(=O)[nH]c3n12,3,0.3594,
O=c1[nH]c(=O)c2ncn([C@@H]3O[C@H](CO)[C@@H](O)[C@H]3O)c2[nH]1,CCO[C@H]1[C@H](n2cnc3c(=O)[nH]c(=O)[nH]c32)O[C@@]2(CO2)[C@H]1O,3,0.4918,
O=c1[nH]c(=O)c2ncn([C@@H]3O[C@H](CO)[C@@H](O)[C@H]3O)c2[nH]1,O=COC1O[C@@H]2[C@H](O)[C@@H]1O[C@H]2n1cnc2c(=O)[nH]c(=O)[nH]c21,3,0.5714,
O=c1[nH]c(=O)c2ncn([C@@H]3O[C@H](CO)[C@@H](O)[C@H]3O)c2[nH]1,O=COC[C@H]1O[C@@]2(n3cnc4c(=O)[nH]c(=O)[nH]c43)O[C@@H]2[C@@H]1O,3,0.4219,
O=c1[nH]c(=O)c2ncn([C@@H]3O[C@H](CO)[C@@H](O)[C@H]3O)c2[nH]1,O=CO[C@@H]1[C@@H]2O[C@]1(n1cnc3c(=O)[nH]c(=O)[nH]c31)O[C@@H]2CO,3,0.4444,
O=c1[nH]c(=O)c2ncn([C@@H]3O[C@H](CO)[C@@H](O)[C@H]3O)c2[nH]1,O=CO[C@@H]1[C@H](O)[C@H]2CO[C@]1(n1cnc3c(=O)[nH]c(=O)[nH]c31)O2,3,0.3731,
O=c1[nH]c(=O)c2ncn([C@@H]3O[C@H](CO)[C@@H](O)[C@H]3O)c2[nH]1,O=CO[C@@]12OC[C@H]1O[C@@H](n1cnc3c(=O)[nH]c(=O)[nH]c31)[C@@H]2O,3,0.5,
O=c1[nH]c(=O)c2ncn([C@@H]3O[C@H](CO)[C@@H](O)[C@H]3O)c2[nH]1,O=CO[C@H]1[C@H]2O[C@@]1(CO)O[C@H]2n1cnc2c(=O)[nH]c(=O)[nH]c21,3,0.5,
O=c1[nH]c(=O)c2ncn([C@@H]3O[C@H](CO)[C@@H](O)[C@H]3O)c2[nH]1,O=CO[C@H]1[C@H]2O[C@]2(n2cnc3c(=O)[nH]c(=O)[nH]c32)O[C@@H]1CO,3,0.4444,
O=c1[nH]c(=O)c2ncn([C@@H]3O[C@H](CO)[C@@H](O)[C@H]3O)c2[nH]1,O=CO[C@@H]1[C@H]2CO[C@@]1(O)[C@H](n1cnc3c(=O)[nH]c(=O)[nH]c31)O2,3,0.4219,
O=c1[nH]c(=O)c2ncn([C@@H]3O[C@H](CO)[C@@H](O)[C@H]3O)c2[nH]1,O=COC[C@H]1O[C@@H](n2cnc3c(=O)[nH]c(=O)[nH]c32)[C@]2(O)O[C@H]12,3,0.4677,
O=c1[nH]c(=O)c2ncn([C@@H]3O[C@H](CO)[C@@H](O)[C@H]3O)c2[nH]1,O=COC[C@]12O[C@@H]([C@H](n3cnc4c(=O)[nH]c(=O)[nH]c43)O1)[C@@H]2O,3,0.5085,
O=c1[nH]c(=O)c2ncn([C@@H]3O[C@H](CO)[C@@H](O)[C@H]3O)c2[nH]1,O=CO[C@H]1[C@@H](O)[C@H](n2cnc3c(=O)[nH]c(=O)[nH]c32)O[C@@H]1C=O,3,0.5714,
O=c1[nH]c(=O)c2ncn([C@@H]3O[C@H](CO)[C@@H](O)[C@H]3O)c2[nH]1,O=COC[C@H]1O[C@@H]2[C@H](O)[C@@H]1Oc1nc3c(=O)[nH]c(=O)[nH]c3n12,3,0.3906,
O=c1[nH]c(=O)c2ncn([C@@H]3O[C@H](CO)[C@@H](O)[C@H]3O)c2[nH]1,O=CO[C@H]1[C@H]2OC(O)[C@H]1O[C@H]2n1cnc2c(=O)[nH]c(=O)[nH]c21,3,0.5172,
O=c1[nH]c(=O)c2ncn([C@@H]3O[C@H](CO)[C@@H](O)[C@H]3O)c2[nH]1,O=CO[C@H]1[C@@H](O)[C@H]2O[C@@H]1COc1nc3c(=O)[nH]c(=O)[nH]c3n12,3,0.3485,
O=c1[nH]c(=O)c2ncn([C@@H]3O[C@H](CO)[C@@H](O)[C@H]3O)c2[nH]1,O=CO[C@H]1[C@@H](O)[C@]2(n3cnc4c(=O)[nH]c(=O)[nH]c43)OC[C@H]1O2,3,0.3582,
O=c1[nH]c(=O)c2ncn([C@@H]3O[C@H](CO)[C@@H](O)[C@H]3O)c2[nH]1,O=CO[C@H]1[C@H](n2cnc3c(=O)[nH]c(=O)[nH]c32)O[C@]2(CO)O[C@@H]12,3,0.5,
O=c1[nH]c(=O)c2ncn([C@@H]3O[C@H](CO)[C@@H](O)[C@H]3O)c2[nH]1,O=CO[C@@]12O[C@@H]1[C@@H](CO)O[C@H]2n1cnc2c(=O)[nH]c(=O)[nH]c21,3,0.5517,
O=c1[nH]c(=O)c2ncn([C@@H]3O[C@H](CO)[C@@H](O)[C@H]3O)c2[nH]1,O=CO[C@H]1[C@H](n2cnc3c(=O)[nH]c(=O)[nH]c32)O[C@@]2(CO2)[C@H]1O,3,0.4754,
O=c1[nH]c(=O)c2ncn([C@@H]3O[C@H](CO)[C@@H](O)[C@H]3O)c2[nH]1,O=COC[C@H]1O[C@@H]2[C@H](Oc3nc4c(=O)[nH]c(=O)[nH]c4n32)[C@@H]1O,3,0.3906,
O=c1[nH]c(=O)c2ncn([C@@H]3O[C@H](CO)[C@@H](O)[C@H]3O)c2[nH]1,O=CO[C@@H]1[C@H](O)[C@@H](C=O)O[C@H]1n1cnc2c(=O)[nH]c(=O)[nH]c21,3,0.5439,
O=c1[nH]c(=O)c2ncn([C@@H]3O[C@H](CO)[C@@H](O)[C@H]3O)c2[nH]1,O=CO[C@H]1[C@H](n2cnc3c(=O)[nH]c(=O)[nH]c32)O[C@@H]2CO[C@]21O,3,0.4603,
O=c1[nH]c(=O)c2ncn([C@@H]3O[C@H](CO)[C@@H](O)[C@H]3O)c2[nH]1,O=CO[C@H]1[C@H]2Oc3nc4c(=O)[nH]c(=O)[nH]c4n3[C@@H]2O[C@@H]1CO,3,0.4127,
O=c1[nH]c(=O)c2ncn([C@@H]3O[C@H](CO)[C@@H](O)[C@H]3O)c2[nH]1,O=CO[C@]12OC[C@@H](O[C@H]1n1cnc3c(=O)[nH]c(=O)[nH]c31)[C@H]2O,3,0.459,
O=c1[nH]c(=O)c2ncn([C@@H]3O[C@H](CO)[C@@H](O)[C@H]3O)c2[nH]1,O=CO[C@@H]1[C@@H]2Oc3nc4c(=O)[nH]c(=O)[nH]c4n3[C@@H]1O[C@@H]2CO,3,0.4127,
O=c1[nH]c(=O)c2ncn([C@@H]3O[C@H](CO)[C@@H](O)[C@H]3O)c2[nH]1,O=COC[C@]12O[C@@H](n3cnc4c(=O)[nH]c(=O)[nH]c43)[C@H](O)[C@@H]1O2,3,0.5345,
O=c1[nH]c(=O)c2ncn([C@@H]3O[C@H](CO)[C@@H](O)[C@H]3O)c2[nH]1,O=CO[C@H]1[C@@H](O)[C@H](n2cnc3c(=O)[nH]c(=O)[nH]c32)O[C@@]12CO2,3,0.4918,
O=c1[nH]c(=O)c2ncn([C@@H]3O[C@H](CO)[C@@H](O)[C@H]3O)c2[nH]1,O=CO[C@]12O[C@H]1[C@H](n1cnc3c(=O)[nH]c(=O)[nH]c31)O[C@@H]2CO,3,0.5424,
O=c1[nH]c(=O)c2ncn([C@@H]3O[C@H](CO)[C@@H](O)[C@H]3O)c2[nH]1,O=COC[C@H]1O[C@@]2(n3cnc4c(=O)[nH]c(=O)[nH]c43)O[C@H]1[C@H]2O,3,0.4062,
O=c1[nH]c(=O)c2ncn([C@@H]3O[C@H](CO)[C@@H](O)[C@H]3O)c2[nH]1,O=CO[C@@H]1[C@H](O)[C@H]2COc3nc4c(=O)[nH]c(=O)[nH]c4n3[C@@H]1O2,3,0.3485,
O=c1[nH]c(=O)c2ncn([C@@H]3O[C@H](CO)[C@@H](O)[C@H]3O)c2[nH]1,O=COC[C@H]1O[C@@H](n2cnc3c(=O)[nH]c(=O)[nH]c32)[C@@H]2O[C@]12O,3,0.4839,
O=c1[nH]c(=O)c2ncn([C@@H]3O[C@H](CO)[C@@H](O)[C@H]3O)c2[nH]1,O=COC1O[C@H]2[C@@H](O)[C@H](n3cnc4c(=O)[nH]c(=O)[nH]c43)O[C@H]12,3,0.6,
O=c1[nH]c(=O)c2ncn([C@@H]3O[C@H](CO)[C@@H](O)[C@H]3O)c2[nH]1,O=CO[C@@H]1[C@@H]2OC(O)[C@H]2O[C@H]1n1cnc2c(=O)[nH]c(=O)[nH]c21,3,0.5172,
O=c1[nH]c(=O)c2ncn([C@@H]3O[C@H](CO)[C@@H](O)[C@H]3O)c2[nH]1,CC1N=C2NC(=O)Nc3c2ncn3[C@@H]2O[C@H](CO)[C@@H](O)[C@H]2O1,3,0.3846,
O=c1[nH]c(=O)c2ncn([C@@H]3O[C@H](CO)[C@@H](O)[C@H]3O)c2[nH]1,CC1N=C2NC(=O)Nc3c2ncn3[C@@H]2O[C@H](CO1)[C@@H](O)[C@H]2O,3,0.2899,
O=c1[nH]c(=O)c2ncn([C@@H]3O[C@H](CO)[C@@H](O)[C@H]3O)c2[nH]1,CC1N=C2NC(=O)c3ncn(c3N2)[C@@H]2O[C@H](CO)[C@@H](O)[C@H]2O1,3,0.3846,
O=c1[nH]c(=O)c2ncn([C@@H]3O[C@H](CO)[C@@H](O)[C@H]3O)c2[nH]1,CC1N=C2NC(=O)Nc3c2ncn3[C@@H]2O[C@H](CO)[C@@H](O1)[C@H]2O,3,0.3846,
O=c1[nH]c(=O)c2ncn([C@@H]3O[C@H](CO)[C@@H](O)[C@H]3O)c2[nH]1,CC1N=C2NC(=O)c3ncn(c3N2)[C@@H]2O[C@H](CO1)[C@@H](O)[C@H]2O,3,0.2899,
O=c1[nH]c(=O)c2ncn([C@@H]3O[C@H](CO)[C@@H](O)[C@H]3O)c2[nH]1,CC1N=C2NC(=O)c3ncn(c3N2)[C@@H]2O[C@H](CO)[C@@H](O1)[C@H]2O,3,0.3846,
O=c1[nH]c(=O)c2ncn([C@@H]3O[C@H](CO)[C@@H](O)[C@H]3O)c2[nH]1,N#C[C@]1(n2cnc3c(=O)[nH]c(=O)[nH]c32)O[C@H](CO)[C@@H](O)[C@H]1O,3,0.5172,
O=c1[nH]c(=O)c2ncn([C@@H]3O[C@H](CO)[C@@H](O)[C@H]3O)c2[nH]1,N#CC(O)[C@]1(n2cnc3c(=O)[nH]c(=O)[nH]c32)OC[C@@H](O)[C@H]1O,3,0.3692,
O=c1[nH]c(=O)c2ncn([C@@H]3O[C@H](CO)[C@@H](O)[C@H]3O)c2[nH]1,N#C[C@@]1(CO)O[C@@H](n2cnc3c(=O)[nH]c(=O)[nH]c32)[C@H](O)[C@@H]1O,3,0.5714,
O=c1[nH]c(=O)c2ncn([C@@H]3O[C@H](CO)[C@@H](O)[C@H]3O)c2[nH]1,N#C[C@]1(O)[C@H](O)[C@@H](CO)O[C@H]1n1cnc2c(=O)[nH]c(=O)[nH]c21,3,0.6,
O=c1[nH]c(=O)c2ncn([C@@H]3O[C@H](CO)[C@@H](O)[C@H]3O)c2[nH]1,N#Cc1nc2c(=O)[nH]c(=O)[nH]c2n1[C@@H]1O[C@H](CO)[C@@H](O)[C@H]1O,3,0.5636,
O=c1[nH]c(=O)c2ncn([C@@H]3O[C@H](CO)[C@@H](O)[C@H]3O)c2[nH]1,N#CC(O)[C@H]1O[C@@H](n2cnc3c(=O)[nH]c(=O)[nH]c32)[C@H](O)[C@@H]1O,2,0.6226,
O=c1[nH]c(=O)c2ncn([C@@H]3O[C@H](CO)[C@@H](O)[C@H]3O)c2[nH]1,N#C[C@]1(O)[C@@H](CO)O[C@@H](n2cnc3c(=O)[nH]c(=O)[nH]c32)[C@@H]1O,3,0.5893,
O=c1[nH]c(=O)c2ncn([C@@H]3O[C@H](CO)[C@@H](O)[C@H]3O)c2[nH]1,CCO[C@H]1[C@H]2OC(=O)[C@H]1O[C@H]2n1cnc2c(=O)[nH]c(=O)[nH]c21,3,0.5172,
O=c1[nH]c(=O)c2ncn([C@@H]3O[C@H](CO)[C@@H](O)[C@H]3O)c2[nH]1,CCO[C@]12O[C@H]1[C@H](n1cnc3c(=O)[nH]c(=O)[nH]c31)O[C@@H]2C=O,3,0.4677,
O=c1[nH]c(=O)c2ncn([C@@H]3O[C@H](CO)[C@@H](O)[C@H]3O)c2[nH]1,CCO[C@H]1[C@H]2O[C@@]1(C=O)O[C@H]2n1cnc2c(=O)[nH]c(=O)[nH]c21,3,0.4444,
O=c1[nH]c(=O)c2ncn([C@@H]3O[C@H](CO)[C@@H](O)[C@H]3O)c2[nH]1,CCO[C@@H]1[C@@H]2Oc3nc4c(=O)[nH]c(=O)[nH]c4n3[C@@H]1O[C@@H]2C=O,3,0.2899,
O=c1[nH]c(=O)c2ncn([C@@H]3O[C@H](CO)[C@@H](O)[C@H]3O)c2[nH]1,CCO[C@H]1[C@H]2O[C@]2(n2cnc3c(=O)[nH]c(=O)[nH]c32)O[C@@H]1C=O,3,0.3433,
O=c1[nH]c(=O)c2ncn([C@@H]3O[C@H](CO)[C@@H](O)[C@H]3O)c2[nH]1,CC(=O)[C@H]1[C@@H](O)[C@H](n2cnc3c(=O)[nH]c(=O)[nH]c32)O[C@@H]1C=O,3,0.5818,
O=c1[nH]c(=O)c2ncn([C@@H]3O[C@H](CO)[C@@H](O)[C@H]3O)c2[nH]1,CC(=O)[C@@H]1[C@H](O)[C@@H](C=O)O[C@H]1n1cnc2c(=O)[nH]c(=O)[nH]c21,3,0.5439,
O=c1[nH]c(=O)c2ncn([C@@H]3O[C@H](CO)[C@@H](O)[C@H]3O)c2[nH]1,CCO[C@@]12O[C@@H]1[C@@H](C=O)O[C@H]2n1cnc2c(=O)[nH]c(=O)[nH]c21,3,0.4286,
O=c1[nH]c(=O)c2ncn([C@@H]3O[C@H](CO)[C@@H](O)[C@H]3O)c2[nH]1,CCO[C@H]1[C@H]2Oc3nc4c(=O)[nH]c(=O)[nH]c4n3[C@@H]2O[C@@H]1C=O,3,0.2899,
O=c1[nH]c(=O)c2ncn([C@@H]3O[C@H](CO)[C@@H](O)[C@H]3O)c2[nH]1,CCO[C@@H]1[C@@H]2O[C@]1(n1cnc3c(=O)[nH]c(=O)[nH]c31)O[C@@H]2C=O,3,0.3382,
O=c1[nH]c(=O)c2ncn([C@@H]3O[C@H](CO)[C@@H](O)[C@H]3O)c2[nH]1,CCO[C@@H]1[C@@H]2OC(=O)[C@H]2O[C@H]1n1cnc2c(=O)[nH]c(=O)[nH]c21,3,0.5172,
O=c1[nH]c(=O)c2ncn([C@@H]3O[C@H](CO)[C@@H](O)[C@H]3O)c2[nH]1,CCO[C@H]1[C@H](n2cnc3c(=O)[nH]c(=O)[nH]c32)O[C@]2(C=O)O[C@@H]12,3,0.4677,
O=c1[nH]c(=O)c2ncn([C@@H]3O[C@H](CO)[C@@H](O)[C@H]3O)c2[nH]1,N#CC(=O)[C@H]1O[C@@H](n2cnc3c(=O)[nH]c(=O)[nH]c32)[C@H](O)[C@@H]1O,3,0.6226,
O=c1[nH]c(=O)c2ncn([C@@H]3O[C@H](CO)[C@@H](O)[C@H]3O)c2[nH]1,O=c1[nH]c(=O)c2ncn([C@@]34OC(F)[C@@H](O3)[C@@H](O)[C@H]4O)c2[nH]1,3,0.431,
O=c1[nH]c(=O)c2ncn([C@@H]3O[C@H](CO)[C@@H](O)[C@H]3O)c2[nH]1,C[n+]1cn([C@@H]2OC(CO)[C@@H](O)[C@H]2O)c2[nH]c(=O)[nH]c(=O)c21,3,0.5849,
O=c1[nH]c(=O)c2ncn([C@@H]3O[C@H](CO)[C@@H](O)[C@H]3O)c2[nH]1,CO[C@@H]1[C@H](O)[C@@H](CO)O[C@H]1n1c[nH+]c2c(=O)[nH]c(=O)[nH]c21,3,0.4667,0.3382
O=c1[nH]c(=O)c2ncn([C@@H]3O[C@H](CO)[C@@H](O)[C@H]3O)c2[nH]1,CO[C@H]1[C@@H](O)[C@H](n2c[nH+]c3c(=O)[nH]c(=O)[nH]c32)O[C@@H]1CO,3,0.4667,0.3382
O=c1[nH]c(=O)c2ncn([C@@H]3O[C@H](CO)[C@@H](O)[C@H]3O)c2[nH]1,C[n+]1cn([C@@H]2O[C@H](CO)[C@@H](O)[C@H]2O)c2[nH]c(=O)[nH]c(=O)c21,1,0.5849,
O=c1[nH]c(=O)c2ncn([C@@H]3O[C@H](CO)[C@@H](O)[C@H]3O)c2[nH]1,C[n+]1cn([C@@]2(CO)OC[C@@H](O)[C@H]2O)c2[nH]c(=O)[nH]c(=O)c21,2,0.2836,
O=c1[nH]c(=O)c2ncn([C@@H]3O[C@H](CO)[C@@H](O)[C@H]3O)c2[nH]1,Cn1c(=O)[nH]c(=O)c2[nH+]cn([C@@H]3O[C@H](CO)[C@@H](O)[C@H]3O)c21,3,0.4407,
O=c1[nH]c(=O)c2ncn([C@@H]3O[C@H](CO)[C@@H](O)[C@H]3O)c2[nH]1,COC[C@H]1O[C@@H](n2c[nH+]c3c(=O)[nH]c(=O)[nH]c32)[C@H](O)[C@@H]1O,3,0.4576,
O=c1[nH]c(=O)c2ncn([C@@H]3O[C@H](CO)[C@@H](O)[C@H]3O)c2[nH]1,Cn1c(=O)[nH]c2c([nH+]cn2[C@@H]2O[C@H](CO)[C@@H](O)[C@H]2O)c1=O,3,0.4407,0.377
O=c1[nH]c(=O)c2ncn([C@@H]3O[C@H](CO)[C@@H](O)[C@H]3O)c2[nH]1,O=C(O)[C@H]1O[C@@H](n2c[nH+]c3c(=O)[nH]c(=O)[nH]c32)[C@H](O)[C@@H]1O,3,0.3898,
O=c1[nH]c(=O)c2ncn([C@@H]3O[C@H](CO)[C@@H](O)[C@H]3O)c2[nH]1,CO[C@@H]1CO[C@](CO)(n2cnc3c(=O)[nH]c(=O)[nH]c32)[C@@H]1O,2,0.4127,
O=c1[nH]c(=O)c2ncn([C@@H]3O[C@H](CO)[C@@H](O)[C@H]3O)c2[nH]1,CO[C@@H]1[C@H](O)C(CO)O[C@@H]1n1cnc2c(=O)[nH]c(=O)[nH]c21,3,0.76,
O=c1[nH]c(=O)c2ncn([C@@H]3O[C@H](CO)[C@@H](O)[C@H]3O)c2[nH]1,CO[C@@H]1[C@H](O)CO[C@]1(CO)n1cnc2c(=O)[nH]c(=O)[nH]c21,2,0.4062,
O=c1[nH]c(=O)c2ncn([C@@H]3O[C@H](CO)[C@@H](O)[C@H]3O)c2[nH]1,C[C@]1(O)[C@@H](CO)O[C@@H](n2cnc3c(=O)[nH]c(=O)[nH]c32)[C@@H]1O,3,0.6226,0.5246
O=c1[nH]c(=O)c2ncn([C@@H]3O[C@H](CO)[C@@H](O)[C@H]3O)c2[nH]1,Cn1c(=O)[nH]c(=O)c2ncn([C@@H]3O[C@H](CO)[C@@H](O)[C@H]3O)c21,3,0.6346,
O=c1[nH]c(=O)c2ncn([C@@H]3O[C@H](CO)[C@@H](O)[C@H]3O)c2[nH]1,COCC1O[C@@H](n2cnc3c(=O)[nH]c(=O)[nH]c32)[C@H](O)[C@@H]1O,3,0.7551,
O=c1[nH]c(=O)c2ncn([C@@H]3O[C@H](CO)[C@@H](O)[C@H]3O)c2[nH]1,CO[C@@H]1C(CO)O[C@@H](n2cnc3c(=O)[nH]c(=O)[nH]c32)[C@@H]1O,3,0.76,
O=c1[nH]c(=O)c2ncn([C@@H]3O[C@H](CO)[C@@H](O)[C@H]3O)c2[nH]1,CO[C@@H]1[C@H](O)[C@@H](CO)O[C@H]1n1cnc2c(=O)[nH]c(=O)[nH]c21,1,0.76,
O=c1[nH]c(=O)c2ncn([C@@H]3O[C@H](CO)[C@@H](O)[C@H]3O)c2[nH]1,CO[C@@H]1C(CO)O[C@H](n2cnc3c(=O)[nH]c(=O)[nH]c32)[C@@H]1O,3,0.76,
O=c1[nH]c(=O)c2ncn([C@@H]3O[C@H](CO)[C@@H](O)[C@H]3O)c2[nH]1,CO[C@@H]1[C@H](O)C(CO)O[C@H]1n1cnc2c(=O)[nH]c(=O)[nH]c21,3,0.76,
O=c1[nH]c(=O)c2ncn([C@@H]3O[C@H](CO)[C@@H](O)[C@H]3O)c2[nH]1,COC[C@]1(n2cnc3c(=O)[nH]c(=O)[nH]c32)OC[C@@H](O)[C@H]1O,2,0.3968,
O=c1[nH]c(=O)c2ncn([C@@H]3O[C@H](CO)[C@@H](O)[C@H]3O)c2[nH]1,Cn1c(=O)[nH]c2c(ncn2[C@@H]2O[C@H](CO)[C@@H](O)[C@H]2O)c1=O,3,0.6667,
O=c1[nH]c(=O)c2ncn([C@@H]3O[C@H](CO)[C@@H](O)[C@H]3O)c2[nH]1,Cc1nc2c(=O)[nH]c(=O)[nH]c2n1[C@@H]1O[C@H](CO)[C@@H](O)[C@H]1O,3,0.5962,
O=c1[nH]c(=O)c2ncn([C@@H]3O[C@H](CO)[C@@H](O)[C@H]3O)c2[nH]1,C[C@@]1(CO)O[C@@H](n2cnc3c(=O)[nH]c(=O)[nH]c32)[C@H](O)[C@@H]1O,3,0.6038,
O=c1[nH]c(=O)c2ncn([C@@H]3O[C@H](CO)[C@@H](O)[C@H]3O)c2[nH]1,COC[C@H]1O[C@@H](n2cnc3c(=O)[nH]c(=O)[nH]c32)[C@H](O)[C@@H]1O,1,0.7551,
O=c1[nH]c(=O)c2ncn([C@@H]3O[C@H](CO)[C@@H](O)[C@H]3O)c2[nH]1,C[C@]1(n2cnc3c(=O)[nH]c(=O)[nH]c32)O[C@H](CO)[C@@H](O)[C@H]1O,3,0.5455,
O=c1[nH]c(=O)c2ncn([C@@H]3O[C@H](CO)[C@@H](O)[C@H]3O)c2[nH]1,C[C@]1(O)[C@H](O)[C@@H](CO)O[C@H]1n1cnc2c(=O)[nH]c(=O)[nH]c21,3,0.6346,0.4462
O=c1[nH]c(=O)c2ncn([C@@H]3O[C@H](CO)[C@@H](O)[C@H]3O)c2[nH]1,CO[C@H]1[C@@H](O)[C@H](n2cnc3c(=O)[nH]c(=O)[nH]c32)O[C@@H]1CO,1,0.76,
O=c1[nH]c(=O)c2ncn([C@@H]3O[C@H](CO)[C@@H](O)[C@H]3O)c2[nH]1,CC(O)[C@H]1O[C@@H](n2cnc3c(=O)[nH]c(=O)[nH]c32)[C@H](O)[C@@H]1O,3,0.6471,
O=c1[nH]c(=O)c2ncn([C@@H]3O[C@H](CO)[C@@H](O)[C@H]3O)c2[nH]1,O=c1[nH]c(=O)c2ncn([C@@H]3O[C@@H]4C(O)O[C@@]4(O)[C@H]3O)c2[nH]1,2,0.5556,
O=c1[nH]c(=O)c2ncn([C@@H]3O[C@H](CO)[C@@H](O)[C@H]3O)c2[nH]1,O=c1[nH]c(=O)c2ncn([C@@H]3O[C@@H]4O[C@H]4[C@@]3(O)C(O)O)c2[nH]1,3,0.5091,
O=c1[nH]c(=O)c2ncn([C@@H]3O[C@H](CO)[C@@H](O)[C@H]3O)c2[nH]1,O=c1[nH]c(=O)c2ncn([C@]34OC[C@@](O)(OC3O)[C@H]4O)c2[nH]1,3,0.3871,
O=c1[nH]c(=O)c2ncn([C@@H]3O[C@H](CO)[C@@H](O)[C@H]3O)c2[nH]1,O=c1[nH]c(=O)c2nc3n(c2[nH]1)[C@@H]1OC[C@@H](O3)[C@@]1(O)C(O)O,3,0.2879,
O=c1[nH]c(=O)c2ncn([C@@H]3O[C@H](CO)[C@@H](O)[C@H]3O)c2[nH]1,O=c1[nH]c(=O)c2ncn([C@@]34O[C@H]([C@@H](C(O)O)O3)[C@H]4O)c2[nH]1,2,0.4237,
O=c1[nH]c(=O)c2ncn([C@@H]3O[C@H](CO)[C@@H](O)[C@H]3O)c2[nH]1,O=c1[nH]c(=O)c2nc(C(O)O)n([C@@H]3O[C@@H]4O[C@@H]3[C@@H]4O)c2[nH]1,3,0.3607,
O=c1[nH]c(=O)c2ncn([C@@H]3O[C@H](CO)[C@@H](O)[C@H]3O)c2[nH]1,O=c1[nH]c(=O)c2ncn([C@@]34OC[C@@](O)(C(O)O)[C@H]3O4)c2[nH]1,3,0.3594,
O=c1[nH]c(=O)c2ncn([C@@H]3O[C@H](CO)[C@@H](O)[C@H]3O)c2[nH]1,O=c1[nH]c(=O)c2ncn([C@@H]3O[C@@H]4C(O)O[C@]3(O)[C@@H]4O)c2[nH]1,2,0.5091,
O=c1[nH]c(=O)c2ncn([C@@H]3O[C@H](CO)[C@@H](O)[C@H]3O)c2[nH]1,O=c1[nH]c(=O)c2ncn([C@@H]3O[C@]4(OC4O)[C@@H](O)[C@H]3O)c2[nH]1,2,0.6,
O=c1[nH]c(=O)c2ncn([C@@H]3O[C@H](CO)[C@@H](O)[C@H]3O)c2[nH]1,O=c1[nH]c(=O)c2nc3n(c2[nH]1)[C@@H]1OC[C@](C(O)O)(O3)[C@H]1O,3,0.3125,
O=c1[nH]c(=O)c2ncn([C@@H]3O[C@H](CO)[C@@H](O)[C@H]3O)c2[nH]1,O=c1[nH]c(=O)c2nc(C(O)O)n([C@@H]3OC[C@@]4(O)O[C@@H]34)c2[nH]1,3,0.2879,
O=c1[nH]c(=O)c2ncn([C@@H]3O[C@H](CO)[C@@H](O)[C@H]3O)c2[nH]1,O=c1[nH]c(=O)c2ncn([C@@H]3OC[C@]4(C(O)O)O[C@@]34O)c2[nH]1,3,0.4333,
O=c1[nH]c(=O)c2ncn([C@@H]3O[C@H](CO)[C@@H](O)[C@H]3O)c2[nH]1,O=c1[nH]c(=O)c2ncn([C@]34OC[C@@H](O3)[C@@]4(O)C(O)O)c2[nH]1,3,0.3594,
O=c1[nH]c(=O)c2ncn([C@@H]3O[C@H](CO)[C@@H](O)[C@H]3O)c2[nH]1,O=c1[nH]c(=O)c2ncn([C@]34OC(OC3O)[C@@H](O)[C@H]4O)c2[nH]1,3,0.4561,
O=c1[nH]c(=O)c2ncn([C@@H]3O[C@H](CO)[C@@H](O)[C@H]3O)c2[nH]1,O=c1[nH]c(=O)c2nc3n(c2[nH]1)[C@@]1(C(O)O)OC[C@@H](O)[C@H]1O3,3,0.2879,
O=c1[nH]c(=O)c2ncn([C@@H]3O[C@H](CO)[C@@H](O)[C@H]3O)c2[nH]1,O=C(O)[C@]1(n2cnc3c(=O)[nH]c(=O)[nH]c32)OC[C@@H](O)[C@H]1O,2,0.4,
O=c1[nH]c(=O)c2ncn([C@@H]3O[C@H](CO)[C@@H](O)[C@H]3O)c2[nH]1,O=c1[nH]c(=O)c2ncn([C@@]34OC(O)[C@@H](O3)[C@@H](O)[C@H]4O)c2[nH]1,2,0.4386,
O=c1[nH]c(=O)c2ncn([C@@H]3O[C@H](CO)[C@@H](O)[C@H]3O)c2[nH]1,O=C[C@H]1O[C@](O)(n2cnc3c(=O)[nH]c(=O)[nH]c32)[C@H](O)[C@@H]1O,3,0.4237,
O=c1[nH]c(=O)c2ncn([C@@H]3O[C@H](CO)[C@@H](O)[C@H]3O)c2[nH]1,O=c1[nH]c(=O)c2nc(C(O)O)n([C@]34OC[C@@H](O3)[C@H]4O)c2[nH]1,3,0.2879,
O=c1[nH]c(=O)c2ncn([C@@H]3O[C@H](CO)[C@@H](O)[C@H]3O)c2[nH]1,O=c1[nH]c(=O)c2ncn([C@@]3(C(O)O)OC[C@H]4O[C@]43O)c2[nH]1,3,0.3594,
O=c1[nH]c(=O)c2ncn([C@@H]3O[C@H](CO)[C@@H](O)[C@H]3O)c2[nH]1,O=c1[nH]c(=O)c2ncn([C@@]34OC[C@@H](O)[C@@]3(O)OC4O)c2[nH]1,3,0.3871,
O=c1[nH]c(=O)c2ncn([C@@H]3O[C@H](CO)[C@@H](O)[C@H]3O)c2[nH]1,O=c1[nH]c(=O)c2ncn([C@@]34OC[C@@H](O)[C@]3(C(O)O)O4)c2[nH]1,3,0.381,
O=c1[nH]c(=O)c2ncn([C@@H]3O[C@H](CO)[C@@H](O)[C@H]3O)c2[nH]1,O=C(O)C1O[C@@H](n2cnc3c(=O)[nH]c(=O)[nH]c32)[C@H](O)[C@@H]1O,3,0.6735,
O=c1[nH]c(=O)c2ncn([C@@H]3O[C@H](CO)[C@@H](O)[C@H]3O)c2[nH]1,O=c1[nH]c(=O)c2ncn([C@@H]3O[C@]4(C(O)O)O[C@@H]3[C@@H]4O)c2[nH]1,2,0.5273,
O=c1[nH]c(=O)c2ncn([C@@H]3O[C@H](CO)[C@@H](O)[C@H]3O)c2[nH]1,O=c1[nH]c(=O)c2nc(C(O)O)n([C@@H]3O[C@@H]4O[C@H]4[C@H]3O)c2[nH]1,3,0.3607,
O=c1[nH]c(=O)c2ncn([C@@H]3O[C@H](CO)[C@@H](O)[C@H]3O)c2[nH]1,O=c1[nH]c(=O)c2ncn([C@@H]3O[C@]4(C(O)O)O[C@H]4[C@H]3O)c2[nH]1,2,0.5455,
O=c1[nH]c(=O)c2ncn([C@@H]3O[C@H](CO)[C@@H](O)[C@H]3O)c2[nH]1,O=c1[nH]c(=O)c2nc3n(c2[nH]1)[C@@H]1OC[C@@](O)(C(O)O)[C@H]1O3,3,0.2879,
O=c1[nH]c(=O)c2ncn([C@@H]3O[C@H](CO)[C@@H](O)[C@H]3O)c2[nH]1,O=c1[nH]c(=O)c2nc(C(O)O)n([C@@H]3OC[C@H]4O[C@]43O)c2[nH]1,3,0.2836,
O=c1[nH]c(=O)c2ncn([C@@H]3O[C@H](CO)[C@@H](O)[C@H]3O)c2[nH]1,O=c1[nH]c(=O)c2ncn([C@]34OC[C@](C(O)O)(O3)[C@H]4O)c2[nH]1,3,0.381,
O=c1[nH]c(=O)c2ncn([C@@H]3O[C@H](CO)[C@@H](O)[C@H]3O)c2[nH]1,O=c1[nH]c(=O)c2ncn([C@@]3(C(O)O)OC[C@@]4(O)O[C@H]43)c2[nH]1,3,0.3594,
O=c1[nH]c(=O)c2ncn([C@@H]3O[C@H](CO)[C@@H](O)[C@H]3O)c2[nH]1,O=c1[nH]c(=O)c2nc3n(c2[nH]1)[C@@H]1O[C@H](C(O)O)[C@@H](O3)[C@H]1O,2,0.3607,
O=c1[nH]c(=O)c2ncn([C@@H]3O[C@H](CO)[C@@H](O)[C@H]3O)c2[nH]1,O=c1[nH]c(=O)c2ncn([C@@H]3O[C@@H]4O[C@@H]3[C@]4(O)C(O)O)c2[nH]1,3,0.5455,
O=c1[nH]c(=O)c2ncn([C@@H]3O[C@H](CO)[C@@H](O)[C@H]3O)c2[nH]1,O=c1[nH]c(=O)c2ncn([C@@]3(C(O)O)OC4O[C@H]4[C@H]3O)c2[nH]1,3,0.4167,
O=c1[nH]c(=O)c2ncn([C@@H]3O[C@H](CO)[C@@H](O)[C@H]3O)c2[nH]1,O=C(O)[C@H]1O[C@@H](n2cnc3c(=O)[nH]c(=O)[nH]c32)[C@H](O)[C@@H]1O,1,0.6735,
O=c1[nH]c(=O)c2ncn([C@@H]3O[C@H](CO)[C@@H](O)[C@H]3O)c2[nH]1,O=c1[nH]c(=O)c2nc3n(c2[nH]1)[C@@H]1O[C@H](C(O)O3)[C@@H](O)[C@H]1O,2,0.4035,
O=c1[nH]c(=O)c2ncn([C@@H]3O[C@H](CO)[C@@H](O)[C@H]3O)c2[nH]1,O=c1[nH]c(=O)c2ncn([C@@H]3O[C@H](C(O)O)[C@H]4O[C@]43O)c2[nH]1,2,0.4655,
O=c1[nH]c(=O)c2ncn([C@@H]3O[C@H](CO)[C@@H](O)[C@H]3O)c2[nH]1,O=c1[nH]c(=O)c2nc3n(c2[nH]1)[C@@]1(C(O)O)OC[C@@H](O3)[C@H]1O,3,0.2923,
O=c1[nH]c(=O)c2ncn([C@@H]3O[C@H](CO)[C@@H](O)[C@H]3O)c2[nH]1,O=c1[nH]c(=O)c2ncn([C@@H]3OC[C@@]4(O)O[C@]34C(O)O)c2[nH]1,3,0.4333,
O=c1[nH]c(=O)c2ncn([C@@H]3O[C@H](CO)[C@@H](O)[C@H]3O)c2[nH]1,O=c1[nH]c(=O)c2nc3n(c2[nH]1)[C@]1(OC[C@@H](O)[C@H]1O)C(O)O3,3,0.3065,
O=c1[nH]c(=O)c2ncn([C@@H]3O[C@H](CO)[C@@H](O)[C@H]3O)c2[nH]1,O=c1[nH]c(=O)c2ncn([C@@]34O[C@H](C(O)O)[C@@H](O)[C@H]3O4)c2[nH]1,2,0.4167,
O=c1[nH]c(=O)c2ncn([C@@H]3O[C@H](CO)[C@@H](O)[C@H]3O)c2[nH]1,O=c1[nH]c(=O)c2ncn([C@@H]3O[C@H](C(O)O)[C@@]4(O)O[C@@H]34)c2[nH]1,2,0.5088,
O=c1[nH]c(=O)c2ncn([C@@H]3O[C@H](CO)[C@@H](O)[C@H]3O)c2[nH]1,O=c1[nH]c(=O)c2ncn([C@@H]3O[C@@H]4O[C@]4(C(O)O)[C@H]3O)c2[nH]1,3,0.5455,
O=c1[nH]c(=O)c2ncn([C@@H]3O[C@H](CO)[C@@H](O)[C@H]3O)c2[nH]1,O=c1[nH]c(=O)c2ncn([C@@H]3O[C@@H]4O[C@@]3(C(O)O)[C@@H]4O)c2[nH]1,3,0.5,
O=c1[nH]c(=O)c2ncn([C@@H]3O[C@H](CO)[C@@H](O)[C@H]3O)c2[nH]1,O=c1[nH]c(=O)c2nc3n(c2[nH]1)[C@@H]1OC[C@@H](O)[C@]1(C(O)O)O3,3,0.303,
O=c1[nH]c(=O)c2ncn([C@@H]3O[C@H](CO)[C@@H](O)[C@H]3O)c2[nH]1,O=c1[nH]c(=O)c2nc3n(c2[nH]1)[C@@H]1O[C@H](C(O)O)[C@@H](O)[C@H]1O3,2,0.3607,
O=c1[nH]c(=O)c2ncn([C@@H]3O[C@H](CO)[C@@H](O)[C@H]3O)c2[nH]1,O=c1[nH]c(=O)c2ncn([C@@]3(C(O)O)OC4O[C@@H]3[C@@H]4O)c2[nH]1,3,0.4333,
O=c1[nH]c(=O)c2ncn([C@@H]3O[C@H](CO)[C@@H](O)[C@H]3O)c2[nH]1,O=c1[nH]c(=O)c2ncn([C@@]3(C(O)O)O[C@@H]4O[C@@H]3[C@@H]4O)c2[nH]1,3,0.4333,
O=c1[nH]c(=O)c2ncn([C@@H]3O[C@H](CO)[C@@H](O)[C@H]3O)c2[nH]1,O=c1[nH]c(=O)c2ncn([C@@]3(C(O)O)O[C@@H]4O[C@H]4[C@H]3O)c2[nH]1,3,0.4167,
O=c1[nH]c(=O)c2ncn([C@@H]3O[C@H](CO)[C@@H](O)[C@H]3O)c2[nH]1,O=c1[nH]c(=O)c2nc(C(O)O)n([C@@]34OC[C@@H](O)[C@H]3O4)c2[nH]1,3,0.2836,
O=c1[nH]c(=O)c2ncn([C@@H]3O[C@H](CO)[C@@H](O)[C@H]3O)c2[nH]1,C[C@H]1O[C@@H](n2c[n+](C)c3c(=O)n(C)c(=O)[nH]c32)[C@H](O)[C@@H]1O,3,0.2769,
O=c1[nH]c(=O)c2ncn([C@@H]3O[C@H](CO)[C@@H](O)[C@H]3O)c2[nH]1,CO[C@@H]1[C@H](O)[C@@H](C)O[C@H]1n1c[n+](C)c2c(=O)[nH]c(=O)[nH]c21,3,0.3231,
O=c1[nH]c(=O)c2ncn([C@@H]3O[C@H](CO)[C@@H](O)[C@H]3O)c2[nH]1,C[C@H]1O[C@@H](n2c[n+](C)c3c(=O)[nH]c(=O)n(C)c32)[C@H](O)[C@@H]1O,3,0.2769,
O=c1[nH]c(=O)c2ncn([C@@H]3O[C@H](CO)[C@@H](O)[C@H]3O)c2[nH]1,CO[C@H]1[C@@H](O)[C@H](n2c[n+](C)c3c(=O)[nH]c(=O)[nH]c32)O[C@@H]1C,3,0.3438,
O=c1[nH]c(=O)c2ncn([C@@H]3O[C@H](CO)[C@@H](O)[C@H]3O)c2[nH]1,C[n+]1cn([C@]23O[C@@H]2[C@H](O)[C@@H](CO)O3)c2[nH]c(=O)[nH]c(=O)c21,3,0.3594,
O=c1[nH]c(=O)c2ncn([C@@H]3O[C@H](CO)[C@@H](O)[C@H]3O)c2[nH]1,C[n+]1cn([C@@H]2O[C@H](C=O)[C@@H](O)[C@H]2O)c2[nH]c(=O)[nH]c(=O)c21,2,0.377,
O=c1[nH]c(=O)c2ncn([C@@H]3O[C@H](CO)[C@@H](O)[C@H]3O)c2[nH]1,C[n+]1c2n(c3[nH]c(=O)[nH]c(=O)c31)[C@@H]1O[C@H](CO)[C@@H](O2)[C@H]1O,3,0.4167,
O=c1[nH]c(=O)c2ncn([C@@H]3O[C@H](CO)[C@@H](O)[C@H]3O)c2[nH]1,C[n+]1cn([C@@H]2O[C@]3(CO)O[C@@H]2[C@@H]3O)c2[nH]c(=O)[nH]c(=O)c21,3,0.3281,
O=c1[nH]c(=O)c2ncn([C@@H]3O[C@H](CO)[C@@H](O)[C@H]3O)c2[nH]1,C[n+]1cn([C@]23O[C@@H]([C@H]2O)[C@@H](CO)O3)c2[nH]c(=O)[nH]c(=O)c21,3,0.3438,
O=c1[nH]c(=O)c2ncn([C@@H]3O[C@H](CO)[C@@H](O)[C@H]3O)c2[nH]1,C[n+]1c2n(c3[nH]c(=O)[nH]c(=O)c31)[C@@H]1O[C@H](CO)[C@@H](O)[C@H]1O2,3,0.4407,
O=c1[nH]c(=O)c2ncn([C@@H]3O[C@H](CO)[C@@H](O)[C@H]3O)c2[nH]1,C[n+]1cn([C@@H]2O[C@]3(CO)O[C@H]3[C@H]2O)c2[nH]c(=O)[nH]c(=O)c21,3,0.3492,
O=c1[nH]c(=O)c2ncn([C@@H]3O[C@H](CO)[C@@H](O)[C@H]3O)c2[nH]1,C[n+]1cn([C@@H]2O[C@H](CO)[C@H]3O[C@]32O)c2[nH]c(=O)[nH]c(=O)c21,3,0.375,
O=c1[nH]c(=O)c2ncn([C@@H]3O[C@H](CO)[C@@H](O)[C@H]3O)c2[nH]1,O=c1[nH]c(=O)c2c([nH]1)n1c[n+]2CO[C@H]2[C@@H](O)[C@H]1O[C@@H]2CO,3,0.4667,
O=c1[nH]c(=O)c2ncn([C@@H]3O[C@H](CO)[C@@H](O)[C@H]3O)c2[nH]1,O=c1[nH]c(=O)c2c([nH]1)n1c[n+]2CO[C@@H]2[C@H](O)[C@@H](CO)O[C@H]21,3,0.4667,
O=c1[nH]c(=O)c2ncn([C@@H]3O[C@H](CO)[C@@H](O)[C@H]3O)c2[nH]1,C[n+]1cn([C@@]2(C=O)OC[C@@H](O)[C@H]2O)c2[nH]c(=O)[nH]c(=O)c21,3,0.2464,
O=c1[nH]c(=O)c2ncn([C@@H]3O[C@H](CO)[C@@H](O)[C@H]3O)c2[nH]1,C[n+]1cn([C@@H]2O[C@H](CO)[C@@]3(O)O[C@@H]23)c2[nH]c(=O)[nH]c(=O)c21,3,0.3333,
O=c1[nH]c(=O)c2ncn([C@@H]3O[C@H](CO)[C@@H](O)[C@H]3O)c2[nH]1,NC(O)[C@H]1O[C@@]2(n3cnc4c(=O)[nH]c(=O)[nH]c43)O[C@@H]2[C@@H]1O,3,0.4167,
O=c1[nH]c(=O)c2ncn([C@@H]3O[C@H](CO)[C@@H](O)[C@H]3O)c2[nH]1,NC(O)[C@]12O[C@@H]([C@H](n3cnc4c(=O)[nH]c(=O)[nH]c43)O1)[C@@H]2O,3,0.5088,
O=c1[nH]c(=O)c2ncn([C@@H]3O[C@H](CO)[C@@H](O)[C@H]3O)c2[nH]1,NC(O)[C@]12O[C@@H](n3cnc4c(=O)[nH]c(=O)[nH]c43)[C@H](O)[C@@H]1O2,3,0.5263,
O=c1[nH]c(=O)c2ncn([C@@H]3O[C@H](CO)[C@@H](O)[C@H]3O)c2[nH]1,NC(=O)[C@]1(n2cnc3c(=O)[nH]c(=O)[nH]c32)OC[C@@H](O)[C@H]1O,3,0.3934,
O=c1[nH]c(=O)c2ncn([C@@H]3O[C@H](CO)[C@@H](O)[C@H]3O)c2[nH]1,NC(O)[C@H]1O[C@@H](n2cnc3c(=O)[nH]c(=O)[nH]c32)[C@]2(O)O[C@H]12,3,0.4576,
O=c1[nH]c(=O)c2ncn([C@@H]3O[C@H](CO)[C@@H](O)[C@H]3O)c2[nH]1,NC(O)[C@H]1O[C@@H](n2cnc3c(=O)[nH]c(=O)[nH]c32)[C@@H]2O[C@]12O,3,0.5,
O=c1[nH]c(=O)c2ncn([C@@H]3O[C@H](CO)[C@@H](O)[C@H]3O)c2[nH]1,NC(O)[C@H]1O[C@@]2(n3cnc4c(=O)[nH]c(=O)[nH]c43)O[C@H]1[C@H]2O,3,0.3934,
O=c1[nH]c(=O)c2ncn([C@@H]3O[C@H](CO)[C@@H](O)[C@H]3O)c2[nH]1,NC(=O)[C@H]1O[C@@H](n2cnc3c(=O)[nH]c(=O)[nH]c32)[C@H](O)[C@@H]1O,2,0.66,
O=c1[nH]c(=O)c2ncn([C@@H]3O[C@H](CO)[C@@H](O)[C@H]3O)c2[nH]1,NC(O)[C@H]1O[C@@H]2[C@H](Oc3nc4c(=O)[nH]c(=O)[nH]c4n32)[C@@H]1O,3,0.3548,
O=c1[nH]c(=O)c2ncn([C@@H]3O[C@H](CO)[C@@H](O)[C@H]3O)c2[nH]1,NC(O)[C@H]1O[C@@H]2[C@H](O)[C@@H]1Oc1nc3c(=O)[nH]c(=O)[nH]c3n12,3,0.3548,
O=c1[nH]c(=O)c2ncn([C@@H]3O[C@H](CO)[C@@H](O)[C@H]3O)c2[nH]1,CCO[C@H]1[C@@H](O)[C@H](n2cnc3c(=O)[nH]c(=O)[nH]c32)O[C@@H]1C,3,0.6,
O=c1[nH]c(=O)c2ncn([C@@H]3O[C@H](CO)[C@@H](O)[C@H]3O)c2[nH]1,CO[C@@H]1[C@H](OC)[C@@H](C)O[C@H]1n1cnc2c(=O)[nH]c(=O)[nH]c21,3,0.5185,
O=c1[nH]c(=O)c2ncn([C@@H]3O[C@H](CO)[C@@H](O)[C@H]3O)c2[nH]1,CCO[C@@H]1[C@H](O)[C@@H](C)O[C@H]1n1cnc2c(=O)[nH]c(=O)[nH]c21,3,0.5714,
O=c1[nH]c(=O)c2ncn([C@@H]3O[C@H](CO)[C@@H](O)[C@H]3O)c2[nH]1,C[C@@]1(C=O)O[C@@H](n2cnc3c(=O)[nH]c(=O)[nH]c32)[C@H](O)[C@@H]1O,3,0.5455,
O=c1[nH]c(=O)c2ncn([C@@H]3O[C@H](CO)[C@@H](O)[C@H]3O)c2[nH]1,CO[C@H]1[C@H]2Oc3nc4c(=O)[nH]c(=O)[nH]c4n3[C@@H]2O[C@@H]1CO,3,0.4262,
O=c1[nH]c(=O)c2ncn([C@@H]3O[C@H](CO)[C@@H](O)[C@H]3O)c2[nH]1,Cc1nc2c(=O)[nH]c(=O)[nH]c2n1[C@@H]1O[C@H](C=O)[C@@H](O)[C@H]1O,3,0.3833,
O=c1[nH]c(=O)c2ncn([C@@H]3O[C@H](CO)[C@@H](O)[C@H]3O)c2[nH]1,C[C@H]1O[C@@H](n2cnc3c(=O)[nH]c(=O)[nH]c32)[C@H](O)[C@@H]1OC=O,3,0.5714,
O=c1[nH]c(=O)c2ncn([C@@H]3O[C@H](CO)[C@@H](O)[C@H]3O)c2[nH]1,COC[C@H]1O[C@@]2(n3cnc4c(=O)[nH]c(=O)[nH]c43)O[C@@H]2[C@@H]1O,3,0.4355,
O=c1[nH]c(=O)c2ncn([C@@H]3O[C@H](CO)[C@@H](O)[C@H]3O)c2[nH]1,CO[C@@H]1[C@@H]2O[C@]1(n1cnc3c(=O)[nH]c(=O)[nH]c31)O[C@@H]2CO,3,0.459,
O=c1[nH]c(=O)c2ncn([C@@H]3O[C@H](CO)[C@@H](O)[C@H]3O)c2[nH]1,COC[C@]12O[C@@H](n3cnc4c(=O)[nH]c(=O)[nH]c43)[C@H](O)[C@@H]1O2,3,0.5536,
O=c1[nH]c(=O)c2ncn([C@@H]3O[C@H](CO)[C@@H](O)[C@H]3O)c2[nH]1,COC[C@H]1O[C@@H]2[C@H](Oc3nc4c(=O)[nH]c(=O)[nH]c4n32)[C@@H]1O,3,0.4032,
O=c1[nH]c(=O)c2ncn([C@@H]3O[C@H](CO)[C@@H](O)[C@H]3O)c2[nH]1,COC[C@H]1O[C@@H]2[C@H](O)[C@@H]1Oc1nc3c(=O)[nH]c(=O)[nH]c3n12,3,0.4032,
O=c1[nH]c(=O)c2ncn([C@@H]3O[C@H](CO)[C@@H](O)[C@H]3O)c2[nH]1,CO[C@]12O[C@H]1[C@H](n1cnc3c(=O)[nH]c(=O)[nH]c31)O[C@@H]2CO,3,0.5517,
O=c1[nH]c(=O)c2ncn([C@@H]3O[C@H](CO)[C@@H](O)[C@H]3O)c2[nH]1,O=c1[nH]c(=O)c2ncn([C@@H]3O[C@H](CO)[C@H]4OCO[C@H]43)c2[nH]1,3,0.6863,
O=c1[nH]c(=O)c2ncn([C@@H]3O[C@H](CO)[C@@H](O)[C@H]3O)c2[nH]1,CO[C@H]1[C@H]2O[C@]2(n2cnc3c(=O)[nH]c(=O)[nH]c32)O[C@@H]1CO,3,0.459,
O=c1[nH]c(=O)c2ncn([C@@H]3O[C@H](CO)[C@@H](O)[C@H]3O)c2[nH]1,CO[C@@H]1[C@H](O)[C@@H](C=O)O[C@H]1n1cnc2c(=O)[nH]c(=O)[nH]c21,2,0.5439,
O=c1[nH]c(=O)c2ncn([C@@H]3O[C@H](CO)[C@@H](O)[C@H]3O)c2[nH]1,CO[C@@H]1CO[C@](C=O)(n2cnc3c(=O)[nH]c(=O)[nH]c32)[C@@H]1O,3,0.3692,
O=c1[nH]c(=O)c2ncn([C@@H]3O[C@H](CO)[C@@H](O)[C@H]3O)c2[nH]1,CC(=O)[C@H]1O[C@@H](n2cnc3c(=O)[nH]c(=O)[nH]c32)[C@H](O)[C@@H]1O,3,0.66,
O=c1[nH]c(=O)c2ncn([C@@H]3O[C@H](CO)[C@@H](O)[C@H]3O)c2[nH]1,CO[C@@]12O[C@@H]1[C@@H](CO)O[C@H]2n1cnc2c(=O)[nH]c(=O)[nH]c21,3,0.5614,
O=c1[nH]c(=O)c2ncn([C@@H]3O[C@H](CO)[C@@H](O)[C@H]3O)c2[nH]1,CO[C@H]1[C@H]2O[C@@]1(CO)O[C@H]2n1cnc2c(=O)[nH]c(=O)[nH]c21,3,0.5263,
O=c1[nH]c(=O)c2ncn([C@@H]3O[C@H](CO)[C@@H](O)[C@H]3O)c2[nH]1,COC[C@]12O[C@@H]([C@H](n3cnc4c(=O)[nH]c(=O)[nH]c43)O1)[C@@H]2O,3,0.5263,
O=c1[nH]c(=O)c2ncn([C@@H]3O[C@H](CO)[C@@H](O)[C@H]3O)c2[nH]1,CO[C@H]1[C@@H](O)[C@H](n2cnc3c(=O)[nH]c(=O)[nH]c32)O[C@@H]1C=O,2,0.5714,
O=c1[nH]c(=O)c2ncn([C@@H]3O[C@H](CO)[C@@H](O)[C@H]3O)c2[nH]1,O=C[C@@H]1[C@H](O)[C@@H](CO)O[C@H]1n1cnc2c(=O)[nH]c(=O)[nH]c21,3,0.7755,0.4915
O=c1[nH]c(=O)c2ncn([C@@H]3O[C@H](CO)[C@@H](O)[C@H]3O)c2[nH]1,COC[C@H]1O[C@@H](n2cnc3c(=O)[nH]c(=O)[nH]c32)[C@@H]2O[C@]12O,3,0.5,
O=c1[nH]c(=O)c2ncn([C@@H]3O[C@H](CO)[C@@H](O)[C@H]3O)c2[nH]1,C[C@]1(n2cnc3c(=O)[nH]c(=O)[nH]c32)O[C@H](C=O)[C@@H](O)[C@H]1O,3,0.4167,
O=c1[nH]c(=O)c2ncn([C@@H]3O[C@H](CO)[C@@H](O)[C@H]3O)c2[nH]1,CO[C@H]1[C@H](n2cnc3c(=O)[nH]c(=O)[nH]c32)O[C@]2(CO)O[C@@H]12,3,0.5172,
O=c1[nH]c(=O)c2ncn([C@@H]3O[C@H](CO)[C@@H](O)[C@H]3O)c2[nH]1,COC[C@H]1O[C@@]2(n3cnc4c(=O)[nH]c(=O)[nH]c43)O[C@H]1[C@H]2O,3,0.4194,
O=c1[nH]c(=O)c2ncn([C@@H]3O[C@H](CO)[C@@H](O)[C@H]3O)c2[nH]1,C[C@]1(O)[C@@H](C=O)O[C@@H](n2cnc3c(=O)[nH]c(=O)[nH]c32)[C@@H]1O,3,0.5357,
O=c1[nH]c(=O)c2ncn([C@@H]3O[C@H](CO)[C@@H](O)[C@H]3O)c2[nH]1,COC[C@H]1O[C@@H](n2cnc3c(=O)[nH]c(=O)[nH]c32)[C@]2(O)O[C@H]12,3,0.4833,
O=c1[nH]c(=O)c2ncn([C@@H]3O[C@H](CO)[C@@H](O)[C@H]3O)c2[nH]1,CC(=O)O[C@@H]1[C@H](O)CO[C@H]1n1cnc2c(=O)[nH]c(=O)[nH]c21,3,0.4915,
O=c1[nH]c(=O)c2ncn([C@@H]3O[C@H](CO)[C@@H](O)[C@H]3O)c2[nH]1,O=CC[C@H]1O[C@@H](n2cnc3c(=O)[nH]c(=O)[nH]c32)[C@H](O)[C@@H]1O,3,0.7708,0.5345
O=c1[nH]c(=O)c2ncn([C@@H]3O[C@H](CO)[C@@H](O)[C@H]3O)c2[nH]1,CC(=O)O[C@@H]1CO[C@@H](n2cnc3c(=O)[nH]c(=O)[nH]c32)[C@@H]1O,3,0.5172,
O=c1[nH]c(=O)c2ncn([C@@H]3O[C@H](CO)[C@@H](O)[C@H]3O)c2[nH]1,O=C[C@H]1[C@@H](O)[C@H](n2cnc3c(=O)[nH]c(=O)[nH]c32)O[C@@H]1CO,3,0.7755,0.4746
O=c1[nH]c(=O)c2ncn([C@@H]3O[C@H](CO)[C@@H](O)[C@H]3O)c2[nH]1,CO[C@@H]1[C@@H]2Oc3nc4c(=O)[nH]c(=O)[nH]c4n3[C@@H]1O[C@@H]2CO,3,0.4262,
O=c1[nH]c(=O)c2ncn([C@@H]3O[C@H](CO)[C@@H](O)[C@H]3O)c2[nH]1,C[C@]1(O)[C@H](O)[C@@H](C=O)O[C@H]1n1cnc2c(=O)[nH]c(=O)[nH]c21,3,0.4912,
O=c1[nH]c(=O)c2ncn([C@@H]3O[C@H](CO)[C@@H](O)[C@H]3O)c2[nH]1,C[C@H]1O[C@@H](n2cnc3c(=O)[nH]c(=O)[nH]c32)[C@H](OC=O)[C@@H]1O,3,0.5439,
O=c1[nH]c(=O)c2ncn([C@@H]3O[C@H](CO)[C@@H](O)[C@H]3O)c2[nH]1,CO[C@@H]1[C@H](O)CO[C@]1(C=O)n1cnc2c(=O)[nH]c(=O)[nH]c21,3,0.3692,
O=c1[nH]c(=O)c2ncn([C@@H]3O[C@H](CO)[C@@H](O)[C@H]3O)c2[nH]1,O=C(O)[C@H]1O[C@@]2(n3cnc4c(=O)[nH]c(=O)[nH]c43)O[C@@H]2[C@@H]1O,3,0.4167,
O=c1[nH]c(=O)c2ncn([C@@H]3O[C@H](CO)[C@@H](O)[C@H]3O)c2[nH]1,O=C(O)[C@H]1O[C@@]2(n3cnc4c(=O)[nH]c(=O)[nH]c43)O[C@H]1[C@H]2O,3,0.4,
O=c1[nH]c(=O)c2ncn([C@@H]3O[C@H](CO)[C@@H](O)[C@H]3O)c2[nH]1,O=C(O)[C@]12O[C@@H](n3cnc4c(=O)[nH]c(=O)[nH]c43)[C@H](O)[C@@H]1O2,3,0.5455,
O=c1[nH]c(=O)c2ncn([C@@H]3O[C@H](CO)[C@@H](O)[C@H]3O)c2[nH]1,O=C1O[C@]2(n3cnc4c(=O)[nH]c(=O)[nH]c43)O[C@H]1[C@@H](O)[C@H]2O,3,0.431,
O=c1[nH]c(=O)c2ncn([C@@H]3O[C@H](CO)[C@@H](O)[C@H]3O)c2[nH]1,O=C(O)[C@H]1O[C@@H](n2cnc3c(=O)[nH]c(=O)[nH]c32)[C@@H]2O[C@]12O,3,0.5088,
O=c1[nH]c(=O)c2ncn([C@@H]3O[C@H](CO)[C@@H](O)[C@H]3O)c2[nH]1,O=C(O)[C@H]1O[C@@H]2[C@H](Oc3nc4c(=O)[nH]c(=O)[nH]c4n32)[C@@H]1O,3,0.3607,
O=c1[nH]c(=O)c2ncn([C@@H]3O[C@H](CO)[C@@H](O)[C@H]3O)c2[nH]1,O=C(O)[C@]12O[C@@H]([C@H](n3cnc4c(=O)[nH]c(=O)[nH]c43)O1)[C@@H]2O,3,0.5273,
O=c1[nH]c(=O)c2ncn([C@@H]3O[C@H](CO)[C@@H](O)[C@H]3O)c2[nH]1,O=C(O)[C@H]1O[C@@H]2[C@H](O)[C@@H]1Oc1nc3c(=O)[nH]c(=O)[nH]c3n12,3,0.3607,
O=c1[nH]c(=O)c2ncn([C@@H]3O[C@H](CO)[C@@H](O)[C@H]3O)c2[nH]1,O=C(O)[C@H]1O[C@@H](n2cnc3c(=O)[nH]c(=O)[nH]c32)[C@]2(O)O[C@H]12,3,0.4655,
O=c1[nH]c(=O)c2ncn([C@@H]3O[C@H](CO)[C@@H](O)[C@H]3O)c2[nH]1,CC(=O)[C@@H]1[C@H](O)[C@@H](C)O[C@H]1n1cnc2c(=O)[nH]c(=O)[nH]c21,3,0.5741,
O=c1[nH]c(=O)c2ncn([C@@H]3O[C@H](CO)[C@@H](O)[C@H]3O)c2[nH]1,CC(=O)[C@H]1[C@@H](O)[C@H](n2cnc3c(=O)[nH]c(=O)[nH]c32)O[C@@H]1C,3,0.6038,
O=c1[nH]c(=O)c2ncn([C@@H]3O[C@H](CO)[C@@H](O)[C@H]3O)c2[nH]1,N#CC[C@H]1O[C@@H](n2cnc3c(=O)[nH]c(=O)[nH]c32)[C@H](O)[C@@H]1O,3,0.7551,
O=c1[nH]c(=O)c2ncn([C@@H]3O[C@H](CO)[C@@H](O)[C@H]3O)c2[nH]1,O=c1[nH]c(=O)c2[nH+]cn([C@@H]3O[C@H](CO)[C@@H](O)[C@H]3O)c2[nH]1,2,0.6078,0.4333
O=c1[nH]c(=O)c2ncn([C@@H]3O[C@H](CO)[C@@H](O)[C@H]3O)c2[nH]1,O=c1[nH]c(=O)c2[nH+]cn([C@@]3(CO)OC[C@@H](O)[C@H]3O)c2[nH]1,3,0.2923,
O=c1[nH]c(=O)c2ncn([C@@H]3O[C@H](CO)[C@@H](O)[C@H]3O)c2[nH]1,O=c1[nH]c(=O)c2ncn([C@@H]3OC[C@@H](O)[C@@]3(O)CO)c2[nH]1,3,0.5455,
O=c1[nH]c(=O)c2ncn([C@@H]3O[C@H](CO)[C@@H](O)[C@H]3O)c2[nH]1,O=c1[nH]c(=O)c2ncn([C@@H]3OC(CO)[C@@H](O)[C@H]3O)c2[nH]1,2,1.0,
O=c1[nH]c(=O)c2ncn([C@@H]3O[C@H](CO)[C@@H](O)[C@H]3O)c2[nH]1,O=c1[nH]c(=O)c2nc(CO)n([C@@H]3OC[C@@H](O)[C@H]3O)c2[nH]1,3,0.3833,
O=c1[nH]c(=O)c2ncn([C@@H]3O[C@H](CO)[C@@H](O)[C@H]3O)c2[nH]1,O=c1[nH]c(=O)c2ncn([C@@]3(CO)OC[C@@H](O)[C@H]3O)c2[nH]1,1,0.4483,
O=c1[nH]c(=O)c2ncn([C@@H]3O[C@H](CO)[C@@H](O)[C@H]3O)c2[nH]1,O=c1[nH]c(=O)c2ncn([C@@H]3OC[C@@](O)(CO)[C@H]3O)c2[nH]1,3,0.5741,
O=c1[nH]c(=O)c2ncn([C@@H]3O[C@H](CO)[C@@H](O)[C@H]3O)c2[nH]1,C[n+]1cn([C@@]2(C)OC[C@@H](O)[C@H]2O)c2[nH]c(=O)[nH]c(=O)c21,3,0.2576,
O=c1[nH]c(=O)c2ncn([C@@H]3O[C@H](CO)[C@@H](O)[C@H]3O)c2[nH]1,C[C@H]1O[C@@H](n2c[n+](C)c3c(=O)[nH]c(=O)[nH]c32)[C@H](O)[C@@H]1O,2,0.3966,
O=c1[nH]c(=O)c2ncn([C@@H]3O[C@H](CO)[C@@H](O)[C@H]3O)c2[nH]1,O=C[C@H]1O[C@@H](n2c[nH+]c3c(=O)[nH]c(=O)[nH]c32)[C@H](O)[C@@H]1O,3,0.3898,
O=c1[nH]c(=O)c2ncn([C@@H]3O[C@H](CO)[C@@H](O)[C@H]3O)c2[nH]1,CO[C@@H]1[C@H](O)CO[C@]1(C)n1cnc2c(=O)[nH]c(=O)[nH]c21,3,0.381,
O=c1[nH]c(=O)c2ncn([C@@H]3O[C@H](CO)[C@@H](O)[C@H]3O)c2[nH]1,CO[C@@H]1[C@H](O)[C@@H](C)O[C@H]1n1cnc2c(=O)[nH]c(=O)[nH]c21,2,0.5741,
O=c1[nH]c(=O)c2ncn([C@@H]3O[C@H](CO)[C@@H](O)[C@H]3O)c2[nH]1,CO[C@@H]1CO[C@](C)(n2cnc3c(=O)[nH]c(=O)[nH]c32)[C@@H]1O,3,0.3871,
O=c1[nH]c(=O)c2ncn([C@@H]3O[C@H](CO)[C@@H](O)[C@H]3O)c2[nH]1,CO[C@H]1[C@@H](O)[C@H](n2cnc3c(=O)[nH]c(=O)[nH]c32)O[C@@H]1C,2,0.6038,
O=c1[nH]c(=O)c2ncn([C@@H]3O[C@H](CO)[C@@H](O)[C@H]3O)c2[nH]1,O=c1[nH]c(=O)c2ncn([C@]34O[C@@H]3[C@H](O)[C@@H](CO)O4)c2[nH]1,2,0.5455,
O=c1[nH]c(=O)c2ncn([C@@H]3O[C@H](CO)[C@@H](O)[C@H]3O)c2[nH]1,O=c1[nH]c(=O)c2ncn([C@@H]3O[C@@H]4O[C@H]4[C@@]3(O)CO)c2[nH]1,3,0.5962,
O=c1[nH]c(=O)c2ncn([C@@H]3O[C@H](CO)[C@@H](O)[C@H]3O)c2[nH]1,O=c1[nH]c(=O)c2nc3n(c2[nH]1)[C@@]1(CO)OC[C@@H](O)[C@H]1O3,3,0.3281,
O=c1[nH]c(=O)c2ncn([C@@H]3O[C@H](CO)[C@@H](O)[C@H]3O)c2[nH]1,O=c1[nH]c(=O)c2ncn([C@@H]3O[C@]4(CO)O[C@H]4[C@H]3O)c2[nH]1,2,0.6275,
O=c1[nH]c(=O)c2ncn([C@@H]3O[C@H](CO)[C@@H](O)[C@H]3O)c2[nH]1,O=c1[nH]c(=O)c2ncn([C@@H]3O[C@@H]4C(O)O[C@H]4[C@H]3O)c2[nH]1,3,0.6531,0.4754
O=c1[nH]c(=O)c2ncn([C@@H]3O[C@H](CO)[C@@H](O)[C@H]3O)c2[nH]1,O=c1[nH]c(=O)c2ncn([C@@]34OC[C@@H](O3)[C@@H](O)[C@H]4O)c2[nH]1,3,0.4237,0.3239
O=c1[nH]c(=O)c2ncn([C@@H]3O[C@H](CO)[C@@H](O)[C@H]3O)c2[nH]1,O=c1[nH]c(=O)c2ncn([C@@H]3OC[C@]4(CO)O[C@@]34O)c2[nH]1,3,0.4828,
O=c1[nH]c(=O)c2ncn([C@@H]3O[C@H](CO)[C@@H](O)[C@H]3O)c2[nH]1,O=c1[nH]c(=O)c2ncn([C@@]3(CO)OC4O[C@@H]3[C@@H]4O)c2[nH]1,3,0.4828,
O=c1[nH]c(=O)c2ncn([C@@H]3O[C@H](CO)[C@@H](O)[C@H]3O)c2[nH]1,O=c1[nH]c(=O)c2nc3n(c2[nH]1)[C@@H]1OC[C@@H](O)[C@]1(CO)O3,3,0.3438,
O=c1[nH]c(=O)c2ncn([C@@H]3O[C@H](CO)[C@@H](O)[C@H]3O)c2[nH]1,O=c1[nH]c(=O)c2nc(CO)n([C@@H]3O[C@@H]4O[C@H]4[C@H]3O)c2[nH]1,3,0.4068,
O=c1[nH]c(=O)c2ncn([C@@H]3O[C@H](CO)[C@@H](O)[C@H]3O)c2[nH]1,O=c1[nH]c(=O)c2ncn([C@@H]3O[C@H](CO)[C@H]4O[C@]43O)c2[nH]1,2,0.6038,
O=c1[nH]c(=O)c2ncn([C@@H]3O[C@H](CO)[C@@H](O)[C@H]3O)c2[nH]1,O=c1[nH]c(=O)c2ncn([C@@H]3O[C@@H]4CO[C@@]3(O)[C@@H]4O)c2[nH]1,3,0.5,
O=c1[nH]c(=O)c2ncn([C@@H]3O[C@H](CO)[C@@H](O)[C@H]3O)c2[nH]1,O=c1[nH]c(=O)c2nc3n(c2[nH]1)[C@@H]1OC[C@@H](O3)[C@@]1(O)CO,3,0.3492,
O=c1[nH]c(=O)c2ncn([C@@H]3O[C@H](CO)[C@@H](O)[C@H]3O)c2[nH]1,O=c1[nH]c(=O)c2ncn([C@@H]3O[C@H](CO)[C@@]4(O)O[C@@H]34)c2[nH]1,2,0.5926,
O=c1[nH]c(=O)c2ncn([C@@H]3O[C@H](CO)[C@@H](O)[C@H]3O)c2[nH]1,O=c1[nH]c(=O)c2nc3n(c2[nH]1)[C@@H]1O[C@H](CO)[C@@H](O3)[C@H]1O,2,0.5091,
O=c1[nH]c(=O)c2ncn([C@@H]3O[C@H](CO)[C@@H](O)[C@H]3O)c2[nH]1,O=c1[nH]c(=O)c2nc(CO)n([C@@H]3OC[C@H]4O[C@]43O)c2[nH]1,3,0.3231,
O=c1[nH]c(=O)c2ncn([C@@H]3O[C@H](CO)[C@@H](O)[C@H]3O)c2[nH]1,O=c1[nH]c(=O)c2ncn([C@@]3(CO)O[C@@H]4O[C@@H]3[C@@H]4O)c2[nH]1,3,0.4828,
O=c1[nH]c(=O)c2ncn([C@@H]3O[C@H](CO)[C@@H](O)[C@H]3O)c2[nH]1,O=CC1O[C@@H](n2cnc3c(=O)[nH]c(=O)[nH]c32)[C@H](O)[C@@H]1O,3,0.6735,
O=c1[nH]c(=O)c2ncn([C@@H]3O[C@H](CO)[C@@H](O)[C@H]3O)c2[nH]1,O=c1[nH]c(=O)c2nc3n(c2[nH]1)[C@@H]1OC[C@@](O)(CO)[C@H]1O3,3,0.3281,
O=c1[nH]c(=O)c2ncn([C@@H]3O[C@H](CO)[C@@H](O)[C@H]3O)c2[nH]1,O=CO[C@@H]1CO[C@@H](n2cnc3c(=O)[nH]c(=O)[nH]c32)[C@@H]1O,3,0.5263,
O=c1[nH]c(=O)c2ncn([C@@H]3O[C@H](CO)[C@@H](O)[C@H]3O)c2[nH]1,O=c1[nH]c(=O)c2ncn([C@@H]3O[C@]4(CO)O[C@@H]3[C@@H]4O)c2[nH]1,2,0.5962,
O=c1[nH]c(=O)c2ncn([C@@H]3O[C@H](CO)[C@@H](O)[C@H]3O)c2[nH]1,O=c1[nH]c(=O)c2ncn([C@@]34OC[C@@](O)(CO)[C@H]3O4)c2[nH]1,3,0.4032,
O=c1[nH]c(=O)c2ncn([C@@H]3O[C@H](CO)[C@@H](O)[C@H]3O)c2[nH]1,O=c1[nH]c(=O)c2nc3n(c2[nH]1)[C@@H]1O[C@H](CO3)[C@@H](O)[C@H]1O,3,0.4211,
O=c1[nH]c(=O)c2ncn([C@@H]3O[C@H](CO)[C@@H](O)[C@H]3O)c2[nH]1,O=c1[nH]c(=O)c2nc3n(c2[nH]1)[C@@H]1O[C@H](CO)[C@@H](O)[C@H]1O3,2,0.537,
O=c1[nH]c(=O)c2ncn([C@@H]3O[C@H](CO)[C@@H](O)[C@H]3O)c2[nH]1,O=c1[nH]c(=O)c2ncn([C@@H]3O[C@@H]4C(O)O[C@@H]3[C@@H]4O)c2[nH]1,3,0.62,0.4754
O=c1[nH]c(=O)c2ncn([C@@H]3O[C@H](CO)[C@@H](O)[C@H]3O)c2[nH]1,O=c1[nH]c(=O)c2ncn([C@@H]3O[C@@H]4O[C@]4(CO)[C@H]3O)c2[nH]1,3,0.6038,
O=c1[nH]c(=O)c2ncn([C@@H]3O[C@H](CO)[C@@H](O)[C@H]3O)c2[nH]1,O=c1[nH]c(=O)c2nc(CO)n([C@@H]3O[C@@H]4O[C@@H]3[C@@H]4O)c2[nH]1,3,0.4068,
O=c1[nH]c(=O)c2ncn([C@@H]3O[C@H](CO)[C@@H](O)[C@H]3O)c2[nH]1,O=c1[nH]c(=O)c2ncn([C@]34OC[C@](CO)(O3)[C@H]4O)c2[nH]1,3,0.4262,
O=c1[nH]c(=O)c2ncn([C@@H]3O[C@H](CO)[C@@H](O)[C@H]3O)c2[nH]1,O=c1[nH]c(=O)c2ncn([C@]34O[C@@H]([C@H]3O)[C@@H](CO)O4)c2[nH]1,2,0.5273,
O=c1[nH]c(=O)c2ncn([C@@H]3O[C@H](CO)[C@@H](O)[C@H]3O)c2[nH]1,O=c1[nH]c(=O)c2ncn([C@@H]3OC[C@@]4(O)O[C@]34CO)c2[nH]1,3,0.4828,
O=c1[nH]c(=O)c2ncn([C@@H]3O[C@H](CO)[C@@H](O)[C@H]3O)c2[nH]1,O=CO[C@@H]1[C@H](O)CO[C@H]1n1cnc2c(=O)[nH]c(=O)[nH]c21,3,0.5,
O=c1[nH]c(=O)c2ncn([C@@H]3O[C@H](CO)[C@@H](O)[C@H]3O)c2[nH]1,O=c1[nH]c(=O)c2nc3n(c2[nH]1)[C@@]1(CO)OC[C@@H](O3)[C@H]1O,3,0.3333,
O=c1[nH]c(=O)c2ncn([C@@H]3O[C@H](CO)[C@@H](O)[C@H]3O)c2[nH]1,O=c1[nH]c(=O)c2ncn([C@@]3(CO)OC[C@H]4O[C@]43O)c2[nH]1,3,0.4032,
O=c1[nH]c(=O)c2ncn([C@@H]3O[C@H](CO)[C@@H](O)[C@H]3O)c2[nH]1,O=c1[nH]c(=O)c2ncn([C@@]34OC[C@@H](O)[C@]3(CO)O4)c2[nH]1,3,0.4262,
O=c1[nH]c(=O)c2ncn([C@@H]3O[C@H](CO)[C@@H](O)[C@H]3O)c2[nH]1,O=c1[nH]c(=O)c2nc(CO)n([C@@H]3OC[C@@]4(O)O[C@@H]34)c2[nH]1,3,0.3231,
O=c1[nH]c(=O)c2ncn([C@@H]3O[C@H](CO)[C@@H](O)[C@H]3O)c2[nH]1,O=c1[nH]c(=O)c2ncn([C@@H]3O[C@@]4(CO4)[C@@H](O)[C@H]3O)c2[nH]1,3,0.566,
O=c1[nH]c(=O)c2ncn([C@@H]3O[C@H](CO)[C@@H](O)[C@H]3O)c2[nH]1,O=c1[nH]c(=O)c2ncn([C@@]3(CO)O[C@@H]4O[C@H]4[C@H]3O)c2[nH]1,3,0.4655,
O=c1[nH]c(=O)c2ncn([C@@H]3O[C@H](CO)[C@@H](O)[C@H]3O)c2[nH]1,O=c1[nH]c(=O)c2ncn([C@@]3(CO)OC[C@@]4(O)O[C@H]43)c2[nH]1,3,0.4032,
O=c1[nH]c(=O)c2ncn([C@@H]3O[C@H](CO)[C@@H](O)[C@H]3O)c2[nH]1,O=c1[nH]c(=O)c2ncn([C@@]3(CO)OC4O[C@H]4[C@H]3O)c2[nH]1,3,0.4655,
O=c1[nH]c(=O)c2ncn([C@@H]3O[C@H](CO)[C@@H](O)[C@H]3O)c2[nH]1,O=c1[nH]c(=O)c2ncn([C@@H]3O[C@@H]4CO[C@]4(O)[C@H]3O)c2[nH]1,3,0.5455,
O=c1[nH]c(=O)c2ncn([C@@H]3O[C@H](CO)[C@@H](O)[C@H]3O)c2[nH]1,O=c1[nH]c(=O)c2nc(CO)n([C@@]34OC[C@@H](O)[C@H]3O4)c2[nH]1,3,0.3231,
O=c1[nH]c(=O)c2ncn([C@@H]3O[C@H](CO)[C@@H](O)[C@H]3O)c2[nH]1,O=c1[nH]c(=O)c2nc(CO)n([C@]34OC[C@@H](O3)[C@H]4O)c2[nH]1,3,0.3281,
O=c1[nH]c(=O)c2ncn([C@@H]3O[C@H](CO)[C@@H](O)[C@H]3O)c2[nH]1,O=c1[nH]c(=O)c2nc3n(c2[nH]1)[C@@H]1OC[C@](CO)(O3)[C@H]1O,3,0.371,
O=c1[nH]c(=O)c2ncn([C@@H]3O[C@H](CO)[C@@H](O)[C@H]3O)c2[nH]1,O=c1[nH]c(=O)c2ncn([C@@H]3O[C@@H]4CO[C@@]4(O)[C@H]3O)c2[nH]1,3,0.5455,0.4328
O=c1[nH]c(=O)c2ncn([C@@H]3O[C@H](CO)[C@@H](O)[C@H]3O)c2[nH]1,O=c1[nH]c(=O)c2ncn([C@@H]3O[C@@H]4O[C@@]3(CO)[C@@H]4O)c2[nH]1,3,0.5556,
O=c1[nH]c(=O)c2ncn([C@@H]3O[C@H](CO)[C@@H](O)[C@H]3O)c2[nH]1,O=C[C@H]1O[C@@H](n2cnc3c(=O)[nH]c(=O)[nH]c32)[C@H](O)[C@@H]1O,1,0.6735,
O=c1[nH]c(=O)c2ncn([C@@H]3O[C@H](CO)[C@@H](O)[C@H]3O)c2[nH]1,O=c1[nH]c(=O)c2ncn([C@@H]3OC(C(O)O)=C[C@H]3O)c2[nH]1,3,0.5472,
O=c1[nH]c(=O)c2ncn([C@@H]3O[C@H](CO)[C@@H](O)[C@H]3O)c2[nH]1,O=c1[nH]c(=O)c2ncn([C@@H]3O[C@@H]4CO[C@]3(O)[C@@H]4O)c2[nH]1,3,0.5,0.0217
O=c1[nH]c(=O)c2ncn([C@@H]3O[C@H](CO)[C@@H](O)[C@H]3O)c2[nH]1,O=c1[nH]c(=O)c2ncn([C@]34OC[C@@H](O3)[C@@]4(O)CO)c2[nH]1,3,0.4032,
O=c1[nH]c(=O)c2ncn([C@@H]3O[C@H](CO)[C@@H](O)[C@H]3O)c2[nH]1,O=C[C@]1(n2cnc3c(=O)[nH]c(=O)[nH]c32)OC[C@@H](O)[C@H]1O,2,0.4,
O=c1[nH]c(=O)c2ncn([C@@H]3O[C@H](CO)[C@@H](O)[C@H]3O)c2[nH]1,O=c1[nH]c(=O)c2ncn([C@@H]3O[C@@H]4O[C@@H]3[C@]4(O)CO)c2[nH]1,3,0.6154,
O=c1[nH]c(=O)c2ncn([C@@H]3O[C@H](CO)[C@@H](O)[C@H]3O)c2[nH]1,O=C1O[C@H]2[C@@H](O)[C@H](n3cnc4c(=O)[nH]c(=O)[nH]c43)O[C@H]12,3,0.6735,
O=c1[nH]c(=O)c2ncn([C@@H]3O[C@H](CO)[C@@H](O)[C@H]3O)c2[nH]1,O=C[C@H]1O[C@@H](n2cnc3c(=O)[nH]c(=O)[nH]c32)[C@@H]2O[C@]12O,3,0.5088,
O=c1[nH]c(=O)c2ncn([C@@H]3O[C@H](CO)[C@@H](O)[C@H]3O)c2[nH]1,O=C[C@H]1O[C@@]2(n3cnc4c(=O)[nH]c(=O)[nH]c43)O[C@H]1[C@H]2O,3,0.4,
O=c1[nH]c(=O)c2ncn([C@@H]3O[C@H](CO)[C@@H](O)[C@H]3O)c2[nH]1,O=C[C@H]1O[C@@H](n2cnc3c(=O)[nH]c(=O)[nH]c32)[C@]2(O)O[C@H]12,3,0.4655,
O=c1[nH]c(=O)c2ncn([C@@H]3O[C@H](CO)[C@@H](O)[C@H]3O)c2[nH]1,O=C[C@H]1O[C@@H]2[C@H](O)[C@@H]1Oc1nc3c(=O)[nH]c(=O)[nH]c3n12,3,0.3607,
O=c1[nH]c(=O)c2ncn([C@@H]3O[C@H](CO)[C@@H](O)[C@H]3O)c2[nH]1,O=C[C@]12O[C@@H]([C@H](n3cnc4c(=O)[nH]c(=O)[nH]c43)O1)[C@@H]2O,3,0.5273,
O=c1[nH]c(=O)c2ncn([C@@H]3O[C@H](CO)[C@@H](O)[C@H]3O)c2[nH]1,O=C[C@H]1O[C@@]2(n3cnc4c(=O)[nH]c(=O)[nH]c43)O[C@@H]2[C@@H]1O,3,0.4167,
O=c1[nH]c(=O)c2ncn([C@@H]3O[C@H](CO)[C@@H](O)[C@H]3O)c2[nH]1,O=C[C@]12O[C@@H](n3cnc4c(=O)[nH]c(=O)[nH]c43)[C@H](O)[C@@H]1O2,3,0.5741,
O=c1[nH]c(=O)c2ncn([C@@H]3O[C@H](CO)[C@@H](O)[C@H]3O)c2[nH]1,O=C1O[C@@H]2[C@H](O)[C@@H]1O[C@H]2n1cnc2c(=O)[nH]c(=O)[nH]c21,3,0.64,
O=c1[nH]c(=O)c2ncn([C@@H]3O[C@H](CO)[C@@H](O)[C@H]3O)c2[nH]1,O=C[C@H]1O[C@@H]2[C@H](Oc3nc4c(=O)[nH]c(=O)[nH]c4n32)[C@@H]1O,3,0.3607,
O=c1[nH]c(=O)c2ncn([C@@H]3O[C@H](CO)[C@@H](O)[C@H]3O)c2[nH]1,O=C1NC2=NC(=O)[C@H]3O[C@H]([C@H](O)[C@@H]3O)n3cnc2c3N1,3,0.3226,
O=c1[nH]c(=O)c2ncn([C@@H]3O[C@H](CO)[C@@H](O)[C@H]3O)c2[nH]1,O=C1NC2=NC(=O)[C@H]3O[C@H]([C@H](O)[C@@H]3O)n3cnc1c3N2,3,0.3226,
O=c1[nH]c(=O)c2ncn([C@@H]3O[C@H](CO)[C@@H](O)[C@H]3O)c2[nH]1,C[n+]1cn([C@@H]2OC[C@@H](O)[C@H]2O)c2[nH]c(=O)[nH]c(=O)c21,3,0.3226,
O=c1[nH]c(=O)c2ncn([C@@H]3O[C@H](CO)[C@@H](O)[C@H]3O)c2[nH]1,C[C@H]1O[C@@H](n2c[nH+]c3c(=O)[nH]c(=O)[nH]c32)[C@H](O)[C@@H]1O,3,0.4035,
O=c1[nH]c(=O)c2ncn([C@@H]3O[C@H](CO)[C@@H](O)[C@H]3O)c2[nH]1,CO[C@@H]1CO[C@@H](n2cnc3c(=O)[nH]c(=O)[nH]c32)[C@@H]1O,3,0.5455,
O=c1[nH]c(=O)c2ncn([C@@H]3O[C@H](CO)[C@@H](O)[C@H]3O)c2[nH]1,CO[C@@H]1[C@H](O)CO[C@H]1n1cnc2c(=O)[nH]c(=O)[nH]c21,3,0.5179,
O=c1[nH]c(=O)c2ncn([C@@H]3O[C@H](CO)[C@@H](O)[C@H]3O)c2[nH]1,C[C@H]1O[C@@H](n2cnc3c(=O)[nH]c(=O)[nH]c32)[C@H](O)[C@@H]1O,1,0.7021,
O=c1[nH]c(=O)c2ncn([C@@H]3O[C@H](CO)[C@@H](O)[C@H]3O)c2[nH]1,CC1O[C@@H](n2cnc3c(=O)[nH]c(=O)[nH]c32)[C@H](O)[C@@H]1O,3,0.7021,
O=c1[nH]c(=O)c2ncn([C@@H]3O[C@H](CO)[C@@H](O)[C@H]3O)c2[nH]1,C[C@]1(n2cnc3c(=O)[nH]c(=O)[nH]c32)OC[C@@H](O)[C@H]1O,2,0.4138,
O=c1[nH]c(=O)c2ncn([C@@H]3O[C@H](CO)[C@@H](O)[C@H]3O)c2[nH]1,O=c1[nH]c(=O)c2ncn([C@@H]3OC(CO)=C[C@H]3O)c2[nH]1,3,0.6078,
O=c1[nH]c(=O)c2ncn([C@@H]3O[C@H](CO)[C@@H](O)[C@H]3O)c2[nH]1,C[C@H]1O[C@@H]2[C@H](O)[C@@H]1Oc1nc3c(=O)[nH]c(=O)[nH]c3n12,3,0.3729,
O=c1[nH]c(=O)c2ncn([C@@H]3O[C@H](CO)[C@@H](O)[C@H]3O)c2[nH]1,C[C@H]1O[C@@H]2[C@H](Oc3nc4c(=O)[nH]c(=O)[nH]c4n32)[C@@H]1O,3,0.3729,
O=c1[nH]c(=O)c2ncn([C@@H]3O[C@H](CO)[C@@H](O)[C@H]3O)c2[nH]1,O=c1[nH]c(=O)c2ncn([C@@H]3O[C@@H]4CO[C@H]4[C@H]3O)c2[nH]1,3,0.6275,0.5077
O=c1[nH]c(=O)c2ncn([C@@H]3O[C@H](CO)[C@@H](O)[C@H]3O)c2[nH]1,C[C@H]1O[C@@H](n2cnc3c(=O)[nH]c(=O)[nH]c32)[C@@H]2O[C@]12O,3,0.5273,
O=c1[nH]c(=O)c2ncn([C@@H]3O[C@H](CO)[C@@H](O)[C@H]3O)c2[nH]1,C[C@H]1O[C@@]2(n3cnc4c(=O)[nH]c(=O)[nH]c43)O[C@@H]2[C@@H]1O,3,0.431,
O=c1[nH]c(=O)c2ncn([C@@H]3O[C@H](CO)[C@@H](O)[C@H]3O)c2[nH]1,O=c1[nH]c(=O)c2ncn([C@@H]3O[C@H](CO)[C@H]4O[C@H]43)c2[nH]1,3,0.7447,0.5556
O=c1[nH]c(=O)c2ncn([C@@H]3O[C@H](CO)[C@@H](O)[C@H]3O)c2[nH]1,O=c1[nH]c(=O)c2ncn([C@@H]3O[C@@H]4CO[C@@H]3[C@@H]4O)c2[nH]1,3,0.5849,0.5
O=c1[nH]c(=O)c2ncn([C@@H]3O[C@H](CO)[C@@H](O)[C@H]3O)c2[nH]1,C[C@H]1O[C@@H](n2cnc3c(=O)[nH]c(=O)[nH]c32)[C@]2(O)O[C@H]12,3,0.4821,
O=c1[nH]c(=O)c2ncn([C@@H]3O[C@H](CO)[C@@H](O)[C@H]3O)c2[nH]1,C[C@]12O[C@@H]([C@H](n3cnc4c(=O)[nH]c(=O)[nH]c43)O1)[C@@H]2O,3,0.5472,
O=c1[nH]c(=O)c2ncn([C@@H]3O[C@H](CO)[C@@H](O)[C@H]3O)c2[nH]1,C[C@H]1O[C@@]2(n3cnc4c(=O)[nH]c(=O)[nH]c43)O[C@H]1[C@H]2O,3,0.4138,
O=c1[nH]c(=O)c2ncn([C@@H]3O[C@H](CO)[C@@H](O)[C@H]3O)c2[nH]1,C[C@]12O[C@@H](n3cnc4c(=O)[nH]c(=O)[nH]c43)[C@H](O)[C@@H]1O2,3,0.566,
O=c1[nH]c(=O)c2ncn([C@@H]3O[C@H](CO)[C@@H](O)[C@H]3O)c2[nH]1,O=c1[nH]c(=O)c2ncn([C@@H]3OC[C@@H](O)[C@H]3O)c2[nH]1,2,0.6,
O=c1[nH]c(=O)c2ncn([C@@H]3O[C@H](CO)[C@@H](O)[C@H]3O)c2[nH]1,O=C(O)CC(=O)O,3,0.0638,
O=c1[nH]c(=O)c2ncn([C@@H]3O[C@H](CO)[C@@H](O)[C@H]3O)c2[nH]1,CC(O)(O)C#N,3,0.0196,
O=c1[nH]c(=O)c2ncn([C@@H]3O[C@H](CO)[C@@H](O)[C@H]3O)c2[nH]1,OCC(O)O,3,0.0652,
O=c1[nH]c(=O)c2ncn([C@@H]3O[C@H](CO)[C@@H](O)[C@H]3O)c2[nH]1,O=C(O)CO,3,0.087,
O=c1[nH]c(=O)c2ncn([C@@H]3O[C@H](CO)[C@@H](O)[C@H]3O)c2[nH]1,COC(=O)O,3,0.0408,
O=c1[nH]c(=O)c2ncn([C@@H]3O[C@H](CO)[C@@H](O)[C@H]3O)c2[nH]1,N#CC(=O)O,3,0.0408,
O=c1[nH]c(=O)c2ncn([C@@H]3O[C@H](CO)[C@@H](O)[C@H]3O)c2[nH]1,CC(O)O,3,0.0217,
O=c1[nH]c(=O)c2ncn([C@@H]3O[C@H](CO)[C@@H](O)[C@H]3O)c2[nH]1,CC(N)O,3,0.0208,
O=c1[nH]c(=O)c2ncn([C@@H]3O[C@H](CO)[C@@H](O)[C@H]3O)c2[nH]1,CC(N)=O,3,0.0426,
O=c1[nH]c(=O)c2ncn([C@@H]3O[C@H](CO)[C@@H](O)[C@H]3O)c2[nH]1,N#CC=O,3,0.0204,
O=c1[nH]c(=O)c2ncn([C@@H]3O[C@H](CO)[C@@H](O)[C@H]3O)c2[nH]1,CCO,3,0.0682,
O=c1[nH]c(=O)c2ncn([C@@H]3O[C@H](CO)[C@@H](O)[C@H]3O)c2[nH]1,O=CO,3,0.0444,
