starter_Canonical_SMILES,Canonical_SMILES,generationSteps,DerivativeSimScore,NonDerivativeSimScore
NC1=CC(=O)O/C1=C/C=O,NC(=CC(=O)Cl)C(=O)CC(=O)C(N)=CC(=O)Cl,3,0.0769,
NC1=CC(=O)O/C1=C/C=O,NC(=CC(=O)Cl)C(C(=O)Cl)=C(N)C(=O)CC=O,3,0.0851,
NC1=CC(=O)O/C1=C/C=O,NC(=CC(=O)Cl)C(=O)C(C=O)C(N)=CC(=O)Cl,3,0.0909,
NC1=CC(=O)O/C1=C/C=O,NC(=CC(=O)Cl)C(=O)C(C=O)C(=O)Cl,3,0.093,
NC1=CC(=O)O/C1=C/C=O,NC(=CC(=O)Cl)C(=O)CC(=O)C(=O)Cl,3,0.0714,
NC1=CC(=O)O/C1=C/C=O,NC(C(=O)CC=O)=C(C(=O)Cl)C(=O)Cl,3,0.0976,
NC1=CC(=O)O/C1=C/C=O,NC1=CC(O)OC1=C(C(=O)Cl)C(=O)Cl,3,0.1951,
NC1=CC(=O)O/C1=C/C=O,NC1=C(C(=O)Cl)C(O)O/C1=C/C(=O)Cl,3,0.1628,
NC1=CC(=O)O/C1=C/C=O,NC1=CC(O)(C(=O)Cl)O/C1=C/C(=O)Cl,3,0.2093,
NC1=CC(=O)O/C1=C/C=O,NC1=CC(=O)OC1=C(C(=O)Cl)C(=O)Cl,3,0.3824,
NC1=CC(=O)O/C1=C/C=O,NC1=C(C(=O)Cl)C(=O)O/C1=C/C(=O)Cl,3,0.2195,
NC1=CC(=O)O/C1=C/C=O,N#CC(Cl)/C(C(=O)O)=C1/OC(=O)C=C1N,3,0.3023,
NC1=CC(=O)O/C1=C/C=O,N#CC(Cl)(/C=C1/OC(=O)C=C1N)C(=O)O,3,0.4146,
NC1=CC(=O)O/C1=C/C=O,CC(Cl)(C#N)NC1=CC(=O)O/C1=C/C=O,3,0.4146,
NC1=CC(=O)O/C1=C/C=O,CC(=O)NC1=CC(=O)O/C1=C/C(Cl)C#N,3,0.25,
NC1=CC(=O)O/C1=C/C=O,NC1=C(CCl)C(=O)O/C1=C(\O)CCl,3,0.1905,
NC1=CC(=O)O/C1=C/C=O,NC1=CC(=O)O/C1=C(\O)C(Cl)CCl,3,0.3333,
NC1=CC(=O)O/C1=C/C=O,NC(=O)NC(=CC(=O)Cl)C(=O)CC=O,3,0.087,
NC1=CC(=O)O/C1=C/C=O,CC(=O)NC1=CC(O)O/C1=C/C(=O)Cl,3,0.125,
NC1=CC(=O)O/C1=C/C=O,CC(=O)NC1=CC(=O)O/C1=C(\Cl)CO,3,0.25,
NC1=CC(=O)O/C1=C/C=O,CC(=O)OC1C=C(N)/C(=C\C(=O)Cl)O1,3,0.1915,
NC1=CC(=O)O/C1=C/C=O,CC(=O)NC(=CC(=O)Cl)C(=O)CC=O,3,0.0638,
NC1=CC(=O)O/C1=C/C=O,CC(=O)NC1=CC(O)O/C1=C(\Cl)C=O,3,0.1429,
NC1=CC(=O)O/C1=C/C=O,CC(=O)OC1C=C(N)/C(=C(/Cl)C=O)O1,3,0.2128,
NC1=CC(=O)O/C1=C/C=O,NC(=CC(=O)Cl)C(=O)C(C=O)CC=O,3,0.087,
NC1=CC(=O)O/C1=C/C=O,CC(=O)O/C(CCl)=C1\OC(=O)C=C1N,3,0.3171,
NC1=CC(=O)O/C1=C/C=O,CC(=O)OC/C(Cl)=C1/OC(=O)C=C1N,3,0.3415,
NC1=CC(=O)O/C1=C/C=O,NC(=CC(=O)Cl)C(=O)CC(=O)CC=O,3,0.0889,
NC1=CC(=O)O/C1=C/C=O,NC(C(=O)CC=O)=C(CC=O)C(=O)Cl,3,0.0952,
NC1=CC(=O)O/C1=C/C=O,CC(=O)NC1=CC(=O)O/C1=C(\O)CCl,3,0.2222,
NC1=CC(=O)O/C1=C/C=O,CC(=O)NC1=CC(=O)O/C1=C/C(=O)Cl,3,0.2857,
NC1=CC(=O)O/C1=C/C=O,CC(=O)NC1=CC(=O)O/C1=C(\Cl)C=O,3,0.2791,
NC1=CC(=O)O/C1=C/C=O,NC(=CCO)C(=O)CC(=O)C(N)=CCO,3,0.0789,
NC1=CC(=O)O/C1=C/C=O,NC(=CC(O)C(N)=CCO)C(=O)CC=O,3,0.1064,
NC1=CC(=O)O/C1=C/C=O,NC(=CCO)C(=O)C(C=O)C(N)=CCO,3,0.0909,
NC1=CC(=O)O/C1=C/C=O,NC(=CCO)C(CO)=C(N)C(=O)CC=O,3,0.087,
NC1=CC(=O)O/C1=C/C=O,N#CC(Cl)C(=O)/C=C1/OC(=O)C=C1N,3,0.425,
NC1=CC(=O)O/C1=C/C=O,N#CC(Cl)C1=C(N)/C(=C\C=O)OC1=O,3,0.3415,
NC1=CC(=O)O/C1=C/C=O,N#CC(Cl)(C=O)/C=C1/OC(=O)C=C1N,3,0.4865,
NC1=CC(=O)O/C1=C/C=O,N#CC(Cl)C(C=O)=C1OC(=O)C=C1N,3,0.375,
NC1=CC(=O)O/C1=C/C=O,N#CC(Cl)/C=C1/OC(=O)C(C=O)=C1N,3,0.2222,
NC1=CC(=O)O/C1=C/C=O,CC(=O)C(C(C)=O)C1(N)OC(=O)C=C1N,3,0.2143,
NC1=CC(=O)O/C1=C/C=O,CC(=O)C(N)=CC(C(=O)O)=C(N)C(C)=O,3,0.0976,
NC1=CC(=O)O/C1=C/C=O,CC(=O)CC(=O)CC1(N)OC(=O)C=C1N,3,0.1957,
NC1=CC(=O)O/C1=C/C=O,CC(=O)N(C)C1=CC(=O)OC1(N)CC=O,3,0.2083,
NC1=CC(=O)O/C1=C/C=O,CC(=O)N(C)C1(CC=O)OC(=O)C=C1N,3,0.234,
NC1=CC(=O)O/C1=C/C=O,CC(=O)NC1=CC(=O)OC1(N)C(C)C=O,3,0.2083,
NC1=CC(=O)O/C1=C/C=O,CCC(=O)NC1(CC=O)OC(=O)C=C1N,3,0.2292,
NC1=CC(=O)O/C1=C/C=O,CC(=O)NC1(C(C)C=O)OC(=O)C=C1N,3,0.234,
NC1=CC(=O)O/C1=C/C=O,CC(=O)NC1(CC=O)OC(=O)C(C)=C1N,3,0.1633,
NC1=CC(=O)O/C1=C/C=O,CCC(=O)NC1=CC(=O)OC1(N)CC=O,3,0.2041,
NC1=CC(=O)O/C1=C/C=O,CC(=O)CC1(N)OC(=O)C(C(C)=O)=C1N,3,0.1304,
NC1=CC(=O)O/C1=C/C=O,CC(=O)CC1(N)OC(=O)C=C1NC(C)=O,3,0.1702,
NC1=CC(=O)O/C1=C/C=O,CC(=O)CC1(NC(C)=O)OC(=O)C=C1N,3,0.1957,
NC1=CC(=O)O/C1=C/C=O,CC(=O)C(N)=CCC(=O)C(N)=CC(=O)O,3,0.0667,
NC1=CC(=O)O/C1=C/C=O,CC(=O)NC1=C(C)C(=O)OC1(N)CC=O,3,0.14,
NC1=CC(=O)O/C1=C/C=O,CC(O)OC(C#N)/C=C1/OC(=O)C=C1N,3,0.3953,
NC1=CC(=O)O/C1=C/C=O,CC(=O)OC(C#N)CC1OC(=O)C=C1N,3,0.1731,
NC1=CC(=O)O/C1=C/C=O,NC(=CC=O)C(=O)C(C=O)C(N)=CC=O,3,0.122,
NC1=CC(=O)O/C1=C/C=O,NC(=CC=O)C(=O)CC(=O)C(N)=CC=O,3,0.1389,
NC1=CC(=O)O/C1=C/C=O,CC(=O)NC1=CC(=O)OC1=C(C=O)CN,3,0.2889,
NC1=CC(=O)O/C1=C/C=O,NC(CC=O)NC1=CC(=O)O/C1=C/C=O,3,0.4615,
NC1=CC(=O)O/C1=C/C=O,CC(N)NC1=CC(=O)OC1=C(C=O)C=O,3,0.3095,
NC1=CC(=O)O/C1=C/C=O,CC(=O)NC(C=O)/C=C1/OC(=O)C=C1N,3,0.45,
NC1=CC(=O)O/C1=C/C=O,CC(O)(C#N)NC1=CC(=O)O/C1=C/CO,3,0.25,
NC1=CC(=O)O/C1=C/C=O,CC(O)(C#N)NC1=CC(=O)OC1CC=O,3,0.1731,
NC1=CC(=O)O/C1=C/C=O,CC(=O)NCC(=O)/C=C1/OC(=O)C=C1N,3,0.425,
NC1=CC(=O)O/C1=C/C=O,CC(=O)NC1=C(C=O)C(=O)O/C1=C/CN,3,0.1875,
NC1=CC(=O)O/C1=C/C=O,COC(C#N)(/C=C1/OC(=O)C=C1N)OC,3,0.4359,
NC1=CC(=O)O/C1=C/C=O,CC(=O)NCC(C=O)=C1OC(=O)C=C1N,3,0.3571,
NC1=CC(=O)O/C1=C/C=O,CC(O)NC1=CC(=O)O/C1=C/C(O)C#N,3,0.2609,
NC1=CC(=O)O/C1=C/C=O,CC(=O)NC/C=C1/OC(=O)C(C=O)=C1N,3,0.2128,
NC1=CC(=O)O/C1=C/C=O,CC(N)NC1=C(C=O)C(=O)O/C1=C/C=O,3,0.3095,
NC1=CC(=O)O/C1=C/C=O,CC(N)NC1=CC(=O)O/C1=C/C(=O)C=O,3,0.3182,
NC1=CC(=O)O/C1=C/C=O,CC(N)(C=O)NC1=CC(=O)O/C1=C/C=O,3,0.4737,
NC1=CC(=O)O/C1=C/C=O,CC(=O)NC1=CC(=O)O/C1=C/C(N)C=O,3,0.3256,
NC1=CC(=O)O/C1=C/C=O,CC(=O)NC1=CC(=O)O/C1=C/C(=O)CN,3,0.2955,
NC1=CC(=O)O/C1=C/C=O,NC(=CC=O)C(=O)C=C(N)C(=O)CC=O,3,0.1163,
NC1=CC(=O)O/C1=C/C=O,CC(=O)NC1=CC(=O)OC1CC(O)C#N,3,0.1321,
NC1=CC(=O)O/C1=C/C=O,NC(=CC=O)C(C=O)=C(N)C(=O)CC=O,3,0.1136,
NC1=CC(=O)O/C1=C/C=O,CC(O)(C#N)OC/C=C1/OC(=O)C=C1N,3,0.3864,
NC1=CC(=O)O/C1=C/C=O,COC(C#N)C1=C(N)/C(=C\C=O)OC1=O,3,0.3182,
NC1=CC(=O)O/C1=C/C=O,C=C1OC(=O)C(C(C#N)OC(C)=O)=C1N,3,0.1373,
NC1=CC(=O)O/C1=C/C=O,N#CC(C(=O)CC=O)=C(N)C(=O)CC=O,3,0.093,
NC1=CC(=O)O/C1=C/C=O,C/C(C=O)=C1\OC(=O)C(C(O)C#N)=C1N,3,0.2128,
NC1=CC(=O)O/C1=C/C=O,CC(O)(C#N)/C=C1/OC(=O)C(C=O)=C1N,3,0.2128,
NC1=CC(=O)O/C1=C/C=O,CC(O)NC1=C(C#N)C(=O)O/C1=C/C=O,3,0.2667,
NC1=CC(=O)O/C1=C/C=O,CC(O)(C#N)NC1=CC(=O)O/C1=C/C=O,2,0.4048,
NC1=CC(=O)O/C1=C/C=O,CC(=O)NC1=CC(=O)O/C1=C(\C#N)CO,3,0.2083,
NC1=CC(=O)O/C1=C/C=O,CC(=O)OC(C#N)/C=C1/OC(=O)C=C1N,2,0.4286,
NC1=CC(=O)O/C1=C/C=O,CC(O)(C#N)C(=O)/C=C1/OC(=O)C=C1N,3,0.4146,
NC1=CC(=O)O/C1=C/C=O,C=C1OC(=O)C=C1NC(O)(C#N)CC=O,3,0.2292,
NC1=CC(=O)O/C1=C/C=O,N#CC(O)/C(CC=O)=C1/OC(=O)C=C1N,3,0.3488,
NC1=CC(=O)O/C1=C/C=O,CC(C#N)(/C=C1/OC(=O)C=C1N)OC=O,3,0.439,
NC1=CC(=O)O/C1=C/C=O,C/C(=C1\OC(=O)C=C1NC=O)C(O)C#N,3,0.2609,
NC1=CC(=O)O/C1=C/C=O,COC(C#N)C(=O)/C=C1/OC(=O)C=C1N,3,0.3953,
NC1=CC(=O)O/C1=C/C=O,CC(=O)/C=C1/OC(=O)C=C1NC(O)C#N,3,0.2553,
NC1=CC(=O)O/C1=C/C=O,CC(O)(C#N)C(C=O)=C1OC(=O)C=C1N,3,0.3902,
NC1=CC(=O)O/C1=C/C=O,C/C(=C1\OC(=O)C=C1N)C(O)(C#N)C=O,3,0.3571,
NC1=CC(=O)O/C1=C/C=O,C/C(=C1\OC(=O)C(C=O)=C1N)C(O)C#N,3,0.2128,
NC1=CC(=O)O/C1=C/C=O,CC1(C#N)NC2=C(O1)C(=O)O/C2=C/CO,3,0.1321,
NC1=CC(=O)O/C1=C/C=O,N#CC1(NC2=CC(=O)O/C2=C/CO)CO1,3,0.2449,
NC1=CC(=O)O/C1=C/C=O,CC(O)(C#N)/C=C1/OC(=O)C=C1NC=O,3,0.2889,
NC1=CC(=O)O/C1=C/C=O,CC(=O)NC1=C(C#N)C(=O)O/C1=C/CO,3,0.1633,
NC1=CC(=O)O/C1=C/C=O,CC(=O)OC/C=C1/OC(=O)C(C#N)=C1N,3,0.2041,
NC1=CC(=O)O/C1=C/C=O,COC(C#N)/C=C1/OC(=O)C(C=O)=C1N,3,0.2083,
NC1=CC(=O)O/C1=C/C=O,CC(O)(C#N)C1=C(N)/C(=C\C=O)OC1=O,3,0.3256,
NC1=CC(=O)O/C1=C/C=O,CC1=C(NC(O)C#N)/C(=C\C=O)OC1=O,3,0.2609,
NC1=CC(=O)O/C1=C/C=O,CC(O)NC1=CC(=O)O/C1=C/C(=O)C#N,3,0.2553,
NC1=CC(=O)O/C1=C/C=O,N#CCC(=O)OC/C=C1/OC(=O)C=C1N,3,0.3953,
NC1=CC(=O)O/C1=C/C=O,COC(C#N)C(C=O)=C1OC(=O)C=C1N,3,0.3488,
NC1=CC(=O)O/C1=C/C=O,N#CC=C(N)C(=O)C(C=O)C(=O)CC=O,3,0.0816,
NC1=CC(=O)O/C1=C/C=O,CC(=O)NC1=CC(=O)O/C1=C/C(O)C#N,2,0.2553,
NC1=CC(=O)O/C1=C/C=O,COC(C#N)(C=O)/C=C1/OC(=O)C=C1N,3,0.439,
NC1=CC(=O)O/C1=C/C=O,C/C(C(=O)C(O)C#N)=C1\OC(=O)C=C1N,3,0.3023,
NC1=CC(=O)O/C1=C/C=O,CC(=O)OC/C(C#N)=C1/OC(=O)C=C1N,3,0.2889,
NC1=CC(=O)O/C1=C/C=O,CC1=C(N)/C(=C\C(C#N)OC=O)OC1=O,3,0.2083,
NC1=CC(=O)O/C1=C/C=O,C=C1OC(=O)C(C=O)=C1NC(C)(O)C#N,3,0.14,
NC1=CC(=O)O/C1=C/C=O,C/C(=C1\OC(=O)C=C1N)C(C#N)OC=O,3,0.3409,
NC1=CC(=O)O/C1=C/C=O,CC(O)NC1=CC(=O)O/C1=C1\OC1C#N,3,0.1765,
NC1=CC(=O)O/C1=C/C=O,C=C1OC(=O)C=C1NC(=O)CC(O)C#N,3,0.18,
NC1=CC(=O)O/C1=C/C=O,CC(=O)C(=C1OC(=O)C=C1N)C(O)C#N,3,0.3023,
NC1=CC(=O)O/C1=C/C=O,N#CC(O)C/C(C=O)=C1\OC(=O)C=C1N,3,0.3488,
NC1=CC(=O)O/C1=C/C=O,CC(=O)/C=C1/OC(=O)C(C(O)C#N)=C1N,3,0.1875,
NC1=CC(=O)O/C1=C/C=O,CC(O)NC1=C2OC(C#N)C=C1OC2=O,3,0.1111,
NC1=CC(=O)O/C1=C/C=O,C=C1OC(=O)C(C(O)C#N)=C1NC(C)=O,3,0.0962,
NC1=CC(=O)O/C1=C/C=O,N#CCC(O)NC1=CC(=O)O/C1=C/C=O,3,0.3953,
NC1=CC(=O)O/C1=C/C=O,C/C(C=O)=C1\OC(=O)C=C1NC(O)C#N,3,0.2553,
NC1=CC(=O)O/C1=C/C=O,N#CCOC(=O)CC=C1OC(=O)C=C1N,3,0.3953,
NC1=CC(=O)O/C1=C/C=O,CC(=O)C(O)(C#N)/C=C1/OC(=O)C=C1N,3,0.4146,
NC1=CC(=O)O/C1=C/C=O,N#CC1/C=C2/OC(=O)C=C2NC(O)CO1,3,0.1765,
NC1=CC(=O)O/C1=C/C=O,CC(O)NC1=CC(=O)O/C1=C(\C#N)C=O,3,0.2553,
NC1=CC(=O)O/C1=C/C=O,N#CC=C(N)C(=O)CC(=O)C(=O)CC=O,3,0.087,
NC1=CC(=O)O/C1=C/C=O,CC1=C(NC=O)/C(=C\C(O)C#N)OC1=O,3,0.1633,
NC1=CC(=O)O/C1=C/C=O,CC1(C#N)NC2=CC(=O)OC2=C(CO)O1,3,0.1765,
NC1=CC(=O)O/C1=C/C=O,N#CCC(=O)NC1=CC(=O)O/C1=C/CO,3,0.2826,
NC1=CC(=O)O/C1=C/C=O,NC1=CC(=O)OC1=C(CCl)CCl,3,0.3824,
NC1=CC(=O)O/C1=C/C=O,NC1=CC(=O)O/C1=C/C(Cl)CCl,3,0.4857,
NC1=CC(=O)O/C1=C/C=O,NC1=C(CCl)C(=O)O/C1=C/CCl,3,0.225,
NC1=CC(=O)O/C1=C/C=O,CC(=O)NC1=CC(=O)O/C1=C/C(=O)C#N,3,0.2667,
NC1=CC(=O)O/C1=C/C=O,CC(O)(C#N)NC1=CC(=O)OC1=C=C=O,3,0.1837,
NC1=CC(=O)O/C1=C/C=O,O=CC(C(=O)C1=CC(O)=N1)C1=CC(O)=N1,3,0.1395,
NC1=CC(=O)O/C1=C/C=O,O=CCC(=O)C1=C(C2=CC(O)=N2)C(O)=N1,3,0.1277,
NC1=CC(=O)O/C1=C/C=O,O=C(CC(=O)C1=CC(O)=N1)C1=CC(O)=N1,3,0.1053,
NC1=CC(=O)O/C1=C/C=O,NC1=CC(=O)O/C1=C(\Cl)C(O)CO,3,0.3333,
NC1=CC(=O)O/C1=C/C=O,NC1=C(CO)C(=O)O/C1=C(\Cl)CO,3,0.2195,
NC1=CC(=O)O/C1=C/C=O,NC1=CC(O)O/C1=C(\Cl)C(=O)C=O,3,0.2326,
NC1=CC(=O)O/C1=C/C=O,NC1=C(C=O)C(O)O/C1=C(\Cl)C=O,3,0.186,
NC1=CC(=O)O/C1=C/C=O,NC(=CC(=O)Cl)C(=O)C(C=O)C=O,3,0.0976,
NC1=CC(=O)O/C1=C/C=O,NC1=CC(=O)O/C1=C/C(Cl)C(=O)O,3,0.4722,
NC1=CC(=O)O/C1=C/C=O,NC(=CC(=O)Cl)C(=O)CC(=O)C=O,3,0.093,
NC1=CC(=O)O/C1=C/C=O,NC1=CC(O)(C=O)O/C1=C(\Cl)C=O,3,0.2381,0.2105
NC1=CC(=O)O/C1=C/C=O,NC(C(=O)CC=O)=C(C=O)C(=O)Cl,3,0.093,
NC1=CC(=O)O/C1=C/C=O,NC1=CC(=O)O/C1=C(/CCl)C(=O)O,3,0.3514,
NC1=CC(=O)O/C1=C/C=O,NC(=O)C(Cl)/C=C1/OC(=O)C=C1N,3,0.4722,
NC1=CC(=O)O/C1=C/C=O,N#CC(Cl)(CC=O)C(N)=CC(=O)O,3,0.0833,
NC1=CC(=O)O/C1=C/C=O,N#CC(O)(CC=O)C(N)=CC(=O)Cl,3,0.0833,
NC1=CC(=O)O/C1=C/C=O,N#CC(O)CC(=O)C(N)=CC(=O)Cl,3,0.0625,
NC1=CC(=O)O/C1=C/C=O,NC1=CC(=O)O/C1=C/C(N)C(=O)Cl,3,0.4722,
NC1=CC(=O)O/C1=C/C=O,N#CC(Cl)CC(=O)C(N)=CC(=O)O,3,0.0625,
NC1=CC(=O)O/C1=C/C=O,N#CC(Cl)CC1(O)OC(=O)C=C1N,3,0.1915,
NC1=CC(=O)O/C1=C/C=O,N#CC(O)(Cl)/C=C1/OC(O)C=C1N,3,0.1702,
NC1=CC(=O)O/C1=C/C=O,NC1=CC(=O)O/C1=C/C(Cl)C=NO,3,0.4474,
NC1=CC(=O)O/C1=C/C=O,NC/C(C(=O)Cl)=C1/OC(=O)C=C1N,3,0.3421,
NC1=CC(=O)O/C1=C/C=O,N#CC(Cl)/C(O)=C1/OC(O)C=C1N,3,0.1489,
NC1=CC(=O)O/C1=C/C=O,N#CC(O)/C(Cl)=C1/OC(O)C=C1N,3,0.1739,
NC1=CC(=O)O/C1=C/C=O,N#CC(O)(Cl)C=C(N)C(=O)CC=O,3,0.0833,
NC1=CC(=O)O/C1=C/C=O,CC(Cl)NC1=CC(=O)O/C1=C/C=O,3,0.4595,
NC1=CC(=O)O/C1=C/C=O,CC(=O)NC1=CC(=O)O/C1=C/CCl,3,0.2791,
NC1=CC(=O)O/C1=C/C=O,NC1=C(C=O)C(=O)O/C1=C(\Cl)C=O,3,0.25,
NC1=CC(=O)O/C1=C/C=O,NC1=CC(=O)O/C1=C(\Cl)C(=O)C=O,3,0.4167,
NC1=CC(=O)O/C1=C/C=O,N#CC(Cl)/C(O)=C1/OC(=O)C=C1N,3,0.325,
NC1=CC(=O)O/C1=C/C=O,N#CC(Cl)C1OC12OC(=O)C=C2N,3,0.1915,
NC1=CC(=O)O/C1=C/C=O,NC(/C=c1/oc2nc1c2Cl)C(=O)O,3,0.102,
NC1=CC(=O)O/C1=C/C=O,N#CC(O)(Cl)/C=C1/OC(=O)C=C1N,3,0.4474,
NC1=CC(=O)O/C1=C/C=O,N#CC(O)/C(Cl)=C1/OC(=O)C=C1N,3,0.3333,
NC1=CC(=O)O/C1=C/C=O,NC(C(=O)O)/C(Cl)=c1/oc2cc1n2,3,0.1042,
NC1=CC(=O)O/C1=C/C=O,CC(N)NC1=CC(=O)O/C1=C(\O)CO,3,0.2444,
NC1=CC(=O)O/C1=C/C=O,CC(O)NC/C(O)=C1/OC(=O)C=C1N,3,0.3171,
NC1=CC(=O)O/C1=C/C=O,NC(=CC(N)(O)CC=O)C(=O)CC=O,3,0.0889,
NC1=CC(=O)O/C1=C/C=O,CC(=O)NC/C(O)=C1/OC(O)C=C1N,3,0.1702,
NC1=CC(=O)O/C1=C/C=O,NC(C(=O)CC=O)=C(CC=O)C(N)O,3,0.093,
NC1=CC(=O)O/C1=C/C=O,CC(O)NC(O)/C=C1/OC(=O)C=C1N,3,0.4474,
NC1=CC(=O)O/C1=C/C=O,CC(=O)NCCC1(O)OC(=O)C=C1N,3,0.1915,
NC1=CC(=O)O/C1=C/C=O,CC(=O)NC1=CC(O)O/C1=C/C(N)O,3,0.1429,
NC1=CC(=O)O/C1=C/C=O,CC(=O)NC(=CC(=O)O)C(=O)CCN,3,0.0638,
NC1=CC(=O)O/C1=C/C=O,NC(CO)NC1=CC(O)O/C1=C/C=O,3,0.2667,
NC1=CC(=O)O/C1=C/C=O,CC(=O)OC1(CCN)OC(=O)C=C1N,3,0.1915,
NC1=CC(=O)O/C1=C/C=O,CC(=O)NC(CC=O)C(N)=CC(=O)O,3,0.0833,
NC1=CC(=O)O/C1=C/C=O,CC(N)(O)NC1=CC(O)O/C1=C/C=O,3,0.2667,
NC1=CC(=O)O/C1=C/C=O,NC/C=C1/OC(O)C=C1NC(=O)CO,3,0.1429,
NC1=CC(=O)O/C1=C/C=O,CC(=O)NC(=CC(N)O)C(=O)CC=O,3,0.0833,
NC1=CC(=O)O/C1=C/C=O,CC(=O)O/C(CN)=C1\OC(O)C=C1N,3,0.1957,
NC1=CC(=O)O/C1=C/C=O,CC(=O)OC(=O)C=C(N)C(=O)CCN,3,0.0638,
NC1=CC(=O)O/C1=C/C=O,CC(=O)OC(N)/C=C1/OC(O)C=C1N,3,0.1875,
NC1=CC(=O)O/C1=C/C=O,CC(O)NC1(CC=O)OC(=O)C=C1N,3,0.234,
NC1=CC(=O)O/C1=C/C=O,CC(=O)OC(N)C=C(N)C(=O)CC=O,3,0.0833,
NC1=CC(=O)O/C1=C/C=O,CC(=O)OCCC1(N)OC(=O)C=C1N,3,0.1915,
NC1=CC(=O)O/C1=C/C=O,CC(O)NC1=CC(=O)O/C1=C(\O)CN,3,0.2444,
NC1=CC(=O)O/C1=C/C=O,CC(N)NC1=CC(=O)OC1(O)CC=O,3,0.2083,
NC1=CC(=O)O/C1=C/C=O,CC(=O)OC(=O)C=C(N)C(N)CC=O,3,0.0833,
NC1=CC(=O)O/C1=C/C=O,CC(O)NC1=CC(=O)O/C1=C/C(N)O,3,0.3095,
NC1=CC(=O)O/C1=C/C=O,NC(=C(CC=O)C(=O)O)C(N)CC=O,3,0.0889,
NC1=CC(=O)O/C1=C/C=O,NC1=CC(=O)O/C1=C/CNC(O)CO,3,0.425,
NC1=CC(=O)O/C1=C/C=O,CC(N)NC1=CC(O)O/C1=C/C(=O)O,3,0.14,
NC1=CC(=O)O/C1=C/C=O,CC(N)NC(=CC(=O)O)C(=O)CC=O,3,0.0833,
NC1=CC(=O)O/C1=C/C=O,NC(=CC(=O)O)C(N)C(C=O)CC=O,3,0.087,0.0811
NC1=CC(=O)O/C1=C/C=O,CC(=O)NCCC(=O)C(N)=CC(=O)O,3,0.0638,
NC1=CC(=O)O/C1=C/C=O,CC(=O)NC1=CC(=O)OC1(N)CCO,3,0.1667,
NC1=CC(=O)O/C1=C/C=O,CC(=O)OC1C=C(N)/C(=C(/O)CN)O1,3,0.1667,
NC1=CC(=O)O/C1=C/C=O,CC(O)NC1=CC(=O)OC1(N)CC=O,3,0.2128,
NC1=CC(=O)O/C1=C/C=O,CC(N)NC1=CC(O)O/C1=C(\O)C=O,3,0.1633,
NC1=CC(=O)O/C1=C/C=O,CC(=O)NC1(CCO)OC(=O)C=C1N,3,0.1915,
NC1=CC(=O)O/C1=C/C=O,CC(=O)NC(O)C=C(N)C(=O)CC=O,3,0.0833,
NC1=CC(=O)O/C1=C/C=O,CC(=O)NC(O)/C=C1/OC(O)C=C1N,3,0.1915,
NC1=CC(=O)O/C1=C/C=O,NC(=CC(=O)O)C(N)CC(=O)CC=O,3,0.087,
NC1=CC(=O)O/C1=C/C=O,NC(=CC(=O)O)C(N)(CC=O)CC=O,3,0.0952,
NC1=CC(=O)O/C1=C/C=O,NC(CO)NC1=CC(=O)O/C1=C/CO,3,0.3023,
NC1=CC(=O)O/C1=C/C=O,CC(=O)OC1C=C(N)/C(=C\C(N)O)O1,3,0.1875,
NC1=CC(=O)O/C1=C/C=O,CC(=O)NC1=CC(O)O/C1=C(\O)CN,3,0.1224,
NC1=CC(=O)O/C1=C/C=O,CC(N)(O)NC1=CC(=O)O/C1=C/CO,3,0.2955,
NC1=CC(=O)O/C1=C/C=O,NC(=CC(N)O)C(=O)C(C=O)CC=O,3,0.087,
NC1=CC(=O)O/C1=C/C=O,NC(=CC(N)O)C(=O)CC(=O)CC=O,3,0.087,
NC1=CC(=O)O/C1=C/C=O,CC(=O)NC(=CC(=O)O)C(N)CC=O,3,0.0833,
NC1=CC(=O)O/C1=C/C=O,NC/C=C1/OC(=O)C=C1NC(O)CO,3,0.2955,
NC1=CC(=O)O/C1=C/C=O,NC1=CC(O)O/C1=C/CNC(=O)CO,3,0.1915,
NC1=CC(=O)O/C1=C/C=O,CC(=O)NC1=CC(=O)OC1(O)CCN,3,0.1667,
NC1=CC(=O)O/C1=C/C=O,CC(O)CC(O)/C=C1/OC(=O)C=C1N,3,0.4474,
NC1=CC(=O)O/C1=C/C=O,COCCOC/C=C1/OC(=O)C=C1N,3,0.4359,
NC1=CC(=O)O/C1=C/C=O,CC(O)C(C)(O)/C=C1/OC(=O)C=C1N,3,0.4474,
NC1=CC(=O)O/C1=C/C=O,COCC(/C=C1/OC(=O)C=C1N)OC,3,0.4359,
NC1=CC(=O)O/C1=C/C=O,CC(O)/C=C1/OC(=O)C(C(C)O)=C1N,3,0.2143,
NC1=CC(=O)O/C1=C/C=O,CC(O)C(=C1OC(=O)C=C1N)C(C)O,3,0.3714,
NC1=CC(=O)O/C1=C/C=O,COC/C=C1/OC(=O)C(COC)=C1N,3,0.2045,
NC1=CC(=O)O/C1=C/C=O,COCC(COC)=C1OC(=O)C=C1N,3,0.3514,
NC1=CC(=O)O/C1=C/C=O,CC(O)/C=C1/OC(=O)C=C1NC(C)O,3,0.2927,
NC1=CC(=O)O/C1=C/C=O,CC(Cl)(C#N)/C=C1/OC(=O)C=C1N,3,0.4474,
NC1=CC(=O)O/C1=C/C=O,C/C(=C1\OC(=O)C=C1N)C(Cl)C#N,3,0.3171,
NC1=CC(=O)O/C1=C/C=O,NC1=CC(=O)OC1NC(=O)CCC=O,3,0.2391,
NC1=CC(=O)O/C1=C/C=O,CC(C(=O)C=O)C1(N)OC(=O)C=C1N,3,0.25,
NC1=CC(=O)O/C1=C/C=O,CC(=C(N)C(=O)CC=O)C(O)(O)C#N,3,0.0833,
NC1=CC(=O)O/C1=C/C=O,COC1C=C(N)/C(=C\C(O)(O)C#N)O1,3,0.1633,
NC1=CC(=O)O/C1=C/C=O,CC(=O)NC/C(O)=C1/OC(=O)C=C1N,3,0.3171,
NC1=CC(=O)O/C1=C/C=O,COC(=O)NC/C=C1/OC(=O)C=C1N,3,0.425,
NC1=CC(=O)O/C1=C/C=O,CC(=O)NC(=CC(N)=O)C(=O)CC=O,3,0.087,
NC1=CC(=O)O/C1=C/C=O,CC(N)NC1=CC(=O)OC12OC2C=O,3,0.2083,
NC1=CC(=O)O/C1=C/C=O,CC(=O)NC1=C(C=O)C(=O)OC1(C)N,3,0.1489,
NC1=CC(=O)O/C1=C/C=O,CC(=O)CC1(N)OC(=O)C=C1NC=O,3,0.2128,
NC1=CC(=O)O/C1=C/C=O,COC(C#N)CC1(O)OC(=O)C=C1N,3,0.18,
NC1=CC(=O)O/C1=C/C=O,NC1OC(=O)C=C1NC(=O)CCC=O,3,0.2128,
NC1=CC(=O)O/C1=C/C=O,CC(=O)NC(O)/C=C1/OC(=O)C=C1N,3,0.4359,
NC1=CC(=O)O/C1=C/C=O,CC(=O)C(=O)CC1(N)OC(=O)C=C1N,3,0.2045,
NC1=CC(=O)O/C1=C/C=O,C/C(=C1\OC(=O)C=C1N)C(N)C(=O)O,3,0.3333,
NC1=CC(=O)O/C1=C/C=O,CC(=O)O/C(CN)=C1\OC(=O)C=C1N,3,0.325,
NC1=CC(=O)O/C1=C/C=O,C/C(=C1\OC(O)C=C1N)C(O)(O)C#N,3,0.1489,
NC1=CC(=O)O/C1=C/C=O,CC(=O)NC1=C(CC=O)C(=O)OC1N,3,0.1429,
NC1=CC(=O)O/C1=C/C=O,CC(C=O)C(=O)C(N)=CC(O)(O)C#N,3,0.0833,
NC1=CC(=O)O/C1=C/C=O,CC(N)(/C=C1/OC(=O)C=C1N)C(=O)O,3,0.4595,
NC1=CC(=O)O/C1=C/C=O,CC(C=O)C(O)(C#N)C(N)=CC(=O)O,3,0.0816,
NC1=CC(=O)O/C1=C/C=O,CC(=O)NC1(C)OC(=O)C(C=O)=C1N,3,0.1739,
NC1=CC(=O)O/C1=C/C=O,NC/C=C1/OC(=O)C=C1NC(=O)CO,3,0.3023,
NC1=CC(=O)O/C1=C/C=O,CC(=O)NC(=O)/C=C1/OC(O)C=C1N,3,0.2,
NC1=CC(=O)O/C1=C/C=O,CNC(/C=C1/OC(=O)C=C1N)C(=O)O,3,0.4359,
NC1=CC(=O)O/C1=C/C=O,CC(N)(O)NC1=CC(=O)O/C1=C/C=O,3,0.4737,
NC1=CC(=O)O/C1=C/C=O,CC1=C(NC=O)C(N)(CC=O)OC1=O,3,0.1489,
NC1=CC(=O)O/C1=C/C=O,COC(/C=C1/OC(=O)C=C1N)C(N)=O,3,0.4359,
NC1=CC(=O)O/C1=C/C=O,CC(=O)C(C=O)C1(N)OC(=O)C=C1N,3,0.25,
NC1=CC(=O)O/C1=C/C=O,COC(=O)/C(CN)=C1\OC(=O)C=C1N,3,0.3171,
NC1=CC(=O)O/C1=C/C=O,CC1(NC(=O)CC=O)OC(=O)C=C1N,3,0.2391,
NC1=CC(=O)O/C1=C/C=O,C=C(N)C=C(N)C(=O)C(C=O)C(=O)O,3,0.0909,0.0909
NC1=CC(=O)O/C1=C/C=O,CC(=O)CC(=O)C(N)=CC(O)(O)C#N,3,0.0625,
NC1=CC(=O)O/C1=C/C=O,CC(=O)NC1OC(=O)C(CC=O)=C1N,3,0.1915,
NC1=CC(=O)O/C1=C/C=O,COC(C#N)CC(=O)C(N)=CC(=O)O,3,0.0588,
NC1=CC(=O)O/C1=C/C=O,CC(=O)NC(=O)C=C(N)C(=O)CC=O,3,0.087,
NC1=CC(=O)O/C1=C/C=O,CC(=O)OC(N)/C=C1/OC(=O)C=C1N,3,0.4359,
NC1=CC(=O)O/C1=C/C=O,CC(C(=O)O)=C(N)C(O)(C#N)CC=O,3,0.0816,
NC1=CC(=O)O/C1=C/C=O,COC(=O)NC1=CC(=O)O/C1=C/CN,3,0.2955,
NC1=CC(=O)O/C1=C/C=O,NC(=O)C=C(N)C(=O)CC(=O)CC=O,3,0.093,
NC1=CC(=O)O/C1=C/C=O,CC(=O)CC(O)(C#N)C(N)=CC(=O)O,3,0.0612,
NC1=CC(=O)O/C1=C/C=O,CC(=O)CC1(NC=O)OC(=O)C=C1N,3,0.2391,
NC1=CC(=O)O/C1=C/C=O,COC(O)(C#N)C=C(N)C(=O)CC=O,3,0.0784,
NC1=CC(=O)O/C1=C/C=O,COC(=O)C=C(N)C(=O)CC(O)C#N,3,0.0588,
NC1=CC(=O)O/C1=C/C=O,CNC(=CC(O)(O)C#N)C(=O)CC=O,3,0.06,
NC1=CC(=O)O/C1=C/C=O,CC(C(=O)C(N)=CC(=O)O)C(O)C#N,3,0.0625,
NC1=CC(=O)O/C1=C/C=O,CC(C(=O)O)=C(N)C(=O)CC(O)C#N,3,0.0408,
NC1=CC(=O)O/C1=C/C=O,CC(O)(C#N)/C(O)=C1/OC(O)C=C1N,3,0.1458,
NC1=CC(=O)O/C1=C/C=O,CC(=O)OC1C=C(N)/C(=C\C(N)=O)O1,3,0.1957,
NC1=CC(=O)O/C1=C/C=O,NC/C(CC(=O)O)=C1/OC(=O)C=C1N,3,0.3333,
NC1=CC(=O)O/C1=C/C=O,NC1=CC(=O)O/C1=C/CNC(=O)CO,3,0.4359,
NC1=CC(=O)O/C1=C/C=O,CC(O)(C#N)CC(=O)C(N)=CC(=O)O,3,0.0612,
NC1=CC(=O)O/C1=C/C=O,CO/C(=C1\OC(O)C=C1N)C(O)C#N,3,0.14,
NC1=CC(=O)O/C1=C/C=O,CC(=O)NCC1OC12OC(=O)C=C2N,3,0.1837,
NC1=CC(=O)O/C1=C/C=O,C=C(N)C(=O)C(C(=C)N)C(=O)C(=O)O,3,0.0488,
NC1=CC(=O)O/C1=C/C=O,COC(=O)C(N)/C=C1/OC(=O)C=C1N,3,0.4359,
NC1=CC(=O)O/C1=C/C=O,C=C(N)C(=O)C(C=O)(C(=C)N)C(=O)O,3,0.0952,
NC1=CC(=O)O/C1=C/C=O,CNC(=O)C(O)/C=C1/OC(=O)C=C1N,3,0.4474,
NC1=CC(=O)O/C1=C/C=O,CC(C=O)C1(N)OC(=O)C=C1NC=O,3,0.2222,
NC1=CC(=O)O/C1=C/C=O,CC1(N)OC(=O)C=C1NC(=O)CC=O,3,0.2128,
NC1=CC(=O)O/C1=C/C=O,NC(=O)C=C(N)C(=O)C(C=O)CC=O,3,0.0909,
NC1=CC(=O)O/C1=C/C=O,NC1=CC(=O)O/C1=C/C(N)CC(=O)O,3,0.4474,
NC1=CC(=O)O/C1=C/C=O,CC(N)NC1=CC(=O)O/C1=C(\O)C=O,3,0.3023,
NC1=CC(=O)O/C1=C/C=O,CC(C(O)C#N)C1(O)OC(=O)C=C1N,3,0.1957,
NC1=CC(=O)O/C1=C/C=O,CC(=O)NC1=CC(O)O/C1=C/C(N)=O,3,0.1489,
NC1=CC(=O)O/C1=C/C=O,CC(C=O)C1(NC=O)OC(=O)C=C1N,3,0.25,
NC1=CC(=O)O/C1=C/C=O,NC1=CC(=O)OC1(N)C(C=O)CC=O,3,0.2558,0.2368
NC1=CC(=O)O/C1=C/C=O,COC(C#N)(CC=O)C(N)=CC(=O)O,3,0.0784,
NC1=CC(=O)O/C1=C/C=O,C=C(N)C(=O)C(C(=O)O)C(=O)C(=C)N,3,0.0526,
NC1=CC(=O)O/C1=C/C=O,COC1C=C(N)/C(=C(/O)C(O)C#N)O1,3,0.1458,
NC1=CC(=O)O/C1=C/C=O,CNC(=CC(=O)O)C(=O)CC(O)C#N,3,0.0392,
NC1=CC(=O)O/C1=C/C=O,CNC/C(C(=O)O)=C1/OC(=O)C=C1N,3,0.3171,
NC1=CC(=O)O/C1=C/C=O,CC(O)(C#N)CC1(O)OC(=O)C=C1N,3,0.1915,
NC1=CC(=O)O/C1=C/C=O,CC(O)(/C=C1/OC(=O)C=C1N)C(N)=O,3,0.4595,
NC1=CC(=O)O/C1=C/C=O,COC1(CC(O)C#N)OC(=O)C=C1N,3,0.18,
NC1=CC(=O)O/C1=C/C=O,COC(C#N)/C(O)=C1/OC(O)C=C1N,3,0.14,
NC1=CC(=O)O/C1=C/C=O,CC(O)(C=NO)/C=C1/OC(=O)C=C1N,3,0.4359,
NC1=CC(=O)O/C1=C/C=O,CNC(=CC(=O)O)C(O)(C#N)CC=O,3,0.0588,
NC1=CC(=O)O/C1=C/C=O,COC(O)(C#N)/C=C1/OC(O)C=C1N,3,0.16,
NC1=CC(=O)O/C1=C/C=O,C=C(N)C=C(N)C(=O)CC(=O)C(=O)O,3,0.0698,
NC1=CC(=O)O/C1=C/C=O,N#CC(O)(/C=C1/OC(O)C=C1N)CO,3,0.1667,
NC1=CC(=O)O/C1=C/C=O,CC(=O)NC1(CC=O)OC(=O)C=C1N,2,0.2391,
NC1=CC(=O)O/C1=C/C=O,CC(=O)CC1(N)OC(=O)C(C=O)=C1N,3,0.1739,
NC1=CC(=O)O/C1=C/C=O,C/C(=C1\OC(=O)C=C1N)C(O)C(N)=O,3,0.3333,
NC1=CC(=O)O/C1=C/C=O,NC(=O)C(CC=O)=C(N)C(=O)CC=O,3,0.1,
NC1=CC(=O)O/C1=C/C=O,CC(=NO)C(O)/C=C1/OC(=O)C=C1N,3,0.4474,
NC1=CC(=O)O/C1=C/C=O,CC1=C(N)C(CC=O)(NC=O)OC1=O,3,0.1739,
NC1=CC(=O)O/C1=C/C=O,CC(=O)NC1=CC(=O)O/C1=C/C(N)O,3,0.3023,
NC1=CC(=O)O/C1=C/C=O,COC(=O)C=C(N)C(O)(C#N)CC=O,3,0.0784,
NC1=CC(=O)O/C1=C/C=O,CC(N)NC1=CC(=O)OC1=COC=O,3,0.3256,
NC1=CC(=O)O/C1=C/C=O,C/C(=C1\OC(=O)C=C1N)C(O)C=NO,3,0.375,
NC1=CC(=O)O/C1=C/C=O,CC(C=O)C1(N)OC(=O)C(C=O)=C1N,3,0.1818,
NC1=CC(=O)O/C1=C/C=O,CC(C=O)(C=O)C1(N)OC(=O)C=C1N,3,0.275,
NC1=CC(=O)O/C1=C/C=O,NC(CO)NC1=CC(=O)O/C1=C/C=O,3,0.4615,
NC1=CC(=O)O/C1=C/C=O,CC(N)/C(C(=O)O)=C1/OC(=O)C=C1N,3,0.3333,
NC1=CC(=O)O/C1=C/C=O,N#CC(O)/C(CO)=C1/OC(O)C=C1N,3,0.1458,
NC1=CC(=O)O/C1=C/C=O,CC(=O)NC1=CC(=O)OC1(N)CC=O,2,0.2128,
NC1=CC(=O)O/C1=C/C=O,COC(C=NO)/C=C1/OC(=O)C=C1N,3,0.4146,
NC1=CC(=O)O/C1=C/C=O,CC(N)NC1=CC(=O)O/C1=C/C(=O)O,3,0.3023,
NC1=CC(=O)O/C1=C/C=O,CC(=O)NC1=CC(=O)O/C1=C(\O)CN,3,0.25,
NC1=CC(=O)O/C1=C/C=O,CC(=O)NC1=CC(=O)OC12OC2CN,3,0.16,
NC1=CC(=O)O/C1=C/C=O,CC(=O)NC1=C(C)C(=O)O/C1=C/CO,3,0.1489,
NC1=CC(=O)O/C1=C/C=O,CC(=O)NC1=CC(=O)O/C1=C/C(C)O,3,0.2791,
NC1=CC(=O)O/C1=C/C=O,CC(=O)N(C)C1=CC(=O)O/C1=C/CO,3,0.2791,
NC1=CC(=O)O/C1=C/C=O,CC(=O)CC1OC(=O)C=C1NC(C)=O,3,0.1778,
NC1=CC(=O)O/C1=C/C=O,CC(=O)C1=C(N)/C(=C\C(C)O)OC1=O,3,0.2045,
NC1=CC(=O)O/C1=C/C=O,COC(C)NC1=CC(=O)O/C1=C/C=O,3,0.4359,
NC1=CC(=O)O/C1=C/C=O,CC(=O)NC1=CC(=O)OC1C(C)C=O,3,0.1915,
NC1=CC(=O)O/C1=C/C=O,CC(=O)CC(=O)CC1OC(=O)C=C1N,3,0.2273,
NC1=CC(=O)O/C1=C/C=O,CC(=O)/C=C1/OC(=O)C(C(C)O)=C1N,3,0.2045,
NC1=CC(=O)O/C1=C/C=O,CC(=O)CC(O)/C=C1/OC(=O)C=C1N,3,0.4359,
NC1=CC(=O)O/C1=C/C=O,CC1=C(NC(C)O)/C(=C\C=O)OC1=O,3,0.2857,
NC1=CC(=O)O/C1=C/C=O,CC(=O)NC1=CC(=O)O/C1=C(\C)CO,3,0.2326,
NC1=CC(=O)O/C1=C/C=O,CC(=O)C(C(C)=O)C1OC(=O)C=C1N,3,0.2195,
NC1=CC(=O)O/C1=C/C=O,CC(=O)OC(C)/C=C1/OC(=O)C=C1N,3,0.4359,
NC1=CC(=O)O/C1=C/C=O,CC(=O)NC1=C(C)C(=O)OC1CC=O,3,0.1224,
NC1=CC(=O)O/C1=C/C=O,CC(=O)OC/C=C1/OC(=O)C(C)=C1N,3,0.1957,
NC1=CC(=O)O/C1=C/C=O,CC(=O)CC1OC(=O)C(C(C)=O)=C1N,3,0.1591,
NC1=CC(=O)O/C1=C/C=O,CC(C)(O)NC1=CC(=O)O/C1=C/C=O,3,0.4595,
NC1=CC(=O)O/C1=C/C=O,CCC(=O)NC1=CC(=O)O/C1=C/CO,3,0.2727,
NC1=CC(=O)O/C1=C/C=O,CCC(=O)NC1=CC(=O)OC1CC=O,3,0.1875,
NC1=CC(=O)O/C1=C/C=O,CC(=O)CC1(C(C)=O)OC(=O)C=C1N,3,0.2093,
NC1=CC(=O)O/C1=C/C=O,C/C(C=O)=C1\OC(=O)C=C1NC(C)O,3,0.2791,
NC1=CC(=O)O/C1=C/C=O,COC/C=C1/OC(=O)C=C1NC(C)=O,3,0.2667,
NC1=CC(=O)O/C1=C/C=O,CC(O)N(C)C1=CC(=O)O/C1=C/C=O,3,0.4474,
NC1=CC(=O)O/C1=C/C=O,CC(=O)N(C)C1=CC(=O)OC1CC=O,3,0.1915,
NC1=CC(=O)O/C1=C/C=O,CC(=O)/C=C1/OC(=O)C=C1NC(C)O,3,0.2791,
NC1=CC(=O)O/C1=C/C=O,CC(O)CC(=O)/C=C1/OC(=O)C=C1N,3,0.4359,
NC1=CC(=O)O/C1=C/C=O,CC(=O)NC1=CC(=O)OC1(C)CC=O,3,0.1915,
NC1=CC(=O)O/C1=C/C=O,CC(=O)C(=C1OC(=O)C=C1N)C(C)O,3,0.3333,
NC1=CC(=O)O/C1=C/C=O,CCC(O)NC1=CC(=O)O/C1=C/C=O,3,0.425,
NC1=CC(=O)O/C1=C/C=O,CCC(=O)OC/C=C1/OC(=O)C=C1N,3,0.425,
NC1=CC(=O)O/C1=C/C=O,CC(=O)OC/C(C)=C1/OC(=O)C=C1N,3,0.3333,
NC1=CC(=O)O/C1=C/C=O,CCC(=O)NC1=CC(=O)O/C1=C/CN,3,0.2955,
NC1=CC(=O)O/C1=C/C=O,CC(=O)NC(C)/C=C1/OC(=O)C=C1N,3,0.4359,
NC1=CC(=O)O/C1=C/C=O,CC(=O)NC1=CC(=O)O/C1=C/C(C)N,3,0.3095,
NC1=CC(=O)O/C1=C/C=O,CNC/C=C1/OC(=O)C=C1NC(C)=O,3,0.2727,
NC1=CC(=O)O/C1=C/C=O,C/C(C=O)=C1\OC(=O)C=C1NC(C)N,3,0.3023,
NC1=CC(=O)O/C1=C/C=O,CC(=O)CC(N)/C=C1/OC(=O)C=C1N,3,0.4359,
NC1=CC(=O)O/C1=C/C=O,CC(=O)NC/C(C)=C1/OC(=O)C=C1N,3,0.3333,
NC1=CC(=O)O/C1=C/C=O,CC(=O)NC1=C(C)C(=O)O/C1=C/CN,3,0.1702,
NC1=CC(=O)O/C1=C/C=O,CC(=O)NC1=CC(=O)O/C1=C(\C)CN,3,0.2558,
NC1=CC(=O)O/C1=C/C=O,CC(=O)C(=C1OC(=O)C=C1N)C(C)N,3,0.3421,
NC1=CC(=O)O/C1=C/C=O,CC(=O)N(C)C1=CC(=O)O/C1=C/CN,3,0.3023,
NC1=CC(=O)O/C1=C/C=O,CC(=O)C1=C(N)/C(=C\C(C)N)OC1=O,3,0.2093,
NC1=CC(=O)O/C1=C/C=O,CCC(=O)NC/C=C1/OC(=O)C=C1N,3,0.425,
NC1=CC(=O)O/C1=C/C=O,CC(=O)N(C)C/C=C1/OC(=O)C=C1N,3,0.4359,
NC1=CC(=O)O/C1=C/C=O,CC(N)N(C)C1=CC(=O)O/C1=C/C=O,3,0.4865,
NC1=CC(=O)O/C1=C/C=O,CC(C)(N)NC1=CC(=O)O/C1=C/C=O,3,0.5,
NC1=CC(=O)O/C1=C/C=O,C=C(N)C(=O)CC(C=O)C(=O)C(=C)N,3,0.093,
NC1=CC(=O)O/C1=C/C=O,CC(=O)/C=C1/OC(=O)C=C1NC(C)N,3,0.3023,
NC1=CC(=O)O/C1=C/C=O,CC(=O)NC/C=C1/OC(=O)C(C)=C1N,3,0.1957,
NC1=CC(=O)O/C1=C/C=O,C=C(N)C(=O)CC=C(N)C(=O)CC=O,3,0.093,
NC1=CC(=O)O/C1=C/C=O,CC(=O)/C=C1/OC(=O)C(C(C)N)=C1N,3,0.2045,
NC1=CC(=O)O/C1=C/C=O,CNC(C)NC1=CC(=O)O/C1=C/C=O,3,0.4474,
NC1=CC(=O)O/C1=C/C=O,CC(N)CC(=O)/C=C1/OC(=O)C=C1N,3,0.4359,
NC1=CC(=O)O/C1=C/C=O,CC1=C(NC(C)N)/C(=C\C=O)OC1=O,3,0.3171,
NC1=CC(=O)O/C1=C/C=O,CCC(N)NC1=CC(=O)O/C1=C/C=O,3,0.4615,
NC1=CC(=O)O/C1=C/C=O,C=C(N)C(=O)CC(=O)CC(=O)C(=C)N,3,0.0541,
NC1=CC(=O)O/C1=C/C=O,N#CC(O)/C=C1/OC(=O)C(CO)=C1N,3,0.1915,
NC1=CC(=O)O/C1=C/C=O,CC1(C(O)C#N)OC12OC(=O)C=C2N,3,0.1875,
NC1=CC(=O)O/C1=C/C=O,CC(=O)NC1(C=C=O)OC(=O)C=C1N,3,0.2128,
NC1=CC(=O)O/C1=C/C=O,N#CC(O)C(=O)CC1OC(=O)C=C1N,3,0.2128,
NC1=CC(=O)O/C1=C/C=O,N#CC(O)(/C=C1/OC(=O)C=C1N)CO,3,0.425,
NC1=CC(=O)O/C1=C/C=O,N#CC(O)C1(CC=O)OC(=O)C=C1N,3,0.234,
NC1=CC(=O)O/C1=C/C=O,CC(O)(C#N)C1OC12OC(=O)C=C2N,3,0.2083,
NC1=CC(=O)O/C1=C/C=O,N#CC(O)/C(CO)=C1/OC(=O)C=C1N,3,0.3095,
NC1=CC(=O)O/C1=C/C=O,N#C/C(=C1\OC(=O)C=C1N)C(O)CO,3,0.3095,
NC1=CC(=O)O/C1=C/C=O,N#CC1=C(N)C(=C(CO)CO)OC1=O,3,0.2143,
NC1=CC(=O)O/C1=C/C=O,NCC(C(=O)C=O)=C1OC(=O)C=C1N,3,0.3947,
NC1=CC(=O)O/C1=C/C=O,N#CC(O)CC1OC(=O)C(C=O)=C1N,3,0.1633,
NC1=CC(=O)O/C1=C/C=O,N#CC(O)C1=C(N)C(CC=O)OC1=O,3,0.1633,
NC1=CC(=O)O/C1=C/C=O,N#CC(O)C(C=O)C1OC(=O)C=C1N,3,0.2391,
NC1=CC(=O)O/C1=C/C=O,N#CC(O)C(CO)=C1OC(=O)C=C1N,3,0.3095,
NC1=CC(=O)O/C1=C/C=O,NC1=CC(=O)O/C1=C(\C=O)C(N)C=O,3,0.4167,
NC1=CC(=O)O/C1=C/C=O,C/C(=C1\OC(=O)C=C1N)C(O)(O)C#N,3,0.325,
NC1=CC(=O)O/C1=C/C=O,CC(=O)NC1=CC(=O)OC1(N)C=C=O,3,0.1915,
NC1=CC(=O)O/C1=C/C=O,CO/C(=C1\OC(=O)C=C1N)C(O)C#N,3,0.3023,
NC1=CC(=O)O/C1=C/C=O,COC(O)(C#N)/C=C1/OC(=O)C=C1N,3,0.4146,
NC1=CC(=O)O/C1=C/C=O,CC(O)(C#N)/C(O)=C1/OC(=O)C=C1N,3,0.3171,
NC1=CC(=O)O/C1=C/C=O,NCC(C=O)=C1OC(=O)C(C=O)=C1N,3,0.2381,
NC1=CC(=O)O/C1=C/C=O,CC(=O)NC1=CC(=O)O/C1=C/C(N)=O,3,0.3171,
NC1=CC(=O)O/C1=C/C=O,N#CC(O)(C=O)CC1OC(=O)C=C1N,3,0.234,
NC1=CC(=O)O/C1=C/C=O,NC1=CC(=O)O/C1=C/C(N)C(=O)C=O,3,0.5,
NC1=CC(=O)O/C1=C/C=O,CC(O)(C#N)OC=C1OC(=O)C=C1N,3,0.4146,
NC1=CC(=O)O/C1=C/C=O,N#CC(O)C(O)/C=C1/OC(=O)C=C1N,3,0.4474,
NC1=CC(=O)O/C1=C/C=O,CC(=O)NC(=O)/C=C1/OC(=O)C=C1N,3,0.4595,
NC1=CC(=O)O/C1=C/C=O,NC1=C(C=O)C(=O)O/C1=C/C(N)C=O,3,0.2439,
NC1=CC(=O)O/C1=C/C=O,NC1=CC(=O)OC1=C(C=O)C(N)C=O,3,0.4167,
NC1=CC(=O)O/C1=C/C=O,C=C1OC(=O)C=C1N(C(C)=O)C(N)=O,3,0.2326,
NC1=CC(=O)O/C1=C/C=O,N#CC(O)C1=C(N)/C(=C\CO)OC1=O,3,0.1915,
NC1=CC(=O)O/C1=C/C=O,N#CC1=C(N)/C(=C\C(O)CO)OC1=O,3,0.2174,
NC1=CC(=O)O/C1=C/C=O,NC1=CC(=O)O/C1=C/C(N)(C=O)C=O,3,0.5625,
NC1=CC(=O)O/C1=C/C=O,N#CC(O)CC1(C=O)OC(=O)C=C1N,3,0.2609,
NC1=CC(=O)O/C1=C/C=O,N#C/C(CO)=C1\OC(=O)C(CO)=C1N,3,0.1778,
NC1=CC(=O)O/C1=C/C=O,COC(C#N)C1OC12OC(=O)C=C2N,3,0.18,
NC1=CC(=O)O/C1=C/C=O,COC(C#N)/C(O)=C1/OC(=O)C=C1N,3,0.3023,
NC1=CC(=O)O/C1=C/C=O,C/C(C=O)=C1\OC(=O)C(CC=O)=C1N,3,0.2381,
NC1=CC(=O)O/C1=C/C=O,CC1=C(N(C)C=O)/C(=C\C=O)OC1=O,3,0.3077,
NC1=CC(=O)O/C1=C/C=O,CC(=O)C/C(C=O)=C1\OC(=O)C=C1N,3,0.3846,
NC1=CC(=O)O/C1=C/C=O,CC/C(C=O)=C1\OC(=O)C(C=O)=C1N,3,0.2326,
NC1=CC(=O)O/C1=C/C=O,C=C1OC(=O)C(C(C)=O)=C1NC(C)=O,3,0.1111,
NC1=CC(=O)O/C1=C/C=O,C=C1OC(=O)C=C1N(CC=O)C(C)=O,3,0.2444,
NC1=CC(=O)O/C1=C/C=O,CC(=O)NC1=CC(=O)O/C1=C(\C)C=O,2,0.2927,
NC1=CC(=O)O/C1=C/C=O,C=C1OC(=O)C(C(=O)CC(C)=O)=C1N,3,0.1556,
NC1=CC(=O)O/C1=C/C=O,CC1=C(NC=O)/C(=C(/C)C=O)OC1=O,3,0.1818,
NC1=CC(=O)O/C1=C/C=O,CC(=O)C(C=O)=C1OC(=O)C(C)=C1N,3,0.2381,
NC1=CC(=O)O/C1=C/C=O,CC(=O)CC(=O)/C=C1/OC(=O)C=C1N,2,0.4595,
NC1=CC(=O)O/C1=C/C=O,CC(=O)CC1=C(N)/C(=C\C=O)OC1=O,3,0.35,
NC1=CC(=O)O/C1=C/C=O,C=C1OC(=O)C=C1N(C)C(=O)CC=O,3,0.2444,
NC1=CC(=O)O/C1=C/C=O,CC(=O)N(C)C1=CC(=O)O/C1=C/C=O,2,0.4595,
NC1=CC(=O)O/C1=C/C=O,CC(=O)/C=C1/OC(=O)C(C(C)=O)=C1N,2,0.2195,
NC1=CC(=O)O/C1=C/C=O,CC(=O)/C(C)=C1/OC(=O)C=C1NC=O,3,0.2927,
NC1=CC(=O)O/C1=C/C=O,CC(C=O)C(=O)/C=C1/OC(=O)C=C1N,3,0.4865,
NC1=CC(=O)O/C1=C/C=O,CC(=O)/C=C1/OC(=O)C=C1N(C)C=O,3,0.3171,
NC1=CC(=O)O/C1=C/C=O,C=C1OC(=O)C=C1NC(=O)CC(C)=O,3,0.2045,
NC1=CC(=O)O/C1=C/C=O,CC(=O)C(=O)/C=C1/OC(=O)C(C)=C1N,3,0.2143,
NC1=CC(=O)O/C1=C/C=O,CC(=O)C=C1OC(=O)C(C(C)=O)=C1N,3,0.2195,
NC1=CC(=O)O/C1=C/C=O,CC1=C(N)/C(=C(/C)C(=O)C=O)OC1=O,3,0.2439,
NC1=CC(=O)O/C1=C/C=O,CC(=O)C(C(C)=O)=C1OC(=O)C=C1N,2,0.3824,
NC1=CC(=O)O/C1=C/C=O,CCC(=O)NC1=CC(=O)O/C1=C/C=O,2,0.4359,
NC1=CC(=O)O/C1=C/C=O,C=C1OC(=O)C=C1NC(=O)CCC=O,3,0.2444,
NC1=CC(=O)O/C1=C/C=O,NC1=CC(=O)O/C1=C/C(=O)CCC=O,3,0.4865,
NC1=CC(=O)O/C1=C/C=O,CCC(=O)C(=O)/C=C1/OC(=O)C=C1N,3,0.4595,
NC1=CC(=O)O/C1=C/C=O,CC(=O)C1=C(N)C(=CCC=O)OC1=O,3,0.2558,
NC1=CC(=O)O/C1=C/C=O,CC(=O)CC(=O)C=C1OC(=O)C=C1N,3,0.4595,
NC1=CC(=O)O/C1=C/C=O,C=C1OC(=O)C(C=O)=C1NC(=O)CC,3,0.1489,
NC1=CC(=O)O/C1=C/C=O,C=C1OC(=O)C(C=O)=C1N(C)C(C)=O,3,0.1556,
NC1=CC(=O)O/C1=C/C=O,CC1=C(N)/C(=C(\C=O)CC=O)OC1=O,3,0.2326,
NC1=CC(=O)O/C1=C/C=O,CC(=O)/C=C1/OC(=O)C(CC=O)=C1N,3,0.2326,
NC1=CC(=O)O/C1=C/C=O,CC(=O)C1=C(N)/C(=C(/C)C=O)OC1=O,3,0.2439,
NC1=CC(=O)O/C1=C/C=O,NC1=CC(=O)O/C1=C(/C=O)CCC=O,3,0.3947,
NC1=CC(=O)O/C1=C/C=O,CC1=C(N)/C(=C\C(=O)CC=O)OC1=O,3,0.2273,
NC1=CC(=O)O/C1=C/C=O,C=C1OC(=O)C(C)=C1NC(=O)CC=O,3,0.1458,
NC1=CC(=O)O/C1=C/C=O,CC(=O)NC1=C(C)C(=O)O/C1=C/C=O,2,0.2927,
NC1=CC(=O)O/C1=C/C=O,C=C1OC(=O)C=C1N(C(C)=O)C(C)=O,3,0.225,
NC1=CC(=O)O/C1=C/C=O,NC1=C(CC=O)C(=O)OC1=CCC=O,3,0.2821,
NC1=CC(=O)O/C1=C/C=O,CC/C(C=O)=C1\OC(=O)C=C1NC=O,3,0.2791,
NC1=CC(=O)O/C1=C/C=O,C=C1OC(=O)C(CC=O)=C1NC(C)=O,3,0.1458,
NC1=CC(=O)O/C1=C/C=O,NC1=CC(=O)OC1=CC(C=O)CC=O,3,0.5,
NC1=CC(=O)O/C1=C/C=O,CC(=O)/C(CC=O)=C1/OC(=O)C=C1N,3,0.3846,
NC1=CC(=O)O/C1=C/C=O,CCC(=O)/C=C1/OC(=O)C(C=O)=C1N,3,0.2273,
NC1=CC(=O)O/C1=C/C=O,CCC1=C(NC=O)/C(=C\C=O)OC1=O,3,0.2927,
NC1=CC(=O)O/C1=C/C=O,CC=C1OC(=O)C=C1NC(=O)CC=O,3,0.3023,
NC1=CC(=O)O/C1=C/C=O,CC=C1OC(=O)C(C=O)=C1NC(C)=O,3,0.1778,
NC1=CC(=O)O/C1=C/C=O,C/C(C(=O)CC=O)=C1\OC(=O)C=C1N,3,0.3846,
NC1=CC(=O)O/C1=C/C=O,CC(=O)/C(C)=C1/OC(=O)C(C=O)=C1N,3,0.2439,
NC1=CC(=O)O/C1=C/C=O,CC/C(C(=O)C=O)=C1\OC(=O)C=C1N,3,0.3846,
NC1=CC(=O)O/C1=C/C=O,C/C(C=O)=C1\OC(=O)C=C1N(C)C=O,3,0.2927,
NC1=CC(=O)O/C1=C/C=O,CC(=O)/C=C1/OC(=O)C=C1NC(C)=O,2,0.3,
NC1=CC(=O)O/C1=C/C=O,CC(=O)C(C=O)C=C1OC(=O)C=C1N,3,0.4865,
NC1=CC(=O)O/C1=C/C=O,CC(C=O)/C(C=O)=C1\OC(=O)C=C1N,3,0.4167,
NC1=CC(=O)O/C1=C/C=O,C=C1OC(=O)C=C1NC(=O)C(C)C=O,3,0.2444,
NC1=CC(=O)O/C1=C/C=O,CC(=O)NC1=CC(=O)OC1=CCC=O,3,0.3095,
NC1=CC(=O)O/C1=C/C=O,NC1=CC(=O)OC1=CCC(=O)CC=O,3,0.5,
NC1=CC(=O)O/C1=C/C=O,NC1=CC(=O)OC1=C(CC=O)CC=O,3,0.4412,
NC1=CC(=O)O/C1=C/C=O,CCN(C=O)C1=CC(=O)O/C1=C/C=O,3,0.4722,
NC1=CC(=O)O/C1=C/C=O,CC(=O)C(CC=O)=C1OC(=O)C=C1N,3,0.3846,
NC1=CC(=O)O/C1=C/C=O,CC(=O)C(=O)/C(C)=C1/OC(=O)C=C1N,3,0.3611,
NC1=CC(=O)O/C1=C/C=O,CCC(=O)C1=C(N)/C(=C\C=O)OC1=O,3,0.35,
NC1=CC(=O)O/C1=C/C=O,CC(=O)/C=C1/OC(=O)C(C)=C1NC=O,3,0.1778,
NC1=CC(=O)O/C1=C/C=O,CCC(=O)/C=C1/OC(=O)C=C1NC=O,3,0.3023,
NC1=CC(=O)O/C1=C/C=O,CCC(=O)C(C=O)=C1OC(=O)C=C1N,3,0.3846,
NC1=CC(=O)O/C1=C/C=O,CC1=C(N)/C(=C(/C)C(O)C#N)OC1=O,3,0.1739,
NC1=CC(=O)O/C1=C/C=O,COC(C#N)/C(C)=C1/OC(=O)C=C1N,3,0.3023,
NC1=CC(=O)O/C1=C/C=O,CC/C(=C1\OC(=O)C=C1N)C(O)C#N,3,0.3023,
NC1=CC(=O)O/C1=C/C=O,CCC(O)(C#N)/C=C1/OC(=O)C=C1N,3,0.4146,
NC1=CC(=O)O/C1=C/C=O,CC1=C(N)/C(=C\C(C)(O)C#N)OC1=O,3,0.1957,
NC1=CC(=O)O/C1=C/C=O,CCOC(C#N)/C=C1/OC(=O)C=C1N,3,0.4048,
NC1=CC(=O)O/C1=C/C=O,COC(C)(C#N)/C=C1/OC(=O)C=C1N,3,0.425,
NC1=CC(=O)O/C1=C/C=O,C/C(=C1\OC(=O)C=C1N)C(C)(O)C#N,3,0.3171,
NC1=CC(=O)O/C1=C/C=O,N#CC1OC1(O)/C=C1/OC(=O)C=C1N,3,0.425,
NC1=CC(=O)O/C1=C/C=O,N#C/C(C=O)=C1\OC(=O)C(CO)=C1N,3,0.2222,
NC1=CC(=O)O/C1=C/C=O,N#CC1OC2=C(N)C(=CC1O)OC2=O,3,0.1667,
NC1=CC(=O)O/C1=C/C=O,N#CC1=C(N)C(=C(C=O)CO)OC1=O,3,0.25,
NC1=CC(=O)O/C1=C/C=O,N#CC1O/C1=C1\OC(=O)C(CO)=C1N,3,0.1429,
NC1=CC(=O)O/C1=C/C=O,N#CC/C(C(=O)O)=C1/OC(=O)C=C1N,3,0.3171,
NC1=CC(=O)O/C1=C/C=O,N#CC1OC(O)C1=C1OC(=O)C=C1N,3,0.3333,
NC1=CC(=O)O/C1=C/C=O,N#CC(O)/C(C=O)=C1\OC(=O)C=C1N,3,0.3846,
NC1=CC(=O)O/C1=C/C=O,N#CC(=O)/C=C1/OC(=O)C(CO)=C1N,3,0.1957,
NC1=CC(=O)O/C1=C/C=O,N#CC(=O)C1=C(N)/C(=C\CO)OC1=O,3,0.1957,
NC1=CC(=O)O/C1=C/C=O,N#CC(O)C(=O)/C=C1/OC(=O)C=C1N,2,0.4359,
NC1=CC(=O)O/C1=C/C=O,N#C/C(=C1\OC(=O)C=C1N)C(O)C=O,3,0.4103,
NC1=CC(=O)O/C1=C/C=O,N#CC(O)/C=C1/OC(=O)C=C1NC=O,3,0.3023,
NC1=CC(=O)O/C1=C/C=O,N#CC1(CO)C=C2OC(=O)C(=C2N)O1,3,0.1633,
NC1=CC(=O)O/C1=C/C=O,N#CC(O)C(C=O)=C1OC(=O)C=C1N,2,0.3846,
NC1=CC(=O)O/C1=C/C=O,N#CC(O)(C=O)/C=C1/OC(=O)C=C1N,2,0.4737,
NC1=CC(=O)O/C1=C/C=O,N#CC(O)C=C1OC(=O)C(C=O)=C1N,2,0.2222,
NC1=CC(=O)O/C1=C/C=O,N#CC(O)/C=C1/OC(=O)C(C=O)=C1N,2,0.2222,
NC1=CC(=O)O/C1=C/C=O,N#CC(/C=C1/OC(=O)C=C1N)OC=O,3,0.4615,
NC1=CC(=O)O/C1=C/C=O,C=C1OC(=O)C(C(O)(C#N)C=O)=C1N,3,0.2045,
NC1=CC(=O)O/C1=C/C=O,N#CC(O)/C(C=O)=C1/OC(=O)C=C1N,3,0.3846,
NC1=CC(=O)O/C1=C/C=O,N#C/C(C(=O)CO)=C1\OC(=O)C=C1N,3,0.3171,
NC1=CC(=O)O/C1=C/C=O,C=C1OC(=O)C(C(=O)C(O)C#N)=C1N,3,0.1489,
NC1=CC(=O)O/C1=C/C=O,N#CC1(CO)O/C1=C1\OC(=O)C=C1N,3,0.3256,
NC1=CC(=O)O/C1=C/C=O,N#CC1=C(N)/C(=C\C(=O)CO)OC1=O,3,0.2222,
NC1=CC(=O)O/C1=C/C=O,N#CC1=C(N)/C(=C\C(O)C=O)OC1=O,3,0.25,
NC1=CC(=O)O/C1=C/C=O,N#CC(O)C1=C(N)/C(=C\C=O)OC1=O,2,0.3415,
NC1=CC(=O)O/C1=C/C=O,N#CC(O)C(=O)C=C1OC(=O)C=C1N,2,0.4359,
NC1=CC(=O)O/C1=C/C=O,N#CC1O/C(=C2\OC(=O)C=C2N)C1O,3,0.3095,
NC1=CC(=O)O/C1=C/C=O,N#CC(/C=C1/OC(=O)C=C1N)C(=O)O,3,0.4359,
NC1=CC(=O)O/C1=C/C=O,N#C/C(CO)=C1\OC(=O)C(C=O)=C1N,3,0.2222,
NC1=CC(=O)O/C1=C/C=O,N#CC1OC(CO)=C2OC(=O)C1=C2N,3,0.1429,
NC1=CC(=O)O/C1=C/C=O,N#CC(O)(C=O)C=C1OC(=O)C=C1N,2,0.4737,
NC1=CC(=O)O/C1=C/C=O,N#CC(=O)C(O)/C=C1/OC(=O)C=C1N,3,0.4474,
NC1=CC(=O)O/C1=C/C=O,N#CC1OC2=C(N)C(=C1CO)OC2=O,3,0.1458,
NC1=CC(=O)O/C1=C/C=O,N#CC1(/C=C2/OC(=O)C=C2N)OC1O,3,0.425,
NC1=CC(=O)O/C1=C/C=O,N#CC(O)C1=C(N)C(=CC=O)OC1=O,2,0.3415,
NC1=CC(=O)O/C1=C/C=O,N#CC(=O)C(CO)=C1OC(=O)C=C1N,3,0.3171,
NC1=CC(=O)O/C1=C/C=O,NC1=CC(=O)O/C1=C(\Cl)CCl,3,0.4118,
NC1=CC(=O)O/C1=C/C=O,NC(=CC(=O)Cl)C(O)C(O)C=O,3,0.0952,
NC1=CC(=O)O/C1=C/C=O,NC1=CC(O)O/C1=C(\Cl)C(O)O,3,0.1667,
NC1=CC(=O)O/C1=C/C=O,NC(=CC(O)Cl)C(=O)CC(=O)O,3,0.0682,
NC1=CC(=O)O/C1=C/C=O,NC1=CC(O)OC1(O)C(Cl)C=O,3,0.1778,
NC1=CC(=O)O/C1=C/C=O,NC(=CC(=O)Cl)C(=O)C(O)CO,3,0.0682,
NC1=CC(=O)O/C1=C/C=O,NC(C(=O)CCO)=C(O)C(=O)Cl,3,0.0465,
NC1=CC(=O)O/C1=C/C=O,NC1=CC(O)O/C1=C(\O)C(O)Cl,3,0.1628,
NC1=CC(=O)O/C1=C/C=O,NC(=CC(=O)Cl)C(O)CC(=O)O,3,0.0682,
NC1=CC(=O)O/C1=C/C=O,NC(=CC(=O)O)C(=O)C(O)CCl,3,0.0682,
NC1=CC(=O)O/C1=C/C=O,NC(C(=O)CC=O)C(O)C(=O)Cl,3,0.093,
NC1=CC(=O)O/C1=C/C=O,NC(C(=O)CC=O)=C(O)C(O)Cl,3,0.0909,
NC1=CC(=O)O/C1=C/C=O,NC(=C(O)C(=O)Cl)C(O)CC=O,3,0.0909,
NC1=CC(=O)O/C1=C/C=O,NC(O)(CC(=O)Cl)C(=O)CC=O,3,0.093,
NC1=CC(=O)O/C1=C/C=O,NC1=CC(=O)OC1(O)C(O)CCl,3,0.2093,
NC1=CC(=O)O/C1=C/C=O,NC1=CC(O)OC1(O)CC(=O)Cl,3,0.1304,
NC1=CC(=O)O/C1=C/C=O,NC(=CC(=O)O)C(=O)C(Cl)CO,3,0.0682,
NC1=CC(=O)O/C1=C/C=O,NC(=CC(O)Cl)C(=O)C(O)C=O,3,0.122,
NC1=CC(=O)O/C1=C/C=O,NC1=CC(=O)OC1(O)C(Cl)CO,3,0.2093,
NC1=CC(=O)O/C1=C/C=O,CC(=O)NC1=C(C)C(=O)OC1=C=C=O,3,0.1042,
NC1=CC(=O)O/C1=C/C=O,C=CC(=O)NC1=CC(=O)O/C1=C/C=O,3,0.4474,
NC1=CC(=O)O/C1=C/C=O,CCC(=O)NC1=CC(=O)OC1=C=C=O,3,0.1915,
NC1=CC(=O)O/C1=C/C=O,CC(=O)N(C)C1=CC(=O)OC1=C=C=O,3,0.2,
NC1=CC(=O)O/C1=C/C=O,C=C(N)C(=O)C(Cl)C(N)C(=O)O,3,0.0465,
NC1=CC(=O)O/C1=C/C=O,NC1=CC(O)OC1(N)CC(=O)Cl,3,0.1304,
NC1=CC(=O)O/C1=C/C=O,NC(N)(CC(=O)Cl)C(=O)CC=O,3,0.0952,
NC1=CC(=O)O/C1=C/C=O,NC1=CC(=O)OC1(N)C(Cl)CO,3,0.2093,
NC1=CC(=O)O/C1=C/C=O,NC(=CCl)C(=O)CC(N)C(=O)O,3,0.0682,
NC1=CC(=O)O/C1=C/C=O,NC1=CC(=O)OC1(N)C(O)CCl,3,0.2093,
NC1=CC(=O)O/C1=C/C=O,NC1=CC(O)OC1(N)C(Cl)C=O,3,0.1778,
NC1=CC(=O)O/C1=C/C=O,NC(C(=O)Cl)C(N)C(=O)CC=O,3,0.0976,
NC1=CC(=O)O/C1=C/C=O,CC(=O)NC1=CC(=O)O/C1=C/CC#N,3,0.2609,
NC1=CC(=O)O/C1=C/C=O,CC(=O)C(C#N)/C=C1/OC(=O)C=C1N,3,0.425,
NC1=CC(=O)O/C1=C/C=O,CC(C#N)NC1=CC(=O)O/C1=C/C=O,3,0.425,
NC1=CC(=O)O/C1=C/C=O,N#CC(=O)C(=O)/C=C1/OC(=O)C=C1N,3,0.4595,
NC1=CC(=O)O/C1=C/C=O,N#CC(O)(O)C(=O)/C=c1/oc2cc1n2,3,0.1,
NC1=CC(=O)O/C1=C/C=O,N#CC(O)C1=C(N)C(=C=C=O)OC1=O,3,0.1489,
NC1=CC(=O)O/C1=C/C=O,N#CC(=O)C(C=O)=C1OC(=O)C=C1N,3,0.3846,
NC1=CC(=O)O/C1=C/C=O,N#CC(=O)C1=C(N)/C(=C\C=O)OC1=O,3,0.35,
NC1=CC(=O)O/C1=C/C=O,N#CC(O)(O)/C(C=O)=c1\oc2cc1n2,3,0.1458,
NC1=CC(=O)O/C1=C/C=O,N#CC(=O)/C=C1/OC(=O)C(C=O)=C1N,3,0.2273,
NC1=CC(=O)O/C1=C/C=O,N#CC(O)/C(C(=O)O)=c1/oc2cc1n2,3,0.0784,
NC1=CC(=O)O/C1=C/C=O,N#CC(O)(/C=c1/oc2cc1n2)C(=O)O,3,0.098,
NC1=CC(=O)O/C1=C/C=O,N#CC(=O)NC1=CC(=O)O/C1=C/C=O,3,0.4359,
NC1=CC(=O)O/C1=C/C=O,NC(=CC(=O)Cl)C(=O)CC(=O)O,3,0.0714,
NC1=CC(=O)O/C1=C/C=O,NC1=CC(O)O/C1=C(\Cl)C(=O)O,3,0.1905,
NC1=CC(=O)O/C1=C/C=O,NC1=CC(=O)OC12OC2(Cl)CO,3,0.2093,
NC1=CC(=O)O/C1=C/C=O,NC1=CC(=O)O/C1=C(\Cl)C(O)O,3,0.3714,
NC1=CC(=O)O/C1=C/C=O,NC(=CC(=O)O)C(=O)C(Cl)C=O,3,0.0952,
NC1=CC(=O)O/C1=C/C=O,NC(=CC(=O)Cl)OC(=O)CC=O,3,0.0909,
NC1=CC(=O)O/C1=C/C=O,NC(=COC(=O)Cl)C(=O)CC=O,3,0.0909,
NC1=CC(=O)O/C1=C/C=O,NC1=CC(=O)OC1(O)C(Cl)C=O,3,0.2683,
NC1=CC(=O)O/C1=C/C=O,NC1=CC(O)OC1=COC(=O)Cl,3,0.2045,
NC1=CC(=O)O/C1=C/C=O,NC1=CC(=O)OC1(O)CC(=O)Cl,3,0.2143,
NC1=CC(=O)O/C1=C/C=O,NC1=CC(=O)OC12OC2(O)CCl,3,0.2143,
NC1=CC(=O)O/C1=C/C=O,NC1=CC(O)OC12OC2(Cl)C=O,3,0.1778,
NC1=CC(=O)O/C1=C/C=O,NC1=CC(O)O/C1=C(\O)C(=O)Cl,3,0.1905,
NC1=CC(=O)O/C1=C/C=O,NC1=CC(O)OC12OC2C(=O)Cl,3,0.1333,
NC1=CC(=O)O/C1=C/C=O,NC(=CC(=O)Cl)C(=O)OCC=O,3,0.0909,
NC1=CC(=O)O/C1=C/C=O,NC(=CC(=O)Cl)C(=O)C(O)C=O,3,0.122,
NC1=CC(=O)O/C1=C/C=O,NC(C(=O)CC=O)=C(O)C(=O)Cl,3,0.0952,
NC1=CC(=O)O/C1=C/C=O,NC1=CC(O)O/C1=C(\Cl)OC=O,3,0.2326,
NC1=CC(=O)O/C1=C/C=O,NC1=CC(=O)O/C1=C(\O)C(O)Cl,3,0.3611,
NC1=CC(=O)O/C1=C/C=O,NC(=CC(=O)O)C(=O)CC(=O)Cl,3,0.0714,
NC1=CC(=O)O/C1=C/C=O,NC1(C(=O)CC=O)OC1C(=O)Cl,3,0.1111,
NC1=CC(=O)O/C1=C/C=O,NC(=CC(=O)Cl)C(=O)COC=O,3,0.0909,
NC1=CC(=O)O/C1=C/C=O,NC1=CC(=O)OC1(N)C(Cl)C=O,3,0.275,
NC1=CC(=O)O/C1=C/C=O,NC1=CC(=O)OC1(N)CC(=O)Cl,3,0.2143,
NC1=CC(=O)O/C1=C/C=O,CC(=O)OC(C#N)/C=c1/oc2cc1n2,3,0.1132,
NC1=CC(=O)O/C1=C/C=O,CC1=NC2=CC(=O)OC2=CC(C#N)O1,3,0.1875,
NC1=CC(=O)O/C1=C/C=O,CC(O)/C(Cl)=C1/OC(=O)C=C1N,3,0.3514,
NC1=CC(=O)O/C1=C/C=O,COC1C=C(N)/C(=C\C(=O)Cl)O1,3,0.2,
NC1=CC(=O)O/C1=C/C=O,COC1C=C(N)/C(=C(/Cl)C=O)O1,3,0.2273,
NC1=CC(=O)O/C1=C/C=O,CC(C=O)C(=O)C(N)=CC(=O)Cl,3,0.093,
NC1=CC(=O)O/C1=C/C=O,CNC(=CC(=O)Cl)C(=O)CC=O,3,0.0667,
NC1=CC(=O)O/C1=C/C=O,COC/C(Cl)=C1/OC(=O)C=C1N,3,0.3684,
NC1=CC(=O)O/C1=C/C=O,CC(C(=O)Cl)=C(N)C(=O)CC=O,3,0.093,
NC1=CC(=O)O/C1=C/C=O,C/C(C(=O)Cl)=C1\OC(O)C=C1N,3,0.186,
NC1=CC(=O)O/C1=C/C=O,CC(Cl)/C(O)=C1/OC(=O)C=C1N,3,0.3611,
NC1=CC(=O)O/C1=C/C=O,NC1=CC(=O)OC1=C(CO)CCl,3,0.3514,
NC1=CC(=O)O/C1=C/C=O,CC(=O)/C(Cl)=C1/OC(O)C=C1N,3,0.186,
NC1=CC(=O)O/C1=C/C=O,CC(=O)CC(=O)C(N)=CC(=O)Cl,3,0.0698,
NC1=CC(=O)O/C1=C/C=O,NC1=CC(O)O/C1=C(/C=O)CCl,3,0.2439,
NC1=CC(=O)O/C1=C/C=O,CO/C(CCl)=C1\OC(=O)C=C1N,3,0.3421,
NC1=CC(=O)O/C1=C/C=O,NC1=CC(=O)O/C1=C/C(Cl)CO,3,0.4722,
NC1=CC(=O)O/C1=C/C=O,NC1=CC(O)O/C1=C/C(=O)CCl,3,0.2093,
NC1=CC(=O)O/C1=C/C=O,NC1=CC(=O)O/C1=C/C(O)CCl,3,0.4722,
NC1=CC(=O)O/C1=C/C=O,NC1=C(CO)C(=O)O/C1=C/CCl,3,0.2143,
NC1=CC(=O)O/C1=C/C=O,NC1=CC(=O)OC1=COC(=O)Cl,3,0.5,
NC1=CC(=O)O/C1=C/C=O,NC1=CC(=O)OC12OC2C(=O)Cl,3,0.2093,
NC1=CC(=O)O/C1=C/C=O,NC1=CC(=O)O/C1=C(\O)C(=O)Cl,3,0.3714,
NC1=CC(=O)O/C1=C/C=O,NC1=CC(=O)O/C1=C(\Cl)C(=O)O,3,0.3714,
NC1=CC(=O)O/C1=C/C=O,NC1=CC(=O)OC12OC2(Cl)C=O,3,0.275,
NC1=CC(=O)O/C1=C/C=O,NC1=CC(=O)O/C1=C(\Cl)OC=O,3,0.4167,
NC1=CC(=O)O/C1=C/C=O,CC(O)(CO)C1(N)OC(=O)C=C1N,3,0.2045,
NC1=CC(=O)O/C1=C/C=O,CC(C(=O)O)C(N)(N)C(=O)CC=O,3,0.0909,
NC1=CC(=O)O/C1=C/C=O,COCC(O)C1(N)OC(=O)C=C1N,3,0.1957,
NC1=CC(=O)O/C1=C/C=O,CC(=O)CC(=O)C(N)(N)CC(=O)O,3,0.0465,
NC1=CC(=O)O/C1=C/C=O,COC(CO)C1(N)OC(=O)C=C1N,3,0.2,
NC1=CC(=O)O/C1=C/C=O,CC(C(=O)O)C1(N)OC(O)C=C1N,3,0.1277,
NC1=CC(=O)O/C1=C/C=O,NC1=C(CO)C(=O)OC1(N)CCO,3,0.1395,
NC1=CC(=O)O/C1=C/C=O,CNC(C(=O)O)C(N)C(=O)CC=O,3,0.087,
NC1=CC(=O)O/C1=C/C=O,CC(=O)C(O)C1(N)OC(O)C=C1N,3,0.1277,
NC1=CC(=O)O/C1=C/C=O,COC(=O)CC1(N)OC(O)C=C1N,3,0.125,
NC1=CC(=O)O/C1=C/C=O,COC1C=C(N)C(N)(C(O)C=O)O1,3,0.1667,
NC1=CC(=O)O/C1=C/C=O,NC1=CC(=O)OC1(N)C(CO)CO,3,0.2195,
NC1=CC(=O)O/C1=C/C=O,CC(O)C(O)C1(N)OC(=O)C=C1N,3,0.2143,
NC1=CC(=O)O/C1=C/C=O,CC(O)(C=O)C1(N)OC(O)C=C1N,3,0.1739,
NC1=CC(=O)O/C1=C/C=O,NC1=CC(O)OC1(N)C(C=O)CO,3,0.1702,
NC1=CC(=O)O/C1=C/C=O,CC(=O)CC(=O)C(N)C(N)C(=O)O,3,0.0476,
NC1=CC(=O)O/C1=C/C=O,CNC(N)(CC(=O)O)C(=O)CC=O,3,0.087,
NC1=CC(=O)O/C1=C/C=O,CC(C=O)C(=O)C(N)(N)CC(=O)O,3,0.0909,
NC1=CC(=O)O/C1=C/C=O,CC(C=O)C(=O)C(N)C(N)C(=O)O,3,0.125,
NC1=CC(=O)O/C1=C/C=O,COC(=O)C(N)C(N)C(=O)CC=O,3,0.0909,
NC1=CC(=O)O/C1=C/C=O,CNC(C(=O)CC=O)C(N)C(=O)O,3,0.087,
NC1=CC(=O)O/C1=C/C=O,COC1C=C(N)C(N)(CC(=O)O)O1,3,0.1458,
NC1=CC(=O)O/C1=C/C=O,CC(N)(C(=O)O)C(N)C(=O)CC=O,3,0.0889,
NC1=CC(=O)O/C1=C/C=O,NC1=CC(=O)OC1(N)CC(O)CO,3,0.2045,
NC1=CC(=O)O/C1=C/C=O,COC(C=O)C1(N)OC(O)C=C1N,3,0.1667,
NC1=CC(=O)O/C1=C/C=O,COC(=O)CC(N)(N)C(=O)CC=O,3,0.0889,
NC1=CC(=O)O/C1=C/C=O,NC1=CC(O)OC1(N)CC(=O)CO,3,0.1277,
NC1=CC(=O)O/C1=C/C=O,CC(N)(C(=O)CC=O)C(N)C(=O)O,3,0.0889,
NC1=CC(=O)O/C1=C/C=O,NC1=CC(=O)O/C1=C(/C=O)CCl,3,0.4167,
NC1=CC(=O)O/C1=C/C=O,NC1=C(C=O)C(=O)O/C1=C/CCl,3,0.25,
NC1=CC(=O)O/C1=C/C=O,CC(=O)/C(Cl)=C1/OC(=O)C=C1N,3,0.3611,
NC1=CC(=O)O/C1=C/C=O,NC1=CC(=O)O/C1=C/C(=O)CCl,3,0.4857,
NC1=CC(=O)O/C1=C/C=O,NC1=CC(=O)OC1=C(C=O)CCl,3,0.4167,
NC1=CC(=O)O/C1=C/C=O,NC1=CC(=O)O/C1=C/C(Cl)C=O,3,0.5455,
NC1=CC(=O)O/C1=C/C=O,C/C(C(=O)Cl)=C1\OC(=O)C=C1N,3,0.3611,
NC1=CC(=O)O/C1=C/C=O,N#CC(Cl)CC1OC(=O)C=C1N,3,0.2,
NC1=CC(=O)O/C1=C/C=O,NC1=CC(=O)OC1CC(O)C=NO,3,0.2174,
NC1=CC(=O)O/C1=C/C=O,NC1=CC(O)O/C1=C/C(N)C(=O)O,3,0.2045,
NC1=CC(=O)O/C1=C/C=O,NCCC(=O)C(N)=C(C=O)C(=O)O,3,0.093,
NC1=CC(=O)O/C1=C/C=O,NC1=CC(=O)O/C1=C/C(N)(O)CO,3,0.4722,
NC1=CC(=O)O/C1=C/C=O,NC1=CC(=O)OC1(N)CC(=O)CO,3,0.2093,
NC1=CC(=O)O/C1=C/C=O,NC/C=C1/OC(O)C(C(=O)O)=C1N,3,0.1591,
NC1=CC(=O)O/C1=C/C=O,NC/C(O)=C1/OC(=O)C(CO)=C1N,3,0.1905,
NC1=CC(=O)O/C1=C/C=O,N#CC(O)(CC=O)C(N)CC(=O)O,3,0.0833,
NC1=CC(=O)O/C1=C/C=O,CC(=O)C(O)C1(N)OC(=O)C=C1N,3,0.2093,
NC1=CC(=O)O/C1=C/C=O,NC1=CC(=O)OC1CC(N)C(=O)O,3,0.2045,
NC1=CC(=O)O/C1=C/C=O,N#CC(O)(O)CC(N)C(=O)CC=O,3,0.0851,
NC1=CC(=O)O/C1=C/C=O,NC1=CC(=O)OC1(O)CC(N)C=O,3,0.2558,
NC1=CC(=O)O/C1=C/C=O,NCC(=O)CC(=O)C(N)=CC(=O)O,3,0.0698,
NC1=CC(=O)O/C1=C/C=O,NCC(O)/C(O)=C1/OC(=O)C=C1N,3,0.3421,
NC1=CC(=O)O/C1=C/C=O,N#CC(O)(O)C=C(N)C(=O)CCO,3,0.0638,
NC1=CC(=O)O/C1=C/C=O,N#CC(O)(O)C=C(N)C(O)CC=O,3,0.0851,
NC1=CC(=O)O/C1=C/C=O,NC1=CC(=O)O/C1=C/C(O)C(N)O,3,0.5,
NC1=CC(=O)O/C1=C/C=O,NC1=CC(O)O/C1=C/C(=O)C(N)O,3,0.2045,
NC1=CC(=O)O/C1=C/C=O,NC(=CC(N)O)C(=O)C(C=O)C=O,3,0.1,
NC1=CC(=O)O/C1=C/C=O,NC1=CC(=O)OC1(N)CC(O)C=O,3,0.2558,
NC1=CC(=O)O/C1=C/C=O,N#CC(O)CC(O)C(N)=CC(=O)O,3,0.0638,
NC1=CC(=O)O/C1=C/C=O,NC(C(=O)CC=O)=C(C=O)C(N)O,3,0.0909,
NC1=CC(=O)O/C1=C/C=O,NC1=CC(=O)O/C1=C(\O)C(N)CO,3,0.3421,
NC1=CC(=O)O/C1=C/C=O,NC(=CC(=O)O)C(N)(C=O)CC=O,3,0.0909,
NC1=CC(=O)O/C1=C/C=O,COC(=O)CC1(N)OC(=O)C=C1N,3,0.2,
NC1=CC(=O)O/C1=C/C=O,NCC(C=O)C1(O)OC(=O)C=C1N,3,0.2558,
NC1=CC(=O)O/C1=C/C=O,NC1=CC(O)O/C1=C/C(N)(O)C=O,3,0.2326,
NC1=CC(=O)O/C1=C/C=O,NC(=CC(=O)O)C(=O)CC(N)C=O,3,0.0909,
NC1=CC(=O)O/C1=C/C=O,NCC(C(=O)O)=C1OC(O)C=C1N,3,0.186,
NC1=CC(=O)O/C1=C/C=O,NCC(C(=O)O)C1OC(=O)C=C1N,3,0.2045,
NC1=CC(=O)O/C1=C/C=O,NC1=C(C=O)C(O)O/C1=C/C(N)O,3,0.1818,
NC1=CC(=O)O/C1=C/C=O,NCC(=O)CC1(O)OC(=O)C=C1N,3,0.2093,
NC1=CC(=O)O/C1=C/C=O,NCC(C=O)C(=O)C(N)=CC(=O)O,3,0.0909,
NC1=CC(=O)O/C1=C/C=O,NC1=CC(O)OC1=C(C=O)C(N)O,3,0.2326,
NC1=CC(=O)O/C1=C/C=O,NC(=O)NC(=CCO)C(=O)CC=O,3,0.0889,
NC1=CC(=O)O/C1=C/C=O,N#CC(O)CC(=O)C(N)CC(=O)O,3,0.0435,
NC1=CC(=O)O/C1=C/C=O,N#CC(O)(CC=O)C(N)=CC(O)O,3,0.0851,
NC1=CC(=O)O/C1=C/C=O,N#CC(O)(O)CC1OC(O)C=C1N,3,0.1042,
NC1=CC(=O)O/C1=C/C=O,NC1=C(CO)C(=O)O/C1=C/C(N)O,3,0.2093,
NC1=CC(=O)O/C1=C/C=O,NC1=C(C=O)C(=O)OC1(N)CCO,3,0.1818,
NC1=CC(=O)O/C1=C/C=O,NC1=CC(=O)OC1=C(CO)C(N)O,3,0.3421,
NC1=CC(=O)O/C1=C/C=O,NC(=CC(=O)O)C(N)CC(=O)C=O,3,0.0909,
NC1=CC(=O)O/C1=C/C=O,CC(OC=O)C1(N)OC(=O)C=C1N,3,0.2558,
NC1=CC(=O)O/C1=C/C=O,NC1=CC(=O)OC1(N)C(C=O)CO,3,0.2558,
NC1=CC(=O)O/C1=C/C=O,NC1=C(CO)C(=O)OC1(N)CC=O,3,0.186,
NC1=CC(=O)O/C1=C/C=O,NC(=C(C=O)C(=O)O)C(N)CC=O,3,0.0909,
NC1=CC(=O)O/C1=C/C=O,NCC(=O)/C(O)=C1/OC(O)C=C1N,3,0.186,
NC1=CC(=O)O/C1=C/C=O,N#CC(O)CC(=O)C(N)=CC(O)O,3,0.0652,
NC1=CC(=O)O/C1=C/C=O,CC(C(=O)O)C1(N)OC(=O)C=C1N,3,0.2093,
NC1=CC(=O)O/C1=C/C=O,NC1=CC(=O)O/C1=C/C(N)C(O)O,3,0.5,
NC1=CC(=O)O/C1=C/C=O,CC(=O)OCC1(N)OC(=O)C=C1N,3,0.2,
NC1=CC(=O)O/C1=C/C=O,N#CC(O)C(O)C1OC(O)C=C1N,3,0.1087,
NC1=CC(=O)O/C1=C/C=O,NC/C(O)=C1/OC(O)C(C=O)=C1N,3,0.1818,
NC1=CC(=O)O/C1=C/C=O,NC(=CC(=O)O)C(N)C(C=O)C=O,3,0.0976,
NC1=CC(=O)O/C1=C/C=O,N#CC(O)(CCO)C(N)=CC(=O)O,3,0.0625,
NC1=CC(=O)O/C1=C/C=O,COC(C=O)C1(N)OC(=O)C=C1N,3,0.2558,
NC1=CC(=O)O/C1=C/C=O,CC(O)(C=O)C1(N)OC(=O)C=C1N,3,0.2619,
NC1=CC(=O)O/C1=C/C=O,NC/C(=C1/OC(=O)C=C1N)C(O)O,3,0.3514,
NC1=CC(=O)O/C1=C/C=O,NC(=CC(N)O)C(=O)CC(=O)C=O,3,0.0909,
NC1=CC(=O)O/C1=C/C=O,NC1=CC(O)O/C1=C(\O)C(N)C=O,3,0.2326,
NC1=CC(=O)O/C1=C/C=O,NC(=CC(N)(O)C=O)C(=O)CC=O,3,0.0909,
NC1=CC(=O)O/C1=C/C=O,NC(=O)C(O)CC1OC(=O)C=C1N,3,0.2045,
NC1=CC(=O)O/C1=C/C=O,NCCC1(O)OC(=O)C(C=O)=C1N,3,0.1818,
NC1=CC(=O)O/C1=C/C=O,CCC(C=O)C1(O)OC(=O)C=C1N,3,0.25,
NC1=CC(=O)O/C1=C/C=O,CNC(=CC(=O)O)C(=O)CC(C)=O,3,0.0455,
NC1=CC(=O)O/C1=C/C=O,COC1C=C(N)/C(=C\C(=O)CO)O1,3,0.1915,
NC1=CC(=O)O/C1=C/C=O,CNC(C(=O)CC=O)=C(C)C(=O)O,3,0.0667,
NC1=CC(=O)O/C1=C/C=O,CC(=O)OCCC1OC(=O)C=C1N,3,0.1957,
NC1=CC(=O)O/C1=C/C=O,COC(=O)/C(C)=C1/OC(O)C=C1N,3,0.1778,
NC1=CC(=O)O/C1=C/C=O,CC(O)/C(C=O)=C1\OC(O)C=C1N,3,0.2273,
NC1=CC(=O)O/C1=C/C=O,C/C(C(=O)O)=C1\OC(C)(O)C=C1N,3,0.186,
NC1=CC(=O)O/C1=C/C=O,CC1=C(N)/C(=C\C(=O)CO)OC1O,3,0.1522,
NC1=CC(=O)O/C1=C/C=O,CC/C(C(=O)O)=C1\OC(O)C=C1N,3,0.1818,
NC1=CC(=O)O/C1=C/C=O,CC(O)C(=O)/C=C1/OC(O)C=C1N,3,0.2,
NC1=CC(=O)O/C1=C/C=O,CCC(=O)/C(O)=C1/OC(O)C=C1N,3,0.1818,
NC1=CC(=O)O/C1=C/C=O,CC(=O)NC(=CCO)C(=O)CC=O,3,0.0652,
NC1=CC(=O)O/C1=C/C=O,CC(=O)C(C)C(=O)C(N)=CC(=O)O,3,0.0698,
NC1=CC(=O)O/C1=C/C=O,CC(C)(C=O)C(=O)C(N)=CC(=O)O,3,0.0952,
NC1=CC(=O)O/C1=C/C=O,CNC(=CC(=O)OC)C(=O)CC=O,3,0.0652,
NC1=CC(=O)O/C1=C/C=O,COC/C=C1/OC(=O)C(CO)=C1N,3,0.2,
NC1=CC(=O)O/C1=C/C=O,COC(C)/C(O)=C1/OC(=O)C=C1N,3,0.3333,
NC1=CC(=O)O/C1=C/C=O,COC1C=C(N)/C(=C(/C)C(=O)O)O1,3,0.1778,
NC1=CC(=O)O/C1=C/C=O,CC(C(=O)O)=C(N)C(=O)C(C)C=O,3,0.0952,
NC1=CC(=O)O/C1=C/C=O,CC(O)NC1=CC(=O)OC1CC=O,3,0.1915,
NC1=CC(=O)O/C1=C/C=O,NC1=CC(O)O/C1=C(/C=O)CCO,3,0.2381,
NC1=CC(=O)O/C1=C/C=O,CC(O)OC/C=C1/OC(=O)C=C1N,3,0.4359,
NC1=CC(=O)O/C1=C/C=O,C/C(C(=O)CO)=C1\OC(O)C=C1N,3,0.1818,
NC1=CC(=O)O/C1=C/C=O,CC(O)(/C=C1/OC(=O)C=C1N)CO,3,0.5,
NC1=CC(=O)O/C1=C/C=O,CC(=O)OC1C=C(N)/C(=C\CO)O1,3,0.1915,
NC1=CC(=O)O/C1=C/C=O,COC1C=C(N)/C(=C(\C=O)CO)O1,3,0.2222,
NC1=CC(=O)O/C1=C/C=O,COCC(O)/C=C1/OC(=O)C=C1N,3,0.4359,
NC1=CC(=O)O/C1=C/C=O,NC(=CCO)C(=O)CC(=O)CC=O,3,0.093,
NC1=CC(=O)O/C1=C/C=O,NC1=CC(O)O/C1=C/C(=O)CCO,3,0.2045,
NC1=CC(=O)O/C1=C/C=O,NC1=CC(=O)O/C1=C(/CO)CCO,3,0.3611,
NC1=CC(=O)O/C1=C/C=O,CN(C)C(=CC(=O)O)C(=O)CC=O,3,0.0698,
NC1=CC(=O)O/C1=C/C=O,CC(=O)/C(O)=C1/OC(O)C(C)=C1N,3,0.1395,
NC1=CC(=O)O/C1=C/C=O,CO/C(C=O)=C1\OC(OC)C=C1N,3,0.2273,
NC1=CC(=O)O/C1=C/C=O,CC1=C(N)/C(=C(\C=O)CO)OC1O,3,0.1778,
NC1=CC(=O)O/C1=C/C=O,CC(C)(O)/C(O)=C1/OC(=O)C=C1N,3,0.3611,
NC1=CC(=O)O/C1=C/C=O,COC(/C=C1/OC(=O)C=C1N)CO,3,0.4359,
NC1=CC(=O)O/C1=C/C=O,CCC(O)/C(O)=C1/OC(=O)C=C1N,3,0.3333,
NC1=CC(=O)O/C1=C/C=O,CC1=C(N)/C(=C(/O)C(C)O)OC1=O,3,0.1905,
NC1=CC(=O)O/C1=C/C=O,CCC(C(=O)O)=C(N)C(=O)CC=O,3,0.0909,
NC1=CC(=O)O/C1=C/C=O,COC(=O)C=C(N)C(=O)CC(C)=O,3,0.0682,
NC1=CC(=O)O/C1=C/C=O,CC1=C(N)/C(=C(/C)C(=O)O)OC1O,3,0.1364,
NC1=CC(=O)O/C1=C/C=O,CC(O)/C(CO)=C1\OC(=O)C=C1N,3,0.3333,
NC1=CC(=O)O/C1=C/C=O,CC1=C(N)C(O)(C(C)C=O)OC1=O,3,0.186,
NC1=CC(=O)O/C1=C/C=O,CO/C(=C1\OC(=O)C=C1N)C(C)O,3,0.3333,
NC1=CC(=O)O/C1=C/C=O,COC1(C(C)C=O)OC(=O)C=C1N,3,0.2558,
NC1=CC(=O)O/C1=C/C=O,C/C(CO)=C1\OC(=O)C(CO)=C1N,3,0.1905,
NC1=CC(=O)O/C1=C/C=O,CC(=O)NC1=CC(=O)OC1CCO,3,0.1489,
NC1=CC(=O)O/C1=C/C=O,CC(C)(C=O)C1(O)OC(=O)C=C1N,3,0.2683,
NC1=CC(=O)O/C1=C/C=O,CC(O)C(O)/C=C1/OC(=O)C=C1N,3,0.4857,
NC1=CC(=O)O/C1=C/C=O,COC/C(OC)=C1/OC(=O)C=C1N,3,0.3421,
NC1=CC(=O)O/C1=C/C=O,NC(C(=O)CC=O)=C(CO)CC=O,3,0.0976,
NC1=CC(=O)O/C1=C/C=O,CC(O)/C(CO)=C1/OC(=O)C=C1N,3,0.3333,
NC1=CC(=O)O/C1=C/C=O,CCC(C=O)C(=O)C(N)=CC(=O)O,3,0.0889,
NC1=CC(=O)O/C1=C/C=O,CO/C(C(C)=O)=C1\OC(O)C=C1N,3,0.1778,
NC1=CC(=O)O/C1=C/C=O,COCC(=O)/C=C1/OC(O)C=C1N,3,0.1957,
NC1=CC(=O)O/C1=C/C=O,COC/C(C=O)=C1\OC(O)C=C1N,3,0.2273,
NC1=CC(=O)O/C1=C/C=O,CCC(=O)CC(=O)C(N)=CC(=O)O,3,0.0682,
NC1=CC(=O)O/C1=C/C=O,CC1=C(N)C(=C(CO)CO)OC1=O,3,0.2,
NC1=CC(=O)O/C1=C/C=O,NC1=CC(=O)O/C1=C/C(O)CCO,3,0.4595,
NC1=CC(=O)O/C1=C/C=O,CC(=O)/C(O)=C1/OC(C)(O)C=C1N,3,0.186,
NC1=CC(=O)O/C1=C/C=O,COCC1=C(N)/C(=C\CO)OC1=O,3,0.2,
NC1=CC(=O)O/C1=C/C=O,CC(=O)CC1(O)OC(=O)C(C)=C1N,3,0.1333,
NC1=CC(=O)O/C1=C/C=O,CC(O)C(CO)=C1OC(=O)C=C1N,3,0.3333,
NC1=CC(=O)O/C1=C/C=O,CC(O)/C=C1/OC(=O)C(CO)=C1N,3,0.2045,
NC1=CC(=O)O/C1=C/C=O,COC1C=C(N)/C(=C(/O)C(C)=O)O1,3,0.1778,
NC1=CC(=O)O/C1=C/C=O,CC(=O)NC1=CC(O)O/C1=C/CO,3,0.1277,
NC1=CC(=O)O/C1=C/C=O,CNC(=CC(=O)O)C(=O)C(C)C=O,3,0.0667,
NC1=CC(=O)O/C1=C/C=O,COC(=O)C(C)=C(N)C(=O)CC=O,3,0.0889,
NC1=CC(=O)O/C1=C/C=O,CC(=O)OC/C=C1/OC(O)C=C1N,3,0.1957,
NC1=CC(=O)O/C1=C/C=O,CC1=C(N)/C(=C\C(O)CO)OC1=O,3,0.2045,
NC1=CC(=O)O/C1=C/C=O,CC(=O)OCC=C(N)C(=O)CC=O,3,0.087,
NC1=CC(=O)O/C1=C/C=O,CC(=O)C(C)C1(O)OC(=O)C=C1N,3,0.2093,
NC1=CC(=O)O/C1=C/C=O,CC(=O)/C(CO)=C1/OC(O)C=C1N,3,0.1818,
NC1=CC(=O)O/C1=C/C=O,NC(=CCO)C(=O)C(C=O)CC=O,3,0.0889,
NC1=CC(=O)O/C1=C/C=O,CC(O)NC1=CC(=O)O/C1=C/CO,3,0.2791,
NC1=CC(=O)O/C1=C/C=O,COC(=O)/C=C1/OC(OC)C=C1N,3,0.2,
NC1=CC(=O)O/C1=C/C=O,CC(=O)CC(=O)C(N)=C(C)C(=O)O,3,0.0476,
NC1=CC(=O)O/C1=C/C=O,COC1(CC(C)=O)OC(=O)C=C1N,3,0.2,
NC1=CC(=O)O/C1=C/C=O,C/C(=C1\OC(=O)C=C1N)C(O)CO,3,0.3333,
NC1=CC(=O)O/C1=C/C=O,COCC(CO)=C1OC(=O)C=C1N,3,0.325,
NC1=CC(=O)O/C1=C/C=O,COC(=O)C=C(N)C(=O)C(C)C=O,3,0.0889,
NC1=CC(=O)O/C1=C/C=O,NC(=CC(O)CC=O)C(=O)CC=O,3,0.0909,
NC1=CC(=O)O/C1=C/C=O,CCC(=O)CC1(O)OC(=O)C=C1N,3,0.2045,
NC1=CC(=O)O/C1=C/C=O,N#C/C(CCl)=C1\OC(=O)C=C1N,3,0.3333,
NC1=CC(=O)O/C1=C/C=O,C=C1OC(=O)C(C(Cl)C#N)=C1N,3,0.1591,
NC1=CC(=O)O/C1=C/C=O,N#CC1=C(N)/C(=C\CCl)OC1=O,3,0.2381,
NC1=CC(=O)O/C1=C/C=O,N#CC(Cl)/C=C1/OC(=O)C=C1N,2,0.4722,
NC1=CC(=O)O/C1=C/C=O,CC(=O)NC1=CC(=O)OC1CCN,3,0.1702,
NC1=CC(=O)O/C1=C/C=O,CC(O)NC/C=C1/OC(=O)C=C1N,3,0.4359,
NC1=CC(=O)O/C1=C/C=O,CC1=C(N)C(N)(C(C)C=O)OC1=O,3,0.186,
NC1=CC(=O)O/C1=C/C=O,CC(=O)CC1(N)OC(=O)C(C)=C1N,3,0.1333,
NC1=CC(=O)O/C1=C/C=O,CC(O)NC1=CC(=O)O/C1=C/CN,3,0.3023,
NC1=CC(=O)O/C1=C/C=O,CCC(=O)CC1(N)OC(=O)C=C1N,3,0.2045,
NC1=CC(=O)O/C1=C/C=O,CC(=O)NCCC1OC(=O)C=C1N,3,0.1957,
NC1=CC(=O)O/C1=C/C=O,CC(C)(C=O)C1(N)OC(=O)C=C1N,3,0.275,
NC1=CC(=O)O/C1=C/C=O,CC(N)OC/C=C1/OC(=O)C=C1N,3,0.4474,
NC1=CC(=O)O/C1=C/C=O,CC(N)NC1=CC(=O)OC1CC=O,3,0.2174,
NC1=CC(=O)O/C1=C/C=O,CC(=O)C(C)C1(N)OC(=O)C=C1N,3,0.2093,
NC1=CC(=O)O/C1=C/C=O,CCC(C=O)C1(N)OC(=O)C=C1N,3,0.2558,
NC1=CC(=O)O/C1=C/C=O,CC(N)NC1=CC(=O)O/C1=C/CO,3,0.3023,
NC1=CC(=O)O/C1=C/C=O,N#CC1(O)CC(O)OC(=O)C=C1N,3,0.1957,
NC1=CC(=O)O/C1=C/C=O,NC(=O)C=C(N)C(=O)C(C=O)C=O,3,0.1026,
NC1=CC(=O)O/C1=C/C=O,NCC(C(=O)O)=C1OC(=O)C=C1N,3,0.3514,
NC1=CC(=O)O/C1=C/C=O,CC(O)(C#N)C(=O)C(N)=CC(=O)O,3,0.0652,
NC1=CC(=O)O/C1=C/C=O,NC1=C(CC(=O)C=O)C(=O)OC1N,3,0.1818,
NC1=CC(=O)O/C1=C/C=O,N#CC1(O)C(N)=CC(=O)OC1CO,3,0.1957,
NC1=CC(=O)O/C1=C/C=O,NC1=CC(=O)O/C1=C/C(N)C(=O)O,2,0.4857,
NC1=CC(=O)O/C1=C/C=O,C=C1OC(O)(C(O)(O)C#N)C=C1N,3,0.1333,
NC1=CC(=O)O/C1=C/C=O,NC/C=C1/OC(=O)C(C(=O)O)=C1N,3,0.2143,
NC1=CC(=O)O/C1=C/C=O,NC/C(C(=O)O)=C1/OC(=O)C=C1N,2,0.3514,
NC1=CC(=O)O/C1=C/C=O,NC1=CC(=O)O/C1=C1\OC1C(N)O,3,0.3333,
NC1=CC(=O)O/C1=C/C=O,N#CC(O)CC(=O)C(=CN)C(=O)O,3,0.0638,
NC1=CC(=O)O/C1=C/C=O,NCC(=O)OC=C1OC(=O)C=C1N,3,0.4595,
NC1=CC(=O)O/C1=C/C=O,NC1=C(CC=O)C(=O)OC1(N)C=O,3,0.1905,0.1622
NC1=CC(=O)O/C1=C/C=O,N#CC1(O)C=C(N)C(=O)C(CO)O1,3,0.1702,
NC1=CC(=O)O/C1=C/C=O,N#CC(O)C1(O)C=C(N)/C(=C/O)O1,3,0.1739,
NC1=CC(=O)O/C1=C/C=O,NC1=C2OC(O)C(N)C=C1OC2=O,3,0.1818,
NC1=CC(=O)O/C1=C/C=O,N#CC(O)C1OC(O)C=C(N)C1=O,3,0.1739,
NC1=CC(=O)O/C1=C/C=O,C=C(N)C(=O)CC(O)(C#N)C(=O)O,3,0.0435,
NC1=CC(=O)O/C1=C/C=O,N#CC(O)/C(O)=C1/OC(O)C=C1N,2,0.1591,
NC1=CC(=O)O/C1=C/C=O,NC(=O)C(C=O)=C(N)C(=O)CC=O,3,0.0976,
NC1=CC(=O)O/C1=C/C=O,NCC(=O)/C(O)=C1/OC(=O)C=C1N,3,0.3514,
NC1=CC(=O)O/C1=C/C=O,NC1=C(C(=O)CC=O)C(=O)OC1N,3,0.1818,
NC1=CC(=O)O/C1=C/C=O,N#CC(=C(N)C(=O)CC=O)C(O)O,3,0.087,
NC1=CC(=O)O/C1=C/C=O,N#CC(O)C(N)=C(CC=O)C(=O)O,3,0.0851,
NC1=CC(=O)O/C1=C/C=O,CC1(O)OC(=O)C(C(O)C#N)=C1N,3,0.1304,
NC1=CC(=O)O/C1=C/C=O,N#CC1(O)CC(=O)C(N)=CC(O)O1,3,0.1702,
NC1=CC(=O)O/C1=C/C=O,NC1=CC(=O)O/C1=C1/C(N)OC1O,3,0.3333,
NC1=CC(=O)O/C1=C/C=O,CC1(N)OC(=O)C(C(=O)C=O)=C1N,3,0.186,
NC1=CC(=O)O/C1=C/C=O,N#CC(O)(CCO)C(N)=C1OC1=O,3,0.1556,
NC1=CC(=O)O/C1=C/C=O,NC1=CC(=O)OC1=CC(CO)=NO,3,0.4595,
NC1=CC(=O)O/C1=C/C=O,N#CC1(O)CC(O)C(N)=CC(=O)O1,3,0.1957,
NC1=CC(=O)O/C1=C/C=O,N#CC1(CCO)OC(C(=O)O)=C1N,3,0.1042,
NC1=CC(=O)O/C1=C/C=O,C=C1OC(=O)C(C(N)C(=O)O)=C1N,3,0.1628,
NC1=CC(=O)O/C1=C/C=O,C=C(N)C(=O)C(C=O)C(O)(O)C#N,3,0.0889,
NC1=CC(=O)O/C1=C/C=O,N#CC1(O)CC(=O)OC(O)C=C1N,3,0.1458,
NC1=CC(=O)O/C1=C/C=O,NC(=O)NC(=CC=O)C(=O)CC=O,3,0.1163,
NC1=CC(=O)O/C1=C/C=O,CC(O)(C#N)C(N)=C(C=O)C(=O)O,3,0.087,
NC1=CC(=O)O/C1=C/C=O,N#CC(O)CC1(O)OC(=O)C=C1N,2,0.1957,
NC1=CC(=O)O/C1=C/C=O,N#CC1CC(O)(C(N)=CC(=O)O)O1,3,0.0816,
NC1=CC(=O)O/C1=C/C=O,N#CC1(C(N)=CC(O)O)CC(=O)O1,3,0.1277,
NC1=CC(=O)O/C1=C/C=O,N#C/C(=C1\OC(O)C=C1N)C(O)O,3,0.1556,
NC1=CC(=O)O/C1=C/C=O,N#CC(O)(O)C(=CN)C(=O)CC=O,3,0.087,
NC1=CC(=O)O/C1=C/C=O,NC1=CC(=O)OC1=C(C=O)C(N)O,3,0.4286,
NC1=CC(=O)O/C1=C/C=O,N#CC(O)(O)CC1OC(=O)C=C1N,3,0.2,
NC1=CC(=O)O/C1=C/C=O,N#CC(CO)C1(O)OC(=O)C=C1N,3,0.1957,
NC1=CC(=O)O/C1=C/C=O,N#CC1(CC=O)OC(C(O)O)=C1N,3,0.1489,
NC1=CC(=O)O/C1=C/C=O,N#CC1(O)C=C(N)C(=O)CC(O)O1,3,0.1702,
NC1=CC(=O)O/C1=C/C=O,N#CC(=O)CC(O)C(N)=CC(=O)O,3,0.0638,
NC1=CC(=O)O/C1=C/C=O,CC(=O)C(N)=C(C=O)C(O)(O)C#N,3,0.0889,
NC1=CC(=O)O/C1=C/C=O,N#CC(O)CC1=C(N)C(O)OC1=O,3,0.125,
NC1=CC(=O)O/C1=C/C=O,N#CC1(O)OC1=C(N)C(=O)CCO,3,0.0816,
NC1=CC(=O)O/C1=C/C=O,N#CC(O)(CC=O)C(=CN)C(=O)O,3,0.0851,
NC1=CC(=O)O/C1=C/C=O,N#CC1(C(N)=CC(=O)O)CC(O)O1,3,0.0816,
NC1=CC(=O)O/C1=C/C=O,NCC(OC=O)=C1OC(=O)C=C1N,3,0.4054,
NC1=CC(=O)O/C1=C/C=O,NC1=CC(=O)O/C1=C/C(O)C=NO,2,0.4595,
NC1=CC(=O)O/C1=C/C=O,NC1=C(C=O)C(=O)OC1(N)CC=O,2,0.1905,
NC1=CC(=O)O/C1=C/C=O,NC1=CC(=O)O/C1=C(\O)C(N)C=O,3,0.4167,
NC1=CC(=O)O/C1=C/C=O,C=C(N)C(=O)CC(=O)C(O)(O)C#N,3,0.0444,
NC1=CC(=O)O/C1=C/C=O,NC1=CC(=O)O/C1=C(\C=NO)CO,3,0.359,
NC1=CC(=O)O/C1=C/C=O,NC1=CC(=O)O/C1=C/C(=O)C(N)O,3,0.4857,
NC1=CC(=O)O/C1=C/C=O,N#CC1(O)C=C(N)C(O)C(C=O)O1,3,0.1739,
NC1=CC(=O)O/C1=C/C=O,C=C(N)C(O)(C#N)C(C=O)C(=O)O,3,0.087,
NC1=CC(=O)O/C1=C/C=O,N#CC(O)(O)/C=C1/OC(O)C=C1N,2,0.1778,
NC1=CC(=O)O/C1=C/C=O,N#CC1=C(N)/C(=C(/O)CO)OC1O,3,0.1064,
NC1=CC(=O)O/C1=C/C=O,N#CC(O)CC(C(=O)O)=C(N)C=O,3,0.0851,
NC1=CC(=O)O/C1=C/C=O,NC1=CC(=O)O/C1=C/C(N)OC=O,3,0.5143,
NC1=CC(=O)O/C1=C/C=O,NCC1=C(N)/C(=C/C(=O)O)OC1=O,3,0.2143,
NC1=CC(=O)O/C1=C/C=O,N#CC1(O)C=C(N)C(O)CC(=O)O1,3,0.1458,
NC1=CC(=O)O/C1=C/C=O,C=C1OC(O)C(C(O)(O)C#N)=C1N,3,0.0889,
NC1=CC(=O)O/C1=C/C=O,NC(=O)C1=C(N)/C(=C\CO)OC1=O,3,0.2143,
NC1=CC(=O)O/C1=C/C=O,N#CC1(O)C(N)=CC(O)OC1C=O,3,0.1702,
NC1=CC(=O)O/C1=C/C=O,NC1=CC(=O)OC1(N)C(C=O)C=O,2,0.2895,
NC1=CC(=O)O/C1=C/C=O,NC1=CC(=O)O/C1=C/C1(N)OC1O,3,0.4722,
NC1=CC(=O)O/C1=C/C=O,NCC(=O)C1OC12OC(=O)C=C2N,3,0.2,
NC1=CC(=O)O/C1=C/C=O,N#CC(O)CC(O)C(N)=C1OC1=O,3,0.1591,
NC1=CC(=O)O/C1=C/C=O,N#CC(O)C(O)C1OC(=O)C=C1N,3,0.2093,
NC1=CC(=O)O/C1=C/C=O,N#CC(O)(O)C(CC=O)=C(N)C=O,3,0.0889,
NC1=CC(=O)O/C1=C/C=O,CC(=O)C(O)(C#N)C(N)=CC(=O)O,3,0.0652,
NC1=CC(=O)O/C1=C/C=O,NCC=C1OC(=O)C(C(=O)O)=C1N,3,0.2143,
NC1=CC(=O)O/C1=C/C=O,NC1=CC(=O)OC1(CC=O)NC=O,3,0.2619,0.1633
NC1=CC(=O)O/C1=C/C=O,N#CC1CC(=O)C(N)=C(C(O)O)O1,3,0.1277,
NC1=CC(=O)O/C1=C/C=O,N#CC(C(=O)O)=C(N)C(=O)CCO,3,0.0435,
NC1=CC(=O)O/C1=C/C=O,N#CC(C=O)C(=O)C(N)=CC(O)O,3,0.0889,
NC1=CC(=O)O/C1=C/C=O,NCC1(C=O)OC12OC(=O)C=C2N,3,0.2619,
NC1=CC(=O)O/C1=C/C=O,NC1=CC(=O)OC1=CC(N)C(=O)O,3,0.4857,
NC1=CC(=O)O/C1=C/C=O,N#CC1OC1C(=O)C(N)=CC(O)O,3,0.0851,
NC1=CC(=O)O/C1=C/C=O,N#CC1=C(N)/C(=C\C(O)O)OC1O,3,0.1304,
NC1=CC(=O)O/C1=C/C=O,NCC1OC12OC(=O)C(C=O)=C2N,3,0.1778,
NC1=CC(=O)O/C1=C/C=O,N#CC1CC(O)C(N)=C(C(=O)O)O1,3,0.1042,
NC1=CC(=O)O/C1=C/C=O,NC1=CC(=O)OC1(N)CC(=O)C=O,2,0.2619,
NC1=CC(=O)O/C1=C/C=O,N#CC1(O)OC1=C(N)C(O)CC=O,3,0.1224,
NC1=CC(=O)O/C1=C/C=O,N#CC(C=O)C(O)C(N)=CC(=O)O,3,0.1111,
NC1=CC(=O)O/C1=C/C=O,NC1=CC(=O)O/C1=C/C1OC1(N)O,3,0.4722,
NC1=CC(=O)O/C1=C/C=O,NC1=C(C=O)C(=O)O/C1=C/C(N)O,3,0.2439,
NC1=CC(=O)O/C1=C/C=O,N#CC(=O)CC(=O)C(N)=CC(O)O,3,0.0652,
NC1=CC(=O)O/C1=C/C=O,N#CC1(C(N)=CC(O)O)OC1C=O,3,0.1042,
NC1=CC(=O)O/C1=C/C=O,NC1=CC(=O)O/C1=C(\N)CC(=O)O,3,0.3514,
NC1=CC(=O)O/C1=C/C=O,NCOC(=O)/C=C1/OC(=O)C=C1N,3,0.4595,
NC1=CC(=O)O/C1=C/C=O,N#CC(O)C1=C(N)/C(=C/O)OC1O,3,0.1277,
NC1=CC(=O)O/C1=C/C=O,N#CC(O)CC(=O)C(N)=CC(=O)O,2,0.0638,
NC1=CC(=O)O/C1=C/C=O,C=C1OC(=O)C(C(O)C=NO)=C1N,3,0.1778,
NC1=CC(=O)O/C1=C/C=O,C=C(N)C(=O)C(C(=O)O)C(O)C#N,3,0.0435,
NC1=CC(=O)O/C1=C/C=O,CC(=O)C(=O)C(N)=CC(O)(O)C#N,3,0.0667,
NC1=CC(=O)O/C1=C/C=O,NC(=O)C(O)/C=C1/OC(=O)C=C1N,2,0.5,
NC1=CC(=O)O/C1=C/C=O,N#CC1=C(N)C(O)(CCO)OC1=O,3,0.1522,
NC1=CC(=O)O/C1=C/C=O,NC1=CC(=O)O/C1=C/C(N)(O)C=O,3,0.5294,
NC1=CC(=O)O/C1=C/C=O,NC1=CC(=O)O/C1=C1\OC(O)C1N,3,0.3333,
NC1=CC(=O)O/C1=C/C=O,NC1(CC=O)OC(=O)C=C1NC=O,3,0.2326,
NC1=CC(=O)O/C1=C/C=O,NC1=CC(=O)OC12OC2C(N)C=O,3,0.2558,
NC1=CC(=O)O/C1=C/C=O,NC/C(O)=C1/OC(=O)C(C=O)=C1N,3,0.2439,
NC1=CC(=O)O/C1=C/C=O,N#CC(O)C1OC(=O)C=C(N)C1O,3,0.2,
NC1=CC(=O)O/C1=C/C=O,N#CC(O)(CC=O)C(N)=C1OC1O,3,0.125,
NC1=CC(=O)O/C1=C/C=O,C=C1OC(=O)C(C(O)C(N)=O)=C1N,3,0.1628,
NC1=CC(=O)O/C1=C/C=O,NC(=O)/C(CO)=C1\OC(=O)C=C1N,3,0.3514,
NC1=CC(=O)O/C1=C/C=O,CC(=O)C(N)=C(C(=O)O)C(O)C#N,3,0.0435,
NC1=CC(=O)O/C1=C/C=O,N#CC1OC1C(O)C(N)=CC(=O)O,3,0.0816,
NC1=CC(=O)O/C1=C/C=O,N#CC1(C(N)=CC(=O)O)OC1CO,3,0.08,
NC1=CC(=O)O/C1=C/C=O,C=C(N)C(O)(C#N)CC(=O)C(=O)O,3,0.0435,
NC1=CC(=O)O/C1=C/C=O,N#CC1(O)C=C(N)C(O)(CC=O)O1,3,0.1739,
NC1=CC(=O)O/C1=C/C=O,NC1=C(C(C=O)C=O)C(=O)OC1N,3,0.2,
NC1=CC(=O)O/C1=C/C=O,N#CC(O)(O)C=C(N)C(C=O)C=O,3,0.093,
NC1=CC(=O)O/C1=C/C=O,NC1=C2OC(C(N)O)C=C1OC2=O,3,0.1818,
NC1=CC(=O)O/C1=C/C=O,N#CC(O)(CC=O)C(N)=CC(=O)O,2,0.0851,
NC1=CC(=O)O/C1=C/C=O,NC(=O)C=C(N)C(=O)CC(=O)C=O,3,0.0976,
NC1=CC(=O)O/C1=C/C=O,N#CC(O)(O)C=C(N)C(=O)CC=O,2,0.087,
NC1=CC(=O)O/C1=C/C=O,NCC1=C2OC(=O)C(=C2N)OC1O,3,0.1628,
NC1=CC(=O)O/C1=C/C=O,N#CC(C(=O)O)=C(N)C(O)CC=O,3,0.0851,
NC1=CC(=O)O/C1=C/C=O,NC1=C(C=NO)C(=O)O/C1=C/CO,3,0.2045,
NC1=CC(=O)O/C1=C/C=O,N#CC1(O)C=C(N)/C(=C\C(O)O)O1,3,0.1778,
NC1=CC(=O)O/C1=C/C=O,N#CC(O)C(C=O)C(N)=CC(=O)O,3,0.087,
NC1=CC(=O)O/C1=C/C=O,N#CC(CO)C(=O)C(N)=CC(=O)O,3,0.0652,
NC1=CC(=O)O/C1=C/C=O,N#CC1(O)C=C(N)/C(=C(/O)CO)O1,3,0.1522,
NC1=CC(=O)O/C1=C/C=O,N#CC(O)CC(=O)C(N)=C1OC1O,3,0.0816,
NC1=CC(=O)O/C1=C/C=O,O=C(Cl)C(=O)/C=c1/oc2cc1n2,3,0.1111,
NC1=CC(=O)O/C1=C/C=O,O=C/C(C(=O)Cl)=c1/oc2cc1n2,3,0.1333,
NC1=CC(=O)O/C1=C/C=O,CC(=O)C(O)/C=C1/OC(=O)C=C1N,3,0.4857,
NC1=CC(=O)O/C1=C/C=O,CC(=O)NC(=CC=O)C(=O)CC=O,3,0.0909,
NC1=CC(=O)O/C1=C/C=O,NC1=CC(=O)O/C1=C(/CO)CC=O,3,0.4054,
NC1=CC(=O)O/C1=C/C=O,CC1=C(NCO)/C(=C\C=O)OC1=O,3,0.325,
NC1=CC(=O)O/C1=C/C=O,C=C(N)C(=O)CC(=O)C(=O)CC=O,3,0.0976,
NC1=CC(=O)O/C1=C/C=O,CCOC(=O)/C=C1/OC(=O)C=C1N,3,0.4474,
NC1=CC(=O)O/C1=C/C=O,CC(C(=O)C=O)C1OC(=O)C=C1N,3,0.2558,
NC1=CC(=O)O/C1=C/C=O,CC1OC(=O)C=C1NC(=O)CC=O,3,0.1957,
NC1=CC(=O)O/C1=C/C=O,CC(C=O)(C=O)C1OC(=O)C=C1N,3,0.2821,
NC1=CC(=O)O/C1=C/C=O,CC(=O)CC1OC(=O)C(C=O)=C1N,3,0.1818,
NC1=CC(=O)O/C1=C/C=O,CC1NC2=C(O1)C(=O)O/C2=C/CO,3,0.1458,
NC1=CC(=O)O/C1=C/C=O,CC(=O)/C(CO)=C1/OC(=O)C=C1N,3,0.3421,
NC1=CC(=O)O/C1=C/C=O,CC(=O)/C=C1/OC(=O)C(CO)=C1N,3,0.2093,
NC1=CC(=O)O/C1=C/C=O,NC(=CC=O)C(=O)CC(=O)CC=O,3,0.119,
NC1=CC(=O)O/C1=C/C=O,COC(=O)CC=C1OC(=O)C=C1N,3,0.4474,
NC1=CC(=O)O/C1=C/C=O,COCC(=O)/C=C1/OC(=O)C=C1N,3,0.4474,
NC1=CC(=O)O/C1=C/C=O,C/C(C=O)=C1\OC(=O)C=C1NCO,3,0.3171,
NC1=CC(=O)O/C1=C/C=O,C=C1OC(=O)C(CO)=C1NC(C)=O,3,0.1064,
NC1=CC(=O)O/C1=C/C=O,CC(=O)/C(O)=C1/OC(=O)C(C)=C1N,3,0.1951,
NC1=CC(=O)O/C1=C/C=O,CCC(=O)C1OC12OC(=O)C=C2N,3,0.1957,
NC1=CC(=O)O/C1=C/C=O,CC(=O)OC=C1OC(=O)C(C)=C1N,3,0.2093,
NC1=CC(=O)O/C1=C/C=O,C/C(=C1\OC(=O)C=C1N)C(O)C=O,3,0.4444,
NC1=CC(=O)O/C1=C/C=O,C/C(CO)=C1\OC(=O)C(C=O)=C1N,3,0.2381,
NC1=CC(=O)O/C1=C/C=O,CC(=O)NC1=CC(=O)OC1CC=O,2,0.1957,
NC1=CC(=O)O/C1=C/C=O,CC(O)C(=O)/C=C1/OC(=O)C=C1N,3,0.4722,
NC1=CC(=O)O/C1=C/C=O,CC(=O)OC1C=C(N)/C(=C\C=O)O1,3,0.3415,
NC1=CC(=O)O/C1=C/C=O,CC(=O)NC1=CC(O)O/C1=C/C=O,3,0.2619,
NC1=CC(=O)O/C1=C/C=O,CC(=O)CC1OC(=O)C=C1NC=O,3,0.2,
NC1=CC(=O)O/C1=C/C=O,CCC(=O)/C(O)=C1/OC(=O)C=C1N,3,0.3421,
NC1=CC(=O)O/C1=C/C=O,CC(O)NC1=CC(=O)O/C1=C1/CO1,3,0.2,
NC1=CC(=O)O/C1=C/C=O,C=C1OC(=O)C=C1NC(O)CC=O,3,0.25,
NC1=CC(=O)O/C1=C/C=O,CC(=O)C1OC12OC(=O)C(C)=C2N,3,0.1304,
NC1=CC(=O)O/C1=C/C=O,C=C1OC(=O)C(COC(C)=O)=C1N,3,0.1522,
NC1=CC(=O)O/C1=C/C=O,CC(O)(C=O)/C=C1/OC(=O)C=C1N,3,0.5143,
NC1=CC(=O)O/C1=C/C=O,CO/C(C(C)=O)=C1\OC(=O)C=C1N,3,0.3421,
NC1=CC(=O)O/C1=C/C=O,NC1=CC(=O)O/C1=C(/C=O)CCO,3,0.4054,
NC1=CC(=O)O/C1=C/C=O,CC(=O)OC/C=C1/OC(=O)C=C1N,2,0.4474,
NC1=CC(=O)O/C1=C/C=O,CC(=O)NC1=CC(=O)O/C1=C/CO,2,0.2857,
NC1=CC(=O)O/C1=C/C=O,CC1=C(N)/C(=C(/C)C(=O)O)OC1=O,3,0.1951,
NC1=CC(=O)O/C1=C/C=O,CC(=O)NC1=C(C=O)C(=O)OC1C,3,0.1304,
NC1=CC(=O)O/C1=C/C=O,CC(/C=C1/OC(=O)C=C1N)OC=O,3,0.5,
NC1=CC(=O)O/C1=C/C=O,CC(=O)/C=C1/OC(=O)C=C1NCO,3,0.3171,
NC1=CC(=O)O/C1=C/C=O,CC(O)/C=C1/OC(=O)C(C=O)=C1N,3,0.2381,
NC1=CC(=O)O/C1=C/C=O,C/C(CO)=C1\OC(=O)C=C1NC=O,3,0.2857,
NC1=CC(=O)O/C1=C/C=O,C=C1OC(=O)C=C1NC(=O)CCO,3,0.2045,
NC1=CC(=O)O/C1=C/C=O,CC1NC2=CC(=O)OC2=C(CO)O1,3,0.1957,
NC1=CC(=O)O/C1=C/C=O,COC(C=O)/C=C1/OC(=O)C=C1N,3,0.5,
NC1=CC(=O)O/C1=C/C=O,COC(=O)/C(C)=C1/OC(=O)C=C1N,3,0.3421,
NC1=CC(=O)O/C1=C/C=O,C=C(N)C(=O)C(C=O)C(=O)CC=O,3,0.0909,0.0741
NC1=CC(=O)O/C1=C/C=O,COC/C(C=O)=C1\OC(=O)C=C1N,3,0.3846,
NC1=CC(=O)O/C1=C/C=O,CC(=O)NC1=CC(=O)OC1(C)C=O,3,0.2045,
NC1=CC(=O)O/C1=C/C=O,CC1=C(NC=O)C(CC=O)OC1=O,3,0.1304,
NC1=CC(=O)O/C1=C/C=O,CC1=C(N)/C(=C(\C=O)CO)OC1=O,3,0.2381,
NC1=CC(=O)O/C1=C/C=O,CC1=C(N)C2(OC1=O)OC2(C)C=O,3,0.186,
NC1=CC(=O)O/C1=C/C=O,CC(=O)NC1=C(CC=O)C(=O)OC1,3,0.1277,
NC1=CC(=O)O/C1=C/C=O,NC1=CC(=O)O/C1=C/C(=O)CCO,3,0.4722,
NC1=CC(=O)O/C1=C/C=O,C/C(COC=O)=C1\OC(=O)C=C1N,3,0.3947,
NC1=CC(=O)O/C1=C/C=O,CC(O)NC1=CC(=O)O/C1=C/C=O,2,0.4595,
NC1=CC(=O)O/C1=C/C=O,CC(C=O)C1(C=O)OC(=O)C=C1N,3,0.2683,
NC1=CC(=O)O/C1=C/C=O,NC1=CC(=O)OC1C(C=O)CC=O,3,0.2619,
NC1=CC(=O)O/C1=C/C=O,COC=C1OC(=O)C=C1NC(C)=O,3,0.2857,
NC1=CC(=O)O/C1=C/C=O,CC(=O)NC1=CC(=O)O/C1=C(/C)O,3,0.25,
NC1=CC(=O)O/C1=C/C=O,CC(O)/C=C1/OC(=O)C=C1NC=O,3,0.3171,
NC1=CC(=O)O/C1=C/C=O,NC(C(=O)CC=O)=C(C=O)CC=O,3,0.1,
NC1=CC(=O)O/C1=C/C=O,CC(O)NC1=C2OCC=C1OC2=O,3,0.1224,
NC1=CC(=O)O/C1=C/C=O,CC/C(C(=O)O)=C1\OC(=O)C=C1N,3,0.3421,
NC1=CC(=O)O/C1=C/C=O,CC(=O)OC(C)=C1OC(=O)C=C1N,3,0.3514,
NC1=CC(=O)O/C1=C/C=O,CC1=C(N)/C(=C\COC=O)OC1=O,3,0.2326,
NC1=CC(=O)O/C1=C/C=O,NC(=CC=O)C(=O)C(C=O)CC=O,3,0.1163,
NC1=CC(=O)O/C1=C/C=O,CC(OC=O)=C1OC(=O)C(C)=C1N,3,0.2381,
NC1=CC(=O)O/C1=C/C=O,COC/C=C1/OC(=O)C(C=O)=C1N,3,0.2326,
NC1=CC(=O)O/C1=C/C=O,CC(C=O)C1OC(=O)C=C1NC=O,3,0.2045,
NC1=CC(=O)O/C1=C/C=O,CCC1(C=O)OC12OC(=O)C=C2N,3,0.2558,
NC1=CC(=O)O/C1=C/C=O,O=C1C=C(NC2CO2)/C(=C\CO)O1,3,0.2727,
NC1=CC(=O)O/C1=C/C=O,COCC(C=O)=C1OC(=O)C=C1N,3,0.3846,
NC1=CC(=O)O/C1=C/C=O,CC(O)/C(C=O)=C1\OC(=O)C=C1N,3,0.4167,
NC1=CC(=O)O/C1=C/C=O,CCC(OC=O)=C1OC(=O)C=C1N,3,0.3947,
NC1=CC(=O)O/C1=C/C=O,COC(=O)/C=C1/OC(=O)C(C)=C1N,3,0.2093,
NC1=CC(=O)O/C1=C/C=O,C=C1OC(=O)C(C=O)=C1NC(C)O,3,0.1522,
NC1=CC(=O)O/C1=C/C=O,CC(=O)C(=O)CC1OC(=O)C=C1N,3,0.2381,
NC1=CC(=O)O/C1=C/C=O,CC(=O)C(CO)=C1OC(=O)C=C1N,3,0.3421,
NC1=CC(=O)O/C1=C/C=O,CC(C=O)C1OC(=O)C(C=O)=C1N,3,0.186,
NC1=CC(=O)O/C1=C/C=O,CC(=O)CC1(C=O)OC(=O)C=C1N,3,0.2857,
NC1=CC(=O)O/C1=C/C=O,C/C(C(=O)CO)=C1\OC(=O)C=C1N,3,0.3421,
NC1=CC(=O)O/C1=C/C=O,COCC1=C(N)/C(=C\C=O)OC1=O,3,0.359,
NC1=CC(=O)O/C1=C/C=O,CC(O)C(C=O)=C1OC(=O)C=C1N,3,0.4167,
NC1=CC(=O)O/C1=C/C=O,C=C1OC(=O)C=C1NC(C)(O)C=O,3,0.2558,
NC1=CC(=O)O/C1=C/C=O,O=CCCC(=O)NC1=CC(=O)OC1,3,0.1957,
NC1=CC(=O)O/C1=C/C=O,CC1(CC=O)OC(=O)C=C1NC=O,3,0.2045,
NC1=CC(=O)O/C1=C/C=O,O=C1C=C2NC(O)COC/C=C\2O1,3,0.1957,
NC1=CC(=O)O/C1=C/C=O,CC(=O)O/C(C)=C1\OC(=O)C=C1N,3,0.3514,
NC1=CC(=O)O/C1=C/C=O,C/C(C=O)=C1\OC(=O)C(CO)=C1N,3,0.2381,
NC1=CC(=O)O/C1=C/C=O,CC1=C(N)/C(=C\C(=O)CO)OC1=O,3,0.2093,
NC1=CC(=O)O/C1=C/C=O,CC1=C(NC=O)/C(=C\CO)OC1=O,3,0.1778,
NC1=CC(=O)O/C1=C/C=O,CC(=O)C(C=O)C1OC(=O)C=C1N,3,0.2558,
NC1=CC(=O)O/C1=C/C=O,CC(=O)C1(C)OC12OC(=O)C=C2N,3,0.2093,
NC1=CC(=O)O/C1=C/C=O,CCC(=O)OC=C1OC(=O)C=C1N,3,0.4474,
NC1=CC(=O)O/C1=C/C=O,NC(=CC(=O)CC=O)C(=O)CC=O,3,0.1,
NC1=CC(=O)O/C1=C/C=O,NCC/C(C=O)=C1\OC(=O)C=C1N,3,0.4054,
NC1=CC(=O)O/C1=C/C=O,C/C(CN)=C1\OC(=O)C=C1NC=O,3,0.3095,
NC1=CC(=O)O/C1=C/C=O,C/C(CNC=O)=C1\OC(=O)C=C1N,3,0.3947,
NC1=CC(=O)O/C1=C/C=O,CNCC(=O)/C=C1/OC(=O)C=C1N,3,0.4474,
NC1=CC(=O)O/C1=C/C=O,NC/C(CC=O)=C1/OC(=O)C=C1N,3,0.4054,
NC1=CC(=O)O/C1=C/C=O,CC1=C(NCN)/C(=C\C=O)OC1=O,3,0.325,
NC1=CC(=O)O/C1=C/C=O,CC(=O)NC/C=C1/OC(=O)C=C1N,2,0.4474,
NC1=CC(=O)O/C1=C/C=O,CC1=C(NC=O)/C(=C\CN)OC1=O,3,0.2045,
NC1=CC(=O)O/C1=C/C=O,C=C1OC(=O)C(CNC(C)=O)=C1N,3,0.1522,
NC1=CC(=O)O/C1=C/C=O,CNC(=O)CC=C1OC(=O)C=C1N,3,0.4474,
NC1=CC(=O)O/C1=C/C=O,CC(N)/C=C1/OC(=O)C(C=O)=C1N,3,0.25,
NC1=CC(=O)O/C1=C/C=O,CNC(C=O)/C=C1/OC(=O)C=C1N,3,0.5,
NC1=CC(=O)O/C1=C/C=O,C=C(N)C(=O)C=C(N)C(=O)CC=O,3,0.093,
NC1=CC(=O)O/C1=C/C=O,C=C1OC(=O)C=C1NC(C)(N)C=O,3,0.2857,
NC1=CC(=O)O/C1=C/C=O,CC(C(O)C#N)C1OC(=O)C=C1N,3,0.1957,
NC1=CC(=O)O/C1=C/C=O,CC(=O)NC1=CC(=O)O/C1=C/CN,2,0.3095,
NC1=CC(=O)O/C1=C/C=O,CC1=C(N)/C(=C\CNC=O)OC1=O,3,0.2326,
NC1=CC(=O)O/C1=C/C=O,C=C(N)C(=O)C(C=O)C(=O)C(=C)N,3,0.1081,
NC1=CC(=O)O/C1=C/C=O,C/C(C(=O)CN)=C1\OC(=O)C=C1N,3,0.3421,
NC1=CC(=O)O/C1=C/C=O,C=C1OC(=O)C=C1NC(N)CC=O,3,0.2791,
NC1=CC(=O)O/C1=C/C=O,CC(=O)C(CN)=C1OC(=O)C=C1N,3,0.3421,
NC1=CC(=O)O/C1=C/C=O,C/C(C=O)=C1\OC(=O)C=C1NCN,3,0.3095,
NC1=CC(=O)O/C1=C/C=O,C=C1OC(=O)C=C1NC(=O)CCN,3,0.2273,
NC1=CC(=O)O/C1=C/C=O,CC(N)(C=O)/C=C1/OC(=O)C=C1N,3,0.5455,
NC1=CC(=O)O/C1=C/C=O,C/C(CN)=C1\OC(=O)C(C=O)=C1N,3,0.2381,
NC1=CC(=O)O/C1=C/C=O,CC(=O)/C=C1/OC(=O)C=C1NCN,3,0.3095,
NC1=CC(=O)O/C1=C/C=O,C=C(N)C(=O)CC(=O)C(=O)C(=C)N,3,0.0513,
NC1=CC(=O)O/C1=C/C=O,CC(/C=C1/OC(=O)C=C1N)NC=O,3,0.5,
NC1=CC(=O)O/C1=C/C=O,CNCC(C=O)=C1OC(=O)C=C1N,3,0.3947,
NC1=CC(=O)O/C1=C/C=O,CC(O)(C#N)CC1OC(=O)C=C1N,3,0.1915,
NC1=CC(=O)O/C1=C/C=O,CC(N)NC1=CC(=O)O/C1=C/C=O,2,0.5,
NC1=CC(=O)O/C1=C/C=O,CNC/C=C1/OC(=O)C(C=O)=C1N,3,0.2326,
NC1=CC(=O)O/C1=C/C=O,C=C1OC(=O)C(CN)=C1NC(C)=O,3,0.1277,
NC1=CC(=O)O/C1=C/C=O,C=C1OC(=O)C(C=O)=C1NC(C)N,3,0.1778,
NC1=CC(=O)O/C1=C/C=O,CC(N)C(C=O)=C1OC(=O)C=C1N,3,0.4167,
NC1=CC(=O)O/C1=C/C=O,CC(N)C(=O)/C=C1/OC(=O)C=C1N,3,0.4857,
NC1=CC(=O)O/C1=C/C=O,CC(=O)C(N)/C=C1/OC(=O)C=C1N,3,0.4722,
NC1=CC(=O)O/C1=C/C=O,COC(C#N)CC1OC(=O)C=C1N,3,0.1875,
NC1=CC(=O)O/C1=C/C=O,CC(N)/C=C1/OC(=O)C=C1NC=O,3,0.359,
NC1=CC(=O)O/C1=C/C=O,C/C(=C1\OC(=O)C=C1N)C(N)C=O,3,0.4054,
NC1=CC(=O)O/C1=C/C=O,CC(=O)OC(=O)C=C1[NH+]=CCC1=O,3,0.1064,
NC1=CC(=O)O/C1=C/C=O,CC(=O)OC(=O)C=C1[NH+]=C1CC=O,3,0.0833,
NC1=CC(=O)O/C1=C/C=O,N#CC=C(N)C(=O)CC(=O)C(=O)O,3,0.0682,
NC1=CC(=O)O/C1=C/C=O,N#CC(O)(O)/C=C1/OC(=O)C=C1N,2,0.4722,
NC1=CC(=O)O/C1=C/C=O,N#CC(O)(C=C=O)C(N)=CC(=O)O,3,0.087,
NC1=CC(=O)O/C1=C/C=O,C=C1OC(=O)C(C(O)(O)C#N)=C1N,3,0.1628,
NC1=CC(=O)O/C1=C/C=O,N#CC(O)C1=C(N)/C(=C/O)OC1=O,3,0.2045,
NC1=CC(=O)O/C1=C/C=O,N#CC1=C(N)C2(OC1=O)OC2CO,3,0.1458,
NC1=CC(=O)O/C1=C/C=O,N#C/C(C(=O)O)=C1/OC(O)C=C1N,3,0.1778,
NC1=CC(=O)O/C1=C/C=O,N#CC(=O)CC1(O)OC(=O)C=C1N,3,0.2,
NC1=CC(=O)O/C1=C/C=O,NC(C(=O)O)/C(O)=c1/oc2cc1n2,3,0.1087,
NC1=CC(=O)O/C1=C/C=O,N#CC(O)/C(O)=C1/OC(=O)C=C1N,2,0.3514,
NC1=CC(=O)O/C1=C/C=O,N=C(/C=C1/OC(=O)C=C1N)C(=O)O,3,0.4857,
NC1=CC(=O)O/C1=C/C=O,N#CC(O)C1OC12OC(=O)C=C2N,2,0.1915,
NC1=CC(=O)O/C1=C/C=O,N#CC1=C(N)/C(=C(/O)CO)OC1=O,3,0.2093,
NC1=CC(=O)O/C1=C/C=O,N#CC1(CO)OC12OC(=O)C=C2N,3,0.2,
NC1=CC(=O)O/C1=C/C=O,NC(=C=C1OC(=O)C=C1N)C(=O)O,3,0.3421,
NC1=CC(=O)O/C1=C/C=O,N#CC(=O)CC(=O)C(N)=CC(=O)O,3,0.0667,
NC1=CC(=O)O/C1=C/C=O,N#CC=C(N)C(=O)C(C=O)C(=O)O,3,0.0889,
NC1=CC(=O)O/C1=C/C=O,N#CC1=C(N)/C(=C\C(O)O)OC1=O,3,0.2381,
NC1=CC(=O)O/C1=C/C=O,N#C/C(=C1\OC(=O)C=C1N)C(O)O,3,0.3421,
NC1=CC(=O)O/C1=C/C=O,NC1=CC2=NC1(C(C=O)C(=O)O)O2,3,0.2273,
NC1=CC(=O)O/C1=C/C=O,NC1(CC(=O)C(=O)O)OC2=NC1=C2,3,0.1304,
NC1=CC(=O)O/C1=C/C=O,NC(=C=O)C(=O)CC(=O)C(N)=C=O,3,0.0541,
NC1=CC(=O)O/C1=C/C=O,NC1=CC(=O)OC1(N)C(=C=O)C=O,3,0.2683,
NC1=CC(=O)O/C1=C/C=O,NC(=C=O)C(=O)C(C=O)C(N)=C=O,3,0.0952,
NC1=CC(=O)O/C1=C/C=O,NC1(C(C=O)C(=O)O)OC2=NC1=C2,3,0.1739,
NC1=CC(=O)O/C1=C/C=O,N#CC(O)(O)C=C(N)C(=O)C=C=O,3,0.0652,
NC1=CC(=O)O/C1=C/C=O,N#CC(C(=O)O)=C(N)C(=O)CC=O,3,0.0889,
NC1=CC(=O)O/C1=C/C=O,N#CC(O)=CC(=O)C(N)=CC(=O)O,3,0.0698,
NC1=CC(=O)O/C1=C/C=O,NC1=CC(=O)O/C1=C/C(=O)C=NO,3,0.4722,
NC1=CC(=O)O/C1=C/C=O,N#CC(=O)/C(O)=C1/OC(O)C=C1N,3,0.1778,
NC1=CC(=O)O/C1=C/C=O,NC1(C(C=O)C(=O)O)OC2=CC1=N2,3,0.1739,
NC1=CC(=O)O/C1=C/C=O,NC(=O)C(=O)/C=C1/OC(=O)C=C1N,3,0.5152,
NC1=CC(=O)O/C1=C/C=O,NC1(CC(=O)C(=O)O)OC2=CC1=N2,3,0.1304,
NC1=CC(=O)O/C1=C/C=O,NC1=C(C=O)C(=O)OC1(N)C=C=O,3,0.186,
NC1=CC(=O)O/C1=C/C=O,N#CC(O)C1=C(N)C2(CO2)OC1=O,3,0.1277,
NC1=CC(=O)O/C1=C/C=O,NC(=O)C(O)=C=C1OC(=O)C=C1N,3,0.3421,
NC1=CC(=O)O/C1=C/C=O,NC1=CC2=NC1(CC(=O)C(=O)O)O2,3,0.1556,
NC1=CC(=O)O/C1=C/C=O,CCC(=O)/C=C1/OC(=O)C(C)=C1N,3,0.2093,
NC1=CC(=O)O/C1=C/C=O,CC/C(C=O)=C1\OC(=O)C(C)=C1N,3,0.2381,
NC1=CC(=O)O/C1=C/C=O,CC(C)C(=O)/C=C1/OC(=O)C=C1N,3,0.4857,
NC1=CC(=O)O/C1=C/C=O,CCC1=C(N)/C(=C\C(C)=O)OC1=O,3,0.2093,
NC1=CC(=O)O/C1=C/C=O,CC/C(C(C)=O)=C1\OC(=O)C=C1N,3,0.3421,
NC1=CC(=O)O/C1=C/C=O,CC(=O)/C(C)=C1/OC(=O)C(C)=C1N,3,0.2,
NC1=CC(=O)O/C1=C/C=O,CCC/C(C=O)=C1\OC(=O)C=C1N,3,0.3947,
NC1=CC(=O)O/C1=C/C=O,CCC(=O)/C(C)=C1/OC(=O)C=C1N,3,0.3421,
NC1=CC(=O)O/C1=C/C=O,CC(C)/C(C=O)=C1\OC(=O)C=C1N,3,0.4286,
NC1=CC(=O)O/C1=C/C=O,CCCC(=O)/C=C1/OC(=O)C=C1N,3,0.4595,
NC1=CC(=O)O/C1=C/C=O,CCC1=C(N)/C(=C(/C)C=O)OC1=O,3,0.2381,
NC1=CC(=O)O/C1=C/C=O,C=C1OC(=O)C=C1NC(=O)CC=O,2,0.2558,
NC1=CC(=O)O/C1=C/C=O,C=C1OC(=O)C=C1NC(=O)C(C)=O,3,0.2143,
NC1=CC(=O)O/C1=C/C=O,CC(=O)OC1(CC=O)OC2=CC1=N2,3,0.1429,
NC1=CC(=O)O/C1=C/C=O,NC1=CC(=O)OC1=C(C=O)CC=O,3,0.4167,
NC1=CC(=O)O/C1=C/C=O,O=CCC(C=O)C(=O)C1=CC(O)=N1,3,0.1333,
NC1=CC(=O)O/C1=C/C=O,NC1=CC(=O)O/C1=C(/C=O)CC=O,2,0.4167,
NC1=CC(=O)O/C1=C/C=O,CC1=C(NC=O)/C(=C\C=O)OC1=O,2,0.3158,
NC1=CC(=O)O/C1=C/C=O,CC(C(=O)C=O)=C1OC(=O)C=C1N,2,0.4286,
NC1=CC(=O)O/C1=C/C=O,NC1=C(CC=O)C(=O)O/C1=C/C=O,3,0.4,
NC1=CC(=O)O/C1=C/C=O,CC(=O)OC(=O)C=C1N=CCC1=O,3,0.1042,
NC1=CC(=O)O/C1=C/C=O,C/C(C=O)=C1\OC(=O)C(C=O)=C1N,2,0.25,
NC1=CC(=O)O/C1=C/C=O,C=C1OC(=O)C(C(C)=O)=C1NC=O,3,0.1556,
NC1=CC(=O)O/C1=C/C=O,NC1=C(C=O)C(=O)OC1=CCC=O,3,0.2821,
NC1=CC(=O)O/C1=C/C=O,CC(=O)OC1(CC=O)OC2=NC1=C2,3,0.1429,
NC1=CC(=O)O/C1=C/C=O,CC(=O)C1=C(N)/C(=C\C=O)OC1=O,3,0.3784,
NC1=CC(=O)O/C1=C/C=O,CC(=O)OC12CC=NC1=CC(=O)O2,3,0.1429,
NC1=CC(=O)O/C1=C/C=O,CC(C=O)=C1OC(=O)C(C=O)=C1N,2,0.25,
NC1=CC(=O)O/C1=C/C=O,CC(=O)N1C2=CC(=O)OC21CC=O,3,0.2222,
NC1=CC(=O)O/C1=C/C=O,O=CCC=C1OC(=O)C=C1NC=O,3,0.3421,
NC1=CC(=O)O/C1=C/C=O,CC(=O)O/C(CO)=c1\oc2cc1n2,3,0.102,
NC1=CC(=O)O/C1=C/C=O,CC=C1OC(=O)C=C1NC(=O)C=O,3,0.325,
NC1=CC(=O)O/C1=C/C=O,CC(=O)C(C=O)=C1OC(=O)C=C1N,2,0.4167,
NC1=CC(=O)O/C1=C/C=O,C/C(C(=O)C=O)=C1\OC(=O)C=C1N,2,0.4286,
NC1=CC(=O)O/C1=C/C=O,CC=C1OC(=O)C(C=O)=C1NC=O,3,0.1905,
NC1=CC(=O)O/C1=C/C=O,CC(=O)NC1=CC(=O)OC1=CC=O,3,0.4722,
NC1=CC(=O)O/C1=C/C=O,CC(=O)C=C1OC(=O)C(C=O)=C1N,2,0.2439,
NC1=CC(=O)O/C1=C/C=O,CC(=O)OC1C=C2N=CC(O)=C2O1,3,0.0784,
NC1=CC(=O)O/C1=C/C=O,CC(=O)OC1=NC(C(=O)CC=O)=C1,3,0.1304,
NC1=CC(=O)O/C1=C/C=O,NC1=CC(=O)OC1=CCC(=O)C=O,3,0.5143,
NC1=CC(=O)O/C1=C/C=O,CC(=O)/C=C1/OC(=O)C(C=O)=C1N,2,0.2439,
NC1=CC(=O)O/C1=C/C=O,CC(O)NC1=CC(=O)OC1=C=C=O,3,0.2,
NC1=CC(=O)O/C1=C/C=O,CC=C1OC(=O)C(C(=O)C=O)=C1N,3,0.2439,
NC1=CC(=O)O/C1=C/C=O,CC(=O)C(=O)C=C1OC(=O)C=C1N,2,0.5,
NC1=CC(=O)O/C1=C/C=O,C=C1OC(=O)C(C)=C1NC(=O)C=O,3,0.1556,
NC1=CC(=O)O/C1=C/C=O,CC(=O)/C(C=O)=C1\OC(=O)C=C1N,3,0.4167,
NC1=CC(=O)O/C1=C/C=O,NC1=CC(=O)OC1=CC(C=O)C=O,3,0.5806,
NC1=CC(=O)O/C1=C/C=O,CC(=O)NC1=CC(=O)OC1C=C=O,3,0.1702,
NC1=CC(=O)O/C1=C/C=O,CC(=O)/C=C1/OC(=O)C=C1NC=O,2,0.325,
NC1=CC(=O)O/C1=C/C=O,CC(=O)OC1=C2OC(O)C=C2N=C1,3,0.0784,
NC1=CC(=O)O/C1=C/C=O,O=CCC(=O)C1=C(CC=O)C(O)=N1,3,0.0889,
NC1=CC(=O)O/C1=C/C=O,CC(=O)OC(=O)C=C1N=C1CC=O,3,0.0833,
NC1=CC(=O)O/C1=C/C=O,O=CCC(=O)CC(=O)C1=CC(O)=N1,3,0.1364,
NC1=CC(=O)O/C1=C/C=O,CC(=O)Nc1cc(=O)occc1=O,3,0.1111,
NC1=CC(=O)O/C1=C/C=O,C=C1OC(=O)C(CC=O)=C1NC=O,3,0.1591,
NC1=CC(=O)O/C1=C/C=O,CN(C=O)C1=CC(=O)O/C1=C/C=O,3,0.5,
NC1=CC(=O)O/C1=C/C=O,CC(=O)OC/C(O)=c1/oc2cc1n2,3,0.08,
NC1=CC(=O)O/C1=C/C=O,CC(=O)OC1=NC2=CC(O)OC2=C1,3,0.1,
NC1=CC(=O)O/C1=C/C=O,CC(=O)C(=O)/C=C1/OC(=O)C=C1N,2,0.5,
NC1=CC(=O)O/C1=C/C=O,NC1=CC(=O)O/C1=C/C(=O)CC=O,3,0.5143,
NC1=CC(=O)O/C1=C/C=O,CC(=O)C1=C(N)C(=CC=O)OC1=O,3,0.3784,
NC1=CC(=O)O/C1=C/C=O,CC1=C(N)C(=C(C=O)C=O)OC1=O,3,0.2632,
NC1=CC(=O)O/C1=C/C=O,CC1=C(N)/C(=C\C(=O)C=O)OC1=O,3,0.2439,
NC1=CC(=O)O/C1=C/C=O,CC(=O)OC1C=C2N=C(O)C=C2O1,3,0.1224,
NC1=CC(=O)O/C1=C/C=O,C/C(C=O)=C1\OC(=O)C=C1NC=O,2,0.3,
NC1=CC(=O)O/C1=C/C=O,CC(=O)NC1=CC(=O)O/C1=C/C=O,1,0.4722,
NC1=CC(=O)O/C1=C/C=O,NC1=CC(=O)OC1=CC(=O)CC=O,3,0.5143,
NC1=CC(=O)O/C1=C/C=O,C=C1OC(=O)C(C(=O)C(C)=O)=C1N,3,0.1667,
NC1=CC(=O)O/C1=C/C=O,C=C1OC(=O)C(C=O)=C1NC(C)=O,2,0.1556,
NC1=CC(=O)O/C1=C/C=O,C=C1OC(=O)C(C(C)(O)C#N)=C1N,3,0.1556,
NC1=CC(=O)O/C1=C/C=O,CC(=O)NC1=CC(=O)OC12CC=N2,3,0.1458,
NC1=CC(=O)O/C1=C/C=O,C=C1OC(=O)C=C1NC(C)(O)C#N,3,0.2,
NC1=CC(=O)O/C1=C/C=O,CC(O)/C(C#N)=C1/OC(=O)C=C1N,3,0.3333,
NC1=CC(=O)O/C1=C/C=O,CC(=O)NC1(CC=O)OC2=CC1=N2,3,0.1429,
NC1=CC(=O)O/C1=C/C=O,N#CCOC/C=C1/OC(=O)C=C1N,3,0.4359,
NC1=CC(=O)O/C1=C/C=O,COC(C#N)/C=C1/OC(=O)C=C1N,2,0.4359,
NC1=CC(=O)O/C1=C/C=O,CC(O)(C#N)/C=C1/OC(=O)C=C1N,2,0.4474,
NC1=CC(=O)O/C1=C/C=O,CC(=O)NC12CC=NC1=CC(=O)O2,3,0.1429,
NC1=CC(=O)O/C1=C/C=O,C/C(=C1\OC(=O)C=C1N)C(O)C#N,2,0.325,
NC1=CC(=O)O/C1=C/C=O,N#CC(O)CC=C1OC(=O)C=C1N,3,0.4359,
NC1=CC(=O)O/C1=C/C=O,CC1=C(N)/C(=C\C(O)C#N)OC1=O,3,0.2,
NC1=CC(=O)O/C1=C/C=O,N#CC/C(CO)=C1\OC(=O)C=C1N,3,0.325,
NC1=CC(=O)O/C1=C/C=O,CC(=O)NC(=CC#N)C(=O)CC=O,3,0.0625,
NC1=CC(=O)O/C1=C/C=O,N#CCOCC=C1OC(=O)C=C1N,3,0.4359,
NC1=CC(=O)O/C1=C/C=O,CC(=O)NC1=CC2=NC1(CC=O)O2,3,0.1429,
NC1=CC(=O)O/C1=C/C=O,N#CC=C(N)C(=O)C(C=O)CC=O,3,0.0851,
NC1=CC(=O)O/C1=C/C=O,COC/C=C1/OC(=O)C(C#N)=C1N,3,0.2222,
NC1=CC(=O)O/C1=C/C=O,COC/C(C#N)=C1/OC(=O)C=C1N,3,0.3095,
NC1=CC(=O)O/C1=C/C=O,CC(=O)NC1=CC(O)O/C1=C/C#N,3,0.1224,
NC1=CC(=O)O/C1=C/C=O,CC(=O)NC1(CC=O)OC2=NC1=C2,3,0.1429,
NC1=CC(=O)O/C1=C/C=O,N#CC(CC=O)=C(N)C(=O)CC=O,3,0.093,
NC1=CC(=O)O/C1=C/C=O,CC1=NC2=CC(=O)OC2(CC=O)N1,3,0.2222,
NC1=CC(=O)O/C1=C/C=O,CC=C1OC(=O)C(C(O)C#N)=C1N,3,0.2,
NC1=CC(=O)O/C1=C/C=O,CC(N)NC1=CC(=O)OC1=C=C=O,3,0.2326,
NC1=CC(=O)O/C1=C/C=O,N#CCC(O)/C=C1/OC(=O)C=C1N,3,0.4359,
NC1=CC(=O)O/C1=C/C=O,CC1=NC2(CC=O)OC(=O)C=C2N1,3,0.1957,
NC1=CC(=O)O/C1=C/C=O,CC(O)/C=C1/OC(=O)C(C#N)=C1N,3,0.2273,
NC1=CC(=O)O/C1=C/C=O,C/C(CO)=C1\OC(=O)C(C#N)=C1N,3,0.2045,
NC1=CC(=O)O/C1=C/C=O,C=C1OC(=O)C(C(C#N)OC)=C1N,3,0.1489,
NC1=CC(=O)O/C1=C/C=O,CC(=O)OC1C=C(N)/C(=C\C#N)O1,3,0.1875,
NC1=CC(=O)O/C1=C/C=O,N#CC=C(N)C(=O)CC(=O)CC=O,3,0.087,
NC1=CC(=O)O/C1=C/C=O,N#CC(=O)OC=C1OC(=O)C=C1N,3,0.4474,
NC1=CC(=O)O/C1=C/C=O,N#C/C(C(=O)O)=C1\OC(=O)C=C1N,3,0.3421,
NC1=CC(=O)O/C1=C/C=O,N#CC(=O)/C(O)=C1/OC(=O)C=C1N,3,0.3421,
NC1=CC(=O)O/C1=C/C=O,N#C/C(C(=O)O)=C1/OC(=O)C=C1N,3,0.3421,
NC1=CC(=O)O/C1=C/C=O,N#CC1=C(N)/C(=C\C(=O)O)OC1=O,3,0.2381,
NC1=CC(=O)O/C1=C/C=O,N#COC(=O)/C=C1/OC(=O)C=C1N,3,0.4474,
NC1=CC(=O)O/C1=C/C=O,N#CC(=O)C1OC12OC(=O)C=C2N,3,0.1957,
NC1=CC(=O)O/C1=C/C=O,CC(=O)OC1=C2OC(=O)C=C2N=C1,3,0.2,
NC1=CC(=O)O/C1=C/C=O,O=C(O)CC(=O)/C=c1/oc2cc1n2,3,0.1064,
NC1=CC(=O)O/C1=C/C=O,CC(=O)NC1=CC(=O)OC1=C=C=O,2,0.2045,
NC1=CC(=O)O/C1=C/C=O,C=C1OC(=O)C=C1NC(=O)C=C=O,3,0.2273,
NC1=CC(=O)O/C1=C/C=O,COC(=O)/C(C=O)=c1\oc2cc1n2,3,0.125,
NC1=CC(=O)O/C1=C/C=O,CC1=C(NC=O)C(=C=C=O)OC1=O,3,0.1556,
NC1=CC(=O)O/C1=C/C=O,CC(=O)O/C(C=O)=c1\oc2cc1n2,3,0.125,
NC1=CC(=O)O/C1=C/C=O,COC(=O)C(=O)/C=c1/oc2cc1n2,3,0.1042,
NC1=CC(=O)O/C1=C/C=O,CC(=O)/C(C(=O)O)=c1/oc2cc1n2,3,0.0909,
NC1=CC(=O)O/C1=C/C=O,CC(=O)OC(=O)/C=c1/oc2cc1n2,3,0.1042,
NC1=CC(=O)O/C1=C/C=O,O=C/C(CC(=O)O)=c1/oc2cc1n2,3,0.1277,
NC1=CC(=O)O/C1=C/C=O,C/C(C(=O)C(=O)O)=c1\oc2cc1n2,3,0.087,
NC1=CC(=O)O/C1=C/C=O,CC(=O)OC1=NC2=CC(=O)OC2=C1,3,0.2045,
NC1=CC(=O)O/C1=C/C=O,CC(=O)[N+]1=CC(C)=C2OC(=O)C=C21,3,0.2195,
NC1=CC(=O)O/C1=C/C=O,N#CC(C=O)/C=C1/OC(=O)C=C1N,3,0.5,
NC1=CC(=O)O/C1=C/C=O,N#CC/C=C1/OC(=O)C(C=O)=C1N,3,0.2326,
NC1=CC(=O)O/C1=C/C=O,N#CCC(=O)/C=C1/OC(=O)C=C1N,3,0.4474,
NC1=CC(=O)O/C1=C/C=O,N#CCC(C=O)=C1OC(=O)C=C1N,3,0.3846,
NC1=CC(=O)O/C1=C/C=O,C/C(C(=O)C#N)=C1\OC(=O)C=C1N,3,0.3333,
NC1=CC(=O)O/C1=C/C=O,N#CCC1=C(N)/C(=C\C=O)OC1=O,3,0.359,
NC1=CC(=O)O/C1=C/C=O,CC(=O)NC1=CC(=O)O/C1=C/C#N,3,0.2791,
NC1=CC(=O)O/C1=C/C=O,NC(=CC(O)Cl)C(=O)CC=O,3,0.093,
NC1=CC(=O)O/C1=C/C=O,NC1=CC(O)O/C1=C(\O)CCl,3,0.1707,
NC1=CC(=O)O/C1=C/C=O,NC(=CC(=O)Cl)C(O)CC=O,3,0.093,
NC1=CC(=O)O/C1=C/C=O,NC1=CC(=O)OC1(O)CCCl,3,0.2195,
NC1=CC(=O)O/C1=C/C=O,NC1=CC(=O)OC1C(O)CCl,3,0.2143,
NC1=CC(=O)O/C1=C/C=O,NC1=CC(O)OC1C(Cl)C=O,3,0.186,
NC1=CC(=O)O/C1=C/C=O,NC1=CC(O)O/C1=C(\Cl)CO,3,0.2,
NC1=CC(=O)O/C1=C/C=O,NC1=CC(O)O/C1=C/C(O)Cl,3,0.1905,
NC1=CC(=O)O/C1=C/C=O,NC1=CC(=O)OC1C(Cl)CO,3,0.2143,
NC1=CC(=O)O/C1=C/C=O,NC1=CC(O)OC1CC(=O)Cl,3,0.1628,
NC1=CC(=O)O/C1=C/C=O,NC(=CC(=O)Cl)C(=O)CCO,3,0.0714,
NC1=CC(=O)O/C1=C/C=O,NC(CC(=O)Cl)C(=O)CC=O,3,0.0952,
NC1=CC(=O)O/C1=C/C=O,NC(=CC(=O)O)C(=O)CCCl,3,0.0714,
NC1=CC(=O)O/C1=C/C=O,NC(=CC(=O)O)C(Cl)CC=O,3,0.093,
NC1=CC(=O)O/C1=C/C=O,CC(=O)C1=C2N=C(C)C=C2OC1=O,3,0.1556,
NC1=CC(=O)O/C1=C/C=O,CC(=O)C(C(C)=O)=c1oc2cc1n2,3,0.0952,
NC1=CC(=O)O/C1=C/C=O,CC(=O)/C=c1/oc2nc1c2C(C)=O,3,0.087,
NC1=CC(=O)O/C1=C/C=O,CC1=NC2=CC(=O)OC2=CC(=O)C1,3,0.2195,
NC1=CC(=O)O/C1=C/C=O,CC(=O)/C=C1/OC(=O)C2=C1N=C2C,3,0.1556,
NC1=CC(=O)O/C1=C/C=O,CC(=O)CC1=NC2=CC(=O)OC2=C1,3,0.2045,
NC1=CC(=O)O/C1=C/C=O,CC(=O)C1=C2OC(=O)C=C2N=C1C,3,0.2143,
NC1=CC(=O)O/C1=C/C=O,CC(=O)CC(=O)/C=c1/oc2cc1n2,3,0.1064,
NC1=CC(=O)O/C1=C/C=O,O=CC(=O)C(=O)/C=c1/oc2cc1n2,3,0.1364,
NC1=CC(=O)O/C1=C/C=O,O=CC(C=O)=c1oc2nc1c2C=O,3,0.1163,
NC1=CC(=O)O/C1=C/C=O,O=CC(=O)/C(C=O)=c1/oc2cc1n2,3,0.1364,
NC1=CC(=O)O/C1=C/C=O,O=CC(=O)/C=c1/oc2nc1c2C=O,3,0.1087,
NC1=CC(=O)O/C1=C/C=O,O=C/C=c1/oc2nc1c2C(=O)C=O,3,0.1905,
NC1=CC(=O)O/C1=C/C=O,O=CC(=O)C(C=O)=c1oc2cc1n2,3,0.1364,
NC1=CC(=O)O/C1=C/C=O,O=CC(C=O)=C1OC(=O)C2=C1N=C2,3,0.2195,
NC1=CC(=O)O/C1=C/C=O,O=CC(=O)/C=C1/OC(=O)C2=C1N=C2,3,0.2045,
NC1=CC(=O)O/C1=C/C=O,O=C/C=C1/OC(=O)C2=C1N=C2C=O,3,0.3158,
NC1=CC(=O)O/C1=C/C=O,NC/C(Cl)=C1/OC(O)C=C1N,3,0.2,
NC1=CC(=O)O/C1=C/C=O,NCCC(=O)C(N)=CC(=O)Cl,3,0.0714,
NC1=CC(=O)O/C1=C/C=O,NC1=CC(O)O/C1=C/C(N)Cl,3,0.1905,
NC1=CC(=O)O/C1=C/C=O,NC(=CC(N)Cl)C(=O)CC=O,3,0.093,
NC1=CC(=O)O/C1=C/C=O,NC(=CC(=O)Cl)C(N)CC=O,3,0.093,
NC1=CC(=O)O/C1=C/C=O,NC1=CC(=O)OC1(N)CCCl,3,0.225,
NC1=CC(=O)O/C1=C/C=O,O=CCC(=O)C(O)=CC(=O)Cl,3,0.0732,
NC1=CC(=O)O/C1=C/C=O,NCC(O)C(=O)C(N)=CC(O)O,3,0.0714,
NC1=CC(=O)O/C1=C/C=O,NC(C(=O)O)C(N)C(O)CC=O,3,0.0952,
NC1=CC(=O)O/C1=C/C=O,NC1=CC(O)OC1(O)CC(N)O,3,0.1087,
NC1=CC(=O)O/C1=C/C=O,NC(=C(O)C(=O)O)C(N)CCO,3,0.0714,
NC1=CC(=O)O/C1=C/C=O,NC(=CC(O)O)C(N)C(O)C=O,3,0.1,
NC1=CC(=O)O/C1=C/C=O,NC(O)C(O)C(N)C(=O)CC=O,3,0.0976,
NC1=CC(=O)O/C1=C/C=O,NC(=CC(N)O)C(O)CC(=O)O,3,0.0698,
NC1=CC(=O)O/C1=C/C=O,NC(=CC(N)O)C(O)C(O)C=O,3,0.1,
NC1=CC(=O)O/C1=C/C=O,NC(=CC(=O)O)C(N)(O)CCO,3,0.0682,
NC1=CC(=O)O/C1=C/C=O,NC(CC=O)C(N)(O)CC(=O)O,3,0.0909,
NC1=CC(=O)O/C1=C/C=O,NCC(O)C1(O)OC(O)C=C1N,3,0.1087,
NC1=CC(=O)O/C1=C/C=O,NC(=CC(O)O)C(=O)CC(N)O,3,0.0714,
NC1=CC(=O)O/C1=C/C=O,NC(=CC(N)(O)O)C(O)CC=O,3,0.119,
NC1=CC(=O)O/C1=C/C=O,NC(=C(O)C(O)O)C(N)CC=O,3,0.0952,
NC1=CC(=O)O/C1=C/C=O,NC(C(=O)CC=O)C(N)C(O)O,3,0.0976,
NC1=CC(=O)O/C1=C/C=O,NC1=CC(O)OC1(N)C(O)CO,3,0.1087,
NC1=CC(=O)O/C1=C/C=O,NCC(O)C(O)C(N)=CC(=O)O,3,0.0698,
NC1=CC(=O)O/C1=C/C=O,NC(=C(O)C(N)O)C(O)CC=O,3,0.0952,
NC1=CC(=O)O/C1=C/C=O,NC(=CC(N)O)C(=O)C(O)CO,3,0.0698,
NC1=CC(=O)O/C1=C/C=O,NCCC(=O)C(N)(O)CC(=O)O,3,0.0465,
NC1=CC(=O)O/C1=C/C=O,NC(=CC(O)O)C(N)(O)CC=O,3,0.093,
NC1=CC(=O)O/C1=C/C=O,NC(O)CC(N)(O)C(=O)CC=O,3,0.0909,
NC1=CC(=O)O/C1=C/C=O,NC(N)(CC(O)O)C(=O)CC=O,3,0.0952,
NC1=CC(=O)O/C1=C/C=O,NC(C(=O)O)C(N)C(=O)CCO,3,0.0488,
NC1=CC(=O)O/C1=C/C=O,NC(=CC(=O)O)C(O)CC(N)O,3,0.0698,
NC1=CC(=O)O/C1=C/C=O,NC(N)(CC(=O)O)C(O)CC=O,3,0.093,
NC1=CC(=O)O/C1=C/C=O,NC(=CC(O)O)C(N)CC(=O)O,3,0.0698,
NC1=CC(=O)O/C1=C/C=O,NC(N)(CC(=O)O)C(=O)CCO,3,0.0476,
NC1=CC(=O)O/C1=C/C=O,NC1=CC(O)OC1(N)CC(O)O,3,0.1111,
NC1=CC(=O)O/C1=C/C=O,NC(C(=O)CCO)=C(O)C(N)O,3,0.0455,
NC1=CC(=O)O/C1=C/C=O,NC(=CC(N)(O)O)C(=O)CCO,3,0.0698,
NC1=CC(=O)O/C1=C/C=O,NC(CC=O)C(N)C(O)C(=O)O,3,0.0952,
NC1=CC(=O)O/C1=C/C=O,NC(=CC(=O)O)C(N)C(O)CO,3,0.0682,
NC1=CC(=O)O/C1=C/C=O,NCCC(=O)C(N)C(O)C(=O)O,3,0.0465,
NC1=CC(=O)O/C1=C/C=O,NCCC(=O)C(N)=C(O)C(O)O,3,0.0465,
NC1=CC(=O)O/C1=C/C=O,NCCC(O)C(N)=C(O)C(=O)O,3,0.0714,
NC1=CC(=O)O/C1=C/C=O,N#CC(O)/C=c1/oc2nc1c2C=O,3,0.1,
NC1=CC(=O)O/C1=C/C=O,N#CC(O)(C=O)/C=c1/oc2cc1n2,3,0.1224,
NC1=CC(=O)O/C1=C/C=O,N#CC1(O)C=NC2=CC(=O)OC2=C1,3,0.1957,
NC1=CC(=O)O/C1=C/C=O,N#CC(O)C(C=O)=c1oc2cc1n2,3,0.1224,
NC1=CC(=O)O/C1=C/C=O,N#CC(O)C1=NC2=CC(=O)OC2=C1,3,0.2273,
NC1=CC(=O)O/C1=C/C=O,N#CC(O)C1=C2N=CC=C2OC1=O,3,0.1224,
NC1=CC(=O)O/C1=C/C=O,N#CC(O)C(=O)/C=c1/oc2cc1n2,3,0.1,
NC1=CC(=O)O/C1=C/C=O,N#CC(O)/C=C1/OC(=O)C2=C1N=C2,3,0.1667,
NC1=CC(=O)O/C1=C/C=O,N#CC(O)c1c2nc1/c(=C\C=O)o2,3,0.1702,
NC1=CC(=O)O/C1=C/C=O,N#CC(O)C1=C2OC(=O)C=C2N=C1,3,0.1957,
NC1=CC(=O)O/C1=C/C=O,C=C(N)C(=O)CC(=O)C(=O)Cl,3,0.05,
NC1=CC(=O)O/C1=C/C=O,CC(=O)C(N)=C(C=O)C(=O)Cl,3,0.1,
NC1=CC(=O)O/C1=C/C=O,NC1=C2OC1(CCCl)OC2=O,3,0.1429,
NC1=CC(=O)O/C1=C/C=O,NC1=CC(O)O/C1=C/C(=O)Cl,2,0.2195,
NC1=CC(=O)O/C1=C/C=O,NC(=CC(=O)Cl)C(=O)CC=O,2,0.0976,
NC1=CC(=O)O/C1=C/C=O,C=C1OC(O)(C(=O)Cl)C=C1N,3,0.1667,
NC1=CC(=O)O/C1=C/C=O,NC(=C1OC1=O)C(Cl)CC=O,3,0.225,
NC1=CC(=O)O/C1=C/C=O,NC1=CC(O)O/C1=C(\Cl)C=O,2,0.25,
NC1=CC(=O)O/C1=C/C=O,NC1=CC(O)(C=O)O/C1=C\Cl,3,0.25,
NC1=CC(=O)O/C1=C/C=O,NC1=C(C=O)C(O)O/C1=C\Cl,3,0.1951,
NC1=CC(=O)O/C1=C/C=O,NC=C(C(=O)Cl)C(=O)CC=O,3,0.0976,
NC1=CC(=O)O/C1=C/C=O,NC1=C(CCl)C(=O)O/C1=C\O,3,0.225,
NC1=CC(=O)O/C1=C/C=O,NC1=C(CO)C(=O)O/C1=C\Cl,3,0.225,
NC1=CC(=O)O/C1=C/C=O,NC(=CC(=O)Cl)C(C=O)C=O,3,0.1026,
NC1=CC(=O)O/C1=C/C=O,NC1=CC(=O)OC1CC(=O)Cl,3,0.25,
NC1=CC(=O)O/C1=C/C=O,NC1=CC(=O)OC12OC2CCl,3,0.2143,
NC1=CC(=O)O/C1=C/C=O,NC1=CC(=O)O/C1=C/C(O)Cl,3,0.5152,
NC1=CC(=O)O/C1=C/C=O,CC(=O)C(=O)C(N)=CC(=O)Cl,3,0.075,
NC1=CC(=O)O/C1=C/C=O,NC1=C2OC2O/C1=C(\O)CCl,3,0.1163,
NC1=CC(=O)O/C1=C/C=O,NC1=CC2OC1=C(C(O)Cl)O2,3,0.1395,
NC1=CC(=O)O/C1=C/C=O,NC1=CC(=O)OC1C(Cl)C=O,3,0.2821,
NC1=CC(=O)O/C1=C/C=O,NC1=C2OC2O/C1=C(\Cl)CO,3,0.1429,
NC1=CC(=O)O/C1=C/C=O,NC1=C2OC2O/C1=C/C(O)Cl,3,0.1395,
NC1=CC(=O)O/C1=C/C=O,NC1=CC(=O)O/C1=C(\Cl)CO,2,0.4118,
NC1=CC(=O)O/C1=C/C=O,C=C(N)C(=O)C(C=O)C(=O)Cl,3,0.0976,
NC1=CC(=O)O/C1=C/C=O,C=C1OC(O)C(C(=O)Cl)=C1N,3,0.119,
NC1=CC(=O)O/C1=C/C=O,NC(C(=O)CCCl)=C1OC1=O,3,0.175,
NC1=CC(=O)O/C1=C/C=O,NC1=CC(=O)O/C1=C(\O)CCl,2,0.3714,
NC1=CC(=O)O/C1=C/C=O,NC(C=O)=C(CC=O)C(=O)Cl,3,0.0976,
NC1=CC(=O)O/C1=C/C=O,NC1=CC(=O)O/C1=C/C(N)Cl,3,0.5312,
NC1=CC(=O)O/C1=C/C=O,NC/C(Cl)=C1/OC(=O)C=C1N,3,0.4118,
NC1=CC(=O)O/C1=C/C=O,NC(=O)C(O)=C(N)C(O)CC=O,3,0.0952,
NC1=CC(=O)O/C1=C/C=O,NCC(=O)C(C=O)C(N)C(=O)O,3,0.0952,
NC1=CC(=O)O/C1=C/C=O,NC1=CC(O)OC1C(N)C(=O)O,3,0.1364,
NC1=CC(=O)O/C1=C/C=O,NC(C(O)CC=O)C1(N)OC1=O,3,0.1628,
NC1=CC(=O)O/C1=C/C=O,NC1=CC(O)OC1(N)C1OC1O,3,0.1163,
NC1=CC(=O)O/C1=C/C=O,NC1=CC(O)(C=O)OC1(N)CO,3,0.186,
NC1=CC(=O)O/C1=C/C=O,NCC(O)C1(O)OC(=O)C=C1N,3,0.2143,
NC1=CC(=O)O/C1=C/C=O,NC(CC=O)C1(N)OC1C(=O)O,3,0.1333,
NC1=CC(=O)O/C1=C/C=O,NC(C(=O)O)C(N)C(C=O)C=O,3,0.1053,
NC1=CC(=O)O/C1=C/C=O,NC1=C(CC(=O)O)C(O)OC1N,3,0.1136,
NC1=CC(=O)O/C1=C/C=O,NC(=O)C(O)C(N)C(=O)CC=O,3,0.0952,
NC1=CC(=O)O/C1=C/C=O,NC(C(=O)O)C(N)C(=O)CC=O,2,0.1,
NC1=CC(=O)O/C1=C/C=O,NC(=CC(N)(O)O)C(=O)CC=O,3,0.0952,
NC1=CC(=O)O/C1=C/C=O,CC(N)(N)C(=O)CC(=O)C(=O)O,3,0.05,
NC1=CC(=O)O/C1=C/C=O,NC(=CC(N)O)C(=O)C(O)C=O,3,0.125,
NC1=CC(=O)O/C1=C/C=O,NC1=CC(O)(C(O)C=O)OC1N,3,0.186,
NC1=CC(=O)O/C1=C/C=O,NC1=CC(O)OC1(N)C(O)C=O,2,0.1818,
NC1=CC(=O)O/C1=C/C=O,CC1(N)OC(O)(C(=O)O)C=C1N,3,0.1395,
NC1=CC(=O)O/C1=C/C=O,NC(N)C(C(=O)O)C(=O)CC=O,3,0.0976,
NC1=CC(=O)O/C1=C/C=O,NC1=C2OC2OC1(N)C(O)CO,3,0.0851,
NC1=CC(=O)O/C1=C/C=O,NC(=O)CC1(O)OC(O)C=C1N,3,0.1333,
NC1=CC(=O)O/C1=C/C=O,NC(O)C1OC1(N)C(=O)CC=O,3,0.1333,
NC1=CC(=O)O/C1=C/C=O,NC(CC=O)C(=O)C(N)C(=O)O,3,0.0976,
NC1=CC(=O)O/C1=C/C=O,CC(=O)C(N)(C=O)C(N)C(=O)O,3,0.0952,
NC1=CC(=O)O/C1=C/C=O,NCCC(=O)C(N)=C(O)C(=O)O,3,0.075,
NC1=CC(=O)O/C1=C/C=O,NC1C(=O)C(C=O)OC(O)C1N,3,0.1707,
NC1=CC(=O)O/C1=C/C=O,NC1(N)CC(=O)OC1(O)CC=O,3,0.2195,
NC1=CC(=O)O/C1=C/C=O,NC1C(=O)OC(O)(CC=O)C1N,3,0.1628,
NC1=CC(=O)O/C1=C/C=O,NC(=O)CC(N)(O)C(=O)CC=O,3,0.0952,
NC1=CC(=O)O/C1=C/C=O,NC(N)(CC(=O)O)C(=O)CC=O,2,0.0976,
NC1=CC(=O)O/C1=C/C=O,NC1=CC(O)(CC(=O)O)OC1N,3,0.1333,
NC1=CC(=O)O/C1=C/C=O,NC1=CC(=O)OC1(O)CC(N)O,3,0.2143,
NC1=CC(=O)O/C1=C/C=O,NC1=C(C(O)CO)C(=O)OC1N,3,0.1364,
NC1=CC(=O)O/C1=C/C=O,NC(C(=O)CC=O)=C(O)C(N)O,3,0.093,
NC1=CC(=O)O/C1=C/C=O,CC(=O)C(N)C(N)(C=O)C(=O)O,3,0.0952,
NC1=CC(=O)O/C1=C/C=O,NC(=CC(=O)O)C(N)(O)CC=O,3,0.093,
NC1=CC(=O)O/C1=C/C=O,NC1=CC2(O)OC(O)CC1(N)O2,3,0.1087,
NC1=CC(=O)O/C1=C/C=O,NC(C(=O)CCO)C1(N)OC1=O,3,0.1136,
NC1=CC(=O)O/C1=C/C=O,NC1C(=O)CC(=O)OC(O)C1N,3,0.119,
NC1=CC(=O)O/C1=C/C=O,NC(=CC(N)O)C(=O)COC=O,3,0.0889,
NC1=CC(=O)O/C1=C/C=O,NC1=CC(O)O/C1=C(\O)C(N)O,3,0.1667,
NC1=CC(=O)O/C1=C/C=O,NCCC(=O)C(N)=COC(=O)O,3,0.0682,
NC1=CC(=O)O/C1=C/C=O,NC1=C(C(O)C=O)C(O)OC1N,3,0.1628,
NC1=CC(=O)O/C1=C/C=O,NC(C=O)C(N)(CC=O)C(=O)O,3,0.0952,
NC1=CC(=O)O/C1=C/C=O,NC1(N)CC(O)OC(=O)CC1=O,3,0.1163,
NC1=CC(=O)O/C1=C/C=O,NC(=O)C=C(N)C(O)C(O)C=O,3,0.1,
NC1=CC(=O)O/C1=C/C=O,NC(N)C(=O)C(C=O)CC(=O)O,3,0.0976,
NC1=CC(=O)O/C1=C/C=O,NC(N)(C(=O)CC=O)C1OC1O,3,0.1163,
NC1=CC(=O)O/C1=C/C=O,NC(C(=O)O)C(N)(C=O)CC=O,3,0.093,
NC1=CC(=O)O/C1=C/C=O,NCC(O)C(=O)C(N)=CC(=O)O,3,0.0698,
NC1=CC(=O)O/C1=C/C=O,NC1=CC(O)OC12OC2C(N)O,3,0.1364,
NC1=CC(=O)O/C1=C/C=O,NCCOC(=O)C(N)=CC(=O)O,3,0.0682,
NC1=CC(=O)O/C1=C/C=O,NC1=C2OC(CO)C1(N)OC2O,3,0.087,
NC1=CC(=O)O/C1=C/C=O,NC(=O)C=C(N)C(=O)C(O)CO,3,0.0714,
NC1=CC(=O)O/C1=C/C=O,NC1=CC2OC(C(O)O)C1(N)O2,3,0.1364,
NC1=CC(=O)O/C1=C/C=O,NC1=C(C=O)C(O)OC1(N)CO,3,0.1591,
NC1=CC(=O)O/C1=C/C=O,CC1(N)OC(O)C(C(=O)O)=C1N,3,0.1163,
NC1=CC(=O)O/C1=C/C=O,NC(=C(O)C(=O)O)C(N)CC=O,3,0.122,
NC1=CC(=O)O/C1=C/C=O,NC1=C(CO)C(=O)OC1(N)CO,3,0.1463,
NC1=CC(=O)O/C1=C/C=O,NC1(N)CC(=O)OC(CO)C1=O,3,0.1136,
NC1=CC(=O)O/C1=C/C=O,NCC(N)C(=O)C(C=O)C(=O)O,3,0.0952,
NC1=CC(=O)O/C1=C/C=O,NC(N)(C(O)CC=O)C1OC1=O,3,0.1628,
NC1=CC(=O)O/C1=C/C=O,NC1(N)CC(=O)OC(=O)CC1O,3,0.1463,
NC1=CC(=O)O/C1=C/C=O,NC1(N)CC(O)OC(C=O)C1=O,3,0.1628,
NC1=CC(=O)O/C1=C/C=O,CC(=O)C(=O)C(N)(N)CC(=O)O,3,0.0488,
NC1=CC(=O)O/C1=C/C=O,NCC(N)C(=O)CC(=O)C(=O)O,3,0.0476,
NC1=CC(=O)O/C1=C/C=O,NC(=COC(=O)O)C(N)CC=O,3,0.0889,
NC1=CC(=O)O/C1=C/C=O,CC(=O)C(N)(N)C(C=O)C(=O)O,3,0.0976,
NC1=CC(=O)O/C1=C/C=O,NC1=C2OC2OC1(N)CC(O)O,3,0.087,
NC1=CC(=O)O/C1=C/C=O,NC1=CC2(O)OC(CO)C1(N)O2,3,0.1087,
NC1=CC(=O)O/C1=C/C=O,NC1C(=O)OC1(N)C(O)CC=O,3,0.1556,
NC1=CC(=O)O/C1=C/C=O,NC(C(=O)CC=O)C1(N)OC1O,3,0.1111,
NC1=CC(=O)O/C1=C/C=O,NCC(=O)CC(=O)C(N)C(=O)O,3,0.0476,
NC1=CC(=O)O/C1=C/C=O,NC(=O)C=C(N)C(O)CC(=O)O,3,0.0714,
NC1=CC(=O)O/C1=C/C=O,NC1C(=O)OC1(N)C(=O)CCO,3,0.1111,
NC1=CC(=O)O/C1=C/C=O,NCC1(O)OC12OC(O)C=C2N,3,0.1333,
NC1=CC(=O)O/C1=C/C=O,CC(=O)C(=O)C(N)C(N)C(=O)O,3,0.0789,
NC1=CC(=O)O/C1=C/C=O,NC(N)(C(=O)CCO)C1OC1=O,3,0.1163,
NC1=CC(=O)O/C1=C/C=O,NC1C(=O)CC(O)OC(=O)C1N,3,0.122,
NC1=CC(=O)O/C1=C/C=O,NC1C(=O)OC(C=O)C(O)C1N,3,0.1707,
NC1=CC(=O)O/C1=C/C=O,NC(N)(CC(=O)CC=O)C(=O)O,3,0.0976,
NC1=CC(=O)O/C1=C/C=O,NC(=CC(=O)O)C(N)COC=O,3,0.0889,
NC1=CC(=O)O/C1=C/C=O,NC(=CC(=O)O)C(N)CC(=O)O,3,0.0714,
NC1=CC(=O)O/C1=C/C=O,NC1=CC(=O)OC1(N)C(O)CO,2,0.2143,
NC1=CC(=O)O/C1=C/C=O,NC1C(=O)OC(CO)C(=O)C1N,3,0.122,
NC1=CC(=O)O/C1=C/C=O,NC1=CC(=O)OC1(N)CC(O)O,3,0.2195,
NC1=CC(=O)O/C1=C/C=O,NC(=CC(N)O)C(=O)OCC=O,3,0.0889,
NC1=CC(=O)O/C1=C/C=O,NCCC(=O)OC(N)=CC(=O)O,3,0.0682,
NC1=CC(=O)O/C1=C/C=O,NC(=CC(=O)O)C(=O)CC(N)O,3,0.0698,
NC1=CC(=O)O/C1=C/C=O,NCC(N)(C(=O)O)C(=O)CC=O,3,0.122,
NC1=CC(=O)O/C1=C/C=O,CC(N)(N)C(=O)C(C=O)C(=O)O,3,0.0976,
NC1=CC(=O)O/C1=C/C=O,NC1C(O)OC1(N)C(=O)CC=O,3,0.1111,
NC1=CC(=O)O/C1=C/C=O,NC1(N)CC(=O)OC(C=O)C1O,3,0.1667,
NC1=CC(=O)O/C1=C/C=O,NC(N)C(=O)CC(=O)CC(=O)O,3,0.05,
NC1=CC(=O)O/C1=C/C=O,NC(=CC(N)O)OC(=O)CC=O,3,0.0889,
NC1=CC(=O)O/C1=C/C=O,NC1=CC2OC(O)(CO)C1(N)O2,3,0.1364,
NC1=CC(=O)O/C1=C/C=O,NC(=CC(N)O)C(=O)CC(=O)O,3,0.0698,
NC1=CC(=O)O/C1=C/C=O,NC(=O)C(O)=C(N)C(=O)CCO,3,0.0488,
NC1=CC(=O)O/C1=C/C=O,NC(N)(CC(=O)O)C(C=O)C=O,3,0.1,
NC1=CC(=O)O/C1=C/C=O,NC1C(=O)OC(=O)CC(O)C1N,3,0.1463,
NC1=CC(=O)O/C1=C/C=O,NC(N)(C=O)C(CC=O)C(=O)O,3,0.0952,
NC1=CC(=O)O/C1=C/C=O,NCCC(=O)C1(N)OC1C(=O)O,3,0.093,
NC1=CC(=O)O/C1=C/C=O,C=C(N)C(=O)C(O)C(N)C(=O)O,3,0.0476,
NC1=CC(=O)O/C1=C/C=O,NC1=CC(O)O/C1=C/C(N)(O)O,3,0.1951,
NC1=CC(=O)O/C1=C/C=O,NC(=CC(=O)O)C(N)C(O)C=O,3,0.0952,
NC1=CC(=O)O/C1=C/C=O,NC1=C2OC(O)CC1(N)OC2O,3,0.0889,
NC1=CC(=O)O/C1=C/C=O,NC1=CC(O)OC1(N)CC(=O)O,2,0.1333,
NC1=CC(=O)O/C1=C/C=O,NC1(N)CC(=O)OC(O)CC1=O,3,0.1163,
NC1=CC(=O)O/C1=C/C=O,C/C(CCl)=C1\OC(=O)C=C1N,3,0.3714,
NC1=CC(=O)O/C1=C/C=O,CC(Cl)/C=C1/OC(=O)C=C1N,3,0.5152,
NC1=CC(=O)O/C1=C/C=O,NC1=CC(=O)O/C1=C/C(=O)Cl,2,0.5312,
NC1=CC(=O)O/C1=C/C=O,NC1=CC(=O)O/C1=C(\Cl)C=O,2,0.4545,
NC1=CC(=O)O/C1=C/C=O,C=C1OC(=O)C(C(=O)Cl)=C1N,3,0.175,
NC1=CC(=O)O/C1=C/C=O,NC(=CC(=O)Cl)C(=O)C=C=O,3,0.0714,
NC1=CC(=O)O/C1=C/C=O,NC1=C(C=O)C(=O)O/C1=C\Cl,3,0.2703,
NC1=CC(=O)O/C1=C/C=O,CC(O)/C(O)=C1/OC(O)C=C1N,3,0.1628,
NC1=CC(=O)O/C1=C/C=O,CC(O)(O)C=C(N)C(=O)CC=O,3,0.093,
NC1=CC(=O)O/C1=C/C=O,CC(O)(C=O)C1OC(O)C=C1N,3,0.1818,
NC1=CC(=O)O/C1=C/C=O,NC(=CCO)C(=O)C(C=O)CO,3,0.093,
NC1=CC(=O)O/C1=C/C=O,CC(C(=O)O)C(N)C(=O)CC=O,3,0.093,
NC1=CC(=O)O/C1=C/C=O,NC(=CC(O)CO)C(=O)CC=O,3,0.0909,
NC1=CC(=O)O/C1=C/C=O,NC1=C(CO)C(=O)OC1CCO,3,0.1395,
NC1=CC(=O)O/C1=C/C=O,NC1=CC(=O)OC1CC(O)CO,3,0.2093,
NC1=CC(=O)O/C1=C/C=O,C/C(=C1\OC(O)C=C1N)C(O)O,3,0.1667,
NC1=CC(=O)O/C1=C/C=O,NC(=CCO)C(=O)CC(=O)CO,3,0.0732,
NC1=CC(=O)O/C1=C/C=O,CC(O)CC1(O)OC(=O)C=C1N,3,0.2093,
NC1=CC(=O)O/C1=C/C=O,NC1=CC(O)(CO)O/C1=C/CO,3,0.1905,
NC1=CC(=O)O/C1=C/C=O,COC(=O)C=C(N)C(=O)CCO,3,0.0667,
NC1=CC(=O)O/C1=C/C=O,COC(=O)CC(N)C(=O)CC=O,3,0.0889,
NC1=CC(=O)O/C1=C/C=O,COC/C(O)=C1/OC(O)C=C1N,3,0.1591,
NC1=CC(=O)O/C1=C/C=O,COC(O)C=C(N)C(=O)CC=O,3,0.087,
NC1=CC(=O)O/C1=C/C=O,CC(CO)C1(O)OC(=O)C=C1N,3,0.2093,
NC1=CC(=O)O/C1=C/C=O,CC(=O)CC(=O)C(N)CC(=O)O,3,0.0465,
NC1=CC(=O)O/C1=C/C=O,CC(C=O)C(O)C(N)=CC(=O)O,3,0.093,
NC1=CC(=O)O/C1=C/C=O,CC(O)C(O)C1OC(=O)C=C1N,3,0.225,
NC1=CC(=O)O/C1=C/C=O,COC(=O)CC1OC(O)C=C1N,3,0.1522,
NC1=CC(=O)O/C1=C/C=O,CC(=O)CC(=O)C(N)=CC(O)O,3,0.0698,
NC1=CC(=O)O/C1=C/C=O,CC(C(=O)O)=C(N)C(O)CC=O,3,0.0909,
NC1=CC(=O)O/C1=C/C=O,COCC(O)C1OC(=O)C=C1N,3,0.2,
NC1=CC(=O)O/C1=C/C=O,CC(=C(N)C(=O)CC=O)C(O)O,3,0.093,
NC1=CC(=O)O/C1=C/C=O,COC1C=C(N)/C(=C(/O)CO)O1,3,0.1556,
NC1=CC(=O)O/C1=C/C=O,CC(C=O)C(=O)C(N)CC(=O)O,3,0.119,
NC1=CC(=O)O/C1=C/C=O,COC(C=O)C1OC(O)C=C1N,3,0.1739,
NC1=CC(=O)O/C1=C/C=O,NC1=CC(=O)OC1C(CO)CO,3,0.225,
NC1=CC(=O)O/C1=C/C=O,COC1C=C(N)C(C(O)C=O)O1,3,0.1739,
NC1=CC(=O)O/C1=C/C=O,COC1(CCO)OC(=O)C=C1N,3,0.2045,
NC1=CC(=O)O/C1=C/C=O,CC(=O)CC(O)C(N)=CC(=O)O,3,0.0682,
NC1=CC(=O)O/C1=C/C=O,COC(CC=O)C(N)=CC(=O)O,3,0.087,
NC1=CC(=O)O/C1=C/C=O,COC(CO)C1OC(=O)C=C1N,3,0.2,
NC1=CC(=O)O/C1=C/C=O,COC1C=C(N)/C(=C\C(O)O)O1,3,0.1818,
NC1=CC(=O)O/C1=C/C=O,COC(=O)C=C(N)C(O)CC=O,3,0.087,
NC1=CC(=O)O/C1=C/C=O,CC(C(=O)O)=C(N)C(=O)CCO,3,0.0465,
NC1=CC(=O)O/C1=C/C=O,CC(C=O)C(=O)C(N)=CC(O)O,3,0.0952,
NC1=CC(=O)O/C1=C/C=O,COC1C=C(N)C(CC(=O)O)O1,3,0.1522,
NC1=CC(=O)O/C1=C/C=O,CC(O)(CO)C1OC(=O)C=C1N,3,0.2093,
NC1=CC(=O)O/C1=C/C=O,NC1=C(CO)C(O)O/C1=C/CO,3,0.1395,
NC1=CC(=O)O/C1=C/C=O,NC1=CC(=O)OC1(CO)CCO,3,0.2195,
NC1=CC(=O)O/C1=C/C=O,CC(O)CC(=O)C(N)=CC(=O)O,3,0.0682,
NC1=CC(=O)O/C1=C/C=O,CO/C(CO)=C1\OC(O)C=C1N,3,0.186,
NC1=CC(=O)O/C1=C/C=O,NC1=CC(O)OC1CC(=O)CO,3,0.1591,
NC1=CC(=O)O/C1=C/C=O,CNC(=CC(=O)O)C(=O)CCO,3,0.0444,
NC1=CC(=O)O/C1=C/C=O,COC(O)/C=C1/OC(O)C=C1N,3,0.1778,
NC1=CC(=O)O/C1=C/C=O,COCCC1(O)OC(=O)C=C1N,3,0.2045,
NC1=CC(=O)O/C1=C/C=O,CC(O)(CC=O)C(N)=CC(=O)O,3,0.0909,
NC1=CC(=O)O/C1=C/C=O,NC1=CC(O)O/C1=C/C(O)CO,3,0.186,
NC1=CC(=O)O/C1=C/C=O,CC(N)(CC(=O)O)C(=O)CC=O,3,0.093,
NC1=CC(=O)O/C1=C/C=O,CC(O)(O)/C=C1/OC(O)C=C1N,3,0.1905,
NC1=CC(=O)O/C1=C/C=O,CC(CO)C(=O)C(N)=CC(=O)O,3,0.0682,
NC1=CC(=O)O/C1=C/C=O,CNC(CC(=O)O)C(=O)CC=O,3,0.0667,
NC1=CC(=O)O/C1=C/C=O,CNC(=CC(=O)O)C(O)CC=O,3,0.0652,
NC1=CC(=O)O/C1=C/C=O,CNC(=CC(O)O)C(=O)CC=O,3,0.0667,
NC1=CC(=O)O/C1=C/C=O,CC(C(=O)O)C1OC(O)C=C1N,3,0.1333,
NC1=CC(=O)O/C1=C/C=O,NC(C(=O)CC=O)=C(CO)CO,3,0.1,
NC1=CC(=O)O/C1=C/C=O,NC1=CC(O)OC1=C(CO)CO,3,0.1795,
NC1=CC(=O)O/C1=C/C=O,COCCC(=O)C(N)=CC(=O)O,3,0.0667,
NC1=CC(=O)O/C1=C/C=O,NC1=CC(O)OC1C(C=O)CO,3,0.1778,
NC1=CC(=O)O/C1=C/C=O,CC(=O)C(O)C1OC(O)C=C1N,3,0.1333,
NC1=CC(=O)O/C1=C/C=O,CNCCC(=O)C(N)=CC(=O)O,3,0.0667,
NC1=CC(=O)O/C1=C/C=O,CNC(O)C=C(N)C(=O)CC=O,3,0.087,
NC1=CC(=O)O/C1=C/C=O,CC(CN)C(=O)C(N)=CC(=O)O,3,0.0682,
NC1=CC(=O)O/C1=C/C=O,CNC(=CC(=O)O)C(N)CC=O,3,0.087,
NC1=CC(=O)O/C1=C/C=O,CC(=O)CC(=O)C(N)=CC(N)O,3,0.0682,
NC1=CC(=O)O/C1=C/C=O,CNC(CC=O)C(N)=CC(=O)O,3,0.087,
NC1=CC(=O)O/C1=C/C=O,COC1C=C(N)/C(=C(/O)CN)O1,3,0.1556,
NC1=CC(=O)O/C1=C/C=O,NC1=CC(O)O/C1=C/C(N)CO,3,0.186,
NC1=CC(=O)O/C1=C/C=O,CNC(=CC(=O)O)C(=O)CCN,3,0.0667,
NC1=CC(=O)O/C1=C/C=O,COC(N)C=C(N)C(=O)CC=O,3,0.087,
NC1=CC(=O)O/C1=C/C=O,CNC/C(O)=C1/OC(O)C=C1N,3,0.1591,
NC1=CC(=O)O/C1=C/C=O,CC(C(=O)O)=C(N)C(=O)CCN,3,0.0465,
NC1=CC(=O)O/C1=C/C=O,COC1(CCN)OC(=O)C=C1N,3,0.2093,
NC1=CC(=O)O/C1=C/C=O,CNC(O)/C=C1/OC(O)C=C1N,3,0.1778,
NC1=CC(=O)O/C1=C/C=O,CC(N)CC(=O)C(N)=CC(=O)O,3,0.0682,
NC1=CC(=O)O/C1=C/C=O,CC(N)(CC=O)C(N)=CC(=O)O,3,0.0909,
NC1=CC(=O)O/C1=C/C=O,C/C(=C1\OC(O)C=C1N)C(N)O,3,0.1628,
NC1=CC(=O)O/C1=C/C=O,COC(=O)C=C(N)C(=O)CCN,3,0.0667,
NC1=CC(=O)O/C1=C/C=O,CC(=O)CC(N)C(N)=CC(=O)O,3,0.0682,
NC1=CC(=O)O/C1=C/C=O,CC(C=O)C(N)C(N)=CC(=O)O,3,0.093,
NC1=CC(=O)O/C1=C/C=O,CC(CN)C1(O)OC(=O)C=C1N,3,0.2093,
NC1=CC(=O)O/C1=C/C=O,COC(=O)C=C(N)C(N)CC=O,3,0.087,
NC1=CC(=O)O/C1=C/C=O,NC/C(CO)=C1/OC(O)C=C1N,3,0.1667,
NC1=CC(=O)O/C1=C/C=O,COC(N)/C=C1/OC(O)C=C1N,3,0.1778,
NC1=CC(=O)O/C1=C/C=O,COC1C=C(N)/C(=C\C(N)O)O1,3,0.1778,
NC1=CC(=O)O/C1=C/C=O,CC(N)CC1(O)OC(=O)C=C1N,3,0.2093,
NC1=CC(=O)O/C1=C/C=O,CNCCC1(O)OC(=O)C=C1N,3,0.2045,
NC1=CC(=O)O/C1=C/C=O,COCCC1(N)OC(=O)C=C1N,3,0.2093,
NC1=CC(=O)O/C1=C/C=O,CC(O)CC1(N)OC(=O)C=C1N,3,0.2093,
NC1=CC(=O)O/C1=C/C=O,CO/C(CN)=C1\OC(O)C=C1N,3,0.186,
NC1=CC(=O)O/C1=C/C=O,CC(N)(O)C=C(N)C(=O)CC=O,3,0.1163,
NC1=CC(=O)O/C1=C/C=O,CC(N)/C(O)=C1/OC(O)C=C1N,3,0.1628,
NC1=CC(=O)O/C1=C/C=O,CC(C(=O)O)=C(N)C(N)CC=O,3,0.0909,
NC1=CC(=O)O/C1=C/C=O,CC(CO)C1(N)OC(=O)C=C1N,3,0.2093,
NC1=CC(=O)O/C1=C/C=O,CC(C=O)C(=O)C(N)=CC(N)O,3,0.093,
NC1=CC(=O)O/C1=C/C=O,CC(=C(N)C(=O)CC=O)C(N)O,3,0.0909,
NC1=CC(=O)O/C1=C/C=O,CNC(=CC(N)O)C(=O)CC=O,3,0.087,
NC1=CC(=O)O/C1=C/C=O,CC(N)(O)/C=C1/OC(O)C=C1N,3,0.186,
NC1=CC(=O)O/C1=C/C=O,NC(C(=O)O)C(N)C(=O)C=C=O,3,0.0732,
NC1=CC(=O)O/C1=C/C=O,NC(=O)C1OC12OC(O)C=C2N,3,0.1364,
NC1=CC(=O)O/C1=C/C=O,NC1=CC(=O)O/C1=C/C(N)(O)O,3,0.5312,
NC1=CC(=O)O/C1=C/C=O,NC(=O)CC(=O)C(N)=CC(=O)O,3,0.075,
NC1=CC(=O)O/C1=C/C=O,CC1(N)OC(=O)C(C(=O)O)=C1N,3,0.1429,
NC1=CC(=O)O/C1=C/C=O,NC1=CC(O)OC1(N)C(O)=C=O,3,0.1333,
NC1=CC(=O)O/C1=C/C=O,NC(=O)CC1(O)OC(=O)C=C1N,3,0.2195,
NC1=CC(=O)O/C1=C/C=O,NC(=O)/C(O)=C1/OC(O)C=C1N,3,0.1951,
NC1=CC(=O)O/C1=C/C=O,CC(=O)C(=CC(=O)O)NC(N)=O,3,0.0714,
NC1=CC(=O)O/C1=C/C=O,NC(C(=O)O)=C(N)C(=O)CC=O,3,0.1026,
NC1=CC(=O)O/C1=C/C=O,NC1=CC(=O)OC1(N)C1OC1O,3,0.2195,
NC1=CC(=O)O/C1=C/C=O,NC(=CC(=O)O)C(N)=CC(=O)O,3,0.0909,
NC1=CC(=O)O/C1=C/C=O,NC1=C(CC(=O)O)C(=O)OC1N,3,0.1395,
NC1=CC(=O)O/C1=C/C=O,NC1=C(C(O)C=O)C(=O)OC1N,3,0.1905,
NC1=CC(=O)O/C1=C/C=O,NC1=C2OC(O)CC1(N)OC2=O,3,0.1333,
NC1=CC(=O)O/C1=C/C=O,NC1=CC(=O)OC12OC2C(N)O,3,0.2143,
NC1=CC(=O)O/C1=C/C=O,NC(=O)C=C(N)C(=O)COC=O,3,0.0952,
NC1=CC(=O)O/C1=C/C=O,NC1=C2OC(CO)C1(N)OC2=O,3,0.1333,
NC1=CC(=O)O/C1=C/C=O,N=C(C(=O)O)C(N)C(=O)CC=O,3,0.093,
NC1=CC(=O)O/C1=C/C=O,NC1=CC(=O)OC1(N)COC=O,2,0.2683,
NC1=CC(=O)O/C1=C/C=O,NC(=O)C=C(N)C(=O)C(O)C=O,3,0.1282,
NC1=CC(=O)O/C1=C/C=O,NC1=CC(=O)O/C1=C(\O)C(N)O,3,0.3714,
NC1=CC(=O)O/C1=C/C=O,NC1=C(COC=O)C(=O)OC1N,3,0.186,
NC1=CC(=O)O/C1=C/C=O,NC1=CC(=O)OC1(N)CC(=O)O,2,0.2195,
NC1=CC(=O)O/C1=C/C=O,NCC1(O)OC12OC(=O)C=C2N,3,0.2195,
NC1=CC(=O)O/C1=C/C=O,NC(=O)C1OC1(N)C(=O)CC=O,3,0.1136,
NC1=CC(=O)O/C1=C/C=O,NC(=O)C=C(N)OC(=O)CC=O,3,0.0952,
NC1=CC(=O)O/C1=C/C=O,NC1=C(C=O)C(=O)OC1(N)CO,3,0.1905,
NC1=CC(=O)O/C1=C/C=O,NC(=O)C=C(N)C(=O)OCC=O,3,0.0952,
NC1=CC(=O)O/C1=C/C=O,NC(=O)OC=C(N)C(=O)CC=O,3,0.0952,
NC1=CC(=O)O/C1=C/C=O,NC1=CC(=O)OC1(N)C(=O)CO,3,0.2195,
NC1=CC(=O)O/C1=C/C=O,NC1=CC(O)OC1(N)C(=O)C=O,3,0.186,
NC1=CC(=O)O/C1=C/C=O,NC(=O)OC=C1OC(O)C=C1N,3,0.2093,
NC1=CC(=O)O/C1=C/C=O,NC(=O)C=C(N)C(=O)CC(=O)O,3,0.075,
NC1=CC(=O)O/C1=C/C=O,NC1=CC(=O)OC1(N)C(O)C=O,2,0.275,
NC1=CC(=O)O/C1=C/C=O,NC(N)(CC(=O)O)C(=O)C=C=O,3,0.0698,
NC1=CC(=O)O/C1=C/C=O,NC1=CC(=O)OC1C(N)C(=O)O,3,0.2195,
NC1=CC(=O)O/C1=C/C=O,NC(=O)C(O)=C(N)C(=O)CC=O,3,0.1,
NC1=CC(=O)O/C1=C/C=O,C/C(C(=O)O)=C1\OC(O)C=C1N,2,0.1905,
NC1=CC(=O)O/C1=C/C=O,NC1=CC2(O)OCC(CO)=C1O2,3,0.1304,
NC1=CC(=O)O/C1=C/C=O,C=C1OC(O)C(C(=O)CO)=C1N,3,0.1136,
NC1=CC(=O)O/C1=C/C=O,C=C1OC(OC)(C(=O)O)C=C1N,3,0.1556,
NC1=CC(=O)O/C1=C/C=O,NC1=CC(=O)OCC(=O)CC1O,3,0.2195,
NC1=CC(=O)O/C1=C/C=O,COC1C=C2OC(O)(C=C2N)O1,3,0.1277,
NC1=CC(=O)O/C1=C/C=O,COC1CC(=O)OC(=O)C=C1N,3,0.275,
NC1=CC(=O)O/C1=C/C=O,CC(=O)C1=C(N)/C(=C/O)OC1O,3,0.1667,
NC1=CC(=O)O/C1=C/C=O,NC1=CC(O)O/C1=C/C(=O)CO,2,0.2143,
NC1=CC(=O)O/C1=C/C=O,CNC1=CC(=O)OC(=O)CC1O,3,0.2143,
NC1=CC(=O)O/C1=C/C=O,COC1C=C(N)/C(=C(/O)C=O)O1,2,0.2326,
NC1=CC(=O)O/C1=C/C=O,CC1(OCC=O)OC(=O)C=C1N,3,0.275,
NC1=CC(=O)O/C1=C/C=O,CC(=O)CC1(O)OC(=O)C=C1N,2,0.2143,
NC1=CC(=O)O/C1=C/C=O,CC1=C(N)C(=O)CC(O)OC1=O,3,0.1395,
NC1=CC(=O)O/C1=C/C=O,C/C(=C1\OC(=O)C=C1N)C(O)O,3,0.3714,
NC1=CC(=O)O/C1=C/C=O,CC(=O)C1(O)C=C(N)/C(=C/O)O1,3,0.2143,
NC1=CC(=O)O/C1=C/C=O,O=CCC(=O)C1=CC(O)OCN1,3,0.125,
NC1=CC(=O)O/C1=C/C=O,COC(CC=O)C(N)=C1OC1=O,3,0.2093,
NC1=CC(=O)O/C1=C/C=O,COC1O/C1=C1\OC(O)C=C1N,3,0.1333,
NC1=CC(=O)O/C1=C/C=O,CNC(=CC(=O)O)C(=O)C(C)=O,3,0.0476,
NC1=CC(=O)O/C1=C/C=O,CC(O)C1OC(=O)C=C(N)C1=O,3,0.2821,
NC1=CC(=O)O/C1=C/C=O,CC1(C=O)OC(O)C=C(N)C1=O,3,0.2439,
NC1=CC(=O)O/C1=C/C=O,NC1=CC(=O)OC1=C(O)CCO,3,0.3611,
NC1=CC(=O)O/C1=C/C=O,NC(C(=O)CC=O)=C1COC1O,3,0.1304,
NC1=CC(=O)O/C1=C/C=O,CC(C=O)C1(O)OC(=O)C=C1N,2,0.2683,
NC1=CC(=O)O/C1=C/C=O,C=C1OC(=O)C=C1NC(O)CO,3,0.2093,
NC1=CC(=O)O/C1=C/C=O,CC(=O)/C(O)=C1/OC(O)C=C1N,2,0.1905,
NC1=CC(=O)O/C1=C/C=O,COC12C=C(N)C(=C(CO)O1)O2,3,0.1304,
NC1=CC(=O)O/C1=C/C=O,CNC=C(C(=O)O)C(=O)CC=O,3,0.0682,
NC1=CC(=O)O/C1=C/C=O,CC(C=O)C(=O)C(N)=C1OC1O,3,0.1364,
NC1=CC(=O)O/C1=C/C=O,NC1=CC(OCC=O)O/C1=C\O,3,0.2558,
NC1=CC(=O)O/C1=C/C=O,C/C(=C1\OC2OC2=C1N)C(O)O,3,0.1163,
NC1=CC(=O)O/C1=C/C=O,CC(O)c1oc2c(N)c1OC2O,3,0.087,
NC1=CC(=O)O/C1=C/C=O,CC(=O)OC(=O)C=C(N)C(C)=O,3,0.0732,
NC1=CC(=O)O/C1=C/C=O,NC1=C(CO)C(=O)OC1CC=O,3,0.186,
NC1=CC(=O)O/C1=C/C=O,CC(C=O)C(=O)C(N)=CC(=O)O,2,0.0952,
NC1=CC(=O)O/C1=C/C=O,NC(C(=O)CC=O)=C(C=O)CO,3,0.0952,
NC1=CC(=O)O/C1=C/C=O,COC(C=O)C1OC(=O)C=C1N,3,0.2619,
NC1=CC(=O)O/C1=C/C=O,CC(C=O)C(O)C(N)=C1OC1=O,3,0.2308,
NC1=CC(=O)O/C1=C/C=O,NC1=CC(=O)OC12CC(O)CO2,3,0.2045,
NC1=CC(=O)O/C1=C/C=O,NC1=CC(O)OC1=CC(O)C=O,3,0.2381,
NC1=CC(=O)O/C1=C/C=O,CC(CO)C12OC(=O)C(=C1N)O2,3,0.1333,
NC1=CC(=O)O/C1=C/C=O,NC1=CC(O)O/C1=C\OCC=O,3,0.2326,
NC1=CC(=O)O/C1=C/C=O,NC1=C2OC2O/C1=C/C(O)CO,3,0.1333,
NC1=CC(=O)O/C1=C/C=O,CCC(=O)C(=O)C(N)=CC(=O)O,3,0.0714,
NC1=CC(=O)O/C1=C/C=O,CC(=O)C(=O)C(N)=C(C)C(=O)O,3,0.0513,
NC1=CC(=O)O/C1=C/C=O,NC1=CC(=O)O/C1=C/C(O)CO,2,0.4857,
NC1=CC(=O)O/C1=C/C=O,CC(=O)CC(C(=O)O)=C(N)C=O,3,0.0952,
NC1=CC(=O)O/C1=C/C=O,COCC1OC(=O)C=C(N)C1=O,3,0.275,
NC1=CC(=O)O/C1=C/C=O,COC(O)/C=C1/OC(=O)C=C1N,3,0.4722,
NC1=CC(=O)O/C1=C/C=O,NC1=CC2OC1=C(CO)C(O)O2,3,0.1333,
NC1=CC(=O)O/C1=C/C=O,NC1=CC(=O)OCC(CO)C1=O,3,0.275,
NC1=CC(=O)O/C1=C/C=O,COC1CC(=O)C(N)=CC(=O)O1,3,0.275,
NC1=CC(=O)O/C1=C/C=O,CC1=C2OC(O)C(=C2N)OC1O,3,0.0976,
NC1=CC(=O)O/C1=C/C=O,CC(=O)C(N)=C(C(C)=O)C(=O)O,3,0.0526,
NC1=CC(=O)O/C1=C/C=O,COC1(C)OC(=O)C(C=O)=C1N,3,0.1905,
NC1=CC(=O)O/C1=C/C=O,CCC1(O)OC(=O)C(C=O)=C1N,3,0.186,
NC1=CC(=O)O/C1=C/C=O,CC=C1OC(O)(C(=O)O)C=C1N,3,0.2143,
NC1=CC(=O)O/C1=C/C=O,NC1=C2OCC(O)C=C1OC2O,3,0.1111,
NC1=CC(=O)O/C1=C/C=O,COC/C(O)=C1/OC(=O)C=C1N,2,0.3421,
NC1=CC(=O)O/C1=C/C=O,NC=CC(=O)OCC(=O)CC=O,3,0.0909,
NC1=CC(=O)O/C1=C/C=O,C=C(N)C(=O)C(C=O)C(=O)OC,3,0.0909,
NC1=CC(=O)O/C1=C/C=O,CC(=O)C(O)C1OC(=O)C=C1N,3,0.2143,
NC1=CC(=O)O/C1=C/C=O,CC(=O)C(C=O)C(N)=CC(=O)O,3,0.0952,
NC1=CC(=O)O/C1=C/C=O,CO/C(C=O)=C1\OC(O)C=C1N,2,0.2326,
NC1=CC(=O)O/C1=C/C=O,COC(=O)C=C(N)C(=O)C(C)=O,3,0.0714,
NC1=CC(=O)O/C1=C/C=O,COC(=O)C(C=O)=C(N)C(C)=O,3,0.0952,
NC1=CC(=O)O/C1=C/C=O,NC(=CC(=O)O)C(=O)CCC=O,3,0.0952,
NC1=CC(=O)O/C1=C/C=O,CC(=O)NC(=CC(=O)O)C(C)=O,3,0.0488,
NC1=CC(=O)O/C1=C/C=O,NC1=CC2OC1=CC(O)C(O)O2,3,0.1429,
NC1=CC(=O)O/C1=C/C=O,CC(O)CC12OC(=O)C(=C1N)O2,3,0.1364,
NC1=CC(=O)O/C1=C/C=O,NC1=CC(=O)OC12OCC2CO,3,0.2,
NC1=CC(=O)O/C1=C/C=O,CC(O)(O)/C=C1/OC2OC2=C1N,3,0.1395,
NC1=CC(=O)O/C1=C/C=O,CC(=O)CC(O)C(N)=C1OC1=O,3,0.1667,
NC1=CC(=O)O/C1=C/C=O,CC(=O)C(N)=CC(=O)OCC=O,3,0.0909,
NC1=CC(=O)O/C1=C/C=O,COC(=O)C=C(N)C(C=O)C=O,3,0.0952,
NC1=CC(=O)O/C1=C/C=O,CC1(CO)OC12OC(=O)C=C2N,3,0.2093,
NC1=CC(=O)O/C1=C/C=O,NC1=CC(=O)OC1(C=O)CCO,3,0.3,
NC1=CC(=O)O/C1=C/C=O,CC(O)/C(O)=C1/OC2OC2=C1N,3,0.1136,
NC1=CC(=O)O/C1=C/C=O,CC(=O)C1OC(O)C=C(N)C1=O,3,0.1905,
NC1=CC(=O)O/C1=C/C=O,COC/C(O)=C1/OC2OC2=C1N,3,0.1087,
NC1=CC(=O)O/C1=C/C=O,NC1=CC2OCOC(CO)=C1O2,3,0.1277,
NC1=CC(=O)O/C1=C/C=O,NC(=C1COC1=O)C(O)CC=O,3,0.1556,
NC1=CC(=O)O/C1=C/C=O,NC(=CC(O)C=O)C(=O)CC=O,3,0.093,
NC1=CC(=O)O/C1=C/C=O,CC1(CO)OC(=O)C=C(N)C1=O,3,0.2821,
NC1=CC(=O)O/C1=C/C=O,CNC1=CC(=O)OC(O)CC1=O,3,0.1591,
NC1=CC(=O)O/C1=C/C=O,CNC(C(=O)CC=O)=C1OC1O,3,0.1087,
NC1=CC(=O)O/C1=C/C=O,CC=C1OC(O)C(C(=O)O)=C1N,3,0.1667,
NC1=CC(=O)O/C1=C/C=O,COCc1oc2c(N)c1OC2O,3,0.0833,
NC1=CC(=O)O/C1=C/C=O,NC(=CCO)C(=O)C(C=O)C=O,3,0.0976,
NC1=CC(=O)O/C1=C/C=O,CC(O)=C1OC(=O)C(CO)=C1N,3,0.1951,
NC1=CC(=O)O/C1=C/C=O,CC(=O)C(=CC(=O)O)NCC=O,3,0.0698,
NC1=CC(=O)O/C1=C/C=O,CC1=C(N)C(O)(CC=O)OC1=O,3,0.186,
NC1=CC(=O)O/C1=C/C=O,NC1=CC(=O)OCC(C=O)C1O,3,0.2683,
NC1=CC(=O)O/C1=C/C=O,CC(=O)C1=C(N)C(C)(O)OC1=O,3,0.1429,
NC1=CC(=O)O/C1=C/C=O,NC1=CC(O)OC1=C(O)CC=O,3,0.2439,
NC1=CC(=O)O/C1=C/C=O,C=C1OC(O)(C(=O)CO)C=C1N,3,0.1591,
NC1=CC(=O)O/C1=C/C=O,C=C(NCC(=O)O)C(=O)CC=O,3,0.119,
NC1=CC(=O)O/C1=C/C=O,C=C1OC(OCC(=O)O)C=C1N,3,0.1522,
NC1=CC(=O)O/C1=C/C=O,CNC(=CC(=O)O)C(=O)CC=O,2,0.0682,
NC1=CC(=O)O/C1=C/C=O,NC(=CCO)C(=O)CC(=O)C=O,3,0.0952,
NC1=CC(=O)O/C1=C/C=O,CC(C(=O)O)C1OC(=O)C=C1N,3,0.2143,
NC1=CC(=O)O/C1=C/C=O,C=C(N)C(=O)C(C)(C=O)C(=O)O,3,0.0952,
NC1=CC(=O)O/C1=C/C=O,CC(=O)C(N)=C(CC=O)C(=O)O,3,0.0952,
NC1=CC(=O)O/C1=C/C=O,CC(C=O)C(C(=O)O)=C(N)C=O,3,0.0952,
NC1=CC(=O)O/C1=C/C=O,NC1=CC(=O)O/C1=C(\O)CCO,3,0.3611,
NC1=CC(=O)O/C1=C/C=O,CNC(=C1OC1=O)C(O)CC=O,3,0.186,
NC1=CC(=O)O/C1=C/C=O,NC1=CC(=O)OCC(O)CC1=O,3,0.2821,
NC1=CC(=O)O/C1=C/C=O,CC(=O)OCC1OC(=O)C=C1N,3,0.2045,
NC1=CC(=O)O/C1=C/C=O,COC(=O)C(=CN)C(=O)CC=O,3,0.0909,
NC1=CC(=O)O/C1=C/C=O,NC1=CC(O)OC1=CCOC=O,3,0.2326,
NC1=CC(=O)O/C1=C/C=O,NC1=CC(=O)O/C1=C\OCCO,3,0.4722,
NC1=CC(=O)O/C1=C/C=O,COC1C=C(N)C(=O)CC(=O)O1,3,0.186,
NC1=CC(=O)O/C1=C/C=O,NC1=CC2OCC(C(O)O)=C1O2,3,0.1333,
NC1=CC(=O)O/C1=C/C=O,CO/C=C1\OC(=O)C(CO)=C1N,3,0.2093,
NC1=CC(=O)O/C1=C/C=O,COCC1OC12OC(=O)C=C2N,3,0.2,
NC1=CC(=O)O/C1=C/C=O,CNC1=CC(O)OC(C=O)C1=O,3,0.1591,
NC1=CC(=O)O/C1=C/C=O,NC1=CC2OCOC(O)/C=C\1O2,3,0.1364,
NC1=CC(=O)O/C1=C/C=O,COC1(C=O)C=C(N)/C(=C/O)O1,3,0.2326,
NC1=CC(=O)O/C1=C/C=O,NC(C(=O)CCO)=C1COC1=O,3,0.1111,
NC1=CC(=O)O/C1=C/C=O,C=C1OC(O)(C(=O)OC)C=C1N,3,0.1556,
NC1=CC(=O)O/C1=C/C=O,CCC(=O)C(N)=C(C=O)C(=O)O,3,0.0952,
NC1=CC(=O)O/C1=C/C=O,COC(O)C1=C2OC(C=C2N)O1,3,0.1304,
NC1=CC(=O)O/C1=C/C=O,CC(O)/C(O)=C1/OC(=O)C=C1N,2,0.3611,
NC1=CC(=O)O/C1=C/C=O,CO/C(CO)=C1\OC(=O)C=C1N,2,0.3514,
NC1=CC(=O)O/C1=C/C=O,COC1C=C(N)/C(=C\C(=O)O)O1,2,0.2045,
NC1=CC(=O)O/C1=C/C=O,COC1Oc2c(CO)oc1c2N,3,0.0833,
NC1=CC(=O)O/C1=C/C=O,CNC1=CC(=O)OC1(O)CC=O,3,0.2045,
NC1=CC(=O)O/C1=C/C=O,CC(O)(CC=O)C(N)=C1OC1=O,3,0.2195,
NC1=CC(=O)O/C1=C/C=O,CC(O)C1OC12OC(=O)C=C2N,3,0.2045,
NC1=CC(=O)O/C1=C/C=O,CC(OC=O)C1OC(=O)C=C1N,3,0.2927,
NC1=CC(=O)O/C1=C/C=O,CNC1=CC(=O)OC(C=O)C1O,3,0.2093,
NC1=CC(=O)O/C1=C/C=O,NC(=CC(=O)O)CC(C=O)C=O,3,0.0976,
NC1=CC(=O)O/C1=C/C=O,NC(C=O)=CC(=O)OCCC=O,3,0.0909,
NC1=CC(=O)O/C1=C/C=O,NC1=C(CO)C(O)O/C1=C/C=O,3,0.3077,
NC1=CC(=O)O/C1=C/C=O,C=C1OC(OC)C(C(=O)O)=C1N,3,0.1111,
NC1=CC(=O)O/C1=C/C=O,COC(O)/C=C1/OC2OC2=C1N,3,0.1304,
NC1=CC(=O)O/C1=C/C=O,CC=C(N)C(=O)CC(=O)C(=O)O,3,0.075,
NC1=CC(=O)O/C1=C/C=O,C=C(NC)C(=O)C(C=O)C(=O)O,3,0.0682,
NC1=CC(=O)O/C1=C/C=O,CC(=O)CC(=O)C(=CN)C(=O)O,3,0.0714,
NC1=CC(=O)O/C1=C/C=O,O=CCC(O)C1=CC(=O)OCN1,3,0.2,
NC1=CC(=O)O/C1=C/C=O,COC1(CC=O)OC(=O)C=C1N,2,0.2619,
NC1=CC(=O)O/C1=C/C=O,NC(=CCC(=O)O)C(=O)CC=O,3,0.0976,
NC1=CC(=O)O/C1=C/C=O,CC1(O)CC(=O)C(N)=CC(=O)O1,3,0.2821,
NC1=CC(=O)O/C1=C/C=O,CO/C=C1\OC(O)(C=O)C=C1N,3,0.2326,
NC1=CC(=O)O/C1=C/C=O,CC1C(=O)OC(=O)C=C(N)C1O,3,0.2895,
NC1=CC(=O)O/C1=C/C=O,CC(O)C1=C(N)/C(=C/O)OC1=O,3,0.2195,
NC1=CC(=O)O/C1=C/C=O,CC(O)OC=C1OC(=O)C=C1N,3,0.4722,
NC1=CC(=O)O/C1=C/C=O,C=C1OC(O)C(C(=O)OC)=C1N,3,0.1111,
NC1=CC(=O)O/C1=C/C=O,O=C1C=C(C(=O)CCO)NCO1,3,0.1556,
NC1=CC(=O)O/C1=C/C=O,COC1C=C(N)C(=O)C(C=O)O1,3,0.2381,
NC1=CC(=O)O/C1=C/C=O,CC1=C(N)/C(=C(/O)CO)OC1=O,3,0.1951,
NC1=CC(=O)O/C1=C/C=O,CO/C=C1\OC(O)C(C=O)=C1N,3,0.1818,
NC1=CC(=O)O/C1=C/C=O,COC(=O)C(CC=O)=C(N)C=O,3,0.0909,
NC1=CC(=O)O/C1=C/C=O,NC(=CC(=O)O)CC(=O)CC=O,3,0.0952,
NC1=CC(=O)O/C1=C/C=O,NC1=C(C=O)C(O)OC1=CCO,3,0.1905,
NC1=CC(=O)O/C1=C/C=O,COC1OC1=C(N)C(=O)CC=O,3,0.1277,
NC1=CC(=O)O/C1=C/C=O,NC1=CC(O)OC1=CCC(=O)O,3,0.2143,
NC1=CC(=O)O/C1=C/C=O,COCC1=C(N)/C(=C/O)OC1=O,3,0.2093,
NC1=CC(=O)O/C1=C/C=O,CNC1=CC(=O)OC(CO)C1=O,3,0.1591,
NC1=CC(=O)O/C1=C/C=O,COCCC12OC(=O)C(=C1N)O2,3,0.1333,
NC1=CC(=O)O/C1=C/C=O,COCCC(=O)C(N)=C1OC1=O,3,0.1628,
NC1=CC(=O)O/C1=C/C=O,COC12C=C(N)C(=CC(O)O1)O2,3,0.1277,
NC1=CC(=O)O/C1=C/C=O,COC1C(N)=CC(=O)OC1C=O,3,0.2683,
NC1=CC(=O)O/C1=C/C=O,C=C1OC(=O)C(C(O)CO)=C1N,3,0.1628,
NC1=CC(=O)O/C1=C/C=O,CC(=O)CC1=C(N)C(O)OC1=O,3,0.1364,
NC1=CC(=O)O/C1=C/C=O,NC1=CC(=O)OC1(O)CCC=O,3,0.2683,
NC1=CC(=O)O/C1=C/C=O,NC(=CCOC=O)C(=O)CC=O,3,0.0909,
NC1=CC(=O)O/C1=C/C=O,NC1=C(C=O)C(=O)OC1CCO,3,0.186,
NC1=CC(=O)O/C1=C/C=O,NC1=CC(O)(C=O)OC1=CCO,3,0.2381,
NC1=CC(=O)O/C1=C/C=O,COC(=O)/C=C1/OC(O)C=C1N,2,0.2045,
NC1=CC(=O)O/C1=C/C=O,O=CCCNC(C=O)=CC(=O)O,3,0.0682,
NC1=CC(=O)O/C1=C/C=O,CC1(O)C=C(N)/C(=C(/O)C=O)O1,3,0.2439,
NC1=CC(=O)O/C1=C/C=O,CC1=C(N)C(=O)C(C=O)OC1O,3,0.1951,
NC1=CC(=O)O/C1=C/C=O,NC1=CC(O)OCC(C=O)C1=O,3,0.2439,
NC1=CC(=O)O/C1=C/C=O,CC(CO)C(=O)C(N)=C1OC1=O,3,0.1667,
NC1=CC(=O)O/C1=C/C=O,COC(=O)CC1OC(=O)C=C1N,3,0.2326,
NC1=CC(=O)O/C1=C/C=O,NC1=CC2OCC(O)C(O)=C1O2,3,0.1333,
NC1=CC(=O)O/C1=C/C=O,CC(O)(C=O)C1OC(=O)C=C1N,3,0.2683,
NC1=CC(=O)O/C1=C/C=O,C=C(NC)C(=O)CC(=O)C(=O)O,3,0.0238,
NC1=CC(=O)O/C1=C/C=O,CC(=O)CC(=O)C(N)=CC(=O)O,2,0.0714,
NC1=CC(=O)O/C1=C/C=O,NC1=CC(=O)OC1C(C=O)CO,3,0.2619,
NC1=CC(=O)O/C1=C/C=O,NC1=CC(=O)OC1OCCC=O,3,0.2619,
NC1=CC(=O)O/C1=C/C=O,C/C(C(=O)O)=C1/OC(O)C=C1N,3,0.1905,
NC1=CC(=O)O/C1=C/C=O,CNC(C(=O)CCO)=C1OC1=O,3,0.1395,
NC1=CC(=O)O/C1=C/C=O,CNC1=CC(O)OC(=O)CC1=O,3,0.1087,
NC1=CC(=O)O/C1=C/C=O,CC1=C(N)/C(=C(/O)C=O)OC1O,3,0.1905,
NC1=CC(=O)O/C1=C/C=O,NC1=CC(O)O/C1=C1\COC1O,3,0.1395,
NC1=CC(=O)O/C1=C/C=O,C=C(N)C(=O)C(C)C(=O)C(=O)O,3,0.0488,
NC1=CC(=O)O/C1=C/C=O,CC=C(N)C(=O)C(C=O)C(=O)O,3,0.0976,
NC1=CC(=O)O/C1=C/C=O,CC(O)(O)/C=C1/OC(=O)C=C1N,3,0.5152,
NC1=CC(=O)O/C1=C/C=O,NC1=CC(O)O/C1=C(\O)CC=O,3,0.2439,
NC1=CC(=O)O/C1=C/C=O,NC1=CC2OC1=C(C(O)CO)O2,3,0.1333,
NC1=CC(=O)O/C1=C/C=O,NC1=CC(=O)OC1CC(O)C=O,3,0.2619,
NC1=CC(=O)O/C1=C/C=O,CC1=C(N)C(=O)C(CO)OC1=O,3,0.1395,
NC1=CC(=O)O/C1=C/C=O,CC(O)=C1OC(O)C(C=O)=C1N,3,0.1905,
NC1=CC(=O)O/C1=C/C=O,CC1=C(N)C(O)CC(=O)OC1=O,3,0.1667,
NC1=CC(=O)O/C1=C/C=O,CC(C=O)C(=O)C(=CN)C(=O)O,3,0.0952,
NC1=CC(=O)O/C1=C/C=O,NC1=C(CO)C(=O)OC1=CCO,3,0.225,
NC1=CC(=O)O/C1=C/C=O,C=C(N)C(=O)CC(=O)C(=O)OC,3,0.0476,
NC1=CC(=O)O/C1=C/C=O,C=C(C(=O)O)C(N)C(=O)CC=O,3,0.093,
NC1=CC(=O)O/C1=C/C=O,COC1OC(=O)C(CC=O)=C1N,3,0.1818,
NC1=CC(=O)O/C1=C/C=O,C=C(N)C(=O)C(C(C)=O)C(=O)O,3,0.0476,
NC1=CC(=O)O/C1=C/C=O,CNC(C(C)=O)=C(C=O)C(=O)O,3,0.0714,
NC1=CC(=O)O/C1=C/C=O,CC1=C2OC(O)(C=C2N)OC1O,3,0.1364,
NC1=CC(=O)O/C1=C/C=O,CC1(C=O)OC(=O)C=C(N)C1O,3,0.2683,
NC1=CC(=O)O/C1=C/C=O,CC1C(=O)C(N)=CC(=O)OC1O,3,0.2895,
NC1=CC(=O)O/C1=C/C=O,NC1=CC2(O)OCC(O)C=C1O2,3,0.1304,
NC1=CC(=O)O/C1=C/C=O,NC1=CC(=O)OC1(CO)CC=O,3,0.2683,
NC1=CC(=O)O/C1=C/C=O,CC1C(=O)OC(O)C=C(N)C1=O,3,0.1951,
NC1=CC(=O)O/C1=C/C=O,NC1=C2OC2OC1=C(CO)CO,3,0.122,
NC1=CC(=O)O/C1=C/C=O,NC1=C2OCC(CO)=C1OC2O,3,0.0851,
NC1=CC(=O)O/C1=C/C=O,NC=C(CC(=O)CC=O)C(=O)O,3,0.0952,
NC1=CC(=O)O/C1=C/C=O,CC(C(=O)O)=C(N)C(C=O)C=O,3,0.1026,
NC1=CC(=O)O/C1=C/C=O,CC1(O)C=C(N)/C(=C\C(=O)O)O1,3,0.2143,
NC1=CC(=O)O/C1=C/C=O,NC1=CC(=O)OC1=CC(O)CO,3,0.4857,
NC1=CC(=O)O/C1=C/C=O,CNC(C=O)=C(CC=O)C(=O)O,3,0.0682,
NC1=CC(=O)O/C1=C/C=O,NC1=CC(=O)OC1CC(=O)CO,3,0.2439,
NC1=CC(=O)O/C1=C/C=O,CC(=O)CC(=O)C(N)=C1OC1O,3,0.0909,
NC1=CC(=O)O/C1=C/C=O,CC(=O)C1OC(=O)C=C(N)C1O,3,0.2195,
NC1=CC(=O)O/C1=C/C=O,COC1C=C2OC(O)C(=C2N)O1,3,0.1087,
NC1=CC(=O)O/C1=C/C=O,NC(C=O)=C(CCC=O)C(=O)O,3,0.0952,
NC1=CC(=O)O/C1=C/C=O,COC1C=C(N)/C(=C2/OC2O)O1,3,0.1364,
NC1=CC(=O)O/C1=C/C=O,NC1=CC(=O)OC1=C(CO)CO,2,0.3939,
NC1=CC(=O)O/C1=C/C=O,CC(O)CC(=O)C(N)=C1OC1=O,3,0.1667,
NC1=CC(=O)O/C1=C/C=O,NC1=C(CO)C(=O)O/C1=C/CO,2,0.225,
NC1=CC(=O)O/C1=C/C=O,CC1=C(N)/C(=C\C(=O)O)OC1O,3,0.1628,
NC1=CC(=O)O/C1=C/C=O,COC1OC2=CC(O)OC1=C2N,3,0.1087,
NC1=CC(=O)O/C1=C/C=O,COC(=O)C=C(N)C(=O)CC=O,2,0.0909,
NC1=CC(=O)O/C1=C/C=O,CC1=C(N)C(O)C(C=O)OC1=O,3,0.2195,
NC1=CC(=O)O/C1=C/C=O,COC1O/C(=C\O)C(N)=C1C=O,3,0.1818,
NC1=CC(=O)O/C1=C/C=O,C=C(N)C(=O)C(C=O)CC(=O)O,3,0.093,
NC1=CC(=O)O/C1=C/C=O,CC(C=O)(C=O)C(N)=CC(=O)O,3,0.1282,
NC1=CC(=O)O/C1=C/C=O,C=C(N)C(=O)CC(=O)CC(=O)O,3,0.0488,
NC1=CC(=O)O/C1=C/C=O,NC1=CC(O)OCC(=O)CC1=O,3,0.1905,
NC1=CC(=O)O/C1=C/C=O,NC1=CC(O)(CO)O/C1=C/C=O,3,0.3684,
NC1=CC(=O)O/C1=C/C=O,CO/C(CO)=C1\OC2OC2=C1N,3,0.1333,
NC1=CC(=O)O/C1=C/C=O,C=C1OC(O)C=C1NC(=O)CO,3,0.0851,
NC1=CC(=O)O/C1=C/C=O,O=CCC(=O)CNC=CC(=O)O,3,0.0682,
NC1=CC(=O)O/C1=C/C=O,CC1=C(N)C(=O)CC(=O)OC1O,3,0.1395,
NC1=CC(=O)O/C1=C/C=O,COCC1=C2OC(O)(C=C2N)O1,3,0.1304,
NC1=CC(=O)O/C1=C/C=O,CNC(=CC(=O)O)C(C=O)C=O,3,0.0714,
NC1=CC(=O)O/C1=C/C=O,CC(C=O)C1=C(N)C(O)OC1=O,3,0.186,
NC1=CC(=O)O/C1=C/C=O,CC(C(=O)O)=C(N)C(=O)CC=O,2,0.0952,
NC1=CC(=O)O/C1=C/C=O,NC1=CC(O)O/C1=C(/C=O)CO,2,0.25,
NC1=CC(=O)O/C1=C/C=O,CC(O)C1=C2OC(O)(C=C2N)O1,3,0.1364,
NC1=CC(=O)O/C1=C/C=O,NC1=CC(O)O/C1=C1\OCC1O,3,0.1395,
NC1=CC(=O)O/C1=C/C=O,CC1(CN)OC12OC(=O)C=C2N,3,0.2143,
NC1=CC(=O)O/C1=C/C=O,C/C(=C1\OC(=O)C=C1N)C(N)O,3,0.3611,
NC1=CC(=O)O/C1=C/C=O,CNC(=CC(N)=O)C(=O)CC=O,3,0.0909,
NC1=CC(=O)O/C1=C/C=O,CC(=O)CC1(N)OC(=O)C=C1N,2,0.2143,
NC1=CC(=O)O/C1=C/C=O,NC/C(CO)=C1/OC(=O)C=C1N,3,0.3611,
NC1=CC(=O)O/C1=C/C=O,CNC(=O)/C=C1/OC(O)C=C1N,3,0.2045,
NC1=CC(=O)O/C1=C/C=O,CNCC1OC12OC(=O)C=C2N,3,0.2,
NC1=CC(=O)O/C1=C/C=O,CC(=O)NC1=CC(=O)OC1(C)N,3,0.186,
NC1=CC(=O)O/C1=C/C=O,CCC1(N)OC(=O)C(C=O)=C1N,3,0.1905,
NC1=CC(=O)O/C1=C/C=O,CC(=O)CC1=C(N)C(N)OC1=O,3,0.1364,
NC1=CC(=O)O/C1=C/C=O,NC1=CC(=O)O/C1=C/C(N)CO,3,0.4857,
NC1=CC(=O)O/C1=C/C=O,CC(N)(O)/C=C1/OC(=O)C=C1N,3,0.5,
NC1=CC(=O)O/C1=C/C=O,NCC(O)/C=C1/OC(=O)C=C1N,3,0.4857,
NC1=CC(=O)O/C1=C/C=O,CC(=O)C1=C(N)C(C)(N)OC1=O,3,0.1429,
NC1=CC(=O)O/C1=C/C=O,CC(=O)NC1(C)OC(=O)C=C1N,3,0.2143,
NC1=CC(=O)O/C1=C/C=O,CNC(=O)C=C(N)C(=O)CC=O,3,0.0909,
NC1=CC(=O)O/C1=C/C=O,COC1C=C(N)/C(=C\C(N)=O)O1,3,0.2045,
NC1=CC(=O)O/C1=C/C=O,N#CC(O)(CC=O)C(N)=CCO,3,0.087,
NC1=CC(=O)O/C1=C/C=O,CC(N)/C(O)=C1/OC(=O)C=C1N,3,0.3611,
NC1=CC(=O)O/C1=C/C=O,C/C(C(N)=O)=C1\OC(O)C=C1N,3,0.1905,
NC1=CC(=O)O/C1=C/C=O,NCCC1(C=O)OC(=O)C=C1N,3,0.3077,
NC1=CC(=O)O/C1=C/C=O,CC(=O)CC(=O)C(N)=CC(N)=O,3,0.0732,
NC1=CC(=O)O/C1=C/C=O,CC(C=O)C1(N)OC(=O)C=C1N,2,0.275,
NC1=CC(=O)O/C1=C/C=O,NCCC1OC(=O)C(C=O)=C1N,3,0.1905,
NC1=CC(=O)O/C1=C/C=O,COC(N)/C=C1/OC(=O)C=C1N,3,0.4857,
NC1=CC(=O)O/C1=C/C=O,NC1=CC(=O)OC1(N)CCC=O,3,0.275,
NC1=CC(=O)O/C1=C/C=O,N#CC(O)CC(=O)C(N)=CCO,3,0.0638,
NC1=CC(=O)O/C1=C/C=O,CC(C=O)C1=C(N)C(N)OC1=O,3,0.1905,
NC1=CC(=O)O/C1=C/C=O,NC/C=C1/OC(=O)C(CO)=C1N,3,0.2195,
NC1=CC(=O)O/C1=C/C=O,CC(C(N)=O)=C(N)C(=O)CC=O,3,0.0976,
NC1=CC(=O)O/C1=C/C=O,CC(N)OC=C1OC(=O)C=C1N,3,0.4857,
NC1=CC(=O)O/C1=C/C=O,CC1=C(N)C(N)(CC=O)OC1=O,3,0.1905,
NC1=CC(=O)O/C1=C/C=O,NCC(C=O)C1OC(=O)C=C1N,3,0.2683,
NC1=CC(=O)O/C1=C/C=O,CNC/C(O)=C1/OC(=O)C=C1N,3,0.3421,
NC1=CC(=O)O/C1=C/C=O,CC(C=O)C(=O)C(N)=CC(N)=O,3,0.0976,
NC1=CC(=O)O/C1=C/C=O,CO/C(CN)=C1\OC(=O)C=C1N,3,0.3514,
NC1=CC(=O)O/C1=C/C=O,NCC(CO)=C1OC(=O)C=C1N,3,0.3611,
NC1=CC(=O)O/C1=C/C=O,CNC(O)/C=C1/OC(=O)C=C1N,3,0.4722,
NC1=CC(=O)O/C1=C/C=O,CC(N)C1OC12OC(=O)C=C2N,3,0.2093,
NC1=CC(=O)O/C1=C/C=O,NCC(=O)CC1OC(=O)C=C1N,3,0.2439,
NC1=CC(=O)O/C1=C/C=O,NC1=CC(=O)OC1CC(N)C=O,3,0.2683,
NC1=CC(=O)O/C1=C/C=O,NC(=O)C1OC12OC(=O)C=C2N,3,0.2143,
NC1=CC(=O)O/C1=C/C=O,NC(=O)OC=C1OC(=O)C=C1N,3,0.5,
NC1=CC(=O)O/C1=C/C=O,NC1=CC(=O)OC1(N)C(O)=C=O,3,0.2195,
NC1=CC(=O)O/C1=C/C=O,NC(=O)/C(O)=C1/OC(=O)C=C1N,3,0.3824,
NC1=CC(=O)O/C1=C/C=O,NC(=O)NC(=C=O)C(=O)CC=O,3,0.0909,
NC1=CC(=O)O/C1=C/C=O,NC1=CC(=O)OC1(N)C(=O)C=O,3,0.2821,
NC1=CC(=O)O/C1=C/C=O,CC(=O)C(C)C1OC(=O)C=C1N,3,0.2143,
NC1=CC(=O)O/C1=C/C=O,CC(C)(O)/C=C1/OC(=O)C=C1N,3,0.5152,
NC1=CC(=O)O/C1=C/C=O,CC/C(CO)=C1\OC(=O)C=C1N,3,0.3514,
NC1=CC(=O)O/C1=C/C=O,CCOC/C=C1/OC(=O)C=C1N,3,0.4722,
NC1=CC(=O)O/C1=C/C=O,CC1=C(N)C(C(C)C=O)OC1=O,3,0.1905,
NC1=CC(=O)O/C1=C/C=O,C/C(=C1\OC(=O)C=C1N)C(C)O,3,0.3611,
NC1=CC(=O)O/C1=C/C=O,CC1=C(N)/C(=C(/C)CO)OC1=O,3,0.1951,
NC1=CC(=O)O/C1=C/C=O,COC/C(C)=C1/OC(=O)C=C1N,3,0.3514,
NC1=CC(=O)O/C1=C/C=O,CC1=C(N)/C(=C\C(C)O)OC1=O,3,0.2195,
NC1=CC(=O)O/C1=C/C=O,COC(C)/C=C1/OC(=O)C=C1N,3,0.4857,
NC1=CC(=O)O/C1=C/C=O,CC(C)(C=O)C1OC(=O)C=C1N,3,0.2821,
NC1=CC(=O)O/C1=C/C=O,CC(=O)CC1(C)OC(=O)C=C1N,3,0.2143,
NC1=CC(=O)O/C1=C/C=O,CC(=O)CC1OC(=O)C(C)=C1N,3,0.1628,
NC1=CC(=O)O/C1=C/C=O,CCC(O)/C=C1/OC(=O)C=C1N,3,0.4722,
NC1=CC(=O)O/C1=C/C=O,CCC(C=O)C1OC(=O)C=C1N,3,0.2619,
NC1=CC(=O)O/C1=C/C=O,CCC(=O)CC1OC(=O)C=C1N,3,0.2381,
NC1=CC(=O)O/C1=C/C=O,CC(C=O)C1(C)OC(=O)C=C1N,3,0.275,
NC1=CC(=O)O/C1=C/C=O,NC1=CC(=O)OC12OC2CC=O,3,0.2619,
NC1=CC(=O)O/C1=C/C=O,NC(=C=O)C(=O)CC(=O)CC=O,3,0.093,
NC1=CC(=O)O/C1=C/C=O,NC1=CC(=O)O/C1=C(\O)CC=O,3,0.4286,
NC1=CC(=O)O/C1=C/C=O,COC(=O)C=C(N)C(=O)C=C=O,3,0.0682,
NC1=CC(=O)O/C1=C/C=O,CC1=C(N)/C(=C(/O)C=O)OC1=O,3,0.2564,
NC1=CC(=O)O/C1=C/C=O,NC(C(=O)CC=O)=C(C=O)C=O,3,0.1026,
NC1=CC(=O)O/C1=C/C=O,CC1(C=O)OC12OC(=O)C=C2N,2,0.3077,
NC1=CC(=O)O/C1=C/C=O,NC1=CC(O)OC1=C(C=O)C=O,3,0.2632,
NC1=CC(=O)O/C1=C/C=O,NC(=CC(=O)C=O)C(=O)CC=O,3,0.0976,
NC1=CC(=O)O/C1=C/C=O,CC(=O)NC1=CC(O)OC1=C=O,3,0.1064,
NC1=CC(=O)O/C1=C/C=O,CC=C1OC(=O)C(C(=O)O)=C1N,3,0.225,
NC1=CC(=O)O/C1=C/C=O,COC(=O)/C=C1/OC(=O)C=C1N,2,0.4857,
NC1=CC(=O)O/C1=C/C=O,CC(=O)O/C=C1\OC(=O)C=C1N,3,0.4857,
NC1=CC(=O)O/C1=C/C=O,CC(OC=O)=C1OC(=O)C=C1N,2,0.4167,
NC1=CC(=O)O/C1=C/C=O,Nc1c(O)ccc(O)c1C(=O)O,3,0.1316,
NC1=CC(=O)O/C1=C/C=O,NC1=CC(=O)OC1(C=O)CC=O,2,0.3158,
NC1=CC(=O)O/C1=C/C=O,CO/C=C1\OC(=O)C(C=O)=C1N,3,0.25,
NC1=CC(=O)O/C1=C/C=O,COCc1oc2c(N)c1OC2=O,3,0.1591,
NC1=CC(=O)O/C1=C/C=O,NC(=C=O)C(=O)C(C=O)CC=O,3,0.0909,
NC1=CC(=O)O/C1=C/C=O,NC1=CC(=O)O/C1=C\OCC=O,3,0.5294,
NC1=CC(=O)O/C1=C/C=O,NC(=CC=O)C(=O)CC(=O)C=O,3,0.125,
NC1=CC(=O)O/C1=C/C=O,C=C1OC(=O)C=C1NC(=O)CO,3,0.2143,
NC1=CC(=O)O/C1=C/C=O,CC(=O)NC1=CC(=O)OC1=CO,3,0.3077,
NC1=CC(=O)O/C1=C/C=O,C=C1OC(=O)C(C(=O)OC)=C1N,3,0.1628,
NC1=CC(=O)O/C1=C/C=O,O=CCC1OC(=O)C=C1NC=O,3,0.2143,0.1875
NC1=CC(=O)O/C1=C/C=O,CC(=C=O)C1(O)OC(=O)C=C1N,3,0.2143,
NC1=CC(=O)O/C1=C/C=O,NC(=CC=O)C(=O)C(C=O)C=O,3,0.1316,
NC1=CC(=O)O/C1=C/C=O,OCC(O)/C(O)=c1/oc2cc1n2,3,0.0652,
NC1=CC(=O)O/C1=C/C=O,NC1=CC(=O)O/C1=C(/C=O)CO,2,0.4286,
NC1=CC(=O)O/C1=C/C=O,Nc1cc(O)c(C(=O)O)cc1O,3,0.1282,
NC1=CC(=O)O/C1=C/C=O,NC1=CC(=O)O/C1=C1\OC1CO,3,0.3333,
NC1=CC(=O)O/C1=C/C=O,NC1=CC(=O)OC1=C1COC1O,3,0.3333,
NC1=CC(=O)O/C1=C/C=O,CC(=O)C1=C(N)C2(CO2)OC1=O,3,0.1395,
NC1=CC(=O)O/C1=C/C=O,CC1OC12OC(=O)C(C=O)=C2N,3,0.1905,
NC1=CC(=O)O/C1=C/C=O,CC(=O)NC1=CC(=O)O/C1=C\O,3,0.3077,
NC1=CC(=O)O/C1=C/C=O,CC(=O)C1OC12OC(=O)C=C2N,2,0.2093,
NC1=CC(=O)O/C1=C/C=O,NC1=C(C(=O)CC=O)C(=O)OC1,3,0.186,
NC1=CC(=O)O/C1=C/C=O,C=C(C=O)C(=O)C(N)=CC(=O)O,3,0.0976,
NC1=CC(=O)O/C1=C/C=O,O=C/C=C1/OC(=O)C=C1NCO,3,0.5294,0.2857
NC1=CC(=O)O/C1=C/C=O,CC1=C2OC(=O)C(=C2N)OC1O,3,0.1707,
NC1=CC(=O)O/C1=C/C=O,NC1=C(CO)C(=O)O/C1=C/C=O,2,0.3889,
NC1=CC(=O)O/C1=C/C=O,C/C(C(=O)O)=C1\OC(=O)C=C1N,2,0.3714,
NC1=CC(=O)O/C1=C/C=O,NC1=C(CC(=O)C=O)C(=O)OC1,3,0.186,
NC1=CC(=O)O/C1=C/C=O,NC1=C(C=O)C(=O)OC1CC=O,2,0.1951,
NC1=CC(=O)O/C1=C/C=O,NC1=C(CO)C(=O)OC1=CC=O,2,0.3889,
NC1=CC(=O)O/C1=C/C=O,CO/C(C=O)=C1\OC(=O)C=C1N,2,0.4167,
NC1=CC(=O)O/C1=C/C=O,NC1=CC(O)(C=O)O/C1=C/C=O,3,0.3889,
NC1=CC(=O)O/C1=C/C=O,NC1=C2OCC(O)C=C1OC2=O,3,0.1818,
NC1=CC(=O)O/C1=C/C=O,NC1=CC(=O)OC1=CCOC=O,3,0.5294,
NC1=CC(=O)O/C1=C/C=O,OC/C(O)=c1/oc2nc1c2CO,3,0.0444,
NC1=CC(=O)O/C1=C/C=O,COC1(C=C=O)OC(=O)C=C1N,3,0.2326,
NC1=CC(=O)O/C1=C/C=O,NC1=CC(=O)OC1=CC(O)C=O,2,0.5455,
NC1=CC(=O)O/C1=C/C=O,C=C1OC(=O)C(OC(C)=O)=C1N,3,0.1667,
NC1=CC(=O)O/C1=C/C=O,CC(=O)OC1C=C(N)C(=C=O)O1,3,0.1522,
NC1=CC(=O)O/C1=C/C=O,CC(=O)NC(=C=O)C(=O)CC=O,3,0.0667,
NC1=CC(=O)O/C1=C/C=O,CC1OC(=O)C(C(=O)C=O)=C1N,3,0.1905,
NC1=CC(=O)O/C1=C/C=O,NC1=C(CC=O)C(=O)OC1C=O,3,0.1951,
NC1=CC(=O)O/C1=C/C=O,COC1O/C1=C1\OC(=O)C=C1N,3,0.3333,
NC1=CC(=O)O/C1=C/C=O,NC1=C(CO)C(=O)O/C1=C1/CO1,3,0.1628,
NC1=CC(=O)O/C1=C/C=O,NC1=C(C=O)C(=O)OC1=CCO,2,0.25,
NC1=CC(=O)O/C1=C/C=O,NC1=CC(=O)OC1=C(C=O)CO,2,0.4286,
NC1=CC(=O)O/C1=C/C=O,CC1=C(N)/C(=C\C(=O)O)OC1=O,3,0.225,
NC1=CC(=O)O/C1=C/C=O,NC1=CC(O)O/C1=C/C(=O)C=O,3,0.2439,
NC1=CC(=O)O/C1=C/C=O,NC1=CC(=O)OC1C(C=O)C=O,2,0.3056,0.2647
NC1=CC(=O)O/C1=C/C=O,NC1=CC(=O)O/C1=C1\COC1O,3,0.3333,
NC1=CC(=O)O/C1=C/C=O,NC1=CC(=O)O/C1=C(\C=O)CO,3,0.4286,
NC1=CC(=O)O/C1=C/C=O,NC1=C2OCC(CO)=C1OC2=O,3,0.1628,
NC1=CC(=O)O/C1=C/C=O,C=C1OC(=O)C(C(O)C=O)=C1N,3,0.2195,
NC1=CC(=O)O/C1=C/C=O,CC1(C(=O)C=O)OC(=O)C=C1N,3,0.275,
NC1=CC(=O)O/C1=C/C=O,NC1=C2COC(CO)=C1OC2=O,3,0.1591,
NC1=CC(=O)O/C1=C/C=O,NC1=CC(=O)OC1CC(=O)C=O,2,0.2821,
NC1=CC(=O)O/C1=C/C=O,NC1=CC(=O)O/C1=C/C(=O)CO,2,0.5,
NC1=CC(=O)O/C1=C/C=O,NC1=CC(=O)O/C1=C\CC(=O)O,3,0.5,
NC1=CC(=O)O/C1=C/C=O,NC1=C(C=O)C(=O)O/C1=C/CO,2,0.25,
NC1=CC(=O)O/C1=C/C=O,NC1=CC(=O)O/C1=C/C1OC1O,3,0.5,
NC1=CC(=O)O/C1=C/C=O,C=C(C=O)C1(O)OC(=O)C=C1N,3,0.275,
NC1=CC(=O)O/C1=C/C=O,NC1=C(C=O)C(O)O/C1=C/C=O,3,0.3243,
NC1=CC(=O)O/C1=C/C=O,CC1=C(N)C2(OC1=O)OC2C=O,3,0.186,
NC1=CC(=O)O/C1=C/C=O,CC(=O)C1=C(N)/C(=C/O)OC1=O,3,0.225,
NC1=CC(=O)O/C1=C/C=O,CC(O)=C1OC(=O)C(C=O)=C1N,3,0.2564,
NC1=CC(=O)O/C1=C/C=O,NC1=C(C(C=O)C=O)C(=O)OC1,3,0.2051,
NC1=CC(=O)O/C1=C/C=O,NC1=CC(=O)O/C1=C/C(O)C=O,2,0.5455,
NC1=CC(=O)O/C1=C/C=O,CC(O)c1oc2c(N)c1OC2=O,3,0.1628,
NC1=CC(=O)O/C1=C/C=O,NC1=CC(=O)O/C1=C/CC(=O)O,3,0.5,
NC1=CC(=O)O/C1=C/C=O,CC1(C=O)OC(=O)C(C=O)=C1N,3,0.2,
NC1=CC(=O)O/C1=C/C=O,NC1=CC(=O)OC1C(=O)CC=O,3,0.2683,
NC1=CC(=O)O/C1=C/C=O,NC1=CC(=O)OC1=C(O)CC=O,3,0.4286,
NC1=CC(=O)O/C1=C/C=O,CC(=O)OC=C1OC(=O)C=C1N,2,0.4857,
NC1=CC(=O)O/C1=C/C=O,C=C1OC(=O)C(C(=O)CO)=C1N,3,0.1667,
NC1=CC(=O)O/C1=C/C=O,Nc1cc(O)cc(C(=O)O)c1O,3,0.125,
NC1=CC(=O)O/C1=C/C=O,NC1=C2OC(CO)C=C1OC2=O,3,0.1818,
NC1=CC(=O)O/C1=C/C=O,CC1=C(N)C(=COC=O)OC1=O,3,0.25,
NC1=CC(=O)O/C1=C/C=O,CC(=O)/C(O)=C1/OC(=O)C=C1N,2,0.3714,
NC1=CC(=O)O/C1=C/C=O,CC(=C=O)C(=O)C(N)=CC(=O)O,3,0.0698,
NC1=CC(=O)O/C1=C/C=O,C/C(C(=O)O)=C1/OC(=O)C=C1N,3,0.3714,
NC1=CC(=O)O/C1=C/C=O,O=CNC1=CC(=O)O/C1=C/CO,3,0.3333,
NC1=CC(=O)O/C1=C/C=O,NC1=CC(=O)O/C1=C/COC=O,3,0.5294,
NC1=CC(=O)O/C1=C/C=O,CNC(=CC(=O)O)C(=O)C=C=O,3,0.0444,
NC1=CC(=O)O/C1=C/C=O,C=C1OC(=O)C=C1NC(=O)OC,3,0.2143,
NC1=CC(=O)O/C1=C/C=O,CC(C(=O)O)=C(N)C(=O)C=C=O,3,0.0698,
NC1=CC(=O)O/C1=C/C=O,NC1=CC(=O)O/C1=C1\OCC1O,3,0.3421,
NC1=CC(=O)O/C1=C/C=O,NC1=CC(=O)OC1=CCC(=O)O,3,0.5,
NC1=CC(=O)O/C1=C/C=O,NC1=CC(=O)OC1=CC(=O)CO,2,0.5,
NC1=CC(=O)O/C1=C/C=O,COC1C=C2OC(=O)C(=C2N)O1,3,0.1818,
NC1=CC(=O)O/C1=C/C=O,CNC/C(C)=C1/OC(=O)C=C1N,3,0.3514,
NC1=CC(=O)O/C1=C/C=O,CCC(N)/C=C1/OC(=O)C=C1N,3,0.4857,
NC1=CC(=O)O/C1=C/C=O,CC1=C(N)/C(=C(/C)CN)OC1=O,3,0.1951,
NC1=CC(=O)O/C1=C/C=O,CC/C(CN)=C1\OC(=O)C=C1N,3,0.3514,
NC1=CC(=O)O/C1=C/C=O,C/C(=C1\OC(=O)C=C1N)C(C)N,3,0.3611,
NC1=CC(=O)O/C1=C/C=O,CC1=C(N)/C(=C\C(C)N)OC1=O,3,0.2308,
NC1=CC(=O)O/C1=C/C=O,CNC(C)/C=C1/OC(=O)C=C1N,3,0.4857,
NC1=CC(=O)O/C1=C/C=O,CN(C)C/C=C1/OC(=O)C=C1N,3,0.5,
NC1=CC(=O)O/C1=C/C=O,CC(C)(N)/C=C1/OC(=O)C=C1N,3,0.5312,
NC1=CC(=O)O/C1=C/C=O,NCC(=O)C=C1OC(=O)C=C1N,2,0.5,
NC1=CC(=O)O/C1=C/C=O,N#CC1(CCO)OC(=O)C=C1N,3,0.2093,
NC1=CC(=O)O/C1=C/C=O,NC1=CC(=O)OC1=CC(N)C=O,2,0.5625,
NC1=CC(=O)O/C1=C/C=O,N#CCCC1(O)OC(=O)C=C1N,3,0.2045,
NC1=CC(=O)O/C1=C/C=O,NC1=CC(=O)O/C1=C/C(N)C=O,2,0.5625,
NC1=CC(=O)O/C1=C/C=O,N#CC(CO)C1OC(=O)C=C1N,3,0.2,
NC1=CC(=O)O/C1=C/C=O,NC1=CC(=O)O/C1=C/CC=NO,3,0.4857,
NC1=CC(=O)O/C1=C/C=O,CNC(=O)/C=C1/OC(=O)C=C1N,3,0.4857,
NC1=CC(=O)O/C1=C/C=O,NCC(=O)/C=C1/OC(=O)C=C1N,2,0.5,
NC1=CC(=O)O/C1=C/C=O,C=C1OC(=O)C(C(N)C=O)=C1N,3,0.225,
NC1=CC(=O)O/C1=C/C=O,N#CC(O)CC(=O)C(N)=CC=O,3,0.1111,
NC1=CC(=O)O/C1=C/C=O,N#CC(O)(CC=O)C(N)=CC=O,3,0.1136,
NC1=CC(=O)O/C1=C/C=O,NC/C=C1/OC(=O)C=C1NC=O,3,0.3684,
NC1=CC(=O)O/C1=C/C=O,CC(=C=O)C1(N)OC(=O)C=C1N,3,0.2143,
NC1=CC(=O)O/C1=C/C=O,CC1(C(O)C#N)OC(=O)C=C1N,3,0.2045,
NC1=CC(=O)O/C1=C/C=O,NCC1=C(N)C(=CC=O)OC1=O,3,0.4,
NC1=CC(=O)O/C1=C/C=O,NCC=C1OC(=O)C(C=O)=C1N,2,0.2564,
NC1=CC(=O)O/C1=C/C=O,NCNC1=CC(=O)O/C1=C/C=O,3,0.5294,
NC1=CC(=O)O/C1=C/C=O,CC1OC(=O)C(C(O)C#N)=C1N,3,0.1304,
NC1=CC(=O)O/C1=C/C=O,N#CC(O)C=C(N)C(=O)CC=O,3,0.087,
NC1=CC(=O)O/C1=C/C=O,N#CC(O)CC1OC(=O)C=C1N,2,0.2,
NC1=CC(=O)O/C1=C/C=O,NC/C=C1/OC(=O)C(C=O)=C1N,2,0.2564,
NC1=CC(=O)O/C1=C/C=O,N#CC(O)CC1=C(N)COC1=O,3,0.1277,
NC1=CC(=O)O/C1=C/C=O,C=C1OC(=O)C(C(=O)CN)=C1N,3,0.1667,
NC1=CC(=O)O/C1=C/C=O,N#CC/C(O)=C1/OC(O)C=C1N,3,0.1591,
NC1=CC(=O)O/C1=C/C=O,NCC1=C(N)/C(=C\C=O)OC1=O,3,0.4,
NC1=CC(=O)O/C1=C/C=O,NCC(C=O)=C1OC(=O)C=C1N,2,0.4286,
NC1=CC(=O)O/C1=C/C=O,C=C(C=O)C1(N)OC(=O)C=C1N,3,0.275,
NC1=CC(=O)O/C1=C/C=O,N#CC1=C(N)C(CCO)OC1=O,3,0.1556,
NC1=CC(=O)O/C1=C/C=O,NC1=CC(=O)O/C1=C/CNC=O,3,0.5294,0.425
NC1=CC(=O)O/C1=C/C=O,C/C(C(N)=O)=C1\OC(=O)C=C1N,3,0.3714,
NC1=CC(=O)O/C1=C/C=O,N#CC(O)/C=C1/OC(O)C=C1N,3,0.1778,
NC1=CC(=O)O/C1=C/C=O,N#CC(CC=O)C(N)=CC(=O)O,3,0.087,
NC1=CC(=O)O/C1=C/C=O,NC(=O)C/C=C1/OC(=O)C=C1N,3,0.5,
NC1=CC(=O)O/C1=C/C=O,N#CCCC(=O)C(N)=CC(=O)O,3,0.0667,
NC1=CC(=O)O/C1=C/C=O,NC/C(C=O)=C1\OC(=O)C=C1N,3,0.4286,
NC1=CC(=O)O/C1=C/C=O,NC/C(C=O)=C1/OC(=O)C=C1N,3,0.4286,
NC1=CC(=O)O/C1=C/C=O,O=CC(C=O)C1=[NH+]C1=CC(=O)O,3,0.0952,0.0789
NC1=CC(=O)O/C1=C/C=O,O=CC(=O)CC1=[NH+]C1=CC(=O)O,3,0.0909,
NC1=CC(=O)O/C1=C/C=O,O=CCC1=[NH+]C1=C(C=O)C(=O)O,3,0.0909,
NC1=CC(=O)O/C1=C/C=O,CC(=O)CC=C1OC(=O)C=C1N,3,0.4857,
NC1=CC(=O)O/C1=C/C=O,CC(=O)Oc1ccc(O)cc1N,3,0.1136,
NC1=CC(=O)O/C1=C/C=O,CC/C(C=O)=C1\OC(=O)C=C1N,2,0.4167,
NC1=CC(=O)O/C1=C/C=O,CC(=O)Oc1ccc(O)c(N)c1,3,0.1136,
NC1=CC(=O)O/C1=C/C=O,CCNC1=CC(=O)O/C1=C/C=O,3,0.4857,
NC1=CC(=O)O/C1=C/C=O,CC(=O)C/C=C1/OC(=O)C=C1N,3,0.4857,
NC1=CC(=O)O/C1=C/C=O,CC(=O)Nc1cc(O)ccc1O,3,0.0682,
NC1=CC(=O)O/C1=C/C=O,CC(=O)/C=C1/OC(=O)C(C)=C1N,2,0.225,
NC1=CC(=O)O/C1=C/C=O,CC(CC=O)=C1OC(=O)C=C1N,3,0.4286,
NC1=CC(=O)O/C1=C/C=O,C/C=C1/OC(=O)C=C1NC(C)=O,3,0.3077,
NC1=CC(=O)O/C1=C/C=O,CC(=O)/C(C)=C1/OC(=O)C=C1N,2,0.3824,
NC1=CC(=O)O/C1=C/C=O,CC(C)=C1OC(=O)C(C=O)=C1N,3,0.2632,
NC1=CC(=O)O/C1=C/C=O,C/C=C1\OC(=O)C=C1NC(C)=O,3,0.3077,
NC1=CC(=O)O/C1=C/C=O,CCC1=C(N)/C(=C\C=O)OC1=O,3,0.3889,
NC1=CC(=O)O/C1=C/C=O,CC=C1OC(=O)C(C(C)=O)=C1N,3,0.225,
NC1=CC(=O)O/C1=C/C=O,C=C1OC(=O)C=C1N(C)C(C)=O,3,0.2195,
NC1=CC(=O)O/C1=C/C=O,CC1=C(N)/C(=C(/C)C=O)OC1=O,2,0.2564,
NC1=CC(=O)O/C1=C/C=O,C=C1OC(=O)C(CC(C)=O)=C1N,3,0.1628,
NC1=CC(=O)O/C1=C/C=O,CCC=C1OC(=O)C(C=O)=C1N,3,0.25,
NC1=CC(=O)O/C1=C/C=O,CC1=C(N)C(=CCC=O)OC1=O,3,0.2821,
NC1=CC(=O)O/C1=C/C=O,C=C1OC(=O)C(C)=C1NC(C)=O,3,0.1136,
NC1=CC(=O)O/C1=C/C=O,CC=C1OC(=O)C(CC=O)=C1N,3,0.2564,
NC1=CC(=O)O/C1=C/C=O,NC1=CC(=O)OC1=CCCC=O,3,0.5625,
NC1=CC(=O)O/C1=C/C=O,CC=C1OC(=O)C=C1NC(C)=O,3,0.3077,
NC1=CC(=O)O/C1=C/C=O,CCC(=O)/C=C1/OC(=O)C=C1N,2,0.4857,
NC1=CC(=O)O/C1=C/C=O,CC(C=O)C=C1OC(=O)C=C1N,3,0.5455,
NC1=CC(=O)O/C1=C/C=O,C=C1OC(=O)C(C(=O)CC)=C1N,3,0.1667,
NC1=CC(=O)O/C1=C/C=O,C=C1OC(=O)C=C1NC(=O)CC,3,0.2143,
NC1=CC(=O)O/C1=C/C=O,N#CC1(O)CC=[NH+]C1=CC(=O)O,3,0.0816,
NC1=CC(=O)O/C1=C/C=O,N#CC(O)(O)C=C1[NH+]=C1CC=O,3,0.0851,
NC1=CC(=O)O/C1=C/C=O,N#CC(O)(O)C=C1[NH+]=CCC1=O,3,0.1087,
NC1=CC(=O)O/C1=C/C=O,NC1=CC(=O)O/C1=C1/C[NH+]=C1O,3,0.3333,
NC1=CC(=O)O/C1=C/C=O,NC1=CC(=O)O/C1=C/C1[NH+]=C1O,3,0.5,
NC1=CC(=O)O/C1=C/C=O,N#CC(O)CC1=[NH+]C1=CC(=O)O,3,0.0612,
NC1=CC(=O)O/C1=C/C=O,O=C(O)C(CO)=c1oc2cc1n2,3,0.087,
NC1=CC(=O)O/C1=C/C=O,O=CCC(=O)C1=C(C=O)C(O)=N1,3,0.0909,
NC1=CC(=O)O/C1=C/C=O,O=CC(C=O)C1(O)OC2=NC1=C2,3,0.1667,0.1026
NC1=CC(=O)O/C1=C/C=O,O=C(/C=c1/oc2cc1n2)C(O)O,3,0.1111,
NC1=CC(=O)O/C1=C/C=O,O=CC(=O)CC1=NC1=CC(=O)O,3,0.093,
NC1=CC(=O)O/C1=C/C=O,O=C(O)/C(CO)=c1\oc2cc1n2,3,0.087,
NC1=CC(=O)O/C1=C/C=O,O=C/C(=c1/oc2cc1n2)C(O)O,3,0.1395,
NC1=CC(=O)O/C1=C/C=O,O=CC1=NC(=CC(=O)O)C(=O)C1,3,0.1136,
NC1=CC(=O)O/C1=C/C=O,NC1=CC(=O)OC1(C=O)C=C=O,3,0.275,
NC1=CC(=O)O/C1=C/C=O,O=C(O)C(O)/C=c1/oc2cc1n2,3,0.1333,
NC1=CC(=O)O/C1=C/C=O,O=C/C=C1/OC(=O)C=C1NC=O,2,0.5312,0.3
NC1=CC(=O)O/C1=C/C=O,O=C(CO)/C(O)=c1/oc2cc1n2,3,0.087,
NC1=CC(=O)O/C1=C/C=O,O=CCC1(O)OC(=O)C2=C1N=C2,3,0.1522,
NC1=CC(=O)O/C1=C/C=O,O=C(O)C1=NC2=CC(O)OC2=C1,3,0.1087,
NC1=CC(=O)O/C1=C/C=O,O=Cc1c2nc1/c(=C(/O)CO)o2,3,0.1087,
NC1=CC(=O)O/C1=C/C=O,Nc1cc2oc1c(C(=O)O)c2O,3,0.1395,
NC1=CC(=O)O/C1=C/C=O,O=CC(C(=O)O)=C1N=CCC1=O,3,0.1364,
NC1=CC(=O)O/C1=C/C=O,C=C1OC(=O)C=C1NC(=O)C=O,3,0.275,
NC1=CC(=O)O/C1=C/C=O,O=C(O)/C=C1/OC(O)C2=C1N=C2,3,0.1333,
NC1=CC(=O)O/C1=C/C=O,O=C(O)/C=c1/oc2nc1c2CO,3,0.0851,
NC1=CC(=O)O/C1=C/C=O,O=CC(=O)CC1(O)OC2=NC1=C2,3,0.1556,
NC1=CC(=O)O/C1=C/C=O,C=C1OC(=O)C(C(=O)C=O)=C1N,2,0.225,
NC1=CC(=O)O/C1=C/C=O,O=CCC1(O)OC2=C(C=O)C1=N2,3,0.1087,
NC1=CC(=O)O/C1=C/C=O,O=C1C=C2NC(C(=O)O)C=C2O1,3,0.2195,
NC1=CC(=O)O/C1=C/C=O,NC1=CC(=O)OC1=C(C=O)C=O,1,0.4839,
NC1=CC(=O)O/C1=C/C=O,NC1=CC(=O)O/C1=C/C(O)=C=O,3,0.5,
NC1=CC(=O)O/C1=C/C=O,O=CC(C=O)C(=O)C1=CC(O)=N1,3,0.15,
NC1=CC(=O)O/C1=C/C=O,NC1=CC(=O)OC1C(=C=O)C=O,3,0.2683,
NC1=CC(=O)O/C1=C/C=O,CC(=O)NC1=CC(=O)OC1=C=O,3,0.2143,
NC1=CC(=O)O/C1=C/C=O,O=C(O)c1c2nc1/c(=C\CO)o2,3,0.0851,
NC1=CC(=O)O/C1=C/C=O,O=CCC1=NC1=C(C=O)C(=O)O,3,0.0909,
NC1=CC(=O)O/C1=C/C=O,NC1=C(C=O)C(=O)OC1=CC=O,1,0.4242,
NC1=CC(=O)O/C1=C/C=O,O=CC(=O)CC(=O)C1=CC(O)=N1,3,0.1429,
NC1=CC(=O)O/C1=C/C=O,O=CC1C=NC(=CC(=O)O)C1=O,3,0.1364,
NC1=CC(=O)O/C1=C/C=O,O=C(O)C(=O)CC1OC2=NC1=C2,3,0.1364,
NC1=CC(=O)O/C1=C/C=O,NC1=CC(=O)OC1=C=CC(=O)O,3,0.3784,
NC1=CC(=O)O/C1=C/C=O,NC1=CC(=O)O/C1=C/C(=O)C=O,1,0.5625,0.4483
NC1=CC(=O)O/C1=C/C=O,O=C1C=C2NC(=O)C(O)C=C2O1,3,0.2195,
NC1=CC(=O)O/C1=C/C=O,O=CC(O)/C(O)=c1/oc2cc1n2,3,0.1591,
NC1=CC(=O)O/C1=C/C=O,O=C/C(O)=c1/oc2nc1c2CO,3,0.1087,
NC1=CC(=O)O/C1=C/C=O,O=C(O)C1=C2OC(O)C=C2N=C1,3,0.1087,
NC1=CC(=O)O/C1=C/C=O,O=CC(C(=O)O)C1OC2=NC1=C2,3,0.1556,
NC1=CC(=O)O/C1=C/C=O,O=C1C=C2NCC(C(=O)O)=C2O1,3,0.2195,
NC1=CC(=O)O/C1=C/C=O,O=CCC1(O)OC2=NC1=C2C=O,3,0.1087,
NC1=CC(=O)O/C1=C/C=O,NC1=C(C=O)C(=O)OC1C=C=O,3,0.1905,
NC1=CC(=O)O/C1=C/C=O,NC1=CC(=O)OC1=C=C(O)C=O,3,0.4167,
NC1=CC(=O)O/C1=C/C=O,O=CC(C=O)C1(O)OC2=CC1=N2,3,0.1667,
NC1=CC(=O)O/C1=C/C=O,NC1=C(C=O)C(=O)O/C1=C/C=O,1,0.4242,
NC1=CC(=O)O/C1=C/C=O,O=C(O)C=C1N=CC(=O)CC1=O,3,0.1136,
NC1=CC(=O)O/C1=C/C=O,NC1=CC(=O)OC1=CC(=O)C=O,1,0.5625,
NC1=CC(=O)O/C1=C/C=O,NC1=C(CO)C(=O)OC1=C=C=O,3,0.1628,
NC1=CC(=O)O/C1=C/C=O,O=C(O)C1=C2N=CC=C2OC1O,3,0.087,
NC1=CC(=O)O/C1=C/C=O,C=C1OC(=O)C(C=O)=C1NC=O,3,0.1707,0.1489
NC1=CC(=O)O/C1=C/C=O,O=C/C(O)=C1/OC(O)C2=C1N=C2,3,0.1591,
NC1=CC(=O)O/C1=C/C=O,O=C1O/C(=C(\O)CO)C2=C1C=N2,3,0.1591,
NC1=CC(=O)O/C1=C/C=O,Nc1c(C(=O)O)c2oc1cc2O,3,0.1667,
NC1=CC(=O)O/C1=C/C=O,O=CC(C=O)C1=NC1=CC(=O)O,3,0.0952,
NC1=CC(=O)O/C1=C/C=O,O=CCC(=O)C1=C(C(=O)O)C=N1,3,0.1395,
NC1=CC(=O)O/C1=C/C=O,O=CC(=O)CC1(O)OC2=CC1=N2,3,0.1556,
NC1=CC(=O)O/C1=C/C=O,N#CC(Cl)/C=c1/oc2cc1n2,3,0.0851,
NC1=CC(=O)O/C1=C/C=O,NC1=CC(=O)OC12CC(=O)C=N2,3,0.2143,
NC1=CC(=O)O/C1=C/C=O,NC(=C=O)/C=C1/OC(=O)C=C1N,3,0.5,
NC1=CC(=O)O/C1=C/C=O,NC1(CC=O)OC(=O)C2=C1N=C2,3,0.1778,
NC1=CC(=O)O/C1=C/C=O,Nc1cc2oc1=CC(C(=O)O)N=2,3,0.1556,
NC1=CC(=O)O/C1=C/C=O,N#CCC1OC12OC(=O)C=C2N,3,0.2,
NC1=CC(=O)O/C1=C/C=O,NC(/C=c1/oc2cc1n2)C(=O)O,3,0.1304,
NC1=CC(=O)O/C1=C/C=O,NC1=CC(=O)OC12N=CC2C=O,3,0.2619,
NC1=CC(=O)O/C1=C/C=O,NC1C=C2OC(=O)C=C2N=C1O,3,0.2381,
NC1=CC(=O)O/C1=C/C=O,Nc1cc2oc1=CC(O)C(=O)N=2,3,0.1556,
NC1=CC(=O)O/C1=C/C=O,NC1=C(C=O)C2=NC1(CC=O)O2,3,0.1628,
NC1=CC(=O)O/C1=C/C=O,NC1=CC(=O)O/C1=C/C1N=C1O,3,0.4857,
NC1=CC(=O)O/C1=C/C=O,N#CC(C=O)=C(N)C(=O)CC=O,3,0.0909,
NC1=CC(=O)O/C1=C/C=O,NC(=C=C1OC(=O)C=C1N)C=O,3,0.4167,
NC1=CC(=O)O/C1=C/C=O,N#CC=C(N)C(=O)CC(=O)C=O,3,0.0909,
NC1=CC(=O)O/C1=C/C=O,NC1(CC(=O)C=O)OC2=NC1=C2,3,0.1778,
NC1=CC(=O)O/C1=C/C=O,N#CC(O)(O)C=C1N=CCC1=O,3,0.1064,
NC1=CC(=O)O/C1=C/C=O,NC1(CC=O)OC2=NC1=C2C=O,3,0.1333,
NC1=CC(=O)O/C1=C/C=O,NC1=NC2=CC(=O)OC2=CC1O,3,0.2683,
NC1=CC(=O)O/C1=C/C=O,NC1=CC(=O)O/C1=C1\C(=O)C1N,3,0.3824,
NC1=CC(=O)O/C1=C/C=O,NC12OC(=O)C=C1N=CC2C=O,3,0.2326,
NC1=CC(=O)O/C1=C/C=O,N#CC(O)CC1=NC1=CC(=O)O,3,0.0612,
NC1=CC(=O)O/C1=C/C=O,N#CC/C(O)=C1/OC(=O)C=C1N,3,0.3421,
NC1=CC(=O)O/C1=C/C=O,NC1=CC2=NC1(CC(=O)C=O)O2,3,0.2045,
NC1=CC(=O)O/C1=C/C=O,NC(O)/C(C=O)=c1\oc2cc1n2,3,0.1556,
NC1=CC(=O)O/C1=C/C=O,N#CC1(O)C=COC(=O)C=C1N,3,0.2093,
NC1=CC(=O)O/C1=C/C=O,N#CC(O)/C=C1/OC(=O)C=C1N,1,0.4722,
NC1=CC(=O)O/C1=C/C=O,NC(O)C(=O)/C=c1/oc2cc1n2,3,0.1304,
NC1=CC(=O)O/C1=C/C=O,N#C/C(CO)=C1\OC(=O)C=C1N,2,0.3421,
NC1=CC(=O)O/C1=C/C=O,N#CC(O)CC1(O)OC2=NC1=C2,3,0.0816,
NC1=CC(=O)O/C1=C/C=O,NCC1=C2OC(=O)C=C2N=C1O,3,0.2381,
NC1=CC(=O)O/C1=C/C=O,N#CC(O)(O)C=C1N=C1CC=O,3,0.0851,
NC1=CC(=O)O/C1=C/C=O,N#CC(O)(CC=O)C1=CC(O)=N1,3,0.1304,
NC1=CC(=O)O/C1=C/C=O,N#CC=C1OC(=O)C(CO)=C1N,3,0.2093,
NC1=CC(=O)O/C1=C/C=O,NC12CC=NC1=C(C=O)C(=O)O2,3,0.1778,
NC1=CC(=O)O/C1=C/C=O,N#CC1(O)CC=NC1=CC(=O)O,3,0.0816,
NC1=CC(=O)O/C1=C/C=O,NC12CC(C=O)=NC1=CC(=O)O2,3,0.2326,
NC1=CC(=O)O/C1=C/C=O,NC1=CC2=NC1(C(C=O)C=O)O2,3,0.225,
NC1=CC(=O)O/C1=C/C=O,N#CC(O)CC(=O)C1=CC(O)=N1,3,0.0851,
NC1=CC(=O)O/C1=C/C=O,NC1=CC(=O)OC12CC(C=O)=N2,3,0.2683,
NC1=CC(=O)O/C1=C/C=O,N#CC1=C(N)/C(=C\CO)OC1=O,2,0.2381,
NC1=CC(=O)O/C1=C/C=O,NC/C(C(=O)O)=c1/oc2cc1n2,3,0.1087,
NC1=CC(=O)O/C1=C/C=O,N#CC(O)CC1(O)OC2=CC1=N2,3,0.0816,
NC1=CC(=O)O/C1=C/C=O,NC1=CC(=O)O/C1=C1/CN=C1O,3,0.3333,
NC1=CC(=O)O/C1=C/C=O,NC(=O)C(O)/C=c1/oc2cc1n2,3,0.1556,
NC1=CC(=O)O/C1=C/C=O,N#CC(=O)CC1OC(=O)C=C1N,3,0.2326,
NC1=CC(=O)O/C1=C/C=O,Nc1cc2oc1=C(C(=O)O)CN=2,3,0.1304,
NC1=CC(=O)O/C1=C/C=O,NC12CC(=O)C=NC1=CC(=O)O2,3,0.186,
NC1=CC(=O)O/C1=C/C=O,N#CC(=O)CC(=O)C(N)=CC=O,3,0.1163,
NC1=CC(=O)O/C1=C/C=O,NC1(C(C=O)C=O)OC2=NC1=C2,3,0.1951,
NC1=CC(=O)O/C1=C/C=O,NC1(CC=O)OC2=C(C=O)C1=N2,3,0.1333,
NC1=CC(=O)O/C1=C/C=O,NC1=C2C=NC1(CC=O)OC2=O,3,0.2045,
NC1=CC(=O)O/C1=C/C=O,N#CC=C(N)C(=O)C(C=O)C=O,3,0.0952,
NC1=CC(=O)O/C1=C/C=O,NC1(CC(=O)C=O)OC2=CC1=N2,3,0.1778,
NC1=CC(=O)O/C1=C/C=O,N#CC(O)C=C1OC(=O)C=C1N,3,0.4722,
NC1=CC(=O)O/C1=C/C=O,ON=CC(O)/C=c1/oc2cc1n2,3,0.0833,
NC1=CC(=O)O/C1=C/C=O,NC1(C(C=O)C=O)OC2=CC1=N2,3,0.1951,
NC1=CC(=O)O/C1=C/C=O,C=C1OC(=O)C(C(O)C#N)=C1N,2,0.1591,
NC1=CC(=O)O/C1=C/C=O,N#CC(=O)/C=C1/OC(O)C=C1N,3,0.2045,
NC1=CC(=O)O/C1=C/C=O,NC1=C(C=O)C(=O)OC12CC=N2,3,0.2093,
NC1=CC(=O)O/C1=C/C=O,CC(=O)Nc1cc2oc1cc2O,3,0.0889,
NC1=CC(=O)O/C1=C/C=O,CC(=O)Oc1cc2oc1cc2N,3,0.1364,
NC1=CC(=O)O/C1=C/C=O,CC(=O)OC/C=c1/oc2cc1n2,3,0.102,
NC1=CC(=O)O/C1=C/C=O,CC1=NC2=CC(=O)OC2=CCO1,3,0.2093,
NC1=CC(=O)O/C1=C/C=O,CC(=O)N1CC=C2OC(=O)C=C21,3,0.2093,
NC1=CC(=O)O/C1=C/C=O,C=CC(=O)/C=C1/OC(=O)C=C1N,3,0.5,
NC1=CC(=O)O/C1=C/C=O,O=COC(=O)/C=c1/oc2cc1n2,3,0.1304,
NC1=CC(=O)O/C1=C/C=O,O=C=C=C1OC(=O)C=C1NC=O,3,0.275,
NC1=CC(=O)O/C1=C/C=O,O=CC(=O)C1OC12OC1=CC2=N1,3,0.1522,
NC1=CC(=O)O/C1=C/C=O,O=COC(C=O)=c1oc2cc1n2,3,0.1333,
NC1=CC(=O)O/C1=C/C=O,O=C/C(O)=c1/oc2nc1c2C=O,3,0.1136,
NC1=CC(=O)O/C1=C/C=O,O=CC1OC12OC(=O)C1=C2N=C1,3,0.1522,
NC1=CC(=O)O/C1=C/C=O,C=c1oc2nc1c2C(=O)C(=O)O,3,0.0909,
NC1=CC(=O)O/C1=C/C=O,NC1=C(C=O)C(=O)OC1=C=C=O,2,0.225,
NC1=CC(=O)O/C1=C/C=O,O=C1OC(O)/C1=c1\oc2cc1n2,3,0.1087,
NC1=CC(=O)O/C1=C/C=O,O=CC(=O)/C(O)=c1/oc2cc1n2,3,0.1364,
NC1=CC(=O)O/C1=C/C=O,O=C/C=c1/oc2nc1c2C(=O)O,3,0.1905,
NC1=CC(=O)O/C1=C/C=O,O=C1OC(O)/C1=c1/oc2cc1n2,3,0.1087,
NC1=CC(=O)O/C1=C/C=O,O=C1C=c2oc3nc2c3OC1O,3,0.1304,
NC1=CC(=O)O/C1=C/C=O,O=Cc1c2nc1/c(=C/C(=O)O)o2,3,0.1111,
NC1=CC(=O)O/C1=C/C=O,O=CC=c1oc2nc1c2C(=O)O,3,0.1905,
NC1=CC(=O)O/C1=C/C=O,O=CC(=O)OC=c1oc2cc1n2,3,0.1304,
NC1=CC(=O)O/C1=C/C=O,O=C1/C(=c2/oc3cc2n3)OC1O,3,0.1087,
NC1=CC(=O)O/C1=C/C=O,O=C1O/C(=c2\oc3cc2n3)C1O,3,0.1591,
NC1=CC(=O)O/C1=C/C=O,O=C(O)C(=O)/C=c1/oc2cc1n2,2,0.1136,
NC1=CC(=O)O/C1=C/C=O,O=Cc1c2nc1/c(=C\C(=O)O)o2,3,0.1111,
NC1=CC(=O)O/C1=C/C=O,O=COC=c1oc2nc1c2C=O,3,0.1111,
NC1=CC(=O)O/C1=C/C=O,O=c1oc2c3nc2c(o3)c1CO,3,0.0889,
NC1=CC(=O)O/C1=C/C=O,O=CC(C(=O)O)=c1oc2cc1n2,3,0.1364,
NC1=CC(=O)O/C1=C/C=O,O=C/C(O)=C1/OC(=O)C2=C1N=C2,3,0.2143,
NC1=CC(=O)O/C1=C/C=O,O=CC1=c2oc3nc2c3OC1O,3,0.1064,
NC1=CC(=O)O/C1=C/C=O,O=C(O)/C=C1/OC(=O)C2=C1N=C2,3,0.186,
NC1=CC(=O)O/C1=C/C=O,O=CC1=C2N=C1OC21OC1C=O,3,0.1087,
NC1=CC(=O)O/C1=C/C=O,O=C/C(C(=O)O)=c1/oc2cc1n2,2,0.1364,
NC1=CC(=O)O/C1=C/C=O,O=COC=C1OC(=O)C2=C1N=C2,3,0.2093,
NC1=CC(=O)O/C1=C/C=O,O=C1Oc2c3nc2c(o3)=CC1O,3,0.1304,
NC1=CC(=O)O/C1=C/C=O,O=CC1(C=O)OC12OC1=CC2=N1,3,0.1707,
NC1=CC(=O)O/C1=C/C=O,O=C(O)C(=O)C=c1oc2cc1n2,3,0.1136,
NC1=CC(=O)O/C1=C/C=O,CC1=NC2=CC(=O)OC2=CCN1,3,0.2045,
NC1=CC(=O)O/C1=C/C=O,C/C(CC#N)=C1\OC(=O)C=C1N,3,0.3421,0.325
NC1=CC(=O)O/C1=C/C=O,CC(C#N)/C=C1/OC(=O)C=C1N,3,0.4722,
NC1=CC(=O)O/C1=C/C=O,CC1=NCC=C2OC(=O)C=C2N1,3,0.2045,
NC1=CC(=O)O/C1=C/C=O,CC(=O)NC/C=c1/oc2cc1n2,3,0.102,
NC1=CC(=O)O/C1=C/C=O,CC(=O)Nc1cc2oc1=CCN=2,3,0.08,
NC1=CC(=O)O/C1=C/C=O,CC1N=CC=C2OC(=O)C=C2N1,3,0.2045,
NC1=CC(=O)O/C1=C/C=O,CC1N=c2cc(/c(=C\C=O)o2)N1,3,0.2045,
NC1=CC(=O)O/C1=C/C=O,CC1=C2OC(=O)C=C2[N+](C=O)=C1,3,0.2895,
NC1=CC(=O)O/C1=C/C=O,C=C1OC(=O)C=C1[N+]1=CCC1=O,3,0.2195,
NC1=CC(=O)O/C1=C/C=O,N#CC(O)/C(O)=c1/oc2cc1n2,3,0.0638,
NC1=CC(=O)O/C1=C/C=O,N=C(/C=c1/oc2cc1n2)C(=O)O,3,0.1087,
NC1=CC(=O)O/C1=C/C=O,N#CC(O)(O)/C=c1/oc2cc1n2,3,0.087,
NC1=CC(=O)O/C1=C/C=O,N#CC(O)C1OC12OC1=CC2=N1,3,0.08,
NC1=CC(=O)O/C1=C/C=O,N#CC(O)C1OC12OC1=NC2=C1,3,0.08,
NC1=CC(=O)O/C1=C/C=O,N#CC1=C(N)/C(=C\C=O)OC1=O,3,0.4,
NC1=CC(=O)O/C1=C/C=O,NC(=O)C(=O)/C=c1/oc2cc1n2,3,0.1364,
NC1=CC(=O)O/C1=C/C=O,N#CC(=O)/C=C1/OC(=O)C=C1N,2,0.4857,
NC1=CC(=O)O/C1=C/C=O,NC(=C=c1oc2cc1n2)C(=O)O,3,0.1333,
NC1=CC(=O)O/C1=C/C=O,NC(=O)/C(C=O)=c1\oc2cc1n2,3,0.1591,
NC1=CC(=O)O/C1=C/C=O,N#C/C(C=O)=C1\OC(=O)C=C1N,3,0.4167,
NC1=CC(=O)O/C1=C/C=O,C=C1OC(=O)C(C(=O)C#N)=C1N,3,0.1628,
NC1=CC(=O)O/C1=C/C=O,C/C(C(=O)C=O)=c1\oc2cc1n2,3,0.1333,
NC1=CC(=O)O/C1=C/C=O,O=CC1=C2OC(=O)C=C2N=CC1,3,0.2683,
NC1=CC(=O)O/C1=C/C=O,CC1=NC2=CC(=O)OC2=CC1=O,3,0.2632,
NC1=CC(=O)O/C1=C/C=O,C/C(C=O)=C1\OC(=O)C2=C1N=C2,3,0.2093,
NC1=CC(=O)O/C1=C/C=O,O=CCC1=C2OC(=O)C=C2N=C1,3,0.3,
NC1=CC(=O)O/C1=C/C=O,CC(=O)/C=C1/OC(=O)C2=C1N=C2,3,0.1818,
NC1=CC(=O)O/C1=C/C=O,O=CC/C(C=O)=c1\oc2cc1n2,3,0.1333,
NC1=CC(=O)O/C1=C/C=O,CC(=O)C1=C2OC(=O)C=C2N=C1,3,0.2439,
NC1=CC(=O)O/C1=C/C=O,CC1=C2OC(=O)C=C2N=C1C=O,3,0.2821,
NC1=CC(=O)O/C1=C/C=O,CC(=O)C(C=O)=c1oc2cc1n2,3,0.1333,
NC1=CC(=O)O/C1=C/C=O,CC1=C2OC(=O)C(C=O)=C2N=C1,3,0.1951,
NC1=CC(=O)O/C1=C/C=O,CC1=NC2=C(C=O)C(=O)OC2=C1,3,0.2143,
NC1=CC(=O)O/C1=C/C=O,CC(=O)C1=NC2=CC(=O)OC2=C1,3,0.2195,
NC1=CC(=O)O/C1=C/C=O,CC(=O)C(=O)/C=c1/oc2cc1n2,3,0.1111,
NC1=CC(=O)O/C1=C/C=O,CC1=C2OC(=O)C=C2N=CC1=O,3,0.2632,
NC1=CC(=O)O/C1=C/C=O,CC(=O)/C=c1/oc2nc1c2C=O,3,0.1087,
NC1=CC(=O)O/C1=C/C=O,C/C(C=O)=c1\oc2nc1c2C=O,3,0.1136,
NC1=CC(=O)O/C1=C/C=O,CC1=NC2=CC(=O)OC2=C1C=O,3,0.2821,
NC1=CC(=O)O/C1=C/C=O,COC(C#N)/C=c1/oc2cc1n2,3,0.08,
NC1=CC(=O)O/C1=C/C=O,CC(O)(C#N)/C=c1/oc2cc1n2,3,0.0816,
NC1=CC(=O)O/C1=C/C=O,C/C(=c1\oc2cc1n2)C(O)C#N,3,0.0612,
NC1=CC(=O)O/C1=C/C=O,NC(=CCCl)C(=O)CC=O,3,0.0976,
NC1=CC(=O)O/C1=C/C=O,NC1=CC(=O)OC1CCCl,3,0.2308,
NC1=CC(=O)O/C1=C/C=O,NC1=CC(O)O/C1=C/CCl,3,0.2,
NC1=CC(=O)O/C1=C/C=O,NC(CC(=O)O)C(O)CC=O,3,0.0952,
NC1=CC(=O)O/C1=C/C=O,NC(C(=O)CCO)=C(O)CO,3,0.0488,
NC1=CC(=O)O/C1=C/C=O,NC(=CC(O)O)C(O)CC=O,3,0.1,
NC1=CC(=O)O/C1=C/C=O,NC(CC(=O)O)C(=O)CCO,3,0.0476,
NC1=CC(=O)O/C1=C/C=O,NC(=CCO)C(=O)C(O)CO,3,0.0714,
NC1=CC(=O)O/C1=C/C=O,NC1=CC(O)OC1CC(O)O,3,0.1163,
NC1=CC(=O)O/C1=C/C=O,NC(=C(O)CO)C(O)CC=O,3,0.0952,
NC1=CC(=O)O/C1=C/C=O,NC(=CC(=O)O)C(O)CCO,3,0.0698,
NC1=CC(=O)O/C1=C/C=O,NC1=CC(O)OC1C(O)CO,3,0.1136,
NC1=CC(=O)O/C1=C/C=O,NC(=CC(O)O)C(=O)CCO,3,0.0714,
NC1=CC(=O)O/C1=C/C=O,NC1=CC(O)OC1(O)CCO,3,0.1136,
NC1=CC(=O)O/C1=C/C=O,NC(C(=O)CC=O)C(O)CO,3,0.0952,
NC1=CC(=O)O/C1=C/C=O,NC(O)(CCO)C(=O)CC=O,3,0.0952,
NC1=CC(=O)O/C1=C/C=O,NC(=CCO)C(O)CC(=O)O,3,0.0952,
NC1=CC(=O)O/C1=C/C=O,NC(CC(O)O)C(=O)CC=O,3,0.0976,
NC1=CC(=O)O/C1=C/C=O,NC(=CCO)C(O)C(O)C=O,3,0.0976,
NC1=CC(=O)O/C1=C/C=O,NC(=CC(N)O)C(O)CC=O,3,0.0976,
NC1=CC(=O)O/C1=C/C=O,NC(=CC(N)O)C(=O)CCO,3,0.0698,
NC1=CC(=O)O/C1=C/C=O,NCC(O)C1OC(O)C=C1N,3,0.1136,
NC1=CC(=O)O/C1=C/C=O,NC(N)(CCO)C(=O)CC=O,3,0.0976,
NC1=CC(=O)O/C1=C/C=O,NC(O)CC(N)C(=O)CC=O,3,0.0976,
NC1=CC(=O)O/C1=C/C=O,NCCC(=O)C(N)CC(=O)O,3,0.0476,
NC1=CC(=O)O/C1=C/C=O,NCCC(O)C(N)=CC(=O)O,3,0.0698,
NC1=CC(=O)O/C1=C/C=O,NC(CO)C(N)C(=O)CC=O,3,0.0976,
NC1=CC(=O)O/C1=C/C=O,NCCC(=O)C(N)=CC(O)O,3,0.0714,
NC1=CC(=O)O/C1=C/C=O,NC1=CC(O)OC1(N)CCO,3,0.1136,
NC1=CC(=O)O/C1=C/C=O,NC1=CC(O)OC1CC(N)O,3,0.1136,
NC1=CC(=O)O/C1=C/C=O,NC(=CC(=O)O)C(N)CCO,3,0.0698,
NC1=CC(=O)O/C1=C/C=O,NC(CC=O)C(N)CC(=O)O,3,0.1,
NC1=CC(=O)O/C1=C/C=O,NC(=CC(O)O)C(N)CC=O,3,0.0976,
NC1=CC(=O)O/C1=C/C=O,C=C1OC(=O)C(CCl)=C1N,3,0.1795,
NC1=CC(=O)O/C1=C/C=O,NC1=CC(=O)O/C1=C/CCl,2,0.5484,
NC1=CC(=O)O/C1=C/C=O,C/C(Cl)=C1/OC(=O)C=C1N,3,0.3939,
NC1=CC(=O)O/C1=C/C=O,NC(=CCO)C(=O)COC=O,3,0.093,
NC1=CC(=O)O/C1=C/C=O,NC1=CC(=O)OC1CC(O)O,3,0.225,
NC1=CC(=O)O/C1=C/C=O,NC(=C1OC1O)C(O)CC=O,3,0.1395,
NC1=CC(=O)O/C1=C/C=O,C=C(N)C(=O)C(C=O)C(O)O,3,0.1,
NC1=CC(=O)O/C1=C/C=O,NC1=C(C=O)C(O)OC1CO,3,0.1667,
NC1=CC(=O)O/C1=C/C=O,NC(O)(CC=O)C(=O)CC=O,3,0.1,
NC1=CC(=O)O/C1=C/C=O,NCCC(=O)C(O)=CC(=O)O,3,0.075,
NC1=CC(=O)O/C1=C/C=O,NC1=CC(O)OC12CC(O)O2,3,0.1463,
NC1=CC(=O)O/C1=C/C=O,NC1=CC2OC1(C(O)CO)O2,3,0.1163,
NC1=CC(=O)O/C1=C/C=O,NC(C(=O)CC=O)C(O)C=O,3,0.0976,
NC1=CC(=O)O/C1=C/C=O,NC1CC(=O)OC(O)CC1=O,3,0.122,
NC1=CC(=O)O/C1=C/C=O,CC(=O)C(N)=C(C=O)C(O)O,3,0.1,
NC1=CC(=O)O/C1=C/C=O,C=C1OC(O)C(C(O)O)=C1N,3,0.0952,
NC1=CC(=O)O/C1=C/C=O,NC=CC(O)(O)C(=O)CC=O,3,0.0976,
NC1=CC(=O)O/C1=C/C=O,NC1=CC2OC1C(C(O)O)O2,3,0.119,
NC1=CC(=O)O/C1=C/C=O,NC1=CC(O)OC12OC2CO,3,0.1136,
NC1=CC(=O)O/C1=C/C=O,CC(O)C(=O)C(N)=CC(=O)O,3,0.0732,
NC1=CC(=O)O/C1=C/C=O,CC1(O)OC(=O)C(CO)=C1N,3,0.1429,
NC1=CC(=O)O/C1=C/C=O,NC(=CCO)C(=O)C(O)C=O,3,0.122,
NC1=CC(=O)O/C1=C/C=O,NC(C(O)CC=O)C1OC1=O,3,0.1707,
NC1=CC(=O)O/C1=C/C=O,CC(N)(C(=O)O)C(=O)CC=O,3,0.0976,
NC1=CC(=O)O/C1=C/C=O,NC1(C(=O)CC=O)OC1CO,3,0.1136,
NC1=CC(=O)O/C1=C/C=O,NC(C=O)=C(CC=O)C(O)O,3,0.1,
NC1=CC(=O)O/C1=C/C=O,NC(C(=O)CCO)=C1OC1O,3,0.093,
NC1=CC(=O)O/C1=C/C=O,NC(=CC(=O)O)C1CC(O)O1,3,0.093,
NC1=CC(=O)O/C1=C/C=O,NC1=CC(O)(O)C(O)C=C1O,3,0.125,
NC1=CC(=O)O/C1=C/C=O,NC1CC(O)OC(C=O)C1=O,3,0.1707,
NC1=CC(=O)O/C1=C/C=O,NC1=CC(O)OC1CC(=O)O,2,0.1667,
NC1=CC(=O)O/C1=C/C=O,NC=C(C(=O)O)C(=O)CCO,3,0.0732,
NC1=CC(=O)O/C1=C/C=O,NC1CC(=O)OC(CO)C1=O,3,0.1163,
NC1=CC(=O)O/C1=C/C=O,NC(C=O)=C(CCO)C(=O)O,3,0.0976,
NC1=CC(=O)O/C1=C/C=O,NC1=CC(O)OC1C1OC1O,3,0.125,
NC1=CC(=O)O/C1=C/C=O,NC1=C(C(=O)O)OCCC1O,3,0.1163,
NC1=CC(=O)O/C1=C/C=O,NC1=C(C(O)C=O)C(O)OC1,3,0.1628,
NC1=CC(=O)O/C1=C/C=O,NC1=C(C(O)O)OC1CC=O,3,0.1667,
NC1=CC(=O)O/C1=C/C=O,C=C(N)C(=O)CC(=O)C(O)O,3,0.0488,
NC1=CC(=O)O/C1=C/C=O,NC1=CC(O)(CO)O/C1=C\O,3,0.1951,
NC1=CC(=O)O/C1=C/C=O,NC(=CC(=O)O)C1OC1CO,3,0.093,
NC1=CC(=O)O/C1=C/C=O,NC1=CC(O)OC1(O)CC=O,3,0.186,
NC1=CC(=O)O/C1=C/C=O,CC(O)C1(O)OC(=O)C=C1N,3,0.225,
NC1=CC(=O)O/C1=C/C=O,NC(=CC(=O)O)C(=O)CCO,2,0.0732,
NC1=CC(=O)O/C1=C/C=O,NC(=CC=O)C(O)CC(=O)O,3,0.122,
NC1=CC(=O)O/C1=C/C=O,C=C(N)C(=O)C(CO)C(=O)O,3,0.0769,
NC1=CC(=O)O/C1=C/C=O,NC(CC(=O)CC=O)C(=O)O,3,0.0976,
NC1=CC(=O)O/C1=C/C=O,C=C1OC(O)(C(O)O)C=C1N,3,0.1463,
NC1=CC(=O)O/C1=C/C=O,NC1CC(=O)OC1(O)CC=O,3,0.1591,
NC1=CC(=O)O/C1=C/C=O,NC1=CC(O)OC1C(O)C=O,2,0.1905,
NC1=CC(=O)O/C1=C/C=O,NC1=CC(O)(C=O)OC1CO,3,0.1905,
NC1=CC(=O)O/C1=C/C=O,NC1=CC(O)O/C1=C/C(O)O,2,0.2,
NC1=CC(=O)O/C1=C/C=O,NC1=C2OC(CO)C1OC2O,3,0.0909,
NC1=CC(=O)O/C1=C/C=O,NC1=CC(O)OC(C=O)C1O,3,0.2,
NC1=CC(=O)O/C1=C/C=O,NC1CC(=O)OC(=O)CC1O,3,0.1579,
NC1=CC(=O)O/C1=C/C=O,C=C(N)C(O)(CC=O)C(=O)O,3,0.0952,
NC1=CC(=O)O/C1=C/C=O,NC(=CCO)C(=O)CC(=O)O,3,0.0732,
NC1=CC(=O)O/C1=C/C=O,NC1=C2OC(O)CC1OC2O,3,0.119,
NC1=CC(=O)O/C1=C/C=O,NCC(=O)C(C=O)CC(=O)O,3,0.0976,
NC1=CC(=O)O/C1=C/C=O,NC(CC(=O)O)C(C=O)C=O,3,0.1026,
NC1=CC(=O)O/C1=C/C=O,NC(=CCO)C(=O)OCC=O,3,0.093,
NC1=CC(=O)O/C1=C/C=O,NC(=CC(O)O)C(=O)C1CO1,3,0.093,
NC1=CC(=O)O/C1=C/C=O,NC1=CC2OC1(CC(O)O)O2,3,0.1163,
NC1=CC(=O)O/C1=C/C=O,NC(C(=O)CCO)C1OC1=O,3,0.1163,
NC1=CC(=O)O/C1=C/C=O,NC1=C(C(O)O)OCCC1=O,3,0.1463,
NC1=CC(=O)O/C1=C/C=O,NC1=CC(O)OC(O)CC1=O,3,0.2,
NC1=CC(=O)O/C1=C/C=O,NC1=CC(=O)OC1(CO)CO,3,0.2432,
NC1=CC(=O)O/C1=C/C=O,C=C(N)C(O)CC(=O)C(=O)O,3,0.0476,
NC1=CC(=O)O/C1=C/C=O,CC(=O)C(=O)C(N)CC(=O)O,3,0.0488,
NC1=CC(=O)O/C1=C/C=O,NC1=CC2OC1C(O)(CO)O2,3,0.1111,
NC1=CC(=O)O/C1=C/C=O,NC(CC(=O)O)C(=O)CC=O,2,0.0976,
NC1=CC(=O)O/C1=C/C=O,NC1=C(C(O)CO)C(=O)OC1,3,0.1395,
NC1=CC(=O)O/C1=C/C=O,NC(=CC(=O)O)C(O)C1CO1,3,0.0909,
NC1=CC(=O)O/C1=C/C=O,NC1=CC(O)OC(=O)CC1O,3,0.1707,
NC1=CC(=O)O/C1=C/C=O,NC1=C(CC(=O)O)C(O)OC1,3,0.1136,
NC1=CC(=O)O/C1=C/C=O,NC1(C(=O)CCO)CC(=O)O1,3,0.1163,
NC1=CC(=O)O/C1=C/C=O,NC(C=O)C(CC=O)C(=O)O,3,0.0976,
NC1=CC(=O)O/C1=C/C=O,NC1=CC(O)(C(O)C=O)OC1,3,0.1905,
NC1=CC(=O)O/C1=C/C=O,NC(C(=O)CC=O)C1OC1O,3,0.1163,
NC1=CC(=O)O/C1=C/C=O,NC1=CC(=O)OC(O)CC1O,3,0.2308,
NC1=CC(=O)O/C1=C/C=O,CC(=O)C(=O)C(N)=CC(O)O,3,0.075,
NC1=CC(=O)O/C1=C/C=O,NC1=C2OC2OC1C(O)CO,3,0.0889,
NC1=CC(=O)O/C1=C/C=O,NC1=C(C(=O)O)OC1CCO,3,0.1163,
NC1=CC(=O)O/C1=C/C=O,CC1(C(=O)O)OC(O)C=C1N,3,0.1395,
NC1=CC(=O)O/C1=C/C=O,CC(=O)C(N)C(C=O)C(=O)O,3,0.1,
NC1=CC(=O)O/C1=C/C=O,C=C(N)C(=O)CC(O)C(=O)O,3,0.0476,
NC1=CC(=O)O/C1=C/C=O,NC(=C1OC1=O)C(O)CCO,3,0.175,
NC1=CC(=O)O/C1=C/C=O,NC(C(=O)CC=O)=C(O)CO,3,0.0976,
NC1=CC(=O)O/C1=C/C=O,NC1(C(O)CC=O)CC(=O)O1,3,0.1628,
NC1=CC(=O)O/C1=C/C=O,NC1(O)C=C(O)C=CC1(O)O,3,0.075,
NC1=CC(=O)O/C1=C/C=O,CC(=O)C(O)C(N)=CC(=O)O,3,0.0732,
NC1=CC(=O)O/C1=C/C=O,NC(=CC(=O)O)C(O)CC=O,2,0.0952,
NC1=CC(=O)O/C1=C/C=O,NC(C=O)(CC=O)CC(=O)O,3,0.0976,
NC1=CC(=O)O/C1=C/C=O,CC1OC(O)C(C(=O)O)=C1N,3,0.122,
NC1=CC(=O)O/C1=C/C=O,CC(=O)C(N)=C(CO)C(=O)O,3,0.0488,
NC1=CC(=O)O/C1=C/C=O,NC(O)C=C(O)C(=O)CC=O,3,0.0952,
NC1=CC(=O)O/C1=C/C=O,NC=C(C(=O)O)C(O)CC=O,3,0.0952,
NC1=CC(=O)O/C1=C/C=O,C=C(N)C(O)C(C=O)C(=O)O,3,0.0976,
NC1=CC(=O)O/C1=C/C=O,NC(=CC(O)O)C(=O)CC=O,2,0.0976,
NC1=CC(=O)O/C1=C/C=O,NC1=CC(=O)OC1(O)CCO,2,0.225,
NC1=CC(=O)O/C1=C/C=O,CC(=O)C(N)=CC(O)(O)C=O,3,0.1282,
NC1=CC(=O)O/C1=C/C=O,NC(C=O)=CC(O)(O)CC=O,3,0.1,
NC1=CC(=O)O/C1=C/C=O,NC(C(=O)CCO)=C(O)C=O,3,0.0976,
NC1=CC(=O)O/C1=C/C=O,NC=CC(O)(CC=O)C(=O)O,3,0.0952,
NC1=CC(=O)O/C1=C/C=O,NC1=C2OC2OC1CC(O)O,3,0.0909,
NC1=CC(=O)O/C1=C/C=O,NC(=CC(O)O)C(C=O)C=O,3,0.1111,
NC1=CC(=O)O/C1=C/C=O,NC1=CC(O)=CC(O)C1(O)O,3,0.125,
NC1=CC(=O)O/C1=C/C=O,NC1=CC(O)OC(CO)C1=O,3,0.1951,
NC1=CC(=O)O/C1=C/C=O,CC(O)C(N)=C(C=O)C(=O)O,3,0.0976,
NC1=CC(=O)O/C1=C/C=O,NC(=CC(O)O)C1CC(=O)O1,3,0.1429,
NC1=CC(=O)O/C1=C/C=O,NC1=CC(=O)OC(CO)C1O,3,0.225,
NC1=CC(=O)O/C1=C/C=O,NC(C=C(O)O)C(=O)CC=O,3,0.0976,
NC1=CC(=O)O/C1=C/C=O,COCC(=O)C(N)=CC(=O)O,3,0.0698,
NC1=CC(=O)O/C1=C/C=O,NC(=CC=O)C(=O)C(O)CO,3,0.122,
NC1=CC(=O)O/C1=C/C=O,NC1=CC(O)O/C1=C(\O)CO,2,0.175,
NC1=CC(=O)O/C1=C/C=O,CC(N)C(=O)C(C=O)C(=O)O,3,0.1,
NC1=CC(=O)O/C1=C/C=O,NC1=CC2(O)OC(CO)C1O2,3,0.1136,
NC1=CC(=O)O/C1=C/C=O,NC(=CC=O)C(O)C(O)C=O,3,0.1316,
NC1=CC(=O)O/C1=C/C=O,NC(=C(O)C=O)C(O)CC=O,3,0.0976,
NC1=CC(=O)O/C1=C/C=O,C=C(N)C(O)(C=O)CC(=O)O,3,0.0952,
NC1=CC(=O)O/C1=C/C=O,NCC(=O)CC(=O)CC(=O)O,3,0.0526,
NC1=CC(=O)O/C1=C/C=O,NC(CC(=O)O)=C(O)CC=O,3,0.1,
NC1=CC(=O)O/C1=C/C=O,NC1CC(=O)OC(C=O)C1O,3,0.1667,
NC1=CC(=O)O/C1=C/C=O,NC1=CC2(O)OC(O)CC1O2,3,0.1136,
NC1=CC(=O)O/C1=C/C=O,NC1=CC(O)OC1(C=O)CO,3,0.2143,
NC1=CC(=O)O/C1=C/C=O,NC1=C(O)C(O)C(O)C(O)=C1,3,0.1351,
NC1=CC(=O)O/C1=C/C=O,NC1(C(=O)CC=O)CC(O)O1,3,0.1136,
NC1=CC(=O)O/C1=C/C=O,NC1=CC(=O)OC1C(O)CO,2,0.2195,
NC1=CC(=O)O/C1=C/C=O,NC1=C(CO)C(=O)OC1CO,3,0.1463,
NC1=CC(=O)O/C1=C/C=O,CC(=O)C(N)(C=O)CC(=O)O,3,0.0976,
NC1=CC(=O)O/C1=C/C=O,NC(CC=O)C(O)=CC(=O)O,3,0.0976,
NC1=CC(=O)O/C1=C/C=O,CC(N)C(=O)CC(=O)C(=O)O,3,0.0488,
NC1=CC(=O)O/C1=C/C=O,NC1=C(O)C=CC(O)(O)C1O,3,0.0976,
NC1=CC(=O)O/C1=C/C=O,NC1CC(O)OC(=O)CC1=O,3,0.119,
NC1=CC(=O)O/C1=C/C=O,CC(O)(C=O)C(N)=CC(=O)O,3,0.0976,
NC1=CC(=O)O/C1=C/C=O,CC1OC(O)(C(=O)O)C=C1N,3,0.1395,
NC1=CC(=O)O/C1=C/C=O,NC(CO)=C(CC=O)C(=O)O,3,0.0976,
NC1=CC(=O)O/C1=C/C=O,NC1=C(CCO)C(=O)OC1O,3,0.1429,
NC1=CC(=O)O/C1=C/C=O,NC=C(C(=O)CC=O)C(O)O,3,0.125,
NC1=CC(=O)O/C1=C/C=O,NC(=CC(=O)O)C1(O)CCO1,3,0.093,
NC1=CC(=O)O/C1=C/C=O,NC(=CC(=O)O)C(C=O)CO,3,0.0952,
NC1=CC(=O)O/C1=C/C=O,NC(=CC(O)O)C1OC1C=O,3,0.119,
NC1=CC(=O)O/C1=C/C=O,NC1=CC(O)(CC(=O)O)OC1,3,0.1364,
NC1=CC(=O)O/C1=C/C=O,NC1(O)C(O)=CC=C(O)C1O,3,0.0732,
NC1=CC(=O)O/C1=C/C=O,NC1=C(CO)C(O)O/C1=C\O,3,0.1429,
NC1=CC(=O)O/C1=C/C=O,NC(=CCO)OC(=O)CC=O,3,0.093,
NC1=CC(=O)O/C1=C/C=O,NCC(C(=O)O)C(=O)CC=O,3,0.1,
NC1=CC(=O)O/C1=C/C=O,O=CCC1=[NH+]C1=CC(=O)Cl,3,0.093,
NC1=CC(=O)O/C1=C/C=O,O=C(Cl)C=C1[NH+]=CCC1=O,3,0.1163,
NC1=CC(=O)O/C1=C/C=O,NC1=CC(N)OC(CO)C1=O,3,0.1951,
NC1=CC(=O)O/C1=C/C=O,COCC1(N)OC(=O)C=C1N,3,0.2195,
NC1=CC(=O)O/C1=C/C=O,NCCC(=O)C(N)=CC(=O)O,2,0.0732,
NC1=CC(=O)O/C1=C/C=O,C=C(N)C(=O)CC(N)C(=O)O,3,0.0476,
NC1=CC(=O)O/C1=C/C=O,NC1=CC(O)OC(C=O)C1N,3,0.1951,
NC1=CC(=O)O/C1=C/C=O,NC(CC=O)=C(N)CC(=O)O,3,0.1026,
NC1=CC(=O)O/C1=C/C=O,CC(=O)C(N)C(N)=CC(=O)O,3,0.0732,
NC1=CC(=O)O/C1=C/C=O,C=C1OC(O)(C(N)O)C=C1N,3,0.1429,
NC1=CC(=O)O/C1=C/C=O,NC(=CC(N)O)C(=O)CC=O,2,0.0952,
NC1=CC(=O)O/C1=C/C=O,NC(=CC(=O)O)C(N)CC=O,2,0.0952,
NC1=CC(=O)O/C1=C/C=O,CC1(N)OC(=O)C(CO)=C1N,3,0.1429,
NC1=CC(=O)O/C1=C/C=O,NC1=CC(=O)OC1CC(N)O,3,0.2195,
NC1=CC(=O)O/C1=C/C=O,CC(=O)C(=O)C(N)=CC(N)O,3,0.0732,
NC1=CC(=O)O/C1=C/C=O,C=C(N)C(=O)C(CN)C(=O)O,3,0.05,
NC1=CC(=O)O/C1=C/C=O,C=C(N)C(N)CC(=O)C(=O)O,3,0.0476,
NC1=CC(=O)O/C1=C/C=O,NC(C=O)C(N)C(=O)CC=O,3,0.1,
NC1=CC(=O)O/C1=C/C=O,C=C1OC(O)C(C(N)O)=C1N,3,0.093,
NC1=CC(=O)O/C1=C/C=O,NCC1OC(O)C=C(N)C1=O,3,0.1951,
NC1=CC(=O)O/C1=C/C=O,C=C(N)C(=O)C(C=O)C(N)O,3,0.0976,
NC1=CC(=O)O/C1=C/C=O,NC(=C1OC1O)C(N)CC=O,3,0.1667,
NC1=CC(=O)O/C1=C/C=O,CC(N)C(=O)C(N)=CC(=O)O,3,0.075,
NC1=CC(=O)O/C1=C/C=O,NCC1=C(N)/C(=C/O)OC1O,3,0.1707,
NC1=CC(=O)O/C1=C/C=O,CC(=O)C(N)=C(C=O)C(N)O,3,0.0976,
NC1=CC(=O)O/C1=C/C=O,CC(N)C(N)=C(C=O)C(=O)O,3,0.0976,
NC1=CC(=O)O/C1=C/C=O,NC=C(C(=O)O)C(=O)CCN,3,0.0732,
NC1=CC(=O)O/C1=C/C=O,NC1=CC(N)OC(C=O)C1O,3,0.1951,
NC1=CC(=O)O/C1=C/C=O,NCCC(=O)C(N)=C1OC1O,3,0.093,
NC1=CC(=O)O/C1=C/C=O,NC1=CC(=O)OC(CO)C1N,3,0.225,
NC1=CC(=O)O/C1=C/C=O,CC(=O)C(N)=C(CN)C(=O)O,3,0.0488,
NC1=CC(=O)O/C1=C/C=O,NC1=CC(N)OC(O)CC1=O,3,0.1951,
NC1=CC(=O)O/C1=C/C=O,CC1(O)OC(=O)C(CN)=C1N,3,0.1429,
NC1=CC(=O)O/C1=C/C=O,NC(=O)C=C(N)C(O)CC=O,3,0.0976,
NC1=CC(=O)O/C1=C/C=O,NC(=C1OC1=O)C(N)CCO,3,0.175,
NC1=CC(=O)O/C1=C/C=O,NC=C(C(=O)CC=O)C(N)O,3,0.0952,
NC1=CC(=O)O/C1=C/C=O,NC=CC(N)(O)C(=O)CC=O,3,0.0952,
NC1=CC(=O)O/C1=C/C=O,NC=C(C(=O)O)C(N)CC=O,3,0.0952,
NC1=CC(=O)O/C1=C/C=O,NCCC(O)C(N)=C1OC1=O,3,0.175,
NC1=CC(=O)O/C1=C/C=O,NC1=CC(=O)OC(O)CC1N,3,0.225,
NC1=CC(=O)O/C1=C/C=O,NC1=CC(O)OC(=O)CC1N,3,0.1667,
NC1=CC(=O)O/C1=C/C=O,CC(O)C1(N)OC(=O)C=C1N,3,0.225,
NC1=CC(=O)O/C1=C/C=O,NC(=CC(N)O)C(C=O)C=O,3,0.1081,
NC1=CC(=O)O/C1=C/C=O,NC(=O)CC(N)C(=O)CC=O,3,0.0976,
NC1=CC(=O)O/C1=C/C=O,NC1=CC(O)OC1(N)CC=O,3,0.186,
NC1=CC(=O)O/C1=C/C=O,NC1=CC(O)O/C1=C/C(N)O,2,0.1951,
NC1=CC(=O)O/C1=C/C=O,NCC1OC(=O)C=C(N)C1O,3,0.225,
NC1=CC(=O)O/C1=C/C=O,NC1=CC(N)OC1(O)CC=O,3,0.186,
NC1=CC(=O)O/C1=C/C=O,NCCC1(O)OC(=O)C=C1N,2,0.225,
NC1=CC(=O)O/C1=C/C=O,NC1=CC(=O)OC(N)CC1O,3,0.225,
NC1=CC(=O)O/C1=C/C=O,NCC(C=O)C(N)=CC(=O)O,3,0.0952,
NC1=CC(=O)O/C1=C/C=O,NC(=O)CC1OC(O)C=C1N,3,0.1707,
NC1=CC(=O)O/C1=C/C=O,NC(N)(CC=O)C(=O)CC=O,3,0.1026,
NC1=CC(=O)O/C1=C/C=O,NCC(N)=C(CC=O)C(=O)O,3,0.0976,
NC1=CC(=O)O/C1=C/C=O,NCCC1=C(N)C(O)OC1=O,3,0.1429,
NC1=CC(=O)O/C1=C/C=O,NC1=C(CCO)C(=O)OC1N,3,0.1429,
NC1=CC(=O)O/C1=C/C=O,NCCC(C(=O)O)=C(N)C=O,3,0.0976,
NC1=CC(=O)O/C1=C/C=O,NC/C(O)=C1/OC(O)C=C1N,2,0.175,
NC1=CC(=O)O/C1=C/C=O,CC(N)(C=O)C(N)=CC(=O)O,3,0.0976,
NC1=CC(=O)O/C1=C/C=O,NC(=O)C=C(N)C(=O)CCO,3,0.075,
NC1=CC(=O)O/C1=C/C=O,NC(C=O)=C(CC=O)C(N)O,3,0.0976,
NC1=CC(=O)O/C1=C/C=O,NC1=CC(=O)OC1(N)CCO,2,0.225,
NC1=CC(=O)O/C1=C/C=O,NC1=CC(O)OC(N)CC1=O,3,0.1951,
NC1=CC(=O)O/C1=C/C=O,NCC(O)C1OC(=O)C=C1N,3,0.2195,
NC1=CC(=O)O/C1=C/C=O,NC(C=O)=CC(N)(O)CC=O,3,0.0976,
NC1=CC(=O)O/C1=C/C=O,NCC1(O)C=C(N)/C(=C/O)O1,3,0.1951,
NC1=CC(=O)O/C1=C/C=O,CC(=O)C(N)=CC(N)(O)C=O,3,0.0976,
NC1=CC(=O)O/C1=C/C=O,NC(C(=O)CCO)=C1OC1N,3,0.093,
NC1=CC(=O)O/C1=C/C=O,NC(O)=CC(N)C(=O)CC=O,3,0.0952,
NC1=CC(=O)O/C1=C/C=O,C=C(N)C(N)C(C=O)C(=O)O,3,0.1,
NC1=CC(=O)O/C1=C/C=O,C=C(N)C(N)(CC=O)C(=O)O,3,0.0952,
NC1=CC(=O)O/C1=C/C=O,NC(=C1OC1N)C(O)CC=O,3,0.1395,
NC1=CC(=O)O/C1=C/C=O,NC1=CC(N)OC(=O)CC1O,3,0.1667,
NC1=CC(=O)O/C1=C/C=O,C=C(N)C(=O)CC(=O)C(N)O,3,0.0476,
NC1=CC(=O)O/C1=C/C=O,O=CC(O)C1=[NH+]C1=CC(O)O,3,0.0976,
NC1=CC(=O)O/C1=C/C=O,O=CCC1=[NH+]C1C(O)C(=O)O,3,0.0889,
NC1=CC(=O)O/C1=C/C=O,O=C(O)C(O)=C1[NH+]=CCC1O,3,0.0682,
NC1=CC(=O)O/C1=C/C=O,O=C(O)CC1=[NH+]C1=CC(O)O,3,0.0682,
NC1=CC(=O)O/C1=C/C=O,O=C(O)C=C1[NH+]=C1C(O)CO,3,0.0667,
NC1=CC(=O)O/C1=C/C=O,O=C(O)C(O)C1[NH+]=CCC1=O,3,0.0889,
NC1=CC(=O)O/C1=C/C=O,O=CCC1=[NH+]C1(O)CC(=O)O,3,0.0909,
NC1=CC(=O)O/C1=C/C=O,O=CCC1=[NH+]C1=C(O)C(O)O,3,0.093,
NC1=CC(=O)O/C1=C/C=O,O=C1CC=[NH+]C1=C(O)C(O)O,3,0.093,
NC1=CC(=O)O/C1=C/C=O,O=C(O)CC1(O)[NH+]=CCC1=O,3,0.1136,
NC1=CC(=O)O/C1=C/C=O,O=C(O)C(O)=C1[NH+]=C1CCO,3,0.0465,
NC1=CC(=O)O/C1=C/C=O,N#CC(O)(O)C=C(N)C(=O)O,3,0.0714,
NC1=CC(=O)O/C1=C/C=O,N#CC(O)(O)C(N)=CC(=O)O,3,0.0714,
NC1=CC(=O)O/C1=C/C=O,OC1C=C2N=C(Cl)C=C2O1,3,0.0909,
NC1=CC(=O)O/C1=C/C=O,O=C(Cl)C=C1N=CCC1=O,3,0.1163,
NC1=CC(=O)O/C1=C/C=O,O/C(CCl)=c1\oc2cc1n2,3,0.0682,
NC1=CC(=O)O/C1=C/C=O,O=CCC1=NC1=CC(=O)Cl,3,0.093,
NC1=CC(=O)O/C1=C/C=O,O=CCC(=O)C1=CC(Cl)=N1,3,0.1463,
NC1=CC(=O)O/C1=C/C=O,OC/C(Cl)=c1/oc2cc1n2,3,0.093,
NC1=CC(=O)O/C1=C/C=O,OC1C=C2N=CC(Cl)=C2O1,3,0.0667,
NC1=CC(=O)O/C1=C/C=O,COC1C=C(N)/C(=C\CO)O1,3,0.1818,
NC1=CC(=O)O/C1=C/C=O,CC(O)/C=C1/OC(O)C=C1N,3,0.1905,
NC1=CC(=O)O/C1=C/C=O,COCC=C(N)C(=O)CC=O,3,0.0909,
NC1=CC(=O)O/C1=C/C=O,CC(CO)=C(N)C(=O)CC=O,3,0.0952,
NC1=CC(=O)O/C1=C/C=O,CC(=O)CC(=O)C(N)=CCO,3,0.0714,
NC1=CC(=O)O/C1=C/C=O,COCCC1OC(=O)C=C1N,3,0.2143,
NC1=CC(=O)O/C1=C/C=O,CNC(=CCO)C(=O)CC=O,3,0.0682,
NC1=CC(=O)O/C1=C/C=O,C/C(CO)=C1\OC(O)C=C1N,3,0.1707,
NC1=CC(=O)O/C1=C/C=O,CC(CO)C1OC(=O)C=C1N,3,0.2143,
NC1=CC(=O)O/C1=C/C=O,CC(O)C=C(N)C(=O)CC=O,3,0.093,
NC1=CC(=O)O/C1=C/C=O,COC/C=C1/OC(O)C=C1N,3,0.186,
NC1=CC(=O)O/C1=C/C=O,CC(O)CC1OC(=O)C=C1N,3,0.2143,
NC1=CC(=O)O/C1=C/C=O,CC(C=O)C(=O)C(N)=CCO,3,0.093,
NC1=CC(=O)O/C1=C/C=O,NC1C(CC=O)=[NH+]C1C(=O)O,3,0.1395,
NC1=CC(=O)O/C1=C/C=O,NC1C(=O)CC=[NH+]C1C(=O)O,3,0.1395,
NC1=CC(=O)O/C1=C/C=O,NC(C(=O)O)C1[NH+]=C1CC=O,3,0.1111,
NC1=CC(=O)O/C1=C/C=O,NC(C(=O)O)C1[NH+]=CCC1=O,3,0.1111,
NC1=CC(=O)O/C1=C/C=O,NC1(CC(=O)O)[NH+]=CCC1=O,3,0.1364,
NC1=CC(=O)O/C1=C/C=O,NC1(C(=O)CC=O)CC(O)=[NH+]1,3,0.1136,
NC1=CC(=O)O/C1=C/C=O,NC1C(O)=[NH+]C1C(=O)CC=O,3,0.1163,
NC1=CC(=O)O/C1=C/C=O,NC(C(=O)CC=O)C1[NH+]=C1O,3,0.1163,
NC1=CC(=O)O/C1=C/C=O,NC1(CC(=O)O)[NH+]=C1CC=O,3,0.1136,
NC1=CC(=O)O/C1=C/C=O,NC1=C(C(=O)CC=O)C(O)O1,3,0.1707,
NC1=CC(=O)O/C1=C/C=O,NC(=CC(=O)CC=O)C(=O)O,3,0.1,
NC1=CC(=O)O/C1=C/C=O,NC1=CC(=O)OC1=C(O)CO,3,0.3824,
NC1=CC(=O)O/C1=C/C=O,CC(=O)C(=O)C(=CN)C(=O)O,3,0.0769,
NC1=CC(=O)O/C1=C/C=O,NC(C=CC(=O)O)=CC(=O)O,3,0.0811,
NC1=CC(=O)O/C1=C/C=O,NC1=CC(O)O/C1=C(\O)C=O,1,0.2564,
NC1=CC(=O)O/C1=C/C=O,NC1=C(COC=O)C(=O)OC1,3,0.1905,
NC1=CC(=O)O/C1=C/C=O,NC(C(=O)CC=O)=C(O)C=O,3,0.1,
NC1=CC(=O)O/C1=C/C=O,NC1=C(CO)C(=O)O/C1=C\O,2,0.2308,
NC1=CC(=O)O/C1=C/C=O,NC=C1C(=O)OC(=O)CC1O,3,0.1707,
NC1=CC(=O)O/C1=C/C=O,NC1=CC(O)OC(=O)C=C1O,3,0.2632,
NC1=CC(=O)O/C1=C/C=O,C=C(N)C1(O)CC(=O)C(=O)O1,3,0.119,
NC1=CC(=O)O/C1=C/C=O,NC(C=O)=C1C(O)OC1C=O,3,0.15,
NC1=CC(=O)O/C1=C/C=O,C=C1OC2(O)OC(O)C2=C1N,3,0.0909,
NC1=CC(=O)O/C1=C/C=O,NC1=CC2(C(O)O)OC=C1O2,3,0.1429,
NC1=CC(=O)O/C1=C/C=O,NC1=CC(O)OC1C(=O)C=O,3,0.1951,
NC1=CC(=O)O/C1=C/C=O,NC1=COC(=O)C(C=O)C1O,3,0.225,
NC1=CC(=O)O/C1=C/C=O,C=C(N)C(=O)C1OC(O)C1=O,3,0.119,
NC1=CC(=O)O/C1=C/C=O,NC1=CC(O)OC1C(O)=C=O,3,0.1395,
NC1=CC(=O)O/C1=C/C=O,C=C(N)C(O)C1C(=O)OC1=O,3,0.1538,
NC1=CC(=O)O/C1=C/C=O,NC1=C2OC(CO)C1OC2=O,3,0.1463,
NC1=CC(=O)O/C1=C/C=O,NC1=C(C=O)C(=O)OC1CO,3,0.1951,
NC1=CC(=O)O/C1=C/C=O,C=C(N)C(=O)C(C=O)C(=O)O,2,0.1,
NC1=CC(=O)O/C1=C/C=O,CC(C(=O)O)=C(N)C(=O)C=O,3,0.1026,
NC1=CC(=O)O/C1=C/C=O,NC(C(=O)CC=O)=C1OC1O,2,0.1429,
NC1=CC(=O)O/C1=C/C=O,Nc1c2oc(CO)c1OC2O,2,0.0909,
NC1=CC(=O)O/C1=C/C=O,C=C(N)C(=O)C1(CO)OC1=O,3,0.119,
NC1=CC(=O)O/C1=C/C=O,CC1OC(=O)C(C(=O)O)=C1N,3,0.1463,
NC1=CC(=O)O/C1=C/C=O,NC(=CC(=O)O)C(=O)C=CO,3,0.075,
NC1=CC(=O)O/C1=C/C=O,NC=C1C(=O)CC(O)OC1=O,3,0.1429,
NC1=CC(=O)O/C1=C/C=O,NC1=CC(O)OC1=C(O)C=O,3,0.2564,
NC1=CC(=O)O/C1=C/C=O,O=C(O)C(O)=C1N=CCC1O,3,0.0682,
NC1=CC(=O)O/C1=C/C=O,OCC(O)C1(O)OC2=NC1=C2,3,0.0889,
NC1=CC(=O)O/C1=C/C=O,C=C(N)C(=O)C1C(=O)OC1O,3,0.119,
NC1=CC(=O)O/C1=C/C=O,NC1=C2OC(O)C=C1OC2O,2,0.122,
NC1=CC(=O)O/C1=C/C=O,NC1=CC(O)OC1=COC=O,3,0.2439,
NC1=CC(=O)O/C1=C/C=O,C=C(N)C1(O)OC(=O)C1C=O,3,0.1951,
NC1=CC(=O)O/C1=C/C=O,NC1=C(CC(=O)O)C(=O)OC1,3,0.1429,
NC1=CC(=O)O/C1=C/C=O,NC1=CC2OC1=C(C(O)O)O2,2,0.1463,
NC1=CC(=O)O/C1=C/C=O,CC(O)C(N)=C1C(=O)OC1=O,3,0.1579,
NC1=CC(=O)O/C1=C/C=O,NC1=CC(=O)OC2(CO)OC12,3,0.2439,
NC1=CC(=O)O/C1=C/C=O,NC1=C(C=O)C(=O)OCC1O,3,0.1951,
NC1=CC(=O)O/C1=C/C=O,NC1=C2OC1(CCO)OC2=O,2,0.1429,
NC1=CC(=O)O/C1=C/C=O,NC1=C2OC2OC(C=O)C1O,3,0.1951,
NC1=CC(=O)O/C1=C/C=O,NC1=CC(O)O/C1=C1\OC1O,2,0.1538,
NC1=CC(=O)O/C1=C/C=O,NC(=CC(=O)O)C(O)C=C=O,3,0.0952,
NC1=CC(=O)O/C1=C/C=O,NC1=CC2(O)OC1=CC2(O)O,3,0.1579,
NC1=CC(=O)O/C1=C/C=O,NC(CO)=C1C(=O)OC1C=O,3,0.1951,
NC1=CC(=O)O/C1=C/C=O,NC1=CC(=O)OC1(O)CC=O,1,0.2821,
NC1=CC(=O)O/C1=C/C=O,O=C(O)CC1(O)N=CCC1=O,3,0.0889,
NC1=CC(=O)O/C1=C/C=O,O=CC(O)C(O)C1=CC(O)=N1,3,0.15,
NC1=CC(=O)O/C1=C/C=O,NC=C(C(=O)O)C(=O)CC=O,2,0.1,
NC1=CC(=O)O/C1=C/C=O,CC1(O)OC12OC(=O)C=C2N,3,0.2308,
NC1=CC(=O)O/C1=C/C=O,CC(C=O)=C(N)C(=O)C(=O)O,3,0.1053,
NC1=CC(=O)O/C1=C/C=O,CC1(O)OC(=O)C=C(N)C1=O,3,0.3056,
NC1=CC(=O)O/C1=C/C=O,NC1=CC(=O)OCC(=O)C1O,3,0.2308,
NC1=CC(=O)O/C1=C/C=O,O=CC(O)C1=NC1=CC(O)O,3,0.0976,
NC1=CC(=O)O/C1=C/C=O,NC(=CC(=O)O)C(C=O)C=O,2,0.1053,
NC1=CC(=O)O/C1=C/C=O,NC1=COC(O)C(C=O)C1=O,3,0.2564,
NC1=CC(=O)O/C1=C/C=O,NC1=C2OC2OC(CO)C1=O,3,0.1395,
NC1=CC(=O)O/C1=C/C=O,O=C(O)CC1=NC1=CC(O)O,3,0.0682,
NC1=CC(=O)O/C1=C/C=O,NC1=CC(=O)OC1CC(=O)O,2,0.2564,
NC1=CC(=O)O/C1=C/C=O,NC(=CC(O)O)C(=O)C=C=O,3,0.0732,
NC1=CC(=O)O/C1=C/C=O,NC(=CC(=O)O)C(=O)CC=O,1,0.1,
NC1=CC(=O)O/C1=C/C=O,NC(=CC=O)C(=O)COC=O,3,0.122,
NC1=CC(=O)O/C1=C/C=O,C=C1OC(O)(C(=O)O)C=C1N,2,0.1707,
NC1=CC(=O)O/C1=C/C=O,NC(=COC=O)C(=O)CC=O,3,0.0952,
NC1=CC(=O)O/C1=C/C=O,NC1=CC2OC(CO)(O2)C1=O,3,0.1951,
NC1=CC(=O)O/C1=C/C=O,C=C1OC2(O)C(=C1N)OC2O,3,0.0909,
NC1=CC(=O)O/C1=C/C=O,CC(O)C(=O)C(N)=C1OC1=O,3,0.1795,
NC1=CC(=O)O/C1=C/C=O,NC(=CC=O)C(=O)CC(=O)O,3,0.1282,
NC1=CC(=O)O/C1=C/C=O,NC1=C(C=O)C(O)OCC1=O,3,0.1951,
NC1=CC(=O)O/C1=C/C=O,CC(O)(C=O)C(N)=C1OC1=O,3,0.2368,
NC1=CC(=O)O/C1=C/C=O,NC1=CC2(CO)OC(O)=C1O2,3,0.1429,
NC1=CC(=O)O/C1=C/C=O,CC=C(N)C(=O)C(=O)C(=O)O,3,0.0811,
NC1=CC(=O)O/C1=C/C=O,C=C(N)C(C=O)C(=O)C(=O)O,3,0.1,
NC1=CC(=O)O/C1=C/C=O,NC(C=C(O)C=O)=C(O)C=O,3,0.1081,
NC1=CC(=O)O/C1=C/C=O,C=C(N)C(O)C1OC(=O)C1=O,3,0.119,
NC1=CC(=O)O/C1=C/C=O,NC1=CC(=O)OC(=O)C1CO,3,0.2973,
NC1=CC(=O)O/C1=C/C=O,CC(=O)C(=O)C(N)=CC(=O)O,2,0.0769,
NC1=CC(=O)O/C1=C/C=O,NC1=C(CCO)C(=O)OC1=O,3,0.1842,
NC1=CC(=O)O/C1=C/C=O,NC1=C(C(=O)CCO)C(=O)O1,3,0.175,
NC1=CC(=O)O/C1=C/C=O,NC=C1C(=O)CC(=O)OC1O,3,0.1429,
NC1=CC(=O)O/C1=C/C=O,NC1=CC(=O)OC(C=O)C1O,2,0.2895,
NC1=CC(=O)O/C1=C/C=O,NC(=C1OC1=O)C1OC1CO,3,0.1707,
NC1=CC(=O)O/C1=C/C=O,NC1=C2OC2(CO)O/C1=C\O,3,0.1707,
NC1=CC(=O)O/C1=C/C=O,NC(C=O)=C1CC(O)OC1=O,3,0.1667,
NC1=CC(=O)O/C1=C/C=O,NC(=C=O)C(CC=O)C(=O)O,3,0.0952,
NC1=CC(=O)O/C1=C/C=O,O=C(O)C=C1N=C1C(O)CO,3,0.0667,
NC1=CC(=O)O/C1=C/C=O,NC1=CC(O)OC1(C=O)C=O,3,0.2051,
NC1=CC(=O)O/C1=C/C=O,C=C(N)C(C=O)(C=O)C(=O)O,3,0.1053,
NC1=CC(=O)O/C1=C/C=O,NC1=C2C(=O)OC1OC2CO,3,0.1395,
NC1=CC(=O)O/C1=C/C=O,NC1(C(=O)CC=O)OC1C=O,3,0.1163,
NC1=CC(=O)O/C1=C/C=O,NC(=CC=O)C(=O)C(O)C=O,3,0.1579,
NC1=CC(=O)O/C1=C/C=O,NC=CC(=O)CC(=O)C(=O)O,3,0.0769,
NC1=CC(=O)O/C1=C/C=O,NC=C(CC(=O)C=O)C(=O)O,3,0.1,
NC1=CC(=O)O/C1=C/C=O,O=CCC1=NC1(O)CC(=O)O,3,0.0909,
NC1=CC(=O)O/C1=C/C=O,NC(=C1OC1=O)C1(O)CCO1,3,0.175,
NC1=CC(=O)O/C1=C/C=O,NC1=CC2(O)OC1=CC(O)O2,2,0.1395,
NC1=CC(=O)O/C1=C/C=O,CC(=O)C(O)C(N)=C1OC1=O,3,0.1795,
NC1=CC(=O)O/C1=C/C=O,NC1=COC(=O)C(O)CC1=O,3,0.2,
NC1=CC(=O)O/C1=C/C=O,NC1=CC(=O)OC1COC=O,2,0.275,
NC1=CC(=O)O/C1=C/C=O,NC(=C1OC1=O)C(O)CC=O,2,0.2308,
NC1=CC(=O)O/C1=C/C=O,O=C(O)C(O)=C1N=C1CCO,3,0.0465,
NC1=CC(=O)O/C1=C/C=O,NC1=CC2=C(O)C(O)C1(O)O2,3,0.1429,
NC1=CC(=O)O/C1=C/C=O,NC1=CC(=O)OC(O)C1C=O,3,0.2895,
NC1=CC(=O)O/C1=C/C=O,NC(=C1OC1=O)C1CC(O)O1,3,0.175,
NC1=CC(=O)O/C1=C/C=O,NC(=CC(=O)O)CC(=O)C=O,3,0.1,
NC1=CC(=O)O/C1=C/C=O,NC=C1OC1(O)C(=O)CC=O,3,0.1429,
NC1=CC(=O)O/C1=C/C=O,NC(=CC(=O)O)C(O)=CC=O,3,0.1316,
NC1=CC(=O)O/C1=C/C=O,NC1=COC(O)C(=O)CC1=O,3,0.2,
NC1=CC(=O)O/C1=C/C=O,NC1=C2OC2O/C1=C/C(O)O,2,0.1463,
NC1=CC(=O)O/C1=C/C=O,CC1(O)OC(=O)C(C=O)=C1N,2,0.2,
NC1=CC(=O)O/C1=C/C=O,NC=C1C(=O)OC(C=O)C1O,3,0.1707,
NC1=CC(=O)O/C1=C/C=O,NC(CO)=C1CC(=O)OC1=O,3,0.1463,
NC1=CC(=O)O/C1=C/C=O,NC1=C(C(O)C=O)C(=O)OC1,3,0.1951,
NC1=CC(=O)O/C1=C/C=O,NC1=C(CO)C(=O)OC12CO2,3,0.1395,
NC1=CC(=O)O/C1=C/C=O,NC1=CC(=O)OC12CC(O)O2,3,0.25,
NC1=CC(=O)O/C1=C/C=O,NC(C=O)=C(CC=O)C(=O)O,2,0.1,
NC1=CC(=O)O/C1=C/C=O,NC(C(=O)C=O)C(=O)CC=O,3,0.1,
NC1=CC(=O)O/C1=C/C=O,NC=C1C(=O)OC(CO)C1=O,3,0.1429,
NC1=CC(=O)O/C1=C/C=O,NC1=C(CO)C(=O)OCC1=O,3,0.1463,
NC1=CC(=O)O/C1=C/C=O,NC(CC(=O)O)C(=O)C=C=O,3,0.0698,
NC1=CC(=O)O/C1=C/C=O,NC(=CC(O)=CC=O)C(=O)O,3,0.1316,
NC1=CC(=O)O/C1=C/C=O,NC1=CC(O)OC(C=O)=C1O,3,0.225,
NC1=CC(=O)O/C1=C/C=O,NC1=CC(=O)OC(CO)C1=O,2,0.2973,
NC1=CC(=O)O/C1=C/C=O,NC1=CC(=O)OC12OC2CO,2,0.2143,
NC1=CC(=O)O/C1=C/C=O,NC1=CC(=O)OC(=O)CC1O,2,0.2973,
NC1=CC(=O)O/C1=C/C=O,CC(=O)C(N)=CC(=O)C(=O)O,3,0.0769,
NC1=CC(=O)O/C1=C/C=O,NC1=C(C=O)C(O)O/C1=C\O,2,0.2,
NC1=CC(=O)O/C1=C/C=O,NC1=CC(=O)OC1C(O)C=O,2,0.2895,
NC1=CC(=O)O/C1=C/C=O,NC1=COC(=O)C(CO)C1=O,3,0.2,
NC1=CC(=O)O/C1=C/C=O,NC1=C(C(O)O)C2OC=C1O2,3,0.1163,
NC1=CC(=O)O/C1=C/C=O,NC1=CC(O)O/C1=C/C(=O)O,1,0.225,
NC1=CC(=O)O/C1=C/C=O,C=C(N)C(=O)CC1(O)OC1=O,3,0.119,
NC1=CC(=O)O/C1=C/C=O,NC(C=O)C(=CC=O)C(=O)O,3,0.1282,
NC1=CC(=O)O/C1=C/C=O,NC(=C1OC1=O)C(C=O)CO,3,0.2308,
NC1=CC(=O)O/C1=C/C=O,NC1=CC(O)OC1=CC(=O)O,3,0.225,
NC1=CC(=O)O/C1=C/C=O,O=C1CC=NC1=C(O)C(O)O,3,0.093,
NC1=CC(=O)O/C1=C/C=O,NC1=C(CC=O)C(=O)OC1O,2,0.1951,
NC1=CC(=O)O/C1=C/C=O,NC1(O)c2cc(O)c(o2)C1O,3,0.0909,
NC1=CC(=O)O/C1=C/C=O,Nc1cc2oc1C(O)C2(O)O,3,0.119,
NC1=CC(=O)O/C1=C/C=O,NC(=CC=O)C(=O)OCC=O,3,0.122,
NC1=CC(=O)O/C1=C/C=O,NC(C=O)=C1C(=O)OC1CO,3,0.1667,
NC1=CC(=O)O/C1=C/C=O,NC1=CC(O)OC12OC2C=O,3,0.1905,
NC1=CC(=O)O/C1=C/C=O,NC1=CC(=O)OCC(O)C1=O,3,0.2973,
NC1=CC(=O)O/C1=C/C=O,NC1=CC(=O)OC1(C=O)CO,3,0.3158,
NC1=CC(=O)O/C1=C/C=O,NC(=CC=O)OC(=O)CC=O,3,0.122,
NC1=CC(=O)O/C1=C/C=O,NC1=C(C(O)CC=O)C(=O)O1,3,0.225,
NC1=CC(=O)O/C1=C/C=O,NC1=CC(=O)O/C1=C/C(O)O,2,0.5484,
NC1=CC(=O)O/C1=C/C=O,O=CCC1=NC1=C(O)C(O)O,3,0.093,
NC1=CC(=O)O/C1=C/C=O,C=C(N)C(=O)CC(=O)C(=O)O,2,0.0513,
NC1=CC(=O)O/C1=C/C=O,NC=CC(=O)C(C=O)C(=O)O,3,0.1,
NC1=CC(=O)O/C1=C/C=O,NC(=O)C=C(O)C=CC(=O)O,3,0.0789,
NC1=CC(=O)O/C1=C/C=O,Nc1c2coc1C(O)(CO)O2,3,0.1136,
NC1=CC(=O)O/C1=C/C=O,NC1=CC(O)(C=O)O/C1=C\O,2,0.2564,
NC1=CC(=O)O/C1=C/C=O,NC=C(C(=O)O)C(C=O)C=O,3,0.1053,
NC1=CC(=O)O/C1=C/C=O,NC1=CC(=O)OC1C(=O)CO,3,0.225,
NC1=CC(=O)O/C1=C/C=O,O=CCC1=NC1C(O)C(=O)O,3,0.0889,
NC1=CC(=O)O/C1=C/C=O,CC(=O)C(=O)C(N)=C1OC1O,3,0.0976,
NC1=CC(=O)O/C1=C/C=O,NC=C1C(=O)C(C=O)OC1O,3,0.175,
NC1=CC(=O)O/C1=C/C=O,NC1=C2OC2O/C1=C(\O)CO,2,0.119,
NC1=CC(=O)O/C1=C/C=O,NC=C1C(=O)OC1(O)CC=O,3,0.1667,
NC1=CC(=O)O/C1=C/C=O,NC1=C2C(O)OC=C1OC2O,3,0.122,
NC1=CC(=O)O/C1=C/C=O,NC1=CC(O)OC(=O)CC1=O,2,0.2,
NC1=CC(=O)O/C1=C/C=O,NC1=CC(=O)OC(O)CC1=O,2,0.2973,
NC1=CC(=O)O/C1=C/C=O,C=C(N)C(O)C1(C=O)OC1=O,3,0.1707,
NC1=CC(=O)O/C1=C/C=O,CC(=O)C(N)=C1C(=O)OC1O,3,0.119,
NC1=CC(=O)O/C1=C/C=O,C=C1OC(O)C(C(=O)O)=C1N,2,0.122,
NC1=CC(=O)O/C1=C/C=O,NC1=C2OC1C(CO)OC2=O,3,0.1463,
NC1=CC(=O)O/C1=C/C=O,NC1=CC(=O)OC1C1OC1O,3,0.2308,
NC1=CC(=O)O/C1=C/C=O,NC(=O)C=C(O)C(=O)CC=O,3,0.1,
NC1=CC(=O)O/C1=C/C=O,NC(=CCC=O)C(=O)C(=O)O,3,0.1282,
NC1=CC(=O)O/C1=C/C=O,NC1=C(CC=O)C(O)OC1=O,3,0.1951,
NC1=CC(=O)O/C1=C/C=O,NC1=C(CO)C2(O)OC=C1O2,3,0.1136,
NC1=CC(=O)O/C1=C/C=O,C=C1OC2(C(O)O)OC2=C1N,3,0.0952,
NC1=CC(=O)O/C1=C/C=O,CC(=O)C(N)C(=C=O)C(=O)O,3,0.0476,
NC1=CC(=O)O/C1=C/C=O,O=C(O)C(O)C1N=CCC1=O,3,0.0889,
NC1=CC(=O)O/C1=C/C=O,NC1=C(CO)C2OC(O)=C1O2,3,0.093,
NC1=CC(=O)O/C1=C/C=O,O=C(C1=CC(O)=N1)C(O)CO,3,0.093,
NC1=CC(=O)O/C1=C/C=O,NC1=C2OC2OC(=O)CC1O,3,0.1429,
NC1=CC(=O)O/C1=C/C=O,NC1=CC2(O)OC(CO)=C1O2,2,0.1429,
NC1=CC(=O)O/C1=C/C=O,OCC(O)C1(O)OC2=CC1=N2,3,0.0889,
NC1=CC(=O)O/C1=C/C=O,NC1=C2C=C(O)C(O)(O2)C1O,3,0.1429,
NC1=CC(=O)O/C1=C/C=O,CC(=O)C(N)=C(C=O)C(=O)O,2,0.1026,
NC1=CC(=O)O/C1=C/C=O,NC1=CC2(O)OC1=COC2O,3,0.1395,
NC1=CC(=O)O/C1=C/C=O,C=C1OC(=O)C(C(O)O)=C1N,3,0.1795,
NC1=CC(=O)O/C1=C/C=O,NC(C=O)=C(O)C=CC(=O)O,3,0.1053,
NC1=CC(=O)O/C1=C/C=O,NC1=CC(O)OC(=O)C1C=O,3,0.225,
NC1=CC(=O)O/C1=C/C=O,O=C(O)CC(O)C1=CC(O)=N1,3,0.093,
NC1=CC(=O)O/C1=C/C=O,CC(=O)C(N)=C1OC1(O)C=O,3,0.1429,
NC1=CC(=O)O/C1=C/C=O,NC(C=O)=CCC(=O)C(=O)O,3,0.1,
NC1=CC(=O)O/C1=C/C=O,NC(C(=O)CCO)=C1OC1=O,2,0.1795,
NC1=CC(=O)O/C1=C/C=O,NC1=CC(O)OC(C=O)C1=O,2,0.2564,
NC1=CC(=O)O/C1=C/C=O,CC(=O)C1(O)OC(=O)C=C1N,3,0.2308,
NC1=CC(=O)O/C1=C/C=O,NC(C=O)=C1OC1(O)CC=O,3,0.1707,
NC1=CC(=O)O/C1=C/C=O,CC1(C(=O)O)OC(=O)C=C1N,3,0.2308,
NC1=CC(=O)O/C1=C/C=O,NC1(O)C=C2OC1(O)C=C2O,3,0.0976,
NC1=CC(=O)O/C1=C/C=O,C=C(N)C(=O)C1OC(=O)C1O,3,0.119,
NC1=CC(=O)O/C1=C/C=O,NC(=C1OC1=O)C(O)C1CO1,3,0.1795,
NC1=CC(=O)O/C1=C/C=O,NC(C=O)=C1CC(=O)OC1O,3,0.1667,
NC1=CC(=O)O/C1=C/C=O,NC1=CC(O)OCC(=O)C1=O,3,0.2,
NC1=CC(=O)O/C1=C/C=O,NC1=C2OC(O)CC1OC2=O,3,0.1707,
NC1=CC(=O)O/C1=C/C=O,C=C(N)C(=O)C(=O)CC(=O)O,3,0.05,
NC1=CC(=O)O/C1=C/C=O,O=CCC(=O)C1NC1C(=O)O,3,0.0976,
NC1=CC(=O)O/C1=C/C=O,NC(=O)C(O)=CC=C(O)C=O,3,0.1053,
NC1=CC(=O)O/C1=C/C=O,CC(=O)C(C(=O)O)=C(N)C=O,3,0.1026,
NC1=CC(=O)O/C1=C/C=O,NC(=C1OC1O)C(C=O)C=O,3,0.1538,
NC1=CC(=O)O/C1=C/C=O,NC1=COC(=O)C(=O)CC1O,3,0.1707,
NC1=CC(=O)O/C1=C/C=O,NC(C=O)=CC(C=O)C(=O)O,3,0.1,
NC1=CC(=O)O/C1=C/C=O,CC1=C(N)C(O)(C=O)OC1=O,3,0.2,
NC1=CC(=O)O/C1=C/C=O,NC(CC(=O)O)=C(C=O)C=O,3,0.1053,
NC1=CC(=O)O/C1=C/C=O,C=C(N)C(=O)C1(C=O)OC1O,3,0.119,
NC1=CC(=O)O/C1=C/C=O,NC1=CC(=O)O/C1=C(\O)CO,1,0.3824,
NC1=CC(=O)O/C1=C/C=O,NC(CC=O)=C(C=O)C(=O)O,3,0.1,
NC1=CC(=O)O/C1=C/C=O,CC(N)CC1OC(=O)C=C1N,3,0.2195,
NC1=CC(=O)O/C1=C/C=O,CNCCC1OC(=O)C=C1N,3,0.2195,
NC1=CC(=O)O/C1=C/C=O,CC(CN)C1OC(=O)C=C1N,3,0.2195,
NC1=CC(=O)O/C1=C/C=O,C=C(NC(N)=O)C(=O)CC=O,3,0.0952,
NC1=CC(=O)O/C1=C/C=O,C=C(N)C(=O)C=C(N)C(=O)O,3,0.0769,
NC1=CC(=O)O/C1=C/C=O,NC(C(=O)O)C1N=C1CC=O,3,0.1111,
NC1=CC(=O)O/C1=C/C=O,N#CCC1(O)OC(O)C=C1N,3,0.1333,
NC1=CC(=O)O/C1=C/C=O,N#CC(O)=C(N)C(=O)CCO,3,0.0455,
NC1=CC(=O)O/C1=C/C=O,NC1C(=O)CC=NC1C(=O)O,3,0.1395,
NC1=CC(=O)O/C1=C/C=O,C=C1OC(O)C(C(N)=O)=C1N,3,0.125,
NC1=CC(=O)O/C1=C/C=O,C=C(N)C(=O)CC(=N)C(=O)O,3,0.0476,
NC1=CC(=O)O/C1=C/C=O,N#CC(O)=C(N)C(O)CC=O,3,0.0909,
NC1=CC(=O)O/C1=C/C=O,NC1(CC(=O)O)N=CCC1=O,3,0.1111,
NC1=CC(=O)O/C1=C/C=O,NC1C(=O)OC(=CC=O)C1N,3,0.3235,
NC1=CC(=O)O/C1=C/C=O,NC(=O)C=C(N)C(=O)CC=O,2,0.1026,
NC1=CC(=O)O/C1=C/C=O,NC(=O)/C=C1/OC(O)C=C1N,2,0.225,
NC1=CC(=O)O/C1=C/C=O,C=C1OC(O)(C(N)=O)C=C1N,3,0.1707,
NC1=CC(=O)O/C1=C/C=O,CC1(N)OC(=O)C(C=O)=C1N,2,0.2051,
NC1=CC(=O)O/C1=C/C=O,NC1=C(CC=O)OC(=O)C1N,3,0.2308,
NC1=CC(=O)O/C1=C/C=O,CC(O)(C#N)C(N)=CC(=O)O,3,0.0682,
NC1=CC(=O)O/C1=C/C=O,NC1(CC(=O)O)N=C1CC=O,3,0.1136,
NC1=CC(=O)O/C1=C/C=O,NC(=O)C=C(N)C(C=O)C=O,3,0.1081,
NC1=CC(=O)O/C1=C/C=O,C=C(N)C(=O)C(C=O)C(N)=O,3,0.1026,
NC1=CC(=O)O/C1=C/C=O,NC1=CC2=NC1(C(O)CO)O2,3,0.1364,
NC1=CC(=O)O/C1=C/C=O,NC1(N)CC(=O)C(=O)CC1=O,3,0.1081,
NC1=CC(=O)O/C1=C/C=O,NC12OC(O)C=C1N=CC2O,3,0.0889,
NC1=CC(=O)O/C1=C/C=O,CC(=O)C(N)=CC(O)(O)C#N,3,0.0698,
NC1=CC(=O)O/C1=C/C=O,NC1=C2OC2O/C1=C/C(N)O,3,0.1429,
NC1=CC(=O)O/C1=C/C=O,NC1(N)CC(=O)OC=CC1=O,3,0.15,
NC1=CC(=O)O/C1=C/C=O,NC1=C(CC=O)C(=O)OC1N,2,0.2,
NC1=CC(=O)O/C1=C/C=O,NC1(C(=O)CC=O)CC(O)=N1,3,0.1136,
NC1=CC(=O)O/C1=C/C=O,NC1=CC2OC1=C(C(N)O)O2,3,0.1429,
NC1=CC(=O)O/C1=C/C=O,NC1C(=O)CC(=O)C(=O)C1N,3,0.1081,
NC1=CC(=O)O/C1=C/C=O,NC1C(=O)C(C=O)C(=O)C1N,3,0.1818,
NC1=CC(=O)O/C1=C/C=O,NC1(C(O)CO)OC2=NC1=C2,3,0.1111,
NC1=CC(=O)O/C1=C/C=O,N#CCC(N)(O)C(=O)CC=O,3,0.0909,
NC1=CC(=O)O/C1=C/C=O,C=C(N)C(=O)CC(=O)C(N)=O,3,0.0526,
NC1=CC(=O)O/C1=C/C=O,NC1=CC(O)O/C1=C/C=NO,3,0.2195,
NC1=CC(=O)O/C1=C/C=O,NC(=CC=NO)C(=O)CC=O,3,0.093,
NC1=CC(=O)O/C1=C/C=O,N#CC=C(N)C(=O)C(O)CO,3,0.0667,
NC1=CC(=O)O/C1=C/C=O,NC1=CC(O)OC12N=CC2O,3,0.1136,
NC1=CC(=O)O/C1=C/C=O,NC/C(O)=C1/OC(=O)C=C1N,2,0.3824,
NC1=CC(=O)O/C1=C/C=O,NC(=CC(=O)O)C(N)C=C=O,3,0.0698,
NC1=CC(=O)O/C1=C/C=O,NC1C(O)=NC1C(=O)CC=O,3,0.1136,
NC1=CC(=O)O/C1=C/C=O,CC1=C(N)C(N)(C=O)OC1=O,3,0.2051,
NC1=CC(=O)O/C1=C/C=O,NC(=O)CC1OC(=O)C=C1N,3,0.2632,
NC1=CC(=O)O/C1=C/C=O,N#CC=C(N)C(O)C(O)C=O,3,0.0952,
NC1=CC(=O)O/C1=C/C=O,NC1(N)CC(=O)OC1=CC=O,3,0.3056,
NC1=CC(=O)O/C1=C/C=O,NC1C(=O)C1(N)C(=O)CC=O,3,0.1463,
NC1=CC(=O)O/C1=C/C=O,NC(C(=O)CC=O)C1N=C1O,3,0.1136,
NC1=CC(=O)O/C1=C/C=O,NC1(C(O)CO)OC2=CC1=N2,3,0.1111,
NC1=CC(=O)O/C1=C/C=O,C=C1OC(=O)C(C(N)O)=C1N,3,0.175,
NC1=CC(=O)O/C1=C/C=O,NC(=O)C(CC=O)=C(N)C=O,3,0.1026,
NC1=CC(=O)O/C1=C/C=O,NC=CC(=O)C(N)=CC(=O)O,3,0.075,
NC1=CC(=O)O/C1=C/C=O,NC(=CC=O)C(N)=CC(=O)O,3,0.1351,
NC1=CC(=O)O/C1=C/C=O,N#CC(O)C(N)C(=O)CC=O,3,0.0909,
NC1=CC(=O)O/C1=C/C=O,NC1=CC(=O)O/C1=C/C(N)O,2,0.5312,
NC1=CC(=O)O/C1=C/C=O,NCC1=C(N)/C(=C/O)OC1=O,3,0.2308,
NC1=CC(=O)O/C1=C/C=O,NC1C(CC=O)=NC1C(=O)O,3,0.1429,
NC1=CC(=O)O/C1=C/C=O,NC=C(C(N)=O)C(=O)CC=O,3,0.1,
NC1=CC(=O)O/C1=C/C=O,NC(=C=O)C(N)C(=O)CC=O,3,0.093,
NC1=CC(=O)O/C1=C/C=O,CC(=O)C(N)=C(C=O)C(N)=O,3,0.1053,
NC1=CC(=O)O/C1=C/C=O,NC(=CC(N)O)C(=O)C=C=O,3,0.0714,
NC1=CC(=O)O/C1=C/C=O,NC(C(=O)O)C1N=CCC1=O,3,0.1111,
NC1=CC(=O)O/C1=C/C=O,NCC1OC12OC(=O)C=C2N,2,0.2195,
NC1=CC(=O)O/C1=C/C=O,NC1=CC(O)OC12CC(O)=N2,3,0.1111,
NC1=CC(=O)O/C1=C/C=O,NC12CC(O)=NC1=CC(O)O2,3,0.0851,
NC1=CC(=O)O/C1=C/C=O,NC1C(=O)C=COC(=O)C1N,3,0.1579,
NC1=CC(=O)O/C1=C/C=O,NC1=CC(=O)OC1(N)CC=O,1,0.2895,
NC1=CC(=O)O/C1=C/C=O,CC(=O)C1(N)OC(=O)C=C1N,3,0.2308,
NC1=CC(=O)O/C1=C/C=O,CC(=O)C(=O)C(N)=CC(N)=O,3,0.0789,
NC1=CC(=O)O/C1=C/C=O,NC1(N)CC(=O)C(C=O)C1=O,3,0.1538,
NC1=CC(=O)O/C1=C/C=O,N#CC=C(N)C(O)CC(=O)O,3,0.0667,
NC1=CC(=O)O/C1=C/C=O,O=COCC1=[NH+]C1=CC(=O)O,3,0.0889,
NC1=CC(=O)O/C1=C/C=O,O=C(O)OC=C1[NH+]=CCC1=O,3,0.1111,
NC1=CC(=O)O/C1=C/C=O,O=CCC1=[NH+]C12OC2C(=O)O,3,0.1333,
NC1=CC(=O)O/C1=C/C=O,O=CC(O)C1=[NH+]C1=CC(=O)O,3,0.093,
NC1=CC(=O)O/C1=C/C=O,O=CCC1=[NH+]C1=C(O)C(=O)O,3,0.0952,
NC1=CC(=O)O/C1=C/C=O,O=CCC1=[NH+]C1=COC(=O)O,3,0.1136,
NC1=CC(=O)O/C1=C/C=O,O=C(O)C1OC12[NH+]=CCC2=O,3,0.1591,
NC1=CC(=O)O/C1=C/C=O,O=C(O)C(O)=C1[NH+]=CCC1=O,3,0.0952,
NC1=CC(=O)O/C1=C/C=O,O=C(O)C=C1[NH+]=C1CC(=O)O,3,0.0714,
NC1=CC(=O)O/C1=C/C=O,O=C/C(Cl)=c1/oc2cc1n2,3,0.1429,
NC1=CC(=O)O/C1=C/C=O,O=C1C=C2N=CC(Cl)=C2O1,3,0.2368,
NC1=CC(=O)O/C1=C/C=O,O=C1C=C2N=C(Cl)C=C2O1,3,0.2432,
NC1=CC(=O)O/C1=C/C=O,O=C(Cl)/C=c1/oc2cc1n2,3,0.1163,
NC1=CC(=O)O/C1=C/C=O,CC1(CC=O)OC(=O)C=C1N,3,0.2821,
NC1=CC(=O)O/C1=C/C=O,CC(=O)NC1=CC(=O)OC1C,3,0.1667,
NC1=CC(=O)O/C1=C/C=O,C=C1OC(=O)C(COC)=C1N,3,0.1667,
NC1=CC(=O)O/C1=C/C=O,NC1=CC(=O)OC1CCC=O,3,0.2895,
NC1=CC(=O)O/C1=C/C=O,CC(C=O)C1OC(=O)C=C1N,2,0.2821,
NC1=CC(=O)O/C1=C/C=O,C=C1OC(=O)C=C1NC(C)O,3,0.2195,
NC1=CC(=O)O/C1=C/C=O,C=C1OC(OC(C)=O)C=C1N,3,0.1591,
NC1=CC(=O)O/C1=C/C=O,C/C(C=O)=C1\OC(O)C=C1N,3,0.25,
NC1=CC(=O)O/C1=C/C=O,COCC=C1OC(=O)C=C1N,3,0.5,
NC1=CC(=O)O/C1=C/C=O,CCC1(C=O)OC(=O)C=C1N,3,0.3158,
NC1=CC(=O)O/C1=C/C=O,C=C1OC(O)C=C1NC(C)=O,3,0.087,
NC1=CC(=O)O/C1=C/C=O,CC1=C(N)C(CC=O)OC1=O,3,0.1951,
NC1=CC(=O)O/C1=C/C=O,COC/C=C1/OC(=O)C=C1N,2,0.5,
NC1=CC(=O)O/C1=C/C=O,CC(=O)/C=C1/OC(O)C=C1N,3,0.2195,
NC1=CC(=O)O/C1=C/C=O,NC1=CC(=O)OC1=CCCO,3,0.5152,
NC1=CC(=O)O/C1=C/C=O,NC(=CCC=O)C(=O)CC=O,3,0.1282,
NC1=CC(=O)O/C1=C/C=O,C=C(N)C(=O)CC(=O)CC=O,3,0.0976,
NC1=CC(=O)O/C1=C/C=O,CC(CO)=C1OC(=O)C=C1N,3,0.3824,
NC1=CC(=O)O/C1=C/C=O,CCC1OC(=O)C(C=O)=C1N,3,0.225,
NC1=CC(=O)O/C1=C/C=O,C=C(NC(C)=O)C(=O)CC=O,3,0.0698,
NC1=CC(=O)O/C1=C/C=O,COC(C)=C1OC(=O)C=C1N,3,0.3714,
NC1=CC(=O)O/C1=C/C=O,CC/C(O)=C1/OC(=O)C=C1N,3,0.3714,
NC1=CC(=O)O/C1=C/C=O,C/C(CO)=C1\OC(=O)C=C1N,2,0.3824,
NC1=CC(=O)O/C1=C/C=O,COC1C=C(N)/C(=C\C=O)O1,3,0.3784,
NC1=CC(=O)O/C1=C/C=O,CC(=O)C=C(N)C(=O)CC=O,3,0.0976,
NC1=CC(=O)O/C1=C/C=O,CNC(=CC=O)C(=O)CC=O,3,0.0952,
NC1=CC(=O)O/C1=C/C=O,CC(=O)C1(C)OC(=O)C=C1N,3,0.2308,
NC1=CC(=O)O/C1=C/C=O,CC=C1OC(=O)C(CO)=C1N,3,0.225,
NC1=CC(=O)O/C1=C/C=O,CC(=O)CC1=C(N)COC1=O,3,0.1395,
NC1=CC(=O)O/C1=C/C=O,CC1=C(N)/C(=C\CO)OC1=O,3,0.225,
NC1=CC(=O)O/C1=C/C=O,CC(C=O)C(=O)C(N)=CC=O,3,0.125,
NC1=CC(=O)O/C1=C/C=O,CC(=O)CC1OC(=O)C=C1N,2,0.25,
NC1=CC(=O)O/C1=C/C=O,NC1=CC(=O)O/C1=C/CCO,3,0.5152,
NC1=CC(=O)O/C1=C/C=O,CO/C(C)=C1\OC(=O)C=C1N,3,0.3714,
NC1=CC(=O)O/C1=C/C=O,CC1=C(N)/C(=C(\C)O)OC1=O,3,0.2105,
NC1=CC(=O)O/C1=C/C=O,CC(=O)CC(=O)C(N)=CC=O,3,0.125,
NC1=CC(=O)O/C1=C/C=O,CC(O)/C=C1/OC(=O)C=C1N,2,0.5152,
NC1=CC(=O)O/C1=C/C=O,C=C(N)C(=O)C(C=O)CC=O,3,0.0952,
NC1=CC(=O)O/C1=C/C=O,C=C1OC(=O)C(C(C)O)=C1N,3,0.175,
NC1=CC(=O)O/C1=C/C=O,CCOC=C1OC(=O)C=C1N,3,0.5,
NC1=CC(=O)O/C1=C/C=O,CC(C=O)C1=C(N)COC1=O,3,0.2,
NC1=CC(=O)O/C1=C/C=O,CC(=O)C1=C(N)C(C)OC1=O,3,0.1463,
NC1=CC(=O)O/C1=C/C=O,CC(C=O)=C(N)C(=O)CC=O,3,0.1,
NC1=CC(=O)O/C1=C/C=O,C/C=C1/OC(=O)C(CO)=C1N,3,0.225,
NC1=CC(=O)O/C1=C/C=O,Nc1cc(C(=O)O)oc1C=O,3,0.2,
NC1=CC(=O)O/C1=C/C=O,NC1=CC(=O)OC1C(O)=C=O,3,0.225,
NC1=CC(=O)O/C1=C/C=O,O=CC(O)C1=NC1=CC(=O)O,3,0.093,
NC1=CC(=O)O/C1=C/C=O,Nc1c2oc(C=O)c1OC2O,3,0.1667,
NC1=CC(=O)O/C1=C/C=O,O=CCOC(=O)C1=CC(O)=N1,3,0.1395,
NC1=CC(=O)O/C1=C/C=O,NC1=C(C=C=O)C(=O)OC1O,3,0.1667,
NC1=CC(=O)O/C1=C/C=O,Nc1c2oc(CO)c1OC2=O,2,0.1707,
NC1=CC(=O)O/C1=C/C=O,NC1=CC(=O)OC1C(=O)C=O,3,0.2895,
NC1=CC(=O)O/C1=C/C=O,NC(=C=O)C(=O)C(C=O)C=O,3,0.1026,
NC1=CC(=O)O/C1=C/C=O,O=COCC1(O)OC2=NC1=C2,3,0.1556,
NC1=CC(=O)O/C1=C/C=O,NC1=CC(=O)OC(=CO)C1=O,3,0.5161,
NC1=CC(=O)O/C1=C/C=O,NC1=C2OC1(CC=O)OC2=O,3,0.2,
NC1=CC(=O)O/C1=C/C=O,O=C(O)C=C1N=C(O)CC1=O,3,0.093,
NC1=CC(=O)O/C1=C/C=O,NC1=C2OC2O/C1=C(\O)C=O,3,0.2,
NC1=CC(=O)O/C1=C/C=O,NC1=CC(=O)OC12OC2C=O,1,0.2821,
NC1=CC(=O)O/C1=C/C=O,NC(C(O)=CC=O)=C1OC1=O,3,0.2778,
NC1=CC(=O)O/C1=C/C=O,NC(C(=O)C=C=O)=C1OC1O,3,0.1429,
NC1=CC(=O)O/C1=C/C=O,NC1=CC(=O)O/C1=C1\OC1O,2,0.3714,
NC1=CC(=O)O/C1=C/C=O,O=COCC(=O)C1=CC(O)=N1,3,0.1395,
NC1=CC(=O)O/C1=C/C=O,O=CCC1=NC1=C(O)C(=O)O,3,0.0952,
NC1=CC(=O)O/C1=C/C=O,O=C(O)OC=C1N=CCC1=O,3,0.1111,
NC1=CC(=O)O/C1=C/C=O,O=C(O)C=C1N=C1CC(=O)O,3,0.0714,
NC1=CC(=O)O/C1=C/C=O,O=CCC1=NC1=COC(=O)O,3,0.0889,
NC1=CC(=O)O/C1=C/C=O,O=CCC1=NC12OC2C(=O)O,3,0.1333,
NC1=CC(=O)O/C1=C/C=O,NC1=C2C(=O)OC1=COC2O,3,0.1951,
NC1=CC(=O)O/C1=C/C=O,NC(C(=O)CC=O)=C1OC1=O,3,0.2368,
NC1=CC(=O)O/C1=C/C=O,OCC1(O)OC12OC1=CC2=N1,3,0.0909,
NC1=CC(=O)O/C1=C/C=O,NC(=CC(=O)O)C(=C=O)C=O,3,0.0976,
NC1=CC(=O)O/C1=C/C=O,NC1=C2OC(O)C=C1OC2=O,2,0.1951,
NC1=CC(=O)O/C1=C/C=O,O=CC(O)C1(O)OC2=CC1=N2,3,0.1628,
NC1=CC(=O)O/C1=C/C=O,NC1=CC2(O)OC(C=O)=C1O2,3,0.225,
NC1=CC(=O)O/C1=C/C=O,NC1=CC(=C(O)C=O)OC1=O,3,0.3333,
NC1=CC(=O)O/C1=C/C=O,O=CC(O)C(=O)C1=CC(O)=N1,3,0.175,
NC1=CC(=O)O/C1=C/C=O,NC1=CC(O)OC(=C=O)C1=O,3,0.2,
NC1=CC(=O)O/C1=C/C=O,NC(=C1OC1=O)C(O)C=C=O,3,0.2308,
NC1=CC(=O)O/C1=C/C=O,NC1=CC2OC(C(=O)O)=C1O2,3,0.1707,
NC1=CC(=O)O/C1=C/C=O,NC1=CC(=O)OC12OC2=CO,3,0.2564,
NC1=CC(=O)O/C1=C/C=O,NC(C(=O)C=CO)=C1OC1=O,3,0.2105,
NC1=CC(=O)O/C1=C/C=O,O=CCC(=O)OC1=CC(O)=N1,3,0.1395,
NC1=CC(=O)O/C1=C/C=O,O=CC(O)C1(O)OC2=NC1=C2,3,0.1628,
NC1=CC(=O)O/C1=C/C=O,NC1=CC(=O)OC(C=O)C1=O,3,0.3824,
NC1=CC(=O)O/C1=C/C=O,NC1=CC(=O)O/C1=C/C(=O)O,1,0.5484,
NC1=CC(=O)O/C1=C/C=O,NC1=C(C=O)C(=O)O/C1=C\O,2,0.2703,
NC1=CC(=O)O/C1=C/C=O,NC1=CC(=O)OC1=C(O)C=O,3,0.4688,
NC1=CC(=O)O/C1=C/C=O,O=C(O)C=C1N=CC(O)C1=O,3,0.1163,
NC1=CC(=O)O/C1=C/C=O,NC(C=O)=C1C=C(O)C(=O)O1,3,0.2632,
NC1=CC(=O)O/C1=C/C=O,O=C1C=C2N=CC(O)C2(O)O1,3,0.1628,
NC1=CC(=O)O/C1=C/C=O,O=COCC1(O)OC2=CC1=N2,3,0.1556,
NC1=CC(=O)O/C1=C/C=O,NC1=CC(=O)OC1(O)C=C=O,2,0.25,
NC1=CC(=O)O/C1=C/C=O,C=C(N)C(=O)C(=C=O)C(=O)O,3,0.0488,
NC1=CC(=O)O/C1=C/C=O,NC1=C2OC2O/C1=C/C(=O)O,3,0.1707,
NC1=CC(=O)O/C1=C/C=O,CC(=O)NC1=CC(=O)OC1=O,3,0.2368,
NC1=CC(=O)O/C1=C/C=O,O=COCC1=NC1=CC(=O)O,3,0.0909,
NC1=CC(=O)O/C1=C/C=O,O=C(O)CC(=O)C1=CC(O)=N1,3,0.0976,
NC1=CC(=O)O/C1=C/C=O,NC1=CC(=O)O/C1=C(\O)C=O,1,0.4688,
NC1=CC(=O)O/C1=C/C=O,O=C(O)C(O)=C1N=CCC1=O,3,0.0952,
NC1=CC(=O)O/C1=C/C=O,NC(=CC(=O)O)C(=O)C=C=O,2,0.0732,
NC1=CC(=O)O/C1=C/C=O,NC1=CC(=O)OC(=C=O)C1O,3,0.2895,
NC1=CC(=O)O/C1=C/C=O,C=C1OC(=O)C=C1NC(=O)O,3,0.2308,
NC1=CC(=O)O/C1=C/C=O,O=C(O)CC1(O)OC2=NC1=C2,3,0.1136,
NC1=CC(=O)O/C1=C/C=O,NC(C=O)=C(C=C=O)C(=O)O,3,0.0976,
NC1=CC(=O)O/C1=C/C=O,NC1=C2OC1(C=CO)OC2=O,3,0.1707,
NC1=CC(=O)O/C1=C/C=O,O=C(O)C1OC12N=CCC2=O,3,0.1333,
NC1=CC(=O)O/C1=C/C=O,C=C1OC(=O)C(C(=O)O)=C1N,2,0.1795,
NC1=CC(=O)O/C1=C/C=O,O=C(O)CC1(O)OC2=CC1=N2,3,0.1136,
NC1=CC(=O)O/C1=C/C=O,O/C(=c1\oc2cc1n2)C(O)O,3,0.0698,
NC1=CC(=O)O/C1=C/C=O,NC1=CC(=O)OC1=COC=O,1,0.5806,
NC1=CC(=O)O/C1=C/C=O,NC=C(C(=O)O)C(=O)C=C=O,3,0.0732,
NC1=CC(=O)O/C1=C/C=O,NC(=C=O)C(=O)CC(=O)C=O,3,0.0976,
NC1=CC(=O)O/C1=C/C=O,NC1=CC(=O)OC1=CC(=O)O,3,0.5484,
NC1=CC(=O)O/C1=C/C=O,CC=C1OC(=O)C(CN)=C1N,3,0.2308,
NC1=CC(=O)O/C1=C/C=O,CNCC=C1OC(=O)C=C1N,3,0.5,
NC1=CC(=O)O/C1=C/C=O,NCCC=C1OC(=O)C=C1N,3,0.5312,
NC1=CC(=O)O/C1=C/C=O,C/C(CN)=C1\OC(=O)C=C1N,2,0.3824,
NC1=CC(=O)O/C1=C/C=O,C=C(N)C(=O)CC(=O)C(=C)N,3,0.0571,
NC1=CC(=O)O/C1=C/C=O,C=C(N)C(=O)C(C=O)C(=C)N,3,0.1026,
NC1=CC(=O)O/C1=C/C=O,C=C1OC(=O)C(C(C)N)=C1N,3,0.175,
NC1=CC(=O)O/C1=C/C=O,CC(N)/C=C1/OC(=O)C=C1N,2,0.5484,
NC1=CC(=O)O/C1=C/C=O,C=C1OC(=O)C(CNC)=C1N,3,0.1667,
NC1=CC(=O)O/C1=C/C=O,CC1=C(N)/C(=C\CN)OC1=O,3,0.2308,
NC1=CC(=O)O/C1=C/C=O,C=C(N)C=C(N)C(=O)CC=O,3,0.0976,
NC1=CC(=O)O/C1=C/C=O,C=C1OC(=O)C=C1NC(C)N,3,0.25,
NC1=CC(=O)O/C1=C/C=O,CNC/C=C1/OC(=O)C=C1N,2,0.5,
NC1=CC(=O)O/C1=C/C=O,COC(=O)C=C1[NH+]=C1CC=O,3,0.087,
NC1=CC(=O)O/C1=C/C=O,CC(C(=O)O)=C1[NH+]=C1CC=O,3,0.0909,
NC1=CC(=O)O/C1=C/C=O,CC(=O)CC1=[NH+]C1=CC(=O)O,3,0.0682,
NC1=CC(=O)O/C1=C/C=O,CC1=C(C(=O)CC=O)[NH+]=C1O,3,0.0909,
NC1=CC(=O)O/C1=C/C=O,CC(C=O)C1=[NH+]C1=CC(=O)O,3,0.0909,
NC1=CC(=O)O/C1=C/C=O,CC1C=[NH+]C(=CC(=O)O)C1=O,3,0.1136,
NC1=CC(=O)O/C1=C/C=O,C[N+]1=CCC(=O)C1=CC(=O)O,3,0.1136,
NC1=CC(=O)O/C1=C/C=O,CC1=[NH+]C(=CC(=O)O)C(=O)C1,3,0.0909,
NC1=CC(=O)O/C1=C/C=O,COC(=O)C=C1[NH+]=CCC1=O,3,0.1087,
NC1=CC(=O)O/C1=C/C=O,CC(C(=O)O)=C1[NH+]=CCC1=O,3,0.0909,
NC1=CC(=O)O/C1=C/C=O,C[N+]1=C(CC=O)C1=CC(=O)O,3,0.0909,
NC1=CC(=O)O/C1=C/C=O,N#CC(O)(CC=O)C(N)=C=O,3,0.0909,
NC1=CC(=O)O/C1=C/C=O,NC1=CC2=NC1(C(O)C=O)O2,3,0.2143,
NC1=CC(=O)O/C1=C/C=O,NC(=O)/C=C1/OC(=O)C=C1N,2,0.5484,
NC1=CC(=O)O/C1=C/C=O,N#C/C(O)=C1/OC(O)C=C1N,3,0.1667,
NC1=CC(=O)O/C1=C/C=O,NC1=CC(=O)OC1(N)C=C=O,2,0.2564,
NC1=CC(=O)O/C1=C/C=O,N#CCC1(O)OC(=O)C=C1N,3,0.2143,
NC1=CC(=O)O/C1=C/C=O,N#CC(O)CC(=O)C(N)=C=O,3,0.0444,
NC1=CC(=O)O/C1=C/C=O,N#CC1OC12OC(O)C=C2N,3,0.1111,
NC1=CC(=O)O/C1=C/C=O,NC12CC(O)=NC1=CC(=O)O2,3,0.186,
NC1=CC(=O)O/C1=C/C=O,NC1=C(C=C=O)C(=O)OC1N,3,0.1707,
NC1=CC(=O)O/C1=C/C=O,NC(=O)C=C(N)C(=O)C=C=O,3,0.075,
NC1=CC(=O)O/C1=C/C=O,NC12OC(=O)C=C1N=CC2O,3,0.186,
NC1=CC(=O)O/C1=C/C=O,N#CCC(=O)C(N)=CC(=O)O,3,0.0698,
NC1=CC(=O)O/C1=C/C=O,N#CC=C(N)C(=O)OCC=O,3,0.0889,
NC1=CC(=O)O/C1=C/C=O,N#CC=C(N)C(=O)C(O)C=O,3,0.119,
NC1=CC(=O)O/C1=C/C=O,N#CC=C(N)C(=O)CC(=O)O,3,0.0698,
NC1=CC(=O)O/C1=C/C=O,NC1(CC(=O)O)OC2=NC1=C2,3,0.1364,
NC1=CC(=O)O/C1=C/C=O,NC1=CC(=O)O/C1=C/C=NO,3,0.6129,
NC1=CC(=O)O/C1=C/C=O,N#CC=C(N)OC(=O)CC=O,3,0.0889,
NC1=CC(=O)O/C1=C/C=O,NC12COC=NC1=CC(=O)O2,3,0.186,
NC1=CC(=O)O/C1=C/C=O,N#CC(O)=C(N)C(=O)CC=O,3,0.093,
NC1=CC(=O)O/C1=C/C=O,N#CC1OC1(N)C(=O)CC=O,3,0.1087,
NC1=CC(=O)O/C1=C/C=O,NC1(CC(=O)O)OC2=CC1=N2,3,0.1364,
NC1=CC(=O)O/C1=C/C=O,NC1=CC(=O)OC12N=CC2O,3,0.2143,
NC1=CC(=O)O/C1=C/C=O,C=C1OC(=O)C(C(N)=O)=C1N,3,0.1795,
NC1=CC(=O)O/C1=C/C=O,NC1=CC2=NC1(COC=O)O2,3,0.2093,
NC1=CC(=O)O/C1=C/C=O,NC1=CC2=NC1(CC(=O)O)O2,3,0.1628,
NC1=CC(=O)O/C1=C/C=O,N#CC=C(N)C(=O)COC=O,3,0.0889,
NC1=CC(=O)O/C1=C/C=O,NC1(COC=O)OC2=NC1=C2,3,0.1818,
NC1=CC(=O)O/C1=C/C=O,NC1(COC=O)OC2=CC1=N2,3,0.1818,
NC1=CC(=O)O/C1=C/C=O,NC1(C(O)C=O)OC2=NC1=C2,3,0.186,
NC1=CC(=O)O/C1=C/C=O,NC1(C(O)C=O)OC2=CC1=N2,3,0.186,
NC1=CC(=O)O/C1=C/C=O,NC1=CC(=O)OC12COC=N2,3,0.2143,
NC1=CC(=O)O/C1=C/C=O,NC1=CC(=O)OC12CC(O)=N2,3,0.2195,
NC1=CC(=O)O/C1=C/C=O,CC(=O)CC1=NC1=CC(=O)O,3,0.0682,
NC1=CC(=O)O/C1=C/C=O,C/C=C1/OC(=O)C(C=O)=C1N,3,0.2703,
NC1=CC(=O)O/C1=C/C=O,COC1(CC=O)OC2=CC1=N2,3,0.1556,
NC1=CC(=O)O/C1=C/C=O,C/C=C1\OC(=O)C=C1NC=O,3,0.3611,
NC1=CC(=O)O/C1=C/C=O,CC(C=O)C1(O)OC2=NC1=C2,3,0.1591,
NC1=CC(=O)O/C1=C/C=O,NC(C(=O)CC=O)=C1CC1=O,3,0.1463,
NC1=CC(=O)O/C1=C/C=O,COC1C=C2N=CC(O)=C2O1,3,0.0625,
NC1=CC(=O)O/C1=C/C=O,CC1=C(N)C(=O)CC(=O)C1=O,3,0.1667,
NC1=CC(=O)O/C1=C/C=O,NC1=CC(=O)O/C1=C/CC=O,3,0.6,
NC1=CC(=O)O/C1=C/C=O,COC1C=C2N=C(O)C=C2O1,3,0.1087,
NC1=CC(=O)O/C1=C/C=O,CC(=O)CC1(O)OC2=NC1=C2,3,0.1111,
NC1=CC(=O)O/C1=C/C=O,CC(C=O)C1=NC1=CC(=O)O,3,0.0909,
NC1=CC(=O)O/C1=C/C=O,C=C(C=O)C1OC(=O)C=C1N,3,0.2821,
NC1=CC(=O)O/C1=C/C=O,CC(=O)CC1(O)OC2=CC1=N2,3,0.1111,
NC1=CC(=O)O/C1=C/C=O,NC1=CC(O)O/C1=C1\CC1=O,3,0.1951,
NC1=CC(=O)O/C1=C/C=O,CC(C=O)=C1OC(=O)C=C1N,3,0.4545,
NC1=CC(=O)O/C1=C/C=O,CC(C=O)C(=O)C1=CC(O)=N1,3,0.1429,
NC1=CC(=O)O/C1=C/C=O,CC(=O)C=C1OC(=O)C=C1N,3,0.5312,
NC1=CC(=O)O/C1=C/C=O,CC(C=O)C1(O)OC2=CC1=N2,3,0.1591,
NC1=CC(=O)O/C1=C/C=O,COC1=NC2=CC(O)OC2=C1,3,0.0851,
NC1=CC(=O)O/C1=C/C=O,Cc1coc(=O)cc(N)c1=O,3,0.1842,
NC1=CC(=O)O/C1=C/C=O,CNc1cc(=O)occc1=O,3,0.119,
NC1=CC(=O)O/C1=C/C=O,OCC1=NC2=CC(O)OC2=C1,3,0.0889,
NC1=CC(=O)O/C1=C/C=O,CC(=C=O)C1OC(=O)C=C1N,3,0.2195,
NC1=CC(=O)O/C1=C/C=O,C/C=C1\OC(=O)C(C=O)=C1N,3,0.2703,
NC1=CC(=O)O/C1=C/C=O,NC1=CC(=O)OC1=CCC=O,2,0.6,
NC1=CC(=O)O/C1=C/C=O,C=C1OC(=O)C(C(C)=O)=C1N,2,0.175,
NC1=CC(=O)O/C1=C/C=O,Cc1cc(=O)c(N)cc(=O)o1,3,0.1892,
NC1=CC(=O)O/C1=C/C=O,CC1=C2OC(O)C=C2N=C1O,3,0.0667,
NC1=CC(=O)O/C1=C/C=O,Cc1c(N)c(=O)ccoc1=O,3,0.1795,
NC1=CC(=O)O/C1=C/C=O,CC1=NC2=CC(=O)OC2(O)C1,3,0.186,
NC1=CC(=O)O/C1=C/C=O,CC(O)/C(O)=c1/oc2cc1n2,3,0.0667,
NC1=CC(=O)O/C1=C/C=O,CC1=NC2=CC(O)OC2=C1O,3,0.0667,
NC1=CC(=O)O/C1=C/C=O,CC1=C(N)C(=CC=O)OC1=O,3,0.4242,
NC1=CC(=O)O/C1=C/C=O,CC1C=NC2=CC(=O)OC21O,3,0.1591,
NC1=CC(=O)O/C1=C/C=O,COC1(CC=O)OC2=NC1=C2,3,0.1556,
NC1=CC(=O)O/C1=C/C=O,NC1=CC(=O)O/C1=C\CC=O,3,0.6,
NC1=CC(=O)O/C1=C/C=O,C=C1CC(=O)C(N)=CC(=O)O1,3,0.3824,
NC1=CC(=O)O/C1=C/C=O,Nc1cc(C(=O)O)ccc1O,3,0.125,
NC1=CC(=O)O/C1=C/C=O,Nc1cc(O)ccc1C(=O)O,3,0.125,
NC1=CC(=O)O/C1=C/C=O,CC1=NC(=CC(=O)O)C(=O)C1,3,0.0909,
NC1=CC(=O)O/C1=C/C=O,CC1C=NC(=CC(=O)O)C1=O,3,0.1136,
NC1=CC(=O)O/C1=C/C=O,COC(=O)C=C1N=C1CC=O,3,0.087,
NC1=CC(=O)O/C1=C/C=O,OC/C=c1/oc2nc1c2CO,3,0.0667,
NC1=CC(=O)O/C1=C/C=O,COC1=NC(C(=O)CC=O)=C1,3,0.1364,
NC1=CC(=O)O/C1=C/C=O,COC1=C2OC(O)C=C2N=C1,3,0.0625,
NC1=CC(=O)O/C1=C/C=O,CC=C1OC(=O)C(C=O)=C1N,2,0.2703,
NC1=CC(=O)O/C1=C/C=O,CC(=O)CC(=O)C1=CC(O)=N1,3,0.0952,
NC1=CC(=O)O/C1=C/C=O,CO/C(CO)=c1\oc2cc1n2,3,0.087,
NC1=CC(=O)O/C1=C/C=O,COC12CC=NC1=CC(=O)O2,3,0.1556,
NC1=CC(=O)O/C1=C/C=O,CC1=C(C(=O)CC=O)N=C1O,3,0.0909,
NC1=CC(=O)O/C1=C/C=O,COC/C(O)=c1/oc2cc1n2,3,0.0638,
NC1=CC(=O)O/C1=C/C=O,CC(C(=O)O)=C1N=CCC1=O,3,0.0909,
NC1=CC(=O)O/C1=C/C=O,COC(=O)C=C1N=CCC1=O,3,0.1087,
NC1=CC(=O)O/C1=C/C=O,C/C(C=O)=C1\OC(=O)C=C1N,1,0.4545,
NC1=CC(=O)O/C1=C/C=O,OCC(O)/C=c1/oc2cc1n2,3,0.087,
NC1=CC(=O)O/C1=C/C=O,OCC1=C2OC(O)C=C2N=C1,3,0.0889,
NC1=CC(=O)O/C1=C/C=O,CC(C(=O)O)=C1N=C1CC=O,3,0.0909,
NC1=CC(=O)O/C1=C/C=O,CNC1=CC(=O)OC1=CC=O,3,0.5312,
NC1=CC(=O)O/C1=C/C=O,CC(=O)/C=C1/OC(=O)C=C1N,1,0.5312,
NC1=CC(=O)O/C1=C/C=O,C=C1OC(=O)C(C)=C1NC=O,3,0.1707,
NC1=CC(=O)O/C1=C/C=O,CC=C1OC(=O)C=C1NC=O,3,0.3611,
NC1=CC(=O)O/C1=C/C=O,CC1=C(N)C(=O)C(C=O)C1=O,3,0.1892,
NC1=CC(=O)O/C1=C/C=O,C=C1OC(=O)C=C1NC(C)=O,2,0.225,
NC1=CC(=O)O/C1=C/C=O,CNC1=CC(=O)O/C1=C/C=O,3,0.5312,
NC1=CC(=O)O/C1=C/C=O,OCC(CO)=c1oc2cc1n2,3,0.0714,
NC1=CC(=O)O/C1=C/C=O,C=C1OC(=O)C(CC=O)=C1N,3,0.2368,
NC1=CC(=O)O/C1=C/C=O,CC1=C(N)/C(=C\C=O)OC1=O,2,0.4242,
NC1=CC(=O)O/C1=C/C=O,O=CC1(O)OC12OC1=CC2=N1,3,0.1628,
NC1=CC(=O)O/C1=C/C=O,O=CO/C(O)=c1/oc2cc1n2,3,0.1364,
NC1=CC(=O)O/C1=C/C=O,O=C(O)/C(O)=c1/oc2cc1n2,3,0.0952,
NC1=CC(=O)O/C1=C/C=O,Nc1c2oc(C=O)c1OC2=O,3,0.2368,
NC1=CC(=O)O/C1=C/C=O,O=C(O)OC=c1oc2cc1n2,3,0.1111,
NC1=CC(=O)O/C1=C/C=O,O=C(O)C1OC12OC1=CC2=N1,3,0.1364,
NC1=CC(=O)O/C1=C/C=O,CC(C=O)C12N=C(C=C1N)O2,3,0.2143,
NC1=CC(=O)O/C1=C/C=O,CC1=NC2(C1)OC(=O)C=C2N,3,0.2195,
NC1=CC(=O)O/C1=C/C=O,CC(C=O)C1(N)OC2=NC1=C2,3,0.186,
NC1=CC(=O)O/C1=C/C=O,CC1C=NC12OC(=O)C=C2N,3,0.2195,
NC1=CC(=O)O/C1=C/C=O,CC(=O)CC(=O)C(N)=CC#N,3,0.0682,
NC1=CC(=O)O/C1=C/C=O,CC(=O)CC1(N)OC2=CC1=N2,3,0.1333,
NC1=CC(=O)O/C1=C/C=O,CNC(=CC#N)C(=O)CC=O,3,0.0652,
NC1=CC(=O)O/C1=C/C=O,CC1=NC2=CC(=O)OC2(N)C1,3,0.186,
NC1=CC(=O)O/C1=C/C=O,CC(C=O)C1(N)OC2=CC1=N2,3,0.186,
NC1=CC(=O)O/C1=C/C=O,CC(C#N)=C(N)C(=O)CC=O,3,0.0909,
NC1=CC(=O)O/C1=C/C=O,COC1C=C(N)/C(=C\C#N)O1,3,0.1818,
NC1=CC(=O)O/C1=C/C=O,CC(=O)CC1(N)OC2=NC1=C2,3,0.1333,
NC1=CC(=O)O/C1=C/C=O,NCc1c(O)c2cc(N)c1o2,3,0.1163,
NC1=CC(=O)O/C1=C/C=O,CC(C=O)C(=O)C(N)=CC#N,3,0.0909,
NC1=CC(=O)O/C1=C/C=O,N#CCCC1OC(=O)C=C1N,3,0.2143,
NC1=CC(=O)O/C1=C/C=O,C/C(C#N)=C1\OC(O)C=C1N,3,0.1628,
NC1=CC(=O)O/C1=C/C=O,CC(=O)CC12N=C(C=C1N)O2,3,0.1591,
NC1=CC(=O)O/C1=C/C=O,CC1C=NC2=CC(=O)OC21N,3,0.186,
NC1=CC(=O)O/C1=C/C=O,N#C/C(O)=C1/OC(=O)C=C1N,3,0.3714,
NC1=CC(=O)O/C1=C/C=O,N#CC1OC12OC(=O)C=C2N,3,0.2143,
NC1=CC(=O)O/C1=C/C=O,NC1=CC(=O)O/C1=C/C1C=[NH+]1,3,0.5152,
NC1=CC(=O)O/C1=C/C=O,NC1=CC(=O)OC1=C1C=[NH+]C1,3,0.3611,
NC1=CC(=O)O/C1=C/C=O,O=CC1C=NC2=CC(=O)OC21,3,0.225,
NC1=CC(=O)O/C1=C/C=O,CC(=O)OC=c1oc2cc1n2,3,0.1087,
NC1=CC(=O)O/C1=C/C=O,O=CC(O)/C=c1/oc2cc1n2,3,0.1364,
NC1=CC(=O)O/C1=C/C=O,O=CCC1OC(=O)C2=C1N=C2,3,0.1591,
NC1=CC(=O)O/C1=C/C=O,Nc1cc2oc1cc2C(=O)O,3,0.15,
NC1=CC(=O)O/C1=C/C=O,CO/C(C=O)=c1\oc2cc1n2,3,0.1333,
NC1=CC(=O)O/C1=C/C=O,CC12C=NC3=CC(=O)OC31O2,3,0.1628,
NC1=CC(=O)O/C1=C/C=O,CC1(C=O)OC12OC1=CC2=N1,3,0.1628,
NC1=CC(=O)O/C1=C/C=O,COC1=C2OC(=O)C=C2N=C1,3,0.2195,
NC1=CC(=O)O/C1=C/C=O,C/C(C(=O)O)=c1\oc2cc1n2,3,0.0909,
NC1=CC(=O)O/C1=C/C=O,NC1=CC(=O)O/C1=C1\CC1=O,3,0.3939,
NC1=CC(=O)O/C1=C/C=O,CC1=C2OC(=O)C=C2N=C1O,3,0.2308,
NC1=CC(=O)O/C1=C/C=O,O=C1C=NC2=CC(=O)OC2C1,3,0.1707,
NC1=CC(=O)O/C1=C/C=O,CC1(C=O)OC12OC1=NC2=C1,3,0.1628,
NC1=CC(=O)O/C1=C/C=O,O=CCC12C=NC1=CC(=O)O2,3,0.2143,
NC1=CC(=O)O/C1=C/C=O,O=CCC1(C=O)OC2=NC1=C2,3,0.1951,
NC1=CC(=O)O/C1=C/C=O,O=CC1C=C2OC(=O)C=C2N1,3,0.3158,
NC1=CC(=O)O/C1=C/C=O,O=CC(=O)CC1OC2=NC1=C2,3,0.1628,
NC1=CC(=O)O/C1=C/C=O,O=CC12CC=NC1=CC(=O)O2,3,0.2143,
NC1=CC(=O)O/C1=C/C=O,CC(=O)C1OC12OC1=NC2=C1,3,0.1087,
NC1=CC(=O)O/C1=C/C=O,CC1=NC2=CC(=O)OC2=C1O,3,0.2308,
NC1=CC(=O)O/C1=C/C=O,CC1=NC2=CC(=O)OC23OC13,3,0.1591,
NC1=CC(=O)O/C1=C/C=O,O=C1C=C2OC(=O)C=C2NC1,3,0.2368,
NC1=CC(=O)O/C1=C/C=O,O=C1O/C(=C/CO)C2=C1C=N2,3,0.186,
NC1=CC(=O)O/C1=C/C=O,O=C/C=c1/oc2nc1c2CO,3,0.1905,
NC1=CC(=O)O/C1=C/C=O,O=C1C=C2N=CC(O)C=C2O1,3,0.2195,
NC1=CC(=O)O/C1=C/C=O,CC(=O)C1OC12OC1=CC2=N1,3,0.1087,
NC1=CC(=O)O/C1=C/C=O,CC(=O)/C(O)=c1/oc2cc1n2,3,0.0909,
NC1=CC(=O)O/C1=C/C=O,Cc1ocnc2cc(=O)oc1-2,3,0.1136,
NC1=CC(=O)O/C1=C/C=O,NC1=CC(=O)OC1=CC=C=O,3,0.6333,
NC1=CC(=O)O/C1=C/C=O,O=C/C(CO)=c1/oc2cc1n2,3,0.1364,
NC1=CC(=O)O/C1=C/C=O,O=C1C=C2N=CC(CO)=C2O1,3,0.25,
NC1=CC(=O)O/C1=C/C=O,O=C1C=C2N=C(CO)C=C2O1,3,0.225,
NC1=CC(=O)O/C1=C/C=O,O=CC1=C2NCC=C2OC1=O,3,0.1905,
NC1=CC(=O)O/C1=C/C=O,CC1=C(N)C(=C=C=O)OC1=O,3,0.175,
NC1=CC(=O)O/C1=C/C=O,CC(OC=O)=c1oc2cc1n2,3,0.1333,
NC1=CC(=O)O/C1=C/C=O,Cc1nc2cc(=O)oc-2co1,3,0.1136,
NC1=CC(=O)O/C1=C/C=O,O=CC(C=O)C1OC2=NC1=C2,3,0.1795,
NC1=CC(=O)O/C1=C/C=O,NC1=CC(=O)OC1=C=CC=O,3,0.4848,
NC1=CC(=O)O/C1=C/C=O,O=CC1=C2OC(=O)C=C2NC1,3,0.2895,
NC1=CC(=O)O/C1=C/C=O,O=Cc1c2nc1/c(=C\CO)o2,3,0.1111,
NC1=CC(=O)O/C1=C/C=O,O=CC(CO)=c1oc2cc1n2,3,0.1364,
NC1=CC(=O)O/C1=C/C=O,O=CCC1OC2=NC1=C2C=O,3,0.1163,
NC1=CC(=O)O/C1=C/C=O,O=CC1=C2N=CCC2OC1=O,3,0.1591,
NC1=CC(=O)O/C1=C/C=O,O=C(/C=c1/oc2cc1n2)CO,3,0.1111,
NC1=CC(=O)O/C1=C/C=O,COC(=O)/C=c1/oc2cc1n2,3,0.1087,
NC1=CC(=O)O/C1=C/C=O,O=C1OC2=CC=NC2=C1CO,3,0.1364,
NC1=CC(=O)O/C1=C/C=O,COC1=NC2=CC(=O)OC2=C1,3,0.225,
NC1=CC(=O)O/C1=C/C=O,O=CC1=NC2=CC(=O)OC2C1,3,0.2143,
NC1=CC(=O)O/C1=C/C=O,Nc1c(C=O)c2oc1=CCN=2,3,0.186,
NC1=CC(=O)O/C1=C/C=O,NC1C=NC2=CC(=O)OC2=C1,3,0.25,
NC1=CC(=O)O/C1=C/C=O,Nc1cc2oc1=CC(C=O)N=2,3,0.186,
NC1=CC(=O)O/C1=C/C=O,NCC(C=O)=c1oc2cc1n2,3,0.1591,
NC1=CC(=O)O/C1=C/C=O,C/C=C1/OC(=O)C(C#N)=C1N,3,0.2564,
NC1=CC(=O)O/C1=C/C=O,N#CC/C=C1/OC(=O)C=C1N,2,0.5,
NC1=CC(=O)O/C1=C/C=O,NC1=C2C=NCC=C1OC2=O,3,0.1905,
NC1=CC(=O)O/C1=C/C=O,NC/C=c1/oc2nc1c2C=O,3,0.1364,
NC1=CC(=O)O/C1=C/C=O,NC1=CC(=O)O/C1=C/C1C=N1,3,0.5152,
NC1=CC(=O)O/C1=C/C=O,C/C(C#N)=C1\OC(=O)C=C1N,3,0.3611,
NC1=CC(=O)O/C1=C/C=O,Nc1cc2oc1=C(C=O)CN=2,3,0.186,
NC1=CC(=O)O/C1=C/C=O,NC1=CC(=O)OC1=C1C=NC1,3,0.3611,
NC1=CC(=O)O/C1=C/C=O,Nc1cc2oc1=CC(=O)CN=2,3,0.1905,
NC1=CC(=O)O/C1=C/C=O,NCC1=NC2=CC(=O)OC2=C1,3,0.2564,
NC1=CC(=O)O/C1=C/C=O,NC(C=O)/C=c1/oc2cc1n2,3,0.1628,
NC1=CC(=O)O/C1=C/C=O,N#CC(O)CC1OC2=NC1=C2,3,0.0833,
NC1=CC(=O)O/C1=C/C=O,NC/C=C1/OC(=O)C2=C1N=C2,3,0.2143,
NC1=CC(=O)O/C1=C/C=O,NC1=CC(=O)O/C1=C/C1=NC1,3,0.5152,
NC1=CC(=O)O/C1=C/C=O,NCC1=C2OC(=O)C=C2N=C1,3,0.2821,
NC1=CC(=O)O/C1=C/C=O,NCC(=O)/C=c1/oc2cc1n2,3,0.1333,
NC1=CC(=O)O/C1=C/C=O,C/C(C#N)=C1/OC(=O)C=C1N,3,0.3611,
NC1=CC(=O)O/C1=C/C=O,C=C1OC(=O)C(CC#N)=C1N,3,0.1667,
NC1=CC(=O)O/C1=C/C=O,NC(=CC(=O)O)C(=O)Cl,3,0.0811,
NC1=CC(=O)O/C1=C/C=O,NC(=CC(=O)Cl)C(=O)O,3,0.0811,
NC1=CC(=O)O/C1=C/C=O,CC(=O)/C=c1/oc2nc1c2C,3,0.0889,
NC1=CC(=O)O/C1=C/C=O,CCC1=C2OC(=O)C=C2N=C1,3,0.25,
NC1=CC(=O)O/C1=C/C=O,CC/C(C=O)=c1\oc2cc1n2,3,0.1333,
NC1=CC(=O)O/C1=C/C=O,CC1=NC2=CC(=O)OC2=C1C,3,0.2432,
NC1=CC(=O)O/C1=C/C=O,CC(=O)/C(C)=c1/oc2cc1n2,3,0.093,
NC1=CC(=O)O/C1=C/C=O,CCC1=NC2=CC(=O)OC2=C1,3,0.225,
NC1=CC(=O)O/C1=C/C=O,CC1=NC2=C(C)C(=O)OC2=C1,3,0.175,
NC1=CC(=O)O/C1=C/C=O,C/C(C=O)=c1\oc2nc1c2C,3,0.1163,
NC1=CC(=O)O/C1=C/C=O,CCC(=O)/C=c1/oc2cc1n2,3,0.1087,
NC1=CC(=O)O/C1=C/C=O,CC1=C2OC(=O)C(C)=C2N=C1,3,0.1538,
NC1=CC(=O)O/C1=C/C=O,O=CC1=NC2=CC(=O)OC2=C1,2,0.2973,
NC1=CC(=O)O/C1=C/C=O,O=CC1=C2N=CC=C2OC1=O,2,0.1951,
NC1=CC(=O)O/C1=C/C=O,O=CC(C=O)=c1oc2cc1n2,2,0.15,
NC1=CC(=O)O/C1=C/C=O,O=CC(=O)C=c1oc2cc1n2,2,0.1395,
NC1=CC(=O)O/C1=C/C=O,O=C/C=c1/oc2nc1c2C=O,2,0.2051,
NC1=CC(=O)O/C1=C/C=O,O=CC=c1oc2nc1c2C=O,2,0.2051,
NC1=CC(=O)O/C1=C/C=O,O=CC=C1OC(=O)C2=C1N=C2,2,0.3611,
NC1=CC(=O)O/C1=C/C=O,O=C1C=NC2=CC(=O)OC2=C1,2,0.2432,
NC1=CC(=O)O/C1=C/C=O,C=C1OC(=O)C2=C1N=CC2=O,3,0.175,
NC1=CC(=O)O/C1=C/C=O,O=CC(=O)/C=c1/oc2cc1n2,2,0.1395,
NC1=CC(=O)O/C1=C/C=O,O=C/C=C1/OC(=O)C2=C1N=C2,2,0.3611,
NC1=CC(=O)O/C1=C/C=O,O=CC1=C2OC(=O)C=C2N=C1,2,0.2895,
NC1=CC(=O)O/C1=C/C=O,C=C1OC(=O)C2=C1N=C2C=O,3,0.2,
NC1=CC(=O)O/C1=C/C=O,C=c1oc2nc1c2C(=O)C=O,3,0.1395,
NC1=CC(=O)O/C1=C/C=O,N#Cc1c2nc1/c(=C\CO)o2,3,0.0625,
NC1=CC(=O)O/C1=C/C=O,N#CC(O)/C=c1/oc2cc1n2,2,0.0851,
NC1=CC(=O)O/C1=C/C=O,N#C/C(CO)=c1\oc2cc1n2,3,0.0638,
NC1=CC(=O)O/C1=C/C=O,C=c1oc2nc1c2C(O)C#N,3,0.0417,
NC1=CC(=O)O/C1=C/C=O,NC(N)(CC(=O)O)C(=O)O,3,0.0541,
NC1=CC(=O)O/C1=C/C=O,NC(C(=O)O)C(N)C(=O)O,3,0.0625,
NC1=CC(=O)O/C1=C/C=O,CC(=O)C(N)=CC(=O)Cl,3,0.0789,
NC1=CC(=O)O/C1=C/C=O,NC1=CC(O)O/C1=C\Cl,3,0.2105,
NC1=CC(=O)O/C1=C/C=O,CC(=O)C(N)C(O)C(=O)O,3,0.0513,
NC1=CC(=O)O/C1=C/C=O,CC(=O)C(N)(O)CC(=O)O,3,0.05,
NC1=CC(=O)O/C1=C/C=O,NC(=CC(O)O)C(=O)CO,3,0.075,
NC1=CC(=O)O/C1=C/C=O,CC(=O)C(N)=C(O)C(O)O,3,0.0513,
NC1=CC(=O)O/C1=C/C=O,NC(=CC(=O)O)C(O)CO,3,0.0732,
NC1=CC(=O)O/C1=C/C=O,CC(O)C(N)=C(O)C(=O)O,3,0.0789,
NC1=CC(=O)O/C1=C/C=O,O=CC1=C2N=C=C=C2OC1=O,3,0.1667,
NC1=CC(=O)O/C1=C/C=O,O=C1OC1=C=c1oc2cc1n2,3,0.1429,
NC1=CC(=O)O/C1=C/C=O,O=C1C(=O)C1=c1oc2cc1n2,3,0.1282,
NC1=CC(=O)O/C1=C/C=O,O=C=C=C1OC(=O)C2=C1N=C2,3,0.1395,
NC1=CC(=O)O/C1=C/C=O,O=C=C=c1oc2nc1c2C=O,3,0.1136,
NC1=CC(=O)O/C1=C/C=O,CC(=O)C(N)C(N)C(=O)O,3,0.0541,
NC1=CC(=O)O/C1=C/C=O,CC(=O)C(N)(N)CC(=O)O,3,0.0513,
NC1=CC(=O)O/C1=C/C=O,N#CC1=NC2=CC(=O)OC2=C1,3,0.225,
NC1=CC(=O)O/C1=C/C=O,N#CC(=O)/C=c1/oc2cc1n2,3,0.1087,
NC1=CC(=O)O/C1=C/C=O,N#C/C(C=O)=c1\oc2cc1n2,3,0.1333,
NC1=CC(=O)O/C1=C/C=O,NC1=CC(=O)O/C1=C\Cl,3,0.6071,0.2195
NC1=CC(=O)O/C1=C/C=O,NC1=CC(O)OC1CCO,3,0.119,
NC1=CC(=O)O/C1=C/C=O,NC(=CCO)C(=O)CCO,3,0.075,
NC1=CC(=O)O/C1=C/C=O,NC(=CCO)C(O)CC=O,3,0.125,
NC1=CC(=O)O/C1=C/C=O,NC(CCO)C(=O)CC=O,3,0.0976,
NC1=CC(=O)O/C1=C/C=O,COC(=O)C(N)=CC(=O)O,3,0.075,
NC1=CC(=O)O/C1=C/C=O,NC(C(=O)O)C(=O)CC=O,3,0.1026,
NC1=CC(=O)O/C1=C/C=O,CC(C(=O)O)=C(N)C(=O)O,3,0.0857,
NC1=CC(=O)O/C1=C/C=O,COC(=O)C=C(N)C(=O)O,3,0.075,
NC1=CC(=O)O/C1=C/C=O,CC(=O)C(N)=C(O)C(=O)O,3,0.0833,
NC1=CC(=O)O/C1=C/C=O,CC(=O)C(N)=COC(=O)O,3,0.075,
NC1=CC(=O)O/C1=C/C=O,CNC(=CC(=O)O)C(=O)O,3,0.0513,
NC1=CC(=O)O/C1=C/C=O,NC(=CC(=O)O)C(=O)CO,3,0.0769,
NC1=CC(=O)O/C1=C/C=O,NC(=C=O)C(O)CC(=O)O,3,0.0476,
NC1=CC(=O)O/C1=C/C=O,NC(=C=O)C(O)C(O)C=O,3,0.1026,
NC1=CC(=O)O/C1=C/C=O,NC(=CO)C(=O)CC(=O)O,3,0.0769,
NC1=CC(=O)O/C1=C/C=O,NC(=C=O)C(=O)C(O)CO,3,0.0476,
NC1=CC(=O)O/C1=C/C=O,CC(=O)OC(N)=CC(=O)O,3,0.075,
NC1=CC(=O)O/C1=C/C=O,CC(=O)C1(N)OC1C(=O)O,3,0.1,
NC1=CC(=O)O/C1=C/C=O,NC(=CO)C(=O)C(O)C=O,3,0.1316,
NC1=CC(=O)O/C1=C/C=O,NC(=CCO)C(N)CC=O,3,0.0976,
NC1=CC(=O)O/C1=C/C=O,NCCC(=O)C(N)=CCO,3,0.0732,
NC1=CC(=O)O/C1=C/C=O,NC1=CC(O)OC1(N)C=O,3,0.2,
NC1=CC(=O)O/C1=C/C=O,NC1=CC(=O)OC1(N)CO,3,0.2368,
NC1=CC(=O)O/C1=C/C=O,NC(N)(C=O)C(=O)CC=O,3,0.1053,
NC1=CC(=O)O/C1=C/C=O,NC(=O)C(N)C(=O)CC=O,3,0.1026,
NC1=CC(=O)O/C1=C/C=O,O=CCC(=O)C(O)=CCO,3,0.075,
NC1=CC(=O)O/C1=C/C=O,NC=CC(O)C(=O)CC=O,3,0.125,
NC1=CC(=O)O/C1=C/C=O,C=C(N)C(=O)CC(=O)CO,3,0.05,
NC1=CC(=O)O/C1=C/C=O,NC(=CC=O)C(O)CC=O,3,0.1282,
NC1=CC(=O)O/C1=C/C=O,NC(CC=O)C(=O)CC=O,3,0.1026,
NC1=CC(=O)O/C1=C/C=O,CC1OC(=O)C(CO)=C1N,3,0.1463,
NC1=CC(=O)O/C1=C/C=O,CNC(=CC(=O)O)C(C)=O,3,0.05,
NC1=CC(=O)O/C1=C/C=O,NC(=CCO)C(C=O)C=O,3,0.1053,
NC1=CC(=O)O/C1=C/C=O,NC(=C1CO1)C(O)CC=O,3,0.2,
NC1=CC(=O)O/C1=C/C=O,NC1=CC(O)OC1CC=O,3,0.1951,
NC1=CC(=O)O/C1=C/C=O,NC(C(=O)CCO)=C1CO1,3,0.122,
NC1=CC(=O)O/C1=C/C=O,NC=C(CO)C(=O)CC=O,3,0.1,
NC1=CC(=O)O/C1=C/C=O,C=C1OC(O)(CO)C=C1N,3,0.1463,
NC1=CC(=O)O/C1=C/C=O,NC1=CC(O)O/C1=C\CO,3,0.2051,
NC1=CC(=O)O/C1=C/C=O,NC1=C(CCO)C(=O)OC1,3,0.1463,
NC1=CC(=O)O/C1=C/C=O,NC1=CCOC1(O)CC=O,3,0.1905,
NC1=CC(=O)O/C1=C/C=O,NC(=CC(=O)O)CCC=O,3,0.1,
NC1=CC(=O)O/C1=C/C=O,CC1(CO)OC(=O)C=C1N,3,0.2308,
NC1=CC(=O)O/C1=C/C=O,COC(=O)C=C(N)C(C)=O,3,0.075,
NC1=CC(=O)O/C1=C/C=O,NC(C=CO)C(=O)CC=O,3,0.0976,
NC1=CC(=O)O/C1=C/C=O,NC(=CC=O)C(=O)CCO,3,0.1282,
NC1=CC(=O)O/C1=C/C=O,C/C(O)=C1/OC(O)C=C1N,3,0.1795,
NC1=CC(=O)O/C1=C/C=O,NC1=CC(O)O/C1=C/CO,2,0.2051,
NC1=CC(=O)O/C1=C/C=O,C=C1OC(O)C(CO)=C1N,3,0.0952,
NC1=CC(=O)O/C1=C/C=O,NC1=CC(=O)OC1CCO,2,0.2308,
NC1=CC(=O)O/C1=C/C=O,CC(O)C1OC(=O)C=C1N,3,0.2308,
NC1=CC(=O)O/C1=C/C=O,NC(C=O)=CC(O)CC=O,3,0.1,
NC1=CC(=O)O/C1=C/C=O,CC(=O)C(=O)C(N)=CCO,3,0.075,
NC1=CC(=O)O/C1=C/C=O,CC(=O)C(N)=C(C)C(=O)O,3,0.0541,
NC1=CC(=O)O/C1=C/C=O,COCC1OC(=O)C=C1N,3,0.225,
NC1=CC(=O)O/C1=C/C=O,CC(=O)C(N)=CC(O)C=O,3,0.1,
NC1=CC(=O)O/C1=C/C=O,NC1=CCOC(O)CC1=O,3,0.2,
NC1=CC(=O)O/C1=C/C=O,CC(=O)C(N)=C(C=O)CO,3,0.1,
NC1=CC(=O)O/C1=C/C=O,NC1=CCOC(C=O)C1O,3,0.1951,
NC1=CC(=O)O/C1=C/C=O,CCC(=O)C(N)=CC(=O)O,3,0.075,
NC1=CC(=O)O/C1=C/C=O,CCC1(O)OC(=O)C=C1N,3,0.2308,
NC1=CC(=O)O/C1=C/C=O,NC(=CCO)C(=O)CC=O,2,0.1,
NC1=CC(=O)O/C1=C/C=O,NC(C=O)=C(CO)CC=O,3,0.1026,
NC1=CC(=O)O/C1=C/C=O,NC1=CCOC(=O)CC1O,3,0.1707,
NC1=CC(=O)O/C1=C/C=O,C/C(O)=C1\OC(O)C=C1N,3,0.1795,
NC1=CC(=O)O/C1=C/C=O,NC1=CCOC(CO)C1=O,3,0.1951,
NC1=CC(=O)O/C1=C/C=O,C=C(N)C(=O)C(C=O)CO,3,0.0976,
NC1=CC(=O)O/C1=C/C=O,NC(=C=O)C(=O)CC(=O)O,3,0.05,
NC1=CC(=O)O/C1=C/C=O,NC(=C=O)C(=O)OCC=O,3,0.0952,
NC1=CC(=O)O/C1=C/C=O,NC(=CC(=O)O)C(=O)C=O,3,0.1081,
NC1=CC(=O)O/C1=C/C=O,NC(=C=O)OC(=O)CC=O,3,0.0952,
NC1=CC(=O)O/C1=C/C=O,NC1(C(=O)CC=O)OC1=O,3,0.1795,
NC1=CC(=O)O/C1=C/C=O,NC(=C=O)C(=O)COC=O,3,0.0952,
NC1=CC(=O)O/C1=C/C=O,NC(=C=O)C(=O)C(O)C=O,3,0.1282,
NC1=CC(=O)O/C1=C/C=O,NC(C=O)=C(C=O)C(=O)O,3,0.1111,
NC1=CC(=O)O/C1=C/C=O,NCCC1=C(N)COC1=O,3,0.15,
NC1=CC(=O)O/C1=C/C=O,NCCC1OC(=O)C=C1N,2,0.2368,
NC1=CC(=O)O/C1=C/C=O,NC(=CC=O)C(N)CC=O,3,0.1282,
NC1=CC(=O)O/C1=C/C=O,CCC1(N)OC(=O)C=C1N,3,0.2368,
NC1=CC(=O)O/C1=C/C=O,CC1OC(=O)C(CN)=C1N,3,0.15,
NC1=CC(=O)O/C1=C/C=O,NCC=C(N)C(=O)CC=O,3,0.1,
NC1=CC(=O)O/C1=C/C=O,CC1(CN)OC(=O)C=C1N,3,0.2368,
NC1=CC(=O)O/C1=C/C=O,NC/C=C1/OC(O)C=C1N,3,0.2051,
NC1=CC(=O)O/C1=C/C=O,NCCC(=O)C(N)=CC=O,3,0.1282,
NC1=CC(=O)O/C1=C/C=O,O=C(O)CC1[NH+]=CCC1=O,3,0.1163,
NC1=CC(=O)O/C1=C/C=O,O=C1CC=[NH+]C1=CC(O)O,3,0.119,
NC1=CC(=O)O/C1=C/C=O,O=CCC1=[NH+]C1CC(=O)O,3,0.0952,
NC1=CC(=O)O/C1=C/C=O,O=CCC(=O)C1CC(O)=[NH+]1,3,0.093,
NC1=CC(=O)O/C1=C/C=O,O=CCC1=[NH+]C1=CC(O)O,3,0.0952,
NC1=CC(=O)O/C1=C/C=O,O=C(O)C=C1[NH+]=CCC1O,3,0.0909,
NC1=CC(=O)O/C1=C/C=O,O=C(O)C=C1[NH+]=C1CCO,3,0.0698,
NC1=CC(=O)O/C1=C/C=O,NC1=CC(=O)OC1(N)C=O,3,0.3143,
NC1=CC(=O)O/C1=C/C=O,O=CC=C(O)C(=O)CC=O,3,0.1053,
NC1=CC(=O)O/C1=C/C=O,ClC/C=c1/oc2cc1n2,3,0.0952,
NC1=CC(=O)O/C1=C/C=O,NC1CC=[NH+]C1=CC(=O)O,3,0.1136,
NC1=CC(=O)O/C1=C/C=O,NC(=CC(=O)O)C1CC=[NH+]1,3,0.093,
NC1=CC(=O)O/C1=C/C=O,NCCC1=[NH+]C1=CC(=O)O,3,0.093,
NC1=CC(=O)O/C1=C/C=O,NC1=CC(O)[NH+]=C1CC=O,3,0.1951,
NC1=CC(=O)O/C1=C/C=O,NC(=CC(=O)O)C1=[NH+]CC1,3,0.0952,
NC1=CC(=O)O/C1=C/C=O,NC(O)C=C1[NH+]=CCC1=O,3,0.1395,
NC1=CC(=O)O/C1=C/C=O,NC(O)C=C1[NH+]=C1CC=O,3,0.1163,
NC1=CC(=O)O/C1=C/C=O,NC1=CC(O)[NH+]=CCC1=O,3,0.175,
NC1=CC(=O)O/C1=C/C=O,NC1=CC(=O)O/C1=C\CO,3,0.5484,
NC1=CC(=O)O/C1=C/C=O,NC(CCC=O)=C1OC1=O,3,0.2432,
NC1=CC(=O)O/C1=C/C=O,NC=CC(=O)C(=O)CC=O,3,0.1026,
NC1=CC(=O)O/C1=C/C=O,NC1=CC(=O)OC=CC1O,3,0.2368,
NC1=CC(=O)O/C1=C/C=O,NC1CC(=O)OC=CC1=O,3,0.15,
NC1=CC(=O)O/C1=C/C=O,OC1=NC2=CC(O)OC2C1,3,0.0667,
NC1=CC(=O)O/C1=C/C=O,NC1=C(CC=O)C(=O)OC1,2,0.2051,
NC1=CC(=O)O/C1=C/C=O,CC(=O)C(=O)C(N)=CC=O,3,0.1351,
NC1=CC(=O)O/C1=C/C=O,COC1C=C(N)C(=C=O)O1,3,0.1667,
NC1=CC(=O)O/C1=C/C=O,NC=C(C=O)C(=O)CC=O,3,0.1026,
NC1=CC(=O)O/C1=C/C=O,O=C(O)C=C1NCCC1=O,3,0.0976,
NC1=CC(=O)O/C1=C/C=O,CC1OC12OC(=O)C=C2N,3,0.2368,
NC1=CC(=O)O/C1=C/C=O,NC1=C(O)C2OC2C(O)=C1,3,0.1579,
NC1=CC(=O)O/C1=C/C=O,C=C1OC(=O)C(CO)=C1N,2,0.1795,
NC1=CC(=O)O/C1=C/C=O,CC(=O)C(N)=CC(=O)C=O,3,0.1053,
NC1=CC(=O)O/C1=C/C=O,NC(C=C=O)C(=O)CC=O,3,0.0952,
NC1=CC(=O)O/C1=C/C=O,NC1=CC(O)O/C1=C/C=O,2,0.4118,
NC1=CC(=O)O/C1=C/C=O,OC1C=C2N=CC(O)C2O1,3,0.0698,
NC1=CC(=O)O/C1=C/C=O,CNC(=C=O)C(=O)CC=O,3,0.0698,
NC1=CC(=O)O/C1=C/C=O,O=CCC1=NC1CC(=O)O,3,0.0952,
NC1=CC(=O)O/C1=C/C=O,CC(O)=C1OC(=O)C=C1N,3,0.4062,
NC1=CC(=O)O/C1=C/C=O,Nc1cc(O)c(O)cc1O,3,0.1212,
NC1=CC(=O)O/C1=C/C=O,O=CCC(=O)C1CC(O)=N1,3,0.093,
NC1=CC(=O)O/C1=C/C=O,C=C(N)C(=O)CC(=O)C=O,3,0.1026,
NC1=CC(=O)O/C1=C/C=O,OCCC1(O)OC2=NC1=C2,3,0.093,
NC1=CC(=O)O/C1=C/C=O,CO/C=C1\OC(=O)C=C1N,3,0.5484,
NC1=CC(=O)O/C1=C/C=O,NC(=CC=O)C(=O)CC=O,2,0.1316,
NC1=CC(=O)O/C1=C/C=O,CC1OC(=O)C=C(N)C1=O,3,0.3235,
NC1=CC(=O)O/C1=C/C=O,NC12C=C(O)C=CC1(O)O2,3,0.0952,
NC1=CC(=O)O/C1=C/C=O,CC1=C(N)/C(=C/O)OC1=O,3,0.2432,
NC1=CC(=O)O/C1=C/C=O,NC(=CC=O)C(C=O)C=O,3,0.1429,
NC1=CC(=O)O/C1=C/C=O,CC(=O)C(N)=C(C=O)C=O,3,0.1111,
NC1=CC(=O)O/C1=C/C=O,CC1OC(=O)C(C=O)=C1N,2,0.2105,
NC1=CC(=O)O/C1=C/C=O,NC1=C(O)C=CC2(O)OC12,3,0.1463,
NC1=CC(=O)O/C1=C/C=O,CC(=O)C1OC(=O)C=C1N,3,0.2368,
NC1=CC(=O)O/C1=C/C=O,O=C(CCO)C1=CC(O)=N1,3,0.0976,
NC1=CC(=O)O/C1=C/C=O,NC(C=O)=C(C=O)CC=O,3,0.1081,
NC1=CC(=O)O/C1=C/C=O,COC=C1OC(=O)C=C1N,2,0.5484,
NC1=CC(=O)O/C1=C/C=O,Nc1cc(O)cc(O)c1O,3,0.1111,
NC1=CC(=O)O/C1=C/C=O,Cc1oc2c(N)c1OC2O,3,0.0952,
NC1=CC(=O)O/C1=C/C=O,CC(=O)CC(=O)C(N)=C=O,3,0.0488,
NC1=CC(=O)O/C1=C/C=O,C=C1OC(O)(C=O)C=C1N,3,0.2308,
NC1=CC(=O)O/C1=C/C=O,OC1=C2OC(O)C=C2NC1,3,0.0909,
NC1=CC(=O)O/C1=C/C=O,NC1=CC(=O)O/C1=C/CO,1,0.5484,
NC1=CC(=O)O/C1=C/C=O,O=CCC(O)C1=CC(O)=N1,3,0.1463,
NC1=CC(=O)O/C1=C/C=O,NC1=CC(=O)OC1CC=O,1,0.2973,
NC1=CC(=O)O/C1=C/C=O,OCC(O)C1OC2=NC1=C2,3,0.0909,
NC1=CC(=O)O/C1=C/C=O,CC1=C(N)C(C=O)OC1=O,3,0.2105,
NC1=CC(=O)O/C1=C/C=O,NC12OC1C(O)=CC=C2O,3,0.0976,
NC1=CC(=O)O/C1=C/C=O,O=C(O)C=C1N=CCC1O,3,0.0909,
NC1=CC(=O)O/C1=C/C=O,CC1=C2OC(O)(C=C2N)O1,3,0.1579,
NC1=CC(=O)O/C1=C/C=O,NC1CC(=O)OC1=CC=O,3,0.3056,
NC1=CC(=O)O/C1=C/C=O,NC1=C(CC=O)OC(=O)C1,3,0.2368,
NC1=CC(=O)O/C1=C/C=O,NC(C=O)=CC(=O)CC=O,3,0.1026,
NC1=CC(=O)O/C1=C/C=O,O=C(O)CC1N=CCC1=O,3,0.122,
NC1=CC(=O)O/C1=C/C=O,OC1C=C2OC(O)C=C2N1,3,0.0714,
NC1=CC(=O)O/C1=C/C=O,CCC12OC(=O)C(=C1N)O2,3,0.15,
NC1=CC(=O)O/C1=C/C=O,Nc1c(O)ccc(O)c1O,3,0.1176,
NC1=CC(=O)O/C1=C/C=O,O=C1C=C2NCCC2(O)O1,3,0.1667,
NC1=CC(=O)O/C1=C/C=O,CCC(=O)C(N)=C1OC1=O,3,0.1842,
NC1=CC(=O)O/C1=C/C=O,OCCC1(O)OC2=CC1=N2,3,0.093,
NC1=CC(=O)O/C1=C/C=O,C=C1OC(O)C(C=O)=C1N,3,0.1795,
NC1=CC(=O)O/C1=C/C=O,C/C(O)=C1/OC2OC2=C1N,3,0.125,
NC1=CC(=O)O/C1=C/C=O,C=C(N)C(=O)C(C=O)C=O,3,0.1081,
NC1=CC(=O)O/C1=C/C=O,C/C(O)=C1\OC(=O)C=C1N,3,0.4062,
NC1=CC(=O)O/C1=C/C=O,NC(=CCO)C(=O)C=C=O,3,0.0714,
NC1=CC(=O)O/C1=C/C=O,O=C(O)C=C1N=C1CCO,3,0.0698,
NC1=CC(=O)O/C1=C/C=O,O=CCC(=O)C1=CC(O)N1,3,0.119,
NC1=CC(=O)O/C1=C/C=O,O=CCC1NC1=CC(=O)O,3,0.093,
NC1=CC(=O)O/C1=C/C=O,NC1=CC2(O)OC2C=C1O,3,0.1463,
NC1=CC(=O)O/C1=C/C=O,O=CCC1=NC1=CC(O)O,3,0.0952,
NC1=CC(=O)O/C1=C/C=O,NC1=CC(O)=CC2OC12O,3,0.1463,
NC1=CC(=O)O/C1=C/C=O,NC1CC(=O)C(C=O)C1=O,3,0.1579,
NC1=CC(=O)O/C1=C/C=O,C/C(O)=C1/OC(=O)C=C1N,2,0.4062,
NC1=CC(=O)O/C1=C/C=O,NC1=CC2OC(CO)=C1O2,3,0.1463,
NC1=CC(=O)O/C1=C/C=O,NC1=C2OC2O/C1=C/CO,3,0.1463,
NC1=CC(=O)O/C1=C/C=O,O=C1CC=NC1=CC(O)O,3,0.119,
NC1=CC(=O)O/C1=C/C=O,NC1=CC(=O)OC1=CCO,3,0.5484,
NC1=CC(=O)O/C1=C/C=O,CC(C=O)C(=O)C(N)=C=O,3,0.0976,
NC1=CC(=O)O/C1=C/C=O,NC1CC(=O)C(=O)CC1=O,3,0.1081,
NC1=CC(=O)O/C1=C/C=O,CC1(C=O)OC(=O)C=C1N,2,0.3056,
NC1=CC(=O)O/C1=C/C=O,NC1(C(=O)CC=O)CC1=O,3,0.15,
NC1=CC(=O)O/C1=C/C=O,NCC=C1OC(=O)C=C1N,3,0.5667,
NC1=CC(=O)O/C1=C/C=O,NC1(CCO)OC2=CC1=N2,3,0.1163,
NC1=CC(=O)O/C1=C/C=O,NC(=CC(=O)O)C1CC=N1,3,0.093,
NC1=CC(=O)O/C1=C/C=O,NC/C=C1/OC(=O)C=C1N,1,0.5667,
NC1=CC(=O)O/C1=C/C=O,NC(O)C=C1N=C1CC=O,3,0.1163,
NC1=CC(=O)O/C1=C/C=O,C=C1OC(=O)C(CN)=C1N,2,0.1842,
NC1=CC(=O)O/C1=C/C=O,NCCC1(O)OC2=NC1=C2,3,0.1163,
NC1=CC(=O)O/C1=C/C=O,N#CCC1OC(O)C=C1N,3,0.1136,
NC1=CC(=O)O/C1=C/C=O,C=C(N)C(=O)CC(O)C#N,3,0.0455,
NC1=CC(=O)O/C1=C/C=O,NC1=CC(=O)OC=CC1N,3,0.2432,
NC1=CC(=O)O/C1=C/C=O,NC1=CC(O)N=CCC1=O,3,0.1707,
NC1=CC(=O)O/C1=C/C=O,NC(=CC(=O)O)C1=NCC1,3,0.0952,
NC1=CC(=O)O/C1=C/C=O,NC(O)C=C1N=CCC1=O,3,0.1395,
NC1=CC(=O)O/C1=C/C=O,NC1CC=NC1=CC(=O)O,3,0.1395,
NC1=CC(=O)O/C1=C/C=O,NC1=CC(O)=NCCC1=O,3,0.2051,
NC1=CC(=O)O/C1=C/C=O,NC1=CC(O)=NC1CC=O,3,0.1951,
NC1=CC(=O)O/C1=C/C=O,N#CCC(N)C(=O)CC=O,3,0.093,
NC1=CC(=O)O/C1=C/C=O,C=C(N)C(O)(C#N)CC=O,3,0.0952,
NC1=CC(=O)O/C1=C/C=O,NCCC1(O)OC2=CC1=N2,3,0.1163,
NC1=CC(=O)O/C1=C/C=O,N#CC=C(N)C(O)CC=O,3,0.093,
NC1=CC(=O)O/C1=C/C=O,NC(CC=O)C1=CC(O)=N1,3,0.1707,
NC1=CC(=O)O/C1=C/C=O,NC1=CC2=NC1(CCO)O2,3,0.1429,
NC1=CC(=O)O/C1=C/C=O,NCCC(=O)C1=CC(O)=N1,3,0.122,
NC1=CC(=O)O/C1=C/C=O,NC1(CCO)OC2=NC1=C2,3,0.1163,
NC1=CC(=O)O/C1=C/C=O,N#CC=C(N)C(=O)CCO,3,0.0698,
NC1=CC(=O)O/C1=C/C=O,NC1=CC(O)N=C1CC=O,3,0.1951,
NC1=CC(=O)O/C1=C/C=O,NC1=CC2=NCCC1(O)O2,3,0.1395,
NC1=CC(=O)O/C1=C/C=O,NCCC1=NC1=CC(=O)O,3,0.093,
NC1=CC(=O)O/C1=C/C=O,O=C1CC2=[NH+]C2=CC(O)O1,3,0.1136,
NC1=CC(=O)O/C1=C/C=O,CC1=[NH+]C(=CC(=O)O)C1=O,3,0.0976,
NC1=CC(=O)O/C1=C/C=O,C=C1[NH+]=C1C(C=O)C(=O)O,3,0.0976,
NC1=CC(=O)O/C1=C/C=O,C=C1[NH+]=C1CC(=O)C(=O)O,3,0.0488,
NC1=CC(=O)O/C1=C/C=O,CC(=O)C1=[NH+]C1=CC(=O)O,3,0.0732,
NC1=CC(=O)O/C1=C/C=O,O=C1OC1=C1[NH+]=CCC1O,3,0.1429,
NC1=CC(=O)O/C1=C/C=O,CC1=[NH+]C1=C(C=O)C(=O)O,3,0.1,
NC1=CC(=O)O/C1=C/C=O,O=CCC1=C(C=O)[NH+]=C1O,3,0.0976,
NC1=CC(=O)O/C1=C/C=O,C=C1[NH+]=C(O)C(C=O)C1=O,3,0.122,
NC1=CC(=O)O/C1=C/C=O,CC(=O)C1=C(C=O)C(O)=[NH+]1,3,0.0976,
NC1=CC(=O)O/C1=C/C=O,O=CCC1=[NH+]C1=CC(=O)O,2,0.0952,
NC1=CC(=O)O/C1=C/C=O,O=C1C=C2[NH+]=C2C(CO)O1,3,0.1667,
NC1=CC(=O)O/C1=C/C=O,O=C1OC1=C1[NH+]=C1CCO,3,0.122,
NC1=CC(=O)O/C1=C/C=O,O=CC1=C(C(=O)O)CC=[NH+]1,3,0.119,
NC1=CC(=O)O/C1=C/C=O,O=CC1OC(O)C=C2[NH+]=C21,3,0.1395,
NC1=CC(=O)O/C1=C/C=O,O=CCC1=[NH+]C1=C1OC1O,3,0.1163,
NC1=CC(=O)O/C1=C/C=O,O=C(O)C1=C[NH+]=CCC1=O,3,0.0952,
NC1=CC(=O)O/C1=C/C=O,O=C1CC=[NH+]C1=C1OC1O,3,0.1163,
NC1=CC(=O)O/C1=C/C=O,O=C(O)C=C1[NH+]=CCC1=O,2,0.119,
NC1=CC(=O)O/C1=C/C=O,C=C1[NH+]=CC(C(=O)O)C1=O,3,0.122,
NC1=CC(=O)O/C1=C/C=O,C=C1[NH+]=C(C(=O)O)CC1=O,3,0.0714,
NC1=CC(=O)O/C1=C/C=O,O=CC1C=[NH+]C1=CC(=O)O,3,0.119,
NC1=CC(=O)O/C1=C/C=O,O=CCC(C(=O)O)=C1C=[NH+]1,3,0.122,
NC1=CC(=O)O/C1=C/C=O,O=C1C2=CC(O)OC1C=[NH+]2,3,0.1163,
NC1=CC(=O)O/C1=C/C=O,O=C1CC2=[NH+]C1=CC(O)O2,3,0.1136,
NC1=CC(=O)O/C1=C/C=O,O=CCC1=[NH+]C=C1C(=O)O,3,0.119,
NC1=CC(=O)O/C1=C/C=O,C=C1[NH+]=C(O)C(=O)CC1=O,3,0.075,
NC1=CC(=O)O/C1=C/C=O,CC(=O)C1=C(C(=O)O)C=[NH+]1,3,0.0732,
NC1=CC(=O)O/C1=C/C=O,O=CCC(=O)C1=C[NH+]=C1O,3,0.119,
NC1=CC(=O)O/C1=C/C=O,N#CC(=O)C(N)=CC(=O)O,3,0.075,
NC1=CC(=O)O/C1=C/C=O,COc1ccc(O)c(N)c1,3,0.0976,
NC1=CC(=O)O/C1=C/C=O,Cc1cc(O)c(N)cc1O,3,0.1081,
NC1=CC(=O)O/C1=C/C=O,Cc1cc(O)cc(N)c1O,3,0.1053,
NC1=CC(=O)O/C1=C/C=O,CC(C)=C1OC(=O)C=C1N,3,0.4194,
NC1=CC(=O)O/C1=C/C=O,CC/C=C1/OC(=O)C=C1N,3,0.5484,
NC1=CC(=O)O/C1=C/C=O,COc1ccc(O)cc1N,3,0.0976,
NC1=CC(=O)O/C1=C/C=O,CC/C=C1\OC(=O)C=C1N,3,0.5484,
NC1=CC(=O)O/C1=C/C=O,C/C=C1/OC(=O)C(C)=C1N,3,0.25,
NC1=CC(=O)O/C1=C/C=O,CNc1cc(O)ccc1O,3,0.0488,
NC1=CC(=O)O/C1=C/C=O,Cc1c(O)ccc(O)c1N,3,0.1111,
NC1=CC(=O)O/C1=C/C=O,C/C=C1\OC(=O)C(C)=C1N,3,0.25,
NC1=CC(=O)O/C1=C/C=O,NC(=O)C=C1[NH+]=CCC1=O,3,0.1429,
NC1=CC(=O)O/C1=C/C=O,NC(=O)C=C1[NH+]=C1CC=O,3,0.119,
NC1=CC(=O)O/C1=C/C=O,NC1=CC(=O)[NH+]=CCC1=O,3,0.2162,
NC1=CC(=O)O/C1=C/C=O,NC1=CC(=O)[NH+]=C1CC=O,3,0.2703,
NC1=CC(=O)O/C1=C/C=O,OCC1OC12OC1=NC2=C1,3,0.0889,
NC1=CC(=O)O/C1=C/C=O,NC1=CC2=C(O)C3OC13O2,3,0.1429,
NC1=CC(=O)O/C1=C/C=O,O=COCC1OC2=NC1=C2,3,0.1628,
NC1=CC(=O)O/C1=C/C=O,CC1(O)OC(=O)C2=C1N=C2,3,0.1163,
NC1=CC(=O)O/C1=C/C=O,C=C(N)C(=O)C=C1OC1=O,3,0.2162,
NC1=CC(=O)O/C1=C/C=O,OCCC12OC3=C(O1)C2=N3,3,0.0444,
NC1=CC(=O)O/C1=C/C=O,O=C1C=C2NCC3OC23O1,3,0.1628,
NC1=CC(=O)O/C1=C/C=O,C=C1OC(=O)C=C1NC=O,3,0.3056,0.2143
NC1=CC(=O)O/C1=C/C=O,C=C1N=CC(C(=O)O)C1=O,3,0.122,
NC1=CC(=O)O/C1=C/C=O,O=C1C=C2N=CCC2(O)O1,2,0.1667,
NC1=CC(=O)O/C1=C/C=O,O=C1C=C2N=C(O)CC2O1,3,0.1667,
NC1=CC(=O)O/C1=C/C=O,O=CCC1=C2N=C1C(O)O2,3,0.1136,
NC1=CC(=O)O/C1=C/C=O,C=C(N)C(=O)C1=COC1=O,3,0.1538,
NC1=CC(=O)O/C1=C/C=O,O=CC(C=O)C1=CC(O)=N1,3,0.1622,
NC1=CC(=O)O/C1=C/C=O,OC1=NC2=CC(O)OC2=C1,2,0.093,
NC1=CC(=O)O/C1=C/C=O,O=CCC1=C2N=C1OC2O,3,0.1136,
NC1=CC(=O)O/C1=C/C=O,Nc1cc(=O)occc1=O,2,0.1944,
NC1=CC(=O)O/C1=C/C=O,O=C1CC(O)C2=CC(=N2)O1,3,0.1707,
NC1=CC(=O)O/C1=C/C=O,O=CCC1(O)OC2=CC1=N2,2,0.1667,
NC1=CC(=O)O/C1=C/C=O,O=C1C2=CC(=N2)OC1CO,3,0.1429,
NC1=CC(=O)O/C1=C/C=O,NC1=CC(=O)OC1=CC=O,2,1.0,
NC1=CC(=O)O/C1=C/C=O,O=CCC1=NC1=C1OC1O,3,0.1163,
NC1=CC(=O)O/C1=C/C=O,O=CCC1=NC1=CC(=O)O,2,0.0952,
NC1=CC(=O)O/C1=C/C=O,OC1=C2OC(O)C=C2N=C1,2,0.0682,
NC1=CC(=O)O/C1=C/C=O,NC=C1C(=O)OC1=CC=O,3,0.4062,
NC1=CC(=O)O/C1=C/C=O,CC1=NC(=CC(=O)O)C1=O,3,0.0976,
NC1=CC(=O)O/C1=C/C=O,CC(=O)C(=O)C1=CC(O)=N1,3,0.1026,
NC1=CC(=O)O/C1=C/C=O,O=C(O)CC1OC2=NC1=C2,3,0.1429,
NC1=CC(=O)O/C1=C/C=O,CC1=NC1=C(C=O)C(=O)O,3,0.1,
NC1=CC(=O)O/C1=C/C=O,O=CCC(=O)C1=CC(=O)N1,3,0.1795,
NC1=CC(=O)O/C1=C/C=O,CC(=O)C1=C(C(=O)O)C=N1,3,0.1,
NC1=CC(=O)O/C1=C/C=O,O=CCC(=O)C1=CN=C1O,3,0.119,
NC1=CC(=O)O/C1=C/C=O,O=C1C=C2N=C2C(CO)O1,3,0.1667,
NC1=CC(=O)O/C1=C/C=O,C=C(N)C1=CC(=O)C(=O)O1,3,0.25,
NC1=CC(=O)O/C1=C/C=O,O=C1CC2=NC1=CC(O)O2,3,0.1136,
NC1=CC(=O)O/C1=C/C=O,O=CCC(O)c1nc2oc1-2,3,0.1136,
NC1=CC(=O)O/C1=C/C=O,O=C1CC(O)OC2=NC1=C2,3,0.1429,
NC1=CC(=O)O/C1=C/C=O,Nc1c(CC=O)c(=O)c1=O,3,0.2,
NC1=CC(=O)O/C1=C/C=O,O=C1CC=NC1=C1OC1O,3,0.1163,
NC1=CC(=O)O/C1=C/C=O,NC=C1C(=O)C(C=O)C1=O,3,0.2059,
NC1=CC(=O)O/C1=C/C=O,C=C1N=C1C(C=O)C(=O)O,3,0.0976,
NC1=CC(=O)O/C1=C/C=O,NC12C=C3OC1(C=C3O)O2,3,0.0976,
NC1=CC(=O)O/C1=C/C=O,O=CC1OC(O)C=C2N=C21,3,0.1395,
NC1=CC(=O)O/C1=C/C=O,O=C(CCO)c1nc2oc1-2,3,0.093,
NC1=CC(=O)O/C1=C/C=O,Nc1cc2oc1c(O)c2O,3,0.1316,
NC1=CC(=O)O/C1=C/C=O,O=C1C=C2N=COCC2O1,3,0.1667,
NC1=CC(=O)O/C1=C/C=O,NC1=C2OC2O/C1=C/C=O,3,0.3529,
NC1=CC(=O)O/C1=C/C=O,C=C1N=C(C(=O)O)CC1=O,3,0.0714,
NC1=CC(=O)O/C1=C/C=O,O=C1OC1=C1N=CCC1O,3,0.1429,
NC1=CC(=O)O/C1=C/C=O,O=C1C=C2N=CC(O1)C2O,3,0.1707,
NC1=CC(=O)O/C1=C/C=O,NC1=C(C=O)C(=O)CC1=O,3,0.2,
NC1=CC(=O)O/C1=C/C=O,O=C1C=C2N=C2CC(O)O1,3,0.1667,
NC1=CC(=O)O/C1=C/C=O,O/C=C1\OC(O)C2=C1N=C2,3,0.119,
NC1=CC(=O)O/C1=C/C=O,NC1=C2C=C(O)C3(O2)OC13,3,0.1429,
NC1=CC(=O)O/C1=C/C=O,Nc1cc2oc1C1OC21O,3,0.1163,
NC1=CC(=O)O/C1=C/C=O,CC(=O)C(N)=C1C(=O)C1=O,3,0.1429,
NC1=CC(=O)O/C1=C/C=O,CC(=O)C1=C(C=O)C(O)=N1,3,0.0976,
NC1=CC(=O)O/C1=C/C=O,O=CCC1(O)OC2=NC1=C2,2,0.1667,
NC1=CC(=O)O/C1=C/C=O,C=C1N=C1CC(=O)C(=O)O,3,0.0488,
NC1=CC(=O)O/C1=C/C=O,OCC1OC12OC1=CC2=N1,3,0.0889,
NC1=CC(=O)O/C1=C/C=O,C=C1OC(O)C2=C1N=C2O,3,0.0455,
NC1=CC(=O)O/C1=C/C=O,Nc1c(O)c2oc1cc2O,3,0.1282,
NC1=CC(=O)O/C1=C/C=O,CC1(O)OC2=C(C=O)C1=N2,3,0.1163,
NC1=CC(=O)O/C1=C/C=O,CC(=O)C1=NC1=CC(=O)O,3,0.0732,
NC1=CC(=O)O/C1=C/C=O,O=CCC1=C(C=O)N=C1O,3,0.0976,
NC1=CC(=O)O/C1=C/C=O,O/C=C1\OC2(O)C=NC1=C2,3,0.1707,
NC1=CC(=O)O/C1=C/C=O,O=C1CC2=NC2=CC(O)O1,3,0.1136,
NC1=CC(=O)O/C1=C/C=O,O=CCC(=O)C1=CC(O)=N1,2,0.15,
NC1=CC(=O)O/C1=C/C=O,NC=C1C(=O)CC(=O)C1=O,3,0.1389,
NC1=CC(=O)O/C1=C/C=O,C=C1OC2(O)C=C1N=C2O,3,0.0682,
NC1=CC(=O)O/C1=C/C=O,O=C1C=C2OC(O)C=C2N1,3,0.1429,
NC1=CC(=O)O/C1=C/C=O,O=C(O)C=C1N=CCC1=O,2,0.119,
NC1=CC(=O)O/C1=C/C=O,NC(C=O)=C1CC(=O)C1=O,3,0.1622,
NC1=CC(=O)O/C1=C/C=O,NC=C1C(=O)C=COC1=O,3,0.2162,
NC1=CC(=O)O/C1=C/C=O,NC1=C(C=C=O)C(=O)OC1,3,0.175,
NC1=CC(=O)O/C1=C/C=O,NC1=CC(=O)OC1C=C=O,2,0.2632,
NC1=CC(=O)O/C1=C/C=O,C=C1OC(=O)C(C=O)=C1N,1,0.25,
NC1=CC(=O)O/C1=C/C=O,O=C(O)C1=CN=CCC1=O,3,0.0952,
NC1=CC(=O)O/C1=C/C=O,OCCC12OC3=NC1=C3O2,3,0.0444,
NC1=CC(=O)O/C1=C/C=O,O/C=c1\oc2nc1c2CO,3,0.0682,
NC1=CC(=O)O/C1=C/C=O,O=C1C=C2N=CC(O)C2O1,3,0.1707,
NC1=CC(=O)O/C1=C/C=O,OC/C(O)=c1/oc2cc1n2,2,0.0698,
NC1=CC(=O)O/C1=C/C=O,C=C(N)C(=O)C1C(=O)C1=O,3,0.1081,
NC1=CC(=O)O/C1=C/C=O,C=C1OC(=O)C=C(N)C1=O,3,0.4194,
NC1=CC(=O)O/C1=C/C=O,Nc1cc(=O)occ1C=O,3,0.25,
NC1=CC(=O)O/C1=C/C=O,O=C1OC(O)C2=C1CC=N2,3,0.1136,
NC1=CC(=O)O/C1=C/C=O,NC12OC1c1oc2cc1O,3,0.0909,
NC1=CC(=O)O/C1=C/C=O,N#CC=C(O)C(=O)CC=O,3,0.0714,
NC1=CC(=O)O/C1=C/C=O,O=C1OC1=C1N=C1CCO,3,0.122,
NC1=CC(=O)O/C1=C/C=O,NC(=CC=O)C(=O)C=C=O,3,0.1316,
NC1=CC(=O)O/C1=C/C=O,O=CC1C=NC1=CC(=O)O,3,0.119,
NC1=CC(=O)O/C1=C/C=O,NC(=C=C=O)C(=O)CC=O,3,0.0976,
NC1=CC(=O)O/C1=C/C=O,NC(C=O)=C1C=COC1=O,3,0.2051,
NC1=CC(=O)O/C1=C/C=O,O=c1cc2nc(o1)CC2O,3,0.1136,
NC1=CC(=O)O/C1=C/C=O,O=CC(O)C1OC2=NC1=C2,3,0.1667,
NC1=CC(=O)O/C1=C/C=O,C=C1N=C(O)C(C=O)C1=O,3,0.122,
NC1=CC(=O)O/C1=C/C=O,C=C(N)C1=C(C=O)C(=O)O1,3,0.2105,
NC1=CC(=O)O/C1=C/C=O,NC1=CC(O)OC1=C=C=O,3,0.1707,
NC1=CC(=O)O/C1=C/C=O,Cc1oc2c(N)c1OC2=O,3,0.1842,
NC1=CC(=O)O/C1=C/C=O,OC(O)/C=c1/oc2cc1n2,3,0.0952,
NC1=CC(=O)O/C1=C/C=O,O=CCC(C(=O)O)=C1C=N1,3,0.122,
NC1=CC(=O)O/C1=C/C=O,O=CCC1=NC=C1C(=O)O,3,0.119,
NC1=CC(=O)O/C1=C/C=O,CC1(O)OC2=NC1=C2C=O,3,0.1163,
NC1=CC(=O)O/C1=C/C=O,O=C1C=C2NCC(O)=C2O1,3,0.2368,
NC1=CC(=O)O/C1=C/C=O,C=C1N=C(O)C(=O)CC1=O,3,0.075,
NC1=CC(=O)O/C1=C/C=O,O=C1C2=CC(O)OC1C=N2,3,0.1163,
NC1=CC(=O)O/C1=C/C=O,NC1=CC23OC1=CC2(O)O3,3,0.1538,
NC1=CC(=O)O/C1=C/C=O,O=CC1OC2=NC(=C2)C1O,3,0.1707,
NC1=CC(=O)O/C1=C/C=O,NC(C=O)=C1C(=O)C1C=O,3,0.1579,
NC1=CC(=O)O/C1=C/C=O,O=CC1=C(C(=O)O)CC=N1,3,0.119,
NC1=CC(=O)O/C1=C/C=O,O=C1C=C2NC(O)C=C2O1,3,0.2308,
NC1=CC(=O)O/C1=C/C=O,NCC1OC12OC1=CC2=N1,3,0.1136,
NC1=CC(=O)O/C1=C/C=O,NC1=CC(=O)N=C1CC=O,3,0.2703,
NC1=CC(=O)O/C1=C/C=O,NC12CC=NC1=CC(=O)O2,2,0.1951,
NC1=CC(=O)O/C1=C/C=O,N#CC(=CN)C(=O)CC=O,3,0.0952,
NC1=CC(=O)O/C1=C/C=O,NC1OC2=C(CC=O)C1=N2,3,0.1395,
NC1=CC(=O)O/C1=C/C=O,CC1(N)OC(=O)C2=C1N=C2,3,0.1429,
NC1=CC(=O)O/C1=C/C=O,C=C(N)C(=O)CC(=O)C#N,3,0.0476,
NC1=CC(=O)O/C1=C/C=O,NC(=O)C=C1N=CCC1=O,3,0.1707,
NC1=CC(=O)O/C1=C/C=O,NC1=CC2=NCC3OC13O2,3,0.1364,
NC1=CC(=O)O/C1=C/C=O,NC(O)/C=c1/oc2cc1n2,3,0.1163,
NC1=CC(=O)O/C1=C/C=O,NC(=O)C=C1N=C1CC=O,3,0.1463,
NC1=CC(=O)O/C1=C/C=O,NC1=C(CC=O)C2=NC1O2,3,0.1707,
NC1=CC(=O)O/C1=C/C=O,N#CC=C(N)C(C=O)C=O,3,0.1026,
NC1=CC(=O)O/C1=C/C=O,NC1(CC=O)OC2=CC1=N2,2,0.1951,
NC1=CC(=O)O/C1=C/C=O,Nc1cc2oc1=C(O)CN=2,3,0.1163,
NC1=CC(=O)O/C1=C/C=O,NC/C(O)=c1/oc2cc1n2,3,0.0952,
NC1=CC(=O)O/C1=C/C=O,N#C/C=C1/OC(O)C=C1N,2,0.1951,
NC1=CC(=O)O/C1=C/C=O,CC1(N)OC2=NC1=C2C=O,3,0.1429,
NC1=CC(=O)O/C1=C/C=O,C=C1OC(O)C(C#N)=C1N,3,0.093,
NC1=CC(=O)O/C1=C/C=O,Nc1cc2oc1=CC(O)N=2,3,0.1163,
NC1=CC(=O)O/C1=C/C=O,CC12N=CC(=C1N)C(=O)O2,3,0.1707,
NC1=CC(=O)O/C1=C/C=O,NCC1OC12OC1=NC2=C1,3,0.1136,
NC1=CC(=O)O/C1=C/C=O,C=C1OC(O)(C#N)C=C1N,3,0.1429,
NC1=CC(=O)O/C1=C/C=O,N#CCC1OC(=O)C=C1N,3,0.225,
NC1=CC(=O)O/C1=C/C=O,NC1(CC=O)OC2=NC1=C2,2,0.1951,
NC1=CC(=O)O/C1=C/C=O,CC12N=C(O1)C(C=O)=C2N,3,0.175,
NC1=CC(=O)O/C1=C/C=O,NC1OC2=NC1=C2CC=O,3,0.1395,
NC1=CC(=O)O/C1=C/C=O,CC1(N)OC2=C(C=O)C1=N2,3,0.1429,
NC1=CC(=O)O/C1=C/C=O,NC1OC(=O)C2=C1N=CC2,3,0.1395,
NC1=CC(=O)O/C1=C/C=O,NC1=C2CC=NC1OC2=O,3,0.1667,
NC1=CC(=O)O/C1=C/C=O,CC(=O)C(=O)C(N)=CC#N,3,0.0732,
NC1=CC(=O)O/C1=C/C=O,CC(=O)C(N)=C(C#N)C=O,3,0.0976,
NC1=CC(=O)O/C1=C/C=O,NC1=CC2=NC1(CC=O)O2,2,0.2308,
NC1=CC(=O)O/C1=C/C=O,NC1=NC2=CC(O)OC2=C1,3,0.1429,
NC1=CC(=O)O/C1=C/C=O,N#CC(CC=O)=C(N)C=O,3,0.0976,
NC1=CC(=O)O/C1=C/C=O,N#CC=C(N)C(=O)CC=O,2,0.0952,
NC1=CC(=O)O/C1=C/C=O,NC1=CC(=O)OC12CC=N2,2,0.2308,
NC1=CC(=O)O/C1=C/C=O,C=C(N)C(=O)C(C#N)C=O,3,0.0952,
NC1=CC(=O)O/C1=C/C=O,NC1=NC(C(=O)CC=O)=C1,3,0.2051,
NC1=CC(=O)O/C1=C/C=O,NC1=CC(=O)N=CCC1=O,3,0.2162,
NC1=CC(=O)O/C1=C/C=O,O=C=CC1=[NH+]C1=CC(=O)O,3,0.0698,
NC1=CC(=O)O/C1=C/C=O,COc1cc2oc1cc2N,3,0.125,
NC1=CC(=O)O/C1=C/C=O,CC(C=O)C1OC2=NC1=C2,3,0.1667,
NC1=CC(=O)O/C1=C/C=O,CC1=C2OC(=O)C=C2NC1,3,0.2432,
NC1=CC(=O)O/C1=C/C=O,Cc1c(O)c2cc(N)c1o2,3,0.122,
NC1=CC(=O)O/C1=C/C=O,C/C(CO)=c1\oc2cc1n2,3,0.0682,
NC1=CC(=O)O/C1=C/C=O,CC(=O)CC1OC2=NC1=C2,3,0.1395,
NC1=CC(=O)O/C1=C/C=O,CC1C=NC2=CC(=O)OC21,3,0.1707,
NC1=CC(=O)O/C1=C/C=O,CC(O)/C=c1/oc2cc1n2,3,0.0909,
NC1=CC(=O)O/C1=C/C=O,CC1C=C2OC(=O)C=C2N1,3,0.2308,
NC1=CC(=O)O/C1=C/C=O,COC/C=c1/oc2cc1n2,3,0.0889,
NC1=CC(=O)O/C1=C/C=O,CN1CC=C2OC(=O)C=C21,3,0.2308,
NC1=CC(=O)O/C1=C/C=O,CC1=NC2=CC(=O)OC2C1,3,0.1667,
NC1=CC(=O)O/C1=C/C=O,CNc1cc2oc1cc2O,3,0.0714,
NC1=CC(=O)O/C1=C/C=O,O=C(O)/C=c1/oc2cc1n2,2,0.119,
NC1=CC(=O)O/C1=C/C=O,O=C=CC1(O)OC2=CC1=N2,3,0.1395,
NC1=CC(=O)O/C1=C/C=O,O=c1cc2ncocc-2o1,2,0.119,
NC1=CC(=O)O/C1=C/C=O,O=C1C=C2N=C=CC2(O)O1,3,0.1667,
NC1=CC(=O)O/C1=C/C=O,O=C(O)/C=c1\oc2cc1n2,3,0.119,
NC1=CC(=O)O/C1=C/C=O,NC1=CC(=O)OC1=C=C=O,1,0.3939,
NC1=CC(=O)O/C1=C/C=O,C=C1OC(=O)C2=C1N=C2O,3,0.15,
NC1=CC(=O)O/C1=C/C=O,O=CC1OC12OC1=CC2=N1,2,0.1707,
NC1=CC(=O)O/C1=C/C=O,O=C=CC1=NC1=CC(=O)O,3,0.0698,
NC1=CC(=O)O/C1=C/C=O,OC1C=c2oc3nc2c3O1,3,0.0667,
NC1=CC(=O)O/C1=C/C=O,O=Cc1c2nc1/c(=C/O)o2,3,0.119,
NC1=CC(=O)O/C1=C/C=O,O=C1C=C2N=C(O)C=C2O1,2,0.2432,
NC1=CC(=O)O/C1=C/C=O,O=CC1OC12OC1=NC2=C1,2,0.1667,
NC1=CC(=O)O/C1=C/C=O,O=C/C(O)=c1/oc2cc1n2,2,0.1463,
NC1=CC(=O)O/C1=C/C=O,O=C1C=C2N=CC3OC23O1,2,0.1667,
NC1=CC(=O)O/C1=C/C=O,OC1O/C1=c1\oc2cc1n2,3,0.0698,
NC1=CC(=O)O/C1=C/C=O,O=COC=c1oc2cc1n2,2,0.1429,
NC1=CC(=O)O/C1=C/C=O,O=C=CC1(O)OC2=NC1=C2,3,0.1395,
NC1=CC(=O)O/C1=C/C=O,O=C(O)C=C1N=C=CC1=O,3,0.1463,
NC1=CC(=O)O/C1=C/C=O,O=C1C=C2N=CC(O)=C2O1,2,0.2368,
NC1=CC(=O)O/C1=C/C=O,O=C1C=C2OC(=O)C=C2N1,3,0.2571,
NC1=CC(=O)O/C1=C/C=O,C=c1oc2nc1c2C(=O)O,3,0.0698,
NC1=CC(=O)O/C1=C/C=O,O=C=CC(=O)C1=CC(O)=N1,3,0.122,
NC1=CC(=O)O/C1=C/C=O,OCc1oc2c3nc2c1o3,3,0.0476,
NC1=CC(=O)O/C1=C/C=O,O=C1O/C(=C\O)C2=C1C=N2,3,0.2,
NC1=CC(=O)O/C1=C/C=O,CNC/C=c1/oc2cc1n2,3,0.0889,
NC1=CC(=O)O/C1=C/C=O,CC1=c2oc(cc2N)=NC1,3,0.1163,
NC1=CC(=O)O/C1=C/C=O,C/C(CN)=c1\oc2cc1n2,3,0.0909,
NC1=CC(=O)O/C1=C/C=O,CC1C=c2oc(cc2N)=N1,3,0.119,
NC1=CC(=O)O/C1=C/C=O,CC(N)/C=c1/oc2cc1n2,3,0.1163,
NC1=CC(=O)O/C1=C/C=O,N#CC=C(N)C(=O)C=C=O,3,0.0714,
NC1=CC(=O)O/C1=C/C=O,N#C/C=C1\OC(=O)C=C1N,3,0.5484,
NC1=CC(=O)O/C1=C/C=O,NC1=CC2=NC1(C=C=O)O2,3,0.2,
NC1=CC(=O)O/C1=C/C=O,C=C1OC(=O)C(C#N)=C1N,3,0.2105,
NC1=CC(=O)O/C1=C/C=O,NC1=CC(=O)OC12C=C=N2,3,0.2308,
NC1=CC(=O)O/C1=C/C=O,N#C/C=C1/OC(=O)C=C1N,2,0.5484,
NC1=CC(=O)O/C1=C/C=O,NC12C=C=NC1=CC(=O)O2,3,0.1951,
NC1=CC(=O)O/C1=C/C=O,NC1(C=C=O)OC2=CC1=N2,3,0.1667,
NC1=CC(=O)O/C1=C/C=O,NC1(C=C=O)OC2=NC1=C2,3,0.1667,
NC1=CC(=O)O/C1=C/C=O,NC1=NC2=CC(=O)OC2=C1,3,0.3143,
NC1=CC(=O)O/C1=C/C=O,Nc1cc2nc(=O)cc1o2,3,0.1795,
NC1=CC(=O)O/C1=C/C=O,NC(=O)/C=c1/oc2cc1n2,3,0.1429,
NC1=CC(=O)O/C1=C/C=O,CC=c1oc2nc1c2C=O,3,0.119,
NC1=CC(=O)O/C1=C/C=O,CC=C1OC(=O)C2=C1N=C2,3,0.2,
NC1=CC(=O)O/C1=C/C=O,O=CCC=c1oc2cc1n2,3,0.1463,
NC1=CC(=O)O/C1=C/C=O,CC(=O)/C=c1/oc2cc1n2,2,0.1163,
NC1=CC(=O)O/C1=C/C=O,CC1=C2OC(=O)C=C2N=C1,2,0.25,
NC1=CC(=O)O/C1=C/C=O,C=C1OC(=O)C2=C1N=C2C,3,0.15,
NC1=CC(=O)O/C1=C/C=O,C/C(C=O)=c1\oc2cc1n2,2,0.1429,
NC1=CC(=O)O/C1=C/C=O,CC1=NC2=CC(=O)OC2=C1,2,0.2432,
NC1=CC(=O)O/C1=C/C=O,Cc1c2nc1/c(=C\C=O)o2,3,0.2051,
NC1=CC(=O)O/C1=C/C=O,CC1=C2N=CC=C2OC1=O,3,0.1463,
NC1=CC(=O)O/C1=C/C=O,O=C1C=C2N=CCC=C2O1,3,0.2308,
NC1=CC(=O)O/C1=C/C=O,C=c1oc2nc1c2C(C)=O,3,0.0682,
NC1=CC(=O)O/C1=C/C=O,NC(C=O)=CC(=O)Cl,3,0.1111,0.0952
NC1=CC(=O)O/C1=C/C=O,NC(=CC(=O)O)C(O)O,3,0.0811,
NC1=CC(=O)O/C1=C/C=O,NC(=CC(O)O)C(=O)O,3,0.0811,
NC1=CC(=O)O/C1=C/C=O,NC(CC(=O)O)C(=O)O,3,0.0541,
NC1=CC(=O)O/C1=C/C=O,N#CC/C=c1/oc2cc1n2,3,0.0889,
NC1=CC(=O)O/C1=C/C=O,NC(=CC(N)O)C(=O)O,3,0.0789,
NC1=CC(=O)O/C1=C/C=O,NC(=CC(=O)O)C(N)O,3,0.0811,
NC1=CC(=O)O/C1=C/C=O,C=C(N)C(O)CC(=O)O,3,0.05,
NC1=CC(=O)O/C1=C/C=O,CC(O)C(N)=CC(=O)O,3,0.0769,
NC1=CC(=O)O/C1=C/C=O,CC(=O)C(N)=CC(O)O,3,0.0789,
NC1=CC(=O)O/C1=C/C=O,CC(=O)C(N)CC(=O)O,3,0.0513,
NC1=CC(=O)O/C1=C/C=O,C=C(N)C(=O)C(O)CO,3,0.05,
NC1=CC(=O)O/C1=C/C=O,NC(CO)C(=O)CC=O,3,0.1026,
NC1=CC(=O)O/C1=C/C=O,C=C(N)C(O)C(O)C=O,3,0.1081,
NC1=CC(=O)O/C1=C/C=O,NC(C(=O)O)=C1OC1O,3,0.1053,
NC1=CC(=O)O/C1=C/C=O,NC(=C1OC1=O)C(O)O,3,0.2059,
NC1=CC(=O)O/C1=C/C=O,NC=C(C(=O)O)C(=O)O,3,0.0909,
NC1=CC(=O)O/C1=C/C=O,NC(=CC(=O)O)C(=O)O,2,0.0857,
NC1=CC(=O)O/C1=C/C=O,N=C(CC(=O)O)C(=O)O,3,0.027,
NC1=CC(=O)O/C1=C/C=O,NC1=C(C(=O)O)OC1O,3,0.1316,
NC1=CC(=O)O/C1=C/C=O,NC1=C(C(O)O)OC1=O,3,0.2,
NC1=CC(=O)O/C1=C/C=O,CC1(N)OC(O)C=C1N,3,0.125,
NC1=CC(=O)O/C1=C/C=O,CC(N)(N)C(=O)CC=O,3,0.1053,
NC1=CC(=O)O/C1=C/C=O,CC(=O)C(N)=CC(N)O,3,0.0769,
NC1=CC(=O)O/C1=C/C=O,CC(N)C(N)=CC(=O)O,3,0.0769,
NC1=CC(=O)O/C1=C/C=O,NCC(N)C(=O)CC=O,3,0.1026,
NC1=CC(=O)O/C1=C/C=O,NC(=O)C(N)=CC(=O)O,3,0.0857,
NC1=CC(=O)O/C1=C/C=O,NC(=O)C=C(N)C(=O)O,3,0.0857,
NC1=CC(=O)O/C1=C/C=O,CC(=O)C(O)=CC(=O)O,3,0.0556,
NC1=CC(=O)O/C1=C/C=O,CC(O)C(N)=C1OC1=O,3,0.1944,
NC1=CC(=O)O/C1=C/C=O,CC(C(=O)O)=C(N)C=O,3,0.1081,
NC1=CC(=O)O/C1=C/C=O,CC=C(N)C(=O)C(=O)O,3,0.0833,
NC1=CC(=O)O/C1=C/C=O,NC1=CC(O)O/C1=C\O,3,0.2162,
NC1=CC(=O)O/C1=C/C=O,C=C(N)C(=O)CC(=O)O,3,0.0526,
NC1=CC(=O)O/C1=C/C=O,NC1=CC(=O)OCC1O,3,0.2432,
NC1=CC(=O)O/C1=C/C=O,CC1(O)OC(=O)C=C1N,3,0.25,
NC1=CC(=O)O/C1=C/C=O,NC(=C=O)C(=O)CCO,3,0.05,
NC1=CC(=O)O/C1=C/C=O,NC(=CC(=O)O)CC=O,3,0.1053,
NC1=CC(=O)O/C1=C/C=O,C=C(N)OC(=O)CC=O,3,0.1,
NC1=CC(=O)O/C1=C/C=O,NC1=CC(O)OC1C=O,3,0.2105,
NC1=CC(=O)O/C1=C/C=O,CC(=O)C(N)=CC(=O)O,2,0.0811,
NC1=CC(=O)O/C1=C/C=O,CC(=O)C(=CN)C(=O)O,3,0.0811,
NC1=CC(=O)O/C1=C/C=O,NC(=C=O)C(O)CC=O,3,0.1,
NC1=CC(=O)O/C1=C/C=O,NC1(C(=O)CC=O)CO1,3,0.125,
NC1=CC(=O)O/C1=C/C=O,NC1=CC(O)OCC1=O,3,0.2105,
NC1=CC(=O)O/C1=C/C=O,C=C(N)C(=O)COC=O,3,0.1,
NC1=CC(=O)O/C1=C/C=O,NC(C=O)C(=O)CC=O,3,0.1053,
NC1=CC(=O)O/C1=C/C=O,C=C(N)C(=O)C(O)C=O,3,0.1667,
NC1=CC(=O)O/C1=C/C=O,NC1=CC(=O)OC1CO,3,0.2432,
NC1=CC(=O)O/C1=C/C=O,CC(=O)C(N)=C1OC1O,3,0.1026,
NC1=CC(=O)O/C1=C/C=O,C=C(N)C(=O)OCC=O,3,0.1,
NC1=CC(=O)O/C1=C/C=O,NC(C(=O)O)=C1OC1=O,3,0.2059,
NC1=CC(=O)O/C1=C/C=O,NCCC(=O)C(N)=C=O,3,0.05,
NC1=CC(=O)O/C1=C/C=O,NC(=C=O)C(N)CC=O,3,0.1,
NC1=CC(=O)O/C1=C/C=O,CC1(N)OC(=O)C=C1N,2,0.2571,
NC1=CC(=O)O/C1=C/C=O,CC(=O)C(N)=CC(N)=O,3,0.0833,
NC1=CC(=O)O/C1=C/C=O,CC1=C(N)C(N)OC1=O,3,0.1622,
NC1=CC(=O)O/C1=C/C=O,O=C=C(O)C(=O)CC=O,3,0.0769,
NC1=CC(=O)O/C1=C/C=O,C/C=C1/OC(O)C=C1N,3,0.2105,
NC1=CC(=O)O/C1=C/C=O,C=C(NC)C(=O)CC=O,3,0.0732,
NC1=CC(=O)O/C1=C/C=O,C=C1OC(OC)C=C1N,3,0.15,
NC1=CC(=O)O/C1=C/C=O,C/C=C1\OC(O)C=C1N,3,0.2105,
NC1=CC(=O)O/C1=C/C=O,C=C(N)C(=O)CC(C)=O,3,0.0513,
NC1=CC(=O)O/C1=C/C=O,CC=C(N)C(=O)CC=O,3,0.1053,
NC1=CC(=O)O/C1=C/C=O,CCC1OC(=O)C=C1N,3,0.2778,0.2683
NC1=CC(=O)O/C1=C/C=O,C=C(N)C(=O)C(C)C=O,3,0.1026,
NC1=CC(=O)O/C1=C/C=O,NC1=CC(=O)OC12CO2,3,0.25,
NC1=CC(=O)O/C1=C/C=O,C=C(N)C(=O)C(=O)C=O,3,0.1143,
NC1=CC(=O)O/C1=C/C=O,NC1=CC(=O)OC1C=O,3,0.3235,
NC1=CC(=O)O/C1=C/C=O,CC12OC(=O)C(=C1N)O2,3,0.1944,
NC1=CC(=O)O/C1=C/C=O,NC1=CC(=O)OC1=CO,2,0.6071,
NC1=CC(=O)O/C1=C/C=O,CC(=O)C(=O)C(N)=C=O,3,0.0526,
NC1=CC(=O)O/C1=C/C=O,CC(=O)C(N)=C1OC1=O,3,0.2,
NC1=CC(=O)O/C1=C/C=O,NC1=C2OC2OC1=CO,3,0.1579,
NC1=CC(=O)O/C1=C/C=O,NC(=C=O)C(=O)CC=O,2,0.1026,
NC1=CC(=O)O/C1=C/C=O,NC1=C2OC2O/C1=C\O,3,0.1579,
NC1=CC(=O)O/C1=C/C=O,NC1=CC(=O)O/C1=C\O,2,0.6071,
NC1=CC(=O)O/C1=C/C=O,NC1=CC(O)OC1=C=O,2,0.1795,
NC1=CC(=O)O/C1=C/C=O,NC(=C=O)C(C=O)C=O,3,0.1111,
NC1=CC(=O)O/C1=C/C=O,O=C1CC=[NH+]C1=CCO,3,0.119,
NC1=CC(=O)O/C1=C/C=O,O=CCC1=[NH+]C1=CCO,3,0.0976,
NC1=CC(=O)O/C1=C/C=O,C/C=C1\OC(=O)C=C1N,2,0.6071,
NC1=CC(=O)O/C1=C/C=O,O=C1C=C2NCCC2O1,3,0.175,
NC1=CC(=O)O/C1=C/C=O,CC=C1OC(=O)C=C1N,3,0.6071,
NC1=CC(=O)O/C1=C/C=O,O=C1CC=NC1=CCO,3,0.119,
NC1=CC(=O)O/C1=C/C=O,OCCC1OC2=NC1=C2,3,0.0952,
NC1=CC(=O)O/C1=C/C=O,Nc1cc(O)ccc1O,2,0.1111,
NC1=CC(=O)O/C1=C/C=O,C=C1OC(=O)C(C)=C1N,3,0.1944,
NC1=CC(=O)O/C1=C/C=O,O=CCC1=NC1=CCO,3,0.0976,
NC1=CC(=O)O/C1=C/C=O,C/C=C1/OC(=O)C=C1N,2,0.6071,
NC1=CC(=O)O/C1=C/C=O,NC(=C=O)C(=O)C=C=O,3,0.0789,
NC1=CC(=O)O/C1=C/C=O,NC1=C2OC2OC1=C=O,3,0.1282,
NC1=CC(=O)O/C1=C/C=O,NC1=CC(=O)OC1=C=O,2,0.4194,
NC1=CC(=O)O/C1=C/C=O,NC1=CC2=NCCC1O2,3,0.1463,
NC1=CC(=O)O/C1=C/C=O,NCCC1OC2=NC1=C2,3,0.122,
NC1=CC(=O)O/C1=C/C=O,O=CC=C1[NH+]=CCC1=O,3,0.25,
NC1=CC(=O)O/C1=C/C=O,O=CC=C1[NH+]=C1CC=O,3,0.1944,
NC1=CC(=O)O/C1=C/C=O,CC1(C=O)OC2=NC1=C2,3,0.1795,
NC1=CC(=O)O/C1=C/C=O,CC12C=NC1=CC(=O)O2,3,0.1795,
NC1=CC(=O)O/C1=C/C=O,C=C1OC(=O)C2=C1NC2,3,0.125,
NC1=CC(=O)O/C1=C/C=O,O=CC=C1N=C1CC=O,3,0.1944,
NC1=CC(=O)O/C1=C/C=O,CC1OC(=O)C2=C1N=C2,3,0.122,
NC1=CC(=O)O/C1=C/C=O,O=CCC1=C2COC1=N2,3,0.119,
NC1=CC(=O)O/C1=C/C=O,OC/C=c1/oc2cc1n2,2,0.0952,
NC1=CC(=O)O/C1=C/C=O,O=C1C=C2N=CCC2O1,2,0.175,
NC1=CC(=O)O/C1=C/C=O,NC1=CC(=O)C=CC1=O,3,0.3,
NC1=CC(=O)O/C1=C/C=O,O=CCC(=O)C1=CC=N1,3,0.125,
NC1=CC(=O)O/C1=C/C=O,CC1OC2=NC1=C2C=O,3,0.122,
NC1=CC(=O)O/C1=C/C=O,O=CCC1OC2=NC1=C2,2,0.175,
NC1=CC(=O)O/C1=C/C=O,O=C1OCC2=C1CC=N2,3,0.122,
NC1=CC(=O)O/C1=C/C=O,COC=c1oc2cc1n2,3,0.0952,
NC1=CC(=O)O/C1=C/C=O,Nc1cc2oc1cc2O,2,0.1351,
NC1=CC(=O)O/C1=C/C=O,O=C1C=C2NCC=C2O1,2,0.2432,
NC1=CC(=O)O/C1=C/C=O,O=CC=C1N=CCC1=O,3,0.25,
NC1=CC(=O)O/C1=C/C=O,C=c1oc2nc1c2CO,3,0.0465,
NC1=CC(=O)O/C1=C/C=O,OC1C=C2N=CC=C2O1,3,0.0698,
NC1=CC(=O)O/C1=C/C=O,C/C(O)=c1/oc2cc1n2,3,0.0732,
NC1=CC(=O)O/C1=C/C=O,NC/C=c1/oc2cc1n2,2,0.122,
NC1=CC(=O)O/C1=C/C=O,C=c1oc2nc1c2CN,3,0.0714,
NC1=CC(=O)O/C1=C/C=O,C=c1oc2c(c1N)CN=2,3,0.0976,
NC1=CC(=O)O/C1=C/C=O,Nc1cc2oc1=CCN=2,2,0.122,
NC1=CC(=O)O/C1=C/C=O,O=C1C=C2[NH+]=C2C=CO1,3,0.1892,
NC1=CC(=O)O/C1=C/C=O,N#CC=C1[NH+]=CCC1=O,3,0.119,
NC1=CC(=O)O/C1=C/C=O,N#CC=C1[NH+]=C1CC=O,3,0.0952,
NC1=CC(=O)O/C1=C/C=O,O=CC=c1oc2cc1n2,3,0.25,
NC1=CC(=O)O/C1=C/C=O,O=C1C=C2N=C=CC2O1,3,0.175,
NC1=CC(=O)O/C1=C/C=O,C=c1oc2nc1c2C=O,2,0.125,
NC1=CC(=O)O/C1=C/C=O,O=C1C=C2N=CC=C2O1,1,0.25,
NC1=CC(=O)O/C1=C/C=O,C=C1OC(=O)C2=C1N=C2,2,0.1538,
NC1=CC(=O)O/C1=C/C=O,O=C1C=C2N=C2C=CO1,3,0.1842,
NC1=CC(=O)O/C1=C/C=O,O=C=CC1OC2=NC1=C2,3,0.1463,
NC1=CC(=O)O/C1=C/C=O,O=C1C=COC2=NC1=C2,3,0.1892,
NC1=CC(=O)O/C1=C/C=O,O=C/C=c1/oc2cc1n2,1,0.25,
NC1=CC(=O)O/C1=C/C=O,C1=NC2(C1)OC1=CC2=N1,3,0.0976,
NC1=CC(=O)O/C1=C/C=O,C1=NC2=CC3=NC2(C1)O3,3,0.0952,
NC1=CC(=O)O/C1=C/C=O,N#CC=C1N=C1CC=O,3,0.0952,
NC1=CC(=O)O/C1=C/C=O,C1=NC2(C1)OC1=NC2=C1,3,0.0976,
NC1=CC(=O)O/C1=C/C=O,N#CC=C1N=CCC1=O,3,0.119,
NC1=CC(=O)O/C1=C/C=O,O=C=C=c1oc2cc1n2,2,0.0976,
NC1=CC(=O)O/C1=C/C=O,O=C1C=C2N=C=C=C2O1,2,0.2432,
NC1=CC(=O)O/C1=C/C=O,N#C/C=c1/oc2cc1n2,3,0.0952,
NC1=CC(=O)O/C1=C/C=O,NC(=CC(=O)O)CO,3,0.0811,
NC1=CC(=O)O/C1=C/C=O,NC(=CCO)C(=O)O,3,0.0811,
NC1=CC(=O)O/C1=C/C=O,NC(C=O)=CC(N)O,3,0.1111,0.093
NC1=CC(=O)O/C1=C/C=O,NCC(N)=CC(=O)O,3,0.0811,
NC1=CC(=O)O/C1=C/C=O,O=CCC(=O)C(=O)O,3,0.0857,0.0488
NC1=CC(=O)O/C1=C/C=O,O=CC(C=O)C(=O)O,3,0.0909,
NC1=CC(=O)O/C1=C/C=O,CC(N)C(=O)CC=O,3,0.1053,
NC1=CC(=O)O/C1=C/C=O,CC(=O)C(N)=CCO,3,0.0789,
NC1=CC(=O)O/C1=C/C=O,C=C(N)C(=O)CCO,3,0.0526,
NC1=CC(=O)O/C1=C/C=O,C=C(N)C(O)CC=O,3,0.1053,
NC1=CC(=O)O/C1=C/C=O,CC1OC(O)C=C1N,3,0.1316,
NC1=CC(=O)O/C1=C/C=O,NC(C=O)=CC(=O)O,3,0.1143,0.0541
NC1=CC(=O)O/C1=C/C=O,NC(=CC=O)C(=O)O,3,0.1471,
NC1=CC(=O)O/C1=C/C=O,C=C(N)C(N)CC=O,3,0.1053,
NC1=CC(=O)O/C1=C/C=O,C=C(N)C(=O)CCN,3,0.0526,
NC1=CC(=O)O/C1=C/C=O,NC(=O)C=C(N)C=O,3,0.1176,0.093
NC1=CC(=O)O/C1=C/C=O,NC1=CC(=O)OC1N,3,0.2727,0.1667
NC1=CC(=O)O/C1=C/C=O,C=C(O)C(=O)CC=O,3,0.0811,
NC1=CC(=O)O/C1=C/C=O,C=C(N)C(=O)C(C)=O,3,0.0556,
NC1=CC(=O)O/C1=C/C=O,CC1=C(N)COC1=O,3,0.1667,
NC1=CC(=O)O/C1=C/C=O,CC(=O)C(N)=CC=O,3,0.1429,
NC1=CC(=O)O/C1=C/C=O,CC1OC(=O)C=C1N,2,0.2647,
NC1=CC(=O)O/C1=C/C=O,C=C(N)C(=O)CC=O,2,0.1081,
NC1=CC(=O)O/C1=C/C=O,C=C(N)C(C=O)C=O,3,0.1176,
NC1=CC(=O)O/C1=C/C=O,NC=CC(=O)CC=O,3,0.1081,
NC1=CC(=O)O/C1=C/C=O,C=C1OC(O)C=C1N,2,0.1622,
NC1=CC(=O)O/C1=C/C=O,NC(C=O)=CCC=O,3,0.1429,
NC1=CC(=O)O/C1=C/C=O,NC(C=O)=C1OC1=O,3,0.2812,
NC1=CC(=O)O/C1=C/C=O,O=C(O)C1=CC(O)=N1,3,0.1111,
NC1=CC(=O)O/C1=C/C=O,O=C(O)C=C1N=C1O,3,0.0811,
NC1=CC(=O)O/C1=C/C=O,NC1=CC(=O)OC1=O,2,0.4815,
NC1=CC(=O)O/C1=C/C=O,NC1=C=C(O)OC1=O,3,0.2,
NC1=CC(=O)O/C1=C/C=O,CC1=[NH+]C1=CC(=O)O,3,0.0789,
NC1=CC(=O)O/C1=C/C=O,N#CC=C(N)C(=O)O,3,0.0789,
NC1=CC(=O)O/C1=C/C=O,N#CC(N)=CC(=O)O,3,0.0789,
NC1=CC(=O)O/C1=C/C=O,CC(=O)C1=CC(O)=N1,3,0.1081,
NC1=CC(=O)O/C1=C/C=O,C=C1OC2OC2=C1N,3,0.1081,
NC1=CC(=O)O/C1=C/C=O,C=C1OC(=O)C=C1N,1,0.4483,
NC1=CC(=O)O/C1=C/C=O,CC1(O)OC2=NC1=C2,3,0.1026,
NC1=CC(=O)O/C1=C/C=O,CC1(O)OC2=CC1=N2,3,0.1026,
NC1=CC(=O)O/C1=C/C=O,C=C(N)C(=O)C=C=O,3,0.0789,
NC1=CC(=O)O/C1=C/C=O,CC1=NC1=CC(=O)O,3,0.0789,
NC1=CC(=O)O/C1=C/C=O,CC1(N)OC2=CC1=N2,3,0.1316,
NC1=CC(=O)O/C1=C/C=O,CC1(N)OC2=NC1=C2,3,0.1316,
NC1=CC(=O)O/C1=C/C=O,CC(=O)C(N)=CC#N,3,0.0769,
NC1=CC(=O)O/C1=C/C=O,CC12N=C(C=C1N)O2,3,0.1622,
NC1=CC(=O)O/C1=C/C=O,O=C=C1[NH+]=C1CC=O,3,0.1053,
NC1=CC(=O)O/C1=C/C=O,O=C=C1[NH+]=CCC1=O,3,0.1026,
NC1=CC(=O)O/C1=C/C=O,N#CC(=O)C(O)C#N,3,0.0263,
NC1=CC(=O)O/C1=C/C=O,Nc1cccc(O)c1,3,0.1111,
NC1=CC(=O)O/C1=C/C=O,Nc1ccccc1O,3,0.1176,
NC1=CC(=O)O/C1=C/C=O,OC=c1oc2cc1n2,3,0.1026,
NC1=CC(=O)O/C1=C/C=O,OC1C=C2N=C=C2O1,3,0.0714,
NC1=CC(=O)O/C1=C/C=O,O/C=c1\oc2cc1n2,3,0.1026,
NC1=CC(=O)O/C1=C/C=O,O=CCC(=O)C1=C=N1,3,0.1026,
NC1=CC(=O)O/C1=C/C=O,O=C=C1N=CCC1=O,3,0.1026,
NC1=CC(=O)O/C1=C/C=O,O=C=C1N=C1CC=O,3,0.1026,
NC1=CC(=O)O/C1=C/C=O,C/C=c1\oc2cc1n2,3,0.1026,
NC1=CC(=O)O/C1=C/C=O,Nc1cc2ccc1o2,3,0.1714,
NC1=CC(=O)O/C1=C/C=O,C/C=c1/oc2cc1n2,3,0.1026,
NC1=CC(=O)O/C1=C/C=O,O=C=c1oc2cc1n2,3,0.1026,
NC1=CC(=O)O/C1=C/C=O,O=C1C=C2N=C=C2O1,3,0.2571,
NC1=CC(=O)O/C1=C/C=O,NC(N)CC(=O)O,3,0.0571,
NC1=CC(=O)O/C1=C/C=O,NCC(N)C(=O)O,3,0.0556,
NC1=CC(=O)O/C1=C/C=O,NC1=CC(O)OC1,3,0.1351,
NC1=CC(=O)O/C1=C/C=O,NC(C=O)=CCO,3,0.1143,0.093
NC1=CC(=O)O/C1=C/C=O,NC(=C=O)C(=O)O,3,0.0571,
NC1=CC(=O)O/C1=C/C=O,NC1=CC(=O)OC1,3,0.2812,
NC1=CC(=O)O/C1=C/C=O,CC(=O)C(N)=C=O,3,0.0556,
NC1=CC(=O)O/C1=C/C=O,NC(C=O)=CC=O,3,0.1562,0.1163
NC1=CC(=O)O/C1=C/C=O,N#CC(=O)C(=O)O,3,0.0286,
NC1=CC(=O)O/C1=C/C=O,N#CC(=O)CC=O,3,0.0811,
NC1=CC(=O)O/C1=C/C=O,O=CC1=CC(O)=N1,3,0.1765,0.1364
NC1=CC(=O)O/C1=C/C=O,C=C1[NH+]=C1CC=O,3,0.1111,
NC1=CC(=O)O/C1=C/C=O,C=C1[NH+]=CCC1=O,3,0.1081,
NC1=CC(=O)O/C1=C/C=O,N#CC=C(N)C=O,3,0.1111,0.0851
NC1=CC(=O)O/C1=C/C=O,CC1OC2=NC1=C2,3,0.1081,
NC1=CC(=O)O/C1=C/C=O,C=C1N=C1CC=O,3,0.1111,
NC1=CC(=O)O/C1=C/C=O,C=C1N=CCC1=O,3,0.1081,
NC1=CC(=O)O/C1=C/C=O,O=C1OC2=NC1=C2,3,0.2121,
NC1=CC(=O)O/C1=C/C=O,O=C1OC2=CC1=N2,3,0.2121,
NC1=CC(=O)O/C1=C/C=O,O=c1cc2nc-2o1,3,0.1389,
NC1=CC(=O)O/C1=C/C=O,C=c1oc2cc1n2,2,0.0811,
NC1=CC(=O)O/C1=C/C=O,O=C(O)C(=O)O,3,0.0357,
NC1=CC(=O)O/C1=C/C=O,NCCC(=O)O,3,0.0588,
NC1=CC(=O)O/C1=C/C=O,NC(=O)C(=O)O,3,0.1034,
NC1=CC(=O)O/C1=C/C=O,CC(=O)C(=O)O,3,0.0323,
NC1=CC(=O)O/C1=C/C=O,CC(=O)OC=O,3,0.0882,
NC1=CC(=O)O/C1=C/C=O,O=CCC(=O)O,3,0.0909,
NC1=CC(=O)O/C1=C/C=O,C=C(N)C(=O)O,3,0.0625,
NC1=CC(=O)O/C1=C/C=O,NC=CC(=O)O,3,0.0909,0.0526
NC1=CC(=O)O/C1=C/C=O,C=C(N)C(C)=O,3,0.0606,
NC1=CC(=O)O/C1=C/C=O,NC=C1OC1=O,3,0.2759,0.1481
NC1=CC(=O)O/C1=C/C=O,NC(=C=O)C=O,3,0.1212,0.0909
NC1=CC(=O)O/C1=C/C=O,N#CC(O)C#N,3,0.0,
NC1=CC(=O)O/C1=C/C=O,N#CC(=O)C#N,3,0.0312,
NC1=CC(=O)O/C1=C/C=O,O=CC(=O)O,3,0.1034,
NC1=CC(=O)O/C1=C/C=O,NC(=O)C=O,3,0.1379,
NC1=CC(=O)O/C1=C/C=O,O=CC=NO,3,0.129,
NC1=CC(=O)O/C1=C/C=O,O=CCC=O,3,0.1481,0.0952
NC1=CC(=O)O/C1=C/C=O,C=C(N)C=O,3,0.1333,0.0976
NC1=CC(=O)O/C1=C/C=O,CC(O)C#N,3,0.0,
NC1=CC(=O)O/C1=C/C=O,N#COC=O,3,0.0909,
NC1=CC(=O)O/C1=C/C=O,N#CC(=O)O,3,0.0312,
NC1=CC(=O)O/C1=C/C=O,CC(=O)C#N,3,0.0303,
NC1=CC(=O)O/C1=C/C=O,N#CC=CN,3,0.0938,0.093
NC1=CC(=O)O/C1=C/C=O,NC(=O)O,3,0.0714,
NC1=CC(=O)O/C1=C/C=O,COC=O,3,0.1034,
NC1=CC(=O)O/C1=C/C=O,O=CCO,3,0.1034,
NC1=CC(=O)O/C1=C/C=O,CC(N)=O,3,0.069,
NC1=CC(=O)O/C1=C/C=O,CCC=O,3,0.1034,
NC1=CC(=O)O/C1=C/C=O,CC(C)=O,3,0.0357,
NC1=CC(=O)O/C1=C/C=O,O=CC=O,3,0.1667,0.1351
NC1=CC(=O)O/C1=C/C=O,N#CCO,3,0.0,
NC1=CC(=O)O/C1=C/C=O,N#CCN,3,0.0323,
NC1=CC(=O)O/C1=C/C=O,N#CC=O,2,0.1034,
NC1=CC(=O)O/C1=C/C=O,CCl,3,0.0,
NC1=CC(=O)O/C1=C/C=O,COC,3,0.0,
NC1=CC(=O)O/C1=C/C=O,CCO,3,0.0,
NC1=CC(=O)O/C1=C/C=O,O=CO,2,0.1154,
NC1=CC(=O)O/C1=C/C=O,CCN,3,0.0357,
NC1=CC(=O)O/C1=C/C=O,C=NO,3,0.0,
NC1=CC(=O)O/C1=C/C=O,NC=O,3,0.16,
NC1=CC(=O)O/C1=C/C=O,C=CN,3,0.0741,
NC1=CC(=O)O/C1=C/C=O,CN,3,0.04,
