
=== ADMET profile prediction ===
inputFile: BacillusAnthracis_generatedCompounds_wART.csv
SMILES column: Canonical_SMILES
outputCsv: /mnt/data.ese/nfs/users/sghosh6/DTRA_project/MACAW/SynThera/BacillusAnthracis/Results_BacillusAnthracis/BacillusAnthracis_generatedCompounds_wART_wADMET.csv
checkpoint: /mnt/data.ese/nfs/users/sghosh6/DTRA_project/MACAW/SynThera/BacillusAnthracis/Results_BacillusAnthracis/BacillusAnthracis_generatedCompounds_wART_wADMET_checkpoint.csv

Applying diversity filter...
diversity: processed 1000/642240 | +911 new | total 911
diversity: processed 2000/642240 | +894 new | total 1805
diversity: processed 3000/642240 | +871 new | total 2676
diversity: processed 4000/642240 | +882 new | total 3558
diversity: processed 5000/642240 | +839 new | total 4397
diversity: processed 6000/642240 | +851 new | total 5248
diversity: processed 7000/642240 | +852 new | total 6100
diversity: processed 8000/642240 | +845 new | total 6945
diversity: processed 9000/642240 | +844 new | total 7789
diversity: processed 10000/642240 | +809 new | total 8598
diversity: processed 11000/642240 | +820 new | total 9418
diversity: processed 12000/642240 | +810 new | total 10228
diversity: processed 13000/642240 | +816 new | total 11044
diversity: processed 14000/642240 | +818 new | total 11862
diversity: processed 15000/642240 | +797 new | total 12659
diversity: processed 16000/642240 | +804 new | total 13463
diversity: processed 17000/642240 | +809 new | total 14272
diversity: processed 18000/642240 | +789 new | total 15061
diversity: processed 19000/642240 | +786 new | total 15847
diversity: processed 20000/642240 | +757 new | total 16604
diversity: processed 21000/642240 | +773 new | total 17377
diversity: processed 22000/642240 | +760 new | total 18137
diversity: processed 23000/642240 | +773 new | total 18910
diversity: processed 24000/642240 | +758 new | total 19668
diversity: processed 25000/642240 | +756 new | total 20424
diversity: processed 26000/642240 | +755 new | total 21179
diversity: processed 27000/642240 | +756 new | total 21935
diversity: processed 28000/642240 | +767 new | total 22702
diversity: processed 29000/642240 | +750 new | total 23452
diversity: processed 30000/642240 | +767 new | total 24219
diversity: processed 31000/642240 | +743 new | total 24962
diversity: processed 32000/642240 | +734 new | total 25696
diversity: processed 33000/642240 | +741 new | total 26437
diversity: processed 34000/642240 | +713 new | total 27150
diversity: processed 35000/642240 | +713 new | total 27863
diversity: processed 36000/642240 | +713 new | total 28576
diversity: processed 37000/642240 | +714 new | total 29290
diversity: processed 38000/642240 | +753 new | total 30043
diversity: processed 39000/642240 | +709 new | total 30752
diversity: processed 40000/642240 | +772 new | total 31524
diversity: processed 41000/642240 | +712 new | total 32236
diversity: processed 42000/642240 | +689 new | total 32925
diversity: processed 43000/642240 | +716 new | total 33641
diversity: processed 44000/642240 | +715 new | total 34356
diversity: processed 45000/642240 | +707 new | total 35063
diversity: processed 46000/642240 | +711 new | total 35774
diversity: processed 47000/642240 | +689 new | total 36463
diversity: processed 48000/642240 | +702 new | total 37165
diversity: processed 49000/642240 | +667 new | total 37832
diversity: processed 50000/642240 | +696 new | total 38528
diversity: processed 51000/642240 | +715 new | total 39243
diversity: processed 52000/642240 | +688 new | total 39931
diversity: processed 53000/642240 | +681 new | total 40612
diversity: processed 54000/642240 | +661 new | total 41273
diversity: processed 55000/642240 | +667 new | total 41940
diversity: processed 56000/642240 | +648 new | total 42588
diversity: processed 57000/642240 | +653 new | total 43241
diversity: processed 58000/642240 | +661 new | total 43902
diversity: processed 59000/642240 | +660 new | total 44562
diversity: processed 60000/642240 | +700 new | total 45262
diversity: processed 61000/642240 | +676 new | total 45938
diversity: processed 62000/642240 | +685 new | total 46623
diversity: processed 63000/642240 | +650 new | total 47273
diversity: processed 64000/642240 | +676 new | total 47949
diversity: processed 65000/642240 | +631 new | total 48580
diversity: processed 66000/642240 | +676 new | total 49256
diversity: processed 67000/642240 | +648 new | total 49904
diversity: processed 68000/642240 | +648 new | total 50552
diversity: processed 69000/642240 | +645 new | total 51197
diversity: processed 70000/642240 | +627 new | total 51824
diversity: processed 71000/642240 | +672 new | total 52496
diversity: processed 72000/642240 | +649 new | total 53145
diversity: processed 73000/642240 | +639 new | total 53784
diversity: processed 74000/642240 | +643 new | total 54427
diversity: processed 75000/642240 | +649 new | total 55076
diversity: processed 76000/642240 | +637 new | total 55713
diversity: processed 77000/642240 | +640 new | total 56353
diversity: processed 78000/642240 | +634 new | total 56987
diversity: processed 79000/642240 | +611 new | total 57598
diversity: processed 80000/642240 | +615 new | total 58213
diversity: processed 81000/642240 | +624 new | total 58837
diversity: processed 82000/642240 | +636 new | total 59473
diversity: processed 83000/642240 | +636 new | total 60109
diversity: processed 84000/642240 | +628 new | total 60737
diversity: processed 85000/642240 | +635 new | total 61372
diversity: processed 86000/642240 | +640 new | total 62012
diversity: processed 87000/642240 | +619 new | total 62631
diversity: processed 88000/642240 | +635 new | total 63266
diversity: processed 89000/642240 | +603 new | total 63869
diversity: processed 90000/642240 | +637 new | total 64506
diversity: processed 91000/642240 | +620 new | total 65126
diversity: processed 92000/642240 | +609 new | total 65735
diversity: processed 93000/642240 | +642 new | total 66377
diversity: processed 94000/642240 | +621 new | total 66998
diversity: processed 95000/642240 | +626 new | total 67624
diversity: processed 96000/642240 | +612 new | total 68236
diversity: processed 97000/642240 | +595 new | total 68831
diversity: processed 98000/642240 | +576 new | total 69407
diversity: processed 99000/642240 | +611 new | total 70018
diversity: processed 100000/642240 | +615 new | total 70633
diversity: processed 101000/642240 | +559 new | total 71192
diversity: processed 102000/642240 | +628 new | total 71820
diversity: processed 103000/642240 | +615 new | total 72435
diversity: processed 104000/642240 | +609 new | total 73044
diversity: processed 105000/642240 | +612 new | total 73656
diversity: processed 106000/642240 | +621 new | total 74277
diversity: processed 107000/642240 | +610 new | total 74887
diversity: processed 108000/642240 | +576 new | total 75463
diversity: processed 109000/642240 | +575 new | total 76038
diversity: processed 110000/642240 | +566 new | total 76604
diversity: processed 111000/642240 | +604 new | total 77208
diversity: processed 112000/642240 | +580 new | total 77788
diversity: processed 113000/642240 | +578 new | total 78366
diversity: processed 114000/642240 | +584 new | total 78950
diversity: processed 115000/642240 | +591 new | total 79541
diversity: processed 116000/642240 | +561 new | total 80102
diversity: processed 117000/642240 | +600 new | total 80702
diversity: processed 118000/642240 | +592 new | total 81294
diversity: processed 119000/642240 | +583 new | total 81877
diversity: processed 120000/642240 | +560 new | total 82437
diversity: processed 121000/642240 | +603 new | total 83040
diversity: processed 122000/642240 | +594 new | total 83634
diversity: processed 123000/642240 | +588 new | total 84222
diversity: processed 124000/642240 | +577 new | total 84799
diversity: processed 125000/642240 | +583 new | total 85382
diversity: processed 126000/642240 | +585 new | total 85967
diversity: processed 127000/642240 | +571 new | total 86538
diversity: processed 128000/642240 | +611 new | total 87149
diversity: processed 129000/642240 | +575 new | total 87724
diversity: processed 130000/642240 | +576 new | total 88300
diversity: processed 131000/642240 | +568 new | total 88868
diversity: processed 132000/642240 | +551 new | total 89419
diversity: processed 133000/642240 | +563 new | total 89982
diversity: processed 134000/642240 | +588 new | total 90570
diversity: processed 135000/642240 | +576 new | total 91146
diversity: processed 136000/642240 | +561 new | total 91707
diversity: processed 137000/642240 | +563 new | total 92270
diversity: processed 138000/642240 | +553 new | total 92823
diversity: processed 139000/642240 | +543 new | total 93366
diversity: processed 140000/642240 | +534 new | total 93900
diversity: processed 141000/642240 | +560 new | total 94460
diversity: processed 142000/642240 | +542 new | total 95002
diversity: processed 143000/642240 | +557 new | total 95559
diversity: processed 144000/642240 | +548 new | total 96107
diversity: processed 145000/642240 | +528 new | total 96635
diversity: processed 146000/642240 | +555 new | total 97190
diversity: processed 147000/642240 | +553 new | total 97743
diversity: processed 148000/642240 | +562 new | total 98305
diversity: processed 149000/642240 | +531 new | total 98836
diversity: processed 150000/642240 | +509 new | total 99345
diversity: processed 151000/642240 | +561 new | total 99906
diversity: processed 152000/642240 | +555 new | total 100461
diversity: processed 153000/642240 | +559 new | total 101020
diversity: processed 154000/642240 | +570 new | total 101590
diversity: processed 155000/642240 | +541 new | total 102131
diversity: processed 156000/642240 | +527 new | total 102658
diversity: processed 157000/642240 | +533 new | total 103191
diversity: processed 158000/642240 | +549 new | total 103740
diversity: processed 159000/642240 | +530 new | total 104270
diversity: processed 160000/642240 | +527 new | total 104797
diversity: processed 161000/642240 | +581 new | total 105378
diversity: processed 162000/642240 | +530 new | total 105908
diversity: processed 163000/642240 | +536 new | total 106444
diversity: processed 164000/642240 | +529 new | total 106973
diversity: processed 165000/642240 | +492 new | total 107465
diversity: processed 166000/642240 | +524 new | total 107989
diversity: processed 167000/642240 | +517 new | total 108506
diversity: processed 168000/642240 | +502 new | total 109008
diversity: processed 169000/642240 | +535 new | total 109543
diversity: processed 170000/642240 | +535 new | total 110078
diversity: processed 171000/642240 | +519 new | total 110597
diversity: processed 172000/642240 | +520 new | total 111117
diversity: processed 173000/642240 | +527 new | total 111644
diversity: processed 174000/642240 | +505 new | total 112149
diversity: processed 175000/642240 | +531 new | total 112680
diversity: processed 176000/642240 | +520 new | total 113200
diversity: processed 177000/642240 | +536 new | total 113736
diversity: processed 178000/642240 | +540 new | total 114276
diversity: processed 179000/642240 | +547 new | total 114823
diversity: processed 180000/642240 | +529 new | total 115352
diversity: processed 181000/642240 | +508 new | total 115860
diversity: processed 182000/642240 | +490 new | total 116350
diversity: processed 183000/642240 | +510 new | total 116860
diversity: processed 184000/642240 | +496 new | total 117356
diversity: processed 185000/642240 | +525 new | total 117881
diversity: processed 186000/642240 | +494 new | total 118375
diversity: processed 187000/642240 | +534 new | total 118909
diversity: processed 188000/642240 | +528 new | total 119437
diversity: processed 189000/642240 | +498 new | total 119935
diversity: processed 190000/642240 | +517 new | total 120452
diversity: processed 191000/642240 | +522 new | total 120974
diversity: processed 192000/642240 | +516 new | total 121490
diversity: processed 193000/642240 | +534 new | total 122024
diversity: processed 194000/642240 | +508 new | total 122532
diversity: processed 195000/642240 | +496 new | total 123028
diversity: processed 196000/642240 | +502 new | total 123530
diversity: processed 197000/642240 | +527 new | total 124057
diversity: processed 198000/642240 | +524 new | total 124581
diversity: processed 199000/642240 | +493 new | total 125074
diversity: processed 200000/642240 | +517 new | total 125591
diversity: processed 201000/642240 | +518 new | total 126109
diversity: processed 202000/642240 | +551 new | total 126660
diversity: processed 203000/642240 | +520 new | total 127180
diversity: processed 204000/642240 | +527 new | total 127707
diversity: processed 205000/642240 | +502 new | total 128209
diversity: processed 206000/642240 | +504 new | total 128713
diversity: processed 207000/642240 | +496 new | total 129209
diversity: processed 208000/642240 | +480 new | total 129689
diversity: processed 209000/642240 | +522 new | total 130211
diversity: processed 210000/642240 | +515 new | total 130726
diversity: processed 211000/642240 | +538 new | total 131264
diversity: processed 212000/642240 | +495 new | total 131759
diversity: processed 213000/642240 | +506 new | total 132265
diversity: processed 214000/642240 | +526 new | total 132791
diversity: processed 215000/642240 | +517 new | total 133308
diversity: processed 216000/642240 | +500 new | total 133808
diversity: processed 217000/642240 | +535 new | total 134343
diversity: processed 218000/642240 | +516 new | total 134859
diversity: processed 219000/642240 | +521 new | total 135380
diversity: processed 220000/642240 | +477 new | total 135857
diversity: processed 221000/642240 | +505 new | total 136362
diversity: processed 222000/642240 | +511 new | total 136873
diversity: processed 223000/642240 | +470 new | total 137343
diversity: processed 224000/642240 | +510 new | total 137853
diversity: processed 225000/642240 | +509 new | total 138362
diversity: processed 226000/642240 | +509 new | total 138871
diversity: processed 227000/642240 | +534 new | total 139405
diversity: processed 228000/642240 | +523 new | total 139928
diversity: processed 229000/642240 | +495 new | total 140423
diversity: processed 230000/642240 | +497 new | total 140920
diversity: processed 231000/642240 | +501 new | total 141421
diversity: processed 232000/642240 | +521 new | total 141942
diversity: processed 233000/642240 | +481 new | total 142423
diversity: processed 234000/642240 | +499 new | total 142922
diversity: processed 235000/642240 | +470 new | total 143392
diversity: processed 236000/642240 | +488 new | total 143880
diversity: processed 237000/642240 | +498 new | total 144378
diversity: processed 238000/642240 | +488 new | total 144866
diversity: processed 239000/642240 | +498 new | total 145364
diversity: processed 240000/642240 | +518 new | total 145882
diversity: processed 241000/642240 | +519 new | total 146401
diversity: processed 242000/642240 | +492 new | total 146893
diversity: processed 243000/642240 | +483 new | total 147376
diversity: processed 244000/642240 | +469 new | total 147845
diversity: processed 245000/642240 | +514 new | total 148359
diversity: processed 246000/642240 | +509 new | total 148868
diversity: processed 247000/642240 | +490 new | total 149358
diversity: processed 248000/642240 | +503 new | total 149861
diversity: processed 249000/642240 | +493 new | total 150354
diversity: processed 250000/642240 | +480 new | total 150834
diversity: processed 251000/642240 | +499 new | total 151333
diversity: processed 252000/642240 | +497 new | total 151830
diversity: processed 253000/642240 | +488 new | total 152318
diversity: processed 254000/642240 | +489 new | total 152807
diversity: processed 255000/642240 | +481 new | total 153288
diversity: processed 256000/642240 | +516 new | total 153804
diversity: processed 257000/642240 | +496 new | total 154300
diversity: processed 258000/642240 | +502 new | total 154802
diversity: processed 259000/642240 | +497 new | total 155299
diversity: processed 260000/642240 | +508 new | total 155807
diversity: processed 261000/642240 | +489 new | total 156296
diversity: processed 262000/642240 | +469 new | total 156765
diversity: processed 263000/642240 | +486 new | total 157251
diversity: processed 264000/642240 | +529 new | total 157780
diversity: processed 265000/642240 | +472 new | total 158252
diversity: processed 266000/642240 | +475 new | total 158727
diversity: processed 267000/642240 | +502 new | total 159229
diversity: processed 268000/642240 | +465 new | total 159694
diversity: processed 269000/642240 | +483 new | total 160177
diversity: processed 270000/642240 | +488 new | total 160665
diversity: processed 271000/642240 | +473 new | total 161138
diversity: processed 272000/642240 | +471 new | total 161609
diversity: processed 273000/642240 | +466 new | total 162075
diversity: processed 274000/642240 | +483 new | total 162558
diversity: processed 275000/642240 | +450 new | total 163008
diversity: processed 276000/642240 | +467 new | total 163475
diversity: processed 277000/642240 | +510 new | total 163985
diversity: processed 278000/642240 | +461 new | total 164446
diversity: processed 279000/642240 | +450 new | total 164896
diversity: processed 280000/642240 | +467 new | total 165363
diversity: processed 281000/642240 | +505 new | total 165868
diversity: processed 282000/642240 | +478 new | total 166346
diversity: processed 283000/642240 | +471 new | total 166817
diversity: processed 284000/642240 | +485 new | total 167302
diversity: processed 285000/642240 | +515 new | total 167817
diversity: processed 286000/642240 | +481 new | total 168298
diversity: processed 287000/642240 | +458 new | total 168756
diversity: processed 288000/642240 | +479 new | total 169235
diversity: processed 289000/642240 | +488 new | total 169723
diversity: processed 290000/642240 | +471 new | total 170194
diversity: processed 291000/642240 | +472 new | total 170666
diversity: processed 292000/642240 | +483 new | total 171149
diversity: processed 293000/642240 | +507 new | total 171656
diversity: processed 294000/642240 | +458 new | total 172114
diversity: processed 295000/642240 | +474 new | total 172588
diversity: processed 296000/642240 | +471 new | total 173059
diversity: processed 297000/642240 | +488 new | total 173547
diversity: processed 298000/642240 | +498 new | total 174045
diversity: processed 299000/642240 | +477 new | total 174522
diversity: processed 300000/642240 | +495 new | total 175017
diversity: processed 301000/642240 | +478 new | total 175495
diversity: processed 302000/642240 | +503 new | total 175998
diversity: processed 303000/642240 | +479 new | total 176477
diversity: processed 304000/642240 | +473 new | total 176950
diversity: processed 305000/642240 | +491 new | total 177441
diversity: processed 306000/642240 | +476 new | total 177917
diversity: processed 307000/642240 | +470 new | total 178387
diversity: processed 308000/642240 | +448 new | total 178835
diversity: processed 309000/642240 | +477 new | total 179312
diversity: processed 310000/642240 | +471 new | total 179783
diversity: processed 311000/642240 | +475 new | total 180258
diversity: processed 312000/642240 | +483 new | total 180741
diversity: processed 313000/642240 | +444 new | total 181185
diversity: processed 314000/642240 | +466 new | total 181651
diversity: processed 315000/642240 | +486 new | total 182137
diversity: processed 316000/642240 | +446 new | total 182583
diversity: processed 317000/642240 | +452 new | total 183035
diversity: processed 318000/642240 | +489 new | total 183524
diversity: processed 319000/642240 | +467 new | total 183991
diversity: processed 320000/642240 | +463 new | total 184454
diversity: processed 321000/642240 | +455 new | total 184909
diversity: processed 322000/642240 | +471 new | total 185380
diversity: processed 323000/642240 | +460 new | total 185840
diversity: processed 324000/642240 | +454 new | total 186294
diversity: processed 325000/642240 | +496 new | total 186790
diversity: processed 326000/642240 | +441 new | total 187231
diversity: processed 327000/642240 | +470 new | total 187701
diversity: processed 328000/642240 | +460 new | total 188161
diversity: processed 329000/642240 | +450 new | total 188611
diversity: processed 330000/642240 | +436 new | total 189047
diversity: processed 331000/642240 | +449 new | total 189496
diversity: processed 332000/642240 | +483 new | total 189979
diversity: processed 333000/642240 | +480 new | total 190459
diversity: processed 334000/642240 | +460 new | total 190919
diversity: processed 335000/642240 | +485 new | total 191404
diversity: processed 336000/642240 | +467 new | total 191871
diversity: processed 337000/642240 | +482 new | total 192353
diversity: processed 338000/642240 | +473 new | total 192826
diversity: processed 339000/642240 | +454 new | total 193280
diversity: processed 340000/642240 | +460 new | total 193740
diversity: processed 341000/642240 | +499 new | total 194239
diversity: processed 342000/642240 | +472 new | total 194711
diversity: processed 343000/642240 | +480 new | total 195191
diversity: processed 344000/642240 | +429 new | total 195620
diversity: processed 345000/642240 | +452 new | total 196072
diversity: processed 346000/642240 | +481 new | total 196553
diversity: processed 347000/642240 | +482 new | total 197035
diversity: processed 348000/642240 | +445 new | total 197480
diversity: processed 349000/642240 | +442 new | total 197922
diversity: processed 350000/642240 | +454 new | total 198376
diversity: processed 351000/642240 | +444 new | total 198820
diversity: processed 352000/642240 | +491 new | total 199311
diversity: processed 353000/642240 | +479 new | total 199790
diversity: processed 354000/642240 | +455 new | total 200245
diversity: processed 355000/642240 | +468 new | total 200713
diversity: processed 356000/642240 | +454 new | total 201167
diversity: processed 357000/642240 | +470 new | total 201637
diversity: processed 358000/642240 | +468 new | total 202105
diversity: processed 359000/642240 | +456 new | total 202561
diversity: processed 360000/642240 | +468 new | total 203029
diversity: processed 361000/642240 | +476 new | total 203505
diversity: processed 362000/642240 | +495 new | total 204000
diversity: processed 363000/642240 | +455 new | total 204455
diversity: processed 364000/642240 | +456 new | total 204911
diversity: processed 365000/642240 | +457 new | total 205368
diversity: processed 366000/642240 | +457 new | total 205825
diversity: processed 367000/642240 | +445 new | total 206270
diversity: processed 368000/642240 | +457 new | total 206727
diversity: processed 369000/642240 | +455 new | total 207182
diversity: processed 370000/642240 | +462 new | total 207644
diversity: processed 371000/642240 | +431 new | total 208075
diversity: processed 372000/642240 | +453 new | total 208528
diversity: processed 373000/642240 | +461 new | total 208989
diversity: processed 374000/642240 | +466 new | total 209455
diversity: processed 375000/642240 | +427 new | total 209882
diversity: processed 376000/642240 | +458 new | total 210340
diversity: processed 377000/642240 | +502 new | total 210842
diversity: processed 378000/642240 | +471 new | total 211313
diversity: processed 379000/642240 | +457 new | total 211770
diversity: processed 380000/642240 | +460 new | total 212230
diversity: processed 381000/642240 | +437 new | total 212667
diversity: processed 382000/642240 | +432 new | total 213099
diversity: processed 383000/642240 | +450 new | total 213549
diversity: processed 384000/642240 | +465 new | total 214014
diversity: processed 385000/642240 | +473 new | total 214487
diversity: processed 386000/642240 | +436 new | total 214923
diversity: processed 387000/642240 | +460 new | total 215383
diversity: processed 388000/642240 | +479 new | total 215862
diversity: processed 389000/642240 | +440 new | total 216302
diversity: processed 390000/642240 | +443 new | total 216745
diversity: processed 391000/642240 | +461 new | total 217206
diversity: processed 392000/642240 | +456 new | total 217662
diversity: processed 393000/642240 | +453 new | total 218115
diversity: processed 394000/642240 | +460 new | total 218575
diversity: processed 395000/642240 | +441 new | total 219016
diversity: processed 396000/642240 | +464 new | total 219480
diversity: processed 397000/642240 | +449 new | total 219929
diversity: processed 398000/642240 | +460 new | total 220389
diversity: processed 399000/642240 | +454 new | total 220843
diversity: processed 400000/642240 | +444 new | total 221287
diversity: processed 401000/642240 | +445 new | total 221732
diversity: processed 402000/642240 | +457 new | total 222189
diversity: processed 403000/642240 | +434 new | total 222623
diversity: processed 404000/642240 | +485 new | total 223108
diversity: processed 405000/642240 | +454 new | total 223562
diversity: processed 406000/642240 | +480 new | total 224042
diversity: processed 407000/642240 | +458 new | total 224500
diversity: processed 408000/642240 | +451 new | total 224951
diversity: processed 409000/642240 | +451 new | total 225402
diversity: processed 410000/642240 | +447 new | total 225849
diversity: processed 411000/642240 | +434 new | total 226283
diversity: processed 412000/642240 | +439 new | total 226722
diversity: processed 413000/642240 | +463 new | total 227185
diversity: processed 414000/642240 | +441 new | total 227626
diversity: processed 415000/642240 | +420 new | total 228046
diversity: processed 416000/642240 | +431 new | total 228477
diversity: processed 417000/642240 | +457 new | total 228934
diversity: processed 418000/642240 | +442 new | total 229376
diversity: processed 419000/642240 | +467 new | total 229843
diversity: processed 420000/642240 | +453 new | total 230296
diversity: processed 421000/642240 | +454 new | total 230750
diversity: processed 422000/642240 | +429 new | total 231179
diversity: processed 423000/642240 | +423 new | total 231602
diversity: processed 424000/642240 | +443 new | total 232045
diversity: processed 425000/642240 | +452 new | total 232497
diversity: processed 426000/642240 | +457 new | total 232954
diversity: processed 427000/642240 | +455 new | total 233409
diversity: processed 428000/642240 | +451 new | total 233860
diversity: processed 429000/642240 | +438 new | total 234298
diversity: processed 430000/642240 | +446 new | total 234744
diversity: processed 431000/642240 | +446 new | total 235190
diversity: processed 432000/642240 | +479 new | total 235669
diversity: processed 433000/642240 | +440 new | total 236109
diversity: processed 434000/642240 | +432 new | total 236541
diversity: processed 435000/642240 | +467 new | total 237008
diversity: processed 436000/642240 | +461 new | total 237469
diversity: processed 437000/642240 | +436 new | total 237905
diversity: processed 438000/642240 | +427 new | total 238332
diversity: processed 439000/642240 | +414 new | total 238746
diversity: processed 440000/642240 | +451 new | total 239197
diversity: processed 441000/642240 | +447 new | total 239644
diversity: processed 442000/642240 | +489 new | total 240133
diversity: processed 443000/642240 | +464 new | total 240597
diversity: processed 444000/642240 | +442 new | total 241039
diversity: processed 445000/642240 | +435 new | total 241474
diversity: processed 446000/642240 | +429 new | total 241903
diversity: processed 447000/642240 | +468 new | total 242371
diversity: processed 448000/642240 | +452 new | total 242823
diversity: processed 449000/642240 | +433 new | total 243256
diversity: processed 450000/642240 | +466 new | total 243722
diversity: processed 451000/642240 | +458 new | total 244180
diversity: processed 452000/642240 | +431 new | total 244611
diversity: processed 453000/642240 | +440 new | total 245051
diversity: processed 454000/642240 | +455 new | total 245506
diversity: processed 455000/642240 | +465 new | total 245971
diversity: processed 456000/642240 | +431 new | total 246402
diversity: processed 457000/642240 | +435 new | total 246837
diversity: processed 458000/642240 | +468 new | total 247305
diversity: processed 459000/642240 | +438 new | total 247743
diversity: processed 460000/642240 | +458 new | total 248201
diversity: processed 461000/642240 | +454 new | total 248655
diversity: processed 462000/642240 | +472 new | total 249127
diversity: processed 463000/642240 | +446 new | total 249573
diversity: processed 464000/642240 | +434 new | total 250007
diversity: processed 465000/642240 | +422 new | total 250429
diversity: processed 466000/642240 | +438 new | total 250867
diversity: processed 467000/642240 | +444 new | total 251311
diversity: processed 468000/642240 | +429 new | total 251740
diversity: processed 469000/642240 | +470 new | total 252210
diversity: processed 470000/642240 | +418 new | total 252628
diversity: processed 471000/642240 | +423 new | total 253051
diversity: processed 472000/642240 | +461 new | total 253512
diversity: processed 473000/642240 | +459 new | total 253971
diversity: processed 474000/642240 | +421 new | total 254392
diversity: processed 475000/642240 | +412 new | total 254804
diversity: processed 476000/642240 | +459 new | total 255263
diversity: processed 477000/642240 | +452 new | total 255715
diversity: processed 478000/642240 | +458 new | total 256173
diversity: processed 479000/642240 | +447 new | total 256620
diversity: processed 480000/642240 | +455 new | total 257075
diversity: processed 481000/642240 | +443 new | total 257518
diversity: processed 482000/642240 | +433 new | total 257951
diversity: processed 483000/642240 | +438 new | total 258389
diversity: processed 484000/642240 | +479 new | total 258868
diversity: processed 485000/642240 | +444 new | total 259312
diversity: processed 486000/642240 | +433 new | total 259745
diversity: processed 487000/642240 | +438 new | total 260183
diversity: processed 488000/642240 | +401 new | total 260584
diversity: processed 489000/642240 | +432 new | total 261016
diversity: processed 490000/642240 | +437 new | total 261453
diversity: processed 491000/642240 | +438 new | total 261891
diversity: processed 492000/642240 | +439 new | total 262330
diversity: processed 493000/642240 | +448 new | total 262778
diversity: processed 494000/642240 | +442 new | total 263220
diversity: processed 495000/642240 | +400 new | total 263620
diversity: processed 496000/642240 | +436 new | total 264056
diversity: processed 497000/642240 | +438 new | total 264494
diversity: processed 498000/642240 | +446 new | total 264940
diversity: processed 499000/642240 | +445 new | total 265385
diversity: processed 500000/642240 | +465 new | total 265850
diversity: processed 501000/642240 | +434 new | total 266284
diversity: processed 502000/642240 | +447 new | total 266731
diversity: processed 503000/642240 | +469 new | total 267200
diversity: processed 504000/642240 | +414 new | total 267614
diversity: processed 505000/642240 | +455 new | total 268069
diversity: processed 506000/642240 | +443 new | total 268512
diversity: processed 507000/642240 | +456 new | total 268968
diversity: processed 508000/642240 | +443 new | total 269411
diversity: processed 509000/642240 | +433 new | total 269844
diversity: processed 510000/642240 | +432 new | total 270276
diversity: processed 511000/642240 | +451 new | total 270727
diversity: processed 512000/642240 | +437 new | total 271164
diversity: processed 513000/642240 | +421 new | total 271585
diversity: processed 514000/642240 | +451 new | total 272036
diversity: processed 515000/642240 | +442 new | total 272478
diversity: processed 516000/642240 | +470 new | total 272948
diversity: processed 517000/642240 | +442 new | total 273390
diversity: processed 518000/642240 | +433 new | total 273823
diversity: processed 519000/642240 | +453 new | total 274276
diversity: processed 520000/642240 | +442 new | total 274718
diversity: processed 521000/642240 | +443 new | total 275161
diversity: processed 522000/642240 | +464 new | total 275625
diversity: processed 523000/642240 | +430 new | total 276055
diversity: processed 524000/642240 | +445 new | total 276500
diversity: processed 525000/642240 | +420 new | total 276920
diversity: processed 526000/642240 | +442 new | total 277362
diversity: processed 527000/642240 | +415 new | total 277777
diversity: processed 528000/642240 | +453 new | total 278230
diversity: processed 529000/642240 | +433 new | total 278663
diversity: processed 530000/642240 | +430 new | total 279093
diversity: processed 531000/642240 | +406 new | total 279499
diversity: processed 532000/642240 | +413 new | total 279912
diversity: processed 533000/642240 | +463 new | total 280375
diversity: processed 534000/642240 | +421 new | total 280796
diversity: processed 535000/642240 | +431 new | total 281227
diversity: processed 536000/642240 | +433 new | total 281660
diversity: processed 537000/642240 | +441 new | total 282101
diversity: processed 538000/642240 | +424 new | total 282525
diversity: processed 539000/642240 | +436 new | total 282961
diversity: processed 540000/642240 | +435 new | total 283396
diversity: processed 541000/642240 | +440 new | total 283836
diversity: processed 542000/642240 | +435 new | total 284271
diversity: processed 543000/642240 | +409 new | total 284680
diversity: processed 544000/642240 | +438 new | total 285118
diversity: processed 545000/642240 | +444 new | total 285562
diversity: processed 546000/642240 | +418 new | total 285980
diversity: processed 547000/642240 | +440 new | total 286420
diversity: processed 548000/642240 | +450 new | total 286870
diversity: processed 549000/642240 | +458 new | total 287328
diversity: processed 550000/642240 | +449 new | total 287777
diversity: processed 551000/642240 | +429 new | total 288206
diversity: processed 552000/642240 | +460 new | total 288666
diversity: processed 553000/642240 | +411 new | total 289077
diversity: processed 554000/642240 | +440 new | total 289517
diversity: processed 555000/642240 | +431 new | total 289948
diversity: processed 556000/642240 | +455 new | total 290403
diversity: processed 557000/642240 | +453 new | total 290856
diversity: processed 558000/642240 | +417 new | total 291273
diversity: processed 559000/642240 | +424 new | total 291697
diversity: processed 560000/642240 | +437 new | total 292134
diversity: processed 561000/642240 | +409 new | total 292543
diversity: processed 562000/642240 | +445 new | total 292988
diversity: processed 563000/642240 | +476 new | total 293464
diversity: processed 564000/642240 | +444 new | total 293908
diversity: processed 565000/642240 | +449 new | total 294357
diversity: processed 566000/642240 | +438 new | total 294795
diversity: processed 567000/642240 | +424 new | total 295219
diversity: processed 568000/642240 | +429 new | total 295648
diversity: processed 569000/642240 | +437 new | total 296085
diversity: processed 570000/642240 | +402 new | total 296487
diversity: processed 571000/642240 | +432 new | total 296919
diversity: processed 572000/642240 | +427 new | total 297346
diversity: processed 573000/642240 | +461 new | total 297807
diversity: processed 574000/642240 | +437 new | total 298244
diversity: processed 575000/642240 | +440 new | total 298684
diversity: processed 576000/642240 | +438 new | total 299122
diversity: processed 577000/642240 | +423 new | total 299545
diversity: processed 578000/642240 | +442 new | total 299987
diversity: processed 579000/642240 | +427 new | total 300414
diversity: processed 580000/642240 | +455 new | total 300869
diversity: processed 581000/642240 | +433 new | total 301302
diversity: processed 582000/642240 | +442 new | total 301744
diversity: processed 583000/642240 | +457 new | total 302201
diversity: processed 584000/642240 | +433 new | total 302634
diversity: processed 585000/642240 | +425 new | total 303059
diversity: processed 586000/642240 | +420 new | total 303479
diversity: processed 587000/642240 | +415 new | total 303894
diversity: processed 588000/642240 | +461 new | total 304355
diversity: processed 589000/642240 | +425 new | total 304780
diversity: processed 590000/642240 | +478 new | total 305258
diversity: processed 591000/642240 | +449 new | total 305707
diversity: processed 592000/642240 | +433 new | total 306140
diversity: processed 593000/642240 | +440 new | total 306580
diversity: processed 594000/642240 | +433 new | total 307013
diversity: processed 595000/642240 | +440 new | total 307453
diversity: processed 596000/642240 | +468 new | total 307921
diversity: processed 597000/642240 | +444 new | total 308365
diversity: processed 598000/642240 | +446 new | total 308811
diversity: processed 599000/642240 | +434 new | total 309245
diversity: processed 600000/642240 | +449 new | total 309694
diversity: processed 601000/642240 | +434 new | total 310128
diversity: processed 602000/642240 | +438 new | total 310566
diversity: processed 603000/642240 | +464 new | total 311030
diversity: processed 604000/642240 | +435 new | total 311465
diversity: processed 605000/642240 | +435 new | total 311900
diversity: processed 606000/642240 | +447 new | total 312347
diversity: processed 607000/642240 | +430 new | total 312777
diversity: processed 608000/642240 | +458 new | total 313235
diversity: processed 609000/642240 | +465 new | total 313700
diversity: processed 610000/642240 | +410 new | total 314110
diversity: processed 611000/642240 | +445 new | total 314555
diversity: processed 612000/642240 | +426 new | total 314981
diversity: processed 613000/642240 | +443 new | total 315424
diversity: processed 614000/642240 | +448 new | total 315872
diversity: processed 615000/642240 | +456 new | total 316328
diversity: processed 616000/642240 | +452 new | total 316780
diversity: processed 617000/642240 | +457 new | total 317237
diversity: processed 618000/642240 | +462 new | total 317699
diversity: processed 619000/642240 | +464 new | total 318163
diversity: processed 620000/642240 | +449 new | total 318612
diversity: processed 621000/642240 | +443 new | total 319055
diversity: processed 622000/642240 | +473 new | total 319528
diversity: processed 623000/642240 | +476 new | total 320004
diversity: processed 624000/642240 | +457 new | total 320461
diversity: processed 625000/642240 | +481 new | total 320942
diversity: processed 626000/642240 | +484 new | total 321426
diversity: processed 627000/642240 | +438 new | total 321864
diversity: processed 628000/642240 | +472 new | total 322336
diversity: processed 629000/642240 | +486 new | total 322822
diversity: processed 630000/642240 | +439 new | total 323261
diversity: processed 631000/642240 | +461 new | total 323722
diversity: processed 632000/642240 | +465 new | total 324187
diversity: processed 633000/642240 | +462 new | total 324649
diversity: processed 634000/642240 | +472 new | total 325121
diversity: processed 635000/642240 | +484 new | total 325605
diversity: processed 636000/642240 | +471 new | total 326076
diversity: processed 637000/642240 | +472 new | total 326548
diversity: processed 638000/642240 | +495 new | total 327043
diversity: processed 639000/642240 | +474 new | total 327517
diversity: processed 640000/642240 | +526 new | total 328043
diversity: processed 641000/642240 | +508 new | total 328551
diversity: processed 642000/642240 | +447 new | total 328998
diversity: processed 642240/642240 | +110 new | total 329108
diversity stats: {'originalUniqueValidMolecules': 642240, 'diversityFilteredMolecules': 329108, 'finalFilteredRows': 329108}
SMILES for ADMET prediction: 329108
Remaining SMILES: 329108
Predicting ━━━━━━━━━━━━━━━━━━━━━━━━━━━━━━━━━━━━━━━━ 8/8 0:00:00 • 0:00:00 18.29it/s  
Predicting ━━━━━━━━━━━━━━━━━━━━━━━━━━━━━━━━━━━━━━━━ 8/8 0:00:00 • 0:00:00 18.36it/s  
Predicting ━━━━━━━━━━━━━━━━━━━━━━━━━━━━━━━━━━━━━━━━ 8/8 0:00:00 • 0:00:00 18.47it/s  
Predicting ━━━━━━━━━━━━━━━━━━━━━━━━━━━━━━━━━━━━━━━━ 8/8 0:00:00 • 0:00:00 18.48it/s  
Predicting ━━━━━━━━━━━━━━━━━━━━━━━━━━━━━━━━━━━━━━━━ 8/8 0:00:00 • 0:00:00 18.30it/s  
Predicting ━━━━━━━━━━━━━━━━━━━━━━━━━━━━━━━━━━━━━━━━ 8/8 0:00:00 • 0:00:00 26.49it/s  
Predicting ━━━━━━━━━━━━━━━━━━━━━━━━━━━━━━━━━━━━━━━━ 8/8 0:00:00 • 0:00:00 28.08it/s  
Predicting ━━━━━━━━━━━━━━━━━━━━━━━━━━━━━━━━━━━━━━━━ 8/8 0:00:00 • 0:00:00 28.37it/s  
Predicting ━━━━━━━━━━━━━━━━━━━━━━━━━━━━━━━━━━━━━━━━ 8/8 0:00:00 • 0:00:00 27.77it/s  
Predicting ━━━━━━━━━━━━━━━━━━━━━━━━━━━━━━━━━━━━━━━━ 8/8 0:00:00 • 0:00:00 29.08it/s  
batch 1: size=500 time=6.90s
Predicting ━━━━━━━━━━━━━━━━━━━━━━━━━━━━━━━━━━━━━━━━ 8/8 0:00:00 • 0:00:00 26.72it/s  
Predicting ━━━━━━━━━━━━━━━━━━━━━━━━━━━━━━━━━━━━━━━━ 8/8 0:00:00 • 0:00:00 28.08it/s  
Predicting ━━━━━━━━━━━━━━━━━━━━━━━━━━━━━━━━━━━━━━━━ 8/8 0:00:00 • 0:00:00 28.57it/s  
Predicting ━━━━━━━━━━━━━━━━━━━━━━━━━━━━━━━━━━━━━━━━ 8/8 0:00:00 • 0:00:00 26.96it/s  
Predicting ━━━━━━━━━━━━━━━━━━━━━━━━━━━━━━━━━━━━━━━━ 8/8 0:00:00 • 0:00:00 28.77it/s  
Predicting ━━━━━━━━━━━━━━━━━━━━━━━━━━━━━━━━━━━━━━━━ 8/8 0:00:00 • 0:00:00 26.15it/s  
Predicting ━━━━━━━━━━━━━━━━━━━━━━━━━━━━━━━━━━━━━━━━ 8/8 0:00:00 • 0:00:00 27.45it/s  
Predicting ━━━━━━━━━━━━━━━━━━━━━━━━━━━━━━━━━━━━━━━━ 8/8 0:00:00 • 0:00:00 28.75it/s  
Predicting ━━━━━━━━━━━━━━━━━━━━━━━━━━━━━━━━━━━━━━━━ 8/8 0:00:00 • 0:00:00 29.59it/s  
Predicting ━━━━━━━━━━━━━━━━━━━━━━━━━━━━━━━━━━━━━━━━ 8/8 0:00:00 • 0:00:00 26.87it/s  
batch 2: size=500 time=5.50s
Predicting ━━━━━━━━━━━━━━━━━━━━━━━━━━━━━━━━━━━━━━━━ 8/8 0:00:00 • 0:00:00 28.26it/s  
Predicting ━━━━━━━━━━━━━━━━━━━━━━━━━━━━━━━━━━━━━━━━ 8/8 0:00:00 • 0:00:00 27.90it/s  
Predicting ━━━━━━━━━━━━━━━━━━━━━━━━━━━━━━━━━━━━━━━━ 8/8 0:00:00 • 0:00:00 28.03it/s  
Predicting ━━━━━━━━━━━━━━━━━━━━━━━━━━━━━━━━━━━━━━━━ 8/8 0:00:00 • 0:00:00 28.32it/s  
Predicting ━━━━━━━━━━━━━━━━━━━━━━━━━━━━━━━━━━━━━━━━ 8/8 0:00:00 • 0:00:00 28.80it/s  
Predicting ━━━━━━━━━━━━━━━━━━━━━━━━━━━━━━━━━━━━━━━━ 8/8 0:00:00 • 0:00:00 27.97it/s  
Predicting ━━━━━━━━━━━━━━━━━━━━━━━━━━━━━━━━━━━━━━━━ 8/8 0:00:00 • 0:00:00 29.46it/s  
Predicting ━━━━━━━━━━━━━━━━━━━━━━━━━━━━━━━━━━━━━━━━ 8/8 0:00:00 • 0:00:00 28.80it/s  
Predicting ━━━━━━━━━━━━━━━━━━━━━━━━━━━━━━━━━━━━━━━━ 8/8 0:00:00 • 0:00:00 29.58it/s  
Predicting ━━━━━━━━━━━━━━━━━━━━━━━━━━━━━━━━━━━━━━━━ 8/8 0:00:00 • 0:00:00 28.65it/s  
batch 3: size=500 time=5.46s
Predicting ━━━━━━━━━━━━━━━━━━━━━━━━━━━━━━━━━━━━━━━━ 8/8 0:00:00 • 0:00:00 27.08it/s  
Predicting ━━━━━━━━━━━━━━━━━━━━━━━━━━━━━━━━━━━━━━━━ 8/8 0:00:00 • 0:00:00 28.73it/s  
Predicting ━━━━━━━━━━━━━━━━━━━━━━━━━━━━━━━━━━━━━━━━ 8/8 0:00:00 • 0:00:00 28.64it/s  
Predicting ━━━━━━━━━━━━━━━━━━━━━━━━━━━━━━━━━━━━━━━━ 8/8 0:00:00 • 0:00:00 27.39it/s  
Predicting ━━━━━━━━━━━━━━━━━━━━━━━━━━━━━━━━━━━━━━━━ 8/8 0:00:00 • 0:00:00 28.51it/s  
Predicting ━━━━━━━━━━━━━━━━━━━━━━━━━━━━━━━━━━━━━━━━ 8/8 0:00:00 • 0:00:00 27.11it/s  
Predicting ━━━━━━━━━━━━━━━━━━━━━━━━━━━━━━━━━━━━━━━━ 8/8 0:00:00 • 0:00:00 26.93it/s  
Predicting ━━━━━━━━━━━━━━━━━━━━━━━━━━━━━━━━━━━━━━━━ 8/8 0:00:00 • 0:00:00 29.41it/s  
Predicting ━━━━━━━━━━━━━━━━━━━━━━━━━━━━━━━━━━━━━━━━ 8/8 0:00:00 • 0:00:00 27.98it/s  
Predicting ━━━━━━━━━━━━━━━━━━━━━━━━━━━━━━━━━━━━━━━━ 8/8 0:00:00 • 0:00:00 27.80it/s  
batch 4: size=500 time=5.54s
Predicting ━━━━━━━━━━━━━━━━━━━━━━━━━━━━━━━━━━━━━━━━ 8/8 0:00:00 • 0:00:00 27.38it/s  
Predicting ━━━━━━━━━━━━━━━━━━━━━━━━━━━━━━━━━━━━━━━━ 8/8 0:00:00 • 0:00:00 27.83it/s  
Predicting ━━━━━━━━━━━━━━━━━━━━━━━━━━━━━━━━━━━━━━━━ 8/8 0:00:00 • 0:00:00 28.52it/s  
Predicting ━━━━━━━━━━━━━━━━━━━━━━━━━━━━━━━━━━━━━━━━ 8/8 0:00:00 • 0:00:00 29.82it/s  
Predicting ━━━━━━━━━━━━━━━━━━━━━━━━━━━━━━━━━━━━━━━━ 8/8 0:00:00 • 0:00:00 28.00it/s  
Predicting ━━━━━━━━━━━━━━━━━━━━━━━━━━━━━━━━━━━━━━━━ 8/8 0:00:00 • 0:00:00 28.29it/s  
Predicting ━━━━━━━━━━━━━━━━━━━━━━━━━━━━━━━━━━━━━━━━ 8/8 0:00:00 • 0:00:00 29.40it/s  
Predicting ━━━━━━━━━━━━━━━━━━━━━━━━━━━━━━━━━━━━━━━━ 8/8 0:00:00 • 0:00:00 27.54it/s  
Predicting ━━━━━━━━━━━━━━━━━━━━━━━━━━━━━━━━━━━━━━━━ 8/8 0:00:00 • 0:00:00 28.19it/s  
Predicting ━━━━━━━━━━━━━━━━━━━━━━━━━━━━━━━━━━━━━━━━ 8/8 0:00:00 • 0:00:00 29.99it/s  
batch 5: size=500 time=5.44s
Predicting ━━━━━━━━━━━━━━━━━━━━━━━━━━━━━━━━━━━━━━━━ 8/8 0:00:00 • 0:00:00 21.34it/s  
Predicting ━━━━━━━━━━━━━━━━━━━━━━━━━━━━━━━━━━━━━━━━ 8/8 0:00:00 • 0:00:00 26.67it/s  
Predicting ━━━━━━━━━━━━━━━━━━━━━━━━━━━━━━━━━━━━━━━━ 8/8 0:00:00 • 0:00:00 27.02it/s  
Predicting ━━━━━━━━━━━━━━━━━━━━━━━━━━━━━━━━━━━━━━━━ 8/8 0:00:00 • 0:00:00 25.85it/s  
Predicting ━━━━━━━━━━━━━━━━━━━━━━━━━━━━━━━━━━━━━━━━ 8/8 0:00:00 • 0:00:00 26.08it/s  
Predicting ━━━━━━━━━━━━━━━━━━━━━━━━━━━━━━━━━━━━━━━━ 8/8 0:00:00 • 0:00:00 25.21it/s  
Predicting ━━━━━━━━━━━━━━━━━━━━━━━━━━━━━━━━━━━━━━━━ 8/8 0:00:00 • 0:00:00 26.26it/s  
Predicting ━━━━━━━━━━━━━━━━━━━━━━━━━━━━━━━━━━━━━━━━ 8/8 0:00:00 • 0:00:00 27.00it/s  
Predicting ━━━━━━━━━━━━━━━━━━━━━━━━━━━━━━━━━━━━━━━━ 8/8 0:00:00 • 0:00:00 26.15it/s  
Predicting ━━━━━━━━━━━━━━━━━━━━━━━━━━━━━━━━━━━━━━━━ 8/8 0:00:00 • 0:00:00 26.28it/s  
batch 6: size=500 time=5.81s
Predicting ━━━━━━━━━━━━━━━━━━━━━━━━━━━━━━━━━━━━━━━━ 8/8 0:00:00 • 0:00:00 25.66it/s  
Predicting ━━━━━━━━━━━━━━━━━━━━━━━━━━━━━━━━━━━━━━━━ 8/8 0:00:00 • 0:00:00 25.63it/s  
Predicting ━━━━━━━━━━━━━━━━━━━━━━━━━━━━━━━━━━━━━━━━ 8/8 0:00:00 • 0:00:00 25.81it/s  
Predicting ━━━━━━━━━━━━━━━━━━━━━━━━━━━━━━━━━━━━━━━━ 8/8 0:00:00 • 0:00:00 26.08it/s  
Predicting ━━━━━━━━━━━━━━━━━━━━━━━━━━━━━━━━━━━━━━━━ 8/8 0:00:00 • 0:00:00 25.88it/s  
Predicting ━━━━━━━━━━━━━━━━━━━━━━━━━━━━━━━━━━━━━━━━ 8/8 0:00:00 • 0:00:00 18.64it/s  
Predicting ━━━━━━━━━━━━━━━━━━━━━━━━━━━━━━━━━━━━━━━━ 8/8 0:00:00 • 0:00:00 18.68it/s  
Predicting ━━━━━━━━━━━━━━━━━━━━━━━━━━━━━━━━━━━━━━━━ 8/8 0:00:00 • 0:00:00 18.71it/s  
Predicting ━━━━━━━━━━━━━━━━━━━━━━━━━━━━━━━━━━━━━━━━ 8/8 0:00:00 • 0:00:00 18.68it/s  
Predicting ━━━━━━━━━━━━━━━━━━━━━━━━━━━━━━━━━━━━━━━━ 8/8 0:00:00 • 0:00:00 27.76it/s  
batch 7: size=500 time=6.17s
Predicting ━━━━━━━━━━━━━━━━━━━━━━━━━━━━━━━━━━━━━━━━ 8/8 0:00:00 • 0:00:00 23.32it/s  
Predicting ━━━━━━━━━━━━━━━━━━━━━━━━━━━━━━━━━━━━━━━━ 8/8 0:00:00 • 0:00:00 25.06it/s  
Predicting ━━━━━━━━━━━━━━━━━━━━━━━━━━━━━━━━━━━━━━━━ 8/8 0:00:00 • 0:00:00 26.29it/s  
Predicting ━━━━━━━━━━━━━━━━━━━━━━━━━━━━━━━━━━━━━━━━ 8/8 0:00:00 • 0:00:00 25.69it/s  
Predicting ━━━━━━━━━━━━━━━━━━━━━━━━━━━━━━━━━━━━━━━━ 8/8 0:00:00 • 0:00:00 26.36it/s  
Predicting ━━━━━━━━━━━━━━━━━━━━━━━━━━━━━━━━━━━━━━━━ 8/8 0:00:00 • 0:00:00 26.00it/s  
Predicting ━━━━━━━━━━━━━━━━━━━━━━━━━━━━━━━━━━━━━━━━ 8/8 0:00:00 • 0:00:00 26.42it/s  
Predicting ━━━━━━━━━━━━━━━━━━━━━━━━━━━━━━━━━━━━━━━━ 8/8 0:00:00 • 0:00:00 26.59it/s  
Predicting ━━━━━━━━━━━━━━━━━━━━━━━━━━━━━━━━━━━━━━━━ 8/8 0:00:00 • 0:00:00 26.08it/s  
Predicting ━━━━━━━━━━━━━━━━━━━━━━━━━━━━━━━━━━━━━━━━ 8/8 0:00:00 • 0:00:00 25.75it/s  
batch 8: size=500 time=5.79s
Predicting ━━━━━━━━━━━━━━━━━━━━━━━━━━━━━━━━━━━━━━━━ 8/8 0:00:00 • 0:00:00 25.36it/s  
Predicting ━━━━━━━━━━━━━━━━━━━━━━━━━━━━━━━━━━━━━━━━ 8/8 0:00:00 • 0:00:00 24.39it/s  
Predicting ━━━━━━━━━━━━━━━━━━━━━━━━━━━━━━━━━━━━━━━━ 8/8 0:00:00 • 0:00:00 25.98it/s  
Predicting ━━━━━━━━━━━━━━━━━━━━━━━━━━━━━━━━━━━━━━━━ 8/8 0:00:00 • 0:00:00 26.42it/s  
Predicting ━━━━━━━━━━━━━━━━━━━━━━━━━━━━━━━━━━━━━━━━ 8/8 0:00:00 • 0:00:00 26.76it/s  
Predicting ━━━━━━━━━━━━━━━━━━━━━━━━━━━━━━━━━━━━━━━━ 8/8 0:00:00 • 0:00:00 25.83it/s  
Predicting ━━━━━━━━━━━━━━━━━━━━━━━━━━━━━━━━━━━━━━━━ 8/8 0:00:00 • 0:00:00 25.62it/s  
Predicting ━━━━━━━━━━━━━━━━━━━━━━━━━━━━━━━━━━━━━━━━ 8/8 0:00:00 • 0:00:00 26.31it/s  
Predicting ━━━━━━━━━━━━━━━━━━━━━━━━━━━━━━━━━━━━━━━━ 8/8 0:00:00 • 0:00:00 27.75it/s  
Predicting ━━━━━━━━━━━━━━━━━━━━━━━━━━━━━━━━━━━━━━━━ 8/8 0:00:00 • 0:00:00 26.04it/s  
batch 9: size=500 time=5.71s
Predicting ━━━━━━━━━━━━━━━━━━━━━━━━━━━━━━━━━━━━━━━━ 8/8 0:00:00 • 0:00:00 25.83it/s  
Predicting ━━━━━━━━━━━━━━━━━━━━━━━━━━━━━━━━━━━━━━━━ 8/8 0:00:00 • 0:00:00 25.99it/s  
Predicting ━━━━━━━━━━━━━━━━━━━━━━━━━━━━━━━━━━━━━━━━ 8/8 0:00:00 • 0:00:00 26.23it/s  
Predicting ━━━━━━━━━━━━━━━━━━━━━━━━━━━━━━━━━━━━━━━━ 8/8 0:00:00 • 0:00:00 26.44it/s  
Predicting ━━━━━━━━━━━━━━━━━━━━━━━━━━━━━━━━━━━━━━━━ 8/8 0:00:00 • 0:00:00 26.59it/s  
Predicting ━━━━━━━━━━━━━━━━━━━━━━━━━━━━━━━━━━━━━━━━ 8/8 0:00:00 • 0:00:00 25.95it/s  
Predicting ━━━━━━━━━━━━━━━━━━━━━━━━━━━━━━━━━━━━━━━━ 8/8 0:00:00 • 0:00:00 26.20it/s  
Predicting ━━━━━━━━━━━━━━━━━━━━━━━━━━━━━━━━━━━━━━━━ 8/8 0:00:00 • 0:00:00 26.24it/s  
Predicting ━━━━━━━━━━━━━━━━━━━━━━━━━━━━━━━━━━━━━━━━ 8/8 0:00:00 • 0:00:00 26.23it/s  
Predicting ━━━━━━━━━━━━━━━━━━━━━━━━━━━━━━━━━━━━━━━━ 8/8 0:00:00 • 0:00:00 27.03it/s  
batch 10: size=500 time=5.69s
Predicting ━━━━━━━━━━━━━━━━━━━━━━━━━━━━━━━━━━━━━━━━ 8/8 0:00:00 • 0:00:00 25.64it/s  
Predicting ━━━━━━━━━━━━━━━━━━━━━━━━━━━━━━━━━━━━━━━━ 8/8 0:00:00 • 0:00:00 26.34it/s  
Predicting ━━━━━━━━━━━━━━━━━━━━━━━━━━━━━━━━━━━━━━━━ 8/8 0:00:00 • 0:00:00 25.92it/s  
Predicting ━━━━━━━━━━━━━━━━━━━━━━━━━━━━━━━━━━━━━━━━ 8/8 0:00:00 • 0:00:00 26.21it/s  
Predicting ━━━━━━━━━━━━━━━━━━━━━━━━━━━━━━━━━━━━━━━━ 8/8 0:00:00 • 0:00:00 26.44it/s  
Predicting ━━━━━━━━━━━━━━━━━━━━━━━━━━━━━━━━━━━━━━━━ 8/8 0:00:00 • 0:00:00 25.43it/s  
Predicting ━━━━━━━━━━━━━━━━━━━━━━━━━━━━━━━━━━━━━━━━ 8/8 0:00:00 • 0:00:00 26.43it/s  
Predicting ━━━━━━━━━━━━━━━━━━━━━━━━━━━━━━━━━━━━━━━━ 8/8 0:00:00 • 0:00:00 26.38it/s  
Predicting ━━━━━━━━━━━━━━━━━━━━━━━━━━━━━━━━━━━━━━━━ 8/8 0:00:00 • 0:00:00 25.75it/s  
Predicting ━━━━━━━━━━━━━━━━━━━━━━━━━━━━━━━━━━━━━━━━ 8/8 0:00:00 • 0:00:00 26.14it/s  
batch 11: size=500 time=5.69s
Predicting ━━━━━━━━━━━━━━━━━━━━━━━━━━━━━━━━━━━━━━━━ 8/8 0:00:00 • 0:00:00 25.58it/s  
Predicting ━━━━━━━━━━━━━━━━━━━━━━━━━━━━━━━━━━━━━━━━ 8/8 0:00:00 • 0:00:00 25.38it/s  
Predicting ━━━━━━━━━━━━━━━━━━━━━━━━━━━━━━━━━━━━━━━━ 8/8 0:00:00 • 0:00:00 26.57it/s  
Predicting ━━━━━━━━━━━━━━━━━━━━━━━━━━━━━━━━━━━━━━━━ 8/8 0:00:00 • 0:00:00 26.35it/s  
Predicting ━━━━━━━━━━━━━━━━━━━━━━━━━━━━━━━━━━━━━━━━ 8/8 0:00:00 • 0:00:00 26.01it/s  
Predicting ━━━━━━━━━━━━━━━━━━━━━━━━━━━━━━━━━━━━━━━━ 8/8 0:00:00 • 0:00:00 25.99it/s  
Predicting ━━━━━━━━━━━━━━━━━━━━━━━━━━━━━━━━━━━━━━━━ 8/8 0:00:00 • 0:00:00 25.82it/s  
Predicting ━━━━━━━━━━━━━━━━━━━━━━━━━━━━━━━━━━━━━━━━ 8/8 0:00:00 • 0:00:00 26.02it/s  
Predicting ━━━━━━━━━━━━━━━━━━━━━━━━━━━━━━━━━━━━━━━━ 8/8 0:00:00 • 0:00:00 25.98it/s  
Predicting ━━━━━━━━━━━━━━━━━━━━━━━━━━━━━━━━━━━━━━━━ 8/8 0:00:00 • 0:00:00 25.79it/s  
batch 12: size=500 time=5.70s
Predicting ━━━━━━━━━━━━━━━━━━━━━━━━━━━━━━━━━━━━━━━━ 8/8 0:00:00 • 0:00:00 25.96it/s  
Predicting ━━━━━━━━━━━━━━━━━━━━━━━━━━━━━━━━━━━━━━━━ 8/8 0:00:00 • 0:00:00 26.04it/s  
Predicting ━━━━━━━━━━━━━━━━━━━━━━━━━━━━━━━━━━━━━━━━ 8/8 0:00:00 • 0:00:00 26.11it/s  
Predicting ━━━━━━━━━━━━━━━━━━━━━━━━━━━━━━━━━━━━━━━━ 8/8 0:00:00 • 0:00:00 26.83it/s  
Predicting ━━━━━━━━━━━━━━━━━━━━━━━━━━━━━━━━━━━━━━━━ 8/8 0:00:00 • 0:00:00 25.60it/s  
Predicting ━━━━━━━━━━━━━━━━━━━━━━━━━━━━━━━━━━━━━━━━ 8/8 0:00:00 • 0:00:00 25.30it/s  
Predicting ━━━━━━━━━━━━━━━━━━━━━━━━━━━━━━━━━━━━━━━━ 8/8 0:00:00 • 0:00:00 26.57it/s  
Predicting ━━━━━━━━━━━━━━━━━━━━━━━━━━━━━━━━━━━━━━━━ 8/8 0:00:00 • 0:00:00 26.28it/s  
Predicting ━━━━━━━━━━━━━━━━━━━━━━━━━━━━━━━━━━━━━━━━ 8/8 0:00:00 • 0:00:00 25.79it/s  
Predicting ━━━━━━━━━━━━━━━━━━━━━━━━━━━━━━━━━━━━━━━━ 8/8 0:00:00 • 0:00:00 26.60it/s  
batch 13: size=500 time=5.73s
Predicting ━━━━━━━━━━━━━━━━━━━━━━━━━━━━━━━━━━━━━━━━ 8/8 0:00:00 • 0:00:00 26.30it/s  
Predicting ━━━━━━━━━━━━━━━━━━━━━━━━━━━━━━━━━━━━━━━━ 8/8 0:00:00 • 0:00:00 26.40it/s  
Predicting ━━━━━━━━━━━━━━━━━━━━━━━━━━━━━━━━━━━━━━━━ 8/8 0:00:00 • 0:00:00 26.24it/s  
Predicting ━━━━━━━━━━━━━━━━━━━━━━━━━━━━━━━━━━━━━━━━ 8/8 0:00:00 • 0:00:00 25.97it/s  
Predicting ━━━━━━━━━━━━━━━━━━━━━━━━━━━━━━━━━━━━━━━━ 8/8 0:00:00 • 0:00:00 26.61it/s  
Predicting ━━━━━━━━━━━━━━━━━━━━━━━━━━━━━━━━━━━━━━━━ 8/8 0:00:00 • 0:00:00 25.69it/s  
Predicting ━━━━━━━━━━━━━━━━━━━━━━━━━━━━━━━━━━━━━━━━ 8/8 0:00:00 • 0:00:00 26.89it/s  
Predicting ━━━━━━━━━━━━━━━━━━━━━━━━━━━━━━━━━━━━━━━━ 8/8 0:00:00 • 0:00:00 26.46it/s  
Predicting ━━━━━━━━━━━━━━━━━━━━━━━━━━━━━━━━━━━━━━━━ 8/8 0:00:00 • 0:00:00 26.65it/s  
Predicting ━━━━━━━━━━━━━━━━━━━━━━━━━━━━━━━━━━━━━━━━ 8/8 0:00:00 • 0:00:00 25.96it/s  
batch 14: size=500 time=5.65s
Predicting ━━━━━━━━━━━━━━━━━━━━━━━━━━━━━━━━━━━━━━━━ 8/8 0:00:00 • 0:00:00 25.64it/s  
Predicting ━━━━━━━━━━━━━━━━━━━━━━━━━━━━━━━━━━━━━━━━ 8/8 0:00:00 • 0:00:00 25.76it/s  
Predicting ━━━━━━━━━━━━━━━━━━━━━━━━━━━━━━━━━━━━━━━━ 8/8 0:00:00 • 0:00:00 26.00it/s  
Predicting ━━━━━━━━━━━━━━━━━━━━━━━━━━━━━━━━━━━━━━━━ 8/8 0:00:00 • 0:00:00 10.84it/s  
Predicting ━━━━━━━━━━━━━━━━━━━━━━━━━━━━━━━━━━━━━━━━ 8/8 0:00:00 • 0:00:00 26.15it/s  
Predicting ━━━━━━━━━━━━━━━━━━━━━━━━━━━━━━━━━━━━━━━━ 8/8 0:00:00 • 0:00:00 18.27it/s  
Predicting ━━━━━━━━━━━━━━━━━━━━━━━━━━━━━━━━━━━━━━━━ 8/8 0:00:00 • 0:00:00 18.44it/s  
Predicting ━━━━━━━━━━━━━━━━━━━━━━━━━━━━━━━━━━━━━━━━ 8/8 0:00:00 • 0:00:00 18.61it/s  
Predicting ━━━━━━━━━━━━━━━━━━━━━━━━━━━━━━━━━━━━━━━━ 8/8 0:00:00 • 0:00:00 18.38it/s  
Predicting ━━━━━━━━━━━━━━━━━━━━━━━━━━━━━━━━━━━━━━━━ 8/8 0:00:00 • 0:00:00 18.82it/s  
batch 15: size=500 time=6.76s
Predicting ━━━━━━━━━━━━━━━━━━━━━━━━━━━━━━━━━━━━━━━━ 8/8 0:00:00 • 0:00:00 28.11it/s  
Predicting ━━━━━━━━━━━━━━━━━━━━━━━━━━━━━━━━━━━━━━━━ 8/8 0:00:00 • 0:00:00 27.27it/s  
Predicting ━━━━━━━━━━━━━━━━━━━━━━━━━━━━━━━━━━━━━━━━ 8/8 0:00:00 • 0:00:00 28.50it/s  
Predicting ━━━━━━━━━━━━━━━━━━━━━━━━━━━━━━━━━━━━━━━━ 8/8 0:00:00 • 0:00:00 28.33it/s  
Predicting ━━━━━━━━━━━━━━━━━━━━━━━━━━━━━━━━━━━━━━━━ 8/8 0:00:00 • 0:00:00 27.96it/s  
Predicting ━━━━━━━━━━━━━━━━━━━━━━━━━━━━━━━━━━━━━━━━ 8/8 0:00:00 • 0:00:00 27.12it/s  
Predicting ━━━━━━━━━━━━━━━━━━━━━━━━━━━━━━━━━━━━━━━━ 8/8 0:00:00 • 0:00:00 28.38it/s  
Predicting ━━━━━━━━━━━━━━━━━━━━━━━━━━━━━━━━━━━━━━━━ 8/8 0:00:00 • 0:00:00 26.49it/s  
Predicting ━━━━━━━━━━━━━━━━━━━━━━━━━━━━━━━━━━━━━━━━ 8/8 0:00:00 • 0:00:00 27.61it/s  
Predicting ━━━━━━━━━━━━━━━━━━━━━━━━━━━━━━━━━━━━━━━━ 8/8 0:00:00 • 0:00:00 28.42it/s  
batch 16: size=500 time=5.54s
Predicting ━━━━━━━━━━━━━━━━━━━━━━━━━━━━━━━━━━━━━━━━ 8/8 0:00:00 • 0:00:00 26.56it/s  
Predicting ━━━━━━━━━━━━━━━━━━━━━━━━━━━━━━━━━━━━━━━━ 8/8 0:00:00 • 0:00:00 28.70it/s  
Predicting ━━━━━━━━━━━━━━━━━━━━━━━━━━━━━━━━━━━━━━━━ 8/8 0:00:00 • 0:00:00 28.57it/s  
Predicting ━━━━━━━━━━━━━━━━━━━━━━━━━━━━━━━━━━━━━━━━ 8/8 0:00:00 • 0:00:00 26.78it/s  
Predicting ━━━━━━━━━━━━━━━━━━━━━━━━━━━━━━━━━━━━━━━━ 8/8 0:00:00 • 0:00:00 25.79it/s  
Predicting ━━━━━━━━━━━━━━━━━━━━━━━━━━━━━━━━━━━━━━━━ 8/8 0:00:00 • 0:00:00 18.86it/s  
Predicting ━━━━━━━━━━━━━━━━━━━━━━━━━━━━━━━━━━━━━━━━ 8/8 0:00:00 • 0:00:00 19.06it/s  
Predicting ━━━━━━━━━━━━━━━━━━━━━━━━━━━━━━━━━━━━━━━━ 8/8 0:00:00 • 0:00:00 21.37it/s  
Predicting ━━━━━━━━━━━━━━━━━━━━━━━━━━━━━━━━━━━━━━━━ 8/8 0:00:00 • 0:00:00 26.00it/s  
Predicting ━━━━━━━━━━━━━━━━━━━━━━━━━━━━━━━━━━━━━━━━ 8/8 0:00:00 • 0:00:00 25.54it/s  
batch 17: size=500 time=5.98s
Predicting ━━━━━━━━━━━━━━━━━━━━━━━━━━━━━━━━━━━━━━━━ 8/8 0:00:00 • 0:00:00 25.03it/s  
Predicting ━━━━━━━━━━━━━━━━━━━━━━━━━━━━━━━━━━━━━━━━ 8/8 0:00:00 • 0:00:00 25.68it/s  
Predicting ━━━━━━━━━━━━━━━━━━━━━━━━━━━━━━━━━━━━━━━━ 8/8 0:00:00 • 0:00:00 24.64it/s  
Predicting ━━━━━━━━━━━━━━━━━━━━━━━━━━━━━━━━━━━━━━━━ 8/8 0:00:00 • 0:00:00 24.81it/s  
Predicting ━━━━━━━━━━━━━━━━━━━━━━━━━━━━━━━━━━━━━━━━ 8/8 0:00:00 • 0:00:00 24.61it/s  
Predicting ━━━━━━━━━━━━━━━━━━━━━━━━━━━━━━━━━━━━━━━━ 8/8 0:00:00 • 0:00:00 18.35it/s  
Predicting ━━━━━━━━━━━━━━━━━━━━━━━━━━━━━━━━━━━━━━━━ 8/8 0:00:00 • 0:00:00 18.33it/s  
Predicting ━━━━━━━━━━━━━━━━━━━━━━━━━━━━━━━━━━━━━━━━ 8/8 0:00:00 • 0:00:00 18.52it/s  
Predicting ━━━━━━━━━━━━━━━━━━━━━━━━━━━━━━━━━━━━━━━━ 8/8 0:00:00 • 0:00:00 18.57it/s  
Predicting ━━━━━━━━━━━━━━━━━━━━━━━━━━━━━━━━━━━━━━━━ 8/8 0:00:00 • 0:00:00 22.18it/s  
batch 18: size=500 time=6.37s
Predicting ━━━━━━━━━━━━━━━━━━━━━━━━━━━━━━━━━━━━━━━━ 8/8 0:00:00 • 0:00:00 26.29it/s  
Predicting ━━━━━━━━━━━━━━━━━━━━━━━━━━━━━━━━━━━━━━━━ 8/8 0:00:00 • 0:00:00 26.18it/s  
Predicting ━━━━━━━━━━━━━━━━━━━━━━━━━━━━━━━━━━━━━━━━ 8/8 0:00:00 • 0:00:00 25.56it/s  
Predicting ━━━━━━━━━━━━━━━━━━━━━━━━━━━━━━━━━━━━━━━━ 8/8 0:00:00 • 0:00:00 26.73it/s  
Predicting ━━━━━━━━━━━━━━━━━━━━━━━━━━━━━━━━━━━━━━━━ 8/8 0:00:00 • 0:00:00 26.37it/s  
Predicting ━━━━━━━━━━━━━━━━━━━━━━━━━━━━━━━━━━━━━━━━ 8/8 0:00:00 • 0:00:00 25.18it/s  
Predicting ━━━━━━━━━━━━━━━━━━━━━━━━━━━━━━━━━━━━━━━━ 8/8 0:00:00 • 0:00:00 25.45it/s  
Predicting ━━━━━━━━━━━━━━━━━━━━━━━━━━━━━━━━━━━━━━━━ 8/8 0:00:00 • 0:00:00 25.80it/s  
Predicting ━━━━━━━━━━━━━━━━━━━━━━━━━━━━━━━━━━━━━━━━ 8/8 0:00:00 • 0:00:00 26.12it/s  
Predicting ━━━━━━━━━━━━━━━━━━━━━━━━━━━━━━━━━━━━━━━━ 8/8 0:00:00 • 0:00:00 26.42it/s  
batch 19: size=500 time=5.80s
Predicting ━━━━━━━━━━━━━━━━━━━━━━━━━━━━━━━━━━━━━━━━ 8/8 0:00:00 • 0:00:00 25.13it/s  
Predicting ━━━━━━━━━━━━━━━━━━━━━━━━━━━━━━━━━━━━━━━━ 8/8 0:00:00 • 0:00:00 25.98it/s  
Predicting ━━━━━━━━━━━━━━━━━━━━━━━━━━━━━━━━━━━━━━━━ 8/8 0:00:00 • 0:00:00 25.37it/s  
Predicting ━━━━━━━━━━━━━━━━━━━━━━━━━━━━━━━━━━━━━━━━ 8/8 0:00:00 • 0:00:00 26.20it/s  
Predicting ━━━━━━━━━━━━━━━━━━━━━━━━━━━━━━━━━━━━━━━━ 8/8 0:00:00 • 0:00:00 26.60it/s  
Predicting ━━━━━━━━━━━━━━━━━━━━━━━━━━━━━━━━━━━━━━━━ 8/8 0:00:00 • 0:00:00 25.51it/s  
Predicting ━━━━━━━━━━━━━━━━━━━━━━━━━━━━━━━━━━━━━━━━ 8/8 0:00:00 • 0:00:00 25.35it/s  
Predicting ━━━━━━━━━━━━━━━━━━━━━━━━━━━━━━━━━━━━━━━━ 8/8 0:00:00 • 0:00:00 25.77it/s  
Predicting ━━━━━━━━━━━━━━━━━━━━━━━━━━━━━━━━━━━━━━━━ 8/8 0:00:00 • 0:00:00 25.57it/s  
Predicting ━━━━━━━━━━━━━━━━━━━━━━━━━━━━━━━━━━━━━━━━ 8/8 0:00:00 • 0:00:00 26.02it/s  
batch 20: size=500 time=5.79s
Predicting ━━━━━━━━━━━━━━━━━━━━━━━━━━━━━━━━━━━━━━━━ 8/8 0:00:00 • 0:00:00 25.54it/s  
Predicting ━━━━━━━━━━━━━━━━━━━━━━━━━━━━━━━━━━━━━━━━ 8/8 0:00:00 • 0:00:00 26.55it/s  
Predicting ━━━━━━━━━━━━━━━━━━━━━━━━━━━━━━━━━━━━━━━━ 8/8 0:00:00 • 0:00:00 25.62it/s  
Predicting ━━━━━━━━━━━━━━━━━━━━━━━━━━━━━━━━━━━━━━━━ 8/8 0:00:00 • 0:00:00 26.10it/s  
Predicting ━━━━━━━━━━━━━━━━━━━━━━━━━━━━━━━━━━━━━━━━ 8/8 0:00:00 • 0:00:00 25.70it/s  
Predicting ━━━━━━━━━━━━━━━━━━━━━━━━━━━━━━━━━━━━━━━━ 8/8 0:00:00 • 0:00:00 25.25it/s  
Predicting ━━━━━━━━━━━━━━━━━━━━━━━━━━━━━━━━━━━━━━━━ 8/8 0:00:00 • 0:00:00 25.33it/s  
Predicting ━━━━━━━━━━━━━━━━━━━━━━━━━━━━━━━━━━━━━━━━ 8/8 0:00:00 • 0:00:00 25.68it/s  
Predicting ━━━━━━━━━━━━━━━━━━━━━━━━━━━━━━━━━━━━━━━━ 8/8 0:00:00 • 0:00:00 25.55it/s  
Predicting ━━━━━━━━━━━━━━━━━━━━━━━━━━━━━━━━━━━━━━━━ 8/8 0:00:00 • 0:00:00 25.57it/s  
batch 21: size=500 time=5.79s
Predicting ━━━━━━━━━━━━━━━━━━━━━━━━━━━━━━━━━━━━━━━━ 8/8 0:00:00 • 0:00:00 25.37it/s  
Predicting ━━━━━━━━━━━━━━━━━━━━━━━━━━━━━━━━━━━━━━━━ 8/8 0:00:00 • 0:00:00 26.22it/s  
Predicting ━━━━━━━━━━━━━━━━━━━━━━━━━━━━━━━━━━━━━━━━ 8/8 0:00:00 • 0:00:00 26.21it/s  
Predicting ━━━━━━━━━━━━━━━━━━━━━━━━━━━━━━━━━━━━━━━━ 8/8 0:00:00 • 0:00:00 26.07it/s  
Predicting ━━━━━━━━━━━━━━━━━━━━━━━━━━━━━━━━━━━━━━━━ 8/8 0:00:00 • 0:00:00 26.39it/s  
Predicting ━━━━━━━━━━━━━━━━━━━━━━━━━━━━━━━━━━━━━━━━ 8/8 0:00:00 • 0:00:00 25.49it/s  
Predicting ━━━━━━━━━━━━━━━━━━━━━━━━━━━━━━━━━━━━━━━━ 8/8 0:00:00 • 0:00:00 25.34it/s  
Predicting ━━━━━━━━━━━━━━━━━━━━━━━━━━━━━━━━━━━━━━━━ 8/8 0:00:00 • 0:00:00 25.64it/s  
Predicting ━━━━━━━━━━━━━━━━━━━━━━━━━━━━━━━━━━━━━━━━ 8/8 0:00:00 • 0:00:00 26.12it/s  
Predicting ━━━━━━━━━━━━━━━━━━━━━━━━━━━━━━━━━━━━━━━━ 8/8 0:00:00 • 0:00:00 26.21it/s  
batch 22: size=500 time=5.77s
Predicting ━━━━━━━━━━━━━━━━━━━━━━━━━━━━━━━━━━━━━━━━ 8/8 0:00:00 • 0:00:00 25.23it/s  
Predicting ━━━━━━━━━━━━━━━━━━━━━━━━━━━━━━━━━━━━━━━━ 8/8 0:00:00 • 0:00:00 25.81it/s  
Predicting ━━━━━━━━━━━━━━━━━━━━━━━━━━━━━━━━━━━━━━━━ 8/8 0:00:00 • 0:00:00 25.20it/s  
Predicting ━━━━━━━━━━━━━━━━━━━━━━━━━━━━━━━━━━━━━━━━ 8/8 0:00:00 • 0:00:00 25.46it/s  
Predicting ━━━━━━━━━━━━━━━━━━━━━━━━━━━━━━━━━━━━━━━━ 8/8 0:00:00 • 0:00:00 25.81it/s  
Predicting ━━━━━━━━━━━━━━━━━━━━━━━━━━━━━━━━━━━━━━━━ 8/8 0:00:00 • 0:00:00 25.29it/s  
Predicting ━━━━━━━━━━━━━━━━━━━━━━━━━━━━━━━━━━━━━━━━ 8/8 0:00:00 • 0:00:00 25.70it/s  
Predicting ━━━━━━━━━━━━━━━━━━━━━━━━━━━━━━━━━━━━━━━━ 8/8 0:00:00 • 0:00:00 25.56it/s  
Predicting ━━━━━━━━━━━━━━━━━━━━━━━━━━━━━━━━━━━━━━━━ 8/8 0:00:00 • 0:00:00 26.15it/s  
Predicting ━━━━━━━━━━━━━━━━━━━━━━━━━━━━━━━━━━━━━━━━ 8/8 0:00:00 • 0:00:00 26.04it/s  
batch 23: size=500 time=5.80s
Predicting ━━━━━━━━━━━━━━━━━━━━━━━━━━━━━━━━━━━━━━━━ 8/8 0:00:00 • 0:00:00 25.33it/s  
Predicting ━━━━━━━━━━━━━━━━━━━━━━━━━━━━━━━━━━━━━━━━ 8/8 0:00:00 • 0:00:00 26.10it/s  
Predicting ━━━━━━━━━━━━━━━━━━━━━━━━━━━━━━━━━━━━━━━━ 8/8 0:00:00 • 0:00:00 25.49it/s  
Predicting ━━━━━━━━━━━━━━━━━━━━━━━━━━━━━━━━━━━━━━━━ 8/8 0:00:00 • 0:00:00 26.09it/s  
Predicting ━━━━━━━━━━━━━━━━━━━━━━━━━━━━━━━━━━━━━━━━ 8/8 0:00:00 • 0:00:00 26.85it/s  
Predicting ━━━━━━━━━━━━━━━━━━━━━━━━━━━━━━━━━━━━━━━━ 8/8 0:00:00 • 0:00:00 25.38it/s  
Predicting ━━━━━━━━━━━━━━━━━━━━━━━━━━━━━━━━━━━━━━━━ 8/8 0:00:00 • 0:00:00 26.20it/s  
Predicting ━━━━━━━━━━━━━━━━━━━━━━━━━━━━━━━━━━━━━━━━ 8/8 0:00:00 • 0:00:00 26.22it/s  
Predicting ━━━━━━━━━━━━━━━━━━━━━━━━━━━━━━━━━━━━━━━━ 8/8 0:00:00 • 0:00:00 26.27it/s  
Predicting ━━━━━━━━━━━━━━━━━━━━━━━━━━━━━━━━━━━━━━━━ 8/8 0:00:00 • 0:00:00 26.17it/s  
batch 24: size=500 time=5.73s
Predicting ━━━━━━━━━━━━━━━━━━━━━━━━━━━━━━━━━━━━━━━━ 8/8 0:00:00 • 0:00:00 26.10it/s  
Predicting ━━━━━━━━━━━━━━━━━━━━━━━━━━━━━━━━━━━━━━━━ 8/8 0:00:00 • 0:00:00 25.27it/s  
Predicting ━━━━━━━━━━━━━━━━━━━━━━━━━━━━━━━━━━━━━━━━ 8/8 0:00:00 • 0:00:00 25.75it/s  
Predicting ━━━━━━━━━━━━━━━━━━━━━━━━━━━━━━━━━━━━━━━━ 8/8 0:00:00 • 0:00:00 25.64it/s  
Predicting ━━━━━━━━━━━━━━━━━━━━━━━━━━━━━━━━━━━━━━━━ 8/8 0:00:00 • 0:00:00 26.36it/s  
Predicting ━━━━━━━━━━━━━━━━━━━━━━━━━━━━━━━━━━━━━━━━ 8/8 0:00:00 • 0:00:00 25.40it/s  
Predicting ━━━━━━━━━━━━━━━━━━━━━━━━━━━━━━━━━━━━━━━━ 8/8 0:00:00 • 0:00:00 26.24it/s  
Predicting ━━━━━━━━━━━━━━━━━━━━━━━━━━━━━━━━━━━━━━━━ 8/8 0:00:00 • 0:00:00 23.80it/s  
Predicting ━━━━━━━━━━━━━━━━━━━━━━━━━━━━━━━━━━━━━━━━ 8/8 0:00:00 • 0:00:00 18.77it/s  
Predicting ━━━━━━━━━━━━━━━━━━━━━━━━━━━━━━━━━━━━━━━━ 8/8 0:00:00 • 0:00:00 18.72it/s  
batch 25: size=500 time=6.33s
Predicting ━━━━━━━━━━━━━━━━━━━━━━━━━━━━━━━━━━━━━━━━ 8/8 0:00:00 • 0:00:00 27.82it/s  
Predicting ━━━━━━━━━━━━━━━━━━━━━━━━━━━━━━━━━━━━━━━━ 8/8 0:00:00 • 0:00:00 27.71it/s  
Predicting ━━━━━━━━━━━━━━━━━━━━━━━━━━━━━━━━━━━━━━━━ 8/8 0:00:00 • 0:00:00 29.84it/s  
Predicting ━━━━━━━━━━━━━━━━━━━━━━━━━━━━━━━━━━━━━━━━ 8/8 0:00:00 • 0:00:00 28.97it/s  
Predicting ━━━━━━━━━━━━━━━━━━━━━━━━━━━━━━━━━━━━━━━━ 8/8 0:00:00 • 0:00:00 28.66it/s  
Predicting ━━━━━━━━━━━━━━━━━━━━━━━━━━━━━━━━━━━━━━━━ 8/8 0:00:00 • 0:00:00 28.28it/s  
Predicting ━━━━━━━━━━━━━━━━━━━━━━━━━━━━━━━━━━━━━━━━ 8/8 0:00:00 • 0:00:00 28.98it/s  
Predicting ━━━━━━━━━━━━━━━━━━━━━━━━━━━━━━━━━━━━━━━━ 8/8 0:00:00 • 0:00:00 28.05it/s  
Predicting ━━━━━━━━━━━━━━━━━━━━━━━━━━━━━━━━━━━━━━━━ 8/8 0:00:00 • 0:00:00 28.41it/s  
Predicting ━━━━━━━━━━━━━━━━━━━━━━━━━━━━━━━━━━━━━━━━ 8/8 0:00:00 • 0:00:00 29.08it/s  
batch 26: size=500 time=5.42s
Predicting ━━━━━━━━━━━━━━━━━━━━━━━━━━━━━━━━━━━━━━━━ 8/8 0:00:00 • 0:00:00 25.53it/s  
Predicting ━━━━━━━━━━━━━━━━━━━━━━━━━━━━━━━━━━━━━━━━ 8/8 0:00:00 • 0:00:00 25.83it/s  
Predicting ━━━━━━━━━━━━━━━━━━━━━━━━━━━━━━━━━━━━━━━━ 8/8 0:00:00 • 0:00:00 25.77it/s  
Predicting ━━━━━━━━━━━━━━━━━━━━━━━━━━━━━━━━━━━━━━━━ 8/8 0:00:00 • 0:00:00 25.78it/s  
Predicting ━━━━━━━━━━━━━━━━━━━━━━━━━━━━━━━━━━━━━━━━ 8/8 0:00:00 • 0:00:00 26.28it/s  
Predicting ━━━━━━━━━━━━━━━━━━━━━━━━━━━━━━━━━━━━━━━━ 8/8 0:00:00 • 0:00:00 26.32it/s  
Predicting ━━━━━━━━━━━━━━━━━━━━━━━━━━━━━━━━━━━━━━━━ 8/8 0:00:00 • 0:00:00 26.08it/s  
Predicting ━━━━━━━━━━━━━━━━━━━━━━━━━━━━━━━━━━━━━━━━ 8/8 0:00:00 • 0:00:00 26.63it/s  
Predicting ━━━━━━━━━━━━━━━━━━━━━━━━━━━━━━━━━━━━━━━━ 8/8 0:00:00 • 0:00:00 25.79it/s  
Predicting ━━━━━━━━━━━━━━━━━━━━━━━━━━━━━━━━━━━━━━━━ 8/8 0:00:00 • 0:00:00 26.10it/s  
batch 27: size=500 time=5.76s
Predicting ━━━━━━━━━━━━━━━━━━━━━━━━━━━━━━━━━━━━━━━━ 8/8 0:00:00 • 0:00:00 25.52it/s  
Predicting ━━━━━━━━━━━━━━━━━━━━━━━━━━━━━━━━━━━━━━━━ 8/8 0:00:00 • 0:00:00 26.03it/s  
Predicting ━━━━━━━━━━━━━━━━━━━━━━━━━━━━━━━━━━━━━━━━ 8/8 0:00:00 • 0:00:00 26.40it/s  
Predicting ━━━━━━━━━━━━━━━━━━━━━━━━━━━━━━━━━━━━━━━━ 8/8 0:00:00 • 0:00:00 26.05it/s  
Predicting ━━━━━━━━━━━━━━━━━━━━━━━━━━━━━━━━━━━━━━━━ 8/8 0:00:00 • 0:00:00 25.82it/s  
Predicting ━━━━━━━━━━━━━━━━━━━━━━━━━━━━━━━━━━━━━━━━ 8/8 0:00:00 • 0:00:00 25.72it/s  
Predicting ━━━━━━━━━━━━━━━━━━━━━━━━━━━━━━━━━━━━━━━━ 8/8 0:00:00 • 0:00:00 25.81it/s  
Predicting ━━━━━━━━━━━━━━━━━━━━━━━━━━━━━━━━━━━━━━━━ 8/8 0:00:00 • 0:00:00 18.63it/s  
Predicting ━━━━━━━━━━━━━━━━━━━━━━━━━━━━━━━━━━━━━━━━ 8/8 0:00:00 • 0:00:00 19.24it/s  
Predicting ━━━━━━━━━━━━━━━━━━━━━━━━━━━━━━━━━━━━━━━━ 8/8 0:00:00 • 0:00:00 20.89it/s  
batch 28: size=500 time=6.41s
Predicting ━━━━━━━━━━━━━━━━━━━━━━━━━━━━━━━━━━━━━━━━ 8/8 0:00:00 • 0:00:00 28.32it/s  
Predicting ━━━━━━━━━━━━━━━━━━━━━━━━━━━━━━━━━━━━━━━━ 8/8 0:00:00 • 0:00:00 30.70it/s  
Predicting ━━━━━━━━━━━━━━━━━━━━━━━━━━━━━━━━━━━━━━━━ 8/8 0:00:00 • 0:00:00 29.05it/s  
Predicting ━━━━━━━━━━━━━━━━━━━━━━━━━━━━━━━━━━━━━━━━ 8/8 0:00:00 • 0:00:00 29.31it/s  
Predicting ━━━━━━━━━━━━━━━━━━━━━━━━━━━━━━━━━━━━━━━━ 8/8 0:00:00 • 0:00:00 29.02it/s  
Predicting ━━━━━━━━━━━━━━━━━━━━━━━━━━━━━━━━━━━━━━━━ 8/8 0:00:00 • 0:00:00 28.49it/s  
Predicting ━━━━━━━━━━━━━━━━━━━━━━━━━━━━━━━━━━━━━━━━ 8/8 0:00:00 • 0:00:00 29.16it/s  
Predicting ━━━━━━━━━━━━━━━━━━━━━━━━━━━━━━━━━━━━━━━━ 8/8 0:00:00 • 0:00:00 29.57it/s  
Predicting ━━━━━━━━━━━━━━━━━━━━━━━━━━━━━━━━━━━━━━━━ 8/8 0:00:00 • 0:00:00 29.79it/s  
Predicting ━━━━━━━━━━━━━━━━━━━━━━━━━━━━━━━━━━━━━━━━ 8/8 0:00:00 • 0:00:00 29.05it/s  
batch 29: size=500 time=5.36s
Predicting ━━━━━━━━━━━━━━━━━━━━━━━━━━━━━━━━━━━━━━━━ 8/8 0:00:00 • 0:00:00 28.38it/s  
Predicting ━━━━━━━━━━━━━━━━━━━━━━━━━━━━━━━━━━━━━━━━ 8/8 0:00:00 • 0:00:00 30.00it/s  
Predicting ━━━━━━━━━━━━━━━━━━━━━━━━━━━━━━━━━━━━━━━━ 8/8 0:00:00 • 0:00:00 28.05it/s  
Predicting ━━━━━━━━━━━━━━━━━━━━━━━━━━━━━━━━━━━━━━━━ 8/8 0:00:00 • 0:00:00 29.51it/s  
Predicting ━━━━━━━━━━━━━━━━━━━━━━━━━━━━━━━━━━━━━━━━ 8/8 0:00:00 • 0:00:00 28.39it/s  
Predicting ━━━━━━━━━━━━━━━━━━━━━━━━━━━━━━━━━━━━━━━━ 8/8 0:00:00 • 0:00:00 27.06it/s  
Predicting ━━━━━━━━━━━━━━━━━━━━━━━━━━━━━━━━━━━━━━━━ 8/8 0:00:00 • 0:00:00 28.65it/s  
Predicting ━━━━━━━━━━━━━━━━━━━━━━━━━━━━━━━━━━━━━━━━ 8/8 0:00:00 • 0:00:00 22.05it/s  
Predicting ━━━━━━━━━━━━━━━━━━━━━━━━━━━━━━━━━━━━━━━━ 8/8 0:00:00 • 0:00:00 26.53it/s  
Predicting ━━━━━━━━━━━━━━━━━━━━━━━━━━━━━━━━━━━━━━━━ 8/8 0:00:00 • 0:00:00 26.38it/s  
batch 30: size=500 time=5.54s
Predicting ━━━━━━━━━━━━━━━━━━━━━━━━━━━━━━━━━━━━━━━━ 8/8 0:00:00 • 0:00:00 25.90it/s  
Predicting ━━━━━━━━━━━━━━━━━━━━━━━━━━━━━━━━━━━━━━━━ 8/8 0:00:00 • 0:00:00 26.09it/s  
Predicting ━━━━━━━━━━━━━━━━━━━━━━━━━━━━━━━━━━━━━━━━ 8/8 0:00:00 • 0:00:00 26.17it/s  
Predicting ━━━━━━━━━━━━━━━━━━━━━━━━━━━━━━━━━━━━━━━━ 8/8 0:00:00 • 0:00:00 25.98it/s  
Predicting ━━━━━━━━━━━━━━━━━━━━━━━━━━━━━━━━━━━━━━━━ 8/8 0:00:00 • 0:00:00 26.56it/s  
Predicting ━━━━━━━━━━━━━━━━━━━━━━━━━━━━━━━━━━━━━━━━ 8/8 0:00:00 • 0:00:00 26.03it/s  
Predicting ━━━━━━━━━━━━━━━━━━━━━━━━━━━━━━━━━━━━━━━━ 8/8 0:00:00 • 0:00:00 25.77it/s  
Predicting ━━━━━━━━━━━━━━━━━━━━━━━━━━━━━━━━━━━━━━━━ 8/8 0:00:00 • 0:00:00 26.65it/s  
Predicting ━━━━━━━━━━━━━━━━━━━━━━━━━━━━━━━━━━━━━━━━ 8/8 0:00:00 • 0:00:00 26.41it/s  
Predicting ━━━━━━━━━━━━━━━━━━━━━━━━━━━━━━━━━━━━━━━━ 8/8 0:00:00 • 0:00:00 25.79it/s  
batch 31: size=500 time=5.74s
Predicting ━━━━━━━━━━━━━━━━━━━━━━━━━━━━━━━━━━━━━━━━ 8/8 0:00:00 • 0:00:00 25.61it/s  
Predicting ━━━━━━━━━━━━━━━━━━━━━━━━━━━━━━━━━━━━━━━━ 8/8 0:00:00 • 0:00:00 26.33it/s  
Predicting ━━━━━━━━━━━━━━━━━━━━━━━━━━━━━━━━━━━━━━━━ 8/8 0:00:00 • 0:00:00 26.12it/s  
Predicting ━━━━━━━━━━━━━━━━━━━━━━━━━━━━━━━━━━━━━━━━ 8/8 0:00:00 • 0:00:00 26.28it/s  
Predicting ━━━━━━━━━━━━━━━━━━━━━━━━━━━━━━━━━━━━━━━━ 8/8 0:00:00 • 0:00:00 26.04it/s  
Predicting ━━━━━━━━━━━━━━━━━━━━━━━━━━━━━━━━━━━━━━━━ 8/8 0:00:00 • 0:00:00 25.82it/s  
Predicting ━━━━━━━━━━━━━━━━━━━━━━━━━━━━━━━━━━━━━━━━ 8/8 0:00:00 • 0:00:00 26.12it/s  
Predicting ━━━━━━━━━━━━━━━━━━━━━━━━━━━━━━━━━━━━━━━━ 8/8 0:00:00 • 0:00:00 26.02it/s  
Predicting ━━━━━━━━━━━━━━━━━━━━━━━━━━━━━━━━━━━━━━━━ 8/8 0:00:00 • 0:00:00 26.68it/s  
Predicting ━━━━━━━━━━━━━━━━━━━━━━━━━━━━━━━━━━━━━━━━ 8/8 0:00:00 • 0:00:00 25.74it/s  
batch 32: size=500 time=5.74s
Predicting ━━━━━━━━━━━━━━━━━━━━━━━━━━━━━━━━━━━━━━━━ 8/8 0:00:00 • 0:00:00 25.57it/s  
Predicting ━━━━━━━━━━━━━━━━━━━━━━━━━━━━━━━━━━━━━━━━ 8/8 0:00:00 • 0:00:00 25.92it/s  
Predicting ━━━━━━━━━━━━━━━━━━━━━━━━━━━━━━━━━━━━━━━━ 8/8 0:00:00 • 0:00:00 25.12it/s  
Predicting ━━━━━━━━━━━━━━━━━━━━━━━━━━━━━━━━━━━━━━━━ 8/8 0:00:00 • 0:00:00 26.13it/s  
Predicting ━━━━━━━━━━━━━━━━━━━━━━━━━━━━━━━━━━━━━━━━ 8/8 0:00:00 • 0:00:00 26.45it/s  
Predicting ━━━━━━━━━━━━━━━━━━━━━━━━━━━━━━━━━━━━━━━━ 8/8 0:00:00 • 0:00:00 25.80it/s  
Predicting ━━━━━━━━━━━━━━━━━━━━━━━━━━━━━━━━━━━━━━━━ 8/8 0:00:00 • 0:00:00 26.48it/s  
Predicting ━━━━━━━━━━━━━━━━━━━━━━━━━━━━━━━━━━━━━━━━ 8/8 0:00:00 • 0:00:00 26.60it/s  
Predicting ━━━━━━━━━━━━━━━━━━━━━━━━━━━━━━━━━━━━━━━━ 8/8 0:00:00 • 0:00:00 26.12it/s  
Predicting ━━━━━━━━━━━━━━━━━━━━━━━━━━━━━━━━━━━━━━━━ 8/8 0:00:00 • 0:00:00 26.76it/s  
batch 33: size=500 time=5.71s
Predicting ━━━━━━━━━━━━━━━━━━━━━━━━━━━━━━━━━━━━━━━━ 8/8 0:00:00 • 0:00:00 25.43it/s  
Predicting ━━━━━━━━━━━━━━━━━━━━━━━━━━━━━━━━━━━━━━━━ 8/8 0:00:00 • 0:00:00 26.27it/s  
Predicting ━━━━━━━━━━━━━━━━━━━━━━━━━━━━━━━━━━━━━━━━ 8/8 0:00:00 • 0:00:00 27.09it/s  
Predicting ━━━━━━━━━━━━━━━━━━━━━━━━━━━━━━━━━━━━━━━━ 8/8 0:00:00 • 0:00:00 26.12it/s  
Predicting ━━━━━━━━━━━━━━━━━━━━━━━━━━━━━━━━━━━━━━━━ 8/8 0:00:00 • 0:00:00 26.68it/s  
Predicting ━━━━━━━━━━━━━━━━━━━━━━━━━━━━━━━━━━━━━━━━ 8/8 0:00:00 • 0:00:00 25.61it/s  
Predicting ━━━━━━━━━━━━━━━━━━━━━━━━━━━━━━━━━━━━━━━━ 8/8 0:00:00 • 0:00:00 26.27it/s  
Predicting ━━━━━━━━━━━━━━━━━━━━━━━━━━━━━━━━━━━━━━━━ 8/8 0:00:00 • 0:00:00 26.47it/s  
Predicting ━━━━━━━━━━━━━━━━━━━━━━━━━━━━━━━━━━━━━━━━ 8/8 0:00:00 • 0:00:00 26.02it/s  
Predicting ━━━━━━━━━━━━━━━━━━━━━━━━━━━━━━━━━━━━━━━━ 8/8 0:00:00 • 0:00:00 26.38it/s  
batch 34: size=500 time=5.72s
Predicting ━━━━━━━━━━━━━━━━━━━━━━━━━━━━━━━━━━━━━━━━ 8/8 0:00:00 • 0:00:00 25.49it/s  
Predicting ━━━━━━━━━━━━━━━━━━━━━━━━━━━━━━━━━━━━━━━━ 8/8 0:00:00 • 0:00:00 26.12it/s  
Predicting ━━━━━━━━━━━━━━━━━━━━━━━━━━━━━━━━━━━━━━━━ 8/8 0:00:00 • 0:00:00 26.09it/s  
Predicting ━━━━━━━━━━━━━━━━━━━━━━━━━━━━━━━━━━━━━━━━ 8/8 0:00:00 • 0:00:00 26.34it/s  
Predicting ━━━━━━━━━━━━━━━━━━━━━━━━━━━━━━━━━━━━━━━━ 8/8 0:00:00 • 0:00:00 25.54it/s  
Predicting ━━━━━━━━━━━━━━━━━━━━━━━━━━━━━━━━━━━━━━━━ 8/8 0:00:00 • 0:00:00 26.09it/s  
Predicting ━━━━━━━━━━━━━━━━━━━━━━━━━━━━━━━━━━━━━━━━ 8/8 0:00:00 • 0:00:00 25.15it/s  
Predicting ━━━━━━━━━━━━━━━━━━━━━━━━━━━━━━━━━━━━━━━━ 8/8 0:00:00 • 0:00:00 25.83it/s  
Predicting ━━━━━━━━━━━━━━━━━━━━━━━━━━━━━━━━━━━━━━━━ 8/8 0:00:00 • 0:00:00 26.36it/s  
Predicting ━━━━━━━━━━━━━━━━━━━━━━━━━━━━━━━━━━━━━━━━ 8/8 0:00:00 • 0:00:00 25.74it/s  
batch 35: size=500 time=5.73s
Predicting ━━━━━━━━━━━━━━━━━━━━━━━━━━━━━━━━━━━━━━━━ 8/8 0:00:00 • 0:00:00 18.85it/s  
Predicting ━━━━━━━━━━━━━━━━━━━━━━━━━━━━━━━━━━━━━━━━ 8/8 0:00:00 • 0:00:00 19.06it/s  
Predicting ━━━━━━━━━━━━━━━━━━━━━━━━━━━━━━━━━━━━━━━━ 8/8 0:00:00 • 0:00:00 19.11it/s  
Predicting ━━━━━━━━━━━━━━━━━━━━━━━━━━━━━━━━━━━━━━━━ 8/8 0:00:00 • 0:00:00 19.16it/s  
Predicting ━━━━━━━━━━━━━━━━━━━━━━━━━━━━━━━━━━━━━━━━ 8/8 0:00:00 • 0:00:00 22.35it/s  
Predicting ━━━━━━━━━━━━━━━━━━━━━━━━━━━━━━━━━━━━━━━━ 8/8 0:00:00 • 0:00:00 26.89it/s  
Predicting ━━━━━━━━━━━━━━━━━━━━━━━━━━━━━━━━━━━━━━━━ 8/8 0:00:00 • 0:00:00 29.82it/s  
Predicting ━━━━━━━━━━━━━━━━━━━━━━━━━━━━━━━━━━━━━━━━ 8/8 0:00:00 • 0:00:00 29.41it/s  
Predicting ━━━━━━━━━━━━━━━━━━━━━━━━━━━━━━━━━━━━━━━━ 8/8 0:00:00 • 0:00:00 29.75it/s  
Predicting ━━━━━━━━━━━━━━━━━━━━━━━━━━━━━━━━━━━━━━━━ 8/8 0:00:00 • 0:00:00 29.56it/s  
batch 36: size=500 time=6.06s
Predicting ━━━━━━━━━━━━━━━━━━━━━━━━━━━━━━━━━━━━━━━━ 8/8 0:00:00 • 0:00:00 27.94it/s  
Predicting ━━━━━━━━━━━━━━━━━━━━━━━━━━━━━━━━━━━━━━━━ 8/8 0:00:00 • 0:00:00 27.39it/s  
Predicting ━━━━━━━━━━━━━━━━━━━━━━━━━━━━━━━━━━━━━━━━ 8/8 0:00:00 • 0:00:00 29.97it/s  
Predicting ━━━━━━━━━━━━━━━━━━━━━━━━━━━━━━━━━━━━━━━━ 8/8 0:00:00 • 0:00:00 29.09it/s  
Predicting ━━━━━━━━━━━━━━━━━━━━━━━━━━━━━━━━━━━━━━━━ 8/8 0:00:00 • 0:00:00 28.36it/s  
Predicting ━━━━━━━━━━━━━━━━━━━━━━━━━━━━━━━━━━━━━━━━ 8/8 0:00:00 • 0:00:00 28.01it/s  
Predicting ━━━━━━━━━━━━━━━━━━━━━━━━━━━━━━━━━━━━━━━━ 8/8 0:00:00 • 0:00:00 28.63it/s  
Predicting ━━━━━━━━━━━━━━━━━━━━━━━━━━━━━━━━━━━━━━━━ 8/8 0:00:00 • 0:00:00 28.93it/s  
Predicting ━━━━━━━━━━━━━━━━━━━━━━━━━━━━━━━━━━━━━━━━ 8/8 0:00:00 • 0:00:00 29.43it/s  
Predicting ━━━━━━━━━━━━━━━━━━━━━━━━━━━━━━━━━━━━━━━━ 8/8 0:00:00 • 0:00:00 29.96it/s  
batch 37: size=500 time=5.41s
Predicting ━━━━━━━━━━━━━━━━━━━━━━━━━━━━━━━━━━━━━━━━ 8/8 0:00:00 • 0:00:00 21.40it/s  
Predicting ━━━━━━━━━━━━━━━━━━━━━━━━━━━━━━━━━━━━━━━━ 8/8 0:00:00 • 0:00:00 26.46it/s  
Predicting ━━━━━━━━━━━━━━━━━━━━━━━━━━━━━━━━━━━━━━━━ 8/8 0:00:00 • 0:00:00 26.78it/s  
Predicting ━━━━━━━━━━━━━━━━━━━━━━━━━━━━━━━━━━━━━━━━ 8/8 0:00:00 • 0:00:00 27.12it/s  
Predicting ━━━━━━━━━━━━━━━━━━━━━━━━━━━━━━━━━━━━━━━━ 8/8 0:00:00 • 0:00:00 26.45it/s  
Predicting ━━━━━━━━━━━━━━━━━━━━━━━━━━━━━━━━━━━━━━━━ 8/8 0:00:00 • 0:00:00 25.82it/s  
Predicting ━━━━━━━━━━━━━━━━━━━━━━━━━━━━━━━━━━━━━━━━ 8/8 0:00:00 • 0:00:00 26.46it/s  
Predicting ━━━━━━━━━━━━━━━━━━━━━━━━━━━━━━━━━━━━━━━━ 8/8 0:00:00 • 0:00:00 26.93it/s  
Predicting ━━━━━━━━━━━━━━━━━━━━━━━━━━━━━━━━━━━━━━━━ 8/8 0:00:00 • 0:00:00 26.32it/s  
Predicting ━━━━━━━━━━━━━━━━━━━━━━━━━━━━━━━━━━━━━━━━ 8/8 0:00:00 • 0:00:00 27.41it/s  
batch 38: size=500 time=5.79s
Predicting ━━━━━━━━━━━━━━━━━━━━━━━━━━━━━━━━━━━━━━━━ 8/8 0:00:00 • 0:00:00 20.80it/s  
Predicting ━━━━━━━━━━━━━━━━━━━━━━━━━━━━━━━━━━━━━━━━ 8/8 0:00:00 • 0:00:00 26.00it/s  
Predicting ━━━━━━━━━━━━━━━━━━━━━━━━━━━━━━━━━━━━━━━━ 8/8 0:00:00 • 0:00:00 25.51it/s  
Predicting ━━━━━━━━━━━━━━━━━━━━━━━━━━━━━━━━━━━━━━━━ 8/8 0:00:00 • 0:00:00 26.39it/s  
Predicting ━━━━━━━━━━━━━━━━━━━━━━━━━━━━━━━━━━━━━━━━ 8/8 0:00:00 • 0:00:00 26.41it/s  
Predicting ━━━━━━━━━━━━━━━━━━━━━━━━━━━━━━━━━━━━━━━━ 8/8 0:00:00 • 0:00:00 26.09it/s  
Predicting ━━━━━━━━━━━━━━━━━━━━━━━━━━━━━━━━━━━━━━━━ 8/8 0:00:00 • 0:00:00 26.78it/s  
Predicting ━━━━━━━━━━━━━━━━━━━━━━━━━━━━━━━━━━━━━━━━ 8/8 0:00:00 • 0:00:00 26.22it/s  
Predicting ━━━━━━━━━━━━━━━━━━━━━━━━━━━━━━━━━━━━━━━━ 8/8 0:00:00 • 0:00:00 26.07it/s  
Predicting ━━━━━━━━━━━━━━━━━━━━━━━━━━━━━━━━━━━━━━━━ 8/8 0:00:00 • 0:00:00 26.01it/s  
batch 39: size=500 time=5.84s
Predicting ━━━━━━━━━━━━━━━━━━━━━━━━━━━━━━━━━━━━━━━━ 8/8 0:00:00 • 0:00:00 26.35it/s  
Predicting ━━━━━━━━━━━━━━━━━━━━━━━━━━━━━━━━━━━━━━━━ 8/8 0:00:00 • 0:00:00 25.79it/s  
Predicting ━━━━━━━━━━━━━━━━━━━━━━━━━━━━━━━━━━━━━━━━ 8/8 0:00:00 • 0:00:00 25.51it/s  
Predicting ━━━━━━━━━━━━━━━━━━━━━━━━━━━━━━━━━━━━━━━━ 8/8 0:00:00 • 0:00:00 26.30it/s  
Predicting ━━━━━━━━━━━━━━━━━━━━━━━━━━━━━━━━━━━━━━━━ 8/8 0:00:00 • 0:00:00 26.50it/s  
Predicting ━━━━━━━━━━━━━━━━━━━━━━━━━━━━━━━━━━━━━━━━ 8/8 0:00:00 • 0:00:00 25.27it/s  
Predicting ━━━━━━━━━━━━━━━━━━━━━━━━━━━━━━━━━━━━━━━━ 8/8 0:00:00 • 0:00:00 26.63it/s  
Predicting ━━━━━━━━━━━━━━━━━━━━━━━━━━━━━━━━━━━━━━━━ 8/8 0:00:00 • 0:00:00 26.75it/s  
Predicting ━━━━━━━━━━━━━━━━━━━━━━━━━━━━━━━━━━━━━━━━ 8/8 0:00:00 • 0:00:00 27.61it/s  
Predicting ━━━━━━━━━━━━━━━━━━━━━━━━━━━━━━━━━━━━━━━━ 8/8 0:00:00 • 0:00:00 26.19it/s  
batch 40: size=500 time=5.73s
Predicting ━━━━━━━━━━━━━━━━━━━━━━━━━━━━━━━━━━━━━━━━ 8/8 0:00:00 • 0:00:00 25.92it/s  
Predicting ━━━━━━━━━━━━━━━━━━━━━━━━━━━━━━━━━━━━━━━━ 8/8 0:00:00 • 0:00:00 26.45it/s  
Predicting ━━━━━━━━━━━━━━━━━━━━━━━━━━━━━━━━━━━━━━━━ 8/8 0:00:00 • 0:00:00 26.48it/s  
Predicting ━━━━━━━━━━━━━━━━━━━━━━━━━━━━━━━━━━━━━━━━ 8/8 0:00:00 • 0:00:00 26.71it/s  
Predicting ━━━━━━━━━━━━━━━━━━━━━━━━━━━━━━━━━━━━━━━━ 8/8 0:00:00 • 0:00:00 26.98it/s  
Predicting ━━━━━━━━━━━━━━━━━━━━━━━━━━━━━━━━━━━━━━━━ 8/8 0:00:00 • 0:00:00 18.72it/s  
Predicting ━━━━━━━━━━━━━━━━━━━━━━━━━━━━━━━━━━━━━━━━ 8/8 0:00:00 • 0:00:00 18.92it/s  
Predicting ━━━━━━━━━━━━━━━━━━━━━━━━━━━━━━━━━━━━━━━━ 8/8 0:00:00 • 0:00:00 19.30it/s  
Predicting ━━━━━━━━━━━━━━━━━━━━━━━━━━━━━━━━━━━━━━━━ 8/8 0:00:00 • 0:00:00 18.94it/s  
Predicting ━━━━━━━━━━━━━━━━━━━━━━━━━━━━━━━━━━━━━━━━ 8/8 0:00:00 • 0:00:00 19.14it/s  
batch 41: size=500 time=6.27s
Predicting ━━━━━━━━━━━━━━━━━━━━━━━━━━━━━━━━━━━━━━━━ 8/8 0:00:00 • 0:00:00 27.99it/s  
Predicting ━━━━━━━━━━━━━━━━━━━━━━━━━━━━━━━━━━━━━━━━ 8/8 0:00:00 • 0:00:00 28.76it/s  
Predicting ━━━━━━━━━━━━━━━━━━━━━━━━━━━━━━━━━━━━━━━━ 8/8 0:00:00 • 0:00:00 29.56it/s  
Predicting ━━━━━━━━━━━━━━━━━━━━━━━━━━━━━━━━━━━━━━━━ 8/8 0:00:00 • 0:00:00 28.96it/s  
Predicting ━━━━━━━━━━━━━━━━━━━━━━━━━━━━━━━━━━━━━━━━ 8/8 0:00:00 • 0:00:00 27.90it/s  
Predicting ━━━━━━━━━━━━━━━━━━━━━━━━━━━━━━━━━━━━━━━━ 8/8 0:00:00 • 0:00:00 28.60it/s  
Predicting ━━━━━━━━━━━━━━━━━━━━━━━━━━━━━━━━━━━━━━━━ 8/8 0:00:00 • 0:00:00 28.34it/s  
Predicting ━━━━━━━━━━━━━━━━━━━━━━━━━━━━━━━━━━━━━━━━ 8/8 0:00:00 • 0:00:00 28.31it/s  
Predicting ━━━━━━━━━━━━━━━━━━━━━━━━━━━━━━━━━━━━━━━━ 8/8 0:00:00 • 0:00:00 29.35it/s  
Predicting ━━━━━━━━━━━━━━━━━━━━━━━━━━━━━━━━━━━━━━━━ 8/8 0:00:00 • 0:00:00 29.21it/s  
batch 42: size=500 time=5.45s
Predicting ━━━━━━━━━━━━━━━━━━━━━━━━━━━━━━━━━━━━━━━━ 8/8 0:00:00 • 0:00:00 27.76it/s  
Predicting ━━━━━━━━━━━━━━━━━━━━━━━━━━━━━━━━━━━━━━━━ 8/8 0:00:00 • 0:00:00 29.44it/s  
Predicting ━━━━━━━━━━━━━━━━━━━━━━━━━━━━━━━━━━━━━━━━ 8/8 0:00:00 • 0:00:00 30.03it/s  
Predicting ━━━━━━━━━━━━━━━━━━━━━━━━━━━━━━━━━━━━━━━━ 8/8 0:00:00 • 0:00:00 28.79it/s  
Predicting ━━━━━━━━━━━━━━━━━━━━━━━━━━━━━━━━━━━━━━━━ 8/8 0:00:00 • 0:00:00 29.85it/s  
Predicting ━━━━━━━━━━━━━━━━━━━━━━━━━━━━━━━━━━━━━━━━ 8/8 0:00:00 • 0:00:00 27.82it/s  
Predicting ━━━━━━━━━━━━━━━━━━━━━━━━━━━━━━━━━━━━━━━━ 8/8 0:00:00 • 0:00:00 28.92it/s  
Predicting ━━━━━━━━━━━━━━━━━━━━━━━━━━━━━━━━━━━━━━━━ 8/8 0:00:00 • 0:00:00 29.61it/s  
Predicting ━━━━━━━━━━━━━━━━━━━━━━━━━━━━━━━━━━━━━━━━ 8/8 0:00:00 • 0:00:00 29.98it/s  
Predicting ━━━━━━━━━━━━━━━━━━━━━━━━━━━━━━━━━━━━━━━━ 8/8 0:00:00 • 0:00:00 29.15it/s  
batch 43: size=500 time=5.41s
Predicting ━━━━━━━━━━━━━━━━━━━━━━━━━━━━━━━━━━━━━━━━ 8/8 0:00:00 • 0:00:00 28.07it/s  
Predicting ━━━━━━━━━━━━━━━━━━━━━━━━━━━━━━━━━━━━━━━━ 8/8 0:00:00 • 0:00:00 29.14it/s  
Predicting ━━━━━━━━━━━━━━━━━━━━━━━━━━━━━━━━━━━━━━━━ 8/8 0:00:00 • 0:00:00 28.58it/s  
Predicting ━━━━━━━━━━━━━━━━━━━━━━━━━━━━━━━━━━━━━━━━ 8/8 0:00:00 • 0:00:00 29.76it/s  
Predicting ━━━━━━━━━━━━━━━━━━━━━━━━━━━━━━━━━━━━━━━━ 8/8 0:00:00 • 0:00:00 27.38it/s  
Predicting ━━━━━━━━━━━━━━━━━━━━━━━━━━━━━━━━━━━━━━━━ 8/8 0:00:00 • 0:00:00 26.81it/s  
Predicting ━━━━━━━━━━━━━━━━━━━━━━━━━━━━━━━━━━━━━━━━ 8/8 0:00:00 • 0:00:00 28.76it/s  
Predicting ━━━━━━━━━━━━━━━━━━━━━━━━━━━━━━━━━━━━━━━━ 8/8 0:00:00 • 0:00:00 29.02it/s  
Predicting ━━━━━━━━━━━━━━━━━━━━━━━━━━━━━━━━━━━━━━━━ 8/8 0:00:00 • 0:00:00 29.19it/s  
Predicting ━━━━━━━━━━━━━━━━━━━━━━━━━━━━━━━━━━━━━━━━ 8/8 0:00:00 • 0:00:00 29.45it/s  
batch 44: size=500 time=5.48s
Predicting ━━━━━━━━━━━━━━━━━━━━━━━━━━━━━━━━━━━━━━━━ 8/8 0:00:00 • 0:00:00 27.47it/s  
Predicting ━━━━━━━━━━━━━━━━━━━━━━━━━━━━━━━━━━━━━━━━ 8/8 0:00:00 • 0:00:00 28.50it/s  
Predicting ━━━━━━━━━━━━━━━━━━━━━━━━━━━━━━━━━━━━━━━━ 8/8 0:00:00 • 0:00:00 29.44it/s  
Predicting ━━━━━━━━━━━━━━━━━━━━━━━━━━━━━━━━━━━━━━━━ 8/8 0:00:00 • 0:00:00 28.88it/s  
Predicting ━━━━━━━━━━━━━━━━━━━━━━━━━━━━━━━━━━━━━━━━ 8/8 0:00:00 • 0:00:00 29.18it/s  
Predicting ━━━━━━━━━━━━━━━━━━━━━━━━━━━━━━━━━━━━━━━━ 8/8 0:00:00 • 0:00:00 28.28it/s  
Predicting ━━━━━━━━━━━━━━━━━━━━━━━━━━━━━━━━━━━━━━━━ 8/8 0:00:00 • 0:00:00 27.79it/s  
Predicting ━━━━━━━━━━━━━━━━━━━━━━━━━━━━━━━━━━━━━━━━ 8/8 0:00:00 • 0:00:00 29.03it/s  
Predicting ━━━━━━━━━━━━━━━━━━━━━━━━━━━━━━━━━━━━━━━━ 8/8 0:00:00 • 0:00:00 29.01it/s  
Predicting ━━━━━━━━━━━━━━━━━━━━━━━━━━━━━━━━━━━━━━━━ 8/8 0:00:00 • 0:00:00 28.73it/s  
batch 45: size=500 time=5.47s
Predicting ━━━━━━━━━━━━━━━━━━━━━━━━━━━━━━━━━━━━━━━━ 8/8 0:00:00 • 0:00:00 27.11it/s  
Predicting ━━━━━━━━━━━━━━━━━━━━━━━━━━━━━━━━━━━━━━━━ 8/8 0:00:00 • 0:00:00 29.07it/s  
Predicting ━━━━━━━━━━━━━━━━━━━━━━━━━━━━━━━━━━━━━━━━ 8/8 0:00:00 • 0:00:00 29.06it/s  
Predicting ━━━━━━━━━━━━━━━━━━━━━━━━━━━━━━━━━━━━━━━━ 8/8 0:00:00 • 0:00:00 29.48it/s  
Predicting ━━━━━━━━━━━━━━━━━━━━━━━━━━━━━━━━━━━━━━━━ 8/8 0:00:00 • 0:00:00 29.83it/s  
Predicting ━━━━━━━━━━━━━━━━━━━━━━━━━━━━━━━━━━━━━━━━ 8/8 0:00:00 • 0:00:00 18.99it/s  
Predicting ━━━━━━━━━━━━━━━━━━━━━━━━━━━━━━━━━━━━━━━━ 8/8 0:00:00 • 0:00:00 26.06it/s  
Predicting ━━━━━━━━━━━━━━━━━━━━━━━━━━━━━━━━━━━━━━━━ 8/8 0:00:00 • 0:00:00 26.31it/s  
Predicting ━━━━━━━━━━━━━━━━━━━━━━━━━━━━━━━━━━━━━━━━ 8/8 0:00:00 • 0:00:00 27.25it/s  
Predicting ━━━━━━━━━━━━━━━━━━━━━━━━━━━━━━━━━━━━━━━━ 8/8 0:00:00 • 0:00:00 26.66it/s  
batch 46: size=500 time=5.75s
Predicting ━━━━━━━━━━━━━━━━━━━━━━━━━━━━━━━━━━━━━━━━ 8/8 0:00:00 • 0:00:00 25.48it/s  
Predicting ━━━━━━━━━━━━━━━━━━━━━━━━━━━━━━━━━━━━━━━━ 8/8 0:00:00 • 0:00:00 26.11it/s  
Predicting ━━━━━━━━━━━━━━━━━━━━━━━━━━━━━━━━━━━━━━━━ 8/8 0:00:00 • 0:00:00 26.59it/s  
Predicting ━━━━━━━━━━━━━━━━━━━━━━━━━━━━━━━━━━━━━━━━ 8/8 0:00:00 • 0:00:00 27.03it/s  
Predicting ━━━━━━━━━━━━━━━━━━━━━━━━━━━━━━━━━━━━━━━━ 8/8 0:00:00 • 0:00:00 26.73it/s  
Predicting ━━━━━━━━━━━━━━━━━━━━━━━━━━━━━━━━━━━━━━━━ 8/8 0:00:00 • 0:00:00 25.75it/s  
Predicting ━━━━━━━━━━━━━━━━━━━━━━━━━━━━━━━━━━━━━━━━ 8/8 0:00:00 • 0:00:00 26.32it/s  
Predicting ━━━━━━━━━━━━━━━━━━━━━━━━━━━━━━━━━━━━━━━━ 8/8 0:00:00 • 0:00:00 26.52it/s  
Predicting ━━━━━━━━━━━━━━━━━━━━━━━━━━━━━━━━━━━━━━━━ 8/8 0:00:00 • 0:00:00 26.30it/s  
Predicting ━━━━━━━━━━━━━━━━━━━━━━━━━━━━━━━━━━━━━━━━ 8/8 0:00:00 • 0:00:00 27.05it/s  
batch 47: size=500 time=5.71s
Predicting ━━━━━━━━━━━━━━━━━━━━━━━━━━━━━━━━━━━━━━━━ 8/8 0:00:00 • 0:00:00 25.23it/s  
Predicting ━━━━━━━━━━━━━━━━━━━━━━━━━━━━━━━━━━━━━━━━ 8/8 0:00:00 • 0:00:00 26.77it/s  
Predicting ━━━━━━━━━━━━━━━━━━━━━━━━━━━━━━━━━━━━━━━━ 8/8 0:00:00 • 0:00:00 26.24it/s  
Predicting ━━━━━━━━━━━━━━━━━━━━━━━━━━━━━━━━━━━━━━━━ 8/8 0:00:00 • 0:00:00 26.85it/s  
Predicting ━━━━━━━━━━━━━━━━━━━━━━━━━━━━━━━━━━━━━━━━ 8/8 0:00:00 • 0:00:00 26.57it/s  
Predicting ━━━━━━━━━━━━━━━━━━━━━━━━━━━━━━━━━━━━━━━━ 8/8 0:00:00 • 0:00:00 25.83it/s  
Predicting ━━━━━━━━━━━━━━━━━━━━━━━━━━━━━━━━━━━━━━━━ 8/8 0:00:00 • 0:00:00 26.32it/s  
Predicting ━━━━━━━━━━━━━━━━━━━━━━━━━━━━━━━━━━━━━━━━ 8/8 0:00:00 • 0:00:00 27.14it/s  
Predicting ━━━━━━━━━━━━━━━━━━━━━━━━━━━━━━━━━━━━━━━━ 8/8 0:00:00 • 0:00:00 26.78it/s  
Predicting ━━━━━━━━━━━━━━━━━━━━━━━━━━━━━━━━━━━━━━━━ 8/8 0:00:00 • 0:00:00 27.08it/s  
batch 48: size=500 time=5.71s
Predicting ━━━━━━━━━━━━━━━━━━━━━━━━━━━━━━━━━━━━━━━━ 8/8 0:00:00 • 0:00:00 26.00it/s  
Predicting ━━━━━━━━━━━━━━━━━━━━━━━━━━━━━━━━━━━━━━━━ 8/8 0:00:00 • 0:00:00 26.15it/s  
Predicting ━━━━━━━━━━━━━━━━━━━━━━━━━━━━━━━━━━━━━━━━ 8/8 0:00:00 • 0:00:00 26.78it/s  
Predicting ━━━━━━━━━━━━━━━━━━━━━━━━━━━━━━━━━━━━━━━━ 8/8 0:00:00 • 0:00:00 26.14it/s  
Predicting ━━━━━━━━━━━━━━━━━━━━━━━━━━━━━━━━━━━━━━━━ 8/8 0:00:00 • 0:00:00 26.50it/s  
Predicting ━━━━━━━━━━━━━━━━━━━━━━━━━━━━━━━━━━━━━━━━ 8/8 0:00:00 • 0:00:00 24.21it/s  
Predicting ━━━━━━━━━━━━━━━━━━━━━━━━━━━━━━━━━━━━━━━━ 8/8 0:00:00 • 0:00:00 24.93it/s  
Predicting ━━━━━━━━━━━━━━━━━━━━━━━━━━━━━━━━━━━━━━━━ 8/8 0:00:00 • 0:00:00 24.82it/s  
Predicting ━━━━━━━━━━━━━━━━━━━━━━━━━━━━━━━━━━━━━━━━ 8/8 0:00:00 • 0:00:00 23.87it/s  
Predicting ━━━━━━━━━━━━━━━━━━━━━━━━━━━━━━━━━━━━━━━━ 8/8 0:00:00 • 0:00:00 25.26it/s  
batch 49: size=500 time=5.80s
Predicting ━━━━━━━━━━━━━━━━━━━━━━━━━━━━━━━━━━━━━━━━ 8/8 0:00:00 • 0:00:00 25.17it/s  
Predicting ━━━━━━━━━━━━━━━━━━━━━━━━━━━━━━━━━━━━━━━━ 8/8 0:00:00 • 0:00:00 25.92it/s  
Predicting ━━━━━━━━━━━━━━━━━━━━━━━━━━━━━━━━━━━━━━━━ 8/8 0:00:00 • 0:00:00 26.66it/s  
Predicting ━━━━━━━━━━━━━━━━━━━━━━━━━━━━━━━━━━━━━━━━ 8/8 0:00:00 • 0:00:00 26.60it/s  
Predicting ━━━━━━━━━━━━━━━━━━━━━━━━━━━━━━━━━━━━━━━━ 8/8 0:00:00 • 0:00:00 25.31it/s  
Predicting ━━━━━━━━━━━━━━━━━━━━━━━━━━━━━━━━━━━━━━━━ 8/8 0:00:00 • 0:00:00 25.92it/s  
Predicting ━━━━━━━━━━━━━━━━━━━━━━━━━━━━━━━━━━━━━━━━ 8/8 0:00:00 • 0:00:00 26.27it/s  
Predicting ━━━━━━━━━━━━━━━━━━━━━━━━━━━━━━━━━━━━━━━━ 8/8 0:00:00 • 0:00:00 27.23it/s  
Predicting ━━━━━━━━━━━━━━━━━━━━━━━━━━━━━━━━━━━━━━━━ 8/8 0:00:00 • 0:00:00 26.89it/s  
Predicting ━━━━━━━━━━━━━━━━━━━━━━━━━━━━━━━━━━━━━━━━ 8/8 0:00:00 • 0:00:00 27.05it/s  
batch 50: size=500 time=5.69s
Predicting ━━━━━━━━━━━━━━━━━━━━━━━━━━━━━━━━━━━━━━━━ 8/8 0:00:00 • 0:00:00 25.86it/s  
Predicting ━━━━━━━━━━━━━━━━━━━━━━━━━━━━━━━━━━━━━━━━ 8/8 0:00:00 • 0:00:00 27.05it/s  
Predicting ━━━━━━━━━━━━━━━━━━━━━━━━━━━━━━━━━━━━━━━━ 8/8 0:00:00 • 0:00:00 26.54it/s  
Predicting ━━━━━━━━━━━━━━━━━━━━━━━━━━━━━━━━━━━━━━━━ 8/8 0:00:00 • 0:00:00 26.20it/s  
Predicting ━━━━━━━━━━━━━━━━━━━━━━━━━━━━━━━━━━━━━━━━ 8/8 0:00:00 • 0:00:00 26.89it/s  
Predicting ━━━━━━━━━━━━━━━━━━━━━━━━━━━━━━━━━━━━━━━━ 8/8 0:00:00 • 0:00:00 19.01it/s  
Predicting ━━━━━━━━━━━━━━━━━━━━━━━━━━━━━━━━━━━━━━━━ 8/8 0:00:00 • 0:00:00 19.07it/s  
Predicting ━━━━━━━━━━━━━━━━━━━━━━━━━━━━━━━━━━━━━━━━ 8/8 0:00:00 • 0:00:00 19.06it/s  
Predicting ━━━━━━━━━━━━━━━━━━━━━━━━━━━━━━━━━━━━━━━━ 8/8 0:00:00 • 0:00:00 19.06it/s  
Predicting ━━━━━━━━━━━━━━━━━━━━━━━━━━━━━━━━━━━━━━━━ 8/8 0:00:00 • 0:00:00 22.34it/s  
batch 51: size=500 time=6.16s
Predicting ━━━━━━━━━━━━━━━━━━━━━━━━━━━━━━━━━━━━━━━━ 8/8 0:00:00 • 0:00:00 28.48it/s  
Predicting ━━━━━━━━━━━━━━━━━━━━━━━━━━━━━━━━━━━━━━━━ 8/8 0:00:00 • 0:00:00 29.69it/s  
Predicting ━━━━━━━━━━━━━━━━━━━━━━━━━━━━━━━━━━━━━━━━ 8/8 0:00:00 • 0:00:00 28.72it/s  
Predicting ━━━━━━━━━━━━━━━━━━━━━━━━━━━━━━━━━━━━━━━━ 8/8 0:00:00 • 0:00:00 29.86it/s  
Predicting ━━━━━━━━━━━━━━━━━━━━━━━━━━━━━━━━━━━━━━━━ 8/8 0:00:00 • 0:00:00 28.81it/s  
Predicting ━━━━━━━━━━━━━━━━━━━━━━━━━━━━━━━━━━━━━━━━ 8/8 0:00:00 • 0:00:00 28.57it/s  
Predicting ━━━━━━━━━━━━━━━━━━━━━━━━━━━━━━━━━━━━━━━━ 8/8 0:00:00 • 0:00:00 28.99it/s  
Predicting ━━━━━━━━━━━━━━━━━━━━━━━━━━━━━━━━━━━━━━━━ 8/8 0:00:00 • 0:00:00 29.54it/s  
Predicting ━━━━━━━━━━━━━━━━━━━━━━━━━━━━━━━━━━━━━━━━ 8/8 0:00:00 • 0:00:00 29.31it/s  
Predicting ━━━━━━━━━━━━━━━━━━━━━━━━━━━━━━━━━━━━━━━━ 8/8 0:00:00 • 0:00:00 28.73it/s  
batch 52: size=500 time=5.47s
Predicting ━━━━━━━━━━━━━━━━━━━━━━━━━━━━━━━━━━━━━━━━ 8/8 0:00:00 • 0:00:00 28.37it/s  
Predicting ━━━━━━━━━━━━━━━━━━━━━━━━━━━━━━━━━━━━━━━━ 8/8 0:00:00 • 0:00:00 27.80it/s  
Predicting ━━━━━━━━━━━━━━━━━━━━━━━━━━━━━━━━━━━━━━━━ 8/8 0:00:00 • 0:00:00 30.13it/s  
Predicting ━━━━━━━━━━━━━━━━━━━━━━━━━━━━━━━━━━━━━━━━ 8/8 0:00:00 • 0:00:00 29.92it/s  
Predicting ━━━━━━━━━━━━━━━━━━━━━━━━━━━━━━━━━━━━━━━━ 8/8 0:00:00 • 0:00:00 27.77it/s  
Predicting ━━━━━━━━━━━━━━━━━━━━━━━━━━━━━━━━━━━━━━━━ 8/8 0:00:00 • 0:00:00 27.76it/s  
Predicting ━━━━━━━━━━━━━━━━━━━━━━━━━━━━━━━━━━━━━━━━ 8/8 0:00:00 • 0:00:00 29.54it/s  
Predicting ━━━━━━━━━━━━━━━━━━━━━━━━━━━━━━━━━━━━━━━━ 8/8 0:00:00 • 0:00:00 28.56it/s  
Predicting ━━━━━━━━━━━━━━━━━━━━━━━━━━━━━━━━━━━━━━━━ 8/8 0:00:00 • 0:00:00 29.94it/s  
Predicting ━━━━━━━━━━━━━━━━━━━━━━━━━━━━━━━━━━━━━━━━ 8/8 0:00:00 • 0:00:00 29.12it/s  
batch 53: size=500 time=5.51s
Predicting ━━━━━━━━━━━━━━━━━━━━━━━━━━━━━━━━━━━━━━━━ 8/8 0:00:00 • 0:00:00 28.46it/s  
Predicting ━━━━━━━━━━━━━━━━━━━━━━━━━━━━━━━━━━━━━━━━ 8/8 0:00:00 • 0:00:00 28.94it/s  
Predicting ━━━━━━━━━━━━━━━━━━━━━━━━━━━━━━━━━━━━━━━━ 8/8 0:00:00 • 0:00:00 29.37it/s  
Predicting ━━━━━━━━━━━━━━━━━━━━━━━━━━━━━━━━━━━━━━━━ 8/8 0:00:00 • 0:00:00 28.49it/s  
Predicting ━━━━━━━━━━━━━━━━━━━━━━━━━━━━━━━━━━━━━━━━ 8/8 0:00:00 • 0:00:00 29.24it/s  
Predicting ━━━━━━━━━━━━━━━━━━━━━━━━━━━━━━━━━━━━━━━━ 8/8 0:00:00 • 0:00:00 18.91it/s  
Predicting ━━━━━━━━━━━━━━━━━━━━━━━━━━━━━━━━━━━━━━━━ 8/8 0:00:00 • 0:00:00 21.52it/s  
Predicting ━━━━━━━━━━━━━━━━━━━━━━━━━━━━━━━━━━━━━━━━ 8/8 0:00:00 • 0:00:00 27.55it/s  
Predicting ━━━━━━━━━━━━━━━━━━━━━━━━━━━━━━━━━━━━━━━━ 8/8 0:00:00 • 0:00:00 26.84it/s  
Predicting ━━━━━━━━━━━━━━━━━━━━━━━━━━━━━━━━━━━━━━━━ 8/8 0:00:00 • 0:00:00 26.76it/s  
batch 54: size=500 time=5.81s
Predicting ━━━━━━━━━━━━━━━━━━━━━━━━━━━━━━━━━━━━━━━━ 8/8 0:00:00 • 0:00:00 25.91it/s  
Predicting ━━━━━━━━━━━━━━━━━━━━━━━━━━━━━━━━━━━━━━━━ 8/8 0:00:00 • 0:00:00 27.34it/s  
Predicting ━━━━━━━━━━━━━━━━━━━━━━━━━━━━━━━━━━━━━━━━ 8/8 0:00:00 • 0:00:00 27.40it/s  
Predicting ━━━━━━━━━━━━━━━━━━━━━━━━━━━━━━━━━━━━━━━━ 8/8 0:00:00 • 0:00:00 26.45it/s  
Predicting ━━━━━━━━━━━━━━━━━━━━━━━━━━━━━━━━━━━━━━━━ 8/8 0:00:00 • 0:00:00 27.16it/s  
Predicting ━━━━━━━━━━━━━━━━━━━━━━━━━━━━━━━━━━━━━━━━ 8/8 0:00:00 • 0:00:00 25.98it/s  
Predicting ━━━━━━━━━━━━━━━━━━━━━━━━━━━━━━━━━━━━━━━━ 8/8 0:00:00 • 0:00:00 26.23it/s  
Predicting ━━━━━━━━━━━━━━━━━━━━━━━━━━━━━━━━━━━━━━━━ 8/8 0:00:00 • 0:00:00 26.53it/s  
Predicting ━━━━━━━━━━━━━━━━━━━━━━━━━━━━━━━━━━━━━━━━ 8/8 0:00:00 • 0:00:00 26.56it/s  
Predicting ━━━━━━━━━━━━━━━━━━━━━━━━━━━━━━━━━━━━━━━━ 8/8 0:00:00 • 0:00:00 26.38it/s  
batch 55: size=500 time=5.71s
Predicting ━━━━━━━━━━━━━━━━━━━━━━━━━━━━━━━━━━━━━━━━ 8/8 0:00:00 • 0:00:00 25.85it/s  
Predicting ━━━━━━━━━━━━━━━━━━━━━━━━━━━━━━━━━━━━━━━━ 8/8 0:00:00 • 0:00:00 26.48it/s  
Predicting ━━━━━━━━━━━━━━━━━━━━━━━━━━━━━━━━━━━━━━━━ 8/8 0:00:00 • 0:00:00 27.24it/s  
Predicting ━━━━━━━━━━━━━━━━━━━━━━━━━━━━━━━━━━━━━━━━ 8/8 0:00:00 • 0:00:00 26.25it/s  
Predicting ━━━━━━━━━━━━━━━━━━━━━━━━━━━━━━━━━━━━━━━━ 8/8 0:00:00 • 0:00:00 25.96it/s  
Predicting ━━━━━━━━━━━━━━━━━━━━━━━━━━━━━━━━━━━━━━━━ 8/8 0:00:00 • 0:00:00 25.91it/s  
Predicting ━━━━━━━━━━━━━━━━━━━━━━━━━━━━━━━━━━━━━━━━ 8/8 0:00:00 • 0:00:00 25.90it/s  
Predicting ━━━━━━━━━━━━━━━━━━━━━━━━━━━━━━━━━━━━━━━━ 8/8 0:00:00 • 0:00:00 26.51it/s  
Predicting ━━━━━━━━━━━━━━━━━━━━━━━━━━━━━━━━━━━━━━━━ 8/8 0:00:00 • 0:00:00 26.18it/s  
Predicting ━━━━━━━━━━━━━━━━━━━━━━━━━━━━━━━━━━━━━━━━ 8/8 0:00:00 • 0:00:00 26.72it/s  
batch 56: size=500 time=5.76s
Predicting ━━━━━━━━━━━━━━━━━━━━━━━━━━━━━━━━━━━━━━━━ 8/8 0:00:00 • 0:00:00 26.20it/s  
Predicting ━━━━━━━━━━━━━━━━━━━━━━━━━━━━━━━━━━━━━━━━ 8/8 0:00:00 • 0:00:00 26.18it/s  
Predicting ━━━━━━━━━━━━━━━━━━━━━━━━━━━━━━━━━━━━━━━━ 8/8 0:00:00 • 0:00:00 26.17it/s  
Predicting ━━━━━━━━━━━━━━━━━━━━━━━━━━━━━━━━━━━━━━━━ 8/8 0:00:00 • 0:00:00 26.42it/s  
Predicting ━━━━━━━━━━━━━━━━━━━━━━━━━━━━━━━━━━━━━━━━ 8/8 0:00:00 • 0:00:00 26.50it/s  
Predicting ━━━━━━━━━━━━━━━━━━━━━━━━━━━━━━━━━━━━━━━━ 8/8 0:00:00 • 0:00:00 25.71it/s  
Predicting ━━━━━━━━━━━━━━━━━━━━━━━━━━━━━━━━━━━━━━━━ 8/8 0:00:00 • 0:00:00 26.00it/s  
Predicting ━━━━━━━━━━━━━━━━━━━━━━━━━━━━━━━━━━━━━━━━ 8/8 0:00:00 • 0:00:00 26.01it/s  
Predicting ━━━━━━━━━━━━━━━━━━━━━━━━━━━━━━━━━━━━━━━━ 8/8 0:00:00 • 0:00:00 26.15it/s  
Predicting ━━━━━━━━━━━━━━━━━━━━━━━━━━━━━━━━━━━━━━━━ 8/8 0:00:00 • 0:00:00 26.61it/s  
batch 57: size=500 time=5.72s
Predicting ━━━━━━━━━━━━━━━━━━━━━━━━━━━━━━━━━━━━━━━━ 8/8 0:00:00 • 0:00:00 26.20it/s  
Predicting ━━━━━━━━━━━━━━━━━━━━━━━━━━━━━━━━━━━━━━━━ 8/8 0:00:00 • 0:00:00 26.13it/s  
Predicting ━━━━━━━━━━━━━━━━━━━━━━━━━━━━━━━━━━━━━━━━ 8/8 0:00:00 • 0:00:00 26.29it/s  
Predicting ━━━━━━━━━━━━━━━━━━━━━━━━━━━━━━━━━━━━━━━━ 8/8 0:00:00 • 0:00:00 26.29it/s  
Predicting ━━━━━━━━━━━━━━━━━━━━━━━━━━━━━━━━━━━━━━━━ 8/8 0:00:00 • 0:00:00 27.03it/s  
Predicting ━━━━━━━━━━━━━━━━━━━━━━━━━━━━━━━━━━━━━━━━ 8/8 0:00:00 • 0:00:00 25.50it/s  
Predicting ━━━━━━━━━━━━━━━━━━━━━━━━━━━━━━━━━━━━━━━━ 8/8 0:00:00 • 0:00:00 26.14it/s  
Predicting ━━━━━━━━━━━━━━━━━━━━━━━━━━━━━━━━━━━━━━━━ 8/8 0:00:00 • 0:00:00 26.24it/s  
Predicting ━━━━━━━━━━━━━━━━━━━━━━━━━━━━━━━━━━━━━━━━ 8/8 0:00:00 • 0:00:00 26.30it/s  
Predicting ━━━━━━━━━━━━━━━━━━━━━━━━━━━━━━━━━━━━━━━━ 8/8 0:00:00 • 0:00:00 26.91it/s  
batch 58: size=500 time=5.74s
Predicting ━━━━━━━━━━━━━━━━━━━━━━━━━━━━━━━━━━━━━━━━ 8/8 0:00:00 • 0:00:00 26.29it/s  
Predicting ━━━━━━━━━━━━━━━━━━━━━━━━━━━━━━━━━━━━━━━━ 8/8 0:00:00 • 0:00:00 26.66it/s  
Predicting ━━━━━━━━━━━━━━━━━━━━━━━━━━━━━━━━━━━━━━━━ 8/8 0:00:00 • 0:00:00 26.12it/s  
Predicting ━━━━━━━━━━━━━━━━━━━━━━━━━━━━━━━━━━━━━━━━ 8/8 0:00:00 • 0:00:00 26.95it/s  
Predicting ━━━━━━━━━━━━━━━━━━━━━━━━━━━━━━━━━━━━━━━━ 8/8 0:00:00 • 0:00:00 27.29it/s  
Predicting ━━━━━━━━━━━━━━━━━━━━━━━━━━━━━━━━━━━━━━━━ 8/8 0:00:00 • 0:00:00 26.51it/s  
Predicting ━━━━━━━━━━━━━━━━━━━━━━━━━━━━━━━━━━━━━━━━ 8/8 0:00:00 • 0:00:00 26.32it/s  
Predicting ━━━━━━━━━━━━━━━━━━━━━━━━━━━━━━━━━━━━━━━━ 8/8 0:00:00 • 0:00:00 26.03it/s  
Predicting ━━━━━━━━━━━━━━━━━━━━━━━━━━━━━━━━━━━━━━━━ 8/8 0:00:00 • 0:00:00 26.85it/s  
Predicting ━━━━━━━━━━━━━━━━━━━━━━━━━━━━━━━━━━━━━━━━ 8/8 0:00:00 • 0:00:00 26.56it/s  
batch 59: size=500 time=5.69s
Predicting ━━━━━━━━━━━━━━━━━━━━━━━━━━━━━━━━━━━━━━━━ 8/8 0:00:00 • 0:00:00 23.66it/s  
Predicting ━━━━━━━━━━━━━━━━━━━━━━━━━━━━━━━━━━━━━━━━ 8/8 0:00:00 • 0:00:00 26.42it/s  
Predicting ━━━━━━━━━━━━━━━━━━━━━━━━━━━━━━━━━━━━━━━━ 8/8 0:00:00 • 0:00:00 25.82it/s  
Predicting ━━━━━━━━━━━━━━━━━━━━━━━━━━━━━━━━━━━━━━━━ 8/8 0:00:00 • 0:00:00 25.89it/s  
Predicting ━━━━━━━━━━━━━━━━━━━━━━━━━━━━━━━━━━━━━━━━ 8/8 0:00:00 • 0:00:00 26.28it/s  
Predicting ━━━━━━━━━━━━━━━━━━━━━━━━━━━━━━━━━━━━━━━━ 8/8 0:00:00 • 0:00:00 25.81it/s  
Predicting ━━━━━━━━━━━━━━━━━━━━━━━━━━━━━━━━━━━━━━━━ 8/8 0:00:00 • 0:00:00 25.55it/s  
Predicting ━━━━━━━━━━━━━━━━━━━━━━━━━━━━━━━━━━━━━━━━ 8/8 0:00:00 • 0:00:00 26.04it/s  
Predicting ━━━━━━━━━━━━━━━━━━━━━━━━━━━━━━━━━━━━━━━━ 8/8 0:00:00 • 0:00:00 25.94it/s  
Predicting ━━━━━━━━━━━━━━━━━━━━━━━━━━━━━━━━━━━━━━━━ 8/8 0:00:00 • 0:00:00 26.12it/s  
batch 60: size=500 time=5.97s
Predicting ━━━━━━━━━━━━━━━━━━━━━━━━━━━━━━━━━━━━━━━━ 8/8 0:00:00 • 0:00:00 26.37it/s  
Predicting ━━━━━━━━━━━━━━━━━━━━━━━━━━━━━━━━━━━━━━━━ 8/8 0:00:00 • 0:00:00 25.96it/s  
Predicting ━━━━━━━━━━━━━━━━━━━━━━━━━━━━━━━━━━━━━━━━ 8/8 0:00:00 • 0:00:00 25.40it/s  
Predicting ━━━━━━━━━━━━━━━━━━━━━━━━━━━━━━━━━━━━━━━━ 8/8 0:00:00 • 0:00:00 25.45it/s  
Predicting ━━━━━━━━━━━━━━━━━━━━━━━━━━━━━━━━━━━━━━━━ 8/8 0:00:00 • 0:00:00 26.70it/s  
Predicting ━━━━━━━━━━━━━━━━━━━━━━━━━━━━━━━━━━━━━━━━ 8/8 0:00:00 • 0:00:00 26.07it/s  
Predicting ━━━━━━━━━━━━━━━━━━━━━━━━━━━━━━━━━━━━━━━━ 8/8 0:00:00 • 0:00:00 27.18it/s  
Predicting ━━━━━━━━━━━━━━━━━━━━━━━━━━━━━━━━━━━━━━━━ 8/8 0:00:00 • 0:00:00 26.27it/s  
Predicting ━━━━━━━━━━━━━━━━━━━━━━━━━━━━━━━━━━━━━━━━ 8/8 0:00:00 • 0:00:00 27.00it/s  
Predicting ━━━━━━━━━━━━━━━━━━━━━━━━━━━━━━━━━━━━━━━━ 8/8 0:00:00 • 0:00:00 27.19it/s  
batch 61: size=500 time=5.72s
Predicting ━━━━━━━━━━━━━━━━━━━━━━━━━━━━━━━━━━━━━━━━ 8/8 0:00:00 • 0:00:00 26.56it/s  
Predicting ━━━━━━━━━━━━━━━━━━━━━━━━━━━━━━━━━━━━━━━━ 8/8 0:00:00 • 0:00:00 26.14it/s  
Predicting ━━━━━━━━━━━━━━━━━━━━━━━━━━━━━━━━━━━━━━━━ 8/8 0:00:00 • 0:00:00 26.75it/s  
Predicting ━━━━━━━━━━━━━━━━━━━━━━━━━━━━━━━━━━━━━━━━ 8/8 0:00:00 • 0:00:00 27.71it/s  
Predicting ━━━━━━━━━━━━━━━━━━━━━━━━━━━━━━━━━━━━━━━━ 8/8 0:00:00 • 0:00:00 27.29it/s  
Predicting ━━━━━━━━━━━━━━━━━━━━━━━━━━━━━━━━━━━━━━━━ 8/8 0:00:00 • 0:00:00 25.59it/s  
Predicting ━━━━━━━━━━━━━━━━━━━━━━━━━━━━━━━━━━━━━━━━ 8/8 0:00:00 • 0:00:00 26.37it/s  
Predicting ━━━━━━━━━━━━━━━━━━━━━━━━━━━━━━━━━━━━━━━━ 8/8 0:00:00 • 0:00:00 27.53it/s  
Predicting ━━━━━━━━━━━━━━━━━━━━━━━━━━━━━━━━━━━━━━━━ 8/8 0:00:00 • 0:00:00 26.44it/s  
Predicting ━━━━━━━━━━━━━━━━━━━━━━━━━━━━━━━━━━━━━━━━ 8/8 0:00:00 • 0:00:00 26.89it/s  
batch 62: size=500 time=5.68s
Predicting ━━━━━━━━━━━━━━━━━━━━━━━━━━━━━━━━━━━━━━━━ 8/8 0:00:00 • 0:00:00 25.93it/s  
Predicting ━━━━━━━━━━━━━━━━━━━━━━━━━━━━━━━━━━━━━━━━ 8/8 0:00:00 • 0:00:00 26.23it/s  
Predicting ━━━━━━━━━━━━━━━━━━━━━━━━━━━━━━━━━━━━━━━━ 8/8 0:00:00 • 0:00:00 26.57it/s  
Predicting ━━━━━━━━━━━━━━━━━━━━━━━━━━━━━━━━━━━━━━━━ 8/8 0:00:00 • 0:00:00 26.65it/s  
Predicting ━━━━━━━━━━━━━━━━━━━━━━━━━━━━━━━━━━━━━━━━ 8/8 0:00:00 • 0:00:00 26.41it/s  
Predicting ━━━━━━━━━━━━━━━━━━━━━━━━━━━━━━━━━━━━━━━━ 8/8 0:00:00 • 0:00:00 25.68it/s  
Predicting ━━━━━━━━━━━━━━━━━━━━━━━━━━━━━━━━━━━━━━━━ 8/8 0:00:00 • 0:00:00 26.30it/s  
Predicting ━━━━━━━━━━━━━━━━━━━━━━━━━━━━━━━━━━━━━━━━ 8/8 0:00:00 • 0:00:00 26.33it/s  
Predicting ━━━━━━━━━━━━━━━━━━━━━━━━━━━━━━━━━━━━━━━━ 8/8 0:00:00 • 0:00:00 26.48it/s  
Predicting ━━━━━━━━━━━━━━━━━━━━━━━━━━━━━━━━━━━━━━━━ 8/8 0:00:00 • 0:00:00 26.47it/s  
batch 63: size=500 time=5.75s
Predicting ━━━━━━━━━━━━━━━━━━━━━━━━━━━━━━━━━━━━━━━━ 8/8 0:00:00 • 0:00:00 25.67it/s  
Predicting ━━━━━━━━━━━━━━━━━━━━━━━━━━━━━━━━━━━━━━━━ 8/8 0:00:00 • 0:00:00 26.14it/s  
Predicting ━━━━━━━━━━━━━━━━━━━━━━━━━━━━━━━━━━━━━━━━ 8/8 0:00:00 • 0:00:00 26.18it/s  
Predicting ━━━━━━━━━━━━━━━━━━━━━━━━━━━━━━━━━━━━━━━━ 8/8 0:00:00 • 0:00:00 26.68it/s  
Predicting ━━━━━━━━━━━━━━━━━━━━━━━━━━━━━━━━━━━━━━━━ 8/8 0:00:00 • 0:00:00 26.08it/s  
Predicting ━━━━━━━━━━━━━━━━━━━━━━━━━━━━━━━━━━━━━━━━ 8/8 0:00:00 • 0:00:00 25.55it/s  
Predicting ━━━━━━━━━━━━━━━━━━━━━━━━━━━━━━━━━━━━━━━━ 8/8 0:00:00 • 0:00:00 26.17it/s  
Predicting ━━━━━━━━━━━━━━━━━━━━━━━━━━━━━━━━━━━━━━━━ 8/8 0:00:00 • 0:00:00 26.79it/s  
Predicting ━━━━━━━━━━━━━━━━━━━━━━━━━━━━━━━━━━━━━━━━ 8/8 0:00:00 • 0:00:00 25.77it/s  
Predicting ━━━━━━━━━━━━━━━━━━━━━━━━━━━━━━━━━━━━━━━━ 8/8 0:00:00 • 0:00:00 26.32it/s  
batch 64: size=500 time=5.73s
Predicting ━━━━━━━━━━━━━━━━━━━━━━━━━━━━━━━━━━━━━━━━ 8/8 0:00:00 • 0:00:00 26.15it/s  
Predicting ━━━━━━━━━━━━━━━━━━━━━━━━━━━━━━━━━━━━━━━━ 8/8 0:00:00 • 0:00:00 26.27it/s  
Predicting ━━━━━━━━━━━━━━━━━━━━━━━━━━━━━━━━━━━━━━━━ 8/8 0:00:00 • 0:00:00 27.12it/s  
Predicting ━━━━━━━━━━━━━━━━━━━━━━━━━━━━━━━━━━━━━━━━ 8/8 0:00:00 • 0:00:00 26.44it/s  
Predicting ━━━━━━━━━━━━━━━━━━━━━━━━━━━━━━━━━━━━━━━━ 8/8 0:00:00 • 0:00:00 25.85it/s  
Predicting ━━━━━━━━━━━━━━━━━━━━━━━━━━━━━━━━━━━━━━━━ 8/8 0:00:00 • 0:00:00 19.01it/s  
Predicting ━━━━━━━━━━━━━━━━━━━━━━━━━━━━━━━━━━━━━━━━ 8/8 0:00:00 • 0:00:00 19.12it/s  
Predicting ━━━━━━━━━━━━━━━━━━━━━━━━━━━━━━━━━━━━━━━━ 8/8 0:00:00 • 0:00:00 19.13it/s  
Predicting ━━━━━━━━━━━━━━━━━━━━━━━━━━━━━━━━━━━━━━━━ 8/8 0:00:00 • 0:00:00 19.03it/s  
Predicting ━━━━━━━━━━━━━━━━━━━━━━━━━━━━━━━━━━━━━━━━ 8/8 0:00:00 • 0:00:00 22.71it/s  
batch 65: size=500 time=6.24s
Predicting ━━━━━━━━━━━━━━━━━━━━━━━━━━━━━━━━━━━━━━━━ 8/8 0:00:00 • 0:00:00 25.77it/s  
Predicting ━━━━━━━━━━━━━━━━━━━━━━━━━━━━━━━━━━━━━━━━ 8/8 0:00:00 • 0:00:00 26.39it/s  
Predicting ━━━━━━━━━━━━━━━━━━━━━━━━━━━━━━━━━━━━━━━━ 8/8 0:00:00 • 0:00:00 26.22it/s  
Predicting ━━━━━━━━━━━━━━━━━━━━━━━━━━━━━━━━━━━━━━━━ 8/8 0:00:00 • 0:00:00 26.85it/s  
Predicting ━━━━━━━━━━━━━━━━━━━━━━━━━━━━━━━━━━━━━━━━ 8/8 0:00:00 • 0:00:00 26.73it/s  
Predicting ━━━━━━━━━━━━━━━━━━━━━━━━━━━━━━━━━━━━━━━━ 8/8 0:00:00 • 0:00:00 18.62it/s  
Predicting ━━━━━━━━━━━━━━━━━━━━━━━━━━━━━━━━━━━━━━━━ 8/8 0:00:00 • 0:00:00 18.80it/s  
Predicting ━━━━━━━━━━━━━━━━━━━━━━━━━━━━━━━━━━━━━━━━ 8/8 0:00:00 • 0:00:00 18.74it/s  
Predicting ━━━━━━━━━━━━━━━━━━━━━━━━━━━━━━━━━━━━━━━━ 8/8 0:00:00 • 0:00:00 18.90it/s  
Predicting ━━━━━━━━━━━━━━━━━━━━━━━━━━━━━━━━━━━━━━━━ 8/8 0:00:00 • 0:00:00 28.87it/s  
batch 66: size=500 time=6.20s
Predicting ━━━━━━━━━━━━━━━━━━━━━━━━━━━━━━━━━━━━━━━━ 8/8 0:00:00 • 0:00:00 27.17it/s  
Predicting ━━━━━━━━━━━━━━━━━━━━━━━━━━━━━━━━━━━━━━━━ 8/8 0:00:00 • 0:00:00 26.09it/s  
Predicting ━━━━━━━━━━━━━━━━━━━━━━━━━━━━━━━━━━━━━━━━ 8/8 0:00:00 • 0:00:00 26.65it/s  
Predicting ━━━━━━━━━━━━━━━━━━━━━━━━━━━━━━━━━━━━━━━━ 8/8 0:00:00 • 0:00:00 27.15it/s  
Predicting ━━━━━━━━━━━━━━━━━━━━━━━━━━━━━━━━━━━━━━━━ 8/8 0:00:00 • 0:00:00 26.43it/s  
Predicting ━━━━━━━━━━━━━━━━━━━━━━━━━━━━━━━━━━━━━━━━ 8/8 0:00:00 • 0:00:00 28.32it/s  
Predicting ━━━━━━━━━━━━━━━━━━━━━━━━━━━━━━━━━━━━━━━━ 8/8 0:00:00 • 0:00:00 29.02it/s  
Predicting ━━━━━━━━━━━━━━━━━━━━━━━━━━━━━━━━━━━━━━━━ 8/8 0:00:00 • 0:00:00 29.26it/s  
Predicting ━━━━━━━━━━━━━━━━━━━━━━━━━━━━━━━━━━━━━━━━ 8/8 0:00:00 • 0:00:00 29.72it/s  
Predicting ━━━━━━━━━━━━━━━━━━━━━━━━━━━━━━━━━━━━━━━━ 8/8 0:00:00 • 0:00:00 29.67it/s  
batch 67: size=500 time=5.54s
Predicting ━━━━━━━━━━━━━━━━━━━━━━━━━━━━━━━━━━━━━━━━ 8/8 0:00:00 • 0:00:00 27.77it/s  
Predicting ━━━━━━━━━━━━━━━━━━━━━━━━━━━━━━━━━━━━━━━━ 8/8 0:00:00 • 0:00:00 29.74it/s  
Predicting ━━━━━━━━━━━━━━━━━━━━━━━━━━━━━━━━━━━━━━━━ 8/8 0:00:00 • 0:00:00 28.59it/s  
Predicting ━━━━━━━━━━━━━━━━━━━━━━━━━━━━━━━━━━━━━━━━ 8/8 0:00:00 • 0:00:00 29.22it/s  
Predicting ━━━━━━━━━━━━━━━━━━━━━━━━━━━━━━━━━━━━━━━━ 8/8 0:00:00 • 0:00:00 30.66it/s  
Predicting ━━━━━━━━━━━━━━━━━━━━━━━━━━━━━━━━━━━━━━━━ 8/8 0:00:00 • 0:00:00 28.40it/s  
Predicting ━━━━━━━━━━━━━━━━━━━━━━━━━━━━━━━━━━━━━━━━ 8/8 0:00:00 • 0:00:00 29.21it/s  
Predicting ━━━━━━━━━━━━━━━━━━━━━━━━━━━━━━━━━━━━━━━━ 8/8 0:00:00 • 0:00:00 28.64it/s  
Predicting ━━━━━━━━━━━━━━━━━━━━━━━━━━━━━━━━━━━━━━━━ 8/8 0:00:00 • 0:00:00 29.37it/s  
Predicting ━━━━━━━━━━━━━━━━━━━━━━━━━━━━━━━━━━━━━━━━ 8/8 0:00:00 • 0:00:00 29.07it/s  
batch 68: size=500 time=5.50s
Predicting ━━━━━━━━━━━━━━━━━━━━━━━━━━━━━━━━━━━━━━━━ 8/8 0:00:00 • 0:00:00 27.33it/s  
Predicting ━━━━━━━━━━━━━━━━━━━━━━━━━━━━━━━━━━━━━━━━ 8/8 0:00:00 • 0:00:00 29.75it/s  
Predicting ━━━━━━━━━━━━━━━━━━━━━━━━━━━━━━━━━━━━━━━━ 8/8 0:00:00 • 0:00:00 29.22it/s  
Predicting ━━━━━━━━━━━━━━━━━━━━━━━━━━━━━━━━━━━━━━━━ 8/8 0:00:00 • 0:00:00 28.51it/s  
Predicting ━━━━━━━━━━━━━━━━━━━━━━━━━━━━━━━━━━━━━━━━ 8/8 0:00:00 • 0:00:00 28.77it/s  
Predicting ━━━━━━━━━━━━━━━━━━━━━━━━━━━━━━━━━━━━━━━━ 8/8 0:00:00 • 0:00:00 27.55it/s  
Predicting ━━━━━━━━━━━━━━━━━━━━━━━━━━━━━━━━━━━━━━━━ 8/8 0:00:00 • 0:00:00 28.55it/s  
Predicting ━━━━━━━━━━━━━━━━━━━━━━━━━━━━━━━━━━━━━━━━ 8/8 0:00:00 • 0:00:00 29.24it/s  
Predicting ━━━━━━━━━━━━━━━━━━━━━━━━━━━━━━━━━━━━━━━━ 8/8 0:00:00 • 0:00:00 29.37it/s  
Predicting ━━━━━━━━━━━━━━━━━━━━━━━━━━━━━━━━━━━━━━━━ 8/8 0:00:00 • 0:00:00 29.30it/s  
batch 69: size=500 time=5.53s
Predicting ━━━━━━━━━━━━━━━━━━━━━━━━━━━━━━━━━━━━━━━━ 8/8 0:00:00 • 0:00:00 28.55it/s  
Predicting ━━━━━━━━━━━━━━━━━━━━━━━━━━━━━━━━━━━━━━━━ 8/8 0:00:00 • 0:00:00 30.48it/s  
Predicting ━━━━━━━━━━━━━━━━━━━━━━━━━━━━━━━━━━━━━━━━ 8/8 0:00:00 • 0:00:00 28.63it/s  
Predicting ━━━━━━━━━━━━━━━━━━━━━━━━━━━━━━━━━━━━━━━━ 8/8 0:00:00 • 0:00:00 28.98it/s  
Predicting ━━━━━━━━━━━━━━━━━━━━━━━━━━━━━━━━━━━━━━━━ 8/8 0:00:00 • 0:00:00 29.53it/s  
Predicting ━━━━━━━━━━━━━━━━━━━━━━━━━━━━━━━━━━━━━━━━ 8/8 0:00:00 • 0:00:00 26.01it/s  
Predicting ━━━━━━━━━━━━━━━━━━━━━━━━━━━━━━━━━━━━━━━━ 8/8 0:00:00 • 0:00:00 24.19it/s  
Predicting ━━━━━━━━━━━━━━━━━━━━━━━━━━━━━━━━━━━━━━━━ 8/8 0:00:00 • 0:00:00 23.76it/s  
Predicting ━━━━━━━━━━━━━━━━━━━━━━━━━━━━━━━━━━━━━━━━ 8/8 0:00:00 • 0:00:00 25.46it/s  
Predicting ━━━━━━━━━━━━━━━━━━━━━━━━━━━━━━━━━━━━━━━━ 8/8 0:00:00 • 0:00:00 29.30it/s  
batch 70: size=500 time=5.66s
Predicting ━━━━━━━━━━━━━━━━━━━━━━━━━━━━━━━━━━━━━━━━ 8/8 0:00:00 • 0:00:00 28.26it/s  
Predicting ━━━━━━━━━━━━━━━━━━━━━━━━━━━━━━━━━━━━━━━━ 8/8 0:00:00 • 0:00:00 29.24it/s  
Predicting ━━━━━━━━━━━━━━━━━━━━━━━━━━━━━━━━━━━━━━━━ 8/8 0:00:00 • 0:00:00 29.89it/s  
Predicting ━━━━━━━━━━━━━━━━━━━━━━━━━━━━━━━━━━━━━━━━ 8/8 0:00:00 • 0:00:00 28.94it/s  
Predicting ━━━━━━━━━━━━━━━━━━━━━━━━━━━━━━━━━━━━━━━━ 8/8 0:00:00 • 0:00:00 29.44it/s  
Predicting ━━━━━━━━━━━━━━━━━━━━━━━━━━━━━━━━━━━━━━━━ 8/8 0:00:00 • 0:00:00 28.31it/s  
Predicting ━━━━━━━━━━━━━━━━━━━━━━━━━━━━━━━━━━━━━━━━ 8/8 0:00:00 • 0:00:00 28.32it/s  
Predicting ━━━━━━━━━━━━━━━━━━━━━━━━━━━━━━━━━━━━━━━━ 8/8 0:00:00 • 0:00:00 28.90it/s  
Predicting ━━━━━━━━━━━━━━━━━━━━━━━━━━━━━━━━━━━━━━━━ 8/8 0:00:00 • 0:00:00 29.63it/s  
Predicting ━━━━━━━━━━━━━━━━━━━━━━━━━━━━━━━━━━━━━━━━ 8/8 0:00:00 • 0:00:00 28.63it/s  
batch 71: size=500 time=5.54s
Predicting ━━━━━━━━━━━━━━━━━━━━━━━━━━━━━━━━━━━━━━━━ 8/8 0:00:00 • 0:00:00 27.32it/s  
Predicting ━━━━━━━━━━━━━━━━━━━━━━━━━━━━━━━━━━━━━━━━ 8/8 0:00:00 • 0:00:00 28.74it/s  
Predicting ━━━━━━━━━━━━━━━━━━━━━━━━━━━━━━━━━━━━━━━━ 8/8 0:00:00 • 0:00:00 29.61it/s  
Predicting ━━━━━━━━━━━━━━━━━━━━━━━━━━━━━━━━━━━━━━━━ 8/8 0:00:00 • 0:00:00 29.35it/s  
Predicting ━━━━━━━━━━━━━━━━━━━━━━━━━━━━━━━━━━━━━━━━ 8/8 0:00:00 • 0:00:00 29.17it/s  
Predicting ━━━━━━━━━━━━━━━━━━━━━━━━━━━━━━━━━━━━━━━━ 8/8 0:00:00 • 0:00:00 28.02it/s  
Predicting ━━━━━━━━━━━━━━━━━━━━━━━━━━━━━━━━━━━━━━━━ 8/8 0:00:00 • 0:00:00 29.91it/s  
Predicting ━━━━━━━━━━━━━━━━━━━━━━━━━━━━━━━━━━━━━━━━ 8/8 0:00:00 • 0:00:00 28.76it/s  
Predicting ━━━━━━━━━━━━━━━━━━━━━━━━━━━━━━━━━━━━━━━━ 8/8 0:00:00 • 0:00:00 29.37it/s  
Predicting ━━━━━━━━━━━━━━━━━━━━━━━━━━━━━━━━━━━━━━━━ 8/8 0:00:00 • 0:00:00 29.78it/s  
batch 72: size=500 time=5.47s
Predicting ━━━━━━━━━━━━━━━━━━━━━━━━━━━━━━━━━━━━━━━━ 8/8 0:00:00 • 0:00:00 27.32it/s  
Predicting ━━━━━━━━━━━━━━━━━━━━━━━━━━━━━━━━━━━━━━━━ 8/8 0:00:00 • 0:00:00 29.61it/s  
Predicting ━━━━━━━━━━━━━━━━━━━━━━━━━━━━━━━━━━━━━━━━ 8/8 0:00:00 • 0:00:00 30.43it/s  
Predicting ━━━━━━━━━━━━━━━━━━━━━━━━━━━━━━━━━━━━━━━━ 8/8 0:00:00 • 0:00:00 28.34it/s  
Predicting ━━━━━━━━━━━━━━━━━━━━━━━━━━━━━━━━━━━━━━━━ 8/8 0:00:00 • 0:00:00 28.61it/s  
Predicting ━━━━━━━━━━━━━━━━━━━━━━━━━━━━━━━━━━━━━━━━ 8/8 0:00:00 • 0:00:00 30.62it/s  
Predicting ━━━━━━━━━━━━━━━━━━━━━━━━━━━━━━━━━━━━━━━━ 8/8 0:00:00 • 0:00:00 28.99it/s  
Predicting ━━━━━━━━━━━━━━━━━━━━━━━━━━━━━━━━━━━━━━━━ 8/8 0:00:00 • 0:00:00 30.26it/s  
Predicting ━━━━━━━━━━━━━━━━━━━━━━━━━━━━━━━━━━━━━━━━ 8/8 0:00:00 • 0:00:00 29.51it/s  
Predicting ━━━━━━━━━━━━━━━━━━━━━━━━━━━━━━━━━━━━━━━━ 8/8 0:00:00 • 0:00:00 26.97it/s  
batch 73: size=500 time=5.45s
Predicting ━━━━━━━━━━━━━━━━━━━━━━━━━━━━━━━━━━━━━━━━ 8/8 0:00:00 • 0:00:00 27.01it/s  
Predicting ━━━━━━━━━━━━━━━━━━━━━━━━━━━━━━━━━━━━━━━━ 8/8 0:00:00 • 0:00:00 29.10it/s  
Predicting ━━━━━━━━━━━━━━━━━━━━━━━━━━━━━━━━━━━━━━━━ 8/8 0:00:00 • 0:00:00 28.59it/s  
Predicting ━━━━━━━━━━━━━━━━━━━━━━━━━━━━━━━━━━━━━━━━ 8/8 0:00:00 • 0:00:00 30.24it/s  
Predicting ━━━━━━━━━━━━━━━━━━━━━━━━━━━━━━━━━━━━━━━━ 8/8 0:00:00 • 0:00:00 29.44it/s  
Predicting ━━━━━━━━━━━━━━━━━━━━━━━━━━━━━━━━━━━━━━━━ 8/8 0:00:00 • 0:00:00 28.02it/s  
Predicting ━━━━━━━━━━━━━━━━━━━━━━━━━━━━━━━━━━━━━━━━ 8/8 0:00:00 • 0:00:00 29.85it/s  
Predicting ━━━━━━━━━━━━━━━━━━━━━━━━━━━━━━━━━━━━━━━━ 8/8 0:00:00 • 0:00:00 30.23it/s  
Predicting ━━━━━━━━━━━━━━━━━━━━━━━━━━━━━━━━━━━━━━━━ 8/8 0:00:00 • 0:00:00 29.19it/s  
Predicting ━━━━━━━━━━━━━━━━━━━━━━━━━━━━━━━━━━━━━━━━ 8/8 0:00:00 • 0:00:00 29.58it/s  
batch 74: size=500 time=5.47s
Predicting ━━━━━━━━━━━━━━━━━━━━━━━━━━━━━━━━━━━━━━━━ 8/8 0:00:00 • 0:00:00 28.21it/s  
Predicting ━━━━━━━━━━━━━━━━━━━━━━━━━━━━━━━━━━━━━━━━ 8/8 0:00:00 • 0:00:00 28.84it/s  
Predicting ━━━━━━━━━━━━━━━━━━━━━━━━━━━━━━━━━━━━━━━━ 8/8 0:00:00 • 0:00:00 29.86it/s  
Predicting ━━━━━━━━━━━━━━━━━━━━━━━━━━━━━━━━━━━━━━━━ 8/8 0:00:00 • 0:00:00 28.93it/s  
Predicting ━━━━━━━━━━━━━━━━━━━━━━━━━━━━━━━━━━━━━━━━ 8/8 0:00:00 • 0:00:00 28.82it/s  
Predicting ━━━━━━━━━━━━━━━━━━━━━━━━━━━━━━━━━━━━━━━━ 8/8 0:00:00 • 0:00:00 28.30it/s  
Predicting ━━━━━━━━━━━━━━━━━━━━━━━━━━━━━━━━━━━━━━━━ 8/8 0:00:00 • 0:00:00 28.32it/s  
Predicting ━━━━━━━━━━━━━━━━━━━━━━━━━━━━━━━━━━━━━━━━ 8/8 0:00:00 • 0:00:00 27.66it/s  
Predicting ━━━━━━━━━━━━━━━━━━━━━━━━━━━━━━━━━━━━━━━━ 8/8 0:00:00 • 0:00:00 29.21it/s  
Predicting ━━━━━━━━━━━━━━━━━━━━━━━━━━━━━━━━━━━━━━━━ 8/8 0:00:00 • 0:00:00 29.65it/s  
batch 75: size=500 time=5.52s
Predicting ━━━━━━━━━━━━━━━━━━━━━━━━━━━━━━━━━━━━━━━━ 8/8 0:00:00 • 0:00:00 28.34it/s  
Predicting ━━━━━━━━━━━━━━━━━━━━━━━━━━━━━━━━━━━━━━━━ 8/8 0:00:00 • 0:00:00 29.15it/s  
Predicting ━━━━━━━━━━━━━━━━━━━━━━━━━━━━━━━━━━━━━━━━ 8/8 0:00:00 • 0:00:00 28.46it/s  
Predicting ━━━━━━━━━━━━━━━━━━━━━━━━━━━━━━━━━━━━━━━━ 8/8 0:00:00 • 0:00:00 28.18it/s  
Predicting ━━━━━━━━━━━━━━━━━━━━━━━━━━━━━━━━━━━━━━━━ 8/8 0:00:00 • 0:00:00 30.13it/s  
Predicting ━━━━━━━━━━━━━━━━━━━━━━━━━━━━━━━━━━━━━━━━ 8/8 0:00:00 • 0:00:00 29.44it/s  
Predicting ━━━━━━━━━━━━━━━━━━━━━━━━━━━━━━━━━━━━━━━━ 8/8 0:00:00 • 0:00:00 29.56it/s  
Predicting ━━━━━━━━━━━━━━━━━━━━━━━━━━━━━━━━━━━━━━━━ 8/8 0:00:00 • 0:00:00 29.90it/s  
Predicting ━━━━━━━━━━━━━━━━━━━━━━━━━━━━━━━━━━━━━━━━ 8/8 0:00:00 • 0:00:00 29.86it/s  
Predicting ━━━━━━━━━━━━━━━━━━━━━━━━━━━━━━━━━━━━━━━━ 8/8 0:00:00 • 0:00:00 29.64it/s  
batch 76: size=500 time=5.44s
Predicting ━━━━━━━━━━━━━━━━━━━━━━━━━━━━━━━━━━━━━━━━ 8/8 0:00:00 • 0:00:00 27.81it/s  
Predicting ━━━━━━━━━━━━━━━━━━━━━━━━━━━━━━━━━━━━━━━━ 8/8 0:00:00 • 0:00:00 28.82it/s  
Predicting ━━━━━━━━━━━━━━━━━━━━━━━━━━━━━━━━━━━━━━━━ 8/8 0:00:00 • 0:00:00 28.85it/s  
Predicting ━━━━━━━━━━━━━━━━━━━━━━━━━━━━━━━━━━━━━━━━ 8/8 0:00:00 • 0:00:00 29.98it/s  
Predicting ━━━━━━━━━━━━━━━━━━━━━━━━━━━━━━━━━━━━━━━━ 8/8 0:00:00 • 0:00:00 29.60it/s  
Predicting ━━━━━━━━━━━━━━━━━━━━━━━━━━━━━━━━━━━━━━━━ 8/8 0:00:00 • 0:00:00 29.56it/s  
Predicting ━━━━━━━━━━━━━━━━━━━━━━━━━━━━━━━━━━━━━━━━ 8/8 0:00:00 • 0:00:00 27.91it/s  
Predicting ━━━━━━━━━━━━━━━━━━━━━━━━━━━━━━━━━━━━━━━━ 8/8 0:00:00 • 0:00:00 29.16it/s  
Predicting ━━━━━━━━━━━━━━━━━━━━━━━━━━━━━━━━━━━━━━━━ 8/8 0:00:00 • 0:00:00 29.62it/s  
Predicting ━━━━━━━━━━━━━━━━━━━━━━━━━━━━━━━━━━━━━━━━ 8/8 0:00:00 • 0:00:00 28.97it/s  
batch 77: size=500 time=5.46s
Predicting ━━━━━━━━━━━━━━━━━━━━━━━━━━━━━━━━━━━━━━━━ 8/8 0:00:00 • 0:00:00 28.55it/s  
Predicting ━━━━━━━━━━━━━━━━━━━━━━━━━━━━━━━━━━━━━━━━ 8/8 0:00:00 • 0:00:00 30.40it/s  
Predicting ━━━━━━━━━━━━━━━━━━━━━━━━━━━━━━━━━━━━━━━━ 8/8 0:00:00 • 0:00:00 27.56it/s  
Predicting ━━━━━━━━━━━━━━━━━━━━━━━━━━━━━━━━━━━━━━━━ 8/8 0:00:00 • 0:00:00 28.91it/s  
Predicting ━━━━━━━━━━━━━━━━━━━━━━━━━━━━━━━━━━━━━━━━ 8/8 0:00:00 • 0:00:00 28.02it/s  
Predicting ━━━━━━━━━━━━━━━━━━━━━━━━━━━━━━━━━━━━━━━━ 8/8 0:00:00 • 0:00:00 27.88it/s  
Predicting ━━━━━━━━━━━━━━━━━━━━━━━━━━━━━━━━━━━━━━━━ 8/8 0:00:00 • 0:00:00 29.29it/s  
Predicting ━━━━━━━━━━━━━━━━━━━━━━━━━━━━━━━━━━━━━━━━ 8/8 0:00:00 • 0:00:00 29.60it/s  
Predicting ━━━━━━━━━━━━━━━━━━━━━━━━━━━━━━━━━━━━━━━━ 8/8 0:00:00 • 0:00:00 28.97it/s  
Predicting ━━━━━━━━━━━━━━━━━━━━━━━━━━━━━━━━━━━━━━━━ 8/8 0:00:00 • 0:00:00 29.78it/s  
batch 78: size=500 time=5.52s
Predicting ━━━━━━━━━━━━━━━━━━━━━━━━━━━━━━━━━━━━━━━━ 8/8 0:00:00 • 0:00:00 27.83it/s  
Predicting ━━━━━━━━━━━━━━━━━━━━━━━━━━━━━━━━━━━━━━━━ 8/8 0:00:00 • 0:00:00 28.54it/s  
Predicting ━━━━━━━━━━━━━━━━━━━━━━━━━━━━━━━━━━━━━━━━ 8/8 0:00:00 • 0:00:00 29.52it/s  
Predicting ━━━━━━━━━━━━━━━━━━━━━━━━━━━━━━━━━━━━━━━━ 8/8 0:00:00 • 0:00:00 29.90it/s  
Predicting ━━━━━━━━━━━━━━━━━━━━━━━━━━━━━━━━━━━━━━━━ 8/8 0:00:00 • 0:00:00 29.11it/s  
Predicting ━━━━━━━━━━━━━━━━━━━━━━━━━━━━━━━━━━━━━━━━ 8/8 0:00:00 • 0:00:00 28.95it/s  
Predicting ━━━━━━━━━━━━━━━━━━━━━━━━━━━━━━━━━━━━━━━━ 8/8 0:00:00 • 0:00:00 28.99it/s  
Predicting ━━━━━━━━━━━━━━━━━━━━━━━━━━━━━━━━━━━━━━━━ 8/8 0:00:00 • 0:00:00 29.38it/s  
Predicting ━━━━━━━━━━━━━━━━━━━━━━━━━━━━━━━━━━━━━━━━ 8/8 0:00:00 • 0:00:00 29.94it/s  
Predicting ━━━━━━━━━━━━━━━━━━━━━━━━━━━━━━━━━━━━━━━━ 8/8 0:00:00 • 0:00:00 29.45it/s  
batch 79: size=500 time=5.48s
Predicting ━━━━━━━━━━━━━━━━━━━━━━━━━━━━━━━━━━━━━━━━ 8/8 0:00:00 • 0:00:00 28.32it/s  
Predicting ━━━━━━━━━━━━━━━━━━━━━━━━━━━━━━━━━━━━━━━━ 8/8 0:00:00 • 0:00:00 29.92it/s  
Predicting ━━━━━━━━━━━━━━━━━━━━━━━━━━━━━━━━━━━━━━━━ 8/8 0:00:00 • 0:00:00 29.39it/s  
Predicting ━━━━━━━━━━━━━━━━━━━━━━━━━━━━━━━━━━━━━━━━ 8/8 0:00:00 • 0:00:00 30.42it/s  
Predicting ━━━━━━━━━━━━━━━━━━━━━━━━━━━━━━━━━━━━━━━━ 8/8 0:00:00 • 0:00:00 30.24it/s  
Predicting ━━━━━━━━━━━━━━━━━━━━━━━━━━━━━━━━━━━━━━━━ 8/8 0:00:00 • 0:00:00 29.12it/s  
Predicting ━━━━━━━━━━━━━━━━━━━━━━━━━━━━━━━━━━━━━━━━ 8/8 0:00:00 • 0:00:00 29.63it/s  
Predicting ━━━━━━━━━━━━━━━━━━━━━━━━━━━━━━━━━━━━━━━━ 8/8 0:00:00 • 0:00:00 30.69it/s  
Predicting ━━━━━━━━━━━━━━━━━━━━━━━━━━━━━━━━━━━━━━━━ 8/8 0:00:00 • 0:00:00 29.94it/s  
Predicting ━━━━━━━━━━━━━━━━━━━━━━━━━━━━━━━━━━━━━━━━ 8/8 0:00:00 • 0:00:00 28.61it/s  
batch 80: size=500 time=5.45s
Predicting ━━━━━━━━━━━━━━━━━━━━━━━━━━━━━━━━━━━━━━━━ 8/8 0:00:00 • 0:00:00 28.77it/s  
Predicting ━━━━━━━━━━━━━━━━━━━━━━━━━━━━━━━━━━━━━━━━ 8/8 0:00:00 • 0:00:00 29.90it/s  
Predicting ━━━━━━━━━━━━━━━━━━━━━━━━━━━━━━━━━━━━━━━━ 8/8 0:00:00 • 0:00:00 28.73it/s  
Predicting ━━━━━━━━━━━━━━━━━━━━━━━━━━━━━━━━━━━━━━━━ 8/8 0:00:00 • 0:00:00 25.73it/s  
Predicting ━━━━━━━━━━━━━━━━━━━━━━━━━━━━━━━━━━━━━━━━ 8/8 0:00:00 • 0:00:00 27.76it/s  
Predicting ━━━━━━━━━━━━━━━━━━━━━━━━━━━━━━━━━━━━━━━━ 8/8 0:00:00 • 0:00:00 24.10it/s  
Predicting ━━━━━━━━━━━━━━━━━━━━━━━━━━━━━━━━━━━━━━━━ 8/8 0:00:00 • 0:00:00 26.80it/s  
Predicting ━━━━━━━━━━━━━━━━━━━━━━━━━━━━━━━━━━━━━━━━ 8/8 0:00:00 • 0:00:00 29.00it/s  
Predicting ━━━━━━━━━━━━━━━━━━━━━━━━━━━━━━━━━━━━━━━━ 8/8 0:00:00 • 0:00:00 30.50it/s  
Predicting ━━━━━━━━━━━━━━━━━━━━━━━━━━━━━━━━━━━━━━━━ 8/8 0:00:00 • 0:00:00 29.66it/s  
batch 81: size=500 time=5.60s
Predicting ━━━━━━━━━━━━━━━━━━━━━━━━━━━━━━━━━━━━━━━━ 8/8 0:00:00 • 0:00:00 29.10it/s  
Predicting ━━━━━━━━━━━━━━━━━━━━━━━━━━━━━━━━━━━━━━━━ 8/8 0:00:00 • 0:00:00 29.63it/s  
Predicting ━━━━━━━━━━━━━━━━━━━━━━━━━━━━━━━━━━━━━━━━ 8/8 0:00:00 • 0:00:00 28.85it/s  
Predicting ━━━━━━━━━━━━━━━━━━━━━━━━━━━━━━━━━━━━━━━━ 8/8 0:00:00 • 0:00:00 30.12it/s  
Predicting ━━━━━━━━━━━━━━━━━━━━━━━━━━━━━━━━━━━━━━━━ 8/8 0:00:00 • 0:00:00 29.98it/s  
Predicting ━━━━━━━━━━━━━━━━━━━━━━━━━━━━━━━━━━━━━━━━ 8/8 0:00:00 • 0:00:00 19.01it/s  
Predicting ━━━━━━━━━━━━━━━━━━━━━━━━━━━━━━━━━━━━━━━━ 8/8 0:00:00 • 0:00:00 22.11it/s  
Predicting ━━━━━━━━━━━━━━━━━━━━━━━━━━━━━━━━━━━━━━━━ 8/8 0:00:00 • 0:00:00 26.48it/s  
Predicting ━━━━━━━━━━━━━━━━━━━━━━━━━━━━━━━━━━━━━━━━ 8/8 0:00:00 • 0:00:00 26.66it/s  
Predicting ━━━━━━━━━━━━━━━━━━━━━━━━━━━━━━━━━━━━━━━━ 8/8 0:00:00 • 0:00:00 24.58it/s  
batch 82: size=500 time=5.80s
Predicting ━━━━━━━━━━━━━━━━━━━━━━━━━━━━━━━━━━━━━━━━ 8/8 0:00:00 • 0:00:00 26.29it/s  
Predicting ━━━━━━━━━━━━━━━━━━━━━━━━━━━━━━━━━━━━━━━━ 8/8 0:00:00 • 0:00:00 26.29it/s  
Predicting ━━━━━━━━━━━━━━━━━━━━━━━━━━━━━━━━━━━━━━━━ 8/8 0:00:00 • 0:00:00 26.16it/s  
Predicting ━━━━━━━━━━━━━━━━━━━━━━━━━━━━━━━━━━━━━━━━ 8/8 0:00:00 • 0:00:00 26.01it/s  
Predicting ━━━━━━━━━━━━━━━━━━━━━━━━━━━━━━━━━━━━━━━━ 8/8 0:00:00 • 0:00:00 27.06it/s  
Predicting ━━━━━━━━━━━━━━━━━━━━━━━━━━━━━━━━━━━━━━━━ 8/8 0:00:00 • 0:00:00 26.13it/s  
Predicting ━━━━━━━━━━━━━━━━━━━━━━━━━━━━━━━━━━━━━━━━ 8/8 0:00:00 • 0:00:00 26.04it/s  
Predicting ━━━━━━━━━━━━━━━━━━━━━━━━━━━━━━━━━━━━━━━━ 8/8 0:00:00 • 0:00:00 26.57it/s  
Predicting ━━━━━━━━━━━━━━━━━━━━━━━━━━━━━━━━━━━━━━━━ 8/8 0:00:00 • 0:00:00 26.80it/s  
Predicting ━━━━━━━━━━━━━━━━━━━━━━━━━━━━━━━━━━━━━━━━ 8/8 0:00:00 • 0:00:00 26.54it/s  
batch 83: size=500 time=5.72s
Predicting ━━━━━━━━━━━━━━━━━━━━━━━━━━━━━━━━━━━━━━━━ 8/8 0:00:00 • 0:00:00 25.62it/s  
Predicting ━━━━━━━━━━━━━━━━━━━━━━━━━━━━━━━━━━━━━━━━ 8/8 0:00:00 • 0:00:00 26.27it/s  
Predicting ━━━━━━━━━━━━━━━━━━━━━━━━━━━━━━━━━━━━━━━━ 8/8 0:00:00 • 0:00:00 27.24it/s  
Predicting ━━━━━━━━━━━━━━━━━━━━━━━━━━━━━━━━━━━━━━━━ 8/8 0:00:00 • 0:00:00 25.85it/s  
Predicting ━━━━━━━━━━━━━━━━━━━━━━━━━━━━━━━━━━━━━━━━ 8/8 0:00:00 • 0:00:00 26.81it/s  
Predicting ━━━━━━━━━━━━━━━━━━━━━━━━━━━━━━━━━━━━━━━━ 8/8 0:00:00 • 0:00:00 25.90it/s  
Predicting ━━━━━━━━━━━━━━━━━━━━━━━━━━━━━━━━━━━━━━━━ 8/8 0:00:00 • 0:00:00 26.59it/s  
Predicting ━━━━━━━━━━━━━━━━━━━━━━━━━━━━━━━━━━━━━━━━ 8/8 0:00:00 • 0:00:00 26.68it/s  
Predicting ━━━━━━━━━━━━━━━━━━━━━━━━━━━━━━━━━━━━━━━━ 8/8 0:00:00 • 0:00:00 26.94it/s  
Predicting ━━━━━━━━━━━━━━━━━━━━━━━━━━━━━━━━━━━━━━━━ 8/8 0:00:00 • 0:00:00 26.70it/s  
batch 84: size=500 time=5.74s
Predicting ━━━━━━━━━━━━━━━━━━━━━━━━━━━━━━━━━━━━━━━━ 8/8 0:00:00 • 0:00:00 26.85it/s  
Predicting ━━━━━━━━━━━━━━━━━━━━━━━━━━━━━━━━━━━━━━━━ 8/8 0:00:00 • 0:00:00 26.63it/s  
Predicting ━━━━━━━━━━━━━━━━━━━━━━━━━━━━━━━━━━━━━━━━ 8/8 0:00:00 • 0:00:00 26.93it/s  
Predicting ━━━━━━━━━━━━━━━━━━━━━━━━━━━━━━━━━━━━━━━━ 8/8 0:00:00 • 0:00:00 26.44it/s  
Predicting ━━━━━━━━━━━━━━━━━━━━━━━━━━━━━━━━━━━━━━━━ 8/8 0:00:00 • 0:00:00 26.45it/s  
Predicting ━━━━━━━━━━━━━━━━━━━━━━━━━━━━━━━━━━━━━━━━ 8/8 0:00:00 • 0:00:00 19.17it/s  
Predicting ━━━━━━━━━━━━━━━━━━━━━━━━━━━━━━━━━━━━━━━━ 8/8 0:00:00 • 0:00:00 20.91it/s  
Predicting ━━━━━━━━━━━━━━━━━━━━━━━━━━━━━━━━━━━━━━━━ 8/8 0:00:00 • 0:00:00 29.17it/s  
Predicting ━━━━━━━━━━━━━━━━━━━━━━━━━━━━━━━━━━━━━━━━ 8/8 0:00:00 • 0:00:00 30.80it/s  
Predicting ━━━━━━━━━━━━━━━━━━━━━━━━━━━━━━━━━━━━━━━━ 8/8 0:00:00 • 0:00:00 29.52it/s  
batch 85: size=500 time=5.82s
Predicting ━━━━━━━━━━━━━━━━━━━━━━━━━━━━━━━━━━━━━━━━ 8/8 0:00:00 • 0:00:00 28.46it/s  
Predicting ━━━━━━━━━━━━━━━━━━━━━━━━━━━━━━━━━━━━━━━━ 8/8 0:00:00 • 0:00:00 30.36it/s  
Predicting ━━━━━━━━━━━━━━━━━━━━━━━━━━━━━━━━━━━━━━━━ 8/8 0:00:00 • 0:00:00 28.74it/s  
Predicting ━━━━━━━━━━━━━━━━━━━━━━━━━━━━━━━━━━━━━━━━ 8/8 0:00:00 • 0:00:00 29.17it/s  
Predicting ━━━━━━━━━━━━━━━━━━━━━━━━━━━━━━━━━━━━━━━━ 8/8 0:00:00 • 0:00:00 30.09it/s  
Predicting ━━━━━━━━━━━━━━━━━━━━━━━━━━━━━━━━━━━━━━━━ 8/8 0:00:00 • 0:00:00 28.24it/s  
Predicting ━━━━━━━━━━━━━━━━━━━━━━━━━━━━━━━━━━━━━━━━ 8/8 0:00:00 • 0:00:00 29.11it/s  
Predicting ━━━━━━━━━━━━━━━━━━━━━━━━━━━━━━━━━━━━━━━━ 8/8 0:00:00 • 0:00:00 29.24it/s  
Predicting ━━━━━━━━━━━━━━━━━━━━━━━━━━━━━━━━━━━━━━━━ 8/8 0:00:00 • 0:00:00 29.50it/s  
Predicting ━━━━━━━━━━━━━━━━━━━━━━━━━━━━━━━━━━━━━━━━ 8/8 0:00:00 • 0:00:00 29.84it/s  
batch 86: size=500 time=5.47s
Predicting ━━━━━━━━━━━━━━━━━━━━━━━━━━━━━━━━━━━━━━━━ 8/8 0:00:00 • 0:00:00 27.95it/s  
Predicting ━━━━━━━━━━━━━━━━━━━━━━━━━━━━━━━━━━━━━━━━ 8/8 0:00:00 • 0:00:00 29.90it/s  
Predicting ━━━━━━━━━━━━━━━━━━━━━━━━━━━━━━━━━━━━━━━━ 8/8 0:00:00 • 0:00:00 29.57it/s  
Predicting ━━━━━━━━━━━━━━━━━━━━━━━━━━━━━━━━━━━━━━━━ 8/8 0:00:00 • 0:00:00 30.72it/s  
Predicting ━━━━━━━━━━━━━━━━━━━━━━━━━━━━━━━━━━━━━━━━ 8/8 0:00:00 • 0:00:00 29.54it/s  
Predicting ━━━━━━━━━━━━━━━━━━━━━━━━━━━━━━━━━━━━━━━━ 8/8 0:00:00 • 0:00:00 30.18it/s  
Predicting ━━━━━━━━━━━━━━━━━━━━━━━━━━━━━━━━━━━━━━━━ 8/8 0:00:00 • 0:00:00 29.48it/s  
Predicting ━━━━━━━━━━━━━━━━━━━━━━━━━━━━━━━━━━━━━━━━ 8/8 0:00:00 • 0:00:00 30.17it/s  
Predicting ━━━━━━━━━━━━━━━━━━━━━━━━━━━━━━━━━━━━━━━━ 8/8 0:00:00 • 0:00:00 30.48it/s  
Predicting ━━━━━━━━━━━━━━━━━━━━━━━━━━━━━━━━━━━━━━━━ 8/8 0:00:00 • 0:00:00 29.21it/s  
batch 87: size=500 time=5.38s
Predicting ━━━━━━━━━━━━━━━━━━━━━━━━━━━━━━━━━━━━━━━━ 8/8 0:00:00 • 0:00:00 28.43it/s  
Predicting ━━━━━━━━━━━━━━━━━━━━━━━━━━━━━━━━━━━━━━━━ 8/8 0:00:00 • 0:00:00 29.15it/s  
Predicting ━━━━━━━━━━━━━━━━━━━━━━━━━━━━━━━━━━━━━━━━ 8/8 0:00:00 • 0:00:00 27.63it/s  
Predicting ━━━━━━━━━━━━━━━━━━━━━━━━━━━━━━━━━━━━━━━━ 8/8 0:00:00 • 0:00:00 29.91it/s  
Predicting ━━━━━━━━━━━━━━━━━━━━━━━━━━━━━━━━━━━━━━━━ 8/8 0:00:00 • 0:00:00 29.42it/s  
Predicting ━━━━━━━━━━━━━━━━━━━━━━━━━━━━━━━━━━━━━━━━ 8/8 0:00:00 • 0:00:00 28.95it/s  
Predicting ━━━━━━━━━━━━━━━━━━━━━━━━━━━━━━━━━━━━━━━━ 8/8 0:00:00 • 0:00:00 29.32it/s  
Predicting ━━━━━━━━━━━━━━━━━━━━━━━━━━━━━━━━━━━━━━━━ 8/8 0:00:00 • 0:00:00 30.10it/s  
Predicting ━━━━━━━━━━━━━━━━━━━━━━━━━━━━━━━━━━━━━━━━ 8/8 0:00:00 • 0:00:00 28.90it/s  
Predicting ━━━━━━━━━━━━━━━━━━━━━━━━━━━━━━━━━━━━━━━━ 8/8 0:00:00 • 0:00:00 29.74it/s  
batch 88: size=500 time=5.50s
Predicting ━━━━━━━━━━━━━━━━━━━━━━━━━━━━━━━━━━━━━━━━ 8/8 0:00:00 • 0:00:00 19.07it/s  
Predicting ━━━━━━━━━━━━━━━━━━━━━━━━━━━━━━━━━━━━━━━━ 8/8 0:00:00 • 0:00:00 24.91it/s  
Predicting ━━━━━━━━━━━━━━━━━━━━━━━━━━━━━━━━━━━━━━━━ 8/8 0:00:00 • 0:00:00 26.57it/s  
Predicting ━━━━━━━━━━━━━━━━━━━━━━━━━━━━━━━━━━━━━━━━ 8/8 0:00:00 • 0:00:00 26.72it/s  
Predicting ━━━━━━━━━━━━━━━━━━━━━━━━━━━━━━━━━━━━━━━━ 8/8 0:00:00 • 0:00:00 26.60it/s  
Predicting ━━━━━━━━━━━━━━━━━━━━━━━━━━━━━━━━━━━━━━━━ 8/8 0:00:00 • 0:00:00 26.18it/s  
Predicting ━━━━━━━━━━━━━━━━━━━━━━━━━━━━━━━━━━━━━━━━ 8/8 0:00:00 • 0:00:00 26.80it/s  
Predicting ━━━━━━━━━━━━━━━━━━━━━━━━━━━━━━━━━━━━━━━━ 8/8 0:00:00 • 0:00:00 26.87it/s  
Predicting ━━━━━━━━━━━━━━━━━━━━━━━━━━━━━━━━━━━━━━━━ 8/8 0:00:00 • 0:00:00 27.36it/s  
Predicting ━━━━━━━━━━━━━━━━━━━━━━━━━━━━━━━━━━━━━━━━ 8/8 0:00:00 • 0:00:00 27.02it/s  
batch 89: size=500 time=5.89s
Predicting ━━━━━━━━━━━━━━━━━━━━━━━━━━━━━━━━━━━━━━━━ 8/8 0:00:00 • 0:00:00 26.58it/s  
Predicting ━━━━━━━━━━━━━━━━━━━━━━━━━━━━━━━━━━━━━━━━ 8/8 0:00:00 • 0:00:00 26.42it/s  
Predicting ━━━━━━━━━━━━━━━━━━━━━━━━━━━━━━━━━━━━━━━━ 8/8 0:00:00 • 0:00:00 26.10it/s  
Predicting ━━━━━━━━━━━━━━━━━━━━━━━━━━━━━━━━━━━━━━━━ 8/8 0:00:00 • 0:00:00 27.37it/s  
Predicting ━━━━━━━━━━━━━━━━━━━━━━━━━━━━━━━━━━━━━━━━ 8/8 0:00:00 • 0:00:00 26.07it/s  
Predicting ━━━━━━━━━━━━━━━━━━━━━━━━━━━━━━━━━━━━━━━━ 8/8 0:00:00 • 0:00:00 26.31it/s  
Predicting ━━━━━━━━━━━━━━━━━━━━━━━━━━━━━━━━━━━━━━━━ 8/8 0:00:00 • 0:00:00 26.40it/s  
Predicting ━━━━━━━━━━━━━━━━━━━━━━━━━━━━━━━━━━━━━━━━ 8/8 0:00:00 • 0:00:00 26.19it/s  
Predicting ━━━━━━━━━━━━━━━━━━━━━━━━━━━━━━━━━━━━━━━━ 8/8 0:00:00 • 0:00:00 27.02it/s  
Predicting ━━━━━━━━━━━━━━━━━━━━━━━━━━━━━━━━━━━━━━━━ 8/8 0:00:00 • 0:00:00 26.73it/s  
batch 90: size=500 time=5.74s
Predicting ━━━━━━━━━━━━━━━━━━━━━━━━━━━━━━━━━━━━━━━━ 8/8 0:00:00 • 0:00:00 26.56it/s  
Predicting ━━━━━━━━━━━━━━━━━━━━━━━━━━━━━━━━━━━━━━━━ 8/8 0:00:00 • 0:00:00 26.59it/s  
Predicting ━━━━━━━━━━━━━━━━━━━━━━━━━━━━━━━━━━━━━━━━ 8/8 0:00:00 • 0:00:00 25.94it/s  
Predicting ━━━━━━━━━━━━━━━━━━━━━━━━━━━━━━━━━━━━━━━━ 8/8 0:00:00 • 0:00:00 26.35it/s  
Predicting ━━━━━━━━━━━━━━━━━━━━━━━━━━━━━━━━━━━━━━━━ 8/8 0:00:00 • 0:00:00 27.78it/s  
Predicting ━━━━━━━━━━━━━━━━━━━━━━━━━━━━━━━━━━━━━━━━ 8/8 0:00:00 • 0:00:00 25.86it/s  
Predicting ━━━━━━━━━━━━━━━━━━━━━━━━━━━━━━━━━━━━━━━━ 8/8 0:00:00 • 0:00:00 27.40it/s  
Predicting ━━━━━━━━━━━━━━━━━━━━━━━━━━━━━━━━━━━━━━━━ 8/8 0:00:00 • 0:00:00 26.45it/s  
Predicting ━━━━━━━━━━━━━━━━━━━━━━━━━━━━━━━━━━━━━━━━ 8/8 0:00:00 • 0:00:00 27.19it/s  
Predicting ━━━━━━━━━━━━━━━━━━━━━━━━━━━━━━━━━━━━━━━━ 8/8 0:00:00 • 0:00:00 27.80it/s  
batch 91: size=500 time=5.76s
Predicting ━━━━━━━━━━━━━━━━━━━━━━━━━━━━━━━━━━━━━━━━ 8/8 0:00:00 • 0:00:00 26.24it/s  
Predicting ━━━━━━━━━━━━━━━━━━━━━━━━━━━━━━━━━━━━━━━━ 8/8 0:00:00 • 0:00:00 25.98it/s  
Predicting ━━━━━━━━━━━━━━━━━━━━━━━━━━━━━━━━━━━━━━━━ 8/8 0:00:00 • 0:00:00 27.05it/s  
Predicting ━━━━━━━━━━━━━━━━━━━━━━━━━━━━━━━━━━━━━━━━ 8/8 0:00:00 • 0:00:00 27.07it/s  
Predicting ━━━━━━━━━━━━━━━━━━━━━━━━━━━━━━━━━━━━━━━━ 8/8 0:00:00 • 0:00:00 27.22it/s  
Predicting ━━━━━━━━━━━━━━━━━━━━━━━━━━━━━━━━━━━━━━━━ 8/8 0:00:00 • 0:00:00 26.56it/s  
Predicting ━━━━━━━━━━━━━━━━━━━━━━━━━━━━━━━━━━━━━━━━ 8/8 0:00:00 • 0:00:00 26.52it/s  
Predicting ━━━━━━━━━━━━━━━━━━━━━━━━━━━━━━━━━━━━━━━━ 8/8 0:00:00 • 0:00:00 26.12it/s  
Predicting ━━━━━━━━━━━━━━━━━━━━━━━━━━━━━━━━━━━━━━━━ 8/8 0:00:00 • 0:00:00 26.61it/s  
Predicting ━━━━━━━━━━━━━━━━━━━━━━━━━━━━━━━━━━━━━━━━ 8/8 0:00:00 • 0:00:00 27.21it/s  
batch 92: size=500 time=5.84s
Predicting ━━━━━━━━━━━━━━━━━━━━━━━━━━━━━━━━━━━━━━━━ 8/8 0:00:00 • 0:00:00 25.83it/s  
Predicting ━━━━━━━━━━━━━━━━━━━━━━━━━━━━━━━━━━━━━━━━ 8/8 0:00:00 • 0:00:00 26.30it/s  
Predicting ━━━━━━━━━━━━━━━━━━━━━━━━━━━━━━━━━━━━━━━━ 8/8 0:00:00 • 0:00:00 25.27it/s  
Predicting ━━━━━━━━━━━━━━━━━━━━━━━━━━━━━━━━━━━━━━━━ 8/8 0:00:00 • 0:00:00 26.94it/s  
Predicting ━━━━━━━━━━━━━━━━━━━━━━━━━━━━━━━━━━━━━━━━ 8/8 0:00:00 • 0:00:00 27.11it/s  
Predicting ━━━━━━━━━━━━━━━━━━━━━━━━━━━━━━━━━━━━━━━━ 8/8 0:00:00 • 0:00:00 25.75it/s  
Predicting ━━━━━━━━━━━━━━━━━━━━━━━━━━━━━━━━━━━━━━━━ 8/8 0:00:00 • 0:00:00 25.56it/s  
Predicting ━━━━━━━━━━━━━━━━━━━━━━━━━━━━━━━━━━━━━━━━ 8/8 0:00:00 • 0:00:00 26.45it/s  
Predicting ━━━━━━━━━━━━━━━━━━━━━━━━━━━━━━━━━━━━━━━━ 8/8 0:00:00 • 0:00:00 26.50it/s  
Predicting ━━━━━━━━━━━━━━━━━━━━━━━━━━━━━━━━━━━━━━━━ 8/8 0:00:00 • 0:00:00 26.85it/s  
batch 93: size=500 time=5.81s
Predicting ━━━━━━━━━━━━━━━━━━━━━━━━━━━━━━━━━━━━━━━━ 8/8 0:00:00 • 0:00:00 26.26it/s  
Predicting ━━━━━━━━━━━━━━━━━━━━━━━━━━━━━━━━━━━━━━━━ 8/8 0:00:00 • 0:00:00 26.59it/s  
Predicting ━━━━━━━━━━━━━━━━━━━━━━━━━━━━━━━━━━━━━━━━ 8/8 0:00:00 • 0:00:00 27.05it/s  
Predicting ━━━━━━━━━━━━━━━━━━━━━━━━━━━━━━━━━━━━━━━━ 8/8 0:00:00 • 0:00:00 27.26it/s  
Predicting ━━━━━━━━━━━━━━━━━━━━━━━━━━━━━━━━━━━━━━━━ 8/8 0:00:00 • 0:00:00 26.57it/s  
Predicting ━━━━━━━━━━━━━━━━━━━━━━━━━━━━━━━━━━━━━━━━ 8/8 0:00:00 • 0:00:00 26.14it/s  
Predicting ━━━━━━━━━━━━━━━━━━━━━━━━━━━━━━━━━━━━━━━━ 8/8 0:00:00 • 0:00:00 26.72it/s  
Predicting ━━━━━━━━━━━━━━━━━━━━━━━━━━━━━━━━━━━━━━━━ 8/8 0:00:00 • 0:00:00 27.18it/s  
Predicting ━━━━━━━━━━━━━━━━━━━━━━━━━━━━━━━━━━━━━━━━ 8/8 0:00:00 • 0:00:00 27.28it/s  
Predicting ━━━━━━━━━━━━━━━━━━━━━━━━━━━━━━━━━━━━━━━━ 8/8 0:00:00 • 0:00:00 26.42it/s  
batch 94: size=500 time=5.70s
Predicting ━━━━━━━━━━━━━━━━━━━━━━━━━━━━━━━━━━━━━━━━ 8/8 0:00:00 • 0:00:00 26.83it/s  
Predicting ━━━━━━━━━━━━━━━━━━━━━━━━━━━━━━━━━━━━━━━━ 8/8 0:00:00 • 0:00:00 26.80it/s  
Predicting ━━━━━━━━━━━━━━━━━━━━━━━━━━━━━━━━━━━━━━━━ 8/8 0:00:00 • 0:00:00 27.48it/s  
Predicting ━━━━━━━━━━━━━━━━━━━━━━━━━━━━━━━━━━━━━━━━ 8/8 0:00:00 • 0:00:00 27.18it/s  
Predicting ━━━━━━━━━━━━━━━━━━━━━━━━━━━━━━━━━━━━━━━━ 8/8 0:00:00 • 0:00:00 27.45it/s  
Predicting ━━━━━━━━━━━━━━━━━━━━━━━━━━━━━━━━━━━━━━━━ 8/8 0:00:00 • 0:00:00 26.22it/s  
Predicting ━━━━━━━━━━━━━━━━━━━━━━━━━━━━━━━━━━━━━━━━ 8/8 0:00:00 • 0:00:00 26.75it/s  
Predicting ━━━━━━━━━━━━━━━━━━━━━━━━━━━━━━━━━━━━━━━━ 8/8 0:00:00 • 0:00:00 26.81it/s  
Predicting ━━━━━━━━━━━━━━━━━━━━━━━━━━━━━━━━━━━━━━━━ 8/8 0:00:00 • 0:00:00 27.27it/s  
Predicting ━━━━━━━━━━━━━━━━━━━━━━━━━━━━━━━━━━━━━━━━ 8/8 0:00:00 • 0:00:00 27.99it/s  
batch 95: size=500 time=5.70s
Predicting ━━━━━━━━━━━━━━━━━━━━━━━━━━━━━━━━━━━━━━━━ 8/8 0:00:00 • 0:00:00 25.50it/s  
Predicting ━━━━━━━━━━━━━━━━━━━━━━━━━━━━━━━━━━━━━━━━ 8/8 0:00:00 • 0:00:00 26.27it/s  
Predicting ━━━━━━━━━━━━━━━━━━━━━━━━━━━━━━━━━━━━━━━━ 8/8 0:00:00 • 0:00:00 26.46it/s  
Predicting ━━━━━━━━━━━━━━━━━━━━━━━━━━━━━━━━━━━━━━━━ 8/8 0:00:00 • 0:00:00 27.07it/s  
Predicting ━━━━━━━━━━━━━━━━━━━━━━━━━━━━━━━━━━━━━━━━ 8/8 0:00:00 • 0:00:00 26.76it/s  
Predicting ━━━━━━━━━━━━━━━━━━━━━━━━━━━━━━━━━━━━━━━━ 8/8 0:00:00 • 0:00:00 26.58it/s  
Predicting ━━━━━━━━━━━━━━━━━━━━━━━━━━━━━━━━━━━━━━━━ 8/8 0:00:00 • 0:00:00 26.08it/s  
Predicting ━━━━━━━━━━━━━━━━━━━━━━━━━━━━━━━━━━━━━━━━ 8/8 0:00:00 • 0:00:00 26.64it/s  
Predicting ━━━━━━━━━━━━━━━━━━━━━━━━━━━━━━━━━━━━━━━━ 8/8 0:00:00 • 0:00:00 26.77it/s  
Predicting ━━━━━━━━━━━━━━━━━━━━━━━━━━━━━━━━━━━━━━━━ 8/8 0:00:00 • 0:00:00 26.75it/s  
batch 96: size=500 time=6.81s
Predicting ━━━━━━━━━━━━━━━━━━━━━━━━━━━━━━━━━━━━━━━━ 8/8 0:00:00 • 0:00:00 25.82it/s  
Predicting ━━━━━━━━━━━━━━━━━━━━━━━━━━━━━━━━━━━━━━━━ 8/8 0:00:00 • 0:00:00 26.32it/s  
Predicting ━━━━━━━━━━━━━━━━━━━━━━━━━━━━━━━━━━━━━━━━ 8/8 0:00:00 • 0:00:00 25.88it/s  
Predicting ━━━━━━━━━━━━━━━━━━━━━━━━━━━━━━━━━━━━━━━━ 8/8 0:00:00 • 0:00:00 26.50it/s  
Predicting ━━━━━━━━━━━━━━━━━━━━━━━━━━━━━━━━━━━━━━━━ 8/8 0:00:00 • 0:00:00 26.28it/s  
Predicting ━━━━━━━━━━━━━━━━━━━━━━━━━━━━━━━━━━━━━━━━ 8/8 0:00:00 • 0:00:00 25.02it/s  
Predicting ━━━━━━━━━━━━━━━━━━━━━━━━━━━━━━━━━━━━━━━━ 8/8 0:00:00 • 0:00:00 26.08it/s  
Predicting ━━━━━━━━━━━━━━━━━━━━━━━━━━━━━━━━━━━━━━━━ 8/8 0:00:00 • 0:00:00 26.40it/s  
Predicting ━━━━━━━━━━━━━━━━━━━━━━━━━━━━━━━━━━━━━━━━ 8/8 0:00:00 • 0:00:00 25.71it/s  
Predicting ━━━━━━━━━━━━━━━━━━━━━━━━━━━━━━━━━━━━━━━━ 8/8 0:00:00 • 0:00:00 26.65it/s  
batch 97: size=500 time=5.81s
Predicting ━━━━━━━━━━━━━━━━━━━━━━━━━━━━━━━━━━━━━━━━ 8/8 0:00:00 • 0:00:00 26.20it/s  
Predicting ━━━━━━━━━━━━━━━━━━━━━━━━━━━━━━━━━━━━━━━━ 8/8 0:00:00 • 0:00:00 26.15it/s  
Predicting ━━━━━━━━━━━━━━━━━━━━━━━━━━━━━━━━━━━━━━━━ 8/8 0:00:00 • 0:00:00 25.99it/s  
Predicting ━━━━━━━━━━━━━━━━━━━━━━━━━━━━━━━━━━━━━━━━ 8/8 0:00:00 • 0:00:00 26.01it/s  
Predicting ━━━━━━━━━━━━━━━━━━━━━━━━━━━━━━━━━━━━━━━━ 8/8 0:00:00 • 0:00:00 25.91it/s  
Predicting ━━━━━━━━━━━━━━━━━━━━━━━━━━━━━━━━━━━━━━━━ 8/8 0:00:00 • 0:00:00 25.26it/s  
Predicting ━━━━━━━━━━━━━━━━━━━━━━━━━━━━━━━━━━━━━━━━ 8/8 0:00:00 • 0:00:00 26.30it/s  
Predicting ━━━━━━━━━━━━━━━━━━━━━━━━━━━━━━━━━━━━━━━━ 8/8 0:00:00 • 0:00:00 26.24it/s  
Predicting ━━━━━━━━━━━━━━━━━━━━━━━━━━━━━━━━━━━━━━━━ 8/8 0:00:00 • 0:00:00 26.03it/s  
Predicting ━━━━━━━━━━━━━━━━━━━━━━━━━━━━━━━━━━━━━━━━ 8/8 0:00:00 • 0:00:00 26.44it/s  
batch 98: size=500 time=5.82s
Predicting ━━━━━━━━━━━━━━━━━━━━━━━━━━━━━━━━━━━━━━━━ 8/8 0:00:00 • 0:00:00 25.99it/s  
Predicting ━━━━━━━━━━━━━━━━━━━━━━━━━━━━━━━━━━━━━━━━ 8/8 0:00:00 • 0:00:00 25.86it/s  
Predicting ━━━━━━━━━━━━━━━━━━━━━━━━━━━━━━━━━━━━━━━━ 8/8 0:00:00 • 0:00:00 26.38it/s  
Predicting ━━━━━━━━━━━━━━━━━━━━━━━━━━━━━━━━━━━━━━━━ 8/8 0:00:00 • 0:00:00 26.46it/s  
Predicting ━━━━━━━━━━━━━━━━━━━━━━━━━━━━━━━━━━━━━━━━ 8/8 0:00:00 • 0:00:00 26.11it/s  
Predicting ━━━━━━━━━━━━━━━━━━━━━━━━━━━━━━━━━━━━━━━━ 8/8 0:00:00 • 0:00:00 26.07it/s  
Predicting ━━━━━━━━━━━━━━━━━━━━━━━━━━━━━━━━━━━━━━━━ 8/8 0:00:00 • 0:00:00 26.18it/s  
Predicting ━━━━━━━━━━━━━━━━━━━━━━━━━━━━━━━━━━━━━━━━ 8/8 0:00:00 • 0:00:00 25.80it/s  
Predicting ━━━━━━━━━━━━━━━━━━━━━━━━━━━━━━━━━━━━━━━━ 8/8 0:00:00 • 0:00:00 26.27it/s  
Predicting ━━━━━━━━━━━━━━━━━━━━━━━━━━━━━━━━━━━━━━━━ 8/8 0:00:00 • 0:00:00 26.98it/s  
batch 99: size=500 time=5.76s
Predicting ━━━━━━━━━━━━━━━━━━━━━━━━━━━━━━━━━━━━━━━━ 8/8 0:00:00 • 0:00:00 25.65it/s  
Predicting ━━━━━━━━━━━━━━━━━━━━━━━━━━━━━━━━━━━━━━━━ 8/8 0:00:00 • 0:00:00 25.45it/s  
Predicting ━━━━━━━━━━━━━━━━━━━━━━━━━━━━━━━━━━━━━━━━ 8/8 0:00:00 • 0:00:00 26.03it/s  
Predicting ━━━━━━━━━━━━━━━━━━━━━━━━━━━━━━━━━━━━━━━━ 8/8 0:00:00 • 0:00:00 26.22it/s  
Predicting ━━━━━━━━━━━━━━━━━━━━━━━━━━━━━━━━━━━━━━━━ 8/8 0:00:00 • 0:00:00 26.03it/s  
Predicting ━━━━━━━━━━━━━━━━━━━━━━━━━━━━━━━━━━━━━━━━ 8/8 0:00:00 • 0:00:00 24.94it/s  
Predicting ━━━━━━━━━━━━━━━━━━━━━━━━━━━━━━━━━━━━━━━━ 8/8 0:00:00 • 0:00:00 25.67it/s  
Predicting ━━━━━━━━━━━━━━━━━━━━━━━━━━━━━━━━━━━━━━━━ 8/8 0:00:00 • 0:00:00 25.44it/s  
Predicting ━━━━━━━━━━━━━━━━━━━━━━━━━━━━━━━━━━━━━━━━ 8/8 0:00:00 • 0:00:00 25.33it/s  
Predicting ━━━━━━━━━━━━━━━━━━━━━━━━━━━━━━━━━━━━━━━━ 8/8 0:00:00 • 0:00:00 26.48it/s  
batch 100: size=500 time=5.87s
Predicting ━━━━━━━━━━━━━━━━━━━━━━━━━━━━━━━━━━━━━━━━ 8/8 0:00:00 • 0:00:00 25.40it/s  
Predicting ━━━━━━━━━━━━━━━━━━━━━━━━━━━━━━━━━━━━━━━━ 8/8 0:00:00 • 0:00:00 25.76it/s  
Predicting ━━━━━━━━━━━━━━━━━━━━━━━━━━━━━━━━━━━━━━━━ 8/8 0:00:00 • 0:00:00 25.19it/s  
Predicting ━━━━━━━━━━━━━━━━━━━━━━━━━━━━━━━━━━━━━━━━ 8/8 0:00:00 • 0:00:00 25.65it/s  
Predicting ━━━━━━━━━━━━━━━━━━━━━━━━━━━━━━━━━━━━━━━━ 8/8 0:00:00 • 0:00:00 26.14it/s  
Predicting ━━━━━━━━━━━━━━━━━━━━━━━━━━━━━━━━━━━━━━━━ 8/8 0:00:00 • 0:00:00 25.61it/s  
Predicting ━━━━━━━━━━━━━━━━━━━━━━━━━━━━━━━━━━━━━━━━ 8/8 0:00:00 • 0:00:00 26.14it/s  
Predicting ━━━━━━━━━━━━━━━━━━━━━━━━━━━━━━━━━━━━━━━━ 8/8 0:00:00 • 0:00:00 26.13it/s  
Predicting ━━━━━━━━━━━━━━━━━━━━━━━━━━━━━━━━━━━━━━━━ 8/8 0:00:00 • 0:00:00 25.86it/s  
Predicting ━━━━━━━━━━━━━━━━━━━━━━━━━━━━━━━━━━━━━━━━ 8/8 0:00:00 • 0:00:00 26.44it/s  
batch 101: size=500 time=5.87s
Predicting ━━━━━━━━━━━━━━━━━━━━━━━━━━━━━━━━━━━━━━━━ 8/8 0:00:00 • 0:00:00 19.03it/s  
Predicting ━━━━━━━━━━━━━━━━━━━━━━━━━━━━━━━━━━━━━━━━ 8/8 0:00:00 • 0:00:00 19.47it/s  
Predicting ━━━━━━━━━━━━━━━━━━━━━━━━━━━━━━━━━━━━━━━━ 8/8 0:00:00 • 0:00:00 19.56it/s  
Predicting ━━━━━━━━━━━━━━━━━━━━━━━━━━━━━━━━━━━━━━━━ 8/8 0:00:00 • 0:00:00 21.23it/s  
Predicting ━━━━━━━━━━━━━━━━━━━━━━━━━━━━━━━━━━━━━━━━ 8/8 0:00:00 • 0:00:00 26.09it/s  
Predicting ━━━━━━━━━━━━━━━━━━━━━━━━━━━━━━━━━━━━━━━━ 8/8 0:00:00 • 0:00:00 26.14it/s  
Predicting ━━━━━━━━━━━━━━━━━━━━━━━━━━━━━━━━━━━━━━━━ 8/8 0:00:00 • 0:00:00 26.07it/s  
Predicting ━━━━━━━━━━━━━━━━━━━━━━━━━━━━━━━━━━━━━━━━ 8/8 0:00:00 • 0:00:00 26.24it/s  
Predicting ━━━━━━━━━━━━━━━━━━━━━━━━━━━━━━━━━━━━━━━━ 8/8 0:00:00 • 0:00:00 26.68it/s  
Predicting ━━━━━━━━━━━━━━━━━━━━━━━━━━━━━━━━━━━━━━━━ 8/8 0:00:00 • 0:00:00 27.18it/s  
batch 102: size=500 time=6.33s
Predicting ━━━━━━━━━━━━━━━━━━━━━━━━━━━━━━━━━━━━━━━━ 8/8 0:00:00 • 0:00:00 19.00it/s  
Predicting ━━━━━━━━━━━━━━━━━━━━━━━━━━━━━━━━━━━━━━━━ 8/8 0:00:00 • 0:00:00 28.41it/s  
Predicting ━━━━━━━━━━━━━━━━━━━━━━━━━━━━━━━━━━━━━━━━ 8/8 0:00:00 • 0:00:00 29.92it/s  
Predicting ━━━━━━━━━━━━━━━━━━━━━━━━━━━━━━━━━━━━━━━━ 8/8 0:00:00 • 0:00:00 29.89it/s  
Predicting ━━━━━━━━━━━━━━━━━━━━━━━━━━━━━━━━━━━━━━━━ 8/8 0:00:00 • 0:00:00 25.69it/s  
Predicting ━━━━━━━━━━━━━━━━━━━━━━━━━━━━━━━━━━━━━━━━ 8/8 0:00:00 • 0:00:00 28.15it/s  
Predicting ━━━━━━━━━━━━━━━━━━━━━━━━━━━━━━━━━━━━━━━━ 8/8 0:00:00 • 0:00:00 29.87it/s  
Predicting ━━━━━━━━━━━━━━━━━━━━━━━━━━━━━━━━━━━━━━━━ 8/8 0:00:00 • 0:00:00 28.33it/s  
Predicting ━━━━━━━━━━━━━━━━━━━━━━━━━━━━━━━━━━━━━━━━ 8/8 0:00:00 • 0:00:00 29.74it/s  
Predicting ━━━━━━━━━━━━━━━━━━━━━━━━━━━━━━━━━━━━━━━━ 8/8 0:00:00 • 0:00:00 28.92it/s  
batch 103: size=500 time=5.64s
Predicting ━━━━━━━━━━━━━━━━━━━━━━━━━━━━━━━━━━━━━━━━ 8/8 0:00:00 • 0:00:00 27.30it/s  
Predicting ━━━━━━━━━━━━━━━━━━━━━━━━━━━━━━━━━━━━━━━━ 8/8 0:00:00 • 0:00:00 30.19it/s  
Predicting ━━━━━━━━━━━━━━━━━━━━━━━━━━━━━━━━━━━━━━━━ 8/8 0:00:00 • 0:00:00 29.91it/s  
Predicting ━━━━━━━━━━━━━━━━━━━━━━━━━━━━━━━━━━━━━━━━ 8/8 0:00:00 • 0:00:00 28.56it/s  
Predicting ━━━━━━━━━━━━━━━━━━━━━━━━━━━━━━━━━━━━━━━━ 8/8 0:00:00 • 0:00:00 29.42it/s  
Predicting ━━━━━━━━━━━━━━━━━━━━━━━━━━━━━━━━━━━━━━━━ 8/8 0:00:00 • 0:00:00 28.94it/s  
Predicting ━━━━━━━━━━━━━━━━━━━━━━━━━━━━━━━━━━━━━━━━ 8/8 0:00:00 • 0:00:00 29.40it/s  
Predicting ━━━━━━━━━━━━━━━━━━━━━━━━━━━━━━━━━━━━━━━━ 8/8 0:00:00 • 0:00:00 29.67it/s  
Predicting ━━━━━━━━━━━━━━━━━━━━━━━━━━━━━━━━━━━━━━━━ 8/8 0:00:00 • 0:00:00 29.18it/s  
Predicting ━━━━━━━━━━━━━━━━━━━━━━━━━━━━━━━━━━━━━━━━ 8/8 0:00:00 • 0:00:00 28.36it/s  
batch 104: size=500 time=5.52s
Predicting ━━━━━━━━━━━━━━━━━━━━━━━━━━━━━━━━━━━━━━━━ 8/8 0:00:00 • 0:00:00 28.38it/s  
Predicting ━━━━━━━━━━━━━━━━━━━━━━━━━━━━━━━━━━━━━━━━ 8/8 0:00:00 • 0:00:00 28.45it/s  
Predicting ━━━━━━━━━━━━━━━━━━━━━━━━━━━━━━━━━━━━━━━━ 8/8 0:00:00 • 0:00:00 29.37it/s  
Predicting ━━━━━━━━━━━━━━━━━━━━━━━━━━━━━━━━━━━━━━━━ 8/8 0:00:00 • 0:00:00 30.24it/s  
Predicting ━━━━━━━━━━━━━━━━━━━━━━━━━━━━━━━━━━━━━━━━ 8/8 0:00:00 • 0:00:00 29.32it/s  
Predicting ━━━━━━━━━━━━━━━━━━━━━━━━━━━━━━━━━━━━━━━━ 8/8 0:00:00 • 0:00:00 28.24it/s  
Predicting ━━━━━━━━━━━━━━━━━━━━━━━━━━━━━━━━━━━━━━━━ 8/8 0:00:00 • 0:00:00 29.37it/s  
Predicting ━━━━━━━━━━━━━━━━━━━━━━━━━━━━━━━━━━━━━━━━ 8/8 0:00:00 • 0:00:00 29.34it/s  
Predicting ━━━━━━━━━━━━━━━━━━━━━━━━━━━━━━━━━━━━━━━━ 8/8 0:00:00 • 0:00:00 28.77it/s  
Predicting ━━━━━━━━━━━━━━━━━━━━━━━━━━━━━━━━━━━━━━━━ 8/8 0:00:00 • 0:00:00 30.00it/s  
batch 105: size=500 time=5.44s
Predicting ━━━━━━━━━━━━━━━━━━━━━━━━━━━━━━━━━━━━━━━━ 8/8 0:00:00 • 0:00:00 28.08it/s  
Predicting ━━━━━━━━━━━━━━━━━━━━━━━━━━━━━━━━━━━━━━━━ 8/8 0:00:00 • 0:00:00 29.75it/s  
Predicting ━━━━━━━━━━━━━━━━━━━━━━━━━━━━━━━━━━━━━━━━ 8/8 0:00:00 • 0:00:00 30.11it/s  
Predicting ━━━━━━━━━━━━━━━━━━━━━━━━━━━━━━━━━━━━━━━━ 8/8 0:00:00 • 0:00:00 29.18it/s  
Predicting ━━━━━━━━━━━━━━━━━━━━━━━━━━━━━━━━━━━━━━━━ 8/8 0:00:00 • 0:00:00 29.01it/s  
Predicting ━━━━━━━━━━━━━━━━━━━━━━━━━━━━━━━━━━━━━━━━ 8/8 0:00:00 • 0:00:00 29.25it/s  
Predicting ━━━━━━━━━━━━━━━━━━━━━━━━━━━━━━━━━━━━━━━━ 8/8 0:00:00 • 0:00:00 29.97it/s  
Predicting ━━━━━━━━━━━━━━━━━━━━━━━━━━━━━━━━━━━━━━━━ 8/8 0:00:00 • 0:00:00 29.85it/s  
Predicting ━━━━━━━━━━━━━━━━━━━━━━━━━━━━━━━━━━━━━━━━ 8/8 0:00:00 • 0:00:00 29.19it/s  
Predicting ━━━━━━━━━━━━━━━━━━━━━━━━━━━━━━━━━━━━━━━━ 8/8 0:00:00 • 0:00:00 28.57it/s  
batch 106: size=500 time=5.48s
Predicting ━━━━━━━━━━━━━━━━━━━━━━━━━━━━━━━━━━━━━━━━ 8/8 0:00:00 • 0:00:00 29.62it/s  
Predicting ━━━━━━━━━━━━━━━━━━━━━━━━━━━━━━━━━━━━━━━━ 8/8 0:00:00 • 0:00:00 29.48it/s  
Predicting ━━━━━━━━━━━━━━━━━━━━━━━━━━━━━━━━━━━━━━━━ 8/8 0:00:00 • 0:00:00 28.95it/s  
Predicting ━━━━━━━━━━━━━━━━━━━━━━━━━━━━━━━━━━━━━━━━ 8/8 0:00:00 • 0:00:00 29.56it/s  
Predicting ━━━━━━━━━━━━━━━━━━━━━━━━━━━━━━━━━━━━━━━━ 8/8 0:00:00 • 0:00:00 29.63it/s  
Predicting ━━━━━━━━━━━━━━━━━━━━━━━━━━━━━━━━━━━━━━━━ 8/8 0:00:00 • 0:00:00 28.51it/s  
Predicting ━━━━━━━━━━━━━━━━━━━━━━━━━━━━━━━━━━━━━━━━ 8/8 0:00:00 • 0:00:00 29.65it/s  
Predicting ━━━━━━━━━━━━━━━━━━━━━━━━━━━━━━━━━━━━━━━━ 8/8 0:00:00 • 0:00:00 28.86it/s  
Predicting ━━━━━━━━━━━━━━━━━━━━━━━━━━━━━━━━━━━━━━━━ 8/8 0:00:00 • 0:00:00 28.27it/s  
Predicting ━━━━━━━━━━━━━━━━━━━━━━━━━━━━━━━━━━━━━━━━ 8/8 0:00:00 • 0:00:00 28.81it/s  
batch 107: size=500 time=5.49s
Predicting ━━━━━━━━━━━━━━━━━━━━━━━━━━━━━━━━━━━━━━━━ 8/8 0:00:00 • 0:00:00 28.82it/s  
Predicting ━━━━━━━━━━━━━━━━━━━━━━━━━━━━━━━━━━━━━━━━ 8/8 0:00:00 • 0:00:00 29.98it/s  
Predicting ━━━━━━━━━━━━━━━━━━━━━━━━━━━━━━━━━━━━━━━━ 8/8 0:00:00 • 0:00:00 30.34it/s  
Predicting ━━━━━━━━━━━━━━━━━━━━━━━━━━━━━━━━━━━━━━━━ 8/8 0:00:00 • 0:00:00 28.37it/s  
Predicting ━━━━━━━━━━━━━━━━━━━━━━━━━━━━━━━━━━━━━━━━ 8/8 0:00:00 • 0:00:00 30.28it/s  
Predicting ━━━━━━━━━━━━━━━━━━━━━━━━━━━━━━━━━━━━━━━━ 8/8 0:00:00 • 0:00:00 27.34it/s  
Predicting ━━━━━━━━━━━━━━━━━━━━━━━━━━━━━━━━━━━━━━━━ 8/8 0:00:00 • 0:00:00 28.99it/s  
Predicting ━━━━━━━━━━━━━━━━━━━━━━━━━━━━━━━━━━━━━━━━ 8/8 0:00:00 • 0:00:00 29.76it/s  
Predicting ━━━━━━━━━━━━━━━━━━━━━━━━━━━━━━━━━━━━━━━━ 8/8 0:00:00 • 0:00:00 30.00it/s  
Predicting ━━━━━━━━━━━━━━━━━━━━━━━━━━━━━━━━━━━━━━━━ 8/8 0:00:00 • 0:00:00 29.28it/s  
batch 108: size=500 time=5.54s
Predicting ━━━━━━━━━━━━━━━━━━━━━━━━━━━━━━━━━━━━━━━━ 8/8 0:00:00 • 0:00:00 27.63it/s  
Predicting ━━━━━━━━━━━━━━━━━━━━━━━━━━━━━━━━━━━━━━━━ 8/8 0:00:00 • 0:00:00 28.28it/s  
Predicting ━━━━━━━━━━━━━━━━━━━━━━━━━━━━━━━━━━━━━━━━ 8/8 0:00:00 • 0:00:00 28.24it/s  
Predicting ━━━━━━━━━━━━━━━━━━━━━━━━━━━━━━━━━━━━━━━━ 8/8 0:00:00 • 0:00:00 29.73it/s  
Predicting ━━━━━━━━━━━━━━━━━━━━━━━━━━━━━━━━━━━━━━━━ 8/8 0:00:00 • 0:00:00 29.70it/s  
Predicting ━━━━━━━━━━━━━━━━━━━━━━━━━━━━━━━━━━━━━━━━ 8/8 0:00:00 • 0:00:00 27.97it/s  
Predicting ━━━━━━━━━━━━━━━━━━━━━━━━━━━━━━━━━━━━━━━━ 8/8 0:00:00 • 0:00:00 30.46it/s  
Predicting ━━━━━━━━━━━━━━━━━━━━━━━━━━━━━━━━━━━━━━━━ 8/8 0:00:00 • 0:00:00 29.24it/s  
Predicting ━━━━━━━━━━━━━━━━━━━━━━━━━━━━━━━━━━━━━━━━ 8/8 0:00:00 • 0:00:00 29.74it/s  
Predicting ━━━━━━━━━━━━━━━━━━━━━━━━━━━━━━━━━━━━━━━━ 8/8 0:00:00 • 0:00:00 30.14it/s  
batch 109: size=500 time=5.46s
Predicting ━━━━━━━━━━━━━━━━━━━━━━━━━━━━━━━━━━━━━━━━ 8/8 0:00:00 • 0:00:00 27.74it/s  
Predicting ━━━━━━━━━━━━━━━━━━━━━━━━━━━━━━━━━━━━━━━━ 8/8 0:00:00 • 0:00:00 29.93it/s  
Predicting ━━━━━━━━━━━━━━━━━━━━━━━━━━━━━━━━━━━━━━━━ 8/8 0:00:00 • 0:00:00 30.29it/s  
Predicting ━━━━━━━━━━━━━━━━━━━━━━━━━━━━━━━━━━━━━━━━ 8/8 0:00:00 • 0:00:00 29.90it/s  
Predicting ━━━━━━━━━━━━━━━━━━━━━━━━━━━━━━━━━━━━━━━━ 8/8 0:00:00 • 0:00:00 28.90it/s  
Predicting ━━━━━━━━━━━━━━━━━━━━━━━━━━━━━━━━━━━━━━━━ 8/8 0:00:00 • 0:00:00 27.99it/s  
Predicting ━━━━━━━━━━━━━━━━━━━━━━━━━━━━━━━━━━━━━━━━ 8/8 0:00:00 • 0:00:00 29.71it/s  
Predicting ━━━━━━━━━━━━━━━━━━━━━━━━━━━━━━━━━━━━━━━━ 8/8 0:00:00 • 0:00:00 29.61it/s  
Predicting ━━━━━━━━━━━━━━━━━━━━━━━━━━━━━━━━━━━━━━━━ 8/8 0:00:00 • 0:00:00 30.51it/s  
Predicting ━━━━━━━━━━━━━━━━━━━━━━━━━━━━━━━━━━━━━━━━ 8/8 0:00:00 • 0:00:00 29.19it/s  
batch 110: size=500 time=5.50s
Predicting ━━━━━━━━━━━━━━━━━━━━━━━━━━━━━━━━━━━━━━━━ 8/8 0:00:00 • 0:00:00 28.47it/s  
Predicting ━━━━━━━━━━━━━━━━━━━━━━━━━━━━━━━━━━━━━━━━ 8/8 0:00:00 • 0:00:00 29.29it/s  
Predicting ━━━━━━━━━━━━━━━━━━━━━━━━━━━━━━━━━━━━━━━━ 8/8 0:00:00 • 0:00:00 28.36it/s  
Predicting ━━━━━━━━━━━━━━━━━━━━━━━━━━━━━━━━━━━━━━━━ 8/8 0:00:00 • 0:00:00 29.54it/s  
Predicting ━━━━━━━━━━━━━━━━━━━━━━━━━━━━━━━━━━━━━━━━ 8/8 0:00:00 • 0:00:00 30.04it/s  
Predicting ━━━━━━━━━━━━━━━━━━━━━━━━━━━━━━━━━━━━━━━━ 8/8 0:00:00 • 0:00:00 27.88it/s  
Predicting ━━━━━━━━━━━━━━━━━━━━━━━━━━━━━━━━━━━━━━━━ 8/8 0:00:00 • 0:00:00 30.01it/s  
Predicting ━━━━━━━━━━━━━━━━━━━━━━━━━━━━━━━━━━━━━━━━ 8/8 0:00:00 • 0:00:00 30.17it/s  
Predicting ━━━━━━━━━━━━━━━━━━━━━━━━━━━━━━━━━━━━━━━━ 8/8 0:00:00 • 0:00:00 28.81it/s  
Predicting ━━━━━━━━━━━━━━━━━━━━━━━━━━━━━━━━━━━━━━━━ 8/8 0:00:00 • 0:00:00 29.53it/s  
batch 111: size=500 time=5.43s
Predicting ━━━━━━━━━━━━━━━━━━━━━━━━━━━━━━━━━━━━━━━━ 8/8 0:00:00 • 0:00:00 28.72it/s  
Predicting ━━━━━━━━━━━━━━━━━━━━━━━━━━━━━━━━━━━━━━━━ 8/8 0:00:00 • 0:00:00 28.80it/s  
Predicting ━━━━━━━━━━━━━━━━━━━━━━━━━━━━━━━━━━━━━━━━ 8/8 0:00:00 • 0:00:00 31.10it/s  
Predicting ━━━━━━━━━━━━━━━━━━━━━━━━━━━━━━━━━━━━━━━━ 8/8 0:00:00 • 0:00:00 30.24it/s  
Predicting ━━━━━━━━━━━━━━━━━━━━━━━━━━━━━━━━━━━━━━━━ 8/8 0:00:00 • 0:00:00 29.26it/s  
Predicting ━━━━━━━━━━━━━━━━━━━━━━━━━━━━━━━━━━━━━━━━ 8/8 0:00:00 • 0:00:00 29.43it/s  
Predicting ━━━━━━━━━━━━━━━━━━━━━━━━━━━━━━━━━━━━━━━━ 8/8 0:00:00 • 0:00:00 28.84it/s  
Predicting ━━━━━━━━━━━━━━━━━━━━━━━━━━━━━━━━━━━━━━━━ 8/8 0:00:00 • 0:00:00 29.94it/s  
Predicting ━━━━━━━━━━━━━━━━━━━━━━━━━━━━━━━━━━━━━━━━ 8/8 0:00:00 • 0:00:00 30.90it/s  
Predicting ━━━━━━━━━━━━━━━━━━━━━━━━━━━━━━━━━━━━━━━━ 8/8 0:00:00 • 0:00:00 29.87it/s  
batch 112: size=500 time=5.51s
Predicting ━━━━━━━━━━━━━━━━━━━━━━━━━━━━━━━━━━━━━━━━ 8/8 0:00:00 • 0:00:00 26.14it/s  
Predicting ━━━━━━━━━━━━━━━━━━━━━━━━━━━━━━━━━━━━━━━━ 8/8 0:00:00 • 0:00:00 27.07it/s  
Predicting ━━━━━━━━━━━━━━━━━━━━━━━━━━━━━━━━━━━━━━━━ 8/8 0:00:00 • 0:00:00 26.59it/s  
Predicting ━━━━━━━━━━━━━━━━━━━━━━━━━━━━━━━━━━━━━━━━ 8/8 0:00:00 • 0:00:00 28.17it/s  
Predicting ━━━━━━━━━━━━━━━━━━━━━━━━━━━━━━━━━━━━━━━━ 8/8 0:00:00 • 0:00:00 27.18it/s  
Predicting ━━━━━━━━━━━━━━━━━━━━━━━━━━━━━━━━━━━━━━━━ 8/8 0:00:00 • 0:00:00 26.86it/s  
Predicting ━━━━━━━━━━━━━━━━━━━━━━━━━━━━━━━━━━━━━━━━ 8/8 0:00:00 • 0:00:00 26.88it/s  
Predicting ━━━━━━━━━━━━━━━━━━━━━━━━━━━━━━━━━━━━━━━━ 8/8 0:00:00 • 0:00:00 26.03it/s  
Predicting ━━━━━━━━━━━━━━━━━━━━━━━━━━━━━━━━━━━━━━━━ 8/8 0:00:00 • 0:00:00 27.23it/s  
Predicting ━━━━━━━━━━━━━━━━━━━━━━━━━━━━━━━━━━━━━━━━ 8/8 0:00:00 • 0:00:00 26.92it/s  
batch 113: size=500 time=5.86s
Predicting ━━━━━━━━━━━━━━━━━━━━━━━━━━━━━━━━━━━━━━━━ 8/8 0:00:00 • 0:00:00 26.56it/s  
Predicting ━━━━━━━━━━━━━━━━━━━━━━━━━━━━━━━━━━━━━━━━ 8/8 0:00:00 • 0:00:00 27.31it/s  
Predicting ━━━━━━━━━━━━━━━━━━━━━━━━━━━━━━━━━━━━━━━━ 8/8 0:00:00 • 0:00:00 25.30it/s  
Predicting ━━━━━━━━━━━━━━━━━━━━━━━━━━━━━━━━━━━━━━━━ 8/8 0:00:00 • 0:00:00 27.53it/s  
Predicting ━━━━━━━━━━━━━━━━━━━━━━━━━━━━━━━━━━━━━━━━ 8/8 0:00:00 • 0:00:00 26.81it/s  
Predicting ━━━━━━━━━━━━━━━━━━━━━━━━━━━━━━━━━━━━━━━━ 8/8 0:00:00 • 0:00:00 25.72it/s  
Predicting ━━━━━━━━━━━━━━━━━━━━━━━━━━━━━━━━━━━━━━━━ 8/8 0:00:00 • 0:00:00 26.33it/s  
Predicting ━━━━━━━━━━━━━━━━━━━━━━━━━━━━━━━━━━━━━━━━ 8/8 0:00:00 • 0:00:00 25.94it/s  
Predicting ━━━━━━━━━━━━━━━━━━━━━━━━━━━━━━━━━━━━━━━━ 8/8 0:00:00 • 0:00:00 26.73it/s  
Predicting ━━━━━━━━━━━━━━━━━━━━━━━━━━━━━━━━━━━━━━━━ 8/8 0:00:00 • 0:00:00 28.11it/s  
batch 114: size=500 time=5.71s
Predicting ━━━━━━━━━━━━━━━━━━━━━━━━━━━━━━━━━━━━━━━━ 8/8 0:00:00 • 0:00:00 26.12it/s  
Predicting ━━━━━━━━━━━━━━━━━━━━━━━━━━━━━━━━━━━━━━━━ 8/8 0:00:00 • 0:00:00 26.81it/s  
Predicting ━━━━━━━━━━━━━━━━━━━━━━━━━━━━━━━━━━━━━━━━ 8/8 0:00:00 • 0:00:00 27.85it/s  
Predicting ━━━━━━━━━━━━━━━━━━━━━━━━━━━━━━━━━━━━━━━━ 8/8 0:00:00 • 0:00:00 27.55it/s  
Predicting ━━━━━━━━━━━━━━━━━━━━━━━━━━━━━━━━━━━━━━━━ 8/8 0:00:00 • 0:00:00 27.81it/s  
Predicting ━━━━━━━━━━━━━━━━━━━━━━━━━━━━━━━━━━━━━━━━ 8/8 0:00:00 • 0:00:00 26.89it/s  
Predicting ━━━━━━━━━━━━━━━━━━━━━━━━━━━━━━━━━━━━━━━━ 8/8 0:00:00 • 0:00:00 26.68it/s  
Predicting ━━━━━━━━━━━━━━━━━━━━━━━━━━━━━━━━━━━━━━━━ 8/8 0:00:00 • 0:00:00 27.20it/s  
Predicting ━━━━━━━━━━━━━━━━━━━━━━━━━━━━━━━━━━━━━━━━ 8/8 0:00:00 • 0:00:00 27.30it/s  
Predicting ━━━━━━━━━━━━━━━━━━━━━━━━━━━━━━━━━━━━━━━━ 8/8 0:00:00 • 0:00:00 26.71it/s  
batch 115: size=500 time=5.66s
Predicting ━━━━━━━━━━━━━━━━━━━━━━━━━━━━━━━━━━━━━━━━ 8/8 0:00:00 • 0:00:00 18.98it/s  
Predicting ━━━━━━━━━━━━━━━━━━━━━━━━━━━━━━━━━━━━━━━━ 8/8 0:00:00 • 0:00:00 28.66it/s  
Predicting ━━━━━━━━━━━━━━━━━━━━━━━━━━━━━━━━━━━━━━━━ 8/8 0:00:00 • 0:00:00 28.27it/s  
Predicting ━━━━━━━━━━━━━━━━━━━━━━━━━━━━━━━━━━━━━━━━ 8/8 0:00:00 • 0:00:00 30.00it/s  
Predicting ━━━━━━━━━━━━━━━━━━━━━━━━━━━━━━━━━━━━━━━━ 8/8 0:00:00 • 0:00:00 29.36it/s  
Predicting ━━━━━━━━━━━━━━━━━━━━━━━━━━━━━━━━━━━━━━━━ 8/8 0:00:00 • 0:00:00 28.13it/s  
Predicting ━━━━━━━━━━━━━━━━━━━━━━━━━━━━━━━━━━━━━━━━ 8/8 0:00:00 • 0:00:00 28.55it/s  
Predicting ━━━━━━━━━━━━━━━━━━━━━━━━━━━━━━━━━━━━━━━━ 8/8 0:00:00 • 0:00:00 28.04it/s  
Predicting ━━━━━━━━━━━━━━━━━━━━━━━━━━━━━━━━━━━━━━━━ 8/8 0:00:00 • 0:00:00 30.32it/s  
Predicting ━━━━━━━━━━━━━━━━━━━━━━━━━━━━━━━━━━━━━━━━ 8/8 0:00:00 • 0:00:00 29.40it/s  
batch 116: size=500 time=5.61s
Predicting ━━━━━━━━━━━━━━━━━━━━━━━━━━━━━━━━━━━━━━━━ 8/8 0:00:00 • 0:00:00 28.47it/s  
Predicting ━━━━━━━━━━━━━━━━━━━━━━━━━━━━━━━━━━━━━━━━ 8/8 0:00:00 • 0:00:00 30.10it/s  
Predicting ━━━━━━━━━━━━━━━━━━━━━━━━━━━━━━━━━━━━━━━━ 8/8 0:00:00 • 0:00:00 30.98it/s  
Predicting ━━━━━━━━━━━━━━━━━━━━━━━━━━━━━━━━━━━━━━━━ 8/8 0:00:00 • 0:00:00 29.07it/s  
Predicting ━━━━━━━━━━━━━━━━━━━━━━━━━━━━━━━━━━━━━━━━ 8/8 0:00:00 • 0:00:00 29.93it/s  
Predicting ━━━━━━━━━━━━━━━━━━━━━━━━━━━━━━━━━━━━━━━━ 8/8 0:00:00 • 0:00:00 27.26it/s  
Predicting ━━━━━━━━━━━━━━━━━━━━━━━━━━━━━━━━━━━━━━━━ 8/8 0:00:00 • 0:00:00 30.19it/s  
Predicting ━━━━━━━━━━━━━━━━━━━━━━━━━━━━━━━━━━━━━━━━ 8/8 0:00:00 • 0:00:00 30.87it/s  
Predicting ━━━━━━━━━━━━━━━━━━━━━━━━━━━━━━━━━━━━━━━━ 8/8 0:00:00 • 0:00:00 29.99it/s  
Predicting ━━━━━━━━━━━━━━━━━━━━━━━━━━━━━━━━━━━━━━━━ 8/8 0:00:00 • 0:00:00 29.77it/s  
batch 117: size=500 time=5.46s
Predicting ━━━━━━━━━━━━━━━━━━━━━━━━━━━━━━━━━━━━━━━━ 8/8 0:00:00 • 0:00:00 27.92it/s  
Predicting ━━━━━━━━━━━━━━━━━━━━━━━━━━━━━━━━━━━━━━━━ 8/8 0:00:00 • 0:00:00 28.95it/s  
Predicting ━━━━━━━━━━━━━━━━━━━━━━━━━━━━━━━━━━━━━━━━ 8/8 0:00:00 • 0:00:00 28.56it/s  
Predicting ━━━━━━━━━━━━━━━━━━━━━━━━━━━━━━━━━━━━━━━━ 8/8 0:00:00 • 0:00:00 29.50it/s  
Predicting ━━━━━━━━━━━━━━━━━━━━━━━━━━━━━━━━━━━━━━━━ 8/8 0:00:00 • 0:00:00 27.61it/s  
Predicting ━━━━━━━━━━━━━━━━━━━━━━━━━━━━━━━━━━━━━━━━ 8/8 0:00:00 • 0:00:00 29.35it/s  
Predicting ━━━━━━━━━━━━━━━━━━━━━━━━━━━━━━━━━━━━━━━━ 8/8 0:00:00 • 0:00:00 29.98it/s  
Predicting ━━━━━━━━━━━━━━━━━━━━━━━━━━━━━━━━━━━━━━━━ 8/8 0:00:00 • 0:00:00 28.31it/s  
Predicting ━━━━━━━━━━━━━━━━━━━━━━━━━━━━━━━━━━━━━━━━ 8/8 0:00:00 • 0:00:00 28.57it/s  
Predicting ━━━━━━━━━━━━━━━━━━━━━━━━━━━━━━━━━━━━━━━━ 8/8 0:00:00 • 0:00:00 30.54it/s  
batch 118: size=500 time=5.48s
Predicting ━━━━━━━━━━━━━━━━━━━━━━━━━━━━━━━━━━━━━━━━ 8/8 0:00:00 • 0:00:00 28.44it/s  
Predicting ━━━━━━━━━━━━━━━━━━━━━━━━━━━━━━━━━━━━━━━━ 8/8 0:00:00 • 0:00:00 30.62it/s  
Predicting ━━━━━━━━━━━━━━━━━━━━━━━━━━━━━━━━━━━━━━━━ 8/8 0:00:00 • 0:00:00 30.25it/s  
Predicting ━━━━━━━━━━━━━━━━━━━━━━━━━━━━━━━━━━━━━━━━ 8/8 0:00:00 • 0:00:00 29.10it/s  
Predicting ━━━━━━━━━━━━━━━━━━━━━━━━━━━━━━━━━━━━━━━━ 8/8 0:00:00 • 0:00:00 29.57it/s  
Predicting ━━━━━━━━━━━━━━━━━━━━━━━━━━━━━━━━━━━━━━━━ 8/8 0:00:00 • 0:00:00 28.81it/s  
Predicting ━━━━━━━━━━━━━━━━━━━━━━━━━━━━━━━━━━━━━━━━ 8/8 0:00:00 • 0:00:00 29.26it/s  
Predicting ━━━━━━━━━━━━━━━━━━━━━━━━━━━━━━━━━━━━━━━━ 8/8 0:00:00 • 0:00:00 31.07it/s  
Predicting ━━━━━━━━━━━━━━━━━━━━━━━━━━━━━━━━━━━━━━━━ 8/8 0:00:00 • 0:00:00 29.71it/s  
Predicting ━━━━━━━━━━━━━━━━━━━━━━━━━━━━━━━━━━━━━━━━ 8/8 0:00:00 • 0:00:00 28.80it/s  
batch 119: size=500 time=5.42s
Predicting ━━━━━━━━━━━━━━━━━━━━━━━━━━━━━━━━━━━━━━━━ 8/8 0:00:00 • 0:00:00 28.44it/s  
Predicting ━━━━━━━━━━━━━━━━━━━━━━━━━━━━━━━━━━━━━━━━ 8/8 0:00:00 • 0:00:00 28.78it/s  
Predicting ━━━━━━━━━━━━━━━━━━━━━━━━━━━━━━━━━━━━━━━━ 8/8 0:00:00 • 0:00:00 28.47it/s  
Predicting ━━━━━━━━━━━━━━━━━━━━━━━━━━━━━━━━━━━━━━━━ 8/8 0:00:00 • 0:00:00 29.94it/s  
Predicting ━━━━━━━━━━━━━━━━━━━━━━━━━━━━━━━━━━━━━━━━ 8/8 0:00:00 • 0:00:00 29.36it/s  
Predicting ━━━━━━━━━━━━━━━━━━━━━━━━━━━━━━━━━━━━━━━━ 8/8 0:00:00 • 0:00:00 28.85it/s  
Predicting ━━━━━━━━━━━━━━━━━━━━━━━━━━━━━━━━━━━━━━━━ 8/8 0:00:00 • 0:00:00 29.60it/s  
Predicting ━━━━━━━━━━━━━━━━━━━━━━━━━━━━━━━━━━━━━━━━ 8/8 0:00:00 • 0:00:00 28.77it/s  
Predicting ━━━━━━━━━━━━━━━━━━━━━━━━━━━━━━━━━━━━━━━━ 8/8 0:00:00 • 0:00:00 28.58it/s  
Predicting ━━━━━━━━━━━━━━━━━━━━━━━━━━━━━━━━━━━━━━━━ 8/8 0:00:00 • 0:00:00 30.58it/s  
batch 120: size=500 time=5.48s
Predicting ━━━━━━━━━━━━━━━━━━━━━━━━━━━━━━━━━━━━━━━━ 8/8 0:00:00 • 0:00:00 27.93it/s  
Predicting ━━━━━━━━━━━━━━━━━━━━━━━━━━━━━━━━━━━━━━━━ 8/8 0:00:00 • 0:00:00 31.00it/s  
Predicting ━━━━━━━━━━━━━━━━━━━━━━━━━━━━━━━━━━━━━━━━ 8/8 0:00:00 • 0:00:00 29.73it/s  
Predicting ━━━━━━━━━━━━━━━━━━━━━━━━━━━━━━━━━━━━━━━━ 8/8 0:00:00 • 0:00:00 29.10it/s  
Predicting ━━━━━━━━━━━━━━━━━━━━━━━━━━━━━━━━━━━━━━━━ 8/8 0:00:00 • 0:00:00 29.33it/s  
Predicting ━━━━━━━━━━━━━━━━━━━━━━━━━━━━━━━━━━━━━━━━ 8/8 0:00:00 • 0:00:00 28.98it/s  
Predicting ━━━━━━━━━━━━━━━━━━━━━━━━━━━━━━━━━━━━━━━━ 8/8 0:00:00 • 0:00:00 27.97it/s  
Predicting ━━━━━━━━━━━━━━━━━━━━━━━━━━━━━━━━━━━━━━━━ 8/8 0:00:00 • 0:00:00 29.91it/s  
Predicting ━━━━━━━━━━━━━━━━━━━━━━━━━━━━━━━━━━━━━━━━ 8/8 0:00:00 • 0:00:00 30.57it/s  
Predicting ━━━━━━━━━━━━━━━━━━━━━━━━━━━━━━━━━━━━━━━━ 8/8 0:00:00 • 0:00:00 28.19it/s  
batch 121: size=500 time=5.50s
Predicting ━━━━━━━━━━━━━━━━━━━━━━━━━━━━━━━━━━━━━━━━ 8/8 0:00:00 • 0:00:00 30.24it/s  
Predicting ━━━━━━━━━━━━━━━━━━━━━━━━━━━━━━━━━━━━━━━━ 8/8 0:00:00 • 0:00:00 29.32it/s  
Predicting ━━━━━━━━━━━━━━━━━━━━━━━━━━━━━━━━━━━━━━━━ 8/8 0:00:00 • 0:00:00 27.91it/s  
Predicting ━━━━━━━━━━━━━━━━━━━━━━━━━━━━━━━━━━━━━━━━ 8/8 0:00:00 • 0:00:00 30.87it/s  
Predicting ━━━━━━━━━━━━━━━━━━━━━━━━━━━━━━━━━━━━━━━━ 8/8 0:00:00 • 0:00:00 29.79it/s  
Predicting ━━━━━━━━━━━━━━━━━━━━━━━━━━━━━━━━━━━━━━━━ 8/8 0:00:00 • 0:00:00 28.45it/s  
Predicting ━━━━━━━━━━━━━━━━━━━━━━━━━━━━━━━━━━━━━━━━ 8/8 0:00:00 • 0:00:00 30.28it/s  
Predicting ━━━━━━━━━━━━━━━━━━━━━━━━━━━━━━━━━━━━━━━━ 8/8 0:00:00 • 0:00:00 29.88it/s  
Predicting ━━━━━━━━━━━━━━━━━━━━━━━━━━━━━━━━━━━━━━━━ 8/8 0:00:00 • 0:00:00 28.44it/s  
Predicting ━━━━━━━━━━━━━━━━━━━━━━━━━━━━━━━━━━━━━━━━ 8/8 0:00:00 • 0:00:00 30.53it/s  
batch 122: size=500 time=5.44s
Predicting ━━━━━━━━━━━━━━━━━━━━━━━━━━━━━━━━━━━━━━━━ 8/8 0:00:00 • 0:00:00 28.41it/s  
Predicting ━━━━━━━━━━━━━━━━━━━━━━━━━━━━━━━━━━━━━━━━ 8/8 0:00:00 • 0:00:00 27.84it/s  
Predicting ━━━━━━━━━━━━━━━━━━━━━━━━━━━━━━━━━━━━━━━━ 8/8 0:00:00 • 0:00:00 30.37it/s  
Predicting ━━━━━━━━━━━━━━━━━━━━━━━━━━━━━━━━━━━━━━━━ 8/8 0:00:00 • 0:00:00 28.99it/s  
Predicting ━━━━━━━━━━━━━━━━━━━━━━━━━━━━━━━━━━━━━━━━ 8/8 0:00:00 • 0:00:00 29.27it/s  
Predicting ━━━━━━━━━━━━━━━━━━━━━━━━━━━━━━━━━━━━━━━━ 8/8 0:00:00 • 0:00:00 28.43it/s  
Predicting ━━━━━━━━━━━━━━━━━━━━━━━━━━━━━━━━━━━━━━━━ 8/8 0:00:00 • 0:00:00 29.16it/s  
Predicting ━━━━━━━━━━━━━━━━━━━━━━━━━━━━━━━━━━━━━━━━ 8/8 0:00:00 • 0:00:00 25.41it/s  
Predicting ━━━━━━━━━━━━━━━━━━━━━━━━━━━━━━━━━━━━━━━━ 8/8 0:00:00 • 0:00:00 27.85it/s  
Predicting ━━━━━━━━━━━━━━━━━━━━━━━━━━━━━━━━━━━━━━━━ 8/8 0:00:00 • 0:00:00 25.01it/s  
batch 123: size=500 time=5.73s
Predicting ━━━━━━━━━━━━━━━━━━━━━━━━━━━━━━━━━━━━━━━━ 8/8 0:00:00 • 0:00:00 28.63it/s  
Predicting ━━━━━━━━━━━━━━━━━━━━━━━━━━━━━━━━━━━━━━━━ 8/8 0:00:00 • 0:00:00 26.56it/s  
Predicting ━━━━━━━━━━━━━━━━━━━━━━━━━━━━━━━━━━━━━━━━ 8/8 0:00:00 • 0:00:00 29.91it/s  
Predicting ━━━━━━━━━━━━━━━━━━━━━━━━━━━━━━━━━━━━━━━━ 8/8 0:00:00 • 0:00:00 29.95it/s  
Predicting ━━━━━━━━━━━━━━━━━━━━━━━━━━━━━━━━━━━━━━━━ 8/8 0:00:00 • 0:00:00 30.40it/s  
Predicting ━━━━━━━━━━━━━━━━━━━━━━━━━━━━━━━━━━━━━━━━ 8/8 0:00:00 • 0:00:00 28.85it/s  
Predicting ━━━━━━━━━━━━━━━━━━━━━━━━━━━━━━━━━━━━━━━━ 8/8 0:00:00 • 0:00:00 29.67it/s  
Predicting ━━━━━━━━━━━━━━━━━━━━━━━━━━━━━━━━━━━━━━━━ 8/8 0:00:00 • 0:00:00 29.76it/s  
Predicting ━━━━━━━━━━━━━━━━━━━━━━━━━━━━━━━━━━━━━━━━ 8/8 0:00:00 • 0:00:00 29.55it/s  
Predicting ━━━━━━━━━━━━━━━━━━━━━━━━━━━━━━━━━━━━━━━━ 8/8 0:00:00 • 0:00:00 30.02it/s  
batch 124: size=500 time=5.40s
Predicting ━━━━━━━━━━━━━━━━━━━━━━━━━━━━━━━━━━━━━━━━ 8/8 0:00:00 • 0:00:00 19.06it/s  
Predicting ━━━━━━━━━━━━━━━━━━━━━━━━━━━━━━━━━━━━━━━━ 8/8 0:00:00 • 0:00:00 18.93it/s  
Predicting ━━━━━━━━━━━━━━━━━━━━━━━━━━━━━━━━━━━━━━━━ 8/8 0:00:00 • 0:00:00 23.88it/s  
Predicting ━━━━━━━━━━━━━━━━━━━━━━━━━━━━━━━━━━━━━━━━ 8/8 0:00:00 • 0:00:00 26.81it/s  
Predicting ━━━━━━━━━━━━━━━━━━━━━━━━━━━━━━━━━━━━━━━━ 8/8 0:00:00 • 0:00:00 27.67it/s  
Predicting ━━━━━━━━━━━━━━━━━━━━━━━━━━━━━━━━━━━━━━━━ 8/8 0:00:00 • 0:00:00 25.86it/s  
Predicting ━━━━━━━━━━━━━━━━━━━━━━━━━━━━━━━━━━━━━━━━ 8/8 0:00:00 • 0:00:00 26.48it/s  
Predicting ━━━━━━━━━━━━━━━━━━━━━━━━━━━━━━━━━━━━━━━━ 8/8 0:00:00 • 0:00:00 26.74it/s  
Predicting ━━━━━━━━━━━━━━━━━━━━━━━━━━━━━━━━━━━━━━━━ 8/8 0:00:00 • 0:00:00 26.02it/s  
Predicting ━━━━━━━━━━━━━━━━━━━━━━━━━━━━━━━━━━━━━━━━ 8/8 0:00:00 • 0:00:00 26.92it/s  
batch 125: size=500 time=6.15s
Predicting ━━━━━━━━━━━━━━━━━━━━━━━━━━━━━━━━━━━━━━━━ 8/8 0:00:00 • 0:00:00 26.24it/s  
Predicting ━━━━━━━━━━━━━━━━━━━━━━━━━━━━━━━━━━━━━━━━ 8/8 0:00:00 • 0:00:00 26.55it/s  
Predicting ━━━━━━━━━━━━━━━━━━━━━━━━━━━━━━━━━━━━━━━━ 8/8 0:00:00 • 0:00:00 26.59it/s  
Predicting ━━━━━━━━━━━━━━━━━━━━━━━━━━━━━━━━━━━━━━━━ 8/8 0:00:00 • 0:00:00 26.75it/s  
Predicting ━━━━━━━━━━━━━━━━━━━━━━━━━━━━━━━━━━━━━━━━ 8/8 0:00:00 • 0:00:00 26.51it/s  
Predicting ━━━━━━━━━━━━━━━━━━━━━━━━━━━━━━━━━━━━━━━━ 8/8 0:00:00 • 0:00:00 25.96it/s  
Predicting ━━━━━━━━━━━━━━━━━━━━━━━━━━━━━━━━━━━━━━━━ 8/8 0:00:00 • 0:00:00 26.87it/s  
Predicting ━━━━━━━━━━━━━━━━━━━━━━━━━━━━━━━━━━━━━━━━ 8/8 0:00:00 • 0:00:00 26.50it/s  
Predicting ━━━━━━━━━━━━━━━━━━━━━━━━━━━━━━━━━━━━━━━━ 8/8 0:00:00 • 0:00:00 26.90it/s  
Predicting ━━━━━━━━━━━━━━━━━━━━━━━━━━━━━━━━━━━━━━━━ 8/8 0:00:00 • 0:00:00 27.85it/s  
batch 126: size=500 time=5.74s
Predicting ━━━━━━━━━━━━━━━━━━━━━━━━━━━━━━━━━━━━━━━━ 8/8 0:00:00 • 0:00:00 25.61it/s  
Predicting ━━━━━━━━━━━━━━━━━━━━━━━━━━━━━━━━━━━━━━━━ 8/8 0:00:00 • 0:00:00 26.06it/s  
Predicting ━━━━━━━━━━━━━━━━━━━━━━━━━━━━━━━━━━━━━━━━ 8/8 0:00:00 • 0:00:00 26.32it/s  
Predicting ━━━━━━━━━━━━━━━━━━━━━━━━━━━━━━━━━━━━━━━━ 8/8 0:00:00 • 0:00:00 26.06it/s  
Predicting ━━━━━━━━━━━━━━━━━━━━━━━━━━━━━━━━━━━━━━━━ 8/8 0:00:00 • 0:00:00 26.70it/s  
Predicting ━━━━━━━━━━━━━━━━━━━━━━━━━━━━━━━━━━━━━━━━ 8/8 0:00:00 • 0:00:00 25.79it/s  
Predicting ━━━━━━━━━━━━━━━━━━━━━━━━━━━━━━━━━━━━━━━━ 8/8 0:00:00 • 0:00:00 26.77it/s  
Predicting ━━━━━━━━━━━━━━━━━━━━━━━━━━━━━━━━━━━━━━━━ 8/8 0:00:00 • 0:00:00 26.42it/s  
Predicting ━━━━━━━━━━━━━━━━━━━━━━━━━━━━━━━━━━━━━━━━ 8/8 0:00:00 • 0:00:00 26.90it/s  
Predicting ━━━━━━━━━━━━━━━━━━━━━━━━━━━━━━━━━━━━━━━━ 8/8 0:00:00 • 0:00:00 26.34it/s  
batch 127: size=500 time=5.77s
Predicting ━━━━━━━━━━━━━━━━━━━━━━━━━━━━━━━━━━━━━━━━ 8/8 0:00:00 • 0:00:00 26.52it/s  
Predicting ━━━━━━━━━━━━━━━━━━━━━━━━━━━━━━━━━━━━━━━━ 8/8 0:00:00 • 0:00:00 26.24it/s  
Predicting ━━━━━━━━━━━━━━━━━━━━━━━━━━━━━━━━━━━━━━━━ 8/8 0:00:00 • 0:00:00 27.42it/s  
Predicting ━━━━━━━━━━━━━━━━━━━━━━━━━━━━━━━━━━━━━━━━ 8/8 0:00:00 • 0:00:00 26.96it/s  
Predicting ━━━━━━━━━━━━━━━━━━━━━━━━━━━━━━━━━━━━━━━━ 8/8 0:00:00 • 0:00:00 27.33it/s  
Predicting ━━━━━━━━━━━━━━━━━━━━━━━━━━━━━━━━━━━━━━━━ 8/8 0:00:00 • 0:00:00 26.54it/s  
Predicting ━━━━━━━━━━━━━━━━━━━━━━━━━━━━━━━━━━━━━━━━ 8/8 0:00:00 • 0:00:00 26.74it/s  
Predicting ━━━━━━━━━━━━━━━━━━━━━━━━━━━━━━━━━━━━━━━━ 8/8 0:00:00 • 0:00:00 27.35it/s  
Predicting ━━━━━━━━━━━━━━━━━━━━━━━━━━━━━━━━━━━━━━━━ 8/8 0:00:00 • 0:00:00 27.89it/s  
Predicting ━━━━━━━━━━━━━━━━━━━━━━━━━━━━━━━━━━━━━━━━ 8/8 0:00:00 • 0:00:00 27.04it/s  
batch 128: size=500 time=5.67s
Predicting ━━━━━━━━━━━━━━━━━━━━━━━━━━━━━━━━━━━━━━━━ 8/8 0:00:00 • 0:00:00 26.55it/s  
Predicting ━━━━━━━━━━━━━━━━━━━━━━━━━━━━━━━━━━━━━━━━ 8/8 0:00:00 • 0:00:00 26.38it/s  
Predicting ━━━━━━━━━━━━━━━━━━━━━━━━━━━━━━━━━━━━━━━━ 8/8 0:00:00 • 0:00:00 26.47it/s  
Predicting ━━━━━━━━━━━━━━━━━━━━━━━━━━━━━━━━━━━━━━━━ 8/8 0:00:00 • 0:00:00 27.65it/s  
Predicting ━━━━━━━━━━━━━━━━━━━━━━━━━━━━━━━━━━━━━━━━ 8/8 0:00:00 • 0:00:00 27.16it/s  
Predicting ━━━━━━━━━━━━━━━━━━━━━━━━━━━━━━━━━━━━━━━━ 8/8 0:00:00 • 0:00:00 19.14it/s  
Predicting ━━━━━━━━━━━━━━━━━━━━━━━━━━━━━━━━━━━━━━━━ 8/8 0:00:00 • 0:00:00 26.03it/s  
Predicting ━━━━━━━━━━━━━━━━━━━━━━━━━━━━━━━━━━━━━━━━ 8/8 0:00:00 • 0:00:00 28.80it/s  
Predicting ━━━━━━━━━━━━━━━━━━━━━━━━━━━━━━━━━━━━━━━━ 8/8 0:00:00 • 0:00:00 28.52it/s  
Predicting ━━━━━━━━━━━━━━━━━━━━━━━━━━━━━━━━━━━━━━━━ 8/8 0:00:00 • 0:00:00 30.11it/s  
batch 129: size=500 time=5.76s
Predicting ━━━━━━━━━━━━━━━━━━━━━━━━━━━━━━━━━━━━━━━━ 8/8 0:00:00 • 0:00:00 28.51it/s  
Predicting ━━━━━━━━━━━━━━━━━━━━━━━━━━━━━━━━━━━━━━━━ 8/8 0:00:00 • 0:00:00 30.41it/s  
Predicting ━━━━━━━━━━━━━━━━━━━━━━━━━━━━━━━━━━━━━━━━ 8/8 0:00:00 • 0:00:00 29.49it/s  
Predicting ━━━━━━━━━━━━━━━━━━━━━━━━━━━━━━━━━━━━━━━━ 8/8 0:00:00 • 0:00:00 28.57it/s  
Predicting ━━━━━━━━━━━━━━━━━━━━━━━━━━━━━━━━━━━━━━━━ 8/8 0:00:00 • 0:00:00 30.56it/s  
Predicting ━━━━━━━━━━━━━━━━━━━━━━━━━━━━━━━━━━━━━━━━ 8/8 0:00:00 • 0:00:00 29.13it/s  
Predicting ━━━━━━━━━━━━━━━━━━━━━━━━━━━━━━━━━━━━━━━━ 8/8 0:00:00 • 0:00:00 29.57it/s  
Predicting ━━━━━━━━━━━━━━━━━━━━━━━━━━━━━━━━━━━━━━━━ 8/8 0:00:00 • 0:00:00 30.34it/s  
Predicting ━━━━━━━━━━━━━━━━━━━━━━━━━━━━━━━━━━━━━━━━ 8/8 0:00:00 • 0:00:00 29.95it/s  
Predicting ━━━━━━━━━━━━━━━━━━━━━━━━━━━━━━━━━━━━━━━━ 8/8 0:00:00 • 0:00:00 28.38it/s  
batch 130: size=500 time=5.49s
Predicting ━━━━━━━━━━━━━━━━━━━━━━━━━━━━━━━━━━━━━━━━ 8/8 0:00:00 • 0:00:00 27.65it/s  
Predicting ━━━━━━━━━━━━━━━━━━━━━━━━━━━━━━━━━━━━━━━━ 8/8 0:00:00 • 0:00:00 28.20it/s  
Predicting ━━━━━━━━━━━━━━━━━━━━━━━━━━━━━━━━━━━━━━━━ 8/8 0:00:00 • 0:00:00 29.33it/s  
Predicting ━━━━━━━━━━━━━━━━━━━━━━━━━━━━━━━━━━━━━━━━ 8/8 0:00:00 • 0:00:00 30.30it/s  
Predicting ━━━━━━━━━━━━━━━━━━━━━━━━━━━━━━━━━━━━━━━━ 8/8 0:00:00 • 0:00:00 30.39it/s  
Predicting ━━━━━━━━━━━━━━━━━━━━━━━━━━━━━━━━━━━━━━━━ 8/8 0:00:00 • 0:00:00 29.29it/s  
Predicting ━━━━━━━━━━━━━━━━━━━━━━━━━━━━━━━━━━━━━━━━ 8/8 0:00:00 • 0:00:00 29.39it/s  
Predicting ━━━━━━━━━━━━━━━━━━━━━━━━━━━━━━━━━━━━━━━━ 8/8 0:00:00 • 0:00:00 28.95it/s  
Predicting ━━━━━━━━━━━━━━━━━━━━━━━━━━━━━━━━━━━━━━━━ 8/8 0:00:00 • 0:00:00 28.84it/s  
Predicting ━━━━━━━━━━━━━━━━━━━━━━━━━━━━━━━━━━━━━━━━ 8/8 0:00:00 • 0:00:00 29.32it/s  
batch 131: size=500 time=5.47s
Predicting ━━━━━━━━━━━━━━━━━━━━━━━━━━━━━━━━━━━━━━━━ 8/8 0:00:00 • 0:00:00 28.23it/s  
Predicting ━━━━━━━━━━━━━━━━━━━━━━━━━━━━━━━━━━━━━━━━ 8/8 0:00:00 • 0:00:00 30.19it/s  
Predicting ━━━━━━━━━━━━━━━━━━━━━━━━━━━━━━━━━━━━━━━━ 8/8 0:00:00 • 0:00:00 30.77it/s  
Predicting ━━━━━━━━━━━━━━━━━━━━━━━━━━━━━━━━━━━━━━━━ 8/8 0:00:00 • 0:00:00 29.11it/s  
Predicting ━━━━━━━━━━━━━━━━━━━━━━━━━━━━━━━━━━━━━━━━ 8/8 0:00:00 • 0:00:00 28.27it/s  
Predicting ━━━━━━━━━━━━━━━━━━━━━━━━━━━━━━━━━━━━━━━━ 8/8 0:00:00 • 0:00:00 28.63it/s  
Predicting ━━━━━━━━━━━━━━━━━━━━━━━━━━━━━━━━━━━━━━━━ 8/8 0:00:00 • 0:00:00 29.11it/s  
Predicting ━━━━━━━━━━━━━━━━━━━━━━━━━━━━━━━━━━━━━━━━ 8/8 0:00:00 • 0:00:00 30.62it/s  
Predicting ━━━━━━━━━━━━━━━━━━━━━━━━━━━━━━━━━━━━━━━━ 8/8 0:00:00 • 0:00:00 29.13it/s  
Predicting ━━━━━━━━━━━━━━━━━━━━━━━━━━━━━━━━━━━━━━━━ 8/8 0:00:00 • 0:00:00 28.57it/s  
batch 132: size=500 time=5.47s
Predicting ━━━━━━━━━━━━━━━━━━━━━━━━━━━━━━━━━━━━━━━━ 8/8 0:00:00 • 0:00:00 28.64it/s  
Predicting ━━━━━━━━━━━━━━━━━━━━━━━━━━━━━━━━━━━━━━━━ 8/8 0:00:00 • 0:00:00 29.90it/s  
Predicting ━━━━━━━━━━━━━━━━━━━━━━━━━━━━━━━━━━━━━━━━ 8/8 0:00:00 • 0:00:00 29.33it/s  
Predicting ━━━━━━━━━━━━━━━━━━━━━━━━━━━━━━━━━━━━━━━━ 8/8 0:00:00 • 0:00:00 29.29it/s  
Predicting ━━━━━━━━━━━━━━━━━━━━━━━━━━━━━━━━━━━━━━━━ 8/8 0:00:00 • 0:00:00 28.98it/s  
Predicting ━━━━━━━━━━━━━━━━━━━━━━━━━━━━━━━━━━━━━━━━ 8/8 0:00:00 • 0:00:00 29.29it/s  
Predicting ━━━━━━━━━━━━━━━━━━━━━━━━━━━━━━━━━━━━━━━━ 8/8 0:00:00 • 0:00:00 30.30it/s  
Predicting ━━━━━━━━━━━━━━━━━━━━━━━━━━━━━━━━━━━━━━━━ 8/8 0:00:00 • 0:00:00 30.44it/s  
Predicting ━━━━━━━━━━━━━━━━━━━━━━━━━━━━━━━━━━━━━━━━ 8/8 0:00:00 • 0:00:00 28.63it/s  
Predicting ━━━━━━━━━━━━━━━━━━━━━━━━━━━━━━━━━━━━━━━━ 8/8 0:00:00 • 0:00:00 30.84it/s  
batch 133: size=500 time=5.43s
Predicting ━━━━━━━━━━━━━━━━━━━━━━━━━━━━━━━━━━━━━━━━ 8/8 0:00:00 • 0:00:00 27.36it/s  
Predicting ━━━━━━━━━━━━━━━━━━━━━━━━━━━━━━━━━━━━━━━━ 8/8 0:00:00 • 0:00:00 25.29it/s  
Predicting ━━━━━━━━━━━━━━━━━━━━━━━━━━━━━━━━━━━━━━━━ 8/8 0:00:00 • 0:00:00 21.81it/s  
Predicting ━━━━━━━━━━━━━━━━━━━━━━━━━━━━━━━━━━━━━━━━ 8/8 0:00:00 • 0:00:00 26.22it/s  
Predicting ━━━━━━━━━━━━━━━━━━━━━━━━━━━━━━━━━━━━━━━━ 8/8 0:00:00 • 0:00:00 30.92it/s  
Predicting ━━━━━━━━━━━━━━━━━━━━━━━━━━━━━━━━━━━━━━━━ 8/8 0:00:00 • 0:00:00 28.34it/s  
Predicting ━━━━━━━━━━━━━━━━━━━━━━━━━━━━━━━━━━━━━━━━ 8/8 0:00:00 • 0:00:00 29.01it/s  
Predicting ━━━━━━━━━━━━━━━━━━━━━━━━━━━━━━━━━━━━━━━━ 8/8 0:00:00 • 0:00:00 30.14it/s  
Predicting ━━━━━━━━━━━━━━━━━━━━━━━━━━━━━━━━━━━━━━━━ 8/8 0:00:00 • 0:00:00 30.20it/s  
Predicting ━━━━━━━━━━━━━━━━━━━━━━━━━━━━━━━━━━━━━━━━ 8/8 0:00:00 • 0:00:00 28.61it/s  
batch 134: size=500 time=5.69s
Predicting ━━━━━━━━━━━━━━━━━━━━━━━━━━━━━━━━━━━━━━━━ 8/8 0:00:00 • 0:00:00 19.00it/s  
Predicting ━━━━━━━━━━━━━━━━━━━━━━━━━━━━━━━━━━━━━━━━ 8/8 0:00:00 • 0:00:00 20.95it/s  
Predicting ━━━━━━━━━━━━━━━━━━━━━━━━━━━━━━━━━━━━━━━━ 8/8 0:00:00 • 0:00:00 27.05it/s  
Predicting ━━━━━━━━━━━━━━━━━━━━━━━━━━━━━━━━━━━━━━━━ 8/8 0:00:00 • 0:00:00 27.45it/s  
Predicting ━━━━━━━━━━━━━━━━━━━━━━━━━━━━━━━━━━━━━━━━ 8/8 0:00:00 • 0:00:00 27.10it/s  
Predicting ━━━━━━━━━━━━━━━━━━━━━━━━━━━━━━━━━━━━━━━━ 8/8 0:00:00 • 0:00:00 26.14it/s  
Predicting ━━━━━━━━━━━━━━━━━━━━━━━━━━━━━━━━━━━━━━━━ 8/8 0:00:00 • 0:00:00 26.80it/s  
Predicting ━━━━━━━━━━━━━━━━━━━━━━━━━━━━━━━━━━━━━━━━ 8/8 0:00:00 • 0:00:00 27.00it/s  
Predicting ━━━━━━━━━━━━━━━━━━━━━━━━━━━━━━━━━━━━━━━━ 8/8 0:00:00 • 0:00:00 27.55it/s  
Predicting ━━━━━━━━━━━━━━━━━━━━━━━━━━━━━━━━━━━━━━━━ 8/8 0:00:00 • 0:00:00 25.19it/s  
batch 135: size=500 time=5.93s
Predicting ━━━━━━━━━━━━━━━━━━━━━━━━━━━━━━━━━━━━━━━━ 8/8 0:00:00 • 0:00:00 28.33it/s  
Predicting ━━━━━━━━━━━━━━━━━━━━━━━━━━━━━━━━━━━━━━━━ 8/8 0:00:00 • 0:00:00 28.51it/s  
Predicting ━━━━━━━━━━━━━━━━━━━━━━━━━━━━━━━━━━━━━━━━ 8/8 0:00:00 • 0:00:00 29.05it/s  
Predicting ━━━━━━━━━━━━━━━━━━━━━━━━━━━━━━━━━━━━━━━━ 8/8 0:00:00 • 0:00:00 31.22it/s  
Predicting ━━━━━━━━━━━━━━━━━━━━━━━━━━━━━━━━━━━━━━━━ 8/8 0:00:00 • 0:00:00 30.37it/s  
Predicting ━━━━━━━━━━━━━━━━━━━━━━━━━━━━━━━━━━━━━━━━ 8/8 0:00:00 • 0:00:00 28.95it/s  
Predicting ━━━━━━━━━━━━━━━━━━━━━━━━━━━━━━━━━━━━━━━━ 8/8 0:00:00 • 0:00:00 29.31it/s  
Predicting ━━━━━━━━━━━━━━━━━━━━━━━━━━━━━━━━━━━━━━━━ 8/8 0:00:00 • 0:00:00 30.06it/s  
Predicting ━━━━━━━━━━━━━━━━━━━━━━━━━━━━━━━━━━━━━━━━ 8/8 0:00:00 • 0:00:00 28.51it/s  
Predicting ━━━━━━━━━━━━━━━━━━━━━━━━━━━━━━━━━━━━━━━━ 8/8 0:00:00 • 0:00:00 30.58it/s  
batch 136: size=500 time=5.41s
Predicting ━━━━━━━━━━━━━━━━━━━━━━━━━━━━━━━━━━━━━━━━ 8/8 0:00:00 • 0:00:00 27.64it/s  
Predicting ━━━━━━━━━━━━━━━━━━━━━━━━━━━━━━━━━━━━━━━━ 8/8 0:00:00 • 0:00:00 30.52it/s  
Predicting ━━━━━━━━━━━━━━━━━━━━━━━━━━━━━━━━━━━━━━━━ 8/8 0:00:00 • 0:00:00 30.62it/s  
Predicting ━━━━━━━━━━━━━━━━━━━━━━━━━━━━━━━━━━━━━━━━ 8/8 0:00:00 • 0:00:00 29.09it/s  
Predicting ━━━━━━━━━━━━━━━━━━━━━━━━━━━━━━━━━━━━━━━━ 8/8 0:00:00 • 0:00:00 29.18it/s  
Predicting ━━━━━━━━━━━━━━━━━━━━━━━━━━━━━━━━━━━━━━━━ 8/8 0:00:00 • 0:00:00 26.36it/s  
Predicting ━━━━━━━━━━━━━━━━━━━━━━━━━━━━━━━━━━━━━━━━ 8/8 0:00:00 • 0:00:00 26.13it/s  
Predicting ━━━━━━━━━━━━━━━━━━━━━━━━━━━━━━━━━━━━━━━━ 8/8 0:00:00 • 0:00:00 27.22it/s  
Predicting ━━━━━━━━━━━━━━━━━━━━━━━━━━━━━━━━━━━━━━━━ 8/8 0:00:00 • 0:00:00 26.82it/s  
Predicting ━━━━━━━━━━━━━━━━━━━━━━━━━━━━━━━━━━━━━━━━ 8/8 0:00:00 • 0:00:00 26.11it/s  
batch 137: size=500 time=5.69s
Predicting ━━━━━━━━━━━━━━━━━━━━━━━━━━━━━━━━━━━━━━━━ 8/8 0:00:00 • 0:00:00 26.63it/s  
Predicting ━━━━━━━━━━━━━━━━━━━━━━━━━━━━━━━━━━━━━━━━ 8/8 0:00:00 • 0:00:00 26.37it/s  
Predicting ━━━━━━━━━━━━━━━━━━━━━━━━━━━━━━━━━━━━━━━━ 8/8 0:00:00 • 0:00:00 26.60it/s  
Predicting ━━━━━━━━━━━━━━━━━━━━━━━━━━━━━━━━━━━━━━━━ 8/8 0:00:00 • 0:00:00 26.69it/s  
Predicting ━━━━━━━━━━━━━━━━━━━━━━━━━━━━━━━━━━━━━━━━ 8/8 0:00:00 • 0:00:00 27.50it/s  
Predicting ━━━━━━━━━━━━━━━━━━━━━━━━━━━━━━━━━━━━━━━━ 8/8 0:00:00 • 0:00:00 25.93it/s  
Predicting ━━━━━━━━━━━━━━━━━━━━━━━━━━━━━━━━━━━━━━━━ 8/8 0:00:00 • 0:00:00 26.58it/s  
Predicting ━━━━━━━━━━━━━━━━━━━━━━━━━━━━━━━━━━━━━━━━ 8/8 0:00:00 • 0:00:00 27.03it/s  
Predicting ━━━━━━━━━━━━━━━━━━━━━━━━━━━━━━━━━━━━━━━━ 8/8 0:00:00 • 0:00:00 27.18it/s  
Predicting ━━━━━━━━━━━━━━━━━━━━━━━━━━━━━━━━━━━━━━━━ 8/8 0:00:00 • 0:00:00 26.90it/s  
batch 138: size=500 time=5.74s
Predicting ━━━━━━━━━━━━━━━━━━━━━━━━━━━━━━━━━━━━━━━━ 8/8 0:00:00 • 0:00:00 25.86it/s  
Predicting ━━━━━━━━━━━━━━━━━━━━━━━━━━━━━━━━━━━━━━━━ 8/8 0:00:00 • 0:00:00 26.67it/s  
Predicting ━━━━━━━━━━━━━━━━━━━━━━━━━━━━━━━━━━━━━━━━ 8/8 0:00:00 • 0:00:00 26.80it/s  
Predicting ━━━━━━━━━━━━━━━━━━━━━━━━━━━━━━━━━━━━━━━━ 8/8 0:00:00 • 0:00:00 26.88it/s  
Predicting ━━━━━━━━━━━━━━━━━━━━━━━━━━━━━━━━━━━━━━━━ 8/8 0:00:00 • 0:00:00 27.37it/s  
Predicting ━━━━━━━━━━━━━━━━━━━━━━━━━━━━━━━━━━━━━━━━ 8/8 0:00:00 • 0:00:00 25.88it/s  
Predicting ━━━━━━━━━━━━━━━━━━━━━━━━━━━━━━━━━━━━━━━━ 8/8 0:00:00 • 0:00:00 27.11it/s  
Predicting ━━━━━━━━━━━━━━━━━━━━━━━━━━━━━━━━━━━━━━━━ 8/8 0:00:00 • 0:00:00 26.58it/s  
Predicting ━━━━━━━━━━━━━━━━━━━━━━━━━━━━━━━━━━━━━━━━ 8/8 0:00:00 • 0:00:00 27.18it/s  
Predicting ━━━━━━━━━━━━━━━━━━━━━━━━━━━━━━━━━━━━━━━━ 8/8 0:00:00 • 0:00:00 26.83it/s  
batch 139: size=500 time=5.73s
Predicting ━━━━━━━━━━━━━━━━━━━━━━━━━━━━━━━━━━━━━━━━ 8/8 0:00:00 • 0:00:00 26.31it/s  
Predicting ━━━━━━━━━━━━━━━━━━━━━━━━━━━━━━━━━━━━━━━━ 8/8 0:00:00 • 0:00:00 27.53it/s  
Predicting ━━━━━━━━━━━━━━━━━━━━━━━━━━━━━━━━━━━━━━━━ 8/8 0:00:00 • 0:00:00 27.40it/s  
Predicting ━━━━━━━━━━━━━━━━━━━━━━━━━━━━━━━━━━━━━━━━ 8/8 0:00:00 • 0:00:00 27.11it/s  
Predicting ━━━━━━━━━━━━━━━━━━━━━━━━━━━━━━━━━━━━━━━━ 8/8 0:00:00 • 0:00:00 27.36it/s  
Predicting ━━━━━━━━━━━━━━━━━━━━━━━━━━━━━━━━━━━━━━━━ 8/8 0:00:00 • 0:00:00 26.08it/s  
Predicting ━━━━━━━━━━━━━━━━━━━━━━━━━━━━━━━━━━━━━━━━ 8/8 0:00:00 • 0:00:00 26.53it/s  
Predicting ━━━━━━━━━━━━━━━━━━━━━━━━━━━━━━━━━━━━━━━━ 8/8 0:00:00 • 0:00:00 26.89it/s  
Predicting ━━━━━━━━━━━━━━━━━━━━━━━━━━━━━━━━━━━━━━━━ 8/8 0:00:00 • 0:00:00 27.30it/s  
Predicting ━━━━━━━━━━━━━━━━━━━━━━━━━━━━━━━━━━━━━━━━ 8/8 0:00:00 • 0:00:00 27.08it/s  
batch 140: size=500 time=5.68s
Predicting ━━━━━━━━━━━━━━━━━━━━━━━━━━━━━━━━━━━━━━━━ 8/8 0:00:00 • 0:00:00 26.29it/s  
Predicting ━━━━━━━━━━━━━━━━━━━━━━━━━━━━━━━━━━━━━━━━ 8/8 0:00:00 • 0:00:00 26.04it/s  
Predicting ━━━━━━━━━━━━━━━━━━━━━━━━━━━━━━━━━━━━━━━━ 8/8 0:00:00 • 0:00:00 26.53it/s  
Predicting ━━━━━━━━━━━━━━━━━━━━━━━━━━━━━━━━━━━━━━━━ 8/8 0:00:00 • 0:00:00 25.74it/s  
Predicting ━━━━━━━━━━━━━━━━━━━━━━━━━━━━━━━━━━━━━━━━ 8/8 0:00:00 • 0:00:00 26.21it/s  
Predicting ━━━━━━━━━━━━━━━━━━━━━━━━━━━━━━━━━━━━━━━━ 8/8 0:00:00 • 0:00:00 25.86it/s  
Predicting ━━━━━━━━━━━━━━━━━━━━━━━━━━━━━━━━━━━━━━━━ 8/8 0:00:00 • 0:00:00 25.86it/s  
Predicting ━━━━━━━━━━━━━━━━━━━━━━━━━━━━━━━━━━━━━━━━ 8/8 0:00:00 • 0:00:00 26.98it/s  
Predicting ━━━━━━━━━━━━━━━━━━━━━━━━━━━━━━━━━━━━━━━━ 8/8 0:00:00 • 0:00:00 26.09it/s  
Predicting ━━━━━━━━━━━━━━━━━━━━━━━━━━━━━━━━━━━━━━━━ 8/8 0:00:00 • 0:00:00 26.35it/s  
batch 141: size=500 time=5.77s
Predicting ━━━━━━━━━━━━━━━━━━━━━━━━━━━━━━━━━━━━━━━━ 8/8 0:00:00 • 0:00:00 25.71it/s  
Predicting ━━━━━━━━━━━━━━━━━━━━━━━━━━━━━━━━━━━━━━━━ 8/8 0:00:00 • 0:00:00 27.16it/s  
Predicting ━━━━━━━━━━━━━━━━━━━━━━━━━━━━━━━━━━━━━━━━ 8/8 0:00:00 • 0:00:00 26.60it/s  
Predicting ━━━━━━━━━━━━━━━━━━━━━━━━━━━━━━━━━━━━━━━━ 8/8 0:00:00 • 0:00:00 26.10it/s  
Predicting ━━━━━━━━━━━━━━━━━━━━━━━━━━━━━━━━━━━━━━━━ 8/8 0:00:00 • 0:00:00 27.22it/s  
Predicting ━━━━━━━━━━━━━━━━━━━━━━━━━━━━━━━━━━━━━━━━ 8/8 0:00:00 • 0:00:00 19.77it/s  
Predicting ━━━━━━━━━━━━━━━━━━━━━━━━━━━━━━━━━━━━━━━━ 8/8 0:00:00 • 0:00:00 29.88it/s  
Predicting ━━━━━━━━━━━━━━━━━━━━━━━━━━━━━━━━━━━━━━━━ 8/8 0:00:00 • 0:00:00 29.36it/s  
Predicting ━━━━━━━━━━━━━━━━━━━━━━━━━━━━━━━━━━━━━━━━ 8/8 0:00:00 • 0:00:00 30.87it/s  
Predicting ━━━━━━━━━━━━━━━━━━━━━━━━━━━━━━━━━━━━━━━━ 8/8 0:00:00 • 0:00:00 30.43it/s  
batch 142: size=500 time=5.68s
Predicting ━━━━━━━━━━━━━━━━━━━━━━━━━━━━━━━━━━━━━━━━ 8/8 0:00:00 • 0:00:00 29.66it/s  
Predicting ━━━━━━━━━━━━━━━━━━━━━━━━━━━━━━━━━━━━━━━━ 8/8 0:00:00 • 0:00:00 28.20it/s  
Predicting ━━━━━━━━━━━━━━━━━━━━━━━━━━━━━━━━━━━━━━━━ 8/8 0:00:00 • 0:00:00 29.14it/s  
Predicting ━━━━━━━━━━━━━━━━━━━━━━━━━━━━━━━━━━━━━━━━ 8/8 0:00:00 • 0:00:00 29.19it/s  
Predicting ━━━━━━━━━━━━━━━━━━━━━━━━━━━━━━━━━━━━━━━━ 8/8 0:00:00 • 0:00:00 30.70it/s  
Predicting ━━━━━━━━━━━━━━━━━━━━━━━━━━━━━━━━━━━━━━━━ 8/8 0:00:00 • 0:00:00 27.91it/s  
Predicting ━━━━━━━━━━━━━━━━━━━━━━━━━━━━━━━━━━━━━━━━ 8/8 0:00:00 • 0:00:00 29.96it/s  
Predicting ━━━━━━━━━━━━━━━━━━━━━━━━━━━━━━━━━━━━━━━━ 8/8 0:00:00 • 0:00:00 30.76it/s  
Predicting ━━━━━━━━━━━━━━━━━━━━━━━━━━━━━━━━━━━━━━━━ 8/8 0:00:00 • 0:00:00 30.19it/s  
Predicting ━━━━━━━━━━━━━━━━━━━━━━━━━━━━━━━━━━━━━━━━ 8/8 0:00:00 • 0:00:00 28.61it/s  
batch 143: size=500 time=5.43s
Predicting ━━━━━━━━━━━━━━━━━━━━━━━━━━━━━━━━━━━━━━━━ 8/8 0:00:00 • 0:00:00 29.67it/s  
Predicting ━━━━━━━━━━━━━━━━━━━━━━━━━━━━━━━━━━━━━━━━ 8/8 0:00:00 • 0:00:00 27.92it/s  
Predicting ━━━━━━━━━━━━━━━━━━━━━━━━━━━━━━━━━━━━━━━━ 8/8 0:00:00 • 0:00:00 30.57it/s  
Predicting ━━━━━━━━━━━━━━━━━━━━━━━━━━━━━━━━━━━━━━━━ 8/8 0:00:00 • 0:00:00 29.32it/s  
Predicting ━━━━━━━━━━━━━━━━━━━━━━━━━━━━━━━━━━━━━━━━ 8/8 0:00:00 • 0:00:00 31.07it/s  
Predicting ━━━━━━━━━━━━━━━━━━━━━━━━━━━━━━━━━━━━━━━━ 8/8 0:00:00 • 0:00:00 29.83it/s  
Predicting ━━━━━━━━━━━━━━━━━━━━━━━━━━━━━━━━━━━━━━━━ 8/8 0:00:00 • 0:00:00 29.91it/s  
Predicting ━━━━━━━━━━━━━━━━━━━━━━━━━━━━━━━━━━━━━━━━ 8/8 0:00:00 • 0:00:00 29.60it/s  
Predicting ━━━━━━━━━━━━━━━━━━━━━━━━━━━━━━━━━━━━━━━━ 8/8 0:00:00 • 0:00:00 30.00it/s  
Predicting ━━━━━━━━━━━━━━━━━━━━━━━━━━━━━━━━━━━━━━━━ 8/8 0:00:00 • 0:00:00 28.00it/s  
batch 144: size=500 time=5.46s
Predicting ━━━━━━━━━━━━━━━━━━━━━━━━━━━━━━━━━━━━━━━━ 8/8 0:00:00 • 0:00:00 29.11it/s  
Predicting ━━━━━━━━━━━━━━━━━━━━━━━━━━━━━━━━━━━━━━━━ 8/8 0:00:00 • 0:00:00 31.12it/s  
Predicting ━━━━━━━━━━━━━━━━━━━━━━━━━━━━━━━━━━━━━━━━ 8/8 0:00:00 • 0:00:00 31.31it/s  
Predicting ━━━━━━━━━━━━━━━━━━━━━━━━━━━━━━━━━━━━━━━━ 8/8 0:00:00 • 0:00:00 29.26it/s  
Predicting ━━━━━━━━━━━━━━━━━━━━━━━━━━━━━━━━━━━━━━━━ 8/8 0:00:00 • 0:00:00 30.42it/s  
Predicting ━━━━━━━━━━━━━━━━━━━━━━━━━━━━━━━━━━━━━━━━ 8/8 0:00:00 • 0:00:00 29.16it/s  
Predicting ━━━━━━━━━━━━━━━━━━━━━━━━━━━━━━━━━━━━━━━━ 8/8 0:00:00 • 0:00:00 28.41it/s  
Predicting ━━━━━━━━━━━━━━━━━━━━━━━━━━━━━━━━━━━━━━━━ 8/8 0:00:00 • 0:00:00 30.49it/s  
Predicting ━━━━━━━━━━━━━━━━━━━━━━━━━━━━━━━━━━━━━━━━ 8/8 0:00:00 • 0:00:00 30.16it/s  
Predicting ━━━━━━━━━━━━━━━━━━━━━━━━━━━━━━━━━━━━━━━━ 8/8 0:00:00 • 0:00:00 28.34it/s  
batch 145: size=500 time=5.47s
Predicting ━━━━━━━━━━━━━━━━━━━━━━━━━━━━━━━━━━━━━━━━ 8/8 0:00:00 • 0:00:00 28.70it/s  
Predicting ━━━━━━━━━━━━━━━━━━━━━━━━━━━━━━━━━━━━━━━━ 8/8 0:00:00 • 0:00:00 28.38it/s  
Predicting ━━━━━━━━━━━━━━━━━━━━━━━━━━━━━━━━━━━━━━━━ 8/8 0:00:00 • 0:00:00 29.78it/s  
Predicting ━━━━━━━━━━━━━━━━━━━━━━━━━━━━━━━━━━━━━━━━ 8/8 0:00:00 • 0:00:00 30.10it/s  
Predicting ━━━━━━━━━━━━━━━━━━━━━━━━━━━━━━━━━━━━━━━━ 8/8 0:00:00 • 0:00:00 29.55it/s  
Predicting ━━━━━━━━━━━━━━━━━━━━━━━━━━━━━━━━━━━━━━━━ 8/8 0:00:00 • 0:00:00 18.92it/s  
Predicting ━━━━━━━━━━━━━━━━━━━━━━━━━━━━━━━━━━━━━━━━ 8/8 0:00:00 • 0:00:00 19.07it/s  
Predicting ━━━━━━━━━━━━━━━━━━━━━━━━━━━━━━━━━━━━━━━━ 8/8 0:00:00 • 0:00:00 22.26it/s  
Predicting ━━━━━━━━━━━━━━━━━━━━━━━━━━━━━━━━━━━━━━━━ 8/8 0:00:00 • 0:00:00 26.74it/s  
Predicting ━━━━━━━━━━━━━━━━━━━━━━━━━━━━━━━━━━━━━━━━ 8/8 0:00:00 • 0:00:00 26.83it/s  
batch 146: size=500 time=5.98s
Predicting ━━━━━━━━━━━━━━━━━━━━━━━━━━━━━━━━━━━━━━━━ 8/8 0:00:00 • 0:00:00 26.02it/s  
Predicting ━━━━━━━━━━━━━━━━━━━━━━━━━━━━━━━━━━━━━━━━ 8/8 0:00:00 • 0:00:00 26.09it/s  
Predicting ━━━━━━━━━━━━━━━━━━━━━━━━━━━━━━━━━━━━━━━━ 8/8 0:00:00 • 0:00:00 26.63it/s  
Predicting ━━━━━━━━━━━━━━━━━━━━━━━━━━━━━━━━━━━━━━━━ 8/8 0:00:00 • 0:00:00 26.23it/s  
Predicting ━━━━━━━━━━━━━━━━━━━━━━━━━━━━━━━━━━━━━━━━ 8/8 0:00:00 • 0:00:00 27.13it/s  
Predicting ━━━━━━━━━━━━━━━━━━━━━━━━━━━━━━━━━━━━━━━━ 8/8 0:00:00 • 0:00:00 26.67it/s  
Predicting ━━━━━━━━━━━━━━━━━━━━━━━━━━━━━━━━━━━━━━━━ 8/8 0:00:00 • 0:00:00 26.34it/s  
Predicting ━━━━━━━━━━━━━━━━━━━━━━━━━━━━━━━━━━━━━━━━ 8/8 0:00:00 • 0:00:00 26.05it/s  
Predicting ━━━━━━━━━━━━━━━━━━━━━━━━━━━━━━━━━━━━━━━━ 8/8 0:00:00 • 0:00:00 27.16it/s  
Predicting ━━━━━━━━━━━━━━━━━━━━━━━━━━━━━━━━━━━━━━━━ 8/8 0:00:00 • 0:00:00 27.18it/s  
batch 147: size=500 time=5.73s
Predicting ━━━━━━━━━━━━━━━━━━━━━━━━━━━━━━━━━━━━━━━━ 8/8 0:00:00 • 0:00:00 26.81it/s  
Predicting ━━━━━━━━━━━━━━━━━━━━━━━━━━━━━━━━━━━━━━━━ 8/8 0:00:00 • 0:00:00 26.71it/s  
Predicting ━━━━━━━━━━━━━━━━━━━━━━━━━━━━━━━━━━━━━━━━ 8/8 0:00:00 • 0:00:00 27.24it/s  
Predicting ━━━━━━━━━━━━━━━━━━━━━━━━━━━━━━━━━━━━━━━━ 8/8 0:00:00 • 0:00:00 26.15it/s  
Predicting ━━━━━━━━━━━━━━━━━━━━━━━━━━━━━━━━━━━━━━━━ 8/8 0:00:00 • 0:00:00 26.99it/s  
Predicting ━━━━━━━━━━━━━━━━━━━━━━━━━━━━━━━━━━━━━━━━ 8/8 0:00:00 • 0:00:00 26.05it/s  
Predicting ━━━━━━━━━━━━━━━━━━━━━━━━━━━━━━━━━━━━━━━━ 8/8 0:00:00 • 0:00:00 27.60it/s  
Predicting ━━━━━━━━━━━━━━━━━━━━━━━━━━━━━━━━━━━━━━━━ 8/8 0:00:00 • 0:00:00 26.89it/s  
Predicting ━━━━━━━━━━━━━━━━━━━━━━━━━━━━━━━━━━━━━━━━ 8/8 0:00:00 • 0:00:00 26.65it/s  
Predicting ━━━━━━━━━━━━━━━━━━━━━━━━━━━━━━━━━━━━━━━━ 8/8 0:00:00 • 0:00:00 26.70it/s  
batch 148: size=500 time=5.72s
Predicting ━━━━━━━━━━━━━━━━━━━━━━━━━━━━━━━━━━━━━━━━ 8/8 0:00:00 • 0:00:00 25.56it/s  
Predicting ━━━━━━━━━━━━━━━━━━━━━━━━━━━━━━━━━━━━━━━━ 8/8 0:00:00 • 0:00:00 26.59it/s  
Predicting ━━━━━━━━━━━━━━━━━━━━━━━━━━━━━━━━━━━━━━━━ 8/8 0:00:00 • 0:00:00 27.19it/s  
Predicting ━━━━━━━━━━━━━━━━━━━━━━━━━━━━━━━━━━━━━━━━ 8/8 0:00:00 • 0:00:00 26.17it/s  
Predicting ━━━━━━━━━━━━━━━━━━━━━━━━━━━━━━━━━━━━━━━━ 8/8 0:00:00 • 0:00:00 26.76it/s  
Predicting ━━━━━━━━━━━━━━━━━━━━━━━━━━━━━━━━━━━━━━━━ 8/8 0:00:00 • 0:00:00 25.91it/s  
Predicting ━━━━━━━━━━━━━━━━━━━━━━━━━━━━━━━━━━━━━━━━ 8/8 0:00:00 • 0:00:00 26.32it/s  
Predicting ━━━━━━━━━━━━━━━━━━━━━━━━━━━━━━━━━━━━━━━━ 8/8 0:00:00 • 0:00:00 26.39it/s  
Predicting ━━━━━━━━━━━━━━━━━━━━━━━━━━━━━━━━━━━━━━━━ 8/8 0:00:00 • 0:00:00 27.28it/s  
Predicting ━━━━━━━━━━━━━━━━━━━━━━━━━━━━━━━━━━━━━━━━ 8/8 0:00:00 • 0:00:00 27.19it/s  
batch 149: size=500 time=5.74s
Predicting ━━━━━━━━━━━━━━━━━━━━━━━━━━━━━━━━━━━━━━━━ 8/8 0:00:00 • 0:00:00 26.09it/s  
Predicting ━━━━━━━━━━━━━━━━━━━━━━━━━━━━━━━━━━━━━━━━ 8/8 0:00:00 • 0:00:00 26.00it/s  
Predicting ━━━━━━━━━━━━━━━━━━━━━━━━━━━━━━━━━━━━━━━━ 8/8 0:00:00 • 0:00:00 22.88it/s  
Predicting ━━━━━━━━━━━━━━━━━━━━━━━━━━━━━━━━━━━━━━━━ 8/8 0:00:00 • 0:00:00 22.39it/s  
Predicting ━━━━━━━━━━━━━━━━━━━━━━━━━━━━━━━━━━━━━━━━ 8/8 0:00:00 • 0:00:00 28.31it/s  
Predicting ━━━━━━━━━━━━━━━━━━━━━━━━━━━━━━━━━━━━━━━━ 8/8 0:00:00 • 0:00:00 28.33it/s  
Predicting ━━━━━━━━━━━━━━━━━━━━━━━━━━━━━━━━━━━━━━━━ 8/8 0:00:00 • 0:00:00 28.61it/s  
Predicting ━━━━━━━━━━━━━━━━━━━━━━━━━━━━━━━━━━━━━━━━ 8/8 0:00:00 • 0:00:00 29.43it/s  
Predicting ━━━━━━━━━━━━━━━━━━━━━━━━━━━━━━━━━━━━━━━━ 8/8 0:00:00 • 0:00:00 29.37it/s  
Predicting ━━━━━━━━━━━━━━━━━━━━━━━━━━━━━━━━━━━━━━━━ 8/8 0:00:00 • 0:00:00 30.20it/s  
batch 150: size=500 time=5.64s
Predicting ━━━━━━━━━━━━━━━━━━━━━━━━━━━━━━━━━━━━━━━━ 8/8 0:00:00 • 0:00:00 29.90it/s  
Predicting ━━━━━━━━━━━━━━━━━━━━━━━━━━━━━━━━━━━━━━━━ 8/8 0:00:00 • 0:00:00 29.76it/s  
Predicting ━━━━━━━━━━━━━━━━━━━━━━━━━━━━━━━━━━━━━━━━ 8/8 0:00:00 • 0:00:00 27.97it/s  
Predicting ━━━━━━━━━━━━━━━━━━━━━━━━━━━━━━━━━━━━━━━━ 8/8 0:00:00 • 0:00:00 30.25it/s  
Predicting ━━━━━━━━━━━━━━━━━━━━━━━━━━━━━━━━━━━━━━━━ 8/8 0:00:00 • 0:00:00 30.00it/s  
Predicting ━━━━━━━━━━━━━━━━━━━━━━━━━━━━━━━━━━━━━━━━ 8/8 0:00:00 • 0:00:00 27.60it/s  
Predicting ━━━━━━━━━━━━━━━━━━━━━━━━━━━━━━━━━━━━━━━━ 8/8 0:00:00 • 0:00:00 30.09it/s  
Predicting ━━━━━━━━━━━━━━━━━━━━━━━━━━━━━━━━━━━━━━━━ 8/8 0:00:00 • 0:00:00 30.37it/s  
Predicting ━━━━━━━━━━━━━━━━━━━━━━━━━━━━━━━━━━━━━━━━ 8/8 0:00:00 • 0:00:00 29.15it/s  
Predicting ━━━━━━━━━━━━━━━━━━━━━━━━━━━━━━━━━━━━━━━━ 8/8 0:00:00 • 0:00:00 29.68it/s  
batch 151: size=500 time=5.44s
Predicting ━━━━━━━━━━━━━━━━━━━━━━━━━━━━━━━━━━━━━━━━ 8/8 0:00:00 • 0:00:00 27.28it/s  
Predicting ━━━━━━━━━━━━━━━━━━━━━━━━━━━━━━━━━━━━━━━━ 8/8 0:00:00 • 0:00:00 29.02it/s  
Predicting ━━━━━━━━━━━━━━━━━━━━━━━━━━━━━━━━━━━━━━━━ 8/8 0:00:00 • 0:00:00 29.82it/s  
Predicting ━━━━━━━━━━━━━━━━━━━━━━━━━━━━━━━━━━━━━━━━ 8/8 0:00:00 • 0:00:00 30.13it/s  
Predicting ━━━━━━━━━━━━━━━━━━━━━━━━━━━━━━━━━━━━━━━━ 8/8 0:00:00 • 0:00:00 28.41it/s  
Predicting ━━━━━━━━━━━━━━━━━━━━━━━━━━━━━━━━━━━━━━━━ 8/8 0:00:00 • 0:00:00 21.53it/s  
Predicting ━━━━━━━━━━━━━━━━━━━━━━━━━━━━━━━━━━━━━━━━ 8/8 0:00:00 • 0:00:00 26.30it/s  
Predicting ━━━━━━━━━━━━━━━━━━━━━━━━━━━━━━━━━━━━━━━━ 8/8 0:00:00 • 0:00:00 25.82it/s  
Predicting ━━━━━━━━━━━━━━━━━━━━━━━━━━━━━━━━━━━━━━━━ 8/8 0:00:00 • 0:00:00 26.17it/s  
Predicting ━━━━━━━━━━━━━━━━━━━━━━━━━━━━━━━━━━━━━━━━ 8/8 0:00:00 • 0:00:00 26.51it/s  
batch 152: size=500 time=5.73s
Predicting ━━━━━━━━━━━━━━━━━━━━━━━━━━━━━━━━━━━━━━━━ 8/8 0:00:00 • 0:00:00 25.76it/s  
Predicting ━━━━━━━━━━━━━━━━━━━━━━━━━━━━━━━━━━━━━━━━ 8/8 0:00:00 • 0:00:00 25.97it/s  
Predicting ━━━━━━━━━━━━━━━━━━━━━━━━━━━━━━━━━━━━━━━━ 8/8 0:00:00 • 0:00:00 26.50it/s  
Predicting ━━━━━━━━━━━━━━━━━━━━━━━━━━━━━━━━━━━━━━━━ 8/8 0:00:00 • 0:00:00 26.55it/s  
Predicting ━━━━━━━━━━━━━━━━━━━━━━━━━━━━━━━━━━━━━━━━ 8/8 0:00:00 • 0:00:00 26.82it/s  
Predicting ━━━━━━━━━━━━━━━━━━━━━━━━━━━━━━━━━━━━━━━━ 8/8 0:00:00 • 0:00:00 26.79it/s  
Predicting ━━━━━━━━━━━━━━━━━━━━━━━━━━━━━━━━━━━━━━━━ 8/8 0:00:00 • 0:00:00 26.79it/s  
Predicting ━━━━━━━━━━━━━━━━━━━━━━━━━━━━━━━━━━━━━━━━ 8/8 0:00:00 • 0:00:00 26.87it/s  
Predicting ━━━━━━━━━━━━━━━━━━━━━━━━━━━━━━━━━━━━━━━━ 8/8 0:00:00 • 0:00:00 26.36it/s  
Predicting ━━━━━━━━━━━━━━━━━━━━━━━━━━━━━━━━━━━━━━━━ 8/8 0:00:00 • 0:00:00 26.33it/s  
batch 153: size=500 time=5.79s
Predicting ━━━━━━━━━━━━━━━━━━━━━━━━━━━━━━━━━━━━━━━━ 8/8 0:00:00 • 0:00:00 26.87it/s  
Predicting ━━━━━━━━━━━━━━━━━━━━━━━━━━━━━━━━━━━━━━━━ 8/8 0:00:00 • 0:00:00 26.81it/s  
Predicting ━━━━━━━━━━━━━━━━━━━━━━━━━━━━━━━━━━━━━━━━ 8/8 0:00:00 • 0:00:00 26.87it/s  
Predicting ━━━━━━━━━━━━━━━━━━━━━━━━━━━━━━━━━━━━━━━━ 8/8 0:00:00 • 0:00:00 27.17it/s  
Predicting ━━━━━━━━━━━━━━━━━━━━━━━━━━━━━━━━━━━━━━━━ 8/8 0:00:00 • 0:00:00 26.86it/s  
Predicting ━━━━━━━━━━━━━━━━━━━━━━━━━━━━━━━━━━━━━━━━ 8/8 0:00:00 • 0:00:00 26.11it/s  
Predicting ━━━━━━━━━━━━━━━━━━━━━━━━━━━━━━━━━━━━━━━━ 8/8 0:00:00 • 0:00:00 26.36it/s  
Predicting ━━━━━━━━━━━━━━━━━━━━━━━━━━━━━━━━━━━━━━━━ 8/8 0:00:00 • 0:00:00 27.47it/s  
Predicting ━━━━━━━━━━━━━━━━━━━━━━━━━━━━━━━━━━━━━━━━ 8/8 0:00:00 • 0:00:00 27.06it/s  
Predicting ━━━━━━━━━━━━━━━━━━━━━━━━━━━━━━━━━━━━━━━━ 8/8 0:00:00 • 0:00:00 27.89it/s  
batch 154: size=500 time=5.71s
Predicting ━━━━━━━━━━━━━━━━━━━━━━━━━━━━━━━━━━━━━━━━ 8/8 0:00:00 • 0:00:00 26.36it/s  
Predicting ━━━━━━━━━━━━━━━━━━━━━━━━━━━━━━━━━━━━━━━━ 8/8 0:00:00 • 0:00:00 25.83it/s  
Predicting ━━━━━━━━━━━━━━━━━━━━━━━━━━━━━━━━━━━━━━━━ 8/8 0:00:00 • 0:00:00 25.83it/s  
Predicting ━━━━━━━━━━━━━━━━━━━━━━━━━━━━━━━━━━━━━━━━ 8/8 0:00:00 • 0:00:00 26.36it/s  
Predicting ━━━━━━━━━━━━━━━━━━━━━━━━━━━━━━━━━━━━━━━━ 8/8 0:00:00 • 0:00:00 21.36it/s  
Predicting ━━━━━━━━━━━━━━━━━━━━━━━━━━━━━━━━━━━━━━━━ 8/8 0:00:00 • 0:00:00 24.34it/s  
Predicting ━━━━━━━━━━━━━━━━━━━━━━━━━━━━━━━━━━━━━━━━ 8/8 0:00:00 • 0:00:00 25.00it/s  
Predicting ━━━━━━━━━━━━━━━━━━━━━━━━━━━━━━━━━━━━━━━━ 8/8 0:00:00 • 0:00:00 29.67it/s  
Predicting ━━━━━━━━━━━━━━━━━━━━━━━━━━━━━━━━━━━━━━━━ 8/8 0:00:00 • 0:00:00 28.94it/s  
Predicting ━━━━━━━━━━━━━━━━━━━━━━━━━━━━━━━━━━━━━━━━ 8/8 0:00:00 • 0:00:00 29.18it/s  
batch 155: size=500 time=5.78s
Predicting ━━━━━━━━━━━━━━━━━━━━━━━━━━━━━━━━━━━━━━━━ 8/8 0:00:00 • 0:00:00 25.50it/s  
Predicting ━━━━━━━━━━━━━━━━━━━━━━━━━━━━━━━━━━━━━━━━ 8/8 0:00:00 • 0:00:00 26.08it/s  
Predicting ━━━━━━━━━━━━━━━━━━━━━━━━━━━━━━━━━━━━━━━━ 8/8 0:00:00 • 0:00:00 27.17it/s  
Predicting ━━━━━━━━━━━━━━━━━━━━━━━━━━━━━━━━━━━━━━━━ 8/8 0:00:00 • 0:00:00 26.30it/s  
Predicting ━━━━━━━━━━━━━━━━━━━━━━━━━━━━━━━━━━━━━━━━ 8/8 0:00:00 • 0:00:00 26.16it/s  
Predicting ━━━━━━━━━━━━━━━━━━━━━━━━━━━━━━━━━━━━━━━━ 8/8 0:00:00 • 0:00:00 26.05it/s  
Predicting ━━━━━━━━━━━━━━━━━━━━━━━━━━━━━━━━━━━━━━━━ 8/8 0:00:00 • 0:00:00 25.96it/s  
Predicting ━━━━━━━━━━━━━━━━━━━━━━━━━━━━━━━━━━━━━━━━ 8/8 0:00:00 • 0:00:00 26.17it/s  
Predicting ━━━━━━━━━━━━━━━━━━━━━━━━━━━━━━━━━━━━━━━━ 8/8 0:00:00 • 0:00:00 26.17it/s  
Predicting ━━━━━━━━━━━━━━━━━━━━━━━━━━━━━━━━━━━━━━━━ 8/8 0:00:00 • 0:00:00 26.34it/s  
batch 156: size=500 time=5.81s
Predicting ━━━━━━━━━━━━━━━━━━━━━━━━━━━━━━━━━━━━━━━━ 8/8 0:00:00 • 0:00:00 26.50it/s  
Predicting ━━━━━━━━━━━━━━━━━━━━━━━━━━━━━━━━━━━━━━━━ 8/8 0:00:00 • 0:00:00 27.01it/s  
Predicting ━━━━━━━━━━━━━━━━━━━━━━━━━━━━━━━━━━━━━━━━ 8/8 0:00:00 • 0:00:00 26.99it/s  
Predicting ━━━━━━━━━━━━━━━━━━━━━━━━━━━━━━━━━━━━━━━━ 8/8 0:00:00 • 0:00:00 26.38it/s  
Predicting ━━━━━━━━━━━━━━━━━━━━━━━━━━━━━━━━━━━━━━━━ 8/8 0:00:00 • 0:00:00 27.08it/s  
Predicting ━━━━━━━━━━━━━━━━━━━━━━━━━━━━━━━━━━━━━━━━ 8/8 0:00:00 • 0:00:00 26.03it/s  
Predicting ━━━━━━━━━━━━━━━━━━━━━━━━━━━━━━━━━━━━━━━━ 8/8 0:00:00 • 0:00:00 27.05it/s  
Predicting ━━━━━━━━━━━━━━━━━━━━━━━━━━━━━━━━━━━━━━━━ 8/8 0:00:00 • 0:00:00 26.45it/s  
Predicting ━━━━━━━━━━━━━━━━━━━━━━━━━━━━━━━━━━━━━━━━ 8/8 0:00:00 • 0:00:00 26.42it/s  
Predicting ━━━━━━━━━━━━━━━━━━━━━━━━━━━━━━━━━━━━━━━━ 8/8 0:00:00 • 0:00:00 26.64it/s  
batch 157: size=500 time=5.77s
Predicting ━━━━━━━━━━━━━━━━━━━━━━━━━━━━━━━━━━━━━━━━ 8/8 0:00:00 • 0:00:00 19.32it/s  
Predicting ━━━━━━━━━━━━━━━━━━━━━━━━━━━━━━━━━━━━━━━━ 8/8 0:00:00 • 0:00:00 19.29it/s  
Predicting ━━━━━━━━━━━━━━━━━━━━━━━━━━━━━━━━━━━━━━━━ 8/8 0:00:00 • 0:00:00 26.33it/s  
Predicting ━━━━━━━━━━━━━━━━━━━━━━━━━━━━━━━━━━━━━━━━ 8/8 0:00:00 • 0:00:00 30.07it/s  
Predicting ━━━━━━━━━━━━━━━━━━━━━━━━━━━━━━━━━━━━━━━━ 8/8 0:00:00 • 0:00:00 29.89it/s  
Predicting ━━━━━━━━━━━━━━━━━━━━━━━━━━━━━━━━━━━━━━━━ 8/8 0:00:00 • 0:00:00 29.93it/s  
Predicting ━━━━━━━━━━━━━━━━━━━━━━━━━━━━━━━━━━━━━━━━ 8/8 0:00:00 • 0:00:00 29.32it/s  
Predicting ━━━━━━━━━━━━━━━━━━━━━━━━━━━━━━━━━━━━━━━━ 8/8 0:00:00 • 0:00:00 28.93it/s  
Predicting ━━━━━━━━━━━━━━━━━━━━━━━━━━━━━━━━━━━━━━━━ 8/8 0:00:00 • 0:00:00 29.75it/s  
Predicting ━━━━━━━━━━━━━━━━━━━━━━━━━━━━━━━━━━━━━━━━ 8/8 0:00:00 • 0:00:00 29.99it/s  
batch 158: size=500 time=5.75s
Predicting ━━━━━━━━━━━━━━━━━━━━━━━━━━━━━━━━━━━━━━━━ 8/8 0:00:00 • 0:00:00 28.95it/s  
Predicting ━━━━━━━━━━━━━━━━━━━━━━━━━━━━━━━━━━━━━━━━ 8/8 0:00:00 • 0:00:00 29.79it/s  
Predicting ━━━━━━━━━━━━━━━━━━━━━━━━━━━━━━━━━━━━━━━━ 8/8 0:00:00 • 0:00:00 30.60it/s  
Predicting ━━━━━━━━━━━━━━━━━━━━━━━━━━━━━━━━━━━━━━━━ 8/8 0:00:00 • 0:00:00 29.17it/s  
Predicting ━━━━━━━━━━━━━━━━━━━━━━━━━━━━━━━━━━━━━━━━ 8/8 0:00:00 • 0:00:00 30.49it/s  
Predicting ━━━━━━━━━━━━━━━━━━━━━━━━━━━━━━━━━━━━━━━━ 8/8 0:00:00 • 0:00:00 29.95it/s  
Predicting ━━━━━━━━━━━━━━━━━━━━━━━━━━━━━━━━━━━━━━━━ 8/8 0:00:00 • 0:00:00 29.24it/s  
Predicting ━━━━━━━━━━━━━━━━━━━━━━━━━━━━━━━━━━━━━━━━ 8/8 0:00:00 • 0:00:00 30.71it/s  
Predicting ━━━━━━━━━━━━━━━━━━━━━━━━━━━━━━━━━━━━━━━━ 8/8 0:00:00 • 0:00:00 30.84it/s  
Predicting ━━━━━━━━━━━━━━━━━━━━━━━━━━━━━━━━━━━━━━━━ 8/8 0:00:00 • 0:00:00 28.32it/s  
batch 159: size=500 time=5.44s
Predicting ━━━━━━━━━━━━━━━━━━━━━━━━━━━━━━━━━━━━━━━━ 8/8 0:00:00 • 0:00:00 28.62it/s  
Predicting ━━━━━━━━━━━━━━━━━━━━━━━━━━━━━━━━━━━━━━━━ 8/8 0:00:00 • 0:00:00 29.20it/s  
Predicting ━━━━━━━━━━━━━━━━━━━━━━━━━━━━━━━━━━━━━━━━ 8/8 0:00:00 • 0:00:00 28.41it/s  
Predicting ━━━━━━━━━━━━━━━━━━━━━━━━━━━━━━━━━━━━━━━━ 8/8 0:00:00 • 0:00:00 30.02it/s  
Predicting ━━━━━━━━━━━━━━━━━━━━━━━━━━━━━━━━━━━━━━━━ 8/8 0:00:00 • 0:00:00 29.64it/s  
Predicting ━━━━━━━━━━━━━━━━━━━━━━━━━━━━━━━━━━━━━━━━ 8/8 0:00:00 • 0:00:00 28.84it/s  
Predicting ━━━━━━━━━━━━━━━━━━━━━━━━━━━━━━━━━━━━━━━━ 8/8 0:00:00 • 0:00:00 29.95it/s  
Predicting ━━━━━━━━━━━━━━━━━━━━━━━━━━━━━━━━━━━━━━━━ 8/8 0:00:00 • 0:00:00 29.96it/s  
Predicting ━━━━━━━━━━━━━━━━━━━━━━━━━━━━━━━━━━━━━━━━ 8/8 0:00:00 • 0:00:00 28.21it/s  
Predicting ━━━━━━━━━━━━━━━━━━━━━━━━━━━━━━━━━━━━━━━━ 8/8 0:00:00 • 0:00:00 29.99it/s  
batch 160: size=500 time=5.46s
Predicting ━━━━━━━━━━━━━━━━━━━━━━━━━━━━━━━━━━━━━━━━ 8/8 0:00:00 • 0:00:00 28.06it/s  
Predicting ━━━━━━━━━━━━━━━━━━━━━━━━━━━━━━━━━━━━━━━━ 8/8 0:00:00 • 0:00:00 30.66it/s  
Predicting ━━━━━━━━━━━━━━━━━━━━━━━━━━━━━━━━━━━━━━━━ 8/8 0:00:00 • 0:00:00 29.43it/s  
Predicting ━━━━━━━━━━━━━━━━━━━━━━━━━━━━━━━━━━━━━━━━ 8/8 0:00:00 • 0:00:00 28.93it/s  
Predicting ━━━━━━━━━━━━━━━━━━━━━━━━━━━━━━━━━━━━━━━━ 8/8 0:00:00 • 0:00:00 28.83it/s  
Predicting ━━━━━━━━━━━━━━━━━━━━━━━━━━━━━━━━━━━━━━━━ 8/8 0:00:00 • 0:00:00 29.06it/s  
Predicting ━━━━━━━━━━━━━━━━━━━━━━━━━━━━━━━━━━━━━━━━ 8/8 0:00:00 • 0:00:00 29.12it/s  
Predicting ━━━━━━━━━━━━━━━━━━━━━━━━━━━━━━━━━━━━━━━━ 8/8 0:00:00 • 0:00:00 29.74it/s  
Predicting ━━━━━━━━━━━━━━━━━━━━━━━━━━━━━━━━━━━━━━━━ 8/8 0:00:00 • 0:00:00 30.10it/s  
Predicting ━━━━━━━━━━━━━━━━━━━━━━━━━━━━━━━━━━━━━━━━ 8/8 0:00:00 • 0:00:00 31.07it/s  
batch 161: size=500 time=5.42s
Predicting ━━━━━━━━━━━━━━━━━━━━━━━━━━━━━━━━━━━━━━━━ 8/8 0:00:00 • 0:00:00 29.55it/s  
Predicting ━━━━━━━━━━━━━━━━━━━━━━━━━━━━━━━━━━━━━━━━ 8/8 0:00:00 • 0:00:00 30.57it/s  
Predicting ━━━━━━━━━━━━━━━━━━━━━━━━━━━━━━━━━━━━━━━━ 8/8 0:00:00 • 0:00:00 27.39it/s  
Predicting ━━━━━━━━━━━━━━━━━━━━━━━━━━━━━━━━━━━━━━━━ 8/8 0:00:00 • 0:00:00 29.35it/s  
Predicting ━━━━━━━━━━━━━━━━━━━━━━━━━━━━━━━━━━━━━━━━ 8/8 0:00:00 • 0:00:00 29.12it/s  
Predicting ━━━━━━━━━━━━━━━━━━━━━━━━━━━━━━━━━━━━━━━━ 8/8 0:00:00 • 0:00:00 27.43it/s  
Predicting ━━━━━━━━━━━━━━━━━━━━━━━━━━━━━━━━━━━━━━━━ 8/8 0:00:00 • 0:00:00 29.58it/s  
Predicting ━━━━━━━━━━━━━━━━━━━━━━━━━━━━━━━━━━━━━━━━ 8/8 0:00:00 • 0:00:00 29.89it/s  
Predicting ━━━━━━━━━━━━━━━━━━━━━━━━━━━━━━━━━━━━━━━━ 8/8 0:00:00 • 0:00:00 28.28it/s  
Predicting ━━━━━━━━━━━━━━━━━━━━━━━━━━━━━━━━━━━━━━━━ 8/8 0:00:00 • 0:00:00 29.58it/s  
batch 162: size=500 time=5.47s
Predicting ━━━━━━━━━━━━━━━━━━━━━━━━━━━━━━━━━━━━━━━━ 8/8 0:00:00 • 0:00:00 28.67it/s  
Predicting ━━━━━━━━━━━━━━━━━━━━━━━━━━━━━━━━━━━━━━━━ 8/8 0:00:00 • 0:00:00 28.40it/s  
Predicting ━━━━━━━━━━━━━━━━━━━━━━━━━━━━━━━━━━━━━━━━ 8/8 0:00:00 • 0:00:00 29.58it/s  
Predicting ━━━━━━━━━━━━━━━━━━━━━━━━━━━━━━━━━━━━━━━━ 8/8 0:00:00 • 0:00:00 30.42it/s  
Predicting ━━━━━━━━━━━━━━━━━━━━━━━━━━━━━━━━━━━━━━━━ 8/8 0:00:00 • 0:00:00 29.21it/s  
Predicting ━━━━━━━━━━━━━━━━━━━━━━━━━━━━━━━━━━━━━━━━ 8/8 0:00:00 • 0:00:00 30.04it/s  
Predicting ━━━━━━━━━━━━━━━━━━━━━━━━━━━━━━━━━━━━━━━━ 8/8 0:00:00 • 0:00:00 30.10it/s  
Predicting ━━━━━━━━━━━━━━━━━━━━━━━━━━━━━━━━━━━━━━━━ 8/8 0:00:00 • 0:00:00 29.55it/s  
Predicting ━━━━━━━━━━━━━━━━━━━━━━━━━━━━━━━━━━━━━━━━ 8/8 0:00:00 • 0:00:00 30.29it/s  
Predicting ━━━━━━━━━━━━━━━━━━━━━━━━━━━━━━━━━━━━━━━━ 8/8 0:00:00 • 0:00:00 30.00it/s  
batch 163: size=500 time=5.47s
Predicting ━━━━━━━━━━━━━━━━━━━━━━━━━━━━━━━━━━━━━━━━ 8/8 0:00:00 • 0:00:00 29.61it/s  
Predicting ━━━━━━━━━━━━━━━━━━━━━━━━━━━━━━━━━━━━━━━━ 8/8 0:00:00 • 0:00:00 30.09it/s  
Predicting ━━━━━━━━━━━━━━━━━━━━━━━━━━━━━━━━━━━━━━━━ 8/8 0:00:00 • 0:00:00 29.37it/s  
Predicting ━━━━━━━━━━━━━━━━━━━━━━━━━━━━━━━━━━━━━━━━ 8/8 0:00:00 • 0:00:00 29.43it/s  
Predicting ━━━━━━━━━━━━━━━━━━━━━━━━━━━━━━━━━━━━━━━━ 8/8 0:00:00 • 0:00:00 30.13it/s  
Predicting ━━━━━━━━━━━━━━━━━━━━━━━━━━━━━━━━━━━━━━━━ 8/8 0:00:00 • 0:00:00 29.47it/s  
Predicting ━━━━━━━━━━━━━━━━━━━━━━━━━━━━━━━━━━━━━━━━ 8/8 0:00:00 • 0:00:00 30.48it/s  
Predicting ━━━━━━━━━━━━━━━━━━━━━━━━━━━━━━━━━━━━━━━━ 8/8 0:00:00 • 0:00:00 29.18it/s  
Predicting ━━━━━━━━━━━━━━━━━━━━━━━━━━━━━━━━━━━━━━━━ 8/8 0:00:00 • 0:00:00 29.98it/s  
Predicting ━━━━━━━━━━━━━━━━━━━━━━━━━━━━━━━━━━━━━━━━ 8/8 0:00:00 • 0:00:00 29.31it/s  
batch 164: size=500 time=5.41s
Predicting ━━━━━━━━━━━━━━━━━━━━━━━━━━━━━━━━━━━━━━━━ 8/8 0:00:00 • 0:00:00 28.46it/s  
Predicting ━━━━━━━━━━━━━━━━━━━━━━━━━━━━━━━━━━━━━━━━ 8/8 0:00:00 • 0:00:00 29.21it/s  
Predicting ━━━━━━━━━━━━━━━━━━━━━━━━━━━━━━━━━━━━━━━━ 8/8 0:00:00 • 0:00:00 31.10it/s  
Predicting ━━━━━━━━━━━━━━━━━━━━━━━━━━━━━━━━━━━━━━━━ 8/8 0:00:00 • 0:00:00 29.23it/s  
Predicting ━━━━━━━━━━━━━━━━━━━━━━━━━━━━━━━━━━━━━━━━ 8/8 0:00:00 • 0:00:00 20.64it/s  
Predicting ━━━━━━━━━━━━━━━━━━━━━━━━━━━━━━━━━━━━━━━━ 8/8 0:00:00 • 0:00:00 26.16it/s  
Predicting ━━━━━━━━━━━━━━━━━━━━━━━━━━━━━━━━━━━━━━━━ 8/8 0:00:00 • 0:00:00 26.64it/s  
Predicting ━━━━━━━━━━━━━━━━━━━━━━━━━━━━━━━━━━━━━━━━ 8/8 0:00:00 • 0:00:00 26.42it/s  
Predicting ━━━━━━━━━━━━━━━━━━━━━━━━━━━━━━━━━━━━━━━━ 8/8 0:00:00 • 0:00:00 26.67it/s  
Predicting ━━━━━━━━━━━━━━━━━━━━━━━━━━━━━━━━━━━━━━━━ 8/8 0:00:00 • 0:00:00 27.40it/s  
batch 165: size=500 time=5.72s
Predicting ━━━━━━━━━━━━━━━━━━━━━━━━━━━━━━━━━━━━━━━━ 8/8 0:00:00 • 0:00:00 25.64it/s  
Predicting ━━━━━━━━━━━━━━━━━━━━━━━━━━━━━━━━━━━━━━━━ 8/8 0:00:00 • 0:00:00 26.53it/s  
Predicting ━━━━━━━━━━━━━━━━━━━━━━━━━━━━━━━━━━━━━━━━ 8/8 0:00:00 • 0:00:00 24.47it/s  
Predicting ━━━━━━━━━━━━━━━━━━━━━━━━━━━━━━━━━━━━━━━━ 8/8 0:00:00 • 0:00:00 29.03it/s  
Predicting ━━━━━━━━━━━━━━━━━━━━━━━━━━━━━━━━━━━━━━━━ 8/8 0:00:00 • 0:00:00 30.66it/s  
Predicting ━━━━━━━━━━━━━━━━━━━━━━━━━━━━━━━━━━━━━━━━ 8/8 0:00:00 • 0:00:00 29.35it/s  
Predicting ━━━━━━━━━━━━━━━━━━━━━━━━━━━━━━━━━━━━━━━━ 8/8 0:00:00 • 0:00:00 31.21it/s  
Predicting ━━━━━━━━━━━━━━━━━━━━━━━━━━━━━━━━━━━━━━━━ 8/8 0:00:00 • 0:00:00 30.24it/s  
Predicting ━━━━━━━━━━━━━━━━━━━━━━━━━━━━━━━━━━━━━━━━ 8/8 0:00:00 • 0:00:00 30.25it/s  
Predicting ━━━━━━━━━━━━━━━━━━━━━━━━━━━━━━━━━━━━━━━━ 8/8 0:00:00 • 0:00:00 29.99it/s  
batch 166: size=500 time=5.53s
Predicting ━━━━━━━━━━━━━━━━━━━━━━━━━━━━━━━━━━━━━━━━ 8/8 0:00:00 • 0:00:00 28.04it/s  
Predicting ━━━━━━━━━━━━━━━━━━━━━━━━━━━━━━━━━━━━━━━━ 8/8 0:00:00 • 0:00:00 31.10it/s  
Predicting ━━━━━━━━━━━━━━━━━━━━━━━━━━━━━━━━━━━━━━━━ 8/8 0:00:00 • 0:00:00 30.34it/s  
Predicting ━━━━━━━━━━━━━━━━━━━━━━━━━━━━━━━━━━━━━━━━ 8/8 0:00:00 • 0:00:00 29.68it/s  
Predicting ━━━━━━━━━━━━━━━━━━━━━━━━━━━━━━━━━━━━━━━━ 8/8 0:00:00 • 0:00:00 28.98it/s  
Predicting ━━━━━━━━━━━━━━━━━━━━━━━━━━━━━━━━━━━━━━━━ 8/8 0:00:00 • 0:00:00 28.88it/s  
Predicting ━━━━━━━━━━━━━━━━━━━━━━━━━━━━━━━━━━━━━━━━ 8/8 0:00:00 • 0:00:00 29.07it/s  
Predicting ━━━━━━━━━━━━━━━━━━━━━━━━━━━━━━━━━━━━━━━━ 8/8 0:00:00 • 0:00:00 30.82it/s  
Predicting ━━━━━━━━━━━━━━━━━━━━━━━━━━━━━━━━━━━━━━━━ 8/8 0:00:00 • 0:00:00 30.13it/s  
Predicting ━━━━━━━━━━━━━━━━━━━━━━━━━━━━━━━━━━━━━━━━ 8/8 0:00:00 • 0:00:00 29.28it/s  
batch 167: size=500 time=5.48s
Predicting ━━━━━━━━━━━━━━━━━━━━━━━━━━━━━━━━━━━━━━━━ 8/8 0:00:00 • 0:00:00 27.74it/s  
Predicting ━━━━━━━━━━━━━━━━━━━━━━━━━━━━━━━━━━━━━━━━ 8/8 0:00:00 • 0:00:00 29.72it/s  
Predicting ━━━━━━━━━━━━━━━━━━━━━━━━━━━━━━━━━━━━━━━━ 8/8 0:00:00 • 0:00:00 29.55it/s  
Predicting ━━━━━━━━━━━━━━━━━━━━━━━━━━━━━━━━━━━━━━━━ 8/8 0:00:00 • 0:00:00 30.59it/s  
Predicting ━━━━━━━━━━━━━━━━━━━━━━━━━━━━━━━━━━━━━━━━ 8/8 0:00:00 • 0:00:00 30.51it/s  
Predicting ━━━━━━━━━━━━━━━━━━━━━━━━━━━━━━━━━━━━━━━━ 8/8 0:00:00 • 0:00:00 29.10it/s  
Predicting ━━━━━━━━━━━━━━━━━━━━━━━━━━━━━━━━━━━━━━━━ 8/8 0:00:00 • 0:00:00 30.95it/s  
Predicting ━━━━━━━━━━━━━━━━━━━━━━━━━━━━━━━━━━━━━━━━ 8/8 0:00:00 • 0:00:00 31.15it/s  
Predicting ━━━━━━━━━━━━━━━━━━━━━━━━━━━━━━━━━━━━━━━━ 8/8 0:00:00 • 0:00:00 28.09it/s  
Predicting ━━━━━━━━━━━━━━━━━━━━━━━━━━━━━━━━━━━━━━━━ 8/8 0:00:00 • 0:00:00 30.67it/s  
batch 168: size=500 time=5.41s
Predicting ━━━━━━━━━━━━━━━━━━━━━━━━━━━━━━━━━━━━━━━━ 8/8 0:00:00 • 0:00:00 27.86it/s  
Predicting ━━━━━━━━━━━━━━━━━━━━━━━━━━━━━━━━━━━━━━━━ 8/8 0:00:00 • 0:00:00 30.51it/s  
Predicting ━━━━━━━━━━━━━━━━━━━━━━━━━━━━━━━━━━━━━━━━ 8/8 0:00:00 • 0:00:00 30.68it/s  
Predicting ━━━━━━━━━━━━━━━━━━━━━━━━━━━━━━━━━━━━━━━━ 8/8 0:00:00 • 0:00:00 31.13it/s  
Predicting ━━━━━━━━━━━━━━━━━━━━━━━━━━━━━━━━━━━━━━━━ 8/8 0:00:00 • 0:00:00 28.89it/s  
Predicting ━━━━━━━━━━━━━━━━━━━━━━━━━━━━━━━━━━━━━━━━ 8/8 0:00:00 • 0:00:00 29.25it/s  
Predicting ━━━━━━━━━━━━━━━━━━━━━━━━━━━━━━━━━━━━━━━━ 8/8 0:00:00 • 0:00:00 30.03it/s  
Predicting ━━━━━━━━━━━━━━━━━━━━━━━━━━━━━━━━━━━━━━━━ 8/8 0:00:00 • 0:00:00 29.36it/s  
Predicting ━━━━━━━━━━━━━━━━━━━━━━━━━━━━━━━━━━━━━━━━ 8/8 0:00:00 • 0:00:00 30.84it/s  
Predicting ━━━━━━━━━━━━━━━━━━━━━━━━━━━━━━━━━━━━━━━━ 8/8 0:00:00 • 0:00:00 30.58it/s  
batch 169: size=500 time=5.44s
Predicting ━━━━━━━━━━━━━━━━━━━━━━━━━━━━━━━━━━━━━━━━ 8/8 0:00:00 • 0:00:00 19.23it/s  
Predicting ━━━━━━━━━━━━━━━━━━━━━━━━━━━━━━━━━━━━━━━━ 8/8 0:00:00 • 0:00:00 22.03it/s  
Predicting ━━━━━━━━━━━━━━━━━━━━━━━━━━━━━━━━━━━━━━━━ 8/8 0:00:00 • 0:00:00 26.61it/s  
Predicting ━━━━━━━━━━━━━━━━━━━━━━━━━━━━━━━━━━━━━━━━ 8/8 0:00:00 • 0:00:00 26.27it/s  
Predicting ━━━━━━━━━━━━━━━━━━━━━━━━━━━━━━━━━━━━━━━━ 8/8 0:00:00 • 0:00:00 26.82it/s  
Predicting ━━━━━━━━━━━━━━━━━━━━━━━━━━━━━━━━━━━━━━━━ 8/8 0:00:00 • 0:00:00 27.94it/s  
Predicting ━━━━━━━━━━━━━━━━━━━━━━━━━━━━━━━━━━━━━━━━ 8/8 0:00:00 • 0:00:00 26.70it/s  
Predicting ━━━━━━━━━━━━━━━━━━━━━━━━━━━━━━━━━━━━━━━━ 8/8 0:00:00 • 0:00:00 25.92it/s  
Predicting ━━━━━━━━━━━━━━━━━━━━━━━━━━━━━━━━━━━━━━━━ 8/8 0:00:00 • 0:00:00 26.94it/s  
Predicting ━━━━━━━━━━━━━━━━━━━━━━━━━━━━━━━━━━━━━━━━ 8/8 0:00:00 • 0:00:00 26.92it/s  
batch 170: size=500 time=5.99s
Predicting ━━━━━━━━━━━━━━━━━━━━━━━━━━━━━━━━━━━━━━━━ 8/8 0:00:00 • 0:00:00 26.10it/s  
Predicting ━━━━━━━━━━━━━━━━━━━━━━━━━━━━━━━━━━━━━━━━ 8/8 0:00:00 • 0:00:00 26.39it/s  
Predicting ━━━━━━━━━━━━━━━━━━━━━━━━━━━━━━━━━━━━━━━━ 8/8 0:00:00 • 0:00:00 26.82it/s  
Predicting ━━━━━━━━━━━━━━━━━━━━━━━━━━━━━━━━━━━━━━━━ 8/8 0:00:00 • 0:00:00 28.12it/s  
Predicting ━━━━━━━━━━━━━━━━━━━━━━━━━━━━━━━━━━━━━━━━ 8/8 0:00:00 • 0:00:00 26.42it/s  
Predicting ━━━━━━━━━━━━━━━━━━━━━━━━━━━━━━━━━━━━━━━━ 8/8 0:00:00 • 0:00:00 26.05it/s  
Predicting ━━━━━━━━━━━━━━━━━━━━━━━━━━━━━━━━━━━━━━━━ 8/8 0:00:00 • 0:00:00 26.73it/s  
Predicting ━━━━━━━━━━━━━━━━━━━━━━━━━━━━━━━━━━━━━━━━ 8/8 0:00:00 • 0:00:00 26.87it/s  
Predicting ━━━━━━━━━━━━━━━━━━━━━━━━━━━━━━━━━━━━━━━━ 8/8 0:00:00 • 0:00:00 26.90it/s  
Predicting ━━━━━━━━━━━━━━━━━━━━━━━━━━━━━━━━━━━━━━━━ 8/8 0:00:00 • 0:00:00 26.85it/s  
batch 171: size=500 time=5.75s
Predicting ━━━━━━━━━━━━━━━━━━━━━━━━━━━━━━━━━━━━━━━━ 8/8 0:00:00 • 0:00:00 26.04it/s  
Predicting ━━━━━━━━━━━━━━━━━━━━━━━━━━━━━━━━━━━━━━━━ 8/8 0:00:00 • 0:00:00 26.84it/s  
Predicting ━━━━━━━━━━━━━━━━━━━━━━━━━━━━━━━━━━━━━━━━ 8/8 0:00:00 • 0:00:00 26.98it/s  
Predicting ━━━━━━━━━━━━━━━━━━━━━━━━━━━━━━━━━━━━━━━━ 8/8 0:00:00 • 0:00:00 26.36it/s  
Predicting ━━━━━━━━━━━━━━━━━━━━━━━━━━━━━━━━━━━━━━━━ 8/8 0:00:00 • 0:00:00 26.53it/s  
Predicting ━━━━━━━━━━━━━━━━━━━━━━━━━━━━━━━━━━━━━━━━ 8/8 0:00:00 • 0:00:00 26.11it/s  
Predicting ━━━━━━━━━━━━━━━━━━━━━━━━━━━━━━━━━━━━━━━━ 8/8 0:00:00 • 0:00:00 26.24it/s  
Predicting ━━━━━━━━━━━━━━━━━━━━━━━━━━━━━━━━━━━━━━━━ 8/8 0:00:00 • 0:00:00 26.49it/s  
Predicting ━━━━━━━━━━━━━━━━━━━━━━━━━━━━━━━━━━━━━━━━ 8/8 0:00:00 • 0:00:00 26.43it/s  
Predicting ━━━━━━━━━━━━━━━━━━━━━━━━━━━━━━━━━━━━━━━━ 8/8 0:00:00 • 0:00:00 26.88it/s  
batch 172: size=500 time=5.74s
Predicting ━━━━━━━━━━━━━━━━━━━━━━━━━━━━━━━━━━━━━━━━ 8/8 0:00:00 • 0:00:00 25.60it/s  
Predicting ━━━━━━━━━━━━━━━━━━━━━━━━━━━━━━━━━━━━━━━━ 8/8 0:00:00 • 0:00:00 26.03it/s  
Predicting ━━━━━━━━━━━━━━━━━━━━━━━━━━━━━━━━━━━━━━━━ 8/8 0:00:00 • 0:00:00 25.81it/s  
Predicting ━━━━━━━━━━━━━━━━━━━━━━━━━━━━━━━━━━━━━━━━ 8/8 0:00:00 • 0:00:00 25.96it/s  
Predicting ━━━━━━━━━━━━━━━━━━━━━━━━━━━━━━━━━━━━━━━━ 8/8 0:00:00 • 0:00:00 26.67it/s  
Predicting ━━━━━━━━━━━━━━━━━━━━━━━━━━━━━━━━━━━━━━━━ 8/8 0:00:00 • 0:00:00 26.32it/s  
Predicting ━━━━━━━━━━━━━━━━━━━━━━━━━━━━━━━━━━━━━━━━ 8/8 0:00:00 • 0:00:00 26.09it/s  
Predicting ━━━━━━━━━━━━━━━━━━━━━━━━━━━━━━━━━━━━━━━━ 8/8 0:00:00 • 0:00:00 26.10it/s  
Predicting ━━━━━━━━━━━━━━━━━━━━━━━━━━━━━━━━━━━━━━━━ 8/8 0:00:00 • 0:00:00 26.14it/s  
Predicting ━━━━━━━━━━━━━━━━━━━━━━━━━━━━━━━━━━━━━━━━ 8/8 0:00:00 • 0:00:00 26.69it/s  
batch 173: size=500 time=5.79s
Predicting ━━━━━━━━━━━━━━━━━━━━━━━━━━━━━━━━━━━━━━━━ 8/8 0:00:00 • 0:00:00 26.84it/s  
Predicting ━━━━━━━━━━━━━━━━━━━━━━━━━━━━━━━━━━━━━━━━ 8/8 0:00:00 • 0:00:00 26.93it/s  
Predicting ━━━━━━━━━━━━━━━━━━━━━━━━━━━━━━━━━━━━━━━━ 8/8 0:00:00 • 0:00:00 26.68it/s  
Predicting ━━━━━━━━━━━━━━━━━━━━━━━━━━━━━━━━━━━━━━━━ 8/8 0:00:00 • 0:00:00 26.77it/s  
Predicting ━━━━━━━━━━━━━━━━━━━━━━━━━━━━━━━━━━━━━━━━ 8/8 0:00:00 • 0:00:00 26.38it/s  
Predicting ━━━━━━━━━━━━━━━━━━━━━━━━━━━━━━━━━━━━━━━━ 8/8 0:00:00 • 0:00:00 26.57it/s  
Predicting ━━━━━━━━━━━━━━━━━━━━━━━━━━━━━━━━━━━━━━━━ 8/8 0:00:00 • 0:00:00 26.39it/s  
Predicting ━━━━━━━━━━━━━━━━━━━━━━━━━━━━━━━━━━━━━━━━ 8/8 0:00:00 • 0:00:00 26.65it/s  
Predicting ━━━━━━━━━━━━━━━━━━━━━━━━━━━━━━━━━━━━━━━━ 8/8 0:00:00 • 0:00:00 26.77it/s  
Predicting ━━━━━━━━━━━━━━━━━━━━━━━━━━━━━━━━━━━━━━━━ 8/8 0:00:00 • 0:00:00 26.84it/s  
batch 174: size=500 time=5.75s
Predicting ━━━━━━━━━━━━━━━━━━━━━━━━━━━━━━━━━━━━━━━━ 8/8 0:00:00 • 0:00:00 26.36it/s  
Predicting ━━━━━━━━━━━━━━━━━━━━━━━━━━━━━━━━━━━━━━━━ 8/8 0:00:00 • 0:00:00 27.02it/s  
Predicting ━━━━━━━━━━━━━━━━━━━━━━━━━━━━━━━━━━━━━━━━ 8/8 0:00:00 • 0:00:00 26.84it/s  
Predicting ━━━━━━━━━━━━━━━━━━━━━━━━━━━━━━━━━━━━━━━━ 8/8 0:00:00 • 0:00:00 27.24it/s  
Predicting ━━━━━━━━━━━━━━━━━━━━━━━━━━━━━━━━━━━━━━━━ 8/8 0:00:00 • 0:00:00 27.01it/s  
Predicting ━━━━━━━━━━━━━━━━━━━━━━━━━━━━━━━━━━━━━━━━ 8/8 0:00:00 • 0:00:00 19.26it/s  
Predicting ━━━━━━━━━━━━━━━━━━━━━━━━━━━━━━━━━━━━━━━━ 8/8 0:00:00 • 0:00:00 22.87it/s  
Predicting ━━━━━━━━━━━━━━━━━━━━━━━━━━━━━━━━━━━━━━━━ 8/8 0:00:00 • 0:00:00 29.46it/s  
Predicting ━━━━━━━━━━━━━━━━━━━━━━━━━━━━━━━━━━━━━━━━ 8/8 0:00:00 • 0:00:00 30.41it/s  
Predicting ━━━━━━━━━━━━━━━━━━━━━━━━━━━━━━━━━━━━━━━━ 8/8 0:00:00 • 0:00:00 28.43it/s  
batch 175: size=500 time=5.78s
Predicting ━━━━━━━━━━━━━━━━━━━━━━━━━━━━━━━━━━━━━━━━ 8/8 0:00:00 • 0:00:00 28.49it/s  
Predicting ━━━━━━━━━━━━━━━━━━━━━━━━━━━━━━━━━━━━━━━━ 8/8 0:00:00 • 0:00:00 30.08it/s  
Predicting ━━━━━━━━━━━━━━━━━━━━━━━━━━━━━━━━━━━━━━━━ 8/8 0:00:00 • 0:00:00 31.11it/s  
Predicting ━━━━━━━━━━━━━━━━━━━━━━━━━━━━━━━━━━━━━━━━ 8/8 0:00:00 • 0:00:00 29.26it/s  
Predicting ━━━━━━━━━━━━━━━━━━━━━━━━━━━━━━━━━━━━━━━━ 8/8 0:00:00 • 0:00:00 29.78it/s  
Predicting ━━━━━━━━━━━━━━━━━━━━━━━━━━━━━━━━━━━━━━━━ 8/8 0:00:01 • 0:00:00 5.76it/s  
Predicting ━━━━━━━━━━━━━━━━━━━━━━━━━━━━━━━━━━━━━━━━ 8/8 0:00:00 • 0:00:00 27.69it/s  
Predicting ━━━━━━━━━━━━━━━━━━━━━━━━━━━━━━━━━━━━━━━━ 8/8 0:00:00 • 0:00:00 24.79it/s  
Predicting ━━━━━━━━━━━━━━━━━━━━━━━━━━━━━━━━━━━━━━━━ 8/8 0:00:00 • 0:00:00 27.11it/s  
Predicting ━━━━━━━━━━━━━━━━━━━━━━━━━━━━━━━━━━━━━━━━ 8/8 0:00:00 • 0:00:00 24.52it/s  
batch 176: size=500 time=6.67s
Predicting ━━━━━━━━━━━━━━━━━━━━━━━━━━━━━━━━━━━━━━━━ 8/8 0:00:00 • 0:00:00 28.33it/s  
Predicting ━━━━━━━━━━━━━━━━━━━━━━━━━━━━━━━━━━━━━━━━ 8/8 0:00:00 • 0:00:00 28.41it/s  
Predicting ━━━━━━━━━━━━━━━━━━━━━━━━━━━━━━━━━━━━━━━━ 8/8 0:00:00 • 0:00:00 29.48it/s  
Predicting ━━━━━━━━━━━━━━━━━━━━━━━━━━━━━━━━━━━━━━━━ 8/8 0:00:00 • 0:00:00 27.89it/s  
Predicting ━━━━━━━━━━━━━━━━━━━━━━━━━━━━━━━━━━━━━━━━ 8/8 0:00:00 • 0:00:00 28.44it/s  
Predicting ━━━━━━━━━━━━━━━━━━━━━━━━━━━━━━━━━━━━━━━━ 8/8 0:00:00 • 0:00:00 27.95it/s  
Predicting ━━━━━━━━━━━━━━━━━━━━━━━━━━━━━━━━━━━━━━━━ 8/8 0:00:00 • 0:00:00 30.44it/s  
Predicting ━━━━━━━━━━━━━━━━━━━━━━━━━━━━━━━━━━━━━━━━ 8/8 0:00:00 • 0:00:00 27.40it/s  
Predicting ━━━━━━━━━━━━━━━━━━━━━━━━━━━━━━━━━━━━━━━━ 8/8 0:00:00 • 0:00:00 29.86it/s  
Predicting ━━━━━━━━━━━━━━━━━━━━━━━━━━━━━━━━━━━━━━━━ 8/8 0:00:00 • 0:00:00 29.07it/s  
batch 177: size=500 time=5.50s
Predicting ━━━━━━━━━━━━━━━━━━━━━━━━━━━━━━━━━━━━━━━━ 8/8 0:00:00 • 0:00:00 22.47it/s  
Predicting ━━━━━━━━━━━━━━━━━━━━━━━━━━━━━━━━━━━━━━━━ 8/8 0:00:00 • 0:00:00 26.22it/s  
Predicting ━━━━━━━━━━━━━━━━━━━━━━━━━━━━━━━━━━━━━━━━ 8/8 0:00:00 • 0:00:00 26.76it/s  
Predicting ━━━━━━━━━━━━━━━━━━━━━━━━━━━━━━━━━━━━━━━━ 8/8 0:00:00 • 0:00:00 27.60it/s  
Predicting ━━━━━━━━━━━━━━━━━━━━━━━━━━━━━━━━━━━━━━━━ 8/8 0:00:00 • 0:00:00 26.63it/s  
Predicting ━━━━━━━━━━━━━━━━━━━━━━━━━━━━━━━━━━━━━━━━ 8/8 0:00:00 • 0:00:00 25.43it/s  
Predicting ━━━━━━━━━━━━━━━━━━━━━━━━━━━━━━━━━━━━━━━━ 8/8 0:00:00 • 0:00:00 25.43it/s  
Predicting ━━━━━━━━━━━━━━━━━━━━━━━━━━━━━━━━━━━━━━━━ 8/8 0:00:00 • 0:00:00 26.29it/s  
Predicting ━━━━━━━━━━━━━━━━━━━━━━━━━━━━━━━━━━━━━━━━ 8/8 0:00:00 • 0:00:00 26.69it/s  
Predicting ━━━━━━━━━━━━━━━━━━━━━━━━━━━━━━━━━━━━━━━━ 8/8 0:00:00 • 0:00:00 25.72it/s  
batch 178: size=500 time=5.90s
Predicting ━━━━━━━━━━━━━━━━━━━━━━━━━━━━━━━━━━━━━━━━ 8/8 0:00:00 • 0:00:00 25.16it/s  
Predicting ━━━━━━━━━━━━━━━━━━━━━━━━━━━━━━━━━━━━━━━━ 8/8 0:00:00 • 0:00:00 25.95it/s  
Predicting ━━━━━━━━━━━━━━━━━━━━━━━━━━━━━━━━━━━━━━━━ 8/8 0:00:00 • 0:00:00 27.15it/s  
Predicting ━━━━━━━━━━━━━━━━━━━━━━━━━━━━━━━━━━━━━━━━ 8/8 0:00:00 • 0:00:00 25.32it/s  
Predicting ━━━━━━━━━━━━━━━━━━━━━━━━━━━━━━━━━━━━━━━━ 8/8 0:00:00 • 0:00:00 26.09it/s  
Predicting ━━━━━━━━━━━━━━━━━━━━━━━━━━━━━━━━━━━━━━━━ 8/8 0:00:00 • 0:00:00 26.05it/s  
Predicting ━━━━━━━━━━━━━━━━━━━━━━━━━━━━━━━━━━━━━━━━ 8/8 0:00:00 • 0:00:00 26.79it/s  
Predicting ━━━━━━━━━━━━━━━━━━━━━━━━━━━━━━━━━━━━━━━━ 8/8 0:00:00 • 0:00:00 26.40it/s  
Predicting ━━━━━━━━━━━━━━━━━━━━━━━━━━━━━━━━━━━━━━━━ 8/8 0:00:00 • 0:00:00 26.48it/s  
Predicting ━━━━━━━━━━━━━━━━━━━━━━━━━━━━━━━━━━━━━━━━ 8/8 0:00:00 • 0:00:00 27.17it/s  
batch 179: size=500 time=5.80s
Predicting ━━━━━━━━━━━━━━━━━━━━━━━━━━━━━━━━━━━━━━━━ 8/8 0:00:00 • 0:00:00 25.74it/s  
Predicting ━━━━━━━━━━━━━━━━━━━━━━━━━━━━━━━━━━━━━━━━ 8/8 0:00:00 • 0:00:00 25.56it/s  
Predicting ━━━━━━━━━━━━━━━━━━━━━━━━━━━━━━━━━━━━━━━━ 8/8 0:00:00 • 0:00:00 26.20it/s  
Predicting ━━━━━━━━━━━━━━━━━━━━━━━━━━━━━━━━━━━━━━━━ 8/8 0:00:00 • 0:00:00 26.40it/s  
Predicting ━━━━━━━━━━━━━━━━━━━━━━━━━━━━━━━━━━━━━━━━ 8/8 0:00:00 • 0:00:00 26.26it/s  
Predicting ━━━━━━━━━━━━━━━━━━━━━━━━━━━━━━━━━━━━━━━━ 8/8 0:00:00 • 0:00:00 25.58it/s  
Predicting ━━━━━━━━━━━━━━━━━━━━━━━━━━━━━━━━━━━━━━━━ 8/8 0:00:00 • 0:00:00 25.81it/s  
Predicting ━━━━━━━━━━━━━━━━━━━━━━━━━━━━━━━━━━━━━━━━ 8/8 0:00:00 • 0:00:00 26.01it/s  
Predicting ━━━━━━━━━━━━━━━━━━━━━━━━━━━━━━━━━━━━━━━━ 8/8 0:00:00 • 0:00:00 26.74it/s  
Predicting ━━━━━━━━━━━━━━━━━━━━━━━━━━━━━━━━━━━━━━━━ 8/8 0:00:00 • 0:00:00 26.70it/s  
batch 180: size=500 time=5.82s
Predicting ━━━━━━━━━━━━━━━━━━━━━━━━━━━━━━━━━━━━━━━━ 8/8 0:00:00 • 0:00:00 25.26it/s  
Predicting ━━━━━━━━━━━━━━━━━━━━━━━━━━━━━━━━━━━━━━━━ 8/8 0:00:00 • 0:00:00 26.00it/s  
Predicting ━━━━━━━━━━━━━━━━━━━━━━━━━━━━━━━━━━━━━━━━ 8/8 0:00:00 • 0:00:00 26.74it/s  
Predicting ━━━━━━━━━━━━━━━━━━━━━━━━━━━━━━━━━━━━━━━━ 8/8 0:00:00 • 0:00:00 26.82it/s  
Predicting ━━━━━━━━━━━━━━━━━━━━━━━━━━━━━━━━━━━━━━━━ 8/8 0:00:00 • 0:00:00 26.36it/s  
Predicting ━━━━━━━━━━━━━━━━━━━━━━━━━━━━━━━━━━━━━━━━ 8/8 0:00:00 • 0:00:00 25.93it/s  
Predicting ━━━━━━━━━━━━━━━━━━━━━━━━━━━━━━━━━━━━━━━━ 8/8 0:00:00 • 0:00:00 25.88it/s  
Predicting ━━━━━━━━━━━━━━━━━━━━━━━━━━━━━━━━━━━━━━━━ 8/8 0:00:00 • 0:00:00 26.54it/s  
Predicting ━━━━━━━━━━━━━━━━━━━━━━━━━━━━━━━━━━━━━━━━ 8/8 0:00:00 • 0:00:00 26.73it/s  
Predicting ━━━━━━━━━━━━━━━━━━━━━━━━━━━━━━━━━━━━━━━━ 8/8 0:00:00 • 0:00:00 26.10it/s  
batch 181: size=500 time=5.78s
Predicting ━━━━━━━━━━━━━━━━━━━━━━━━━━━━━━━━━━━━━━━━ 8/8 0:00:00 • 0:00:00 25.67it/s  
Predicting ━━━━━━━━━━━━━━━━━━━━━━━━━━━━━━━━━━━━━━━━ 8/8 0:00:00 • 0:00:00 26.65it/s  
Predicting ━━━━━━━━━━━━━━━━━━━━━━━━━━━━━━━━━━━━━━━━ 8/8 0:00:00 • 0:00:00 26.42it/s  
Predicting ━━━━━━━━━━━━━━━━━━━━━━━━━━━━━━━━━━━━━━━━ 8/8 0:00:00 • 0:00:00 27.17it/s  
Predicting ━━━━━━━━━━━━━━━━━━━━━━━━━━━━━━━━━━━━━━━━ 8/8 0:00:00 • 0:00:00 26.87it/s  
Predicting ━━━━━━━━━━━━━━━━━━━━━━━━━━━━━━━━━━━━━━━━ 8/8 0:00:00 • 0:00:00 25.72it/s  
Predicting ━━━━━━━━━━━━━━━━━━━━━━━━━━━━━━━━━━━━━━━━ 8/8 0:00:00 • 0:00:00 26.04it/s  
Predicting ━━━━━━━━━━━━━━━━━━━━━━━━━━━━━━━━━━━━━━━━ 8/8 0:00:00 • 0:00:00 26.08it/s  
Predicting ━━━━━━━━━━━━━━━━━━━━━━━━━━━━━━━━━━━━━━━━ 8/8 0:00:00 • 0:00:00 26.57it/s  
Predicting ━━━━━━━━━━━━━━━━━━━━━━━━━━━━━━━━━━━━━━━━ 8/8 0:00:00 • 0:00:00 26.75it/s  
batch 182: size=500 time=5.83s
Predicting ━━━━━━━━━━━━━━━━━━━━━━━━━━━━━━━━━━━━━━━━ 8/8 0:00:00 • 0:00:00 25.98it/s  
Predicting ━━━━━━━━━━━━━━━━━━━━━━━━━━━━━━━━━━━━━━━━ 8/8 0:00:00 • 0:00:00 26.34it/s  
Predicting ━━━━━━━━━━━━━━━━━━━━━━━━━━━━━━━━━━━━━━━━ 8/8 0:00:00 • 0:00:00 26.35it/s  
Predicting ━━━━━━━━━━━━━━━━━━━━━━━━━━━━━━━━━━━━━━━━ 8/8 0:00:00 • 0:00:00 25.95it/s  
Predicting ━━━━━━━━━━━━━━━━━━━━━━━━━━━━━━━━━━━━━━━━ 8/8 0:00:00 • 0:00:00 26.98it/s  
Predicting ━━━━━━━━━━━━━━━━━━━━━━━━━━━━━━━━━━━━━━━━ 8/8 0:00:00 • 0:00:00 25.65it/s  
Predicting ━━━━━━━━━━━━━━━━━━━━━━━━━━━━━━━━━━━━━━━━ 8/8 0:00:00 • 0:00:00 26.69it/s  
Predicting ━━━━━━━━━━━━━━━━━━━━━━━━━━━━━━━━━━━━━━━━ 8/8 0:00:00 • 0:00:00 26.50it/s  
Predicting ━━━━━━━━━━━━━━━━━━━━━━━━━━━━━━━━━━━━━━━━ 8/8 0:00:00 • 0:00:00 26.35it/s  
Predicting ━━━━━━━━━━━━━━━━━━━━━━━━━━━━━━━━━━━━━━━━ 8/8 0:00:00 • 0:00:00 26.70it/s  
batch 183: size=500 time=5.78s
Predicting ━━━━━━━━━━━━━━━━━━━━━━━━━━━━━━━━━━━━━━━━ 8/8 0:00:00 • 0:00:00 25.48it/s  
Predicting ━━━━━━━━━━━━━━━━━━━━━━━━━━━━━━━━━━━━━━━━ 8/8 0:00:00 • 0:00:00 26.22it/s  
Predicting ━━━━━━━━━━━━━━━━━━━━━━━━━━━━━━━━━━━━━━━━ 8/8 0:00:00 • 0:00:00 26.32it/s  
Predicting ━━━━━━━━━━━━━━━━━━━━━━━━━━━━━━━━━━━━━━━━ 8/8 0:00:00 • 0:00:00 27.12it/s  
Predicting ━━━━━━━━━━━━━━━━━━━━━━━━━━━━━━━━━━━━━━━━ 8/8 0:00:00 • 0:00:00 26.14it/s  
Predicting ━━━━━━━━━━━━━━━━━━━━━━━━━━━━━━━━━━━━━━━━ 8/8 0:00:00 • 0:00:00 25.16it/s  
Predicting ━━━━━━━━━━━━━━━━━━━━━━━━━━━━━━━━━━━━━━━━ 8/8 0:00:00 • 0:00:00 27.05it/s  
Predicting ━━━━━━━━━━━━━━━━━━━━━━━━━━━━━━━━━━━━━━━━ 8/8 0:00:00 • 0:00:00 26.21it/s  
Predicting ━━━━━━━━━━━━━━━━━━━━━━━━━━━━━━━━━━━━━━━━ 8/8 0:00:00 • 0:00:00 26.74it/s  
Predicting ━━━━━━━━━━━━━━━━━━━━━━━━━━━━━━━━━━━━━━━━ 8/8 0:00:00 • 0:00:00 26.95it/s  
batch 184: size=500 time=5.79s
Predicting ━━━━━━━━━━━━━━━━━━━━━━━━━━━━━━━━━━━━━━━━ 8/8 0:00:00 • 0:00:00 26.21it/s  
Predicting ━━━━━━━━━━━━━━━━━━━━━━━━━━━━━━━━━━━━━━━━ 8/8 0:00:00 • 0:00:00 26.30it/s  
Predicting ━━━━━━━━━━━━━━━━━━━━━━━━━━━━━━━━━━━━━━━━ 8/8 0:00:00 • 0:00:00 26.55it/s  
Predicting ━━━━━━━━━━━━━━━━━━━━━━━━━━━━━━━━━━━━━━━━ 8/8 0:00:00 • 0:00:00 26.62it/s  
Predicting ━━━━━━━━━━━━━━━━━━━━━━━━━━━━━━━━━━━━━━━━ 8/8 0:00:00 • 0:00:00 26.67it/s  
Predicting ━━━━━━━━━━━━━━━━━━━━━━━━━━━━━━━━━━━━━━━━ 8/8 0:00:00 • 0:00:00 25.67it/s  
Predicting ━━━━━━━━━━━━━━━━━━━━━━━━━━━━━━━━━━━━━━━━ 8/8 0:00:00 • 0:00:00 26.35it/s  
Predicting ━━━━━━━━━━━━━━━━━━━━━━━━━━━━━━━━━━━━━━━━ 8/8 0:00:00 • 0:00:00 27.19it/s  
Predicting ━━━━━━━━━━━━━━━━━━━━━━━━━━━━━━━━━━━━━━━━ 8/8 0:00:00 • 0:00:00 26.02it/s  
Predicting ━━━━━━━━━━━━━━━━━━━━━━━━━━━━━━━━━━━━━━━━ 8/8 0:00:00 • 0:00:00 27.31it/s  
batch 185: size=500 time=5.73s
Predicting ━━━━━━━━━━━━━━━━━━━━━━━━━━━━━━━━━━━━━━━━ 8/8 0:00:00 • 0:00:00 25.44it/s  
Predicting ━━━━━━━━━━━━━━━━━━━━━━━━━━━━━━━━━━━━━━━━ 8/8 0:00:00 • 0:00:00 26.31it/s  
Predicting ━━━━━━━━━━━━━━━━━━━━━━━━━━━━━━━━━━━━━━━━ 8/8 0:00:00 • 0:00:00 27.47it/s  
Predicting ━━━━━━━━━━━━━━━━━━━━━━━━━━━━━━━━━━━━━━━━ 8/8 0:00:00 • 0:00:00 25.99it/s  
Predicting ━━━━━━━━━━━━━━━━━━━━━━━━━━━━━━━━━━━━━━━━ 8/8 0:00:00 • 0:00:00 26.40it/s  
Predicting ━━━━━━━━━━━━━━━━━━━━━━━━━━━━━━━━━━━━━━━━ 8/8 0:00:00 • 0:00:00 25.61it/s  
Predicting ━━━━━━━━━━━━━━━━━━━━━━━━━━━━━━━━━━━━━━━━ 8/8 0:00:00 • 0:00:00 26.42it/s  
Predicting ━━━━━━━━━━━━━━━━━━━━━━━━━━━━━━━━━━━━━━━━ 8/8 0:00:00 • 0:00:00 26.14it/s  
Predicting ━━━━━━━━━━━━━━━━━━━━━━━━━━━━━━━━━━━━━━━━ 8/8 0:00:00 • 0:00:00 26.81it/s  
Predicting ━━━━━━━━━━━━━━━━━━━━━━━━━━━━━━━━━━━━━━━━ 8/8 0:00:00 • 0:00:00 26.32it/s  
batch 186: size=500 time=5.79s
Predicting ━━━━━━━━━━━━━━━━━━━━━━━━━━━━━━━━━━━━━━━━ 8/8 0:00:00 • 0:00:00 24.97it/s  
Predicting ━━━━━━━━━━━━━━━━━━━━━━━━━━━━━━━━━━━━━━━━ 8/8 0:00:00 • 0:00:00 26.60it/s  
Predicting ━━━━━━━━━━━━━━━━━━━━━━━━━━━━━━━━━━━━━━━━ 8/8 0:00:00 • 0:00:00 26.14it/s  
Predicting ━━━━━━━━━━━━━━━━━━━━━━━━━━━━━━━━━━━━━━━━ 8/8 0:00:00 • 0:00:00 26.90it/s  
Predicting ━━━━━━━━━━━━━━━━━━━━━━━━━━━━━━━━━━━━━━━━ 8/8 0:00:00 • 0:00:00 26.65it/s  
Predicting ━━━━━━━━━━━━━━━━━━━━━━━━━━━━━━━━━━━━━━━━ 8/8 0:00:00 • 0:00:00 25.52it/s  
Predicting ━━━━━━━━━━━━━━━━━━━━━━━━━━━━━━━━━━━━━━━━ 8/8 0:00:00 • 0:00:00 26.14it/s  
Predicting ━━━━━━━━━━━━━━━━━━━━━━━━━━━━━━━━━━━━━━━━ 8/8 0:00:00 • 0:00:00 25.89it/s  
Predicting ━━━━━━━━━━━━━━━━━━━━━━━━━━━━━━━━━━━━━━━━ 8/8 0:00:00 • 0:00:00 26.69it/s  
Predicting ━━━━━━━━━━━━━━━━━━━━━━━━━━━━━━━━━━━━━━━━ 8/8 0:00:00 • 0:00:00 26.93it/s  
batch 187: size=500 time=5.87s
Predicting ━━━━━━━━━━━━━━━━━━━━━━━━━━━━━━━━━━━━━━━━ 8/8 0:00:00 • 0:00:00 25.29it/s  
Predicting ━━━━━━━━━━━━━━━━━━━━━━━━━━━━━━━━━━━━━━━━ 8/8 0:00:00 • 0:00:00 26.20it/s  
Predicting ━━━━━━━━━━━━━━━━━━━━━━━━━━━━━━━━━━━━━━━━ 8/8 0:00:00 • 0:00:00 26.12it/s  
Predicting ━━━━━━━━━━━━━━━━━━━━━━━━━━━━━━━━━━━━━━━━ 8/8 0:00:00 • 0:00:00 26.41it/s  
Predicting ━━━━━━━━━━━━━━━━━━━━━━━━━━━━━━━━━━━━━━━━ 8/8 0:00:00 • 0:00:00 27.01it/s  
Predicting ━━━━━━━━━━━━━━━━━━━━━━━━━━━━━━━━━━━━━━━━ 8/8 0:00:00 • 0:00:00 25.01it/s  
Predicting ━━━━━━━━━━━━━━━━━━━━━━━━━━━━━━━━━━━━━━━━ 8/8 0:00:00 • 0:00:00 25.34it/s  
Predicting ━━━━━━━━━━━━━━━━━━━━━━━━━━━━━━━━━━━━━━━━ 8/8 0:00:00 • 0:00:00 26.44it/s  
Predicting ━━━━━━━━━━━━━━━━━━━━━━━━━━━━━━━━━━━━━━━━ 8/8 0:00:00 • 0:00:00 26.36it/s  
Predicting ━━━━━━━━━━━━━━━━━━━━━━━━━━━━━━━━━━━━━━━━ 8/8 0:00:00 • 0:00:00 26.30it/s  
batch 188: size=500 time=5.86s
Predicting ━━━━━━━━━━━━━━━━━━━━━━━━━━━━━━━━━━━━━━━━ 8/8 0:00:00 • 0:00:00 25.42it/s  
Predicting ━━━━━━━━━━━━━━━━━━━━━━━━━━━━━━━━━━━━━━━━ 8/8 0:00:00 • 0:00:00 27.38it/s  
Predicting ━━━━━━━━━━━━━━━━━━━━━━━━━━━━━━━━━━━━━━━━ 8/8 0:00:00 • 0:00:00 26.42it/s  
Predicting ━━━━━━━━━━━━━━━━━━━━━━━━━━━━━━━━━━━━━━━━ 8/8 0:00:00 • 0:00:00 27.21it/s  
Predicting ━━━━━━━━━━━━━━━━━━━━━━━━━━━━━━━━━━━━━━━━ 8/8 0:00:00 • 0:00:00 26.55it/s  
Predicting ━━━━━━━━━━━━━━━━━━━━━━━━━━━━━━━━━━━━━━━━ 8/8 0:00:00 • 0:00:00 25.85it/s  
Predicting ━━━━━━━━━━━━━━━━━━━━━━━━━━━━━━━━━━━━━━━━ 8/8 0:00:00 • 0:00:00 26.33it/s  
Predicting ━━━━━━━━━━━━━━━━━━━━━━━━━━━━━━━━━━━━━━━━ 8/8 0:00:00 • 0:00:00 27.24it/s  
Predicting ━━━━━━━━━━━━━━━━━━━━━━━━━━━━━━━━━━━━━━━━ 8/8 0:00:00 • 0:00:00 26.78it/s  
Predicting ━━━━━━━━━━━━━━━━━━━━━━━━━━━━━━━━━━━━━━━━ 8/8 0:00:00 • 0:00:00 26.45it/s  
batch 189: size=500 time=5.73s
Predicting ━━━━━━━━━━━━━━━━━━━━━━━━━━━━━━━━━━━━━━━━ 8/8 0:00:00 • 0:00:00 26.10it/s  
Predicting ━━━━━━━━━━━━━━━━━━━━━━━━━━━━━━━━━━━━━━━━ 8/8 0:00:00 • 0:00:00 26.19it/s  
Predicting ━━━━━━━━━━━━━━━━━━━━━━━━━━━━━━━━━━━━━━━━ 8/8 0:00:00 • 0:00:00 26.47it/s  
Predicting ━━━━━━━━━━━━━━━━━━━━━━━━━━━━━━━━━━━━━━━━ 8/8 0:00:00 • 0:00:00 27.46it/s  
Predicting ━━━━━━━━━━━━━━━━━━━━━━━━━━━━━━━━━━━━━━━━ 8/8 0:00:00 • 0:00:00 26.33it/s  
Predicting ━━━━━━━━━━━━━━━━━━━━━━━━━━━━━━━━━━━━━━━━ 8/8 0:00:00 • 0:00:00 25.37it/s  
Predicting ━━━━━━━━━━━━━━━━━━━━━━━━━━━━━━━━━━━━━━━━ 8/8 0:00:00 • 0:00:00 26.54it/s  
Predicting ━━━━━━━━━━━━━━━━━━━━━━━━━━━━━━━━━━━━━━━━ 8/8 0:00:00 • 0:00:00 27.18it/s  
Predicting ━━━━━━━━━━━━━━━━━━━━━━━━━━━━━━━━━━━━━━━━ 8/8 0:00:00 • 0:00:00 26.80it/s  
Predicting ━━━━━━━━━━━━━━━━━━━━━━━━━━━━━━━━━━━━━━━━ 8/8 0:00:00 • 0:00:00 27.22it/s  
batch 190: size=500 time=5.75s
Predicting ━━━━━━━━━━━━━━━━━━━━━━━━━━━━━━━━━━━━━━━━ 8/8 0:00:00 • 0:00:00 26.09it/s  
Predicting ━━━━━━━━━━━━━━━━━━━━━━━━━━━━━━━━━━━━━━━━ 8/8 0:00:00 • 0:00:00 26.70it/s  
Predicting ━━━━━━━━━━━━━━━━━━━━━━━━━━━━━━━━━━━━━━━━ 8/8 0:00:00 • 0:00:00 27.28it/s  
Predicting ━━━━━━━━━━━━━━━━━━━━━━━━━━━━━━━━━━━━━━━━ 8/8 0:00:00 • 0:00:00 26.90it/s  
Predicting ━━━━━━━━━━━━━━━━━━━━━━━━━━━━━━━━━━━━━━━━ 8/8 0:00:00 • 0:00:00 26.87it/s  
Predicting ━━━━━━━━━━━━━━━━━━━━━━━━━━━━━━━━━━━━━━━━ 8/8 0:00:00 • 0:00:00 25.54it/s  
Predicting ━━━━━━━━━━━━━━━━━━━━━━━━━━━━━━━━━━━━━━━━ 8/8 0:00:00 • 0:00:00 26.45it/s  
Predicting ━━━━━━━━━━━━━━━━━━━━━━━━━━━━━━━━━━━━━━━━ 8/8 0:00:00 • 0:00:00 26.15it/s  
Predicting ━━━━━━━━━━━━━━━━━━━━━━━━━━━━━━━━━━━━━━━━ 8/8 0:00:00 • 0:00:00 26.34it/s  
Predicting ━━━━━━━━━━━━━━━━━━━━━━━━━━━━━━━━━━━━━━━━ 8/8 0:00:00 • 0:00:00 26.86it/s  
batch 191: size=500 time=5.74s
Predicting ━━━━━━━━━━━━━━━━━━━━━━━━━━━━━━━━━━━━━━━━ 8/8 0:00:00 • 0:00:00 26.19it/s  
Predicting ━━━━━━━━━━━━━━━━━━━━━━━━━━━━━━━━━━━━━━━━ 8/8 0:00:00 • 0:00:00 26.52it/s  
Predicting ━━━━━━━━━━━━━━━━━━━━━━━━━━━━━━━━━━━━━━━━ 8/8 0:00:00 • 0:00:00 26.19it/s  
Predicting ━━━━━━━━━━━━━━━━━━━━━━━━━━━━━━━━━━━━━━━━ 8/8 0:00:00 • 0:00:00 26.71it/s  
Predicting ━━━━━━━━━━━━━━━━━━━━━━━━━━━━━━━━━━━━━━━━ 8/8 0:00:00 • 0:00:00 26.29it/s  
Predicting ━━━━━━━━━━━━━━━━━━━━━━━━━━━━━━━━━━━━━━━━ 8/8 0:00:00 • 0:00:00 25.46it/s  
Predicting ━━━━━━━━━━━━━━━━━━━━━━━━━━━━━━━━━━━━━━━━ 8/8 0:00:00 • 0:00:00 27.00it/s  
Predicting ━━━━━━━━━━━━━━━━━━━━━━━━━━━━━━━━━━━━━━━━ 8/8 0:00:00 • 0:00:00 26.30it/s  
Predicting ━━━━━━━━━━━━━━━━━━━━━━━━━━━━━━━━━━━━━━━━ 8/8 0:00:00 • 0:00:00 26.38it/s  
Predicting ━━━━━━━━━━━━━━━━━━━━━━━━━━━━━━━━━━━━━━━━ 8/8 0:00:00 • 0:00:00 27.23it/s  
batch 192: size=500 time=5.77s
Predicting ━━━━━━━━━━━━━━━━━━━━━━━━━━━━━━━━━━━━━━━━ 8/8 0:00:00 • 0:00:00 25.85it/s  
Predicting ━━━━━━━━━━━━━━━━━━━━━━━━━━━━━━━━━━━━━━━━ 8/8 0:00:00 • 0:00:00 26.23it/s  
Predicting ━━━━━━━━━━━━━━━━━━━━━━━━━━━━━━━━━━━━━━━━ 8/8 0:00:00 • 0:00:00 26.49it/s  
Predicting ━━━━━━━━━━━━━━━━━━━━━━━━━━━━━━━━━━━━━━━━ 8/8 0:00:00 • 0:00:00 26.50it/s  
Predicting ━━━━━━━━━━━━━━━━━━━━━━━━━━━━━━━━━━━━━━━━ 8/8 0:00:00 • 0:00:00 26.73it/s  
Predicting ━━━━━━━━━━━━━━━━━━━━━━━━━━━━━━━━━━━━━━━━ 8/8 0:00:00 • 0:00:00 25.56it/s  
Predicting ━━━━━━━━━━━━━━━━━━━━━━━━━━━━━━━━━━━━━━━━ 8/8 0:00:00 • 0:00:00 26.81it/s  
Predicting ━━━━━━━━━━━━━━━━━━━━━━━━━━━━━━━━━━━━━━━━ 8/8 0:00:00 • 0:00:00 25.99it/s  
Predicting ━━━━━━━━━━━━━━━━━━━━━━━━━━━━━━━━━━━━━━━━ 8/8 0:00:00 • 0:00:00 26.31it/s  
Predicting ━━━━━━━━━━━━━━━━━━━━━━━━━━━━━━━━━━━━━━━━ 8/8 0:00:00 • 0:00:00 26.76it/s  
batch 193: size=500 time=5.72s
Predicting ━━━━━━━━━━━━━━━━━━━━━━━━━━━━━━━━━━━━━━━━ 8/8 0:00:00 • 0:00:00 19.27it/s  
Predicting ━━━━━━━━━━━━━━━━━━━━━━━━━━━━━━━━━━━━━━━━ 8/8 0:00:00 • 0:00:00 29.03it/s  
Predicting ━━━━━━━━━━━━━━━━━━━━━━━━━━━━━━━━━━━━━━━━ 8/8 0:00:00 • 0:00:00 30.09it/s  
Predicting ━━━━━━━━━━━━━━━━━━━━━━━━━━━━━━━━━━━━━━━━ 8/8 0:00:00 • 0:00:00 29.56it/s  
Predicting ━━━━━━━━━━━━━━━━━━━━━━━━━━━━━━━━━━━━━━━━ 8/8 0:00:00 • 0:00:00 28.84it/s  
Predicting ━━━━━━━━━━━━━━━━━━━━━━━━━━━━━━━━━━━━━━━━ 8/8 0:00:00 • 0:00:00 29.50it/s  
Predicting ━━━━━━━━━━━━━━━━━━━━━━━━━━━━━━━━━━━━━━━━ 8/8 0:00:00 • 0:00:00 29.30it/s  
Predicting ━━━━━━━━━━━━━━━━━━━━━━━━━━━━━━━━━━━━━━━━ 8/8 0:00:00 • 0:00:00 30.15it/s  
Predicting ━━━━━━━━━━━━━━━━━━━━━━━━━━━━━━━━━━━━━━━━ 8/8 0:00:00 • 0:00:00 29.55it/s  
Predicting ━━━━━━━━━━━━━━━━━━━━━━━━━━━━━━━━━━━━━━━━ 8/8 0:00:00 • 0:00:00 30.07it/s  
batch 194: size=500 time=5.60s
Predicting ━━━━━━━━━━━━━━━━━━━━━━━━━━━━━━━━━━━━━━━━ 8/8 0:00:00 • 0:00:00 28.77it/s  
Predicting ━━━━━━━━━━━━━━━━━━━━━━━━━━━━━━━━━━━━━━━━ 8/8 0:00:00 • 0:00:00 30.22it/s  
Predicting ━━━━━━━━━━━━━━━━━━━━━━━━━━━━━━━━━━━━━━━━ 8/8 0:00:00 • 0:00:00 29.59it/s  
Predicting ━━━━━━━━━━━━━━━━━━━━━━━━━━━━━━━━━━━━━━━━ 8/8 0:00:00 • 0:00:00 29.77it/s  
Predicting ━━━━━━━━━━━━━━━━━━━━━━━━━━━━━━━━━━━━━━━━ 8/8 0:00:00 • 0:00:00 29.92it/s  
Predicting ━━━━━━━━━━━━━━━━━━━━━━━━━━━━━━━━━━━━━━━━ 8/8 0:00:00 • 0:00:00 28.21it/s  
Predicting ━━━━━━━━━━━━━━━━━━━━━━━━━━━━━━━━━━━━━━━━ 8/8 0:00:00 • 0:00:00 29.40it/s  
Predicting ━━━━━━━━━━━━━━━━━━━━━━━━━━━━━━━━━━━━━━━━ 8/8 0:00:00 • 0:00:00 30.47it/s  
Predicting ━━━━━━━━━━━━━━━━━━━━━━━━━━━━━━━━━━━━━━━━ 8/8 0:00:00 • 0:00:00 29.54it/s  
Predicting ━━━━━━━━━━━━━━━━━━━━━━━━━━━━━━━━━━━━━━━━ 8/8 0:00:00 • 0:00:00 30.11it/s  
batch 195: size=500 time=5.45s
Predicting ━━━━━━━━━━━━━━━━━━━━━━━━━━━━━━━━━━━━━━━━ 8/8 0:00:00 • 0:00:00 28.72it/s  
Predicting ━━━━━━━━━━━━━━━━━━━━━━━━━━━━━━━━━━━━━━━━ 8/8 0:00:00 • 0:00:00 30.05it/s  
Predicting ━━━━━━━━━━━━━━━━━━━━━━━━━━━━━━━━━━━━━━━━ 8/8 0:00:00 • 0:00:00 29.45it/s  
Predicting ━━━━━━━━━━━━━━━━━━━━━━━━━━━━━━━━━━━━━━━━ 8/8 0:00:00 • 0:00:00 30.32it/s  
Predicting ━━━━━━━━━━━━━━━━━━━━━━━━━━━━━━━━━━━━━━━━ 8/8 0:00:00 • 0:00:00 29.77it/s  
Predicting ━━━━━━━━━━━━━━━━━━━━━━━━━━━━━━━━━━━━━━━━ 8/8 0:00:00 • 0:00:00 27.98it/s  
Predicting ━━━━━━━━━━━━━━━━━━━━━━━━━━━━━━━━━━━━━━━━ 8/8 0:00:00 • 0:00:00 29.57it/s  
Predicting ━━━━━━━━━━━━━━━━━━━━━━━━━━━━━━━━━━━━━━━━ 8/8 0:00:00 • 0:00:00 29.30it/s  
Predicting ━━━━━━━━━━━━━━━━━━━━━━━━━━━━━━━━━━━━━━━━ 8/8 0:00:00 • 0:00:00 29.29it/s  
Predicting ━━━━━━━━━━━━━━━━━━━━━━━━━━━━━━━━━━━━━━━━ 8/8 0:00:00 • 0:00:00 30.07it/s  
batch 196: size=500 time=5.47s
Predicting ━━━━━━━━━━━━━━━━━━━━━━━━━━━━━━━━━━━━━━━━ 8/8 0:00:00 • 0:00:00 28.54it/s  
Predicting ━━━━━━━━━━━━━━━━━━━━━━━━━━━━━━━━━━━━━━━━ 8/8 0:00:00 • 0:00:00 28.94it/s  
Predicting ━━━━━━━━━━━━━━━━━━━━━━━━━━━━━━━━━━━━━━━━ 8/8 0:00:00 • 0:00:00 29.02it/s  
Predicting ━━━━━━━━━━━━━━━━━━━━━━━━━━━━━━━━━━━━━━━━ 8/8 0:00:00 • 0:00:00 29.15it/s  
Predicting ━━━━━━━━━━━━━━━━━━━━━━━━━━━━━━━━━━━━━━━━ 8/8 0:00:00 • 0:00:00 30.21it/s  
Predicting ━━━━━━━━━━━━━━━━━━━━━━━━━━━━━━━━━━━━━━━━ 8/8 0:00:00 • 0:00:00 27.66it/s  
Predicting ━━━━━━━━━━━━━━━━━━━━━━━━━━━━━━━━━━━━━━━━ 8/8 0:00:00 • 0:00:00 25.39it/s  
Predicting ━━━━━━━━━━━━━━━━━━━━━━━━━━━━━━━━━━━━━━━━ 8/8 0:00:00 • 0:00:00 25.55it/s  
Predicting ━━━━━━━━━━━━━━━━━━━━━━━━━━━━━━━━━━━━━━━━ 8/8 0:00:00 • 0:00:00 24.57it/s  
Predicting ━━━━━━━━━━━━━━━━━━━━━━━━━━━━━━━━━━━━━━━━ 8/8 0:00:00 • 0:00:00 24.49it/s  
batch 197: size=500 time=5.71s
Predicting ━━━━━━━━━━━━━━━━━━━━━━━━━━━━━━━━━━━━━━━━ 8/8 0:00:00 • 0:00:00 28.16it/s  
Predicting ━━━━━━━━━━━━━━━━━━━━━━━━━━━━━━━━━━━━━━━━ 8/8 0:00:00 • 0:00:00 28.67it/s  
Predicting ━━━━━━━━━━━━━━━━━━━━━━━━━━━━━━━━━━━━━━━━ 8/8 0:00:00 • 0:00:00 29.27it/s  
Predicting ━━━━━━━━━━━━━━━━━━━━━━━━━━━━━━━━━━━━━━━━ 8/8 0:00:00 • 0:00:00 28.77it/s  
Predicting ━━━━━━━━━━━━━━━━━━━━━━━━━━━━━━━━━━━━━━━━ 8/8 0:00:00 • 0:00:00 29.40it/s  
Predicting ━━━━━━━━━━━━━━━━━━━━━━━━━━━━━━━━━━━━━━━━ 8/8 0:00:00 • 0:00:00 28.13it/s  
Predicting ━━━━━━━━━━━━━━━━━━━━━━━━━━━━━━━━━━━━━━━━ 8/8 0:00:00 • 0:00:00 29.57it/s  
Predicting ━━━━━━━━━━━━━━━━━━━━━━━━━━━━━━━━━━━━━━━━ 8/8 0:00:00 • 0:00:00 29.67it/s  
Predicting ━━━━━━━━━━━━━━━━━━━━━━━━━━━━━━━━━━━━━━━━ 8/8 0:00:00 • 0:00:00 29.78it/s  
Predicting ━━━━━━━━━━━━━━━━━━━━━━━━━━━━━━━━━━━━━━━━ 8/8 0:00:00 • 0:00:00 28.79it/s  
batch 198: size=500 time=5.48s
Predicting ━━━━━━━━━━━━━━━━━━━━━━━━━━━━━━━━━━━━━━━━ 8/8 0:00:00 • 0:00:00 26.28it/s  
Predicting ━━━━━━━━━━━━━━━━━━━━━━━━━━━━━━━━━━━━━━━━ 8/8 0:00:00 • 0:00:00 29.35it/s  
Predicting ━━━━━━━━━━━━━━━━━━━━━━━━━━━━━━━━━━━━━━━━ 8/8 0:00:00 • 0:00:00 28.71it/s  
Predicting ━━━━━━━━━━━━━━━━━━━━━━━━━━━━━━━━━━━━━━━━ 8/8 0:00:00 • 0:00:00 30.14it/s  
Predicting ━━━━━━━━━━━━━━━━━━━━━━━━━━━━━━━━━━━━━━━━ 8/8 0:00:00 • 0:00:00 29.76it/s  
Predicting ━━━━━━━━━━━━━━━━━━━━━━━━━━━━━━━━━━━━━━━━ 8/8 0:00:00 • 0:00:00 28.54it/s  
Predicting ━━━━━━━━━━━━━━━━━━━━━━━━━━━━━━━━━━━━━━━━ 8/8 0:00:00 • 0:00:00 29.46it/s  
Predicting ━━━━━━━━━━━━━━━━━━━━━━━━━━━━━━━━━━━━━━━━ 8/8 0:00:00 • 0:00:00 29.22it/s  
Predicting ━━━━━━━━━━━━━━━━━━━━━━━━━━━━━━━━━━━━━━━━ 8/8 0:00:00 • 0:00:00 29.76it/s  
Predicting ━━━━━━━━━━━━━━━━━━━━━━━━━━━━━━━━━━━━━━━━ 8/8 0:00:00 • 0:00:00 29.80it/s  
batch 199: size=500 time=5.50s
Predicting ━━━━━━━━━━━━━━━━━━━━━━━━━━━━━━━━━━━━━━━━ 8/8 0:00:00 • 0:00:00 27.77it/s  
Predicting ━━━━━━━━━━━━━━━━━━━━━━━━━━━━━━━━━━━━━━━━ 8/8 0:00:00 • 0:00:00 29.36it/s  
Predicting ━━━━━━━━━━━━━━━━━━━━━━━━━━━━━━━━━━━━━━━━ 8/8 0:00:00 • 0:00:00 29.46it/s  
Predicting ━━━━━━━━━━━━━━━━━━━━━━━━━━━━━━━━━━━━━━━━ 8/8 0:00:00 • 0:00:00 28.89it/s  
Predicting ━━━━━━━━━━━━━━━━━━━━━━━━━━━━━━━━━━━━━━━━ 8/8 0:00:00 • 0:00:00 29.12it/s  
Predicting ━━━━━━━━━━━━━━━━━━━━━━━━━━━━━━━━━━━━━━━━ 8/8 0:00:00 • 0:00:00 27.79it/s  
Predicting ━━━━━━━━━━━━━━━━━━━━━━━━━━━━━━━━━━━━━━━━ 8/8 0:00:00 • 0:00:00 29.01it/s  
Predicting ━━━━━━━━━━━━━━━━━━━━━━━━━━━━━━━━━━━━━━━━ 8/8 0:00:00 • 0:00:00 29.36it/s  
Predicting ━━━━━━━━━━━━━━━━━━━━━━━━━━━━━━━━━━━━━━━━ 8/8 0:00:00 • 0:00:00 30.28it/s  
Predicting ━━━━━━━━━━━━━━━━━━━━━━━━━━━━━━━━━━━━━━━━ 8/8 0:00:00 • 0:00:00 29.17it/s  
batch 200: size=500 time=5.52s
Predicting ━━━━━━━━━━━━━━━━━━━━━━━━━━━━━━━━━━━━━━━━ 8/8 0:00:00 • 0:00:00 29.02it/s  
Predicting ━━━━━━━━━━━━━━━━━━━━━━━━━━━━━━━━━━━━━━━━ 8/8 0:00:00 • 0:00:00 29.55it/s  
Predicting ━━━━━━━━━━━━━━━━━━━━━━━━━━━━━━━━━━━━━━━━ 8/8 0:00:00 • 0:00:00 29.78it/s  
Predicting ━━━━━━━━━━━━━━━━━━━━━━━━━━━━━━━━━━━━━━━━ 8/8 0:00:00 • 0:00:00 29.88it/s  
Predicting ━━━━━━━━━━━━━━━━━━━━━━━━━━━━━━━━━━━━━━━━ 8/8 0:00:00 • 0:00:00 29.34it/s  
Predicting ━━━━━━━━━━━━━━━━━━━━━━━━━━━━━━━━━━━━━━━━ 8/8 0:00:00 • 0:00:00 28.33it/s  
Predicting ━━━━━━━━━━━━━━━━━━━━━━━━━━━━━━━━━━━━━━━━ 8/8 0:00:00 • 0:00:00 30.04it/s  
Predicting ━━━━━━━━━━━━━━━━━━━━━━━━━━━━━━━━━━━━━━━━ 8/8 0:00:00 • 0:00:00 29.99it/s  
Predicting ━━━━━━━━━━━━━━━━━━━━━━━━━━━━━━━━━━━━━━━━ 8/8 0:00:00 • 0:00:00 29.90it/s  
Predicting ━━━━━━━━━━━━━━━━━━━━━━━━━━━━━━━━━━━━━━━━ 8/8 0:00:00 • 0:00:00 28.99it/s  
batch 201: size=500 time=5.42s
Predicting ━━━━━━━━━━━━━━━━━━━━━━━━━━━━━━━━━━━━━━━━ 8/8 0:00:00 • 0:00:00 28.31it/s  
Predicting ━━━━━━━━━━━━━━━━━━━━━━━━━━━━━━━━━━━━━━━━ 8/8 0:00:00 • 0:00:00 29.59it/s  
Predicting ━━━━━━━━━━━━━━━━━━━━━━━━━━━━━━━━━━━━━━━━ 8/8 0:00:00 • 0:00:00 30.32it/s  
Predicting ━━━━━━━━━━━━━━━━━━━━━━━━━━━━━━━━━━━━━━━━ 8/8 0:00:00 • 0:00:00 28.74it/s  
Predicting ━━━━━━━━━━━━━━━━━━━━━━━━━━━━━━━━━━━━━━━━ 8/8 0:00:00 • 0:00:00 29.05it/s  
Predicting ━━━━━━━━━━━━━━━━━━━━━━━━━━━━━━━━━━━━━━━━ 8/8 0:00:00 • 0:00:00 28.46it/s  
Predicting ━━━━━━━━━━━━━━━━━━━━━━━━━━━━━━━━━━━━━━━━ 8/8 0:00:00 • 0:00:00 28.81it/s  
Predicting ━━━━━━━━━━━━━━━━━━━━━━━━━━━━━━━━━━━━━━━━ 8/8 0:00:00 • 0:00:00 29.19it/s  
Predicting ━━━━━━━━━━━━━━━━━━━━━━━━━━━━━━━━━━━━━━━━ 8/8 0:00:00 • 0:00:00 30.02it/s  
Predicting ━━━━━━━━━━━━━━━━━━━━━━━━━━━━━━━━━━━━━━━━ 8/8 0:00:00 • 0:00:00 29.18it/s  
batch 202: size=500 time=5.53s
Predicting ━━━━━━━━━━━━━━━━━━━━━━━━━━━━━━━━━━━━━━━━ 8/8 0:00:00 • 0:00:00 27.28it/s  
Predicting ━━━━━━━━━━━━━━━━━━━━━━━━━━━━━━━━━━━━━━━━ 8/8 0:00:00 • 0:00:00 28.69it/s  
Predicting ━━━━━━━━━━━━━━━━━━━━━━━━━━━━━━━━━━━━━━━━ 8/8 0:00:00 • 0:00:00 29.21it/s  
Predicting ━━━━━━━━━━━━━━━━━━━━━━━━━━━━━━━━━━━━━━━━ 8/8 0:00:00 • 0:00:00 30.00it/s  
Predicting ━━━━━━━━━━━━━━━━━━━━━━━━━━━━━━━━━━━━━━━━ 8/8 0:00:00 • 0:00:00 29.21it/s  
Predicting ━━━━━━━━━━━━━━━━━━━━━━━━━━━━━━━━━━━━━━━━ 8/8 0:00:00 • 0:00:00 28.23it/s  
Predicting ━━━━━━━━━━━━━━━━━━━━━━━━━━━━━━━━━━━━━━━━ 8/8 0:00:00 • 0:00:00 31.20it/s  
Predicting ━━━━━━━━━━━━━━━━━━━━━━━━━━━━━━━━━━━━━━━━ 8/8 0:00:00 • 0:00:00 31.15it/s  
Predicting ━━━━━━━━━━━━━━━━━━━━━━━━━━━━━━━━━━━━━━━━ 8/8 0:00:00 • 0:00:00 29.54it/s  
Predicting ━━━━━━━━━━━━━━━━━━━━━━━━━━━━━━━━━━━━━━━━ 8/8 0:00:00 • 0:00:00 30.17it/s  
batch 203: size=500 time=5.46s
Predicting ━━━━━━━━━━━━━━━━━━━━━━━━━━━━━━━━━━━━━━━━ 8/8 0:00:00 • 0:00:00 18.87it/s  
Predicting ━━━━━━━━━━━━━━━━━━━━━━━━━━━━━━━━━━━━━━━━ 8/8 0:00:00 • 0:00:00 26.35it/s  
Predicting ━━━━━━━━━━━━━━━━━━━━━━━━━━━━━━━━━━━━━━━━ 8/8 0:00:00 • 0:00:00 26.81it/s  
Predicting ━━━━━━━━━━━━━━━━━━━━━━━━━━━━━━━━━━━━━━━━ 8/8 0:00:00 • 0:00:00 26.57it/s  
Predicting ━━━━━━━━━━━━━━━━━━━━━━━━━━━━━━━━━━━━━━━━ 8/8 0:00:00 • 0:00:00 27.09it/s  
Predicting ━━━━━━━━━━━━━━━━━━━━━━━━━━━━━━━━━━━━━━━━ 8/8 0:00:00 • 0:00:00 25.81it/s  
Predicting ━━━━━━━━━━━━━━━━━━━━━━━━━━━━━━━━━━━━━━━━ 8/8 0:00:00 • 0:00:00 26.59it/s  
Predicting ━━━━━━━━━━━━━━━━━━━━━━━━━━━━━━━━━━━━━━━━ 8/8 0:00:00 • 0:00:00 26.14it/s  
Predicting ━━━━━━━━━━━━━━━━━━━━━━━━━━━━━━━━━━━━━━━━ 8/8 0:00:00 • 0:00:00 26.85it/s  
Predicting ━━━━━━━━━━━━━━━━━━━━━━━━━━━━━━━━━━━━━━━━ 8/8 0:00:00 • 0:00:00 26.38it/s  
batch 204: size=500 time=6.01s
Predicting ━━━━━━━━━━━━━━━━━━━━━━━━━━━━━━━━━━━━━━━━ 8/8 0:00:00 • 0:00:00 25.95it/s  
Predicting ━━━━━━━━━━━━━━━━━━━━━━━━━━━━━━━━━━━━━━━━ 8/8 0:00:00 • 0:00:00 26.69it/s  
Predicting ━━━━━━━━━━━━━━━━━━━━━━━━━━━━━━━━━━━━━━━━ 8/8 0:00:00 • 0:00:00 26.52it/s  
Predicting ━━━━━━━━━━━━━━━━━━━━━━━━━━━━━━━━━━━━━━━━ 8/8 0:00:00 • 0:00:00 26.64it/s  
Predicting ━━━━━━━━━━━━━━━━━━━━━━━━━━━━━━━━━━━━━━━━ 8/8 0:00:00 • 0:00:00 27.17it/s  
Predicting ━━━━━━━━━━━━━━━━━━━━━━━━━━━━━━━━━━━━━━━━ 8/8 0:00:00 • 0:00:00 26.21it/s  
Predicting ━━━━━━━━━━━━━━━━━━━━━━━━━━━━━━━━━━━━━━━━ 8/8 0:00:00 • 0:00:00 26.03it/s  
Predicting ━━━━━━━━━━━━━━━━━━━━━━━━━━━━━━━━━━━━━━━━ 8/8 0:00:00 • 0:00:00 27.13it/s  
Predicting ━━━━━━━━━━━━━━━━━━━━━━━━━━━━━━━━━━━━━━━━ 8/8 0:00:00 • 0:00:00 27.24it/s  
Predicting ━━━━━━━━━━━━━━━━━━━━━━━━━━━━━━━━━━━━━━━━ 8/8 0:00:00 • 0:00:00 26.55it/s  
batch 205: size=500 time=5.74s
Predicting ━━━━━━━━━━━━━━━━━━━━━━━━━━━━━━━━━━━━━━━━ 8/8 0:00:00 • 0:00:00 25.75it/s  
Predicting ━━━━━━━━━━━━━━━━━━━━━━━━━━━━━━━━━━━━━━━━ 8/8 0:00:00 • 0:00:00 26.41it/s  
Predicting ━━━━━━━━━━━━━━━━━━━━━━━━━━━━━━━━━━━━━━━━ 8/8 0:00:00 • 0:00:00 26.97it/s  
Predicting ━━━━━━━━━━━━━━━━━━━━━━━━━━━━━━━━━━━━━━━━ 8/8 0:00:00 • 0:00:00 26.03it/s  
Predicting ━━━━━━━━━━━━━━━━━━━━━━━━━━━━━━━━━━━━━━━━ 8/8 0:00:00 • 0:00:00 26.37it/s  
Predicting ━━━━━━━━━━━━━━━━━━━━━━━━━━━━━━━━━━━━━━━━ 8/8 0:00:00 • 0:00:00 19.14it/s  
Predicting ━━━━━━━━━━━━━━━━━━━━━━━━━━━━━━━━━━━━━━━━ 8/8 0:00:00 • 0:00:00 29.34it/s  
Predicting ━━━━━━━━━━━━━━━━━━━━━━━━━━━━━━━━━━━━━━━━ 8/8 0:00:00 • 0:00:00 28.25it/s  
Predicting ━━━━━━━━━━━━━━━━━━━━━━━━━━━━━━━━━━━━━━━━ 8/8 0:00:00 • 0:00:00 30.64it/s  
Predicting ━━━━━━━━━━━━━━━━━━━━━━━━━━━━━━━━━━━━━━━━ 8/8 0:00:00 • 0:00:00 28.78it/s  
batch 206: size=500 time=5.75s
Predicting ━━━━━━━━━━━━━━━━━━━━━━━━━━━━━━━━━━━━━━━━ 8/8 0:00:00 • 0:00:00 28.68it/s  
Predicting ━━━━━━━━━━━━━━━━━━━━━━━━━━━━━━━━━━━━━━━━ 8/8 0:00:00 • 0:00:00 30.22it/s  
Predicting ━━━━━━━━━━━━━━━━━━━━━━━━━━━━━━━━━━━━━━━━ 8/8 0:00:00 • 0:00:00 29.34it/s  
Predicting ━━━━━━━━━━━━━━━━━━━━━━━━━━━━━━━━━━━━━━━━ 8/8 0:00:00 • 0:00:00 29.24it/s  
Predicting ━━━━━━━━━━━━━━━━━━━━━━━━━━━━━━━━━━━━━━━━ 8/8 0:00:00 • 0:00:00 30.99it/s  
Predicting ━━━━━━━━━━━━━━━━━━━━━━━━━━━━━━━━━━━━━━━━ 8/8 0:00:00 • 0:00:00 28.16it/s  
Predicting ━━━━━━━━━━━━━━━━━━━━━━━━━━━━━━━━━━━━━━━━ 8/8 0:00:00 • 0:00:00 30.47it/s  
Predicting ━━━━━━━━━━━━━━━━━━━━━━━━━━━━━━━━━━━━━━━━ 8/8 0:00:00 • 0:00:00 29.97it/s  
Predicting ━━━━━━━━━━━━━━━━━━━━━━━━━━━━━━━━━━━━━━━━ 8/8 0:00:00 • 0:00:00 30.10it/s  
Predicting ━━━━━━━━━━━━━━━━━━━━━━━━━━━━━━━━━━━━━━━━ 8/8 0:00:00 • 0:00:00 30.05it/s  
batch 207: size=500 time=5.42s
Predicting ━━━━━━━━━━━━━━━━━━━━━━━━━━━━━━━━━━━━━━━━ 8/8 0:00:00 • 0:00:00 24.58it/s  
Predicting ━━━━━━━━━━━━━━━━━━━━━━━━━━━━━━━━━━━━━━━━ 8/8 0:00:00 • 0:00:00 24.29it/s  
Predicting ━━━━━━━━━━━━━━━━━━━━━━━━━━━━━━━━━━━━━━━━ 8/8 0:00:00 • 0:00:00 24.22it/s  
Predicting ━━━━━━━━━━━━━━━━━━━━━━━━━━━━━━━━━━━━━━━━ 8/8 0:00:00 • 0:00:00 25.81it/s  
Predicting ━━━━━━━━━━━━━━━━━━━━━━━━━━━━━━━━━━━━━━━━ 8/8 0:00:00 • 0:00:00 26.58it/s  
Predicting ━━━━━━━━━━━━━━━━━━━━━━━━━━━━━━━━━━━━━━━━ 8/8 0:00:00 • 0:00:00 27.53it/s  
Predicting ━━━━━━━━━━━━━━━━━━━━━━━━━━━━━━━━━━━━━━━━ 8/8 0:00:00 • 0:00:00 26.28it/s  
Predicting ━━━━━━━━━━━━━━━━━━━━━━━━━━━━━━━━━━━━━━━━ 8/8 0:00:00 • 0:00:00 26.50it/s  
Predicting ━━━━━━━━━━━━━━━━━━━━━━━━━━━━━━━━━━━━━━━━ 8/8 0:00:00 • 0:00:00 26.86it/s  
Predicting ━━━━━━━━━━━━━━━━━━━━━━━━━━━━━━━━━━━━━━━━ 8/8 0:00:00 • 0:00:00 26.48it/s  
batch 208: size=500 time=5.93s
Predicting ━━━━━━━━━━━━━━━━━━━━━━━━━━━━━━━━━━━━━━━━ 8/8 0:00:00 • 0:00:00 26.56it/s  
Predicting ━━━━━━━━━━━━━━━━━━━━━━━━━━━━━━━━━━━━━━━━ 8/8 0:00:00 • 0:00:00 26.78it/s  
Predicting ━━━━━━━━━━━━━━━━━━━━━━━━━━━━━━━━━━━━━━━━ 8/8 0:00:00 • 0:00:00 27.57it/s  
Predicting ━━━━━━━━━━━━━━━━━━━━━━━━━━━━━━━━━━━━━━━━ 8/8 0:00:00 • 0:00:00 27.08it/s  
Predicting ━━━━━━━━━━━━━━━━━━━━━━━━━━━━━━━━━━━━━━━━ 8/8 0:00:00 • 0:00:00 26.94it/s  
Predicting ━━━━━━━━━━━━━━━━━━━━━━━━━━━━━━━━━━━━━━━━ 8/8 0:00:00 • 0:00:00 26.00it/s  
Predicting ━━━━━━━━━━━━━━━━━━━━━━━━━━━━━━━━━━━━━━━━ 8/8 0:00:00 • 0:00:00 26.99it/s  
Predicting ━━━━━━━━━━━━━━━━━━━━━━━━━━━━━━━━━━━━━━━━ 8/8 0:00:00 • 0:00:00 26.91it/s  
Predicting ━━━━━━━━━━━━━━━━━━━━━━━━━━━━━━━━━━━━━━━━ 8/8 0:00:00 • 0:00:00 26.76it/s  
Predicting ━━━━━━━━━━━━━━━━━━━━━━━━━━━━━━━━━━━━━━━━ 8/8 0:00:00 • 0:00:00 26.99it/s  
batch 209: size=500 time=5.79s
Predicting ━━━━━━━━━━━━━━━━━━━━━━━━━━━━━━━━━━━━━━━━ 8/8 0:00:00 • 0:00:00 19.14it/s  
Predicting ━━━━━━━━━━━━━━━━━━━━━━━━━━━━━━━━━━━━━━━━ 8/8 0:00:00 • 0:00:00 27.91it/s  
Predicting ━━━━━━━━━━━━━━━━━━━━━━━━━━━━━━━━━━━━━━━━ 8/8 0:00:00 • 0:00:00 28.20it/s  
Predicting ━━━━━━━━━━━━━━━━━━━━━━━━━━━━━━━━━━━━━━━━ 8/8 0:00:00 • 0:00:00 29.17it/s  
Predicting ━━━━━━━━━━━━━━━━━━━━━━━━━━━━━━━━━━━━━━━━ 8/8 0:00:00 • 0:00:00 28.41it/s  
Predicting ━━━━━━━━━━━━━━━━━━━━━━━━━━━━━━━━━━━━━━━━ 8/8 0:00:00 • 0:00:00 29.33it/s  
Predicting ━━━━━━━━━━━━━━━━━━━━━━━━━━━━━━━━━━━━━━━━ 8/8 0:00:00 • 0:00:00 30.36it/s  
Predicting ━━━━━━━━━━━━━━━━━━━━━━━━━━━━━━━━━━━━━━━━ 8/8 0:00:00 • 0:00:00 28.94it/s  
Predicting ━━━━━━━━━━━━━━━━━━━━━━━━━━━━━━━━━━━━━━━━ 8/8 0:00:00 • 0:00:00 29.86it/s  
Predicting ━━━━━━━━━━━━━━━━━━━━━━━━━━━━━━━━━━━━━━━━ 8/8 0:00:00 • 0:00:00 30.25it/s  
batch 210: size=500 time=5.71s
Predicting ━━━━━━━━━━━━━━━━━━━━━━━━━━━━━━━━━━━━━━━━ 8/8 0:00:00 • 0:00:00 29.84it/s  
Predicting ━━━━━━━━━━━━━━━━━━━━━━━━━━━━━━━━━━━━━━━━ 8/8 0:00:00 • 0:00:00 30.41it/s  
Predicting ━━━━━━━━━━━━━━━━━━━━━━━━━━━━━━━━━━━━━━━━ 8/8 0:00:00 • 0:00:00 30.21it/s  
Predicting ━━━━━━━━━━━━━━━━━━━━━━━━━━━━━━━━━━━━━━━━ 8/8 0:00:00 • 0:00:00 29.90it/s  
Predicting ━━━━━━━━━━━━━━━━━━━━━━━━━━━━━━━━━━━━━━━━ 8/8 0:00:00 • 0:00:00 30.66it/s  
Predicting ━━━━━━━━━━━━━━━━━━━━━━━━━━━━━━━━━━━━━━━━ 8/8 0:00:00 • 0:00:00 27.93it/s  
Predicting ━━━━━━━━━━━━━━━━━━━━━━━━━━━━━━━━━━━━━━━━ 8/8 0:00:00 • 0:00:00 28.56it/s  
Predicting ━━━━━━━━━━━━━━━━━━━━━━━━━━━━━━━━━━━━━━━━ 8/8 0:00:00 • 0:00:00 30.85it/s  
Predicting ━━━━━━━━━━━━━━━━━━━━━━━━━━━━━━━━━━━━━━━━ 8/8 0:00:00 • 0:00:00 29.75it/s  
Predicting ━━━━━━━━━━━━━━━━━━━━━━━━━━━━━━━━━━━━━━━━ 8/8 0:00:00 • 0:00:00 28.57it/s  
batch 211: size=500 time=5.46s
Predicting ━━━━━━━━━━━━━━━━━━━━━━━━━━━━━━━━━━━━━━━━ 8/8 0:00:00 • 0:00:00 28.81it/s  
Predicting ━━━━━━━━━━━━━━━━━━━━━━━━━━━━━━━━━━━━━━━━ 8/8 0:00:00 • 0:00:00 29.56it/s  
Predicting ━━━━━━━━━━━━━━━━━━━━━━━━━━━━━━━━━━━━━━━━ 8/8 0:00:00 • 0:00:00 28.88it/s  
Predicting ━━━━━━━━━━━━━━━━━━━━━━━━━━━━━━━━━━━━━━━━ 8/8 0:00:00 • 0:00:00 30.70it/s  
Predicting ━━━━━━━━━━━━━━━━━━━━━━━━━━━━━━━━━━━━━━━━ 8/8 0:00:00 • 0:00:00 28.77it/s  
Predicting ━━━━━━━━━━━━━━━━━━━━━━━━━━━━━━━━━━━━━━━━ 8/8 0:00:00 • 0:00:00 27.75it/s  
Predicting ━━━━━━━━━━━━━━━━━━━━━━━━━━━━━━━━━━━━━━━━ 8/8 0:00:00 • 0:00:00 29.14it/s  
Predicting ━━━━━━━━━━━━━━━━━━━━━━━━━━━━━━━━━━━━━━━━ 8/8 0:00:00 • 0:00:00 28.88it/s  
Predicting ━━━━━━━━━━━━━━━━━━━━━━━━━━━━━━━━━━━━━━━━ 8/8 0:00:00 • 0:00:00 29.48it/s  
Predicting ━━━━━━━━━━━━━━━━━━━━━━━━━━━━━━━━━━━━━━━━ 8/8 0:00:00 • 0:00:00 29.11it/s  
batch 212: size=500 time=5.52s
Predicting ━━━━━━━━━━━━━━━━━━━━━━━━━━━━━━━━━━━━━━━━ 8/8 0:00:00 • 0:00:00 28.72it/s  
Predicting ━━━━━━━━━━━━━━━━━━━━━━━━━━━━━━━━━━━━━━━━ 8/8 0:00:00 • 0:00:00 28.83it/s  
Predicting ━━━━━━━━━━━━━━━━━━━━━━━━━━━━━━━━━━━━━━━━ 8/8 0:00:00 • 0:00:00 30.07it/s  
Predicting ━━━━━━━━━━━━━━━━━━━━━━━━━━━━━━━━━━━━━━━━ 8/8 0:00:00 • 0:00:00 29.92it/s  
Predicting ━━━━━━━━━━━━━━━━━━━━━━━━━━━━━━━━━━━━━━━━ 8/8 0:00:00 • 0:00:00 30.03it/s  
Predicting ━━━━━━━━━━━━━━━━━━━━━━━━━━━━━━━━━━━━━━━━ 8/8 0:00:00 • 0:00:00 27.47it/s  
Predicting ━━━━━━━━━━━━━━━━━━━━━━━━━━━━━━━━━━━━━━━━ 8/8 0:00:00 • 0:00:00 28.83it/s  
Predicting ━━━━━━━━━━━━━━━━━━━━━━━━━━━━━━━━━━━━━━━━ 8/8 0:00:00 • 0:00:00 29.69it/s  
Predicting ━━━━━━━━━━━━━━━━━━━━━━━━━━━━━━━━━━━━━━━━ 8/8 0:00:00 • 0:00:00 28.80it/s  
Predicting ━━━━━━━━━━━━━━━━━━━━━━━━━━━━━━━━━━━━━━━━ 8/8 0:00:00 • 0:00:00 29.79it/s  
batch 213: size=500 time=5.51s
Predicting ━━━━━━━━━━━━━━━━━━━━━━━━━━━━━━━━━━━━━━━━ 8/8 0:00:00 • 0:00:00 29.82it/s  
Predicting ━━━━━━━━━━━━━━━━━━━━━━━━━━━━━━━━━━━━━━━━ 8/8 0:00:00 • 0:00:00 29.08it/s  
Predicting ━━━━━━━━━━━━━━━━━━━━━━━━━━━━━━━━━━━━━━━━ 8/8 0:00:00 • 0:00:00 29.77it/s  
Predicting ━━━━━━━━━━━━━━━━━━━━━━━━━━━━━━━━━━━━━━━━ 8/8 0:00:00 • 0:00:00 30.46it/s  
Predicting ━━━━━━━━━━━━━━━━━━━━━━━━━━━━━━━━━━━━━━━━ 8/8 0:00:00 • 0:00:00 29.95it/s  
Predicting ━━━━━━━━━━━━━━━━━━━━━━━━━━━━━━━━━━━━━━━━ 8/8 0:00:00 • 0:00:00 28.66it/s  
Predicting ━━━━━━━━━━━━━━━━━━━━━━━━━━━━━━━━━━━━━━━━ 8/8 0:00:00 • 0:00:00 29.15it/s  
Predicting ━━━━━━━━━━━━━━━━━━━━━━━━━━━━━━━━━━━━━━━━ 8/8 0:00:00 • 0:00:00 29.06it/s  
Predicting ━━━━━━━━━━━━━━━━━━━━━━━━━━━━━━━━━━━━━━━━ 8/8 0:00:00 • 0:00:00 29.14it/s  
Predicting ━━━━━━━━━━━━━━━━━━━━━━━━━━━━━━━━━━━━━━━━ 8/8 0:00:00 • 0:00:00 30.31it/s  
batch 214: size=500 time=5.48s
Predicting ━━━━━━━━━━━━━━━━━━━━━━━━━━━━━━━━━━━━━━━━ 8/8 0:00:00 • 0:00:00 27.69it/s  
Predicting ━━━━━━━━━━━━━━━━━━━━━━━━━━━━━━━━━━━━━━━━ 8/8 0:00:00 • 0:00:00 29.31it/s  
Predicting ━━━━━━━━━━━━━━━━━━━━━━━━━━━━━━━━━━━━━━━━ 8/8 0:00:00 • 0:00:00 29.96it/s  
Predicting ━━━━━━━━━━━━━━━━━━━━━━━━━━━━━━━━━━━━━━━━ 8/8 0:00:00 • 0:00:00 29.15it/s  
Predicting ━━━━━━━━━━━━━━━━━━━━━━━━━━━━━━━━━━━━━━━━ 8/8 0:00:00 • 0:00:00 29.92it/s  
Predicting ━━━━━━━━━━━━━━━━━━━━━━━━━━━━━━━━━━━━━━━━ 8/8 0:00:00 • 0:00:00 28.26it/s  
Predicting ━━━━━━━━━━━━━━━━━━━━━━━━━━━━━━━━━━━━━━━━ 8/8 0:00:00 • 0:00:00 29.48it/s  
Predicting ━━━━━━━━━━━━━━━━━━━━━━━━━━━━━━━━━━━━━━━━ 8/8 0:00:00 • 0:00:00 30.01it/s  
Predicting ━━━━━━━━━━━━━━━━━━━━━━━━━━━━━━━━━━━━━━━━ 8/8 0:00:00 • 0:00:00 29.61it/s  
Predicting ━━━━━━━━━━━━━━━━━━━━━━━━━━━━━━━━━━━━━━━━ 8/8 0:00:00 • 0:00:00 28.71it/s  
batch 215: size=500 time=5.48s
Predicting ━━━━━━━━━━━━━━━━━━━━━━━━━━━━━━━━━━━━━━━━ 8/8 0:00:00 • 0:00:00 28.67it/s  
Predicting ━━━━━━━━━━━━━━━━━━━━━━━━━━━━━━━━━━━━━━━━ 8/8 0:00:00 • 0:00:00 29.60it/s  
Predicting ━━━━━━━━━━━━━━━━━━━━━━━━━━━━━━━━━━━━━━━━ 8/8 0:00:00 • 0:00:00 29.73it/s  
Predicting ━━━━━━━━━━━━━━━━━━━━━━━━━━━━━━━━━━━━━━━━ 8/8 0:00:00 • 0:00:00 30.46it/s  
Predicting ━━━━━━━━━━━━━━━━━━━━━━━━━━━━━━━━━━━━━━━━ 8/8 0:00:00 • 0:00:00 29.70it/s  
Predicting ━━━━━━━━━━━━━━━━━━━━━━━━━━━━━━━━━━━━━━━━ 8/8 0:00:00 • 0:00:00 29.10it/s  
Predicting ━━━━━━━━━━━━━━━━━━━━━━━━━━━━━━━━━━━━━━━━ 8/8 0:00:00 • 0:00:00 29.66it/s  
Predicting ━━━━━━━━━━━━━━━━━━━━━━━━━━━━━━━━━━━━━━━━ 8/8 0:00:00 • 0:00:00 30.32it/s  
Predicting ━━━━━━━━━━━━━━━━━━━━━━━━━━━━━━━━━━━━━━━━ 8/8 0:00:00 • 0:00:00 29.01it/s  
Predicting ━━━━━━━━━━━━━━━━━━━━━━━━━━━━━━━━━━━━━━━━ 8/8 0:00:00 • 0:00:00 29.95it/s  
batch 216: size=500 time=5.48s
Predicting ━━━━━━━━━━━━━━━━━━━━━━━━━━━━━━━━━━━━━━━━ 8/8 0:00:00 • 0:00:00 25.52it/s  
Predicting ━━━━━━━━━━━━━━━━━━━━━━━━━━━━━━━━━━━━━━━━ 8/8 0:00:00 • 0:00:00 26.60it/s  
Predicting ━━━━━━━━━━━━━━━━━━━━━━━━━━━━━━━━━━━━━━━━ 8/8 0:00:00 • 0:00:00 27.09it/s  
Predicting ━━━━━━━━━━━━━━━━━━━━━━━━━━━━━━━━━━━━━━━━ 8/8 0:00:00 • 0:00:00 26.21it/s  
Predicting ━━━━━━━━━━━━━━━━━━━━━━━━━━━━━━━━━━━━━━━━ 8/8 0:00:00 • 0:00:00 26.49it/s  
Predicting ━━━━━━━━━━━━━━━━━━━━━━━━━━━━━━━━━━━━━━━━ 8/8 0:00:00 • 0:00:00 26.04it/s  
Predicting ━━━━━━━━━━━━━━━━━━━━━━━━━━━━━━━━━━━━━━━━ 8/8 0:00:00 • 0:00:00 27.04it/s  
Predicting ━━━━━━━━━━━━━━━━━━━━━━━━━━━━━━━━━━━━━━━━ 8/8 0:00:00 • 0:00:00 26.39it/s  
Predicting ━━━━━━━━━━━━━━━━━━━━━━━━━━━━━━━━━━━━━━━━ 8/8 0:00:00 • 0:00:00 26.54it/s  
Predicting ━━━━━━━━━━━━━━━━━━━━━━━━━━━━━━━━━━━━━━━━ 8/8 0:00:00 • 0:00:00 26.49it/s  
batch 217: size=500 time=5.81s
Predicting ━━━━━━━━━━━━━━━━━━━━━━━━━━━━━━━━━━━━━━━━ 8/8 0:00:00 • 0:00:00 25.65it/s  
Predicting ━━━━━━━━━━━━━━━━━━━━━━━━━━━━━━━━━━━━━━━━ 8/8 0:00:00 • 0:00:00 26.71it/s  
Predicting ━━━━━━━━━━━━━━━━━━━━━━━━━━━━━━━━━━━━━━━━ 8/8 0:00:00 • 0:00:00 26.25it/s  
Predicting ━━━━━━━━━━━━━━━━━━━━━━━━━━━━━━━━━━━━━━━━ 8/8 0:00:00 • 0:00:00 26.70it/s  
Predicting ━━━━━━━━━━━━━━━━━━━━━━━━━━━━━━━━━━━━━━━━ 8/8 0:00:00 • 0:00:00 26.61it/s  
Predicting ━━━━━━━━━━━━━━━━━━━━━━━━━━━━━━━━━━━━━━━━ 8/8 0:00:00 • 0:00:00 25.63it/s  
Predicting ━━━━━━━━━━━━━━━━━━━━━━━━━━━━━━━━━━━━━━━━ 8/8 0:00:00 • 0:00:00 26.42it/s  
Predicting ━━━━━━━━━━━━━━━━━━━━━━━━━━━━━━━━━━━━━━━━ 8/8 0:00:00 • 0:00:00 26.59it/s  
Predicting ━━━━━━━━━━━━━━━━━━━━━━━━━━━━━━━━━━━━━━━━ 8/8 0:00:00 • 0:00:00 26.17it/s  
Predicting ━━━━━━━━━━━━━━━━━━━━━━━━━━━━━━━━━━━━━━━━ 8/8 0:00:00 • 0:00:00 26.93it/s  
batch 218: size=500 time=5.80s
Predicting ━━━━━━━━━━━━━━━━━━━━━━━━━━━━━━━━━━━━━━━━ 8/8 0:00:00 • 0:00:00 25.97it/s  
Predicting ━━━━━━━━━━━━━━━━━━━━━━━━━━━━━━━━━━━━━━━━ 8/8 0:00:00 • 0:00:00 26.39it/s  
Predicting ━━━━━━━━━━━━━━━━━━━━━━━━━━━━━━━━━━━━━━━━ 8/8 0:00:00 • 0:00:00 26.93it/s  
Predicting ━━━━━━━━━━━━━━━━━━━━━━━━━━━━━━━━━━━━━━━━ 8/8 0:00:00 • 0:00:00 27.57it/s  
Predicting ━━━━━━━━━━━━━━━━━━━━━━━━━━━━━━━━━━━━━━━━ 8/8 0:00:00 • 0:00:00 26.03it/s  
Predicting ━━━━━━━━━━━━━━━━━━━━━━━━━━━━━━━━━━━━━━━━ 8/8 0:00:00 • 0:00:00 26.50it/s  
Predicting ━━━━━━━━━━━━━━━━━━━━━━━━━━━━━━━━━━━━━━━━ 8/8 0:00:00 • 0:00:00 26.60it/s  
Predicting ━━━━━━━━━━━━━━━━━━━━━━━━━━━━━━━━━━━━━━━━ 8/8 0:00:00 • 0:00:00 27.56it/s  
Predicting ━━━━━━━━━━━━━━━━━━━━━━━━━━━━━━━━━━━━━━━━ 8/8 0:00:00 • 0:00:00 27.63it/s  
Predicting ━━━━━━━━━━━━━━━━━━━━━━━━━━━━━━━━━━━━━━━━ 8/8 0:00:00 • 0:00:00 27.24it/s  
batch 219: size=500 time=5.79s
Predicting ━━━━━━━━━━━━━━━━━━━━━━━━━━━━━━━━━━━━━━━━ 8/8 0:00:00 • 0:00:00 26.00it/s  
Predicting ━━━━━━━━━━━━━━━━━━━━━━━━━━━━━━━━━━━━━━━━ 8/8 0:00:00 • 0:00:00 26.55it/s  
Predicting ━━━━━━━━━━━━━━━━━━━━━━━━━━━━━━━━━━━━━━━━ 8/8 0:00:00 • 0:00:00 26.75it/s  
Predicting ━━━━━━━━━━━━━━━━━━━━━━━━━━━━━━━━━━━━━━━━ 8/8 0:00:00 • 0:00:00 26.50it/s  
Predicting ━━━━━━━━━━━━━━━━━━━━━━━━━━━━━━━━━━━━━━━━ 8/8 0:00:00 • 0:00:00 26.75it/s  
Predicting ━━━━━━━━━━━━━━━━━━━━━━━━━━━━━━━━━━━━━━━━ 8/8 0:00:00 • 0:00:00 26.93it/s  
Predicting ━━━━━━━━━━━━━━━━━━━━━━━━━━━━━━━━━━━━━━━━ 8/8 0:00:00 • 0:00:00 25.36it/s  
Predicting ━━━━━━━━━━━━━━━━━━━━━━━━━━━━━━━━━━━━━━━━ 8/8 0:00:00 • 0:00:00 27.33it/s  
Predicting ━━━━━━━━━━━━━━━━━━━━━━━━━━━━━━━━━━━━━━━━ 8/8 0:00:00 • 0:00:00 27.67it/s  
Predicting ━━━━━━━━━━━━━━━━━━━━━━━━━━━━━━━━━━━━━━━━ 8/8 0:00:00 • 0:00:00 26.96it/s  
batch 220: size=500 time=5.77s
Predicting ━━━━━━━━━━━━━━━━━━━━━━━━━━━━━━━━━━━━━━━━ 8/8 0:00:00 • 0:00:00 26.36it/s  
Predicting ━━━━━━━━━━━━━━━━━━━━━━━━━━━━━━━━━━━━━━━━ 8/8 0:00:00 • 0:00:00 27.42it/s  
Predicting ━━━━━━━━━━━━━━━━━━━━━━━━━━━━━━━━━━━━━━━━ 8/8 0:00:00 • 0:00:00 26.92it/s  
Predicting ━━━━━━━━━━━━━━━━━━━━━━━━━━━━━━━━━━━━━━━━ 8/8 0:00:00 • 0:00:00 26.50it/s  
Predicting ━━━━━━━━━━━━━━━━━━━━━━━━━━━━━━━━━━━━━━━━ 8/8 0:00:00 • 0:00:00 27.07it/s  
Predicting ━━━━━━━━━━━━━━━━━━━━━━━━━━━━━━━━━━━━━━━━ 8/8 0:00:00 • 0:00:00 26.14it/s  
Predicting ━━━━━━━━━━━━━━━━━━━━━━━━━━━━━━━━━━━━━━━━ 8/8 0:00:00 • 0:00:00 27.85it/s  
Predicting ━━━━━━━━━━━━━━━━━━━━━━━━━━━━━━━━━━━━━━━━ 8/8 0:00:00 • 0:00:00 26.88it/s  
Predicting ━━━━━━━━━━━━━━━━━━━━━━━━━━━━━━━━━━━━━━━━ 8/8 0:00:00 • 0:00:00 26.58it/s  
Predicting ━━━━━━━━━━━━━━━━━━━━━━━━━━━━━━━━━━━━━━━━ 8/8 0:00:00 • 0:00:00 26.72it/s  
batch 221: size=500 time=5.73s
Predicting ━━━━━━━━━━━━━━━━━━━━━━━━━━━━━━━━━━━━━━━━ 8/8 0:00:00 • 0:00:00 27.50it/s  
Predicting ━━━━━━━━━━━━━━━━━━━━━━━━━━━━━━━━━━━━━━━━ 8/8 0:00:00 • 0:00:00 26.38it/s  
Predicting ━━━━━━━━━━━━━━━━━━━━━━━━━━━━━━━━━━━━━━━━ 8/8 0:00:00 • 0:00:00 26.47it/s  
Predicting ━━━━━━━━━━━━━━━━━━━━━━━━━━━━━━━━━━━━━━━━ 8/8 0:00:00 • 0:00:00 26.90it/s  
Predicting ━━━━━━━━━━━━━━━━━━━━━━━━━━━━━━━━━━━━━━━━ 8/8 0:00:00 • 0:00:00 26.57it/s  
Predicting ━━━━━━━━━━━━━━━━━━━━━━━━━━━━━━━━━━━━━━━━ 8/8 0:00:00 • 0:00:00 26.06it/s  
Predicting ━━━━━━━━━━━━━━━━━━━━━━━━━━━━━━━━━━━━━━━━ 8/8 0:00:00 • 0:00:00 26.93it/s  
Predicting ━━━━━━━━━━━━━━━━━━━━━━━━━━━━━━━━━━━━━━━━ 8/8 0:00:00 • 0:00:00 30.22it/s  
Predicting ━━━━━━━━━━━━━━━━━━━━━━━━━━━━━━━━━━━━━━━━ 8/8 0:00:00 • 0:00:00 27.30it/s  
Predicting ━━━━━━━━━━━━━━━━━━━━━━━━━━━━━━━━━━━━━━━━ 8/8 0:00:00 • 0:00:00 26.30it/s  
batch 222: size=500 time=5.71s
Predicting ━━━━━━━━━━━━━━━━━━━━━━━━━━━━━━━━━━━━━━━━ 8/8 0:00:00 • 0:00:00 26.38it/s  
Predicting ━━━━━━━━━━━━━━━━━━━━━━━━━━━━━━━━━━━━━━━━ 8/8 0:00:00 • 0:00:00 27.11it/s  
Predicting ━━━━━━━━━━━━━━━━━━━━━━━━━━━━━━━━━━━━━━━━ 8/8 0:00:00 • 0:00:00 26.84it/s  
Predicting ━━━━━━━━━━━━━━━━━━━━━━━━━━━━━━━━━━━━━━━━ 8/8 0:00:00 • 0:00:00 26.46it/s  
Predicting ━━━━━━━━━━━━━━━━━━━━━━━━━━━━━━━━━━━━━━━━ 8/8 0:00:00 • 0:00:00 26.11it/s  
Predicting ━━━━━━━━━━━━━━━━━━━━━━━━━━━━━━━━━━━━━━━━ 8/8 0:00:00 • 0:00:00 26.15it/s  
Predicting ━━━━━━━━━━━━━━━━━━━━━━━━━━━━━━━━━━━━━━━━ 8/8 0:00:00 • 0:00:00 26.17it/s  
Predicting ━━━━━━━━━━━━━━━━━━━━━━━━━━━━━━━━━━━━━━━━ 8/8 0:00:00 • 0:00:00 25.62it/s  
Predicting ━━━━━━━━━━━━━━━━━━━━━━━━━━━━━━━━━━━━━━━━ 8/8 0:00:00 • 0:00:00 26.72it/s  
Predicting ━━━━━━━━━━━━━━━━━━━━━━━━━━━━━━━━━━━━━━━━ 8/8 0:00:00 • 0:00:00 26.71it/s  
batch 223: size=500 time=5.76s
Predicting ━━━━━━━━━━━━━━━━━━━━━━━━━━━━━━━━━━━━━━━━ 8/8 0:00:00 • 0:00:00 26.23it/s  
Predicting ━━━━━━━━━━━━━━━━━━━━━━━━━━━━━━━━━━━━━━━━ 8/8 0:00:00 • 0:00:00 26.47it/s  
Predicting ━━━━━━━━━━━━━━━━━━━━━━━━━━━━━━━━━━━━━━━━ 8/8 0:00:00 • 0:00:00 26.21it/s  
Predicting ━━━━━━━━━━━━━━━━━━━━━━━━━━━━━━━━━━━━━━━━ 8/8 0:00:00 • 0:00:00 27.15it/s  
Predicting ━━━━━━━━━━━━━━━━━━━━━━━━━━━━━━━━━━━━━━━━ 8/8 0:00:00 • 0:00:00 26.47it/s  
Predicting ━━━━━━━━━━━━━━━━━━━━━━━━━━━━━━━━━━━━━━━━ 8/8 0:00:00 • 0:00:00 25.97it/s  
Predicting ━━━━━━━━━━━━━━━━━━━━━━━━━━━━━━━━━━━━━━━━ 8/8 0:00:00 • 0:00:00 26.54it/s  
Predicting ━━━━━━━━━━━━━━━━━━━━━━━━━━━━━━━━━━━━━━━━ 8/8 0:00:00 • 0:00:00 26.95it/s  
Predicting ━━━━━━━━━━━━━━━━━━━━━━━━━━━━━━━━━━━━━━━━ 8/8 0:00:00 • 0:00:00 26.69it/s  
Predicting ━━━━━━━━━━━━━━━━━━━━━━━━━━━━━━━━━━━━━━━━ 8/8 0:00:00 • 0:00:00 26.62it/s  
batch 224: size=500 time=5.78s
Predicting ━━━━━━━━━━━━━━━━━━━━━━━━━━━━━━━━━━━━━━━━ 8/8 0:00:00 • 0:00:00 25.44it/s  
Predicting ━━━━━━━━━━━━━━━━━━━━━━━━━━━━━━━━━━━━━━━━ 8/8 0:00:00 • 0:00:00 26.42it/s  
Predicting ━━━━━━━━━━━━━━━━━━━━━━━━━━━━━━━━━━━━━━━━ 8/8 0:00:00 • 0:00:00 26.23it/s  
Predicting ━━━━━━━━━━━━━━━━━━━━━━━━━━━━━━━━━━━━━━━━ 8/8 0:00:00 • 0:00:00 26.83it/s  
Predicting ━━━━━━━━━━━━━━━━━━━━━━━━━━━━━━━━━━━━━━━━ 8/8 0:00:00 • 0:00:00 26.72it/s  
Predicting ━━━━━━━━━━━━━━━━━━━━━━━━━━━━━━━━━━━━━━━━ 8/8 0:00:00 • 0:00:00 25.99it/s  
Predicting ━━━━━━━━━━━━━━━━━━━━━━━━━━━━━━━━━━━━━━━━ 8/8 0:00:00 • 0:00:00 27.28it/s  
Predicting ━━━━━━━━━━━━━━━━━━━━━━━━━━━━━━━━━━━━━━━━ 8/8 0:00:00 • 0:00:00 26.63it/s  
Predicting ━━━━━━━━━━━━━━━━━━━━━━━━━━━━━━━━━━━━━━━━ 8/8 0:00:00 • 0:00:00 26.51it/s  
Predicting ━━━━━━━━━━━━━━━━━━━━━━━━━━━━━━━━━━━━━━━━ 8/8 0:00:00 • 0:00:00 26.72it/s  
batch 225: size=500 time=5.76s
Predicting ━━━━━━━━━━━━━━━━━━━━━━━━━━━━━━━━━━━━━━━━ 8/8 0:00:00 • 0:00:00 25.29it/s  
Predicting ━━━━━━━━━━━━━━━━━━━━━━━━━━━━━━━━━━━━━━━━ 8/8 0:00:00 • 0:00:00 26.28it/s  
Predicting ━━━━━━━━━━━━━━━━━━━━━━━━━━━━━━━━━━━━━━━━ 8/8 0:00:00 • 0:00:00 26.51it/s  
Predicting ━━━━━━━━━━━━━━━━━━━━━━━━━━━━━━━━━━━━━━━━ 8/8 0:00:00 • 0:00:00 26.79it/s  
Predicting ━━━━━━━━━━━━━━━━━━━━━━━━━━━━━━━━━━━━━━━━ 8/8 0:00:00 • 0:00:00 26.14it/s  
Predicting ━━━━━━━━━━━━━━━━━━━━━━━━━━━━━━━━━━━━━━━━ 8/8 0:00:00 • 0:00:00 26.13it/s  
Predicting ━━━━━━━━━━━━━━━━━━━━━━━━━━━━━━━━━━━━━━━━ 8/8 0:00:00 • 0:00:00 26.61it/s  
Predicting ━━━━━━━━━━━━━━━━━━━━━━━━━━━━━━━━━━━━━━━━ 8/8 0:00:00 • 0:00:00 26.31it/s  
Predicting ━━━━━━━━━━━━━━━━━━━━━━━━━━━━━━━━━━━━━━━━ 8/8 0:00:00 • 0:00:00 28.06it/s  
Predicting ━━━━━━━━━━━━━━━━━━━━━━━━━━━━━━━━━━━━━━━━ 8/8 0:00:00 • 0:00:00 26.49it/s  
batch 226: size=500 time=5.76s
Predicting ━━━━━━━━━━━━━━━━━━━━━━━━━━━━━━━━━━━━━━━━ 8/8 0:00:00 • 0:00:00 26.07it/s  
Predicting ━━━━━━━━━━━━━━━━━━━━━━━━━━━━━━━━━━━━━━━━ 8/8 0:00:00 • 0:00:00 25.86it/s  
Predicting ━━━━━━━━━━━━━━━━━━━━━━━━━━━━━━━━━━━━━━━━ 8/8 0:00:00 • 0:00:00 26.39it/s  
Predicting ━━━━━━━━━━━━━━━━━━━━━━━━━━━━━━━━━━━━━━━━ 8/8 0:00:00 • 0:00:00 26.71it/s  
Predicting ━━━━━━━━━━━━━━━━━━━━━━━━━━━━━━━━━━━━━━━━ 8/8 0:00:00 • 0:00:00 26.93it/s  
Predicting ━━━━━━━━━━━━━━━━━━━━━━━━━━━━━━━━━━━━━━━━ 8/8 0:00:00 • 0:00:00 25.76it/s  
Predicting ━━━━━━━━━━━━━━━━━━━━━━━━━━━━━━━━━━━━━━━━ 8/8 0:00:00 • 0:00:00 26.35it/s  
Predicting ━━━━━━━━━━━━━━━━━━━━━━━━━━━━━━━━━━━━━━━━ 8/8 0:00:00 • 0:00:00 26.84it/s  
Predicting ━━━━━━━━━━━━━━━━━━━━━━━━━━━━━━━━━━━━━━━━ 8/8 0:00:00 • 0:00:00 26.85it/s  
Predicting ━━━━━━━━━━━━━━━━━━━━━━━━━━━━━━━━━━━━━━━━ 8/8 0:00:00 • 0:00:00 26.38it/s  
batch 227: size=500 time=5.78s
Predicting ━━━━━━━━━━━━━━━━━━━━━━━━━━━━━━━━━━━━━━━━ 8/8 0:00:00 • 0:00:00 26.21it/s  
Predicting ━━━━━━━━━━━━━━━━━━━━━━━━━━━━━━━━━━━━━━━━ 8/8 0:00:00 • 0:00:00 25.90it/s  
Predicting ━━━━━━━━━━━━━━━━━━━━━━━━━━━━━━━━━━━━━━━━ 8/8 0:00:00 • 0:00:00 26.29it/s  
Predicting ━━━━━━━━━━━━━━━━━━━━━━━━━━━━━━━━━━━━━━━━ 8/8 0:00:00 • 0:00:00 27.30it/s  
Predicting ━━━━━━━━━━━━━━━━━━━━━━━━━━━━━━━━━━━━━━━━ 8/8 0:00:00 • 0:00:00 27.36it/s  
Predicting ━━━━━━━━━━━━━━━━━━━━━━━━━━━━━━━━━━━━━━━━ 8/8 0:00:00 • 0:00:00 26.38it/s  
Predicting ━━━━━━━━━━━━━━━━━━━━━━━━━━━━━━━━━━━━━━━━ 8/8 0:00:00 • 0:00:00 26.44it/s  
Predicting ━━━━━━━━━━━━━━━━━━━━━━━━━━━━━━━━━━━━━━━━ 8/8 0:00:00 • 0:00:00 26.64it/s  
Predicting ━━━━━━━━━━━━━━━━━━━━━━━━━━━━━━━━━━━━━━━━ 8/8 0:00:00 • 0:00:00 27.65it/s  
Predicting ━━━━━━━━━━━━━━━━━━━━━━━━━━━━━━━━━━━━━━━━ 8/8 0:00:00 • 0:00:00 26.91it/s  
batch 228: size=500 time=5.73s
Predicting ━━━━━━━━━━━━━━━━━━━━━━━━━━━━━━━━━━━━━━━━ 8/8 0:00:00 • 0:00:00 26.66it/s  
Predicting ━━━━━━━━━━━━━━━━━━━━━━━━━━━━━━━━━━━━━━━━ 8/8 0:00:00 • 0:00:00 25.53it/s  
Predicting ━━━━━━━━━━━━━━━━━━━━━━━━━━━━━━━━━━━━━━━━ 8/8 0:00:00 • 0:00:00 27.12it/s  
Predicting ━━━━━━━━━━━━━━━━━━━━━━━━━━━━━━━━━━━━━━━━ 8/8 0:00:00 • 0:00:00 25.67it/s  
Predicting ━━━━━━━━━━━━━━━━━━━━━━━━━━━━━━━━━━━━━━━━ 8/8 0:00:00 • 0:00:00 25.07it/s  
Predicting ━━━━━━━━━━━━━━━━━━━━━━━━━━━━━━━━━━━━━━━━ 8/8 0:00:00 • 0:00:00 26.52it/s  
Predicting ━━━━━━━━━━━━━━━━━━━━━━━━━━━━━━━━━━━━━━━━ 8/8 0:00:00 • 0:00:00 27.09it/s  
Predicting ━━━━━━━━━━━━━━━━━━━━━━━━━━━━━━━━━━━━━━━━ 8/8 0:00:00 • 0:00:00 27.61it/s  
Predicting ━━━━━━━━━━━━━━━━━━━━━━━━━━━━━━━━━━━━━━━━ 8/8 0:00:00 • 0:00:00 27.58it/s  
Predicting ━━━━━━━━━━━━━━━━━━━━━━━━━━━━━━━━━━━━━━━━ 8/8 0:00:00 • 0:00:00 27.31it/s  
batch 229: size=500 time=5.74s
Predicting ━━━━━━━━━━━━━━━━━━━━━━━━━━━━━━━━━━━━━━━━ 8/8 0:00:00 • 0:00:00 26.10it/s  
Predicting ━━━━━━━━━━━━━━━━━━━━━━━━━━━━━━━━━━━━━━━━ 8/8 0:00:00 • 0:00:00 26.73it/s  
Predicting ━━━━━━━━━━━━━━━━━━━━━━━━━━━━━━━━━━━━━━━━ 8/8 0:00:00 • 0:00:00 26.78it/s  
Predicting ━━━━━━━━━━━━━━━━━━━━━━━━━━━━━━━━━━━━━━━━ 8/8 0:00:00 • 0:00:00 27.29it/s  
Predicting ━━━━━━━━━━━━━━━━━━━━━━━━━━━━━━━━━━━━━━━━ 8/8 0:00:00 • 0:00:00 27.12it/s  
Predicting ━━━━━━━━━━━━━━━━━━━━━━━━━━━━━━━━━━━━━━━━ 8/8 0:00:00 • 0:00:00 26.58it/s  
Predicting ━━━━━━━━━━━━━━━━━━━━━━━━━━━━━━━━━━━━━━━━ 8/8 0:00:00 • 0:00:00 26.30it/s  
Predicting ━━━━━━━━━━━━━━━━━━━━━━━━━━━━━━━━━━━━━━━━ 8/8 0:00:00 • 0:00:00 26.69it/s  
Predicting ━━━━━━━━━━━━━━━━━━━━━━━━━━━━━━━━━━━━━━━━ 8/8 0:00:00 • 0:00:00 27.34it/s  
Predicting ━━━━━━━━━━━━━━━━━━━━━━━━━━━━━━━━━━━━━━━━ 8/8 0:00:00 • 0:00:00 26.73it/s  
batch 230: size=500 time=5.74s
Predicting ━━━━━━━━━━━━━━━━━━━━━━━━━━━━━━━━━━━━━━━━ 8/8 0:00:00 • 0:00:00 26.26it/s  
Predicting ━━━━━━━━━━━━━━━━━━━━━━━━━━━━━━━━━━━━━━━━ 8/8 0:00:00 • 0:00:00 26.46it/s  
Predicting ━━━━━━━━━━━━━━━━━━━━━━━━━━━━━━━━━━━━━━━━ 8/8 0:00:00 • 0:00:00 27.29it/s  
Predicting ━━━━━━━━━━━━━━━━━━━━━━━━━━━━━━━━━━━━━━━━ 8/8 0:00:00 • 0:00:00 26.64it/s  
Predicting ━━━━━━━━━━━━━━━━━━━━━━━━━━━━━━━━━━━━━━━━ 8/8 0:00:00 • 0:00:00 27.03it/s  
Predicting ━━━━━━━━━━━━━━━━━━━━━━━━━━━━━━━━━━━━━━━━ 8/8 0:00:00 • 0:00:00 27.35it/s  
Predicting ━━━━━━━━━━━━━━━━━━━━━━━━━━━━━━━━━━━━━━━━ 8/8 0:00:00 • 0:00:00 26.51it/s  
Predicting ━━━━━━━━━━━━━━━━━━━━━━━━━━━━━━━━━━━━━━━━ 8/8 0:00:00 • 0:00:00 27.14it/s  
Predicting ━━━━━━━━━━━━━━━━━━━━━━━━━━━━━━━━━━━━━━━━ 8/8 0:00:00 • 0:00:00 27.05it/s  
Predicting ━━━━━━━━━━━━━━━━━━━━━━━━━━━━━━━━━━━━━━━━ 8/8 0:00:00 • 0:00:00 27.42it/s  
batch 231: size=500 time=5.73s
Predicting ━━━━━━━━━━━━━━━━━━━━━━━━━━━━━━━━━━━━━━━━ 8/8 0:00:00 • 0:00:00 25.76it/s  
Predicting ━━━━━━━━━━━━━━━━━━━━━━━━━━━━━━━━━━━━━━━━ 8/8 0:00:00 • 0:00:00 26.61it/s  
Predicting ━━━━━━━━━━━━━━━━━━━━━━━━━━━━━━━━━━━━━━━━ 8/8 0:00:00 • 0:00:00 26.47it/s  
Predicting ━━━━━━━━━━━━━━━━━━━━━━━━━━━━━━━━━━━━━━━━ 8/8 0:00:00 • 0:00:00 27.07it/s  
Predicting ━━━━━━━━━━━━━━━━━━━━━━━━━━━━━━━━━━━━━━━━ 8/8 0:00:00 • 0:00:00 27.15it/s  
Predicting ━━━━━━━━━━━━━━━━━━━━━━━━━━━━━━━━━━━━━━━━ 8/8 0:00:00 • 0:00:00 25.87it/s  
Predicting ━━━━━━━━━━━━━━━━━━━━━━━━━━━━━━━━━━━━━━━━ 8/8 0:00:00 • 0:00:00 26.82it/s  
Predicting ━━━━━━━━━━━━━━━━━━━━━━━━━━━━━━━━━━━━━━━━ 8/8 0:00:00 • 0:00:00 26.85it/s  
Predicting ━━━━━━━━━━━━━━━━━━━━━━━━━━━━━━━━━━━━━━━━ 8/8 0:00:00 • 0:00:00 26.79it/s  
Predicting ━━━━━━━━━━━━━━━━━━━━━━━━━━━━━━━━━━━━━━━━ 8/8 0:00:00 • 0:00:00 27.44it/s  
batch 232: size=500 time=5.76s
Predicting ━━━━━━━━━━━━━━━━━━━━━━━━━━━━━━━━━━━━━━━━ 8/8 0:00:00 • 0:00:00 25.90it/s  
Predicting ━━━━━━━━━━━━━━━━━━━━━━━━━━━━━━━━━━━━━━━━ 8/8 0:00:00 • 0:00:00 27.58it/s  
Predicting ━━━━━━━━━━━━━━━━━━━━━━━━━━━━━━━━━━━━━━━━ 8/8 0:00:00 • 0:00:00 27.20it/s  
Predicting ━━━━━━━━━━━━━━━━━━━━━━━━━━━━━━━━━━━━━━━━ 8/8 0:00:00 • 0:00:00 25.81it/s  
Predicting ━━━━━━━━━━━━━━━━━━━━━━━━━━━━━━━━━━━━━━━━ 8/8 0:00:00 • 0:00:00 27.06it/s  
Predicting ━━━━━━━━━━━━━━━━━━━━━━━━━━━━━━━━━━━━━━━━ 8/8 0:00:00 • 0:00:00 25.45it/s  
Predicting ━━━━━━━━━━━━━━━━━━━━━━━━━━━━━━━━━━━━━━━━ 8/8 0:00:00 • 0:00:00 26.30it/s  
Predicting ━━━━━━━━━━━━━━━━━━━━━━━━━━━━━━━━━━━━━━━━ 8/8 0:00:00 • 0:00:00 27.91it/s  
Predicting ━━━━━━━━━━━━━━━━━━━━━━━━━━━━━━━━━━━━━━━━ 8/8 0:00:00 • 0:00:00 26.79it/s  
Predicting ━━━━━━━━━━━━━━━━━━━━━━━━━━━━━━━━━━━━━━━━ 8/8 0:00:00 • 0:00:00 27.01it/s  
batch 233: size=500 time=5.73s
Predicting ━━━━━━━━━━━━━━━━━━━━━━━━━━━━━━━━━━━━━━━━ 8/8 0:00:00 • 0:00:00 25.14it/s  
Predicting ━━━━━━━━━━━━━━━━━━━━━━━━━━━━━━━━━━━━━━━━ 8/8 0:00:00 • 0:00:00 25.96it/s  
Predicting ━━━━━━━━━━━━━━━━━━━━━━━━━━━━━━━━━━━━━━━━ 8/8 0:00:00 • 0:00:00 26.40it/s  
Predicting ━━━━━━━━━━━━━━━━━━━━━━━━━━━━━━━━━━━━━━━━ 8/8 0:00:00 • 0:00:00 27.06it/s  
Predicting ━━━━━━━━━━━━━━━━━━━━━━━━━━━━━━━━━━━━━━━━ 8/8 0:00:00 • 0:00:00 27.81it/s  
Predicting ━━━━━━━━━━━━━━━━━━━━━━━━━━━━━━━━━━━━━━━━ 8/8 0:00:00 • 0:00:00 25.65it/s  
Predicting ━━━━━━━━━━━━━━━━━━━━━━━━━━━━━━━━━━━━━━━━ 8/8 0:00:00 • 0:00:00 26.24it/s  
Predicting ━━━━━━━━━━━━━━━━━━━━━━━━━━━━━━━━━━━━━━━━ 8/8 0:00:00 • 0:00:00 26.78it/s  
Predicting ━━━━━━━━━━━━━━━━━━━━━━━━━━━━━━━━━━━━━━━━ 8/8 0:00:00 • 0:00:00 26.01it/s  
Predicting ━━━━━━━━━━━━━━━━━━━━━━━━━━━━━━━━━━━━━━━━ 8/8 0:00:00 • 0:00:00 25.71it/s  
batch 234: size=500 time=5.83s
Predicting ━━━━━━━━━━━━━━━━━━━━━━━━━━━━━━━━━━━━━━━━ 8/8 0:00:00 • 0:00:00 26.51it/s  
Predicting ━━━━━━━━━━━━━━━━━━━━━━━━━━━━━━━━━━━━━━━━ 8/8 0:00:00 • 0:00:00 26.06it/s  
Predicting ━━━━━━━━━━━━━━━━━━━━━━━━━━━━━━━━━━━━━━━━ 8/8 0:00:00 • 0:00:00 26.79it/s  
Predicting ━━━━━━━━━━━━━━━━━━━━━━━━━━━━━━━━━━━━━━━━ 8/8 0:00:00 • 0:00:00 26.88it/s  
Predicting ━━━━━━━━━━━━━━━━━━━━━━━━━━━━━━━━━━━━━━━━ 8/8 0:00:00 • 0:00:00 26.47it/s  
Predicting ━━━━━━━━━━━━━━━━━━━━━━━━━━━━━━━━━━━━━━━━ 8/8 0:00:00 • 0:00:00 26.07it/s  
Predicting ━━━━━━━━━━━━━━━━━━━━━━━━━━━━━━━━━━━━━━━━ 8/8 0:00:00 • 0:00:00 27.49it/s  
Predicting ━━━━━━━━━━━━━━━━━━━━━━━━━━━━━━━━━━━━━━━━ 8/8 0:00:00 • 0:00:00 26.89it/s  
Predicting ━━━━━━━━━━━━━━━━━━━━━━━━━━━━━━━━━━━━━━━━ 8/8 0:00:00 • 0:00:00 26.98it/s  
Predicting ━━━━━━━━━━━━━━━━━━━━━━━━━━━━━━━━━━━━━━━━ 8/8 0:00:00 • 0:00:00 27.51it/s  
batch 235: size=500 time=5.70s
Predicting ━━━━━━━━━━━━━━━━━━━━━━━━━━━━━━━━━━━━━━━━ 8/8 0:00:00 • 0:00:00 26.92it/s  
Predicting ━━━━━━━━━━━━━━━━━━━━━━━━━━━━━━━━━━━━━━━━ 8/8 0:00:00 • 0:00:00 26.23it/s  
Predicting ━━━━━━━━━━━━━━━━━━━━━━━━━━━━━━━━━━━━━━━━ 8/8 0:00:00 • 0:00:00 26.19it/s  
Predicting ━━━━━━━━━━━━━━━━━━━━━━━━━━━━━━━━━━━━━━━━ 8/8 0:00:00 • 0:00:00 26.57it/s  
Predicting ━━━━━━━━━━━━━━━━━━━━━━━━━━━━━━━━━━━━━━━━ 8/8 0:00:00 • 0:00:00 27.09it/s  
Predicting ━━━━━━━━━━━━━━━━━━━━━━━━━━━━━━━━━━━━━━━━ 8/8 0:00:00 • 0:00:00 26.27it/s  
Predicting ━━━━━━━━━━━━━━━━━━━━━━━━━━━━━━━━━━━━━━━━ 8/8 0:00:00 • 0:00:00 27.03it/s  
Predicting ━━━━━━━━━━━━━━━━━━━━━━━━━━━━━━━━━━━━━━━━ 8/8 0:00:00 • 0:00:00 26.91it/s  
Predicting ━━━━━━━━━━━━━━━━━━━━━━━━━━━━━━━━━━━━━━━━ 8/8 0:00:00 • 0:00:00 26.73it/s  
Predicting ━━━━━━━━━━━━━━━━━━━━━━━━━━━━━━━━━━━━━━━━ 8/8 0:00:00 • 0:00:00 26.86it/s  
batch 236: size=500 time=5.77s
Predicting ━━━━━━━━━━━━━━━━━━━━━━━━━━━━━━━━━━━━━━━━ 8/8 0:00:00 • 0:00:00 26.51it/s  
Predicting ━━━━━━━━━━━━━━━━━━━━━━━━━━━━━━━━━━━━━━━━ 8/8 0:00:00 • 0:00:00 26.97it/s  
Predicting ━━━━━━━━━━━━━━━━━━━━━━━━━━━━━━━━━━━━━━━━ 8/8 0:00:00 • 0:00:00 26.97it/s  
Predicting ━━━━━━━━━━━━━━━━━━━━━━━━━━━━━━━━━━━━━━━━ 8/8 0:00:00 • 0:00:00 27.03it/s  
Predicting ━━━━━━━━━━━━━━━━━━━━━━━━━━━━━━━━━━━━━━━━ 8/8 0:00:00 • 0:00:00 27.59it/s  
Predicting ━━━━━━━━━━━━━━━━━━━━━━━━━━━━━━━━━━━━━━━━ 8/8 0:00:00 • 0:00:00 26.07it/s  
Predicting ━━━━━━━━━━━━━━━━━━━━━━━━━━━━━━━━━━━━━━━━ 8/8 0:00:00 • 0:00:00 27.31it/s  
Predicting ━━━━━━━━━━━━━━━━━━━━━━━━━━━━━━━━━━━━━━━━ 8/8 0:00:00 • 0:00:00 26.64it/s  
Predicting ━━━━━━━━━━━━━━━━━━━━━━━━━━━━━━━━━━━━━━━━ 8/8 0:00:00 • 0:00:00 26.78it/s  
Predicting ━━━━━━━━━━━━━━━━━━━━━━━━━━━━━━━━━━━━━━━━ 8/8 0:00:00 • 0:00:00 26.90it/s  
batch 237: size=500 time=5.72s
Predicting ━━━━━━━━━━━━━━━━━━━━━━━━━━━━━━━━━━━━━━━━ 8/8 0:00:00 • 0:00:00 26.49it/s  
Predicting ━━━━━━━━━━━━━━━━━━━━━━━━━━━━━━━━━━━━━━━━ 8/8 0:00:00 • 0:00:00 26.87it/s  
Predicting ━━━━━━━━━━━━━━━━━━━━━━━━━━━━━━━━━━━━━━━━ 8/8 0:00:00 • 0:00:00 27.38it/s  
Predicting ━━━━━━━━━━━━━━━━━━━━━━━━━━━━━━━━━━━━━━━━ 8/8 0:00:00 • 0:00:00 26.94it/s  
Predicting ━━━━━━━━━━━━━━━━━━━━━━━━━━━━━━━━━━━━━━━━ 8/8 0:00:00 • 0:00:00 26.50it/s  
Predicting ━━━━━━━━━━━━━━━━━━━━━━━━━━━━━━━━━━━━━━━━ 8/8 0:00:00 • 0:00:00 26.88it/s  
Predicting ━━━━━━━━━━━━━━━━━━━━━━━━━━━━━━━━━━━━━━━━ 8/8 0:00:00 • 0:00:00 26.41it/s  
Predicting ━━━━━━━━━━━━━━━━━━━━━━━━━━━━━━━━━━━━━━━━ 8/8 0:00:00 • 0:00:00 27.22it/s  
Predicting ━━━━━━━━━━━━━━━━━━━━━━━━━━━━━━━━━━━━━━━━ 8/8 0:00:00 • 0:00:00 27.34it/s  
Predicting ━━━━━━━━━━━━━━━━━━━━━━━━━━━━━━━━━━━━━━━━ 8/8 0:00:00 • 0:00:00 26.96it/s  
batch 238: size=500 time=5.72s
Predicting ━━━━━━━━━━━━━━━━━━━━━━━━━━━━━━━━━━━━━━━━ 8/8 0:00:00 • 0:00:00 26.45it/s  
Predicting ━━━━━━━━━━━━━━━━━━━━━━━━━━━━━━━━━━━━━━━━ 8/8 0:00:00 • 0:00:00 26.91it/s  
Predicting ━━━━━━━━━━━━━━━━━━━━━━━━━━━━━━━━━━━━━━━━ 8/8 0:00:00 • 0:00:00 27.08it/s  
Predicting ━━━━━━━━━━━━━━━━━━━━━━━━━━━━━━━━━━━━━━━━ 8/8 0:00:00 • 0:00:00 26.86it/s  
Predicting ━━━━━━━━━━━━━━━━━━━━━━━━━━━━━━━━━━━━━━━━ 8/8 0:00:00 • 0:00:00 27.65it/s  
Predicting ━━━━━━━━━━━━━━━━━━━━━━━━━━━━━━━━━━━━━━━━ 8/8 0:00:00 • 0:00:00 26.45it/s  
Predicting ━━━━━━━━━━━━━━━━━━━━━━━━━━━━━━━━━━━━━━━━ 8/8 0:00:00 • 0:00:00 26.81it/s  
Predicting ━━━━━━━━━━━━━━━━━━━━━━━━━━━━━━━━━━━━━━━━ 8/8 0:00:00 • 0:00:00 25.93it/s  
Predicting ━━━━━━━━━━━━━━━━━━━━━━━━━━━━━━━━━━━━━━━━ 8/8 0:00:00 • 0:00:00 27.50it/s  
Predicting ━━━━━━━━━━━━━━━━━━━━━━━━━━━━━━━━━━━━━━━━ 8/8 0:00:00 • 0:00:00 26.77it/s  
batch 239: size=500 time=5.80s
Predicting ━━━━━━━━━━━━━━━━━━━━━━━━━━━━━━━━━━━━━━━━ 8/8 0:00:00 • 0:00:00 25.48it/s  
Predicting ━━━━━━━━━━━━━━━━━━━━━━━━━━━━━━━━━━━━━━━━ 8/8 0:00:00 • 0:00:00 26.61it/s  
Predicting ━━━━━━━━━━━━━━━━━━━━━━━━━━━━━━━━━━━━━━━━ 8/8 0:00:00 • 0:00:00 25.96it/s  
Predicting ━━━━━━━━━━━━━━━━━━━━━━━━━━━━━━━━━━━━━━━━ 8/8 0:00:00 • 0:00:00 26.46it/s  
Predicting ━━━━━━━━━━━━━━━━━━━━━━━━━━━━━━━━━━━━━━━━ 8/8 0:00:00 • 0:00:00 27.35it/s  
Predicting ━━━━━━━━━━━━━━━━━━━━━━━━━━━━━━━━━━━━━━━━ 8/8 0:00:00 • 0:00:00 25.83it/s  
Predicting ━━━━━━━━━━━━━━━━━━━━━━━━━━━━━━━━━━━━━━━━ 8/8 0:00:00 • 0:00:00 26.47it/s  
Predicting ━━━━━━━━━━━━━━━━━━━━━━━━━━━━━━━━━━━━━━━━ 8/8 0:00:00 • 0:00:00 27.19it/s  
Predicting ━━━━━━━━━━━━━━━━━━━━━━━━━━━━━━━━━━━━━━━━ 8/8 0:00:00 • 0:00:00 26.78it/s  
Predicting ━━━━━━━━━━━━━━━━━━━━━━━━━━━━━━━━━━━━━━━━ 8/8 0:00:00 • 0:00:00 26.29it/s  
batch 240: size=500 time=5.84s
Predicting ━━━━━━━━━━━━━━━━━━━━━━━━━━━━━━━━━━━━━━━━ 8/8 0:00:00 • 0:00:00 27.04it/s  
Predicting ━━━━━━━━━━━━━━━━━━━━━━━━━━━━━━━━━━━━━━━━ 8/8 0:00:00 • 0:00:00 26.30it/s  
Predicting ━━━━━━━━━━━━━━━━━━━━━━━━━━━━━━━━━━━━━━━━ 8/8 0:00:00 • 0:00:00 26.13it/s  
Predicting ━━━━━━━━━━━━━━━━━━━━━━━━━━━━━━━━━━━━━━━━ 8/8 0:00:00 • 0:00:00 26.54it/s  
Predicting ━━━━━━━━━━━━━━━━━━━━━━━━━━━━━━━━━━━━━━━━ 8/8 0:00:00 • 0:00:00 26.99it/s  
Predicting ━━━━━━━━━━━━━━━━━━━━━━━━━━━━━━━━━━━━━━━━ 8/8 0:00:00 • 0:00:00 25.87it/s  
Predicting ━━━━━━━━━━━━━━━━━━━━━━━━━━━━━━━━━━━━━━━━ 8/8 0:00:00 • 0:00:00 26.42it/s  
Predicting ━━━━━━━━━━━━━━━━━━━━━━━━━━━━━━━━━━━━━━━━ 8/8 0:00:00 • 0:00:00 26.37it/s  
Predicting ━━━━━━━━━━━━━━━━━━━━━━━━━━━━━━━━━━━━━━━━ 8/8 0:00:00 • 0:00:00 26.75it/s  
Predicting ━━━━━━━━━━━━━━━━━━━━━━━━━━━━━━━━━━━━━━━━ 8/8 0:00:00 • 0:00:00 27.62it/s  
batch 241: size=500 time=5.78s
Predicting ━━━━━━━━━━━━━━━━━━━━━━━━━━━━━━━━━━━━━━━━ 8/8 0:00:00 • 0:00:00 25.85it/s  
Predicting ━━━━━━━━━━━━━━━━━━━━━━━━━━━━━━━━━━━━━━━━ 8/8 0:00:00 • 0:00:00 26.30it/s  
Predicting ━━━━━━━━━━━━━━━━━━━━━━━━━━━━━━━━━━━━━━━━ 8/8 0:00:00 • 0:00:00 27.72it/s  
Predicting ━━━━━━━━━━━━━━━━━━━━━━━━━━━━━━━━━━━━━━━━ 8/8 0:00:00 • 0:00:00 27.17it/s  
Predicting ━━━━━━━━━━━━━━━━━━━━━━━━━━━━━━━━━━━━━━━━ 8/8 0:00:00 • 0:00:00 26.82it/s  
Predicting ━━━━━━━━━━━━━━━━━━━━━━━━━━━━━━━━━━━━━━━━ 8/8 0:00:00 • 0:00:00 26.01it/s  
Predicting ━━━━━━━━━━━━━━━━━━━━━━━━━━━━━━━━━━━━━━━━ 8/8 0:00:00 • 0:00:00 26.22it/s  
Predicting ━━━━━━━━━━━━━━━━━━━━━━━━━━━━━━━━━━━━━━━━ 8/8 0:00:00 • 0:00:00 27.14it/s  
Predicting ━━━━━━━━━━━━━━━━━━━━━━━━━━━━━━━━━━━━━━━━ 8/8 0:00:00 • 0:00:00 26.62it/s  
Predicting ━━━━━━━━━━━━━━━━━━━━━━━━━━━━━━━━━━━━━━━━ 8/8 0:00:00 • 0:00:00 26.54it/s  
batch 242: size=500 time=5.79s
Predicting ━━━━━━━━━━━━━━━━━━━━━━━━━━━━━━━━━━━━━━━━ 8/8 0:00:00 • 0:00:00 27.01it/s  
Predicting ━━━━━━━━━━━━━━━━━━━━━━━━━━━━━━━━━━━━━━━━ 8/8 0:00:00 • 0:00:00 29.53it/s  
Predicting ━━━━━━━━━━━━━━━━━━━━━━━━━━━━━━━━━━━━━━━━ 8/8 0:00:00 • 0:00:00 30.52it/s  
Predicting ━━━━━━━━━━━━━━━━━━━━━━━━━━━━━━━━━━━━━━━━ 8/8 0:00:00 • 0:00:00 29.19it/s  
Predicting ━━━━━━━━━━━━━━━━━━━━━━━━━━━━━━━━━━━━━━━━ 8/8 0:00:00 • 0:00:00 28.44it/s  
Predicting ━━━━━━━━━━━━━━━━━━━━━━━━━━━━━━━━━━━━━━━━ 8/8 0:00:00 • 0:00:00 27.99it/s  
Predicting ━━━━━━━━━━━━━━━━━━━━━━━━━━━━━━━━━━━━━━━━ 8/8 0:00:00 • 0:00:00 29.61it/s  
Predicting ━━━━━━━━━━━━━━━━━━━━━━━━━━━━━━━━━━━━━━━━ 8/8 0:00:00 • 0:00:00 29.00it/s  
Predicting ━━━━━━━━━━━━━━━━━━━━━━━━━━━━━━━━━━━━━━━━ 8/8 0:00:00 • 0:00:00 30.56it/s  
Predicting ━━━━━━━━━━━━━━━━━━━━━━━━━━━━━━━━━━━━━━━━ 8/8 0:00:00 • 0:00:00 30.14it/s  
batch 243: size=500 time=5.44s
Predicting ━━━━━━━━━━━━━━━━━━━━━━━━━━━━━━━━━━━━━━━━ 8/8 0:00:00 • 0:00:00 28.71it/s  
Predicting ━━━━━━━━━━━━━━━━━━━━━━━━━━━━━━━━━━━━━━━━ 8/8 0:00:00 • 0:00:00 29.67it/s  
Predicting ━━━━━━━━━━━━━━━━━━━━━━━━━━━━━━━━━━━━━━━━ 8/8 0:00:00 • 0:00:00 30.18it/s  
Predicting ━━━━━━━━━━━━━━━━━━━━━━━━━━━━━━━━━━━━━━━━ 8/8 0:00:00 • 0:00:00 29.44it/s  
Predicting ━━━━━━━━━━━━━━━━━━━━━━━━━━━━━━━━━━━━━━━━ 8/8 0:00:00 • 0:00:00 29.92it/s  
Predicting ━━━━━━━━━━━━━━━━━━━━━━━━━━━━━━━━━━━━━━━━ 8/8 0:00:00 • 0:00:00 27.40it/s  
Predicting ━━━━━━━━━━━━━━━━━━━━━━━━━━━━━━━━━━━━━━━━ 8/8 0:00:00 • 0:00:00 29.37it/s  
Predicting ━━━━━━━━━━━━━━━━━━━━━━━━━━━━━━━━━━━━━━━━ 8/8 0:00:00 • 0:00:00 30.16it/s  
Predicting ━━━━━━━━━━━━━━━━━━━━━━━━━━━━━━━━━━━━━━━━ 8/8 0:00:00 • 0:00:00 30.05it/s  
Predicting ━━━━━━━━━━━━━━━━━━━━━━━━━━━━━━━━━━━━━━━━ 8/8 0:00:00 • 0:00:00 29.78it/s  
batch 244: size=500 time=5.53s
Predicting ━━━━━━━━━━━━━━━━━━━━━━━━━━━━━━━━━━━━━━━━ 8/8 0:00:00 • 0:00:00 25.90it/s  
Predicting ━━━━━━━━━━━━━━━━━━━━━━━━━━━━━━━━━━━━━━━━ 8/8 0:00:00 • 0:00:00 26.29it/s  
Predicting ━━━━━━━━━━━━━━━━━━━━━━━━━━━━━━━━━━━━━━━━ 8/8 0:00:00 • 0:00:00 27.47it/s  
Predicting ━━━━━━━━━━━━━━━━━━━━━━━━━━━━━━━━━━━━━━━━ 8/8 0:00:00 • 0:00:00 26.44it/s  
Predicting ━━━━━━━━━━━━━━━━━━━━━━━━━━━━━━━━━━━━━━━━ 8/8 0:00:00 • 0:00:00 26.75it/s  
Predicting ━━━━━━━━━━━━━━━━━━━━━━━━━━━━━━━━━━━━━━━━ 8/8 0:00:00 • 0:00:00 26.49it/s  
Predicting ━━━━━━━━━━━━━━━━━━━━━━━━━━━━━━━━━━━━━━━━ 8/8 0:00:00 • 0:00:00 26.70it/s  
Predicting ━━━━━━━━━━━━━━━━━━━━━━━━━━━━━━━━━━━━━━━━ 8/8 0:00:00 • 0:00:00 27.15it/s  
Predicting ━━━━━━━━━━━━━━━━━━━━━━━━━━━━━━━━━━━━━━━━ 8/8 0:00:00 • 0:00:00 27.17it/s  
Predicting ━━━━━━━━━━━━━━━━━━━━━━━━━━━━━━━━━━━━━━━━ 8/8 0:00:00 • 0:00:00 27.17it/s  
batch 245: size=500 time=5.78s
Predicting ━━━━━━━━━━━━━━━━━━━━━━━━━━━━━━━━━━━━━━━━ 8/8 0:00:00 • 0:00:00 26.13it/s  
Predicting ━━━━━━━━━━━━━━━━━━━━━━━━━━━━━━━━━━━━━━━━ 8/8 0:00:00 • 0:00:00 26.88it/s  
Predicting ━━━━━━━━━━━━━━━━━━━━━━━━━━━━━━━━━━━━━━━━ 8/8 0:00:00 • 0:00:00 27.13it/s  
Predicting ━━━━━━━━━━━━━━━━━━━━━━━━━━━━━━━━━━━━━━━━ 8/8 0:00:00 • 0:00:00 26.92it/s  
Predicting ━━━━━━━━━━━━━━━━━━━━━━━━━━━━━━━━━━━━━━━━ 8/8 0:00:00 • 0:00:00 26.08it/s  
Predicting ━━━━━━━━━━━━━━━━━━━━━━━━━━━━━━━━━━━━━━━━ 8/8 0:00:00 • 0:00:00 26.24it/s  
Predicting ━━━━━━━━━━━━━━━━━━━━━━━━━━━━━━━━━━━━━━━━ 8/8 0:00:00 • 0:00:00 26.30it/s  
Predicting ━━━━━━━━━━━━━━━━━━━━━━━━━━━━━━━━━━━━━━━━ 8/8 0:00:00 • 0:00:00 26.43it/s  
Predicting ━━━━━━━━━━━━━━━━━━━━━━━━━━━━━━━━━━━━━━━━ 8/8 0:00:00 • 0:00:00 27.57it/s  
Predicting ━━━━━━━━━━━━━━━━━━━━━━━━━━━━━━━━━━━━━━━━ 8/8 0:00:00 • 0:00:00 26.92it/s  
batch 246: size=500 time=5.81s
Predicting ━━━━━━━━━━━━━━━━━━━━━━━━━━━━━━━━━━━━━━━━ 8/8 0:00:00 • 0:00:00 27.15it/s  
Predicting ━━━━━━━━━━━━━━━━━━━━━━━━━━━━━━━━━━━━━━━━ 8/8 0:00:00 • 0:00:00 27.00it/s  
Predicting ━━━━━━━━━━━━━━━━━━━━━━━━━━━━━━━━━━━━━━━━ 8/8 0:00:00 • 0:00:00 26.66it/s  
Predicting ━━━━━━━━━━━━━━━━━━━━━━━━━━━━━━━━━━━━━━━━ 8/8 0:00:00 • 0:00:00 26.45it/s  
Predicting ━━━━━━━━━━━━━━━━━━━━━━━━━━━━━━━━━━━━━━━━ 8/8 0:00:00 • 0:00:00 26.76it/s  
Predicting ━━━━━━━━━━━━━━━━━━━━━━━━━━━━━━━━━━━━━━━━ 8/8 0:00:00 • 0:00:00 26.18it/s  
Predicting ━━━━━━━━━━━━━━━━━━━━━━━━━━━━━━━━━━━━━━━━ 8/8 0:00:00 • 0:00:00 26.85it/s  
Predicting ━━━━━━━━━━━━━━━━━━━━━━━━━━━━━━━━━━━━━━━━ 8/8 0:00:00 • 0:00:00 26.51it/s  
Predicting ━━━━━━━━━━━━━━━━━━━━━━━━━━━━━━━━━━━━━━━━ 8/8 0:00:00 • 0:00:00 26.63it/s  
Predicting ━━━━━━━━━━━━━━━━━━━━━━━━━━━━━━━━━━━━━━━━ 8/8 0:00:00 • 0:00:00 27.10it/s  
batch 247: size=500 time=5.74s
Predicting ━━━━━━━━━━━━━━━━━━━━━━━━━━━━━━━━━━━━━━━━ 8/8 0:00:00 • 0:00:00 26.54it/s  
Predicting ━━━━━━━━━━━━━━━━━━━━━━━━━━━━━━━━━━━━━━━━ 8/8 0:00:00 • 0:00:00 26.31it/s  
Predicting ━━━━━━━━━━━━━━━━━━━━━━━━━━━━━━━━━━━━━━━━ 8/8 0:00:00 • 0:00:00 26.65it/s  
Predicting ━━━━━━━━━━━━━━━━━━━━━━━━━━━━━━━━━━━━━━━━ 8/8 0:00:00 • 0:00:00 26.27it/s  
Predicting ━━━━━━━━━━━━━━━━━━━━━━━━━━━━━━━━━━━━━━━━ 8/8 0:00:00 • 0:00:00 27.33it/s  
Predicting ━━━━━━━━━━━━━━━━━━━━━━━━━━━━━━━━━━━━━━━━ 8/8 0:00:00 • 0:00:00 26.17it/s  
Predicting ━━━━━━━━━━━━━━━━━━━━━━━━━━━━━━━━━━━━━━━━ 8/8 0:00:00 • 0:00:00 26.61it/s  
Predicting ━━━━━━━━━━━━━━━━━━━━━━━━━━━━━━━━━━━━━━━━ 8/8 0:00:00 • 0:00:00 27.33it/s  
Predicting ━━━━━━━━━━━━━━━━━━━━━━━━━━━━━━━━━━━━━━━━ 8/8 0:00:00 • 0:00:00 27.05it/s  
Predicting ━━━━━━━━━━━━━━━━━━━━━━━━━━━━━━━━━━━━━━━━ 8/8 0:00:00 • 0:00:00 26.44it/s  
batch 248: size=500 time=5.75s
Predicting ━━━━━━━━━━━━━━━━━━━━━━━━━━━━━━━━━━━━━━━━ 8/8 0:00:00 • 0:00:00 26.13it/s  
Predicting ━━━━━━━━━━━━━━━━━━━━━━━━━━━━━━━━━━━━━━━━ 8/8 0:00:00 • 0:00:00 26.56it/s  
Predicting ━━━━━━━━━━━━━━━━━━━━━━━━━━━━━━━━━━━━━━━━ 8/8 0:00:00 • 0:00:00 26.64it/s  
Predicting ━━━━━━━━━━━━━━━━━━━━━━━━━━━━━━━━━━━━━━━━ 8/8 0:00:00 • 0:00:00 27.25it/s  
Predicting ━━━━━━━━━━━━━━━━━━━━━━━━━━━━━━━━━━━━━━━━ 8/8 0:00:00 • 0:00:00 26.85it/s  
Predicting ━━━━━━━━━━━━━━━━━━━━━━━━━━━━━━━━━━━━━━━━ 8/8 0:00:00 • 0:00:00 27.08it/s  
Predicting ━━━━━━━━━━━━━━━━━━━━━━━━━━━━━━━━━━━━━━━━ 8/8 0:00:00 • 0:00:00 27.32it/s  
Predicting ━━━━━━━━━━━━━━━━━━━━━━━━━━━━━━━━━━━━━━━━ 8/8 0:00:00 • 0:00:00 27.42it/s  
Predicting ━━━━━━━━━━━━━━━━━━━━━━━━━━━━━━━━━━━━━━━━ 8/8 0:00:00 • 0:00:00 27.49it/s  
Predicting ━━━━━━━━━━━━━━━━━━━━━━━━━━━━━━━━━━━━━━━━ 8/8 0:00:00 • 0:00:00 26.66it/s  
batch 249: size=500 time=5.72s
Predicting ━━━━━━━━━━━━━━━━━━━━━━━━━━━━━━━━━━━━━━━━ 8/8 0:00:00 • 0:00:00 24.69it/s  
Predicting ━━━━━━━━━━━━━━━━━━━━━━━━━━━━━━━━━━━━━━━━ 8/8 0:00:00 • 0:00:00 25.61it/s  
Predicting ━━━━━━━━━━━━━━━━━━━━━━━━━━━━━━━━━━━━━━━━ 8/8 0:00:00 • 0:00:00 24.37it/s  
Predicting ━━━━━━━━━━━━━━━━━━━━━━━━━━━━━━━━━━━━━━━━ 8/8 0:00:00 • 0:00:00 19.34it/s  
Predicting ━━━━━━━━━━━━━━━━━━━━━━━━━━━━━━━━━━━━━━━━ 8/8 0:00:00 • 0:00:00 19.48it/s  
Predicting ━━━━━━━━━━━━━━━━━━━━━━━━━━━━━━━━━━━━━━━━ 8/8 0:00:00 • 0:00:00 19.38it/s  
Predicting ━━━━━━━━━━━━━━━━━━━━━━━━━━━━━━━━━━━━━━━━ 8/8 0:00:00 • 0:00:00 19.63it/s  
Predicting ━━━━━━━━━━━━━━━━━━━━━━━━━━━━━━━━━━━━━━━━ 8/8 0:00:00 • 0:00:00 30.78it/s  
Predicting ━━━━━━━━━━━━━━━━━━━━━━━━━━━━━━━━━━━━━━━━ 8/8 0:00:00 • 0:00:00 29.38it/s  
Predicting ━━━━━━━━━━━━━━━━━━━━━━━━━━━━━━━━━━━━━━━━ 8/8 0:00:00 • 0:00:00 28.71it/s  
batch 250: size=500 time=6.16s
Predicting ━━━━━━━━━━━━━━━━━━━━━━━━━━━━━━━━━━━━━━━━ 8/8 0:00:00 • 0:00:00 28.91it/s  
Predicting ━━━━━━━━━━━━━━━━━━━━━━━━━━━━━━━━━━━━━━━━ 8/8 0:00:00 • 0:00:00 29.19it/s  
Predicting ━━━━━━━━━━━━━━━━━━━━━━━━━━━━━━━━━━━━━━━━ 8/8 0:00:00 • 0:00:00 29.74it/s  
Predicting ━━━━━━━━━━━━━━━━━━━━━━━━━━━━━━━━━━━━━━━━ 8/8 0:00:00 • 0:00:00 30.64it/s  
Predicting ━━━━━━━━━━━━━━━━━━━━━━━━━━━━━━━━━━━━━━━━ 8/8 0:00:00 • 0:00:00 30.62it/s  
Predicting ━━━━━━━━━━━━━━━━━━━━━━━━━━━━━━━━━━━━━━━━ 8/8 0:00:00 • 0:00:00 26.59it/s  
Predicting ━━━━━━━━━━━━━━━━━━━━━━━━━━━━━━━━━━━━━━━━ 8/8 0:00:00 • 0:00:00 26.95it/s  
Predicting ━━━━━━━━━━━━━━━━━━━━━━━━━━━━━━━━━━━━━━━━ 8/8 0:00:00 • 0:00:00 26.96it/s  
Predicting ━━━━━━━━━━━━━━━━━━━━━━━━━━━━━━━━━━━━━━━━ 8/8 0:00:00 • 0:00:00 26.22it/s  
Predicting ━━━━━━━━━━━━━━━━━━━━━━━━━━━━━━━━━━━━━━━━ 8/8 0:00:00 • 0:00:00 26.62it/s  
batch 251: size=500 time=5.60s
Predicting ━━━━━━━━━━━━━━━━━━━━━━━━━━━━━━━━━━━━━━━━ 8/8 0:00:00 • 0:00:00 26.20it/s  
Predicting ━━━━━━━━━━━━━━━━━━━━━━━━━━━━━━━━━━━━━━━━ 8/8 0:00:00 • 0:00:00 27.34it/s  
Predicting ━━━━━━━━━━━━━━━━━━━━━━━━━━━━━━━━━━━━━━━━ 8/8 0:00:00 • 0:00:00 26.16it/s  
Predicting ━━━━━━━━━━━━━━━━━━━━━━━━━━━━━━━━━━━━━━━━ 8/8 0:00:00 • 0:00:00 26.19it/s  
Predicting ━━━━━━━━━━━━━━━━━━━━━━━━━━━━━━━━━━━━━━━━ 8/8 0:00:00 • 0:00:00 27.17it/s  
Predicting ━━━━━━━━━━━━━━━━━━━━━━━━━━━━━━━━━━━━━━━━ 8/8 0:00:00 • 0:00:00 26.36it/s  
Predicting ━━━━━━━━━━━━━━━━━━━━━━━━━━━━━━━━━━━━━━━━ 8/8 0:00:00 • 0:00:00 26.34it/s  
Predicting ━━━━━━━━━━━━━━━━━━━━━━━━━━━━━━━━━━━━━━━━ 8/8 0:00:00 • 0:00:00 26.68it/s  
Predicting ━━━━━━━━━━━━━━━━━━━━━━━━━━━━━━━━━━━━━━━━ 8/8 0:00:00 • 0:00:00 27.10it/s  
Predicting ━━━━━━━━━━━━━━━━━━━━━━━━━━━━━━━━━━━━━━━━ 8/8 0:00:00 • 0:00:00 26.89it/s  
batch 252: size=500 time=5.82s
Predicting ━━━━━━━━━━━━━━━━━━━━━━━━━━━━━━━━━━━━━━━━ 8/8 0:00:00 • 0:00:00 26.75it/s  
Predicting ━━━━━━━━━━━━━━━━━━━━━━━━━━━━━━━━━━━━━━━━ 8/8 0:00:00 • 0:00:00 27.41it/s  
Predicting ━━━━━━━━━━━━━━━━━━━━━━━━━━━━━━━━━━━━━━━━ 8/8 0:00:00 • 0:00:00 27.41it/s  
Predicting ━━━━━━━━━━━━━━━━━━━━━━━━━━━━━━━━━━━━━━━━ 8/8 0:00:00 • 0:00:00 27.19it/s  
Predicting ━━━━━━━━━━━━━━━━━━━━━━━━━━━━━━━━━━━━━━━━ 8/8 0:00:00 • 0:00:00 27.64it/s  
Predicting ━━━━━━━━━━━━━━━━━━━━━━━━━━━━━━━━━━━━━━━━ 8/8 0:00:00 • 0:00:00 26.00it/s  
Predicting ━━━━━━━━━━━━━━━━━━━━━━━━━━━━━━━━━━━━━━━━ 8/8 0:00:00 • 0:00:00 26.61it/s  
Predicting ━━━━━━━━━━━━━━━━━━━━━━━━━━━━━━━━━━━━━━━━ 8/8 0:00:00 • 0:00:00 26.65it/s  
Predicting ━━━━━━━━━━━━━━━━━━━━━━━━━━━━━━━━━━━━━━━━ 8/8 0:00:00 • 0:00:00 27.56it/s  
Predicting ━━━━━━━━━━━━━━━━━━━━━━━━━━━━━━━━━━━━━━━━ 8/8 0:00:00 • 0:00:00 26.71it/s  
batch 253: size=500 time=5.69s
Predicting ━━━━━━━━━━━━━━━━━━━━━━━━━━━━━━━━━━━━━━━━ 8/8 0:00:00 • 0:00:00 26.88it/s  
Predicting ━━━━━━━━━━━━━━━━━━━━━━━━━━━━━━━━━━━━━━━━ 8/8 0:00:00 • 0:00:00 26.02it/s  
Predicting ━━━━━━━━━━━━━━━━━━━━━━━━━━━━━━━━━━━━━━━━ 8/8 0:00:00 • 0:00:00 26.75it/s  
Predicting ━━━━━━━━━━━━━━━━━━━━━━━━━━━━━━━━━━━━━━━━ 8/8 0:00:00 • 0:00:00 27.62it/s  
Predicting ━━━━━━━━━━━━━━━━━━━━━━━━━━━━━━━━━━━━━━━━ 8/8 0:00:00 • 0:00:00 26.71it/s  
Predicting ━━━━━━━━━━━━━━━━━━━━━━━━━━━━━━━━━━━━━━━━ 8/8 0:00:00 • 0:00:00 25.96it/s  
Predicting ━━━━━━━━━━━━━━━━━━━━━━━━━━━━━━━━━━━━━━━━ 8/8 0:00:00 • 0:00:00 26.92it/s  
Predicting ━━━━━━━━━━━━━━━━━━━━━━━━━━━━━━━━━━━━━━━━ 8/8 0:00:00 • 0:00:00 26.59it/s  
Predicting ━━━━━━━━━━━━━━━━━━━━━━━━━━━━━━━━━━━━━━━━ 8/8 0:00:00 • 0:00:00 28.20it/s  
Predicting ━━━━━━━━━━━━━━━━━━━━━━━━━━━━━━━━━━━━━━━━ 8/8 0:00:00 • 0:00:00 26.22it/s  
batch 254: size=500 time=5.76s
Predicting ━━━━━━━━━━━━━━━━━━━━━━━━━━━━━━━━━━━━━━━━ 8/8 0:00:00 • 0:00:00 26.07it/s  
Predicting ━━━━━━━━━━━━━━━━━━━━━━━━━━━━━━━━━━━━━━━━ 8/8 0:00:00 • 0:00:00 26.86it/s  
Predicting ━━━━━━━━━━━━━━━━━━━━━━━━━━━━━━━━━━━━━━━━ 8/8 0:00:00 • 0:00:00 26.80it/s  
Predicting ━━━━━━━━━━━━━━━━━━━━━━━━━━━━━━━━━━━━━━━━ 8/8 0:00:00 • 0:00:00 27.40it/s  
Predicting ━━━━━━━━━━━━━━━━━━━━━━━━━━━━━━━━━━━━━━━━ 8/8 0:00:00 • 0:00:00 26.90it/s  
Predicting ━━━━━━━━━━━━━━━━━━━━━━━━━━━━━━━━━━━━━━━━ 8/8 0:00:00 • 0:00:00 26.77it/s  
Predicting ━━━━━━━━━━━━━━━━━━━━━━━━━━━━━━━━━━━━━━━━ 8/8 0:00:00 • 0:00:00 26.10it/s  
Predicting ━━━━━━━━━━━━━━━━━━━━━━━━━━━━━━━━━━━━━━━━ 8/8 0:00:00 • 0:00:00 26.99it/s  
Predicting ━━━━━━━━━━━━━━━━━━━━━━━━━━━━━━━━━━━━━━━━ 8/8 0:00:00 • 0:00:00 27.41it/s  
Predicting ━━━━━━━━━━━━━━━━━━━━━━━━━━━━━━━━━━━━━━━━ 8/8 0:00:00 • 0:00:00 26.93it/s  
batch 255: size=500 time=5.74s
Predicting ━━━━━━━━━━━━━━━━━━━━━━━━━━━━━━━━━━━━━━━━ 8/8 0:00:00 • 0:00:00 26.20it/s  
Predicting ━━━━━━━━━━━━━━━━━━━━━━━━━━━━━━━━━━━━━━━━ 8/8 0:00:00 • 0:00:00 26.82it/s  
Predicting ━━━━━━━━━━━━━━━━━━━━━━━━━━━━━━━━━━━━━━━━ 8/8 0:00:00 • 0:00:00 26.34it/s  
Predicting ━━━━━━━━━━━━━━━━━━━━━━━━━━━━━━━━━━━━━━━━ 8/8 0:00:00 • 0:00:00 27.04it/s  
Predicting ━━━━━━━━━━━━━━━━━━━━━━━━━━━━━━━━━━━━━━━━ 8/8 0:00:00 • 0:00:00 26.62it/s  
Predicting ━━━━━━━━━━━━━━━━━━━━━━━━━━━━━━━━━━━━━━━━ 8/8 0:00:00 • 0:00:00 25.96it/s  
Predicting ━━━━━━━━━━━━━━━━━━━━━━━━━━━━━━━━━━━━━━━━ 8/8 0:00:00 • 0:00:00 27.34it/s  
Predicting ━━━━━━━━━━━━━━━━━━━━━━━━━━━━━━━━━━━━━━━━ 8/8 0:00:00 • 0:00:00 27.06it/s  
Predicting ━━━━━━━━━━━━━━━━━━━━━━━━━━━━━━━━━━━━━━━━ 8/8 0:00:00 • 0:00:00 26.37it/s  
Predicting ━━━━━━━━━━━━━━━━━━━━━━━━━━━━━━━━━━━━━━━━ 8/8 0:00:00 • 0:00:00 27.99it/s  
batch 256: size=500 time=5.75s
Predicting ━━━━━━━━━━━━━━━━━━━━━━━━━━━━━━━━━━━━━━━━ 8/8 0:00:00 • 0:00:00 26.47it/s  
Predicting ━━━━━━━━━━━━━━━━━━━━━━━━━━━━━━━━━━━━━━━━ 8/8 0:00:00 • 0:00:00 26.49it/s  
Predicting ━━━━━━━━━━━━━━━━━━━━━━━━━━━━━━━━━━━━━━━━ 8/8 0:00:00 • 0:00:00 27.03it/s  
Predicting ━━━━━━━━━━━━━━━━━━━━━━━━━━━━━━━━━━━━━━━━ 8/8 0:00:00 • 0:00:00 27.14it/s  
Predicting ━━━━━━━━━━━━━━━━━━━━━━━━━━━━━━━━━━━━━━━━ 8/8 0:00:00 • 0:00:00 27.68it/s  
Predicting ━━━━━━━━━━━━━━━━━━━━━━━━━━━━━━━━━━━━━━━━ 8/8 0:00:00 • 0:00:00 26.36it/s  
Predicting ━━━━━━━━━━━━━━━━━━━━━━━━━━━━━━━━━━━━━━━━ 8/8 0:00:00 • 0:00:00 26.47it/s  
Predicting ━━━━━━━━━━━━━━━━━━━━━━━━━━━━━━━━━━━━━━━━ 8/8 0:00:00 • 0:00:00 27.39it/s  
Predicting ━━━━━━━━━━━━━━━━━━━━━━━━━━━━━━━━━━━━━━━━ 8/8 0:00:00 • 0:00:00 27.27it/s  
Predicting ━━━━━━━━━━━━━━━━━━━━━━━━━━━━━━━━━━━━━━━━ 8/8 0:00:00 • 0:00:00 27.13it/s  
batch 257: size=500 time=5.68s
Predicting ━━━━━━━━━━━━━━━━━━━━━━━━━━━━━━━━━━━━━━━━ 8/8 0:00:00 • 0:00:00 25.99it/s  
Predicting ━━━━━━━━━━━━━━━━━━━━━━━━━━━━━━━━━━━━━━━━ 8/8 0:00:00 • 0:00:00 26.48it/s  
Predicting ━━━━━━━━━━━━━━━━━━━━━━━━━━━━━━━━━━━━━━━━ 8/8 0:00:00 • 0:00:00 26.79it/s  
Predicting ━━━━━━━━━━━━━━━━━━━━━━━━━━━━━━━━━━━━━━━━ 8/8 0:00:00 • 0:00:00 27.85it/s  
Predicting ━━━━━━━━━━━━━━━━━━━━━━━━━━━━━━━━━━━━━━━━ 8/8 0:00:00 • 0:00:00 27.06it/s  
Predicting ━━━━━━━━━━━━━━━━━━━━━━━━━━━━━━━━━━━━━━━━ 8/8 0:00:00 • 0:00:00 26.34it/s  
Predicting ━━━━━━━━━━━━━━━━━━━━━━━━━━━━━━━━━━━━━━━━ 8/8 0:00:00 • 0:00:00 27.32it/s  
Predicting ━━━━━━━━━━━━━━━━━━━━━━━━━━━━━━━━━━━━━━━━ 8/8 0:00:00 • 0:00:00 26.85it/s  
Predicting ━━━━━━━━━━━━━━━━━━━━━━━━━━━━━━━━━━━━━━━━ 8/8 0:00:00 • 0:00:00 27.38it/s  
Predicting ━━━━━━━━━━━━━━━━━━━━━━━━━━━━━━━━━━━━━━━━ 8/8 0:00:00 • 0:00:00 27.28it/s  
batch 258: size=500 time=5.73s
Predicting ━━━━━━━━━━━━━━━━━━━━━━━━━━━━━━━━━━━━━━━━ 8/8 0:00:00 • 0:00:00 26.75it/s  
Predicting ━━━━━━━━━━━━━━━━━━━━━━━━━━━━━━━━━━━━━━━━ 8/8 0:00:00 • 0:00:00 26.54it/s  
Predicting ━━━━━━━━━━━━━━━━━━━━━━━━━━━━━━━━━━━━━━━━ 8/8 0:00:00 • 0:00:00 26.24it/s  
Predicting ━━━━━━━━━━━━━━━━━━━━━━━━━━━━━━━━━━━━━━━━ 8/8 0:00:00 • 0:00:00 27.03it/s  
Predicting ━━━━━━━━━━━━━━━━━━━━━━━━━━━━━━━━━━━━━━━━ 8/8 0:00:00 • 0:00:00 26.77it/s  
Predicting ━━━━━━━━━━━━━━━━━━━━━━━━━━━━━━━━━━━━━━━━ 8/8 0:00:00 • 0:00:00 26.55it/s  
Predicting ━━━━━━━━━━━━━━━━━━━━━━━━━━━━━━━━━━━━━━━━ 8/8 0:00:00 • 0:00:00 26.88it/s  
Predicting ━━━━━━━━━━━━━━━━━━━━━━━━━━━━━━━━━━━━━━━━ 8/8 0:00:00 • 0:00:00 26.26it/s  
Predicting ━━━━━━━━━━━━━━━━━━━━━━━━━━━━━━━━━━━━━━━━ 8/8 0:00:00 • 0:00:00 26.61it/s  
Predicting ━━━━━━━━━━━━━━━━━━━━━━━━━━━━━━━━━━━━━━━━ 8/8 0:00:00 • 0:00:00 26.24it/s  
batch 259: size=500 time=5.77s
Predicting ━━━━━━━━━━━━━━━━━━━━━━━━━━━━━━━━━━━━━━━━ 8/8 0:00:00 • 0:00:00 25.79it/s  
Predicting ━━━━━━━━━━━━━━━━━━━━━━━━━━━━━━━━━━━━━━━━ 8/8 0:00:00 • 0:00:00 25.88it/s  
Predicting ━━━━━━━━━━━━━━━━━━━━━━━━━━━━━━━━━━━━━━━━ 8/8 0:00:00 • 0:00:00 27.02it/s  
Predicting ━━━━━━━━━━━━━━━━━━━━━━━━━━━━━━━━━━━━━━━━ 8/8 0:00:00 • 0:00:00 27.16it/s  
Predicting ━━━━━━━━━━━━━━━━━━━━━━━━━━━━━━━━━━━━━━━━ 8/8 0:00:00 • 0:00:00 27.09it/s  
Predicting ━━━━━━━━━━━━━━━━━━━━━━━━━━━━━━━━━━━━━━━━ 8/8 0:00:00 • 0:00:00 24.88it/s  
Predicting ━━━━━━━━━━━━━━━━━━━━━━━━━━━━━━━━━━━━━━━━ 8/8 0:00:00 • 0:00:00 25.18it/s  
Predicting ━━━━━━━━━━━━━━━━━━━━━━━━━━━━━━━━━━━━━━━━ 8/8 0:00:00 • 0:00:00 24.87it/s  
Predicting ━━━━━━━━━━━━━━━━━━━━━━━━━━━━━━━━━━━━━━━━ 8/8 0:00:00 • 0:00:00 19.90it/s  
Predicting ━━━━━━━━━━━━━━━━━━━━━━━━━━━━━━━━━━━━━━━━ 8/8 0:00:00 • 0:00:00 23.08it/s  
batch 260: size=500 time=6.60s
Predicting ━━━━━━━━━━━━━━━━━━━━━━━━━━━━━━━━━━━━━━━━ 8/8 0:00:00 • 0:00:00 28.94it/s  
Predicting ━━━━━━━━━━━━━━━━━━━━━━━━━━━━━━━━━━━━━━━━ 8/8 0:00:00 • 0:00:00 29.27it/s  
Predicting ━━━━━━━━━━━━━━━━━━━━━━━━━━━━━━━━━━━━━━━━ 8/8 0:00:00 • 0:00:00 29.32it/s  
Predicting ━━━━━━━━━━━━━━━━━━━━━━━━━━━━━━━━━━━━━━━━ 8/8 0:00:00 • 0:00:00 29.00it/s  
Predicting ━━━━━━━━━━━━━━━━━━━━━━━━━━━━━━━━━━━━━━━━ 8/8 0:00:00 • 0:00:00 29.62it/s  
Predicting ━━━━━━━━━━━━━━━━━━━━━━━━━━━━━━━━━━━━━━━━ 8/8 0:00:00 • 0:00:00 28.69it/s  
Predicting ━━━━━━━━━━━━━━━━━━━━━━━━━━━━━━━━━━━━━━━━ 8/8 0:00:00 • 0:00:00 30.64it/s  
Predicting ━━━━━━━━━━━━━━━━━━━━━━━━━━━━━━━━━━━━━━━━ 8/8 0:00:00 • 0:00:00 28.78it/s  
Predicting ━━━━━━━━━━━━━━━━━━━━━━━━━━━━━━━━━━━━━━━━ 8/8 0:00:00 • 0:00:00 29.57it/s  
Predicting ━━━━━━━━━━━━━━━━━━━━━━━━━━━━━━━━━━━━━━━━ 8/8 0:00:00 • 0:00:00 28.53it/s  
batch 261: size=500 time=5.52s
Predicting ━━━━━━━━━━━━━━━━━━━━━━━━━━━━━━━━━━━━━━━━ 8/8 0:00:00 • 0:00:00 27.62it/s  
Predicting ━━━━━━━━━━━━━━━━━━━━━━━━━━━━━━━━━━━━━━━━ 8/8 0:00:00 • 0:00:00 28.56it/s  
Predicting ━━━━━━━━━━━━━━━━━━━━━━━━━━━━━━━━━━━━━━━━ 8/8 0:00:00 • 0:00:00 26.57it/s  
Predicting ━━━━━━━━━━━━━━━━━━━━━━━━━━━━━━━━━━━━━━━━ 8/8 0:00:00 • 0:00:00 28.02it/s  
Predicting ━━━━━━━━━━━━━━━━━━━━━━━━━━━━━━━━━━━━━━━━ 8/8 0:00:00 • 0:00:00 29.25it/s  
Predicting ━━━━━━━━━━━━━━━━━━━━━━━━━━━━━━━━━━━━━━━━ 8/8 0:00:00 • 0:00:00 27.27it/s  
Predicting ━━━━━━━━━━━━━━━━━━━━━━━━━━━━━━━━━━━━━━━━ 8/8 0:00:00 • 0:00:00 29.07it/s  
Predicting ━━━━━━━━━━━━━━━━━━━━━━━━━━━━━━━━━━━━━━━━ 8/8 0:00:00 • 0:00:00 28.91it/s  
Predicting ━━━━━━━━━━━━━━━━━━━━━━━━━━━━━━━━━━━━━━━━ 8/8 0:00:00 • 0:00:00 28.06it/s  
Predicting ━━━━━━━━━━━━━━━━━━━━━━━━━━━━━━━━━━━━━━━━ 8/8 0:00:00 • 0:00:00 27.79it/s  
batch 262: size=500 time=5.60s
Predicting ━━━━━━━━━━━━━━━━━━━━━━━━━━━━━━━━━━━━━━━━ 8/8 0:00:00 • 0:00:00 27.65it/s  
Predicting ━━━━━━━━━━━━━━━━━━━━━━━━━━━━━━━━━━━━━━━━ 8/8 0:00:00 • 0:00:00 29.80it/s  
Predicting ━━━━━━━━━━━━━━━━━━━━━━━━━━━━━━━━━━━━━━━━ 8/8 0:00:00 • 0:00:00 29.83it/s  
Predicting ━━━━━━━━━━━━━━━━━━━━━━━━━━━━━━━━━━━━━━━━ 8/8 0:00:00 • 0:00:00 30.02it/s  
Predicting ━━━━━━━━━━━━━━━━━━━━━━━━━━━━━━━━━━━━━━━━ 8/8 0:00:00 • 0:00:00 29.35it/s  
Predicting ━━━━━━━━━━━━━━━━━━━━━━━━━━━━━━━━━━━━━━━━ 8/8 0:00:00 • 0:00:00 28.56it/s  
Predicting ━━━━━━━━━━━━━━━━━━━━━━━━━━━━━━━━━━━━━━━━ 8/8 0:00:00 • 0:00:00 29.99it/s  
Predicting ━━━━━━━━━━━━━━━━━━━━━━━━━━━━━━━━━━━━━━━━ 8/8 0:00:00 • 0:00:00 29.35it/s  
Predicting ━━━━━━━━━━━━━━━━━━━━━━━━━━━━━━━━━━━━━━━━ 8/8 0:00:00 • 0:00:00 30.23it/s  
Predicting ━━━━━━━━━━━━━━━━━━━━━━━━━━━━━━━━━━━━━━━━ 8/8 0:00:00 • 0:00:00 30.05it/s  
batch 263: size=500 time=5.45s
Predicting ━━━━━━━━━━━━━━━━━━━━━━━━━━━━━━━━━━━━━━━━ 8/8 0:00:00 • 0:00:00 28.77it/s  
Predicting ━━━━━━━━━━━━━━━━━━━━━━━━━━━━━━━━━━━━━━━━ 8/8 0:00:00 • 0:00:00 29.88it/s  
Predicting ━━━━━━━━━━━━━━━━━━━━━━━━━━━━━━━━━━━━━━━━ 8/8 0:00:00 • 0:00:00 30.04it/s  
Predicting ━━━━━━━━━━━━━━━━━━━━━━━━━━━━━━━━━━━━━━━━ 8/8 0:00:00 • 0:00:00 30.25it/s  
Predicting ━━━━━━━━━━━━━━━━━━━━━━━━━━━━━━━━━━━━━━━━ 8/8 0:00:00 • 0:00:00 30.52it/s  
Predicting ━━━━━━━━━━━━━━━━━━━━━━━━━━━━━━━━━━━━━━━━ 8/8 0:00:00 • 0:00:00 28.17it/s  
Predicting ━━━━━━━━━━━━━━━━━━━━━━━━━━━━━━━━━━━━━━━━ 8/8 0:00:00 • 0:00:00 29.82it/s  
Predicting ━━━━━━━━━━━━━━━━━━━━━━━━━━━━━━━━━━━━━━━━ 8/8 0:00:00 • 0:00:00 30.26it/s  
Predicting ━━━━━━━━━━━━━━━━━━━━━━━━━━━━━━━━━━━━━━━━ 8/8 0:00:00 • 0:00:00 29.43it/s  
Predicting ━━━━━━━━━━━━━━━━━━━━━━━━━━━━━━━━━━━━━━━━ 8/8 0:00:00 • 0:00:00 29.77it/s  
batch 264: size=500 time=5.42s
Predicting ━━━━━━━━━━━━━━━━━━━━━━━━━━━━━━━━━━━━━━━━ 8/8 0:00:00 • 0:00:00 27.68it/s  
Predicting ━━━━━━━━━━━━━━━━━━━━━━━━━━━━━━━━━━━━━━━━ 8/8 0:00:00 • 0:00:00 29.00it/s  
Predicting ━━━━━━━━━━━━━━━━━━━━━━━━━━━━━━━━━━━━━━━━ 8/8 0:00:00 • 0:00:00 29.02it/s  
Predicting ━━━━━━━━━━━━━━━━━━━━━━━━━━━━━━━━━━━━━━━━ 8/8 0:00:00 • 0:00:00 29.63it/s  
Predicting ━━━━━━━━━━━━━━━━━━━━━━━━━━━━━━━━━━━━━━━━ 8/8 0:00:00 • 0:00:00 29.43it/s  
Predicting ━━━━━━━━━━━━━━━━━━━━━━━━━━━━━━━━━━━━━━━━ 8/8 0:00:00 • 0:00:00 27.58it/s  
Predicting ━━━━━━━━━━━━━━━━━━━━━━━━━━━━━━━━━━━━━━━━ 8/8 0:00:00 • 0:00:00 30.28it/s  
Predicting ━━━━━━━━━━━━━━━━━━━━━━━━━━━━━━━━━━━━━━━━ 8/8 0:00:00 • 0:00:00 28.50it/s  
Predicting ━━━━━━━━━━━━━━━━━━━━━━━━━━━━━━━━━━━━━━━━ 8/8 0:00:00 • 0:00:00 29.72it/s  
Predicting ━━━━━━━━━━━━━━━━━━━━━━━━━━━━━━━━━━━━━━━━ 8/8 0:00:00 • 0:00:00 30.52it/s  
batch 265: size=500 time=5.47s
Predicting ━━━━━━━━━━━━━━━━━━━━━━━━━━━━━━━━━━━━━━━━ 8/8 0:00:00 • 0:00:00 28.04it/s  
Predicting ━━━━━━━━━━━━━━━━━━━━━━━━━━━━━━━━━━━━━━━━ 8/8 0:00:00 • 0:00:00 28.54it/s  
Predicting ━━━━━━━━━━━━━━━━━━━━━━━━━━━━━━━━━━━━━━━━ 8/8 0:00:00 • 0:00:00 28.91it/s  
Predicting ━━━━━━━━━━━━━━━━━━━━━━━━━━━━━━━━━━━━━━━━ 8/8 0:00:00 • 0:00:00 28.17it/s  
Predicting ━━━━━━━━━━━━━━━━━━━━━━━━━━━━━━━━━━━━━━━━ 8/8 0:00:00 • 0:00:00 28.51it/s  
Predicting ━━━━━━━━━━━━━━━━━━━━━━━━━━━━━━━━━━━━━━━━ 8/8 0:00:00 • 0:00:00 27.87it/s  
Predicting ━━━━━━━━━━━━━━━━━━━━━━━━━━━━━━━━━━━━━━━━ 8/8 0:00:00 • 0:00:00 29.20it/s  
Predicting ━━━━━━━━━━━━━━━━━━━━━━━━━━━━━━━━━━━━━━━━ 8/8 0:00:00 • 0:00:00 29.84it/s  
Predicting ━━━━━━━━━━━━━━━━━━━━━━━━━━━━━━━━━━━━━━━━ 8/8 0:00:00 • 0:00:00 29.13it/s  
Predicting ━━━━━━━━━━━━━━━━━━━━━━━━━━━━━━━━━━━━━━━━ 8/8 0:00:00 • 0:00:00 28.63it/s  
batch 266: size=500 time=5.54s
Predicting ━━━━━━━━━━━━━━━━━━━━━━━━━━━━━━━━━━━━━━━━ 8/8 0:00:00 • 0:00:00 29.44it/s  
Predicting ━━━━━━━━━━━━━━━━━━━━━━━━━━━━━━━━━━━━━━━━ 8/8 0:00:00 • 0:00:00 28.61it/s  
Predicting ━━━━━━━━━━━━━━━━━━━━━━━━━━━━━━━━━━━━━━━━ 8/8 0:00:00 • 0:00:00 29.45it/s  
Predicting ━━━━━━━━━━━━━━━━━━━━━━━━━━━━━━━━━━━━━━━━ 8/8 0:00:00 • 0:00:00 30.24it/s  
Predicting ━━━━━━━━━━━━━━━━━━━━━━━━━━━━━━━━━━━━━━━━ 8/8 0:00:00 • 0:00:00 30.01it/s  
Predicting ━━━━━━━━━━━━━━━━━━━━━━━━━━━━━━━━━━━━━━━━ 8/8 0:00:00 • 0:00:00 20.87it/s  
Predicting ━━━━━━━━━━━━━━━━━━━━━━━━━━━━━━━━━━━━━━━━ 8/8 0:00:00 • 0:00:00 26.13it/s  
Predicting ━━━━━━━━━━━━━━━━━━━━━━━━━━━━━━━━━━━━━━━━ 8/8 0:00:00 • 0:00:00 26.94it/s  
Predicting ━━━━━━━━━━━━━━━━━━━━━━━━━━━━━━━━━━━━━━━━ 8/8 0:00:00 • 0:00:00 26.51it/s  
Predicting ━━━━━━━━━━━━━━━━━━━━━━━━━━━━━━━━━━━━━━━━ 8/8 0:00:00 • 0:00:00 27.60it/s  
batch 267: size=500 time=5.71s
Predicting ━━━━━━━━━━━━━━━━━━━━━━━━━━━━━━━━━━━━━━━━ 8/8 0:00:00 • 0:00:00 25.86it/s  
Predicting ━━━━━━━━━━━━━━━━━━━━━━━━━━━━━━━━━━━━━━━━ 8/8 0:00:00 • 0:00:00 26.72it/s  
Predicting ━━━━━━━━━━━━━━━━━━━━━━━━━━━━━━━━━━━━━━━━ 8/8 0:00:00 • 0:00:00 26.15it/s  
Predicting ━━━━━━━━━━━━━━━━━━━━━━━━━━━━━━━━━━━━━━━━ 8/8 0:00:00 • 0:00:00 27.04it/s  
Predicting ━━━━━━━━━━━━━━━━━━━━━━━━━━━━━━━━━━━━━━━━ 8/8 0:00:00 • 0:00:00 26.37it/s  
Predicting ━━━━━━━━━━━━━━━━━━━━━━━━━━━━━━━━━━━━━━━━ 8/8 0:00:00 • 0:00:00 27.25it/s  
Predicting ━━━━━━━━━━━━━━━━━━━━━━━━━━━━━━━━━━━━━━━━ 8/8 0:00:00 • 0:00:00 26.30it/s  
Predicting ━━━━━━━━━━━━━━━━━━━━━━━━━━━━━━━━━━━━━━━━ 8/8 0:00:00 • 0:00:00 26.72it/s  
Predicting ━━━━━━━━━━━━━━━━━━━━━━━━━━━━━━━━━━━━━━━━ 8/8 0:00:00 • 0:00:00 26.03it/s  
Predicting ━━━━━━━━━━━━━━━━━━━━━━━━━━━━━━━━━━━━━━━━ 8/8 0:00:00 • 0:00:00 26.27it/s  
batch 268: size=500 time=5.74s
Predicting ━━━━━━━━━━━━━━━━━━━━━━━━━━━━━━━━━━━━━━━━ 8/8 0:00:00 • 0:00:00 25.80it/s  
Predicting ━━━━━━━━━━━━━━━━━━━━━━━━━━━━━━━━━━━━━━━━ 8/8 0:00:00 • 0:00:00 26.64it/s  
Predicting ━━━━━━━━━━━━━━━━━━━━━━━━━━━━━━━━━━━━━━━━ 8/8 0:00:00 • 0:00:00 26.85it/s  
Predicting ━━━━━━━━━━━━━━━━━━━━━━━━━━━━━━━━━━━━━━━━ 8/8 0:00:00 • 0:00:00 26.26it/s  
Predicting ━━━━━━━━━━━━━━━━━━━━━━━━━━━━━━━━━━━━━━━━ 8/8 0:00:00 • 0:00:00 26.62it/s  
Predicting ━━━━━━━━━━━━━━━━━━━━━━━━━━━━━━━━━━━━━━━━ 8/8 0:00:00 • 0:00:00 26.00it/s  
Predicting ━━━━━━━━━━━━━━━━━━━━━━━━━━━━━━━━━━━━━━━━ 8/8 0:00:00 • 0:00:00 26.37it/s  
Predicting ━━━━━━━━━━━━━━━━━━━━━━━━━━━━━━━━━━━━━━━━ 8/8 0:00:00 • 0:00:00 26.99it/s  
Predicting ━━━━━━━━━━━━━━━━━━━━━━━━━━━━━━━━━━━━━━━━ 8/8 0:00:00 • 0:00:00 26.86it/s  
Predicting ━━━━━━━━━━━━━━━━━━━━━━━━━━━━━━━━━━━━━━━━ 8/8 0:00:00 • 0:00:00 27.64it/s  
batch 269: size=500 time=5.76s
Predicting ━━━━━━━━━━━━━━━━━━━━━━━━━━━━━━━━━━━━━━━━ 8/8 0:00:00 • 0:00:00 26.97it/s  
Predicting ━━━━━━━━━━━━━━━━━━━━━━━━━━━━━━━━━━━━━━━━ 8/8 0:00:00 • 0:00:00 26.82it/s  
Predicting ━━━━━━━━━━━━━━━━━━━━━━━━━━━━━━━━━━━━━━━━ 8/8 0:00:00 • 0:00:00 27.18it/s  
Predicting ━━━━━━━━━━━━━━━━━━━━━━━━━━━━━━━━━━━━━━━━ 8/8 0:00:00 • 0:00:00 26.72it/s  
Predicting ━━━━━━━━━━━━━━━━━━━━━━━━━━━━━━━━━━━━━━━━ 8/8 0:00:00 • 0:00:00 27.03it/s  
Predicting ━━━━━━━━━━━━━━━━━━━━━━━━━━━━━━━━━━━━━━━━ 8/8 0:00:00 • 0:00:00 25.89it/s  
Predicting ━━━━━━━━━━━━━━━━━━━━━━━━━━━━━━━━━━━━━━━━ 8/8 0:00:00 • 0:00:00 26.35it/s  
Predicting ━━━━━━━━━━━━━━━━━━━━━━━━━━━━━━━━━━━━━━━━ 8/8 0:00:00 • 0:00:00 27.41it/s  
Predicting ━━━━━━━━━━━━━━━━━━━━━━━━━━━━━━━━━━━━━━━━ 8/8 0:00:00 • 0:00:00 26.36it/s  
Predicting ━━━━━━━━━━━━━━━━━━━━━━━━━━━━━━━━━━━━━━━━ 8/8 0:00:00 • 0:00:00 27.31it/s  
batch 270: size=500 time=5.71s
Predicting ━━━━━━━━━━━━━━━━━━━━━━━━━━━━━━━━━━━━━━━━ 8/8 0:00:00 • 0:00:00 18.93it/s  
Predicting ━━━━━━━━━━━━━━━━━━━━━━━━━━━━━━━━━━━━━━━━ 8/8 0:00:00 • 0:00:00 19.23it/s  
Predicting ━━━━━━━━━━━━━━━━━━━━━━━━━━━━━━━━━━━━━━━━ 8/8 0:00:00 • 0:00:00 24.23it/s  
Predicting ━━━━━━━━━━━━━━━━━━━━━━━━━━━━━━━━━━━━━━━━ 8/8 0:00:00 • 0:00:00 26.08it/s  
Predicting ━━━━━━━━━━━━━━━━━━━━━━━━━━━━━━━━━━━━━━━━ 8/8 0:00:00 • 0:00:00 26.22it/s  
Predicting ━━━━━━━━━━━━━━━━━━━━━━━━━━━━━━━━━━━━━━━━ 8/8 0:00:00 • 0:00:00 25.93it/s  
Predicting ━━━━━━━━━━━━━━━━━━━━━━━━━━━━━━━━━━━━━━━━ 8/8 0:00:00 • 0:00:00 26.80it/s  
Predicting ━━━━━━━━━━━━━━━━━━━━━━━━━━━━━━━━━━━━━━━━ 8/8 0:00:00 • 0:00:00 26.52it/s  
Predicting ━━━━━━━━━━━━━━━━━━━━━━━━━━━━━━━━━━━━━━━━ 8/8 0:00:00 • 0:00:00 27.09it/s  
Predicting ━━━━━━━━━━━━━━━━━━━━━━━━━━━━━━━━━━━━━━━━ 8/8 0:00:00 • 0:00:00 26.99it/s  
batch 271: size=500 time=6.07s
Predicting ━━━━━━━━━━━━━━━━━━━━━━━━━━━━━━━━━━━━━━━━ 8/8 0:00:00 • 0:00:00 25.33it/s  
Predicting ━━━━━━━━━━━━━━━━━━━━━━━━━━━━━━━━━━━━━━━━ 8/8 0:00:00 • 0:00:00 26.32it/s  
Predicting ━━━━━━━━━━━━━━━━━━━━━━━━━━━━━━━━━━━━━━━━ 8/8 0:00:00 • 0:00:00 26.65it/s  
Predicting ━━━━━━━━━━━━━━━━━━━━━━━━━━━━━━━━━━━━━━━━ 8/8 0:00:00 • 0:00:00 26.67it/s  
Predicting ━━━━━━━━━━━━━━━━━━━━━━━━━━━━━━━━━━━━━━━━ 8/8 0:00:00 • 0:00:00 26.44it/s  
Predicting ━━━━━━━━━━━━━━━━━━━━━━━━━━━━━━━━━━━━━━━━ 8/8 0:00:00 • 0:00:00 25.82it/s  
Predicting ━━━━━━━━━━━━━━━━━━━━━━━━━━━━━━━━━━━━━━━━ 8/8 0:00:00 • 0:00:00 26.48it/s  
Predicting ━━━━━━━━━━━━━━━━━━━━━━━━━━━━━━━━━━━━━━━━ 8/8 0:00:00 • 0:00:00 25.91it/s  
Predicting ━━━━━━━━━━━━━━━━━━━━━━━━━━━━━━━━━━━━━━━━ 8/8 0:00:00 • 0:00:00 27.06it/s  
Predicting ━━━━━━━━━━━━━━━━━━━━━━━━━━━━━━━━━━━━━━━━ 8/8 0:00:00 • 0:00:00 26.65it/s  
batch 272: size=500 time=5.79s
Predicting ━━━━━━━━━━━━━━━━━━━━━━━━━━━━━━━━━━━━━━━━ 8/8 0:00:00 • 0:00:00 26.62it/s  
Predicting ━━━━━━━━━━━━━━━━━━━━━━━━━━━━━━━━━━━━━━━━ 8/8 0:00:00 • 0:00:00 26.31it/s  
Predicting ━━━━━━━━━━━━━━━━━━━━━━━━━━━━━━━━━━━━━━━━ 8/8 0:00:00 • 0:00:00 26.32it/s  
Predicting ━━━━━━━━━━━━━━━━━━━━━━━━━━━━━━━━━━━━━━━━ 8/8 0:00:00 • 0:00:00 27.14it/s  
Predicting ━━━━━━━━━━━━━━━━━━━━━━━━━━━━━━━━━━━━━━━━ 8/8 0:00:00 • 0:00:00 27.35it/s  
Predicting ━━━━━━━━━━━━━━━━━━━━━━━━━━━━━━━━━━━━━━━━ 8/8 0:00:00 • 0:00:00 25.73it/s  
Predicting ━━━━━━━━━━━━━━━━━━━━━━━━━━━━━━━━━━━━━━━━ 8/8 0:00:00 • 0:00:00 26.58it/s  
Predicting ━━━━━━━━━━━━━━━━━━━━━━━━━━━━━━━━━━━━━━━━ 8/8 0:00:00 • 0:00:00 26.65it/s  
Predicting ━━━━━━━━━━━━━━━━━━━━━━━━━━━━━━━━━━━━━━━━ 8/8 0:00:00 • 0:00:00 26.37it/s  
Predicting ━━━━━━━━━━━━━━━━━━━━━━━━━━━━━━━━━━━━━━━━ 8/8 0:00:00 • 0:00:00 26.89it/s  
batch 273: size=500 time=5.78s
Predicting ━━━━━━━━━━━━━━━━━━━━━━━━━━━━━━━━━━━━━━━━ 8/8 0:00:00 • 0:00:00 27.22it/s  
Predicting ━━━━━━━━━━━━━━━━━━━━━━━━━━━━━━━━━━━━━━━━ 8/8 0:00:00 • 0:00:00 26.73it/s  
Predicting ━━━━━━━━━━━━━━━━━━━━━━━━━━━━━━━━━━━━━━━━ 8/8 0:00:00 • 0:00:00 26.23it/s  
Predicting ━━━━━━━━━━━━━━━━━━━━━━━━━━━━━━━━━━━━━━━━ 8/8 0:00:00 • 0:00:00 26.00it/s  
Predicting ━━━━━━━━━━━━━━━━━━━━━━━━━━━━━━━━━━━━━━━━ 8/8 0:00:00 • 0:00:00 26.30it/s  
Predicting ━━━━━━━━━━━━━━━━━━━━━━━━━━━━━━━━━━━━━━━━ 8/8 0:00:00 • 0:00:00 25.47it/s  
Predicting ━━━━━━━━━━━━━━━━━━━━━━━━━━━━━━━━━━━━━━━━ 8/8 0:00:00 • 0:00:00 26.66it/s  
Predicting ━━━━━━━━━━━━━━━━━━━━━━━━━━━━━━━━━━━━━━━━ 8/8 0:00:00 • 0:00:00 26.28it/s  
Predicting ━━━━━━━━━━━━━━━━━━━━━━━━━━━━━━━━━━━━━━━━ 8/8 0:00:00 • 0:00:00 26.38it/s  
Predicting ━━━━━━━━━━━━━━━━━━━━━━━━━━━━━━━━━━━━━━━━ 8/8 0:00:00 • 0:00:00 26.38it/s  
batch 274: size=500 time=5.77s
Predicting ━━━━━━━━━━━━━━━━━━━━━━━━━━━━━━━━━━━━━━━━ 8/8 0:00:00 • 0:00:00 25.79it/s  
Predicting ━━━━━━━━━━━━━━━━━━━━━━━━━━━━━━━━━━━━━━━━ 8/8 0:00:00 • 0:00:00 26.65it/s  
Predicting ━━━━━━━━━━━━━━━━━━━━━━━━━━━━━━━━━━━━━━━━ 8/8 0:00:00 • 0:00:00 26.55it/s  
Predicting ━━━━━━━━━━━━━━━━━━━━━━━━━━━━━━━━━━━━━━━━ 8/8 0:00:00 • 0:00:00 27.26it/s  
Predicting ━━━━━━━━━━━━━━━━━━━━━━━━━━━━━━━━━━━━━━━━ 8/8 0:00:00 • 0:00:00 26.50it/s  
Predicting ━━━━━━━━━━━━━━━━━━━━━━━━━━━━━━━━━━━━━━━━ 8/8 0:00:00 • 0:00:00 25.68it/s  
Predicting ━━━━━━━━━━━━━━━━━━━━━━━━━━━━━━━━━━━━━━━━ 8/8 0:00:00 • 0:00:00 26.47it/s  
Predicting ━━━━━━━━━━━━━━━━━━━━━━━━━━━━━━━━━━━━━━━━ 8/8 0:00:00 • 0:00:00 27.48it/s  
Predicting ━━━━━━━━━━━━━━━━━━━━━━━━━━━━━━━━━━━━━━━━ 8/8 0:00:00 • 0:00:00 26.80it/s  
Predicting ━━━━━━━━━━━━━━━━━━━━━━━━━━━━━━━━━━━━━━━━ 8/8 0:00:00 • 0:00:00 26.89it/s  
batch 275: size=500 time=5.76s
Predicting ━━━━━━━━━━━━━━━━━━━━━━━━━━━━━━━━━━━━━━━━ 8/8 0:00:00 • 0:00:00 25.53it/s  
Predicting ━━━━━━━━━━━━━━━━━━━━━━━━━━━━━━━━━━━━━━━━ 8/8 0:00:00 • 0:00:00 26.32it/s  
Predicting ━━━━━━━━━━━━━━━━━━━━━━━━━━━━━━━━━━━━━━━━ 8/8 0:00:00 • 0:00:00 26.60it/s  
Predicting ━━━━━━━━━━━━━━━━━━━━━━━━━━━━━━━━━━━━━━━━ 8/8 0:00:00 • 0:00:00 26.41it/s  
Predicting ━━━━━━━━━━━━━━━━━━━━━━━━━━━━━━━━━━━━━━━━ 8/8 0:00:00 • 0:00:00 27.08it/s  
Predicting ━━━━━━━━━━━━━━━━━━━━━━━━━━━━━━━━━━━━━━━━ 8/8 0:00:00 • 0:00:00 25.12it/s  
Predicting ━━━━━━━━━━━━━━━━━━━━━━━━━━━━━━━━━━━━━━━━ 8/8 0:00:00 • 0:00:00 26.18it/s  
Predicting ━━━━━━━━━━━━━━━━━━━━━━━━━━━━━━━━━━━━━━━━ 8/8 0:00:00 • 0:00:00 27.39it/s  
Predicting ━━━━━━━━━━━━━━━━━━━━━━━━━━━━━━━━━━━━━━━━ 8/8 0:00:00 • 0:00:00 27.38it/s  
Predicting ━━━━━━━━━━━━━━━━━━━━━━━━━━━━━━━━━━━━━━━━ 8/8 0:00:00 • 0:00:00 26.22it/s  
batch 276: size=500 time=5.77s
Predicting ━━━━━━━━━━━━━━━━━━━━━━━━━━━━━━━━━━━━━━━━ 8/8 0:00:00 • 0:00:00 25.58it/s  
Predicting ━━━━━━━━━━━━━━━━━━━━━━━━━━━━━━━━━━━━━━━━ 8/8 0:00:00 • 0:00:00 25.98it/s  
Predicting ━━━━━━━━━━━━━━━━━━━━━━━━━━━━━━━━━━━━━━━━ 8/8 0:00:00 • 0:00:00 26.30it/s  
Predicting ━━━━━━━━━━━━━━━━━━━━━━━━━━━━━━━━━━━━━━━━ 8/8 0:00:00 • 0:00:00 26.91it/s  
Predicting ━━━━━━━━━━━━━━━━━━━━━━━━━━━━━━━━━━━━━━━━ 8/8 0:00:00 • 0:00:00 26.59it/s  
Predicting ━━━━━━━━━━━━━━━━━━━━━━━━━━━━━━━━━━━━━━━━ 8/8 0:00:00 • 0:00:00 25.84it/s  
Predicting ━━━━━━━━━━━━━━━━━━━━━━━━━━━━━━━━━━━━━━━━ 8/8 0:00:00 • 0:00:00 26.71it/s  
Predicting ━━━━━━━━━━━━━━━━━━━━━━━━━━━━━━━━━━━━━━━━ 8/8 0:00:00 • 0:00:00 26.31it/s  
Predicting ━━━━━━━━━━━━━━━━━━━━━━━━━━━━━━━━━━━━━━━━ 8/8 0:00:00 • 0:00:00 26.92it/s  
Predicting ━━━━━━━━━━━━━━━━━━━━━━━━━━━━━━━━━━━━━━━━ 8/8 0:00:00 • 0:00:00 27.53it/s  
batch 277: size=500 time=5.82s
Predicting ━━━━━━━━━━━━━━━━━━━━━━━━━━━━━━━━━━━━━━━━ 8/8 0:00:00 • 0:00:00 25.41it/s  
Predicting ━━━━━━━━━━━━━━━━━━━━━━━━━━━━━━━━━━━━━━━━ 8/8 0:00:00 • 0:00:00 26.48it/s  
Predicting ━━━━━━━━━━━━━━━━━━━━━━━━━━━━━━━━━━━━━━━━ 8/8 0:00:00 • 0:00:00 26.33it/s  
Predicting ━━━━━━━━━━━━━━━━━━━━━━━━━━━━━━━━━━━━━━━━ 8/8 0:00:00 • 0:00:00 26.41it/s  
Predicting ━━━━━━━━━━━━━━━━━━━━━━━━━━━━━━━━━━━━━━━━ 8/8 0:00:00 • 0:00:00 26.53it/s  
Predicting ━━━━━━━━━━━━━━━━━━━━━━━━━━━━━━━━━━━━━━━━ 8/8 0:00:00 • 0:00:00 25.70it/s  
Predicting ━━━━━━━━━━━━━━━━━━━━━━━━━━━━━━━━━━━━━━━━ 8/8 0:00:00 • 0:00:00 26.69it/s  
Predicting ━━━━━━━━━━━━━━━━━━━━━━━━━━━━━━━━━━━━━━━━ 8/8 0:00:00 • 0:00:00 26.63it/s  
Predicting ━━━━━━━━━━━━━━━━━━━━━━━━━━━━━━━━━━━━━━━━ 8/8 0:00:00 • 0:00:00 26.04it/s  
Predicting ━━━━━━━━━━━━━━━━━━━━━━━━━━━━━━━━━━━━━━━━ 8/8 0:00:00 • 0:00:00 27.14it/s  
batch 278: size=500 time=5.81s
Predicting ━━━━━━━━━━━━━━━━━━━━━━━━━━━━━━━━━━━━━━━━ 8/8 0:00:00 • 0:00:00 26.15it/s  
Predicting ━━━━━━━━━━━━━━━━━━━━━━━━━━━━━━━━━━━━━━━━ 8/8 0:00:00 • 0:00:00 27.67it/s  
Predicting ━━━━━━━━━━━━━━━━━━━━━━━━━━━━━━━━━━━━━━━━ 8/8 0:00:00 • 0:00:00 27.00it/s  
Predicting ━━━━━━━━━━━━━━━━━━━━━━━━━━━━━━━━━━━━━━━━ 8/8 0:00:00 • 0:00:00 27.41it/s  
Predicting ━━━━━━━━━━━━━━━━━━━━━━━━━━━━━━━━━━━━━━━━ 8/8 0:00:00 • 0:00:00 27.29it/s  
Predicting ━━━━━━━━━━━━━━━━━━━━━━━━━━━━━━━━━━━━━━━━ 8/8 0:00:00 • 0:00:00 25.49it/s  
Predicting ━━━━━━━━━━━━━━━━━━━━━━━━━━━━━━━━━━━━━━━━ 8/8 0:00:00 • 0:00:00 27.21it/s  
Predicting ━━━━━━━━━━━━━━━━━━━━━━━━━━━━━━━━━━━━━━━━ 8/8 0:00:00 • 0:00:00 27.00it/s  
Predicting ━━━━━━━━━━━━━━━━━━━━━━━━━━━━━━━━━━━━━━━━ 8/8 0:00:00 • 0:00:00 28.01it/s  
Predicting ━━━━━━━━━━━━━━━━━━━━━━━━━━━━━━━━━━━━━━━━ 8/8 0:00:00 • 0:00:00 26.53it/s  
batch 279: size=500 time=5.67s
Predicting ━━━━━━━━━━━━━━━━━━━━━━━━━━━━━━━━━━━━━━━━ 8/8 0:00:00 • 0:00:00 25.81it/s  
Predicting ━━━━━━━━━━━━━━━━━━━━━━━━━━━━━━━━━━━━━━━━ 8/8 0:00:00 • 0:00:00 26.02it/s  
Predicting ━━━━━━━━━━━━━━━━━━━━━━━━━━━━━━━━━━━━━━━━ 8/8 0:00:00 • 0:00:00 27.75it/s  
Predicting ━━━━━━━━━━━━━━━━━━━━━━━━━━━━━━━━━━━━━━━━ 8/8 0:00:00 • 0:00:00 26.39it/s  
Predicting ━━━━━━━━━━━━━━━━━━━━━━━━━━━━━━━━━━━━━━━━ 8/8 0:00:00 • 0:00:00 25.98it/s  
Predicting ━━━━━━━━━━━━━━━━━━━━━━━━━━━━━━━━━━━━━━━━ 8/8 0:00:00 • 0:00:00 26.58it/s  
Predicting ━━━━━━━━━━━━━━━━━━━━━━━━━━━━━━━━━━━━━━━━ 8/8 0:00:00 • 0:00:00 26.54it/s  
Predicting ━━━━━━━━━━━━━━━━━━━━━━━━━━━━━━━━━━━━━━━━ 8/8 0:00:00 • 0:00:00 27.22it/s  
Predicting ━━━━━━━━━━━━━━━━━━━━━━━━━━━━━━━━━━━━━━━━ 8/8 0:00:00 • 0:00:00 28.16it/s  
Predicting ━━━━━━━━━━━━━━━━━━━━━━━━━━━━━━━━━━━━━━━━ 8/8 0:00:00 • 0:00:00 27.23it/s  
batch 280: size=500 time=5.72s
Predicting ━━━━━━━━━━━━━━━━━━━━━━━━━━━━━━━━━━━━━━━━ 8/8 0:00:00 • 0:00:00 26.40it/s  
Predicting ━━━━━━━━━━━━━━━━━━━━━━━━━━━━━━━━━━━━━━━━ 8/8 0:00:00 • 0:00:00 26.64it/s  
Predicting ━━━━━━━━━━━━━━━━━━━━━━━━━━━━━━━━━━━━━━━━ 8/8 0:00:00 • 0:00:00 25.97it/s  
Predicting ━━━━━━━━━━━━━━━━━━━━━━━━━━━━━━━━━━━━━━━━ 8/8 0:00:00 • 0:00:00 26.75it/s  
Predicting ━━━━━━━━━━━━━━━━━━━━━━━━━━━━━━━━━━━━━━━━ 8/8 0:00:00 • 0:00:00 26.90it/s  
Predicting ━━━━━━━━━━━━━━━━━━━━━━━━━━━━━━━━━━━━━━━━ 8/8 0:00:00 • 0:00:00 19.15it/s  
Predicting ━━━━━━━━━━━━━━━━━━━━━━━━━━━━━━━━━━━━━━━━ 8/8 0:00:00 • 0:00:00 22.52it/s  
Predicting ━━━━━━━━━━━━━━━━━━━━━━━━━━━━━━━━━━━━━━━━ 8/8 0:00:00 • 0:00:00 27.71it/s  
Predicting ━━━━━━━━━━━━━━━━━━━━━━━━━━━━━━━━━━━━━━━━ 8/8 0:00:00 • 0:00:00 25.43it/s  
Predicting ━━━━━━━━━━━━━━━━━━━━━━━━━━━━━━━━━━━━━━━━ 8/8 0:00:00 • 0:00:00 24.70it/s  
batch 281: size=500 time=5.97s
Predicting ━━━━━━━━━━━━━━━━━━━━━━━━━━━━━━━━━━━━━━━━ 8/8 0:00:00 • 0:00:00 28.11it/s  
Predicting ━━━━━━━━━━━━━━━━━━━━━━━━━━━━━━━━━━━━━━━━ 8/8 0:00:00 • 0:00:00 30.11it/s  
Predicting ━━━━━━━━━━━━━━━━━━━━━━━━━━━━━━━━━━━━━━━━ 8/8 0:00:00 • 0:00:00 28.53it/s  
Predicting ━━━━━━━━━━━━━━━━━━━━━━━━━━━━━━━━━━━━━━━━ 8/8 0:00:00 • 0:00:00 28.12it/s  
Predicting ━━━━━━━━━━━━━━━━━━━━━━━━━━━━━━━━━━━━━━━━ 8/8 0:00:00 • 0:00:00 30.22it/s  
Predicting ━━━━━━━━━━━━━━━━━━━━━━━━━━━━━━━━━━━━━━━━ 8/8 0:00:00 • 0:00:00 26.09it/s  
Predicting ━━━━━━━━━━━━━━━━━━━━━━━━━━━━━━━━━━━━━━━━ 8/8 0:00:00 • 0:00:00 28.07it/s  
Predicting ━━━━━━━━━━━━━━━━━━━━━━━━━━━━━━━━━━━━━━━━ 8/8 0:00:00 • 0:00:00 27.52it/s  
Predicting ━━━━━━━━━━━━━━━━━━━━━━━━━━━━━━━━━━━━━━━━ 8/8 0:00:00 • 0:00:00 27.01it/s  
Predicting ━━━━━━━━━━━━━━━━━━━━━━━━━━━━━━━━━━━━━━━━ 8/8 0:00:00 • 0:00:00 27.01it/s  
batch 282: size=500 time=5.59s
Predicting ━━━━━━━━━━━━━━━━━━━━━━━━━━━━━━━━━━━━━━━━ 8/8 0:00:00 • 0:00:00 26.12it/s  
Predicting ━━━━━━━━━━━━━━━━━━━━━━━━━━━━━━━━━━━━━━━━ 8/8 0:00:00 • 0:00:00 27.30it/s  
Predicting ━━━━━━━━━━━━━━━━━━━━━━━━━━━━━━━━━━━━━━━━ 8/8 0:00:00 • 0:00:00 27.37it/s  
Predicting ━━━━━━━━━━━━━━━━━━━━━━━━━━━━━━━━━━━━━━━━ 8/8 0:00:00 • 0:00:00 25.86it/s  
Predicting ━━━━━━━━━━━━━━━━━━━━━━━━━━━━━━━━━━━━━━━━ 8/8 0:00:00 • 0:00:00 26.57it/s  
Predicting ━━━━━━━━━━━━━━━━━━━━━━━━━━━━━━━━━━━━━━━━ 8/8 0:00:00 • 0:00:00 25.79it/s  
Predicting ━━━━━━━━━━━━━━━━━━━━━━━━━━━━━━━━━━━━━━━━ 8/8 0:00:00 • 0:00:00 26.82it/s  
Predicting ━━━━━━━━━━━━━━━━━━━━━━━━━━━━━━━━━━━━━━━━ 8/8 0:00:00 • 0:00:00 26.61it/s  
Predicting ━━━━━━━━━━━━━━━━━━━━━━━━━━━━━━━━━━━━━━━━ 8/8 0:00:00 • 0:00:00 26.63it/s  
Predicting ━━━━━━━━━━━━━━━━━━━━━━━━━━━━━━━━━━━━━━━━ 8/8 0:00:00 • 0:00:00 26.40it/s  
batch 283: size=500 time=5.75s
Predicting ━━━━━━━━━━━━━━━━━━━━━━━━━━━━━━━━━━━━━━━━ 8/8 0:00:00 • 0:00:00 25.92it/s  
Predicting ━━━━━━━━━━━━━━━━━━━━━━━━━━━━━━━━━━━━━━━━ 8/8 0:00:00 • 0:00:00 26.76it/s  
Predicting ━━━━━━━━━━━━━━━━━━━━━━━━━━━━━━━━━━━━━━━━ 8/8 0:00:00 • 0:00:00 27.39it/s  
Predicting ━━━━━━━━━━━━━━━━━━━━━━━━━━━━━━━━━━━━━━━━ 8/8 0:00:00 • 0:00:00 27.09it/s  
Predicting ━━━━━━━━━━━━━━━━━━━━━━━━━━━━━━━━━━━━━━━━ 8/8 0:00:00 • 0:00:00 26.32it/s  
Predicting ━━━━━━━━━━━━━━━━━━━━━━━━━━━━━━━━━━━━━━━━ 8/8 0:00:00 • 0:00:00 26.52it/s  
Predicting ━━━━━━━━━━━━━━━━━━━━━━━━━━━━━━━━━━━━━━━━ 8/8 0:00:00 • 0:00:00 26.55it/s  
Predicting ━━━━━━━━━━━━━━━━━━━━━━━━━━━━━━━━━━━━━━━━ 8/8 0:00:00 • 0:00:00 27.45it/s  
Predicting ━━━━━━━━━━━━━━━━━━━━━━━━━━━━━━━━━━━━━━━━ 8/8 0:00:00 • 0:00:00 26.82it/s  
Predicting ━━━━━━━━━━━━━━━━━━━━━━━━━━━━━━━━━━━━━━━━ 8/8 0:00:00 • 0:00:00 27.00it/s  
batch 284: size=500 time=5.74s
Predicting ━━━━━━━━━━━━━━━━━━━━━━━━━━━━━━━━━━━━━━━━ 8/8 0:00:00 • 0:00:00 26.45it/s  
Predicting ━━━━━━━━━━━━━━━━━━━━━━━━━━━━━━━━━━━━━━━━ 8/8 0:00:00 • 0:00:00 26.74it/s  
Predicting ━━━━━━━━━━━━━━━━━━━━━━━━━━━━━━━━━━━━━━━━ 8/8 0:00:00 • 0:00:00 26.85it/s  
Predicting ━━━━━━━━━━━━━━━━━━━━━━━━━━━━━━━━━━━━━━━━ 8/8 0:00:00 • 0:00:00 26.91it/s  
Predicting ━━━━━━━━━━━━━━━━━━━━━━━━━━━━━━━━━━━━━━━━ 8/8 0:00:00 • 0:00:00 26.65it/s  
Predicting ━━━━━━━━━━━━━━━━━━━━━━━━━━━━━━━━━━━━━━━━ 8/8 0:00:00 • 0:00:00 26.41it/s  
Predicting ━━━━━━━━━━━━━━━━━━━━━━━━━━━━━━━━━━━━━━━━ 8/8 0:00:00 • 0:00:00 27.01it/s  
Predicting ━━━━━━━━━━━━━━━━━━━━━━━━━━━━━━━━━━━━━━━━ 8/8 0:00:00 • 0:00:00 26.75it/s  
Predicting ━━━━━━━━━━━━━━━━━━━━━━━━━━━━━━━━━━━━━━━━ 8/8 0:00:00 • 0:00:00 27.66it/s  
Predicting ━━━━━━━━━━━━━━━━━━━━━━━━━━━━━━━━━━━━━━━━ 8/8 0:00:00 • 0:00:00 27.14it/s  
batch 285: size=500 time=5.75s
Predicting ━━━━━━━━━━━━━━━━━━━━━━━━━━━━━━━━━━━━━━━━ 8/8 0:00:00 • 0:00:00 25.69it/s  
Predicting ━━━━━━━━━━━━━━━━━━━━━━━━━━━━━━━━━━━━━━━━ 8/8 0:00:00 • 0:00:00 26.45it/s  
Predicting ━━━━━━━━━━━━━━━━━━━━━━━━━━━━━━━━━━━━━━━━ 8/8 0:00:00 • 0:00:00 26.44it/s  
Predicting ━━━━━━━━━━━━━━━━━━━━━━━━━━━━━━━━━━━━━━━━ 8/8 0:00:00 • 0:00:00 26.36it/s  
Predicting ━━━━━━━━━━━━━━━━━━━━━━━━━━━━━━━━━━━━━━━━ 8/8 0:00:00 • 0:00:00 26.14it/s  
Predicting ━━━━━━━━━━━━━━━━━━━━━━━━━━━━━━━━━━━━━━━━ 8/8 0:00:00 • 0:00:00 25.27it/s  
Predicting ━━━━━━━━━━━━━━━━━━━━━━━━━━━━━━━━━━━━━━━━ 8/8 0:00:00 • 0:00:00 26.41it/s  
Predicting ━━━━━━━━━━━━━━━━━━━━━━━━━━━━━━━━━━━━━━━━ 8/8 0:00:00 • 0:00:00 27.18it/s  
Predicting ━━━━━━━━━━━━━━━━━━━━━━━━━━━━━━━━━━━━━━━━ 8/8 0:00:00 • 0:00:00 26.47it/s  
Predicting ━━━━━━━━━━━━━━━━━━━━━━━━━━━━━━━━━━━━━━━━ 8/8 0:00:00 • 0:00:00 26.54it/s  
batch 286: size=500 time=5.75s
Predicting ━━━━━━━━━━━━━━━━━━━━━━━━━━━━━━━━━━━━━━━━ 8/8 0:00:00 • 0:00:00 25.39it/s  
Predicting ━━━━━━━━━━━━━━━━━━━━━━━━━━━━━━━━━━━━━━━━ 8/8 0:00:00 • 0:00:00 26.93it/s  
Predicting ━━━━━━━━━━━━━━━━━━━━━━━━━━━━━━━━━━━━━━━━ 8/8 0:00:00 • 0:00:00 26.13it/s  
Predicting ━━━━━━━━━━━━━━━━━━━━━━━━━━━━━━━━━━━━━━━━ 8/8 0:00:00 • 0:00:00 27.36it/s  
Predicting ━━━━━━━━━━━━━━━━━━━━━━━━━━━━━━━━━━━━━━━━ 8/8 0:00:00 • 0:00:00 26.81it/s  
Predicting ━━━━━━━━━━━━━━━━━━━━━━━━━━━━━━━━━━━━━━━━ 8/8 0:00:00 • 0:00:00 26.40it/s  
Predicting ━━━━━━━━━━━━━━━━━━━━━━━━━━━━━━━━━━━━━━━━ 8/8 0:00:00 • 0:00:00 26.15it/s  
Predicting ━━━━━━━━━━━━━━━━━━━━━━━━━━━━━━━━━━━━━━━━ 8/8 0:00:00 • 0:00:00 27.15it/s  
Predicting ━━━━━━━━━━━━━━━━━━━━━━━━━━━━━━━━━━━━━━━━ 8/8 0:00:00 • 0:00:00 26.70it/s  
Predicting ━━━━━━━━━━━━━━━━━━━━━━━━━━━━━━━━━━━━━━━━ 8/8 0:00:00 • 0:00:00 26.36it/s  
batch 287: size=500 time=5.75s
Predicting ━━━━━━━━━━━━━━━━━━━━━━━━━━━━━━━━━━━━━━━━ 8/8 0:00:00 • 0:00:00 26.66it/s  
Predicting ━━━━━━━━━━━━━━━━━━━━━━━━━━━━━━━━━━━━━━━━ 8/8 0:00:00 • 0:00:00 26.38it/s  
Predicting ━━━━━━━━━━━━━━━━━━━━━━━━━━━━━━━━━━━━━━━━ 8/8 0:00:00 • 0:00:00 26.90it/s  
Predicting ━━━━━━━━━━━━━━━━━━━━━━━━━━━━━━━━━━━━━━━━ 8/8 0:00:00 • 0:00:00 26.22it/s  
Predicting ━━━━━━━━━━━━━━━━━━━━━━━━━━━━━━━━━━━━━━━━ 8/8 0:00:00 • 0:00:00 26.38it/s  
Predicting ━━━━━━━━━━━━━━━━━━━━━━━━━━━━━━━━━━━━━━━━ 8/8 0:00:00 • 0:00:00 26.23it/s  
Predicting ━━━━━━━━━━━━━━━━━━━━━━━━━━━━━━━━━━━━━━━━ 8/8 0:00:00 • 0:00:00 25.94it/s  
Predicting ━━━━━━━━━━━━━━━━━━━━━━━━━━━━━━━━━━━━━━━━ 8/8 0:00:00 • 0:00:00 25.97it/s  
Predicting ━━━━━━━━━━━━━━━━━━━━━━━━━━━━━━━━━━━━━━━━ 8/8 0:00:00 • 0:00:00 27.68it/s  
Predicting ━━━━━━━━━━━━━━━━━━━━━━━━━━━━━━━━━━━━━━━━ 8/8 0:00:00 • 0:00:00 26.68it/s  
batch 288: size=500 time=5.80s
Predicting ━━━━━━━━━━━━━━━━━━━━━━━━━━━━━━━━━━━━━━━━ 8/8 0:00:00 • 0:00:00 25.79it/s  
Predicting ━━━━━━━━━━━━━━━━━━━━━━━━━━━━━━━━━━━━━━━━ 8/8 0:00:00 • 0:00:00 26.17it/s  
Predicting ━━━━━━━━━━━━━━━━━━━━━━━━━━━━━━━━━━━━━━━━ 8/8 0:00:00 • 0:00:00 26.53it/s  
Predicting ━━━━━━━━━━━━━━━━━━━━━━━━━━━━━━━━━━━━━━━━ 8/8 0:00:00 • 0:00:00 26.81it/s  
Predicting ━━━━━━━━━━━━━━━━━━━━━━━━━━━━━━━━━━━━━━━━ 8/8 0:00:00 • 0:00:00 26.45it/s  
Predicting ━━━━━━━━━━━━━━━━━━━━━━━━━━━━━━━━━━━━━━━━ 8/8 0:00:00 • 0:00:00 25.77it/s  
Predicting ━━━━━━━━━━━━━━━━━━━━━━━━━━━━━━━━━━━━━━━━ 8/8 0:00:00 • 0:00:00 26.23it/s  
Predicting ━━━━━━━━━━━━━━━━━━━━━━━━━━━━━━━━━━━━━━━━ 8/8 0:00:00 • 0:00:00 26.11it/s  
Predicting ━━━━━━━━━━━━━━━━━━━━━━━━━━━━━━━━━━━━━━━━ 8/8 0:00:00 • 0:00:00 26.25it/s  
Predicting ━━━━━━━━━━━━━━━━━━━━━━━━━━━━━━━━━━━━━━━━ 8/8 0:00:00 • 0:00:00 26.71it/s  
batch 289: size=500 time=5.76s
Predicting ━━━━━━━━━━━━━━━━━━━━━━━━━━━━━━━━━━━━━━━━ 8/8 0:00:00 • 0:00:00 26.33it/s  
Predicting ━━━━━━━━━━━━━━━━━━━━━━━━━━━━━━━━━━━━━━━━ 8/8 0:00:00 • 0:00:00 26.82it/s  
Predicting ━━━━━━━━━━━━━━━━━━━━━━━━━━━━━━━━━━━━━━━━ 8/8 0:00:00 • 0:00:00 26.93it/s  
Predicting ━━━━━━━━━━━━━━━━━━━━━━━━━━━━━━━━━━━━━━━━ 8/8 0:00:00 • 0:00:00 27.16it/s  
Predicting ━━━━━━━━━━━━━━━━━━━━━━━━━━━━━━━━━━━━━━━━ 8/8 0:00:00 • 0:00:00 27.30it/s  
Predicting ━━━━━━━━━━━━━━━━━━━━━━━━━━━━━━━━━━━━━━━━ 8/8 0:00:00 • 0:00:00 26.28it/s  
Predicting ━━━━━━━━━━━━━━━━━━━━━━━━━━━━━━━━━━━━━━━━ 8/8 0:00:00 • 0:00:00 26.56it/s  
Predicting ━━━━━━━━━━━━━━━━━━━━━━━━━━━━━━━━━━━━━━━━ 8/8 0:00:00 • 0:00:00 26.58it/s  
Predicting ━━━━━━━━━━━━━━━━━━━━━━━━━━━━━━━━━━━━━━━━ 8/8 0:00:00 • 0:00:00 26.30it/s  
Predicting ━━━━━━━━━━━━━━━━━━━━━━━━━━━━━━━━━━━━━━━━ 8/8 0:00:00 • 0:00:00 26.51it/s  
batch 290: size=500 time=5.73s
Predicting ━━━━━━━━━━━━━━━━━━━━━━━━━━━━━━━━━━━━━━━━ 8/8 0:00:00 • 0:00:00 25.67it/s  
Predicting ━━━━━━━━━━━━━━━━━━━━━━━━━━━━━━━━━━━━━━━━ 8/8 0:00:00 • 0:00:00 26.70it/s  
Predicting ━━━━━━━━━━━━━━━━━━━━━━━━━━━━━━━━━━━━━━━━ 8/8 0:00:00 • 0:00:00 26.92it/s  
Predicting ━━━━━━━━━━━━━━━━━━━━━━━━━━━━━━━━━━━━━━━━ 8/8 0:00:00 • 0:00:00 27.50it/s  
Predicting ━━━━━━━━━━━━━━━━━━━━━━━━━━━━━━━━━━━━━━━━ 8/8 0:00:00 • 0:00:00 27.29it/s  
Predicting ━━━━━━━━━━━━━━━━━━━━━━━━━━━━━━━━━━━━━━━━ 8/8 0:00:00 • 0:00:00 26.22it/s  
Predicting ━━━━━━━━━━━━━━━━━━━━━━━━━━━━━━━━━━━━━━━━ 8/8 0:00:00 • 0:00:00 26.23it/s  
Predicting ━━━━━━━━━━━━━━━━━━━━━━━━━━━━━━━━━━━━━━━━ 8/8 0:00:00 • 0:00:00 27.93it/s  
Predicting ━━━━━━━━━━━━━━━━━━━━━━━━━━━━━━━━━━━━━━━━ 8/8 0:00:00 • 0:00:00 27.30it/s  
Predicting ━━━━━━━━━━━━━━━━━━━━━━━━━━━━━━━━━━━━━━━━ 8/8 0:00:00 • 0:00:00 26.73it/s  
batch 291: size=500 time=5.75s
Predicting ━━━━━━━━━━━━━━━━━━━━━━━━━━━━━━━━━━━━━━━━ 8/8 0:00:00 • 0:00:00 28.78it/s  
Predicting ━━━━━━━━━━━━━━━━━━━━━━━━━━━━━━━━━━━━━━━━ 8/8 0:00:00 • 0:00:00 29.67it/s  
Predicting ━━━━━━━━━━━━━━━━━━━━━━━━━━━━━━━━━━━━━━━━ 8/8 0:00:00 • 0:00:00 29.89it/s  
Predicting ━━━━━━━━━━━━━━━━━━━━━━━━━━━━━━━━━━━━━━━━ 8/8 0:00:00 • 0:00:00 29.39it/s  
Predicting ━━━━━━━━━━━━━━━━━━━━━━━━━━━━━━━━━━━━━━━━ 8/8 0:00:00 • 0:00:00 29.22it/s  
Predicting ━━━━━━━━━━━━━━━━━━━━━━━━━━━━━━━━━━━━━━━━ 8/8 0:00:00 • 0:00:00 29.94it/s  
Predicting ━━━━━━━━━━━━━━━━━━━━━━━━━━━━━━━━━━━━━━━━ 8/8 0:00:00 • 0:00:00 29.62it/s  
Predicting ━━━━━━━━━━━━━━━━━━━━━━━━━━━━━━━━━━━━━━━━ 8/8 0:00:00 • 0:00:00 30.01it/s  
Predicting ━━━━━━━━━━━━━━━━━━━━━━━━━━━━━━━━━━━━━━━━ 8/8 0:00:00 • 0:00:00 29.56it/s  
Predicting ━━━━━━━━━━━━━━━━━━━━━━━━━━━━━━━━━━━━━━━━ 8/8 0:00:00 • 0:00:00 31.66it/s  
batch 292: size=500 time=5.50s
Predicting ━━━━━━━━━━━━━━━━━━━━━━━━━━━━━━━━━━━━━━━━ 8/8 0:00:00 • 0:00:00 28.02it/s  
Predicting ━━━━━━━━━━━━━━━━━━━━━━━━━━━━━━━━━━━━━━━━ 8/8 0:00:00 • 0:00:00 30.45it/s  
Predicting ━━━━━━━━━━━━━━━━━━━━━━━━━━━━━━━━━━━━━━━━ 8/8 0:00:00 • 0:00:00 29.04it/s  
Predicting ━━━━━━━━━━━━━━━━━━━━━━━━━━━━━━━━━━━━━━━━ 8/8 0:00:00 • 0:00:00 29.46it/s  
Predicting ━━━━━━━━━━━━━━━━━━━━━━━━━━━━━━━━━━━━━━━━ 8/8 0:00:00 • 0:00:00 30.56it/s  
Predicting ━━━━━━━━━━━━━━━━━━━━━━━━━━━━━━━━━━━━━━━━ 8/8 0:00:00 • 0:00:00 27.58it/s  
Predicting ━━━━━━━━━━━━━━━━━━━━━━━━━━━━━━━━━━━━━━━━ 8/8 0:00:00 • 0:00:00 29.46it/s  
Predicting ━━━━━━━━━━━━━━━━━━━━━━━━━━━━━━━━━━━━━━━━ 8/8 0:00:00 • 0:00:00 30.11it/s  
Predicting ━━━━━━━━━━━━━━━━━━━━━━━━━━━━━━━━━━━━━━━━ 8/8 0:00:00 • 0:00:00 29.47it/s  
Predicting ━━━━━━━━━━━━━━━━━━━━━━━━━━━━━━━━━━━━━━━━ 8/8 0:00:00 • 0:00:00 29.47it/s  
batch 293: size=500 time=5.48s
Predicting ━━━━━━━━━━━━━━━━━━━━━━━━━━━━━━━━━━━━━━━━ 8/8 0:00:00 • 0:00:00 28.70it/s  
Predicting ━━━━━━━━━━━━━━━━━━━━━━━━━━━━━━━━━━━━━━━━ 8/8 0:00:00 • 0:00:00 28.49it/s  
Predicting ━━━━━━━━━━━━━━━━━━━━━━━━━━━━━━━━━━━━━━━━ 8/8 0:00:00 • 0:00:00 29.89it/s  
Predicting ━━━━━━━━━━━━━━━━━━━━━━━━━━━━━━━━━━━━━━━━ 8/8 0:00:00 • 0:00:00 31.29it/s  
Predicting ━━━━━━━━━━━━━━━━━━━━━━━━━━━━━━━━━━━━━━━━ 8/8 0:00:00 • 0:00:00 29.83it/s  
Predicting ━━━━━━━━━━━━━━━━━━━━━━━━━━━━━━━━━━━━━━━━ 8/8 0:00:00 • 0:00:00 19.13it/s  
Predicting ━━━━━━━━━━━━━━━━━━━━━━━━━━━━━━━━━━━━━━━━ 8/8 0:00:00 • 0:00:00 19.51it/s  
Predicting ━━━━━━━━━━━━━━━━━━━━━━━━━━━━━━━━━━━━━━━━ 8/8 0:00:00 • 0:00:00 26.37it/s  
Predicting ━━━━━━━━━━━━━━━━━━━━━━━━━━━━━━━━━━━━━━━━ 8/8 0:00:00 • 0:00:00 27.20it/s  
Predicting ━━━━━━━━━━━━━━━━━━━━━━━━━━━━━━━━━━━━━━━━ 8/8 0:00:00 • 0:00:00 27.57it/s  
batch 294: size=500 time=5.83s
Predicting ━━━━━━━━━━━━━━━━━━━━━━━━━━━━━━━━━━━━━━━━ 8/8 0:00:00 • 0:00:00 26.39it/s  
Predicting ━━━━━━━━━━━━━━━━━━━━━━━━━━━━━━━━━━━━━━━━ 8/8 0:00:00 • 0:00:00 27.16it/s  
Predicting ━━━━━━━━━━━━━━━━━━━━━━━━━━━━━━━━━━━━━━━━ 8/8 0:00:00 • 0:00:00 26.33it/s  
Predicting ━━━━━━━━━━━━━━━━━━━━━━━━━━━━━━━━━━━━━━━━ 8/8 0:00:00 • 0:00:00 26.68it/s  
Predicting ━━━━━━━━━━━━━━━━━━━━━━━━━━━━━━━━━━━━━━━━ 8/8 0:00:00 • 0:00:00 26.53it/s  
Predicting ━━━━━━━━━━━━━━━━━━━━━━━━━━━━━━━━━━━━━━━━ 8/8 0:00:00 • 0:00:00 26.14it/s  
Predicting ━━━━━━━━━━━━━━━━━━━━━━━━━━━━━━━━━━━━━━━━ 8/8 0:00:00 • 0:00:00 27.11it/s  
Predicting ━━━━━━━━━━━━━━━━━━━━━━━━━━━━━━━━━━━━━━━━ 8/8 0:00:00 • 0:00:00 27.06it/s  
Predicting ━━━━━━━━━━━━━━━━━━━━━━━━━━━━━━━━━━━━━━━━ 8/8 0:00:00 • 0:00:00 27.43it/s  
Predicting ━━━━━━━━━━━━━━━━━━━━━━━━━━━━━━━━━━━━━━━━ 8/8 0:00:00 • 0:00:00 26.68it/s  
batch 295: size=500 time=5.73s
Predicting ━━━━━━━━━━━━━━━━━━━━━━━━━━━━━━━━━━━━━━━━ 8/8 0:00:00 • 0:00:00 27.85it/s  
Predicting ━━━━━━━━━━━━━━━━━━━━━━━━━━━━━━━━━━━━━━━━ 8/8 0:00:00 • 0:00:00 27.15it/s  
Predicting ━━━━━━━━━━━━━━━━━━━━━━━━━━━━━━━━━━━━━━━━ 8/8 0:00:00 • 0:00:00 27.28it/s  
Predicting ━━━━━━━━━━━━━━━━━━━━━━━━━━━━━━━━━━━━━━━━ 8/8 0:00:00 • 0:00:00 27.39it/s  
Predicting ━━━━━━━━━━━━━━━━━━━━━━━━━━━━━━━━━━━━━━━━ 8/8 0:00:00 • 0:00:00 27.69it/s  
Predicting ━━━━━━━━━━━━━━━━━━━━━━━━━━━━━━━━━━━━━━━━ 8/8 0:00:00 • 0:00:00 26.21it/s  
Predicting ━━━━━━━━━━━━━━━━━━━━━━━━━━━━━━━━━━━━━━━━ 8/8 0:00:00 • 0:00:00 27.22it/s  
Predicting ━━━━━━━━━━━━━━━━━━━━━━━━━━━━━━━━━━━━━━━━ 8/8 0:00:00 • 0:00:00 27.54it/s  
Predicting ━━━━━━━━━━━━━━━━━━━━━━━━━━━━━━━━━━━━━━━━ 8/8 0:00:00 • 0:00:00 27.25it/s  
Predicting ━━━━━━━━━━━━━━━━━━━━━━━━━━━━━━━━━━━━━━━━ 8/8 0:00:00 • 0:00:00 27.51it/s  
batch 296: size=500 time=5.67s
Predicting ━━━━━━━━━━━━━━━━━━━━━━━━━━━━━━━━━━━━━━━━ 8/8 0:00:00 • 0:00:00 25.92it/s  
Predicting ━━━━━━━━━━━━━━━━━━━━━━━━━━━━━━━━━━━━━━━━ 8/8 0:00:00 • 0:00:00 26.78it/s  
Predicting ━━━━━━━━━━━━━━━━━━━━━━━━━━━━━━━━━━━━━━━━ 8/8 0:00:00 • 0:00:00 26.70it/s  
Predicting ━━━━━━━━━━━━━━━━━━━━━━━━━━━━━━━━━━━━━━━━ 8/8 0:00:00 • 0:00:00 26.35it/s  
Predicting ━━━━━━━━━━━━━━━━━━━━━━━━━━━━━━━━━━━━━━━━ 8/8 0:00:00 • 0:00:00 26.84it/s  
Predicting ━━━━━━━━━━━━━━━━━━━━━━━━━━━━━━━━━━━━━━━━ 8/8 0:00:00 • 0:00:00 25.81it/s  
Predicting ━━━━━━━━━━━━━━━━━━━━━━━━━━━━━━━━━━━━━━━━ 8/8 0:00:00 • 0:00:00 26.61it/s  
Predicting ━━━━━━━━━━━━━━━━━━━━━━━━━━━━━━━━━━━━━━━━ 8/8 0:00:00 • 0:00:00 26.96it/s  
Predicting ━━━━━━━━━━━━━━━━━━━━━━━━━━━━━━━━━━━━━━━━ 8/8 0:00:00 • 0:00:00 27.08it/s  
Predicting ━━━━━━━━━━━━━━━━━━━━━━━━━━━━━━━━━━━━━━━━ 8/8 0:00:00 • 0:00:00 26.68it/s  
batch 297: size=500 time=5.75s
Predicting ━━━━━━━━━━━━━━━━━━━━━━━━━━━━━━━━━━━━━━━━ 8/8 0:00:00 • 0:00:00 25.67it/s  
Predicting ━━━━━━━━━━━━━━━━━━━━━━━━━━━━━━━━━━━━━━━━ 8/8 0:00:00 • 0:00:00 26.66it/s  
Predicting ━━━━━━━━━━━━━━━━━━━━━━━━━━━━━━━━━━━━━━━━ 8/8 0:00:00 • 0:00:00 26.63it/s  
Predicting ━━━━━━━━━━━━━━━━━━━━━━━━━━━━━━━━━━━━━━━━ 8/8 0:00:00 • 0:00:00 26.45it/s  
Predicting ━━━━━━━━━━━━━━━━━━━━━━━━━━━━━━━━━━━━━━━━ 8/8 0:00:00 • 0:00:00 26.45it/s  
Predicting ━━━━━━━━━━━━━━━━━━━━━━━━━━━━━━━━━━━━━━━━ 8/8 0:00:00 • 0:00:00 19.35it/s  
Predicting ━━━━━━━━━━━━━━━━━━━━━━━━━━━━━━━━━━━━━━━━ 8/8 0:00:00 • 0:00:00 24.34it/s  
Predicting ━━━━━━━━━━━━━━━━━━━━━━━━━━━━━━━━━━━━━━━━ 8/8 0:00:00 • 0:00:00 29.24it/s  
Predicting ━━━━━━━━━━━━━━━━━━━━━━━━━━━━━━━━━━━━━━━━ 8/8 0:00:00 • 0:00:00 30.97it/s  
Predicting ━━━━━━━━━━━━━━━━━━━━━━━━━━━━━━━━━━━━━━━━ 8/8 0:00:00 • 0:00:00 30.24it/s  
batch 298: size=500 time=5.79s
Predicting ━━━━━━━━━━━━━━━━━━━━━━━━━━━━━━━━━━━━━━━━ 8/8 0:00:00 • 0:00:00 30.13it/s  
Predicting ━━━━━━━━━━━━━━━━━━━━━━━━━━━━━━━━━━━━━━━━ 8/8 0:00:00 • 0:00:00 30.01it/s  
Predicting ━━━━━━━━━━━━━━━━━━━━━━━━━━━━━━━━━━━━━━━━ 8/8 0:00:00 • 0:00:00 29.41it/s  
Predicting ━━━━━━━━━━━━━━━━━━━━━━━━━━━━━━━━━━━━━━━━ 8/8 0:00:00 • 0:00:00 29.72it/s  
Predicting ━━━━━━━━━━━━━━━━━━━━━━━━━━━━━━━━━━━━━━━━ 8/8 0:00:00 • 0:00:00 28.75it/s  
Predicting ━━━━━━━━━━━━━━━━━━━━━━━━━━━━━━━━━━━━━━━━ 8/8 0:00:00 • 0:00:00 28.26it/s  
Predicting ━━━━━━━━━━━━━━━━━━━━━━━━━━━━━━━━━━━━━━━━ 8/8 0:00:00 • 0:00:00 30.84it/s  
Predicting ━━━━━━━━━━━━━━━━━━━━━━━━━━━━━━━━━━━━━━━━ 8/8 0:00:00 • 0:00:00 29.83it/s  
Predicting ━━━━━━━━━━━━━━━━━━━━━━━━━━━━━━━━━━━━━━━━ 8/8 0:00:00 • 0:00:00 29.85it/s  
Predicting ━━━━━━━━━━━━━━━━━━━━━━━━━━━━━━━━━━━━━━━━ 8/8 0:00:00 • 0:00:00 29.47it/s  
batch 299: size=500 time=5.49s
Predicting ━━━━━━━━━━━━━━━━━━━━━━━━━━━━━━━━━━━━━━━━ 8/8 0:00:00 • 0:00:00 29.05it/s  
Predicting ━━━━━━━━━━━━━━━━━━━━━━━━━━━━━━━━━━━━━━━━ 8/8 0:00:00 • 0:00:00 29.41it/s  
Predicting ━━━━━━━━━━━━━━━━━━━━━━━━━━━━━━━━━━━━━━━━ 8/8 0:00:00 • 0:00:00 31.39it/s  
Predicting ━━━━━━━━━━━━━━━━━━━━━━━━━━━━━━━━━━━━━━━━ 8/8 0:00:00 • 0:00:00 30.94it/s  
Predicting ━━━━━━━━━━━━━━━━━━━━━━━━━━━━━━━━━━━━━━━━ 8/8 0:00:00 • 0:00:00 30.32it/s  
Predicting ━━━━━━━━━━━━━━━━━━━━━━━━━━━━━━━━━━━━━━━━ 8/8 0:00:00 • 0:00:00 30.11it/s  
Predicting ━━━━━━━━━━━━━━━━━━━━━━━━━━━━━━━━━━━━━━━━ 8/8 0:00:00 • 0:00:00 29.69it/s  
Predicting ━━━━━━━━━━━━━━━━━━━━━━━━━━━━━━━━━━━━━━━━ 8/8 0:00:00 • 0:00:00 29.28it/s  
Predicting ━━━━━━━━━━━━━━━━━━━━━━━━━━━━━━━━━━━━━━━━ 8/8 0:00:00 • 0:00:00 31.72it/s  
Predicting ━━━━━━━━━━━━━━━━━━━━━━━━━━━━━━━━━━━━━━━━ 8/8 0:00:00 • 0:00:00 31.14it/s  
batch 300: size=500 time=5.39s
Predicting ━━━━━━━━━━━━━━━━━━━━━━━━━━━━━━━━━━━━━━━━ 8/8 0:00:00 • 0:00:00 24.28it/s  
Predicting ━━━━━━━━━━━━━━━━━━━━━━━━━━━━━━━━━━━━━━━━ 8/8 0:00:00 • 0:00:00 27.70it/s  
Predicting ━━━━━━━━━━━━━━━━━━━━━━━━━━━━━━━━━━━━━━━━ 8/8 0:00:00 • 0:00:00 26.91it/s  
Predicting ━━━━━━━━━━━━━━━━━━━━━━━━━━━━━━━━━━━━━━━━ 8/8 0:00:00 • 0:00:00 27.13it/s  
Predicting ━━━━━━━━━━━━━━━━━━━━━━━━━━━━━━━━━━━━━━━━ 8/8 0:00:00 • 0:00:00 27.39it/s  
Predicting ━━━━━━━━━━━━━━━━━━━━━━━━━━━━━━━━━━━━━━━━ 8/8 0:00:00 • 0:00:00 26.34it/s  
Predicting ━━━━━━━━━━━━━━━━━━━━━━━━━━━━━━━━━━━━━━━━ 8/8 0:00:00 • 0:00:00 26.71it/s  
Predicting ━━━━━━━━━━━━━━━━━━━━━━━━━━━━━━━━━━━━━━━━ 8/8 0:00:00 • 0:00:00 27.20it/s  
Predicting ━━━━━━━━━━━━━━━━━━━━━━━━━━━━━━━━━━━━━━━━ 8/8 0:00:00 • 0:00:00 26.56it/s  
Predicting ━━━━━━━━━━━━━━━━━━━━━━━━━━━━━━━━━━━━━━━━ 8/8 0:00:00 • 0:00:00 27.29it/s  
batch 301: size=500 time=5.80s
Predicting ━━━━━━━━━━━━━━━━━━━━━━━━━━━━━━━━━━━━━━━━ 8/8 0:00:00 • 0:00:00 25.98it/s  
Predicting ━━━━━━━━━━━━━━━━━━━━━━━━━━━━━━━━━━━━━━━━ 8/8 0:00:00 • 0:00:00 26.85it/s  
Predicting ━━━━━━━━━━━━━━━━━━━━━━━━━━━━━━━━━━━━━━━━ 8/8 0:00:00 • 0:00:00 27.05it/s  
Predicting ━━━━━━━━━━━━━━━━━━━━━━━━━━━━━━━━━━━━━━━━ 8/8 0:00:00 • 0:00:00 26.11it/s  
Predicting ━━━━━━━━━━━━━━━━━━━━━━━━━━━━━━━━━━━━━━━━ 8/8 0:00:00 • 0:00:00 26.84it/s  
Predicting ━━━━━━━━━━━━━━━━━━━━━━━━━━━━━━━━━━━━━━━━ 8/8 0:00:00 • 0:00:00 24.75it/s  
Predicting ━━━━━━━━━━━━━━━━━━━━━━━━━━━━━━━━━━━━━━━━ 8/8 0:00:00 • 0:00:00 26.05it/s  
Predicting ━━━━━━━━━━━━━━━━━━━━━━━━━━━━━━━━━━━━━━━━ 8/8 0:00:00 • 0:00:00 25.61it/s  
Predicting ━━━━━━━━━━━━━━━━━━━━━━━━━━━━━━━━━━━━━━━━ 8/8 0:00:00 • 0:00:00 24.75it/s  
Predicting ━━━━━━━━━━━━━━━━━━━━━━━━━━━━━━━━━━━━━━━━ 8/8 0:00:00 • 0:00:00 26.53it/s  
batch 302: size=500 time=5.82s
Predicting ━━━━━━━━━━━━━━━━━━━━━━━━━━━━━━━━━━━━━━━━ 8/8 0:00:00 • 0:00:00 27.22it/s  
Predicting ━━━━━━━━━━━━━━━━━━━━━━━━━━━━━━━━━━━━━━━━ 8/8 0:00:00 • 0:00:00 27.31it/s  
Predicting ━━━━━━━━━━━━━━━━━━━━━━━━━━━━━━━━━━━━━━━━ 8/8 0:00:00 • 0:00:00 27.79it/s  
Predicting ━━━━━━━━━━━━━━━━━━━━━━━━━━━━━━━━━━━━━━━━ 8/8 0:00:00 • 0:00:00 26.50it/s  
Predicting ━━━━━━━━━━━━━━━━━━━━━━━━━━━━━━━━━━━━━━━━ 8/8 0:00:00 • 0:00:00 26.50it/s  
Predicting ━━━━━━━━━━━━━━━━━━━━━━━━━━━━━━━━━━━━━━━━ 8/8 0:00:00 • 0:00:00 26.14it/s  
Predicting ━━━━━━━━━━━━━━━━━━━━━━━━━━━━━━━━━━━━━━━━ 8/8 0:00:00 • 0:00:00 27.48it/s  
Predicting ━━━━━━━━━━━━━━━━━━━━━━━━━━━━━━━━━━━━━━━━ 8/8 0:00:00 • 0:00:00 28.27it/s  
Predicting ━━━━━━━━━━━━━━━━━━━━━━━━━━━━━━━━━━━━━━━━ 8/8 0:00:00 • 0:00:00 27.23it/s  
Predicting ━━━━━━━━━━━━━━━━━━━━━━━━━━━━━━━━━━━━━━━━ 8/8 0:00:00 • 0:00:00 27.51it/s  
batch 303: size=500 time=5.69s
Predicting ━━━━━━━━━━━━━━━━━━━━━━━━━━━━━━━━━━━━━━━━ 8/8 0:00:00 • 0:00:00 26.42it/s  
Predicting ━━━━━━━━━━━━━━━━━━━━━━━━━━━━━━━━━━━━━━━━ 8/8 0:00:00 • 0:00:00 26.62it/s  
Predicting ━━━━━━━━━━━━━━━━━━━━━━━━━━━━━━━━━━━━━━━━ 8/8 0:00:00 • 0:00:00 26.53it/s  
Predicting ━━━━━━━━━━━━━━━━━━━━━━━━━━━━━━━━━━━━━━━━ 8/8 0:00:00 • 0:00:00 27.54it/s  
Predicting ━━━━━━━━━━━━━━━━━━━━━━━━━━━━━━━━━━━━━━━━ 8/8 0:00:00 • 0:00:00 27.27it/s  
Predicting ━━━━━━━━━━━━━━━━━━━━━━━━━━━━━━━━━━━━━━━━ 8/8 0:00:00 • 0:00:00 28.52it/s  
Predicting ━━━━━━━━━━━━━━━━━━━━━━━━━━━━━━━━━━━━━━━━ 8/8 0:00:00 • 0:00:00 26.51it/s  
Predicting ━━━━━━━━━━━━━━━━━━━━━━━━━━━━━━━━━━━━━━━━ 8/8 0:00:00 • 0:00:00 26.97it/s  
Predicting ━━━━━━━━━━━━━━━━━━━━━━━━━━━━━━━━━━━━━━━━ 8/8 0:00:00 • 0:00:00 27.13it/s  
Predicting ━━━━━━━━━━━━━━━━━━━━━━━━━━━━━━━━━━━━━━━━ 8/8 0:00:00 • 0:00:00 26.86it/s  
batch 304: size=500 time=5.73s
Predicting ━━━━━━━━━━━━━━━━━━━━━━━━━━━━━━━━━━━━━━━━ 8/8 0:00:00 • 0:00:00 19.71it/s  
Predicting ━━━━━━━━━━━━━━━━━━━━━━━━━━━━━━━━━━━━━━━━ 8/8 0:00:00 • 0:00:00 25.30it/s  
Predicting ━━━━━━━━━━━━━━━━━━━━━━━━━━━━━━━━━━━━━━━━ 8/8 0:00:00 • 0:00:00 29.44it/s  
Predicting ━━━━━━━━━━━━━━━━━━━━━━━━━━━━━━━━━━━━━━━━ 8/8 0:00:00 • 0:00:00 30.52it/s  
Predicting ━━━━━━━━━━━━━━━━━━━━━━━━━━━━━━━━━━━━━━━━ 8/8 0:00:00 • 0:00:00 30.82it/s  
Predicting ━━━━━━━━━━━━━━━━━━━━━━━━━━━━━━━━━━━━━━━━ 8/8 0:00:00 • 0:00:00 26.08it/s  
Predicting ━━━━━━━━━━━━━━━━━━━━━━━━━━━━━━━━━━━━━━━━ 8/8 0:00:00 • 0:00:00 27.51it/s  
Predicting ━━━━━━━━━━━━━━━━━━━━━━━━━━━━━━━━━━━━━━━━ 8/8 0:00:00 • 0:00:00 27.06it/s  
Predicting ━━━━━━━━━━━━━━━━━━━━━━━━━━━━━━━━━━━━━━━━ 8/8 0:00:00 • 0:00:00 26.47it/s  
Predicting ━━━━━━━━━━━━━━━━━━━━━━━━━━━━━━━━━━━━━━━━ 8/8 0:00:00 • 0:00:00 27.12it/s  
batch 305: size=500 time=5.76s
Predicting ━━━━━━━━━━━━━━━━━━━━━━━━━━━━━━━━━━━━━━━━ 8/8 0:00:00 • 0:00:00 26.26it/s  
Predicting ━━━━━━━━━━━━━━━━━━━━━━━━━━━━━━━━━━━━━━━━ 8/8 0:00:00 • 0:00:00 27.02it/s  
Predicting ━━━━━━━━━━━━━━━━━━━━━━━━━━━━━━━━━━━━━━━━ 8/8 0:00:00 • 0:00:00 26.95it/s  
Predicting ━━━━━━━━━━━━━━━━━━━━━━━━━━━━━━━━━━━━━━━━ 8/8 0:00:00 • 0:00:00 26.23it/s  
Predicting ━━━━━━━━━━━━━━━━━━━━━━━━━━━━━━━━━━━━━━━━ 8/8 0:00:00 • 0:00:00 27.49it/s  
Predicting ━━━━━━━━━━━━━━━━━━━━━━━━━━━━━━━━━━━━━━━━ 8/8 0:00:00 • 0:00:00 25.92it/s  
Predicting ━━━━━━━━━━━━━━━━━━━━━━━━━━━━━━━━━━━━━━━━ 8/8 0:00:00 • 0:00:00 27.04it/s  
Predicting ━━━━━━━━━━━━━━━━━━━━━━━━━━━━━━━━━━━━━━━━ 8/8 0:00:00 • 0:00:00 26.14it/s  
Predicting ━━━━━━━━━━━━━━━━━━━━━━━━━━━━━━━━━━━━━━━━ 8/8 0:00:00 • 0:00:00 27.24it/s  
Predicting ━━━━━━━━━━━━━━━━━━━━━━━━━━━━━━━━━━━━━━━━ 8/8 0:00:00 • 0:00:00 26.58it/s  
batch 306: size=500 time=5.75s
Predicting ━━━━━━━━━━━━━━━━━━━━━━━━━━━━━━━━━━━━━━━━ 8/8 0:00:00 • 0:00:00 26.85it/s  
Predicting ━━━━━━━━━━━━━━━━━━━━━━━━━━━━━━━━━━━━━━━━ 8/8 0:00:00 • 0:00:00 26.96it/s  
Predicting ━━━━━━━━━━━━━━━━━━━━━━━━━━━━━━━━━━━━━━━━ 8/8 0:00:00 • 0:00:00 27.42it/s  
Predicting ━━━━━━━━━━━━━━━━━━━━━━━━━━━━━━━━━━━━━━━━ 8/8 0:00:00 • 0:00:00 27.80it/s  
Predicting ━━━━━━━━━━━━━━━━━━━━━━━━━━━━━━━━━━━━━━━━ 8/8 0:00:00 • 0:00:00 26.64it/s  
Predicting ━━━━━━━━━━━━━━━━━━━━━━━━━━━━━━━━━━━━━━━━ 8/8 0:00:00 • 0:00:00 26.17it/s  
Predicting ━━━━━━━━━━━━━━━━━━━━━━━━━━━━━━━━━━━━━━━━ 8/8 0:00:00 • 0:00:00 26.51it/s  
Predicting ━━━━━━━━━━━━━━━━━━━━━━━━━━━━━━━━━━━━━━━━ 8/8 0:00:00 • 0:00:00 26.26it/s  
Predicting ━━━━━━━━━━━━━━━━━━━━━━━━━━━━━━━━━━━━━━━━ 8/8 0:00:00 • 0:00:00 27.03it/s  
Predicting ━━━━━━━━━━━━━━━━━━━━━━━━━━━━━━━━━━━━━━━━ 8/8 0:00:00 • 0:00:00 27.42it/s  
batch 307: size=500 time=5.72s
Predicting ━━━━━━━━━━━━━━━━━━━━━━━━━━━━━━━━━━━━━━━━ 8/8 0:00:00 • 0:00:00 26.21it/s  
Predicting ━━━━━━━━━━━━━━━━━━━━━━━━━━━━━━━━━━━━━━━━ 8/8 0:00:00 • 0:00:00 25.81it/s  
Predicting ━━━━━━━━━━━━━━━━━━━━━━━━━━━━━━━━━━━━━━━━ 8/8 0:00:00 • 0:00:00 26.41it/s  
Predicting ━━━━━━━━━━━━━━━━━━━━━━━━━━━━━━━━━━━━━━━━ 8/8 0:00:00 • 0:00:00 27.44it/s  
Predicting ━━━━━━━━━━━━━━━━━━━━━━━━━━━━━━━━━━━━━━━━ 8/8 0:00:00 • 0:00:00 27.90it/s  
Predicting ━━━━━━━━━━━━━━━━━━━━━━━━━━━━━━━━━━━━━━━━ 8/8 0:00:00 • 0:00:00 19.50it/s  
Predicting ━━━━━━━━━━━━━━━━━━━━━━━━━━━━━━━━━━━━━━━━ 8/8 0:00:00 • 0:00:00 22.91it/s  
Predicting ━━━━━━━━━━━━━━━━━━━━━━━━━━━━━━━━━━━━━━━━ 8/8 0:00:00 • 0:00:00 29.22it/s  
Predicting ━━━━━━━━━━━━━━━━━━━━━━━━━━━━━━━━━━━━━━━━ 8/8 0:00:00 • 0:00:00 30.73it/s  
Predicting ━━━━━━━━━━━━━━━━━━━━━━━━━━━━━━━━━━━━━━━━ 8/8 0:00:00 • 0:00:00 31.35it/s  
batch 308: size=500 time=5.81s
Predicting ━━━━━━━━━━━━━━━━━━━━━━━━━━━━━━━━━━━━━━━━ 8/8 0:00:00 • 0:00:00 30.99it/s  
Predicting ━━━━━━━━━━━━━━━━━━━━━━━━━━━━━━━━━━━━━━━━ 8/8 0:00:00 • 0:00:00 30.70it/s  
Predicting ━━━━━━━━━━━━━━━━━━━━━━━━━━━━━━━━━━━━━━━━ 8/8 0:00:00 • 0:00:00 29.63it/s  
Predicting ━━━━━━━━━━━━━━━━━━━━━━━━━━━━━━━━━━━━━━━━ 8/8 0:00:00 • 0:00:00 30.03it/s  
Predicting ━━━━━━━━━━━━━━━━━━━━━━━━━━━━━━━━━━━━━━━━ 8/8 0:00:00 • 0:00:00 31.64it/s  
Predicting ━━━━━━━━━━━━━━━━━━━━━━━━━━━━━━━━━━━━━━━━ 8/8 0:00:00 • 0:00:00 28.27it/s  
Predicting ━━━━━━━━━━━━━━━━━━━━━━━━━━━━━━━━━━━━━━━━ 8/8 0:00:00 • 0:00:00 29.82it/s  
Predicting ━━━━━━━━━━━━━━━━━━━━━━━━━━━━━━━━━━━━━━━━ 8/8 0:00:00 • 0:00:00 31.22it/s  
Predicting ━━━━━━━━━━━━━━━━━━━━━━━━━━━━━━━━━━━━━━━━ 8/8 0:00:00 • 0:00:00 29.43it/s  
Predicting ━━━━━━━━━━━━━━━━━━━━━━━━━━━━━━━━━━━━━━━━ 8/8 0:00:00 • 0:00:00 29.20it/s  
batch 309: size=500 time=5.38s
Predicting ━━━━━━━━━━━━━━━━━━━━━━━━━━━━━━━━━━━━━━━━ 8/8 0:00:00 • 0:00:00 30.01it/s  
Predicting ━━━━━━━━━━━━━━━━━━━━━━━━━━━━━━━━━━━━━━━━ 8/8 0:00:00 • 0:00:00 28.42it/s  
Predicting ━━━━━━━━━━━━━━━━━━━━━━━━━━━━━━━━━━━━━━━━ 8/8 0:00:00 • 0:00:00 29.69it/s  
Predicting ━━━━━━━━━━━━━━━━━━━━━━━━━━━━━━━━━━━━━━━━ 8/8 0:00:00 • 0:00:00 30.99it/s  
Predicting ━━━━━━━━━━━━━━━━━━━━━━━━━━━━━━━━━━━━━━━━ 8/8 0:00:00 • 0:00:00 30.11it/s  
Predicting ━━━━━━━━━━━━━━━━━━━━━━━━━━━━━━━━━━━━━━━━ 8/8 0:00:00 • 0:00:00 29.47it/s  
Predicting ━━━━━━━━━━━━━━━━━━━━━━━━━━━━━━━━━━━━━━━━ 8/8 0:00:00 • 0:00:00 30.82it/s  
Predicting ━━━━━━━━━━━━━━━━━━━━━━━━━━━━━━━━━━━━━━━━ 8/8 0:00:00 • 0:00:00 30.36it/s  
Predicting ━━━━━━━━━━━━━━━━━━━━━━━━━━━━━━━━━━━━━━━━ 8/8 0:00:00 • 0:00:00 29.31it/s  
Predicting ━━━━━━━━━━━━━━━━━━━━━━━━━━━━━━━━━━━━━━━━ 8/8 0:00:00 • 0:00:00 30.66it/s  
batch 310: size=500 time=5.39s
Predicting ━━━━━━━━━━━━━━━━━━━━━━━━━━━━━━━━━━━━━━━━ 8/8 0:00:00 • 0:00:00 28.48it/s  
Predicting ━━━━━━━━━━━━━━━━━━━━━━━━━━━━━━━━━━━━━━━━ 8/8 0:00:00 • 0:00:00 31.14it/s  
Predicting ━━━━━━━━━━━━━━━━━━━━━━━━━━━━━━━━━━━━━━━━ 8/8 0:00:00 • 0:00:00 31.30it/s  
Predicting ━━━━━━━━━━━━━━━━━━━━━━━━━━━━━━━━━━━━━━━━ 8/8 0:00:00 • 0:00:00 30.31it/s  
Predicting ━━━━━━━━━━━━━━━━━━━━━━━━━━━━━━━━━━━━━━━━ 8/8 0:00:00 • 0:00:00 28.66it/s  
Predicting ━━━━━━━━━━━━━━━━━━━━━━━━━━━━━━━━━━━━━━━━ 8/8 0:00:00 • 0:00:00 27.95it/s  
Predicting ━━━━━━━━━━━━━━━━━━━━━━━━━━━━━━━━━━━━━━━━ 8/8 0:00:00 • 0:00:00 29.58it/s  
Predicting ━━━━━━━━━━━━━━━━━━━━━━━━━━━━━━━━━━━━━━━━ 8/8 0:00:00 • 0:00:00 31.85it/s  
Predicting ━━━━━━━━━━━━━━━━━━━━━━━━━━━━━━━━━━━━━━━━ 8/8 0:00:00 • 0:00:00 30.47it/s  
Predicting ━━━━━━━━━━━━━━━━━━━━━━━━━━━━━━━━━━━━━━━━ 8/8 0:00:00 • 0:00:00 30.27it/s  
batch 311: size=500 time=5.39s
Predicting ━━━━━━━━━━━━━━━━━━━━━━━━━━━━━━━━━━━━━━━━ 8/8 0:00:00 • 0:00:00 30.20it/s  
Predicting ━━━━━━━━━━━━━━━━━━━━━━━━━━━━━━━━━━━━━━━━ 8/8 0:00:00 • 0:00:00 30.75it/s  
Predicting ━━━━━━━━━━━━━━━━━━━━━━━━━━━━━━━━━━━━━━━━ 8/8 0:00:00 • 0:00:00 29.65it/s  
Predicting ━━━━━━━━━━━━━━━━━━━━━━━━━━━━━━━━━━━━━━━━ 8/8 0:00:00 • 0:00:00 30.52it/s  
Predicting ━━━━━━━━━━━━━━━━━━━━━━━━━━━━━━━━━━━━━━━━ 8/8 0:00:00 • 0:00:00 30.86it/s  
Predicting ━━━━━━━━━━━━━━━━━━━━━━━━━━━━━━━━━━━━━━━━ 8/8 0:00:00 • 0:00:00 29.63it/s  
Predicting ━━━━━━━━━━━━━━━━━━━━━━━━━━━━━━━━━━━━━━━━ 8/8 0:00:00 • 0:00:00 31.35it/s  
Predicting ━━━━━━━━━━━━━━━━━━━━━━━━━━━━━━━━━━━━━━━━ 8/8 0:00:00 • 0:00:00 31.24it/s  
Predicting ━━━━━━━━━━━━━━━━━━━━━━━━━━━━━━━━━━━━━━━━ 8/8 0:00:00 • 0:00:00 30.02it/s  
Predicting ━━━━━━━━━━━━━━━━━━━━━━━━━━━━━━━━━━━━━━━━ 8/8 0:00:00 • 0:00:00 30.82it/s  
batch 312: size=500 time=5.34s
Predicting ━━━━━━━━━━━━━━━━━━━━━━━━━━━━━━━━━━━━━━━━ 8/8 0:00:00 • 0:00:00 19.33it/s  
Predicting ━━━━━━━━━━━━━━━━━━━━━━━━━━━━━━━━━━━━━━━━ 8/8 0:00:00 • 0:00:00 19.67it/s  
Predicting ━━━━━━━━━━━━━━━━━━━━━━━━━━━━━━━━━━━━━━━━ 8/8 0:00:00 • 0:00:00 21.79it/s  
Predicting ━━━━━━━━━━━━━━━━━━━━━━━━━━━━━━━━━━━━━━━━ 8/8 0:00:00 • 0:00:00 25.76it/s  
Predicting ━━━━━━━━━━━━━━━━━━━━━━━━━━━━━━━━━━━━━━━━ 8/8 0:00:00 • 0:00:00 24.37it/s  
Predicting ━━━━━━━━━━━━━━━━━━━━━━━━━━━━━━━━━━━━━━━━ 8/8 0:00:00 • 0:00:00 28.05it/s  
Predicting ━━━━━━━━━━━━━━━━━━━━━━━━━━━━━━━━━━━━━━━━ 8/8 0:00:00 • 0:00:00 29.97it/s  
Predicting ━━━━━━━━━━━━━━━━━━━━━━━━━━━━━━━━━━━━━━━━ 8/8 0:00:00 • 0:00:00 29.65it/s  
Predicting ━━━━━━━━━━━━━━━━━━━━━━━━━━━━━━━━━━━━━━━━ 8/8 0:00:00 • 0:00:00 30.80it/s  
Predicting ━━━━━━━━━━━━━━━━━━━━━━━━━━━━━━━━━━━━━━━━ 8/8 0:00:00 • 0:00:00 29.98it/s  
batch 313: size=500 time=5.91s
Predicting ━━━━━━━━━━━━━━━━━━━━━━━━━━━━━━━━━━━━━━━━ 8/8 0:00:00 • 0:00:00 29.49it/s  
Predicting ━━━━━━━━━━━━━━━━━━━━━━━━━━━━━━━━━━━━━━━━ 8/8 0:00:00 • 0:00:00 30.65it/s  
Predicting ━━━━━━━━━━━━━━━━━━━━━━━━━━━━━━━━━━━━━━━━ 8/8 0:00:00 • 0:00:00 29.74it/s  
Predicting ━━━━━━━━━━━━━━━━━━━━━━━━━━━━━━━━━━━━━━━━ 8/8 0:00:00 • 0:00:00 30.76it/s  
Predicting ━━━━━━━━━━━━━━━━━━━━━━━━━━━━━━━━━━━━━━━━ 8/8 0:00:00 • 0:00:00 30.22it/s  
Predicting ━━━━━━━━━━━━━━━━━━━━━━━━━━━━━━━━━━━━━━━━ 8/8 0:00:00 • 0:00:00 30.53it/s  
Predicting ━━━━━━━━━━━━━━━━━━━━━━━━━━━━━━━━━━━━━━━━ 8/8 0:00:00 • 0:00:00 30.48it/s  
Predicting ━━━━━━━━━━━━━━━━━━━━━━━━━━━━━━━━━━━━━━━━ 8/8 0:00:00 • 0:00:00 30.60it/s  
Predicting ━━━━━━━━━━━━━━━━━━━━━━━━━━━━━━━━━━━━━━━━ 8/8 0:00:00 • 0:00:00 29.65it/s  
Predicting ━━━━━━━━━━━━━━━━━━━━━━━━━━━━━━━━━━━━━━━━ 8/8 0:00:00 • 0:00:00 31.45it/s  
batch 314: size=500 time=5.36s
Predicting ━━━━━━━━━━━━━━━━━━━━━━━━━━━━━━━━━━━━━━━━ 8/8 0:00:00 • 0:00:00 27.37it/s  
Predicting ━━━━━━━━━━━━━━━━━━━━━━━━━━━━━━━━━━━━━━━━ 8/8 0:00:00 • 0:00:00 25.89it/s  
Predicting ━━━━━━━━━━━━━━━━━━━━━━━━━━━━━━━━━━━━━━━━ 8/8 0:00:00 • 0:00:00 30.70it/s  
Predicting ━━━━━━━━━━━━━━━━━━━━━━━━━━━━━━━━━━━━━━━━ 8/8 0:00:00 • 0:00:00 28.68it/s  
Predicting ━━━━━━━━━━━━━━━━━━━━━━━━━━━━━━━━━━━━━━━━ 8/8 0:00:00 • 0:00:00 30.40it/s  
Predicting ━━━━━━━━━━━━━━━━━━━━━━━━━━━━━━━━━━━━━━━━ 8/8 0:00:00 • 0:00:00 26.58it/s  
Predicting ━━━━━━━━━━━━━━━━━━━━━━━━━━━━━━━━━━━━━━━━ 8/8 0:00:00 • 0:00:00 27.61it/s  
Predicting ━━━━━━━━━━━━━━━━━━━━━━━━━━━━━━━━━━━━━━━━ 8/8 0:00:00 • 0:00:00 27.21it/s  
Predicting ━━━━━━━━━━━━━━━━━━━━━━━━━━━━━━━━━━━━━━━━ 8/8 0:00:00 • 0:00:00 28.31it/s  
Predicting ━━━━━━━━━━━━━━━━━━━━━━━━━━━━━━━━━━━━━━━━ 8/8 0:00:00 • 0:00:00 26.85it/s  
batch 315: size=500 time=5.66s
Predicting ━━━━━━━━━━━━━━━━━━━━━━━━━━━━━━━━━━━━━━━━ 8/8 0:00:00 • 0:00:00 26.61it/s  
Predicting ━━━━━━━━━━━━━━━━━━━━━━━━━━━━━━━━━━━━━━━━ 8/8 0:00:00 • 0:00:00 26.83it/s  
Predicting ━━━━━━━━━━━━━━━━━━━━━━━━━━━━━━━━━━━━━━━━ 8/8 0:00:00 • 0:00:00 27.26it/s  
Predicting ━━━━━━━━━━━━━━━━━━━━━━━━━━━━━━━━━━━━━━━━ 8/8 0:00:00 • 0:00:00 27.44it/s  
Predicting ━━━━━━━━━━━━━━━━━━━━━━━━━━━━━━━━━━━━━━━━ 8/8 0:00:00 • 0:00:00 27.59it/s  
Predicting ━━━━━━━━━━━━━━━━━━━━━━━━━━━━━━━━━━━━━━━━ 8/8 0:00:00 • 0:00:00 26.52it/s  
Predicting ━━━━━━━━━━━━━━━━━━━━━━━━━━━━━━━━━━━━━━━━ 8/8 0:00:00 • 0:00:00 27.48it/s  
Predicting ━━━━━━━━━━━━━━━━━━━━━━━━━━━━━━━━━━━━━━━━ 8/8 0:00:00 • 0:00:00 26.88it/s  
Predicting ━━━━━━━━━━━━━━━━━━━━━━━━━━━━━━━━━━━━━━━━ 8/8 0:00:00 • 0:00:00 27.00it/s  
Predicting ━━━━━━━━━━━━━━━━━━━━━━━━━━━━━━━━━━━━━━━━ 8/8 0:00:00 • 0:00:00 27.48it/s  
batch 316: size=500 time=5.69s
Predicting ━━━━━━━━━━━━━━━━━━━━━━━━━━━━━━━━━━━━━━━━ 8/8 0:00:00 • 0:00:00 26.18it/s  
Predicting ━━━━━━━━━━━━━━━━━━━━━━━━━━━━━━━━━━━━━━━━ 8/8 0:00:00 • 0:00:00 27.49it/s  
Predicting ━━━━━━━━━━━━━━━━━━━━━━━━━━━━━━━━━━━━━━━━ 8/8 0:00:00 • 0:00:00 27.19it/s  
Predicting ━━━━━━━━━━━━━━━━━━━━━━━━━━━━━━━━━━━━━━━━ 8/8 0:00:00 • 0:00:00 27.64it/s  
Predicting ━━━━━━━━━━━━━━━━━━━━━━━━━━━━━━━━━━━━━━━━ 8/8 0:00:00 • 0:00:00 27.44it/s  
Predicting ━━━━━━━━━━━━━━━━━━━━━━━━━━━━━━━━━━━━━━━━ 8/8 0:00:00 • 0:00:00 26.67it/s  
Predicting ━━━━━━━━━━━━━━━━━━━━━━━━━━━━━━━━━━━━━━━━ 8/8 0:00:00 • 0:00:00 26.93it/s  
Predicting ━━━━━━━━━━━━━━━━━━━━━━━━━━━━━━━━━━━━━━━━ 8/8 0:00:00 • 0:00:00 27.17it/s  
Predicting ━━━━━━━━━━━━━━━━━━━━━━━━━━━━━━━━━━━━━━━━ 8/8 0:00:00 • 0:00:00 27.33it/s  
Predicting ━━━━━━━━━━━━━━━━━━━━━━━━━━━━━━━━━━━━━━━━ 8/8 0:00:00 • 0:00:00 26.34it/s  
batch 317: size=500 time=5.67s
Predicting ━━━━━━━━━━━━━━━━━━━━━━━━━━━━━━━━━━━━━━━━ 8/8 0:00:00 • 0:00:00 26.21it/s  
Predicting ━━━━━━━━━━━━━━━━━━━━━━━━━━━━━━━━━━━━━━━━ 8/8 0:00:00 • 0:00:00 27.85it/s  
Predicting ━━━━━━━━━━━━━━━━━━━━━━━━━━━━━━━━━━━━━━━━ 8/8 0:00:00 • 0:00:00 27.85it/s  
Predicting ━━━━━━━━━━━━━━━━━━━━━━━━━━━━━━━━━━━━━━━━ 8/8 0:00:00 • 0:00:00 27.25it/s  
Predicting ━━━━━━━━━━━━━━━━━━━━━━━━━━━━━━━━━━━━━━━━ 8/8 0:00:00 • 0:00:00 27.95it/s  
Predicting ━━━━━━━━━━━━━━━━━━━━━━━━━━━━━━━━━━━━━━━━ 8/8 0:00:00 • 0:00:00 26.75it/s  
Predicting ━━━━━━━━━━━━━━━━━━━━━━━━━━━━━━━━━━━━━━━━ 8/8 0:00:00 • 0:00:00 26.78it/s  
Predicting ━━━━━━━━━━━━━━━━━━━━━━━━━━━━━━━━━━━━━━━━ 8/8 0:00:00 • 0:00:00 27.38it/s  
Predicting ━━━━━━━━━━━━━━━━━━━━━━━━━━━━━━━━━━━━━━━━ 8/8 0:00:00 • 0:00:00 28.66it/s  
Predicting ━━━━━━━━━━━━━━━━━━━━━━━━━━━━━━━━━━━━━━━━ 8/8 0:00:00 • 0:00:00 26.63it/s  
batch 318: size=500 time=5.67s
Predicting ━━━━━━━━━━━━━━━━━━━━━━━━━━━━━━━━━━━━━━━━ 8/8 0:00:00 • 0:00:00 27.45it/s  
Predicting ━━━━━━━━━━━━━━━━━━━━━━━━━━━━━━━━━━━━━━━━ 8/8 0:00:00 • 0:00:00 26.71it/s  
Predicting ━━━━━━━━━━━━━━━━━━━━━━━━━━━━━━━━━━━━━━━━ 8/8 0:00:00 • 0:00:00 27.68it/s  
Predicting ━━━━━━━━━━━━━━━━━━━━━━━━━━━━━━━━━━━━━━━━ 8/8 0:00:00 • 0:00:00 27.45it/s  
Predicting ━━━━━━━━━━━━━━━━━━━━━━━━━━━━━━━━━━━━━━━━ 8/8 0:00:00 • 0:00:00 27.19it/s  
Predicting ━━━━━━━━━━━━━━━━━━━━━━━━━━━━━━━━━━━━━━━━ 8/8 0:00:00 • 0:00:00 26.13it/s  
Predicting ━━━━━━━━━━━━━━━━━━━━━━━━━━━━━━━━━━━━━━━━ 8/8 0:00:00 • 0:00:00 27.89it/s  
Predicting ━━━━━━━━━━━━━━━━━━━━━━━━━━━━━━━━━━━━━━━━ 8/8 0:00:00 • 0:00:00 27.08it/s  
Predicting ━━━━━━━━━━━━━━━━━━━━━━━━━━━━━━━━━━━━━━━━ 8/8 0:00:00 • 0:00:00 27.47it/s  
Predicting ━━━━━━━━━━━━━━━━━━━━━━━━━━━━━━━━━━━━━━━━ 8/8 0:00:00 • 0:00:00 27.88it/s  
batch 319: size=500 time=5.66s
Predicting ━━━━━━━━━━━━━━━━━━━━━━━━━━━━━━━━━━━━━━━━ 8/8 0:00:00 • 0:00:00 26.78it/s  
Predicting ━━━━━━━━━━━━━━━━━━━━━━━━━━━━━━━━━━━━━━━━ 8/8 0:00:00 • 0:00:00 26.81it/s  
Predicting ━━━━━━━━━━━━━━━━━━━━━━━━━━━━━━━━━━━━━━━━ 8/8 0:00:00 • 0:00:00 27.04it/s  
Predicting ━━━━━━━━━━━━━━━━━━━━━━━━━━━━━━━━━━━━━━━━ 8/8 0:00:00 • 0:00:00 27.52it/s  
Predicting ━━━━━━━━━━━━━━━━━━━━━━━━━━━━━━━━━━━━━━━━ 8/8 0:00:00 • 0:00:00 26.91it/s  
Predicting ━━━━━━━━━━━━━━━━━━━━━━━━━━━━━━━━━━━━━━━━ 8/8 0:00:00 • 0:00:00 26.12it/s  
Predicting ━━━━━━━━━━━━━━━━━━━━━━━━━━━━━━━━━━━━━━━━ 8/8 0:00:00 • 0:00:00 26.82it/s  
Predicting ━━━━━━━━━━━━━━━━━━━━━━━━━━━━━━━━━━━━━━━━ 8/8 0:00:00 • 0:00:00 26.70it/s  
Predicting ━━━━━━━━━━━━━━━━━━━━━━━━━━━━━━━━━━━━━━━━ 8/8 0:00:00 • 0:00:00 27.27it/s  
Predicting ━━━━━━━━━━━━━━━━━━━━━━━━━━━━━━━━━━━━━━━━ 8/8 0:00:00 • 0:00:00 27.12it/s  
batch 320: size=500 time=5.70s
Predicting ━━━━━━━━━━━━━━━━━━━━━━━━━━━━━━━━━━━━━━━━ 8/8 0:00:00 • 0:00:00 24.66it/s  
Predicting ━━━━━━━━━━━━━━━━━━━━━━━━━━━━━━━━━━━━━━━━ 8/8 0:00:00 • 0:00:00 30.16it/s  
Predicting ━━━━━━━━━━━━━━━━━━━━━━━━━━━━━━━━━━━━━━━━ 8/8 0:00:00 • 0:00:00 30.64it/s  
Predicting ━━━━━━━━━━━━━━━━━━━━━━━━━━━━━━━━━━━━━━━━ 8/8 0:00:00 • 0:00:00 29.70it/s  
Predicting ━━━━━━━━━━━━━━━━━━━━━━━━━━━━━━━━━━━━━━━━ 8/8 0:00:00 • 0:00:00 30.75it/s  
Predicting ━━━━━━━━━━━━━━━━━━━━━━━━━━━━━━━━━━━━━━━━ 8/8 0:00:00 • 0:00:00 29.43it/s  
Predicting ━━━━━━━━━━━━━━━━━━━━━━━━━━━━━━━━━━━━━━━━ 8/8 0:00:00 • 0:00:00 29.03it/s  
Predicting ━━━━━━━━━━━━━━━━━━━━━━━━━━━━━━━━━━━━━━━━ 8/8 0:00:00 • 0:00:00 31.19it/s  
Predicting ━━━━━━━━━━━━━━━━━━━━━━━━━━━━━━━━━━━━━━━━ 8/8 0:00:00 • 0:00:00 31.59it/s  
Predicting ━━━━━━━━━━━━━━━━━━━━━━━━━━━━━━━━━━━━━━━━ 8/8 0:00:00 • 0:00:00 31.09it/s  
batch 321: size=500 time=5.45s
Predicting ━━━━━━━━━━━━━━━━━━━━━━━━━━━━━━━━━━━━━━━━ 8/8 0:00:00 • 0:00:00 29.79it/s  
Predicting ━━━━━━━━━━━━━━━━━━━━━━━━━━━━━━━━━━━━━━━━ 8/8 0:00:00 • 0:00:00 29.90it/s  
Predicting ━━━━━━━━━━━━━━━━━━━━━━━━━━━━━━━━━━━━━━━━ 8/8 0:00:00 • 0:00:00 29.22it/s  
Predicting ━━━━━━━━━━━━━━━━━━━━━━━━━━━━━━━━━━━━━━━━ 8/8 0:00:00 • 0:00:00 30.13it/s  
Predicting ━━━━━━━━━━━━━━━━━━━━━━━━━━━━━━━━━━━━━━━━ 8/8 0:00:00 • 0:00:00 31.41it/s  
Predicting ━━━━━━━━━━━━━━━━━━━━━━━━━━━━━━━━━━━━━━━━ 8/8 0:00:00 • 0:00:00 26.49it/s  
Predicting ━━━━━━━━━━━━━━━━━━━━━━━━━━━━━━━━━━━━━━━━ 8/8 0:00:00 • 0:00:00 27.05it/s  
Predicting ━━━━━━━━━━━━━━━━━━━━━━━━━━━━━━━━━━━━━━━━ 8/8 0:00:00 • 0:00:00 27.01it/s  
Predicting ━━━━━━━━━━━━━━━━━━━━━━━━━━━━━━━━━━━━━━━━ 8/8 0:00:00 • 0:00:00 26.60it/s  
Predicting ━━━━━━━━━━━━━━━━━━━━━━━━━━━━━━━━━━━━━━━━ 8/8 0:00:00 • 0:00:00 27.06it/s  
batch 322: size=500 time=5.60s
Predicting ━━━━━━━━━━━━━━━━━━━━━━━━━━━━━━━━━━━━━━━━ 8/8 0:00:00 • 0:00:00 26.27it/s  
Predicting ━━━━━━━━━━━━━━━━━━━━━━━━━━━━━━━━━━━━━━━━ 8/8 0:00:00 • 0:00:00 27.35it/s  
Predicting ━━━━━━━━━━━━━━━━━━━━━━━━━━━━━━━━━━━━━━━━ 8/8 0:00:00 • 0:00:00 26.88it/s  
Predicting ━━━━━━━━━━━━━━━━━━━━━━━━━━━━━━━━━━━━━━━━ 8/8 0:00:00 • 0:00:00 26.41it/s  
Predicting ━━━━━━━━━━━━━━━━━━━━━━━━━━━━━━━━━━━━━━━━ 8/8 0:00:00 • 0:00:00 27.15it/s  
Predicting ━━━━━━━━━━━━━━━━━━━━━━━━━━━━━━━━━━━━━━━━ 8/8 0:00:00 • 0:00:00 26.71it/s  
Predicting ━━━━━━━━━━━━━━━━━━━━━━━━━━━━━━━━━━━━━━━━ 8/8 0:00:00 • 0:00:00 26.73it/s  
Predicting ━━━━━━━━━━━━━━━━━━━━━━━━━━━━━━━━━━━━━━━━ 8/8 0:00:00 • 0:00:00 26.74it/s  
Predicting ━━━━━━━━━━━━━━━━━━━━━━━━━━━━━━━━━━━━━━━━ 8/8 0:00:00 • 0:00:00 26.26it/s  
Predicting ━━━━━━━━━━━━━━━━━━━━━━━━━━━━━━━━━━━━━━━━ 8/8 0:00:00 • 0:00:00 26.99it/s  
batch 323: size=500 time=5.73s
Predicting ━━━━━━━━━━━━━━━━━━━━━━━━━━━━━━━━━━━━━━━━ 8/8 0:00:00 • 0:00:00 26.18it/s  
Predicting ━━━━━━━━━━━━━━━━━━━━━━━━━━━━━━━━━━━━━━━━ 8/8 0:00:00 • 0:00:00 27.70it/s  
Predicting ━━━━━━━━━━━━━━━━━━━━━━━━━━━━━━━━━━━━━━━━ 8/8 0:00:00 • 0:00:00 27.03it/s  
Predicting ━━━━━━━━━━━━━━━━━━━━━━━━━━━━━━━━━━━━━━━━ 8/8 0:00:00 • 0:00:00 26.27it/s  
Predicting ━━━━━━━━━━━━━━━━━━━━━━━━━━━━━━━━━━━━━━━━ 8/8 0:00:00 • 0:00:00 26.84it/s  
Predicting ━━━━━━━━━━━━━━━━━━━━━━━━━━━━━━━━━━━━━━━━ 8/8 0:00:00 • 0:00:00 27.11it/s  
Predicting ━━━━━━━━━━━━━━━━━━━━━━━━━━━━━━━━━━━━━━━━ 8/8 0:00:00 • 0:00:00 26.83it/s  
Predicting ━━━━━━━━━━━━━━━━━━━━━━━━━━━━━━━━━━━━━━━━ 8/8 0:00:00 • 0:00:00 26.89it/s  
Predicting ━━━━━━━━━━━━━━━━━━━━━━━━━━━━━━━━━━━━━━━━ 8/8 0:00:00 • 0:00:00 27.52it/s  
Predicting ━━━━━━━━━━━━━━━━━━━━━━━━━━━━━━━━━━━━━━━━ 8/8 0:00:00 • 0:00:00 26.61it/s  
batch 324: size=500 time=5.82s
Predicting ━━━━━━━━━━━━━━━━━━━━━━━━━━━━━━━━━━━━━━━━ 8/8 0:00:00 • 0:00:00 26.78it/s  
Predicting ━━━━━━━━━━━━━━━━━━━━━━━━━━━━━━━━━━━━━━━━ 8/8 0:00:00 • 0:00:00 26.06it/s  
Predicting ━━━━━━━━━━━━━━━━━━━━━━━━━━━━━━━━━━━━━━━━ 8/8 0:00:00 • 0:00:00 27.20it/s  
Predicting ━━━━━━━━━━━━━━━━━━━━━━━━━━━━━━━━━━━━━━━━ 8/8 0:00:00 • 0:00:00 27.44it/s  
Predicting ━━━━━━━━━━━━━━━━━━━━━━━━━━━━━━━━━━━━━━━━ 8/8 0:00:00 • 0:00:00 26.33it/s  
Predicting ━━━━━━━━━━━━━━━━━━━━━━━━━━━━━━━━━━━━━━━━ 8/8 0:00:00 • 0:00:00 26.07it/s  
Predicting ━━━━━━━━━━━━━━━━━━━━━━━━━━━━━━━━━━━━━━━━ 8/8 0:00:00 • 0:00:00 26.46it/s  
Predicting ━━━━━━━━━━━━━━━━━━━━━━━━━━━━━━━━━━━━━━━━ 8/8 0:00:00 • 0:00:00 26.41it/s  
Predicting ━━━━━━━━━━━━━━━━━━━━━━━━━━━━━━━━━━━━━━━━ 8/8 0:00:00 • 0:00:00 26.98it/s  
Predicting ━━━━━━━━━━━━━━━━━━━━━━━━━━━━━━━━━━━━━━━━ 8/8 0:00:00 • 0:00:00 27.23it/s  
batch 325: size=500 time=5.77s
Predicting ━━━━━━━━━━━━━━━━━━━━━━━━━━━━━━━━━━━━━━━━ 8/8 0:00:00 • 0:00:00 26.35it/s  
Predicting ━━━━━━━━━━━━━━━━━━━━━━━━━━━━━━━━━━━━━━━━ 8/8 0:00:00 • 0:00:00 26.58it/s  
Predicting ━━━━━━━━━━━━━━━━━━━━━━━━━━━━━━━━━━━━━━━━ 8/8 0:00:00 • 0:00:00 26.49it/s  
Predicting ━━━━━━━━━━━━━━━━━━━━━━━━━━━━━━━━━━━━━━━━ 8/8 0:00:00 • 0:00:00 27.16it/s  
Predicting ━━━━━━━━━━━━━━━━━━━━━━━━━━━━━━━━━━━━━━━━ 8/8 0:00:00 • 0:00:00 27.48it/s  
Predicting ━━━━━━━━━━━━━━━━━━━━━━━━━━━━━━━━━━━━━━━━ 8/8 0:00:00 • 0:00:00 24.14it/s  
Predicting ━━━━━━━━━━━━━━━━━━━━━━━━━━━━━━━━━━━━━━━━ 8/8 0:00:00 • 0:00:00 29.57it/s  
Predicting ━━━━━━━━━━━━━━━━━━━━━━━━━━━━━━━━━━━━━━━━ 8/8 0:00:00 • 0:00:00 30.43it/s  
Predicting ━━━━━━━━━━━━━━━━━━━━━━━━━━━━━━━━━━━━━━━━ 8/8 0:00:00 • 0:00:00 29.39it/s  
Predicting ━━━━━━━━━━━━━━━━━━━━━━━━━━━━━━━━━━━━━━━━ 8/8 0:00:00 • 0:00:00 30.63it/s  
batch 326: size=500 time=5.61s
Predicting ━━━━━━━━━━━━━━━━━━━━━━━━━━━━━━━━━━━━━━━━ 8/8 0:00:00 • 0:00:00 28.56it/s  
Predicting ━━━━━━━━━━━━━━━━━━━━━━━━━━━━━━━━━━━━━━━━ 8/8 0:00:00 • 0:00:00 31.18it/s  
Predicting ━━━━━━━━━━━━━━━━━━━━━━━━━━━━━━━━━━━━━━━━ 8/8 0:00:00 • 0:00:00 30.28it/s  
Predicting ━━━━━━━━━━━━━━━━━━━━━━━━━━━━━━━━━━━━━━━━ 8/8 0:00:00 • 0:00:00 29.41it/s  
Predicting ━━━━━━━━━━━━━━━━━━━━━━━━━━━━━━━━━━━━━━━━ 8/8 0:00:00 • 0:00:00 28.83it/s  
Predicting ━━━━━━━━━━━━━━━━━━━━━━━━━━━━━━━━━━━━━━━━ 8/8 0:00:00 • 0:00:00 28.68it/s  
Predicting ━━━━━━━━━━━━━━━━━━━━━━━━━━━━━━━━━━━━━━━━ 8/8 0:00:00 • 0:00:00 29.06it/s  
Predicting ━━━━━━━━━━━━━━━━━━━━━━━━━━━━━━━━━━━━━━━━ 8/8 0:00:00 • 0:00:00 30.52it/s  
Predicting ━━━━━━━━━━━━━━━━━━━━━━━━━━━━━━━━━━━━━━━━ 8/8 0:00:00 • 0:00:00 29.97it/s  
Predicting ━━━━━━━━━━━━━━━━━━━━━━━━━━━━━━━━━━━━━━━━ 8/8 0:00:00 • 0:00:00 30.70it/s  
batch 327: size=500 time=5.42s
Predicting ━━━━━━━━━━━━━━━━━━━━━━━━━━━━━━━━━━━━━━━━ 8/8 0:00:00 • 0:00:00 26.33it/s  
Predicting ━━━━━━━━━━━━━━━━━━━━━━━━━━━━━━━━━━━━━━━━ 8/8 0:00:00 • 0:00:00 26.99it/s  
Predicting ━━━━━━━━━━━━━━━━━━━━━━━━━━━━━━━━━━━━━━━━ 8/8 0:00:00 • 0:00:00 26.18it/s  
Predicting ━━━━━━━━━━━━━━━━━━━━━━━━━━━━━━━━━━━━━━━━ 8/8 0:00:00 • 0:00:00 27.45it/s  
Predicting ━━━━━━━━━━━━━━━━━━━━━━━━━━━━━━━━━━━━━━━━ 8/8 0:00:00 • 0:00:00 26.99it/s  
Predicting ━━━━━━━━━━━━━━━━━━━━━━━━━━━━━━━━━━━━━━━━ 8/8 0:00:00 • 0:00:00 26.33it/s  
Predicting ━━━━━━━━━━━━━━━━━━━━━━━━━━━━━━━━━━━━━━━━ 8/8 0:00:00 • 0:00:00 27.42it/s  
Predicting ━━━━━━━━━━━━━━━━━━━━━━━━━━━━━━━━━━━━━━━━ 8/8 0:00:00 • 0:00:00 26.83it/s  
Predicting ━━━━━━━━━━━━━━━━━━━━━━━━━━━━━━━━━━━━━━━━ 8/8 0:00:00 • 0:00:00 26.96it/s  
Predicting ━━━━━━━━━━━━━━━━━━━━━━━━━━━━━━━━━━━━━━━━ 8/8 0:00:00 • 0:00:00 27.07it/s  
batch 328: size=500 time=5.72s
Predicting ━━━━━━━━━━━━━━━━━━━━━━━━━━━━━━━━━━━━━━━━ 8/8 0:00:00 • 0:00:00 26.25it/s  
Predicting ━━━━━━━━━━━━━━━━━━━━━━━━━━━━━━━━━━━━━━━━ 8/8 0:00:00 • 0:00:00 26.64it/s  
Predicting ━━━━━━━━━━━━━━━━━━━━━━━━━━━━━━━━━━━━━━━━ 8/8 0:00:00 • 0:00:00 27.26it/s  
Predicting ━━━━━━━━━━━━━━━━━━━━━━━━━━━━━━━━━━━━━━━━ 8/8 0:00:00 • 0:00:00 26.50it/s  
Predicting ━━━━━━━━━━━━━━━━━━━━━━━━━━━━━━━━━━━━━━━━ 8/8 0:00:00 • 0:00:00 26.63it/s  
Predicting ━━━━━━━━━━━━━━━━━━━━━━━━━━━━━━━━━━━━━━━━ 8/8 0:00:00 • 0:00:00 26.04it/s  
Predicting ━━━━━━━━━━━━━━━━━━━━━━━━━━━━━━━━━━━━━━━━ 8/8 0:00:00 • 0:00:00 27.45it/s  
Predicting ━━━━━━━━━━━━━━━━━━━━━━━━━━━━━━━━━━━━━━━━ 8/8 0:00:00 • 0:00:00 27.26it/s  
Predicting ━━━━━━━━━━━━━━━━━━━━━━━━━━━━━━━━━━━━━━━━ 8/8 0:00:00 • 0:00:00 26.63it/s  
Predicting ━━━━━━━━━━━━━━━━━━━━━━━━━━━━━━━━━━━━━━━━ 8/8 0:00:00 • 0:00:00 27.59it/s  
batch 329: size=500 time=5.74s
Predicting ━━━━━━━━━━━━━━━━━━━━━━━━━━━━━━━━━━━━━━━━ 8/8 0:00:00 • 0:00:00 25.96it/s  
Predicting ━━━━━━━━━━━━━━━━━━━━━━━━━━━━━━━━━━━━━━━━ 8/8 0:00:00 • 0:00:00 26.75it/s  
Predicting ━━━━━━━━━━━━━━━━━━━━━━━━━━━━━━━━━━━━━━━━ 8/8 0:00:00 • 0:00:00 26.29it/s  
Predicting ━━━━━━━━━━━━━━━━━━━━━━━━━━━━━━━━━━━━━━━━ 8/8 0:00:00 • 0:00:00 26.31it/s  
Predicting ━━━━━━━━━━━━━━━━━━━━━━━━━━━━━━━━━━━━━━━━ 8/8 0:00:00 • 0:00:00 26.51it/s  
Predicting ━━━━━━━━━━━━━━━━━━━━━━━━━━━━━━━━━━━━━━━━ 8/8 0:00:00 • 0:00:00 26.07it/s  
Predicting ━━━━━━━━━━━━━━━━━━━━━━━━━━━━━━━━━━━━━━━━ 8/8 0:00:00 • 0:00:00 26.59it/s  
Predicting ━━━━━━━━━━━━━━━━━━━━━━━━━━━━━━━━━━━━━━━━ 8/8 0:00:00 • 0:00:00 27.55it/s  
Predicting ━━━━━━━━━━━━━━━━━━━━━━━━━━━━━━━━━━━━━━━━ 8/8 0:00:00 • 0:00:00 27.81it/s  
Predicting ━━━━━━━━━━━━━━━━━━━━━━━━━━━━━━━━━━━━━━━━ 8/8 0:00:00 • 0:00:00 26.66it/s  
batch 330: size=500 time=5.78s
Predicting ━━━━━━━━━━━━━━━━━━━━━━━━━━━━━━━━━━━━━━━━ 8/8 0:00:00 • 0:00:00 26.39it/s  
Predicting ━━━━━━━━━━━━━━━━━━━━━━━━━━━━━━━━━━━━━━━━ 8/8 0:00:00 • 0:00:00 26.66it/s  
Predicting ━━━━━━━━━━━━━━━━━━━━━━━━━━━━━━━━━━━━━━━━ 8/8 0:00:00 • 0:00:00 28.00it/s  
Predicting ━━━━━━━━━━━━━━━━━━━━━━━━━━━━━━━━━━━━━━━━ 8/8 0:00:00 • 0:00:00 26.75it/s  
Predicting ━━━━━━━━━━━━━━━━━━━━━━━━━━━━━━━━━━━━━━━━ 8/8 0:00:00 • 0:00:00 26.53it/s  
Predicting ━━━━━━━━━━━━━━━━━━━━━━━━━━━━━━━━━━━━━━━━ 8/8 0:00:00 • 0:00:00 19.47it/s  
Predicting ━━━━━━━━━━━━━━━━━━━━━━━━━━━━━━━━━━━━━━━━ 8/8 0:00:00 • 0:00:00 26.19it/s  
Predicting ━━━━━━━━━━━━━━━━━━━━━━━━━━━━━━━━━━━━━━━━ 8/8 0:00:00 • 0:00:00 30.79it/s  
Predicting ━━━━━━━━━━━━━━━━━━━━━━━━━━━━━━━━━━━━━━━━ 8/8 0:00:00 • 0:00:00 31.28it/s  
Predicting ━━━━━━━━━━━━━━━━━━━━━━━━━━━━━━━━━━━━━━━━ 8/8 0:00:00 • 0:00:00 30.27it/s  
batch 331: size=500 time=5.72s
Predicting ━━━━━━━━━━━━━━━━━━━━━━━━━━━━━━━━━━━━━━━━ 8/8 0:00:00 • 0:00:00 29.69it/s  
Predicting ━━━━━━━━━━━━━━━━━━━━━━━━━━━━━━━━━━━━━━━━ 8/8 0:00:00 • 0:00:00 31.21it/s  
Predicting ━━━━━━━━━━━━━━━━━━━━━━━━━━━━━━━━━━━━━━━━ 8/8 0:00:00 • 0:00:00 29.41it/s  
Predicting ━━━━━━━━━━━━━━━━━━━━━━━━━━━━━━━━━━━━━━━━ 8/8 0:00:00 • 0:00:00 30.56it/s  
Predicting ━━━━━━━━━━━━━━━━━━━━━━━━━━━━━━━━━━━━━━━━ 8/8 0:00:00 • 0:00:00 30.97it/s  
Predicting ━━━━━━━━━━━━━━━━━━━━━━━━━━━━━━━━━━━━━━━━ 8/8 0:00:00 • 0:00:00 27.83it/s  
Predicting ━━━━━━━━━━━━━━━━━━━━━━━━━━━━━━━━━━━━━━━━ 8/8 0:00:00 • 0:00:00 31.13it/s  
Predicting ━━━━━━━━━━━━━━━━━━━━━━━━━━━━━━━━━━━━━━━━ 8/8 0:00:00 • 0:00:00 30.58it/s  
Predicting ━━━━━━━━━━━━━━━━━━━━━━━━━━━━━━━━━━━━━━━━ 8/8 0:00:00 • 0:00:00 30.08it/s  
Predicting ━━━━━━━━━━━━━━━━━━━━━━━━━━━━━━━━━━━━━━━━ 8/8 0:00:00 • 0:00:00 29.26it/s  
batch 332: size=500 time=5.40s
Predicting ━━━━━━━━━━━━━━━━━━━━━━━━━━━━━━━━━━━━━━━━ 8/8 0:00:00 • 0:00:00 28.15it/s  
Predicting ━━━━━━━━━━━━━━━━━━━━━━━━━━━━━━━━━━━━━━━━ 8/8 0:00:00 • 0:00:00 29.58it/s  
Predicting ━━━━━━━━━━━━━━━━━━━━━━━━━━━━━━━━━━━━━━━━ 8/8 0:00:00 • 0:00:00 31.54it/s  
Predicting ━━━━━━━━━━━━━━━━━━━━━━━━━━━━━━━━━━━━━━━━ 8/8 0:00:00 • 0:00:00 31.08it/s  
Predicting ━━━━━━━━━━━━━━━━━━━━━━━━━━━━━━━━━━━━━━━━ 8/8 0:00:00 • 0:00:00 29.63it/s  
Predicting ━━━━━━━━━━━━━━━━━━━━━━━━━━━━━━━━━━━━━━━━ 8/8 0:00:00 • 0:00:00 29.23it/s  
Predicting ━━━━━━━━━━━━━━━━━━━━━━━━━━━━━━━━━━━━━━━━ 8/8 0:00:00 • 0:00:00 31.34it/s  
Predicting ━━━━━━━━━━━━━━━━━━━━━━━━━━━━━━━━━━━━━━━━ 8/8 0:00:00 • 0:00:00 28.46it/s  
Predicting ━━━━━━━━━━━━━━━━━━━━━━━━━━━━━━━━━━━━━━━━ 8/8 0:00:00 • 0:00:00 31.33it/s  
Predicting ━━━━━━━━━━━━━━━━━━━━━━━━━━━━━━━━━━━━━━━━ 8/8 0:00:00 • 0:00:00 29.60it/s  
batch 333: size=500 time=5.38s
Predicting ━━━━━━━━━━━━━━━━━━━━━━━━━━━━━━━━━━━━━━━━ 8/8 0:00:00 • 0:00:00 29.05it/s  
Predicting ━━━━━━━━━━━━━━━━━━━━━━━━━━━━━━━━━━━━━━━━ 8/8 0:00:00 • 0:00:00 30.43it/s  
Predicting ━━━━━━━━━━━━━━━━━━━━━━━━━━━━━━━━━━━━━━━━ 8/8 0:00:00 • 0:00:00 30.61it/s  
Predicting ━━━━━━━━━━━━━━━━━━━━━━━━━━━━━━━━━━━━━━━━ 8/8 0:00:00 • 0:00:00 28.34it/s  
Predicting ━━━━━━━━━━━━━━━━━━━━━━━━━━━━━━━━━━━━━━━━ 8/8 0:00:00 • 0:00:00 31.02it/s  
Predicting ━━━━━━━━━━━━━━━━━━━━━━━━━━━━━━━━━━━━━━━━ 8/8 0:00:00 • 0:00:00 19.32it/s  
Predicting ━━━━━━━━━━━━━━━━━━━━━━━━━━━━━━━━━━━━━━━━ 8/8 0:00:00 • 0:00:00 21.62it/s  
Predicting ━━━━━━━━━━━━━━━━━━━━━━━━━━━━━━━━━━━━━━━━ 8/8 0:00:00 • 0:00:00 24.59it/s  
Predicting ━━━━━━━━━━━━━━━━━━━━━━━━━━━━━━━━━━━━━━━━ 8/8 0:00:00 • 0:00:00 27.00it/s  
Predicting ━━━━━━━━━━━━━━━━━━━━━━━━━━━━━━━━━━━━━━━━ 8/8 0:00:00 • 0:00:00 30.15it/s  
batch 334: size=500 time=5.76s
Predicting ━━━━━━━━━━━━━━━━━━━━━━━━━━━━━━━━━━━━━━━━ 8/8 0:00:00 • 0:00:00 28.41it/s  
Predicting ━━━━━━━━━━━━━━━━━━━━━━━━━━━━━━━━━━━━━━━━ 8/8 0:00:00 • 0:00:00 29.82it/s  
Predicting ━━━━━━━━━━━━━━━━━━━━━━━━━━━━━━━━━━━━━━━━ 8/8 0:00:00 • 0:00:00 30.93it/s  
Predicting ━━━━━━━━━━━━━━━━━━━━━━━━━━━━━━━━━━━━━━━━ 8/8 0:00:00 • 0:00:00 28.51it/s  
Predicting ━━━━━━━━━━━━━━━━━━━━━━━━━━━━━━━━━━━━━━━━ 8/8 0:00:00 • 0:00:00 29.04it/s  
Predicting ━━━━━━━━━━━━━━━━━━━━━━━━━━━━━━━━━━━━━━━━ 8/8 0:00:00 • 0:00:00 29.78it/s  
Predicting ━━━━━━━━━━━━━━━━━━━━━━━━━━━━━━━━━━━━━━━━ 8/8 0:00:00 • 0:00:00 29.36it/s  
Predicting ━━━━━━━━━━━━━━━━━━━━━━━━━━━━━━━━━━━━━━━━ 8/8 0:00:00 • 0:00:00 30.35it/s  
Predicting ━━━━━━━━━━━━━━━━━━━━━━━━━━━━━━━━━━━━━━━━ 8/8 0:00:00 • 0:00:00 30.79it/s  
Predicting ━━━━━━━━━━━━━━━━━━━━━━━━━━━━━━━━━━━━━━━━ 8/8 0:00:00 • 0:00:00 31.54it/s  
batch 335: size=500 time=5.46s
Predicting ━━━━━━━━━━━━━━━━━━━━━━━━━━━━━━━━━━━━━━━━ 8/8 0:00:00 • 0:00:00 19.30it/s  
Predicting ━━━━━━━━━━━━━━━━━━━━━━━━━━━━━━━━━━━━━━━━ 8/8 0:00:00 • 0:00:00 19.46it/s  
Predicting ━━━━━━━━━━━━━━━━━━━━━━━━━━━━━━━━━━━━━━━━ 8/8 0:00:00 • 0:00:00 23.76it/s  
Predicting ━━━━━━━━━━━━━━━━━━━━━━━━━━━━━━━━━━━━━━━━ 8/8 0:00:00 • 0:00:00 27.01it/s  
Predicting ━━━━━━━━━━━━━━━━━━━━━━━━━━━━━━━━━━━━━━━━ 8/8 0:00:00 • 0:00:00 26.35it/s  
Predicting ━━━━━━━━━━━━━━━━━━━━━━━━━━━━━━━━━━━━━━━━ 8/8 0:00:00 • 0:00:00 24.53it/s  
Predicting ━━━━━━━━━━━━━━━━━━━━━━━━━━━━━━━━━━━━━━━━ 8/8 0:00:00 • 0:00:00 26.67it/s  
Predicting ━━━━━━━━━━━━━━━━━━━━━━━━━━━━━━━━━━━━━━━━ 8/8 0:00:00 • 0:00:00 26.79it/s  
Predicting ━━━━━━━━━━━━━━━━━━━━━━━━━━━━━━━━━━━━━━━━ 8/8 0:00:00 • 0:00:00 26.46it/s  
Predicting ━━━━━━━━━━━━━━━━━━━━━━━━━━━━━━━━━━━━━━━━ 8/8 0:00:00 • 0:00:00 26.94it/s  
batch 336: size=500 time=6.07s
Predicting ━━━━━━━━━━━━━━━━━━━━━━━━━━━━━━━━━━━━━━━━ 8/8 0:00:00 • 0:00:00 26.67it/s  
Predicting ━━━━━━━━━━━━━━━━━━━━━━━━━━━━━━━━━━━━━━━━ 8/8 0:00:00 • 0:00:00 27.49it/s  
Predicting ━━━━━━━━━━━━━━━━━━━━━━━━━━━━━━━━━━━━━━━━ 8/8 0:00:00 • 0:00:00 26.44it/s  
Predicting ━━━━━━━━━━━━━━━━━━━━━━━━━━━━━━━━━━━━━━━━ 8/8 0:00:00 • 0:00:00 28.51it/s  
Predicting ━━━━━━━━━━━━━━━━━━━━━━━━━━━━━━━━━━━━━━━━ 8/8 0:00:00 • 0:00:00 27.64it/s  
Predicting ━━━━━━━━━━━━━━━━━━━━━━━━━━━━━━━━━━━━━━━━ 8/8 0:00:00 • 0:00:00 26.43it/s  
Predicting ━━━━━━━━━━━━━━━━━━━━━━━━━━━━━━━━━━━━━━━━ 8/8 0:00:00 • 0:00:00 26.91it/s  
Predicting ━━━━━━━━━━━━━━━━━━━━━━━━━━━━━━━━━━━━━━━━ 8/8 0:00:00 • 0:00:00 26.42it/s  
Predicting ━━━━━━━━━━━━━━━━━━━━━━━━━━━━━━━━━━━━━━━━ 8/8 0:00:00 • 0:00:00 27.28it/s  
Predicting ━━━━━━━━━━━━━━━━━━━━━━━━━━━━━━━━━━━━━━━━ 8/8 0:00:00 • 0:00:00 26.80it/s  
batch 337: size=500 time=5.72s
Predicting ━━━━━━━━━━━━━━━━━━━━━━━━━━━━━━━━━━━━━━━━ 8/8 0:00:00 • 0:00:00 19.28it/s  
Predicting ━━━━━━━━━━━━━━━━━━━━━━━━━━━━━━━━━━━━━━━━ 8/8 0:00:00 • 0:00:00 19.33it/s  
Predicting ━━━━━━━━━━━━━━━━━━━━━━━━━━━━━━━━━━━━━━━━ 8/8 0:00:00 • 0:00:00 19.59it/s  
Predicting ━━━━━━━━━━━━━━━━━━━━━━━━━━━━━━━━━━━━━━━━ 8/8 0:00:00 • 0:00:00 19.49it/s  
Predicting ━━━━━━━━━━━━━━━━━━━━━━━━━━━━━━━━━━━━━━━━ 8/8 0:00:00 • 0:00:00 19.93it/s  
Predicting ━━━━━━━━━━━━━━━━━━━━━━━━━━━━━━━━━━━━━━━━ 8/8 0:00:00 • 0:00:00 29.66it/s  
Predicting ━━━━━━━━━━━━━━━━━━━━━━━━━━━━━━━━━━━━━━━━ 8/8 0:00:00 • 0:00:00 29.98it/s  
Predicting ━━━━━━━━━━━━━━━━━━━━━━━━━━━━━━━━━━━━━━━━ 8/8 0:00:00 • 0:00:00 28.81it/s  
Predicting ━━━━━━━━━━━━━━━━━━━━━━━━━━━━━━━━━━━━━━━━ 8/8 0:00:00 • 0:00:00 30.43it/s  
Predicting ━━━━━━━━━━━━━━━━━━━━━━━━━━━━━━━━━━━━━━━━ 8/8 0:00:00 • 0:00:00 30.20it/s  
batch 338: size=500 time=6.11s
Predicting ━━━━━━━━━━━━━━━━━━━━━━━━━━━━━━━━━━━━━━━━ 8/8 0:00:00 • 0:00:00 29.19it/s  
Predicting ━━━━━━━━━━━━━━━━━━━━━━━━━━━━━━━━━━━━━━━━ 8/8 0:00:00 • 0:00:00 29.68it/s  
Predicting ━━━━━━━━━━━━━━━━━━━━━━━━━━━━━━━━━━━━━━━━ 8/8 0:00:00 • 0:00:00 29.60it/s  
Predicting ━━━━━━━━━━━━━━━━━━━━━━━━━━━━━━━━━━━━━━━━ 8/8 0:00:00 • 0:00:00 29.83it/s  
Predicting ━━━━━━━━━━━━━━━━━━━━━━━━━━━━━━━━━━━━━━━━ 8/8 0:00:00 • 0:00:00 31.72it/s  
Predicting ━━━━━━━━━━━━━━━━━━━━━━━━━━━━━━━━━━━━━━━━ 8/8 0:00:00 • 0:00:00 28.44it/s  
Predicting ━━━━━━━━━━━━━━━━━━━━━━━━━━━━━━━━━━━━━━━━ 8/8 0:00:00 • 0:00:00 30.78it/s  
Predicting ━━━━━━━━━━━━━━━━━━━━━━━━━━━━━━━━━━━━━━━━ 8/8 0:00:00 • 0:00:00 31.29it/s  
Predicting ━━━━━━━━━━━━━━━━━━━━━━━━━━━━━━━━━━━━━━━━ 8/8 0:00:00 • 0:00:00 31.33it/s  
Predicting ━━━━━━━━━━━━━━━━━━━━━━━━━━━━━━━━━━━━━━━━ 8/8 0:00:00 • 0:00:00 29.93it/s  
batch 339: size=500 time=5.37s
Predicting ━━━━━━━━━━━━━━━━━━━━━━━━━━━━━━━━━━━━━━━━ 8/8 0:00:00 • 0:00:00 19.71it/s  
Predicting ━━━━━━━━━━━━━━━━━━━━━━━━━━━━━━━━━━━━━━━━ 8/8 0:00:00 • 0:00:00 27.17it/s  
Predicting ━━━━━━━━━━━━━━━━━━━━━━━━━━━━━━━━━━━━━━━━ 8/8 0:00:00 • 0:00:00 26.66it/s  
Predicting ━━━━━━━━━━━━━━━━━━━━━━━━━━━━━━━━━━━━━━━━ 8/8 0:00:00 • 0:00:00 28.46it/s  
Predicting ━━━━━━━━━━━━━━━━━━━━━━━━━━━━━━━━━━━━━━━━ 8/8 0:00:00 • 0:00:00 26.52it/s  
Predicting ━━━━━━━━━━━━━━━━━━━━━━━━━━━━━━━━━━━━━━━━ 8/8 0:00:00 • 0:00:00 27.10it/s  
Predicting ━━━━━━━━━━━━━━━━━━━━━━━━━━━━━━━━━━━━━━━━ 8/8 0:00:00 • 0:00:00 27.06it/s  
Predicting ━━━━━━━━━━━━━━━━━━━━━━━━━━━━━━━━━━━━━━━━ 8/8 0:00:00 • 0:00:00 26.84it/s  
Predicting ━━━━━━━━━━━━━━━━━━━━━━━━━━━━━━━━━━━━━━━━ 8/8 0:00:00 • 0:00:00 26.78it/s  
Predicting ━━━━━━━━━━━━━━━━━━━━━━━━━━━━━━━━━━━━━━━━ 8/8 0:00:00 • 0:00:00 26.60it/s  
batch 340: size=500 time=5.83s
Predicting ━━━━━━━━━━━━━━━━━━━━━━━━━━━━━━━━━━━━━━━━ 8/8 0:00:00 • 0:00:00 26.98it/s  
Predicting ━━━━━━━━━━━━━━━━━━━━━━━━━━━━━━━━━━━━━━━━ 8/8 0:00:00 • 0:00:00 27.05it/s  
Predicting ━━━━━━━━━━━━━━━━━━━━━━━━━━━━━━━━━━━━━━━━ 8/8 0:00:00 • 0:00:00 26.94it/s  
Predicting ━━━━━━━━━━━━━━━━━━━━━━━━━━━━━━━━━━━━━━━━ 8/8 0:00:00 • 0:00:00 27.21it/s  
Predicting ━━━━━━━━━━━━━━━━━━━━━━━━━━━━━━━━━━━━━━━━ 8/8 0:00:00 • 0:00:00 27.83it/s  
Predicting ━━━━━━━━━━━━━━━━━━━━━━━━━━━━━━━━━━━━━━━━ 8/8 0:00:00 • 0:00:00 27.22it/s  
Predicting ━━━━━━━━━━━━━━━━━━━━━━━━━━━━━━━━━━━━━━━━ 8/8 0:00:00 • 0:00:00 27.00it/s  
Predicting ━━━━━━━━━━━━━━━━━━━━━━━━━━━━━━━━━━━━━━━━ 8/8 0:00:00 • 0:00:00 27.47it/s  
Predicting ━━━━━━━━━━━━━━━━━━━━━━━━━━━━━━━━━━━━━━━━ 8/8 0:00:00 • 0:00:00 27.82it/s  
Predicting ━━━━━━━━━━━━━━━━━━━━━━━━━━━━━━━━━━━━━━━━ 8/8 0:00:00 • 0:00:00 27.38it/s  
batch 341: size=500 time=6.70s
Predicting ━━━━━━━━━━━━━━━━━━━━━━━━━━━━━━━━━━━━━━━━ 8/8 0:00:00 • 0:00:00 23.75it/s  
Predicting ━━━━━━━━━━━━━━━━━━━━━━━━━━━━━━━━━━━━━━━━ 8/8 0:00:00 • 0:00:00 29.44it/s  
Predicting ━━━━━━━━━━━━━━━━━━━━━━━━━━━━━━━━━━━━━━━━ 8/8 0:00:00 • 0:00:00 30.06it/s  
Predicting ━━━━━━━━━━━━━━━━━━━━━━━━━━━━━━━━━━━━━━━━ 8/8 0:00:00 • 0:00:00 28.55it/s  
Predicting ━━━━━━━━━━━━━━━━━━━━━━━━━━━━━━━━━━━━━━━━ 8/8 0:00:00 • 0:00:00 30.65it/s  
Predicting ━━━━━━━━━━━━━━━━━━━━━━━━━━━━━━━━━━━━━━━━ 8/8 0:00:00 • 0:00:00 27.90it/s  
Predicting ━━━━━━━━━━━━━━━━━━━━━━━━━━━━━━━━━━━━━━━━ 8/8 0:00:00 • 0:00:00 28.74it/s  
Predicting ━━━━━━━━━━━━━━━━━━━━━━━━━━━━━━━━━━━━━━━━ 8/8 0:00:00 • 0:00:00 28.98it/s  
Predicting ━━━━━━━━━━━━━━━━━━━━━━━━━━━━━━━━━━━━━━━━ 8/8 0:00:00 • 0:00:00 30.38it/s  
Predicting ━━━━━━━━━━━━━━━━━━━━━━━━━━━━━━━━━━━━━━━━ 8/8 0:00:00 • 0:00:00 29.08it/s  
batch 342: size=500 time=5.51s
Predicting ━━━━━━━━━━━━━━━━━━━━━━━━━━━━━━━━━━━━━━━━ 8/8 0:00:00 • 0:00:00 29.00it/s  
Predicting ━━━━━━━━━━━━━━━━━━━━━━━━━━━━━━━━━━━━━━━━ 8/8 0:00:00 • 0:00:00 28.41it/s  
Predicting ━━━━━━━━━━━━━━━━━━━━━━━━━━━━━━━━━━━━━━━━ 8/8 0:00:00 • 0:00:00 29.37it/s  
Predicting ━━━━━━━━━━━━━━━━━━━━━━━━━━━━━━━━━━━━━━━━ 8/8 0:00:00 • 0:00:00 29.55it/s  
Predicting ━━━━━━━━━━━━━━━━━━━━━━━━━━━━━━━━━━━━━━━━ 8/8 0:00:00 • 0:00:00 29.73it/s  
Predicting ━━━━━━━━━━━━━━━━━━━━━━━━━━━━━━━━━━━━━━━━ 8/8 0:00:00 • 0:00:00 28.21it/s  
Predicting ━━━━━━━━━━━━━━━━━━━━━━━━━━━━━━━━━━━━━━━━ 8/8 0:00:00 • 0:00:00 28.78it/s  
Predicting ━━━━━━━━━━━━━━━━━━━━━━━━━━━━━━━━━━━━━━━━ 8/8 0:00:00 • 0:00:00 27.87it/s  
Predicting ━━━━━━━━━━━━━━━━━━━━━━━━━━━━━━━━━━━━━━━━ 8/8 0:00:00 • 0:00:00 29.36it/s  
Predicting ━━━━━━━━━━━━━━━━━━━━━━━━━━━━━━━━━━━━━━━━ 8/8 0:00:00 • 0:00:00 29.67it/s  
batch 343: size=500 time=5.51s
Predicting ━━━━━━━━━━━━━━━━━━━━━━━━━━━━━━━━━━━━━━━━ 8/8 0:00:00 • 0:00:00 27.45it/s  
Predicting ━━━━━━━━━━━━━━━━━━━━━━━━━━━━━━━━━━━━━━━━ 8/8 0:00:00 • 0:00:00 30.65it/s  
Predicting ━━━━━━━━━━━━━━━━━━━━━━━━━━━━━━━━━━━━━━━━ 8/8 0:00:00 • 0:00:00 29.36it/s  
Predicting ━━━━━━━━━━━━━━━━━━━━━━━━━━━━━━━━━━━━━━━━ 8/8 0:00:00 • 0:00:00 28.57it/s  
Predicting ━━━━━━━━━━━━━━━━━━━━━━━━━━━━━━━━━━━━━━━━ 8/8 0:00:00 • 0:00:00 29.52it/s  
Predicting ━━━━━━━━━━━━━━━━━━━━━━━━━━━━━━━━━━━━━━━━ 8/8 0:00:00 • 0:00:00 28.19it/s  
Predicting ━━━━━━━━━━━━━━━━━━━━━━━━━━━━━━━━━━━━━━━━ 8/8 0:00:00 • 0:00:00 28.93it/s  
Predicting ━━━━━━━━━━━━━━━━━━━━━━━━━━━━━━━━━━━━━━━━ 8/8 0:00:00 • 0:00:00 29.78it/s  
Predicting ━━━━━━━━━━━━━━━━━━━━━━━━━━━━━━━━━━━━━━━━ 8/8 0:00:00 • 0:00:00 30.09it/s  
Predicting ━━━━━━━━━━━━━━━━━━━━━━━━━━━━━━━━━━━━━━━━ 8/8 0:00:00 • 0:00:00 29.38it/s  
batch 344: size=500 time=5.48s
Predicting ━━━━━━━━━━━━━━━━━━━━━━━━━━━━━━━━━━━━━━━━ 8/8 0:00:00 • 0:00:00 27.68it/s  
Predicting ━━━━━━━━━━━━━━━━━━━━━━━━━━━━━━━━━━━━━━━━ 8/8 0:00:00 • 0:00:00 28.32it/s  
Predicting ━━━━━━━━━━━━━━━━━━━━━━━━━━━━━━━━━━━━━━━━ 8/8 0:00:00 • 0:00:00 29.08it/s  
Predicting ━━━━━━━━━━━━━━━━━━━━━━━━━━━━━━━━━━━━━━━━ 8/8 0:00:00 • 0:00:00 29.18it/s  
Predicting ━━━━━━━━━━━━━━━━━━━━━━━━━━━━━━━━━━━━━━━━ 8/8 0:00:00 • 0:00:00 28.42it/s  
Predicting ━━━━━━━━━━━━━━━━━━━━━━━━━━━━━━━━━━━━━━━━ 8/8 0:00:00 • 0:00:00 27.50it/s  
Predicting ━━━━━━━━━━━━━━━━━━━━━━━━━━━━━━━━━━━━━━━━ 8/8 0:00:00 • 0:00:00 29.00it/s  
Predicting ━━━━━━━━━━━━━━━━━━━━━━━━━━━━━━━━━━━━━━━━ 8/8 0:00:00 • 0:00:00 28.63it/s  
Predicting ━━━━━━━━━━━━━━━━━━━━━━━━━━━━━━━━━━━━━━━━ 8/8 0:00:00 • 0:00:00 29.38it/s  
Predicting ━━━━━━━━━━━━━━━━━━━━━━━━━━━━━━━━━━━━━━━━ 8/8 0:00:00 • 0:00:00 29.88it/s  
batch 345: size=500 time=5.64s
Predicting ━━━━━━━━━━━━━━━━━━━━━━━━━━━━━━━━━━━━━━━━ 8/8 0:00:00 • 0:00:00 27.62it/s  
Predicting ━━━━━━━━━━━━━━━━━━━━━━━━━━━━━━━━━━━━━━━━ 8/8 0:00:00 • 0:00:00 29.70it/s  
Predicting ━━━━━━━━━━━━━━━━━━━━━━━━━━━━━━━━━━━━━━━━ 8/8 0:00:00 • 0:00:00 29.81it/s  
Predicting ━━━━━━━━━━━━━━━━━━━━━━━━━━━━━━━━━━━━━━━━ 8/8 0:00:00 • 0:00:00 29.06it/s  
Predicting ━━━━━━━━━━━━━━━━━━━━━━━━━━━━━━━━━━━━━━━━ 8/8 0:00:00 • 0:00:00 29.96it/s  
Predicting ━━━━━━━━━━━━━━━━━━━━━━━━━━━━━━━━━━━━━━━━ 8/8 0:00:00 • 0:00:00 27.00it/s  
Predicting ━━━━━━━━━━━━━━━━━━━━━━━━━━━━━━━━━━━━━━━━ 8/8 0:00:00 • 0:00:00 29.42it/s  
Predicting ━━━━━━━━━━━━━━━━━━━━━━━━━━━━━━━━━━━━━━━━ 8/8 0:00:00 • 0:00:00 29.72it/s  
Predicting ━━━━━━━━━━━━━━━━━━━━━━━━━━━━━━━━━━━━━━━━ 8/8 0:00:00 • 0:00:00 28.35it/s  
Predicting ━━━━━━━━━━━━━━━━━━━━━━━━━━━━━━━━━━━━━━━━ 8/8 0:00:00 • 0:00:00 28.03it/s  
batch 346: size=500 time=5.46s
Predicting ━━━━━━━━━━━━━━━━━━━━━━━━━━━━━━━━━━━━━━━━ 8/8 0:00:00 • 0:00:00 28.03it/s  
Predicting ━━━━━━━━━━━━━━━━━━━━━━━━━━━━━━━━━━━━━━━━ 8/8 0:00:00 • 0:00:00 28.14it/s  
Predicting ━━━━━━━━━━━━━━━━━━━━━━━━━━━━━━━━━━━━━━━━ 8/8 0:00:00 • 0:00:00 29.50it/s  
Predicting ━━━━━━━━━━━━━━━━━━━━━━━━━━━━━━━━━━━━━━━━ 8/8 0:00:00 • 0:00:00 29.66it/s  
Predicting ━━━━━━━━━━━━━━━━━━━━━━━━━━━━━━━━━━━━━━━━ 8/8 0:00:00 • 0:00:00 29.22it/s  
Predicting ━━━━━━━━━━━━━━━━━━━━━━━━━━━━━━━━━━━━━━━━ 8/8 0:00:00 • 0:00:00 27.71it/s  
Predicting ━━━━━━━━━━━━━━━━━━━━━━━━━━━━━━━━━━━━━━━━ 8/8 0:00:00 • 0:00:00 30.46it/s  
Predicting ━━━━━━━━━━━━━━━━━━━━━━━━━━━━━━━━━━━━━━━━ 8/8 0:00:00 • 0:00:00 28.26it/s  
Predicting ━━━━━━━━━━━━━━━━━━━━━━━━━━━━━━━━━━━━━━━━ 8/8 0:00:00 • 0:00:00 29.54it/s  
Predicting ━━━━━━━━━━━━━━━━━━━━━━━━━━━━━━━━━━━━━━━━ 8/8 0:00:00 • 0:00:00 30.24it/s  
batch 347: size=500 time=5.42s
Predicting ━━━━━━━━━━━━━━━━━━━━━━━━━━━━━━━━━━━━━━━━ 8/8 0:00:00 • 0:00:00 28.26it/s  
Predicting ━━━━━━━━━━━━━━━━━━━━━━━━━━━━━━━━━━━━━━━━ 8/8 0:00:00 • 0:00:00 30.44it/s  
Predicting ━━━━━━━━━━━━━━━━━━━━━━━━━━━━━━━━━━━━━━━━ 8/8 0:00:00 • 0:00:00 30.52it/s  
Predicting ━━━━━━━━━━━━━━━━━━━━━━━━━━━━━━━━━━━━━━━━ 8/8 0:00:00 • 0:00:00 29.01it/s  
Predicting ━━━━━━━━━━━━━━━━━━━━━━━━━━━━━━━━━━━━━━━━ 8/8 0:00:00 • 0:00:00 28.86it/s  
Predicting ━━━━━━━━━━━━━━━━━━━━━━━━━━━━━━━━━━━━━━━━ 8/8 0:00:00 • 0:00:00 28.11it/s  
Predicting ━━━━━━━━━━━━━━━━━━━━━━━━━━━━━━━━━━━━━━━━ 8/8 0:00:00 • 0:00:00 28.02it/s  
Predicting ━━━━━━━━━━━━━━━━━━━━━━━━━━━━━━━━━━━━━━━━ 8/8 0:00:00 • 0:00:00 29.88it/s  
Predicting ━━━━━━━━━━━━━━━━━━━━━━━━━━━━━━━━━━━━━━━━ 8/8 0:00:00 • 0:00:00 30.07it/s  
Predicting ━━━━━━━━━━━━━━━━━━━━━━━━━━━━━━━━━━━━━━━━ 8/8 0:00:00 • 0:00:00 28.74it/s  
batch 348: size=500 time=5.45s
Predicting ━━━━━━━━━━━━━━━━━━━━━━━━━━━━━━━━━━━━━━━━ 8/8 0:00:00 • 0:00:00 29.39it/s  
Predicting ━━━━━━━━━━━━━━━━━━━━━━━━━━━━━━━━━━━━━━━━ 8/8 0:00:00 • 0:00:00 30.09it/s  
Predicting ━━━━━━━━━━━━━━━━━━━━━━━━━━━━━━━━━━━━━━━━ 8/8 0:00:00 • 0:00:00 29.09it/s  
Predicting ━━━━━━━━━━━━━━━━━━━━━━━━━━━━━━━━━━━━━━━━ 8/8 0:00:00 • 0:00:00 30.43it/s  
Predicting ━━━━━━━━━━━━━━━━━━━━━━━━━━━━━━━━━━━━━━━━ 8/8 0:00:00 • 0:00:00 30.03it/s  
Predicting ━━━━━━━━━━━━━━━━━━━━━━━━━━━━━━━━━━━━━━━━ 8/8 0:00:00 • 0:00:00 28.61it/s  
Predicting ━━━━━━━━━━━━━━━━━━━━━━━━━━━━━━━━━━━━━━━━ 8/8 0:00:00 • 0:00:00 29.89it/s  
Predicting ━━━━━━━━━━━━━━━━━━━━━━━━━━━━━━━━━━━━━━━━ 8/8 0:00:00 • 0:00:00 29.63it/s  
Predicting ━━━━━━━━━━━━━━━━━━━━━━━━━━━━━━━━━━━━━━━━ 8/8 0:00:00 • 0:00:00 29.78it/s  
Predicting ━━━━━━━━━━━━━━━━━━━━━━━━━━━━━━━━━━━━━━━━ 8/8 0:00:00 • 0:00:00 30.91it/s  
batch 349: size=500 time=5.42s
Predicting ━━━━━━━━━━━━━━━━━━━━━━━━━━━━━━━━━━━━━━━━ 8/8 0:00:00 • 0:00:00 27.98it/s  
Predicting ━━━━━━━━━━━━━━━━━━━━━━━━━━━━━━━━━━━━━━━━ 8/8 0:00:00 • 0:00:00 30.12it/s  
Predicting ━━━━━━━━━━━━━━━━━━━━━━━━━━━━━━━━━━━━━━━━ 8/8 0:00:00 • 0:00:00 30.88it/s  
Predicting ━━━━━━━━━━━━━━━━━━━━━━━━━━━━━━━━━━━━━━━━ 8/8 0:00:00 • 0:00:00 29.74it/s  
Predicting ━━━━━━━━━━━━━━━━━━━━━━━━━━━━━━━━━━━━━━━━ 8/8 0:00:00 • 0:00:00 28.84it/s  
Predicting ━━━━━━━━━━━━━━━━━━━━━━━━━━━━━━━━━━━━━━━━ 8/8 0:00:00 • 0:00:00 28.65it/s  
Predicting ━━━━━━━━━━━━━━━━━━━━━━━━━━━━━━━━━━━━━━━━ 8/8 0:00:00 • 0:00:00 28.53it/s  
Predicting ━━━━━━━━━━━━━━━━━━━━━━━━━━━━━━━━━━━━━━━━ 8/8 0:00:00 • 0:00:00 28.56it/s  
Predicting ━━━━━━━━━━━━━━━━━━━━━━━━━━━━━━━━━━━━━━━━ 8/8 0:00:00 • 0:00:00 30.31it/s  
Predicting ━━━━━━━━━━━━━━━━━━━━━━━━━━━━━━━━━━━━━━━━ 8/8 0:00:00 • 0:00:00 29.61it/s  
batch 350: size=500 time=5.48s
Predicting ━━━━━━━━━━━━━━━━━━━━━━━━━━━━━━━━━━━━━━━━ 8/8 0:00:00 • 0:00:00 30.08it/s  
Predicting ━━━━━━━━━━━━━━━━━━━━━━━━━━━━━━━━━━━━━━━━ 8/8 0:00:00 • 0:00:00 31.01it/s  
Predicting ━━━━━━━━━━━━━━━━━━━━━━━━━━━━━━━━━━━━━━━━ 8/8 0:00:00 • 0:00:00 29.38it/s  
Predicting ━━━━━━━━━━━━━━━━━━━━━━━━━━━━━━━━━━━━━━━━ 8/8 0:00:00 • 0:00:00 29.30it/s  
Predicting ━━━━━━━━━━━━━━━━━━━━━━━━━━━━━━━━━━━━━━━━ 8/8 0:00:00 • 0:00:00 31.28it/s  
Predicting ━━━━━━━━━━━━━━━━━━━━━━━━━━━━━━━━━━━━━━━━ 8/8 0:00:00 • 0:00:00 27.58it/s  
Predicting ━━━━━━━━━━━━━━━━━━━━━━━━━━━━━━━━━━━━━━━━ 8/8 0:00:00 • 0:00:00 29.89it/s  
Predicting ━━━━━━━━━━━━━━━━━━━━━━━━━━━━━━━━━━━━━━━━ 8/8 0:00:00 • 0:00:00 30.29it/s  
Predicting ━━━━━━━━━━━━━━━━━━━━━━━━━━━━━━━━━━━━━━━━ 8/8 0:00:00 • 0:00:00 29.09it/s  
Predicting ━━━━━━━━━━━━━━━━━━━━━━━━━━━━━━━━━━━━━━━━ 8/8 0:00:00 • 0:00:00 30.70it/s  
batch 351: size=500 time=5.38s
Predicting ━━━━━━━━━━━━━━━━━━━━━━━━━━━━━━━━━━━━━━━━ 8/8 0:00:00 • 0:00:00 28.20it/s  
Predicting ━━━━━━━━━━━━━━━━━━━━━━━━━━━━━━━━━━━━━━━━ 8/8 0:00:00 • 0:00:00 29.01it/s  
Predicting ━━━━━━━━━━━━━━━━━━━━━━━━━━━━━━━━━━━━━━━━ 8/8 0:00:00 • 0:00:00 30.88it/s  
Predicting ━━━━━━━━━━━━━━━━━━━━━━━━━━━━━━━━━━━━━━━━ 8/8 0:00:00 • 0:00:00 30.36it/s  
Predicting ━━━━━━━━━━━━━━━━━━━━━━━━━━━━━━━━━━━━━━━━ 8/8 0:00:00 • 0:00:00 29.62it/s  
Predicting ━━━━━━━━━━━━━━━━━━━━━━━━━━━━━━━━━━━━━━━━ 8/8 0:00:00 • 0:00:00 19.35it/s  
Predicting ━━━━━━━━━━━━━━━━━━━━━━━━━━━━━━━━━━━━━━━━ 8/8 0:00:00 • 0:00:00 23.09it/s  
Predicting ━━━━━━━━━━━━━━━━━━━━━━━━━━━━━━━━━━━━━━━━ 8/8 0:00:00 • 0:00:00 26.83it/s  
Predicting ━━━━━━━━━━━━━━━━━━━━━━━━━━━━━━━━━━━━━━━━ 8/8 0:00:00 • 0:00:00 28.32it/s  
Predicting ━━━━━━━━━━━━━━━━━━━━━━━━━━━━━━━━━━━━━━━━ 8/8 0:00:00 • 0:00:00 27.07it/s  
batch 352: size=500 time=5.76s
Predicting ━━━━━━━━━━━━━━━━━━━━━━━━━━━━━━━━━━━━━━━━ 8/8 0:00:00 • 0:00:00 27.57it/s  
Predicting ━━━━━━━━━━━━━━━━━━━━━━━━━━━━━━━━━━━━━━━━ 8/8 0:00:00 • 0:00:00 27.12it/s  
Predicting ━━━━━━━━━━━━━━━━━━━━━━━━━━━━━━━━━━━━━━━━ 8/8 0:00:00 • 0:00:00 27.26it/s  
Predicting ━━━━━━━━━━━━━━━━━━━━━━━━━━━━━━━━━━━━━━━━ 8/8 0:00:00 • 0:00:00 27.61it/s  
Predicting ━━━━━━━━━━━━━━━━━━━━━━━━━━━━━━━━━━━━━━━━ 8/8 0:00:00 • 0:00:00 28.18it/s  
Predicting ━━━━━━━━━━━━━━━━━━━━━━━━━━━━━━━━━━━━━━━━ 8/8 0:00:00 • 0:00:00 26.49it/s  
Predicting ━━━━━━━━━━━━━━━━━━━━━━━━━━━━━━━━━━━━━━━━ 8/8 0:00:00 • 0:00:00 27.50it/s  
Predicting ━━━━━━━━━━━━━━━━━━━━━━━━━━━━━━━━━━━━━━━━ 8/8 0:00:00 • 0:00:00 26.87it/s  
Predicting ━━━━━━━━━━━━━━━━━━━━━━━━━━━━━━━━━━━━━━━━ 8/8 0:00:00 • 0:00:00 27.66it/s  
Predicting ━━━━━━━━━━━━━━━━━━━━━━━━━━━━━━━━━━━━━━━━ 8/8 0:00:00 • 0:00:00 27.33it/s  
batch 353: size=500 time=5.67s
Predicting ━━━━━━━━━━━━━━━━━━━━━━━━━━━━━━━━━━━━━━━━ 8/8 0:00:00 • 0:00:00 26.27it/s  
Predicting ━━━━━━━━━━━━━━━━━━━━━━━━━━━━━━━━━━━━━━━━ 8/8 0:00:00 • 0:00:00 26.48it/s  
Predicting ━━━━━━━━━━━━━━━━━━━━━━━━━━━━━━━━━━━━━━━━ 8/8 0:00:00 • 0:00:00 26.35it/s  
Predicting ━━━━━━━━━━━━━━━━━━━━━━━━━━━━━━━━━━━━━━━━ 8/8 0:00:00 • 0:00:00 26.74it/s  
Predicting ━━━━━━━━━━━━━━━━━━━━━━━━━━━━━━━━━━━━━━━━ 8/8 0:00:00 • 0:00:00 26.85it/s  
Predicting ━━━━━━━━━━━━━━━━━━━━━━━━━━━━━━━━━━━━━━━━ 8/8 0:00:00 • 0:00:00 26.63it/s  
Predicting ━━━━━━━━━━━━━━━━━━━━━━━━━━━━━━━━━━━━━━━━ 8/8 0:00:00 • 0:00:00 26.98it/s  
Predicting ━━━━━━━━━━━━━━━━━━━━━━━━━━━━━━━━━━━━━━━━ 8/8 0:00:00 • 0:00:00 27.69it/s  
Predicting ━━━━━━━━━━━━━━━━━━━━━━━━━━━━━━━━━━━━━━━━ 8/8 0:00:00 • 0:00:00 26.86it/s  
Predicting ━━━━━━━━━━━━━━━━━━━━━━━━━━━━━━━━━━━━━━━━ 8/8 0:00:00 • 0:00:00 26.51it/s  
batch 354: size=500 time=5.78s
Predicting ━━━━━━━━━━━━━━━━━━━━━━━━━━━━━━━━━━━━━━━━ 8/8 0:00:00 • 0:00:00 26.53it/s  
Predicting ━━━━━━━━━━━━━━━━━━━━━━━━━━━━━━━━━━━━━━━━ 8/8 0:00:00 • 0:00:00 26.33it/s  
Predicting ━━━━━━━━━━━━━━━━━━━━━━━━━━━━━━━━━━━━━━━━ 8/8 0:00:00 • 0:00:00 26.61it/s  
Predicting ━━━━━━━━━━━━━━━━━━━━━━━━━━━━━━━━━━━━━━━━ 8/8 0:00:00 • 0:00:00 26.48it/s  
Predicting ━━━━━━━━━━━━━━━━━━━━━━━━━━━━━━━━━━━━━━━━ 8/8 0:00:00 • 0:00:00 27.01it/s  
Predicting ━━━━━━━━━━━━━━━━━━━━━━━━━━━━━━━━━━━━━━━━ 8/8 0:00:00 • 0:00:00 25.94it/s  
Predicting ━━━━━━━━━━━━━━━━━━━━━━━━━━━━━━━━━━━━━━━━ 8/8 0:00:00 • 0:00:00 27.60it/s  
Predicting ━━━━━━━━━━━━━━━━━━━━━━━━━━━━━━━━━━━━━━━━ 8/8 0:00:00 • 0:00:00 27.74it/s  
Predicting ━━━━━━━━━━━━━━━━━━━━━━━━━━━━━━━━━━━━━━━━ 8/8 0:00:00 • 0:00:00 25.32it/s  
Predicting ━━━━━━━━━━━━━━━━━━━━━━━━━━━━━━━━━━━━━━━━ 8/8 0:00:00 • 0:00:00 25.06it/s  
batch 355: size=500 time=5.87s
Predicting ━━━━━━━━━━━━━━━━━━━━━━━━━━━━━━━━━━━━━━━━ 8/8 0:00:00 • 0:00:00 26.17it/s  
Predicting ━━━━━━━━━━━━━━━━━━━━━━━━━━━━━━━━━━━━━━━━ 8/8 0:00:00 • 0:00:00 27.06it/s  
Predicting ━━━━━━━━━━━━━━━━━━━━━━━━━━━━━━━━━━━━━━━━ 8/8 0:00:00 • 0:00:00 26.41it/s  
Predicting ━━━━━━━━━━━━━━━━━━━━━━━━━━━━━━━━━━━━━━━━ 8/8 0:00:00 • 0:00:00 27.05it/s  
Predicting ━━━━━━━━━━━━━━━━━━━━━━━━━━━━━━━━━━━━━━━━ 8/8 0:00:00 • 0:00:00 26.55it/s  
Predicting ━━━━━━━━━━━━━━━━━━━━━━━━━━━━━━━━━━━━━━━━ 8/8 0:00:00 • 0:00:00 26.02it/s  
Predicting ━━━━━━━━━━━━━━━━━━━━━━━━━━━━━━━━━━━━━━━━ 8/8 0:00:00 • 0:00:00 26.94it/s  
Predicting ━━━━━━━━━━━━━━━━━━━━━━━━━━━━━━━━━━━━━━━━ 8/8 0:00:00 • 0:00:00 28.02it/s  
Predicting ━━━━━━━━━━━━━━━━━━━━━━━━━━━━━━━━━━━━━━━━ 8/8 0:00:00 • 0:00:00 27.63it/s  
Predicting ━━━━━━━━━━━━━━━━━━━━━━━━━━━━━━━━━━━━━━━━ 8/8 0:00:00 • 0:00:00 27.41it/s  
batch 356: size=500 time=5.67s
Predicting ━━━━━━━━━━━━━━━━━━━━━━━━━━━━━━━━━━━━━━━━ 8/8 0:00:00 • 0:00:00 26.58it/s  
Predicting ━━━━━━━━━━━━━━━━━━━━━━━━━━━━━━━━━━━━━━━━ 8/8 0:00:00 • 0:00:00 27.10it/s  
Predicting ━━━━━━━━━━━━━━━━━━━━━━━━━━━━━━━━━━━━━━━━ 8/8 0:00:00 • 0:00:00 26.92it/s  
Predicting ━━━━━━━━━━━━━━━━━━━━━━━━━━━━━━━━━━━━━━━━ 8/8 0:00:00 • 0:00:00 27.44it/s  
Predicting ━━━━━━━━━━━━━━━━━━━━━━━━━━━━━━━━━━━━━━━━ 8/8 0:00:00 • 0:00:00 27.33it/s  
Predicting ━━━━━━━━━━━━━━━━━━━━━━━━━━━━━━━━━━━━━━━━ 8/8 0:00:00 • 0:00:00 26.72it/s  
Predicting ━━━━━━━━━━━━━━━━━━━━━━━━━━━━━━━━━━━━━━━━ 8/8 0:00:00 • 0:00:00 28.17it/s  
Predicting ━━━━━━━━━━━━━━━━━━━━━━━━━━━━━━━━━━━━━━━━ 8/8 0:00:00 • 0:00:00 27.25it/s  
Predicting ━━━━━━━━━━━━━━━━━━━━━━━━━━━━━━━━━━━━━━━━ 8/8 0:00:00 • 0:00:00 27.52it/s  
Predicting ━━━━━━━━━━━━━━━━━━━━━━━━━━━━━━━━━━━━━━━━ 8/8 0:00:00 • 0:00:00 25.85it/s  
batch 357: size=500 time=5.69s
Predicting ━━━━━━━━━━━━━━━━━━━━━━━━━━━━━━━━━━━━━━━━ 8/8 0:00:00 • 0:00:00 26.71it/s  
Predicting ━━━━━━━━━━━━━━━━━━━━━━━━━━━━━━━━━━━━━━━━ 8/8 0:00:00 • 0:00:00 27.22it/s  
Predicting ━━━━━━━━━━━━━━━━━━━━━━━━━━━━━━━━━━━━━━━━ 8/8 0:00:00 • 0:00:00 26.28it/s  
Predicting ━━━━━━━━━━━━━━━━━━━━━━━━━━━━━━━━━━━━━━━━ 8/8 0:00:00 • 0:00:00 26.63it/s  
Predicting ━━━━━━━━━━━━━━━━━━━━━━━━━━━━━━━━━━━━━━━━ 8/8 0:00:00 • 0:00:00 27.63it/s  
Predicting ━━━━━━━━━━━━━━━━━━━━━━━━━━━━━━━━━━━━━━━━ 8/8 0:00:00 • 0:00:00 26.02it/s  
Predicting ━━━━━━━━━━━━━━━━━━━━━━━━━━━━━━━━━━━━━━━━ 8/8 0:00:00 • 0:00:00 26.69it/s  
Predicting ━━━━━━━━━━━━━━━━━━━━━━━━━━━━━━━━━━━━━━━━ 8/8 0:00:00 • 0:00:00 26.24it/s  
Predicting ━━━━━━━━━━━━━━━━━━━━━━━━━━━━━━━━━━━━━━━━ 8/8 0:00:00 • 0:00:00 26.64it/s  
Predicting ━━━━━━━━━━━━━━━━━━━━━━━━━━━━━━━━━━━━━━━━ 8/8 0:00:00 • 0:00:00 27.38it/s  
batch 358: size=500 time=5.75s
Predicting ━━━━━━━━━━━━━━━━━━━━━━━━━━━━━━━━━━━━━━━━ 8/8 0:00:00 • 0:00:00 19.47it/s  
Predicting ━━━━━━━━━━━━━━━━━━━━━━━━━━━━━━━━━━━━━━━━ 8/8 0:00:00 • 0:00:00 22.86it/s  
Predicting ━━━━━━━━━━━━━━━━━━━━━━━━━━━━━━━━━━━━━━━━ 8/8 0:00:00 • 0:00:00 29.34it/s  
Predicting ━━━━━━━━━━━━━━━━━━━━━━━━━━━━━━━━━━━━━━━━ 8/8 0:00:00 • 0:00:00 29.26it/s  
Predicting ━━━━━━━━━━━━━━━━━━━━━━━━━━━━━━━━━━━━━━━━ 8/8 0:00:00 • 0:00:00 30.16it/s  
Predicting ━━━━━━━━━━━━━━━━━━━━━━━━━━━━━━━━━━━━━━━━ 8/8 0:00:00 • 0:00:00 27.71it/s  
Predicting ━━━━━━━━━━━━━━━━━━━━━━━━━━━━━━━━━━━━━━━━ 8/8 0:00:00 • 0:00:00 29.46it/s  
Predicting ━━━━━━━━━━━━━━━━━━━━━━━━━━━━━━━━━━━━━━━━ 8/8 0:00:00 • 0:00:00 30.14it/s  
Predicting ━━━━━━━━━━━━━━━━━━━━━━━━━━━━━━━━━━━━━━━━ 8/8 0:00:00 • 0:00:00 29.47it/s  
Predicting ━━━━━━━━━━━━━━━━━━━━━━━━━━━━━━━━━━━━━━━━ 8/8 0:00:00 • 0:00:00 29.29it/s  
batch 359: size=500 time=5.64s
Predicting ━━━━━━━━━━━━━━━━━━━━━━━━━━━━━━━━━━━━━━━━ 8/8 0:00:00 • 0:00:00 29.09it/s  
Predicting ━━━━━━━━━━━━━━━━━━━━━━━━━━━━━━━━━━━━━━━━ 8/8 0:00:00 • 0:00:00 29.48it/s  
Predicting ━━━━━━━━━━━━━━━━━━━━━━━━━━━━━━━━━━━━━━━━ 8/8 0:00:00 • 0:00:00 29.82it/s  
Predicting ━━━━━━━━━━━━━━━━━━━━━━━━━━━━━━━━━━━━━━━━ 8/8 0:00:00 • 0:00:00 30.84it/s  
Predicting ━━━━━━━━━━━━━━━━━━━━━━━━━━━━━━━━━━━━━━━━ 8/8 0:00:00 • 0:00:00 30.07it/s  
Predicting ━━━━━━━━━━━━━━━━━━━━━━━━━━━━━━━━━━━━━━━━ 8/8 0:00:00 • 0:00:00 28.22it/s  
Predicting ━━━━━━━━━━━━━━━━━━━━━━━━━━━━━━━━━━━━━━━━ 8/8 0:00:00 • 0:00:00 30.20it/s  
Predicting ━━━━━━━━━━━━━━━━━━━━━━━━━━━━━━━━━━━━━━━━ 8/8 0:00:00 • 0:00:00 29.75it/s  
Predicting ━━━━━━━━━━━━━━━━━━━━━━━━━━━━━━━━━━━━━━━━ 8/8 0:00:00 • 0:00:00 29.61it/s  
Predicting ━━━━━━━━━━━━━━━━━━━━━━━━━━━━━━━━━━━━━━━━ 8/8 0:00:00 • 0:00:00 30.57it/s  
batch 360: size=500 time=5.40s
Predicting ━━━━━━━━━━━━━━━━━━━━━━━━━━━━━━━━━━━━━━━━ 8/8 0:00:00 • 0:00:00 26.79it/s  
Predicting ━━━━━━━━━━━━━━━━━━━━━━━━━━━━━━━━━━━━━━━━ 8/8 0:00:00 • 0:00:00 29.61it/s  
Predicting ━━━━━━━━━━━━━━━━━━━━━━━━━━━━━━━━━━━━━━━━ 8/8 0:00:00 • 0:00:00 30.18it/s  
Predicting ━━━━━━━━━━━━━━━━━━━━━━━━━━━━━━━━━━━━━━━━ 8/8 0:00:00 • 0:00:00 28.59it/s  
Predicting ━━━━━━━━━━━━━━━━━━━━━━━━━━━━━━━━━━━━━━━━ 8/8 0:00:00 • 0:00:00 29.86it/s  
Predicting ━━━━━━━━━━━━━━━━━━━━━━━━━━━━━━━━━━━━━━━━ 8/8 0:00:00 • 0:00:00 28.30it/s  
Predicting ━━━━━━━━━━━━━━━━━━━━━━━━━━━━━━━━━━━━━━━━ 8/8 0:00:00 • 0:00:00 29.81it/s  
Predicting ━━━━━━━━━━━━━━━━━━━━━━━━━━━━━━━━━━━━━━━━ 8/8 0:00:00 • 0:00:00 29.17it/s  
Predicting ━━━━━━━━━━━━━━━━━━━━━━━━━━━━━━━━━━━━━━━━ 8/8 0:00:00 • 0:00:00 30.63it/s  
Predicting ━━━━━━━━━━━━━━━━━━━━━━━━━━━━━━━━━━━━━━━━ 8/8 0:00:00 • 0:00:00 29.39it/s  
batch 361: size=500 time=5.46s
Predicting ━━━━━━━━━━━━━━━━━━━━━━━━━━━━━━━━━━━━━━━━ 8/8 0:00:00 • 0:00:00 28.79it/s  
Predicting ━━━━━━━━━━━━━━━━━━━━━━━━━━━━━━━━━━━━━━━━ 8/8 0:00:00 • 0:00:00 29.64it/s  
Predicting ━━━━━━━━━━━━━━━━━━━━━━━━━━━━━━━━━━━━━━━━ 8/8 0:00:00 • 0:00:00 30.14it/s  
Predicting ━━━━━━━━━━━━━━━━━━━━━━━━━━━━━━━━━━━━━━━━ 8/8 0:00:00 • 0:00:00 30.14it/s  
Predicting ━━━━━━━━━━━━━━━━━━━━━━━━━━━━━━━━━━━━━━━━ 8/8 0:00:00 • 0:00:00 31.04it/s  
Predicting ━━━━━━━━━━━━━━━━━━━━━━━━━━━━━━━━━━━━━━━━ 8/8 0:00:00 • 0:00:00 28.68it/s  
Predicting ━━━━━━━━━━━━━━━━━━━━━━━━━━━━━━━━━━━━━━━━ 8/8 0:00:00 • 0:00:00 30.82it/s  
Predicting ━━━━━━━━━━━━━━━━━━━━━━━━━━━━━━━━━━━━━━━━ 8/8 0:00:00 • 0:00:00 30.42it/s  
Predicting ━━━━━━━━━━━━━━━━━━━━━━━━━━━━━━━━━━━━━━━━ 8/8 0:00:00 • 0:00:00 29.07it/s  
Predicting ━━━━━━━━━━━━━━━━━━━━━━━━━━━━━━━━━━━━━━━━ 8/8 0:00:00 • 0:00:00 30.13it/s  
batch 362: size=500 time=5.40s
Predicting ━━━━━━━━━━━━━━━━━━━━━━━━━━━━━━━━━━━━━━━━ 8/8 0:00:00 • 0:00:00 21.01it/s  
Predicting ━━━━━━━━━━━━━━━━━━━━━━━━━━━━━━━━━━━━━━━━ 8/8 0:00:00 • 0:00:00 26.29it/s  
Predicting ━━━━━━━━━━━━━━━━━━━━━━━━━━━━━━━━━━━━━━━━ 8/8 0:00:00 • 0:00:00 26.61it/s  
Predicting ━━━━━━━━━━━━━━━━━━━━━━━━━━━━━━━━━━━━━━━━ 8/8 0:00:00 • 0:00:00 26.55it/s  
Predicting ━━━━━━━━━━━━━━━━━━━━━━━━━━━━━━━━━━━━━━━━ 8/8 0:00:00 • 0:00:00 26.36it/s  
Predicting ━━━━━━━━━━━━━━━━━━━━━━━━━━━━━━━━━━━━━━━━ 8/8 0:00:00 • 0:00:00 27.33it/s  
Predicting ━━━━━━━━━━━━━━━━━━━━━━━━━━━━━━━━━━━━━━━━ 8/8 0:00:00 • 0:00:00 26.13it/s  
Predicting ━━━━━━━━━━━━━━━━━━━━━━━━━━━━━━━━━━━━━━━━ 8/8 0:00:00 • 0:00:00 27.07it/s  
Predicting ━━━━━━━━━━━━━━━━━━━━━━━━━━━━━━━━━━━━━━━━ 8/8 0:00:00 • 0:00:00 27.81it/s  
Predicting ━━━━━━━━━━━━━━━━━━━━━━━━━━━━━━━━━━━━━━━━ 8/8 0:00:00 • 0:00:00 26.36it/s  
batch 363: size=500 time=5.80s
Predicting ━━━━━━━━━━━━━━━━━━━━━━━━━━━━━━━━━━━━━━━━ 8/8 0:00:00 • 0:00:00 27.47it/s  
Predicting ━━━━━━━━━━━━━━━━━━━━━━━━━━━━━━━━━━━━━━━━ 8/8 0:00:00 • 0:00:00 26.75it/s  
Predicting ━━━━━━━━━━━━━━━━━━━━━━━━━━━━━━━━━━━━━━━━ 8/8 0:00:00 • 0:00:00 27.31it/s  
Predicting ━━━━━━━━━━━━━━━━━━━━━━━━━━━━━━━━━━━━━━━━ 8/8 0:00:00 • 0:00:00 26.96it/s  
Predicting ━━━━━━━━━━━━━━━━━━━━━━━━━━━━━━━━━━━━━━━━ 8/8 0:00:00 • 0:00:00 26.56it/s  
Predicting ━━━━━━━━━━━━━━━━━━━━━━━━━━━━━━━━━━━━━━━━ 8/8 0:00:00 • 0:00:00 26.64it/s  
Predicting ━━━━━━━━━━━━━━━━━━━━━━━━━━━━━━━━━━━━━━━━ 8/8 0:00:00 • 0:00:00 26.90it/s  
Predicting ━━━━━━━━━━━━━━━━━━━━━━━━━━━━━━━━━━━━━━━━ 8/8 0:00:00 • 0:00:00 26.77it/s  
Predicting ━━━━━━━━━━━━━━━━━━━━━━━━━━━━━━━━━━━━━━━━ 8/8 0:00:00 • 0:00:00 27.79it/s  
Predicting ━━━━━━━━━━━━━━━━━━━━━━━━━━━━━━━━━━━━━━━━ 8/8 0:00:00 • 0:00:00 27.33it/s  
batch 364: size=500 time=5.76s
Predicting ━━━━━━━━━━━━━━━━━━━━━━━━━━━━━━━━━━━━━━━━ 8/8 0:00:00 • 0:00:00 27.11it/s  
Predicting ━━━━━━━━━━━━━━━━━━━━━━━━━━━━━━━━━━━━━━━━ 8/8 0:00:00 • 0:00:00 26.87it/s  
Predicting ━━━━━━━━━━━━━━━━━━━━━━━━━━━━━━━━━━━━━━━━ 8/8 0:00:00 • 0:00:00 26.97it/s  
Predicting ━━━━━━━━━━━━━━━━━━━━━━━━━━━━━━━━━━━━━━━━ 8/8 0:00:00 • 0:00:00 26.38it/s  
Predicting ━━━━━━━━━━━━━━━━━━━━━━━━━━━━━━━━━━━━━━━━ 8/8 0:00:00 • 0:00:00 27.43it/s  
Predicting ━━━━━━━━━━━━━━━━━━━━━━━━━━━━━━━━━━━━━━━━ 8/8 0:00:00 • 0:00:00 19.54it/s  
Predicting ━━━━━━━━━━━━━━━━━━━━━━━━━━━━━━━━━━━━━━━━ 8/8 0:00:00 • 0:00:00 23.96it/s  
Predicting ━━━━━━━━━━━━━━━━━━━━━━━━━━━━━━━━━━━━━━━━ 8/8 0:00:00 • 0:00:00 30.24it/s  
Predicting ━━━━━━━━━━━━━━━━━━━━━━━━━━━━━━━━━━━━━━━━ 8/8 0:00:00 • 0:00:00 29.63it/s  
Predicting ━━━━━━━━━━━━━━━━━━━━━━━━━━━━━━━━━━━━━━━━ 8/8 0:00:00 • 0:00:00 29.96it/s  
batch 365: size=500 time=5.79s
Predicting ━━━━━━━━━━━━━━━━━━━━━━━━━━━━━━━━━━━━━━━━ 8/8 0:00:00 • 0:00:00 29.31it/s  
Predicting ━━━━━━━━━━━━━━━━━━━━━━━━━━━━━━━━━━━━━━━━ 8/8 0:00:00 • 0:00:00 29.69it/s  
Predicting ━━━━━━━━━━━━━━━━━━━━━━━━━━━━━━━━━━━━━━━━ 8/8 0:00:00 • 0:00:00 26.15it/s  
Predicting ━━━━━━━━━━━━━━━━━━━━━━━━━━━━━━━━━━━━━━━━ 8/8 0:00:00 • 0:00:00 26.50it/s  
Predicting ━━━━━━━━━━━━━━━━━━━━━━━━━━━━━━━━━━━━━━━━ 8/8 0:00:00 • 0:00:00 25.44it/s  
Predicting ━━━━━━━━━━━━━━━━━━━━━━━━━━━━━━━━━━━━━━━━ 8/8 0:00:00 • 0:00:00 26.29it/s  
Predicting ━━━━━━━━━━━━━━━━━━━━━━━━━━━━━━━━━━━━━━━━ 8/8 0:00:00 • 0:00:00 27.63it/s  
Predicting ━━━━━━━━━━━━━━━━━━━━━━━━━━━━━━━━━━━━━━━━ 8/8 0:00:00 • 0:00:00 27.71it/s  
Predicting ━━━━━━━━━━━━━━━━━━━━━━━━━━━━━━━━━━━━━━━━ 8/8 0:00:00 • 0:00:00 27.87it/s  
Predicting ━━━━━━━━━━━━━━━━━━━━━━━━━━━━━━━━━━━━━━━━ 8/8 0:00:00 • 0:00:00 27.31it/s  
batch 366: size=500 time=5.74s
Predicting ━━━━━━━━━━━━━━━━━━━━━━━━━━━━━━━━━━━━━━━━ 8/8 0:00:00 • 0:00:00 26.09it/s  
Predicting ━━━━━━━━━━━━━━━━━━━━━━━━━━━━━━━━━━━━━━━━ 8/8 0:00:00 • 0:00:00 26.97it/s  
Predicting ━━━━━━━━━━━━━━━━━━━━━━━━━━━━━━━━━━━━━━━━ 8/8 0:00:00 • 0:00:00 26.61it/s  
Predicting ━━━━━━━━━━━━━━━━━━━━━━━━━━━━━━━━━━━━━━━━ 8/8 0:00:00 • 0:00:00 27.16it/s  
Predicting ━━━━━━━━━━━━━━━━━━━━━━━━━━━━━━━━━━━━━━━━ 8/8 0:00:00 • 0:00:00 26.90it/s  
Predicting ━━━━━━━━━━━━━━━━━━━━━━━━━━━━━━━━━━━━━━━━ 8/8 0:00:00 • 0:00:00 26.93it/s  
Predicting ━━━━━━━━━━━━━━━━━━━━━━━━━━━━━━━━━━━━━━━━ 8/8 0:00:00 • 0:00:00 26.62it/s  
Predicting ━━━━━━━━━━━━━━━━━━━━━━━━━━━━━━━━━━━━━━━━ 8/8 0:00:00 • 0:00:00 26.30it/s  
Predicting ━━━━━━━━━━━━━━━━━━━━━━━━━━━━━━━━━━━━━━━━ 8/8 0:00:00 • 0:00:00 27.55it/s  
Predicting ━━━━━━━━━━━━━━━━━━━━━━━━━━━━━━━━━━━━━━━━ 8/8 0:00:00 • 0:00:00 27.19it/s  
batch 367: size=500 time=5.69s
Predicting ━━━━━━━━━━━━━━━━━━━━━━━━━━━━━━━━━━━━━━━━ 8/8 0:00:00 • 0:00:00 27.06it/s  
Predicting ━━━━━━━━━━━━━━━━━━━━━━━━━━━━━━━━━━━━━━━━ 8/8 0:00:00 • 0:00:00 26.48it/s  
Predicting ━━━━━━━━━━━━━━━━━━━━━━━━━━━━━━━━━━━━━━━━ 8/8 0:00:00 • 0:00:00 26.57it/s  
Predicting ━━━━━━━━━━━━━━━━━━━━━━━━━━━━━━━━━━━━━━━━ 8/8 0:00:00 • 0:00:00 26.11it/s  
Predicting ━━━━━━━━━━━━━━━━━━━━━━━━━━━━━━━━━━━━━━━━ 8/8 0:00:00 • 0:00:00 26.25it/s  
Predicting ━━━━━━━━━━━━━━━━━━━━━━━━━━━━━━━━━━━━━━━━ 8/8 0:00:00 • 0:00:00 26.31it/s  
Predicting ━━━━━━━━━━━━━━━━━━━━━━━━━━━━━━━━━━━━━━━━ 8/8 0:00:00 • 0:00:00 26.40it/s  
Predicting ━━━━━━━━━━━━━━━━━━━━━━━━━━━━━━━━━━━━━━━━ 8/8 0:00:00 • 0:00:00 26.73it/s  
Predicting ━━━━━━━━━━━━━━━━━━━━━━━━━━━━━━━━━━━━━━━━ 8/8 0:00:00 • 0:00:00 28.06it/s  
Predicting ━━━━━━━━━━━━━━━━━━━━━━━━━━━━━━━━━━━━━━━━ 8/8 0:00:00 • 0:00:00 27.61it/s  
batch 368: size=500 time=5.70s
Predicting ━━━━━━━━━━━━━━━━━━━━━━━━━━━━━━━━━━━━━━━━ 8/8 0:00:00 • 0:00:00 26.96it/s  
Predicting ━━━━━━━━━━━━━━━━━━━━━━━━━━━━━━━━━━━━━━━━ 8/8 0:00:00 • 0:00:00 27.35it/s  
Predicting ━━━━━━━━━━━━━━━━━━━━━━━━━━━━━━━━━━━━━━━━ 8/8 0:00:00 • 0:00:00 26.81it/s  
Predicting ━━━━━━━━━━━━━━━━━━━━━━━━━━━━━━━━━━━━━━━━ 8/8 0:00:00 • 0:00:00 27.33it/s  
Predicting ━━━━━━━━━━━━━━━━━━━━━━━━━━━━━━━━━━━━━━━━ 8/8 0:00:00 • 0:00:00 26.97it/s  
Predicting ━━━━━━━━━━━━━━━━━━━━━━━━━━━━━━━━━━━━━━━━ 8/8 0:00:00 • 0:00:00 26.61it/s  
Predicting ━━━━━━━━━━━━━━━━━━━━━━━━━━━━━━━━━━━━━━━━ 8/8 0:00:00 • 0:00:00 27.00it/s  
Predicting ━━━━━━━━━━━━━━━━━━━━━━━━━━━━━━━━━━━━━━━━ 8/8 0:00:00 • 0:00:00 26.93it/s  
Predicting ━━━━━━━━━━━━━━━━━━━━━━━━━━━━━━━━━━━━━━━━ 8/8 0:00:00 • 0:00:00 27.64it/s  
Predicting ━━━━━━━━━━━━━━━━━━━━━━━━━━━━━━━━━━━━━━━━ 8/8 0:00:00 • 0:00:00 27.21it/s  
batch 369: size=500 time=5.72s
Predicting ━━━━━━━━━━━━━━━━━━━━━━━━━━━━━━━━━━━━━━━━ 8/8 0:00:00 • 0:00:00 26.08it/s  
Predicting ━━━━━━━━━━━━━━━━━━━━━━━━━━━━━━━━━━━━━━━━ 8/8 0:00:00 • 0:00:00 26.92it/s  
Predicting ━━━━━━━━━━━━━━━━━━━━━━━━━━━━━━━━━━━━━━━━ 8/8 0:00:00 • 0:00:00 27.02it/s  
Predicting ━━━━━━━━━━━━━━━━━━━━━━━━━━━━━━━━━━━━━━━━ 8/8 0:00:00 • 0:00:00 26.57it/s  
Predicting ━━━━━━━━━━━━━━━━━━━━━━━━━━━━━━━━━━━━━━━━ 8/8 0:00:00 • 0:00:00 27.07it/s  
Predicting ━━━━━━━━━━━━━━━━━━━━━━━━━━━━━━━━━━━━━━━━ 8/8 0:00:00 • 0:00:00 26.38it/s  
Predicting ━━━━━━━━━━━━━━━━━━━━━━━━━━━━━━━━━━━━━━━━ 8/8 0:00:00 • 0:00:00 26.37it/s  
Predicting ━━━━━━━━━━━━━━━━━━━━━━━━━━━━━━━━━━━━━━━━ 8/8 0:00:00 • 0:00:00 26.72it/s  
Predicting ━━━━━━━━━━━━━━━━━━━━━━━━━━━━━━━━━━━━━━━━ 8/8 0:00:00 • 0:00:00 27.13it/s  
Predicting ━━━━━━━━━━━━━━━━━━━━━━━━━━━━━━━━━━━━━━━━ 8/8 0:00:00 • 0:00:00 26.74it/s  
batch 370: size=500 time=5.74s
Predicting ━━━━━━━━━━━━━━━━━━━━━━━━━━━━━━━━━━━━━━━━ 8/8 0:00:00 • 0:00:00 27.42it/s  
Predicting ━━━━━━━━━━━━━━━━━━━━━━━━━━━━━━━━━━━━━━━━ 8/8 0:00:00 • 0:00:00 27.14it/s  
Predicting ━━━━━━━━━━━━━━━━━━━━━━━━━━━━━━━━━━━━━━━━ 8/8 0:00:00 • 0:00:00 26.68it/s  
Predicting ━━━━━━━━━━━━━━━━━━━━━━━━━━━━━━━━━━━━━━━━ 8/8 0:00:00 • 0:00:00 26.45it/s  
Predicting ━━━━━━━━━━━━━━━━━━━━━━━━━━━━━━━━━━━━━━━━ 8/8 0:00:00 • 0:00:00 26.94it/s  
Predicting ━━━━━━━━━━━━━━━━━━━━━━━━━━━━━━━━━━━━━━━━ 8/8 0:00:00 • 0:00:00 27.01it/s  
Predicting ━━━━━━━━━━━━━━━━━━━━━━━━━━━━━━━━━━━━━━━━ 8/8 0:00:00 • 0:00:00 27.69it/s  
Predicting ━━━━━━━━━━━━━━━━━━━━━━━━━━━━━━━━━━━━━━━━ 8/8 0:00:00 • 0:00:00 27.67it/s  
Predicting ━━━━━━━━━━━━━━━━━━━━━━━━━━━━━━━━━━━━━━━━ 8/8 0:00:00 • 0:00:00 27.68it/s  
Predicting ━━━━━━━━━━━━━━━━━━━━━━━━━━━━━━━━━━━━━━━━ 8/8 0:00:00 • 0:00:00 27.41it/s  
batch 371: size=500 time=5.66s
Predicting ━━━━━━━━━━━━━━━━━━━━━━━━━━━━━━━━━━━━━━━━ 8/8 0:00:00 • 0:00:00 26.11it/s  
Predicting ━━━━━━━━━━━━━━━━━━━━━━━━━━━━━━━━━━━━━━━━ 8/8 0:00:00 • 0:00:00 27.25it/s  
Predicting ━━━━━━━━━━━━━━━━━━━━━━━━━━━━━━━━━━━━━━━━ 8/8 0:00:00 • 0:00:00 26.91it/s  
Predicting ━━━━━━━━━━━━━━━━━━━━━━━━━━━━━━━━━━━━━━━━ 8/8 0:00:00 • 0:00:00 27.49it/s  
Predicting ━━━━━━━━━━━━━━━━━━━━━━━━━━━━━━━━━━━━━━━━ 8/8 0:00:00 • 0:00:00 27.35it/s  
Predicting ━━━━━━━━━━━━━━━━━━━━━━━━━━━━━━━━━━━━━━━━ 8/8 0:00:00 • 0:00:00 26.43it/s  
Predicting ━━━━━━━━━━━━━━━━━━━━━━━━━━━━━━━━━━━━━━━━ 8/8 0:00:00 • 0:00:00 27.72it/s  
Predicting ━━━━━━━━━━━━━━━━━━━━━━━━━━━━━━━━━━━━━━━━ 8/8 0:00:00 • 0:00:00 27.34it/s  
Predicting ━━━━━━━━━━━━━━━━━━━━━━━━━━━━━━━━━━━━━━━━ 8/8 0:00:00 • 0:00:00 26.67it/s  
Predicting ━━━━━━━━━━━━━━━━━━━━━━━━━━━━━━━━━━━━━━━━ 8/8 0:00:00 • 0:00:00 27.38it/s  
batch 372: size=500 time=5.70s
Predicting ━━━━━━━━━━━━━━━━━━━━━━━━━━━━━━━━━━━━━━━━ 8/8 0:00:00 • 0:00:00 26.77it/s  
Predicting ━━━━━━━━━━━━━━━━━━━━━━━━━━━━━━━━━━━━━━━━ 8/8 0:00:00 • 0:00:00 27.15it/s  
Predicting ━━━━━━━━━━━━━━━━━━━━━━━━━━━━━━━━━━━━━━━━ 8/8 0:00:00 • 0:00:00 28.11it/s  
Predicting ━━━━━━━━━━━━━━━━━━━━━━━━━━━━━━━━━━━━━━━━ 8/8 0:00:00 • 0:00:00 27.44it/s  
Predicting ━━━━━━━━━━━━━━━━━━━━━━━━━━━━━━━━━━━━━━━━ 8/8 0:00:00 • 0:00:00 28.31it/s  
Predicting ━━━━━━━━━━━━━━━━━━━━━━━━━━━━━━━━━━━━━━━━ 8/8 0:00:00 • 0:00:00 26.97it/s  
Predicting ━━━━━━━━━━━━━━━━━━━━━━━━━━━━━━━━━━━━━━━━ 8/8 0:00:00 • 0:00:00 26.71it/s  
Predicting ━━━━━━━━━━━━━━━━━━━━━━━━━━━━━━━━━━━━━━━━ 8/8 0:00:00 • 0:00:00 27.70it/s  
Predicting ━━━━━━━━━━━━━━━━━━━━━━━━━━━━━━━━━━━━━━━━ 8/8 0:00:00 • 0:00:00 26.68it/s  
Predicting ━━━━━━━━━━━━━━━━━━━━━━━━━━━━━━━━━━━━━━━━ 8/8 0:00:00 • 0:00:00 26.70it/s  
batch 373: size=500 time=5.69s
Predicting ━━━━━━━━━━━━━━━━━━━━━━━━━━━━━━━━━━━━━━━━ 8/8 0:00:00 • 0:00:00 26.55it/s  
Predicting ━━━━━━━━━━━━━━━━━━━━━━━━━━━━━━━━━━━━━━━━ 8/8 0:00:00 • 0:00:00 27.04it/s  
Predicting ━━━━━━━━━━━━━━━━━━━━━━━━━━━━━━━━━━━━━━━━ 8/8 0:00:00 • 0:00:00 27.52it/s  
Predicting ━━━━━━━━━━━━━━━━━━━━━━━━━━━━━━━━━━━━━━━━ 8/8 0:00:00 • 0:00:00 27.42it/s  
Predicting ━━━━━━━━━━━━━━━━━━━━━━━━━━━━━━━━━━━━━━━━ 8/8 0:00:00 • 0:00:00 27.38it/s  
Predicting ━━━━━━━━━━━━━━━━━━━━━━━━━━━━━━━━━━━━━━━━ 8/8 0:00:00 • 0:00:00 27.10it/s  
Predicting ━━━━━━━━━━━━━━━━━━━━━━━━━━━━━━━━━━━━━━━━ 8/8 0:00:00 • 0:00:00 26.26it/s  
Predicting ━━━━━━━━━━━━━━━━━━━━━━━━━━━━━━━━━━━━━━━━ 8/8 0:00:00 • 0:00:00 26.99it/s  
Predicting ━━━━━━━━━━━━━━━━━━━━━━━━━━━━━━━━━━━━━━━━ 8/8 0:00:00 • 0:00:00 27.63it/s  
Predicting ━━━━━━━━━━━━━━━━━━━━━━━━━━━━━━━━━━━━━━━━ 8/8 0:00:00 • 0:00:00 27.44it/s  
batch 374: size=500 time=5.67s
Predicting ━━━━━━━━━━━━━━━━━━━━━━━━━━━━━━━━━━━━━━━━ 8/8 0:00:00 • 0:00:00 26.59it/s  
Predicting ━━━━━━━━━━━━━━━━━━━━━━━━━━━━━━━━━━━━━━━━ 8/8 0:00:00 • 0:00:00 26.77it/s  
Predicting ━━━━━━━━━━━━━━━━━━━━━━━━━━━━━━━━━━━━━━━━ 8/8 0:00:00 • 0:00:00 26.71it/s  
Predicting ━━━━━━━━━━━━━━━━━━━━━━━━━━━━━━━━━━━━━━━━ 8/8 0:00:00 • 0:00:00 27.20it/s  
Predicting ━━━━━━━━━━━━━━━━━━━━━━━━━━━━━━━━━━━━━━━━ 8/8 0:00:00 • 0:00:00 27.08it/s  
Predicting ━━━━━━━━━━━━━━━━━━━━━━━━━━━━━━━━━━━━━━━━ 8/8 0:00:00 • 0:00:00 24.94it/s  
Predicting ━━━━━━━━━━━━━━━━━━━━━━━━━━━━━━━━━━━━━━━━ 8/8 0:00:00 • 0:00:00 30.21it/s  
Predicting ━━━━━━━━━━━━━━━━━━━━━━━━━━━━━━━━━━━━━━━━ 8/8 0:00:00 • 0:00:00 29.54it/s  
Predicting ━━━━━━━━━━━━━━━━━━━━━━━━━━━━━━━━━━━━━━━━ 8/8 0:00:00 • 0:00:00 30.50it/s  
Predicting ━━━━━━━━━━━━━━━━━━━━━━━━━━━━━━━━━━━━━━━━ 8/8 0:00:00 • 0:00:00 31.25it/s  
batch 375: size=500 time=5.60s
Predicting ━━━━━━━━━━━━━━━━━━━━━━━━━━━━━━━━━━━━━━━━ 8/8 0:00:00 • 0:00:00 29.52it/s  
Predicting ━━━━━━━━━━━━━━━━━━━━━━━━━━━━━━━━━━━━━━━━ 8/8 0:00:00 • 0:00:00 30.60it/s  
Predicting ━━━━━━━━━━━━━━━━━━━━━━━━━━━━━━━━━━━━━━━━ 8/8 0:00:00 • 0:00:00 29.98it/s  
Predicting ━━━━━━━━━━━━━━━━━━━━━━━━━━━━━━━━━━━━━━━━ 8/8 0:00:00 • 0:00:00 30.63it/s  
Predicting ━━━━━━━━━━━━━━━━━━━━━━━━━━━━━━━━━━━━━━━━ 8/8 0:00:00 • 0:00:00 29.31it/s  
Predicting ━━━━━━━━━━━━━━━━━━━━━━━━━━━━━━━━━━━━━━━━ 8/8 0:00:00 • 0:00:00 30.67it/s  
Predicting ━━━━━━━━━━━━━━━━━━━━━━━━━━━━━━━━━━━━━━━━ 8/8 0:00:00 • 0:00:00 30.40it/s  
Predicting ━━━━━━━━━━━━━━━━━━━━━━━━━━━━━━━━━━━━━━━━ 8/8 0:00:00 • 0:00:00 31.00it/s  
Predicting ━━━━━━━━━━━━━━━━━━━━━━━━━━━━━━━━━━━━━━━━ 8/8 0:00:00 • 0:00:00 30.97it/s  
Predicting ━━━━━━━━━━━━━━━━━━━━━━━━━━━━━━━━━━━━━━━━ 8/8 0:00:00 • 0:00:00 29.64it/s  
batch 376: size=500 time=5.39s
Predicting ━━━━━━━━━━━━━━━━━━━━━━━━━━━━━━━━━━━━━━━━ 8/8 0:00:00 • 0:00:00 29.67it/s  
Predicting ━━━━━━━━━━━━━━━━━━━━━━━━━━━━━━━━━━━━━━━━ 8/8 0:00:00 • 0:00:00 29.25it/s  
Predicting ━━━━━━━━━━━━━━━━━━━━━━━━━━━━━━━━━━━━━━━━ 8/8 0:00:00 • 0:00:00 30.76it/s  
Predicting ━━━━━━━━━━━━━━━━━━━━━━━━━━━━━━━━━━━━━━━━ 8/8 0:00:00 • 0:00:00 30.30it/s  
Predicting ━━━━━━━━━━━━━━━━━━━━━━━━━━━━━━━━━━━━━━━━ 8/8 0:00:00 • 0:00:00 30.49it/s  
Predicting ━━━━━━━━━━━━━━━━━━━━━━━━━━━━━━━━━━━━━━━━ 8/8 0:00:00 • 0:00:00 26.14it/s  
Predicting ━━━━━━━━━━━━━━━━━━━━━━━━━━━━━━━━━━━━━━━━ 8/8 0:00:00 • 0:00:00 27.52it/s  
Predicting ━━━━━━━━━━━━━━━━━━━━━━━━━━━━━━━━━━━━━━━━ 8/8 0:00:00 • 0:00:00 27.11it/s  
Predicting ━━━━━━━━━━━━━━━━━━━━━━━━━━━━━━━━━━━━━━━━ 8/8 0:00:00 • 0:00:00 26.73it/s  
Predicting ━━━━━━━━━━━━━━━━━━━━━━━━━━━━━━━━━━━━━━━━ 8/8 0:00:00 • 0:00:00 27.41it/s  
batch 377: size=500 time=5.62s
Predicting ━━━━━━━━━━━━━━━━━━━━━━━━━━━━━━━━━━━━━━━━ 8/8 0:00:00 • 0:00:00 26.84it/s  
Predicting ━━━━━━━━━━━━━━━━━━━━━━━━━━━━━━━━━━━━━━━━ 8/8 0:00:00 • 0:00:00 26.91it/s  
Predicting ━━━━━━━━━━━━━━━━━━━━━━━━━━━━━━━━━━━━━━━━ 8/8 0:00:00 • 0:00:00 27.77it/s  
Predicting ━━━━━━━━━━━━━━━━━━━━━━━━━━━━━━━━━━━━━━━━ 8/8 0:00:00 • 0:00:00 26.96it/s  
Predicting ━━━━━━━━━━━━━━━━━━━━━━━━━━━━━━━━━━━━━━━━ 8/8 0:00:00 • 0:00:00 27.38it/s  
Predicting ━━━━━━━━━━━━━━━━━━━━━━━━━━━━━━━━━━━━━━━━ 8/8 0:00:00 • 0:00:00 26.38it/s  
Predicting ━━━━━━━━━━━━━━━━━━━━━━━━━━━━━━━━━━━━━━━━ 8/8 0:00:00 • 0:00:00 27.41it/s  
Predicting ━━━━━━━━━━━━━━━━━━━━━━━━━━━━━━━━━━━━━━━━ 8/8 0:00:00 • 0:00:00 28.38it/s  
Predicting ━━━━━━━━━━━━━━━━━━━━━━━━━━━━━━━━━━━━━━━━ 8/8 0:00:00 • 0:00:00 27.24it/s  
Predicting ━━━━━━━━━━━━━━━━━━━━━━━━━━━━━━━━━━━━━━━━ 8/8 0:00:00 • 0:00:00 26.66it/s  
batch 378: size=500 time=5.63s
Predicting ━━━━━━━━━━━━━━━━━━━━━━━━━━━━━━━━━━━━━━━━ 8/8 0:00:00 • 0:00:00 26.58it/s  
Predicting ━━━━━━━━━━━━━━━━━━━━━━━━━━━━━━━━━━━━━━━━ 8/8 0:00:00 • 0:00:00 26.09it/s  
Predicting ━━━━━━━━━━━━━━━━━━━━━━━━━━━━━━━━━━━━━━━━ 8/8 0:00:00 • 0:00:00 26.01it/s  
Predicting ━━━━━━━━━━━━━━━━━━━━━━━━━━━━━━━━━━━━━━━━ 8/8 0:00:00 • 0:00:00 26.88it/s  
Predicting ━━━━━━━━━━━━━━━━━━━━━━━━━━━━━━━━━━━━━━━━ 8/8 0:00:00 • 0:00:00 27.09it/s  
Predicting ━━━━━━━━━━━━━━━━━━━━━━━━━━━━━━━━━━━━━━━━ 8/8 0:00:00 • 0:00:00 27.10it/s  
Predicting ━━━━━━━━━━━━━━━━━━━━━━━━━━━━━━━━━━━━━━━━ 8/8 0:00:00 • 0:00:00 26.64it/s  
Predicting ━━━━━━━━━━━━━━━━━━━━━━━━━━━━━━━━━━━━━━━━ 8/8 0:00:00 • 0:00:00 26.75it/s  
Predicting ━━━━━━━━━━━━━━━━━━━━━━━━━━━━━━━━━━━━━━━━ 8/8 0:00:00 • 0:00:00 27.45it/s  
Predicting ━━━━━━━━━━━━━━━━━━━━━━━━━━━━━━━━━━━━━━━━ 8/8 0:00:00 • 0:00:00 27.07it/s  
batch 379: size=500 time=5.72s
Predicting ━━━━━━━━━━━━━━━━━━━━━━━━━━━━━━━━━━━━━━━━ 8/8 0:00:00 • 0:00:00 26.47it/s  
Predicting ━━━━━━━━━━━━━━━━━━━━━━━━━━━━━━━━━━━━━━━━ 8/8 0:00:00 • 0:00:00 27.88it/s  
Predicting ━━━━━━━━━━━━━━━━━━━━━━━━━━━━━━━━━━━━━━━━ 8/8 0:00:00 • 0:00:00 27.96it/s  
Predicting ━━━━━━━━━━━━━━━━━━━━━━━━━━━━━━━━━━━━━━━━ 8/8 0:00:00 • 0:00:00 27.40it/s  
Predicting ━━━━━━━━━━━━━━━━━━━━━━━━━━━━━━━━━━━━━━━━ 8/8 0:00:00 • 0:00:00 26.90it/s  
Predicting ━━━━━━━━━━━━━━━━━━━━━━━━━━━━━━━━━━━━━━━━ 8/8 0:00:00 • 0:00:00 26.07it/s  
Predicting ━━━━━━━━━━━━━━━━━━━━━━━━━━━━━━━━━━━━━━━━ 8/8 0:00:00 • 0:00:00 27.30it/s  
Predicting ━━━━━━━━━━━━━━━━━━━━━━━━━━━━━━━━━━━━━━━━ 8/8 0:00:00 • 0:00:00 26.84it/s  
Predicting ━━━━━━━━━━━━━━━━━━━━━━━━━━━━━━━━━━━━━━━━ 8/8 0:00:00 • 0:00:00 27.02it/s  
Predicting ━━━━━━━━━━━━━━━━━━━━━━━━━━━━━━━━━━━━━━━━ 8/8 0:00:00 • 0:00:00 27.23it/s  
batch 380: size=500 time=5.67s
Predicting ━━━━━━━━━━━━━━━━━━━━━━━━━━━━━━━━━━━━━━━━ 8/8 0:00:00 • 0:00:00 26.20it/s  
Predicting ━━━━━━━━━━━━━━━━━━━━━━━━━━━━━━━━━━━━━━━━ 8/8 0:00:00 • 0:00:00 26.92it/s  
Predicting ━━━━━━━━━━━━━━━━━━━━━━━━━━━━━━━━━━━━━━━━ 8/8 0:00:00 • 0:00:00 27.70it/s  
Predicting ━━━━━━━━━━━━━━━━━━━━━━━━━━━━━━━━━━━━━━━━ 8/8 0:00:00 • 0:00:00 26.47it/s  
Predicting ━━━━━━━━━━━━━━━━━━━━━━━━━━━━━━━━━━━━━━━━ 8/8 0:00:00 • 0:00:00 27.05it/s  
Predicting ━━━━━━━━━━━━━━━━━━━━━━━━━━━━━━━━━━━━━━━━ 8/8 0:00:00 • 0:00:00 26.79it/s  
Predicting ━━━━━━━━━━━━━━━━━━━━━━━━━━━━━━━━━━━━━━━━ 8/8 0:00:00 • 0:00:00 27.23it/s  
Predicting ━━━━━━━━━━━━━━━━━━━━━━━━━━━━━━━━━━━━━━━━ 8/8 0:00:00 • 0:00:00 27.71it/s  
Predicting ━━━━━━━━━━━━━━━━━━━━━━━━━━━━━━━━━━━━━━━━ 8/8 0:00:00 • 0:00:00 27.87it/s  
Predicting ━━━━━━━━━━━━━━━━━━━━━━━━━━━━━━━━━━━━━━━━ 8/8 0:00:00 • 0:00:00 26.83it/s  
batch 381: size=500 time=5.66s
Predicting ━━━━━━━━━━━━━━━━━━━━━━━━━━━━━━━━━━━━━━━━ 8/8 0:00:00 • 0:00:00 27.29it/s  
Predicting ━━━━━━━━━━━━━━━━━━━━━━━━━━━━━━━━━━━━━━━━ 8/8 0:00:00 • 0:00:00 28.07it/s  
Predicting ━━━━━━━━━━━━━━━━━━━━━━━━━━━━━━━━━━━━━━━━ 8/8 0:00:00 • 0:00:00 28.36it/s  
Predicting ━━━━━━━━━━━━━━━━━━━━━━━━━━━━━━━━━━━━━━━━ 8/8 0:00:00 • 0:00:00 27.81it/s  
Predicting ━━━━━━━━━━━━━━━━━━━━━━━━━━━━━━━━━━━━━━━━ 8/8 0:00:00 • 0:00:00 27.22it/s  
Predicting ━━━━━━━━━━━━━━━━━━━━━━━━━━━━━━━━━━━━━━━━ 8/8 0:00:00 • 0:00:00 27.28it/s  
Predicting ━━━━━━━━━━━━━━━━━━━━━━━━━━━━━━━━━━━━━━━━ 8/8 0:00:00 • 0:00:00 27.55it/s  
Predicting ━━━━━━━━━━━━━━━━━━━━━━━━━━━━━━━━━━━━━━━━ 8/8 0:00:00 • 0:00:00 27.54it/s  
Predicting ━━━━━━━━━━━━━━━━━━━━━━━━━━━━━━━━━━━━━━━━ 8/8 0:00:00 • 0:00:00 27.27it/s  
Predicting ━━━━━━━━━━━━━━━━━━━━━━━━━━━━━━━━━━━━━━━━ 8/8 0:00:00 • 0:00:00 27.00it/s  
batch 382: size=500 time=5.60s
Predicting ━━━━━━━━━━━━━━━━━━━━━━━━━━━━━━━━━━━━━━━━ 8/8 0:00:00 • 0:00:00 27.14it/s  
Predicting ━━━━━━━━━━━━━━━━━━━━━━━━━━━━━━━━━━━━━━━━ 8/8 0:00:00 • 0:00:00 28.21it/s  
Predicting ━━━━━━━━━━━━━━━━━━━━━━━━━━━━━━━━━━━━━━━━ 8/8 0:00:00 • 0:00:00 27.92it/s  
Predicting ━━━━━━━━━━━━━━━━━━━━━━━━━━━━━━━━━━━━━━━━ 8/8 0:00:00 • 0:00:00 26.79it/s  
Predicting ━━━━━━━━━━━━━━━━━━━━━━━━━━━━━━━━━━━━━━━━ 8/8 0:00:00 • 0:00:00 26.90it/s  
Predicting ━━━━━━━━━━━━━━━━━━━━━━━━━━━━━━━━━━━━━━━━ 8/8 0:00:00 • 0:00:00 26.44it/s  
Predicting ━━━━━━━━━━━━━━━━━━━━━━━━━━━━━━━━━━━━━━━━ 8/8 0:00:00 • 0:00:00 27.88it/s  
Predicting ━━━━━━━━━━━━━━━━━━━━━━━━━━━━━━━━━━━━━━━━ 8/8 0:00:00 • 0:00:00 28.07it/s  
Predicting ━━━━━━━━━━━━━━━━━━━━━━━━━━━━━━━━━━━━━━━━ 8/8 0:00:00 • 0:00:00 27.44it/s  
Predicting ━━━━━━━━━━━━━━━━━━━━━━━━━━━━━━━━━━━━━━━━ 8/8 0:00:00 • 0:00:00 27.39it/s  
batch 383: size=500 time=5.60s
Predicting ━━━━━━━━━━━━━━━━━━━━━━━━━━━━━━━━━━━━━━━━ 8/8 0:00:00 • 0:00:00 26.90it/s  
Predicting ━━━━━━━━━━━━━━━━━━━━━━━━━━━━━━━━━━━━━━━━ 8/8 0:00:00 • 0:00:00 27.72it/s  
Predicting ━━━━━━━━━━━━━━━━━━━━━━━━━━━━━━━━━━━━━━━━ 8/8 0:00:00 • 0:00:00 27.51it/s  
Predicting ━━━━━━━━━━━━━━━━━━━━━━━━━━━━━━━━━━━━━━━━ 8/8 0:00:00 • 0:00:00 27.53it/s  
Predicting ━━━━━━━━━━━━━━━━━━━━━━━━━━━━━━━━━━━━━━━━ 8/8 0:00:00 • 0:00:00 27.14it/s  
Predicting ━━━━━━━━━━━━━━━━━━━━━━━━━━━━━━━━━━━━━━━━ 8/8 0:00:00 • 0:00:00 27.05it/s  
Predicting ━━━━━━━━━━━━━━━━━━━━━━━━━━━━━━━━━━━━━━━━ 8/8 0:00:00 • 0:00:00 27.01it/s  
Predicting ━━━━━━━━━━━━━━━━━━━━━━━━━━━━━━━━━━━━━━━━ 8/8 0:00:00 • 0:00:00 27.20it/s  
Predicting ━━━━━━━━━━━━━━━━━━━━━━━━━━━━━━━━━━━━━━━━ 8/8 0:00:00 • 0:00:00 27.66it/s  
Predicting ━━━━━━━━━━━━━━━━━━━━━━━━━━━━━━━━━━━━━━━━ 8/8 0:00:00 • 0:00:00 27.45it/s  
batch 384: size=500 time=5.65s
Predicting ━━━━━━━━━━━━━━━━━━━━━━━━━━━━━━━━━━━━━━━━ 8/8 0:00:00 • 0:00:00 26.43it/s  
Predicting ━━━━━━━━━━━━━━━━━━━━━━━━━━━━━━━━━━━━━━━━ 8/8 0:00:00 • 0:00:00 27.20it/s  
Predicting ━━━━━━━━━━━━━━━━━━━━━━━━━━━━━━━━━━━━━━━━ 8/8 0:00:00 • 0:00:00 27.71it/s  
Predicting ━━━━━━━━━━━━━━━━━━━━━━━━━━━━━━━━━━━━━━━━ 8/8 0:00:00 • 0:00:00 27.28it/s  
Predicting ━━━━━━━━━━━━━━━━━━━━━━━━━━━━━━━━━━━━━━━━ 8/8 0:00:00 • 0:00:00 27.02it/s  
Predicting ━━━━━━━━━━━━━━━━━━━━━━━━━━━━━━━━━━━━━━━━ 8/8 0:00:00 • 0:00:00 26.52it/s  
Predicting ━━━━━━━━━━━━━━━━━━━━━━━━━━━━━━━━━━━━━━━━ 8/8 0:00:00 • 0:00:00 27.72it/s  
Predicting ━━━━━━━━━━━━━━━━━━━━━━━━━━━━━━━━━━━━━━━━ 8/8 0:00:00 • 0:00:00 27.59it/s  
Predicting ━━━━━━━━━━━━━━━━━━━━━━━━━━━━━━━━━━━━━━━━ 8/8 0:00:00 • 0:00:00 28.15it/s  
Predicting ━━━━━━━━━━━━━━━━━━━━━━━━━━━━━━━━━━━━━━━━ 8/8 0:00:00 • 0:00:00 28.44it/s  
batch 385: size=500 time=5.64s
Predicting ━━━━━━━━━━━━━━━━━━━━━━━━━━━━━━━━━━━━━━━━ 8/8 0:00:00 • 0:00:00 26.44it/s  
Predicting ━━━━━━━━━━━━━━━━━━━━━━━━━━━━━━━━━━━━━━━━ 8/8 0:00:00 • 0:00:00 26.21it/s  
Predicting ━━━━━━━━━━━━━━━━━━━━━━━━━━━━━━━━━━━━━━━━ 8/8 0:00:00 • 0:00:00 27.18it/s  
Predicting ━━━━━━━━━━━━━━━━━━━━━━━━━━━━━━━━━━━━━━━━ 8/8 0:00:00 • 0:00:00 27.17it/s  
Predicting ━━━━━━━━━━━━━━━━━━━━━━━━━━━━━━━━━━━━━━━━ 8/8 0:00:00 • 0:00:00 26.86it/s  
Predicting ━━━━━━━━━━━━━━━━━━━━━━━━━━━━━━━━━━━━━━━━ 8/8 0:00:00 • 0:00:00 26.58it/s  
Predicting ━━━━━━━━━━━━━━━━━━━━━━━━━━━━━━━━━━━━━━━━ 8/8 0:00:00 • 0:00:00 26.95it/s  
Predicting ━━━━━━━━━━━━━━━━━━━━━━━━━━━━━━━━━━━━━━━━ 8/8 0:00:00 • 0:00:00 26.71it/s  
Predicting ━━━━━━━━━━━━━━━━━━━━━━━━━━━━━━━━━━━━━━━━ 8/8 0:00:00 • 0:00:00 26.65it/s  
Predicting ━━━━━━━━━━━━━━━━━━━━━━━━━━━━━━━━━━━━━━━━ 8/8 0:00:00 • 0:00:00 27.09it/s  
batch 386: size=500 time=5.70s
Predicting ━━━━━━━━━━━━━━━━━━━━━━━━━━━━━━━━━━━━━━━━ 8/8 0:00:00 • 0:00:00 26.44it/s  
Predicting ━━━━━━━━━━━━━━━━━━━━━━━━━━━━━━━━━━━━━━━━ 8/8 0:00:00 • 0:00:00 26.98it/s  
Predicting ━━━━━━━━━━━━━━━━━━━━━━━━━━━━━━━━━━━━━━━━ 8/8 0:00:00 • 0:00:00 27.49it/s  
Predicting ━━━━━━━━━━━━━━━━━━━━━━━━━━━━━━━━━━━━━━━━ 8/8 0:00:00 • 0:00:00 26.60it/s  
Predicting ━━━━━━━━━━━━━━━━━━━━━━━━━━━━━━━━━━━━━━━━ 8/8 0:00:00 • 0:00:00 26.68it/s  
Predicting ━━━━━━━━━━━━━━━━━━━━━━━━━━━━━━━━━━━━━━━━ 8/8 0:00:00 • 0:00:00 26.57it/s  
Predicting ━━━━━━━━━━━━━━━━━━━━━━━━━━━━━━━━━━━━━━━━ 8/8 0:00:00 • 0:00:00 25.71it/s  
Predicting ━━━━━━━━━━━━━━━━━━━━━━━━━━━━━━━━━━━━━━━━ 8/8 0:00:00 • 0:00:00 26.20it/s  
Predicting ━━━━━━━━━━━━━━━━━━━━━━━━━━━━━━━━━━━━━━━━ 8/8 0:00:00 • 0:00:00 25.98it/s  
Predicting ━━━━━━━━━━━━━━━━━━━━━━━━━━━━━━━━━━━━━━━━ 8/8 0:00:00 • 0:00:00 24.89it/s  
batch 387: size=500 time=5.87s
Predicting ━━━━━━━━━━━━━━━━━━━━━━━━━━━━━━━━━━━━━━━━ 8/8 0:00:00 • 0:00:00 25.52it/s  
Predicting ━━━━━━━━━━━━━━━━━━━━━━━━━━━━━━━━━━━━━━━━ 8/8 0:00:00 • 0:00:00 26.37it/s  
Predicting ━━━━━━━━━━━━━━━━━━━━━━━━━━━━━━━━━━━━━━━━ 8/8 0:00:00 • 0:00:00 26.35it/s  
Predicting ━━━━━━━━━━━━━━━━━━━━━━━━━━━━━━━━━━━━━━━━ 8/8 0:00:00 • 0:00:00 27.57it/s  
Predicting ━━━━━━━━━━━━━━━━━━━━━━━━━━━━━━━━━━━━━━━━ 8/8 0:00:00 • 0:00:00 26.43it/s  
Predicting ━━━━━━━━━━━━━━━━━━━━━━━━━━━━━━━━━━━━━━━━ 8/8 0:00:00 • 0:00:00 26.64it/s  
Predicting ━━━━━━━━━━━━━━━━━━━━━━━━━━━━━━━━━━━━━━━━ 8/8 0:00:00 • 0:00:00 27.04it/s  
Predicting ━━━━━━━━━━━━━━━━━━━━━━━━━━━━━━━━━━━━━━━━ 8/8 0:00:00 • 0:00:00 26.72it/s  
Predicting ━━━━━━━━━━━━━━━━━━━━━━━━━━━━━━━━━━━━━━━━ 8/8 0:00:00 • 0:00:00 27.81it/s  
Predicting ━━━━━━━━━━━━━━━━━━━━━━━━━━━━━━━━━━━━━━━━ 8/8 0:00:00 • 0:00:00 27.11it/s  
batch 388: size=500 time=5.74s
Predicting ━━━━━━━━━━━━━━━━━━━━━━━━━━━━━━━━━━━━━━━━ 8/8 0:00:00 • 0:00:00 27.13it/s  
Predicting ━━━━━━━━━━━━━━━━━━━━━━━━━━━━━━━━━━━━━━━━ 8/8 0:00:00 • 0:00:00 27.16it/s  
Predicting ━━━━━━━━━━━━━━━━━━━━━━━━━━━━━━━━━━━━━━━━ 8/8 0:00:00 • 0:00:00 27.15it/s  
Predicting ━━━━━━━━━━━━━━━━━━━━━━━━━━━━━━━━━━━━━━━━ 8/8 0:00:00 • 0:00:00 27.57it/s  
Predicting ━━━━━━━━━━━━━━━━━━━━━━━━━━━━━━━━━━━━━━━━ 8/8 0:00:00 • 0:00:00 26.83it/s  
Predicting ━━━━━━━━━━━━━━━━━━━━━━━━━━━━━━━━━━━━━━━━ 8/8 0:00:00 • 0:00:00 26.93it/s  
Predicting ━━━━━━━━━━━━━━━━━━━━━━━━━━━━━━━━━━━━━━━━ 8/8 0:00:00 • 0:00:00 27.12it/s  
Predicting ━━━━━━━━━━━━━━━━━━━━━━━━━━━━━━━━━━━━━━━━ 8/8 0:00:00 • 0:00:00 26.04it/s  
Predicting ━━━━━━━━━━━━━━━━━━━━━━━━━━━━━━━━━━━━━━━━ 8/8 0:00:00 • 0:00:00 27.30it/s  
Predicting ━━━━━━━━━━━━━━━━━━━━━━━━━━━━━━━━━━━━━━━━ 8/8 0:00:00 • 0:00:00 27.36it/s  
batch 389: size=500 time=5.70s
Predicting ━━━━━━━━━━━━━━━━━━━━━━━━━━━━━━━━━━━━━━━━ 8/8 0:00:00 • 0:00:00 26.76it/s  
Predicting ━━━━━━━━━━━━━━━━━━━━━━━━━━━━━━━━━━━━━━━━ 8/8 0:00:00 • 0:00:00 27.18it/s  
Predicting ━━━━━━━━━━━━━━━━━━━━━━━━━━━━━━━━━━━━━━━━ 8/8 0:00:00 • 0:00:00 27.57it/s  
Predicting ━━━━━━━━━━━━━━━━━━━━━━━━━━━━━━━━━━━━━━━━ 8/8 0:00:00 • 0:00:00 27.15it/s  
Predicting ━━━━━━━━━━━━━━━━━━━━━━━━━━━━━━━━━━━━━━━━ 8/8 0:00:00 • 0:00:00 26.98it/s  
Predicting ━━━━━━━━━━━━━━━━━━━━━━━━━━━━━━━━━━━━━━━━ 8/8 0:00:00 • 0:00:00 25.96it/s  
Predicting ━━━━━━━━━━━━━━━━━━━━━━━━━━━━━━━━━━━━━━━━ 8/8 0:00:00 • 0:00:00 26.52it/s  
Predicting ━━━━━━━━━━━━━━━━━━━━━━━━━━━━━━━━━━━━━━━━ 8/8 0:00:00 • 0:00:00 27.30it/s  
Predicting ━━━━━━━━━━━━━━━━━━━━━━━━━━━━━━━━━━━━━━━━ 8/8 0:00:00 • 0:00:00 27.57it/s  
Predicting ━━━━━━━━━━━━━━━━━━━━━━━━━━━━━━━━━━━━━━━━ 8/8 0:00:00 • 0:00:00 26.45it/s  
batch 390: size=500 time=5.70s
Predicting ━━━━━━━━━━━━━━━━━━━━━━━━━━━━━━━━━━━━━━━━ 8/8 0:00:00 • 0:00:00 26.97it/s  
Predicting ━━━━━━━━━━━━━━━━━━━━━━━━━━━━━━━━━━━━━━━━ 8/8 0:00:00 • 0:00:00 27.31it/s  
Predicting ━━━━━━━━━━━━━━━━━━━━━━━━━━━━━━━━━━━━━━━━ 8/8 0:00:00 • 0:00:00 27.04it/s  
Predicting ━━━━━━━━━━━━━━━━━━━━━━━━━━━━━━━━━━━━━━━━ 8/8 0:00:00 • 0:00:00 27.14it/s  
Predicting ━━━━━━━━━━━━━━━━━━━━━━━━━━━━━━━━━━━━━━━━ 8/8 0:00:00 • 0:00:00 27.40it/s  
Predicting ━━━━━━━━━━━━━━━━━━━━━━━━━━━━━━━━━━━━━━━━ 8/8 0:00:00 • 0:00:00 27.05it/s  
Predicting ━━━━━━━━━━━━━━━━━━━━━━━━━━━━━━━━━━━━━━━━ 8/8 0:00:00 • 0:00:00 27.16it/s  
Predicting ━━━━━━━━━━━━━━━━━━━━━━━━━━━━━━━━━━━━━━━━ 8/8 0:00:00 • 0:00:00 27.02it/s  
Predicting ━━━━━━━━━━━━━━━━━━━━━━━━━━━━━━━━━━━━━━━━ 8/8 0:00:00 • 0:00:00 28.22it/s  
Predicting ━━━━━━━━━━━━━━━━━━━━━━━━━━━━━━━━━━━━━━━━ 8/8 0:00:00 • 0:00:00 26.93it/s  
batch 391: size=500 time=5.67s
Predicting ━━━━━━━━━━━━━━━━━━━━━━━━━━━━━━━━━━━━━━━━ 8/8 0:00:00 • 0:00:00 27.38it/s  
Predicting ━━━━━━━━━━━━━━━━━━━━━━━━━━━━━━━━━━━━━━━━ 8/8 0:00:00 • 0:00:00 27.33it/s  
Predicting ━━━━━━━━━━━━━━━━━━━━━━━━━━━━━━━━━━━━━━━━ 8/8 0:00:00 • 0:00:00 26.57it/s  
Predicting ━━━━━━━━━━━━━━━━━━━━━━━━━━━━━━━━━━━━━━━━ 8/8 0:00:00 • 0:00:00 27.65it/s  
Predicting ━━━━━━━━━━━━━━━━━━━━━━━━━━━━━━━━━━━━━━━━ 8/8 0:00:00 • 0:00:00 27.90it/s  
Predicting ━━━━━━━━━━━━━━━━━━━━━━━━━━━━━━━━━━━━━━━━ 8/8 0:00:00 • 0:00:00 26.71it/s  
Predicting ━━━━━━━━━━━━━━━━━━━━━━━━━━━━━━━━━━━━━━━━ 8/8 0:00:00 • 0:00:00 27.50it/s  
Predicting ━━━━━━━━━━━━━━━━━━━━━━━━━━━━━━━━━━━━━━━━ 8/8 0:00:00 • 0:00:00 28.77it/s  
Predicting ━━━━━━━━━━━━━━━━━━━━━━━━━━━━━━━━━━━━━━━━ 8/8 0:00:00 • 0:00:00 27.99it/s  
Predicting ━━━━━━━━━━━━━━━━━━━━━━━━━━━━━━━━━━━━━━━━ 8/8 0:00:00 • 0:00:00 28.69it/s  
batch 392: size=500 time=5.65s
Predicting ━━━━━━━━━━━━━━━━━━━━━━━━━━━━━━━━━━━━━━━━ 8/8 0:00:00 • 0:00:00 26.63it/s  
Predicting ━━━━━━━━━━━━━━━━━━━━━━━━━━━━━━━━━━━━━━━━ 8/8 0:00:00 • 0:00:00 27.23it/s  
Predicting ━━━━━━━━━━━━━━━━━━━━━━━━━━━━━━━━━━━━━━━━ 8/8 0:00:00 • 0:00:00 27.02it/s  
Predicting ━━━━━━━━━━━━━━━━━━━━━━━━━━━━━━━━━━━━━━━━ 8/8 0:00:00 • 0:00:00 26.68it/s  
Predicting ━━━━━━━━━━━━━━━━━━━━━━━━━━━━━━━━━━━━━━━━ 8/8 0:00:00 • 0:00:00 27.40it/s  
Predicting ━━━━━━━━━━━━━━━━━━━━━━━━━━━━━━━━━━━━━━━━ 8/8 0:00:00 • 0:00:00 26.22it/s  
Predicting ━━━━━━━━━━━━━━━━━━━━━━━━━━━━━━━━━━━━━━━━ 8/8 0:00:00 • 0:00:00 27.03it/s  
Predicting ━━━━━━━━━━━━━━━━━━━━━━━━━━━━━━━━━━━━━━━━ 8/8 0:00:00 • 0:00:00 27.13it/s  
Predicting ━━━━━━━━━━━━━━━━━━━━━━━━━━━━━━━━━━━━━━━━ 8/8 0:00:00 • 0:00:00 26.77it/s  
Predicting ━━━━━━━━━━━━━━━━━━━━━━━━━━━━━━━━━━━━━━━━ 8/8 0:00:00 • 0:00:00 27.69it/s  
batch 393: size=500 time=5.70s
Predicting ━━━━━━━━━━━━━━━━━━━━━━━━━━━━━━━━━━━━━━━━ 8/8 0:00:00 • 0:00:00 27.35it/s  
Predicting ━━━━━━━━━━━━━━━━━━━━━━━━━━━━━━━━━━━━━━━━ 8/8 0:00:00 • 0:00:00 27.57it/s  
Predicting ━━━━━━━━━━━━━━━━━━━━━━━━━━━━━━━━━━━━━━━━ 8/8 0:00:00 • 0:00:00 26.97it/s  
Predicting ━━━━━━━━━━━━━━━━━━━━━━━━━━━━━━━━━━━━━━━━ 8/8 0:00:00 • 0:00:00 27.38it/s  
Predicting ━━━━━━━━━━━━━━━━━━━━━━━━━━━━━━━━━━━━━━━━ 8/8 0:00:00 • 0:00:00 27.29it/s  
Predicting ━━━━━━━━━━━━━━━━━━━━━━━━━━━━━━━━━━━━━━━━ 8/8 0:00:00 • 0:00:00 26.52it/s  
Predicting ━━━━━━━━━━━━━━━━━━━━━━━━━━━━━━━━━━━━━━━━ 8/8 0:00:00 • 0:00:00 26.98it/s  
Predicting ━━━━━━━━━━━━━━━━━━━━━━━━━━━━━━━━━━━━━━━━ 8/8 0:00:00 • 0:00:00 27.50it/s  
Predicting ━━━━━━━━━━━━━━━━━━━━━━━━━━━━━━━━━━━━━━━━ 8/8 0:00:00 • 0:00:00 28.46it/s  
Predicting ━━━━━━━━━━━━━━━━━━━━━━━━━━━━━━━━━━━━━━━━ 8/8 0:00:00 • 0:00:00 27.10it/s  
batch 394: size=500 time=5.66s
Predicting ━━━━━━━━━━━━━━━━━━━━━━━━━━━━━━━━━━━━━━━━ 8/8 0:00:00 • 0:00:00 27.23it/s  
Predicting ━━━━━━━━━━━━━━━━━━━━━━━━━━━━━━━━━━━━━━━━ 8/8 0:00:00 • 0:00:00 27.68it/s  
Predicting ━━━━━━━━━━━━━━━━━━━━━━━━━━━━━━━━━━━━━━━━ 8/8 0:00:00 • 0:00:00 27.23it/s  
Predicting ━━━━━━━━━━━━━━━━━━━━━━━━━━━━━━━━━━━━━━━━ 8/8 0:00:00 • 0:00:00 26.97it/s  
Predicting ━━━━━━━━━━━━━━━━━━━━━━━━━━━━━━━━━━━━━━━━ 8/8 0:00:00 • 0:00:00 26.52it/s  
Predicting ━━━━━━━━━━━━━━━━━━━━━━━━━━━━━━━━━━━━━━━━ 8/8 0:00:00 • 0:00:00 27.15it/s  
Predicting ━━━━━━━━━━━━━━━━━━━━━━━━━━━━━━━━━━━━━━━━ 8/8 0:00:00 • 0:00:00 26.99it/s  
Predicting ━━━━━━━━━━━━━━━━━━━━━━━━━━━━━━━━━━━━━━━━ 8/8 0:00:00 • 0:00:00 27.38it/s  
Predicting ━━━━━━━━━━━━━━━━━━━━━━━━━━━━━━━━━━━━━━━━ 8/8 0:00:00 • 0:00:00 27.54it/s  
Predicting ━━━━━━━━━━━━━━━━━━━━━━━━━━━━━━━━━━━━━━━━ 8/8 0:00:00 • 0:00:00 26.94it/s  
batch 395: size=500 time=5.69s
Predicting ━━━━━━━━━━━━━━━━━━━━━━━━━━━━━━━━━━━━━━━━ 8/8 0:00:00 • 0:00:00 26.85it/s  
Predicting ━━━━━━━━━━━━━━━━━━━━━━━━━━━━━━━━━━━━━━━━ 8/8 0:00:00 • 0:00:00 27.31it/s  
Predicting ━━━━━━━━━━━━━━━━━━━━━━━━━━━━━━━━━━━━━━━━ 8/8 0:00:00 • 0:00:00 26.76it/s  
Predicting ━━━━━━━━━━━━━━━━━━━━━━━━━━━━━━━━━━━━━━━━ 8/8 0:00:00 • 0:00:00 26.63it/s  
Predicting ━━━━━━━━━━━━━━━━━━━━━━━━━━━━━━━━━━━━━━━━ 8/8 0:00:00 • 0:00:00 27.20it/s  
Predicting ━━━━━━━━━━━━━━━━━━━━━━━━━━━━━━━━━━━━━━━━ 8/8 0:00:00 • 0:00:00 26.38it/s  
Predicting ━━━━━━━━━━━━━━━━━━━━━━━━━━━━━━━━━━━━━━━━ 8/8 0:00:00 • 0:00:00 27.43it/s  
Predicting ━━━━━━━━━━━━━━━━━━━━━━━━━━━━━━━━━━━━━━━━ 8/8 0:00:00 • 0:00:00 27.25it/s  
Predicting ━━━━━━━━━━━━━━━━━━━━━━━━━━━━━━━━━━━━━━━━ 8/8 0:00:00 • 0:00:00 27.25it/s  
Predicting ━━━━━━━━━━━━━━━━━━━━━━━━━━━━━━━━━━━━━━━━ 8/8 0:00:00 • 0:00:00 27.36it/s  
batch 396: size=500 time=5.70s
Predicting ━━━━━━━━━━━━━━━━━━━━━━━━━━━━━━━━━━━━━━━━ 8/8 0:00:00 • 0:00:00 27.25it/s  
Predicting ━━━━━━━━━━━━━━━━━━━━━━━━━━━━━━━━━━━━━━━━ 8/8 0:00:00 • 0:00:00 27.20it/s  
Predicting ━━━━━━━━━━━━━━━━━━━━━━━━━━━━━━━━━━━━━━━━ 8/8 0:00:00 • 0:00:00 27.98it/s  
Predicting ━━━━━━━━━━━━━━━━━━━━━━━━━━━━━━━━━━━━━━━━ 8/8 0:00:00 • 0:00:00 27.43it/s  
Predicting ━━━━━━━━━━━━━━━━━━━━━━━━━━━━━━━━━━━━━━━━ 8/8 0:00:00 • 0:00:00 27.68it/s  
Predicting ━━━━━━━━━━━━━━━━━━━━━━━━━━━━━━━━━━━━━━━━ 8/8 0:00:00 • 0:00:00 27.34it/s  
Predicting ━━━━━━━━━━━━━━━━━━━━━━━━━━━━━━━━━━━━━━━━ 8/8 0:00:00 • 0:00:00 27.27it/s  
Predicting ━━━━━━━━━━━━━━━━━━━━━━━━━━━━━━━━━━━━━━━━ 8/8 0:00:00 • 0:00:00 27.55it/s  
Predicting ━━━━━━━━━━━━━━━━━━━━━━━━━━━━━━━━━━━━━━━━ 8/8 0:00:00 • 0:00:00 27.65it/s  
Predicting ━━━━━━━━━━━━━━━━━━━━━━━━━━━━━━━━━━━━━━━━ 8/8 0:00:00 • 0:00:00 27.34it/s  
batch 397: size=500 time=5.66s
Predicting ━━━━━━━━━━━━━━━━━━━━━━━━━━━━━━━━━━━━━━━━ 8/8 0:00:00 • 0:00:00 19.61it/s  
Predicting ━━━━━━━━━━━━━━━━━━━━━━━━━━━━━━━━━━━━━━━━ 8/8 0:00:00 • 0:00:00 19.99it/s  
Predicting ━━━━━━━━━━━━━━━━━━━━━━━━━━━━━━━━━━━━━━━━ 8/8 0:00:00 • 0:00:00 19.92it/s  
Predicting ━━━━━━━━━━━━━━━━━━━━━━━━━━━━━━━━━━━━━━━━ 8/8 0:00:00 • 0:00:00 23.96it/s  
Predicting ━━━━━━━━━━━━━━━━━━━━━━━━━━━━━━━━━━━━━━━━ 8/8 0:00:00 • 0:00:00 30.47it/s  
Predicting ━━━━━━━━━━━━━━━━━━━━━━━━━━━━━━━━━━━━━━━━ 8/8 0:00:00 • 0:00:00 28.94it/s  
Predicting ━━━━━━━━━━━━━━━━━━━━━━━━━━━━━━━━━━━━━━━━ 8/8 0:00:00 • 0:00:00 29.57it/s  
Predicting ━━━━━━━━━━━━━━━━━━━━━━━━━━━━━━━━━━━━━━━━ 8/8 0:00:00 • 0:00:00 31.29it/s  
Predicting ━━━━━━━━━━━━━━━━━━━━━━━━━━━━━━━━━━━━━━━━ 8/8 0:00:00 • 0:00:00 29.96it/s  
Predicting ━━━━━━━━━━━━━━━━━━━━━━━━━━━━━━━━━━━━━━━━ 8/8 0:00:00 • 0:00:00 29.96it/s  
batch 398: size=500 time=5.98s
Predicting ━━━━━━━━━━━━━━━━━━━━━━━━━━━━━━━━━━━━━━━━ 8/8 0:00:00 • 0:00:00 30.56it/s  
Predicting ━━━━━━━━━━━━━━━━━━━━━━━━━━━━━━━━━━━━━━━━ 8/8 0:00:00 • 0:00:00 29.77it/s  
Predicting ━━━━━━━━━━━━━━━━━━━━━━━━━━━━━━━━━━━━━━━━ 8/8 0:00:00 • 0:00:00 30.02it/s  
Predicting ━━━━━━━━━━━━━━━━━━━━━━━━━━━━━━━━━━━━━━━━ 8/8 0:00:00 • 0:00:00 31.08it/s  
Predicting ━━━━━━━━━━━━━━━━━━━━━━━━━━━━━━━━━━━━━━━━ 8/8 0:00:00 • 0:00:00 30.52it/s  
Predicting ━━━━━━━━━━━━━━━━━━━━━━━━━━━━━━━━━━━━━━━━ 8/8 0:00:00 • 0:00:00 29.23it/s  
Predicting ━━━━━━━━━━━━━━━━━━━━━━━━━━━━━━━━━━━━━━━━ 8/8 0:00:00 • 0:00:00 29.81it/s  
Predicting ━━━━━━━━━━━━━━━━━━━━━━━━━━━━━━━━━━━━━━━━ 8/8 0:00:00 • 0:00:00 30.27it/s  
Predicting ━━━━━━━━━━━━━━━━━━━━━━━━━━━━━━━━━━━━━━━━ 8/8 0:00:00 • 0:00:00 30.36it/s  
Predicting ━━━━━━━━━━━━━━━━━━━━━━━━━━━━━━━━━━━━━━━━ 8/8 0:00:00 • 0:00:00 29.72it/s  
batch 399: size=500 time=5.39s
Predicting ━━━━━━━━━━━━━━━━━━━━━━━━━━━━━━━━━━━━━━━━ 8/8 0:00:00 • 0:00:00 25.14it/s  
Predicting ━━━━━━━━━━━━━━━━━━━━━━━━━━━━━━━━━━━━━━━━ 8/8 0:00:00 • 0:00:00 26.70it/s  
Predicting ━━━━━━━━━━━━━━━━━━━━━━━━━━━━━━━━━━━━━━━━ 8/8 0:00:00 • 0:00:00 27.27it/s  
Predicting ━━━━━━━━━━━━━━━━━━━━━━━━━━━━━━━━━━━━━━━━ 8/8 0:00:00 • 0:00:00 27.63it/s  
Predicting ━━━━━━━━━━━━━━━━━━━━━━━━━━━━━━━━━━━━━━━━ 8/8 0:00:00 • 0:00:00 27.22it/s  
Predicting ━━━━━━━━━━━━━━━━━━━━━━━━━━━━━━━━━━━━━━━━ 8/8 0:00:00 • 0:00:00 26.10it/s  
Predicting ━━━━━━━━━━━━━━━━━━━━━━━━━━━━━━━━━━━━━━━━ 8/8 0:00:00 • 0:00:00 27.41it/s  
Predicting ━━━━━━━━━━━━━━━━━━━━━━━━━━━━━━━━━━━━━━━━ 8/8 0:00:00 • 0:00:00 27.09it/s  
Predicting ━━━━━━━━━━━━━━━━━━━━━━━━━━━━━━━━━━━━━━━━ 8/8 0:00:00 • 0:00:00 26.89it/s  
Predicting ━━━━━━━━━━━━━━━━━━━━━━━━━━━━━━━━━━━━━━━━ 8/8 0:00:00 • 0:00:00 26.88it/s  
batch 400: size=500 time=5.73s
Predicting ━━━━━━━━━━━━━━━━━━━━━━━━━━━━━━━━━━━━━━━━ 8/8 0:00:00 • 0:00:00 26.37it/s  
Predicting ━━━━━━━━━━━━━━━━━━━━━━━━━━━━━━━━━━━━━━━━ 8/8 0:00:00 • 0:00:00 26.14it/s  
Predicting ━━━━━━━━━━━━━━━━━━━━━━━━━━━━━━━━━━━━━━━━ 8/8 0:00:00 • 0:00:00 26.98it/s  
Predicting ━━━━━━━━━━━━━━━━━━━━━━━━━━━━━━━━━━━━━━━━ 8/8 0:00:00 • 0:00:00 27.02it/s  
Predicting ━━━━━━━━━━━━━━━━━━━━━━━━━━━━━━━━━━━━━━━━ 8/8 0:00:00 • 0:00:00 28.02it/s  
Predicting ━━━━━━━━━━━━━━━━━━━━━━━━━━━━━━━━━━━━━━━━ 8/8 0:00:00 • 0:00:00 27.33it/s  
Predicting ━━━━━━━━━━━━━━━━━━━━━━━━━━━━━━━━━━━━━━━━ 8/8 0:00:00 • 0:00:00 27.53it/s  
Predicting ━━━━━━━━━━━━━━━━━━━━━━━━━━━━━━━━━━━━━━━━ 8/8 0:00:00 • 0:00:00 27.12it/s  
Predicting ━━━━━━━━━━━━━━━━━━━━━━━━━━━━━━━━━━━━━━━━ 8/8 0:00:00 • 0:00:00 27.40it/s  
Predicting ━━━━━━━━━━━━━━━━━━━━━━━━━━━━━━━━━━━━━━━━ 8/8 0:00:00 • 0:00:00 27.03it/s  
batch 401: size=500 time=5.66s
Predicting ━━━━━━━━━━━━━━━━━━━━━━━━━━━━━━━━━━━━━━━━ 8/8 0:00:00 • 0:00:00 26.84it/s  
Predicting ━━━━━━━━━━━━━━━━━━━━━━━━━━━━━━━━━━━━━━━━ 8/8 0:00:00 • 0:00:00 27.40it/s  
Predicting ━━━━━━━━━━━━━━━━━━━━━━━━━━━━━━━━━━━━━━━━ 8/8 0:00:00 • 0:00:00 27.89it/s  
Predicting ━━━━━━━━━━━━━━━━━━━━━━━━━━━━━━━━━━━━━━━━ 8/8 0:00:00 • 0:00:00 28.40it/s  
Predicting ━━━━━━━━━━━━━━━━━━━━━━━━━━━━━━━━━━━━━━━━ 8/8 0:00:00 • 0:00:00 27.16it/s  
Predicting ━━━━━━━━━━━━━━━━━━━━━━━━━━━━━━━━━━━━━━━━ 8/8 0:00:00 • 0:00:00 28.87it/s  
Predicting ━━━━━━━━━━━━━━━━━━━━━━━━━━━━━━━━━━━━━━━━ 8/8 0:00:00 • 0:00:00 27.16it/s  
Predicting ━━━━━━━━━━━━━━━━━━━━━━━━━━━━━━━━━━━━━━━━ 8/8 0:00:00 • 0:00:00 27.46it/s  
Predicting ━━━━━━━━━━━━━━━━━━━━━━━━━━━━━━━━━━━━━━━━ 8/8 0:00:00 • 0:00:00 27.20it/s  
Predicting ━━━━━━━━━━━━━━━━━━━━━━━━━━━━━━━━━━━━━━━━ 8/8 0:00:00 • 0:00:00 28.93it/s  
batch 402: size=500 time=5.62s
Predicting ━━━━━━━━━━━━━━━━━━━━━━━━━━━━━━━━━━━━━━━━ 8/8 0:00:00 • 0:00:00 26.91it/s  
Predicting ━━━━━━━━━━━━━━━━━━━━━━━━━━━━━━━━━━━━━━━━ 8/8 0:00:00 • 0:00:00 27.38it/s  
Predicting ━━━━━━━━━━━━━━━━━━━━━━━━━━━━━━━━━━━━━━━━ 8/8 0:00:00 • 0:00:00 27.77it/s  
Predicting ━━━━━━━━━━━━━━━━━━━━━━━━━━━━━━━━━━━━━━━━ 8/8 0:00:00 • 0:00:00 26.95it/s  
Predicting ━━━━━━━━━━━━━━━━━━━━━━━━━━━━━━━━━━━━━━━━ 8/8 0:00:00 • 0:00:00 27.64it/s  
Predicting ━━━━━━━━━━━━━━━━━━━━━━━━━━━━━━━━━━━━━━━━ 8/8 0:00:00 • 0:00:00 27.06it/s  
Predicting ━━━━━━━━━━━━━━━━━━━━━━━━━━━━━━━━━━━━━━━━ 8/8 0:00:00 • 0:00:00 27.27it/s  
Predicting ━━━━━━━━━━━━━━━━━━━━━━━━━━━━━━━━━━━━━━━━ 8/8 0:00:00 • 0:00:00 27.06it/s  
Predicting ━━━━━━━━━━━━━━━━━━━━━━━━━━━━━━━━━━━━━━━━ 8/8 0:00:00 • 0:00:00 27.39it/s  
Predicting ━━━━━━━━━━━━━━━━━━━━━━━━━━━━━━━━━━━━━━━━ 8/8 0:00:00 • 0:00:00 27.55it/s  
batch 403: size=500 time=5.65s
Predicting ━━━━━━━━━━━━━━━━━━━━━━━━━━━━━━━━━━━━━━━━ 8/8 0:00:00 • 0:00:00 27.14it/s  
Predicting ━━━━━━━━━━━━━━━━━━━━━━━━━━━━━━━━━━━━━━━━ 8/8 0:00:00 • 0:00:00 27.83it/s  
Predicting ━━━━━━━━━━━━━━━━━━━━━━━━━━━━━━━━━━━━━━━━ 8/8 0:00:00 • 0:00:00 27.67it/s  
Predicting ━━━━━━━━━━━━━━━━━━━━━━━━━━━━━━━━━━━━━━━━ 8/8 0:00:00 • 0:00:00 27.57it/s  
Predicting ━━━━━━━━━━━━━━━━━━━━━━━━━━━━━━━━━━━━━━━━ 8/8 0:00:00 • 0:00:00 28.36it/s  
Predicting ━━━━━━━━━━━━━━━━━━━━━━━━━━━━━━━━━━━━━━━━ 8/8 0:00:00 • 0:00:00 27.28it/s  
Predicting ━━━━━━━━━━━━━━━━━━━━━━━━━━━━━━━━━━━━━━━━ 8/8 0:00:00 • 0:00:00 27.27it/s  
Predicting ━━━━━━━━━━━━━━━━━━━━━━━━━━━━━━━━━━━━━━━━ 8/8 0:00:00 • 0:00:00 27.69it/s  
Predicting ━━━━━━━━━━━━━━━━━━━━━━━━━━━━━━━━━━━━━━━━ 8/8 0:00:00 • 0:00:00 28.32it/s  
Predicting ━━━━━━━━━━━━━━━━━━━━━━━━━━━━━━━━━━━━━━━━ 8/8 0:00:00 • 0:00:00 28.64it/s  
batch 404: size=500 time=5.61s
Predicting ━━━━━━━━━━━━━━━━━━━━━━━━━━━━━━━━━━━━━━━━ 8/8 0:00:00 • 0:00:00 26.73it/s  
Predicting ━━━━━━━━━━━━━━━━━━━━━━━━━━━━━━━━━━━━━━━━ 8/8 0:00:00 • 0:00:00 26.90it/s  
Predicting ━━━━━━━━━━━━━━━━━━━━━━━━━━━━━━━━━━━━━━━━ 8/8 0:00:00 • 0:00:00 26.69it/s  
Predicting ━━━━━━━━━━━━━━━━━━━━━━━━━━━━━━━━━━━━━━━━ 8/8 0:00:00 • 0:00:00 26.83it/s  
Predicting ━━━━━━━━━━━━━━━━━━━━━━━━━━━━━━━━━━━━━━━━ 8/8 0:00:00 • 0:00:00 27.14it/s  
Predicting ━━━━━━━━━━━━━━━━━━━━━━━━━━━━━━━━━━━━━━━━ 8/8 0:00:00 • 0:00:00 19.67it/s  
Predicting ━━━━━━━━━━━━━━━━━━━━━━━━━━━━━━━━━━━━━━━━ 8/8 0:00:00 • 0:00:00 25.41it/s  
Predicting ━━━━━━━━━━━━━━━━━━━━━━━━━━━━━━━━━━━━━━━━ 8/8 0:00:00 • 0:00:00 29.53it/s  
Predicting ━━━━━━━━━━━━━━━━━━━━━━━━━━━━━━━━━━━━━━━━ 8/8 0:00:00 • 0:00:00 29.73it/s  
Predicting ━━━━━━━━━━━━━━━━━━━━━━━━━━━━━━━━━━━━━━━━ 8/8 0:00:00 • 0:00:00 30.76it/s  
batch 405: size=500 time=5.72s
Predicting ━━━━━━━━━━━━━━━━━━━━━━━━━━━━━━━━━━━━━━━━ 8/8 0:00:00 • 0:00:00 29.67it/s  
Predicting ━━━━━━━━━━━━━━━━━━━━━━━━━━━━━━━━━━━━━━━━ 8/8 0:00:00 • 0:00:00 29.19it/s  
Predicting ━━━━━━━━━━━━━━━━━━━━━━━━━━━━━━━━━━━━━━━━ 8/8 0:00:00 • 0:00:00 32.06it/s  
Predicting ━━━━━━━━━━━━━━━━━━━━━━━━━━━━━━━━━━━━━━━━ 8/8 0:00:00 • 0:00:00 29.80it/s  
Predicting ━━━━━━━━━━━━━━━━━━━━━━━━━━━━━━━━━━━━━━━━ 8/8 0:00:00 • 0:00:00 30.95it/s  
Predicting ━━━━━━━━━━━━━━━━━━━━━━━━━━━━━━━━━━━━━━━━ 8/8 0:00:00 • 0:00:00 30.78it/s  
Predicting ━━━━━━━━━━━━━━━━━━━━━━━━━━━━━━━━━━━━━━━━ 8/8 0:00:00 • 0:00:00 31.16it/s  
Predicting ━━━━━━━━━━━━━━━━━━━━━━━━━━━━━━━━━━━━━━━━ 8/8 0:00:00 • 0:00:00 30.46it/s  
Predicting ━━━━━━━━━━━━━━━━━━━━━━━━━━━━━━━━━━━━━━━━ 8/8 0:00:00 • 0:00:00 30.69it/s  
Predicting ━━━━━━━━━━━━━━━━━━━━━━━━━━━━━━━━━━━━━━━━ 8/8 0:00:00 • 0:00:00 30.71it/s  
batch 406: size=500 time=5.31s
Predicting ━━━━━━━━━━━━━━━━━━━━━━━━━━━━━━━━━━━━━━━━ 8/8 0:00:00 • 0:00:00 29.45it/s  
Predicting ━━━━━━━━━━━━━━━━━━━━━━━━━━━━━━━━━━━━━━━━ 8/8 0:00:00 • 0:00:00 31.30it/s  
Predicting ━━━━━━━━━━━━━━━━━━━━━━━━━━━━━━━━━━━━━━━━ 8/8 0:00:00 • 0:00:00 30.78it/s  
Predicting ━━━━━━━━━━━━━━━━━━━━━━━━━━━━━━━━━━━━━━━━ 8/8 0:00:00 • 0:00:00 30.07it/s  
Predicting ━━━━━━━━━━━━━━━━━━━━━━━━━━━━━━━━━━━━━━━━ 8/8 0:00:00 • 0:00:00 30.05it/s  
Predicting ━━━━━━━━━━━━━━━━━━━━━━━━━━━━━━━━━━━━━━━━ 8/8 0:00:00 • 0:00:00 29.08it/s  
Predicting ━━━━━━━━━━━━━━━━━━━━━━━━━━━━━━━━━━━━━━━━ 8/8 0:00:00 • 0:00:00 29.89it/s  
Predicting ━━━━━━━━━━━━━━━━━━━━━━━━━━━━━━━━━━━━━━━━ 8/8 0:00:00 • 0:00:00 31.83it/s  
Predicting ━━━━━━━━━━━━━━━━━━━━━━━━━━━━━━━━━━━━━━━━ 8/8 0:00:00 • 0:00:00 30.47it/s  
Predicting ━━━━━━━━━━━━━━━━━━━━━━━━━━━━━━━━━━━━━━━━ 8/8 0:00:00 • 0:00:00 29.91it/s  
batch 407: size=500 time=5.36s
Predicting ━━━━━━━━━━━━━━━━━━━━━━━━━━━━━━━━━━━━━━━━ 8/8 0:00:00 • 0:00:00 30.17it/s  
Predicting ━━━━━━━━━━━━━━━━━━━━━━━━━━━━━━━━━━━━━━━━ 8/8 0:00:00 • 0:00:00 30.85it/s  
Predicting ━━━━━━━━━━━━━━━━━━━━━━━━━━━━━━━━━━━━━━━━ 8/8 0:00:00 • 0:00:00 29.96it/s  
Predicting ━━━━━━━━━━━━━━━━━━━━━━━━━━━━━━━━━━━━━━━━ 8/8 0:00:00 • 0:00:00 32.20it/s  
Predicting ━━━━━━━━━━━━━━━━━━━━━━━━━━━━━━━━━━━━━━━━ 8/8 0:00:00 • 0:00:00 31.09it/s  
Predicting ━━━━━━━━━━━━━━━━━━━━━━━━━━━━━━━━━━━━━━━━ 8/8 0:00:00 • 0:00:00 29.02it/s  
Predicting ━━━━━━━━━━━━━━━━━━━━━━━━━━━━━━━━━━━━━━━━ 8/8 0:00:00 • 0:00:00 31.36it/s  
Predicting ━━━━━━━━━━━━━━━━━━━━━━━━━━━━━━━━━━━━━━━━ 8/8 0:00:00 • 0:00:00 30.84it/s  
Predicting ━━━━━━━━━━━━━━━━━━━━━━━━━━━━━━━━━━━━━━━━ 8/8 0:00:00 • 0:00:00 30.63it/s  
Predicting ━━━━━━━━━━━━━━━━━━━━━━━━━━━━━━━━━━━━━━━━ 8/8 0:00:00 • 0:00:00 31.23it/s  
batch 408: size=500 time=5.37s
Predicting ━━━━━━━━━━━━━━━━━━━━━━━━━━━━━━━━━━━━━━━━ 8/8 0:00:00 • 0:00:00 19.70it/s  
Predicting ━━━━━━━━━━━━━━━━━━━━━━━━━━━━━━━━━━━━━━━━ 8/8 0:00:00 • 0:00:00 22.10it/s  
Predicting ━━━━━━━━━━━━━━━━━━━━━━━━━━━━━━━━━━━━━━━━ 8/8 0:00:00 • 0:00:00 26.63it/s  
Predicting ━━━━━━━━━━━━━━━━━━━━━━━━━━━━━━━━━━━━━━━━ 8/8 0:00:00 • 0:00:00 27.45it/s  
Predicting ━━━━━━━━━━━━━━━━━━━━━━━━━━━━━━━━━━━━━━━━ 8/8 0:00:00 • 0:00:00 27.18it/s  
Predicting ━━━━━━━━━━━━━━━━━━━━━━━━━━━━━━━━━━━━━━━━ 8/8 0:00:00 • 0:00:00 26.18it/s  
Predicting ━━━━━━━━━━━━━━━━━━━━━━━━━━━━━━━━━━━━━━━━ 8/8 0:00:00 • 0:00:00 27.34it/s  
Predicting ━━━━━━━━━━━━━━━━━━━━━━━━━━━━━━━━━━━━━━━━ 8/8 0:00:00 • 0:00:00 27.06it/s  
Predicting ━━━━━━━━━━━━━━━━━━━━━━━━━━━━━━━━━━━━━━━━ 8/8 0:00:00 • 0:00:00 27.14it/s  
Predicting ━━━━━━━━━━━━━━━━━━━━━━━━━━━━━━━━━━━━━━━━ 8/8 0:00:00 • 0:00:00 28.26it/s  
batch 409: size=500 time=5.94s
Predicting ━━━━━━━━━━━━━━━━━━━━━━━━━━━━━━━━━━━━━━━━ 8/8 0:00:00 • 0:00:00 27.00it/s  
Predicting ━━━━━━━━━━━━━━━━━━━━━━━━━━━━━━━━━━━━━━━━ 8/8 0:00:00 • 0:00:00 27.39it/s  
Predicting ━━━━━━━━━━━━━━━━━━━━━━━━━━━━━━━━━━━━━━━━ 8/8 0:00:00 • 0:00:00 27.73it/s  
Predicting ━━━━━━━━━━━━━━━━━━━━━━━━━━━━━━━━━━━━━━━━ 8/8 0:00:00 • 0:00:00 27.55it/s  
Predicting ━━━━━━━━━━━━━━━━━━━━━━━━━━━━━━━━━━━━━━━━ 8/8 0:00:00 • 0:00:00 27.85it/s  
Predicting ━━━━━━━━━━━━━━━━━━━━━━━━━━━━━━━━━━━━━━━━ 8/8 0:00:00 • 0:00:00 26.76it/s  
Predicting ━━━━━━━━━━━━━━━━━━━━━━━━━━━━━━━━━━━━━━━━ 8/8 0:00:00 • 0:00:00 27.50it/s  
Predicting ━━━━━━━━━━━━━━━━━━━━━━━━━━━━━━━━━━━━━━━━ 8/8 0:00:00 • 0:00:00 27.88it/s  
Predicting ━━━━━━━━━━━━━━━━━━━━━━━━━━━━━━━━━━━━━━━━ 8/8 0:00:00 • 0:00:00 28.54it/s  
Predicting ━━━━━━━━━━━━━━━━━━━━━━━━━━━━━━━━━━━━━━━━ 8/8 0:00:00 • 0:00:00 27.21it/s  
batch 410: size=500 time=5.65s
Predicting ━━━━━━━━━━━━━━━━━━━━━━━━━━━━━━━━━━━━━━━━ 8/8 0:00:00 • 0:00:00 26.32it/s  
Predicting ━━━━━━━━━━━━━━━━━━━━━━━━━━━━━━━━━━━━━━━━ 8/8 0:00:00 • 0:00:00 27.45it/s  
Predicting ━━━━━━━━━━━━━━━━━━━━━━━━━━━━━━━━━━━━━━━━ 8/8 0:00:00 • 0:00:00 26.77it/s  
Predicting ━━━━━━━━━━━━━━━━━━━━━━━━━━━━━━━━━━━━━━━━ 8/8 0:00:00 • 0:00:00 27.64it/s  
Predicting ━━━━━━━━━━━━━━━━━━━━━━━━━━━━━━━━━━━━━━━━ 8/8 0:00:00 • 0:00:00 26.74it/s  
Predicting ━━━━━━━━━━━━━━━━━━━━━━━━━━━━━━━━━━━━━━━━ 8/8 0:00:00 • 0:00:00 26.49it/s  
Predicting ━━━━━━━━━━━━━━━━━━━━━━━━━━━━━━━━━━━━━━━━ 8/8 0:00:00 • 0:00:00 26.84it/s  
Predicting ━━━━━━━━━━━━━━━━━━━━━━━━━━━━━━━━━━━━━━━━ 8/8 0:00:00 • 0:00:00 26.83it/s  
Predicting ━━━━━━━━━━━━━━━━━━━━━━━━━━━━━━━━━━━━━━━━ 8/8 0:00:00 • 0:00:00 28.09it/s  
Predicting ━━━━━━━━━━━━━━━━━━━━━━━━━━━━━━━━━━━━━━━━ 8/8 0:00:00 • 0:00:00 27.56it/s  
batch 411: size=500 time=5.73s
Predicting ━━━━━━━━━━━━━━━━━━━━━━━━━━━━━━━━━━━━━━━━ 8/8 0:00:00 • 0:00:00 27.46it/s  
Predicting ━━━━━━━━━━━━━━━━━━━━━━━━━━━━━━━━━━━━━━━━ 8/8 0:00:00 • 0:00:00 28.28it/s  
Predicting ━━━━━━━━━━━━━━━━━━━━━━━━━━━━━━━━━━━━━━━━ 8/8 0:00:00 • 0:00:00 26.39it/s  
Predicting ━━━━━━━━━━━━━━━━━━━━━━━━━━━━━━━━━━━━━━━━ 8/8 0:00:00 • 0:00:00 27.34it/s  
Predicting ━━━━━━━━━━━━━━━━━━━━━━━━━━━━━━━━━━━━━━━━ 8/8 0:00:00 • 0:00:00 26.75it/s  
Predicting ━━━━━━━━━━━━━━━━━━━━━━━━━━━━━━━━━━━━━━━━ 8/8 0:00:00 • 0:00:00 27.02it/s  
Predicting ━━━━━━━━━━━━━━━━━━━━━━━━━━━━━━━━━━━━━━━━ 8/8 0:00:00 • 0:00:00 26.94it/s  
Predicting ━━━━━━━━━━━━━━━━━━━━━━━━━━━━━━━━━━━━━━━━ 8/8 0:00:00 • 0:00:00 26.67it/s  
Predicting ━━━━━━━━━━━━━━━━━━━━━━━━━━━━━━━━━━━━━━━━ 8/8 0:00:00 • 0:00:00 26.95it/s  
Predicting ━━━━━━━━━━━━━━━━━━━━━━━━━━━━━━━━━━━━━━━━ 8/8 0:00:00 • 0:00:00 27.21it/s  
batch 412: size=500 time=5.66s
Predicting ━━━━━━━━━━━━━━━━━━━━━━━━━━━━━━━━━━━━━━━━ 8/8 0:00:00 • 0:00:00 27.43it/s  
Predicting ━━━━━━━━━━━━━━━━━━━━━━━━━━━━━━━━━━━━━━━━ 8/8 0:00:00 • 0:00:00 27.03it/s  
Predicting ━━━━━━━━━━━━━━━━━━━━━━━━━━━━━━━━━━━━━━━━ 8/8 0:00:00 • 0:00:00 28.67it/s  
Predicting ━━━━━━━━━━━━━━━━━━━━━━━━━━━━━━━━━━━━━━━━ 8/8 0:00:00 • 0:00:00 27.23it/s  
Predicting ━━━━━━━━━━━━━━━━━━━━━━━━━━━━━━━━━━━━━━━━ 8/8 0:00:00 • 0:00:00 27.80it/s  
Predicting ━━━━━━━━━━━━━━━━━━━━━━━━━━━━━━━━━━━━━━━━ 8/8 0:00:00 • 0:00:00 26.77it/s  
Predicting ━━━━━━━━━━━━━━━━━━━━━━━━━━━━━━━━━━━━━━━━ 8/8 0:00:00 • 0:00:00 27.17it/s  
Predicting ━━━━━━━━━━━━━━━━━━━━━━━━━━━━━━━━━━━━━━━━ 8/8 0:00:00 • 0:00:00 27.34it/s  
Predicting ━━━━━━━━━━━━━━━━━━━━━━━━━━━━━━━━━━━━━━━━ 8/8 0:00:00 • 0:00:00 28.02it/s  
Predicting ━━━━━━━━━━━━━━━━━━━━━━━━━━━━━━━━━━━━━━━━ 8/8 0:00:00 • 0:00:00 27.15it/s  
batch 413: size=500 time=5.62s
Predicting ━━━━━━━━━━━━━━━━━━━━━━━━━━━━━━━━━━━━━━━━ 8/8 0:00:00 • 0:00:00 27.48it/s  
Predicting ━━━━━━━━━━━━━━━━━━━━━━━━━━━━━━━━━━━━━━━━ 8/8 0:00:00 • 0:00:00 26.78it/s  
Predicting ━━━━━━━━━━━━━━━━━━━━━━━━━━━━━━━━━━━━━━━━ 8/8 0:00:00 • 0:00:00 26.93it/s  
Predicting ━━━━━━━━━━━━━━━━━━━━━━━━━━━━━━━━━━━━━━━━ 8/8 0:00:00 • 0:00:00 28.25it/s  
Predicting ━━━━━━━━━━━━━━━━━━━━━━━━━━━━━━━━━━━━━━━━ 8/8 0:00:00 • 0:00:00 27.28it/s  
Predicting ━━━━━━━━━━━━━━━━━━━━━━━━━━━━━━━━━━━━━━━━ 8/8 0:00:00 • 0:00:00 26.37it/s  
Predicting ━━━━━━━━━━━━━━━━━━━━━━━━━━━━━━━━━━━━━━━━ 8/8 0:00:00 • 0:00:00 27.45it/s  
Predicting ━━━━━━━━━━━━━━━━━━━━━━━━━━━━━━━━━━━━━━━━ 8/8 0:00:00 • 0:00:00 27.84it/s  
Predicting ━━━━━━━━━━━━━━━━━━━━━━━━━━━━━━━━━━━━━━━━ 8/8 0:00:00 • 0:00:00 27.62it/s  
Predicting ━━━━━━━━━━━━━━━━━━━━━━━━━━━━━━━━━━━━━━━━ 8/8 0:00:00 • 0:00:00 27.18it/s  
batch 414: size=500 time=5.68s
Predicting ━━━━━━━━━━━━━━━━━━━━━━━━━━━━━━━━━━━━━━━━ 8/8 0:00:00 • 0:00:00 24.39it/s  
Predicting ━━━━━━━━━━━━━━━━━━━━━━━━━━━━━━━━━━━━━━━━ 8/8 0:00:00 • 0:00:00 30.63it/s  
Predicting ━━━━━━━━━━━━━━━━━━━━━━━━━━━━━━━━━━━━━━━━ 8/8 0:00:00 • 0:00:00 30.81it/s  
Predicting ━━━━━━━━━━━━━━━━━━━━━━━━━━━━━━━━━━━━━━━━ 8/8 0:00:00 • 0:00:00 30.28it/s  
Predicting ━━━━━━━━━━━━━━━━━━━━━━━━━━━━━━━━━━━━━━━━ 8/8 0:00:00 • 0:00:00 30.95it/s  
Predicting ━━━━━━━━━━━━━━━━━━━━━━━━━━━━━━━━━━━━━━━━ 8/8 0:00:00 • 0:00:00 29.03it/s  
Predicting ━━━━━━━━━━━━━━━━━━━━━━━━━━━━━━━━━━━━━━━━ 8/8 0:00:00 • 0:00:00 30.21it/s  
Predicting ━━━━━━━━━━━━━━━━━━━━━━━━━━━━━━━━━━━━━━━━ 8/8 0:00:00 • 0:00:00 30.36it/s  
Predicting ━━━━━━━━━━━━━━━━━━━━━━━━━━━━━━━━━━━━━━━━ 8/8 0:00:00 • 0:00:00 30.51it/s  
Predicting ━━━━━━━━━━━━━━━━━━━━━━━━━━━━━━━━━━━━━━━━ 8/8 0:00:00 • 0:00:00 30.66it/s  
batch 415: size=500 time=5.41s
Predicting ━━━━━━━━━━━━━━━━━━━━━━━━━━━━━━━━━━━━━━━━ 8/8 0:00:00 • 0:00:00 29.62it/s  
Predicting ━━━━━━━━━━━━━━━━━━━━━━━━━━━━━━━━━━━━━━━━ 8/8 0:00:00 • 0:00:00 31.05it/s  
Predicting ━━━━━━━━━━━━━━━━━━━━━━━━━━━━━━━━━━━━━━━━ 8/8 0:00:00 • 0:00:00 30.77it/s  
Predicting ━━━━━━━━━━━━━━━━━━━━━━━━━━━━━━━━━━━━━━━━ 8/8 0:00:00 • 0:00:00 29.85it/s  
Predicting ━━━━━━━━━━━━━━━━━━━━━━━━━━━━━━━━━━━━━━━━ 8/8 0:00:00 • 0:00:00 30.17it/s  
Predicting ━━━━━━━━━━━━━━━━━━━━━━━━━━━━━━━━━━━━━━━━ 8/8 0:00:00 • 0:00:00 29.63it/s  
Predicting ━━━━━━━━━━━━━━━━━━━━━━━━━━━━━━━━━━━━━━━━ 8/8 0:00:00 • 0:00:00 30.67it/s  
Predicting ━━━━━━━━━━━━━━━━━━━━━━━━━━━━━━━━━━━━━━━━ 8/8 0:00:00 • 0:00:00 30.05it/s  
Predicting ━━━━━━━━━━━━━━━━━━━━━━━━━━━━━━━━━━━━━━━━ 8/8 0:00:00 • 0:00:00 29.69it/s  
Predicting ━━━━━━━━━━━━━━━━━━━━━━━━━━━━━━━━━━━━━━━━ 8/8 0:00:00 • 0:00:00 29.98it/s  
batch 416: size=500 time=5.38s
Predicting ━━━━━━━━━━━━━━━━━━━━━━━━━━━━━━━━━━━━━━━━ 8/8 0:00:00 • 0:00:00 28.14it/s  
Predicting ━━━━━━━━━━━━━━━━━━━━━━━━━━━━━━━━━━━━━━━━ 8/8 0:00:00 • 0:00:00 30.64it/s  
Predicting ━━━━━━━━━━━━━━━━━━━━━━━━━━━━━━━━━━━━━━━━ 8/8 0:00:00 • 0:00:00 30.80it/s  
Predicting ━━━━━━━━━━━━━━━━━━━━━━━━━━━━━━━━━━━━━━━━ 8/8 0:00:00 • 0:00:00 31.69it/s  
Predicting ━━━━━━━━━━━━━━━━━━━━━━━━━━━━━━━━━━━━━━━━ 8/8 0:00:00 • 0:00:00 30.00it/s  
Predicting ━━━━━━━━━━━━━━━━━━━━━━━━━━━━━━━━━━━━━━━━ 8/8 0:00:00 • 0:00:00 29.35it/s  
Predicting ━━━━━━━━━━━━━━━━━━━━━━━━━━━━━━━━━━━━━━━━ 8/8 0:00:00 • 0:00:00 30.99it/s  
Predicting ━━━━━━━━━━━━━━━━━━━━━━━━━━━━━━━━━━━━━━━━ 8/8 0:00:00 • 0:00:00 30.38it/s  
Predicting ━━━━━━━━━━━━━━━━━━━━━━━━━━━━━━━━━━━━━━━━ 8/8 0:00:00 • 0:00:00 31.69it/s  
Predicting ━━━━━━━━━━━━━━━━━━━━━━━━━━━━━━━━━━━━━━━━ 8/8 0:00:00 • 0:00:00 28.73it/s  
batch 417: size=500 time=5.34s
Predicting ━━━━━━━━━━━━━━━━━━━━━━━━━━━━━━━━━━━━━━━━ 8/8 0:00:00 • 0:00:00 28.69it/s  
Predicting ━━━━━━━━━━━━━━━━━━━━━━━━━━━━━━━━━━━━━━━━ 8/8 0:00:00 • 0:00:00 29.53it/s  
Predicting ━━━━━━━━━━━━━━━━━━━━━━━━━━━━━━━━━━━━━━━━ 8/8 0:00:00 • 0:00:00 31.04it/s  
Predicting ━━━━━━━━━━━━━━━━━━━━━━━━━━━━━━━━━━━━━━━━ 8/8 0:00:00 • 0:00:00 30.27it/s  
Predicting ━━━━━━━━━━━━━━━━━━━━━━━━━━━━━━━━━━━━━━━━ 8/8 0:00:00 • 0:00:00 31.06it/s  
Predicting ━━━━━━━━━━━━━━━━━━━━━━━━━━━━━━━━━━━━━━━━ 8/8 0:00:00 • 0:00:00 29.58it/s  
Predicting ━━━━━━━━━━━━━━━━━━━━━━━━━━━━━━━━━━━━━━━━ 8/8 0:00:00 • 0:00:00 30.54it/s  
Predicting ━━━━━━━━━━━━━━━━━━━━━━━━━━━━━━━━━━━━━━━━ 8/8 0:00:00 • 0:00:00 31.04it/s  
Predicting ━━━━━━━━━━━━━━━━━━━━━━━━━━━━━━━━━━━━━━━━ 8/8 0:00:00 • 0:00:00 31.19it/s  
Predicting ━━━━━━━━━━━━━━━━━━━━━━━━━━━━━━━━━━━━━━━━ 8/8 0:00:00 • 0:00:00 30.06it/s  
batch 418: size=500 time=5.37s
Predicting ━━━━━━━━━━━━━━━━━━━━━━━━━━━━━━━━━━━━━━━━ 8/8 0:00:00 • 0:00:00 27.61it/s  
Predicting ━━━━━━━━━━━━━━━━━━━━━━━━━━━━━━━━━━━━━━━━ 8/8 0:00:00 • 0:00:00 28.69it/s  
Predicting ━━━━━━━━━━━━━━━━━━━━━━━━━━━━━━━━━━━━━━━━ 8/8 0:00:00 • 0:00:00 29.11it/s  
Predicting ━━━━━━━━━━━━━━━━━━━━━━━━━━━━━━━━━━━━━━━━ 8/8 0:00:00 • 0:00:00 26.69it/s  
Predicting ━━━━━━━━━━━━━━━━━━━━━━━━━━━━━━━━━━━━━━━━ 8/8 0:00:00 • 0:00:00 28.73it/s  
Predicting ━━━━━━━━━━━━━━━━━━━━━━━━━━━━━━━━━━━━━━━━ 8/8 0:00:00 • 0:00:00 25.78it/s  
Predicting ━━━━━━━━━━━━━━━━━━━━━━━━━━━━━━━━━━━━━━━━ 8/8 0:00:00 • 0:00:00 24.65it/s  
Predicting ━━━━━━━━━━━━━━━━━━━━━━━━━━━━━━━━━━━━━━━━ 8/8 0:00:00 • 0:00:00 24.27it/s  
Predicting ━━━━━━━━━━━━━━━━━━━━━━━━━━━━━━━━━━━━━━━━ 8/8 0:00:00 • 0:00:00 26.07it/s  
Predicting ━━━━━━━━━━━━━━━━━━━━━━━━━━━━━━━━━━━━━━━━ 8/8 0:00:00 • 0:00:00 29.37it/s  
batch 419: size=500 time=5.81s
Predicting ━━━━━━━━━━━━━━━━━━━━━━━━━━━━━━━━━━━━━━━━ 8/8 0:00:00 • 0:00:00 26.61it/s  
Predicting ━━━━━━━━━━━━━━━━━━━━━━━━━━━━━━━━━━━━━━━━ 8/8 0:00:00 • 0:00:00 30.10it/s  
Predicting ━━━━━━━━━━━━━━━━━━━━━━━━━━━━━━━━━━━━━━━━ 8/8 0:00:00 • 0:00:00 27.69it/s  
Predicting ━━━━━━━━━━━━━━━━━━━━━━━━━━━━━━━━━━━━━━━━ 8/8 0:00:00 • 0:00:00 30.66it/s  
Predicting ━━━━━━━━━━━━━━━━━━━━━━━━━━━━━━━━━━━━━━━━ 8/8 0:00:00 • 0:00:00 28.33it/s  
Predicting ━━━━━━━━━━━━━━━━━━━━━━━━━━━━━━━━━━━━━━━━ 8/8 0:00:00 • 0:00:00 28.06it/s  
Predicting ━━━━━━━━━━━━━━━━━━━━━━━━━━━━━━━━━━━━━━━━ 8/8 0:00:00 • 0:00:00 27.28it/s  
Predicting ━━━━━━━━━━━━━━━━━━━━━━━━━━━━━━━━━━━━━━━━ 8/8 0:00:00 • 0:00:00 30.60it/s  
Predicting ━━━━━━━━━━━━━━━━━━━━━━━━━━━━━━━━━━━━━━━━ 8/8 0:00:00 • 0:00:00 29.43it/s  
Predicting ━━━━━━━━━━━━━━━━━━━━━━━━━━━━━━━━━━━━━━━━ 8/8 0:00:00 • 0:00:00 27.59it/s  
batch 420: size=500 time=5.63s
Predicting ━━━━━━━━━━━━━━━━━━━━━━━━━━━━━━━━━━━━━━━━ 8/8 0:00:00 • 0:00:00 28.39it/s  
Predicting ━━━━━━━━━━━━━━━━━━━━━━━━━━━━━━━━━━━━━━━━ 8/8 0:00:00 • 0:00:00 30.24it/s  
Predicting ━━━━━━━━━━━━━━━━━━━━━━━━━━━━━━━━━━━━━━━━ 8/8 0:00:00 • 0:00:00 28.02it/s  
Predicting ━━━━━━━━━━━━━━━━━━━━━━━━━━━━━━━━━━━━━━━━ 8/8 0:00:00 • 0:00:00 26.75it/s  
Predicting ━━━━━━━━━━━━━━━━━━━━━━━━━━━━━━━━━━━━━━━━ 8/8 0:00:00 • 0:00:00 30.37it/s  
Predicting ━━━━━━━━━━━━━━━━━━━━━━━━━━━━━━━━━━━━━━━━ 8/8 0:00:01 • 0:00:00 6.27it/s  
Predicting ━━━━━━━━━━━━━━━━━━━━━━━━━━━━━━━━━━━━━━━━ 8/8 0:00:00 • 0:00:00 24.26it/s  
Predicting ━━━━━━━━━━━━━━━━━━━━━━━━━━━━━━━━━━━━━━━━ 8/8 0:00:00 • 0:00:00 25.98it/s  
Predicting ━━━━━━━━━━━━━━━━━━━━━━━━━━━━━━━━━━━━━━━━ 8/8 0:00:00 • 0:00:00 26.59it/s  
Predicting ━━━━━━━━━━━━━━━━━━━━━━━━━━━━━━━━━━━━━━━━ 8/8 0:00:00 • 0:00:00 28.74it/s  
batch 421: size=500 time=6.56s
Predicting ━━━━━━━━━━━━━━━━━━━━━━━━━━━━━━━━━━━━━━━━ 8/8 0:00:00 • 0:00:00 27.03it/s  
Predicting ━━━━━━━━━━━━━━━━━━━━━━━━━━━━━━━━━━━━━━━━ 8/8 0:00:00 • 0:00:00 29.03it/s  
Predicting ━━━━━━━━━━━━━━━━━━━━━━━━━━━━━━━━━━━━━━━━ 8/8 0:00:00 • 0:00:00 25.94it/s  
Predicting ━━━━━━━━━━━━━━━━━━━━━━━━━━━━━━━━━━━━━━━━ 8/8 0:00:00 • 0:00:00 29.39it/s  
Predicting ━━━━━━━━━━━━━━━━━━━━━━━━━━━━━━━━━━━━━━━━ 8/8 0:00:00 • 0:00:00 29.55it/s  
Predicting ━━━━━━━━━━━━━━━━━━━━━━━━━━━━━━━━━━━━━━━━ 8/8 0:00:00 • 0:00:00 28.17it/s  
Predicting ━━━━━━━━━━━━━━━━━━━━━━━━━━━━━━━━━━━━━━━━ 8/8 0:00:00 • 0:00:00 29.87it/s  
Predicting ━━━━━━━━━━━━━━━━━━━━━━━━━━━━━━━━━━━━━━━━ 8/8 0:00:00 • 0:00:00 29.93it/s  
Predicting ━━━━━━━━━━━━━━━━━━━━━━━━━━━━━━━━━━━━━━━━ 8/8 0:00:00 • 0:00:00 28.46it/s  
Predicting ━━━━━━━━━━━━━━━━━━━━━━━━━━━━━━━━━━━━━━━━ 8/8 0:00:00 • 0:00:00 28.92it/s  
batch 422: size=500 time=5.53s
Predicting ━━━━━━━━━━━━━━━━━━━━━━━━━━━━━━━━━━━━━━━━ 8/8 0:00:00 • 0:00:00 27.16it/s  
Predicting ━━━━━━━━━━━━━━━━━━━━━━━━━━━━━━━━━━━━━━━━ 8/8 0:00:00 • 0:00:00 29.71it/s  
Predicting ━━━━━━━━━━━━━━━━━━━━━━━━━━━━━━━━━━━━━━━━ 8/8 0:00:00 • 0:00:00 29.73it/s  
Predicting ━━━━━━━━━━━━━━━━━━━━━━━━━━━━━━━━━━━━━━━━ 8/8 0:00:00 • 0:00:00 29.35it/s  
Predicting ━━━━━━━━━━━━━━━━━━━━━━━━━━━━━━━━━━━━━━━━ 8/8 0:00:00 • 0:00:00 29.55it/s  
Predicting ━━━━━━━━━━━━━━━━━━━━━━━━━━━━━━━━━━━━━━━━ 8/8 0:00:00 • 0:00:00 26.83it/s  
Predicting ━━━━━━━━━━━━━━━━━━━━━━━━━━━━━━━━━━━━━━━━ 8/8 0:00:00 • 0:00:00 28.25it/s  
Predicting ━━━━━━━━━━━━━━━━━━━━━━━━━━━━━━━━━━━━━━━━ 8/8 0:00:00 • 0:00:00 30.10it/s  
Predicting ━━━━━━━━━━━━━━━━━━━━━━━━━━━━━━━━━━━━━━━━ 8/8 0:00:00 • 0:00:00 30.20it/s  
Predicting ━━━━━━━━━━━━━━━━━━━━━━━━━━━━━━━━━━━━━━━━ 8/8 0:00:00 • 0:00:00 29.46it/s  
batch 423: size=500 time=5.54s
Predicting ━━━━━━━━━━━━━━━━━━━━━━━━━━━━━━━━━━━━━━━━ 8/8 0:00:00 • 0:00:00 28.43it/s  
Predicting ━━━━━━━━━━━━━━━━━━━━━━━━━━━━━━━━━━━━━━━━ 8/8 0:00:00 • 0:00:00 28.26it/s  
Predicting ━━━━━━━━━━━━━━━━━━━━━━━━━━━━━━━━━━━━━━━━ 8/8 0:00:00 • 0:00:00 29.43it/s  
Predicting ━━━━━━━━━━━━━━━━━━━━━━━━━━━━━━━━━━━━━━━━ 8/8 0:00:00 • 0:00:00 28.58it/s  
Predicting ━━━━━━━━━━━━━━━━━━━━━━━━━━━━━━━━━━━━━━━━ 8/8 0:00:00 • 0:00:00 29.85it/s  
Predicting ━━━━━━━━━━━━━━━━━━━━━━━━━━━━━━━━━━━━━━━━ 8/8 0:00:00 • 0:00:00 27.82it/s  
Predicting ━━━━━━━━━━━━━━━━━━━━━━━━━━━━━━━━━━━━━━━━ 8/8 0:00:00 • 0:00:00 29.55it/s  
Predicting ━━━━━━━━━━━━━━━━━━━━━━━━━━━━━━━━━━━━━━━━ 8/8 0:00:00 • 0:00:00 29.19it/s  
Predicting ━━━━━━━━━━━━━━━━━━━━━━━━━━━━━━━━━━━━━━━━ 8/8 0:00:00 • 0:00:00 30.10it/s  
Predicting ━━━━━━━━━━━━━━━━━━━━━━━━━━━━━━━━━━━━━━━━ 8/8 0:00:00 • 0:00:00 28.45it/s  
batch 424: size=500 time=5.54s
Predicting ━━━━━━━━━━━━━━━━━━━━━━━━━━━━━━━━━━━━━━━━ 8/8 0:00:00 • 0:00:00 19.14it/s  
Predicting ━━━━━━━━━━━━━━━━━━━━━━━━━━━━━━━━━━━━━━━━ 8/8 0:00:00 • 0:00:00 24.76it/s  
Predicting ━━━━━━━━━━━━━━━━━━━━━━━━━━━━━━━━━━━━━━━━ 8/8 0:00:00 • 0:00:00 27.49it/s  
Predicting ━━━━━━━━━━━━━━━━━━━━━━━━━━━━━━━━━━━━━━━━ 8/8 0:00:00 • 0:00:00 27.68it/s  
Predicting ━━━━━━━━━━━━━━━━━━━━━━━━━━━━━━━━━━━━━━━━ 8/8 0:00:00 • 0:00:00 26.87it/s  
Predicting ━━━━━━━━━━━━━━━━━━━━━━━━━━━━━━━━━━━━━━━━ 8/8 0:00:00 • 0:00:00 25.05it/s  
Predicting ━━━━━━━━━━━━━━━━━━━━━━━━━━━━━━━━━━━━━━━━ 8/8 0:00:00 • 0:00:00 26.28it/s  
Predicting ━━━━━━━━━━━━━━━━━━━━━━━━━━━━━━━━━━━━━━━━ 8/8 0:00:00 • 0:00:00 27.04it/s  
Predicting ━━━━━━━━━━━━━━━━━━━━━━━━━━━━━━━━━━━━━━━━ 8/8 0:00:00 • 0:00:00 26.33it/s  
Predicting ━━━━━━━━━━━━━━━━━━━━━━━━━━━━━━━━━━━━━━━━ 8/8 0:00:00 • 0:00:00 26.90it/s  
batch 425: size=500 time=5.92s
Predicting ━━━━━━━━━━━━━━━━━━━━━━━━━━━━━━━━━━━━━━━━ 8/8 0:00:00 • 0:00:00 26.10it/s  
Predicting ━━━━━━━━━━━━━━━━━━━━━━━━━━━━━━━━━━━━━━━━ 8/8 0:00:00 • 0:00:00 26.90it/s  
Predicting ━━━━━━━━━━━━━━━━━━━━━━━━━━━━━━━━━━━━━━━━ 8/8 0:00:00 • 0:00:00 26.68it/s  
Predicting ━━━━━━━━━━━━━━━━━━━━━━━━━━━━━━━━━━━━━━━━ 8/8 0:00:00 • 0:00:00 27.26it/s  
Predicting ━━━━━━━━━━━━━━━━━━━━━━━━━━━━━━━━━━━━━━━━ 8/8 0:00:00 • 0:00:00 27.14it/s  
Predicting ━━━━━━━━━━━━━━━━━━━━━━━━━━━━━━━━━━━━━━━━ 8/8 0:00:00 • 0:00:00 27.19it/s  
Predicting ━━━━━━━━━━━━━━━━━━━━━━━━━━━━━━━━━━━━━━━━ 8/8 0:00:00 • 0:00:00 26.57it/s  
Predicting ━━━━━━━━━━━━━━━━━━━━━━━━━━━━━━━━━━━━━━━━ 8/8 0:00:00 • 0:00:00 26.30it/s  
Predicting ━━━━━━━━━━━━━━━━━━━━━━━━━━━━━━━━━━━━━━━━ 8/8 0:00:00 • 0:00:00 26.47it/s  
Predicting ━━━━━━━━━━━━━━━━━━━━━━━━━━━━━━━━━━━━━━━━ 8/8 0:00:00 • 0:00:00 27.22it/s  
batch 426: size=500 time=5.71s
Predicting ━━━━━━━━━━━━━━━━━━━━━━━━━━━━━━━━━━━━━━━━ 8/8 0:00:00 • 0:00:00 26.49it/s  
Predicting ━━━━━━━━━━━━━━━━━━━━━━━━━━━━━━━━━━━━━━━━ 8/8 0:00:00 • 0:00:00 27.05it/s  
Predicting ━━━━━━━━━━━━━━━━━━━━━━━━━━━━━━━━━━━━━━━━ 8/8 0:00:00 • 0:00:00 26.82it/s  
Predicting ━━━━━━━━━━━━━━━━━━━━━━━━━━━━━━━━━━━━━━━━ 8/8 0:00:00 • 0:00:00 27.02it/s  
Predicting ━━━━━━━━━━━━━━━━━━━━━━━━━━━━━━━━━━━━━━━━ 8/8 0:00:00 • 0:00:00 27.06it/s  
Predicting ━━━━━━━━━━━━━━━━━━━━━━━━━━━━━━━━━━━━━━━━ 8/8 0:00:00 • 0:00:00 26.05it/s  
Predicting ━━━━━━━━━━━━━━━━━━━━━━━━━━━━━━━━━━━━━━━━ 8/8 0:00:00 • 0:00:00 26.90it/s  
Predicting ━━━━━━━━━━━━━━━━━━━━━━━━━━━━━━━━━━━━━━━━ 8/8 0:00:00 • 0:00:00 28.34it/s  
Predicting ━━━━━━━━━━━━━━━━━━━━━━━━━━━━━━━━━━━━━━━━ 8/8 0:00:00 • 0:00:00 27.57it/s  
Predicting ━━━━━━━━━━━━━━━━━━━━━━━━━━━━━━━━━━━━━━━━ 8/8 0:00:00 • 0:00:00 26.78it/s  
batch 427: size=500 time=5.75s
Predicting ━━━━━━━━━━━━━━━━━━━━━━━━━━━━━━━━━━━━━━━━ 8/8 0:00:00 • 0:00:00 25.89it/s  
Predicting ━━━━━━━━━━━━━━━━━━━━━━━━━━━━━━━━━━━━━━━━ 8/8 0:00:00 • 0:00:00 27.16it/s  
Predicting ━━━━━━━━━━━━━━━━━━━━━━━━━━━━━━━━━━━━━━━━ 8/8 0:00:00 • 0:00:00 26.71it/s  
Predicting ━━━━━━━━━━━━━━━━━━━━━━━━━━━━━━━━━━━━━━━━ 8/8 0:00:00 • 0:00:00 26.54it/s  
Predicting ━━━━━━━━━━━━━━━━━━━━━━━━━━━━━━━━━━━━━━━━ 8/8 0:00:00 • 0:00:00 27.15it/s  
Predicting ━━━━━━━━━━━━━━━━━━━━━━━━━━━━━━━━━━━━━━━━ 8/8 0:00:00 • 0:00:00 26.80it/s  
Predicting ━━━━━━━━━━━━━━━━━━━━━━━━━━━━━━━━━━━━━━━━ 8/8 0:00:00 • 0:00:00 26.73it/s  
Predicting ━━━━━━━━━━━━━━━━━━━━━━━━━━━━━━━━━━━━━━━━ 8/8 0:00:00 • 0:00:00 26.78it/s  
Predicting ━━━━━━━━━━━━━━━━━━━━━━━━━━━━━━━━━━━━━━━━ 8/8 0:00:00 • 0:00:00 27.87it/s  
Predicting ━━━━━━━━━━━━━━━━━━━━━━━━━━━━━━━━━━━━━━━━ 8/8 0:00:00 • 0:00:00 27.39it/s  
batch 428: size=500 time=5.72s
Predicting ━━━━━━━━━━━━━━━━━━━━━━━━━━━━━━━━━━━━━━━━ 8/8 0:00:00 • 0:00:00 19.08it/s  
Predicting ━━━━━━━━━━━━━━━━━━━━━━━━━━━━━━━━━━━━━━━━ 8/8 0:00:00 • 0:00:00 19.62it/s  
Predicting ━━━━━━━━━━━━━━━━━━━━━━━━━━━━━━━━━━━━━━━━ 8/8 0:00:00 • 0:00:00 19.66it/s  
Predicting ━━━━━━━━━━━━━━━━━━━━━━━━━━━━━━━━━━━━━━━━ 8/8 0:00:00 • 0:00:00 19.61it/s  
Predicting ━━━━━━━━━━━━━━━━━━━━━━━━━━━━━━━━━━━━━━━━ 8/8 0:00:00 • 0:00:00 24.34it/s  
Predicting ━━━━━━━━━━━━━━━━━━━━━━━━━━━━━━━━━━━━━━━━ 8/8 0:00:00 • 0:00:00 27.68it/s  
Predicting ━━━━━━━━━━━━━━━━━━━━━━━━━━━━━━━━━━━━━━━━ 8/8 0:00:00 • 0:00:00 29.62it/s  
Predicting ━━━━━━━━━━━━━━━━━━━━━━━━━━━━━━━━━━━━━━━━ 8/8 0:00:00 • 0:00:00 29.42it/s  
Predicting ━━━━━━━━━━━━━━━━━━━━━━━━━━━━━━━━━━━━━━━━ 8/8 0:00:00 • 0:00:00 30.28it/s  
Predicting ━━━━━━━━━━━━━━━━━━━━━━━━━━━━━━━━━━━━━━━━ 8/8 0:00:00 • 0:00:00 30.41it/s  
batch 429: size=500 time=6.18s
Predicting ━━━━━━━━━━━━━━━━━━━━━━━━━━━━━━━━━━━━━━━━ 8/8 0:00:00 • 0:00:00 26.20it/s  
Predicting ━━━━━━━━━━━━━━━━━━━━━━━━━━━━━━━━━━━━━━━━ 8/8 0:00:00 • 0:00:00 26.94it/s  
Predicting ━━━━━━━━━━━━━━━━━━━━━━━━━━━━━━━━━━━━━━━━ 8/8 0:00:00 • 0:00:00 26.79it/s  
Predicting ━━━━━━━━━━━━━━━━━━━━━━━━━━━━━━━━━━━━━━━━ 8/8 0:00:00 • 0:00:00 26.42it/s  
Predicting ━━━━━━━━━━━━━━━━━━━━━━━━━━━━━━━━━━━━━━━━ 8/8 0:00:00 • 0:00:00 29.51it/s  
Predicting ━━━━━━━━━━━━━━━━━━━━━━━━━━━━━━━━━━━━━━━━ 8/8 0:00:00 • 0:00:00 25.83it/s  
Predicting ━━━━━━━━━━━━━━━━━━━━━━━━━━━━━━━━━━━━━━━━ 8/8 0:00:00 • 0:00:00 27.21it/s  
Predicting ━━━━━━━━━━━━━━━━━━━━━━━━━━━━━━━━━━━━━━━━ 8/8 0:00:00 • 0:00:00 26.43it/s  
Predicting ━━━━━━━━━━━━━━━━━━━━━━━━━━━━━━━━━━━━━━━━ 8/8 0:00:00 • 0:00:00 26.22it/s  
Predicting ━━━━━━━━━━━━━━━━━━━━━━━━━━━━━━━━━━━━━━━━ 8/8 0:00:00 • 0:00:00 27.06it/s  
batch 430: size=500 time=5.83s
Predicting ━━━━━━━━━━━━━━━━━━━━━━━━━━━━━━━━━━━━━━━━ 8/8 0:00:00 • 0:00:00 25.79it/s  
Predicting ━━━━━━━━━━━━━━━━━━━━━━━━━━━━━━━━━━━━━━━━ 8/8 0:00:00 • 0:00:00 26.86it/s  
Predicting ━━━━━━━━━━━━━━━━━━━━━━━━━━━━━━━━━━━━━━━━ 8/8 0:00:00 • 0:00:00 26.53it/s  
Predicting ━━━━━━━━━━━━━━━━━━━━━━━━━━━━━━━━━━━━━━━━ 8/8 0:00:00 • 0:00:00 26.74it/s  
Predicting ━━━━━━━━━━━━━━━━━━━━━━━━━━━━━━━━━━━━━━━━ 8/8 0:00:00 • 0:00:00 26.97it/s  
Predicting ━━━━━━━━━━━━━━━━━━━━━━━━━━━━━━━━━━━━━━━━ 8/8 0:00:00 • 0:00:00 19.02it/s  
Predicting ━━━━━━━━━━━━━━━━━━━━━━━━━━━━━━━━━━━━━━━━ 8/8 0:00:00 • 0:00:00 19.46it/s  
Predicting ━━━━━━━━━━━━━━━━━━━━━━━━━━━━━━━━━━━━━━━━ 8/8 0:00:00 • 0:00:00 19.40it/s  
Predicting ━━━━━━━━━━━━━━━━━━━━━━━━━━━━━━━━━━━━━━━━ 8/8 0:00:00 • 0:00:00 19.42it/s  
Predicting ━━━━━━━━━━━━━━━━━━━━━━━━━━━━━━━━━━━━━━━━ 8/8 0:00:00 • 0:00:00 19.49it/s  
batch 431: size=500 time=6.44s
Predicting ━━━━━━━━━━━━━━━━━━━━━━━━━━━━━━━━━━━━━━━━ 8/8 0:00:00 • 0:00:00 28.53it/s  
Predicting ━━━━━━━━━━━━━━━━━━━━━━━━━━━━━━━━━━━━━━━━ 8/8 0:00:00 • 0:00:00 29.33it/s  
Predicting ━━━━━━━━━━━━━━━━━━━━━━━━━━━━━━━━━━━━━━━━ 8/8 0:00:00 • 0:00:00 29.94it/s  
Predicting ━━━━━━━━━━━━━━━━━━━━━━━━━━━━━━━━━━━━━━━━ 8/8 0:00:00 • 0:00:00 28.72it/s  
Predicting ━━━━━━━━━━━━━━━━━━━━━━━━━━━━━━━━━━━━━━━━ 8/8 0:00:00 • 0:00:00 29.07it/s  
Predicting ━━━━━━━━━━━━━━━━━━━━━━━━━━━━━━━━━━━━━━━━ 8/8 0:00:00 • 0:00:00 28.40it/s  
Predicting ━━━━━━━━━━━━━━━━━━━━━━━━━━━━━━━━━━━━━━━━ 8/8 0:00:00 • 0:00:00 29.74it/s  
Predicting ━━━━━━━━━━━━━━━━━━━━━━━━━━━━━━━━━━━━━━━━ 8/8 0:00:00 • 0:00:00 28.60it/s  
Predicting ━━━━━━━━━━━━━━━━━━━━━━━━━━━━━━━━━━━━━━━━ 8/8 0:00:00 • 0:00:00 29.49it/s  
Predicting ━━━━━━━━━━━━━━━━━━━━━━━━━━━━━━━━━━━━━━━━ 8/8 0:00:00 • 0:00:00 28.66it/s  
batch 432: size=500 time=5.50s
Predicting ━━━━━━━━━━━━━━━━━━━━━━━━━━━━━━━━━━━━━━━━ 8/8 0:00:00 • 0:00:00 27.74it/s  
Predicting ━━━━━━━━━━━━━━━━━━━━━━━━━━━━━━━━━━━━━━━━ 8/8 0:00:00 • 0:00:00 28.10it/s  
Predicting ━━━━━━━━━━━━━━━━━━━━━━━━━━━━━━━━━━━━━━━━ 8/8 0:00:00 • 0:00:00 29.66it/s  
Predicting ━━━━━━━━━━━━━━━━━━━━━━━━━━━━━━━━━━━━━━━━ 8/8 0:00:00 • 0:00:00 28.50it/s  
Predicting ━━━━━━━━━━━━━━━━━━━━━━━━━━━━━━━━━━━━━━━━ 8/8 0:00:00 • 0:00:00 29.91it/s  
Predicting ━━━━━━━━━━━━━━━━━━━━━━━━━━━━━━━━━━━━━━━━ 8/8 0:00:00 • 0:00:00 28.58it/s  
Predicting ━━━━━━━━━━━━━━━━━━━━━━━━━━━━━━━━━━━━━━━━ 8/8 0:00:00 • 0:00:00 28.53it/s  
Predicting ━━━━━━━━━━━━━━━━━━━━━━━━━━━━━━━━━━━━━━━━ 8/8 0:00:00 • 0:00:00 28.88it/s  
Predicting ━━━━━━━━━━━━━━━━━━━━━━━━━━━━━━━━━━━━━━━━ 8/8 0:00:00 • 0:00:00 29.70it/s  
Predicting ━━━━━━━━━━━━━━━━━━━━━━━━━━━━━━━━━━━━━━━━ 8/8 0:00:00 • 0:00:00 30.11it/s  
batch 433: size=500 time=5.54s
Predicting ━━━━━━━━━━━━━━━━━━━━━━━━━━━━━━━━━━━━━━━━ 8/8 0:00:00 • 0:00:00 28.46it/s  
Predicting ━━━━━━━━━━━━━━━━━━━━━━━━━━━━━━━━━━━━━━━━ 8/8 0:00:00 • 0:00:00 28.50it/s  
Predicting ━━━━━━━━━━━━━━━━━━━━━━━━━━━━━━━━━━━━━━━━ 8/8 0:00:00 • 0:00:00 29.87it/s  
Predicting ━━━━━━━━━━━━━━━━━━━━━━━━━━━━━━━━━━━━━━━━ 8/8 0:00:00 • 0:00:00 29.66it/s  
Predicting ━━━━━━━━━━━━━━━━━━━━━━━━━━━━━━━━━━━━━━━━ 8/8 0:00:00 • 0:00:00 29.82it/s  
Predicting ━━━━━━━━━━━━━━━━━━━━━━━━━━━━━━━━━━━━━━━━ 8/8 0:00:00 • 0:00:00 28.53it/s  
Predicting ━━━━━━━━━━━━━━━━━━━━━━━━━━━━━━━━━━━━━━━━ 8/8 0:00:00 • 0:00:00 29.55it/s  
Predicting ━━━━━━━━━━━━━━━━━━━━━━━━━━━━━━━━━━━━━━━━ 8/8 0:00:00 • 0:00:00 28.86it/s  
Predicting ━━━━━━━━━━━━━━━━━━━━━━━━━━━━━━━━━━━━━━━━ 8/8 0:00:00 • 0:00:00 29.94it/s  
Predicting ━━━━━━━━━━━━━━━━━━━━━━━━━━━━━━━━━━━━━━━━ 8/8 0:00:00 • 0:00:00 30.57it/s  
batch 434: size=500 time=5.46s
Predicting ━━━━━━━━━━━━━━━━━━━━━━━━━━━━━━━━━━━━━━━━ 8/8 0:00:00 • 0:00:00 28.59it/s  
Predicting ━━━━━━━━━━━━━━━━━━━━━━━━━━━━━━━━━━━━━━━━ 8/8 0:00:00 • 0:00:00 24.06it/s  
Predicting ━━━━━━━━━━━━━━━━━━━━━━━━━━━━━━━━━━━━━━━━ 8/8 0:00:00 • 0:00:00 20.15it/s  
Predicting ━━━━━━━━━━━━━━━━━━━━━━━━━━━━━━━━━━━━━━━━ 8/8 0:00:00 • 0:00:00 27.20it/s  
Predicting ━━━━━━━━━━━━━━━━━━━━━━━━━━━━━━━━━━━━━━━━ 8/8 0:00:00 • 0:00:00 26.50it/s  
Predicting ━━━━━━━━━━━━━━━━━━━━━━━━━━━━━━━━━━━━━━━━ 8/8 0:00:00 • 0:00:00 26.06it/s  
Predicting ━━━━━━━━━━━━━━━━━━━━━━━━━━━━━━━━━━━━━━━━ 8/8 0:00:00 • 0:00:00 26.36it/s  
Predicting ━━━━━━━━━━━━━━━━━━━━━━━━━━━━━━━━━━━━━━━━ 8/8 0:00:00 • 0:00:00 26.48it/s  
Predicting ━━━━━━━━━━━━━━━━━━━━━━━━━━━━━━━━━━━━━━━━ 8/8 0:00:00 • 0:00:00 26.53it/s  
Predicting ━━━━━━━━━━━━━━━━━━━━━━━━━━━━━━━━━━━━━━━━ 8/8 0:00:00 • 0:00:00 27.03it/s  
batch 435: size=500 time=5.96s
Predicting ━━━━━━━━━━━━━━━━━━━━━━━━━━━━━━━━━━━━━━━━ 8/8 0:00:00 • 0:00:00 25.67it/s  
Predicting ━━━━━━━━━━━━━━━━━━━━━━━━━━━━━━━━━━━━━━━━ 8/8 0:00:00 • 0:00:00 26.67it/s  
Predicting ━━━━━━━━━━━━━━━━━━━━━━━━━━━━━━━━━━━━━━━━ 8/8 0:00:00 • 0:00:00 27.54it/s  
Predicting ━━━━━━━━━━━━━━━━━━━━━━━━━━━━━━━━━━━━━━━━ 8/8 0:00:00 • 0:00:00 26.32it/s  
Predicting ━━━━━━━━━━━━━━━━━━━━━━━━━━━━━━━━━━━━━━━━ 8/8 0:00:00 • 0:00:00 27.12it/s  
Predicting ━━━━━━━━━━━━━━━━━━━━━━━━━━━━━━━━━━━━━━━━ 8/8 0:00:00 • 0:00:00 25.99it/s  
Predicting ━━━━━━━━━━━━━━━━━━━━━━━━━━━━━━━━━━━━━━━━ 8/8 0:00:00 • 0:00:00 26.86it/s  
Predicting ━━━━━━━━━━━━━━━━━━━━━━━━━━━━━━━━━━━━━━━━ 8/8 0:00:00 • 0:00:00 26.46it/s  
Predicting ━━━━━━━━━━━━━━━━━━━━━━━━━━━━━━━━━━━━━━━━ 8/8 0:00:00 • 0:00:00 26.34it/s  
Predicting ━━━━━━━━━━━━━━━━━━━━━━━━━━━━━━━━━━━━━━━━ 8/8 0:00:00 • 0:00:00 26.42it/s  
batch 436: size=500 time=5.76s
Predicting ━━━━━━━━━━━━━━━━━━━━━━━━━━━━━━━━━━━━━━━━ 8/8 0:00:00 • 0:00:00 26.30it/s  
Predicting ━━━━━━━━━━━━━━━━━━━━━━━━━━━━━━━━━━━━━━━━ 8/8 0:00:00 • 0:00:00 27.37it/s  
Predicting ━━━━━━━━━━━━━━━━━━━━━━━━━━━━━━━━━━━━━━━━ 8/8 0:00:00 • 0:00:00 27.32it/s  
Predicting ━━━━━━━━━━━━━━━━━━━━━━━━━━━━━━━━━━━━━━━━ 8/8 0:00:00 • 0:00:00 26.79it/s  
Predicting ━━━━━━━━━━━━━━━━━━━━━━━━━━━━━━━━━━━━━━━━ 8/8 0:00:00 • 0:00:00 27.23it/s  
Predicting ━━━━━━━━━━━━━━━━━━━━━━━━━━━━━━━━━━━━━━━━ 8/8 0:00:00 • 0:00:00 26.42it/s  
Predicting ━━━━━━━━━━━━━━━━━━━━━━━━━━━━━━━━━━━━━━━━ 8/8 0:00:00 • 0:00:00 27.53it/s  
Predicting ━━━━━━━━━━━━━━━━━━━━━━━━━━━━━━━━━━━━━━━━ 8/8 0:00:00 • 0:00:00 26.55it/s  
Predicting ━━━━━━━━━━━━━━━━━━━━━━━━━━━━━━━━━━━━━━━━ 8/8 0:00:00 • 0:00:00 27.54it/s  
Predicting ━━━━━━━━━━━━━━━━━━━━━━━━━━━━━━━━━━━━━━━━ 8/8 0:00:00 • 0:00:00 26.66it/s  
batch 437: size=500 time=5.73s
Predicting ━━━━━━━━━━━━━━━━━━━━━━━━━━━━━━━━━━━━━━━━ 8/8 0:00:00 • 0:00:00 26.60it/s  
Predicting ━━━━━━━━━━━━━━━━━━━━━━━━━━━━━━━━━━━━━━━━ 8/8 0:00:00 • 0:00:00 26.51it/s  
Predicting ━━━━━━━━━━━━━━━━━━━━━━━━━━━━━━━━━━━━━━━━ 8/8 0:00:00 • 0:00:00 27.10it/s  
Predicting ━━━━━━━━━━━━━━━━━━━━━━━━━━━━━━━━━━━━━━━━ 8/8 0:00:00 • 0:00:00 27.20it/s  
Predicting ━━━━━━━━━━━━━━━━━━━━━━━━━━━━━━━━━━━━━━━━ 8/8 0:00:00 • 0:00:00 26.81it/s  
Predicting ━━━━━━━━━━━━━━━━━━━━━━━━━━━━━━━━━━━━━━━━ 8/8 0:00:00 • 0:00:00 26.20it/s  
Predicting ━━━━━━━━━━━━━━━━━━━━━━━━━━━━━━━━━━━━━━━━ 8/8 0:00:00 • 0:00:00 27.01it/s  
Predicting ━━━━━━━━━━━━━━━━━━━━━━━━━━━━━━━━━━━━━━━━ 8/8 0:00:00 • 0:00:00 27.23it/s  
Predicting ━━━━━━━━━━━━━━━━━━━━━━━━━━━━━━━━━━━━━━━━ 8/8 0:00:00 • 0:00:00 27.00it/s  
Predicting ━━━━━━━━━━━━━━━━━━━━━━━━━━━━━━━━━━━━━━━━ 8/8 0:00:00 • 0:00:00 27.46it/s  
batch 438: size=500 time=5.69s
Predicting ━━━━━━━━━━━━━━━━━━━━━━━━━━━━━━━━━━━━━━━━ 8/8 0:00:00 • 0:00:00 26.86it/s  
Predicting ━━━━━━━━━━━━━━━━━━━━━━━━━━━━━━━━━━━━━━━━ 8/8 0:00:00 • 0:00:00 27.51it/s  
Predicting ━━━━━━━━━━━━━━━━━━━━━━━━━━━━━━━━━━━━━━━━ 8/8 0:00:00 • 0:00:00 26.63it/s  
Predicting ━━━━━━━━━━━━━━━━━━━━━━━━━━━━━━━━━━━━━━━━ 8/8 0:00:00 • 0:00:00 27.74it/s  
Predicting ━━━━━━━━━━━━━━━━━━━━━━━━━━━━━━━━━━━━━━━━ 8/8 0:00:00 • 0:00:00 27.22it/s  
Predicting ━━━━━━━━━━━━━━━━━━━━━━━━━━━━━━━━━━━━━━━━ 8/8 0:00:00 • 0:00:00 27.20it/s  
Predicting ━━━━━━━━━━━━━━━━━━━━━━━━━━━━━━━━━━━━━━━━ 8/8 0:00:00 • 0:00:00 27.18it/s  
Predicting ━━━━━━━━━━━━━━━━━━━━━━━━━━━━━━━━━━━━━━━━ 8/8 0:00:00 • 0:00:00 27.78it/s  
Predicting ━━━━━━━━━━━━━━━━━━━━━━━━━━━━━━━━━━━━━━━━ 8/8 0:00:00 • 0:00:00 27.84it/s  
Predicting ━━━━━━━━━━━━━━━━━━━━━━━━━━━━━━━━━━━━━━━━ 8/8 0:00:00 • 0:00:00 27.75it/s  
batch 439: size=500 time=5.72s
Predicting ━━━━━━━━━━━━━━━━━━━━━━━━━━━━━━━━━━━━━━━━ 8/8 0:00:00 • 0:00:00 26.50it/s  
Predicting ━━━━━━━━━━━━━━━━━━━━━━━━━━━━━━━━━━━━━━━━ 8/8 0:00:00 • 0:00:00 24.94it/s  
Predicting ━━━━━━━━━━━━━━━━━━━━━━━━━━━━━━━━━━━━━━━━ 8/8 0:00:00 • 0:00:00 27.22it/s  
Predicting ━━━━━━━━━━━━━━━━━━━━━━━━━━━━━━━━━━━━━━━━ 8/8 0:00:00 • 0:00:00 19.86it/s  
Predicting ━━━━━━━━━━━━━━━━━━━━━━━━━━━━━━━━━━━━━━━━ 8/8 0:00:00 • 0:00:00 24.92it/s  
Predicting ━━━━━━━━━━━━━━━━━━━━━━━━━━━━━━━━━━━━━━━━ 8/8 0:00:00 • 0:00:00 29.47it/s  
Predicting ━━━━━━━━━━━━━━━━━━━━━━━━━━━━━━━━━━━━━━━━ 8/8 0:00:00 • 0:00:00 29.22it/s  
Predicting ━━━━━━━━━━━━━━━━━━━━━━━━━━━━━━━━━━━━━━━━ 8/8 0:00:00 • 0:00:00 29.51it/s  
Predicting ━━━━━━━━━━━━━━━━━━━━━━━━━━━━━━━━━━━━━━━━ 8/8 0:00:00 • 0:00:00 30.36it/s  
Predicting ━━━━━━━━━━━━━━━━━━━━━━━━━━━━━━━━━━━━━━━━ 8/8 0:00:00 • 0:00:00 30.23it/s  
batch 440: size=500 time=5.66s
Predicting ━━━━━━━━━━━━━━━━━━━━━━━━━━━━━━━━━━━━━━━━ 8/8 0:00:00 • 0:00:00 29.35it/s  
Predicting ━━━━━━━━━━━━━━━━━━━━━━━━━━━━━━━━━━━━━━━━ 8/8 0:00:00 • 0:00:00 28.83it/s  
Predicting ━━━━━━━━━━━━━━━━━━━━━━━━━━━━━━━━━━━━━━━━ 8/8 0:00:00 • 0:00:00 28.87it/s  
Predicting ━━━━━━━━━━━━━━━━━━━━━━━━━━━━━━━━━━━━━━━━ 8/8 0:00:00 • 0:00:00 30.19it/s  
Predicting ━━━━━━━━━━━━━━━━━━━━━━━━━━━━━━━━━━━━━━━━ 8/8 0:00:00 • 0:00:00 29.73it/s  
Predicting ━━━━━━━━━━━━━━━━━━━━━━━━━━━━━━━━━━━━━━━━ 8/8 0:00:00 • 0:00:00 29.38it/s  
Predicting ━━━━━━━━━━━━━━━━━━━━━━━━━━━━━━━━━━━━━━━━ 8/8 0:00:00 • 0:00:00 30.30it/s  
Predicting ━━━━━━━━━━━━━━━━━━━━━━━━━━━━━━━━━━━━━━━━ 8/8 0:00:00 • 0:00:00 29.04it/s  
Predicting ━━━━━━━━━━━━━━━━━━━━━━━━━━━━━━━━━━━━━━━━ 8/8 0:00:00 • 0:00:00 29.37it/s  
Predicting ━━━━━━━━━━━━━━━━━━━━━━━━━━━━━━━━━━━━━━━━ 8/8 0:00:00 • 0:00:00 29.29it/s  
batch 441: size=500 time=5.47s
Predicting ━━━━━━━━━━━━━━━━━━━━━━━━━━━━━━━━━━━━━━━━ 8/8 0:00:00 • 0:00:00 29.55it/s  
Predicting ━━━━━━━━━━━━━━━━━━━━━━━━━━━━━━━━━━━━━━━━ 8/8 0:00:00 • 0:00:00 29.31it/s  
Predicting ━━━━━━━━━━━━━━━━━━━━━━━━━━━━━━━━━━━━━━━━ 8/8 0:00:00 • 0:00:00 29.63it/s  
Predicting ━━━━━━━━━━━━━━━━━━━━━━━━━━━━━━━━━━━━━━━━ 8/8 0:00:00 • 0:00:00 29.54it/s  
Predicting ━━━━━━━━━━━━━━━━━━━━━━━━━━━━━━━━━━━━━━━━ 8/8 0:00:00 • 0:00:00 30.05it/s  
Predicting ━━━━━━━━━━━━━━━━━━━━━━━━━━━━━━━━━━━━━━━━ 8/8 0:00:00 • 0:00:00 29.44it/s  
Predicting ━━━━━━━━━━━━━━━━━━━━━━━━━━━━━━━━━━━━━━━━ 8/8 0:00:00 • 0:00:00 26.98it/s  
Predicting ━━━━━━━━━━━━━━━━━━━━━━━━━━━━━━━━━━━━━━━━ 8/8 0:00:00 • 0:00:00 21.99it/s  
Predicting ━━━━━━━━━━━━━━━━━━━━━━━━━━━━━━━━━━━━━━━━ 8/8 0:00:00 • 0:00:00 26.97it/s  
Predicting ━━━━━━━━━━━━━━━━━━━━━━━━━━━━━━━━━━━━━━━━ 8/8 0:00:00 • 0:00:00 27.26it/s  
batch 442: size=500 time=5.64s
Predicting ━━━━━━━━━━━━━━━━━━━━━━━━━━━━━━━━━━━━━━━━ 8/8 0:00:00 • 0:00:00 28.65it/s  
Predicting ━━━━━━━━━━━━━━━━━━━━━━━━━━━━━━━━━━━━━━━━ 8/8 0:00:00 • 0:00:00 28.87it/s  
Predicting ━━━━━━━━━━━━━━━━━━━━━━━━━━━━━━━━━━━━━━━━ 8/8 0:00:00 • 0:00:00 30.23it/s  
Predicting ━━━━━━━━━━━━━━━━━━━━━━━━━━━━━━━━━━━━━━━━ 8/8 0:00:00 • 0:00:00 30.26it/s  
Predicting ━━━━━━━━━━━━━━━━━━━━━━━━━━━━━━━━━━━━━━━━ 8/8 0:00:00 • 0:00:00 29.10it/s  
Predicting ━━━━━━━━━━━━━━━━━━━━━━━━━━━━━━━━━━━━━━━━ 8/8 0:00:00 • 0:00:00 28.05it/s  
Predicting ━━━━━━━━━━━━━━━━━━━━━━━━━━━━━━━━━━━━━━━━ 8/8 0:00:00 • 0:00:00 30.80it/s  
Predicting ━━━━━━━━━━━━━━━━━━━━━━━━━━━━━━━━━━━━━━━━ 8/8 0:00:00 • 0:00:00 29.47it/s  
Predicting ━━━━━━━━━━━━━━━━━━━━━━━━━━━━━━━━━━━━━━━━ 8/8 0:00:00 • 0:00:00 29.77it/s  
Predicting ━━━━━━━━━━━━━━━━━━━━━━━━━━━━━━━━━━━━━━━━ 8/8 0:00:00 • 0:00:00 30.37it/s  
batch 443: size=500 time=5.45s
Predicting ━━━━━━━━━━━━━━━━━━━━━━━━━━━━━━━━━━━━━━━━ 8/8 0:00:00 • 0:00:00 28.16it/s  
Predicting ━━━━━━━━━━━━━━━━━━━━━━━━━━━━━━━━━━━━━━━━ 8/8 0:00:00 • 0:00:00 29.36it/s  
Predicting ━━━━━━━━━━━━━━━━━━━━━━━━━━━━━━━━━━━━━━━━ 8/8 0:00:00 • 0:00:00 30.15it/s  
Predicting ━━━━━━━━━━━━━━━━━━━━━━━━━━━━━━━━━━━━━━━━ 8/8 0:00:00 • 0:00:00 29.11it/s  
Predicting ━━━━━━━━━━━━━━━━━━━━━━━━━━━━━━━━━━━━━━━━ 8/8 0:00:00 • 0:00:00 29.50it/s  
Predicting ━━━━━━━━━━━━━━━━━━━━━━━━━━━━━━━━━━━━━━━━ 8/8 0:00:00 • 0:00:00 27.21it/s  
Predicting ━━━━━━━━━━━━━━━━━━━━━━━━━━━━━━━━━━━━━━━━ 8/8 0:00:00 • 0:00:00 29.88it/s  
Predicting ━━━━━━━━━━━━━━━━━━━━━━━━━━━━━━━━━━━━━━━━ 8/8 0:00:00 • 0:00:00 29.43it/s  
Predicting ━━━━━━━━━━━━━━━━━━━━━━━━━━━━━━━━━━━━━━━━ 8/8 0:00:00 • 0:00:00 30.27it/s  
Predicting ━━━━━━━━━━━━━━━━━━━━━━━━━━━━━━━━━━━━━━━━ 8/8 0:00:00 • 0:00:00 29.06it/s  
batch 444: size=500 time=5.45s
Predicting ━━━━━━━━━━━━━━━━━━━━━━━━━━━━━━━━━━━━━━━━ 8/8 0:00:00 • 0:00:00 29.24it/s  
Predicting ━━━━━━━━━━━━━━━━━━━━━━━━━━━━━━━━━━━━━━━━ 8/8 0:00:00 • 0:00:00 29.14it/s  
Predicting ━━━━━━━━━━━━━━━━━━━━━━━━━━━━━━━━━━━━━━━━ 8/8 0:00:00 • 0:00:00 29.58it/s  
Predicting ━━━━━━━━━━━━━━━━━━━━━━━━━━━━━━━━━━━━━━━━ 8/8 0:00:00 • 0:00:00 29.89it/s  
Predicting ━━━━━━━━━━━━━━━━━━━━━━━━━━━━━━━━━━━━━━━━ 8/8 0:00:00 • 0:00:00 30.12it/s  
Predicting ━━━━━━━━━━━━━━━━━━━━━━━━━━━━━━━━━━━━━━━━ 8/8 0:00:00 • 0:00:00 28.44it/s  
Predicting ━━━━━━━━━━━━━━━━━━━━━━━━━━━━━━━━━━━━━━━━ 8/8 0:00:00 • 0:00:00 30.30it/s  
Predicting ━━━━━━━━━━━━━━━━━━━━━━━━━━━━━━━━━━━━━━━━ 8/8 0:00:00 • 0:00:00 29.92it/s  
Predicting ━━━━━━━━━━━━━━━━━━━━━━━━━━━━━━━━━━━━━━━━ 8/8 0:00:00 • 0:00:00 29.63it/s  
Predicting ━━━━━━━━━━━━━━━━━━━━━━━━━━━━━━━━━━━━━━━━ 8/8 0:00:00 • 0:00:00 29.24it/s  
batch 445: size=500 time=5.47s
Predicting ━━━━━━━━━━━━━━━━━━━━━━━━━━━━━━━━━━━━━━━━ 8/8 0:00:00 • 0:00:00 28.36it/s  
Predicting ━━━━━━━━━━━━━━━━━━━━━━━━━━━━━━━━━━━━━━━━ 8/8 0:00:00 • 0:00:00 29.90it/s  
Predicting ━━━━━━━━━━━━━━━━━━━━━━━━━━━━━━━━━━━━━━━━ 8/8 0:00:00 • 0:00:00 29.81it/s  
Predicting ━━━━━━━━━━━━━━━━━━━━━━━━━━━━━━━━━━━━━━━━ 8/8 0:00:00 • 0:00:00 29.49it/s  
Predicting ━━━━━━━━━━━━━━━━━━━━━━━━━━━━━━━━━━━━━━━━ 8/8 0:00:00 • 0:00:00 29.99it/s  
Predicting ━━━━━━━━━━━━━━━━━━━━━━━━━━━━━━━━━━━━━━━━ 8/8 0:00:00 • 0:00:00 27.78it/s  
Predicting ━━━━━━━━━━━━━━━━━━━━━━━━━━━━━━━━━━━━━━━━ 8/8 0:00:00 • 0:00:00 29.08it/s  
Predicting ━━━━━━━━━━━━━━━━━━━━━━━━━━━━━━━━━━━━━━━━ 8/8 0:00:00 • 0:00:00 30.52it/s  
Predicting ━━━━━━━━━━━━━━━━━━━━━━━━━━━━━━━━━━━━━━━━ 8/8 0:00:00 • 0:00:00 30.68it/s  
Predicting ━━━━━━━━━━━━━━━━━━━━━━━━━━━━━━━━━━━━━━━━ 8/8 0:00:00 • 0:00:00 29.93it/s  
batch 446: size=500 time=5.43s
Predicting ━━━━━━━━━━━━━━━━━━━━━━━━━━━━━━━━━━━━━━━━ 8/8 0:00:00 • 0:00:00 29.00it/s  
Predicting ━━━━━━━━━━━━━━━━━━━━━━━━━━━━━━━━━━━━━━━━ 8/8 0:00:00 • 0:00:00 30.65it/s  
Predicting ━━━━━━━━━━━━━━━━━━━━━━━━━━━━━━━━━━━━━━━━ 8/8 0:00:00 • 0:00:00 29.19it/s  
Predicting ━━━━━━━━━━━━━━━━━━━━━━━━━━━━━━━━━━━━━━━━ 8/8 0:00:00 • 0:00:00 30.52it/s  
Predicting ━━━━━━━━━━━━━━━━━━━━━━━━━━━━━━━━━━━━━━━━ 8/8 0:00:00 • 0:00:00 31.15it/s  
Predicting ━━━━━━━━━━━━━━━━━━━━━━━━━━━━━━━━━━━━━━━━ 8/8 0:00:00 • 0:00:00 29.02it/s  
Predicting ━━━━━━━━━━━━━━━━━━━━━━━━━━━━━━━━━━━━━━━━ 8/8 0:00:00 • 0:00:00 29.35it/s  
Predicting ━━━━━━━━━━━━━━━━━━━━━━━━━━━━━━━━━━━━━━━━ 8/8 0:00:00 • 0:00:00 30.32it/s  
Predicting ━━━━━━━━━━━━━━━━━━━━━━━━━━━━━━━━━━━━━━━━ 8/8 0:00:00 • 0:00:00 29.08it/s  
Predicting ━━━━━━━━━━━━━━━━━━━━━━━━━━━━━━━━━━━━━━━━ 8/8 0:00:00 • 0:00:00 29.63it/s  
batch 447: size=500 time=5.47s
Predicting ━━━━━━━━━━━━━━━━━━━━━━━━━━━━━━━━━━━━━━━━ 8/8 0:00:00 • 0:00:00 28.65it/s  
Predicting ━━━━━━━━━━━━━━━━━━━━━━━━━━━━━━━━━━━━━━━━ 8/8 0:00:00 • 0:00:00 30.39it/s  
Predicting ━━━━━━━━━━━━━━━━━━━━━━━━━━━━━━━━━━━━━━━━ 8/8 0:00:00 • 0:00:00 29.75it/s  
Predicting ━━━━━━━━━━━━━━━━━━━━━━━━━━━━━━━━━━━━━━━━ 8/8 0:00:00 • 0:00:00 30.19it/s  
Predicting ━━━━━━━━━━━━━━━━━━━━━━━━━━━━━━━━━━━━━━━━ 8/8 0:00:00 • 0:00:00 28.63it/s  
Predicting ━━━━━━━━━━━━━━━━━━━━━━━━━━━━━━━━━━━━━━━━ 8/8 0:00:00 • 0:00:00 29.43it/s  
Predicting ━━━━━━━━━━━━━━━━━━━━━━━━━━━━━━━━━━━━━━━━ 8/8 0:00:00 • 0:00:00 29.67it/s  
Predicting ━━━━━━━━━━━━━━━━━━━━━━━━━━━━━━━━━━━━━━━━ 8/8 0:00:00 • 0:00:00 30.11it/s  
Predicting ━━━━━━━━━━━━━━━━━━━━━━━━━━━━━━━━━━━━━━━━ 8/8 0:00:00 • 0:00:00 30.17it/s  
Predicting ━━━━━━━━━━━━━━━━━━━━━━━━━━━━━━━━━━━━━━━━ 8/8 0:00:00 • 0:00:00 30.85it/s  
batch 448: size=500 time=5.47s
Predicting ━━━━━━━━━━━━━━━━━━━━━━━━━━━━━━━━━━━━━━━━ 8/8 0:00:00 • 0:00:00 30.13it/s  
Predicting ━━━━━━━━━━━━━━━━━━━━━━━━━━━━━━━━━━━━━━━━ 8/8 0:00:00 • 0:00:00 31.16it/s  
Predicting ━━━━━━━━━━━━━━━━━━━━━━━━━━━━━━━━━━━━━━━━ 8/8 0:00:00 • 0:00:00 29.98it/s  
Predicting ━━━━━━━━━━━━━━━━━━━━━━━━━━━━━━━━━━━━━━━━ 8/8 0:00:00 • 0:00:00 31.07it/s  
Predicting ━━━━━━━━━━━━━━━━━━━━━━━━━━━━━━━━━━━━━━━━ 8/8 0:00:00 • 0:00:00 30.40it/s  
Predicting ━━━━━━━━━━━━━━━━━━━━━━━━━━━━━━━━━━━━━━━━ 8/8 0:00:00 • 0:00:00 29.10it/s  
Predicting ━━━━━━━━━━━━━━━━━━━━━━━━━━━━━━━━━━━━━━━━ 8/8 0:00:00 • 0:00:00 30.83it/s  
Predicting ━━━━━━━━━━━━━━━━━━━━━━━━━━━━━━━━━━━━━━━━ 8/8 0:00:00 • 0:00:00 31.07it/s  
Predicting ━━━━━━━━━━━━━━━━━━━━━━━━━━━━━━━━━━━━━━━━ 8/8 0:00:00 • 0:00:00 30.62it/s  
Predicting ━━━━━━━━━━━━━━━━━━━━━━━━━━━━━━━━━━━━━━━━ 8/8 0:00:00 • 0:00:00 30.29it/s  
batch 449: size=500 time=5.40s
Predicting ━━━━━━━━━━━━━━━━━━━━━━━━━━━━━━━━━━━━━━━━ 8/8 0:00:00 • 0:00:00 29.09it/s  
Predicting ━━━━━━━━━━━━━━━━━━━━━━━━━━━━━━━━━━━━━━━━ 8/8 0:00:00 • 0:00:00 30.02it/s  
Predicting ━━━━━━━━━━━━━━━━━━━━━━━━━━━━━━━━━━━━━━━━ 8/8 0:00:00 • 0:00:00 30.96it/s  
Predicting ━━━━━━━━━━━━━━━━━━━━━━━━━━━━━━━━━━━━━━━━ 8/8 0:00:00 • 0:00:00 31.06it/s  
Predicting ━━━━━━━━━━━━━━━━━━━━━━━━━━━━━━━━━━━━━━━━ 8/8 0:00:00 • 0:00:00 30.36it/s  
Predicting ━━━━━━━━━━━━━━━━━━━━━━━━━━━━━━━━━━━━━━━━ 8/8 0:00:00 • 0:00:00 29.96it/s  
Predicting ━━━━━━━━━━━━━━━━━━━━━━━━━━━━━━━━━━━━━━━━ 8/8 0:00:00 • 0:00:00 31.07it/s  
Predicting ━━━━━━━━━━━━━━━━━━━━━━━━━━━━━━━━━━━━━━━━ 8/8 0:00:00 • 0:00:00 30.20it/s  
Predicting ━━━━━━━━━━━━━━━━━━━━━━━━━━━━━━━━━━━━━━━━ 8/8 0:00:00 • 0:00:00 31.71it/s  
Predicting ━━━━━━━━━━━━━━━━━━━━━━━━━━━━━━━━━━━━━━━━ 8/8 0:00:00 • 0:00:00 30.63it/s  
batch 450: size=500 time=5.33s
Predicting ━━━━━━━━━━━━━━━━━━━━━━━━━━━━━━━━━━━━━━━━ 8/8 0:00:00 • 0:00:00 28.95it/s  
Predicting ━━━━━━━━━━━━━━━━━━━━━━━━━━━━━━━━━━━━━━━━ 8/8 0:00:00 • 0:00:00 25.75it/s  
Predicting ━━━━━━━━━━━━━━━━━━━━━━━━━━━━━━━━━━━━━━━━ 8/8 0:00:00 • 0:00:00 28.92it/s  
Predicting ━━━━━━━━━━━━━━━━━━━━━━━━━━━━━━━━━━━━━━━━ 8/8 0:00:00 • 0:00:00 27.71it/s  
Predicting ━━━━━━━━━━━━━━━━━━━━━━━━━━━━━━━━━━━━━━━━ 8/8 0:00:00 • 0:00:00 25.20it/s  
Predicting ━━━━━━━━━━━━━━━━━━━━━━━━━━━━━━━━━━━━━━━━ 8/8 0:00:00 • 0:00:00 19.71it/s  
Predicting ━━━━━━━━━━━━━━━━━━━━━━━━━━━━━━━━━━━━━━━━ 8/8 0:00:00 • 0:00:00 19.80it/s  
Predicting ━━━━━━━━━━━━━━━━━━━━━━━━━━━━━━━━━━━━━━━━ 8/8 0:00:00 • 0:00:00 26.89it/s  
Predicting ━━━━━━━━━━━━━━━━━━━━━━━━━━━━━━━━━━━━━━━━ 8/8 0:00:00 • 0:00:00 27.36it/s  
Predicting ━━━━━━━━━━━━━━━━━━━━━━━━━━━━━━━━━━━━━━━━ 8/8 0:00:00 • 0:00:00 27.13it/s  
batch 451: size=500 time=6.06s
Predicting ━━━━━━━━━━━━━━━━━━━━━━━━━━━━━━━━━━━━━━━━ 8/8 0:00:00 • 0:00:00 28.98it/s  
Predicting ━━━━━━━━━━━━━━━━━━━━━━━━━━━━━━━━━━━━━━━━ 8/8 0:00:00 • 0:00:00 30.25it/s  
Predicting ━━━━━━━━━━━━━━━━━━━━━━━━━━━━━━━━━━━━━━━━ 8/8 0:00:00 • 0:00:00 30.17it/s  
Predicting ━━━━━━━━━━━━━━━━━━━━━━━━━━━━━━━━━━━━━━━━ 8/8 0:00:00 • 0:00:00 30.60it/s  
Predicting ━━━━━━━━━━━━━━━━━━━━━━━━━━━━━━━━━━━━━━━━ 8/8 0:00:00 • 0:00:00 30.71it/s  
Predicting ━━━━━━━━━━━━━━━━━━━━━━━━━━━━━━━━━━━━━━━━ 8/8 0:00:00 • 0:00:00 28.80it/s  
Predicting ━━━━━━━━━━━━━━━━━━━━━━━━━━━━━━━━━━━━━━━━ 8/8 0:00:00 • 0:00:00 30.20it/s  
Predicting ━━━━━━━━━━━━━━━━━━━━━━━━━━━━━━━━━━━━━━━━ 8/8 0:00:00 • 0:00:00 30.24it/s  
Predicting ━━━━━━━━━━━━━━━━━━━━━━━━━━━━━━━━━━━━━━━━ 8/8 0:00:00 • 0:00:00 32.22it/s  
Predicting ━━━━━━━━━━━━━━━━━━━━━━━━━━━━━━━━━━━━━━━━ 8/8 0:00:00 • 0:00:00 29.99it/s  
batch 452: size=500 time=5.36s
Predicting ━━━━━━━━━━━━━━━━━━━━━━━━━━━━━━━━━━━━━━━━ 8/8 0:00:00 • 0:00:00 30.23it/s  
Predicting ━━━━━━━━━━━━━━━━━━━━━━━━━━━━━━━━━━━━━━━━ 8/8 0:00:00 • 0:00:00 30.10it/s  
Predicting ━━━━━━━━━━━━━━━━━━━━━━━━━━━━━━━━━━━━━━━━ 8/8 0:00:00 • 0:00:00 29.89it/s  
Predicting ━━━━━━━━━━━━━━━━━━━━━━━━━━━━━━━━━━━━━━━━ 8/8 0:00:00 • 0:00:00 30.14it/s  
Predicting ━━━━━━━━━━━━━━━━━━━━━━━━━━━━━━━━━━━━━━━━ 8/8 0:00:00 • 0:00:00 31.28it/s  
Predicting ━━━━━━━━━━━━━━━━━━━━━━━━━━━━━━━━━━━━━━━━ 8/8 0:00:00 • 0:00:00 25.66it/s  
Predicting ━━━━━━━━━━━━━━━━━━━━━━━━━━━━━━━━━━━━━━━━ 8/8 0:00:00 • 0:00:00 30.91it/s  
Predicting ━━━━━━━━━━━━━━━━━━━━━━━━━━━━━━━━━━━━━━━━ 8/8 0:00:00 • 0:00:00 30.97it/s  
Predicting ━━━━━━━━━━━━━━━━━━━━━━━━━━━━━━━━━━━━━━━━ 8/8 0:00:00 • 0:00:00 30.34it/s  
Predicting ━━━━━━━━━━━━━━━━━━━━━━━━━━━━━━━━━━━━━━━━ 8/8 0:00:00 • 0:00:00 31.04it/s  
batch 453: size=500 time=5.47s
Predicting ━━━━━━━━━━━━━━━━━━━━━━━━━━━━━━━━━━━━━━━━ 8/8 0:00:00 • 0:00:00 27.89it/s  
Predicting ━━━━━━━━━━━━━━━━━━━━━━━━━━━━━━━━━━━━━━━━ 8/8 0:00:00 • 0:00:00 29.54it/s  
Predicting ━━━━━━━━━━━━━━━━━━━━━━━━━━━━━━━━━━━━━━━━ 8/8 0:00:00 • 0:00:00 31.28it/s  
Predicting ━━━━━━━━━━━━━━━━━━━━━━━━━━━━━━━━━━━━━━━━ 8/8 0:00:00 • 0:00:00 29.61it/s  
Predicting ━━━━━━━━━━━━━━━━━━━━━━━━━━━━━━━━━━━━━━━━ 8/8 0:00:00 • 0:00:00 29.64it/s  
Predicting ━━━━━━━━━━━━━━━━━━━━━━━━━━━━━━━━━━━━━━━━ 8/8 0:00:00 • 0:00:00 19.65it/s  
Predicting ━━━━━━━━━━━━━━━━━━━━━━━━━━━━━━━━━━━━━━━━ 8/8 0:00:00 • 0:00:00 20.50it/s  
Predicting ━━━━━━━━━━━━━━━━━━━━━━━━━━━━━━━━━━━━━━━━ 8/8 0:00:00 • 0:00:00 27.35it/s  
Predicting ━━━━━━━━━━━━━━━━━━━━━━━━━━━━━━━━━━━━━━━━ 8/8 0:00:00 • 0:00:00 27.67it/s  
Predicting ━━━━━━━━━━━━━━━━━━━━━━━━━━━━━━━━━━━━━━━━ 8/8 0:00:00 • 0:00:00 27.33it/s  
batch 454: size=500 time=5.82s
Predicting ━━━━━━━━━━━━━━━━━━━━━━━━━━━━━━━━━━━━━━━━ 8/8 0:00:00 • 0:00:00 27.02it/s  
Predicting ━━━━━━━━━━━━━━━━━━━━━━━━━━━━━━━━━━━━━━━━ 8/8 0:00:00 • 0:00:00 28.37it/s  
Predicting ━━━━━━━━━━━━━━━━━━━━━━━━━━━━━━━━━━━━━━━━ 8/8 0:00:00 • 0:00:00 27.70it/s  
Predicting ━━━━━━━━━━━━━━━━━━━━━━━━━━━━━━━━━━━━━━━━ 8/8 0:00:00 • 0:00:00 28.08it/s  
Predicting ━━━━━━━━━━━━━━━━━━━━━━━━━━━━━━━━━━━━━━━━ 8/8 0:00:00 • 0:00:00 27.56it/s  
Predicting ━━━━━━━━━━━━━━━━━━━━━━━━━━━━━━━━━━━━━━━━ 8/8 0:00:00 • 0:00:00 27.20it/s  
Predicting ━━━━━━━━━━━━━━━━━━━━━━━━━━━━━━━━━━━━━━━━ 8/8 0:00:00 • 0:00:00 26.96it/s  
Predicting ━━━━━━━━━━━━━━━━━━━━━━━━━━━━━━━━━━━━━━━━ 8/8 0:00:00 • 0:00:00 27.65it/s  
Predicting ━━━━━━━━━━━━━━━━━━━━━━━━━━━━━━━━━━━━━━━━ 8/8 0:00:00 • 0:00:00 27.34it/s  
Predicting ━━━━━━━━━━━━━━━━━━━━━━━━━━━━━━━━━━━━━━━━ 8/8 0:00:00 • 0:00:00 27.47it/s  
batch 455: size=500 time=5.66s
Predicting ━━━━━━━━━━━━━━━━━━━━━━━━━━━━━━━━━━━━━━━━ 8/8 0:00:00 • 0:00:00 27.12it/s  
Predicting ━━━━━━━━━━━━━━━━━━━━━━━━━━━━━━━━━━━━━━━━ 8/8 0:00:00 • 0:00:00 27.48it/s  
Predicting ━━━━━━━━━━━━━━━━━━━━━━━━━━━━━━━━━━━━━━━━ 8/8 0:00:00 • 0:00:00 27.30it/s  
Predicting ━━━━━━━━━━━━━━━━━━━━━━━━━━━━━━━━━━━━━━━━ 8/8 0:00:00 • 0:00:00 26.98it/s  
Predicting ━━━━━━━━━━━━━━━━━━━━━━━━━━━━━━━━━━━━━━━━ 8/8 0:00:00 • 0:00:00 27.74it/s  
Predicting ━━━━━━━━━━━━━━━━━━━━━━━━━━━━━━━━━━━━━━━━ 8/8 0:00:00 • 0:00:00 26.36it/s  
Predicting ━━━━━━━━━━━━━━━━━━━━━━━━━━━━━━━━━━━━━━━━ 8/8 0:00:00 • 0:00:00 26.98it/s  
Predicting ━━━━━━━━━━━━━━━━━━━━━━━━━━━━━━━━━━━━━━━━ 8/8 0:00:00 • 0:00:00 27.62it/s  
Predicting ━━━━━━━━━━━━━━━━━━━━━━━━━━━━━━━━━━━━━━━━ 8/8 0:00:00 • 0:00:00 27.06it/s  
Predicting ━━━━━━━━━━━━━━━━━━━━━━━━━━━━━━━━━━━━━━━━ 8/8 0:00:00 • 0:00:00 27.42it/s  
batch 456: size=500 time=5.68s
Predicting ━━━━━━━━━━━━━━━━━━━━━━━━━━━━━━━━━━━━━━━━ 8/8 0:00:00 • 0:00:00 26.34it/s  
Predicting ━━━━━━━━━━━━━━━━━━━━━━━━━━━━━━━━━━━━━━━━ 8/8 0:00:00 • 0:00:00 27.39it/s  
Predicting ━━━━━━━━━━━━━━━━━━━━━━━━━━━━━━━━━━━━━━━━ 8/8 0:00:00 • 0:00:00 27.60it/s  
Predicting ━━━━━━━━━━━━━━━━━━━━━━━━━━━━━━━━━━━━━━━━ 8/8 0:00:00 • 0:00:00 27.77it/s  
Predicting ━━━━━━━━━━━━━━━━━━━━━━━━━━━━━━━━━━━━━━━━ 8/8 0:00:00 • 0:00:00 26.49it/s  
Predicting ━━━━━━━━━━━━━━━━━━━━━━━━━━━━━━━━━━━━━━━━ 8/8 0:00:00 • 0:00:00 19.49it/s  
Predicting ━━━━━━━━━━━━━━━━━━━━━━━━━━━━━━━━━━━━━━━━ 8/8 0:00:00 • 0:00:00 19.69it/s  
Predicting ━━━━━━━━━━━━━━━━━━━━━━━━━━━━━━━━━━━━━━━━ 8/8 0:00:00 • 0:00:00 19.84it/s  
Predicting ━━━━━━━━━━━━━━━━━━━━━━━━━━━━━━━━━━━━━━━━ 8/8 0:00:00 • 0:00:00 19.68it/s  
Predicting ━━━━━━━━━━━━━━━━━━━━━━━━━━━━━━━━━━━━━━━━ 8/8 0:00:00 • 0:00:00 21.17it/s  
batch 457: size=500 time=6.26s
Predicting ━━━━━━━━━━━━━━━━━━━━━━━━━━━━━━━━━━━━━━━━ 8/8 0:00:00 • 0:00:00 28.80it/s  
Predicting ━━━━━━━━━━━━━━━━━━━━━━━━━━━━━━━━━━━━━━━━ 8/8 0:00:00 • 0:00:00 31.22it/s  
Predicting ━━━━━━━━━━━━━━━━━━━━━━━━━━━━━━━━━━━━━━━━ 8/8 0:00:00 • 0:00:00 28.91it/s  
Predicting ━━━━━━━━━━━━━━━━━━━━━━━━━━━━━━━━━━━━━━━━ 8/8 0:00:00 • 0:00:00 29.94it/s  
Predicting ━━━━━━━━━━━━━━━━━━━━━━━━━━━━━━━━━━━━━━━━ 8/8 0:00:00 • 0:00:00 31.36it/s  
Predicting ━━━━━━━━━━━━━━━━━━━━━━━━━━━━━━━━━━━━━━━━ 8/8 0:00:00 • 0:00:00 28.92it/s  
Predicting ━━━━━━━━━━━━━━━━━━━━━━━━━━━━━━━━━━━━━━━━ 8/8 0:00:00 • 0:00:00 30.83it/s  
Predicting ━━━━━━━━━━━━━━━━━━━━━━━━━━━━━━━━━━━━━━━━ 8/8 0:00:00 • 0:00:00 30.35it/s  
Predicting ━━━━━━━━━━━━━━━━━━━━━━━━━━━━━━━━━━━━━━━━ 8/8 0:00:00 • 0:00:00 29.96it/s  
Predicting ━━━━━━━━━━━━━━━━━━━━━━━━━━━━━━━━━━━━━━━━ 8/8 0:00:00 • 0:00:00 30.84it/s  
batch 458: size=500 time=5.45s
Predicting ━━━━━━━━━━━━━━━━━━━━━━━━━━━━━━━━━━━━━━━━ 8/8 0:00:00 • 0:00:00 29.15it/s  
Predicting ━━━━━━━━━━━━━━━━━━━━━━━━━━━━━━━━━━━━━━━━ 8/8 0:00:00 • 0:00:00 29.99it/s  
Predicting ━━━━━━━━━━━━━━━━━━━━━━━━━━━━━━━━━━━━━━━━ 8/8 0:00:00 • 0:00:00 30.31it/s  
Predicting ━━━━━━━━━━━━━━━━━━━━━━━━━━━━━━━━━━━━━━━━ 8/8 0:00:00 • 0:00:00 32.06it/s  
Predicting ━━━━━━━━━━━━━━━━━━━━━━━━━━━━━━━━━━━━━━━━ 8/8 0:00:00 • 0:00:00 29.92it/s  
Predicting ━━━━━━━━━━━━━━━━━━━━━━━━━━━━━━━━━━━━━━━━ 8/8 0:00:00 • 0:00:00 30.07it/s  
Predicting ━━━━━━━━━━━━━━━━━━━━━━━━━━━━━━━━━━━━━━━━ 8/8 0:00:00 • 0:00:00 30.77it/s  
Predicting ━━━━━━━━━━━━━━━━━━━━━━━━━━━━━━━━━━━━━━━━ 8/8 0:00:00 • 0:00:00 30.32it/s  
Predicting ━━━━━━━━━━━━━━━━━━━━━━━━━━━━━━━━━━━━━━━━ 8/8 0:00:00 • 0:00:00 31.69it/s  
Predicting ━━━━━━━━━━━━━━━━━━━━━━━━━━━━━━━━━━━━━━━━ 8/8 0:00:00 • 0:00:00 31.00it/s  
batch 459: size=500 time=5.41s
Predicting ━━━━━━━━━━━━━━━━━━━━━━━━━━━━━━━━━━━━━━━━ 8/8 0:00:00 • 0:00:00 29.77it/s  
Predicting ━━━━━━━━━━━━━━━━━━━━━━━━━━━━━━━━━━━━━━━━ 8/8 0:00:00 • 0:00:00 31.19it/s  
Predicting ━━━━━━━━━━━━━━━━━━━━━━━━━━━━━━━━━━━━━━━━ 8/8 0:00:00 • 0:00:00 30.46it/s  
Predicting ━━━━━━━━━━━━━━━━━━━━━━━━━━━━━━━━━━━━━━━━ 8/8 0:00:00 • 0:00:00 30.16it/s  
Predicting ━━━━━━━━━━━━━━━━━━━━━━━━━━━━━━━━━━━━━━━━ 8/8 0:00:00 • 0:00:00 30.70it/s  
Predicting ━━━━━━━━━━━━━━━━━━━━━━━━━━━━━━━━━━━━━━━━ 8/8 0:00:00 • 0:00:00 29.72it/s  
Predicting ━━━━━━━━━━━━━━━━━━━━━━━━━━━━━━━━━━━━━━━━ 8/8 0:00:00 • 0:00:00 29.89it/s  
Predicting ━━━━━━━━━━━━━━━━━━━━━━━━━━━━━━━━━━━━━━━━ 8/8 0:00:00 • 0:00:00 30.51it/s  
Predicting ━━━━━━━━━━━━━━━━━━━━━━━━━━━━━━━━━━━━━━━━ 8/8 0:00:00 • 0:00:00 29.59it/s  
Predicting ━━━━━━━━━━━━━━━━━━━━━━━━━━━━━━━━━━━━━━━━ 8/8 0:00:00 • 0:00:00 29.99it/s  
batch 460: size=500 time=5.38s
Predicting ━━━━━━━━━━━━━━━━━━━━━━━━━━━━━━━━━━━━━━━━ 8/8 0:00:00 • 0:00:00 19.82it/s  
Predicting ━━━━━━━━━━━━━━━━━━━━━━━━━━━━━━━━━━━━━━━━ 8/8 0:00:00 • 0:00:00 21.07it/s  
Predicting ━━━━━━━━━━━━━━━━━━━━━━━━━━━━━━━━━━━━━━━━ 8/8 0:00:00 • 0:00:00 27.62it/s  
Predicting ━━━━━━━━━━━━━━━━━━━━━━━━━━━━━━━━━━━━━━━━ 8/8 0:00:00 • 0:00:00 27.76it/s  
Predicting ━━━━━━━━━━━━━━━━━━━━━━━━━━━━━━━━━━━━━━━━ 8/8 0:00:00 • 0:00:00 27.76it/s  
Predicting ━━━━━━━━━━━━━━━━━━━━━━━━━━━━━━━━━━━━━━━━ 8/8 0:00:00 • 0:00:00 27.15it/s  
Predicting ━━━━━━━━━━━━━━━━━━━━━━━━━━━━━━━━━━━━━━━━ 8/8 0:00:00 • 0:00:00 27.35it/s  
Predicting ━━━━━━━━━━━━━━━━━━━━━━━━━━━━━━━━━━━━━━━━ 8/8 0:00:00 • 0:00:00 27.55it/s  
Predicting ━━━━━━━━━━━━━━━━━━━━━━━━━━━━━━━━━━━━━━━━ 8/8 0:00:00 • 0:00:00 28.34it/s  
Predicting ━━━━━━━━━━━━━━━━━━━━━━━━━━━━━━━━━━━━━━━━ 8/8 0:00:00 • 0:00:00 28.71it/s  
batch 461: size=500 time=5.96s
Predicting ━━━━━━━━━━━━━━━━━━━━━━━━━━━━━━━━━━━━━━━━ 8/8 0:00:00 • 0:00:00 27.68it/s  
Predicting ━━━━━━━━━━━━━━━━━━━━━━━━━━━━━━━━━━━━━━━━ 8/8 0:00:00 • 0:00:00 27.50it/s  
Predicting ━━━━━━━━━━━━━━━━━━━━━━━━━━━━━━━━━━━━━━━━ 8/8 0:00:00 • 0:00:00 27.31it/s  
Predicting ━━━━━━━━━━━━━━━━━━━━━━━━━━━━━━━━━━━━━━━━ 8/8 0:00:00 • 0:00:00 27.47it/s  
Predicting ━━━━━━━━━━━━━━━━━━━━━━━━━━━━━━━━━━━━━━━━ 8/8 0:00:00 • 0:00:00 27.95it/s  
Predicting ━━━━━━━━━━━━━━━━━━━━━━━━━━━━━━━━━━━━━━━━ 8/8 0:00:00 • 0:00:00 27.14it/s  
Predicting ━━━━━━━━━━━━━━━━━━━━━━━━━━━━━━━━━━━━━━━━ 8/8 0:00:00 • 0:00:00 28.08it/s  
Predicting ━━━━━━━━━━━━━━━━━━━━━━━━━━━━━━━━━━━━━━━━ 8/8 0:00:00 • 0:00:00 26.76it/s  
Predicting ━━━━━━━━━━━━━━━━━━━━━━━━━━━━━━━━━━━━━━━━ 8/8 0:00:00 • 0:00:00 27.79it/s  
Predicting ━━━━━━━━━━━━━━━━━━━━━━━━━━━━━━━━━━━━━━━━ 8/8 0:00:00 • 0:00:00 28.19it/s  
batch 462: size=500 time=5.69s
Predicting ━━━━━━━━━━━━━━━━━━━━━━━━━━━━━━━━━━━━━━━━ 8/8 0:00:00 • 0:00:00 26.70it/s  
Predicting ━━━━━━━━━━━━━━━━━━━━━━━━━━━━━━━━━━━━━━━━ 8/8 0:00:00 • 0:00:00 28.15it/s  
Predicting ━━━━━━━━━━━━━━━━━━━━━━━━━━━━━━━━━━━━━━━━ 8/8 0:00:00 • 0:00:00 27.90it/s  
Predicting ━━━━━━━━━━━━━━━━━━━━━━━━━━━━━━━━━━━━━━━━ 8/8 0:00:00 • 0:00:00 27.63it/s  
Predicting ━━━━━━━━━━━━━━━━━━━━━━━━━━━━━━━━━━━━━━━━ 8/8 0:00:00 • 0:00:00 27.95it/s  
Predicting ━━━━━━━━━━━━━━━━━━━━━━━━━━━━━━━━━━━━━━━━ 8/8 0:00:00 • 0:00:00 26.95it/s  
Predicting ━━━━━━━━━━━━━━━━━━━━━━━━━━━━━━━━━━━━━━━━ 8/8 0:00:00 • 0:00:00 27.25it/s  
Predicting ━━━━━━━━━━━━━━━━━━━━━━━━━━━━━━━━━━━━━━━━ 8/8 0:00:00 • 0:00:00 28.19it/s  
Predicting ━━━━━━━━━━━━━━━━━━━━━━━━━━━━━━━━━━━━━━━━ 8/8 0:00:00 • 0:00:00 27.07it/s  
Predicting ━━━━━━━━━━━━━━━━━━━━━━━━━━━━━━━━━━━━━━━━ 8/8 0:00:00 • 0:00:00 28.57it/s  
batch 463: size=500 time=5.66s
Predicting ━━━━━━━━━━━━━━━━━━━━━━━━━━━━━━━━━━━━━━━━ 8/8 0:00:00 • 0:00:00 26.97it/s  
Predicting ━━━━━━━━━━━━━━━━━━━━━━━━━━━━━━━━━━━━━━━━ 8/8 0:00:00 • 0:00:00 27.60it/s  
Predicting ━━━━━━━━━━━━━━━━━━━━━━━━━━━━━━━━━━━━━━━━ 8/8 0:00:00 • 0:00:00 27.84it/s  
Predicting ━━━━━━━━━━━━━━━━━━━━━━━━━━━━━━━━━━━━━━━━ 8/8 0:00:00 • 0:00:00 28.23it/s  
Predicting ━━━━━━━━━━━━━━━━━━━━━━━━━━━━━━━━━━━━━━━━ 8/8 0:00:00 • 0:00:00 27.91it/s  
Predicting ━━━━━━━━━━━━━━━━━━━━━━━━━━━━━━━━━━━━━━━━ 8/8 0:00:00 • 0:00:00 27.55it/s  
Predicting ━━━━━━━━━━━━━━━━━━━━━━━━━━━━━━━━━━━━━━━━ 8/8 0:00:00 • 0:00:00 27.58it/s  
Predicting ━━━━━━━━━━━━━━━━━━━━━━━━━━━━━━━━━━━━━━━━ 8/8 0:00:00 • 0:00:00 28.46it/s  
Predicting ━━━━━━━━━━━━━━━━━━━━━━━━━━━━━━━━━━━━━━━━ 8/8 0:00:00 • 0:00:00 27.90it/s  
Predicting ━━━━━━━━━━━━━━━━━━━━━━━━━━━━━━━━━━━━━━━━ 8/8 0:00:00 • 0:00:00 27.27it/s  
batch 464: size=500 time=5.71s
Predicting ━━━━━━━━━━━━━━━━━━━━━━━━━━━━━━━━━━━━━━━━ 8/8 0:00:00 • 0:00:00 26.60it/s  
Predicting ━━━━━━━━━━━━━━━━━━━━━━━━━━━━━━━━━━━━━━━━ 8/8 0:00:00 • 0:00:00 27.70it/s  
Predicting ━━━━━━━━━━━━━━━━━━━━━━━━━━━━━━━━━━━━━━━━ 8/8 0:00:00 • 0:00:00 27.34it/s  
Predicting ━━━━━━━━━━━━━━━━━━━━━━━━━━━━━━━━━━━━━━━━ 8/8 0:00:00 • 0:00:00 28.40it/s  
Predicting ━━━━━━━━━━━━━━━━━━━━━━━━━━━━━━━━━━━━━━━━ 8/8 0:00:00 • 0:00:00 28.97it/s  
Predicting ━━━━━━━━━━━━━━━━━━━━━━━━━━━━━━━━━━━━━━━━ 8/8 0:00:00 • 0:00:00 27.24it/s  
Predicting ━━━━━━━━━━━━━━━━━━━━━━━━━━━━━━━━━━━━━━━━ 8/8 0:00:00 • 0:00:00 28.42it/s  
Predicting ━━━━━━━━━━━━━━━━━━━━━━━━━━━━━━━━━━━━━━━━ 8/8 0:00:00 • 0:00:00 28.14it/s  
Predicting ━━━━━━━━━━━━━━━━━━━━━━━━━━━━━━━━━━━━━━━━ 8/8 0:00:00 • 0:00:00 28.61it/s  
Predicting ━━━━━━━━━━━━━━━━━━━━━━━━━━━━━━━━━━━━━━━━ 8/8 0:00:00 • 0:00:00 27.26it/s  
batch 465: size=500 time=5.65s
Predicting ━━━━━━━━━━━━━━━━━━━━━━━━━━━━━━━━━━━━━━━━ 8/8 0:00:00 • 0:00:00 27.22it/s  
Predicting ━━━━━━━━━━━━━━━━━━━━━━━━━━━━━━━━━━━━━━━━ 8/8 0:00:00 • 0:00:00 27.54it/s  
Predicting ━━━━━━━━━━━━━━━━━━━━━━━━━━━━━━━━━━━━━━━━ 8/8 0:00:00 • 0:00:00 27.73it/s  
Predicting ━━━━━━━━━━━━━━━━━━━━━━━━━━━━━━━━━━━━━━━━ 8/8 0:00:00 • 0:00:00 27.48it/s  
Predicting ━━━━━━━━━━━━━━━━━━━━━━━━━━━━━━━━━━━━━━━━ 8/8 0:00:00 • 0:00:00 27.93it/s  
Predicting ━━━━━━━━━━━━━━━━━━━━━━━━━━━━━━━━━━━━━━━━ 8/8 0:00:00 • 0:00:00 26.62it/s  
Predicting ━━━━━━━━━━━━━━━━━━━━━━━━━━━━━━━━━━━━━━━━ 8/8 0:00:00 • 0:00:00 27.46it/s  
Predicting ━━━━━━━━━━━━━━━━━━━━━━━━━━━━━━━━━━━━━━━━ 8/8 0:00:00 • 0:00:00 28.20it/s  
Predicting ━━━━━━━━━━━━━━━━━━━━━━━━━━━━━━━━━━━━━━━━ 8/8 0:00:00 • 0:00:00 28.20it/s  
Predicting ━━━━━━━━━━━━━━━━━━━━━━━━━━━━━━━━━━━━━━━━ 8/8 0:00:00 • 0:00:00 28.68it/s  
batch 466: size=500 time=5.62s
Predicting ━━━━━━━━━━━━━━━━━━━━━━━━━━━━━━━━━━━━━━━━ 8/8 0:00:00 • 0:00:00 26.92it/s  
Predicting ━━━━━━━━━━━━━━━━━━━━━━━━━━━━━━━━━━━━━━━━ 8/8 0:00:00 • 0:00:00 27.40it/s  
Predicting ━━━━━━━━━━━━━━━━━━━━━━━━━━━━━━━━━━━━━━━━ 8/8 0:00:00 • 0:00:00 25.80it/s  
Predicting ━━━━━━━━━━━━━━━━━━━━━━━━━━━━━━━━━━━━━━━━ 8/8 0:00:00 • 0:00:00 26.94it/s  
Predicting ━━━━━━━━━━━━━━━━━━━━━━━━━━━━━━━━━━━━━━━━ 8/8 0:00:00 • 0:00:00 27.04it/s  
Predicting ━━━━━━━━━━━━━━━━━━━━━━━━━━━━━━━━━━━━━━━━ 8/8 0:00:00 • 0:00:00 26.91it/s  
Predicting ━━━━━━━━━━━━━━━━━━━━━━━━━━━━━━━━━━━━━━━━ 8/8 0:00:00 • 0:00:00 26.95it/s  
Predicting ━━━━━━━━━━━━━━━━━━━━━━━━━━━━━━━━━━━━━━━━ 8/8 0:00:00 • 0:00:00 27.83it/s  
Predicting ━━━━━━━━━━━━━━━━━━━━━━━━━━━━━━━━━━━━━━━━ 8/8 0:00:00 • 0:00:00 27.04it/s  
Predicting ━━━━━━━━━━━━━━━━━━━━━━━━━━━━━━━━━━━━━━━━ 8/8 0:00:00 • 0:00:00 27.84it/s  
batch 467: size=500 time=5.65s
Predicting ━━━━━━━━━━━━━━━━━━━━━━━━━━━━━━━━━━━━━━━━ 8/8 0:00:00 • 0:00:00 28.17it/s  
Predicting ━━━━━━━━━━━━━━━━━━━━━━━━━━━━━━━━━━━━━━━━ 8/8 0:00:00 • 0:00:00 28.00it/s  
Predicting ━━━━━━━━━━━━━━━━━━━━━━━━━━━━━━━━━━━━━━━━ 8/8 0:00:00 • 0:00:00 26.98it/s  
Predicting ━━━━━━━━━━━━━━━━━━━━━━━━━━━━━━━━━━━━━━━━ 8/8 0:00:00 • 0:00:00 27.07it/s  
Predicting ━━━━━━━━━━━━━━━━━━━━━━━━━━━━━━━━━━━━━━━━ 8/8 0:00:00 • 0:00:00 27.76it/s  
Predicting ━━━━━━━━━━━━━━━━━━━━━━━━━━━━━━━━━━━━━━━━ 8/8 0:00:00 • 0:00:00 27.41it/s  
Predicting ━━━━━━━━━━━━━━━━━━━━━━━━━━━━━━━━━━━━━━━━ 8/8 0:00:00 • 0:00:00 28.21it/s  
Predicting ━━━━━━━━━━━━━━━━━━━━━━━━━━━━━━━━━━━━━━━━ 8/8 0:00:00 • 0:00:00 28.21it/s  
Predicting ━━━━━━━━━━━━━━━━━━━━━━━━━━━━━━━━━━━━━━━━ 8/8 0:00:00 • 0:00:00 27.08it/s  
Predicting ━━━━━━━━━━━━━━━━━━━━━━━━━━━━━━━━━━━━━━━━ 8/8 0:00:00 • 0:00:00 27.74it/s  
batch 468: size=500 time=5.65s
Predicting ━━━━━━━━━━━━━━━━━━━━━━━━━━━━━━━━━━━━━━━━ 8/8 0:00:00 • 0:00:00 26.90it/s  
Predicting ━━━━━━━━━━━━━━━━━━━━━━━━━━━━━━━━━━━━━━━━ 8/8 0:00:00 • 0:00:00 27.54it/s  
Predicting ━━━━━━━━━━━━━━━━━━━━━━━━━━━━━━━━━━━━━━━━ 8/8 0:00:00 • 0:00:00 28.03it/s  
Predicting ━━━━━━━━━━━━━━━━━━━━━━━━━━━━━━━━━━━━━━━━ 8/8 0:00:00 • 0:00:00 27.24it/s  
Predicting ━━━━━━━━━━━━━━━━━━━━━━━━━━━━━━━━━━━━━━━━ 8/8 0:00:00 • 0:00:00 26.86it/s  
Predicting ━━━━━━━━━━━━━━━━━━━━━━━━━━━━━━━━━━━━━━━━ 8/8 0:00:00 • 0:00:00 26.99it/s  
Predicting ━━━━━━━━━━━━━━━━━━━━━━━━━━━━━━━━━━━━━━━━ 8/8 0:00:00 • 0:00:00 28.40it/s  
Predicting ━━━━━━━━━━━━━━━━━━━━━━━━━━━━━━━━━━━━━━━━ 8/8 0:00:00 • 0:00:00 27.90it/s  
Predicting ━━━━━━━━━━━━━━━━━━━━━━━━━━━━━━━━━━━━━━━━ 8/8 0:00:00 • 0:00:00 27.59it/s  
Predicting ━━━━━━━━━━━━━━━━━━━━━━━━━━━━━━━━━━━━━━━━ 8/8 0:00:00 • 0:00:00 27.49it/s  
batch 469: size=500 time=5.69s
Predicting ━━━━━━━━━━━━━━━━━━━━━━━━━━━━━━━━━━━━━━━━ 8/8 0:00:00 • 0:00:00 27.19it/s  
Predicting ━━━━━━━━━━━━━━━━━━━━━━━━━━━━━━━━━━━━━━━━ 8/8 0:00:00 • 0:00:00 27.43it/s  
Predicting ━━━━━━━━━━━━━━━━━━━━━━━━━━━━━━━━━━━━━━━━ 8/8 0:00:00 • 0:00:00 28.20it/s  
Predicting ━━━━━━━━━━━━━━━━━━━━━━━━━━━━━━━━━━━━━━━━ 8/8 0:00:00 • 0:00:00 27.68it/s  
Predicting ━━━━━━━━━━━━━━━━━━━━━━━━━━━━━━━━━━━━━━━━ 8/8 0:00:00 • 0:00:00 27.63it/s  
Predicting ━━━━━━━━━━━━━━━━━━━━━━━━━━━━━━━━━━━━━━━━ 8/8 0:00:00 • 0:00:00 27.39it/s  
Predicting ━━━━━━━━━━━━━━━━━━━━━━━━━━━━━━━━━━━━━━━━ 8/8 0:00:00 • 0:00:00 27.41it/s  
Predicting ━━━━━━━━━━━━━━━━━━━━━━━━━━━━━━━━━━━━━━━━ 8/8 0:00:00 • 0:00:00 27.26it/s  
Predicting ━━━━━━━━━━━━━━━━━━━━━━━━━━━━━━━━━━━━━━━━ 8/8 0:00:00 • 0:00:00 28.58it/s  
Predicting ━━━━━━━━━━━━━━━━━━━━━━━━━━━━━━━━━━━━━━━━ 8/8 0:00:00 • 0:00:00 28.39it/s  
batch 470: size=500 time=5.59s
Predicting ━━━━━━━━━━━━━━━━━━━━━━━━━━━━━━━━━━━━━━━━ 8/8 0:00:00 • 0:00:00 19.84it/s  
Predicting ━━━━━━━━━━━━━━━━━━━━━━━━━━━━━━━━━━━━━━━━ 8/8 0:00:00 • 0:00:00 19.97it/s  
Predicting ━━━━━━━━━━━━━━━━━━━━━━━━━━━━━━━━━━━━━━━━ 8/8 0:00:00 • 0:00:00 20.05it/s  
Predicting ━━━━━━━━━━━━━━━━━━━━━━━━━━━━━━━━━━━━━━━━ 8/8 0:00:00 • 0:00:00 20.01it/s  
Predicting ━━━━━━━━━━━━━━━━━━━━━━━━━━━━━━━━━━━━━━━━ 8/8 0:00:00 • 0:00:00 20.01it/s  
Predicting ━━━━━━━━━━━━━━━━━━━━━━━━━━━━━━━━━━━━━━━━ 8/8 0:00:00 • 0:00:00 19.78it/s  
Predicting ━━━━━━━━━━━━━━━━━━━━━━━━━━━━━━━━━━━━━━━━ 8/8 0:00:00 • 0:00:00 19.94it/s  
Predicting ━━━━━━━━━━━━━━━━━━━━━━━━━━━━━━━━━━━━━━━━ 8/8 0:00:00 • 0:00:00 22.42it/s  
Predicting ━━━━━━━━━━━━━━━━━━━━━━━━━━━━━━━━━━━━━━━━ 8/8 0:00:00 • 0:00:00 29.22it/s  
Predicting ━━━━━━━━━━━━━━━━━━━━━━━━━━━━━━━━━━━━━━━━ 8/8 0:00:00 • 0:00:00 30.80it/s  
batch 471: size=500 time=6.50s
Predicting ━━━━━━━━━━━━━━━━━━━━━━━━━━━━━━━━━━━━━━━━ 8/8 0:00:00 • 0:00:00 28.52it/s  
Predicting ━━━━━━━━━━━━━━━━━━━━━━━━━━━━━━━━━━━━━━━━ 8/8 0:00:00 • 0:00:00 25.51it/s  
Predicting ━━━━━━━━━━━━━━━━━━━━━━━━━━━━━━━━━━━━━━━━ 8/8 0:00:00 • 0:00:00 28.49it/s  
Predicting ━━━━━━━━━━━━━━━━━━━━━━━━━━━━━━━━━━━━━━━━ 8/8 0:00:00 • 0:00:00 25.15it/s  
Predicting ━━━━━━━━━━━━━━━━━━━━━━━━━━━━━━━━━━━━━━━━ 8/8 0:00:00 • 0:00:00 25.37it/s  
Predicting ━━━━━━━━━━━━━━━━━━━━━━━━━━━━━━━━━━━━━━━━ 8/8 0:00:00 • 0:00:00 27.09it/s  
Predicting ━━━━━━━━━━━━━━━━━━━━━━━━━━━━━━━━━━━━━━━━ 8/8 0:00:00 • 0:00:00 27.19it/s  
Predicting ━━━━━━━━━━━━━━━━━━━━━━━━━━━━━━━━━━━━━━━━ 8/8 0:00:00 • 0:00:00 27.77it/s  
Predicting ━━━━━━━━━━━━━━━━━━━━━━━━━━━━━━━━━━━━━━━━ 8/8 0:00:00 • 0:00:00 28.08it/s  
Predicting ━━━━━━━━━━━━━━━━━━━━━━━━━━━━━━━━━━━━━━━━ 8/8 0:00:00 • 0:00:00 28.34it/s  
batch 472: size=500 time=5.73s
Predicting ━━━━━━━━━━━━━━━━━━━━━━━━━━━━━━━━━━━━━━━━ 8/8 0:00:00 • 0:00:00 28.64it/s  
Predicting ━━━━━━━━━━━━━━━━━━━━━━━━━━━━━━━━━━━━━━━━ 8/8 0:00:00 • 0:00:00 27.72it/s  
Predicting ━━━━━━━━━━━━━━━━━━━━━━━━━━━━━━━━━━━━━━━━ 8/8 0:00:00 • 0:00:00 28.13it/s  
Predicting ━━━━━━━━━━━━━━━━━━━━━━━━━━━━━━━━━━━━━━━━ 8/8 0:00:00 • 0:00:00 27.55it/s  
Predicting ━━━━━━━━━━━━━━━━━━━━━━━━━━━━━━━━━━━━━━━━ 8/8 0:00:00 • 0:00:00 28.01it/s  
Predicting ━━━━━━━━━━━━━━━━━━━━━━━━━━━━━━━━━━━━━━━━ 8/8 0:00:00 • 0:00:00 26.27it/s  
Predicting ━━━━━━━━━━━━━━━━━━━━━━━━━━━━━━━━━━━━━━━━ 8/8 0:00:00 • 0:00:00 27.66it/s  
Predicting ━━━━━━━━━━━━━━━━━━━━━━━━━━━━━━━━━━━━━━━━ 8/8 0:00:00 • 0:00:00 27.44it/s  
Predicting ━━━━━━━━━━━━━━━━━━━━━━━━━━━━━━━━━━━━━━━━ 8/8 0:00:00 • 0:00:00 28.61it/s  
Predicting ━━━━━━━━━━━━━━━━━━━━━━━━━━━━━━━━━━━━━━━━ 8/8 0:00:00 • 0:00:00 28.21it/s  
batch 473: size=500 time=5.65s
Predicting ━━━━━━━━━━━━━━━━━━━━━━━━━━━━━━━━━━━━━━━━ 8/8 0:00:00 • 0:00:00 27.34it/s  
Predicting ━━━━━━━━━━━━━━━━━━━━━━━━━━━━━━━━━━━━━━━━ 8/8 0:00:00 • 0:00:00 27.80it/s  
Predicting ━━━━━━━━━━━━━━━━━━━━━━━━━━━━━━━━━━━━━━━━ 8/8 0:00:00 • 0:00:00 28.13it/s  
Predicting ━━━━━━━━━━━━━━━━━━━━━━━━━━━━━━━━━━━━━━━━ 8/8 0:00:00 • 0:00:00 28.04it/s  
Predicting ━━━━━━━━━━━━━━━━━━━━━━━━━━━━━━━━━━━━━━━━ 8/8 0:00:00 • 0:00:00 28.12it/s  
Predicting ━━━━━━━━━━━━━━━━━━━━━━━━━━━━━━━━━━━━━━━━ 8/8 0:00:00 • 0:00:00 27.34it/s  
Predicting ━━━━━━━━━━━━━━━━━━━━━━━━━━━━━━━━━━━━━━━━ 8/8 0:00:00 • 0:00:00 26.99it/s  
Predicting ━━━━━━━━━━━━━━━━━━━━━━━━━━━━━━━━━━━━━━━━ 8/8 0:00:00 • 0:00:00 28.35it/s  
Predicting ━━━━━━━━━━━━━━━━━━━━━━━━━━━━━━━━━━━━━━━━ 8/8 0:00:00 • 0:00:00 28.33it/s  
Predicting ━━━━━━━━━━━━━━━━━━━━━━━━━━━━━━━━━━━━━━━━ 8/8 0:00:00 • 0:00:00 29.15it/s  
batch 474: size=500 time=5.59s
Predicting ━━━━━━━━━━━━━━━━━━━━━━━━━━━━━━━━━━━━━━━━ 8/8 0:00:00 • 0:00:00 26.62it/s  
Predicting ━━━━━━━━━━━━━━━━━━━━━━━━━━━━━━━━━━━━━━━━ 8/8 0:00:00 • 0:00:00 27.51it/s  
Predicting ━━━━━━━━━━━━━━━━━━━━━━━━━━━━━━━━━━━━━━━━ 8/8 0:00:00 • 0:00:00 27.70it/s  
Predicting ━━━━━━━━━━━━━━━━━━━━━━━━━━━━━━━━━━━━━━━━ 8/8 0:00:00 • 0:00:00 27.33it/s  
Predicting ━━━━━━━━━━━━━━━━━━━━━━━━━━━━━━━━━━━━━━━━ 8/8 0:00:00 • 0:00:00 27.72it/s  
Predicting ━━━━━━━━━━━━━━━━━━━━━━━━━━━━━━━━━━━━━━━━ 8/8 0:00:00 • 0:00:00 27.03it/s  
Predicting ━━━━━━━━━━━━━━━━━━━━━━━━━━━━━━━━━━━━━━━━ 8/8 0:00:00 • 0:00:00 27.14it/s  
Predicting ━━━━━━━━━━━━━━━━━━━━━━━━━━━━━━━━━━━━━━━━ 8/8 0:00:00 • 0:00:00 28.20it/s  
Predicting ━━━━━━━━━━━━━━━━━━━━━━━━━━━━━━━━━━━━━━━━ 8/8 0:00:00 • 0:00:00 27.58it/s  
Predicting ━━━━━━━━━━━━━━━━━━━━━━━━━━━━━━━━━━━━━━━━ 8/8 0:00:00 • 0:00:00 28.32it/s  
batch 475: size=500 time=5.72s
Predicting ━━━━━━━━━━━━━━━━━━━━━━━━━━━━━━━━━━━━━━━━ 8/8 0:00:00 • 0:00:00 27.49it/s  
Predicting ━━━━━━━━━━━━━━━━━━━━━━━━━━━━━━━━━━━━━━━━ 8/8 0:00:00 • 0:00:00 27.57it/s  
Predicting ━━━━━━━━━━━━━━━━━━━━━━━━━━━━━━━━━━━━━━━━ 8/8 0:00:00 • 0:00:00 27.66it/s  
Predicting ━━━━━━━━━━━━━━━━━━━━━━━━━━━━━━━━━━━━━━━━ 8/8 0:00:00 • 0:00:00 27.08it/s  
Predicting ━━━━━━━━━━━━━━━━━━━━━━━━━━━━━━━━━━━━━━━━ 8/8 0:00:00 • 0:00:00 27.60it/s  
Predicting ━━━━━━━━━━━━━━━━━━━━━━━━━━━━━━━━━━━━━━━━ 8/8 0:00:00 • 0:00:00 28.44it/s  
Predicting ━━━━━━━━━━━━━━━━━━━━━━━━━━━━━━━━━━━━━━━━ 8/8 0:00:00 • 0:00:00 28.15it/s  
Predicting ━━━━━━━━━━━━━━━━━━━━━━━━━━━━━━━━━━━━━━━━ 8/8 0:00:00 • 0:00:00 27.47it/s  
Predicting ━━━━━━━━━━━━━━━━━━━━━━━━━━━━━━━━━━━━━━━━ 8/8 0:00:00 • 0:00:00 28.04it/s  
Predicting ━━━━━━━━━━━━━━━━━━━━━━━━━━━━━━━━━━━━━━━━ 8/8 0:00:00 • 0:00:00 27.95it/s  
batch 476: size=500 time=5.65s
Predicting ━━━━━━━━━━━━━━━━━━━━━━━━━━━━━━━━━━━━━━━━ 8/8 0:00:00 • 0:00:00 27.15it/s  
Predicting ━━━━━━━━━━━━━━━━━━━━━━━━━━━━━━━━━━━━━━━━ 8/8 0:00:00 • 0:00:00 28.01it/s  
Predicting ━━━━━━━━━━━━━━━━━━━━━━━━━━━━━━━━━━━━━━━━ 8/8 0:00:00 • 0:00:00 26.73it/s  
Predicting ━━━━━━━━━━━━━━━━━━━━━━━━━━━━━━━━━━━━━━━━ 8/8 0:00:00 • 0:00:00 27.02it/s  
Predicting ━━━━━━━━━━━━━━━━━━━━━━━━━━━━━━━━━━━━━━━━ 8/8 0:00:00 • 0:00:00 27.90it/s  
Predicting ━━━━━━━━━━━━━━━━━━━━━━━━━━━━━━━━━━━━━━━━ 8/8 0:00:00 • 0:00:00 26.44it/s  
Predicting ━━━━━━━━━━━━━━━━━━━━━━━━━━━━━━━━━━━━━━━━ 8/8 0:00:00 • 0:00:00 27.02it/s  
Predicting ━━━━━━━━━━━━━━━━━━━━━━━━━━━━━━━━━━━━━━━━ 8/8 0:00:00 • 0:00:00 27.28it/s  
Predicting ━━━━━━━━━━━━━━━━━━━━━━━━━━━━━━━━━━━━━━━━ 8/8 0:00:00 • 0:00:00 27.35it/s  
Predicting ━━━━━━━━━━━━━━━━━━━━━━━━━━━━━━━━━━━━━━━━ 8/8 0:00:00 • 0:00:00 21.36it/s  
batch 477: size=500 time=6.32s
Predicting ━━━━━━━━━━━━━━━━━━━━━━━━━━━━━━━━━━━━━━━━ 8/8 0:00:00 • 0:00:00 29.92it/s  
Predicting ━━━━━━━━━━━━━━━━━━━━━━━━━━━━━━━━━━━━━━━━ 8/8 0:00:00 • 0:00:00 30.43it/s  
Predicting ━━━━━━━━━━━━━━━━━━━━━━━━━━━━━━━━━━━━━━━━ 8/8 0:00:00 • 0:00:00 30.07it/s  
Predicting ━━━━━━━━━━━━━━━━━━━━━━━━━━━━━━━━━━━━━━━━ 8/8 0:00:00 • 0:00:00 31.01it/s  
Predicting ━━━━━━━━━━━━━━━━━━━━━━━━━━━━━━━━━━━━━━━━ 8/8 0:00:00 • 0:00:00 31.21it/s  
Predicting ━━━━━━━━━━━━━━━━━━━━━━━━━━━━━━━━━━━━━━━━ 8/8 0:00:00 • 0:00:00 27.12it/s  
Predicting ━━━━━━━━━━━━━━━━━━━━━━━━━━━━━━━━━━━━━━━━ 8/8 0:00:00 • 0:00:00 27.61it/s  
Predicting ━━━━━━━━━━━━━━━━━━━━━━━━━━━━━━━━━━━━━━━━ 8/8 0:00:00 • 0:00:00 28.22it/s  
Predicting ━━━━━━━━━━━━━━━━━━━━━━━━━━━━━━━━━━━━━━━━ 8/8 0:00:00 • 0:00:00 29.09it/s  
Predicting ━━━━━━━━━━━━━━━━━━━━━━━━━━━━━━━━━━━━━━━━ 8/8 0:00:00 • 0:00:00 27.54it/s  
batch 478: size=500 time=5.50s
Predicting ━━━━━━━━━━━━━━━━━━━━━━━━━━━━━━━━━━━━━━━━ 8/8 0:00:00 • 0:00:00 28.35it/s  
Predicting ━━━━━━━━━━━━━━━━━━━━━━━━━━━━━━━━━━━━━━━━ 8/8 0:00:00 • 0:00:00 30.14it/s  
Predicting ━━━━━━━━━━━━━━━━━━━━━━━━━━━━━━━━━━━━━━━━ 8/8 0:00:00 • 0:00:00 30.99it/s  
Predicting ━━━━━━━━━━━━━━━━━━━━━━━━━━━━━━━━━━━━━━━━ 8/8 0:00:00 • 0:00:00 29.79it/s  
Predicting ━━━━━━━━━━━━━━━━━━━━━━━━━━━━━━━━━━━━━━━━ 8/8 0:00:00 • 0:00:00 29.43it/s  
Predicting ━━━━━━━━━━━━━━━━━━━━━━━━━━━━━━━━━━━━━━━━ 8/8 0:00:00 • 0:00:00 29.22it/s  
Predicting ━━━━━━━━━━━━━━━━━━━━━━━━━━━━━━━━━━━━━━━━ 8/8 0:00:00 • 0:00:00 30.24it/s  
Predicting ━━━━━━━━━━━━━━━━━━━━━━━━━━━━━━━━━━━━━━━━ 8/8 0:00:00 • 0:00:00 30.12it/s  
Predicting ━━━━━━━━━━━━━━━━━━━━━━━━━━━━━━━━━━━━━━━━ 8/8 0:00:00 • 0:00:00 30.70it/s  
Predicting ━━━━━━━━━━━━━━━━━━━━━━━━━━━━━━━━━━━━━━━━ 8/8 0:00:00 • 0:00:00 29.74it/s  
batch 479: size=500 time=5.45s
Predicting ━━━━━━━━━━━━━━━━━━━━━━━━━━━━━━━━━━━━━━━━ 8/8 0:00:00 • 0:00:00 27.89it/s  
Predicting ━━━━━━━━━━━━━━━━━━━━━━━━━━━━━━━━━━━━━━━━ 8/8 0:00:00 • 0:00:00 27.39it/s  
Predicting ━━━━━━━━━━━━━━━━━━━━━━━━━━━━━━━━━━━━━━━━ 8/8 0:00:00 • 0:00:00 28.14it/s  
Predicting ━━━━━━━━━━━━━━━━━━━━━━━━━━━━━━━━━━━━━━━━ 8/8 0:00:00 • 0:00:00 28.74it/s  
Predicting ━━━━━━━━━━━━━━━━━━━━━━━━━━━━━━━━━━━━━━━━ 8/8 0:00:00 • 0:00:00 29.23it/s  
Predicting ━━━━━━━━━━━━━━━━━━━━━━━━━━━━━━━━━━━━━━━━ 8/8 0:00:00 • 0:00:00 29.01it/s  
Predicting ━━━━━━━━━━━━━━━━━━━━━━━━━━━━━━━━━━━━━━━━ 8/8 0:00:00 • 0:00:00 28.54it/s  
Predicting ━━━━━━━━━━━━━━━━━━━━━━━━━━━━━━━━━━━━━━━━ 8/8 0:00:00 • 0:00:00 28.62it/s  
Predicting ━━━━━━━━━━━━━━━━━━━━━━━━━━━━━━━━━━━━━━━━ 8/8 0:00:00 • 0:00:00 28.13it/s  
Predicting ━━━━━━━━━━━━━━━━━━━━━━━━━━━━━━━━━━━━━━━━ 8/8 0:00:00 • 0:00:00 27.94it/s  
batch 480: size=500 time=5.54s
Predicting ━━━━━━━━━━━━━━━━━━━━━━━━━━━━━━━━━━━━━━━━ 8/8 0:00:00 • 0:00:00 27.67it/s  
Predicting ━━━━━━━━━━━━━━━━━━━━━━━━━━━━━━━━━━━━━━━━ 8/8 0:00:00 • 0:00:00 27.96it/s  
Predicting ━━━━━━━━━━━━━━━━━━━━━━━━━━━━━━━━━━━━━━━━ 8/8 0:00:00 • 0:00:00 28.31it/s  
Predicting ━━━━━━━━━━━━━━━━━━━━━━━━━━━━━━━━━━━━━━━━ 8/8 0:00:00 • 0:00:00 27.57it/s  
Predicting ━━━━━━━━━━━━━━━━━━━━━━━━━━━━━━━━━━━━━━━━ 8/8 0:00:00 • 0:00:00 27.93it/s  
Predicting ━━━━━━━━━━━━━━━━━━━━━━━━━━━━━━━━━━━━━━━━ 8/8 0:00:00 • 0:00:00 27.44it/s  
Predicting ━━━━━━━━━━━━━━━━━━━━━━━━━━━━━━━━━━━━━━━━ 8/8 0:00:00 • 0:00:00 28.01it/s  
Predicting ━━━━━━━━━━━━━━━━━━━━━━━━━━━━━━━━━━━━━━━━ 8/8 0:00:00 • 0:00:00 28.46it/s  
Predicting ━━━━━━━━━━━━━━━━━━━━━━━━━━━━━━━━━━━━━━━━ 8/8 0:00:00 • 0:00:00 28.60it/s  
Predicting ━━━━━━━━━━━━━━━━━━━━━━━━━━━━━━━━━━━━━━━━ 8/8 0:00:00 • 0:00:00 28.83it/s  
batch 481: size=500 time=5.58s
Predicting ━━━━━━━━━━━━━━━━━━━━━━━━━━━━━━━━━━━━━━━━ 8/8 0:00:00 • 0:00:00 27.56it/s  
Predicting ━━━━━━━━━━━━━━━━━━━━━━━━━━━━━━━━━━━━━━━━ 8/8 0:00:00 • 0:00:00 26.96it/s  
Predicting ━━━━━━━━━━━━━━━━━━━━━━━━━━━━━━━━━━━━━━━━ 8/8 0:00:00 • 0:00:00 26.90it/s  
Predicting ━━━━━━━━━━━━━━━━━━━━━━━━━━━━━━━━━━━━━━━━ 8/8 0:00:00 • 0:00:00 27.83it/s  
Predicting ━━━━━━━━━━━━━━━━━━━━━━━━━━━━━━━━━━━━━━━━ 8/8 0:00:00 • 0:00:00 27.43it/s  
Predicting ━━━━━━━━━━━━━━━━━━━━━━━━━━━━━━━━━━━━━━━━ 8/8 0:00:00 • 0:00:00 27.14it/s  
Predicting ━━━━━━━━━━━━━━━━━━━━━━━━━━━━━━━━━━━━━━━━ 8/8 0:00:00 • 0:00:00 28.13it/s  
Predicting ━━━━━━━━━━━━━━━━━━━━━━━━━━━━━━━━━━━━━━━━ 8/8 0:00:00 • 0:00:00 27.00it/s  
Predicting ━━━━━━━━━━━━━━━━━━━━━━━━━━━━━━━━━━━━━━━━ 8/8 0:00:00 • 0:00:00 27.35it/s  
Predicting ━━━━━━━━━━━━━━━━━━━━━━━━━━━━━━━━━━━━━━━━ 8/8 0:00:00 • 0:00:00 27.71it/s  
batch 482: size=500 time=5.71s
Predicting ━━━━━━━━━━━━━━━━━━━━━━━━━━━━━━━━━━━━━━━━ 8/8 0:00:00 • 0:00:00 27.44it/s  
Predicting ━━━━━━━━━━━━━━━━━━━━━━━━━━━━━━━━━━━━━━━━ 8/8 0:00:00 • 0:00:00 27.76it/s  
Predicting ━━━━━━━━━━━━━━━━━━━━━━━━━━━━━━━━━━━━━━━━ 8/8 0:00:00 • 0:00:00 27.24it/s  
Predicting ━━━━━━━━━━━━━━━━━━━━━━━━━━━━━━━━━━━━━━━━ 8/8 0:00:00 • 0:00:00 27.55it/s  
Predicting ━━━━━━━━━━━━━━━━━━━━━━━━━━━━━━━━━━━━━━━━ 8/8 0:00:00 • 0:00:00 30.85it/s  
Predicting ━━━━━━━━━━━━━━━━━━━━━━━━━━━━━━━━━━━━━━━━ 8/8 0:00:00 • 0:00:00 27.09it/s  
Predicting ━━━━━━━━━━━━━━━━━━━━━━━━━━━━━━━━━━━━━━━━ 8/8 0:00:00 • 0:00:00 27.43it/s  
Predicting ━━━━━━━━━━━━━━━━━━━━━━━━━━━━━━━━━━━━━━━━ 8/8 0:00:00 • 0:00:00 28.56it/s  
Predicting ━━━━━━━━━━━━━━━━━━━━━━━━━━━━━━━━━━━━━━━━ 8/8 0:00:00 • 0:00:00 27.56it/s  
Predicting ━━━━━━━━━━━━━━━━━━━━━━━━━━━━━━━━━━━━━━━━ 8/8 0:00:00 • 0:00:00 28.14it/s  
batch 483: size=500 time=5.74s
Predicting ━━━━━━━━━━━━━━━━━━━━━━━━━━━━━━━━━━━━━━━━ 8/8 0:00:00 • 0:00:00 27.11it/s  
Predicting ━━━━━━━━━━━━━━━━━━━━━━━━━━━━━━━━━━━━━━━━ 8/8 0:00:00 • 0:00:00 27.89it/s  
Predicting ━━━━━━━━━━━━━━━━━━━━━━━━━━━━━━━━━━━━━━━━ 8/8 0:00:00 • 0:00:00 28.08it/s  
Predicting ━━━━━━━━━━━━━━━━━━━━━━━━━━━━━━━━━━━━━━━━ 8/8 0:00:00 • 0:00:00 27.81it/s  
Predicting ━━━━━━━━━━━━━━━━━━━━━━━━━━━━━━━━━━━━━━━━ 8/8 0:00:00 • 0:00:00 27.47it/s  
Predicting ━━━━━━━━━━━━━━━━━━━━━━━━━━━━━━━━━━━━━━━━ 8/8 0:00:00 • 0:00:00 26.57it/s  
Predicting ━━━━━━━━━━━━━━━━━━━━━━━━━━━━━━━━━━━━━━━━ 8/8 0:00:00 • 0:00:00 27.11it/s  
Predicting ━━━━━━━━━━━━━━━━━━━━━━━━━━━━━━━━━━━━━━━━ 8/8 0:00:00 • 0:00:00 28.46it/s  
Predicting ━━━━━━━━━━━━━━━━━━━━━━━━━━━━━━━━━━━━━━━━ 8/8 0:00:00 • 0:00:00 28.02it/s  
Predicting ━━━━━━━━━━━━━━━━━━━━━━━━━━━━━━━━━━━━━━━━ 8/8 0:00:00 • 0:00:00 27.22it/s  
batch 484: size=500 time=5.60s
Predicting ━━━━━━━━━━━━━━━━━━━━━━━━━━━━━━━━━━━━━━━━ 8/8 0:00:00 • 0:00:00 26.48it/s  
Predicting ━━━━━━━━━━━━━━━━━━━━━━━━━━━━━━━━━━━━━━━━ 8/8 0:00:00 • 0:00:00 26.83it/s  
Predicting ━━━━━━━━━━━━━━━━━━━━━━━━━━━━━━━━━━━━━━━━ 8/8 0:00:00 • 0:00:00 28.18it/s  
Predicting ━━━━━━━━━━━━━━━━━━━━━━━━━━━━━━━━━━━━━━━━ 8/8 0:00:00 • 0:00:00 27.73it/s  
Predicting ━━━━━━━━━━━━━━━━━━━━━━━━━━━━━━━━━━━━━━━━ 8/8 0:00:00 • 0:00:00 27.73it/s  
Predicting ━━━━━━━━━━━━━━━━━━━━━━━━━━━━━━━━━━━━━━━━ 8/8 0:00:00 • 0:00:00 26.69it/s  
Predicting ━━━━━━━━━━━━━━━━━━━━━━━━━━━━━━━━━━━━━━━━ 8/8 0:00:00 • 0:00:00 27.66it/s  
Predicting ━━━━━━━━━━━━━━━━━━━━━━━━━━━━━━━━━━━━━━━━ 8/8 0:00:00 • 0:00:00 27.29it/s  
Predicting ━━━━━━━━━━━━━━━━━━━━━━━━━━━━━━━━━━━━━━━━ 8/8 0:00:00 • 0:00:00 28.37it/s  
Predicting ━━━━━━━━━━━━━━━━━━━━━━━━━━━━━━━━━━━━━━━━ 8/8 0:00:00 • 0:00:00 28.68it/s  
batch 485: size=500 time=5.70s
Predicting ━━━━━━━━━━━━━━━━━━━━━━━━━━━━━━━━━━━━━━━━ 8/8 0:00:00 • 0:00:00 19.80it/s  
Predicting ━━━━━━━━━━━━━━━━━━━━━━━━━━━━━━━━━━━━━━━━ 8/8 0:00:00 • 0:00:00 20.15it/s  
Predicting ━━━━━━━━━━━━━━━━━━━━━━━━━━━━━━━━━━━━━━━━ 8/8 0:00:00 • 0:00:00 20.04it/s  
Predicting ━━━━━━━━━━━━━━━━━━━━━━━━━━━━━━━━━━━━━━━━ 8/8 0:00:00 • 0:00:00 19.96it/s  
Predicting ━━━━━━━━━━━━━━━━━━━━━━━━━━━━━━━━━━━━━━━━ 8/8 0:00:00 • 0:00:00 20.32it/s  
Predicting ━━━━━━━━━━━━━━━━━━━━━━━━━━━━━━━━━━━━━━━━ 8/8 0:00:00 • 0:00:00 30.29it/s  
Predicting ━━━━━━━━━━━━━━━━━━━━━━━━━━━━━━━━━━━━━━━━ 8/8 0:00:00 • 0:00:00 29.72it/s  
Predicting ━━━━━━━━━━━━━━━━━━━━━━━━━━━━━━━━━━━━━━━━ 8/8 0:00:00 • 0:00:00 29.18it/s  
Predicting ━━━━━━━━━━━━━━━━━━━━━━━━━━━━━━━━━━━━━━━━ 8/8 0:00:00 • 0:00:00 31.14it/s  
Predicting ━━━━━━━━━━━━━━━━━━━━━━━━━━━━━━━━━━━━━━━━ 8/8 0:00:00 • 0:00:00 30.23it/s  
batch 486: size=500 time=6.07s
Predicting ━━━━━━━━━━━━━━━━━━━━━━━━━━━━━━━━━━━━━━━━ 8/8 0:00:00 • 0:00:00 28.55it/s  
Predicting ━━━━━━━━━━━━━━━━━━━━━━━━━━━━━━━━━━━━━━━━ 8/8 0:00:00 • 0:00:00 30.67it/s  
Predicting ━━━━━━━━━━━━━━━━━━━━━━━━━━━━━━━━━━━━━━━━ 8/8 0:00:00 • 0:00:00 30.27it/s  
Predicting ━━━━━━━━━━━━━━━━━━━━━━━━━━━━━━━━━━━━━━━━ 8/8 0:00:00 • 0:00:00 30.48it/s  
Predicting ━━━━━━━━━━━━━━━━━━━━━━━━━━━━━━━━━━━━━━━━ 8/8 0:00:00 • 0:00:00 31.22it/s  
Predicting ━━━━━━━━━━━━━━━━━━━━━━━━━━━━━━━━━━━━━━━━ 8/8 0:00:00 • 0:00:00 29.15it/s  
Predicting ━━━━━━━━━━━━━━━━━━━━━━━━━━━━━━━━━━━━━━━━ 8/8 0:00:00 • 0:00:00 30.15it/s  
Predicting ━━━━━━━━━━━━━━━━━━━━━━━━━━━━━━━━━━━━━━━━ 8/8 0:00:00 • 0:00:00 31.17it/s  
Predicting ━━━━━━━━━━━━━━━━━━━━━━━━━━━━━━━━━━━━━━━━ 8/8 0:00:00 • 0:00:00 29.67it/s  
Predicting ━━━━━━━━━━━━━━━━━━━━━━━━━━━━━━━━━━━━━━━━ 8/8 0:00:00 • 0:00:00 30.33it/s  
batch 487: size=500 time=5.41s
Predicting ━━━━━━━━━━━━━━━━━━━━━━━━━━━━━━━━━━━━━━━━ 8/8 0:00:00 • 0:00:00 26.92it/s  
Predicting ━━━━━━━━━━━━━━━━━━━━━━━━━━━━━━━━━━━━━━━━ 8/8 0:00:00 • 0:00:00 27.65it/s  
Predicting ━━━━━━━━━━━━━━━━━━━━━━━━━━━━━━━━━━━━━━━━ 8/8 0:00:00 • 0:00:00 27.06it/s  
Predicting ━━━━━━━━━━━━━━━━━━━━━━━━━━━━━━━━━━━━━━━━ 8/8 0:00:00 • 0:00:00 28.41it/s  
Predicting ━━━━━━━━━━━━━━━━━━━━━━━━━━━━━━━━━━━━━━━━ 8/8 0:00:00 • 0:00:00 28.51it/s  
Predicting ━━━━━━━━━━━━━━━━━━━━━━━━━━━━━━━━━━━━━━━━ 8/8 0:00:00 • 0:00:00 27.10it/s  
Predicting ━━━━━━━━━━━━━━━━━━━━━━━━━━━━━━━━━━━━━━━━ 8/8 0:00:00 • 0:00:00 26.84it/s  
Predicting ━━━━━━━━━━━━━━━━━━━━━━━━━━━━━━━━━━━━━━━━ 8/8 0:00:00 • 0:00:00 27.45it/s  
Predicting ━━━━━━━━━━━━━━━━━━━━━━━━━━━━━━━━━━━━━━━━ 8/8 0:00:00 • 0:00:00 27.29it/s  
Predicting ━━━━━━━━━━━━━━━━━━━━━━━━━━━━━━━━━━━━━━━━ 8/8 0:00:00 • 0:00:00 28.05it/s  
batch 488: size=500 time=5.67s
Predicting ━━━━━━━━━━━━━━━━━━━━━━━━━━━━━━━━━━━━━━━━ 8/8 0:00:00 • 0:00:00 27.16it/s  
Predicting ━━━━━━━━━━━━━━━━━━━━━━━━━━━━━━━━━━━━━━━━ 8/8 0:00:00 • 0:00:00 26.70it/s  
Predicting ━━━━━━━━━━━━━━━━━━━━━━━━━━━━━━━━━━━━━━━━ 8/8 0:00:00 • 0:00:00 27.53it/s  
Predicting ━━━━━━━━━━━━━━━━━━━━━━━━━━━━━━━━━━━━━━━━ 8/8 0:00:00 • 0:00:00 27.96it/s  
Predicting ━━━━━━━━━━━━━━━━━━━━━━━━━━━━━━━━━━━━━━━━ 8/8 0:00:00 • 0:00:00 27.03it/s  
Predicting ━━━━━━━━━━━━━━━━━━━━━━━━━━━━━━━━━━━━━━━━ 8/8 0:00:00 • 0:00:00 26.88it/s  
Predicting ━━━━━━━━━━━━━━━━━━━━━━━━━━━━━━━━━━━━━━━━ 8/8 0:00:00 • 0:00:00 27.63it/s  
Predicting ━━━━━━━━━━━━━━━━━━━━━━━━━━━━━━━━━━━━━━━━ 8/8 0:00:00 • 0:00:00 27.28it/s  
Predicting ━━━━━━━━━━━━━━━━━━━━━━━━━━━━━━━━━━━━━━━━ 8/8 0:00:00 • 0:00:00 27.57it/s  
Predicting ━━━━━━━━━━━━━━━━━━━━━━━━━━━━━━━━━━━━━━━━ 8/8 0:00:00 • 0:00:00 27.52it/s  
batch 489: size=500 time=5.73s
Predicting ━━━━━━━━━━━━━━━━━━━━━━━━━━━━━━━━━━━━━━━━ 8/8 0:00:00 • 0:00:00 19.61it/s  
Predicting ━━━━━━━━━━━━━━━━━━━━━━━━━━━━━━━━━━━━━━━━ 8/8 0:00:00 • 0:00:00 19.90it/s  
Predicting ━━━━━━━━━━━━━━━━━━━━━━━━━━━━━━━━━━━━━━━━ 8/8 0:00:00 • 0:00:00 19.93it/s  
Predicting ━━━━━━━━━━━━━━━━━━━━━━━━━━━━━━━━━━━━━━━━ 8/8 0:00:00 • 0:00:00 27.49it/s  
Predicting ━━━━━━━━━━━━━━━━━━━━━━━━━━━━━━━━━━━━━━━━ 8/8 0:00:00 • 0:00:00 29.31it/s  
Predicting ━━━━━━━━━━━━━━━━━━━━━━━━━━━━━━━━━━━━━━━━ 8/8 0:00:00 • 0:00:00 29.63it/s  
Predicting ━━━━━━━━━━━━━━━━━━━━━━━━━━━━━━━━━━━━━━━━ 8/8 0:00:00 • 0:00:00 30.20it/s  
Predicting ━━━━━━━━━━━━━━━━━━━━━━━━━━━━━━━━━━━━━━━━ 8/8 0:00:00 • 0:00:00 29.69it/s  
Predicting ━━━━━━━━━━━━━━━━━━━━━━━━━━━━━━━━━━━━━━━━ 8/8 0:00:00 • 0:00:00 29.78it/s  
Predicting ━━━━━━━━━━━━━━━━━━━━━━━━━━━━━━━━━━━━━━━━ 8/8 0:00:00 • 0:00:00 30.69it/s  
batch 490: size=500 time=5.84s
Predicting ━━━━━━━━━━━━━━━━━━━━━━━━━━━━━━━━━━━━━━━━ 8/8 0:00:00 • 0:00:00 28.00it/s  
Predicting ━━━━━━━━━━━━━━━━━━━━━━━━━━━━━━━━━━━━━━━━ 8/8 0:00:00 • 0:00:00 27.49it/s  
Predicting ━━━━━━━━━━━━━━━━━━━━━━━━━━━━━━━━━━━━━━━━ 8/8 0:00:00 • 0:00:00 27.85it/s  
Predicting ━━━━━━━━━━━━━━━━━━━━━━━━━━━━━━━━━━━━━━━━ 8/8 0:00:00 • 0:00:00 26.86it/s  
Predicting ━━━━━━━━━━━━━━━━━━━━━━━━━━━━━━━━━━━━━━━━ 8/8 0:00:00 • 0:00:00 27.50it/s  
Predicting ━━━━━━━━━━━━━━━━━━━━━━━━━━━━━━━━━━━━━━━━ 8/8 0:00:00 • 0:00:00 27.10it/s  
Predicting ━━━━━━━━━━━━━━━━━━━━━━━━━━━━━━━━━━━━━━━━ 8/8 0:00:00 • 0:00:00 27.06it/s  
Predicting ━━━━━━━━━━━━━━━━━━━━━━━━━━━━━━━━━━━━━━━━ 8/8 0:00:00 • 0:00:00 27.71it/s  
Predicting ━━━━━━━━━━━━━━━━━━━━━━━━━━━━━━━━━━━━━━━━ 8/8 0:00:00 • 0:00:00 27.96it/s  
Predicting ━━━━━━━━━━━━━━━━━━━━━━━━━━━━━━━━━━━━━━━━ 8/8 0:00:00 • 0:00:00 27.94it/s  
batch 491: size=500 time=5.70s
Predicting ━━━━━━━━━━━━━━━━━━━━━━━━━━━━━━━━━━━━━━━━ 8/8 0:00:00 • 0:00:00 20.04it/s  
Predicting ━━━━━━━━━━━━━━━━━━━━━━━━━━━━━━━━━━━━━━━━ 8/8 0:00:00 • 0:00:00 20.14it/s  
Predicting ━━━━━━━━━━━━━━━━━━━━━━━━━━━━━━━━━━━━━━━━ 8/8 0:00:00 • 0:00:00 20.21it/s  
Predicting ━━━━━━━━━━━━━━━━━━━━━━━━━━━━━━━━━━━━━━━━ 8/8 0:00:00 • 0:00:00 20.14it/s  
Predicting ━━━━━━━━━━━━━━━━━━━━━━━━━━━━━━━━━━━━━━━━ 8/8 0:00:00 • 0:00:00 26.79it/s  
Predicting ━━━━━━━━━━━━━━━━━━━━━━━━━━━━━━━━━━━━━━━━ 8/8 0:00:00 • 0:00:00 29.85it/s  
Predicting ━━━━━━━━━━━━━━━━━━━━━━━━━━━━━━━━━━━━━━━━ 8/8 0:00:00 • 0:00:00 30.39it/s  
Predicting ━━━━━━━━━━━━━━━━━━━━━━━━━━━━━━━━━━━━━━━━ 8/8 0:00:00 • 0:00:00 31.73it/s  
Predicting ━━━━━━━━━━━━━━━━━━━━━━━━━━━━━━━━━━━━━━━━ 8/8 0:00:00 • 0:00:00 31.47it/s  
Predicting ━━━━━━━━━━━━━━━━━━━━━━━━━━━━━━━━━━━━━━━━ 8/8 0:00:00 • 0:00:00 29.56it/s  
batch 492: size=500 time=5.92s
Predicting ━━━━━━━━━━━━━━━━━━━━━━━━━━━━━━━━━━━━━━━━ 8/8 0:00:00 • 0:00:00 28.48it/s  
Predicting ━━━━━━━━━━━━━━━━━━━━━━━━━━━━━━━━━━━━━━━━ 8/8 0:00:00 • 0:00:00 26.12it/s  
Predicting ━━━━━━━━━━━━━━━━━━━━━━━━━━━━━━━━━━━━━━━━ 8/8 0:00:00 • 0:00:00 27.48it/s  
Predicting ━━━━━━━━━━━━━━━━━━━━━━━━━━━━━━━━━━━━━━━━ 8/8 0:00:00 • 0:00:00 25.98it/s  
Predicting ━━━━━━━━━━━━━━━━━━━━━━━━━━━━━━━━━━━━━━━━ 8/8 0:00:00 • 0:00:00 25.57it/s  
Predicting ━━━━━━━━━━━━━━━━━━━━━━━━━━━━━━━━━━━━━━━━ 8/8 0:00:00 • 0:00:00 30.12it/s  
Predicting ━━━━━━━━━━━━━━━━━━━━━━━━━━━━━━━━━━━━━━━━ 8/8 0:00:00 • 0:00:00 29.47it/s  
Predicting ━━━━━━━━━━━━━━━━━━━━━━━━━━━━━━━━━━━━━━━━ 8/8 0:00:00 • 0:00:00 28.65it/s  
Predicting ━━━━━━━━━━━━━━━━━━━━━━━━━━━━━━━━━━━━━━━━ 8/8 0:00:00 • 0:00:00 31.73it/s  
Predicting ━━━━━━━━━━━━━━━━━━━━━━━━━━━━━━━━━━━━━━━━ 8/8 0:00:00 • 0:00:00 31.05it/s  
batch 493: size=500 time=5.62s
Predicting ━━━━━━━━━━━━━━━━━━━━━━━━━━━━━━━━━━━━━━━━ 8/8 0:00:00 • 0:00:00 30.03it/s  
Predicting ━━━━━━━━━━━━━━━━━━━━━━━━━━━━━━━━━━━━━━━━ 8/8 0:00:00 • 0:00:00 32.00it/s  
Predicting ━━━━━━━━━━━━━━━━━━━━━━━━━━━━━━━━━━━━━━━━ 8/8 0:00:00 • 0:00:00 30.34it/s  
Predicting ━━━━━━━━━━━━━━━━━━━━━━━━━━━━━━━━━━━━━━━━ 8/8 0:00:00 • 0:00:00 30.13it/s  
Predicting ━━━━━━━━━━━━━━━━━━━━━━━━━━━━━━━━━━━━━━━━ 8/8 0:00:00 • 0:00:00 31.60it/s  
Predicting ━━━━━━━━━━━━━━━━━━━━━━━━━━━━━━━━━━━━━━━━ 8/8 0:00:00 • 0:00:00 29.81it/s  
Predicting ━━━━━━━━━━━━━━━━━━━━━━━━━━━━━━━━━━━━━━━━ 8/8 0:00:00 • 0:00:00 30.21it/s  
Predicting ━━━━━━━━━━━━━━━━━━━━━━━━━━━━━━━━━━━━━━━━ 8/8 0:00:00 • 0:00:00 30.85it/s  
Predicting ━━━━━━━━━━━━━━━━━━━━━━━━━━━━━━━━━━━━━━━━ 8/8 0:00:00 • 0:00:00 31.01it/s  
Predicting ━━━━━━━━━━━━━━━━━━━━━━━━━━━━━━━━━━━━━━━━ 8/8 0:00:00 • 0:00:00 30.18it/s  
batch 494: size=500 time=5.38s
Predicting ━━━━━━━━━━━━━━━━━━━━━━━━━━━━━━━━━━━━━━━━ 8/8 0:00:00 • 0:00:00 29.78it/s  
Predicting ━━━━━━━━━━━━━━━━━━━━━━━━━━━━━━━━━━━━━━━━ 8/8 0:00:00 • 0:00:00 29.44it/s  
Predicting ━━━━━━━━━━━━━━━━━━━━━━━━━━━━━━━━━━━━━━━━ 8/8 0:00:00 • 0:00:00 31.06it/s  
Predicting ━━━━━━━━━━━━━━━━━━━━━━━━━━━━━━━━━━━━━━━━ 8/8 0:00:00 • 0:00:00 30.91it/s  
Predicting ━━━━━━━━━━━━━━━━━━━━━━━━━━━━━━━━━━━━━━━━ 8/8 0:00:00 • 0:00:00 31.34it/s  
Predicting ━━━━━━━━━━━━━━━━━━━━━━━━━━━━━━━━━━━━━━━━ 8/8 0:00:00 • 0:00:00 31.10it/s  
Predicting ━━━━━━━━━━━━━━━━━━━━━━━━━━━━━━━━━━━━━━━━ 8/8 0:00:00 • 0:00:00 31.21it/s  
Predicting ━━━━━━━━━━━━━━━━━━━━━━━━━━━━━━━━━━━━━━━━ 8/8 0:00:00 • 0:00:00 30.77it/s  
Predicting ━━━━━━━━━━━━━━━━━━━━━━━━━━━━━━━━━━━━━━━━ 8/8 0:00:00 • 0:00:00 30.14it/s  
Predicting ━━━━━━━━━━━━━━━━━━━━━━━━━━━━━━━━━━━━━━━━ 8/8 0:00:00 • 0:00:00 30.23it/s  
batch 495: size=500 time=5.48s
Predicting ━━━━━━━━━━━━━━━━━━━━━━━━━━━━━━━━━━━━━━━━ 8/8 0:00:00 • 0:00:00 29.06it/s  
Predicting ━━━━━━━━━━━━━━━━━━━━━━━━━━━━━━━━━━━━━━━━ 8/8 0:00:00 • 0:00:00 31.91it/s  
Predicting ━━━━━━━━━━━━━━━━━━━━━━━━━━━━━━━━━━━━━━━━ 8/8 0:00:00 • 0:00:00 31.81it/s  
Predicting ━━━━━━━━━━━━━━━━━━━━━━━━━━━━━━━━━━━━━━━━ 8/8 0:00:00 • 0:00:00 30.26it/s  
Predicting ━━━━━━━━━━━━━━━━━━━━━━━━━━━━━━━━━━━━━━━━ 8/8 0:00:00 • 0:00:00 31.42it/s  
Predicting ━━━━━━━━━━━━━━━━━━━━━━━━━━━━━━━━━━━━━━━━ 8/8 0:00:00 • 0:00:00 20.06it/s  
Predicting ━━━━━━━━━━━━━━━━━━━━━━━━━━━━━━━━━━━━━━━━ 8/8 0:00:00 • 0:00:00 21.96it/s  
Predicting ━━━━━━━━━━━━━━━━━━━━━━━━━━━━━━━━━━━━━━━━ 8/8 0:00:00 • 0:00:00 27.41it/s  
Predicting ━━━━━━━━━━━━━━━━━━━━━━━━━━━━━━━━━━━━━━━━ 8/8 0:00:00 • 0:00:00 28.76it/s  
Predicting ━━━━━━━━━━━━━━━━━━━━━━━━━━━━━━━━━━━━━━━━ 8/8 0:00:00 • 0:00:00 27.90it/s  
batch 496: size=500 time=5.65s
Predicting ━━━━━━━━━━━━━━━━━━━━━━━━━━━━━━━━━━━━━━━━ 8/8 0:00:00 • 0:00:00 27.28it/s  
Predicting ━━━━━━━━━━━━━━━━━━━━━━━━━━━━━━━━━━━━━━━━ 8/8 0:00:00 • 0:00:00 28.20it/s  
Predicting ━━━━━━━━━━━━━━━━━━━━━━━━━━━━━━━━━━━━━━━━ 8/8 0:00:00 • 0:00:00 29.72it/s  
Predicting ━━━━━━━━━━━━━━━━━━━━━━━━━━━━━━━━━━━━━━━━ 8/8 0:00:00 • 0:00:00 28.25it/s  
Predicting ━━━━━━━━━━━━━━━━━━━━━━━━━━━━━━━━━━━━━━━━ 8/8 0:00:00 • 0:00:00 28.03it/s  
Predicting ━━━━━━━━━━━━━━━━━━━━━━━━━━━━━━━━━━━━━━━━ 8/8 0:00:00 • 0:00:00 27.46it/s  
Predicting ━━━━━━━━━━━━━━━━━━━━━━━━━━━━━━━━━━━━━━━━ 8/8 0:00:00 • 0:00:00 28.35it/s  
Predicting ━━━━━━━━━━━━━━━━━━━━━━━━━━━━━━━━━━━━━━━━ 8/8 0:00:00 • 0:00:00 27.62it/s  
Predicting ━━━━━━━━━━━━━━━━━━━━━━━━━━━━━━━━━━━━━━━━ 8/8 0:00:00 • 0:00:00 27.50it/s  
Predicting ━━━━━━━━━━━━━━━━━━━━━━━━━━━━━━━━━━━━━━━━ 8/8 0:00:00 • 0:00:00 27.93it/s  
batch 497: size=500 time=5.61s
Predicting ━━━━━━━━━━━━━━━━━━━━━━━━━━━━━━━━━━━━━━━━ 8/8 0:00:00 • 0:00:00 26.95it/s  
Predicting ━━━━━━━━━━━━━━━━━━━━━━━━━━━━━━━━━━━━━━━━ 8/8 0:00:00 • 0:00:00 27.94it/s  
Predicting ━━━━━━━━━━━━━━━━━━━━━━━━━━━━━━━━━━━━━━━━ 8/8 0:00:00 • 0:00:00 28.15it/s  
Predicting ━━━━━━━━━━━━━━━━━━━━━━━━━━━━━━━━━━━━━━━━ 8/8 0:00:00 • 0:00:00 28.69it/s  
Predicting ━━━━━━━━━━━━━━━━━━━━━━━━━━━━━━━━━━━━━━━━ 8/8 0:00:00 • 0:00:00 27.56it/s  
Predicting ━━━━━━━━━━━━━━━━━━━━━━━━━━━━━━━━━━━━━━━━ 8/8 0:00:00 • 0:00:00 26.74it/s  
Predicting ━━━━━━━━━━━━━━━━━━━━━━━━━━━━━━━━━━━━━━━━ 8/8 0:00:00 • 0:00:00 28.05it/s  
Predicting ━━━━━━━━━━━━━━━━━━━━━━━━━━━━━━━━━━━━━━━━ 8/8 0:00:00 • 0:00:00 28.37it/s  
Predicting ━━━━━━━━━━━━━━━━━━━━━━━━━━━━━━━━━━━━━━━━ 8/8 0:00:00 • 0:00:00 27.88it/s  
Predicting ━━━━━━━━━━━━━━━━━━━━━━━━━━━━━━━━━━━━━━━━ 8/8 0:00:00 • 0:00:00 28.18it/s  
batch 498: size=500 time=5.58s
Predicting ━━━━━━━━━━━━━━━━━━━━━━━━━━━━━━━━━━━━━━━━ 8/8 0:00:00 • 0:00:00 27.57it/s  
Predicting ━━━━━━━━━━━━━━━━━━━━━━━━━━━━━━━━━━━━━━━━ 8/8 0:00:00 • 0:00:00 28.62it/s  
Predicting ━━━━━━━━━━━━━━━━━━━━━━━━━━━━━━━━━━━━━━━━ 8/8 0:00:00 • 0:00:00 27.44it/s  
Predicting ━━━━━━━━━━━━━━━━━━━━━━━━━━━━━━━━━━━━━━━━ 8/8 0:00:00 • 0:00:00 28.49it/s  
Predicting ━━━━━━━━━━━━━━━━━━━━━━━━━━━━━━━━━━━━━━━━ 8/8 0:00:00 • 0:00:00 28.07it/s  
Predicting ━━━━━━━━━━━━━━━━━━━━━━━━━━━━━━━━━━━━━━━━ 8/8 0:00:00 • 0:00:00 28.25it/s  
Predicting ━━━━━━━━━━━━━━━━━━━━━━━━━━━━━━━━━━━━━━━━ 8/8 0:00:00 • 0:00:00 27.57it/s  
Predicting ━━━━━━━━━━━━━━━━━━━━━━━━━━━━━━━━━━━━━━━━ 8/8 0:00:00 • 0:00:00 28.32it/s  
Predicting ━━━━━━━━━━━━━━━━━━━━━━━━━━━━━━━━━━━━━━━━ 8/8 0:00:00 • 0:00:00 28.79it/s  
Predicting ━━━━━━━━━━━━━━━━━━━━━━━━━━━━━━━━━━━━━━━━ 8/8 0:00:00 • 0:00:00 28.38it/s  
batch 499: size=500 time=5.58s
Predicting ━━━━━━━━━━━━━━━━━━━━━━━━━━━━━━━━━━━━━━━━ 8/8 0:00:00 • 0:00:00 30.74it/s  
Predicting ━━━━━━━━━━━━━━━━━━━━━━━━━━━━━━━━━━━━━━━━ 8/8 0:00:00 • 0:00:00 28.31it/s  
Predicting ━━━━━━━━━━━━━━━━━━━━━━━━━━━━━━━━━━━━━━━━ 8/8 0:00:00 • 0:00:00 27.83it/s  
Predicting ━━━━━━━━━━━━━━━━━━━━━━━━━━━━━━━━━━━━━━━━ 8/8 0:00:00 • 0:00:00 27.78it/s  
Predicting ━━━━━━━━━━━━━━━━━━━━━━━━━━━━━━━━━━━━━━━━ 8/8 0:00:00 • 0:00:00 28.28it/s  
Predicting ━━━━━━━━━━━━━━━━━━━━━━━━━━━━━━━━━━━━━━━━ 8/8 0:00:00 • 0:00:00 26.80it/s  
Predicting ━━━━━━━━━━━━━━━━━━━━━━━━━━━━━━━━━━━━━━━━ 8/8 0:00:00 • 0:00:00 28.06it/s  
Predicting ━━━━━━━━━━━━━━━━━━━━━━━━━━━━━━━━━━━━━━━━ 8/8 0:00:00 • 0:00:00 28.31it/s  
Predicting ━━━━━━━━━━━━━━━━━━━━━━━━━━━━━━━━━━━━━━━━ 8/8 0:00:00 • 0:00:00 27.92it/s  
Predicting ━━━━━━━━━━━━━━━━━━━━━━━━━━━━━━━━━━━━━━━━ 8/8 0:00:00 • 0:00:00 28.54it/s  
batch 500: size=500 time=5.58s
Predicting ━━━━━━━━━━━━━━━━━━━━━━━━━━━━━━━━━━━━━━━━ 8/8 0:00:00 • 0:00:00 26.90it/s  
Predicting ━━━━━━━━━━━━━━━━━━━━━━━━━━━━━━━━━━━━━━━━ 8/8 0:00:00 • 0:00:00 28.38it/s  
Predicting ━━━━━━━━━━━━━━━━━━━━━━━━━━━━━━━━━━━━━━━━ 8/8 0:00:00 • 0:00:00 27.83it/s  
Predicting ━━━━━━━━━━━━━━━━━━━━━━━━━━━━━━━━━━━━━━━━ 8/8 0:00:00 • 0:00:00 27.55it/s  
Predicting ━━━━━━━━━━━━━━━━━━━━━━━━━━━━━━━━━━━━━━━━ 8/8 0:00:00 • 0:00:00 27.79it/s  
Predicting ━━━━━━━━━━━━━━━━━━━━━━━━━━━━━━━━━━━━━━━━ 8/8 0:00:00 • 0:00:00 26.95it/s  
Predicting ━━━━━━━━━━━━━━━━━━━━━━━━━━━━━━━━━━━━━━━━ 8/8 0:00:00 • 0:00:00 27.68it/s  
Predicting ━━━━━━━━━━━━━━━━━━━━━━━━━━━━━━━━━━━━━━━━ 8/8 0:00:00 • 0:00:00 27.53it/s  
Predicting ━━━━━━━━━━━━━━━━━━━━━━━━━━━━━━━━━━━━━━━━ 8/8 0:00:00 • 0:00:00 27.70it/s  
Predicting ━━━━━━━━━━━━━━━━━━━━━━━━━━━━━━━━━━━━━━━━ 8/8 0:00:00 • 0:00:00 27.76it/s  
batch 501: size=500 time=5.69s
Predicting ━━━━━━━━━━━━━━━━━━━━━━━━━━━━━━━━━━━━━━━━ 8/8 0:00:00 • 0:00:00 27.38it/s  
Predicting ━━━━━━━━━━━━━━━━━━━━━━━━━━━━━━━━━━━━━━━━ 8/8 0:00:00 • 0:00:00 27.43it/s  
Predicting ━━━━━━━━━━━━━━━━━━━━━━━━━━━━━━━━━━━━━━━━ 8/8 0:00:00 • 0:00:00 28.53it/s  
Predicting ━━━━━━━━━━━━━━━━━━━━━━━━━━━━━━━━━━━━━━━━ 8/8 0:00:00 • 0:00:00 28.18it/s  
Predicting ━━━━━━━━━━━━━━━━━━━━━━━━━━━━━━━━━━━━━━━━ 8/8 0:00:00 • 0:00:00 27.43it/s  
Predicting ━━━━━━━━━━━━━━━━━━━━━━━━━━━━━━━━━━━━━━━━ 8/8 0:00:00 • 0:00:00 27.74it/s  
Predicting ━━━━━━━━━━━━━━━━━━━━━━━━━━━━━━━━━━━━━━━━ 8/8 0:00:00 • 0:00:00 27.43it/s  
Predicting ━━━━━━━━━━━━━━━━━━━━━━━━━━━━━━━━━━━━━━━━ 8/8 0:00:00 • 0:00:00 27.21it/s  
Predicting ━━━━━━━━━━━━━━━━━━━━━━━━━━━━━━━━━━━━━━━━ 8/8 0:00:00 • 0:00:00 27.86it/s  
Predicting ━━━━━━━━━━━━━━━━━━━━━━━━━━━━━━━━━━━━━━━━ 8/8 0:00:00 • 0:00:00 27.57it/s  
batch 502: size=500 time=5.61s
Predicting ━━━━━━━━━━━━━━━━━━━━━━━━━━━━━━━━━━━━━━━━ 8/8 0:00:00 • 0:00:00 27.24it/s  
Predicting ━━━━━━━━━━━━━━━━━━━━━━━━━━━━━━━━━━━━━━━━ 8/8 0:00:00 • 0:00:00 28.11it/s  
Predicting ━━━━━━━━━━━━━━━━━━━━━━━━━━━━━━━━━━━━━━━━ 8/8 0:00:00 • 0:00:00 27.62it/s  
Predicting ━━━━━━━━━━━━━━━━━━━━━━━━━━━━━━━━━━━━━━━━ 8/8 0:00:00 • 0:00:00 28.27it/s  
Predicting ━━━━━━━━━━━━━━━━━━━━━━━━━━━━━━━━━━━━━━━━ 8/8 0:00:00 • 0:00:00 28.17it/s  
Predicting ━━━━━━━━━━━━━━━━━━━━━━━━━━━━━━━━━━━━━━━━ 8/8 0:00:00 • 0:00:00 27.65it/s  
Predicting ━━━━━━━━━━━━━━━━━━━━━━━━━━━━━━━━━━━━━━━━ 8/8 0:00:00 • 0:00:00 28.01it/s  
Predicting ━━━━━━━━━━━━━━━━━━━━━━━━━━━━━━━━━━━━━━━━ 8/8 0:00:00 • 0:00:00 27.95it/s  
Predicting ━━━━━━━━━━━━━━━━━━━━━━━━━━━━━━━━━━━━━━━━ 8/8 0:00:00 • 0:00:00 27.94it/s  
Predicting ━━━━━━━━━━━━━━━━━━━━━━━━━━━━━━━━━━━━━━━━ 8/8 0:00:00 • 0:00:00 29.10it/s  
batch 503: size=500 time=5.64s
Predicting ━━━━━━━━━━━━━━━━━━━━━━━━━━━━━━━━━━━━━━━━ 8/8 0:00:00 • 0:00:00 24.91it/s  
Predicting ━━━━━━━━━━━━━━━━━━━━━━━━━━━━━━━━━━━━━━━━ 8/8 0:00:00 • 0:00:00 20.35it/s  
Predicting ━━━━━━━━━━━━━━━━━━━━━━━━━━━━━━━━━━━━━━━━ 8/8 0:00:00 • 0:00:00 20.38it/s  
Predicting ━━━━━━━━━━━━━━━━━━━━━━━━━━━━━━━━━━━━━━━━ 8/8 0:00:00 • 0:00:00 20.55it/s  
Predicting ━━━━━━━━━━━━━━━━━━━━━━━━━━━━━━━━━━━━━━━━ 8/8 0:00:00 • 0:00:00 32.31it/s  
Predicting ━━━━━━━━━━━━━━━━━━━━━━━━━━━━━━━━━━━━━━━━ 8/8 0:00:00 • 0:00:00 30.10it/s  
Predicting ━━━━━━━━━━━━━━━━━━━━━━━━━━━━━━━━━━━━━━━━ 8/8 0:00:00 • 0:00:00 31.20it/s  
Predicting ━━━━━━━━━━━━━━━━━━━━━━━━━━━━━━━━━━━━━━━━ 8/8 0:00:00 • 0:00:00 31.61it/s  
Predicting ━━━━━━━━━━━━━━━━━━━━━━━━━━━━━━━━━━━━━━━━ 8/8 0:00:00 • 0:00:00 31.06it/s  
Predicting ━━━━━━━━━━━━━━━━━━━━━━━━━━━━━━━━━━━━━━━━ 8/8 0:00:00 • 0:00:00 31.57it/s  
batch 504: size=500 time=5.74s
Predicting ━━━━━━━━━━━━━━━━━━━━━━━━━━━━━━━━━━━━━━━━ 8/8 0:00:00 • 0:00:00 27.82it/s  
Predicting ━━━━━━━━━━━━━━━━━━━━━━━━━━━━━━━━━━━━━━━━ 8/8 0:00:00 • 0:00:00 29.51it/s  
Predicting ━━━━━━━━━━━━━━━━━━━━━━━━━━━━━━━━━━━━━━━━ 8/8 0:00:00 • 0:00:00 30.21it/s  
Predicting ━━━━━━━━━━━━━━━━━━━━━━━━━━━━━━━━━━━━━━━━ 8/8 0:00:00 • 0:00:00 30.48it/s  
Predicting ━━━━━━━━━━━━━━━━━━━━━━━━━━━━━━━━━━━━━━━━ 8/8 0:00:00 • 0:00:00 31.12it/s  
Predicting ━━━━━━━━━━━━━━━━━━━━━━━━━━━━━━━━━━━━━━━━ 8/8 0:00:00 • 0:00:00 28.26it/s  
Predicting ━━━━━━━━━━━━━━━━━━━━━━━━━━━━━━━━━━━━━━━━ 8/8 0:00:00 • 0:00:00 30.98it/s  
Predicting ━━━━━━━━━━━━━━━━━━━━━━━━━━━━━━━━━━━━━━━━ 8/8 0:00:00 • 0:00:00 31.35it/s  
Predicting ━━━━━━━━━━━━━━━━━━━━━━━━━━━━━━━━━━━━━━━━ 8/8 0:00:00 • 0:00:00 30.68it/s  
Predicting ━━━━━━━━━━━━━━━━━━━━━━━━━━━━━━━━━━━━━━━━ 8/8 0:00:00 • 0:00:00 29.23it/s  
batch 505: size=500 time=6.10s
Predicting ━━━━━━━━━━━━━━━━━━━━━━━━━━━━━━━━━━━━━━━━ 8/8 0:00:00 • 0:00:00 28.04it/s  
Predicting ━━━━━━━━━━━━━━━━━━━━━━━━━━━━━━━━━━━━━━━━ 8/8 0:00:00 • 0:00:00 29.67it/s  
Predicting ━━━━━━━━━━━━━━━━━━━━━━━━━━━━━━━━━━━━━━━━ 8/8 0:00:00 • 0:00:00 30.09it/s  
Predicting ━━━━━━━━━━━━━━━━━━━━━━━━━━━━━━━━━━━━━━━━ 8/8 0:00:00 • 0:00:00 26.26it/s  
Predicting ━━━━━━━━━━━━━━━━━━━━━━━━━━━━━━━━━━━━━━━━ 8/8 0:00:00 • 0:00:00 29.92it/s  
Predicting ━━━━━━━━━━━━━━━━━━━━━━━━━━━━━━━━━━━━━━━━ 8/8 0:00:00 • 0:00:00 19.45it/s  
Predicting ━━━━━━━━━━━━━━━━━━━━━━━━━━━━━━━━━━━━━━━━ 8/8 0:00:00 • 0:00:00 26.16it/s  
Predicting ━━━━━━━━━━━━━━━━━━━━━━━━━━━━━━━━━━━━━━━━ 8/8 0:00:00 • 0:00:00 28.07it/s  
Predicting ━━━━━━━━━━━━━━━━━━━━━━━━━━━━━━━━━━━━━━━━ 8/8 0:00:00 • 0:00:00 27.64it/s  
Predicting ━━━━━━━━━━━━━━━━━━━━━━━━━━━━━━━━━━━━━━━━ 8/8 0:00:00 • 0:00:00 27.79it/s  
batch 506: size=500 time=5.80s
Predicting ━━━━━━━━━━━━━━━━━━━━━━━━━━━━━━━━━━━━━━━━ 8/8 0:00:00 • 0:00:00 27.23it/s  
Predicting ━━━━━━━━━━━━━━━━━━━━━━━━━━━━━━━━━━━━━━━━ 8/8 0:00:00 • 0:00:00 27.53it/s  
Predicting ━━━━━━━━━━━━━━━━━━━━━━━━━━━━━━━━━━━━━━━━ 8/8 0:00:00 • 0:00:00 27.71it/s  
Predicting ━━━━━━━━━━━━━━━━━━━━━━━━━━━━━━━━━━━━━━━━ 8/8 0:00:00 • 0:00:00 28.48it/s  
Predicting ━━━━━━━━━━━━━━━━━━━━━━━━━━━━━━━━━━━━━━━━ 8/8 0:00:00 • 0:00:00 28.13it/s  
Predicting ━━━━━━━━━━━━━━━━━━━━━━━━━━━━━━━━━━━━━━━━ 8/8 0:00:00 • 0:00:00 27.61it/s  
Predicting ━━━━━━━━━━━━━━━━━━━━━━━━━━━━━━━━━━━━━━━━ 8/8 0:00:00 • 0:00:00 27.25it/s  
Predicting ━━━━━━━━━━━━━━━━━━━━━━━━━━━━━━━━━━━━━━━━ 8/8 0:00:00 • 0:00:00 28.09it/s  
Predicting ━━━━━━━━━━━━━━━━━━━━━━━━━━━━━━━━━━━━━━━━ 8/8 0:00:00 • 0:00:00 28.19it/s  
Predicting ━━━━━━━━━━━━━━━━━━━━━━━━━━━━━━━━━━━━━━━━ 8/8 0:00:00 • 0:00:00 28.44it/s  
batch 507: size=500 time=5.62s
Predicting ━━━━━━━━━━━━━━━━━━━━━━━━━━━━━━━━━━━━━━━━ 8/8 0:00:00 • 0:00:00 26.92it/s  
Predicting ━━━━━━━━━━━━━━━━━━━━━━━━━━━━━━━━━━━━━━━━ 8/8 0:00:00 • 0:00:00 27.77it/s  
Predicting ━━━━━━━━━━━━━━━━━━━━━━━━━━━━━━━━━━━━━━━━ 8/8 0:00:00 • 0:00:00 27.49it/s  
Predicting ━━━━━━━━━━━━━━━━━━━━━━━━━━━━━━━━━━━━━━━━ 8/8 0:00:00 • 0:00:00 27.29it/s  
Predicting ━━━━━━━━━━━━━━━━━━━━━━━━━━━━━━━━━━━━━━━━ 8/8 0:00:00 • 0:00:00 28.23it/s  
Predicting ━━━━━━━━━━━━━━━━━━━━━━━━━━━━━━━━━━━━━━━━ 8/8 0:00:00 • 0:00:00 26.56it/s  
Predicting ━━━━━━━━━━━━━━━━━━━━━━━━━━━━━━━━━━━━━━━━ 8/8 0:00:00 • 0:00:00 27.13it/s  
Predicting ━━━━━━━━━━━━━━━━━━━━━━━━━━━━━━━━━━━━━━━━ 8/8 0:00:00 • 0:00:00 26.76it/s  
Predicting ━━━━━━━━━━━━━━━━━━━━━━━━━━━━━━━━━━━━━━━━ 8/8 0:00:00 • 0:00:00 27.28it/s  
Predicting ━━━━━━━━━━━━━━━━━━━━━━━━━━━━━━━━━━━━━━━━ 8/8 0:00:00 • 0:00:00 28.54it/s  
batch 508: size=500 time=5.75s
Predicting ━━━━━━━━━━━━━━━━━━━━━━━━━━━━━━━━━━━━━━━━ 8/8 0:00:00 • 0:00:00 20.20it/s  
Predicting ━━━━━━━━━━━━━━━━━━━━━━━━━━━━━━━━━━━━━━━━ 8/8 0:00:00 • 0:00:00 31.78it/s  
Predicting ━━━━━━━━━━━━━━━━━━━━━━━━━━━━━━━━━━━━━━━━ 8/8 0:00:00 • 0:00:00 31.80it/s  
Predicting ━━━━━━━━━━━━━━━━━━━━━━━━━━━━━━━━━━━━━━━━ 8/8 0:00:00 • 0:00:00 30.89it/s  
Predicting ━━━━━━━━━━━━━━━━━━━━━━━━━━━━━━━━━━━━━━━━ 8/8 0:00:00 • 0:00:00 30.56it/s  
Predicting ━━━━━━━━━━━━━━━━━━━━━━━━━━━━━━━━━━━━━━━━ 8/8 0:00:00 • 0:00:00 26.54it/s  
Predicting ━━━━━━━━━━━━━━━━━━━━━━━━━━━━━━━━━━━━━━━━ 8/8 0:00:00 • 0:00:00 26.89it/s  
Predicting ━━━━━━━━━━━━━━━━━━━━━━━━━━━━━━━━━━━━━━━━ 8/8 0:00:00 • 0:00:00 28.94it/s  
Predicting ━━━━━━━━━━━━━━━━━━━━━━━━━━━━━━━━━━━━━━━━ 8/8 0:00:00 • 0:00:00 28.02it/s  
Predicting ━━━━━━━━━━━━━━━━━━━━━━━━━━━━━━━━━━━━━━━━ 8/8 0:00:00 • 0:00:00 27.37it/s  
batch 509: size=500 time=5.58s
Predicting ━━━━━━━━━━━━━━━━━━━━━━━━━━━━━━━━━━━━━━━━ 8/8 0:00:00 • 0:00:00 26.34it/s  
Predicting ━━━━━━━━━━━━━━━━━━━━━━━━━━━━━━━━━━━━━━━━ 8/8 0:00:00 • 0:00:00 27.35it/s  
Predicting ━━━━━━━━━━━━━━━━━━━━━━━━━━━━━━━━━━━━━━━━ 8/8 0:00:00 • 0:00:00 27.71it/s  
Predicting ━━━━━━━━━━━━━━━━━━━━━━━━━━━━━━━━━━━━━━━━ 8/8 0:00:00 • 0:00:00 27.68it/s  
Predicting ━━━━━━━━━━━━━━━━━━━━━━━━━━━━━━━━━━━━━━━━ 8/8 0:00:00 • 0:00:00 27.25it/s  
Predicting ━━━━━━━━━━━━━━━━━━━━━━━━━━━━━━━━━━━━━━━━ 8/8 0:00:00 • 0:00:00 26.93it/s  
Predicting ━━━━━━━━━━━━━━━━━━━━━━━━━━━━━━━━━━━━━━━━ 8/8 0:00:00 • 0:00:00 27.18it/s  
Predicting ━━━━━━━━━━━━━━━━━━━━━━━━━━━━━━━━━━━━━━━━ 8/8 0:00:00 • 0:00:00 27.88it/s  
Predicting ━━━━━━━━━━━━━━━━━━━━━━━━━━━━━━━━━━━━━━━━ 8/8 0:00:00 • 0:00:00 28.33it/s  
Predicting ━━━━━━━━━━━━━━━━━━━━━━━━━━━━━━━━━━━━━━━━ 8/8 0:00:00 • 0:00:00 27.67it/s  
batch 510: size=500 time=5.62s
Predicting ━━━━━━━━━━━━━━━━━━━━━━━━━━━━━━━━━━━━━━━━ 8/8 0:00:00 • 0:00:00 26.63it/s  
Predicting ━━━━━━━━━━━━━━━━━━━━━━━━━━━━━━━━━━━━━━━━ 8/8 0:00:00 • 0:00:00 27.93it/s  
Predicting ━━━━━━━━━━━━━━━━━━━━━━━━━━━━━━━━━━━━━━━━ 8/8 0:00:00 • 0:00:00 27.83it/s  
Predicting ━━━━━━━━━━━━━━━━━━━━━━━━━━━━━━━━━━━━━━━━ 8/8 0:00:00 • 0:00:00 27.69it/s  
Predicting ━━━━━━━━━━━━━━━━━━━━━━━━━━━━━━━━━━━━━━━━ 8/8 0:00:00 • 0:00:00 28.68it/s  
Predicting ━━━━━━━━━━━━━━━━━━━━━━━━━━━━━━━━━━━━━━━━ 8/8 0:00:00 • 0:00:00 27.04it/s  
Predicting ━━━━━━━━━━━━━━━━━━━━━━━━━━━━━━━━━━━━━━━━ 8/8 0:00:00 • 0:00:00 27.41it/s  
Predicting ━━━━━━━━━━━━━━━━━━━━━━━━━━━━━━━━━━━━━━━━ 8/8 0:00:00 • 0:00:00 27.20it/s  
Predicting ━━━━━━━━━━━━━━━━━━━━━━━━━━━━━━━━━━━━━━━━ 8/8 0:00:00 • 0:00:00 27.89it/s  
Predicting ━━━━━━━━━━━━━━━━━━━━━━━━━━━━━━━━━━━━━━━━ 8/8 0:00:00 • 0:00:00 27.87it/s  
batch 511: size=500 time=5.55s
Predicting ━━━━━━━━━━━━━━━━━━━━━━━━━━━━━━━━━━━━━━━━ 8/8 0:00:00 • 0:00:00 27.41it/s  
Predicting ━━━━━━━━━━━━━━━━━━━━━━━━━━━━━━━━━━━━━━━━ 8/8 0:00:00 • 0:00:00 26.65it/s  
Predicting ━━━━━━━━━━━━━━━━━━━━━━━━━━━━━━━━━━━━━━━━ 8/8 0:00:00 • 0:00:00 28.85it/s  
Predicting ━━━━━━━━━━━━━━━━━━━━━━━━━━━━━━━━━━━━━━━━ 8/8 0:00:00 • 0:00:00 27.21it/s  
Predicting ━━━━━━━━━━━━━━━━━━━━━━━━━━━━━━━━━━━━━━━━ 8/8 0:00:00 • 0:00:00 27.93it/s  
Predicting ━━━━━━━━━━━━━━━━━━━━━━━━━━━━━━━━━━━━━━━━ 8/8 0:00:00 • 0:00:00 26.74it/s  
Predicting ━━━━━━━━━━━━━━━━━━━━━━━━━━━━━━━━━━━━━━━━ 8/8 0:00:00 • 0:00:00 27.45it/s  
Predicting ━━━━━━━━━━━━━━━━━━━━━━━━━━━━━━━━━━━━━━━━ 8/8 0:00:00 • 0:00:00 27.19it/s  
Predicting ━━━━━━━━━━━━━━━━━━━━━━━━━━━━━━━━━━━━━━━━ 8/8 0:00:00 • 0:00:00 27.47it/s  
Predicting ━━━━━━━━━━━━━━━━━━━━━━━━━━━━━━━━━━━━━━━━ 8/8 0:00:00 • 0:00:00 27.33it/s  
batch 512: size=500 time=5.63s
Predicting ━━━━━━━━━━━━━━━━━━━━━━━━━━━━━━━━━━━━━━━━ 8/8 0:00:00 • 0:00:00 26.44it/s  
Predicting ━━━━━━━━━━━━━━━━━━━━━━━━━━━━━━━━━━━━━━━━ 8/8 0:00:00 • 0:00:00 27.61it/s  
Predicting ━━━━━━━━━━━━━━━━━━━━━━━━━━━━━━━━━━━━━━━━ 8/8 0:00:00 • 0:00:00 27.19it/s  
Predicting ━━━━━━━━━━━━━━━━━━━━━━━━━━━━━━━━━━━━━━━━ 8/8 0:00:00 • 0:00:00 27.59it/s  
Predicting ━━━━━━━━━━━━━━━━━━━━━━━━━━━━━━━━━━━━━━━━ 8/8 0:00:00 • 0:00:00 28.22it/s  
Predicting ━━━━━━━━━━━━━━━━━━━━━━━━━━━━━━━━━━━━━━━━ 8/8 0:00:00 • 0:00:00 26.52it/s  
Predicting ━━━━━━━━━━━━━━━━━━━━━━━━━━━━━━━━━━━━━━━━ 8/8 0:00:00 • 0:00:00 27.36it/s  
Predicting ━━━━━━━━━━━━━━━━━━━━━━━━━━━━━━━━━━━━━━━━ 8/8 0:00:00 • 0:00:00 27.61it/s  
Predicting ━━━━━━━━━━━━━━━━━━━━━━━━━━━━━━━━━━━━━━━━ 8/8 0:00:00 • 0:00:00 27.16it/s  
Predicting ━━━━━━━━━━━━━━━━━━━━━━━━━━━━━━━━━━━━━━━━ 8/8 0:00:00 • 0:00:00 27.71it/s  
batch 513: size=500 time=5.64s
Predicting ━━━━━━━━━━━━━━━━━━━━━━━━━━━━━━━━━━━━━━━━ 8/8 0:00:00 • 0:00:00 26.52it/s  
Predicting ━━━━━━━━━━━━━━━━━━━━━━━━━━━━━━━━━━━━━━━━ 8/8 0:00:00 • 0:00:00 27.38it/s  
Predicting ━━━━━━━━━━━━━━━━━━━━━━━━━━━━━━━━━━━━━━━━ 8/8 0:00:00 • 0:00:00 27.17it/s  
Predicting ━━━━━━━━━━━━━━━━━━━━━━━━━━━━━━━━━━━━━━━━ 8/8 0:00:00 • 0:00:00 27.45it/s  
Predicting ━━━━━━━━━━━━━━━━━━━━━━━━━━━━━━━━━━━━━━━━ 8/8 0:00:00 • 0:00:00 27.61it/s  
Predicting ━━━━━━━━━━━━━━━━━━━━━━━━━━━━━━━━━━━━━━━━ 8/8 0:00:00 • 0:00:00 27.44it/s  
Predicting ━━━━━━━━━━━━━━━━━━━━━━━━━━━━━━━━━━━━━━━━ 8/8 0:00:00 • 0:00:00 25.36it/s  
Predicting ━━━━━━━━━━━━━━━━━━━━━━━━━━━━━━━━━━━━━━━━ 8/8 0:00:00 • 0:00:00 27.60it/s  
Predicting ━━━━━━━━━━━━━━━━━━━━━━━━━━━━━━━━━━━━━━━━ 8/8 0:00:00 • 0:00:00 26.47it/s  
Predicting ━━━━━━━━━━━━━━━━━━━━━━━━━━━━━━━━━━━━━━━━ 8/8 0:00:00 • 0:00:00 20.11it/s  
batch 514: size=500 time=5.89s
Predicting ━━━━━━━━━━━━━━━━━━━━━━━━━━━━━━━━━━━━━━━━ 8/8 0:00:00 • 0:00:00 29.31it/s  
Predicting ━━━━━━━━━━━━━━━━━━━━━━━━━━━━━━━━━━━━━━━━ 8/8 0:00:00 • 0:00:00 29.95it/s  
Predicting ━━━━━━━━━━━━━━━━━━━━━━━━━━━━━━━━━━━━━━━━ 8/8 0:00:00 • 0:00:00 32.05it/s  
Predicting ━━━━━━━━━━━━━━━━━━━━━━━━━━━━━━━━━━━━━━━━ 8/8 0:00:00 • 0:00:00 31.10it/s  
Predicting ━━━━━━━━━━━━━━━━━━━━━━━━━━━━━━━━━━━━━━━━ 8/8 0:00:00 • 0:00:00 30.88it/s  
Predicting ━━━━━━━━━━━━━━━━━━━━━━━━━━━━━━━━━━━━━━━━ 8/8 0:00:00 • 0:00:00 31.17it/s  
Predicting ━━━━━━━━━━━━━━━━━━━━━━━━━━━━━━━━━━━━━━━━ 8/8 0:00:00 • 0:00:00 29.88it/s  
Predicting ━━━━━━━━━━━━━━━━━━━━━━━━━━━━━━━━━━━━━━━━ 8/8 0:00:00 • 0:00:00 30.16it/s  
Predicting ━━━━━━━━━━━━━━━━━━━━━━━━━━━━━━━━━━━━━━━━ 8/8 0:00:00 • 0:00:00 31.00it/s  
Predicting ━━━━━━━━━━━━━━━━━━━━━━━━━━━━━━━━━━━━━━━━ 8/8 0:00:00 • 0:00:00 32.78it/s  
batch 515: size=500 time=5.30s
Predicting ━━━━━━━━━━━━━━━━━━━━━━━━━━━━━━━━━━━━━━━━ 8/8 0:00:00 • 0:00:00 28.87it/s  
Predicting ━━━━━━━━━━━━━━━━━━━━━━━━━━━━━━━━━━━━━━━━ 8/8 0:00:00 • 0:00:00 31.71it/s  
Predicting ━━━━━━━━━━━━━━━━━━━━━━━━━━━━━━━━━━━━━━━━ 8/8 0:00:00 • 0:00:00 30.66it/s  
Predicting ━━━━━━━━━━━━━━━━━━━━━━━━━━━━━━━━━━━━━━━━ 8/8 0:00:00 • 0:00:00 30.09it/s  
Predicting ━━━━━━━━━━━━━━━━━━━━━━━━━━━━━━━━━━━━━━━━ 8/8 0:00:00 • 0:00:00 31.26it/s  
Predicting ━━━━━━━━━━━━━━━━━━━━━━━━━━━━━━━━━━━━━━━━ 8/8 0:00:00 • 0:00:00 29.02it/s  
Predicting ━━━━━━━━━━━━━━━━━━━━━━━━━━━━━━━━━━━━━━━━ 8/8 0:00:00 • 0:00:00 28.69it/s  
Predicting ━━━━━━━━━━━━━━━━━━━━━━━━━━━━━━━━━━━━━━━━ 8/8 0:00:00 • 0:00:00 30.94it/s  
Predicting ━━━━━━━━━━━━━━━━━━━━━━━━━━━━━━━━━━━━━━━━ 8/8 0:00:00 • 0:00:00 31.95it/s  
Predicting ━━━━━━━━━━━━━━━━━━━━━━━━━━━━━━━━━━━━━━━━ 8/8 0:00:00 • 0:00:00 30.48it/s  
batch 516: size=500 time=5.32s
Predicting ━━━━━━━━━━━━━━━━━━━━━━━━━━━━━━━━━━━━━━━━ 8/8 0:00:00 • 0:00:00 30.36it/s  
Predicting ━━━━━━━━━━━━━━━━━━━━━━━━━━━━━━━━━━━━━━━━ 8/8 0:00:00 • 0:00:00 31.03it/s  
Predicting ━━━━━━━━━━━━━━━━━━━━━━━━━━━━━━━━━━━━━━━━ 8/8 0:00:00 • 0:00:00 29.98it/s  
Predicting ━━━━━━━━━━━━━━━━━━━━━━━━━━━━━━━━━━━━━━━━ 8/8 0:00:00 • 0:00:00 30.35it/s  
Predicting ━━━━━━━━━━━━━━━━━━━━━━━━━━━━━━━━━━━━━━━━ 8/8 0:00:00 • 0:00:00 31.34it/s  
Predicting ━━━━━━━━━━━━━━━━━━━━━━━━━━━━━━━━━━━━━━━━ 8/8 0:00:00 • 0:00:00 28.86it/s  
Predicting ━━━━━━━━━━━━━━━━━━━━━━━━━━━━━━━━━━━━━━━━ 8/8 0:00:00 • 0:00:00 31.55it/s  
Predicting ━━━━━━━━━━━━━━━━━━━━━━━━━━━━━━━━━━━━━━━━ 8/8 0:00:00 • 0:00:00 30.64it/s  
Predicting ━━━━━━━━━━━━━━━━━━━━━━━━━━━━━━━━━━━━━━━━ 8/8 0:00:00 • 0:00:00 30.28it/s  
Predicting ━━━━━━━━━━━━━━━━━━━━━━━━━━━━━━━━━━━━━━━━ 8/8 0:00:00 • 0:00:00 30.89it/s  
batch 517: size=500 time=5.31s
Predicting ━━━━━━━━━━━━━━━━━━━━━━━━━━━━━━━━━━━━━━━━ 8/8 0:00:00 • 0:00:00 28.40it/s  
Predicting ━━━━━━━━━━━━━━━━━━━━━━━━━━━━━━━━━━━━━━━━ 8/8 0:00:00 • 0:00:00 28.45it/s  
Predicting ━━━━━━━━━━━━━━━━━━━━━━━━━━━━━━━━━━━━━━━━ 8/8 0:00:00 • 0:00:00 31.42it/s  
Predicting ━━━━━━━━━━━━━━━━━━━━━━━━━━━━━━━━━━━━━━━━ 8/8 0:00:00 • 0:00:00 30.12it/s  
Predicting ━━━━━━━━━━━━━━━━━━━━━━━━━━━━━━━━━━━━━━━━ 8/8 0:00:00 • 0:00:00 30.06it/s  
Predicting ━━━━━━━━━━━━━━━━━━━━━━━━━━━━━━━━━━━━━━━━ 8/8 0:00:00 • 0:00:00 28.51it/s  
Predicting ━━━━━━━━━━━━━━━━━━━━━━━━━━━━━━━━━━━━━━━━ 8/8 0:00:00 • 0:00:00 30.06it/s  
Predicting ━━━━━━━━━━━━━━━━━━━━━━━━━━━━━━━━━━━━━━━━ 8/8 0:00:00 • 0:00:00 29.76it/s  
Predicting ━━━━━━━━━━━━━━━━━━━━━━━━━━━━━━━━━━━━━━━━ 8/8 0:00:00 • 0:00:00 30.55it/s  
Predicting ━━━━━━━━━━━━━━━━━━━━━━━━━━━━━━━━━━━━━━━━ 8/8 0:00:00 • 0:00:00 30.50it/s  
batch 518: size=500 time=5.40s
Predicting ━━━━━━━━━━━━━━━━━━━━━━━━━━━━━━━━━━━━━━━━ 8/8 0:00:00 • 0:00:00 29.47it/s  
Predicting ━━━━━━━━━━━━━━━━━━━━━━━━━━━━━━━━━━━━━━━━ 8/8 0:00:00 • 0:00:00 30.28it/s  
Predicting ━━━━━━━━━━━━━━━━━━━━━━━━━━━━━━━━━━━━━━━━ 8/8 0:00:00 • 0:00:00 32.29it/s  
Predicting ━━━━━━━━━━━━━━━━━━━━━━━━━━━━━━━━━━━━━━━━ 8/8 0:00:00 • 0:00:00 30.24it/s  
Predicting ━━━━━━━━━━━━━━━━━━━━━━━━━━━━━━━━━━━━━━━━ 8/8 0:00:00 • 0:00:00 31.74it/s  
Predicting ━━━━━━━━━━━━━━━━━━━━━━━━━━━━━━━━━━━━━━━━ 8/8 0:00:00 • 0:00:00 30.59it/s  
Predicting ━━━━━━━━━━━━━━━━━━━━━━━━━━━━━━━━━━━━━━━━ 8/8 0:00:00 • 0:00:00 30.54it/s  
Predicting ━━━━━━━━━━━━━━━━━━━━━━━━━━━━━━━━━━━━━━━━ 8/8 0:00:00 • 0:00:00 30.87it/s  
Predicting ━━━━━━━━━━━━━━━━━━━━━━━━━━━━━━━━━━━━━━━━ 8/8 0:00:00 • 0:00:00 32.07it/s  
Predicting ━━━━━━━━━━━━━━━━━━━━━━━━━━━━━━━━━━━━━━━━ 8/8 0:00:00 • 0:00:00 30.46it/s  
batch 519: size=500 time=5.37s
Predicting ━━━━━━━━━━━━━━━━━━━━━━━━━━━━━━━━━━━━━━━━ 8/8 0:00:00 • 0:00:00 29.77it/s  
Predicting ━━━━━━━━━━━━━━━━━━━━━━━━━━━━━━━━━━━━━━━━ 8/8 0:00:00 • 0:00:00 30.83it/s  
Predicting ━━━━━━━━━━━━━━━━━━━━━━━━━━━━━━━━━━━━━━━━ 8/8 0:00:00 • 0:00:00 29.96it/s  
Predicting ━━━━━━━━━━━━━━━━━━━━━━━━━━━━━━━━━━━━━━━━ 8/8 0:00:00 • 0:00:00 28.66it/s  
Predicting ━━━━━━━━━━━━━━━━━━━━━━━━━━━━━━━━━━━━━━━━ 8/8 0:00:00 • 0:00:00 31.04it/s  
Predicting ━━━━━━━━━━━━━━━━━━━━━━━━━━━━━━━━━━━━━━━━ 8/8 0:00:00 • 0:00:00 29.49it/s  
Predicting ━━━━━━━━━━━━━━━━━━━━━━━━━━━━━━━━━━━━━━━━ 8/8 0:00:00 • 0:00:00 31.41it/s  
Predicting ━━━━━━━━━━━━━━━━━━━━━━━━━━━━━━━━━━━━━━━━ 8/8 0:00:00 • 0:00:00 30.80it/s  
Predicting ━━━━━━━━━━━━━━━━━━━━━━━━━━━━━━━━━━━━━━━━ 8/8 0:00:00 • 0:00:00 30.30it/s  
Predicting ━━━━━━━━━━━━━━━━━━━━━━━━━━━━━━━━━━━━━━━━ 8/8 0:00:00 • 0:00:00 30.34it/s  
batch 520: size=500 time=5.38s
Predicting ━━━━━━━━━━━━━━━━━━━━━━━━━━━━━━━━━━━━━━━━ 8/8 0:00:00 • 0:00:00 28.76it/s  
Predicting ━━━━━━━━━━━━━━━━━━━━━━━━━━━━━━━━━━━━━━━━ 8/8 0:00:00 • 0:00:00 30.29it/s  
Predicting ━━━━━━━━━━━━━━━━━━━━━━━━━━━━━━━━━━━━━━━━ 8/8 0:00:00 • 0:00:00 31.35it/s  
Predicting ━━━━━━━━━━━━━━━━━━━━━━━━━━━━━━━━━━━━━━━━ 8/8 0:00:00 • 0:00:00 31.53it/s  
Predicting ━━━━━━━━━━━━━━━━━━━━━━━━━━━━━━━━━━━━━━━━ 8/8 0:00:00 • 0:00:00 29.86it/s  
Predicting ━━━━━━━━━━━━━━━━━━━━━━━━━━━━━━━━━━━━━━━━ 8/8 0:00:00 • 0:00:00 29.84it/s  
Predicting ━━━━━━━━━━━━━━━━━━━━━━━━━━━━━━━━━━━━━━━━ 8/8 0:00:00 • 0:00:00 30.84it/s  
Predicting ━━━━━━━━━━━━━━━━━━━━━━━━━━━━━━━━━━━━━━━━ 8/8 0:00:00 • 0:00:00 30.09it/s  
Predicting ━━━━━━━━━━━━━━━━━━━━━━━━━━━━━━━━━━━━━━━━ 8/8 0:00:00 • 0:00:00 31.42it/s  
Predicting ━━━━━━━━━━━━━━━━━━━━━━━━━━━━━━━━━━━━━━━━ 8/8 0:00:00 • 0:00:00 32.29it/s  
batch 521: size=500 time=5.36s
Predicting ━━━━━━━━━━━━━━━━━━━━━━━━━━━━━━━━━━━━━━━━ 8/8 0:00:00 • 0:00:00 29.13it/s  
Predicting ━━━━━━━━━━━━━━━━━━━━━━━━━━━━━━━━━━━━━━━━ 8/8 0:00:00 • 0:00:00 29.60it/s  
Predicting ━━━━━━━━━━━━━━━━━━━━━━━━━━━━━━━━━━━━━━━━ 8/8 0:00:00 • 0:00:00 30.05it/s  
Predicting ━━━━━━━━━━━━━━━━━━━━━━━━━━━━━━━━━━━━━━━━ 8/8 0:00:00 • 0:00:00 28.52it/s  
Predicting ━━━━━━━━━━━━━━━━━━━━━━━━━━━━━━━━━━━━━━━━ 8/8 0:00:00 • 0:00:00 30.08it/s  
Predicting ━━━━━━━━━━━━━━━━━━━━━━━━━━━━━━━━━━━━━━━━ 8/8 0:00:00 • 0:00:00 28.52it/s  
Predicting ━━━━━━━━━━━━━━━━━━━━━━━━━━━━━━━━━━━━━━━━ 8/8 0:00:00 • 0:00:00 21.96it/s  
Predicting ━━━━━━━━━━━━━━━━━━━━━━━━━━━━━━━━━━━━━━━━ 8/8 0:00:00 • 0:00:00 24.63it/s  
Predicting ━━━━━━━━━━━━━━━━━━━━━━━━━━━━━━━━━━━━━━━━ 8/8 0:00:00 • 0:00:00 26.77it/s  
Predicting ━━━━━━━━━━━━━━━━━━━━━━━━━━━━━━━━━━━━━━━━ 8/8 0:00:00 • 0:00:00 27.68it/s  
batch 522: size=500 time=5.64s
Predicting ━━━━━━━━━━━━━━━━━━━━━━━━━━━━━━━━━━━━━━━━ 8/8 0:00:00 • 0:00:00 26.71it/s  
Predicting ━━━━━━━━━━━━━━━━━━━━━━━━━━━━━━━━━━━━━━━━ 8/8 0:00:00 • 0:00:00 26.67it/s  
Predicting ━━━━━━━━━━━━━━━━━━━━━━━━━━━━━━━━━━━━━━━━ 8/8 0:00:00 • 0:00:00 27.59it/s  
Predicting ━━━━━━━━━━━━━━━━━━━━━━━━━━━━━━━━━━━━━━━━ 8/8 0:00:00 • 0:00:00 28.84it/s  
Predicting ━━━━━━━━━━━━━━━━━━━━━━━━━━━━━━━━━━━━━━━━ 8/8 0:00:00 • 0:00:00 27.35it/s  
Predicting ━━━━━━━━━━━━━━━━━━━━━━━━━━━━━━━━━━━━━━━━ 8/8 0:00:00 • 0:00:00 28.86it/s  
Predicting ━━━━━━━━━━━━━━━━━━━━━━━━━━━━━━━━━━━━━━━━ 8/8 0:00:00 • 0:00:00 30.30it/s  
Predicting ━━━━━━━━━━━━━━━━━━━━━━━━━━━━━━━━━━━━━━━━ 8/8 0:00:00 • 0:00:00 30.22it/s  
Predicting ━━━━━━━━━━━━━━━━━━━━━━━━━━━━━━━━━━━━━━━━ 8/8 0:00:00 • 0:00:00 31.18it/s  
Predicting ━━━━━━━━━━━━━━━━━━━━━━━━━━━━━━━━━━━━━━━━ 8/8 0:00:00 • 0:00:00 31.36it/s  
batch 523: size=500 time=5.46s
Predicting ━━━━━━━━━━━━━━━━━━━━━━━━━━━━━━━━━━━━━━━━ 8/8 0:00:00 • 0:00:00 31.04it/s  
Predicting ━━━━━━━━━━━━━━━━━━━━━━━━━━━━━━━━━━━━━━━━ 8/8 0:00:00 • 0:00:00 30.25it/s  
Predicting ━━━━━━━━━━━━━━━━━━━━━━━━━━━━━━━━━━━━━━━━ 8/8 0:00:00 • 0:00:00 30.80it/s  
Predicting ━━━━━━━━━━━━━━━━━━━━━━━━━━━━━━━━━━━━━━━━ 8/8 0:00:00 • 0:00:00 30.14it/s  
Predicting ━━━━━━━━━━━━━━━━━━━━━━━━━━━━━━━━━━━━━━━━ 8/8 0:00:00 • 0:00:00 30.85it/s  
Predicting ━━━━━━━━━━━━━━━━━━━━━━━━━━━━━━━━━━━━━━━━ 8/8 0:00:00 • 0:00:00 26.52it/s  
Predicting ━━━━━━━━━━━━━━━━━━━━━━━━━━━━━━━━━━━━━━━━ 8/8 0:00:00 • 0:00:00 27.59it/s  
Predicting ━━━━━━━━━━━━━━━━━━━━━━━━━━━━━━━━━━━━━━━━ 8/8 0:00:00 • 0:00:00 29.02it/s  
Predicting ━━━━━━━━━━━━━━━━━━━━━━━━━━━━━━━━━━━━━━━━ 8/8 0:00:00 • 0:00:00 28.20it/s  
Predicting ━━━━━━━━━━━━━━━━━━━━━━━━━━━━━━━━━━━━━━━━ 8/8 0:00:00 • 0:00:00 28.13it/s  
batch 524: size=500 time=5.46s
Predicting ━━━━━━━━━━━━━━━━━━━━━━━━━━━━━━━━━━━━━━━━ 8/8 0:00:00 • 0:00:00 26.86it/s  
Predicting ━━━━━━━━━━━━━━━━━━━━━━━━━━━━━━━━━━━━━━━━ 8/8 0:00:00 • 0:00:00 27.12it/s  
Predicting ━━━━━━━━━━━━━━━━━━━━━━━━━━━━━━━━━━━━━━━━ 8/8 0:00:00 • 0:00:00 27.34it/s  
Predicting ━━━━━━━━━━━━━━━━━━━━━━━━━━━━━━━━━━━━━━━━ 8/8 0:00:00 • 0:00:00 27.40it/s  
Predicting ━━━━━━━━━━━━━━━━━━━━━━━━━━━━━━━━━━━━━━━━ 8/8 0:00:00 • 0:00:00 27.63it/s  
Predicting ━━━━━━━━━━━━━━━━━━━━━━━━━━━━━━━━━━━━━━━━ 8/8 0:00:00 • 0:00:00 27.45it/s  
Predicting ━━━━━━━━━━━━━━━━━━━━━━━━━━━━━━━━━━━━━━━━ 8/8 0:00:00 • 0:00:00 26.08it/s  
Predicting ━━━━━━━━━━━━━━━━━━━━━━━━━━━━━━━━━━━━━━━━ 8/8 0:00:00 • 0:00:00 27.93it/s  
Predicting ━━━━━━━━━━━━━━━━━━━━━━━━━━━━━━━━━━━━━━━━ 8/8 0:00:00 • 0:00:00 21.56it/s  
Predicting ━━━━━━━━━━━━━━━━━━━━━━━━━━━━━━━━━━━━━━━━ 8/8 0:00:00 • 0:00:00 24.83it/s  
batch 525: size=500 time=5.70s
Predicting ━━━━━━━━━━━━━━━━━━━━━━━━━━━━━━━━━━━━━━━━ 8/8 0:00:00 • 0:00:00 29.39it/s  
Predicting ━━━━━━━━━━━━━━━━━━━━━━━━━━━━━━━━━━━━━━━━ 8/8 0:00:00 • 0:00:00 31.60it/s  
Predicting ━━━━━━━━━━━━━━━━━━━━━━━━━━━━━━━━━━━━━━━━ 8/8 0:00:00 • 0:00:00 29.69it/s  
Predicting ━━━━━━━━━━━━━━━━━━━━━━━━━━━━━━━━━━━━━━━━ 8/8 0:00:00 • 0:00:00 30.64it/s  
Predicting ━━━━━━━━━━━━━━━━━━━━━━━━━━━━━━━━━━━━━━━━ 8/8 0:00:00 • 0:00:00 30.45it/s  
Predicting ━━━━━━━━━━━━━━━━━━━━━━━━━━━━━━━━━━━━━━━━ 8/8 0:00:00 • 0:00:00 28.05it/s  
Predicting ━━━━━━━━━━━━━━━━━━━━━━━━━━━━━━━━━━━━━━━━ 8/8 0:00:00 • 0:00:00 31.73it/s  
Predicting ━━━━━━━━━━━━━━━━━━━━━━━━━━━━━━━━━━━━━━━━ 8/8 0:00:00 • 0:00:00 32.33it/s  
Predicting ━━━━━━━━━━━━━━━━━━━━━━━━━━━━━━━━━━━━━━━━ 8/8 0:00:00 • 0:00:00 30.99it/s  
Predicting ━━━━━━━━━━━━━━━━━━━━━━━━━━━━━━━━━━━━━━━━ 8/8 0:00:00 • 0:00:00 30.77it/s  
batch 526: size=500 time=5.21s
Predicting ━━━━━━━━━━━━━━━━━━━━━━━━━━━━━━━━━━━━━━━━ 8/8 0:00:00 • 0:00:00 29.30it/s  
Predicting ━━━━━━━━━━━━━━━━━━━━━━━━━━━━━━━━━━━━━━━━ 8/8 0:00:00 • 0:00:00 30.15it/s  
Predicting ━━━━━━━━━━━━━━━━━━━━━━━━━━━━━━━━━━━━━━━━ 8/8 0:00:00 • 0:00:00 29.05it/s  
Predicting ━━━━━━━━━━━━━━━━━━━━━━━━━━━━━━━━━━━━━━━━ 8/8 0:00:00 • 0:00:00 31.51it/s  
Predicting ━━━━━━━━━━━━━━━━━━━━━━━━━━━━━━━━━━━━━━━━ 8/8 0:00:00 • 0:00:00 30.74it/s  
Predicting ━━━━━━━━━━━━━━━━━━━━━━━━━━━━━━━━━━━━━━━━ 8/8 0:00:00 • 0:00:00 29.21it/s  
Predicting ━━━━━━━━━━━━━━━━━━━━━━━━━━━━━━━━━━━━━━━━ 8/8 0:00:00 • 0:00:00 30.64it/s  
Predicting ━━━━━━━━━━━━━━━━━━━━━━━━━━━━━━━━━━━━━━━━ 8/8 0:00:00 • 0:00:00 30.22it/s  
Predicting ━━━━━━━━━━━━━━━━━━━━━━━━━━━━━━━━━━━━━━━━ 8/8 0:00:00 • 0:00:00 30.31it/s  
Predicting ━━━━━━━━━━━━━━━━━━━━━━━━━━━━━━━━━━━━━━━━ 8/8 0:00:00 • 0:00:00 31.54it/s  
batch 527: size=500 time=5.31s
Predicting ━━━━━━━━━━━━━━━━━━━━━━━━━━━━━━━━━━━━━━━━ 8/8 0:00:00 • 0:00:00 26.45it/s  
Predicting ━━━━━━━━━━━━━━━━━━━━━━━━━━━━━━━━━━━━━━━━ 8/8 0:00:00 • 0:00:00 31.40it/s  
Predicting ━━━━━━━━━━━━━━━━━━━━━━━━━━━━━━━━━━━━━━━━ 8/8 0:00:00 • 0:00:00 31.97it/s  
Predicting ━━━━━━━━━━━━━━━━━━━━━━━━━━━━━━━━━━━━━━━━ 8/8 0:00:00 • 0:00:00 31.11it/s  
Predicting ━━━━━━━━━━━━━━━━━━━━━━━━━━━━━━━━━━━━━━━━ 8/8 0:00:00 • 0:00:00 29.96it/s  
Predicting ━━━━━━━━━━━━━━━━━━━━━━━━━━━━━━━━━━━━━━━━ 8/8 0:00:00 • 0:00:00 29.77it/s  
Predicting ━━━━━━━━━━━━━━━━━━━━━━━━━━━━━━━━━━━━━━━━ 8/8 0:00:00 • 0:00:00 29.42it/s  
Predicting ━━━━━━━━━━━━━━━━━━━━━━━━━━━━━━━━━━━━━━━━ 8/8 0:00:00 • 0:00:00 31.20it/s  
Predicting ━━━━━━━━━━━━━━━━━━━━━━━━━━━━━━━━━━━━━━━━ 8/8 0:00:00 • 0:00:00 31.06it/s  
Predicting ━━━━━━━━━━━━━━━━━━━━━━━━━━━━━━━━━━━━━━━━ 8/8 0:00:00 • 0:00:00 31.23it/s  
batch 528: size=500 time=5.34s
Predicting ━━━━━━━━━━━━━━━━━━━━━━━━━━━━━━━━━━━━━━━━ 8/8 0:00:00 • 0:00:00 30.41it/s  
Predicting ━━━━━━━━━━━━━━━━━━━━━━━━━━━━━━━━━━━━━━━━ 8/8 0:00:00 • 0:00:00 31.76it/s  
Predicting ━━━━━━━━━━━━━━━━━━━━━━━━━━━━━━━━━━━━━━━━ 8/8 0:00:00 • 0:00:00 30.53it/s  
Predicting ━━━━━━━━━━━━━━━━━━━━━━━━━━━━━━━━━━━━━━━━ 8/8 0:00:00 • 0:00:00 31.02it/s  
Predicting ━━━━━━━━━━━━━━━━━━━━━━━━━━━━━━━━━━━━━━━━ 8/8 0:00:00 • 0:00:00 31.04it/s  
Predicting ━━━━━━━━━━━━━━━━━━━━━━━━━━━━━━━━━━━━━━━━ 8/8 0:00:00 • 0:00:00 19.96it/s  
Predicting ━━━━━━━━━━━━━━━━━━━━━━━━━━━━━━━━━━━━━━━━ 8/8 0:00:00 • 0:00:00 20.60it/s  
Predicting ━━━━━━━━━━━━━━━━━━━━━━━━━━━━━━━━━━━━━━━━ 8/8 0:00:00 • 0:00:00 28.11it/s  
Predicting ━━━━━━━━━━━━━━━━━━━━━━━━━━━━━━━━━━━━━━━━ 8/8 0:00:00 • 0:00:00 27.91it/s  
Predicting ━━━━━━━━━━━━━━━━━━━━━━━━━━━━━━━━━━━━━━━━ 8/8 0:00:00 • 0:00:00 28.71it/s  
batch 529: size=500 time=5.67s
Predicting ━━━━━━━━━━━━━━━━━━━━━━━━━━━━━━━━━━━━━━━━ 8/8 0:00:00 • 0:00:00 26.97it/s  
Predicting ━━━━━━━━━━━━━━━━━━━━━━━━━━━━━━━━━━━━━━━━ 8/8 0:00:00 • 0:00:00 26.96it/s  
Predicting ━━━━━━━━━━━━━━━━━━━━━━━━━━━━━━━━━━━━━━━━ 8/8 0:00:00 • 0:00:00 28.19it/s  
Predicting ━━━━━━━━━━━━━━━━━━━━━━━━━━━━━━━━━━━━━━━━ 8/8 0:00:00 • 0:00:00 27.61it/s  
Predicting ━━━━━━━━━━━━━━━━━━━━━━━━━━━━━━━━━━━━━━━━ 8/8 0:00:00 • 0:00:00 27.36it/s  
Predicting ━━━━━━━━━━━━━━━━━━━━━━━━━━━━━━━━━━━━━━━━ 8/8 0:00:00 • 0:00:00 26.72it/s  
Predicting ━━━━━━━━━━━━━━━━━━━━━━━━━━━━━━━━━━━━━━━━ 8/8 0:00:00 • 0:00:00 27.06it/s  
Predicting ━━━━━━━━━━━━━━━━━━━━━━━━━━━━━━━━━━━━━━━━ 8/8 0:00:00 • 0:00:00 28.17it/s  
Predicting ━━━━━━━━━━━━━━━━━━━━━━━━━━━━━━━━━━━━━━━━ 8/8 0:00:00 • 0:00:00 27.54it/s  
Predicting ━━━━━━━━━━━━━━━━━━━━━━━━━━━━━━━━━━━━━━━━ 8/8 0:00:00 • 0:00:00 27.33it/s  
batch 530: size=500 time=5.65s
Predicting ━━━━━━━━━━━━━━━━━━━━━━━━━━━━━━━━━━━━━━━━ 8/8 0:00:00 • 0:00:00 26.87it/s  
Predicting ━━━━━━━━━━━━━━━━━━━━━━━━━━━━━━━━━━━━━━━━ 8/8 0:00:00 • 0:00:00 27.70it/s  
Predicting ━━━━━━━━━━━━━━━━━━━━━━━━━━━━━━━━━━━━━━━━ 8/8 0:00:00 • 0:00:00 27.33it/s  
Predicting ━━━━━━━━━━━━━━━━━━━━━━━━━━━━━━━━━━━━━━━━ 8/8 0:00:00 • 0:00:00 29.32it/s  
Predicting ━━━━━━━━━━━━━━━━━━━━━━━━━━━━━━━━━━━━━━━━ 8/8 0:00:00 • 0:00:00 28.79it/s  
Predicting ━━━━━━━━━━━━━━━━━━━━━━━━━━━━━━━━━━━━━━━━ 8/8 0:00:00 • 0:00:00 28.02it/s  
Predicting ━━━━━━━━━━━━━━━━━━━━━━━━━━━━━━━━━━━━━━━━ 8/8 0:00:00 • 0:00:00 28.23it/s  
Predicting ━━━━━━━━━━━━━━━━━━━━━━━━━━━━━━━━━━━━━━━━ 8/8 0:00:00 • 0:00:00 27.19it/s  
Predicting ━━━━━━━━━━━━━━━━━━━━━━━━━━━━━━━━━━━━━━━━ 8/8 0:00:00 • 0:00:00 27.54it/s  
Predicting ━━━━━━━━━━━━━━━━━━━━━━━━━━━━━━━━━━━━━━━━ 8/8 0:00:00 • 0:00:00 27.25it/s  
batch 531: size=500 time=5.59s
Predicting ━━━━━━━━━━━━━━━━━━━━━━━━━━━━━━━━━━━━━━━━ 8/8 0:00:00 • 0:00:00 26.82it/s  
Predicting ━━━━━━━━━━━━━━━━━━━━━━━━━━━━━━━━━━━━━━━━ 8/8 0:00:00 • 0:00:00 27.42it/s  
Predicting ━━━━━━━━━━━━━━━━━━━━━━━━━━━━━━━━━━━━━━━━ 8/8 0:00:00 • 0:00:00 28.92it/s  
Predicting ━━━━━━━━━━━━━━━━━━━━━━━━━━━━━━━━━━━━━━━━ 8/8 0:00:00 • 0:00:00 28.07it/s  
Predicting ━━━━━━━━━━━━━━━━━━━━━━━━━━━━━━━━━━━━━━━━ 8/8 0:00:00 • 0:00:00 29.22it/s  
Predicting ━━━━━━━━━━━━━━━━━━━━━━━━━━━━━━━━━━━━━━━━ 8/8 0:00:00 • 0:00:00 26.68it/s  
Predicting ━━━━━━━━━━━━━━━━━━━━━━━━━━━━━━━━━━━━━━━━ 8/8 0:00:00 • 0:00:00 27.44it/s  
Predicting ━━━━━━━━━━━━━━━━━━━━━━━━━━━━━━━━━━━━━━━━ 8/8 0:00:00 • 0:00:00 27.74it/s  
Predicting ━━━━━━━━━━━━━━━━━━━━━━━━━━━━━━━━━━━━━━━━ 8/8 0:00:00 • 0:00:00 27.31it/s  
Predicting ━━━━━━━━━━━━━━━━━━━━━━━━━━━━━━━━━━━━━━━━ 8/8 0:00:00 • 0:00:00 27.29it/s  
batch 532: size=500 time=5.57s
Predicting ━━━━━━━━━━━━━━━━━━━━━━━━━━━━━━━━━━━━━━━━ 8/8 0:00:00 • 0:00:00 27.29it/s  
Predicting ━━━━━━━━━━━━━━━━━━━━━━━━━━━━━━━━━━━━━━━━ 8/8 0:00:00 • 0:00:00 27.29it/s  
Predicting ━━━━━━━━━━━━━━━━━━━━━━━━━━━━━━━━━━━━━━━━ 8/8 0:00:00 • 0:00:00 28.21it/s  
Predicting ━━━━━━━━━━━━━━━━━━━━━━━━━━━━━━━━━━━━━━━━ 8/8 0:00:00 • 0:00:00 28.65it/s  
Predicting ━━━━━━━━━━━━━━━━━━━━━━━━━━━━━━━━━━━━━━━━ 8/8 0:00:00 • 0:00:00 27.99it/s  
Predicting ━━━━━━━━━━━━━━━━━━━━━━━━━━━━━━━━━━━━━━━━ 8/8 0:00:00 • 0:00:00 27.02it/s  
Predicting ━━━━━━━━━━━━━━━━━━━━━━━━━━━━━━━━━━━━━━━━ 8/8 0:00:00 • 0:00:00 28.10it/s  
Predicting ━━━━━━━━━━━━━━━━━━━━━━━━━━━━━━━━━━━━━━━━ 8/8 0:00:00 • 0:00:00 27.20it/s  
Predicting ━━━━━━━━━━━━━━━━━━━━━━━━━━━━━━━━━━━━━━━━ 8/8 0:00:00 • 0:00:00 27.67it/s  
Predicting ━━━━━━━━━━━━━━━━━━━━━━━━━━━━━━━━━━━━━━━━ 8/8 0:00:00 • 0:00:00 28.41it/s  
batch 533: size=500 time=5.56s
Predicting ━━━━━━━━━━━━━━━━━━━━━━━━━━━━━━━━━━━━━━━━ 8/8 0:00:00 • 0:00:00 26.78it/s  
Predicting ━━━━━━━━━━━━━━━━━━━━━━━━━━━━━━━━━━━━━━━━ 8/8 0:00:00 • 0:00:00 28.15it/s  
Predicting ━━━━━━━━━━━━━━━━━━━━━━━━━━━━━━━━━━━━━━━━ 8/8 0:00:00 • 0:00:00 27.83it/s  
Predicting ━━━━━━━━━━━━━━━━━━━━━━━━━━━━━━━━━━━━━━━━ 8/8 0:00:00 • 0:00:00 28.22it/s  
Predicting ━━━━━━━━━━━━━━━━━━━━━━━━━━━━━━━━━━━━━━━━ 8/8 0:00:00 • 0:00:00 27.83it/s  
Predicting ━━━━━━━━━━━━━━━━━━━━━━━━━━━━━━━━━━━━━━━━ 8/8 0:00:00 • 0:00:00 26.94it/s  
Predicting ━━━━━━━━━━━━━━━━━━━━━━━━━━━━━━━━━━━━━━━━ 8/8 0:00:00 • 0:00:00 27.94it/s  
Predicting ━━━━━━━━━━━━━━━━━━━━━━━━━━━━━━━━━━━━━━━━ 8/8 0:00:00 • 0:00:00 28.68it/s  
Predicting ━━━━━━━━━━━━━━━━━━━━━━━━━━━━━━━━━━━━━━━━ 8/8 0:00:00 • 0:00:00 27.55it/s  
Predicting ━━━━━━━━━━━━━━━━━━━━━━━━━━━━━━━━━━━━━━━━ 8/8 0:00:00 • 0:00:00 28.45it/s  
batch 534: size=500 time=5.61s
Predicting ━━━━━━━━━━━━━━━━━━━━━━━━━━━━━━━━━━━━━━━━ 8/8 0:00:00 • 0:00:00 26.97it/s  
Predicting ━━━━━━━━━━━━━━━━━━━━━━━━━━━━━━━━━━━━━━━━ 8/8 0:00:00 • 0:00:00 28.09it/s  
Predicting ━━━━━━━━━━━━━━━━━━━━━━━━━━━━━━━━━━━━━━━━ 8/8 0:00:00 • 0:00:00 27.50it/s  
Predicting ━━━━━━━━━━━━━━━━━━━━━━━━━━━━━━━━━━━━━━━━ 8/8 0:00:00 • 0:00:00 27.67it/s  
Predicting ━━━━━━━━━━━━━━━━━━━━━━━━━━━━━━━━━━━━━━━━ 8/8 0:00:00 • 0:00:00 27.31it/s  
Predicting ━━━━━━━━━━━━━━━━━━━━━━━━━━━━━━━━━━━━━━━━ 8/8 0:00:00 • 0:00:00 26.54it/s  
Predicting ━━━━━━━━━━━━━━━━━━━━━━━━━━━━━━━━━━━━━━━━ 8/8 0:00:00 • 0:00:00 27.57it/s  
Predicting ━━━━━━━━━━━━━━━━━━━━━━━━━━━━━━━━━━━━━━━━ 8/8 0:00:00 • 0:00:00 28.46it/s  
Predicting ━━━━━━━━━━━━━━━━━━━━━━━━━━━━━━━━━━━━━━━━ 8/8 0:00:00 • 0:00:00 28.87it/s  
Predicting ━━━━━━━━━━━━━━━━━━━━━━━━━━━━━━━━━━━━━━━━ 8/8 0:00:00 • 0:00:00 28.18it/s  
batch 535: size=500 time=5.59s
Predicting ━━━━━━━━━━━━━━━━━━━━━━━━━━━━━━━━━━━━━━━━ 8/8 0:00:00 • 0:00:00 27.42it/s  
Predicting ━━━━━━━━━━━━━━━━━━━━━━━━━━━━━━━━━━━━━━━━ 8/8 0:00:00 • 0:00:00 28.02it/s  
Predicting ━━━━━━━━━━━━━━━━━━━━━━━━━━━━━━━━━━━━━━━━ 8/8 0:00:00 • 0:00:00 27.20it/s  
Predicting ━━━━━━━━━━━━━━━━━━━━━━━━━━━━━━━━━━━━━━━━ 8/8 0:00:00 • 0:00:00 27.79it/s  
Predicting ━━━━━━━━━━━━━━━━━━━━━━━━━━━━━━━━━━━━━━━━ 8/8 0:00:00 • 0:00:00 26.37it/s  
Predicting ━━━━━━━━━━━━━━━━━━━━━━━━━━━━━━━━━━━━━━━━ 8/8 0:00:00 • 0:00:00 24.64it/s  
Predicting ━━━━━━━━━━━━━━━━━━━━━━━━━━━━━━━━━━━━━━━━ 8/8 0:00:00 • 0:00:00 25.30it/s  
Predicting ━━━━━━━━━━━━━━━━━━━━━━━━━━━━━━━━━━━━━━━━ 8/8 0:00:00 • 0:00:00 27.82it/s  
Predicting ━━━━━━━━━━━━━━━━━━━━━━━━━━━━━━━━━━━━━━━━ 8/8 0:00:00 • 0:00:00 27.70it/s  
Predicting ━━━━━━━━━━━━━━━━━━━━━━━━━━━━━━━━━━━━━━━━ 8/8 0:00:00 • 0:00:00 28.03it/s  
batch 536: size=500 time=5.69s
Predicting ━━━━━━━━━━━━━━━━━━━━━━━━━━━━━━━━━━━━━━━━ 8/8 0:00:00 • 0:00:00 27.10it/s  
Predicting ━━━━━━━━━━━━━━━━━━━━━━━━━━━━━━━━━━━━━━━━ 8/8 0:00:00 • 0:00:00 28.13it/s  
Predicting ━━━━━━━━━━━━━━━━━━━━━━━━━━━━━━━━━━━━━━━━ 8/8 0:00:00 • 0:00:00 27.87it/s  
Predicting ━━━━━━━━━━━━━━━━━━━━━━━━━━━━━━━━━━━━━━━━ 8/8 0:00:00 • 0:00:00 27.20it/s  
Predicting ━━━━━━━━━━━━━━━━━━━━━━━━━━━━━━━━━━━━━━━━ 8/8 0:00:00 • 0:00:00 29.28it/s  
Predicting ━━━━━━━━━━━━━━━━━━━━━━━━━━━━━━━━━━━━━━━━ 8/8 0:00:00 • 0:00:00 26.87it/s  
Predicting ━━━━━━━━━━━━━━━━━━━━━━━━━━━━━━━━━━━━━━━━ 8/8 0:00:00 • 0:00:00 28.47it/s  
Predicting ━━━━━━━━━━━━━━━━━━━━━━━━━━━━━━━━━━━━━━━━ 8/8 0:00:00 • 0:00:00 27.93it/s  
Predicting ━━━━━━━━━━━━━━━━━━━━━━━━━━━━━━━━━━━━━━━━ 8/8 0:00:00 • 0:00:00 27.77it/s  
Predicting ━━━━━━━━━━━━━━━━━━━━━━━━━━━━━━━━━━━━━━━━ 8/8 0:00:00 • 0:00:00 27.36it/s  
batch 537: size=500 time=5.57s
Predicting ━━━━━━━━━━━━━━━━━━━━━━━━━━━━━━━━━━━━━━━━ 8/8 0:00:00 • 0:00:00 27.28it/s  
Predicting ━━━━━━━━━━━━━━━━━━━━━━━━━━━━━━━━━━━━━━━━ 8/8 0:00:00 • 0:00:00 27.60it/s  
Predicting ━━━━━━━━━━━━━━━━━━━━━━━━━━━━━━━━━━━━━━━━ 8/8 0:00:00 • 0:00:00 27.73it/s  
Predicting ━━━━━━━━━━━━━━━━━━━━━━━━━━━━━━━━━━━━━━━━ 8/8 0:00:00 • 0:00:00 29.27it/s  
Predicting ━━━━━━━━━━━━━━━━━━━━━━━━━━━━━━━━━━━━━━━━ 8/8 0:00:00 • 0:00:00 28.95it/s  
Predicting ━━━━━━━━━━━━━━━━━━━━━━━━━━━━━━━━━━━━━━━━ 8/8 0:00:00 • 0:00:00 27.69it/s  
Predicting ━━━━━━━━━━━━━━━━━━━━━━━━━━━━━━━━━━━━━━━━ 8/8 0:00:00 • 0:00:00 27.90it/s  
Predicting ━━━━━━━━━━━━━━━━━━━━━━━━━━━━━━━━━━━━━━━━ 8/8 0:00:00 • 0:00:00 27.33it/s  
Predicting ━━━━━━━━━━━━━━━━━━━━━━━━━━━━━━━━━━━━━━━━ 8/8 0:00:00 • 0:00:00 28.72it/s  
Predicting ━━━━━━━━━━━━━━━━━━━━━━━━━━━━━━━━━━━━━━━━ 8/8 0:00:00 • 0:00:00 29.49it/s  
batch 538: size=500 time=5.52s
Predicting ━━━━━━━━━━━━━━━━━━━━━━━━━━━━━━━━━━━━━━━━ 8/8 0:00:00 • 0:00:00 27.42it/s  
Predicting ━━━━━━━━━━━━━━━━━━━━━━━━━━━━━━━━━━━━━━━━ 8/8 0:00:00 • 0:00:00 28.48it/s  
Predicting ━━━━━━━━━━━━━━━━━━━━━━━━━━━━━━━━━━━━━━━━ 8/8 0:00:00 • 0:00:00 27.53it/s  
Predicting ━━━━━━━━━━━━━━━━━━━━━━━━━━━━━━━━━━━━━━━━ 8/8 0:00:00 • 0:00:00 27.00it/s  
Predicting ━━━━━━━━━━━━━━━━━━━━━━━━━━━━━━━━━━━━━━━━ 8/8 0:00:00 • 0:00:00 27.42it/s  
Predicting ━━━━━━━━━━━━━━━━━━━━━━━━━━━━━━━━━━━━━━━━ 8/8 0:00:00 • 0:00:00 27.20it/s  
Predicting ━━━━━━━━━━━━━━━━━━━━━━━━━━━━━━━━━━━━━━━━ 8/8 0:00:00 • 0:00:00 27.19it/s  
Predicting ━━━━━━━━━━━━━━━━━━━━━━━━━━━━━━━━━━━━━━━━ 8/8 0:00:00 • 0:00:00 27.71it/s  
Predicting ━━━━━━━━━━━━━━━━━━━━━━━━━━━━━━━━━━━━━━━━ 8/8 0:00:00 • 0:00:00 27.59it/s  
Predicting ━━━━━━━━━━━━━━━━━━━━━━━━━━━━━━━━━━━━━━━━ 8/8 0:00:00 • 0:00:00 29.31it/s  
batch 539: size=500 time=5.61s
Predicting ━━━━━━━━━━━━━━━━━━━━━━━━━━━━━━━━━━━━━━━━ 8/8 0:00:00 • 0:00:00 26.74it/s  
Predicting ━━━━━━━━━━━━━━━━━━━━━━━━━━━━━━━━━━━━━━━━ 8/8 0:00:00 • 0:00:00 27.92it/s  
Predicting ━━━━━━━━━━━━━━━━━━━━━━━━━━━━━━━━━━━━━━━━ 8/8 0:00:00 • 0:00:00 28.20it/s  
Predicting ━━━━━━━━━━━━━━━━━━━━━━━━━━━━━━━━━━━━━━━━ 8/8 0:00:00 • 0:00:00 27.24it/s  
Predicting ━━━━━━━━━━━━━━━━━━━━━━━━━━━━━━━━━━━━━━━━ 8/8 0:00:00 • 0:00:00 27.62it/s  
Predicting ━━━━━━━━━━━━━━━━━━━━━━━━━━━━━━━━━━━━━━━━ 8/8 0:00:00 • 0:00:00 26.92it/s  
Predicting ━━━━━━━━━━━━━━━━━━━━━━━━━━━━━━━━━━━━━━━━ 8/8 0:00:00 • 0:00:00 27.84it/s  
Predicting ━━━━━━━━━━━━━━━━━━━━━━━━━━━━━━━━━━━━━━━━ 8/8 0:00:00 • 0:00:00 27.21it/s  
Predicting ━━━━━━━━━━━━━━━━━━━━━━━━━━━━━━━━━━━━━━━━ 8/8 0:00:00 • 0:00:00 27.64it/s  
Predicting ━━━━━━━━━━━━━━━━━━━━━━━━━━━━━━━━━━━━━━━━ 8/8 0:00:00 • 0:00:00 27.85it/s  
batch 540: size=500 time=5.57s
Predicting ━━━━━━━━━━━━━━━━━━━━━━━━━━━━━━━━━━━━━━━━ 8/8 0:00:00 • 0:00:00 24.15it/s  
Predicting ━━━━━━━━━━━━━━━━━━━━━━━━━━━━━━━━━━━━━━━━ 8/8 0:00:00 • 0:00:00 31.15it/s  
Predicting ━━━━━━━━━━━━━━━━━━━━━━━━━━━━━━━━━━━━━━━━ 8/8 0:00:00 • 0:00:00 30.76it/s  
Predicting ━━━━━━━━━━━━━━━━━━━━━━━━━━━━━━━━━━━━━━━━ 8/8 0:00:00 • 0:00:00 31.20it/s  
Predicting ━━━━━━━━━━━━━━━━━━━━━━━━━━━━━━━━━━━━━━━━ 8/8 0:00:00 • 0:00:00 31.29it/s  
Predicting ━━━━━━━━━━━━━━━━━━━━━━━━━━━━━━━━━━━━━━━━ 8/8 0:00:00 • 0:00:00 29.01it/s  
Predicting ━━━━━━━━━━━━━━━━━━━━━━━━━━━━━━━━━━━━━━━━ 8/8 0:00:00 • 0:00:00 30.65it/s  
Predicting ━━━━━━━━━━━━━━━━━━━━━━━━━━━━━━━━━━━━━━━━ 8/8 0:00:00 • 0:00:00 31.87it/s  
Predicting ━━━━━━━━━━━━━━━━━━━━━━━━━━━━━━━━━━━━━━━━ 8/8 0:00:00 • 0:00:00 30.54it/s  
Predicting ━━━━━━━━━━━━━━━━━━━━━━━━━━━━━━━━━━━━━━━━ 8/8 0:00:00 • 0:00:00 31.02it/s  
batch 541: size=500 time=5.32s
Predicting ━━━━━━━━━━━━━━━━━━━━━━━━━━━━━━━━━━━━━━━━ 8/8 0:00:00 • 0:00:00 29.42it/s  
Predicting ━━━━━━━━━━━━━━━━━━━━━━━━━━━━━━━━━━━━━━━━ 8/8 0:00:00 • 0:00:00 30.56it/s  
Predicting ━━━━━━━━━━━━━━━━━━━━━━━━━━━━━━━━━━━━━━━━ 8/8 0:00:00 • 0:00:00 32.13it/s  
Predicting ━━━━━━━━━━━━━━━━━━━━━━━━━━━━━━━━━━━━━━━━ 8/8 0:00:00 • 0:00:00 31.25it/s  
Predicting ━━━━━━━━━━━━━━━━━━━━━━━━━━━━━━━━━━━━━━━━ 8/8 0:00:00 • 0:00:00 31.36it/s  
Predicting ━━━━━━━━━━━━━━━━━━━━━━━━━━━━━━━━━━━━━━━━ 8/8 0:00:00 • 0:00:00 30.98it/s  
Predicting ━━━━━━━━━━━━━━━━━━━━━━━━━━━━━━━━━━━━━━━━ 8/8 0:00:00 • 0:00:00 32.08it/s  
Predicting ━━━━━━━━━━━━━━━━━━━━━━━━━━━━━━━━━━━━━━━━ 8/8 0:00:00 • 0:00:00 30.20it/s  
Predicting ━━━━━━━━━━━━━━━━━━━━━━━━━━━━━━━━━━━━━━━━ 8/8 0:00:00 • 0:00:00 29.69it/s  
Predicting ━━━━━━━━━━━━━━━━━━━━━━━━━━━━━━━━━━━━━━━━ 8/8 0:00:00 • 0:00:00 31.48it/s  
batch 542: size=500 time=5.24s
Predicting ━━━━━━━━━━━━━━━━━━━━━━━━━━━━━━━━━━━━━━━━ 8/8 0:00:00 • 0:00:00 29.16it/s  
Predicting ━━━━━━━━━━━━━━━━━━━━━━━━━━━━━━━━━━━━━━━━ 8/8 0:00:00 • 0:00:00 31.87it/s  
Predicting ━━━━━━━━━━━━━━━━━━━━━━━━━━━━━━━━━━━━━━━━ 8/8 0:00:00 • 0:00:00 30.47it/s  
Predicting ━━━━━━━━━━━━━━━━━━━━━━━━━━━━━━━━━━━━━━━━ 8/8 0:00:00 • 0:00:00 31.48it/s  
Predicting ━━━━━━━━━━━━━━━━━━━━━━━━━━━━━━━━━━━━━━━━ 8/8 0:00:00 • 0:00:00 30.30it/s  
Predicting ━━━━━━━━━━━━━━━━━━━━━━━━━━━━━━━━━━━━━━━━ 8/8 0:00:00 • 0:00:00 30.59it/s  
Predicting ━━━━━━━━━━━━━━━━━━━━━━━━━━━━━━━━━━━━━━━━ 8/8 0:00:00 • 0:00:00 31.33it/s  
Predicting ━━━━━━━━━━━━━━━━━━━━━━━━━━━━━━━━━━━━━━━━ 8/8 0:00:00 • 0:00:00 29.85it/s  
Predicting ━━━━━━━━━━━━━━━━━━━━━━━━━━━━━━━━━━━━━━━━ 8/8 0:00:00 • 0:00:00 32.56it/s  
Predicting ━━━━━━━━━━━━━━━━━━━━━━━━━━━━━━━━━━━━━━━━ 8/8 0:00:00 • 0:00:00 32.15it/s  
batch 543: size=500 time=5.27s
Predicting ━━━━━━━━━━━━━━━━━━━━━━━━━━━━━━━━━━━━━━━━ 8/8 0:00:00 • 0:00:00 29.92it/s  
Predicting ━━━━━━━━━━━━━━━━━━━━━━━━━━━━━━━━━━━━━━━━ 8/8 0:00:00 • 0:00:00 30.95it/s  
Predicting ━━━━━━━━━━━━━━━━━━━━━━━━━━━━━━━━━━━━━━━━ 8/8 0:00:00 • 0:00:00 31.15it/s  
Predicting ━━━━━━━━━━━━━━━━━━━━━━━━━━━━━━━━━━━━━━━━ 8/8 0:00:00 • 0:00:00 29.68it/s  
Predicting ━━━━━━━━━━━━━━━━━━━━━━━━━━━━━━━━━━━━━━━━ 8/8 0:00:00 • 0:00:00 31.35it/s  
Predicting ━━━━━━━━━━━━━━━━━━━━━━━━━━━━━━━━━━━━━━━━ 8/8 0:00:00 • 0:00:00 29.52it/s  
Predicting ━━━━━━━━━━━━━━━━━━━━━━━━━━━━━━━━━━━━━━━━ 8/8 0:00:00 • 0:00:00 31.28it/s  
Predicting ━━━━━━━━━━━━━━━━━━━━━━━━━━━━━━━━━━━━━━━━ 8/8 0:00:00 • 0:00:00 31.17it/s  
Predicting ━━━━━━━━━━━━━━━━━━━━━━━━━━━━━━━━━━━━━━━━ 8/8 0:00:00 • 0:00:00 31.36it/s  
Predicting ━━━━━━━━━━━━━━━━━━━━━━━━━━━━━━━━━━━━━━━━ 8/8 0:00:00 • 0:00:00 30.22it/s  
batch 544: size=500 time=5.29s
Predicting ━━━━━━━━━━━━━━━━━━━━━━━━━━━━━━━━━━━━━━━━ 8/8 0:00:00 • 0:00:00 30.68it/s  
Predicting ━━━━━━━━━━━━━━━━━━━━━━━━━━━━━━━━━━━━━━━━ 8/8 0:00:00 • 0:00:00 30.28it/s  
Predicting ━━━━━━━━━━━━━━━━━━━━━━━━━━━━━━━━━━━━━━━━ 8/8 0:00:00 • 0:00:00 31.07it/s  
Predicting ━━━━━━━━━━━━━━━━━━━━━━━━━━━━━━━━━━━━━━━━ 8/8 0:00:00 • 0:00:00 31.32it/s  
Predicting ━━━━━━━━━━━━━━━━━━━━━━━━━━━━━━━━━━━━━━━━ 8/8 0:00:00 • 0:00:00 32.00it/s  
Predicting ━━━━━━━━━━━━━━━━━━━━━━━━━━━━━━━━━━━━━━━━ 8/8 0:00:00 • 0:00:00 30.06it/s  
Predicting ━━━━━━━━━━━━━━━━━━━━━━━━━━━━━━━━━━━━━━━━ 8/8 0:00:00 • 0:00:00 32.17it/s  
Predicting ━━━━━━━━━━━━━━━━━━━━━━━━━━━━━━━━━━━━━━━━ 8/8 0:00:00 • 0:00:00 31.84it/s  
Predicting ━━━━━━━━━━━━━━━━━━━━━━━━━━━━━━━━━━━━━━━━ 8/8 0:00:00 • 0:00:00 30.33it/s  
Predicting ━━━━━━━━━━━━━━━━━━━━━━━━━━━━━━━━━━━━━━━━ 8/8 0:00:00 • 0:00:00 32.44it/s  
batch 545: size=500 time=5.24s
Predicting ━━━━━━━━━━━━━━━━━━━━━━━━━━━━━━━━━━━━━━━━ 8/8 0:00:00 • 0:00:00 30.65it/s  
Predicting ━━━━━━━━━━━━━━━━━━━━━━━━━━━━━━━━━━━━━━━━ 8/8 0:00:00 • 0:00:00 29.97it/s  
Predicting ━━━━━━━━━━━━━━━━━━━━━━━━━━━━━━━━━━━━━━━━ 8/8 0:00:00 • 0:00:00 31.81it/s  
Predicting ━━━━━━━━━━━━━━━━━━━━━━━━━━━━━━━━━━━━━━━━ 8/8 0:00:00 • 0:00:00 31.13it/s  
Predicting ━━━━━━━━━━━━━━━━━━━━━━━━━━━━━━━━━━━━━━━━ 8/8 0:00:00 • 0:00:00 30.02it/s  
Predicting ━━━━━━━━━━━━━━━━━━━━━━━━━━━━━━━━━━━━━━━━ 8/8 0:00:00 • 0:00:00 32.01it/s  
Predicting ━━━━━━━━━━━━━━━━━━━━━━━━━━━━━━━━━━━━━━━━ 8/8 0:00:00 • 0:00:00 30.86it/s  
Predicting ━━━━━━━━━━━━━━━━━━━━━━━━━━━━━━━━━━━━━━━━ 8/8 0:00:00 • 0:00:00 29.98it/s  
Predicting ━━━━━━━━━━━━━━━━━━━━━━━━━━━━━━━━━━━━━━━━ 8/8 0:00:00 • 0:00:00 31.17it/s  
Predicting ━━━━━━━━━━━━━━━━━━━━━━━━━━━━━━━━━━━━━━━━ 8/8 0:00:00 • 0:00:00 31.51it/s  
batch 546: size=500 time=5.26s
Predicting ━━━━━━━━━━━━━━━━━━━━━━━━━━━━━━━━━━━━━━━━ 8/8 0:00:00 • 0:00:00 29.89it/s  
Predicting ━━━━━━━━━━━━━━━━━━━━━━━━━━━━━━━━━━━━━━━━ 8/8 0:00:00 • 0:00:00 32.73it/s  
Predicting ━━━━━━━━━━━━━━━━━━━━━━━━━━━━━━━━━━━━━━━━ 8/8 0:00:00 • 0:00:00 29.84it/s  
Predicting ━━━━━━━━━━━━━━━━━━━━━━━━━━━━━━━━━━━━━━━━ 8/8 0:00:00 • 0:00:00 30.66it/s  
Predicting ━━━━━━━━━━━━━━━━━━━━━━━━━━━━━━━━━━━━━━━━ 8/8 0:00:00 • 0:00:00 31.10it/s  
Predicting ━━━━━━━━━━━━━━━━━━━━━━━━━━━━━━━━━━━━━━━━ 8/8 0:00:00 • 0:00:00 29.36it/s  
Predicting ━━━━━━━━━━━━━━━━━━━━━━━━━━━━━━━━━━━━━━━━ 8/8 0:00:00 • 0:00:00 28.27it/s  
Predicting ━━━━━━━━━━━━━━━━━━━━━━━━━━━━━━━━━━━━━━━━ 8/8 0:00:00 • 0:00:00 30.34it/s  
Predicting ━━━━━━━━━━━━━━━━━━━━━━━━━━━━━━━━━━━━━━━━ 8/8 0:00:00 • 0:00:00 26.18it/s  
Predicting ━━━━━━━━━━━━━━━━━━━━━━━━━━━━━━━━━━━━━━━━ 8/8 0:00:00 • 0:00:00 27.86it/s  
batch 547: size=500 time=5.39s
Predicting ━━━━━━━━━━━━━━━━━━━━━━━━━━━━━━━━━━━━━━━━ 8/8 0:00:00 • 0:00:00 29.95it/s  
Predicting ━━━━━━━━━━━━━━━━━━━━━━━━━━━━━━━━━━━━━━━━ 8/8 0:00:00 • 0:00:00 31.34it/s  
Predicting ━━━━━━━━━━━━━━━━━━━━━━━━━━━━━━━━━━━━━━━━ 8/8 0:00:00 • 0:00:00 30.40it/s  
Predicting ━━━━━━━━━━━━━━━━━━━━━━━━━━━━━━━━━━━━━━━━ 8/8 0:00:00 • 0:00:00 31.99it/s  
Predicting ━━━━━━━━━━━━━━━━━━━━━━━━━━━━━━━━━━━━━━━━ 8/8 0:00:00 • 0:00:00 32.26it/s  
Predicting ━━━━━━━━━━━━━━━━━━━━━━━━━━━━━━━━━━━━━━━━ 8/8 0:00:00 • 0:00:00 30.32it/s  
Predicting ━━━━━━━━━━━━━━━━━━━━━━━━━━━━━━━━━━━━━━━━ 8/8 0:00:00 • 0:00:00 32.09it/s  
Predicting ━━━━━━━━━━━━━━━━━━━━━━━━━━━━━━━━━━━━━━━━ 8/8 0:00:00 • 0:00:00 32.55it/s  
Predicting ━━━━━━━━━━━━━━━━━━━━━━━━━━━━━━━━━━━━━━━━ 8/8 0:00:00 • 0:00:00 31.52it/s  
Predicting ━━━━━━━━━━━━━━━━━━━━━━━━━━━━━━━━━━━━━━━━ 8/8 0:00:00 • 0:00:00 31.31it/s  
batch 548: size=500 time=5.17s
Predicting ━━━━━━━━━━━━━━━━━━━━━━━━━━━━━━━━━━━━━━━━ 8/8 0:00:00 • 0:00:00 30.71it/s  
Predicting ━━━━━━━━━━━━━━━━━━━━━━━━━━━━━━━━━━━━━━━━ 8/8 0:00:00 • 0:00:00 31.73it/s  
Predicting ━━━━━━━━━━━━━━━━━━━━━━━━━━━━━━━━━━━━━━━━ 8/8 0:00:00 • 0:00:00 30.56it/s  
Predicting ━━━━━━━━━━━━━━━━━━━━━━━━━━━━━━━━━━━━━━━━ 8/8 0:00:00 • 0:00:00 32.46it/s  
Predicting ━━━━━━━━━━━━━━━━━━━━━━━━━━━━━━━━━━━━━━━━ 8/8 0:00:00 • 0:00:00 33.04it/s  
Predicting ━━━━━━━━━━━━━━━━━━━━━━━━━━━━━━━━━━━━━━━━ 8/8 0:00:00 • 0:00:00 30.10it/s  
Predicting ━━━━━━━━━━━━━━━━━━━━━━━━━━━━━━━━━━━━━━━━ 8/8 0:00:00 • 0:00:00 31.92it/s  
Predicting ━━━━━━━━━━━━━━━━━━━━━━━━━━━━━━━━━━━━━━━━ 8/8 0:00:00 • 0:00:00 33.24it/s  
Predicting ━━━━━━━━━━━━━━━━━━━━━━━━━━━━━━━━━━━━━━━━ 8/8 0:00:00 • 0:00:00 31.30it/s  
Predicting ━━━━━━━━━━━━━━━━━━━━━━━━━━━━━━━━━━━━━━━━ 8/8 0:00:00 • 0:00:00 31.35it/s  
batch 549: size=500 time=5.18s
Predicting ━━━━━━━━━━━━━━━━━━━━━━━━━━━━━━━━━━━━━━━━ 8/8 0:00:00 • 0:00:00 30.27it/s  
Predicting ━━━━━━━━━━━━━━━━━━━━━━━━━━━━━━━━━━━━━━━━ 8/8 0:00:00 • 0:00:00 27.10it/s  
Predicting ━━━━━━━━━━━━━━━━━━━━━━━━━━━━━━━━━━━━━━━━ 8/8 0:00:00 • 0:00:00 32.65it/s  
Predicting ━━━━━━━━━━━━━━━━━━━━━━━━━━━━━━━━━━━━━━━━ 8/8 0:00:00 • 0:00:00 32.48it/s  
Predicting ━━━━━━━━━━━━━━━━━━━━━━━━━━━━━━━━━━━━━━━━ 8/8 0:00:00 • 0:00:00 31.64it/s  
Predicting ━━━━━━━━━━━━━━━━━━━━━━━━━━━━━━━━━━━━━━━━ 8/8 0:00:00 • 0:00:00 31.00it/s  
Predicting ━━━━━━━━━━━━━━━━━━━━━━━━━━━━━━━━━━━━━━━━ 8/8 0:00:00 • 0:00:00 32.86it/s  
Predicting ━━━━━━━━━━━━━━━━━━━━━━━━━━━━━━━━━━━━━━━━ 8/8 0:00:00 • 0:00:00 30.78it/s  
Predicting ━━━━━━━━━━━━━━━━━━━━━━━━━━━━━━━━━━━━━━━━ 8/8 0:00:00 • 0:00:00 30.63it/s  
Predicting ━━━━━━━━━━━━━━━━━━━━━━━━━━━━━━━━━━━━━━━━ 8/8 0:00:00 • 0:00:00 31.63it/s  
batch 550: size=500 time=5.25s
Predicting ━━━━━━━━━━━━━━━━━━━━━━━━━━━━━━━━━━━━━━━━ 8/8 0:00:00 • 0:00:00 20.50it/s  
Predicting ━━━━━━━━━━━━━━━━━━━━━━━━━━━━━━━━━━━━━━━━ 8/8 0:00:00 • 0:00:00 27.30it/s  
Predicting ━━━━━━━━━━━━━━━━━━━━━━━━━━━━━━━━━━━━━━━━ 8/8 0:00:00 • 0:00:00 27.61it/s  
Predicting ━━━━━━━━━━━━━━━━━━━━━━━━━━━━━━━━━━━━━━━━ 8/8 0:00:00 • 0:00:00 28.43it/s  
Predicting ━━━━━━━━━━━━━━━━━━━━━━━━━━━━━━━━━━━━━━━━ 8/8 0:00:00 • 0:00:00 28.81it/s  
Predicting ━━━━━━━━━━━━━━━━━━━━━━━━━━━━━━━━━━━━━━━━ 8/8 0:00:00 • 0:00:00 27.39it/s  
Predicting ━━━━━━━━━━━━━━━━━━━━━━━━━━━━━━━━━━━━━━━━ 8/8 0:00:00 • 0:00:00 28.22it/s  
Predicting ━━━━━━━━━━━━━━━━━━━━━━━━━━━━━━━━━━━━━━━━ 8/8 0:00:00 • 0:00:00 28.49it/s  
Predicting ━━━━━━━━━━━━━━━━━━━━━━━━━━━━━━━━━━━━━━━━ 8/8 0:00:00 • 0:00:00 27.98it/s  
Predicting ━━━━━━━━━━━━━━━━━━━━━━━━━━━━━━━━━━━━━━━━ 8/8 0:00:00 • 0:00:00 28.27it/s  
batch 551: size=500 time=5.77s
Predicting ━━━━━━━━━━━━━━━━━━━━━━━━━━━━━━━━━━━━━━━━ 8/8 0:00:00 • 0:00:00 27.17it/s  
Predicting ━━━━━━━━━━━━━━━━━━━━━━━━━━━━━━━━━━━━━━━━ 8/8 0:00:00 • 0:00:00 28.01it/s  
Predicting ━━━━━━━━━━━━━━━━━━━━━━━━━━━━━━━━━━━━━━━━ 8/8 0:00:00 • 0:00:00 28.36it/s  
Predicting ━━━━━━━━━━━━━━━━━━━━━━━━━━━━━━━━━━━━━━━━ 8/8 0:00:00 • 0:00:00 28.30it/s  
Predicting ━━━━━━━━━━━━━━━━━━━━━━━━━━━━━━━━━━━━━━━━ 8/8 0:00:00 • 0:00:00 28.13it/s  
Predicting ━━━━━━━━━━━━━━━━━━━━━━━━━━━━━━━━━━━━━━━━ 8/8 0:00:00 • 0:00:00 27.76it/s  
Predicting ━━━━━━━━━━━━━━━━━━━━━━━━━━━━━━━━━━━━━━━━ 8/8 0:00:00 • 0:00:00 28.37it/s  
Predicting ━━━━━━━━━━━━━━━━━━━━━━━━━━━━━━━━━━━━━━━━ 8/8 0:00:00 • 0:00:00 28.21it/s  
Predicting ━━━━━━━━━━━━━━━━━━━━━━━━━━━━━━━━━━━━━━━━ 8/8 0:00:00 • 0:00:00 28.05it/s  
Predicting ━━━━━━━━━━━━━━━━━━━━━━━━━━━━━━━━━━━━━━━━ 8/8 0:00:00 • 0:00:00 28.70it/s  
batch 552: size=500 time=5.53s
Predicting ━━━━━━━━━━━━━━━━━━━━━━━━━━━━━━━━━━━━━━━━ 8/8 0:00:00 • 0:00:00 27.31it/s  
Predicting ━━━━━━━━━━━━━━━━━━━━━━━━━━━━━━━━━━━━━━━━ 8/8 0:00:00 • 0:00:00 27.62it/s  
Predicting ━━━━━━━━━━━━━━━━━━━━━━━━━━━━━━━━━━━━━━━━ 8/8 0:00:00 • 0:00:00 27.15it/s  
Predicting ━━━━━━━━━━━━━━━━━━━━━━━━━━━━━━━━━━━━━━━━ 8/8 0:00:00 • 0:00:00 27.99it/s  
Predicting ━━━━━━━━━━━━━━━━━━━━━━━━━━━━━━━━━━━━━━━━ 8/8 0:00:00 • 0:00:00 28.68it/s  
Predicting ━━━━━━━━━━━━━━━━━━━━━━━━━━━━━━━━━━━━━━━━ 8/8 0:00:00 • 0:00:00 27.48it/s  
Predicting ━━━━━━━━━━━━━━━━━━━━━━━━━━━━━━━━━━━━━━━━ 8/8 0:00:00 • 0:00:00 28.06it/s  
Predicting ━━━━━━━━━━━━━━━━━━━━━━━━━━━━━━━━━━━━━━━━ 8/8 0:00:00 • 0:00:00 28.12it/s  
Predicting ━━━━━━━━━━━━━━━━━━━━━━━━━━━━━━━━━━━━━━━━ 8/8 0:00:00 • 0:00:00 28.32it/s  
Predicting ━━━━━━━━━━━━━━━━━━━━━━━━━━━━━━━━━━━━━━━━ 8/8 0:00:00 • 0:00:00 28.56it/s  
batch 553: size=500 time=5.61s
Predicting ━━━━━━━━━━━━━━━━━━━━━━━━━━━━━━━━━━━━━━━━ 8/8 0:00:00 • 0:00:00 27.87it/s  
Predicting ━━━━━━━━━━━━━━━━━━━━━━━━━━━━━━━━━━━━━━━━ 8/8 0:00:00 • 0:00:00 27.73it/s  
Predicting ━━━━━━━━━━━━━━━━━━━━━━━━━━━━━━━━━━━━━━━━ 8/8 0:00:00 • 0:00:00 28.67it/s  
Predicting ━━━━━━━━━━━━━━━━━━━━━━━━━━━━━━━━━━━━━━━━ 8/8 0:00:00 • 0:00:00 28.61it/s  
Predicting ━━━━━━━━━━━━━━━━━━━━━━━━━━━━━━━━━━━━━━━━ 8/8 0:00:00 • 0:00:00 28.21it/s  
Predicting ━━━━━━━━━━━━━━━━━━━━━━━━━━━━━━━━━━━━━━━━ 8/8 0:00:00 • 0:00:00 28.24it/s  
Predicting ━━━━━━━━━━━━━━━━━━━━━━━━━━━━━━━━━━━━━━━━ 8/8 0:00:00 • 0:00:00 28.66it/s  
Predicting ━━━━━━━━━━━━━━━━━━━━━━━━━━━━━━━━━━━━━━━━ 8/8 0:00:00 • 0:00:00 28.39it/s  
Predicting ━━━━━━━━━━━━━━━━━━━━━━━━━━━━━━━━━━━━━━━━ 8/8 0:00:00 • 0:00:00 29.16it/s  
Predicting ━━━━━━━━━━━━━━━━━━━━━━━━━━━━━━━━━━━━━━━━ 8/8 0:00:00 • 0:00:00 28.51it/s  
batch 554: size=500 time=5.51s
Predicting ━━━━━━━━━━━━━━━━━━━━━━━━━━━━━━━━━━━━━━━━ 8/8 0:00:00 • 0:00:00 27.60it/s  
Predicting ━━━━━━━━━━━━━━━━━━━━━━━━━━━━━━━━━━━━━━━━ 8/8 0:00:00 • 0:00:00 28.45it/s  
Predicting ━━━━━━━━━━━━━━━━━━━━━━━━━━━━━━━━━━━━━━━━ 8/8 0:00:00 • 0:00:00 28.93it/s  
Predicting ━━━━━━━━━━━━━━━━━━━━━━━━━━━━━━━━━━━━━━━━ 8/8 0:00:00 • 0:00:00 28.62it/s  
Predicting ━━━━━━━━━━━━━━━━━━━━━━━━━━━━━━━━━━━━━━━━ 8/8 0:00:00 • 0:00:00 28.66it/s  
Predicting ━━━━━━━━━━━━━━━━━━━━━━━━━━━━━━━━━━━━━━━━ 8/8 0:00:00 • 0:00:00 27.50it/s  
Predicting ━━━━━━━━━━━━━━━━━━━━━━━━━━━━━━━━━━━━━━━━ 8/8 0:00:00 • 0:00:00 28.28it/s  
Predicting ━━━━━━━━━━━━━━━━━━━━━━━━━━━━━━━━━━━━━━━━ 8/8 0:00:00 • 0:00:00 28.41it/s  
Predicting ━━━━━━━━━━━━━━━━━━━━━━━━━━━━━━━━━━━━━━━━ 8/8 0:00:00 • 0:00:00 28.98it/s  
Predicting ━━━━━━━━━━━━━━━━━━━━━━━━━━━━━━━━━━━━━━━━ 8/8 0:00:00 • 0:00:00 28.41it/s  
batch 555: size=500 time=5.54s
Predicting ━━━━━━━━━━━━━━━━━━━━━━━━━━━━━━━━━━━━━━━━ 8/8 0:00:00 • 0:00:00 28.11it/s  
Predicting ━━━━━━━━━━━━━━━━━━━━━━━━━━━━━━━━━━━━━━━━ 8/8 0:00:00 • 0:00:00 27.90it/s  
Predicting ━━━━━━━━━━━━━━━━━━━━━━━━━━━━━━━━━━━━━━━━ 8/8 0:00:00 • 0:00:00 28.67it/s  
Predicting ━━━━━━━━━━━━━━━━━━━━━━━━━━━━━━━━━━━━━━━━ 8/8 0:00:00 • 0:00:00 28.90it/s  
Predicting ━━━━━━━━━━━━━━━━━━━━━━━━━━━━━━━━━━━━━━━━ 8/8 0:00:00 • 0:00:00 28.80it/s  
Predicting ━━━━━━━━━━━━━━━━━━━━━━━━━━━━━━━━━━━━━━━━ 8/8 0:00:00 • 0:00:00 28.40it/s  
Predicting ━━━━━━━━━━━━━━━━━━━━━━━━━━━━━━━━━━━━━━━━ 8/8 0:00:00 • 0:00:00 28.43it/s  
Predicting ━━━━━━━━━━━━━━━━━━━━━━━━━━━━━━━━━━━━━━━━ 8/8 0:00:00 • 0:00:00 28.74it/s  
Predicting ━━━━━━━━━━━━━━━━━━━━━━━━━━━━━━━━━━━━━━━━ 8/8 0:00:00 • 0:00:00 29.01it/s  
Predicting ━━━━━━━━━━━━━━━━━━━━━━━━━━━━━━━━━━━━━━━━ 8/8 0:00:00 • 0:00:00 29.11it/s  
batch 556: size=500 time=5.49s
Predicting ━━━━━━━━━━━━━━━━━━━━━━━━━━━━━━━━━━━━━━━━ 8/8 0:00:00 • 0:00:00 27.32it/s  
Predicting ━━━━━━━━━━━━━━━━━━━━━━━━━━━━━━━━━━━━━━━━ 8/8 0:00:00 • 0:00:00 28.93it/s  
Predicting ━━━━━━━━━━━━━━━━━━━━━━━━━━━━━━━━━━━━━━━━ 8/8 0:00:00 • 0:00:00 28.59it/s  
Predicting ━━━━━━━━━━━━━━━━━━━━━━━━━━━━━━━━━━━━━━━━ 8/8 0:00:00 • 0:00:00 28.40it/s  
Predicting ━━━━━━━━━━━━━━━━━━━━━━━━━━━━━━━━━━━━━━━━ 8/8 0:00:00 • 0:00:00 28.79it/s  
Predicting ━━━━━━━━━━━━━━━━━━━━━━━━━━━━━━━━━━━━━━━━ 8/8 0:00:00 • 0:00:00 26.86it/s  
Predicting ━━━━━━━━━━━━━━━━━━━━━━━━━━━━━━━━━━━━━━━━ 8/8 0:00:00 • 0:00:00 29.62it/s  
Predicting ━━━━━━━━━━━━━━━━━━━━━━━━━━━━━━━━━━━━━━━━ 8/8 0:00:00 • 0:00:00 28.74it/s  
Predicting ━━━━━━━━━━━━━━━━━━━━━━━━━━━━━━━━━━━━━━━━ 8/8 0:00:00 • 0:00:00 29.11it/s  
Predicting ━━━━━━━━━━━━━━━━━━━━━━━━━━━━━━━━━━━━━━━━ 8/8 0:00:00 • 0:00:00 29.36it/s  
batch 557: size=500 time=5.49s
Predicting ━━━━━━━━━━━━━━━━━━━━━━━━━━━━━━━━━━━━━━━━ 8/8 0:00:00 • 0:00:00 20.59it/s  
Predicting ━━━━━━━━━━━━━━━━━━━━━━━━━━━━━━━━━━━━━━━━ 8/8 0:00:00 • 0:00:00 24.50it/s  
Predicting ━━━━━━━━━━━━━━━━━━━━━━━━━━━━━━━━━━━━━━━━ 8/8 0:00:00 • 0:00:00 31.80it/s  
Predicting ━━━━━━━━━━━━━━━━━━━━━━━━━━━━━━━━━━━━━━━━ 8/8 0:00:00 • 0:00:00 30.05it/s  
Predicting ━━━━━━━━━━━━━━━━━━━━━━━━━━━━━━━━━━━━━━━━ 8/8 0:00:00 • 0:00:00 30.17it/s  
Predicting ━━━━━━━━━━━━━━━━━━━━━━━━━━━━━━━━━━━━━━━━ 8/8 0:00:00 • 0:00:00 32.21it/s  
Predicting ━━━━━━━━━━━━━━━━━━━━━━━━━━━━━━━━━━━━━━━━ 8/8 0:00:00 • 0:00:00 26.88it/s  
Predicting ━━━━━━━━━━━━━━━━━━━━━━━━━━━━━━━━━━━━━━━━ 8/8 0:00:00 • 0:00:00 27.71it/s  
Predicting ━━━━━━━━━━━━━━━━━━━━━━━━━━━━━━━━━━━━━━━━ 8/8 0:00:00 • 0:00:00 26.82it/s  
Predicting ━━━━━━━━━━━━━━━━━━━━━━━━━━━━━━━━━━━━━━━━ 8/8 0:00:00 • 0:00:00 26.05it/s  
batch 558: size=500 time=5.62s
Predicting ━━━━━━━━━━━━━━━━━━━━━━━━━━━━━━━━━━━━━━━━ 8/8 0:00:00 • 0:00:00 29.99it/s  
Predicting ━━━━━━━━━━━━━━━━━━━━━━━━━━━━━━━━━━━━━━━━ 8/8 0:00:00 • 0:00:00 32.09it/s  
Predicting ━━━━━━━━━━━━━━━━━━━━━━━━━━━━━━━━━━━━━━━━ 8/8 0:00:00 • 0:00:00 31.20it/s  
Predicting ━━━━━━━━━━━━━━━━━━━━━━━━━━━━━━━━━━━━━━━━ 8/8 0:00:00 • 0:00:00 32.61it/s  
Predicting ━━━━━━━━━━━━━━━━━━━━━━━━━━━━━━━━━━━━━━━━ 8/8 0:00:00 • 0:00:00 32.62it/s  
Predicting ━━━━━━━━━━━━━━━━━━━━━━━━━━━━━━━━━━━━━━━━ 8/8 0:00:00 • 0:00:00 29.56it/s  
Predicting ━━━━━━━━━━━━━━━━━━━━━━━━━━━━━━━━━━━━━━━━ 8/8 0:00:00 • 0:00:00 32.40it/s  
Predicting ━━━━━━━━━━━━━━━━━━━━━━━━━━━━━━━━━━━━━━━━ 8/8 0:00:00 • 0:00:00 32.98it/s  
Predicting ━━━━━━━━━━━━━━━━━━━━━━━━━━━━━━━━━━━━━━━━ 8/8 0:00:00 • 0:00:00 30.60it/s  
Predicting ━━━━━━━━━━━━━━━━━━━━━━━━━━━━━━━━━━━━━━━━ 8/8 0:00:00 • 0:00:00 31.43it/s  
batch 559: size=500 time=5.21s
Predicting ━━━━━━━━━━━━━━━━━━━━━━━━━━━━━━━━━━━━━━━━ 8/8 0:00:00 • 0:00:00 20.71it/s  
Predicting ━━━━━━━━━━━━━━━━━━━━━━━━━━━━━━━━━━━━━━━━ 8/8 0:00:00 • 0:00:00 20.78it/s  
Predicting ━━━━━━━━━━━━━━━━━━━━━━━━━━━━━━━━━━━━━━━━ 8/8 0:00:00 • 0:00:00 28.89it/s  
Predicting ━━━━━━━━━━━━━━━━━━━━━━━━━━━━━━━━━━━━━━━━ 8/8 0:00:00 • 0:00:00 28.82it/s  
Predicting ━━━━━━━━━━━━━━━━━━━━━━━━━━━━━━━━━━━━━━━━ 8/8 0:00:00 • 0:00:00 29.18it/s  
Predicting ━━━━━━━━━━━━━━━━━━━━━━━━━━━━━━━━━━━━━━━━ 8/8 0:00:00 • 0:00:00 28.07it/s  
Predicting ━━━━━━━━━━━━━━━━━━━━━━━━━━━━━━━━━━━━━━━━ 8/8 0:00:00 • 0:00:00 28.54it/s  
Predicting ━━━━━━━━━━━━━━━━━━━━━━━━━━━━━━━━━━━━━━━━ 8/8 0:00:00 • 0:00:00 29.11it/s  
Predicting ━━━━━━━━━━━━━━━━━━━━━━━━━━━━━━━━━━━━━━━━ 8/8 0:00:00 • 0:00:00 28.91it/s  
Predicting ━━━━━━━━━━━━━━━━━━━━━━━━━━━━━━━━━━━━━━━━ 8/8 0:00:00 • 0:00:00 29.32it/s  
batch 560: size=500 time=5.77s
Predicting ━━━━━━━━━━━━━━━━━━━━━━━━━━━━━━━━━━━━━━━━ 8/8 0:00:00 • 0:00:00 28.04it/s  
Predicting ━━━━━━━━━━━━━━━━━━━━━━━━━━━━━━━━━━━━━━━━ 8/8 0:00:00 • 0:00:00 28.26it/s  
Predicting ━━━━━━━━━━━━━━━━━━━━━━━━━━━━━━━━━━━━━━━━ 8/8 0:00:00 • 0:00:00 27.97it/s  
Predicting ━━━━━━━━━━━━━━━━━━━━━━━━━━━━━━━━━━━━━━━━ 8/8 0:00:00 • 0:00:00 29.38it/s  
Predicting ━━━━━━━━━━━━━━━━━━━━━━━━━━━━━━━━━━━━━━━━ 8/8 0:00:00 • 0:00:00 28.77it/s  
Predicting ━━━━━━━━━━━━━━━━━━━━━━━━━━━━━━━━━━━━━━━━ 8/8 0:00:00 • 0:00:00 27.31it/s  
Predicting ━━━━━━━━━━━━━━━━━━━━━━━━━━━━━━━━━━━━━━━━ 8/8 0:00:00 • 0:00:00 28.02it/s  
Predicting ━━━━━━━━━━━━━━━━━━━━━━━━━━━━━━━━━━━━━━━━ 8/8 0:00:00 • 0:00:00 28.91it/s  
Predicting ━━━━━━━━━━━━━━━━━━━━━━━━━━━━━━━━━━━━━━━━ 8/8 0:00:00 • 0:00:00 28.62it/s  
Predicting ━━━━━━━━━━━━━━━━━━━━━━━━━━━━━━━━━━━━━━━━ 8/8 0:00:00 • 0:00:00 28.73it/s  
batch 561: size=500 time=5.54s
Predicting ━━━━━━━━━━━━━━━━━━━━━━━━━━━━━━━━━━━━━━━━ 8/8 0:00:00 • 0:00:00 26.99it/s  
Predicting ━━━━━━━━━━━━━━━━━━━━━━━━━━━━━━━━━━━━━━━━ 8/8 0:00:00 • 0:00:00 28.15it/s  
Predicting ━━━━━━━━━━━━━━━━━━━━━━━━━━━━━━━━━━━━━━━━ 8/8 0:00:00 • 0:00:00 29.14it/s  
Predicting ━━━━━━━━━━━━━━━━━━━━━━━━━━━━━━━━━━━━━━━━ 8/8 0:00:00 • 0:00:00 28.47it/s  
Predicting ━━━━━━━━━━━━━━━━━━━━━━━━━━━━━━━━━━━━━━━━ 8/8 0:00:00 • 0:00:00 28.73it/s  
Predicting ━━━━━━━━━━━━━━━━━━━━━━━━━━━━━━━━━━━━━━━━ 8/8 0:00:00 • 0:00:00 27.87it/s  
Predicting ━━━━━━━━━━━━━━━━━━━━━━━━━━━━━━━━━━━━━━━━ 8/8 0:00:00 • 0:00:00 28.23it/s  
Predicting ━━━━━━━━━━━━━━━━━━━━━━━━━━━━━━━━━━━━━━━━ 8/8 0:00:00 • 0:00:00 29.24it/s  
Predicting ━━━━━━━━━━━━━━━━━━━━━━━━━━━━━━━━━━━━━━━━ 8/8 0:00:00 • 0:00:00 29.03it/s  
Predicting ━━━━━━━━━━━━━━━━━━━━━━━━━━━━━━━━━━━━━━━━ 8/8 0:00:00 • 0:00:00 28.52it/s  
batch 562: size=500 time=5.49s
Predicting ━━━━━━━━━━━━━━━━━━━━━━━━━━━━━━━━━━━━━━━━ 8/8 0:00:00 • 0:00:00 28.25it/s  
Predicting ━━━━━━━━━━━━━━━━━━━━━━━━━━━━━━━━━━━━━━━━ 8/8 0:00:00 • 0:00:00 28.46it/s  
Predicting ━━━━━━━━━━━━━━━━━━━━━━━━━━━━━━━━━━━━━━━━ 8/8 0:00:00 • 0:00:00 28.58it/s  
Predicting ━━━━━━━━━━━━━━━━━━━━━━━━━━━━━━━━━━━━━━━━ 8/8 0:00:00 • 0:00:00 28.31it/s  
Predicting ━━━━━━━━━━━━━━━━━━━━━━━━━━━━━━━━━━━━━━━━ 8/8 0:00:00 • 0:00:00 29.32it/s  
Predicting ━━━━━━━━━━━━━━━━━━━━━━━━━━━━━━━━━━━━━━━━ 8/8 0:00:00 • 0:00:00 28.14it/s  
Predicting ━━━━━━━━━━━━━━━━━━━━━━━━━━━━━━━━━━━━━━━━ 8/8 0:00:00 • 0:00:00 28.53it/s  
Predicting ━━━━━━━━━━━━━━━━━━━━━━━━━━━━━━━━━━━━━━━━ 8/8 0:00:00 • 0:00:00 28.87it/s  
Predicting ━━━━━━━━━━━━━━━━━━━━━━━━━━━━━━━━━━━━━━━━ 8/8 0:00:00 • 0:00:00 29.49it/s  
Predicting ━━━━━━━━━━━━━━━━━━━━━━━━━━━━━━━━━━━━━━━━ 8/8 0:00:00 • 0:00:00 29.48it/s  
batch 563: size=500 time=5.43s
Predicting ━━━━━━━━━━━━━━━━━━━━━━━━━━━━━━━━━━━━━━━━ 8/8 0:00:00 • 0:00:00 28.40it/s  
Predicting ━━━━━━━━━━━━━━━━━━━━━━━━━━━━━━━━━━━━━━━━ 8/8 0:00:00 • 0:00:00 27.92it/s  
Predicting ━━━━━━━━━━━━━━━━━━━━━━━━━━━━━━━━━━━━━━━━ 8/8 0:00:00 • 0:00:00 28.94it/s  
Predicting ━━━━━━━━━━━━━━━━━━━━━━━━━━━━━━━━━━━━━━━━ 8/8 0:00:00 • 0:00:00 28.30it/s  
Predicting ━━━━━━━━━━━━━━━━━━━━━━━━━━━━━━━━━━━━━━━━ 8/8 0:00:00 • 0:00:00 28.73it/s  
Predicting ━━━━━━━━━━━━━━━━━━━━━━━━━━━━━━━━━━━━━━━━ 8/8 0:00:00 • 0:00:00 28.32it/s  
Predicting ━━━━━━━━━━━━━━━━━━━━━━━━━━━━━━━━━━━━━━━━ 8/8 0:00:00 • 0:00:00 28.41it/s  
Predicting ━━━━━━━━━━━━━━━━━━━━━━━━━━━━━━━━━━━━━━━━ 8/8 0:00:00 • 0:00:00 27.62it/s  
Predicting ━━━━━━━━━━━━━━━━━━━━━━━━━━━━━━━━━━━━━━━━ 8/8 0:00:00 • 0:00:00 28.88it/s  
Predicting ━━━━━━━━━━━━━━━━━━━━━━━━━━━━━━━━━━━━━━━━ 8/8 0:00:00 • 0:00:00 28.69it/s  
batch 564: size=500 time=5.50s
Predicting ━━━━━━━━━━━━━━━━━━━━━━━━━━━━━━━━━━━━━━━━ 8/8 0:00:00 • 0:00:00 28.23it/s  
Predicting ━━━━━━━━━━━━━━━━━━━━━━━━━━━━━━━━━━━━━━━━ 8/8 0:00:00 • 0:00:00 29.34it/s  
Predicting ━━━━━━━━━━━━━━━━━━━━━━━━━━━━━━━━━━━━━━━━ 8/8 0:00:00 • 0:00:00 29.12it/s  
Predicting ━━━━━━━━━━━━━━━━━━━━━━━━━━━━━━━━━━━━━━━━ 8/8 0:00:00 • 0:00:00 29.06it/s  
Predicting ━━━━━━━━━━━━━━━━━━━━━━━━━━━━━━━━━━━━━━━━ 8/8 0:00:00 • 0:00:00 29.90it/s  
Predicting ━━━━━━━━━━━━━━━━━━━━━━━━━━━━━━━━━━━━━━━━ 8/8 0:00:00 • 0:00:00 20.79it/s  
Predicting ━━━━━━━━━━━━━━━━━━━━━━━━━━━━━━━━━━━━━━━━ 8/8 0:00:00 • 0:00:00 33.34it/s  
Predicting ━━━━━━━━━━━━━━━━━━━━━━━━━━━━━━━━━━━━━━━━ 8/8 0:00:00 • 0:00:00 32.32it/s  
Predicting ━━━━━━━━━━━━━━━━━━━━━━━━━━━━━━━━━━━━━━━━ 8/8 0:00:00 • 0:00:00 31.53it/s  
Predicting ━━━━━━━━━━━━━━━━━━━━━━━━━━━━━━━━━━━━━━━━ 8/8 0:00:00 • 0:00:00 31.92it/s  
batch 565: size=500 time=5.39s
Predicting ━━━━━━━━━━━━━━━━━━━━━━━━━━━━━━━━━━━━━━━━ 8/8 0:00:00 • 0:00:00 30.27it/s  
Predicting ━━━━━━━━━━━━━━━━━━━━━━━━━━━━━━━━━━━━━━━━ 8/8 0:00:00 • 0:00:00 29.66it/s  
Predicting ━━━━━━━━━━━━━━━━━━━━━━━━━━━━━━━━━━━━━━━━ 8/8 0:00:00 • 0:00:00 32.71it/s  
Predicting ━━━━━━━━━━━━━━━━━━━━━━━━━━━━━━━━━━━━━━━━ 8/8 0:00:00 • 0:00:00 32.20it/s  
Predicting ━━━━━━━━━━━━━━━━━━━━━━━━━━━━━━━━━━━━━━━━ 8/8 0:00:00 • 0:00:00 31.45it/s  
Predicting ━━━━━━━━━━━━━━━━━━━━━━━━━━━━━━━━━━━━━━━━ 8/8 0:00:00 • 0:00:00 29.91it/s  
Predicting ━━━━━━━━━━━━━━━━━━━━━━━━━━━━━━━━━━━━━━━━ 8/8 0:00:00 • 0:00:00 31.62it/s  
Predicting ━━━━━━━━━━━━━━━━━━━━━━━━━━━━━━━━━━━━━━━━ 8/8 0:00:00 • 0:00:00 31.10it/s  
Predicting ━━━━━━━━━━━━━━━━━━━━━━━━━━━━━━━━━━━━━━━━ 8/8 0:00:00 • 0:00:00 31.94it/s  
Predicting ━━━━━━━━━━━━━━━━━━━━━━━━━━━━━━━━━━━━━━━━ 8/8 0:00:00 • 0:00:00 31.90it/s  
batch 566: size=500 time=5.20s
Predicting ━━━━━━━━━━━━━━━━━━━━━━━━━━━━━━━━━━━━━━━━ 8/8 0:00:00 • 0:00:00 29.44it/s  
Predicting ━━━━━━━━━━━━━━━━━━━━━━━━━━━━━━━━━━━━━━━━ 8/8 0:00:00 • 0:00:00 31.31it/s  
Predicting ━━━━━━━━━━━━━━━━━━━━━━━━━━━━━━━━━━━━━━━━ 8/8 0:00:00 • 0:00:00 33.56it/s  
Predicting ━━━━━━━━━━━━━━━━━━━━━━━━━━━━━━━━━━━━━━━━ 8/8 0:00:00 • 0:00:00 32.28it/s  
Predicting ━━━━━━━━━━━━━━━━━━━━━━━━━━━━━━━━━━━━━━━━ 8/8 0:00:00 • 0:00:00 32.22it/s  
Predicting ━━━━━━━━━━━━━━━━━━━━━━━━━━━━━━━━━━━━━━━━ 8/8 0:00:00 • 0:00:00 31.07it/s  
Predicting ━━━━━━━━━━━━━━━━━━━━━━━━━━━━━━━━━━━━━━━━ 8/8 0:00:00 • 0:00:00 32.33it/s  
Predicting ━━━━━━━━━━━━━━━━━━━━━━━━━━━━━━━━━━━━━━━━ 8/8 0:00:00 • 0:00:00 31.45it/s  
Predicting ━━━━━━━━━━━━━━━━━━━━━━━━━━━━━━━━━━━━━━━━ 8/8 0:00:00 • 0:00:00 33.39it/s  
Predicting ━━━━━━━━━━━━━━━━━━━━━━━━━━━━━━━━━━━━━━━━ 8/8 0:00:00 • 0:00:00 33.70it/s  
batch 567: size=500 time=5.15s
Predicting ━━━━━━━━━━━━━━━━━━━━━━━━━━━━━━━━━━━━━━━━ 8/8 0:00:00 • 0:00:00 29.78it/s  
Predicting ━━━━━━━━━━━━━━━━━━━━━━━━━━━━━━━━━━━━━━━━ 8/8 0:00:00 • 0:00:00 31.55it/s  
Predicting ━━━━━━━━━━━━━━━━━━━━━━━━━━━━━━━━━━━━━━━━ 8/8 0:00:00 • 0:00:00 32.89it/s  
Predicting ━━━━━━━━━━━━━━━━━━━━━━━━━━━━━━━━━━━━━━━━ 8/8 0:00:00 • 0:00:00 31.78it/s  
Predicting ━━━━━━━━━━━━━━━━━━━━━━━━━━━━━━━━━━━━━━━━ 8/8 0:00:00 • 0:00:00 31.68it/s  
Predicting ━━━━━━━━━━━━━━━━━━━━━━━━━━━━━━━━━━━━━━━━ 8/8 0:00:00 • 0:00:00 29.61it/s  
Predicting ━━━━━━━━━━━━━━━━━━━━━━━━━━━━━━━━━━━━━━━━ 8/8 0:00:00 • 0:00:00 32.16it/s  
Predicting ━━━━━━━━━━━━━━━━━━━━━━━━━━━━━━━━━━━━━━━━ 8/8 0:00:00 • 0:00:00 33.25it/s  
Predicting ━━━━━━━━━━━━━━━━━━━━━━━━━━━━━━━━━━━━━━━━ 8/8 0:00:00 • 0:00:00 33.01it/s  
Predicting ━━━━━━━━━━━━━━━━━━━━━━━━━━━━━━━━━━━━━━━━ 8/8 0:00:00 • 0:00:00 31.59it/s  
batch 568: size=500 time=5.22s
Predicting ━━━━━━━━━━━━━━━━━━━━━━━━━━━━━━━━━━━━━━━━ 8/8 0:00:00 • 0:00:00 31.38it/s  
Predicting ━━━━━━━━━━━━━━━━━━━━━━━━━━━━━━━━━━━━━━━━ 8/8 0:00:00 • 0:00:00 31.84it/s  
Predicting ━━━━━━━━━━━━━━━━━━━━━━━━━━━━━━━━━━━━━━━━ 8/8 0:00:00 • 0:00:00 30.85it/s  
Predicting ━━━━━━━━━━━━━━━━━━━━━━━━━━━━━━━━━━━━━━━━ 8/8 0:00:00 • 0:00:00 31.44it/s  
Predicting ━━━━━━━━━━━━━━━━━━━━━━━━━━━━━━━━━━━━━━━━ 8/8 0:00:00 • 0:00:00 32.52it/s  
Predicting ━━━━━━━━━━━━━━━━━━━━━━━━━━━━━━━━━━━━━━━━ 8/8 0:00:00 • 0:00:00 29.62it/s  
Predicting ━━━━━━━━━━━━━━━━━━━━━━━━━━━━━━━━━━━━━━━━ 8/8 0:00:00 • 0:00:00 31.95it/s  
Predicting ━━━━━━━━━━━━━━━━━━━━━━━━━━━━━━━━━━━━━━━━ 8/8 0:00:00 • 0:00:00 32.98it/s  
Predicting ━━━━━━━━━━━━━━━━━━━━━━━━━━━━━━━━━━━━━━━━ 8/8 0:00:00 • 0:00:00 30.61it/s  
Predicting ━━━━━━━━━━━━━━━━━━━━━━━━━━━━━━━━━━━━━━━━ 8/8 0:00:00 • 0:00:00 27.13it/s  
batch 569: size=500 time=5.36s
Predicting ━━━━━━━━━━━━━━━━━━━━━━━━━━━━━━━━━━━━━━━━ 8/8 0:00:00 • 0:00:00 31.11it/s  
Predicting ━━━━━━━━━━━━━━━━━━━━━━━━━━━━━━━━━━━━━━━━ 8/8 0:00:00 • 0:00:00 32.25it/s  
Predicting ━━━━━━━━━━━━━━━━━━━━━━━━━━━━━━━━━━━━━━━━ 8/8 0:00:00 • 0:00:00 31.42it/s  
Predicting ━━━━━━━━━━━━━━━━━━━━━━━━━━━━━━━━━━━━━━━━ 8/8 0:00:00 • 0:00:00 31.81it/s  
Predicting ━━━━━━━━━━━━━━━━━━━━━━━━━━━━━━━━━━━━━━━━ 8/8 0:00:00 • 0:00:00 32.35it/s  
Predicting ━━━━━━━━━━━━━━━━━━━━━━━━━━━━━━━━━━━━━━━━ 8/8 0:00:00 • 0:00:00 31.38it/s  
Predicting ━━━━━━━━━━━━━━━━━━━━━━━━━━━━━━━━━━━━━━━━ 8/8 0:00:00 • 0:00:00 33.62it/s  
Predicting ━━━━━━━━━━━━━━━━━━━━━━━━━━━━━━━━━━━━━━━━ 8/8 0:00:00 • 0:00:00 31.90it/s  
Predicting ━━━━━━━━━━━━━━━━━━━━━━━━━━━━━━━━━━━━━━━━ 8/8 0:00:00 • 0:00:00 32.56it/s  
Predicting ━━━━━━━━━━━━━━━━━━━━━━━━━━━━━━━━━━━━━━━━ 8/8 0:00:00 • 0:00:00 33.07it/s  
batch 570: size=500 time=5.13s
Predicting ━━━━━━━━━━━━━━━━━━━━━━━━━━━━━━━━━━━━━━━━ 8/8 0:00:00 • 0:00:00 30.00it/s  
Predicting ━━━━━━━━━━━━━━━━━━━━━━━━━━━━━━━━━━━━━━━━ 8/8 0:00:00 • 0:00:00 31.93it/s  
Predicting ━━━━━━━━━━━━━━━━━━━━━━━━━━━━━━━━━━━━━━━━ 8/8 0:00:00 • 0:00:00 32.43it/s  
Predicting ━━━━━━━━━━━━━━━━━━━━━━━━━━━━━━━━━━━━━━━━ 8/8 0:00:00 • 0:00:00 33.52it/s  
Predicting ━━━━━━━━━━━━━━━━━━━━━━━━━━━━━━━━━━━━━━━━ 8/8 0:00:00 • 0:00:00 31.61it/s  
Predicting ━━━━━━━━━━━━━━━━━━━━━━━━━━━━━━━━━━━━━━━━ 8/8 0:00:00 • 0:00:00 29.98it/s  
Predicting ━━━━━━━━━━━━━━━━━━━━━━━━━━━━━━━━━━━━━━━━ 8/8 0:00:00 • 0:00:00 31.32it/s  
Predicting ━━━━━━━━━━━━━━━━━━━━━━━━━━━━━━━━━━━━━━━━ 8/8 0:00:00 • 0:00:00 31.85it/s  
Predicting ━━━━━━━━━━━━━━━━━━━━━━━━━━━━━━━━━━━━━━━━ 8/8 0:00:00 • 0:00:00 32.27it/s  
Predicting ━━━━━━━━━━━━━━━━━━━━━━━━━━━━━━━━━━━━━━━━ 8/8 0:00:00 • 0:00:00 32.62it/s  
batch 571: size=500 time=5.22s
Predicting ━━━━━━━━━━━━━━━━━━━━━━━━━━━━━━━━━━━━━━━━ 8/8 0:00:00 • 0:00:00 30.40it/s  
Predicting ━━━━━━━━━━━━━━━━━━━━━━━━━━━━━━━━━━━━━━━━ 8/8 0:00:00 • 0:00:00 31.14it/s  
Predicting ━━━━━━━━━━━━━━━━━━━━━━━━━━━━━━━━━━━━━━━━ 8/8 0:00:00 • 0:00:00 31.77it/s  
Predicting ━━━━━━━━━━━━━━━━━━━━━━━━━━━━━━━━━━━━━━━━ 8/8 0:00:00 • 0:00:00 31.70it/s  
Predicting ━━━━━━━━━━━━━━━━━━━━━━━━━━━━━━━━━━━━━━━━ 8/8 0:00:00 • 0:00:00 27.84it/s  
Predicting ━━━━━━━━━━━━━━━━━━━━━━━━━━━━━━━━━━━━━━━━ 8/8 0:00:00 • 0:00:00 31.96it/s  
Predicting ━━━━━━━━━━━━━━━━━━━━━━━━━━━━━━━━━━━━━━━━ 8/8 0:00:00 • 0:00:00 30.94it/s  
Predicting ━━━━━━━━━━━━━━━━━━━━━━━━━━━━━━━━━━━━━━━━ 8/8 0:00:00 • 0:00:00 30.76it/s  
Predicting ━━━━━━━━━━━━━━━━━━━━━━━━━━━━━━━━━━━━━━━━ 8/8 0:00:00 • 0:00:00 32.51it/s  
Predicting ━━━━━━━━━━━━━━━━━━━━━━━━━━━━━━━━━━━━━━━━ 8/8 0:00:00 • 0:00:00 30.95it/s  
batch 572: size=500 time=5.28s
Predicting ━━━━━━━━━━━━━━━━━━━━━━━━━━━━━━━━━━━━━━━━ 8/8 0:00:00 • 0:00:00 31.02it/s  
Predicting ━━━━━━━━━━━━━━━━━━━━━━━━━━━━━━━━━━━━━━━━ 8/8 0:00:00 • 0:00:00 33.32it/s  
Predicting ━━━━━━━━━━━━━━━━━━━━━━━━━━━━━━━━━━━━━━━━ 8/8 0:00:00 • 0:00:00 31.46it/s  
Predicting ━━━━━━━━━━━━━━━━━━━━━━━━━━━━━━━━━━━━━━━━ 8/8 0:00:00 • 0:00:00 31.05it/s  
Predicting ━━━━━━━━━━━━━━━━━━━━━━━━━━━━━━━━━━━━━━━━ 8/8 0:00:00 • 0:00:00 32.44it/s  
Predicting ━━━━━━━━━━━━━━━━━━━━━━━━━━━━━━━━━━━━━━━━ 8/8 0:00:00 • 0:00:00 30.98it/s  
Predicting ━━━━━━━━━━━━━━━━━━━━━━━━━━━━━━━━━━━━━━━━ 8/8 0:00:00 • 0:00:00 32.20it/s  
Predicting ━━━━━━━━━━━━━━━━━━━━━━━━━━━━━━━━━━━━━━━━ 8/8 0:00:00 • 0:00:00 33.12it/s  
Predicting ━━━━━━━━━━━━━━━━━━━━━━━━━━━━━━━━━━━━━━━━ 8/8 0:00:00 • 0:00:00 33.40it/s  
Predicting ━━━━━━━━━━━━━━━━━━━━━━━━━━━━━━━━━━━━━━━━ 8/8 0:00:00 • 0:00:00 32.73it/s  
batch 573: size=500 time=5.19s
Predicting ━━━━━━━━━━━━━━━━━━━━━━━━━━━━━━━━━━━━━━━━ 8/8 0:00:00 • 0:00:00 29.90it/s  
Predicting ━━━━━━━━━━━━━━━━━━━━━━━━━━━━━━━━━━━━━━━━ 8/8 0:00:00 • 0:00:00 31.24it/s  
Predicting ━━━━━━━━━━━━━━━━━━━━━━━━━━━━━━━━━━━━━━━━ 8/8 0:00:00 • 0:00:00 31.40it/s  
Predicting ━━━━━━━━━━━━━━━━━━━━━━━━━━━━━━━━━━━━━━━━ 8/8 0:00:00 • 0:00:00 31.46it/s  
Predicting ━━━━━━━━━━━━━━━━━━━━━━━━━━━━━━━━━━━━━━━━ 8/8 0:00:00 • 0:00:00 32.93it/s  
Predicting ━━━━━━━━━━━━━━━━━━━━━━━━━━━━━━━━━━━━━━━━ 8/8 0:00:00 • 0:00:00 30.14it/s  
Predicting ━━━━━━━━━━━━━━━━━━━━━━━━━━━━━━━━━━━━━━━━ 8/8 0:00:00 • 0:00:00 32.17it/s  
Predicting ━━━━━━━━━━━━━━━━━━━━━━━━━━━━━━━━━━━━━━━━ 8/8 0:00:00 • 0:00:00 32.35it/s  
Predicting ━━━━━━━━━━━━━━━━━━━━━━━━━━━━━━━━━━━━━━━━ 8/8 0:00:00 • 0:00:00 31.23it/s  
Predicting ━━━━━━━━━━━━━━━━━━━━━━━━━━━━━━━━━━━━━━━━ 8/8 0:00:00 • 0:00:00 30.86it/s  
batch 574: size=500 time=5.20s
Predicting ━━━━━━━━━━━━━━━━━━━━━━━━━━━━━━━━━━━━━━━━ 8/8 0:00:00 • 0:00:00 31.60it/s  
Predicting ━━━━━━━━━━━━━━━━━━━━━━━━━━━━━━━━━━━━━━━━ 8/8 0:00:00 • 0:00:00 32.01it/s  
Predicting ━━━━━━━━━━━━━━━━━━━━━━━━━━━━━━━━━━━━━━━━ 8/8 0:00:00 • 0:00:00 32.26it/s  
Predicting ━━━━━━━━━━━━━━━━━━━━━━━━━━━━━━━━━━━━━━━━ 8/8 0:00:00 • 0:00:00 32.77it/s  
Predicting ━━━━━━━━━━━━━━━━━━━━━━━━━━━━━━━━━━━━━━━━ 8/8 0:00:00 • 0:00:00 30.16it/s  
Predicting ━━━━━━━━━━━━━━━━━━━━━━━━━━━━━━━━━━━━━━━━ 8/8 0:00:00 • 0:00:00 32.02it/s  
Predicting ━━━━━━━━━━━━━━━━━━━━━━━━━━━━━━━━━━━━━━━━ 8/8 0:00:00 • 0:00:00 32.90it/s  
Predicting ━━━━━━━━━━━━━━━━━━━━━━━━━━━━━━━━━━━━━━━━ 8/8 0:00:00 • 0:00:00 31.74it/s  
Predicting ━━━━━━━━━━━━━━━━━━━━━━━━━━━━━━━━━━━━━━━━ 8/8 0:00:00 • 0:00:00 30.34it/s  
Predicting ━━━━━━━━━━━━━━━━━━━━━━━━━━━━━━━━━━━━━━━━ 8/8 0:00:00 • 0:00:00 33.06it/s  
batch 575: size=500 time=5.22s
Predicting ━━━━━━━━━━━━━━━━━━━━━━━━━━━━━━━━━━━━━━━━ 8/8 0:00:00 • 0:00:00 29.92it/s  
Predicting ━━━━━━━━━━━━━━━━━━━━━━━━━━━━━━━━━━━━━━━━ 8/8 0:00:00 • 0:00:00 31.39it/s  
Predicting ━━━━━━━━━━━━━━━━━━━━━━━━━━━━━━━━━━━━━━━━ 8/8 0:00:00 • 0:00:00 32.87it/s  
Predicting ━━━━━━━━━━━━━━━━━━━━━━━━━━━━━━━━━━━━━━━━ 8/8 0:00:00 • 0:00:00 31.97it/s  
Predicting ━━━━━━━━━━━━━━━━━━━━━━━━━━━━━━━━━━━━━━━━ 8/8 0:00:00 • 0:00:00 31.57it/s  
Predicting ━━━━━━━━━━━━━━━━━━━━━━━━━━━━━━━━━━━━━━━━ 8/8 0:00:00 • 0:00:00 32.47it/s  
Predicting ━━━━━━━━━━━━━━━━━━━━━━━━━━━━━━━━━━━━━━━━ 8/8 0:00:00 • 0:00:00 31.62it/s  
Predicting ━━━━━━━━━━━━━━━━━━━━━━━━━━━━━━━━━━━━━━━━ 8/8 0:00:00 • 0:00:00 31.20it/s  
Predicting ━━━━━━━━━━━━━━━━━━━━━━━━━━━━━━━━━━━━━━━━ 8/8 0:00:00 • 0:00:00 31.48it/s  
Predicting ━━━━━━━━━━━━━━━━━━━━━━━━━━━━━━━━━━━━━━━━ 8/8 0:00:00 • 0:00:00 32.94it/s  
batch 576: size=500 time=5.22s
Predicting ━━━━━━━━━━━━━━━━━━━━━━━━━━━━━━━━━━━━━━━━ 8/8 0:00:00 • 0:00:00 30.56it/s  
Predicting ━━━━━━━━━━━━━━━━━━━━━━━━━━━━━━━━━━━━━━━━ 8/8 0:00:00 • 0:00:00 33.19it/s  
Predicting ━━━━━━━━━━━━━━━━━━━━━━━━━━━━━━━━━━━━━━━━ 8/8 0:00:00 • 0:00:00 32.55it/s  
Predicting ━━━━━━━━━━━━━━━━━━━━━━━━━━━━━━━━━━━━━━━━ 8/8 0:00:00 • 0:00:00 31.18it/s  
Predicting ━━━━━━━━━━━━━━━━━━━━━━━━━━━━━━━━━━━━━━━━ 8/8 0:00:00 • 0:00:00 31.82it/s  
Predicting ━━━━━━━━━━━━━━━━━━━━━━━━━━━━━━━━━━━━━━━━ 8/8 0:00:00 • 0:00:00 31.98it/s  
Predicting ━━━━━━━━━━━━━━━━━━━━━━━━━━━━━━━━━━━━━━━━ 8/8 0:00:00 • 0:00:00 32.19it/s  
Predicting ━━━━━━━━━━━━━━━━━━━━━━━━━━━━━━━━━━━━━━━━ 8/8 0:00:00 • 0:00:00 32.27it/s  
Predicting ━━━━━━━━━━━━━━━━━━━━━━━━━━━━━━━━━━━━━━━━ 8/8 0:00:00 • 0:00:00 33.16it/s  
Predicting ━━━━━━━━━━━━━━━━━━━━━━━━━━━━━━━━━━━━━━━━ 8/8 0:00:00 • 0:00:00 31.23it/s  
batch 577: size=500 time=5.15s
Predicting ━━━━━━━━━━━━━━━━━━━━━━━━━━━━━━━━━━━━━━━━ 8/8 0:00:00 • 0:00:00 31.22it/s  
Predicting ━━━━━━━━━━━━━━━━━━━━━━━━━━━━━━━━━━━━━━━━ 8/8 0:00:00 • 0:00:00 32.45it/s  
Predicting ━━━━━━━━━━━━━━━━━━━━━━━━━━━━━━━━━━━━━━━━ 8/8 0:00:00 • 0:00:00 32.04it/s  
Predicting ━━━━━━━━━━━━━━━━━━━━━━━━━━━━━━━━━━━━━━━━ 8/8 0:00:00 • 0:00:00 31.99it/s  
Predicting ━━━━━━━━━━━━━━━━━━━━━━━━━━━━━━━━━━━━━━━━ 8/8 0:00:00 • 0:00:00 32.82it/s  
Predicting ━━━━━━━━━━━━━━━━━━━━━━━━━━━━━━━━━━━━━━━━ 8/8 0:00:00 • 0:00:00 29.72it/s  
Predicting ━━━━━━━━━━━━━━━━━━━━━━━━━━━━━━━━━━━━━━━━ 8/8 0:00:00 • 0:00:00 31.66it/s  
Predicting ━━━━━━━━━━━━━━━━━━━━━━━━━━━━━━━━━━━━━━━━ 8/8 0:00:00 • 0:00:00 32.07it/s  
Predicting ━━━━━━━━━━━━━━━━━━━━━━━━━━━━━━━━━━━━━━━━ 8/8 0:00:00 • 0:00:00 32.02it/s  
Predicting ━━━━━━━━━━━━━━━━━━━━━━━━━━━━━━━━━━━━━━━━ 8/8 0:00:00 • 0:00:00 31.67it/s  
batch 578: size=500 time=5.16s
Predicting ━━━━━━━━━━━━━━━━━━━━━━━━━━━━━━━━━━━━━━━━ 8/8 0:00:00 • 0:00:00 32.52it/s  
Predicting ━━━━━━━━━━━━━━━━━━━━━━━━━━━━━━━━━━━━━━━━ 8/8 0:00:00 • 0:00:00 32.19it/s  
Predicting ━━━━━━━━━━━━━━━━━━━━━━━━━━━━━━━━━━━━━━━━ 8/8 0:00:00 • 0:00:00 31.73it/s  
Predicting ━━━━━━━━━━━━━━━━━━━━━━━━━━━━━━━━━━━━━━━━ 8/8 0:00:00 • 0:00:00 32.46it/s  
Predicting ━━━━━━━━━━━━━━━━━━━━━━━━━━━━━━━━━━━━━━━━ 8/8 0:00:00 • 0:00:00 33.21it/s  
Predicting ━━━━━━━━━━━━━━━━━━━━━━━━━━━━━━━━━━━━━━━━ 8/8 0:00:00 • 0:00:00 29.36it/s  
Predicting ━━━━━━━━━━━━━━━━━━━━━━━━━━━━━━━━━━━━━━━━ 8/8 0:00:00 • 0:00:00 32.87it/s  
Predicting ━━━━━━━━━━━━━━━━━━━━━━━━━━━━━━━━━━━━━━━━ 8/8 0:00:00 • 0:00:00 32.78it/s  
Predicting ━━━━━━━━━━━━━━━━━━━━━━━━━━━━━━━━━━━━━━━━ 8/8 0:00:00 • 0:00:00 32.51it/s  
Predicting ━━━━━━━━━━━━━━━━━━━━━━━━━━━━━━━━━━━━━━━━ 8/8 0:00:00 • 0:00:00 32.30it/s  
batch 579: size=500 time=5.20s
Predicting ━━━━━━━━━━━━━━━━━━━━━━━━━━━━━━━━━━━━━━━━ 8/8 0:00:00 • 0:00:00 32.11it/s  
Predicting ━━━━━━━━━━━━━━━━━━━━━━━━━━━━━━━━━━━━━━━━ 8/8 0:00:00 • 0:00:00 31.81it/s  
Predicting ━━━━━━━━━━━━━━━━━━━━━━━━━━━━━━━━━━━━━━━━ 8/8 0:00:00 • 0:00:00 31.13it/s  
Predicting ━━━━━━━━━━━━━━━━━━━━━━━━━━━━━━━━━━━━━━━━ 8/8 0:00:00 • 0:00:00 32.92it/s  
Predicting ━━━━━━━━━━━━━━━━━━━━━━━━━━━━━━━━━━━━━━━━ 8/8 0:00:00 • 0:00:00 33.25it/s  
Predicting ━━━━━━━━━━━━━━━━━━━━━━━━━━━━━━━━━━━━━━━━ 8/8 0:00:00 • 0:00:00 30.71it/s  
Predicting ━━━━━━━━━━━━━━━━━━━━━━━━━━━━━━━━━━━━━━━━ 8/8 0:00:00 • 0:00:00 31.67it/s  
Predicting ━━━━━━━━━━━━━━━━━━━━━━━━━━━━━━━━━━━━━━━━ 8/8 0:00:00 • 0:00:00 31.28it/s  
Predicting ━━━━━━━━━━━━━━━━━━━━━━━━━━━━━━━━━━━━━━━━ 8/8 0:00:00 • 0:00:00 31.78it/s  
Predicting ━━━━━━━━━━━━━━━━━━━━━━━━━━━━━━━━━━━━━━━━ 8/8 0:00:00 • 0:00:00 32.37it/s  
batch 580: size=500 time=5.16s
Predicting ━━━━━━━━━━━━━━━━━━━━━━━━━━━━━━━━━━━━━━━━ 8/8 0:00:00 • 0:00:00 27.02it/s  
Predicting ━━━━━━━━━━━━━━━━━━━━━━━━━━━━━━━━━━━━━━━━ 8/8 0:00:00 • 0:00:00 28.29it/s  
Predicting ━━━━━━━━━━━━━━━━━━━━━━━━━━━━━━━━━━━━━━━━ 8/8 0:00:00 • 0:00:00 27.41it/s  
Predicting ━━━━━━━━━━━━━━━━━━━━━━━━━━━━━━━━━━━━━━━━ 8/8 0:00:00 • 0:00:00 26.40it/s  
Predicting ━━━━━━━━━━━━━━━━━━━━━━━━━━━━━━━━━━━━━━━━ 8/8 0:00:00 • 0:00:00 26.83it/s  
Predicting ━━━━━━━━━━━━━━━━━━━━━━━━━━━━━━━━━━━━━━━━ 8/8 0:00:00 • 0:00:00 30.73it/s  
Predicting ━━━━━━━━━━━━━━━━━━━━━━━━━━━━━━━━━━━━━━━━ 8/8 0:00:00 • 0:00:00 32.37it/s  
Predicting ━━━━━━━━━━━━━━━━━━━━━━━━━━━━━━━━━━━━━━━━ 8/8 0:00:00 • 0:00:00 32.06it/s  
Predicting ━━━━━━━━━━━━━━━━━━━━━━━━━━━━━━━━━━━━━━━━ 8/8 0:00:00 • 0:00:00 33.52it/s  
Predicting ━━━━━━━━━━━━━━━━━━━━━━━━━━━━━━━━━━━━━━━━ 8/8 0:00:00 • 0:00:00 32.88it/s  
batch 581: size=500 time=5.36s
Predicting ━━━━━━━━━━━━━━━━━━━━━━━━━━━━━━━━━━━━━━━━ 8/8 0:00:00 • 0:00:00 29.79it/s  
Predicting ━━━━━━━━━━━━━━━━━━━━━━━━━━━━━━━━━━━━━━━━ 8/8 0:00:00 • 0:00:00 33.48it/s  
Predicting ━━━━━━━━━━━━━━━━━━━━━━━━━━━━━━━━━━━━━━━━ 8/8 0:00:00 • 0:00:00 32.52it/s  
Predicting ━━━━━━━━━━━━━━━━━━━━━━━━━━━━━━━━━━━━━━━━ 8/8 0:00:00 • 0:00:00 31.06it/s  
Predicting ━━━━━━━━━━━━━━━━━━━━━━━━━━━━━━━━━━━━━━━━ 8/8 0:00:00 • 0:00:00 31.66it/s  
Predicting ━━━━━━━━━━━━━━━━━━━━━━━━━━━━━━━━━━━━━━━━ 8/8 0:00:00 • 0:00:00 31.27it/s  
Predicting ━━━━━━━━━━━━━━━━━━━━━━━━━━━━━━━━━━━━━━━━ 8/8 0:00:00 • 0:00:00 31.04it/s  
Predicting ━━━━━━━━━━━━━━━━━━━━━━━━━━━━━━━━━━━━━━━━ 8/8 0:00:00 • 0:00:00 31.51it/s  
Predicting ━━━━━━━━━━━━━━━━━━━━━━━━━━━━━━━━━━━━━━━━ 8/8 0:00:00 • 0:00:00 32.95it/s  
Predicting ━━━━━━━━━━━━━━━━━━━━━━━━━━━━━━━━━━━━━━━━ 8/8 0:00:00 • 0:00:00 32.20it/s  
batch 582: size=500 time=5.19s
Predicting ━━━━━━━━━━━━━━━━━━━━━━━━━━━━━━━━━━━━━━━━ 8/8 0:00:00 • 0:00:00 31.29it/s  
Predicting ━━━━━━━━━━━━━━━━━━━━━━━━━━━━━━━━━━━━━━━━ 8/8 0:00:00 • 0:00:00 33.34it/s  
Predicting ━━━━━━━━━━━━━━━━━━━━━━━━━━━━━━━━━━━━━━━━ 8/8 0:00:00 • 0:00:00 32.82it/s  
Predicting ━━━━━━━━━━━━━━━━━━━━━━━━━━━━━━━━━━━━━━━━ 8/8 0:00:00 • 0:00:00 31.19it/s  
Predicting ━━━━━━━━━━━━━━━━━━━━━━━━━━━━━━━━━━━━━━━━ 8/8 0:00:00 • 0:00:00 34.07it/s  
Predicting ━━━━━━━━━━━━━━━━━━━━━━━━━━━━━━━━━━━━━━━━ 8/8 0:00:00 • 0:00:00 31.48it/s  
Predicting ━━━━━━━━━━━━━━━━━━━━━━━━━━━━━━━━━━━━━━━━ 8/8 0:00:00 • 0:00:00 32.31it/s  
Predicting ━━━━━━━━━━━━━━━━━━━━━━━━━━━━━━━━━━━━━━━━ 8/8 0:00:00 • 0:00:00 33.26it/s  
Predicting ━━━━━━━━━━━━━━━━━━━━━━━━━━━━━━━━━━━━━━━━ 8/8 0:00:00 • 0:00:00 32.88it/s  
Predicting ━━━━━━━━━━━━━━━━━━━━━━━━━━━━━━━━━━━━━━━━ 8/8 0:00:00 • 0:00:00 31.59it/s  
batch 583: size=500 time=5.14s
Predicting ━━━━━━━━━━━━━━━━━━━━━━━━━━━━━━━━━━━━━━━━ 8/8 0:00:00 • 0:00:00 32.59it/s  
Predicting ━━━━━━━━━━━━━━━━━━━━━━━━━━━━━━━━━━━━━━━━ 8/8 0:00:00 • 0:00:00 32.30it/s  
Predicting ━━━━━━━━━━━━━━━━━━━━━━━━━━━━━━━━━━━━━━━━ 8/8 0:00:00 • 0:00:00 32.33it/s  
Predicting ━━━━━━━━━━━━━━━━━━━━━━━━━━━━━━━━━━━━━━━━ 8/8 0:00:00 • 0:00:00 32.06it/s  
Predicting ━━━━━━━━━━━━━━━━━━━━━━━━━━━━━━━━━━━━━━━━ 8/8 0:00:00 • 0:00:00 32.76it/s  
Predicting ━━━━━━━━━━━━━━━━━━━━━━━━━━━━━━━━━━━━━━━━ 8/8 0:00:00 • 0:00:00 31.01it/s  
Predicting ━━━━━━━━━━━━━━━━━━━━━━━━━━━━━━━━━━━━━━━━ 8/8 0:00:00 • 0:00:00 32.59it/s  
Predicting ━━━━━━━━━━━━━━━━━━━━━━━━━━━━━━━━━━━━━━━━ 8/8 0:00:00 • 0:00:00 32.23it/s  
Predicting ━━━━━━━━━━━━━━━━━━━━━━━━━━━━━━━━━━━━━━━━ 8/8 0:00:00 • 0:00:00 32.62it/s  
Predicting ━━━━━━━━━━━━━━━━━━━━━━━━━━━━━━━━━━━━━━━━ 8/8 0:00:00 • 0:00:00 31.33it/s  
batch 584: size=500 time=5.18s
Predicting ━━━━━━━━━━━━━━━━━━━━━━━━━━━━━━━━━━━━━━━━ 8/8 0:00:00 • 0:00:00 27.31it/s  
Predicting ━━━━━━━━━━━━━━━━━━━━━━━━━━━━━━━━━━━━━━━━ 8/8 0:00:00 • 0:00:00 28.91it/s  
Predicting ━━━━━━━━━━━━━━━━━━━━━━━━━━━━━━━━━━━━━━━━ 8/8 0:00:00 • 0:00:00 31.62it/s  
Predicting ━━━━━━━━━━━━━━━━━━━━━━━━━━━━━━━━━━━━━━━━ 8/8 0:00:00 • 0:00:00 31.98it/s  
Predicting ━━━━━━━━━━━━━━━━━━━━━━━━━━━━━━━━━━━━━━━━ 8/8 0:00:00 • 0:00:00 32.02it/s  
Predicting ━━━━━━━━━━━━━━━━━━━━━━━━━━━━━━━━━━━━━━━━ 8/8 0:00:00 • 0:00:00 30.93it/s  
Predicting ━━━━━━━━━━━━━━━━━━━━━━━━━━━━━━━━━━━━━━━━ 8/8 0:00:00 • 0:00:00 31.37it/s  
Predicting ━━━━━━━━━━━━━━━━━━━━━━━━━━━━━━━━━━━━━━━━ 8/8 0:00:00 • 0:00:00 31.69it/s  
Predicting ━━━━━━━━━━━━━━━━━━━━━━━━━━━━━━━━━━━━━━━━ 8/8 0:00:00 • 0:00:00 30.94it/s  
Predicting ━━━━━━━━━━━━━━━━━━━━━━━━━━━━━━━━━━━━━━━━ 8/8 0:00:00 • 0:00:00 33.74it/s  
batch 585: size=500 time=5.27s
Predicting ━━━━━━━━━━━━━━━━━━━━━━━━━━━━━━━━━━━━━━━━ 8/8 0:00:00 • 0:00:00 30.09it/s  
Predicting ━━━━━━━━━━━━━━━━━━━━━━━━━━━━━━━━━━━━━━━━ 8/8 0:00:00 • 0:00:00 31.56it/s  
Predicting ━━━━━━━━━━━━━━━━━━━━━━━━━━━━━━━━━━━━━━━━ 8/8 0:00:00 • 0:00:00 33.50it/s  
Predicting ━━━━━━━━━━━━━━━━━━━━━━━━━━━━━━━━━━━━━━━━ 8/8 0:00:00 • 0:00:00 32.13it/s  
Predicting ━━━━━━━━━━━━━━━━━━━━━━━━━━━━━━━━━━━━━━━━ 8/8 0:00:00 • 0:00:00 30.94it/s  
Predicting ━━━━━━━━━━━━━━━━━━━━━━━━━━━━━━━━━━━━━━━━ 8/8 0:00:00 • 0:00:00 31.64it/s  
Predicting ━━━━━━━━━━━━━━━━━━━━━━━━━━━━━━━━━━━━━━━━ 8/8 0:00:00 • 0:00:00 32.26it/s  
Predicting ━━━━━━━━━━━━━━━━━━━━━━━━━━━━━━━━━━━━━━━━ 8/8 0:00:00 • 0:00:00 32.69it/s  
Predicting ━━━━━━━━━━━━━━━━━━━━━━━━━━━━━━━━━━━━━━━━ 8/8 0:00:00 • 0:00:00 31.14it/s  
Predicting ━━━━━━━━━━━━━━━━━━━━━━━━━━━━━━━━━━━━━━━━ 8/8 0:00:00 • 0:00:00 32.60it/s  
batch 586: size=500 time=6.23s
Predicting ━━━━━━━━━━━━━━━━━━━━━━━━━━━━━━━━━━━━━━━━ 8/8 0:00:00 • 0:00:00 28.97it/s  
Predicting ━━━━━━━━━━━━━━━━━━━━━━━━━━━━━━━━━━━━━━━━ 8/8 0:00:00 • 0:00:00 31.79it/s  
Predicting ━━━━━━━━━━━━━━━━━━━━━━━━━━━━━━━━━━━━━━━━ 8/8 0:00:00 • 0:00:00 30.57it/s  
Predicting ━━━━━━━━━━━━━━━━━━━━━━━━━━━━━━━━━━━━━━━━ 8/8 0:00:00 • 0:00:00 31.88it/s  
Predicting ━━━━━━━━━━━━━━━━━━━━━━━━━━━━━━━━━━━━━━━━ 8/8 0:00:00 • 0:00:00 30.22it/s  
Predicting ━━━━━━━━━━━━━━━━━━━━━━━━━━━━━━━━━━━━━━━━ 8/8 0:00:00 • 0:00:00 28.64it/s  
Predicting ━━━━━━━━━━━━━━━━━━━━━━━━━━━━━━━━━━━━━━━━ 8/8 0:00:00 • 0:00:00 30.76it/s  
Predicting ━━━━━━━━━━━━━━━━━━━━━━━━━━━━━━━━━━━━━━━━ 8/8 0:00:00 • 0:00:00 31.66it/s  
Predicting ━━━━━━━━━━━━━━━━━━━━━━━━━━━━━━━━━━━━━━━━ 8/8 0:00:00 • 0:00:00 31.52it/s  
Predicting ━━━━━━━━━━━━━━━━━━━━━━━━━━━━━━━━━━━━━━━━ 8/8 0:00:00 • 0:00:00 31.20it/s  
batch 587: size=500 time=5.30s
Predicting ━━━━━━━━━━━━━━━━━━━━━━━━━━━━━━━━━━━━━━━━ 8/8 0:00:00 • 0:00:00 31.64it/s  
Predicting ━━━━━━━━━━━━━━━━━━━━━━━━━━━━━━━━━━━━━━━━ 8/8 0:00:00 • 0:00:00 31.72it/s  
Predicting ━━━━━━━━━━━━━━━━━━━━━━━━━━━━━━━━━━━━━━━━ 8/8 0:00:00 • 0:00:00 31.16it/s  
Predicting ━━━━━━━━━━━━━━━━━━━━━━━━━━━━━━━━━━━━━━━━ 8/8 0:00:00 • 0:00:00 31.11it/s  
Predicting ━━━━━━━━━━━━━━━━━━━━━━━━━━━━━━━━━━━━━━━━ 8/8 0:00:00 • 0:00:00 31.67it/s  
Predicting ━━━━━━━━━━━━━━━━━━━━━━━━━━━━━━━━━━━━━━━━ 8/8 0:00:00 • 0:00:00 29.27it/s  
Predicting ━━━━━━━━━━━━━━━━━━━━━━━━━━━━━━━━━━━━━━━━ 8/8 0:00:00 • 0:00:00 31.77it/s  
Predicting ━━━━━━━━━━━━━━━━━━━━━━━━━━━━━━━━━━━━━━━━ 8/8 0:00:00 • 0:00:00 30.58it/s  
Predicting ━━━━━━━━━━━━━━━━━━━━━━━━━━━━━━━━━━━━━━━━ 8/8 0:00:00 • 0:00:00 31.23it/s  
Predicting ━━━━━━━━━━━━━━━━━━━━━━━━━━━━━━━━━━━━━━━━ 8/8 0:00:00 • 0:00:00 31.21it/s  
batch 588: size=500 time=5.28s
Predicting ━━━━━━━━━━━━━━━━━━━━━━━━━━━━━━━━━━━━━━━━ 8/8 0:00:00 • 0:00:00 29.16it/s  
Predicting ━━━━━━━━━━━━━━━━━━━━━━━━━━━━━━━━━━━━━━━━ 8/8 0:00:00 • 0:00:00 30.11it/s  
Predicting ━━━━━━━━━━━━━━━━━━━━━━━━━━━━━━━━━━━━━━━━ 8/8 0:00:00 • 0:00:00 31.60it/s  
Predicting ━━━━━━━━━━━━━━━━━━━━━━━━━━━━━━━━━━━━━━━━ 8/8 0:00:00 • 0:00:00 31.69it/s  
Predicting ━━━━━━━━━━━━━━━━━━━━━━━━━━━━━━━━━━━━━━━━ 8/8 0:00:00 • 0:00:00 30.74it/s  
Predicting ━━━━━━━━━━━━━━━━━━━━━━━━━━━━━━━━━━━━━━━━ 8/8 0:00:00 • 0:00:00 29.31it/s  
Predicting ━━━━━━━━━━━━━━━━━━━━━━━━━━━━━━━━━━━━━━━━ 8/8 0:00:00 • 0:00:00 31.13it/s  
Predicting ━━━━━━━━━━━━━━━━━━━━━━━━━━━━━━━━━━━━━━━━ 8/8 0:00:00 • 0:00:00 31.06it/s  
Predicting ━━━━━━━━━━━━━━━━━━━━━━━━━━━━━━━━━━━━━━━━ 8/8 0:00:00 • 0:00:00 30.57it/s  
Predicting ━━━━━━━━━━━━━━━━━━━━━━━━━━━━━━━━━━━━━━━━ 8/8 0:00:00 • 0:00:00 32.93it/s  
batch 589: size=500 time=5.27s
Predicting ━━━━━━━━━━━━━━━━━━━━━━━━━━━━━━━━━━━━━━━━ 8/8 0:00:00 • 0:00:00 25.94it/s  
Predicting ━━━━━━━━━━━━━━━━━━━━━━━━━━━━━━━━━━━━━━━━ 8/8 0:00:00 • 0:00:00 27.68it/s  
Predicting ━━━━━━━━━━━━━━━━━━━━━━━━━━━━━━━━━━━━━━━━ 8/8 0:00:00 • 0:00:00 29.08it/s  
Predicting ━━━━━━━━━━━━━━━━━━━━━━━━━━━━━━━━━━━━━━━━ 8/8 0:00:00 • 0:00:00 28.04it/s  
Predicting ━━━━━━━━━━━━━━━━━━━━━━━━━━━━━━━━━━━━━━━━ 8/8 0:00:00 • 0:00:00 28.12it/s  
Predicting ━━━━━━━━━━━━━━━━━━━━━━━━━━━━━━━━━━━━━━━━ 8/8 0:00:00 • 0:00:00 27.39it/s  
Predicting ━━━━━━━━━━━━━━━━━━━━━━━━━━━━━━━━━━━━━━━━ 8/8 0:00:00 • 0:00:00 28.12it/s  
Predicting ━━━━━━━━━━━━━━━━━━━━━━━━━━━━━━━━━━━━━━━━ 8/8 0:00:00 • 0:00:00 28.71it/s  
Predicting ━━━━━━━━━━━━━━━━━━━━━━━━━━━━━━━━━━━━━━━━ 8/8 0:00:00 • 0:00:00 28.74it/s  
Predicting ━━━━━━━━━━━━━━━━━━━━━━━━━━━━━━━━━━━━━━━━ 8/8 0:00:00 • 0:00:00 28.13it/s  
batch 590: size=500 time=5.57s
Predicting ━━━━━━━━━━━━━━━━━━━━━━━━━━━━━━━━━━━━━━━━ 8/8 0:00:00 • 0:00:00 27.83it/s  
Predicting ━━━━━━━━━━━━━━━━━━━━━━━━━━━━━━━━━━━━━━━━ 8/8 0:00:00 • 0:00:00 27.53it/s  
Predicting ━━━━━━━━━━━━━━━━━━━━━━━━━━━━━━━━━━━━━━━━ 8/8 0:00:00 • 0:00:00 28.43it/s  
Predicting ━━━━━━━━━━━━━━━━━━━━━━━━━━━━━━━━━━━━━━━━ 8/8 0:00:00 • 0:00:00 29.40it/s  
Predicting ━━━━━━━━━━━━━━━━━━━━━━━━━━━━━━━━━━━━━━━━ 8/8 0:00:00 • 0:00:00 28.69it/s  
Predicting ━━━━━━━━━━━━━━━━━━━━━━━━━━━━━━━━━━━━━━━━ 8/8 0:00:00 • 0:00:00 27.49it/s  
Predicting ━━━━━━━━━━━━━━━━━━━━━━━━━━━━━━━━━━━━━━━━ 8/8 0:00:00 • 0:00:00 28.46it/s  
Predicting ━━━━━━━━━━━━━━━━━━━━━━━━━━━━━━━━━━━━━━━━ 8/8 0:00:00 • 0:00:00 28.56it/s  
Predicting ━━━━━━━━━━━━━━━━━━━━━━━━━━━━━━━━━━━━━━━━ 8/8 0:00:00 • 0:00:00 28.54it/s  
Predicting ━━━━━━━━━━━━━━━━━━━━━━━━━━━━━━━━━━━━━━━━ 8/8 0:00:00 • 0:00:00 29.68it/s  
batch 591: size=500 time=5.48s
Predicting ━━━━━━━━━━━━━━━━━━━━━━━━━━━━━━━━━━━━━━━━ 8/8 0:00:00 • 0:00:00 27.25it/s  
Predicting ━━━━━━━━━━━━━━━━━━━━━━━━━━━━━━━━━━━━━━━━ 8/8 0:00:00 • 0:00:00 27.30it/s  
Predicting ━━━━━━━━━━━━━━━━━━━━━━━━━━━━━━━━━━━━━━━━ 8/8 0:00:00 • 0:00:00 27.65it/s  
Predicting ━━━━━━━━━━━━━━━━━━━━━━━━━━━━━━━━━━━━━━━━ 8/8 0:00:00 • 0:00:00 27.77it/s  
Predicting ━━━━━━━━━━━━━━━━━━━━━━━━━━━━━━━━━━━━━━━━ 8/8 0:00:00 • 0:00:00 22.11it/s  
Predicting ━━━━━━━━━━━━━━━━━━━━━━━━━━━━━━━━━━━━━━━━ 8/8 0:00:00 • 0:00:00 29.57it/s  
Predicting ━━━━━━━━━━━━━━━━━━━━━━━━━━━━━━━━━━━━━━━━ 8/8 0:00:00 • 0:00:00 31.00it/s  
Predicting ━━━━━━━━━━━━━━━━━━━━━━━━━━━━━━━━━━━━━━━━ 8/8 0:00:00 • 0:00:00 32.82it/s  
Predicting ━━━━━━━━━━━━━━━━━━━━━━━━━━━━━━━━━━━━━━━━ 8/8 0:00:00 • 0:00:00 32.45it/s  
Predicting ━━━━━━━━━━━━━━━━━━━━━━━━━━━━━━━━━━━━━━━━ 8/8 0:00:00 • 0:00:00 32.32it/s  
batch 592: size=500 time=5.41s
Predicting ━━━━━━━━━━━━━━━━━━━━━━━━━━━━━━━━━━━━━━━━ 8/8 0:00:00 • 0:00:00 29.16it/s  
Predicting ━━━━━━━━━━━━━━━━━━━━━━━━━━━━━━━━━━━━━━━━ 8/8 0:00:00 • 0:00:00 30.27it/s  
Predicting ━━━━━━━━━━━━━━━━━━━━━━━━━━━━━━━━━━━━━━━━ 8/8 0:00:00 • 0:00:00 32.02it/s  
Predicting ━━━━━━━━━━━━━━━━━━━━━━━━━━━━━━━━━━━━━━━━ 8/8 0:00:00 • 0:00:00 30.33it/s  
Predicting ━━━━━━━━━━━━━━━━━━━━━━━━━━━━━━━━━━━━━━━━ 8/8 0:00:00 • 0:00:00 31.87it/s  
Predicting ━━━━━━━━━━━━━━━━━━━━━━━━━━━━━━━━━━━━━━━━ 8/8 0:00:00 • 0:00:00 29.14it/s  
Predicting ━━━━━━━━━━━━━━━━━━━━━━━━━━━━━━━━━━━━━━━━ 8/8 0:00:00 • 0:00:00 31.56it/s  
Predicting ━━━━━━━━━━━━━━━━━━━━━━━━━━━━━━━━━━━━━━━━ 8/8 0:00:00 • 0:00:00 32.50it/s  
Predicting ━━━━━━━━━━━━━━━━━━━━━━━━━━━━━━━━━━━━━━━━ 8/8 0:00:00 • 0:00:00 30.74it/s  
Predicting ━━━━━━━━━━━━━━━━━━━━━━━━━━━━━━━━━━━━━━━━ 8/8 0:00:00 • 0:00:00 30.80it/s  
batch 593: size=500 time=5.24s
Predicting ━━━━━━━━━━━━━━━━━━━━━━━━━━━━━━━━━━━━━━━━ 8/8 0:00:00 • 0:00:00 28.34it/s  
Predicting ━━━━━━━━━━━━━━━━━━━━━━━━━━━━━━━━━━━━━━━━ 8/8 0:00:00 • 0:00:00 31.83it/s  
Predicting ━━━━━━━━━━━━━━━━━━━━━━━━━━━━━━━━━━━━━━━━ 8/8 0:00:00 • 0:00:00 31.08it/s  
Predicting ━━━━━━━━━━━━━━━━━━━━━━━━━━━━━━━━━━━━━━━━ 8/8 0:00:00 • 0:00:00 31.51it/s  
Predicting ━━━━━━━━━━━━━━━━━━━━━━━━━━━━━━━━━━━━━━━━ 8/8 0:00:00 • 0:00:00 31.76it/s  
Predicting ━━━━━━━━━━━━━━━━━━━━━━━━━━━━━━━━━━━━━━━━ 8/8 0:00:00 • 0:00:00 30.15it/s  
Predicting ━━━━━━━━━━━━━━━━━━━━━━━━━━━━━━━━━━━━━━━━ 8/8 0:00:00 • 0:00:00 31.26it/s  
Predicting ━━━━━━━━━━━━━━━━━━━━━━━━━━━━━━━━━━━━━━━━ 8/8 0:00:00 • 0:00:00 31.06it/s  
Predicting ━━━━━━━━━━━━━━━━━━━━━━━━━━━━━━━━━━━━━━━━ 8/8 0:00:00 • 0:00:00 32.27it/s  
Predicting ━━━━━━━━━━━━━━━━━━━━━━━━━━━━━━━━━━━━━━━━ 8/8 0:00:00 • 0:00:00 31.81it/s  
batch 594: size=500 time=5.26s
Predicting ━━━━━━━━━━━━━━━━━━━━━━━━━━━━━━━━━━━━━━━━ 8/8 0:00:00 • 0:00:00 22.56it/s  
Predicting ━━━━━━━━━━━━━━━━━━━━━━━━━━━━━━━━━━━━━━━━ 8/8 0:00:00 • 0:00:00 29.34it/s  
Predicting ━━━━━━━━━━━━━━━━━━━━━━━━━━━━━━━━━━━━━━━━ 8/8 0:00:00 • 0:00:00 28.42it/s  
Predicting ━━━━━━━━━━━━━━━━━━━━━━━━━━━━━━━━━━━━━━━━ 8/8 0:00:00 • 0:00:00 29.20it/s  
Predicting ━━━━━━━━━━━━━━━━━━━━━━━━━━━━━━━━━━━━━━━━ 8/8 0:00:00 • 0:00:00 28.02it/s  
Predicting ━━━━━━━━━━━━━━━━━━━━━━━━━━━━━━━━━━━━━━━━ 8/8 0:00:00 • 0:00:00 28.00it/s  
Predicting ━━━━━━━━━━━━━━━━━━━━━━━━━━━━━━━━━━━━━━━━ 8/8 0:00:00 • 0:00:00 28.64it/s  
Predicting ━━━━━━━━━━━━━━━━━━━━━━━━━━━━━━━━━━━━━━━━ 8/8 0:00:00 • 0:00:00 28.82it/s  
Predicting ━━━━━━━━━━━━━━━━━━━━━━━━━━━━━━━━━━━━━━━━ 8/8 0:00:00 • 0:00:00 28.43it/s  
Predicting ━━━━━━━━━━━━━━━━━━━━━━━━━━━━━━━━━━━━━━━━ 8/8 0:00:00 • 0:00:00 28.33it/s  
batch 595: size=500 time=5.56s
Predicting ━━━━━━━━━━━━━━━━━━━━━━━━━━━━━━━━━━━━━━━━ 8/8 0:00:00 • 0:00:00 30.62it/s  
Predicting ━━━━━━━━━━━━━━━━━━━━━━━━━━━━━━━━━━━━━━━━ 8/8 0:00:00 • 0:00:00 31.79it/s  
Predicting ━━━━━━━━━━━━━━━━━━━━━━━━━━━━━━━━━━━━━━━━ 8/8 0:00:00 • 0:00:00 31.14it/s  
Predicting ━━━━━━━━━━━━━━━━━━━━━━━━━━━━━━━━━━━━━━━━ 8/8 0:00:00 • 0:00:00 30.89it/s  
Predicting ━━━━━━━━━━━━━━━━━━━━━━━━━━━━━━━━━━━━━━━━ 8/8 0:00:00 • 0:00:00 33.21it/s  
Predicting ━━━━━━━━━━━━━━━━━━━━━━━━━━━━━━━━━━━━━━━━ 8/8 0:00:00 • 0:00:00 27.70it/s  
Predicting ━━━━━━━━━━━━━━━━━━━━━━━━━━━━━━━━━━━━━━━━ 8/8 0:00:00 • 0:00:00 29.01it/s  
Predicting ━━━━━━━━━━━━━━━━━━━━━━━━━━━━━━━━━━━━━━━━ 8/8 0:00:00 • 0:00:00 28.90it/s  
Predicting ━━━━━━━━━━━━━━━━━━━━━━━━━━━━━━━━━━━━━━━━ 8/8 0:00:00 • 0:00:00 28.03it/s  
Predicting ━━━━━━━━━━━━━━━━━━━━━━━━━━━━━━━━━━━━━━━━ 8/8 0:00:00 • 0:00:00 28.37it/s  
batch 596: size=500 time=5.32s
Predicting ━━━━━━━━━━━━━━━━━━━━━━━━━━━━━━━━━━━━━━━━ 8/8 0:00:00 • 0:00:00 27.75it/s  
Predicting ━━━━━━━━━━━━━━━━━━━━━━━━━━━━━━━━━━━━━━━━ 8/8 0:00:00 • 0:00:00 28.80it/s  
Predicting ━━━━━━━━━━━━━━━━━━━━━━━━━━━━━━━━━━━━━━━━ 8/8 0:00:00 • 0:00:00 28.89it/s  
Predicting ━━━━━━━━━━━━━━━━━━━━━━━━━━━━━━━━━━━━━━━━ 8/8 0:00:00 • 0:00:00 28.70it/s  
Predicting ━━━━━━━━━━━━━━━━━━━━━━━━━━━━━━━━━━━━━━━━ 8/8 0:00:00 • 0:00:00 28.02it/s  
Predicting ━━━━━━━━━━━━━━━━━━━━━━━━━━━━━━━━━━━━━━━━ 8/8 0:00:00 • 0:00:00 27.85it/s  
Predicting ━━━━━━━━━━━━━━━━━━━━━━━━━━━━━━━━━━━━━━━━ 8/8 0:00:00 • 0:00:00 27.96it/s  
Predicting ━━━━━━━━━━━━━━━━━━━━━━━━━━━━━━━━━━━━━━━━ 8/8 0:00:00 • 0:00:00 28.28it/s  
Predicting ━━━━━━━━━━━━━━━━━━━━━━━━━━━━━━━━━━━━━━━━ 8/8 0:00:00 • 0:00:00 28.45it/s  
Predicting ━━━━━━━━━━━━━━━━━━━━━━━━━━━━━━━━━━━━━━━━ 8/8 0:00:00 • 0:00:00 29.13it/s  
batch 597: size=500 time=5.49s
Predicting ━━━━━━━━━━━━━━━━━━━━━━━━━━━━━━━━━━━━━━━━ 8/8 0:00:00 • 0:00:00 27.99it/s  
Predicting ━━━━━━━━━━━━━━━━━━━━━━━━━━━━━━━━━━━━━━━━ 8/8 0:00:00 • 0:00:00 28.35it/s  
Predicting ━━━━━━━━━━━━━━━━━━━━━━━━━━━━━━━━━━━━━━━━ 8/8 0:00:00 • 0:00:00 28.25it/s  
Predicting ━━━━━━━━━━━━━━━━━━━━━━━━━━━━━━━━━━━━━━━━ 8/8 0:00:00 • 0:00:00 28.33it/s  
Predicting ━━━━━━━━━━━━━━━━━━━━━━━━━━━━━━━━━━━━━━━━ 8/8 0:00:00 • 0:00:00 29.62it/s  
Predicting ━━━━━━━━━━━━━━━━━━━━━━━━━━━━━━━━━━━━━━━━ 8/8 0:00:00 • 0:00:00 28.46it/s  
Predicting ━━━━━━━━━━━━━━━━━━━━━━━━━━━━━━━━━━━━━━━━ 8/8 0:00:00 • 0:00:00 28.75it/s  
Predicting ━━━━━━━━━━━━━━━━━━━━━━━━━━━━━━━━━━━━━━━━ 8/8 0:00:00 • 0:00:00 28.73it/s  
Predicting ━━━━━━━━━━━━━━━━━━━━━━━━━━━━━━━━━━━━━━━━ 8/8 0:00:00 • 0:00:00 28.67it/s  
Predicting ━━━━━━━━━━━━━━━━━━━━━━━━━━━━━━━━━━━━━━━━ 8/8 0:00:00 • 0:00:00 28.97it/s  
batch 598: size=500 time=5.49s
Predicting ━━━━━━━━━━━━━━━━━━━━━━━━━━━━━━━━━━━━━━━━ 8/8 0:00:00 • 0:00:00 27.85it/s  
Predicting ━━━━━━━━━━━━━━━━━━━━━━━━━━━━━━━━━━━━━━━━ 8/8 0:00:00 • 0:00:00 28.74it/s  
Predicting ━━━━━━━━━━━━━━━━━━━━━━━━━━━━━━━━━━━━━━━━ 8/8 0:00:00 • 0:00:00 29.25it/s  
Predicting ━━━━━━━━━━━━━━━━━━━━━━━━━━━━━━━━━━━━━━━━ 8/8 0:00:00 • 0:00:00 29.23it/s  
Predicting ━━━━━━━━━━━━━━━━━━━━━━━━━━━━━━━━━━━━━━━━ 8/8 0:00:00 • 0:00:00 29.18it/s  
Predicting ━━━━━━━━━━━━━━━━━━━━━━━━━━━━━━━━━━━━━━━━ 8/8 0:00:00 • 0:00:00 26.16it/s  
Predicting ━━━━━━━━━━━━━━━━━━━━━━━━━━━━━━━━━━━━━━━━ 8/8 0:00:00 • 0:00:00 31.46it/s  
Predicting ━━━━━━━━━━━━━━━━━━━━━━━━━━━━━━━━━━━━━━━━ 8/8 0:00:00 • 0:00:00 32.02it/s  
Predicting ━━━━━━━━━━━━━━━━━━━━━━━━━━━━━━━━━━━━━━━━ 8/8 0:00:00 • 0:00:00 32.58it/s  
Predicting ━━━━━━━━━━━━━━━━━━━━━━━━━━━━━━━━━━━━━━━━ 8/8 0:00:00 • 0:00:00 32.42it/s  
batch 599: size=500 time=5.39s
Predicting ━━━━━━━━━━━━━━━━━━━━━━━━━━━━━━━━━━━━━━━━ 8/8 0:00:00 • 0:00:00 30.12it/s  
Predicting ━━━━━━━━━━━━━━━━━━━━━━━━━━━━━━━━━━━━━━━━ 8/8 0:00:00 • 0:00:00 33.46it/s  
Predicting ━━━━━━━━━━━━━━━━━━━━━━━━━━━━━━━━━━━━━━━━ 8/8 0:00:00 • 0:00:00 31.64it/s  
Predicting ━━━━━━━━━━━━━━━━━━━━━━━━━━━━━━━━━━━━━━━━ 8/8 0:00:00 • 0:00:00 30.74it/s  
Predicting ━━━━━━━━━━━━━━━━━━━━━━━━━━━━━━━━━━━━━━━━ 8/8 0:00:00 • 0:00:00 31.03it/s  
Predicting ━━━━━━━━━━━━━━━━━━━━━━━━━━━━━━━━━━━━━━━━ 8/8 0:00:00 • 0:00:00 30.01it/s  
Predicting ━━━━━━━━━━━━━━━━━━━━━━━━━━━━━━━━━━━━━━━━ 8/8 0:00:00 • 0:00:00 31.27it/s  
Predicting ━━━━━━━━━━━━━━━━━━━━━━━━━━━━━━━━━━━━━━━━ 8/8 0:00:00 • 0:00:00 31.65it/s  
Predicting ━━━━━━━━━━━━━━━━━━━━━━━━━━━━━━━━━━━━━━━━ 8/8 0:00:00 • 0:00:00 32.97it/s  
Predicting ━━━━━━━━━━━━━━━━━━━━━━━━━━━━━━━━━━━━━━━━ 8/8 0:00:00 • 0:00:00 32.58it/s  
batch 600: size=500 time=5.14s
Predicting ━━━━━━━━━━━━━━━━━━━━━━━━━━━━━━━━━━━━━━━━ 8/8 0:00:00 • 0:00:00 30.57it/s  
Predicting ━━━━━━━━━━━━━━━━━━━━━━━━━━━━━━━━━━━━━━━━ 8/8 0:00:00 • 0:00:00 31.72it/s  
Predicting ━━━━━━━━━━━━━━━━━━━━━━━━━━━━━━━━━━━━━━━━ 8/8 0:00:00 • 0:00:00 32.57it/s  
Predicting ━━━━━━━━━━━━━━━━━━━━━━━━━━━━━━━━━━━━━━━━ 8/8 0:00:00 • 0:00:00 32.39it/s  
Predicting ━━━━━━━━━━━━━━━━━━━━━━━━━━━━━━━━━━━━━━━━ 8/8 0:00:00 • 0:00:00 31.56it/s  
Predicting ━━━━━━━━━━━━━━━━━━━━━━━━━━━━━━━━━━━━━━━━ 8/8 0:00:00 • 0:00:00 28.97it/s  
Predicting ━━━━━━━━━━━━━━━━━━━━━━━━━━━━━━━━━━━━━━━━ 8/8 0:00:00 • 0:00:00 31.15it/s  
Predicting ━━━━━━━━━━━━━━━━━━━━━━━━━━━━━━━━━━━━━━━━ 8/8 0:00:00 • 0:00:00 33.62it/s  
Predicting ━━━━━━━━━━━━━━━━━━━━━━━━━━━━━━━━━━━━━━━━ 8/8 0:00:00 • 0:00:00 30.99it/s  
Predicting ━━━━━━━━━━━━━━━━━━━━━━━━━━━━━━━━━━━━━━━━ 8/8 0:00:00 • 0:00:00 32.20it/s  
batch 601: size=500 time=5.15s
Predicting ━━━━━━━━━━━━━━━━━━━━━━━━━━━━━━━━━━━━━━━━ 8/8 0:00:00 • 0:00:00 31.34it/s  
Predicting ━━━━━━━━━━━━━━━━━━━━━━━━━━━━━━━━━━━━━━━━ 8/8 0:00:00 • 0:00:00 32.71it/s  
Predicting ━━━━━━━━━━━━━━━━━━━━━━━━━━━━━━━━━━━━━━━━ 8/8 0:00:00 • 0:00:00 31.92it/s  
Predicting ━━━━━━━━━━━━━━━━━━━━━━━━━━━━━━━━━━━━━━━━ 8/8 0:00:00 • 0:00:00 31.45it/s  
Predicting ━━━━━━━━━━━━━━━━━━━━━━━━━━━━━━━━━━━━━━━━ 8/8 0:00:00 • 0:00:00 32.37it/s  
Predicting ━━━━━━━━━━━━━━━━━━━━━━━━━━━━━━━━━━━━━━━━ 8/8 0:00:00 • 0:00:00 30.53it/s  
Predicting ━━━━━━━━━━━━━━━━━━━━━━━━━━━━━━━━━━━━━━━━ 8/8 0:00:00 • 0:00:00 31.66it/s  
Predicting ━━━━━━━━━━━━━━━━━━━━━━━━━━━━━━━━━━━━━━━━ 8/8 0:00:00 • 0:00:00 32.23it/s  
Predicting ━━━━━━━━━━━━━━━━━━━━━━━━━━━━━━━━━━━━━━━━ 8/8 0:00:00 • 0:00:00 31.58it/s  
Predicting ━━━━━━━━━━━━━━━━━━━━━━━━━━━━━━━━━━━━━━━━ 8/8 0:00:00 • 0:00:00 31.81it/s  
batch 602: size=500 time=5.19s
Predicting ━━━━━━━━━━━━━━━━━━━━━━━━━━━━━━━━━━━━━━━━ 8/8 0:00:00 • 0:00:00 31.84it/s  
Predicting ━━━━━━━━━━━━━━━━━━━━━━━━━━━━━━━━━━━━━━━━ 8/8 0:00:00 • 0:00:00 31.22it/s  
Predicting ━━━━━━━━━━━━━━━━━━━━━━━━━━━━━━━━━━━━━━━━ 8/8 0:00:00 • 0:00:00 31.51it/s  
Predicting ━━━━━━━━━━━━━━━━━━━━━━━━━━━━━━━━━━━━━━━━ 8/8 0:00:00 • 0:00:00 33.51it/s  
Predicting ━━━━━━━━━━━━━━━━━━━━━━━━━━━━━━━━━━━━━━━━ 8/8 0:00:00 • 0:00:00 31.45it/s  
Predicting ━━━━━━━━━━━━━━━━━━━━━━━━━━━━━━━━━━━━━━━━ 8/8 0:00:00 • 0:00:00 29.72it/s  
Predicting ━━━━━━━━━━━━━━━━━━━━━━━━━━━━━━━━━━━━━━━━ 8/8 0:00:00 • 0:00:00 27.02it/s  
Predicting ━━━━━━━━━━━━━━━━━━━━━━━━━━━━━━━━━━━━━━━━ 8/8 0:00:00 • 0:00:00 29.84it/s  
Predicting ━━━━━━━━━━━━━━━━━━━━━━━━━━━━━━━━━━━━━━━━ 8/8 0:00:00 • 0:00:00 28.97it/s  
Predicting ━━━━━━━━━━━━━━━━━━━━━━━━━━━━━━━━━━━━━━━━ 8/8 0:00:00 • 0:00:00 26.57it/s  
batch 603: size=500 time=5.40s
Predicting ━━━━━━━━━━━━━━━━━━━━━━━━━━━━━━━━━━━━━━━━ 8/8 0:00:00 • 0:00:00 29.78it/s  
Predicting ━━━━━━━━━━━━━━━━━━━━━━━━━━━━━━━━━━━━━━━━ 8/8 0:00:00 • 0:00:00 31.80it/s  
Predicting ━━━━━━━━━━━━━━━━━━━━━━━━━━━━━━━━━━━━━━━━ 8/8 0:00:00 • 0:00:00 30.83it/s  
Predicting ━━━━━━━━━━━━━━━━━━━━━━━━━━━━━━━━━━━━━━━━ 8/8 0:00:00 • 0:00:00 31.52it/s  
Predicting ━━━━━━━━━━━━━━━━━━━━━━━━━━━━━━━━━━━━━━━━ 8/8 0:00:00 • 0:00:00 31.46it/s  
Predicting ━━━━━━━━━━━━━━━━━━━━━━━━━━━━━━━━━━━━━━━━ 8/8 0:00:00 • 0:00:00 30.94it/s  
Predicting ━━━━━━━━━━━━━━━━━━━━━━━━━━━━━━━━━━━━━━━━ 8/8 0:00:00 • 0:00:00 31.32it/s  
Predicting ━━━━━━━━━━━━━━━━━━━━━━━━━━━━━━━━━━━━━━━━ 8/8 0:00:00 • 0:00:00 31.26it/s  
Predicting ━━━━━━━━━━━━━━━━━━━━━━━━━━━━━━━━━━━━━━━━ 8/8 0:00:00 • 0:00:00 33.17it/s  
Predicting ━━━━━━━━━━━━━━━━━━━━━━━━━━━━━━━━━━━━━━━━ 8/8 0:00:00 • 0:00:00 32.39it/s  
batch 604: size=500 time=5.21s
Predicting ━━━━━━━━━━━━━━━━━━━━━━━━━━━━━━━━━━━━━━━━ 8/8 0:00:00 • 0:00:00 30.52it/s  
Predicting ━━━━━━━━━━━━━━━━━━━━━━━━━━━━━━━━━━━━━━━━ 8/8 0:00:00 • 0:00:00 33.73it/s  
Predicting ━━━━━━━━━━━━━━━━━━━━━━━━━━━━━━━━━━━━━━━━ 8/8 0:00:00 • 0:00:00 31.92it/s  
Predicting ━━━━━━━━━━━━━━━━━━━━━━━━━━━━━━━━━━━━━━━━ 8/8 0:00:00 • 0:00:00 31.82it/s  
Predicting ━━━━━━━━━━━━━━━━━━━━━━━━━━━━━━━━━━━━━━━━ 8/8 0:00:00 • 0:00:00 32.05it/s  
Predicting ━━━━━━━━━━━━━━━━━━━━━━━━━━━━━━━━━━━━━━━━ 8/8 0:00:00 • 0:00:00 30.16it/s  
Predicting ━━━━━━━━━━━━━━━━━━━━━━━━━━━━━━━━━━━━━━━━ 8/8 0:00:00 • 0:00:00 32.10it/s  
Predicting ━━━━━━━━━━━━━━━━━━━━━━━━━━━━━━━━━━━━━━━━ 8/8 0:00:00 • 0:00:00 32.62it/s  
Predicting ━━━━━━━━━━━━━━━━━━━━━━━━━━━━━━━━━━━━━━━━ 8/8 0:00:00 • 0:00:00 32.26it/s  
Predicting ━━━━━━━━━━━━━━━━━━━━━━━━━━━━━━━━━━━━━━━━ 8/8 0:00:00 • 0:00:00 32.32it/s  
batch 605: size=500 time=5.16s
Predicting ━━━━━━━━━━━━━━━━━━━━━━━━━━━━━━━━━━━━━━━━ 8/8 0:00:00 • 0:00:00 31.04it/s  
Predicting ━━━━━━━━━━━━━━━━━━━━━━━━━━━━━━━━━━━━━━━━ 8/8 0:00:00 • 0:00:00 31.24it/s  
Predicting ━━━━━━━━━━━━━━━━━━━━━━━━━━━━━━━━━━━━━━━━ 8/8 0:00:00 • 0:00:00 31.63it/s  
Predicting ━━━━━━━━━━━━━━━━━━━━━━━━━━━━━━━━━━━━━━━━ 8/8 0:00:00 • 0:00:00 31.77it/s  
Predicting ━━━━━━━━━━━━━━━━━━━━━━━━━━━━━━━━━━━━━━━━ 8/8 0:00:00 • 0:00:00 28.67it/s  
Predicting ━━━━━━━━━━━━━━━━━━━━━━━━━━━━━━━━━━━━━━━━ 8/8 0:00:00 • 0:00:00 30.16it/s  
Predicting ━━━━━━━━━━━━━━━━━━━━━━━━━━━━━━━━━━━━━━━━ 8/8 0:00:00 • 0:00:00 31.14it/s  
Predicting ━━━━━━━━━━━━━━━━━━━━━━━━━━━━━━━━━━━━━━━━ 8/8 0:00:00 • 0:00:00 32.37it/s  
Predicting ━━━━━━━━━━━━━━━━━━━━━━━━━━━━━━━━━━━━━━━━ 8/8 0:00:00 • 0:00:00 31.32it/s  
Predicting ━━━━━━━━━━━━━━━━━━━━━━━━━━━━━━━━━━━━━━━━ 8/8 0:00:00 • 0:00:00 31.29it/s  
batch 606: size=500 time=5.28s
Predicting ━━━━━━━━━━━━━━━━━━━━━━━━━━━━━━━━━━━━━━━━ 8/8 0:00:00 • 0:00:00 30.69it/s  
Predicting ━━━━━━━━━━━━━━━━━━━━━━━━━━━━━━━━━━━━━━━━ 8/8 0:00:00 • 0:00:00 30.73it/s  
Predicting ━━━━━━━━━━━━━━━━━━━━━━━━━━━━━━━━━━━━━━━━ 8/8 0:00:00 • 0:00:00 31.72it/s  
Predicting ━━━━━━━━━━━━━━━━━━━━━━━━━━━━━━━━━━━━━━━━ 8/8 0:00:00 • 0:00:00 32.37it/s  
Predicting ━━━━━━━━━━━━━━━━━━━━━━━━━━━━━━━━━━━━━━━━ 8/8 0:00:00 • 0:00:00 31.65it/s  
Predicting ━━━━━━━━━━━━━━━━━━━━━━━━━━━━━━━━━━━━━━━━ 8/8 0:00:00 • 0:00:00 29.89it/s  
Predicting ━━━━━━━━━━━━━━━━━━━━━━━━━━━━━━━━━━━━━━━━ 8/8 0:00:00 • 0:00:00 32.24it/s  
Predicting ━━━━━━━━━━━━━━━━━━━━━━━━━━━━━━━━━━━━━━━━ 8/8 0:00:00 • 0:00:00 32.02it/s  
Predicting ━━━━━━━━━━━━━━━━━━━━━━━━━━━━━━━━━━━━━━━━ 8/8 0:00:00 • 0:00:00 31.03it/s  
Predicting ━━━━━━━━━━━━━━━━━━━━━━━━━━━━━━━━━━━━━━━━ 8/8 0:00:00 • 0:00:00 32.01it/s  
batch 607: size=500 time=5.24s
Predicting ━━━━━━━━━━━━━━━━━━━━━━━━━━━━━━━━━━━━━━━━ 8/8 0:00:00 • 0:00:00 30.63it/s  
Predicting ━━━━━━━━━━━━━━━━━━━━━━━━━━━━━━━━━━━━━━━━ 8/8 0:00:00 • 0:00:00 31.98it/s  
Predicting ━━━━━━━━━━━━━━━━━━━━━━━━━━━━━━━━━━━━━━━━ 8/8 0:00:00 • 0:00:00 32.72it/s  
Predicting ━━━━━━━━━━━━━━━━━━━━━━━━━━━━━━━━━━━━━━━━ 8/8 0:00:00 • 0:00:00 32.58it/s  
Predicting ━━━━━━━━━━━━━━━━━━━━━━━━━━━━━━━━━━━━━━━━ 8/8 0:00:00 • 0:00:00 31.75it/s  
Predicting ━━━━━━━━━━━━━━━━━━━━━━━━━━━━━━━━━━━━━━━━ 8/8 0:00:00 • 0:00:00 31.44it/s  
Predicting ━━━━━━━━━━━━━━━━━━━━━━━━━━━━━━━━━━━━━━━━ 8/8 0:00:00 • 0:00:00 34.44it/s  
Predicting ━━━━━━━━━━━━━━━━━━━━━━━━━━━━━━━━━━━━━━━━ 8/8 0:00:00 • 0:00:00 32.73it/s  
Predicting ━━━━━━━━━━━━━━━━━━━━━━━━━━━━━━━━━━━━━━━━ 8/8 0:00:00 • 0:00:00 32.54it/s  
Predicting ━━━━━━━━━━━━━━━━━━━━━━━━━━━━━━━━━━━━━━━━ 8/8 0:00:00 • 0:00:00 33.22it/s  
batch 608: size=500 time=5.14s
Predicting ━━━━━━━━━━━━━━━━━━━━━━━━━━━━━━━━━━━━━━━━ 8/8 0:00:00 • 0:00:00 31.40it/s  
Predicting ━━━━━━━━━━━━━━━━━━━━━━━━━━━━━━━━━━━━━━━━ 8/8 0:00:00 • 0:00:00 33.21it/s  
Predicting ━━━━━━━━━━━━━━━━━━━━━━━━━━━━━━━━━━━━━━━━ 8/8 0:00:00 • 0:00:00 33.20it/s  
Predicting ━━━━━━━━━━━━━━━━━━━━━━━━━━━━━━━━━━━━━━━━ 8/8 0:00:00 • 0:00:00 32.32it/s  
Predicting ━━━━━━━━━━━━━━━━━━━━━━━━━━━━━━━━━━━━━━━━ 8/8 0:00:00 • 0:00:00 32.02it/s  
Predicting ━━━━━━━━━━━━━━━━━━━━━━━━━━━━━━━━━━━━━━━━ 8/8 0:00:00 • 0:00:00 31.86it/s  
Predicting ━━━━━━━━━━━━━━━━━━━━━━━━━━━━━━━━━━━━━━━━ 8/8 0:00:00 • 0:00:00 29.42it/s  
Predicting ━━━━━━━━━━━━━━━━━━━━━━━━━━━━━━━━━━━━━━━━ 8/8 0:00:00 • 0:00:00 32.34it/s  
Predicting ━━━━━━━━━━━━━━━━━━━━━━━━━━━━━━━━━━━━━━━━ 8/8 0:00:00 • 0:00:00 33.56it/s  
Predicting ━━━━━━━━━━━━━━━━━━━━━━━━━━━━━━━━━━━━━━━━ 8/8 0:00:00 • 0:00:00 33.03it/s  
batch 609: size=500 time=5.16s
Predicting ━━━━━━━━━━━━━━━━━━━━━━━━━━━━━━━━━━━━━━━━ 8/8 0:00:00 • 0:00:00 30.36it/s  
Predicting ━━━━━━━━━━━━━━━━━━━━━━━━━━━━━━━━━━━━━━━━ 8/8 0:00:00 • 0:00:00 33.08it/s  
Predicting ━━━━━━━━━━━━━━━━━━━━━━━━━━━━━━━━━━━━━━━━ 8/8 0:00:00 • 0:00:00 33.00it/s  
Predicting ━━━━━━━━━━━━━━━━━━━━━━━━━━━━━━━━━━━━━━━━ 8/8 0:00:00 • 0:00:00 30.56it/s  
Predicting ━━━━━━━━━━━━━━━━━━━━━━━━━━━━━━━━━━━━━━━━ 8/8 0:00:00 • 0:00:00 31.17it/s  
Predicting ━━━━━━━━━━━━━━━━━━━━━━━━━━━━━━━━━━━━━━━━ 8/8 0:00:00 • 0:00:00 31.16it/s  
Predicting ━━━━━━━━━━━━━━━━━━━━━━━━━━━━━━━━━━━━━━━━ 8/8 0:00:00 • 0:00:00 31.07it/s  
Predicting ━━━━━━━━━━━━━━━━━━━━━━━━━━━━━━━━━━━━━━━━ 8/8 0:00:00 • 0:00:00 31.87it/s  
Predicting ━━━━━━━━━━━━━━━━━━━━━━━━━━━━━━━━━━━━━━━━ 8/8 0:00:00 • 0:00:00 31.90it/s  
Predicting ━━━━━━━━━━━━━━━━━━━━━━━━━━━━━━━━━━━━━━━━ 8/8 0:00:00 • 0:00:00 31.92it/s  
batch 610: size=500 time=5.23s
Predicting ━━━━━━━━━━━━━━━━━━━━━━━━━━━━━━━━━━━━━━━━ 8/8 0:00:00 • 0:00:00 31.89it/s  
Predicting ━━━━━━━━━━━━━━━━━━━━━━━━━━━━━━━━━━━━━━━━ 8/8 0:00:00 • 0:00:00 31.16it/s  
Predicting ━━━━━━━━━━━━━━━━━━━━━━━━━━━━━━━━━━━━━━━━ 8/8 0:00:00 • 0:00:00 31.58it/s  
Predicting ━━━━━━━━━━━━━━━━━━━━━━━━━━━━━━━━━━━━━━━━ 8/8 0:00:00 • 0:00:00 31.78it/s  
Predicting ━━━━━━━━━━━━━━━━━━━━━━━━━━━━━━━━━━━━━━━━ 8/8 0:00:00 • 0:00:00 32.17it/s  
Predicting ━━━━━━━━━━━━━━━━━━━━━━━━━━━━━━━━━━━━━━━━ 8/8 0:00:00 • 0:00:00 30.93it/s  
Predicting ━━━━━━━━━━━━━━━━━━━━━━━━━━━━━━━━━━━━━━━━ 8/8 0:00:00 • 0:00:00 32.70it/s  
Predicting ━━━━━━━━━━━━━━━━━━━━━━━━━━━━━━━━━━━━━━━━ 8/8 0:00:00 • 0:00:00 33.10it/s  
Predicting ━━━━━━━━━━━━━━━━━━━━━━━━━━━━━━━━━━━━━━━━ 8/8 0:00:00 • 0:00:00 32.56it/s  
Predicting ━━━━━━━━━━━━━━━━━━━━━━━━━━━━━━━━━━━━━━━━ 8/8 0:00:00 • 0:00:00 32.42it/s  
batch 611: size=500 time=5.22s
Predicting ━━━━━━━━━━━━━━━━━━━━━━━━━━━━━━━━━━━━━━━━ 8/8 0:00:00 • 0:00:00 21.18it/s  
Predicting ━━━━━━━━━━━━━━━━━━━━━━━━━━━━━━━━━━━━━━━━ 8/8 0:00:00 • 0:00:00 21.47it/s  
Predicting ━━━━━━━━━━━━━━━━━━━━━━━━━━━━━━━━━━━━━━━━ 8/8 0:00:00 • 0:00:00 21.49it/s  
Predicting ━━━━━━━━━━━━━━━━━━━━━━━━━━━━━━━━━━━━━━━━ 8/8 0:00:00 • 0:00:00 22.28it/s  
Predicting ━━━━━━━━━━━━━━━━━━━━━━━━━━━━━━━━━━━━━━━━ 8/8 0:00:00 • 0:00:00 29.18it/s  
Predicting ━━━━━━━━━━━━━━━━━━━━━━━━━━━━━━━━━━━━━━━━ 8/8 0:00:00 • 0:00:00 28.46it/s  
Predicting ━━━━━━━━━━━━━━━━━━━━━━━━━━━━━━━━━━━━━━━━ 8/8 0:00:00 • 0:00:00 29.23it/s  
Predicting ━━━━━━━━━━━━━━━━━━━━━━━━━━━━━━━━━━━━━━━━ 8/8 0:00:00 • 0:00:00 29.68it/s  
Predicting ━━━━━━━━━━━━━━━━━━━━━━━━━━━━━━━━━━━━━━━━ 8/8 0:00:00 • 0:00:00 30.02it/s  
Predicting ━━━━━━━━━━━━━━━━━━━━━━━━━━━━━━━━━━━━━━━━ 8/8 0:00:00 • 0:00:00 28.87it/s  
batch 612: size=500 time=5.86s
Predicting ━━━━━━━━━━━━━━━━━━━━━━━━━━━━━━━━━━━━━━━━ 8/8 0:00:00 • 0:00:00 28.67it/s  
Predicting ━━━━━━━━━━━━━━━━━━━━━━━━━━━━━━━━━━━━━━━━ 8/8 0:00:00 • 0:00:00 29.28it/s  
Predicting ━━━━━━━━━━━━━━━━━━━━━━━━━━━━━━━━━━━━━━━━ 8/8 0:00:00 • 0:00:00 28.22it/s  
Predicting ━━━━━━━━━━━━━━━━━━━━━━━━━━━━━━━━━━━━━━━━ 8/8 0:00:00 • 0:00:00 28.65it/s  
Predicting ━━━━━━━━━━━━━━━━━━━━━━━━━━━━━━━━━━━━━━━━ 8/8 0:00:00 • 0:00:00 28.52it/s  
Predicting ━━━━━━━━━━━━━━━━━━━━━━━━━━━━━━━━━━━━━━━━ 8/8 0:00:00 • 0:00:00 28.08it/s  
Predicting ━━━━━━━━━━━━━━━━━━━━━━━━━━━━━━━━━━━━━━━━ 8/8 0:00:00 • 0:00:00 29.07it/s  
Predicting ━━━━━━━━━━━━━━━━━━━━━━━━━━━━━━━━━━━━━━━━ 8/8 0:00:00 • 0:00:00 28.72it/s  
Predicting ━━━━━━━━━━━━━━━━━━━━━━━━━━━━━━━━━━━━━━━━ 8/8 0:00:00 • 0:00:00 28.42it/s  
Predicting ━━━━━━━━━━━━━━━━━━━━━━━━━━━━━━━━━━━━━━━━ 8/8 0:00:00 • 0:00:00 28.62it/s  
batch 613: size=500 time=5.50s
Predicting ━━━━━━━━━━━━━━━━━━━━━━━━━━━━━━━━━━━━━━━━ 8/8 0:00:00 • 0:00:00 28.01it/s  
Predicting ━━━━━━━━━━━━━━━━━━━━━━━━━━━━━━━━━━━━━━━━ 8/8 0:00:00 • 0:00:00 28.22it/s  
Predicting ━━━━━━━━━━━━━━━━━━━━━━━━━━━━━━━━━━━━━━━━ 8/8 0:00:00 • 0:00:00 28.75it/s  
Predicting ━━━━━━━━━━━━━━━━━━━━━━━━━━━━━━━━━━━━━━━━ 8/8 0:00:00 • 0:00:00 29.11it/s  
Predicting ━━━━━━━━━━━━━━━━━━━━━━━━━━━━━━━━━━━━━━━━ 8/8 0:00:00 • 0:00:00 28.63it/s  
Predicting ━━━━━━━━━━━━━━━━━━━━━━━━━━━━━━━━━━━━━━━━ 8/8 0:00:00 • 0:00:00 28.05it/s  
Predicting ━━━━━━━━━━━━━━━━━━━━━━━━━━━━━━━━━━━━━━━━ 8/8 0:00:00 • 0:00:00 28.35it/s  
Predicting ━━━━━━━━━━━━━━━━━━━━━━━━━━━━━━━━━━━━━━━━ 8/8 0:00:00 • 0:00:00 28.59it/s  
Predicting ━━━━━━━━━━━━━━━━━━━━━━━━━━━━━━━━━━━━━━━━ 8/8 0:00:00 • 0:00:00 29.55it/s  
Predicting ━━━━━━━━━━━━━━━━━━━━━━━━━━━━━━━━━━━━━━━━ 8/8 0:00:00 • 0:00:00 28.23it/s  
batch 614: size=500 time=5.54s
Predicting ━━━━━━━━━━━━━━━━━━━━━━━━━━━━━━━━━━━━━━━━ 8/8 0:00:00 • 0:00:00 28.13it/s  
Predicting ━━━━━━━━━━━━━━━━━━━━━━━━━━━━━━━━━━━━━━━━ 8/8 0:00:00 • 0:00:00 28.49it/s  
Predicting ━━━━━━━━━━━━━━━━━━━━━━━━━━━━━━━━━━━━━━━━ 8/8 0:00:00 • 0:00:00 28.39it/s  
Predicting ━━━━━━━━━━━━━━━━━━━━━━━━━━━━━━━━━━━━━━━━ 8/8 0:00:00 • 0:00:00 29.39it/s  
Predicting ━━━━━━━━━━━━━━━━━━━━━━━━━━━━━━━━━━━━━━━━ 8/8 0:00:00 • 0:00:00 28.59it/s  
Predicting ━━━━━━━━━━━━━━━━━━━━━━━━━━━━━━━━━━━━━━━━ 8/8 0:00:00 • 0:00:00 28.59it/s  
Predicting ━━━━━━━━━━━━━━━━━━━━━━━━━━━━━━━━━━━━━━━━ 8/8 0:00:00 • 0:00:00 29.12it/s  
Predicting ━━━━━━━━━━━━━━━━━━━━━━━━━━━━━━━━━━━━━━━━ 8/8 0:00:00 • 0:00:00 28.44it/s  
Predicting ━━━━━━━━━━━━━━━━━━━━━━━━━━━━━━━━━━━━━━━━ 8/8 0:00:00 • 0:00:00 28.79it/s  
Predicting ━━━━━━━━━━━━━━━━━━━━━━━━━━━━━━━━━━━━━━━━ 8/8 0:00:00 • 0:00:00 28.87it/s  
batch 615: size=500 time=5.61s
Predicting ━━━━━━━━━━━━━━━━━━━━━━━━━━━━━━━━━━━━━━━━ 8/8 0:00:00 • 0:00:00 28.22it/s  
Predicting ━━━━━━━━━━━━━━━━━━━━━━━━━━━━━━━━━━━━━━━━ 8/8 0:00:00 • 0:00:00 29.56it/s  
Predicting ━━━━━━━━━━━━━━━━━━━━━━━━━━━━━━━━━━━━━━━━ 8/8 0:00:00 • 0:00:00 28.65it/s  
Predicting ━━━━━━━━━━━━━━━━━━━━━━━━━━━━━━━━━━━━━━━━ 8/8 0:00:00 • 0:00:00 28.54it/s  
Predicting ━━━━━━━━━━━━━━━━━━━━━━━━━━━━━━━━━━━━━━━━ 8/8 0:00:00 • 0:00:00 28.33it/s  
Predicting ━━━━━━━━━━━━━━━━━━━━━━━━━━━━━━━━━━━━━━━━ 8/8 0:00:00 • 0:00:00 28.15it/s  
Predicting ━━━━━━━━━━━━━━━━━━━━━━━━━━━━━━━━━━━━━━━━ 8/8 0:00:00 • 0:00:00 29.29it/s  
Predicting ━━━━━━━━━━━━━━━━━━━━━━━━━━━━━━━━━━━━━━━━ 8/8 0:00:00 • 0:00:00 30.33it/s  
Predicting ━━━━━━━━━━━━━━━━━━━━━━━━━━━━━━━━━━━━━━━━ 8/8 0:00:00 • 0:00:00 29.76it/s  
Predicting ━━━━━━━━━━━━━━━━━━━━━━━━━━━━━━━━━━━━━━━━ 8/8 0:00:00 • 0:00:00 30.16it/s  
batch 616: size=500 time=5.44s
Predicting ━━━━━━━━━━━━━━━━━━━━━━━━━━━━━━━━━━━━━━━━ 8/8 0:00:00 • 0:00:00 28.66it/s  
Predicting ━━━━━━━━━━━━━━━━━━━━━━━━━━━━━━━━━━━━━━━━ 8/8 0:00:00 • 0:00:00 28.11it/s  
Predicting ━━━━━━━━━━━━━━━━━━━━━━━━━━━━━━━━━━━━━━━━ 8/8 0:00:00 • 0:00:00 28.44it/s  
Predicting ━━━━━━━━━━━━━━━━━━━━━━━━━━━━━━━━━━━━━━━━ 8/8 0:00:00 • 0:00:00 28.72it/s  
Predicting ━━━━━━━━━━━━━━━━━━━━━━━━━━━━━━━━━━━━━━━━ 8/8 0:00:00 • 0:00:00 29.53it/s  
Predicting ━━━━━━━━━━━━━━━━━━━━━━━━━━━━━━━━━━━━━━━━ 8/8 0:00:00 • 0:00:00 27.80it/s  
Predicting ━━━━━━━━━━━━━━━━━━━━━━━━━━━━━━━━━━━━━━━━ 8/8 0:00:00 • 0:00:00 27.16it/s  
Predicting ━━━━━━━━━━━━━━━━━━━━━━━━━━━━━━━━━━━━━━━━ 8/8 0:00:00 • 0:00:00 28.42it/s  
Predicting ━━━━━━━━━━━━━━━━━━━━━━━━━━━━━━━━━━━━━━━━ 8/8 0:00:00 • 0:00:00 28.95it/s  
Predicting ━━━━━━━━━━━━━━━━━━━━━━━━━━━━━━━━━━━━━━━━ 8/8 0:00:00 • 0:00:00 29.42it/s  
batch 617: size=500 time=5.49s
Predicting ━━━━━━━━━━━━━━━━━━━━━━━━━━━━━━━━━━━━━━━━ 8/8 0:00:00 • 0:00:00 29.47it/s  
Predicting ━━━━━━━━━━━━━━━━━━━━━━━━━━━━━━━━━━━━━━━━ 8/8 0:00:00 • 0:00:00 30.00it/s  
Predicting ━━━━━━━━━━━━━━━━━━━━━━━━━━━━━━━━━━━━━━━━ 8/8 0:00:00 • 0:00:00 29.21it/s  
Predicting ━━━━━━━━━━━━━━━━━━━━━━━━━━━━━━━━━━━━━━━━ 8/8 0:00:00 • 0:00:00 29.32it/s  
Predicting ━━━━━━━━━━━━━━━━━━━━━━━━━━━━━━━━━━━━━━━━ 8/8 0:00:00 • 0:00:00 29.04it/s  
Predicting ━━━━━━━━━━━━━━━━━━━━━━━━━━━━━━━━━━━━━━━━ 8/8 0:00:00 • 0:00:00 27.52it/s  
Predicting ━━━━━━━━━━━━━━━━━━━━━━━━━━━━━━━━━━━━━━━━ 8/8 0:00:00 • 0:00:00 28.22it/s  
Predicting ━━━━━━━━━━━━━━━━━━━━━━━━━━━━━━━━━━━━━━━━ 8/8 0:00:00 • 0:00:00 28.65it/s  
Predicting ━━━━━━━━━━━━━━━━━━━━━━━━━━━━━━━━━━━━━━━━ 8/8 0:00:00 • 0:00:00 29.90it/s  
Predicting ━━━━━━━━━━━━━━━━━━━━━━━━━━━━━━━━━━━━━━━━ 8/8 0:00:00 • 0:00:00 29.68it/s  
batch 618: size=500 time=5.42s
Predicting ━━━━━━━━━━━━━━━━━━━━━━━━━━━━━━━━━━━━━━━━ 8/8 0:00:00 • 0:00:00 21.13it/s  
Predicting ━━━━━━━━━━━━━━━━━━━━━━━━━━━━━━━━━━━━━━━━ 8/8 0:00:00 • 0:00:00 32.22it/s  
Predicting ━━━━━━━━━━━━━━━━━━━━━━━━━━━━━━━━━━━━━━━━ 8/8 0:00:00 • 0:00:00 31.79it/s  
Predicting ━━━━━━━━━━━━━━━━━━━━━━━━━━━━━━━━━━━━━━━━ 8/8 0:00:00 • 0:00:00 31.94it/s  
Predicting ━━━━━━━━━━━━━━━━━━━━━━━━━━━━━━━━━━━━━━━━ 8/8 0:00:00 • 0:00:00 31.34it/s  
Predicting ━━━━━━━━━━━━━━━━━━━━━━━━━━━━━━━━━━━━━━━━ 8/8 0:00:00 • 0:00:00 27.35it/s  
Predicting ━━━━━━━━━━━━━━━━━━━━━━━━━━━━━━━━━━━━━━━━ 8/8 0:00:00 • 0:00:00 30.89it/s  
Predicting ━━━━━━━━━━━━━━━━━━━━━━━━━━━━━━━━━━━━━━━━ 8/8 0:00:00 • 0:00:00 27.86it/s  
Predicting ━━━━━━━━━━━━━━━━━━━━━━━━━━━━━━━━━━━━━━━━ 8/8 0:00:00 • 0:00:00 30.46it/s  
Predicting ━━━━━━━━━━━━━━━━━━━━━━━━━━━━━━━━━━━━━━━━ 8/8 0:00:00 • 0:00:00 32.06it/s  
batch 619: size=500 time=5.35s
Predicting ━━━━━━━━━━━━━━━━━━━━━━━━━━━━━━━━━━━━━━━━ 8/8 0:00:00 • 0:00:00 31.39it/s  
Predicting ━━━━━━━━━━━━━━━━━━━━━━━━━━━━━━━━━━━━━━━━ 8/8 0:00:00 • 0:00:00 32.71it/s  
Predicting ━━━━━━━━━━━━━━━━━━━━━━━━━━━━━━━━━━━━━━━━ 8/8 0:00:00 • 0:00:00 31.19it/s  
Predicting ━━━━━━━━━━━━━━━━━━━━━━━━━━━━━━━━━━━━━━━━ 8/8 0:00:00 • 0:00:00 31.25it/s  
Predicting ━━━━━━━━━━━━━━━━━━━━━━━━━━━━━━━━━━━━━━━━ 8/8 0:00:00 • 0:00:00 32.55it/s  
Predicting ━━━━━━━━━━━━━━━━━━━━━━━━━━━━━━━━━━━━━━━━ 8/8 0:00:00 • 0:00:00 31.29it/s  
Predicting ━━━━━━━━━━━━━━━━━━━━━━━━━━━━━━━━━━━━━━━━ 8/8 0:00:00 • 0:00:00 31.31it/s  
Predicting ━━━━━━━━━━━━━━━━━━━━━━━━━━━━━━━━━━━━━━━━ 8/8 0:00:00 • 0:00:00 29.90it/s  
Predicting ━━━━━━━━━━━━━━━━━━━━━━━━━━━━━━━━━━━━━━━━ 8/8 0:00:00 • 0:00:00 31.37it/s  
Predicting ━━━━━━━━━━━━━━━━━━━━━━━━━━━━━━━━━━━━━━━━ 8/8 0:00:00 • 0:00:00 32.26it/s  
batch 620: size=500 time=5.17s
Predicting ━━━━━━━━━━━━━━━━━━━━━━━━━━━━━━━━━━━━━━━━ 8/8 0:00:00 • 0:00:00 30.38it/s  
Predicting ━━━━━━━━━━━━━━━━━━━━━━━━━━━━━━━━━━━━━━━━ 8/8 0:00:00 • 0:00:00 31.48it/s  
Predicting ━━━━━━━━━━━━━━━━━━━━━━━━━━━━━━━━━━━━━━━━ 8/8 0:00:00 • 0:00:00 33.28it/s  
Predicting ━━━━━━━━━━━━━━━━━━━━━━━━━━━━━━━━━━━━━━━━ 8/8 0:00:00 • 0:00:00 32.64it/s  
Predicting ━━━━━━━━━━━━━━━━━━━━━━━━━━━━━━━━━━━━━━━━ 8/8 0:00:00 • 0:00:00 32.22it/s  
Predicting ━━━━━━━━━━━━━━━━━━━━━━━━━━━━━━━━━━━━━━━━ 8/8 0:00:00 • 0:00:00 30.81it/s  
Predicting ━━━━━━━━━━━━━━━━━━━━━━━━━━━━━━━━━━━━━━━━ 8/8 0:00:00 • 0:00:00 33.57it/s  
Predicting ━━━━━━━━━━━━━━━━━━━━━━━━━━━━━━━━━━━━━━━━ 8/8 0:00:00 • 0:00:00 32.17it/s  
Predicting ━━━━━━━━━━━━━━━━━━━━━━━━━━━━━━━━━━━━━━━━ 8/8 0:00:00 • 0:00:00 32.19it/s  
Predicting ━━━━━━━━━━━━━━━━━━━━━━━━━━━━━━━━━━━━━━━━ 8/8 0:00:00 • 0:00:00 31.97it/s  
batch 621: size=500 time=5.13s
Predicting ━━━━━━━━━━━━━━━━━━━━━━━━━━━━━━━━━━━━━━━━ 8/8 0:00:00 • 0:00:00 30.17it/s  
Predicting ━━━━━━━━━━━━━━━━━━━━━━━━━━━━━━━━━━━━━━━━ 8/8 0:00:00 • 0:00:00 32.65it/s  
Predicting ━━━━━━━━━━━━━━━━━━━━━━━━━━━━━━━━━━━━━━━━ 8/8 0:00:00 • 0:00:00 31.36it/s  
Predicting ━━━━━━━━━━━━━━━━━━━━━━━━━━━━━━━━━━━━━━━━ 8/8 0:00:00 • 0:00:00 31.24it/s  
Predicting ━━━━━━━━━━━━━━━━━━━━━━━━━━━━━━━━━━━━━━━━ 8/8 0:00:00 • 0:00:00 31.18it/s  
Predicting ━━━━━━━━━━━━━━━━━━━━━━━━━━━━━━━━━━━━━━━━ 8/8 0:00:00 • 0:00:00 32.34it/s  
Predicting ━━━━━━━━━━━━━━━━━━━━━━━━━━━━━━━━━━━━━━━━ 8/8 0:00:00 • 0:00:00 32.70it/s  
Predicting ━━━━━━━━━━━━━━━━━━━━━━━━━━━━━━━━━━━━━━━━ 8/8 0:00:00 • 0:00:00 32.41it/s  
Predicting ━━━━━━━━━━━━━━━━━━━━━━━━━━━━━━━━━━━━━━━━ 8/8 0:00:00 • 0:00:00 32.89it/s  
Predicting ━━━━━━━━━━━━━━━━━━━━━━━━━━━━━━━━━━━━━━━━ 8/8 0:00:00 • 0:00:00 33.29it/s  
batch 622: size=500 time=5.28s
Predicting ━━━━━━━━━━━━━━━━━━━━━━━━━━━━━━━━━━━━━━━━ 8/8 0:00:00 • 0:00:00 31.36it/s  
Predicting ━━━━━━━━━━━━━━━━━━━━━━━━━━━━━━━━━━━━━━━━ 8/8 0:00:00 • 0:00:00 31.97it/s  
Predicting ━━━━━━━━━━━━━━━━━━━━━━━━━━━━━━━━━━━━━━━━ 8/8 0:00:00 • 0:00:00 32.68it/s  
Predicting ━━━━━━━━━━━━━━━━━━━━━━━━━━━━━━━━━━━━━━━━ 8/8 0:00:00 • 0:00:00 31.63it/s  
Predicting ━━━━━━━━━━━━━━━━━━━━━━━━━━━━━━━━━━━━━━━━ 8/8 0:00:00 • 0:00:00 32.51it/s  
Predicting ━━━━━━━━━━━━━━━━━━━━━━━━━━━━━━━━━━━━━━━━ 8/8 0:00:00 • 0:00:00 31.25it/s  
Predicting ━━━━━━━━━━━━━━━━━━━━━━━━━━━━━━━━━━━━━━━━ 8/8 0:00:00 • 0:00:00 32.15it/s  
Predicting ━━━━━━━━━━━━━━━━━━━━━━━━━━━━━━━━━━━━━━━━ 8/8 0:00:00 • 0:00:00 32.36it/s  
Predicting ━━━━━━━━━━━━━━━━━━━━━━━━━━━━━━━━━━━━━━━━ 8/8 0:00:00 • 0:00:00 32.83it/s  
Predicting ━━━━━━━━━━━━━━━━━━━━━━━━━━━━━━━━━━━━━━━━ 8/8 0:00:00 • 0:00:00 31.71it/s  
batch 623: size=500 time=5.12s
Predicting ━━━━━━━━━━━━━━━━━━━━━━━━━━━━━━━━━━━━━━━━ 8/8 0:00:00 • 0:00:00 32.35it/s  
Predicting ━━━━━━━━━━━━━━━━━━━━━━━━━━━━━━━━━━━━━━━━ 8/8 0:00:00 • 0:00:00 33.20it/s  
Predicting ━━━━━━━━━━━━━━━━━━━━━━━━━━━━━━━━━━━━━━━━ 8/8 0:00:00 • 0:00:00 33.33it/s  
Predicting ━━━━━━━━━━━━━━━━━━━━━━━━━━━━━━━━━━━━━━━━ 8/8 0:00:00 • 0:00:00 31.73it/s  
Predicting ━━━━━━━━━━━━━━━━━━━━━━━━━━━━━━━━━━━━━━━━ 8/8 0:00:00 • 0:00:00 33.56it/s  
Predicting ━━━━━━━━━━━━━━━━━━━━━━━━━━━━━━━━━━━━━━━━ 8/8 0:00:00 • 0:00:00 31.07it/s  
Predicting ━━━━━━━━━━━━━━━━━━━━━━━━━━━━━━━━━━━━━━━━ 8/8 0:00:00 • 0:00:00 31.68it/s  
Predicting ━━━━━━━━━━━━━━━━━━━━━━━━━━━━━━━━━━━━━━━━ 8/8 0:00:00 • 0:00:00 32.10it/s  
Predicting ━━━━━━━━━━━━━━━━━━━━━━━━━━━━━━━━━━━━━━━━ 8/8 0:00:00 • 0:00:00 33.36it/s  
Predicting ━━━━━━━━━━━━━━━━━━━━━━━━━━━━━━━━━━━━━━━━ 8/8 0:00:00 • 0:00:00 32.21it/s  
batch 624: size=500 time=5.15s
Predicting ━━━━━━━━━━━━━━━━━━━━━━━━━━━━━━━━━━━━━━━━ 8/8 0:00:00 • 0:00:00 21.19it/s  
Predicting ━━━━━━━━━━━━━━━━━━━━━━━━━━━━━━━━━━━━━━━━ 8/8 0:00:00 • 0:00:00 24.48it/s  
Predicting ━━━━━━━━━━━━━━━━━━━━━━━━━━━━━━━━━━━━━━━━ 8/8 0:00:00 • 0:00:00 29.89it/s  
Predicting ━━━━━━━━━━━━━━━━━━━━━━━━━━━━━━━━━━━━━━━━ 8/8 0:00:00 • 0:00:00 29.02it/s  
Predicting ━━━━━━━━━━━━━━━━━━━━━━━━━━━━━━━━━━━━━━━━ 8/8 0:00:00 • 0:00:00 29.62it/s  
Predicting ━━━━━━━━━━━━━━━━━━━━━━━━━━━━━━━━━━━━━━━━ 8/8 0:00:00 • 0:00:00 29.10it/s  
Predicting ━━━━━━━━━━━━━━━━━━━━━━━━━━━━━━━━━━━━━━━━ 8/8 0:00:00 • 0:00:00 29.66it/s  
Predicting ━━━━━━━━━━━━━━━━━━━━━━━━━━━━━━━━━━━━━━━━ 8/8 0:00:00 • 0:00:00 29.62it/s  
Predicting ━━━━━━━━━━━━━━━━━━━━━━━━━━━━━━━━━━━━━━━━ 8/8 0:00:00 • 0:00:00 30.58it/s  
Predicting ━━━━━━━━━━━━━━━━━━━━━━━━━━━━━━━━━━━━━━━━ 8/8 0:00:00 • 0:00:00 29.11it/s  
batch 625: size=500 time=5.52s
Predicting ━━━━━━━━━━━━━━━━━━━━━━━━━━━━━━━━━━━━━━━━ 8/8 0:00:00 • 0:00:00 26.01it/s  
Predicting ━━━━━━━━━━━━━━━━━━━━━━━━━━━━━━━━━━━━━━━━ 8/8 0:00:00 • 0:00:00 27.50it/s  
Predicting ━━━━━━━━━━━━━━━━━━━━━━━━━━━━━━━━━━━━━━━━ 8/8 0:00:00 • 0:00:00 29.47it/s  
Predicting ━━━━━━━━━━━━━━━━━━━━━━━━━━━━━━━━━━━━━━━━ 8/8 0:00:00 • 0:00:00 28.74it/s  
Predicting ━━━━━━━━━━━━━━━━━━━━━━━━━━━━━━━━━━━━━━━━ 8/8 0:00:00 • 0:00:00 28.79it/s  
Predicting ━━━━━━━━━━━━━━━━━━━━━━━━━━━━━━━━━━━━━━━━ 8/8 0:00:00 • 0:00:00 28.37it/s  
Predicting ━━━━━━━━━━━━━━━━━━━━━━━━━━━━━━━━━━━━━━━━ 8/8 0:00:00 • 0:00:00 29.09it/s  
Predicting ━━━━━━━━━━━━━━━━━━━━━━━━━━━━━━━━━━━━━━━━ 8/8 0:00:00 • 0:00:00 29.14it/s  
Predicting ━━━━━━━━━━━━━━━━━━━━━━━━━━━━━━━━━━━━━━━━ 8/8 0:00:00 • 0:00:00 29.95it/s  
Predicting ━━━━━━━━━━━━━━━━━━━━━━━━━━━━━━━━━━━━━━━━ 8/8 0:00:00 • 0:00:00 28.89it/s  
batch 626: size=500 time=5.57s
Predicting ━━━━━━━━━━━━━━━━━━━━━━━━━━━━━━━━━━━━━━━━ 8/8 0:00:00 • 0:00:00 28.94it/s  
Predicting ━━━━━━━━━━━━━━━━━━━━━━━━━━━━━━━━━━━━━━━━ 8/8 0:00:00 • 0:00:00 29.20it/s  
Predicting ━━━━━━━━━━━━━━━━━━━━━━━━━━━━━━━━━━━━━━━━ 8/8 0:00:00 • 0:00:00 29.59it/s  
Predicting ━━━━━━━━━━━━━━━━━━━━━━━━━━━━━━━━━━━━━━━━ 8/8 0:00:00 • 0:00:00 30.26it/s  
Predicting ━━━━━━━━━━━━━━━━━━━━━━━━━━━━━━━━━━━━━━━━ 8/8 0:00:00 • 0:00:00 29.78it/s  
Predicting ━━━━━━━━━━━━━━━━━━━━━━━━━━━━━━━━━━━━━━━━ 8/8 0:00:00 • 0:00:00 21.27it/s  
Predicting ━━━━━━━━━━━━━━━━━━━━━━━━━━━━━━━━━━━━━━━━ 8/8 0:00:00 • 0:00:00 33.01it/s  
Predicting ━━━━━━━━━━━━━━━━━━━━━━━━━━━━━━━━━━━━━━━━ 8/8 0:00:00 • 0:00:00 32.84it/s  
Predicting ━━━━━━━━━━━━━━━━━━━━━━━━━━━━━━━━━━━━━━━━ 8/8 0:00:00 • 0:00:00 32.36it/s  
Predicting ━━━━━━━━━━━━━━━━━━━━━━━━━━━━━━━━━━━━━━━━ 8/8 0:00:00 • 0:00:00 33.89it/s  
batch 627: size=500 time=5.37s
Predicting ━━━━━━━━━━━━━━━━━━━━━━━━━━━━━━━━━━━━━━━━ 8/8 0:00:00 • 0:00:00 29.37it/s  
Predicting ━━━━━━━━━━━━━━━━━━━━━━━━━━━━━━━━━━━━━━━━ 8/8 0:00:00 • 0:00:00 29.04it/s  
Predicting ━━━━━━━━━━━━━━━━━━━━━━━━━━━━━━━━━━━━━━━━ 8/8 0:00:00 • 0:00:00 29.47it/s  
Predicting ━━━━━━━━━━━━━━━━━━━━━━━━━━━━━━━━━━━━━━━━ 8/8 0:00:00 • 0:00:00 28.78it/s  
Predicting ━━━━━━━━━━━━━━━━━━━━━━━━━━━━━━━━━━━━━━━━ 8/8 0:00:00 • 0:00:00 28.40it/s  
Predicting ━━━━━━━━━━━━━━━━━━━━━━━━━━━━━━━━━━━━━━━━ 8/8 0:00:00 • 0:00:00 29.15it/s  
Predicting ━━━━━━━━━━━━━━━━━━━━━━━━━━━━━━━━━━━━━━━━ 8/8 0:00:00 • 0:00:00 29.06it/s  
Predicting ━━━━━━━━━━━━━━━━━━━━━━━━━━━━━━━━━━━━━━━━ 8/8 0:00:00 • 0:00:00 29.63it/s  
Predicting ━━━━━━━━━━━━━━━━━━━━━━━━━━━━━━━━━━━━━━━━ 8/8 0:00:00 • 0:00:00 28.65it/s  
Predicting ━━━━━━━━━━━━━━━━━━━━━━━━━━━━━━━━━━━━━━━━ 8/8 0:00:00 • 0:00:00 29.89it/s  
batch 628: size=500 time=5.45s
Predicting ━━━━━━━━━━━━━━━━━━━━━━━━━━━━━━━━━━━━━━━━ 8/8 0:00:00 • 0:00:00 29.21it/s  
Predicting ━━━━━━━━━━━━━━━━━━━━━━━━━━━━━━━━━━━━━━━━ 8/8 0:00:00 • 0:00:00 29.78it/s  
Predicting ━━━━━━━━━━━━━━━━━━━━━━━━━━━━━━━━━━━━━━━━ 8/8 0:00:00 • 0:00:00 29.27it/s  
Predicting ━━━━━━━━━━━━━━━━━━━━━━━━━━━━━━━━━━━━━━━━ 8/8 0:00:00 • 0:00:00 29.82it/s  
Predicting ━━━━━━━━━━━━━━━━━━━━━━━━━━━━━━━━━━━━━━━━ 8/8 0:00:00 • 0:00:00 28.91it/s  
Predicting ━━━━━━━━━━━━━━━━━━━━━━━━━━━━━━━━━━━━━━━━ 8/8 0:00:00 • 0:00:00 29.47it/s  
Predicting ━━━━━━━━━━━━━━━━━━━━━━━━━━━━━━━━━━━━━━━━ 8/8 0:00:00 • 0:00:00 29.20it/s  
Predicting ━━━━━━━━━━━━━━━━━━━━━━━━━━━━━━━━━━━━━━━━ 8/8 0:00:00 • 0:00:00 29.60it/s  
Predicting ━━━━━━━━━━━━━━━━━━━━━━━━━━━━━━━━━━━━━━━━ 8/8 0:00:00 • 0:00:00 30.00it/s  
Predicting ━━━━━━━━━━━━━━━━━━━━━━━━━━━━━━━━━━━━━━━━ 8/8 0:00:00 • 0:00:00 29.88it/s  
batch 629: size=500 time=5.42s
Predicting ━━━━━━━━━━━━━━━━━━━━━━━━━━━━━━━━━━━━━━━━ 8/8 0:00:00 • 0:00:00 28.60it/s  
Predicting ━━━━━━━━━━━━━━━━━━━━━━━━━━━━━━━━━━━━━━━━ 8/8 0:00:00 • 0:00:00 28.66it/s  
Predicting ━━━━━━━━━━━━━━━━━━━━━━━━━━━━━━━━━━━━━━━━ 8/8 0:00:00 • 0:00:00 29.69it/s  
Predicting ━━━━━━━━━━━━━━━━━━━━━━━━━━━━━━━━━━━━━━━━ 8/8 0:00:00 • 0:00:00 29.53it/s  
Predicting ━━━━━━━━━━━━━━━━━━━━━━━━━━━━━━━━━━━━━━━━ 8/8 0:00:00 • 0:00:00 29.61it/s  
Predicting ━━━━━━━━━━━━━━━━━━━━━━━━━━━━━━━━━━━━━━━━ 8/8 0:00:00 • 0:00:00 28.51it/s  
Predicting ━━━━━━━━━━━━━━━━━━━━━━━━━━━━━━━━━━━━━━━━ 8/8 0:00:00 • 0:00:00 28.64it/s  
Predicting ━━━━━━━━━━━━━━━━━━━━━━━━━━━━━━━━━━━━━━━━ 8/8 0:00:00 • 0:00:00 28.40it/s  
Predicting ━━━━━━━━━━━━━━━━━━━━━━━━━━━━━━━━━━━━━━━━ 8/8 0:00:00 • 0:00:00 30.01it/s  
Predicting ━━━━━━━━━━━━━━━━━━━━━━━━━━━━━━━━━━━━━━━━ 8/8 0:00:00 • 0:00:00 29.30it/s  
batch 630: size=500 time=5.46s
Predicting ━━━━━━━━━━━━━━━━━━━━━━━━━━━━━━━━━━━━━━━━ 8/8 0:00:00 • 0:00:00 30.10it/s  
Predicting ━━━━━━━━━━━━━━━━━━━━━━━━━━━━━━━━━━━━━━━━ 8/8 0:00:00 • 0:00:00 29.54it/s  
Predicting ━━━━━━━━━━━━━━━━━━━━━━━━━━━━━━━━━━━━━━━━ 8/8 0:00:00 • 0:00:00 29.96it/s  
Predicting ━━━━━━━━━━━━━━━━━━━━━━━━━━━━━━━━━━━━━━━━ 8/8 0:00:00 • 0:00:00 29.13it/s  
Predicting ━━━━━━━━━━━━━━━━━━━━━━━━━━━━━━━━━━━━━━━━ 8/8 0:00:00 • 0:00:00 30.40it/s  
Predicting ━━━━━━━━━━━━━━━━━━━━━━━━━━━━━━━━━━━━━━━━ 8/8 0:00:00 • 0:00:00 28.93it/s  
Predicting ━━━━━━━━━━━━━━━━━━━━━━━━━━━━━━━━━━━━━━━━ 8/8 0:00:00 • 0:00:00 29.46it/s  
Predicting ━━━━━━━━━━━━━━━━━━━━━━━━━━━━━━━━━━━━━━━━ 8/8 0:00:00 • 0:00:00 29.50it/s  
Predicting ━━━━━━━━━━━━━━━━━━━━━━━━━━━━━━━━━━━━━━━━ 8/8 0:00:00 • 0:00:00 29.43it/s  
Predicting ━━━━━━━━━━━━━━━━━━━━━━━━━━━━━━━━━━━━━━━━ 8/8 0:00:00 • 0:00:00 30.00it/s  
batch 631: size=500 time=5.37s
Predicting ━━━━━━━━━━━━━━━━━━━━━━━━━━━━━━━━━━━━━━━━ 8/8 0:00:00 • 0:00:00 29.33it/s  
Predicting ━━━━━━━━━━━━━━━━━━━━━━━━━━━━━━━━━━━━━━━━ 8/8 0:00:00 • 0:00:00 29.27it/s  
Predicting ━━━━━━━━━━━━━━━━━━━━━━━━━━━━━━━━━━━━━━━━ 8/8 0:00:00 • 0:00:00 29.68it/s  
Predicting ━━━━━━━━━━━━━━━━━━━━━━━━━━━━━━━━━━━━━━━━ 8/8 0:00:00 • 0:00:00 29.41it/s  
Predicting ━━━━━━━━━━━━━━━━━━━━━━━━━━━━━━━━━━━━━━━━ 8/8 0:00:00 • 0:00:00 30.07it/s  
Predicting ━━━━━━━━━━━━━━━━━━━━━━━━━━━━━━━━━━━━━━━━ 8/8 0:00:00 • 0:00:00 28.94it/s  
Predicting ━━━━━━━━━━━━━━━━━━━━━━━━━━━━━━━━━━━━━━━━ 8/8 0:00:00 • 0:00:00 29.36it/s  
Predicting ━━━━━━━━━━━━━━━━━━━━━━━━━━━━━━━━━━━━━━━━ 8/8 0:00:00 • 0:00:00 30.02it/s  
Predicting ━━━━━━━━━━━━━━━━━━━━━━━━━━━━━━━━━━━━━━━━ 8/8 0:00:00 • 0:00:00 29.70it/s  
Predicting ━━━━━━━━━━━━━━━━━━━━━━━━━━━━━━━━━━━━━━━━ 8/8 0:00:00 • 0:00:00 29.34it/s  
batch 632: size=500 time=5.38s
Predicting ━━━━━━━━━━━━━━━━━━━━━━━━━━━━━━━━━━━━━━━━ 8/8 0:00:00 • 0:00:00 28.76it/s  
Predicting ━━━━━━━━━━━━━━━━━━━━━━━━━━━━━━━━━━━━━━━━ 8/8 0:00:00 • 0:00:00 29.75it/s  
Predicting ━━━━━━━━━━━━━━━━━━━━━━━━━━━━━━━━━━━━━━━━ 8/8 0:00:00 • 0:00:00 29.38it/s  
Predicting ━━━━━━━━━━━━━━━━━━━━━━━━━━━━━━━━━━━━━━━━ 8/8 0:00:00 • 0:00:00 29.37it/s  
Predicting ━━━━━━━━━━━━━━━━━━━━━━━━━━━━━━━━━━━━━━━━ 8/8 0:00:00 • 0:00:00 29.85it/s  
Predicting ━━━━━━━━━━━━━━━━━━━━━━━━━━━━━━━━━━━━━━━━ 8/8 0:00:00 • 0:00:00 29.15it/s  
Predicting ━━━━━━━━━━━━━━━━━━━━━━━━━━━━━━━━━━━━━━━━ 8/8 0:00:00 • 0:00:00 29.02it/s  
Predicting ━━━━━━━━━━━━━━━━━━━━━━━━━━━━━━━━━━━━━━━━ 8/8 0:00:00 • 0:00:00 29.58it/s  
Predicting ━━━━━━━━━━━━━━━━━━━━━━━━━━━━━━━━━━━━━━━━ 8/8 0:00:00 • 0:00:00 28.99it/s  
Predicting ━━━━━━━━━━━━━━━━━━━━━━━━━━━━━━━━━━━━━━━━ 8/8 0:00:00 • 0:00:00 29.37it/s  
batch 633: size=500 time=5.37s
Predicting ━━━━━━━━━━━━━━━━━━━━━━━━━━━━━━━━━━━━━━━━ 8/8 0:00:00 • 0:00:00 28.94it/s  
Predicting ━━━━━━━━━━━━━━━━━━━━━━━━━━━━━━━━━━━━━━━━ 8/8 0:00:00 • 0:00:00 30.12it/s  
Predicting ━━━━━━━━━━━━━━━━━━━━━━━━━━━━━━━━━━━━━━━━ 8/8 0:00:00 • 0:00:00 29.72it/s  
Predicting ━━━━━━━━━━━━━━━━━━━━━━━━━━━━━━━━━━━━━━━━ 8/8 0:00:00 • 0:00:00 30.09it/s  
Predicting ━━━━━━━━━━━━━━━━━━━━━━━━━━━━━━━━━━━━━━━━ 8/8 0:00:00 • 0:00:00 30.45it/s  
Predicting ━━━━━━━━━━━━━━━━━━━━━━━━━━━━━━━━━━━━━━━━ 8/8 0:00:00 • 0:00:00 28.03it/s  
Predicting ━━━━━━━━━━━━━━━━━━━━━━━━━━━━━━━━━━━━━━━━ 8/8 0:00:00 • 0:00:00 29.75it/s  
Predicting ━━━━━━━━━━━━━━━━━━━━━━━━━━━━━━━━━━━━━━━━ 8/8 0:00:00 • 0:00:00 29.84it/s  
Predicting ━━━━━━━━━━━━━━━━━━━━━━━━━━━━━━━━━━━━━━━━ 8/8 0:00:00 • 0:00:00 29.32it/s  
Predicting ━━━━━━━━━━━━━━━━━━━━━━━━━━━━━━━━━━━━━━━━ 8/8 0:00:00 • 0:00:00 29.22it/s  
batch 634: size=500 time=5.40s
Predicting ━━━━━━━━━━━━━━━━━━━━━━━━━━━━━━━━━━━━━━━━ 8/8 0:00:00 • 0:00:00 28.73it/s  
Predicting ━━━━━━━━━━━━━━━━━━━━━━━━━━━━━━━━━━━━━━━━ 8/8 0:00:00 • 0:00:00 29.29it/s  
Predicting ━━━━━━━━━━━━━━━━━━━━━━━━━━━━━━━━━━━━━━━━ 8/8 0:00:00 • 0:00:00 28.69it/s  
Predicting ━━━━━━━━━━━━━━━━━━━━━━━━━━━━━━━━━━━━━━━━ 8/8 0:00:00 • 0:00:00 29.52it/s  
Predicting ━━━━━━━━━━━━━━━━━━━━━━━━━━━━━━━━━━━━━━━━ 8/8 0:00:00 • 0:00:00 30.01it/s  
Predicting ━━━━━━━━━━━━━━━━━━━━━━━━━━━━━━━━━━━━━━━━ 8/8 0:00:00 • 0:00:00 28.55it/s  
Predicting ━━━━━━━━━━━━━━━━━━━━━━━━━━━━━━━━━━━━━━━━ 8/8 0:00:00 • 0:00:00 29.55it/s  
Predicting ━━━━━━━━━━━━━━━━━━━━━━━━━━━━━━━━━━━━━━━━ 8/8 0:00:00 • 0:00:00 28.95it/s  
Predicting ━━━━━━━━━━━━━━━━━━━━━━━━━━━━━━━━━━━━━━━━ 8/8 0:00:00 • 0:00:00 30.00it/s  
Predicting ━━━━━━━━━━━━━━━━━━━━━━━━━━━━━━━━━━━━━━━━ 8/8 0:00:00 • 0:00:00 30.55it/s  
batch 635: size=500 time=5.40s
Predicting ━━━━━━━━━━━━━━━━━━━━━━━━━━━━━━━━━━━━━━━━ 8/8 0:00:00 • 0:00:00 28.43it/s  
Predicting ━━━━━━━━━━━━━━━━━━━━━━━━━━━━━━━━━━━━━━━━ 8/8 0:00:00 • 0:00:00 29.54it/s  
Predicting ━━━━━━━━━━━━━━━━━━━━━━━━━━━━━━━━━━━━━━━━ 8/8 0:00:00 • 0:00:00 30.10it/s  
Predicting ━━━━━━━━━━━━━━━━━━━━━━━━━━━━━━━━━━━━━━━━ 8/8 0:00:00 • 0:00:00 29.95it/s  
Predicting ━━━━━━━━━━━━━━━━━━━━━━━━━━━━━━━━━━━━━━━━ 8/8 0:00:00 • 0:00:00 29.92it/s  
Predicting ━━━━━━━━━━━━━━━━━━━━━━━━━━━━━━━━━━━━━━━━ 8/8 0:00:00 • 0:00:00 23.81it/s  
Predicting ━━━━━━━━━━━━━━━━━━━━━━━━━━━━━━━━━━━━━━━━ 8/8 0:00:00 • 0:00:00 31.98it/s  
Predicting ━━━━━━━━━━━━━━━━━━━━━━━━━━━━━━━━━━━━━━━━ 8/8 0:00:00 • 0:00:00 32.38it/s  
Predicting ━━━━━━━━━━━━━━━━━━━━━━━━━━━━━━━━━━━━━━━━ 8/8 0:00:00 • 0:00:00 31.44it/s  
Predicting ━━━━━━━━━━━━━━━━━━━━━━━━━━━━━━━━━━━━━━━━ 8/8 0:00:00 • 0:00:00 32.93it/s  
batch 636: size=500 time=5.33s
Predicting ━━━━━━━━━━━━━━━━━━━━━━━━━━━━━━━━━━━━━━━━ 8/8 0:00:00 • 0:00:00 28.72it/s  
Predicting ━━━━━━━━━━━━━━━━━━━━━━━━━━━━━━━━━━━━━━━━ 8/8 0:00:00 • 0:00:00 27.93it/s  
Predicting ━━━━━━━━━━━━━━━━━━━━━━━━━━━━━━━━━━━━━━━━ 8/8 0:00:00 • 0:00:00 27.11it/s  
Predicting ━━━━━━━━━━━━━━━━━━━━━━━━━━━━━━━━━━━━━━━━ 8/8 0:00:00 • 0:00:00 27.69it/s  
Predicting ━━━━━━━━━━━━━━━━━━━━━━━━━━━━━━━━━━━━━━━━ 8/8 0:00:00 • 0:00:00 33.18it/s  
Predicting ━━━━━━━━━━━━━━━━━━━━━━━━━━━━━━━━━━━━━━━━ 8/8 0:00:00 • 0:00:00 31.85it/s  
Predicting ━━━━━━━━━━━━━━━━━━━━━━━━━━━━━━━━━━━━━━━━ 8/8 0:00:00 • 0:00:00 33.40it/s  
Predicting ━━━━━━━━━━━━━━━━━━━━━━━━━━━━━━━━━━━━━━━━ 8/8 0:00:00 • 0:00:00 34.04it/s  
Predicting ━━━━━━━━━━━━━━━━━━━━━━━━━━━━━━━━━━━━━━━━ 8/8 0:00:00 • 0:00:00 32.31it/s  
Predicting ━━━━━━━━━━━━━━━━━━━━━━━━━━━━━━━━━━━━━━━━ 8/8 0:00:00 • 0:00:00 32.75it/s  
batch 637: size=500 time=5.19s
Predicting ━━━━━━━━━━━━━━━━━━━━━━━━━━━━━━━━━━━━━━━━ 8/8 0:00:00 • 0:00:00 32.07it/s  
Predicting ━━━━━━━━━━━━━━━━━━━━━━━━━━━━━━━━━━━━━━━━ 8/8 0:00:00 • 0:00:00 31.87it/s  
Predicting ━━━━━━━━━━━━━━━━━━━━━━━━━━━━━━━━━━━━━━━━ 8/8 0:00:00 • 0:00:00 32.92it/s  
Predicting ━━━━━━━━━━━━━━━━━━━━━━━━━━━━━━━━━━━━━━━━ 8/8 0:00:00 • 0:00:00 32.87it/s  
Predicting ━━━━━━━━━━━━━━━━━━━━━━━━━━━━━━━━━━━━━━━━ 8/8 0:00:00 • 0:00:00 33.40it/s  
Predicting ━━━━━━━━━━━━━━━━━━━━━━━━━━━━━━━━━━━━━━━━ 8/8 0:00:00 • 0:00:00 30.72it/s  
Predicting ━━━━━━━━━━━━━━━━━━━━━━━━━━━━━━━━━━━━━━━━ 8/8 0:00:00 • 0:00:00 33.30it/s  
Predicting ━━━━━━━━━━━━━━━━━━━━━━━━━━━━━━━━━━━━━━━━ 8/8 0:00:00 • 0:00:00 32.43it/s  
Predicting ━━━━━━━━━━━━━━━━━━━━━━━━━━━━━━━━━━━━━━━━ 8/8 0:00:00 • 0:00:00 32.67it/s  
Predicting ━━━━━━━━━━━━━━━━━━━━━━━━━━━━━━━━━━━━━━━━ 8/8 0:00:00 • 0:00:00 33.53it/s  
batch 638: size=500 time=5.08s
Predicting ━━━━━━━━━━━━━━━━━━━━━━━━━━━━━━━━━━━━━━━━ 8/8 0:00:00 • 0:00:00 32.68it/s  
Predicting ━━━━━━━━━━━━━━━━━━━━━━━━━━━━━━━━━━━━━━━━ 8/8 0:00:00 • 0:00:00 32.63it/s  
Predicting ━━━━━━━━━━━━━━━━━━━━━━━━━━━━━━━━━━━━━━━━ 8/8 0:00:00 • 0:00:00 34.03it/s  
Predicting ━━━━━━━━━━━━━━━━━━━━━━━━━━━━━━━━━━━━━━━━ 8/8 0:00:00 • 0:00:00 33.52it/s  
Predicting ━━━━━━━━━━━━━━━━━━━━━━━━━━━━━━━━━━━━━━━━ 8/8 0:00:00 • 0:00:00 33.71it/s  
Predicting ━━━━━━━━━━━━━━━━━━━━━━━━━━━━━━━━━━━━━━━━ 8/8 0:00:00 • 0:00:00 32.82it/s  
Predicting ━━━━━━━━━━━━━━━━━━━━━━━━━━━━━━━━━━━━━━━━ 8/8 0:00:00 • 0:00:00 33.86it/s  
Predicting ━━━━━━━━━━━━━━━━━━━━━━━━━━━━━━━━━━━━━━━━ 8/8 0:00:00 • 0:00:00 34.60it/s  
Predicting ━━━━━━━━━━━━━━━━━━━━━━━━━━━━━━━━━━━━━━━━ 8/8 0:00:00 • 0:00:00 31.29it/s  
Predicting ━━━━━━━━━━━━━━━━━━━━━━━━━━━━━━━━━━━━━━━━ 8/8 0:00:00 • 0:00:00 33.41it/s  
batch 639: size=500 time=5.05s
Predicting ━━━━━━━━━━━━━━━━━━━━━━━━━━━━━━━━━━━━━━━━ 8/8 0:00:00 • 0:00:00 30.21it/s  
Predicting ━━━━━━━━━━━━━━━━━━━━━━━━━━━━━━━━━━━━━━━━ 8/8 0:00:00 • 0:00:00 33.56it/s  
Predicting ━━━━━━━━━━━━━━━━━━━━━━━━━━━━━━━━━━━━━━━━ 8/8 0:00:00 • 0:00:00 33.69it/s  
Predicting ━━━━━━━━━━━━━━━━━━━━━━━━━━━━━━━━━━━━━━━━ 8/8 0:00:00 • 0:00:00 33.15it/s  
Predicting ━━━━━━━━━━━━━━━━━━━━━━━━━━━━━━━━━━━━━━━━ 8/8 0:00:00 • 0:00:00 33.54it/s  
Predicting ━━━━━━━━━━━━━━━━━━━━━━━━━━━━━━━━━━━━━━━━ 8/8 0:00:00 • 0:00:00 21.53it/s  
Predicting ━━━━━━━━━━━━━━━━━━━━━━━━━━━━━━━━━━━━━━━━ 8/8 0:00:00 • 0:00:00 26.85it/s  
Predicting ━━━━━━━━━━━━━━━━━━━━━━━━━━━━━━━━━━━━━━━━ 8/8 0:00:00 • 0:00:00 29.35it/s  
Predicting ━━━━━━━━━━━━━━━━━━━━━━━━━━━━━━━━━━━━━━━━ 8/8 0:00:00 • 0:00:00 30.74it/s  
Predicting ━━━━━━━━━━━━━━━━━━━━━━━━━━━━━━━━━━━━━━━━ 8/8 0:00:00 • 0:00:00 30.35it/s  
batch 640: size=500 time=5.37s
Predicting ━━━━━━━━━━━━━━━━━━━━━━━━━━━━━━━━━━━━━━━━ 8/8 0:00:00 • 0:00:00 29.13it/s  
Predicting ━━━━━━━━━━━━━━━━━━━━━━━━━━━━━━━━━━━━━━━━ 8/8 0:00:00 • 0:00:00 29.31it/s  
Predicting ━━━━━━━━━━━━━━━━━━━━━━━━━━━━━━━━━━━━━━━━ 8/8 0:00:00 • 0:00:00 29.82it/s  
Predicting ━━━━━━━━━━━━━━━━━━━━━━━━━━━━━━━━━━━━━━━━ 8/8 0:00:00 • 0:00:00 29.50it/s  
Predicting ━━━━━━━━━━━━━━━━━━━━━━━━━━━━━━━━━━━━━━━━ 8/8 0:00:00 • 0:00:00 29.30it/s  
Predicting ━━━━━━━━━━━━━━━━━━━━━━━━━━━━━━━━━━━━━━━━ 8/8 0:00:00 • 0:00:00 28.99it/s  
Predicting ━━━━━━━━━━━━━━━━━━━━━━━━━━━━━━━━━━━━━━━━ 8/8 0:00:00 • 0:00:00 29.61it/s  
Predicting ━━━━━━━━━━━━━━━━━━━━━━━━━━━━━━━━━━━━━━━━ 8/8 0:00:00 • 0:00:00 30.42it/s  
Predicting ━━━━━━━━━━━━━━━━━━━━━━━━━━━━━━━━━━━━━━━━ 8/8 0:00:00 • 0:00:00 30.31it/s  
Predicting ━━━━━━━━━━━━━━━━━━━━━━━━━━━━━━━━━━━━━━━━ 8/8 0:00:00 • 0:00:00 29.36it/s  
batch 641: size=500 time=5.38s
Predicting ━━━━━━━━━━━━━━━━━━━━━━━━━━━━━━━━━━━━━━━━ 8/8 0:00:00 • 0:00:00 29.07it/s  
Predicting ━━━━━━━━━━━━━━━━━━━━━━━━━━━━━━━━━━━━━━━━ 8/8 0:00:00 • 0:00:00 29.88it/s  
Predicting ━━━━━━━━━━━━━━━━━━━━━━━━━━━━━━━━━━━━━━━━ 8/8 0:00:00 • 0:00:00 29.31it/s  
Predicting ━━━━━━━━━━━━━━━━━━━━━━━━━━━━━━━━━━━━━━━━ 8/8 0:00:00 • 0:00:00 30.83it/s  
Predicting ━━━━━━━━━━━━━━━━━━━━━━━━━━━━━━━━━━━━━━━━ 8/8 0:00:00 • 0:00:00 29.67it/s  
Predicting ━━━━━━━━━━━━━━━━━━━━━━━━━━━━━━━━━━━━━━━━ 8/8 0:00:00 • 0:00:00 29.09it/s  
Predicting ━━━━━━━━━━━━━━━━━━━━━━━━━━━━━━━━━━━━━━━━ 8/8 0:00:00 • 0:00:00 29.43it/s  
Predicting ━━━━━━━━━━━━━━━━━━━━━━━━━━━━━━━━━━━━━━━━ 8/8 0:00:00 • 0:00:00 30.39it/s  
Predicting ━━━━━━━━━━━━━━━━━━━━━━━━━━━━━━━━━━━━━━━━ 8/8 0:00:00 • 0:00:00 29.56it/s  
Predicting ━━━━━━━━━━━━━━━━━━━━━━━━━━━━━━━━━━━━━━━━ 8/8 0:00:00 • 0:00:00 30.41it/s  
batch 642: size=500 time=5.34s
Predicting ━━━━━━━━━━━━━━━━━━━━━━━━━━━━━━━━━━━━━━━━ 8/8 0:00:00 • 0:00:00 29.23it/s  
Predicting ━━━━━━━━━━━━━━━━━━━━━━━━━━━━━━━━━━━━━━━━ 8/8 0:00:00 • 0:00:00 29.61it/s  
Predicting ━━━━━━━━━━━━━━━━━━━━━━━━━━━━━━━━━━━━━━━━ 8/8 0:00:00 • 0:00:00 29.27it/s  
Predicting ━━━━━━━━━━━━━━━━━━━━━━━━━━━━━━━━━━━━━━━━ 8/8 0:00:00 • 0:00:00 30.22it/s  
Predicting ━━━━━━━━━━━━━━━━━━━━━━━━━━━━━━━━━━━━━━━━ 8/8 0:00:00 • 0:00:00 29.30it/s  
Predicting ━━━━━━━━━━━━━━━━━━━━━━━━━━━━━━━━━━━━━━━━ 8/8 0:00:00 • 0:00:00 28.72it/s  
Predicting ━━━━━━━━━━━━━━━━━━━━━━━━━━━━━━━━━━━━━━━━ 8/8 0:00:00 • 0:00:00 29.05it/s  
Predicting ━━━━━━━━━━━━━━━━━━━━━━━━━━━━━━━━━━━━━━━━ 8/8 0:00:00 • 0:00:00 29.12it/s  
Predicting ━━━━━━━━━━━━━━━━━━━━━━━━━━━━━━━━━━━━━━━━ 8/8 0:00:00 • 0:00:00 30.26it/s  
Predicting ━━━━━━━━━━━━━━━━━━━━━━━━━━━━━━━━━━━━━━━━ 8/8 0:00:00 • 0:00:00 30.44it/s  
batch 643: size=500 time=5.38s
Predicting ━━━━━━━━━━━━━━━━━━━━━━━━━━━━━━━━━━━━━━━━ 8/8 0:00:00 • 0:00:00 29.36it/s  
Predicting ━━━━━━━━━━━━━━━━━━━━━━━━━━━━━━━━━━━━━━━━ 8/8 0:00:00 • 0:00:00 30.30it/s  
Predicting ━━━━━━━━━━━━━━━━━━━━━━━━━━━━━━━━━━━━━━━━ 8/8 0:00:00 • 0:00:00 30.15it/s  
Predicting ━━━━━━━━━━━━━━━━━━━━━━━━━━━━━━━━━━━━━━━━ 8/8 0:00:00 • 0:00:00 29.77it/s  
Predicting ━━━━━━━━━━━━━━━━━━━━━━━━━━━━━━━━━━━━━━━━ 8/8 0:00:00 • 0:00:00 30.27it/s  
Predicting ━━━━━━━━━━━━━━━━━━━━━━━━━━━━━━━━━━━━━━━━ 8/8 0:00:00 • 0:00:00 29.21it/s  
Predicting ━━━━━━━━━━━━━━━━━━━━━━━━━━━━━━━━━━━━━━━━ 8/8 0:00:00 • 0:00:00 29.36it/s  
Predicting ━━━━━━━━━━━━━━━━━━━━━━━━━━━━━━━━━━━━━━━━ 8/8 0:00:00 • 0:00:00 29.94it/s  
Predicting ━━━━━━━━━━━━━━━━━━━━━━━━━━━━━━━━━━━━━━━━ 8/8 0:00:00 • 0:00:00 29.99it/s  
Predicting ━━━━━━━━━━━━━━━━━━━━━━━━━━━━━━━━━━━━━━━━ 8/8 0:00:00 • 0:00:00 30.72it/s  
batch 644: size=500 time=5.31s
Predicting ━━━━━━━━━━━━━━━━━━━━━━━━━━━━━━━━━━━━━━━━ 8/8 0:00:00 • 0:00:00 29.07it/s  
Predicting ━━━━━━━━━━━━━━━━━━━━━━━━━━━━━━━━━━━━━━━━ 8/8 0:00:00 • 0:00:00 30.24it/s  
Predicting ━━━━━━━━━━━━━━━━━━━━━━━━━━━━━━━━━━━━━━━━ 8/8 0:00:00 • 0:00:00 30.48it/s  
Predicting ━━━━━━━━━━━━━━━━━━━━━━━━━━━━━━━━━━━━━━━━ 8/8 0:00:00 • 0:00:00 31.25it/s  
Predicting ━━━━━━━━━━━━━━━━━━━━━━━━━━━━━━━━━━━━━━━━ 8/8 0:00:00 • 0:00:00 30.47it/s  
Predicting ━━━━━━━━━━━━━━━━━━━━━━━━━━━━━━━━━━━━━━━━ 8/8 0:00:00 • 0:00:00 21.62it/s  
Predicting ━━━━━━━━━━━━━━━━━━━━━━━━━━━━━━━━━━━━━━━━ 8/8 0:00:00 • 0:00:00 27.44it/s  
Predicting ━━━━━━━━━━━━━━━━━━━━━━━━━━━━━━━━━━━━━━━━ 8/8 0:00:00 • 0:00:00 31.63it/s  
Predicting ━━━━━━━━━━━━━━━━━━━━━━━━━━━━━━━━━━━━━━━━ 8/8 0:00:00 • 0:00:00 32.24it/s  
Predicting ━━━━━━━━━━━━━━━━━━━━━━━━━━━━━━━━━━━━━━━━ 8/8 0:00:00 • 0:00:00 34.10it/s  
batch 645: size=500 time=5.35s
Predicting ━━━━━━━━━━━━━━━━━━━━━━━━━━━━━━━━━━━━━━━━ 8/8 0:00:00 • 0:00:00 31.77it/s  
Predicting ━━━━━━━━━━━━━━━━━━━━━━━━━━━━━━━━━━━━━━━━ 8/8 0:00:00 • 0:00:00 33.68it/s  
Predicting ━━━━━━━━━━━━━━━━━━━━━━━━━━━━━━━━━━━━━━━━ 8/8 0:00:00 • 0:00:00 32.97it/s  
Predicting ━━━━━━━━━━━━━━━━━━━━━━━━━━━━━━━━━━━━━━━━ 8/8 0:00:00 • 0:00:00 34.33it/s  
Predicting ━━━━━━━━━━━━━━━━━━━━━━━━━━━━━━━━━━━━━━━━ 8/8 0:00:00 • 0:00:00 32.77it/s  
Predicting ━━━━━━━━━━━━━━━━━━━━━━━━━━━━━━━━━━━━━━━━ 8/8 0:00:00 • 0:00:00 29.24it/s  
Predicting ━━━━━━━━━━━━━━━━━━━━━━━━━━━━━━━━━━━━━━━━ 8/8 0:00:00 • 0:00:00 30.56it/s  
Predicting ━━━━━━━━━━━━━━━━━━━━━━━━━━━━━━━━━━━━━━━━ 8/8 0:00:00 • 0:00:00 30.52it/s  
Predicting ━━━━━━━━━━━━━━━━━━━━━━━━━━━━━━━━━━━━━━━━ 8/8 0:00:00 • 0:00:00 31.26it/s  
Predicting ━━━━━━━━━━━━━━━━━━━━━━━━━━━━━━━━━━━━━━━━ 8/8 0:00:00 • 0:00:00 30.11it/s  
batch 646: size=500 time=5.23s
Predicting ━━━━━━━━━━━━━━━━━━━━━━━━━━━━━━━━━━━━━━━━ 8/8 0:00:00 • 0:00:00 28.99it/s  
Predicting ━━━━━━━━━━━━━━━━━━━━━━━━━━━━━━━━━━━━━━━━ 8/8 0:00:00 • 0:00:00 29.87it/s  
Predicting ━━━━━━━━━━━━━━━━━━━━━━━━━━━━━━━━━━━━━━━━ 8/8 0:00:00 • 0:00:00 31.10it/s  
Predicting ━━━━━━━━━━━━━━━━━━━━━━━━━━━━━━━━━━━━━━━━ 8/8 0:00:00 • 0:00:00 30.17it/s  
Predicting ━━━━━━━━━━━━━━━━━━━━━━━━━━━━━━━━━━━━━━━━ 8/8 0:00:00 • 0:00:00 30.16it/s  
Predicting ━━━━━━━━━━━━━━━━━━━━━━━━━━━━━━━━━━━━━━━━ 8/8 0:00:00 • 0:00:00 29.83it/s  
Predicting ━━━━━━━━━━━━━━━━━━━━━━━━━━━━━━━━━━━━━━━━ 8/8 0:00:00 • 0:00:00 29.37it/s  
Predicting ━━━━━━━━━━━━━━━━━━━━━━━━━━━━━━━━━━━━━━━━ 8/8 0:00:00 • 0:00:00 29.13it/s  
Predicting ━━━━━━━━━━━━━━━━━━━━━━━━━━━━━━━━━━━━━━━━ 8/8 0:00:00 • 0:00:00 30.02it/s  
Predicting ━━━━━━━━━━━━━━━━━━━━━━━━━━━━━━━━━━━━━━━━ 8/8 0:00:00 • 0:00:00 29.83it/s  
batch 647: size=500 time=5.36s
Predicting ━━━━━━━━━━━━━━━━━━━━━━━━━━━━━━━━━━━━━━━━ 8/8 0:00:00 • 0:00:00 29.22it/s  
Predicting ━━━━━━━━━━━━━━━━━━━━━━━━━━━━━━━━━━━━━━━━ 8/8 0:00:00 • 0:00:00 29.71it/s  
Predicting ━━━━━━━━━━━━━━━━━━━━━━━━━━━━━━━━━━━━━━━━ 8/8 0:00:00 • 0:00:00 30.57it/s  
Predicting ━━━━━━━━━━━━━━━━━━━━━━━━━━━━━━━━━━━━━━━━ 8/8 0:00:00 • 0:00:00 30.43it/s  
Predicting ━━━━━━━━━━━━━━━━━━━━━━━━━━━━━━━━━━━━━━━━ 8/8 0:00:00 • 0:00:00 30.38it/s  
Predicting ━━━━━━━━━━━━━━━━━━━━━━━━━━━━━━━━━━━━━━━━ 8/8 0:00:00 • 0:00:00 29.59it/s  
Predicting ━━━━━━━━━━━━━━━━━━━━━━━━━━━━━━━━━━━━━━━━ 8/8 0:00:00 • 0:00:00 28.41it/s  
Predicting ━━━━━━━━━━━━━━━━━━━━━━━━━━━━━━━━━━━━━━━━ 8/8 0:00:00 • 0:00:00 26.10it/s  
Predicting ━━━━━━━━━━━━━━━━━━━━━━━━━━━━━━━━━━━━━━━━ 8/8 0:00:00 • 0:00:00 27.67it/s  
Predicting ━━━━━━━━━━━━━━━━━━━━━━━━━━━━━━━━━━━━━━━━ 8/8 0:00:00 • 0:00:00 27.76it/s  
batch 648: size=500 time=5.47s
Predicting ━━━━━━━━━━━━━━━━━━━━━━━━━━━━━━━━━━━━━━━━ 8/8 0:00:00 • 0:00:00 29.02it/s  
Predicting ━━━━━━━━━━━━━━━━━━━━━━━━━━━━━━━━━━━━━━━━ 8/8 0:00:00 • 0:00:00 30.04it/s  
Predicting ━━━━━━━━━━━━━━━━━━━━━━━━━━━━━━━━━━━━━━━━ 8/8 0:00:00 • 0:00:00 30.39it/s  
Predicting ━━━━━━━━━━━━━━━━━━━━━━━━━━━━━━━━━━━━━━━━ 8/8 0:00:00 • 0:00:00 30.27it/s  
Predicting ━━━━━━━━━━━━━━━━━━━━━━━━━━━━━━━━━━━━━━━━ 8/8 0:00:00 • 0:00:00 29.82it/s  
Predicting ━━━━━━━━━━━━━━━━━━━━━━━━━━━━━━━━━━━━━━━━ 8/8 0:00:00 • 0:00:00 29.09it/s  
Predicting ━━━━━━━━━━━━━━━━━━━━━━━━━━━━━━━━━━━━━━━━ 8/8 0:00:00 • 0:00:00 30.17it/s  
Predicting ━━━━━━━━━━━━━━━━━━━━━━━━━━━━━━━━━━━━━━━━ 8/8 0:00:00 • 0:00:00 29.59it/s  
Predicting ━━━━━━━━━━━━━━━━━━━━━━━━━━━━━━━━━━━━━━━━ 8/8 0:00:00 • 0:00:00 30.83it/s  
Predicting ━━━━━━━━━━━━━━━━━━━━━━━━━━━━━━━━━━━━━━━━ 8/8 0:00:00 • 0:00:00 30.81it/s  
batch 649: size=500 time=5.28s
Predicting ━━━━━━━━━━━━━━━━━━━━━━━━━━━━━━━━━━━━━━━━ 8/8 0:00:00 • 0:00:00 28.67it/s  
Predicting ━━━━━━━━━━━━━━━━━━━━━━━━━━━━━━━━━━━━━━━━ 8/8 0:00:00 • 0:00:00 30.24it/s  
Predicting ━━━━━━━━━━━━━━━━━━━━━━━━━━━━━━━━━━━━━━━━ 8/8 0:00:00 • 0:00:00 30.07it/s  
Predicting ━━━━━━━━━━━━━━━━━━━━━━━━━━━━━━━━━━━━━━━━ 8/8 0:00:00 • 0:00:00 29.02it/s  
Predicting ━━━━━━━━━━━━━━━━━━━━━━━━━━━━━━━━━━━━━━━━ 8/8 0:00:00 • 0:00:00 29.75it/s  
Predicting ━━━━━━━━━━━━━━━━━━━━━━━━━━━━━━━━━━━━━━━━ 8/8 0:00:00 • 0:00:00 28.97it/s  
Predicting ━━━━━━━━━━━━━━━━━━━━━━━━━━━━━━━━━━━━━━━━ 8/8 0:00:00 • 0:00:00 29.98it/s  
Predicting ━━━━━━━━━━━━━━━━━━━━━━━━━━━━━━━━━━━━━━━━ 8/8 0:00:00 • 0:00:00 29.30it/s  
Predicting ━━━━━━━━━━━━━━━━━━━━━━━━━━━━━━━━━━━━━━━━ 8/8 0:00:00 • 0:00:00 30.70it/s  
Predicting ━━━━━━━━━━━━━━━━━━━━━━━━━━━━━━━━━━━━━━━━ 8/8 0:00:00 • 0:00:00 30.12it/s  
batch 650: size=500 time=5.31s
Predicting ━━━━━━━━━━━━━━━━━━━━━━━━━━━━━━━━━━━━━━━━ 8/8 0:00:00 • 0:00:00 28.95it/s  
Predicting ━━━━━━━━━━━━━━━━━━━━━━━━━━━━━━━━━━━━━━━━ 8/8 0:00:00 • 0:00:00 30.17it/s  
Predicting ━━━━━━━━━━━━━━━━━━━━━━━━━━━━━━━━━━━━━━━━ 8/8 0:00:00 • 0:00:00 29.69it/s  
Predicting ━━━━━━━━━━━━━━━━━━━━━━━━━━━━━━━━━━━━━━━━ 8/8 0:00:00 • 0:00:00 30.09it/s  
Predicting ━━━━━━━━━━━━━━━━━━━━━━━━━━━━━━━━━━━━━━━━ 8/8 0:00:00 • 0:00:00 30.19it/s  
Predicting ━━━━━━━━━━━━━━━━━━━━━━━━━━━━━━━━━━━━━━━━ 8/8 0:00:00 • 0:00:00 29.45it/s  
Predicting ━━━━━━━━━━━━━━━━━━━━━━━━━━━━━━━━━━━━━━━━ 8/8 0:00:00 • 0:00:00 30.36it/s  
Predicting ━━━━━━━━━━━━━━━━━━━━━━━━━━━━━━━━━━━━━━━━ 8/8 0:00:00 • 0:00:00 30.52it/s  
Predicting ━━━━━━━━━━━━━━━━━━━━━━━━━━━━━━━━━━━━━━━━ 8/8 0:00:00 • 0:00:00 30.12it/s  
Predicting ━━━━━━━━━━━━━━━━━━━━━━━━━━━━━━━━━━━━━━━━ 8/8 0:00:00 • 0:00:00 30.10it/s  
batch 651: size=500 time=5.37s
Predicting ━━━━━━━━━━━━━━━━━━━━━━━━━━━━━━━━━━━━━━━━ 8/8 0:00:00 • 0:00:00 29.86it/s  
Predicting ━━━━━━━━━━━━━━━━━━━━━━━━━━━━━━━━━━━━━━━━ 8/8 0:00:00 • 0:00:00 29.59it/s  
Predicting ━━━━━━━━━━━━━━━━━━━━━━━━━━━━━━━━━━━━━━━━ 8/8 0:00:00 • 0:00:00 30.54it/s  
Predicting ━━━━━━━━━━━━━━━━━━━━━━━━━━━━━━━━━━━━━━━━ 8/8 0:00:00 • 0:00:00 29.78it/s  
Predicting ━━━━━━━━━━━━━━━━━━━━━━━━━━━━━━━━━━━━━━━━ 8/8 0:00:00 • 0:00:00 30.43it/s  
Predicting ━━━━━━━━━━━━━━━━━━━━━━━━━━━━━━━━━━━━━━━━ 8/8 0:00:00 • 0:00:00 29.94it/s  
Predicting ━━━━━━━━━━━━━━━━━━━━━━━━━━━━━━━━━━━━━━━━ 8/8 0:00:00 • 0:00:00 31.34it/s  
Predicting ━━━━━━━━━━━━━━━━━━━━━━━━━━━━━━━━━━━━━━━━ 8/8 0:00:00 • 0:00:00 30.02it/s  
Predicting ━━━━━━━━━━━━━━━━━━━━━━━━━━━━━━━━━━━━━━━━ 8/8 0:00:00 • 0:00:00 31.56it/s  
Predicting ━━━━━━━━━━━━━━━━━━━━━━━━━━━━━━━━━━━━━━━━ 8/8 0:00:00 • 0:00:00 30.06it/s  
batch 652: size=500 time=5.29s
Predicting ━━━━━━━━━━━━━━━━━━━━━━━━━━━━━━━━━━━━━━━━ 8/8 0:00:00 • 0:00:00 22.08it/s  
Predicting ━━━━━━━━━━━━━━━━━━━━━━━━━━━━━━━━━━━━━━━━ 8/8 0:00:00 • 0:00:00 23.02it/s  
Predicting ━━━━━━━━━━━━━━━━━━━━━━━━━━━━━━━━━━━━━━━━ 8/8 0:00:00 • 0:00:00 32.50it/s  
Predicting ━━━━━━━━━━━━━━━━━━━━━━━━━━━━━━━━━━━━━━━━ 8/8 0:00:00 • 0:00:00 32.83it/s  
Predicting ━━━━━━━━━━━━━━━━━━━━━━━━━━━━━━━━━━━━━━━━ 8/8 0:00:00 • 0:00:00 34.57it/s  
Predicting ━━━━━━━━━━━━━━━━━━━━━━━━━━━━━━━━━━━━━━━━ 8/8 0:00:00 • 0:00:00 33.30it/s  
Predicting ━━━━━━━━━━━━━━━━━━━━━━━━━━━━━━━━━━━━━━━━ 8/8 0:00:00 • 0:00:00 33.61it/s  
Predicting ━━━━━━━━━━━━━━━━━━━━━━━━━━━━━━━━━━━━━━━━ 8/8 0:00:00 • 0:00:00 35.05it/s  
Predicting ━━━━━━━━━━━━━━━━━━━━━━━━━━━━━━━━━━━━━━━━ 8/8 0:00:00 • 0:00:00 33.37it/s  
Predicting ━━━━━━━━━━━━━━━━━━━━━━━━━━━━━━━━━━━━━━━━ 8/8 0:00:00 • 0:00:00 34.03it/s  
batch 653: size=500 time=5.19s
Predicting ━━━━━━━━━━━━━━━━━━━━━━━━━━━━━━━━━━━━━━━━ 8/8 0:00:00 • 0:00:00 32.40it/s  
Predicting ━━━━━━━━━━━━━━━━━━━━━━━━━━━━━━━━━━━━━━━━ 8/8 0:00:00 • 0:00:00 34.44it/s  
Predicting ━━━━━━━━━━━━━━━━━━━━━━━━━━━━━━━━━━━━━━━━ 8/8 0:00:00 • 0:00:00 34.22it/s  
Predicting ━━━━━━━━━━━━━━━━━━━━━━━━━━━━━━━━━━━━━━━━ 8/8 0:00:00 • 0:00:00 33.84it/s  
Predicting ━━━━━━━━━━━━━━━━━━━━━━━━━━━━━━━━━━━━━━━━ 8/8 0:00:00 • 0:00:00 34.18it/s  
Predicting ━━━━━━━━━━━━━━━━━━━━━━━━━━━━━━━━━━━━━━━━ 8/8 0:00:00 • 0:00:00 31.86it/s  
Predicting ━━━━━━━━━━━━━━━━━━━━━━━━━━━━━━━━━━━━━━━━ 8/8 0:00:00 • 0:00:00 33.78it/s  
Predicting ━━━━━━━━━━━━━━━━━━━━━━━━━━━━━━━━━━━━━━━━ 8/8 0:00:00 • 0:00:00 33.92it/s  
Predicting ━━━━━━━━━━━━━━━━━━━━━━━━━━━━━━━━━━━━━━━━ 8/8 0:00:00 • 0:00:00 34.88it/s  
Predicting ━━━━━━━━━━━━━━━━━━━━━━━━━━━━━━━━━━━━━━━━ 8/8 0:00:00 • 0:00:00 36.18it/s  
batch 654: size=500 time=4.94s
Predicting ━━━━━━━━━━━━━━━━━━━━━━━━━━━━━━━━━━━━━━━━ 8/8 0:00:00 • 0:00:00 32.74it/s  
Predicting ━━━━━━━━━━━━━━━━━━━━━━━━━━━━━━━━━━━━━━━━ 8/8 0:00:00 • 0:00:00 33.71it/s  
Predicting ━━━━━━━━━━━━━━━━━━━━━━━━━━━━━━━━━━━━━━━━ 8/8 0:00:00 • 0:00:00 34.33it/s  
Predicting ━━━━━━━━━━━━━━━━━━━━━━━━━━━━━━━━━━━━━━━━ 8/8 0:00:00 • 0:00:00 33.88it/s  
Predicting ━━━━━━━━━━━━━━━━━━━━━━━━━━━━━━━━━━━━━━━━ 8/8 0:00:00 • 0:00:00 33.62it/s  
Predicting ━━━━━━━━━━━━━━━━━━━━━━━━━━━━━━━━━━━━━━━━ 8/8 0:00:00 • 0:00:00 32.64it/s  
Predicting ━━━━━━━━━━━━━━━━━━━━━━━━━━━━━━━━━━━━━━━━ 8/8 0:00:00 • 0:00:00 33.34it/s  
Predicting ━━━━━━━━━━━━━━━━━━━━━━━━━━━━━━━━━━━━━━━━ 8/8 0:00:00 • 0:00:00 33.02it/s  
Predicting ━━━━━━━━━━━━━━━━━━━━━━━━━━━━━━━━━━━━━━━━ 8/8 0:00:00 • 0:00:00 34.45it/s  
Predicting ━━━━━━━━━━━━━━━━━━━━━━━━━━━━━━━━━━━━━━━━ 8/8 0:00:00 • 0:00:00 34.82it/s  
batch 655: size=500 time=4.98s
Predicting ━━━━━━━━━━━━━━━━━━━━━━━━━━━━━━━━━━━━━━━━ 8/8 0:00:00 • 0:00:00 32.54it/s  
Predicting ━━━━━━━━━━━━━━━━━━━━━━━━━━━━━━━━━━━━━━━━ 8/8 0:00:00 • 0:00:00 33.71it/s  
Predicting ━━━━━━━━━━━━━━━━━━━━━━━━━━━━━━━━━━━━━━━━ 8/8 0:00:00 • 0:00:00 35.27it/s  
Predicting ━━━━━━━━━━━━━━━━━━━━━━━━━━━━━━━━━━━━━━━━ 8/8 0:00:00 • 0:00:00 33.65it/s  
Predicting ━━━━━━━━━━━━━━━━━━━━━━━━━━━━━━━━━━━━━━━━ 8/8 0:00:00 • 0:00:00 34.27it/s  
Predicting ━━━━━━━━━━━━━━━━━━━━━━━━━━━━━━━━━━━━━━━━ 8/8 0:00:00 • 0:00:00 33.88it/s  
Predicting ━━━━━━━━━━━━━━━━━━━━━━━━━━━━━━━━━━━━━━━━ 8/8 0:00:00 • 0:00:00 33.47it/s  
Predicting ━━━━━━━━━━━━━━━━━━━━━━━━━━━━━━━━━━━━━━━━ 8/8 0:00:00 • 0:00:00 33.75it/s  
Predicting ━━━━━━━━━━━━━━━━━━━━━━━━━━━━━━━━━━━━━━━━ 8/8 0:00:00 • 0:00:00 35.20it/s  
Predicting ━━━━━━━━━━━━━━━━━━━━━━━━━━━━━━━━━━━━━━━━ 8/8 0:00:00 • 0:00:00 35.73it/s  
batch 656: size=500 time=4.97s
Predicting ━━━━━━━━━━━━━━━━━━━━━━━━━━━━━━━━━━━━━━━━ 8/8 0:00:00 • 0:00:00 32.37it/s  
Predicting ━━━━━━━━━━━━━━━━━━━━━━━━━━━━━━━━━━━━━━━━ 8/8 0:00:00 • 0:00:00 35.30it/s  
Predicting ━━━━━━━━━━━━━━━━━━━━━━━━━━━━━━━━━━━━━━━━ 8/8 0:00:00 • 0:00:00 34.82it/s  
Predicting ━━━━━━━━━━━━━━━━━━━━━━━━━━━━━━━━━━━━━━━━ 8/8 0:00:00 • 0:00:00 34.07it/s  
Predicting ━━━━━━━━━━━━━━━━━━━━━━━━━━━━━━━━━━━━━━━━ 8/8 0:00:00 • 0:00:00 33.19it/s  
Predicting ━━━━━━━━━━━━━━━━━━━━━━━━━━━━━━━━━━━━━━━━ 8/8 0:00:00 • 0:00:00 22.13it/s  
Predicting ━━━━━━━━━━━━━━━━━━━━━━━━━━━━━━━━━━━━━━━━ 8/8 0:00:00 • 0:00:00 22.46it/s  
Predicting ━━━━━━━━━━━━━━━━━━━━━━━━━━━━━━━━━━━━━━━━ 8/8 0:00:00 • 0:00:00 23.77it/s  
Predicting ━━━━━━━━━━━━━━━━━━━━━━━━━━━━━━━━━━━━━━━━ 8/8 0:00:00 • 0:00:00 30.74it/s  
Predicting ━━━━━━━━━━━━━━━━━━━━━━━━━━━━━━━━━━━━━━━━ 8/8 0:00:00 • 0:00:00 31.19it/s  
batch 657: size=500 time=5.40s
Predicting ━━━━━━━━━━━━━━━━━━━━━━━━━━━━━━━━━━━━━━━━ 8/8 0:00:00 • 0:00:00 32.47it/s  
Predicting ━━━━━━━━━━━━━━━━━━━━━━━━━━━━━━━━━━━━━━━━ 8/8 0:00:00 • 0:00:00 33.38it/s  
Predicting ━━━━━━━━━━━━━━━━━━━━━━━━━━━━━━━━━━━━━━━━ 8/8 0:00:00 • 0:00:00 33.62it/s  
Predicting ━━━━━━━━━━━━━━━━━━━━━━━━━━━━━━━━━━━━━━━━ 8/8 0:00:00 • 0:00:00 33.64it/s  
Predicting ━━━━━━━━━━━━━━━━━━━━━━━━━━━━━━━━━━━━━━━━ 8/8 0:00:00 • 0:00:00 32.42it/s  
Predicting ━━━━━━━━━━━━━━━━━━━━━━━━━━━━━━━━━━━━━━━━ 8/8 0:00:00 • 0:00:00 31.56it/s  
Predicting ━━━━━━━━━━━━━━━━━━━━━━━━━━━━━━━━━━━━━━━━ 8/8 0:00:00 • 0:00:00 32.93it/s  
Predicting ━━━━━━━━━━━━━━━━━━━━━━━━━━━━━━━━━━━━━━━━ 8/8 0:00:00 • 0:00:00 34.59it/s  
Predicting ━━━━━━━━━━━━━━━━━━━━━━━━━━━━━━━━━━━━━━━━ 8/8 0:00:00 • 0:00:00 32.05it/s  
Predicting ━━━━━━━━━━━━━━━━━━━━━━━━━━━━━━━━━━━━━━━━ 8/8 0:00:00 • 0:00:00 31.96it/s  
batch 658: size=500 time=5.06s
Predicting ━━━━━━━━━━━━━━━━━━━━━━━━━━━━━━━━━━━━━━━━ 2/2 0:00:00 • 0:00:00 39.54it/s  
Predicting ━━━━━━━━━━━━━━━━━━━━━━━━━━━━━━━━━━━━━━━━ 2/2 0:00:00 • 0:00:00 38.40it/s  
Predicting ━━━━━━━━━━━━━━━━━━━━━━━━━━━━━━━━━━━━━━━━ 2/2 0:00:00 • 0:00:00 47.06it/s  
Predicting ━━━━━━━━━━━━━━━━━━━━━━━━━━━━━━━━━━━━━━━━ 2/2 0:00:00 • 0:00:00 45.94it/s  
Predicting ━━━━━━━━━━━━━━━━━━━━━━━━━━━━━━━━━━━━━━━━ 2/2 0:00:00 • 0:00:00 43.84it/s  
Predicting ━━━━━━━━━━━━━━━━━━━━━━━━━━━━━━━━━━━━━━━━ 2/2 0:00:00 • 0:00:00 38.89it/s  
Predicting ━━━━━━━━━━━━━━━━━━━━━━━━━━━━━━━━━━━━━━━━ 2/2 0:00:00 • 0:00:00 43.04it/s  
Predicting ━━━━━━━━━━━━━━━━━━━━━━━━━━━━━━━━━━━━━━━━ 2/2 0:00:00 • 0:00:00 39.12it/s  
Predicting ━━━━━━━━━━━━━━━━━━━━━━━━━━━━━━━━━━━━━━━━ 2/2 0:00:00 • 0:00:00 42.42it/s  
Predicting ━━━━━━━━━━━━━━━━━━━━━━━━━━━━━━━━━━━━━━━━ 2/2 0:00:00 • 0:00:00 39.22it/s  
batch 659: size=108 time=1.59s

Saved: /mnt/data.ese/nfs/users/sghosh6/DTRA_project/MACAW/SynThera/BacillusAnthracis/Results_BacillusAnthracis/BacillusAnthracis_generatedCompounds_wART_wADMET.csv
Total runtime: 17172.99s
