PUBCHEM_RESULT_TAG,PUBCHEM_SID,PUBCHEM_CID,PUBCHEM_EXT_DATASOURCE_SMILES,PUBCHEM_ACTIVITY_OUTCOME,PUBCHEM_ACTIVITY_SCORE,PUBCHEM_ACTIVITY_URL,PUBCHEM_ASSAYDATA_COMMENT,PERCENT_INHIBITION
RESULT_TYPE,,,,,,,,FLOAT
RESULT_DESCR,,,,,,,,Percent inhibition of substrate cleavage in the presence of 10 microM test compound
RESULT_UNIT,,,,,,,,PERCENT
RESULT_ATTR_CONC_MICROMOL,,,,,,,,10
1,24784332,16188405,CCC1=C2C(=CC=C1)C(CC3(N2)CCCC3)C.Cl,Active,100,,,167.3
2,26659296,2015650,CS(=O)(=O)OC1=CC2=C(C=C1)C(=O)/C(=C/C=C/C3=CC=CC=C3)/O2,Inactive,25,,,25
3,24786735,1632235,C1=CC=NC(=C1)NC(=O)CCCN2C(=O)/C(=C\C3=CC=CS3)/SC2=S,Inactive,19,,,18.8
4,17401375,4110197,CCSC(=O)CCCCCCCCCCCO,Inactive,14,,,14.5
5,855779,657297,C[N+]1([C@@H]2CC(C[C@H]1[C@H]3[C@@H]2O3)OC(=O)[C@H](CO)C4=CC=CC=C4)C.[N+](=O)([O-])[O-],Inactive,13,,,13.1
6,4256029,900100,C1CC2=CC=CC=C2N3C(=NC4=CC=CC=C4C3=O)C1,Inactive,12,,,12.2
7,11533048,5702129,CC1=CC=C(C=C1)/C(=C\CN2CCCC2)/C3=CC=CC=N3.Cl,Inactive,12,,,11.9
8,24795967,706914,CCN1CCN(CC1)C(=S)C2=CC=C(C=C2)OC,Inactive,12,,,11.9
9,14730382,9550038,CC1=CC=C(C=C1)S(=O)(=O)N2CCC(CC2)C(=O)N[C@@H](C)C(=O)NC3CCS(=O)(=O)C3,Inactive,12,,,11.8
10,24795708,888377,CC(C)(C)N(CC1=CC=CC=C1)C(=O)C2=CC=C(O2)Br,Inactive,12,,,11.8
11,24780939,16187412,CC[N+]1(CC2CCC(C1)(C2(C)C)C)C.[I-],Inactive,12,,,11.8
12,858285,659625,CC1=CC2=C(C=C1)NC3=C2CN(CC3)C(=O)CN4CCSCC4,Inactive,12,,,11.6
13,17412323,1567211,C1=CC=C(C=C1)COC(=O)NCC(=O)OC2=C(C=C3C(=CC(=O)OC3=C2)C4=CC=CC=C4)Cl,Inactive,12,,,11.5
14,24809246,2865127,CCOC1=CC(=C(C=C1)NC2C(C(C(C(O2)C)O)O)O)[N+](=O)[O-],Inactive,11,,,11.5
15,14743031,2024475,CCOC1=C(C=C(C=C1)CCN2C(=NC3=CC=CC=C3C2=O)C4=CC=CO4)OCC,Inactive,11,,,11.4
16,26664214,719753,CC(C)C1=CC=C(C=C1)/C=C/C(=O)O,Inactive,11,,,11
17,855828,3616,CC(=O)NCCCCCCNC(=O)C,Inactive,11,,,10.8
18,24781280,16187478,CC1=NON=C1CN(C)C(=O)C2=CC=C(C=C2)OC3CCN(CC3)C(=O)C4=CN=CC=C4,Inactive,11,,,10.7
19,855862,15209,C[C@]12CCC(=O)C=C1[C@H](C[C@@H]3[C@@H]2[C@H](C[C@]4([C@H]3C[C@@H]5[C@]4(OC(O5)(C)C)C(=O)CO)C)O)F,Inactive,11,,,10.7
20,4244860,54693395,C1CC2=C3C(=CC=C2)C(=C(C(=O)N3C1)C4=CC=CC=C4)O,Inactive,10,,,10.4
21,855905,53232,CC[C@H](C)C(=O)O[C@H]1C[C@H](C=C2[C@H]1[C@H]([C@H](C=C2)C)CC[C@@H]3C[C@H](CC(=O)O3)O)C,Inactive,10,,,10.4
22,26658706,6881178,CC(=CCC(C)(C)/C=N/NC(=O)N)C,Inactive,10,,,10.3
23,14745507,5839534,CC1=NC(=CS1)C2=COC3=C(C2=O)C=CC(=C3CN(C)C)O,Inactive,10,,,10.3
24,24795715,2936533,CCNC(=S)N1CCN(CC1)CCN2C(=O)C3=CC=CC4=C3C(=CC=C4)C2=O,Inactive,10,,,10.2
25,856007,54676228,CN1C(=C(C2=CC=CC=C2S1(=O)=O)O)C(=O)NC3=CC=CC=N3,Inactive,10,,,10
26,7977147,2255695,C1=CC=C(C(=C1)C(=O)O)NS(=O)(=O)C2=CC(=C(C=C2)NCCCC(=O)O)C(=O)O,Inactive,10,,,10
27,7976872,535305,CC12CN3CC(C1=O)(CN(C2)C3C4=CN=CC=C4)C,Inactive,10,,,9.9
28,11532881,4760,C1=CC=C(C=C1)C2C(=O)C3=CC=CC=C3C2=O,Inactive,10,,,9.8
29,14734065,2898109,CC(C(=O)O)OC1=CC2=C(C=C1)C(=CC(=O)O2)C3=CC=C(C=C3)OC,Inactive,10,,,9.7
30,14741306,950806,CCOC(=O)CN1C(=CC(=O)C2=CC=CC=C21)C,Inactive,10,,,9.6
31,24795046,2965325,COC1=CC=C(C=C1)NC(=O)CC(C2=CC=CC=C2)C3=CC=CO3,Inactive,9,,,9.1
32,7976204,2868359,CC(C)COCC1CC2(CC(OC2=O)(C)C3=CSC(=N3)N)C(=O)O1,Inactive,9,,,9.1
33,7976011,1367557,CC(C)C12CN3CC(C1=O)(CN(C2)C34C5=CC=CC=C5NC4=O)C(C)C,Inactive,9,,,9
34,17431582,11979286,CCN(CCCCCN(C)C)CC1=CC2=CC=CC=C2O1.Cl,Inactive,9,,,8.8
35,24822783,16195303,COC1=CC=C(C=C1)/C=C/C(=O)C2=CC3=C(C(=CC=C3)OC)OC2=O,Inactive,9,,,8.8
36,860093,135456879,C1=CC=C(C=C1)CC2=NC3=C(C(=O)N2)OC4=CC=CC=C43,Inactive,9,,,8.7
37,855877,39042,CC(C)(C(=O)O)OC1=CC=C(C=C1)CCNC(=O)C2=CC=C(C=C2)Cl,Inactive,9,,,8.7
38,855644,23677833,CCCN(CCC)C(=O)C(CCC(=O)[O-])NC(=O)C1=CC=CC=C1.[Na+],Inactive,9,,,8.6
39,22403166,5450504,CC1=C(C(=NN1)C)CCC(=O)N/N=C\C2=C(C(=C(C=C2)OC)OC)OC,Inactive,9,,,8.6
40,24796091,2986704,C1CCN(CC1)C(=O)C2=CC3=C(O2)C=CC(=C3)Br,Inactive,9,,,8.5
41,24781233,16187446,C1CN(C(CN1CC2=NC(=CS2)C3=CC=CC=C3)CCO)CC4=CC=C(C=C4)F,Inactive,9,,,8.5
42,855977,3108,C1CCN(CC1)C2=NC(=NC3=C2N=C(N=C3N4CCCCC4)N(CCO)CCO)N(CCO)CCO,Inactive,8,,,8.5
43,4262166,455107,C1CN2C(=O)C3=CC=CC=C3C2(N1)C4=CC=CC=C4,Inactive,8,,,8.5
44,855751,3295,CCOC1=CC2=C(C=C1)N=C(S2)S(=O)(=O)N,Inactive,8,,,8.4
45,24819318,3916547,CC1=CC2=C(C=C1)N(C3C2CN(CC3)C)S(=O)(=O)C4=CC=C(C=C4)OC5=CC=C(C=C5)[N+](=O)[O-],Inactive,8,,,8.4
46,24795909,2985238,COC1=C(C=C(C=C1)NC(=O)C2=CC(=C(C=C2)OC)Br)[N+](=O)[O-],Inactive,8,,,8.3
47,26663287,4024466,CC(C)OC1=CC=C(C=C1)C(CCNCC2=CC(=C(C=C2)OC)OC)C3=CC=C(C=C3)F,Inactive,8,,,8.2
48,24786178,16188981,CC(C)[C@H]1CN(CCN1CC2=CN(N=C2C3=CC(=CC=C3)Cl)C)C,Inactive,8,,,8.2
49,11532877,4826,CC(C(C)(C)C)N=C(NC#N)NC1=CC=NC=C1,Inactive,8,,,8.1
50,855608,5284594,C=C1CC[C@]2([C@H]3CC4=C5[C@]2([C@H]1OC5=C(C=C4)O)CCN3CC6CC6)O,Inactive,8,,,8.1
51,855585,36605,C[N+](C)(C)CCOP(=O)([O-])OP(=O)([O-])OC[C@@H]1[C@H]([C@H]([C@@H](O1)N2C=CC(=NC2=O)N)O)O.[Na+],Inactive,8,,,8.1
52,855967,2554,C1=CC=C2C(=C1)C=CC3=CC=CC=C3N2C(=O)N,Inactive,8,,,8.1
53,855795,657306,CC[N+]1(CCCC(C1)OC(=O)C(C2=CC=CC=C2)(C3=CC=CC=C3)O)C.[Br-],Inactive,8,,,8
54,26670051,6284688,COC1=C(C=C(C=C1)/C=C/2\CCN3C2=NC4=C(C3=O)C=CC(=C4)C(=O)O)OC,Inactive,8,,,8
55,864952,617614,CC1(CC2=NC3=CC=CC=C3C(=C2C(=O)C1)N)C,Inactive,8,,,7.9
56,26665695,16682457,CCOC1=C(C=C(C=C1)CC2C3=CC(=C(C=C3CCN2C(=O)CN4CCN(CC4)C)OCC)OCC)OCC.Cl,Inactive,8,,,7.9
57,24787609,2200838,CCOC1=CC(=C(C=C1)C(=O)C(=O)C)OCC,Inactive,8,,,7.8
58,8139897,3037,C1=CC(=C(C=C1Cl)CC2=C(C=CC(=C2)Cl)O)O,Inactive,8,,,7.7
59,11533019,66266,C1CCN(CC1)CCCC(C2=CC=CC=C2)(C3=CC=CC=C3)O.Cl,Inactive,8,,,7.6
60,14724940,95028,CN1C2=C(C(=O)N(C1=O)C)N(C=N2)CC3=CC=CC=C3,Inactive,8,,,7.6
61,24786450,16189181,CN(C)C(=O)C1=C(N2C=C(C=CC2=N1)Cl)CNCC3=CN(N=C3)C4=CC(=CC=C4)OC,Inactive,8,,,7.5
62,4264206,709905,CC12CN3CC(C1O)(CN(C2)C3C4=CC=CS4)C,Inactive,8,,,7.5
63,24802319,1747852,C1=C(C=NC=C1O)C(=O)NCCCCCCC(=O)O,Inactive,7,,,7.5
64,24785966,1189154,COC1=C(C(=CC=C1)OC)C(=O)NC2=NC3=C(S2)C=C(C=C3)[N+](=O)[O-],Inactive,7,,,7.5
65,24787320,1184623,CC(C)OC(=O)C1=CC=C(C=C1)NC(=O)C2=CC(=CN=C2)Br,Inactive,7,,,7.4
66,24811236,2827527,CC1=CC2=C(C=C1)N(C(=S)C=C2)C,Inactive,7,,,7.4
67,855924,5311067,C[C@@H]1C[C@H]2[C@@H]3CCC4=CC(=O)C=C[C@@]4([C@]3([C@H](C[C@@]2([C@H]1C(=O)CO)C)O)F)C,Inactive,7,,,7.4
68,11533030,71420,CN(C)C(=O)C(CCN1CCC(CC1)(C2=CC=C(C=C2)Cl)O)(C3=CC=CC=C3)C4=CC=CC=C4.Cl,Inactive,7,,,7.3
69,4262144,592389,CC(=O)N1CC2(CC(C1)(CN(C2)C(=O)C)C)C,Inactive,7,,,7.3
70,7973258,872314,CN1C2=C(C=C(C=C2)CC(=O)O)C3=C1C=CC(=C3)CC(=O)O,Inactive,7,,,7.2
71,3712189,2360902,C1=CC=C(C=C1)OCCOC2=CC=CC=C2C(=O)O,Inactive,7,,,7.2
72,24808390,5726630,CCN1C(=NC2=CC=CC=C2C1=O)/C=C/C3=CC=CC=C3,Inactive,7,,,7.2
73,24840972,659821,C1[C@H]2CN(C[C@H]1C3=CC=CC(=O)N3C2)C(=O)NC4=CC(=CC=C4)OC5=C(C(=C(C(=C5F)F)F)F)F,Inactive,7,,,7.2
74,14730569,1916981,CC(C)CC1=C/C(=C/C2=CC=C(O2)C3=CC=CC=C3OC)/C(=O)O1,Inactive,7,,,7.1
75,17513649,16410920,CC1CC(=CC([C@@H]1/C=N/N2C(=O)C3=C(C4=C(N3)C=CC(=C4)OC)NC2=O)C)C,Inactive,7,,,7.1
76,17434122,700701,C1=CC2=C(C(=O)N=C2C=C1)C3=C(NC(=S)N3)O,Inactive,7,,,7
77,7973343,904602,CC(C)C12CN3CC(C1O)(CN(C2)C3C4=CC=CC=C4)C(C)C,Inactive,7,,,7
78,24807454,3141397,CC(C)C1=CC=C(C=C1)C2C(=C(C(=O)N2CC3=CN=CC=C3)O)C(=O)C,Inactive,7,,,7
79,17432846,622378,COC1=C(C=C2C(=C1)CCN=C2C3=CC=CC=C3)OC,Inactive,7,,,7
80,855931,5909,CC[C@H]1[C@H](COC1=O)CC2=CN=CN2C.Cl,Inactive,7,,,7
81,24784424,16188439,CN1C=C(C=N1)CCN(C)CC2=NC(=NO2)CC3CC3,Inactive,7,,,7
82,7978196,626866,COC1=CC(=C(C=C1)OC)C(=O)C2=COC3=C2C=C(C=C3)O,Inactive,7,,,7
83,4259195,2825094,COC1=CC(=CC(=C1OC)OC)C2C3=CC(=C(C=C3CCN2)OC)OC,Inactive,7,,,6.9
84,24814763,231264,C(CC(=O)NCCO)C(=O)NCCO,Inactive,7,,,6.9
85,24784425,16188440,CN(CCC1=CC(=C(C=C1)OC)OC)CC2=NC(=NO2)CC3=CC(=C(C=C3)OC)OC,Inactive,7,,,6.9
86,14741850,907590,CC(C)(C)C1=COC2=C1C=C3C4=C(C=C(C=C4)OC)C(=O)OC3=C2,Inactive,7,,,6.9
87,4247706,6603415,CC1=CC=CC=C1N2C(=NC(=NC2(C)C)N)N.Cl,Inactive,7,,,6.8
88,24790715,878107,C1OC2=C(O1)C=C(C=C2)CNC(=O)/C=C/C3=CC=CO3,Inactive,7,,,6.8
89,8139942,5991,C[C@]12CC[C@H]3[C@H]([C@@H]1CC[C@]2(C#C)O)CCC4=C3C=CC(=C4)O,Inactive,7,,,6.8
90,11533014,5702273,CC(C)(C)NCC(C1=CC(=C(C(=C1)Cl)N)Cl)O.Cl,Inactive,7,,,6.8
91,24825150,4092542,C1=CC=C2C(=C1)C(=O)NC3(N2)C4=C(C=CC(=C4)Br)NC3=O,Inactive,7,,,6.8
92,8139922,7389,C1=CC(=CC=C1N)[As](=O)(O)O,Inactive,7,,,6.8
93,7968415,3154648,CCOC(=O)C1C2C=CC3(C1C(=O)N(C3)C4=CC(=C(C=C4)Cl)F)O2,Inactive,7,,,6.8
94,856008,3747,CC(C)OC1=CC2=C(C=C1)C(=O)C(=CO2)C3=CC=CC=C3,Inactive,7,,,6.8
95,22403231,2881592,C1=CC(=C(C=C1Cl)Cl)CSCC2=NN=C(S2)N,Inactive,7,,,6.8
96,17516233,10816,C1=CC(=CC=C1C(=O)NN)Cl,Inactive,7,,,6.8
97,24795668,2989226,C1=CC=C(C=C1)C(=O)NC(=O)NCC2=CC=CC=C2Cl,Inactive,7,,,6.8
98,11533010,36431,C1CCC2(C1)CC(=O)N(C(=O)C2)CCCCN3CCN(CC3)C4=NC=CC=N4.Cl,Inactive,7,,,6.7
99,24806948,2860695,COC1=C(C=C(C=C1)CCN2C(SCC2=O)C3=CC(=C(C=C3)OC)OC)OC,Inactive,7,,,6.7
100,855773,236702,C[C@@H]1C[C@H]2[C@@H]3CCC4=CC(=O)C=C[C@@]4([C@]3([C@H](C[C@@]2([C@]1(C(=O)COC(=O)C)O)C)O)F)C,Inactive,7,,,6.7
101,24795504,2184577,C1COCCN1CCCNC(=O)CC2=CC=CC=C2[N+](=O)[O-],Inactive,7,,,6.7
102,22403170,877881,CC1=CC=C(C=C1)/C=C\2/C(=O)NC(=O)N(C2=O)C,Inactive,7,,,6.7
103,858019,6603546,CC1=CC2=C(C=C1)N(C(=O)C2CCN)CC3=CC=CC=C3.Cl,Inactive,7,,,6.7
104,14727947,135423683,CC(=O)C1=CC=CC2=C1NC(=C2O)C3=NC4=CC=CC=C4C3=O,Inactive,7,,,6.7
105,7968112,818345,CCN(CC)CC1=CNC2=C1C=CC=C2C(=O)OC,Inactive,7,,,6.7
106,11532917,4055,CC1=CC(=O)C2=CC=CC=C2C1=O,Inactive,7,,,6.7
107,24838313,3240712,CS(=O)(=O)NC1=CC=CC(=C1)C(=O)CC2(C3=C(C=CC(=C3)Br)NC2=O)O,Inactive,7,,,6.6
108,855684,11548,CC(C[N+](C)(C)C)OC(=O)N.[Cl-],Inactive,7,,,6.6
109,22415737,2894350,COC1=CC(=CC(=C1OC)OC)C(=O)CCN2CCC(C2)C3=CC=CC=C3.Cl,Inactive,7,,,6.6
110,26660118,16682048,CC(C1=CC=CC=C1)C(=NCCC2=CC(=C(C=C2)OC)OC)N.Cl,Inactive,7,,,6.6
111,24784397,16188430,C1=CC=C(C(=C1)C2=NN(C=C2CNCCC3=CC=CC=N3)C4=CC=C(C=C4)F)Cl,Inactive,7,,,6.5
112,16953485,2510794,COC1=CC(=CC(=C1OC)OC)CC(=O)NCCC2=CC=C(C=C2)S(=O)(=O)N,Inactive,6,,,6.5
113,24803019,235453,C1=CC=C(C=C1)C(=O)CC(C2=CNC3=CC=CC=C32)C(=O)O,Inactive,6,,,6.4
114,24824922,3811495,C1COC2=C(O1)C=CC(=C2)C3=COC4=C(C3=O)C=CC(=C4)OC5C(C(C(C(O5)CO)O)O)O,Inactive,6,,,6.4
115,855637,119442,CC(C)C(CCCN(C)CCC1=CC(=C(C=C1)OC)OC)(C#N)C2=CC(=C(C(=C2)OC)OC)OC.Cl,Inactive,6,,,6.4
116,24796077,2985490,CCOCC(=O)NC1=CC=CC=C1C(=O)N2CCOCC2,Inactive,6,,,6.3
117,855912,2576,CCCC(C)(COC(=O)N)COC(=O)NC(C)C,Inactive,6,,,6.3
118,22402583,742987,CC1=CC=CC=C1NC(=O)C2C3=CC=CC=C3OC4=CC=CC=C24,Inactive,6,,,6.3
119,8139919,1474,C1=CC=NC(=C1)C2=CC=CC=N2,Inactive,6,,,6.3
120,8139968,4409,CC(=O)CCC1=CC2=C(C=C1)C=C(C=C2)OC,Inactive,6,,,6.3
121,855595,1893,C1=CC2=C(C(=C1)[N+](=O)[O-])NN=C2,Inactive,6,,,6.3
122,14730560,5662,C1CCC(C(C1)N2CCC(CC2)C3=CC=CC=C3)O,Inactive,6,,,6.3
123,17412095,2283109,CCOC1=CC=CC=C1OCCOC2=CC=C(C=C2)F,Inactive,6,,,6.2
124,24811318,3505285,CN1CCCC1C(=O)NCC2=CC(=C(C=C2)OC)OC,Inactive,6,,,6.2
125,11532977,5311103,C[C@@]12[C@H]([C@H](C[C@@H](O1)N3C4=CC=CC=C4C5=C6C(=C7C8=CC=CC=C8N2C7=C53)CNC6=O)NC)OC,Inactive,6,,,6.2
126,24781029,1583929,CC1=CC=C(C=C1)C(=O)NC(=S)NCCCN2CCOCC2,Inactive,6,,,6.1
127,14719118,1203360,CC(C)OC(=O)CC12CN3CC(C1=O)(CN(C2)C3)CC(=O)OC(C)C,Inactive,6,,,6.1
128,4256503,237621,CC1=C(C=CC(=C1)OC)CCCC(=O)O,Inactive,6,,,6.1
129,855907,102484,C1=CC(=CC=C1C(CN)O)O.Cl,Inactive,6,,,6
130,7976350,868130,CCOC(=O)C1=CC2=C(C=C1)NC(=C(C2=O)CCC(=O)C)C,Inactive,6,,,6
131,850249,652758,COC1=CC=CC(=C1)N2CC34C=CC(O3)C(C4C2=O)C(=O)O,Inactive,6,,,6
132,17403151,5332432,CC1=C2C(=C3C(=N1)CC(CC3=O)(C)C)C4=CC=CC=C4N2,Inactive,6,,,6
133,24786428,16189165,C1CC(CN(C1)C(=O)/C=C/C2=CC=CC=N2)C(=O)C3=CC=C(C=C3)Cl,Inactive,6,,,6
134,4259431,1298184,COC1=CC(=C(C=C1)NC(=O)NC2=CC(=C(C=C2C(=O)OC)OC)OC)OC,Inactive,6,,,5.9
135,857644,658991,C1CC2C(=O)NCCN2C1,Inactive,6,,,5.9
136,7977047,2842541,CCOC(=O)C(C(C1=CC=CC=C1)O)NC(=O)CCC(=O)NC2=CC=C(C=C2)S(=O)(=O)N,Inactive,6,,,5.9
137,24807006,582676,C1=CC=C2C(=C1)C(=CN2)CCC(=O)NCC3=CC=CO3,Inactive,6,,,5.8
138,24790346,2883771,CCOC1=CC=C(C=C1)C(C2=CC(=C(C=C2)OC)OC)NC(=O)C,Inactive,6,,,5.8
139,14727726,848533,CCOC(=O)C1=CC2=CC3=CC=CC=C3C=C2N1,Inactive,6,,,5.8
140,14743456,2804,CC1CCCC(N1NC(=O)C2=CC(=C(C=C2)Cl)S(=O)(=O)N)C,Inactive,6,,,5.8
141,853622,656280,CCOC(=O)C1=C(C2=CC=CC=C2N=C1)NCCO,Inactive,6,,,5.8
142,857801,3825,CC(C1=CC(=CC=C1)C(=O)C2=CC=CC=C2)C(=O)O,Inactive,6,,,5.8
143,24785436,16188826,COC1=CC(=C(C=C1)C2=C(C=NN2)CN(CCO)CC3=CC=CS3)F,Inactive,6,,,5.8
144,24785932,675560,CC1=C(C=CC=C1[N+](=O)[O-])NC(=O)C2=CC=CS2,Inactive,6,,,5.7
145,8139959,1046,C1=CN=C(C=N1)C(=O)N,Inactive,6,,,5.7
146,860839,3394,CC(C1=CC(=C(C=C1)C2=CC=CC=C2)F)C(=O)O,Inactive,6,,,5.7
147,7976384,2853180,CC1(CC2=CC=CC=C2C3=C(C(C(=O)N31)(CC=C)O)C(=O)N4CCOCC4)C,Inactive,6,,,5.7
148,26664744,319257,CC(C)NC1=CC=C(C=C1)NC(=O)C(=C)C,Inactive,6,,,5.7
149,26664724,292807,CC(C)C1=CC=C(C=C1)NC(=O)NC2=CC=C(C=C2)OC,Inactive,6,,,5.7
150,24796044,2987351,COC1=C(C(=CC=C1)OC)C(=O)NCCSC2CCCCC2,Inactive,6,,,5.6
151,862866,5389784,C1CCC(C1)N2C[C@@]34C=C[C@@H](O3)C([C@H]4C2=O)C(=O)O,Inactive,6,,,5.6
152,855634,5369129,COC1=CC(=O)OC(C1)/C=C/C2=CC=CC=C2,Inactive,6,,,5.6
153,4259779,135485483,COCC1=CC(=O)NC(=N1)/N=C(\N)/NC2=CC=C(C=C2)OC3=CC=CC=C3,Inactive,6,,,5.6
154,858796,660105,CCN1C2=C(C=C(C1=N)C(=O)NC)C(=O)N3C=CC=C(C3=N2)C,Inactive,6,,,5.6
155,24788095,3112489,CCNC(=O)C(CC1=CC=CC=C1)NC(=O)OCC2=CC=CC=C2,Inactive,6,,,5.5
156,855800,4472,C1=CC=C(C=C1)CNC(=O)CCNNC(=O)C2=CC=NC=C2,Inactive,6,,,5.5
157,14742700,124087,C1CC2=C(C=CC(=C2)Cl)C(=C3CCNCC3)C4=C1C=CC=N4,Inactive,6,,,5.5
158,8139955,1985,CC(=O)NC1=C(C=CC(=C1)[As](=O)(O)O)O,Inactive,6,,,5.5
159,17512908,3323173,COC1=CC=C(C=C1)C2C3CCCCC3(CCN2C(=O)C4=CC=CS4)O,Inactive,6,,,5.5
160,4257424,2943349,CC1=CC2=C(C=C1)N3C(C4C2OCC4)C56C=CC(O5)C(C6C3=O)C(=O)O,Inactive,6,,,5.5
161,24785931,5348353,C/C(=N\NC(=O)C1=CC=CC=C1[N+](=O)[O-])/C2=CC=C(S2)Br,Inactive,5,,,5.5
162,17511689,1857898,CC1=NC2=C(C(=O)C3=CC=CC=C3N2C)C(=O)N1CCC4=CC=C(C=C4)OC,Inactive,5,,,5.5
163,3712156,92980,C1CC(CNC1)C(=O)N,Inactive,5,,,5.4
164,861110,662377,CC1=CC2=C(C(=CC(=O)O2)C)C(=C1)OC(=O)CNC(=O)OC(C)(C)C,Inactive,5,,,5.4
165,14739249,135400437,CC1=CC(=C(C(=O)O1)C(=O)/C=C/C2=C(C(=CC=C2)OC)O)O,Inactive,5,,,5.4
166,855883,3647,C1NC2=C(C=C(C(=C2)C(F)(F)F)S(=O)(=O)N)S(=O)(=O)N1,Inactive,5,,,5.4
167,24787330,2887224,CC(=O)NC(C(Cl)(Cl)Cl)NC(=S)N1CCCCCC1,Inactive,5,,,5.4
168,8139884,5901,C1=NN(C(=O)NC1=O)[C@H]2[C@@H]([C@@H]([C@H](O2)CO)O)O,Inactive,5,,,5.4
169,24781034,135426232,CC1=CC=C(C=C1)C2CC(=C(C(=O)C2)C=NCCN3CCN(CC3)C(=S)NC4=CC=CC=C4)O,Inactive,5,,,5.4
170,855769,3767,C1=CN=CC=C1C(=O)NN,Inactive,5,,,5.3
171,24786350,16189124,C1CCC(C1)N2CCN(CC2CCO)CC3=CC=CC=C3C4=CC=CO4,Inactive,5,,,5.3
172,17401592,1576954,C1=CC=C2C(=C1)C3=C(N2)C=CC(=C3)C(=O)NCCO,Inactive,5,,,5.3
173,4261623,2249651,COC1=C(C(=C(C=C1)CNCC2=CC(=CC(=C2)OC)OC)OC)OC,Inactive,5,,,5.3
174,24796154,2936164,CCC(C)NCCOC1=CC=CC=C1C.C(=O)(C(=O)O)O,Inactive,5,,,5.2
175,14742392,1400510,CC1=C(C(=NN1)C2=C(C=C(C=C2)OCC(=C)C)O)C3=CC=C(C=C3)OC,Inactive,5,,,5.2
176,855588,9878,C[C@H]1C[C@H]2[C@@H]3CC[C@@]([C@]3(C[C@@H]([C@@]2([C@@]4(C1=CC(=O)C=C4)C)F)O)C)(C(=O)C)O,Inactive,5,,,5.2
177,26662847,11913746,C1CC[C@@]2(CCN(C[C@@H]2C1)C(=O)/C=C/C3=CC=C(C=C3)F)O,Inactive,5,,,5.2
178,26660032,3802276,COC1=CC=CC(=C1)C2CC3=C(C(N(C4=CC=CC=C4N3)C(=O)CCC(=O)O)C5=CC=C(C=C5)F)C(=O)C2,Inactive,5,,,5.1
179,11533003,174174,CN1[C@@H]2CC[C@H]1CC(C2)OC(=O)C(CO)C3=CC=CC=C3,Inactive,5,,,5.1
180,24795750,2936414,CC1(NC(=S)N(N1)C2=CC=CC=C2)CC(=O)NC3=CC=CC=C3,Inactive,5,,,5.1
181,11533011,93504,CC1([C@H]([C@@H](C2=C(O1)C=CC(=C2)C#N)N3CCCC3=O)O)C,Inactive,5,,,5.1
182,859522,660818,C1CCC(CC1)NC(=O)N2CCC3=C(C2)C4=CC=CC=C4N3,Inactive,5,,,5
183,855576,4594,CC1=CN=C(C(=C1OC)C)CS(=O)C2=NC3=C(N2)C=C(C=C3)OC,Inactive,5,,,5
184,11533065,23663979,CC1([C@@H](N2[C@H](S1)[C@@H](C2=O)NC(=O)[C@@H](C3=CC=CC=C3)N)C(=O)[O-])C.[Na+],Inactive,5,,,5
185,17432517,241893,C1=CC(=CC=C1CSC2=NC(=NC3=C2N=CN3C4C(C(C(O4)CO)O)O)N)[N+](=O)[O-],Inactive,5,,,5
186,14719106,1212564,COC(=O)C1=CC=C(C=C1)C2=NC=C(O2)C3=CC=CC4=CC=CC=C43,Inactive,5,,,4.9
187,24793761,1493378,CC1=CC(=CC(=C1)NC2=NC3=C(N2)C(=O)N(C(=O)N3C)C)C,Inactive,5,,,4.9
188,855979,2955,C1=CC(=CC=C1N)S(=O)(=O)C2=CC=C(C=C2)N,Inactive,5,,,4.9
189,855792,6603108,CN1[C@@H]2CC(C[C@H]1[C@H]3[C@@H]2O3)OC(=O)[C@H](CO)C4=CC=CC=C4.Br,Inactive,5,,,4.9
190,24783649,16188204,C1CC1NC(=O)C2CCN(CC2)C3CCN(CC3)C(=O)CC4=CC=C(C=C4)F,Inactive,5,,,4.9
191,24786679,1371564,CCC1=CC=C(C=C1)/C=C\2/C(=O)N(C(=S)S2)CCC(=O)N3CCN(CC3)C,Inactive,5,,,4.9
192,14744680,4962065,CC1=C2CCCCC2=NC(=N1)N,Inactive,5,,,4.9
193,849283,651760,CN1C2=C(CN(CN2)CCC3=CC(=C(C=C3)OC)OC)C(=O)N(C1=O)C,Inactive,5,,,4.8
194,855859,15032,CC(=O)[C@H]1[C@@H](C[C@@H]2[C@@]1(CC[C@H]3[C@H]2CC=C4[C@@]3(CC[C@@H](C4)O)C)C)C#N,Inactive,5,,,4.8
195,26670865,7367736,COC1=CC=CC(=C1)N2C(=O)[C@@H]3[C@H](C2=O)NN=C3C(=O)C4=NC=CN=C4,Inactive,5,,,4.8
196,4255982,2946789,CC1(C2(CCC1(CC2=O)C(=O)NCC3=CC4=C(C=C3)OCO4)C)C,Inactive,5,,,4.8
197,855786,5702214,CCN(CC)CCNC(=O)C1=C(C=CC(=C1)S(=O)(=O)C)OC.Cl,Inactive,5,,,4.7
198,855747,94330,CCCCCCCC(=O)OCC(=O)[C@]1(CC[C@@H]2[C@@]1(C[C@@H]([C@H]3[C@H]2CCC4=CC(=O)CC[C@]34C)O)C)O,Inactive,5,,,4.7
199,855544,5018304,C1=CC=C(C(=C1)CC(=O)[O-])NC2=C(C=CC=C2Cl)Cl.[Na+],Inactive,5,,,4.7
200,24786737,874473,CC(C)(C)C1=CC=C(C=C1)/C=C/C(=O)N2CCCCC2,Inactive,5,,,4.7
201,26663012,6915727,CC1=C2[C@H](C(=O)[C@@]3([C@H](C[C@@H]4[C@]([C@H]3[C@@H]([C@@](C2(C)C)(C[C@@H]1OC(=O)[C@@H](C(C5=CC=CC=C5)NC(=O)C6=CC=CC=C6)O)O)OC(=O)C7=CC=CC=C7)(CO4)OC(=O)C)O)C)OC(=O)C,Inactive,5,,,4.6
202,26671058,1916439,CN1C2=C(C=C(C=C2)/C=C(/C(=O)O)\NC(=O)C3=CC=CC=C3)C4=CC=CC=C41,Inactive,5,,,4.6
203,4261283,755496,C1=CC=C(C=C1)C(=O)C2=COC3=C2C=C(C=C3)OCC(=O)O,Inactive,5,,,4.6
204,3713232,2668356,CS(=O)(=O)C1=CC=CC(=C1)C(=O)OC2=CC=CC=C2,Inactive,5,,,4.6
205,14743113,5028321,CCOC(=O)C1C(C(OC1=O)(C)C)C(C)C(=O)C2=CC=C(C=C2)C,Inactive,5,,,4.6
206,865987,68872,CC1=CC(=O)OC2=C1C=CC(=C2)OCC#C,Inactive,5,,,4.6
207,11533066,5963,C[N+](C)(C)CC1=CC=CC=C1.[Cl-],Inactive,5,,,4.6
208,855871,657346,C[C@H]1OC[C@H](O1)C[N+](C)(C)C.[I-],Inactive,5,,,4.6
209,7976352,2828670,CC1(CC2=C(C(C(=C(O2)N)C#N)C3=CC(=C(C=C3OC)OC)OC)C(=O)C1)C,Inactive,5,,,4.6
210,855890,3828,CC1=CC(=O)C2=C(C3=C(C(=C2O1)OC)OC=C3)OC,Inactive,5,,,4.5
211,24786421,16189158,CN1C=C(C(=N1)C2=CC=CC=C2F)CN3CCC(CC3)C(=O)N4CCCCC4,Inactive,5,,,4.5
212,24794281,5738656,CC1(C(OC(=O)C(C1=O)(C)C)/C=C\C2=CC=CC=C2)C,Inactive,5,,,4.5
213,24781931,3717793,CC1=NC(=CC2=CC(=C(C=C12)OC)OC)C3=CC=C(C=C3)OC,Inactive,5,,,4.5
214,855639,5320,CC(=O)NS(=O)(=O)C1=CC=C(C=C1)N,Inactive,4,,,4.5
215,24780771,5346271,CCOC1=CC=C(C=C1)C(=O)/C=C/C2=CC(=C(C(=C2)OC)OC)OC,Inactive,4,,,4.5
216,24790295,2884136,CC1=NN(C(C1)(C2=CC=CC=C2)O)C(=O)C3=CC=C(C=C3)Br,Inactive,4,,,4.5
217,24795702,2936153,C1CC(OC1)CN2C(=O)C3=C(C2=O)C=C(C=C3)NC(=O)COC4=CC=CC=C4,Inactive,4,,,4.5
218,22416944,808227,COC1=CC(=CC(=C1OC)OC)/C=C/C(=O)N2CCCC2,Inactive,4,,,4.4
219,26661366,5926982,COC1=CC(=C(C=C1)C(=O)/C=C/C2=CC(=CC3=C2OCOC3)C(=O)O)O,Inactive,4,,,4.4
220,26663153,3793,CCC(C)N1C(=O)N(C=N1)C2=CC=C(C=C2)N3CCN(CC3)C4=CC=C(C=C4)OCC5COC(O5)(CN6C=NC=N6)C7=C(C=C(C=C7)Cl)Cl,Inactive,4,,,4.4
221,846430,648819,COC1=C(C(=C(C=C1)C2C3CCCCC3(CCN2)O)OC)OC,Inactive,4,,,4.4
222,14745981,4088302,C1=CC=C2C(=C1)C=CC(=N2)C(=O)NCCOC(=O)C3=CC=C(C=C3)F,Inactive,4,,,4.4
223,26671483,1293594,C1=CC=C(C=C1)/C=C/2\C(=O)N(C(=N2)C3=CC=CC=C3)C4=CC=C(C=C4)C(=O)O,Inactive,4,,,4.4
224,847814,378227,COC1=CC2=C(C=C1)NC3=C2CCN4C3=NC5=CC=CC=C5C4=O,Inactive,4,,,4.4
225,853373,656029,CC(C)CC(C(=O)NCC(=O)N)NC(=O)C1CCCN1C(=O)OC(C)(C)C,Inactive,4,,,4.3
226,855975,6603067,CN1[C@@H]2CC[C@H]1CC(C2)OC(=O)C3C=NC4=CC=CC=C34.Cl,Inactive,4,,,4.3
227,849085,651556,C1CCN(C1)C(=O)CN2C(=O)C3CCC4=C(C3C2=O)C5=CC=CC=C5N4,Inactive,4,,,4.3
228,24790127,16189484,CC(C)OC1=C(C=C(C=C1)C2C3=C(CCN2)C4=CC=CC=C4N3)OC.Cl,Inactive,4,,,4.3
229,850020,652531,COC1=CC(=CC(=C1OC)OC)C2=NN=C(O2)C3=CC=CS3,Inactive,4,,,4.3
230,7976777,135400439,CC1=CC(=C(C(=O)O1)C2=NCCSC(C2)C3=C(C=C(C=C3)OC)OC)O,Inactive,4,,,4.3
231,11532955,15432,CCN(CC)C(=O)N1CCN(CC1)C.C(C(=O)O)C(CC(=O)O)(C(=O)O)O,Inactive,4,,,4.2
232,26662034,921265,COC1=CC(=C(C=C1)O)C2=NC3=CC=CC=C3N=C(C2)C4=CC=CC=C4,Inactive,4,,,4.2
233,24796216,2988678,C1CC1C2=NN(C(C2)(C(F)(F)F)O)C(=O)C3=CN=CC=C3,Inactive,4,,,4.2
234,24786680,1371626,C1=CC(=CC(=C1)Br)/C=C\2/C(=O)N(C(=S)S2)CC(=O)NC3=CN=CC=C3,Inactive,4,,,4.2
235,11532961,6852390,C[C@]12CCC(=O)C=C1[C@@H](C[C@@H]3[C@@H]2[C@H](C[C@]4([C@H]3CC[C@@]4(C(=O)CO)O)C)O)O,Inactive,4,,,4.2
236,22403205,2261569,CCOC1=CC=C(C=C1)N2C(=O)/C(=C/C3=CC(=C(C=C3[N+](=O)[O-])OC)OC)/C(=O)NC2=O,Inactive,4,,,4.2
237,855821,4100,CC(=O)N=C1N(N=C(S1)S(=O)(=O)N)C,Inactive,4,,,4.2
238,14728184,902475,C1=CC=C(C=C1)[C@H](CNC[C@@H](C2=CC=CC=C2)O)O,Inactive,4,,,4.2
239,7976733,9568612,CC(=CCC/C(=C/CC/C(=N/O)/C)/C)C,Inactive,4,,,4.1
240,14741441,15723,C1CNCCC1C(C2=CC=CC=C2)(C3=CC=CC=C3)O,Inactive,4,,,4.1
241,7965360,650307,CC12CN3CC(C1=O)(CN(C2)C3C4=CNC5=C4C=C(C=C5)OC)C,Inactive,4,,,4.1
242,4255289,5348533,CCC1=CC2=C(C=C1O)OC(=O)C3=C2CCCC3,Inactive,4,,,4.1
243,24808444,2941112,CC1=CC(=O)OC2=C1C=CC(=C2)N3C(=O)CC(C3=O)CC4=CC(=CC=C4)OC,Inactive,4,,,4.1
244,26658452,6059482,COC1=CC=C(C=C1)C2=COC3=C(C2=O)C=CC(=C3CN4CCOCC4)O,Inactive,4,,,4.1
245,855681,108003,C[C@H]1CCCC(=O)CCCCCC2=C(C(=CC(=C2)O)O)C(=O)O1,Inactive,4,,,4.1
246,4264329,2857305,COC1=CC=CC=C1CN2CCCCC2C3=CN=CC=C3,Inactive,4,,,4
247,855691,1820,C1=CC2=C(C=C1F)C=C(N2)C(=O)O,Inactive,4,,,4
248,4247202,3241435,CC1=CC(=O)OC(=C1C(=O)NCCC(C)C)C,Inactive,4,,,4
249,8139969,24239,C1=CC2=C(C=C1[N+](=O)[O-])NN=C2,Inactive,4,,,4
250,24796073,2935932,CC1CN(CC(O1)C)CCCCOC2=CC=C(C=C2)C(=O)OC.C(=O)(C(=O)O)O,Inactive,4,,,4
251,17513167,3733715,CC1=NN=C2C1C(C(C(C2)(C)O)C(=O)C)C3=CC=C(C=C3)OC,Inactive,4,,,4
252,855534,68551,CN1CCN2C(C1)C3=CC=CC=C3CC4=CC=CC=C42.Cl,Inactive,4,,,4
253,855578,9279,CC(C)[N+](C)(CCOC(=O)C1C2=CC=CC=C2OC3=CC=CC=C13)C(C)C.[Br-],Inactive,4,,,4
254,4257642,1785228,CC1=CC(N(C2=CC3=C(C=C12)OCO3)C(=O)C4=CC=C(C=C4)OC)(C)C,Inactive,4,,,4
255,24815327,1392130,CC(C)CCN1C2=C(N=C1N3CCC4=CC=CC=C4C3)N(C(=O)NC2=O)C,Inactive,4,,,4
256,855787,657301,CC(C)(C)NCC(C1=CC(=CC(=C1)O)O)O.OS(=O)(=O)O,Inactive,4,,,3.9
257,17412004,1271047,C1=CC=C(C=C1)CCC2=CC=CC=C2C(=O)NC3=CC=CC=C3,Inactive,4,,,3.9
258,855909,92913,CC(CC1=CC=CC=C1)N(C)CC#C.Cl,Inactive,4,,,3.9
259,3714466,2998812,CC1=C(CC2C(C1)C(=O)N(C2=O)C3=CC=CC=C3OC)C,Inactive,4,,,3.9
260,24785277,16188776,COC1=C(C=C(C=C1)CN2CCCC(C2)C(=O)C3=CC=C(C=C3)Cl)CN4C=CC=N4,Inactive,4,,,3.9
261,24787322,2268693,CC(C)CC(=O)NC(C1=CC(=CC=C1)[N+](=O)[O-])NC(=O)CC(C)C,Inactive,4,,,3.9
262,24806861,567207,CC12CCC3C(C1CCC2=O)CC=C4C3(CCC5(C4)OCCO5)C,Inactive,4,,,3.9
263,855584,5388961,CCOC(=O)[C@H](CCC1=CC=CC=C1)N[C@@H](C)C(=O)N2CCC[C@H]2C(=O)O.C(=C\C(=O)O)\C(=O)O,Inactive,4,,,3.9
264,24786675,2269063,CC1CCN(CC1)CCOCCOC2=CC=CC=C2Br,Inactive,4,,,3.9
265,858012,4891,C1CCC(CC1)C(=O)N2CC3C4=CC=CC=C4CCN3C(=O)C2,Inactive,4,,,3.9
266,24782957,6258018,COC1=C(C(=C(C=C1)/C=C/2\CCC3=CC=CC=C3C2=O)OC)OC,Inactive,4,,,3.9
267,11532873,6060,CC(=O)OCC[N+](C)(C)C.[Cl-],Inactive,4,,,3.8
268,855832,65327,CNCCCN1C2=CC=CC=C2CCC3=CC=CC=C31.Cl,Inactive,4,,,3.8
269,14724461,3107510,CC1(CC2=C(C(NC3=C2C4=CC=CC=C4C=C3)C5=CC=CO5)C(=O)C1)C,Inactive,4,,,3.8
270,4243530,525,C(C(C(=O)O)O)C(=O)O,Inactive,4,,,3.8
271,857843,659194,COC(=O)C1=CN(C(=O)C=C1)CC2=CC=CO2,Inactive,4,,,3.8
272,24796043,2987188,CC1=CC=C(C=C1)CSCC(=O)NCCCN2CCOCC2,Inactive,4,,,3.8
273,24790128,16189485,CC1=CCC(CC1)C2C3=C(CCN2)C4=C(N3)C=CC(=C4)OC.Cl,Inactive,4,,,3.8
274,11532897,493591,C([C@@H]1[C@H]([C@@H]([C@H]([C@H](O1)O[C@H]([C@@H](CO)O)[C@@H]([C@H](CO)O)O)O)O)O)O,Inactive,4,,,3.8
275,24786670,755382,CC1CCN(CC1)C(=O)OC2=CC=CC=C2,Inactive,4,,,3.8
276,24806939,23669599,C1=CC=C2C(=C1)C(=CN2)CCNC(=O)OCCSS(=O)(=O)[O-].[Na+],Inactive,4,,,3.7
277,26659784,4895765,CC1=C(C=CC2=C1OC(=O)C3=C2CCC3)OCC(=O)NC(CC4=CNC5=C4C=C(C=C5)O)C(=O)O,Inactive,4,,,3.7
278,14723875,460749,CN1C2=NC(=O)N(C(=O)C2=NC(=N1)C3=CC=C(C=C3)Cl)C,Inactive,4,,,3.7
279,855690,5479,CCS(=O)(=O)CCN1C(=NC=C1[N+](=O)[O-])C,Inactive,4,,,3.7
280,49734167,445154,C1=CC(=CC=C1/C=C/C2=CC(=CC(=C2)O)O)O,Inactive,4,,,3.7
281,856146,66259,CC1=CC(=C(C(=C1CC2=NCCN2)C)O)C(C)(C)C.Cl,Inactive,4,,,3.7
282,17505899,1619887,COC1=CC=CC=C1C2=C(OC3=C(C2=O)C=CC(=C3)OC(=O)C4=CC=C(C=C4)[N+](=O)[O-])C(F)(F)F,Inactive,4,,,3.7
283,861201,662457,CCCCCCC(=O)N(C1CC(=O)N(C1=O)CC2=CC=CC=C2)O,Inactive,4,,,3.7
284,8139934,120160,C1=C(NC=N1)CCN.Cl,Inactive,4,,,3.7
285,855722,16574,CC(=O)OC[C@@H]1[C@H]([C@H]([C@@H](O1)N2C(=O)NC(=O)C=N2)OC(=O)C)OC(=O)C,Inactive,4,,,3.7
286,17403297,5285453,CC1=CC(=CC=C1)C2=N/C(=C\C3=CN=CC=C3)/C(=O)O2,Inactive,4,,,3.7
287,16953257,135411809,CC1=NC2=CC3=CC=CC=C3C=C2C(=O)N1,Inactive,4,,,3.7
288,855961,6084,COC1=C(C=C(C=C1)CC2=NC=CC3=CC(=C(C=C32)OC)OC)OC.Cl,Inactive,4,,,3.7
289,855969,3559,C1CN(CCC1(C2=CC=C(C=C2)Cl)O)CCCC(=O)C3=CC=C(C=C3)F,Inactive,4,,,3.7
290,8139979,774,C1=C(NC=N1)CCN,Inactive,4,,,3.7
291,24786353,16189127,C1CN(CCN(C1)C(=O)C2=CC=CO2)CC3=NC(=NO3)C4=CC5=C(C=C4)OCO5,Inactive,4,,,3.6
292,24796196,2988193,C1COC2=C(O1)C=C(C(=C2)[N+](=O)[O-])C(=O)C3=CC=CC=C3F,Inactive,4,,,3.6
293,26665446,1599825,C1=CC=C(C(=C1)C(=O)NCCCCCC2=NC3=CC=CC=C3N2)Cl,Inactive,4,,,3.6
294,24784697,1221824,CCN(CC)C(=O)C1=C(C(=C(S1)NC(=O)C2=C(C=CC=C2OC)OC)C#N)C,Inactive,4,,,3.6
295,24784420,16188435,CC(C)CN1CCN(CC1CCO)CC2=CC=CN2C3=CC=CC=N3,Inactive,4,,,3.6
296,8139893,27833,CCOC1C=CC2=CC=CC=C2N1C(=O)OCC,Inactive,4,,,3.6
297,14742468,1954694,COC1=CC2=C(C=C1)C(=CC(=O)O2)CC(=O)NCC3CCC(CC3)C(=O)O,Inactive,4,,,3.6
298,22403161,589050,C1=CC=C2C(=C1)NC(=N2)CCS(=O)(=O)C3=CC=C(C=C3)Cl,Inactive,4,,,3.5
299,855628,2315,C1=CC=C(C=C1)CC2NC3=C(C=C(C(=C3)C(F)(F)F)S(=O)(=O)N)S(=O)(=O)N2,Inactive,4,,,3.5
300,856003,3374,CC1CCC2=C3N1C=C(C(=O)C3=CC(=C2)F)C(=O)O,Inactive,4,,,3.5
301,8139870,15818,C[C@]12CC[C@H](C[C@@H]1CC[C@@H]3[C@@H]2CC[C@]4([C@H]3CC[C@@H]4O)C)O,Inactive,4,,,3.5
302,4264034,5738492,CC1CC2=C(O1)C=CC(=C2)/C(=C\3/C(N(C(=O)C3=O)CCCOC)C4=CN=CC=C4)/O,Inactive,4,,,3.5
303,7975352,2275799,C1=CC=C(C(=C1)C(=O)O)C(=O)OCCCCOC(=O)C2=CC=CC=C2C(=O)O,Inactive,4,,,3.5
304,17414670,2928562,C1=CC=C(C=C1)C(CCN(CC2=CC=CO2)C(=O)C3=CC=CO3)C4=CC=CO4,Inactive,4,,,3.5
305,4242765,3237578,CC(C)COC(=O)C1C(C(C(CC1=O)(C)O)C(=O)OCC(C)C)C2=CN=CC=C2,Inactive,4,,,3.5
306,24779338,3667066,C1=CC(=C2C(=C1)N(N=N2)C3C(C(C(C(O3)CO)O)O)O)N,Inactive,4,,,3.5
307,855694,667476,C/C=C(/C(=C/C)/C1=CC=C(C=C1)O)\C2=CC=C(C=C2)O,Inactive,3,,,3.5
308,14718837,4199311,CN1CCC2=CC3=C(C(=C2C1C4C5=C(C=CC(=C5OC)OC)C(=O)O4)OC)OCO3,Inactive,3,,,3.5
309,24804613,16192675,C[N+](C)(C)CCC1=CC(=C(C=C1/C=C\C2=CC(=C(C=C2)OC)OC)OC)OC.[I-],Inactive,3,,,3.5
310,845401,36339,CCOC(=O)C1=CN=CN1C(C)C2=CC=CC=C2,Inactive,3,,,3.5
311,11533017,6852401,C[C@H]1[C@@H]([C@H]([C@H]([C@@H](O1)O[C@H]2C[C@H]([C@@]3([C@@H]4[C@@H](CC[C@@]3(C2)O)[C@]5(CC[C@@H]([C@]5(C[C@H]4O)C)C6CC(=O)OC6)O)CO)O)O)O)O,Inactive,3,,,3.5
312,855695,298107,CN(C)CCOC1=CC=CC=C1CC2=CC=CC=C2.C(C(=O)O)C(CC(=O)O)(C(=O)O)O,Inactive,3,,,3.4
313,855541,5281004,CCCC1O[C@@H]2C[C@H]3[C@@H]4CCC5=CC(=O)C=C[C@@]5([C@H]4[C@H](C[C@@]3([C@@]2(O1)C(=O)CO)C)O)C,Inactive,3,,,3.4
314,14739274,2864110,COC1=CC=C(C=C1)C(=O)CC2C3=C(C(=C(C=C3)OC)OC)C(=O)O2,Inactive,3,,,3.4
315,855889,5702162,CC(C1=CC=CC=C1)NCCC(C2=CC=CC=C2)C3=CC=CC=C3.Cl,Inactive,3,,,3.4
316,7976601,760847,CC1=C(C(=O)C2=C(N1)C(=CC=C2)OC)C/C=C(/C)\Cl,Inactive,3,,,3.4
317,855730,443980,C[C@@H]1C[C@H]2[C@@H]3C[C@@H](C4=CC(=O)C=C[C@@]4([C@]3([C@H](C[C@@]2([C@]1(C(=O)COC(=O)C(C)(C)C)O)C)O)F)C)F,Inactive,3,,,3.4
318,11533046,439647,CC1=CC=C(C=C1)S(=O)(=O)N[C@@H](CC2=CC=CC=C2)C(=O)CCl,Inactive,3,,,3.4
319,855724,9642,CC(=O)OCC(=O)[C@@]12[C@@H](C[C@@H]3[C@@]1(C[C@@H]([C@]4([C@H]3C[C@@H](C5=CC(=O)C=C[C@@]54C)F)F)O)C)OC(O2)(C)C,Inactive,3,,,3.4
320,24780215,16187262,CC(C1=CC=CC=C1)NC(=O)C2=CC=C(C=C2)OC3CCN(CC3)CC4=CC=CC=N4,Inactive,3,,,3.4
321,24795502,2133315,CN1C(=NN=C1SCC(=O)C2=CC=CC=C2)C3=CC=NC=C3,Inactive,3,,,3.4
322,24837047,2514575,CN(C1=CC=CC=C1)S(=O)(=O)C2=CC=C(C=C2)C(=O)N3CCC4=CC(=C(C=C4C3)OC)OC,Inactive,3,,,3.4
323,858723,660030,C/C(=C\1/[C@H]2[C@H](C2(C)C)CC1=O)/NC(=O)C3=CC=CS3,Inactive,3,,,3.4
324,855573,5327,CC1=CC(=NC(=N1)NS(=O)(=O)C2=CC=C(C=C2)N)C,Inactive,3,,,3.4
325,26659422,7005445,C1[C@H]2C(=O)N(CC(=O)N2CS1)CC3=CC=C(C=C3)F,Inactive,3,,,3.4
326,26659511,2939671,CC1(CC(CCO1)CNCCC(C2=CC=C(C=C2)F)C3=CC=CO3)C,Inactive,3,,,3.4
327,24834203,717814,C1=CC=C(C=C1)COC2=CC=CC(=C2)/C=C/C(=O)O,Inactive,3,,,3.3
328,17507487,3119442,COC1=CC(=CC(=C1)C=NCC2C3=CC=CC=C3CCO2)OC,Inactive,3,,,3.3
329,11532954,5311493,CCCCC[C@@H](/C=C/[C@H]1[C@H]2C[C@@H]([C@@H]1C/C=C\CCCC(=O)O)CO2)O,Inactive,3,,,3.3
330,24811439,5293019,CC1=C(/C(=C/C2=CC=CS2)/C(=O)N1CCCOC)C(=O)OC,Inactive,3,,,3.3
331,14743258,306804,CC(=O)N1C(OC(=O)C2=CC=CC=C21)C3=CC=C(C=C3)OC(=O)C,Inactive,3,,,3.3
332,24795856,2936725,CC(C)(C)C(=O)NCCCNC1=CC=C(C=C1)[N+](=O)[O-],Inactive,3,,,3.3
333,8139891,6256,C1[C@@H]([C@H](O[C@H]1N2C=C(C(=O)NC2=O)C(F)(F)F)CO)O,Inactive,3,,,3.3
334,14723952,684308,CC1=CC2=C(C=C1)N(C3=C2CCCC3=O)C,Inactive,3,,,3.3
335,855625,117176,CCC(C1=CC=CC=C1)C(=O)OCCN(CC)CC.C(C(=O)O)C(CC(=O)O)(C(=O)O)O,Inactive,3,,,3.3
336,855737,7419,C1=CC(=CC(=C1)N)C(=O)O,Inactive,3,,,3.3
337,24786150,16188957,CCOC(=O)N1CCN(CC1)CC2=NC(=NO2)CC3=CC(=CC=C3)F,Inactive,3,,,3.3
338,855725,657272,C[N+](C)(C)CCOP(=O)([O-])OC[C@@H](CO)O,Inactive,3,,,3.2
339,14737999,6620587,CC1=CC2=CC(=C(C=C2C(=N1)CC3=CC=CC4=CC=CC=C43)OC)OC,Inactive,3,,,3.2
340,24809559,819946,C1=CC=C2C(=C1)C(=CN2CC3=CC=C(C=C3)F)C=O,Inactive,3,,,3.2
341,26660915,2894220,C1CCN(C(C1)C2=CN=CC=C2)S(=O)(=O)C3=CC=C(C=C3)F,Inactive,3,,,3.2
342,26658870,2869371,CC1=CC2=C3C(=C(N=C2C=C1)C)CC(O3)C(C)(Cl)Br,Inactive,3,,,3.2
343,22403160,5345916,CC1=C(C=C(O1)/C=N/NC(=O)CC2(OCCO2)C)Br,Inactive,3,,,3.2
344,24790342,2884295,CCOC(=O)C1C(C(=NN1)C(=O)C2=CC=CC=C2)C3=CC=C(C=C3)Cl,Inactive,3,,,3.2
345,24819701,44601734,CC12CC[C@H]3[C@H](C1(CCC2C4=CC(=O)OC4)O)CCC5(C3(CC[C@H](C5)O)/C=N/NC(=O)CC6=CC=CC=C6)O,Inactive,3,,,3.2
346,14725941,3155709,CCOCCN1C2=CC=CC=C2N=C1C(C)O,Inactive,3,,,3.1
347,24804117,2893535,CN1C2=C(C(C3=C(N2)C4=CC=CC=C4C3=O)C5=CC=C(C=C5)O)C(=O)NC1=O,Inactive,3,,,3.1
348,855688,5994,CC(=O)[C@H]1CC[C@@H]2[C@@]1(CC[C@H]3[C@H]2CCC4=CC(=O)CC[C@]34C)C,Inactive,3,,,3.1
349,17401720,11957159,C1=CC=C2C(=C1)C(=N)C=CN2CC(=O)NC(=O)N.Cl,Inactive,3,,,3.1
350,24801047,677363,C1=CC=C2C(=C1)N(C(=S)N2CCC(=O)O)CCC(=O)O,Inactive,3,,,3.1
351,26659695,3795985,CC1(CC(CCO1)C(CC2=CC=CC=C2)CC(=O)N3CCCC3)C,Inactive,3,,,3.1
352,24795858,1280475,COC1=CC=C(C=C1)C(=O)NC(=O)NC2(OCCO2)C(Cl)(Cl)Cl,Inactive,3,,,3.1
353,11533038,4583,CC1COC2=C3N1C=C(C(=O)C3=CC(=C2N4CCN(CC4)C)F)C(=O)O,Inactive,3,,,3.1
354,855753,6081,CC(C(C1=C(C=CC(=C1)OC)OC)O)N.Cl,Inactive,3,,,3.1
355,14730858,708276,CC1=C(C2=C(O1)C=CC(=C2)OC(=O)C3=CC=CS3)C(=O)OC(C)C,Inactive,3,,,3.1
356,26663162,3709420,CC1=CC(=CC=C1)NC(=O)C(C(C(COC(=O)C)OC(=O)C)OC(=O)C)OC(=O)C,Inactive,3,,,3.1
357,24780218,16187265,CC1=C(NC2=C1C=C(C=C2)OC)CN3CCN(C(C3)CCO)CC(C)C,Inactive,3,,,3.1
358,24783694,16188226,CC(C)CCC1=NOC(=N1)CN2CCC(CC2)CCN3CCCC3=O,Inactive,3,,,3.1
359,22404102,1185329,CC1=CC(=O)OC2=C1C=CC(=C2C(=O)C)OC(=O)C3=CC=C(C=C3)OC,Inactive,3,,,3
360,26662211,846516,C1COCCC1(CNC(=O)/C=C/C2=CC=CC=C2)C3=CC=CC=C3,Inactive,3,,,3
361,8139913,74143,CC1=CSC(=N1)N,Inactive,3,,,3
362,24795721,1739236,CC(=O)NC1=CC=C(C=C1)S(=O)(=O)OC2=CC=CC=C2OC,Inactive,3,,,3
363,22414857,3024525,C1CCN(C1)CCOC(C2=CC=C(C=C2)F)C3=CC=C(C=C3)Br.Cl,Inactive,3,,,3
364,8139965,936,C1=CC(=CN=C1)C(=O)N,Inactive,3,,,3
365,24787390,6075631,CC1=CC=C(O1)/C=C/C(=O)C,Inactive,3,,,3
366,24795643,888433,CCNC(=S)NC1=CC=C(C=C1)OC(F)(F)F,Inactive,3,,,3
367,24809454,3156997,C1=CC=C(C=C1)C(CCNC(=O)C2=CC=CS2)C3=CC=CO3,Inactive,3,,,3
368,14725412,3108051,CC(=CCCC1=CCC2C(C1)C(=O)NNC2=O)C,Inactive,3,,,3
369,14738969,107936,COC1=CC=CC2=C1N=C3C(=C2OC)C=CO3,Inactive,3,,,3
370,24809667,16192979,CC[N+]1(CC2CC3=CC=CC=C3C=C2C1)CC.[Br-],Inactive,3,,,3
371,4261935,2979757,CC1(C2(CCC1(OC2=O)C(=O)NCC3=CC=CC=N3)C)C,Inactive,3,,,3
372,855743,88012,C1=CC2=C(C=C1N)C=NN2,Inactive,3,,,2.9
373,14734055,2849091,CC1(CC2=CC(=C(C=C2C(=S)N1)OC)OC)C,Inactive,3,,,2.9
374,866102,667361,COC1=C(C(=C(C=C1)C2NC(=O)C3=CC=CC=C3O2)OC)OC,Inactive,3,,,2.9
375,17407751,1894921,CC1=CC=C(C=C1)N=C2C=C(OC3=CC=CC=C32)C4=CC=C(C=C4)OC,Inactive,3,,,2.9
376,862425,663650,CC(C)C[C@@H](C(=O)O)NC(=O)NC(C)C,Inactive,3,,,2.9
377,4260630,728809,COC1=CC(=C(C=C1)OC)C2=C(C(=O)C3=CC=CC=C3O2)O,Inactive,3,,,2.9
378,24801169,2859378,COC1=CC=C(C=C1)C2C3=CC(=C(C=C3CC(=O)O2)OC)OC,Inactive,3,,,2.9
379,24785253,16188765,CC(C)CC1C2=C(CCN1C(=O)CCC(=O)N(C)C)C3=CC=CC=C3N2,Inactive,3,,,2.9
380,8139975,223368,C[C@]12CC[C@H]3C(=CCC4=C3C=CC(=C4)O)[C@@H]1CCC2=O,Inactive,3,,,2.9
381,855838,5824,CN(C)C(=O)OC1=CC=CC(=C1)[N+](C)(C)C.COS(=O)(=O)[O-],Inactive,3,,,2.9
382,26667435,655363,CC(=O)OC1=C2C(C3=C(N=C2C4=CC=CC=C41)N(C(=O)N(C3=O)C)C)C5=CC=C(C=C5)OC,Inactive,3,,,2.9
383,7978062,3858008,C1=CC=C2C(=C1)C3N(C(=O)C4=CC=CC=C4N3C2=O)CC5=CC=CO5,Inactive,3,,,2.8
384,24786688,16189241,C1CN(CCN1CC2=CC3=C(C=C2)OCO3)CC(COCC4=CC=CC=C4)O.Cl,Inactive,3,,,2.8
385,24834895,123191,CN1C2=CC=CC=C2N(C1=S)C,Inactive,3,,,2.8
386,24837349,91637,CC1=CC=CC=C1C(=O)NCC(=O)O,Inactive,3,,,2.8
387,24785968,135426281,CC1=C/C(=N\N=C/2\NC(=O)C(S2)CC(=O)NC3=CC=CC=C3F)/CC(C1)(C)C,Inactive,3,,,2.8
388,24787294,76659,COC1=CC2=C(C=C1)C=CN2,Inactive,3,,,2.8
389,24794209,1314399,CC(C)C1=CC=C(C=C1)NC(=O)CNS(=O)(=O)C2=CC=C(C=C2)F,Inactive,3,,,2.8
390,24790631,16189577,CC(C)CC(C(=O)O)NC(=O)CNC(=O)C1[C@H]2[C@@H]([C@@H]3[C@H](O1)OC(O3)(C)C)OC(O2)(C)C,Inactive,3,,,2.8
391,11532975,8956,C[C@@H]([C@H]1CC[C@@H]2[C@@]1(CC[C@H]3[C@H]2CCC4=CC(=O)CC[C@]34C)C)O,Inactive,3,,,2.8
392,11532956,448222,CCNC(=O)[C@@H]1[C@H]([C@H]([C@@H](O1)N2C=NC3=C(N=CN=C32)N)O)O,Inactive,3,,,2.8
393,11533049,8695,CCCCNC1=CC=C(C=C1)C(=O)OCCN(C)C.Cl,Inactive,3,,,2.7
394,855810,6364669,C[C@H]1CCC/C=C/C2C[C@@H](CC2[C@@H](/C=C/C(=O)O1)O)O,Inactive,3,,,2.7
395,24814815,16194490,COC1=CC=CC=C1C(=O)C2=CC3=C(C=C(C=C3)O)OC2=O,Inactive,3,,,2.7
396,24790347,5347411,C1COCCN1C2=C(C=C(C=C2)[N+](=O)[O-])/C=N\NC(=O)C3=CC=CC=N3,Inactive,3,,,2.6
397,26666300,3837201,C1CN2CC3=CC=CC=C3N=C2C1OC(=O)NC4=CC=C(C=C4)OC5=C(C(=C(C(=C5F)F)F)F)F,Inactive,3,,,2.6
398,24784951,64658,C[N+]1(C2CCC1CC(C2)OC(=O)C(CO)C3=CC=CC=C3)C.[I-],Inactive,3,,,2.6
399,24819794,2768260,C1CCC2=C(C1)C=C(C(=O)N2)C#N,Inactive,3,,,2.6
400,852613,6602605,C1CCC(C1)(C2=CC=CC=C2)C(=O)OCCN3CCCC3.Cl,Inactive,3,,,2.6
401,11532876,6852380,CN(C)CCC(C1=CC=CC=C1)C2=CC=CC=N2.C(=C/C(=O)O)\C(=O)O,Inactive,3,,,2.6
402,24795716,2185438,CC(C)C1=CC=CC=C1OCCNC(=S)NC(=O)C2=CN=CC=C2,Inactive,3,,,2.6
403,24789608,54680870,CC1=CC2=C(C=C1)NC(=O)C(=C2O)CC3=CC=CC=C3,Inactive,3,,,2.6
404,7976225,776045,CC1=CC2=C(C=C1)OC=C(C2=O)C(=O)C3=CC=CO3,Inactive,3,,,2.6
405,8139875,938,C1=CC(=CN=C1)C(=O)O,Inactive,3,,,2.5
406,855661,9568,CC1=CC=CC=C1C(C2=CC=CC=C2)OCCN(C)C.Cl,Inactive,3,,,2.5
407,26671481,580499,CC(C)C1=CC=C(C=C1)OCC2=CC=C(O2)C(=O)O,Inactive,3,,,2.5
408,24786674,5348400,C1=CC=C(C=C1)/C=C/C(=O)O/N=C(/C2=CC=C(C=C2)Br)\N,Inactive,3,,,2.5
409,14724802,2865279,CC1=CC2(C(=CC1=O)N(CCO2)CCO)O,Inactive,3,,,2.5
410,864479,665724,C1CC2=C(C1)C(=O)OC3=C2C=CC(=C3)OCC(=O)N4CCC(CC4)C(=O)O,Inactive,3,,,2.5
411,855702,28061,CC1=NC=C(N1CC(CCl)O)[N+](=O)[O-],Inactive,2,,,2.5
412,856000,62969,CC(C)C(CCCN(C)CCC1=CC(=C(C=C1)OC)OC)(C#N)C2=CC(=C(C=C2)OC)OC.Cl,Inactive,2,,,2.5
413,24834160,273366,C1=CC=C(C=C1)COC(=O)CC(C(=O)O)NC(=O)OCC2=CC=CC=C2,Inactive,2,,,2.5
414,8139933,5147,C1=CC=C(C(=C1)C(=O)N)O,Inactive,2,,,2.5
415,24785441,16188830,C1CC(CN(C1)C(=O)CCN2CCCO2)C(=O)C3=CC=CC4=CC=CC=C43,Inactive,2,,,2.5
416,14728151,9549725,CO[C@H]1[C@@H]([C@@H](O[C@H]2[C@@H]1OC(OC2)C3=CC=CC=C3)OC)O,Inactive,2,,,2.5
417,7973423,592265,C1CCN2CCCC(C2C1)COC(=O)NC3=CC=CC=C3,Inactive,2,,,2.5
418,7977198,2898250,CC1(C2(CCC1(OC2=O)C(=O)NC3=CC=C(C=C3)C(=O)OC)C)C,Inactive,2,,,2.4
419,26661198,9660909,CCOC1=CC2=C(N=C(N=C2C=C1)N/C(=N/S(=O)(=O)C)/N)C,Inactive,2,,,2.4
420,24808467,539260,CC(=O)OCC(=O)C1=CCC2C1(CC(C3(C2CCC4=CC(=O)C=CC43C)F)OC(=O)C)C,Inactive,2,,,2.4
421,855728,66068,CCN(CC)CCNC(=O)C1=CC=C(C=C1)N.Cl,Inactive,2,,,2.4
422,855995,5280388,CCCCC[C@@H](/C=C/C1=C(C(=O)CC1)CCCCCCC(=O)O)O,Inactive,2,,,2.4
423,14732523,2830804,C1=CC=C(C=C1)C(C2=C(SC3=CC=CC=C3C2=O)O)C4=C(SC5=CC=CC=C5C4=O)O,Inactive,2,,,2.4
424,50085441,7204,CC1=C(C=CC(=C1)Cl)OCC(=O)O,Inactive,2,,,2.4
425,3712581,94097,CC(=O)OC1=C(C=C(C=C1)C(=O)O)OC(=O)C,Inactive,2,,,2.4
426,855714,12035,CC(=O)N[C@@H](CS)C(=O)O,Inactive,2,,,2.4
427,24786734,1371654,C1=CC(=CC(=C1)Br)/C=C/2\C(=O)N(C(=S)S2)CCCC(=O)NC3=CN=CC=C3,Inactive,2,,,2.4
428,26665686,224652,CC1=NC=C(C(=C1N)C(=O)O)C(=O)O,Inactive,2,,,2.4
429,855548,657201,CCCC(CCC)C(=O)OC1C[C@H]2CC[C@@H](C1)[N+]2(C)C.[Br-],Inactive,2,,,2.3
430,24786683,879111,C1=CC=C(C=C1)C2=CC(=NC(=N2)N3C=CC=N3)C4=CC=C(C=C4)F,Inactive,2,,,2.3
431,24786681,2886887,COC1=C(C=C(C=C1)C2CC(=NN2C(=O)C3=CC=CC=C3)C4=CC=C(C=C4)[N+](=O)[O-])OC,Inactive,2,,,2.3
432,24782965,23669145,CC1=C(C(=NO1)C2=C(C=CC=C2Cl)Cl)C(=O)NC3C4N(C3=O)C(C(S4)(C)C)C(=O)[O-].[Na+],Inactive,2,,,2.3
433,857857,659206,C1CC(=O)N(C1)CCCN2C=NC3=C(C2=O)NC4=C3C=C(C=C4)F,Inactive,2,,,2.3
434,855614,4539,CCN1C=C(C(=O)C2=CC(=C(C=C21)N3CCNCC3)F)C(=O)O,Inactive,2,,,2.3
435,8139912,338,C1=CC=C(C(=C1)C(=O)O)O,Inactive,2,,,2.3
436,856836,658196,C1CCC2=C(NC(=O)C(=C2C1)C#N)C3=CC=CC=C3,Inactive,2,,,2.3
437,24840989,5389991,CC1=CC(=CC2=C1NC(=O)[C@]23[C@H]4[C@@H]([C@H]5N3CCC5)C(=O)N(C4=O)CC6=CC=CC=C6)Cl,Inactive,2,,,2.3
438,3717588,854958,CCC1=CC(=C(C=C1O)O)C2=C(C=NN2)C3=CC4=C(C=C3)OCO4,Inactive,2,,,2.3
439,14731540,2898369,CC1C2=CC(=C(C=C2CCN1C(=O)C3=CC=CO3)O)OC,Inactive,2,,,2.3
440,11533012,5702223,CN(C)CC/C=C/1\C2=CC=CC=C2SC3=C1C=C(C=C3)Cl.Cl,Inactive,2,,,2.3
441,24795711,1266017,CC(=O)NC1=NC(=C(S1)C2=CC=C(C=C2)OC)C3=CC=C(C=C3)OC,Inactive,2,,,2.3
442,4264320,1331320,CC1=CC2=C(C=C1)N=C(C=C2C(=O)N3CCOCC3)C4=CC=C(C=C4)OC,Inactive,2,,,2.3
443,855642,460129,C([C@@H](C(=O)O)N)OC(=O)C=[N+]=[N-],Inactive,2,,,2.3
444,17431792,692389,C1=CC=C(C=C1)CCNC(=O)/C=C/C2=CC=C(C=C2)Cl,Inactive,2,,,2.3
445,17412130,1926154,COC1=C(C(=CC(=C1)/C=C/C(=O)O)S(=O)(=O)NCCCO)OC,Inactive,2,,,2.3
446,24819327,4559992,COC1=C(C=C(C=C1)C2C3=C(CC(N2)C(=O)O)C4=CC=CC=C4N3)CN5CCN(CC5)C6=CC=C(C=C6)F,Inactive,2,,,2.2
447,24795908,754097,COC1=CC=C(C=C1)N2CCN(CC2)C(=S)NCC3=CC=CC=C3,Inactive,2,,,2.2
448,855764,3899,CC1=C(C=NO1)C(=O)NC2=CC=C(C=C2)C(F)(F)F,Inactive,2,,,2.2
449,865490,666744,CC1(CC2=NC3=C(C=C2CO1)C4=C(O3)C(=NC=N4)NCC5=CC=CC=C5)C,Inactive,2,,,2.2
450,11533018,6419921,CN(C)CC/C=C/1\C2=CC=CC=C2COC3=CC=CC=C31.Cl,Inactive,2,,,2.2
451,11532999,2482,CCCCOC(=O)C1=CC=C(C=C1)N,Inactive,2,,,2.2
452,22415807,842067,CC1=CC=C(O1)C2=NC3=CC=CC=C3C(=C2)C(=O)OC,Inactive,2,,,2.2
453,26658102,135675868,CC1=CC(=C\2C(=C1)OC=C(/C2=N/N)C3=CSC(=N3)C)O,Inactive,2,,,2.2
454,7977536,739444,COC1=CC2=C(C=C1)C(=O)C=C(O2)C(=O)OC,Inactive,2,,,2.2
455,4264165,975410,C1COC2=C(O1)C=CC(=C2)C(=O)CS(=O)(=O)C3=CC=CC=C3,Inactive,2,,,2.2
456,26658543,1427781,CC(C)N(CC1=CC2=C(C=CC(=C2)OC)NC1=O)C(=O)C3=CC=CO3,Inactive,2,,,2.1
457,858003,659350,CC1=CC2=C(C=C1)NC(=C2NC(=O)CN3CCC4=CC(=C(C=C4C3)OC)OC)C(=O)OC,Inactive,2,,,2.1
458,855985,20469,C[C@H]1C[C@H]2[C@@H]3CCC4=CC(=O)C=C[C@@]4([C@]3([C@H](C[C@@]2([C@]1(C(=O)CO)O)C)O)Cl)C,Inactive,2,,,2.1
459,11533001,3335,C1=CC=C(C=C1)C2=CC=C(C=C2)C(=O)CCC(=O)O,Inactive,2,,,2.1
460,855555,8228,CN(C)CCCN1C2=CC=CC=C2CCC3=CC=CC=C31.Cl,Inactive,2,,,2.1
461,24800890,3071136,C1C(C(=O)NC1=O)C2=CC=C(C=C2)OCCCCCOC3=CC=C(C=C3)C4CC(=O)NC4=O,Inactive,2,,,2.1
462,855998,521951,CCCCOC1=NC2=CC=CC=C2C(=C1)C(=O)NCCN(CC)CC.Cl,Inactive,2,,,2.1
463,856186,569984,C1=CC=C(C=C1)C(=O)OCC(C(COC(=O)C2=CC=CC=C2)O)O,Inactive,2,,,2.1
464,17387027,1819458,COC1=CC=CC\2=C1C(=O)O/C2=C/C3=CC4=C(C=C3)OCO4,Inactive,2,,,2.1
465,24803869,1382010,CN1C=C(C2=C1C=C(C=C2)OC)C=O,Inactive,2,,,2.1
466,24786684,874346,CC(C)CCNC(=O)C1=CC(=CC(=C1)[N+](=O)[O-])C(=O)OC,Inactive,2,,,2.1
467,4251115,298474,CCOCC1=C(C(=O)NC(=C1)C)C#N,Inactive,2,,,2
468,24797278,191,C1=NC(=C2C(=N1)N(C=N2)C3C(C(C(O3)CO)O)O)N,Inactive,2,,,2
469,7977247,2909007,COC1=C(C=C(C=C1)C(=O)CC2(C3=CC=CC=C3N(C2=O)CC#C)O)OC,Inactive,2,,,2
470,17513601,1185774,CC1=CC(=CC=C1)OC2=COC3=C(C2=O)C=CC(=C3)OC(=O)C4=CC(=CN=C4)Br,Inactive,2,,,2
471,49732003,4485,CC1=C(C(C(=C(N1)C)C(=O)OC)C2=CC=CC=C2[N+](=O)[O-])C(=O)OC,Inactive,2,,,2
472,17387718,995493,COC(=O)C1=CC=CC=C1NC(=O)C2=CC=C(C=C2)COC3=CC4=C(CCC4)C=C3,Inactive,2,,,2
473,26669705,5310534,CC1=C(C(=O)C2=C(O1)C(=C(C=C2)O)O)C3=CC=CC=C3,Inactive,2,,,2
474,855557,3182,CN1C2=C(C(=O)N(C1=O)C)N(C=N2)CC(CO)O,Inactive,2,,,2
475,22403167,135406765,CC1=CC=C(C=C1)NC(=O)CSC2=NC(=C(C(=O)N2C3=CC=CC=C3)CC4=CC=CC=C4)O,Inactive,2,,,2
476,14720621,743768,CC1=C(C=C(C=C1)C(=O)O)NC(=O)C2=CC=CS2,Inactive,2,,,2
477,24798176,135433342,CC1=CC=C(C=C1)SCC2=CC(=O)NC(=N2)NC3=NC(=C4C=C(C=CC4=N3)OC)C,Inactive,2,,,2
478,855686,3213,CC1=C2C=CN=CC2=C(C3=C1NC4=CC=CC=C43)C,Inactive,2,,,2
479,24780298,16187314,C1OC2=C(O1)C=C(C=C2)C3=NOC(=N3)CN(CCO)CC4=CC=CS4,Inactive,2,,,2
480,24781036,2886801,C1=CC(=CN=C1)C(=O)NCCNC2=C(C=C(C=C2)Cl)[N+](=O)[O-],Inactive,2,,,2
481,11532928,5282360,C[C@]12CC[C@H]3[C@H]([C@@H]1CC[C@@H]2O)CCC4=C3C=CC(=C4O)O,Inactive,2,,,2
482,14730418,739795,CC(C)COC1=CC=C(C=C1)CC2=CN=C(N=C2N)N,Inactive,2,,,1.9
483,3712514,5707,CC1=C(C(=CC=C1)C)NC2=NCCCS2,Inactive,2,,,1.9
484,855855,3371,C1=CC=C(C(=C1)C(=O)O)NC2=CC=CC(=C2)C(F)(F)F,Inactive,2,,,1.9
485,855600,23672568,CN1C(=NN=N1)SCC2=C(N3[C@@H]([C@@H](C3=O)NC(=O)[C@@H](C4=CC=CC=C4)O)SC2)C(=O)[O-].[Na+],Inactive,2,,,1.9
486,26668422,1307470,CCOC(=O)C1=C(C(=O)C2=C(O1)C=C(C=C2)OCC(=O)N)C3=CC(=C(C=C3)OC)OC,Inactive,2,,,1.9
487,24786732,2789592,CC(C(=O)NC1=CC=CC=C1F)OC2=CC=C(C=C2)OC,Inactive,2,,,1.9
488,863624,664879,CCC1=CC(=O)OC2=C1C=CC(=C2)OCC3=NNN=N3,Inactive,2,,,1.9
489,8139964,10667,C1=CC=C2C(=C1)C=CC(=O)C2=O,Inactive,2,,,1.9
490,26664434,238053,CN1C2CCC1CC(C2)OC(C3=CC=CC=C3)C4=CC=CC=C4.CS(=O)(=O)O,Inactive,2,,,1.9
491,24795929,2937007,CCOC(=O)N1CCC2=C(C1)C3=C(N2)C=CC(=C3)C,Inactive,2,,,1.9
492,22415595,2921918,C1OC2=C(O1)C=C(C=C2)C(CCNCC3=CC=CC=C3F)CC4=CC=CC=C4.Cl,Inactive,2,,,1.9
493,8139953,6029,C1=CN(C(=O)NC1=O)[C@H]2[C@@H]([C@@H]([C@H](O2)CO)O)O,Inactive,2,,,1.9
494,49718189,3463,CC1=CC(=C(C=C1)C)OCCCC(C)(C)C(=O)O,Inactive,2,,,1.8
495,17506537,1026135,COC1=C(C=C(C=C1)CC(=O)NC2=CC=CC(=C2)C(=O)NC3=CC=CC=C3C(=O)O)OC,Inactive,2,,,1.8
496,17415900,5730620,CC(CCC1=CC=CC=C1)NC(=O)/C=C/C2=CC=CC=C2,Inactive,2,,,1.8
497,855844,5070,C1=CC2=C(C=C1OC(F)(F)F)SC(=N2)N,Inactive,2,,,1.8
498,855783,657298,CCCC1=CC(=O)NC(=S)N1,Inactive,2,,,1.8
499,7976489,148769,CC1=CC(=O)OC2=CC(=C(C=C12)OC(=O)C)OC(=O)C,Inactive,2,,,1.8
500,8139878,5386,C1CC(OC1)N2C=C(C(=O)NC2=O)F,Inactive,2,,,1.8
501,24798309,14623,C1=CC=C2C=C(C=CC2=C1)N=C(N)N=C(N)N,Inactive,2,,,1.8
502,855774,4021,CC1=NN(C(=O)C1)C2=CC=CC=C2,Inactive,2,,,1.8
503,855951,92827,CC(=O)[C@]1(CC[C@@H]2[C@@]1(C[C@@H]([C@H]3[C@H]2CCC4=CC(=O)CC[C@]34C)O)C)O,Inactive,2,,,1.8
504,855638,5282386,CC1=CC(=CC(=C1CC2=NCCN2)C)C(C)(C)C.Cl,Inactive,2,,,1.8
505,26662155,5744756,CN(C)CCCOC(=O)C1=CC(=C(C(=C1)OC)OC)OC.Cl,Inactive,2,,,1.8
506,863167,664404,CC1(C2(CCC1(C3=NC4=CC=CC=C4N=C32)C(=O)N(C)C)C)C,Inactive,2,,,1.8
507,866104,5735,CN1CCN(CC1)C(=O)OC2C3=NC=CN=C3C(=O)N2C4=NC=C(C=C4)Cl,Inactive,2,,,1.7
508,24814349,16194314,CC1=CC=CC=C1C(=O)NNC2=C3C=NN(C3=NC=N2)C,Inactive,2,,,1.7
509,14741948,721046,CC1=CC=C(C=C1)N2C3=NC=NC(=C3C=N2)NC4=CC=CC(=C4)C(=O)O,Inactive,2,,,1.7
510,7972158,870599,CC1(CC2=CC=CC=C2C3=NNC(=S)N31)C,Inactive,2,,,1.7
511,24796064,2184562,CC1=CC(=C(C=C1)OCCSC2=NC=CC=N2)C,Inactive,2,,,1.7
512,24787921,2195449,COC1=CC=CC2=C1OC(=O)C(=C2)C3=CC=CC=C3,Inactive,2,,,1.7
513,26658456,2936778,CC1=CC2=C(C(=C(C(=O)O2)CC3=CC=CC=C3)C)C(=C1)OC(C4=CC=CC=C4)C(=O)O,Inactive,2,,,1.7
514,7968631,1892,CN1C2=C(C(=O)N(C1=O)C)N(C=N2)CCO,Inactive,2,,,1.7
515,26667016,917461,CC1=CC=CC=C1NC(=O)C2=C(OC(=O)C=C2C)C,Inactive,2,,,1.7
516,24795664,879444,C1=CC=C(C(=C1)C(=O)O)NC(=O)/C=C/C2=CC=CO2,Inactive,2,,,1.7
517,24796245,2987751,CC1=CC=C(O1)C2CC(=NN2C(=O)C)C3=CC=CS3,Inactive,2,,,1.7
518,24792391,5741044,C1=CC=C(C=C1)COC(=O)COC2=CC(=C3C(=C2)OC4=CC=CC=C4C3=O)O,Inactive,2,,,1.6
519,17510500,12005228,CC1(CC(CCO1)C(CCN(CC2=CC=C(C=C2)OC)C(=O)C3=CC=CO3)C4=CC=C(C=C4)F)C,Inactive,2,,,1.6
520,845955,648323,CC1=C(C=C(O1)C(=O)OC)COC2=CC3=C(C=C2)OC(=C3C(=O)OCCOC)C,Inactive,2,,,1.6
521,855933,3542,CC1CNCCN1S(=O)(=O)C2=CC=CC3=C2C=CN=C3,Inactive,2,,,1.6
522,24786177,16188980,C1CC(CN(C1)C(=O)C2=CN=CS2)C(=O)C3=CC(=C(C=C3)C4=CC=CC=C4)F,Inactive,2,,,1.6
523,855594,39147,CC(C)(C)NCC(COC1=CC=CC2=C1C[C@@H]([C@@H](C2)O)O)O,Inactive,2,,,1.6
524,7974151,2840612,C1CC(C2=C(C1)C3=C(N2)C=CC(=C3)Cl)NC=O,Inactive,2,,,1.6
525,4254864,5498460,CC1=CC=CC=C1C2=COC3=C(C2=O)C=CC(=C3)O,Inactive,2,,,1.6
526,855635,4495,CS(=O)(=O)NC1=C(C=C(C=C1)[N+](=O)[O-])OC2=CC=CC=C2,Inactive,2,,,1.6
527,855823,66377,CCC1=CN(C(=O)NC1=O)[C@H]2C[C@@H]([C@H](O2)CO)O,Inactive,2,,,1.6
528,844104,646413,COC1=CC2=C(C=C1)OC(=O)C(=C2)C(=O)N3CCN(CC3)C4=CC=CC=C4,Inactive,2,,,1.6
529,24808850,16192935,CC1=CC([N+](C2=C1C=CC(=C2)OC)(C)C)(C)C.[I-],Inactive,2,,,1.6
530,24788674,1352473,C1=CC=C(C=C1)/C=C/C=C(\C(=O)NCC2=CC=CO2)/NC(=O)C3=CC=CC=C3Br,Inactive,2,,,1.6
531,24790721,760825,COC(=O)CSC1=NC2=C(S1)C=C(C=C2)N,Inactive,2,,,1.5
532,848392,590998,CCOC1=CC=C(C=C1)C(=O)N2CCCC2C(=O)O,Inactive,2,,,1.5
533,855794,3059,C1=CC(=C(C=C1C2=C(C=C(C=C2)F)F)C(=O)O)O,Inactive,2,,,1.5
534,855599,8246,CN(C)C(=O)OC1=CC=CC(=C1)[N+](C)(C)C.[Br-],Inactive,2,,,1.5
535,4261262,580038,CN1C2CCC1CC(C2)OC(=O)CCN3CCCC3,Inactive,2,,,1.5
536,24781131,1583356,COC1=C(C2=C(C=C1)C=C(SC2=O)C(=O)NC3=CC=C(C=C3)S(=O)(=O)N)OC,Inactive,1,,,1.5
537,24802782,4777942,CC(C)CN1CC(CC1=O)C(=O)O,Inactive,1,,,1.5
538,862008,663239,CC1(C2(CCC1(CC2=O)C(=O)N(CCC#N)CCC#N)C)C,Inactive,1,,,1.5
539,11532971,4540,C1C(=O)NC2=C(C=C(C=C2)Cl)C(=N1)C3=CC=CC=C3F,Inactive,1,,,1.5
540,17505680,640180,C1=CC=C(C=C1)/C=C/C(=O)/C=C/C2=CC=CC=C2,Inactive,1,,,1.5
541,26658480,272989,C1=CC=C(C=C1)N=NC2=C(NC3=CC=CC=C32)O,Inactive,1,,,1.4
542,855815,54677470,CC1=CN=C(S1)NC(=O)C2=C(C3=CC=CC=C3S(=O)(=O)N2C)O,Inactive,1,,,1.4
543,855716,6602683,C[C@@H]([C@@H](C1=C(C=CC(=C1)OC)OC)O)NC(C)(C)C.Cl,Inactive,1,,,1.4
544,14733944,786636,CC1=C(C(=O)C2=C(O1)C=C(C=C2)OC)C3=CN(N=C3)C4=CC=CC=C4,Inactive,1,,,1.4
545,855914,76297,CCCC(=O)OCC[N+](C)(C)C.[Cl-],Inactive,1,,,1.4
546,855846,158798,C1CN=C(N1)CN(CC2=CC=CC=C2)C3=CC=CC=C3.OP(=O)(O)O,Inactive,1,,,1.4
547,24790458,2272096,COCCNC(=O)CSC1=CC=C(C=C1)Cl,Inactive,1,,,1.4
548,24795683,2936589,CCN1C(=O)C(N(C1=S)CCC2=CC=C(C=C2)F)CC(=O)NC3=CC=C(C=C3)OC,Inactive,1,,,1.4
549,855942,2480,CCCCN(CCCC)CCCOC(=O)C1=CC=C(C=C1)N,Inactive,1,,,1.4
550,863433,5389874,CC1=C(C(=O)C2=C(O1)C(=C(C=C2)O)CN3CCN(CC3)CCO)OC4=CC=CC=C4OC,Inactive,1,,,1.4
551,3711830,351033,C1=CC=C(C=C1)CN2C3=C(C=NC=C3)N=N2,Inactive,1,,,1.4
552,4241590,3236545,CC(C(=O)N1CC(CC1C(=O)O)O)NC(=O)OCC2=CC=CC=C2,Inactive,1,,,1.4
553,11532880,23690471,C[C@@H]1[C@@H](CC[C@]2(C1CC[C@]3([C@H]2[C@@H](C[C@@H]\4[C@@]3(C[C@@H](/C4=C(/CCC=C(C)C)\C(=O)[O-])OC(=O)C)C)O)C)C)O.[Na+],Inactive,1,,,1.4
554,855886,23666879,CCN1CCN(C(=O)C1=O)C(=O)N[C@H](C2=CC=CC=C2)C(=O)N[C@H]3[C@@H]4N(C3=O)[C@H](C(S4)(C)C)C(=O)[O-].[Na+],Inactive,1,,,1.4
555,24795866,2185679,CC1=CC(=NC2=NC(=NN12)N(C(=O)C)C(=O)C)C,Inactive,1,,,1.4
556,26670938,1602394,C1=CC=C2C(=C1)C3=C(S2)C=CC4=C3C(=O)C(=O)N4,Inactive,1,,,1.4
557,865413,666668,CCC1=CC2=C(C=C1)OC(=O)C=C2CN3CCC(CC3)C,Inactive,1,,,1.4
558,26665702,1982794,CCNC(=S)N(C)CCC1=CC2=C(C(=C1C=C3C(=O)N(C(=O)N(C3=O)C)C)OC)OCO2,Inactive,1,,,1.3
559,24782862,2891422,CC(=O)N1CC23C=CC(O2)CC3CC14CCCCCC4,Inactive,1,,,1.3
560,11532914,6852384,C1=CC=C(C=C1)C(C(=O)O)O.C1=CC=C(C=C1)C(C(=O)O)O,Inactive,1,,,1.3
561,7976808,707724,CC1=C(OC2=C(C3=C(C=C12)C4=C(CCCC4)C(=O)O3)C)C,Inactive,1,,,1.3
562,842588,644854,CN1C2=C(C(=O)NC1=O)NC(=N2)NCCCOC,Inactive,1,,,1.3
563,26663050,107952,CC(C)NCC(COC1=CC=C(C=C1)CCOCC2CC2)O.Cl,Inactive,1,,,1.3
564,24831697,2446233,COC1=CC(=CC=C1)OCC2=NN=C(O2)C3=CC=CS3,Inactive,1,,,1.3
565,24795511,2987949,CC1=CC=C(O1)C2CC(=NN2C(=O)C3=CC=CO3)C4=CC=CS4,Inactive,1,,,1.3
566,17432511,2946964,CC1(C2CCC(C2)(C1=C)C(=O)NC3=CC=C(C=C3)SC(F)F)C,Inactive,1,,,1.3
567,24817826,3140849,CCOC(=O)C(=O)NC1=CC=C(C=C1)OC2=CC=CC=C2,Inactive,1,,,1.3
568,4241252,3236252,C1CC(N(C1)C(=O)OCC2=CC=CC=C2)C(=O)NCCC3=CC=C(C=C3)S(=O)(=O)N,Inactive,1,,,1.2
569,24784948,16188589,CCC1=CN=C(C=C1)CN(C)CC2=NC(=NO2)CC3=CC=CC=C3,Inactive,1,,,1.2
570,846105,648477,CN1C(=CC2=CC(=C(C(=C21)OC)OC)OC)C(=O)O,Inactive,1,,,1.2
571,842688,644959,CC(=CCOC1=C(C=C2C=CC(=O)OC2=C1O)OC)C,Inactive,1,,,1.2
572,24790344,2884240,COC(=O)C1=NN(C(C1)(C2=CC=C(C=C2)Cl)O)C(=O)C3=CC(=CC=C3)Br,Inactive,1,,,1.2
573,8139946,122926,C1=C(NC=N1)CO.Cl,Inactive,1,,,1.2
574,855746,2247,COC1=CC=C(C=C1)CCN2CCC(CC2)NC3=NC4=CC=CC=C4N3CC5=CC=C(C=C5)F,Inactive,1,,,1.2
575,856006,4748,C1CN(CCN1CCCN2C3=CC=CC=C3SC4=C2C=C(C=C4)Cl)CCO,Inactive,1,,,1.2
576,24779685,7198315,CC1=C(C(=O)OC2=C1C=CC(=C2)OCC(=O)C)C3=CC=C(C=C3)OC,Inactive,1,,,1.2
577,24795706,888795,CC1=CC=CC=C1C(=O)NC2=CC=CC=C2C(=O)NCC(C)C,Inactive,1,,,1.2
578,14732913,11352,C1=CC=C2C(=C1)C=C3C(=N2)C=CC=C3N,Inactive,1,,,1.2
579,24795513,6466954,COC(=O)C1=C(C=CS1)NC(=O)NC2=CC=CC=C2F,Inactive,1,,,1.2
580,14724076,3137720,CC1(CC(CCO1)(CNCC2=CC3=C(C=C2)OCO3)O)C,Inactive,1,,,1.2
581,855797,92173,CC(C)([C@H](C(=O)O)N)S.Cl,Inactive,1,,,1.1
582,24801381,3063181,CC(C)NC(C)C(=O)C1=CC2=CC=CC=C2C=C1,Inactive,1,,,1.1
583,11532905,4843,C1CC(=O)N(C1)CC(=O)N,Inactive,1,,,1.1
584,7970214,5310161,COC1=C(C=CC(=C1)C2C3=C(C(=O)N2CC=C)OC4=CC=CC=C4C3=O)O,Inactive,1,,,1.1
585,24809515,2871809,CC1(CC(CCO1)NCC2=CC=CC=C2)C.Cl,Inactive,1,,,1.1
586,861340,5389552,C1CCC2=C(CC1)C(=O)OC3=C2C=CC(=C3CN4CCCCC4)O,Inactive,1,,,1.1
587,24789750,54680872,CC(C)C(=O)NC1=C(C2=CC=CC=C2NC1=O)O,Inactive,1,,,1.1
588,855946,5790,C1[C@@H]([C@H](O[C@H]1N2C=C(C(=O)NC2=O)F)CO)O,Inactive,1,,,1.1
589,856168,2196,COC1=CC=C(C=C1)C(=O)N2CCCC2=O,Inactive,1,,,1.1
590,856557,657910,C1=C2C=C(C(=O)OC2=C(C=C1Cl)Cl)C(=O)O,Inactive,1,,,1.1
591,24810881,683497,C1=CC=NC(=C1)N2C(=O)C3=CC=CC4=C3C(=CC=C4)C2=O,Inactive,1,,,1.1
592,864645,665886,CN1C(=O)C2(CC3=CC=CC=C3N4C2COCC4)C(=O)N(C1=O)C,Inactive,1,,,1.1
593,855928,71612,C1CN(CCN1CCOCCO)C(C2=CC=CC=C2)C3=CC=C(C=C3)Cl.Cl,Inactive,1,,,1.1
594,4258556,65768,C1=CC=C2C(=C1)C(=CN2)CCNC(=O)C3=CN=CC=C3,Inactive,1,,,1.1
595,846219,648600,CC1=CC2=C(C=C1)N(C(=O)C=C2C)CCC(=O)O,Inactive,1,,,1.1
596,24796189,2988458,COC1=C(C=CC(=C1)CNCCC2=CC=CC=C2F)OCC(=O)N3CCCCC3.Cl,Inactive,1,,,1
597,4257496,1250496,COC1=CC=C(C2=CC=CC=C21)S(=O)(=O)NCC3=CC=CO3,Inactive,1,,,1
598,24786457,16189188,CC(C)CN(C)CC1=C(N=C2N1C=C(C=C2)Cl)C(=O)N3CCC4=CC=CC=C4C3,Inactive,1,,,1
599,26660860,1882307,COC1=C(C=C2C(=C1)C3=C(N2)C(=O)N(C=N3)CCN4CCOCC4)OC,Inactive,1,,,1
600,24786682,5601436,C1=CC(=CC=C1[N+](=O)[O-])S(=O)(=O)O/N=C(\C2=CC=NC=C2)/N,Inactive,1,,,1
601,26663877,702816,CCOC(=O)COC1=CC2=C(C=C1)C(=O)C(=CO2)C3=CC=CC=C3,Inactive,1,,,1
602,855663,71386,CCCC(=O)O[C@@]1([C@H](C[C@@H]2[C@@]1(CC(=O)[C@]3([C@H]2CCC4=CC(=O)C=C[C@@]43C)F)C)C)C(=O)CCl,Inactive,1,,,1
603,24783693,16188225,CC(CCCC(C)(C)O)NC(=O)C1=CC=C(C=C1)OC2CCN(CC2)C(=O)C3CC3,Inactive,1,,,1
604,11532944,6852386,C[N+]1(CCC2=CC3=C(C=C2[C@H]1[C@H]4C5=C(C6=C(C=C5)OCO6)C(=O)O4)OCO3)C.[Br-],Inactive,1,,,1
605,855814,66007,C1CCC(CC1)C(CCN2CCCCC2)(C3=CC=CC=C3)O.Cl,Inactive,1,,,1
606,855782,5505,CCCCNC(=O)NS(=O)(=O)C1=CC=C(C=C1)C,Inactive,1,,,1
607,4263448,705661,CC1=C(C=C(O1)C(=O)OC)COC2=CC3=C(C=C2)C=CC(=O)O3,Inactive,1,,,1
608,855869,5092,COC1=C(C=C(C=C1)C2CC(=O)NC2)OC3CCCC3,Inactive,1,,,1
609,17511408,1629593,CC(=O)N/C(=C/C1=CC2=C(C=C1)OCO2)/C(=O)NCCO,Inactive,1,,,1
610,855602,3672,CC(C)CC1=CC=C(C=C1)C(C)C(=O)O,Inactive,1,,,1
611,24795720,9587451,C1=CC(=C(C=C1Cl)Cl)OCCCC(=O)O/N=C(/C2=CC=NC=C2)\N,Inactive,1,,,1
612,14724304,679749,CN1C2=CC=CC=C2N=C1C3=CC4=C(C=C(C=C4)OC)OC3=O,Inactive,1,,,1
613,855699,62920,CC(=O)O[C@@H]1[C@@H](SC2=CC=CC=C2N(C1=O)CCN(C)C)C3=CC=C(C=C3)OC.Cl,Inactive,1,,,1
614,24795718,748233,C1CC(=O)N(C1)C2=CC=C(C=C2)CNC(=O)C3=CC(=CC=C3)Cl,Inactive,1,,,1
615,855590,657218,CC(C)C[C@@H](C(=O)NCC(=O)N)NC(=O)[C@@H]1CCCN1C(=O)[C@H](CC2=CC=C(C=C2)O)N,Inactive,1,,,1
616,26661101,854333,C1=CC=C(C=C1)C(=O)COC2=CC3=C(C=C2)C=CC(=O)O3,Inactive,1,,,1
617,24790457,5349079,C1=CC(=C(C=C1C2=CC=C(O2)/C=N/N3C=NN=C3)Cl)Br,Inactive,1,,,0.9
618,24805531,767419,C1=CC=C(C=C1)C(=O)OC2=CC=CC=CC2=O,Inactive,1,,,0.9
619,3715159,984141,CC1=NOC(=C1C2=CC=C(O2)C(=O)OC(C)C)C3=C(C=C(C=C3)OC)O,Inactive,1,,,0.9
620,855808,6420039,CC1=CC(=C(C=C1OC(=O)C)C(C)C)OCCN(C)C.Cl,Inactive,1,,,0.9
621,24780806,1357132,CCOC1=C(C=C(C=C1)C(=O)NC2=CC=C(C=C2)N3CCN(CC3)C(=O)C)[N+](=O)[O-],Inactive,1,,,0.9
622,865539,666798,C1CC2C3(CC4=CC=CC=C4N2C1)C(=O)NC(=O)N(C3=O)C5=CC=C(C=C5)Cl,Inactive,1,,,0.9
623,14736580,973360,CC1=C(C=C(C=C1)C(=O)NC2=C(C=C(C=C2)O)C(=O)O)C,Inactive,1,,,0.9
624,8139956,2972,CC1=C(C(=O)C=CN1C)O,Inactive,1,,,0.9
625,24782807,3322863,CCC1=NC2=CC=CC=C2C(=C1C)NC(=O)CN3CC(CC(C3)C)C,Inactive,1,,,0.9
626,855572,4201,C1CCN(CC1)C2=NC(=N)N(C(=C2)N)O,Inactive,1,,,0.9
627,26667324,4555247,CC(C)OC1=CC=C(C=C1)C(CC(=O)O)C2=CC=C(C=C2)F,Inactive,1,,,0.9
628,17506326,1333327,CC1=C(C(=CC=C1)C)NS(=O)(=O)C2=CC=C(C=C2)NC(=O)C3=CC(=C(C=C3)Cl)[N+](=O)[O-],Inactive,1,,,0.9
629,22403127,6897005,CC1=CC(=C(N1C2=CC=C(C=C2)Br)C)/C=N/O,Inactive,1,,,0.9
630,26664891,1975835,COC1=C(C=CC(=C1)/C=C(\C#N)/C(=O)N2CCC3=CC=CC=C32)O,Inactive,1,,,0.9
631,26663018,5388957,C[C@@H]1C[C@H]2[C@@H]3CCC4=CC(=O)C=C[C@@]4([C@]3([C@H](C[C@@]2([C@]1(C(=O)COP(=O)([O-])[O-])O)C)O)F)C.[Na+],Inactive,1,,,0.9
632,17513434,683499,C1COC2=C(O1)C=CC(=C2)C3=CC(=O)C4=C(O3)C=CC(=C4)Cl,Inactive,1,,,0.9
633,26658873,919256,CC1=CC=C2N1CCN3C2=C(C(=C3C(=O)C)C)C,Inactive,1,,,0.9
634,17403336,692203,C1=CC=C(C=C1)OC(=O)OC2=CC3=C(C=C2)C4=CC=CC=C4C(=O)O3,Inactive,1,,,0.9
635,11532953,135349,CN([C@@H]1CCCC[C@H]1N2CCCC2)C(=O)CC3=CC(=C(C=C3)Cl)Cl.CS(=O)(=O)O,Inactive,1,,,0.8
636,24780807,669888,CC(C)NC(=O)C1=C(C=C(C=C1)SC)OC,Inactive,1,,,0.8
637,858657,135449576,CC(C)O.C1CC(=NCCCCCC(=O)O)NC2=CC=CC=C21,Inactive,1,,,0.8
638,11533052,6231,C[C@]12CC[C@H]3[C@H]([C@@H]1CC[C@]2(C#C)O)CCC4=C3CCC(=O)C4,Inactive,1,,,0.8
639,3717873,3000177,CC1(C(=O)NC(=O)N1)C2=CC3=C(C=C2)C=C(C=C3)OC,Inactive,1,,,0.8
640,24795726,6458126,COC(=O)C1=CC=CC=C1NC(=O)NCC2=CC=CC=C2,Inactive,1,,,0.8
641,8139866,5284655,C[C@]12CC[C@H]3[C@H]([C@@H]1CC[C@@H]2O)C[C@@H](C4=C3C=CC(=C4)O)O,Inactive,1,,,0.8
642,864814,666062,CC(=O)C1=C2C(=C(C=C1)OC)OCCO2,Inactive,1,,,0.8
643,14740965,4275885,CC1=CC2=C(C(C(=C(O2)N)C#N)C3=C(C(=C(C=C3)OC)OC)OC)C(=O)N1,Inactive,1,,,0.8
644,24808069,708717,COC1=CC=C(C=C1)C2=NC3=CC=CC=C3C(=O)O2,Inactive,1,,,0.8
645,24823368,1262781,C=CCC1=CC=CC2=C1OC(=O)C(=C2)C(=O)NC3=CC=C(C=C3)CC(=O)O,Inactive,1,,,0.8
646,22403284,5346037,CC1=C(SC(=N1)N)C(=O)N/N=C/C2=CC=CO2,Inactive,1,,,0.8
647,7976262,1332572,CC1=CC2=C(C(=C(C(=O)O2)C)C)C(=C1)OCC(=O)C(C)(C)C,Inactive,1,,,0.7
648,17505468,12004593,CC(=O)OC[C@@H]1[C@@H]([C@@H]([C@H]([C@@H](O1)SC2=CC=CC3=C2N=CC=C3)OC(=O)C)OC(=O)C)OC(=O)C,Inactive,1,,,0.7
649,17507395,2251647,C1=CC=C(C=C1)C2=C/C(=C/C3=CC=CS3)/C(=O)O2,Inactive,1,,,0.7
650,855970,11065,CN(C)CCC=C1C2=CC=CC=C2CCC3=CC=CC=C31.Cl,Inactive,1,,,0.7
651,24793556,1028501,CC1=CC=C(C=C1)S(=O)(=O)NC2=CC=C(C=C2)S(=O)(=O)NC3=NC(=NC(=C3)C)C,Inactive,1,,,0.7
652,856023,6603107,CCCCN1C[C@@H]([C@H]([C@@H]([C@H]1CO)O)O)O.Cl,Inactive,1,,,0.7
653,855983,8307,CC[N+](C)(C)C1=CC(=CC=C1)O.[Cl-],Inactive,1,,,0.7
654,17514075,2018190,CCC1=CC=C(C=C1)/C=C\2/C(=O)C3=C(O2)C=C(C=C3)OC(=O)N4CCOCC4,Inactive,1,,,0.7
655,865425,666680,CC(C)C(CCN1C(=O)CCC1=O)C2CCOC(C2)(C)C,Inactive,1,,,0.7
656,24837185,763989,CC1=CC(=C(C(=C1)O)C(=O)CC2=CSC(=N2)C)O,Inactive,1,,,0.7
657,24796161,9587437,C1=CC=NC(=C1)/C(=N/OC(=O)C2=CC=C(O2)Br)/N,Inactive,1,,,0.7
658,857802,135426496,COCC1=CC(=O)NC(=N1)NC2=NC3=CC=CC=C3O2,Inactive,1,,,0.7
659,855626,157921,COC(=O)CCC(=O)CN.Cl,Inactive,1,,,0.6
660,855770,23675322,CC1=NN=C(S1)SCC2=C(N3[C@@H]([C@@H](C3=O)NC(=O)CN4C=NN=N4)SC2)C(=O)[O-].[Na+],Inactive,1,,,0.6
661,857743,5578,COC1=CC(=CC(=C1OC)OC)CC2=CN=C(N=C2N)N,Inactive,1,,,0.6
662,24784734,2887448,C1COCCN1C2=C(N=C(O2)C3=CC=C(C=C3)Cl)P(=O)(C4=CC=CC=C4)C5=CC=CC=C5,Inactive,1,,,0.6
663,24795745,1299651,CC(=O)OC1=C(C=C(C=C1)C(=O)NC2=CC=CC(=C2)C3=NN=C(O3)C4=CC=CO4)OC,Inactive,1,,,0.6
664,26661717,16682233,C1CCN(CC1)CC2=CC3=CC=CC=C3C4=C2COC4.Cl,Inactive,1,,,0.6
665,3716775,2999749,CCOC(=O)C(C)OC1=CC(=CC2=C1C3=C(CCCC3)C(=O)O2)C,Inactive,1,,,0.6
666,855633,2466,CCCCOC1=CC=C(C=C1)CC(=O)NO,Inactive,1,,,0.6
667,4249709,3243624,COC1=CC=CC(=C1OC)CC(=O)NCC2COC3=CC=CC=C3O2,Inactive,1,,,0.6
668,24784160,2887352,C1=CC=C(C=C1)C(=O)NC(C(Cl)(Cl)Cl)NC2=CC=CC=N2,Inactive,1,,,0.6
669,855836,6603320,CC[C@H]1CN2CCC3=CC(=C(C=C3[C@@H]2C[C@@H]1C[C@@H]4C5=CC(=C(C=C5CCN4)OC)OC)OC)OC.Cl,Inactive,1,,,0.6
670,855696,6419944,CCC[C@@H]1C[C@H](N(C1)C)C(=O)N[C@@H]([C@@H]2[C@H]([C@@H]([C@H]([C@H](O2)SC)O)O)O)[C@@H](C)O.Cl,Inactive,1,,,0.6
671,855621,6100,CC[N+](C)(C)CC1=CC=CC=C1Br.CC1=CC=C(C=C1)S(=O)(=O)[O-],Inactive,1,,,0.6
672,855698,10648,C1CC(C2=CC=CC=C2C1)C3=NCCN3.Cl,Inactive,1,,,0.6
673,864379,665627,C1[C@H](N2C(S1)C3=CC=CC=C3C2=O)C(=O)NCCC4=CC(=CC=C4)F,Inactive,1,,,0.6
674,850780,653319,CCC1=NC2=CC=CC=C2N1CC3=CC(=C(C=C3)OC)OC,Inactive,1,,,0.6
675,24790716,5346200,CC(C)(C)C1=CSC(=N1)N/N=C/C2=CN=CC=C2,Inactive,1,,,0.6
676,26671445,16682709,CC(CC1=CC=CC=C1)NCC(=O)NC2=CC(=NC3=CC=CC=C32)N(C)C.C(=O)(C(=O)O)O,Inactive,1,,,0.6
677,24786180,16188983,CCOC(=O)C1CCCN(C1)CC2=NC(=NO2)CC3=CC(=CC=C3)F,Inactive,1,,,0.6
678,844710,647040,C1CCC(CC1)NC(=O)C2=NN3C(=CC(=NC3=C2)C4=CC=CO4)C(F)(F)F,Inactive,1,,,0.5
679,863746,664998,CC1=CC(=C(C=C1)NC(=O)N[C@@H](CCSC)C(=O)O)C,Inactive,1,,,0.5
680,7976307,2838744,CC1=CC2=C(C=C1)N3CCCNC4C3=C2CCC4,Inactive,1,,,0.5
681,855875,657348,C[C@@]12CCN([C@@H]1N(C3=C2C=C(C=C3)OC(=O)NC)C)C.C1=CC=C(C(=C1)C(=O)O)O,Inactive,1,,,0.5
682,11532923,6852385,C[N+]1(CCOC(C1)(C2=CC=C(C=C2)C3=CC=C(C=C3)C4(C[N+](CCO4)(C)C)O)O)C.[Br-],Inactive,1,,,0.5
683,24784426,16188441,C1CN(CCN1CC2=NC(=NO2)CC3=CC(=CC=C3)F)C4=NC=CN=C4,Inactive,1,,,0.5
684,858787,6602724,C1CCC(C1)(CN)C2=CC3=C(C=C2)OCCO3.Cl,Inactive,1,,,0.5
685,24790714,2263521,CC1=CC=C(C=C1)C\2=NOC(=O)/C2=C\C=C\C3=CC=CC=C3,Inactive,1,,,0.5
686,855761,3332,C1=CC=C(C=C1)C2=CC=C(C=C2)CC(=O)O,Inactive,1,,,0.5
687,855850,23672589,CC(=O)NC1=C(C(=C(C(=C1I)C(=O)[O-])I)NC(=O)C)I.[Na+],Inactive,1,,,0.5
688,24808025,3152618,CC(=O)NC1C(C2C(COC(O2)(C)C)OC1OC3=CC=CC(=C3)OC)O,Inactive,1,,,0.5
689,855624,16490,C[C@@H]1C[C@H]2[C@@H]3C[C@@H](C4=CC(=O)C=C[C@@]4([C@]3([C@H](C[C@@]2([C@]1(C(=O)CO)O)C)O)F)C)F,Inactive,0,,,0.5
690,855701,5265,C1CN(CCC12C(=O)NCN2C3=CC=CC=C3)CCCC(=O)C4=CC=C(C=C4)F,Inactive,0,,,0.5
691,858080,659435,CN1C2=C(C(=O)NC1=O)N(C(=N2)NCC3=CC=CO3)CCCC4=CC=CC=C4,Inactive,0,,,0.5
692,24781232,16187445,COC1CCN(CC1)C(=O)C2=CC=C(C=C2)OC3CCN(CC3)CC4=CC=CC=N4,Inactive,0,,,0.5
693,4262650,850025,CC1=CC(=C(C=C1)OC)S(=O)(=O)NC2=CC=C(C=C2)F,Inactive,0,,,0.5
694,24785933,874737,C1=CC=C(C=C1)CCC(=O)NC2=CC=CC=C2C(F)(F)F,Inactive,0,,,0.5
695,24784389,16188422,CC(C)CN1CCN(CC1CCO)CC2=CC3=C(C=C2)N=CC=C3,Inactive,0,,,0.5
696,11532988,9046,C[C@]12CC[C@H]3[C@H]([C@@H]1CC[C@]2(C#C)O)CCC4=C3C=CC(=C4)OC5CCCC5,Inactive,0,,,0.5
697,856111,657485,CC(C)(C)OC(=O)NCCC(=O)OC1=CC2=C(C=C1)C=CC(=O)O2,Inactive,0,,,0.5
698,842560,644829,CC(C)C(C(=O)NCC(=O)N)NC(=O)C,Inactive,0,,,0.5
699,11533024,5702062,CC(=O)O.C1=CC(=C(C(=C1)Cl)/C=N/N=C(N)N)Cl,Inactive,0,,,0.5
700,14732323,2838777,CCOC1=CC=C(C=C1)C2C(=C(OC3=C2C(=O)OC4=CC=CC=C43)N)C#N,Inactive,0,,,0.5
701,49674412,5281576,C[C@H]1CCCC(=O)CCC/C=C/C2=C(C(=CC(=C2)O)O)C(=O)O1,Inactive,0,,,0.4
702,24840829,660763,CCC(=O)N(CCC1=CC(=C(C=C1)OC)OC)C2CC(=O)N(C2=O)C3=CC(=CC=C3)OCC,Inactive,0,,,0.4
703,26658496,2870390,CN1C=CN=C1C(C2=CC=CC=C2OC)O,Inactive,0,,,0.4
704,24817572,3561804,CC(C)CC(C(=O)O)NC(=O)C1=CC(=CC=C1)Cl,Inactive,0,,,0.4
705,855732,135398513,C1=NC2=C(N1COCCO)N=C(NC2=O)N,Inactive,0,,,0.4
706,24786676,135426230,CC1=CC=C(C=C1)C2CC(=C(C(=O)C2)C=NCCN3CCN(CC3)CC(=O)NC4=CC(=CC(=C4)C)C)O,Inactive,0,,,0.4
707,845445,647796,C(CC(=O)O)CN1C2C(NC(=O)N2)NC1=O,Inactive,0,,,0.4
708,22415752,713457,COC1=CC=C(C=C1)NC(=S)NCCC2=CNC3=CC=CC=C32,Inactive,0,,,0.4
709,14728120,1043011,COC1=CC=CC=C1C(=O)NC2=CC3=C(C=CC(=C3)Br)OC2=O,Inactive,0,,,0.4
710,7975373,33925,CCC1(C(=O)N(C(=O)N(C1=O)COC)COC)C2=CC=CC=C2,Inactive,0,,,0.4
711,11533037,439501,C[C@H]1[C@@H]([C@H]([C@H]([C@@H](O1)O[C@H]2C[C@H]([C@@]3([C@@H]4[C@@H](CC[C@@]3(C2)O)[C@]5(CC[C@@H]([C@]5(C[C@H]4O)C)C6=CC(=O)OC6)O)CO)O)O)O)O,Inactive,0,,,0.4
712,24784390,16188423,CC1=CC(=CC=C1)C2=NC=C(C=N2)CN3CCN(C(C3)CCO)CC(C)C,Inactive,0,,,0.4
713,860373,661668,CCOC(=O)C1=C(OC(=C([C@]12C3=CC=CC=C3N(C2=O)CC(=O)N)C(=O)OCC)N)C,Inactive,0,,,0.4
714,863500,5389882,CC1(C2=CC=CC=C2N3C1(NC(=O)C3)/C=C/C4=CC=CO4)C,Inactive,0,,,0.4
715,7973567,1323630,COC1=C2C(=O)C=C(OC2=C(C3=C1C=CO3)OC)C(C(F)(F)F)(F)F,Inactive,0,,,0.4
716,855632,444795,CC1=C(C(CCC1)(C)C)/C=C/C(=C/C=C/C(=C/C(=O)O)/C)/C,Inactive,0,,,0.4
717,866068,34312,C1C2=CC=CC=C2N(C3=CC=CC=C3C1=O)C(=O)N,Inactive,0,,,0.4
718,24785438,16188828,CC(C)N(CC1=NC=CN1C)C(=O)CC2C(=O)NCCN2CC3=CC=CC=C3C(F)(F)F,Inactive,0,,,0.4
719,7966896,836139,C1=CC(=CC=C1C2=CC(=C(C=C2)O)F)C(=O)O,Inactive,0,,,0.4
720,24816126,4122761,CC(C)C(=O)NC1=CC=C(C=C1)S(=O)(=O)N2CC3CC(C2)C4=CC=CC(=O)N4C3,Inactive,0,,,0.3
721,24791671,2950900,CC(=O)N(CCC(CC1=CC=CC=C1)C2=CC=CO2)CC3=CC=CO3,Inactive,0,,,0.3
722,24784311,16188398,CC(C)(CNC(=O)CC1C(=O)NCCN1CC(C2=CC=CC=C2)C3=CC=CC=C3)CO,Inactive,0,,,0.3
723,855858,4038,CC1=C(C(=C(C=C1)Cl)NC2=CC=CC=C2C(=O)[O-])Cl.[Na+],Inactive,0,,,0.3
724,24791192,2941950,CC1(C2(CCC1(CC2=O)C(=O)NC3=CC=CC=C3OC)C)C,Inactive,0,,,0.3
725,14742762,71815,CC1=NC=C(N1CC(C)O)[N+](=O)[O-],Inactive,0,,,0.3
726,11532894,23667630,CCOC1=C(C2=CC=CC=C2C=C1)C(=O)N[C@H]3[C@@H]4N(C3=O)[C@H](C(S4)(C)C)C(=O)[O-].[Na+],Inactive,0,,,0.3
727,7976621,5310837,CC1=CC(=CC2=C1C(=O)C(=CO2)C3=NC(=CS3)C)O,Inactive,0,,,0.3
728,11532994,1775,C1=CC=C(C=C1)C2(C(=O)NC(=O)N2)C3=CC=CC=C3,Inactive,0,,,0.3
729,8139983,119,C(CC(=O)O)CN,Inactive,0,,,0.3
730,24826186,2098216,CC1=C(C(=NO1)C)COC2=C(C=C(C=C2)C(=O)NCCC3=CNC4=CC=CC=C43)OC,Inactive,0,,,0.2
731,22416380,853026,CCC1=CC(=O)OC2=C1C=CC(=C2)OCC=C(C)C,Inactive,0,,,0.2
732,24795423,2967293,CC1=CC2=C3C(=C1)C4(C5=C(CCN4)C6=CC=CC=C6N5)C(=O)N3C(C=C2C)(C)C,Inactive,0,,,0.2
733,11532919,62946,C[C@H]([C@@H](C1=CC=CC=C1)O)NC,Inactive,0,,,0.2
734,24840971,34632,CCOC(=O)NC1=CC2=C(C=C1)SC3=CC=CC=C3N2C(=O)CCN4CCOCC4.Cl,Inactive,0,,,0.2
735,24786678,9586376,C1=CC=C2C=C(C=CC2=C1)S(=O)(=O)O/N=C(/C3=CN=CC=C3)\N,Inactive,0,,,0.2
736,14730027,3763609,CN1C2=C(C3C(COC4=C3C=CC=C4OC)CO2)C(=O)N(C1=O)C,Inactive,0,,,0.2
737,24811786,69175,COC1=CC(=C(C=C1)C=O)OC,Inactive,0,,,0.2
738,855622,11368,CC(COC1=CC=CC=C1)NC(C)C(C2=CC=C(C=C2)O)O.Cl,Inactive,0,,,0.2
739,7973191,808206,CC1=C(C(=O)OC2=C1C=CC(=C2C)OCC3=CC=C(O3)C(=O)OC)C,Inactive,0,,,0.2
740,26662100,1872787,CCOC1=CC2=C(C=C1)NC3=C2N=CN(C3=O)CCC4=CC=C(C=C4)OC,Inactive,0,,,0.2
741,7967851,5141879,CC(C)COC(=O)C1C2C=CC3(C1C(=O)N(C3)C(C)C4=CC=C(C=C4)OC)O2,Inactive,0,,,0.2
742,855948,2762,CCN1C2=CC3=C(C=C2C(=O)C(=N1)C(=O)O)OCO3,Inactive,0,,,0.2
743,24805476,809206,C1=COC(=C1)C(=O)NNC(=O)C2=CC=CS2,Inactive,0,,,0.2
744,865551,666810,CC(C)C1(CCOC(C1)(C)C)CCN(CC2=CC=CO2)C(=O)C,Inactive,0,,,0.2
745,855744,154494,C1CN=C(N1)C2COC3=CC=CC=C3O2.Cl,Inactive,0,,,0.2
746,855882,9859122,C1COCCN1[N+]2=CC(=N)O[N-]2.Cl,Inactive,0,,,0.2
747,864676,665917,CCOC1=CC=CC=C1C(=O)NCCC(=O)O,Inactive,0,,,0.2
748,855726,6602625,CN1CCC2=CC3=C(C(=C2C1C4C5=C(C(=C(C=C5)OC)OC)C(=O)O4)OC)OCO3.Cl,Inactive,0,,,0.2
749,24792508,1179486,CCOC1=CC=CC=C1OC2=COC3=C(C2=O)C=CC(=C3)OCC(=O)O,Inactive,0,,,0.2
750,24817748,5732079,CC1=C(C2=CC=CC=C2N1)/C=C/C3=NC4=CC=CC=C4C(=O)N3CCO,Inactive,0,,,0.2
751,855926,6240,CN(C)CCCN1C2=CC=CC=C2SC3=C1C=C(C=C3)Cl.Cl,Inactive,0,,,0.1
752,7975682,3142721,C1C=C(CC2C1C(=O)N(C2=O)CCC3=CNC4=CC=CC=C43)Cl,Inactive,0,,,0.1
753,26660682,16682120,CC1(C2(CCC1([C@@H](C2=O)Br)C(=O)N3CCCCC3)C)C,Inactive,0,,,0.1
754,14742766,1951620,COC1=C(C=C2C(=C1)CCN3C2=CC(=NC3=O)OCC4=CC=CC=C4Cl)OC,Inactive,0,,,0.1
755,862712,663944,CC(C)(C)OC(=O)N1CC(CC1C(=O)OCC(=O)C2=CC=C(C=C2)Cl)O,Inactive,0,,,0.1
756,24797134,597545,CC1=CC=CC=C1OCCSC2=NC3=NC=NC(=C3N2)N,Inactive,0,,,0.1
757,7969216,714306,CC12CN3CC(C1=O)(CN(C2)C3C4=C(C=C(C=C4)Cl)Cl)C,Inactive,0,,,0.1
758,855993,5323,COC1=NC(=NC(=C1)NS(=O)(=O)C2=CC=C(C=C2)N)OC,Inactive,0,,,0.1
759,24814580,4110386,CC1=C(C(=CC=C1)C(CC(=O)NCCC2=CC(=C(C=C2)OC)OC)C3=CC=CC=C3)O,Inactive,0,,,0.1
760,855542,71412,CC(CCC1=CC=CC=C1)NCC(C2=CC(=C(C=C2)O)C(=O)N)O.Cl,Inactive,0,,,0.1
761,24795867,2937005,CC1C2=C(CCN1C(=S)NCC=C)C3=CC=CC=C3N2,Inactive,0,,,0.1
762,855641,5280939,CCCCC[C@@H](/C=C/[C@H]1[C@@H](C[C@@H]([C@@H]1CCCCCCC(=O)O)O)O)O,Inactive,0,,,0.1
763,843110,645390,COC1=C(C=C(C=C1)C2=CC(=NO2)C(=O)OC)OC,Inactive,0,,,0.1
764,855738,5280373,COC1=CC=C(C=C1)C2=COC3=CC(=CC(=C3C2=O)O)O,Inactive,0,,,0.1
765,14726270,695590,CC(=C)C1=NC2=CC(=C(C=C2C(=O)O1)OC)OC,Inactive,0,,,0.1
766,11533062,6852408,C1[C@@H](C2C(O1)[C@H](CO2)O)O,Inactive,0,,,0
767,24790461,875580,CC1=CC=C(C=C1)CSCC(=O)N2CCCC2,Inactive,0,,,0
768,857846,659196,CC1=CC2=C(C=C1)N3CCC(=O)N[C@]3(C2(C)C)C,Inactive,0,,,0
769,855560,5284443,CNC[C@@H](C1=CC(=CC=C1)O)O.Cl,Inactive,0,,,0
770,14725908,1081484,CC1(CC2=CC(=C(C=C2C(=N1)C3=CC4=CC=CC=C4OC3=O)OC)OC)C,Inactive,0,,,0
771,11532885,941651,CN1CCN(CC1)CC/C=C\2/C3=CC=CC=C3SC4=C2C=C(C=C4)S(=O)(=O)N(C)C,Inactive,0,,,0
772,26663939,4860019,CC1=CC(=O)OC2=C1C=CC(=C2)OCC3CC(=NO3)C4=C(C=C(C=C4)OC)OC,Inactive,0,,,0
773,24802179,2883357,COC1=CC=C(C=C1)C(=O)NC2=CC=CC=C2C(=O)NC(CC3=CNC4=CC=CC=C43)C(=O)O,Inactive,0,,,0
774,14741206,3724279,CC1=CC=C(C=C1)N2C(C(=C(C2=O)O)C(=O)C)C3=CC(=C(C=C3)O)OC,Inactive,0,,,0
775,14745870,3732815,CC1=CC2=C(C=C1)N(C3C2CN(CC3)C)C(=O)NC4=CC(=CC=C4)Cl,Inactive,0,,,0
776,4250907,3162366,CC1(CC2=C(C(CC(=O)N2)C3=CC(=C(C=C3)O)OC)C(=O)C1)C,Inactive,0,,,0
777,855953,4911,CCCN(CCC)S(=O)(=O)C1=CC=C(C=C1)C(=O)O,Inactive,0,,,0
778,8139861,3366,C1=NC(=O)NC(=C1F)N,Inactive,0,,,0
779,26662382,3072340,COC1(C(=C(C(=O)C1(CC=C)Cl)Cl)N2CCOCC2)OC,Inactive,0,,,0
780,24785176,16188706,CC(C1=NOC=C1)N(C)CC2=C(NN=C2)C3=C(C=C(C=C3)OC)OC,Inactive,0,,,0
781,864812,666060,CC1(CC2=NC3=NC4=CC=CC=C4N3C=C2C(=O)C1)C,Inactive,0,,,0
782,855988,23659,CCN(CC)CCNC(=O)C1=CC(=C(C=C1OC)N)Cl.Cl,Inactive,0,,,0
783,24801698,3138784,COC1=C(C=C(C=C1)C2CC3=C(C(NC4=CC=CC=C4N3)C5=CC(=C(C=C5)O)OC)C(=O)C2)OC,Inactive,0,,,0
784,855947,3478,CC1=CN=C(C=N1)C(=O)NCCC2=CC=C(C=C2)S(=O)(=O)NC(=O)NC3CCCCC3,Inactive,0,,,-0.1
785,17511259,135517023,CC(C)N1C2=CC=CC=C2/C(=C/C3=NC4=CC=CC=C4C(=O)N3)/C1=O,Inactive,0,,,-0.1
786,14719094,9549136,CN=C1C2=CC3=C(N2CCN1C)C=CC(=C3)OC.Cl,Inactive,0,,,-0.1
787,855604,91505,CCN(CC)CC#CCOC(=O)C(C1CCCCC1)(C2=CC=CC=C2)O.Cl,Inactive,0,,,-0.1
788,7974879,2836319,CCOC(=O)C1C(C2(CCOC(C2)(C)C)OC1=O)C(=O)OCC,Inactive,0,,,-0.1
789,26665862,4891899,CCNCCC(CCC(C)C)C1=CC2=C(C=C1)OCO2,Inactive,0,,,-0.1
790,17511992,1414396,CC1=C(C=C(C=C1)C(=O)COC(=O)C2=CC(=CC=C2)N3C(=O)C4=C(C3=O)C5=CC=CC=C5N=C4C)C,Inactive,0,,,-0.1
791,863459,664711,COC1=CC2=C(C=C1)NC(=O)C(=C2)CNC3CCCCC3,Inactive,0,,,-0.1
792,855697,5330,COC1=NN=C(C=C1)NS(=O)(=O)C2=CC=C(C=C2)N,Inactive,0,,,-0.1
793,11533042,3084396,CC(C(=O)O)O.COC1=CC(=CC(=C1OC)OC)CC2=CN=C(N=C2N)N,Inactive,0,,,-0.1
794,26669124,652064,CC1=CC=C(O1)C(=O)C2=C(C(=O)N(C2C3=CC(=C(C=C3)O)OC)CC4=CN=CC=C4)O,Inactive,0,,,-0.1
795,14722069,3156585,COC1=CC=C(C=C1)N2C(=O)C3CCCN3C2=O,Inactive,0,,,-0.1
796,14734888,579409,CCOC(=O)C1=CC=CC=C1NC(=O)C2=CC=C(C=C2)F,Inactive,0,,,-0.1
797,24796246,2987548,CC1=C(C=CC(=C1)C(=O)NC2=CC=CC=C2C(=O)N3CCCCC3)[N+](=O)[O-],Inactive,0,,,-0.1
798,855733,77918,C1=CC=C(C=C1)CN2C=CN=C2,Inactive,0,,,-0.1
799,26665395,5914617,C1CCN(C(C1)C2=CN=CC=C2)C(=S)NC(=O)/C=C/C3=CC=C(C=C3)F,Inactive,0,,,-0.1
800,26658714,1911155,CCN1C2=C(C=C(C=C2)CC(=O)N)C3=CC=CC=C31,Inactive,0,,,-0.1
801,856576,657928,CC1=CSC(=N1)C2=CC3=C(C=CC(=C3)OC)OC2=O,Inactive,0,,,-0.1
802,26663020,45479748,COCCCC/C(=N\OCCN)/C1=CC=C(C=C1)C(F)(F)F.C(=C\C(=O)[O-])\C(=O)[O-],Inactive,0,,,-0.1
803,8139920,2723650,C1CNC(=S)N1,Inactive,0,,,-0.1
804,4245225,95997,CC(=O)C1=CC(=CC(=C1)OC)OC,Inactive,0,,,-0.1
805,855885,3702,CC1CC2=CC=CC=C2N1NC(=O)C3=CC(=C(C=C3)Cl)S(=O)(=O)N,Inactive,0,,,-0.2
806,863795,3279,CCC(CO)NCCNC(CC)CO,Inactive,0,,,-0.2
807,24785930,135426262,C/C(=N\N=C/1\NC(=O)C(S1)CC(=O)NC2=CC=C(C=C2)Cl)/C3=CC=CO3,Inactive,0,,,-0.2
808,855881,23674502,C[C@]12CC[C@H]3[C@H]([C@@H]1CCC2=O)CCC4=C3C=CC(=C4)OS(=O)(=O)[O-].[K+],Inactive,0,,,-0.2
809,4248087,3242207,CC1=CC(=O)C2=C(O1)C=CC(=C2O)O,Inactive,0,,,-0.2
810,14730841,347809,C1CCN(CC1)C(=S)C2=CC3=C(C=C2)OCO3,Inactive,0,,,-0.2
811,4260623,2946417,CC1(C2(CCC1(CC2=O)C(=O)N3CCC4=CC=CC=C43)C)C,Inactive,0,,,-0.2
812,14735036,740868,CC1(CC2=CC=CC=C2C3=C1C(=O)OC(=N3)C4=CC=CC=C4)C,Inactive,0,,,-0.2
813,26667393,78765,COC1=C(C(=C(C(=C1)C(=O)OC)[N+](=O)[O-])OC)OC,Inactive,0,,,-0.2
814,24780052,16187211,C1CC(=O)N[C@@H]1CN(CC2=CC=CC=C2)CC3=C(NN=C3)C4=CC5=CC=CC=C5O4,Inactive,0,,,-0.2
815,24784388,16188421,CC1=NON=C1CN(C)C(=O)C2=CC=C(C=C2)OC3CCN(CC3)CC4=CC=CC=N4,Inactive,0,,,-0.2
816,14722267,1729135,CCOCC(=O)NC1=NC2=CC=CC=C2S1,Inactive,0,,,-0.2
817,14726956,3158988,CC1=CC=CC=C1NC(=O)C2(CC3=CC=CC=C3C(=O)O2)C,Inactive,0,,,-0.2
818,24796079,2985617,CC(C)OC(=O)CC1C(=O)NCCN1C(=S)NC(=O)C2=CC=CC=C2Cl,Inactive,0,,,-0.2
819,24809548,3159343,CC1(C2CCC1(C3=NC4=CC=CC=C4N=C23)C(=O)O)C,Inactive,0,,,-0.2
820,855583,9066,CN(C)CCN(CC1=CC=CC=C1)C2=CC=CC=N2.Cl,Inactive,0,,,-0.2
821,855971,165542,CS(=O)(=O)O.C1CCN(CC1)CCC(C2=CC=CC=C2)(C3=CC=CC=C3)O,Inactive,0,,,-0.2
822,855597,657220,CC/C(=C(/CC)\C1=CC=C(C=C1)OC(=O)CC)/C2=CC=C(C=C2)OC(=O)CC,Inactive,0,,,-0.2
823,26660456,2014915,CSCC[C@@H](C(=O)O)NC(=O)NC1CCCC1,Inactive,0,,,-0.2
824,26661299,1418293,CC1=CC(=O)C2=C(N1CC(=O)NC3=CC=CC=C3OC)C(=CC=C2)OC,Inactive,0,,,-0.2
825,7976963,1569343,CC1=C(C2=C(C=C1)C(=O)C(=C(N2)C)CN(CCOC)CCOC)C,Inactive,0,,,-0.3
826,855511,65551,CC(=O)OCC[N+](C)(C)C.[Br-],Inactive,0,,,-0.3
827,7968511,5309446,C1CCN(C1)CC2=NC3=CC=CC=C3N2CC4=CC=C(C=C4)Cl.Cl,Inactive,0,,,-0.3
828,11532943,2723754,C1CCC2=NC3=CC=CC=C3C(=C2C1)N.Cl,Inactive,0,,,-0.3
829,24797480,827160,COC1=C(C=C(C=C1)S(=O)(=O)N)C(=O)N,Inactive,0,,,-0.3
830,865815,65335,C1CN(CC2=C1SC=C2)CC3=CC=CC=C3Cl.Cl,Inactive,0,,,-0.3
831,24795498,2936792,CCOC(=O)C1=CC=C(C=C1)N2C(=O)C(N(C2=S)CCC3=CC(=C(C=C3)OC)OC)CC(=O)N,Inactive,0,,,-0.3
832,17431499,5733831,CN1C2=CC=CC=C2C(C1=O)(CC(=O)/C=C/C=C/C3=CC=CC=C3)O,Inactive,0,,,-0.3
833,865472,666726,CC(C)CCOCC(=O)NC1=CC=CC(=C1)C(=O)O,Inactive,0,,,-0.3
834,24784391,16188424,CCOCCCNCC1=CN(N=C1C2=CC=CC=C2C)C3=C(C=C(C=C3)F)F,Inactive,0,,,-0.3
835,24781281,16187479,CC(=C)[C@H]1CCC(=CC1)CN2CCC(CC2)N3CCC(CC3)C(=O)N4CCCC4,Inactive,0,,,-0.3
836,26669704,3148871,CC(=C)CN1C2=C(N=C1NCC=C)N(C(=O)N(C2=O)C)C,Inactive,0,,,-0.3
837,24786666,738234,C1=CC=C(C=C1)C2=CSC(=N2)NC(=S)NC(=O)C3=CC=CO3,Inactive,0,,,-0.3
838,24803593,2291128,COC1=C(C=C(C=C1)CCNC(=O)C(=O)NC2=CC3=C(C=C2)OCO3)OC,Inactive,0,,,-0.3
839,26663016,5388983,CC[C@@]1(C[C@H]2C[C@@](C3=C(CCN(C2)C1)C4=CC=CC=C4N3)(C5=C(C=C6C(=C5)[C@]78CCN9[C@H]7[C@@](C=CC9)([C@H]([C@@]([C@@H]8N6C)(C(=O)OC)O)OC(=O)C)CC)OC)C(=O)OC)O.OS(=O)(=O)O,Inactive,0,,,-0.3
840,17410690,88060,C1=CC=C(C=C1)OC2=CC=CC=C2C=O,Inactive,0,,,-0.3
841,24790296,6878593,CC1=CC(=C(C=C1)CN2CCN(CC2)/N=C/C3=CC=C(C=C3)SC)C,Inactive,0,,,-0.3
842,4252170,3245757,CC(C)(C)OC(=O)N1CCCC1C(=O)NC(CC2=CC=CC=C2)C(=O)O,Inactive,0,,,-0.3
843,855981,222786,C[C@]12CCC(=O)C=C1CC[C@@H]3[C@@H]2C(=O)C[C@]4([C@H]3CC[C@@]4(C(=O)CO)O)C,Inactive,0,,,-0.3
844,24785972,1033953,COC1=CC(=C(C=C1)NC2=C(C(=O)N(C2=O)C3=CC=CC=C3)Cl)OC,Inactive,0,,,-0.3
845,856084,135435889,CC1(CC(=C(C(=O)C1)C2=NC(CC3=CC=CC=C32)(C)C)O)C,Inactive,0,,,-0.4
846,855676,2333,CCC1=C(C2=CC=CC=C2O1)C(=O)C3=CC(=C(C(=C3)Br)O)Br,Inactive,0,,,-0.4
847,855678,19004,C[N+]12CCC(CC1)C(C2)OC(=O)C(C3=CC=CC=C3)(C4=CC=CC=C4)O.[Br-],Inactive,0,,,-0.4
848,7975535,2929660,CC1(CC2CC(C1)(CN2C(=O)CC3=CC(=C(C=C3)OC)OC)C)C,Inactive,0,,,-0.4
849,26665624,744296,CCOC1=NC=NC2=C1NC3=CC=CC=C32,Inactive,0,,,-0.4
850,26662655,2033707,COC1=CC=C(C=C1)C2=COC3=C(C2=O)C=CC(=C3)OC(=O)N4CCOCC4,Inactive,0,,,-0.4
851,24786410,16189147,CN(CC1=NC(=NO1)CC2=CC(=C(C=C2)OC)OC)CC3(CCCCC3)N4CCOCC4,Inactive,0,,,-0.4
852,14728134,3382274,CC(C)CC(C(=O)NC(CCC(=O)OCC1=CC=CC=C1)C(=O)N)NC(=O)C(C(C)C)NC(=O)OC(C)(C)C,Inactive,0,,,-0.4
853,26660517,1900412,C1=CC=C(C(=C1)O)OCCOC2=CC=CC=C2OCCOC3=CC=CC=C3O,Inactive,0,,,-0.4
854,24806060,2927361,CC1(CC(C2=CC=CC3=C2N1C(=O)C3=O)(C)C4=CC=CC=C4)C,Inactive,0,,,-0.4
855,26659949,16681999,CC1=NC2(CCCCC2)CC3=CC(=C(C=C13)OC)OC.C1=CC=C(C(=C1)C(=O)O)O,Inactive,0,,,-0.4
856,24780060,16187219,CC(C)CC1=CC(=NN1)C(=O)N2CCC(CC2)N3CCC(CC3)C(=O)N4CCCC4,Inactive,0,,,-0.4
857,24795932,9587458,C1=CC=NC(=C1)/C(=N/OC(=O)CCCOC2=C(C=C(C=C2)Cl)Cl)/N,Inactive,0,,,-0.4
858,859616,660919,CCN(CC)CCCNC(=O)C1C2=CC=CC=C2OC3=CC=CC=C13,Inactive,0,,,-0.4
859,11533047,932,C1C(OC2=CC(=CC(=C2C1=O)O)O)C3=CC=C(C=C3)O,Inactive,0,,,-0.4
860,855539,4847,CC1=C(C(=O)N2C=CC=CC2=N1)CCN3CCC(CC3)C(=O)C4=CC=C(C=C4)F,Inactive,0,,,-0.4
861,845970,648338,CC1=C(C2=C(O1)C=CC(=C2)OC)C(=O)N,Inactive,0,,,-0.4
862,24817452,1483607,CC(=O)C1=CN(C(=O)NC1=O)C,Inactive,0,,,-0.5
863,11532901,736715,C1=C(NC=N1)/C=C/C(=O)O,Inactive,0,,,-0.5
864,863392,664646,CC1=C2C(=CC=C1)C=C(C(=O)N2)COC(=O)C3=CC=C(C=C3)OC,Inactive,0,,,-0.5
865,24797514,2938128,CC(=O)N(CCC(C1=CC=CC=C1OC)C2=CC=CO2)CC3=CC=CC=C3,Inactive,0,,,-0.5
866,863201,664448,CC1=C2COC(CC2=C(C(=N1)NCC3=CC=CO3)C#N)(C)C,Inactive,0,,,-0.5
867,24786668,2887645,C1=CC(=CC=C1NC(=O)CC2C(=O)NC(=O)S2)Cl,Inactive,0,,,-0.5
868,17401786,3287222,C1CN(CCN1CC2=CC(=O)OC3=CC(=C(C=C23)O)C4=CC=CC=C4)C5=CC(=CC=C5)Cl,Inactive,0,,,-0.5
869,11533025,10114,C[C@]12CC[C@](C[C@H]1C3=CC(=O)[C@@H]4[C@]5(CC[C@@H](C([C@@H]5CC[C@]4([C@@]3(CC2)C)C)(C)C)O)C)(C)C(=O)O,Inactive,0,,,-0.5
870,24803132,2826961,CC[N+]1=C(C2=CC(=C(C=C2C=C1)OC)OC)CC3=CC(=C(C=C3)OC)OC.[I-],Inactive,0,,,-0.5
871,855848,457964,C[C@]12CC[C@H]([C@@]([C@@H]1CC[C@@H]3[C@@]24CC[C@@]([C@H](C3)C4)(CO)O)(C)CO)O,Inactive,0,,,-0.5
872,14741275,3707719,CN1C2=C(N=C1OC3=CC4=C(C=C3)OCO4)N(C(=O)N(C2=O)CC5=CC=CC=C5)C,Inactive,0,,,-0.5
873,856009,5702098,CC(CCC1=CC=CC=C1)NC(C)C(C2=CC=C(C=C2)O)O.Cl,Inactive,0,,,-0.5
874,14744150,2438895,C1COC2=C(O1)C=CC(=C2)C(=O)NCC3=CC4=C(C=C3)OCO4,Inactive,0,,,-0.5
875,17507170,5750685,CC(C)CC(=O)OC1C(C2=C(C=CC(=C2O)/C=C/C(=O)N3CCOCC3)OC1(C)C)N4CCOCC4,Inactive,0,,,-0.5
876,22410623,3679005,COC1=CC=C(C=C1)S(=O)(=O)NC(CC2=CN=CN2)C(=O)O,Inactive,0,,,-0.5
877,855974,7550,C[N+]1=CC=CC(=C1)OC(=O)N(C)C.[Br-],Inactive,0,,,-0.5
878,14743551,522335,C[NH+](C)CCCN1C2=CC=CC=C2SC3=C1C=C(C=C3)Cl.[Cl-],Inactive,0,,,-0.5
879,24785911,2789613,CC(C(=O)NC1=CC=C(C=C1)[N+](=O)[O-])OC2=CC=C(C=C2)OC,Inactive,0,,,-0.5
880,26660052,827887,C1=CC=C(C=C1)CN2C3=NC=NC(=C3C=N2)NC4=CC=CC=C4,Inactive,0,,,-0.5
881,863691,5389907,CC1=C(C(=O)C2=C(O1)C(=C(C=C2)O)CN3CCCC3)C4=CC=C(C=C4)Cl,Inactive,0,,,-0.5
882,855901,637760,C1=CC=C(C=C1)/C=C/C(=O)C2=CC=CC=C2,Inactive,0,,,-0.6
883,26658265,2546211,CC(C)CN1C(=O)C2=C(C=C(C=C2)C(=O)O)NC1=S,Inactive,0,,,-0.6
884,22403202,878017,C1CN(CCN1C2=CC=CC=C2)C(=O)/C=C/C3=CC=CO3,Inactive,0,,,-0.6
885,863450,664702,C[C@@H](C(=O)O)NC(=O)NCCC1=CC=CC=C1,Inactive,0,,,-0.6
886,24797178,1253389,CCS(=O)(=O)NC1=CC(=C(C=C1CC2=NC=CC3=CC(=C(C=C32)OC)OC)OC)OC,Inactive,0,,,-0.6
887,17406704,1796527,CC\1(C2=CC=CC=C2N(/C1=C\C=NC3=CC=CC=C3)C)C,Inactive,0,,,-0.6
888,855577,8691,C1=CC=C(C=C1)N=NC2=C(N=C(C=C2)N)N.Cl,Inactive,0,,,-0.6
889,856020,443936,CCCC(=O)O[C@@]1(CC[C@@H]2[C@@]1(C[C@@H]([C@]3([C@H]2C[C@@H](C4=CC(=O)C=C[C@@]43C)F)F)O)C)C(=O)COC(=O)C,Inactive,0,,,-0.6
890,11533027,26133,CCCC(=O)O[C@@]1(CC[C@@H]2[C@@]1(C[C@@H]([C@H]3[C@H]2CCC4=CC(=O)CC[C@]34C)O)C)C(=O)CO,Inactive,0,,,-0.6
891,26658721,73852,C1=CC(=CC=C1C(=O)C2=C(C=C(C=C2)O)O)O,Inactive,0,,,-0.6
892,856399,53000,C1=CC(=CC=C1C(=O)O)OCCN2C=CN=C2.Cl,Inactive,0,,,-0.6
893,14724244,2855383,CC1=NC2=CC=CC=C2N1CC(CN3C4=CC=CC=C4C5=CC=CC=C53)O,Inactive,0,,,-0.7
894,7967645,5308950,CC1=C(C(=O)C2=C(O1)C=C(C=C2)O)OC3=CC=CC=C3Br,Inactive,0,,,-0.7
895,855789,6741,C[C@H]1C[C@H]2[C@@H]3CC[C@@]([C@]3(C[C@@H]([C@@H]2[C@@]4(C1=CC(=O)C=C4)C)O)C)(C(=O)CO)O,Inactive,0,,,-0.7
896,859348,660649,COC1=CC=CC=C1NC(=O)N2CCC3=C(C2)C4=C(N3)C=CC(=C4)Cl,Inactive,0,,,-0.7
897,24822394,2756583,C1C(NC(S1)C2=CC3=C(C=C2)OCO3)C(=O)O,Inactive,0,,,-0.7
898,858822,660129,COC1=CC=C(C=C1)N2C(=O)[C@@H]3CC4=CC=CC=C4CN3C2=O,Inactive,0,,,-0.7
899,17411769,2870398,CC(=O)NC1C(C(C(OC1OCCOC2=C(C=C(C=C2)Cl)Cl)COC(=O)C)OC(=O)C)OC(=O)C,Inactive,0,,,-0.7
900,22403283,842495,C1CN(CCN1C2=CC=CC=C2)C(=O)COC3=CC=CC=C3,Inactive,0,,,-0.7
901,855819,657319,COC1=C(C=C(C=C1)C(=O)NC2=CN=CC=C2)C(=O)NC3=CN=CC=C3,Inactive,0,,,-0.7
902,14741776,3698101,CC(C)CCC1(C(=O)NC(=O)NC1=O)CN2CCCC2=O,Inactive,0,,,-0.7
903,855515,443958,CC(=O)OCC(=O)[C@@]12[C@@H](C[C@@H]3[C@@]1(C[C@@H]([C@]4([C@H]3CCC5=CC(=O)C=C[C@@]54C)F)O)C)OC6(O2)CCCC6,Inactive,0,,,-0.7
904,24826555,2480474,COC1=CC(=CC(=C1)C(=O)N[C@@H](CCSC)C2=NC3=CC=CC=C3N2)OC,Inactive,0,,,-0.7
905,842997,645274,C1=CC=C(C=C1)S(=O)(=O)NCCCCCNS(=O)(=O)C2=CC=CC=C2,Inactive,0,,,-0.7
906,855864,4909,CCC1(C(=O)NCNC1=O)C2=CC=CC=C2,Inactive,0,,,-0.7
907,26671666,2002841,COC1=C(C=C(C=C1)CCNC2=NC=NC3=C2NC4=CC(=C(C=C43)OC)OC)OC,Inactive,0,,,-0.7
908,855565,3339,CC(C)OC(=O)C(C)(C)OC1=CC=C(C=C1)C(=O)C2=CC=C(C=C2)Cl,Inactive,0,,,-0.7
909,24796244,2987743,COC1=CC(=C(C=C1)OC)N2C(=NNC2=S)CN3C4=CC=CC=C4N=C3C5=CC=CC=N5,Inactive,0,,,-0.7
910,844896,40146,CC1=CC(=CC(=C1)C(=O)NCC2=CC=NC=C2)C,Inactive,0,,,-0.7
911,857295,6603545,C1C2CC3(CC1CC(C2)(C3)O)N.Br,Inactive,0,,,-0.7
912,14724485,9549492,C[N+]12CCCCC1C(CCC2)COC(=O)C3=CC4=C(C=C3)OCO4.[I-],Inactive,0,,,-0.7
913,14741511,2031397,CN1C2=CC=CC=C2C(=O)C(=C1NC(=O)C3=CC=CO3)C4=CC=C(C=C4)OC,Inactive,0,,,-0.7
914,24788036,135411682,C1=CC=C(C=C1)/C(=C\2/C3=C4C(=NC2=O)C=CC=C4C(=O)C5=CC=CC=C53)/O,Inactive,0,,,-0.8
915,7975444,2857416,COC1=C(C=C(C=C1)CN2CC3CC(C2)C4=CC=CC(=O)N4C3)OC,Inactive,0,,,-0.8
916,7977339,778872,CC1=C(C=C(C=C1)N2C(=O)C3=CC=CC=C3C2=O)C,Inactive,0,,,-0.8
917,855606,23664709,CC1([C@@H](N2[C@H](S1)[C@@H](C2=O)NC(=O)CC3=CC=CC=C3)C(=O)[O-])C.[K+],Inactive,0,,,-0.8
918,855856,18283,CC1=CN(C(=O)NC1=O)[C@H]2C=C[C@H](O2)CO,Inactive,0,,,-0.8
919,22415329,5735581,CC1=C(C(NC(=O)N1)/C=C/C2=CC=CC=C2OC)C(=O)OCC=C,Inactive,0,,,-0.8
920,11533041,5059,CCCCCC(C1=CC(=CC=C1)OCC2=NC3=CC=CC=C3C=C2)O,Inactive,0,,,-0.8
921,11532926,247304,C[C@]12CC[C@H]3[C@H]([C@@H]1CC[C@@H]2O)CCC4=CC(=C(C=C34)O)O,Inactive,0,,,-0.8
922,855612,3308,CCC1=C2C(=CC=C1)C3=C(N2)C(OCC3)(CC)CC(=O)O,Inactive,0,,,-0.8
923,855740,12492,C[C@@H]1CCC[C@@H](N1NC(=O)C2=CC(=C(C=C2)Cl)S(=O)(=O)N)C,Inactive,0,,,-0.8
924,14736239,135444505,COC1=CC=C(C=C1)C(=O)NC2=NC3=CC=CC=C3C(=O)N2,Inactive,0,,,-0.8
925,24788197,135448748,CCN1C(=C(SC1=O)/C=C/2\C=NC3=CC=CC=C32)O,Inactive,0,,,-0.8
926,24788014,2827740,C1C(NC(S1)C2=CC=CO2)C(=O)O,Inactive,0,,,-0.8
927,24794543,1296665,CC(C)NS(=O)(=O)C1=CC=C(C=C1)OCC(=O)NC2=CC(=CC=C2)F,Inactive,0,,,-0.8
928,861050,662320,CC1=CC(=O)OC2=C1C=CC(=C2)OCC(=O)N3CCN(CC3)S(=O)(=O)C4=CC=C(C=C4)OC,Inactive,0,,,-0.8
929,24803523,1362254,C1=CC=C(C=C1)/C=C(\C(=O)NC2=CC=CC(=C2)C(=O)O)/NC(=O)C3=CC=CC=C3,Inactive,0,,,-0.8
930,855852,19529,CN(C1=CC=C(C=C1)OC(=O)C2=CC=CO2)C(=O)C(Cl)Cl,Inactive,0,,,-0.8
931,14725051,80185,C1CN(CCN1C(=O)C2=CC=CC=C2)C(=O)C3=CC=CC=C3,Inactive,0,,,-0.8
932,24802308,2888291,CC1=CC2=C(C=C1)N(C(=O)C2(C3COC(CC3=O)(C)C)O)C,Inactive,0,,,-0.8
933,24781231,16187444,C1CN(CCC1CO)CC2=CN(N=C2C3=CC4=CC=CC=C4O3)CC5=CC=CC=C5,Inactive,0,,,-0.9
934,24786667,2269538,CC1=CC(=C(C(=C1)C)S(=O)(=O)OC2=CC=C(C=C2)NC(=O)C)C,Inactive,0,,,-0.9
935,7977227,98348,CN1CCC2=CC(=C(C=C2C1CC3=CC=C(C=C3)O)OC)OC,Inactive,0,,,-0.9
936,852389,655012,COCCOC(=O)C1=C(OC2=C(C1C3=CN=CC=C3)C(=O)CCC2)N,Inactive,0,,,-0.9
937,855657,71414,C[C@H]1C[C@H]2[C@@H]3C[C@@H](C4=CC(=O)C=C[C@@]4([C@]3([C@H](C[C@@]2([C@]1(C(=O)COC(=O)C)OC(=O)C)C)O)F)C)F,Inactive,0,,,-0.9
938,14734011,2740698,CC(C)(C)C(=O)N1CCCC1C(=O)O,Inactive,0,,,-0.9
939,24786506,16189223,CC1=CC(=C(S1)C)C2=NN(C=C2CN3CCCC(C3)O)C4=CC=CC=C4F,Inactive,0,,,-0.9
940,22415549,2893617,COC1=CC=C(C=C1)NC(=O)N2CCCCC2C3=CN=CC=C3,Inactive,0,,,-0.9
941,7976301,778296,COC1=CC(=C(C=C1)OC)S(=O)(=O)N2CCCC3=CC=CC=C32,Inactive,0,,,-0.9
942,7977361,2927290,COC1=CC2=C(C=C1)OC(CC2=O)C3=CC=CC=C3F,Inactive,0,,,-0.9
943,855992,6674,C[C@H](CCC(=O)O)[C@H]1CC[C@@H]2[C@@]1(C(=O)C[C@H]3[C@H]2C(=O)C[C@H]4[C@@]3(CCC(=O)C4)C)C,Inactive,0,,,-0.9
944,24783646,16188201,CC1=C(C=CC(=C1)Cl)C(=O)C2CCCN(C2)C(=O)C3=NC=C(N=C3)C,Inactive,0,,,-0.9
945,855880,969516,COC1=C(C=CC(=C1)/C=C/C(=O)CC(=O)/C=C/C2=CC(=C(C=C2)O)OC)O,Inactive,0,,,-0.9
946,11533069,6852411,C1C[C@H]2C3C([C@@H]1O2)C(=O)OC3=O,Inactive,0,,,-0.9
947,24795610,888423,COC(=O)CN1CC(=O)N(C1=S)C2=CC=CC=C2,Inactive,0,,,-1
948,17412674,2921061,CC(=O)N(CCC(CC1=CC=CC=C1)C2=CC3=C(C=C2)OCO3)CC4=CC=C(C=C4)Cl,Inactive,0,,,-1
949,24786347,16189121,CC1=C(SC=C1)C(=O)C2CCCN(C2)CC3=CC4=CC=CC=C4O3,Inactive,0,,,-1
950,26658980,11901242,CC(=O)C1=C(C[C@@H]2[C@H]1C2(C)C)NC(=O)C3=CC=C(C=C3)C(F)(F)F,Inactive,0,,,-1
951,24798296,2936520,CCC1=CC2=C(C(=C1O)CN3CCCCC3C)OC=C(C2=O)C4=CC5=C(C=C4)OCCO5,Inactive,0,,,-1
952,26666304,3556694,CCN(CC)C1=C(C(=O)C(C12OCCO2)Cl)Cl,Inactive,0,,,-1
953,855990,6603149,CNCCCC1C2=CC=CC=C2C=CC3=CC=CC=C13.Cl,Inactive,0,,,-1
954,855559,2727,CCCNC(=O)NS(=O)(=O)C1=CC=C(C=C1)Cl,Inactive,0,,,-1
955,14741953,1914729,CC(=O)C1=CC=C(S1)CCCCCCCCCC(=O)O,Inactive,0,,,-1
956,8139931,8768,C1=CC(=C(C=C1C=O)O)O,Inactive,0,,,-1
957,11533043,54677971,CN1C(=C(C2=C(S1(=O)=O)C=CS2)O)C(=O)NC3=CC=CC=N3,Inactive,0,,,-1.1
958,24793304,1322096,CCC1=CC2=C(C=C1OCC(=O)O)OC(=C(C2=O)C3=CC=C(C=C3)F)C,Inactive,0,,,-1.1
959,855654,5329,CC1=CC(=NO1)NS(=O)(=O)C2=CC=C(C=C2)N,Inactive,0,,,-1.1
960,24786181,16188984,CC(CCC=C(C)C)CN1CCC(CC1)N2CCC(CC2)C(=O)N3CCCC3,Inactive,0,,,-1.1
961,24795704,2936705,CC1CCCC2=C1C3=C(S2)N=CN(C3=N)N,Inactive,0,,,-1.1
962,8139898,135401907,C1=NNC2=C1C(=O)NC=N2,Inactive,0,,,-1.1
963,3714823,722361,CC1=C(C2=CC=CC=C2N1)C(=O)CN3CCCC3,Inactive,0,,,-1.1
964,4250956,2733401,COC1=C(C=C(C=C1)C(=O)O)F,Inactive,0,,,-1.1
965,856004,3333,CCOC(=O)C1=C(NC(=C(C1C2=C(C(=CC=C2)Cl)Cl)C(=O)OC)C)C,Inactive,0,,,-1.1
966,3716073,2999462,CCC1=CC2=C(C=C1OC(=O)C3CCCN3C(=O)OC(C)(C)C)OC(=O)C=C2C,Inactive,0,,,-1.1
967,11532973,5282415,CCCCC[C@@H](/C=C/[C@H]1[C@@H](C[C@@H]([C@@H]1C/C=C\CCCC(=O)O)O)O)O.C(C(CO)(CO)N)O,Inactive,0,,,-1.1
968,11532972,5283102,CCCCC[C@@H](/C=C/[C@H]1[C@@H](C[C@@H]([C@@H]1C/C=C\CCCC(=O)OC)O)O)O,Inactive,0,,,-1.1
969,26664227,200481,C1CCN(C1)CC#CC(C2=CC=CC=C2)(C3=CN=CC=C3)O,Inactive,0,,,-1.1
970,7972222,877801,CC1=CC2=C(C=C1)C(=CO2)CC(=O)O,Inactive,0,,,-1.1
971,24796078,2985638,C1CCCN(CC1)C(=O)C2=CC=CC=C2NC(=O)C3=CC=CC=C3Cl,Inactive,0,,,-1.1
972,24791985,135433263,C1=CC=C(C(=C1)CSC2=NC3=C(N2C4C(C(C(O4)CO)O)O)N=C(NC3=O)N)Br,Inactive,0,,,-1.1
973,855750,5748,CC[N+](C)(CC)CCOC(=O)C(C1CCCCC1)(C2=CC=CC=C2)O.[Br-],Inactive,0,,,-1.1
974,865194,5390018,C[C@@H](C(=O)NCC1CCC(CC1)C(=O)O)NC(=O)OC(C)(C)C,Inactive,0,,,-1.1
975,24829272,2082259,COCCN1C(=O)C2=CC=CC=C2N=C1SCCOC3=CC=CC=C3,Inactive,0,,,-1.1
976,11532856,11289,COC1=CC=C(C=C1)C(=C(C2=CC=C(C=C2)OC)Cl)C3=CC=C(C=C3)OC,Inactive,0,,,-1.1
977,8139937,2733208,COC(=O)[C@H](CS)N.Cl,Inactive,0,,,-1.2
978,855618,5094,CN1C(=CN=C1COC(=O)N)[N+](=O)[O-],Inactive,0,,,-1.2
979,8139952,92824,C([C@H](C(=O)O)O)C(=O)O,Inactive,0,,,-1.2
980,11532946,80311,CN(C)CCN(CC1=CC=C(C=C1)Cl)C2=CC=CC=N2.Cl,Inactive,0,,,-1.2
981,17407725,5765850,CC1(CC2=CC=CC=C2/C(=C/C(=O)C3=CC=C(C=C3)OC)/N1C)C,Inactive,0,,,-1.2
982,855742,6271,CCC(=O)C1=CC=C(C=C1)O,Inactive,0,,,-1.2
983,14734674,782442,CC1=CC=C(S1)CN2CCC3=CC(=C(C=C3C2)OC)OC,Inactive,0,,,-1.2
984,852171,654784,CN1C(=O)C2=C(NC1=O)N(C(=N2)C3=CC=C(C=C3)OC)CCC4=CC=CC=C4,Inactive,0,,,-1.2
985,855561,5284557,C[C@]12CCC(=O)C=C1CC[C@@H]3[C@@H]2CC[C@]4([C@H]3CC[C@]4(C#C)O)C,Inactive,0,,,-1.2
986,4249964,3243839,CC1=CC2=C(C=C1)NC=C(C2=O)C(=O)C,Inactive,0,,,-1.2
987,14741369,698642,CCOC(=O)C1=C(N[C@@]2([C@]1(C(=O)C3=CC=CC=C32)O)O)C,Inactive,0,,,-1.2
988,857138,244418,COC1=CC=C(C=C1)C(=O)C2CCCCC2=O,Inactive,0,,,-1.2
989,855997,36708,CCCNCC(COC1=CC=CC=C1C(=O)CCC2=CC=CC=C2)O.Cl,Inactive,0,,,-1.2
990,17409255,1162380,CCOC(=O)C1=CN=C2C=CC(=CC2=C1NC3=CC4=C(C=C3)OCCO4)C(=O)OC,Inactive,0,,,-1.2
991,26658809,792929,CC(=O)NC1=CC(=CC(=C1)O)O,Inactive,0,,,-1.2
992,855878,657349,CC[C@H]1[C@H](COC1=O)CC2=CN=CN2C.[N+](=O)(O)[O-],Inactive,0,,,-1.2
993,4262634,1522903,CC1=C(C(=O)C2=C(O1)C=C(C=C2)OC(=O)N(C)C)OC3=CC=CC(=C3)OC,Inactive,0,,,-1.2
994,17385821,54676537,CC(=O)CC(C1=CC=C(C=C1)[N+](=O)[O-])C2=C(C3=CC=CC=C3OC2=O)O,Inactive,0,,,-1.2
995,24795803,2936109,CN(C)CCOCCOC1=C(C=C(C=C1)Cl)CC=C.C(=O)(C(=O)O)O,Inactive,0,,,-1.2
996,14723971,2909205,C1COCCN1CCOC(=O)C2=CC=CS2.Cl,Inactive,0,,,-1.2
997,24795898,888575,CC(C)(C)C(=O)NC(=S)NC1=C(C2=C(S1)CCC2)C(=O)N,Inactive,0,,,-1.2
998,24786805,238532,C1=CC=C(C=C1)CC(=O)NNC(=O)CC2=CC=CC=C2,Inactive,0,,,-1.2
999,855820,62857,CNCCC(C1=CC=CC=C1)OC2=CC=C(C=C2)C(F)(F)F.Cl,Inactive,0,,,-1.2
1000,17387918,5416305,CC1=C(SC=C1)/C=N\NC(=O)C2=CC3=C(C=C2)OCO3,Inactive,0,,,-1.3
1001,855959,105078,CCOC(=O)C1=NC=C2C(=C1)C3=CC=CC=C3N2,Inactive,0,,,-1.3
1002,17511858,2920668,CC1=CC=C(C=C1)S(=O)(=O)NC(C2=CC=CC=C2)C(=O)OC3=CC4=C(C=C3)C(=CC(=O)O4)C(F)(F)F,Inactive,0,,,-1.3
1003,11532985,6852393,C[C@]12CC[C@H]3[C@H]([C@@H]1CC=C2)CC[C@@H]4[C@@]3(CCC(=O)C4)C,Inactive,0,,,-1.3
1004,14724699,3129629,CC(C)COC1=C(C=CC(=C1)NC(=O)C2CCCCN2CC3=CC(=C(C=C3)OC)OC)OC,Inactive,0,,,-1.3
1005,24796084,2985887,CN1C(=NN=N1)NCC2=CC(=C(C=C2)OCC3=C(C=C(C=C3)F)Cl)OC,Inactive,0,,,-1.3
1006,8139865,5757,C[C@]12CC[C@H]3[C@H]([C@@H]1CC[C@@H]2O)CCC4=C3C=CC(=C4)O,Inactive,0,,,-1.3
1007,4245915,3240326,CC12CC(C(C(=O)N1CCO)C(=O)NC3=CC=C(C=C3)OC)C4=CC=CC=C4O2,Inactive,0,,,-1.3
1008,24786412,16189149,CN1C=C(C(=N1)C2=CC(=CC=C2)Cl)CN(CCO)CC3=CC=CS3,Inactive,0,,,-1.3
1009,855917,62935,C1CN(CCN1CCCN2C(=O)N3C=CC=CC3=N2)C4=CC(=CC=C4)Cl.Cl,Inactive,0,,,-1.3
1010,24785988,2880577,C1CSC(N1C(=O)C2=CC=C(C=C2)[N+](=O)[O-])C3=CC=CC=C3Cl,Inactive,0,,,-1.3
1011,855834,5388990,CN1CC[C@@]23CCCC[C@@H]2[C@@H]1CC4=C3C=C(C=C4)O.C(C(C(=O)O)O)(C(=O)O)O,Inactive,0,,,-1.3
1012,4259704,890072,CCC1=C(C2=C(C(=C(C=C2)OCC(=O)OC(C)C)C)OC1=O)C,Inactive,0,,,-1.3
1013,24785260,2952309,CC1=CC(=C2C=C(C=CC2=N1)OC)NC3=CC=CC=C3O.Cl,Inactive,0,,,-1.4
1014,849940,101172,CN1C=NC2=C1C(=O)N(C(=O)N2C)CC(CO)O,Inactive,0,,,-1.4
1015,24780053,16187212,C1CN(CCC1(CCOC2=CC=CC=C2)CO)CCCN3C=CC=N3,Inactive,0,,,-1.4
1016,17515446,12006039,CC12CCC(CC1=CCC3C2CCC4(C3C/C(=C\C5=CC(=CC=C5)F)/C4=O)C)O,Inactive,0,,,-1.4
1017,855867,2378,C1=CC=C(C=C1)C2=CC=C(C=C2)C(C3=CC=CC=C3)N4C=CN=C4,Inactive,0,,,-1.4
1018,24793844,5296051,C1OC2=C(O1)C=C(C=C2)/C=C\C3=NC=CC4=C3NC5=CC=CC=C45,Inactive,0,,,-1.4
1019,4265204,2960025,CC(C)C1CC2=C(CO1)C=C(C(=O)N2)C(=O)O,Inactive,0,,,-1.4
1020,3716105,15882,COC1=CC=CC=C1OCC(=O)O,Inactive,0,,,-1.4
1021,14723620,359743,C1=CC=C(C(=C1)C(=O)CC2(C3=CC=CC=C3NC2=O)O)O,Inactive,0,,,-1.4
1022,17509944,5047755,C1=CC(=CC=C1CC(CO)NC(=O)C(Cl)Cl)[N+](=O)[O-],Inactive,0,,,-1.4
1023,855785,68539,CN(C)CCCN1C2=CC=CC=C2CCC3=C1C=C(C=C3)Cl.Cl,Inactive,0,,,-1.4
1024,24795486,1947346,CC1=CC=C(C=C1)C(=O)NCCNC(=O)C2=CC=CC=C2,Inactive,0,,,-1.4
1025,26671463,16682710,CC1=NC2=CC=CC=C2C(=C1)NC(=O)CN(C)CCC3=CC(=C(C=C3)OC)OC.C(=O)(C(=O)O)O,Inactive,0,,,-1.4
1026,24809435,669243,CC(C)C(=O)NC1=C(C=CC(=C1)C(=O)OC)C(=O)OC,Inactive,0,,,-1.4
1027,24784375,16188414,CC1=CC(=C(S1)C)C2=NN(C=C2CN3CCC(CC3)O)C4=CC=CC=C4F,Inactive,0,,,-1.4
1028,24781027,9553742,C1=CC=C(C=C1)S(=O)(=O)OC2=CC=C(C=C2)/C=N/N=C(N)N,Inactive,0,,,-1.4
1029,7973157,5310652,CCOC(=O)C1C(C(C(CC1=O)(C)O)C(=O)OCC)/C=C/C2=CC=CC=C2,Inactive,0,,,-1.4
1030,24780263,16187282,COC1=CC=CC=C1/C=C/CN2CCN(C(C2)CCO)CC3=CC=C(C=C3)F,Inactive,0,,,-1.4
1031,11533015,323,C1=CC=C2C(=C1)C=CC(=O)O2,Inactive,0,,,-1.4
1032,24795712,705090,CC(C)(C)N1C(=S)NC2(N1)CCCCC2,Inactive,0,,,-1.4
1033,11532875,6473883,CC[C@@H]1[C@@]([C@H]2[C@H]([C@H]([C@@H](C[C@@]([C@@H]([C@H]([C@@H]([C@H](C(=O)O1)C)O[C@H]3C[C@@]([C@H]([C@@H](O3)C)O)(C)OC)C)O[C@H]4[C@@H]([C@H](C[C@H](O4)C)N(C)C)O)(C)O)C)N[C@H](O2)COCCOC)C)(C)O,Inactive,0,,,-1.4
1034,844301,646621,CC(C)CC(C(=O)NC(CC1=CC=CC=C1)C(=O)N)NC(=O)C,Inactive,0,,,-1.4
1035,24786733,874448,CCNC(=O)C1=C(C2=C(S1)C=C(C=C2)C)Cl,Inactive,0,,,-1.4
1036,8139926,2266,C(CCCC(=O)O)CCCC(=O)O,Inactive,0,,,-1.4
1037,4264524,2961861,CC1=C(C2(C3=CC=CC=C3NC2=O)C(=C(O1)N)C(=O)OC(C)C)C(=O)C,Inactive,0,,,-1.4
1038,14742044,5325,CC1=NC(=NC=C1)NS(=O)(=O)C2=CC=C(C=C2)N,Inactive,0,,,-1.5
1039,865832,667092,CN1CC2(CC3=C1C=CC(=C3)OC)C(=O)NC(=O)N(C2=O)CCC4=CC=CC=C4,Inactive,0,,,-1.5
1040,24783696,16188227,CN1C=C(C(=N1)C2=CC=C(C=C2)OC3=CC=CC=C3)CN4CCN(CC4)CCO,Inactive,0,,,-1.5
1041,17432504,2173495,CC(=O)NC1=CC=CC=C1C(=O)C(=O)NC2=CC=CC=C2,Inactive,0,,,-1.5
1042,855968,657375,CCSC([C@@H]([C@H]([C@@H]([C@@H](CO)O)O)O)O)SCC,Inactive,0,,,-1.5
1043,17513207,5899355,COC1=C(C=C\2C(=C1)COC(=O)/C2=C\C3=CC=C(C=C3)Cl)OC,Inactive,0,,,-1.5
1044,17433291,2913314,CCOC1=CC=C(C=C1)CC2CCC(=O)NC2=O,Inactive,0,,,-1.5
1045,24796159,888339,CC(C)N(C(C)C)C(=O)CC1=CC=CC=C1[N+](=O)[O-],Inactive,0,,,-1.5
1046,8139877,1047,C1=CN=C(C=N1)C(=O)O,Inactive,0,,,-1.5
1047,22403649,4525029,CC(=O)OCC#CCSC1=NC2=CC=CC=C2N1C,Inactive,0,,,-1.5
1048,24795696,834713,CCOC1=C(C2=CC=CC=C2C=C1)CNC3=NN=NN3C,Inactive,0,,,-1.5
1049,26659436,748128,C1=CC=C2C(=C1)C(=C(C(=O)C2=O)C3=CC=CC=C3F)O,Inactive,0,,,-1.5
1050,24796234,2989016,CC(=O)CSC1=NC=NC2=C1C=NN2C3=CC=CC=C3,Inactive,0,,,-1.6
1051,855528,169870,CCCCCC(=O)O[C@@]1(CC[C@@H]2[C@@]1(CC[C@H]3[C@H]2CCC4=CC(=O)CC[C@]34C)C)C(=O)C,Inactive,0,,,-1.6
1052,22403178,2879598,C1C[N+]2=C(N1CC(=O)C3=CC=C(C=C3)Br)SC=C2C4=CC=CS4.[Br-],Inactive,0,,,-1.6
1053,24786413,16189150,CCN1C=CN=C1CN2CCCC(C2)C(=O)C3=C(C=CC(=C3)F)OC,Inactive,0,,,-1.6
1054,14740491,2929563,CCOC(=O)C1=C(OC2=C(C1C3=CC=CC=C3)C(=O)NC4=CC=CC=C42)N,Inactive,0,,,-1.6
1055,24795709,2936160,CC1=CC(=C(C=C1)OCCCCN2C=CN=C2C)C.C(=O)(C(=O)O)O,Inactive,0,,,-1.6
1056,11533035,8667,CN(C)CCN(CC1=CC=CS1)C2=CC=CC=N2.Cl,Inactive,0,,,-1.6
1057,3713063,2998263,C1CC(OC1)COC(=O)CCCC(=O)OCC2CCCO2,Inactive,0,,,-1.6
1058,855627,1780,CCCCCC#CCC#CCC#CCC#CCCCC(=O)O,Inactive,0,,,-1.6
1059,14725825,2861800,COC1=CC=C(C=C1)CC(=O)NCC2(CCOCC2)C3=CC(=C(C=C3)OC)OC,Inactive,0,,,-1.6
1060,855861,4342,CCN(CC)CCNC(=O)C1=CC=C(C=C1)NC(=O)C,Inactive,0,,,-1.6
1061,17408382,1088787,COC1=CC2=C(C=C1)OC(=O)C(=C2)C(=O)NC3=CC=CC=C3C4=CC=CC=C4,Inactive,0,,,-1.6
1062,24809962,291354,C1CCN(CC1)C2=CC=C(C=C2)C=O,Inactive,0,,,-1.6
1063,4257771,747037,CN1C2=C(C=NC=C2)N=C1C3=CC(=C(C=C3OC)OC)OC,Inactive,0,,,-1.6
1064,24802573,696885,C1=CC=C(C=C1)C(=O)NC2=CC=CC(=C2)C3=NC4=C(O3)C=CC=N4,Inactive,0,,,-1.6
1065,7975436,1776305,CN1C(=C(C(=O)N(C1=O)C)C=NCCC2=CNC3=CC=CC=C32)O,Inactive,0,,,-1.6
1066,24807025,79188,CC[N+]1=C(SC2=C1C=CC(=C2)C)C.[I-],Inactive,0,,,-1.6
1067,855707,13791,CCCCC(=O)O[C@H]1CC[C@@H]2[C@@]1(CC[C@H]3[C@H]2CCC4=C3C=CC(=C4)O)C,Inactive,0,,,-1.7
1068,17415493,2848707,CC1=C(C=C(C=C1)[N+](=O)[O-])NC2C(C(C(O2)CO)O)O,Inactive,0,,,-1.7
1069,7964677,794420,CC1=C(C=C(C=C1)S(=O)(=O)N2C=CN=C2)C,Inactive,0,,,-1.7
1070,24790718,5346127,C1=CC=C2C(=C1)C(=O)N(C2=O)/N=C/C3=CC=C(C=C3)OC4=NC=C(C=C4)[N+](=O)[O-],Inactive,0,,,-1.7
1071,855772,689043,C1=CC(=C(C=C1/C=C/C(=O)O)O)O,Inactive,0,,,-1.7
1072,855952,68304,CCCCOC1=CC=C(C=C1)C(=O)CCN2CCCCC2.Cl,Inactive,0,,,-1.7
1073,11532903,8369,CC1=C(C(=O)C=CO1)O,Inactive,0,,,-1.7
1074,17413290,2830454,CC(C)(C)OC(=O)NC(CCSC)C(=O)OC1=CC2=C(C=C1)C(=O)C(=CO2)C3=CC4=C(C=C3)OCCO4,Inactive,0,,,-1.7
1075,24841090,5389859,CC1=CC=C(C=C1)S(=O)(=O)N[C@@H](C)C(=O)N2CCC(CC2)C(=O)N3CCC[C@H]3C(=O)O,Inactive,0,,,-1.7
1076,22413073,15945671,C1=CC=C(C=C1)OCC2=CC=CC=C2CN.C(=C\C(=O)O)\C(=O)O,Inactive,0,,,-1.7
1077,14727838,788106,COC(=O)C1=C(C2=CC=CC=C2C(=O)N1)O,Inactive,0,,,-1.7
1078,856001,11972,CC(=O)NC1=CC=CC=C1O,Inactive,0,,,-1.7
1079,14728029,27775,CNC1=NC(=NC(=N1)N(C)C)N(C)C,Inactive,0,,,-1.7
1080,855521,440707,C[C@]12CCC(=O)C=C1CC[C@@H]3[C@@H]2CC[C@]4([C@H]3CC[C@@]4(C(=O)CO)O)C,Inactive,0,,,-1.7
1081,24806995,16192811,CN1CC2=CC(=C(C=C2C3(C1)CCCCC3)OC)OC.Cl,Inactive,0,,,-1.7
1082,14723725,3123873,COC1=CC=C(C=C1)C2=NN=C(O2)C3=CC4=C(C=CC5=CC=CC=C54)OC3=O,Inactive,0,,,-1.7
1083,11532922,135410029,C[N+]1=CC=CC=C1/C=N/O.[I-],Inactive,0,,,-1.8
1084,7972930,4669169,CC(=O)NC(CCSC)C(=O)OC1=CC2=C(C=C1)C3=C(CCCC3)C(=O)O2,Inactive,0,,,-1.8
1085,24790713,1363391,COC1=C(C=C(C(=C1)/C=C/2\C(=O)NC(=O)N(C2=O)C3=CC=CC=C3)[N+](=O)[O-])OC,Inactive,0,,,-1.8
1086,22415812,2898108,CC12CCC3C1(COC2(C3)C(=O)NC4=CC=C(C=C4)F)C,Inactive,0,,,-1.8
1087,855807,3019,CC1=NS(=O)(=O)C2=C(N1)C=CC(=C2)Cl,Inactive,0,,,-1.8
1088,855908,3512,CC1CC(=O)C=C(C12C(=O)C3=C(O2)C(=C(C=C3OC)OC)Cl)OC,Inactive,0,,,-1.8
1089,14724606,36302,C1CN(CC1C2=CC=CC=C2)CCC(=O)C3=CC4=C(C=C3)OCCO4.Cl,Inactive,0,,,-1.8
1090,11533057,62005,C1[C@@H]([C@H]([C@@H]([C@H]([C@@H]1N)O[C@@H]2[C@@H]([C@H]([C@@H]([C@H](O2)CO)O)N)O)O)O[C@@H]3[C@@H](C[C@@H]([C@H](O3)CN)O)N)N.OS(=O)(=O)O,Inactive,0,,,-1.8
1091,14724325,2772647,CCOC1=CC=C(C=C1)OCCSC2=NC3=CC=CC=C3N2,Inactive,0,,,-1.8
1092,24805588,3144932,C1=CC=C(C=C1)CN2C(=O)C(NC2=S)CC3=CNC4=CC=CC=C43,Inactive,0,,,-1.8
1093,24785967,9554495,C1C2C1C3C=CC2C4C3C(=O)N(C4=O)/N=C/C5=CC=C(O5)C6=CC=C(C=C6)[N+](=O)[O-],Inactive,0,,,-1.8
1094,24786736,2887062,CCC(C1=CC=CC=C1)C(=O)NC2=CC3=C(C=C2)OCCO3,Inactive,0,,,-1.8
1095,855925,44093,C[C@H](CS)C(=O)N1CCC[C@H]1C(=O)O,Inactive,0,,,-1.8
1096,8139915,6252,C1=CN(C(=O)N=C1N)[C@H]2[C@H]([C@@H]([C@H](O2)CO)O)O.Cl,Inactive,0,,,-1.8
1097,855876,1329,CCCN1C2=C(C(=O)N(C1=O)CCC)NC(=N2)C3CCCC3,Inactive,0,,,-1.9
1098,845858,648217,CCOC(=O)C(CC1=C(C=CC(=C1)C(=O)C)OC(C)C)C(=O)OCC,Inactive,0,,,-1.9
1099,17512391,12005622,CC1(C2CCC1(C(C2)OCC[N+](C)(C)CC(=O)OC3CCCCC3)C)C.[Cl-],Inactive,0,,,-1.9
1100,17431666,3151098,CC1(CC(CCO1)(CC(=O)NC2=NC=CS2)C3=CC=CC=C3)C,Inactive,0,,,-1.9
1101,22403163,1937508,CCC(=O)C1=CC(=C(C=C1)OCC=C)OC,Inactive,0,,,-1.9
1102,855529,3025,CCCCOC1=NC2=CC=CC=C2C(=C1)C(=O)NCCN(CC)CC,Inactive,0,,,-1.9
1103,855840,104845,CC(=O)[C@H]1CC[C@@H]2[C@@]1(CC(=O)[C@H]3[C@H]2CC[C@@H]4[C@@]3(CC[C@H](C4)O)C)C,Inactive,0,,,-1.9
1104,24787329,1819367,CCCCON1C(=C(C2=C1C=CC3=[N+](ON=C32)[O-])C(=O)C)C,Inactive,0,,,-1.9
1105,17510477,9632510,CC1(OC2C(O1)C(OC3C2OC(O3)(C)C)C(=O)N/N=C/C4=CC=CC=C4F)C,Inactive,0,,,-1.9
1106,8139872,3385,C1=C(C(=O)NC(=O)N1)F,Inactive,0,,,-1.9
1107,862016,663246,COC1=CC=C(C=C1)CNC(=O)C2=CC3=C(N=C4C=CC=CN4C3=O)N(C2=N)CC5=CN=CC=C5,Inactive,0,,,-1.9
1108,14732392,976183,COC1=CC=C(C=C1)C2=NOC(=N2)C3=CC=CC=C3C4=CC=CC=C4,Inactive,0,,,-1.9
1109,24795672,2987955,CC(=O)C1=CC2=C(C=C1NC(=O)C3=CC=CO3)OCCO2,Inactive,0,,,-1.9
1110,17510027,7113,CC(=O)C1=CC=C(C=C1)C2=CC=CC=C2,Inactive,0,,,-1.9
1111,22405862,6610913,COC1=CC=C(C=C1)C(=O)O[C@H](C2CC3CCN2CC3C=C)C4=CC=NC5=CC=CC=C45,Inactive,0,,,-2
1112,24795510,6467005,CCCN1CCC(CC1)NC(=O)NC2=CC=C(C=C2)Br,Inactive,0,,,-2
1113,855927,41022,CC(=O)O.C1CCNC(C1)CNC(=O)C2=C(C=CC(=C2)OCC(F)(F)F)OCC(F)(F)F,Inactive,0,,,-2
1114,11533061,6852407,C[C@@H]1[C@@H](O1)P(=O)([O-])[O-].[Na+],Inactive,0,,,-2
1115,8139903,3033877,CCCCCCCC(=O)OCC(CO)O,Inactive,0,,,-2
1116,846440,4235,C1COCCN1CCNC(=O)C2=CC=C(C=C2)Cl,Inactive,0,,,-2
1117,4256891,2905116,COC1=CC=CC(=C1)N2C(=O)CC(C2=O)C3=CNC4=CC=CC=C43,Inactive,0,,,-2
1118,7977831,2192557,C1CC2=C(/C(=C/C=C(Cl)Cl)/C1)OC(=O)C=C2,Inactive,0,,,-2
1119,14738540,4519229,CC1=CC=C(C=C1)C(=O)NC2=CC=CC=C2C(=O)NC(C(C)C)C(=O)O,Inactive,0,,,-2
1120,26660122,4526920,CC1(CC(CCO1)(CCN=CC2=CC=C(C=C2)N(C)C)C3=CC=C(C=C3)OC)C,Inactive,0,,,-2
1121,24783008,5053621,CCOC(=O)NN1C(NC2=CC=CC=C2C1=O)C3=CC(=C(C=C3)OC)OC,Inactive,0,,,-2
1122,22403141,710873,C1=CC=C2C(=C1)C(=O)N(C2=O)CC(=O)NC3=CC(=CC=C3)[N+](=O)[O-],Inactive,0,,,-2
1123,4265287,937442,CN(C)C(=S)C1=CC(=C(C=C1)O)OC,Inactive,0,,,-2
1124,56322751,50088,CC(C)COCC(CN(CC1=CC=CC=C1)C2=CC=CC=C2)N3CCCC3.Cl,Inactive,0,,,-2
1125,846775,649168,C1CCN(CC1)C(=O)C2(CCOCC2)C3=CC=CC=C3,Inactive,0,,,-2.1
1126,22415958,2917291,CCC1=CC2=C(C=C1OC(C)C(=O)NCCO)OC=C(C2=O)C3=NC(=CS3)C,Inactive,0,,,-2.1
1127,14732703,3519859,CC1(CC(=O)C2=C(O1)C=CC(=C2)O)C,Inactive,0,,,-2.1
1128,14725164,2888021,COC1=CC(=CC=C1)OCC2=C(C=CC(=C2)C3NC4=CC=CC=C4C(=O)N3CC5=CC=CO5)OC,Inactive,0,,,-2.1
1129,24785182,16188712,CC1=CC=C(C=C1)CN2CCN(CC2CCO)CC3=C(NN=C3)C4CCCCC4,Inactive,0,,,-2.1
1130,24785434,16188824,CC(C)CN1CCN(CC1CCO)CC2=CC=C(C=C2)C#CC(C)(C)O,Inactive,0,,,-2.1
1131,4265220,969581,CC1=CSC(=N1)CCC2=NC(=CS2)C,Inactive,0,,,-2.1
1132,855897,101430,C1=CC=C(C=C1)NC2=C3C(=NC=N2)N(C=N3)[C@H]4[C@@H]([C@@H]([C@H](O4)CO)O)O,Inactive,0,,,-2.1
1133,24796162,2936079,CCC(C)NCCOCCOC1=C(C=C(C=C1)Cl)Br.C(=O)(C(=O)O)O,Inactive,0,,,-2.1
1134,855835,3331,C1=CC=C(C=C1)C(COC(=O)N)COC(=O)N,Inactive,0,,,-2.1
1135,14742016,3849479,CC(C)NC(=O)N(C1C(N(C(=O)N1C(C)C)CC2=C(C(=CC=C2)OC)OC)(C)C)O,Inactive,0,,,-2.1
1136,11532866,57004,C(CC(C(F)F)(C(=O)O)N)CN.Cl,Inactive,0,,,-2.1
1137,855996,5282494,CCCCC(=O)O[C@@]1(CC[C@@H]2[C@@]1(C[C@@H]([C@H]3[C@H]2CCC4=CC(=O)CC[C@]34C)O)C)C(=O)CO,Inactive,0,,,-2.1
1138,4265458,5417112,CC1=C(C(=CC2=C1OC(=O)C=C2C3=CC=C(C=C3)OC)CN(C)C)O,Inactive,0,,,-2.1
1139,24785005,16188602,CC1(C2CCC(OC2C3=CC=CC=C3O1)(C)C#CC[N+]4(CCCCC4)C)C.[I-],Inactive,0,,,-2.1
1140,858361,659689,CC(C)CC(=O)NC1=CC2=C(C=C1)OC(=N2)C3=CC=NC=C3,Inactive,0,,,-2.1
1141,859524,54676047,C1CCC2=C(C1)C(=C(C(=O)N2)C(=O)NCCCN3CCOCC3)O,Inactive,0,,,-2.1
1142,855868,2391,CC(=O)OC1=CC=C(C=C1)C(C2=CC=C(C=C2)OC(=O)C)C3=CC=CC=N3,Inactive,0,,,-2.2
1143,24796083,2986538,CCN1C=C(C(=N1)C)CN2C(CC(=N2)C)C3=CC=CC=C3,Inactive,0,,,-2.2
1144,855837,101615,CN1[C@@H](CCC[C@@H]1CC(=O)C2=CC=CC=C2)C[C@@H](C3=CC=CC=C3)O.Cl,Inactive,0,,,-2.2
1145,859800,661102,C1CCC(CC1)NC(=O)NC2=C(NC3=CC=CC=C32)C(=O)O,Inactive,0,,,-2.2
1146,24780808,875556,CC(=O)N1CCN(CC1)C2=CC=C(C=C2)NC(=O)/C=C/C3=CC=CC=C3,Inactive,0,,,-2.2
1147,3717016,725661,CC1=CC(=CC=C1)NC(=O)C2=CC3=CC=CC=C3O2,Inactive,0,,,-2.2
1148,7973651,2249234,C1=CC(=C(C=C1C(=O)NCCO)Cl)Cl,Inactive,0,,,-2.2
1149,855562,3151,C1CN(CCC1N2C3=C(C=C(C=C3)Cl)NC2=O)CCCN4C5=CC=CC=C5NC4=O,Inactive,0,,,-2.2
1150,861774,663003,CC1=C(C=CC2=C1OC(=O)C3=C2CCC3)OC(=O)CNC(=O)OC(C)(C)C,Inactive,0,,,-2.2
1151,24840913,666241,CC(C)[C@@H](C(=O)NCC1CCC(CC1)C(=O)O)NC(=O)[C@@H]2CSCN2C(=O)OC(C)(C)C,Inactive,0,,,-2.2
1152,4261807,54687811,CN1C2=CC=CC=C2C(=C(C1=O)C(=O)NCCO)O,Inactive,0,,,-2.2
1153,24795951,16189722,CC1=CC=CC=C1OCC(CN2CCN(CC2)C)O.Cl,Inactive,0,,,-2.2
1154,24792374,906031,CC1=COC2=CC3=C(C=C12)C(=C(C(=O)O3)CCC(=O)O)C,Inactive,0,,,-2.2
1155,856015,207841,C1CCC(CC1)C(CCN2CCCC2)(C3=CC=CC=C3)O.Cl,Inactive,0,,,-2.2
1156,24794414,893374,COC1=C(C=C(C=C1)Br)C(=O)NC2=CC=C(C=C2)C(=O)O,Inactive,0,,,-2.2
1157,17432752,2882578,C1CCC2(CC1)OC3C(OC4C(C3O2)OC5(O4)CCCCC5)COC(=O)C6=CC=CC=C6,Inactive,0,,,-2.2
1158,14745540,5531,CCN(CC)C1=CC(=NC2=NC=NN12)C,Inactive,0,,,-2.2
1159,843314,6603179,CN1CCCC(C1)OC(=O)C2=CC3=C(C=C2)OCCO3.Cl,Inactive,0,,,-2.2
1160,17508609,538461,CC(=O)NC1C(C(C(OC1OCC2=CC=CC=C2)COC(=O)C)OC(=O)C)OC(=O)C,Inactive,0,,,-2.2
1161,857193,658546,CC1=CC=C(C=C1)NC2=C(C(C(C(C2)(C)O)C(=O)C)C3=CC=CO3)C(=O)C,Inactive,0,,,-2.3
1162,26658793,7529384,C1CN(CCC1CC2=CC=CC=C2)C(=O)N[C@@H](CC3=CC=CC=C3)C(=O)O,Inactive,0,,,-2.3
1163,24795931,888782,CCOC(=O)C1=CC=C(C=C1)NC(=S)NCCC2=CC=CC=C2F,Inactive,0,,,-2.3
1164,11532960,449459,CC/C(=C(\C1=CC=C(C=C1)O)/C2=CC=C(C=C2)OCCN(C)C)/C3=CC=CC=C3,Inactive,0,,,-2.3
1165,24804867,3156523,CCOC(=O)C1=C(OC2=C(C1C3=CC(=C(C=C3)F)F)OC(=CC2=O)CO)N,Inactive,0,,,-2.3
1166,856019,1967,CC1=C(C(=O)C(=C(C1=O)C)CCCCC#CCCCC#CCO)C,Inactive,0,,,-2.3
1167,855930,6410797,CC1=CC(=NN=C1NCCN2CCOCC2)C3=CC=CC=C3.Cl,Inactive,0,,,-2.3
1168,856266,5848270,C1CCC23C(C1)CC4=C(N2C5=C/C(=C(\C#N)/C(=O)N)/C=CC5=N3)CCCC4,Inactive,0,,,-2.3
1169,11533040,1318,C1=CC2=C(C3=C(C=CC=N3)C=C2)N=C1,Inactive,0,,,-2.3
1170,24806007,2829167,CC1=CC2=C(C=C1)N3CCN(C4C3=C2CCC4)C(=O)C,Inactive,0,,,-2.3
1171,17387822,11948867,CN(C)CC1=C(OC2=CC=CC=C2C1C3=CC=CC=C3)C4=CC=C(C=C4)OC.Cl,Inactive,0,,,-2.3
1172,17412651,1325191,CC1=C(C(=O)OC2=C1C=CC(=C2)OCC3=CC(=C(C(=C3)OC)OC)OC)CC4=CC=CC=C4,Inactive,0,,,-2.3
1173,24811760,5157698,CCOC(=O)C(C(C1=CC=C(C=C1)[N+](=O)[O-])O)NC(=O)C,Inactive,0,,,-2.3
1174,24790459,3316051,C1CCN(C1)C(=O)CCSC2=CC=CC=C2,Inactive,0,,,-2.3
1175,26665097,244386,COC1=C(C(=C2C(=C1)OC(=CC2=O)C3=CC=C(C=C3)O)OC)O,Inactive,0,,,-2.3
1176,855918,2343,C1=CC=C(C=C1)CSCC2=NS(=O)(=O)C3=CC(=C(C=C3N2)Cl)S(=O)(=O)N,Inactive,0,,,-2.3
1177,14722352,753293,CC12CN3CC(C1=O)(CN(C2)C34CCOCC4)C,Inactive,0,,,-2.4
1178,11532982,216284,CC1CCC[C@@H](CCCCCC2=C(C(=CC(=C2)O)O)C(=O)O1)O,Inactive,0,,,-2.4
1179,855957,2249,CC(C)NCC(COC1=CC=C(C=C1)CC(=O)N)O,Inactive,0,,,-2.4
1180,24808250,2876068,CC(C)(C)OC(=O)N1CCCC1C(=O)NC2=CC=C(C=C2)OC,Inactive,0,,,-2.4
1181,855630,91430,CC1=CC=C(C=C1)N(CC2=NCCN2)C3=CC(=CC=C3)O.CS(=O)(=O)O,Inactive,0,,,-2.4
1182,11533023,6852404,CC(=O)O[C@H]1CC[C@@H]2[C@@]1(CC[C@H]3[C@H]2CCC4=C3C=CC(=C4)O)C,Inactive,0,,,-2.4
1183,11532920,5879,C[C@]12CC[C@H](C[C@@H]1CC[C@@H]3[C@@H]2CC[C@]4([C@H]3CCC4=O)C)O,Inactive,0,,,-2.4
1184,855954,3883,CC1=C(C=CN=C1CS(=O)C2=NC3=CC=CC=C3N2)OCC(F)(F)F,Inactive,0,,,-2.4
1185,11533016,6852400,CC(C)(C)[C@@]1(CCN2C[C@H]3C4=CC=CC=C4CCC5=C3C(=CC=C5)[C@@H]2C1)O.Cl,Inactive,0,,,-2.4
1186,855649,5834,CC(=O)OCC(=O)[C@]1(CC[C@@H]2[C@@]1(C[C@@H]([C@H]3[C@H]2CCC4=CC(=O)C=C[C@]34C)O)C)O,Inactive,0,,,-2.4
1187,14731437,3754294,CCC1(CC2=NC(=C(C=C2CO1)C(=O)OCC)N)C,Inactive,0,,,-2.4
1188,855991,21718,CCN(CCCC1=CC=CC=C1)CCCC2=CC=CC=C2.C(C(=O)O)C(CC(=O)O)(C(=O)O)O,Inactive,0,,,-2.4
1189,862763,135427462,CCN1C(=O)C(=C(N=C1SCC)O)C2C3=C(C(=C(C=C3)OC)OC)C(=O)O2,Inactive,0,,,-2.4
1190,855865,441344,CCN(CC)CCOC(=O)C1(CCCCC1)C2CCCCC2.Cl,Inactive,0,,,-2.4
1191,855888,104871,C[N+]1(CCC2=CC3=C(C=C2[C@H]1[C@H]4C5=C(C6=C(C=C5)OCO6)C(=O)O4)OCO3)C.[I-],Inactive,0,,,-2.4
1192,26664543,67473,C1=CC2=C(C3=C(C=C2)N=CC=C3)N=C1,Inactive,0,,,-2.4
1193,14742085,657302,C1=CC=C(C=C1)C2(C(=O)[N-]C(=O)N2)C3=CC=CC=C3.[Na+],Inactive,0,,,-2.4
1194,24787856,881364,CCC1=C(OC2=C1C3=C(C=C2)C(=CC(=O)O3)C)C(=O)C,Inactive,0,,,-2.4
1195,22410079,2441921,C1=CC=C(C=C1)CNC(=S)NCC2=CC(=CC=C2)CNC(=S)NCC3=CC=CC=C3,Inactive,0,,,-2.4
1196,864237,665484,CC1(CC(CC(N1)(C)C)NC(=O)[C@@H]2CSC3N2C(=O)C4=C3C=CC(=C4OC)OC)C,Inactive,0,,,-2.4
1197,24795747,888550,CC1=C(C=C(C=C1)NCCC(=O)C2=CC=CC=C2)Cl,Inactive,0,,,-2.5
1198,7966349,658881,CC1=CC2=C(C=C1)NC3=C2N=CN(C3=O)CCCN4CCN(CC4)C,Inactive,0,,,-2.5
1199,11533055,6852406,CN1[C@@H]2CC(C[C@H]1[C@H]3[C@@H]2O3)OC(=O)[C@H](CO)C4=CC=CC=C4.Cl,Inactive,0,,,-2.5
1200,24787326,776333,COC1=C(C=C(C=C1)C2=C(C=NN2)C=O)OC,Inactive,0,,,-2.5
1201,7977102,785977,CC1=NN=C2N1C(CC3=CC(=C(C=C32)OC)OC)(C)C,Inactive,0,,,-2.5
1202,24812895,16193822,CN1C=C(C2=CC=CC=C21)/C=C(/C(=O)NCCCO)\NC(=O)C3=CC(=C(C(=C3)OC)OC)OC,Inactive,0,,,-2.5
1203,11532949,5311281,C[C@@H]1CCC[C@H](/C=C/C(=O)O[C@]23[C@@H](/C=C/C1)[C@@H](C(=C)[C@H]([C@H]2[C@@H](NC3=O)CC4=CC=CC=C4)C)O)O,Inactive,0,,,-2.5
1204,4258722,694419,CN1C2=C(C(=O)NC1=O)N(C=N2)CCN3CCOCC3,Inactive,0,,,-2.5
1205,14746261,2294690,CC1=CC=C(C=C1)C(=O)N2CC3(CN(CC(C2)(C3=O)C(C)C)C(=O)C4=CC=C(C=C4)C)C(C)C,Inactive,0,,,-2.5
1206,24785746,2266465,CNC1=NC(=NC(=N1)OCC(F)(F)F)NC2=CC=CC=C2,Inactive,0,,,-2.5
1207,3711850,2997791,C[C@]12CCC(=O)C=C1CCC3C2CC[C@]4(C3CC[C@]4(CC#N)O)C,Inactive,0,,,-2.6
1208,855887,23681059,C[C@@H](C1=CC2=C(C=C1)C=C(C=C2)OC)C(=O)[O-].[Na+],Inactive,0,,,-2.6
1209,24830251,4360801,CC1=CC2=C(C=C1)N(C3C2CN(CC3)C)C(=O)COC4=CC=C(C=C4)OC,Inactive,0,,,-2.6
1210,865464,5390035,C1=CC=C2C(=C1)[C@]3([C@H]4[C@@H]([C@@H](N3)CC5=CC=C(C=C5)O)C(=O)N(C4=O)C6=CC=C(C=C6)F)C(=O)N2,Inactive,0,,,-2.6
1211,855900,1986,CC(=O)NC1=NN=C(S1)S(=O)(=O)N,Inactive,0,,,-2.6
1212,856533,5389034,CCOC(=O)C1=C(C(=O)C2=C(O1)C=C(C=C2C)O)C3=CSC=N3,Inactive,0,,,-2.6
1213,11532870,7108,C1=CC=C2C(=C1)NC3=CC=CC=C3S2,Inactive,0,,,-2.6
1214,24783558,16188171,CCN(CC1=CC=NC=C1)CC2=NC(=NO2)CC3=CC=CC=C3Cl,Inactive,0,,,-2.6
1215,855854,4993,CCC1=C(C(=NC(=N1)N)N)C2=CC=C(C=C2)Cl,Inactive,0,,,-2.6
1216,11533008,6420013,COC1=CC(=C(C(=C1)OC)C(=O)CCCN2CCCC2)OC.Cl,Inactive,0,,,-2.6
1217,24795414,1002526,C1OC2=C(O1)C=C(C=C2)C3=NC4=C(C=C(C=C4)Br)C(=C3)C(=O)O,Inactive,0,,,-2.6
1218,14726334,972737,CC(C)NC(=O)C1(CCOCC1)C2=CC=CC=C2,Inactive,0,,,-2.6
1219,11532957,2761171,CCC1=NC=CC(=C1)C(=S)N,Inactive,0,,,-2.7
1220,24796047,2987266,CCC(=O)NC1=CC=C(C=C1)C(=O)N2CCN(CC2)C(=O)C3=CC=CO3,Inactive,0,,,-2.7
1221,24781028,613778,CC1CN=C(S1)NC2=CC=C(C=C2)OC,Inactive,0,,,-2.7
1222,14730484,33334,COC1=CC2=C(C=C1)N=C(S2)NC(=O)NC3=CC=CC=C3,Inactive,0,,,-2.7
1223,14729769,1491068,C1CCC(=O)N(CC1)CC2=CC=CC=C2,Inactive,0,,,-2.7
1224,855720,5319,C1=CC=C(C=C1)C(=O)NS(=O)(=O)C2=CC=C(C=C2)N,Inactive,0,,,-2.7
1225,855842,3169,C1CN(CCN1CC(CO)O)C2=CC=CC=C2,Inactive,0,,,-2.7
1226,4250524,3244322,CC(C)OC(=O)C1C(C(C(CC1=O)(C)O)C(=O)OC(C)C)C2=CC(=CC=C2)O,Inactive,0,,,-2.7
1227,17511860,707760,CCC1=CC(=O)OC2=CC3=C(C=C12)C(=CO3)C4=CC(=C(C=C4)OC)F,Inactive,0,,,-2.7
1228,8139976,546,C(C(=O)O)P(=O)(O)O,Inactive,0,,,-2.7
1229,4251251,3244963,CC1=C2C(C(C(CC2=NN1)(C)O)C(=O)C)C3=CC(=C(C=C3)OC)OC,Inactive,0,,,-2.7
1230,3715988,1933725,CCOC1=C(C=C2C3=C(CCC3)C(=O)OC2=C1)Cl,Inactive,0,,,-2.7
1231,855653,23663967,CCCC(=O)NC1=C2C(=NC=N1)N(C=N2)[C@H]3[C@@H]([C@H]4[C@H](O3)COP(=O)(O4)[O-])OC(=O)CCC.[Na+],Inactive,0,,,-2.7
1232,11533059,359323,C1=CC(=CC=C1C(=N)N)OCCCCCOC2=CC=C(C=C2)C(=N)N.C(CS(=O)(=O)O)O,Inactive,0,,,-2.7
1233,11532958,3373,CCOC(=O)C1=C2CN(C(=O)C3=C(N2C=N1)C=CC(=C3)F)C,Inactive,0,,,-2.7
1234,14724061,696431,CCOC(=O)/C=C\1/C2=CC(=C(C=C2CC(N1)(C)C)OC)OC,Inactive,0,,,-2.8
1235,849513,652005,C1CC(=O)N(C1)C(=O)CCC(=O)N2CCCC2=O,Inactive,0,,,-2.8
1236,4255980,2224061,CC12CN3CC(C1=O)(CN(C2)C34CCCCC4)C5=CC=CC=C5,Inactive,0,,,-2.8
1237,855793,17683,CCN(CCCCOC(=O)C1=CC(=C(C=C1)OC)OC)C(C)CC2=CC=C(C=C2)OC.Cl,Inactive,0,,,-2.8
1238,14733805,944716,COC1=CC(=CC(=C1)NC(=O)N[C@@H](CC2=CC=CC=C2)C(=O)O)OC,Inactive,0,,,-2.8
1239,24783645,16188200,C1CC(OC1)CNC(=O)C2=CC=C(C=C2)OC3CCN(CC3)C(=O)C4CC4,Inactive,0,,,-2.8
1240,14740603,804849,COC1=C(C=C(C=C1)CC(=O)C2=C(C=C(C=C2O)O)O)OC,Inactive,0,,,-2.8
1241,7976498,2891597,CCOC(=O)C1=C(OC2=CC(=C(C=C21)OC(C)C(=O)OCC)Br)C,Inactive,0,,,-2.8
1242,11532939,19910,C1=CC2=C(C=CC(=C2N=C1)O)[N+](=O)[O-],Inactive,0,,,-2.8
1243,26664448,227884,CC(C)C1=CC=C(C=C1)C(=O)NC(C)C,Inactive,0,,,-2.8
1244,855658,10607,COC1=CC(=CC(=C1OC)OC)[C@H]2[C@@H]3[C@H](COC3=O)[C@H](C4=CC5=C(C=C24)OCO5)O,Inactive,0,,,-2.8
1245,862319,663548,CC(C)C[C@@H](C(=O)O)NC(=O)NC1=CC=CC(=C1)C(=O)C,Inactive,0,,,-2.8
1246,4264551,1130523,CCC1=CC2=C(C(=C1O)CN3CCN(CC3)C)OC=C(C2=O)C4=NC5=CC=CC=C5N4C,Inactive,0,,,-2.8
1247,26662596,5717398,C1OC2=C(O1)C=C(C=C2)/C=C/C(=O)C3=CC=CC=N3,Inactive,0,,,-2.8
1248,855526,9373,CN(CC#C)CC1=CC=CC=C1.Cl,Inactive,0,,,-2.8
1249,11532935,65663,CCOC(=O)[C@@H]1[C@H](O1)C(=O)N[C@@H](CC(C)C)C(=O)NCCC(C)C,Inactive,0,,,-2.8
1250,862968,664206,C1CCC2(CCN(C(C2C1)C3=CC4=C(C=C3)OCO4)CC5=CC(=CC=C5)F)O,Inactive,0,,,-2.8
1251,855980,35370,CC1=CN(C(=O)NC1=O)[C@H]2C[C@@H]([C@H](O2)CO)N=[N+]=[N-],Inactive,0,,,-2.8
1252,855540,5328770,C1=CC=C(C=C1)CCCNC(=O)/C(=C/C2=CC(=C(C=C2)O)O)/C#N,Inactive,0,,,-2.8
1253,856011,5328,CC1=NN=C(S1)NS(=O)(=O)C2=CC=C(C=C2)N,Inactive,0,,,-2.8
1254,11533002,2724385,C[C@@H]1[C@H]([C@H](C[C@@H](O1)O[C@@H]2[C@H](O[C@H](C[C@@H]2O)O[C@@H]3[C@H](O[C@H](C[C@@H]3O)O[C@H]4CC[C@]5([C@@H](C4)CC[C@@H]6[C@@H]5C[C@H]([C@]7([C@@]6(CC[C@@H]7C8=CC(=O)OC8)O)C)O)C)C)C)O)O,Inactive,0,,,-2.8
1255,24780824,326784,CC1(C2=C(CC(N1)C(=O)O)C3=CC=CC=C3N2)C,Inactive,0,,,-2.8
1256,24789679,592744,C1=C(C=C(C(=C1O)O)O)C(=O)NN,Inactive,0,,,-2.8
1257,855564,5853,COP(=O)(C(C(Cl)(Cl)Cl)O)OC,Inactive,0,,,-2.9
1258,24796247,2987756,C1COCCN1CCCNC(=S)NC2=CC(=CC(=C2)F)F,Inactive,0,,,-2.9
1259,4245287,2861856,CN1C2CCC1CC(C2)OC(=O)C3=CC=C(C=C3)Cl.Cl,Inactive,0,,,-2.9
1260,24780059,16187218,CC1=CC=CC=C1C2=NN(C=C2CNCCN(C)C)C3=C(C=C(C=C3)F)F,Inactive,0,,,-2.9
1261,11532969,66414,C[C@]12CC[C@H]3[C@H]([C@@H]1CC[C@@H]2O)CCC4=CC(=C(C=C34)OC)O,Inactive,0,,,-2.9
1262,855895,41860,CC(C)NCC(COC1=CC=C(C=C1)CCOC)O.[C@@H]([C@H](C(=O)O)O)(C(=O)O)O,Inactive,0,,,-2.9
1263,860716,661993,CC(=O)C1=C(N=C2CCCCCN2C1=O)N,Inactive,0,,,-2.9
1264,4263327,620880,C1=CC(=CC=C1O)OC2=C(C=C(C=N2)Cl)Cl,Inactive,0,,,-2.9
1265,855898,2435,C1CN=C(N1)NC2=C(C3=NC=CN=C3C=C2)Br,Inactive,0,,,-2.9
1266,24786665,269720,CC1=CC(=CC=C1)N2CCN(CC2)C(=S)C3=CC=CC=C3,Inactive,0,,,-2.9
1267,17386074,7309015,CC1=CC(=O)OC2=C1C=CC(=C2C(=O)/C=C\C3=CC(=C(C=C3)OC)OC)O,Inactive,0,,,-2.9
1268,24826910,16195981,COC1=CC=C(C=C1)C(=O)CCN2CCC3=CC(=C(C=C3C2)OC)OC.Cl,Inactive,0,,,-2.9
1269,7969328,645004,CC(C)OC(=O)C1C2C=CC3(C1C(=O)N(C3)CC4CCCO4)O2,Inactive,0,,,-2.9
1270,14726855,484122,COC1=C(C=C(C=C1)C2NC3=CC=CC=C3C(=O)N2)OC,Inactive,0,,,-2.9
1271,4256695,885873,CCCC(=O)NC1=CC=CC=C1NC(=O)C,Inactive,0,,,-2.9
1272,857919,659273,C[C@@H]1C[C@@H](C2=CC=CC=C2N1C(=O)C3=CN=CC=C3)NC4=CC=CC=C4,Inactive,0,,,-2.9
1273,7966560,62978,COC1=C(C=C2C(=C1)C(=NC(=N2)N3CCN(CC3)C(=O)C4COC5=CC=CC=C5O4)N)OC.CS(=O)(=O)O,Inactive,0,,,-2.9
1274,7974290,12901,COP(=S)(OC)SCN1C(=O)C2=CC=CC=C2C1=O,Inactive,0,,,-2.9
1275,24798308,969256,CC1=CC(=CC=C1)N2C(=NNC2=S)CC3=CC=CC=C3,Inactive,0,,,-2.9
1276,24795503,888685,C1COC2=C(O1)C=CC(=C2)NC(=S)NC(=O)C3=CC=CC=C3F,Inactive,0,,,-3
1277,17433150,879632,CC(C)C(=O)NC1=CC=C2CCC3=C2C1=CC=C3,Inactive,0,,,-3
1278,26669541,1860317,C1CCCN(CC1)C(=O)C2=C3C4=CC=CC=C4CC5(N3C(=O)C2=O)CCCC5,Inactive,0,,,-3
1279,855916,123664,CC(C)CCNC(=O)[C@H](CC(C)C)NC(=O)[C@@H]1[C@H](O1)C(=O)O,Inactive,0,,,-3
1280,8139900,1727,C1=CN=CC=C1N,Inactive,0,,,-3
1281,24795751,2936390,CCC1(NC(=S)N(N1)C2=CC(=C(C=C2)C)C)C3=CC=CC=C3,Inactive,0,,,-3
1282,858978,660281,CC(C)CC1=NC(=C(C2=C1COC(C2)(C)C)C#N)NCCN3CCOCC3,Inactive,0,,,-3
1283,855703,5560,C1=C2C(=CC(=C1Cl)S(=O)(=O)N)S(=O)(=O)NC(N2)C(Cl)Cl,Inactive,0,,,-3
1284,855874,6249,CC1([C@@H](N2[C@H](S1)[C@@H](C2=O)NC(=O)[C@@H](C3=CC=CC=C3)N)C(=O)O)C,Inactive,0,,,-3
1285,7968859,3122167,CC(=O)C1=C(C(=O)N(C1C2=CC=CC=C2Cl)CC(=O)O)O,Inactive,0,,,-3
1286,11533054,5282367,CC1=C(C(=O)C2=CC=CC=C2C1=O)C/C=C(\C)/CC/C=C(\C)/CC/C=C(\C)/CCC=C(C)C,Inactive,0,,,-3
1287,24785179,16188709,CC1=NC=C(S1)CN2CCC(CC2)(CCC3=CC=CC=C3)CO,Inactive,0,,,-3
1288,14724242,3137841,CC1=CC2=C(C=C1)N3CCCN(C4C3=C2CCC4)CC5=CC=CC=C5,Inactive,0,,,-3
1289,24787327,2268638,C=CCNC(=O)C1=CC=C(O1)C2=CC(=CC=C2)[N+](=O)[O-],Inactive,0,,,-3
1290,855710,16362,C1CN(CCC1N2C3=CC=CC=C3NC2=O)CCCC(C4=CC=C(C=C4)F)C5=CC=C(C=C5)F,Inactive,0,,,-3
1291,855799,657308,CC(C)[N+]1([C@@H]2CC[C@H]1CC(C2)OC(=O)C(CO)C3=CC=CC=C3)C.[Br-],Inactive,0,,,-3
1292,857279,658621,C1CCC(=CC1)CCN2C=NC3=C(C2=O)NC4=CC=CC=C43,Inactive,0,,,-3.1
1293,848472,6603466,C1=CC=C(C=C1)COCC2=C3C=CC=NC3=C(C=C2)O.Cl,Inactive,0,,,-3.1
1294,11533029,456201,CC(=O)N1CCN(CC1)C2=CC=C(C=C2)OC[C@H]3CO[C@](O3)(CN4C=CN=C4)C5=C(C=C(C=C5)Cl)Cl,Inactive,0,,,-3.1
1295,855999,16230,C1(=C(N=C(C(=N1)Cl)N)N)C(=O)N=C(N)N.Cl,Inactive,0,,,-3.1
1296,22413778,15945735,CN1C2=C(C(=O)N(C1=O)CCOC(=O)C3=CC(=C(C(=C3)OC)OC)OC)N(C=N2)CCN(C)C.Cl,Inactive,0,,,-3.1
1297,7974512,28576,C1C2=CC=CC=C2C(NC1=O)C3=CC=CC=C3,Inactive,0,,,-3.1
1298,22416060,587311,CC1(C(OC(=O)C(C1=O)(C)C)C(=O)C2=CC=C(C=C2)Cl)C,Inactive,0,,,-3.1
1299,24802191,135455109,CCOC(=O)CC1=C(N=C(NC1=O)N)C,Inactive,0,,,-3.1
1300,24790297,5349053,C1=CC(=CC(=C1)Br)C(=O)O/N=C(/C2=CC=NC=C2)\N,Inactive,0,,,-3.1
1301,855673,66069,CN(C)CCCN1C2=CC=CC=C2SC3=C1C=C(C=C3)C(F)(F)F.Cl,Inactive,0,,,-3.1
1302,7970311,2155043,C1=CC(=CC=C1CCNC2=NC=NC3=C2NC=N3)Cl,Inactive,0,,,-3.1
1303,22403206,1361220,COC1=CC=CC(=C1)CN2CCN(CC2)C(=O)C3=CC=C(C=C3)C4=CC=CC=C4,Inactive,0,,,-3.1
1304,11532959,71401,C1=CC(=C(C(=C1)Cl)CC(=O)N=C(N)N)Cl.Cl,Inactive,0,,,-3.1
1305,862066,5389678,CCC1=CC(=O)OC2=C1C(=C(C(=C2)C)CN3CCCC(C3)C)O,Inactive,0,,,-3.1
1306,856010,6603122,CC(C(C1=CC=C(C=C1)O)O)NCCC2=CC=C(C=C2)O.Cl,Inactive,0,,,-3.1
1307,855552,2913535,CN1CCN(CC1)CCCN2C3=CC=CC=C3SC4=C2C=C(C=C4)C(F)(F)F.Cl,Inactive,0,,,-3.1
1308,26659796,873105,CC(=O)CCC1=C(C2=CC=CC=C2O1)C3=CC=CC=C3,Inactive,0,,,-3.1
1309,4256524,1317004,CN1C2=CN(C(=C2C(=O)N(C1=O)C)C3=CC=C(C=C3)OC)C4CCCCC4,Inactive,0,,,-3.1
1310,852270,5742127,C/C=C/CN1C2=C(N=C1SC)N(C(=O)NC2=O)C,Inactive,0,,,-3.1
1311,4255032,854516,CCOC1=CC2=C(C=C1)OC(=C2C(=O)O)C3=CC=CC=C3,Inactive,0,,,-3.1
1312,855763,17275,C1CN=C(N1)CN(CC2=CC=CC=C2)C3=CC=CC=C3.Cl,Inactive,0,,,-3.2
1313,17511710,3742300,CC1=CC=C(C=C1)S(=O)(=O)NC(C(C)C)C(=O)OC2=C(C=C3C(=CC(=O)OC3=C2)C)Cl,Inactive,0,,,-3.2
1314,4251949,11257,CC(=O)NC1=CC=C(C=C1)S(=O)(=O)C2=CC=C(C=C2)N,Inactive,0,,,-3.2
1315,26662471,3820305,CC1=C(C2=CC=CC=C2N1)C3(C4=CC=CC=C4N(C3=O)CC#C)O,Inactive,0,,,-3.2
1316,855675,2471,CCCCNC1=C(C(=CC(=C1)C(=O)O)S(=O)(=O)N)OC2=CC=CC=C2,Inactive,0,,,-3.2
1317,7975194,2841560,CC(C)CC(=O)OC1C(C2=C(C=CC3=C2OC(=O)C=C3)OC1(C)C)OC(=O)C,Inactive,0,,,-3.2
1318,24783559,16188172,C1CC(CN(C1)CC2=CC=C(C=C2)OC3=NC=CC=N3)C(=O)C4=CC=C(C=C4)Cl,Inactive,0,,,-3.2
1319,14728434,5341704,CC1=CC=C(O1)C2=C(OC3=C2C=C(C=C3)Cl)CC/C(=N/O)/C,Inactive,0,,,-3.2
1320,7974875,743130,CC1(CC2=NC(=NC=C2C(=O)C1)NC(=O)C3CCCC3)C,Inactive,0,,,-3.2
1321,855655,4977,CC(CN1C=NC2=C1C(=O)N(C(=O)N2C)C)O,Inactive,0,,,-3.2
1322,865889,667147,C1CC2=CC3=C(C=C2C1)OC(=O)C=C3CN4C=CN=C4,Inactive,0,,,-3.2
1323,855822,5388988,C1[C@H]2CC([C@@H]1C=C2)C3NC4=CC(=C(C=C4S(=O)(=O)N3)S(=O)(=O)N)Cl,Inactive,0,,,-3.2
1324,24805244,3078422,CC1(CC2=CC=CC=C2C(=N1)C(CC3=CC=CC=C3)C(=O)N)C,Inactive,0,,,-3.2
1325,14737002,2850491,COC1=C(C=C(C=C1)C=NCC2COC3=CC=CC=C3O2)OC.Cl,Inactive,0,,,-3.2
1326,862703,5389768,C[C@@H](C(=O)O)NC(=O)NC1=CC=CC=C1F,Inactive,0,,,-3.2
1327,24795580,2985531,C1CCN(C1)C(=O)C2=CC3=C(O2)C=CC(=C3)Br,Inactive,0,,,-3.2
1328,24786179,16188982,COC1CCN(CC1)CC2=CN(N=C2C3=CC4=CC=CC=C4O3)CC5=CC=CC=C5,Inactive,0,,,-3.3
1329,24785181,16188711,CC(C)CCN1CCN(CC1CCO)CC2=CC=C(C=C2)SC,Inactive,0,,,-3.3
1330,4248602,1263102,CC1=C(C(=O)OC2=C1C(=CC(=C2)OC)OC)Cl,Inactive,0,,,-3.3
1331,24832652,3858914,C1C(N(CC2=CC=CC=C21)S(=O)(=O)C3=CC=CC=C3)C(=O)O,Inactive,0,,,-3.3
1332,14733990,12543,CC1=CC=C(C=C1)S(=O)(=O)NC,Inactive,0,,,-3.3
1333,863414,664667,CC1=CC2=C(C(=O)O1)C3(C4=CC(=CC5=C4N(C3=O)C(C=C5C)(C)C)OC)C(=C(O2)N)C#N,Inactive,0,,,-3.3
1334,26665361,5357469,C1=CC=C(C=C1)/C=C/C2=NC3=CC=CC=C3C=C2,Inactive,0,,,-3.3
1335,24796046,2987342,CC(C)(C)C(=O)NC(=S)NNC(=O)C1=CC=NC=C1,Inactive,0,,,-3.3
1336,14727921,151814,C1=CSC(=C1)C(=O)CCC(=O)C2=CC=CS2,Inactive,0,,,-3.3
1337,24790345,5347398,C1CCN(C1)C2=C(C=C(C=C2)/C=N/N3C=NN=C3)[N+](=O)[O-],Inactive,0,,,-3.3
1338,22404414,2914367,CC(=O)NC(CC1=CC=CC=C1)C(=O)OCC(=O)C2=CC=CC=C2,Inactive,0,,,-3.3
1339,14736573,2965350,CC(C)C1CC(CCO1)(CC(=O)N2CCCCC2)C3=CC=CC=C3OC,Inactive,0,,,-3.3
1340,24828861,9560222,C1=CC(=C(C(=C1)Cl)Cl)/C=N/N=C(N)N,Inactive,0,,,-3.3
1341,24795930,2936905,COC1=CC=C(C=C1)NC(=S)N2CCN(CC2)CCN3C(=O)C4=CC=CC5=C4C(=CC=C5)C3=O,Inactive,0,,,-3.3
1342,14742637,4970140,CCN1C(=CC2=C(C1=O)C(C(=C(O2)N)C(=O)OC)C3=CC=CC=C3)C,Inactive,0,,,-3.3
1343,24810015,752596,CC(C)C1=CC2=C(C=C1)NC3=C2CCCC3=O,Inactive,0,,,-3.4
1344,24790431,797672,C1CCCC(CC1)NC(=O)CNC(=O)OCC2=CC=CC=C2,Inactive,0,,,-3.4
1345,26660602,940069,CC1=CC(=C2C(=CC(=O)OC2=C1)CCl)C,Inactive,0,,,-3.4
1346,24786687,2884286,CCOC1=CC=C(C=C1)N2C(=O)CC(C2=O)NCCNC3=NC=C(C=C3)[N+](=O)[O-],Inactive,0,,,-3.4
1347,4255590,5391089,CC1=CC(=O)OC2=C1C=CC(=C2CN(C)CC3=CC=CC=C3)O,Inactive,0,,,-3.4
1348,24831819,3852812,CN(C)C1=CC=C(C=C1)C(CN)C2=CNC3=CC=CC=C32,Inactive,0,,,-3.4
1349,26661451,3815867,CC1(C2(CCC1(C(=O)C2=O)C(=O)NNC3=CC=CC=C3)C)C,Inactive,0,,,-3.4
1350,851689,654282,C1CCC2(CC1)C3N(CCN2)C(=O)CS3,Inactive,0,,,-3.4
1351,855863,2708,C1=CC(=CC=C1CCCC(=O)O)N(CCCl)CCCl,Inactive,0,,,-3.4
1352,22403288,877977,CCC(=O)C1=CC=C(C=C1)OCC2=CC=C(C=C2)C(=O)OC,Inactive,0,,,-3.4
1353,22412376,1600641,CC1=C2CC(N/C(=C\C(=O)N)/C2=CC=C1)(C)C,Inactive,0,,,-3.4
1354,855884,32798,CCC(=O)O[C@@]1([C@H](C[C@@H]2[C@@]1(C[C@@H]([C@]3([C@H]2CCC4=CC(=O)C=C[C@@]43C)F)O)C)C)C(=O)CCl,Inactive,0,,,-3.4
1355,22416425,898201,C1OC2=C(O1)C=C(C=C2)/C=C/C(=O)NCC3=CC=C(C=C3)F,Inactive,0,,,-3.4
1356,14723136,2957802,C=CC1=C(N2C(C(C2=O)NC(=O)CC3=CC=CC=C3)SC1)C(=O)O,Inactive,0,,,-3.4
1357,22416331,1769793,C1CCC(C1)NC(=O)CCCCC(=O)NC2CCCC2,Inactive,0,,,-3.4
1358,24783938,16188277,CC1=CC=C(C=C1)CN2CCN(CC2CCO)CCCC3=CC=CC=C3,Inactive,0,,,-3.4
1359,7972364,790340,CC1=C2C(=CC=C1)C(=C(C(=O)N2)CCC(=O)C)C,Inactive,0,,,-3.4
1360,7975503,5310782,CC(=CC/C=C/1\CCC(C(C1)C(=O)O)C(=O)O)C,Inactive,0,,,-3.4
1361,24796149,5292997,COCCN1C2=CC=CC=C2N=C1/C=C/C3=CC=CC=C3,Inactive,0,,,-3.4
1362,17512971,5915311,COC1=CC=C(C=C1)/C=C/C(=O)NC(=S)NN2CCCCC2C3=CN=CC=C3,Inactive,0,,,-3.5
1363,11532933,439616,C1=CC=C(C=C1)[C@@H](C(=O)O)O,Inactive,0,,,-3.5
1364,855615,1688,CN1C(=O)CN=C(C2=C1C=CC(=C2)Cl)C3=CC=C(C=C3)Cl,Inactive,0,,,-3.5
1365,7964615,5307128,CN1C2=C(C=C(C=C2)S(=O)(=O)N3CCC4=CC=CC=C4C3)OC1=O,Inactive,0,,,-3.5
1366,17402985,28446,CNC1=C2CCCCC2=NN1C,Inactive,0,,,-3.5
1367,17401514,3967407,CC1=CC(=CC=C1)N2C(=O)C3C(C2=O)C4(C(=O)C5=CC=CC=C5C4=O)OC3C6=CC=CC=C6,Inactive,0,,,-3.5
1368,24795749,1299413,C=CCN1C(=O)C2=CC=CC=C2N=C1SCC(=O)NC3CCCCC3,Inactive,0,,,-3.5
1369,17413662,5734190,COC1=CC(=C(C=C1)O)C(=O)/C=C/C2=CC3=CC=CC=C3O2,Inactive,0,,,-3.5
1370,24786672,681236,C1=CC=C(C(=C1)NC(=S)NC2=CC=C(C=C2)F)Cl,Inactive,0,,,-3.5
1371,24784374,16188413,CCN1C=CN=C1CN(C)CC2=CN(N=C2C3=CC(=CC=C3)F)C4=CC=CC(=C4)C,Inactive,0,,,-3.5
1372,856358,148737,COC1=CC=C(C=C1)CN2CCC(=O)NC2=O,Inactive,0,,,-3.5
1373,855972,6128,C[C@]12CCC(=O)C=C1CC[C@@H]3[C@@H]2CC[C@]4([C@H]3CCC4=O)C,Inactive,0,,,-3.5
1374,848455,650896,C1=CC=C2C(=C1)C(=O)N(C=N2)CCC(=O)O,Inactive,0,,,-3.5
1375,11533056,2756,CC1=C(N=CN1)CSCCNC(=NC)NC#N,Inactive,0,,,-3.5
1376,26659423,4562365,COC1=CC=C(C=C1)N2C(=O)C3C4CCCN4C(C3C2=O)C(=O)C5=CC=CC=C5,Inactive,0,,,-3.5
1377,17513014,12005683,C1=CC=C(C=C1)C(=O)[C@@H]2[C@H](N3C=CC4=CC=CC=C4[C@@H]3[C@@]25C6=CC=CC=C6NC5=O)C(=O)C7=CC=C(C=C7)F,Inactive,0,,,-3.6
1378,24795707,2936085,CCC(=O)OC1=CC=C(C=C1)C(=O)NC2=CC=C(C=C2)[N+](=O)[O-],Inactive,0,,,-3.6
1379,855734,13266,C1=CC=C(C=C1)CCN=C(N)N=C(N)N.Cl,Inactive,0,,,-3.6
1380,24796130,5737524,C1COCCN1C(=O)/C(=C\C=C/C2=CC=CC=C2)/NC(=O)C3=CC=C(C=C3)Br,Inactive,0,,,-3.6
1381,26659088,16681795,CC(C)C[C@@H](C(=O)NCC1CCC(CC1)C(=O)O)NC(=O)[C@@H]2CC3=CC=CC=C3CN2C(=O)OC(C)(C)C,Inactive,0,,,-3.6
1382,8139977,5458181,C[C@@H]([C@H](C1=NC=C(C=C1)O)O)[C@H](C(=O)N[C@H]([C@H]2[C@@H]([C@@H]([C@H](O2)N3C=CC(=O)NC3=O)O)O)C(=O)O)N,Inactive,0,,,-3.6
1383,855806,9912,CN1C2=C(C(=O)N(C1=O)C)N(C=N2)CC(CN(C)CCO)O.C1=CC(=CN=C1)C(=O)O,Inactive,0,,,-3.6
1384,11533053,197763,CC(=O)OC(CC(=O)O)C[N+](C)(C)C.[Cl-],Inactive,0,,,-3.6
1385,7966989,4103652,CC(=O)NC1=C(OC2=C1C=C(C=C2)Br)C(=O)C3=CC=C(C=C3)OC,Inactive,0,,,-3.6
1386,855935,4764,C1=CC=C2C(=C1)C(=O)OC2(C3=CC=C(C=C3)O)C4=CC=C(C=C4)O,Inactive,0,,,-3.6
1387,17412739,2188092,CCOC1=C(C=CC(=C1)C=O)OCCSC2=CC=C(C=C2)C,Inactive,0,,,-3.6
1388,855647,5405,CC(C)(C)C1=CC=C(C=C1)C(CCCN2CCC(CC2)C(C3=CC=CC=C3)(C4=CC=CC=C4)O)O,Inactive,0,,,-3.6
1389,24797518,2938460,CN1CCC2=C(C1=O)N(C3=CC=CC=C23)CC(CN(CCO)CCO)O.Cl,Inactive,0,,,-3.6
1390,8139941,68014,C1=CC(=C(C=C1CC(=O)O)F)O,Inactive,0,,,-3.6
1391,24796371,2238398,CC1=CC=CC=C1NC(=O)NCCC2=CNC3=CC=CC=C32,Inactive,0,,,-3.6
1392,22415359,2923728,C1CCN(CC1)CCCOC2=C(C=C(C=C2)Cl)Br.C(=O)(C(=O)O)O,Inactive,0,,,-3.7
1393,24784947,16188588,CC(=O)NC1=CC=C(C=C1)CN2CCN(C(C2)CCO)C3CCCCC3,Inactive,0,,,-3.7
1394,3714055,16124,C(P(=O)(O)O)P(=O)(O)O,Inactive,0,,,-3.7
1395,24808193,2832763,C[N+]1(CCCCC1)C2CCC3CCCC2C3O.[I-],Inactive,0,,,-3.7
1396,855812,5763,CCN(CC)CCOC(=O)C(C1=CC=CC=C1)C2=CC=CC=C2.Cl,Inactive,0,,,-3.7
1397,11533033,6419965,CC1=C(SC=C1)/C=C/C2=NCCCN2C.C(C(C(=O)O)O)(C(=O)O)O,Inactive,0,,,-3.7
1398,7976737,2883729,COC1=CC=C(C=C1)C(=O)NC2=CC=CC=C2C(=O)NCCCN3C=CN=C3,Inactive,0,,,-3.7
1399,863165,664402,CC(C)C[C@H](C(=O)N1CCC(CC1)C(=O)NCC2=CC=C(C=C2)OC)NC(=O)OC(C)(C)C,Inactive,0,,,-3.7
1400,24817324,352078,C1=NN(C(=O)N=C1N)C2C(C(C(O2)CO)O)O,Inactive,0,,,-3.7
1401,11533036,41114,CC1=C(C(C(=C(N1)C)C(=O)OCCN(C)CC2=CC=CC=C2)C3=CC(=CC=C3)[N+](=O)[O-])C(=O)OC.Cl,Inactive,0,,,-3.7
1402,24795973,2185539,CC1=C(/C(=C/C2=CC=C(C=C2)[N+](=O)[O-])/C(=O)N1CC3=CC=CO3)C(=O)OC,Inactive,0,,,-3.7
1403,24811325,5761072,COC1=CC=C(C=C1)/C=C\C2=NC(=O)C3=CC=CC=C3O2,Inactive,0,,,-3.7
1404,24786505,16189222,CCN(CC1=CN(N=C1)C)CC2=NC(=NO2)C(C3=CC=CC=C3)C4=CC=CC=C4,Inactive,0,,,-3.7
1405,855749,5887,CN(C)CCCN1C2=CC=CC=C2SC3=CC=CC=C31.Cl,Inactive,0,,,-3.7
1406,24795859,704671,CCOC1=CC=C(C=C1)N2C(=O)CNC2=S,Inactive,0,,,-3.8
1407,24795933,748231,C1CC(=O)N(C1)C2=CC=C(C=C2)CNC(=O)C3=CC=C(C=C3)F,Inactive,0,,,-3.8
1408,855659,5281056,CC(C)(C)NC[C@@H](COC1=NSN=C1N2CCOCC2)O.C(=C\C(=O)O)\C(=O)O,Inactive,0,,,-3.8
1409,17401704,753337,CC1(CC2=NC3=C(C=C2CO1)C4=C(S3)C(=O)N(C=N4)CC(=O)N)C,Inactive,0,,,-3.8
1410,24795857,888622,CC1=CC(=C(C(=C1)C)NC(=O)NC(=O)C(Cl)(Cl)Cl)C,Inactive,0,,,-3.8
1411,855919,5870,C[C@]12CC[C@H]3[C@H]([C@@H]1CCC2=O)CCC4=C3C=CC(=C4)O,Inactive,0,,,-3.8
1412,17386132,849264,CC1=CC=CC=C1C(=O)OC2=CC=C(C=C2)SC3=CC=C(C=C3)O,Inactive,0,,,-3.8
1413,14723398,821052,COC1=C(C(=C2C(=C1)C=C(N2)C(=O)O)OC)OC,Inactive,0,,,-3.8
1414,24789116,878802,C1=CC(=CN=C1)C(=O)OC2=CC=C(C=C2)C=O,Inactive,0,,,-3.8
1415,24790343,2884310,C1=CC=C(C=C1)NC(=S)NCCOCCOCCNC(=S)NC2=CC=CC=C2,Inactive,0,,,-3.8
1416,14729672,2197,COC1=CC=C(C=C1)C2C(=O)C3=CC=CC=C3C2=O,Inactive,0,,,-3.8
1417,857334,658683,COC1=CC=C(C=C1)NC(=O)C2CSC3N2C(=O)C4=CC=CC=C34,Inactive,0,,,-3.8
1418,855569,11224,CC(C1=CC=CC=C1)(C2=CC=CC=N2)OCCN(C)C.C(CC(=O)O)C(=O)O,Inactive,0,,,-3.8
1419,855682,3676,CCN(CC)CC(=O)NC1=C(C=CC=C1C)C,Inactive,0,,,-3.8
1420,14722426,54682948,CCOC(=O)C1=C(C2=C(CCCC2)NC1=O)O,Inactive,0,,,-3.9
1421,24783647,16188202,COCC1CCCN(C1)CC2=C(NN=C2)C3=CC4=CC=CC=C4O3,Inactive,0,,,-3.9
1422,855922,4488,C1=CC(=CC(=C1)NC2=C(C=CC=N2)C(=O)O)C(F)(F)F,Inactive,0,,,-3.9
1423,7977524,2235946,C1CCC2=C(C1)C3=C(C=C(C=C3)OC(=O)C4=CC=CO4)OC2=O,Inactive,0,,,-3.9
1424,24798174,5505366,CCC1=CC2=C(C=C1O)OC(=C(C2=O)C3=NC(=CS3)C)CCCC(=O)O,Inactive,0,,,-3.9
1425,22412668,902148,COC1=C(C2=C(C=C1)C(=O)C3=CC=CC=C3C2)O,Inactive,0,,,-3.9
1426,49731997,71399,CN1CCN(CC1)C2=NC3=CC=CC=C3OC4=C2C=C(C=C4)Cl.C(CC(=O)O)C(=O)O,Inactive,0,,,-3.9
1427,857292,54686773,C1CCN(CC1)CCNC(=O)C2=C(C3=CC=CC=C3NC2=O)O.Cl,Inactive,0,,,-3.9
1428,855620,4421,CCN1C=C(C(=O)C2=C1N=C(C=C2)C)C(=O)O,Inactive,0,,,-3.9
1429,7974492,753292,CC1=C(N(C(=N1)C2=CC(=C(C=C2)OC)OC)O)C(=O)C,Inactive,0,,,-3.9
1430,24795589,2185494,CCOC1=CC2=C(C=C1)N=C(S2)NC(=O)NC3CCCCC3,Inactive,0,,,-3.9
1431,3711893,854259,CC(C)(C)N1C(=O)C2=C(CCC2)NC1=O,Inactive,0,,,-3.9
1432,855857,6436,C[C@]12C[C@@H]([C@]3([C@H]([C@@H]1C[C@@H]4[C@]2(OC(O4)(C)C)C(=O)CO)CCC5=CC(=O)C=C[C@@]53C)F)O,Inactive,0,,,-3.9
1433,855524,66644,C1=CC=C(C(=C1)C(=O)NO)O,Inactive,0,,,-4
1434,844329,646649,CC1=C2C(=CC(=CC(=O)C2=C(O1)C)C3=CC=CS3)OC,Inactive,0,,,-4
1435,862551,663780,CC1=CN2C(=NC3=C(C2=O)C=C(C(=N)N3CCCOC(C)C)C(=O)NCC4CCCO4)C=C1,Inactive,0,,,-4
1436,26663729,3333309,CC(C)C1(CCOC(C1)(C)C)CCNCC2=CC=C(C=C2)OC,Inactive,0,,,-4
1437,24804857,1999089,CCOC1=CC2=C3C(=C1)C(=O)C(=O)N3C(C=C2C)(C)C,Inactive,0,,,-4
1438,14730866,28445,CCOC(=O)N1C2=CC=CC=C2OC1=O,Inactive,0,,,-4
1439,862475,5389736,COC(=O)C1[C@H]2C=C[C@@]3([C@@H]1C(=O)N(C3)CC4=CC=CS4)O2,Inactive,0,,,-4
1440,24795713,2185032,CC(C)C(=O)NC1=C(C=C(C=C1)NC(=S)NC(=O)C2=CC=CS2)OC,Inactive,0,,,-4
1441,856022,23702,CCC(C(C1=CC(=C(C=C1)O)O)O)NC(C)C.CS(=O)(=O)O,Inactive,0,,,-4
1442,24795613,2986788,CC(C)CC(=O)N(CC1=CC=C(C=C1)F)C2CCS(=O)(=O)C2,Inactive,0,,,-4
1443,22403185,2879448,CC1=C(C(NC(=S)N1C)C2=CC=C(C=C2)Cl)C(=O)OC,Inactive,0,,,-4
1444,4262837,5430,C1=CC=C2C(=C1)NC(=N2)C3=CSC=N3,Inactive,0,,,-4
1445,24796160,2184814,CC1=NC2=C(C=CC=C2OCCOCCOC3=CC=CC=C3C(=O)OC)C=C1,Inactive,0,,,-4
1446,24781105,5402834,C/C(=N/N1CCN(CC1)CC2=CC=CC3=CC=CC=C32)/C4=CN=CC=C4,Inactive,0,,,-4
1447,7976815,3586053,C1CC2=C(C(NC3=CC=CC=C3N2)C4=CN=CC=C4)C(=O)C1,Inactive,0,,,-4
1448,49731996,5282408,CN1CCC(=C2C3=C(C(=O)CC4=CC=CC=C42)SC=C3)CC1.C(=C/C(=O)O)\C(=O)O,Inactive,0,,,-4
1449,14736075,2956343,CC1=CC=C(C=C1)C(CC(=O)NCC2=CC=CO2)C3=CC=C(C=C3)OC(C)C,Inactive,0,,,-4
1450,7970616,1595217,CN(C)CCCNC1=C2C=NN(C2=NC=N1)C3=CC=CC=C3,Inactive,0,,,-4
1451,24795800,2936351,COC(=O)C1=CN(C=C(C1C2=CC(=CC=C2)Cl)C(=O)OC)CC3=CC=CS3,Inactive,0,,,-4
1452,855941,5503,CC1=CC=C(C=C1)S(=O)(=O)NC(=O)NN2CCCCCC2,Inactive,0,,,-4.1
1453,14735728,870755,C1=CC=C(C=C1)C(=O)/C=C/SC2=CC=CC=C2,Inactive,0,,,-4.1
1454,26659184,121637,COC1=CC=C(C=C1)C2=CC(=O)C=CC2=O,Inactive,0,,,-4.1
1455,7977166,753426,CC1=CC=C(C=C1)S(=O)(=O)NC(=O)NC2=C(C=CC(=C2)C)F,Inactive,0,,,-4.1
1456,14720865,2837665,CC(=CCC1(C(CCC2=C1N=C3C(=C2OC)C=CO3)O)OC)C,Inactive,0,,,-4.1
1457,26670842,5378436,CN1C(=O)C2=C(NC1=O)N=NC(=N2)C3=CC(=C(C=C3)Cl)Cl,Inactive,0,,,-4.1
1458,7966503,1085710,C1CO[C@H]2[C@@H]1[C@H](NC3=C2C=C(C=C3)Cl)C4=CC=CO4,Inactive,0,,,-4.1
1459,855523,2123,CN(C)C1=NC(=NC(=N1)N(C)C)N(C)C,Inactive,0,,,-4.2
1460,26671093,9660639,CC(=O)OC1=CC2=C(C=C1)OC=C(C2=O)/C=N/C3=CC(=O)NC(=S)N3,Inactive,0,,,-4.2
1461,855775,9324,CC(=O)[C@]1(CC[C@@H]2[C@@]1(CC[C@H]3[C@H]2C=C(C4=CC(=O)CC[C@]34C)Cl)C)OC(=O)C,Inactive,0,,,-4.2
1462,855672,4173,CC1=NC=C(N1CCO)[N+](=O)[O-],Inactive,0,,,-4.2
1463,24797812,135433335,C1CN(CCN1CCO)CC2=C(C=CC3=C2OC(=O)C(=C3)C4=CC=CC=N4)O,Inactive,0,,,-4.2
1464,4264664,715098,CS(=O)(=O)NCC1=CC=C(C=C1)C(=O)NCC2=CC=CC=C2,Inactive,0,,,-4.2
1465,14746166,870388,CC1=C(C(=O)C2=C(N1)C=CC(=C2)NC(=O)C)CC=C(Cl)Cl,Inactive,0,,,-4.2
1466,856018,11683,CC1=C[C@@H]2[C@H](CC[C@]3([C@H]2CC[C@@]3(C(=O)C)OC(=O)C)C)[C@@]4(C1=CC(=O)CC4)C,Inactive,0,,,-4.2
1467,856012,3715,CC1=C(C2=C(N1C(=O)C3=CC=C(C=C3)Cl)C=CC(=C2)OC)CC(=O)O,Inactive,0,,,-4.2
1468,14731844,1304874,COC1=C(C=C2C(=C1)CCN=C2C3=CC=C(O3)C4=C(C=CC(=C4)Cl)Cl)OC,Inactive,0,,,-4.2
1469,24824042,300241,COC1=CC=CC2=C1OC3=CC=CC=C3C2=O,Inactive,0,,,-4.2
1470,24808447,3152542,COC1=CC=C(C=C1)C2C(=C(C(=O)N2CC3CCCO3)O)C(=O)C4=CC=CO4,Inactive,0,,,-4.2
1471,862400,663625,C[C@@H](C(=O)O)NC(=O)C1CCN(CC1)C(=O)[C@H](CCSC)NC(=O)OC(C)(C)C,Inactive,0,,,-4.2
1472,24795798,709901,CC12CN3CC(C1=O)(CN(C2)C3C4=CC=CS4)C,Inactive,0,,,-4.2
1473,3715954,2999413,C[C@H]1CCC[C@@H](CCCCCC2=C(C(=CC(=C2)O)O)C(=O)O1)O,Inactive,0,,,-4.3
1474,3714451,2325032,C1C2=CC=CC=C2C3=NC(=O)C4=C(N31)C5=CC=CC=C5O4,Inactive,0,,,-4.3
1475,17414112,707859,CC1=CC2=C(C(=C(C(=O)O2)CC3=CC=CC=C3)C)C4=C1C(=CO4)C,Inactive,0,,,-4.3
1476,855906,5510,CC1=CC(=CC=C1)N(C)C(=S)OC2=CC3=CC=CC=C3C=C2,Inactive,0,,,-4.3
1477,24795968,888664,CC1=CC(=CC=C1)OCC(=O)NC2=CC=C(C=C2)C(=O)NCC(C)C,Inactive,0,,,-4.3
1478,852697,655331,CC1CC2=C(C3=CC=CC(=C3N=C2O1)C)C,Inactive,0,,,-4.3
1479,859131,660432,COC1=C(C=C2C(=C1)C(=NC(=N2)C3=CC=CC=C3)N4CCCC4)OC,Inactive,0,,,-4.3
1480,11532964,3718,CC(C1=CC=C(C=C1)N2CC3=CC=CC=C3C2=O)C(=O)O,Inactive,0,,,-4.3
1481,14741944,3787751,COC1=C(C=CC(=C1)C2NC3=CC=CC=C3C(=O)N2C4=CC=CC=C4)O,Inactive,0,,,-4.4
1482,24820500,4172088,C1C(=O)N(C2=C3C=CC=CC3=NC2=CN1O)C4=CC=C(C=C4)[N+](=O)[O-],Inactive,0,,,-4.4
1483,24780071,16187230,CC1=CC(=CC(=C1OC)C)C(=O)C2CCCN(C2)CC3=CC=C(C=C3)OC4=NC=CC=N4,Inactive,0,,,-4.4
1484,14740889,3727447,C1CN(C2(N1C(=O)C3=CC=CC=C32)C4=CC=CC=C4)C(=O)NC5=CC(=CC=C5)Cl,Inactive,0,,,-4.4
1485,14724636,2891848,CCOC1=CC(=CC2=C1C(=CC(=O)O2)C3=CC=CC=C3)C,Inactive,0,,,-4.4
1486,857873,659218,CC(=O)O[C@H]1CSC[C@H]1NC(=O)C2=CC=CC=C2,Inactive,0,,,-4.4
1487,24828037,16196031,C1=CC=C(C(=C1)OCCN)OCCN.Cl,Inactive,0,,,-4.4
1488,14718853,23670524,CC/C(=C\C=C\[C@@H]1C=C[C@@H]2CCC[C@H]2[C@@H]1C(=O)C3=CC=CN3)/[C@H]4[C@H](CC[C@@H](O4)[C@@H](C)C(=O)[O-])C.[Na+],Inactive,0,,,-4.4
1489,856495,41368,CC(C)(C)C(C(N1C=NC=N1)OC2=CC=C(C=C2)Cl)O,Inactive,0,,,-4.4
1490,24796181,2989351,CC1=NC2=CC=CC=C2N1CC(=O)NC3CCCC3,Inactive,0,,,-4.4
1491,14736330,2902827,CC1=CC2=C(C=C1)C(CC(=O)O2)C3=CC=CC=C3,Inactive,0,,,-4.4
1492,26666284,1738130,CN(CCC1=CC2=C(C(=C1C=O)OC)OCO2)C(=O)C3=CC=C(C=C3)F,Inactive,0,,,-4.4
1493,861019,5389488,CCN(CC)CCN1C(/C(=C(/C2=C(NC(=C2C)C(=O)OC)C)\O)/C(=O)C1=O)C3=CN=CC=C3,Inactive,0,,,-4.4
1494,8139916,92926,CCCCCCCCCC(=O)OCC(CO)O,Inactive,0,,,-4.5
1495,24811172,4604090,CC1=CC=C(C=C1)C2C(=C(C(=O)O2)O)C(=O)C,Inactive,0,,,-4.5
1496,24808725,2920621,CC1(CC(CC(N1)(C)C)NC(=O)C23CCC(C2(C)C)(C(=O)C3=O)C)C,Inactive,0,,,-4.5
1497,7975451,2904952,CC(C)CC12CN3CCN(C1)CC(C3)C2O,Inactive,0,,,-4.5
1498,855598,54686764,CN(C)[C@H]1[C@@H]2C[C@@H]3[C@@H](C4=C(C=CC(=C4C(=C3C(=O)[C@@]2(C(=C(C1=O)C(=O)N)O)O)O)O)Cl)O.Cl,Inactive,0,,,-4.5
1499,865943,4463,CC1=C2C(=NC=C1)N(C3=C(C=CC=N3)C(=O)N2)C4CC4,Inactive,0,,,-4.5
1500,14724142,135446659,CC1(CC(=C(C(=O)C1)C=NCCC2=CC=C(C=C2)OC)O)C,Inactive,0,,,-4.5
1501,24796183,2989803,CC1CC2=NC(=NC=C2C(=O)C1)NC(=O)C3=CC=C(C=C3)OC,Inactive,0,,,-4.5
1502,24804652,2989216,COC1=CC2=C(C=C1)C3=C(N2)C4(C5=CC=CC=C5NC4=O)NCC3,Inactive,0,,,-4.5
1503,17403262,5405507,CC1=C2C(=CC(=N1)C(=O)NC3=CC=CC=C3Cl)C4=CC=CC=C4N2,Inactive,0,,,-4.5
1504,17507527,1901008,CCOC(=O)C1=C2C3=C(CC(N2C(=O)C1=O)(C)C)C4=CC=CC=C4C=C3,Inactive,0,,,-4.6
1505,14723158,677934,C1=CC=C(C=C1)NC(=O)CN2C(=O)C3=CC=CC=C3S2(=O)=O,Inactive,0,,,-4.6
1506,14723918,827107,C1CCN(CC1)C(=S)NC(=O)C2=CN=CC=C2,Inactive,0,,,-4.6
1507,24792802,300901,COC1=C(C=C(C=C1)CCNC(=O)C2=CC=C(C=C2)Cl)OC,Inactive,0,,,-4.6
1508,7968940,747077,CN(C)C1=NC2=CC=CC=C2C(=C1)NC(=O)CN3CCOCC3,Inactive,0,,,-4.6
1509,24795805,888375,COC1=C(C=C(C=C1)C(=O)NCCC2=CCCCC2)[N+](=O)[O-],Inactive,0,,,-4.6
1510,846220,648601,CC1(C=CC2=C(O1)C3=C(C=CC(=C3)OC)NC2=O)C,Inactive,0,,,-4.6
1511,14740452,785994,COC1=C(C=C(C=C1)C(=O)NC2=CC=CC3=C2N=CC=C3)OC,Inactive,0,,,-4.6
1512,24816661,3728944,CCC1=CC(=CC=C1)OC2C(C(C(C(O2)CO)O)O)NC(=O)C,Inactive,0,,,-4.6
1513,14743383,4263613,CC1(CC(CCO1)(CC(=O)O)C2=CC=C(C=C2)Cl)C,Inactive,0,,,-4.6
1514,7965247,780919,CC1=CN=C(C2=C1C3=CC=CC=C3OC2=O)N,Inactive,0,,,-4.6
1515,14741531,2002341,CCOC1=CC=C(C=C1)NC(=O)N[C@@H](CCSC)C(=O)OC,Inactive,0,,,-4.6
1516,14725839,859791,CN1C2=C(N=C1SCCN3CCCCC3)N(C(=O)N(C2=O)C)C,Inactive,0,,,-4.6
1517,850532,653061,CN1C2=C(C(=O)N(C1=O)C)N(C(=N2)N3CCCCCC3)CC=C,Inactive,0,,,-4.7
1518,855646,3639,C1NC2=CC(=C(C=C2S(=O)(=O)N1)S(=O)(=O)N)Cl,Inactive,0,,,-4.7
1519,14743229,938408,COC1=CC2=C(C=C1)C3=C(N2)C(=O)N(C=N3)CC4=CC=CC=N4,Inactive,0,,,-4.7
1520,24805351,2881075,CCOC1=CC=C(C=C1)C(=O)NC(C)C2COC3=CC=CC=C3O2,Inactive,0,,,-4.7
1521,11532997,223997,C[C@]12CCC(=O)C=C1CC[C@@H]3[C@@H]2C(=O)C[C@]4([C@H]3CCC4=O)C,Inactive,0,,,-4.7
1522,857775,5389112,COC(=O)C1=C(C2=CC=CC=C2N1)NC(=O)CN3CCN(CC3)C/C=C/C4=CC=CC=C4,Inactive,0,,,-4.7
1523,26664287,228580,C[C@H]1CC[C@]2([C@H](C1)CC[C@@H]3[C@@H]2CC[C@]4([C@H]3CC[C@@H]4O)C)C,Inactive,0,,,-4.7
1524,26657796,2461255,C1CN(CCN1C2=CC=C(C=C2)F)C(=O)CCCN3C4=CC=CC=C4OC3=O,Inactive,0,,,-4.7
1525,855685,66061,CN1CCCN=C1COC(=O)C(C2CCCCC2)(C3=CC=CC=C3)O.Cl,Inactive,0,,,-4.7
1526,855536,64961,C1=CC=C2C(=C1)C3=C(N2)C=NC=C3,Inactive,0,,,-4.7
1527,14742771,6048,C1CN=C(N1)CC2=CC=CC=C2.Cl,Inactive,0,,,-4.7
1528,24792935,23690383,CC(C(=O)[O-])NC(=O)C1=CN=CC=C1.[Na+],Inactive,0,,,-4.7
1529,851963,71827,CC1=C(C(=CC=C1)NC2=C(C=CC=N2)C(=O)O)C,Inactive,0,,,-4.7
1530,26664332,14547,C1=CC=NC(=C1)NC2=CC=CC=N2,Inactive,0,,,-4.7
1531,16952991,6763,C1=CC=C2C(=C1)C3=CC=CC=C3C(=O)C2=O,Inactive,0,,,-4.7
1532,24801430,2790070,CC1=CC2=C(C=C1)N=CN=C2NCCCCCC(=O)O.Cl,Inactive,0,,,-4.7
1533,24787316,5403474,C1=CC=C(C=C1)COC2=CC(=C3C(=C2)OC(=CC3=O)C4=CC=CC=C4)O,Inactive,0,,,-4.8
1534,855943,119265,C1CN(CCC1(C2=CC=C(C=C2)Cl)O)CCCC(C3=CC=C(C=C3)F)O,Inactive,0,,,-4.8
1535,11532860,6852374,CNC[C@@H](C1=CC(=C(C=C1)O)O)O.C(C(C(=O)O)O)(C(=O)O)O,Inactive,0,,,-4.8
1536,7973532,3149252,CC12CC(C(C(=O)N1)C(=O)N3CCOCC3)C4=CC=CC=C4O2,Inactive,0,,,-4.8
1537,24817139,2873776,CC1=CC2=C(N=C(N=C2C=C1)NC3=NC(C(=O)N3)CC(=O)O)C,Inactive,0,,,-4.8
1538,24795318,2967043,CC1=CC(=O)OC2=C1C=CC(=C2)OC(C)C(=O)NCC3CCCO3,Inactive,0,,,-4.8
1539,24785969,2884333,CC1=C(SC=[N+]1CC2=CC=C(C=C2)[N+](=O)[O-])CCOC(=O)CC34CC5CC(C3)CC(C5)(C4)C.[Br-],Inactive,0,,,-4.8
1540,8139883,135398740,C1=NC2=C(N1COC(CO)CO)N=C(NC2=O)N,Inactive,0,,,-4.8
1541,26661369,1212425,C1=CC=C(C=C1)C2=NC3=CC=CC=C3C(=C2)C(=O)NCC4=CC=C(C=C4)S(=O)(=O)N,Inactive,0,,,-4.8
1542,26663021,4497,CC1=C(C(C(=C(N1)C)C(=O)OC(C)C)C2=CC(=CC=C2)[N+](=O)[O-])C(=O)OCCOC,Inactive,0,,,-4.8
1543,14734855,62389,C1=CC=C(C=C1)CNC2=NC=NC3=C2NC=N3,Inactive,0,,,-4.8
1544,11532855,92163,CCCNC(C)C(=O)NC1=CC=CC=C1C.Cl,Inactive,0,,,-4.8
1545,855556,73957,CCCCOC1=CC=C(C=C1)OCCCN2CCOCC2.Cl,Inactive,0,,,-4.8
1546,866157,657381,C[N+]1([C@@H]2CC[C@H]1CC(C2)OC(=O)C(CO)C3=CC=CC=C3)C.[N+](=O)([O-])[O-],Inactive,0,,,-4.9
1547,22403232,708793,C1=CC=C(C(=C1)NC(=O)NC2=NC=C(C=C2)Cl)Cl,Inactive,0,,,-4.9
1548,22400883,998883,C1CC(=C2C(=O)N(CC(=O)N2C1)CCC3=CC=CC=C3)C4=CC(=O)C=CC4=O,Inactive,0,,,-4.9
1549,858852,660159,COC(=O)C1=C(C2=C(N1)C=CC(=C2)F)NC(=O)C3=COCCO3,Inactive,0,,,-4.9
1550,7974592,2848107,C1C2=C(C(NC3=CC=CC=C3N2)C4=CC=CC=C4)C(=O)N1,Inactive,0,,,-4.9
1551,24786094,2168621,CCOC(=O)C(=O)N1CCN(CC1)C2=CC=CC=C2OC,Inactive,0,,,-4.9
1552,4243481,197774,C1=CC2=C(C=C1F)C(=CN2)CCN.Cl,Inactive,0,,,-4.9
1553,14736348,2857240,CC(C)(C)NCC(COC1=CC=CC=C1C(=O)CCC2=CC=CC=C2)O.Cl,Inactive,0,,,-4.9
1554,14724183,687164,COC1=CC=C(C=C1)C(=O)NCC2=CN=CC=C2,Inactive,0,,,-4.9
1555,8139927,2733,C1=CC2=C(C=C1Cl)NC(=O)O2,Inactive,0,,,-4.9
1556,11532970,3242,CC1=CC(=NC(=N1)N2C(=CC(=N2)C)OC)OC,Inactive,0,,,-4.9
1557,850429,652950,CC12CC3(CN(C1)C(N(C2)C3)C4=CC(=C(C=C4)OC)OC)C,Inactive,0,,,-4.9
1558,24795671,135402509,C1C(=C(C(=N)N1CCCO)C2=CC=CC=C2)O,Inactive,0,,,-5
1559,14743087,71478,CNCCCC12CCC(C3=CC=CC=C31)C4=CC=CC=C24.Cl,Inactive,0,,,-5
1560,22403140,135401652,COC1=CC=CC=C1N=CC2=C(CC(CC2=O)C3=CC=CC=C3)O,Inactive,0,,,-5
1561,17431502,5754471,C1OC2=C(O1)C=C(C=C2)/C=C/C3=NC4=CC=CC=C4C(=O)N3C5=CC=CC=C5,Inactive,0,,,-5
1562,11532900,92895,C[C@]12CC[C@H]3[C@H]([C@@H]1CCC2=O)CCC4=C3C=CC(=C4)OC,Inactive,0,,,-5
1563,862786,664019,CC1(C2=CC=CC=C2N3C1(N(C(=O)C3)CC(=O)N)C)C,Inactive,0,,,-5
1564,22404009,877783,CC1=CC=C(C=C1)N2C(=CC(=C2C)/C=C\3/C(=O)NC(=O)N(C3=O)C)C,Inactive,0,,,-5
1565,855605,5388964,C1CC1C(C2CC2)NC3=NCCO3.C(=C/C(=O)O)\C(=O)O,Inactive,0,,,-5
1566,17505945,5807536,COC1=CC=C(C=C1)C(=O)/C=C/C2=CC=C(C=C2)OC(=O)C3=CC(=C(C(=C3)OC)OC)OC,Inactive,0,,,-5
1567,855936,8980,CN(C)CCOC(C1=CC=CC=C1)C2=CC=CC=C2.Cl,Inactive,0,,,-5
1568,24796045,1955890,COC1=CC2=C(C=C1)C(=CN2)CCNC(=O)C3=CC=C(C=C3)[N+](=O)[O-],Inactive,0,,,-5
1569,855650,54686763,CN(C)[C@@H]1C2CC3CC4=C(C=CC(=C4C(=C3C(=O)[C@]2(C(=C(C1=O)C(=O)N)O)O)O)O)N(C)C.Cl,Inactive,0,,,-5
1570,17432424,796948,CCOC(=O)C1=CC(=CC=C1)P(=O)(C)C,Inactive,0,,,-5
1571,855623,68553,C1=CC(=C(C=C1Cl)Cl)COC(CN2C=CN=C2)C3=C(C=C(C=C3)Cl)Cl.[N+](=O)(O)[O-],Inactive,0,,,-5.1
1572,24786686,711014,CCN1C(=O)C2=CC=CC=C2N=C1SCC(=O)C3=CC=CC=C3,Inactive,0,,,-5.1
1573,7973803,3109196,CCNC(=O)C1=C(SC2=C1CCCCC2)N,Inactive,0,,,-5.1
1574,24787323,2887332,CCCOC1=CC=C(C=C1)C2=NC3=CC=CC=C3C(=C2)C(=O)NCC4CCCO4,Inactive,0,,,-5.1
1575,26666138,16682488,COC1=CC=C(C=C1)C(=O)[C@H]2[C@@H]3[C@H](C4N2N=CC=C4)C(=O)N(C3=O)C5=CC=CC=C5,Inactive,0,,,-5.1
1576,11532996,66063,CN1CCC(CC1)OC(C2=CC=CC=C2)C3=CC=CC=C3.Cl,Inactive,0,,,-5.1
1577,11533005,3698,C1=CN=CC=C1C2=CNC(=O)C(=C2)N,Inactive,0,,,-5.1
1578,24806521,885223,CC1=C(C=CC(=C1)C2=CSC(=N2)C3=CN=CC=C3)OC,Inactive,0,,,-5.1
1579,855532,5744,CC(=O)OCC(=O)[C@]1(CC[C@@H]2[C@@]1(C[C@@H]([C@H]3[C@H]2CCC4=CC(=O)CC[C@]34C)O)C)O,Inactive,0,,,-5.1
1580,24780054,16187213,CCOC(=O)C1(CCCN(C1)C2CCN(CC2)C(=O)C)CC3=CC(=CC=C3)Cl,Inactive,0,,,-5.1
1581,14744194,135512364,CCC1=CC(=C(C=C1O)O)/C(=N\O)/CC2=CC=CC=N2,Inactive,0,,,-5.1
1582,855962,6602611,C1CN(CCN1CCCN2C3=CC=CC=C3SC4=C2C=C(C=C4)C(F)(F)F)CCO.Cl,Inactive,0,,,-5.1
1583,24804710,3156210,COC1=CC=CC=C1C2C(=C(OC3=C2OC(=CC3=O)CO)N)C#N,Inactive,0,,,-5.1
1584,17510699,5293846,C[C@]12CCC3C(C1CCC2[C@@]4(CCC(=O)O4)C)CC=C5[C@@]3(CC[C@@H](C5)O)C,Inactive,0,,,-5.1
1585,856922,658275,C1=CC=C(C=C1)C2=C(C3=C(O2)C=CC(=C3)O)C(=O)N,Inactive,0,,,-5.1
1586,24795714,888488,CC1=C(C=C(C=C1)C(=O)COC(=O)C2=NC=CN=C2)[N+](=O)[O-],Inactive,0,,,-5.2
1587,24795499,2936712,CC(C12CC3CC(C1)CC(C3)C2)NC(=O)C4=CC(=C(C=C4)N5CCNCC5)[N+](=O)[O-],Inactive,0,,,-5.2
1588,24803638,16192626,COC1=C(C(=CC(=C1)CNCCC2=CNC3=CC=CC=C32)Cl)OCC(=O)N.Cl,Inactive,0,,,-5.2
1589,860967,5775,CC1=CC=C(C=C1)N(CC2=NCCN2)C3=CC(=CC=C3)O,Inactive,0,,,-5.2
1590,24787324,874697,CC(C)OC1=CC=CC(=C1)C(=O)N2CCCC2,Inactive,0,,,-5.2
1591,8139980,6291,C[C@]12CC[C@H]3[C@H]([C@@H]1CC[C@]2(C#C)O)CCC4=C3C=CC(=C4)OC,Inactive,0,,,-5.2
1592,24806435,135414604,COC1=CC=CC=C1C(=O)N=C2NC(=O)CC3N2CCNC3=O,Inactive,0,,,-5.2
1593,845809,648171,CC(=C)CN1C2=C(N=C1NCCOC)N(C(=O)NC2=O)C,Inactive,0,,,-5.2
1594,26667064,3776837,CCOC1=C(C=C2C(N(C(=O)CC2=C1)C3=CC=C(C=C3)C(=O)O)C4=CC=CC=C4)OCC,Inactive,0,,,-5.2
1595,859051,2929829,C1COCCN1CCOC(=O)COC2=CC=C(C=C2)F.Cl,Inactive,0,,,-5.2
1596,14736483,2908698,CC(=O)OC1C2CCC1C(CC2)[NH+]3CCCC3.[Cl-],Inactive,0,,,-5.2
1597,855553,4649,C1=CC(=C(C=C1N)O)C(=O)O,Inactive,0,,,-5.3
1598,864057,665308,CC(=C)COC1=CC(=C(C=C1)C2=NC(=NC=C2C3=CC=C(C=C3)OC)N)O,Inactive,0,,,-5.3
1599,855712,657264,C[N+](C)(C)CCCCCCCCCC[N+](C)(C)C.[Br-],Inactive,0,,,-5.3
1600,3715872,2999384,CC1=C(SC=C1)C2NC3=CC=CC=C3C(=O)N2,Inactive,0,,,-5.3
1601,7977563,808571,CC(C)C12CN3CC(C1=O)(CN(C2)C3C4=CC=CC=C4O)C(C)C,Inactive,0,,,-5.3
1602,857837,659188,CC1=C(C(=NN1)C2=C(C=C(C=C2)O)O)OC3=CC=CC=C3,Inactive,0,,,-5.3
1603,14741446,9551672,COC(=O)C1=CN(C(=O)C(=C1)Br)CCC2=CC=C(C=C2)O.Cl,Inactive,0,,,-5.3
1604,4241164,3236176,CC(=O)OCC1C(C(C(O1)N2C=CC(=O)NC2=O)O)O,Inactive,0,,,-5.3
1605,4260530,2964782,CN1CC2CCCC3(C1)C2=NC4(CCCCC4)NC3=O,Inactive,0,,,-5.3
1606,24786690,1367999,CC1=CC=C(C=C1)N2CCN(CC2)C(=S)C3=CC=C(O3)C4=CC(=CC=C4)[N+](=O)[O-],Inactive,0,,,-5.3
1607,24786182,16188985,CC1=C(OC=N1)C(=O)N2CCCC(C2)C(=O)C3=CC(=C(C=C3)C4=CC=CC=C4)F,Inactive,0,,,-5.3
1608,4261627,2962022,CC1=C(C(C2=C(C(=C(C=C2)OC)OC)C(=O)N1)O)C(=O)OC(C)(C)C,Inactive,0,,,-5.3
1609,855984,449094,C1C[C@H]2C(=O)N[C@H](C(=O)N2C1)CC3=CN=CN3,Inactive,0,,,-5.3
1610,855849,92730,CC(=O)[C@H]1CC[C@@H]2[C@@]1(C[C@H]([C@H]3[C@H]2CCC4=CC(=O)CC[C@]34C)O)C,Inactive,0,,,-5.3
1611,24822490,931413,COC1=CC2=C(C=C1)NC=C2C(=O)CCl,Inactive,0,,,-5.3
1612,11532978,6852391,CCCC[N+]1([C@@H]2CC(C[C@H]1[C@H]3[C@@H]2O3)OC(=O)[C@H](CO)C4=CC=CC=C4)C.[Br-],Inactive,0,,,-5.3
1613,24784421,16188436,CN(CC1=CC=CC=C1)CC(COC2=CC=C(C=C2)CNCC3=CN=CC=C3)O,Inactive,0,,,-5.3
1614,14725081,3137845,CC(C)C1=CC2=C(C=C1)N3CCN(C(C3=O)CCCC2=O)C(=O)C,Inactive,0,,,-5.3
1615,7966552,3543999,COC1=CC2=C(C=C1)NC=C2CCNC(=O)C3CCCNC3=O,Inactive,0,,,-5.3
1616,26663496,3506168,CC(C)CCC1(CCOC(C1)(C)C)CCNC(C)C2=CC=CS2,Inactive,0,,,-5.3
1617,24782286,137780,CN1C2=NC3=CC=CC=C3N=C2C(=O)N(C1=O)C,Inactive,0,,,-5.4
1618,855921,3168,C1CN(CC=C1N2C3=CC=CC=C3NC2=O)CCCC(=O)C4=CC=C(C=C4)F,Inactive,0,,,-5.4
1619,3712438,928629,COC(=O)C1=CC=C(O1)CC(=O)C2=C(C=C(C=C2)O)O,Inactive,0,,,-5.4
1620,4257686,605552,CC1=NC(=C2C(=N1)OC(=N2)C)NC(CC(C)C)C(=O)O,Inactive,0,,,-5.4
1621,17408349,3146282,CC1(OC2C(O1)C(OC3C2OC(O3)(C)C)C(=O)NC4=CC=C(C=C4)OC)C,Inactive,0,,,-5.4
1622,7974298,2063466,C1=CC(=CC=C1CC(=O)C2=C(C=C(C=C2)O)O)Br,Inactive,0,,,-5.4
1623,24786459,16189190,CN1C=C(C=N1)CN2CCCC(C2)(CC3=CC(=CC=C3)Cl)CO,Inactive,0,,,-5.4
1624,26662731,5905206,CN1C=C(C2=CC=CC=C21)/C=C/C(=O)C3=CC=CC=C3,Inactive,0,,,-5.4
1625,26662313,7985030,C1CC[C@@]2(CCN(C[C@@H]2C1)C(=O)CC3=CC=CC4=CC=CC=C43)O,Inactive,0,,,-5.4
1626,856013,5353788,CCO/C(=N/C1=C[N+](=NO1)N2CCOCC2)/[O-],Inactive,0,,,-5.4
1627,14734447,1243177,COC(=O)C1=CC=C(C=C1)NC(=O)C2=CC=CC=C2SC,Inactive,0,,,-5.4
1628,26724903,2940070,CN1C2=C(C=C(C=C2)Br)C(C1=O)(CC(=O)C3=CC=CC=C3O)O,Inactive,0,,,-5.4
1629,24785970,743938,C1=CC=C(C(=C1)CC(=O)NCC2=CC=NC=C2)[N+](=O)[O-],Inactive,0,,,-5.4
1630,855929,10695961,CC(=O)OCC1=C(N2[C@@H]([C@@H](C2=O)NC(=O)/C(=N\OC)/C3=CSC(=N3)N)SC1)C(=O)[O-].[Na+],Inactive,0,,,-5.4
1631,11532924,151689,C1CCC(C(C1)N)N.Cl[Pt]Cl,Inactive,0,,,-5.4
1632,24795512,2988502,CC1=C(C2=CC=CC=C2N1)C(=O)C(=O)NCC3=CC=CO3,Inactive,0,,,-5.5
1633,24796065,2935972,CC1(C(C1C(=O)N2CCN(CC2)CC3=CC=CC=C3)C=C(Cl)Cl)C,Inactive,0,,,-5.5
1634,855830,10631,C[C@H]1C[C@@H]2[C@H](CC[C@]3([C@H]2CC[C@@]3(C(=O)C)O)C)[C@@]4(C1=CC(=O)CC4)C,Inactive,0,,,-5.5
1635,855683,2754,C1CCC(CC1)N2C(=NN=N2)CCCCOC3=CC4=C(C=C3)NC(=O)CC4,Inactive,0,,,-5.5
1636,17509246,12004758,CC1(C2C1CC(C(C2)OC(=O)C3=CC(=CC(=C3)[N+](=O)[O-])[N+](=O)[O-])(C)OC)C,Inactive,0,,,-5.5
1637,14740186,1301297,COC1=C(C=C(C(=C1)C(=O)OC)NC(=O)CN2C(=O)C3=CC=CC=C3C2=O)OC,Inactive,0,,,-5.5
1638,24796158,2936073,CN(C)CCOCCOC1=C(C=C(C=C1)Cl)Br.C(=O)(C(=O)O)O,Inactive,0,,,-5.5
1639,17507708,12004699,CC1=NC(=C(C=C1)O)CCC2=CC=CC=C2.Cl,Inactive,0,,,-5.5
1640,17513411,12005714,CC(C)(C)OC(=O)[C@H]1[C@@H](C2(C3N1N=CC4=CC=CC=C34)C(=O)C5=CC=CC=C5C2=O)C6=CC(=C(C=C6)OC)OC,Inactive,0,,,-5.5
1641,17513437,5905056,C1COC2=C(C=C(C=C2)/C=C/C(=O)C3=C(C4=CC=CC=C4C=C3)O)OC1,Inactive,0,,,-5.5
1642,17515791,256466,C1CNC(C2=C1NC=N2)C3=CC=C(C=C3)Cl,Inactive,0,,,-5.5
1643,855664,6279,C[C@H]1C[C@@H]2[C@H](CC[C@]3([C@H]2CC[C@@]3(C(=O)C)OC(=O)C)C)[C@@]4(C1=CC(=O)CC4)C,Inactive,0,,,-5.5
1644,11532968,198284,CS(=O)(=O)O.C1CN(CCN1CC2=CC3=C(C=C2)OCO3)C4=NC=CC=N4,Inactive,0,,,-5.5
1645,14724536,2850833,CC1=C(C=C(C=C1)NC2CCCCC2OC)C,Inactive,0,,,-5.5
1646,26662503,166804,CN(C)C(=O)CCCCCCCCC(=O)N(C)C,Inactive,0,,,-5.5
1647,24809686,6618799,CC[C@@]12C=CCN3C1C4(CC3)C([C@]([C@@H]2OC(=O)C)(C(=O)OC)O)N(C5=CC(=C(C=C45)Br)OC)C,Inactive,0,,,-5.6
1648,24787328,5348367,CC1=CC=C(C=C1)/C=N/NC(=O)C2(CC2(Br)Br)C,Inactive,0,,,-5.6
1649,24795907,2985158,CN1CCN(CC1)NC(=S)NC2=CC(=C(C(=C2)OC)OC)OC,Inactive,0,,,-5.6
1650,26662088,935868,CC12CC3(CN(C1)C(N(C2)C3)C4=CC=C(O4)[N+](=O)[O-])C,Inactive,0,,,-5.6
1651,11532979,5459110,C[N+]1([C@@H]2CC(C[C@H]1[C@H]3[C@@H]2O3)OC(=O)[C@H](CO)C4=CC=CC=C4)C.[Br-],Inactive,0,,,-5.6
1652,24795952,2936614,COC(=O)CN1C(C(=O)N(C1=S)C2=CC=C(C=C2)F)CC(=O)NC3=CC=CC=C3,Inactive,0,,,-5.6
1653,24820851,2926974,CC1CC(N2C3=C1C=C(C=C3C(=O)C2=O)OC)(C)C,Inactive,0,,,-5.6
1654,26671124,6582918,C1=CC=C2C(=C1)C=C[C@H]3N2[C@@H]([C@H]4[C@@H]3C(=O)N(C4=O)C5=CC=C(C=C5)F)C(=O)N,Inactive,0,,,-5.6
1655,11533009,66448,CCN(CC)CCOC(=O)C(C1=CC=CC=C1)(C2=CC=CC=C2)O.Cl,Inactive,0,,,-5.6
1656,24795500,888720,CC1=CC=C(C=C1)SCC(=O)NC2=NC=CS2,Inactive,0,,,-5.6
1657,17513237,2040656,C/C(=C\C1=CC=CC=C1)/C=C\2/C(=O)N(C(=O)S2)CCCC(=O)O,Inactive,0,,,-5.6
1658,26669291,919994,CC1=NC2=CC=CC=C2C(=O)N1C3=CC=C(C=C3)C(=O)O,Inactive,0,,,-5.6
1659,855721,5284352,CC(C)C[C@H]1C(=O)N2CCC[C@H]2[C@]3(N1C(=O)[C@](O3)(C(C)C)NC(=O)[C@H]4CN(C5CC6=C(NC7=CC=CC(=C67)C5=C4)Br)C)O.CS(=O)(=O)O,Inactive,0,,,-5.6
1660,24781864,1401068,CC1(CC2=C(C(C3=C(N2C)CC(CC3=O)(C)C)C4=CC=C(C=C4)OC)C(=O)C1)C,Inactive,0,,,-5.6
1661,3716080,2045080,CC1=C(C2=C(C=C1)C(=CC(=O)O2)CN3CCN(CC3)CC4=CC5=C(C=C4)OCO5)C,Inactive,0,,,-5.7
1662,22403176,135438977,CC(=NC1=CC=CC=C1)C2=C(CCCC2=O)O,Inactive,0,,,-5.7
1663,17508703,3104568,CC1=CC(=CC(=C1[N+](=O)[O-])C)C(=O)NC(CC(C)C)C(=O)O,Inactive,0,,,-5.7
1664,56324513,6365505,C1CN(CCN1C/C=C/C2=CC=CC=C2)C(C3=CC=C(C=C3)F)C4=CC=C(C=C4)F.Cl,Inactive,0,,,-5.7
1665,4245034,3239556,CC1(CC(=O)C(C(=O)C1)C(=O)CCCCC(=O)C2C(=O)CC(CC2=O)(C)C)C,Inactive,0,,,-5.7
1666,22414757,20846974,CC(=O)NC(CC1=CNC2=CC=CC=C21)C(=O)N/N=C/C3=CC=CC=C3,Inactive,0,,,-5.7
1667,853028,54686435,COC1=CC=C(C=C1)CNC(=O)C2=C(C3=CC=CC4=C3N(C2=O)CCC4)O,Inactive,0,,,-5.7
1668,50085853,5401,COC1=C(C=C2C(=C1)C(=NC(=N2)N3CCN(CC3)C(=O)C4CCCO4)N)OC,Inactive,0,,,-5.7
1669,8139906,6238,CC(=O)[C@]1(CC[C@@H]2[C@@]1(CC[C@H]3[C@H]2CCC4=CC(=O)CC[C@]34C)C)O,Inactive,0,,,-5.7
1670,857143,658492,CN1C2=C(C(=O)NC1=O)N(C(=N2)Br)CCCO,Inactive,0,,,-5.7
1671,855662,5952,CC(=O)OCC(=O)[C@H]1CC[C@@H]2[C@@]1(CC[C@H]3[C@H]2CCC4=CC(=O)CC[C@]34C)C,Inactive,0,,,-5.7
1672,3713548,237591,CC1=NC2=CC=CC=C2C(=O)N1N,Inactive,0,,,-5.7
1673,850087,652596,C1OC2=C(O1)C=C(C=C2)NC3C4=CC=CC=C4C(=O)O3,Inactive,0,,,-5.7
1674,24836519,2309780,C1=CC=C(C=C1)/C=C/C(=O)NC(=O)C2=CC=CC=C2O,Inactive,0,,,-5.7
1675,24815970,16194798,CC1CCC(C(C1)OC(=O)C[N+]2=C3CCCN3C(=C2)C4=CC=C(C=C4)OC)C(C)C.[Cl-],Inactive,0,,,-5.8
1676,17413046,5339344,CC1=C2CCCCC2=C(C(=O)N1)C(=O)/C=C/C3=CC=CC=C3OC,Inactive,0,,,-5.8
1677,26664784,281701,CC(C)C(=O)NC1=CN=CC=C1,Inactive,0,,,-5.8
1678,7976143,695697,COC1=CC=C(C=C1)CC2=NC(=NO2)C3=CC=C(C=C3)Br,Inactive,0,,,-5.8
1679,24796235,2989049,CC(C)OC(=O)CC1C(=O)NCCN1C(=S)NC(=O)C2=CC=CS2,Inactive,0,,,-5.8
1680,855729,6114,CC(C[N+](C)(C)C)OC(=O)C.[Cl-],Inactive,0,,,-5.8
1681,4245338,699975,CC(C)OC(=O)C1=CC2=C(C(=C(C=C2)OC)OC)C(=O)S1,Inactive,0,,,-5.8
1682,3713199,5394360,CC1=C(C(=O)C2=C(C=C(C=C2O1)O)O)C3=CC4=C(C=C3)OCCCO4,Inactive,0,,,-5.8
1683,855575,441358,CNCCC=C1C2=CC=CC=C2CCC3=CC=CC=C31.Cl,Inactive,0,,,-5.8
1684,24784215,749175,C1=CC=C2C(=C1)N=C(S2)NC(=O)C3=CC=C(C=C3)F,Inactive,0,,,-5.8
1685,855636,5284441,CC(COC1=CC=CC=C1)N(CCCl)CC2=CC=CC=C2.Cl,Inactive,0,,,-5.9
1686,14721765,582695,C1=CC=C2C(=C1)C(=CN2)CC(=O)OCCOC(=O)CC3=CNC4=CC=CC=C43,Inactive,0,,,-5.9
1687,4262859,748258,C1CCC2(C1)CC3=CC=CC=C3C4=NN=C(N24)C5=CC=CO5,Inactive,0,,,-5.9
1688,7974409,730796,CC1CCN(CC1)CC2=C(NC3=C(C2=O)C=C(C=C3)OC)C,Inactive,0,,,-5.9
1689,24789013,5267,CC(=O)SC1CC2=CC(=O)CCC2(C3C1C4CCC5(C4(CC3)C)CCC(=O)O5)C,Inactive,0,,,-5.9
1690,24784392,16188425,CN(CC1CC2=CC=CC=C2O1)CC3=C(N=C4N3C=CC=C4)C(=O)N(C)CC5=CC=CC=C5,Inactive,0,,,-5.9
1691,11533006,452029,C1[C@H]([C@H](O[C@H]1N2C=CC(=O)NC2=O)CO)N=[N+]=[N-],Inactive,0,,,-5.9
1692,17510019,5714141,COC1=C(C=C(C=C1)/C=C\2/C(=O)/C(=C/C3=CC(=C(C=C3)OC)OC)/CC2)OC,Inactive,0,,,-5.9
1693,855818,3878,C1=CC(=C(C(=C1)Cl)Cl)C2=C(N=C(N=N2)N)N,Inactive,0,,,-5.9
1694,24795744,2936375,CC(C)(C)C(=O)NC1=CC(=CC=C1)OC(C(F)Cl)(F)F,Inactive,0,,,-6
1695,855558,22162,CN(C)CCOC(=O)C(C1=CC=CC=C1)C2(CCCC2)O.Cl,Inactive,0,,,-6
1696,22407424,2433953,C1=CC=C(C=C1)C2=CC(=O)OC3=C2C=CC(=C3)OCC(=O)NCC4=CC=CS4,Inactive,0,,,-6
1697,14742135,9551756,C[N+](C)(C)CCCC(=O)C1=CC2=C(C=C1)OCO2.[Cl-],Inactive,0,,,-6
1698,855723,4044,CC1=C(C(=CC=C1)NC2=CC=CC=C2C(=O)O)C,Inactive,0,,,-6
1699,11532890,13356,C(C#N)C(=C(C#N)C#N)N,Inactive,0,,,-6
1700,855567,5282230,COC1=C(C=C(C=C1)/C=C/C(=O)NC2=CC=CC=C2C(=O)O)OC,Inactive,0,,,-6
1701,7969274,4536409,C1CCC2(C1)CC3=CC=CC=C3C4N2C(=O)C(C4)O,Inactive,0,,,-6
1702,24795642,5737390,C/C=C/C1=CC(=C(C=C1)OCCCCN2CC(CC(C2)C)C)OC.C(=O)(C(=O)O)O,Inactive,0,,,-6
1703,14736419,220717,CCNC1=C(C(=O)C2=CC=CC=C2C1=O)Cl,Inactive,0,,,-6
1704,24797353,2871826,CC1(CC(=O)C(CO1)C2(C3=CC=CC=C3NC2=O)O)C,Inactive,0,,,-6
1705,24821762,3768281,CC1=C2C(=CC=C1)C(=CC(=N2)C3=CN=CC=C3)C(=O)O,Inactive,0,,,-6.1
1706,855754,657287,CC1([C@@H](N2[C@H](S1)[C@@H](C2=O)NC(=O)C(C3=CC=CC=C3)C(=O)[O-])C(=O)[O-])C.[Na+],Inactive,0,,,-6.1
1707,14742195,3420303,C1CC(OC1)CNC2=NC=C3C(=N2)CC(CC3=O)C4=CC=C(C=C4)F,Inactive,0,,,-6.1
1708,24795701,2936352,CCN1C(=O)C(N(C1=S)CC2=CC3=C(C=C2)OCO3)CC(=O)NC4=CC=C(C=C4)F,Inactive,0,,,-6.1
1709,22403519,843208,COC1=CC=C(C=C1)OCC2=CC(=CC=C2)C(=O)NN,Inactive,0,,,-6.1
1710,24784395,16188428,CN1C=C(C(=N1)C2=CC=CC=C2F)CN(C)CCCN3CCOCC3,Inactive,0,,,-6.1
1711,26663019,102428,CC1CC(CC(N1C)(C)C)OC(=O)C(C2=CC=CC=C2)O.Cl,Inactive,0,,,-6.1
1712,22407301,6249312,C1=CC=C2C(=C1)C=CC=C2C(=O)/C=C/C3=CNC4=CC=CC=C43,Inactive,0,,,-6.2
1713,855963,2170,C1CN(CCN1)C2=NC3=CC=CC=C3OC4=C2C=C(C=C4)Cl,Inactive,0,,,-6.2
1714,11532981,6852392,CCCCC/C=C\C[C@@H](/C=C/C1=CC=CC(=N1)C[C@@H](CCCCO)O)O,Inactive,0,,,-6.2
1715,14733688,1325425,COC1=C(C=CC(=C1)CC=C)OCC(COC2=C(C=C(C=C2)CC=C)OC)O,Inactive,0,,,-6.2
1716,17412736,2874250,CCN(CC)C1=C(C=C(C=C1)C2=NNC(=O)CC2C)[N+](=O)[O-],Inactive,0,,,-6.2
1717,855955,5485201,C1CC1CN2CC[C@]34[C@@H]5C(=O)CC[C@]3([C@H]2CC6=C4C(=C(C=C6)O)O5)O.Cl,Inactive,0,,,-6.2
1718,26663017,71417,CCN(CC)CCNC(=O)C1=CC=C(C=C1)NC(=O)C.Cl,Inactive,0,,,-6.2
1719,857899,4740,CC(=O)CCCCN1C(=O)C2=C(N=CN2C)N(C1=O)C,Inactive,0,,,-6.2
1720,14739338,2946892,CC1(C(=O)C2(CCCCC2)C(OC1=O)C3=CC=CS3)C,Inactive,0,,,-6.2
1721,22404271,728401,CC(=O)OC1=CC2=C(C=C1)C(=O)C(=CO2)OC3=CC=CC=C3[N+](=O)[O-],Inactive,0,,,-6.2
1722,845086,135450627,COC1=CC=CC(=C1)N2CC(=C(C2=N)C3=NC4=CC=CC=C4C(=O)N3)O,Inactive,0,,,-6.2
1723,24781035,2886864,CCC1CCC2=C(C1)SC(=C2C(=O)N)NC(=O)C3=CN=CC=C3,Inactive,0,,,-6.2
1724,855648,5911,C[N+]1(CCN(CC1)C2=CC=CC=C2)C.[I-],Inactive,0,,,-6.3
1725,846713,20415,CC1=C(C=C(C=C1)NC2=C(C=CC=N2)C(=O)O)C,Inactive,0,,,-6.3
1726,855940,9363,CCN(CC)C(=O)C1=CC(=C(C=C1)O)OC,Inactive,0,,,-6.3
1727,11533058,135445761,C[N+]1=CC=CC=C1/C=N/O.[Cl-],Inactive,0,,,-6.4
1728,11532896,13109,CC[C@]12CC[C@H]3[C@H]([C@@H]1CC[C@]2(C#C)O)CCC4=CC(=O)CC[C@H]34,Inactive,0,,,-6.4
1729,24785283,16188782,CC1=NN=C(O1)SCC(=O)N2CCCC(C2)C(=O)C3=CC=C(C=C3)Cl,Inactive,0,,,-6.4
1730,17512582,3850682,CC(C)OC1=CC=C(C=C1)C(CCN(CC2=CC(=C(C=C2)OC)OC)C(=O)CCl)C3=CC=CC=C3,Inactive,0,,,-6.4
1731,860058,661364,C1CN(CCN1CCNC(=O)C2=CC(=CC=C2)Br)C3=CC=CC=C3,Inactive,0,,,-6.4
1732,24795921,754994,CCOC1=CC=C(C=C1)C(=O)NCC2(CCOCC2)C3=CC=CC=C3,Inactive,0,,,-6.4
1733,24786503,16189220,CCOC(=O)C1(CCN(CC1)C2CCN(CC2)C(=O)C)CCCC3=CC=CC=C3,Inactive,0,,,-6.4
1734,24780072,16187231,CC1=CC=C(O1)C2=NN(C=C2CN3CCN(CC3)C4=CC=CC=N4)C5=CC(=CC=C5)F,Inactive,0,,,-6.4
1735,17385818,283293,C1CC(=O)C(=CC2=CNC3=CC=CC=C32)C(=O)C1,Inactive,0,,,-6.4
1736,11533022,5281904,C[C@]12CC[C@H]3[C@H]([C@@H]1C[C@H]([C@@H]2O[C@H]4[C@@H]([C@H]([C@@H]([C@H](O4)C(=O)O)O)O)O)O)CCC5=C3C=CC(=C5)O,Inactive,0,,,-6.5
1737,4263431,978300,C1OC2=C(O1)C=C(C=C2)CNC(=O)CS(=O)(=O)CC3=CC=CC=C3,Inactive,0,,,-6.5
1738,855816,66368,CC(C)NCC(COC1=CC=CC=C1CC=C)O.Cl,Inactive,0,,,-6.5
1739,862750,663984,CC1=NC2=C(C(=N1)N[C@@H](CC3=CNC4=CC=CC=C43)C(=O)O)OC5=CC=CC=C52,Inactive,0,,,-6.5
1740,24780160,783729,CC1=C(C=C(C=C1)OCC2=NC(=NO2)C3=CN=CC=C3)C,Inactive,0,,,-6.5
1741,24795548,2935925,CCC(C)NCCOCCOC1=CC=C(C2=CC=CC=C21)Cl.C(=O)(C(=O)O)O,Inactive,0,,,-6.5
1742,14740769,9636660,CC1(C\2(CCC1(C/C2=N\O)C(=O)NC3=CC=CC=C3Br)C)C,Inactive,0,,,-6.5
1743,3716956,2310770,CC1=C(C=C(O1)C(=O)OC)C2=C(OC3=C(C2=O)C=CC(=C3)OC)C,Inactive,0,,,-6.6
1744,855904,4775,C1=CC=C(C=C1)CCCC(=O)O,Inactive,0,,,-6.6
1745,855603,6314,CCN(CC)CC(=O)NC1=C(C=CC=C1C)C.Cl,Inactive,0,,,-6.6
1746,11532941,11273,C[C@]12CCC(=O)C(=C1CC[C@@H]3[C@@H]2CC[C@]4([C@H]3CCC4=O)C)O,Inactive,0,,,-6.6
1747,24781942,702008,CC1=CC2=C(C=C1)NC3=C2CCNC3=O,Inactive,0,,,-6.6
1748,22403282,9586263,CC1=CC=C(O1)/C=N/NC2=NC(=CS2)C(C)(C)C.Cl,Inactive,0,,,-6.6
1749,26663040,16682331,CC[C@@H](CO)NC(=O)[C@H]1CN([C@@H]2CC3=CN(C4=CC=CC(=C34)C2=C1)C)C.C(=C\C(=O)[O-])\C(=O)[O-],Inactive,0,,,-6.6
1750,24782748,160818,C1=CC=C2C=C(C=CC2=C1)N(CCO)CCO,Inactive,0,,,-6.6
1751,22403183,563780,CC1=C(NC(=C1C(=O)C)C)C(=O)OCC2=CC=CC=C2,Inactive,0,,,-6.6
1752,855811,135398737,CN1CCN(CC1)C2=NC3=C(C=CC(=C3)Cl)NC4=CC=CC=C42,Inactive,0,,,-6.6
1753,855937,6603044,COC1=CC=CC=C1N2CCN(CC2)CC(COC3=CC=CC4=CC=CC=C43)O.Cl,Inactive,0,,,-6.6
1754,852126,2964825,C1CCN2CCCC(C2C1)COC(=O)C3=CC4=C(C=C3)OCO4.Cl,Inactive,0,,,-6.7
1755,855616,657227,CN1C(=O)C2=C(N=C(N2)Cl)N(C1=O)C(=O)[O-].CN(C)CCOC(C1=CC=CC=C1)C2=CC=CC=C2,Inactive,0,,,-6.7
1756,17508503,12004720,COC1=CC=CC=C1/C=C/C(=O)OCCN2CCOCC2.Cl,Inactive,0,,,-6.7
1757,24801653,2886038,CC(C)OC1=CC=C(C=C1)C2CC(=O)N(C2=O)C3=CC=C(C=C3)C(=O)O,Inactive,0,,,-6.7
1758,860718,661995,CC1=CC2=C(C(C(=C(O2)N)C#N)C3=CC=NC=C3)C(=O)N1CCC4=CC(=C(C=C4)OC)OC,Inactive,0,,,-6.7
1759,7973060,5310646,C1=CC=C(C=C1)C2/C(=C(/C3=CC=CC=C3)\O)/C(=O)C(=O)N2CCCCCC(=O)O,Inactive,0,,,-6.7
1760,24786157,16188964,C1CC(CN(C1)C(=O)C2=CSC=C2)CCC(=O)NCC3=CC(=C(C=C3)F)F,Inactive,0,,,-6.8
1761,24796494,2849732,CC(C)CC1=CC=C(C=C1)C(C)C(=O)NC2=CC=C(C=C2)O,Inactive,0,,,-6.8
1762,855587,4107,COC1=CC=CC=C1OCC(COC(=O)N)O,Inactive,0,,,-6.8
1763,11533064,6852409,CC(C)NC[C@H](C1=CC(=C(C=C1)O)O)O.C(C(C(=O)O)O)(C(=O)O)O,Inactive,0,,,-6.8
1764,26659907,135549775,C1CCN(C(C1)C2=CN=CC=C2)/N=C/C3=C(N(C(=S)NC3=O)C4=CC=CC=C4)O,Inactive,0,,,-6.8
1765,855665,66419,C[C@]12CC[C@H]3[C@H]([C@@H]1CC[C@@H]2O)CC(=O)C4=C3C=CC(=C4)O,Inactive,0,,,-6.8
1766,855535,6215,C[C@]12C[C@@H]([C@]3([C@H]([C@@H]1C[C@@H]4[C@]2(OC(O4)(C)C)C(=O)CO)C[C@@H](C5=CC(=O)C=C[C@@]53C)F)F)O,Inactive,0,,,-6.8
1767,26670177,2385968,C1=CC=C(C=C1)C(=O)C(=O)C2=CC=C(C=C2)C(=O)O,Inactive,0,,,-6.8
1768,4252326,254510,CCOC(=O)C1=NC(=CC=C1)C(=O)OCC,Inactive,0,,,-6.9
1769,24802024,3158538,CC(C(=O)C1=CC=CC=C1)OC(=O)C2=CC(=O)NC3=CC=CC=C32,Inactive,0,,,-6.9
1770,855580,8974,C1=NC2=C(N=C(N=C2N1[C@H]3[C@@H]([C@@H]([C@H](O3)CO)O)O)Cl)N,Inactive,0,,,-6.9
1771,24812299,263261,CCOC(=O)C(=CC1=CC=CC=C1OC)C(=O)OCC,Inactive,0,,,-6.9
1772,855973,657378,C1CCC(C1)NC2=C3C(=NC=N2)N(C=N3)[C@H]4[C@@H]([C@@H]([C@H](O4)CO)O)O,Inactive,0,,,-6.9
1773,17505651,12004623,CC1=CC=C(C=C1)C(=O)[C@@H]2[C@H](N3[C@@H]([C@]24C5=CC=CC=C5NC4=O)C=CC6=C3C=CC(=C6)F)C(=O)C,Inactive,0,,,-6.9
1774,24795169,1695868,COC1=CC2=C(C=C1)OC(=CC2=O)C3=CC=CO3,Inactive,0,,,-7
1775,855568,66062,CN1CCCCC1CCN2C3=CC=CC=C3SC4=C2C=C(C=C4)SC.Cl,Inactive,0,,,-7
1776,24783561,16188174,C1CCC(CC1)N2CCCN(CC2)CC3=NC(=NO3)C4=CC=C(C=C4)C(F)(F)F,Inactive,0,,,-7
1777,11533028,3634,CCN(CC)CCNC1=C2C(=C(C=C1)CO)SC3=CC=CC=C3C2=O,Inactive,0,,,-7
1778,855519,68589,C1=CC(=CC=C1COC(CN2C=CN=C2)C3=C(C=C(C=C3)Cl)Cl)Cl.[N+](=O)(O)[O-],Inactive,0,,,-7
1779,842490,644761,CN(CCC1=CC=CC=N1)CC2=CC(=C(C=C2)OC)OC.C(=O)(C(=O)O)O,Inactive,0,,,-7.1
1780,11533071,9367,CC(C)NNC(=O)C1=CC=NC=C1.OP(=O)(O)O,Inactive,0,,,-7.1
1781,11532862,2732,C1=CC=C2C(=C1)C(=O)NC2(C3=CC(=C(C=C3)Cl)S(=O)(=O)N)O,Inactive,0,,,-7.1
1782,11533007,253793,CN1CCC2=CC(=C3C=C2[C@H]1CC4=CC=C(C=C4)OC5=C6[C@@H](CC7=CC(=C(C=C7)O)O3)N(CCC6=CC(=C5O)OC)C)OC,Inactive,0,,,-7.1
1783,24796072,2935978,CC(C)(C)C1=C(C=CC(=C1)Cl)OCCN(C)C.C(=O)(C(=O)O)O,Inactive,0,,,-7.1
1784,24822541,16195270,C1=CC(=C(C=C1N)C(=O)O)N.Cl,Inactive,0,,,-7.2
1785,11533013,6433151,CN(C)CCC(C1=CC=C(C=C1)Cl)C2=CC=CC=N2.C(=C/C(=O)O)\C(=O)O,Inactive,0,,,-7.2
1786,855736,5074,CC1=C(C(=O)N2C=CSC2=N1)CCN3CCC(=C(C4=CC=C(C=C4)F)C5=CC=C(C=C5)F)CC3,Inactive,0,,,-7.2
1787,17416157,2270409,CC(C)(C)OC(=O)COC1=CC2=C(C(=C1)OCC(=O)OC(C)(C)C)C(=O)C=C(O2)C3=CC=CC=C3,Inactive,0,,,-7.2
1788,11533034,55245,CC#C[C@@]1(CC[C@@H]2[C@@]1(C[C@@H](C3=C4CCC(=O)C=C4CC[C@@H]23)C5=CC=C(C=C5)N(C)C)C)O,Inactive,0,,,-7.2
1789,864630,665872,CCC12CN3CC(C1=O)(CN(C2)C34C5=C(C=CC(=C5)C)N(C4=O)C)CC,Inactive,0,,,-7.3
1790,7978345,100617,CC(=O)OC1=C2C(=CC3=C1OC=C3)C=CC(=O)O2,Inactive,0,,,-7.3
1791,17414080,2250155,CC1=CC=C(C=C1)/C=C/C(=O)NC(=S)NCCC2=CC(=C(C=C2)OC)OC,Inactive,0,,,-7.3
1792,14733797,182073,CN1C2=CC=CC=C2C(=CC1=O)OC,Inactive,0,,,-7.3
1793,14726800,854225,C1=CC=C(C=C1)C(=O)C2=C(C3=CC=CC=C3O2)N,Inactive,0,,,-7.3
1794,855574,71651,C1=CC=C(C=C1)C(=O)NCCC(=O)O,Inactive,0,,,-7.3
1795,865179,666429,CC1(C2=CC=CC=C2N(C13C=CC4=C(O3)C=CC(=C4)OC)CCO)C,Inactive,0,,,-7.3
1796,26664379,638234,C1CCN2C[C@H]3C[C@@H]([C@@H]2C1)CN4C3=CC=CC4=O,Inactive,0,,,-7.3
1797,855776,135449527,C[C@H]1C=CC=C(C(=O)NC2=C(C(=C3C(=C2O)C(=C(C4=C3C(=O)[C@](O4)(OC=C[C@@H]([C@H]([C@H]([C@@H]([C@@H]([C@@H]([C@H]1O)C)O)C)OC(=O)C)C)OC)C)C)O)O)C=NN5CCN(CC5)C)C,Inactive,0,,,-7.3
1798,855987,4831,CCN1C=C(C(=O)C2=CN=C(N=C21)N3CCNCC3)C(=O)O,Inactive,0,,,-7.3
1799,22400876,15944729,C[C@]12CC3C4(O3)C(C1CC[C@@]2(C(=O)CO)O)CCC5=CC(=O)C=C[C@]45C,Inactive,0,,,-7.3
1800,8139943,4912,CC(C)(C)C1=CC(=CC(=C1O)C(C)(C)C)SC(C)(C)SC2=CC(=C(C(=C2)C(C)(C)C)O)C(C)(C)C,Inactive,0,,,-7.4
1801,855715,5353927,COC1=C(C=C(C=C1)/C=C(/C#N)\C2=CN=CC=C2)OC,Inactive,0,,,-7.4
1802,24795935,2936812,CCN1C(=O)C(N(C1=S)CC2=CC=CO2)CC(=O)NC3=CC=C(C=C3)F,Inactive,0,,,-7.4
1803,24796061,9587439,C1=CC(=C(C=C1Cl)Cl)C/C(=N/OC(=O)C2=CC=C(O2)Br)/N,Inactive,0,,,-7.4
1804,855870,6603542,CN/C(=C/[N+](=O)[O-])/NCCSCC1=CC=C(O1)CN(C)C.Cl,Inactive,0,,,-7.4
1805,855550,248856,CC(=O)OCC(=O)[C@H]1CC[C@@H]2[C@@]1(CC[C@H]3[C@H]2CC=C4[C@@]3(CC[C@@H](C4)O)C)C,Inactive,0,,,-7.4
1806,24786411,16189148,CN(CCN1CCC2=CC=CC=C2C1)CC3=NC(=NO3)CC4=CC(=C(C=C4)OC)OC,Inactive,0,,,-7.4
1807,17433144,2945644,CC1=CC=CC=C1NC(=O)CC(C2=CC=C(C=C2)OC(C)C)C3=CC=CC=C3OC,Inactive,0,,,-7.4
1808,7975589,8096,C(CSCCC(=O)O)C(=O)O,Inactive,0,,,-7.4
1809,24808649,435568,CCNC(=O)C12CCC(C1(C)C)(C(=O)O2)C,Inactive,0,,,-7.4
1810,862793,664026,COC1=C(C=C2C(=C1)CCN3C2=CC(=NC3=O)NC4CCCCCC4)OC,Inactive,0,,,-7.4
1811,8139894,227456,CC1=CC2=C(C(=C(C(=C2C(C)C)O)O)C=O)C(=C1C3=C(C4=C(C=C3C)C(=C(C(=C4C=O)O)O)C(C)C)O)O.CC(=O)O,Inactive,0,,,-7.5
1812,22403134,2879633,CC1=CC=C(C=C1)P(=O)(CSC(=N)N)C2=CC=C(C=C2)C.Cl,Inactive,0,,,-7.5
1813,856382,657749,CC12CC3(CN(C1)C(N(C2)C3)C4=C(C=C(C=C4)Br)O)C,Inactive,0,,,-7.5
1814,24790460,708669,C1COC2=C(O1)C=CC(=C2)C(=O)NC3=CC(=C(C=C3)F)[N+](=O)[O-],Inactive,0,,,-7.5
1815,8139888,667493,CC1=CC(=O)NC(=S)N1,Inactive,0,,,-7.5
1816,24794713,2965337,CC1=CC=C(C=C1)C2(CCOC(C2)C(C)C)CCN(CC3=CC=CO3)C(=O)C,Inactive,0,,,-7.5
1817,24816358,6379633,C1=CC=C(C=C1)CNC(=O)/C(=C\C2=CC=CC=C2)/C#N,Inactive,0,,,-7.6
1818,855801,28693,CN1C[C@@H](C[C@H]2[C@H]1CC3=CN(C4=CC=CC2=C34)C)CNC(=O)OCC5=CC=CC=C5,Inactive,0,,,-7.6
1819,24783560,16188173,CC(C)CCC1=NOC(=N1)CN2CCCC2C3=CC(=CC=C3)OC,Inactive,0,,,-7.6
1820,4259912,5429720,CC1=C(C(=O)OC2=C(C(=C(C=C12)Cl)O)CN(C)C)CC3=CC=CC=C3,Inactive,0,,,-7.6
1821,24785954,5347679,CC1=CC=C(C=C1)S(=O)(=O)OC2=CC=CC=C2/C=N/N=C(N)N,Inactive,0,,,-7.6
1822,857609,658957,CC1(C(CCC1(C)C(=O)O)C(=O)NC2CCCCCC2)C,Inactive,0,,,-7.7
1823,26659283,16681815,CCN(CC)C1=CC=C(C=C1)[C@H]2[C@@H]3CCCC[C@@]3(CCN2CC(=O)NCC4=CC=CO4)O,Inactive,0,,,-7.7
1824,865168,666418,CCCC1=NC=CC(=C1)C(=S)N,Inactive,0,,,-7.7
1825,26660380,16682081,CN1C2=[N+](CC3=CC=CC=C32)C4=C(C1=O)C=C(C=C4)Cl.[Cl-],Inactive,0,,,-7.8
1826,24813372,787747,C1=CC(=CC=C1/C=C\2/C(=NOC2=O)C3=CC=C(C=C3)Cl)O,Inactive,0,,,-7.8
1827,24784387,16188420,CC1=CC=C(C=C1)N2C=C(C(=N2)C3=CC=C(C=C3)F)CNCCN4CCOC4=O,Inactive,0,,,-7.8
1828,24795735,2985306,CC(COC)NC(=O)C1=CC=C(C=C1)CN2CCC3=CC=CC=C3C2,Inactive,0,,,-7.8
1829,846613,649009,CC1(CC(CCO1)C(CC(=O)O)C2=CC=CC=C2)C,Inactive,0,,,-7.8
1830,24795641,2935969,CC1=CC(=C(C=C1)Cl)OCCCN(C)CC2=CC=CC=C2.C(=O)(C(=O)O)O,Inactive,0,,,-7.8
1831,861987,44383,COC1=C(C=C2C(=C1)C(=NC(=N2)N3CCN(CC3)C(=O)C4CCCO4)N)OC.Cl,Inactive,0,,,-7.8
1832,17415471,2871911,C1=CC=C(C=C1)CC2C(=O)N(C(=S)N2)C3=CC=CC=C3,Inactive,0,,,-7.8
1833,24786685,719793,C1=CC=C2C(=C1)NC(=N2)CCNC(=O)C3=CC(=CC=C3)Br,Inactive,0,,,-7.9
1834,855619,443955,CC[C@@]12CCCN3[C@@H]1C4=C(CC3)C5=CC=CC=C5N4C(=C2)C(=O)OCC,Inactive,0,,,-7.9
1835,855956,66070,CC1=C(C(=CC=C1)C)NC(=O)C2CCCCN2C.Cl,Inactive,0,,,-7.9
1836,24802551,209367,C1CNC2=NC3=CC=CC=C3C(=O)N2C1,Inactive,0,,,-7.9
1837,24795812,754905,C1=CC=C2C(=C1)N3C(=NC(=O)N(C3=O)C4=CC=C(C=C4)Cl)S2,Inactive,0,,,-7.9
1838,24787321,5348383,C/C(=N\NC(=O)C1(CC1(Br)Br)C)/C2=CC=C(C=C2)[N+](=O)[O-],Inactive,0,,,-7.9
1839,24787325,831631,CC1=CC=C(C=C1)C2=NN=C(O2)C3=CC4=C(C=C3)OCO4,Inactive,0,,,-8
1840,855704,16623,C[C@]12CCC(=O)C=C1CC[C@@H]3[C@@H]2[C@H](C[C@]4([C@H]3CC[C@@]4(C(=O)COC(=O)CCC(=O)O)O)C)O,Inactive,0,,,-8
1841,24786669,2887737,C1CCN(C1)C(=O)C23CC4CC(C2)CC(C4)(C3)C(=O)N5CCCC5,Inactive,0,,,-8
1842,8139984,135398641,C1=NC2=C(C(=O)N1)N=CN2[C@H]3[C@@H]([C@@H]([C@H](O3)CO)O)O,Inactive,0,,,-8
1843,855910,5281067,CN(C)CCC(C1=CC=C(C=C1)Br)C2=CC=CC=N2.C(=C\C(=O)O)\C(=O)O,Inactive,0,,,-8.1
1844,26664396,31316,CC1=CC(=C(C=C1C2(C3=CC=CC=C3C(=O)O2)C4=CC(=C(C=C4C)O)C(C)C)C(C)C)O,Inactive,0,,,-8.1
1845,858070,5610,C1=CC(=CC=C1CCN)O,Inactive,0,,,-8.1
1846,22400727,54708989,CN1C(=O)C=C(C2=C1C(=CC=C2)OC)O,Inactive,0,,,-8.1
1847,24780217,16187264,COC1=CC=C(C=C1)N2C=C(C(=N2)C3=CC(=CC=C3)F)CNCC4=CN=CC=C4,Inactive,0,,,-8.2
1848,17415651,892945,CSC1=CC=CC(=C1)NC(=O)/C=C/C2=CC=CC=C2,Inactive,0,,,-8.2
1849,4248162,7153,CC1=C(C=CC(=C1)Cl)OC(C)C(=O)O,Inactive,0,,,-8.2
1850,8139951,203875,CNCCC1=CC=CC=N1.Cl,Inactive,0,,,-8.2
1851,7975324,2928952,CC1(CC2(CCO1)C(CC(=O)O2)C(=O)NC3=CC(=CC=C3)OC)C,Inactive,0,,,-8.2
1852,24796190,2988697,CC1=CC=C(C=C1)N2C(=NN=N2)COC3=C(C=C(C=C3)CO)OC,Inactive,0,,,-8.2
1853,17514186,1996694,COC1=CC=CC=C1C(=O)OC2=CC3=C(C=C2)C(=O)/C(=C/C4=CC=NC=C4)/O3,Inactive,0,,,-8.2
1854,4245293,998899,C1CC2=C(C(=O)OC3=C2C=C(C=C3)O)N(C1)C(=O)CN4CCN(CC4)CC5=CC=CC=C5,Inactive,0,,,-8.3
1855,24796950,1427972,CC(=O)NC1=CC(=C(C=C1OC)NC(=O)COC2=CC=CC=C2)OC,Inactive,0,,,-8.3
1856,11532927,54679406,C[C@@]1(C2CC3[C@@H](C(=O)C(=C([C@]3(C(=O)C2=C(C4=C1C=CC=C4O)O)O)O)C(=O)NCN5CCCC5)N(C)C)O,Inactive,0,,,-8.3
1857,26660449,943192,CC(C)[C@@H](C(=O)O)NC(=O)NCC1=CC(=C(C=C1)OC)OC,Inactive,0,,,-8.3
1858,845729,648091,CC1(CC(CCO1)C2=CSC(=N2)N)C,Inactive,0,,,-8.4
1859,857792,6603096,C1CCN(CC1)CCCNCC2C3=CC=CC=C3CCO2.Cl,Inactive,0,,,-8.4
1860,22417035,5734070,CC1=CC2=C(C=C1)NC(=O)C2(CC(=O)/C=C/C=C/C3=CC=CC=C3)O,Inactive,0,,,-8.4
1861,855651,13770,CN1CCC(=C2C3=CC=CC=C3C=CC4=CC=CC=C42)CC1.Cl,Inactive,0,,,-8.4
1862,26659377,698299,CC1=CC(N(C2=CC=CC=C12)C(=O)C)(C)C,Inactive,0,,,-8.5
1863,17510715,12005320,COC(=O)C1=CC2=C(C=C1)O/C(=C\C3=CC=C(C=C3)O)/C2=O,Inactive,0,,,-8.5
1864,11533031,247839,C[C@H]1C[C@H]2[C@@H]3CC[C@@H]([C@]3(C[C@@H]([C@@H]2[C@@]4(C1=CC(=O)CC4)C)O)C)C(=O)C,Inactive,0,,,-8.6
1865,14727160,2870139,COC1=CC=C(C=C1)C(=O)NCC2C3=CC=CC=C3CCO2,Inactive,0,,,-8.6
1866,860201,661507,CC(C)C(CC(=O)N1CCOCC1)C2=CC=C(C=C2)OC,Inactive,0,,,-8.6
1867,24807073,3104556,CC(=O)NCCCC(=O)NC(CCC(=O)OCC1=CC=CC=C1)C(=O)OCC2=CC=CC=C2,Inactive,0,,,-8.6
1868,863075,664314,C1CCN=C(C1)C2=C(NC3=CC=CC=C32)O,Inactive,0,,,-8.7
1869,4242562,2882027,CCN1CCN2C3=C(C=C(C=C3)Cl)C4=C2C1CCC4.Cl,Inactive,0,,,-8.7
1870,50085998,5323714,C1COC(=O)N1/N=C/C2=CC=C(O2)[N+](=O)[O-],Inactive,0,,,-8.7
1871,11532883,65340,C1=CC(=C(C=C1CCN)O)O.Cl,Inactive,0,,,-8.7
1872,24796090,2986818,C1COCCN1CCCNC(=O)CSCC2=CC=CC=C2,Inactive,0,,,-8.8
1873,24789030,2929395,CN(C)C1=CC=C(C=C1)CNCCC(CC2=CC=CC=C2)C3=CC=CO3,Inactive,0,,,-8.8
1874,855718,5388977,CCC(COC(=O)C1=CC(=C(C(=C1)OC)OC)OC)(C2=CC=CC=C2)N(C)C.C(=C\C(=O)O)\C(=O)O,Inactive,0,,,-8.8
1875,855668,6602662,CN1CCCN(CC1)C(C2=CC=CC=C2)C3=CC=C(C=C3)Cl.Cl,Inactive,0,,,-8.8
1876,14731782,1312855,CC1=CC2=C(C3=C(CCCC3)C(=O)O2)C(=C1)OCC4=C(OC(=C4)C(=O)O)C,Inactive,0,,,-8.8
1877,7975906,3858898,CC1=C(C=C(C=C1)NCC2=CC(=C(C(=C2)OC)OC)OC)C,Inactive,0,,,-8.9
1878,8139960,13436,C1=CC=C(C=C1)SSC2=CC=CC=C2,Inactive,0,,,-8.9
1879,22402302,11107,C1=CN=CC=C1C2=CC=NC=C2,Inactive,0,,,-8.9
1880,843617,86515,COC1=CC(=CC=C1)OCC(CO)O,Inactive,0,,,-9.1
1881,17432288,2946332,CC(C)C1CC(CCO1)(CCNCC2=CC=C(C=C2)N(C)C)C3=CC=CC=C3,Inactive,0,,,-9.1
1882,8139962,14296,CC1=C(N=C(C(=N1)C)C)C,Inactive,0,,,-9.1
1883,855589,92303,CC1=CC(=CC=C1)CN2CCN(CC2)C(C3=CC=CC=C3)C4=CC=C(C=C4)Cl.Cl,Inactive,0,,,-9.2
1884,855570,1547484,C1CN(CCN1C/C=C/C2=CC=CC=C2)C(C3=CC=CC=C3)C4=CC=CC=C4,Inactive,0,,,-9.2
1885,855741,5753,C[C@]12CCC(=O)C=C1CC[C@@H]3[C@@H]2[C@H](C[C@]4([C@H]3CC[C@@H]4C(=O)CO)C)O,Inactive,0,,,-9.2
1886,864892,666140,CC1=CC2=C(C=C1)N(C3=C2N=CN(C3=O)CCC4=CC=CC=C4OC)C,Inactive,0,,,-9.2
1887,24822172,588090,CS(=O)C1=CC=CC=C1O,Inactive,0,,,-9.2
1888,855777,11079,C1CN=C(N1)CC2=CC=CC3=CC=CC=C32.Cl,Inactive,0,,,-9.2
1889,858042,659398,CC/C(=C\1/C(=O)CC(C(C1=O)C(=O)OC)(C)C)/N2CCCC2,Inactive,0,,,-9.3
1890,856002,3194,C1=CC=C(C=C1)N2C(=O)C3=CC=CC=C3[Se]2,Inactive,0,,,-9.3
1891,24786689,879093,CCOC(=O)C1=C(OC2=C1C(=O)C3=CC=CC=C3C2=O)C,Inactive,0,,,-9.3
1892,4256962,977348,CC(C)CCC1=CC2=C(C(=N1)NC(=O)C)C(=O)OC3=CC=CC=C32,Inactive,0,,,-9.4
1893,24782936,2836255,COC1=C(C=C2C(=C1)C(NCC23CCCC3)C4=CC(=CC=C4)[N+](=O)[O-])OC,Inactive,0,,,-9.4
1894,11532965,6284,CC(C)[N+](C)(CCC(C1=CC=CC=C1)(C2=CC=CC=C2)C(=O)N)C(C)C.[I-],Inactive,0,,,-9.4
1895,855693,657255,CCCCCCCCN[C@H](C)[C@H](C1=CC=C(C=C1)SC(C)C)O,Inactive,0,,,-9.4
1896,855894,3488,COC1=C(C=C(C=C1)Cl)C(=O)NCCC2=CC=C(C=C2)S(=O)(=O)NC(=O)NC3CCCCC3,Inactive,0,,,-9.4
1897,24795509,2479287,C1=CC=C2C(=C1)C=CC=C2CN3C(=O)C4=CC=CC=C4N=N3,Inactive,0,,,-9.5
1898,24780550,16187395,CSCCC(C(=O)O)NC(=O)/C(=C/C1=CC2=C(C=C1)OCO2)/NC(=O)C3=CC(=CC=C3)[N+](=O)[O-],Inactive,0,,,-9.5
1899,855923,5702144,CC1=CC=C(C=C1)N(CC2=NCCN2)C3=CC(=CC=C3)O.Cl,Inactive,0,,,-9.5
1900,24787265,11838982,CC(=O)N[C@@H]1[C@H]([C@H]2[C@@H](COC(O2)C3=CC=C(C=C3)OC)O[C@@H]1O)O,Inactive,0,,,-9.6
1901,24796074,1619325,C1=CC=C(C=C1)CC(=O)NCC(=O)OCC(=O)C2=CC=CC=C2Cl,Inactive,0,,,-9.6
1902,24795755,2936303,CN1C(=O)C(N(C1=S)CC2=CC=NC=C2)CC(=O)NC3=CC=C(C=C3)OC,Inactive,0,,,-9.6
1903,11533063,64150,C1C2CC3CC1CC(C2)(C3)N.Cl,Inactive,0,,,-9.6
1904,17386319,11835246,CC\1C2CC(C2(C)C)C(=O)/C1=C/C3=CC=C(C=C3)Cl,Inactive,0,,,-9.7
1905,4265921,224561,C1=CC=C2C(=C1)N=C(S2)SCCC(=O)O,Inactive,0,,,-9.8
1906,17386216,3800367,CCN1CC2(CCC(C34C2C(C(C31)(C5(CC(C6CC4C5C6OC)OC)O)O)OC)OC)COC(=O)C7=CC=CC=C7N,Inactive,0,,,-9.8
1907,24807087,3102717,C1=CC=C(C=C1)C(=O)CCCCCCCC(=O)C2=CC=CC=C2,Inactive,0,,,-9.8
1908,24781234,16187447,C1CN(CCC1C(=O)NCCC2=CC=CC=C2)C3CCN(CC3)CC4=CC=CO4,Inactive,0,,,-9.8
1909,26669391,853070,COC1=CC(=C(C=C1)C(=O)COC2=CC=C(C=C2)F)O,Inactive,0,,,-9.8
1910,855522,8593,C1=CC=C(C=C1)C2=NC3=CC=CC=C3C(=C2)C(=O)O,Inactive,0,,,-9.8
1911,24804491,907758,CC1=C2C(=O)C=CC=C(C2=C(N1CC(=O)C3=CC=CC=C3)C)OC,Inactive,0,,,-9.8
1912,855719,66440,C[C@]12CC[C@H]3[C@H]([C@@H]1CC[C@@H]2OC(=O)CCC(=O)O)CCC4=C3C=CC(=C4)O,Inactive,0,,,-10
1913,855538,6166,C[C@]12CC[C@H]3[C@H]([C@@H]1CC[C@@H]2C(=O)CO)CCC4=CC(=O)CC[C@]34C,Inactive,0,,,-10
1914,11533020,6852402,CC[C@H](CO)NCCN[C@H](CC)CO.Cl,Inactive,0,,,-10
1915,855994,4507,CCOC(=O)C1=C(NC(=C(C1C2=CC(=CC=C2)[N+](=O)[O-])C(=O)OC)C)C,Inactive,0,,,-10
1916,24779937,4889893,CC1=CC2=C(C=C1)NC(=O)C23C4(C(C5N3CCC5)C(=O)C6=CC7=CC=CC=C7C=C6)C8=CC=CC=C8NC4=O,Inactive,0,,,-10
1917,4258285,2951041,CC1=CC2=C(C=C1)NC(=O)C2(C3=C(NC4=CC=CC=C43)C)O,Inactive,0,,,-10
1918,8139890,23667300,CO[C@@]1([C@@H]2N(C1=O)C(=C(CS2)COC(=O)N)C(=O)[O-])NC(=O)CC3=CC=CS3.[Na+],Inactive,0,,,-10
1919,14743405,4360734,C1COC2=C(O1)C=CC(=C2)NC(=O)NCCCCCC(=O)O,Inactive,0,,,-10.1
1920,24795861,2936817,CCOC(=O)C1=CC=C(C=C1)N2C(=O)C(N(C2=S)CCC3=CC(=C(C=C3)OC)OC)CC(=O)NC,Inactive,0,,,-10.1
1921,855803,5754,C[C@]12CCC(=O)C=C1CC[C@@H]3[C@@H]2[C@H](C[C@]4([C@H]3CC[C@@]4(C(=O)CO)O)C)O,Inactive,0,,,-10.2
1922,24807997,742446,CC12CN3CC(C1=O)(CN(C2)C3C4=CN(C5=CC=CC=C54)C)C,Inactive,0,,,-10.2
1923,855757,3969,CCCC1=C(C=CC(=C1O)C(=O)C)OCCCCC2=NNN=N2,Inactive,0,,,-10.3
1924,855827,4917,CN1CCN(CC1)CCCN2C3=CC=CC=C3SC4=C2C=C(C=C4)Cl,Inactive,0,,,-10.3
1925,855762,3278,CCC(=C)C(=O)C1=C(C(=C(C=C1)OCC(=O)O)Cl)Cl,Inactive,0,,,-10.3
1926,14729938,3403543,CC1=C2C(=CC=C1)C(=O)N3CCCCCC3=N2,Inactive,0,,,-10.4
1927,7974461,2836320,CC1=NC(=CS1)C2CC(=O)OC23CCCCC3,Inactive,0,,,-10.4
1928,26663084,4589449,C1C(CC(=O)C2=CN=C(N=C21)NC(=O)C3=CC=CO3)C4=CC=CO4,Inactive,0,,,-10.4
1929,24786089,1363548,C1COCCN1C2=CC=C(C=C2)NC(=O)C3=CC=C(O3)C4=CC=CC=C4[N+](=O)[O-],Inactive,0,,,-10.4
1930,14741205,919386,CC1=CC2=C(C=C1)NC3=C2N=CN(C3=O)CCC4=CN=CN4,Inactive,0,,,-10.5
1931,24795934,2185628,C1CN(CCN1C2=CC=C(C=C2)NC(=S)NC(=O)C3=CC=CS3)C(=O)C4=CC=CC=C4,Inactive,0,,,-10.5
1932,24841267,666119,C[C@@H](C(=O)O)NC(=O)C1(CCN(CC1)C(=O)[C@H]2CSCN2C(=O)OC(C)(C)C)C3=CC=CC=C3,Inactive,0,,,-10.5
1933,11533032,28767,CN(CCCOC1=C(C=C(C=C1)Cl)Cl)CC#C.Cl,Inactive,0,,,-10.6
1934,11533044,3117,CCN(CC)C(=S)SSC(=S)N(CC)CC,Inactive,0,,,-10.6
1935,26667011,3641078,CCN1C2=C(N=C1N3CCN(CC3)CC(=O)C4=C(N(C5=C4C=C(C=C5)OC)C)C)N(C(=O)NC2=O)C,Inactive,0,,,-10.7
1936,24813132,4916344,CN1C2=C(C(NC1=O)C3=CC=C(C=C3)O)C(=O)N(C2)C4=CC=CC5=CC=CC=C54,Inactive,0,,,-10.8
1937,24795620,2986316,C1=CC2=C(N=C1)N=C(O2)C3=C(C=C(C=C3)N)Cl,Inactive,0,,,-10.9
1938,24795573,888680,COC1=CC=C(C=C1)C2=NOC(=N2)CCC3=CC=CC=C3,Inactive,0,,,-11
1939,852008,6603550,CC12CCCCN1CCCC3=C2NC4=CC=CC=C34.Cl,Inactive,0,,,-11.1
1940,865146,666396,CSCCC1[C@@H]2[C@@H](C(=O)N(C2=O)C3CCCC3)C4(N1)C5=C(C=CC(=C5)Cl)NC4=O,Inactive,0,,,-11.2
1941,11532945,2303,CC1=C(C(C(=C(N1)C)[N+](=O)[O-])C2=CC=CC=C2C(F)(F)F)C(=O)OC,Inactive,0,,,-11.2
1942,22414050,17848,CC1=CC(=CC=C1)C(=O)C2=CC=CC(=C2)C,Inactive,0,,,-11.4
1943,860413,661706,CCN1C(=C(C(=O)N(C1=S)CC)C(=O)CC2C3=CC=CC=C3CCN2)O,Inactive,0,,,-11.5
1944,855711,6014,CC(CN1C2=CC=CC=C2SC3=CC=CC=C31)N(C)C.Cl,Inactive,0,,,-11.5
1945,14725117,511501,C1CCC(CC1)C2=CC3=C(C=C2)N4CCN=C5C4=C3CCC5,Inactive,0,,,-11.8
1946,11532872,5337997,C1=CC(=CC=C1C(=O)N/N=C/C2=CC=C(O2)[N+](=O)[O-])O,Inactive,0,,,-11.9
1947,11532911,2724368,C1=CC(=C(C=C1N)O)C(=O)[O-].[Na+],Inactive,0,,,-12
1948,24809301,2835210,CC1=CC2=C(N=C(N=C2C=C1)N=C(N)N)C,Inactive,0,,,-12.1
1949,24786671,1033986,COC1=CC(=C(C=C1)OC)NC2=C(C(=O)N(C2=O)CC3=CC=CC=C3)Cl,Inactive,0,,,-12.4
1950,26663041,5388992,CC[C@@]1(C[C@H]2C[C@@](C3=C(CCN(C2)C1)C4=CC=CC=C4N3)(C5=C(C=C6C(=C5)[C@]78CCN9[C@H]7[C@@](C=CC9)([C@H]([C@@]([C@@H]8N6C=O)(C(=O)OC)O)OC(=O)C)CC)OC)C(=O)OC)O.OS(=O)(=O)O,Inactive,0,,,-12.5
1951,24795936,4316874,C1CCC(CC1)NC(=O)C2=CC=C(C=C2)NC(=O)C3=CN=CC=C3,Inactive,0,,,-12.6
1952,855768,54675779,C[C@@]1([C@H]2[C@@H]([C@H]3[C@@H](C(=O)C(=C([C@]3(C(=O)C2=C(C4=C1C=CC=C4O)O)O)O)C(=O)N)N(C)C)O)O,Inactive,0,,,-12.6
1953,24796060,2936040,CCC(C)NCCOC1=CC=C(C=C1)C(C)(C)C2=CC=CC=C2.C(=O)(C(=O)O)O,Inactive,0,,,-12.8
1954,855679,2153,CN1C2=C(C(=O)N(C1=O)C)NC=N2,Inactive,0,,,-12.9
1955,24788424,906542,CN1C2=NC(=O)N(C(=O)C2=NC(=N1)C3=CC=CC=N3)C,Inactive,0,,,-13
1956,26667401,646406,CC1=C(C2=C(C=C1)C3C=CCC3C(N2)C(=O)O)C,Inactive,0,,,-13.2
1957,842883,30627,COC1=CC(=CC(=C1OC)OC)C(=O)NCCCCCC(=O)O,Inactive,0,,,-13.3
1958,11532986,104762,C1=NC(=C(N1[C@H]2[C@@H]([C@@H]([C@H](O2)CO)O)O)O)C(=O)N,Inactive,0,,,-13.3
1959,24804953,906403,CC1=C2C(=O)C=CC=C(C2=C(N1C3=CC(=CC=C3)OC)C)OC,Inactive,0,,,-13.5
1960,7973815,831331,CC(C)C1=CC(=O)OC2=C1C=C3CCCN4C3=C2CCC4,Inactive,0,,,-13.8
1961,855892,5284439,C1CCC(CC1)C(CC2CCCCN2)C3CCCCC3.C(=C\C(=O)O)\C(=O)O,Inactive,0,,,-14.1
1962,851703,54677460,COC1=CC=C(C=C1)CCNC(=O)C2=C(C3=C(CCCC3)NC2=O)O,Inactive,0,,,-14.2
1963,855902,5284451,CN(C)CCN(CC1=CC=C(C=C1)OC)C2=CC=CC=N2.C(=C\C(=O)O)\C(=O)O,Inactive,0,,,-14.9
1964,14726180,209293,CC1=CC2=C(C=C1)NC3=C2CN(CC3)C.Cl,Inactive,0,,,-15
1965,14720847,2877883,COC1=C(C=C2C(=C1)C3=CC=CC=C3O2)NCC4=CC5=C(C=C4)OCO5,Inactive,0,,,-15.7
1966,26666093,276137,COC1=C(C=CC2=C1CN3CCC4=CC5=C(C=C4C3C2)OCO5)O,Inactive,0,,,-16.1
1967,855839,81423,C1=CC2=C(C=C1N)NN=C2,Inactive,0,,,-16.3
1968,24822905,4615770,C1=CC2=C(C=C1O)OC(=O)C3C2C4=C(NC(=O)S4)SC3C(=O)O,Inactive,0,,,-16.5
1969,14727451,9549656,CN(C)CC/C=C\1/C2=CC=CC=C2SC3=C1C=C(C=C3OC)Cl.OS(=O)(=O)O,Inactive,0,,,-16.6
1970,14730864,6356140,CC(=O)[C@@H]1[C@H]2[C@@H]([C@@H]3N1C=CC4=CC=CC=C34)C(=O)N(C2=O)C5=CC=C(C=C5)OC,Inactive,0,,,-16.8
1971,17432803,1328059,CN1C2=CC=CC3=C2C(=C(C1=O)NC4=CC=C(C=C4)N(C)C)C5=CC=CC=C5C3=O,Inactive,0,,,-18.1
1972,24787331,874556,CN(C)C1=CC=C(C=C1)NC(=O)C2=CC(=C(C=C2[N+](=O)[O-])OC)OC,Inactive,0,,,-19.3
1973,855756,20279,C1[C@@H]([C@H](O[C@H]1N2C=NC3=C(N=C(N=C32)Cl)N)CO)O,Inactive,0,,,-19.4
1974,24809821,3015618,COC1=CC(=C(C=C1)O)N.Cl,Inactive,0,,,-19.6
1975,26661445,16237581,C1=CC(=C(C=C1S(=O)(=O)N)N)N.OS(=O)(=O)O,Inactive,0,,,-20
1976,855739,26964,C1=CC(=C(C(=C1CNNC(=O)C(CO)N)O)O)O.Cl,Inactive,0,,,-25.4
1977,26665883,229939,C1=CC=C(C=C1)NC2=CC=CC3=C2C=CC=C3NC4=CC=CC=C4,Inactive,0,,,-25.4
1978,855517,441307,CCCC(=O)NC1=CC(=C(C=C1)OCC(CNC(C)C)O)C(=O)C.Cl,Inactive,0,,,-26.9
1979,855845,444034,CC(C)[C@@]1(C(=O)N2[C@H](C(=O)N3CCC[C@H]3[C@@]2(O1)O)CC4=CC=CC=C4)NC(=O)[C@@H]5C[C@H]6[C@@H](CC7=CNC8=CC=CC6=C78)N(C5)C.CS(=O)(=O)O,Inactive,0,,,-32
1980,14742276,3557499,CC1=CC2=C(C=C1)N3CCN(C4C3=C(C2=O)CC4)C(=O)CCl,Inactive,0,,,-32.4
1981,26664383,232432,CO[C@H]1[C@@H](C[C@@H]2CN3CCC4=C([C@H]3C[C@@H]2[C@@H]1C(=O)OC)NC5=C4C=CC(=C5)OC)OC(=O)C6=CC=C(C=C6)N,Inactive,0,,,-32.8
1982,11533039,47812,CCCN1C[C@@H](C[C@H]2[C@H]1CC3=CNC4=CC=CC2=C34)CSC.CS(=O)(=O)O,Inactive,0,,,-33.7
1983,11533000,6852399,CN1CCC2=C3[C@H]1CC4=C(C3=CC=C2)C(=C(C=C4)O)O.O.Cl,Inactive,0,,,-33.9
1984,11533021,6852403,CC(C)C[C@H]1C(=O)N2CCCC2[C@]3(N1C(=O)[C@](O3)(C(C)C)NC(=O)[C@H]4CN(C5CC6=CNC7=CC=CC(=C67)C5=C4)C)O,Inactive,0,,,-34.6
1985,11533045,443951,CCN(CC)C(=O)N[C@H]1C[C@H]2[C@@H](CC3=CNC4=CC=CC2=C34)N(C1)C,Inactive,0,,,-36
1986,11532995,5702697,CCN\1C2=CC=CC=C2S/C1=C\C=C\C=C\C3=[N+](C4=CC=CC=C4S3)CC.[I-],Inactive,0,,,-36.6
1987,11532952,6852389,CN1CCC2=C3[C@@H]1CC4=C(C3=CC=C2)C(=C(C=C4)O)O.Cl,Inactive,0,,,-53.3
1988,855891,107838,C1CNCC2=C1C3=CC=CC=C3N2,Inactive,0,,,-60.3
1989,856021,73453,CC(C)[C@H]1C(=O)N2CCC[C@H]2[C@]3(N1C(=O)[C@](O3)(C(C)C)NC(=O)[C@H]4CN([C@@H]5CC6=CNC7=CC=CC(=C67)C5=C4)C)O,Inactive,0,,,-64.2
1990,24822492,16195266,C1=CC=C(C=C1)CC2=NC3=C(N2)C=C(C=C3)N.Cl,Inactive,0,,,-74.5
1991,11533026,3564,CC1=NCCC2=C1NC3=C2C=CC(=C3)OC,Inactive,0,,,-104.2
