PUBCHEM_RESULT_TAG,PUBCHEM_SID,PUBCHEM_CID,PUBCHEM_EXT_DATASOURCE_SMILES,PUBCHEM_ACTIVITY_OUTCOME,PUBCHEM_ACTIVITY_SCORE,PUBCHEM_ACTIVITY_URL,PUBCHEM_ASSAYDATA_COMMENT,PERCENT_INHIBITION
RESULT_TYPE,,,,,,,,FLOAT
RESULT_DESCR,,,,,,,,Percent Inhibition of substrate cleavage in the presence of 10 microM test compound
RESULT_UNIT,,,,,,,,PERCENT
RESULT_ATTR_CONC_MICROMOL,,,,,,,,10
1,858285,659625,CC1=CC2=C(C=C1)NC3=C2CN(CC3)C(=O)CN4CCSCC4,Active,61,,,61.5
2,859522,660818,C1CCC(CC1)NC(=O)N2CCC3=C(C2)C4=CC=CC=C4N3,Active,37,,,36.5
3,856002,3194,C1=CC=C(C=C1)N2C(=O)C3=CC=CC=C3[Se]2,Active,33,,,33.2
4,24796077,2985490,CCOCC(=O)NC1=CC=CC=C1C(=O)N2CCOCC2,Active,32,,,32.5
5,26659296,2015650,CS(=O)(=O)OC1=CC2=C(C=C1)C(=O)/C(=C/C=C/C3=CC=CC=C3)/O2,Inactive,27,,,26.9
6,849283,651760,CN1C2=C(CN(CN2)CCC3=CC(=C(C=C3)OC)OC)C(=O)N(C1=O)C,Inactive,22,,,22.1
7,855695,298107,CN(C)CCOC1=CC=CC=C1CC2=CC=CC=C2.C(C(=O)O)C(CC(=O)O)(C(=O)O)O,Inactive,20,,,19.8
8,26663016,5388983,CC[C@@]1(C[C@H]2C[C@@](C3=C(CCN(C2)C1)C4=CC=CC=C4N3)(C5=C(C=C6C(=C5)[C@]78CCN9[C@H]7[C@@](C=CC9)([C@H]([C@@]([C@@H]8N6C)(C(=O)OC)O)OC(=O)C)CC)OC)C(=O)OC)O.OS(=O)(=O)O,Inactive,16,,,16.1
9,24797278,191,C1=NC(=C2C(=N1)N(C=N2)C3C(C(C(O3)CO)O)O)N,Inactive,15,,,14.6
10,24824042,300241,COC1=CC=CC2=C1OC3=CC=CC=C3C2=O,Inactive,13,,,12.6
11,855880,969516,COC1=C(C=CC(=C1)/C=C/C(=O)CC(=O)/C=C/C2=CC(=C(C=C2)O)OC)O,Inactive,12,,,12.2
12,24786178,16188981,CC(C)[C@H]1CN(CCN1CC2=CN(N=C2C3=CC(=CC=C3)Cl)C)C,Inactive,12,,,12
13,26671445,16682709,CC(CC1=CC=CC=C1)NCC(=O)NC2=CC(=NC3=CC=CC=C32)N(C)C.C(=O)(C(=O)O)O,Inactive,12,,,11.6
14,4265458,5417112,CC1=C(C(=CC2=C1OC(=O)C=C2C3=CC=C(C=C3)OC)CN(C)C)O,Inactive,11,,,11.3
15,8139906,6238,CC(=O)[C@]1(CC[C@@H]2[C@@]1(CC[C@H]3[C@H]2CCC4=CC(=O)CC[C@]34C)C)O,Inactive,11,,,11.2
16,14736580,973360,CC1=C(C=C(C=C1)C(=O)NC2=C(C=C(C=C2)O)C(=O)O)C,Inactive,10,,,10.3
17,24786681,2886887,COC1=C(C=C(C=C1)C2CC(=NN2C(=O)C3=CC=CC=C3)C4=CC=C(C=C4)[N+](=O)[O-])OC,Inactive,10,,,10.2
18,8139897,3037,C1=CC(=C(C=C1Cl)CC2=C(C=CC(=C2)Cl)O)O,Inactive,10,,,10
19,26659949,16681999,CC1=NC2(CCCCC2)CC3=CC(=C(C=C13)OC)OC.C1=CC=C(C(=C1)C(=O)O)O,Inactive,10,,,9.8
20,24811172,4604090,CC1=CC=C(C=C1)C2C(=C(C(=O)O2)O)C(=O)C,Inactive,10,,,9.7
21,24809515,2871809,CC1(CC(CCO1)NCC2=CC=CC=C2)C.Cl,Inactive,9,,,9.4
22,7976307,2838744,CC1=CC2=C(C=C1)N3CCCNC4C3=C2CCC4,Inactive,9,,,9.2
23,26660122,4526920,CC1(CC(CCO1)(CCN=CC2=CC=C(C=C2)N(C)C)C3=CC=C(C=C3)OC)C,Inactive,9,,,9.1
24,24780054,16187213,CCOC(=O)C1(CCCN(C1)C2CCN(CC2)C(=O)C)CC3=CC(=CC=C3)Cl,Inactive,9,,,9.1
25,24795613,2986788,CC(C)CC(=O)N(CC1=CC=C(C=C1)F)C2CCS(=O)(=O)C2,Inactive,9,,,8.9
26,14730560,5662,C1CCC(C(C1)N2CCC(CC2)C3=CC=CC=C3)O,Inactive,9,,,8.9
27,24819327,4559992,COC1=C(C=C(C=C1)C2C3=C(CC(N2)C(=O)O)C4=CC=CC=C4N3)CN5CCN(CC5)C6=CC=C(C=C6)F,Inactive,9,,,8.8
28,855529,3025,CCCCOC1=NC2=CC=CC=C2C(=C1)C(=O)NCCN(CC)CC,Inactive,8,,,8.5
29,24809559,819946,C1=CC=C2C(=C1)C(=CN2CC3=CC=C(C=C3)F)C=O,Inactive,8,,,8.3
30,24796046,2987342,CC(C)(C)C(=O)NC(=S)NNC(=O)C1=CC=NC=C1,Inactive,8,,,8.3
31,49731996,5282408,CN1CCC(=C2C3=C(C(=O)CC4=CC=CC=C42)SC=C3)CC1.C(=C/C(=O)O)\C(=O)O,Inactive,8,,,8
32,11532977,5311103,C[C@@]12[C@H]([C@H](C[C@@H](O1)N3C4=CC=CC=C4C5=C6C(=C7C8=CC=CC=C8N2C7=C53)CNC6=O)NC)OC,Inactive,8,,,7.9
33,24781281,16187479,CC(=C)[C@H]1CCC(=CC1)CN2CCC(CC2)N3CCC(CC3)C(=O)N4CCCC4,Inactive,8,,,7.8
34,7966349,658881,CC1=CC2=C(C=C1)NC3=C2N=CN(C3=O)CCCN4CCN(CC4)C,Inactive,8,,,7.8
35,855869,5092,COC1=C(C=C(C=C1)C2CC(=O)NC2)OC3CCCC3,Inactive,8,,,7.8
36,24786410,16189147,CN(CC1=NC(=NO1)CC2=CC(=C(C=C2)OC)OC)CC3(CCCCC3)N4CCOCC4,Inactive,8,,,7.7
37,24785966,1189154,COC1=C(C(=CC=C1)OC)C(=O)NC2=NC3=C(S2)C=C(C=C3)[N+](=O)[O-],Inactive,8,,,7.7
38,24811760,5157698,CCOC(=O)C(C(C1=CC=C(C=C1)[N+](=O)[O-])O)NC(=O)C,Inactive,8,,,7.5
39,855697,5330,COC1=NN=C(C=C1)NS(=O)(=O)C2=CC=C(C=C2)N,Inactive,7,,,7.2
40,14739249,135400437,CC1=CC(=C(C(=O)O1)C(=O)/C=C/C2=C(C(=CC=C2)OC)O)O,Inactive,7,,,7
41,847814,378227,COC1=CC2=C(C=C1)NC3=C2CCN4C3=NC5=CC=CC=C5C4=O,Inactive,7,,,7
42,855595,1893,C1=CC2=C(C(=C1)[N+](=O)[O-])NN=C2,Inactive,7,,,6.9
43,859348,660649,COC1=CC=CC=C1NC(=O)N2CCC3=C(C2)C4=C(N3)C=CC(=C4)Cl,Inactive,7,,,6.8
44,862866,5389784,C1CCC(C1)N2C[C@@]34C=C[C@@H](O3)C([C@H]4C2=O)C(=O)O,Inactive,7,,,6.7
45,26660517,1900412,C1=CC=C(C(=C1)O)OCCOC2=CC=CC=C2OCCOC3=CC=CC=C3O,Inactive,6,,,6.5
46,17507395,2251647,C1=CC=C(C=C1)C2=C/C(=C/C3=CC=CS3)/C(=O)O2,Inactive,6,,,6.4
47,855523,2123,CN(C)C1=NC(=NC(=N1)N(C)C)N(C)C,Inactive,6,,,6.4
48,24796158,2936073,CN(C)CCOCCOC1=C(C=C(C=C1)Cl)Br.C(=O)(C(=O)O)O,Inactive,6,,,6.4
49,24782957,6258018,COC1=C(C(=C(C=C1)/C=C/2\CCC3=CC=CC=C3C2=O)OC)OC,Inactive,6,,,6.4
50,857743,5578,COC1=CC(=CC(=C1OC)OC)CC2=CN=C(N=C2N)N,Inactive,6,,,6.3
51,855541,5281004,CCCC1O[C@@H]2C[C@H]3[C@@H]4CCC5=CC(=O)C=C[C@@]5([C@H]4[C@H](C[C@@]3([C@@]2(O1)C(=O)CO)C)O)C,Inactive,6,,,6.3
52,14741306,950806,CCOC(=O)CN1C(=CC(=O)C2=CC=CC=C21)C,Inactive,6,,,6.3
53,11533013,6433151,CN(C)CCC(C1=CC=C(C=C1)Cl)C2=CC=CC=N2.C(=C/C(=O)O)\C(=O)O,Inactive,6,,,6.2
54,843110,645390,COC1=C(C=C(C=C1)C2=CC(=NO2)C(=O)OC)OC,Inactive,6,,,6.2
55,24781105,5402834,C/C(=N/N1CCN(CC1)CC2=CC=CC3=CC=CC=C32)/C4=CN=CC=C4,Inactive,6,,,6.2
56,26658809,792929,CC(=O)NC1=CC(=CC(=C1)O)O,Inactive,6,,,6.1
57,855585,36605,C[N+](C)(C)CCOP(=O)([O-])OP(=O)([O-])OC[C@@H]1[C@H]([C@H]([C@@H](O1)N2C=CC(=NC2=O)N)O)O.[Na+],Inactive,6,,,6
58,24784697,1221824,CCN(CC)C(=O)C1=C(C(=C(S1)NC(=O)C2=C(C=CC=C2OC)OC)C#N)C,Inactive,6,,,6
59,7975352,2275799,C1=CC=C(C(=C1)C(=O)O)C(=O)OCCCCOC(=O)C2=CC=CC=C2C(=O)O,Inactive,6,,,5.9
60,11533010,36431,C1CCC2(C1)CC(=O)N(C(=O)C2)CCCCN3CCN(CC3)C4=NC=CC=N4.Cl,Inactive,6,,,5.9
61,855828,3616,CC(=O)NCCCCCCNC(=O)C,Inactive,6,,,5.8
62,17507487,3119442,COC1=CC(=CC(=C1)C=NCC2C3=CC=CC=C3CCO2)OC,Inactive,6,,,5.8
63,24795715,2936533,CCNC(=S)N1CCN(CC1)CCN2C(=O)C3=CC=CC4=C3C(=CC=C4)C2=O,Inactive,6,,,5.8
64,49732003,4485,CC1=C(C(C(=C(N1)C)C(=O)OC)C2=CC=CC=C2[N+](=O)[O-])C(=O)OC,Inactive,6,,,5.8
65,855627,1780,CCCCCC#CCC#CCC#CCC#CCCCC(=O)O,Inactive,6,,,5.7
66,26661717,16682233,C1CCN(CC1)CC2=CC3=CC=CC=C3C4=C2COC4.Cl,Inactive,6,,,5.7
67,855948,2762,CCN1C2=CC3=C(C=C2C(=O)C(=N1)C(=O)O)OCO3,Inactive,6,,,5.7
68,860839,3394,CC(C1=CC(=C(C=C1)C2=CC=CC=C2)F)C(=O)O,Inactive,6,,,5.7
69,855701,5265,C1CN(CCC12C(=O)NCN2C3=CC=CC=C3)CCCC(=O)C4=CC=C(C=C4)F,Inactive,6,,,5.6
70,855559,2727,CCCNC(=O)NS(=O)(=O)C1=CC=C(C=C1)Cl,Inactive,6,,,5.6
71,26665624,744296,CCOC1=NC=NC2=C1NC3=CC=CC=C32,Inactive,6,,,5.6
72,22414857,3024525,C1CCN(C1)CCOC(C2=CC=C(C=C2)F)C3=CC=C(C=C3)Br.Cl,Inactive,6,,,5.6
73,49674412,5281576,C[C@H]1CCCC(=O)CCC/C=C/C2=C(C(=CC(=C2)O)O)C(=O)O1,Inactive,6,,,5.6
74,24795907,2985158,CN1CCN(CC1)NC(=S)NC2=CC(=C(C(=C2)OC)OC)OC,Inactive,6,,,5.5
75,855714,12035,CC(=O)N[C@@H](CS)C(=O)O,Inactive,6,,,5.5
76,26658793,7529384,C1CN(CCC1CC2=CC=CC=C2)C(=O)N[C@@H](CC3=CC=CC=C3)C(=O)O,Inactive,5,,,5.5
77,865413,666668,CCC1=CC2=C(C=C1)OC(=O)C=C2CN3CCC(CC3)C,Inactive,5,,,5.5
78,24780263,16187282,COC1=CC=CC=C1/C=C/CN2CCN(C(C2)CCO)CC3=CC=C(C=C3)F,Inactive,5,,,5.5
79,858070,5610,C1=CC(=CC=C1CCN)O,Inactive,5,,,5.4
80,24796196,2988193,C1COC2=C(O1)C=C(C(=C2)[N+](=O)[O-])C(=O)C3=CC=CC=C3F,Inactive,5,,,5.4
81,24796189,2988458,COC1=C(C=CC(=C1)CNCCC2=CC=CC=C2F)OCC(=O)N3CCCCC3.Cl,Inactive,5,,,5.4
82,11532894,23667630,CCOC1=C(C2=CC=CC=C2C=C1)C(=O)N[C@H]3[C@@H]4N(C3=O)[C@H](C(S4)(C)C)C(=O)[O-].[Na+],Inactive,5,,,5.4
83,855900,1986,CC(=O)NC1=NN=C(S1)S(=O)(=O)N,Inactive,5,,,5.4
84,14737999,6620587,CC1=CC2=CC(=C(C=C2C(=N1)CC3=CC=CC4=CC=CC=C43)OC)OC,Inactive,5,,,5.3
85,16952991,6763,C1=CC=C2C(=C1)C3=CC=CC=C3C(=O)C2=O,Inactive,5,,,5.3
86,855763,17275,C1CN=C(N1)CN(CC2=CC=CC=C2)C3=CC=CC=C3.Cl,Inactive,5,,,5.3
87,11532943,2723754,C1CCC2=NC3=CC=CC=C3C(=C2C1)N.Cl,Inactive,5,,,5.3
88,24796091,2986704,C1CCN(CC1)C(=O)C2=CC3=C(O2)C=CC(=C3)Br,Inactive,5,,,5.3
89,855637,119442,CC(C)C(CCCN(C)CCC1=CC(=C(C=C1)OC)OC)(C#N)C2=CC(=C(C(=C2)OC)OC)OC.Cl,Inactive,5,,,5.3
90,855536,64961,C1=CC=C2C(=C1)C3=C(N2)C=NC=C3,Inactive,5,,,5.3
91,24795933,748231,C1CC(=O)N(C1)C2=CC=C(C=C2)CNC(=O)C3=CC=C(C=C3)F,Inactive,5,,,5.2
92,24795866,2185679,CC1=CC(=NC2=NC(=NN12)N(C(=O)C)C(=O)C)C,Inactive,5,,,5.2
93,17386319,11835246,CC\1C2CC(C2(C)C)C(=O)/C1=C/C3=CC=C(C=C3)Cl,Inactive,5,,,5.2
94,14742044,5325,CC1=NC(=NC=C1)NS(=O)(=O)C2=CC=C(C=C2)N,Inactive,5,,,5.2
95,24816358,6379633,C1=CC=C(C=C1)CNC(=O)/C(=C\C2=CC=CC=C2)/C#N,Inactive,5,,,5.2
96,24795735,2985306,CC(COC)NC(=O)C1=CC=C(C=C1)CN2CCC3=CC=CC=C3C2,Inactive,5,,,5.2
97,26667324,4555247,CC(C)OC1=CC=C(C=C1)C(CC(=O)O)C2=CC=C(C=C2)F,Inactive,5,,,5.2
98,855733,77918,C1=CC=C(C=C1)CN2C=CN=C2,Inactive,5,,,5.2
99,14742085,657302,C1=CC=C(C=C1)C2(C(=O)[N-]C(=O)N2)C3=CC=CC=C3.[Na+],Inactive,5,,,5.2
100,14733688,1325425,COC1=C(C=CC(=C1)CC=C)OCC(COC2=C(C=C(C=C2)CC=C)OC)O,Inactive,5,,,5.2
101,22413778,15945735,CN1C2=C(C(=O)N(C1=O)CCOC(=O)C3=CC(=C(C(=C3)OC)OC)OC)N(C=N2)CCN(C)C.Cl,Inactive,5,,,5.1
102,855721,5284352,CC(C)C[C@H]1C(=O)N2CCC[C@H]2[C@]3(N1C(=O)[C@](O3)(C(C)C)NC(=O)[C@H]4CN(C5CC6=C(NC7=CC=CC(=C67)C5=C4)Br)C)O.CS(=O)(=O)O,Inactive,5,,,5.1
103,22407301,6249312,C1=CC=C2C(=C1)C=CC=C2C(=O)/C=C/C3=CNC4=CC=CC=C43,Inactive,5,,,5.1
104,11533027,26133,CCCC(=O)O[C@@]1(CC[C@@H]2[C@@]1(C[C@@H]([C@H]3[C@H]2CCC4=CC(=O)CC[C@]34C)O)C)C(=O)CO,Inactive,5,,,5.1
105,11533031,247839,C[C@H]1C[C@H]2[C@@H]3CC[C@@H]([C@]3(C[C@@H]([C@@H]2[C@@]4(C1=CC(=O)CC4)C)O)C)C(=O)C,Inactive,5,,,5.1
106,14730418,739795,CC(C)COC1=CC=C(C=C1)CC2=CN=C(N=C2N)N,Inactive,5,,,5
107,864645,665886,CN1C(=O)C2(CC3=CC=CC=C3N4C2COCC4)C(=O)N(C1=O)C,Inactive,5,,,5
108,14746261,2294690,CC1=CC=C(C=C1)C(=O)N2CC3(CN(CC(C2)(C3=O)C(C)C)C(=O)C4=CC=C(C=C4)C)C(C)C,Inactive,5,,,5
109,855691,1820,C1=CC2=C(C=C1F)C=C(N2)C(=O)O,Inactive,5,,,5
110,24795712,705090,CC(C)(C)N1C(=S)NC2(N1)CCCCC2,Inactive,5,,,4.9
111,24795931,888782,CCOC(=O)C1=CC=C(C=C1)NC(=S)NCCC2=CC=CC=C2F,Inactive,5,,,4.9
112,24786679,1371564,CCC1=CC=C(C=C1)/C=C\2/C(=O)N(C(=S)S2)CCC(=O)N3CCN(CC3)C,Inactive,5,,,4.9
113,3713548,237591,CC1=NC2=CC=CC=C2C(=O)N1N,Inactive,5,,,4.9
114,853028,54686435,COC1=CC=C(C=C1)CNC(=O)C2=C(C3=CC=CC4=C3N(C2=O)CCC4)O,Inactive,5,,,4.9
115,17513014,12005683,C1=CC=C(C=C1)C(=O)[C@@H]2[C@H](N3C=CC4=CC=CC=C4[C@@H]3[C@@]25C6=CC=CC=C6NC5=O)C(=O)C7=CC=C(C=C7)F,Inactive,5,,,4.8
116,24786459,16189190,CN1C=C(C=N1)CN2CCCC(C2)(CC3=CC(=CC=C3)Cl)CO,Inactive,5,,,4.8
117,855977,3108,C1CCN(CC1)C2=NC(=NC3=C2N=C(N=C3N4CCCCC4)N(CCO)CCO)N(CCO)CCO,Inactive,5,,,4.8
118,855750,5748,CC[N+](C)(CC)CCOC(=O)C(C1CCCCC1)(C2=CC=CC=C2)O.[Br-],Inactive,5,,,4.8
119,14730569,1916981,CC(C)CC1=C/C(=C/C2=CC=C(O2)C3=CC=CC=C3OC)/C(=O)O1,Inactive,5,,,4.8
120,24816126,4122761,CC(C)C(=O)NC1=CC=C(C=C1)S(=O)(=O)N2CC3CC(C2)C4=CC=CC(=O)N4C3,Inactive,5,,,4.8
121,4257496,1250496,COC1=CC=C(C2=CC=CC=C21)S(=O)(=O)NCC3=CC=CO3,Inactive,5,,,4.7
122,17431582,11979286,CCN(CCCCCN(C)C)CC1=CC2=CC=CC=C2O1.Cl,Inactive,5,,,4.7
123,855876,1329,CCCN1C2=C(C(=O)N(C1=O)CCC)NC(=N2)C3CCCC3,Inactive,5,,,4.7
124,7977563,808571,CC(C)C12CN3CC(C1=O)(CN(C2)C3C4=CC=CC=C4O)C(C)C,Inactive,5,,,4.7
125,26659436,748128,C1=CC=C2C(=C1)C(=C(C(=O)C2=O)C3=CC=CC=C3F)O,Inactive,5,,,4.6
126,17401514,3967407,CC1=CC(=CC=C1)N2C(=O)C3C(C2=O)C4(C(=O)C5=CC=CC=C5C4=O)OC3C6=CC=CC=C6,Inactive,5,,,4.6
127,24806861,567207,CC12CCC3C(C1CCC2=O)CC=C4C3(CCC5(C4)OCCO5)C,Inactive,5,,,4.6
128,14724606,36302,C1CN(CC1C2=CC=CC=C2)CCC(=O)C3=CC4=C(C=C3)OCCO4.Cl,Inactive,5,,,4.6
129,7976777,135400439,CC1=CC(=C(C(=O)O1)C2=NCCSC(C2)C3=C(C=C(C=C3)OC)OC)O,Inactive,5,,,4.5
130,7970311,2155043,C1=CC(=CC=C1CCNC2=NC=NC3=C2NC=N3)Cl,Inactive,5,,,4.5
131,855985,20469,C[C@H]1C[C@H]2[C@@H]3CCC4=CC(=O)C=C[C@@]4([C@]3([C@H](C[C@@]2([C@]1(C(=O)CO)O)C)O)Cl)C,Inactive,4,,,4.5
132,855859,15032,CC(=O)[C@H]1[C@@H](C[C@@H]2[C@@]1(CC[C@H]3[C@H]2CC=C4[C@@]3(CC[C@@H](C4)O)C)C)C#N,Inactive,4,,,4.5
133,11533025,10114,C[C@]12CC[C@](C[C@H]1C3=CC(=O)[C@@H]4[C@]5(CC[C@@H](C([C@@H]5CC[C@]4([C@@]3(CC2)C)C)(C)C)O)C)(C)C(=O)O,Inactive,4,,,4.4
134,7973815,831331,CC(C)C1=CC(=O)OC2=C1C=C3CCCN4C3=C2CCC4,Inactive,4,,,4.4
135,24784392,16188425,CN(CC1CC2=CC=CC=C2O1)CC3=C(N=C4N3C=CC=C4)C(=O)N(C)CC5=CC=CC=C5,Inactive,4,,,4.4
136,11533042,3084396,CC(C(=O)O)O.COC1=CC(=CC(=C1OC)OC)CC2=CN=C(N=C2N)N,Inactive,4,,,4.4
137,11532953,135349,CN([C@@H]1CCCC[C@H]1N2CCCC2)C(=O)CC3=CC(=C(C=C3)Cl)Cl.CS(=O)(=O)O,Inactive,4,,,4.4
138,856008,3747,CC(C)OC1=CC2=C(C=C1)C(=O)C(=CO2)C3=CC=CC=C3,Inactive,4,,,4.4
139,857295,6603545,C1C2CC3(CC1CC(C2)(C3)O)N.Br,Inactive,4,,,4.4
140,24786350,16189124,C1CCC(C1)N2CCN(CC2CCO)CC3=CC=CC=C3C4=CC=CO4,Inactive,4,,,4.4
141,14743113,5028321,CCOC(=O)C1C(C(OC1=O)(C)C)C(C)C(=O)C2=CC=C(C=C2)C,Inactive,4,,,4.4
142,14738540,4519229,CC1=CC=C(C=C1)C(=O)NC2=CC=CC=C2C(=O)NC(C(C)C)C(=O)O,Inactive,4,,,4.4
143,26662655,2033707,COC1=CC=C(C=C1)C2=COC3=C(C2=O)C=CC(=C3)OC(=O)N4CCOCC4,Inactive,4,,,4.3
144,24786666,738234,C1=CC=C(C=C1)C2=CSC(=N2)NC(=S)NC(=O)C3=CC=CO3,Inactive,4,,,4.3
145,866104,5735,CN1CCN(CC1)C(=O)OC2C3=NC=CN=C3C(=O)N2C4=NC=C(C=C4)Cl,Inactive,4,,,4.3
146,857279,658621,C1CCC(=CC1)CCN2C=NC3=C(C2=O)NC4=CC=CC=C43,Inactive,4,,,4.3
147,24780808,875556,CC(=O)N1CCN(CC1)C2=CC=C(C=C2)NC(=O)/C=C/C3=CC=CC=C3,Inactive,4,,,4.3
148,846430,648819,COC1=C(C(=C(C=C1)C2C3CCCCC3(CCN2)O)OC)OC,Inactive,0,,,4.3
149,24795716,2185438,CC(C)C1=CC=CC=C1OCCNC(=S)NC(=O)C2=CN=CC=C2,Inactive,4,,,4.3
150,24787609,2200838,CCOC1=CC(=C(C=C1)C(=O)C(=O)C)OCC,Inactive,4,,,4.3
151,14731540,2898369,CC1C2=CC(=C(C=C2CCN1C(=O)C3=CC=CO3)O)OC,Inactive,4,,,4.3
152,7972364,790340,CC1=C2C(=CC=C1)C(=C(C(=O)N2)CCC(=O)C)C,Inactive,4,,,4.3
153,4261627,2962022,CC1=C(C(C2=C(C(=C(C=C2)OC)OC)C(=O)N1)O)C(=O)OC(C)(C)C,Inactive,4,,,4.3
154,861340,5389552,C1CCC2=C(CC1)C(=O)OC3=C2C=CC(=C3CN4CCCCC4)O,Inactive,4,,,4.3
155,855576,4594,CC1=CN=C(C(=C1OC)C)CS(=O)C2=NC3=C(N2)C=C(C=C3)OC,Inactive,4,,,4.3
156,24840829,660763,CCC(=O)N(CCC1=CC(=C(C=C1)OC)OC)C2CC(=O)N(C2=O)C3=CC(=CC=C3)OCC,Inactive,4,,,4.3
157,24795968,888664,CC1=CC(=CC=C1)OCC(=O)NC2=CC=C(C=C2)C(=O)NCC(C)C,Inactive,4,,,4.2
158,24785932,675560,CC1=C(C=CC=C1[N+](=O)[O-])NC(=O)C2=CC=CS2,Inactive,4,,,4.2
159,24781131,1583356,COC1=C(C2=C(C=C1)C=C(SC2=O)C(=O)NC3=CC=C(C=C3)S(=O)(=O)N)OC,Inactive,4,,,4.2
160,855606,23664709,CC1([C@@H](N2[C@H](S1)[C@@H](C2=O)NC(=O)CC3=CC=CC=C3)C(=O)[O-])C.[K+],Inactive,4,,,4.2
161,17415900,5730620,CC(CCC1=CC=CC=C1)NC(=O)/C=C/C2=CC=CC=C2,Inactive,4,,,4.2
162,859616,660919,CCN(CC)CCCNC(=O)C1C2=CC=CC=C2OC3=CC=CC=C13,Inactive,4,,,4.2
163,860093,135456879,C1=CC=C(C=C1)CC2=NC3=C(C(=O)N2)OC4=CC=CC=C43,Inactive,4,,,4.2
164,855821,4100,CC(=O)N=C1N(N=C(S1)S(=O)(=O)N)C,Inactive,4,,,4.1
165,14741441,15723,C1CNCCC1C(C2=CC=CC=C2)(C3=CC=CC=C3)O,Inactive,4,,,4.1
166,24808250,2876068,CC(C)(C)OC(=O)N1CCCC1C(=O)NC2=CC=C(C=C2)OC,Inactive,4,,,4.1
167,855848,457964,C[C@]12CC[C@H]([C@@]([C@@H]1CC[C@@H]3[C@@]24CC[C@@]([C@H](C3)C4)(CO)O)(C)CO)O,Inactive,4,,,4.1
168,16953485,2510794,COC1=CC(=CC(=C1OC)OC)CC(=O)NCCC2=CC=C(C=C2)S(=O)(=O)N,Inactive,4,,,4.1
169,8139898,135401907,C1=NNC2=C1C(=O)NC=N2,Inactive,4,,,4.1
170,855800,4472,C1=CC=C(C=C1)CNC(=O)CCNNC(=O)C2=CC=NC=C2,Inactive,4,,,4.1
171,24795747,888550,CC1=C(C=C(C=C1)NCCC(=O)C2=CC=CC=C2)Cl,Inactive,4,,,4.1
172,24786735,1632235,C1=CC=NC(=C1)NC(=O)CCCN2C(=O)/C(=C\C3=CC=CS3)/SC2=S,Inactive,4,,,4
173,14732913,11352,C1=CC=C2C(=C1)C=C3C(=N2)C=CC=C3N,Inactive,4,,,4
174,24795932,9587458,C1=CC=NC(=C1)/C(=N/OC(=O)CCCOC2=C(C=C(C=C2)Cl)Cl)/N,Inactive,4,,,4
175,855810,6364669,C[C@H]1CCC/C=C/C2C[C@@H](CC2[C@@H](/C=C/C(=O)O1)O)O,Inactive,4,,,4
176,24786421,16189158,CN1C=C(C(=N1)C2=CC=CC=C2F)CN3CCC(CC3)C(=O)N4CCCCC4,Inactive,4,,,4
177,24834895,123191,CN1C2=CC=CC=C2N(C1=S)C,Inactive,4,,,4
178,4251251,3244963,CC1=C2C(C(C(CC2=NN1)(C)O)C(=O)C)C3=CC(=C(C=C3)OC)OC,Inactive,4,,,4
179,26667435,655363,CC(=O)OC1=C2C(C3=C(N=C2C4=CC=CC=C41)N(C(=O)N(C3=O)C)C)C5=CC=C(C=C5)OC,Inactive,4,,,4
180,24785911,2789613,CC(C(=O)NC1=CC=C(C=C1)[N+](=O)[O-])OC2=CC=C(C=C2)OC,Inactive,4,,,4
181,14725941,3155709,CCOCCN1C2=CC=CC=C2N=C1C(C)O,Inactive,4,,,4
182,4248162,7153,CC1=C(C=CC(=C1)Cl)OC(C)C(=O)O,Inactive,4,,,3.9
183,24793304,1322096,CCC1=CC2=C(C=C1OCC(=O)O)OC(=C(C2=O)C3=CC=C(C=C3)F)C,Inactive,4,,,3.9
184,22403160,5345916,CC1=C(C=C(O1)/C=N/NC(=O)CC2(OCCO2)C)Br,Inactive,4,,,3.9
185,11532985,6852393,C[C@]12CC[C@H]3[C@H]([C@@H]1CC=C2)CC[C@@H]4[C@@]3(CCC(=O)C4)C,Inactive,4,,,3.9
186,850249,652758,COC1=CC=CC(=C1)N2CC34C=CC(O3)C(C4C2=O)C(=O)O,Inactive,4,,,3.9
187,4241252,3236252,C1CC(N(C1)C(=O)OCC2=CC=CC=C2)C(=O)NCCC3=CC=C(C=C3)S(=O)(=O)N,Inactive,4,,,3.9
188,855538,6166,C[C@]12CC[C@H]3[C@H]([C@@H]1CC[C@@H]2C(=O)CO)CCC4=CC(=O)CC[C@]34C,Inactive,4,,,3.9
189,855634,5369129,COC1=CC(=O)OC(C1)/C=C/C2=CC=CC=C2,Inactive,4,,,3.9
190,14743229,938408,COC1=CC2=C(C=C1)C3=C(N2)C(=O)N(C=N3)CC4=CC=CC=N4,Inactive,4,,,3.9
191,14728184,902475,C1=CC=C(C=C1)[C@H](CNC[C@@H](C2=CC=CC=C2)O)O,Inactive,4,,,3.9
192,4250524,3244322,CC(C)OC(=O)C1C(C(C(CC1=O)(C)O)C(=O)OC(C)C)C2=CC(=CC=C2)O,Inactive,4,,,3.9
193,862066,5389678,CCC1=CC(=O)OC2=C1C(=C(C(=C2)C)CN3CCCC(C3)C)O,Inactive,4,,,3.9
194,22403206,1361220,COC1=CC=CC(=C1)CN2CCN(CC2)C(=O)C3=CC=C(C=C3)C4=CC=CC=C4,Inactive,4,,,3.8
195,24802782,4777942,CC(C)CN1CC(CC1=O)C(=O)O,Inactive,4,,,3.8
196,17431666,3151098,CC1(CC(CCO1)(CC(=O)NC2=NC=CS2)C3=CC=CC=C3)C,Inactive,4,,,3.8
197,14728120,1043011,COC1=CC=CC=C1C(=O)NC2=CC3=C(C=CC(=C3)Br)OC2=O,Inactive,4,,,3.8
198,863075,664314,C1CCN=C(C1)C2=C(NC3=CC=CC=C32)O,Inactive,4,,,3.8
199,855754,657287,CC1([C@@H](N2[C@H](S1)[C@@H](C2=O)NC(=O)C(C3=CC=CC=C3)C(=O)[O-])C(=O)[O-])C.[Na+],Inactive,4,,,3.8
200,17415471,2871911,C1=CC=C(C=C1)CC2C(=O)N(C(=S)N2)C3=CC=CC=C3,Inactive,4,,,3.8
201,24787390,6075631,CC1=CC=C(O1)/C=C/C(=O)C,Inactive,4,,,3.8
202,865832,667092,CN1CC2(CC3=C1C=CC(=C3)OC)C(=O)NC(=O)N(C2=O)CCC4=CC=CC=C4,Inactive,4,,,3.8
203,858796,660105,CCN1C2=C(C=C(C1=N)C(=O)NC)C(=O)N3C=CC=C(C3=N2)C,Inactive,4,,,3.8
204,24796130,5737524,C1COCCN1C(=O)/C(=C\C=C/C2=CC=CC=C2)/NC(=O)C3=CC=C(C=C3)Br,Inactive,4,,,3.8
205,24784426,16188441,C1CN(CCN1CC2=NC(=NO2)CC3=CC(=CC=C3)F)C4=NC=CN=C4,Inactive,4,,,3.7
206,26663162,3709420,CC1=CC(=CC=C1)NC(=O)C(C(C(COC(=O)C)OC(=O)C)OC(=O)C)OC(=O)C,Inactive,4,,,3.7
207,24780052,16187211,C1CC(=O)N[C@@H]1CN(CC2=CC=CC=C2)CC3=C(NN=C3)C4=CC5=CC=CC=C5O4,Inactive,4,,,3.7
208,17512971,5915311,COC1=CC=C(C=C1)/C=C/C(=O)NC(=S)NN2CCCCC2C3=CN=CC=C3,Inactive,4,,,3.7
209,24785434,16188824,CC(C)CN1CCN(CC1CCO)CC2=CC=C(C=C2)C#CC(C)(C)O,Inactive,4,,,3.7
210,17511408,1629593,CC(=O)N/C(=C/C1=CC2=C(C=C1)OCO2)/C(=O)NCCO,Inactive,4,,,3.7
211,11532971,4540,C1C(=O)NC2=C(C=C(C=C2)Cl)C(=N1)C3=CC=CC=C3F,Inactive,4,,,3.7
212,855836,6603320,CC[C@H]1CN2CCC3=CC(=C(C=C3[C@@H]2C[C@@H]1C[C@@H]4C5=CC(=C(C=C5CCN4)OC)OC)OC)OC.Cl,Inactive,4,,,3.7
213,11532897,493591,C([C@@H]1[C@H]([C@@H]([C@H]([C@H](O1)O[C@H]([C@@H](CO)O)[C@@H]([C@H](CO)O)O)O)O)O)O,Inactive,4,,,3.7
214,4257642,1785228,CC1=CC(N(C2=CC3=C(C=C12)OCO3)C(=O)C4=CC=C(C=C4)OC)(C)C,Inactive,4,,,3.7
215,24785972,1033953,COC1=CC(=C(C=C1)NC2=C(C(=O)N(C2=O)C3=CC=CC=C3)Cl)OC,Inactive,4,,,3.7
216,24795720,9587451,C1=CC(=C(C=C1Cl)Cl)OCCCC(=O)O/N=C(/C2=CC=NC=C2)\N,Inactive,4,,,3.7
217,24807025,79188,CC[N+]1=C(SC2=C1C=CC(=C2)C)C.[I-],Inactive,4,,,3.6
218,24792374,906031,CC1=COC2=CC3=C(C=C12)C(=C(C(=O)O3)CCC(=O)O)C,Inactive,4,,,3.6
219,24781280,16187478,CC1=NON=C1CN(C)C(=O)C2=CC=C(C=C2)OC3CCN(CC3)C(=O)C4=CN=CC=C4,Inactive,4,,,3.6
220,855861,4342,CCN(CC)CCNC(=O)C1=CC=C(C=C1)NC(=O)C,Inactive,4,,,3.6
221,855615,1688,CN1C(=O)CN=C(C2=C1C=CC(=C2)Cl)C3=CC=C(C=C3)Cl,Inactive,4,,,3.6
222,7975451,2904952,CC(C)CC12CN3CCN(C1)CC(C3)C2O,Inactive,4,,,3.6
223,3711830,351033,C1=CC=C(C=C1)CN2C3=C(C=NC=C3)N=N2,Inactive,4,,,3.6
224,24781029,1583929,CC1=CC=C(C=C1)C(=O)NC(=S)NCCCN2CCOCC2,Inactive,4,,,3.6
225,11532999,2482,CCCCOC(=O)C1=CC=C(C=C1)N,Inactive,4,,,3.6
226,24798309,14623,C1=CC=C2C=C(C=CC2=C1)N=C(N)N=C(N)N,Inactive,4,,,3.6
227,24826186,2098216,CC1=C(C(=NO1)C)COC2=C(C=C(C=C2)C(=O)NCCC3=CNC4=CC=CC=C43)OC,Inactive,4,,,3.6
228,17412651,1325191,CC1=C(C(=O)OC2=C1C=CC(=C2)OCC3=CC(=C(C(=C3)OC)OC)OC)CC4=CC=CC=C4,Inactive,4,,,3.5
229,4258722,694419,CN1C2=C(C(=O)NC1=O)N(C=N2)CCN3CCOCC3,Inactive,4,,,3.5
230,24781233,16187446,C1CN(C(CN1CC2=NC(=CS2)C3=CC=CC=C3)CCO)CC4=CC=C(C=C4)F,Inactive,4,,,3.5
231,17412674,2921061,CC(=O)N(CCC(CC1=CC=CC=C1)C2=CC3=C(C=C2)OCO3)CC4=CC=C(C=C4)Cl,Inactive,4,,,3.5
232,24789750,54680872,CC(C)C(=O)NC1=C(C2=CC=CC=C2NC1=O)O,Inactive,4,,,3.5
233,857292,54686773,C1CCN(CC1)CCNC(=O)C2=C(C3=CC=CC=C3NC2=O)O.Cl,Inactive,4,,,3.5
234,17513237,2040656,C/C(=C\C1=CC=CC=C1)/C=C\2/C(=O)N(C(=O)S2)CCCC(=O)O,Inactive,3,,,3.5
235,853373,656029,CC(C)CC(C(=O)NCC(=O)N)NC(=O)C1CCCN1C(=O)OC(C)(C)C,Inactive,3,,,3.5
236,24819701,44601734,CC12CC[C@H]3[C@H](C1(CCC2C4=CC(=O)OC4)O)CCC5(C3(CC[C@H](C5)O)/C=N/NC(=O)CC6=CC=CC=C6)O,Inactive,3,,,3.5
237,3712189,2360902,C1=CC=C(C=C1)OCCOC2=CC=CC=C2C(=O)O,Inactive,3,,,3.5
238,14743031,2024475,CCOC1=C(C=C(C=C1)CCN2C(=NC3=CC=CC=C3C2=O)C4=CC=CO4)OCC,Inactive,3,,,3.5
239,855702,28061,CC1=NC=C(N1CC(CCl)O)[N+](=O)[O-],Inactive,3,,,3.5
240,14725825,2861800,COC1=CC=C(C=C1)CC(=O)NCC2(CCOCC2)C3=CC(=C(C=C3)OC)OC,Inactive,3,,,3.5
241,14731437,3754294,CCC1(CC2=NC(=C(C=C2CO1)C(=O)OCC)N)C,Inactive,3,,,3.5
242,4256029,900100,C1CC2=CC=CC=C2N3C(=NC4=CC=CC=C4C3=O)C1,Inactive,3,,,3.5
243,855584,5388961,CCOC(=O)[C@H](CCC1=CC=CC=C1)N[C@@H](C)C(=O)N2CCC[C@H]2C(=O)O.C(=C\C(=O)O)\C(=O)O,Inactive,3,,,3.5
244,24796064,2184562,CC1=CC(=C(C=C1)OCCSC2=NC=CC=N2)C,Inactive,3,,,3.4
245,11533053,197763,CC(=O)OC(CC(=O)O)C[N+](C)(C)C.[Cl-],Inactive,3,,,3.4
246,11533057,62005,C1[C@@H]([C@H]([C@@H]([C@H]([C@@H]1N)O[C@@H]2[C@@H]([C@H]([C@@H]([C@H](O2)CO)O)N)O)O)O[C@@H]3[C@@H](C[C@@H]([C@H](O3)CN)O)N)N.OS(=O)(=O)O,Inactive,3,,,3.4
247,17511689,1857898,CC1=NC2=C(C(=O)C3=CC=CC=C3N2C)C(=O)N1CCC4=CC=C(C=C4)OC,Inactive,3,,,3.4
248,855952,68304,CCCCOC1=CC=C(C=C1)C(=O)CCN2CCCCC2.Cl,Inactive,3,,,3.4
249,14727726,848533,CCOC(=O)C1=CC2=CC3=CC=CC=C3C=C2N1,Inactive,3,,,3.4
250,7976963,1569343,CC1=C(C2=C(C=C1)C(=O)C(=C(N2)C)CN(CCOC)CCOC)C,Inactive,3,,,3.4
251,4259779,135485483,COCC1=CC(=O)NC(=N1)/N=C(\N)/NC2=CC=C(C=C2)OC3=CC=CC=C3,Inactive,3,,,3.4
252,26663017,71417,CCN(CC)CCNC(=O)C1=CC=C(C=C1)NC(=O)C.Cl,Inactive,3,,,3.4
253,11532875,6473883,CC[C@@H]1[C@@]([C@H]2[C@H]([C@H]([C@@H](C[C@@]([C@@H]([C@H]([C@@H]([C@H](C(=O)O1)C)O[C@H]3C[C@@]([C@H]([C@@H](O3)C)O)(C)OC)C)O[C@H]4[C@@H]([C@H](C[C@H](O4)C)N(C)C)O)(C)O)C)N[C@H](O2)COCCOC)C)(C)O,Inactive,3,,,3.3
254,4244860,54693395,C1CC2=C3C(=CC=C2)C(=C(C(=O)N3C1)C4=CC=CC=C4)O,Inactive,3,,,3.3
255,24795744,2936375,CC(C)(C)C(=O)NC1=CC(=CC=C1)OC(C(F)Cl)(F)F,Inactive,3,,,3.3
256,17401720,11957159,C1=CC=C2C(=C1)C(=N)C=CN2CC(=O)NC(=O)N.Cl,Inactive,3,,,3.3
257,8139866,5284655,C[C@]12CC[C@H]3[C@H]([C@@H]1CC[C@@H]2O)C[C@@H](C4=C3C=CC(=C4)O)O,Inactive,3,,,3.3
258,862551,663780,CC1=CN2C(=NC3=C(C2=O)C=C(C(=N)N3CCCOC(C)C)C(=O)NCC4CCCO4)C=C1,Inactive,3,,,3.3
259,855968,657375,CCSC([C@@H]([C@H]([C@@H]([C@@H](CO)O)O)O)O)SCC,Inactive,3,,,3.3
260,24786665,269720,CC1=CC(=CC=C1)N2CCN(CC2)C(=S)C3=CC=CC=C3,Inactive,3,,,3.3
261,22415812,2898108,CC12CCC3C1(COC2(C3)C(=O)NC4=CC=C(C=C4)F)C,Inactive,3,,,3.3
262,14724940,95028,CN1C2=C(C(=O)N(C1=O)C)N(C=N2)CC3=CC=CC=C3,Inactive,3,,,3.3
263,11533019,66266,C1CCN(CC1)CCCC(C2=CC=CC=C2)(C3=CC=CC=C3)O.Cl,Inactive,3,,,3.3
264,7978062,3858008,C1=CC=C2C(=C1)C3N(C(=O)C4=CC=CC=C4N3C2=O)CC5=CC=CO5,Inactive,3,,,3.3
265,50085853,5401,COC1=C(C=C2C(=C1)C(=NC(=N2)N3CCN(CC3)C(=O)C4CCCO4)N)OC,Inactive,3,,,3.3
266,866157,657381,C[N+]1([C@@H]2CC[C@H]1CC(C2)OC(=O)C(CO)C3=CC=CC=C3)C.[N+](=O)([O-])[O-],Inactive,3,,,3.3
267,857843,659194,COC(=O)C1=CN(C(=O)C=C1)CC2=CC=CO2,Inactive,3,,,3.3
268,8139865,5757,C[C@]12CC[C@H]3[C@H]([C@@H]1CC[C@@H]2O)CCC4=C3C=CC(=C4)O,Inactive,3,,,3.3
269,855580,8974,C1=NC2=C(N=C(N=C2N1[C@H]3[C@@H]([C@@H]([C@H](O3)CO)O)O)Cl)N,Inactive,3,,,3.3
270,17434122,700701,C1=CC2=C(C(=O)N=C2C=C1)C3=C(NC(=S)N3)O,Inactive,3,,,3.3
271,8139956,2972,CC1=C(C(=O)C=CN1C)O,Inactive,3,,,3.3
272,3711850,2997791,C[C@]12CCC(=O)C=C1CCC3C2CC[C@]4(C3CC[C@]4(CC#N)O)C,Inactive,3,,,3.3
273,855524,66644,C1=CC=C(C(=C1)C(=O)NO)O,Inactive,3,,,3.3
274,24807454,3141397,CC(C)C1=CC=C(C=C1)C2C(=C(C(=O)N2CC3=CN=CC=C3)O)C(=O)C,Inactive,3,,,3.2
275,24788036,135411682,C1=CC=C(C=C1)/C(=C\2/C3=C4C(=NC2=O)C=CC=C4C(=O)C5=CC=CC=C53)/O,Inactive,3,,,3.2
276,855837,101615,CN1[C@@H](CCC[C@@H]1CC(=O)C2=CC=CC=C2)C[C@@H](C3=CC=CC=C3)O.Cl,Inactive,3,,,3.2
277,864237,665484,CC1(CC(CC(N1)(C)C)NC(=O)[C@@H]2CSC3N2C(=O)C4=C3C=CC(=C4OC)OC)C,Inactive,3,,,3.2
278,863500,5389882,CC1(C2=CC=CC=C2N3C1(NC(=O)C3)/C=C/C4=CC=CO4)C,Inactive,3,,,3.2
279,24813132,4916344,CN1C2=C(C(NC1=O)C3=CC=C(C=C3)O)C(=O)N(C2)C4=CC=CC5=CC=CC=C54,Inactive,3,,,3.2
280,14727921,151814,C1=CSC(=C1)C(=O)CCC(=O)C2=CC=CS2,Inactive,3,,,3.2
281,11532885,941651,CN1CCN(CC1)CC/C=C\2/C3=CC=CC=C3SC4=C2C=C(C=C4)S(=O)(=O)N(C)C,Inactive,3,,,3.2
282,855668,6602662,CN1CCCN(CC1)C(C2=CC=CC=C2)C3=CC=C(C=C3)Cl.Cl,Inactive,3,,,3.2
283,26659784,4895765,CC1=C(C=CC2=C1OC(=O)C3=C2CCC3)OCC(=O)NC(CC4=CNC5=C4C=C(C=C5)O)C(=O)O,Inactive,3,,,3.2
284,855696,6419944,CCC[C@@H]1C[C@H](N(C1)C)C(=O)N[C@@H]([C@@H]2[C@H]([C@@H]([C@H]([C@H](O2)SC)O)O)O)[C@@H](C)O.Cl,Inactive,3,,,3.2
285,24801169,2859378,COC1=CC=C(C=C1)C2C3=CC(=C(C=C3CC(=O)O2)OC)OC,Inactive,3,,,3.2
286,4264165,975410,C1COC2=C(O1)C=CC(=C2)C(=O)CS(=O)(=O)C3=CC=CC=C3,Inactive,3,,,3.2
287,4261262,580038,CN1C2CCC1CC(C2)OC(=O)CCN3CCCC3,Inactive,3,,,3.2
288,4241590,3236545,CC(C(=O)N1CC(CC1C(=O)O)O)NC(=O)OCC2=CC=CC=C2,Inactive,3,,,3.2
289,856003,3374,CC1CCC2=C3N1C=C(C(=O)C3=CC(=C2)F)C(=O)O,Inactive,3,,,3.2
290,26724903,2940070,CN1C2=C(C=C(C=C2)Br)C(C1=O)(CC(=O)C3=CC=CC=C3O)O,Inactive,3,,,3.2
291,24809301,2835210,CC1=CC2=C(N=C(N=C2C=C1)N=C(N)N)C,Inactive,3,,,3.2
292,24793844,5296051,C1OC2=C(O1)C=C(C=C2)/C=C\C3=NC=CC4=C3NC5=CC=CC=C45,Inactive,3,,,3.2
293,855963,2170,C1CN(CCN1)C2=NC3=CC=CC=C3OC4=C2C=C(C=C4)Cl,Inactive,3,,,3.1
294,4252326,254510,CCOC(=O)C1=NC(=CC=C1)C(=O)OCC,Inactive,3,,,3.1
295,24838313,3240712,CS(=O)(=O)NC1=CC=CC(=C1)C(=O)CC2(C3=C(C=CC(=C3)Br)NC2=O)O,Inactive,3,,,3.1
296,24814349,16194314,CC1=CC=CC=C1C(=O)NNC2=C3C=NN(C3=NC=N2)C,Inactive,3,,,3.1
297,24808444,2941112,CC1=CC(=O)OC2=C1C=CC(=C2)N3C(=O)CC(C3=O)CC4=CC(=CC=C4)OC,Inactive,3,,,3.1
298,24806007,2829167,CC1=CC2=C(C=C1)N3CCN(C4C3=C2CCC4)C(=O)C,Inactive,3,,,3.1
299,24795642,5737390,C/C=C/C1=CC(=C(C=C1)OCCCCN2CC(CC(C2)C)C)OC.C(=O)(C(=O)O)O,Inactive,3,,,3.1
300,844301,646621,CC(C)CC(C(=O)NC(CC1=CC=CC=C1)C(=O)N)NC(=O)C,Inactive,3,,,3.1
301,8139979,774,C1=C(NC=N1)CCN,Inactive,3,,,3.1
302,855923,5702144,CC1=CC=C(C=C1)N(CC2=NCCN2)C3=CC(=CC=C3)O.Cl,Inactive,3,,,3.1
303,17408382,1088787,COC1=CC2=C(C=C1)OC(=O)C(=C2)C(=O)NC3=CC=CC=C3C4=CC=CC=C4,Inactive,3,,,3.1
304,26669704,3148871,CC(=C)CN1C2=C(N=C1NCC=C)N(C(=O)N(C2=O)C)C,Inactive,3,,,3.1
305,24809454,3156997,C1=CC=C(C=C1)C(CCNC(=O)C2=CC=CS2)C3=CC=CO3,Inactive,3,,,3.1
306,24795745,1299651,CC(=O)OC1=C(C=C(C=C1)C(=O)NC2=CC=CC(=C2)C3=NN=C(O3)C4=CC=CO4)OC,Inactive,3,,,3.1
307,24786689,879093,CCOC(=O)C1=C(OC2=C1C(=O)C3=CC=CC=C3C2=O)C,Inactive,3,,,3.1
308,24790344,2884240,COC(=O)C1=NN(C(C1)(C2=CC=C(C=C2)Cl)O)C(=O)C3=CC(=CC=C3)Br,Inactive,3,,,3.1
309,855814,66007,C1CCC(CC1)C(CCN2CCCCC2)(C3=CC=CC=C3)O.Cl,Inactive,3,,,3.1
310,24822394,2756583,C1C(NC(S1)C2=CC3=C(C=C2)OCO3)C(=O)O,Inactive,3,,,3.1
311,24809246,2865127,CCOC1=CC(=C(C=C1)NC2C(C(C(C(O2)C)O)O)O)[N+](=O)[O-],Inactive,3,,,3.1
312,26666284,1738130,CN(CCC1=CC2=C(C(=C1C=O)OC)OCO2)C(=O)C3=CC=C(C=C3)F,Inactive,3,,,3
313,24795318,2967043,CC1=CC(=O)OC2=C1C=CC(=C2)OC(C)C(=O)NCC3CCCO3,Inactive,3,,,3
314,11533011,93504,CC1([C@H]([C@@H](C2=C(O1)C=CC(=C2)C#N)N3CCCC3=O)O)C,Inactive,3,,,3
315,17508503,12004720,COC1=CC=CC=C1/C=C/C(=O)OCCN2CCOCC2.Cl,Inactive,3,,,3
316,858723,660030,C/C(=C\1/[C@H]2[C@H](C2(C)C)CC1=O)/NC(=O)C3=CC=CS3,Inactive,3,,,3
317,855672,4173,CC1=NC=C(N1CCO)[N+](=O)[O-],Inactive,3,,,3
318,24795169,1695868,COC1=CC2=C(C=C1)OC(=CC2=O)C3=CC=CO3,Inactive,3,,,3
319,3715988,1933725,CCOC1=C(C=C2C3=C(CCC3)C(=O)OC2=C1)Cl,Inactive,3,,,3
320,855605,5388964,C1CC1C(C2CC2)NC3=NCCO3.C(=C/C(=O)O)\C(=O)O,Inactive,3,,,3
321,26670865,7367736,COC1=CC=CC(=C1)N2C(=O)[C@@H]3[C@H](C2=O)NN=C3C(=O)C4=NC=CN=C4,Inactive,3,,,3
322,22403161,589050,C1=CC=C2C(=C1)NC(=N2)CCS(=O)(=O)C3=CC=C(C=C3)Cl,Inactive,3,,,3
323,855773,236702,C[C@@H]1C[C@H]2[C@@H]3CCC4=CC(=O)C=C[C@@]4([C@]3([C@H](C[C@@]2([C@]1(C(=O)COC(=O)C)O)C)O)F)C,Inactive,3,,,3
324,24795750,2936414,CC1(NC(=S)N(N1)C2=CC=CC=C2)CC(=O)NC3=CC=CC=C3,Inactive,3,,,3
325,26659088,16681795,CC(C)C[C@@H](C(=O)NCC1CCC(CC1)C(=O)O)NC(=O)[C@@H]2CC3=CC=CC=C3CN2C(=O)OC(C)(C)C,Inactive,3,,,3
326,24795711,1266017,CC(=O)NC1=NC(=C(S1)C2=CC=C(C=C2)OC)C3=CC=C(C=C3)OC,Inactive,3,,,3
327,24790342,2884295,CCOC(=O)C1C(C(=NN1)C(=O)C2=CC=CC=C2)C3=CC=C(C=C3)Cl,Inactive,3,,,3
328,7965360,650307,CC12CN3CC(C1=O)(CN(C2)C3C4=CNC5=C4C=C(C=C5)OC)C,Inactive,3,,,3
329,17385818,283293,C1CC(=O)C(=CC2=CNC3=CC=CC=C32)C(=O)C1,Inactive,3,,,3
330,24786506,16189223,CC1=CC(=C(S1)C)C2=NN(C=C2CN3CCCC(C3)O)C4=CC=CC=C4F,Inactive,3,,,3
331,864479,665724,C1CC2=C(C1)C(=O)OC3=C2C=CC(=C3)OCC(=O)N4CCC(CC4)C(=O)O,Inactive,3,,,3
332,7977166,753426,CC1=CC=C(C=C1)S(=O)(=O)NC(=O)NC2=C(C=CC(=C2)C)F,Inactive,3,,,3
333,865425,666680,CC(C)C(CCN1C(=O)CCC1=O)C2CCOC(C2)(C)C,Inactive,3,,,3
334,865179,666429,CC1(C2=CC=CC=C2N(C13C=CC4=C(O3)C=CC(=C4)OC)CCO)C,Inactive,3,,,3
335,22403232,708793,C1=CC=C(C(=C1)NC(=O)NC2=NC=C(C=C2)Cl)Cl,Inactive,3,,,2.9
336,11533008,6420013,COC1=CC(=C(C(=C1)OC)C(=O)CCCN2CCCC2)OC.Cl,Inactive,3,,,2.9
337,4264664,715098,CS(=O)(=O)NCC1=CC=C(C=C1)C(=O)NCC2=CC=CC=C2,Inactive,3,,,2.9
338,24780807,669888,CC(C)NC(=O)C1=C(C=C(C=C1)SC)OC,Inactive,3,,,2.9
339,22403183,563780,CC1=C(NC(=C1C(=O)C)C)C(=O)OCC2=CC=CC=C2,Inactive,3,,,2.9
340,17387918,5416305,CC1=C(SC=C1)/C=N\NC(=O)C2=CC3=C(C=C2)OCO3,Inactive,3,,,2.9
341,855797,92173,CC(C)([C@H](C(=O)O)N)S.Cl,Inactive,3,,,2.9
342,17505945,5807536,COC1=CC=C(C=C1)C(=O)/C=C/C2=CC=C(C=C2)OC(=O)C3=CC(=C(C(=C3)OC)OC)OC,Inactive,3,,,2.9
343,14724244,2855383,CC1=NC2=CC=CC=C2N1CC(CN3C4=CC=CC=C4C5=CC=CC=C53)O,Inactive,3,,,2.9
344,855728,66068,CCN(CC)CCNC(=O)C1=CC=C(C=C1)N.Cl,Inactive,3,,,2.9
345,24817452,1483607,CC(=O)C1=CN(C(=O)NC1=O)C,Inactive,3,,,2.9
346,24795857,888622,CC1=CC(=C(C(=C1)C)NC(=O)NC(=O)C(Cl)(Cl)Cl)C,Inactive,3,,,2.9
347,8139969,24239,C1=CC2=C(C=C1[N+](=O)[O-])NN=C2,Inactive,3,,,2.9
348,865472,666726,CC(C)CCOCC(=O)NC1=CC=CC(=C1)C(=O)O,Inactive,3,,,2.9
349,856576,657928,CC1=CSC(=N1)C2=CC3=C(C=CC(=C3)OC)OC2=O,Inactive,3,,,2.9
350,856399,53000,C1=CC(=CC=C1C(=O)O)OCCN2C=CN=C2.Cl,Inactive,3,,,2.9
351,24807006,582676,C1=CC=C2C(=C1)C(=CN2)CCC(=O)NCC3=CC=CO3,Inactive,3,,,2.9
352,24808725,2920621,CC1(CC(CC(N1)(C)C)NC(=O)C23CCC(C2(C)C)(C(=O)C3=O)C)C,Inactive,3,,,2.9
353,852697,655331,CC1CC2=C(C3=CC=CC(=C3N=C2O1)C)C,Inactive,3,,,2.9
354,50085998,5323714,C1COC(=O)N1/N=C/C2=CC=C(O2)[N+](=O)[O-],Inactive,3,,,2.9
355,11533014,5702273,CC(C)(C)NCC(C1=CC(=C(C(=C1)Cl)N)Cl)O.Cl,Inactive,3,,,2.9
356,7968415,3154648,CCOC(=O)C1C2C=CC3(C1C(=O)N(C3)C4=CC(=C(C=C4)Cl)F)O2,Inactive,3,,,2.9
357,855819,657319,COC1=C(C=C(C=C1)C(=O)NC2=CN=CC=C2)C(=O)NC3=CN=CC=C3,Inactive,3,,,2.9
358,24780215,16187262,CC(C1=CC=CC=C1)NC(=O)C2=CC=C(C=C2)OC3CCN(CC3)CC4=CC=CC=N4,Inactive,3,,,2.8
359,24796246,2987548,CC1=C(C=CC(=C1)C(=O)NC2=CC=CC=C2C(=O)N3CCCCC3)[N+](=O)[O-],Inactive,3,,,2.8
360,17401375,4110197,CCSC(=O)CCCCCCCCCCCO,Inactive,3,,,2.8
361,7973532,3149252,CC12CC(C(C(=O)N1)C(=O)N3CCOCC3)C4=CC=CC=C4O2,Inactive,3,,,2.8
362,24790461,875580,CC1=CC=C(C=C1)CSCC(=O)N2CCCC2,Inactive,3,,,2.8
363,17512908,3323173,COC1=CC=C(C=C1)C2C3CCCCC3(CCN2C(=O)C4=CC=CS4)O,Inactive,3,,,2.8
364,855953,4911,CCCN(CCC)S(=O)(=O)C1=CC=C(C=C1)C(=O)O,Inactive,3,,,2.8
365,855603,6314,CCN(CC)CC(=O)NC1=C(C=CC=C1C)C.Cl,Inactive,3,,,2.8
366,855926,6240,CN(C)CCCN1C2=CC=CC=C2SC3=C1C=C(C=C3)Cl.Cl,Inactive,3,,,2.8
367,24802191,135455109,CCOC(=O)CC1=C(N=C(NC1=O)N)C,Inactive,3,,,2.8
368,24795714,888488,CC1=C(C=C(C=C1)C(=O)COC(=O)C2=NC=CN=C2)[N+](=O)[O-],Inactive,3,,,2.8
369,24795641,2935969,CC1=CC(=C(C=C1)Cl)OCCCN(C)CC2=CC=CC=C2.C(=O)(C(=O)O)O,Inactive,3,,,2.8
370,24790631,16189577,CC(C)CC(C(=O)O)NC(=O)CNC(=O)C1[C@H]2[C@@H]([C@@H]3[C@H](O1)OC(O3)(C)C)OC(O2)(C)C,Inactive,3,,,2.8
371,24785283,16188782,CC1=NN=C(O1)SCC(=O)N2CCCC(C2)C(=O)C3=CC=C(C=C3)Cl,Inactive,3,,,2.8
372,14734055,2849091,CC1(CC2=CC(=C(C=C2C(=S)N1)OC)OC)C,Inactive,3,,,2.8
373,24802573,696885,C1=CC=C(C=C1)C(=O)NC2=CC=CC(=C2)C3=NC4=C(O3)C=CC=N4,Inactive,3,,,2.8
374,22405862,6610913,COC1=CC=C(C=C1)C(=O)O[C@H](C2CC3CCN2CC3C=C)C4=CC=NC5=CC=CC=C45,Inactive,3,,,2.8
375,864057,665308,CC(=C)COC1=CC(=C(C=C1)C2=NC(=NC=C2C3=CC=C(C=C3)OC)N)O,Inactive,3,,,2.8
376,24786347,16189121,CC1=C(SC=C1)C(=O)C2CCCN(C2)CC3=CC4=CC=CC=C4O3,Inactive,3,,,2.8
377,864676,665917,CCOC1=CC=CC=C1C(=O)NCCC(=O)O,Inactive,3,,,2.8
378,856011,5328,CC1=NN=C(S1)NS(=O)(=O)C2=CC=C(C=C2)N,Inactive,3,,,2.8
379,855786,5702214,CCN(CC)CCNC(=O)C1=C(C=CC(=C1)S(=O)(=O)C)OC.Cl,Inactive,3,,,2.7
380,855608,5284594,C=C1CC[C@]2([C@H]3CC4=C5[C@]2([C@H]1OC5=C(C=C4)O)CCN3CC6CC6)O,Inactive,3,,,2.7
381,17507527,1901008,CCOC(=O)C1=C2C3=C(CC(N2C(=O)C1=O)(C)C)C4=CC=CC=C4C=C3,Inactive,3,,,2.7
382,855679,2153,CN1C2=C(C(=O)N(C1=O)C)NC=N2,Inactive,3,,,2.7
383,24801047,677363,C1=CC=C2C(=C1)N(C(=S)N2CCC(=O)O)CCC(=O)O,Inactive,3,,,2.7
384,17412323,1567211,C1=CC=C(C=C1)COC(=O)NCC(=O)OC2=C(C=C3C(=CC(=O)OC3=C2)C4=CC=CC=C4)Cl,Inactive,3,,,2.7
385,855642,460129,C([C@@H](C(=O)O)N)OC(=O)C=[N+]=[N-],Inactive,3,,,2.7
386,865194,5390018,C[C@@H](C(=O)NCC1CCC(CC1)C(=O)O)NC(=O)OC(C)(C)C,Inactive,3,,,2.7
387,26663153,3793,CCC(C)N1C(=O)N(C=N1)C2=CC=C(C=C2)N3CCN(CC3)C4=CC=C(C=C4)OCC5COC(O5)(CN6C=NC=N6)C7=C(C=C(C=C7)Cl)Cl,Inactive,3,,,2.7
388,17387718,995493,COC(=O)C1=CC=CC=C1NC(=O)C2=CC=C(C=C2)COC3=CC4=C(CCC4)C=C3,Inactive,3,,,2.7
389,11533002,2724385,C[C@@H]1[C@H]([C@H](C[C@@H](O1)O[C@@H]2[C@H](O[C@H](C[C@@H]2O)O[C@@H]3[C@H](O[C@H](C[C@@H]3O)O[C@H]4CC[C@]5([C@@H](C4)CC[C@@H]6[C@@H]5C[C@H]([C@]7([C@@]6(CC[C@@H]7C8=CC(=O)OC8)O)C)O)C)C)C)O)O,Inactive,3,,,2.7
390,24840972,659821,C1[C@H]2CN(C[C@H]1C3=CC=CC(=O)N3C2)C(=O)NC4=CC(=CC=C4)OC5=C(C(=C(C(=C5F)F)F)F)F,Inactive,3,,,2.7
391,855929,10695961,CC(=O)OCC1=C(N2[C@@H]([C@@H](C2=O)NC(=O)/C(=N\OC)/C3=CSC(=N3)N)SC1)C(=O)[O-].[Na+],Inactive,3,,,2.7
392,24795726,6458126,COC(=O)C1=CC=CC=C1NC(=O)NCC2=CC=CC=C2,Inactive,3,,,2.7
393,22415549,2893617,COC1=CC=C(C=C1)NC(=O)N2CCCCC2C3=CN=CC=C3,Inactive,3,,,2.7
394,855688,5994,CC(=O)[C@H]1CC[C@@H]2[C@@]1(CC[C@H]3[C@H]2CCC4=CC(=O)CC[C@]34C)C,Inactive,3,,,2.7
395,26664724,292807,CC(C)C1=CC=C(C=C1)NC(=O)NC2=CC=C(C=C2)OC,Inactive,3,,,2.7
396,11532960,449459,CC/C(=C(\C1=CC=C(C=C1)O)/C2=CC=C(C=C2)OCCN(C)C)/C3=CC=CC=C3,Inactive,3,,,2.7
397,24790721,760825,COC(=O)CSC1=NC2=C(S1)C=C(C=C2)N,Inactive,3,,,2.6
398,14741446,9551672,COC(=O)C1=CN(C(=O)C(=C1)Br)CCC2=CC=C(C=C2)O.Cl,Inactive,3,,,2.6
399,26658452,6059482,COC1=CC=C(C=C1)C2=COC3=C(C2=O)C=CC(=C3CN4CCOCC4)O,Inactive,3,,,2.6
400,11532919,62946,C[C@H]([C@@H](C1=CC=CC=C1)O)NC,Inactive,3,,,2.6
401,855675,2471,CCCCNC1=C(C(=CC(=C1)C(=O)O)S(=O)(=O)N)OC2=CC=CC=C2,Inactive,3,,,2.6
402,842588,644854,CN1C2=C(C(=O)NC1=O)NC(=N2)NCCCOC,Inactive,3,,,2.6
403,26663018,5388957,C[C@@H]1C[C@H]2[C@@H]3CCC4=CC(=O)C=C[C@@]4([C@]3([C@H](C[C@@]2([C@]1(C(=O)COP(=O)([O-])[O-])O)C)O)F)C.[Na+],Inactive,3,,,2.6
404,24786428,16189165,C1CC(CN(C1)C(=O)/C=C/C2=CC=CC=N2)C(=O)C3=CC=C(C=C3)Cl,Inactive,3,,,2.6
405,17510477,9632510,CC1(OC2C(O1)C(OC3C2OC(O3)(C)C)C(=O)N/N=C/C4=CC=CC=C4F)C,Inactive,3,,,2.6
406,24819318,3916547,CC1=CC2=C(C=C1)N(C3C2CN(CC3)C)S(=O)(=O)C4=CC=C(C=C4)OC5=CC=C(C=C5)[N+](=O)[O-],Inactive,3,,,2.6
407,24785005,16188602,CC1(C2CCC(OC2C3=CC=CC=C3O1)(C)C#CC[N+]4(CCCCC4)C)C.[I-],Inactive,3,,,2.6
408,24784390,16188423,CC1=CC(=CC=C1)C2=NC=C(C=N2)CN3CCN(C(C3)CCO)CC(C)C,Inactive,3,,,2.6
409,24783696,16188227,CN1C=C(C(=N1)C2=CC=C(C=C2)OC3=CC=CC=C3)CN4CCN(CC4)CCO,Inactive,3,,,2.6
410,11533058,135445761,C[N+]1=CC=CC=C1/C=N/O.[Cl-],Inactive,3,,,2.6
411,8139894,227456,CC1=CC2=C(C(=C(C(=C2C(C)C)O)O)C=O)C(=C1C3=C(C4=C(C=C3C)C(=C(C(=C4C=O)O)O)C(C)C)O)O.CC(=O)O,Inactive,3,,,2.6
412,11533065,23663979,CC1([C@@H](N2[C@H](S1)[C@@H](C2=O)NC(=O)[C@@H](C3=CC=CC=C3)N)C(=O)[O-])C.[Na+],Inactive,3,,,2.6
413,844710,647040,C1CCC(CC1)NC(=O)C2=NN3C(=CC(=NC3=C2)C4=CC=CO4)C(F)(F)F,Inactive,3,,,2.6
414,24787321,5348383,C/C(=N\NC(=O)C1(CC1(Br)Br)C)/C2=CC=C(C=C2)[N+](=O)[O-],Inactive,3,,,2.6
415,851703,54677460,COC1=CC=C(C=C1)CCNC(=O)C2=C(C3=C(CCCC3)NC2=O)O,Inactive,3,,,2.6
416,24795930,2936905,COC1=CC=C(C=C1)NC(=S)N2CCN(CC2)CCN3C(=O)C4=CC=CC5=C4C(=CC=C5)C3=O,Inactive,3,,,2.5
417,4262859,748258,C1CCC2(C1)CC3=CC=CC=C3C4=NN=C(N24)C5=CC=CO5,Inactive,3,,,2.5
418,24809686,6618799,CC[C@@]12C=CCN3C1C4(CC3)C([C@]([C@@H]2OC(=O)C)(C(=O)OC)O)N(C5=CC(=C(C=C45)Br)OC)C,Inactive,3,,,2.5
419,24798296,2936520,CCC1=CC2=C(C(=C1O)CN3CCCCC3C)OC=C(C2=O)C4=CC5=C(C=C4)OCCO5,Inactive,3,,,2.5
420,14743383,4263613,CC1(CC(CCO1)(CC(=O)O)C2=CC=C(C=C2)Cl)C,Inactive,3,,,2.5
421,855567,5282230,COC1=C(C=C(C=C1)/C=C/C(=O)NC2=CC=CC=C2C(=O)O)OC,Inactive,3,,,2.5
422,4242765,3237578,CC(C)COC(=O)C1C(C(C(CC1=O)(C)O)C(=O)OCC(C)C)C2=CN=CC=C2,Inactive,3,,,2.5
423,855526,9373,CN(CC#C)CC1=CC=CC=C1.Cl,Inactive,2,,,2.5
424,24800890,3071136,C1C(C(=O)NC1=O)C2=CC=C(C=C2)OCCCCCOC3=CC=C(C=C3)C4CC(=O)NC4=O,Inactive,2,,,2.5
425,11533035,8667,CN(C)CCN(CC1=CC=CS1)C2=CC=CC=N2.Cl,Inactive,2,,,2.5
426,855933,3542,CC1CNCCN1S(=O)(=O)C2=CC=CC3=C2C=CN=C3,Inactive,2,,,2.5
427,24781232,16187445,COC1CCN(CC1)C(=O)C2=CC=C(C=C2)OC3CCN(CC3)CC4=CC=CC=N4,Inactive,2,,,2.5
428,855561,5284557,C[C@]12CCC(=O)C=C1CC[C@@H]3[C@@H]2CC[C@]4([C@H]3CC[C@]4(C#C)O)C,Inactive,2,,,2.5
429,14741369,698642,CCOC(=O)C1=C(N[C@@]2([C@]1(C(=O)C3=CC=CC=C32)O)O)C,Inactive,2,,,2.4
430,14734674,782442,CC1=CC=C(S1)CN2CCC3=CC(=C(C=C3C2)OC)OC,Inactive,2,,,2.4
431,855980,35370,CC1=CN(C(=O)NC1=O)[C@H]2C[C@@H]([C@H](O2)CO)N=[N+]=[N-],Inactive,2,,,2.4
432,24808390,5726630,CCN1C(=NC2=CC=CC=C2C1=O)/C=C/C3=CC=CC=C3,Inactive,2,,,2.4
433,8139900,1727,C1=CN=CC=C1N,Inactive,2,,,2.4
434,860413,661706,CCN1C(=C(C(=O)N(C1=S)CC)C(=O)CC2C3=CC=CC=C3CCN2)O,Inactive,2,,,2.4
435,24786733,874448,CCNC(=O)C1=C(C2=C(S1)C=C(C=C2)C)Cl,Inactive,2,,,2.4
436,846440,4235,C1COCCN1CCNC(=O)C2=CC=C(C=C2)Cl,Inactive,2,,,2.4
437,855628,2315,C1=CC=C(C=C1)CC2NC3=C(C=C(C(=C3)C(F)(F)F)S(=O)(=O)N)S(=O)(=O)N2,Inactive,2,,,2.4
438,24786457,16189188,CC(C)CN(C)CC1=C(N=C2N1C=C(C=C2)Cl)C(=O)N3CCC4=CC=CC=C4C3,Inactive,2,,,2.4
439,855686,3213,CC1=C2C=CN=CC2=C(C3=C1NC4=CC=CC=C43)C,Inactive,2,,,2.4
440,24795908,754097,COC1=CC=C(C=C1)N2CCN(CC2)C(=S)NCC3=CC=CC=C3,Inactive,2,,,2.4
441,7974592,2848107,C1C2=C(C(NC3=CC=CC=C3N2)C4=CC=CC=C4)C(=O)N1,Inactive,2,,,2.4
442,14744680,4962065,CC1=C2CCCCC2=NC(=N1)N,Inactive,2,,,2.4
443,861050,662320,CC1=CC(=O)OC2=C1C=CC(=C2)OCC(=O)N3CCN(CC3)S(=O)(=O)C4=CC=C(C=C4)OC,Inactive,2,,,2.4
444,24780298,16187314,C1OC2=C(O1)C=C(C=C2)C3=NOC(=N3)CN(CCO)CC4=CC=CS4,Inactive,2,,,2.4
445,855625,117176,CCC(C1=CC=CC=C1)C(=O)OCCN(CC)CC.C(C(=O)O)C(CC(=O)O)(C(=O)O)O,Inactive,2,,,2.4
446,24780218,16187265,CC1=C(NC2=C1C=C(C=C2)OC)CN3CCN(C(C3)CCO)CC(C)C,Inactive,2,,,2.4
447,22410623,3679005,COC1=CC=C(C=C1)S(=O)(=O)NC(CC2=CN=CN2)C(=O)O,Inactive,2,,,2.4
448,24787324,874697,CC(C)OC1=CC=CC(=C1)C(=O)N2CCCC2,Inactive,2,,,2.3
449,7973567,1323630,COC1=C2C(=O)C=C(OC2=C(C3=C1C=CO3)OC)C(C(F)(F)F)(F)F,Inactive,2,,,2.3
450,864814,666062,CC(=O)C1=C2C(=C(C=C1)OC)OCCO2,Inactive,2,,,2.3
451,855951,92827,CC(=O)[C@]1(CC[C@@H]2[C@@]1(C[C@@H]([C@H]3[C@H]2CCC4=CC(=O)CC[C@]34C)O)C)O,Inactive,2,,,2.3
452,24788197,135448748,CCN1C(=C(SC1=O)/C=C/2\C=NC3=CC=CC=C32)O,Inactive,2,,,2.3
453,14723158,677934,C1=CC=C(C=C1)NC(=O)CN2C(=O)C3=CC=CC=C3S2(=O)=O,Inactive,2,,,2.3
454,855557,3182,CN1C2=C(C(=O)N(C1=O)C)N(C=N2)CC(CO)O,Inactive,2,,,2.3
455,4265204,2960025,CC(C)C1CC2=C(CO1)C=C(C(=O)N2)C(=O)O,Inactive,2,,,2.3
456,7977247,2909007,COC1=C(C=C(C=C1)C(=O)CC2(C3=CC=CC=C3N(C2=O)CC#C)O)OC,Inactive,2,,,2.3
457,855558,22162,CN(C)CCOC(=O)C(C1=CC=CC=C1)C2(CCCC2)O.Cl,Inactive,2,,,2.3
458,22413073,15945671,C1=CC=C(C=C1)OCC2=CC=CC=C2CN.C(=C\C(=O)O)\C(=O)O,Inactive,2,,,2.3
459,24802024,3158538,CC(C(=O)C1=CC=CC=C1)OC(=O)C2=CC(=O)NC3=CC=CC=C32,Inactive,2,,,2.3
460,26664434,238053,CN1C2CCC1CC(C2)OC(C3=CC=CC=C3)C4=CC=CC=C4.CS(=O)(=O)O,Inactive,2,,,2.3
461,24795707,2936085,CCC(=O)OC1=CC=C(C=C1)C(=O)NC2=CC=C(C=C2)[N+](=O)[O-],Inactive,2,,,2.3
462,11532981,6852392,CCCCC/C=C\C[C@@H](/C=C/C1=CC=CC(=N1)C[C@@H](CCCCO)O)O,Inactive,2,,,2.3
463,855959,105078,CCOC(=O)C1=NC=C2C(=C1)C3=CC=CC=C3N2,Inactive,2,,,2.3
464,26659377,698299,CC1=CC(N(C2=CC=CC=C12)C(=O)C)(C)C,Inactive,2,,,2.3
465,24822783,16195303,COC1=CC=C(C=C1)/C=C/C(=O)C2=CC3=C(C(=CC=C3)OC)OC2=O,Inactive,2,,,2.3
466,17506326,1333327,CC1=C(C(=CC=C1)C)NS(=O)(=O)C2=CC=C(C=C2)NC(=O)C3=CC(=C(C=C3)Cl)[N+](=O)[O-],Inactive,2,,,2.3
467,14741776,3698101,CC(C)CCC1(C(=O)NC(=O)NC1=O)CN2CCCC2=O,Inactive,2,,,2.3
468,14722426,54682948,CCOC(=O)C1=C(C2=C(CCCC2)NC1=O)O,Inactive,2,,,2.3
469,8139920,2723650,C1CNC(=S)N1,Inactive,2,,,2.3
470,4259195,2825094,COC1=CC(=CC(=C1OC)OC)C2C3=CC(=C(C=C3CCN2)OC)OC,Inactive,2,,,2.3
471,26664332,14547,C1=CC=NC(=C1)NC2=CC=CC=N2,Inactive,2,,,2.3
472,24796234,2989016,CC(=O)CSC1=NC=NC2=C1C=NN2C3=CC=CC=C3,Inactive,2,,,2.3
473,24795503,888685,C1COC2=C(O1)C=CC(=C2)NC(=S)NC(=O)C3=CC=CC=C3F,Inactive,2,,,2.3
474,24795046,2965325,COC1=CC=C(C=C1)NC(=O)CC(C2=CC=CC=C2)C3=CC=CO3,Inactive,2,,,2.3
475,8139941,68014,C1=CC(=C(C=C1CC(=O)O)F)O,Inactive,2,,,2.3
476,857143,658492,CN1C2=C(C(=O)NC1=O)N(C(=N2)Br)CCCO,Inactive,2,,,2.3
477,26662313,7985030,C1CC[C@@]2(CCN(C[C@@H]2C1)C(=O)CC3=CC=CC4=CC=CC=C43)O,Inactive,2,,,2.2
478,24786682,5601436,C1=CC(=CC=C1[N+](=O)[O-])S(=O)(=O)O/N=C(\C2=CC=NC=C2)/N,Inactive,2,,,2.2
479,7977227,98348,CN1CCC2=CC(=C(C=C2C1CC3=CC=C(C=C3)O)OC)OC,Inactive,2,,,2.2
480,855583,9066,CN(C)CCN(CC1=CC=CC=C1)C2=CC=CC=N2.Cl,Inactive,2,,,2.2
481,24783559,16188172,C1CC(CN(C1)CC2=CC=C(C=C2)OC3=NC=CC=N3)C(=O)C4=CC=C(C=C4)Cl,Inactive,2,,,2.2
482,855753,6081,CC(C(C1=C(C=CC(=C1)OC)OC)O)N.Cl,Inactive,2,,,2.2
483,855846,158798,C1CN=C(N1)CN(CC2=CC=CC=C2)C3=CC=CC=C3.OP(=O)(O)O,Inactive,2,,,2.2
484,24786157,16188964,C1CC(CN(C1)C(=O)C2=CSC=C2)CCC(=O)NCC3=CC(=C(C=C3)F)F,Inactive,2,,,2.2
485,17505651,12004623,CC1=CC=C(C=C1)C(=O)[C@@H]2[C@H](N3[C@@H]([C@]24C5=CC=CC=C5NC4=O)C=CC6=C3C=CC(=C6)F)C(=O)C,Inactive,2,,,2.2
486,11533020,6852402,CC[C@H](CO)NCCN[C@H](CC)CO.Cl,Inactive,2,,,2.2
487,17511860,707760,CCC1=CC(=O)OC2=CC3=C(C=C12)C(=CO3)C4=CC(=C(C=C4)OC)F,Inactive,2,,,2.2
488,11532922,135410029,C[N+]1=CC=CC=C1/C=N/O.[I-],Inactive,2,,,2.2
489,24795967,706914,CCN1CCN(CC1)C(=S)C2=CC=C(C=C2)OC,Inactive,2,,,2.2
490,24795643,888433,CCNC(=S)NC1=CC=C(C=C1)OC(F)(F)F,Inactive,2,,,2.2
491,855690,5479,CCS(=O)(=O)CCN1C(=NC=C1[N+](=O)[O-])C,Inactive,2,,,2.2
492,24785181,16188711,CC(C)CCN1CCN(CC1CCO)CC2=CC=C(C=C2)SC,Inactive,2,,,2.2
493,7973258,872314,CN1C2=C(C=C(C=C2)CC(=O)O)C3=C1C=CC(=C3)CC(=O)O,Inactive,2,,,2.2
494,4260530,2964782,CN1CC2CCCC3(C1)C2=NC4(CCCCC4)NC3=O,Inactive,2,,,2.2
495,24785967,9554495,C1C2C1C3C=CC2C4C3C(=O)N(C4=O)/N=C/C5=CC=C(O5)C6=CC=C(C=C6)[N+](=O)[O-],Inactive,2,,,2.1
496,17513601,1185774,CC1=CC(=CC=C1)OC2=COC3=C(C2=O)C=CC(=C3)OC(=O)C4=CC(=CN=C4)Br,Inactive,2,,,2.1
497,17403151,5332432,CC1=C2C(=C3C(=N1)CC(CC3=O)(C)C)C4=CC=CC=C4N2,Inactive,2,,,2.1
498,24840989,5389991,CC1=CC(=CC2=C1NC(=O)[C@]23[C@H]4[C@@H]([C@H]5N3CCC5)C(=O)N(C4=O)CC6=CC=CC=C6)Cl,Inactive,2,,,2.1
499,24804867,3156523,CCOC(=O)C1=C(OC2=C(C1C3=CC(=C(C=C3)F)F)OC(=CC2=O)CO)N,Inactive,2,,,2.1
500,24790714,2263521,CC1=CC=C(C=C1)C\2=NOC(=O)/C2=C\C=C\C3=CC=CC=C3,Inactive,2,,,2.1
501,17432504,2173495,CC(=O)NC1=CC=CC=C1C(=O)C(=O)NC2=CC=CC=C2,Inactive,2,,,2.1
502,11532903,8369,CC1=C(C(=O)C=CO1)O,Inactive,2,,,2.1
503,862008,663239,CC1(C2(CCC1(CC2=O)C(=O)N(CCC#N)CCC#N)C)C,Inactive,2,,,2.1
504,14728134,3382274,CC(C)CC(C(=O)NC(CCC(=O)OCC1=CC=CC=C1)C(=O)N)NC(=O)C(C(C)C)NC(=O)OC(C)(C)C,Inactive,2,,,2.1
505,3714451,2325032,C1C2=CC=CC=C2C3=NC(=O)C4=C(N31)C5=CC=CC=C5O4,Inactive,2,,,2.1
506,14724485,9549492,C[N+]12CCCCC1C(CCC2)COC(=O)C3=CC4=C(C=C3)OCO4.[I-],Inactive,2,,,2.1
507,14723136,2957802,C=CC1=C(N2C(C(C2=O)NC(=O)CC3=CC=CC=C3)SC1)C(=O)O,Inactive,2,,,2.1
508,855621,6100,CC[N+](C)(C)CC1=CC=CC=C1Br.CC1=CC=C(C=C1)S(=O)(=O)[O-],Inactive,2,,,2.1
509,4255980,2224061,CC12CN3CC(C1=O)(CN(C2)C34CCCCC4)C5=CC=CC=C5,Inactive,2,,,2.1
510,8139937,2733208,COC(=O)[C@H](CS)N.Cl,Inactive,2,,,2.1
511,26661198,9660909,CCOC1=CC2=C(N=C(N=C2C=C1)N/C(=N/S(=O)(=O)C)/N)C,Inactive,2,,,2.1
512,24801653,2886038,CC(C)OC1=CC=C(C=C1)C2CC(=O)N(C2=O)C3=CC=C(C=C3)C(=O)O,Inactive,2,,,2.1
513,14730382,9550038,CC1=CC=C(C=C1)S(=O)(=O)N2CCC(CC2)C(=O)N[C@@H](C)C(=O)NC3CCS(=O)(=O)C3,Inactive,2,,,2.1
514,855803,5754,C[C@]12CCC(=O)C=C1CC[C@@H]3[C@@H]2[C@H](C[C@]4([C@H]3CC[C@@]4(C(=O)CO)O)C)O,Inactive,2,,,2.1
515,11532920,5879,C[C@]12CC[C@H](C[C@@H]1CC[C@@H]3[C@@H]2CC[C@]4([C@H]3CCC4=O)C)O,Inactive,2,,,2
516,24812895,16193822,CN1C=C(C2=CC=CC=C21)/C=C(/C(=O)NCCCO)\NC(=O)C3=CC(=C(C(=C3)OC)OC)OC,Inactive,2,,,2
517,22416380,853026,CCC1=CC(=O)OC2=C1C=CC(=C2)OCC=C(C)C,Inactive,2,,,2
518,14724304,679749,CN1C2=CC=CC=C2N=C1C3=CC4=C(C=C(C=C4)OC)OC3=O,Inactive,2,,,2
519,24796216,2988678,C1CC1C2=NN(C(C2)(C(F)(F)F)O)C(=O)C3=CN=CC=C3,Inactive,2,,,2
520,11532949,5311281,C[C@@H]1CCC[C@H](/C=C/C(=O)O[C@]23[C@@H](/C=C/C1)[C@@H](C(=C)[C@H]([C@H]2[C@@H](NC3=O)CC4=CC=CC=C4)C)O)O,Inactive,2,,,2
521,26658980,11901242,CC(=O)C1=C(C[C@@H]2[C@H]1C2(C)C)NC(=O)C3=CC=C(C=C3)C(F)(F)F,Inactive,2,,,2
522,24795498,2936792,CCOC(=O)C1=CC=C(C=C1)N2C(=O)C(N(C2=S)CCC3=CC(=C(C=C3)OC)OC)CC(=O)N,Inactive,2,,,2
523,24781864,1401068,CC1(CC2=C(C(C3=C(N2C)CC(CC3=O)(C)C)C4=CC=C(C=C4)OC)C(=O)C1)C,Inactive,2,,,2
524,4245293,998899,C1CC2=C(C(=O)OC3=C2C=C(C=C3)O)N(C1)C(=O)CN4CCN(CC4)CC5=CC=CC=C5,Inactive,2,,,2
525,855517,441307,CCCC(=O)NC1=CC(=C(C=C1)OCC(CNC(C)C)O)C(=O)C.Cl,Inactive,2,,,2
526,24786676,135426230,CC1=CC=C(C=C1)C2CC(=C(C(=O)C2)C=NCCN3CCN(CC3)CC(=O)NC4=CC(=CC(=C4)C)C)O,Inactive,2,,,2
527,14744150,2438895,C1COC2=C(O1)C=CC(=C2)C(=O)NCC3=CC4=C(C=C3)OCO4,Inactive,2,,,2
528,14743258,306804,CC(=O)N1C(OC(=O)C2=CC=CC=C21)C3=CC=C(C=C3)OC(=O)C,Inactive,2,,,2
529,7969274,4536409,C1CCC2(C1)CC3=CC=CC=C3C4N2C(=O)C(C4)O,Inactive,2,,,2
530,26671093,9660639,CC(=O)OC1=CC2=C(C=C1)OC=C(C2=O)/C=N/C3=CC(=O)NC(=S)N3,Inactive,2,,,2
531,855751,3295,CCOC1=CC2=C(C=C1)N=C(S2)S(=O)(=O)N,Inactive,2,,,2
532,26658456,2936778,CC1=CC2=C(C(=C(C(=O)O2)CC3=CC=CC=C3)C)C(=C1)OC(C4=CC=CC=C4)C(=O)O,Inactive,2,,,2
533,26664287,228580,C[C@H]1CC[C@]2([C@H](C1)CC[C@@H]3[C@@H]2CC[C@]4([C@H]3CC[C@@H]4O)C)C,Inactive,2,,,2
534,24786179,16188982,COC1CCN(CC1)CC2=CN(N=C2C3=CC4=CC=CC=C4O3)CC5=CC=CC=C5,Inactive,2,,,2
535,14732703,3519859,CC1(CC(=O)C2=C(O1)C=CC(=C2)O)C,Inactive,2,,,2
536,7975373,33925,CCC1(C(=O)N(C(=O)N(C1=O)COC)COC)C2=CC=CC=C2,Inactive,2,,,2
537,24804613,16192675,C[N+](C)(C)CCC1=CC(=C(C=C1/C=C\C2=CC(=C(C=C2)OC)OC)OC)OC.[I-],Inactive,2,,,2
538,856018,11683,CC1=C[C@@H]2[C@H](CC[C@]3([C@H]2CC[C@@]3(C(=O)C)OC(=O)C)C)[C@@]4(C1=CC(=O)CC4)C,Inactive,2,,,2
539,24803869,1382010,CN1C=C(C2=C1C=C(C=C2)OC)C=O,Inactive,2,,,1.9
540,14742771,6048,C1CN=C(N1)CC2=CC=CC=C2.Cl,Inactive,2,,,1.9
541,14741953,1914729,CC(=O)C1=CC=C(S1)CCCCCCCCCC(=O)O,Inactive,2,,,1.9
542,865889,667147,C1CC2=CC3=C(C=C2C1)OC(=O)C=C3CN4C=CN=C4,Inactive,2,,,1.9
543,24804710,3156210,COC1=CC=CC=C1C2C(=C(OC3=C2OC(=CC3=O)CO)N)C#N,Inactive,2,,,1.9
544,24785277,16188776,COC1=C(C=C(C=C1)CN2CCCC(C2)C(=O)C3=CC=C(C=C3)Cl)CN4C=CC=N4,Inactive,2,,,1.9
545,3713063,2998263,C1CC(OC1)COC(=O)CCCC(=O)OCC2CCCO2,Inactive,2,,,1.9
546,855907,102484,C1=CC(=CC=C1C(CN)O)O.Cl,Inactive,2,,,1.9
547,26667393,78765,COC1=C(C(=C(C(=C1)C(=O)OC)[N+](=O)[O-])OC)OC,Inactive,2,,,1.9
548,26666138,16682488,COC1=CC=C(C=C1)C(=O)[C@H]2[C@@H]3[C@H](C4N2N=CC=C4)C(=O)N(C3=O)C5=CC=CC=C5,Inactive,2,,,1.9
549,24805476,809206,C1=COC(=C1)C(=O)NNC(=O)C2=CC=CS2,Inactive,2,,,1.9
550,24785176,16188706,CC(C1=NOC=C1)N(C)CC2=C(NN=C2)C3=C(C=C(C=C3)OC)OC,Inactive,2,,,1.9
551,22403127,6897005,CC1=CC(=C(N1C2=CC=C(C=C2)Br)C)/C=N/O,Inactive,2,,,1.9
552,11532901,736715,C1=C(NC=N1)/C=C/C(=O)O,Inactive,2,,,1.9
553,4248602,1263102,CC1=C(C(=O)OC2=C1C(=CC(=C2)OC)OC)Cl,Inactive,2,,,1.9
554,856007,54676228,CN1C(=C(C2=CC=CC=C2S1(=O)=O)O)C(=O)NC3=CC=CC=N3,Inactive,2,,,1.9
555,26658496,2870390,CN1C=CN=C1C(C2=CC=CC=C2OC)O,Inactive,2,,,1.9
556,17414112,707859,CC1=CC2=C(C(=C(C(=O)O2)CC3=CC=CC=C3)C)C4=C1C(=CO4)C,Inactive,2,,,1.9
557,17412130,1926154,COC1=C(C(=CC(=C1)/C=C/C(=O)O)S(=O)(=O)NCCCO)OC,Inactive,2,,,1.9
558,856023,6603107,CCCCN1C[C@@H]([C@H]([C@@H]([C@H]1CO)O)O)O.Cl,Inactive,2,,,1.9
559,24841090,5389859,CC1=CC=C(C=C1)S(=O)(=O)N[C@@H](C)C(=O)N2CCC(CC2)C(=O)N3CCC[C@H]3C(=O)O,Inactive,2,,,1.9
560,7973191,808206,CC1=C(C(=O)OC2=C1C=CC(=C2C)OCC3=CC=C(O3)C(=O)OC)C,Inactive,2,,,1.9
561,855808,6420039,CC1=CC(=C(C=C1OC(=O)C)C(C)C)OCCN(C)C.Cl,Inactive,2,,,1.9
562,17386216,3800367,CCN1CC2(CCC(C34C2C(C(C31)(C5(CC(C6CC4C5C6OC)OC)O)O)OC)OC)COC(=O)C7=CC=CC=C7N,Inactive,2,,,1.9
563,14740965,4275885,CC1=CC2=C(C(C(=C(O2)N)C#N)C3=C(C(=C(C=C3)OC)OC)OC)C(=O)N1,Inactive,2,,,1.9
564,4255982,2946789,CC1(C2(CCC1(CC2=O)C(=O)NCC3=CC4=C(C=C3)OCO4)C)C,Inactive,2,,,1.9
565,865815,65335,C1CN(CC2=C1SC=C2)CC3=CC=CC=C3Cl.Cl,Inactive,2,,,1.9
566,855905,53232,CC[C@H](C)C(=O)O[C@H]1C[C@H](C=C2[C@H]1[C@H]([C@H](C=C2)C)CC[C@@H]3C[C@H](CC(=O)O3)O)C,Inactive,2,,,1.9
567,855865,441344,CCN(CC)CCOC(=O)C1(CCCCC1)C2CCCCC2.Cl,Inactive,2,,,1.9
568,26663729,3333309,CC(C)C1(CCOC(C1)(C)C)CCNCC2=CC=C(C=C2)OC,Inactive,2,,,1.9
569,24790343,2884310,C1=CC=C(C=C1)NC(=S)NCCOCCOCCNC(=S)NC2=CC=CC=C2,Inactive,2,,,1.9
570,24787329,1819367,CCCCON1C(=C(C2=C1C=CC3=[N+](ON=C32)[O-])C(=O)C)C,Inactive,2,,,1.9
571,855528,169870,CCCCCC(=O)O[C@@]1(CC[C@@H]2[C@@]1(CC[C@H]3[C@H]2CCC4=CC(=O)CC[C@]34C)C)C(=O)C,Inactive,2,,,1.9
572,14718853,23670524,CC/C(=C\C=C\[C@@H]1C=C[C@@H]2CCC[C@H]2[C@@H]1C(=O)C3=CC=CN3)/[C@H]4[C@H](CC[C@@H](O4)[C@@H](C)C(=O)[O-])C.[Na+],Inactive,2,,,1.9
573,11532957,2761171,CCC1=NC=CC(=C1)C(=S)N,Inactive,2,,,1.9
574,24798174,5505366,CCC1=CC2=C(C=C1O)OC(=C(C2=O)C3=NC(=CS3)C)CCCC(=O)O,Inactive,2,,,1.9
575,24785253,16188765,CC(C)CC1C2=C(CCN1C(=O)CCC(=O)N(C)C)C3=CC=CC=C3N2,Inactive,2,,,1.9
576,22416060,587311,CC1(C(OC(=O)C(C1=O)(C)C)C(=O)C2=CC=C(C=C2)Cl)C,Inactive,2,,,1.9
577,24808069,708717,COC1=CC=C(C=C1)C2=NC3=CC=CC=C3C(=O)O2,Inactive,2,,,1.8
578,24786181,16188984,CC(CCC=C(C)C)CN1CCC(CC1)N2CCC(CC2)C(=O)N3CCCC3,Inactive,2,,,1.8
579,14719118,1203360,CC(C)OC(=O)CC12CN3CC(C1=O)(CN(C2)C3)CC(=O)OC(C)C,Inactive,2,,,1.8
580,3711893,854259,CC(C)(C)N1C(=O)C2=C(CCC2)NC1=O,Inactive,2,,,1.8
581,855922,4488,C1=CC(=CC(=C1)NC2=C(C=CC=N2)C(=O)O)C(F)(F)F,Inactive,2,,,1.8
582,14745981,4088302,C1=CC=C2C(=C1)C=CC(=N2)C(=O)NCCOC(=O)C3=CC=C(C=C3)F,Inactive,2,,,1.8
583,8139875,938,C1=CC(=CN=C1)C(=O)O,Inactive,2,,,1.8
584,855540,5328770,C1=CC=C(C=C1)CCCNC(=O)/C(=C/C2=CC(=C(C=C2)O)O)/C#N,Inactive,2,,,1.8
585,17513437,5905056,C1COC2=C(C=C(C=C2)/C=C/C(=O)C3=C(C4=CC=CC=C4C=C3)O)OC1,Inactive,2,,,1.8
586,26665702,1982794,CCNC(=S)N(C)CCC1=CC2=C(C(=C1C=C3C(=O)N(C(=O)N(C3=O)C)C)OC)OCO2,Inactive,2,,,1.8
587,865168,666418,CCCC1=NC=CC(=C1)C(=S)N,Inactive,2,,,1.8
588,855812,5763,CCN(CC)CCOC(=O)C(C1=CC=CC=C1)C2=CC=CC=C2.Cl,Inactive,2,,,1.8
589,26658706,6881178,CC(=CCC(C)(C)/C=N/NC(=O)N)C,Inactive,2,,,1.8
590,14724461,3107510,CC1(CC2=C(C(NC3=C2C4=CC=CC=C4C=C3)C5=CC=CO5)C(=O)C1)C,Inactive,2,,,1.8
591,26669124,652064,CC1=CC=C(O1)C(=O)C2=C(C(=O)N(C2C3=CC(=C(C=C3)O)OC)CC4=CN=CC=C4)O,Inactive,2,,,1.8
592,24790458,2272096,COCCNC(=O)CSC1=CC=C(C=C1)Cl,Inactive,2,,,1.8
593,24786680,1371626,C1=CC(=CC(=C1)Br)/C=C\2/C(=O)N(C(=S)S2)CC(=O)NC3=CN=CC=C3,Inactive,2,,,1.8
594,859051,2929829,C1COCCN1CCOC(=O)COC2=CC=C(C=C2)F.Cl,Inactive,2,,,1.8
595,24803593,2291128,COC1=C(C=C(C=C1)CCNC(=O)C(=O)NC2=CC3=C(C=C2)OCO3)OC,Inactive,2,,,1.8
596,24803523,1362254,C1=CC=C(C=C1)/C=C(\C(=O)NC2=CC=CC(=C2)C(=O)O)/NC(=O)C3=CC=CC=C3,Inactive,2,,,1.8
597,24801381,3063181,CC(C)NC(C)C(=O)C1=CC2=CC=CC=C2C=C1,Inactive,2,,,1.8
598,14726800,854225,C1=CC=C(C=C1)C(=O)C2=C(C3=CC=CC=C3O2)N,Inactive,2,,,1.8
599,7975906,3858898,CC1=C(C=C(C=C1)NCC2=CC(=C(C(=C2)OC)OC)OC)C,Inactive,2,,,1.8
600,24786672,681236,C1=CC=C(C(=C1)NC(=S)NC2=CC=C(C=C2)F)Cl,Inactive,2,,,1.8
601,22415807,842067,CC1=CC=C(O1)C2=NC3=CC=CC=C3C(=C2)C(=O)OC,Inactive,2,,,1.8
602,22400883,998883,C1CC(=C2C(=O)N(CC(=O)N2C1)CCC3=CC=CC=C3)C4=CC(=O)C=CC4=O,Inactive,2,,,1.8
603,22415359,2923728,C1CCN(CC1)CCCOC2=C(C=C(C=C2)Cl)Br.C(=O)(C(=O)O)O,Inactive,2,,,1.8
604,14722069,3156585,COC1=CC=C(C=C1)N2C(=O)C3CCCN3C2=O,Inactive,2,,,1.8
605,8139965,936,C1=CC(=CN=C1)C(=O)N,Inactive,2,,,1.8
606,4248087,3242207,CC1=CC(=O)C2=C(O1)C=CC(=C2O)O,Inactive,2,,,1.8
607,855616,657227,CN1C(=O)C2=C(N=C(N2)Cl)N(C1=O)C(=O)[O-].CN(C)CCOC(C1=CC=CC=C1)C2=CC=CC=C2,Inactive,2,,,1.8
608,24806995,16192811,CN1CC2=CC(=C(C=C2C3(C1)CCCCC3)OC)OC.Cl,Inactive,2,,,1.7
609,49718189,3463,CC1=CC(=C(C=C1)C)OCCCC(C)(C)C(=O)O,Inactive,2,,,1.7
610,24795502,2133315,CN1C(=NN=C1SCC(=O)C2=CC=CC=C2)C3=CC=NC=C3,Inactive,2,,,1.7
611,855704,16623,C[C@]12CCC(=O)C=C1CC[C@@H]3[C@@H]2[C@H](C[C@]4([C@H]3CC[C@@]4(C(=O)COC(=O)CCC(=O)O)O)C)O,Inactive,2,,,1.7
612,24808193,2832763,C[N+]1(CCCCC1)C2CCC3CCCC2C3O.[I-],Inactive,2,,,1.7
613,858822,660129,COC1=CC=C(C=C1)N2C(=O)[C@@H]3CC4=CC=CC=C4CN3C2=O,Inactive,2,,,1.7
614,855852,19529,CN(C1=CC=C(C=C1)OC(=O)C2=CC=CO2)C(=O)C(Cl)Cl,Inactive,2,,,1.7
615,7975444,2857416,COC1=C(C=C(C=C1)CN2CC3CC(C2)C4=CC=CC(=O)N4C3)OC,Inactive,2,,,1.7
616,26662100,1872787,CCOC1=CC2=C(C=C1)NC3=C2N=CN(C3=O)CCC4=CC=C(C=C4)OC,Inactive,2,,,1.7
617,24787322,2268693,CC(C)CC(=O)NC(C1=CC(=CC=C1)[N+](=O)[O-])NC(=O)CC(C)C,Inactive,2,,,1.7
618,11532923,6852385,C[N+]1(CCOC(C1)(C2=CC=C(C=C2)C3=CC=C(C=C3)C4(C[N+](CCO4)(C)C)O)O)C.[Br-],Inactive,2,,,1.7
619,24801430,2790070,CC1=CC2=C(C=C1)N=CN=C2NCCCCCC(=O)O.Cl,Inactive,2,,,1.7
620,855725,657272,C[N+](C)(C)CCOP(=O)([O-])OC[C@@H](CO)O,Inactive,2,,,1.7
621,24811236,2827527,CC1=CC2=C(C=C1)N(C(=S)C=C2)C,Inactive,2,,,1.7
622,24795909,2985238,COC1=C(C=C(C=C1)NC(=O)C2=CC(=C(C=C2)OC)Br)[N+](=O)[O-],Inactive,2,,,1.7
623,7973343,904602,CC(C)C12CN3CC(C1O)(CN(C2)C3C4=CC=CC=C4)C(C)C,Inactive,2,,,1.7
624,855946,5790,C1[C@@H]([C@H](O[C@H]1N2C=C(C(=O)NC2=O)F)CO)O,Inactive,2,,,1.7
625,846775,649168,C1CCN(CC1)C(=O)C2(CCOCC2)C3=CC=CC=C3,Inactive,2,,,1.7
626,17510019,5714141,COC1=C(C=C(C=C1)/C=C\2/C(=O)/C(=C/C3=CC(=C(C=C3)OC)OC)/CC2)OC,Inactive,2,,,1.7
627,855983,8307,CC[N+](C)(C)C1=CC(=CC=C1)O.[Cl-],Inactive,2,,,1.7
628,855961,6084,COC1=C(C=C(C=C1)CC2=NC=CC3=CC(=C(C=C32)OC)OC)OC.Cl,Inactive,2,,,1.7
629,11532935,65663,CCOC(=O)[C@@H]1[C@H](O1)C(=O)N[C@@H](CC(C)C)C(=O)NCCC(C)C,Inactive,2,,,1.7
630,26670177,2385968,C1=CC=C(C=C1)C(=O)C(=O)C2=CC=C(C=C2)C(=O)O,Inactive,2,,,1.6
631,24780806,1357132,CCOC1=C(C=C(C=C1)C(=O)NC2=CC=C(C=C2)N3CCN(CC3)C(=O)C)[N+](=O)[O-],Inactive,2,,,1.6
632,26669705,5310534,CC1=C(C(=O)C2=C(O1)C(=C(C=C2)O)O)C3=CC=CC=C3,Inactive,2,,,1.6
633,26664214,719753,CC(C)C1=CC=C(C=C1)/C=C/C(=O)O,Inactive,2,,,1.6
634,24796045,1955890,COC1=CC2=C(C=C1)C(=CN2)CCNC(=O)C3=CC=C(C=C3)[N+](=O)[O-],Inactive,2,,,1.6
635,855657,71414,C[C@H]1C[C@H]2[C@@H]3C[C@@H](C4=CC(=O)C=C[C@@]4([C@]3([C@H](C[C@@]2([C@]1(C(=O)COC(=O)C)OC(=O)C)C)O)F)C)F,Inactive,2,,,1.6
636,24829272,2082259,COCCN1C(=O)C2=CC=CC=C2N=C1SCCOC3=CC=CC=C3,Inactive,2,,,1.6
637,3712156,92980,C1CC(CNC1)C(=O)N,Inactive,2,,,1.6
638,858657,135449576,CC(C)O.C1CC(=NCCCCCC(=O)O)NC2=CC=CC=C21,Inactive,2,,,1.6
639,856010,6603122,CC(C(C1=CC=C(C=C1)O)O)NCCC2=CC=C(C=C2)O.Cl,Inactive,2,,,1.6
640,26660052,827887,C1=CC=C(C=C1)CN2C3=NC=NC(=C3C=N2)NC4=CC=CC=C4,Inactive,2,,,1.6
641,24797480,827160,COC1=C(C=C(C=C1)S(=O)(=O)N)C(=O)N,Inactive,2,,,1.6
642,24794209,1314399,CC(C)C1=CC=C(C=C1)NC(=O)CNS(=O)(=O)C2=CC=C(C=C2)F,Inactive,2,,,1.6
643,14728151,9549725,CO[C@H]1[C@@H]([C@@H](O[C@H]2[C@@H]1OC(OC2)C3=CC=CC=C3)OC)O,Inactive,2,,,1.6
644,7977147,2255695,C1=CC=C(C(=C1)C(=O)O)NS(=O)(=O)C2=CC(=C(C=C2)NCCCC(=O)O)C(=O)O,Inactive,2,,,1.6
645,855553,4649,C1=CC(=C(C=C1N)O)C(=O)O,Inactive,2,,,1.6
646,17511858,2920668,CC1=CC=C(C=C1)S(=O)(=O)NC(C2=CC=CC=C2)C(=O)OC3=CC4=C(C=C3)C(=CC(=O)O4)C(F)(F)F,Inactive,2,,,1.6
647,14728434,5341704,CC1=CC=C(O1)C2=C(OC3=C2C=C(C=C3)Cl)CC/C(=N/O)/C,Inactive,2,,,1.6
648,859800,661102,C1CCC(CC1)NC(=O)NC2=C(NC3=CC=CC=C32)C(=O)O,Inactive,2,,,1.6
649,26659423,4562365,COC1=CC=C(C=C1)N2C(=O)C3C4CCCN4C(C3C2=O)C(=O)C5=CC=CC=C5,Inactive,2,,,1.6
650,14718837,4199311,CN1CCC2=CC3=C(C(=C2C1C4C5=C(C=CC(=C5OC)OC)C(=O)O4)OC)OCO3,Inactive,2,,,1.6
651,4263431,978300,C1OC2=C(O1)C=C(C=C2)CNC(=O)CS(=O)(=O)CC3=CC=CC=C3,Inactive,2,,,1.6
652,24828037,16196031,C1=CC=C(C(=C1)OCCN)OCCN.Cl,Inactive,2,,,1.6
653,24785931,5348353,C/C(=N\NC(=O)C1=CC=CC=C1[N+](=O)[O-])/C2=CC=C(S2)Br,Inactive,2,,,1.5
654,14741511,2031397,CN1C2=CC=CC=C2C(=O)C(=C1NC(=O)C3=CC=CO3)C4=CC=C(C=C4)OC,Inactive,2,,,1.5
655,14730027,3763609,CN1C2=C(C3C(COC4=C3C=CC=C4OC)CO2)C(=O)N(C1=O)C,Inactive,2,,,1.5
656,857138,244418,COC1=CC=C(C=C1)C(=O)C2CCCCC2=O,Inactive,2,,,1.5
657,26663041,5388992,CC[C@@]1(C[C@H]2C[C@@](C3=C(CCN(C2)C1)C4=CC=CC=C4N3)(C5=C(C=C6C(=C5)[C@]78CCN9[C@H]7[C@@](C=CC9)([C@H]([C@@]([C@@H]8N6C=O)(C(=O)OC)O)OC(=O)C)CC)OC)C(=O)OC)O.OS(=O)(=O)O,Inactive,2,,,1.5
658,11533066,5963,C[N+](C)(C)CC1=CC=CC=C1.[Cl-],Inactive,2,,,1.5
659,862786,664019,CC1(C2=CC=CC=C2N3C1(N(C(=O)C3)CC(=O)N)C)C,Inactive,2,,,1.5
660,855539,4847,CC1=C(C(=O)N2C=CC=CC2=N1)CCN3CCC(CC3)C(=O)C4=CC=C(C=C4)F,Inactive,2,,,1.5
661,855779,657297,C[N+]1([C@@H]2CC(C[C@H]1[C@H]3[C@@H]2O3)OC(=O)[C@H](CO)C4=CC=CC=C4)C.[N+](=O)([O-])[O-],Inactive,2,,,1.5
662,24794281,5738656,CC1(C(OC(=O)C(C1=O)(C)C)/C=C\C2=CC=CC=C2)C,Inactive,2,,,1.5
663,11532905,4843,C1CC(=O)N(C1)CC(=O)N,Inactive,2,,,1.5
664,861987,44383,COC1=C(C=C2C(=C1)C(=NC(=N2)N3CCN(CC3)C(=O)C4CCCO4)N)OC.Cl,Inactive,2,,,1.5
665,855560,5284443,CNC[C@@H](C1=CC(=CC=C1)O)O.Cl,Inactive,2,,,1.5
666,22416331,1769793,C1CCC(C1)NC(=O)CCCCC(=O)NC2CCCC2,Inactive,1,,,1.5
667,11532856,11289,COC1=CC=C(C=C1)C(=C(C2=CC=C(C=C2)OC)Cl)C3=CC=C(C=C3)OC,Inactive,1,,,1.5
668,24786094,2168621,CCOC(=O)C(=O)N1CCN(CC1)C2=CC=CC=C2OC,Inactive,1,,,1.5
669,17386074,7309015,CC1=CC(=O)OC2=C1C=CC(=C2C(=O)/C=C\C3=CC(=C(C=C3)OC)OC)O,Inactive,1,,,1.5
670,856001,11972,CC(=O)NC1=CC=CC=C1O,Inactive,1,,,1.5
671,24783008,5053621,CCOC(=O)NN1C(NC2=CC=CC=C2C1=O)C3=CC(=C(C=C3)OC)OC,Inactive,1,,,1.5
672,17415493,2848707,CC1=C(C=C(C=C1)[N+](=O)[O-])NC2C(C(C(O2)CO)O)O,Inactive,1,,,1.5
673,14724536,2850833,CC1=C(C=C(C=C1)NC2CCCCC2OC)C,Inactive,1,,,1.5
674,11532914,6852384,C1=CC=C(C=C1)C(C(=O)O)O.C1=CC=C(C=C1)C(C(=O)O)O,Inactive,1,,,1.5
675,855997,36708,CCCNCC(COC1=CC=CC=C1C(=O)CCC2=CC=CC=C2)O.Cl,Inactive,1,,,1.5
676,24817826,3140849,CCOC(=O)C(=O)NC1=CC=C(C=C1)OC2=CC=CC=C2,Inactive,1,,,1.4
677,24783646,16188201,CC1=C(C=CC(=C1)Cl)C(=O)C2CCCN(C2)C(=O)C3=NC=C(N=C3)C,Inactive,1,,,1.4
678,7964677,794420,CC1=C(C=C(C=C1)S(=O)(=O)N2C=CN=C2)C,Inactive,1,,,1.4
679,855807,3019,CC1=NS(=O)(=O)C2=C(N1)C=CC(=C2)Cl,Inactive,1,,,1.4
680,844329,646649,CC1=C2C(=CC(=CC(=O)C2=C(O1)C)C3=CC=CS3)OC,Inactive,1,,,1.4
681,24791671,2950900,CC(=O)N(CCC(CC1=CC=CC=C1)C2=CC=CO2)CC3=CC=CO3,Inactive,1,,,1.4
682,24790127,16189484,CC(C)OC1=C(C=C(C=C1)C2C3=C(CCN2)C4=CC=CC=C4N3)OC.Cl,Inactive,1,,,1.4
683,7977361,2927290,COC1=CC2=C(C=C1)OC(CC2=O)C3=CC=CC=C3F,Inactive,1,,,1.4
684,4265220,969581,CC1=CSC(=N1)CCC2=NC(=CS2)C,Inactive,1,,,1.4
685,855885,3702,CC1CC2=CC=CC=C2N1NC(=O)C3=CC(=C(C=C3)Cl)S(=O)(=O)N,Inactive,1,,,1.4
686,855569,11224,CC(C1=CC=CC=C1)(C2=CC=CC=N2)OCCN(C)C.C(CC(=O)O)C(=O)O,Inactive,1,,,1.4
687,26670051,6284688,COC1=C(C=C(C=C1)/C=C/2\CCN3C2=NC4=C(C3=O)C=CC(=C4)C(=O)O)OC,Inactive,1,,,1.4
688,26665446,1599825,C1=CC=C(C(=C1)C(=O)NCCCCCC2=NC3=CC=CC=C3N2)Cl,Inactive,1,,,1.4
689,24795867,2937005,CC1C2=C(CCN1C(=S)NCC=C)C3=CC=CC=C3N2,Inactive,1,,,1.4
690,855975,6603067,CN1[C@@H]2CC[C@H]1CC(C2)OC(=O)C3C=NC4=CC=CC=C34.Cl,Inactive,1,,,1.4
691,855897,101430,C1=CC=C(C=C1)NC2=C3C(=NC=N2)N(C=N3)[C@H]4[C@@H]([C@@H]([C@H](O4)CO)O)O,Inactive,1,,,1.4
692,855822,5388988,C1[C@H]2CC([C@@H]1C=C2)C3NC4=CC(=C(C=C4S(=O)(=O)N3)S(=O)(=O)N)Cl,Inactive,1,,,1.4
693,26661445,16237581,C1=CC(=C(C=C1S(=O)(=O)N)N)N.OS(=O)(=O)O,Inactive,1,,,1.4
694,24796043,2987188,CC1=CC=C(C=C1)CSCC(=O)NCCCN2CCOCC2,Inactive,1,,,1.4
695,17416157,2270409,CC(C)(C)OC(=O)COC1=CC2=C(C(=C1)OCC(=O)OC(C)(C)C)C(=O)C=C(O2)C3=CC=CC=C3,Inactive,1,,,1.4
696,855794,3059,C1=CC(=C(C=C1C2=C(C=C(C=C2)F)F)C(=O)O)O,Inactive,1,,,1.4
697,11532964,3718,CC(C1=CC=C(C=C1)N2CC3=CC=CC=C3C2=O)C(=O)O,Inactive,1,,,1.4
698,855658,10607,COC1=CC(=CC(=C1OC)OC)[C@H]2[C@@H]3[C@H](COC3=O)[C@H](C4=CC5=C(C=C24)OCO5)O,Inactive,1,,,1.4
699,848455,650896,C1=CC=C2C(=C1)C(=O)N(C=N2)CCC(=O)O,Inactive,1,,,1.4
700,4264329,2857305,COC1=CC=CC=C1CN2CCCCC2C3=CN=CC=C3,Inactive,1,,,1.4
701,4256891,2905116,COC1=CC=CC(=C1)N2C(=O)CC(C2=O)C3=CNC4=CC=CC=C43,Inactive,1,,,1.4
702,858361,659689,CC(C)CC(=O)NC1=CC2=C(C=C1)OC(=N2)C3=CC=NC=C3,Inactive,1,,,1.4
703,24822172,588090,CS(=O)C1=CC=CC=C1O,Inactive,1,,,1.4
704,24796044,2987351,COC1=C(C(=CC=C1)OC)C(=O)NCCSC2CCCCC2,Inactive,1,,,1.4
705,24792391,5741044,C1=CC=C(C=C1)COC(=O)COC2=CC(=C3C(=C2)OC4=CC=CC=C4C3=O)O,Inactive,1,,,1.4
706,4263327,620880,C1=CC(=CC=C1O)OC2=C(C=C(C=N2)Cl)Cl,Inactive,1,,,1.4
707,4256695,885873,CCCC(=O)NC1=CC=CC=C1NC(=O)C,Inactive,1,,,1.4
708,14741275,3707719,CN1C2=C(N=C1OC3=CC4=C(C=C3)OCO4)N(C(=O)N(C2=O)CC5=CC=CC=C5)C,Inactive,1,,,1.4
709,3713199,5394360,CC1=C(C(=O)C2=C(C=C(C=C2O1)O)O)C3=CC4=C(C=C3)OCCCO4,Inactive,1,,,1.4
710,856533,5389034,CCOC(=O)C1=C(C(=O)C2=C(O1)C=C(C=C2C)O)C3=CSC=N3,Inactive,1,,,1.4
711,24784948,16188589,CCC1=CN=C(C=C1)CN(C)CC2=NC(=NO2)CC3=CC=CC=C3,Inactive,1,,,1.4
712,855618,5094,CN1C(=CN=C1COC(=O)N)[N+](=O)[O-],Inactive,1,,,1.4
713,24786150,16188957,CCOC(=O)N1CCN(CC1)CC2=NC(=NO2)CC3=CC(=CC=C3)F,Inactive,1,,,1.3
714,855970,11065,CN(C)CCC=C1C2=CC=CC=C2CCC3=CC=CC=C31.Cl,Inactive,1,,,1.3
715,855919,5870,C[C@]12CC[C@H]3[C@H]([C@@H]1CCC2=O)CCC4=C3C=CC(=C4)O,Inactive,1,,,1.3
716,855573,5327,CC1=CC(=NC(=N1)NS(=O)(=O)C2=CC=C(C=C2)N)C,Inactive,1,,,1.3
717,855967,2554,C1=CC=C2C(=C1)C=CC3=CC=CC=C3N2C(=O)N,Inactive,1,,,1.3
718,855619,443955,CC[C@@]12CCCN3[C@@H]1C4=C(CC3)C5=CC=CC=C5N4C(=C2)C(=O)OCC,Inactive,1,,,1.3
719,17412739,2188092,CCOC1=C(C=CC(=C1)C=O)OCCSC2=CC=C(C=C2)C,Inactive,1,,,1.3
720,14728029,27775,CNC1=NC(=NC(=N1)N(C)C)N(C)C,Inactive,1,,,1.3
721,11532994,1775,C1=CC=C(C=C1)C2(C(=O)NC(=O)N2)C3=CC=CC=C3,Inactive,1,,,1.3
722,26665361,5357469,C1=CC=C(C=C1)/C=C/C2=NC3=CC=CC=C3C=C2,Inactive,1,,,1.3
723,24786450,16189181,CN(C)C(=O)C1=C(N2C=C(C=CC2=N1)Cl)CNCC3=CN(N=C3)C4=CC(=CC=C4)OC,Inactive,1,,,1.3
724,24785179,16188709,CC1=NC=C(S1)CN2CCC(CC2)(CCC3=CC=CC=C3)CO,Inactive,1,,,1.3
725,26660032,3802276,COC1=CC=CC(=C1)C2CC3=C(C(N(C4=CC=CC=C4N3)C(=O)CCC(=O)O)C5=CC=C(C=C5)F)C(=O)C2,Inactive,1,,,1.3
726,24787328,5348367,CC1=CC=C(C=C1)/C=N/NC(=O)C2(CC2(Br)Br)C,Inactive,1,,,1.3
727,24786412,16189149,CN1C=C(C(=N1)C2=CC(=CC=C2)Cl)CN(CCO)CC3=CC=CS3,Inactive,1,,,1.3
728,865464,5390035,C1=CC=C2C(=C1)[C@]3([C@H]4[C@@H]([C@@H](N3)CC5=CC=C(C=C5)O)C(=O)N(C4=O)C6=CC=C(C=C6)F)C(=O)N2,Inactive,1,,,1.3
729,855910,5281067,CN(C)CCC(C1=CC=C(C=C1)Br)C2=CC=CC=N2.C(=C\C(=O)O)\C(=O)O,Inactive,1,,,1.3
730,14743405,4360734,C1COC2=C(O1)C=CC(=C2)NC(=O)NCCCCCC(=O)O,Inactive,1,,,1.3
731,8139976,546,C(C(=O)O)P(=O)(O)O,Inactive,1,,,1.3
732,855620,4421,CCN1C=C(C(=O)C2=C1N=C(C=C2)C)C(=O)O,Inactive,1,,,1.3
733,846105,648477,CN1C(=CC2=CC(=C(C(=C21)OC)OC)OC)C(=O)O,Inactive,1,,,1.3
734,24808447,3152542,COC1=CC=C(C=C1)C2C(=C(C(=O)N2CC3CCCO3)O)C(=O)C4=CC=CO4,Inactive,1,,,1.3
735,7965247,780919,CC1=CN=C(C2=C1C3=CC=CC=C3OC2=O)N,Inactive,1,,,1.3
736,4256962,977348,CC(C)CCC1=CC2=C(C(=N1)NC(=O)C)C(=O)OC3=CC=CC=C32,Inactive,1,,,1.3
737,855818,3878,C1=CC(=C(C(=C1)Cl)Cl)C2=C(N=C(N=N2)N)N,Inactive,1,,,1.3
738,855638,5282386,CC1=CC(=CC(=C1CC2=NCCN2)C)C(C)(C)C.Cl,Inactive,1,,,1.3
739,24795486,1947346,CC1=CC=C(C=C1)C(=O)NCCNC(=O)C2=CC=CC=C2,Inactive,1,,,1.3
740,842883,30627,COC1=CC(=CC(=C1OC)OC)C(=O)NCCCCCC(=O)O,Inactive,1,,,1.3
741,24782862,2891422,CC(=O)N1CC23C=CC(O2)CC3CC14CCCCCC4,Inactive,1,,,1.3
742,17507708,12004699,CC1=NC(=C(C=C1)O)CCC2=CC=CC=C2.Cl,Inactive,1,,,1.3
743,3717016,725661,CC1=CC(=CC=C1)NC(=O)C2=CC3=CC=CC=C3O2,Inactive,1,,,1.3
744,862750,663984,CC1=NC2=C(C(=N1)N[C@@H](CC3=CNC4=CC=CC=C43)C(=O)O)OC5=CC=CC=C52,Inactive,1,,,1.3
745,850020,652531,COC1=CC(=CC(=C1OC)OC)C2=NN=C(O2)C3=CC=CS3,Inactive,1,,,1.3
746,26661366,5926982,COC1=CC(=C(C=C1)C(=O)/C=C/C2=CC(=CC3=C2OCOC3)C(=O)O)O,Inactive,1,,,1.3
747,24823368,1262781,C=CCC1=CC=CC2=C1OC(=O)C(=C2)C(=O)NC3=CC=C(C=C3)CC(=O)O,Inactive,1,,,1.3
748,11533069,6852411,C1C[C@H]2C3C([C@@H]1O2)C(=O)OC3=O,Inactive,1,,,1.3
749,7975589,8096,C(CSCCC(=O)O)C(=O)O,Inactive,1,,,1.3
750,855602,3672,CC(C)CC1=CC=C(C=C1)C(C)C(=O)O,Inactive,1,,,1.3
751,855521,440707,C[C@]12CCC(=O)C=C1CC[C@@H]3[C@@H]2CC[C@]4([C@H]3CC[C@@]4(C(=O)CO)O)C,Inactive,1,,,1.3
752,855742,6271,CCC(=O)C1=CC=C(C=C1)O,Inactive,1,,,1.2
753,11533071,9367,CC(C)NNC(=O)C1=CC=NC=C1.OP(=O)(O)O,Inactive,1,,,1.2
754,8139984,135398641,C1=NC2=C(C(=O)N1)N=CN2[C@H]3[C@@H]([C@@H]([C@H](O3)CO)O)O,Inactive,1,,,1.2
755,855740,12492,C[C@@H]1CCC[C@@H](N1NC(=O)C2=CC(=C(C=C2)Cl)S(=O)(=O)N)C,Inactive,1,,,1.2
756,24831697,2446233,COC1=CC(=CC=C1)OCC2=NN=C(O2)C3=CC=CS3,Inactive,1,,,1.2
757,14722352,753293,CC12CN3CC(C1=O)(CN(C2)C34CCOCC4)C,Inactive,1,,,1.2
758,26659422,7005445,C1[C@H]2C(=O)N(CC(=O)N2CS1)CC3=CC=C(C=C3)F,Inactive,1,,,1.2
759,14724142,135446659,CC1(CC(=C(C(=O)C1)C=NCCC2=CC=C(C=C2)OC)O)C,Inactive,1,,,1.2
760,24814763,231264,C(CC(=O)NCCO)C(=O)NCCO,Inactive,1,,,1.2
761,24785441,16188830,C1CC(CN(C1)C(=O)CCN2CCCO2)C(=O)C3=CC=CC4=CC=CC=C43,Inactive,1,,,1.2
762,855993,5323,COC1=NC(=NC(=C1)NS(=O)(=O)C2=CC=C(C=C2)N)OC,Inactive,1,,,1.2
763,852171,654784,CN1C(=O)C2=C(NC1=O)N(C(=N2)C3=CC=C(C=C3)OC)CCC4=CC=CC=C4,Inactive,1,,,1.2
764,56322751,50088,CC(C)COCC(CN(CC1=CC=CC=C1)C2=CC=CC=C2)N3CCCC3.Cl,Inactive,1,,,1.2
765,24796154,2936164,CCC(C)NCCOC1=CC=CC=C1C.C(=O)(C(=O)O)O,Inactive,1,,,1.2
766,4245034,3239556,CC1(CC(=O)C(C(=O)C1)C(=O)CCCCC(=O)C2C(=O)CC(CC2=O)(C)C)C,Inactive,1,,,1.2
767,855984,449094,C1C[C@H]2C(=O)N[C@H](C(=O)N2C1)CC3=CN=CN3,Inactive,1,,,1.2
768,14736419,220717,CCNC1=C(C(=O)C2=CC=CC=C2C1=O)Cl,Inactive,1,,,1.2
769,14723918,827107,C1CCN(CC1)C(=S)NC(=O)C2=CN=CC=C2,Inactive,1,,,1.2
770,7974875,743130,CC1(CC2=NC(=NC=C2C(=O)C1)NC(=O)C3CCCC3)C,Inactive,1,,,1.2
771,7968631,1892,CN1C2=C(C(=O)N(C1=O)C)N(C=N2)CCO,Inactive,1,,,1.2
772,4262837,5430,C1=CC=C2C(=C1)NC(=N2)C3=CSC=N3,Inactive,1,,,1.2
773,24782965,23669145,CC1=C(C(=NO1)C2=C(C=CC=C2Cl)Cl)C(=O)NC3C4N(C3=O)C(C(S4)(C)C)C(=O)[O-].[Na+],Inactive,1,,,1.2
774,14741850,907590,CC(C)(C)C1=COC2=C1C=C3C4=C(C=C(C=C4)OC)C(=O)OC3=C2,Inactive,1,,,1.2
775,14733805,944716,COC1=CC(=CC(=C1)NC(=O)N[C@@H](CC2=CC=CC=C2)C(=O)O)OC,Inactive,1,,,1.2
776,855868,2391,CC(=O)OC1=CC=C(C=C1)C(C2=CC=C(C=C2)OC(=O)C)C3=CC=CC=N3,Inactive,1,,,1.2
777,24786675,2269063,CC1CCN(CC1)CCOCCOC2=CC=CC=C2Br,Inactive,1,,,1.2
778,8139870,15818,C[C@]12CC[C@H](C[C@@H]1CC[C@@H]3[C@@H]2CC[C@]4([C@H]3CC[C@@H]4O)C)O,Inactive,1,,,1.2
779,24790459,3316051,C1CCN(C1)C(=O)CCSC2=CC=CC=C2,Inactive,1,,,1.2
780,7976601,760847,CC1=C(C(=O)C2=C(N1)C(=CC=C2)OC)C/C=C(/C)\Cl,Inactive,1,,,1.2
781,855720,5319,C1=CC=C(C=C1)C(=O)NS(=O)(=O)C2=CC=C(C=C2)N,Inactive,1,,,1.2
782,855665,66419,C[C@]12CC[C@H]3[C@H]([C@@H]1CC[C@@H]2O)CC(=O)C4=C3C=CC(=C4)O,Inactive,1,,,1.2
783,855661,9568,CC1=CC=CC=C1C(C2=CC=CC=C2)OCCN(C)C.Cl,Inactive,1,,,1.2
784,24804857,1999089,CCOC1=CC2=C3C(=C1)C(=O)C(=O)N3C(C=C2C)(C)C,Inactive,1,,,1.1
785,7976225,776045,CC1=CC2=C(C=C1)OC=C(C2=O)C(=O)C3=CC=CO3,Inactive,1,,,1.1
786,4262650,850025,CC1=CC(=C(C=C1)OC)S(=O)(=O)NC2=CC=C(C=C2)F,Inactive,1,,,1.1
787,24837349,91637,CC1=CC=CC=C1C(=O)NCC(=O)O,Inactive,1,,,1.1
788,17515791,256466,C1CNC(C2=C1NC=N2)C3=CC=C(C=C3)Cl,Inactive,1,,,1.1
789,11533032,28767,CN(CCCOC1=C(C=C(C=C1)Cl)Cl)CC#C.Cl,Inactive,1,,,1.1
790,11532978,6852391,CCCC[N+]1([C@@H]2CC(C[C@H]1[C@H]3[C@@H]2O3)OC(=O)[C@H](CO)C4=CC=CC=C4)C.[Br-],Inactive,1,,,1.1
791,863165,664402,CC(C)C[C@H](C(=O)N1CCC(CC1)C(=O)NCC2=CC=C(C=C2)OC)NC(=O)OC(C)(C)C,Inactive,1,,,1.1
792,855769,3767,C1=CN=CC=C1C(=O)NN,Inactive,1,,,1.1
793,26657796,2461255,C1CN(CCN1C2=CC=C(C=C2)F)C(=O)CCCN3C4=CC=CC=C4OC3=O,Inactive,1,,,1.1
794,24805531,767419,C1=CC=C(C=C1)C(=O)OC2=CC=CC=CC2=O,Inactive,1,,,1.1
795,24780939,16187412,CC[N+]1(CC2CCC(C1)(C2(C)C)C)C.[I-],Inactive,1,,,1.1
796,7973157,5310652,CCOC(=O)C1C(C(C(CC1=O)(C)O)C(=O)OCC)/C=C/C2=CC=CC=C2,Inactive,1,,,1.1
797,26663012,6915727,CC1=C2[C@H](C(=O)[C@@]3([C@H](C[C@@H]4[C@]([C@H]3[C@@H]([C@@](C2(C)C)(C[C@@H]1OC(=O)[C@@H](C(C5=CC=CC=C5)NC(=O)C6=CC=CC=C6)O)O)OC(=O)C7=CC=CC=C7)(CO4)OC(=O)C)O)C)OC(=O)C,Inactive,1,,,1.1
798,14730841,347809,C1CCN(CC1)C(=S)C2=CC3=C(C=C2)OCO3,Inactive,1,,,1.1
799,4256524,1317004,CN1C2=CN(C(=C2C(=O)N(C1=O)C)C3=CC=C(C=C3)OC)C4CCCCC4,Inactive,1,,,1.1
800,855862,15209,C[C@]12CCC(=O)C=C1[C@H](C[C@@H]3[C@@H]2[C@H](C[C@]4([C@H]3C[C@@H]5[C@]4(OC(O5)(C)C)C(=O)CO)C)O)F,Inactive,1,,,1.1
801,8139926,2266,C(CCCC(=O)O)CCCC(=O)O,Inactive,1,,,1.1
802,8139861,3366,C1=NC(=O)NC(=C1F)N,Inactive,1,,,1.1
803,862425,663650,CC(C)C[C@@H](C(=O)O)NC(=O)NC(C)C,Inactive,1,,,1.1
804,855842,3169,C1CN(CCN1CC(CO)O)C2=CC=CC=C2,Inactive,1,,,1.1
805,26661451,3815867,CC1(C2(CCC1(C(=O)C2=O)C(=O)NNC3=CC=CC=C3)C)C,Inactive,1,,,1.1
806,8139951,203875,CNCCC1=CC=CC=N1.Cl,Inactive,1,,,1.1
807,3715159,984141,CC1=NOC(=C1C2=CC=C(O2)C(=O)OC(C)C)C3=C(C=C(C=C3)OC)O,Inactive,1,,,1.1
808,855815,54677470,CC1=CN=C(S1)NC(=O)C2=C(C3=CC=CC=C3S(=O)(=O)N2C)O,Inactive,1,,,1.1
809,855782,5505,CCCCNC(=O)NS(=O)(=O)C1=CC=C(C=C1)C,Inactive,1,,,1.1
810,855774,4021,CC1=NN(C(=O)C1)C2=CC=CC=C2,Inactive,1,,,1.1
811,14736573,2965350,CC(C)C1CC(CCO1)(CC(=O)N2CCCCC2)C3=CC=CC=C3OC,Inactive,1,,,1.1
812,4257686,605552,CC1=NC(=C2C(=N1)OC(=N2)C)NC(CC(C)C)C(=O)O,Inactive,1,,,1.1
813,846220,648601,CC1(C=CC2=C(O1)C3=C(C=CC(=C3)OC)NC2=O)C,Inactive,1,,,1.1
814,24785260,2952309,CC1=CC(=C2C=C(C=CC2=N1)OC)NC3=CC=CC=C3O.Cl,Inactive,1,,,1
815,14742468,1954694,COC1=CC2=C(C=C1)C(=CC(=O)O2)CC(=O)NCC3CCC(CC3)C(=O)O,Inactive,1,,,1
816,8139955,1985,CC(=O)NC1=C(C=CC(=C1)[As](=O)(O)O)O,Inactive,1,,,1
817,855600,23672568,CN1C(=NN=N1)SCC2=C(N3[C@@H]([C@@H](C3=O)NC(=O)[C@@H](C4=CC=CC=C4)O)SC2)C(=O)[O-].[Na+],Inactive,1,,,1
818,26669391,853070,COC1=CC(=C(C=C1)C(=O)COC2=CC=C(C=C2)F)O,Inactive,1,,,1
819,24796074,1619325,C1=CC=C(C=C1)CC(=O)NCC(=O)OCC(=O)C2=CC=CC=C2Cl,Inactive,1,,,1
820,17433150,879632,CC(C)C(=O)NC1=CC=C2CCC3=C2C1=CC=C3,Inactive,1,,,1
821,24795951,16189722,CC1=CC=CC=C1OCC(CN2CCN(CC2)C)O.Cl,Inactive,1,,,1
822,22412376,1600641,CC1=C2CC(N/C(=C\C(=O)N)/C2=CC=C1)(C)C,Inactive,1,,,1
823,855678,19004,C[N+]12CCC(CC1)C(C2)OC(=O)C(C3=CC=CC=C3)(C4=CC=CC=C4)O.[Br-],Inactive,1,,,1
824,24807997,742446,CC12CN3CC(C1=O)(CN(C2)C3C4=CN(C5=CC=CC=C54)C)C,Inactive,1,,,1
825,24794414,893374,COC1=C(C=C(C=C1)Br)C(=O)NC2=CC=C(C=C2)C(=O)O,Inactive,1,,,1
826,24783694,16188226,CC(C)CCC1=NOC(=N1)CN2CCC(CC2)CCN3CCCC3=O,Inactive,1,,,1
827,864952,617614,CC1(CC2=NC3=CC=CC=C3C(=C2C(=O)C1)N)C,Inactive,1,,,1
828,24784425,16188440,CN(CCC1=CC(=C(C=C1)OC)OC)CC2=NC(=NO2)CC3=CC(=C(C=C3)OC)OC,Inactive,1,,,1
829,24782936,2836255,COC1=C(C=C2C(=C1)C(NCC23CCCC3)C4=CC(=CC=C4)[N+](=O)[O-])OC,Inactive,1,,,1
830,855991,21718,CCN(CCCC1=CC=CC=C1)CCCC2=CC=CC=C2.C(C(=O)O)C(CC(=O)O)(C(=O)O)O,Inactive,1,,,1
831,857193,658546,CC1=CC=C(C=C1)NC2=C(C(C(C(C2)(C)O)C(=O)C)C3=CC=CO3)C(=O)C,Inactive,1,,,1
832,26671483,1293594,C1=CC=C(C=C1)/C=C/2\C(=O)N(C(=N2)C3=CC=CC=C3)C4=CC=C(C=C4)C(=O)O,Inactive,1,,,1
833,22415329,5735581,CC1=C(C(NC(=O)N1)/C=C/C2=CC=CC=C2OC)C(=O)OCC=C,Inactive,1,,,1
834,843314,6603179,CN1CCCC(C1)OC(=O)C2=CC3=C(C=C2)OCCO3.Cl,Inactive,1,,,1
835,26665395,5914617,C1CCN(C(C1)C2=CN=CC=C2)C(=S)NC(=O)/C=C/C3=CC=C(C=C3)F,Inactive,1,,,1
836,24795751,2936390,CCC1(NC(=S)N(N1)C2=CC(=C(C=C2)C)C)C3=CC=CC=C3,Inactive,1,,,1
837,24786353,16189127,C1CN(CCN(C1)C(=O)C2=CC=CO2)CC3=NC(=NO3)C4=CC5=C(C=C4)OCO5,Inactive,1,,,1
838,864812,666060,CC1(CC2=NC3=NC4=CC=CC=C4N3C=C2C(=O)C1)C,Inactive,1,,,1
839,3716105,15882,COC1=CC=CC=C1OCC(=O)O,Inactive,1,,,1
840,863201,664448,CC1=C2COC(CC2=C(C(=N1)NCC3=CC=CO3)C#N)(C)C,Inactive,1,,,1
841,26666304,3556694,CCN(CC)C1=C(C(=O)C(C12OCCO2)Cl)Cl,Inactive,1,,,1
842,24795973,2185539,CC1=C(/C(=C/C2=CC=C(C=C2)[N+](=O)[O-])/C(=O)N1CC3=CC=CO3)C(=O)OC,Inactive,1,,,1
843,857919,659273,C[C@@H]1C[C@@H](C2=CC=CC=C2N1C(=O)C3=CN=CC=C3)NC4=CC=CC=C4,Inactive,1,,,1
844,855555,8228,CN(C)CCCN1C2=CC=CC=C2CCC3=CC=CC=C31.Cl,Inactive,1,,,1
845,14734065,2898109,CC(C(=O)O)OC1=CC2=C(C=C1)C(=CC(=O)O2)C3=CC=C(C=C3)OC,Inactive,1,,,0.9
846,26660456,2014915,CSCC[C@@H](C(=O)O)NC(=O)NC1CCCC1,Inactive,1,,,0.9
847,26671124,6582918,C1=CC=C2C(=C1)C=C[C@H]3N2[C@@H]([C@H]4[C@@H]3C(=O)N(C4=O)C5=CC=C(C=C5)F)C(=O)N,Inactive,1,,,0.9
848,24786687,2884286,CCOC1=CC=C(C=C1)N2C(=O)CC(C2=O)NCCNC3=NC=C(C=C3)[N+](=O)[O-],Inactive,1,,,0.9
849,14725908,1081484,CC1(CC2=CC(=C(C=C2C(=N1)C3=CC4=CC=CC=C4OC3=O)OC)OC)C,Inactive,1,,,0.9
850,7973803,3109196,CCNC(=O)C1=C(SC2=C1CCCCC2)N,Inactive,1,,,0.9
851,24828861,9560222,C1=CC(=C(C(=C1)Cl)Cl)/C=N/N=C(N)N,Inactive,1,,,0.9
852,11533041,5059,CCCCCC(C1=CC(=CC=C1)OCC2=NC3=CC=CC=C3C=C2)O,Inactive,1,,,0.9
853,8139980,6291,C[C@]12CC[C@H]3[C@H]([C@@H]1CC[C@]2(C#C)O)CCC4=C3C=CC(=C4)OC,Inactive,1,,,0.9
854,14724699,3129629,CC(C)COC1=C(C=CC(=C1)NC(=O)C2CCCCN2CC3=CC(=C(C=C3)OC)OC)OC,Inactive,1,,,0.9
855,855663,71386,CCCC(=O)O[C@@]1([C@H](C[C@@H]2[C@@]1(CC(=O)[C@]3([C@H]2CCC4=CC(=O)C=C[C@@]43C)F)C)C)C(=O)CCl,Inactive,1,,,0.9
856,26659511,2939671,CC1(CC(CCO1)CNCCC(C2=CC=C(C=C2)F)C3=CC=CO3)C,Inactive,1,,,0.9
857,24795664,879444,C1=CC=C(C(=C1)C(=O)O)NC(=O)/C=C/C2=CC=CO2,Inactive,1,,,0.9
858,856012,3715,CC1=C(C2=C(N1C(=O)C3=CC=C(C=C3)Cl)C=CC(=C2)OC)CC(=O)O,Inactive,1,,,0.9
859,855544,5018304,C1=CC=C(C(=C1)CC(=O)[O-])NC2=C(C=CC=C2Cl)Cl.[Na+],Inactive,1,,,0.9
860,850087,652596,C1OC2=C(O1)C=C(C=C2)NC3C4=CC=CC=C4C(=O)O3,Inactive,1,,,0.9
861,24837047,2514575,CN(C1=CC=CC=C1)S(=O)(=O)C2=CC=C(C=C2)C(=O)N3CCC4=CC(=C(C=C4C3)OC)OC,Inactive,1,,,0.9
862,24795858,1280475,COC1=CC=C(C=C1)C(=O)NC(=O)NC2(OCCO2)C(Cl)(Cl)Cl,Inactive,1,,,0.9
863,845401,36339,CCOC(=O)C1=CN=CN1C(C)C2=CC=CC=C2,Inactive,1,,,0.9
864,26669291,919994,CC1=NC2=CC=CC=C2C(=O)N1C3=CC=C(C=C3)C(=O)O,Inactive,1,,,0.9
865,24815970,16194798,CC1CCC(C(C1)OC(=O)C[N+]2=C3CCCN3C(=C2)C4=CC=C(C=C4)OC)C(C)C.[Cl-],Inactive,1,,,0.9
866,24796247,2987756,C1COCCN1CCCNC(=S)NC2=CC(=CC(=C2)F)F,Inactive,1,,,0.9
867,17412004,1271047,C1=CC=C(C=C1)CCC2=CC=CC=C2C(=O)NC3=CC=CC=C3,Inactive,1,,,0.9
868,24795704,2936705,CC1CCCC2=C1C3=C(S2)N=CN(C3=N)N,Inactive,1,,,0.9
869,14741944,3787751,COC1=C(C=CC(=C1)C2NC3=CC=CC=C3C(=O)N2C4=CC=CC=C4)O,Inactive,1,,,0.9
870,14721765,582695,C1=CC=C2C(=C1)C(=CN2)CC(=O)OCCOC(=O)CC3=CNC4=CC=CC=C43,Inactive,1,,,0.9
871,855971,165542,CS(=O)(=O)O.C1CCN(CC1)CCC(C2=CC=CC=C2)(C3=CC=CC=C3)O,Inactive,1,,,0.9
872,855764,3899,CC1=C(C=NO1)C(=O)NC2=CC=C(C=C2)C(F)(F)F,Inactive,1,,,0.9
873,26660380,16682081,CN1C2=[N+](CC3=CC=CC=C32)C4=C(C1=O)C=C(C=C4)Cl.[Cl-],Inactive,1,,,0.8
874,26662034,921265,COC1=CC(=C(C=C1)O)C2=NC3=CC=CC=C3N=C(C2)C4=CC=CC=C4,Inactive,1,,,0.8
875,24795898,888575,CC(C)(C)C(=O)NC(=S)NC1=C(C2=C(S1)CCC2)C(=O)N,Inactive,1,,,0.8
876,24783645,16188200,C1CC(OC1)CNC(=O)C2=CC=C(C=C2)OC3CCN(CC3)C(=O)C4CC4,Inactive,1,,,0.8
877,22403140,135401652,COC1=CC=CC=C1N=CC2=C(CC(CC2=O)C3=CC=CC=C3)O,Inactive,1,,,0.8
878,14720865,2837665,CC(=CCC1(C(CCC2=C1N=C3C(=C2OC)C=CO3)O)OC)C,Inactive,1,,,0.8
879,24786732,2789592,CC(C(=O)NC1=CC=CC=C1F)OC2=CC=C(C=C2)OC,Inactive,1,,,0.8
880,855515,443958,CC(=O)OCC(=O)[C@@]12[C@@H](C[C@@H]3[C@@]1(C[C@@H]([C@]4([C@H]3CCC5=CC(=O)C=C[C@@]54C)F)O)C)OC6(O2)CCCC6,Inactive,1,,,0.8
881,24786413,16189150,CCN1C=CN=C1CN2CCCC(C2)C(=O)C3=C(C=CC(=C3)F)OC,Inactive,1,,,0.8
882,24784311,16188398,CC(C)(CNC(=O)CC1C(=O)NCCN1CC(C2=CC=CC=C2)C3=CC=CC=C3)CO,Inactive,1,,,0.8
883,11533006,452029,C1[C@H]([C@H](O[C@H]1N2C=CC(=O)NC2=O)CO)N=[N+]=[N-],Inactive,1,,,0.8
884,11532941,11273,C[C@]12CCC(=O)C(=C1CC[C@@H]3[C@@H]2CC[C@]4([C@H]3CCC4=O)C)O,Inactive,1,,,0.8
885,8139953,6029,C1=CN(C(=O)NC1=O)[C@H]2[C@@H]([C@@H]([C@H](O2)CO)O)O,Inactive,1,,,0.8
886,7976808,707724,CC1=C(OC2=C(C3=C(C=C12)C4=C(CCCC4)C(=O)O3)C)C,Inactive,1,,,0.8
887,855840,104845,CC(=O)[C@H]1CC[C@@H]2[C@@]1(CC(=O)[C@H]3[C@H]2CC[C@@H]4[C@@]3(CC[C@H](C4)O)C)C,Inactive,1,,,0.8
888,24790297,5349053,C1=CC(=CC(=C1)Br)C(=O)O/N=C(/C2=CC=NC=C2)\N,Inactive,1,,,0.8
889,855795,657306,CC[N+]1(CCCC(C1)OC(=O)C(C2=CC=CC=C2)(C3=CC=CC=C3)O)C.[Br-],Inactive,1,,,0.8
890,24785954,5347679,CC1=CC=C(C=C1)S(=O)(=O)OC2=CC=CC=C2/C=N/N=C(N)N,Inactive,1,,,0.8
891,22403178,2879598,C1C[N+]2=C(N1CC(=O)C3=CC=C(C=C3)Br)SC=C2C4=CC=CS4.[Br-],Inactive,1,,,0.8
892,855632,444795,CC1=C(C(CCC1)(C)C)/C=C/C(=C/C=C/C(=C/C(=O)O)/C)/C,Inactive,1,,,0.8
893,24832652,3858914,C1C(N(CC2=CC=CC=C21)S(=O)(=O)C3=CC=CC=C3)C(=O)O,Inactive,1,,,0.8
894,24808467,539260,CC(=O)OCC(=O)C1=CCC2C1(CC(C3(C2CCC4=CC(=O)C=CC43C)F)OC(=O)C)C,Inactive,1,,,0.8
895,17513434,683499,C1COC2=C(O1)C=CC(=C2)C3=CC(=O)C4=C(O3)C=CC(=C4)Cl,Inactive,1,,,0.8
896,865146,666396,CSCCC1[C@@H]2[C@@H](C(=O)N(C2=O)C3CCCC3)C4(N1)C5=C(C=CC(=C5)Cl)NC4=O,Inactive,1,,,0.8
897,24796235,2989049,CC(C)OC(=O)CC1C(=O)NCCN1C(=S)NC(=O)C2=CC=CS2,Inactive,1,,,0.8
898,846219,648600,CC1=CC2=C(C=C1)N(C(=O)C=C2C)CCC(=O)O,Inactive,1,,,0.8
899,24797134,597545,CC1=CC=CC=C1OCCSC2=NC3=NC=NC(=C3N2)N,Inactive,1,,,0.8
900,17505680,640180,C1=CC=C(C=C1)/C=C/C(=O)/C=C/C2=CC=CC=C2,Inactive,1,,,0.8
901,3714823,722361,CC1=C(C2=CC=CC=C2N1)C(=O)CN3CCCC3,Inactive,1,,,0.8
902,855902,5284451,CN(C)CCN(CC1=CC=C(C=C1)OC)C2=CC=CC=N2.C(=C\C(=O)O)\C(=O)O,Inactive,1,,,0.8
903,846713,20415,CC1=C(C=C(C=C1)NC2=C(C=CC=N2)C(=O)O)C,Inactive,1,,,0.8
904,17514075,2018190,CCC1=CC=C(C=C1)/C=C\2/C(=O)C3=C(O2)C=C(C=C3)OC(=O)N4CCOCC4,Inactive,1,,,0.7
905,17412095,2283109,CCOC1=CC=CC=C1OCCOC2=CC=C(C=C2)F,Inactive,1,,,0.7
906,17385821,54676537,CC(=O)CC(C1=CC=C(C=C1)[N+](=O)[O-])C2=C(C3=CC=CC=C3OC2=O)O,Inactive,1,,,0.7
907,856146,66259,CC1=CC(=C(C(=C1CC2=NCCN2)C)O)C(C)(C)C.Cl,Inactive,1,,,0.7
908,7977102,785977,CC1=NN=C2N1C(CC3=CC(=C(C=C32)OC)OC)(C)C,Inactive,1,,,0.7
909,22404102,1185329,CC1=CC(=O)OC2=C1C=CC(=C2C(=O)C)OC(=O)C3=CC=C(C=C3)OC,Inactive,1,,,0.7
910,22403231,2881592,C1=CC(=C(C=C1Cl)Cl)CSCC2=NN=C(S2)N,Inactive,1,,,0.7
911,14741948,721046,CC1=CC=C(C=C1)N2C3=NC=NC(=C3C=N2)NC4=CC=CC(=C4)C(=O)O,Inactive,1,,,0.7
912,865490,666744,CC1(CC2=NC3=C(C=C2CO1)C4=C(O3)C(=NC=N4)NCC5=CC=CC=C5)C,Inactive,1,,,0.7
913,14725117,511501,C1CCC(CC1)C2=CC3=C(C=C2)N4CCN=C5C4=C3CCC5,Inactive,1,,,0.7
914,24785933,874737,C1=CC=C(C=C1)CCC(=O)NC2=CC=CC=C2C(F)(F)F,Inactive,1,,,0.7
915,24779338,3667066,C1=CC(=C2C(=C1)N(N=N2)C3C(C(C(C(O3)CO)O)O)O)N,Inactive,1,,,0.7
916,17505899,1619887,COC1=CC=CC=C1C2=C(OC3=C(C2=O)C=CC(=C3)OC(=O)C4=CC=C(C=C4)[N+](=O)[O-])C(F)(F)F,Inactive,1,,,0.7
917,865943,4463,CC1=C2C(=NC=C1)N(C3=C(C=CC=N3)C(=O)N2)C4CC4,Inactive,1,,,0.7
918,24826555,2480474,COC1=CC(=CC(=C1)C(=O)N[C@@H](CCSC)C2=NC3=CC=CC=C3N2)OC,Inactive,1,,,0.7
919,855729,6114,CC(C[N+](C)(C)C)OC(=O)C.[Cl-],Inactive,1,,,0.7
920,855639,5320,CC(=O)NS(=O)(=O)C1=CC=C(C=C1)N,Inactive,1,,,0.7
921,24786736,2887062,CCC(C1=CC=CC=C1)C(=O)NC2=CC3=C(C=C2)OCCO3,Inactive,1,,,0.7
922,855698,10648,C1CC(C2=CC=CC=C2C1)C3=NCCN3.Cl,Inactive,1,,,0.7
923,22403649,4525029,CC(=O)OCC#CCSC1=NC2=CC=CC=C2N1C,Inactive,1,,,0.7
924,11533059,359323,C1=CC(=CC=C1C(=N)N)OCCCCCOC2=CC=C(C=C2)C(=N)N.C(CS(=O)(=O)O)O,Inactive,1,,,0.7
925,7975682,3142721,C1C=C(CC2C1C(=O)N(C2=O)CCC3=CNC4=CC=CC=C43)Cl,Inactive,1,,,0.7
926,855947,3478,CC1=CN=C(C=N1)C(=O)NCCC2=CC=C(C=C2)S(=O)(=O)NC(=O)NC3CCCCC3,Inactive,1,,,0.7
927,22402302,11107,C1=CN=CC=C1C2=CC=NC=C2,Inactive,1,,,0.7
928,8139934,120160,C1=C(NC=N1)CCN.Cl,Inactive,1,,,0.7
929,855599,8246,CN(C)C(=O)OC1=CC=CC(=C1)[N+](C)(C)C.[Br-],Inactive,1,,,0.7
930,24792802,300901,COC1=C(C=C(C=C1)CCNC(=O)C2=CC=C(C=C2)Cl)OC,Inactive,1,,,0.6
931,22403163,1937508,CCC(=O)C1=CC(=C(C=C1)OCC=C)OC,Inactive,1,,,0.6
932,857837,659188,CC1=C(C(=NN1)C2=C(C=C(C=C2)O)O)OC3=CC=CC=C3,Inactive,1,,,0.6
933,857792,6603096,C1CCN(CC1)CCCNCC2C3=CC=CC=C3CCO2.Cl,Inactive,1,,,0.6
934,8139872,3385,C1=C(C(=O)NC(=O)N1)F,Inactive,1,,,0.6
935,4260623,2946417,CC1(C2(CCC1(CC2=O)C(=O)N3CCC4=CC=CC=C43)C)C,Inactive,1,,,0.6
936,26671481,580499,CC(C)C1=CC=C(C=C1)OCC2=CC=C(O2)C(=O)O,Inactive,1,,,0.6
937,24786177,16188980,C1CC(CN(C1)C(=O)C2=CN=CS2)C(=O)C3=CC(=C(C=C3)C4=CC=CC=C4)F,Inactive,1,,,0.6
938,26664891,1975835,COC1=C(C=CC(=C1)/C=C(\C#N)/C(=O)N2CCC3=CC=CC=C32)O,Inactive,1,,,0.6
939,11533037,439501,C[C@H]1[C@@H]([C@H]([C@H]([C@@H](O1)O[C@H]2C[C@H]([C@@]3([C@@H]4[C@@H](CC[C@@]3(C2)O)[C@]5(CC[C@@H]([C@]5(C[C@H]4O)C)C6=CC(=O)OC6)O)CO)O)O)O)O,Inactive,1,,,0.6
940,4260630,728809,COC1=CC(=C(C=C1)OC)C2=C(C(=O)C3=CC=CC=C3O2)O,Inactive,1,,,0.6
941,24784374,16188413,CCN1C=CN=C1CN(C)CC2=CN(N=C2C3=CC(=CC=C3)F)C4=CC=CC(=C4)C,Inactive,1,,,0.6
942,17432846,622378,COC1=C(C=C2C(=C1)CCN=C2C3=CC=CC=C3)OC,Inactive,1,,,0.6
943,17401592,1576954,C1=CC=C2C(=C1)C3=C(N2)C=CC(=C3)C(=O)NCCO,Inactive,1,,,0.6
944,24786688,16189241,C1CN(CCN1CC2=CC3=C(C=C2)OCO3)CC(COCC4=CC=CC=C4)O.Cl,Inactive,1,,,0.6
945,14723620,359743,C1=CC=C(C(=C1)C(=O)CC2(C3=CC=CC=C3NC2=O)O)O,Inactive,1,,,0.6
946,24789608,54680870,CC1=CC2=C(C=C1)NC(=O)C(=C2O)CC3=CC=CC=C3,Inactive,1,,,0.6
947,22403170,877881,CC1=CC=C(C=C1)/C=C\2/C(=O)NC(=O)N(C2=O)C,Inactive,1,,,0.6
948,7973423,592265,C1CCN2CCCC(C2C1)COC(=O)NC3=CC=CC=C3,Inactive,1,,,0.6
949,4242562,2882027,CCN1CCN2C3=C(C=C(C=C3)Cl)C4=C2C1CCC4.Cl,Inactive,1,,,0.6
950,860373,661668,CCOC(=O)C1=C(OC(=C([C@]12C3=CC=CC=C3N(C2=O)CC(=O)N)C(=O)OCC)N)C,Inactive,1,,,0.6
951,17509944,5047755,C1=CC(=CC=C1CC(CO)NC(=O)C(Cl)Cl)[N+](=O)[O-],Inactive,1,,,0.6
952,17402985,28446,CNC1=C2CCCCC2=NN1C,Inactive,1,,,0.6
953,24798176,135433342,CC1=CC=C(C=C1)SCC2=CC(=O)NC(=N2)NC3=NC(=C4C=C(C=CC4=N3)OC)C,Inactive,1,,,0.6
954,17510699,5293846,C[C@]12CCC3C(C1CCC2[C@@]4(CCC(=O)O4)C)CC=C5[C@@]3(CC[C@@H](C5)O)C,Inactive,1,,,0.6
955,24806060,2927361,CC1(CC(C2=CC=CC3=C2N1C(=O)C3=O)(C)C4=CC=CC=C4)C,Inactive,1,,,0.5
956,8139975,223368,C[C@]12CC[C@H]3C(=CCC4=C3C=CC(=C4)O)[C@@H]1CCC2=O,Inactive,1,,,0.5
957,4261623,2249651,COC1=C(C(=C(C=C1)CNCC2=CC(=CC(=C2)OC)OC)OC)OC,Inactive,1,,,0.5
958,24796162,2936079,CCC(C)NCCOCCOC1=C(C=C(C=C1)Cl)Br.C(=O)(C(=O)O)O,Inactive,1,,,0.5
959,24795510,6467005,CCCN1CCC(CC1)NC(=O)NC2=CC=C(C=C2)Br,Inactive,1,,,0.5
960,14729672,2197,COC1=CC=C(C=C1)C2C(=O)C3=CC=CC=C3C2=O,Inactive,1,,,0.5
961,14723398,821052,COC1=C(C(=C2C(=C1)C=C(N2)C(=O)O)OC)OC,Inactive,1,,,0.5
962,24780771,5346271,CCOC1=CC=C(C=C1)C(=O)/C=C/C2=CC(=C(C(=C2)OC)OC)OC,Inactive,1,,,0.5
963,855707,13791,CCCCC(=O)O[C@H]1CC[C@@H]2[C@@]1(CC[C@H]3[C@H]2CCC4=C3C=CC(=C4)O)C,Inactive,1,,,0.5
964,17511710,3742300,CC1=CC=C(C=C1)S(=O)(=O)NC(C(C)C)C(=O)OC2=C(C=C3C(=CC(=O)OC3=C2)C)Cl,Inactive,0,,,0.5
965,11532954,5311493,CCCCC[C@@H](/C=C/[C@H]1[C@H]2C[C@@H]([C@@H]1C/C=C\CCCC(=O)O)CO2)O,Inactive,0,,,0.5
966,863450,664702,C[C@@H](C(=O)O)NC(=O)NCCC1=CC=CC=C1,Inactive,0,,,0.5
967,855626,157921,COC(=O)CCC(=O)CN.Cl,Inactive,0,,,0.5
968,855511,65551,CC(=O)OCC[N+](C)(C)C.[Br-],Inactive,0,,,0.5
969,849085,651556,C1CCN(C1)C(=O)CN2C(=O)C3CCC4=C(C3C2=O)C5=CC=CC=C5N4,Inactive,0,,,0.5
970,24817324,352078,C1=NN(C(=O)N=C1N)C2C(C(C(O2)CO)O)O,Inactive,0,,,0.5
971,24805244,3078422,CC1(CC2=CC=CC=C2C(=N1)C(CC3=CC=CC=C3)C(=O)N)C,Inactive,0,,,0.5
972,24795509,2479287,C1=CC=C2C(=C1)C=CC=C2CN3C(=O)C4=CC=CC=C4N=N3,Inactive,0,,,0.5
973,855761,3332,C1=CC=C(C=C1)C2=CC=C(C=C2)CC(=O)O,Inactive,0,,,0.5
974,855644,23677833,CCCN(CCC)C(=O)C(CCC(=O)[O-])NC(=O)C1=CC=CC=C1.[Na+],Inactive,0,,,0.5
975,26661369,1212425,C1=CC=C(C=C1)C2=NC3=CC=CC=C3C(=C2)C(=O)NCC4=CC=C(C=C4)S(=O)(=O)N,Inactive,0,,,0.5
976,14730866,28445,CCOC(=O)N1C2=CC=CC=C2OC1=O,Inactive,0,,,0.5
977,858787,6602724,C1CCC(C1)(CN)C2=CC3=C(C=C2)OCCO3.Cl,Inactive,0,,,0.5
978,855912,2576,CCCC(C)(COC(=O)N)COC(=O)NC(C)C,Inactive,0,,,0.5
979,17507170,5750685,CC(C)CC(=O)OC1C(C2=C(C=CC(=C2O)/C=C/C(=O)N3CCOCC3)OC1(C)C)N4CCOCC4,Inactive,0,,,0.5
980,11533043,54677971,CN1C(=C(C2=C(S1(=O)=O)C=CS2)O)C(=O)NC3=CC=CC=N3,Inactive,0,,,0.5
981,11533028,3634,CCN(CC)CCNC1=C2C(=C(C=C1)CO)SC3=CC=CC=C3C2=O,Inactive,0,,,0.5
982,855883,3647,C1NC2=C(C=C(C(=C2)C(F)(F)F)S(=O)(=O)N)S(=O)(=O)N1,Inactive,0,,,0.5
983,14736075,2956343,CC1=CC=C(C=C1)C(CC(=O)NCC2=CC=CO2)C3=CC=C(C=C3)OC(C)C,Inactive,0,,,0.4
984,14731844,1304874,COC1=C(C=C2C(=C1)CCN=C2C3=CC=C(O3)C4=C(C=CC(=C4)Cl)Cl)OC,Inactive,0,,,0.4
985,14729938,3403543,CC1=C2C(=CC=C1)C(=O)N3CCCCCC3=N2,Inactive,0,,,0.4
986,855664,6279,C[C@H]1C[C@@H]2[C@H](CC[C@]3([C@H]2CC[C@@]3(C(=O)C)OC(=O)C)C)[C@@]4(C1=CC(=O)CC4)C,Inactive,0,,,0.4
987,24781036,2886801,C1=CC(=CN=C1)C(=O)NCCNC2=C(C=C(C=C2)Cl)[N+](=O)[O-],Inactive,0,,,0.4
988,14727838,788106,COC(=O)C1=C(C2=CC=CC=C2C(=O)N1)O,Inactive,0,,,0.4
989,11532877,4826,CC(C(C)(C)C)N=C(NC#N)NC1=CC=NC=C1,Inactive,0,,,0.4
990,26664744,319257,CC(C)NC1=CC=C(C=C1)NC(=O)C(=C)C,Inactive,0,,,0.4
991,855871,657346,C[C@H]1OC[C@H](O1)C[N+](C)(C)C.[I-],Inactive,0,,,0.4
992,846613,649009,CC1(CC(CCO1)C(CC(=O)O)C2=CC=CC=C2)C,Inactive,0,,,0.4
993,4261807,54687811,CN1C2=CC=CC=C2C(=C(C1=O)C(=O)NCCO)O,Inactive,0,,,0.4
994,855844,5070,C1=CC2=C(C=C1OC(F)(F)F)SC(=N2)N,Inactive,0,,,0.4
995,845858,648217,CCOC(=O)C(CC1=C(C=CC(=C1)C(=O)C)OC(C)C)C(=O)OCC,Inactive,0,,,0.4
996,26665686,224652,CC1=NC=C(C(=C1N)C(=O)O)C(=O)O,Inactive,0,,,0.4
997,863414,664667,CC1=CC2=C(C(=O)O1)C3(C4=CC(=CC5=C4N(C3=O)C(C=C5C)(C)C)OC)C(=C(O2)N)C#N,Inactive,0,,,0.4
998,842997,645274,C1=CC=C(C=C1)S(=O)(=O)NCCCCCNS(=O)(=O)C2=CC=CC=C2,Inactive,0,,,0.4
999,26671463,16682710,CC1=NC2=CC=CC=C2C(=C1)NC(=O)CN(C)CCC3=CC(=C(C=C3)OC)OC.C(=O)(C(=O)O)O,Inactive,0,,,0.4
1000,7976815,3586053,C1CC2=C(C(NC3=CC=CC=C3N2)C4=CN=CC=C4)C(=O)C1,Inactive,0,,,0.4
1001,26662471,3820305,CC1=C(C2=CC=CC=C2N1)C3(C4=CC=CC=C4N(C3=O)CC#C)O,Inactive,0,,,0.4
1002,22402583,742987,CC1=CC=CC=C1NC(=O)C2C3=CC=CC=C3OC4=CC=CC=C24,Inactive,0,,,0.4
1003,8139959,1046,C1=CN=C(C=N1)C(=O)N,Inactive,0,,,0.4
1004,8139912,338,C1=CC=C(C(=C1)C(=O)O)O,Inactive,0,,,0.4
1005,7977198,2898250,CC1(C2(CCC1(OC2=O)C(=O)NC3=CC=C(C=C3)C(=O)OC)C)C,Inactive,0,,,0.4
1006,861201,662457,CCCCCCC(=O)N(C1CC(=O)N(C1=O)CC2=CC=CC=C2)O,Inactive,0,,,0.4
1007,855854,4993,CCC1=C(C(=NC(=N1)N)N)C2=CC=C(C=C2)Cl,Inactive,0,,,0.4
1008,855623,68553,C1=CC(=C(C=C1Cl)Cl)COC(CN2C=CN=C2)C3=C(C=C(C=C3)Cl)Cl.[N+](=O)(O)[O-],Inactive,0,,,0.4
1009,24811318,3505285,CN1CCCC1C(=O)NCC2=CC(=C(C=C2)OC)OC,Inactive,0,,,0.4
1010,14740491,2929563,CCOC(=O)C1=C(OC2=C(C1C3=CC=CC=C3)C(=O)NC4=CC=CC=C42)N,Inactive,0,,,0.4
1011,8139952,92824,C([C@H](C(=O)O)O)C(=O)O,Inactive,0,,,0.4
1012,24803019,235453,C1=CC=C(C=C1)C(=O)CC(C2=CNC3=CC=CC=C32)C(=O)O,Inactive,0,,,0.3
1013,24796160,2184814,CC1=NC2=C(C=CC=C2OCCOCCOC3=CC=CC=C3C(=O)OC)C=C1,Inactive,0,,,0.3
1014,24795812,754905,C1=CC=C2C(=C1)N3C(=NC(=O)N(C3=O)C4=CC=C(C=C4)Cl)S2,Inactive,0,,,0.3
1015,3715954,2999413,C[C@H]1CCC[C@@H](CCCCCC2=C(C(=CC(=C2)O)O)C(=O)O1)O,Inactive,0,,,0.3
1016,855924,5311067,C[C@@H]1C[C@H]2[C@@H]3CCC4=CC(=O)C=C[C@@]4([C@]3([C@H](C[C@@]2([C@H]1C(=O)CO)C)O)F)C,Inactive,0,,,0.3
1017,855647,5405,CC(C)(C)C1=CC=C(C=C1)C(CCCN2CCC(CC2)C(C3=CC=CC=C3)(C4=CC=CC=C4)O)O,Inactive,0,,,0.3
1018,855534,68551,CN1CCN2C(C1)C3=CC=CC=C3CC4=CC=CC=C42.Cl,Inactive,0,,,0.3
1019,24786805,238532,C1=CC=C(C=C1)CC(=O)NNC(=O)CC2=CC=CC=C2,Inactive,0,,,0.3
1020,24786505,16189222,CCN(CC1=CN(N=C1)C)CC2=NC(=NO2)C(C3=CC=CC=C3)C4=CC=CC=C4,Inactive,0,,,0.3
1021,7974461,2836320,CC1=NC(=CS1)C2CC(=O)OC23CCCCC3,Inactive,0,,,0.3
1022,7966989,4103652,CC(=O)NC1=C(OC2=C1C=C(C=C2)Br)C(=O)C3=CC=C(C=C3)OC,Inactive,0,,,0.3
1023,7966503,1085710,C1CO[C@H]2[C@@H]1[C@H](NC3=C2C=C(C=C3)Cl)C4=CC=CO4,Inactive,0,,,0.3
1024,855887,23681059,C[C@@H](C1=CC2=C(C=C1)C=C(C=C2)OC)C(=O)[O-].[Na+],Inactive,0,,,0.3
1025,7976621,5310837,CC1=CC(=CC2=C1C(=O)C(=CO2)C3=NC(=CS3)C)O,Inactive,0,,,0.3
1026,863392,664646,CC1=C2C(=CC=C1)C=C(C(=O)N2)COC(=O)C3=CC=C(C=C3)OC,Inactive,0,,,0.3
1027,26660860,1882307,COC1=C(C=C2C(=C1)C3=C(N2)C(=O)N(C=N3)CCN4CCOCC4)OC,Inactive,0,,,0.3
1028,17432517,241893,C1=CC(=CC=C1CSC2=NC(=NC3=C2N=CN3C4C(C(C(O4)CO)O)O)N)[N+](=O)[O-],Inactive,0,,,0.3
1029,14726956,3158988,CC1=CC=CC=C1NC(=O)C2(CC3=CC=CC=C3C(=O)O2)C,Inactive,0,,,0.3
1030,8139913,74143,CC1=CSC(=N1)N,Inactive,0,,,0.3
1031,26669541,1860317,C1CCCN(CC1)C(=O)C2=C3C4=CC=CC=C4CC5(N3C(=O)C2=O)CCCC5,Inactive,0,,,0.3
1032,8139960,13436,C1=CC=C(C=C1)SSC2=CC=CC=C2,Inactive,0,,,0.3
1033,855624,16490,C[C@@H]1C[C@H]2[C@@H]3C[C@@H](C4=CC(=O)C=C[C@@]4([C@]3([C@H](C[C@@]2([C@]1(C(=O)CO)O)C)O)F)C)F,Inactive,0,,,0.3
1034,855552,2913535,CN1CCN(CC1)CCCN2C3=CC=CC=C3SC4=C2C=C(C=C4)C(F)(F)F.Cl,Inactive,0,,,0.3
1035,24788095,3112489,CCNC(=O)C(CC1=CC=CC=C1)NC(=O)OCC2=CC=CC=C2,Inactive,0,,,0.3
1036,856013,5353788,CCO/C(=N/C1=C[N+](=NO1)N2CCOCC2)/[O-],Inactive,0,,,0.3
1037,8139977,5458181,C[C@@H]([C@H](C1=NC=C(C=C1)O)O)[C@H](C(=O)N[C@H]([C@H]2[C@@H]([C@@H]([C@H](O2)N3C=CC(=O)NC3=O)O)O)C(=O)O)N,Inactive,0,,,0.3
1038,14742637,4970140,CCN1C(=CC2=C(C1=O)C(C(=C(O2)N)C(=O)OC)C3=CC=CC=C3)C,Inactive,0,,,0.3
1039,11533052,6231,C[C@]12CC[C@H]3[C@H]([C@@H]1CC[C@]2(C#C)O)CCC4=C3CCC(=O)C4,Inactive,0,,,0.3
1040,7970616,1595217,CN(C)CCCNC1=C2C=NN(C2=NC=N1)C3=CC=CC=C3,Inactive,0,,,0.3
1041,855738,5280373,COC1=CC=C(C=C1)C2=COC3=CC(=CC(=C3C2=O)O)O,Inactive,0,,,0.3
1042,24810015,752596,CC(C)C1=CC2=C(C=C1)NC3=C2CCCC3=O,Inactive,0,,,0.3
1043,24783938,16188277,CC1=CC=C(C=C1)CN2CCN(CC2CCO)CCCC3=CC=CC=C3,Inactive,0,,,0.2
1044,11533049,8695,CCCCNC1=CC=C(C=C1)C(=O)OCCN(C)C.Cl,Inactive,0,,,0.2
1045,855726,6602625,CN1CCC2=CC3=C(C(=C2C1C4C5=C(C(=C(C=C5)OC)OC)C(=O)O4)OC)OCO3.Cl,Inactive,0,,,0.2
1046,24824922,3811495,C1COC2=C(O1)C=CC(=C2)C3=COC4=C(C3=O)C=CC(=C4)OC5C(C(C(C(O5)CO)O)O)O,Inactive,0,,,0.2
1047,24789116,878802,C1=CC(=CN=C1)C(=O)OC2=CC=C(C=C2)C=O,Inactive,0,,,0.2
1048,24784424,16188439,CN1C=C(C=N1)CCN(C)CC2=NC(=NO2)CC3CC3,Inactive,0,,,0.2
1049,22404271,728401,CC(=O)OC1=CC2=C(C=C1)C(=O)C(=CO2)OC3=CC=CC=C3[N+](=O)[O-],Inactive,0,,,0.2
1050,7969328,645004,CC(C)OC(=O)C1C2C=CC3(C1C(=O)N(C3)CC4CCCO4)O2,Inactive,0,,,0.2
1051,863795,3279,CCC(CO)NCCNC(CC)CO,Inactive,0,,,0.2
1052,24790718,5346127,C1=CC=C2C(=C1)C(=O)N(C2=O)/N=C/C3=CC=C(C=C3)OC4=NC=C(C=C4)[N+](=O)[O-],Inactive,0,,,0.2
1053,14739274,2864110,COC1=CC=C(C=C1)C(=O)CC2C3=C(C(=C(C=C3)OC)OC)C(=O)O2,Inactive,0,,,0.2
1054,11532872,5337997,C1=CC(=CC=C1C(=O)N/N=C/C2=CC=C(O2)[N+](=O)[O-])O,Inactive,0,,,0.2
1055,11532855,92163,CCCNC(C)C(=O)NC1=CC=CC=C1C.Cl,Inactive,0,,,0.2
1056,17410690,88060,C1=CC=C(C=C1)OC2=CC=CC=C2C=O,Inactive,0,,,0.2
1057,11532928,5282360,C[C@]12CC[C@H]3[C@H]([C@@H]1CC[C@@H]2O)CCC4=C3C=CC(=C4O)O,Inactive,0,,,0.2
1058,864379,665627,C1[C@H](N2C(S1)C3=CC=CC=C3C2=O)C(=O)NCCC4=CC(=CC=C4)F,Inactive,0,,,0.2
1059,845809,648171,CC(=C)CN1C2=C(N=C1NCCOC)N(C(=O)NC2=O)C,Inactive,0,,,0.2
1060,11532970,3242,CC1=CC(=NC(=N1)N2C(=CC(=N2)C)OC)OC,Inactive,0,,,0.2
1061,850532,653061,CN1C2=C(C(=O)N(C1=O)C)N(C(=N2)N3CCCCCC3)CC=C,Inactive,0,,,0.2
1062,24797178,1253389,CCS(=O)(=O)NC1=CC(=C(C=C1CC2=NC=CC3=CC(=C(C=C32)OC)OC)OC)OC,Inactive,0,,,0.2
1063,22415737,2894350,COC1=CC(=CC(=C1OC)OC)C(=O)CCN2CCC(C2)C3=CC=CC=C3.Cl,Inactive,0,,,0.2
1064,14724061,696431,CCOC(=O)/C=C\1/C2=CC(=C(C=C2CC(N1)(C)C)OC)OC,Inactive,0,,,0.2
1065,7973060,5310646,C1=CC=C(C=C1)C2/C(=C(/C3=CC=CC=C3)\O)/C(=O)C(=O)N2CCCCCC(=O)O,Inactive,0,,,0.2
1066,24795683,2936589,CCN1C(=O)C(N(C1=S)CCC2=CC=C(C=C2)F)CC(=O)NC3=CC=C(C=C3)OC,Inactive,0,,,0.2
1067,24785746,2266465,CNC1=NC(=NC(=N1)OCC(F)(F)F)NC2=CC=CC=C2,Inactive,0,,,0.2
1068,26660915,2894220,C1CCN(C(C1)C2=CN=CC=C2)S(=O)(=O)C3=CC=C(C=C3)F,Inactive,0,,,0.1
1069,855870,6603542,CN/C(=C/[N+](=O)[O-])/NCCSCC1=CC=C(O1)CN(C)C.Cl,Inactive,0,,,0.1
1070,24795512,2988502,CC1=C(C2=CC=CC=C2N1)C(=O)C(=O)NCC3=CC=CO3,Inactive,0,,,0.1
1071,855659,5281056,CC(C)(C)NC[C@@H](COC1=NSN=C1N2CCOCC2)O.C(=C\C(=O)O)\C(=O)O,Inactive,0,,,0.1
1072,26658543,1427781,CC(C)N(CC1=CC2=C(C=CC(=C2)OC)NC1=O)C(=O)C3=CC=CO3,Inactive,0,,,0.1
1073,24786180,16188983,CCOC(=O)C1CCCN(C1)CC2=NC(=NO2)CC3=CC(=CC=C3)F,Inactive,0,,,0.1
1074,24783693,16188225,CC(CCCC(C)(C)O)NC(=O)C1=CC=C(C=C1)OC2CCN(CC2)C(=O)C3CC3,Inactive,0,,,0.1
1075,4245915,3240326,CC12CC(C(C(=O)N1CCO)C(=O)NC3=CC=C(C=C3)OC)C4=CC=CC=C4O2,Inactive,0,,,0.1
1076,855636,5284441,CC(COC1=CC=CC=C1)N(CCCl)CC2=CC=CC=C2.Cl,Inactive,0,,,0.1
1077,17414080,2250155,CC1=CC=C(C=C1)/C=C/C(=O)NC(=S)NCCC2=CC(=C(C=C2)OC)OC,Inactive,0,,,0.1
1078,855741,5753,C[C@]12CCC(=O)C=C1CC[C@@H]3[C@@H]2[C@H](C[C@]4([C@H]3CC[C@@H]4C(=O)CO)C)O,Inactive,0,,,0.1
1079,845445,647796,C(CC(=O)O)CN1C2C(NC(=O)N2)NC1=O,Inactive,0,,,0.1
1080,24795499,2936712,CC(C12CC3CC(C1)CC(C3)C2)NC(=O)C4=CC(=C(C=C4)N5CCNCC5)[N+](=O)[O-],Inactive,0,,,0.1
1081,855987,4831,CCN1C=C(C(=O)C2=CN=C(N=C21)N3CCNCC3)C(=O)O,Inactive,0,,,0.1
1082,24795936,4316874,C1CCC(CC1)NC(=O)C2=CC=C(C=C2)NC(=O)C3=CN=CC=C3,Inactive,0,,,0.1
1083,22403519,843208,COC1=CC=C(C=C1)OCC2=CC(=CC=C2)C(=O)NN,Inactive,0,,,0.1
1084,7976011,1367557,CC(C)C12CN3CC(C1=O)(CN(C2)C34C5=CC=CC=C5NC4=O)C(C)C,Inactive,0,,,0.1
1085,3716073,2999462,CCC1=CC2=C(C=C1OC(=O)C3CCCN3C(=O)OC(C)(C)C)OC(=O)C=C2C,Inactive,0,,,0.1
1086,24786503,16189220,CCOC(=O)C1(CCN(CC1)C2CCN(CC2)C(=O)C)CCCC3=CC=CC=C3,Inactive,0,,,0.1
1087,8139946,122926,C1=C(NC=N1)CO.Cl,Inactive,0,,,0.1
1088,855928,71612,C1CN(CCN1CCOCCO)C(C2=CC=CC=C2)C3=CC=C(C=C3)Cl.Cl,Inactive,0,,,0.1
1089,24784395,16188428,CN1C=C(C(=N1)C2=CC=CC=C2F)CN(C)CCCN3CCOCC3,Inactive,0,,,0
1090,4245338,699975,CC(C)OC(=O)C1=CC2=C(C(=C(C=C2)OC)OC)C(=O)S1,Inactive,0,,,0
1091,855654,5329,CC1=CC(=NO1)NS(=O)(=O)C2=CC=C(C=C2)N,Inactive,0,,,0
1092,24792508,1179486,CCOC1=CC=CC=C1OC2=COC3=C(C2=O)C=CC(=C3)OCC(=O)O,Inactive,0,,,0
1093,24779937,4889893,CC1=CC2=C(C=C1)NC(=O)C23C4(C(C5N3CCC5)C(=O)C6=CC7=CC=CC=C7C=C6)C8=CC=CC=C8NC4=O,Inactive,0,,,0
1094,857857,659206,C1CC(=O)N(C1)CCCN2C=NC3=C(C2=O)NC4=C3C=C(C=C4)F,Inactive,0,,,0
1095,24789013,5267,CC(=O)SC1CC2=CC(=O)CCC2(C3C1C4CCC5(C4(CC3)C)CCC(=O)O5)C,Inactive,0,,,0
1096,4259912,5429720,CC1=C(C(=O)OC2=C(C(=C(C=C12)Cl)O)CN(C)C)CC3=CC=CC=C3,Inactive,0,,,0
1097,855635,4495,CS(=O)(=O)NC1=C(C=C(C=C1)[N+](=O)[O-])OC2=CC=CC=C2,Inactive,0,,,0
1098,24784388,16188421,CC1=NON=C1CN(C)C(=O)C2=CC=C(C=C2)OC3CCN(CC3)CC4=CC=CC=N4,Inactive,0,,,0
1099,14740603,804849,COC1=C(C=C(C=C1)CC(=O)C2=C(C=C(C=C2O)O)O)OC,Inactive,0,,,0
1100,8139943,4912,CC(C)(C)C1=CC(=CC(=C1O)C(C)(C)C)SC(C)(C)SC2=CC(=C(C(=C2)C(C)(C)C)O)C(C)(C)C,Inactive,0,,,0
1101,4245287,2861856,CN1C2CCC1CC(C2)OC(=O)C3=CC=C(C=C3)Cl.Cl,Inactive,0,,,0
1102,858852,660159,COC(=O)C1=C(C2=C(N1)C=CC(=C2)F)NC(=O)C3=COCCO3,Inactive,0,,,0
1103,856084,135435889,CC1(CC(=C(C(=O)C1)C2=NC(CC3=CC=CC=C32)(C)C)O)C,Inactive,0,,,0
1104,7968940,747077,CN(C)C1=NC2=CC=CC=C2C(=C1)NC(=O)CN3CCOCC3,Inactive,0,,,0
1105,855864,4909,CCC1(C(=O)NCNC1=O)C2=CC=CC=C2,Inactive,0,,,0
1106,24786671,1033986,COC1=CC(=C(C=C1)OC)NC2=C(C(=O)N(C2=O)CC3=CC=CC=C3)Cl,Inactive,0,,,0
1107,22412668,902148,COC1=C(C2=C(C=C1)C(=O)C3=CC=CC=C3C2)O,Inactive,0,,,0
1108,859524,54676047,C1CCC2=C(C1)C(=C(C(=O)N2)C(=O)NCCCN3CCOCC3)O,Inactive,0,,,0
1109,24817748,5732079,CC1=C(C2=CC=CC=C2N1)/C=C/C3=NC4=CC=CC=C4C(=O)N3CCO,Inactive,0,,,0
1110,24795589,2185494,CCOC1=CC2=C(C=C1)N=C(S2)NC(=O)NC3CCCCC3,Inactive,0,,,0
1111,24790347,5347411,C1COCCN1C2=C(C=C(C=C2)[N+](=O)[O-])/C=N\NC(=O)C3=CC=CC=N3,Inactive,0,,,-0.1
1112,11533038,4583,CC1COC2=C3N1C=C(C(=O)C3=CC(=C2N4CCN(CC4)C)F)C(=O)O,Inactive,0,,,-0.1
1113,855906,5510,CC1=CC(=CC=C1)N(C)C(=S)OC2=CC3=CC=CC=C3C=C2,Inactive,0,,,-0.1
1114,855578,9279,CC(C)[N+](C)(CCOC(=O)C1C2=CC=CC=C2OC3=CC=CC=C13)C(C)C.[Br-],Inactive,0,,,-0.1
1115,24785930,135426262,C/C(=N\N=C/1\NC(=O)C(S1)CC(=O)NC2=CC=C(C=C2)Cl)/C3=CC=CO3,Inactive,0,,,-0.1
1116,26670842,5378436,CN1C(=O)C2=C(NC1=O)N=NC(=N2)C3=CC(=C(C=C3)Cl)Cl,Inactive,0,,,-0.1
1117,855719,66440,C[C@]12CC[C@H]3[C@H]([C@@H]1CC[C@@H]2OC(=O)CCC(=O)O)CCC4=C3C=CC(=C4)O,Inactive,0,,,-0.1
1118,855998,521951,CCCCOC1=NC2=CC=CC=C2C(=C1)C(=O)NCCN(CC)CC.Cl,Inactive,0,,,-0.1
1119,24783647,16188202,COCC1CCCN(C1)CC2=C(NN=C2)C3=CC4=CC=CC=C4O3,Inactive,0,,,-0.1
1120,11533061,6852407,C[C@@H]1[C@@H](O1)P(=O)([O-])[O-].[Na+],Inactive,0,,,-0.1
1121,862968,664206,C1CCC2(CCN(C(C2C1)C3=CC4=C(C=C3)OCO4)CC5=CC(=CC=C5)F)O,Inactive,0,,,-0.1
1122,24797353,2871826,CC1(CC(=O)C(CO1)C2(C3=CC=CC=C3NC2=O)O)C,Inactive,0,,,-0.1
1123,11533018,6419921,CN(C)CC/C=C/1\C2=CC=CC=C2COC3=CC=CC=C31.Cl,Inactive,0,,,-0.1
1124,24797518,2938460,CN1CCC2=C(C1=O)N(C3=CC=CC=C23)CC(CN(CCO)CCO)O.Cl,Inactive,0,,,-0.1
1125,24780060,16187219,CC(C)CC1=CC(=NN1)C(=O)N2CCC(CC2)N3CCC(CC3)C(=O)N4CCCC4,Inactive,0,,,-0.1
1126,7974512,28576,C1C2=CC=CC=C2C(NC1=O)C3=CC=CC=C3,Inactive,0,,,-0.1
1127,855614,4539,CCN1C=C(C(=O)C2=CC(=C(C=C21)N3CCNCC3)F)C(=O)O,Inactive,0,,,-0.1
1128,855568,66062,CN1CCCCC1CCN2C3=CC=CC=C3SC4=C2C=C(C=C4)SC.Cl,Inactive,0,,,-0.1
1129,24819794,2768260,C1CCC2=C(C1)C=C(C(=O)N2)C#N,Inactive,0,,,-0.1
1130,24795749,1299413,C=CCN1C(=O)C2=CC=CC=C2N=C1SCC(=O)NC3CCCCC3,Inactive,0,,,-0.1
1131,17413662,5734190,COC1=CC(=C(C=C1)O)C(=O)/C=C/C2=CC3=CC=CC=C3O2,Inactive,0,,,-0.1
1132,11532961,6852390,C[C@]12CCC(=O)C=C1[C@@H](C[C@@H]3[C@@H]2[C@H](C[C@]4([C@H]3CC[C@@]4(C(=O)CO)O)C)O)O,Inactive,0,,,-0.1
1133,8139884,5901,C1=NN(C(=O)NC1=O)[C@H]2[C@@H]([C@@H]([C@H](O2)CO)O)O,Inactive,0,,,-0.1
1134,855881,23674502,C[C@]12CC[C@H]3[C@H]([C@@H]1CCC2=O)CCC4=C3C=CC(=C4)OS(=O)(=O)[O-].[K+],Inactive,0,,,-0.1
1135,24795696,834713,CCOC1=C(C2=CC=CC=C2C=C1)CNC3=NN=NN3C,Inactive,0,,,-0.1
1136,24780072,16187231,CC1=CC=C(O1)C2=NN(C=C2CN3CCN(CC3)C4=CC=CC=N4)C5=CC(=CC=C5)F,Inactive,0,,,-0.1
1137,17414670,2928562,C1=CC=C(C=C1)C(CCN(CC2=CC=CO2)C(=O)C3=CC=CO3)C4=CC=CO4,Inactive,0,,,-0.1
1138,24795803,2936109,CN(C)CCOCCOC1=C(C=C(C=C1)Cl)CC=C.C(=O)(C(=O)O)O,Inactive,0,,,-0.1
1139,17433144,2945644,CC1=CC=CC=C1NC(=O)CC(C2=CC=C(C=C2)OC(C)C)C3=CC=CC=C3OC,Inactive,0,,,-0.1
1140,14730858,708276,CC1=C(C2=C(O1)C=CC(=C2)OC(=O)C3=CC=CS3)C(=O)OC(C)C,Inactive,0,,,-0.1
1141,17511259,135517023,CC(C)N1C2=CC=CC=C2/C(=C/C3=NC4=CC=CC=C4C(=O)N3)/C1=O,Inactive,0,,,-0.2
1142,26660118,16682048,CC(C1=CC=CC=C1)C(=NCCC2=CC(=C(C=C2)OC)OC)N.Cl,Inactive,0,,,-0.2
1143,24805588,3144932,C1=CC=C(C=C1)CN2C(=O)C(NC2=S)CC3=CNC4=CC=CC=C43,Inactive,0,,,-0.2
1144,24784947,16188588,CC(=O)NC1=CC=C(C=C1)CN2CCN(C(C2)CCO)C3CCCCC3,Inactive,0,,,-0.2
1145,8139983,119,C(CC(=O)O)CN,Inactive,0,,,-0.2
1146,7975194,2841560,CC(C)CC(=O)OC1C(C2=C(C=CC3=C2OC(=O)C=C3)OC1(C)C)OC(=O)C,Inactive,0,,,-0.2
1147,14742762,71815,CC1=NC=C(N1CC(C)O)[N+](=O)[O-],Inactive,0,,,-0.2
1148,855589,92303,CC1=CC(=CC=C1)CN2CCN(CC2)C(C3=CC=CC=C3)C4=CC=C(C=C4)Cl.Cl,Inactive,0,,,-0.2
1149,24796161,9587437,C1=CC=NC(=C1)/C(=N/OC(=O)C2=CC=C(O2)Br)/N,Inactive,0,,,-0.2
1150,14724242,3137841,CC1=CC2=C(C=C1)N3CCCN(C4C3=C2CCC4)CC5=CC=CC=C5,Inactive,0,,,-0.2
1151,857644,658991,C1CC2C(=O)NCCN2C1,Inactive,0,,,-0.2
1152,24796190,2988697,CC1=CC=C(C=C1)N2C(=NN=N2)COC3=C(C=C(C=C3)CO)OC,Inactive,0,,,-0.2
1153,861110,662377,CC1=CC2=C(C(=CC(=O)O2)C)C(=C1)OC(=O)CNC(=O)OC(C)(C)C,Inactive,0,,,-0.2
1154,855711,6014,CC(CN1C2=CC=CC=C2SC3=CC=CC=C31)N(C)C.Cl,Inactive,0,,,-0.2
1155,26662155,5744756,CN(C)CCCOC(=O)C1=CC(=C(C(=C1)OC)OC)OC.Cl,Inactive,0,,,-0.2
1156,24809548,3159343,CC1(C2CCC1(C3=NC4=CC=CC=C4N=C23)C(=O)O)C,Inactive,0,,,-0.2
1157,24787323,2887332,CCCOC1=CC=C(C=C1)C2=NC3=CC=CC=C3C(=C2)C(=O)NCC4CCCO4,Inactive,0,,,-0.2
1158,22407424,2433953,C1=CC=C(C=C1)C2=CC(=O)OC3=C2C=CC(=C3)OCC(=O)NCC4=CC=CS4,Inactive,0,,,-0.2
1159,14743456,2804,CC1CCCC(N1NC(=O)C2=CC(=C(C=C2)Cl)S(=O)(=O)N)C,Inactive,0,,,-0.2
1160,11532862,2732,C1=CC=C2C(=C1)C(=O)NC2(C3=CC(=C(C=C3)Cl)S(=O)(=O)N)O,Inactive,0,,,-0.2
1161,7973651,2249234,C1=CC(=C(C=C1C(=O)NCCO)Cl)Cl,Inactive,0,,,-0.2
1162,4256503,237621,CC1=C(C=CC(=C1)OC)CCCC(=O)O,Inactive,0,,,-0.2
1163,17513411,12005714,CC(C)(C)OC(=O)[C@H]1[C@@H](C2(C3N1N=CC4=CC=CC=C34)C(=O)C5=CC=CC=C5C2=O)C6=CC(=C(C=C6)OC)OC,Inactive,0,,,-0.2
1164,17513207,5899355,COC1=C(C=C\2C(=C1)COC(=O)/C2=C\C3=CC=C(C=C3)Cl)OC,Inactive,0,,,-0.2
1165,11533024,5702062,CC(=O)O.C1=CC(=C(C(=C1)Cl)/C=N/N=C(N)N)Cl,Inactive,0,,,-0.2
1166,4251115,298474,CCOCC1=C(C(=O)NC(=C1)C)C#N,Inactive,0,,,-0.2
1167,855811,135398737,CN1CCN(CC1)C2=NC3=C(C=CC(=C3)Cl)NC4=CC=CC=C42,Inactive,0,,,-0.2
1168,26671058,1916439,CN1C2=C(C=C(C=C2)/C=C(/C(=O)O)\NC(=O)C3=CC=CC=C3)C4=CC=CC=C41,Inactive,0,,,-0.2
1169,26658873,919256,CC1=CC=C2N1CCN3C2=C(C(=C3C(=O)C)C)C,Inactive,0,,,-0.2
1170,24803132,2826961,CC[N+]1=C(C2=CC(=C(C=C2C=C1)OC)OC)CC3=CC(=C(C=C3)OC)OC.[I-],Inactive,0,,,-0.2
1171,24797812,135433335,C1CN(CCN1CCO)CC2=C(C=CC3=C2OC(=O)C(=C3)C4=CC=CC=N4)O,Inactive,0,,,-0.2
1172,4255590,5391089,CC1=CC(=O)OC2=C1C=CC(=C2CN(C)CC3=CC=CC=C3)O,Inactive,0,,,-0.2
1173,855683,2754,C1CCC(CC1)N2C(=NN=N2)CCCCOC3=CC4=C(C=C3)NC(=O)CC4,Inactive,0,,,-0.2
1174,24790296,6878593,CC1=CC(=C(C=C1)CN2CCN(CC2)/N=C/C3=CC=C(C=C3)SC)C,Inactive,0,,,-0.3
1175,14725051,80185,C1CN(CCN1C(=O)C2=CC=CC=C2)C(=O)C3=CC=CC=C3,Inactive,0,,,-0.3
1176,7966560,62978,COC1=C(C=C2C(=C1)C(=NC(=N2)N3CCN(CC3)C(=O)C4COC5=CC=CC=C5O4)N)OC.CS(=O)(=O)O,Inactive,0,,,-0.3
1177,855935,4764,C1=CC=C2C(=C1)C(=O)OC2(C3=CC=C(C=C3)O)C4=CC=C(C=C4)O,Inactive,0,,,-0.3
1178,855890,3828,CC1=CC(=O)C2=C(C3=C(C(=C2O1)OC)OC=C3)OC,Inactive,0,,,-0.3
1179,24811786,69175,COC1=CC(=C(C=C1)C=O)OC,Inactive,0,,,-0.3
1180,24784389,16188422,CC(C)CN1CCN(CC1CCO)CC2=CC3=C(C=C2)N=CC=C3,Inactive,0,,,-0.3
1181,7977339,778872,CC1=C(C=C(C=C1)N2C(=O)C3=CC=CC=C3C2=O)C,Inactive,0,,,-0.3
1182,855715,5353927,COC1=C(C=C(C=C1)/C=C(/C#N)\C2=CN=CC=C2)OC,Inactive,0,,,-0.3
1183,24809435,669243,CC(C)C(=O)NC1=C(C=CC(=C1)C(=O)OC)C(=O)OC,Inactive,0,,,-0.3
1184,17403262,5405507,CC1=C2C(=CC(=N1)C(=O)NC3=CC=CC=C3Cl)C4=CC=CC=C4N2,Inactive,0,,,-0.3
1185,862319,663548,CC(C)C[C@@H](C(=O)O)NC(=O)NC1=CC=CC(=C1)C(=O)C,Inactive,0,,,-0.3
1186,855772,689043,C1=CC(=C(C=C1/C=C/C(=O)O)O)O,Inactive,0,,,-0.3
1187,11533003,174174,CN1[C@@H]2CC[C@H]1CC(C2)OC(=O)C(CO)C3=CC=CC=C3,Inactive,0,,,-0.3
1188,11532933,439616,C1=CC=C(C=C1)[C@@H](C(=O)O)O,Inactive,0,,,-0.3
1189,855849,92730,CC(=O)[C@H]1CC[C@@H]2[C@@]1(C[C@H]([C@H]3[C@H]2CCC4=CC(=O)CC[C@]34C)O)C,Inactive,0,,,-0.3
1190,24813372,787747,C1=CC(=CC=C1/C=C\2/C(=NOC2=O)C3=CC=C(C=C3)Cl)O,Inactive,0,,,-0.3
1191,7972158,870599,CC1(CC2=CC=CC=C2C3=NNC(=S)N31)C,Inactive,0,,,-0.3
1192,850429,652950,CC12CC3(CN(C1)C(N(C2)C3)C4=CC(=C(C=C4)OC)OC)C,Inactive,0,,,-0.3
1193,24792935,23690383,CC(C(=O)[O-])NC(=O)C1=CN=CC=C1.[Na+],Inactive,0,,,-0.3
1194,855712,657264,C[N+](C)(C)CCCCCCCCCC[N+](C)(C)C.[Br-],Inactive,0,,,-0.3
1195,855703,5560,C1=C2C(=CC(=C1Cl)S(=O)(=O)N)S(=O)(=O)NC(N2)C(Cl)Cl,Inactive,0,,,-0.3
1196,849940,101172,CN1C=NC2=C1C(=O)N(C(=O)N2C)CC(CO)O,Inactive,0,,,-0.3
1197,11532945,2303,CC1=C(C(C(=C(N1)C)[N+](=O)[O-])C2=CC=CC=C2C(F)(F)F)C(=O)OC,Inactive,0,,,-0.4
1198,8139883,135398740,C1=NC2=C(N1COC(CO)CO)N=C(NC2=O)N,Inactive,0,,,-0.4
1199,4241164,3236176,CC(=O)OCC1C(C(C(O1)N2C=CC(=O)NC2=O)O)O,Inactive,0,,,-0.4
1200,856186,569984,C1=CC=C(C=C1)C(=O)OCC(C(COC(=O)C2=CC=CC=C2)O)O,Inactive,0,,,-0.4
1201,26658102,135675868,CC1=CC(=C\2C(=C1)OC=C(/C2=N/N)C3=CSC(=N3)C)O,Inactive,0,,,-0.4
1202,24814815,16194490,COC1=CC=CC=C1C(=O)C2=CC3=C(C=C(C=C3)O)OC2=O,Inactive,0,,,-0.4
1203,855875,657348,C[C@@]12CCN([C@@H]1N(C3=C2C=C(C=C3)OC(=O)NC)C)C.C1=CC=C(C(=C1)C(=O)O)O,Inactive,0,,,-0.4
1204,26658870,2869371,CC1=CC2=C3C(=C(N=C2C=C1)C)CC(O3)C(C)(Cl)Br,Inactive,0,,,-0.4
1205,4263448,705661,CC1=C(C=C(O1)C(=O)OC)COC2=CC3=C(C=C2)C=CC(=O)O3,Inactive,0,,,-0.4
1206,3717588,854958,CCC1=CC(=C(C=C1O)O)C2=C(C=NN2)C3=CC4=C(C=C3)OCO4,Inactive,0,,,-0.4
1207,3716775,2999749,CCOC(=O)C(C)OC1=CC(=CC2=C1C3=C(CCCC3)C(=O)O2)C,Inactive,0,,,-0.4
1208,855793,17683,CCN(CCCCOC(=O)C1=CC(=C(C=C1)OC)OC)C(C)CC2=CC=C(C=C2)OC.Cl,Inactive,0,,,-0.4
1209,845729,648091,CC1(CC(CCO1)C2=CSC(=N2)N)C,Inactive,0,,,-0.4
1210,24781231,16187444,C1CN(CCC1CO)CC2=CN(N=C2C3=CC4=CC=CC=C4O3)CC5=CC=CC=C5,Inactive,0,,,-0.4
1211,22415752,713457,COC1=CC=C(C=C1)NC(=S)NCCC2=CNC3=CC=CC=C32,Inactive,0,,,-0.4
1212,3717873,3000177,CC1(C(=O)NC(=O)N1)C2=CC3=C(C=C2)C=C(C=C3)OC,Inactive,0,,,-0.4
1213,856495,41368,CC(C)(C)C(C(N1C=NC=N1)OC2=CC=C(C=C2)Cl)O,Inactive,0,,,-0.4
1214,24808850,16192935,CC1=CC([N+](C2=C1C=CC(=C2)OC)(C)C)(C)C.[I-],Inactive,0,,,-0.4
1215,24786737,874473,CC(C)(C)C1=CC=C(C=C1)/C=C/C(=O)N2CCCCC2,Inactive,0,,,-0.4
1216,855806,9912,CN1C2=C(C(=O)N(C1=O)C)N(C=N2)CC(CN(C)CCO)O.C1=CC(=CN=C1)C(=O)O,Inactive,0,,,-0.4
1217,26663939,4860019,CC1=CC(=O)OC2=C1C=CC(=C2)OCC3CC(=NO3)C4=C(C=C(C=C4)OC)OC,Inactive,0,,,-0.4
1218,14742766,1951620,COC1=C(C=C2C(=C1)CCN3C2=CC(=NC3=O)OCC4=CC=CC=C4Cl)OC,Inactive,0,,,-0.4
1219,855681,108003,C[C@H]1CCCC(=O)CCCCCC2=C(C(=CC(=C2)O)O)C(=O)O1,Inactive,0,,,-0.4
1220,14727160,2870139,COC1=CC=C(C=C1)C(=O)NCC2C3=CC=CC=C3CCO2,Inactive,0,,,-0.4
1221,24784391,16188424,CCOCCCNCC1=CN(N=C1C2=CC=CC=C2C)C3=C(C=C(C=C3)F)F,Inactive,0,,,-0.4
1222,14732323,2838777,CCOC1=CC=C(C=C1)C2C(=C(OC3=C2C(=O)OC4=CC=CC=C43)N)C#N,Inactive,0,,,-0.4
1223,11533056,2756,CC1=C(N=CN1)CSCCNC(=NC)NC#N,Inactive,0,,,-0.4
1224,3716956,2310770,CC1=C(C=C(O1)C(=O)OC)C2=C(OC3=C(C2=O)C=CC(=C3)OC)C,Inactive,0,,,-0.4
1225,855716,6602683,C[C@@H]([C@@H](C1=C(C=CC(=C1)OC)OC)O)NC(C)(C)C.Cl,Inactive,0,,,-0.4
1226,24784420,16188435,CC(C)CN1CCN(CC1CCO)CC2=CC=CN2C3=CC=CC=N3,Inactive,0,,,-0.4
1227,17413290,2830454,CC(C)(C)OC(=O)NC(CCSC)C(=O)OC1=CC2=C(C=C1)C(=O)C(=CO2)C3=CC4=C(C=C3)OCCO4,Inactive,0,,,-0.4
1228,14735728,870755,C1=CC=C(C=C1)C(=O)/C=C/SC2=CC=CC=C2,Inactive,0,,,-0.5
1229,857334,658683,COC1=CC=C(C=C1)NC(=O)C2CSC3N2C(=O)C4=CC=CC=C34,Inactive,0,,,-0.5
1230,855684,11548,CC(C[N+](C)(C)C)OC(=O)N.[Cl-],Inactive,0,,,-0.5
1231,24795702,2936153,C1CC(OC1)CN2C(=O)C3=C(C2=O)C=C(C=C3)NC(=O)COC4=CC=CC=C4,Inactive,0,,,-0.5
1232,855850,23672589,CC(=O)NC1=C(C(=C(C(=C1I)C(=O)[O-])I)NC(=O)C)I.[Na+],Inactive,0,,,-0.5
1233,855775,9324,CC(=O)[C@]1(CC[C@@H]2[C@@]1(CC[C@H]3[C@H]2C=C(C4=CC(=O)CC[C@]34C)Cl)C)OC(=O)C,Inactive,0,,,-0.5
1234,855749,5887,CN(C)CCCN1C2=CC=CC=C2SC3=CC=CC=C31.Cl,Inactive,0,,,-0.5
1235,24795511,2987949,CC1=CC=C(O1)C2CC(=NN2C(=O)C3=CC=CO3)C4=CC=CS4,Inactive,0,,,-0.5
1236,24788674,1352473,C1=CC=C(C=C1)/C=C/C=C(\C(=O)NCC2=CC=CO2)/NC(=O)C3=CC=CC=C3Br,Inactive,0,,,-0.5
1237,7977047,2842541,CCOC(=O)C(C(C1=CC=CC=C1)O)NC(=O)CCC(=O)NC2=CC=C(C=C2)S(=O)(=O)N,Inactive,0,,,-0.5
1238,863624,664879,CCC1=CC(=O)OC2=C1C=CC(=C2)OCC3=NNN=N3,Inactive,0,,,-0.5
1239,855801,28693,CN1C[C@@H](C[C@H]2[C@H]1CC3=CN(C4=CC=CC2=C34)C)CNC(=O)OCC5=CC=CC=C5,Inactive,0,,,-0.5
1240,24825150,4092542,C1=CC=C2C(=C1)C(=O)NC3(N2)C4=C(C=CC(=C4)Br)NC3=O,Inactive,0,,,-0.5
1241,26671666,2002841,COC1=C(C=C(C=C1)CCNC2=NC=NC3=C2NC4=CC(=C(C=C43)OC)OC)OC,Inactive,0,,,-0.5
1242,24780053,16187212,C1CN(CCC1(CCOC2=CC=CC=C2)CO)CCCN3C=CC=N3,Inactive,0,,,-0.5
1243,17409255,1162380,CCOC(=O)C1=CN=C2C=CC(=CC2=C1NC3=CC4=C(C=C3)OCCO4)C(=O)OC,Inactive,0,,,-0.5
1244,862475,5389736,COC(=O)C1[C@H]2C=C[C@@]3([C@@H]1C(=O)N(C3)CC4=CC=CS4)O2,Inactive,0,,,-0.5
1245,14723875,460749,CN1C2=NC(=O)N(C(=O)C2=NC(=N1)C3=CC=C(C=C3)Cl)C,Inactive,0,,,-0.5
1246,855682,3676,CCN(CC)CC(=O)NC1=C(C=CC=C1C)C,Inactive,0,,,-0.5
1247,855535,6215,C[C@]12C[C@@H]([C@]3([C@H]([C@@H]1C[C@@H]4[C@]2(OC(O4)(C)C)C(=O)CO)C[C@@H](C5=CC(=O)C=C[C@@]53C)F)F)O,Inactive,0,,,-0.5
1248,864892,666140,CC1=CC2=C(C=C1)N(C3=C2N=CN(C3=O)CCC4=CC=CC=C4OC)C,Inactive,0,,,-0.5
1249,24796083,2986538,CCN1C=C(C(=N1)C)CN2C(CC(=N2)C)C3=CC=CC=C3,Inactive,0,,,-0.5
1250,855884,32798,CCC(=O)O[C@@]1([C@H](C[C@@H]2[C@@]1(C[C@@H]([C@]3([C@H]2CCC4=CC(=O)C=C[C@@]43C)F)O)C)C)C(=O)CCl,Inactive,0,,,-0.5
1251,855823,66377,CCC1=CN(C(=O)NC1=O)[C@H]2C[C@@H]([C@H](O2)CO)O,Inactive,0,,,-0.5
1252,855722,16574,CC(=O)OC[C@@H]1[C@H]([C@H]([C@@H](O1)N2C(=O)NC(=O)C=N2)OC(=O)C)OC(=O)C,Inactive,0,,,-0.5
1253,11533017,6852401,C[C@H]1[C@@H]([C@H]([C@H]([C@@H](O1)O[C@H]2C[C@H]([C@@]3([C@@H]4[C@@H](CC[C@@]3(C2)O)[C@]5(CC[C@@H]([C@]5(C[C@H]4O)C)C6CC(=O)OC6)O)CO)O)O)O)O,Inactive,0,,,-0.5
1254,7978196,626866,COC1=CC(=C(C=C1)OC)C(=O)C2=COC3=C2C=C(C=C3)O,Inactive,0,,,-0.5
1255,855653,23663967,CCCC(=O)NC1=C2C(=NC=N1)N(C=N2)[C@H]3[C@@H]([C@H]4[C@H](O3)COP(=O)(O4)[O-])OC(=O)CCC.[Na+],Inactive,0,,,-0.5
1256,24781942,702008,CC1=CC2=C(C=C1)NC3=C2CCNC3=O,Inactive,0,,,-0.6
1257,17401704,753337,CC1(CC2=NC3=C(C=C2CO1)C4=C(S3)C(=O)N(C=N4)CC(=O)N)C,Inactive,0,,,-0.6
1258,855995,5280388,CCCCC[C@@H](/C=C/C1=C(C(=O)CC1)CCCCCCC(=O)O)O,Inactive,0,,,-0.6
1259,855565,3339,CC(C)OC(=O)C(C)(C)OC1=CC=C(C=C1)C(=O)C2=CC=C(C=C2)Cl,Inactive,0,,,-0.6
1260,24796065,2935972,CC1(C(C1C(=O)N2CCN(CC2)CC3=CC=CC=C3)C=C(Cl)Cl)C,Inactive,0,,,-0.6
1261,22403202,878017,C1CN(CCN1C2=CC=CC=C2)C(=O)/C=C/C3=CC=CO3,Inactive,0,,,-0.6
1262,11532975,8956,C[C@@H]([C@H]1CC[C@@H]2[C@@]1(CC[C@H]3[C@H]2CCC4=CC(=O)CC[C@]34C)C)O,Inactive,0,,,-0.6
1263,24811325,5761072,COC1=CC=C(C=C1)/C=C\C2=NC(=O)C3=CC=CC=C3O2,Inactive,0,,,-0.6
1264,24795861,2936817,CCOC(=O)C1=CC=C(C=C1)N2C(=O)C(N(C2=S)CCC3=CC(=C(C=C3)OC)OC)CC(=O)NC,Inactive,0,,,-0.6
1265,11532982,216284,CC1CCC[C@@H](CCCCCC2=C(C(=CC(=C2)O)O)C(=O)O1)O,Inactive,0,,,-0.6
1266,11532896,13109,CC[C@]12CC[C@H]3[C@H]([C@@H]1CC[C@]2(C#C)O)CCC4=CC(=O)CC[C@H]34,Inactive,0,,,-0.6
1267,855737,7419,C1=CC(=CC(=C1)N)C(=O)O,Inactive,0,,,-0.6
1268,26664379,638234,C1CCN2C[C@H]3C[C@@H]([C@@H]2C1)CN4C3=CC=CC4=O,Inactive,0,,,-0.6
1269,24796159,888339,CC(C)N(C(C)C)C(=O)CC1=CC=CC=C1[N+](=O)[O-],Inactive,0,,,-0.6
1270,24786690,1367999,CC1=CC=C(C=C1)N2CCN(CC2)C(=S)C3=CC=C(O3)C4=CC(=CC=C4)[N+](=O)[O-],Inactive,0,,,-0.6
1271,14741531,2002341,CCOC1=CC=C(C=C1)NC(=O)N[C@@H](CCSC)C(=O)OC,Inactive,0,,,-0.6
1272,7969216,714306,CC12CN3CC(C1=O)(CN(C2)C3C4=C(C=C(C=C4)Cl)Cl)C,Inactive,0,,,-0.6
1273,845955,648323,CC1=C(C=C(O1)C(=O)OC)COC2=CC3=C(C=C2)OC(=C3C(=O)OCCOC)C,Inactive,0,,,-0.6
1274,24795856,2936725,CC(C)(C)C(=O)NCCCNC1=CC=C(C=C1)[N+](=O)[O-],Inactive,0,,,-0.6
1275,7976498,2891597,CCOC(=O)C1=C(OC2=CC(=C(C=C21)OC(C)C(=O)OCC)Br)C,Inactive,0,,,-0.6
1276,26663287,4024466,CC(C)OC1=CC=C(C=C1)C(CCNCC2=CC(=C(C=C2)OC)OC)C3=CC=C(C=C3)F,Inactive,0,,,-0.6
1277,11532944,6852386,C[N+]1(CCC2=CC3=C(C=C2[C@H]1[C@H]4C5=C(C6=C(C=C5)OCO6)C(=O)O4)OCO3)C.[Br-],Inactive,0,,,-0.6
1278,22403185,2879448,CC1=C(C(NC(=S)N1C)C2=CC=C(C=C2)Cl)C(=O)OC,Inactive,0,,,-0.7
1279,17515446,12006039,CC12CCC(CC1=CCC3C2CCC4(C3C/C(=C\C5=CC(=CC=C5)F)/C4=O)C)O,Inactive,0,,,-0.7
1280,17431502,5754471,C1OC2=C(O1)C=C(C=C2)/C=C/C3=NC4=CC=CC=C4C(=O)N3C5=CC=CC=C5,Inactive,0,,,-0.7
1281,855930,6410797,CC1=CC(=NN=C1NCCN2CCOCC2)C3=CC=CC=C3.Cl,Inactive,0,,,-0.7
1282,855908,3512,CC1CC(=O)C=C(C12C(=O)C3=C(O2)C(=C(C=C3OC)OC)Cl)OC,Inactive,0,,,-0.7
1283,14746166,870388,CC1=C(C(=O)C2=C(N1)C=CC(=C2)NC(=O)C)CC=C(Cl)Cl,Inactive,0,,,-0.7
1284,865539,666798,C1CC2C3(CC4=CC=CC=C4N2C1)C(=O)NC(=O)N(C3=O)C5=CC=C(C=C5)Cl,Inactive,0,,,-0.7
1285,862763,135427462,CCN1C(=O)C(=C(N=C1SCC)O)C2C3=C(C(=C(C=C3)OC)OC)C(=O)O2,Inactive,0,,,-0.7
1286,26660449,943192,CC(C)[C@@H](C(=O)O)NC(=O)NCC1=CC(=C(C=C1)OC)OC,Inactive,0,,,-0.7
1287,24812299,263261,CCOC(=O)C(=CC1=CC=CC=C1OC)C(=O)OCC,Inactive,0,,,-0.7
1288,17514186,1996694,COC1=CC=CC=C1C(=O)OC2=CC3=C(C=C2)C(=O)/C(=C/C4=CC=NC=C4)/O3,Inactive,0,,,-0.7
1289,7968112,818345,CCN(CC)CC1=CNC2=C1C=CC=C2C(=O)OC,Inactive,0,,,-0.7
1290,4265921,224561,C1=CC=C2C(=C1)N=C(S2)SCCC(=O)O,Inactive,0,,,-0.7
1291,855867,2378,C1=CC=C(C=C1)C2=CC=C(C=C2)C(C3=CC=CC=C3)N4C=CN=C4,Inactive,0,,,-0.7
1292,8139919,1474,C1=CC=NC(=C1)C2=CC=CC=N2,Inactive,0,,,-0.7
1293,7976350,868130,CCOC(=O)C1=CC2=C(C=C1)NC(=C(C2=O)CCC(=O)C)C,Inactive,0,,,-0.7
1294,7976143,695697,COC1=CC=C(C=C1)CC2=NC(=NO2)C3=CC=C(C=C3)Br,Inactive,0,,,-0.7
1295,24816661,3728944,CCC1=CC(=CC=C1)OC2C(C(C(C(O2)CO)O)O)NC(=O)C,Inactive,0,,,-0.7
1296,26659695,3795985,CC1(CC(CCO1)C(CC2=CC=CC=C2)CC(=O)N3CCCC3)C,Inactive,0,,,-0.7
1297,855936,8980,CN(C)CCOC(C1=CC=CC=C1)C2=CC=CC=C2.Cl,Inactive,0,,,-0.7
1298,3712581,94097,CC(=O)OC1=C(C=C(C=C1)C(=O)O)OC(=O)C,Inactive,0,,,-0.7
1299,26659796,873105,CC(=O)CCC1=C(C2=CC=CC=C2O1)C3=CC=CC=C3,Inactive,0,,,-0.7
1300,24780160,783729,CC1=C(C=C(C=C1)OCC2=NC(=NO2)C3=CN=CC=C3)C,Inactive,0,,,-0.8
1301,855570,1547484,C1CN(CCN1C/C=C/C2=CC=CC=C2)C(C3=CC=CC=C3)C4=CC=CC=C4,Inactive,0,,,-0.8
1302,26667016,917461,CC1=CC=CC=C1NC(=O)C2=C(OC(=O)C=C2C)C,Inactive,0,,,-0.8
1303,24804117,2893535,CN1C2=C(C(C3=C(N2)C4=CC=CC=C4C3=O)C5=CC=C(C=C5)O)C(=O)NC1=O,Inactive,0,,,-0.8
1304,14732523,2830804,C1=CC=C(C=C1)C(C2=C(SC3=CC=CC=C3C2=O)O)C4=C(SC5=CC=CC=C5C4=O)O,Inactive,0,,,-0.8
1305,14723725,3123873,COC1=CC=C(C=C1)C2=NN=C(O2)C3=CC4=C(C=CC5=CC=CC=C54)OC3=O,Inactive,0,,,-0.8
1306,24809962,291354,C1CCN(CC1)C2=CC=C(C=C2)C=O,Inactive,0,,,-0.8
1307,24802179,2883357,COC1=CC=C(C=C1)C(=O)NC2=CC=CC=C2C(=O)NC(CC3=CNC4=CC=CC=C43)C(=O)O,Inactive,0,,,-0.8
1308,24793761,1493378,CC1=CC(=CC(=C1)NC2=NC3=C(N2)C(=O)N(C(=O)N3C)C)C,Inactive,0,,,-0.8
1309,856006,4748,C1CN(CCN1CCCN2C3=CC=CC=C3SC4=C2C=C(C=C4)Cl)CCO,Inactive,0,,,-0.8
1310,24808025,3152618,CC(=O)NC1C(C2C(COC(O2)(C)C)OC1OC3=CC=CC(=C3)OC)O,Inactive,0,,,-0.8
1311,24795610,888423,COC(=O)CN1CC(=O)N(C1=S)C2=CC=CC=C2,Inactive,0,,,-0.8
1312,22403167,135406765,CC1=CC=C(C=C1)NC(=O)CSC2=NC(=C(C(=O)N2C3=CC=CC=C3)CC4=CC=CC=C4)O,Inactive,0,,,-0.8
1313,22403166,5450504,CC1=C(C(=NN1)C)CCC(=O)N/N=C\C2=C(C(=C(C=C2)OC)OC)OC,Inactive,0,,,-0.8
1314,17510715,12005320,COC(=O)C1=CC2=C(C=C1)O/C(=C\C3=CC=C(C=C3)O)/C2=O,Inactive,0,,,-0.8
1315,26659907,135549775,C1CCN(C(C1)C2=CN=CC=C2)/N=C/C3=C(N(C(=S)NC3=O)C4=CC=CC=C4)O,Inactive,0,,,-0.8
1316,24796061,9587439,C1=CC(=C(C=C1Cl)Cl)C/C(=N/OC(=O)C2=CC=C(O2)Br)/N,Inactive,0,,,-0.8
1317,24781234,16187447,C1CN(CCC1C(=O)NCCC2=CC=CC=C2)C3CCN(CC3)CC4=CC=CO4,Inactive,0,,,-0.8
1318,7974409,730796,CC1CCN(CC1)CC2=C(NC3=C(C2=O)C=C(C=C3)OC)C,Inactive,0,,,-0.8
1319,49731997,71399,CN1CCN(CC1)C2=NC3=CC=CC=C3OC4=C2C=C(C=C4)Cl.C(CC(=O)O)C(=O)O,Inactive,0,,,-0.8
1320,24787316,5403474,C1=CC=C(C=C1)COC2=CC(=C3C(=C2)OC(=CC3=O)C4=CC=CC=C4)O,Inactive,0,,,-0.8
1321,14737002,2850491,COC1=C(C=C(C=C1)C=NCC2COC3=CC=CC=C3O2)OC.Cl,Inactive,0,,,-0.8
1322,858080,659435,CN1C2=C(C(=O)NC1=O)N(C(=N2)NCC3=CC=CO3)CCCC4=CC=CC=C4,Inactive,0,,,-0.8
1323,856266,5848270,C1CCC23C(C1)CC4=C(N2C5=C/C(=C(\C#N)/C(=O)N)/C=CC5=N3)CCCC4,Inactive,0,,,-0.8
1324,856015,207841,C1CCC(CC1)C(CCN2CCCC2)(C3=CC=CC=C3)O.Cl,Inactive,0,,,-0.8
1325,24781034,135426232,CC1=CC=C(C=C1)C2CC(=C(C(=O)C2)C=NCCN3CCN(CC3)C(=S)NC4=CC=CC=C4)O,Inactive,0,,,-0.8
1326,855927,41022,CC(=O)O.C1CCNC(C1)CNC(=O)C2=C(C=CC(=C2)OCC(F)(F)F)OCC(F)(F)F,Inactive,0,,,-0.8
1327,11532996,66063,CN1CCC(CC1)OC(C2=CC=CC=C2)C3=CC=CC=C3.Cl,Inactive,0,,,-0.8
1328,17415651,892945,CSC1=CC=CC(=C1)NC(=O)/C=C/C2=CC=CC=C2,Inactive,0,,,-0.9
1329,7977524,2235946,C1CCC2=C(C1)C3=C(C=C(C=C3)OC(=O)C4=CC=CO4)OC2=O,Inactive,0,,,-0.9
1330,26663050,107952,CC(C)NCC(COC1=CC=C(C=C1)CCOCC2CC2)O.Cl,Inactive,0,,,-0.9
1331,24841267,666119,C[C@@H](C(=O)O)NC(=O)C1(CCN(CC1)C(=O)[C@H]2CSCN2C(=O)OC(C)(C)C)C3=CC=CC=C3,Inactive,0,,,-0.9
1332,14745870,3732815,CC1=CC2=C(C=C1)N(C3C2CN(CC3)C)C(=O)NC4=CC(=CC=C4)Cl,Inactive,0,,,-0.9
1333,7964615,5307128,CN1C2=C(C=C(C=C2)S(=O)(=O)N3CCC4=CC=CC=C4C3)OC1=O,Inactive,0,,,-0.9
1334,11533033,6419965,CC1=C(SC=C1)/C=C/C2=NCCCN2C.C(C(C(=O)O)O)(C(=O)O)O,Inactive,0,,,-0.9
1335,4264551,1130523,CCC1=CC2=C(C(=C1O)CN3CCN(CC3)C)OC=C(C2=O)C4=NC5=CC=CC=C5N4C,Inactive,0,,,-0.9
1336,26658721,73852,C1=CC(=CC=C1C(=O)C2=C(C=C(C=C2)O)O)O,Inactive,0,,,-0.9
1337,24796181,2989351,CC1=NC2=CC=CC=C2N1CC(=O)NC3CCCC3,Inactive,0,,,-0.9
1338,24790345,5347398,C1CCN(C1)C2=C(C=C(C=C2)/C=N/N3C=NN=C3)[N+](=O)[O-],Inactive,0,,,-0.9
1339,11532946,80311,CN(C)CCN(CC1=CC=C(C=C1)Cl)C2=CC=CC=N2.Cl,Inactive,0,,,-0.9
1340,855562,3151,C1CN(CCC1N2C3=C(C=C(C=C3)Cl)NC2=O)CCCN4C5=CC=CC=C5NC4=O,Inactive,0,,,-0.9
1341,26664396,31316,CC1=CC(=C(C=C1C2(C3=CC=CC=C3C(=O)O2)C4=CC(=C(C=C4C)O)C(C)C)C(C)C)O,Inactive,0,,,-0.9
1342,22410079,2441921,C1=CC=C(C=C1)CNC(=S)NCC2=CC(=CC=C2)CNC(=S)NCC3=CC=CC=C3,Inactive,0,,,-0.9
1343,11532988,9046,C[C@]12CC[C@H]3[C@H]([C@@H]1CC[C@]2(C#C)O)CCC4=C3C=CC(=C4)OC5CCCC5,Inactive,0,,,-0.9
1344,24795423,2967293,CC1=CC2=C3C(=C1)C4(C5=C(CCN4)C6=CC=CC=C6N5)C(=O)N3C(C=C2C)(C)C,Inactive,0,,,-0.9
1345,24782286,137780,CN1C2=NC3=CC=CC=C3N=C2C(=O)N(C1=O)C,Inactive,0,,,-0.9
1346,7977831,2192557,C1CC2=C(/C(=C/C=C(Cl)Cl)/C1)OC(=O)C=C2,Inactive,0,,,-0.9
1347,17387027,1819458,COC1=CC=CC\2=C1C(=O)O/C2=C/C3=CC4=C(C=C3)OCO4,Inactive,0,,,-0.9
1348,855832,65327,CNCCCN1C2=CC=CC=C2CCC3=CC=CC=C31.Cl,Inactive,0,,,-0.9
1349,24814580,4110386,CC1=C(C(=CC=C1)C(CC(=O)NCCC2=CC(=C(C=C2)OC)OC)C3=CC=CC=C3)O,Inactive,0,,,-0.9
1350,24788424,906542,CN1C2=NC(=O)N(C(=O)C2=NC(=N1)C3=CC=CC=N3)C,Inactive,0,,,-0.9
1351,856000,62969,CC(C)C(CCCN(C)CCC1=CC(=C(C=C1)OC)OC)(C#N)C2=CC(=C(C=C2)OC)OC.Cl,Inactive,0,,,-0.9
1352,24791192,2941950,CC1(C2(CCC1(CC2=O)C(=O)NC3=CC=CC=C3OC)C)C,Inactive,0,,,-1
1353,11532995,5702697,CCN\1C2=CC=CC=C2S/C1=C\C=C\C=C\C3=[N+](C4=CC=CC=C4S3)CC.[I-],Inactive,0,,,-1
1354,24795414,1002526,C1OC2=C(O1)C=C(C=C2)C3=NC4=C(C=C(C=C4)Br)C(=C3)C(=O)O,Inactive,0,,,-1
1355,24787325,831631,CC1=CC=C(C=C1)C2=NN=C(O2)C3=CC4=C(C=C3)OCO4,Inactive,0,,,-1
1356,14725164,2888021,COC1=CC(=CC=C1)OCC2=C(C=CC(=C2)C3NC4=CC=CC=C4C(=O)N3CC5=CC=CO5)OC,Inactive,0,,,-1
1357,858019,6603546,CC1=CC2=C(C=C1)N(C(=O)C2CCN)CC3=CC=CC=C3.Cl,Inactive,0,,,-1
1358,855816,66368,CC(C)NCC(COC1=CC=CC=C1CC=C)O.Cl,Inactive,0,,,-1
1359,22403282,9586263,CC1=CC=C(O1)/C=N/NC2=NC(=CS2)C(C)(C)C.Cl,Inactive,0,,,-1
1360,14742195,3420303,C1CC(OC1)CNC2=NC=C3C(=N2)CC(CC3=O)C4=CC=C(C=C4)F,Inactive,0,,,-1
1361,855954,3883,CC1=C(C=CN=C1CS(=O)C2=NC3=CC=CC=C3N2)OCC(F)(F)F,Inactive,0,,,-1
1362,855909,92913,CC(CC1=CC=CC=C1)N(C)CC#C.Cl,Inactive,0,,,-1
1363,24790431,797672,C1CCCC(CC1)NC(=O)CNC(=O)OCC2=CC=CC=C2,Inactive,0,,,-1
1364,11532926,247304,C[C@]12CC[C@H]3[C@H]([C@@H]1CC[C@@H]2O)CCC4=CC(=C(C=C34)O)O,Inactive,0,,,-1
1365,855564,5853,COP(=O)(C(C(Cl)(Cl)Cl)O)OC,Inactive,0,,,-1
1366,851689,654282,C1CCC2(CC1)C3N(CCN2)C(=O)CS3,Inactive,0,,,-1
1367,24784734,2887448,C1COCCN1C2=C(N=C(O2)C3=CC=C(C=C3)Cl)P(=O)(C4=CC=CC=C4)C5=CC=CC=C5,Inactive,0,,,-1
1368,8139891,6256,C1[C@@H]([C@H](O[C@H]1N2C=C(C(=O)NC2=O)C(F)(F)F)CO)O,Inactive,0,,,-1
1369,855835,3331,C1=CC=C(C=C1)C(COC(=O)N)COC(=O)N,Inactive,0,,,-1
1370,855734,13266,C1=CC=C(C=C1)CCN=C(N)N=C(N)N.Cl,Inactive,0,,,-1
1371,855542,71412,CC(CCC1=CC=CC=C1)NCC(C2=CC(=C(C=C2)O)C(=O)N)O.Cl,Inactive,0,,,-1
1372,26664227,200481,C1CCN(C1)CC#CC(C2=CC=CC=C2)(C3=CN=CC=C3)O,Inactive,0,,,-1
1373,14734011,2740698,CC(C)(C)C(=O)N1CCCC1C(=O)O,Inactive,0,,,-1
1374,844104,646413,COC1=CC2=C(C=C1)OC(=O)C(=C2)C(=O)N3CCN(CC3)C4=CC=CC=C4,Inactive,0,,,-1
1375,8139927,2733,C1=CC2=C(C=C1Cl)NC(=O)O2,Inactive,0,,,-1
1376,24808649,435568,CCNC(=O)C12CCC(C1(C)C)(C(=O)O2)C,Inactive,0,,,-1
1377,24807073,3104556,CC(=O)NCCCC(=O)NC(CCC(=O)OCC1=CC=CC=C1)C(=O)OCC2=CC=CC=C2,Inactive,0,,,-1
1378,26670938,1602394,C1=CC=C2C(=C1)C3=C(S2)C=CC4=C3C(=O)C(=O)N4,Inactive,0,,,-1.1
1379,17403297,5285453,CC1=CC(=CC=C1)C2=N/C(=C\C3=CN=CC=C3)/C(=O)O2,Inactive,0,,,-1.1
1380,11533063,64150,C1C2CC3CC1CC(C2)(C3)N.Cl,Inactive,0,,,-1.1
1381,26661299,1418293,CC1=CC(=O)C2=C(N1CC(=O)NC3=CC=CC=C3OC)C(=CC=C2)OC,Inactive,0,,,-1.1
1382,855556,73957,CCCCOC1=CC=C(C=C1)OCCCN2CCOCC2.Cl,Inactive,0,,,-1.1
1383,853622,656280,CCOC(=O)C1=C(C2=CC=CC=C2N=C1)NCCO,Inactive,0,,,-1.1
1384,17432424,796948,CCOC(=O)C1=CC(=CC=C1)P(=O)(C)C,Inactive,0,,,-1.1
1385,7967645,5308950,CC1=C(C(=O)C2=C(O1)C=C(C=C2)O)OC3=CC=CC=C3Br,Inactive,0,,,-1.1
1386,855522,8593,C1=CC=C(C=C1)C2=NC3=CC=CC=C3C(=C2)C(=O)O,Inactive,0,,,-1.1
1387,852008,6603550,CC12CCCCN1CCCC3=C2NC4=CC=CC=C34.Cl,Inactive,0,,,-1.1
1388,24802308,2888291,CC1=CC2=C(C=C1)N(C(=O)C2(C3COC(CC3=O)(C)C)O)C,Inactive,0,,,-1.1
1389,866068,34312,C1C2=CC=CC=C2N(C3=CC=CC=C3C1=O)C(=O)N,Inactive,0,,,-1.1
1390,24785968,135426281,CC1=C/C(=N\N=C/2\NC(=O)C(S2)CC(=O)NC3=CC=CC=C3F)/CC(C1)(C)C,Inactive,0,,,-1.1
1391,4255289,5348533,CCC1=CC2=C(C=C1O)OC(=O)C3=C2CCCC3,Inactive,0,,,-1.1
1392,855548,657201,CCCC(CCC)C(=O)OC1C[C@H]2CC[C@@H](C1)[N+]2(C)C.[Br-],Inactive,0,,,-1.1
1393,7975503,5310782,CC(=CC/C=C/1\CCC(C(C1)C(=O)O)C(=O)O)C,Inactive,0,,,-1.1
1394,4255032,854516,CCOC1=CC2=C(C=C1)OC(=C2C(=O)O)C3=CC=CC=C3,Inactive,0,,,-1.1
1395,24809667,16192979,CC[N+]1(CC2CC3=CC=CC=C3C=C2C1)CC.[Br-],Inactive,0,,,-1.1
1396,24795708,888377,CC(C)(C)N(CC1=CC=CC=C1)C(=O)C2=CC=C(O2)Br,Inactive,0,,,-1.1
1397,8139893,27833,CCOC1C=CC2=CC=CC=C2N1C(=O)OCC,Inactive,0,,,-1.1
1398,17406704,1796527,CC\1(C2=CC=CC=C2N(/C1=C\C=NC3=CC=CC=C3)C)C,Inactive,0,,,-1.1
1399,8139962,14296,CC1=C(N=C(C(=N1)C)C)C,Inactive,0,,,-1.1
1400,855894,3488,COC1=C(C=C(C=C1)Cl)C(=O)NCCC2=CC=C(C=C2)S(=O)(=O)NC(=O)NC3CCCCC3,Inactive,0,,,-1.1
1401,855673,66069,CN(C)CCCN1C2=CC=CC=C2SC3=C1C=C(C=C3)C(F)(F)F.Cl,Inactive,0,,,-1.1
1402,862016,663246,COC1=CC=C(C=C1)CNC(=O)C2=CC3=C(N=C4C=CC=CN4C3=O)N(C2=N)CC5=CN=CC=C5,Inactive,0,,,-1.2
1403,855878,657349,CC[C@H]1[C@H](COC1=O)CC2=CN=CN2C.[N+](=O)(O)[O-],Inactive,0,,,-1.2
1404,24796245,2987751,CC1=CC=C(O1)C2CC(=NN2C(=O)C)C3=CC=CS3,Inactive,0,,,-1.2
1405,24795929,2937007,CCOC(=O)N1CCC2=C(C1)C3=C(N2)C=CC(=C3)C,Inactive,0,,,-1.2
1406,24787856,881364,CCC1=C(OC2=C1C3=C(C=C2)C(=CC(=O)O3)C)C(=O)C,Inactive,0,,,-1.2
1407,22417035,5734070,CC1=CC2=C(C=C1)NC(=O)C2(CC(=O)/C=C/C=C/C3=CC=CC=C3)O,Inactive,0,,,-1.2
1408,17408349,3146282,CC1(OC2C(O1)C(OC3C2OC(O3)(C)C)C(=O)NC4=CC=C(C=C4)OC)C,Inactive,0,,,-1.2
1409,863691,5389907,CC1=C(C(=O)C2=C(O1)C(=C(C=C2)O)CN3CCCC3)C4=CC=C(C=C4)Cl,Inactive,0,,,-1.2
1410,26659283,16681815,CCN(CC)C1=CC=C(C=C1)[C@H]2[C@@H]3CCCC[C@@]3(CCN2CC(=O)NCC4=CC=CO4)O,Inactive,0,,,-1.2
1411,17511992,1414396,CC1=C(C=C(C=C1)C(=O)COC(=O)C2=CC(=CC=C2)N3C(=O)C4=C(C3=O)C5=CC=CC=C5N=C4C)C,Inactive,0,,,-1.2
1412,24796149,5292997,COCCN1C2=CC=CC=C2N=C1/C=C/C3=CC=CC=C3,Inactive,0,,,-1.2
1413,24785438,16188828,CC(C)N(CC1=NC=CN1C)C(=O)CC2C(=O)NCCN2CC3=CC=CC=C3C(F)(F)F,Inactive,0,,,-1.2
1414,855694,667476,C/C=C(/C(=C/C)/C1=CC=C(C=C1)O)\C2=CC=C(C=C2)O,Inactive,0,,,-1.2
1415,24785436,16188826,COC1=CC(=C(C=C1)C2=C(C=NN2)CN(CCO)CC3=CC=CS3)F,Inactive,0,,,-1.2
1416,855877,39042,CC(C)(C(=O)O)OC1=CC=C(C=C1)CCNC(=O)C2=CC=C(C=C2)Cl,Inactive,0,,,-1.2
1417,860718,661995,CC1=CC2=C(C(C(=C(O2)N)C#N)C3=CC=NC=C3)C(=O)N1CCC4=CC(=C(C=C4)OC)OC,Inactive,0,,,-1.2
1418,8139964,10667,C1=CC=C2C(=C1)C=CC(=O)C2=O,Inactive,0,,,-1.2
1419,850780,653319,CCC1=NC2=CC=CC=C2N1CC3=CC(=C(C=C3)OC)OC,Inactive,0,,,-1.2
1420,26662382,3072340,COC1(C(=C(C(=O)C1(CC=C)Cl)Cl)N2CCOCC2)OC,Inactive,0,,,-1.2
1421,24795513,6466954,COC(=O)C1=C(C=CS1)NC(=O)NC2=CC=CC=C2F,Inactive,0,,,-1.2
1422,14720621,743768,CC1=C(C=C(C=C1)C(=O)O)NC(=O)C2=CC=CS2,Inactive,0,,,-1.2
1423,24782748,160818,C1=CC=C2C=C(C=CC2=C1)N(CCO)CCO,Inactive,0,,,-1.3
1424,855519,68589,C1=CC(=CC=C1COC(CN2C=CN=C2)C3=C(C=C(C=C3)Cl)Cl)Cl.[N+](=O)(O)[O-],Inactive,0,,,-1.3
1425,24811439,5293019,CC1=C(/C(=C/C2=CC=CS2)/C(=O)N1CCCOC)C(=O)OC,Inactive,0,,,-1.3
1426,24795701,2936352,CCN1C(=O)C(N(C1=S)CC2=CC3=C(C=C2)OCO3)CC(=O)NC4=CC=C(C=C4)F,Inactive,0,,,-1.3
1427,17401786,3287222,C1CN(CCN1CC2=CC(=O)OC3=CC(=C(C=C23)O)C4=CC=CC=C4)C5=CC(=CC=C5)Cl,Inactive,0,,,-1.3
1428,4247202,3241435,CC1=CC(=O)OC(=C1C(=O)NCCC(C)C)C,Inactive,0,,,-1.3
1429,14742392,1400510,CC1=C(C(=NN1)C2=C(C=C(C=C2)OCC(=C)C)O)C3=CC=C(C=C3)OC,Inactive,0,,,-1.3
1430,4261283,755496,C1=CC=C(C=C1)C(=O)C2=COC3=C2C=C(C=C3)OCC(=O)O,Inactive,0,,,-1.3
1431,855630,91430,CC1=CC=C(C=C1)N(CC2=NCCN2)C3=CC(=CC=C3)O.CS(=O)(=O)O,Inactive,0,,,-1.3
1432,17432511,2946964,CC1(C2CCC(C2)(C1=C)C(=O)NC3=CC=C(C=C3)SC(F)F)C,Inactive,0,,,-1.3
1433,11532986,104762,C1=NC(=C(N1[C@H]2[C@@H]([C@@H]([C@H](O2)CO)O)O)O)C(=O)N,Inactive,0,,,-1.3
1434,7975436,1776305,CN1C(=C(C(=O)N(C1=O)C)C=NCCC2=CNC3=CC=CC=C32)O,Inactive,0,,,-1.3
1435,855838,5824,CN(C)C(=O)OC1=CC=CC(=C1)[N+](C)(C)C.COS(=O)(=O)[O-],Inactive,0,,,-1.3
1436,24840913,666241,CC(C)[C@@H](C(=O)NCC1CCC(CC1)C(=O)O)NC(=O)[C@@H]2CSCN2C(=O)OC(C)(C)C,Inactive,0,,,-1.3
1437,24785182,16188712,CC1=CC=C(C=C1)CN2CCN(CC2CCO)CC3=C(NN=C3)C4CCCCC4,Inactive,0,,,-1.3
1438,22403134,2879633,CC1=CC=C(C=C1)P(=O)(CSC(=N)N)C2=CC=C(C=C2)C.Cl,Inactive,0,,,-1.3
1439,848392,590998,CCOC1=CC=C(C=C1)C(=O)N2CCCC2C(=O)O,Inactive,0,,,-1.3
1440,26663020,45479748,COCCCC/C(=N\OCCN)/C1=CC=C(C=C1)C(F)(F)F.C(=C\C(=O)[O-])\C(=O)[O-],Inactive,0,,,-1.3
1441,24787327,2268638,C=CCNC(=O)C1=CC=C(O1)C2=CC(=CC=C2)[N+](=O)[O-],Inactive,0,,,-1.3
1442,17413046,5339344,CC1=C2CCCCC2=C(C(=O)N1)C(=O)/C=C/C3=CC=CC=C3OC,Inactive,0,,,-1.3
1443,863167,664404,CC1(C2(CCC1(C3=NC4=CC=CC=C4N=C32)C(=O)N(C)C)C)C,Inactive,0,,,-1.3
1444,855988,23659,CCN(CC)CCNC(=O)C1=CC(=C(C=C1OC)N)Cl.Cl,Inactive,0,,,-1.3
1445,855921,3168,C1CN(CC=C1N2C3=CC=CC=C3NC2=O)CCCC(=O)C4=CC=C(C=C4)F,Inactive,0,,,-1.3
1446,855757,3969,CCCC1=C(C=CC(=C1O)C(=O)C)OCCCCC2=NNN=N2,Inactive,0,,,-1.3
1447,855651,13770,CN1CCC(=C2C3=CC=CC=C3C=CC4=CC=CC=C42)CC1.Cl,Inactive,0,,,-1.3
1448,26667011,3641078,CCN1C2=C(N=C1N3CCN(CC3)CC(=O)C4=C(N(C5=C4C=C(C=C5)OC)C)C)N(C(=O)NC2=O)C,Inactive,0,,,-1.4
1449,11533030,71420,CN(C)C(=O)C(CCN1CCC(CC1)(C2=CC=C(C=C2)Cl)O)(C3=CC=CC=C3)C4=CC=CC=C4.Cl,Inactive,0,,,-1.4
1450,4261935,2979757,CC1(C2(CCC1(OC2=O)C(=O)NCC3=CC=CC=N3)C)C,Inactive,0,,,-1.4
1451,855973,657378,C1CCC(C1)NC2=C3C(=NC=N2)N(C=N3)[C@H]4[C@@H]([C@@H]([C@H](O4)CO)O)O,Inactive,0,,,-1.4
1452,843617,86515,COC1=CC(=CC=C1)OCC(CO)O,Inactive,0,,,-1.4
1453,24786678,9586376,C1=CC=C2C=C(C=CC2=C1)S(=O)(=O)O/N=C(/C3=CN=CC=C3)\N,Inactive,0,,,-1.4
1454,14741206,3724279,CC1=CC=C(C=C1)N2C(C(=C(C2=O)O)C(=O)C)C3=CC(=C(C=C3)O)OC,Inactive,0,,,-1.4
1455,855992,6674,C[C@H](CCC(=O)O)[C@H]1CC[C@@H]2[C@@]1(C(=O)C[C@H]3[C@H]2C(=O)C[C@H]4[C@@]3(CCC(=O)C4)C)C,Inactive,0,,,-1.4
1456,855685,66061,CN1CCCN=C1COC(=O)C(C2CCCCC2)(C3=CC=CC=C3)O.Cl,Inactive,0,,,-1.4
1457,7974151,2840612,C1CC(C2=C(C1)C3=C(N2)C=CC(=C3)Cl)NC=O,Inactive,0,,,-1.4
1458,849513,652005,C1CC(=O)N(C1)C(=O)CCC(=O)N2CCCC2=O,Inactive,0,,,-1.4
1459,11533040,1318,C1=CC2=C(C3=C(C=CC=N3)C=C2)N=C1,Inactive,0,,,-1.4
1460,8139915,6252,C1=CN(C(=O)N=C1N)[C@H]2[C@H]([C@@H]([C@H](O2)CO)O)O.Cl,Inactive,0,,,-1.4
1461,7976262,1332572,CC1=CC2=C(C(=C(C(=O)O2)C)C)C(=C1)OCC(=O)C(C)(C)C,Inactive,0,,,-1.4
1462,856020,443936,CCCC(=O)O[C@@]1(CC[C@@H]2[C@@]1(C[C@@H]([C@]3([C@H]2C[C@@H](C4=CC(=O)C=C[C@@]43C)F)F)O)C)C(=O)COC(=O)C,Inactive,0,,,-1.4
1463,22404009,877783,CC1=CC=C(C=C1)N2C(=CC(=C2C)/C=C\3/C(=O)NC(=O)N(C3=O)C)C,Inactive,0,,,-1.4
1464,11532958,3373,CCOC(=O)C1=C2CN(C(=O)C3=C(N2C=N1)C=CC(=C3)F)C,Inactive,0,,,-1.4
1465,14719106,1212564,COC(=O)C1=CC=C(C=C1)C2=NC=C(O2)C3=CC=CC4=CC=CC=C43,Inactive,0,,,-1.4
1466,855655,4977,CC(CN1C=NC2=C1C(=O)N(C(=O)N2C)C)O,Inactive,0,,,-1.4
1467,22414757,20846974,CC(=O)NC(CC1=CNC2=CC=CC=C21)C(=O)N/N=C/C3=CC=CC=C3,Inactive,0,,,-1.4
1468,17508609,538461,CC(=O)NC1C(C(C(OC1OCC2=CC=CC=C2)COC(=O)C)OC(=O)C)OC(=O)C,Inactive,0,,,-1.4
1469,14725839,859791,CN1C2=C(N=C1SCCN3CCCCC3)N(C(=O)N(C2=O)C)C,Inactive,0,,,-1.4
1470,855574,71651,C1=CC=C(C=C1)C(=O)NCCC(=O)O,Inactive,0,,,-1.4
1471,24795668,2989226,C1=CC=C(C=C1)C(=O)NC(=O)NCC2=CC=CC=C2Cl,Inactive,0,,,-1.4
1472,855895,41860,CC(C)NCC(COC1=CC=C(C=C1)CCOC)O.[C@@H]([C@H](C(=O)O)O)(C(=O)O)O,Inactive,0,,,-1.4
1473,26662211,846516,C1COCCC1(CNC(=O)/C=C/C2=CC=CC=C2)C3=CC=CC=C3,Inactive,0,,,-1.5
1474,855886,23666879,CCN1CCN(C(=O)C1=O)C(=O)N[C@H](C2=CC=CC=C2)C(=O)N[C@H]3[C@@H]4N(C3=O)[C@H](C(S4)(C)C)C(=O)[O-].[Na+],Inactive,0,,,-1.5
1475,22416944,808227,COC1=CC(=CC(=C1OC)OC)/C=C/C(=O)N2CCCC2,Inactive,0,,,-1.5
1476,856111,657485,CC(C)(C)OC(=O)NCCC(=O)OC1=CC2=C(C=C1)C=CC(=O)O2,Inactive,0,,,-1.5
1477,855974,7550,C[N+]1=CC=CC(=C1)OC(=O)N(C)C.[Br-],Inactive,0,,,-1.5
1478,4247706,6603415,CC1=CC=CC=C1N2C(=NC(=NC2(C)C)N)N.Cl,Inactive,0,,,-1.5
1479,24796183,2989803,CC1CC2=NC(=NC=C2C(=O)C1)NC(=O)C3=CC=C(C=C3)OC,Inactive,0,,,-1.5
1480,24787294,76659,COC1=CC2=C(C=C1)C=CN2,Inactive,0,,,-1.5
1481,17411769,2870398,CC(=O)NC1C(C(C(OC1OCCOC2=C(C=C(C=C2)Cl)Cl)COC(=O)C)OC(=O)C)OC(=O)C,Inactive,0,,,-1.5
1482,14724802,2865279,CC1=CC2(C(=CC1=O)N(CCO2)CCO)O,Inactive,0,,,-1.5
1483,7970214,5310161,COC1=C(C=CC(=C1)C2C3=C(C(=O)N2CC=C)OC4=CC=CC=C4C3=O)O,Inactive,0,,,-1.5
1484,7968859,3122167,CC(=O)C1=C(C(=O)N(C1C2=CC=CC=C2Cl)CC(=O)O)O,Inactive,0,,,-1.5
1485,14719094,9549136,CN=C1C2=CC3=C(N2CCN1C)C=CC(=C3)OC.Cl,Inactive,0,,,-1.5
1486,855588,9878,C[C@H]1C[C@H]2[C@@H]3CC[C@@]([C@]3(C[C@@H]([C@@]2([C@@]4(C1=CC(=O)C=C4)C)F)O)C)(C(=O)C)O,Inactive,0,,,-1.5
1487,14723952,684308,CC1=CC2=C(C=C1)N(C3=C2CCCC3=O)C,Inactive,0,,,-1.5
1488,11532939,19910,C1=CC2=C(C=CC(=C2N=C1)O)[N+](=O)[O-],Inactive,0,,,-1.5
1489,11532870,7108,C1=CC=C2C(=C1)NC3=CC=CC=C3S2,Inactive,0,,,-1.5
1490,24786669,2887737,C1CCN(C1)C(=O)C23CC4CC(C2)CC(C4)(C3)C(=O)N5CCCC5,Inactive,0,,,-1.6
1491,22403288,877977,CCC(=O)C1=CC=C(C=C1)OCC2=CC=C(C=C2)C(=O)OC,Inactive,0,,,-1.6
1492,7976872,535305,CC12CN3CC(C1=O)(CN(C2)C3C4=CN=CC=C4)C,Inactive,0,,,-1.6
1493,857899,4740,CC(=O)CCCCN1C(=O)C2=C(N=CN2C)N(C1=O)C,Inactive,0,,,-1.6
1494,17403336,692203,C1=CC=C(C=C1)OC(=O)OC2=CC3=C(C=C2)C4=CC=CC=C4C(=O)O3,Inactive,0,,,-1.6
1495,26663877,702816,CCOC(=O)COC1=CC2=C(C=C1)C(=O)C(=CO2)C3=CC=CC=C3,Inactive,0,,,-1.6
1496,24780824,326784,CC1(C2=C(CC(N1)C(=O)O)C3=CC=CC=C3N2)C,Inactive,0,,,-1.6
1497,864630,665872,CCC12CN3CC(C1=O)(CN(C2)C34C5=C(C=CC(=C5)C)N(C4=O)C)CC,Inactive,0,,,-1.6
1498,24815327,1392130,CC(C)CCN1C2=C(N=C1N3CCC4=CC=CC=C4C3)N(C(=O)NC2=O)C,Inactive,0,,,-1.6
1499,14725412,3108051,CC(=CCCC1=CCC2C(C1)C(=O)NNC2=O)C,Inactive,0,,,-1.6
1500,845970,648338,CC1=C(C2=C(O1)C=CC(=C2)OC)C(=O)N,Inactive,0,,,-1.6
1501,24840971,34632,CCOC(=O)NC1=CC2=C(C=C1)SC3=CC=CC=C3N2C(=O)CCN4CCOCC4.Cl,Inactive,0,,,-1.6
1502,4262166,455107,C1CN2C(=O)C3=CC=CC=C3C2(N1)C4=CC=CC=C4,Inactive,0,,,-1.6
1503,855994,4507,CCOC(=O)C1=C(NC(=C(C1C2=CC(=CC=C2)[N+](=O)[O-])C(=O)OC)C)C,Inactive,0,,,-1.6
1504,858978,660281,CC(C)CC1=NC(=C(C2=C1COC(C2)(C)C)C#N)NCCN3CCOCC3,Inactive,0,,,-1.6
1505,855942,2480,CCCCN(CCCC)CCCOC(=O)C1=CC=C(C=C1)N,Inactive,0,,,-1.6
1506,24795504,2184577,C1COCCN1CCCNC(=O)CC2=CC=CC=C2[N+](=O)[O-],Inactive,0,,,-1.6
1507,14725081,3137845,CC(C)C1=CC2=C(C=C1)N3CCN(C(C3=O)CCCC2=O)C(=O)C,Inactive,0,,,-1.6
1508,7976733,9568612,CC(=CCC/C(=C/CC/C(=N/O)/C)/C)C,Inactive,0,,,-1.6
1509,855633,2466,CCCCOC1=CC=C(C=C1)CC(=O)NO,Inactive,0,,,-1.6
1510,855943,119265,C1CN(CCC1(C2=CC=C(C=C2)Cl)O)CCCC(C3=CC=C(C=C3)F)O,Inactive,0,,,-1.7
1511,24780550,16187395,CSCCC(C(=O)O)NC(=O)/C(=C/C1=CC2=C(C=C1)OCO2)/NC(=O)C3=CC(=CC=C3)[N+](=O)[O-],Inactive,0,,,-1.7
1512,11532997,223997,C[C@]12CCC(=O)C=C1CC[C@@H]3[C@@H]2C(=O)C[C@]4([C@H]3CCC4=O)C,Inactive,0,,,-1.7
1513,863459,664711,COC1=CC2=C(C=C1)NC(=O)C(=C2)CNC3CCCCC3,Inactive,0,,,-1.7
1514,17512391,12005622,CC1(C2CCC1(C(C2)OCC[N+](C)(C)CC(=O)OC3CCCCC3)C)C.[Cl-],Inactive,0,,,-1.7
1515,4250907,3162366,CC1(CC2=C(C(CC(=O)N2)C3=CC(=C(C=C3)O)OC)C(=O)C1)C,Inactive,0,,,-1.7
1516,855830,10631,C[C@H]1C[C@@H]2[C@H](CC[C@]3([C@H]2CC[C@@]3(C(=O)C)O)C)[C@@]4(C1=CC(=O)CC4)C,Inactive,0,,,-1.7
1517,24795672,2987955,CC(=O)C1=CC2=C(C=C1NC(=O)C3=CC=CO3)OCCO2,Inactive,0,,,-1.7
1518,855901,637760,C1=CC=C(C=C1)/C=C/C(=O)C2=CC=CC=C2,Inactive,0,,,-1.7
1519,855699,62920,CC(=O)O[C@@H]1[C@@H](SC2=CC=CC=C2N(C1=O)CCN(C)C)C3=CC=C(C=C3)OC.Cl,Inactive,0,,,-1.7
1520,17513649,16410920,CC1CC(=CC([C@@H]1/C=N/N2C(=O)C3=C(C4=C(N3)C=CC(=C4)OC)NC2=O)C)C,Inactive,0,,,-1.7
1521,855604,91505,CCN(CC)CC#CCOC(=O)C(C1CCCCC1)(C2=CC=CC=C2)O.Cl,Inactive,0,,,-1.7
1522,24795859,704671,CCOC1=CC=C(C=C1)N2C(=O)CNC2=S,Inactive,0,,,-1.7
1523,24790128,16189485,CC1=CCC(CC1)C2C3=C(CCN2)C4=C(N3)C=CC(=C4)OC.Cl,Inactive,0,,,-1.7
1524,14742016,3849479,CC(C)NC(=O)N(C1C(N(C(=O)N1C(C)C)CC2=C(C(=CC=C2)OC)OC)(C)C)O,Inactive,0,,,-1.7
1525,24817139,2873776,CC1=CC2=C(N=C(N=C2C=C1)NC3=NC(C(=O)N3)CC(=O)O)C,Inactive,0,,,-1.7
1526,24786734,1371654,C1=CC(=CC(=C1)Br)/C=C/2\C(=O)N(C(=S)S2)CCCC(=O)NC3=CN=CC=C3,Inactive,0,,,-1.7
1527,4249964,3243839,CC1=CC2=C(C=C1)NC=C(C2=O)C(=O)C,Inactive,0,,,-1.7
1528,855622,11368,CC(COC1=CC=CC=C1)NC(C)C(C2=CC=C(C=C2)O)O.Cl,Inactive,0,,,-1.7
1529,24784375,16188414,CC1=CC(=C(S1)C)C2=NN(C=C2CN3CCC(CC3)O)C4=CC=CC=C4F,Inactive,0,,,-1.7
1530,7976384,2853180,CC1(CC2=CC=CC=C2C3=C(C(C(=O)N31)(CC=C)O)C(=O)N4CCOCC4)C,Inactive,0,,,-1.7
1531,7974290,12901,COP(=S)(OC)SCN1C(=O)C2=CC=CC=C2C1=O,Inactive,0,,,-1.7
1532,4262634,1522903,CC1=C(C(=O)C2=C(O1)C=C(C=C2)OC(=O)N(C)C)OC3=CC=CC(=C3)OC,Inactive,0,,,-1.7
1533,861019,5389488,CCN(CC)CCN1C(/C(=C(/C2=C(NC(=C2C)C(=O)OC)C)\O)/C(=O)C1=O)C3=CN=CC=C3,Inactive,0,,,-1.7
1534,24802319,1747852,C1=C(C=NC=C1O)C(=O)NCCCCCCC(=O)O,Inactive,0,,,-1.8
1535,24796079,2985617,CC(C)OC(=O)CC1C(=O)NCCN1C(=S)NC(=O)C2=CC=CC=C2Cl,Inactive,0,,,-1.8
1536,4257424,2943349,CC1=CC2=C(C=C1)N3C(C4C2OCC4)C56C=CC(O5)C(C6C3=O)C(=O)O,Inactive,0,,,-1.8
1537,855743,88012,C1=CC2=C(C=C1N)C=NN2,Inactive,0,,,-1.8
1538,24793556,1028501,CC1=CC=C(C=C1)S(=O)(=O)NC2=CC=C(C=C2)S(=O)(=O)NC3=NC(=NC(=C3)C)C,Inactive,0,,,-1.8
1539,14734888,579409,CCOC(=O)C1=CC=CC=C1NC(=O)C2=CC=C(C=C2)F,Inactive,0,,,-1.8
1540,26667064,3776837,CCOC1=C(C=C2C(N(C(=O)CC2=C1)C3=CC=C(C=C3)C(=O)O)C4=CC=CC=C4)OCC,Inactive,0,,,-1.8
1541,26664784,281701,CC(C)C(=O)NC1=CN=CC=C1,Inactive,0,,,-1.8
1542,22400876,15944729,C[C@]12CC3C4(O3)C(C1CC[C@@]2(C(=O)CO)O)CCC5=CC(=O)C=C[C@]45C,Inactive,0,,,-1.8
1543,7976489,148769,CC1=CC(=O)OC2=CC(=C(C=C12)OC(=O)C)OC(=O)C,Inactive,0,,,-1.8
1544,857846,659196,CC1=CC2=C(C=C1)N3CCC(=O)N[C@]3(C2(C)C)C,Inactive,0,,,-1.8
1545,855856,18283,CC1=CN(C(=O)NC1=O)[C@H]2C=C[C@H](O2)CO,Inactive,0,,,-1.8
1546,859131,660432,COC1=C(C=C2C(=C1)C(=NC(=N2)C3=CC=CC=C3)N4CCCC4)OC,Inactive,0,,,-1.8
1547,856382,657749,CC12CC3(CN(C1)C(N(C2)C3)C4=C(C=C(C=C4)Br)O)C,Inactive,0,,,-1.8
1548,855770,23675322,CC1=NN=C(S1)SCC2=C(N3[C@@H]([C@@H](C3=O)NC(=O)CN4C=NN=N4)SC2)C(=O)[O-].[Na+],Inactive,0,,,-1.8
1549,855746,2247,COC1=CC=C(C=C1)CCN2CCC(CC2)NC3=NC4=CC=CC=C4N3CC5=CC=C(C=C5)F,Inactive,0,,,-1.8
1550,14724183,687164,COC1=CC=C(C=C1)C(=O)NCC2=CN=CC=C2,Inactive,0,,,-1.8
1551,24786668,2887645,C1=CC(=CC=C1NC(=O)CC2C(=O)NC(=O)S2)Cl,Inactive,0,,,-1.9
1552,855550,248856,CC(=O)OCC(=O)[C@H]1CC[C@@H]2[C@@]1(CC[C@H]3[C@H]2CC=C4[C@@]3(CC[C@@H](C4)O)C)C,Inactive,0,,,-1.9
1553,24795721,1739236,CC(=O)NC1=CC=C(C=C1)S(=O)(=O)OC2=CC=CC=C2OC,Inactive,0,,,-1.9
1554,24787921,2195449,COC1=CC=CC2=C1OC(=O)C(=C2)C3=CC=CC=C3,Inactive,0,,,-1.9
1555,24780059,16187218,CC1=CC=CC=C1C2=NN(C=C2CNCCN(C)C)C3=C(C=C(C=C3)F)F,Inactive,0,,,-1.9
1556,17516233,10816,C1=CC(=CC=C1C(=O)NN)Cl,Inactive,0,,,-1.9
1557,7967851,5141879,CC(C)COC(=O)C1C2C=CC3(C1C(=O)N(C3)C(C)C4=CC=C(C=C4)OC)O2,Inactive,0,,,-1.9
1558,4245225,95997,CC(=O)C1=CC(=CC(=C1)OC)OC,Inactive,0,,,-1.9
1559,14732392,976183,COC1=CC=C(C=C1)C2=NOC(=N2)C3=CC=CC=C3C4=CC=CC=C4,Inactive,0,,,-1.9
1560,856922,658275,C1=CC=C(C=C1)C2=C(C3=C(O2)C=CC(=C3)O)C(=O)N,Inactive,0,,,-1.9
1561,26665097,244386,COC1=C(C(=C2C(=C1)OC(=CC2=O)C3=CC=C(C=C3)O)OC)O,Inactive,0,,,-1.9
1562,17431499,5733831,CN1C2=CC=CC=C2C(C1=O)(CC(=O)/C=C/C=C/C3=CC=CC=C3)O,Inactive,0,,,-1.9
1563,14735036,740868,CC1(CC2=CC=CC=C2C3=C1C(=O)OC(=N3)C4=CC=CC=C4)C,Inactive,0,,,-1.9
1564,24798308,969256,CC1=CC(=CC=C1)N2C(=NNC2=S)CC3=CC=CC=C3,Inactive,0,,,-1.9
1565,24784397,16188430,C1=CC=C(C(=C1)C2=NN(C=C2CNCCC3=CC=CC=N3)C4=CC=C(C=C4)F)Cl,Inactive,0,,,-1.9
1566,26666300,3837201,C1CN2CC3=CC=CC=C3N=C2C1OC(=O)NC4=CC=C(C=C4)OC5=C(C(=C(C(=C5F)F)F)F)F,Inactive,0,,,-1.9
1567,24796371,2238398,CC1=CC=CC=C1NC(=O)NCCC2=CNC3=CC=CC=C32,Inactive,0,,,-1.9
1568,4259704,890072,CCC1=C(C2=C(C(=C(C=C2)OCC(=O)OC(C)C)C)OC1=O)C,Inactive,0,,,-1.9
1569,4250956,2733401,COC1=C(C=C(C=C1)C(=O)O)F,Inactive,0,,,-1.9
1570,24786411,16189148,CN(CCN1CCC2=CC=CC=C2C1)CC3=NC(=NO3)CC4=CC(=C(C=C4)OC)OC,Inactive,0,,,-1.9
1571,8139890,23667300,CO[C@@]1([C@@H]2N(C1=O)C(=C(CS2)COC(=O)N)C(=O)[O-])NC(=O)CC3=CC=CS3.[Na+],Inactive,0,,,-1.9
1572,852126,2964825,C1CCN2CCCC(C2C1)COC(=O)C3=CC4=C(C=C3)OCO4.Cl,Inactive,0,,,-1.9
1573,11533022,5281904,C[C@]12CC[C@H]3[C@H]([C@@H]1C[C@H]([C@@H]2O[C@H]4[C@@H]([C@H]([C@@H]([C@H](O4)C(=O)O)O)O)O)O)CCC5=C3C=CC(=C5)O,Inactive,0,,,-1.9
1574,858003,659350,CC1=CC2=C(C=C1)NC(=C2NC(=O)CN3CCC4=CC(=C(C=C4C3)OC)OC)C(=O)OC,Inactive,0,,,-1.9
1575,24783561,16188174,C1CCC(CC1)N2CCCN(CC2)CC3=NC(=NO3)C4=CC=C(C=C4)C(F)(F)F,Inactive,0,,,-2
1576,3713232,2668356,CS(=O)(=O)C1=CC=CC(=C1)C(=O)OC2=CC=CC=C2,Inactive,0,,,-2
1577,24782807,3322863,CCC1=NC2=CC=CC=C2C(=C1C)NC(=O)CN3CC(CC(C3)C)C,Inactive,0,,,-2
1578,14743087,71478,CNCCCC12CCC(C3=CC=CC=C31)C4=CC=CC=C24.Cl,Inactive,0,,,-2
1579,17386132,849264,CC1=CC=CC=C1C(=O)OC2=CC=C(C=C2)SC3=CC=C(C=C3)O,Inactive,0,,,-2
1580,11533009,66448,CCN(CC)CCOC(=O)C(C1=CC=CC=C1)(C2=CC=CC=C2)O.Cl,Inactive,0,,,-2
1581,865551,666810,CC(C)C1(CCOC(C1)(C)C)CCN(CC2=CC=CO2)C(=O)C,Inactive,0,,,-2
1582,855577,8691,C1=CC=C(C=C1)N=NC2=C(N=C(C=C2)N)N.Cl,Inactive,0,,,-2
1583,24807087,3102717,C1=CC=C(C=C1)C(=O)CCCCCCCC(=O)C2=CC=CC=C2,Inactive,0,,,-2
1584,855937,6603044,COC1=CC=CC=C1N2CCN(CC2)CC(COC3=CC=CC4=CC=CC=C43)O.Cl,Inactive,0,,,-2
1585,24806521,885223,CC1=C(C=CC(=C1)C2=CSC(=N2)C3=CN=CC=C3)OC,Inactive,0,,,-2
1586,17513167,3733715,CC1=NN=C2C1C(C(C(C2)(C)O)C(=O)C)C3=CC=C(C=C3)OC,Inactive,0,,,-2
1587,855597,657220,CC/C(=C(/CC)\C1=CC=C(C=C1)OC(=O)CC)/C2=CC=C(C=C2)OC(=O)CC,Inactive,0,,,-2
1588,16953257,135411809,CC1=NC2=CC3=CC=CC=C3C=C2C(=O)N1,Inactive,0,,,-2
1589,14731782,1312855,CC1=CC2=C(C3=C(CCCC3)C(=O)O2)C(=C1)OCC4=C(OC(=C4)C(=O)O)C,Inactive,0,,,-2
1590,848472,6603466,C1=CC=C(C=C1)COCC2=C3C=CC=NC3=C(C=C2)O.Cl,Inactive,0,,,-2
1591,24796060,2936040,CCC(C)NCCOC1=CC=C(C=C1)C(C)(C)C2=CC=CC=C2.C(=O)(C(=O)O)O,Inactive,0,,,-2
1592,11533048,5702129,CC1=CC=C(C=C1)/C(=C\CN2CCCC2)/C3=CC=CC=N3.Cl,Inactive,0,,,-2
1593,8139931,8768,C1=CC(=C(C=C1C=O)O)O,Inactive,0,,,-2
1594,24795620,2986316,C1=CC2=C(N=C1)N=C(O2)C3=C(C=C(C=C3)N)Cl,Inactive,0,,,-2.1
1595,11533036,41114,CC1=C(C(C(=C(N1)C)C(=O)OCCN(C)CC2=CC=CC=C2)C3=CC(=CC=C3)[N+](=O)[O-])C(=O)OC.Cl,Inactive,0,,,-2.1
1596,856019,1967,CC1=C(C(=O)C(=C(C1=O)C)CCCCC#CCCCC#CCO)C,Inactive,0,,,-2.1
1597,11532917,4055,CC1=CC(=O)C2=CC=CC=C2C1=O,Inactive,0,,,-2.1
1598,863746,664998,CC1=CC(=C(C=C1)NC(=O)N[C@@H](CCSC)C(=O)O)C,Inactive,0,,,-2.1
1599,14722267,1729135,CCOCC(=O)NC1=NC2=CC=CC=C2S1,Inactive,0,,,-2.1
1600,14739338,2946892,CC1(C(=O)C2(CCCCC2)C(OC1=O)C3=CC=CS3)C,Inactive,0,,,-2.1
1601,14730864,6356140,CC(=O)[C@@H]1[C@H]2[C@@H]([C@@H]3N1C=CC4=CC=CC=C34)C(=O)N(C2=O)C5=CC=C(C=C5)OC,Inactive,0,,,-2.1
1602,4252170,3245757,CC(C)(C)OC(=O)N1CCCC1C(=O)NC(CC2=CC=CC=C2)C(=O)O,Inactive,0,,,-2.1
1603,855744,154494,C1CN=C(N1)C2COC3=CC=CC=C3O2.Cl,Inactive,0,,,-2.1
1604,14727947,135423683,CC(=O)C1=CC=CC2=C1NC(=C2O)C3=NC4=CC=CC=C4C3=O,Inactive,0,,,-2.1
1605,11533016,6852400,CC(C)(C)[C@@]1(CCN2C[C@H]3C4=CC=CC=C4CCC5=C3C(=CC=C5)[C@@H]2C1)O.Cl,Inactive,0,,,-2.1
1606,24834203,717814,C1=CC=C(C=C1)COC2=CC=CC(=C2)/C=C/C(=O)O,Inactive,0,,,-2.1
1607,17412736,2874250,CCN(CC)C1=C(C=C(C=C1)C2=NNC(=O)CC2C)[N+](=O)[O-],Inactive,0,,,-2.1
1608,866102,667361,COC1=C(C(=C(C=C1)C2NC(=O)C3=CC=CC=C3O2)OC)OC,Inactive,0,,,-2.1
1609,11532969,66414,C[C@]12CC[C@H]3[C@H]([C@@H]1CC[C@@H]2O)CCC4=CC(=C(C=C34)OC)O,Inactive,0,,,-2.1
1610,14733944,786636,CC1=C(C(=O)C2=C(O1)C=C(C=C2)OC)C3=CN(N=C3)C4=CC=CC=C4,Inactive,0,,,-2.2
1611,14724636,2891848,CCOC1=CC(=CC2=C1C(=CC(=O)O2)C3=CC=CC=C3)C,Inactive,0,,,-2.2
1612,852270,5742127,C/C=C/CN1C2=C(N=C1SC)N(C(=O)NC2=O)C,Inactive,0,,,-2.2
1613,24795713,2185032,CC(C)C(=O)NC1=C(C=C(C=C1)NC(=S)NC(=O)C2=CC=CS2)OC,Inactive,0,,,-2.2
1614,14740452,785994,COC1=C(C=C(C=C1)C(=O)NC2=CC=CC3=C2N=CC=C3)OC,Inactive,0,,,-2.2
1615,855789,6741,C[C@H]1C[C@H]2[C@@H]3CC[C@@]([C@]3(C[C@@H]([C@@H]2[C@@]4(C1=CC(=O)C=C4)C)O)C)(C(=O)CO)O,Inactive,0,,,-2.2
1616,24796950,1427972,CC(=O)NC1=CC(=C(C=C1OC)NC(=O)COC2=CC=CC=C2)OC,Inactive,0,,,-2.2
1617,17407751,1894921,CC1=CC=C(C=C1)N=C2C=C(OC3=CC=CC=C32)C4=CC=C(C=C4)OC,Inactive,0,,,-2.2
1618,845086,135450627,COC1=CC=CC(=C1)N2CC(=C(C2=N)C3=NC4=CC=CC=C4C(=O)N3)O,Inactive,0,,,-2.2
1619,14745507,5839534,CC1=NC(=CS1)C2=COC3=C(C2=O)C=CC(=C3CN(C)C)O,Inactive,0,,,-2.2
1620,26663021,4497,CC1=C(C(C(=C(N1)C)C(=O)OC(C)C)C2=CC(=CC=C2)[N+](=O)[O-])C(=O)OCCOC,Inactive,0,,,-2.2
1621,24826910,16195981,COC1=CC=C(C=C1)C(=O)CCN2CCC3=CC(=C(C=C3C2)OC)OC.Cl,Inactive,0,,,-2.2
1622,11533029,456201,CC(=O)N1CCN(CC1)C2=CC=C(C=C2)OC[C@H]3CO[C@](O3)(CN4C=CN=C4)C5=C(C=C(C=C5)Cl)Cl,Inactive,0,,,-2.2
1623,862712,663944,CC(C)(C)OC(=O)N1CC(CC1C(=O)OCC(=O)C2=CC=C(C=C2)Cl)O,Inactive,0,,,-2.2
1624,11532968,198284,CS(=O)(=O)O.C1CN(CCN1CC2=CC3=C(C=C2)OCO3)C4=NC=CC=N4,Inactive,0,,,-2.3
1625,11533062,6852408,C1[C@@H](C2C(O1)[C@H](CO2)O)O,Inactive,0,,,-2.3
1626,863433,5389874,CC1=C(C(=O)C2=C(O1)C(=C(C=C2)O)CN3CCN(CC3)CCO)OC4=CC=CC=C4OC,Inactive,0,,,-2.3
1627,862793,664026,COC1=C(C=C2C(=C1)CCN3C2=CC(=NC3=O)NC4CCCCCC4)OC,Inactive,0,,,-2.3
1628,855572,4201,C1CCN(CC1)C2=NC(=N)N(C(=C2)N)O,Inactive,0,,,-2.3
1629,24786182,16188985,CC1=C(OC=N1)C(=O)N2CCCC(C2)C(=O)C3=CC(=C(C=C3)C4=CC=CC=C4)F,Inactive,0,,,-2.3
1630,4262144,592389,CC(=O)N1CC2(CC(C1)(CN(C2)C(=O)C)C)C,Inactive,0,,,-2.3
1631,4257771,747037,CN1C2=C(C=NC=C2)N=C1C3=CC(=C(C=C3OC)OC)OC,Inactive,0,,,-2.3
1632,855710,16362,C1CN(CCC1N2C3=CC=CC=C3NC2=O)CCCC(C4=CC=C(C=C4)F)C5=CC=C(C=C5)F,Inactive,0,,,-2.3
1633,24795798,709901,CC12CN3CC(C1=O)(CN(C2)C3C4=CC=CS4)C,Inactive,0,,,-2.3
1634,24795548,2935925,CCC(C)NCCOCCOC1=CC=C(C2=CC=CC=C21)Cl.C(=O)(C(=O)O)O,Inactive,0,,,-2.3
1635,8139968,4409,CC(=O)CCC1=CC2=C(C=C1)C=C(C=C2)OC,Inactive,0,,,-2.3
1636,856358,148737,COC1=CC=C(C=C1)CN2CCC(=O)NC2=O,Inactive,0,,,-2.3
1637,14736483,2908698,CC(=O)OC1C2CCC1C(CC2)[NH+]3CCCC3.[Cl-],Inactive,0,,,-2.3
1638,4264524,2961861,CC1=C(C2(C3=CC=CC=C3NC2=O)C(=C(O1)N)C(=O)OC(C)C)C(=O)C,Inactive,0,,,-2.3
1639,856557,657910,C1=C2C=C(C(=O)OC2=C(C=C1Cl)Cl)C(=O)O,Inactive,0,,,-2.3
1640,855888,104871,C[N+]1(CCC2=CC3=C(C=C2[C@H]1[C@H]4C5=C(C6=C(C=C5)OCO6)C(=O)O4)OCO3)C.[I-],Inactive,0,,,-2.3
1641,855594,39147,CC(C)(C)NCC(COC1=CC=CC2=C1C[C@@H]([C@@H](C2)O)O)O,Inactive,0,,,-2.3
1642,26664448,227884,CC(C)C1=CC=C(C=C1)C(=O)NC(C)C,Inactive,0,,,-2.3
1643,24788014,2827740,C1C(NC(S1)C2=CC=CO2)C(=O)O,Inactive,0,,,-2.3
1644,24821762,3768281,CC1=C2C(=CC=C1)C(=CC(=N2)C3=CN=CC=C3)C(=O)O,Inactive,0,,,-2.3
1645,24796078,2985638,C1CCCN(CC1)C(=O)C2=CC=CC=C2NC(=O)C3=CC=CC=C3Cl,Inactive,0,,,-2.3
1646,3712514,5707,CC1=C(C(=CC=C1)C)NC2=NCCCS2,Inactive,0,,,-2.3
1647,24786670,755382,CC1CCN(CC1)C(=O)OC2=CC=CC=C2,Inactive,0,,,-2.4
1648,11532973,5282415,CCCCC[C@@H](/C=C/[C@H]1[C@@H](C[C@@H]([C@@H]1C/C=C\CCCC(=O)O)O)O)O.C(C(CO)(CO)N)O,Inactive,0,,,-2.4
1649,24783649,16188204,C1CC1NC(=O)C2CCN(CC2)C3CCN(CC3)C(=O)CC4=CC=C(C=C4)F,Inactive,0,,,-2.4
1650,26663019,102428,CC1CC(CC(N1C)(C)C)OC(=O)C(C2=CC=CC=C2)O.Cl,Inactive,0,,,-2.4
1651,7978345,100617,CC(=O)OC1=C2C(=CC3=C1OC=C3)C=CC(=O)O2,Inactive,0,,,-2.4
1652,855783,657298,CCCC1=CC(=O)NC(=S)N1,Inactive,0,,,-2.4
1653,24787331,874556,CN(C)C1=CC=C(C=C1)NC(=O)C2=CC(=C(C=C2[N+](=O)[O-])OC)OC,Inactive,0,,,-2.4
1654,4249709,3243624,COC1=CC=CC(=C1OC)CC(=O)NCC2COC3=CC=CC=C3O2,Inactive,0,,,-2.4
1655,4264206,709905,CC12CN3CC(C1O)(CN(C2)C3C4=CC=CS4)C,Inactive,0,,,-2.4
1656,14720847,2877883,COC1=C(C=C2C(=C1)C3=CC=CC=C3O2)NCC4=CC5=C(C=C4)OCO5,Inactive,0,,,-2.5
1657,858012,4891,C1CCC(CC1)C(=O)N2CC3C4=CC=CC=C4CCN3C(=O)C2,Inactive,0,,,-2.5
1658,24783560,16188173,CC(C)CCC1=NOC(=N1)CN2CCCC2C3=CC(=CC=C3)OC,Inactive,0,,,-2.5
1659,14726855,484122,COC1=C(C=C(C=C1)C2NC3=CC=CC=C3C(=O)N2)OC,Inactive,0,,,-2.5
1660,11532880,23690471,C[C@@H]1[C@@H](CC[C@]2(C1CC[C@]3([C@H]2[C@@H](C[C@@H]\4[C@@]3(C[C@@H](/C4=C(/CCC=C(C)C)\C(=O)[O-])OC(=O)C)C)O)C)C)O.[Na+],Inactive,0,,,-2.5
1661,26663084,4589449,C1C(CC(=O)C2=CN=C(N=C21)NC(=O)C3=CC=CO3)C4=CC=CO4,Inactive,0,,,-2.6
1662,11532881,4760,C1=CC=C(C=C1)C2C(=O)C3=CC=CC=C3C2=O,Inactive,0,,,-2.6
1663,24795671,135402509,C1C(=C(C(=N)N1CCCO)C2=CC=CC=C2)O,Inactive,0,,,-2.6
1664,7976352,2828670,CC1(CC2=C(C(C(=C(O2)N)C#N)C3=CC(=C(C=C3OC)OC)OC)C(=O)C1)C,Inactive,0,,,-2.6
1665,857873,659218,CC(=O)O[C@H]1CSC[C@H]1NC(=O)C2=CC=CC=C2,Inactive,0,,,-2.6
1666,24796047,2987266,CCC(=O)NC1=CC=C(C=C1)C(=O)N2CCN(CC2)C(=O)C3=CC=CO3,Inactive,0,,,-2.6
1667,11533045,443951,CCN(CC)C(=O)N[C@H]1C[C@H]2[C@@H](CC3=CNC4=CC=CC2=C34)N(C1)C,Inactive,0,,,-2.6
1668,11533047,932,C1C(OC2=CC(=CC(=C2C1=O)O)O)C3=CC=C(C=C3)O,Inactive,0,,,-2.6
1669,7975535,2929660,CC1(CC2CC(C1)(CN2C(=O)CC3=CC(=C(C=C3)OC)OC)C)C,Inactive,0,,,-2.6
1670,855730,443980,C[C@@H]1C[C@H]2[C@@H]3C[C@@H](C4=CC(=O)C=C[C@@]4([C@]3([C@H](C[C@@]2([C@]1(C(=O)COC(=O)C(C)(C)C)O)C)O)F)C)F,Inactive,0,,,-2.6
1671,24791985,135433263,C1=CC=C(C(=C1)CSC2=NC3=C(N2C4C(C(C(O4)CO)O)O)N=C(NC3=O)N)Br,Inactive,0,,,-2.6
1672,14726334,972737,CC(C)NC(=O)C1(CCOCC1)C2=CC=CC=C2,Inactive,0,,,-2.6
1673,24820500,4172088,C1C(=O)N(C2=C3C=CC=CC3=NC2=CN1O)C4=CC=C(C=C4)[N+](=O)[O-],Inactive,0,,,-2.6
1674,17510500,12005228,CC1(CC(CCO1)C(CCN(CC2=CC=C(C=C2)OC)C(=O)C3=CC=CO3)C4=CC=C(C=C4)F)C,Inactive,0,,,-2.6
1675,7968511,5309446,C1CCN(C1)CC2=NC3=CC=CC=C3N2CC4=CC=C(C=C4)Cl.Cl,Inactive,0,,,-2.6
1676,17510027,7113,CC(=O)C1=CC=C(C=C1)C2=CC=CC=C2,Inactive,0,,,-2.6
1677,857775,5389112,COC(=O)C1=C(C2=CC=CC=C2N1)NC(=O)CN3CCN(CC3)C/C=C/C4=CC=CC=C4,Inactive,0,,,-2.6
1678,24786089,1363548,C1COCCN1C2=CC=C(C=C2)NC(=O)C3=CC=C(O3)C4=CC=CC=C4[N+](=O)[O-],Inactive,0,,,-2.6
1679,855857,6436,C[C@]12C[C@@H]([C@]3([C@H]([C@@H]1C[C@@H]4[C@]2(OC(O4)(C)C)C(=O)CO)CCC5=CC(=O)C=C[C@@]53C)F)O,Inactive,0,,,-2.6
1680,22404414,2914367,CC(=O)NC(CC1=CC=CC=C1)C(=O)OCC(=O)C2=CC=CC=C2,Inactive,0,,,-2.6
1681,3714466,2998812,CC1=C(CC2C(C1)C(=O)N(C2=O)C3=CC=CC=C3OC)C,Inactive,0,,,-2.6
1682,851963,71827,CC1=C(C(=CC=C1)NC2=C(C=CC=N2)C(=O)O)C,Inactive,0,,,-2.7
1683,24787330,2887224,CC(=O)NC(C(Cl)(Cl)Cl)NC(=S)N1CCCCCC1,Inactive,0,,,-2.7
1684,842490,644761,CN(CCC1=CC=CC=N1)CC2=CC(=C(C=C2)OC)OC.C(=O)(C(=O)O)O,Inactive,0,,,-2.7
1685,26662503,166804,CN(C)C(=O)CCCCCCCCC(=O)N(C)C,Inactive,0,,,-2.7
1686,26658480,272989,C1=CC=C(C=C1)N=NC2=C(NC3=CC=CC=C32)O,Inactive,0,,,-2.7
1687,26662596,5717398,C1OC2=C(O1)C=C(C=C2)/C=C/C(=O)C3=CC=CC=N3,Inactive,0,,,-2.7
1688,861774,663003,CC1=C(C=CC2=C1OC(=O)C3=C2CCC3)OC(=O)CNC(=O)OC(C)(C)C,Inactive,0,,,-2.7
1689,24810881,683497,C1=CC=NC(=C1)N2C(=O)C3=CC=CC4=C3C(=CC=C4)C2=O,Inactive,0,,,-2.7
1690,24795755,2936303,CN1C(=O)C(N(C1=S)CC2=CC=NC=C2)CC(=O)NC3=CC=C(C=C3)OC,Inactive,0,,,-2.7
1691,17407725,5765850,CC1(CC2=CC=CC=C2/C(=C/C(=O)C3=CC=C(C=C3)OC)/N1C)C,Inactive,0,,,-2.7
1692,855972,6128,C[C@]12CCC(=O)C=C1CC[C@@H]3[C@@H]2CC[C@]4([C@H]3CCC4=O)C,Inactive,0,,,-2.7
1693,7974879,2836319,CCOC(=O)C1C(C2(CCOC(C2)(C)C)OC1=O)C(=O)OCC,Inactive,0,,,-2.7
1694,14726180,209293,CC1=CC2=C(C=C1)NC3=C2CN(CC3)C.Cl,Inactive,0,,,-2.8
1695,14744194,135512364,CCC1=CC(=C(C=C1O)O)/C(=N\O)/CC2=CC=CC=N2,Inactive,0,,,-2.8
1696,855940,9363,CCN(CC)C(=O)C1=CC(=C(C=C1)O)OC,Inactive,0,,,-2.8
1697,855979,2955,C1=CC(=CC=C1N)S(=O)(=O)C2=CC=C(C=C2)N,Inactive,0,,,-2.8
1698,11532876,6852380,CN(C)CCC(C1=CC=CC=C1)C2=CC=CC=N2.C(=C/C(=O)O)\C(=O)O,Inactive,0,,,-2.8
1699,3716080,2045080,CC1=C(C2=C(C=C1)C(=CC(=O)O2)CN3CCN(CC3)CC4=CC5=C(C=C4)OCO5)C,Inactive,0,,,-2.8
1700,14723971,2909205,C1COCCN1CCOC(=O)C2=CC=CS2.Cl,Inactive,0,,,-2.8
1701,856168,2196,COC1=CC=C(C=C1)C(=O)N2CCCC2=O,Inactive,0,,,-2.8
1702,24806435,135414604,COC1=CC=CC=C1C(=O)N=C2NC(=O)CC3N2CCNC3=O,Inactive,0,,,-2.8
1703,24781028,613778,CC1CN=C(S1)NC2=CC=C(C=C2)OC,Inactive,0,,,-2.8
1704,24780071,16187230,CC1=CC(=CC(=C1OC)C)C(=O)C2CCCN(C2)CC3=CC=C(C=C3)OC4=NC=CC=N4,Inactive,0,,,-2.8
1705,11532860,6852374,CNC[C@@H](C1=CC(=C(C=C1)O)O)O.C(C(C(=O)O)O)(C(=O)O)O,Inactive,0,,,-2.9
1706,4258556,65768,C1=CC=C2C(=C1)C(=CN2)CCNC(=O)C3=CN=CC=C3,Inactive,0,,,-2.9
1707,26662847,11913746,C1CC[C@@]2(CCN(C[C@@H]2C1)C(=O)/C=C/C3=CC=C(C=C3)F)O,Inactive,0,,,-2.9
1708,24790715,878107,C1OC2=C(O1)C=C(C=C2)CNC(=O)/C=C/C3=CC=CO3,Inactive,0,,,-2.9
1709,11533055,6852406,CN1[C@@H]2CC(C[C@H]1[C@H]3[C@@H]2O3)OC(=O)[C@H](CO)C4=CC=CC=C4.Cl,Inactive,0,,,-2.9
1710,855799,657308,CC(C)[N+]1([C@@H]2CC[C@H]1CC(C2)OC(=O)C(CO)C3=CC=CC=C3)C.[Br-],Inactive,0,,,-2.9
1711,855641,5280939,CCCCC[C@@H](/C=C/[C@H]1[C@@H](C[C@@H]([C@@H]1CCCCCCC(=O)O)O)O)O,Inactive,0,,,-2.9
1712,24795935,2936812,CCN1C(=O)C(N(C1=S)CC2=CC=CO2)CC(=O)NC3=CC=C(C=C3)F,Inactive,0,,,-2.9
1713,24796090,2986818,C1COCCN1CCCNC(=O)CSCC2=CC=CC=C2,Inactive,0,,,-2.9
1714,24787320,1184623,CC(C)OC(=O)C1=CC=C(C=C1)NC(=O)C2=CC(=CN=C2)Br,Inactive,0,,,-2.9
1715,24790295,2884136,CC1=NN(C(C1)(C2=CC=CC=C2)O)C(=O)C3=CC=C(C=C3)Br,Inactive,0,,,-2.9
1716,860716,661993,CC(=O)C1=C(N=C2CCCCCN2C1=O)N,Inactive,0,,,-2.9
1717,24790346,2883771,CCOC1=CC=C(C=C1)C(C2=CC(=C(C=C2)OC)OC)NC(=O)C,Inactive,0,,,-2.9
1718,7972222,877801,CC1=CC2=C(C=C1)C(=CO2)CC(=O)O,Inactive,0,,,-2.9
1719,865987,68872,CC1=CC(=O)OC2=C1C=CC(=C2)OCC#C,Inactive,0,,,-2.9
1720,855792,6603108,CN1[C@@H]2CC(C[C@H]1[C@H]3[C@@H]2O3)OC(=O)[C@H](CO)C4=CC=CC=C4.Br,Inactive,0,,,-2.9
1721,17387822,11948867,CN(C)CC1=C(OC2=CC=CC=C2C1C3=CC=CC=C3)C4=CC=C(C=C4)OC.Cl,Inactive,0,,,-3
1722,17433291,2913314,CCOC1=CC=C(C=C1)CC2CCC(=O)NC2=O,Inactive,0,,,-3
1723,11533015,323,C1=CC=C2C(=C1)C=CC(=O)O2,Inactive,0,,,-3
1724,4264034,5738492,CC1CC2=C(O1)C=CC(=C2)/C(=C\3/C(N(C(=O)C3=O)CCCOC)C4=CN=CC=C4)/O,Inactive,0,,,-3
1725,11532924,151689,C1CCC(C(C1)N)N.Cl[Pt]Cl,Inactive,0,,,-3
1726,842560,644829,CC(C)C(C(=O)NCC(=O)N)NC(=O)C,Inactive,0,,,-3
1727,11532866,57004,C(CC(C(F)F)(C(=O)O)N)CN.Cl,Inactive,0,,,-3
1728,24804652,2989216,COC1=CC2=C(C=C1)C3=C(N2)C4(C5=CC=CC=C5NC4=O)NCC3,Inactive,0,,,-3
1729,24786686,711014,CCN1C(=O)C2=CC=CC=C2N=C1SCC(=O)C3=CC=CC=C3,Inactive,0,,,-3
1730,26665862,4891899,CCNCCC(CCC(C)C)C1=CC2=C(C=C1)OCO2,Inactive,0,,,-3.1
1731,22403205,2261569,CCOC1=CC=C(C=C1)N2C(=O)/C(=C/C3=CC(=C(C=C3[N+](=O)[O-])OC)OC)/C(=O)NC2=O,Inactive,0,,,-3.1
1732,26668422,1307470,CCOC(=O)C1=C(C(=O)C2=C(O1)C=C(C=C2)OCC(=O)N)C3=CC(=C(C=C3)OC)OC,Inactive,0,,,-3.1
1733,24786674,5348400,C1=CC=C(C=C1)/C=C/C(=O)O/N=C(/C2=CC=C(C=C2)Br)\N,Inactive,0,,,-3.1
1734,14733990,12543,CC1=CC=C(C=C1)S(=O)(=O)NC,Inactive,0,,,-3.1
1735,11533007,253793,CN1CCC2=CC(=C3C=C2[C@H]1CC4=CC=C(C=C4)OC5=C6[C@@H](CC7=CC(=C(C=C7)O)O3)N(CCC6=CC(=C5O)OC)C)OC,Inactive,0,,,-3.1
1736,855785,68539,CN(C)CCCN1C2=CC=CC=C2CCC3=C1C=C(C=C3)Cl.Cl,Inactive,0,,,-3.1
1737,24785969,2884333,CC1=C(SC=[N+]1CC2=CC=C(C=C2)[N+](=O)[O-])CCOC(=O)CC34CC5CC(C3)CC(C5)(C4)C.[Br-],Inactive,0,,,-3.1
1738,14730484,33334,COC1=CC2=C(C=C1)N=C(S2)NC(=O)NC3=CC=CC=C3,Inactive,0,,,-3.1
1739,4243530,525,C(C(C(=O)O)O)C(=O)O,Inactive,0,,,-3.1
1740,855956,66070,CC1=C(C(=CC=C1)C)NC(=O)C2CCCCN2C.Cl,Inactive,0,,,-3.1
1741,17432752,2882578,C1CCC2(CC1)OC3C(OC4C(C3O2)OC5(O4)CCCCC5)COC(=O)C6=CC=CC=C6,Inactive,0,,,-3.1
1742,855931,5909,CC[C@H]1[C@H](COC1=O)CC2=CN=CN2C.Cl,Inactive,0,,,-3.1
1743,26663040,16682331,CC[C@@H](CO)NC(=O)[C@H]1CN([C@@H]2CC3=CN(C4=CC=CC(=C34)C2=C1)C)C.C(=C\C(=O)[O-])\C(=O)[O-],Inactive,0,,,-3.2
1744,855962,6602611,C1CN(CCN1CCCN2C3=CC=CC=C3SC4=C2C=C(C=C4)C(F)(F)F)CCO.Cl,Inactive,0,,,-3.2
1745,24779685,7198315,CC1=C(C(=O)OC2=C1C=CC(=C2)OCC(=O)C)C3=CC=C(C=C3)OC,Inactive,0,,,-3.2
1746,7976204,2868359,CC(C)COCC1CC2(CC(OC2=O)(C)C3=CSC(=N3)N)C(=O)O1,Inactive,0,,,-3.2
1747,7966552,3543999,COC1=CC2=C(C=C1)NC=C2CCNC(=O)C3CCCNC3=O,Inactive,0,,,-3.2
1748,11533044,3117,CCN(CC)C(=S)SSC(=S)N(CC)CC,Inactive,0,,,-3.2
1749,852389,655012,COCCOC(=O)C1=C(OC2=C(C1C3=CN=CC=C3)C(=O)CCC2)N,Inactive,0,,,-3.2
1750,24786685,719793,C1=CC=C2C(=C1)NC(=N2)CCNC(=O)C3=CC(=CC=C3)Br,Inactive,0,,,-3.2
1751,17509246,12004758,CC1(C2C1CC(C(C2)OC(=O)C3=CC(=CC(=C3)[N+](=O)[O-])[N+](=O)[O-])(C)OC)C,Inactive,0,,,-3.2
1752,4265287,937442,CN(C)C(=S)C1=CC(=C(C=C1)O)OC,Inactive,0,,,-3.2
1753,24784387,16188420,CC1=CC=C(C=C1)N2C=C(C(=N2)C3=CC=C(C=C3)F)CNCCN4CCOC4=O,Inactive,0,,,-3.2
1754,11533005,3698,C1=CN=CC=C1C2=CNC(=O)C(=C2)N,Inactive,0,,,-3.2
1755,11532873,6060,CC(=O)OCC[N+](C)(C)C.[Cl-],Inactive,0,,,-3.2
1756,24834160,273366,C1=CC=C(C=C1)COC(=O)CC(C(=O)O)NC(=O)OCC2=CC=CC=C2,Inactive,0,,,-3.2
1757,14724076,3137720,CC1(CC(CCO1)(CNCC2=CC3=C(C=C2)OCO3)O)C,Inactive,0,,,-3.2
1758,26662088,935868,CC12CC3(CN(C1)C(N(C2)C3)C4=CC=C(O4)[N+](=O)[O-])C,Inactive,0,,,-3.2
1759,24789679,592744,C1=C(C=C(C(=C1O)O)O)C(=O)NN,Inactive,0,,,-3.2
1760,855820,62857,CNCCC(C1=CC=CC=C1)OC2=CC=C(C=C2)C(F)(F)F.Cl,Inactive,0,,,-3.3
1761,22415958,2917291,CCC1=CC2=C(C=C1OC(C)C(=O)NCCO)OC=C(C2=O)C3=NC(=CS3)C,Inactive,0,,,-3.3
1762,855532,5744,CC(=O)OCC(=O)[C@]1(CC[C@@H]2[C@@]1(C[C@@H]([C@H]3[C@H]2CCC4=CC(=O)CC[C@]34C)O)C)O,Inactive,0,,,-3.3
1763,11532959,71401,C1=CC(=C(C(=C1)Cl)CC(=O)N=C(N)N)Cl.Cl,Inactive,0,,,-3.3
1764,24790716,5346200,CC(C)(C)C1=CSC(=N1)N/N=C/C2=CN=CC=C2,Inactive,0,,,-3.3
1765,4243481,197774,C1=CC2=C(C=C1F)C(=CN2)CCN.Cl,Inactive,0,,,-3.3
1766,855925,44093,C[C@H](CS)C(=O)N1CCC[C@H]1C(=O)O,Inactive,0,,,-3.3
1767,24786667,2269538,CC1=CC(=C(C(=C1)C)S(=O)(=O)OC2=CC=C(C=C2)NC(=O)C)C,Inactive,0,,,-3.3
1768,855904,4775,C1=CC=C(C=C1)CCCC(=O)O,Inactive,0,,,-3.3
1769,11532972,5283102,CCCCC[C@@H](/C=C/[C@H]1[C@@H](C[C@@H]([C@@H]1C/C=C\CCCC(=O)OC)O)O)O,Inactive,0,,,-3.3
1770,7972930,4669169,CC(=O)NC(CCSC)C(=O)OC1=CC2=C(C=C1)C3=C(CCCC3)C(=O)O2,Inactive,0,,,-3.3
1771,24781931,3717793,CC1=NC(=CC2=CC(=C(C=C12)OC)OC)C3=CC=C(C=C3)OC,Inactive,0,,,-3.3
1772,14736239,135444505,COC1=CC=C(C=C1)C(=O)NC2=NC3=CC=CC=C3C(=O)N2,Inactive,0,,,-3.3
1773,11533046,439647,CC1=CC=C(C=C1)S(=O)(=O)N[C@@H](CC2=CC=CC=C2)C(=O)CCl,Inactive,0,,,-3.3
1774,855999,16230,C1(=C(N=C(C(=N1)Cl)N)N)C(=O)N=C(N)N.Cl,Inactive,0,,,-3.3
1775,855777,11079,C1CN=C(N1)CC2=CC=CC3=CC=CC=C32.Cl,Inactive,0,,,-3.3
1776,26660682,16682120,CC1(C2(CCC1([C@@H](C2=O)Br)C(=O)N3CCCCC3)C)C,Inactive,0,,,-3.4
1777,11533023,6852404,CC(=O)O[C@H]1CC[C@@H]2[C@@]1(CC[C@H]3[C@H]2CCC4=C3C=CC(=C4)O)C,Inactive,0,,,-3.4
1778,24796244,2987743,COC1=CC(=C(C=C1)OC)N2C(=NNC2=S)CN3C4=CC=CC=C4N=C3C5=CC=CC=N5,Inactive,0,,,-3.4
1779,4254864,5498460,CC1=CC=CC=C1C2=COC3=C(C2=O)C=CC(=C3)O,Inactive,0,,,-3.4
1780,22403176,135438977,CC(=NC1=CC=CC=C1)C2=C(CCCC2=O)O,Inactive,0,,,-3.4
1781,862400,663625,C[C@@H](C(=O)O)NC(=O)C1CCN(CC1)C(=O)[C@H](CCSC)NC(=O)OC(C)(C)C,Inactive,0,,,-3.4
1782,24803638,16192626,COC1=C(C(=CC(=C1)CNCCC2=CNC3=CC=CC=C32)Cl)OCC(=O)N.Cl,Inactive,0,,,-3.4
1783,24806948,2860695,COC1=C(C=C(C=C1)CCN2C(SCC2=O)C3=CC(=C(C=C3)OC)OC)OC,Inactive,0,,,-3.4
1784,11532955,15432,CCN(CC)C(=O)N1CCN(CC1)C.C(C(=O)O)C(CC(=O)O)(C(=O)O)O,Inactive,0,,,-3.4
1785,3712438,928629,COC(=O)C1=CC=C(O1)CC(=O)C2=C(C=C(C=C2)O)O,Inactive,0,,,-3.4
1786,24787326,776333,COC1=C(C=C(C=C1)C2=C(C=NN2)C=O)OC,Inactive,0,,,-3.5
1787,856009,5702098,CC(CCC1=CC=CC=C1)NC(C)C(C2=CC=C(C=C2)O)O.Cl,Inactive,0,,,-3.5
1788,11532979,5459110,C[N+]1([C@@H]2CC(C[C@H]1[C@H]3[C@@H]2O3)OC(=O)[C@H](CO)C4=CC=CC=C4)C.[Br-],Inactive,0,,,-3.5
1789,8139916,92926,CCCCCCCCCC(=O)OCC(CO)O,Inactive,0,,,-3.5
1790,14740186,1301297,COC1=C(C=C(C(=C1)C(=O)OC)NC(=O)CN2C(=O)C3=CC=CC=C3C2=O)OC,Inactive,0,,,-3.5
1791,855996,5282494,CCCCC(=O)O[C@@]1(CC[C@@H]2[C@@]1(C[C@@H]([C@H]3[C@H]2CCC4=CC(=O)CC[C@]34C)O)C)C(=O)CO,Inactive,0,,,-3.5
1792,855724,9642,CC(=O)OCC(=O)[C@@]12[C@@H](C[C@@H]3[C@@]1(C[C@@H]([C@]4([C@H]3C[C@@H](C5=CC(=O)C=C[C@@]54C)F)F)O)C)OC(O2)(C)C,Inactive,0,,,-3.5
1793,26663496,3506168,CC(C)CCC1(CCOC(C1)(C)C)CCNC(C)C2=CC=CS2,Inactive,0,,,-3.5
1794,14745540,5531,CCN(CC)C1=CC(=NC2=NC=NN12)C,Inactive,0,,,-3.5
1795,8139933,5147,C1=CC=C(C(=C1)C(=O)N)O,Inactive,0,,,-3.5
1796,8139922,7389,C1=CC(=CC=C1N)[As](=O)(O)O,Inactive,0,,,-3.5
1797,855969,3559,C1CN(CCC1(C2=CC=C(C=C2)Cl)O)CCCC(=O)C3=CC=C(C=C3)F,Inactive,0,,,-3.5
1798,7974298,2063466,C1=CC(=CC=C1CC(=O)C2=C(C=C(C=C2)O)O)Br,Inactive,0,,,-3.5
1799,855718,5388977,CCC(COC(=O)C1=CC(=C(C(=C1)OC)OC)OC)(C2=CC=CC=C2)N(C)C.C(=C\C(=O)O)\C(=O)O,Inactive,0,,,-3.5
1800,8139888,667493,CC1=CC(=O)NC(=S)N1,Inactive,0,,,-3.5
1801,26665883,229939,C1=CC=C(C=C1)NC2=CC=CC3=C2C=CC=C3NC4=CC=CC=C4,Inactive,0,,,-3.6
1802,24796494,2849732,CC(C)CC1=CC=C(C=C1)C(C)C(=O)NC2=CC=C(C=C2)O,Inactive,0,,,-3.6
1803,856004,3333,CCOC(=O)C1=C(NC(=C(C1C2=C(C(=CC=C2)Cl)Cl)C(=O)OC)C)C,Inactive,0,,,-3.6
1804,855874,6249,CC1([C@@H](N2[C@H](S1)[C@@H](C2=O)NC(=O)[C@@H](C3=CC=CC=C3)N)C(=O)O)C,Inactive,0,,,-3.6
1805,7976737,2883729,COC1=CC=C(C=C1)C(=O)NC2=CC=CC=C2C(=O)NCCCN3C=CN=C3,Inactive,0,,,-3.6
1806,24790457,5349079,C1=CC(=C(C=C1C2=CC=C(O2)/C=N/N3C=NN=C3)Cl)Br,Inactive,0,,,-3.6
1807,857801,3825,CC(C1=CC(=CC=C1)C(=O)C2=CC=CC=C2)C(=O)O,Inactive,0,,,-3.6
1808,855723,4044,CC1=C(C(=CC=C1)NC2=CC=CC=C2C(=O)O)C,Inactive,0,,,-3.6
1809,24780217,16187264,COC1=CC=C(C=C1)N2C=C(C(=N2)C3=CC(=CC=C3)F)CNCC4=CN=CC=C4,Inactive,0,,,-3.6
1810,24785970,743938,C1=CC=C(C(=C1)CC(=O)NCC2=CC=NC=C2)[N+](=O)[O-],Inactive,0,,,-3.6
1811,14743551,522335,C[NH+](C)CCCN1C2=CC=CC=C2SC3=C1C=C(C=C3)Cl.[Cl-],Inactive,0,,,-3.6
1812,14729769,1491068,C1CCC(=O)N(CC1)CC2=CC=CC=C2,Inactive,0,,,-3.6
1813,7974492,753292,CC1=C(N(C(=N1)C2=CC(=C(C=C2)OC)OC)O)C(=O)C,Inactive,0,,,-3.6
1814,24787265,11838982,CC(=O)N[C@@H]1[C@H]([C@H]2[C@@H](COC(O2)C3=CC=C(C=C3)OC)O[C@@H]1O)O,Inactive,0,,,-3.6
1815,14740769,9636660,CC1(C\2(CCC1(C/C2=N\O)C(=O)NC3=CC=CC=C3Br)C)C,Inactive,0,,,-3.6
1816,4251949,11257,CC(=O)NC1=CC=C(C=C1)S(=O)(=O)C2=CC=C(C=C2)N,Inactive,0,,,-3.7
1817,11533064,6852409,CC(C)NC[C@H](C1=CC(=C(C=C1)O)O)O.C(C(C(=O)O)O)(C(=O)O)O,Inactive,0,,,-3.7
1818,24822490,931413,COC1=CC2=C(C=C1)NC=C2C(=O)CCl,Inactive,0,,,-3.7
1819,857802,135426496,COCC1=CC(=O)NC(=N1)NC2=NC3=CC=CC=C3O2,Inactive,0,,,-3.7
1820,24790460,708669,C1COC2=C(O1)C=CC(=C2)C(=O)NC3=CC(=C(C=C3)F)[N+](=O)[O-],Inactive,0,,,-3.7
1821,14738969,107936,COC1=CC=CC2=C1N=C3C(=C2OC)C=CO3,Inactive,0,,,-3.7
1822,17432288,2946332,CC(C)C1CC(CCO1)(CCNCC2=CC=C(C=C2)N(C)C)C3=CC=CC=C3,Inactive,0,,,-3.7
1823,24784421,16188436,CN(CC1=CC=CC=C1)CC(COC2=CC=C(C=C2)CNCC3=CN=CC=C3)O,Inactive,0,,,-3.8
1824,24785988,2880577,C1CSC(N1C(=O)C2=CC=C(C=C2)[N+](=O)[O-])C3=CC=CC=C3Cl,Inactive,0,,,-3.8
1825,862703,5389768,C[C@@H](C(=O)O)NC(=O)NC1=CC=CC=C1F,Inactive,0,,,-3.8
1826,855916,123664,CC(C)CCNC(=O)[C@H](CC(C)C)NC(=O)[C@@H]1[C@H](O1)C(=O)O,Inactive,0,,,-3.8
1827,855747,94330,CCCCCCCC(=O)OCC(=O)[C@]1(CC[C@@H]2[C@@]1(C[C@@H]([C@H]3[C@H]2CCC4=CC(=O)CC[C@]34C)O)C)O,Inactive,0,,,-3.8
1828,22403283,842495,C1CN(CCN1C2=CC=CC=C2)C(=O)COC3=CC=CC=C3,Inactive,0,,,-3.8
1829,17512582,3850682,CC(C)OC1=CC=C(C=C1)C(CCN(CC2=CC(=C(C=C2)OC)OC)C(=O)CCl)C3=CC=CC=C3,Inactive,0,,,-3.8
1830,8139942,5991,C[C@]12CC[C@H]3[C@H]([C@@H]1CC[C@]2(C#C)O)CCC4=C3C=CC(=C4)O,Inactive,0,,,-3.8
1831,855587,4107,COC1=CC=CC=C1OCC(COC(=O)N)O,Inactive,0,,,-3.8
1832,855914,76297,CCCC(=O)OCC[N+](C)(C)C.[Cl-],Inactive,0,,,-3.8
1833,855646,3639,C1NC2=CC(=C(C=C2S(=O)(=O)N1)S(=O)(=O)N)Cl,Inactive,0,,,-3.8
1834,855827,4917,CN1CCN(CC1)CCCN2C3=CC=CC=C3SC4=C2C=C(C=C4)Cl,Inactive,0,,,-3.9
1835,855612,3308,CCC1=C2C(=CC=C1)C3=C(N2)C(OCC3)(CC)CC(=O)O,Inactive,0,,,-3.9
1836,17505468,12004593,CC(=O)OC[C@@H]1[C@@H]([C@@H]([C@H]([C@@H](O1)SC2=CC=CC3=C2N=CC=C3)OC(=O)C)OC(=O)C)OC(=O)C,Inactive,0,,,-3.9
1837,24794543,1296665,CC(C)NS(=O)(=O)C1=CC=C(C=C1)OCC(=O)NC2=CC(=CC=C2)F,Inactive,0,,,-3.9
1838,14740889,3727447,C1CN(C2(N1C(=O)C3=CC=CC=C32)C4=CC=CC=C4)C(=O)NC5=CC(=CC=C5)Cl,Inactive,0,,,-3.9
1839,852613,6602605,C1CCC(C1)(C2=CC=CC=C2)C(=O)OCCN3CCCC3.Cl,Inactive,0,,,-3.9
1840,11533034,55245,CC#C[C@@]1(CC[C@@H]2[C@@]1(C[C@@H](C3=C4CCC(=O)C=C4CC[C@@H]23)C5=CC=C(C=C5)N(C)C)C)O,Inactive,0,,,-3.9
1841,17431792,692389,C1=CC=C(C=C1)CCNC(=O)/C=C/C2=CC=C(C=C2)Cl,Inactive,0,,,-4
1842,11532900,92895,C[C@]12CC[C@H]3[C@H]([C@@H]1CCC2=O)CCC4=C3C=CC(=C4)OC,Inactive,0,,,-4
1843,14742135,9551756,C[N+](C)(C)CCCC(=O)C1=CC2=C(C=C1)OCO2.[Cl-],Inactive,0,,,-4
1844,4259431,1298184,COC1=CC(=C(C=C1)NC(=O)NC2=CC(=C(C=C2C(=O)OC)OC)OC)OC,Inactive,0,,,-4
1845,855863,2708,C1=CC(=CC=C1CCCC(=O)O)N(CCCl)CCCl,Inactive,0,,,-4
1846,24790713,1363391,COC1=C(C=C(C(=C1)/C=C/2\C(=O)NC(=O)N(C2=O)C3=CC=CC=C3)[N+](=O)[O-])OC,Inactive,0,,,-4.1
1847,17508703,3104568,CC1=CC(=CC(=C1[N+](=O)[O-])C)C(=O)NC(CC(C)C)C(=O)O,Inactive,0,,,-4.1
1848,7977536,739444,COC1=CC2=C(C=C1)C(=O)C=C(O2)C(=O)OC,Inactive,0,,,-4.1
1849,14742700,124087,C1CC2=C(C=CC(=C2)Cl)C(=C3CCNCC3)C4=C1C=CC=N4,Inactive,0,,,-4.1
1850,26664543,67473,C1=CC2=C(C3=C(C=C2)N=CC=C3)N=C1,Inactive,0,,,-4.1
1851,14736330,2902827,CC1=CC2=C(C=C1)C(CC(=O)O2)C3=CC=CC=C3,Inactive,0,,,-4.2
1852,26662731,5905206,CN1C=C(C2=CC=CC=C21)/C=C/C(=O)C3=CC=CC=C3,Inactive,0,,,-4.2
1853,855855,3371,C1=CC=C(C(=C1)C(=O)O)NC2=CC=CC(=C2)C(F)(F)F,Inactive,0,,,-4.2
1854,11532956,448222,CCNC(=O)[C@@H]1[C@H]([C@H]([C@@H](O1)N2C=NC3=C(N=CN=C32)N)O)O,Inactive,0,,,-4.2
1855,24836519,2309780,C1=CC=C(C=C1)/C=C/C(=O)NC(=O)C2=CC=CC=C2O,Inactive,0,,,-4.2
1856,24817572,3561804,CC(C)CC(C(=O)O)NC(=O)C1=CC(=CC=C1)Cl,Inactive,0,,,-4.2
1857,855732,135398513,C1=NC2=C(N1COCCO)N=C(NC2=O)N,Inactive,0,,,-4.3
1858,26658265,2546211,CC(C)CN1C(=O)C2=C(C=C(C=C2)C(=O)O)NC1=S,Inactive,0,,,-4.3
1859,26660602,940069,CC1=CC(=C2C(=CC(=O)OC2=C1)CCl)C,Inactive,0,,,-4.3
1860,22403284,5346037,CC1=C(SC(=N1)N)C(=O)N/N=C/C2=CC=CO2,Inactive,0,,,-4.3
1861,860058,661364,C1CN(CCN1CCNC(=O)C2=CC(=CC=C2)Br)C3=CC=CC=C3,Inactive,0,,,-4.4
1862,24804491,907758,CC1=C2C(=O)C=CC=C(C2=C(N1CC(=O)C3=CC=CC=C3)C)OC,Inactive,0,,,-4.4
1863,4258285,2951041,CC1=CC2=C(C=C1)NC(=O)C2(C3=C(NC4=CC=CC=C43)C)O,Inactive,0,,,-4.4
1864,24783558,16188171,CCN(CC1=CC=NC=C1)CC2=NC(=NO2)CC3=CC=CC=C3Cl,Inactive,0,,,-4.4
1865,858042,659398,CC/C(=C\1/C(=O)CC(C(C1=O)C(=O)OC)(C)C)/N2CCCC2,Inactive,0,,,-4.4
1866,855590,657218,CC(C)C[C@@H](C(=O)NCC(=O)N)NC(=O)[C@@H]1CCCN1C(=O)[C@H](CC2=CC=C(C=C2)O)N,Inactive,0,,,-4.4
1867,24796073,2935932,CC1CN(CC(O1)C)CCCCOC2=CC=C(C=C2)C(=O)OC.C(=O)(C(=O)O)O,Inactive,0,,,-4.5
1868,855858,4038,CC1=C(C(=C(C=C1)Cl)NC2=CC=CC=C2C(=O)[O-])Cl.[Na+],Inactive,0,,,-4.5
1869,14727451,9549656,CN(C)CC/C=C\1/C2=CC=CC=C2SC3=C1C=C(C=C3OC)Cl.OS(=O)(=O)O,Inactive,0,,,-4.5
1870,11533001,3335,C1=CC=C(C=C1)C2=CC=C(C=C2)C(=O)CCC(=O)O,Inactive,0,,,-4.5
1871,24795800,2936351,COC(=O)C1=CN(C=C(C1C2=CC(=CC=C2)Cl)C(=O)OC)CC3=CC=CS3,Inactive,0,,,-4.5
1872,24795718,748233,C1CC(=O)N(C1)C2=CC=C(C=C2)CNC(=O)C3=CC(=CC=C3)Cl,Inactive,0,,,-4.5
1873,24789030,2929395,CN(C)C1=CC=C(C=C1)CNCCC(CC2=CC=CC=C2)C3=CC=CO3,Inactive,0,,,-4.5
1874,11532911,2724368,C1=CC(=C(C=C1N)O)C(=O)[O-].[Na+],Inactive,0,,,-4.5
1875,24806939,23669599,C1=CC=C2C(=C1)C(=CN2)CCNC(=O)OCCSS(=O)(=O)[O-].[Na+],Inactive,0,,,-4.5
1876,24802551,209367,C1CNC2=NC3=CC=CC=C3C(=O)N2C1,Inactive,0,,,-4.6
1877,855981,222786,C[C@]12CCC(=O)C=C1CC[C@@H]3[C@@H]2C(=O)C[C@]4([C@H]3CC[C@@]4(C(=O)CO)O)C,Inactive,0,,,-4.6
1878,855941,5503,CC1=CC=C(C=C1)S(=O)(=O)NC(=O)NN2CCCCCC2,Inactive,0,,,-4.6
1879,7976301,778296,COC1=CC(=C(C=C1)OC)S(=O)(=O)N2CCCC3=CC=CC=C32,Inactive,0,,,-4.6
1880,26664383,232432,CO[C@H]1[C@@H](C[C@@H]2CN3CCC4=C([C@H]3C[C@@H]2[C@@H]1C(=O)OC)NC5=C4C=CC(=C5)OC)OC(=O)C6=CC=C(C=C6)N,Inactive,0,,,-4.7
1881,860201,661507,CC(C)C(CC(=O)N1CCOCC1)C2=CC=C(C=C2)OC,Inactive,0,,,-4.7
1882,26659184,121637,COC1=CC=C(C=C1)C2=CC(=O)C=CC2=O,Inactive,0,,,-4.7
1883,14734447,1243177,COC(=O)C1=CC=C(C=C1)NC(=O)C2=CC=CC=C2SC,Inactive,0,,,-4.7
1884,24781035,2886864,CCC1CCC2=C(C1)SC(=C2C(=O)N)NC(=O)C3=CN=CC=C3,Inactive,0,,,-4.8
1885,11533054,5282367,CC1=C(C(=O)C2=CC=CC=C2C1=O)C/C=C(\C)/CC/C=C(\C)/CC/C=C(\C)/CCC=C(C)C,Inactive,0,,,-4.8
1886,22414050,17848,CC1=CC(=CC=C1)C(=O)C2=CC=CC(=C2)C,Inactive,0,,,-4.8
1887,855918,2343,C1=CC=C(C=C1)CSCC2=NS(=O)(=O)C3=CC(=C(C=C3N2)Cl)S(=O)(=O)N,Inactive,0,,,-4.8
1888,24795500,888720,CC1=CC=C(C=C1)SCC(=O)NC2=NC=CS2,Inactive,0,,,-4.8
1889,11532927,54679406,C[C@@]1(C2CC3[C@@H](C(=O)C(=C([C@]3(C(=O)C2=C(C4=C1C=CC=C4O)O)O)O)C(=O)NCN5CCCC5)N(C)C)O,Inactive,0,,,-4.8
1890,855693,657255,CCCCCCCCN[C@H](C)[C@H](C1=CC=C(C=C1)SC(C)C)O,Inactive,0,,,-4.9
1891,24830251,4360801,CC1=CC2=C(C=C1)N(C3C2CN(CC3)C)C(=O)COC4=CC=C(C=C4)OC,Inactive,0,,,-4.9
1892,855955,5485201,C1CC1CN2CC[C@]34[C@@H]5C(=O)CC[C@]3([C@H]2CC6=C4C(=C(C=C6)O)O5)O.Cl,Inactive,0,,,-4.9
1893,855575,441358,CNCCC=C1C2=CC=CC=C2CCC3=CC=CC=C31.Cl,Inactive,0,,,-4.9
1894,842688,644959,CC(=CCOC1=C(C=C2C=CC(=O)OC2=C1O)OC)C,Inactive,0,,,-4.9
1895,24796084,2985887,CN1C(=NN=N1)NCC2=CC(=C(C=C2)OCC3=C(C=C(C=C3)F)Cl)OC,Inactive,0,,,-4.9
1896,11532965,6284,CC(C)[N+](C)(CCC(C1=CC=CC=C1)(C2=CC=CC=C2)C(=O)N)C(C)C.[I-],Inactive,0,,,-5
1897,24784215,749175,C1=CC=C2C(=C1)N=C(S2)NC(=O)C3=CC=C(C=C3)F,Inactive,0,,,-5.1
1898,24781027,9553742,C1=CC=C(C=C1)S(=O)(=O)OC2=CC=C(C=C2)/C=N/N=C(N)N,Inactive,0,,,-5.1
1899,855917,62935,C1CN(CCN1CCCN2C(=O)N3C=CC=CC3=N2)C4=CC(=CC=C4)Cl.Cl,Inactive,0,,,-5.2
1900,26661101,854333,C1=CC=C(C=C1)C(=O)COC2=CC3=C(C=C2)C=CC(=O)O3,Inactive,0,,,-5.2
1901,17506537,1026135,COC1=C(C=C(C=C1)CC(=O)NC2=CC=CC(=C2)C(=O)NC3=CC=CC=C3C(=O)O)OC,Inactive,0,,,-5.3
1902,24794713,2965337,CC1=CC=C(C=C1)C2(CCOC(C2)C(C)C)CCN(CC3=CC=CO3)C(=O)C,Inactive,0,,,-5.3
1903,24795921,754994,CCOC1=CC=C(C=C1)C(=O)NCC2(CCOCC2)C3=CC=CC=C3,Inactive,0,,,-5.3
1904,24786684,874346,CC(C)CCNC(=O)C1=CC(=CC(=C1)[N+](=O)[O-])C(=O)OC,Inactive,0,,,-5.3
1905,24784951,64658,C[N+]1(C2CCC1CC(C2)OC(=O)C(CO)C3=CC=CC=C3)C.[I-],Inactive,0,,,-5.3
1906,26667401,646406,CC1=C(C2=C(C=C1)C3C=CCC3C(N2)C(=O)O)C,Inactive,0,,,-5.3
1907,24795709,2936160,CC1=CC(=C(C=C1)OCCCCN2C=CN=C2C)C.C(=O)(C(=O)O)O,Inactive,0,,,-5.4
1908,856022,23702,CCC(C(C1=CC(=C(C=C1)O)O)O)NC(C)C.CS(=O)(=O)O,Inactive,0,,,-5.4
1909,855787,657301,CC(C)(C)NCC(C1=CC(=CC(=C1)O)O)O.OS(=O)(=O)O,Inactive,0,,,-5.4
1910,855957,2249,CC(C)NCC(COC1=CC=C(C=C1)CC(=O)N)O,Inactive,0,,,-5.4
1911,24801698,3138784,COC1=C(C=C(C=C1)C2CC3=C(C(NC4=CC=CC=C4N3)C5=CC(=C(C=C5)O)OC)C(=O)C2)OC,Inactive,0,,,-5.5
1912,7975324,2928952,CC1(CC2(CCO1)C(CC(=O)O2)C(=O)NC3=CC(=CC=C3)OC)C,Inactive,0,,,-5.5
1913,8139877,1047,C1=CN=C(C=N1)C(=O)O,Inactive,0,,,-5.5
1914,26658714,1911155,CCN1C2=C(C=C(C=C2)CC(=O)N)C3=CC=CC=C31,Inactive,0,,,-5.5
1915,855898,2435,C1CN=C(N1)NC2=C(C3=NC=CN=C3C=C2)Br,Inactive,0,,,-5.6
1916,24837185,763989,CC1=CC(=C(C(=C1)O)C(=O)CC2=CSC(=N2)C)O,Inactive,0,,,-5.7
1917,24795952,2936614,COC(=O)CN1C(C(=O)N(C1=S)C2=CC=C(C=C2)F)CC(=O)NC3=CC=CC=C3,Inactive,0,,,-5.7
1918,8139878,5386,C1CC(OC1)N2C=C(C(=O)NC2=O)F,Inactive,0,,,-5.7
1919,844896,40146,CC1=CC(=CC(=C1)C(=O)NCC2=CC=NC=C2)C,Inactive,0,,,-5.7
1920,22403141,710873,C1=CC=C2C(=C1)C(=O)N(C2=O)CC(=O)NC3=CC(=CC=C3)[N+](=O)[O-],Inactive,0,,,-5.7
1921,24795706,888795,CC1=CC=CC=C1C(=O)NC2=CC=CC=C2C(=O)NCC(C)C,Inactive,0,,,-5.7
1922,855598,54686764,CN(C)[C@H]1[C@@H]2C[C@@H]3[C@@H](C4=C(C=CC(=C4C(=C3C(=O)[C@@]2(C(=C(C1=O)C(=O)N)O)O)O)O)Cl)O.Cl,Inactive,0,,,-5.8
1923,14736348,2857240,CC(C)(C)NCC(COC1=CC=CC=C1C(=O)CCC2=CC=CC=C2)O.Cl,Inactive,0,,,-5.8
1924,24831819,3852812,CN(C)C1=CC=C(C=C1)C(CN)C2=CNC3=CC=CC=C32,Inactive,0,,,-5.8
1925,855662,5952,CC(=O)OCC(=O)[C@H]1CC[C@@H]2[C@@]1(CC[C@H]3[C@H]2CCC4=CC(=O)CC[C@]34C)C,Inactive,0,,,-5.8
1926,26665695,16682457,CCOC1=C(C=C(C=C1)CC2C3=CC(=C(C=C3CCN2C(=O)CN4CCN(CC4)C)OCC)OCC)OCC.Cl,Inactive,0,,,-5.9
1927,855649,5834,CC(=O)OCC(=O)[C@]1(CC[C@@H]2[C@@]1(C[C@@H]([C@H]3[C@H]2CCC4=CC(=O)C=C[C@]34C)O)C)O,Inactive,0,,,-5.9
1928,855990,6603149,CNCCCC1C2=CC=CC=C2C=CC3=CC=CC=C13.Cl,Inactive,0,,,-5.9
1929,855889,5702162,CC(C1=CC=CC=C1)NCCC(C2=CC=CC=C2)C3=CC=CC=C3.Cl,Inactive,0,,,-5.9
1930,56324513,6365505,C1CN(CCN1C/C=C/C2=CC=CC=C2)C(C3=CC=C(C=C3)F)C4=CC=C(C=C4)F.Cl,Inactive,0,,,-5.9
1931,24795805,888375,COC1=C(C=C(C=C1)C(=O)NCCC2=CCCCC2)[N+](=O)[O-],Inactive,0,,,-5.9
1932,11532890,13356,C(C#N)C(=C(C#N)C#N)N,Inactive,0,,,-6
1933,855736,5074,CC1=C(C(=O)N2C=CSC2=N1)CCN3CCC(=C(C4=CC=C(C=C4)F)C5=CC=C(C=C5)F)CC3,Inactive,0,,,-6
1934,50085441,7204,CC1=C(C=CC(=C1)Cl)OCC(=O)O,Inactive,0,,,-6.1
1935,24822905,4615770,C1=CC2=C(C=C1O)OC(=O)C3C2C4=C(NC(=O)S4)SC3C(=O)O,Inactive,0,,,-6.1
1936,24822541,16195270,C1=CC(=C(C=C1N)C(=O)O)N.Cl,Inactive,0,,,-6.1
1937,8139903,3033877,CCCCCCCC(=O)OCC(CO)O,Inactive,0,,,-6.1
1938,11532883,65340,C1=CC(=C(C=C1CCN)O)O.Cl,Inactive,0,,,-6.2
1939,855762,3278,CCC(=C)C(=O)C1=C(C(=C(C=C1)OCC(=O)O)Cl)Cl,Inactive,0,,,-6.2
1940,24786683,879111,C1=CC=C(C=C1)C2=CC(=NC(=N2)N3C=CC=N3)C4=CC=C(C=C4)F,Inactive,0,,,-6.3
1941,855882,9859122,C1COCCN1[N+]2=CC(=N)O[N-]2.Cl,Inactive,0,,,-6.3
1942,24797514,2938128,CC(=O)N(CCC(C1=CC=CC=C1OC)C2=CC=CO2)CC3=CC=CC=C3,Inactive,0,,,-6.5
1943,7966896,836139,C1=CC(=CC=C1C2=CC(=C(C=C2)O)F)C(=O)O,Inactive,0,,,-6.5
1944,14741205,919386,CC1=CC2=C(C=C1)NC3=C2N=CN(C3=O)CCC4=CN=CN4,Inactive,0,,,-6.6
1945,24820851,2926974,CC1CC(N2C3=C1C=C(C=C3C(=O)C2=O)OC)(C)C,Inactive,0,,,-6.7
1946,49734167,445154,C1=CC(=CC=C1/C=C/C2=CC(=CC(=C2)O)O)O,Inactive,0,,,-6.7
1947,14724325,2772647,CCOC1=CC=C(C=C1)OCCSC2=NC3=CC=CC=C3N2,Inactive,0,,,-6.7
1948,3715872,2999384,CC1=C(SC=C1)C2NC3=CC=CC=C3C(=O)N2,Inactive,0,,,-6.7
1949,857609,658957,CC1(C(CCC1(C)C(=O)O)C(=O)NC2CCCCCC2)C,Inactive,0,,,-6.8
1950,855676,2333,CCC1=C(C2=CC=CC=C2O1)C(=O)C3=CC(=C(C(=C3)Br)O)Br,Inactive,0,,,-6.8
1951,24805351,2881075,CCOC1=CC=C(C=C1)C(=O)NC(C)C2COC3=CC=CC=C3O2,Inactive,0,,,-6.8
1952,11533021,6852403,CC(C)C[C@H]1C(=O)N2CCCC2[C@]3(N1C(=O)[C@](O3)(C(C)C)NC(=O)[C@H]4CN(C5CC6=CNC7=CC=CC(=C67)C5=C4)C)O,Inactive,0,,,-7
1953,24784160,2887352,C1=CC=C(C=C1)C(=O)NC(C(Cl)(Cl)Cl)NC2=CC=CC=N2,Inactive,0,,,-7.2
1954,855776,135449527,C[C@H]1C=CC=C(C(=O)NC2=C(C(=C3C(=C2O)C(=C(C4=C3C(=O)[C@](O4)(OC=C[C@@H]([C@H]([C@H]([C@@H]([C@@H]([C@@H]([C@H]1O)C)O)C)OC(=O)C)C)OC)C)C)O)O)C=NN5CCN(CC5)C)C,Inactive,0,,,-7.2
1955,855650,54686763,CN(C)[C@@H]1C2CC3CC4=C(C=CC(=C4C(=C3C(=O)[C@]2(C(=C(C1=O)C(=O)N)O)O)O)O)N(C)C.Cl,Inactive,0,,,-7.3
1956,856836,658196,C1CCC2=C(NC(=O)C(=C2C1)C#N)C3=CC=CC=C3,Inactive,0,,,-7.4
1957,14734855,62389,C1=CC=C(C=C1)CNC2=NC=NC3=C2NC=N3,Inactive,0,,,-7.5
1958,860967,5775,CC1=CC=C(C=C1)N(CC2=NCCN2)C3=CC(=CC=C3)O,Inactive,0,,,-7.5
1959,855648,5911,C[N+]1(CCN(CC1)C2=CC=CC=C2)C.[I-],Inactive,0,,,-7.6
1960,855892,5284439,C1CCC(CC1)C(CC2CCCCN2)C3CCCCC3.C(=C\C(=O)O)\C(=O)O,Inactive,0,,,-7.7
1961,22400727,54708989,CN1C(=O)C=C(C2=C1C(=CC=C2)OC)O,Inactive,0,,,-7.7
1962,24796072,2935978,CC(C)(C)C1=C(C=CC(=C1)Cl)OCCN(C)C.C(=O)(C(=O)O)O,Inactive,0,,,-7.7
1963,14726270,695590,CC(=C)C1=NC2=CC(=C(C=C2C(=O)O1)OC)OC,Inactive,0,,,-7.9
1964,26666093,276137,COC1=C(C=CC2=C1CN3CCC4=CC5=C(C=C4C3C2)OCO5)O,Inactive,0,,,-8.1
1965,24804953,906403,CC1=C2C(=O)C=CC=C(C2=C(N1C3=CC(=CC=C3)OC)C)OC,Inactive,0,,,-8.1
1966,4264320,1331320,CC1=CC2=C(C=C1)N=C(C=C2C(=O)N3CCOCC3)C4=CC=C(C=C4)OC,Inactive,0,,,-8.2
1967,855839,81423,C1=CC2=C(C=C1N)NN=C2,Inactive,0,,,-8.4
1968,11533039,47812,CCCN1C[C@@H](C[C@H]2[C@H]1CC3=CNC4=CC=CC2=C34)CSC.CS(=O)(=O)O,Inactive,0,,,-8.5
1969,24809821,3015618,COC1=CC(=C(C=C1)O)N.Cl,Inactive,0,,,-8.6
1970,855756,20279,C1[C@@H]([C@H](O[C@H]1N2C=NC3=C(N=C(N=C32)Cl)N)CO)O,Inactive,0,,,-8.7
1971,24795573,888680,COC1=CC=C(C=C1)C2=NOC(=N2)CCC3=CC=CC=C3,Inactive,0,,,-8.8
1972,24795934,2185628,C1CN(CCN1C2=CC=C(C=C2)NC(=S)NC(=O)C3=CC=CS3)C(=O)C4=CC=CC=C4,Inactive,0,,,-8.9
1973,22415595,2921918,C1OC2=C(O1)C=C(C=C2)C(CCNCC3=CC=CC=C3F)CC4=CC=CC=C4.Cl,Inactive,0,,,-8.9
1974,3714055,16124,C(P(=O)(O)O)P(=O)(O)O,Inactive,0,,,-9
1975,24795580,2985531,C1CCN(C1)C(=O)C2=CC3=C(O2)C=CC(=C3)Br,Inactive,0,,,-9.1
1976,11533012,5702223,CN(C)CC/C=C/1\C2=CC=CC=C2SC3=C1C=C(C=C3)Cl.Cl,Inactive,0,,,-9.1
1977,14733797,182073,CN1C2=CC=CC=C2C(=CC1=O)OC,Inactive,0,,,-9.2
1978,855845,444034,CC(C)[C@@]1(C(=O)N2[C@H](C(=O)N3CCC[C@H]3[C@@]2(O1)O)CC4=CC=CC=C4)NC(=O)[C@@H]5C[C@H]6[C@@H](CC7=CNC8=CC=CC6=C78)N(C5)C.CS(=O)(=O)O,Inactive,0,,,-9.2
1979,855768,54675779,C[C@@]1([C@H]2[C@@H]([C@H]3[C@@H](C(=O)C(=C([C@]3(C(=O)C2=C(C4=C1C=CC=C4O)O)O)O)C(=O)N)N(C)C)O)O,Inactive,0,,,-9.4
1980,855891,107838,C1CNCC2=C1C3=CC=CC=C3N2,Inactive,0,,,-9.7
1981,855834,5388990,CN1CC[C@@]23CCCC[C@@H]2[C@@H]1CC4=C3C=C(C=C4)O.C(C(C(=O)O)O)(C(=O)O)O,Inactive,0,,,-10
1982,14742276,3557499,CC1=CC2=C(C=C1)N3CCN(C4C3=C(C2=O)CC4)C(=O)CCl,Inactive,0,,,-11.4
1983,24822492,16195266,C1=CC=C(C=C1)CC2=NC3=C(N2)C=C(C=C3)N.Cl,Inactive,0,,,-12.8
1984,17432803,1328059,CN1C2=CC=CC3=C2C(=C(C1=O)NC4=CC=C(C=C4)N(C)C)C5=CC=CC=C5C3=O,Inactive,0,,,-13.5
1985,22416425,898201,C1OC2=C(O1)C=C(C=C2)/C=C/C(=O)NCC3=CC=C(C=C3)F,Inactive,0,,,-14.5
1986,856021,73453,CC(C)[C@H]1C(=O)N2CCC[C@H]2[C@]3(N1C(=O)[C@](O3)(C(C)C)NC(=O)[C@H]4CN([C@@H]5CC6=CNC7=CC=CC(=C67)C5=C4)C)O,Inactive,0,,,-15.7
1987,855739,26964,C1=CC(=C(C(=C1CNNC(=O)C(CO)N)O)O)O.Cl,Inactive,0,,,-15.8
1988,11532952,6852389,CN1CCC2=C3[C@@H]1CC4=C(C3=CC=C2)C(=C(C=C4)O)O.Cl,Inactive,0,,,-18.2
1989,11533000,6852399,CN1CCC2=C3[C@H]1CC4=C(C3=CC=C2)C(=C(C=C4)O)O.O.Cl,Inactive,0,,,-18.3
1990,11533026,3564,CC1=NCCC2=C1NC3=C2C=CC(=C3)OC,Inactive,0,,,-22.6
1991,24784332,16188405,CCC1=C2C(=CC=C1)C(CC3(N2)CCCC3)C.Cl,Inconclusive,0,,,-46.1
